atr_period,multiplier,ema_filter,tp_atr_mult,session_mode,total_trades,net_profit,gross_profit,gross_loss,profit_factor,win_rate,max_drawdown,romad,sharpe,avg_holding_bars
7,1.5,0,0.0,24h,9815,31707.847446991695,220381.43679547313,188673.58934850138,1.1680566292105874,38.01324503311258,4514.501307895614,7.023554825764789,1.9389843821802057,9.028527763627102
7,1.5,0,0.0,London_NY,5466,20818.314428713613,142577.99760742008,121759.68317871267,1.1709787171353867,38.748627881448954,2790.099047851284,7.461496553230341,1.516337901293254,9.540797658251005
7,1.5,0,2.5,24h,9815,9107.537388397346,196260.89463239076,187153.35724400912,1.0486634999366178,39.86754966887417,5291.102200749605,1.7212930393041843,0.7384352705567578,6.4945491594498215
7,1.5,0,2.5,London_NY,5466,6759.806476704457,127592.1751708979,120832.36869419811,1.0559436726247373,40.340285400658615,3402.156344168293,1.9869182344578555,0.6577387834202616,6.990120746432491
7,1.5,0,4.0,24h,9815,20772.36160714764,209399.5325160385,188627.17090890874,1.1101239100763542,38.11512990320937,4386.814365931385,4.735181358132842,1.4898173535358437,7.682322975038207
7,1.5,0,4.0,London_NY,5466,13665.504108540554,135402.18062220892,121736.67651367359,1.1122546179170614,38.80351262349067,3437.989498465163,3.9748533596863243,1.177595869576121,8.218075375045737
7,1.5,0,6.0,24h,9815,27861.715244843155,216535.30459332545,188673.58934850138,1.1476715174658618,38.01324503311258,3982.17211914003,6.9966125047503045,1.833064966368003,8.374528782475803
7,1.5,0,6.0,London_NY,5466,18528.378515627595,140288.0616943346,121759.68317871267,1.1521717043927169,38.748627881448954,2902.31654227094,6.383996454476989,1.449021358240236,8.905415294548115
7,1.5,100,0.0,24h,5264,22873.942093334077,126501.89176548486,103627.94967215435,1.2207313969416198,37.974924012158056,2649.3910539896224,8.633660198591308,1.7797536488812453,8.999240121580547
7,1.5,100,0.0,London_NY,3026,18123.60654297027,85670.65256696494,67547.04602399416,1.2683108679028374,39.75545274289491,2219.503376116336,8.165613415142792,1.6552409263403423,9.575677461996033
7,1.5,100,2.5,24h,5264,4356.953219170989,107144.39351981056,102787.44030064202,1.0423879922140773,39.798632218844986,3562.2928083124343,1.2230755453353677,0.4772468476977675,6.430281155015198
7,1.5,100,2.5,London_NY,3026,5745.680691965667,72787.33170340476,67041.6510114384,1.08570315028468,41.209517514871116,2049.612109375221,2.803301495772833,0.7524209104463583,6.946133509583609
7,1.5,100,4.0,24h,5264,12923.176799667683,116518.14261648996,103594.96581682513,1.1247471505759785,38.12689969604863,2580.142061941666,5.008707462387728,1.2326527093325117,7.555281155015198
7,1.5,100,4.0,London_NY,3026,11345.367058455698,78869.40641741149,67524.03935895508,1.1680196736771757,39.85459352280238,1958.5759905136292,5.79266115453627,1.2905126862197265,8.141440846001322
7,1.5,100,6.0,24h,5264,17823.315175086278,121451.26484723725,103627.94967215435,1.1719933206385937,37.974924012158056,2279.552099609018,7.818779477838334,1.5635122255259644,8.277545592705167
7,1.5,100,6.0,London_NY,3026,15046.920315989235,82593.96633998399,67547.04602399416,1.2227620777175785,39.75545274289491,1989.5103515627525,7.563127431918079,1.5530941144066412,8.872769332452082
7,1.5,200,0.0,24h,5041,25928.01736188871,122836.98812081419,96908.9707589284,1.267550229445575,38.444753025193414,2352.1358607702714,11.023180163325204,2.0438445577896736,9.00238048006348
7,1.5,200,0.0,London_NY,2875,19334.365931921075,82089.21750488349,62754.85157296184,1.308093564836857,40.03478260869565,2451.8791294645125,7.885529796137902,1.7934423363843968,9.534608695652175
7,1.5,200,2.5,24h,5041,6705.128916715505,102922.27973632839,96217.1508196147,1.0696874607031783,40.11108906962904,2760.7115652905086,2.428768365741941,0.7542492222089097,6.414997024399921
7,1.5,200,2.5,London_NY,2875,6859.422781809339,69220.07708565927,62360.654303849136,1.1099960040250372,41.356521739130436,2451.000034877441,2.7986220661773,0.9236230821128909,6.9151304347826095
7,1.5,200,4.0,24h,5041,15434.126283484591,112327.89074707036,96893.76446358798,1.1592891593068655,38.58361436222972,2286.457156808341,6.750236380999609,1.504268440852696,7.5334259075580245
7,1.5,200,4.0,London_NY,2875,12254.870779856292,75004.49324776871,62749.62246791161,1.1952979204954404,40.10434782608696,2330.776660156451,5.257848591565052,1.4255242003369364,8.097739130434784
7,1.5,200,6.0,24h,5041,20427.956675504716,117336.92743443038,96908.9707589284,1.2107953114714092,38.444753025193414,2634.029527065075,7.755401549452727,1.8249490149962926,8.25510811346955
7,1.5,200,6.0,London_NY,2875,16227.660086496928,78982.51165945943,62754.85157296184,1.2585881358930557,40.03478260869565,2473.5985770091465,6.560345012050402,1.6984718488370534,8.822260869565218
7,1.5,400,0.0,24h,4969,22396.042801341744,116237.93669433548,93841.89389299613,1.2386571910715762,38.49869188971624,2044.0871791296595,10.956500794099021,1.9479322286634604,8.948480579593479
7,1.5,400,0.0,London_NY,2796,15848.386415319444,75851.34092843281,60002.954513112476,1.2641267674887071,40.128755364806864,2028.1010881697875,7.814396682574364,1.6856262236152892,9.445278969957082
7,1.5,400,2.5,24h,4969,6070.013051062547,99259.37661481612,93189.36356375503,1.0651363290715932,40.06842423022741,2286.2415492439604,2.655018256084903,0.7083500926615692,6.432078889112497
7,1.5,400,2.5,London_NY,2796,5859.9976562512575,65493.74862235015,59633.750966097956,1.0982664608768888,41.48783977110158,2095.469566127438,2.7965081196960107,0.8267576897320599,6.944921316165951
7,1.5,400,4.0,24h,4969,14701.803560967863,108529.8406703404,93828.03710937448,1.156688810870339,38.619440531294025,1948.2071847096468,7.54632447531958,1.491494792544979,7.54336888710002
7,1.5,400,4.0,London_NY,2796,11346.464767021444,71344.19017508467,59997.72540806225,1.1891149154380731,40.2002861230329,1798.3394391743168,6.309412183181068,1.385739266297887,8.089771101573676
7,1.5,400,6.0,24h,4969,18691.872269115152,112533.76616210908,93841.89389299613,1.1991847296946765,38.49869188971624,1851.2331333703514,10.096984508420485,1.7666971096218487,8.262427047695713
7,1.5,400,6.0,London_NY,2796,14104.223556083947,74107.17806919731,60002.954513112476,1.2350588178620876,40.128755364806864,1878.74785156273,7.507246671953423,1.5916806876614484,8.804363376251787
7,2.0,0,0.0,24h,6838,28735.26004115875,194304.45661969474,165569.1965785483,1.1735543847222454,37.13073998245101,3432.1912283756865,8.372278270391698,1.6710559737758321,14.274787949692893
7,2.0,0,0.0,London_NY,3848,14476.203923690522,122732.99327915676,108256.7893554691,1.1337209796251575,37.188149688149686,2905.368945312781,4.982569923535845,1.0421206248612904,15.17879417879418
7,2.0,0,2.5,24h,6839,5128.567163089056,165876.930503626,160748.3633405457,1.0319043196241782,42.009065652873225,5940.820340400167,0.8632759230594071,0.4242763955960037,9.2057318321392
7,2.0,0,2.5,London_NY,3849,4.735044644585287,105542.62642996667,105537.89138532394,1.0000448658257293,41.56923876331515,4233.8160574765625,0.001118386954063249,0.0004735416467698315,10.107300597557808
7,2.0,0,4.0,24h,6839,14270.358806504295,179193.02059151596,164922.66178502145,1.0865275799701564,37.98800994297412,5350.709186662552,2.667003252966039,1.0427013163289542,11.230735487644392
7,2.0,0,4.0,London_NY,3849,6670.999693082035,114587.83835100419,107916.83865792448,1.0618161148532665,37.905949597298,3857.2775669640587,1.7294580380256557,0.5865500902702463,12.203689269940245
7,2.0,0,6.0,24h,6838,23022.588532369424,188550.23391113002,165527.64537877153,1.1390860631145732,37.203860778005264,3994.00470493825,5.7642867831136835,1.5032943096898252,12.585112606025154
7,2.0,0,6.0,London_NY,3848,12384.976245118996,120623.66496581995,108238.68872070349,1.114422822296696,37.24012474012474,3192.203016880335,3.8797583297889817,0.9814250246478363,13.567047817047818
7,2.0,100,0.0,24h,3892,20044.07821568263,116666.76774553569,96622.6895298545,1.2074469083111992,37.538540596094556,2929.955817522022,6.841085485253048,1.4885155835510315,14.425231243576567
7,2.0,100,0.0,London_NY,2348,9360.618945313561,75874.97683454305,66514.35788922884,1.140730802226237,37.52129471890971,2701.2077776229416,3.4653457697174597,0.8677784304287314,15.149488926746168
7,2.0,100,2.5,24h,3893,4504.40089285883,98247.65815778499,93743.25726492699,1.0480503987623147,42.486514256357566,3775.18799176875,1.1931593612503597,0.4836822408615435,9.211661957359363
7,2.0,100,2.5,London_NY,2349,551.9839285724129,65224.082226563056,64672.09829799007,1.0085351170458334,42.230736483610045,2586.1448102677805,0.2134389096777833,0.07120162766917551,9.952745849297573
7,2.0,100,4.0,24h,3893,10659.266877094327,106818.47364676354,96159.20676967037,1.1108501955785186,38.47932185974827,3492.606295340155,3.0519520311567754,1.0091674255785568,11.195222193680966
7,2.0,100,4.0,London_NY,2349,5426.532268416145,71660.88888462671,66234.35661620984,1.0819292667076168,38.39931885908897,2685.5922607420616,2.0206091400176764,0.6105493349462443,12.010642826734781
7,2.0,100,6.0,24h,3892,15428.050296458254,112022.43243233813,96594.3821358813,1.1597199542593883,37.61562178828366,2635.865691266483,5.853124591126406,1.3153435514618879,12.640801644398767
7,2.0,100,6.0,London_NY,2348,7903.213724191866,74410.42132045259,66507.2075962601,1.1188324395179827,37.56388415672913,2251.960452706323,3.509481578459371,0.8148563937534684,13.488500851788757
7,2.0,200,0.0,24h,3608,18231.05492815456,108694.93468191974,90463.87975376596,1.201528554576445,36.83481152993348,2497.3586286271093,7.300134918218313,1.3930066487332673,14.246674057649667
7,2.0,200,0.0,London_NY,2132,8777.903707450758,70048.24236886227,61270.33866141082,1.143265141000109,37.00750469043152,2737.6206961497082,3.2063987972462105,0.8263246207930108,14.98921200750469
7,2.0,200,2.5,24h,3609,1439.8457101020313,89373.61186174724,87933.7661516453,1.016374207237057,41.590468273760045,4974.104666572221,0.28946831774134435,0.16084923903514048,9.03158769742311
7,2.0,200,2.5,London_NY,2133,-1638.276736885232,58160.732523019564,59799.00925990417,0.972603614053802,41.16268166901078,2834.235358538028,-0.5780312957955255,-0.22117701203735826,9.780590717299578
7,2.0,200,4.0,24h,3609,8460.15707659193,98547.40423060856,90087.24715401705,1.0939107070518834,37.73898586866168,3121.8369977676184,2.709993213175982,0.82720901785385,10.986422831809366
7,2.0,200,4.0,London_NY,2133,4014.023678153785,65084.64896414676,61070.62528599228,1.0657275680305696,37.83403656821378,2321.7172014510197,1.7289029325557448,0.46808463381539417,11.808251289263948
7,2.0,200,6.0,24h,3608,13456.994869560769,103895.00281808051,90438.0079485204,1.148798001800528,36.890243902439025,2320.7778599329413,5.798484681316983,1.1849144401295046,12.426552106430155
7,2.0,200,6.0,London_NY,2132,6877.949745397133,68141.13811383987,61263.18836844206,1.1122688832979641,37.05440900562852,1970.8811941965869,3.4897840446444928,0.7347878324001382,13.310975609756097
7,2.0,400,0.0,24h,3517,16876.545256698075,102015.24493582615,85138.69967912833,1.1982241368531859,36.849587716804095,2646.6056501113853,6.3766754431238395,1.4210495702637498,14.174011941996017
7,2.0,400,0.0,London_NY,2031,8344.97622419178,64008.18442034106,55663.20819614861,1.149919066734099,37.37075332348597,2553.812109375034,3.267654732138439,0.9176658754376417,14.996061053668145
7,2.0,400,2.5,24h,3518,3941.759640068558,86549.58241838797,82607.82277831918,1.0477165419387293,41.84195565662308,3725.201799663546,1.0581331836639216,0.45860386274890047,9.053155201819214
7,2.0,400,2.5,London_NY,2032,1304.394709124772,55526.554129464836,54222.15942033951,1.024056487662423,41.830708661417326,3000.0385672433567,0.4347926467903178,0.1865584905320174,9.836122047244094
7,2.0,400,4.0,24h,3518,9643.193704661153,94410.00523507292,84766.81153041188,1.113761430099342,37.86242183058556,3042.9036934986525,3.169076210089862,0.9823846622152937,11.040932347924956
7,2.0,400,4.0,London_NY,2032,6414.272900391484,61866.81737932532,55452.544478933225,1.1156713900266366,38.28740157480315,2491.688085937534,2.5742679979055323,0.7884733666095225,11.88238188976378
7,2.0,400,6.0,24h,3517,14195.536607144471,99297.41413923015,85101.87753208593,1.1668063856968618,36.93488768837077,2676.4277936660774,5.303911669404658,1.307624533158485,12.460904179698606
7,2.0,400,6.0,London_NY,2031,8478.647314454043,64123.75487583765,55645.10756138299,1.1523700408899693,37.46922698178237,1863.9216238839617,4.548821799055367,0.9670947254356449,13.394387001477106
7,2.5,0,0.0,24h,5080,33757.883091520634,180670.48603515356,146912.60294364096,1.229782077337932,37.73622047244095,2964.6811314172155,11.386682612771665,1.8328470266935168,20.31003937007874
7,2.5,0,0.0,London_NY,2837,14687.58288923146,108373.56160365492,93685.978714425,1.1567746112147776,38.103630595699684,3161.249428013074,4.646132240967452,1.1082443129133062,21.820585125132183
7,2.5,0,2.5,24h,5081,6384.319485911863,144006.69201660148,137622.37253069395,1.0463901280620898,45.66030308994292,4367.150509207391,1.4618959141553778,0.5473194171099914,11.833890966345209
7,2.5,0,2.5,London_NY,2838,3231.9997174956825,91066.56295340446,87834.5632359091,1.0367964454814302,45.27836504580691,3129.6940080912955,1.0326887258434507,0.341227093590331,13.300211416490487
7,2.5,0,4.0,24h,5081,13224.379823523504,158708.17277134405,145483.7929478261,1.0908993335653583,39.441054910450696,3694.138364955059,3.5798279644797186,0.9765884919630397,14.897854753001377
7,2.5,0,4.0,London_NY,2838,7526.64126674231,100294.18443080367,92767.54316406221,1.0811344249295292,39.464411557434815,3027.3472307475313,2.4862167082445263,0.6845668651417779,16.448555320648346
7,2.5,0,6.0,24h,5080,23368.510620119705,169963.03564104196,146594.52502092888,1.1594091635876362,37.95275590551181,2965.452643693976,7.88025081763243,1.5341935170475263,17.05531496062992
7,2.5,0,6.0,London_NY,2837,13752.68194057065,107168.86105259485,93416.1791120254,1.147219486723784,38.31512160733169,2313.2569405690847,5.945159700758253,1.1161751710824896,18.759605216778287
7,2.5,100,0.0,24h,3085,22135.155046737134,114550.6787458145,92415.52369907872,1.2395177147814662,37.92544570502431,2276.490206473063,9.723369326956536,1.5730434763932761,20.465478119935167
7,2.5,100,0.0,London_NY,1892,8694.392721122513,72111.00664411332,63416.6139229902,1.1370996050290725,38.31923890063425,2282.9112862724796,3.808467185476424,0.8101634033671435,21.566596194503173
7,2.5,100,2.5,24h,3086,3066.8671456487164,89489.34243164115,86422.47528599268,1.03548691628537,45.657809462086846,3143.7321149552454,0.9755497712604487,0.3320537261554014,11.859364873622813
7,2.5,100,2.5,London_NY,1893,395.7602329807355,59856.59081333756,59460.83058035635,1.0066558140732054,44.95509772847332,2377.0881312778383,0.16648950780297272,0.05153764346372921,13.164817749603804
7,2.5,100,4.0,24h,3086,8583.48701869553,100080.97433384508,91497.48731515014,1.0938111774493908,39.7602073882048,2194.254677036696,3.9118007169010047,0.8006352727105096,14.85904082955282
7,2.5,100,4.0,London_NY,1893,4085.4384905141815,66877.11737234984,62791.6788818351,1.0650633740531599,39.67247754886424,2145.126325334959,1.9045211660792263,0.4592498372062894,16.22662440570523
7,2.5,100,6.0,24h,3085,13566.52633231168,105825.26216517866,92258.73583286778,1.1470486909433428,38.11993517017828,2016.1141148155984,6.72904684939053,1.1422943776332033,17.136790923824957
7,2.5,100,6.0,London_NY,1892,6676.03064313699,69969.44261300286,63293.411969865214,1.1054774965570855,38.424947145877375,2184.846958705508,3.055605618753474,0.6877123110686201,18.629492600422832
7,2.5,200,0.0,24h,2770,19736.972429549438,102207.98653738847,82471.01410783964,1.2393201131701936,37.90613718411552,2027.6090611050167,9.734111376871182,1.501059657338248,20.25812274368231
7,2.5,200,0.0,London_NY,1663,7644.101070731758,63514.44043666354,55870.33936593112,1.1368185902839474,38.12387251954299,2783.962611607283,2.745762834192137,0.7640031468080087,21.27841250751654
7,2.5,200,2.5,24h,2771,3096.161335101692,80145.72026367248,77049.55892857064,1.0401840241288358,45.94009382894262,2599.9125767294736,1.1908713249875764,0.3559514061385324,11.70010826416456
7,2.5,200,2.5,London_NY,1664,854.0531773165708,53142.12940499491,52288.07622767786,1.0163336125352602,45.13221153846154,2680.6682617188762,0.3185971160672234,0.11820159172201532,12.96875
7,2.5,200,4.0,24h,2771,8461.700013952091,90087.33934151827,81625.63932756617,1.1036647318619464,39.7690364489354,2077.4667585099087,4.073085636287804,0.8322484369777107,14.690003608805485
7,2.5,200,4.0,London_NY,1664,4204.622286552024,59455.59818638442,55250.97589983182,1.0761004166546386,39.60336538461539,2475.5711495536925,1.6984453415164629,0.49962343531462255,16.025841346153847
7,2.5,200,6.0,24h,2770,13039.761125838351,95357.33761160739,82317.57648576933,1.158407981411993,38.08664259927798,2026.0374930246617,6.436090729185547,1.158694669908447,16.934296028880865
7,2.5,200,6.0,London_NY,1663,6512.100774275274,62259.23818708201,55747.13741280612,1.1168149805801497,38.24413710162357,2666.8926478795984,2.4418308623907063,0.7087296371613342,18.40168370414913
7,2.5,400,0.0,24h,2657,20190.971508790455,96956.6002022882,76765.62869349794,1.2630209880701522,38.389160707564926,1836.2817452568124,10.995573833342581,1.638676221473964,20.331200602182914
7,2.5,400,0.0,London_NY,1556,9706.371923828834,60304.67913295258,50598.30720912321,1.1918319497075833,39.01028277634961,2295.9236467635346,4.22765449430842,1.0244040678208428,21.323264781491
7,2.5,400,2.5,24h,2658,6871.09407784719,78188.14662039679,71317.05254254917,1.0963457382615216,46.76448457486832,1719.9153076170805,3.995018852042778,0.81719968509172,11.572987208427389
7,2.5,400,2.5,London_NY,1557,4243.83056989466,51308.21032366116,47064.37975376612,1.0901707531704046,46.435452793834294,1870.1535505023385,2.2692417789730324,0.6084449060640903,12.707771355170198
7,2.5,400,4.0,24h,2658,11453.852169365022,87377.69303152946,75923.84086216424,1.1508597568207737,40.331075996990215,2174.032400948505,5.268482734833134,1.1652233333873776,14.680963130173062
7,2.5,400,4.0,London_NY,1557,7609.010013253992,57602.041280692385,49993.031267437946,1.1522014132839837,40.59087989723828,1987.532184709955,3.8283707161020852,0.9291399851591116,15.925497752087347
7,2.5,400,6.0,24h,2657,15549.04131557049,92139.62384905168,76590.58253348121,1.2030150548701375,38.57734286789612,1834.7101771764574,8.474930541618196,1.4366682371349875,17.00639819345126
7,2.5,400,6.0,London_NY,1556,9885.691992188227,60325.988699777314,50440.296707588604,1.1959879825746829,39.203084832904885,2178.85368303585,4.537106859977055,1.1023115900538016,18.442159383033417
7,3.0,0,0.0,24h,4004,30548.706741771013,165647.50710449077,135098.80036272504,1.226121228758108,37.68731268731269,2858.673918805711,10.68632086395274,1.639098216436286,26.933316683316683
7,3.0,0,0.0,London_NY,2274,11803.532739258802,97854.99558454257,86051.46284528423,1.137168298469027,37.95074758135444,4161.689355468407,2.836235896307136,0.8666637736811356,28.240105540897098
7,3.0,0,2.5,24h,4005,201.47788783656688,124772.41659109957,124570.9387032657,1.0016173747258483,47.31585518102372,6199.406455773629,0.03249954479899064,0.01735597334994741,14.659176029962547
7,3.0,0,2.5,London_NY,2275,-838.6031668517107,78736.17185058635,79574.77501743814,0.9894614447019422,46.1978021978022,6615.594301059472,-0.12676157706910934,-0.08971634879777395,16.427252747252748
7,3.0,0,4.0,24h,4004,7381.704875838832,140015.34222237696,132633.6373465418,1.055654847620204,40.684315684315685,2871.2604352673425,2.570893529952995,0.5524584007454588,18.644855144855146
7,3.0,0,4.0,London_NY,2274,3312.5929722386945,87821.56563546348,84508.97266322502,1.039198121428353,40.36939313984169,3590.2221121648254,0.9226707620719525,0.3081608481639313,20.463060686015833
7,3.0,0,6.0,24h,4004,16812.51917201637,151264.87269112657,134452.3535191145,1.1250444394015158,38.36163836163836,2760.8028948100273,6.089720929959127,1.1087091281280446,21.67182817182817
7,3.0,0,6.0,London_NY,2274,8069.7412353525615,93727.22772042431,85657.48648507215,1.0942094096674027,38.43447669305189,3661.89443359341,2.203706682891385,0.6635350003222973,23.688654353562008
7,3.0,100,0.0,24h,2590,27649.86326381276,117012.13091517842,89362.26765136684,1.309413178408624,38.88030888030888,2453.7844587051404,11.26825266405166,1.7945330685620586,27.357915057915058
7,3.0,100,0.0,London_NY,1625,10114.452601842208,71960.54140625052,61846.08880440774,1.1635423160521985,38.4,3534.387590680675,2.8617270580373164,0.8652853009714401,28.18892307692308
7,3.0,100,2.5,24h,2591,2493.9279192254503,84783.07644043012,82289.14852120477,1.0303068869230394,47.81937475878039,4776.706281388757,0.522102003412355,0.2636404038011011,14.769972983404092
7,3.0,100,2.5,London_NY,1626,-1245.3406005852707,55938.502085658896,57183.84268624377,0.9782221595806737,46.1869618696187,4876.3257568353565,-0.25538503018171477,-0.15934609364469166,16.3450184501845
7,3.0,100,4.0,24h,2590,8002.2177385614195,95700.79880371116,87698.58106515028,1.0912468325184888,41.737451737451735,2848.8037039619103,2.8089747733171344,0.7348239411305705,18.70888030888031
7,3.0,100,4.0,London_NY,1625,1621.7242431647333,62440.82404087657,60819.09979771134,1.0266647196120824,40.49230769230769,3063.9903599328063,0.5292850344347356,0.1821741371954491,20.275076923076924
7,3.0,100,6.0,24h,2590,15338.25830078245,104272.19406389535,88933.93576311339,1.172468003008855,39.536679536679536,2836.251353236461,5.407933356569362,1.2416306472242578,21.915830115830115
7,3.0,100,6.0,London_NY,1625,5065.689958845548,66671.50899135094,61605.81903250483,1.0822274590030745,38.83076923076923,3170.355106026527,1.5978304604478468,0.5093611571475558,23.588923076923077
7,3.0,200,0.0,24h,2243,24684.4925327858,101545.73807547454,76861.24554268902,1.3211565511135994,38.87650468123049,1991.1395054407203,12.397168789698698,1.711466820046603,27.423539901917074
7,3.0,200,0.0,London_NY,1388,8895.096379743894,61644.1024518699,52749.00607212547,1.168630596898487,38.544668587896254,2742.390938894965,3.2435551961559996,0.815445170135374,28.282420749279538
7,3.0,200,2.5,24h,2244,1117.444517300089,72001.2091273722,70883.76461007168,1.0157644634627905,47.549019607843135,3765.395783341549,0.29676681591979376,0.12815901294538157,14.798573975044562
7,3.0,200,2.5,London_NY,1389,-599.1638985764303,48076.57699497802,48675.7408935541,0.9876907081930945,46.220302375809936,3314.494084820961,-0.18077084563836093,-0.08252631657160182,16.41972642188625
7,3.0,200,4.0,24h,2243,8004.090834264389,83398.60083007845,75394.50999581398,1.1061627807476813,41.68524297815426,2078.349727957526,3.851176116605898,0.7865026458459314,18.671868033883193
7,3.0,200,4.0,London_NY,1388,2710.8647251679918,54566.17009974927,51855.30537458086,1.0522774806856554,40.48991354466859,1943.4602050779831,1.3948650546509214,0.3238266184326842,20.34942363112392
7,3.0,200,6.0,24h,2243,13609.862841797949,90115.71718052492,76505.85433872693,1.1778930901358322,39.45608559964334,1966.6431082588424,6.9203521394623415,1.184986370088265,21.949621043245653
7,3.0,200,6.0,London_NY,1388,5091.848873466001,57663.88323800269,52572.034364536186,1.0968547048828177,38.8328530259366,2473.4528250557014,2.058599550347735,0.5464694618213681,23.798270893371757
7,3.0,400,0.0,24h,2125,23425.16052246205,94239.19344656839,70814.0329241062,1.3307982832663652,39.529411764705884,2134.09380580343,10.97663113906237,1.752066693034276,27.349176470588237
7,3.0,400,0.0,London_NY,1274,10183.287639509457,57457.68350306965,47274.39586355972,1.2154080967824585,39.0894819466248,2492.091570172872,4.086241357015249,0.9947884215661079,28.339089481946626
7,3.0,400,2.5,24h,2126,2918.083035715206,68105.18929966571,65187.10626395,1.0447647273051217,48.54186265286924,2898.9315813331013,1.0066063837123391,0.3499943525816949,14.529633113828787
7,3.0,400,2.5,London_NY,1275,1311.6720145094405,44881.58921944784,43569.91720493819,1.0301049921288576,47.21568627450981,2409.173294502876,0.5444490097504999,0.18952459088665094,16.171764705882353
7,3.0,400,4.0,24h,2125,9141.112234933977,78554.85351562533,69413.74128069109,1.131690239803816,42.35294117647059,2508.145668247649,3.644569911013399,0.9416386951664514,18.494117647058825
7,3.0,400,4.0,London_NY,1274,4443.710961914588,50874.826946149886,46431.11598423496,1.0957054524259922,41.13029827315542,2040.7769252231337,2.17746041078386,0.5551650695607957,20.263736263736266
7,3.0,400,6.0,24h,2125,14650.387224470884,85109.02894461535,70458.64172014417,1.2079288908614119,40.141176470588235,2257.566183035604,6.489460789482349,1.343037905562886,21.710588235294118
7,3.0,400,6.0,London_NY,1274,7162.102859933573,54259.527015904416,47097.42415597045,1.1520699483737273,39.403453689167975,2298.123988560179,3.1164997604941127,0.7989396551100129,23.70879120879121
7,3.5,0,0.0,24h,3293,28674.246997072405,153305.8256103492,124631.5786132837,1.2300720837857484,37.443061038566654,2901.2983398437427,9.883246615243552,1.5121194527232498,33.5150318858184
7,3.5,0,0.0,London_NY,1876,14595.321020508743,92351.79169921901,77756.47067871009,1.1877055490444883,39.285714285714285,3059.4402343747133,4.770585434721436,1.050612703960945,35.50159914712153
7,3.5,0,2.5,24h,3294,1780.6526994992491,113468.07950613878,111687.42680664154,1.0159431795539526,49.848208864602306,5867.861275807496,0.3034585542846201,0.15633436109988053,17.530054644808743
7,3.5,0,2.5,London_NY,1877,1840.978170341275,72186.8741908488,70345.89602050673,1.0261703706184282,49.33404368673415,3718.2066964275255,0.49512529040144476,0.20096364134863903,19.74001065530101
7,3.5,0,4.0,24h,3293,6340.605726843025,127584.33287527904,121243.72714843939,1.0522963610239136,41.876708168843,5156.288260322264,1.2296841073906022,0.4789561532346189,22.404190707561497
7,3.5,0,4.0,London_NY,1876,3783.0741420209642,79744.25104631727,75961.176904296,1.0498027320823056,42.3773987206823,3699.369956751998,1.0226266056781348,0.3598511214220752,24.927505330490405
7,3.5,0,6.0,24h,3293,14084.94968610651,137726.38201032314,123641.43232422102,1.1139177169119783,38.71849377467355,2776.5348074776703,5.072851832497615,0.9469290370996543,26.330397813543883
7,3.5,0,6.0,London_NY,1876,8275.813487026548,85693.93799874482,77418.12451171788,1.1068976229949141,39.76545842217484,2776.269259207529,2.98091168915973,0.7029609092046649,29.026652452025587
7,3.5,100,0.0,24h,2254,28115.561425782667,113254.43134765598,85138.86992187436,1.3302317901515628,39.57409050576752,2627.296728515619,10.701327003009482,1.7531382238233466,34.310115350488026
7,3.5,100,0.0,London_NY,1442,12089.328808594442,71069.4945800788,58980.16577148333,1.2049727845024236,40.01386962552011,2503.003027343235,4.829929758984923,0.9867442725362652,35.66088765603329
7,3.5,100,2.5,24h,2255,3848.4825439463316,80154.81020507876,76306.32766113189,1.0504346449620476,50.95343680709534,4331.410909597268,0.8885055295536856,0.41188926184629804,17.721064301552108
7,3.5,100,2.5,London_NY,1443,719.157449777465,54288.388577706966,53569.23112792882,1.0134248230679421,49.272349272349274,3912.9763776499885,0.1837878331914103,0.09197250510134702,19.742203742203742
7,3.5,100,4.0,24h,2254,6750.168969727585,89709.49023437538,82959.32126464769,1.0813672154837675,43.47826086956522,3992.1419363827936,1.6908639715961074,0.6228072483341673,22.760425909494234
7,3.5,100,4.0,London_NY,1442,1693.3466657372855,59504.61622140115,57811.26955566307,1.029290944114411,42.71844660194175,3261.6422328395693,0.5191699594418934,0.1896835585961558,25.00901525658807
7,3.5,100,6.0,24h,2254,14342.236928014509,98857.45938895125,84515.22246093684,1.1697000434997782,40.683229813664596,2714.4962402341807,5.2835722206700115,1.1519799064856653,26.71517302573203
7,3.5,100,6.0,London_NY,1442,5915.224804688182,64702.14213867244,58786.917333983336,1.1006214490051114,40.42995839112344,2401.04978376034,2.4635993991862226,0.5872013941993017,29.154646324549237
7,3.5,200,0.0,24h,1885,26668.372558594798,97262.58308105488,70594.21052245967,1.3777699667044314,39.62864721485411,2185.547851562478,12.202145352035743,1.8037673842901545,34.25464190981432
7,3.5,200,0.0,London_NY,1186,11867.098120117751,60823.65368652399,48956.5555664054,1.2424005934000377,39.62900505902192,2889.6754638665952,4.10672349490718,1.0236397532950139,35.38279932546374
7,3.5,200,2.5,24h,1886,3486.456902205084,67069.18153599388,63582.72463378797,1.0548333988876155,50.90137857900318,4250.810044642111,0.8201864740108893,0.40866531161351366,17.448568398727467
7,3.5,200,2.5,London_NY,1187,781.8819440574703,45332.95635811979,44551.07441406179,1.0175502376618601,48.77843302443134,3867.2490059983293,0.20218039822228298,0.10834213126486057,19.395956192080874
7,3.5,200,4.0,24h,1885,8637.279680525398,77395.79498814212,68758.51530761598,1.1256176001166425,43.6604774535809,4099.161080495705,2.107084720730444,0.8578944510656071,22.39416445623342
7,3.5,200,4.0,London_NY,1186,2512.80482003403,50515.61629464324,48002.81147460857,1.0523470343266006,42.41146711635751,3648.656780133205,0.6886931195381695,0.3023109912321206,24.56829679595278
7,3.5,200,6.0,24h,1885,14734.513044085734,84810.42652064774,70075.91347656127,1.2102650156535573,40.795755968169765,2984.8787946416887,4.936385715405405,1.2770277895904811,26.5236074270557
7,3.5,200,6.0,London_NY,1186,5962.683098493858,54815.39091099374,48852.70781249915,1.1220543008870638,39.96627318718381,3311.747063336192,1.8004645235458179,0.6363124414413364,28.903035413153454
7,3.5,400,0.0,24h,1762,24508.008129883812,89702.87912597685,65194.87099609246,1.3759192671974656,39.500567536889896,2133.897460937478,11.485091752776531,1.7501423203207742,34.029511918274686
7,3.5,400,0.0,London_NY,1069,14636.891625977072,58019.107617188,43382.2159912102,1.3373938212133614,39.943872778297475,1846.991601562353,7.924720184756586,1.2838589880894373,35.71749298409729
7,3.5,400,2.5,24h,1763,3499.3711948947566,62210.91382184767,58711.542626952105,1.0596027806172674,51.16279069767442,2541.5764787936414,1.3768506374263159,0.4261686706465029,17.171866137266026
7,3.5,400,2.5,London_NY,1070,2491.730730329714,41889.91647251701,39398.18574218689,1.0632448089522564,49.7196261682243,2119.1306849885787,1.175826836910317,0.36178318590796926,19.122429906542056
7,3.5,400,4.0,24h,1762,8760.220131139182,72091.102992467,63330.88286132694,1.1383246172380377,43.98410896708286,2775.833499580551,3.1558881800594007,0.9074365791429515,22.175368898978434
7,3.5,400,4.0,London_NY,1069,4619.297457450252,47066.27152971574,42446.97407226493,1.1088251296685265,43.124415341440596,1868.4259835379034,2.4722935230773855,0.5786351475916386,24.498596819457436
7,3.5,400,6.0,24h,1762,14208.635745676065,78839.91240583186,64631.27666015499,1.2198414835651306,40.862656072644725,2396.715004185109,5.92837935293314,1.2922735672297738,26.259364358683314
7,3.5,400,6.0,London_NY,1069,8320.692808315214,51585.11143624481,43264.41862792895,1.1923218448830495,40.411599625818525,1936.9658830914232,4.295735346166902,0.9175069235753809,28.850327408793266
7,4.0,0,0.0,24h,2733,24354.843031530334,142562.68615025046,118207.84311872252,1.2060340700664596,36.077570435418956,2856.2163225445074,8.526960244325409,1.2718776688762634,40.72155140870838
7,4.0,0,0.0,London_NY,1610,18299.209437779842,92097.27864467101,73798.06920689106,1.2479632547902924,39.192546583850934,2798.3487165177103,6.539288448850485,1.2261623185972408,43.44534161490684
7,4.0,0,2.5,24h,2734,2946.046881976611,104527.23594447579,101581.18906249982,1.0290018940432304,52.30431602048281,7311.957128905005,0.40290811749026123,0.25728173916838715,20.712874908558888
7,4.0,0,2.5,London_NY,1611,3678.4088936948865,68075.58829520135,64397.17940150603,1.0571206523000183,51.64494103041589,4850.706947544064,0.7583242882890054,0.39882454355379493,23.364990689013034
7,4.0,0,4.0,24h,2733,3828.060281809251,116885.34540318101,113057.28512137296,1.0338594746698404,42.55396999634102,4518.358171734076,0.847223734000729,0.28794813663776475,26.662275887303327
7,4.0,0,4.0,London_NY,1610,5362.3063616078725,76331.01611328158,70968.70975167338,1.0755587410334986,43.7888198757764,3485.9420061382625,1.5382660847959007,0.5017922571378824,29.62608695652174
7,4.0,0,6.0,24h,2733,6369.259709822597,123266.38297293526,116897.12326311419,1.0544860261059208,37.76070252469813,5304.618847654765,1.2007007275628336,0.4325326822743798,31.599707281375775
7,4.0,0,6.0,London_NY,1610,5725.592320034187,79038.37207728831,73312.77975725377,1.0780981479490013,40.0,4514.765509904433,1.2681926242843526,0.48670683629605865,35.12360248447205
7,4.0,100,0.0,24h,1990,25945.798932757585,110850.85379115518,84905.0548583979,1.3055860334349811,37.336683417085425,2912.891169084747,8.907232514598187,1.552738330876658,41.29698492462312
7,4.0,100,0.0,London_NY,1301,16056.449909319794,74475.2709891187,58418.82107979841,1.2748506322540751,39.27747886241353,2541.1575020924247,6.318557545566809,1.1926547829833998,43.165257494235206
7,4.0,100,2.5,24h,1991,6047.626998466226,78518.59165736652,72470.96465889995,1.0834489650707841,52.7373179306881,5720.0296177446735,1.057271972806798,0.6299034939932894,20.858362631843296
7,4.0,100,2.5,London_NY,1302,3028.3256696434114,53959.313351004836,50930.987681361046,1.059459394123473,51.30568356374808,4698.461781528375,0.6445355544976509,0.3761001190086336,23.263440860215052
7,4.0,100,4.0,24h,1990,5892.131155832355,87224.45392717668,81332.32277134429,1.0724451356491733,43.21608040201005,3943.214362443211,1.4942457128254112,0.5269974134160557,26.94673366834171
7,4.0,100,4.0,London_NY,1301,3717.4008370541787,60071.35984584302,56353.959008788406,1.0659652117160905,43.42813220599539,3632.86271623808,1.0232703868599913,0.3986522352556034,29.508070714834744
7,4.0,100,6.0,24h,1990,8535.561244420498,92574.22743094331,84038.6661865229,1.1015670718223423,38.84422110552764,5412.44888741531,1.577023898418118,0.6835360648240497,31.969346733668345
7,4.0,100,6.0,London_NY,1301,4139.965272740549,62286.33173479396,58146.36646205286,1.0711990365802633,39.96925441967717,4933.449815149965,0.83916233626767,0.40433843864829394,34.95849346656418
7,4.0,200,0.0,24h,1622,26768.779806083323,95502.38824637301,68733.6084402894,1.3894569252731481,37.36128236744759,2394.541155133871,11.179085291013411,1.687790055097117,41.29901356350185
7,4.0,200,0.0,London_NY,1058,16111.498043387754,63877.26362653497,47765.76558314673,1.3373022047630048,39.130434782608695,2731.542654854473,5.898314644567071,1.2605117776215171,42.98960302457467
7,4.0,200,2.5,24h,1623,5467.486708287511,64223.266570173466,58755.77986188549,1.0930544487902323,53.11152187307455,5511.038424245994,0.9920973666656222,0.6329228739390906,20.446087492298215
7,4.0,200,2.5,London_NY,1059,2024.639149693512,43994.37827148462,41969.739121790866,1.0482404511454908,51.08593012275732,5491.689090401276,0.36867330185030056,0.2766547131597669,22.763928234183194
7,4.0,200,4.0,24h,1622,7114.15142299179,72844.22818080388,65730.07675781175,1.1082328178195326,43.34155363748459,3965.8830950047595,1.7938379050941875,0.6981572864367362,26.488286066584465
7,4.0,200,4.0,London_NY,1058,4000.2767299111865,50049.4937848775,46049.217054965986,1.0868695927041852,43.10018903591683,3913.1860316679704,1.0222557009910653,0.46674315902378827,29.005671077504726
7,4.0,200,6.0,24h,1622,8718.949222238432,76783.00588378942,68064.05666155055,1.1280991708383465,38.77928483353884,5309.537656946744,1.642129651501949,0.765039361578745,31.771270036991368
7,4.0,200,6.0,London_NY,1058,4169.4965262281585,51750.33843122239,47580.84190499384,1.087629734138667,39.69754253308128,5485.992979212589,0.7600258589515387,0.44347927335961845,34.783553875236294
7,4.0,400,0.0,24h,1494,21052.04055175845,84710.00956682504,63657.969015066206,1.3307055012511688,36.88085676037483,1835.2575648715792,11.470891582038814,1.4379712789181218,40.670682730923694
7,4.0,400,0.0,London_NY,935,16330.561453683427,58661.456706892,42330.89525320825,1.3857835123968012,39.46524064171123,2044.3163643971166,7.988275072336676,1.319426068140062,43.09411764705882
7,4.0,400,2.5,24h,1495,5125.399902344363,58821.02176339328,53695.62186104849,1.0954528455896853,53.17725752508361,3917.6150146478085,1.3082959614920544,0.617056793123106,20.03010033444816
7,4.0,400,2.5,London_NY,936,3399.533335658841,39989.23519461513,36589.70185895614,1.0929095664338375,51.282051282051285,3932.365073939309,0.8645009483448862,0.4911024613320152,22.573717948717952
7,4.0,400,4.0,24h,1494,4680.910006278553,65475.09369070908,60794.18368443009,1.0769960170955928,42.904953145917,2836.125983537222,1.650459123977459,0.4819945196309811,26.030789825970547
7,4.0,400,4.0,London_NY,935,4366.295880999278,45079.29209333166,40712.9962123322,1.107245751656983,43.101604278074866,2829.7860386434586,1.5429773917085232,0.5353425801167384,28.842780748663102
7,4.0,400,6.0,24h,1494,6075.217693220507,69165.87252720461,63090.6548339836,1.0962934638926685,38.28647925033467,4011.565087889874,1.5144258064166511,0.5635610134821056,31.188755020080322
7,4.0,400,6.0,London_NY,935,4697.914882115353,46863.63562709285,42165.720744977225,1.1114155005325088,40.0,3420.6064139224945,1.3734157963903648,0.5238122850097878,34.47165775401069
10,1.5,0,0.0,24h,9821,28383.741735844764,215844.60898436402,187460.86724855192,1.1514115567286822,38.397311882700336,2983.7257812493335,9.512851990024378,1.8169946116379911,8.89471540576316
10,1.5,0,0.0,London_NY,5535,21084.048156741024,142929.0061523411,121844.95799560854,1.17303997230228,39.25925925925926,2321.3649658199965,9.082608063438796,1.5968666041706077,9.527913279132791
10,1.5,0,2.5,24h,9821,9030.773901371587,195334.1810424695,186303.40714112952,1.048473476894059,39.93483352000815,5302.733679195388,1.7030411949222906,0.7393092077768872,6.4733733835658285
10,1.5,0,2.5,London_NY,5535,6370.650878908639,127482.02669677489,121111.37581787395,1.0526015895359082,40.7226738934056,3120.6445678689133,2.04145353319079,0.6295994460119545,6.9508581752484195
10,1.5,0,4.0,24h,9821,18518.803869633346,205976.76558836855,187457.96171876675,1.0987891028996921,38.42785867019652,3712.5148559565814,4.9882100377108705,1.3546366887473356,7.641482537419814
10,1.5,0,4.0,London_NY,5535,13255.000793459469,135098.08400878712,121843.0832153351,1.1087874702745848,39.2773261065944,2999.6667846677146,4.418824404500575,1.1609206785701556,8.18825654923216
10,1.5,0,6.0,24h,9821,26094.888769536155,213555.75601805554,187460.86724855192,1.1392017926328313,38.397311882700336,2988.542993163569,8.731642418807233,1.7490075964869998,8.332450870583443
10,1.5,0,6.0,London_NY,5535,18818.64093017846,140663.59892577885,121844.95799560854,1.1544474325383949,39.25925925925926,2667.2001098629707,7.055578942348379,1.5009575276636768,8.918337850045168
10,1.5,100,0.0,24h,5262,20796.78010254154,122742.36228027292,101945.58217773426,1.2039988360288245,37.9323451159255,2342.3368896482807,8.878646019900378,1.7200214672162022,8.752375522614976
10,1.5,100,0.0,London_NY,3073,17640.19871826312,84880.71875000097,67240.52003173626,1.262344769343528,39.5379108363163,1981.5520263673316,8.902213256848931,1.7120222626760084,9.439635535307517
10,1.5,100,2.5,24h,5262,4278.214489748392,105446.98068847616,101168.76619873033,1.042287898236714,39.737742303306725,5099.601416013367,0.8389311518179204,0.47720439008032833,6.326111744583808
10,1.5,100,2.5,London_NY,3073,4545.114855958323,71319.53209228656,66774.41723632615,1.0680667094386533,41.0999023755288,1935.0438964837867,2.3488432816523472,0.6129188040850421,6.817767653758541
10,1.5,100,4.0,24h,5262,11994.969677736643,113937.64632568356,101942.67664794912,1.1176638682850961,37.98935765868491,2873.6220825188757,4.1741639412871026,1.165996047469512,7.410110224249335
10,1.5,100,4.0,London_NY,3073,10787.736804200504,78026.38205566509,67238.64525146282,1.1604395324126133,39.57045232671656,1671.7439331053138,6.452983971152785,1.248223463410376,7.981451350471851
10,1.5,100,6.0,24h,5262,17353.015698244635,119298.59787597605,101945.58217773426,1.170218417782814,37.9323451159255,2327.911425780321,7.454328161316475,1.552702250212406,8.125427594070695
10,1.5,100,6.0,London_NY,3073,14613.0324584975,81853.55249023535,67240.52003173626,1.2173247983745814,39.5379108363163,1846.7959228516993,7.912640632178259,1.5417720480484964,8.753335502766026
10,1.5,200,0.0,24h,5034,23597.945458986826,119224.35104980439,95626.40559081937,1.2467722729217645,38.45848232022249,2156.610131836089,10.94214717376667,1.9726330882714853,8.766189908621374
10,1.5,200,0.0,London_NY,2906,20035.279028321696,82722.23142089932,62686.95239257628,1.3196084394540726,40.295939435650375,1908.9184570313737,10.495618057713823,1.9452384000492806,9.46627666896077
10,1.5,200,2.5,24h,5034,7149.412988283437,102163.08126220695,95013.66827392476,1.07524615266585,40.107270560190706,3169.800256344881,2.255477446559196,0.8123983173935818,6.345450933651172
10,1.5,200,2.5,London_NY,2906,6550.633154298075,68902.39575195451,62351.76259765445,1.10505930997605,41.63799036476256,2224.032373047119,2.945385702872272,0.8946257107908311,6.829662766689608
10,1.5,200,4.0,24h,5034,15486.16250000225,111109.6625610351,95623.50006103422,1.1619493376640306,38.51807707588399,1885.27949218713,8.214252880901288,1.525365232000296,7.435637663885578
10,1.5,200,4.0,London_NY,2906,13315.580053712181,76000.65766601669,62685.07761230285,1.2124202531273642,40.330350997935305,1506.5412109377212,8.838510328850628,1.5495323581585865,8.007570543702684
10,1.5,200,6.0,24h,5034,20466.447290041448,116092.85288085917,95626.40559081937,1.2140250610026555,38.45848232022249,2094.7921142576524,9.770156738103962,1.8528023432029497,8.143027413587605
10,1.5,200,6.0,London_NY,2906,17365.1395629896,80052.09195556732,62686.95239257628,1.2770136192654904,40.295939435650375,1774.1623535157414,9.787796211873305,1.8265655053597405,8.783551273227804
10,1.5,400,0.0,24h,4953,23390.517260744586,115576.10484619121,92185.58758544794,1.2537329085098288,38.824954572986066,2387.0373535154686,9.798974124261859,2.046838589230532,8.841712093680599
10,1.5,400,0.0,London_NY,2832,19591.248913575582,79071.47302246191,59480.224108884955,1.3293741610272527,40.96045197740113,1874.494189453253,10.451485538768141,2.019949117777524,9.537782485875706
10,1.5,400,2.5,24h,4953,8251.000964357658,99883.76058349617,91632.75961913928,1.090044226526094,40.35937815465375,2723.1144775355087,3.0299868156204117,0.9651910675499983,6.440339188370684
10,1.5,400,2.5,London_NY,2832,7639.1214111340105,66805.46796875137,59166.34655761547,1.1291126097112827,42.266949152542374,1834.2758056641978,4.164652549820803,1.0768440754699045,6.965395480225989
10,1.5,400,4.0,24h,4953,16430.05125732645,108612.73331298833,92182.68205566276,1.1782335997492956,38.885523924894,2103.0147705076633,7.812618098426513,1.6717995323038337,7.55279628507975
10,1.5,400,4.0,London_NY,2832,14047.958874512942,73526.30820312616,59478.349328611526,1.2361860917978937,40.99576271186441,1739.9734863281737,8.073662607444685,1.695156873428528,8.146539548022599
10,1.5,400,6.0,24h,4953,21306.35795898675,113491.9455444334,92185.58758544794,1.2311246097904007,38.824954572986066,2331.9379882810936,9.136760096563282,1.9903482283846463,8.266505148394913
10,1.5,400,6.0,London_NY,2832,17655.00678711071,77135.2308959971,59480.224108884955,1.2968214570744176,40.96045197740113,1739.9734863281737,10.146710237733373,1.936235455026925,8.91843220338983
10,2.0,0,0.0,24h,6792,38101.782910159935,199207.43205565706,161105.64914551636,1.2365018428107746,39.060659599528854,3148.637158202986,12.101039591334072,2.2087814695566212,14.36675500588928
10,2.0,0,0.0,London_NY,3890,20190.921752931652,126931.83405761603,106740.91230468769,1.189158227309264,39.383033419023135,2835.991723632702,7.119527742157347,1.4522669457979551,15.453470437017994
10,2.0,0,2.5,24h,6793,9494.650866702352,166634.0507446225,157139.39987793725,1.0604218348425698,43.41233622847049,5612.013940428053,1.691843777918013,0.8025705941396825,9.152804357426763
10,2.0,0,2.5,London_NY,3891,4119.033117677536,108218.41907958906,104099.38596191417,1.039568274871303,43.87047031611411,3641.549536132634,1.1311209903386334,0.41878003171991657,10.02698535080956
10,2.0,0,4.0,24h,6793,21315.470507815597,182140.81955565827,160825.34904786,1.1325380024603893,39.540703665538054,5061.330664062141,4.211436067428985,1.560799614362545,11.238775209774769
10,2.0,0,4.0,London_NY,3891,11326.411840822077,117924.77663574167,106598.36479492209,1.106253148091059,39.80981752762786,3643.4782958982332,3.108681024276489,0.9966061897801723,12.264456437933694
10,2.0,0,6.0,24h,6793,29575.76982422202,190677.42883300173,161101.6590087976,1.1835845143133443,39.0843515383483,4105.239770507344,7.204395230870259,1.960072384735904,12.663035477697631
10,2.0,0,6.0,London_NY,3891,18083.030737306595,124823.94304199143,106740.91230468769,1.1694104945036112,39.39861218195836,2850.557397460835,6.343682380650974,1.4310026451036022,13.764584939604216
10,2.0,100,0.0,24h,3858,27489.285083009727,121312.73942871032,93823.45434570232,1.2929894798130204,39.087610160705026,1460.8693847655486,18.817072470460058,1.9670125074453046,14.413685847589425
10,2.0,100,0.0,London_NY,2362,15292.41669921988,79892.333691407,64599.91699218597,1.2367250208861846,39.66977138018628,3364.742138672078,4.5449000455218105,1.3725845708978388,15.394157493649448
10,2.0,100,2.5,24h,3859,4345.524682618861,95886.39655761741,91540.87187499918,1.0474708684067606,43.715988598082404,2880.066491697875,1.5088279021145308,0.48354926253053365,9.05338170510495
10,2.0,100,2.5,London_NY,2363,2744.730334473663,65796.31168213012,63051.581347654865,1.0435315066777044,44.477359289039356,3434.740673828228,0.7991084611970118,0.3617661934649932,9.873042742276768
10,2.0,100,4.0,24h,3859,13931.490747072039,107545.9472167971,93614.45646972577,1.1488177282915344,39.69940399067116,1882.178491210765,7.401790431740727,1.3214989158656656,11.102876392847888
10,2.0,100,4.0,London_NY,2363,9076.36589355572,73581.54543457118,64505.17954101412,1.1407075518297884,40.160812526449426,2564.333105468795,3.5394644612274098,1.0217179057048458,12.103258569614896
10,2.0,100,6.0,24h,3859,18893.614038087653,112713.07824707025,93819.46420898357,1.2013826682702111,39.12930811090956,1495.5202392575375,12.633472648599883,1.6348118765232975,12.537704068411506
10,2.0,100,6.0,London_NY,2363,13124.169238282358,77724.0862304695,64599.91699218597,1.20316077557609,39.69530258146424,2889.4633300783244,4.542078489685005,1.342462996575996,13.605586119339822
10,2.0,200,0.0,24h,3566,26183.26389160325,112790.77707519504,86607.51318359259,1.3023209295491325,38.44643858665171,2082.650097656442,12.572089724081193,1.9493837010961776,14.223219293325855
10,2.0,200,0.0,London_NY,2137,14815.283398438525,73558.79987793052,58743.516479490834,1.2522028691219422,39.16705662143191,3152.852392578312,4.699009517005334,1.3732719304810548,15.192325690219935
10,2.0,200,2.5,24h,3567,4205.812268067945,88643.51114502027,84437.698876952,1.0498096504761132,43.20156994673395,3594.223803709735,1.1701587040091845,0.4843845998905833,8.90636389122512
10,2.0,200,2.5,London_NY,2138,2872.7162963876463,60204.24935302843,57331.533056639426,1.0501070901688774,43.91955098222638,3365.1435791017357,0.8536682696773569,0.392015195682362,9.725912067352667
10,2.0,200,4.0,24h,3567,13424.481030275008,99849.24628906303,86424.7652587879,1.155331414439799,39.02439024390244,1911.1485839841844,7.024300016636541,1.3092996805744466,10.936921783010934
10,2.0,200,4.0,London_NY,2138,8776.954760743116,67448.80405273529,58671.849291990846,1.1495939682600487,39.56969130028064,2134.1660156250546,4.112592317787668,1.0165620383638638,11.95977549111319
10,2.0,200,6.0,24h,3567,18627.959301759365,105235.47248535178,86607.51318359259,1.2150847959607294,38.4636949817774,1693.2645019530646,11.001210549369747,1.6539858760530302,12.335015419119708
10,2.0,200,6.0,London_NY,2138,13169.526293946314,71913.0427734384,58743.516479490834,1.2241868904553144,39.1955098222638,2677.5735839845584,4.918455415275065,1.3794328522035515,13.423292797006548
10,2.0,400,0.0,24h,3491,24108.768041993808,106956.6640380859,82847.89599609238,1.2910003658165397,38.699513033514755,1934.8400146483727,12.460341867787557,1.9512643499643012,14.12317387568032
10,2.0,400,0.0,London_NY,2061,13657.831396485315,68909.60200195402,55251.77060546752,1.2471926464404557,39.39835031538088,2121.8843261720504,6.43665219070848,1.4375891045551579,15.087821445900047
10,2.0,400,2.5,24h,3492,5985.094311524945,86757.65190429766,80772.55759277212,1.0740981156211538,43.327605956471935,3825.1160400370245,1.564683070756466,0.7089512002537943,8.871420389461626
10,2.0,400,2.5,London_NY,2062,4401.45344238369,58315.68217773541,53914.228735350465,1.081638067456931,44.034917555771095,2852.9242431642033,1.542786652302411,0.6224816292063408,9.672647914645975
10,2.0,400,4.0,24h,3492,14053.058789064025,96733.49589843811,82680.43710937366,1.1699683659203977,39.3184421534937,2478.2297851560907,5.670603619259986,1.4166347983763556,10.937857961053838
10,2.0,400,4.0,London_NY,2062,9852.971264649315,65022.484936524306,55169.51367187378,1.1785944919371967,39.86420950533463,1922.7934082031898,5.124300521633632,1.1861341291383833,11.907856450048497
10,2.0,400,6.0,24h,3492,18804.226269532766,101652.12226562535,82847.89599609238,1.2269728886104712,38.71706758304696,2129.297412109241,8.831188241996529,1.7227382291600186,12.356242840778924
10,2.0,400,6.0,London_NY,2062,13807.234448243116,69059.00505371184,55251.77060546752,1.2498966874172535,39.42774005819592,1643.7150390625793,8.40001710765965,1.4983084945798708,13.412221144519883
10,2.5,0,0.0,24h,4994,32567.617333987793,175980.49608153853,143412.87874756462,1.2270899072551178,37.90548658390068,2780.489526367004,11.71290775424741,1.89085711014635,20.446335602723266
10,2.5,0,0.0,London_NY,2861,15044.150732423339,109134.48593749948,94090.33520507817,1.159890499907682,38.657811953862286,3263.74643554676,4.609472895495652,1.1123732626363185,22.00978678783642
10,2.5,0,2.5,24h,4995,7713.374755861632,142936.14788817978,135222.77313232876,1.057041980260993,46.446446446446444,4249.333361816151,1.8151964317915883,0.6689115978337665,11.8008008008008
10,2.5,0,2.5,London_NY,2862,2066.680310059892,91003.00816650431,88936.32785644493,1.0232377517699547,46.22641509433962,2575.459887694572,0.8024509797005166,0.21847779205756973,13.258211041229908
10,2.5,0,4.0,24h,4995,14055.00152588139,156592.27956542667,142537.27803955655,1.0986057943520544,39.51951951951952,3646.3156982418623,3.8545761500185693,1.0500868459614865,14.882482482482484
10,2.5,0,4.0,London_NY,2862,7494.865856934897,101037.84896240251,93542.98310546875,1.0801221599751996,40.14675052410902,2775.12438964831,2.700731500502115,0.6768303428409927,16.50104821802935
10,2.5,0,6.0,24h,4995,23185.324035647143,166570.07707519166,143384.7530395568,1.1617000660400658,37.997997997998,3197.8781005857018,7.250221336266907,1.542777116206737,17.193793793793795
10,2.5,0,6.0,London_NY,2862,13483.766247560006,107553.27587890605,94069.5096313477,1.1433383282255893,38.78406708595388,3195.0238281248785,4.220239651694075,1.0857797103710058,18.964011180992312
10,2.5,100,0.0,24h,2999,22250.212426759383,110416.76309814429,88166.550671386,1.2523656903590252,38.21273757919307,1907.6436035152146,11.663715583853776,1.6132921358816947,20.657552517505835
10,2.5,100,0.0,London_NY,1882,9043.502941895405,71065.07772216883,62021.57478027207,1.145812210894931,38.735387885228484,2033.8771728512947,4.446435144958783,0.8434083335498599,21.88416578108395
10,2.5,100,2.5,24h,3000,4305.01220703261,87149.97668457103,82844.96447753809,1.0519646816699422,46.833333333333336,2971.763208007481,1.4486390421123259,0.47997400951283997,11.854666666666667
10,2.5,100,2.5,London_NY,1883,581.264147950078,59193.09918212996,58611.835034178504,1.0099171805082114,46.202867764206054,2036.2653808592013,0.2854559888970925,0.076593523037234,13.18534253850239
10,2.5,100,4.0,24h,3000,8926.862548829515,96440.88784179739,87514.02529296798,1.1020049359967756,39.96666666666667,2648.8018066402656,3.370151185509922,0.8508754845307013,14.899333333333333
10,2.5,100,4.0,London_NY,1883,4975.772570801646,66561.64506836027,61585.87249755727,1.0807940582639364,40.254912373871484,2129.308276366937,2.336802343759916,0.5559494869812702,16.455124800849706
10,2.5,100,6.0,24h,3000,14616.113952638176,102768.21419677755,88152.1002441399,1.1658056236000944,38.3,1933.7741455077266,7.558335592908968,1.2436536621238317,17.258333333333333
10,2.5,100,6.0,London_NY,1883,8043.10148925867,70057.52597656334,62014.424487303324,1.1296972689137306,38.821030270844396,1961.724768065691,4.100015262176338,0.8161491482539799,18.894317578332448
10,2.5,200,0.0,24h,2692,22047.077526857145,101197.69736328132,79150.6198364246,1.2785458606947107,38.670133729569095,2527.491333007456,8.72290924955354,1.6755686127383205,20.53640416047548
10,2.5,200,0.0,London_NY,1660,9573.17083740311,64818.48116455159,55245.310327147265,1.1732847689824655,39.096385542168676,2389.024169921613,4.007146917110185,0.9239328824052975,21.678915662650603
10,2.5,200,2.5,24h,2693,4096.906909180893,78520.93492431744,74424.02801513537,1.055048174876384,47.08503527664315,2527.9869873031885,1.6206202523025646,0.4811360468952674,11.710731526178982
10,2.5,200,2.5,London_NY,1661,807.5912841804393,52991.5088623056,52183.91757812398,1.0154758653942104,46.47802528597231,1888.605053711024,0.42761258241555516,0.11191671452350277,12.964479229379892
10,2.5,200,4.0,24h,2693,9449.627917481703,88002.2217529305,78552.59383544805,1.1202968286098551,40.363906424062385,3024.3186035153085,3.124547759782304,0.9408096824021823,14.695506869662086
10,2.5,200,4.0,London_NY,1661,5212.095739746846,60033.479980469536,54821.38424072152,1.095074135976969,40.638169777242624,2525.2296874997737,2.0640085793175253,0.6084036776108471,16.173991571342565
10,2.5,200,6.0,24h,2693,15385.008959962252,94528.47850341836,79143.46954345585,1.1943939158683832,38.73004084663943,2386.184448241871,6.447535508538684,1.3586829015709374,17.045302636464907
10,2.5,200,6.0,London_NY,1661,8744.858068848423,63983.01810302812,55238.160034178516,1.1583119000241633,39.19325707405178,2138.3481445310426,4.0895389701690705,0.9155987947464196,18.617700180614086
10,2.5,400,0.0,24h,2601,23773.177160645944,97625.65549316433,73852.47833251797,1.321900871811079,38.48519800076893,1973.1682128905231,12.048226301912834,1.8708182639730495,20.469434832756633
10,2.5,400,0.0,London_NY,1563,11507.35655517651,61921.78251953198,50414.42596435437,1.2282552332007888,39.219449776071656,1994.4334472654155,5.769737050366029,1.1652578715973518,21.70057581573896
10,2.5,400,2.5,24h,2602,7057.224987794148,76610.27033691522,69553.0453491195,1.1014653629093045,47.156033820138354,2053.909326171546,3.4359963693960633,0.8541474124490823,11.598385857033051
10,2.5,400,2.5,London_NY,1564,3420.949670410864,51182.60819091882,47761.65852050686,1.0716254371473124,46.73913043478261,1998.9656127919225,1.711359939620412,0.4901165122800148,12.85997442455243
10,2.5,400,4.0,24h,2602,12271.7310913098,85540.60961914138,73268.87852783049,1.1674889985746075,40.35357417371253,2975.446923827836,4.124332043376708,1.2583085809033785,14.68139892390469
10,2.5,400,4.0,London_NY,1564,8000.483728028048,58008.3074951179,50007.82376708878,1.1599846409092172,40.92071611253197,2459.5829833982534,3.252780565660881,0.9635714896114644,16.218670076726344
10,2.5,400,6.0,24h,2602,19059.494519044245,92893.8722167974,73834.37769775235,1.2581384866148233,38.585703305149885,2189.7279296872366,8.704046863834153,1.7146705554937833,17.103766333589547
10,2.5,400,6.0,London_NY,1564,12398.468896485134,62794.794226074926,50396.32532958875,1.2460193042925447,39.38618925831202,1978.8027099607498,6.2656417610884825,1.3194780648319104,18.813299232736576
10,3.0,0,0.0,24h,3971,35818.33762207249,169147.9539062473,133329.61628418235,1.268645021416103,37.84940820951901,3011.553173828055,11.893642766580465,1.8853549275242192,27.150843616217575
10,3.0,0,0.0,London_NY,2308,17387.049121094926,104476.24360351558,87089.19448242107,1.1996464569965002,38.64818024263432,2640.256396484321,6.585363885207115,1.2314293606894535,28.83838821490468
10,3.0,0,2.5,24h,3972,5292.546459962686,127413.76547851368,122121.21901855586,1.0433384673236323,48.992950654582074,4201.110620115697,1.2597969771662263,0.4617997070546171,14.164904330312185
10,3.0,0,2.5,London_NY,2309,2218.8626953135054,81880.44531250071,79661.58261718659,1.027853610516086,48.722390645301,2217.8548828122475,1.00045440867618,0.23875202962060874,15.60892161108705
10,3.0,0,4.0,24h,3972,14700.701733400263,145438.08164062383,130737.37990722881,1.1124445184982799,41.06243705941591,3802.2314941400336,3.866335270763197,1.0856003883898617,18.354733131923464
10,3.0,0,4.0,London_NY,2309,7982.250146485416,93508.42670898487,85526.17656249914,1.0933310767219042,41.01342572542226,2790.466796874818,2.8605429584129554,0.7254026148340341,20.16803811173668
10,3.0,0,6.0,24h,3972,21097.767529298668,153877.49782714635,132779.73029785414,1.1588929837556174,38.4944612286002,2966.1783691405362,7.112777757667973,1.3934662386734005,21.732880161127895
10,3.0,0,6.0,London_NY,2309,13026.564233399458,99738.92055664094,86712.35632324134,1.1502273122972222,39.15114768297965,2750.536914062446,4.736007783352989,1.0526978986637998,23.75140753572975
10,3.0,100,0.0,24h,2563,28503.792651368538,116177.2751220701,87673.4824707022,1.3251130427138331,38.275458447132266,2390.7223144530017,11.922669763464445,1.8637269375830134,27.547795552087397
10,3.0,100,0.0,London_NY,1651,14407.767675782008,77138.32739257874,62730.559716795746,1.2296770145337217,38.46153846153846,2209.9767578124174,6.519420453110909,1.1725212906240945,28.938219261053906
10,3.0,100,2.5,24h,2564,4380.527734376131,84523.62556152417,80143.09782714746,1.0546588271871475,49.41497659906396,2609.839001463223,1.6784666532763743,0.47402795232907313,14.136505460218409
10,3.0,100,2.5,London_NY,1652,139.31098632886005,57656.99343261811,57517.682446288134,1.0024220549299787,48.062953995157386,1998.4831787099683,0.06970836072725217,0.017986369030209996,15.455811138014528
10,3.0,100,4.0,24h,2564,11042.870019532378,97116.57590332083,86073.70588378818,1.128295510297211,41.57566302652106,2319.4473876944985,4.760991811290383,1.004689372384986,18.306162246489862
10,3.0,100,4.0,London_NY,1652,4189.191967774189,65920.47231445386,61731.2803466786,1.0678617379106516,40.79903147699758,2435.4412109372897,1.7200957054356327,0.45766494985694095,19.970338983050848
10,3.0,100,6.0,24h,2564,16301.292260743357,103706.34389648472,87405.05163574126,1.1865028617416618,38.76755070202808,2110.5705566405813,7.723642410083795,1.3275171414728621,21.78276131045242
10,3.0,100,6.0,London_NY,1652,8297.228833008525,70866.17685546943,62568.94802245981,1.1326093708660603,38.80145278450363,1867.09765625,4.443917973563963,0.8106150396586435,23.550242130750608
10,3.0,200,0.0,24h,2229,26816.657128907398,102775.32121582051,75958.66408691279,1.3530427693965732,38.04396590399282,2553.348095703008,10.502546509046987,1.8346478730181308,27.481830417227457
10,3.0,200,0.0,London_NY,1409,14163.461083985016,67525.78583984432,53362.324755858484,1.2654206155520027,38.11213626685593,2100.1458984374312,6.744036733125559,1.210890249401982,28.87154009936125
10,3.0,200,2.5,24h,2230,3430.279602051769,72645.31234130975,69215.03273925663,1.049559748313282,49.28251121076233,3421.0940551745816,1.0026849734994259,0.4025288264975601,14.145291479820628
10,3.0,200,2.5,London_NY,1410,850.099731445946,49474.22736816482,48624.12763671801,1.0174830844842728,48.01418439716312,2158.3780029292247,0.3938604499731929,0.1187894818962371,15.475886524822696
10,3.0,200,4.0,24h,2230,9836.138916016604,84277.99558105538,74441.85666503778,1.1321318322335348,41.52466367713004,3231.9651367181186,3.043392641915889,0.962246226518859,18.22645739910314
10,3.0,200,4.0,London_NY,1410,4076.931396485029,56451.505175781844,52374.57377929601,1.0778418057140824,40.638297872340424,2357.9043212886572,1.7290486978949502,0.47933250081904216,19.902836879432627
10,3.0,200,6.0,24h,2230,15464.145385743208,91164.98876953179,75700.84338378778,1.2042796974842664,38.56502242152467,2947.777929686812,5.246034726702158,1.3323845022576952,21.632286995515695
10,3.0,200,6.0,London_NY,1410,8638.151489258425,61838.8645507818,53200.71306152256,1.1623690922952457,38.51063829787234,2060.394458007446,4.192474628189477,0.8928305822353392,23.47730496453901
10,3.0,400,0.0,24h,2103,23065.221240235423,92622.8764892583,69557.65524902203,1.3315986020181518,38.46885401806942,1729.9602783202572,13.3328039546845,1.7438392913697502,27.20684736091298
10,3.0,400,0.0,London_NY,1296,13745.012670899017,61711.389697266124,47966.37702636642,1.2865551564035005,38.81172839506173,1506.9651611327154,9.120989008510012,1.2743672410768134,28.727623456790123
10,3.0,400,2.5,24h,2104,4327.557885743143,67860.00441894651,63532.446533201946,1.068115712866228,49.38212927756654,2582.7352661119457,1.6755716091095376,0.5343869395011833,14.029467680608365
10,3.0,400,2.5,London_NY,1297,2060.1429565435524,45901.4130981452,43841.27014160092,1.0469909505333745,48.342328450269854,1436.4465942381903,1.4341939093364868,0.30175178761304167,15.33461835003855
10,3.0,400,4.0,24h,2104,11117.335717774371,79354.24338378981,68236.90766601425,1.162922619122622,41.872623574144484,1808.1306152340621,6.148524682955625,1.13804003062378,18.11787072243346
10,3.0,400,4.0,London_NY,1297,6698.633984375599,53794.09606933646,47095.46208496019,1.1422352321820717,41.24903623747109,1625.922070312381,4.119898552756972,0.8145117936104727,19.763299922898998
10,3.0,400,6.0,24h,2104,15075.444116211931,84570.26191406311,69494.81779785018,1.2169290400913793,38.830798479087456,2394.5314697259055,6.295780325634046,1.3715550320321512,21.66302281368821
10,3.0,400,6.0,London_NY,1297,10256.040356445897,58196.147314453614,47940.10695800705,1.2139344487785626,39.01310717039321,1380.5096923826586,7.429169395214259,1.0994240366368293,23.64148033924441
10,3.5,0,0.0,24h,3227,29467.030895997865,154332.75462646302,124865.72373046985,1.2359897497538999,36.504493337465135,2402.424584960914,12.265538356733588,1.5198496268902264,34.4387976448714
10,3.5,0,0.0,London_NY,1920,15616.823730469694,95997.55413818386,80380.73040771388,1.1942856658711236,38.020833333333336,3450.567871093577,4.525870614311466,1.083646273650517,36.41875
10,3.5,0,2.5,24h,3228,295.5160400404611,111254.31337890553,110958.79733886724,1.0026632952692862,51.08426270136307,4493.521569822188,0.06576490964794787,0.026186675040055236,17.10192069392813
10,3.5,0,2.5,London_NY,1921,564.7843383797567,72269.73880615341,71704.95446777245,1.0078765036889439,50.54659031754294,4372.898608397269,0.12915559882756084,0.062736480363692,18.864133263925037
10,3.5,0,4.0,24h,3227,6192.443310548297,127079.92246093728,120887.47915039133,1.051224852681742,42.02045243259994,3796.9427001941494,1.630902491689342,0.4691668089859605,22.586612953207315
10,3.5,0,4.0,London_NY,1920,4076.677734375883,82003.6378295905,77926.9600952139,1.0523140865420078,42.291666666666664,4463.580615234152,0.9133200642690817,0.38414353574802584,24.843229166666667
10,3.5,0,6.0,24h,3227,9644.320446778784,133430.43841552667,123786.11796875097,1.0779111632631564,37.806011775643015,3075.110107422035,3.1362520722433356,0.6573516863409758,26.594050201425475
10,3.5,0,6.0,London_NY,1920,5591.822753907109,85387.08122558652,79795.25847167874,1.0700771306592416,38.697916666666664,4822.859667968534,1.1594413146718145,0.47652097871831345,29.0046875
10,3.5,100,0.0,24h,2249,25683.891687012838,113580.11771240235,87896.22602538989,1.292206990543523,37.61671854157403,2604.822900390547,9.860129716750414,1.554122821775661,35.01511783014673
10,3.5,100,0.0,London_NY,1477,11567.922680664757,74366.06268310607,62798.1400024404,1.1842080462927107,37.91469194312796,3028.5751953123963,3.8195923609786844,0.8951817968948453,36.53215978334462
10,3.5,100,2.5,24h,2250,250.89141845800623,78703.03377685639,78452.1423583975,1.003198018701806,51.28888888888889,4979.468591307145,0.0503851794338049,0.026887379384010406,17.22088888888889
10,3.5,100,2.5,London_NY,1478,-2588.7176025384133,53744.60550537195,56333.32310790937,0.9540464247497241,49.79702300405954,5139.87564697141,-0.503653741907895,-0.33211456132354533,18.938430311231397
10,3.5,100,4.0,24h,2249,3981.330651856474,89261.13303222727,85279.80238037027,1.0466855051340203,42.730102267674525,4045.495910644023,0.9841390869735587,0.36547009696992233,22.793241440640283
10,3.5,100,4.0,London_NY,1477,-323.1202880852493,60741.32113037178,61064.4414184561,0.9947085360878015,41.90927555856466,4782.895385741294,-0.06755746509708979,-0.035466649281857485,24.886255924170616
10,3.5,100,6.0,24h,2249,8145.541894532254,95320.89233398471,87175.35043945233,1.093438590765286,38.90618052467764,3343.7716674798976,2.4360341268969807,0.6655325695644163,26.87594486438417
10,3.5,100,6.0,London_NY,1477,1133.0593383795735,63567.919396973324,62434.86005859275,1.0181478638266706,38.52403520649966,4541.266845702973,0.24950291997302346,0.11261731705420387,29.12660798916723
10,3.5,200,0.0,24h,1883,24574.184558106397,98758.09028320342,74183.90572509647,1.3312603228141098,37.54646840148699,2193.8712158201524,11.201288562838286,1.565366968802732,34.97875730217737
10,3.5,200,0.0,London_NY,1230,10688.36090087948,63762.82642822319,53074.46552734294,1.2013842399481878,37.5609756097561,2719.5744140620427,3.9301593828848405,0.8748126455295173,36.38211382113821
10,3.5,200,2.5,24h,1884,-1152.7963623038768,65176.291320801894,66329.08768310449,0.9826200479673379,50.955414012738856,4865.4215332020685,-0.23693658492631975,-0.13462490828962867,16.928343949044585
10,3.5,200,2.5,London_NY,1231,-2582.1246582025906,45037.41925048895,47619.543908690815,0.9457759473053119,49.14703493095045,4833.374353026456,-0.5342281539988254,-0.35767363052621687,18.642567018683994
10,3.5,200,4.0,24h,1883,3733.1962158211372,75632.59616699301,71899.39995117078,1.0519224947406733,42.804036112586296,4219.42047119096,0.8847651570423882,0.36900926376221443,22.43175783324482
10,3.5,200,4.0,London_NY,1230,-230.0380249017735,51318.74002685597,51548.77805175709,0.9955374689062434,41.54471544715447,4203.979528807861,-0.05471911157640824,-0.027147012418137013,24.5869918699187
10,3.5,200,6.0,24h,1883,7562.959216309429,81204.68563232476,73641.72641601446,1.1026993741779747,38.71481678173128,3715.4876708979464,2.035522624808398,0.6627793135457795,26.515135422198618
10,3.5,200,6.0,London_NY,1230,1120.9053344732047,53936.70362548878,52815.79829101484,1.0212229175879868,37.96747967479675,3970.978991698421,0.28227430485442684,0.11900095249768872,28.81382113821138
10,3.5,400,0.0,24h,1743,21246.57463378991,88708.42071533245,67461.84608154181,1.314942087533592,37.578886976477335,2224.2455810546744,9.552261141827417,1.4884658015019987,34.64027538726334
10,3.5,400,0.0,London_NY,1100,13967.938354492706,59838.21677246141,45870.27841796811,1.3045095612286897,38.72727272727273,1722.343115234362,8.109846540416,1.1835966253892476,36.56272727272727
10,3.5,400,2.5,24h,1744,-162.8251098625219,60096.24821777446,60259.073327635844,0.9972979154694914,51.20412844036697,3531.9121582019334,-0.046101121027147744,-0.019867561274911728,16.654243119266056
10,3.5,400,2.5,London_NY,1101,348.41165771531905,41356.7983642584,41008.38670654249,1.0084961073989365,50.31789282470481,3201.190161132614,0.10883816336360581,0.05135742062275105,18.357856494096275
10,3.5,400,4.0,24h,1743,4271.681994629671,69669.24279785232,65397.56080322158,1.0653186746136303,42.74239816408491,2980.115246581642,1.4333948995863592,0.4418265972076798,22.127940332759607
10,3.5,400,4.0,London_NY,1100,3041.085632324718,47582.37073974652,44541.2851074213,1.0682756598735523,42.45454545454545,3176.482910156099,0.9573750964003369,0.37821753659812546,24.37272727272727
10,3.5,400,6.0,24h,1743,7055.525134278133,74179.32227783273,67123.79714355353,1.105112127658541,38.55421686746988,3022.6883911128407,2.334188715920053,0.6520318170941914,26.215720022948936
10,3.5,400,6.0,London_NY,1100,4315.410339355964,50046.32088623091,45730.91054687436,1.0943652835194095,39.0,2575.752197265485,1.6753981007712488,0.48156652753918444,28.693636363636365
10,4.0,0,0.0,24h,2689,26973.27932129058,142947.76933593623,115974.49001464859,1.232579417403609,35.998512458162885,3417.9728027345263,7.891601507101165,1.4056109493290878,41.37895128300483
10,4.0,0,0.0,London_NY,1647,14845.50739746187,90462.14404296907,75616.63664550685,1.1963259416979681,38.554948391013966,3921.8678222657327,3.785315586919846,1.0053733731120131,43.838494231936856
10,4.0,0,2.5,24h,2690,-2283.096679686273,97252.23593750021,99535.33261718709,0.9770624498893506,52.45353159851301,8043.848608396748,-0.28383138356221826,-0.21217116407179126,19.82527881040892
10,4.0,0,2.5,London_NY,1648,-1488.6598022453381,64546.308288575216,66034.96809081944,0.9774564924420522,51.88106796116505,5098.225134276603,-0.2919956971371699,-0.1679146194579685,22.043082524271842
10,4.0,0,4.0,24h,2689,3437.731225587204,113746.80000000026,110309.06877441407,1.0311645385441197,42.84120490888806,6154.313745115508,0.558588880574317,0.2692966291703761,25.955745630345852
10,4.0,0,4.0,London_NY,1647,1827.530102539843,73982.57851562573,72155.04841308498,1.0253278203359828,43.95871281117183,4598.13347167923,0.39745042500308986,0.17621709789172085,28.75409836065574
10,4.0,0,6.0,24h,2689,8113.556542969947,122600.1534179686,114486.59687500013,1.0708690516133264,37.96950539233916,4317.562963865639,1.8791981983525365,0.5657776103462479,30.86984008925251
10,4.0,0,6.0,London_NY,1647,2787.517163086676,77772.8777832037,74985.36062011622,1.0371741515948605,39.82999392835458,5125.521484374538,0.5438504494780855,0.2430347735932424,33.99574984820887
10,4.0,100,0.0,24h,1980,26242.584960938395,110500.57556152347,84257.99060058504,1.311455148335287,36.86868686868687,2158.3327148436692,12.15873010702114,1.5812274168030294,41.92777777777778
10,4.0,100,0.0,London_NY,1335,13165.90466308652,73298.24760742244,60132.34294433505,1.2189488055583526,38.42696629213483,3049.315527343846,4.317659010694405,0.9915000316483928,43.713857677902624
10,4.0,100,2.5,24h,1981,440.9844116219829,72673.70450439569,72232.72009277249,1.0061050506066616,53.0540131246845,5963.964111326567,0.0739414931730524,0.04888852642058207,19.95456839979808
10,4.0,100,2.5,London_NY,1336,-1705.0291992181315,51077.19780273517,52782.22700195246,0.9676969067797345,51.49700598802395,5220.900634764465,-0.32657760001499275,-0.22000079502891084,22.06062874251497
10,4.0,100,4.0,24h,1980,4359.692260743106,84597.59682617258,80237.90456542879,1.0543345727229048,43.63636363636363,4884.475659178472,0.8925609553506036,0.40763265323645226,26.024242424242424
10,4.0,100,4.0,London_NY,1335,396.5714111334569,58153.35349121157,57756.78208007732,1.0068662310615648,43.52059925093633,4691.378222655393,0.08453196316987448,0.043871177934378856,28.536329588014983
10,4.0,100,6.0,24h,1980,9449.802978516485,92584.2489501957,83134.44597167877,1.113668923489743,38.78787878787879,4459.46137695216,2.1190458173616915,0.7738671464331904,31.117676767676766
10,4.0,100,6.0,London_NY,1335,1792.0140380865469,61453.15751953185,59661.14348144444,1.030036535230753,39.550561797752806,4026.753393553883,0.445027013810988,0.1797666224614075,33.88838951310861
10,4.0,200,0.0,24h,1610,24904.64355468819,92975.69365234411,68071.05009765516,1.3658624851381107,36.83229813664596,2057.5186523435823,12.104212774120406,1.637985934392849,41.72111801242236
10,4.0,200,0.0,London_NY,1084,10662.051171875457,60351.494116211376,49689.44294433526,1.2145737714109677,37.91512915129151,2138.566259765692,4.985607120278623,0.8972204653955819,43.433579335793354
10,4.0,200,2.5,24h,1611,-29.822045897735734,58553.540673829106,58583.362719725774,0.9994909468403284,53.01055245189323,5311.328918455745,-0.005614799300813479,-0.003688633516109295,19.688392302917443
10,4.0,200,2.5,London_NY,1085,-3105.7949218745125,40805.782250977165,43911.57717285106,0.9292716153271284,50.59907834101382,5000.478503417031,-0.6210995447240092,-0.4433314825114135,21.87557603686636
10,4.0,200,4.0,24h,1610,3731.3685302741487,68518.54294433666,64787.17441406152,1.0575942470716129,43.54037267080745,4533.550903319354,0.8230564980625084,0.38743647635330614,25.649068322981368
10,4.0,200,4.0,London_NY,1084,-1236.6170410151244,46522.73430175826,47759.35134277283,0.974107331731973,42.71217712177122,4561.999999999289,-0.271069057653511,-0.1511732384036097,28.199261992619924
10,4.0,200,6.0,24h,1610,8862.350708008491,76106.01936035216,67243.66865234268,1.1317945746510178,38.63354037267081,4143.006689452359,2.139110885476257,0.7983726100357404,30.575155279503107
10,4.0,200,6.0,London_NY,1084,696.2053466801672,50074.600561523876,49378.3952148431,1.0140993919233627,38.837638376383765,3835.297070311818,0.18152579419970827,0.07642224027163327,33.38653136531365
10,4.0,400,0.0,24h,1455,21496.904663086563,82276.47053222699,60779.56586913964,1.353686380540639,36.90721649484536,2143.2400390625917,10.030096616004272,1.506520524928483,41.18969072164949
10,4.0,400,0.0,London_NY,951,14632.998388672271,56924.88120117226,42291.882812499476,1.3460001639924142,39.01156677181914,1481.4658691406294,9.87737800342346,1.2122615299698563,43.61409043112513
10,4.0,400,2.5,24h,1456,1071.6655029303456,53256.538574219616,52184.87307128837,1.0205359415451154,53.22802197802198,3482.376696776193,0.30773968362539267,0.1384691608448909,19.279532967032967
10,4.0,400,2.5,London_NY,952,-92.13768310503838,37107.43328857472,37199.57097167932,0.9975231519961683,51.470588235294116,2983.3907470694467,-0.030883545239772648,-0.014014880334808326,21.554621848739494
10,4.0,400,4.0,24h,1455,4470.037109375662,62271.4920410163,57801.454931639775,1.0773343355225766,43.71134020618557,3289.6931640625735,1.358800619525085,0.48595371030500695,25.23917525773196
10,4.0,400,4.0,London_NY,951,2223.031347656688,42715.516845703474,40492.4854980464,1.0548998492020039,43.63827549947424,2104.6279785156803,1.0562585741279147,0.2866735693470201,27.901156677181913
10,4.0,400,6.0,24h,1455,9191.120239258451,69194.1889404303,60003.06870117092,1.1531775030546065,38.90034364261168,2799.891406249726,3.2826702559758787,0.8696072422511497,30.133333333333336
10,4.0,400,6.0,London_NY,951,4466.869482422294,46424.20715332067,41957.33767089792,1.1064621763530296,39.95793901156677,1774.091625976398,2.51783471440709,0.5131342240657504,33.04416403785489
14,1.5,0,0.0,24h,9653,19073.440042554717,203225.92248708912,184152.48244455206,1.1035741673929378,38.13322283228012,5164.59763532145,3.6931124918829354,1.296125037477019,8.849684036050968
14,1.5,0,0.0,London_NY,5602,12762.298883931182,133934.77567312907,121172.47678920344,1.1053234135514738,38.682613352374155,2895.8408272877105,4.407113389545153,1.04520128465179,9.472331310246341
14,1.5,0,2.5,24h,9653,6640.92648403067,189960.0687325587,183319.14224854193,1.0362260394771707,39.35564073345074,9157.230852395813,0.725211211890896,0.5556209200851593,6.491349839428157
14,1.5,0,2.5,London_NY,5602,2788.8411115398712,123411.63499930203,120622.79388776649,1.023120349161622,39.87861478043556,5439.357149830834,0.512715204153602,0.2851373165374895,6.939307390217779
14,1.5,0,4.0,24h,9653,13521.48081403916,197673.96325857512,184152.48244455206,1.0734254604365399,38.13322283228012,6511.894039478349,2.076428260666589,1.0145358199455357,7.6709831140578055
14,1.5,0,4.0,London_NY,5602,7816.016884070566,128988.49367326927,121172.47678920344,1.0645032361405213,38.682613352374155,3835.289669363581,2.0379208763565275,0.7127798726633896,8.189218136379864
14,1.5,0,6.0,24h,9653,17891.234275604384,202043.71672013952,184152.48244455206,1.0971544561229278,38.13322283228012,5650.530906457108,3.166292614231928,1.259657153441434,8.360302496633171
14,1.5,0,6.0,London_NY,5602,11954.877750072365,133127.35453927054,121172.47678920344,1.0986600098210775,38.682613352374155,3239.4923060823403,3.6903553459986207,1.0166577072793745,8.931631560157086
14,1.5,100,0.0,24h,5156,16546.845382256888,113851.58920549636,97304.74382324202,1.170051785063145,38.28549262994569,3756.968713377708,4.404307473559029,1.4889479005379236,8.72401086113266
14,1.5,100,0.0,London_NY,3097,12467.09955182902,77785.34633265981,65318.24678083019,1.1908670266925858,39.263803680981596,2109.8766810828165,5.908923333581155,1.3440152211533576,9.36357765579593
14,1.5,100,2.5,24h,5156,5050.985091729443,101833.67250976604,96782.6874180384,1.0521889319926678,39.74010861132661,6083.2251412508285,0.8303136863171997,0.5861890973375603,6.333591931730023
14,1.5,100,2.5,London_NY,3097,3676.3593697698343,68620.91378697075,64944.554417200154,1.056607661762584,40.58766548272522,2357.869184220078,1.5591871654176943,0.5138144450045172,6.772360348724572
14,1.5,100,4.0,24h,5156,11439.45371965916,108744.19754289903,97304.74382324202,1.1175631656811844,38.28549262994569,4876.011889647265,2.3460676426871263,1.1578426298942337,7.439100077579519
14,1.5,100,4.0,London_NY,3097,8246.10424281669,73564.3510236477,65318.24678083019,1.1262450333439997,39.263803680981596,1941.7279506137502,4.246786600671955,1.0001265239062735,7.948982886664513
14,1.5,100,6.0,24h,5156,15398.202498956118,112702.94632219562,97304.74382324202,1.1582471922121809,38.28549262994569,3798.9895002080702,4.053236393023134,1.4525823051359485,8.14255236617533
14,1.5,100,6.0,London_NY,3097,11745.658075824562,77063.90485665531,65318.24678083019,1.1798220046419292,39.263803680981596,1994.1252511162893,5.89013055686922,1.3222998171082228,8.698094930577978
14,1.5,200,0.0,24h,4932,17918.838809642377,110907.31946498307,92988.48065534263,1.1926995546475887,38.70640713706407,2757.0680664047723,6.49923700759721,1.615250002388246,8.71573398215734
14,1.5,200,0.0,London_NY,2938,14664.751356725683,76467.16011788584,61802.40876115953,1.2372844627043493,39.75493533015657,2472.8090366910474,5.9304018786461175,1.5620980535540119,9.365895166780122
14,1.5,200,2.5,24h,4932,6171.9141095864525,98684.09440743613,92512.18029785098,1.066714610873013,40.08515815085158,4896.730889019164,1.2604152136330107,0.7268025832883184,6.383211678832117
14,1.5,200,2.5,London_NY,2938,5428.989899554875,66889.54326695124,61460.55336739558,1.0883329160266835,41.04833219877467,2339.4518275671326,2.3206247872180583,0.7641495026222778,6.816201497617427
14,1.5,200,4.0,24h,4932,12916.854600309236,105905.33525565022,92988.48065534263,1.1389081153845635,38.70640713706407,3750.964385113268,3.4436089693555396,1.3197622329523315,7.479521492295215
14,1.5,200,4.0,London_NY,2938,10192.97728271619,71995.38604387651,61802.40876115953,1.1649284791165435,39.75493533015657,2219.537901088359,4.592387126040076,1.2379290186977152,7.987746766507828
14,1.5,200,6.0,24h,4932,16700.598017231696,109689.07867257237,92988.48065534263,1.1795985685488262,38.70640713706407,2856.3190778446024,5.846895098930641,1.5860922742918098,8.162611516626116
14,1.5,200,6.0,London_NY,2938,13751.317388045436,75553.72614920558,61802.40876115953,1.2225045538465846,39.75493533015657,2357.05760672452,5.8341032263334975,1.5392537743191796,8.729067392784206
14,1.5,400,0.0,24h,4847,17537.404858400707,106662.35647147037,89124.95161307126,1.1967732328712652,39.0963482566536,2282.662697054795,7.682871797496993,1.6694043443318767,8.805652981225501
14,1.5,400,0.0,London_NY,2850,14233.132455009687,72473.28129708524,58240.148842074734,1.2443869519222106,40.59649122807018,2134.902120535884,6.666878222706067,1.6331914243005523,9.48561403508772
14,1.5,400,2.5,24h,4847,7616.648196849249,96353.29240548311,88736.64420863485,1.085834305148392,40.272333402104394,3988.3654750263595,1.9097167109037092,0.919817982958265,6.508974623478441
14,1.5,400,2.5,London_NY,2850,6954.463282995107,64913.56799142111,57959.10470842515,1.1199891426546662,41.719298245614034,1995.400394112843,3.4852470228598245,1.009958493395927,7.004912280701753
14,1.5,400,4.0,24h,4847,14310.715928434198,103435.66754150415,89124.95161307126,1.1605691298499854,39.0963482566536,2907.650673129432,4.921745263516105,1.5099220399827475,7.60532288013204
14,1.5,400,4.0,London_NY,2850,11413.954511371265,69654.10335344676,58240.148842074734,1.195980860940489,40.59649122807018,2027.9783272880122,5.62824284549184,1.4433199950255704,8.165964912280701
14,1.5,400,6.0,24h,4847,17634.660935758413,106759.61254882798,89124.95161307126,1.1978644657482247,39.0963482566536,2079.107859584008,8.481840350161916,1.7373378896168223,8.289870022694451
14,1.5,400,6.0,London_NY,2850,14352.668021067164,72592.81686314262,58240.148842074734,1.2464394117533404,40.59649122807018,2027.9783272880122,7.077328109448187,1.6880115108316596,8.899298245614034
14,2.0,0,0.0,24h,6800,37291.665910996846,196929.57707170336,159637.9111607183,1.2336015651911219,39.5735294117647,2695.741050501945,13.833548999097358,2.224090473051759,14.30470588235294
14,2.0,0,0.0,London_NY,3954,24366.80724051548,130398.70320172899,106031.89596121691,1.2298063900453564,39.80778958017198,2998.257386997595,8.12698981287794,1.7112831488408022,15.43601416287304
14,2.0,0,2.5,24h,6801,11622.434493585726,168170.8943777894,156548.45988421136,1.0742417683455614,43.77297456256433,5654.5851283467255,2.0554000390447507,0.9842702622771652,8.989560358770769
14,2.0,0,2.5,London_NY,3955,5051.309823174306,109137.06914236902,104085.75931919682,1.0485302682731217,43.96965865992415,3473.1918003616083,1.454371112660232,0.518732677735037,9.743109987357775
14,2.0,0,4.0,24h,6801,23744.63088728005,183298.46134556146,159553.83045829082,1.148818933516471,39.83237759153066,3848.8059849327437,6.16934991793175,1.7392948728720197,11.146449051610057
14,2.0,0,4.0,London_NY,3955,14023.130894254175,119985.96097237704,105962.83007812538,1.1323400940113864,40.07585335018963,3760.343045479738,3.729215852024779,1.2363481523721842,12.02654867256637
14,2.0,0,6.0,24h,6801,33608.475491772406,193246.17937011388,159637.70387835224,1.2105296848755236,39.59711807087193,2955.224616350133,11.372562107742842,2.2039829238472706,12.697544478753125
14,2.0,0,6.0,London_NY,3955,21976.80503627443,128008.70099748828,106031.89596121691,1.207265981967443,39.823008849557525,3092.856647600258,7.10566558373347,1.7329596149327076,13.687989886219974
14,2.0,100,0.0,24h,3826,26549.903016882527,116840.99015415706,90291.08713727602,1.2940478828936384,39.96340825927862,2070.306194196608,12.824143158778183,2.0206540465937053,14.271301620491375
14,2.0,100,0.0,London_NY,2369,16382.79538225564,79751.95110909655,63369.15572684041,1.2585294879558748,40.2701561840439,2367.865366908649,6.918803581997608,1.454067781671012,15.228366399324608
14,2.0,100,2.5,24h,3827,6931.208708846593,95348.85010812001,88417.64139927374,1.078391694227021,44.316697151816044,3770.339613559202,1.8383512943820808,0.7885734428067659,8.782336033446564
14,2.0,100,2.5,London_NY,2370,2871.485804967645,65053.4891566693,62182.00335170095,1.0461787277699506,44.38818565400844,2557.7395438057265,1.1226654457142604,0.38576353331663676,9.470464135021098
14,2.0,100,4.0,24h,3827,15090.571937780835,105346.95888671881,90256.38694893898,1.1671967208959635,40.21426704990854,1831.3475341796257,8.240146480193253,1.4710021807135594,10.875620590540892
14,2.0,100,4.0,London_NY,2370,8713.394897462067,72055.90673828193,63342.5118408192,1.1375599837177226,40.50632911392405,2143.6779157365054,4.064694063178981,1.006875363198523,11.727426160337552
14,2.0,100,6.0,24h,3827,21610.523720007473,111901.40357491617,90290.87985490993,1.2393433728271626,40.00522602560753,1840.4157087055028,11.742196949192373,1.8986883602762152,12.437418343349881
14,2.0,100,6.0,London_NY,2370,13862.750627791345,77231.90635463224,63369.15572684041,1.218761800891726,40.29535864978903,2276.7203473773843,6.088912344355434,1.4470467643669447,13.367932489451476
14,2.0,200,0.0,24h,3574,28453.138016184857,112232.35891113269,83779.22089494881,1.3396204656983073,39.98321208729715,1525.7968749999309,18.648051049512176,2.1931296758729033,14.248461108002239
14,2.0,200,0.0,London_NY,2176,17002.6700020937,75078.03362165237,58075.363619558084,1.2927690666471916,40.21139705882353,2231.2358816965716,7.620292476277912,1.5406664710626248,15.180147058823529
14,2.0,200,2.5,24h,3575,7710.764857702484,89870.55705566463,82159.79219796218,1.0938508320362292,44.27972027972028,3300.1537998734602,2.3364865170823683,0.9008426632594092,8.824615384615385
14,2.0,200,2.5,London_NY,2177,3340.6709019262626,60419.85160435336,57079.18070242649,1.0585269595816895,44.281120808451995,2196.5008265903452,1.5209058250672396,0.4633007536213978,9.523197060174553
14,2.0,200,4.0,24h,3575,17168.566022602135,100913.29401157948,83744.72798897783,1.2050107085530364,40.22377622377623,1712.3835274831981,10.026121921317415,1.697940285138502,10.84979020979021
14,2.0,200,4.0,London_NY,2177,10284.01789550888,68332.73762904639,58048.71973353689,1.1771618382406466,40.46853468075333,1890.2521414619496,5.440553495448001,1.205899314177545,11.685806155259531
14,2.0,200,6.0,24h,3575,23441.719447546373,107220.94034249439,83779.22089494881,1.2798035025527303,40.0,1461.9892403738158,16.03412583361596,2.083376465211873,12.418741258741258
14,2.0,200,6.0,London_NY,2177,14557.923622350416,72633.28724190909,58075.363619558084,1.2506729655231692,40.23886081763895,2140.090862165307,6.802479221663027,1.5444408994516339,13.357372531005971
14,2.0,400,0.0,24h,3467,24754.050575475994,104786.49394182474,80032.4433663494,1.3093001979480172,39.68849149120277,1585.660989815795,15.611187217484398,2.1093372767253054,14.19642342082492
14,2.0,400,0.0,London_NY,2082,14540.3184326182,68841.7758161279,54301.45738350906,1.2677703165483478,40.05763688760807,2060.4515973773377,7.056859986968857,1.5150459613922667,15.135926993275696
14,2.0,400,2.5,24h,3468,8120.542599052873,86699.48757673045,78578.94497767756,1.1033424742640634,43.858131487889274,2775.256572613438,2.9260511187280316,0.9747359240351584,8.922145328719724
14,2.0,400,2.5,London_NY,2083,4599.316646903887,57994.54587053631,53395.22922363191,1.086137220755086,44.11905904944791,2071.8004708426506,2.219961193962484,0.6605787427152128,9.629860777724435
14,2.0,400,4.0,24h,3468,16003.486063059656,96024.242682757,80020.75661969763,1.1999916863960272,39.90772779700115,1861.0689208983858,8.599082969659372,1.6421965406407237,10.955594002306805
14,2.0,400,4.0,London_NY,2083,9955.319803293427,64251.80490373944,54296.48510044545,1.1833510914173764,40.27844455112818,1787.4712751115185,5.569499181279053,1.2245723097919756,11.813250120019202
14,2.0,400,6.0,24h,3468,21927.234232004997,101959.67759835377,80032.4433663494,1.2739793177578274,39.705882352941174,1940.336307198544,11.300739026866697,2.01560129207155,12.53517877739331
14,2.0,400,6.0,London_NY,2083,14328.423876954155,68629.88126046384,54301.45738350906,1.2638681274382555,40.086413826212194,1895.7166643416203,7.558315093426895,1.582493508565388,13.468074891982717
14,2.5,0,0.0,24h,4996,30566.39802071981,173838.8885654968,143272.49054478476,1.2133445011284805,38.41072858286629,2199.577448381535,13.896486365238374,1.7849891130254865,20.208366693354684
14,2.5,0,0.0,London_NY,2980,17373.681910925014,113699.42590331992,96325.74399239676,1.1803638486539436,38.25503355704698,1958.103895786462,8.872706881545204,1.2404716632382093,21.67986577181208
14,2.5,0,2.5,24h,4997,8336.673875211494,143657.20616978244,135320.53229457507,1.061606865815895,46.94816890134081,5345.935639297983,1.5594414968127543,0.7274132992840961,11.454872923754252
14,2.5,0,2.5,London_NY,2981,2439.493915668154,93477.97122279607,91038.47730712868,1.026796295235008,46.561556524656154,3799.715518623375,0.6420201469587847,0.2578213988725213,12.548138208654814
14,2.5,0,4.0,24h,4997,14345.014634488947,156692.8651123042,142347.85047782038,1.1007743677641197,39.92395437262358,2875.7297537666673,4.988304139392676,1.0798742363508904,14.599359615769462
14,2.5,0,4.0,London_NY,2981,6535.652624513057,102229.82923060829,95694.17660609649,1.0682972867974436,39.71821536397182,2318.661457170172,2.8187179306846906,0.594967416115044,15.86950687688695
14,2.5,0,6.0,24h,4997,22839.426560758522,165884.1916957294,143044.7651349773,1.1596662872577042,38.54312587552531,2314.4943080355715,9.867998586759757,1.5316119751296609,17.00060036021613
14,2.5,0,6.0,London_NY,2981,13920.54328439033,110025.23667689718,96104.69339250836,1.1448476946649722,38.409929553840996,2111.7421194887884,6.591971224100139,1.1231903206281904,18.415967796041596
14,2.5,100,0.0,24h,2979,18066.05506940712,103810.70562744152,85744.650558035,1.2106960020459676,38.10003356831152,2458.9948294496426,7.3469268227174584,1.3865050878646172,19.944276602886873
14,2.5,100,0.0,London_NY,1913,9396.670389230785,69767.21481933656,60370.544430105176,1.1556499196410346,38.212232096184,3272.395638601658,2.8714958174330407,0.8948448671673528,21.213800313643493
14,2.5,100,2.5,24h,2980,4817.964137487381,85371.701581683,80553.73744419569,1.059810559886498,47.147651006711406,3796.8794102248994,1.2689273524233418,0.5536194621581196,11.166778523489933
14,2.5,100,2.5,London_NY,1914,2219.227083915457,59006.80950927787,56787.58242536192,1.0390794428840628,46.760710553814,2825.8577096116314,0.7853286725538824,0.3017711242581944,12.21682340647858
14,2.5,100,4.0,24h,2980,7652.070582799893,92713.46479492229,85061.39421212263,1.089959383497962,39.66442953020134,2246.5615304123785,3.406125529709075,0.75885567975983,14.187583892617448
14,2.5,100,4.0,London_NY,1914,4609.901478795487,64461.2589303158,59851.35745151983,1.0770225050038345,39.759665621734584,2525.89178641143,1.8250589766336895,0.5398091108975849,15.448798328108674
14,2.5,100,6.0,24h,2980,13439.32090541433,98960.34929722389,85521.02839181008,1.157146390287103,38.288590604026844,2354.5204380574214,5.7078803344354645,1.1902817907705843,16.606375838926173
14,2.5,100,6.0,London_NY,1914,8593.209409878053,68742.70324009532,60149.49383021677,1.1428642015531252,38.45350052246604,2880.766184779175,2.9829596915158056,0.906563542644809,18.013061650992686
14,2.5,200,0.0,24h,2673,18330.352483260263,95840.31501290483,77509.96252964475,1.2364902766692654,38.57089412644968,1935.3322684150116,9.471423993913128,1.4467392644961374,19.96894874672652
14,2.5,200,0.0,London_NY,1700,9469.861711775358,64170.52239641521,54700.66068463924,1.1731215234560275,38.705882352941174,2056.5793387272606,4.604666366839949,0.9075556226498666,21.103529411764704
14,2.5,200,2.5,24h,2674,3626.1470493873394,76815.16612548879,73189.01907610113,1.0495449603664893,47.04562453253553,3278.834495325732,1.1059256130666955,0.4360588160773217,11.138743455497382
14,2.5,200,2.5,London_NY,1701,1401.0257585805493,53043.30417829286,51642.2784197119,1.0271294335078405,46.6196355085244,2626.6809116909644,0.5333825484263403,0.1989596361683498,12.10405643738977
14,2.5,200,4.0,24h,2674,7758.353513882342,84639.85847691179,76881.50496302923,1.1009131327178545,40.0149588631264,1846.5698782784038,4.201494676776391,0.8021973926345551,14.13649962602842
14,2.5,200,4.0,London_NY,1701,4003.013106864605,58231.88012869746,54228.86702183234,1.0738170153039253,40.0352733686067,2237.766824776818,1.7888428153205116,0.4894691518493191,15.339800117577896
14,2.5,200,6.0,24h,2674,13340.783672224992,90634.42018345455,77293.63651122953,1.172598732242166,38.70605833956619,1981.12453613256,6.733945003915867,1.2311449301643012,16.563949139865368
14,2.5,200,6.0,London_NY,1701,7809.72453264583,62294.05919887044,54484.33466622405,1.1433388987952127,38.918283362727806,1904.0722394669265,4.101590460051179,0.860894392467505,17.894179894179896
14,2.5,400,0.0,24h,2595,21352.35232980037,94403.74047502819,73051.38814522768,1.2922922188330164,38.84393063583815,2000.3030726840097,10.674558581340252,1.719761940815149,19.952986512524085
14,2.5,400,0.0,London_NY,1618,13013.873113142477,63528.817161342624,50514.94404819957,1.2576242210765527,39.122373300370825,2364.7492710657443,5.503278200516112,1.276346258613698,21.266378244746598
14,2.5,400,2.5,24h,2596,6778.967557199808,75883.91714390405,69104.9495867037,1.0980967007102003,47.26502311248074,2459.245513043378,2.756523300030612,0.8277207130469882,11.226502311248074
14,2.5,400,2.5,London_NY,1619,4021.5985700341826,51818.28433837932,47796.685768344745,1.084139695156396,47.00432365657814,1897.9491350444187,2.1189179919408447,0.5819218103906026,12.239036442248302
14,2.5,400,4.0,24h,2596,10665.114974540782,83200.13515973826,72535.02018519698,1.147034011258438,40.292758089368256,2200.8119663782145,4.845990996719235,1.1209076892750964,14.243836671802773
14,2.5,400,4.0,London_NY,1619,6410.529495675949,56565.954928153355,50155.42543247691,1.1278132812233204,40.395305744286595,2330.3725585936627,2.7508603600896273,0.7996923128779563,15.50710315009265
14,2.5,400,6.0,24h,2596,16365.93903634324,89301.27552141502,72935.33648507143,1.2243897104621353,38.9060092449923,2014.1166399273443,8.125616318295057,1.5158147893832854,16.735747303543913
14,2.5,400,6.0,London_NY,1619,11248.455826242332,61647.34821428616,50398.89238804333,1.2231885522331722,39.221741815935765,2214.634249441893,5.079148319446897,1.2363719143412217,18.10994441012971
14,3.0,0,0.0,24h,3927,37055.32256557159,167584.03063615898,130528.70807059266,1.2838863811133872,38.146167557932266,2562.858663504383,14.4585899695706,1.9446117657835928,27.307359307359306
14,3.0,0,0.0,London_NY,2391,19070.023936245758,105512.60846470426,86442.58452845918,1.2206091365762755,39.43956503554998,2568.235121372727,7.425341931330957,1.3562437596338162,28.879130071099958
14,3.0,0,2.5,24h,3928,5967.483316477742,125645.61211809446,119678.12880161879,1.0498627725569432,49.84725050916497,2665.893233816655,2.2384554793045215,0.5326631802810733,14.047861507128308
14,3.0,0,2.5,London_NY,2392,2813.14668840786,82421.69210553884,79608.54541713103,1.035337245187279,49.5819397993311,3054.325083705142,0.9210370904577344,0.3102817618129847,15.344063545150501
14,3.0,0,4.0,24h,3928,13924.142470007355,142267.0767194474,128342.93424944309,1.1084916949377346,41.59877800407332,2687.241022600356,5.181575583619743,1.0657907136467066,18.465376782077392
14,3.0,0,4.0,London_NY,2392,9470.332488142803,94690.05553501687,85219.72304687431,1.1111284119397278,42.26588628762542,2527.952057756658,3.7462468716858957,0.8856881800401056,20.068561872909697
14,3.0,0,6.0,24h,3927,20278.614801899195,150519.24440569102,130240.62960379577,1.1557011422901187,38.62999745352686,3099.8290387833913,6.541849420785498,1.3783500592558229,21.754774637127575
14,3.0,0,6.0,London_NY,2391,14011.061010743408,100280.030444336,86268.96943359313,1.1624113641641227,39.85780008364701,2879.860518973157,4.8651873653030915,1.175715701582168,23.611877875365956
14,3.0,100,0.0,24h,2548,31190.617724610893,115866.30627092622,84675.68854631615,1.3683538718146866,38.775510204081634,1779.9808454238919,17.523007511456132,2.014119707513278,27.484301412872842
14,3.0,100,0.0,London_NY,1678,14960.601471820024,75785.56968819808,60824.96821637754,1.2459615172933587,39.45172824791418,2465.952385602519,6.066865507690905,1.2365113173094793,28.825387365911798
14,3.0,100,2.5,24h,2549,6604.995228795712,83804.9765659881,77199.98133719224,1.08555695369856,50.686543742644176,2247.6579868860827,2.9386122209572942,0.7331688364961921,13.571989015300117
14,3.0,100,2.5,London_NY,1679,2283.729760742899,58094.1620326456,55810.432271902246,1.0409194064223921,50.08933889219774,2117.4365129741127,1.0785351753168806,0.3012692341988924,14.819535437760573
14,3.0,100,4.0,24h,2549,12288.65341448213,95396.2660330639,83107.61261858183,1.1478643535446051,42.33032561788937,2089.4709263392597,5.88122728082739,1.1586421272063117,18.081992938407218
14,3.0,100,4.0,London_NY,1679,5948.004139928208,65808.26476353279,59860.26062360412,1.0993648219697736,42.34663490172722,1861.8024623324,3.1947557596828826,0.669726019962446,19.73079213817749
14,3.0,100,6.0,24h,2548,17857.02292829356,102283.6228480749,84426.59991978158,1.2115094406888383,39.285714285714285,2041.9630789620023,8.745027328001875,1.4864895838224563,21.46624803767661
14,3.0,100,6.0,London_NY,1678,9216.020085798744,69884.37154715447,60668.351461355225,1.1519082003022565,39.9284862932062,2337.5924246651175,3.9425265022917872,0.939731501856013,23.314064362336115
14,3.0,200,0.0,24h,2189,29509.607289342704,102074.23136858275,72564.62407924005,1.4066665770516282,38.87619917770672,1344.3129813057603,21.9514411448139,2.001306225453482,27.292827775239836
14,3.0,200,0.0,London_NY,1427,14300.00579310891,66176.2689871657,51876.26319405626,1.275656049851098,39.10301331464611,2447.366015624928,5.843018862651586,1.2408286680641778,28.43728100911002
14,3.0,200,2.5,24h,2190,4942.588178363044,71026.05210832914,66083.46392996564,1.0747931159238502,50.730593607305934,2217.82096644754,2.2285785251097074,0.597546251910106,13.438812785388128
14,3.0,200,2.5,London_NY,1428,2199.729235840416,49508.97870919402,47309.24947335328,1.0464968110956765,50.14005602240896,2033.618680245363,1.0816822530244516,0.31356188408975993,14.654761904761905
14,3.0,200,4.0,24h,2190,11016.679582869237,82198.22037876718,71181.54079589751,1.1547687709438372,42.42009132420091,1764.916280691934,6.242040885106549,1.1198962503464482,17.792237442922374
14,3.0,200,4.0,London_NY,1428,5296.554666574286,56301.9458879747,51005.39122140003,1.1038430357995652,42.016806722689076,1893.317787388347,2.797499026236046,0.6404870494623645,19.371148459383754
14,3.0,200,6.0,24h,2189,16666.05678711035,88992.8294084825,72326.77262137175,1.2304272150280644,39.33302878026496,1669.4993233816422,9.982667590036838,1.4812594201070381,21.11420740063956
14,3.0,200,6.0,London_NY,1427,8707.528288923611,60433.47604631739,51725.947757393325,1.1683396567186044,39.52347582340575,2307.297628348164,3.77390770134735,0.9446104162637166,22.868255080588646
14,3.0,400,0.0,24h,2086,23985.589767021163,91393.21315569231,67407.62338867087,1.3558290377443079,38.68648130393097,1348.4895577565876,17.787004451799206,1.8119695980140254,26.79913710450623
14,3.0,400,0.0,London_NY,1335,13880.172310965994,61405.63631068686,47525.46399972036,1.2920575864561399,39.40074906367041,1651.7924455914435,8.4030971009775,1.2950738933489265,28.311610486891386
14,3.0,400,2.5,24h,2087,5522.66594063984,67109.10087367518,61586.43493303486,1.0896734150409146,50.55103018687111,2098.13710588725,2.632175907448356,0.6972887578238549,13.397700047915668
14,3.0,400,2.5,London_NY,1336,3480.3058663509933,47015.01135951484,43534.705493163594,1.0799432504923634,50.449101796407184,2214.4474190846504,1.5716362630048764,0.5149938758182071,14.63248502994012
14,3.0,400,4.0,24h,2087,11920.839202009842,78073.09526018464,66152.25605817429,1.1802030635437009,42.45328222328701,1907.463476562467,6.249576649033914,1.26105554860984,17.720172496406324
14,3.0,400,4.0,London_NY,1336,7582.378881836519,54328.51012834855,46746.13124651169,1.162203345595635,42.51497005988024,1956.2380719865505,3.8760000586925747,0.9434337731291499,19.395958083832337
14,3.0,400,6.0,24h,2086,15582.530859375946,82931.41113978828,67348.88028041193,1.2313703033294296,39.02205177372963,1812.0465192521733,8.5994099455056,1.45123496030632,21.188878235858102
14,3.0,400,6.0,London_NY,1335,10423.950910296348,57898.449473354194,47474.49856305742,1.2195694788951017,39.7752808988764,1686.4881417410252,6.1808622618213676,1.1633263950516128,23.080898876404497
14,3.5,0,0.0,24h,3189,34013.86745605669,157054.06248779094,123040.1950317405,1.2764451685668732,36.46911257447476,2812.3467041017648,12.094478752014458,1.707053321654752,34.163060520539354
14,3.5,0,0.0,London_NY,1993,16443.013781739246,99825.47202148446,83382.45823974539,1.1971999162517049,37.18013045659809,4146.528686523125,3.9654889727838243,1.0864718024098674,35.69242348218766
14,3.5,0,2.5,24h,3190,1113.6364571722206,109398.92017299138,108285.28371582108,1.0102842825816745,51.53605015673981,7269.062508717582,0.15320221222979824,0.1018557621014766,16.518808777429467
14,3.5,0,2.5,London_NY,1994,-2297.5441475995785,71945.19616001716,74242.74030761624,0.9690536187366001,50.20060180541625,6602.76403285305,-0.3479670235325389,-0.2589221050123081,17.890170511534603
14,3.5,0,4.0,24h,3190,7083.6670183468805,126230.79442313066,119147.12740478682,1.0594531078729075,41.974921630094045,5087.045968191056,1.3924912537925855,0.5512519067328333,21.83730407523511
14,3.5,0,4.0,London_NY,1994,2533.0552176348283,83538.29044712655,81005.23522949142,1.0312702655631933,41.82547642928786,4504.043558175013,0.5623958083258843,0.24092738980104383,23.609829488465397
14,3.5,0,6.0,24h,3189,12443.026042830745,134690.04257114916,122247.01652832243,1.1017859281657307,37.37848855440577,4515.035578263575,2.7559087469286725,0.8554375243697736,26.178425838820946
14,3.5,0,6.0,London_NY,1993,5147.80661098024,88005.06212855785,82857.25551757742,1.0621286160013879,37.982940291018565,5182.81434849302,0.9932454193496323,0.4364499408971186,28.176618163572503
14,3.5,100,0.0,24h,2228,26748.56102295032,112555.13768310528,85806.5766601556,1.3117308959765366,36.93895870736086,2687.8514648435375,9.951651485513684,1.644866840883446,34.43132854578097
14,3.5,100,0.0,London_NY,1506,10040.541235352255,73461.57308349673,63421.03184814339,1.158315639824256,36.786188579017264,2967.661059569953,3.3833180520983217,0.7851100169427712,35.482735723771576
14,3.5,100,2.5,24h,2229,531.1583496103376,76281.94112548881,75750.78277587795,1.0070119189551134,51.77209510991476,6370.154954309812,0.08338232796848614,0.05932625923303866,16.395244504262
14,3.5,100,2.5,London_NY,1507,-4564.512761578594,52393.921979632076,56958.434741210054,0.9198623911925111,49.43596549435966,6872.269716098449,-0.664192901347588,-0.6038035640098187,17.781685467816853
14,3.5,100,4.0,24h,2229,4962.981687710258,88175.30943429176,83212.32774658132,1.0596423849940233,42.48541947061462,4606.741137694789,1.0773302730428067,0.4704421619495498,21.75818752803948
14,3.5,100,4.0,London_NY,1507,-1962.2743408196202,59932.75367431684,61895.02801513567,0.9682967371734773,41.27405441274055,5699.55709054006,-0.3442854084357782,-0.2216005328479599,23.59256801592568
14,3.5,100,6.0,24h,2228,8124.372267369854,93399.16891043552,85274.79664306574,1.0952728424715679,37.92639138240575,4068.5539062493135,1.9968697612414055,0.6875405483579891,26.190305206463197
14,3.5,100,6.0,London_NY,1506,-360.2601998458613,62785.89345005629,63146.15364990122,0.9942948195729813,37.51660026560425,5431.800045338981,-0.06632427498044594,-0.03690449119375401,28.039840637450197
14,3.5,200,0.0,24h,1832,26210.17866211031,96936.09759521509,70725.91893310416,1.370588025684074,37.11790393013101,2159.89030761733,12.1349582289778,1.7033317705490187,34.43067685589519
14,3.5,200,0.0,London_NY,1238,9946.3546630865,62750.93442382866,52804.57976074128,1.1883615911376348,36.429725363489496,2243.0649902340956,4.434269495708396,0.825895031920573,35.34894991922456
14,3.5,200,2.5,24h,1833,412.6058750705306,62861.51623883974,62448.91036376851,1.006607094866312,51.936715766503,4870.966557965076,0.08470718699471082,0.05080897594707862,16.183851609383524
14,3.5,200,2.5,London_NY,1239,-3322.6421613415623,43896.696974400365,47219.33913574148,0.9296338698898451,49.07183212267958,5907.185775320159,-0.5624746347445762,-0.4766005081620203,17.64729620661824
14,3.5,200,4.0,24h,1833,6192.997589984088,74678.46784144855,68485.47025146362,1.090427904886184,42.771412984178944,3697.241170828135,1.6750320857746306,0.633654067235207,21.548281505728312
14,3.5,200,4.0,London_NY,1239,-873.8413277756649,50576.310491071796,51450.151818846825,0.9830157677502726,41.000807102502016,4475.5228463298545,-0.19524899275003302,-0.10622071812325751,23.38498789346247
14,3.5,200,6.0,24h,1832,9100.93837541933,79397.5017299111,70296.56335449089,1.1294649118126314,38.04585152838428,3638.3471801750993,2.501393606692954,0.8284264131894393,26.042576419213972
14,3.5,200,6.0,London_NY,1238,841.8353149419431,53409.26184082069,52567.426525878014,1.0160143908610069,37.15670436187399,4284.928055244313,0.19646428226761542,0.09208110795233286,27.89983844911147
14,3.5,400,0.0,24h,1708,20823.870959473505,86500.45054931677,65676.57958984245,1.3170669223263711,37.06088992974239,1611.295776367042,12.923679975395139,1.4486579640259558,33.554449648711945
14,3.5,400,0.0,London_NY,1131,12668.544775391143,59872.52143554735,47203.97666015543,1.2683787611073318,37.31211317418214,1842.4410522459148,6.875956633699803,1.0453835261614512,35.239610963748895
14,3.5,400,2.5,24h,1709,-724.4484183167606,57817.63046351889,58542.07888183497,0.9876251675349905,51.66764189584553,4978.762998743485,-0.14550771316079783,-0.0922530461843015,15.999414862492687
14,3.5,400,2.5,London_NY,1132,-2024.1842616485128,40489.10207868329,42513.28634033138,0.9523870197790897,49.55830388692579,5464.62602015833,-0.3704158810102553,-0.3043979307263376,17.474381625441694
14,3.5,400,4.0,24h,1709,5310.637379674347,69104.425648717,63793.788269041805,1.083246935536706,42.65652428320655,3251.620596748917,1.633227869507318,0.5619943594330679,21.13282621416033
14,3.5,400,4.0,London_NY,1132,1689.8482875284117,47700.09872698136,46010.25043945238,1.0367276481086047,41.87279151943463,3675.6081961493373,0.4597465772599867,0.21298040354068962,22.984982332155475
14,3.5,400,6.0,24h,1708,6639.491251047093,72160.91948591007,65521.428234862,1.1013331276486948,37.76346604215457,4189.711336843817,1.5847132934100272,0.6321392370718301,25.63231850117096
14,3.5,400,6.0,London_NY,1131,2582.481542969258,49711.50657959016,47129.02503662028,1.0547959891163299,37.84261715296198,3606.921998813048,0.715979315277428,0.29337080647252445,27.595932802829353
14,4.0,0,0.0,24h,2605,33980.01783970579,144732.28488769446,110752.26704799134,1.3068110364276233,37.85028790786948,3024.03457728809,11.236649903050571,1.734132613210968,42.823416506717855
14,4.0,0,0.0,London_NY,1647,17431.08588867281,91618.29471609945,74187.20882742677,1.2349607993639526,39.58712811171828,4061.6586425779788,4.291617642591724,1.1705189554604498,44.53187613843352
14,4.0,0,2.5,24h,2606,3450.7578665608185,97712.52495989167,94261.76709333128,1.0366082450283762,54.98848810437452,4399.524040874804,0.7843479963970529,0.3253790502894401,19.437452033768228
14,4.0,0,2.5,London_NY,1648,1271.4037702294604,65262.47165527392,63991.067885044045,1.0198684568370366,53.762135922330096,4977.7959786550455,0.2554150020774821,0.14639049397896364,21.385922330097085
14,4.0,0,4.0,24h,2605,8871.463065012294,114293.858293806,105422.39522879475,1.08415159839385,45.10556621880998,3823.6235630581723,2.3201716692834715,0.7037952111283741,26.20729366602687
14,4.0,0,4.0,London_NY,1647,3791.259228516318,74796.30522460975,71005.04599609306,1.0533942225560322,44.80874316939891,4803.739048548983,0.7892308866489127,0.37253619772703345,28.95203400121433
14,4.0,0,6.0,24h,2605,12243.973702568112,121765.9348632813,109521.96116071453,1.1117946900585514,39.65451055662188,3699.0145368304948,3.310063688762731,0.8671307437046816,31.65604606525912
14,4.0,0,6.0,London_NY,1647,5532.809870257391,79107.31266741105,73574.50279715334,1.0752000986742893,40.43715846994535,4697.9548549106075,1.1777060531933674,0.4824892780387816,34.56344869459624
14,4.0,100,0.0,24h,1916,32236.676593890596,111945.880555943,79709.20396205301,1.4044285351191919,38.413361169102295,2509.643275669776,12.845123012666907,1.9122497196259383,43.358559498956154
14,4.0,100,0.0,London_NY,1314,15879.314320592111,73775.29021344904,57895.9758928565,1.274273195601351,39.5738203957382,2308.3264299664115,6.879145910408854,1.1810493494676333,44.596651445966515
14,4.0,100,2.5,24h,1917,5525.407386998572,72980.54101562555,67455.13362862657,1.081912333276501,55.55555555555556,3533.8957920610574,1.5635456482365642,0.625431431287602,19.528429838288993
14,4.0,100,2.5,London_NY,1315,2024.9277430948405,51866.62733154339,49841.69958844819,1.0406271808508816,53.76425855513308,4652.49183872756,0.43523509837013513,0.26868587845117925,21.476045627376426
14,4.0,100,4.0,24h,1916,9704.293258231848,85508.1687220986,75803.87546386659,1.1280184317602306,45.77244258872651,3231.3456333706636,3.003174020759011,0.9201372984542506,26.357515657620038
14,4.0,100,4.0,London_NY,1314,3470.863392857691,58943.48248465437,55472.61909179627,1.0625689475219209,44.596651445966515,4318.338483537824,0.8037497306172642,0.3926106521504095,29.044140030441397
14,4.0,100,6.0,24h,1916,12646.23426339368,91351.7716238842,78705.53736049049,1.160677821249995,40.18789144050104,3223.7357700894136,3.922850743763942,1.052797116217984,31.87369519832985
14,4.0,100,6.0,London_NY,1314,5171.620490374423,62536.24961635083,57364.62912597592,1.0901534720815111,40.334855403348556,4012.9811662945176,1.2887228412162628,0.5180889198011627,34.53044140030441
14,4.0,200,0.0,24h,1550,32235.931222099112,94980.04872000578,62744.11749790661,1.5137681827013454,39.225806451612904,2220.318861607273,14.518604412865164,2.0952222839550054,43.3858064516129
14,4.0,200,0.0,London_NY,1066,14781.953955078614,61408.34384416887,46626.3898890899,1.3170297762756409,40.24390243902439,2154.920347377083,6.859628929241329,1.233741481290967,44.51969981238274
14,4.0,200,2.5,24h,1551,5547.632988630688,59031.29637799995,53483.66338936886,1.1037257479586524,56.09284332688588,2725.077165875955,2.0357709712221834,0.7087993104665669,19.103803997421018
14,4.0,200,2.5,London_NY,1067,1800.120129394977,42212.28613455665,40412.16600516149,1.044544015016796,53.98313027179007,3557.94891183025,0.5059432200978329,0.2649414997929126,21.153701968134957
14,4.0,200,4.0,24h,1550,10636.722412110053,70252.50465611092,59615.78224400041,1.1784212504094242,46.45161290322581,3232.9636021206534,3.2900841831726546,1.125862906589242,25.985806451612902
14,4.0,200,4.0,London_NY,1066,3714.9406668531465,48408.102144950106,44693.16147809662,1.0831210087626966,44.9343339587242,3413.868973214172,1.0881907583452197,0.4628969473430121,28.68855534709193
14,4.0,200,6.0,24h,1550,14179.018031529695,76061.77757394015,61882.75954240997,1.229127112888573,41.096774193548384,2934.411356026896,4.831980356948882,1.3014332419910395,31.501290322580644
14,4.0,200,6.0,London_NY,1066,5895.885229492631,52075.650603376416,46179.76537388342,1.127672481264432,40.99437148217636,2983.686739676221,1.9760402964194665,0.6441695970896012,34.20168855534709
14,4.0,400,0.0,24h,1410,29539.24091448186,86224.21983816988,56684.97892368789,1.5211123206775674,39.645390070921984,1694.3632184710368,17.43383035730529,2.0147630083245596,43.09503546099291
14,4.0,400,0.0,London_NY,946,18382.2228236612,58297.2592668809,39915.03644321943,1.4605337853019584,41.120507399577164,1307.7672154017637,14.056188752226774,1.5026322109995003,44.70084566596195
14,4.0,400,2.5,24h,1411,5568.458375767916,53762.46412004783,48194.00574427965,1.1155425511901782,56.69737774627924,2136.7897181918142,2.605992685363553,0.7447487007580387,18.837703756201275
14,4.0,400,2.5,London_NY,947,3852.481544713005,38183.488338797666,34331.00679408453,1.1122158044423254,55.22703273495248,3093.9774832588173,1.2451550037317247,0.6127701098787219,20.861668426610347
14,4.0,400,4.0,24h,1410,9866.103009905775,63687.07717982739,53820.97416992121,1.1833133487840142,46.666666666666664,2098.6848493304533,4.701088404508839,1.0961304306729538,25.640425531914897
14,4.0,400,4.0,London_NY,946,6056.49336635086,44039.41222447011,37982.91885811904,1.159453079132081,46.088794926004226,2636.2285714284553,2.297408286971533,0.8082337271846156,28.35200845665962
14,4.0,400,6.0,24h,1410,12889.306047712662,68894.80608607738,56005.50003836424,1.2301435758788666,41.276595744680854,2005.6637346537627,6.426454158297747,1.2427862746921583,31.05744680851064
14,4.0,400,6.0,London_NY,946,8081.794705636556,47588.02325613865,39506.22855050181,1.2045701400047761,41.86046511627907,2124.382435825799,3.804303109150385,0.9339040553716486,33.780126849894295
20,1.5,0,0.0,24h,9712,7130.241314701638,194959.38062743194,187829.13931276044,1.0379613160170995,38.01482701812191,9176.396905515394,0.7770197157030193,0.4974571848372837,8.756589785831961
20,1.5,0,0.0,London_NY,5891,1886.3573364283302,129377.77926025224,127491.42192383122,1.0147959549588208,38.17687998641996,4139.971618650993,0.45564499233040595,0.15919144307274263,9.308097097267018
20,1.5,0,2.5,24h,9712,927.8811767629059,188303.28569945286,187375.4045227212,1.0049519902523767,38.96210873146623,10208.774914547028,0.09089055097499686,0.07771129179840155,6.546643327841846
20,1.5,0,2.5,London_NY,5891,-3832.193933102908,123327.75239867953,127159.94633179004,0.9698631995085039,39.17840774062129,5833.4043884254415,-0.6569395292921391,-0.3926981269598661,6.984552707519946
20,1.5,0,4.0,24h,9712,5223.727185063073,193052.8664977937,187829.13931276044,1.027811058519174,38.01482701812191,9419.95351562298,0.5545385310447157,0.39708814917932944,7.729406919275124
20,1.5,0,4.0,London_NY,5891,-269.23461303460044,127222.18731078946,127491.42192383122,0.9978882138972252,38.17687998641996,4662.340747069067,-0.057746661524868605,-0.024858088722126342,8.19606178916992
20,1.5,0,6.0,24h,9712,5922.88053589306,193752.01984862355,187829.13931276044,1.0315333422574051,38.01482701812191,9085.521112058403,0.6519032274364702,0.43023526513632177,8.36346787479407
20,1.5,0,6.0,London_NY,5891,1118.2120727564643,128609.63399658065,127491.42192383122,1.0087708808630083,38.17687998641996,4575.94501953138,0.24436746245499683,0.0984198331448193,8.8694618910202
20,1.5,100,0.0,24h,5171,8840.266302492499,106911.75040893596,98071.48410644452,1.0901410474516366,38.522529491394316,4288.212750243004,2.061526985103885,0.8366333601224161,8.511313092245214
20,1.5,100,0.0,London_NY,3222,5507.075817872495,72364.46698608536,66857.39116821083,1.0823704862192263,38.98199875853507,2367.883776855666,2.3257373827635197,0.6347440938393301,9.094040968342645
20,1.5,100,2.5,24h,5171,3548.331732179993,101419.96467285162,97871.63294067307,1.0362549558596765,39.48946045252369,6112.825646970549,0.5804732438162225,0.40968500247297146,6.305356797524657
20,1.5,100,2.5,London_NY,3222,1451.6330993666293,68171.65241699372,66720.01931762493,1.0217570845184891,39.944134078212294,2556.237194824118,0.5678788738016579,0.20418455272631966,6.734016139044072
20,1.5,100,4.0,24h,5171,7135.772619631159,105207.25672607475,98071.48410644452,1.0727609323407936,38.522529491394316,4288.047491452866,1.6641076466281006,0.74269341106383,7.444594855927287
20,1.5,100,4.0,London_NY,3222,4061.4986083998338,70918.8897766127,66857.39116821083,1.0607486851855061,38.98199875853507,2073.177685547058,1.9590692282259006,0.5123757391517764,7.943823711980136
20,1.5,100,6.0,24h,5171,7210.26968994365,105281.75379638719,98071.48410644452,1.0735205524382276,38.522529491394316,4517.415747068034,1.5961049621397754,0.7165078516569955,8.047573003287566
20,1.5,100,6.0,London_NY,3222,4628.812054444743,71486.20322265761,66857.39116821083,1.0692341111964847,38.98199875853507,2253.6728393556605,2.05389707574776,0.5570645332770848,8.578522656734947
20,1.5,200,0.0,24h,4948,9768.223406984573,103824.03429565483,94055.81088867076,1.1038556078002053,38.68229587712207,4786.422583006696,2.040819262733891,0.9262523640439007,8.525666936135812
20,1.5,200,0.0,London_NY,3064,6687.603997804042,70669.36063842906,63981.75664062305,1.1045236071802371,39.39295039164491,1970.9142578127357,3.3931481145332794,0.7589891145492792,9.1217362924282
20,1.5,200,2.5,24h,4948,4505.82979126188,98349.86232910186,93844.03253784074,1.0480140257127615,39.59175424413905,6088.160992429634,0.7400970172872704,0.5259768554738972,6.363177041228779
20,1.5,200,2.5,London_NY,3064,2622.918206788413,66457.5829467788,63834.66473998832,1.041089245435441,40.306788511749346,1957.2537963868817,1.340101223270256,0.369505554716912,6.801892950391645
20,1.5,200,4.0,24h,4948,8206.901538088077,102262.71242675846,94055.81088867076,1.087255656620746,38.68229587712207,4486.456579588838,1.8292613318549489,0.8590809042086635,7.5012126111560224
20,1.5,200,4.0,London_NY,3064,4978.237023927077,68959.9936645521,63981.75664062305,1.0778071326158039,39.39295039164491,1693.9940734860538,2.9387570487082115,0.6262252956400406,8.018276762402088
20,1.5,200,6.0,24h,4948,8129.0077697775105,102184.81865844788,94055.81088867076,1.0864274912200695,38.68229587712207,4665.268713377863,1.7424522078368656,0.8152924050417467,8.092360549717057
20,1.5,200,6.0,London_NY,3064,5643.252038575511,69625.00867920053,63981.75664062305,1.088200955004641,39.39295039164491,1856.7033203127066,3.039393519059939,0.6749929174979368,8.637075718015666
20,1.5,400,0.0,24h,4866,8039.6237548849385,99637.67527465889,91598.05151977419,1.0877706853092732,38.47102342786683,4585.987738035875,1.7530844420286689,0.8079326562090827,8.643649815043156
20,1.5,400,0.0,London_NY,2978,5647.551654053988,66960.53954467908,61312.98789062316,1.0921102012534545,39.59032907991941,1927.5815795900253,2.9298638842850733,0.6933251724723817,9.291134989926125
20,1.5,400,2.5,24h,4866,4047.1948303243735,95448.41289062542,91401.21806030156,1.0442794408675575,39.31360460337032,5481.850231931602,0.7382899311530974,0.48739906499130264,6.493423756678997
20,1.5,400,2.5,London_NY,2978,3503.9873229992945,64673.13427734515,61169.1469543439,1.0572835734592898,40.463398253861655,1928.2059204102534,1.817226721435318,0.5067958865563035,6.988247145735393
20,1.5,400,4.0,24h,4866,8157.229742433732,99755.28126220778,91598.05151977419,1.0890546207816725,38.47102342786683,4314.079113768252,1.8908391634266006,0.8772088973059201,7.653719687628442
20,1.5,400,4.0,London_NY,2978,5590.156176759037,66903.14406738411,61312.98789062316,1.0911740949035673,39.59032907991941,1845.5591552735168,3.0289769692755044,0.7231466253250253,8.223304231027535
20,1.5,400,6.0,24h,4866,7465.585272218919,99063.63679199287,91598.05151977419,1.0815037563392602,38.47102342786683,4664.340136717683,1.6005662223151,0.7773394129630466,8.252568845047266
20,1.5,400,6.0,London_NY,2978,5387.806781007107,66700.7946716322,61312.98789062316,1.087873825210091,39.59032907991941,1845.5591552735168,2.9193357284766197,0.6769653928192638,8.856615177971793
20,2.0,0,0.0,24h,6783,31782.65300293328,191982.6659912042,160200.01298828947,1.1983935731967639,39.083001621701314,3418.1482421873498,9.298207904112095,1.9921623242595203,14.059708093763822
20,2.0,0,0.0,London_NY,4171,21581.79892578345,130558.44841308477,108976.64948730491,1.1980405805033858,39.5109086549988,2763.2429687499152,7.810315332331056,1.6037081526679402,14.984176456485255
20,2.0,0,2.5,24h,6784,11379.19408569657,168863.57836303048,157484.38427735103,1.072256015336982,43.1751179245283,5089.053527829836,2.236013833116251,0.9701970825713305,8.986880896226415
20,2.0,0,2.5,London_NY,4172,5347.816021730394,112423.3877990713,107075.57177734387,1.0499443144029885,43.43240651965484,4317.08872680572,1.2387551797406129,0.5505566587914243,9.585330776605943
20,2.0,0,4.0,24h,6784,22658.009790042262,182792.2634033146,160134.25361328947,1.141493835820675,39.224646226415096,4845.960327147097,4.6756490479527795,1.6705465624501832,11.08372641509434
20,2.0,0,4.0,London_NY,4172,14811.487622072218,123723.48718261659,108911.99956054709,1.135995002220443,39.66922339405561,3525.276025389998,4.201511460491562,1.2992993309888596,11.731064237775646
20,2.0,0,6.0,24h,6784,29313.03090820653,189513.04389647814,160200.01298828947,1.1829777061898954,39.091981132075475,3600.3680664054355,8.141676175200695,1.9649994188312012,12.596992924528301
20,2.0,0,6.0,London_NY,4172,19694.434155275456,128671.08364257721,108976.64948730491,1.180721597222225,39.52540747842761,2698.9736816405457,7.297008595987635,1.5696676171930748,13.366970278044104
20,2.0,100,0.0,24h,3821,21203.920751955106,110588.72993164057,89384.80917968592,1.2372206300662278,39.70164878304109,2335.263989257741,9.079881696242287,1.791479171718495,13.847422140800836
20,2.0,100,0.0,London_NY,2466,13638.610937501231,76875.37990722741,63236.768969724944,1.2156753287637458,40.10543390105434,2083.722192382751,6.545311552258981,1.3785067943083975,14.668288726682889
20,2.0,100,2.5,24h,3822,6587.113354493878,94411.5260253911,87824.41267089688,1.075003215554404,43.53741496598639,3507.3378662095583,1.8780948986852777,0.7628330475431458,8.744374672946101
20,2.0,100,2.5,London_NY,2467,3807.9905212413287,65941.33388061648,62133.34335937348,1.0612873912034306,43.69679773003648,2586.334924315772,1.4723501142253461,0.5216576226905703,9.275638427239562
20,2.0,100,4.0,24h,3822,14511.198315431458,103886.70869140675,89375.51037597499,1.1623621309057444,39.82208267922554,3168.6860595695507,4.579563277216149,1.4396408347716327,10.706698063840921
20,2.0,100,4.0,London_NY,2467,9711.13276367298,72939.2112548838,63228.07849120932,1.1535889275051214,40.210782326712604,2333.036621093277,4.162443347812636,1.1353768281759753,11.38629914876368
20,2.0,100,6.0,24h,3822,19490.027783204983,108874.83696289067,89384.80917968592,1.2180463096813787,39.71742543171115,2380.3648193357585,8.187832228441218,1.7528774409059868,12.206698063840921
20,2.0,100,6.0,London_NY,2467,12988.868359376187,76225.63732910248,63236.768969724944,1.2054005694945618,40.12971220105391,2004.4115234374458,6.480140533766766,1.3871442873630229,12.956627482772598
20,2.0,200,0.0,24h,3574,23321.198632814354,107208.67270507816,83887.47407226395,1.2780057319728617,39.339675433687745,2372.892675781184,9.828172538455302,1.9597253000322907,13.889479574706213
20,2.0,200,0.0,London_NY,2290,16143.665283204298,75113.2474365243,58969.582153318814,1.2737625856196932,39.737991266375545,1861.5005615233877,8.672393453372306,1.6073976476789373,14.753711790393014
20,2.0,200,2.5,24h,3575,6192.054992677356,88693.24459228598,82501.18959960778,1.0750541297977554,43.18881118881119,3396.5167907697833,1.823060321534284,0.7375226913689078,8.768391608391608
20,2.0,200,2.5,London_NY,2291,4082.947515870166,62080.289141846864,57997.34162597517,1.0703988734897993,43.34351811436054,2361.2520263663646,1.7291451612444984,0.5741729264274564,9.297686599738105
20,2.0,200,4.0,24h,3575,14777.651123048492,98655.82639160223,83878.17526855302,1.1761799309025924,39.46853146853147,2886.9662353508065,5.118747473419204,1.4964473527573043,10.722517482517482
20,2.0,200,4.0,London_NY,2291,10538.528417969777,69499.42009277438,58960.89167480319,1.1787376024788785,39.8515931907464,1970.5160644527532,5.348105812523031,1.251057737540933,11.38542121344391
20,2.0,200,6.0,24h,3575,20495.53662109549,104383.01069335964,83887.47407226395,1.2443217756615252,39.35664335664335,2303.4295410155664,8.897835273945105,1.8576176778562452,12.224055944055944
20,2.0,200,6.0,London_NY,2291,14663.930273438586,73633.51242675874,58969.582153318814,1.2486693942533666,39.76429506765604,1782.1898925780824,8.228040308446603,1.5683591287281338,12.990833697075512
20,2.0,400,0.0,24h,3445,24096.119628908054,103067.54772949242,78971.42810058415,1.305124526787303,39.912917271407835,2080.7325927733746,11.580594119877139,2.126156094886316,14.04876632801161
20,2.0,400,0.0,London_NY,2186,16722.019750977677,71234.80241699315,54512.78266601429,1.3067541030409389,40.850869167429096,1626.4908935546373,10.281041115718947,1.783583810944693,14.890667886550778
20,2.0,400,2.5,24h,3446,8817.872961427296,86556.22755127036,77738.35458984204,1.1134301466496506,43.586767266395825,2785.1801452623695,3.1659973508092905,1.076853825813234,8.911781775972141
20,2.0,400,2.5,London_NY,2187,7044.367810059568,60664.72808838003,53620.36027831909,1.131374869051547,44.35299497027892,1729.585388183601,4.072865010415887,1.0167893428197239,9.438042981252858
20,2.0,400,4.0,24h,3446,16766.31601562658,95728.9342285163,78962.61821288885,1.2123323212310952,40.01741149158445,2257.823754882,7.425874574741922,1.7405365772172634,10.933546140452698
20,2.0,400,4.0,London_NY,2187,12873.092968750996,67377.18515625097,54504.09218749867,1.2361858064614264,40.96936442615455,1500.3654785156396,8.579971449014387,1.5690271411126318,11.596250571559214
20,2.0,400,6.0,24h,3446,22565.641088868884,101537.06918945342,78971.42810058415,1.2857443714975993,39.93035403366222,1878.460498046823,12.012837699984686,2.09040853167906,12.456471271038886
20,2.0,400,6.0,London_NY,2187,16921.80695800884,71434.58962402436,54512.78266601429,1.3104190637576805,40.87791495198903,1547.180224609332,10.937191859650127,1.8557928254072529,13.225422953818015
20,2.5,0,0.0,24h,5023,21353.71434326526,168874.86940307159,147521.15505982086,1.1447501840301593,38.18435198088792,3596.589257812957,5.93721240113201,1.3276341273040915,20.025482779215608
20,2.5,0,0.0,London_NY,3161,14207.149237062442,116246.80501098528,102039.65577392635,1.139231646062542,37.899398924391015,2269.1627685544954,6.260965248479154,1.052382853025314,21.305599493831064
20,2.5,0,2.5,24h,5024,1061.407647707374,141805.76056518164,140744.35291748543,1.0075413871014667,46.59633757961783,4985.118731687566,0.2129152192425446,0.09278923849546418,11.425358280254777
20,2.5,0,2.5,London_NY,3162,-2927.2796508774627,94585.14675903342,97512.42640991234,0.9699804449683824,45.69892473118279,5296.092327879609,-0.5527244371227672,-0.30959474862233693,12.157495256166984
20,2.5,0,4.0,24h,5024,11689.465448000576,158510.9579589811,146821.49251099254,1.0796168547810763,39.2515923566879,3703.6389038084453,3.1562108919366625,0.8714375410842449,14.577030254777071
20,2.5,0,4.0,London_NY,3162,6250.112652589328,107781.58560180645,101531.47294921927,1.061558376639657,38.89943074003795,2736.7427307118014,2.2837779314987827,0.5582352313570483,15.439278937381404
20,2.5,0,6.0,24h,5024,18792.124536135634,166094.8789489709,147302.75441284818,1.1275748346392334,38.25636942675159,2899.7941772459417,6.480502886581873,1.264256716952208,16.943670382165607
20,2.5,0,6.0,London_NY,3162,12362.88151245287,114184.13663940373,101821.25512695366,1.1214174928116498,38.01391524351676,2291.460559081941,5.39519716516787,1.0011473095240824,18.01518026565465
20,2.5,100,0.0,24h,3008,12193.475299073978,101129.49667968736,88936.02138061446,1.1371038990701998,37.932180851063826,2858.058593750029,4.266348956504438,0.9847743187306051,19.709773936170212
20,2.5,100,0.0,London_NY,2014,6080.31231079193,71101.51253051842,65021.20021972508,1.0935127664553443,37.388282025819265,2786.95108642593,2.1817075801604777,0.5831355286761164,20.75868917576961
20,2.5,100,2.5,24h,3009,-1601.534643553323,82858.17589111417,84459.71053466709,0.9810378861895866,46.62678630774344,4385.318164061041,-0.36520375116185766,-0.1853102713997797,10.964440013293451
20,2.5,100,2.5,London_NY,2015,-4274.11795043854,57677.9600708019,61952.07802123898,0.9310092883571752,45.55831265508685,5297.5148498518,-0.8068156619812231,-0.5846765226789189,11.678908188585607
20,2.5,100,4.0,24h,3009,4558.7510314955125,92954.99487304754,88396.24384155196,1.0515717731136522,39.21568627450981,3020.5629150390214,1.5092388934519578,0.4505274103951077,14.05383848454636
20,2.5,100,4.0,London_NY,2015,1058.2684631356892,65700.22177734462,64641.95331420753,1.0163712327502408,38.511166253101734,3460.0070800781104,0.3058573114572351,0.12270890196612672,14.973697270471463
20,2.5,100,6.0,24h,3009,9751.099511720317,98468.72024536147,88717.6207336418,1.1099116436068044,38.05250913924892,2338.4804931641193,4.169844281457499,0.8654745915196191,16.38318378198737
20,2.5,100,6.0,London_NY,2015,4984.373535157151,69787.17310791099,64802.799572752425,1.0769160216537055,37.5682382133995,3245.569018554723,1.5357472007718178,0.5289826979511411,17.4302729528536
20,2.5,200,0.0,24h,2683,14547.16350097817,94486.39834594737,79939.23484496944,1.1819777676029806,38.38986209467014,3172.925512695547,4.5847793913761565,1.2123399986254937,19.754379426015653
20,2.5,200,0.0,London_NY,1781,7068.866583252897,65284.03485717857,58215.16827392449,1.1214265421340428,37.956204379562045,3831.1773437501543,1.8450898898701267,0.7077543938294492,20.82762492981471
20,2.5,200,2.5,24h,2684,-1296.587896727292,74910.28994751103,76206.87784423688,0.9829859464997895,46.7585692995529,3766.06284179702,-0.3442820662303686,-0.15667127384096494,10.919523099850968
20,2.5,200,2.5,London_NY,1782,-3034.371508788254,52527.2826599131,55561.654168700086,0.9453873079521027,46.07182940516274,4069.757055664166,-0.7455903306476505,-0.43126994106733074,11.592031425364759
20,2.5,200,4.0,24h,2684,5357.749597169186,84818.15749511795,79460.40789794797,1.0674266561033894,39.642324888226526,3220.5144531249516,1.6636315952472804,0.551988800254032,14.016766020864381
20,2.5,200,4.0,London_NY,1782,1705.9969604500338,59566.517681885525,57860.52072143429,1.029484645820328,39.113355780022445,3925.7899902343233,0.4345614423323256,0.20627023656574697,14.986531986531988
20,2.5,200,6.0,24h,2684,12453.120935060066,92173.95513305702,79720.83419799678,1.156209114723152,38.52459016393443,2639.6238769533265,4.717763407047807,1.130809774942204,16.343889716840536
20,2.5,200,6.0,London_NY,1782,6763.776104737226,64760.54373169025,57996.76762695184,1.1166233288766114,38.15937149270483,3710.7594360352814,1.822747128001352,0.7355049876378105,17.450056116722784
20,2.5,400,0.0,24h,2599,15603.403344728062,90928.70452880894,75325.3011840804,1.2071469094640175,38.47633705271258,2279.9789367673147,6.843661181735066,1.3325498617271192,19.62677953058869
20,2.5,400,0.0,London_NY,1703,9689.056018067298,63694.96869506915,54005.91267700075,1.179407319269222,38.22665883734586,1876.9899475095808,5.162018065639023,0.9864444595558746,20.82384028185555
20,2.5,400,2.5,24h,2600,1960.4519653332136,73815.63384399541,71855.1818786606,1.0272833762865614,46.88461538461539,3098.298760983901,0.632751105226098,0.24169268517848636,11.082692307692307
20,2.5,400,2.5,London_NY,1704,-347.7796386711134,51215.85737915132,51563.637017821246,0.9932553314935925,46.244131455399064,2638.2888549805757,-0.13182015229855257,-0.05083560311275011,11.735328638497652
20,2.5,400,4.0,24h,2600,7256.142089844907,82267.52960205145,75011.38751220542,1.0967338737557062,39.61538461538461,2276.912982177524,3.1868332899158496,0.7633627845709507,14.198846153846153
20,2.5,400,4.0,London_NY,1704,3689.1336608894217,57466.94932861397,53777.81566772343,1.068599544534954,39.201877934272304,2065.4984985352567,1.7860742399500953,0.457126134904915,15.150821596244132
20,2.5,400,6.0,24h,2600,13910.821380616602,89117.0719177252,75206.25053710773,1.1849689524643128,38.57692307692308,1940.1616210935208,7.1699291591883645,1.2808915327553845,16.535384615384615
20,2.5,400,6.0,London_NY,1704,9278.293267823106,63165.1552978523,53886.862030028096,1.17218099028765,38.38028169014085,1715.8037963868046,5.4075490958591175,1.0177939684066097,17.624413145539908
20,3.0,0,0.0,24h,3885,34103.00274658425,163494.8911376929,129391.8883911156,1.2635636837101676,37.42599742599742,2769.8777709959777,12.312096621621565,1.8181728328910038,27.230115830115828
20,3.0,0,0.0,London_NY,2460,14406.615783692607,103308.98032226568,88902.36453857351,1.1620498606360614,38.2520325203252,2636.992504882528,5.463275211066399,1.0331546073526152,28.496747967479674
20,3.0,0,2.5,24h,3886,7037.079870607237,125062.38934325989,118025.309472657,1.059623481624788,50.308800823468864,3448.3321960447975,2.0407198235363455,0.6389075109896138,14.107308286155432
20,3.0,0,2.5,London_NY,2461,2046.974951172997,83605.68773193436,81558.71278076075,1.0250981762877514,49.898415278342135,2896.4000427240635,0.7067307419481383,0.22483156308815838,14.95814709467696
20,3.0,0,4.0,24h,3886,14803.251013185349,142077.25656738124,127274.00555420124,1.1163100897840121,40.94184251158003,3884.280541992026,3.8110663874946598,1.141891907723086,18.225939269171388
20,3.0,0,4.0,London_NY,2461,7960.112219239352,95511.01074218786,87550.8985229485,1.0909198232517614,41.44656643640796,2438.643261718613,3.26415607571463,0.7444524565207992,19.34457537586347
20,3.0,0,6.0,24h,3885,18176.439270021394,147244.62092284998,129068.1816528343,1.1408281966728748,37.76061776061776,2629.8747192381816,6.911522871053994,1.2541873623231834,21.775032175032173
20,3.0,0,6.0,London_NY,2460,9100.014038087102,97826.95778808625,88726.94374999928,1.1025620138988168,38.577235772357724,2953.1019042965345,3.081510334894738,0.7718230123344756,23.21707317073171
20,3.0,100,0.0,24h,2509,26557.97884521616,109773.49904785171,83215.52020263555,1.3191469425480444,37.82383419689119,2276.610571288965,11.665578285608873,1.7880219015256376,27.132722200079716
20,3.0,100,0.0,London_NY,1690,10334.26452636795,70937.40469970775,60603.14017333872,1.17052358172878,38.22485207100592,2427.31442871079,4.257489019194249,0.9046142117084415,28.201183431952664
20,3.0,100,2.5,24h,2510,4312.565063477667,80365.0772827158,76052.51221923718,1.056705096750082,50.278884462151396,2764.0820007323437,1.560216036403787,0.49388923854008876,13.676494023904382
20,3.0,100,2.5,London_NY,1691,527.6569885261392,56223.304107667,55695.64711913975,1.009473935860706,49.379065641632174,2797.8993591301296,0.18859041044642452,0.07115791927682048,14.562980484920168
20,3.0,100,4.0,24h,2510,10676.48400879014,92644.35865478577,81967.87464599499,1.1302520536844545,41.31474103585657,2847.1092895506463,3.7499382436686117,1.0301583575470312,17.791235059760957
20,3.0,100,4.0,London_NY,1691,4536.091650391331,64359.65000000074,59823.55834960833,1.07582450418418,41.159077468953285,1861.6126708983174,2.4366463127920426,0.5221703763708833,19.020106445890008
20,3.0,100,6.0,24h,2509,14454.018212891797,97358.06087646539,82904.04266357303,1.1743463617515877,38.22239936229573,1821.4120239256827,7.935611505264528,1.2461711832602749,21.473096851335196
20,3.0,100,6.0,London_NY,1690,6166.416625977348,66605.66035156325,60439.24372558482,1.1020267006313993,38.57988165680474,2388.317114257661,2.581908654075026,0.6487974901905937,22.921301775147928
20,3.0,200,0.0,24h,2145,28133.155456544126,99295.49019775426,71162.33474120963,1.3953377240762859,38.64801864801865,1896.342187499933,14.83548467253889,1.9322201568026922,27.195337995337994
20,3.0,200,0.0,London_NY,1443,12683.923205567084,64613.10363769598,51929.18043212801,1.2442542535818757,39.15453915453915,2190.125122070218,5.791414872944607,1.1143566081641219,28.17117117117117
20,3.0,200,2.5,24h,2146,3783.1645874032824,69106.00040283329,65322.83581542855,1.057914885968732,50.83876980428705,2301.431292724541,1.643831210326769,0.4664193079500629,13.654240447343895
20,3.0,200,2.5,London_NY,1444,1171.4622436529862,48815.5549072274,47644.09266357353,1.0245877752762729,50.27700831024931,2015.447790527196,0.5812416720289033,0.16954831873574408,14.50623268698061
20,3.0,200,4.0,24h,2146,9324.006323243075,79556.31513671942,70232.30881347532,1.132759501727432,42.031686859273066,2066.7938964842688,4.511338232178703,0.9696230782537911,17.729263746505126
20,3.0,200,4.0,London_NY,1444,3721.7791381842085,55017.43298339906,51295.65384521401,1.0725554478633925,41.89750692520776,1840.1664550780079,2.0225230863837456,0.46167131047524085,18.946675900277008
20,3.0,200,6.0,24h,2145,15220.068847657254,86128.17027587963,70908.10142822136,1.214644991772417,39.06759906759907,1602.957812500048,9.494990279201,1.3886550991226096,21.214918414918415
20,3.0,200,6.0,London_NY,1443,7266.553698731138,59031.83768310612,51765.28398437411,1.1403750378521151,39.57033957033957,2261.3351562498865,3.213390849493411,0.8065455471181331,22.58835758835759
20,3.0,400,0.0,24h,2044,22113.126977540032,88149.29722900441,66036.17025146345,1.3348638616281794,38.551859099804304,1657.4603515624622,13.341572217214324,1.7050851759289745,26.565068493150683
20,3.0,400,0.0,London_NY,1355,12179.519592285764,59442.36116943417,47262.84157714763,1.257697573524135,39.40959409594096,2592.519042968637,4.697947976628654,1.1602784773137094,27.946125461254613
20,3.0,400,2.5,24h,2045,4923.228546143491,65494.68099975707,60571.452453612175,1.0812796845166506,50.61124694376528,2262.3089599606974,2.1761963698490683,0.6361108671140823,13.6200488997555
20,3.0,400,2.5,London_NY,1356,3720.1922973638875,46973.02786865311,43252.83557128845,1.086010367834338,50.958702064896755,2376.681323242039,1.5652886489170372,0.5625535969883855,14.503687315634219
20,3.0,400,4.0,24h,2045,9426.912353516473,74755.72646484453,65328.81411132681,1.1442994562468762,41.76039119804401,2365.6675292967484,3.9848847045378557,1.0244644180435802,17.713447432762834
20,3.0,400,4.0,London_NY,1356,5918.979833984943,52667.089990234934,46748.11015624924,1.1266143126257362,42.33038348082596,2603.937133788975,2.2730886077008576,0.7612169664012995,19.071533923303836
20,3.0,400,6.0,24h,2044,12842.289941407233,78807.59786377028,65965.3079223619,1.194682483048865,38.845401174168295,2628.6140624998516,4.885574540826287,1.2439015473605053,21.15606653620352
20,3.0,400,6.0,London_NY,1355,8212.405273438126,55426.97050781308,47214.5652343742,1.1739379624205435,39.70479704797048,3050.440307617082,2.6922032379822,0.9538458091966658,22.723985239852396
20,3.5,0,0.0,24h,3127,36369.01502685719,152780.07854003736,116411.06351318436,1.312418888113104,38.15158298688839,2816.306140136796,12.91372926705001,1.939121683485911,34.77518388231532
20,3.5,0,0.0,London_NY,2016,18626.603460694423,99054.08511352561,80427.4816528312,1.231595010535043,38.93849206349206,2900.0144409177556,6.422934726766305,1.3028287801210947,36.39732142857142
20,3.5,0,2.5,24h,3128,8866.866564942795,110206.74230956967,101339.87574462884,1.0874963236316262,53.70843989769821,2729.397485351219,3.248653452834044,0.8394125561059466,16.46387468030691
20,3.5,0,2.5,London_NY,2017,2183.214337159086,73502.75509033316,71319.54075317289,1.0306117273625761,52.50371839365394,4268.26202392525,0.51149960450444,0.25135042536593133,17.668815071888943
20,3.5,0,4.0,24h,3127,14877.305493165488,127582.23790893545,112704.9324157719,1.1320022573482473,43.46018548129197,2580.8590087888697,5.764478199894779,1.1848907389937673,21.81004157339303
20,3.5,0,4.0,London_NY,2016,8305.490393067295,86259.06129760813,77953.57090454022,1.1065440658675993,43.551587301587304,3854.1755737303174,2.1549330678334178,0.8012946101446325,23.314980158730158
20,3.5,0,6.0,24h,3127,19223.61417846827,134873.69802246036,115650.08384399484,1.1662222243124098,38.983050847457626,3105.306518554815,6.190568970761311,1.3569572627354212,26.409018228333867
20,3.5,0,6.0,London_NY,2016,11189.900183106425,91218.44927368217,80028.54909057534,1.139823854240344,39.632936507936506,3932.3713378904213,2.845585836537353,0.9598524982713178,28.3110119047619
20,3.5,100,0.0,24h,2167,35378.57154541135,114481.13733520509,79102.56578979398,1.447249355215931,38.80941393631749,1967.6271118163859,17.98032327006927,2.2331027006803956,35.21412090447623
20,3.5,100,0.0,London_NY,1481,18333.751654053507,76885.28265380925,58551.5309997549,1.313121644148487,39.16272788656313,2129.8643920898394,8.607943173351186,1.4294200262998622,36.49966239027684
20,3.5,100,2.5,24h,2168,7395.254046631814,76376.33845214959,68981.08440551654,1.107206984499676,54.05904059040591,2310.889233398193,3.200176771673732,0.8623135941721229,15.983394833948338
20,3.5,100,2.5,London_NY,1482,926.570935059251,53179.94583740325,52253.374902343065,1.0177322696723774,52.361673414304995,3721.26904296846,0.24899326664113608,0.12654852101533642,17.0944669365722
20,3.5,100,4.0,24h,2167,12656.627819825218,89151.32939453206,76494.70157470608,1.16545757495982,44.43931702814952,3037.484082031355,4.166812887908517,1.2326387221320183,21.44254730041532
20,3.5,100,4.0,London_NY,1481,5274.775732422545,62237.59580078194,56962.82006835851,1.0926003264250859,43.61917623227549,3144.2084838865558,1.6776164047183013,0.6043630387930002,22.927076299797434
20,3.5,100,6.0,24h,2167,17991.462994385784,96465.52924194373,78474.06624755762,1.2292663532641404,39.73234886940471,3067.9625366211912,5.864303354303714,1.5296082195961698,26.191047531149053
20,3.5,100,6.0,London_NY,1481,9292.663977051483,67571.2929321296,58278.62895507717,1.15945234374363,39.770425388251184,2641.3872924805364,3.518099751409309,0.9372260857932705,27.95881161377448
20,3.5,200,0.0,24h,1782,33866.599346924806,98549.79719848665,64683.19785156131,1.5235764537282825,39.16947250280584,1829.113208007846,18.51531069736802,2.2599952453468912,35.117283950617285
20,3.5,200,0.0,London_NY,1223,17368.211383057256,66040.82758789117,48672.616204833255,1.356837432160329,39.00245298446443,1678.262731933588,10.348922759576926,1.4322914529803494,36.28699918233851
20,3.5,200,2.5,24h,1783,6166.640429688275,62678.42793579214,56511.78750610265,1.1091213125938295,54.01009534492429,2096.4748291009855,2.941433087623888,0.7981103032530389,15.748177229388672
20,3.5,200,2.5,London_NY,1224,1118.5005432134244,44269.51077880932,43151.010235595175,1.0259206108294423,52.369281045751634,3067.441381835706,0.36463632193162215,0.16704926657937694,16.869281045751634
20,3.5,200,4.0,24h,1782,11303.764996338687,73942.24931640708,62638.484320067284,1.1804603850019795,44.500561167227836,3003.2806884766505,3.7638057074419766,1.2115477630803737,21.226711560044894
20,3.5,200,4.0,London_NY,1223,4191.310931397026,51456.91420898492,47265.60327758724,1.0886757100461077,43.66312346688471,2607.494384765696,1.6074093796269666,0.5279253199972204,22.63368765331153
20,3.5,200,6.0,24h,1782,16800.96775512783,80993.02075195378,64192.052996825,1.2617297152960627,40.123456790123456,2600.674060058678,6.4602358339163635,1.5672618022394567,25.831649831649834
20,3.5,200,6.0,London_NY,1223,8519.658679199789,56919.372839356,48399.71416015553,1.176027045345945,39.73834832379395,2191.5189819336483,3.887558697612839,0.9384167012969636,27.46197874080131
20,3.5,400,0.0,24h,1671,28506.128240967682,88905.2772460942,60399.14900512582,1.471962415208022,39.138240574506284,1630.2505371094085,17.48573461077449,2.0750697816407464,34.6163973668462
20,3.5,400,0.0,London_NY,1130,18188.426391602152,62129.40204467823,43940.97565307552,1.4139285967431556,39.91150442477876,1412.4815185546831,12.876930531603271,1.5830615476865362,36.44336283185841
20,3.5,400,2.5,24h,1672,6407.06489257888,59126.75597534286,52719.69108276287,1.1215307745738068,54.366028708133975,1525.7968139647892,4.199159962806644,0.8556050246684856,15.709330143540669
20,3.5,400,2.5,London_NY,1131,3315.814703369656,42155.747033692074,38839.932330321804,1.0853712791044607,53.40406719717065,2666.6431396481967,1.2434414841901578,0.516815267841549,16.912466843501324
20,3.5,400,4.0,24h,1671,11164.25067749099,69701.44932251058,58537.198645018514,1.1907206175887295,44.703770197486534,2433.0404541015923,4.58860051367844,1.2319990557267055,21.080789946140037
20,3.5,400,4.0,London_NY,1130,6684.669036865755,49337.46072998094,42652.791693114625,1.1567228960055482,44.7787610619469,2115.587927245924,3.1597216786767484,0.8691880250070184,22.68141592920354
20,3.5,400,6.0,24h,1671,14963.785131836778,75099.06156616281,60135.27643432505,1.2488353927861295,39.91621783363256,2141.8541137695574,6.986369909900752,1.4509259236748289,25.724715739078395
20,3.5,400,6.0,London_NY,1130,10399.438049316966,54181.52605590869,43782.08800659114,1.2375272291205475,40.61946902654867,1430.440563964814,7.27009448088664,1.182935928645137,27.58938053097345
20,4.0,0,0.0,24h,2549,34088.093286134426,142014.5203613272,107926.42707519537,1.3158456571751578,37.701059238917225,2425.1123535156876,14.056294437953312,1.7505515609684155,43.02157708905453
20,4.0,0,0.0,London_NY,1683,20642.603564454097,94392.62031250032,73750.01674804589,1.279899645785523,39.037433155080215,3267.411669921814,6.3177235224075865,1.3580953752350056,44.68686868686869
20,4.0,0,2.5,24h,2550,6008.476837159307,95986.04827270527,89977.57143554621,1.0667774951168039,56.03921568627451,3511.599230956748,1.7110371776457747,0.5820552729522586,18.984313725490196
20,4.0,0,2.5,London_NY,1684,3612.679223633538,65980.90039062606,62368.22116699134,1.0579250002010119,55.22565320665083,4415.724462890415,0.8181396402774586,0.43002583487278967,20.5
20,4.0,0,4.0,24h,2549,10294.362207032309,112287.11335449245,101992.75114746076,1.1009322926503682,44.99803844644959,2866.5855957029526,3.591158143843214,0.841618006793628,25.859160455080424
20,4.0,0,4.0,London_NY,1683,8138.62968750071,77732.79208984443,69594.16240234277,1.1169441431085847,45.21687462863933,4062.596679687398,2.003307325138401,0.8107271075638038,27.718954248366014
20,4.0,0,6.0,24h,2549,10447.664697266742,117317.02658691432,106869.36188964844,1.097761084304536,39.27030207924676,3002.8015136720533,3.4793057915075267,0.7678253952475724,31.315417810906236
20,4.0,0,6.0,London_NY,1683,5815.350512696014,79064.90805664123,73249.5575439443,1.0793909302347409,40.16636957813429,4650.322265624887,1.250526346460545,0.5238321782718856,33.72073677956031
20,4.0,100,0.0,24h,1904,28897.65810546984,107707.25871582047,78809.60061035054,1.3666768754272132,37.71008403361345,1899.6677246093022,15.211954033389242,1.7918469724577017,42.95273109243697
20,4.0,100,0.0,London_NY,1330,15951.310546875626,73667.48535156305,57716.174804686656,1.2763750473910673,39.097744360902254,2527.3759277343015,6.311411916143152,1.2179278113064318,44.36015037593985
20,4.0,100,2.5,24h,1905,5695.41796875083,70991.07941894652,65295.6614501944,1.0872250597093105,56.53543307086614,3034.697253417775,1.8767664426283266,0.6689900948016312,18.57060367454068
20,4.0,100,2.5,London_NY,1331,2586.4038146978396,51404.48936157307,48818.08554687441,1.052980443328021,55.37190082644628,4146.129333495923,0.62381165821401,0.3540011948444836,20.043576258452294
20,4.0,100,4.0,24h,1904,9722.325463867981,83948.63818359446,74226.31271972558,1.1309821963079298,45.430672268907564,2486.6938964845285,3.9097395451899244,0.9488262131180725,25.33140756302521
20,4.0,100,4.0,London_NY,1330,5168.9494628911825,59911.63408203189,54742.68461913988,1.0944226520649074,44.962406015037594,4049.8792968746,1.2763218565255015,0.5940756086433995,27.286466165413536
20,4.0,100,6.0,24h,1904,9965.495019532089,87832.15085449273,77866.65583495989,1.127981546307253,39.44327731092437,2145.6086914063962,4.644600415465292,0.8727394958862259,31.017857142857142
20,4.0,100,6.0,London_NY,1330,4328.43176269587,61610.11608886774,57281.68432617106,1.0755639750055166,40.225563909774436,3532.765820312383,1.2252246491427872,0.44931775140959673,33.36240601503759
20,4.0,200,0.0,24h,1522,31289.27814941494,92092.1761474614,60802.8979980459,1.5146017571468566,39.09329829172142,1941.895166015558,16.112753508530158,2.0798781292029607,43.35873850197109
20,4.0,200,0.0,London_NY,1074,17860.297265625544,63508.570874023884,45648.27360839784,1.3912589864590261,40.22346368715084,1466.0276367187107,12.182783474396691,1.459572283904448,44.83519553072626
20,4.0,200,2.5,24h,1523,7695.376177979172,57909.68604126074,50214.30986328059,1.153250660995491,57.51805646749836,1641.711303710952,4.687411337538101,1.0249026550894602,18.520026263952722
20,4.0,200,2.5,London_NY,1075,4063.8866882328803,42540.32350463929,38476.43681640584,1.1056201411691184,56.093023255813954,3130.07036132798,1.298337167893157,0.6171197535417986,20.036279069767442
20,4.0,200,4.0,24h,1522,12203.001171875629,69390.0331054695,57187.03193359291,1.2133875593691772,46.583442838370566,2138.916406250137,5.705225849975804,1.3331811783642902,25.224704336399476
20,4.0,200,4.0,London_NY,1074,6854.085229492645,50080.78872070358,43226.70349121041,1.158561367763953,45.99627560521415,3660.1755859373643,1.8726110451713005,0.8663906628094218,27.053072625698324
20,4.0,200,6.0,24h,1522,13903.41791992255,73887.11311035219,59983.69519042874,1.2317866192768654,40.86727989487517,1870.7102050780704,7.43216019358932,1.340385896480831,31.030223390275953
20,4.0,200,6.0,London_NY,1074,7458.687524414506,52724.42177734417,45265.734252929105,1.1647755779844093,41.340782122905026,2673.877050781175,2.7894654027699013,0.837313288128665,33.30633147113594
20,4.0,400,0.0,24h,1375,25378.011474610088,81796.0599365239,56418.04846191316,1.4498207961188696,38.90909090909091,1728.8031250000058,14.679526608681947,1.7831940216941367,42.719272727272724
20,4.0,400,0.0,London_NY,957,18861.401196289502,59366.11855468787,40504.717358397924,1.4656593707196768,40.6478578892372,1815.1145507812034,10.391300751884657,1.5339758646515078,44.80146290491118
20,4.0,400,2.5,24h,1376,4925.976904297484,51755.471215821155,46829.49431152282,1.1051896241187096,56.97674418604651,2482.94907226563,1.9839218449223572,0.6738231660954594,18.336482558139533
20,4.0,400,2.5,London_NY,958,3923.3237487797123,38122.78854370169,34199.46479492151,1.1147188639444083,55.8455114822547,3540.920336913863,1.1079954857722494,0.6317398644381153,19.94885177453027
20,4.0,400,4.0,24h,1375,8949.137695313075,61989.09167480536,53039.953979491416,1.168724461917411,46.18181818181818,2242.3711914062624,3.9909260918130087,1.0115093648639124,24.919272727272727
20,4.0,400,4.0,London_NY,957,6802.139111328529,45066.968579101915,38264.82946777298,1.1777647831165108,46.18599791013584,3980.8370117186314,1.7087208271287317,0.9055690350433884,26.93939393939394
20,4.0,400,6.0,24h,1375,9864.345703125642,65542.68269043027,55678.33698730382,1.1771666726571914,40.50909090909091,1921.6006835937587,5.1334003923632245,0.9957165930298275,30.586181818181817
20,4.0,400,6.0,London_NY,957,7190.793774414483,47345.83291015658,40155.03913574169,1.1790757506201612,41.692789968652036,3062.179296874907,2.3482602020570824,0.8514461465632286,32.98850574712644
