total_trades,net_profit,pf,win_rate,max_dd,mcr,pos_months,total_months,vortex_period,entry_mode,lookback,delta_vi_thresh,use_kfd,kfd_thresh,profit_lock,trend_tp,trend_sl,def_thresh,def_mult
153,12575.02,2.232,30.07,1222.54,44.44,32,72,14,breakout_vortex,16,0.05,True,1.35,200.0,4.0,2.5,120.0,0.25
153,12575.02,2.232,30.07,1222.54,44.44,32,72,14,breakout_vortex,16,0.05,True,1.35,250.0,4.0,2.5,120.0,0.25
153,12575.02,2.232,30.07,1222.54,44.44,32,72,14,breakout_vortex,20,0.05,True,1.35,200.0,4.0,2.5,120.0,0.25
153,12575.02,2.232,30.07,1222.54,44.44,32,72,14,breakout_vortex,20,0.05,True,1.35,250.0,4.0,2.5,120.0,0.25
153,12575.02,2.232,30.07,1222.54,44.44,32,72,21,breakout_vortex,16,0.05,True,1.35,200.0,4.0,2.5,120.0,0.25
153,12575.02,2.232,30.07,1222.54,44.44,32,72,21,breakout_vortex,16,0.05,True,1.35,250.0,4.0,2.5,120.0,0.25
153,12575.02,2.232,30.07,1222.54,44.44,32,72,21,breakout_vortex,16,0.1,True,1.35,200.0,4.0,2.5,120.0,0.25
153,12575.02,2.232,30.07,1222.54,44.44,32,72,21,breakout_vortex,16,0.1,True,1.35,250.0,4.0,2.5,120.0,0.25
153,12575.02,2.232,30.07,1222.54,44.44,32,72,21,breakout_vortex,16,0.15,True,1.35,200.0,4.0,2.5,120.0,0.25
153,12575.02,2.232,30.07,1222.54,44.44,32,72,21,breakout_vortex,16,0.15,True,1.35,250.0,4.0,2.5,120.0,0.25
153,12575.02,2.232,30.07,1222.54,44.44,32,72,21,breakout_vortex,16,0.2,True,1.35,200.0,4.0,2.5,120.0,0.25
153,12575.02,2.232,30.07,1222.54,44.44,32,72,21,breakout_vortex,16,0.2,True,1.35,250.0,4.0,2.5,120.0,0.25
153,12575.02,2.232,30.07,1222.54,44.44,32,72,21,breakout_vortex,20,0.05,True,1.35,200.0,4.0,2.5,120.0,0.25
153,12575.02,2.232,30.07,1222.54,44.44,32,72,21,breakout_vortex,20,0.05,True,1.35,250.0,4.0,2.5,120.0,0.25
153,12575.02,2.232,30.07,1222.54,44.44,32,72,21,breakout_vortex,20,0.1,True,1.35,200.0,4.0,2.5,120.0,0.25
153,12575.02,2.232,30.07,1222.54,44.44,32,72,21,breakout_vortex,20,0.1,True,1.35,250.0,4.0,2.5,120.0,0.25
153,12575.02,2.232,30.07,1222.54,44.44,32,72,21,breakout_vortex,20,0.15,True,1.35,200.0,4.0,2.5,120.0,0.25
153,12575.02,2.232,30.07,1222.54,44.44,32,72,21,breakout_vortex,20,0.15,True,1.35,250.0,4.0,2.5,120.0,0.25
153,12575.02,2.232,30.07,1222.54,44.44,32,72,21,breakout_vortex,20,0.2,True,1.35,200.0,4.0,2.5,120.0,0.25
153,12575.02,2.232,30.07,1222.54,44.44,32,72,21,breakout_vortex,20,0.2,True,1.35,250.0,4.0,2.5,120.0,0.25
153,12566.54,2.231,30.07,1222.54,44.44,32,72,14,breakout_vortex,16,0.1,True,1.35,200.0,4.0,2.5,120.0,0.25
153,12566.54,2.231,30.07,1222.54,44.44,32,72,14,breakout_vortex,16,0.1,True,1.35,250.0,4.0,2.5,120.0,0.25
153,12566.54,2.231,30.07,1222.54,44.44,32,72,14,breakout_vortex,16,0.15,True,1.35,200.0,4.0,2.5,120.0,0.25
153,12566.54,2.231,30.07,1222.54,44.44,32,72,14,breakout_vortex,16,0.15,True,1.35,250.0,4.0,2.5,120.0,0.25
153,12566.54,2.231,30.07,1222.54,44.44,32,72,14,breakout_vortex,16,0.2,True,1.35,200.0,4.0,2.5,120.0,0.25
153,12566.54,2.231,30.07,1222.54,44.44,32,72,14,breakout_vortex,16,0.2,True,1.35,250.0,4.0,2.5,120.0,0.25
153,12566.54,2.231,30.07,1222.54,44.44,32,72,14,breakout_vortex,20,0.1,True,1.35,200.0,4.0,2.5,120.0,0.25
153,12566.54,2.231,30.07,1222.54,44.44,32,72,14,breakout_vortex,20,0.1,True,1.35,250.0,4.0,2.5,120.0,0.25
153,12566.54,2.231,30.07,1222.54,44.44,32,72,14,breakout_vortex,20,0.15,True,1.35,200.0,4.0,2.5,120.0,0.25
153,12566.54,2.231,30.07,1222.54,44.44,32,72,14,breakout_vortex,20,0.15,True,1.35,250.0,4.0,2.5,120.0,0.25
153,12566.54,2.231,30.07,1222.54,44.44,32,72,14,breakout_vortex,20,0.2,True,1.35,200.0,4.0,2.5,120.0,0.25
153,12566.54,2.231,30.07,1222.54,44.44,32,72,14,breakout_vortex,20,0.2,True,1.35,250.0,4.0,2.5,120.0,0.25
154,12546.95,2.226,29.87,1222.54,44.44,32,72,21,breakout_vortex,12,0.05,True,1.35,200.0,4.0,2.5,120.0,0.25
154,12546.95,2.226,29.87,1222.54,44.44,32,72,21,breakout_vortex,12,0.05,True,1.35,250.0,4.0,2.5,120.0,0.25
154,12546.95,2.226,29.87,1222.54,44.44,32,72,21,breakout_vortex,12,0.1,True,1.35,200.0,4.0,2.5,120.0,0.25
154,12546.95,2.226,29.87,1222.54,44.44,32,72,21,breakout_vortex,12,0.1,True,1.35,250.0,4.0,2.5,120.0,0.25
154,12546.95,2.226,29.87,1222.54,44.44,32,72,21,breakout_vortex,12,0.15,True,1.35,200.0,4.0,2.5,120.0,0.25
154,12546.95,2.226,29.87,1222.54,44.44,32,72,21,breakout_vortex,12,0.15,True,1.35,250.0,4.0,2.5,120.0,0.25
154,12546.95,2.226,29.87,1222.54,44.44,32,72,21,breakout_vortex,12,0.2,True,1.35,200.0,4.0,2.5,120.0,0.25
154,12546.95,2.226,29.87,1222.54,44.44,32,72,21,breakout_vortex,12,0.2,True,1.35,250.0,4.0,2.5,120.0,0.25
148,12540.04,2.201,30.41,1266.11,48.61,35,72,14,breakout_vortex,16,0.05,True,1.35,200.0,4.0,2.5,120.0,0.3
148,12540.04,2.201,30.41,1266.11,48.61,35,72,14,breakout_vortex,16,0.05,True,1.35,250.0,4.0,2.5,120.0,0.3
148,12540.04,2.201,30.41,1266.11,48.61,35,72,14,breakout_vortex,20,0.05,True,1.35,200.0,4.0,2.5,120.0,0.3
148,12540.04,2.201,30.41,1266.11,48.61,35,72,14,breakout_vortex,20,0.05,True,1.35,250.0,4.0,2.5,120.0,0.3
148,12540.04,2.201,30.41,1266.11,48.61,35,72,21,breakout_vortex,16,0.05,True,1.35,200.0,4.0,2.5,120.0,0.3
148,12540.04,2.201,30.41,1266.11,48.61,35,72,21,breakout_vortex,16,0.05,True,1.35,250.0,4.0,2.5,120.0,0.3
148,12540.04,2.201,30.41,1266.11,48.61,35,72,21,breakout_vortex,16,0.1,True,1.35,200.0,4.0,2.5,120.0,0.3
148,12540.04,2.201,30.41,1266.11,48.61,35,72,21,breakout_vortex,16,0.1,True,1.35,250.0,4.0,2.5,120.0,0.3
148,12540.04,2.201,30.41,1266.11,48.61,35,72,21,breakout_vortex,16,0.15,True,1.35,200.0,4.0,2.5,120.0,0.3
148,12540.04,2.201,30.41,1266.11,48.61,35,72,21,breakout_vortex,16,0.15,True,1.35,250.0,4.0,2.5,120.0,0.3
148,12540.04,2.201,30.41,1266.11,48.61,35,72,21,breakout_vortex,16,0.2,True,1.35,200.0,4.0,2.5,120.0,0.3
148,12540.04,2.201,30.41,1266.11,48.61,35,72,21,breakout_vortex,16,0.2,True,1.35,250.0,4.0,2.5,120.0,0.3
148,12540.04,2.201,30.41,1266.11,48.61,35,72,21,breakout_vortex,20,0.05,True,1.35,200.0,4.0,2.5,120.0,0.3
148,12540.04,2.201,30.41,1266.11,48.61,35,72,21,breakout_vortex,20,0.05,True,1.35,250.0,4.0,2.5,120.0,0.3
148,12540.04,2.201,30.41,1266.11,48.61,35,72,21,breakout_vortex,20,0.1,True,1.35,200.0,4.0,2.5,120.0,0.3
148,12540.04,2.201,30.41,1266.11,48.61,35,72,21,breakout_vortex,20,0.1,True,1.35,250.0,4.0,2.5,120.0,0.3
148,12540.04,2.201,30.41,1266.11,48.61,35,72,21,breakout_vortex,20,0.15,True,1.35,200.0,4.0,2.5,120.0,0.3
148,12540.04,2.201,30.41,1266.11,48.61,35,72,21,breakout_vortex,20,0.15,True,1.35,250.0,4.0,2.5,120.0,0.3
148,12540.04,2.201,30.41,1266.11,48.61,35,72,21,breakout_vortex,20,0.2,True,1.35,200.0,4.0,2.5,120.0,0.3
148,12540.04,2.201,30.41,1266.11,48.61,35,72,21,breakout_vortex,20,0.2,True,1.35,250.0,4.0,2.5,120.0,0.3
154,12429.13,2.201,29.87,1222.54,44.44,32,72,14,breakout_vortex,12,0.1,True,1.35,200.0,4.0,2.5,120.0,0.25
154,12429.13,2.201,29.87,1222.54,44.44,32,72,14,breakout_vortex,12,0.1,True,1.35,250.0,4.0,2.5,120.0,0.25
148,12531.56,2.2,30.41,1266.11,48.61,35,72,14,breakout_vortex,16,0.1,True,1.35,200.0,4.0,2.5,120.0,0.3
148,12531.56,2.2,30.41,1266.11,48.61,35,72,14,breakout_vortex,16,0.1,True,1.35,250.0,4.0,2.5,120.0,0.3
148,12531.56,2.2,30.41,1266.11,48.61,35,72,14,breakout_vortex,16,0.15,True,1.35,200.0,4.0,2.5,120.0,0.3
148,12531.56,2.2,30.41,1266.11,48.61,35,72,14,breakout_vortex,16,0.15,True,1.35,250.0,4.0,2.5,120.0,0.3
148,12531.56,2.2,30.41,1266.11,48.61,35,72,14,breakout_vortex,16,0.2,True,1.35,200.0,4.0,2.5,120.0,0.3
148,12531.56,2.2,30.41,1266.11,48.61,35,72,14,breakout_vortex,16,0.2,True,1.35,250.0,4.0,2.5,120.0,0.3
148,12531.56,2.2,30.41,1266.11,48.61,35,72,14,breakout_vortex,20,0.1,True,1.35,200.0,4.0,2.5,120.0,0.3
148,12531.56,2.2,30.41,1266.11,48.61,35,72,14,breakout_vortex,20,0.1,True,1.35,250.0,4.0,2.5,120.0,0.3
148,12531.56,2.2,30.41,1266.11,48.61,35,72,14,breakout_vortex,20,0.15,True,1.35,200.0,4.0,2.5,120.0,0.3
148,12531.56,2.2,30.41,1266.11,48.61,35,72,14,breakout_vortex,20,0.15,True,1.35,250.0,4.0,2.5,120.0,0.3
148,12531.56,2.2,30.41,1266.11,48.61,35,72,14,breakout_vortex,20,0.2,True,1.35,200.0,4.0,2.5,120.0,0.3
148,12531.56,2.2,30.41,1266.11,48.61,35,72,14,breakout_vortex,20,0.2,True,1.35,250.0,4.0,2.5,120.0,0.3
154,12421.42,2.199,29.87,1222.54,44.44,32,72,14,breakout_vortex,12,0.15,True,1.35,200.0,4.0,2.5,120.0,0.25
154,12421.42,2.199,29.87,1222.54,44.44,32,72,14,breakout_vortex,12,0.15,True,1.35,250.0,4.0,2.5,120.0,0.25
154,12421.42,2.199,29.87,1222.54,44.44,32,72,14,breakout_vortex,12,0.2,True,1.35,200.0,4.0,2.5,120.0,0.25
154,12421.42,2.199,29.87,1222.54,44.44,32,72,14,breakout_vortex,12,0.2,True,1.35,250.0,4.0,2.5,120.0,0.25
151,12602.68,2.198,27.15,1196.01,44.44,32,72,14,breakout_vortex,16,0.05,True,1.35,200.0,4.5,2.5,120.0,0.25
151,12602.68,2.198,27.15,1196.01,44.44,32,72,14,breakout_vortex,20,0.05,True,1.35,200.0,4.5,2.5,120.0,0.25
151,12602.68,2.198,27.15,1196.01,44.44,32,72,21,breakout_vortex,16,0.05,True,1.35,200.0,4.5,2.5,120.0,0.25
151,12602.68,2.198,27.15,1196.01,44.44,32,72,21,breakout_vortex,16,0.1,True,1.35,200.0,4.5,2.5,120.0,0.25
151,12602.68,2.198,27.15,1196.01,44.44,32,72,21,breakout_vortex,16,0.15,True,1.35,200.0,4.5,2.5,120.0,0.25
151,12602.68,2.198,27.15,1196.01,44.44,32,72,21,breakout_vortex,16,0.2,True,1.35,200.0,4.5,2.5,120.0,0.25
151,12602.68,2.198,27.15,1196.01,44.44,32,72,21,breakout_vortex,20,0.05,True,1.35,200.0,4.5,2.5,120.0,0.25
151,12602.68,2.198,27.15,1196.01,44.44,32,72,21,breakout_vortex,20,0.1,True,1.35,200.0,4.5,2.5,120.0,0.25
151,12602.68,2.198,27.15,1196.01,44.44,32,72,21,breakout_vortex,20,0.15,True,1.35,200.0,4.5,2.5,120.0,0.25
151,12602.68,2.198,27.15,1196.01,44.44,32,72,21,breakout_vortex,20,0.2,True,1.35,200.0,4.5,2.5,120.0,0.25
151,12601.92,2.198,27.15,1196.01,44.44,32,72,21,breakout_vortex,12,0.05,True,1.35,200.0,4.5,2.5,120.0,0.25
151,12601.92,2.198,27.15,1196.01,44.44,32,72,21,breakout_vortex,12,0.1,True,1.35,200.0,4.5,2.5,120.0,0.25
151,12601.92,2.198,27.15,1196.01,44.44,32,72,21,breakout_vortex,12,0.15,True,1.35,200.0,4.5,2.5,120.0,0.25
151,12601.92,2.198,27.15,1196.01,44.44,32,72,21,breakout_vortex,12,0.2,True,1.35,200.0,4.5,2.5,120.0,0.25
151,12594.2,2.197,27.15,1196.01,44.44,32,72,14,breakout_vortex,16,0.1,True,1.35,200.0,4.5,2.5,120.0,0.25
151,12594.2,2.197,27.15,1196.01,44.44,32,72,14,breakout_vortex,16,0.15,True,1.35,200.0,4.5,2.5,120.0,0.25
151,12594.2,2.197,27.15,1196.01,44.44,32,72,14,breakout_vortex,16,0.2,True,1.35,200.0,4.5,2.5,120.0,0.25
151,12594.2,2.197,27.15,1196.01,44.44,32,72,14,breakout_vortex,20,0.1,True,1.35,200.0,4.5,2.5,120.0,0.25
151,12594.2,2.197,27.15,1196.01,44.44,32,72,14,breakout_vortex,20,0.15,True,1.35,200.0,4.5,2.5,120.0,0.25
151,12594.2,2.197,27.15,1196.01,44.44,32,72,14,breakout_vortex,20,0.2,True,1.35,200.0,4.5,2.5,120.0,0.25
144,12688.95,2.195,27.78,1271.35,47.22,34,72,14,breakout_vortex,16,0.05,True,1.35,200.0,4.5,2.5,120.0,0.3
144,12688.95,2.195,27.78,1271.35,47.22,34,72,14,breakout_vortex,20,0.05,True,1.35,200.0,4.5,2.5,120.0,0.3
144,12688.95,2.195,27.78,1271.35,47.22,34,72,21,breakout_vortex,16,0.05,True,1.35,200.0,4.5,2.5,120.0,0.3
144,12688.95,2.195,27.78,1271.35,47.22,34,72,21,breakout_vortex,16,0.1,True,1.35,200.0,4.5,2.5,120.0,0.3
144,12688.95,2.195,27.78,1271.35,47.22,34,72,21,breakout_vortex,16,0.15,True,1.35,200.0,4.5,2.5,120.0,0.3
144,12688.95,2.195,27.78,1271.35,47.22,34,72,21,breakout_vortex,16,0.2,True,1.35,200.0,4.5,2.5,120.0,0.3
144,12688.95,2.195,27.78,1271.35,47.22,34,72,21,breakout_vortex,20,0.05,True,1.35,200.0,4.5,2.5,120.0,0.3
144,12688.95,2.195,27.78,1271.35,47.22,34,72,21,breakout_vortex,20,0.1,True,1.35,200.0,4.5,2.5,120.0,0.3
144,12688.95,2.195,27.78,1271.35,47.22,34,72,21,breakout_vortex,20,0.15,True,1.35,200.0,4.5,2.5,120.0,0.3
144,12688.95,2.195,27.78,1271.35,47.22,34,72,21,breakout_vortex,20,0.2,True,1.35,200.0,4.5,2.5,120.0,0.3
144,12688.18,2.195,27.78,1271.35,47.22,34,72,21,breakout_vortex,12,0.05,True,1.35,200.0,4.5,2.5,120.0,0.3
144,12688.18,2.195,27.78,1271.35,47.22,34,72,21,breakout_vortex,12,0.1,True,1.35,200.0,4.5,2.5,120.0,0.3
144,12688.18,2.195,27.78,1271.35,47.22,34,72,21,breakout_vortex,12,0.15,True,1.35,200.0,4.5,2.5,120.0,0.3
144,12688.18,2.195,27.78,1271.35,47.22,34,72,21,breakout_vortex,12,0.2,True,1.35,200.0,4.5,2.5,120.0,0.3
155,12401.79,2.195,29.68,1222.54,44.44,32,72,14,breakout_vortex,12,0.05,True,1.35,200.0,4.0,2.5,120.0,0.25
155,12401.79,2.195,29.68,1222.54,44.44,32,72,14,breakout_vortex,12,0.05,True,1.35,250.0,4.0,2.5,120.0,0.25
149,12506.52,2.194,30.2,1266.11,47.22,34,72,21,breakout_vortex,12,0.05,True,1.35,200.0,4.0,2.5,120.0,0.3
149,12506.52,2.194,30.2,1266.11,47.22,34,72,21,breakout_vortex,12,0.05,True,1.35,250.0,4.0,2.5,120.0,0.3
149,12506.52,2.194,30.2,1266.11,47.22,34,72,21,breakout_vortex,12,0.1,True,1.35,200.0,4.0,2.5,120.0,0.3
149,12506.52,2.194,30.2,1266.11,47.22,34,72,21,breakout_vortex,12,0.1,True,1.35,250.0,4.0,2.5,120.0,0.3
149,12506.52,2.194,30.2,1266.11,47.22,34,72,21,breakout_vortex,12,0.15,True,1.35,200.0,4.0,2.5,120.0,0.3
149,12506.52,2.194,30.2,1266.11,47.22,34,72,21,breakout_vortex,12,0.15,True,1.35,250.0,4.0,2.5,120.0,0.3
149,12506.52,2.194,30.2,1266.11,47.22,34,72,21,breakout_vortex,12,0.2,True,1.35,200.0,4.0,2.5,120.0,0.3
149,12506.52,2.194,30.2,1266.11,47.22,34,72,21,breakout_vortex,12,0.2,True,1.35,250.0,4.0,2.5,120.0,0.3
144,12680.46,2.193,27.78,1271.35,47.22,34,72,14,breakout_vortex,16,0.1,True,1.35,200.0,4.5,2.5,120.0,0.3
144,12680.46,2.193,27.78,1271.35,47.22,34,72,14,breakout_vortex,16,0.15,True,1.35,200.0,4.5,2.5,120.0,0.3
144,12680.46,2.193,27.78,1271.35,47.22,34,72,14,breakout_vortex,16,0.2,True,1.35,200.0,4.5,2.5,120.0,0.3
144,12680.46,2.193,27.78,1271.35,47.22,34,72,14,breakout_vortex,20,0.1,True,1.35,200.0,4.5,2.5,120.0,0.3
144,12680.46,2.193,27.78,1271.35,47.22,34,72,14,breakout_vortex,20,0.15,True,1.35,200.0,4.5,2.5,120.0,0.3
144,12680.46,2.193,27.78,1271.35,47.22,34,72,14,breakout_vortex,20,0.2,True,1.35,200.0,4.5,2.5,120.0,0.3
154,12734.79,2.185,27.27,1196.01,43.06,31,72,14,breakout_vortex,16,0.05,True,1.35,250.0,4.5,2.5,120.0,0.25
154,12734.79,2.185,27.27,1196.01,43.06,31,72,14,breakout_vortex,20,0.05,True,1.35,250.0,4.5,2.5,120.0,0.25
154,12734.79,2.185,27.27,1196.01,43.06,31,72,21,breakout_vortex,16,0.05,True,1.35,250.0,4.5,2.5,120.0,0.25
154,12734.79,2.185,27.27,1196.01,43.06,31,72,21,breakout_vortex,16,0.1,True,1.35,250.0,4.5,2.5,120.0,0.25
154,12734.79,2.185,27.27,1196.01,43.06,31,72,21,breakout_vortex,16,0.15,True,1.35,250.0,4.5,2.5,120.0,0.25
154,12734.79,2.185,27.27,1196.01,43.06,31,72,21,breakout_vortex,16,0.2,True,1.35,250.0,4.5,2.5,120.0,0.25
154,12734.79,2.185,27.27,1196.01,43.06,31,72,21,breakout_vortex,20,0.05,True,1.35,250.0,4.5,2.5,120.0,0.25
154,12734.79,2.185,27.27,1196.01,43.06,31,72,21,breakout_vortex,20,0.1,True,1.35,250.0,4.5,2.5,120.0,0.25
154,12734.79,2.185,27.27,1196.01,43.06,31,72,21,breakout_vortex,20,0.15,True,1.35,250.0,4.5,2.5,120.0,0.25
154,12734.79,2.185,27.27,1196.01,43.06,31,72,21,breakout_vortex,20,0.2,True,1.35,250.0,4.5,2.5,120.0,0.25
154,12734.02,2.185,27.27,1196.01,43.06,31,72,21,breakout_vortex,12,0.05,True,1.35,250.0,4.5,2.5,120.0,0.25
154,12734.02,2.185,27.27,1196.01,43.06,31,72,21,breakout_vortex,12,0.1,True,1.35,250.0,4.5,2.5,120.0,0.25
154,12734.02,2.185,27.27,1196.01,43.06,31,72,21,breakout_vortex,12,0.15,True,1.35,250.0,4.5,2.5,120.0,0.25
154,12734.02,2.185,27.27,1196.01,43.06,31,72,21,breakout_vortex,12,0.2,True,1.35,250.0,4.5,2.5,120.0,0.25
154,12726.31,2.183,27.27,1196.01,43.06,31,72,14,breakout_vortex,16,0.1,True,1.35,250.0,4.5,2.5,120.0,0.25
154,12726.31,2.183,27.27,1196.01,43.06,31,72,14,breakout_vortex,16,0.15,True,1.35,250.0,4.5,2.5,120.0,0.25
154,12726.31,2.183,27.27,1196.01,43.06,31,72,14,breakout_vortex,16,0.2,True,1.35,250.0,4.5,2.5,120.0,0.25
154,12726.31,2.183,27.27,1196.01,43.06,31,72,14,breakout_vortex,20,0.1,True,1.35,250.0,4.5,2.5,120.0,0.25
154,12726.31,2.183,27.27,1196.01,43.06,31,72,14,breakout_vortex,20,0.15,True,1.35,250.0,4.5,2.5,120.0,0.25
154,12726.31,2.183,27.27,1196.01,43.06,31,72,14,breakout_vortex,20,0.2,True,1.35,250.0,4.5,2.5,120.0,0.25
149,12394.16,2.171,30.2,1266.11,48.61,35,72,14,breakout_vortex,12,0.1,True,1.35,200.0,4.0,2.5,120.0,0.3
149,12394.16,2.171,30.2,1266.11,48.61,35,72,14,breakout_vortex,12,0.1,True,1.35,250.0,4.0,2.5,120.0,0.3
149,12386.45,2.169,30.2,1266.11,48.61,35,72,14,breakout_vortex,12,0.15,True,1.35,200.0,4.0,2.5,120.0,0.3
149,12386.45,2.169,30.2,1266.11,48.61,35,72,14,breakout_vortex,12,0.15,True,1.35,250.0,4.0,2.5,120.0,0.3
149,12386.45,2.169,30.2,1266.11,48.61,35,72,14,breakout_vortex,12,0.2,True,1.35,200.0,4.0,2.5,120.0,0.3
149,12386.45,2.169,30.2,1266.11,48.61,35,72,14,breakout_vortex,12,0.2,True,1.35,250.0,4.0,2.5,120.0,0.3
152,12456.8,2.168,26.97,1196.01,44.44,32,72,14,breakout_vortex,12,0.05,True,1.35,200.0,4.5,2.5,120.0,0.25
152,12456.8,2.168,26.97,1196.01,44.44,32,72,14,breakout_vortex,12,0.1,True,1.35,200.0,4.5,2.5,120.0,0.25
152,12449.09,2.167,26.97,1196.01,44.44,32,72,14,breakout_vortex,12,0.15,True,1.35,200.0,4.5,2.5,120.0,0.25
152,12449.09,2.167,26.97,1196.01,44.44,32,72,14,breakout_vortex,12,0.2,True,1.35,200.0,4.5,2.5,120.0,0.25
145,12543.06,2.165,27.59,1271.35,47.22,34,72,14,breakout_vortex,12,0.05,True,1.35,200.0,4.5,2.5,120.0,0.3
145,12543.06,2.165,27.59,1271.35,47.22,34,72,14,breakout_vortex,12,0.1,True,1.35,200.0,4.5,2.5,120.0,0.3
150,12361.35,2.164,30.0,1266.11,47.22,34,72,14,breakout_vortex,12,0.05,True,1.35,200.0,4.0,2.5,120.0,0.3
150,12361.35,2.164,30.0,1266.11,47.22,34,72,14,breakout_vortex,12,0.05,True,1.35,250.0,4.0,2.5,120.0,0.3
145,12535.35,2.163,27.59,1271.35,47.22,34,72,14,breakout_vortex,12,0.15,True,1.35,200.0,4.5,2.5,120.0,0.3
145,12535.35,2.163,27.59,1271.35,47.22,34,72,14,breakout_vortex,12,0.2,True,1.35,200.0,4.5,2.5,120.0,0.3
155,12588.91,2.156,27.1,1196.01,43.06,31,72,14,breakout_vortex,12,0.05,True,1.35,250.0,4.5,2.5,120.0,0.25
155,12588.91,2.156,27.1,1196.01,43.06,31,72,14,breakout_vortex,12,0.1,True,1.35,250.0,4.5,2.5,120.0,0.25
155,12581.2,2.154,27.1,1196.01,43.06,31,72,14,breakout_vortex,12,0.15,True,1.35,250.0,4.5,2.5,120.0,0.25
155,12581.2,2.154,27.1,1196.01,43.06,31,72,14,breakout_vortex,12,0.2,True,1.35,250.0,4.5,2.5,120.0,0.25
149,12670.56,2.152,27.52,1271.35,45.83,33,72,14,breakout_vortex,16,0.05,True,1.35,250.0,4.5,2.5,120.0,0.3
149,12670.56,2.152,27.52,1271.35,45.83,33,72,14,breakout_vortex,20,0.05,True,1.35,250.0,4.5,2.5,120.0,0.3
149,12670.56,2.152,27.52,1271.35,45.83,33,72,21,breakout_vortex,16,0.05,True,1.35,250.0,4.5,2.5,120.0,0.3
149,12670.56,2.152,27.52,1271.35,45.83,33,72,21,breakout_vortex,16,0.1,True,1.35,250.0,4.5,2.5,120.0,0.3
149,12670.56,2.152,27.52,1271.35,45.83,33,72,21,breakout_vortex,16,0.15,True,1.35,250.0,4.5,2.5,120.0,0.3
149,12670.56,2.152,27.52,1271.35,45.83,33,72,21,breakout_vortex,16,0.2,True,1.35,250.0,4.5,2.5,120.0,0.3
149,12670.56,2.152,27.52,1271.35,45.83,33,72,21,breakout_vortex,20,0.05,True,1.35,250.0,4.5,2.5,120.0,0.3
149,12670.56,2.152,27.52,1271.35,45.83,33,72,21,breakout_vortex,20,0.1,True,1.35,250.0,4.5,2.5,120.0,0.3
149,12670.56,2.152,27.52,1271.35,45.83,33,72,21,breakout_vortex,20,0.15,True,1.35,250.0,4.5,2.5,120.0,0.3
149,12670.56,2.152,27.52,1271.35,45.83,33,72,21,breakout_vortex,20,0.2,True,1.35,250.0,4.5,2.5,120.0,0.3
149,12669.79,2.152,27.52,1271.35,45.83,33,72,21,breakout_vortex,12,0.05,True,1.35,250.0,4.5,2.5,120.0,0.3
149,12669.79,2.152,27.52,1271.35,45.83,33,72,21,breakout_vortex,12,0.1,True,1.35,250.0,4.5,2.5,120.0,0.3
149,12669.79,2.152,27.52,1271.35,45.83,33,72,21,breakout_vortex,12,0.15,True,1.35,250.0,4.5,2.5,120.0,0.3
149,12669.79,2.152,27.52,1271.35,45.83,33,72,21,breakout_vortex,12,0.2,True,1.35,250.0,4.5,2.5,120.0,0.3
149,12662.08,2.15,27.52,1271.35,45.83,33,72,14,breakout_vortex,16,0.1,True,1.35,250.0,4.5,2.5,120.0,0.3
149,12662.08,2.15,27.52,1271.35,45.83,33,72,14,breakout_vortex,16,0.15,True,1.35,250.0,4.5,2.5,120.0,0.3
149,12662.08,2.15,27.52,1271.35,45.83,33,72,14,breakout_vortex,16,0.2,True,1.35,250.0,4.5,2.5,120.0,0.3
149,12662.08,2.15,27.52,1271.35,45.83,33,72,14,breakout_vortex,20,0.1,True,1.35,250.0,4.5,2.5,120.0,0.3
149,12662.08,2.15,27.52,1271.35,45.83,33,72,14,breakout_vortex,20,0.15,True,1.35,250.0,4.5,2.5,120.0,0.3
149,12662.08,2.15,27.52,1271.35,45.83,33,72,14,breakout_vortex,20,0.2,True,1.35,250.0,4.5,2.5,120.0,0.3
150,12524.68,2.124,27.33,1271.35,45.83,33,72,14,breakout_vortex,12,0.05,True,1.35,250.0,4.5,2.5,120.0,0.3
150,12524.68,2.124,27.33,1271.35,45.83,33,72,14,breakout_vortex,12,0.1,True,1.35,250.0,4.5,2.5,120.0,0.3
150,12516.96,2.122,27.33,1271.35,45.83,33,72,14,breakout_vortex,12,0.15,True,1.35,250.0,4.5,2.5,120.0,0.3
150,12516.96,2.122,27.33,1271.35,45.83,33,72,14,breakout_vortex,12,0.2,True,1.35,250.0,4.5,2.5,120.0,0.3
158,10612.87,2.027,31.01,1022.35,45.83,33,72,14,breakout_vortex,16,0.05,True,1.35,250.0,3.5,2.5,120.0,0.25
158,10612.87,2.027,31.01,1022.35,45.83,33,72,14,breakout_vortex,20,0.05,True,1.35,250.0,3.5,2.5,120.0,0.25
158,10612.87,2.027,31.01,1022.35,45.83,33,72,21,breakout_vortex,16,0.05,True,1.35,250.0,3.5,2.5,120.0,0.25
158,10612.87,2.027,31.01,1022.35,45.83,33,72,21,breakout_vortex,16,0.1,True,1.35,250.0,3.5,2.5,120.0,0.25
158,10612.87,2.027,31.01,1022.35,45.83,33,72,21,breakout_vortex,16,0.15,True,1.35,250.0,3.5,2.5,120.0,0.25
158,10612.87,2.027,31.01,1022.35,45.83,33,72,21,breakout_vortex,16,0.2,True,1.35,250.0,3.5,2.5,120.0,0.25
158,10612.87,2.027,31.01,1022.35,45.83,33,72,21,breakout_vortex,20,0.05,True,1.35,250.0,3.5,2.5,120.0,0.25
158,10612.87,2.027,31.01,1022.35,45.83,33,72,21,breakout_vortex,20,0.1,True,1.35,250.0,3.5,2.5,120.0,0.25
158,10612.87,2.027,31.01,1022.35,45.83,33,72,21,breakout_vortex,20,0.15,True,1.35,250.0,3.5,2.5,120.0,0.25
158,10612.87,2.027,31.01,1022.35,45.83,33,72,21,breakout_vortex,20,0.2,True,1.35,250.0,3.5,2.5,120.0,0.25
158,10604.39,2.025,31.01,1022.35,45.83,33,72,14,breakout_vortex,16,0.1,True,1.35,250.0,3.5,2.5,120.0,0.25
158,10604.39,2.025,31.01,1022.35,45.83,33,72,14,breakout_vortex,20,0.1,True,1.35,250.0,3.5,2.5,120.0,0.25
158,10602.13,2.024,31.01,1022.35,45.83,33,72,14,breakout_vortex,16,0.15,True,1.35,250.0,3.5,2.5,120.0,0.25
158,10602.13,2.024,31.01,1022.35,45.83,33,72,14,breakout_vortex,16,0.2,True,1.35,250.0,3.5,2.5,120.0,0.25
158,10602.13,2.024,31.01,1022.35,45.83,33,72,14,breakout_vortex,20,0.15,True,1.35,250.0,3.5,2.5,120.0,0.25
158,10602.13,2.024,31.01,1022.35,45.83,33,72,14,breakout_vortex,20,0.2,True,1.35,250.0,3.5,2.5,120.0,0.25
159,10584.81,2.021,30.82,1022.35,45.83,33,72,21,breakout_vortex,12,0.05,True,1.35,250.0,3.5,2.5,120.0,0.25
159,10584.81,2.021,30.82,1022.35,45.83,33,72,21,breakout_vortex,12,0.1,True,1.35,250.0,3.5,2.5,120.0,0.25
159,10584.81,2.021,30.82,1022.35,45.83,33,72,21,breakout_vortex,12,0.15,True,1.35,250.0,3.5,2.5,120.0,0.25
159,10584.81,2.021,30.82,1022.35,45.83,33,72,21,breakout_vortex,12,0.2,True,1.35,250.0,3.5,2.5,120.0,0.25
156,10309.07,2.012,30.77,1022.35,45.83,33,72,14,breakout_vortex,16,0.05,True,1.35,200.0,3.5,2.5,120.0,0.25
156,10309.07,2.012,30.77,1022.35,45.83,33,72,14,breakout_vortex,20,0.05,True,1.35,200.0,3.5,2.5,120.0,0.25
156,10309.07,2.012,30.77,1022.35,45.83,33,72,21,breakout_vortex,16,0.05,True,1.35,200.0,3.5,2.5,120.0,0.25
156,10309.07,2.012,30.77,1022.35,45.83,33,72,21,breakout_vortex,16,0.1,True,1.35,200.0,3.5,2.5,120.0,0.25
156,10309.07,2.012,30.77,1022.35,45.83,33,72,21,breakout_vortex,16,0.15,True,1.35,200.0,3.5,2.5,120.0,0.25
156,10309.07,2.012,30.77,1022.35,45.83,33,72,21,breakout_vortex,16,0.2,True,1.35,200.0,3.5,2.5,120.0,0.25
156,10309.07,2.012,30.77,1022.35,45.83,33,72,21,breakout_vortex,20,0.05,True,1.35,200.0,3.5,2.5,120.0,0.25
156,10309.07,2.012,30.77,1022.35,45.83,33,72,21,breakout_vortex,20,0.1,True,1.35,200.0,3.5,2.5,120.0,0.25
156,10309.07,2.012,30.77,1022.35,45.83,33,72,21,breakout_vortex,20,0.15,True,1.35,200.0,3.5,2.5,120.0,0.25
156,10309.07,2.012,30.77,1022.35,45.83,33,72,21,breakout_vortex,20,0.2,True,1.35,200.0,3.5,2.5,120.0,0.25
156,10300.59,2.011,30.77,1022.35,45.83,33,72,14,breakout_vortex,16,0.1,True,1.35,200.0,3.5,2.5,120.0,0.25
156,10300.59,2.011,30.77,1022.35,45.83,33,72,14,breakout_vortex,20,0.1,True,1.35,200.0,3.5,2.5,120.0,0.25
156,10298.32,2.01,30.77,1022.35,45.83,33,72,14,breakout_vortex,16,0.15,True,1.35,200.0,3.5,2.5,120.0,0.25
156,10298.32,2.01,30.77,1022.35,45.83,33,72,14,breakout_vortex,16,0.2,True,1.35,200.0,3.5,2.5,120.0,0.25
156,10298.32,2.01,30.77,1022.35,45.83,33,72,14,breakout_vortex,20,0.15,True,1.35,200.0,3.5,2.5,120.0,0.25
156,10298.32,2.01,30.77,1022.35,45.83,33,72,14,breakout_vortex,20,0.2,True,1.35,200.0,3.5,2.5,120.0,0.25
157,10281.0,2.007,30.57,1022.35,45.83,33,72,21,breakout_vortex,12,0.05,True,1.35,200.0,3.5,2.5,120.0,0.25
157,10281.0,2.007,30.57,1022.35,45.83,33,72,21,breakout_vortex,12,0.1,True,1.35,200.0,3.5,2.5,120.0,0.25
157,10281.0,2.007,30.57,1022.35,45.83,33,72,21,breakout_vortex,12,0.15,True,1.35,200.0,3.5,2.5,120.0,0.25
157,10281.0,2.007,30.57,1022.35,45.83,33,72,21,breakout_vortex,12,0.2,True,1.35,200.0,3.5,2.5,120.0,0.25
153,10562.77,1.998,31.37,1212.4,45.83,33,72,14,breakout_vortex,16,0.05,True,1.35,250.0,3.5,2.5,120.0,0.3
153,10562.77,1.998,31.37,1212.4,45.83,33,72,14,breakout_vortex,20,0.05,True,1.35,250.0,3.5,2.5,120.0,0.3
153,10562.77,1.998,31.37,1212.4,45.83,33,72,21,breakout_vortex,16,0.05,True,1.35,250.0,3.5,2.5,120.0,0.3
153,10562.77,1.998,31.37,1212.4,45.83,33,72,21,breakout_vortex,16,0.1,True,1.35,250.0,3.5,2.5,120.0,0.3
153,10562.77,1.998,31.37,1212.4,45.83,33,72,21,breakout_vortex,16,0.15,True,1.35,250.0,3.5,2.5,120.0,0.3
153,10562.77,1.998,31.37,1212.4,45.83,33,72,21,breakout_vortex,16,0.2,True,1.35,250.0,3.5,2.5,120.0,0.3
153,10562.77,1.998,31.37,1212.4,45.83,33,72,21,breakout_vortex,20,0.05,True,1.35,250.0,3.5,2.5,120.0,0.3
153,10562.77,1.998,31.37,1212.4,45.83,33,72,21,breakout_vortex,20,0.1,True,1.35,250.0,3.5,2.5,120.0,0.3
153,10562.77,1.998,31.37,1212.4,45.83,33,72,21,breakout_vortex,20,0.15,True,1.35,250.0,3.5,2.5,120.0,0.3
153,10562.77,1.998,31.37,1212.4,45.83,33,72,21,breakout_vortex,20,0.2,True,1.35,250.0,3.5,2.5,120.0,0.3
159,10466.99,1.998,30.82,1022.35,45.83,33,72,14,breakout_vortex,12,0.1,True,1.35,250.0,3.5,2.5,120.0,0.25
153,10554.29,1.997,31.37,1212.4,45.83,33,72,14,breakout_vortex,16,0.1,True,1.35,250.0,3.5,2.5,120.0,0.3
153,10554.29,1.997,31.37,1212.4,45.83,33,72,14,breakout_vortex,20,0.1,True,1.35,250.0,3.5,2.5,120.0,0.3
153,10552.02,1.996,31.37,1212.4,45.83,33,72,14,breakout_vortex,16,0.15,True,1.35,250.0,3.5,2.5,120.0,0.3
153,10552.02,1.996,31.37,1212.4,45.83,33,72,14,breakout_vortex,16,0.2,True,1.35,250.0,3.5,2.5,120.0,0.3
153,10552.02,1.996,31.37,1212.4,45.83,33,72,14,breakout_vortex,20,0.15,True,1.35,250.0,3.5,2.5,120.0,0.3
153,10552.02,1.996,31.37,1212.4,45.83,33,72,14,breakout_vortex,20,0.2,True,1.35,250.0,3.5,2.5,120.0,0.3
159,10457.01,1.996,30.82,1022.35,45.83,33,72,14,breakout_vortex,12,0.15,True,1.35,250.0,3.5,2.5,120.0,0.25
159,10457.01,1.996,30.82,1022.35,45.83,33,72,14,breakout_vortex,12,0.2,True,1.35,250.0,3.5,2.5,120.0,0.25
160,10439.65,1.993,30.63,1022.35,45.83,33,72,14,breakout_vortex,12,0.05,True,1.35,250.0,3.5,2.5,120.0,0.25
56,4783.03,1.993,33.93,843.8,26.39,19,72,14,pure_vortex,16,0.15,True,1.4,200.0,4.0,2.5,120.0,0.3
154,10529.24,1.992,31.17,1212.4,45.83,33,72,21,breakout_vortex,12,0.05,True,1.35,250.0,3.5,2.5,120.0,0.3
154,10529.24,1.992,31.17,1212.4,45.83,33,72,21,breakout_vortex,12,0.1,True,1.35,250.0,3.5,2.5,120.0,0.3
154,10529.24,1.992,31.17,1212.4,45.83,33,72,21,breakout_vortex,12,0.15,True,1.35,250.0,3.5,2.5,120.0,0.3
154,10529.24,1.992,31.17,1212.4,45.83,33,72,21,breakout_vortex,12,0.2,True,1.35,250.0,3.5,2.5,120.0,0.3
151,10258.96,1.984,31.13,1212.4,45.83,33,72,14,breakout_vortex,16,0.05,True,1.35,200.0,3.5,2.5,120.0,0.3
151,10258.96,1.984,31.13,1212.4,45.83,33,72,14,breakout_vortex,20,0.05,True,1.35,200.0,3.5,2.5,120.0,0.3
151,10258.96,1.984,31.13,1212.4,45.83,33,72,21,breakout_vortex,16,0.05,True,1.35,200.0,3.5,2.5,120.0,0.3
151,10258.96,1.984,31.13,1212.4,45.83,33,72,21,breakout_vortex,16,0.1,True,1.35,200.0,3.5,2.5,120.0,0.3
151,10258.96,1.984,31.13,1212.4,45.83,33,72,21,breakout_vortex,16,0.15,True,1.35,200.0,3.5,2.5,120.0,0.3
151,10258.96,1.984,31.13,1212.4,45.83,33,72,21,breakout_vortex,16,0.2,True,1.35,200.0,3.5,2.5,120.0,0.3
151,10258.96,1.984,31.13,1212.4,45.83,33,72,21,breakout_vortex,20,0.05,True,1.35,200.0,3.5,2.5,120.0,0.3
151,10258.96,1.984,31.13,1212.4,45.83,33,72,21,breakout_vortex,20,0.1,True,1.35,200.0,3.5,2.5,120.0,0.3
151,10258.96,1.984,31.13,1212.4,45.83,33,72,21,breakout_vortex,20,0.15,True,1.35,200.0,3.5,2.5,120.0,0.3
151,10258.96,1.984,31.13,1212.4,45.83,33,72,21,breakout_vortex,20,0.2,True,1.35,200.0,3.5,2.5,120.0,0.3
157,10163.19,1.984,30.57,1022.35,45.83,33,72,14,breakout_vortex,12,0.1,True,1.35,200.0,3.5,2.5,120.0,0.25
56,4721.18,1.984,33.93,894.39,26.39,19,72,14,pure_vortex,16,0.15,True,1.4,200.0,4.0,2.5,120.0,0.25
151,10250.48,1.982,31.13,1212.4,45.83,33,72,14,breakout_vortex,16,0.1,True,1.35,200.0,3.5,2.5,120.0,0.3
151,10250.48,1.982,31.13,1212.4,45.83,33,72,14,breakout_vortex,20,0.1,True,1.35,200.0,3.5,2.5,120.0,0.3
151,10248.22,1.982,31.13,1212.4,45.83,33,72,14,breakout_vortex,16,0.15,True,1.35,200.0,3.5,2.5,120.0,0.3
151,10248.22,1.982,31.13,1212.4,45.83,33,72,14,breakout_vortex,16,0.2,True,1.35,200.0,3.5,2.5,120.0,0.3
151,10248.22,1.982,31.13,1212.4,45.83,33,72,14,breakout_vortex,20,0.15,True,1.35,200.0,3.5,2.5,120.0,0.3
151,10248.22,1.982,31.13,1212.4,45.83,33,72,14,breakout_vortex,20,0.2,True,1.35,200.0,3.5,2.5,120.0,0.3
157,10153.21,1.982,30.57,1022.35,45.83,33,72,14,breakout_vortex,12,0.15,True,1.35,200.0,3.5,2.5,120.0,0.25
157,10153.21,1.982,30.57,1022.35,45.83,33,72,14,breakout_vortex,12,0.2,True,1.35,200.0,3.5,2.5,120.0,0.25
158,10135.85,1.979,30.38,1022.35,45.83,33,72,14,breakout_vortex,12,0.05,True,1.35,200.0,3.5,2.5,120.0,0.25
152,10225.44,1.978,30.92,1212.4,45.83,33,72,21,breakout_vortex,12,0.05,True,1.35,200.0,3.5,2.5,120.0,0.3
152,10225.44,1.978,30.92,1212.4,45.83,33,72,21,breakout_vortex,12,0.1,True,1.35,200.0,3.5,2.5,120.0,0.3
152,10225.44,1.978,30.92,1212.4,45.83,33,72,21,breakout_vortex,12,0.15,True,1.35,200.0,3.5,2.5,120.0,0.3
152,10225.44,1.978,30.92,1212.4,45.83,33,72,21,breakout_vortex,12,0.2,True,1.35,200.0,3.5,2.5,120.0,0.3
154,10416.89,1.971,31.17,1212.4,45.83,33,72,14,breakout_vortex,12,0.1,True,1.35,250.0,3.5,2.5,120.0,0.3
154,10406.91,1.969,31.17,1212.4,45.83,33,72,14,breakout_vortex,12,0.15,True,1.35,250.0,3.5,2.5,120.0,0.3
154,10406.91,1.969,31.17,1212.4,45.83,33,72,14,breakout_vortex,12,0.2,True,1.35,250.0,3.5,2.5,120.0,0.3
155,10384.08,1.965,30.97,1212.4,45.83,33,72,14,breakout_vortex,12,0.05,True,1.35,250.0,3.5,2.5,120.0,0.3
152,10113.08,1.957,30.92,1212.4,45.83,33,72,14,breakout_vortex,12,0.1,True,1.35,200.0,3.5,2.5,120.0,0.3
152,10103.1,1.955,30.92,1212.4,45.83,33,72,14,breakout_vortex,12,0.15,True,1.35,200.0,3.5,2.5,120.0,0.3
152,10103.1,1.955,30.92,1212.4,45.83,33,72,14,breakout_vortex,12,0.2,True,1.35,200.0,3.5,2.5,120.0,0.3
153,10080.27,1.951,30.72,1212.4,45.83,33,72,14,breakout_vortex,12,0.05,True,1.35,200.0,3.5,2.5,120.0,0.3
57,4643.9,1.937,33.33,843.8,26.39,19,72,14,pure_vortex,16,0.15,True,1.4,250.0,4.0,2.5,120.0,0.3
57,4582.06,1.928,33.33,894.39,26.39,19,72,14,pure_vortex,16,0.15,True,1.4,250.0,4.0,2.5,120.0,0.25
178,8706.65,1.788,25.84,1165.16,44.44,32,72,21,breakout_vortex,16,0.1,True,1.35,250.0,4.5,2.0,120.0,0.3
178,8706.65,1.788,25.84,1165.16,44.44,32,72,21,breakout_vortex,16,0.15,True,1.35,250.0,4.5,2.0,120.0,0.3
178,8706.65,1.788,25.84,1165.16,44.44,32,72,21,breakout_vortex,16,0.2,True,1.35,250.0,4.5,2.0,120.0,0.3
178,8706.65,1.788,25.84,1165.16,44.44,32,72,21,breakout_vortex,20,0.1,True,1.35,250.0,4.5,2.0,120.0,0.3
178,8706.65,1.788,25.84,1165.16,44.44,32,72,21,breakout_vortex,20,0.15,True,1.35,250.0,4.5,2.0,120.0,0.3
178,8706.65,1.788,25.84,1165.16,44.44,32,72,21,breakout_vortex,20,0.2,True,1.35,250.0,4.5,2.0,120.0,0.3
179,8679.65,1.783,25.7,1165.16,44.44,32,72,21,breakout_vortex,12,0.1,True,1.35,250.0,4.5,2.0,120.0,0.3
179,8679.65,1.783,25.7,1165.16,44.44,32,72,21,breakout_vortex,12,0.15,True,1.35,250.0,4.5,2.0,120.0,0.3
179,8679.65,1.783,25.7,1165.16,44.44,32,72,21,breakout_vortex,12,0.2,True,1.35,250.0,4.5,2.0,120.0,0.3
179,8623.77,1.774,25.7,1165.16,44.44,32,72,14,breakout_vortex,16,0.05,True,1.35,250.0,4.5,2.0,120.0,0.3
179,8623.77,1.774,25.7,1165.16,44.44,32,72,14,breakout_vortex,20,0.05,True,1.35,250.0,4.5,2.0,120.0,0.3
179,8623.77,1.774,25.7,1165.16,44.44,32,72,21,breakout_vortex,16,0.05,True,1.35,250.0,4.5,2.0,120.0,0.3
179,8623.77,1.774,25.7,1165.16,44.44,32,72,21,breakout_vortex,20,0.05,True,1.35,250.0,4.5,2.0,120.0,0.3
180,8596.77,1.77,25.56,1165.16,44.44,32,72,21,breakout_vortex,12,0.05,True,1.35,250.0,4.5,2.0,120.0,0.3
55,3945.89,1.77,29.09,917.59,22.22,16,72,14,pure_vortex,16,0.15,True,1.4,200.0,4.5,2.5,120.0,0.3
55,3945.89,1.77,29.09,917.59,22.22,16,72,14,pure_vortex,16,0.15,True,1.4,250.0,4.5,2.5,120.0,0.3
181,8245.04,1.763,25.41,1186.48,41.67,30,72,21,breakout_vortex,16,0.1,True,1.35,250.0,4.5,2.0,120.0,0.25
181,8245.04,1.763,25.41,1186.48,41.67,30,72,21,breakout_vortex,16,0.15,True,1.35,250.0,4.5,2.0,120.0,0.25
181,8245.04,1.763,25.41,1186.48,41.67,30,72,21,breakout_vortex,16,0.2,True,1.35,250.0,4.5,2.0,120.0,0.25
181,8245.04,1.763,25.41,1186.48,41.67,30,72,21,breakout_vortex,20,0.1,True,1.35,250.0,4.5,2.0,120.0,0.25
181,8245.04,1.763,25.41,1186.48,41.67,30,72,21,breakout_vortex,20,0.15,True,1.35,250.0,4.5,2.0,120.0,0.25
181,8245.04,1.763,25.41,1186.48,41.67,30,72,21,breakout_vortex,20,0.2,True,1.35,250.0,4.5,2.0,120.0,0.25
182,8222.43,1.759,25.27,1186.48,41.67,30,72,21,breakout_vortex,12,0.1,True,1.35,250.0,4.5,2.0,120.0,0.25
182,8222.43,1.759,25.27,1186.48,41.67,30,72,21,breakout_vortex,12,0.15,True,1.35,250.0,4.5,2.0,120.0,0.25
182,8222.43,1.759,25.27,1186.48,41.67,30,72,21,breakout_vortex,12,0.2,True,1.35,250.0,4.5,2.0,120.0,0.25
55,3874.06,1.759,29.09,912.58,22.22,16,72,14,pure_vortex,16,0.15,True,1.4,200.0,4.5,2.5,120.0,0.25
55,3874.06,1.759,29.09,912.58,22.22,16,72,14,pure_vortex,16,0.15,True,1.4,250.0,4.5,2.5,120.0,0.25
180,8506.45,1.756,25.56,1165.16,44.44,32,72,14,breakout_vortex,12,0.1,True,1.35,250.0,4.5,2.0,120.0,0.3
181,8480.02,1.752,25.41,1165.16,44.44,32,72,14,breakout_vortex,12,0.05,True,1.35,250.0,4.5,2.0,120.0,0.3
182,8175.97,1.752,25.27,1186.48,41.67,30,72,14,breakout_vortex,16,0.05,True,1.35,250.0,4.5,2.0,120.0,0.25
182,8175.97,1.752,25.27,1186.48,41.67,30,72,14,breakout_vortex,20,0.05,True,1.35,250.0,4.5,2.0,120.0,0.25
182,8175.97,1.752,25.27,1186.48,41.67,30,72,21,breakout_vortex,16,0.05,True,1.35,250.0,4.5,2.0,120.0,0.25
182,8175.97,1.752,25.27,1186.48,41.67,30,72,21,breakout_vortex,20,0.05,True,1.35,250.0,4.5,2.0,120.0,0.25
183,8153.36,1.748,25.14,1186.48,41.67,30,72,21,breakout_vortex,12,0.05,True,1.35,250.0,4.5,2.0,120.0,0.25
183,8093.71,1.734,27.32,1190.07,43.06,31,72,21,breakout_vortex,16,0.1,True,1.35,250.0,4.0,2.0,120.0,0.3
183,8093.71,1.734,27.32,1190.07,43.06,31,72,21,breakout_vortex,16,0.15,True,1.35,250.0,4.0,2.0,120.0,0.3
183,8093.71,1.734,27.32,1190.07,43.06,31,72,21,breakout_vortex,16,0.2,True,1.35,250.0,4.0,2.0,120.0,0.3
183,8093.71,1.734,27.32,1190.07,43.06,31,72,21,breakout_vortex,20,0.1,True,1.35,250.0,4.0,2.0,120.0,0.3
183,8093.71,1.734,27.32,1190.07,43.06,31,72,21,breakout_vortex,20,0.15,True,1.35,250.0,4.0,2.0,120.0,0.3
183,8093.71,1.734,27.32,1190.07,43.06,31,72,21,breakout_vortex,20,0.2,True,1.35,250.0,4.0,2.0,120.0,0.3
176,7764.71,1.734,27.27,1190.07,43.06,31,72,21,breakout_vortex,16,0.1,True,1.35,200.0,4.0,2.0,120.0,0.3
176,7764.71,1.734,27.27,1190.07,43.06,31,72,21,breakout_vortex,16,0.15,True,1.35,200.0,4.0,2.0,120.0,0.3
176,7764.71,1.734,27.27,1190.07,43.06,31,72,21,breakout_vortex,16,0.2,True,1.35,200.0,4.0,2.0,120.0,0.3
176,7764.71,1.734,27.27,1190.07,43.06,31,72,21,breakout_vortex,20,0.1,True,1.35,200.0,4.0,2.0,120.0,0.3
176,7764.71,1.734,27.27,1190.07,43.06,31,72,21,breakout_vortex,20,0.15,True,1.35,200.0,4.0,2.0,120.0,0.3
176,7764.71,1.734,27.27,1190.07,43.06,31,72,21,breakout_vortex,20,0.2,True,1.35,200.0,4.0,2.0,120.0,0.3
183,8058.65,1.733,25.14,1186.48,41.67,30,72,14,breakout_vortex,12,0.1,True,1.35,250.0,4.5,2.0,120.0,0.25
184,8066.71,1.73,27.17,1190.07,43.06,31,72,21,breakout_vortex,12,0.1,True,1.35,250.0,4.0,2.0,120.0,0.3
184,8066.71,1.73,27.17,1190.07,43.06,31,72,21,breakout_vortex,12,0.15,True,1.35,250.0,4.0,2.0,120.0,0.3
184,8066.71,1.73,27.17,1190.07,43.06,31,72,21,breakout_vortex,12,0.2,True,1.35,250.0,4.0,2.0,120.0,0.3
177,7737.71,1.73,27.12,1190.07,43.06,31,72,21,breakout_vortex,12,0.1,True,1.35,200.0,4.0,2.0,120.0,0.3
177,7737.71,1.73,27.12,1190.07,43.06,31,72,21,breakout_vortex,12,0.15,True,1.35,200.0,4.0,2.0,120.0,0.3
177,7737.71,1.73,27.12,1190.07,43.06,31,72,21,breakout_vortex,12,0.2,True,1.35,200.0,4.0,2.0,120.0,0.3
184,8036.62,1.729,25.0,1186.48,41.67,30,72,14,breakout_vortex,12,0.05,True,1.35,250.0,4.5,2.0,120.0,0.25
184,8042.35,1.726,27.17,1190.07,43.06,31,72,14,breakout_vortex,16,0.1,True,1.35,250.0,4.0,2.0,120.0,0.3
184,8042.35,1.726,27.17,1190.07,43.06,31,72,14,breakout_vortex,20,0.1,True,1.35,250.0,4.0,2.0,120.0,0.3
184,8040.53,1.725,27.17,1190.07,43.06,31,72,14,breakout_vortex,16,0.15,True,1.35,250.0,4.0,2.0,120.0,0.3
184,8040.53,1.725,27.17,1190.07,43.06,31,72,14,breakout_vortex,16,0.2,True,1.35,250.0,4.0,2.0,120.0,0.3
184,8040.53,1.725,27.17,1190.07,43.06,31,72,14,breakout_vortex,20,0.15,True,1.35,250.0,4.0,2.0,120.0,0.3
184,8040.53,1.725,27.17,1190.07,43.06,31,72,14,breakout_vortex,20,0.2,True,1.35,250.0,4.0,2.0,120.0,0.3
184,8010.84,1.721,27.17,1190.07,43.06,31,72,14,breakout_vortex,16,0.05,True,1.35,250.0,4.0,2.0,120.0,0.3
184,8010.84,1.721,27.17,1190.07,43.06,31,72,14,breakout_vortex,20,0.05,True,1.35,250.0,4.0,2.0,120.0,0.3
184,8010.84,1.721,27.17,1190.07,43.06,31,72,21,breakout_vortex,16,0.05,True,1.35,250.0,4.0,2.0,120.0,0.3
184,8010.84,1.721,27.17,1190.07,43.06,31,72,21,breakout_vortex,20,0.05,True,1.35,250.0,4.0,2.0,120.0,0.3
177,7681.83,1.721,27.12,1190.07,43.06,31,72,14,breakout_vortex,16,0.05,True,1.35,200.0,4.0,2.0,120.0,0.3
177,7681.83,1.721,27.12,1190.07,43.06,31,72,14,breakout_vortex,20,0.05,True,1.35,200.0,4.0,2.0,120.0,0.3
177,7681.83,1.721,27.12,1190.07,43.06,31,72,21,breakout_vortex,16,0.05,True,1.35,200.0,4.0,2.0,120.0,0.3
177,7681.83,1.721,27.12,1190.07,43.06,31,72,21,breakout_vortex,20,0.05,True,1.35,200.0,4.0,2.0,120.0,0.3
185,7983.83,1.717,27.03,1190.07,43.06,31,72,21,breakout_vortex,12,0.05,True,1.35,250.0,4.0,2.0,120.0,0.3
178,7654.83,1.717,26.97,1190.07,43.06,31,72,21,breakout_vortex,12,0.05,True,1.35,200.0,4.0,2.0,120.0,0.3
186,7740.95,1.716,26.88,1207.25,41.67,30,72,21,breakout_vortex,16,0.1,True,1.35,250.0,4.0,2.0,120.0,0.25
186,7740.95,1.716,26.88,1207.25,41.67,30,72,21,breakout_vortex,16,0.15,True,1.35,250.0,4.0,2.0,120.0,0.25
186,7740.95,1.716,26.88,1207.25,41.67,30,72,21,breakout_vortex,16,0.2,True,1.35,250.0,4.0,2.0,120.0,0.25
186,7740.95,1.716,26.88,1207.25,41.67,30,72,21,breakout_vortex,20,0.1,True,1.35,250.0,4.0,2.0,120.0,0.25
186,7740.95,1.716,26.88,1207.25,41.67,30,72,21,breakout_vortex,20,0.15,True,1.35,250.0,4.0,2.0,120.0,0.25
186,7740.95,1.716,26.88,1207.25,41.67,30,72,21,breakout_vortex,20,0.2,True,1.35,250.0,4.0,2.0,120.0,0.25
179,7411.95,1.716,26.82,1207.25,41.67,30,72,21,breakout_vortex,16,0.1,True,1.35,200.0,4.0,2.0,120.0,0.25
179,7411.95,1.716,26.82,1207.25,41.67,30,72,21,breakout_vortex,16,0.15,True,1.35,200.0,4.0,2.0,120.0,0.25
179,7411.95,1.716,26.82,1207.25,41.67,30,72,21,breakout_vortex,16,0.2,True,1.35,200.0,4.0,2.0,120.0,0.25
179,7411.95,1.716,26.82,1207.25,41.67,30,72,21,breakout_vortex,20,0.1,True,1.35,200.0,4.0,2.0,120.0,0.25
179,7411.95,1.716,26.82,1207.25,41.67,30,72,21,breakout_vortex,20,0.15,True,1.35,200.0,4.0,2.0,120.0,0.25
179,7411.95,1.716,26.82,1207.25,41.67,30,72,21,breakout_vortex,20,0.2,True,1.35,200.0,4.0,2.0,120.0,0.25
51,3018.27,1.716,29.41,847.35,18.06,13,72,14,pure_vortex,16,0.1,True,1.4,200.0,4.5,2.5,120.0,0.3
51,3018.27,1.716,29.41,847.35,18.06,13,72,14,pure_vortex,16,0.1,True,1.4,250.0,4.5,2.5,120.0,0.3
185,8139.46,1.713,24.86,1165.16,43.06,31,72,21,breakout_vortex,16,0.1,True,1.35,200.0,4.5,2.0,120.0,0.3
185,8139.46,1.713,24.86,1165.16,43.06,31,72,21,breakout_vortex,16,0.15,True,1.35,200.0,4.5,2.0,120.0,0.3
185,8139.46,1.713,24.86,1165.16,43.06,31,72,21,breakout_vortex,16,0.2,True,1.35,200.0,4.5,2.0,120.0,0.3
185,8139.46,1.713,24.86,1165.16,43.06,31,72,21,breakout_vortex,20,0.1,True,1.35,200.0,4.5,2.0,120.0,0.3
185,8139.46,1.713,24.86,1165.16,43.06,31,72,21,breakout_vortex,20,0.15,True,1.35,200.0,4.5,2.0,120.0,0.3
185,8139.46,1.713,24.86,1165.16,43.06,31,72,21,breakout_vortex,20,0.2,True,1.35,200.0,4.5,2.0,120.0,0.3
187,7718.34,1.712,26.74,1207.25,41.67,30,72,21,breakout_vortex,12,0.1,True,1.35,250.0,4.0,2.0,120.0,0.25
187,7718.34,1.712,26.74,1207.25,41.67,30,72,21,breakout_vortex,12,0.15,True,1.35,250.0,4.0,2.0,120.0,0.25
187,7718.34,1.712,26.74,1207.25,41.67,30,72,21,breakout_vortex,12,0.2,True,1.35,250.0,4.0,2.0,120.0,0.25
180,7389.34,1.712,26.67,1207.25,41.67,30,72,21,breakout_vortex,12,0.1,True,1.35,200.0,4.0,2.0,120.0,0.25
180,7389.34,1.712,26.67,1207.25,41.67,30,72,21,breakout_vortex,12,0.15,True,1.35,200.0,4.0,2.0,120.0,0.25
180,7389.34,1.712,26.67,1207.25,41.67,30,72,21,breakout_vortex,12,0.2,True,1.35,200.0,4.0,2.0,120.0,0.25
187,7706.13,1.71,26.74,1207.25,41.67,30,72,14,breakout_vortex,16,0.1,True,1.35,250.0,4.0,2.0,120.0,0.25
187,7706.13,1.71,26.74,1207.25,41.67,30,72,14,breakout_vortex,20,0.1,True,1.35,250.0,4.0,2.0,120.0,0.25
187,7704.31,1.71,26.74,1207.25,41.67,30,72,14,breakout_vortex,16,0.15,True,1.35,250.0,4.0,2.0,120.0,0.25
187,7704.31,1.71,26.74,1207.25,41.67,30,72,14,breakout_vortex,16,0.2,True,1.35,250.0,4.0,2.0,120.0,0.25
187,7704.31,1.71,26.74,1207.25,41.67,30,72,14,breakout_vortex,20,0.15,True,1.35,250.0,4.0,2.0,120.0,0.25
187,7704.31,1.71,26.74,1207.25,41.67,30,72,14,breakout_vortex,20,0.2,True,1.35,250.0,4.0,2.0,120.0,0.25
186,8112.46,1.709,24.73,1165.16,43.06,31,72,21,breakout_vortex,12,0.1,True,1.35,200.0,4.5,2.0,120.0,0.3
186,8112.46,1.709,24.73,1165.16,43.06,31,72,21,breakout_vortex,12,0.15,True,1.35,200.0,4.5,2.0,120.0,0.3
186,8112.46,1.709,24.73,1165.16,43.06,31,72,21,breakout_vortex,12,0.2,True,1.35,200.0,4.5,2.0,120.0,0.3
185,7923.82,1.708,27.03,1190.07,43.06,31,72,14,breakout_vortex,12,0.15,True,1.35,250.0,4.0,2.0,120.0,0.3
185,7923.82,1.708,27.03,1190.07,43.06,31,72,14,breakout_vortex,12,0.2,True,1.35,250.0,4.0,2.0,120.0,0.3
186,8088.1,1.706,24.73,1165.16,43.06,31,72,14,breakout_vortex,16,0.1,True,1.35,200.0,4.5,2.0,120.0,0.3
186,8088.1,1.706,24.73,1165.16,43.06,31,72,14,breakout_vortex,16,0.1,True,1.35,250.0,4.5,2.0,120.0,0.3
186,8088.1,1.706,24.73,1165.16,43.06,31,72,14,breakout_vortex,20,0.1,True,1.35,200.0,4.5,2.0,120.0,0.3
186,8088.1,1.706,24.73,1165.16,43.06,31,72,14,breakout_vortex,20,0.1,True,1.35,250.0,4.5,2.0,120.0,0.3
186,8085.68,1.705,24.73,1165.16,43.06,31,72,14,breakout_vortex,16,0.15,True,1.35,200.0,4.5,2.0,120.0,0.3
186,8085.68,1.705,24.73,1165.16,43.06,31,72,14,breakout_vortex,16,0.2,True,1.35,200.0,4.5,2.0,120.0,0.3
186,8085.68,1.705,24.73,1165.16,43.06,31,72,14,breakout_vortex,20,0.15,True,1.35,200.0,4.5,2.0,120.0,0.3
186,8085.68,1.705,24.73,1165.16,43.06,31,72,14,breakout_vortex,20,0.2,True,1.35,200.0,4.5,2.0,120.0,0.3
187,7671.88,1.705,26.74,1207.25,41.67,30,72,14,breakout_vortex,16,0.05,True,1.35,250.0,4.0,2.0,120.0,0.25
187,7671.88,1.705,26.74,1207.25,41.67,30,72,14,breakout_vortex,20,0.05,True,1.35,250.0,4.0,2.0,120.0,0.25
187,7671.88,1.705,26.74,1207.25,41.67,30,72,21,breakout_vortex,16,0.05,True,1.35,250.0,4.0,2.0,120.0,0.25
187,7671.88,1.705,26.74,1207.25,41.67,30,72,21,breakout_vortex,20,0.05,True,1.35,250.0,4.0,2.0,120.0,0.25
180,7342.88,1.704,26.67,1207.25,41.67,30,72,14,breakout_vortex,16,0.05,True,1.35,200.0,4.0,2.0,120.0,0.25
180,7342.88,1.704,26.67,1207.25,41.67,30,72,14,breakout_vortex,20,0.05,True,1.35,200.0,4.0,2.0,120.0,0.25
180,7342.88,1.704,26.67,1207.25,41.67,30,72,21,breakout_vortex,16,0.05,True,1.35,200.0,4.0,2.0,120.0,0.25
180,7342.88,1.704,26.67,1207.25,41.67,30,72,21,breakout_vortex,20,0.05,True,1.35,200.0,4.0,2.0,120.0,0.25
185,7893.51,1.703,27.03,1190.07,43.06,31,72,14,breakout_vortex,12,0.1,True,1.35,250.0,4.0,2.0,120.0,0.3
51,2933.08,1.703,29.41,841.28,18.06,13,72,14,pure_vortex,16,0.1,True,1.4,200.0,4.5,2.5,120.0,0.25
51,2933.08,1.703,29.41,841.28,18.06,13,72,14,pure_vortex,16,0.1,True,1.4,250.0,4.5,2.5,120.0,0.25
178,7564.51,1.702,26.97,1190.07,43.06,31,72,14,breakout_vortex,12,0.1,True,1.35,200.0,4.0,2.0,120.0,0.3
186,8056.59,1.701,24.73,1165.16,43.06,31,72,14,breakout_vortex,16,0.05,True,1.35,200.0,4.5,2.0,120.0,0.3
186,8056.59,1.701,24.73,1165.16,43.06,31,72,14,breakout_vortex,20,0.05,True,1.35,200.0,4.5,2.0,120.0,0.3
186,8056.59,1.701,24.73,1165.16,43.06,31,72,21,breakout_vortex,16,0.05,True,1.35,200.0,4.5,2.0,120.0,0.3
186,8056.59,1.701,24.73,1165.16,43.06,31,72,21,breakout_vortex,20,0.05,True,1.35,200.0,4.5,2.0,120.0,0.3
188,7649.27,1.701,26.6,1207.25,41.67,30,72,21,breakout_vortex,12,0.05,True,1.35,250.0,4.0,2.0,120.0,0.25
181,7320.27,1.701,26.52,1207.25,41.67,30,72,21,breakout_vortex,12,0.05,True,1.35,200.0,4.0,2.0,120.0,0.25
176,7439.03,1.7,26.7,1190.07,43.06,31,72,14,breakout_vortex,16,0.1,True,1.35,200.0,4.0,2.0,120.0,0.3
176,7439.03,1.7,26.7,1190.07,43.06,31,72,14,breakout_vortex,20,0.1,True,1.35,200.0,4.0,2.0,120.0,0.3
176,7437.22,1.7,26.7,1190.07,43.06,31,72,14,breakout_vortex,16,0.15,True,1.35,200.0,4.0,2.0,120.0,0.3
176,7437.22,1.7,26.7,1190.07,43.06,31,72,14,breakout_vortex,16,0.2,True,1.35,200.0,4.0,2.0,120.0,0.3
176,7437.22,1.7,26.7,1190.07,43.06,31,72,14,breakout_vortex,20,0.15,True,1.35,200.0,4.0,2.0,120.0,0.3
176,7437.22,1.7,26.7,1190.07,43.06,31,72,14,breakout_vortex,20,0.2,True,1.35,200.0,4.0,2.0,120.0,0.3
186,7867.08,1.699,26.88,1190.07,43.06,31,72,14,breakout_vortex,12,0.05,True,1.35,250.0,4.0,2.0,120.0,0.3
179,7538.08,1.698,26.82,1190.07,43.06,31,72,14,breakout_vortex,12,0.05,True,1.35,200.0,4.0,2.0,120.0,0.3
187,8029.58,1.697,24.6,1165.16,43.06,31,72,21,breakout_vortex,12,0.05,True,1.35,200.0,4.5,2.0,120.0,0.3
57,3437.07,1.693,33.33,881.86,26.39,19,72,14,pure_vortex,16,0.15,True,1.4,200.0,3.5,2.5,120.0,0.3
188,7587.6,1.692,26.6,1207.25,41.67,30,72,14,breakout_vortex,12,0.15,True,1.35,250.0,4.0,2.0,120.0,0.25
188,7587.6,1.692,26.6,1207.25,41.67,30,72,14,breakout_vortex,12,0.2,True,1.35,250.0,4.0,2.0,120.0,0.25
170,8172.6,1.69,28.82,1278.85,43.06,31,72,21,breakout_vortex,16,0.15,True,1.4,200.0,4.0,2.5,120.0,0.25
170,8172.6,1.69,28.82,1278.85,43.06,31,72,21,breakout_vortex,16,0.2,True,1.4,200.0,4.0,2.5,120.0,0.25
170,8172.6,1.69,28.82,1278.85,43.06,31,72,21,breakout_vortex,20,0.15,True,1.4,200.0,4.0,2.5,120.0,0.25
170,8172.6,1.69,28.82,1278.85,43.06,31,72,21,breakout_vortex,20,0.2,True,1.4,200.0,4.0,2.5,120.0,0.25
188,7685.37,1.69,24.47,1186.48,40.28,29,72,21,breakout_vortex,16,0.1,True,1.35,200.0,4.5,2.0,120.0,0.25
188,7685.37,1.69,24.47,1186.48,40.28,29,72,21,breakout_vortex,16,0.15,True,1.35,200.0,4.5,2.0,120.0,0.25
188,7685.37,1.69,24.47,1186.48,40.28,29,72,21,breakout_vortex,16,0.2,True,1.35,200.0,4.5,2.0,120.0,0.25
188,7685.37,1.69,24.47,1186.48,40.28,29,72,21,breakout_vortex,20,0.1,True,1.35,200.0,4.5,2.0,120.0,0.25
188,7685.37,1.69,24.47,1186.48,40.28,29,72,21,breakout_vortex,20,0.15,True,1.35,200.0,4.5,2.0,120.0,0.25
188,7685.37,1.69,24.47,1186.48,40.28,29,72,21,breakout_vortex,20,0.2,True,1.35,200.0,4.5,2.0,120.0,0.25
187,7968.97,1.688,24.6,1165.16,43.06,31,72,14,breakout_vortex,12,0.15,True,1.35,200.0,4.5,2.0,120.0,0.3
187,7968.97,1.688,24.6,1165.16,43.06,31,72,14,breakout_vortex,12,0.2,True,1.35,200.0,4.5,2.0,120.0,0.3
187,7961.02,1.687,24.6,1165.16,43.06,31,72,14,breakout_vortex,16,0.15,True,1.35,250.0,4.5,2.0,120.0,0.3
187,7961.02,1.687,24.6,1165.16,43.06,31,72,14,breakout_vortex,16,0.2,True,1.35,250.0,4.5,2.0,120.0,0.3
187,7961.02,1.687,24.6,1165.16,43.06,31,72,14,breakout_vortex,20,0.15,True,1.35,250.0,4.5,2.0,120.0,0.3
187,7961.02,1.687,24.6,1165.16,43.06,31,72,14,breakout_vortex,20,0.2,True,1.35,250.0,4.5,2.0,120.0,0.3
189,7662.76,1.687,24.34,1186.48,40.28,29,72,21,breakout_vortex,12,0.1,True,1.35,200.0,4.5,2.0,120.0,0.25
189,7662.76,1.687,24.34,1186.48,40.28,29,72,21,breakout_vortex,12,0.15,True,1.35,200.0,4.5,2.0,120.0,0.25
189,7662.76,1.687,24.34,1186.48,40.28,29,72,21,breakout_vortex,12,0.2,True,1.35,200.0,4.5,2.0,120.0,0.25
188,7554.56,1.687,26.6,1207.25,41.67,30,72,14,breakout_vortex,12,0.1,True,1.35,250.0,4.0,2.0,120.0,0.25
189,7650.55,1.685,24.34,1186.48,40.28,29,72,14,breakout_vortex,16,0.1,True,1.35,200.0,4.5,2.0,120.0,0.25
189,7650.55,1.685,24.34,1186.48,40.28,29,72,14,breakout_vortex,16,0.1,True,1.35,250.0,4.5,2.0,120.0,0.25
189,7650.55,1.685,24.34,1186.48,40.28,29,72,14,breakout_vortex,20,0.1,True,1.35,200.0,4.5,2.0,120.0,0.25
189,7650.55,1.685,24.34,1186.48,40.28,29,72,14,breakout_vortex,20,0.1,True,1.35,250.0,4.5,2.0,120.0,0.25
181,7225.56,1.685,26.52,1207.25,41.67,30,72,14,breakout_vortex,12,0.1,True,1.35,200.0,4.0,2.0,120.0,0.25
57,3385.22,1.685,33.33,926.11,25.0,18,72,14,pure_vortex,16,0.15,True,1.4,200.0,3.5,2.5,120.0,0.25
174,8256.75,1.684,28.74,1278.85,43.06,31,72,21,breakout_vortex,16,0.15,True,1.4,250.0,4.0,2.5,120.0,0.25
174,8256.75,1.684,28.74,1278.85,43.06,31,72,21,breakout_vortex,16,0.2,True,1.4,250.0,4.0,2.5,120.0,0.25
174,8256.75,1.684,28.74,1278.85,43.06,31,72,21,breakout_vortex,20,0.15,True,1.4,250.0,4.0,2.5,120.0,0.25
174,8256.75,1.684,28.74,1278.85,43.06,31,72,21,breakout_vortex,20,0.2,True,1.4,250.0,4.0,2.5,120.0,0.25
187,7939.26,1.684,24.6,1165.16,43.06,31,72,14,breakout_vortex,12,0.1,True,1.35,200.0,4.5,2.0,120.0,0.3
189,7648.23,1.684,24.34,1186.48,40.28,29,72,14,breakout_vortex,16,0.15,True,1.35,200.0,4.5,2.0,120.0,0.25
189,7648.23,1.684,24.34,1186.48,40.28,29,72,14,breakout_vortex,16,0.2,True,1.35,200.0,4.5,2.0,120.0,0.25
189,7648.23,1.684,24.34,1186.48,40.28,29,72,14,breakout_vortex,20,0.15,True,1.35,200.0,4.5,2.0,120.0,0.25
189,7648.23,1.684,24.34,1186.48,40.28,29,72,14,breakout_vortex,20,0.2,True,1.35,200.0,4.5,2.0,120.0,0.25
179,7102.81,1.684,26.26,1207.25,41.67,30,72,14,breakout_vortex,16,0.1,True,1.35,200.0,4.0,2.0,120.0,0.25
179,7102.81,1.684,26.26,1207.25,41.67,30,72,14,breakout_vortex,20,0.1,True,1.35,200.0,4.0,2.0,120.0,0.25
189,7532.53,1.683,26.46,1207.25,41.67,30,72,14,breakout_vortex,12,0.05,True,1.35,250.0,4.0,2.0,120.0,0.25
179,7101.0,1.683,26.26,1207.25,41.67,30,72,14,breakout_vortex,16,0.15,True,1.35,200.0,4.0,2.0,120.0,0.25
179,7101.0,1.683,26.26,1207.25,41.67,30,72,14,breakout_vortex,16,0.2,True,1.35,200.0,4.0,2.0,120.0,0.25
179,7101.0,1.683,26.26,1207.25,41.67,30,72,14,breakout_vortex,20,0.15,True,1.35,200.0,4.0,2.0,120.0,0.25
179,7101.0,1.683,26.26,1207.25,41.67,30,72,14,breakout_vortex,20,0.2,True,1.35,200.0,4.0,2.0,120.0,0.25
182,7203.53,1.682,26.37,1207.25,41.67,30,72,14,breakout_vortex,12,0.05,True,1.35,200.0,4.0,2.0,120.0,0.25
171,8460.48,1.681,26.9,1278.85,41.67,30,72,21,breakout_vortex,16,0.15,True,1.4,250.0,4.5,2.5,120.0,0.25
171,8460.48,1.681,26.9,1278.85,41.67,30,72,21,breakout_vortex,16,0.2,True,1.4,250.0,4.5,2.5,120.0,0.25
171,8460.48,1.681,26.9,1278.85,41.67,30,72,21,breakout_vortex,20,0.15,True,1.4,250.0,4.5,2.5,120.0,0.25
171,8460.48,1.681,26.9,1278.85,41.67,30,72,21,breakout_vortex,20,0.2,True,1.4,250.0,4.5,2.5,120.0,0.25
177,7320.51,1.681,26.55,1190.07,43.06,31,72,14,breakout_vortex,12,0.15,True,1.35,200.0,4.0,2.0,120.0,0.3
177,7320.51,1.681,26.55,1190.07,43.06,31,72,14,breakout_vortex,12,0.2,True,1.35,200.0,4.0,2.0,120.0,0.3
188,7912.83,1.68,24.47,1165.16,43.06,31,72,14,breakout_vortex,12,0.05,True,1.35,200.0,4.5,2.0,120.0,0.3
189,7616.3,1.68,24.34,1186.48,40.28,29,72,14,breakout_vortex,16,0.05,True,1.35,200.0,4.5,2.0,120.0,0.25
189,7616.3,1.68,24.34,1186.48,40.28,29,72,14,breakout_vortex,20,0.05,True,1.35,200.0,4.5,2.0,120.0,0.25
189,7616.3,1.68,24.34,1186.48,40.28,29,72,21,breakout_vortex,16,0.05,True,1.35,200.0,4.5,2.0,120.0,0.25
189,7616.3,1.68,24.34,1186.48,40.28,29,72,21,breakout_vortex,20,0.05,True,1.35,200.0,4.5,2.0,120.0,0.25
190,7593.7,1.676,24.21,1186.48,40.28,29,72,21,breakout_vortex,12,0.05,True,1.35,200.0,4.5,2.0,120.0,0.25
188,7844.31,1.67,24.47,1165.16,43.06,31,72,14,breakout_vortex,12,0.15,True,1.35,250.0,4.5,2.0,120.0,0.3
188,7844.31,1.67,24.47,1165.16,43.06,31,72,14,breakout_vortex,12,0.2,True,1.35,250.0,4.5,2.0,120.0,0.3
172,8008.63,1.667,28.49,1278.85,41.67,30,72,21,breakout_vortex,12,0.15,True,1.4,200.0,4.0,2.5,120.0,0.25
172,8008.63,1.667,28.49,1278.85,41.67,30,72,21,breakout_vortex,12,0.2,True,1.4,200.0,4.0,2.5,120.0,0.25
190,7531.52,1.667,24.21,1186.48,40.28,29,72,14,breakout_vortex,12,0.15,True,1.35,200.0,4.5,2.0,120.0,0.25
190,7531.52,1.667,24.21,1186.48,40.28,29,72,14,breakout_vortex,12,0.2,True,1.35,200.0,4.5,2.0,120.0,0.25
190,7523.57,1.666,24.21,1186.48,40.28,29,72,14,breakout_vortex,16,0.15,True,1.35,250.0,4.5,2.0,120.0,0.25
190,7523.57,1.666,24.21,1186.48,40.28,29,72,14,breakout_vortex,16,0.2,True,1.35,250.0,4.5,2.0,120.0,0.25
190,7523.57,1.666,24.21,1186.48,40.28,29,72,14,breakout_vortex,20,0.15,True,1.35,250.0,4.5,2.0,120.0,0.25
190,7523.57,1.666,24.21,1186.48,40.28,29,72,14,breakout_vortex,20,0.2,True,1.35,250.0,4.5,2.0,120.0,0.25
180,6984.29,1.665,26.11,1207.25,41.67,30,72,14,breakout_vortex,12,0.15,True,1.35,200.0,4.0,2.0,120.0,0.25
180,6984.29,1.665,26.11,1207.25,41.67,30,72,14,breakout_vortex,12,0.2,True,1.35,200.0,4.0,2.0,120.0,0.25
190,7498.98,1.662,24.21,1186.48,40.28,29,72,14,breakout_vortex,12,0.1,True,1.35,200.0,4.5,2.0,120.0,0.25
176,8092.78,1.661,28.41,1278.85,41.67,30,72,21,breakout_vortex,12,0.15,True,1.4,250.0,4.0,2.5,120.0,0.25
176,8092.78,1.661,28.41,1278.85,41.67,30,72,21,breakout_vortex,12,0.2,True,1.4,250.0,4.0,2.5,120.0,0.25
173,8296.51,1.659,26.59,1278.85,41.67,30,72,21,breakout_vortex,12,0.15,True,1.4,250.0,4.5,2.5,120.0,0.25
173,8296.51,1.659,26.59,1278.85,41.67,30,72,21,breakout_vortex,12,0.2,True,1.4,250.0,4.5,2.5,120.0,0.25
191,7476.95,1.659,24.08,1186.48,40.28,29,72,14,breakout_vortex,12,0.05,True,1.35,200.0,4.5,2.0,120.0,0.25
162,7806.55,1.656,26.54,1278.85,43.06,31,72,21,breakout_vortex,16,0.1,True,1.4,200.0,4.5,2.5,120.0,0.25
162,7806.55,1.656,26.54,1278.85,43.06,31,72,21,breakout_vortex,20,0.1,True,1.4,200.0,4.5,2.5,120.0,0.25
169,7777.72,1.656,28.4,1278.85,43.06,31,72,21,breakout_vortex,16,0.1,True,1.4,200.0,4.0,2.5,120.0,0.25
169,7777.72,1.656,28.4,1278.85,43.06,31,72,21,breakout_vortex,20,0.1,True,1.4,200.0,4.0,2.5,120.0,0.25
173,7861.87,1.651,28.32,1278.85,43.06,31,72,21,breakout_vortex,16,0.1,True,1.4,250.0,4.0,2.5,120.0,0.25
173,7861.87,1.651,28.32,1278.85,43.06,31,72,21,breakout_vortex,20,0.1,True,1.4,250.0,4.0,2.5,120.0,0.25
191,7406.86,1.649,24.08,1186.48,40.28,29,72,14,breakout_vortex,12,0.15,True,1.35,250.0,4.5,2.0,120.0,0.25
191,7406.86,1.649,24.08,1186.48,40.28,29,72,14,breakout_vortex,12,0.2,True,1.35,250.0,4.5,2.0,120.0,0.25
170,7998.98,1.644,26.47,1278.85,41.67,30,72,21,breakout_vortex,16,0.1,True,1.4,250.0,4.5,2.5,120.0,0.25
170,7998.98,1.644,26.47,1278.85,41.67,30,72,21,breakout_vortex,20,0.1,True,1.4,250.0,4.5,2.5,120.0,0.25
163,7720.41,1.644,26.38,1278.85,43.06,31,72,14,breakout_vortex,16,0.05,True,1.4,200.0,4.5,2.5,120.0,0.25
163,7720.41,1.644,26.38,1278.85,43.06,31,72,14,breakout_vortex,16,0.1,True,1.4,200.0,4.5,2.5,120.0,0.25
163,7720.41,1.644,26.38,1278.85,43.06,31,72,14,breakout_vortex,16,0.15,True,1.4,200.0,4.5,2.5,120.0,0.25
163,7720.41,1.644,26.38,1278.85,43.06,31,72,14,breakout_vortex,16,0.2,True,1.4,200.0,4.5,2.5,120.0,0.25
163,7720.41,1.644,26.38,1278.85,43.06,31,72,14,breakout_vortex,20,0.05,True,1.4,200.0,4.5,2.5,120.0,0.25
163,7720.41,1.644,26.38,1278.85,43.06,31,72,14,breakout_vortex,20,0.1,True,1.4,200.0,4.5,2.5,120.0,0.25
163,7720.41,1.644,26.38,1278.85,43.06,31,72,14,breakout_vortex,20,0.15,True,1.4,200.0,4.5,2.5,120.0,0.25
163,7720.41,1.644,26.38,1278.85,43.06,31,72,14,breakout_vortex,20,0.2,True,1.4,200.0,4.5,2.5,120.0,0.25
163,7720.41,1.644,26.38,1278.85,43.06,31,72,21,breakout_vortex,20,0.05,True,1.4,200.0,4.5,2.5,120.0,0.25
170,7691.58,1.644,28.24,1278.85,41.67,30,72,14,breakout_vortex,16,0.05,True,1.4,200.0,4.0,2.5,120.0,0.25
170,7691.58,1.644,28.24,1278.85,41.67,30,72,14,breakout_vortex,16,0.1,True,1.4,200.0,4.0,2.5,120.0,0.25
170,7691.58,1.644,28.24,1278.85,41.67,30,72,14,breakout_vortex,20,0.05,True,1.4,200.0,4.0,2.5,120.0,0.25
170,7691.58,1.644,28.24,1278.85,41.67,30,72,14,breakout_vortex,20,0.1,True,1.4,200.0,4.0,2.5,120.0,0.25
170,7691.58,1.644,28.24,1278.85,41.67,30,72,21,breakout_vortex,20,0.05,True,1.4,200.0,4.0,2.5,120.0,0.25
170,7689.32,1.644,28.24,1278.85,41.67,30,72,14,breakout_vortex,16,0.15,True,1.4,200.0,4.0,2.5,120.0,0.25
170,7689.32,1.644,28.24,1278.85,41.67,30,72,14,breakout_vortex,16,0.2,True,1.4,200.0,4.0,2.5,120.0,0.25
170,7689.32,1.644,28.24,1278.85,41.67,30,72,14,breakout_vortex,20,0.15,True,1.4,200.0,4.0,2.5,120.0,0.25
170,7689.32,1.644,28.24,1278.85,41.67,30,72,14,breakout_vortex,20,0.2,True,1.4,200.0,4.0,2.5,120.0,0.25
162,7660.48,1.643,26.54,1278.85,43.06,31,72,21,breakout_vortex,16,0.15,True,1.4,200.0,4.5,2.5,120.0,0.25
162,7660.48,1.643,26.54,1278.85,43.06,31,72,21,breakout_vortex,16,0.2,True,1.4,200.0,4.5,2.5,120.0,0.25
162,7660.48,1.643,26.54,1278.85,43.06,31,72,21,breakout_vortex,20,0.15,True,1.4,200.0,4.5,2.5,120.0,0.25
162,7660.48,1.643,26.54,1278.85,43.06,31,72,21,breakout_vortex,20,0.2,True,1.4,200.0,4.5,2.5,120.0,0.25
58,3283.76,1.643,32.76,881.86,26.39,19,72,14,pure_vortex,16,0.15,True,1.4,250.0,3.5,2.5,120.0,0.3
171,7672.04,1.642,28.07,1278.85,41.67,30,72,21,breakout_vortex,16,0.05,True,1.4,200.0,4.0,2.5,120.0,0.25
164,7700.87,1.641,26.22,1278.85,43.06,31,72,21,breakout_vortex,16,0.05,True,1.4,200.0,4.5,2.5,120.0,0.25
174,7775.73,1.639,28.16,1278.85,41.67,30,72,14,breakout_vortex,16,0.05,True,1.4,250.0,4.0,2.5,120.0,0.25
174,7775.73,1.639,28.16,1278.85,41.67,30,72,14,breakout_vortex,16,0.1,True,1.4,250.0,4.0,2.5,120.0,0.25
174,7775.73,1.639,28.16,1278.85,41.67,30,72,14,breakout_vortex,20,0.05,True,1.4,250.0,4.0,2.5,120.0,0.25
174,7775.73,1.639,28.16,1278.85,41.67,30,72,14,breakout_vortex,20,0.1,True,1.4,250.0,4.0,2.5,120.0,0.25
174,7775.73,1.639,28.16,1278.85,41.67,30,72,21,breakout_vortex,20,0.05,True,1.4,250.0,4.0,2.5,120.0,0.25
174,7773.47,1.639,28.16,1278.85,41.67,30,72,14,breakout_vortex,16,0.15,True,1.4,250.0,4.0,2.5,120.0,0.25
174,7773.47,1.639,28.16,1278.85,41.67,30,72,14,breakout_vortex,16,0.2,True,1.4,250.0,4.0,2.5,120.0,0.25
174,7773.47,1.639,28.16,1278.85,41.67,30,72,14,breakout_vortex,20,0.15,True,1.4,250.0,4.0,2.5,120.0,0.25
174,7773.47,1.639,28.16,1278.85,41.67,30,72,14,breakout_vortex,20,0.2,True,1.4,250.0,4.0,2.5,120.0,0.25
175,7756.19,1.637,28.0,1278.85,41.67,30,72,21,breakout_vortex,16,0.05,True,1.4,250.0,4.0,2.5,120.0,0.25
58,3231.9,1.635,32.76,926.11,25.0,18,72,14,pure_vortex,16,0.15,True,1.4,250.0,3.5,2.5,120.0,0.25
165,7647.07,1.634,26.06,1278.85,43.06,31,72,14,breakout_vortex,12,0.2,True,1.4,200.0,4.5,2.5,120.0,0.25
172,7615.98,1.634,27.91,1278.85,41.67,30,72,14,breakout_vortex,12,0.2,True,1.4,200.0,4.0,2.5,120.0,0.25
171,7613.75,1.634,28.07,1278.85,41.67,30,72,21,breakout_vortex,12,0.1,True,1.4,200.0,4.0,2.5,120.0,0.25
58,2885.52,1.634,27.59,1159.87,22.22,16,72,14,pure_vortex,16,0.15,True,1.4,200.0,4.5,2.0,120.0,0.3
171,7912.84,1.633,26.32,1278.85,41.67,30,72,14,breakout_vortex,16,0.05,True,1.4,250.0,4.5,2.5,120.0,0.25
171,7912.84,1.633,26.32,1278.85,41.67,30,72,14,breakout_vortex,16,0.1,True,1.4,250.0,4.5,2.5,120.0,0.25
171,7912.84,1.633,26.32,1278.85,41.67,30,72,14,breakout_vortex,16,0.15,True,1.4,250.0,4.5,2.5,120.0,0.25
171,7912.84,1.633,26.32,1278.85,41.67,30,72,14,breakout_vortex,16,0.2,True,1.4,250.0,4.5,2.5,120.0,0.25
171,7912.84,1.633,26.32,1278.85,41.67,30,72,14,breakout_vortex,20,0.05,True,1.4,250.0,4.5,2.5,120.0,0.25
171,7912.84,1.633,26.32,1278.85,41.67,30,72,14,breakout_vortex,20,0.1,True,1.4,250.0,4.5,2.5,120.0,0.25
171,7912.84,1.633,26.32,1278.85,41.67,30,72,14,breakout_vortex,20,0.15,True,1.4,250.0,4.5,2.5,120.0,0.25
171,7912.84,1.633,26.32,1278.85,41.67,30,72,14,breakout_vortex,20,0.2,True,1.4,250.0,4.5,2.5,120.0,0.25
171,7912.84,1.633,26.32,1278.85,41.67,30,72,21,breakout_vortex,20,0.05,True,1.4,250.0,4.5,2.5,120.0,0.25
164,7642.58,1.633,26.22,1278.85,43.06,31,72,21,breakout_vortex,12,0.1,True,1.4,200.0,4.5,2.5,120.0,0.25
165,7623.21,1.631,26.06,1278.85,43.06,31,72,21,breakout_vortex,12,0.05,True,1.4,200.0,4.5,2.5,120.0,0.25
172,7594.39,1.631,27.91,1278.85,41.67,30,72,21,breakout_vortex,12,0.05,True,1.4,200.0,4.0,2.5,120.0,0.25
172,7893.3,1.63,26.16,1278.85,41.67,30,72,21,breakout_vortex,16,0.05,True,1.4,250.0,4.5,2.5,120.0,0.25
58,2855.92,1.63,27.59,1194.54,22.22,16,72,14,pure_vortex,16,0.15,True,1.4,200.0,4.5,2.0,120.0,0.25
176,7700.13,1.629,27.84,1278.85,41.67,30,72,14,breakout_vortex,12,0.2,True,1.4,250.0,4.0,2.5,120.0,0.25
175,7697.9,1.629,28.0,1278.85,41.67,30,72,21,breakout_vortex,12,0.1,True,1.4,250.0,4.0,2.5,120.0,0.25
176,7678.54,1.626,27.84,1278.85,41.67,30,72,21,breakout_vortex,12,0.05,True,1.4,250.0,4.0,2.5,120.0,0.25
167,8063.29,1.625,26.95,1549.85,41.67,30,72,21,breakout_vortex,16,0.15,True,1.4,250.0,4.5,2.5,120.0,0.3
167,8063.29,1.625,26.95,1549.85,41.67,30,72,21,breakout_vortex,16,0.2,True,1.4,250.0,4.5,2.5,120.0,0.3
167,8063.29,1.625,26.95,1549.85,41.67,30,72,21,breakout_vortex,20,0.15,True,1.4,250.0,4.5,2.5,120.0,0.3
167,8063.29,1.625,26.95,1549.85,41.67,30,72,21,breakout_vortex,20,0.2,True,1.4,250.0,4.5,2.5,120.0,0.3
166,7572.28,1.624,25.9,1278.85,43.06,31,72,14,breakout_vortex,12,0.15,True,1.4,200.0,4.5,2.5,120.0,0.25
173,7541.18,1.624,27.75,1278.85,41.67,30,72,14,breakout_vortex,12,0.15,True,1.4,200.0,4.0,2.5,120.0,0.25
173,7540.59,1.624,27.75,1278.85,41.67,30,72,14,breakout_vortex,12,0.05,True,1.4,200.0,4.0,2.5,120.0,0.25
173,7540.59,1.624,27.75,1278.85,41.67,30,72,14,breakout_vortex,12,0.1,True,1.4,200.0,4.0,2.5,120.0,0.25
173,7839.51,1.623,26.01,1278.85,41.67,30,72,14,breakout_vortex,12,0.2,True,1.4,250.0,4.5,2.5,120.0,0.25
166,7569.41,1.623,25.9,1278.85,43.06,31,72,14,breakout_vortex,12,0.05,True,1.4,200.0,4.5,2.5,120.0,0.25
166,7569.41,1.623,25.9,1278.85,43.06,31,72,14,breakout_vortex,12,0.1,True,1.4,200.0,4.5,2.5,120.0,0.25
172,7835.01,1.622,26.16,1278.85,41.67,30,72,21,breakout_vortex,12,0.1,True,1.4,250.0,4.5,2.5,120.0,0.25
167,7708.63,1.622,28.74,1459.53,44.44,32,72,21,breakout_vortex,16,0.15,True,1.4,200.0,4.0,2.5,120.0,0.3
167,7708.63,1.622,28.74,1459.53,44.44,32,72,21,breakout_vortex,16,0.2,True,1.4,200.0,4.0,2.5,120.0,0.3
167,7708.63,1.622,28.74,1459.53,44.44,32,72,21,breakout_vortex,20,0.15,True,1.4,200.0,4.0,2.5,120.0,0.3
167,7708.63,1.622,28.74,1459.53,44.44,32,72,21,breakout_vortex,20,0.2,True,1.4,200.0,4.0,2.5,120.0,0.3
164,7496.51,1.621,26.22,1278.85,43.06,31,72,21,breakout_vortex,12,0.15,True,1.4,200.0,4.5,2.5,120.0,0.25
164,7496.51,1.621,26.22,1278.85,43.06,31,72,21,breakout_vortex,12,0.2,True,1.4,200.0,4.5,2.5,120.0,0.25
173,7815.65,1.62,26.01,1278.85,41.67,30,72,21,breakout_vortex,12,0.05,True,1.4,250.0,4.5,2.5,120.0,0.25
177,7625.33,1.619,27.68,1278.85,41.67,30,72,14,breakout_vortex,12,0.15,True,1.4,250.0,4.0,2.5,120.0,0.25
177,7624.74,1.619,27.68,1278.85,41.67,30,72,14,breakout_vortex,12,0.05,True,1.4,250.0,4.0,2.5,120.0,0.25
177,7624.74,1.619,27.68,1278.85,41.67,30,72,14,breakout_vortex,12,0.1,True,1.4,250.0,4.0,2.5,120.0,0.25
171,7792.78,1.617,28.65,1459.53,44.44,32,72,21,breakout_vortex,16,0.15,True,1.4,250.0,4.0,2.5,120.0,0.3
171,7792.78,1.617,28.65,1459.53,44.44,32,72,21,breakout_vortex,16,0.2,True,1.4,250.0,4.0,2.5,120.0,0.3
171,7792.78,1.617,28.65,1459.53,44.44,32,72,21,breakout_vortex,20,0.15,True,1.4,250.0,4.0,2.5,120.0,0.3
171,7792.78,1.617,28.65,1459.53,44.44,32,72,21,breakout_vortex,20,0.2,True,1.4,250.0,4.0,2.5,120.0,0.3
174,7764.71,1.613,25.86,1278.85,41.67,30,72,14,breakout_vortex,12,0.15,True,1.4,250.0,4.5,2.5,120.0,0.25
174,7761.85,1.613,25.86,1278.85,41.67,30,72,14,breakout_vortex,12,0.05,True,1.4,250.0,4.5,2.5,120.0,0.25
174,7761.85,1.613,25.86,1278.85,41.67,30,72,14,breakout_vortex,12,0.1,True,1.4,250.0,4.5,2.5,120.0,0.25
217,8035.57,1.603,28.11,1642.83,51.39,37,72,21,breakout_vortex,12,0.2,False,1.4,200.0,4.0,2.5,120.0,0.3
169,7882.06,1.603,26.63,1549.85,41.67,30,72,21,breakout_vortex,12,0.15,True,1.4,250.0,4.5,2.5,120.0,0.3
169,7882.06,1.603,26.63,1549.85,41.67,30,72,21,breakout_vortex,12,0.2,True,1.4,250.0,4.5,2.5,120.0,0.3
169,7527.4,1.598,28.4,1459.53,43.06,31,72,21,breakout_vortex,12,0.15,True,1.4,200.0,4.0,2.5,120.0,0.3
169,7527.4,1.598,28.4,1459.53,43.06,31,72,21,breakout_vortex,12,0.2,True,1.4,200.0,4.0,2.5,120.0,0.3
59,2773.6,1.595,27.12,1159.87,22.22,16,72,14,pure_vortex,16,0.15,True,1.4,250.0,4.5,2.0,120.0,0.3
173,7611.55,1.594,28.32,1459.53,43.06,31,72,21,breakout_vortex,12,0.15,True,1.4,250.0,4.0,2.5,120.0,0.3
173,7611.55,1.594,28.32,1459.53,43.06,31,72,21,breakout_vortex,12,0.2,True,1.4,250.0,4.0,2.5,120.0,0.3
158,7367.44,1.593,26.58,1529.15,43.06,31,72,21,breakout_vortex,16,0.1,True,1.4,200.0,4.5,2.5,120.0,0.3
158,7367.44,1.593,26.58,1529.15,43.06,31,72,21,breakout_vortex,20,0.1,True,1.4,200.0,4.5,2.5,120.0,0.3
165,7622.74,1.592,26.67,1529.15,41.67,30,72,21,breakout_vortex,16,0.1,True,1.4,250.0,4.5,2.5,120.0,0.3
165,7622.74,1.592,26.67,1529.15,41.67,30,72,21,breakout_vortex,20,0.1,True,1.4,250.0,4.5,2.5,120.0,0.3
165,7334.69,1.592,28.48,1438.82,44.44,32,72,21,breakout_vortex,16,0.1,True,1.4,200.0,4.0,2.5,120.0,0.3
165,7334.69,1.592,28.48,1438.82,44.44,32,72,21,breakout_vortex,20,0.1,True,1.4,200.0,4.0,2.5,120.0,0.3
59,2744.0,1.59,27.12,1194.54,22.22,16,72,14,pure_vortex,16,0.15,True,1.4,250.0,4.5,2.0,120.0,0.25
169,7418.84,1.589,28.4,1438.82,44.44,32,72,21,breakout_vortex,16,0.1,True,1.4,250.0,4.0,2.5,120.0,0.3
169,7418.84,1.589,28.4,1438.82,44.44,32,72,21,breakout_vortex,20,0.1,True,1.4,250.0,4.0,2.5,120.0,0.3
180,6161.22,1.589,28.33,1214.99,47.22,34,72,14,breakout_vortex,16,0.1,True,1.35,200.0,3.5,2.0,120.0,0.3
180,6161.22,1.589,28.33,1214.99,47.22,34,72,14,breakout_vortex,20,0.1,True,1.35,200.0,3.5,2.0,120.0,0.3
180,6159.41,1.589,28.33,1214.99,47.22,34,72,14,breakout_vortex,16,0.15,True,1.35,200.0,3.5,2.0,120.0,0.3
180,6159.41,1.589,28.33,1214.99,47.22,34,72,14,breakout_vortex,16,0.2,True,1.35,200.0,3.5,2.0,120.0,0.3
180,6159.41,1.589,28.33,1214.99,47.22,34,72,14,breakout_vortex,20,0.15,True,1.35,200.0,3.5,2.0,120.0,0.3
180,6159.41,1.589,28.33,1214.99,47.22,34,72,14,breakout_vortex,20,0.2,True,1.35,200.0,3.5,2.0,120.0,0.3
180,6129.71,1.585,28.33,1214.99,47.22,34,72,14,breakout_vortex,16,0.05,True,1.35,200.0,3.5,2.0,120.0,0.3
180,6129.71,1.585,28.33,1214.99,47.22,34,72,14,breakout_vortex,20,0.05,True,1.35,200.0,3.5,2.0,120.0,0.3
180,6129.71,1.585,28.33,1214.99,47.22,34,72,21,breakout_vortex,16,0.05,True,1.35,200.0,3.5,2.0,120.0,0.3
180,6129.71,1.585,28.33,1214.99,47.22,34,72,21,breakout_vortex,16,0.1,True,1.35,200.0,3.5,2.0,120.0,0.3
180,6129.71,1.585,28.33,1214.99,47.22,34,72,21,breakout_vortex,16,0.15,True,1.35,200.0,3.5,2.0,120.0,0.3
180,6129.71,1.585,28.33,1214.99,47.22,34,72,21,breakout_vortex,16,0.2,True,1.35,200.0,3.5,2.0,120.0,0.3
180,6129.71,1.585,28.33,1214.99,47.22,34,72,21,breakout_vortex,20,0.05,True,1.35,200.0,3.5,2.0,120.0,0.3
180,6129.71,1.585,28.33,1214.99,47.22,34,72,21,breakout_vortex,20,0.1,True,1.35,200.0,3.5,2.0,120.0,0.3
180,6129.71,1.585,28.33,1214.99,47.22,34,72,21,breakout_vortex,20,0.15,True,1.35,200.0,3.5,2.0,120.0,0.3
180,6129.71,1.585,28.33,1214.99,47.22,34,72,21,breakout_vortex,20,0.2,True,1.35,200.0,3.5,2.0,120.0,0.3
181,6102.71,1.581,28.18,1214.99,47.22,34,72,21,breakout_vortex,12,0.05,True,1.35,200.0,3.5,2.0,120.0,0.3
181,6102.71,1.581,28.18,1214.99,47.22,34,72,21,breakout_vortex,12,0.1,True,1.35,200.0,3.5,2.0,120.0,0.3
181,6102.71,1.581,28.18,1214.99,47.22,34,72,21,breakout_vortex,12,0.15,True,1.35,200.0,3.5,2.0,120.0,0.3
181,6102.71,1.581,28.18,1214.99,47.22,34,72,21,breakout_vortex,12,0.2,True,1.35,200.0,3.5,2.0,120.0,0.3
166,7522.14,1.58,26.51,1529.15,41.67,30,72,21,breakout_vortex,16,0.05,True,1.4,250.0,4.5,2.5,120.0,0.3
159,7266.84,1.58,26.42,1529.15,43.06,31,72,21,breakout_vortex,16,0.05,True,1.4,200.0,4.5,2.5,120.0,0.3
159,7264.07,1.58,26.42,1529.15,43.06,31,72,14,breakout_vortex,16,0.05,True,1.4,200.0,4.5,2.5,120.0,0.3
159,7264.07,1.58,26.42,1529.15,43.06,31,72,14,breakout_vortex,16,0.1,True,1.4,200.0,4.5,2.5,120.0,0.3
159,7264.07,1.58,26.42,1529.15,43.06,31,72,14,breakout_vortex,16,0.15,True,1.4,200.0,4.5,2.5,120.0,0.3
159,7264.07,1.58,26.42,1529.15,43.06,31,72,14,breakout_vortex,16,0.2,True,1.4,200.0,4.5,2.5,120.0,0.3
159,7264.07,1.58,26.42,1529.15,43.06,31,72,14,breakout_vortex,20,0.05,True,1.4,200.0,4.5,2.5,120.0,0.3
159,7264.07,1.58,26.42,1529.15,43.06,31,72,14,breakout_vortex,20,0.1,True,1.4,200.0,4.5,2.5,120.0,0.3
159,7264.07,1.58,26.42,1529.15,43.06,31,72,14,breakout_vortex,20,0.15,True,1.4,200.0,4.5,2.5,120.0,0.3
159,7264.07,1.58,26.42,1529.15,43.06,31,72,14,breakout_vortex,20,0.2,True,1.4,200.0,4.5,2.5,120.0,0.3
159,7264.07,1.58,26.42,1529.15,43.06,31,72,21,breakout_vortex,20,0.05,True,1.4,200.0,4.5,2.5,120.0,0.3
166,7234.1,1.58,28.31,1438.82,43.06,31,72,21,breakout_vortex,16,0.05,True,1.4,200.0,4.0,2.5,120.0,0.3
166,7519.37,1.579,26.51,1529.15,41.67,30,72,14,breakout_vortex,16,0.05,True,1.4,250.0,4.5,2.5,120.0,0.3
166,7519.37,1.579,26.51,1529.15,41.67,30,72,14,breakout_vortex,16,0.1,True,1.4,250.0,4.5,2.5,120.0,0.3
166,7519.37,1.579,26.51,1529.15,41.67,30,72,14,breakout_vortex,16,0.15,True,1.4,250.0,4.5,2.5,120.0,0.3
166,7519.37,1.579,26.51,1529.15,41.67,30,72,14,breakout_vortex,16,0.2,True,1.4,250.0,4.5,2.5,120.0,0.3
166,7519.37,1.579,26.51,1529.15,41.67,30,72,14,breakout_vortex,20,0.05,True,1.4,250.0,4.5,2.5,120.0,0.3
166,7519.37,1.579,26.51,1529.15,41.67,30,72,14,breakout_vortex,20,0.1,True,1.4,250.0,4.5,2.5,120.0,0.3
166,7519.37,1.579,26.51,1529.15,41.67,30,72,14,breakout_vortex,20,0.15,True,1.4,250.0,4.5,2.5,120.0,0.3
166,7519.37,1.579,26.51,1529.15,41.67,30,72,14,breakout_vortex,20,0.2,True,1.4,250.0,4.5,2.5,120.0,0.3
166,7519.37,1.579,26.51,1529.15,41.67,30,72,21,breakout_vortex,20,0.05,True,1.4,250.0,4.5,2.5,120.0,0.3
166,7231.33,1.579,28.31,1438.82,43.06,31,72,14,breakout_vortex,16,0.05,True,1.4,200.0,4.0,2.5,120.0,0.3
166,7231.33,1.579,28.31,1438.82,43.06,31,72,14,breakout_vortex,16,0.1,True,1.4,200.0,4.0,2.5,120.0,0.3
166,7231.33,1.579,28.31,1438.82,43.06,31,72,14,breakout_vortex,20,0.05,True,1.4,200.0,4.0,2.5,120.0,0.3
166,7231.33,1.579,28.31,1438.82,43.06,31,72,14,breakout_vortex,20,0.1,True,1.4,200.0,4.0,2.5,120.0,0.3
166,7231.33,1.579,28.31,1438.82,43.06,31,72,21,breakout_vortex,20,0.05,True,1.4,200.0,4.0,2.5,120.0,0.3
166,7229.06,1.579,28.31,1438.82,43.06,31,72,14,breakout_vortex,16,0.15,True,1.4,200.0,4.0,2.5,120.0,0.3
166,7229.06,1.579,28.31,1438.82,43.06,31,72,14,breakout_vortex,16,0.2,True,1.4,200.0,4.0,2.5,120.0,0.3
166,7229.06,1.579,28.31,1438.82,43.06,31,72,14,breakout_vortex,20,0.15,True,1.4,200.0,4.0,2.5,120.0,0.3
166,7229.06,1.579,28.31,1438.82,43.06,31,72,14,breakout_vortex,20,0.2,True,1.4,200.0,4.0,2.5,120.0,0.3
159,7200.43,1.579,26.42,1549.85,43.06,31,72,21,breakout_vortex,16,0.15,True,1.4,200.0,4.5,2.5,120.0,0.3
159,7200.43,1.579,26.42,1549.85,43.06,31,72,21,breakout_vortex,16,0.2,True,1.4,200.0,4.5,2.5,120.0,0.3
159,7200.43,1.579,26.42,1549.85,43.06,31,72,21,breakout_vortex,20,0.15,True,1.4,200.0,4.5,2.5,120.0,0.3
159,7200.43,1.579,26.42,1549.85,43.06,31,72,21,breakout_vortex,20,0.2,True,1.4,200.0,4.5,2.5,120.0,0.3
170,7318.25,1.576,28.24,1438.82,43.06,31,72,21,breakout_vortex,16,0.05,True,1.4,250.0,4.0,2.5,120.0,0.3
170,7315.48,1.576,28.24,1438.82,43.06,31,72,14,breakout_vortex,16,0.05,True,1.4,250.0,4.0,2.5,120.0,0.3
170,7315.48,1.576,28.24,1438.82,43.06,31,72,14,breakout_vortex,16,0.1,True,1.4,250.0,4.0,2.5,120.0,0.3
170,7315.48,1.576,28.24,1438.82,43.06,31,72,14,breakout_vortex,20,0.05,True,1.4,250.0,4.0,2.5,120.0,0.3
170,7315.48,1.576,28.24,1438.82,43.06,31,72,14,breakout_vortex,20,0.1,True,1.4,250.0,4.0,2.5,120.0,0.3
170,7315.48,1.576,28.24,1438.82,43.06,31,72,21,breakout_vortex,20,0.05,True,1.4,250.0,4.0,2.5,120.0,0.3
170,7313.21,1.575,28.24,1438.82,43.06,31,72,14,breakout_vortex,16,0.15,True,1.4,250.0,4.0,2.5,120.0,0.3
170,7313.21,1.575,28.24,1438.82,43.06,31,72,14,breakout_vortex,16,0.2,True,1.4,250.0,4.0,2.5,120.0,0.3
170,7313.21,1.575,28.24,1438.82,43.06,31,72,14,breakout_vortex,20,0.15,True,1.4,250.0,4.0,2.5,120.0,0.3
170,7313.21,1.575,28.24,1438.82,43.06,31,72,14,breakout_vortex,20,0.2,True,1.4,250.0,4.0,2.5,120.0,0.3
181,6042.7,1.572,28.18,1214.99,47.22,34,72,14,breakout_vortex,12,0.15,True,1.35,200.0,3.5,2.0,120.0,0.3
181,6042.7,1.572,28.18,1214.99,47.22,34,72,14,breakout_vortex,12,0.2,True,1.35,200.0,3.5,2.0,120.0,0.3
160,7189.18,1.571,26.25,1529.15,43.06,31,72,21,breakout_vortex,12,0.05,True,1.4,200.0,4.5,2.5,120.0,0.3
167,7444.49,1.57,26.35,1529.15,41.67,30,72,21,breakout_vortex,12,0.05,True,1.4,250.0,4.5,2.5,120.0,0.3
167,7441.51,1.57,26.35,1529.15,41.67,30,72,21,breakout_vortex,12,0.1,True,1.4,250.0,4.5,2.5,120.0,0.3
160,7186.21,1.57,26.25,1529.15,43.06,31,72,21,breakout_vortex,12,0.1,True,1.4,200.0,4.5,2.5,120.0,0.3
167,7156.44,1.57,28.14,1438.82,43.06,31,72,21,breakout_vortex,12,0.05,True,1.4,200.0,4.0,2.5,120.0,0.3
168,7435.0,1.569,26.19,1572.68,41.67,30,72,14,breakout_vortex,12,0.2,True,1.4,250.0,4.5,2.5,120.0,0.3
161,7179.7,1.569,26.09,1572.68,43.06,31,72,14,breakout_vortex,12,0.2,True,1.4,200.0,4.5,2.5,120.0,0.3
167,7153.46,1.569,28.14,1438.82,43.06,31,72,21,breakout_vortex,12,0.1,True,1.4,200.0,4.0,2.5,120.0,0.3
168,7144.69,1.568,27.98,1482.36,43.06,31,72,14,breakout_vortex,12,0.2,True,1.4,200.0,4.0,2.5,120.0,0.3
181,6012.39,1.567,28.18,1214.99,47.22,34,72,14,breakout_vortex,12,0.1,True,1.35,200.0,3.5,2.0,120.0,0.3
171,7240.59,1.566,28.07,1438.82,43.06,31,72,21,breakout_vortex,12,0.05,True,1.4,250.0,4.0,2.5,120.0,0.3
171,7237.61,1.566,28.07,1438.82,43.06,31,72,21,breakout_vortex,12,0.1,True,1.4,250.0,4.0,2.5,120.0,0.3
172,7228.84,1.565,27.91,1482.36,43.06,31,72,14,breakout_vortex,12,0.2,True,1.4,250.0,4.0,2.5,120.0,0.3
182,5985.95,1.563,28.02,1214.99,47.22,34,72,14,breakout_vortex,12,0.05,True,1.35,200.0,3.5,2.0,120.0,0.3
220,7562.11,1.56,29.09,1642.83,52.78,38,72,21,breakout_vortex,16,0.2,False,1.4,200.0,4.0,2.5,120.0,0.3
169,7360.21,1.56,26.04,1572.68,41.67,30,72,14,breakout_vortex,12,0.15,True,1.4,250.0,4.5,2.5,120.0,0.3
169,7357.34,1.56,26.04,1572.68,41.67,30,72,14,breakout_vortex,12,0.05,True,1.4,250.0,4.5,2.5,120.0,0.3
169,7357.34,1.56,26.04,1572.68,41.67,30,72,14,breakout_vortex,12,0.1,True,1.4,250.0,4.5,2.5,120.0,0.3
162,7104.9,1.56,25.93,1572.68,43.06,31,72,14,breakout_vortex,12,0.15,True,1.4,200.0,4.5,2.5,120.0,0.3
162,7102.04,1.56,25.93,1572.68,43.06,31,72,14,breakout_vortex,12,0.05,True,1.4,200.0,4.5,2.5,120.0,0.3
162,7102.04,1.56,25.93,1572.68,43.06,31,72,14,breakout_vortex,12,0.1,True,1.4,200.0,4.5,2.5,120.0,0.3
169,7069.89,1.559,27.81,1482.36,43.06,31,72,14,breakout_vortex,12,0.15,True,1.4,200.0,4.0,2.5,120.0,0.3
169,7069.3,1.559,27.81,1482.36,43.06,31,72,14,breakout_vortex,12,0.05,True,1.4,200.0,4.0,2.5,120.0,0.3
169,7069.3,1.559,27.81,1482.36,43.06,31,72,14,breakout_vortex,12,0.1,True,1.4,200.0,4.0,2.5,120.0,0.3
173,7154.05,1.556,27.75,1482.36,43.06,31,72,14,breakout_vortex,12,0.15,True,1.4,250.0,4.0,2.5,120.0,0.3
173,7153.45,1.556,27.75,1482.36,43.06,31,72,14,breakout_vortex,12,0.05,True,1.4,250.0,4.0,2.5,120.0,0.3
173,7153.45,1.556,27.75,1482.36,43.06,31,72,14,breakout_vortex,12,0.1,True,1.4,250.0,4.0,2.5,120.0,0.3
161,7019.2,1.556,26.09,1549.85,43.06,31,72,21,breakout_vortex,12,0.15,True,1.4,200.0,4.5,2.5,120.0,0.3
161,7019.2,1.556,26.09,1549.85,43.06,31,72,21,breakout_vortex,12,0.2,True,1.4,200.0,4.5,2.5,120.0,0.3
184,5731.97,1.556,27.72,1228.01,44.44,32,72,14,breakout_vortex,16,0.1,True,1.35,200.0,3.5,2.0,120.0,0.25
184,5731.97,1.556,27.72,1228.01,44.44,32,72,14,breakout_vortex,20,0.1,True,1.35,200.0,3.5,2.0,120.0,0.25
184,5730.16,1.556,27.72,1228.01,44.44,32,72,14,breakout_vortex,16,0.15,True,1.35,200.0,3.5,2.0,120.0,0.25
184,5730.16,1.556,27.72,1228.01,44.44,32,72,14,breakout_vortex,16,0.2,True,1.35,200.0,3.5,2.0,120.0,0.25
184,5730.16,1.556,27.72,1228.01,44.44,32,72,14,breakout_vortex,20,0.15,True,1.35,200.0,3.5,2.0,120.0,0.25
184,5730.16,1.556,27.72,1228.01,44.44,32,72,14,breakout_vortex,20,0.2,True,1.35,200.0,3.5,2.0,120.0,0.25
202,7442.13,1.553,26.73,1875.98,51.39,37,72,21,breakout_vortex,16,0.2,False,1.4,200.0,4.5,2.5,120.0,0.3
187,6001.07,1.551,28.34,1214.99,45.83,33,72,14,breakout_vortex,16,0.1,True,1.35,250.0,3.5,2.0,120.0,0.3
187,6001.07,1.551,28.34,1214.99,45.83,33,72,14,breakout_vortex,20,0.1,True,1.35,250.0,3.5,2.0,120.0,0.3
184,5697.73,1.551,27.72,1228.01,44.44,32,72,14,breakout_vortex,16,0.05,True,1.35,200.0,3.5,2.0,120.0,0.25
184,5697.73,1.551,27.72,1228.01,44.44,32,72,14,breakout_vortex,20,0.05,True,1.35,200.0,3.5,2.0,120.0,0.25
184,5697.73,1.551,27.72,1228.01,44.44,32,72,21,breakout_vortex,16,0.05,True,1.35,200.0,3.5,2.0,120.0,0.25
184,5697.73,1.551,27.72,1228.01,44.44,32,72,21,breakout_vortex,16,0.1,True,1.35,200.0,3.5,2.0,120.0,0.25
184,5697.73,1.551,27.72,1228.01,44.44,32,72,21,breakout_vortex,16,0.15,True,1.35,200.0,3.5,2.0,120.0,0.25
184,5697.73,1.551,27.72,1228.01,44.44,32,72,21,breakout_vortex,16,0.2,True,1.35,200.0,3.5,2.0,120.0,0.25
184,5697.73,1.551,27.72,1228.01,44.44,32,72,21,breakout_vortex,20,0.05,True,1.35,200.0,3.5,2.0,120.0,0.25
184,5697.73,1.551,27.72,1228.01,44.44,32,72,21,breakout_vortex,20,0.1,True,1.35,200.0,3.5,2.0,120.0,0.25
184,5697.73,1.551,27.72,1228.01,44.44,32,72,21,breakout_vortex,20,0.15,True,1.35,200.0,3.5,2.0,120.0,0.25
184,5697.73,1.551,27.72,1228.01,44.44,32,72,21,breakout_vortex,20,0.2,True,1.35,200.0,3.5,2.0,120.0,0.25
187,5999.25,1.55,28.34,1214.99,45.83,33,72,14,breakout_vortex,16,0.15,True,1.35,250.0,3.5,2.0,120.0,0.3
187,5999.25,1.55,28.34,1214.99,45.83,33,72,14,breakout_vortex,16,0.2,True,1.35,250.0,3.5,2.0,120.0,0.3
187,5999.25,1.55,28.34,1214.99,45.83,33,72,14,breakout_vortex,20,0.15,True,1.35,250.0,3.5,2.0,120.0,0.3
187,5999.25,1.55,28.34,1214.99,45.83,33,72,14,breakout_vortex,20,0.2,True,1.35,250.0,3.5,2.0,120.0,0.3
185,5675.12,1.547,27.57,1228.01,44.44,32,72,21,breakout_vortex,12,0.05,True,1.35,200.0,3.5,2.0,120.0,0.25
185,5675.12,1.547,27.57,1228.01,44.44,32,72,21,breakout_vortex,12,0.1,True,1.35,200.0,3.5,2.0,120.0,0.25
185,5675.12,1.547,27.57,1228.01,44.44,32,72,21,breakout_vortex,12,0.15,True,1.35,200.0,3.5,2.0,120.0,0.25
185,5675.12,1.547,27.57,1228.01,44.44,32,72,21,breakout_vortex,12,0.2,True,1.35,200.0,3.5,2.0,120.0,0.25
187,5969.56,1.546,28.34,1214.99,45.83,33,72,14,breakout_vortex,16,0.05,True,1.35,250.0,3.5,2.0,120.0,0.3
187,5969.56,1.546,28.34,1214.99,45.83,33,72,14,breakout_vortex,20,0.05,True,1.35,250.0,3.5,2.0,120.0,0.3
187,5969.56,1.546,28.34,1214.99,45.83,33,72,21,breakout_vortex,16,0.05,True,1.35,250.0,3.5,2.0,120.0,0.3
187,5969.56,1.546,28.34,1214.99,45.83,33,72,21,breakout_vortex,16,0.1,True,1.35,250.0,3.5,2.0,120.0,0.3
187,5969.56,1.546,28.34,1214.99,45.83,33,72,21,breakout_vortex,16,0.15,True,1.35,250.0,3.5,2.0,120.0,0.3
187,5969.56,1.546,28.34,1214.99,45.83,33,72,21,breakout_vortex,16,0.2,True,1.35,250.0,3.5,2.0,120.0,0.3
187,5969.56,1.546,28.34,1214.99,45.83,33,72,21,breakout_vortex,20,0.05,True,1.35,250.0,3.5,2.0,120.0,0.3
187,5969.56,1.546,28.34,1214.99,45.83,33,72,21,breakout_vortex,20,0.1,True,1.35,250.0,3.5,2.0,120.0,0.3
187,5969.56,1.546,28.34,1214.99,45.83,33,72,21,breakout_vortex,20,0.15,True,1.35,250.0,3.5,2.0,120.0,0.3
187,5969.56,1.546,28.34,1214.99,45.83,33,72,21,breakout_vortex,20,0.2,True,1.35,250.0,3.5,2.0,120.0,0.3
188,5942.55,1.542,28.19,1214.99,45.83,33,72,21,breakout_vortex,12,0.05,True,1.35,250.0,3.5,2.0,120.0,0.3
188,5942.55,1.542,28.19,1214.99,45.83,33,72,21,breakout_vortex,12,0.1,True,1.35,250.0,3.5,2.0,120.0,0.3
188,5942.55,1.542,28.19,1214.99,45.83,33,72,21,breakout_vortex,12,0.15,True,1.35,250.0,3.5,2.0,120.0,0.3
188,5942.55,1.542,28.19,1214.99,45.83,33,72,21,breakout_vortex,12,0.2,True,1.35,250.0,3.5,2.0,120.0,0.3
185,5613.45,1.538,27.57,1228.01,44.44,32,72,14,breakout_vortex,12,0.15,True,1.35,200.0,3.5,2.0,120.0,0.25
185,5613.45,1.538,27.57,1228.01,44.44,32,72,14,breakout_vortex,12,0.2,True,1.35,200.0,3.5,2.0,120.0,0.25
188,5882.54,1.534,28.19,1214.99,45.83,33,72,14,breakout_vortex,12,0.15,True,1.35,250.0,3.5,2.0,120.0,0.3
188,5882.54,1.534,28.19,1214.99,45.83,33,72,14,breakout_vortex,12,0.2,True,1.35,250.0,3.5,2.0,120.0,0.3
185,5580.4,1.533,27.57,1228.01,44.44,32,72,14,breakout_vortex,12,0.1,True,1.35,200.0,3.5,2.0,120.0,0.25
188,5852.23,1.53,28.19,1214.99,45.83,33,72,14,breakout_vortex,12,0.1,True,1.35,250.0,3.5,2.0,120.0,0.3
186,5558.37,1.53,27.42,1228.01,44.44,32,72,14,breakout_vortex,12,0.05,True,1.35,200.0,3.5,2.0,120.0,0.25
190,5635.84,1.528,27.89,1228.01,43.06,31,72,14,breakout_vortex,16,0.1,True,1.35,250.0,3.5,2.0,120.0,0.25
190,5635.84,1.528,27.89,1228.01,43.06,31,72,14,breakout_vortex,20,0.1,True,1.35,250.0,3.5,2.0,120.0,0.25
190,5634.02,1.528,27.89,1228.01,43.06,31,72,14,breakout_vortex,16,0.15,True,1.35,250.0,3.5,2.0,120.0,0.25
190,5634.02,1.528,27.89,1228.01,43.06,31,72,14,breakout_vortex,16,0.2,True,1.35,250.0,3.5,2.0,120.0,0.25
190,5634.02,1.528,27.89,1228.01,43.06,31,72,14,breakout_vortex,20,0.15,True,1.35,250.0,3.5,2.0,120.0,0.25
190,5634.02,1.528,27.89,1228.01,43.06,31,72,14,breakout_vortex,20,0.2,True,1.35,250.0,3.5,2.0,120.0,0.25
189,5825.8,1.526,28.04,1214.99,45.83,33,72,14,breakout_vortex,12,0.05,True,1.35,250.0,3.5,2.0,120.0,0.3
292,6778.94,1.525,22.26,1503.52,43.06,31,72,21,pure_vortex,16,0.2,False,1.4,250.0,4.5,2.0,120.0,0.25
222,7347.85,1.524,27.48,1642.83,48.61,35,72,21,breakout_vortex,12,0.2,False,1.4,250.0,4.0,2.5,120.0,0.3
224,6920.1,1.524,28.57,1632.5,51.39,37,72,21,breakout_vortex,16,0.2,False,1.4,200.0,4.0,2.5,120.0,0.25
51,2210.18,1.524,29.41,847.35,18.06,13,72,14,pure_vortex,16,0.1,True,1.4,200.0,4.0,2.5,120.0,0.3
269,6812.91,1.523,22.68,1520.42,44.44,32,72,21,pure_vortex,16,0.2,False,1.4,250.0,4.5,2.0,120.0,0.3
190,5601.59,1.523,27.89,1228.01,43.06,31,72,14,breakout_vortex,16,0.05,True,1.35,250.0,3.5,2.0,120.0,0.25
190,5601.59,1.523,27.89,1228.01,43.06,31,72,14,breakout_vortex,20,0.05,True,1.35,250.0,3.5,2.0,120.0,0.25
190,5601.59,1.523,27.89,1228.01,43.06,31,72,21,breakout_vortex,16,0.05,True,1.35,250.0,3.5,2.0,120.0,0.25
190,5601.59,1.523,27.89,1228.01,43.06,31,72,21,breakout_vortex,16,0.1,True,1.35,250.0,3.5,2.0,120.0,0.25
190,5601.59,1.523,27.89,1228.01,43.06,31,72,21,breakout_vortex,16,0.15,True,1.35,250.0,3.5,2.0,120.0,0.25
190,5601.59,1.523,27.89,1228.01,43.06,31,72,21,breakout_vortex,16,0.2,True,1.35,250.0,3.5,2.0,120.0,0.25
190,5601.59,1.523,27.89,1228.01,43.06,31,72,21,breakout_vortex,20,0.05,True,1.35,250.0,3.5,2.0,120.0,0.25
190,5601.59,1.523,27.89,1228.01,43.06,31,72,21,breakout_vortex,20,0.1,True,1.35,250.0,3.5,2.0,120.0,0.25
190,5601.59,1.523,27.89,1228.01,43.06,31,72,21,breakout_vortex,20,0.15,True,1.35,250.0,3.5,2.0,120.0,0.25
190,5601.59,1.523,27.89,1228.01,43.06,31,72,21,breakout_vortex,20,0.2,True,1.35,250.0,3.5,2.0,120.0,0.25
191,5578.98,1.52,27.75,1228.01,43.06,31,72,21,breakout_vortex,12,0.05,True,1.35,250.0,3.5,2.0,120.0,0.25
191,5578.98,1.52,27.75,1228.01,43.06,31,72,21,breakout_vortex,12,0.1,True,1.35,250.0,3.5,2.0,120.0,0.25
191,5578.98,1.52,27.75,1228.01,43.06,31,72,21,breakout_vortex,12,0.15,True,1.35,250.0,3.5,2.0,120.0,0.25
191,5578.98,1.52,27.75,1228.01,43.06,31,72,21,breakout_vortex,12,0.2,True,1.35,250.0,3.5,2.0,120.0,0.25
220,7012.58,1.513,28.64,1642.83,51.39,37,72,21,breakout_vortex,20,0.2,False,1.4,200.0,4.0,2.5,120.0,0.3
51,2139.61,1.513,29.41,850.33,16.67,12,72,14,pure_vortex,16,0.1,True,1.4,200.0,4.0,2.5,120.0,0.25
191,5517.31,1.511,27.75,1228.01,43.06,31,72,14,breakout_vortex,12,0.15,True,1.35,250.0,3.5,2.0,120.0,0.25
191,5517.31,1.511,27.75,1228.01,43.06,31,72,14,breakout_vortex,12,0.2,True,1.35,250.0,3.5,2.0,120.0,0.25
179,6150.14,1.507,30.17,1320.75,43.06,31,72,21,breakout_vortex,16,0.15,True,1.4,250.0,3.5,2.5,120.0,0.25
179,6150.14,1.507,30.17,1320.75,43.06,31,72,21,breakout_vortex,16,0.2,True,1.4,250.0,3.5,2.5,120.0,0.25
179,6150.14,1.507,30.17,1320.75,43.06,31,72,21,breakout_vortex,20,0.15,True,1.4,250.0,3.5,2.5,120.0,0.25
179,6150.14,1.507,30.17,1320.75,43.06,31,72,21,breakout_vortex,20,0.2,True,1.4,250.0,3.5,2.5,120.0,0.25
191,5484.27,1.506,27.75,1228.01,43.06,31,72,14,breakout_vortex,12,0.1,True,1.35,250.0,3.5,2.0,120.0,0.25
227,6746.49,1.505,28.19,1632.5,50.0,36,72,21,breakout_vortex,12,0.2,False,1.4,200.0,4.0,2.5,120.0,0.25
73,3409.2,1.505,28.77,1889.3,27.78,20,72,14,pure_vortex,16,0.2,True,1.4,200.0,4.0,2.5,120.0,0.25
73,3409.2,1.505,28.77,1889.3,27.78,20,72,14,pure_vortex,16,0.2,True,1.4,250.0,4.0,2.5,120.0,0.25
202,6843.12,1.503,26.24,1875.98,50.0,36,72,21,breakout_vortex,20,0.2,False,1.4,200.0,4.5,2.5,120.0,0.3
192,5462.24,1.503,27.6,1228.01,43.06,31,72,14,breakout_vortex,12,0.05,True,1.35,250.0,3.5,2.0,120.0,0.25
73,3388.01,1.496,28.77,1912.05,29.17,21,72,14,pure_vortex,16,0.2,True,1.4,200.0,4.0,2.5,120.0,0.3
73,3388.01,1.496,28.77,1912.05,29.17,21,72,14,pure_vortex,16,0.2,True,1.4,250.0,4.0,2.5,120.0,0.3
224,6977.97,1.495,28.57,1642.83,51.39,37,72,21,breakout_vortex,16,0.2,False,1.4,250.0,4.0,2.5,120.0,0.3
205,6739.14,1.49,25.37,1875.98,50.0,36,72,21,breakout_vortex,12,0.2,False,1.4,200.0,4.5,2.5,120.0,0.3
268,6260.12,1.481,22.39,1520.42,44.44,32,72,21,pure_vortex,16,0.2,False,1.4,200.0,4.5,2.0,120.0,0.3
178,5805.16,1.478,29.78,1320.75,43.06,31,72,21,breakout_vortex,16,0.1,True,1.4,250.0,3.5,2.5,120.0,0.25
178,5805.16,1.478,29.78,1320.75,43.06,31,72,21,breakout_vortex,20,0.1,True,1.4,250.0,3.5,2.5,120.0,0.25
183,5899.23,1.476,29.51,1320.75,41.67,30,72,21,breakout_vortex,12,0.15,True,1.4,250.0,3.5,2.5,120.0,0.25
183,5899.23,1.476,29.51,1320.75,41.67,30,72,21,breakout_vortex,12,0.2,True,1.4,250.0,3.5,2.5,120.0,0.25
225,6353.5,1.475,28.0,1632.5,50.0,36,72,21,breakout_vortex,20,0.2,False,1.4,200.0,4.0,2.5,120.0,0.25
52,2071.05,1.475,28.85,983.69,18.06,13,72,14,pure_vortex,16,0.1,True,1.4,250.0,4.0,2.5,120.0,0.3
179,5719.02,1.468,29.61,1320.75,41.67,30,72,14,breakout_vortex,16,0.05,True,1.4,250.0,3.5,2.5,120.0,0.25
179,5719.02,1.468,29.61,1320.75,41.67,30,72,14,breakout_vortex,16,0.1,True,1.4,250.0,3.5,2.5,120.0,0.25
179,5719.02,1.468,29.61,1320.75,41.67,30,72,14,breakout_vortex,20,0.05,True,1.4,250.0,3.5,2.5,120.0,0.25
179,5719.02,1.468,29.61,1320.75,41.67,30,72,14,breakout_vortex,20,0.1,True,1.4,250.0,3.5,2.5,120.0,0.25
179,5719.02,1.468,29.61,1320.75,41.67,30,72,21,breakout_vortex,20,0.05,True,1.4,250.0,3.5,2.5,120.0,0.25
179,5716.75,1.468,29.61,1320.75,41.67,30,72,14,breakout_vortex,16,0.15,True,1.4,250.0,3.5,2.5,120.0,0.25
179,5716.75,1.468,29.61,1320.75,41.67,30,72,14,breakout_vortex,16,0.2,True,1.4,250.0,3.5,2.5,120.0,0.25
179,5716.75,1.468,29.61,1320.75,41.67,30,72,14,breakout_vortex,20,0.15,True,1.4,250.0,3.5,2.5,120.0,0.25
179,5716.75,1.468,29.61,1320.75,41.67,30,72,14,breakout_vortex,20,0.2,True,1.4,250.0,3.5,2.5,120.0,0.25
180,5699.48,1.465,29.44,1320.75,41.67,30,72,21,breakout_vortex,16,0.05,True,1.4,250.0,3.5,2.5,120.0,0.25
178,5651.54,1.465,29.78,1320.75,43.06,31,72,21,breakout_vortex,16,0.15,True,1.4,200.0,3.5,2.5,120.0,0.25
178,5651.54,1.465,29.78,1320.75,43.06,31,72,21,breakout_vortex,16,0.2,True,1.4,200.0,3.5,2.5,120.0,0.25
178,5651.54,1.465,29.78,1320.75,43.06,31,72,21,breakout_vortex,20,0.15,True,1.4,200.0,3.5,2.5,120.0,0.25
178,5651.54,1.465,29.78,1320.75,43.06,31,72,21,breakout_vortex,20,0.2,True,1.4,200.0,3.5,2.5,120.0,0.25
290,5994.63,1.464,21.72,1503.52,43.06,31,72,21,pure_vortex,16,0.2,False,1.4,200.0,4.5,2.0,120.0,0.25
52,2000.49,1.464,28.85,989.45,16.67,12,72,14,pure_vortex,16,0.1,True,1.4,250.0,4.0,2.5,120.0,0.25
181,5643.42,1.459,29.28,1320.75,41.67,30,72,14,breakout_vortex,12,0.2,True,1.4,250.0,3.5,2.5,120.0,0.25
224,6428.44,1.451,28.12,1642.83,50.0,36,72,21,breakout_vortex,20,0.2,False,1.4,250.0,4.0,2.5,120.0,0.3
177,5722.15,1.449,29.94,1690.38,44.44,32,72,21,breakout_vortex,16,0.15,True,1.4,250.0,3.5,2.5,120.0,0.3
177,5722.15,1.449,29.94,1690.38,44.44,32,72,21,breakout_vortex,16,0.2,True,1.4,250.0,3.5,2.5,120.0,0.3
177,5722.15,1.449,29.94,1690.38,44.44,32,72,21,breakout_vortex,20,0.15,True,1.4,250.0,3.5,2.5,120.0,0.3
177,5722.15,1.449,29.94,1690.38,44.44,32,72,21,breakout_vortex,20,0.2,True,1.4,250.0,3.5,2.5,120.0,0.3
182,5554.25,1.448,29.12,1320.75,41.67,30,72,21,breakout_vortex,12,0.1,True,1.4,250.0,3.5,2.5,120.0,0.25
183,5534.88,1.446,28.96,1320.75,41.67,30,72,21,breakout_vortex,12,0.05,True,1.4,250.0,3.5,2.5,120.0,0.25
180,5487.57,1.446,29.44,1320.75,41.67,30,72,21,breakout_vortex,12,0.15,True,1.4,200.0,3.5,2.5,120.0,0.25
180,5487.57,1.446,29.44,1320.75,41.67,30,72,21,breakout_vortex,12,0.2,True,1.4,200.0,3.5,2.5,120.0,0.25
209,5173.64,1.441,22.49,1564.81,40.28,29,72,14,breakout_vortex,16,0.2,True,1.4,200.0,4.0,2.0,120.0,0.25
209,5173.64,1.441,22.49,1564.81,40.28,29,72,14,breakout_vortex,20,0.2,True,1.4,200.0,4.0,2.0,120.0,0.25
184,5481.68,1.44,28.8,1320.75,41.67,30,72,14,breakout_vortex,12,0.15,True,1.4,250.0,3.5,2.5,120.0,0.25
184,5481.09,1.44,28.8,1320.75,41.67,30,72,14,breakout_vortex,12,0.05,True,1.4,250.0,3.5,2.5,120.0,0.25
184,5481.09,1.44,28.8,1320.75,41.67,30,72,14,breakout_vortex,12,0.1,True,1.4,250.0,3.5,2.5,120.0,0.25
209,5163.82,1.44,22.49,1564.81,40.28,29,72,21,breakout_vortex,16,0.1,True,1.4,200.0,4.0,2.0,120.0,0.25
209,5163.82,1.44,22.49,1564.81,40.28,29,72,21,breakout_vortex,20,0.1,True,1.4,200.0,4.0,2.0,120.0,0.25
177,5306.56,1.437,29.38,1320.75,43.06,31,72,21,breakout_vortex,16,0.1,True,1.4,200.0,3.5,2.5,120.0,0.25
177,5306.56,1.437,29.38,1320.75,43.06,31,72,21,breakout_vortex,20,0.1,True,1.4,200.0,3.5,2.5,120.0,0.25
210,5129.0,1.435,22.38,1564.81,40.28,29,72,14,breakout_vortex,16,0.1,True,1.4,200.0,4.0,2.0,120.0,0.25
210,5129.0,1.435,22.38,1564.81,40.28,29,72,14,breakout_vortex,20,0.1,True,1.4,200.0,4.0,2.0,120.0,0.25
210,5127.19,1.435,22.38,1564.81,40.28,29,72,14,breakout_vortex,16,0.15,True,1.4,200.0,4.0,2.0,120.0,0.25
210,5127.19,1.435,22.38,1564.81,40.28,29,72,14,breakout_vortex,20,0.15,True,1.4,200.0,4.0,2.0,120.0,0.25
206,5228.12,1.431,22.82,1546.01,40.28,29,72,14,breakout_vortex,16,0.2,True,1.4,200.0,4.0,2.0,120.0,0.3
206,5228.12,1.431,22.82,1546.01,40.28,29,72,14,breakout_vortex,20,0.2,True,1.4,200.0,4.0,2.0,120.0,0.3
210,5094.75,1.431,22.38,1564.81,40.28,29,72,14,breakout_vortex,16,0.05,True,1.4,200.0,4.0,2.0,120.0,0.25
210,5094.75,1.431,22.38,1564.81,40.28,29,72,14,breakout_vortex,20,0.05,True,1.4,200.0,4.0,2.0,120.0,0.25
210,5094.75,1.431,22.38,1564.81,40.28,29,72,21,breakout_vortex,20,0.05,True,1.4,200.0,4.0,2.0,120.0,0.25
206,5225.55,1.43,22.82,1546.01,40.28,29,72,21,breakout_vortex,16,0.1,True,1.4,200.0,4.0,2.0,120.0,0.3
206,5225.55,1.43,22.82,1546.01,40.28,29,72,21,breakout_vortex,20,0.1,True,1.4,200.0,4.0,2.0,120.0,0.3
211,5078.97,1.429,22.27,1564.81,40.28,29,72,21,breakout_vortex,16,0.05,True,1.4,200.0,4.0,2.0,120.0,0.25
210,5074.6,1.429,22.38,1564.81,40.28,29,72,21,breakout_vortex,12,0.1,True,1.4,200.0,4.0,2.0,120.0,0.25
178,5220.42,1.427,29.21,1320.75,41.67,30,72,14,breakout_vortex,16,0.05,True,1.4,200.0,3.5,2.5,120.0,0.25
178,5220.42,1.427,29.21,1320.75,41.67,30,72,14,breakout_vortex,16,0.1,True,1.4,200.0,3.5,2.5,120.0,0.25
178,5220.42,1.427,29.21,1320.75,41.67,30,72,14,breakout_vortex,20,0.05,True,1.4,200.0,3.5,2.5,120.0,0.25
178,5220.42,1.427,29.21,1320.75,41.67,30,72,14,breakout_vortex,20,0.1,True,1.4,200.0,3.5,2.5,120.0,0.25
178,5220.42,1.427,29.21,1320.75,41.67,30,72,21,breakout_vortex,20,0.05,True,1.4,200.0,3.5,2.5,120.0,0.25
178,5218.15,1.427,29.21,1320.75,41.67,30,72,14,breakout_vortex,16,0.15,True,1.4,200.0,3.5,2.5,120.0,0.25
178,5218.15,1.427,29.21,1320.75,41.67,30,72,14,breakout_vortex,16,0.2,True,1.4,200.0,3.5,2.5,120.0,0.25
178,5218.15,1.427,29.21,1320.75,41.67,30,72,14,breakout_vortex,20,0.15,True,1.4,200.0,3.5,2.5,120.0,0.25
178,5218.15,1.427,29.21,1320.75,41.67,30,72,14,breakout_vortex,20,0.2,True,1.4,200.0,3.5,2.5,120.0,0.25
179,5200.88,1.425,29.05,1320.75,41.67,30,72,21,breakout_vortex,16,0.05,True,1.4,200.0,3.5,2.5,120.0,0.25
175,5398.11,1.424,29.71,1669.67,44.44,32,72,21,breakout_vortex,16,0.1,True,1.4,250.0,3.5,2.5,120.0,0.3
175,5398.11,1.424,29.71,1669.67,44.44,32,72,21,breakout_vortex,20,0.1,True,1.4,250.0,3.5,2.5,120.0,0.3
207,5174.18,1.424,22.71,1546.01,40.28,29,72,14,breakout_vortex,16,0.1,True,1.4,200.0,4.0,2.0,120.0,0.3
207,5174.18,1.424,22.71,1546.01,40.28,29,72,14,breakout_vortex,20,0.1,True,1.4,200.0,4.0,2.0,120.0,0.3
207,5172.37,1.424,22.71,1546.01,40.28,29,72,14,breakout_vortex,16,0.15,True,1.4,200.0,4.0,2.0,120.0,0.3
207,5172.37,1.424,22.71,1546.01,40.28,29,72,14,breakout_vortex,20,0.15,True,1.4,200.0,4.0,2.0,120.0,0.3
212,5028.35,1.423,22.17,1593.99,40.28,29,72,14,breakout_vortex,12,0.2,True,1.4,200.0,4.0,2.0,120.0,0.25
207,5152.11,1.422,22.71,1546.01,40.28,29,72,21,breakout_vortex,16,0.05,True,1.4,200.0,4.0,2.0,120.0,0.3
207,5142.67,1.421,22.71,1546.01,40.28,29,72,14,breakout_vortex,16,0.05,True,1.4,200.0,4.0,2.0,120.0,0.3
207,5142.67,1.421,22.71,1546.01,40.28,29,72,14,breakout_vortex,20,0.05,True,1.4,200.0,4.0,2.0,120.0,0.3
207,5142.67,1.421,22.71,1546.01,40.28,29,72,21,breakout_vortex,20,0.05,True,1.4,200.0,4.0,2.0,120.0,0.3
181,5449.23,1.419,29.28,1690.38,43.06,31,72,21,breakout_vortex,12,0.15,True,1.4,250.0,3.5,2.5,120.0,0.3
181,5449.23,1.419,29.28,1690.38,43.06,31,72,21,breakout_vortex,12,0.2,True,1.4,250.0,3.5,2.5,120.0,0.3
180,5144.81,1.418,28.89,1320.75,41.67,30,72,14,breakout_vortex,12,0.2,True,1.4,200.0,3.5,2.5,120.0,0.25
179,5142.59,1.418,29.05,1320.75,41.67,30,72,21,breakout_vortex,12,0.1,True,1.4,200.0,3.5,2.5,120.0,0.25
207,5119.07,1.418,22.71,1546.01,40.28,29,72,21,breakout_vortex,12,0.1,True,1.4,200.0,4.0,2.0,120.0,0.3
212,4989.75,1.418,22.17,1564.81,40.28,29,72,21,breakout_vortex,12,0.05,True,1.4,200.0,4.0,2.0,120.0,0.25
213,4981.89,1.418,22.07,1593.99,40.28,29,72,14,breakout_vortex,12,0.15,True,1.4,200.0,4.0,2.0,120.0,0.25
180,5123.22,1.416,28.89,1320.75,41.67,30,72,21,breakout_vortex,12,0.05,True,1.4,200.0,3.5,2.5,120.0,0.25
59,1942.03,1.416,27.12,1259.84,22.22,16,72,14,pure_vortex,16,0.15,True,1.4,200.0,4.0,2.0,120.0,0.3
59,1942.03,1.416,27.12,1259.84,22.22,16,72,14,pure_vortex,16,0.15,True,1.4,250.0,4.0,2.0,120.0,0.3
218,5116.9,1.415,22.48,1564.81,38.89,28,72,14,breakout_vortex,16,0.2,True,1.4,250.0,4.0,2.0,120.0,0.25
218,5116.9,1.415,22.48,1564.81,38.89,28,72,14,breakout_vortex,20,0.2,True,1.4,250.0,4.0,2.0,120.0,0.25
218,5107.08,1.414,22.48,1564.81,38.89,28,72,21,breakout_vortex,16,0.1,True,1.4,250.0,4.0,2.0,120.0,0.25
218,5107.08,1.414,22.48,1564.81,38.89,28,72,21,breakout_vortex,20,0.1,True,1.4,250.0,4.0,2.0,120.0,0.25
176,5297.52,1.413,29.55,1669.67,43.06,31,72,21,breakout_vortex,16,0.05,True,1.4,250.0,3.5,2.5,120.0,0.3
176,5294.75,1.413,29.55,1669.67,43.06,31,72,14,breakout_vortex,16,0.05,True,1.4,250.0,3.5,2.5,120.0,0.3
176,5294.75,1.413,29.55,1669.67,43.06,31,72,14,breakout_vortex,16,0.1,True,1.4,250.0,3.5,2.5,120.0,0.3
176,5294.75,1.413,29.55,1669.67,43.06,31,72,14,breakout_vortex,20,0.05,True,1.4,250.0,3.5,2.5,120.0,0.3
176,5294.75,1.413,29.55,1669.67,43.06,31,72,14,breakout_vortex,20,0.1,True,1.4,250.0,3.5,2.5,120.0,0.3
176,5294.75,1.413,29.55,1669.67,43.06,31,72,21,breakout_vortex,20,0.05,True,1.4,250.0,3.5,2.5,120.0,0.3
176,5292.48,1.413,29.55,1669.67,43.06,31,72,14,breakout_vortex,16,0.15,True,1.4,250.0,3.5,2.5,120.0,0.3
176,5292.48,1.413,29.55,1669.67,43.06,31,72,14,breakout_vortex,16,0.2,True,1.4,250.0,3.5,2.5,120.0,0.3
176,5292.48,1.413,29.55,1669.67,43.06,31,72,14,breakout_vortex,20,0.15,True,1.4,250.0,3.5,2.5,120.0,0.3
176,5292.48,1.413,29.55,1669.67,43.06,31,72,14,breakout_vortex,20,0.2,True,1.4,250.0,3.5,2.5,120.0,0.3
213,4946.56,1.413,22.07,1593.99,40.28,29,72,14,breakout_vortex,12,0.1,True,1.4,200.0,4.0,2.0,120.0,0.25
59,1917.51,1.413,27.12,1289.44,22.22,16,72,14,pure_vortex,16,0.15,True,1.4,200.0,4.0,2.0,120.0,0.25
59,1917.51,1.413,27.12,1289.44,22.22,16,72,14,pure_vortex,16,0.15,True,1.4,250.0,4.0,2.0,120.0,0.25
214,4885.85,1.412,22.43,1529.39,38.89,28,72,21,breakout_vortex,16,0.15,True,1.4,200.0,4.0,2.0,120.0,0.25
214,4885.85,1.412,22.43,1529.39,38.89,28,72,21,breakout_vortex,16,0.2,True,1.4,200.0,4.0,2.0,120.0,0.25
214,4885.85,1.412,22.43,1529.39,38.89,28,72,21,breakout_vortex,20,0.15,True,1.4,200.0,4.0,2.0,120.0,0.25
214,4885.85,1.412,22.43,1529.39,38.89,28,72,21,breakout_vortex,20,0.2,True,1.4,200.0,4.0,2.0,120.0,0.25
207,4861.82,1.412,21.74,1678.73,40.28,29,72,14,breakout_vortex,12,0.05,True,1.4,200.0,4.0,2.0,120.0,0.25
209,5056.67,1.411,22.49,1581.02,40.28,29,72,14,breakout_vortex,12,0.2,True,1.4,200.0,4.0,2.0,120.0,0.3
176,5223.55,1.41,29.55,1690.38,44.44,32,72,21,breakout_vortex,16,0.15,True,1.4,200.0,3.5,2.5,120.0,0.3
176,5223.55,1.41,29.55,1690.38,44.44,32,72,21,breakout_vortex,16,0.2,True,1.4,200.0,3.5,2.5,120.0,0.3
176,5223.55,1.41,29.55,1690.38,44.44,32,72,21,breakout_vortex,20,0.15,True,1.4,200.0,3.5,2.5,120.0,0.3
176,5223.55,1.41,29.55,1690.38,44.44,32,72,21,breakout_vortex,20,0.2,True,1.4,200.0,3.5,2.5,120.0,0.3
219,5072.26,1.41,22.37,1564.81,38.89,28,72,14,breakout_vortex,16,0.1,True,1.4,250.0,4.0,2.0,120.0,0.25
219,5072.26,1.41,22.37,1564.81,38.89,28,72,14,breakout_vortex,20,0.1,True,1.4,250.0,4.0,2.0,120.0,0.25
219,5070.44,1.41,22.37,1564.81,38.89,28,72,14,breakout_vortex,16,0.15,True,1.4,250.0,4.0,2.0,120.0,0.25
219,5070.44,1.41,22.37,1564.81,38.89,28,72,14,breakout_vortex,20,0.15,True,1.4,250.0,4.0,2.0,120.0,0.25
181,5070.02,1.41,28.73,1320.75,41.67,30,72,14,breakout_vortex,12,0.15,True,1.4,200.0,3.5,2.5,120.0,0.25
181,5069.42,1.41,28.73,1320.75,41.67,30,72,14,breakout_vortex,12,0.05,True,1.4,200.0,3.5,2.5,120.0,0.25
181,5069.42,1.41,28.73,1320.75,41.67,30,72,14,breakout_vortex,12,0.1,True,1.4,200.0,3.5,2.5,120.0,0.25
208,5045.63,1.409,22.6,1546.01,40.28,29,72,21,breakout_vortex,12,0.05,True,1.4,200.0,4.0,2.0,120.0,0.3
215,5181.99,1.407,22.79,1546.01,38.89,28,72,14,breakout_vortex,16,0.2,True,1.4,250.0,4.0,2.0,120.0,0.3
215,5181.99,1.407,22.79,1546.01,38.89,28,72,14,breakout_vortex,20,0.2,True,1.4,250.0,4.0,2.0,120.0,0.3
215,5179.43,1.407,22.79,1546.01,38.89,28,72,21,breakout_vortex,16,0.1,True,1.4,250.0,4.0,2.0,120.0,0.3
215,5179.43,1.407,22.79,1546.01,38.89,28,72,21,breakout_vortex,20,0.1,True,1.4,250.0,4.0,2.0,120.0,0.3
219,5038.01,1.406,22.37,1564.81,38.89,28,72,14,breakout_vortex,16,0.05,True,1.4,250.0,4.0,2.0,120.0,0.25
219,5038.01,1.406,22.37,1564.81,38.89,28,72,14,breakout_vortex,20,0.05,True,1.4,250.0,4.0,2.0,120.0,0.25
219,5038.01,1.406,22.37,1564.81,38.89,28,72,21,breakout_vortex,20,0.05,True,1.4,250.0,4.0,2.0,120.0,0.25
220,5022.23,1.404,22.27,1564.81,38.89,28,72,21,breakout_vortex,16,0.05,True,1.4,250.0,4.0,2.0,120.0,0.25
219,5017.86,1.404,22.37,1564.81,38.89,28,72,21,breakout_vortex,12,0.1,True,1.4,250.0,4.0,2.0,120.0,0.25
210,5000.92,1.404,22.38,1581.02,40.28,29,72,14,breakout_vortex,12,0.15,True,1.4,200.0,4.0,2.0,120.0,0.3
178,5208.11,1.403,29.21,1713.21,43.06,31,72,14,breakout_vortex,12,0.2,True,1.4,250.0,3.5,2.5,120.0,0.3
216,5128.06,1.401,22.69,1546.01,38.89,28,72,14,breakout_vortex,16,0.1,True,1.4,250.0,4.0,2.0,120.0,0.3
216,5128.06,1.401,22.69,1546.01,38.89,28,72,14,breakout_vortex,20,0.1,True,1.4,250.0,4.0,2.0,120.0,0.3
216,5126.25,1.401,22.69,1546.01,38.89,28,72,14,breakout_vortex,16,0.15,True,1.4,250.0,4.0,2.0,120.0,0.3
216,5126.25,1.401,22.69,1546.01,38.89,28,72,14,breakout_vortex,20,0.15,True,1.4,250.0,4.0,2.0,120.0,0.3
210,4968.32,1.401,22.38,1581.02,40.28,29,72,14,breakout_vortex,12,0.1,True,1.4,200.0,4.0,2.0,120.0,0.3
215,4796.63,1.401,22.33,1529.39,38.89,28,72,21,breakout_vortex,12,0.15,True,1.4,200.0,4.0,2.0,120.0,0.25
215,4796.63,1.401,22.33,1529.39,38.89,28,72,21,breakout_vortex,12,0.2,True,1.4,200.0,4.0,2.0,120.0,0.25
256,5400.43,1.4,27.34,1227.07,47.22,34,72,14,breakout_vortex,16,0.05,False,1.4,200.0,3.5,2.5,120.0,0.25
216,5105.98,1.399,22.69,1546.01,38.89,28,72,21,breakout_vortex,16,0.05,True,1.4,250.0,4.0,2.0,120.0,0.3
221,4971.61,1.399,22.17,1593.99,38.89,28,72,14,breakout_vortex,12,0.2,True,1.4,250.0,4.0,2.0,120.0,0.25
212,4918.35,1.399,22.64,1555.18,38.89,28,72,21,breakout_vortex,16,0.15,True,1.4,200.0,4.0,2.0,120.0,0.3
212,4918.35,1.399,22.64,1555.18,38.89,28,72,21,breakout_vortex,16,0.2,True,1.4,200.0,4.0,2.0,120.0,0.3
212,4918.35,1.399,22.64,1555.18,38.89,28,72,21,breakout_vortex,20,0.15,True,1.4,200.0,4.0,2.0,120.0,0.3
212,4918.35,1.399,22.64,1555.18,38.89,28,72,21,breakout_vortex,20,0.2,True,1.4,200.0,4.0,2.0,120.0,0.3
204,4866.63,1.399,22.06,1682.71,40.28,29,72,14,breakout_vortex,12,0.05,True,1.4,200.0,4.0,2.0,120.0,0.3
216,5096.55,1.398,22.69,1546.01,38.89,28,72,14,breakout_vortex,16,0.05,True,1.4,250.0,4.0,2.0,120.0,0.3
216,5096.55,1.398,22.69,1546.01,38.89,28,72,14,breakout_vortex,20,0.05,True,1.4,250.0,4.0,2.0,120.0,0.3
216,5096.55,1.398,22.69,1546.01,38.89,28,72,21,breakout_vortex,20,0.05,True,1.4,250.0,4.0,2.0,120.0,0.3
179,5128.17,1.395,29.05,1669.67,43.06,31,72,21,breakout_vortex,12,0.05,True,1.4,250.0,3.5,2.5,120.0,0.3
216,5072.95,1.395,22.69,1546.01,38.89,28,72,21,breakout_vortex,12,0.1,True,1.4,250.0,4.0,2.0,120.0,0.3
240,5667.38,1.394,26.25,1322.81,48.61,35,72,14,breakout_vortex,16,0.05,False,1.4,200.0,4.0,2.5,120.0,0.3
240,5667.38,1.394,26.25,1322.81,48.61,35,72,14,breakout_vortex,16,0.05,False,1.4,250.0,4.0,2.5,120.0,0.3
179,5125.19,1.394,29.05,1669.67,43.06,31,72,21,breakout_vortex,12,0.1,True,1.4,250.0,3.5,2.5,120.0,0.3
221,4933.01,1.394,22.17,1564.81,38.89,28,72,21,breakout_vortex,12,0.05,True,1.4,250.0,4.0,2.0,120.0,0.25
222,4925.15,1.394,22.07,1593.99,38.89,28,72,14,breakout_vortex,12,0.15,True,1.4,250.0,4.0,2.0,120.0,0.25
178,5042.32,1.39,29.21,1690.38,43.06,31,72,21,breakout_vortex,12,0.15,True,1.4,200.0,3.5,2.5,120.0,0.3
178,5042.32,1.39,29.21,1690.38,43.06,31,72,21,breakout_vortex,12,0.2,True,1.4,200.0,3.5,2.5,120.0,0.3
222,4889.82,1.39,22.07,1593.99,38.89,28,72,14,breakout_vortex,12,0.1,True,1.4,250.0,4.0,2.0,120.0,0.25
218,5010.55,1.388,22.48,1581.02,38.89,28,72,14,breakout_vortex,12,0.2,True,1.4,250.0,4.0,2.0,120.0,0.3
223,4829.1,1.388,22.42,1529.39,37.5,27,72,21,breakout_vortex,16,0.15,True,1.4,250.0,4.0,2.0,120.0,0.25
223,4829.1,1.388,22.42,1529.39,37.5,27,72,21,breakout_vortex,16,0.2,True,1.4,250.0,4.0,2.0,120.0,0.25
223,4829.1,1.388,22.42,1529.39,37.5,27,72,21,breakout_vortex,20,0.15,True,1.4,250.0,4.0,2.0,120.0,0.25
223,4829.1,1.388,22.42,1529.39,37.5,27,72,21,breakout_vortex,20,0.2,True,1.4,250.0,4.0,2.0,120.0,0.25
216,4805.07,1.388,21.76,1678.73,38.89,28,72,14,breakout_vortex,12,0.05,True,1.4,250.0,4.0,2.0,120.0,0.25
217,4999.5,1.387,22.58,1546.01,38.89,28,72,21,breakout_vortex,12,0.05,True,1.4,250.0,4.0,2.0,120.0,0.3
213,4811.88,1.387,22.54,1555.18,38.89,28,72,21,breakout_vortex,12,0.15,True,1.4,200.0,4.0,2.0,120.0,0.3
213,4811.88,1.387,22.54,1555.18,38.89,28,72,21,breakout_vortex,12,0.2,True,1.4,200.0,4.0,2.0,120.0,0.3
181,5041.62,1.385,28.73,1713.21,43.06,31,72,14,breakout_vortex,12,0.15,True,1.4,250.0,3.5,2.5,120.0,0.3
181,5041.03,1.385,28.73,1713.21,43.06,31,72,14,breakout_vortex,12,0.05,True,1.4,250.0,3.5,2.5,120.0,0.3
181,5041.03,1.385,28.73,1713.21,43.06,31,72,14,breakout_vortex,12,0.1,True,1.4,250.0,3.5,2.5,120.0,0.3
174,4899.51,1.385,29.31,1669.67,44.44,32,72,21,breakout_vortex,16,0.1,True,1.4,200.0,3.5,2.5,120.0,0.3
174,4899.51,1.385,29.31,1669.67,44.44,32,72,21,breakout_vortex,20,0.1,True,1.4,200.0,3.5,2.5,120.0,0.3
250,5348.77,1.383,25.6,1433.15,43.06,31,72,14,breakout_vortex,16,0.05,False,1.4,200.0,4.0,2.5,120.0,0.25
292,5250.67,1.383,23.29,1653.57,43.06,31,72,21,pure_vortex,16,0.2,False,1.4,250.0,4.0,2.0,120.0,0.3
219,4954.8,1.382,22.37,1581.02,38.89,28,72,14,breakout_vortex,12,0.15,True,1.4,250.0,4.0,2.0,120.0,0.3
219,4922.2,1.379,22.37,1581.02,38.89,28,72,14,breakout_vortex,12,0.1,True,1.4,250.0,4.0,2.0,120.0,0.3
224,4739.89,1.378,22.32,1529.39,37.5,27,72,21,breakout_vortex,12,0.15,True,1.4,250.0,4.0,2.0,120.0,0.25
224,4739.89,1.378,22.32,1529.39,37.5,27,72,21,breakout_vortex,12,0.2,True,1.4,250.0,4.0,2.0,120.0,0.25
221,4872.23,1.377,22.62,1555.18,37.5,27,72,21,breakout_vortex,16,0.15,True,1.4,250.0,4.0,2.0,120.0,0.3
221,4872.23,1.377,22.62,1555.18,37.5,27,72,21,breakout_vortex,16,0.2,True,1.4,250.0,4.0,2.0,120.0,0.3
221,4872.23,1.377,22.62,1555.18,37.5,27,72,21,breakout_vortex,20,0.15,True,1.4,250.0,4.0,2.0,120.0,0.3
221,4872.23,1.377,22.62,1555.18,37.5,27,72,21,breakout_vortex,20,0.2,True,1.4,250.0,4.0,2.0,120.0,0.3
213,4820.51,1.377,22.07,1682.71,38.89,28,72,14,breakout_vortex,12,0.05,True,1.4,250.0,4.0,2.0,120.0,0.3
175,4798.91,1.374,29.14,1669.67,43.06,31,72,21,breakout_vortex,16,0.05,True,1.4,200.0,3.5,2.5,120.0,0.3
175,4796.14,1.374,29.14,1669.67,43.06,31,72,14,breakout_vortex,16,0.05,True,1.4,200.0,3.5,2.5,120.0,0.3
175,4796.14,1.374,29.14,1669.67,43.06,31,72,14,breakout_vortex,16,0.1,True,1.4,200.0,3.5,2.5,120.0,0.3
175,4796.14,1.374,29.14,1669.67,43.06,31,72,14,breakout_vortex,20,0.05,True,1.4,200.0,3.5,2.5,120.0,0.3
175,4796.14,1.374,29.14,1669.67,43.06,31,72,14,breakout_vortex,20,0.1,True,1.4,200.0,3.5,2.5,120.0,0.3
175,4796.14,1.374,29.14,1669.67,43.06,31,72,21,breakout_vortex,20,0.05,True,1.4,200.0,3.5,2.5,120.0,0.3
175,4793.88,1.374,29.14,1669.67,43.06,31,72,14,breakout_vortex,16,0.15,True,1.4,200.0,3.5,2.5,120.0,0.3
175,4793.88,1.374,29.14,1669.67,43.06,31,72,14,breakout_vortex,16,0.2,True,1.4,200.0,3.5,2.5,120.0,0.3
175,4793.88,1.374,29.14,1669.67,43.06,31,72,14,breakout_vortex,20,0.15,True,1.4,200.0,3.5,2.5,120.0,0.3
175,4793.88,1.374,29.14,1669.67,43.06,31,72,14,breakout_vortex,20,0.2,True,1.4,200.0,3.5,2.5,120.0,0.3
314,5009.48,1.371,22.61,1668.79,41.67,30,72,21,pure_vortex,16,0.2,False,1.4,250.0,4.0,2.0,120.0,0.25
202,4279.13,1.37,25.74,1112.91,45.83,33,72,21,breakout_vortex,16,0.1,True,1.4,200.0,3.5,2.0,120.0,0.3
202,4279.13,1.37,25.74,1112.91,45.83,33,72,21,breakout_vortex,20,0.1,True,1.4,200.0,3.5,2.0,120.0,0.3
208,5232.74,1.369,24.04,2272.17,47.22,34,72,21,breakout_vortex,12,0.2,False,1.4,250.0,4.5,2.5,120.0,0.3
222,4765.75,1.366,22.52,1555.18,37.5,27,72,21,breakout_vortex,12,0.15,True,1.4,250.0,4.0,2.0,120.0,0.3
222,4765.75,1.366,22.52,1555.18,37.5,27,72,21,breakout_vortex,12,0.2,True,1.4,250.0,4.0,2.0,120.0,0.3
176,4721.26,1.366,28.98,1669.67,43.06,31,72,21,breakout_vortex,12,0.05,True,1.4,200.0,3.5,2.5,120.0,0.3
176,4718.28,1.366,28.98,1669.67,43.06,31,72,21,breakout_vortex,12,0.1,True,1.4,200.0,3.5,2.5,120.0,0.3
177,4709.5,1.365,28.81,1713.21,43.06,31,72,14,breakout_vortex,12,0.2,True,1.4,200.0,3.5,2.5,120.0,0.3
203,4227.76,1.364,25.62,1112.91,45.83,33,72,14,breakout_vortex,16,0.1,True,1.4,200.0,3.5,2.0,120.0,0.3
203,4227.76,1.364,25.62,1112.91,45.83,33,72,14,breakout_vortex,20,0.1,True,1.4,200.0,3.5,2.0,120.0,0.3
203,4225.95,1.364,25.62,1112.91,45.83,33,72,14,breakout_vortex,16,0.15,True,1.4,200.0,3.5,2.0,120.0,0.3
203,4225.95,1.364,25.62,1112.91,45.83,33,72,14,breakout_vortex,16,0.2,True,1.4,200.0,3.5,2.0,120.0,0.3
203,4225.95,1.364,25.62,1112.91,45.83,33,72,14,breakout_vortex,20,0.15,True,1.4,200.0,3.5,2.0,120.0,0.3
203,4225.95,1.364,25.62,1112.91,45.83,33,72,14,breakout_vortex,20,0.2,True,1.4,200.0,3.5,2.0,120.0,0.3
203,4205.68,1.361,25.62,1112.91,45.83,33,72,21,breakout_vortex,16,0.05,True,1.4,200.0,3.5,2.0,120.0,0.3
203,4196.25,1.36,25.62,1112.91,45.83,33,72,14,breakout_vortex,16,0.05,True,1.4,200.0,3.5,2.0,120.0,0.3
203,4196.25,1.36,25.62,1112.91,45.83,33,72,14,breakout_vortex,20,0.05,True,1.4,200.0,3.5,2.0,120.0,0.3
203,4196.25,1.36,25.62,1112.91,45.83,33,72,21,breakout_vortex,20,0.05,True,1.4,200.0,3.5,2.0,120.0,0.3
178,4634.71,1.357,28.65,1713.21,43.06,31,72,14,breakout_vortex,12,0.15,True,1.4,200.0,3.5,2.5,120.0,0.3
178,4634.11,1.357,28.65,1713.21,43.06,31,72,14,breakout_vortex,12,0.05,True,1.4,200.0,3.5,2.5,120.0,0.3
178,4634.11,1.357,28.65,1713.21,43.06,31,72,14,breakout_vortex,12,0.1,True,1.4,200.0,3.5,2.5,120.0,0.3
207,4025.81,1.355,25.12,1265.49,45.83,33,72,21,breakout_vortex,16,0.1,True,1.4,200.0,3.5,2.0,120.0,0.25
207,4025.81,1.355,25.12,1265.49,45.83,33,72,21,breakout_vortex,20,0.1,True,1.4,200.0,3.5,2.0,120.0,0.25
208,3991.0,1.351,25.0,1265.49,45.83,33,72,14,breakout_vortex,16,0.1,True,1.4,200.0,3.5,2.0,120.0,0.25
208,3991.0,1.351,25.0,1265.49,45.83,33,72,14,breakout_vortex,20,0.1,True,1.4,200.0,3.5,2.0,120.0,0.25
208,3989.18,1.351,25.0,1265.49,45.83,33,72,14,breakout_vortex,16,0.15,True,1.4,200.0,3.5,2.0,120.0,0.25
208,3989.18,1.351,25.0,1265.49,45.83,33,72,14,breakout_vortex,16,0.2,True,1.4,200.0,3.5,2.0,120.0,0.25
208,3989.18,1.351,25.0,1265.49,45.83,33,72,14,breakout_vortex,20,0.15,True,1.4,200.0,3.5,2.0,120.0,0.25
208,3989.18,1.351,25.0,1265.49,45.83,33,72,14,breakout_vortex,20,0.2,True,1.4,200.0,3.5,2.0,120.0,0.25
272,5039.57,1.348,26.84,1227.07,45.83,33,72,14,breakout_vortex,16,0.05,False,1.4,250.0,3.5,2.5,120.0,0.25
216,4580.54,1.348,21.3,1380.8,37.5,27,72,14,breakout_vortex,16,0.2,True,1.4,200.0,4.5,2.0,120.0,0.3
216,4580.54,1.348,21.3,1380.8,37.5,27,72,14,breakout_vortex,20,0.2,True,1.4,200.0,4.5,2.0,120.0,0.3
208,3956.75,1.347,25.0,1265.49,45.83,33,72,14,breakout_vortex,16,0.05,True,1.4,200.0,3.5,2.0,120.0,0.25
208,3956.75,1.347,25.0,1265.49,45.83,33,72,14,breakout_vortex,20,0.05,True,1.4,200.0,3.5,2.0,120.0,0.25
208,3956.75,1.347,25.0,1265.49,45.83,33,72,21,breakout_vortex,20,0.05,True,1.4,200.0,3.5,2.0,120.0,0.25
209,3940.96,1.345,24.88,1265.49,45.83,33,72,21,breakout_vortex,16,0.05,True,1.4,200.0,3.5,2.0,120.0,0.25
206,4054.5,1.344,25.24,1112.91,45.83,33,72,14,breakout_vortex,12,0.2,True,1.4,200.0,3.5,2.0,120.0,0.3
217,4526.61,1.342,21.2,1380.8,37.5,27,72,14,breakout_vortex,16,0.1,True,1.4,200.0,4.5,2.0,120.0,0.3
217,4526.61,1.342,21.2,1380.8,37.5,27,72,14,breakout_vortex,20,0.1,True,1.4,200.0,4.5,2.0,120.0,0.3
217,4524.79,1.342,21.2,1380.8,37.5,27,72,14,breakout_vortex,16,0.15,True,1.4,200.0,4.5,2.0,120.0,0.3
217,4524.79,1.342,21.2,1380.8,37.5,27,72,14,breakout_vortex,20,0.15,True,1.4,200.0,4.5,2.0,120.0,0.3
215,4474.77,1.342,21.4,1380.8,37.5,27,72,21,breakout_vortex,16,0.1,True,1.4,200.0,4.5,2.0,120.0,0.3
215,4474.77,1.342,21.4,1380.8,37.5,27,72,21,breakout_vortex,20,0.1,True,1.4,200.0,4.5,2.0,120.0,0.3
210,4841.78,1.34,25.24,2615.24,48.61,35,72,21,breakout_vortex,16,0.2,False,1.4,250.0,4.5,2.5,120.0,0.3
208,3987.95,1.339,25.48,1122.09,44.44,32,72,21,breakout_vortex,16,0.15,True,1.4,200.0,3.5,2.0,120.0,0.3
208,3987.95,1.339,25.48,1122.09,44.44,32,72,21,breakout_vortex,16,0.2,True,1.4,200.0,3.5,2.0,120.0,0.3
208,3987.95,1.339,25.48,1122.09,44.44,32,72,21,breakout_vortex,20,0.15,True,1.4,200.0,3.5,2.0,120.0,0.3
208,3987.95,1.339,25.48,1122.09,44.44,32,72,21,breakout_vortex,20,0.2,True,1.4,200.0,3.5,2.0,120.0,0.3
219,4724.13,1.338,26.03,1638.8,48.61,35,72,21,breakout_vortex,16,0.15,False,1.4,200.0,4.0,2.5,120.0,0.3
312,4509.6,1.338,22.44,1668.79,41.67,30,72,21,pure_vortex,16,0.2,False,1.4,200.0,4.0,2.0,120.0,0.25
216,4163.77,1.337,25.46,1112.91,44.44,32,72,21,breakout_vortex,16,0.1,True,1.4,250.0,3.5,2.0,120.0,0.3
216,4163.77,1.337,25.46,1112.91,44.44,32,72,21,breakout_vortex,20,0.1,True,1.4,250.0,3.5,2.0,120.0,0.3
216,4401.32,1.335,21.3,1380.8,37.5,27,72,21,breakout_vortex,16,0.05,True,1.4,200.0,4.5,2.0,120.0,0.3
216,4391.89,1.334,21.3,1380.8,37.5,27,72,14,breakout_vortex,16,0.05,True,1.4,200.0,4.5,2.0,120.0,0.3
216,4391.89,1.334,21.3,1380.8,37.5,27,72,14,breakout_vortex,20,0.05,True,1.4,200.0,4.5,2.0,120.0,0.3
216,4391.89,1.334,21.3,1380.8,37.5,27,72,21,breakout_vortex,20,0.05,True,1.4,200.0,4.5,2.0,120.0,0.3
211,3843.89,1.334,24.64,1291.76,45.83,33,72,14,breakout_vortex,12,0.2,True,1.4,200.0,3.5,2.0,120.0,0.25
289,4503.94,1.332,22.84,1653.57,43.06,31,72,21,pure_vortex,16,0.2,False,1.4,200.0,4.0,2.0,120.0,0.3
217,4112.4,1.332,25.35,1173.09,44.44,32,72,14,breakout_vortex,16,0.1,True,1.4,250.0,3.5,2.0,120.0,0.3
217,4112.4,1.332,25.35,1173.09,44.44,32,72,14,breakout_vortex,20,0.1,True,1.4,250.0,3.5,2.0,120.0,0.3
217,4110.59,1.332,25.35,1173.09,44.44,32,72,14,breakout_vortex,16,0.15,True,1.4,250.0,3.5,2.0,120.0,0.3
217,4110.59,1.332,25.35,1173.09,44.44,32,72,14,breakout_vortex,16,0.2,True,1.4,250.0,3.5,2.0,120.0,0.3
217,4110.59,1.332,25.35,1173.09,44.44,32,72,14,breakout_vortex,20,0.15,True,1.4,250.0,3.5,2.0,120.0,0.3
217,4110.59,1.332,25.35,1173.09,44.44,32,72,14,breakout_vortex,20,0.2,True,1.4,250.0,3.5,2.0,120.0,0.3
216,4368.29,1.331,21.3,1380.8,37.5,27,72,21,breakout_vortex,12,0.1,True,1.4,200.0,4.5,2.0,120.0,0.3
219,4409.09,1.33,21.0,1415.82,37.5,27,72,14,breakout_vortex,12,0.2,True,1.4,200.0,4.5,2.0,120.0,0.3
284,4961.41,1.329,23.24,1668.03,44.44,32,72,21,breakout_vortex,16,0.2,False,1.4,250.0,4.5,2.0,120.0,0.3
217,4090.32,1.329,25.35,1173.09,44.44,32,72,21,breakout_vortex,16,0.05,True,1.4,250.0,3.5,2.0,120.0,0.3
212,3768.06,1.329,25.0,1230.08,44.44,32,72,21,breakout_vortex,16,0.15,True,1.4,200.0,3.5,2.0,120.0,0.25
212,3768.06,1.329,25.0,1230.08,44.44,32,72,21,breakout_vortex,16,0.2,True,1.4,200.0,3.5,2.0,120.0,0.25
212,3768.06,1.329,25.0,1230.08,44.44,32,72,21,breakout_vortex,20,0.15,True,1.4,200.0,3.5,2.0,120.0,0.25
212,3768.06,1.329,25.0,1230.08,44.44,32,72,21,breakout_vortex,20,0.2,True,1.4,200.0,3.5,2.0,120.0,0.25
217,4080.89,1.328,25.35,1173.09,44.44,32,72,14,breakout_vortex,16,0.05,True,1.4,250.0,3.5,2.0,120.0,0.3
217,4080.89,1.328,25.35,1173.09,44.44,32,72,14,breakout_vortex,20,0.05,True,1.4,250.0,3.5,2.0,120.0,0.3
217,4080.89,1.328,25.35,1173.09,44.44,32,72,21,breakout_vortex,20,0.05,True,1.4,250.0,3.5,2.0,120.0,0.3
208,3905.07,1.327,25.0,1193.79,44.44,32,72,21,breakout_vortex,12,0.1,True,1.4,200.0,3.5,2.0,120.0,0.3
232,4696.8,1.326,27.16,1747.01,44.44,32,72,21,breakout_vortex,12,0.2,False,1.4,200.0,3.5,2.5,120.0,0.3
289,4495.95,1.325,23.18,1187.5,40.28,29,72,21,pure_vortex,16,0.15,False,1.4,200.0,4.5,2.0,120.0,0.3
220,4353.35,1.325,20.91,1415.82,37.5,27,72,14,breakout_vortex,12,0.15,True,1.4,200.0,4.5,2.0,120.0,0.3
217,4294.84,1.324,21.2,1380.8,37.5,27,72,21,breakout_vortex,12,0.05,True,1.4,200.0,4.5,2.0,120.0,0.3
221,3905.67,1.323,24.89,1265.49,44.44,32,72,21,breakout_vortex,16,0.1,True,1.4,250.0,3.5,2.0,120.0,0.25
221,3905.67,1.323,24.89,1265.49,44.44,32,72,21,breakout_vortex,20,0.1,True,1.4,250.0,3.5,2.0,120.0,0.25
213,4472.55,1.322,25.35,2735.48,41.67,30,72,21,breakout_vortex,16,0.2,False,1.4,200.0,4.5,2.5,120.0,0.25
278,4790.31,1.321,22.66,1668.03,44.44,32,72,21,breakout_vortex,12,0.2,False,1.4,250.0,4.5,2.0,120.0,0.3
293,4651.41,1.319,22.18,1657.68,43.06,31,72,21,breakout_vortex,12,0.2,False,1.4,250.0,4.5,2.0,120.0,0.25
329,4300.09,1.319,25.84,1557.31,45.83,33,72,21,pure_vortex,16,0.2,False,1.4,250.0,3.5,2.0,120.0,0.25
218,3996.84,1.319,25.23,1193.79,43.06,31,72,21,breakout_vortex,12,0.1,True,1.4,250.0,3.5,2.0,120.0,0.3
222,3870.85,1.319,24.77,1265.49,44.44,32,72,14,breakout_vortex,16,0.1,True,1.4,250.0,3.5,2.0,120.0,0.25
222,3870.85,1.319,24.77,1265.49,44.44,32,72,14,breakout_vortex,20,0.1,True,1.4,250.0,3.5,2.0,120.0,0.25
222,3869.04,1.319,24.77,1265.49,44.44,32,72,14,breakout_vortex,16,0.15,True,1.4,250.0,3.5,2.0,120.0,0.25
222,3869.04,1.319,24.77,1265.49,44.44,32,72,14,breakout_vortex,16,0.2,True,1.4,250.0,3.5,2.0,120.0,0.25
222,3869.04,1.319,24.77,1265.49,44.44,32,72,14,breakout_vortex,20,0.15,True,1.4,250.0,3.5,2.0,120.0,0.25
222,3869.04,1.319,24.77,1265.49,44.44,32,72,14,breakout_vortex,20,0.2,True,1.4,250.0,3.5,2.0,120.0,0.25
209,3831.62,1.319,24.88,1276.67,44.44,32,72,21,breakout_vortex,12,0.05,True,1.4,200.0,3.5,2.0,120.0,0.3
298,4637.09,1.318,22.82,1657.68,41.67,30,72,21,breakout_vortex,16,0.2,False,1.4,250.0,4.5,2.0,120.0,0.25
288,4411.35,1.318,22.92,1201.46,40.28,29,72,21,pure_vortex,16,0.15,False,1.4,250.0,4.5,2.0,120.0,0.3
220,4245.09,1.316,21.36,1380.8,36.11,26,72,14,breakout_vortex,16,0.2,True,1.4,250.0,4.5,2.0,120.0,0.3
220,4245.09,1.316,21.36,1380.8,36.11,26,72,14,breakout_vortex,20,0.2,True,1.4,250.0,4.5,2.0,120.0,0.3
219,4217.54,1.316,21.0,1415.82,37.5,27,72,14,breakout_vortex,12,0.1,True,1.4,200.0,4.5,2.0,120.0,0.3
220,4175.72,1.316,21.36,1389.98,37.5,27,72,21,breakout_vortex,16,0.15,True,1.4,200.0,4.5,2.0,120.0,0.3
220,4175.72,1.316,21.36,1389.98,37.5,27,72,21,breakout_vortex,16,0.2,True,1.4,200.0,4.5,2.0,120.0,0.3
220,4175.72,1.316,21.36,1389.98,37.5,27,72,21,breakout_vortex,20,0.15,True,1.4,200.0,4.5,2.0,120.0,0.3
220,4175.72,1.316,21.36,1389.98,37.5,27,72,21,breakout_vortex,20,0.2,True,1.4,200.0,4.5,2.0,120.0,0.3
222,3836.6,1.315,24.77,1265.49,44.44,32,72,14,breakout_vortex,16,0.05,True,1.4,250.0,3.5,2.0,120.0,0.25
222,3836.6,1.315,24.77,1265.49,44.44,32,72,14,breakout_vortex,20,0.05,True,1.4,250.0,3.5,2.0,120.0,0.25
222,3836.6,1.315,24.77,1265.49,44.44,32,72,21,breakout_vortex,20,0.05,True,1.4,250.0,3.5,2.0,120.0,0.25
223,3820.82,1.314,24.66,1265.49,44.44,32,72,21,breakout_vortex,16,0.05,True,1.4,250.0,3.5,2.0,120.0,0.25
211,3786.92,1.314,24.64,1276.67,44.44,32,72,14,breakout_vortex,12,0.15,True,1.4,200.0,3.5,2.0,120.0,0.3
213,3672.85,1.314,24.41,1265.49,44.44,32,72,21,breakout_vortex,12,0.1,True,1.4,200.0,3.5,2.0,120.0,0.25
220,4461.47,1.313,25.91,1638.8,48.61,35,72,21,breakout_vortex,16,0.15,False,1.4,250.0,4.0,2.5,120.0,0.3
220,3939.14,1.313,25.0,1276.67,44.44,32,72,14,breakout_vortex,12,0.2,True,1.4,250.0,3.5,2.0,120.0,0.3
223,4036.66,1.312,21.08,1413.64,34.72,25,72,14,breakout_vortex,16,0.2,True,1.4,250.0,4.5,2.0,120.0,0.25
223,4036.66,1.312,21.08,1413.64,34.72,25,72,14,breakout_vortex,20,0.2,True,1.4,250.0,4.5,2.0,120.0,0.25
219,3923.39,1.312,25.11,1276.67,43.06,31,72,21,breakout_vortex,12,0.05,True,1.4,250.0,3.5,2.0,120.0,0.3
221,4189.34,1.311,21.27,1380.8,36.11,26,72,14,breakout_vortex,16,0.15,True,1.4,250.0,4.5,2.0,120.0,0.3
221,4189.34,1.311,21.27,1380.8,36.11,26,72,14,breakout_vortex,20,0.15,True,1.4,250.0,4.5,2.0,120.0,0.3
213,4077.4,1.311,20.66,1555.95,37.5,27,72,14,breakout_vortex,12,0.05,True,1.4,200.0,4.5,2.0,120.0,0.3
211,3754.32,1.31,24.64,1276.67,44.44,32,72,14,breakout_vortex,12,0.1,True,1.4,200.0,3.5,2.0,120.0,0.3
224,3990.21,1.307,20.98,1413.64,34.72,25,72,14,breakout_vortex,16,0.15,True,1.4,250.0,4.5,2.0,120.0,0.25
224,3990.21,1.307,20.98,1413.64,34.72,25,72,14,breakout_vortex,20,0.15,True,1.4,250.0,4.5,2.0,120.0,0.25
221,3878.69,1.307,24.89,1276.67,43.06,31,72,14,breakout_vortex,12,0.15,True,1.4,250.0,3.5,2.0,120.0,0.3
223,3756.0,1.307,24.66,1265.49,43.06,31,72,21,breakout_vortex,12,0.1,True,1.4,250.0,3.5,2.0,120.0,0.25
273,4332.52,1.306,24.54,1437.76,45.83,33,72,21,breakout_vortex,12,0.2,False,1.4,200.0,4.0,2.0,120.0,0.3
216,4291.46,1.305,25.0,2763.17,40.28,29,72,21,breakout_vortex,12,0.2,False,1.4,200.0,4.5,2.5,120.0,0.25
221,4069.24,1.305,21.27,1389.98,37.5,27,72,21,breakout_vortex,12,0.15,True,1.4,200.0,4.5,2.0,120.0,0.3
221,4069.24,1.305,21.27,1389.98,37.5,27,72,21,breakout_vortex,12,0.2,True,1.4,200.0,4.5,2.0,120.0,0.3
215,3588.0,1.305,24.19,1265.49,44.44,32,72,21,breakout_vortex,12,0.05,True,1.4,200.0,3.5,2.0,120.0,0.25
249,4562.17,1.304,26.1,1342.4,43.06,31,72,14,breakout_vortex,12,0.05,False,1.4,250.0,4.0,2.5,120.0,0.3
318,4068.32,1.304,23.58,1307.21,40.28,29,72,21,pure_vortex,16,0.15,False,1.4,250.0,4.0,2.0,120.0,0.25
221,3846.09,1.304,24.89,1276.67,43.06,31,72,14,breakout_vortex,12,0.1,True,1.4,250.0,3.5,2.0,120.0,0.3
216,3580.14,1.304,24.07,1291.76,44.44,32,72,14,breakout_vortex,12,0.15,True,1.4,200.0,3.5,2.0,120.0,0.25
217,4261.95,1.303,24.88,2735.48,41.67,30,72,21,breakout_vortex,16,0.2,False,1.4,250.0,4.5,2.5,120.0,0.25
225,3723.74,1.303,24.44,1291.76,44.44,32,72,14,breakout_vortex,12,0.2,True,1.4,250.0,3.5,2.0,120.0,0.25
271,4363.86,1.302,23.25,1606.65,44.44,32,72,21,breakout_vortex,16,0.2,False,1.4,200.0,4.5,2.0,120.0,0.3
227,4153.52,1.301,25.11,1683.81,45.83,33,72,21,breakout_vortex,16,0.15,False,1.4,200.0,4.0,2.5,120.0,0.25
223,4073.64,1.3,21.08,1415.82,36.11,26,72,14,breakout_vortex,12,0.2,True,1.4,250.0,4.5,2.0,120.0,0.3
327,4013.34,1.3,25.69,1557.31,45.83,33,72,21,pure_vortex,16,0.2,False,1.4,200.0,3.5,2.0,120.0,0.25
298,4009.67,1.3,22.15,1252.79,40.28,29,72,21,pure_vortex,16,0.15,False,1.4,250.0,4.5,2.0,120.0,0.25
216,3544.8,1.3,24.07,1291.76,44.44,32,72,14,breakout_vortex,12,0.1,True,1.4,200.0,3.5,2.0,120.0,0.25
281,4338.14,1.299,25.62,1437.76,44.44,32,72,21,breakout_vortex,16,0.2,False,1.4,200.0,4.0,2.0,120.0,0.3
226,3891.37,1.298,20.8,1442.82,34.72,25,72,14,breakout_vortex,12,0.2,True,1.4,250.0,4.5,2.0,120.0,0.25
225,3671.15,1.298,24.44,1265.49,43.06,31,72,21,breakout_vortex,12,0.05,True,1.4,250.0,3.5,2.0,120.0,0.25
214,3613.88,1.298,24.77,1193.79,43.06,31,72,21,breakout_vortex,12,0.15,True,1.4,200.0,3.5,2.0,120.0,0.3
214,3613.88,1.298,24.77,1193.79,43.06,31,72,21,breakout_vortex,12,0.2,True,1.4,200.0,3.5,2.0,120.0,0.3
230,4235.97,1.297,26.52,2681.14,45.83,33,72,21,breakout_vortex,16,0.2,False,1.4,250.0,4.0,2.5,120.0,0.25
241,4221.12,1.297,27.39,1522.87,44.44,32,72,14,breakout_vortex,16,0.05,False,1.4,200.0,3.5,2.5,120.0,0.3
226,3663.29,1.297,24.34,1291.76,43.06,31,72,14,breakout_vortex,12,0.15,True,1.4,250.0,3.5,2.0,120.0,0.25
286,4491.7,1.294,23.08,1668.03,43.06,31,72,21,breakout_vortex,20,0.2,False,1.4,250.0,4.5,2.0,120.0,0.3
210,4237.0,1.294,24.76,2651.26,47.22,34,72,21,breakout_vortex,20,0.2,False,1.4,250.0,4.5,2.5,120.0,0.3
224,4017.9,1.294,20.98,1415.82,36.11,26,72,14,breakout_vortex,12,0.15,True,1.4,250.0,4.5,2.0,120.0,0.3
227,3844.92,1.293,20.7,1442.82,34.72,25,72,14,breakout_vortex,12,0.15,True,1.4,250.0,4.5,2.0,120.0,0.25
226,3627.95,1.293,24.34,1291.76,43.06,31,72,14,breakout_vortex,12,0.1,True,1.4,250.0,3.5,2.0,120.0,0.25
216,4207.34,1.291,24.07,1871.95,44.44,32,72,21,breakout_vortex,16,0.15,False,1.4,200.0,4.5,2.5,120.0,0.3
219,4130.78,1.291,25.57,1638.8,47.22,34,72,21,breakout_vortex,20,0.15,False,1.4,200.0,4.0,2.5,120.0,0.3
222,3747.95,1.29,20.72,1413.64,34.72,25,72,14,breakout_vortex,16,0.2,True,1.4,200.0,4.5,2.0,120.0,0.25
222,3747.95,1.29,20.72,1413.64,34.72,25,72,14,breakout_vortex,20,0.2,True,1.4,200.0,4.5,2.0,120.0,0.25
52,1262.96,1.29,28.85,1038.84,16.67,12,72,14,pure_vortex,16,0.1,True,1.4,200.0,3.5,2.5,120.0,0.3
52,1262.96,1.29,28.85,1038.84,16.67,12,72,14,pure_vortex,16,0.1,True,1.4,250.0,3.5,2.5,120.0,0.3
291,4396.18,1.289,24.4,1437.76,44.44,32,72,21,breakout_vortex,12,0.2,False,1.4,250.0,4.0,2.0,120.0,0.3
218,3850.6,1.289,21.1,1380.8,36.11,26,72,21,breakout_vortex,16,0.1,True,1.4,250.0,4.5,2.0,120.0,0.3
218,3850.6,1.289,21.1,1380.8,36.11,26,72,21,breakout_vortex,20,0.1,True,1.4,250.0,4.5,2.0,120.0,0.3
218,3415.09,1.289,24.31,1230.08,43.06,31,72,21,breakout_vortex,12,0.15,True,1.4,200.0,3.5,2.0,120.0,0.25
218,3415.09,1.289,24.31,1230.08,43.06,31,72,21,breakout_vortex,12,0.2,True,1.4,200.0,3.5,2.0,120.0,0.25
236,4197.39,1.286,27.97,1747.01,47.22,34,72,21,breakout_vortex,16,0.2,False,1.4,200.0,3.5,2.5,120.0,0.3
220,4080.85,1.286,24.55,2763.17,40.28,29,72,21,breakout_vortex,12,0.2,False,1.4,250.0,4.5,2.5,120.0,0.25
223,3703.31,1.286,20.63,1413.64,34.72,25,72,14,breakout_vortex,16,0.1,True,1.4,200.0,4.5,2.0,120.0,0.25
223,3703.31,1.286,20.63,1413.64,34.72,25,72,14,breakout_vortex,20,0.1,True,1.4,200.0,4.5,2.0,120.0,0.25
223,3701.49,1.286,20.63,1413.64,34.72,25,72,14,breakout_vortex,16,0.15,True,1.4,200.0,4.5,2.0,120.0,0.25
223,3701.49,1.286,20.63,1413.64,34.72,25,72,14,breakout_vortex,20,0.15,True,1.4,200.0,4.5,2.0,120.0,0.25
261,4157.91,1.285,25.29,1495.24,41.67,30,72,14,breakout_vortex,12,0.05,False,1.4,200.0,4.0,2.5,120.0,0.25
219,3799.23,1.284,21.0,1380.8,36.11,26,72,14,breakout_vortex,16,0.1,True,1.4,250.0,4.5,2.0,120.0,0.3
219,3799.23,1.284,21.0,1380.8,36.11,26,72,14,breakout_vortex,20,0.1,True,1.4,250.0,4.5,2.0,120.0,0.3
299,4400.63,1.283,25.42,1437.76,43.06,31,72,21,breakout_vortex,16,0.2,False,1.4,250.0,4.0,2.0,120.0,0.3
305,3939.85,1.283,23.93,1321.47,40.28,29,72,21,pure_vortex,16,0.15,False,1.4,250.0,4.0,2.0,120.0,0.3
221,3634.92,1.283,20.81,1413.64,34.72,25,72,21,breakout_vortex,16,0.1,True,1.4,200.0,4.5,2.0,120.0,0.25
221,3634.92,1.283,20.81,1413.64,34.72,25,72,21,breakout_vortex,16,0.1,True,1.4,250.0,4.5,2.0,120.0,0.25
221,3634.92,1.283,20.81,1413.64,34.72,25,72,21,breakout_vortex,20,0.1,True,1.4,200.0,4.5,2.0,120.0,0.25
221,3634.92,1.283,20.81,1413.64,34.72,25,72,21,breakout_vortex,20,0.1,True,1.4,250.0,4.5,2.0,120.0,0.25
300,4164.27,1.282,22.67,1657.68,41.67,30,72,21,breakout_vortex,20,0.2,False,1.4,250.0,4.5,2.0,120.0,0.25
219,3777.15,1.282,21.0,1380.8,36.11,26,72,21,breakout_vortex,16,0.05,True,1.4,250.0,4.5,2.0,120.0,0.3
219,3767.72,1.281,21.0,1380.8,36.11,26,72,14,breakout_vortex,16,0.05,True,1.4,250.0,4.5,2.0,120.0,0.3
219,3767.72,1.281,21.0,1380.8,36.11,26,72,14,breakout_vortex,20,0.05,True,1.4,250.0,4.5,2.0,120.0,0.3
219,3767.72,1.281,21.0,1380.8,36.11,26,72,21,breakout_vortex,20,0.05,True,1.4,250.0,4.5,2.0,120.0,0.3
233,4046.33,1.28,26.18,2723.17,44.44,32,72,21,breakout_vortex,12,0.2,False,1.4,250.0,4.0,2.5,120.0,0.25
217,3985.39,1.28,23.96,2397.28,41.67,30,72,14,breakout_vortex,12,0.2,False,1.4,200.0,4.5,2.5,120.0,0.3
297,3738.44,1.28,21.89,1252.79,40.28,29,72,21,pure_vortex,16,0.15,False,1.4,200.0,4.5,2.0,120.0,0.25
222,3600.1,1.28,20.72,1413.64,34.72,25,72,14,breakout_vortex,16,0.1,True,1.4,250.0,4.5,2.0,120.0,0.25
222,3600.1,1.28,20.72,1413.64,34.72,25,72,14,breakout_vortex,20,0.1,True,1.4,250.0,4.5,2.0,120.0,0.25
221,3506.12,1.28,24.89,1122.09,43.06,31,72,21,breakout_vortex,16,0.15,True,1.4,250.0,3.5,2.0,120.0,0.3
221,3506.12,1.28,24.89,1122.09,43.06,31,72,21,breakout_vortex,16,0.2,True,1.4,250.0,3.5,2.0,120.0,0.3
221,3506.12,1.28,24.89,1122.09,43.06,31,72,21,breakout_vortex,20,0.15,True,1.4,250.0,3.5,2.0,120.0,0.3
221,3506.12,1.28,24.89,1122.09,43.06,31,72,21,breakout_vortex,20,0.2,True,1.4,250.0,3.5,2.0,120.0,0.3
52,1207.03,1.28,28.85,1042.58,15.28,11,72,14,pure_vortex,16,0.1,True,1.4,200.0,3.5,2.5,120.0,0.25
52,1207.03,1.28,28.85,1042.58,15.28,11,72,14,pure_vortex,16,0.1,True,1.4,250.0,3.5,2.5,120.0,0.25
246,4208.6,1.279,26.42,1228.04,43.06,31,72,14,breakout_vortex,20,0.05,False,1.4,250.0,3.5,2.5,120.0,0.3
219,3744.12,1.279,21.0,1380.8,36.11,26,72,21,breakout_vortex,12,0.1,True,1.4,250.0,4.5,2.0,120.0,0.3
51,1138.35,1.278,27.45,1570.81,16.67,12,72,14,pure_vortex,16,0.1,True,1.4,250.0,4.5,2.0,120.0,0.3
222,3565.85,1.277,20.72,1413.64,34.72,25,72,14,breakout_vortex,16,0.05,True,1.4,200.0,4.5,2.0,120.0,0.25
222,3565.85,1.277,20.72,1413.64,34.72,25,72,14,breakout_vortex,16,0.05,True,1.4,250.0,4.5,2.0,120.0,0.25
222,3565.85,1.277,20.72,1413.64,34.72,25,72,14,breakout_vortex,20,0.05,True,1.4,200.0,4.5,2.0,120.0,0.25
222,3565.85,1.277,20.72,1413.64,34.72,25,72,14,breakout_vortex,20,0.05,True,1.4,250.0,4.5,2.0,120.0,0.25
222,3565.85,1.277,20.72,1413.64,34.72,25,72,21,breakout_vortex,20,0.05,True,1.4,200.0,4.5,2.0,120.0,0.25
222,3565.85,1.277,20.72,1413.64,34.72,25,72,21,breakout_vortex,20,0.05,True,1.4,250.0,4.5,2.0,120.0,0.25
249,3888.99,1.276,25.7,1228.04,43.06,31,72,14,breakout_vortex,20,0.05,False,1.4,200.0,3.5,2.5,120.0,0.25
225,3602.65,1.276,20.44,1442.82,34.72,25,72,14,breakout_vortex,12,0.2,True,1.4,200.0,4.5,2.0,120.0,0.25
270,3989.92,1.275,22.22,1606.65,44.44,32,72,21,breakout_vortex,12,0.2,False,1.4,200.0,4.5,2.0,120.0,0.3
223,3550.06,1.275,20.63,1413.64,34.72,25,72,21,breakout_vortex,16,0.05,True,1.4,200.0,4.5,2.0,120.0,0.25
223,3550.06,1.275,20.63,1413.64,34.72,25,72,21,breakout_vortex,16,0.05,True,1.4,250.0,4.5,2.0,120.0,0.25
222,3545.7,1.275,20.72,1413.64,34.72,25,72,21,breakout_vortex,12,0.1,True,1.4,200.0,4.5,2.0,120.0,0.25
222,3545.7,1.275,20.72,1413.64,34.72,25,72,21,breakout_vortex,12,0.1,True,1.4,250.0,4.5,2.0,120.0,0.25
211,3822.67,1.274,24.64,2794.5,40.28,29,72,21,breakout_vortex,20,0.2,False,1.4,200.0,4.5,2.5,120.0,0.25
210,3193.0,1.273,22.86,1643.56,43.06,31,72,14,breakout_vortex,12,0.05,True,1.4,200.0,3.5,2.0,120.0,0.25
302,3860.5,1.272,24.83,1450.24,41.67,30,72,21,breakout_vortex,16,0.2,False,1.4,200.0,4.0,2.0,120.0,0.25
220,3670.67,1.272,20.91,1380.8,36.11,26,72,21,breakout_vortex,12,0.05,True,1.4,250.0,4.5,2.0,120.0,0.3
279,3867.55,1.271,22.94,1958.64,43.06,31,72,14,breakout_vortex,16,0.2,False,1.4,250.0,4.5,2.0,120.0,0.3
226,3556.2,1.271,20.35,1442.82,34.72,25,72,14,breakout_vortex,12,0.15,True,1.4,200.0,4.5,2.0,120.0,0.25
225,3281.45,1.269,24.44,1230.08,43.06,31,72,21,breakout_vortex,16,0.15,True,1.4,250.0,3.5,2.0,120.0,0.25
225,3281.45,1.269,24.44,1230.08,43.06,31,72,21,breakout_vortex,16,0.2,True,1.4,250.0,3.5,2.0,120.0,0.25
225,3281.45,1.269,24.44,1230.08,43.06,31,72,21,breakout_vortex,20,0.15,True,1.4,250.0,3.5,2.0,120.0,0.25
225,3281.45,1.269,24.44,1230.08,43.06,31,72,21,breakout_vortex,20,0.2,True,1.4,250.0,3.5,2.0,120.0,0.25
220,3868.12,1.268,25.45,1638.8,47.22,34,72,21,breakout_vortex,20,0.15,False,1.4,250.0,4.0,2.5,120.0,0.3
267,3851.27,1.267,26.59,1244.34,44.44,32,72,14,breakout_vortex,12,0.05,False,1.4,200.0,3.5,2.5,120.0,0.25
286,3789.65,1.267,21.68,1657.68,43.06,31,72,21,breakout_vortex,12,0.2,False,1.4,200.0,4.5,2.0,120.0,0.25
220,3276.15,1.267,23.18,1643.56,41.67,30,72,14,breakout_vortex,12,0.05,True,1.4,250.0,3.5,2.0,120.0,0.25
224,3460.85,1.266,20.54,1413.64,34.72,25,72,21,breakout_vortex,12,0.05,True,1.4,200.0,4.5,2.0,120.0,0.25
224,3460.85,1.266,20.54,1413.64,34.72,25,72,21,breakout_vortex,12,0.05,True,1.4,250.0,4.5,2.0,120.0,0.25
273,3889.55,1.265,23.08,1611.25,43.06,31,72,21,breakout_vortex,20,0.2,False,1.4,200.0,4.5,2.0,120.0,0.3
222,3833.69,1.265,24.32,2152.08,40.28,29,72,14,breakout_vortex,12,0.1,False,1.4,200.0,4.5,2.5,120.0,0.3
291,3775.32,1.265,22.34,1657.68,41.67,30,72,21,breakout_vortex,16,0.2,False,1.4,200.0,4.5,2.0,120.0,0.25
222,3593.37,1.265,20.72,1415.82,36.11,26,72,14,breakout_vortex,12,0.1,True,1.4,250.0,4.5,2.0,120.0,0.3
207,3209.67,1.265,23.19,1624.31,43.06,31,72,14,breakout_vortex,12,0.05,True,1.4,200.0,3.5,2.0,120.0,0.3
253,3799.6,1.264,24.11,1864.73,40.28,29,72,14,breakout_vortex,16,0.05,False,1.4,250.0,4.0,2.5,120.0,0.25
216,3772.88,1.264,24.07,2134.8,41.67,30,72,14,breakout_vortex,16,0.1,False,1.4,200.0,4.5,2.5,120.0,0.3
223,3551.55,1.264,21.08,1389.98,36.11,26,72,21,breakout_vortex,16,0.15,True,1.4,250.0,4.5,2.0,120.0,0.3
223,3551.55,1.264,21.08,1389.98,36.11,26,72,21,breakout_vortex,16,0.2,True,1.4,250.0,4.5,2.0,120.0,0.3
223,3551.55,1.264,21.08,1389.98,36.11,26,72,21,breakout_vortex,20,0.15,True,1.4,250.0,4.5,2.0,120.0,0.3
223,3551.55,1.264,21.08,1389.98,36.11,26,72,21,breakout_vortex,20,0.2,True,1.4,250.0,4.5,2.0,120.0,0.3
296,4056.27,1.263,25.68,1437.76,43.06,31,72,21,breakout_vortex,20,0.2,False,1.4,250.0,4.0,2.0,120.0,0.3
223,3339.19,1.263,24.66,1193.79,41.67,30,72,21,breakout_vortex,12,0.15,True,1.4,250.0,3.5,2.0,120.0,0.3
223,3339.19,1.263,24.66,1193.79,41.67,30,72,21,breakout_vortex,12,0.2,True,1.4,250.0,3.5,2.0,120.0,0.3
261,3853.56,1.262,25.67,1228.04,43.06,31,72,14,breakout_vortex,20,0.05,False,1.4,250.0,3.5,2.5,120.0,0.25
225,3417.65,1.262,20.44,1442.82,34.72,25,72,14,breakout_vortex,12,0.1,True,1.4,200.0,4.5,2.0,120.0,0.25
225,3417.65,1.262,20.44,1442.82,34.72,25,72,14,breakout_vortex,12,0.1,True,1.4,250.0,4.5,2.0,120.0,0.25
309,3643.99,1.261,25.57,1614.66,44.44,32,72,21,pure_vortex,16,0.2,False,1.4,250.0,3.5,2.0,120.0,0.3
217,3301.44,1.261,23.5,1624.31,41.67,30,72,14,breakout_vortex,12,0.05,True,1.4,250.0,3.5,2.0,120.0,0.3
225,3356.86,1.26,20.89,1378.23,33.33,24,72,21,breakout_vortex,16,0.15,True,1.4,200.0,4.5,2.0,120.0,0.25
225,3356.86,1.26,20.89,1378.23,33.33,24,72,21,breakout_vortex,16,0.15,True,1.4,250.0,4.5,2.0,120.0,0.25
225,3356.86,1.26,20.89,1378.23,33.33,24,72,21,breakout_vortex,16,0.2,True,1.4,200.0,4.5,2.0,120.0,0.25
225,3356.86,1.26,20.89,1378.23,33.33,24,72,21,breakout_vortex,16,0.2,True,1.4,250.0,4.5,2.0,120.0,0.25
225,3356.86,1.26,20.89,1378.23,33.33,24,72,21,breakout_vortex,20,0.15,True,1.4,200.0,4.5,2.0,120.0,0.25
225,3356.86,1.26,20.89,1378.23,33.33,24,72,21,breakout_vortex,20,0.15,True,1.4,250.0,4.5,2.0,120.0,0.25
225,3356.86,1.26,20.89,1378.23,33.33,24,72,21,breakout_vortex,20,0.2,True,1.4,200.0,4.5,2.0,120.0,0.25
225,3356.86,1.26,20.89,1378.23,33.33,24,72,21,breakout_vortex,20,0.2,True,1.4,250.0,4.5,2.0,120.0,0.25
51,1062.36,1.26,27.45,1611.24,15.28,11,72,14,pure_vortex,16,0.1,True,1.4,250.0,4.5,2.0,120.0,0.25
224,3781.85,1.259,24.55,1831.82,43.06,31,72,14,breakout_vortex,16,0.05,False,1.4,200.0,4.5,2.5,120.0,0.3
228,3767.05,1.259,25.0,1638.8,47.22,34,72,21,breakout_vortex,12,0.15,False,1.4,200.0,4.0,2.5,120.0,0.3
298,3692.78,1.259,23.83,1450.24,41.67,30,72,21,breakout_vortex,12,0.2,False,1.4,200.0,4.0,2.0,120.0,0.25
216,3453.23,1.259,20.37,1555.95,36.11,26,72,14,breakout_vortex,12,0.05,True,1.4,250.0,4.5,2.0,120.0,0.3
321,3917.04,1.257,24.61,1450.24,40.28,29,72,21,breakout_vortex,16,0.2,False,1.4,250.0,4.0,2.0,120.0,0.25
217,3674.87,1.257,23.5,2393.49,41.67,30,72,14,breakout_vortex,16,0.2,False,1.4,200.0,4.5,2.5,120.0,0.3
219,3300.87,1.257,20.09,1559.6,34.72,25,72,14,breakout_vortex,12,0.05,True,1.4,200.0,4.5,2.0,120.0,0.25
219,3300.87,1.257,20.09,1559.6,34.72,25,72,14,breakout_vortex,12,0.05,True,1.4,250.0,4.5,2.0,120.0,0.25
227,3570.55,1.256,24.67,1683.81,44.44,32,72,21,breakout_vortex,20,0.15,False,1.4,200.0,4.0,2.5,120.0,0.25
215,3612.07,1.255,24.19,2794.5,40.28,29,72,21,breakout_vortex,20,0.2,False,1.4,250.0,4.5,2.5,120.0,0.25
246,3752.83,1.254,23.17,1574.44,43.06,31,72,21,breakout_vortex,16,0.1,False,1.4,200.0,4.5,2.5,120.0,0.25
231,3663.62,1.254,25.97,2712.12,44.44,32,72,21,breakout_vortex,20,0.2,False,1.4,250.0,4.0,2.5,120.0,0.25
224,3445.07,1.254,20.98,1389.98,36.11,26,72,21,breakout_vortex,12,0.15,True,1.4,250.0,4.5,2.0,120.0,0.3
224,3445.07,1.254,20.98,1389.98,36.11,26,72,21,breakout_vortex,12,0.2,True,1.4,250.0,4.5,2.0,120.0,0.3
71,1823.63,1.254,22.54,1889.3,22.22,16,72,14,pure_vortex,16,0.2,True,1.4,200.0,4.5,2.5,120.0,0.25
71,1823.63,1.254,22.54,1889.3,22.22,16,72,14,pure_vortex,16,0.2,True,1.4,250.0,4.5,2.5,120.0,0.25
227,3131.77,1.253,24.23,1230.08,41.67,30,72,21,breakout_vortex,12,0.15,True,1.4,250.0,3.5,2.0,120.0,0.25
227,3131.77,1.253,24.23,1230.08,41.67,30,72,21,breakout_vortex,12,0.2,True,1.4,250.0,3.5,2.0,120.0,0.25
251,3872.03,1.251,26.29,1342.4,41.67,30,72,14,breakout_vortex,12,0.05,False,1.4,200.0,4.0,2.5,120.0,0.3
226,3267.65,1.251,20.8,1378.23,33.33,24,72,21,breakout_vortex,12,0.15,True,1.4,200.0,4.5,2.0,120.0,0.25
226,3267.65,1.251,20.8,1378.23,33.33,24,72,21,breakout_vortex,12,0.15,True,1.4,250.0,4.5,2.0,120.0,0.25
226,3267.65,1.251,20.8,1378.23,33.33,24,72,21,breakout_vortex,12,0.2,True,1.4,200.0,4.5,2.0,120.0,0.25
226,3267.65,1.251,20.8,1378.23,33.33,24,72,21,breakout_vortex,12,0.2,True,1.4,250.0,4.5,2.0,120.0,0.25
324,3632.58,1.25,25.62,1250.74,43.06,31,72,21,pure_vortex,16,0.15,False,1.4,250.0,3.5,2.0,120.0,0.3
236,3697.34,1.249,27.54,1747.01,45.83,33,72,21,breakout_vortex,20,0.2,False,1.4,200.0,3.5,2.5,120.0,0.3
220,3631.1,1.246,23.18,1871.95,43.06,31,72,21,breakout_vortex,12,0.15,False,1.4,200.0,4.5,2.5,120.0,0.3
237,3627.03,1.246,25.32,2238.98,45.83,33,72,14,breakout_vortex,16,0.1,False,1.4,200.0,4.0,2.5,120.0,0.3
237,3627.03,1.246,25.32,2238.98,45.83,33,72,14,breakout_vortex,16,0.1,False,1.4,250.0,4.0,2.5,120.0,0.3
317,3750.48,1.245,23.66,1450.24,40.28,29,72,21,breakout_vortex,12,0.2,False,1.4,250.0,4.0,2.0,120.0,0.25
304,3403.55,1.245,23.68,1321.47,40.28,29,72,21,pure_vortex,16,0.15,False,1.4,200.0,4.0,2.0,120.0,0.3
71,1778.8,1.245,22.54,1912.05,22.22,16,72,14,pure_vortex,16,0.2,True,1.4,200.0,4.5,2.5,120.0,0.3
71,1778.8,1.245,22.54,1912.05,22.22,16,72,14,pure_vortex,16,0.2,True,1.4,250.0,4.5,2.5,120.0,0.3
216,3562.24,1.243,23.61,1871.95,44.44,32,72,21,breakout_vortex,20,0.15,False,1.4,200.0,4.5,2.5,120.0,0.3
247,3566.58,1.242,22.67,1463.07,38.89,28,72,14,breakout_vortex,20,0.05,False,1.4,250.0,4.0,2.5,120.0,0.25
307,3357.25,1.242,25.41,1614.66,44.44,32,72,21,pure_vortex,16,0.2,False,1.4,200.0,3.5,2.0,120.0,0.3
246,3544.55,1.241,22.76,1463.07,38.89,28,72,14,breakout_vortex,20,0.05,False,1.4,200.0,4.0,2.5,120.0,0.25
74,1657.61,1.241,28.38,1889.3,26.39,19,72,14,pure_vortex,16,0.2,True,1.4,200.0,3.5,2.5,120.0,0.25
59,1110.46,1.238,27.12,1359.81,22.22,16,72,14,pure_vortex,16,0.15,True,1.4,200.0,3.5,2.0,120.0,0.3
59,1110.46,1.238,27.12,1359.81,22.22,16,72,14,pure_vortex,16,0.15,True,1.4,250.0,3.5,2.0,120.0,0.3
74,1651.39,1.237,28.38,1912.05,26.39,19,72,14,pure_vortex,16,0.2,True,1.4,200.0,3.5,2.5,120.0,0.3
261,3641.83,1.236,26.44,1522.87,43.06,31,72,14,breakout_vortex,16,0.05,False,1.4,250.0,3.5,2.5,120.0,0.3
248,3270.51,1.236,26.21,1635.47,41.67,30,72,21,pure_vortex,16,0.2,False,1.4,200.0,3.5,2.5,120.0,0.25
317,3542.35,1.235,24.92,1450.24,40.28,29,72,21,breakout_vortex,20,0.2,False,1.4,250.0,4.0,2.0,120.0,0.25
225,3512.23,1.235,22.67,2364.44,40.28,29,72,21,breakout_vortex,16,0.1,False,1.4,200.0,4.5,2.5,120.0,0.3
278,3348.88,1.235,22.66,1958.64,43.06,31,72,14,breakout_vortex,16,0.2,False,1.4,200.0,4.5,2.0,120.0,0.3
59,1091.01,1.235,27.12,1384.34,20.83,15,72,14,pure_vortex,16,0.15,True,1.4,200.0,3.5,2.0,120.0,0.25
59,1091.01,1.235,27.12,1384.34,20.83,15,72,14,pure_vortex,16,0.15,True,1.4,250.0,3.5,2.0,120.0,0.25
316,3646.44,1.234,28.16,1773.34,45.83,33,72,21,breakout_vortex,12,0.2,False,1.4,250.0,3.5,2.0,120.0,0.3
248,3513.46,1.234,22.98,1756.48,43.06,31,72,21,breakout_vortex,16,0.1,False,1.4,250.0,4.5,2.5,120.0,0.25
286,3497.1,1.234,25.17,1437.76,43.06,31,72,21,breakout_vortex,20,0.2,False,1.4,200.0,4.0,2.0,120.0,0.3
218,3411.1,1.232,21.1,2945.46,40.28,29,72,14,breakout_vortex,20,0.15,False,1.4,200.0,4.5,2.5,120.0,0.3
255,3358.96,1.232,25.88,1635.47,40.28,29,72,21,pure_vortex,16,0.2,False,1.4,250.0,3.5,2.5,120.0,0.25
238,3412.85,1.231,21.85,1574.44,41.67,30,72,21,breakout_vortex,20,0.1,False,1.4,200.0,4.5,2.5,120.0,0.25
293,3302.51,1.229,22.18,1657.68,41.67,30,72,21,breakout_vortex,20,0.2,False,1.4,200.0,4.5,2.0,120.0,0.25
344,3437.73,1.228,22.97,1378.82,43.06,31,72,14,breakout_vortex,16,0.05,False,1.4,250.0,4.5,2.0,120.0,0.25
230,3400.81,1.228,24.78,1638.8,47.22,34,72,21,breakout_vortex,12,0.15,False,1.4,250.0,4.0,2.5,120.0,0.3
251,3441.71,1.227,25.9,1551.52,41.67,30,72,21,pure_vortex,16,0.2,False,1.4,250.0,3.5,2.5,120.0,0.3
226,3223.28,1.227,20.35,2979.25,38.89,28,72,14,breakout_vortex,20,0.15,False,1.4,200.0,4.5,2.5,120.0,0.25
314,3034.19,1.227,22.93,1307.21,40.28,29,72,21,pure_vortex,16,0.15,False,1.4,200.0,4.0,2.0,120.0,0.25
287,3407.66,1.225,23.34,1640.14,45.83,33,72,21,breakout_vortex,16,0.15,False,1.4,250.0,4.5,2.0,120.0,0.3
246,3217.49,1.225,24.39,2246.02,40.28,29,72,14,breakout_vortex,16,0.1,False,1.4,200.0,4.0,2.5,120.0,0.25
349,3169.26,1.225,25.5,1248.27,41.67,30,72,21,pure_vortex,16,0.15,False,1.4,250.0,3.5,2.0,120.0,0.25
237,3323.46,1.224,21.94,1574.44,41.67,30,72,21,breakout_vortex,20,0.1,False,1.4,250.0,4.5,2.5,120.0,0.25
281,3416.62,1.223,25.98,1244.34,43.06,31,72,14,breakout_vortex,12,0.05,False,1.4,250.0,3.5,2.5,120.0,0.25
276,3285.07,1.223,23.19,1578.76,45.83,33,72,21,breakout_vortex,16,0.15,False,1.4,200.0,4.5,2.0,120.0,0.3
218,3167.37,1.219,23.85,2157.84,38.89,28,72,14,breakout_vortex,12,0.15,False,1.4,200.0,4.5,2.5,120.0,0.3
222,3229.71,1.217,20.72,2934.17,40.28,29,72,14,breakout_vortex,20,0.15,False,1.4,250.0,4.5,2.5,120.0,0.3
239,3205.47,1.217,26.36,1127.34,38.89,28,72,21,pure_vortex,16,0.15,False,1.4,250.0,3.5,2.5,120.0,0.3
334,3284.17,1.216,27.25,1850.84,45.83,33,72,21,breakout_vortex,12,0.2,False,1.4,250.0,3.5,2.0,120.0,0.25
238,3095.52,1.215,23.95,1683.81,44.44,32,72,21,breakout_vortex,12,0.15,False,1.4,200.0,4.0,2.5,120.0,0.25
75,1504.29,1.214,28.0,1889.3,26.39,19,72,14,pure_vortex,16,0.2,True,1.4,250.0,3.5,2.5,120.0,0.25
243,3090.82,1.213,25.93,1815.91,43.06,31,72,21,pure_vortex,16,0.2,False,1.4,200.0,3.5,2.5,120.0,0.3
230,3159.86,1.212,24.35,1849.09,40.28,29,72,14,breakout_vortex,12,0.05,False,1.4,200.0,4.5,2.5,120.0,0.3
75,1498.08,1.21,28.0,1912.05,26.39,19,72,14,pure_vortex,16,0.2,True,1.4,250.0,3.5,2.5,120.0,0.3
232,3179.55,1.209,22.41,1913.63,40.28,29,72,14,breakout_vortex,20,0.05,False,1.4,200.0,4.0,2.5,120.0,0.3
232,3179.55,1.209,22.41,1913.63,40.28,29,72,14,breakout_vortex,20,0.05,False,1.4,250.0,4.0,2.5,120.0,0.3
237,3090.97,1.209,25.74,1228.04,41.67,30,72,14,breakout_vortex,20,0.05,False,1.4,200.0,3.5,2.5,120.0,0.3
346,2893.54,1.207,25.43,1510.54,41.67,30,72,21,pure_vortex,16,0.15,False,1.4,200.0,3.5,2.0,120.0,0.25
77,1324.18,1.207,23.38,2215.42,22.22,16,72,14,pure_vortex,16,0.2,True,1.4,200.0,4.5,2.0,120.0,0.25
77,1324.18,1.207,23.38,2215.42,22.22,16,72,14,pure_vortex,16,0.2,True,1.4,250.0,4.5,2.0,120.0,0.25
77,1333.36,1.206,23.38,2215.59,23.61,17,72,14,pure_vortex,16,0.2,True,1.4,200.0,4.5,2.0,120.0,0.3
77,1333.36,1.206,23.38,2215.59,23.61,17,72,14,pure_vortex,16,0.2,True,1.4,250.0,4.5,2.0,120.0,0.3
307,2983.18,1.205,24.43,1450.24,40.28,29,72,21,breakout_vortex,20,0.2,False,1.4,200.0,4.0,2.0,120.0,0.25
245,2969.55,1.205,22.45,3056.75,38.89,28,72,14,breakout_vortex,12,0.15,False,1.4,200.0,4.5,2.5,120.0,0.25
320,2947.93,1.205,25.31,1532.34,43.06,31,72,21,pure_vortex,16,0.15,False,1.4,200.0,3.5,2.0,120.0,0.3
218,3025.09,1.203,21.1,2370.2,40.28,29,72,21,breakout_vortex,20,0.1,False,1.4,200.0,4.5,2.5,120.0,0.3
250,2910.74,1.203,26.0,1113.01,36.11,26,72,21,pure_vortex,16,0.15,False,1.4,250.0,3.5,2.5,120.0,0.25
308,2899.1,1.201,22.08,2203.34,37.5,27,72,14,breakout_vortex,16,0.2,False,1.4,250.0,4.5,2.0,120.0,0.25
247,2999.91,1.2,21.86,1727.37,38.89,28,72,21,breakout_vortex,16,0.05,False,1.4,200.0,4.5,2.5,120.0,0.25
231,2903.98,1.2,19.91,2979.25,38.89,28,72,14,breakout_vortex,20,0.15,False,1.4,250.0,4.5,2.5,120.0,0.25
299,2807.87,1.2,22.41,2203.34,38.89,28,72,14,breakout_vortex,16,0.2,False,1.4,200.0,4.5,2.0,120.0,0.25
232,3019.52,1.198,21.98,2606.43,38.89,28,72,21,breakout_vortex,12,0.1,False,1.4,250.0,4.5,2.5,120.0,0.3
293,3053.62,1.197,22.87,1640.14,45.83,33,72,21,breakout_vortex,12,0.15,False,1.4,250.0,4.5,2.0,120.0,0.3
337,3034.93,1.197,27.3,1850.84,44.44,32,72,21,breakout_vortex,16,0.2,False,1.4,250.0,3.5,2.0,120.0,0.25
231,3010.99,1.197,22.08,2614.96,38.89,28,72,21,breakout_vortex,12,0.1,False,1.4,200.0,4.5,2.5,120.0,0.3
242,2957.16,1.196,25.21,2256.26,41.67,30,72,14,breakout_vortex,12,0.1,False,1.4,200.0,4.0,2.5,120.0,0.3
242,2957.16,1.196,25.21,2256.26,41.67,30,72,14,breakout_vortex,12,0.1,False,1.4,250.0,4.0,2.5,120.0,0.3
288,2959.23,1.194,23.26,1640.14,45.83,33,72,21,breakout_vortex,20,0.15,False,1.4,250.0,4.5,2.0,120.0,0.3
216,2882.26,1.194,20.83,2932.68,38.89,28,72,14,breakout_vortex,20,0.1,False,1.4,200.0,4.5,2.5,120.0,0.3
235,2860.7,1.194,20.85,1579.54,37.5,27,72,21,breakout_vortex,20,0.05,False,1.4,200.0,4.5,2.5,120.0,0.25
296,2819.12,1.193,23.65,1670.35,44.44,32,72,21,breakout_vortex,12,0.05,False,1.4,200.0,4.0,2.0,120.0,0.3
284,2903.26,1.192,22.54,1621.4,45.83,33,72,21,breakout_vortex,12,0.15,False,1.4,200.0,4.5,2.0,120.0,0.3
233,2941.0,1.191,22.75,2718.49,40.28,29,72,21,breakout_vortex,16,0.1,False,1.4,250.0,4.5,2.5,120.0,0.3
251,2680.23,1.191,25.9,2348.54,43.06,31,72,14,breakout_vortex,16,0.1,False,1.4,200.0,3.5,2.5,120.0,0.25
308,2901.75,1.19,27.27,1773.34,45.83,33,72,21,breakout_vortex,12,0.2,False,1.4,200.0,3.5,2.0,120.0,0.3
296,2864.67,1.19,24.66,1413.43,44.44,32,72,21,breakout_vortex,16,0.15,False,1.4,200.0,4.0,2.0,120.0,0.3
277,2832.03,1.19,23.1,1583.37,45.83,33,72,21,breakout_vortex,20,0.15,False,1.4,200.0,4.5,2.0,120.0,0.3
231,2777.04,1.19,27.27,1742.98,45.83,33,72,21,breakout_vortex,16,0.15,False,1.4,200.0,3.5,2.5,120.0,0.3
223,2718.11,1.19,20.18,2969.83,37.5,27,72,14,breakout_vortex,20,0.1,False,1.4,200.0,4.5,2.5,120.0,0.25
290,2789.45,1.188,22.07,1938.07,37.5,27,72,14,breakout_vortex,12,0.2,False,1.4,250.0,4.5,2.0,120.0,0.3
219,2749.05,1.188,22.83,2140.56,38.89,28,72,14,breakout_vortex,16,0.15,False,1.4,200.0,4.5,2.5,120.0,0.3
333,2823.55,1.187,27.03,1855.45,44.44,32,72,21,breakout_vortex,20,0.2,False,1.4,250.0,3.5,2.0,120.0,0.25
240,2780.87,1.187,20.42,1553.6,37.5,27,72,14,breakout_vortex,20,0.05,False,1.4,200.0,4.5,2.5,120.0,0.25
240,2780.87,1.187,20.42,1553.6,37.5,27,72,14,breakout_vortex,20,0.05,False,1.4,250.0,4.5,2.5,120.0,0.25
234,2771.31,1.187,20.94,1579.54,37.5,27,72,21,breakout_vortex,20,0.05,False,1.4,250.0,4.5,2.5,120.0,0.25
307,2779.78,1.186,22.48,1660.98,40.28,29,72,21,breakout_vortex,12,0.15,False,1.4,250.0,4.5,2.0,120.0,0.25
304,2710.21,1.183,22.37,1758.51,41.67,30,72,21,breakout_vortex,16,0.15,False,1.4,250.0,4.5,2.0,120.0,0.25
249,2760.55,1.181,21.69,1966.73,38.89,28,72,21,breakout_vortex,16,0.05,False,1.4,250.0,4.5,2.5,120.0,0.25
229,2697.49,1.181,22.71,3367.82,40.28,29,72,14,breakout_vortex,12,0.2,False,1.4,250.0,4.5,2.5,120.0,0.3
233,2596.03,1.181,26.61,2356.68,44.44,32,72,14,breakout_vortex,16,0.2,False,1.4,200.0,3.5,2.5,120.0,0.3
269,2901.4,1.18,26.02,1700.97,41.67,30,72,14,breakout_vortex,12,0.05,False,1.4,250.0,3.5,2.5,120.0,0.3
327,2675.41,1.18,26.61,1850.84,45.83,33,72,21,breakout_vortex,12,0.2,False,1.4,200.0,3.5,2.0,120.0,0.25
315,2895.0,1.179,24.44,1413.43,43.06,31,72,21,breakout_vortex,16,0.15,False,1.4,250.0,4.0,2.0,120.0,0.3
260,2693.99,1.179,25.38,2868.42,44.44,32,72,21,breakout_vortex,16,0.1,False,1.4,250.0,4.0,2.5,120.0,0.25
220,2690.84,1.179,20.45,2924.14,38.89,28,72,14,breakout_vortex,20,0.1,False,1.4,250.0,4.5,2.5,120.0,0.3
291,2591.52,1.178,24.4,2461.93,43.06,31,72,14,breakout_vortex,16,0.2,False,1.4,200.0,4.0,2.0,120.0,0.3
240,2567.29,1.178,21.25,2970.28,40.28,29,72,14,breakout_vortex,16,0.15,False,1.4,200.0,4.5,2.5,120.0,0.25
259,2671.96,1.177,25.48,2890.44,44.44,32,72,21,breakout_vortex,16,0.1,False,1.4,200.0,4.0,2.5,120.0,0.25
231,2662.98,1.177,23.38,2934.31,37.5,27,72,14,breakout_vortex,12,0.1,False,1.4,250.0,4.5,2.5,120.0,0.3
264,2601.32,1.174,23.86,1918.25,38.89,28,72,14,breakout_vortex,12,0.05,False,1.4,250.0,4.0,2.5,120.0,0.25
249,2608.5,1.173,26.51,1700.97,41.67,30,72,14,breakout_vortex,12,0.05,False,1.4,200.0,3.5,2.5,120.0,0.3
226,2589.18,1.172,22.57,3290.56,41.67,30,72,14,breakout_vortex,20,0.15,False,1.4,200.0,4.0,2.5,120.0,0.3
226,2589.18,1.172,22.57,3290.56,41.67,30,72,14,breakout_vortex,20,0.15,False,1.4,250.0,4.0,2.5,120.0,0.3
225,2590.97,1.171,22.67,3176.61,40.28,29,72,14,breakout_vortex,20,0.1,False,1.4,200.0,4.0,2.5,120.0,0.3
225,2590.97,1.171,22.67,3176.61,40.28,29,72,14,breakout_vortex,20,0.1,False,1.4,250.0,4.0,2.5,120.0,0.3
232,2501.49,1.171,19.83,2969.83,37.5,27,72,14,breakout_vortex,20,0.1,False,1.4,250.0,4.5,2.5,120.0,0.25
239,2545.61,1.17,23.85,3757.08,41.67,30,72,14,breakout_vortex,16,0.2,False,1.4,200.0,4.0,2.5,120.0,0.3
239,2545.61,1.17,23.85,3757.08,41.67,30,72,14,breakout_vortex,16,0.2,False,1.4,250.0,4.0,2.5,120.0,0.3
227,2527.13,1.169,22.91,2777.43,38.89,28,72,14,breakout_vortex,16,0.1,False,1.4,250.0,4.5,2.5,120.0,0.3
252,2477.9,1.168,24.21,2314.18,40.28,29,72,14,breakout_vortex,12,0.1,False,1.4,200.0,4.0,2.5,120.0,0.25
234,2425.16,1.167,21.79,3309.33,38.89,28,72,14,breakout_vortex,20,0.15,False,1.4,200.0,4.0,2.5,120.0,0.25
234,2425.16,1.167,21.79,3309.33,38.89,28,72,14,breakout_vortex,20,0.15,False,1.4,250.0,4.0,2.5,120.0,0.25
237,2429.74,1.166,21.94,3202.98,37.5,27,72,14,breakout_vortex,20,0.1,False,1.4,250.0,4.0,2.5,120.0,0.25
320,2676.81,1.165,27.5,1773.34,44.44,32,72,21,breakout_vortex,16,0.2,False,1.4,250.0,3.5,2.0,120.0,0.3
242,2328.52,1.165,26.03,1787.99,43.06,31,72,21,breakout_vortex,16,0.15,False,1.4,200.0,3.5,2.5,120.0,0.25
75,1022.14,1.165,25.33,2310.33,23.61,17,72,14,pure_vortex,16,0.2,True,1.4,200.0,4.0,2.0,120.0,0.25
75,1022.14,1.165,25.33,2310.33,23.61,17,72,14,pure_vortex,16,0.2,True,1.4,250.0,4.0,2.0,120.0,0.25
236,2407.71,1.164,22.03,3225.0,37.5,27,72,14,breakout_vortex,20,0.1,False,1.4,200.0,4.0,2.5,120.0,0.25
75,1027.82,1.164,25.33,2315.58,23.61,17,72,14,pure_vortex,16,0.2,True,1.4,200.0,4.0,2.0,120.0,0.3
75,1027.82,1.164,25.33,2315.58,23.61,17,72,14,pure_vortex,16,0.2,True,1.4,250.0,4.0,2.0,120.0,0.3
296,2407.58,1.163,23.99,2444.79,41.67,30,72,14,breakout_vortex,12,0.2,False,1.4,200.0,4.0,2.0,120.0,0.3
242,2382.37,1.163,22.73,3609.24,36.11,26,72,14,breakout_vortex,12,0.2,False,1.4,200.0,4.5,2.5,120.0,0.25
238,2377.89,1.163,26.47,2343.16,41.67,30,72,14,breakout_vortex,16,0.1,False,1.4,200.0,3.5,2.5,120.0,0.3
330,2426.17,1.162,26.67,1850.84,44.44,32,72,21,breakout_vortex,16,0.2,False,1.4,200.0,3.5,2.0,120.0,0.25
236,2375.67,1.162,25.85,1127.34,38.89,28,72,21,pure_vortex,16,0.15,False,1.4,200.0,3.5,2.5,120.0,0.3
311,2578.03,1.161,24.76,1419.44,44.44,32,72,21,breakout_vortex,20,0.15,False,1.4,250.0,4.0,2.0,120.0,0.3
291,2477.92,1.161,23.37,2877.72,41.67,30,72,14,breakout_vortex,20,0.2,False,1.4,250.0,4.5,2.0,120.0,0.3
251,2396.44,1.161,24.3,2456.04,41.67,30,72,21,breakout_vortex,20,0.1,False,1.4,250.0,4.0,2.5,120.0,0.25
244,2370.61,1.161,22.54,2916.5,37.5,27,72,14,breakout_vortex,12,0.1,False,1.4,200.0,4.5,2.5,120.0,0.25
244,2370.61,1.161,22.54,2916.5,37.5,27,72,14,breakout_vortex,12,0.1,False,1.4,250.0,4.5,2.5,120.0,0.25
298,2351.19,1.161,22.48,1758.51,41.67,30,72,21,breakout_vortex,16,0.15,False,1.4,200.0,4.5,2.0,120.0,0.25
226,2453.85,1.16,21.24,2551.58,40.28,29,72,21,breakout_vortex,20,0.1,False,1.4,250.0,4.5,2.5,120.0,0.3
257,2424.09,1.16,24.9,2979.41,40.28,29,72,21,breakout_vortex,16,0.05,False,1.4,250.0,4.0,2.5,120.0,0.25
256,2402.07,1.159,25.0,3001.43,40.28,29,72,21,breakout_vortex,16,0.05,False,1.4,200.0,4.0,2.5,120.0,0.25
229,2386.97,1.159,22.27,3364.03,38.89,28,72,14,breakout_vortex,16,0.2,False,1.4,250.0,4.5,2.5,120.0,0.3
250,2374.42,1.159,24.4,2478.06,41.67,30,72,21,breakout_vortex,20,0.1,False,1.4,200.0,4.0,2.5,120.0,0.25
242,2428.17,1.158,26.45,1742.98,44.44,32,72,21,breakout_vortex,20,0.15,False,1.4,250.0,3.5,2.5,120.0,0.3
228,2371.54,1.158,22.81,2676.66,40.28,29,72,21,breakout_vortex,12,0.05,False,1.4,200.0,4.5,2.5,120.0,0.3
264,2344.86,1.158,25.38,2348.54,41.67,30,72,14,breakout_vortex,16,0.1,False,1.4,250.0,3.5,2.5,120.0,0.25
232,2341.49,1.158,26.72,1742.98,44.44,32,72,21,breakout_vortex,20,0.15,False,1.4,200.0,3.5,2.5,120.0,0.3
297,2312.29,1.158,23.57,1641.71,41.67,30,72,21,breakout_vortex,12,0.1,False,1.4,200.0,4.0,2.0,120.0,0.3
316,2489.29,1.156,27.22,1777.94,44.44,32,72,21,breakout_vortex,20,0.2,False,1.4,250.0,3.5,2.0,120.0,0.3
280,2437.76,1.155,27.14,1782.8,38.89,28,72,21,breakout_vortex,16,0.1,False,1.4,250.0,3.5,2.5,120.0,0.25
238,2317.14,1.155,25.21,2607.14,40.28,29,72,14,breakout_vortex,20,0.15,False,1.4,250.0,3.5,2.5,120.0,0.3
349,2379.27,1.154,22.64,1919.98,38.89,28,72,14,breakout_vortex,16,0.15,False,1.4,250.0,4.5,2.0,120.0,0.25
227,2292.38,1.154,23.35,3714.11,41.67,30,72,14,breakout_vortex,20,0.2,False,1.4,200.0,4.0,2.5,120.0,0.3
227,2292.38,1.154,23.35,3714.11,41.67,30,72,14,breakout_vortex,20,0.2,False,1.4,250.0,4.0,2.5,120.0,0.3
252,2266.65,1.154,23.81,3196.86,38.89,28,72,14,breakout_vortex,16,0.1,False,1.4,250.0,4.0,2.5,120.0,0.25
289,2270.78,1.153,21.8,1938.07,37.5,27,72,14,breakout_vortex,12,0.2,False,1.4,200.0,4.5,2.0,120.0,0.3
310,2255.28,1.153,21.29,1980.0,36.11,26,72,14,breakout_vortex,12,0.2,False,1.4,250.0,4.5,2.0,120.0,0.25
244,2244.9,1.152,22.54,3609.24,36.11,26,72,14,breakout_vortex,12,0.2,False,1.4,250.0,4.5,2.5,120.0,0.25
247,2199.84,1.152,23.08,3948.57,40.28,29,72,14,breakout_vortex,16,0.2,False,1.4,200.0,4.0,2.5,120.0,0.25
246,2360.29,1.151,26.42,1742.98,44.44,32,72,21,breakout_vortex,16,0.15,False,1.4,250.0,3.5,2.5,120.0,0.3
306,2261.11,1.151,22.22,1682.01,40.28,29,72,21,breakout_vortex,12,0.15,False,1.4,200.0,4.5,2.0,120.0,0.25
305,2255.2,1.151,22.3,1751.95,41.67,30,72,21,breakout_vortex,20,0.15,False,1.4,250.0,4.5,2.0,120.0,0.25
235,2227.19,1.151,25.11,2607.14,40.28,29,72,14,breakout_vortex,20,0.15,False,1.4,200.0,3.5,2.5,120.0,0.3
303,2235.31,1.15,22.77,3041.26,40.28,29,72,14,breakout_vortex,20,0.2,False,1.4,250.0,4.5,2.0,120.0,0.25
251,2224.28,1.15,25.9,1787.99,41.67,30,72,21,breakout_vortex,20,0.15,False,1.4,250.0,3.5,2.5,120.0,0.25
326,2214.79,1.15,26.38,1855.45,44.44,32,72,21,breakout_vortex,20,0.2,False,1.4,200.0,3.5,2.0,120.0,0.25
282,2257.53,1.149,23.05,2579.44,41.67,30,72,14,breakout_vortex,20,0.2,False,1.4,200.0,4.5,2.0,120.0,0.3
222,2246.93,1.149,22.07,2980.83,40.28,29,72,21,breakout_vortex,12,0.15,False,1.4,250.0,4.5,2.5,120.0,0.3
235,2157.91,1.149,22.98,3847.5,40.28,29,72,14,breakout_vortex,20,0.2,False,1.4,200.0,4.0,2.5,120.0,0.25
243,2315.59,1.148,25.51,3155.63,44.44,32,72,21,breakout_vortex,16,0.1,False,1.4,200.0,4.0,2.5,120.0,0.3
241,2083.14,1.148,24.48,2603.74,37.5,27,72,14,breakout_vortex,20,0.15,False,1.4,200.0,3.5,2.5,120.0,0.25
233,2180.82,1.147,25.32,2607.14,40.28,29,72,14,breakout_vortex,20,0.1,False,1.4,250.0,3.5,2.5,120.0,0.3
264,2173.65,1.147,27.27,1782.8,38.89,28,72,21,breakout_vortex,16,0.1,False,1.4,200.0,3.5,2.5,120.0,0.25
245,2067.16,1.147,25.31,2361.22,43.06,31,72,14,breakout_vortex,16,0.2,False,1.4,200.0,3.5,2.5,120.0,0.25
253,2239.85,1.146,22.13,3011.77,38.89,28,72,21,breakout_vortex,12,0.1,False,1.4,200.0,4.5,2.5,120.0,0.25
297,2140.52,1.146,23.23,3041.26,41.67,30,72,14,breakout_vortex,20,0.2,False,1.4,200.0,4.5,2.0,120.0,0.25
247,2080.94,1.146,25.51,1174.16,36.11,26,72,21,pure_vortex,16,0.15,False,1.4,200.0,3.5,2.5,120.0,0.25
247,2161.04,1.145,23.48,2567.03,37.5,27,72,21,breakout_vortex,20,0.05,False,1.4,250.0,4.0,2.5,120.0,0.25
246,2108.67,1.145,23.17,4039.74,40.28,29,72,14,breakout_vortex,16,0.2,False,1.4,250.0,4.0,2.5,120.0,0.25
217,2017.83,1.144,20.28,2275.01,34.72,25,72,14,pure_vortex,16,0.2,False,1.4,250.0,4.5,2.5,120.0,0.25
330,2192.28,1.143,21.52,2095.01,40.28,29,72,14,breakout_vortex,20,0.15,False,1.4,250.0,4.5,2.0,120.0,0.25
246,2139.01,1.143,23.58,2589.05,37.5,27,72,21,breakout_vortex,20,0.05,False,1.4,200.0,4.0,2.5,120.0,0.25
217,2123.76,1.143,22.12,2958.94,40.28,29,72,21,breakout_vortex,16,0.15,False,1.4,250.0,4.5,2.5,120.0,0.3
230,2090.88,1.143,25.22,2607.14,40.28,29,72,14,breakout_vortex,20,0.1,False,1.4,200.0,3.5,2.5,120.0,0.3
250,2073.2,1.143,24.4,2603.74,37.5,27,72,14,breakout_vortex,20,0.15,False,1.4,250.0,3.5,2.5,120.0,0.25
255,2141.44,1.142,25.88,1787.99,41.67,30,72,21,breakout_vortex,16,0.15,False,1.4,250.0,3.5,2.5,120.0,0.25
238,2087.6,1.142,21.85,2944.95,38.89,28,72,14,breakout_vortex,16,0.1,False,1.4,200.0,4.5,2.5,120.0,0.25
238,2087.6,1.142,21.85,2944.95,38.89,28,72,14,breakout_vortex,16,0.1,False,1.4,250.0,4.5,2.5,120.0,0.25
234,2071.44,1.142,23.08,3933.97,40.28,29,72,14,breakout_vortex,20,0.2,False,1.4,250.0,4.0,2.5,120.0,0.25
245,2065.29,1.142,24.49,2485.68,37.5,27,72,21,pure_vortex,16,0.2,False,1.4,250.0,4.0,2.5,120.0,0.25
362,2196.8,1.14,22.38,2165.02,38.89,28,72,14,breakout_vortex,12,0.05,False,1.4,250.0,4.5,2.0,120.0,0.25
236,2171.43,1.139,21.61,2998.74,37.5,27,72,21,breakout_vortex,16,0.05,False,1.4,200.0,4.5,2.5,120.0,0.3
345,2129.77,1.139,22.03,1915.37,38.89,28,72,14,breakout_vortex,16,0.1,False,1.4,250.0,4.5,2.0,120.0,0.25
240,2040.2,1.139,21.67,2931.57,38.89,28,72,14,breakout_vortex,16,0.05,False,1.4,200.0,4.5,2.5,120.0,0.25
240,2040.2,1.139,21.67,2931.57,38.89,28,72,14,breakout_vortex,16,0.05,False,1.4,250.0,4.5,2.5,120.0,0.25
242,2188.29,1.138,25.21,2475.28,38.89,28,72,21,breakout_vortex,12,0.2,False,1.4,250.0,3.5,2.5,120.0,0.3
258,2026.62,1.137,26.36,1782.8,37.5,27,72,21,breakout_vortex,20,0.1,False,1.4,200.0,3.5,2.5,120.0,0.25
262,1995.83,1.137,25.57,2365.82,43.06,31,72,14,breakout_vortex,12,0.1,False,1.4,200.0,3.5,2.5,120.0,0.25
230,2076.96,1.136,22.61,2668.13,38.89,28,72,21,breakout_vortex,12,0.05,False,1.4,250.0,4.5,2.5,120.0,0.3
240,2003.33,1.136,26.25,2348.92,40.28,29,72,14,breakout_vortex,16,0.15,False,1.4,200.0,3.5,2.5,120.0,0.3
239,1915.65,1.136,24.69,2611.0,40.28,29,72,14,breakout_vortex,20,0.1,False,1.4,200.0,3.5,2.5,120.0,0.25
307,1961.81,1.135,21.17,1980.0,36.11,26,72,14,breakout_vortex,12,0.2,False,1.4,200.0,4.5,2.0,120.0,0.25
51,552.73,1.135,27.45,1657.18,15.28,11,72,14,pure_vortex,16,0.1,True,1.4,200.0,4.0,2.0,120.0,0.3
51,552.73,1.135,27.45,1657.18,15.28,11,72,14,pure_vortex,16,0.1,True,1.4,250.0,4.0,2.0,120.0,0.3
237,1947.17,1.134,21.52,3603.21,36.11,26,72,14,breakout_vortex,16,0.2,False,1.4,200.0,4.5,2.5,120.0,0.25
243,2106.81,1.133,25.51,3155.63,44.44,32,72,21,breakout_vortex,16,0.1,False,1.4,250.0,4.0,2.5,120.0,0.3
300,2052.41,1.133,24.33,1419.44,44.44,32,72,21,breakout_vortex,20,0.15,False,1.4,200.0,4.0,2.0,120.0,0.3
342,1997.97,1.133,24.56,2145.37,38.89,28,72,14,pure_vortex,16,0.15,False,1.4,250.0,3.5,2.0,120.0,0.25
243,1912.54,1.133,25.51,1787.99,41.67,30,72,21,breakout_vortex,20,0.15,False,1.4,200.0,3.5,2.5,120.0,0.25
269,2032.54,1.132,26.39,1782.8,37.5,27,72,21,breakout_vortex,20,0.1,False,1.4,250.0,3.5,2.5,120.0,0.25
360,2012.58,1.132,24.44,1462.16,41.67,30,72,14,breakout_vortex,16,0.05,False,1.4,200.0,4.0,2.0,120.0,0.25
230,1900.59,1.132,23.48,3201.83,41.67,30,72,21,breakout_vortex,16,0.15,False,1.4,250.0,4.0,2.5,120.0,0.25
249,2074.73,1.131,26.51,1756.01,40.28,29,72,21,breakout_vortex,20,0.05,False,1.4,250.0,3.5,2.5,120.0,0.3
239,1982.2,1.131,24.27,2711.03,38.89,28,72,21,pure_vortex,16,0.2,False,1.4,250.0,4.0,2.5,120.0,0.3
217,1947.51,1.131,21.66,3392.39,37.5,27,72,14,breakout_vortex,20,0.2,False,1.4,200.0,4.5,2.5,120.0,0.3
248,1905.71,1.131,24.6,2603.74,40.28,29,72,14,breakout_vortex,20,0.1,False,1.4,250.0,3.5,2.5,120.0,0.25
325,2054.25,1.13,22.46,1879.25,41.67,30,72,14,breakout_vortex,16,0.15,False,1.4,250.0,4.5,2.0,120.0,0.3
226,1999.15,1.13,20.35,2908.29,37.5,27,72,14,breakout_vortex,20,0.05,False,1.4,200.0,4.5,2.5,120.0,0.3
323,2079.8,1.129,22.91,1479.15,41.67,30,72,21,breakout_vortex,12,0.05,False,1.4,250.0,4.0,2.0,120.0,0.3
299,1896.18,1.128,22.41,1751.95,41.67,30,72,21,breakout_vortex,20,0.15,False,1.4,200.0,4.5,2.0,120.0,0.25
237,1885.84,1.128,26.16,2373.95,43.06,31,72,14,breakout_vortex,12,0.2,False,1.4,200.0,3.5,2.5,120.0,0.3
255,1993.12,1.127,21.96,3258.5,38.89,28,72,21,breakout_vortex,12,0.1,False,1.4,250.0,4.5,2.5,120.0,0.25
337,1986.93,1.127,24.93,1962.59,43.06,31,72,14,breakout_vortex,16,0.15,False,1.4,200.0,4.0,2.0,120.0,0.3
248,1940.7,1.127,25.4,2356.68,41.67,30,72,14,breakout_vortex,16,0.2,False,1.4,250.0,3.5,2.5,120.0,0.3
251,1917.72,1.127,21.91,3056.75,37.5,27,72,14,breakout_vortex,12,0.15,False,1.4,250.0,4.5,2.5,120.0,0.25
241,1916.91,1.125,23.65,3762.15,38.89,28,72,14,breakout_vortex,12,0.2,False,1.4,200.0,4.0,2.5,120.0,0.3
241,1916.91,1.125,23.65,3762.15,38.89,28,72,14,breakout_vortex,12,0.2,False,1.4,250.0,4.0,2.5,120.0,0.3
346,2039.56,1.124,24.28,1481.05,43.06,31,72,14,breakout_vortex,16,0.05,False,1.4,250.0,4.0,2.0,120.0,0.3
225,1901.35,1.124,20.44,2831.83,37.5,27,72,21,breakout_vortex,20,0.05,False,1.4,200.0,4.5,2.5,120.0,0.3
317,1917.39,1.123,26.5,1510.66,38.89,28,72,21,pure_vortex,16,0.1,False,1.4,250.0,3.5,2.0,120.0,0.3
239,1809.7,1.123,21.34,3603.21,36.11,26,72,14,breakout_vortex,16,0.2,False,1.4,250.0,4.5,2.5,120.0,0.25
313,1789.16,1.123,22.68,2667.43,38.89,28,72,14,breakout_vortex,12,0.2,False,1.4,200.0,4.0,2.0,120.0,0.25
304,1742.61,1.123,20.72,2656.69,34.72,25,72,14,pure_vortex,16,0.2,False,1.4,250.0,4.5,2.0,120.0,0.25
312,1932.12,1.122,26.6,1773.34,44.44,32,72,21,breakout_vortex,16,0.2,False,1.4,200.0,3.5,2.0,120.0,0.3
246,1802.65,1.121,26.42,2360.44,41.67,30,72,14,breakout_vortex,12,0.1,False,1.4,200.0,3.5,2.5,120.0,0.3
228,1785.0,1.121,21.49,3046.37,34.72,25,72,21,breakout_vortex,12,0.15,False,1.4,200.0,4.5,2.5,120.0,0.25
228,1785.0,1.121,21.49,3046.37,34.72,25,72,21,breakout_vortex,12,0.15,False,1.4,250.0,4.5,2.5,120.0,0.25
238,1782.19,1.121,21.85,2755.64,37.5,27,72,21,breakout_vortex,12,0.05,False,1.4,200.0,4.5,2.5,120.0,0.25
316,1769.19,1.121,23.42,2858.08,40.28,29,72,14,breakout_vortex,16,0.2,False,1.4,200.0,4.0,2.0,120.0,0.25
239,1753.15,1.121,25.94,3020.34,41.67,30,72,21,breakout_vortex,16,0.2,False,1.4,200.0,3.5,2.5,120.0,0.25
221,1729.12,1.121,21.27,1773.0,31.94,23,72,21,pure_vortex,16,0.15,False,1.4,200.0,4.5,2.5,120.0,0.25
304,1818.87,1.119,23.03,1879.25,41.67,30,72,14,breakout_vortex,16,0.15,False,1.4,200.0,4.5,2.0,120.0,0.3
337,1782.85,1.119,22.85,1442.66,40.28,29,72,21,breakout_vortex,12,0.05,False,1.4,200.0,4.0,2.0,120.0,0.25
51,486.34,1.119,27.45,1688.01,15.28,11,72,14,pure_vortex,16,0.1,True,1.4,200.0,4.0,2.0,120.0,0.25
51,486.34,1.119,27.45,1688.01,15.28,11,72,14,pure_vortex,16,0.1,True,1.4,250.0,4.0,2.0,120.0,0.25
238,1876.85,1.118,21.43,2990.21,36.11,26,72,21,breakout_vortex,16,0.05,False,1.4,250.0,4.5,2.5,120.0,0.3
335,1842.84,1.118,24.18,1974.74,41.67,30,72,14,breakout_vortex,12,0.15,False,1.4,200.0,4.0,2.0,120.0,0.3
304,1833.98,1.118,23.36,2615.29,41.67,30,72,14,breakout_vortex,16,0.2,False,1.4,250.0,4.0,2.0,120.0,0.3
232,1801.22,1.118,22.41,2826.71,36.11,26,72,14,breakout_vortex,12,0.15,False,1.4,250.0,4.5,2.5,120.0,0.3
337,1873.42,1.117,24.63,1481.05,43.06,31,72,14,breakout_vortex,16,0.05,False,1.4,200.0,4.0,2.0,120.0,0.3
239,1780.2,1.117,23.85,3161.49,43.06,31,72,14,breakout_vortex,16,0.15,False,1.4,200.0,4.0,2.5,120.0,0.3
239,1780.2,1.117,23.85,3161.49,43.06,31,72,14,breakout_vortex,16,0.15,False,1.4,250.0,4.0,2.5,120.0,0.3
258,1731.79,1.117,24.81,2361.22,41.67,30,72,14,breakout_vortex,16,0.2,False,1.4,250.0,3.5,2.5,120.0,0.25
229,1696.99,1.117,20.96,3552.17,36.11,26,72,14,breakout_vortex,20,0.2,False,1.4,200.0,4.5,2.5,120.0,0.25
355,1865.01,1.116,22.82,1442.66,38.89,28,72,21,breakout_vortex,12,0.05,False,1.4,250.0,4.0,2.0,120.0,0.25
251,1715.07,1.116,25.9,1787.9,40.28,29,72,21,breakout_vortex,20,0.05,False,1.4,200.0,3.5,2.5,120.0,0.25
224,1662.1,1.115,20.98,1773.0,31.94,23,72,21,pure_vortex,16,0.15,False,1.4,250.0,4.5,2.5,120.0,0.25
309,1792.88,1.114,22.98,2598.15,40.28,29,72,14,breakout_vortex,12,0.2,False,1.4,250.0,4.0,2.0,120.0,0.3
252,1767.05,1.114,25.4,2343.16,40.28,29,72,14,breakout_vortex,16,0.1,False,1.4,250.0,3.5,2.5,120.0,0.3
254,1697.83,1.114,23.62,3955.68,37.5,27,72,14,breakout_vortex,12,0.2,False,1.4,200.0,4.0,2.5,120.0,0.25
309,1690.41,1.114,22.33,1730.31,37.5,27,72,21,pure_vortex,16,0.05,False,1.4,250.0,4.0,2.0,120.0,0.3
223,1665.82,1.114,21.52,3031.33,36.11,26,72,21,breakout_vortex,16,0.15,False,1.4,200.0,4.5,2.5,120.0,0.25
223,1665.82,1.114,21.52,3031.33,36.11,26,72,21,breakout_vortex,16,0.15,False,1.4,250.0,4.5,2.5,120.0,0.25
290,1608.86,1.113,26.55,1697.55,41.67,30,72,21,pure_vortex,16,0.1,False,1.4,200.0,3.5,2.0,120.0,0.3
306,1575.33,1.113,26.14,1814.14,40.28,29,72,21,pure_vortex,16,0.1,False,1.4,200.0,3.5,2.0,120.0,0.25
322,1779.16,1.112,21.74,1739.94,41.67,30,72,14,breakout_vortex,16,0.05,False,1.4,250.0,4.5,2.0,120.0,0.3
223,1692.04,1.112,21.08,3381.1,37.5,27,72,14,breakout_vortex,20,0.2,False,1.4,250.0,4.5,2.5,120.0,0.3
308,1744.6,1.111,26.3,1777.94,44.44,32,72,21,breakout_vortex,20,0.2,False,1.4,200.0,3.5,2.0,120.0,0.3
238,1743.14,1.111,23.95,2917.88,43.06,31,72,21,breakout_vortex,20,0.1,False,1.4,200.0,4.0,2.5,120.0,0.3
233,1722.12,1.11,22.75,2764.74,37.5,27,72,14,breakout_vortex,16,0.05,False,1.4,250.0,4.5,2.5,120.0,0.3
241,1632.22,1.11,21.58,2905.61,37.5,27,72,21,breakout_vortex,12,0.05,False,1.4,250.0,4.5,2.5,120.0,0.25
211,1519.63,1.11,24.17,2826.41,37.5,27,72,14,pure_vortex,16,0.2,False,1.4,250.0,4.0,2.5,120.0,0.25
322,1654.93,1.109,21.43,2007.12,38.89,28,72,21,breakout_vortex,16,0.1,False,1.4,250.0,4.5,2.0,120.0,0.25
246,1625.2,1.109,21.95,2907.48,36.11,26,72,14,breakout_vortex,12,0.05,False,1.4,200.0,4.5,2.5,120.0,0.25
246,1625.2,1.109,21.95,2907.48,36.11,26,72,14,breakout_vortex,12,0.05,False,1.4,250.0,4.5,2.5,120.0,0.25
245,1697.13,1.108,24.49,2902.35,40.28,29,72,21,breakout_vortex,12,0.1,False,1.4,200.0,4.0,2.5,120.0,0.3
263,1668.03,1.108,25.86,1787.9,40.28,29,72,21,breakout_vortex,20,0.05,False,1.4,250.0,3.5,2.5,120.0,0.25
253,1606.66,1.108,23.72,4046.85,37.5,27,72,14,breakout_vortex,12,0.2,False,1.4,250.0,4.0,2.5,120.0,0.25
241,1588.31,1.108,25.73,3062.37,38.89,28,72,21,breakout_vortex,12,0.2,False,1.4,200.0,3.5,2.5,120.0,0.25
241,1686.51,1.107,26.14,2980.0,41.67,30,72,21,breakout_vortex,20,0.2,False,1.4,250.0,3.5,2.5,120.0,0.3
367,1747.06,1.106,26.7,2069.22,44.44,32,72,14,breakout_vortex,16,0.15,False,1.4,250.0,3.5,2.0,120.0,0.3
316,1669.15,1.106,22.78,1660.16,40.28,29,72,21,breakout_vortex,12,0.1,False,1.4,250.0,4.0,2.0,120.0,0.3
271,1661.42,1.106,26.2,1787.9,40.28,29,72,21,breakout_vortex,16,0.05,False,1.4,250.0,3.5,2.5,120.0,0.25
238,1599.05,1.106,23.95,2711.03,38.89,28,72,21,pure_vortex,16,0.2,False,1.4,200.0,4.0,2.5,120.0,0.3
246,1688.88,1.105,26.02,2943.98,41.67,30,72,21,breakout_vortex,16,0.2,False,1.4,250.0,3.5,2.5,120.0,0.3
324,1623.8,1.105,23.77,2749.48,41.67,30,72,14,breakout_vortex,20,0.1,False,1.4,250.0,3.5,2.0,120.0,0.3
247,1658.4,1.104,24.7,3233.1,41.67,30,72,21,breakout_vortex,16,0.05,False,1.4,200.0,4.0,2.5,120.0,0.3
247,1658.4,1.104,24.7,3233.1,41.67,30,72,21,breakout_vortex,16,0.05,False,1.4,250.0,4.0,2.5,120.0,0.3
245,1590.64,1.104,26.94,2442.27,43.06,31,72,21,breakout_vortex,16,0.1,False,1.4,200.0,3.5,2.5,120.0,0.3
317,1581.99,1.104,20.5,2484.04,40.28,29,72,14,breakout_vortex,20,0.1,False,1.4,250.0,4.5,2.0,120.0,0.25
330,1537.03,1.104,23.33,1761.52,37.5,27,72,21,breakout_vortex,12,0.1,False,1.4,200.0,4.0,2.0,120.0,0.25
289,1672.51,1.103,26.99,1799.11,37.5,27,72,21,breakout_vortex,12,0.1,False,1.4,250.0,3.5,2.5,120.0,0.25
273,1574.96,1.103,24.91,2365.82,41.67,30,72,14,breakout_vortex,12,0.1,False,1.4,250.0,3.5,2.5,120.0,0.25
256,1524.55,1.103,26.56,2168.58,40.28,29,72,21,breakout_vortex,16,0.05,False,1.4,200.0,3.5,2.5,120.0,0.25
227,1606.77,1.102,20.26,2823.3,36.11,26,72,21,breakout_vortex,20,0.05,False,1.4,250.0,4.5,2.5,120.0,0.3
254,1482.53,1.102,25.59,2378.49,41.67,30,72,14,breakout_vortex,12,0.2,False,1.4,200.0,3.5,2.5,120.0,0.25
306,1563.0,1.101,22.22,1764.76,41.67,30,72,14,breakout_vortex,16,0.05,False,1.4,200.0,4.5,2.0,120.0,0.3
327,1546.18,1.101,22.32,2667.43,37.5,27,72,14,breakout_vortex,12,0.2,False,1.4,250.0,4.0,2.0,120.0,0.25
258,1527.05,1.101,23.64,3265.02,38.89,28,72,14,breakout_vortex,12,0.1,False,1.4,250.0,4.0,2.5,120.0,0.25
327,1521.16,1.101,25.99,1627.26,37.5,27,72,21,pure_vortex,16,0.1,False,1.4,250.0,3.5,2.0,120.0,0.25
246,1508.94,1.101,20.73,2970.28,38.89,28,72,14,breakout_vortex,16,0.15,False,1.4,250.0,4.5,2.5,120.0,0.25
318,1488.64,1.101,22.96,1527.55,41.67,30,72,21,breakout_vortex,16,0.15,False,1.4,200.0,4.0,2.0,120.0,0.25
257,1469.53,1.101,24.9,2354.3,40.28,29,72,14,breakout_vortex,16,0.15,False,1.4,200.0,3.5,2.5,120.0,0.25
226,1551.96,1.099,19.91,2899.76,36.11,26,72,14,breakout_vortex,20,0.05,False,1.4,250.0,4.5,2.5,120.0,0.3
230,1506.05,1.099,21.74,2781.31,36.11,26,72,14,breakout_vortex,16,0.15,False,1.4,250.0,4.5,2.5,120.0,0.3
337,1548.14,1.098,22.85,1717.89,40.28,29,72,21,breakout_vortex,16,0.15,False,1.4,250.0,4.0,2.0,120.0,0.25
217,1475.16,1.098,21.66,2994.97,40.28,29,72,21,breakout_vortex,20,0.15,False,1.4,250.0,4.5,2.5,120.0,0.3
243,1424.81,1.098,23.87,2743.01,37.5,27,72,21,pure_vortex,16,0.2,False,1.4,200.0,4.0,2.5,120.0,0.25
246,1467.74,1.097,25.61,3051.32,40.28,29,72,21,breakout_vortex,20,0.2,False,1.4,250.0,3.5,2.5,120.0,0.25
253,1449.12,1.097,22.92,3320.18,38.89,28,72,14,breakout_vortex,16,0.15,False,1.4,200.0,4.0,2.5,120.0,0.25
253,1449.12,1.097,22.92,3320.18,38.89,28,72,14,breakout_vortex,16,0.15,False,1.4,250.0,4.0,2.5,120.0,0.25
348,1578.77,1.096,23.85,1974.74,40.28,29,72,14,breakout_vortex,12,0.15,False,1.4,250.0,4.0,2.0,120.0,0.3
238,1534.36,1.096,23.95,2917.88,43.06,31,72,21,breakout_vortex,20,0.1,False,1.4,250.0,4.0,2.5,120.0,0.3
351,1516.7,1.096,22.22,1932.41,36.11,26,72,14,breakout_vortex,12,0.15,False,1.4,250.0,4.5,2.0,120.0,0.25
250,1491.8,1.096,25.6,3020.34,40.28,29,72,21,breakout_vortex,16,0.2,False,1.4,250.0,3.5,2.5,120.0,0.25
283,1376.64,1.096,20.14,1811.46,38.89,28,72,21,pure_vortex,16,0.05,False,1.4,200.0,4.5,2.0,120.0,0.3
351,1559.56,1.095,24.5,1962.72,41.67,30,72,14,breakout_vortex,16,0.15,False,1.4,250.0,4.0,2.0,120.0,0.3
266,1489.46,1.095,25.56,1804.21,38.89,28,72,21,breakout_vortex,12,0.05,False,1.4,250.0,3.5,2.5,120.0,0.25
245,1488.34,1.094,24.49,2902.35,40.28,29,72,21,breakout_vortex,12,0.1,False,1.4,250.0,4.0,2.5,120.0,0.3
247,1459.59,1.094,25.51,1742.98,41.67,30,72,21,breakout_vortex,12,0.15,False,1.4,200.0,3.5,2.5,120.0,0.3
323,1361.11,1.094,22.91,1787.13,38.89,28,72,21,breakout_vortex,16,0.1,False,1.4,200.0,4.0,2.0,120.0,0.25
234,1379.17,1.093,20.51,3552.17,36.11,26,72,14,breakout_vortex,20,0.2,False,1.4,250.0,4.5,2.5,120.0,0.25
323,1308.55,1.093,24.15,2145.37,40.28,29,72,14,pure_vortex,16,0.15,False,1.4,200.0,3.5,2.0,120.0,0.25
273,1408.4,1.092,27.11,1799.11,37.5,27,72,21,breakout_vortex,12,0.1,False,1.4,200.0,3.5,2.5,120.0,0.25
251,1352.59,1.092,25.9,2142.46,38.89,28,72,21,breakout_vortex,12,0.05,False,1.4,200.0,3.5,2.5,120.0,0.25
210,1261.6,1.092,23.81,2826.41,37.5,27,72,14,pure_vortex,16,0.2,False,1.4,200.0,4.0,2.5,120.0,0.25
329,1401.0,1.091,23.1,2858.08,38.89,28,72,14,breakout_vortex,16,0.2,False,1.4,250.0,4.0,2.0,120.0,0.25
353,1417.65,1.09,26.63,2069.22,45.83,33,72,14,breakout_vortex,16,0.15,False,1.4,200.0,3.5,2.0,120.0,0.3
230,1311.86,1.09,23.04,3232.81,40.28,29,72,21,breakout_vortex,20,0.15,False,1.4,250.0,4.0,2.5,120.0,0.25
298,1245.99,1.09,19.8,1808.99,36.11,26,72,21,pure_vortex,16,0.05,False,1.4,200.0,4.5,2.0,120.0,0.25
258,1456.15,1.089,26.74,2002.91,38.89,28,72,21,breakout_vortex,16,0.05,False,1.4,250.0,3.5,2.5,120.0,0.3
254,1392.49,1.089,25.2,2348.92,38.89,28,72,14,breakout_vortex,16,0.15,False,1.4,250.0,3.5,2.5,120.0,0.3
384,1362.76,1.088,26.56,2207.07,43.06,31,72,14,breakout_vortex,16,0.15,False,1.4,200.0,3.5,2.0,120.0,0.25
285,1273.1,1.088,20.0,1915.0,38.89,28,72,21,pure_vortex,16,0.05,False,1.4,250.0,4.5,2.0,120.0,0.3
367,1471.5,1.086,23.71,1494.05,40.28,29,72,14,breakout_vortex,12,0.05,False,1.4,250.0,4.0,2.0,120.0,0.3
320,1359.26,1.086,21.25,1968.68,40.28,29,72,14,breakout_vortex,16,0.1,False,1.4,250.0,4.5,2.0,120.0,0.3
328,1334.35,1.086,24.09,2473.88,41.67,30,72,14,breakout_vortex,16,0.1,False,1.4,200.0,4.0,2.0,120.0,0.3
247,1299.35,1.086,25.91,2366.2,38.89,28,72,14,breakout_vortex,12,0.15,False,1.4,200.0,3.5,2.5,120.0,0.3
237,1294.73,1.086,25.32,3112.94,41.67,30,72,14,breakout_vortex,20,0.2,False,1.4,250.0,3.5,2.5,120.0,0.3
301,1211.01,1.086,20.27,2656.69,34.72,25,72,14,pure_vortex,16,0.2,False,1.4,200.0,4.5,2.0,120.0,0.25
252,1326.96,1.085,25.4,3062.37,37.5,27,72,21,breakout_vortex,12,0.2,False,1.4,250.0,3.5,2.5,120.0,0.25
366,1385.82,1.084,26.23,2126.09,41.67,30,72,14,breakout_vortex,12,0.15,False,1.4,250.0,3.5,2.0,120.0,0.3
289,1278.94,1.084,20.76,2059.53,41.67,30,72,14,breakout_vortex,20,0.15,False,1.4,200.0,4.5,2.0,120.0,0.3
240,1230.28,1.084,25.42,3051.32,40.28,29,72,21,breakout_vortex,20,0.2,False,1.4,200.0,3.5,2.5,120.0,0.25
249,1320.67,1.083,26.1,2311.62,41.67,30,72,21,breakout_vortex,20,0.1,False,1.4,250.0,3.5,2.5,120.0,0.3
254,1233.92,1.083,24.8,1787.99,40.28,29,72,21,breakout_vortex,12,0.15,False,1.4,200.0,3.5,2.5,120.0,0.25
346,1288.09,1.082,21.68,2065.97,36.11,26,72,14,breakout_vortex,12,0.1,False,1.4,250.0,4.5,2.0,120.0,0.25
256,1213.45,1.081,24.22,3111.69,36.11,26,72,21,breakout_vortex,12,0.05,False,1.4,250.0,4.0,2.5,120.0,0.25
234,1204.79,1.081,25.21,3112.94,41.67,30,72,14,breakout_vortex,20,0.2,False,1.4,200.0,3.5,2.5,120.0,0.3
354,1263.97,1.08,26.27,2126.09,43.06,31,72,14,breakout_vortex,12,0.15,False,1.4,200.0,3.5,2.0,120.0,0.3
307,1231.76,1.08,21.82,2222.55,40.28,29,72,14,breakout_vortex,16,0.1,False,1.4,200.0,4.5,2.0,120.0,0.3
75,488.79,1.08,26.67,2405.24,25.0,18,72,14,pure_vortex,16,0.2,True,1.4,200.0,3.5,2.0,120.0,0.25
239,1118.78,1.079,25.1,3172.06,40.28,29,72,14,breakout_vortex,20,0.2,False,1.4,200.0,3.5,2.5,120.0,0.25
75,486.65,1.079,26.67,2415.57,25.0,18,72,14,pure_vortex,16,0.2,True,1.4,200.0,3.5,2.0,120.0,0.3
355,1247.01,1.078,21.41,1667.42,38.89,28,72,21,breakout_vortex,16,0.05,False,1.4,250.0,4.5,2.0,120.0,0.25
308,1240.59,1.078,24.35,3037.87,38.89,28,72,14,breakout_vortex,20,0.2,False,1.4,200.0,4.0,2.0,120.0,0.3
252,1220.8,1.078,25.0,2373.95,40.28,29,72,14,breakout_vortex,12,0.2,False,1.4,250.0,3.5,2.5,120.0,0.3
387,1211.09,1.078,26.1,2256.76,43.06,31,72,14,breakout_vortex,12,0.15,False,1.4,200.0,3.5,2.0,120.0,0.25
240,1199.38,1.078,25.83,2353.1,41.67,30,72,21,breakout_vortex,20,0.1,False,1.4,200.0,3.5,2.5,120.0,0.3
266,1201.82,1.077,24.06,3506.1,38.89,28,72,21,breakout_vortex,12,0.1,False,1.4,250.0,4.0,2.5,120.0,0.25
329,1122.57,1.076,21.58,1903.62,36.11,26,72,21,pure_vortex,16,0.05,False,1.4,250.0,4.0,2.0,120.0,0.25
217,1039.8,1.076,19.35,1931.93,34.72,25,72,21,pure_vortex,16,0.05,False,1.4,200.0,4.5,2.5,120.0,0.25
217,1039.8,1.076,19.35,1931.93,34.72,25,72,21,pure_vortex,16,0.05,False,1.4,250.0,4.5,2.5,120.0,0.25
260,1182.09,1.075,25.38,2360.44,40.28,29,72,14,breakout_vortex,12,0.1,False,1.4,250.0,3.5,2.5,120.0,0.3
343,1173.59,1.075,22.74,1887.92,37.5,27,72,21,breakout_vortex,16,0.1,False,1.4,250.0,4.0,2.0,120.0,0.25
267,1135.93,1.075,25.09,2378.49,40.28,29,72,14,breakout_vortex,12,0.2,False,1.4,250.0,3.5,2.5,120.0,0.25
259,1215.06,1.074,26.64,2399.03,41.67,30,72,21,breakout_vortex,16,0.1,False,1.4,250.0,3.5,2.5,120.0,0.3
237,1165.15,1.074,22.78,2925.9,34.72,25,72,14,breakout_vortex,12,0.05,False,1.4,250.0,4.5,2.5,120.0,0.3
330,1151.58,1.074,20.61,2055.3,41.67,30,72,14,breakout_vortex,20,0.05,False,1.4,250.0,4.5,2.0,120.0,0.25
242,1148.87,1.074,23.97,3160.49,40.28,29,72,14,breakout_vortex,12,0.15,False,1.4,200.0,4.0,2.5,120.0,0.3
242,1148.87,1.074,23.97,3160.49,40.28,29,72,14,breakout_vortex,12,0.15,False,1.4,250.0,4.0,2.5,120.0,0.3
270,1134.16,1.074,24.44,2354.3,38.89,28,72,14,breakout_vortex,16,0.15,False,1.4,250.0,3.5,2.5,120.0,0.25
258,1193.62,1.073,25.19,1742.98,40.28,29,72,21,breakout_vortex,12,0.15,False,1.4,250.0,3.5,2.5,120.0,0.3
216,1091.03,1.073,19.91,2630.52,31.94,23,72,21,pure_vortex,16,0.2,False,1.4,200.0,4.5,2.5,120.0,0.3
216,1091.03,1.073,19.91,2630.52,31.94,23,72,21,pure_vortex,16,0.2,False,1.4,250.0,4.5,2.5,120.0,0.3
249,1070.16,1.073,24.9,3097.78,38.89,28,72,14,breakout_vortex,20,0.2,False,1.4,250.0,3.5,2.5,120.0,0.25
239,1137.69,1.072,23.01,2995.35,40.28,29,72,21,breakout_vortex,20,0.05,False,1.4,200.0,4.0,2.5,120.0,0.3
239,1137.69,1.072,23.01,2995.35,40.28,29,72,21,breakout_vortex,20,0.05,False,1.4,250.0,4.0,2.5,120.0,0.3
329,1117.32,1.072,21.28,2018.33,38.89,28,72,21,breakout_vortex,20,0.1,False,1.4,250.0,4.5,2.0,120.0,0.25
358,1161.94,1.07,24.02,1494.05,40.28,29,72,14,breakout_vortex,12,0.05,False,1.4,200.0,4.0,2.0,120.0,0.3
332,1091.87,1.07,22.89,1586.7,40.28,29,72,21,breakout_vortex,20,0.15,False,1.4,250.0,4.0,2.0,120.0,0.25
223,1027.6,1.07,21.08,3062.31,34.72,25,72,21,breakout_vortex,20,0.15,False,1.4,200.0,4.5,2.5,120.0,0.25
223,1027.6,1.07,21.08,3062.31,34.72,25,72,21,breakout_vortex,20,0.15,False,1.4,250.0,4.5,2.5,120.0,0.25
363,1096.31,1.069,21.49,2165.02,37.5,27,72,14,breakout_vortex,12,0.05,False,1.4,200.0,4.5,2.0,120.0,0.25
254,1107.38,1.068,25.98,2041.5,37.5,27,72,21,breakout_vortex,12,0.05,False,1.4,250.0,3.5,2.5,120.0,0.3
364,1054.59,1.068,23.9,2100.91,40.28,29,72,14,breakout_vortex,16,0.15,False,1.4,200.0,4.0,2.0,120.0,0.25
330,1053.29,1.067,23.94,2568.76,38.89,28,72,14,breakout_vortex,12,0.1,False,1.4,200.0,4.0,2.0,120.0,0.3
267,1046.84,1.066,24.72,1787.99,38.89,28,72,21,breakout_vortex,12,0.15,False,1.4,250.0,3.5,2.5,120.0,0.25
325,997.68,1.066,23.08,1743.59,33.33,24,72,21,pure_vortex,16,0.1,False,1.4,250.0,4.0,2.0,120.0,0.25
306,981.33,1.066,21.9,1730.31,37.5,27,72,21,pure_vortex,16,0.05,False,1.4,200.0,4.0,2.0,120.0,0.3
325,1058.38,1.065,21.85,1891.4,37.5,27,72,14,breakout_vortex,12,0.15,False,1.4,250.0,4.5,2.0,120.0,0.3
320,978.8,1.064,23.44,3229.27,37.5,27,72,14,breakout_vortex,20,0.2,False,1.4,200.0,4.0,2.0,120.0,0.25
316,938.9,1.063,19.3,2240.05,34.72,25,72,14,pure_vortex,16,0.15,False,1.4,250.0,4.5,2.0,120.0,0.25
240,968.72,1.062,25.83,2311.98,38.89,28,72,21,breakout_vortex,20,0.05,False,1.4,200.0,3.5,2.5,120.0,0.3
330,963.14,1.062,23.64,2255.6,43.06,31,72,14,pure_vortex,16,0.05,False,1.4,200.0,3.5,2.0,120.0,0.3
312,968.4,1.061,23.08,1811.7,41.67,30,72,21,breakout_vortex,12,0.15,False,1.4,200.0,4.0,2.0,120.0,0.3
245,953.71,1.061,26.53,2951.14,38.89,28,72,21,breakout_vortex,16,0.05,False,1.4,200.0,3.5,2.5,120.0,0.3
76,376.87,1.061,26.32,2405.24,25.0,18,72,14,pure_vortex,16,0.2,True,1.4,250.0,3.5,2.0,120.0,0.25
303,859.59,1.06,19.47,2195.39,34.72,25,72,21,pure_vortex,16,0.05,False,1.4,250.0,4.5,2.0,120.0,0.25
76,374.73,1.06,26.32,2415.57,25.0,18,72,14,pure_vortex,16,0.2,True,1.4,250.0,3.5,2.0,120.0,0.3
331,999.89,1.059,22.96,1695.14,40.28,29,72,21,breakout_vortex,12,0.15,False,1.4,250.0,4.0,2.0,120.0,0.3
375,966.14,1.059,22.67,1518.25,36.11,26,72,21,breakout_vortex,16,0.05,False,1.4,250.0,4.0,2.0,120.0,0.25
246,926.14,1.058,25.2,2963.15,38.89,28,72,21,breakout_vortex,12,0.05,False,1.4,200.0,4.0,2.5,120.0,0.3
246,926.14,1.058,25.2,2963.15,38.89,28,72,21,breakout_vortex,12,0.05,False,1.4,250.0,4.0,2.5,120.0,0.3
341,940.53,1.057,23.75,2486.36,40.28,29,72,14,breakout_vortex,16,0.1,False,1.4,250.0,4.0,2.0,120.0,0.3
346,884.98,1.057,21.39,1710.39,40.28,29,72,14,breakout_vortex,16,0.05,False,1.4,200.0,4.5,2.0,120.0,0.25
354,880.59,1.057,22.6,1429.62,37.5,27,72,21,breakout_vortex,16,0.05,False,1.4,200.0,4.0,2.0,120.0,0.25
325,916.09,1.056,25.85,2029.11,41.67,30,72,21,breakout_vortex,16,0.15,False,1.4,250.0,3.5,2.0,120.0,0.3
359,857.52,1.056,23.68,2119.03,38.89,28,72,14,breakout_vortex,16,0.1,False,1.4,200.0,4.0,2.0,120.0,0.25
241,842.59,1.056,22.41,3217.94,40.28,29,72,21,breakout_vortex,12,0.15,False,1.4,250.0,4.0,2.5,120.0,0.25
229,807.6,1.055,20.09,2675.92,29.17,21,72,21,pure_vortex,16,0.2,False,1.4,200.0,4.5,2.5,120.0,0.25
229,807.6,1.055,20.09,2675.92,29.17,21,72,21,pure_vortex,16,0.2,False,1.4,250.0,4.5,2.5,120.0,0.25
302,801.6,1.055,23.51,2459.71,41.67,30,72,14,pure_vortex,16,0.1,False,1.4,200.0,3.5,2.0,120.0,0.3
298,821.02,1.054,19.46,2208.69,34.72,25,72,14,pure_vortex,16,0.15,False,1.4,250.0,4.5,2.0,120.0,0.3
299,812.79,1.054,21.74,2367.47,40.28,29,72,14,pure_vortex,16,0.1,False,1.4,250.0,4.0,2.0,120.0,0.3
407,892.16,1.053,26.29,2207.07,40.28,29,72,14,breakout_vortex,16,0.15,False,1.4,250.0,3.5,2.0,120.0,0.25
327,848.22,1.053,21.71,2440.97,38.89,28,72,14,pure_vortex,16,0.15,False,1.4,250.0,4.0,2.0,120.0,0.3
370,826.81,1.053,23.51,2147.74,38.89,28,72,14,breakout_vortex,12,0.15,False,1.4,200.0,4.0,2.0,120.0,0.25
248,823.06,1.053,25.81,2372.81,38.89,28,72,21,breakout_vortex,12,0.1,False,1.4,200.0,3.5,2.5,120.0,0.3
352,815.62,1.053,23.58,2455.87,38.89,28,72,14,pure_vortex,16,0.05,False,1.4,200.0,3.5,2.0,120.0,0.25
313,769.25,1.053,24.28,1752.55,43.06,31,72,21,pure_vortex,16,0.05,False,1.4,200.0,3.5,2.0,120.0,0.3
381,862.98,1.052,23.88,1462.16,38.89,28,72,14,breakout_vortex,16,0.05,False,1.4,250.0,4.0,2.0,120.0,0.25
317,792.61,1.052,21.77,2440.97,40.28,29,72,14,pure_vortex,16,0.15,False,1.4,200.0,4.0,2.0,120.0,0.3
218,783.26,1.052,20.64,1823.61,33.33,24,72,21,pure_vortex,16,0.15,False,1.4,200.0,4.5,2.5,120.0,0.3
218,783.26,1.052,20.64,1823.61,33.33,24,72,21,pure_vortex,16,0.15,False,1.4,250.0,4.5,2.5,120.0,0.3
329,792.06,1.05,23.4,3229.27,36.11,26,72,14,breakout_vortex,20,0.2,False,1.4,250.0,4.0,2.0,120.0,0.25
315,785.67,1.05,22.86,1713.21,33.33,24,72,21,pure_vortex,16,0.1,False,1.4,250.0,4.0,2.0,120.0,0.3
205,716.39,1.05,22.93,2762.73,38.89,28,72,14,pure_vortex,16,0.2,False,1.4,250.0,4.0,2.5,120.0,0.3
336,766.38,1.049,20.54,1984.08,38.89,28,72,21,breakout_vortex,20,0.05,False,1.4,250.0,4.5,2.0,120.0,0.25
349,757.51,1.049,21.49,1919.98,37.5,27,72,14,breakout_vortex,16,0.15,False,1.4,200.0,4.5,2.0,120.0,0.25
344,756.09,1.049,21.22,2311.84,37.5,27,72,14,pure_vortex,16,0.15,False,1.4,250.0,4.0,2.0,120.0,0.25
257,740.95,1.049,22.96,3367.99,37.5,27,72,14,breakout_vortex,12,0.15,False,1.4,200.0,4.0,2.5,120.0,0.25
257,740.95,1.049,22.96,3367.99,37.5,27,72,14,breakout_vortex,12,0.15,False,1.4,250.0,4.0,2.5,120.0,0.25
339,764.13,1.048,23.6,2459.86,41.67,30,72,14,pure_vortex,16,0.15,False,1.4,250.0,3.5,2.0,120.0,0.3
265,714.49,1.048,24.53,2371.58,38.89,28,72,14,breakout_vortex,12,0.15,False,1.4,200.0,3.5,2.5,120.0,0.25
343,789.22,1.047,23.62,2592.33,37.5,27,72,14,breakout_vortex,12,0.1,False,1.4,250.0,4.0,2.0,120.0,0.3
343,760.25,1.047,24.78,3032.8,41.67,30,72,14,breakout_vortex,20,0.15,False,1.4,250.0,3.5,2.0,120.0,0.3
320,757.55,1.047,25.62,2160.12,41.67,30,72,21,breakout_vortex,20,0.15,False,1.4,250.0,3.5,2.0,120.0,0.3
344,689.33,1.046,23.84,1964.52,37.5,27,72,21,pure_vortex,16,0.05,False,1.4,250.0,3.5,2.0,120.0,0.25
334,686.52,1.046,21.26,2311.84,38.89,28,72,14,pure_vortex,16,0.15,False,1.4,200.0,4.0,2.0,120.0,0.25
290,671.56,1.046,21.72,2943.68,38.89,28,72,21,breakout_vortex,16,0.1,False,1.4,200.0,4.0,2.0,120.0,0.3
346,708.41,1.043,22.25,1758.02,36.11,26,72,21,breakout_vortex,12,0.15,False,1.4,250.0,4.0,2.0,120.0,0.25
377,686.41,1.042,23.61,2100.91,38.89,28,72,14,breakout_vortex,16,0.15,False,1.4,250.0,4.0,2.0,120.0,0.25
261,678.79,1.042,24.9,2366.2,37.5,27,72,14,breakout_vortex,12,0.15,False,1.4,250.0,3.5,2.5,120.0,0.3
362,651.8,1.042,23.48,2176.42,37.5,27,72,14,breakout_vortex,12,0.1,False,1.4,200.0,4.0,2.0,120.0,0.25
327,647.75,1.042,22.32,1802.73,37.5,27,72,21,breakout_vortex,12,0.15,False,1.4,200.0,4.0,2.0,120.0,0.25
317,686.19,1.041,23.66,3073.47,37.5,27,72,14,breakout_vortex,20,0.2,False,1.4,250.0,4.0,2.0,120.0,0.3
341,662.06,1.04,25.51,2839.86,43.06,31,72,14,breakout_vortex,16,0.2,False,1.4,250.0,3.5,2.0,120.0,0.3
389,659.62,1.04,23.65,1475.29,38.89,28,72,14,breakout_vortex,12,0.05,False,1.4,200.0,4.0,2.0,120.0,0.25
241,604.93,1.039,25.73,2989.73,37.5,27,72,21,breakout_vortex,12,0.05,False,1.4,200.0,3.5,2.5,120.0,0.3
216,553.41,1.039,19.91,3051.68,33.33,24,72,14,pure_vortex,16,0.2,False,1.4,200.0,4.5,2.5,120.0,0.25
265,600.78,1.038,24.53,3528.13,38.89,28,72,21,breakout_vortex,12,0.1,False,1.4,200.0,4.0,2.5,120.0,0.25
332,595.41,1.038,20.48,2281.96,38.89,28,72,14,breakout_vortex,20,0.15,False,1.4,200.0,4.5,2.0,120.0,0.25
309,596.16,1.037,20.39,2127.72,40.28,29,72,14,breakout_vortex,20,0.15,False,1.4,250.0,4.5,2.0,120.0,0.3
384,569.9,1.035,23.18,2147.74,37.5,27,72,14,breakout_vortex,12,0.15,False,1.4,250.0,4.0,2.0,120.0,0.25
322,532.7,1.035,22.36,1586.7,40.28,29,72,21,breakout_vortex,20,0.15,False,1.4,200.0,4.0,2.0,120.0,0.25
283,502.02,1.034,20.14,2796.89,34.72,25,72,14,pure_vortex,16,0.2,False,1.4,250.0,4.5,2.0,120.0,0.3
407,555.44,1.033,25.8,2256.76,40.28,29,72,14,breakout_vortex,12,0.15,False,1.4,250.0,3.5,2.0,120.0,0.25
345,509.14,1.033,20.87,1915.37,37.5,27,72,14,breakout_vortex,16,0.1,False,1.4,200.0,4.5,2.0,120.0,0.25
316,503.04,1.033,22.78,2961.09,41.67,30,72,14,breakout_vortex,20,0.1,False,1.4,200.0,3.5,2.0,120.0,0.3
355,513.67,1.032,25.07,3694.78,38.89,28,72,14,breakout_vortex,20,0.2,False,1.4,250.0,3.5,2.0,120.0,0.25
327,501.46,1.032,23.55,2797.61,40.28,29,72,14,breakout_vortex,20,0.05,False,1.4,250.0,3.5,2.0,120.0,0.3
320,491.27,1.03,25.31,2029.11,41.67,30,72,21,breakout_vortex,16,0.15,False,1.4,200.0,3.5,2.0,120.0,0.3
306,454.1,1.029,21.57,2995.93,37.5,27,72,21,breakout_vortex,16,0.1,False,1.4,250.0,4.0,2.0,120.0,0.3
234,448.74,1.029,22.65,1939.99,36.11,26,72,21,pure_vortex,16,0.15,False,1.4,200.0,4.0,2.5,120.0,0.3
326,413.5,1.028,21.17,1903.62,36.11,26,72,21,pure_vortex,16,0.05,False,1.4,200.0,4.0,2.0,120.0,0.25
313,407.29,1.028,18.85,2240.05,34.72,25,72,14,pure_vortex,16,0.15,False,1.4,200.0,4.5,2.0,120.0,0.25
262,447.49,1.027,25.57,2329.57,37.5,27,72,21,breakout_vortex,12,0.1,False,1.4,250.0,3.5,2.5,120.0,0.3
316,380.31,1.026,20.89,2297.62,38.89,28,72,14,pure_vortex,16,0.1,False,1.4,250.0,4.0,2.0,120.0,0.25
317,393.15,1.025,23.66,2459.71,38.89,28,72,14,pure_vortex,16,0.1,False,1.4,250.0,3.5,2.0,120.0,0.3
321,391.52,1.025,20.56,2546.41,33.33,24,72,21,breakout_vortex,12,0.1,False,1.4,250.0,4.5,2.0,120.0,0.25
257,382.79,1.025,24.12,3133.71,34.72,25,72,21,breakout_vortex,12,0.05,False,1.4,200.0,4.0,2.5,120.0,0.25
358,387.69,1.024,24.86,2924.87,40.28,29,72,14,breakout_vortex,16,0.2,False,1.4,250.0,3.5,2.0,120.0,0.25
278,367.89,1.023,24.1,2371.58,37.5,27,72,14,breakout_vortex,12,0.15,False,1.4,250.0,3.5,2.5,120.0,0.25
237,359.48,1.023,22.36,1939.99,36.11,26,72,21,pure_vortex,16,0.15,False,1.4,250.0,4.0,2.5,120.0,0.3
295,329.05,1.022,21.36,2367.47,40.28,29,72,14,pure_vortex,16,0.1,False,1.4,200.0,4.0,2.0,120.0,0.3
353,342.6,1.021,22.66,1837.93,34.72,25,72,21,breakout_vortex,12,0.1,False,1.4,250.0,4.0,2.0,120.0,0.25
315,332.73,1.021,25.08,2160.12,41.67,30,72,21,breakout_vortex,20,0.15,False,1.4,200.0,3.5,2.0,120.0,0.3
331,317.78,1.02,24.47,2884.83,40.28,29,72,21,breakout_vortex,16,0.1,False,1.4,250.0,3.5,2.0,120.0,0.3
359,322.51,1.019,25.07,2383.06,40.28,29,72,21,breakout_vortex,12,0.1,False,1.4,250.0,3.5,2.0,120.0,0.3
344,314.25,1.019,25.29,3622.7,38.89,28,72,14,breakout_vortex,20,0.2,False,1.4,250.0,3.5,2.0,120.0,0.3
404,307.42,1.018,23.27,1475.29,37.5,27,72,14,breakout_vortex,12,0.05,False,1.4,250.0,4.0,2.0,120.0,0.25
341,268.86,1.018,23.46,1964.52,37.5,27,72,21,pure_vortex,16,0.05,False,1.4,200.0,3.5,2.0,120.0,0.25
341,276.62,1.017,20.82,1752.94,38.89,28,72,14,breakout_vortex,12,0.05,False,1.4,250.0,4.5,2.0,120.0,0.3
213,234.43,1.017,24.88,2970.02,38.89,28,72,14,pure_vortex,16,0.2,False,1.4,200.0,3.5,2.5,120.0,0.25
330,263.97,1.016,23.94,2917.5,40.28,29,72,21,breakout_vortex,16,0.05,False,1.4,250.0,3.5,2.0,120.0,0.3
322,236.95,1.015,20.5,1980.83,37.5,27,72,14,breakout_vortex,12,0.1,False,1.4,250.0,4.5,2.0,120.0,0.3
316,227.96,1.015,24.68,2872.35,41.67,30,72,21,breakout_vortex,16,0.1,False,1.4,200.0,3.5,2.0,120.0,0.3
202,219.63,1.015,22.28,3001.45,38.89,28,72,14,pure_vortex,16,0.2,False,1.4,200.0,4.0,2.5,120.0,0.3
227,218.91,1.015,24.67,2960.06,37.5,27,72,14,pure_vortex,16,0.2,False,1.4,250.0,3.5,2.5,120.0,0.25
207,190.91,1.014,24.64,2898.46,41.67,30,72,14,pure_vortex,16,0.2,False,1.4,200.0,3.5,2.5,120.0,0.3
343,212.78,1.013,24.78,2895.65,40.28,29,72,14,breakout_vortex,12,0.2,False,1.4,250.0,3.5,2.0,120.0,0.3
348,209.99,1.013,22.41,1700.01,34.72,25,72,21,breakout_vortex,20,0.1,False,1.4,250.0,4.0,2.0,120.0,0.25
252,197.71,1.013,21.43,1499.83,33.33,24,72,14,pure_vortex,16,0.05,False,1.4,200.0,4.0,2.5,120.0,0.3
252,197.71,1.013,21.43,1499.83,33.33,24,72,14,pure_vortex,16,0.05,False,1.4,250.0,4.0,2.5,120.0,0.3
381,189.63,1.012,27.03,1896.67,43.06,31,72,14,breakout_vortex,16,0.05,False,1.4,200.0,3.5,2.0,120.0,0.25
325,180.32,1.012,22.46,2405.57,38.89,28,72,14,pure_vortex,16,0.1,False,1.4,200.0,3.5,2.0,120.0,0.25
215,165.42,1.011,24.65,2898.46,40.28,29,72,14,pure_vortex,16,0.2,False,1.4,250.0,3.5,2.5,120.0,0.3
322,155.99,1.01,20.81,3007.2,36.11,26,72,21,breakout_vortex,16,0.05,False,1.4,250.0,4.0,2.0,120.0,0.3
342,152.18,1.01,25.15,2315.16,41.67,30,72,21,breakout_vortex,12,0.1,False,1.4,200.0,3.5,2.0,120.0,0.3
296,149.12,1.01,19.59,1855.58,33.33,24,72,21,pure_vortex,16,0.1,False,1.4,200.0,4.5,2.0,120.0,0.25
296,149.12,1.01,19.59,1855.58,33.33,24,72,21,pure_vortex,16,0.1,False,1.4,250.0,4.5,2.0,120.0,0.25
309,146.68,1.01,23.95,2905.01,41.67,30,72,21,breakout_vortex,16,0.05,False,1.4,200.0,3.5,2.0,120.0,0.3
324,145.87,1.01,23.15,2459.86,43.06,31,72,14,pure_vortex,16,0.15,False,1.4,200.0,3.5,2.0,120.0,0.3
386,151.86,1.009,23.32,2815.17,37.5,27,72,14,breakout_vortex,20,0.1,False,1.4,250.0,3.5,2.0,120.0,0.25
355,134.24,1.008,21.97,2589.67,34.72,25,72,14,breakout_vortex,20,0.15,False,1.4,250.0,4.0,2.0,120.0,0.25
350,126.79,1.008,22.29,2501.9,37.5,27,72,14,pure_vortex,16,0.2,False,1.4,250.0,4.0,2.0,120.0,0.25
326,119.94,1.008,23.62,2142.85,40.28,29,72,21,pure_vortex,16,0.05,False,1.4,250.0,3.5,2.0,120.0,0.3
337,116.98,1.008,22.85,2405.57,37.5,27,72,14,pure_vortex,16,0.1,False,1.4,250.0,3.5,2.0,120.0,0.25
309,110.34,1.008,20.71,2297.62,38.89,28,72,14,pure_vortex,16,0.1,False,1.4,200.0,4.0,2.0,120.0,0.25
295,109.78,1.007,19.32,2208.69,34.72,25,72,14,pure_vortex,16,0.15,False,1.4,200.0,4.5,2.0,120.0,0.3
401,113.84,1.006,26.68,1896.67,41.67,30,72,14,breakout_vortex,16,0.05,False,1.4,250.0,3.5,2.0,120.0,0.25
305,95.12,1.006,20.66,2933.49,37.5,27,72,21,breakout_vortex,16,0.05,False,1.4,200.0,4.0,2.0,120.0,0.3
357,75.93,1.005,21.85,1654.35,33.33,24,72,21,breakout_vortex,20,0.05,False,1.4,250.0,4.0,2.0,120.0,0.25
336,69.7,1.004,23.51,3010.13,40.28,29,72,21,breakout_vortex,20,0.05,False,1.4,250.0,3.5,2.0,120.0,0.3
354,65.84,1.004,20.9,2175.37,33.33,24,72,21,breakout_vortex,12,0.05,False,1.4,250.0,4.5,2.0,120.0,0.25
324,58.87,1.004,20.37,2237.5,37.5,27,72,21,breakout_vortex,16,0.1,False,1.4,200.0,4.5,2.0,120.0,0.25
315,32.16,1.002,22.54,1931.68,34.72,25,72,21,pure_vortex,16,0.1,False,1.4,200.0,4.0,2.0,120.0,0.25
247,22.37,1.001,22.27,1889.38,34.72,25,72,21,pure_vortex,16,0.15,False,1.4,200.0,4.0,2.5,120.0,0.25
247,22.37,1.001,22.27,1889.38,34.72,25,72,21,pure_vortex,16,0.15,False,1.4,250.0,4.0,2.5,120.0,0.25
349,21.59,1.001,21.78,2589.67,34.72,25,72,14,breakout_vortex,20,0.15,False,1.4,200.0,4.0,2.0,120.0,0.25
422,17.07,1.001,25.12,2026.5,41.67,30,72,14,breakout_vortex,12,0.05,False,1.4,250.0,3.5,2.0,120.0,0.25
326,5.18,1.0,20.86,2102.83,37.5,27,72,14,pure_vortex,16,0.05,False,1.4,250.0,4.0,2.0,120.0,0.3
305,2.16,1.0,20.33,2532.3,40.28,29,72,21,breakout_vortex,16,0.05,False,1.4,200.0,4.5,2.0,120.0,0.3
340,-5.54,1.0,25.29,2648.09,41.67,30,72,21,breakout_vortex,16,0.15,False,1.4,250.0,3.5,2.0,120.0,0.25
385,-6.37,1.0,23.9,3131.48,37.5,27,72,14,breakout_vortex,20,0.15,False,1.4,250.0,3.5,2.0,120.0,0.25
347,-11.85,0.999,25.07,2572.08,43.06,31,72,14,breakout_vortex,16,0.1,False,1.4,200.0,3.5,2.0,120.0,0.3
319,-13.75,0.999,19.44,2716.41,38.89,28,72,14,breakout_vortex,20,0.1,False,1.4,200.0,4.5,2.0,120.0,0.25
297,-18.15,0.999,18.86,2073.81,34.72,25,72,14,pure_vortex,16,0.1,False,1.4,250.0,4.5,2.0,120.0,0.3
360,-19.24,0.999,24.17,2973.67,40.28,29,72,14,breakout_vortex,12,0.2,False,1.4,250.0,3.5,2.0,120.0,0.25
336,-29.18,0.998,25.0,2839.86,43.06,31,72,14,breakout_vortex,16,0.2,False,1.4,200.0,3.5,2.0,120.0,0.3
280,-29.59,0.998,19.64,2796.89,34.72,25,72,14,pure_vortex,16,0.2,False,1.4,200.0,4.5,2.0,120.0,0.3
285,-49.16,0.997,19.3,2221.86,31.94,23,72,21,pure_vortex,16,0.1,False,1.4,200.0,4.5,2.0,120.0,0.3
285,-49.16,0.997,19.3,2221.86,31.94,23,72,21,pure_vortex,16,0.1,False,1.4,250.0,4.5,2.0,120.0,0.3
320,-49.58,0.997,21.56,1891.4,36.11,26,72,14,breakout_vortex,12,0.15,False,1.4,200.0,4.5,2.0,120.0,0.3
357,-53.13,0.997,24.93,2635.13,40.28,29,72,14,breakout_vortex,12,0.1,False,1.4,200.0,3.5,2.0,120.0,0.3
340,-63.81,0.996,22.06,1700.01,34.72,25,72,21,breakout_vortex,20,0.1,False,1.4,200.0,4.0,2.0,120.0,0.25
303,-70.57,0.996,20.13,2632.26,40.28,29,72,21,breakout_vortex,16,0.1,False,1.4,250.0,4.5,2.0,120.0,0.3
264,-74.2,0.995,20.83,1593.94,33.33,24,72,14,pure_vortex,16,0.05,False,1.4,200.0,4.0,2.5,120.0,0.25
199,-85.42,0.994,18.59,1988.94,33.33,24,72,21,pure_vortex,16,0.05,False,1.4,200.0,4.5,2.5,120.0,0.3
199,-85.42,0.994,18.59,1988.94,33.33,24,72,21,pure_vortex,16,0.05,False,1.4,250.0,4.5,2.5,120.0,0.3
301,-91.28,0.994,22.26,1871.63,34.72,25,72,21,pure_vortex,16,0.1,False,1.4,200.0,4.0,2.0,120.0,0.3
352,-100.38,0.994,21.31,1839.71,34.72,25,72,14,breakout_vortex,20,0.05,False,1.4,250.0,4.0,2.0,120.0,0.25
200,-97.57,0.993,19.5,2828.72,34.72,25,72,14,pure_vortex,16,0.2,False,1.4,200.0,4.5,2.5,120.0,0.3
351,-104.35,0.993,21.08,2322.98,34.72,25,72,14,breakout_vortex,12,0.15,False,1.4,200.0,4.5,2.0,120.0,0.25
51,-32.89,0.992,27.45,1761.75,15.28,11,72,14,pure_vortex,16,0.1,True,1.4,200.0,3.5,2.0,120.0,0.3
51,-32.89,0.992,27.45,1761.75,15.28,11,72,14,pure_vortex,16,0.1,True,1.4,250.0,3.5,2.0,120.0,0.3
345,-128.49,0.992,21.16,1839.71,34.72,25,72,14,breakout_vortex,20,0.05,False,1.4,200.0,4.0,2.0,120.0,0.25
308,-142.7,0.991,20.13,2931.38,34.72,25,72,14,breakout_vortex,20,0.1,False,1.4,250.0,4.0,2.0,120.0,0.3
395,-147.71,0.991,24.05,2434.13,38.89,28,72,14,breakout_vortex,20,0.05,False,1.4,250.0,3.5,2.0,120.0,0.25
337,-148.89,0.991,24.04,3032.8,41.67,30,72,14,breakout_vortex,20,0.15,False,1.4,200.0,3.5,2.0,120.0,0.3
291,-161.03,0.99,19.24,2653.12,40.28,29,72,14,breakout_vortex,20,0.1,False,1.4,200.0,4.5,2.0,120.0,0.3
368,-166.9,0.989,23.91,3131.48,38.89,28,72,14,breakout_vortex,20,0.15,False,1.4,200.0,3.5,2.0,120.0,0.25
354,-170.66,0.989,25.99,2507.82,41.67,30,72,21,breakout_vortex,16,0.05,False,1.4,200.0,3.5,2.0,120.0,0.25
401,-194.01,0.989,25.44,2368.42,38.89,28,72,14,breakout_vortex,16,0.1,False,1.4,250.0,3.5,2.0,120.0,0.25
379,-208.55,0.988,23.22,2127.34,36.11,26,72,14,breakout_vortex,16,0.1,False,1.4,250.0,4.0,2.0,120.0,0.25
339,-213.73,0.987,24.48,2895.65,40.28,29,72,14,breakout_vortex,12,0.2,False,1.4,200.0,3.5,2.0,120.0,0.3
398,-214.55,0.987,25.38,1971.21,43.06,31,72,14,breakout_vortex,12,0.05,False,1.4,200.0,3.5,2.0,120.0,0.25
335,-218.51,0.986,24.78,2715.37,41.67,30,72,21,breakout_vortex,20,0.15,False,1.4,250.0,3.5,2.0,120.0,0.25
367,-220.28,0.986,23.16,3026.77,38.89,28,72,14,breakout_vortex,20,0.1,False,1.4,200.0,3.5,2.0,120.0,0.25
340,-229.04,0.986,20.88,1861.1,37.5,27,72,14,breakout_vortex,12,0.05,False,1.4,200.0,4.5,2.0,120.0,0.3
343,-229.42,0.986,23.03,2255.6,38.89,28,72,14,pure_vortex,16,0.05,False,1.4,250.0,3.5,2.0,120.0,0.3
319,-249.0,0.985,20.69,2761.63,34.72,25,72,21,breakout_vortex,20,0.05,False,1.4,250.0,4.0,2.0,120.0,0.3
268,-238.69,0.984,20.52,1593.94,33.33,24,72,14,pure_vortex,16,0.05,False,1.4,250.0,4.0,2.5,120.0,0.25
368,-254.24,0.984,24.18,2800.29,36.11,26,72,14,pure_vortex,16,0.2,False,1.4,250.0,3.5,2.0,120.0,0.25
330,-271.5,0.984,21.82,2440.54,36.11,26,72,14,breakout_vortex,20,0.15,False,1.4,250.0,4.0,2.0,120.0,0.3
302,-255.36,0.983,19.87,2931.38,34.72,25,72,14,breakout_vortex,20,0.1,False,1.4,200.0,4.0,2.0,120.0,0.3
355,-279.68,0.983,20.56,2039.19,36.11,26,72,14,pure_vortex,16,0.05,False,1.4,250.0,4.0,2.0,120.0,0.25
345,-290.02,0.983,25.51,2359.64,40.28,29,72,21,breakout_vortex,12,0.15,False,1.4,250.0,3.5,2.0,120.0,0.3
318,-273.15,0.982,18.24,1989.31,34.72,25,72,14,pure_vortex,16,0.1,False,1.4,250.0,4.5,2.0,120.0,0.25
383,-308.45,0.982,22.98,2220.21,34.72,25,72,14,breakout_vortex,12,0.1,False,1.4,250.0,4.0,2.0,120.0,0.25
293,-294.34,0.981,20.48,2533.73,40.28,29,72,21,breakout_vortex,16,0.1,False,1.4,200.0,4.5,2.0,120.0,0.3
336,-294.43,0.981,25.0,2648.09,41.67,30,72,21,breakout_vortex,16,0.15,False,1.4,200.0,3.5,2.0,120.0,0.25
353,-303.55,0.981,24.36,2924.87,40.28,29,72,14,breakout_vortex,16,0.2,False,1.4,200.0,3.5,2.0,120.0,0.25
357,-325.65,0.981,26.05,2021.62,43.06,31,72,14,breakout_vortex,16,0.05,False,1.4,200.0,3.5,2.0,120.0,0.3
373,-333.28,0.981,25.2,2572.08,40.28,29,72,14,breakout_vortex,16,0.1,False,1.4,250.0,3.5,2.0,120.0,0.3
389,-356.39,0.981,24.68,2081.81,38.89,28,72,14,breakout_vortex,12,0.05,False,1.4,250.0,3.5,2.0,120.0,0.3
320,-327.7,0.979,22.81,3009.22,40.28,29,72,14,breakout_vortex,20,0.05,False,1.4,200.0,3.5,2.0,120.0,0.3
346,-331.83,0.979,20.52,2584.64,34.72,25,72,14,breakout_vortex,12,0.1,False,1.4,200.0,4.5,2.0,120.0,0.25
370,-340.61,0.979,24.05,2645.74,40.28,29,72,14,breakout_vortex,20,0.05,False,1.4,200.0,3.5,2.0,120.0,0.25
51,-89.67,0.978,27.45,1788.05,13.89,10,72,14,pure_vortex,16,0.1,True,1.4,200.0,3.5,2.0,120.0,0.25
51,-89.67,0.978,27.45,1788.05,13.89,10,72,14,pure_vortex,16,0.1,True,1.4,250.0,3.5,2.0,120.0,0.25
339,-321.86,0.978,22.12,2694.5,38.89,28,72,14,pure_vortex,16,0.2,False,1.4,200.0,4.0,2.0,120.0,0.25
319,-343.87,0.978,20.69,2102.83,37.5,27,72,14,pure_vortex,16,0.05,False,1.4,200.0,4.0,2.0,120.0,0.3
323,-350.6,0.978,21.67,2406.99,36.11,26,72,14,breakout_vortex,20,0.15,False,1.4,200.0,4.0,2.0,120.0,0.3
205,-338.5,0.977,19.02,3069.65,33.33,24,72,14,pure_vortex,16,0.2,False,1.4,250.0,4.5,2.5,120.0,0.3
355,-378.71,0.977,20.28,1870.61,37.5,27,72,21,breakout_vortex,16,0.05,False,1.4,200.0,4.5,2.0,120.0,0.25
320,-383.22,0.976,21.88,2842.27,38.89,28,72,14,pure_vortex,16,0.2,False,1.4,250.0,4.0,2.0,120.0,0.3
388,-390.0,0.976,25.52,2368.42,40.28,29,72,14,breakout_vortex,16,0.1,False,1.4,200.0,3.5,2.0,120.0,0.25
349,-395.48,0.975,24.36,3694.78,38.89,28,72,14,breakout_vortex,20,0.2,False,1.4,200.0,3.5,2.0,120.0,0.25
376,-454.64,0.975,25.53,2425.83,40.28,29,72,21,breakout_vortex,12,0.05,False,1.4,250.0,3.5,2.0,120.0,0.3
310,-398.26,0.973,18.06,1989.31,34.72,25,72,14,pure_vortex,16,0.1,False,1.4,200.0,4.5,2.0,120.0,0.25
340,-432.34,0.973,20.88,2995.33,33.33,24,72,14,breakout_vortex,20,0.1,False,1.4,250.0,4.0,2.0,120.0,0.25
332,-442.76,0.972,19.58,2286.28,40.28,29,72,14,breakout_vortex,20,0.05,False,1.4,200.0,4.5,2.0,120.0,0.25
356,-445.74,0.972,23.88,2973.67,40.28,29,72,14,breakout_vortex,12,0.2,False,1.4,200.0,3.5,2.0,120.0,0.25
310,-448.34,0.972,21.29,2763.07,34.72,25,72,21,breakout_vortex,20,0.1,False,1.4,250.0,4.0,2.0,120.0,0.3
393,-463.57,0.972,25.45,2418.5,40.28,29,72,14,breakout_vortex,12,0.1,False,1.4,200.0,3.5,2.0,120.0,0.25
321,-472.11,0.972,19.63,2622.07,38.89,28,72,21,breakout_vortex,16,0.05,False,1.4,250.0,4.5,2.0,120.0,0.3
406,-490.58,0.972,25.12,2418.5,38.89,28,72,14,breakout_vortex,12,0.1,False,1.4,250.0,3.5,2.0,120.0,0.25
365,-482.02,0.971,22.74,2455.87,36.11,26,72,14,pure_vortex,16,0.05,False,1.4,250.0,3.5,2.0,120.0,0.25
351,-490.26,0.971,25.64,2413.35,41.67,30,72,21,breakout_vortex,12,0.05,False,1.4,200.0,3.5,2.0,120.0,0.3
348,-476.2,0.97,21.26,1654.35,33.33,24,72,21,breakout_vortex,20,0.05,False,1.4,200.0,4.0,2.0,120.0,0.25
331,-478.12,0.969,20.24,2150.55,37.5,27,72,21,breakout_vortex,20,0.1,False,1.4,200.0,4.5,2.0,120.0,0.25
335,-512.51,0.968,23.58,2976.25,38.89,28,72,21,breakout_vortex,20,0.1,False,1.4,250.0,3.5,2.0,120.0,0.3
380,-566.22,0.968,25.0,2635.13,37.5,27,72,14,breakout_vortex,12,0.1,False,1.4,250.0,3.5,2.0,120.0,0.3
331,-507.4,0.967,24.47,2715.37,41.67,30,72,21,breakout_vortex,20,0.15,False,1.4,200.0,3.5,2.0,120.0,0.25
303,-545.52,0.966,18.81,2653.12,38.89,28,72,14,breakout_vortex,20,0.1,False,1.4,250.0,4.5,2.0,120.0,0.3
381,-559.41,0.966,24.15,2673.29,37.5,27,72,21,breakout_vortex,20,0.05,False,1.4,250.0,3.5,2.0,120.0,0.25
358,-540.71,0.965,24.3,2673.29,38.89,28,72,21,breakout_vortex,20,0.05,False,1.4,200.0,3.5,2.0,120.0,0.25
334,-544.99,0.965,20.66,2995.33,33.33,24,72,14,breakout_vortex,20,0.1,False,1.4,200.0,4.0,2.0,120.0,0.25
299,-557.82,0.965,19.73,2728.8,36.11,26,72,21,breakout_vortex,12,0.1,False,1.4,250.0,4.5,2.0,120.0,0.3
355,-578.42,0.965,25.07,2701.78,40.28,29,72,21,breakout_vortex,12,0.15,False,1.4,250.0,3.5,2.0,120.0,0.25
338,-594.89,0.964,24.56,3622.7,38.89,28,72,14,breakout_vortex,20,0.2,False,1.4,200.0,3.5,2.0,120.0,0.3
364,-563.79,0.963,23.9,2800.29,36.11,26,72,14,pure_vortex,16,0.2,False,1.4,200.0,3.5,2.0,120.0,0.25
354,-583.53,0.963,25.42,2588.53,40.28,29,72,21,breakout_vortex,16,0.1,False,1.4,200.0,3.5,2.0,120.0,0.25
300,-603.98,0.962,19.67,2672.83,38.89,28,72,21,breakout_vortex,20,0.05,False,1.4,200.0,4.5,2.0,120.0,0.3
374,-621.65,0.962,24.87,2588.53,38.89,28,72,21,breakout_vortex,16,0.1,False,1.4,250.0,3.5,2.0,120.0,0.25
263,-592.1,0.961,23.19,2319.34,31.94,23,72,21,pure_vortex,16,0.1,False,1.4,250.0,3.5,2.5,120.0,0.25
324,-660.21,0.958,22.84,3010.13,40.28,29,72,21,breakout_vortex,20,0.05,False,1.4,200.0,3.5,2.0,120.0,0.3
340,-714.84,0.958,25.0,2359.64,40.28,29,72,21,breakout_vortex,12,0.15,False,1.4,200.0,3.5,2.0,120.0,0.3
365,-723.61,0.958,24.66,2081.81,40.28,29,72,14,breakout_vortex,12,0.05,False,1.4,200.0,3.5,2.0,120.0,0.3
311,-652.98,0.957,21.86,2842.27,40.28,29,72,14,pure_vortex,16,0.2,False,1.4,200.0,4.0,2.0,120.0,0.3
232,-655.87,0.957,21.55,2276.49,34.72,25,72,14,pure_vortex,16,0.1,False,1.4,200.0,4.0,2.5,120.0,0.3
254,-707.05,0.956,23.23,2483.56,33.33,24,72,21,pure_vortex,16,0.1,False,1.4,250.0,3.5,2.5,120.0,0.3
324,-736.26,0.955,20.37,2326.15,36.11,26,72,14,breakout_vortex,12,0.1,False,1.4,200.0,4.5,2.0,120.0,0.3
386,-773.69,0.955,25.13,2507.82,38.89,28,72,21,breakout_vortex,16,0.05,False,1.4,250.0,3.5,2.0,120.0,0.25
344,-713.29,0.954,20.06,2039.19,36.11,26,72,14,pure_vortex,16,0.05,False,1.4,200.0,4.0,2.0,120.0,0.25
302,-722.13,0.953,20.86,2763.07,34.72,25,72,21,breakout_vortex,20,0.1,False,1.4,200.0,4.0,2.0,120.0,0.3
294,-731.67,0.952,18.71,2073.81,34.72,25,72,14,pure_vortex,16,0.1,False,1.4,200.0,4.5,2.0,120.0,0.3
372,-793.03,0.952,26.08,2648.31,40.28,29,72,21,breakout_vortex,12,0.05,False,1.4,200.0,3.5,2.0,120.0,0.25
396,-861.55,0.952,25.76,2648.31,38.89,28,72,21,breakout_vortex,12,0.05,False,1.4,250.0,3.5,2.0,120.0,0.25
310,-801.13,0.949,20.0,2761.63,34.72,25,72,21,breakout_vortex,20,0.05,False,1.4,200.0,4.0,2.0,120.0,0.3
382,-938.68,0.949,25.92,2214.62,40.28,29,72,14,breakout_vortex,16,0.05,False,1.4,250.0,3.5,2.0,120.0,0.3
255,-783.04,0.948,22.75,2407.46,33.33,24,72,14,pure_vortex,16,0.1,False,1.4,200.0,4.0,2.5,120.0,0.25
338,-827.96,0.948,19.53,2100.49,37.5,27,72,21,breakout_vortex,20,0.05,False,1.4,200.0,4.5,2.0,120.0,0.25
374,-855.56,0.947,24.06,2693.92,38.89,28,72,21,breakout_vortex,20,0.1,False,1.4,250.0,3.5,2.0,120.0,0.25
351,-867.31,0.947,24.79,2701.78,40.28,29,72,21,breakout_vortex,12,0.15,False,1.4,200.0,3.5,2.0,120.0,0.25
259,-859.79,0.943,23.17,2000.17,33.33,24,72,21,pure_vortex,16,0.1,False,1.4,200.0,3.5,2.5,120.0,0.25
257,-880.12,0.942,22.57,2504.54,33.33,24,72,14,pure_vortex,16,0.1,False,1.4,250.0,4.0,2.5,120.0,0.25
235,-822.44,0.941,21.28,2206.03,33.33,24,72,21,pure_vortex,16,0.05,False,1.4,250.0,3.5,2.5,120.0,0.25
235,-919.11,0.941,22.13,2301.89,34.72,25,72,14,pure_vortex,16,0.1,False,1.4,250.0,4.0,2.5,120.0,0.3
314,-956.28,0.941,19.75,2972.24,33.33,24,72,14,breakout_vortex,20,0.05,False,1.4,250.0,4.0,2.0,120.0,0.3
390,-1007.34,0.941,25.13,2561.54,36.11,26,72,21,breakout_vortex,12,0.1,False,1.4,250.0,3.5,2.0,120.0,0.25
297,-983.52,0.939,18.86,2660.82,38.89,28,72,14,breakout_vortex,20,0.05,False,1.4,200.0,4.5,2.0,120.0,0.3
250,-974.74,0.938,23.2,2164.38,34.72,25,72,21,pure_vortex,16,0.1,False,1.4,200.0,3.5,2.5,120.0,0.3
307,-984.39,0.937,19.54,2972.24,33.33,24,72,14,breakout_vortex,20,0.05,False,1.4,200.0,4.0,2.0,120.0,0.3
232,-1016.0,0.936,19.83,2459.92,34.72,25,72,14,pure_vortex,16,0.1,False,1.4,200.0,4.5,2.5,120.0,0.3
309,-1067.72,0.935,19.74,2451.64,37.5,27,72,21,breakout_vortex,20,0.1,False,1.4,250.0,4.5,2.0,120.0,0.3
316,-1087.0,0.935,18.99,2462.13,37.5,27,72,21,breakout_vortex,20,0.05,False,1.4,250.0,4.5,2.0,120.0,0.3
341,-1072.65,0.934,23.75,3155.78,36.11,26,72,14,pure_vortex,16,0.2,False,1.4,250.0,3.5,2.0,120.0,0.3
298,-1076.49,0.933,19.46,2728.8,36.11,26,72,21,breakout_vortex,12,0.1,False,1.4,200.0,4.5,2.0,120.0,0.3
252,-1062.07,0.932,20.63,2343.49,31.94,23,72,14,pure_vortex,16,0.1,False,1.4,200.0,4.5,2.5,120.0,0.25
252,-1062.07,0.932,20.63,2343.49,31.94,23,72,14,pure_vortex,16,0.1,False,1.4,250.0,4.5,2.5,120.0,0.25
320,-1148.45,0.932,19.06,2755.08,34.72,25,72,21,breakout_vortex,12,0.05,False,1.4,250.0,4.5,2.0,120.0,0.3
375,-1134.26,0.931,25.33,2561.54,37.5,27,72,21,breakout_vortex,12,0.1,False,1.4,200.0,3.5,2.0,120.0,0.25
330,-1130.06,0.929,23.03,2976.25,38.89,28,72,21,breakout_vortex,20,0.1,False,1.4,200.0,3.5,2.0,120.0,0.3
215,-1089.68,0.924,21.4,2231.43,34.72,25,72,21,pure_vortex,16,0.05,False,1.4,250.0,3.5,2.5,120.0,0.3
323,-1204.54,0.924,19.5,2776.79,31.94,23,72,21,breakout_vortex,12,0.1,False,1.4,200.0,4.5,2.0,120.0,0.25
247,-1175.5,0.923,18.22,2059.54,29.17,21,72,14,pure_vortex,16,0.05,False,1.4,200.0,4.5,2.5,120.0,0.25
247,-1175.5,0.923,18.22,2059.54,29.17,21,72,14,pure_vortex,16,0.05,False,1.4,250.0,4.5,2.5,120.0,0.25
233,-1214.68,0.923,18.45,2112.96,30.56,22,72,14,pure_vortex,16,0.05,False,1.4,200.0,4.5,2.5,120.0,0.3
233,-1214.68,0.923,18.45,2112.96,30.56,22,72,14,pure_vortex,16,0.05,False,1.4,250.0,4.5,2.5,120.0,0.3
299,-1291.49,0.92,20.07,2353.12,37.5,27,72,21,breakout_vortex,20,0.1,False,1.4,200.0,4.5,2.0,120.0,0.3
364,-1308.07,0.918,23.9,2693.92,38.89,28,72,21,breakout_vortex,20,0.1,False,1.4,200.0,3.5,2.0,120.0,0.25
309,-1368.02,0.918,18.45,2660.82,37.5,27,72,14,breakout_vortex,20,0.05,False,1.4,250.0,4.5,2.0,120.0,0.3
336,-1370.72,0.915,17.56,2426.19,33.33,24,72,14,pure_vortex,16,0.05,False,1.4,250.0,4.5,2.0,120.0,0.25
318,-1418.29,0.915,17.92,2431.15,33.33,24,72,14,pure_vortex,16,0.05,False,1.4,250.0,4.5,2.0,120.0,0.3
337,-1382.21,0.913,23.44,3155.78,36.11,26,72,14,pure_vortex,16,0.2,False,1.4,200.0,3.5,2.0,120.0,0.3
229,-1254.06,0.911,19.21,2068.42,30.56,22,72,21,pure_vortex,16,0.05,False,1.4,200.0,4.0,2.5,120.0,0.25
235,-1425.77,0.911,19.57,2459.92,33.33,24,72,14,pure_vortex,16,0.1,False,1.4,250.0,4.5,2.5,120.0,0.3
354,-1564.32,0.906,19.77,2416.38,31.94,23,72,21,breakout_vortex,12,0.05,False,1.4,200.0,4.5,2.0,120.0,0.25
231,-1378.82,0.904,19.05,2068.42,30.56,22,72,21,pure_vortex,16,0.05,False,1.4,250.0,4.0,2.5,120.0,0.25
319,-1667.12,0.901,18.81,2755.08,34.72,25,72,21,breakout_vortex,12,0.05,False,1.4,200.0,4.5,2.0,120.0,0.3
234,-1409.31,0.9,20.94,2206.03,33.33,24,72,21,pure_vortex,16,0.05,False,1.4,200.0,3.5,2.5,120.0,0.25
208,-1507.61,0.895,19.23,2113.7,33.33,24,72,21,pure_vortex,16,0.05,False,1.4,200.0,4.0,2.5,120.0,0.3
306,-1781.55,0.889,17.65,2431.15,33.33,24,72,14,pure_vortex,16,0.05,False,1.4,200.0,4.5,2.0,120.0,0.3
324,-1733.99,0.888,17.28,2426.19,33.33,24,72,14,pure_vortex,16,0.05,False,1.4,200.0,4.5,2.0,120.0,0.25
211,-1662.55,0.886,18.96,2140.22,33.33,24,72,21,pure_vortex,16,0.05,False,1.4,250.0,4.0,2.5,120.0,0.3
214,-1676.54,0.883,21.03,2231.43,34.72,25,72,21,pure_vortex,16,0.05,False,1.4,200.0,3.5,2.5,120.0,0.3
238,-2119.28,0.867,21.01,2265.52,36.11,26,72,14,pure_vortex,16,0.15,False,1.4,200.0,4.0,2.5,120.0,0.3
241,-2066.17,0.863,21.99,2454.16,33.33,24,72,14,pure_vortex,16,0.15,False,1.4,200.0,4.0,2.5,120.0,0.25
243,-2286.43,0.857,21.4,2244.0,30.56,22,72,21,pure_vortex,16,0.1,False,1.4,200.0,4.0,2.5,120.0,0.3
244,-2320.17,0.856,21.31,2255.34,30.56,22,72,21,pure_vortex,16,0.1,False,1.4,250.0,4.0,2.5,120.0,0.3
252,-2260.09,0.854,21.43,2386.21,30.56,22,72,21,pure_vortex,16,0.1,False,1.4,200.0,4.0,2.5,120.0,0.25
254,-2362.8,0.853,22.83,2896.72,34.72,25,72,14,pure_vortex,16,0.1,False,1.4,250.0,3.5,2.5,120.0,0.3
223,-2292.29,0.852,19.28,2431.16,27.78,20,72,21,pure_vortex,16,0.1,False,1.4,200.0,4.5,2.5,120.0,0.3
223,-2292.29,0.852,19.28,2431.16,27.78,20,72,21,pure_vortex,16,0.1,False,1.4,250.0,4.5,2.5,120.0,0.3
242,-2333.74,0.85,23.14,2859.94,36.11,26,72,14,pure_vortex,16,0.15,False,1.4,200.0,3.5,2.5,120.0,0.3
250,-2431.74,0.848,21.2,3153.73,30.56,22,72,14,pure_vortex,16,0.05,False,1.4,200.0,3.5,2.5,120.0,0.3
247,-2344.47,0.847,21.46,2732.46,33.33,24,72,14,pure_vortex,16,0.15,False,1.4,250.0,4.0,2.5,120.0,0.25
261,-2536.32,0.846,21.84,3153.73,30.56,22,72,14,pure_vortex,16,0.05,False,1.4,250.0,3.5,2.5,120.0,0.3
256,-2413.43,0.845,21.09,2539.56,30.56,22,72,21,pure_vortex,16,0.1,False,1.4,250.0,4.0,2.5,120.0,0.25
251,-2549.58,0.841,22.31,2896.72,34.72,25,72,14,pure_vortex,16,0.1,False,1.4,200.0,3.5,2.5,120.0,0.3
245,-2500.68,0.84,19.59,2640.23,31.94,23,72,14,pure_vortex,16,0.15,False,1.4,200.0,4.5,2.5,120.0,0.25
245,-2500.68,0.84,19.59,2640.23,31.94,23,72,14,pure_vortex,16,0.15,False,1.4,250.0,4.5,2.5,120.0,0.25
240,-2569.05,0.84,21.25,2507.0,36.11,26,72,14,pure_vortex,16,0.15,False,1.4,250.0,4.0,2.5,120.0,0.3
232,-2523.43,0.832,18.53,2546.34,26.39,19,72,21,pure_vortex,16,0.1,False,1.4,200.0,4.5,2.5,120.0,0.25
232,-2523.43,0.832,18.53,2546.34,26.39,19,72,21,pure_vortex,16,0.1,False,1.4,250.0,4.5,2.5,120.0,0.25
283,-2738.21,0.831,21.2,3093.33,30.56,22,72,14,pure_vortex,16,0.05,False,1.4,250.0,3.5,2.5,120.0,0.25
264,-2987.5,0.823,22.35,3382.32,34.72,25,72,14,pure_vortex,16,0.15,False,1.4,250.0,3.5,2.5,120.0,0.3
256,-2725.28,0.822,22.27,3238.36,33.33,24,72,14,pure_vortex,16,0.15,False,1.4,200.0,3.5,2.5,120.0,0.25
271,-2979.53,0.815,22.14,3338.12,33.33,24,72,14,pure_vortex,16,0.15,False,1.4,250.0,3.5,2.5,120.0,0.25
282,-3046.5,0.812,20.92,3093.33,30.56,22,72,14,pure_vortex,16,0.05,False,1.4,200.0,3.5,2.5,120.0,0.25
241,-3258.77,0.801,19.09,3220.0,30.56,22,72,14,pure_vortex,16,0.15,False,1.4,200.0,4.5,2.5,120.0,0.3
275,-3200.25,0.797,22.18,3132.73,31.94,23,72,14,pure_vortex,16,0.1,False,1.4,200.0,3.5,2.5,120.0,0.25
283,-3295.59,0.796,21.91,3228.08,31.94,23,72,14,pure_vortex,16,0.1,False,1.4,250.0,3.5,2.5,120.0,0.25
250,-3854.01,0.772,18.4,3815.24,30.56,22,72,14,pure_vortex,16,0.15,False,1.4,250.0,4.5,2.5,120.0,0.3
