r1,r2,w_len,trigger_mode,trend_filter,use_kfd,kfd_thresh,tp_mult,sl_mult,profit_lock,total_trades,net_profit,pf,win_rate,max_dd,romad,mcr,pos_months,total_months,score
11,14,10,inflection,ema200,True,1.35,3.5,1.5,0.0,228,-771.01,0.945,28.51,3633.92,-0.21,34.72,25,72,-4.2
11,14,10,inflection,ema200,True,1.35,3.5,1.5,200.0,211,-2185.67,0.828,27.49,3345.59,-0.65,34.72,25,72,-10.86
11,14,10,inflection,ema200,True,1.35,3.5,1.5,250.0,217,-2370.57,0.821,27.19,3546.32,-0.67,34.72,25,72,-11.35
11,14,10,inflection,ema200,True,1.35,3.5,2.0,0.0,214,-138.11,0.991,36.45,2917.47,-0.05,41.67,30,72,-1.06
11,14,10,inflection,ema200,True,1.35,3.5,2.0,200.0,191,-1459.62,0.894,35.6,2812.39,-0.52,41.67,30,72,-10.25
11,14,10,inflection,ema200,True,1.35,3.5,2.0,250.0,197,-1604.29,0.888,35.53,2812.39,-0.57,41.67,30,72,-11.19
11,14,10,inflection,ema200,True,1.35,3.5,2.5,0.0,202,1552.28,1.096,44.06,2814.99,0.55,48.61,35,72,15.59
11,14,10,inflection,ema200,True,1.35,3.5,2.5,200.0,167,740.45,1.058,44.31,2714.65,0.27,50.0,36,72,7.52
11,14,10,inflection,ema200,True,1.35,3.5,2.5,250.0,179,121.63,1.009,43.58,2547.27,0.05,48.61,35,72,1.18
11,14,10,inflection,ema200,True,1.35,4.0,1.5,0.0,224,-1037.17,0.929,25.0,4401.34,-0.24,31.94,23,72,-4.64
11,14,10,inflection,ema200,True,1.35,4.0,1.5,200.0,206,-2245.77,0.827,24.27,3558.27,-0.63,33.33,24,72,-10.38
11,14,10,inflection,ema200,True,1.35,4.0,1.5,250.0,208,-2389.0,0.818,24.04,3701.5,-0.65,33.33,24,72,-10.71
11,14,10,inflection,ema200,True,1.35,4.0,2.0,0.0,209,873.19,1.055,33.97,2606.7,0.33,43.06,31,72,7.77
11,14,10,inflection,ema200,True,1.35,4.0,2.0,200.0,185,-923.52,0.933,32.97,2607.26,-0.35,43.06,31,72,-7.27
11,14,10,inflection,ema200,True,1.35,4.0,2.0,250.0,188,-895.77,0.936,32.98,2607.26,-0.34,43.06,31,72,-7.07
11,14,10,inflection,ema200,True,1.35,4.0,2.5,0.0,200,2176.86,1.129,41.0,3295.81,0.66,47.22,34,72,20.21
11,14,10,inflection,ema200,True,1.35,4.0,2.5,200.0,167,585.9,1.043,40.72,3175.16,0.18,48.61,35,72,5.27
11,14,10,inflection,ema200,True,1.35,4.0,2.5,250.0,171,1061.13,1.076,41.52,3175.16,0.33,48.61,35,72,9.85
11,14,10,inflection,ema200,True,1.35,4.5,1.5,0.0,222,-1383.53,0.908,23.87,3525.0,-0.39,40.28,29,72,-8.52
11,14,10,inflection,ema200,True,1.35,4.5,1.5,200.0,197,-1271.02,0.899,24.37,3081.66,-0.41,41.67,30,72,-8.58
11,14,10,inflection,ema200,True,1.35,4.5,1.5,250.0,205,-1312.04,0.9,23.9,2725.95,-0.48,41.67,30,72,-9.42
11,14,10,inflection,ema200,True,1.35,4.5,2.0,0.0,204,31.07,1.002,32.35,2455.48,0.01,43.06,31,72,0.27
11,14,10,inflection,ema200,True,1.35,4.5,2.0,200.0,173,-566.31,0.957,32.37,2402.14,-0.24,47.22,34,72,-5.22
11,14,10,inflection,ema200,True,1.35,4.5,2.0,250.0,186,-276.94,0.98,32.26,2402.14,-0.12,43.06,31,72,-2.38
11,14,10,inflection,ema200,True,1.35,4.5,2.5,0.0,197,2893.4,1.169,40.1,3144.59,0.92,50.0,36,72,30.16
11,14,10,inflection,ema200,True,1.35,4.5,2.5,200.0,157,2171.1,1.167,40.76,3023.94,0.72,54.17,39,72,24.96
11,14,10,inflection,ema200,True,1.35,4.5,2.5,250.0,168,1771.84,1.126,39.88,3023.94,0.59,50.0,36,72,18.14
11,14,10,inflection,ema200,True,1.35,5.0,1.5,0.0,220,-693.13,0.954,22.73,3362.99,-0.21,43.06,31,72,-4.91
11,14,10,inflection,ema200,True,1.35,5.0,1.5,200.0,183,-71.46,0.994,24.04,2767.29,-0.03,45.83,33,72,-0.62
11,14,10,inflection,ema200,True,1.35,5.0,1.5,250.0,205,-1664.69,0.876,21.95,3479.46,-0.48,44.44,32,72,-10.99
11,14,10,inflection,ema200,True,1.35,5.0,2.0,0.0,203,96.6,1.006,30.54,2444.37,0.04,40.28,29,72,0.79
11,14,10,inflection,ema200,True,1.35,5.0,2.0,200.0,165,319.61,1.025,31.52,2347.23,0.14,48.61,35,72,3.29
11,14,10,inflection,ema200,True,1.35,5.0,2.0,250.0,187,93.92,1.006,30.48,2347.23,0.04,41.67,30,72,0.81
11,14,10,inflection,ema200,True,1.35,5.0,2.5,0.0,192,2564.83,1.145,36.98,2993.36,0.86,45.83,33,72,24.6
11,14,10,inflection,ema200,True,1.35,5.0,2.5,200.0,142,3038.16,1.253,40.14,2872.71,1.06,55.56,40,72,39.46
11,14,10,inflection,ema200,True,1.35,5.0,2.5,250.0,166,2094.08,1.145,37.35,2872.71,0.73,47.22,34,72,21.12
11,14,10,inflection,ema200,True,1.4,3.5,1.5,0.0,235,-1414.69,0.904,27.66,4277.6,-0.33,34.72,25,72,-6.79
11,14,10,inflection,ema200,True,1.4,3.5,1.5,200.0,215,-2568.68,0.804,26.98,3728.6,-0.69,36.11,26,72,-12.21
11,14,10,inflection,ema200,True,1.4,3.5,1.5,250.0,224,-3014.25,0.783,26.34,4190.0,-0.72,34.72,25,72,-12.66
11,14,10,inflection,ema200,True,1.4,3.5,2.0,0.0,220,-888.25,0.946,35.45,3667.61,-0.24,40.28,29,72,-5.59
11,14,10,inflection,ema200,True,1.4,3.5,2.0,200.0,194,-1702.68,0.879,35.05,2868.27,-0.59,43.06,31,72,-12.03
11,14,10,inflection,ema200,True,1.4,3.5,2.0,250.0,202,-2074.89,0.86,34.65,3155.36,-0.66,41.67,30,72,-13.24
11,14,10,inflection,ema200,True,1.4,3.5,2.5,0.0,209,1116.58,1.066,43.54,2769.0,0.4,48.61,35,72,11.0
11,14,10,inflection,ema200,True,1.4,3.5,2.5,200.0,170,717.8,1.055,44.12,2499.14,0.29,51.39,37,72,7.78
11,14,10,inflection,ema200,True,1.4,3.5,2.5,250.0,186,-112.49,0.992,43.01,2648.35,-0.04,50.0,36,72,-1.08
11,14,10,inflection,ema200,True,1.4,4.0,1.5,0.0,230,-1601.86,0.894,24.35,4966.03,-0.32,33.33,24,72,-6.77
11,14,10,inflection,ema200,True,1.4,4.0,1.5,200.0,212,-2810.46,0.793,23.58,4122.96,-0.68,34.72,25,72,-12.05
11,14,10,inflection,ema200,True,1.4,4.0,1.5,250.0,214,-2953.69,0.785,23.36,4266.19,-0.69,34.72,25,72,-12.33
11,14,10,inflection,ema200,True,1.4,4.0,2.0,0.0,214,225.04,1.014,33.18,3124.67,0.07,44.44,32,72,1.81
11,14,10,inflection,ema200,True,1.4,4.0,2.0,200.0,188,-1159.7,0.918,32.45,2570.2,-0.45,44.44,32,72,-9.33
11,14,10,inflection,ema200,True,1.4,4.0,2.0,250.0,192,-1264.38,0.912,32.29,2570.2,-0.49,44.44,32,72,-10.11
11,14,10,inflection,ema200,True,1.4,4.0,2.5,0.0,205,1777.13,1.101,40.49,3263.25,0.54,47.22,34,72,16.17
11,14,10,inflection,ema200,True,1.4,4.0,2.5,200.0,170,279.26,1.02,40.0,3142.6,0.09,50.0,36,72,2.54
11,14,10,inflection,ema200,True,1.4,4.0,2.5,250.0,175,1010.05,1.071,41.14,3142.6,0.32,50.0,36,72,9.65
11,14,10,inflection,ema200,True,1.4,4.5,1.5,0.0,228,-1941.34,0.875,23.25,4082.81,-0.48,38.89,28,72,-10.34
11,14,10,inflection,ema200,True,1.4,4.5,1.5,200.0,203,-1828.83,0.861,23.65,3639.47,-0.5,40.28,29,72,-10.51
11,14,10,inflection,ema200,True,1.4,4.5,1.5,250.0,211,-1869.85,0.864,23.22,3283.76,-0.57,40.28,29,72,-11.36
11,14,10,inflection,ema200,True,1.4,4.5,2.0,0.0,209,-610.2,0.963,31.58,2411.54,-0.25,44.44,32,72,-5.32
11,14,10,inflection,ema200,True,1.4,4.5,2.0,200.0,177,-239.5,0.982,32.2,2358.2,-0.1,48.61,35,72,-2.35
11,14,10,inflection,ema200,True,1.4,4.5,2.0,250.0,189,-506.24,0.965,31.75,2358.2,-0.21,44.44,32,72,-4.47
11,14,10,inflection,ema200,True,1.4,4.5,2.5,0.0,202,2532.88,1.142,39.6,3105.15,0.82,50.0,36,72,25.95
11,14,10,inflection,ema200,True,1.4,4.5,2.5,200.0,160,1871.34,1.14,40.0,2984.5,0.63,55.56,40,72,21.7
11,14,10,inflection,ema200,True,1.4,4.5,2.5,250.0,171,1472.08,1.102,39.18,2984.5,0.49,51.39,37,72,15.26
11,14,10,inflection,ema200,True,1.4,5.0,1.5,0.0,226,-1244.07,0.921,22.12,3913.93,-0.32,41.67,30,72,-7.63
11,14,10,inflection,ema200,True,1.4,5.0,1.5,200.0,192,-802.61,0.936,22.92,3498.44,-0.23,44.44,32,72,-5.64
11,14,10,inflection,ema200,True,1.4,5.0,1.5,250.0,212,-1597.39,0.886,21.7,3412.16,-0.47,43.06,31,72,-10.43
11,14,10,inflection,ema200,True,1.4,5.0,2.0,0.0,208,-537.8,0.969,29.81,2393.56,-0.22,41.67,30,72,-4.44
11,14,10,inflection,ema200,True,1.4,5.0,2.0,200.0,171,-140.0,0.99,30.41,2296.42,-0.06,48.61,35,72,-1.41
11,14,10,inflection,ema200,True,1.4,5.0,2.0,250.0,190,-128.51,0.991,30.0,2296.42,-0.06,43.06,31,72,-1.14
11,14,10,inflection,ema200,True,1.4,5.0,2.5,0.0,197,2243.52,1.122,36.55,2947.05,0.76,47.22,34,72,21.9
11,14,10,inflection,ema200,True,1.4,5.0,2.5,200.0,149,3069.36,1.242,38.93,2826.4,1.09,55.56,40,72,39.84
11,14,10,inflection,ema200,True,1.4,5.0,2.5,250.0,169,1801.19,1.122,36.69,2826.4,0.64,48.61,35,72,18.48
11,14,10,inflection,ema200,False,1.5,3.5,1.5,0.0,602,-3622.68,0.903,29.9,4008.09,-0.9,34.72,25,72,-17.94
11,14,10,inflection,ema200,False,1.5,3.5,1.5,200.0,330,350.13,1.019,31.82,2642.42,0.13,51.39,37,72,3.57
11,14,10,inflection,ema200,False,1.5,3.5,1.5,250.0,381,-416.9,0.98,30.45,3315.72,-0.13,45.83,33,72,-3.25
11,14,10,inflection,ema200,False,1.5,3.5,2.0,0.0,533,-4237.0,0.895,35.83,5290.46,-0.8,34.72,25,72,-18.1
11,14,10,inflection,ema200,False,1.5,3.5,2.0,200.0,281,1209.69,1.067,37.72,3478.77,0.35,52.78,38,72,11.55
11,14,10,inflection,ema200,False,1.5,3.5,2.0,250.0,316,1300.69,1.065,37.03,3998.21,0.33,48.61,35,72,10.65
11,14,10,inflection,ema200,False,1.5,3.5,2.5,0.0,469,2408.77,1.061,42.64,3421.0,0.7,40.28,29,72,17.6
11,14,10,inflection,ema200,False,1.5,3.5,2.5,200.0,253,314.02,1.017,41.9,3240.35,0.1,51.39,37,72,2.88
11,14,10,inflection,ema200,False,1.5,3.5,2.5,250.0,262,974.08,1.051,42.75,3563.43,0.27,50.0,36,72,8.57
11,14,10,inflection,ema200,False,1.5,4.0,1.5,0.0,587,-1925.72,0.949,27.94,4184.68,-0.46,36.11,26,72,-10.2
11,14,10,inflection,ema200,False,1.5,4.0,1.5,200.0,334,-421.87,0.978,27.54,3579.09,-0.12,50.0,36,72,-3.45
11,14,10,inflection,ema200,False,1.5,4.0,1.5,250.0,343,510.37,1.026,28.57,3579.09,0.14,50.0,36,72,4.38
11,14,10,inflection,ema200,False,1.5,4.0,2.0,0.0,507,-3680.55,0.907,33.33,5709.81,-0.64,36.11,26,72,-15.95
11,14,10,inflection,ema200,False,1.5,4.0,2.0,200.0,263,665.87,1.037,34.6,3505.11,0.19,51.39,37,72,5.99
11,14,10,inflection,ema200,False,1.5,4.0,2.0,250.0,276,840.85,1.045,34.78,3505.11,0.24,50.0,36,72,7.42
11,14,10,inflection,ema200,False,1.5,4.0,2.5,0.0,439,2335.4,1.058,40.09,3455.58,0.68,43.06,31,72,18.1
11,14,10,inflection,ema200,False,1.5,4.0,2.5,200.0,238,369.46,1.02,38.24,3212.53,0.12,50.0,36,72,3.32
11,14,10,inflection,ema200,False,1.5,4.0,2.5,250.0,248,1720.02,1.092,39.92,3040.59,0.57,50.0,36,72,17.03
11,14,10,inflection,ema200,False,1.5,4.5,1.5,0.0,560,46.16,1.001,26.79,4117.66,0.01,40.28,29,72,0.29
11,14,10,inflection,ema200,False,1.5,4.5,1.5,200.0,312,-1132.57,0.941,25.64,3015.46,-0.38,45.83,33,72,-8.89
11,14,10,inflection,ema200,False,1.5,4.5,1.5,250.0,336,-1628.63,0.921,25.0,3298.65,-0.49,43.06,31,72,-11.25
11,14,10,inflection,ema200,False,1.5,4.5,2.0,0.0,488,-1058.47,0.972,32.17,4427.56,-0.24,38.89,28,72,-6.01
11,14,10,inflection,ema200,False,1.5,4.5,2.0,200.0,252,-638.09,0.965,31.75,2667.1,-0.24,50.0,36,72,-5.96
11,14,10,inflection,ema200,False,1.5,4.5,2.0,250.0,270,132.54,1.007,32.59,2667.1,0.05,48.61,35,72,1.26
11,14,10,inflection,ema200,False,1.5,4.5,2.5,0.0,416,4373.36,1.114,38.7,3069.5,1.42,45.83,33,72,40.3
11,14,10,inflection,ema200,False,1.5,4.5,2.5,200.0,201,-1071.48,0.939,35.82,2351.88,-0.46,48.61,35,72,-10.08
11,14,10,inflection,ema200,False,1.5,4.5,2.5,250.0,230,-1005.83,0.949,35.65,2735.64,-0.37,45.83,33,72,-8.36
11,14,10,inflection,ema200,False,1.5,5.0,1.5,0.0,536,-53.38,0.998,24.63,4158.98,-0.01,38.89,28,72,-0.32
11,14,10,inflection,ema200,False,1.5,5.0,1.5,200.0,296,-1852.76,0.9,22.3,2466.07,-0.75,45.83,33,72,-15.39
11,14,10,inflection,ema200,False,1.5,5.0,1.5,250.0,341,-1017.17,0.952,24.05,2907.97,-0.35,43.06,31,72,-7.73
11,14,10,inflection,ema200,False,1.5,5.0,2.0,0.0,450,-2657.3,0.929,29.33,4759.89,-0.56,34.72,25,72,-12.42
11,14,10,inflection,ema200,False,1.5,5.0,2.0,200.0,233,-1460.83,0.919,28.76,2494.15,-0.59,45.83,33,72,-12.32
11,14,10,inflection,ema200,False,1.5,5.0,2.0,250.0,277,-963.18,0.953,29.6,2883.61,-0.33,43.06,31,72,-7.36
11,14,10,inflection,ema200,False,1.5,5.0,2.5,0.0,389,1738.09,1.046,34.7,3325.2,0.52,38.89,28,72,12.26
11,14,10,inflection,ema200,False,1.5,5.0,2.5,200.0,198,-2780.78,0.848,31.31,2999.8,-0.93,44.44,32,72,-19.13
11,14,10,inflection,ema200,False,1.5,5.0,2.5,250.0,230,-1953.39,0.907,32.61,2437.33,-0.8,41.67,30,72,-14.95
11,14,10,inflection,ema50,True,1.35,3.5,1.5,0.0,223,-774.8,0.943,30.04,2679.25,-0.29,40.28,29,72,-5.69
11,14,10,inflection,ema50,True,1.35,3.5,1.5,200.0,199,-484.74,0.957,30.65,2284.02,-0.21,41.67,30,72,-4.04
11,14,10,inflection,ema50,True,1.35,3.5,1.5,250.0,208,-588.79,0.952,30.29,2551.06,-0.23,40.28,29,72,-4.47
11,14,10,inflection,ema50,True,1.35,3.5,2.0,0.0,209,-920.35,0.939,37.8,1621.71,-0.57,44.44,32,72,-9.54
11,14,10,inflection,ema50,True,1.35,3.5,2.0,200.0,176,215.64,1.018,39.2,1354.88,0.16,47.22,34,72,2.82
11,14,10,inflection,ema50,True,1.35,3.5,2.0,250.0,190,-554.41,0.958,38.42,1723.87,-0.32,45.83,33,72,-5.86
11,14,10,inflection,ema50,True,1.35,3.5,2.5,0.0,196,655.15,1.042,44.9,1569.68,0.42,45.83,33,72,7.9
11,14,10,inflection,ema50,True,1.35,3.5,2.5,200.0,153,2303.46,1.214,48.37,1402.42,1.64,52.78,38,72,39.41
11,14,10,inflection,ema50,True,1.35,3.5,2.5,250.0,176,-62.72,0.995,44.32,1559.71,-0.04,45.83,33,72,-0.72
11,14,10,inflection,ema50,True,1.35,4.0,1.5,0.0,221,-687.2,0.951,27.15,2941.02,-0.23,37.5,27,72,-4.52
11,14,10,inflection,ema50,True,1.35,4.0,1.5,200.0,196,-134.66,0.988,28.06,2046.1,-0.07,40.28,29,72,-1.18
11,14,10,inflection,ema50,True,1.35,4.0,1.5,250.0,201,-512.21,0.957,27.36,2315.51,-0.22,40.28,29,72,-4.1
11,14,10,inflection,ema50,True,1.35,4.0,2.0,0.0,204,-53.7,0.996,35.29,1464.02,-0.04,45.83,33,72,-0.64
11,14,10,inflection,ema50,True,1.35,4.0,2.0,200.0,173,652.16,1.054,36.42,1292.87,0.5,47.22,34,72,9.03
11,14,10,inflection,ema50,True,1.35,4.0,2.0,250.0,176,306.64,1.025,35.8,1448.58,0.21,47.22,34,72,3.9
11,14,10,inflection,ema50,True,1.35,4.0,2.5,0.0,194,1060.31,1.065,41.75,1886.57,0.56,43.06,31,72,11.19
11,14,10,inflection,ema50,True,1.35,4.0,2.5,200.0,155,1960.97,1.166,43.87,1530.43,1.28,48.61,35,72,28.41
11,14,10,inflection,ema50,True,1.35,4.0,2.5,250.0,160,1547.04,1.124,43.12,1783.91,0.87,45.83,33,72,18.87
11,14,10,inflection,ema50,True,1.35,4.5,1.5,0.0,219,-652.69,0.955,26.03,2394.07,-0.27,44.44,32,72,-5.66
11,14,10,inflection,ema50,True,1.35,4.5,1.5,200.0,191,496.98,1.043,27.75,1925.79,0.26,45.83,33,72,5.41
11,14,10,inflection,ema50,True,1.35,4.5,1.5,250.0,199,314.76,1.026,27.14,1711.28,0.18,45.83,33,72,3.58
11,14,10,inflection,ema50,True,1.35,4.5,2.0,0.0,202,1255.27,1.082,34.65,1776.86,0.71,45.83,33,72,14.77
11,14,10,inflection,ema50,True,1.35,4.5,2.0,200.0,165,1546.05,1.131,36.36,1689.3,0.92,50.0,36,72,21.27
11,14,10,inflection,ema50,True,1.35,4.5,2.0,250.0,177,1157.26,1.09,35.03,1689.3,0.69,45.83,33,72,14.07
11,14,10,inflection,ema50,True,1.35,4.5,2.5,0.0,192,2173.95,1.133,40.62,2235.61,0.97,45.83,33,72,23.87
11,14,10,inflection,ema50,True,1.35,4.5,2.5,200.0,147,2387.14,1.201,42.86,2018.93,1.18,51.39,37,72,32.79
11,14,10,inflection,ema50,True,1.35,4.5,2.5,250.0,159,1772.76,1.135,41.51,2018.93,0.88,47.22,34,72,21.15
11,14,10,inflection,ema50,True,1.35,5.0,1.5,0.0,217,-246.63,0.983,24.42,2452.27,-0.1,44.44,32,72,-2.18
11,14,10,inflection,ema50,True,1.35,5.0,1.5,200.0,174,1887.31,1.178,27.59,1658.49,1.14,47.22,34,72,25.78
11,14,10,inflection,ema50,True,1.35,5.0,1.5,250.0,196,483.87,1.039,25.51,2099.38,0.23,45.83,33,72,5.03
11,14,10,inflection,ema50,True,1.35,5.0,2.0,0.0,200,732.3,1.046,32.0,1782.82,0.41,45.83,33,72,8.31
11,14,10,inflection,ema50,True,1.35,5.0,2.0,200.0,153,2931.37,1.263,36.6,1675.82,1.75,54.17,39,72,48.99
11,14,10,inflection,ema50,True,1.35,5.0,2.0,250.0,177,1589.77,1.12,33.33,1675.82,0.95,48.61,35,72,21.14
11,14,10,inflection,ema50,True,1.35,5.0,2.5,0.0,189,1556.19,1.091,37.57,2114.12,0.74,43.06,31,72,15.9
11,14,10,inflection,ema50,True,1.35,5.0,2.5,200.0,136,3707.7,1.335,43.38,1921.8,1.93,55.56,40,72,62.73
11,14,10,inflection,ema50,True,1.35,5.0,2.5,250.0,161,1743.23,1.126,38.51,1921.8,0.91,45.83,33,72,20.52
11,14,10,inflection,ema50,True,1.4,3.5,1.5,0.0,224,-865.88,0.937,29.91,2770.33,-0.31,38.89,28,72,-5.99
11,14,10,inflection,ema50,True,1.4,3.5,1.5,200.0,200,-575.82,0.949,30.5,2375.1,-0.24,40.28,29,72,-4.52
11,14,10,inflection,ema50,True,1.4,3.5,1.5,250.0,209,-679.87,0.945,30.14,2642.14,-0.26,38.89,28,72,-4.86
11,14,10,inflection,ema50,True,1.4,3.5,2.0,0.0,210,-1040.77,0.932,37.62,1621.71,-0.64,44.44,32,72,-10.7
11,14,10,inflection,ema50,True,1.4,3.5,2.0,200.0,177,95.22,1.008,38.98,1354.88,0.07,47.22,34,72,1.23
11,14,10,inflection,ema50,True,1.4,3.5,2.0,250.0,191,-674.83,0.95,38.22,1723.87,-0.39,45.83,33,72,-7.08
11,14,10,inflection,ema50,True,1.4,3.5,2.5,0.0,197,505.41,1.032,44.67,1569.68,0.32,45.83,33,72,6.03
11,14,10,inflection,ema50,True,1.4,3.5,2.5,200.0,154,2153.72,1.197,48.05,1402.42,1.54,52.78,38,72,36.33
11,14,10,inflection,ema50,True,1.4,3.5,2.5,250.0,177,-212.46,0.985,44.07,1559.71,-0.14,45.83,33,72,-2.43
11,14,10,inflection,ema50,True,1.4,4.0,1.5,0.0,222,-778.28,0.945,27.03,3032.1,-0.26,36.11,26,72,-4.82
11,14,10,inflection,ema50,True,1.4,4.0,1.5,200.0,197,-225.74,0.981,27.92,2137.18,-0.11,38.89,28,72,-1.86
11,14,10,inflection,ema50,True,1.4,4.0,1.5,250.0,202,-603.29,0.95,27.23,2406.59,-0.25,38.89,28,72,-4.54
11,14,10,inflection,ema50,True,1.4,4.0,2.0,0.0,205,-174.12,0.989,35.12,1464.02,-0.12,44.44,32,72,-2.0
11,14,10,inflection,ema50,True,1.4,4.0,2.0,200.0,174,531.74,1.044,36.21,1292.87,0.41,45.83,33,72,7.08
11,14,10,inflection,ema50,True,1.4,4.0,2.0,250.0,177,186.22,1.015,35.59,1448.58,0.13,45.83,33,72,2.28
11,14,10,inflection,ema50,True,1.4,4.0,2.5,0.0,195,910.57,1.056,41.54,1886.57,0.48,43.06,31,72,9.53
11,14,10,inflection,ema50,True,1.4,4.0,2.5,200.0,156,1811.23,1.151,43.59,1530.43,1.18,48.61,35,72,25.9
11,14,10,inflection,ema50,True,1.4,4.0,2.5,250.0,161,1397.3,1.111,42.86,1783.91,0.78,45.83,33,72,16.84
11,14,10,inflection,ema50,True,1.4,4.5,1.5,0.0,220,-743.77,0.949,25.91,2485.15,-0.3,43.06,31,72,-6.1
11,14,10,inflection,ema50,True,1.4,4.5,1.5,200.0,192,405.9,1.035,27.6,2016.87,0.2,44.44,32,72,4.16
11,14,10,inflection,ema50,True,1.4,4.5,1.5,250.0,200,223.68,1.018,27.0,1802.36,0.12,44.44,32,72,2.38
11,14,10,inflection,ema50,True,1.4,4.5,2.0,0.0,203,1134.85,1.073,34.48,1776.86,0.64,44.44,32,72,12.84
11,14,10,inflection,ema50,True,1.4,4.5,2.0,200.0,167,1840.54,1.154,36.53,1689.3,1.09,48.61,35,72,25.12
11,14,10,inflection,ema50,True,1.4,4.5,2.0,250.0,178,1036.84,1.08,34.83,1689.3,0.61,44.44,32,72,12.11
11,14,10,inflection,ema50,True,1.4,4.5,2.5,0.0,193,2024.21,1.122,40.41,2235.61,0.91,45.83,33,72,22.01
11,14,10,inflection,ema50,True,1.4,4.5,2.5,200.0,148,2237.4,1.186,42.57,2018.93,1.11,51.39,37,72,30.35
11,14,10,inflection,ema50,True,1.4,4.5,2.5,250.0,160,1623.02,1.122,41.25,2018.93,0.8,47.22,34,72,19.14
11,14,10,inflection,ema50,True,1.4,5.0,1.5,0.0,218,-337.71,0.977,24.31,2543.35,-0.13,44.44,32,72,-2.91
11,14,10,inflection,ema50,True,1.4,5.0,1.5,200.0,177,1669.52,1.154,27.12,1876.28,0.89,47.22,34,72,21.0
11,14,10,inflection,ema50,True,1.4,5.0,1.5,250.0,198,854.14,1.069,25.76,1729.11,0.49,45.83,33,72,10.06
11,14,10,inflection,ema50,True,1.4,5.0,2.0,0.0,201,611.88,1.038,31.84,1782.82,0.34,44.44,32,72,6.68
11,14,10,inflection,ema50,True,1.4,5.0,2.0,200.0,156,2644.07,1.231,35.9,1675.82,1.58,52.78,38,72,41.96
11,14,10,inflection,ema50,True,1.4,5.0,2.0,250.0,178,1469.35,1.11,33.15,1675.82,0.88,47.22,34,72,18.81
11,14,10,inflection,ema50,True,1.4,5.0,2.5,0.0,190,1406.45,1.081,37.37,2114.12,0.67,41.67,30,72,13.78
11,14,10,inflection,ema50,True,1.4,5.0,2.5,200.0,140,3812.26,1.334,42.86,1921.8,1.98,54.17,39,72,62.84
11,14,10,inflection,ema50,True,1.4,5.0,2.5,250.0,162,1593.49,1.114,38.27,1921.8,0.83,44.44,32,72,18.0
11,14,10,inflection,ema50,False,1.5,3.5,1.5,0.0,503,-4406.56,0.861,29.22,4712.24,-0.94,29.17,21,72,-16.12
11,14,10,inflection,ema50,False,1.5,3.5,1.5,200.0,328,-2911.6,0.85,28.96,3623.37,-0.8,44.44,32,72,-18.27
11,14,10,inflection,ema50,False,1.5,3.5,1.5,250.0,363,-2840.97,0.865,29.48,3847.9,-0.74,41.67,30,72,-16.51
11,14,10,inflection,ema50,False,1.5,3.5,2.0,0.0,458,-907.83,0.974,37.34,2999.31,-0.3,40.28,29,72,-6.5
11,14,10,inflection,ema50,False,1.5,3.5,2.0,200.0,267,-1700.01,0.907,37.08,3873.16,-0.44,50.0,36,72,-12.39
11,14,10,inflection,ema50,False,1.5,3.5,2.0,250.0,303,-1987.22,0.902,36.3,4141.54,-0.48,45.83,33,72,-12.77
11,14,10,inflection,ema50,False,1.5,3.5,2.5,0.0,430,-1360.76,0.963,42.33,4079.76,-0.33,36.11,26,72,-7.41
11,14,10,inflection,ema50,False,1.5,3.5,2.5,200.0,236,-335.04,0.981,42.8,1587.57,-0.21,51.39,37,72,-4.24
11,14,10,inflection,ema50,False,1.5,3.5,2.5,250.0,266,-970.53,0.952,41.73,2318.84,-0.42,47.22,34,72,-9.06
11,14,10,inflection,ema50,False,1.5,4.0,1.5,0.0,479,-3066.08,0.902,27.14,3545.51,-0.86,31.94,23,72,-14.83
11,14,10,inflection,ema50,False,1.5,4.0,1.5,200.0,313,-2157.51,0.887,26.52,2926.36,-0.74,44.44,32,72,-15.72
11,14,10,inflection,ema50,False,1.5,4.0,1.5,250.0,337,-3229.35,0.844,25.52,3926.62,-0.82,40.28,29,72,-17.52
11,14,10,inflection,ema50,False,1.5,4.0,2.0,0.0,422,65.28,1.002,34.6,2837.39,0.02,37.5,27,72,0.46
11,14,10,inflection,ema50,False,1.5,4.0,2.0,200.0,248,-276.26,0.984,34.27,3058.74,-0.09,47.22,34,72,-2.32
11,14,10,inflection,ema50,False,1.5,4.0,2.0,250.0,270,118.1,1.006,35.19,3170.93,0.04,47.22,34,72,1.0
11,14,10,inflection,ema50,False,1.5,4.0,2.5,0.0,405,1607.6,1.044,40.25,3299.14,0.49,41.67,30,72,12.18
11,14,10,inflection,ema50,False,1.5,4.0,2.5,200.0,225,1854.46,1.106,41.78,1607.47,1.15,55.56,40,72,28.42
11,14,10,inflection,ema50,False,1.5,4.0,2.5,250.0,243,1548.51,1.083,41.56,1911.65,0.81,54.17,39,72,20.78
11,14,10,inflection,ema50,False,1.5,4.5,1.5,0.0,474,-1029.46,0.968,25.95,3224.04,-0.32,33.33,24,72,-5.85
11,14,10,inflection,ema50,False,1.5,4.5,1.5,200.0,294,-1343.85,0.928,24.83,2615.21,-0.51,43.06,31,72,-10.5
11,14,10,inflection,ema50,False,1.5,4.5,1.5,250.0,324,-1913.04,0.906,24.38,3299.16,-0.58,40.28,29,72,-12.15
11,14,10,inflection,ema50,False,1.5,4.5,2.0,0.0,415,2997.69,1.09,33.49,2736.27,1.1,38.89,28,72,24.29
11,14,10,inflection,ema50,False,1.5,4.5,2.0,200.0,242,367.39,1.021,33.06,2152.3,0.17,48.61,35,72,3.93
11,14,10,inflection,ema50,False,1.5,4.5,2.0,250.0,259,658.08,1.035,33.59,1929.35,0.34,47.22,34,72,7.32
11,14,10,inflection,ema50,False,1.5,4.5,2.5,0.0,381,2437.34,1.069,38.06,3215.08,0.76,40.28,29,72,18.51
11,14,10,inflection,ema50,False,1.5,4.5,2.5,200.0,218,727.14,1.04,38.07,1364.85,0.53,51.39,37,72,10.52
11,14,10,inflection,ema50,False,1.5,4.5,2.5,250.0,239,839.61,1.042,38.49,1718.85,0.49,48.61,35,72,10.26
11,14,10,inflection,ema50,False,1.5,5.0,1.5,0.0,443,-2528.28,0.917,23.25,4469.59,-0.57,30.56,22,72,-10.6
11,14,10,inflection,ema50,False,1.5,5.0,1.5,200.0,272,-1782.1,0.899,22.06,2846.92,-0.63,43.06,31,72,-12.93
11,14,10,inflection,ema50,False,1.5,5.0,1.5,250.0,308,-2819.56,0.859,21.43,3809.56,-0.74,36.11,26,72,-14.17
11,14,10,inflection,ema50,False,1.5,5.0,2.0,0.0,404,2924.31,1.087,31.19,3824.12,0.76,36.11,26,72,18.56
11,14,10,inflection,ema50,False,1.5,5.0,2.0,200.0,249,-1064.55,0.945,29.32,2309.46,-0.46,44.44,32,72,-9.3
11,14,10,inflection,ema50,False,1.5,5.0,2.0,250.0,272,-34.6,0.998,30.88,2467.13,-0.01,43.06,31,72,-0.3
11,14,10,inflection,ema50,False,1.5,5.0,2.5,0.0,358,1728.94,1.05,35.75,2904.52,0.6,40.28,29,72,13.57
11,14,10,inflection,ema50,False,1.5,5.0,2.5,200.0,205,66.34,1.004,35.12,1528.76,0.04,48.61,35,72,0.83
11,14,10,inflection,ema50,False,1.5,5.0,2.5,250.0,230,959.11,1.048,36.09,1570.52,0.61,47.22,34,72,11.98
11,14,10,inflection,none,True,1.35,3.5,1.5,0.0,465,-5652.15,0.807,27.74,5970.58,-0.95,33.33,24,72,-19.67
11,14,10,inflection,none,True,1.35,3.5,1.5,200.0,312,-1822.27,0.901,29.81,2897.69,-0.63,47.22,34,72,-14.4
11,14,10,inflection,none,True,1.35,3.5,1.5,250.0,356,-3331.78,0.847,28.65,4260.65,-0.78,40.28,29,72,-17.41
11,14,10,inflection,none,True,1.35,3.5,2.0,0.0,422,-3454.18,0.888,36.26,4082.94,-0.85,40.28,29,72,-19.34
11,14,10,inflection,none,True,1.35,3.5,2.0,200.0,253,170.07,1.01,39.92,3070.15,0.06,55.56,40,72,1.72
11,14,10,inflection,none,True,1.35,3.5,2.0,250.0,294,-187.84,0.991,39.12,3218.28,-0.06,50.0,36,72,-1.64
11,14,10,inflection,none,True,1.35,3.5,2.5,0.0,377,-2124.55,0.931,42.71,4301.23,-0.49,38.89,28,72,-11.73
11,14,10,inflection,none,True,1.35,3.5,2.5,200.0,205,375.04,1.024,45.85,3252.85,0.12,54.17,39,72,3.65
11,14,10,inflection,none,True,1.35,3.5,2.5,250.0,241,-337.7,0.982,44.4,2798.61,-0.12,50.0,36,72,-3.13
11,14,10,inflection,none,True,1.35,4.0,1.5,0.0,444,-4602.12,0.842,25.45,5001.26,-0.92,36.11,26,72,-19.79
11,14,10,inflection,none,True,1.35,4.0,1.5,200.0,309,-1949.12,0.896,25.89,2904.65,-0.67,44.44,32,72,-14.4
11,14,10,inflection,none,True,1.35,4.0,1.5,250.0,337,-2215.98,0.892,25.82,3012.57,-0.74,41.67,30,72,-15.01
11,14,10,inflection,none,True,1.35,4.0,2.0,0.0,390,-4469.16,0.853,32.56,5177.96,-0.86,36.11,26,72,-19.13
11,14,10,inflection,none,True,1.35,4.0,2.0,200.0,228,154.91,1.01,36.4,2335.02,0.07,54.17,39,72,1.75
11,14,10,inflection,none,True,1.35,4.0,2.0,250.0,277,-2210.71,0.893,33.94,3260.78,-0.68,43.06,31,72,-14.89
11,14,10,inflection,none,True,1.35,4.0,2.5,0.0,343,-3791.24,0.875,38.48,4952.92,-0.77,37.5,27,72,-17.68
11,14,10,inflection,none,True,1.35,4.0,2.5,200.0,188,-113.85,0.993,42.55,2796.21,-0.04,52.78,38,72,-1.13
11,14,10,inflection,none,True,1.35,4.0,2.5,250.0,227,-2585.86,0.868,38.77,3275.87,-0.79,41.67,30,72,-16.34
11,14,10,inflection,none,True,1.35,4.5,1.5,0.0,430,-3440.59,0.88,23.95,3951.9,-0.87,37.5,27,72,-18.06
11,14,10,inflection,none,True,1.35,4.5,1.5,200.0,284,-846.6,0.952,25.0,2935.61,-0.29,47.22,34,72,-7.02
11,14,10,inflection,none,True,1.35,4.5,1.5,250.0,319,-1381.71,0.931,24.76,3167.95,-0.44,44.44,32,72,-10.16
11,14,10,inflection,none,True,1.35,4.5,2.0,0.0,372,-4846.35,0.84,29.57,5712.55,-0.85,38.89,28,72,-20.95
11,14,10,inflection,none,True,1.35,4.5,2.0,200.0,209,633.34,1.042,34.45,3105.32,0.2,52.78,38,72,6.25
11,14,10,inflection,none,True,1.35,4.5,2.0,250.0,230,579.89,1.034,34.35,2885.87,0.2,51.39,37,72,5.74
11,14,10,inflection,none,True,1.35,4.5,2.5,0.0,321,-4481.56,0.85,35.2,5518.34,-0.81,36.11,26,72,-18.52
11,14,10,inflection,none,True,1.35,4.5,2.5,200.0,176,-1507.11,0.904,38.07,4209.04,-0.36,48.61,35,72,-10.21
11,14,10,inflection,none,True,1.35,4.5,2.5,250.0,199,-1443.83,0.918,38.19,3837.74,-0.38,45.83,33,72,-9.81
11,14,10,inflection,none,True,1.35,5.0,1.5,0.0,413,-3980.64,0.86,21.79,4652.85,-0.86,34.72,25,72,-17.42
11,14,10,inflection,none,True,1.35,5.0,1.5,200.0,271,-712.47,0.959,23.25,3560.19,-0.2,47.22,34,72,-5.41
11,14,10,inflection,none,True,1.35,5.0,1.5,250.0,309,-1202.65,0.939,22.98,3883.26,-0.31,44.44,32,72,-8.05
11,14,10,inflection,none,True,1.35,5.0,2.0,0.0,366,-4175.52,0.862,28.14,5430.54,-0.77,34.72,25,72,-16.96
11,14,10,inflection,none,True,1.35,5.0,2.0,200.0,203,326.6,1.021,32.02,4096.79,0.08,50.0,36,72,2.6
11,14,10,inflection,none,True,1.35,5.0,2.0,250.0,228,1179.33,1.07,32.89,3799.34,0.31,50.0,36,72,10.24
11,14,10,inflection,none,True,1.35,5.0,2.5,0.0,314,-4374.95,0.854,33.12,5758.2,-0.76,30.56,22,72,-15.05
11,14,10,inflection,none,True,1.35,5.0,2.5,200.0,167,-1965.75,0.874,34.73,5287.31,-0.37,47.22,34,72,-11.16
11,14,10,inflection,none,True,1.35,5.0,2.5,250.0,195,-1212.86,0.931,36.41,4913.75,-0.25,45.83,33,72,-7.38
11,14,10,inflection,none,True,1.4,3.5,1.5,0.0,505,-7759.65,0.76,25.94,8078.08,-0.96,30.56,22,72,-20.05
11,14,10,inflection,none,True,1.4,3.5,1.5,200.0,332,-2099.18,0.893,28.61,3521.69,-0.6,45.83,33,72,-14.48
11,14,10,inflection,none,True,1.4,3.5,1.5,250.0,383,-4986.85,0.791,26.63,5692.82,-0.88,37.5,27,72,-19.61
11,14,10,inflection,none,True,1.4,3.5,2.0,0.0,456,-5992.0,0.827,33.99,6620.76,-0.91,37.5,27,72,-22.84
11,14,10,inflection,none,True,1.4,3.5,2.0,200.0,271,1880.07,1.104,40.22,2775.14,0.68,58.33,42,72,22.98
11,14,10,inflection,none,True,1.4,3.5,2.0,250.0,329,-487.89,0.979,37.99,3801.25,-0.13,50.0,36,72,-3.87
11,14,10,inflection,none,True,1.4,3.5,2.5,0.0,400,-5732.19,0.833,39.75,6643.72,-0.86,36.11,26,72,-21.15
11,14,10,inflection,none,True,1.4,3.5,2.5,200.0,230,1544.28,1.089,46.09,3389.58,0.46,58.33,42,72,16.85
11,14,10,inflection,none,True,1.4,3.5,2.5,250.0,269,-547.67,0.975,43.87,3353.87,-0.16,52.78,38,72,-4.87
11,14,10,inflection,none,True,1.4,4.0,1.5,0.0,472,-7673.21,0.757,23.52,8038.01,-0.95,33.33,24,72,-21.59
11,14,10,inflection,none,True,1.4,4.0,1.5,200.0,325,-4568.36,0.779,23.38,5116.55,-0.89,41.67,30,72,-20.73
11,14,10,inflection,none,True,1.4,4.0,1.5,250.0,349,-3610.18,0.835,24.64,4139.16,-0.87,41.67,30,72,-19.52
11,14,10,inflection,none,True,1.4,4.0,2.0,0.0,414,-6724.03,0.796,30.92,7396.76,-0.91,34.72,25,72,-21.61
11,14,10,inflection,none,True,1.4,4.0,2.0,200.0,250,583.08,1.033,35.6,2441.35,0.24,52.78,38,72,6.43
11,14,10,inflection,none,True,1.4,4.0,2.0,250.0,293,-1316.93,0.94,34.47,3419.38,-0.39,44.44,32,72,-9.41
11,14,10,inflection,none,True,1.4,4.0,2.5,0.0,364,-6155.82,0.812,36.54,7008.93,-0.88,31.94,23,72,-19.07
11,14,10,inflection,none,True,1.4,4.0,2.5,200.0,209,300.91,1.018,42.11,3830.94,0.08,54.17,39,72,2.68
11,14,10,inflection,none,True,1.4,4.0,2.5,250.0,251,-1370.91,0.936,39.84,4657.88,-0.29,45.83,33,72,-8.62
11,14,10,inflection,none,True,1.4,4.5,1.5,0.0,458,-6061.86,0.804,22.27,6473.05,-0.94,31.94,23,72,-19.35
11,14,10,inflection,none,True,1.4,4.5,1.5,200.0,290,-2676.67,0.858,23.1,3875.14,-0.69,41.67,30,72,-15.37
11,14,10,inflection,none,True,1.4,4.5,1.5,250.0,328,-3023.59,0.857,23.17,3993.09,-0.76,40.28,29,72,-16.52
11,14,10,inflection,none,True,1.4,4.5,2.0,0.0,392,-6254.58,0.807,28.57,7020.98,-0.89,31.94,23,72,-19.24
11,14,10,inflection,none,True,1.4,4.5,2.0,200.0,215,1045.8,1.066,33.49,3291.47,0.32,51.39,37,72,9.99
11,14,10,inflection,none,True,1.4,4.5,2.0,250.0,247,901.41,1.05,32.79,3180.02,0.28,48.61,35,72,8.16
11,14,10,inflection,none,True,1.4,4.5,2.5,0.0,345,-5693.03,0.822,34.2,6757.02,-0.84,31.94,23,72,-18.18
11,14,10,inflection,none,True,1.4,4.5,2.5,200.0,195,-1277.04,0.927,37.44,5015.99,-0.25,48.61,35,72,-8.13
11,14,10,inflection,none,True,1.4,4.5,2.5,250.0,214,-513.04,0.973,38.32,4737.39,-0.11,47.22,34,72,-3.42
11,14,10,inflection,none,True,1.4,5.0,1.5,0.0,437,-6408.47,0.79,20.37,6332.88,-1.01,30.56,22,72,-19.44
11,14,10,inflection,none,True,1.4,5.0,1.5,200.0,277,-2562.61,0.862,21.3,4051.11,-0.63,41.67,30,72,-14.46
11,14,10,inflection,none,True,1.4,5.0,1.5,250.0,319,-2827.22,0.865,21.63,4258.98,-0.66,38.89,28,72,-14.57
11,14,10,inflection,none,True,1.4,5.0,2.0,0.0,386,-3976.24,0.876,28.24,4887.35,-0.81,34.72,25,72,-17.3
11,14,10,inflection,none,True,1.4,5.0,2.0,200.0,205,1466.49,1.094,32.2,3796.9,0.39,52.78,38,72,13.74
11,14,10,inflection,none,True,1.4,5.0,2.0,250.0,237,2376.0,1.136,32.91,3489.54,0.68,51.39,37,72,23.48
11,14,10,inflection,none,True,1.4,5.0,2.5,0.0,334,-4002.95,0.873,33.23,6137.98,-0.65,36.11,26,72,-16.11
11,14,10,inflection,none,True,1.4,5.0,2.5,200.0,179,-1130.92,0.931,35.2,5723.16,-0.2,50.0,36,72,-6.96
11,14,10,inflection,none,True,1.4,5.0,2.5,250.0,211,-466.66,0.975,36.49,5242.88,-0.09,48.61,35,72,-3.05
11,14,10,inflection,none,False,1.5,3.5,1.5,0.0,847,-8935.74,0.837,26.92,9487.21,-0.94,25.0,18,72,-19.2
11,14,10,inflection,none,False,1.5,3.5,1.5,200.0,380,-1190.67,0.943,28.16,4340.71,-0.27,45.83,33,72,-7.81
11,14,10,inflection,none,False,1.5,3.5,1.5,250.0,436,-2304.52,0.905,27.75,4868.96,-0.47,40.28,29,72,-12.04
11,14,10,inflection,none,False,1.5,3.5,2.0,0.0,704,-5688.72,0.897,34.38,6908.09,-0.82,26.39,19,72,-16.2
11,14,10,inflection,none,False,1.5,3.5,2.0,200.0,288,-3283.2,0.843,33.33,5804.36,-0.57,44.44,32,72,-16.14
11,14,10,inflection,none,False,1.5,3.5,2.0,250.0,336,-3164.61,0.867,33.63,5761.71,-0.55,40.28,29,72,-14.56
11,14,10,inflection,none,False,1.5,3.5,2.5,0.0,615,-4274.0,0.922,39.84,6825.15,-0.63,30.56,22,72,-14.58
11,14,10,inflection,none,False,1.5,3.5,2.5,200.0,241,-406.56,0.979,41.49,2890.81,-0.14,54.17,39,72,-4.01
11,14,10,inflection,none,False,1.5,3.5,2.5,250.0,292,-1199.31,0.949,41.1,3725.96,-0.32,47.22,34,72,-8.8
11,14,10,inflection,none,False,1.5,4.0,1.5,0.0,694,-7975.74,0.828,24.64,8897.61,-0.9,25.0,18,72,-17.5
11,14,10,inflection,none,False,1.5,4.0,1.5,200.0,357,-2034.74,0.901,24.37,4374.76,-0.47,44.44,32,72,-12.32
11,14,10,inflection,none,False,1.5,4.0,1.5,250.0,396,-2834.28,0.878,23.99,5618.68,-0.5,40.28,29,72,-13.37
11,14,10,inflection,none,False,1.5,4.0,2.0,0.0,573,-6205.15,0.87,31.59,7417.97,-0.84,25.0,18,72,-15.67
11,14,10,inflection,none,False,1.5,4.0,2.0,200.0,289,-2862.03,0.865,29.76,5483.45,-0.52,43.06,31,72,-14.4
11,14,10,inflection,none,False,1.5,4.0,2.0,250.0,319,-4283.89,0.823,29.47,6372.11,-0.67,37.5,27,72,-16.56
11,14,10,inflection,none,False,1.5,4.0,2.5,0.0,511,-9196.9,0.81,35.62,10808.57,-0.85,20.83,15,72,-14.93
11,14,10,inflection,none,False,1.5,4.0,2.5,200.0,222,547.18,1.029,40.99,2587.71,0.21,54.17,39,72,6.0
11,14,10,inflection,none,False,1.5,4.0,2.5,250.0,252,-719.6,0.966,39.29,2501.54,-0.29,48.61,35,72,-6.76
11,14,10,inflection,none,False,1.5,4.5,1.5,0.0,611,-9038.28,0.79,21.6,9952.01,-0.91,20.83,15,72,-14.91
11,14,10,inflection,none,False,1.5,4.5,1.5,200.0,302,-2706.81,0.857,20.2,4835.49,-0.56,40.28,29,72,-13.44
11,14,10,inflection,none,False,1.5,4.5,1.5,250.0,331,-2752.01,0.866,20.85,5077.5,-0.54,38.89,28,72,-13.01
11,14,10,inflection,none,False,1.5,4.5,2.0,0.0,588,-5461.65,0.895,29.42,6882.89,-0.79,23.61,17,72,-13.91
11,14,10,inflection,none,False,1.5,4.5,2.0,200.0,248,-1334.18,0.928,28.23,3896.91,-0.34,45.83,33,72,-9.09
11,14,10,inflection,none,False,1.5,4.5,2.0,250.0,283,-1966.23,0.908,28.27,4725.77,-0.42,43.06,31,72,-11.18
11,14,10,inflection,none,False,1.5,4.5,2.5,0.0,471,-6188.75,0.866,33.97,7765.54,-0.8,25.0,18,72,-15.2
11,14,10,inflection,none,False,1.5,4.5,2.5,200.0,196,688.03,1.039,37.76,2216.89,0.31,51.39,37,72,7.8
11,14,10,inflection,none,False,1.5,4.5,2.5,250.0,217,252.61,1.013,37.33,1862.72,0.14,48.61,35,72,2.88
11,14,10,inflection,none,False,1.5,5.0,1.5,0.0,610,-8883.95,0.799,19.84,9576.29,-0.93,19.44,14,72,-14.1
11,14,10,inflection,none,False,1.5,5.0,1.5,200.0,297,-1672.66,0.911,19.87,4128.8,-0.41,40.28,29,72,-9.55
11,14,10,inflection,none,False,1.5,5.0,1.5,250.0,307,-1876.9,0.903,19.54,3947.31,-0.48,38.89,28,72,-10.49
11,14,10,inflection,none,False,1.5,5.0,2.0,0.0,537,-4598.21,0.907,27.19,5791.14,-0.79,25.0,18,72,-13.7
11,14,10,inflection,none,False,1.5,5.0,2.0,200.0,225,1070.24,1.063,28.89,2659.76,0.4,48.61,35,72,10.72
11,14,10,inflection,none,False,1.5,5.0,2.0,250.0,253,1142.95,1.061,28.46,2482.48,0.46,47.22,34,72,11.49
11,14,10,inflection,none,False,1.5,5.0,2.5,0.0,460,-3423.58,0.926,32.61,6727.33,-0.51,25.0,18,72,-9.66
11,14,10,inflection,none,False,1.5,5.0,2.5,200.0,190,3329.31,1.201,37.89,1795.66,1.85,54.17,39,72,51.11
11,14,10,inflection,none,False,1.5,5.0,2.5,250.0,203,3471.39,1.195,37.93,1826.14,1.9,52.78,38,72,51.24
11,14,10,zero_cross,ema200,True,1.35,3.5,1.5,0.0,171,-2100.21,0.8,28.65,2516.03,-0.83,33.33,24,72,-11.16
11,14,10,zero_cross,ema200,True,1.35,3.5,1.5,200.0,159,-1941.35,0.793,27.67,2222.0,-0.87,34.72,25,72,-11.34
11,14,10,zero_cross,ema200,True,1.35,3.5,1.5,250.0,163,-2091.26,0.785,27.61,2371.91,-0.88,34.72,25,72,-11.7
11,14,10,zero_cross,ema200,True,1.35,3.5,2.0,0.0,158,-2206.04,0.817,34.81,2623.01,-0.84,37.5,27,72,-13.2
11,14,10,zero_cross,ema200,True,1.35,3.5,2.0,200.0,140,-1551.5,0.849,35.0,1963.89,-0.79,38.89,28,72,-11.56
11,14,10,zero_cross,ema200,True,1.35,3.5,2.0,250.0,148,-1750.53,0.839,34.46,2162.92,-0.81,38.89,28,72,-12.28
11,14,10,zero_cross,ema200,True,1.35,3.5,2.5,0.0,152,-1382.09,0.895,42.76,2719.12,-0.51,44.44,32,72,-10.54
11,14,10,zero_cross,ema200,True,1.35,3.5,2.5,200.0,125,722.71,1.079,45.6,1640.3,0.44,48.61,35,72,9.36
11,14,10,zero_cross,ema200,True,1.35,3.5,2.5,250.0,135,584.91,1.058,44.44,1728.46,0.34,48.61,35,72,7.24
11,14,10,zero_cross,ema200,True,1.35,4.0,1.5,0.0,168,-2160.32,0.798,26.19,2636.53,-0.82,36.11,26,72,-12.12
11,14,10,zero_cross,ema200,True,1.35,4.0,1.5,200.0,156,-2463.72,0.747,24.36,3068.86,-0.8,36.11,26,72,-12.0
11,14,10,zero_cross,ema200,True,1.35,4.0,1.5,250.0,159,-1886.69,0.806,25.79,2491.83,-0.76,36.11,26,72,-11.0
11,14,10,zero_cross,ema200,True,1.35,4.0,2.0,0.0,155,-2641.4,0.787,31.61,3012.4,-0.88,31.94,23,72,-12.1
11,14,10,zero_cross,ema200,True,1.35,4.0,2.0,200.0,139,-2515.25,0.764,29.5,2956.4,-0.85,33.33,24,72,-11.78
11,14,10,zero_cross,ema200,True,1.35,4.0,2.0,250.0,147,-2437.55,0.785,30.61,2878.7,-0.85,31.94,23,72,-11.39
11,14,10,zero_cross,ema200,True,1.35,4.0,2.5,0.0,147,-1655.13,0.875,39.46,2869.84,-0.58,41.67,30,72,-11.27
11,14,10,zero_cross,ema200,True,1.35,4.0,2.5,200.0,125,-872.88,0.916,39.2,2032.62,-0.43,43.06,31,72,-7.64
11,14,10,zero_cross,ema200,True,1.35,4.0,2.5,250.0,132,-332.22,0.969,40.15,1703.35,-0.2,43.06,31,72,-3.36
11,14,10,zero_cross,ema200,True,1.35,4.5,1.5,0.0,167,-1997.01,0.817,23.95,2762.66,-0.72,34.72,25,72,-10.78
11,14,10,zero_cross,ema200,True,1.35,4.5,1.5,200.0,153,-1963.86,0.796,22.88,2470.29,-0.79,34.72,25,72,-10.92
11,14,10,zero_cross,ema200,True,1.35,4.5,1.5,250.0,157,-2077.81,0.791,22.93,2584.24,-0.8,33.33,24,72,-10.78
11,14,10,zero_cross,ema200,True,1.35,4.5,2.0,0.0,152,-1891.66,0.847,30.26,2856.14,-0.66,33.33,24,72,-9.99
11,14,10,zero_cross,ema200,True,1.35,4.5,2.0,200.0,129,-876.09,0.91,30.23,1853.5,-0.47,37.5,27,72,-6.94
11,14,10,zero_cross,ema200,True,1.35,4.5,2.0,250.0,138,-1593.16,0.85,28.99,2166.69,-0.74,34.72,25,72,-10.1
11,14,10,zero_cross,ema200,True,1.35,4.5,2.5,0.0,145,-745.19,0.944,37.93,2535.23,-0.29,41.67,30,72,-5.82
11,14,10,zero_cross,ema200,True,1.35,4.5,2.5,200.0,121,62.36,1.006,38.02,1609.95,0.04,44.44,32,72,0.69
11,14,10,zero_cross,ema200,True,1.35,4.5,2.5,250.0,127,-66.35,0.994,37.8,1452.3,-0.05,43.06,31,72,-0.75
11,14,10,zero_cross,ema200,True,1.35,5.0,1.5,0.0,164,-3146.24,0.714,20.73,3793.87,-0.83,30.56,22,72,-11.15
11,14,10,zero_cross,ema200,True,1.35,5.0,1.5,200.0,150,-4645.1,0.558,17.33,4828.81,-0.96,30.56,22,72,-11.4
11,14,10,zero_cross,ema200,True,1.35,5.0,1.5,250.0,158,-4149.05,0.618,18.99,4332.76,-0.96,29.17,21,72,-11.36
11,14,10,zero_cross,ema200,True,1.35,5.0,2.0,0.0,148,-2288.86,0.81,27.7,3377.93,-0.68,33.33,24,72,-10.63
11,14,10,zero_cross,ema200,True,1.35,5.0,2.0,200.0,125,-2535.39,0.752,26.4,2901.74,-0.87,36.11,26,72,-12.78
11,14,10,zero_cross,ema200,True,1.35,5.0,2.0,250.0,136,-3076.86,0.726,25.74,3281.8,-0.94,33.33,24,72,-13.0
11,14,10,zero_cross,ema200,True,1.35,5.0,2.5,0.0,142,-1833.0,0.864,34.51,3828.49,-0.48,37.5,27,72,-9.6
11,14,10,zero_cross,ema200,True,1.35,5.0,2.5,200.0,118,-1731.62,0.842,33.9,3008.28,-0.58,40.28,29,72,-10.71
11,14,10,zero_cross,ema200,True,1.35,5.0,2.5,250.0,126,-1680.79,0.856,34.13,2721.07,-0.62,38.89,28,72,-10.73
11,14,10,zero_cross,ema200,True,1.4,3.5,1.5,0.0,176,-2282.04,0.79,28.41,2492.13,-0.92,31.94,23,72,-11.53
11,14,10,zero_cross,ema200,True,1.4,3.5,1.5,200.0,163,-2346.32,0.761,26.99,2534.67,-0.93,33.33,24,72,-11.82
11,14,10,zero_cross,ema200,True,1.4,3.5,1.5,250.0,168,-2273.09,0.776,27.38,2461.44,-0.92,33.33,24,72,-11.85
11,14,10,zero_cross,ema200,True,1.4,3.5,2.0,0.0,163,-2518.71,0.8,34.36,2560.02,-0.98,37.5,27,72,-14.93
11,14,10,zero_cross,ema200,True,1.4,3.5,2.0,200.0,144,-2087.31,0.807,34.03,2383.99,-0.88,38.89,28,72,-13.42
11,14,10,zero_cross,ema200,True,1.4,3.5,2.0,250.0,153,-2063.2,0.819,33.99,2359.88,-0.87,38.89,28,72,-13.53
11,14,10,zero_cross,ema200,True,1.4,3.5,2.5,0.0,157,-1825.62,0.868,42.04,2688.99,-0.68,44.44,32,72,-13.58
11,14,10,zero_cross,ema200,True,1.4,3.5,2.5,200.0,129,56.04,1.006,44.19,1977.32,0.03,48.61,35,72,0.62
11,14,10,zero_cross,ema200,True,1.4,3.5,2.5,250.0,140,141.38,1.013,43.57,2003.42,0.07,48.61,35,72,1.56
11,14,10,zero_cross,ema200,True,1.4,4.0,1.5,0.0,173,-2309.83,0.792,26.01,2596.3,-0.89,34.72,25,72,-12.47
11,14,10,zero_cross,ema200,True,1.4,4.0,1.5,200.0,160,-2868.69,0.717,23.75,3362.85,-0.85,34.72,25,72,-12.31
11,14,10,zero_cross,ema200,True,1.4,4.0,1.5,250.0,163,-2291.66,0.774,25.15,2785.82,-0.82,34.72,25,72,-11.67
11,14,10,zero_cross,ema200,True,1.4,4.0,2.0,0.0,160,-2921.75,0.775,31.25,2978.01,-0.98,31.94,23,72,-13.25
11,14,10,zero_cross,ema200,True,1.4,4.0,2.0,200.0,143,-3051.06,0.727,28.67,3443.04,-0.89,33.33,24,72,-12.6
11,14,10,zero_cross,ema200,True,1.4,4.0,2.0,250.0,151,-2973.36,0.75,29.8,3365.34,-0.88,31.94,23,72,-12.28
11,14,10,zero_cross,ema200,True,1.4,4.0,2.5,0.0,152,-2066.34,0.852,38.82,2807.39,-0.74,41.67,30,72,-13.85
11,14,10,zero_cross,ema200,True,1.4,4.0,2.5,200.0,129,-1539.55,0.86,37.98,2516.4,-0.61,43.06,31,72,-11.37
11,14,10,zero_cross,ema200,True,1.4,4.0,2.5,250.0,136,-998.89,0.912,38.97,2187.13,-0.46,43.06,31,72,-8.39
11,14,10,zero_cross,ema200,True,1.4,4.5,1.5,0.0,172,-2114.2,0.813,23.84,2591.93,-0.82,33.33,24,72,-11.25
11,14,10,zero_cross,ema200,True,1.4,4.5,1.5,200.0,157,-2368.83,0.764,22.29,2764.28,-0.86,33.33,24,72,-11.47
11,14,10,zero_cross,ema200,True,1.4,4.5,1.5,250.0,161,-2482.78,0.76,22.36,2878.23,-0.86,31.94,23,72,-11.23
11,14,10,zero_cross,ema200,True,1.4,4.5,2.0,0.0,157,-2139.69,0.834,29.94,2723.39,-0.79,33.33,24,72,-11.4
11,14,10,zero_cross,ema200,True,1.4,4.5,2.0,200.0,133,-1411.9,0.862,29.32,2008.53,-0.7,37.5,27,72,-10.18
11,14,10,zero_cross,ema200,True,1.4,4.5,2.0,250.0,142,-2128.97,0.809,28.17,2555.57,-0.83,34.72,25,72,-11.83
11,14,10,zero_cross,ema200,True,1.4,4.5,2.5,0.0,150,-1124.08,0.92,37.33,2440.46,-0.46,41.67,30,72,-8.72
11,14,10,zero_cross,ema200,True,1.4,4.5,2.5,200.0,125,-604.31,0.944,36.8,1802.96,-0.34,44.44,32,72,-5.97
11,14,10,zero_cross,ema200,True,1.4,4.5,2.5,250.0,131,-733.02,0.935,36.64,1684.09,-0.44,43.06,31,72,-7.19
11,14,10,zero_cross,ema200,True,1.4,5.0,1.5,0.0,169,-3231.11,0.717,20.71,3590.82,-0.9,30.56,22,72,-11.81
11,14,10,zero_cross,ema200,True,1.4,5.0,1.5,200.0,155,-4729.97,0.566,17.42,4913.68,-0.96,30.56,22,72,-11.67
11,14,10,zero_cross,ema200,True,1.4,5.0,1.5,250.0,163,-4233.92,0.624,19.02,4417.63,-0.96,29.17,21,72,-11.59
11,14,10,zero_cross,ema200,True,1.4,5.0,2.0,0.0,153,-2504.57,0.801,27.45,3212.86,-0.78,34.72,25,72,-12.29
11,14,10,zero_cross,ema200,True,1.4,5.0,2.0,200.0,130,-2751.1,0.744,26.15,2790.86,-0.99,37.5,27,72,-14.53
11,14,10,zero_cross,ema200,True,1.4,5.0,2.0,250.0,141,-3292.57,0.72,25.53,3332.33,-0.99,34.72,25,72,-14.26
11,14,10,zero_cross,ema200,True,1.4,5.0,2.5,0.0,147,-2179.57,0.846,34.01,3701.4,-0.59,37.5,27,72,-11.37
11,14,10,zero_cross,ema200,True,1.4,5.0,2.5,200.0,123,-2078.19,0.821,33.33,2881.19,-0.72,40.28,29,72,-12.8
11,14,10,zero_cross,ema200,True,1.4,5.0,2.5,250.0,131,-2027.36,0.835,33.59,2593.98,-0.78,38.89,28,72,-12.93
11,14,10,zero_cross,ema200,False,1.5,3.5,1.5,0.0,532,1926.15,1.061,31.95,4223.05,0.46,40.28,29,72,12.67
11,14,10,zero_cross,ema200,False,1.5,3.5,1.5,200.0,353,-1137.79,0.943,31.73,2182.25,-0.52,50.0,36,72,-11.48
11,14,10,zero_cross,ema200,False,1.5,3.5,1.5,250.0,385,-182.84,0.991,32.21,2140.66,-0.09,48.61,35,72,-1.9
11,14,10,zero_cross,ema200,False,1.5,3.5,2.0,0.0,473,-2310.23,0.932,36.36,5385.45,-0.43,33.33,24,72,-9.78
11,14,10,zero_cross,ema200,False,1.5,3.5,2.0,200.0,334,-1588.09,0.93,35.93,3506.39,-0.45,44.44,32,72,-11.08
11,14,10,zero_cross,ema200,False,1.5,3.5,2.0,250.0,357,-1895.84,0.921,35.85,3915.69,-0.48,40.28,29,72,-11.24
11,14,10,zero_cross,ema200,False,1.5,3.5,2.5,0.0,420,-4130.11,0.886,41.19,6044.07,-0.68,36.11,26,72,-17.0
11,14,10,zero_cross,ema200,False,1.5,3.5,2.5,200.0,252,-3081.94,0.847,39.68,3589.61,-0.86,44.44,32,72,-19.36
11,14,10,zero_cross,ema200,False,1.5,3.5,2.5,250.0,266,-2620.86,0.874,40.6,3333.47,-0.79,44.44,32,72,-17.63
11,14,10,zero_cross,ema200,False,1.5,4.0,1.5,0.0,511,1270.28,1.04,29.55,4117.91,0.31,41.67,30,72,8.58
11,14,10,zero_cross,ema200,False,1.5,4.0,1.5,200.0,329,-1272.68,0.934,28.57,2902.85,-0.44,47.22,34,72,-10.42
11,14,10,zero_cross,ema200,False,1.5,4.0,1.5,250.0,378,-1327.39,0.94,28.57,2774.33,-0.48,45.83,33,72,-10.86
11,14,10,zero_cross,ema200,False,1.5,4.0,2.0,0.0,451,-1706.85,0.949,33.92,5299.2,-0.32,38.89,28,72,-8.65
11,14,10,zero_cross,ema200,False,1.5,4.0,2.0,200.0,299,-1685.6,0.92,32.44,3781.84,-0.45,47.22,34,72,-11.91
11,14,10,zero_cross,ema200,False,1.5,4.0,2.0,250.0,326,-1093.57,0.952,33.13,3466.7,-0.32,45.83,33,72,-8.1
11,14,10,zero_cross,ema200,False,1.5,4.0,2.5,0.0,406,-2821.67,0.922,39.16,5592.85,-0.5,36.11,26,72,-12.56
11,14,10,zero_cross,ema200,False,1.5,4.0,2.5,200.0,243,-1525.26,0.923,38.27,2934.09,-0.52,45.83,33,72,-11.91
11,14,10,zero_cross,ema200,False,1.5,4.0,2.5,250.0,251,-932.39,0.954,39.04,2341.22,-0.4,45.83,33,72,-8.43
11,14,10,zero_cross,ema200,False,1.5,4.5,1.5,0.0,495,3223.98,1.103,27.88,3690.57,0.87,41.67,30,72,24.39
11,14,10,zero_cross,ema200,False,1.5,4.5,1.5,200.0,305,-424.99,0.977,26.56,2659.88,-0.16,47.22,34,72,-3.8
11,14,10,zero_cross,ema200,False,1.5,4.5,1.5,250.0,339,621.83,1.031,27.73,2544.26,0.24,47.22,34,72,6.0
11,14,10,zero_cross,ema200,False,1.5,4.5,2.0,0.0,428,-1291.67,0.961,31.31,5254.49,-0.25,37.5,27,72,-6.42
11,14,10,zero_cross,ema200,False,1.5,4.5,2.0,200.0,280,-1215.43,0.941,30.71,2648.61,-0.46,45.83,33,72,-10.18
11,14,10,zero_cross,ema200,False,1.5,4.5,2.0,250.0,303,-503.65,0.977,31.35,2948.21,-0.17,45.83,33,72,-4.15
11,14,10,zero_cross,ema200,False,1.5,4.5,2.5,0.0,389,-2328.82,0.936,36.25,5210.56,-0.45,37.5,27,72,-11.32
11,14,10,zero_cross,ema200,False,1.5,4.5,2.5,200.0,228,-786.64,0.959,36.84,2562.74,-0.31,47.22,34,72,-7.04
11,14,10,zero_cross,ema200,False,1.5,4.5,2.5,250.0,245,-668.41,0.967,36.73,1980.33,-0.34,45.83,33,72,-6.66
11,14,10,zero_cross,ema200,False,1.5,5.0,1.5,0.0,482,3405.78,1.107,26.35,3629.12,0.94,43.06,31,72,26.95
11,14,10,zero_cross,ema200,False,1.5,5.0,1.5,200.0,271,117.21,1.007,25.09,2136.38,0.05,48.61,35,72,1.24
11,14,10,zero_cross,ema200,False,1.5,5.0,1.5,250.0,320,948.4,1.049,25.94,2372.2,0.4,47.22,34,72,9.65
11,14,10,zero_cross,ema200,False,1.5,5.0,2.0,0.0,423,-407.98,0.988,30.02,4818.25,-0.08,37.5,27,72,-2.18
11,14,10,zero_cross,ema200,False,1.5,5.0,2.0,200.0,251,-370.88,0.98,29.48,1837.09,-0.2,47.22,34,72,-4.0
11,14,10,zero_cross,ema200,False,1.5,5.0,2.0,250.0,287,-32.19,0.998,29.97,2279.79,-0.01,45.83,33,72,-0.31
11,14,10,zero_cross,ema200,False,1.5,5.0,2.5,0.0,368,-2227.0,0.936,34.24,4338.05,-0.51,36.11,26,72,-11.43
11,14,10,zero_cross,ema200,False,1.5,5.0,2.5,200.0,211,-3012.3,0.848,32.7,3229.93,-0.93,45.83,33,72,-20.6
11,14,10,zero_cross,ema200,False,1.5,5.0,2.5,250.0,239,-2132.94,0.902,33.89,2620.24,-0.81,44.44,32,72,-16.7
11,14,10,zero_cross,ema50,True,1.35,3.5,1.5,0.0,218,-428.35,0.966,30.28,2187.92,-0.2,41.67,30,72,-3.69
11,14,10,zero_cross,ema50,True,1.35,3.5,1.5,200.0,199,-117.28,0.99,30.15,1861.27,-0.06,43.06,31,72,-1.16
11,14,10,zero_cross,ema50,True,1.35,3.5,1.5,250.0,207,-239.12,0.98,29.95,1861.27,-0.13,41.67,30,72,-2.26
11,14,10,zero_cross,ema50,True,1.35,3.5,2.0,0.0,198,-186.25,0.987,35.35,2248.77,-0.08,44.44,32,72,-1.72
11,14,10,zero_cross,ema50,True,1.35,3.5,2.0,200.0,175,-226.87,0.982,35.43,2000.52,-0.11,45.83,33,72,-2.28
11,14,10,zero_cross,ema50,True,1.35,3.5,2.0,250.0,184,-545.45,0.958,34.78,2000.52,-0.27,44.44,32,72,-5.19
11,14,10,zero_cross,ema50,True,1.35,3.5,2.5,0.0,193,1401.48,1.092,44.04,1939.03,0.72,54.17,39,72,18.83
11,14,10,zero_cross,ema50,True,1.35,3.5,2.5,200.0,161,1782.31,1.149,45.34,1447.75,1.23,58.33,42,72,31.39
11,14,10,zero_cross,ema50,True,1.35,3.5,2.5,250.0,168,1891.66,1.151,45.24,1327.99,1.42,56.94,41,72,34.02
11,14,10,zero_cross,ema50,True,1.35,4.0,1.5,0.0,211,-852.01,0.935,27.01,2721.26,-0.31,41.67,30,72,-6.36
11,14,10,zero_cross,ema50,True,1.35,4.0,1.5,200.0,196,-794.85,0.934,26.02,2523.11,-0.32,41.67,30,72,-6.16
11,14,10,zero_cross,ema50,True,1.35,4.0,1.5,250.0,200,-124.38,0.99,27.5,2297.36,-0.05,41.67,30,72,-1.07
11,14,10,zero_cross,ema50,True,1.35,4.0,2.0,0.0,189,-460.71,0.967,32.28,2835.07,-0.16,40.28,29,72,-3.37
11,14,10,zero_cross,ema50,True,1.35,4.0,2.0,200.0,169,-1179.25,0.908,30.77,3260.04,-0.36,41.67,30,72,-7.81
11,14,10,zero_cross,ema50,True,1.35,4.0,2.0,250.0,175,-376.46,0.971,32.57,2835.07,-0.13,41.67,30,72,-2.86
11,14,10,zero_cross,ema50,True,1.35,4.0,2.5,0.0,181,1065.88,1.071,40.33,2105.52,0.51,50.0,36,72,12.44
11,14,10,zero_cross,ema50,True,1.35,4.0,2.5,200.0,154,966.8,1.077,40.26,1684.23,0.57,52.78,38,72,13.39
11,14,10,zero_cross,ema50,True,1.35,4.0,2.5,250.0,164,1252.47,1.096,40.85,1664.42,0.75,51.39,37,72,17.29
11,14,10,zero_cross,ema50,True,1.35,4.5,1.5,0.0,207,-21.59,0.998,25.6,2812.7,-0.01,41.67,30,72,-0.17
11,14,10,zero_cross,ema50,True,1.35,4.5,1.5,200.0,189,-207.31,0.982,24.34,2361.51,-0.09,43.06,31,72,-1.8
11,14,10,zero_cross,ema50,True,1.35,4.5,1.5,250.0,195,-231.26,0.981,24.62,2695.71,-0.09,41.67,30,72,-1.82
11,14,10,zero_cross,ema50,True,1.35,4.5,2.0,0.0,186,1006.97,1.072,31.72,2868.92,0.35,43.06,31,72,8.68
11,14,10,zero_cross,ema50,True,1.35,4.5,2.0,200.0,161,-64.18,0.995,29.81,2722.6,-0.02,44.44,32,72,-0.54
11,14,10,zero_cross,ema50,True,1.35,4.5,2.0,250.0,169,-145.78,0.989,30.18,3077.14,-0.05,43.06,31,72,-1.12
11,14,10,zero_cross,ema50,True,1.35,4.5,2.5,0.0,176,2205.49,1.147,38.64,1860.56,1.19,48.61,35,72,28.51
11,14,10,zero_cross,ema50,True,1.35,4.5,2.5,200.0,148,1076.71,1.086,37.16,1657.23,0.65,50.0,36,72,14.36
11,14,10,zero_cross,ema50,True,1.35,4.5,2.5,250.0,155,1744.8,1.136,38.71,1475.04,1.18,50.0,36,72,25.8
11,14,10,zero_cross,ema50,True,1.35,5.0,1.5,0.0,206,-36.27,0.997,23.3,3142.98,-0.01,38.89,28,72,-0.25
11,14,10,zero_cross,ema50,True,1.35,5.0,1.5,200.0,185,-507.19,0.958,21.62,2441.69,-0.21,40.28,29,72,-3.96
11,14,10,zero_cross,ema50,True,1.35,5.0,1.5,250.0,193,-599.43,0.952,21.76,2931.53,-0.2,38.89,28,72,-4.1
11,14,10,zero_cross,ema50,True,1.35,5.0,2.0,0.0,185,1774.69,1.125,30.27,2613.38,0.68,40.28,29,72,15.73
11,14,10,zero_cross,ema50,True,1.35,5.0,2.0,200.0,159,690.28,1.056,28.93,2235.87,0.31,43.06,31,72,6.64
11,14,10,zero_cross,ema50,True,1.35,5.0,2.0,250.0,167,112.59,1.009,28.14,2882.79,0.04,40.28,29,72,0.85
11,14,10,zero_cross,ema50,True,1.35,5.0,2.5,0.0,176,2320.68,1.149,36.36,1856.39,1.25,45.83,33,72,28.36
11,14,10,zero_cross,ema50,True,1.35,5.0,2.5,200.0,148,1668.56,1.128,35.81,1489.06,1.12,48.61,35,72,23.71
11,14,10,zero_cross,ema50,True,1.35,5.0,2.5,250.0,154,1663.56,1.123,35.71,1317.19,1.26,47.22,34,72,24.31
11,14,10,zero_cross,ema50,True,1.4,3.5,1.5,0.0,223,-650.14,0.951,30.04,2232.77,-0.29,40.28,29,72,-5.27
11,14,10,zero_cross,ema50,True,1.4,3.5,1.5,200.0,201,-298.59,0.974,29.85,1978.32,-0.15,43.06,31,72,-2.82
11,14,10,zero_cross,ema50,True,1.4,3.5,1.5,250.0,210,-197.29,0.984,30.0,1978.32,-0.1,41.67,30,72,-1.82
11,14,10,zero_cross,ema50,True,1.4,3.5,2.0,0.0,202,74.51,1.005,35.64,2403.8,0.03,44.44,32,72,0.68
11,14,10,zero_cross,ema50,True,1.4,3.5,2.0,200.0,176,-381.9,0.969,35.23,2155.55,-0.18,45.83,33,72,-3.65
11,14,10,zero_cross,ema50,True,1.4,3.5,2.0,250.0,186,-477.34,0.964,34.95,2155.55,-0.22,44.44,32,72,-4.4
11,14,10,zero_cross,ema50,True,1.4,3.5,2.5,0.0,197,1587.73,1.102,44.16,2132.04,0.74,54.17,39,72,20.53
11,14,10,zero_cross,ema50,True,1.4,3.5,2.5,200.0,162,1589.3,1.13,45.06,1640.76,0.97,58.33,42,72,25.86
11,14,10,zero_cross,ema50,True,1.4,3.5,2.5,250.0,170,1921.79,1.151,45.29,1521.0,1.26,56.94,41,72,32.29
11,14,10,zero_cross,ema50,True,1.4,4.0,1.5,0.0,216,-1041.48,0.923,26.85,2772.14,-0.38,40.28,29,72,-7.35
11,14,10,zero_cross,ema50,True,1.4,4.0,1.5,200.0,198,-976.16,0.92,25.76,2668.42,-0.37,41.67,30,72,-7.24
11,14,10,zero_cross,ema50,True,1.4,4.0,1.5,250.0,202,-305.69,0.975,27.23,2414.41,-0.13,41.67,30,72,-2.53
11,14,10,zero_cross,ema50,True,1.4,4.0,2.0,0.0,193,-118.35,0.992,32.64,2990.1,-0.04,40.28,29,72,-0.86
11,14,10,zero_cross,ema50,True,1.4,4.0,2.0,200.0,170,-1334.28,0.897,30.59,3415.07,-0.39,41.67,30,72,-8.53
11,14,10,zero_cross,ema50,True,1.4,4.0,2.0,250.0,176,-531.49,0.959,32.39,2990.1,-0.18,41.67,30,72,-3.88
11,14,10,zero_cross,ema50,True,1.4,4.0,2.5,0.0,185,1333.73,1.086,40.54,2298.53,0.58,50.0,36,72,15.11
11,14,10,zero_cross,ema50,True,1.4,4.0,2.5,200.0,155,773.79,1.061,40.0,1877.24,0.41,52.78,38,72,10.0
11,14,10,zero_cross,ema50,True,1.4,4.0,2.5,250.0,165,1059.46,1.08,40.61,1857.43,0.57,51.39,37,72,13.64
11,14,10,zero_cross,ema50,True,1.4,4.5,1.5,0.0,212,-178.74,0.987,25.47,2896.23,-0.06,40.28,29,72,-1.32
11,14,10,zero_cross,ema50,True,1.4,4.5,1.5,200.0,191,-388.62,0.967,24.08,2478.56,-0.16,43.06,31,72,-3.25
11,14,10,zero_cross,ema50,True,1.4,4.5,1.5,250.0,197,-412.57,0.966,24.37,2812.76,-0.15,41.67,30,72,-3.13
11,14,10,zero_cross,ema50,True,1.4,4.5,2.0,0.0,190,1430.93,1.1,32.11,3023.95,0.47,43.06,31,72,12.33
11,14,10,zero_cross,ema50,True,1.4,4.5,2.0,200.0,162,-219.21,0.982,29.63,2877.63,-0.08,44.44,32,72,-1.78
11,14,10,zero_cross,ema50,True,1.4,4.5,2.0,250.0,170,-300.81,0.977,30.0,3232.17,-0.09,43.06,31,72,-2.23
11,14,10,zero_cross,ema50,True,1.4,4.5,2.5,0.0,180,2554.94,1.166,38.89,2053.57,1.24,48.61,35,72,31.96
11,14,10,zero_cross,ema50,True,1.4,4.5,2.5,200.0,149,883.7,1.069,36.91,1850.24,0.48,50.0,36,72,10.98
11,14,10,zero_cross,ema50,True,1.4,4.5,2.5,250.0,156,1551.79,1.119,38.46,1668.05,0.93,50.0,36,72,21.26
11,14,10,zero_cross,ema50,True,1.4,5.0,1.5,0.0,211,-161.1,0.988,23.22,3090.87,-0.05,40.28,29,72,-1.15
11,14,10,zero_cross,ema50,True,1.4,5.0,1.5,200.0,188,-368.4,0.97,21.81,2483.06,-0.15,41.67,30,72,-2.99
11,14,10,zero_cross,ema50,True,1.4,5.0,1.5,250.0,196,-460.64,0.963,21.94,2972.9,-0.15,40.28,29,72,-3.28
11,14,10,zero_cross,ema50,True,1.4,5.0,2.0,0.0,189,2280.25,1.157,30.69,2768.41,0.82,41.67,30,72,20.89
11,14,10,zero_cross,ema50,True,1.4,5.0,2.0,200.0,161,855.35,1.068,29.19,2390.9,0.36,44.44,32,72,8.3
11,14,10,zero_cross,ema50,True,1.4,5.0,2.0,250.0,169,277.66,1.021,28.4,3037.82,0.09,41.67,30,72,2.14
11,14,10,zero_cross,ema50,True,1.4,5.0,2.5,0.0,180,2751.73,1.172,36.67,2049.4,1.34,47.22,34,72,33.64
11,14,10,zero_cross,ema50,True,1.4,5.0,2.5,200.0,150,1795.65,1.136,36.0,1551.27,1.16,50.0,36,72,25.9
11,14,10,zero_cross,ema50,True,1.4,5.0,2.5,250.0,156,1790.65,1.131,35.9,1510.2,1.19,48.61,35,72,25.33
11,14,10,zero_cross,ema50,False,1.5,3.5,1.5,0.0,636,-2209.44,0.942,31.45,3791.83,-0.58,41.67,30,72,-14.08
11,14,10,zero_cross,ema50,False,1.5,3.5,1.5,200.0,424,1898.34,1.084,34.43,2061.34,0.92,59.72,43,72,27.07
11,14,10,zero_cross,ema50,False,1.5,3.5,1.5,250.0,463,2812.62,1.113,34.77,1901.47,1.48,56.94,41,72,40.88
11,14,10,zero_cross,ema50,False,1.5,3.5,2.0,0.0,523,-3586.81,0.906,36.9,4104.16,-0.87,40.28,29,72,-20.43
11,14,10,zero_cross,ema50,False,1.5,3.5,2.0,200.0,316,662.82,1.031,39.56,2231.59,0.3,55.56,40,72,8.04
11,14,10,zero_cross,ema50,False,1.5,3.5,2.0,250.0,364,-807.26,0.968,38.46,2568.25,-0.31,51.39,37,72,-7.92
11,14,10,zero_cross,ema50,False,1.5,3.5,2.5,0.0,458,-3879.13,0.902,41.05,6077.52,-0.64,31.94,23,72,-14.34
11,14,10,zero_cross,ema50,False,1.5,3.5,2.5,200.0,238,1803.58,1.104,45.8,1929.58,0.93,55.56,40,72,25.18
11,14,10,zero_cross,ema50,False,1.5,3.5,2.5,250.0,270,282.31,1.014,43.7,2131.95,0.13,48.61,35,72,3.01
11,14,10,zero_cross,ema50,False,1.5,4.0,1.5,0.0,630,1160.93,1.03,30.48,3140.46,0.37,45.83,33,72,9.78
11,14,10,zero_cross,ema50,False,1.5,4.0,1.5,200.0,388,2980.13,1.138,32.73,2026.06,1.47,59.72,43,72,45.0
11,14,10,zero_cross,ema50,False,1.5,4.0,1.5,250.0,415,3408.4,1.149,33.01,1913.96,1.78,56.94,41,72,50.97
11,14,10,zero_cross,ema50,False,1.5,4.0,2.0,0.0,500,-315.18,0.992,35.6,2945.63,-0.11,41.67,30,72,-2.4
11,14,10,zero_cross,ema50,False,1.5,4.0,2.0,200.0,297,2075.23,1.102,37.71,1901.76,1.09,55.56,40,72,29.14
11,14,10,zero_cross,ema50,False,1.5,4.0,2.0,250.0,323,1169.92,1.052,36.84,2455.55,0.48,51.39,37,72,12.76
11,14,10,zero_cross,ema50,False,1.5,4.0,2.5,0.0,441,-1584.48,0.96,39.46,3508.09,-0.45,40.28,29,72,-10.34
11,14,10,zero_cross,ema50,False,1.5,4.0,2.5,200.0,225,2096.7,1.12,43.11,1966.97,1.07,56.94,41,72,30.15
11,14,10,zero_cross,ema50,False,1.5,4.0,2.5,250.0,249,2074.71,1.108,42.97,2268.22,0.91,55.56,40,72,26.82
11,14,10,zero_cross,ema50,False,1.5,4.5,1.5,0.0,595,3686.51,1.098,29.08,2720.88,1.35,41.67,30,72,32.34
11,14,10,zero_cross,ema50,False,1.5,4.5,1.5,200.0,329,3517.71,1.182,31.31,2028.82,1.73,58.33,42,72,53.85
11,14,10,zero_cross,ema50,False,1.5,4.5,1.5,250.0,391,3984.26,1.175,30.69,2360.81,1.69,52.78,38,72,50.85
11,14,10,zero_cross,ema50,False,1.5,4.5,2.0,0.0,466,-582.22,0.984,33.48,2538.63,-0.23,40.28,29,72,-4.58
11,14,10,zero_cross,ema50,False,1.5,4.5,2.0,200.0,277,3385.33,1.173,36.82,1691.37,2.0,58.33,42,72,56.32
11,14,10,zero_cross,ema50,False,1.5,4.5,2.0,250.0,305,2598.3,1.118,35.74,2169.18,1.2,52.78,38,72,32.92
11,14,10,zero_cross,ema50,False,1.5,4.5,2.5,0.0,412,-153.79,0.996,37.86,3060.97,-0.05,44.44,32,72,-1.23
11,14,10,zero_cross,ema50,False,1.5,4.5,2.5,200.0,212,2511.58,1.145,40.57,1540.41,1.63,55.56,40,72,40.71
11,14,10,zero_cross,ema50,False,1.5,4.5,2.5,250.0,224,3381.51,1.189,41.52,1205.51,2.81,55.56,40,72,64.34
11,14,10,zero_cross,ema50,False,1.5,5.0,1.5,0.0,579,3511.2,1.092,26.94,2323.3,1.51,40.28,29,72,32.04
11,14,10,zero_cross,ema50,False,1.5,5.0,1.5,200.0,288,5390.11,1.315,31.6,1874.37,2.88,61.11,44,72,100.05
11,14,10,zero_cross,ema50,False,1.5,5.0,1.5,250.0,340,4218.8,1.206,29.41,1764.13,2.39,55.56,40,72,67.3
11,14,10,zero_cross,ema50,False,1.5,5.0,2.0,0.0,456,2742.56,1.074,32.68,2062.55,1.33,41.67,30,72,27.03
11,14,10,zero_cross,ema50,False,1.5,5.0,2.0,200.0,259,3614.64,1.193,34.75,1609.46,2.25,59.72,43,72,64.19
11,14,10,zero_cross,ema50,False,1.5,5.0,2.0,250.0,293,3925.18,1.183,34.47,1538.52,2.55,56.94,41,72,67.41
11,14,10,zero_cross,ema50,False,1.5,5.0,2.5,0.0,407,3966.84,1.106,37.59,2217.4,1.79,45.83,33,72,42.7
11,14,10,zero_cross,ema50,False,1.5,5.0,2.5,200.0,205,4249.62,1.247,40.49,1415.64,3.0,59.72,43,72,84.11
11,14,10,zero_cross,ema50,False,1.5,5.0,2.5,250.0,233,3341.26,1.166,38.63,1464.54,2.28,55.56,40,72,56.56
11,14,10,zero_cross,none,True,1.35,3.5,1.5,0.0,285,-2033.98,0.885,28.42,3233.77,-0.63,37.5,27,72,-11.87
11,14,10,zero_cross,none,True,1.35,3.5,1.5,200.0,251,-2024.33,0.864,27.09,2865.71,-0.71,40.28,29,72,-13.16
11,14,10,zero_cross,none,True,1.35,3.5,1.5,250.0,264,-2004.1,0.873,27.27,2816.87,-0.71,38.89,28,72,-12.82
11,14,10,zero_cross,none,True,1.35,3.5,2.0,0.0,251,-2818.1,0.857,32.27,3254.13,-0.87,38.89,28,72,-16.46
11,14,10,zero_cross,none,True,1.35,3.5,2.0,200.0,217,-2532.93,0.844,30.88,3946.04,-0.64,41.67,30,72,-14.18
11,14,10,zero_cross,none,True,1.35,3.5,2.0,250.0,227,-2954.28,0.827,30.4,4417.09,-0.67,38.89,28,72,-14.3
11,14,10,zero_cross,none,True,1.35,3.5,2.5,0.0,243,-538.48,0.975,40.33,2302.17,-0.23,44.44,32,72,-4.86
11,14,10,zero_cross,none,True,1.35,3.5,2.5,200.0,192,512.48,1.035,40.62,1953.37,0.26,50.0,36,72,6.0
11,14,10,zero_cross,none,True,1.35,3.5,2.5,250.0,204,-188.36,0.988,39.71,2634.48,-0.07,45.83,33,72,-1.66
11,14,10,zero_cross,none,True,1.35,4.0,1.5,0.0,277,-1561.63,0.912,26.35,3337.63,-0.47,40.28,29,72,-9.93
11,14,10,zero_cross,none,True,1.35,4.0,1.5,200.0,241,-2348.23,0.844,24.07,3633.85,-0.65,41.67,30,72,-13.7
11,14,10,zero_cross,none,True,1.35,4.0,1.5,250.0,250,-1656.36,0.892,25.2,3081.22,-0.54,41.67,30,72,-11.09
11,14,10,zero_cross,none,True,1.35,4.0,2.0,0.0,242,-2107.84,0.893,30.17,3045.09,-0.69,38.89,28,72,-13.27
11,14,10,zero_cross,none,True,1.35,4.0,2.0,200.0,207,-4197.13,0.745,26.57,5030.31,-0.83,38.89,28,72,-17.15
11,14,10,zero_cross,none,True,1.35,4.0,2.0,250.0,221,-2019.17,0.881,28.96,3789.91,-0.53,38.89,28,72,-11.24
11,14,10,zero_cross,none,True,1.35,4.0,2.5,0.0,229,331.2,1.016,37.99,2433.75,0.14,41.67,30,72,2.84
11,14,10,zero_cross,none,True,1.35,4.0,2.5,200.0,183,-401.73,0.974,36.07,2609.95,-0.15,45.83,33,72,-3.51
11,14,10,zero_cross,none,True,1.35,4.0,2.5,250.0,193,1041.03,1.067,38.34,1840.75,0.57,45.83,33,72,11.87
11,14,10,zero_cross,none,True,1.35,4.5,1.5,0.0,270,-338.48,0.981,25.19,3220.37,-0.11,41.67,30,72,-2.44
11,14,10,zero_cross,none,True,1.35,4.5,1.5,200.0,228,-500.41,0.965,24.12,2728.42,-0.18,44.44,32,72,-4.11
11,14,10,zero_cross,none,True,1.35,4.5,1.5,250.0,242,-466.11,0.969,24.38,2784.2,-0.17,43.06,31,72,-3.69
11,14,10,zero_cross,none,True,1.35,4.5,2.0,0.0,238,-230.72,0.988,29.41,2589.86,-0.09,43.06,31,72,-1.93
11,14,10,zero_cross,none,True,1.35,4.5,2.0,200.0,199,-2275.22,0.857,26.13,3577.3,-0.64,43.06,31,72,-14.04
11,14,10,zero_cross,none,True,1.35,4.5,2.0,250.0,209,-2299.09,0.861,26.79,3601.17,-0.64,43.06,31,72,-14.2
11,14,10,zero_cross,none,True,1.35,4.5,2.5,0.0,226,2173.94,1.104,36.73,2389.21,0.91,47.22,34,72,23.19
11,14,10,zero_cross,none,True,1.35,4.5,2.5,200.0,174,1143.87,1.078,35.63,2019.43,0.57,47.22,34,72,12.96
11,14,10,zero_cross,none,True,1.35,4.5,2.5,250.0,185,1596.23,1.104,36.22,1702.91,0.94,47.22,34,72,20.16
11,14,10,zero_cross,none,True,1.35,5.0,1.5,0.0,266,-894.84,0.95,22.56,3034.85,-0.29,38.89,28,72,-6.0
11,14,10,zero_cross,none,True,1.35,5.0,1.5,200.0,224,-534.38,0.963,22.32,2737.09,-0.2,41.67,30,72,-4.1
11,14,10,zero_cross,none,True,1.35,5.0,1.5,250.0,239,-531.6,0.965,22.18,2785.22,-0.19,40.28,29,72,-3.92
11,14,10,zero_cross,none,True,1.35,5.0,2.0,0.0,235,-252.31,0.987,27.23,2386.3,-0.11,40.28,29,72,-2.05
11,14,10,zero_cross,none,True,1.35,5.0,2.0,200.0,186,-2126.34,0.862,24.73,3359.04,-0.63,41.67,30,72,-13.18
11,14,10,zero_cross,none,True,1.35,5.0,2.0,250.0,205,-2810.35,0.834,23.9,4043.05,-0.7,38.89,28,72,-14.34
11,14,10,zero_cross,none,True,1.35,5.0,2.5,0.0,224,1628.17,1.075,33.93,2309.8,0.7,48.61,35,72,17.7
11,14,10,zero_cross,none,True,1.35,5.0,2.5,200.0,164,1331.56,1.091,33.54,1714.6,0.78,48.61,35,72,17.05
11,14,10,zero_cross,none,True,1.35,5.0,2.5,250.0,178,1062.54,1.068,33.15,1948.55,0.55,47.22,34,72,12.14
11,14,10,zero_cross,none,True,1.4,3.5,1.5,0.0,290,-2632.01,0.855,27.59,3474.05,-0.76,37.5,27,72,-14.32
11,14,10,zero_cross,none,True,1.4,3.5,1.5,200.0,253,-2581.88,0.83,26.09,3394.65,-0.76,40.28,29,72,-14.82
11,14,10,zero_cross,none,True,1.4,3.5,1.5,250.0,267,-2338.51,0.854,26.59,3151.28,-0.74,38.89,28,72,-13.84
11,14,10,zero_cross,none,True,1.4,3.5,2.0,0.0,257,-2674.83,0.867,32.3,3675.86,-0.73,38.89,28,72,-14.88
11,14,10,zero_cross,none,True,1.4,3.5,2.0,200.0,220,-2805.45,0.83,30.45,4218.56,-0.67,41.67,30,72,-14.94
11,14,10,zero_cross,none,True,1.4,3.5,2.0,250.0,231,-3003.66,0.827,30.3,4689.61,-0.64,38.89,28,72,-14.11
11,14,10,zero_cross,none,True,1.4,3.5,2.5,0.0,251,-572.8,0.974,40.24,2567.61,-0.22,43.06,31,72,-4.74
11,14,10,zero_cross,none,True,1.4,3.5,2.5,200.0,198,-506.14,0.968,39.39,2509.79,-0.2,48.61,35,72,-4.75
11,14,10,zero_cross,none,True,1.4,3.5,2.5,250.0,210,-748.67,0.956,39.05,3417.93,-0.22,44.44,32,72,-5.44
11,14,10,zero_cross,none,True,1.4,4.0,1.5,0.0,282,-2174.8,0.881,25.53,3336.1,-0.65,40.28,29,72,-13.36
11,14,10,zero_cross,none,True,1.4,4.0,1.5,200.0,243,-2953.24,0.807,23.05,4043.84,-0.73,41.67,30,72,-15.62
11,14,10,zero_cross,none,True,1.4,4.0,1.5,250.0,252,-2261.37,0.855,24.21,3491.21,-0.65,41.67,30,72,-13.64
11,14,10,zero_cross,none,True,1.4,4.0,2.0,0.0,248,-1882.97,0.906,30.24,3466.82,-0.54,38.89,28,72,-11.27
11,14,10,zero_cross,none,True,1.4,4.0,2.0,200.0,210,-4469.65,0.733,26.19,5302.83,-0.84,38.89,28,72,-17.5
11,14,10,zero_cross,none,True,1.4,4.0,2.0,250.0,224,-2291.69,0.867,28.57,4062.43,-0.56,38.89,28,72,-12.12
11,14,10,zero_cross,none,True,1.4,4.0,2.5,0.0,236,280.83,1.013,37.71,2660.78,0.11,40.28,29,72,2.22
11,14,10,zero_cross,none,True,1.4,4.0,2.5,200.0,189,-1420.35,0.913,34.92,3271.4,-0.43,44.44,32,72,-10.08
11,14,10,zero_cross,none,True,1.4,4.0,2.5,250.0,199,22.41,1.001,37.19,2371.27,0.01,44.44,32,72,0.2
11,14,10,zero_cross,none,True,1.4,4.5,1.5,0.0,277,-829.3,0.954,24.55,3053.42,-0.27,41.67,30,72,-5.97
11,14,10,zero_cross,none,True,1.4,4.5,1.5,200.0,232,-1015.39,0.93,23.28,2946.61,-0.34,44.44,32,72,-7.73
11,14,10,zero_cross,none,True,1.4,4.5,1.5,250.0,246,-981.09,0.936,23.58,2754.09,-0.36,43.06,31,72,-7.53
11,14,10,zero_cross,none,True,1.4,4.5,2.0,0.0,244,75.75,1.004,29.51,2577.27,0.03,43.06,31,72,0.65
11,14,10,zero_cross,none,True,1.4,4.5,2.0,200.0,202,-2547.74,0.842,25.74,3849.82,-0.66,43.06,31,72,-14.89
11,14,10,zero_cross,none,True,1.4,4.5,2.0,250.0,212,-2571.61,0.847,26.42,3873.69,-0.66,43.06,31,72,-15.07
11,14,10,zero_cross,none,True,1.4,4.5,2.5,0.0,233,2205.17,1.102,36.48,2616.24,0.84,45.83,33,72,21.77
11,14,10,zero_cross,none,True,1.4,4.5,2.5,200.0,179,397.47,1.026,34.64,2408.66,0.17,47.22,34,72,3.92
11,14,10,zero_cross,none,True,1.4,4.5,2.5,250.0,191,577.61,1.035,35.08,2233.43,0.26,45.83,33,72,5.8
11,14,10,zero_cross,none,True,1.4,5.0,1.5,0.0,273,-1376.67,0.925,21.98,2993.82,-0.46,38.89,28,72,-9.05
11,14,10,zero_cross,none,True,1.4,5.0,1.5,200.0,229,-752.59,0.949,21.83,2738.52,-0.27,43.06,31,72,-5.88
11,14,10,zero_cross,none,True,1.4,5.0,1.5,250.0,244,-749.81,0.952,21.72,2735.74,-0.27,41.67,30,72,-5.69
11,14,10,zero_cross,none,True,1.4,5.0,2.0,0.0,241,135.76,1.007,27.39,2650.7,0.05,41.67,30,72,1.11
11,14,10,zero_cross,none,True,1.4,5.0,2.0,200.0,190,-2078.76,0.867,24.74,3599.56,-0.58,43.06,31,72,-12.94
11,14,10,zero_cross,none,True,1.4,5.0,2.0,250.0,209,-2762.77,0.84,23.92,4283.57,-0.64,40.28,29,72,-14.28
11,14,10,zero_cross,none,True,1.4,5.0,2.5,0.0,231,1741.0,1.078,33.77,2500.48,0.7,48.61,35,72,18.24
11,14,10,zero_cross,none,True,1.4,5.0,2.5,200.0,173,978.85,1.063,32.95,1925.21,0.51,50.0,36,72,11.86
11,14,10,zero_cross,none,True,1.4,5.0,2.5,250.0,184,636.24,1.039,32.61,2289.14,0.28,48.61,35,72,6.72
11,14,10,zero_cross,none,False,1.5,3.5,1.5,0.0,690,-8661.06,0.804,28.12,10095.1,-0.86,26.39,19,72,-18.29
11,14,10,zero_cross,none,False,1.5,3.5,1.5,200.0,384,-1837.41,0.917,29.43,4996.48,-0.37,45.83,33,72,-10.92
11,14,10,zero_cross,none,False,1.5,3.5,1.5,250.0,456,-3895.69,0.853,28.29,6216.46,-0.63,38.89,28,72,-16.39
11,14,10,zero_cross,none,False,1.5,3.5,2.0,0.0,543,-6257.31,0.849,33.33,10581.85,-0.59,20.83,15,72,-10.76
11,14,10,zero_cross,none,False,1.5,3.5,2.0,200.0,334,-4475.73,0.813,32.34,6772.71,-0.66,37.5,27,72,-16.58
11,14,10,zero_cross,none,False,1.5,3.5,2.0,250.0,378,-5014.89,0.814,32.8,7677.74,-0.65,34.72,25,72,-16.18
11,14,10,zero_cross,none,False,1.5,3.5,2.5,0.0,497,-4873.1,0.891,39.03,9016.58,-0.54,25.0,18,72,-11.43
11,14,10,zero_cross,none,False,1.5,3.5,2.5,200.0,251,-3670.8,0.825,37.45,6012.58,-0.61,41.67,30,72,-16.27
11,14,10,zero_cross,none,False,1.5,3.5,2.5,250.0,273,-3260.88,0.857,38.46,5699.55,-0.57,40.28,29,72,-14.91
11,14,10,zero_cross,none,False,1.5,4.0,1.5,0.0,672,-6936.14,0.843,25.89,7943.86,-0.87,27.78,20,72,-18.22
11,14,10,zero_cross,none,False,1.5,4.0,1.5,200.0,379,-145.21,0.993,28.5,3142.89,-0.05,50.0,36,72,-1.29
11,14,10,zero_cross,none,False,1.5,4.0,1.5,250.0,426,205.82,1.008,28.4,3865.83,0.05,45.83,33,72,1.53
11,14,10,zero_cross,none,False,1.5,4.0,2.0,0.0,570,-4604.63,0.901,31.23,8607.82,-0.53,29.17,21,72,-13.04
11,14,10,zero_cross,none,False,1.5,4.0,2.0,200.0,297,-226.69,0.989,33.33,3370.56,-0.07,50.0,36,72,-1.93
11,14,10,zero_cross,none,False,1.5,4.0,2.0,250.0,366,-1861.72,0.929,32.24,5054.51,-0.37,43.06,31,72,-10.48
11,14,10,zero_cross,none,False,1.5,4.0,2.5,0.0,482,-5995.56,0.87,35.48,8011.96,-0.75,25.0,18,72,-14.57
11,14,10,zero_cross,none,False,1.5,4.0,2.5,200.0,260,-1453.18,0.932,36.54,3786.76,-0.38,45.83,33,72,-10.09
11,14,10,zero_cross,none,False,1.5,4.0,2.5,250.0,286,-592.73,0.974,37.76,3545.74,-0.17,44.44,32,72,-4.31
11,14,10,zero_cross,none,False,1.5,4.5,1.5,0.0,673,-5846.43,0.87,24.22,7277.56,-0.8,33.33,24,72,-19.87
11,14,10,zero_cross,none,False,1.5,4.5,1.5,200.0,345,137.36,1.007,26.96,3168.31,0.04,51.39,37,72,1.26
11,14,10,zero_cross,none,False,1.5,4.5,1.5,250.0,395,1385.56,1.059,27.85,3220.86,0.43,48.61,35,72,12.57
11,14,10,zero_cross,none,False,1.5,4.5,2.0,0.0,521,-2947.3,0.93,30.33,7646.41,-0.39,31.94,23,72,-10.01
11,14,10,zero_cross,none,False,1.5,4.5,2.0,200.0,264,1156.77,1.06,32.95,2727.27,0.42,52.78,38,72,12.39
11,14,10,zero_cross,none,False,1.5,4.5,2.0,250.0,307,2479.77,1.113,33.55,2955.57,0.84,51.39,37,72,26.09
11,14,10,zero_cross,none,False,1.5,4.5,2.5,0.0,463,-534.63,0.988,35.64,6492.52,-0.08,33.33,24,72,-2.18
11,14,10,zero_cross,none,False,1.5,4.5,2.5,200.0,231,-631.56,0.969,35.06,3028.48,-0.21,48.61,35,72,-5.41
11,14,10,zero_cross,none,False,1.5,4.5,2.5,250.0,265,-3.06,1.0,35.85,3338.35,-0.0,47.22,34,72,-0.03
11,14,10,zero_cross,none,False,1.5,5.0,1.5,0.0,669,-3544.71,0.922,23.32,5709.02,-0.62,33.33,24,72,-14.42
11,14,10,zero_cross,none,False,1.5,5.0,1.5,200.0,309,2150.14,1.116,27.18,2557.79,0.84,55.56,40,72,26.36
11,14,10,zero_cross,none,False,1.5,5.0,1.5,250.0,366,3448.91,1.159,27.6,3056.72,1.13,52.78,38,72,38.16
11,14,10,zero_cross,none,False,1.5,5.0,2.0,0.0,504,-2487.49,0.941,27.98,7123.97,-0.35,33.33,24,72,-9.24
11,14,10,zero_cross,none,False,1.5,5.0,2.0,200.0,254,2588.02,1.14,31.89,1835.1,1.41,54.17,39,72,37.31
11,14,10,zero_cross,none,False,1.5,5.0,2.0,250.0,284,3299.69,1.161,32.39,2371.95,1.39,52.78,38,72,41.52
11,14,10,zero_cross,none,False,1.5,5.0,2.5,0.0,460,-7.57,1.0,33.7,5525.96,-0.0,37.5,27,72,-0.04
11,14,10,zero_cross,none,False,1.5,5.0,2.5,200.0,207,1048.86,1.057,34.3,1586.24,0.66,51.39,37,72,14.3
11,14,10,zero_cross,none,False,1.5,5.0,2.5,250.0,246,1374.93,1.063,34.55,2050.23,0.67,50.0,36,72,16.14
11,14,10,signal_cross,ema200,True,1.35,3.5,1.5,0.0,292,-2214.15,0.882,29.79,3653.4,-0.61,38.89,28,72,-12.57
11,14,10,signal_cross,ema200,True,1.35,3.5,1.5,200.0,229,-833.01,0.936,30.13,2737.0,-0.3,44.44,32,72,-6.62
11,14,10,signal_cross,ema200,True,1.35,3.5,1.5,250.0,245,-536.71,0.962,30.2,3105.07,-0.17,43.06,31,72,-3.99
11,14,10,signal_cross,ema200,True,1.35,3.5,2.0,0.0,269,23.62,1.001,39.78,2550.57,0.01,43.06,31,72,0.2
11,14,10,signal_cross,ema200,True,1.35,3.5,2.0,200.0,209,1250.61,1.092,40.67,1572.57,0.8,47.22,34,72,16.26
11,14,10,signal_cross,ema200,True,1.35,3.5,2.0,250.0,219,1227.98,1.086,40.18,1783.95,0.69,45.83,33,72,14.47
11,14,10,signal_cross,ema200,True,1.35,3.5,2.5,0.0,259,-1079.94,0.951,44.02,3838.67,-0.28,45.83,33,72,-7.6
11,14,10,signal_cross,ema200,True,1.35,3.5,2.5,200.0,194,393.54,1.026,44.33,2706.88,0.15,50.0,36,72,3.88
11,14,10,signal_cross,ema200,True,1.35,3.5,2.5,250.0,208,713.13,1.045,44.71,2599.55,0.27,50.0,36,72,7.31
11,14,10,signal_cross,ema200,True,1.35,4.0,1.5,0.0,287,-1398.75,0.926,27.18,3274.98,-0.43,40.28,29,72,-9.12
11,14,10,signal_cross,ema200,True,1.35,4.0,1.5,200.0,226,-580.44,0.957,26.99,3199.55,-0.18,44.44,32,72,-4.36
11,14,10,signal_cross,ema200,True,1.35,4.0,1.5,250.0,237,-620.14,0.956,27.0,3140.4,-0.2,41.67,30,72,-4.41
11,14,10,signal_cross,ema200,True,1.35,4.0,2.0,0.0,259,-621.07,0.969,35.14,2384.9,-0.26,44.44,32,72,-5.48
11,14,10,signal_cross,ema200,True,1.35,4.0,2.0,200.0,191,1074.62,1.081,37.17,1198.55,0.9,50.0,36,72,16.78
11,14,10,signal_cross,ema200,True,1.35,4.0,2.0,250.0,209,876.95,1.06,36.36,1945.36,0.45,45.83,33,72,9.66
11,14,10,signal_cross,ema200,True,1.35,4.0,2.5,0.0,249,-1613.47,0.928,39.36,3047.23,-0.53,44.44,32,72,-12.05
11,14,10,signal_cross,ema200,True,1.35,4.0,2.5,200.0,180,165.61,1.011,40.56,2055.48,0.08,47.22,34,72,1.74
11,14,10,signal_cross,ema200,True,1.35,4.0,2.5,250.0,194,951.24,1.061,41.75,2621.27,0.36,45.83,33,72,9.03
11,14,10,signal_cross,ema200,True,1.35,4.5,1.5,0.0,271,-1821.78,0.9,24.35,3855.11,-0.47,36.11,26,72,-9.54
11,14,10,signal_cross,ema200,True,1.35,4.5,1.5,200.0,224,-4236.91,0.711,21.43,5690.09,-0.74,37.5,27,72,-14.98
11,14,10,signal_cross,ema200,True,1.35,4.5,1.5,250.0,234,-3453.43,0.772,22.65,5212.55,-0.66,36.11,26,72,-13.33
11,14,10,signal_cross,ema200,True,1.35,4.5,2.0,0.0,249,-613.59,0.968,32.13,2416.41,-0.25,41.67,30,72,-5.03
11,14,10,signal_cross,ema200,True,1.35,4.5,2.0,200.0,201,-2155.64,0.86,31.34,3154.57,-0.68,43.06,31,72,-14.21
11,14,10,signal_cross,ema200,True,1.35,4.5,2.0,250.0,211,-2448.52,0.85,30.81,3534.27,-0.69,40.28,29,72,-14.1
11,14,10,signal_cross,ema200,True,1.35,4.5,2.5,0.0,236,-2231.8,0.898,35.17,3043.02,-0.73,41.67,30,72,-15.14
11,14,10,signal_cross,ema200,True,1.35,4.5,2.5,200.0,185,-2172.39,0.869,36.22,3663.95,-0.59,43.06,31,72,-13.43
11,14,10,signal_cross,ema200,True,1.35,4.5,2.5,250.0,197,-2547.98,0.856,35.53,4035.87,-0.63,40.28,29,72,-13.83
11,14,10,signal_cross,ema200,True,1.35,5.0,1.5,0.0,265,-2189.35,0.878,22.64,3935.91,-0.56,34.72,25,72,-10.64
11,14,10,signal_cross,ema200,True,1.35,5.0,1.5,200.0,215,-4828.57,0.669,19.53,5807.33,-0.83,36.11,26,72,-15.31
11,14,10,signal_cross,ema200,True,1.35,5.0,1.5,250.0,228,-3246.19,0.784,21.49,4576.7,-0.71,36.11,26,72,-13.58
11,14,10,signal_cross,ema200,True,1.35,5.0,2.0,0.0,243,123.36,1.006,30.86,2843.86,0.04,41.67,30,72,0.97
11,14,10,signal_cross,ema200,True,1.35,5.0,2.0,200.0,182,-2221.97,0.848,29.12,3150.79,-0.71,44.44,32,72,-14.92
11,14,10,signal_cross,ema200,True,1.35,5.0,2.0,250.0,196,-612.47,0.96,31.12,2794.43,-0.22,44.44,32,72,-4.94
11,14,10,signal_cross,ema200,True,1.35,5.0,2.5,0.0,231,-1179.58,0.946,34.2,2846.69,-0.41,41.67,30,72,-8.72
11,14,10,signal_cross,ema200,True,1.35,5.0,2.5,200.0,169,-1113.57,0.927,35.5,3488.69,-0.32,44.44,32,72,-7.77
11,14,10,signal_cross,ema200,True,1.35,5.0,2.5,250.0,185,-811.18,0.952,35.68,3488.69,-0.23,43.06,31,72,-5.63
11,14,10,signal_cross,ema200,True,1.4,3.5,1.5,0.0,308,-2691.67,0.865,29.55,4034.91,-0.67,41.67,30,72,-15.27
11,14,10,signal_cross,ema200,True,1.4,3.5,1.5,200.0,241,-624.66,0.955,29.88,2701.12,-0.23,45.83,33,72,-5.26
11,14,10,signal_cross,ema200,True,1.4,3.5,1.5,250.0,261,-367.11,0.976,30.27,2782.84,-0.13,45.83,33,72,-3.11
11,14,10,signal_cross,ema200,True,1.4,3.5,2.0,0.0,278,-1294.09,0.936,37.77,3321.34,-0.39,41.67,30,72,-8.76
11,14,10,signal_cross,ema200,True,1.4,3.5,2.0,200.0,220,-946.47,0.937,36.82,2361.35,-0.4,44.44,32,72,-8.11
11,14,10,signal_cross,ema200,True,1.4,3.5,2.0,250.0,232,-142.35,0.991,37.93,1975.92,-0.07,44.44,32,72,-1.41
11,14,10,signal_cross,ema200,True,1.4,3.5,2.5,0.0,266,-1918.71,0.914,42.86,4211.31,-0.46,47.22,34,72,-12.76
11,14,10,signal_cross,ema200,True,1.4,3.5,2.5,200.0,196,-1188.34,0.925,41.84,3607.76,-0.33,50.0,36,72,-9.15
11,14,10,signal_cross,ema200,True,1.4,3.5,2.5,250.0,213,-360.52,0.978,43.19,3285.26,-0.11,51.39,37,72,-3.16
11,14,10,signal_cross,ema200,True,1.4,4.0,1.5,0.0,302,-2043.62,0.899,26.82,3374.66,-0.61,41.67,30,72,-13.18
11,14,10,signal_cross,ema200,True,1.4,4.0,1.5,200.0,234,181.74,1.013,27.78,3068.62,0.06,47.22,34,72,1.57
11,14,10,signal_cross,ema200,True,1.4,4.0,1.5,250.0,250,45.71,1.003,27.6,2828.17,0.02,44.44,32,72,0.38
11,14,10,signal_cross,ema200,True,1.4,4.0,2.0,0.0,268,-1847.02,0.911,33.96,3195.92,-0.58,41.67,30,72,-12.4
11,14,10,signal_cross,ema200,True,1.4,4.0,2.0,200.0,200,-114.72,0.992,35.0,1892.08,-0.06,45.83,33,72,-1.2
11,14,10,signal_cross,ema200,True,1.4,4.0,2.0,250.0,216,-52.93,0.997,35.19,1895.59,-0.03,43.06,31,72,-0.52
11,14,10,signal_cross,ema200,True,1.4,4.0,2.5,0.0,257,-2264.98,0.902,38.91,3688.73,-0.61,43.06,31,72,-14.48
11,14,10,signal_cross,ema200,True,1.4,4.0,2.5,200.0,186,-227.1,0.985,39.78,2183.76,-0.1,48.61,35,72,-2.33
11,14,10,signal_cross,ema200,True,1.4,4.0,2.5,250.0,203,27.54,1.002,40.39,2760.07,0.01,44.44,32,72,0.23
11,14,10,signal_cross,ema200,True,1.4,4.5,1.5,0.0,286,-2345.56,0.878,24.13,3817.37,-0.61,38.89,28,72,-12.96
11,14,10,signal_cross,ema200,True,1.4,4.5,1.5,200.0,227,-2153.79,0.851,23.79,3510.96,-0.61,43.06,31,72,-13.32
11,14,10,signal_cross,ema200,True,1.4,4.5,1.5,250.0,244,-1927.98,0.875,24.18,3591.09,-0.54,40.28,29,72,-11.34
11,14,10,signal_cross,ema200,True,1.4,4.5,2.0,0.0,263,-1948.43,0.907,30.8,3166.07,-0.62,41.67,30,72,-13.09
11,14,10,signal_cross,ema200,True,1.4,4.5,2.0,200.0,214,-2192.55,0.868,30.37,3183.79,-0.69,43.06,31,72,-14.52
11,14,10,signal_cross,ema200,True,1.4,4.5,2.0,250.0,224,-2485.43,0.858,29.91,3544.18,-0.7,40.28,29,72,-14.43
11,14,10,signal_cross,ema200,True,1.4,4.5,2.5,0.0,252,-3172.54,0.865,34.52,3825.81,-0.83,40.28,29,72,-17.87
11,14,10,signal_cross,ema200,True,1.4,4.5,2.5,200.0,193,-1516.32,0.911,36.27,3075.01,-0.49,45.83,33,72,-11.42
11,14,10,signal_cross,ema200,True,1.4,4.5,2.5,250.0,207,-2122.09,0.885,35.27,3411.0,-0.62,43.06,31,72,-13.85
11,14,10,signal_cross,ema200,True,1.4,5.0,1.5,0.0,280,-2652.05,0.86,22.5,3836.65,-0.69,38.89,28,72,-14.32
11,14,10,signal_cross,ema200,True,1.4,5.0,1.5,200.0,219,-2341.2,0.837,22.37,3257.29,-0.72,43.06,31,72,-14.78
11,14,10,signal_cross,ema200,True,1.4,5.0,1.5,250.0,231,-955.53,0.935,23.81,2382.84,-0.4,43.06,31,72,-7.88
11,14,10,signal_cross,ema200,True,1.4,5.0,2.0,0.0,257,-1193.06,0.943,29.57,3133.75,-0.38,41.67,30,72,-8.37
11,14,10,signal_cross,ema200,True,1.4,5.0,2.0,200.0,198,-2160.64,0.865,28.28,2962.48,-0.73,43.06,31,72,-14.79
11,14,10,signal_cross,ema200,True,1.4,5.0,2.0,250.0,212,-919.68,0.945,29.72,2492.26,-0.37,43.06,31,72,-7.5
11,14,10,signal_cross,ema200,True,1.4,5.0,2.5,0.0,249,-2321.78,0.903,33.33,3748.92,-0.62,38.89,28,72,-13.32
11,14,10,signal_cross,ema200,True,1.4,5.0,2.5,200.0,183,-422.9,0.974,35.52,2948.6,-0.14,45.83,33,72,-3.48
11,14,10,signal_cross,ema200,True,1.4,5.0,2.5,250.0,196,-39.9,0.998,35.71,2948.6,-0.01,45.83,33,72,-0.34
11,14,10,signal_cross,ema200,False,1.5,3.5,1.5,0.0,766,1254.0,1.025,31.2,5129.25,0.24,34.72,25,72,6.23
11,14,10,signal_cross,ema200,False,1.5,3.5,1.5,200.0,379,252.9,1.012,31.13,3667.84,0.07,51.39,37,72,2.17
11,14,10,signal_cross,ema200,False,1.5,3.5,1.5,250.0,451,-132.69,0.995,30.38,3472.76,-0.04,44.44,32,72,-1.0
11,14,10,signal_cross,ema200,False,1.5,3.5,2.0,0.0,617,-559.43,0.987,37.44,4846.89,-0.12,34.72,25,72,-2.75
11,14,10,signal_cross,ema200,False,1.5,3.5,2.0,200.0,324,-1623.77,0.925,35.8,3960.97,-0.41,47.22,34,72,-11.27
11,14,10,signal_cross,ema200,False,1.5,3.5,2.0,250.0,358,130.02,1.006,37.43,3683.68,0.04,47.22,34,72,1.02
11,14,10,signal_cross,ema200,False,1.5,3.5,2.5,0.0,542,-1448.26,0.968,43.17,3908.78,-0.37,33.33,24,72,-7.47
11,14,10,signal_cross,ema200,False,1.5,3.5,2.5,200.0,283,-990.63,0.953,42.05,3196.33,-0.31,48.61,35,72,-8.12
11,14,10,signal_cross,ema200,False,1.5,3.5,2.5,250.0,298,307.33,1.014,43.29,2261.35,0.14,48.61,35,72,3.19
11,14,10,signal_cross,ema200,False,1.5,4.0,1.5,0.0,723,2581.06,1.054,28.63,5724.08,0.45,36.11,26,72,12.98
11,14,10,signal_cross,ema200,False,1.5,4.0,1.5,200.0,357,56.98,1.003,28.29,3290.16,0.02,50.0,36,72,0.5
11,14,10,signal_cross,ema200,False,1.5,4.0,1.5,250.0,394,166.9,1.007,28.17,3526.5,0.05,45.83,33,72,1.3
11,14,10,signal_cross,ema200,False,1.5,4.0,2.0,0.0,568,-1459.57,0.967,33.98,4487.82,-0.33,31.94,23,72,-6.73
11,14,10,signal_cross,ema200,False,1.5,4.0,2.0,200.0,280,-457.56,0.977,33.93,3117.72,-0.15,50.0,36,72,-4.0
11,14,10,signal_cross,ema200,False,1.5,4.0,2.0,250.0,326,-1662.99,0.929,32.52,3694.03,-0.45,43.06,31,72,-10.95
11,14,10,signal_cross,ema200,False,1.5,4.0,2.5,0.0,476,-2756.66,0.936,38.66,4434.78,-0.62,31.94,23,72,-12.38
11,14,10,signal_cross,ema200,False,1.5,4.0,2.5,200.0,237,-115.39,0.994,40.08,3144.96,-0.04,50.0,36,72,-1.02
11,14,10,signal_cross,ema200,False,1.5,4.0,2.5,250.0,269,-21.03,0.999,39.41,3489.28,-0.01,45.83,33,72,-0.16
11,14,10,signal_cross,ema200,False,1.5,4.5,1.5,0.0,655,351.66,1.008,26.26,5329.91,0.07,30.56,22,72,1.48
11,14,10,signal_cross,ema200,False,1.5,4.5,1.5,200.0,317,-1987.46,0.899,25.55,4331.61,-0.46,44.44,32,72,-12.06
11,14,10,signal_cross,ema200,False,1.5,4.5,1.5,250.0,358,-1723.18,0.921,25.98,3634.32,-0.47,41.67,30,72,-10.97
11,14,10,signal_cross,ema200,False,1.5,4.5,2.0,0.0,543,686.7,1.016,32.78,4716.57,0.15,37.5,27,72,3.81
11,14,10,signal_cross,ema200,False,1.5,4.5,2.0,200.0,270,-915.39,0.955,31.85,3790.49,-0.24,48.61,35,72,-6.9
11,14,10,signal_cross,ema200,False,1.5,4.5,2.0,250.0,292,-825.24,0.962,32.53,3709.61,-0.22,45.83,33,72,-5.97
11,14,10,signal_cross,ema200,False,1.5,4.5,2.5,0.0,456,-1006.59,0.976,36.84,3925.46,-0.26,36.11,26,72,-5.66
11,14,10,signal_cross,ema200,False,1.5,4.5,2.5,200.0,229,-1819.35,0.91,36.24,3595.38,-0.51,48.61,35,72,-13.42
11,14,10,signal_cross,ema200,False,1.5,4.5,2.5,250.0,254,-1944.74,0.912,36.22,3443.31,-0.56,44.44,32,72,-13.43
11,14,10,signal_cross,ema200,False,1.5,5.0,1.5,0.0,650,2801.32,1.063,25.38,5220.48,0.54,34.72,25,72,14.31
11,14,10,signal_cross,ema200,False,1.5,5.0,1.5,200.0,278,-1342.79,0.925,24.82,3314.57,-0.41,47.22,34,72,-10.19
11,14,10,signal_cross,ema200,False,1.5,5.0,1.5,250.0,339,-1232.95,0.942,25.07,3582.08,-0.34,43.06,31,72,-8.36
11,14,10,signal_cross,ema200,False,1.5,5.0,2.0,0.0,521,2922.42,1.071,31.67,4068.77,0.72,34.72,25,72,17.04
11,14,10,signal_cross,ema200,False,1.5,5.0,2.0,200.0,258,936.85,1.047,32.17,2658.37,0.35,50.0,36,72,9.51
11,14,10,signal_cross,ema200,False,1.5,5.0,2.0,250.0,291,117.1,1.005,31.27,2762.3,0.04,45.83,33,72,1.03
11,14,10,signal_cross,ema200,False,1.5,5.0,2.5,0.0,445,-1276.93,0.97,34.38,3442.32,-0.37,33.33,24,72,-7.04
11,14,10,signal_cross,ema200,False,1.5,5.0,2.5,200.0,208,427.85,1.023,36.54,2539.8,0.17,51.39,37,72,4.46
11,14,10,signal_cross,ema200,False,1.5,5.0,2.5,250.0,249,-990.47,0.956,34.94,2818.44,-0.35,45.83,33,72,-8.17
11,14,10,signal_cross,ema50,True,1.35,3.5,1.5,0.0,279,-3737.77,0.789,29.03,5105.51,-0.73,40.28,29,72,-16.62
11,14,10,signal_cross,ema50,True,1.35,3.5,1.5,200.0,230,-3157.11,0.773,28.26,4383.31,-0.72,43.06,31,72,-15.87
11,14,10,signal_cross,ema50,True,1.35,3.5,1.5,250.0,241,-2853.86,0.803,28.63,4187.91,-0.68,41.67,30,72,-14.76
11,14,10,signal_cross,ema50,True,1.35,3.5,2.0,0.0,269,-366.63,0.981,40.15,3413.32,-0.11,47.22,34,72,-2.91
11,14,10,signal_cross,ema50,True,1.35,3.5,2.0,200.0,210,603.52,1.043,40.0,1601.75,0.38,52.78,38,72,8.3
11,14,10,signal_cross,ema50,True,1.35,3.5,2.0,250.0,219,339.91,1.023,39.73,1662.65,0.2,51.39,37,72,4.38
11,14,10,signal_cross,ema50,True,1.35,3.5,2.5,0.0,246,-1286.65,0.938,45.12,4676.27,-0.28,45.83,33,72,-8.09
11,14,10,signal_cross,ema50,True,1.35,3.5,2.5,200.0,183,-73.06,0.995,45.36,2868.91,-0.03,54.17,39,72,-0.74
11,14,10,signal_cross,ema50,True,1.35,3.5,2.5,250.0,198,76.44,1.005,45.45,2817.67,0.03,51.39,37,72,0.74
11,14,10,signal_cross,ema50,True,1.35,4.0,1.5,0.0,272,-3690.3,0.793,25.74,4944.21,-0.75,34.72,25,72,-14.45
11,14,10,signal_cross,ema50,True,1.35,4.0,1.5,200.0,225,-3133.46,0.776,24.89,4544.67,-0.69,37.5,27,72,-13.53
11,14,10,signal_cross,ema50,True,1.35,4.0,1.5,250.0,231,-3095.11,0.786,25.11,4630.02,-0.67,36.11,26,72,-12.91
11,14,10,signal_cross,ema50,True,1.35,4.0,2.0,0.0,254,-1353.55,0.93,35.04,2452.36,-0.55,45.83,33,72,-11.65
11,14,10,signal_cross,ema50,True,1.35,4.0,2.0,200.0,192,499.83,1.037,36.98,1718.26,0.29,50.0,36,72,6.25
11,14,10,signal_cross,ema50,True,1.35,4.0,2.0,250.0,204,-191.79,0.987,35.78,1930.4,-0.1,47.22,34,72,-2.03
11,14,10,signal_cross,ema50,True,1.35,4.0,2.5,0.0,238,-1769.74,0.916,39.92,3731.6,-0.47,45.83,33,72,-12.16
11,14,10,signal_cross,ema50,True,1.35,4.0,2.5,200.0,173,-691.81,0.952,40.46,2658.62,-0.26,50.0,36,72,-6.39
11,14,10,signal_cross,ema50,True,1.35,4.0,2.5,250.0,184,-598.96,0.961,40.22,2603.09,-0.23,48.61,35,72,-5.48
11,14,10,signal_cross,ema50,True,1.35,4.5,1.5,0.0,259,-4554.71,0.742,22.39,5847.76,-0.78,31.94,23,72,-14.12
11,14,10,signal_cross,ema50,True,1.35,4.5,1.5,200.0,216,-5430.21,0.626,20.37,6575.98,-0.83,33.33,24,72,-13.97
11,14,10,signal_cross,ema50,True,1.35,4.5,1.5,250.0,222,-5053.5,0.659,20.72,6505.21,-0.78,33.33,24,72,-13.76
11,14,10,signal_cross,ema50,True,1.35,4.5,2.0,0.0,246,-1497.56,0.923,31.71,3035.69,-0.49,40.28,29,72,-10.11
11,14,10,signal_cross,ema50,True,1.35,4.5,2.0,200.0,193,-2145.96,0.854,31.09,3262.01,-0.66,41.67,30,72,-13.37
11,14,10,signal_cross,ema50,True,1.35,4.5,2.0,250.0,203,-1923.43,0.877,31.03,3312.04,-0.58,40.28,29,72,-11.81
11,14,10,signal_cross,ema50,True,1.35,4.5,2.5,0.0,228,-3457.47,0.84,34.21,4551.7,-0.76,41.67,30,72,-17.94
11,14,10,signal_cross,ema50,True,1.35,4.5,2.5,200.0,171,-2726.54,0.825,35.09,4016.63,-0.68,43.06,31,72,-15.28
11,14,10,signal_cross,ema50,True,1.35,4.5,2.5,250.0,182,-3283.3,0.805,34.07,4982.57,-0.66,41.67,30,72,-15.6
11,14,10,signal_cross,ema50,True,1.35,5.0,1.5,0.0,258,-3575.31,0.798,21.71,5073.22,-0.7,29.17,21,72,-11.68
11,14,10,signal_cross,ema50,True,1.35,5.0,1.5,200.0,206,-5914.37,0.591,17.96,7200.09,-0.82,30.56,22,72,-12.59
11,14,10,signal_cross,ema50,True,1.35,5.0,1.5,250.0,223,-4660.12,0.692,19.73,6297.59,-0.74,30.56,22,72,-12.42
11,14,10,signal_cross,ema50,True,1.35,5.0,2.0,0.0,241,-960.59,0.951,30.29,3038.54,-0.32,40.28,29,72,-6.68
11,14,10,signal_cross,ema50,True,1.35,5.0,2.0,200.0,179,-2222.41,0.846,28.49,3478.41,-0.64,43.06,31,72,-13.73
11,14,10,signal_cross,ema50,True,1.35,5.0,2.0,250.0,196,-1254.53,0.918,29.59,2828.9,-0.44,41.67,30,72,-9.02
11,14,10,signal_cross,ema50,True,1.35,5.0,2.5,0.0,222,-2443.23,0.887,33.33,4277.91,-0.57,40.28,29,72,-13.35
11,14,10,signal_cross,ema50,True,1.35,5.0,2.5,200.0,156,-1899.17,0.871,33.97,3541.43,-0.54,43.06,31,72,-11.97
11,14,10,signal_cross,ema50,True,1.35,5.0,2.5,250.0,172,-1313.36,0.917,34.3,3409.77,-0.39,41.67,30,72,-8.59
11,14,10,signal_cross,ema50,True,1.4,3.5,1.5,0.0,296,-4721.75,0.755,28.38,5993.48,-0.79,40.28,29,72,-18.55
11,14,10,signal_cross,ema50,True,1.4,3.5,1.5,200.0,245,-3199.04,0.785,27.76,4425.24,-0.72,43.06,31,72,-16.26
11,14,10,signal_cross,ema50,True,1.4,3.5,1.5,250.0,256,-2795.25,0.818,28.52,4148.34,-0.67,43.06,31,72,-15.29
11,14,10,signal_cross,ema50,True,1.4,3.5,2.0,0.0,276,-1463.19,0.926,38.77,3510.92,-0.42,45.83,33,72,-10.48
11,14,10,signal_cross,ema50,True,1.4,3.5,2.0,200.0,217,-1015.52,0.932,37.79,2633.03,-0.39,48.61,35,72,-8.97
11,14,10,signal_cross,ema50,True,1.4,3.5,2.0,250.0,229,-643.14,0.959,38.43,2633.03,-0.24,48.61,35,72,-5.84
11,14,10,signal_cross,ema50,True,1.4,3.5,2.5,0.0,263,-1488.75,0.931,44.49,4617.52,-0.32,44.44,32,72,-9.06
11,14,10,signal_cross,ema50,True,1.4,3.5,2.5,200.0,197,-1173.74,0.924,43.15,3455.33,-0.34,52.78,38,72,-9.74
11,14,10,signal_cross,ema50,True,1.4,3.5,2.5,250.0,215,-84.14,0.995,44.65,3147.68,-0.03,51.39,37,72,-0.77
11,14,10,signal_cross,ema50,True,1.4,4.0,1.5,0.0,288,-4307.12,0.777,25.69,5493.6,-0.78,33.33,24,72,-15.05
11,14,10,signal_cross,ema50,True,1.4,4.0,1.5,200.0,235,-2688.09,0.816,25.11,4099.3,-0.66,38.89,28,72,-13.32
11,14,10,signal_cross,ema50,True,1.4,4.0,1.5,250.0,244,-2434.85,0.839,25.82,3969.76,-0.61,37.5,27,72,-12.16
11,14,10,signal_cross,ema50,True,1.4,4.0,2.0,0.0,267,-2153.18,0.895,34.46,3478.6,-0.62,44.44,32,72,-14.52
11,14,10,signal_cross,ema50,True,1.4,4.0,2.0,200.0,206,-333.04,0.977,35.44,2600.71,-0.13,47.22,34,72,-3.01
11,14,10,signal_cross,ema50,True,1.4,4.0,2.0,250.0,214,-840.46,0.946,35.05,2600.71,-0.32,45.83,33,72,-7.15
11,14,10,signal_cross,ema50,True,1.4,4.0,2.5,0.0,254,-2390.57,0.894,39.76,4132.01,-0.58,43.06,31,72,-14.32
11,14,10,signal_cross,ema50,True,1.4,4.0,2.5,200.0,187,-909.6,0.941,40.11,3036.19,-0.3,48.61,35,72,-7.55
11,14,10,signal_cross,ema50,True,1.4,4.0,2.5,250.0,199,-1126.81,0.932,39.7,3041.83,-0.37,45.83,33,72,-8.73
11,14,10,signal_cross,ema50,True,1.4,4.5,1.5,0.0,277,-5318.82,0.725,22.38,6515.86,-0.82,31.94,23,72,-15.26
11,14,10,signal_cross,ema50,True,1.4,4.5,1.5,200.0,228,-4545.85,0.698,21.05,5691.62,-0.8,36.11,26,72,-15.19
11,14,10,signal_cross,ema50,True,1.4,4.5,1.5,250.0,237,-4148.5,0.733,21.52,5600.21,-0.74,34.72,25,72,-14.11
11,14,10,signal_cross,ema50,True,1.4,4.5,2.0,0.0,266,-1968.19,0.909,31.2,3206.03,-0.61,38.89,28,72,-12.29
11,14,10,signal_cross,ema50,True,1.4,4.5,2.0,200.0,208,-1787.14,0.887,30.77,2903.19,-0.62,43.06,31,72,-12.67
11,14,10,signal_cross,ema50,True,1.4,4.5,2.0,250.0,219,-1348.33,0.919,31.05,2840.25,-0.47,41.67,30,72,-9.69
11,14,10,signal_cross,ema50,True,1.4,4.5,2.5,0.0,249,-3503.22,0.852,34.94,4444.74,-0.79,37.5,27,72,-16.79
11,14,10,signal_cross,ema50,True,1.4,4.5,2.5,200.0,185,-1549.77,0.905,36.22,3003.87,-0.52,43.06,31,72,-11.02
11,14,10,signal_cross,ema50,True,1.4,4.5,2.5,250.0,196,-2118.88,0.879,35.2,3888.82,-0.54,40.28,29,72,-12.03
11,14,10,signal_cross,ema50,True,1.4,5.0,1.5,0.0,276,-4238.29,0.782,21.74,5640.19,-0.75,29.17,21,72,-12.87
11,14,10,signal_cross,ema50,True,1.4,5.0,1.5,200.0,219,-4673.96,0.688,19.18,5996.5,-0.78,33.33,24,72,-13.84
11,14,10,signal_cross,ema50,True,1.4,5.0,1.5,250.0,236,-3693.89,0.765,20.34,5368.18,-0.69,31.94,23,72,-12.32
11,14,10,signal_cross,ema50,True,1.4,5.0,2.0,0.0,260,-915.82,0.957,30.0,2796.43,-0.33,41.67,30,72,-6.91
11,14,10,signal_cross,ema50,True,1.4,5.0,2.0,200.0,190,-1501.49,0.901,28.42,2757.49,-0.54,44.44,32,72,-11.45
11,14,10,signal_cross,ema50,True,1.4,5.0,2.0,250.0,211,-701.44,0.957,29.38,2536.07,-0.28,43.06,31,72,-5.74
11,14,10,signal_cross,ema50,True,1.4,5.0,2.5,0.0,243,-3076.15,0.871,33.33,4336.47,-0.71,36.11,26,72,-14.69
11,14,10,signal_cross,ema50,True,1.4,5.0,2.5,200.0,170,-813.58,0.948,34.71,2971.55,-0.27,44.44,32,72,-6.29
11,14,10,signal_cross,ema50,True,1.4,5.0,2.5,250.0,188,-249.22,0.985,35.11,2971.55,-0.08,41.67,30,72,-1.88
11,14,10,signal_cross,ema50,False,1.5,3.5,1.5,0.0,758,-1829.82,0.96,30.74,5132.53,-0.36,37.5,27,72,-9.19
11,14,10,signal_cross,ema50,False,1.5,3.5,1.5,200.0,393,95.99,1.005,32.57,2162.95,0.04,51.39,37,72,1.07
11,14,10,signal_cross,ema50,False,1.5,3.5,1.5,250.0,449,103.35,1.004,32.07,3134.16,0.03,47.22,34,72,0.88
11,14,10,signal_cross,ema50,False,1.5,3.5,2.0,0.0,618,-4106.65,0.908,36.25,4333.55,-0.95,33.33,24,72,-18.88
11,14,10,signal_cross,ema50,False,1.5,3.5,2.0,200.0,321,368.28,1.018,38.94,2038.48,0.18,52.78,38,72,4.38
11,14,10,signal_cross,ema50,False,1.5,3.5,2.0,250.0,378,-1428.26,0.942,37.04,3476.19,-0.41,44.44,32,72,-10.14
11,14,10,signal_cross,ema50,False,1.5,3.5,2.5,0.0,575,-3199.4,0.933,42.26,4876.32,-0.66,36.11,26,72,-15.44
11,14,10,signal_cross,ema50,False,1.5,3.5,2.5,200.0,266,309.66,1.015,44.74,2405.3,0.13,52.78,38,72,3.38
11,14,10,signal_cross,ema50,False,1.5,3.5,2.5,250.0,323,-113.2,0.995,44.27,3167.31,-0.04,50.0,36,72,-1.0
11,14,10,signal_cross,ema50,False,1.5,4.0,1.5,0.0,715,-947.45,0.979,27.97,5831.91,-0.16,31.94,23,72,-3.88
11,14,10,signal_cross,ema50,False,1.5,4.0,1.5,200.0,358,868.56,1.043,30.17,2050.39,0.42,51.39,37,72,10.28
11,14,10,signal_cross,ema50,False,1.5,4.0,1.5,250.0,389,1232.2,1.057,30.33,1923.21,0.64,48.61,35,72,14.44
11,14,10,signal_cross,ema50,False,1.5,4.0,2.0,0.0,589,-2264.58,0.949,33.62,4963.38,-0.46,31.94,23,72,-9.74
11,14,10,signal_cross,ema50,False,1.5,4.0,2.0,200.0,290,1868.48,1.098,36.55,1772.7,1.05,52.78,38,72,25.72
11,14,10,signal_cross,ema50,False,1.5,4.0,2.0,250.0,333,1663.98,1.077,36.04,2793.98,0.6,48.61,35,72,16.48
11,14,10,signal_cross,ema50,False,1.5,4.0,2.5,0.0,518,-3614.35,0.922,38.22,6664.21,-0.54,38.89,28,72,-15.88
11,14,10,signal_cross,ema50,False,1.5,4.0,2.5,200.0,231,830.08,1.044,41.56,2863.38,0.29,54.17,39,72,8.77
11,14,10,signal_cross,ema50,False,1.5,4.0,2.5,250.0,272,1351.99,1.063,42.28,2801.05,0.48,52.78,38,72,14.33
11,14,10,signal_cross,ema50,False,1.5,4.5,1.5,0.0,674,82.55,1.002,26.41,5116.44,0.02,34.72,25,72,0.4
11,14,10,signal_cross,ema50,False,1.5,4.5,1.5,200.0,330,-570.89,0.971,26.67,2046.14,-0.28,47.22,34,72,-5.79
11,14,10,signal_cross,ema50,False,1.5,4.5,1.5,250.0,390,-885.86,0.962,26.41,2884.0,-0.31,43.06,31,72,-6.83
11,14,10,signal_cross,ema50,False,1.5,4.5,2.0,0.0,568,1145.52,1.026,32.39,3726.42,0.31,36.11,26,72,6.95
11,14,10,signal_cross,ema50,False,1.5,4.5,2.0,200.0,276,1550.8,1.079,34.42,1559.37,0.99,52.78,38,72,22.37
11,14,10,signal_cross,ema50,False,1.5,4.5,2.0,250.0,310,2384.43,1.111,34.52,1927.33,1.24,48.61,35,72,29.33
11,14,10,signal_cross,ema50,False,1.5,4.5,2.5,0.0,485,-55.4,0.999,36.91,4304.63,-0.01,37.5,27,72,-0.32
11,14,10,signal_cross,ema50,False,1.5,4.5,2.5,200.0,226,2148.21,1.113,40.27,1454.86,1.48,54.17,39,72,33.96
11,14,10,signal_cross,ema50,False,1.5,4.5,2.5,250.0,250,2225.56,1.106,40.0,2327.67,0.96,50.0,36,72,25.51
11,14,10,signal_cross,ema50,False,1.5,5.0,1.5,0.0,658,1820.54,1.043,25.68,4737.73,0.38,34.72,25,72,9.58
11,14,10,signal_cross,ema50,False,1.5,5.0,1.5,200.0,290,868.21,1.049,27.24,1805.91,0.48,51.39,37,72,11.01
11,14,10,signal_cross,ema50,False,1.5,5.0,1.5,250.0,356,1879.32,1.089,27.25,2167.12,0.87,47.22,34,72,20.76
11,14,10,signal_cross,ema50,False,1.5,5.0,2.0,0.0,539,1809.68,1.042,30.98,3252.61,0.56,34.72,25,72,11.48
11,14,10,signal_cross,ema50,False,1.5,5.0,2.0,200.0,237,2984.35,1.172,35.02,1677.3,1.78,55.56,40,72,47.45
11,14,10,signal_cross,ema50,False,1.5,5.0,2.0,250.0,297,1555.27,1.072,31.99,2195.55,0.71,47.22,34,72,16.8
11,14,10,signal_cross,ema50,False,1.5,5.0,2.5,0.0,471,329.71,1.007,35.24,3868.03,0.09,37.5,27,72,2.0
11,14,10,signal_cross,ema50,False,1.5,5.0,2.5,200.0,193,2252.65,1.135,39.9,2018.61,1.12,56.94,41,72,32.4
11,14,10,signal_cross,ema50,False,1.5,5.0,2.5,250.0,255,3451.24,1.159,38.82,2018.61,1.71,52.78,38,72,46.99
11,14,10,signal_cross,none,True,1.35,3.5,1.5,0.0,429,-4079.24,0.846,29.14,5914.29,-0.69,33.33,24,72,-14.96
11,14,10,signal_cross,none,True,1.35,3.5,1.5,200.0,277,-1569.85,0.901,29.24,3171.23,-0.5,43.06,31,72,-10.82
11,14,10,signal_cross,none,True,1.35,3.5,1.5,250.0,316,-2043.52,0.889,29.11,3345.55,-0.61,40.28,29,72,-12.65
11,14,10,signal_cross,none,True,1.35,3.5,2.0,0.0,395,-2221.77,0.921,37.72,3793.0,-0.59,38.89,28,72,-12.92
11,14,10,signal_cross,none,True,1.35,3.5,2.0,200.0,246,-172.12,0.99,38.62,1955.25,-0.09,52.78,38,72,-2.03
11,14,10,signal_cross,none,True,1.35,3.5,2.0,250.0,261,185.13,1.011,39.08,1955.25,0.09,51.39,37,72,2.18
11,14,10,signal_cross,none,True,1.35,3.5,2.5,0.0,367,-2397.85,0.919,43.6,4344.16,-0.55,41.67,30,72,-13.93
11,14,10,signal_cross,none,True,1.35,3.5,2.5,200.0,209,721.81,1.046,45.93,1725.81,0.42,55.56,40,72,10.1
11,14,10,signal_cross,none,True,1.35,3.5,2.5,250.0,222,1751.94,1.109,47.3,1725.81,1.02,55.56,40,72,25.98
11,14,10,signal_cross,none,True,1.35,4.0,1.5,0.0,405,-4038.95,0.845,25.93,5969.41,-0.68,33.33,24,72,-14.72
11,14,10,signal_cross,none,True,1.35,4.0,1.5,200.0,270,-3687.35,0.78,24.44,5696.13,-0.65,41.67,30,72,-15.88
11,14,10,signal_cross,none,True,1.35,4.0,1.5,250.0,294,-3733.14,0.796,24.49,5666.42,-0.66,38.89,28,72,-15.35
11,14,10,signal_cross,none,True,1.35,4.0,2.0,0.0,378,-2596.74,0.909,34.13,4076.01,-0.64,33.33,24,72,-12.32
11,14,10,signal_cross,none,True,1.35,4.0,2.0,200.0,209,-1191.17,0.923,35.89,2667.43,-0.45,50.0,36,72,-10.64
11,14,10,signal_cross,none,True,1.35,4.0,2.0,250.0,241,-1237.93,0.932,35.27,2783.4,-0.44,45.83,33,72,-10.02
11,14,10,signal_cross,none,True,1.35,4.0,2.5,0.0,349,-2391.68,0.919,40.11,4133.01,-0.58,38.89,28,72,-13.3
11,14,10,signal_cross,none,True,1.35,4.0,2.5,200.0,189,1213.88,1.083,43.92,1708.79,0.71,55.56,40,72,17.67
11,14,10,signal_cross,none,True,1.35,4.0,2.5,250.0,205,2333.11,1.149,45.37,1644.31,1.42,55.56,40,72,36.73
11,14,10,signal_cross,none,True,1.35,4.5,1.5,0.0,387,-4055.55,0.84,23.77,6249.38,-0.65,29.17,21,72,-12.57
11,14,10,signal_cross,none,True,1.35,4.5,1.5,200.0,270,-4796.38,0.724,21.11,6510.83,-0.74,37.5,27,72,-16.14
11,14,10,signal_cross,none,True,1.35,4.5,1.5,250.0,287,-4245.17,0.768,22.3,6098.91,-0.7,36.11,26,72,-15.08
11,14,10,signal_cross,none,True,1.35,4.5,2.0,0.0,360,-2442.02,0.912,31.39,5012.75,-0.49,33.33,24,72,-10.48
11,14,10,signal_cross,none,True,1.35,4.5,2.0,200.0,207,-2189.74,0.866,32.37,3987.77,-0.55,47.22,34,72,-14.18
11,14,10,signal_cross,none,True,1.35,4.5,2.0,250.0,234,-2527.38,0.864,31.62,4022.65,-0.63,43.06,31,72,-14.83
11,14,10,signal_cross,none,True,1.35,4.5,2.5,0.0,332,-2421.76,0.917,36.45,4737.57,-0.51,36.11,26,72,-11.65
11,14,10,signal_cross,none,True,1.35,4.5,2.5,200.0,180,1447.37,1.101,41.11,1931.12,0.75,56.94,41,72,20.65
11,14,10,signal_cross,none,True,1.35,4.5,2.5,250.0,216,1046.89,1.059,39.35,2327.17,0.45,51.39,37,72,11.81
11,14,10,signal_cross,none,True,1.35,5.0,1.5,0.0,380,-3406.78,0.863,22.37,5715.57,-0.6,26.39,19,72,-10.26
11,14,10,signal_cross,none,True,1.35,5.0,1.5,200.0,265,-5201.85,0.704,19.62,6316.38,-0.82,33.33,24,72,-15.36
11,14,10,signal_cross,none,True,1.35,5.0,1.5,250.0,285,-5859.24,0.692,19.3,7020.09,-0.83,29.17,21,72,-14.12
11,14,10,signal_cross,none,True,1.35,5.0,2.0,0.0,351,-1458.81,0.948,30.2,4929.65,-0.3,33.33,24,72,-6.56
11,14,10,signal_cross,none,True,1.35,5.0,2.0,200.0,208,-1923.71,0.884,29.81,3868.8,-0.5,44.44,32,72,-12.15
11,14,10,signal_cross,none,True,1.35,5.0,2.0,250.0,223,-2484.32,0.863,29.6,3868.8,-0.64,40.28,29,72,-13.88
11,14,10,signal_cross,none,True,1.35,5.0,2.5,0.0,324,-1342.58,0.954,35.19,4887.05,-0.27,36.11,26,72,-6.62
11,14,10,signal_cross,none,True,1.35,5.0,2.5,200.0,164,1698.63,1.122,39.02,2203.76,0.77,54.17,39,72,21.99
11,14,10,signal_cross,none,True,1.35,5.0,2.5,250.0,189,1556.08,1.099,38.1,2203.76,0.71,52.78,38,72,19.23
11,14,10,signal_cross,none,True,1.4,3.5,1.5,0.0,463,-3986.34,0.859,29.37,5397.52,-0.74,31.94,23,72,-14.89
11,14,10,signal_cross,none,True,1.4,3.5,1.5,200.0,289,-3013.63,0.821,28.03,4423.68,-0.68,40.28,29,72,-14.98
11,14,10,signal_cross,none,True,1.4,3.5,1.5,250.0,326,-2752.99,0.855,28.83,4045.89,-0.68,38.89,28,72,-14.39
11,14,10,signal_cross,none,True,1.4,3.5,2.0,0.0,431,-3645.37,0.883,36.66,4657.72,-0.78,34.72,25,72,-16.38
11,14,10,signal_cross,none,True,1.4,3.5,2.0,200.0,265,-1934.52,0.894,36.6,2923.93,-0.66,47.22,34,72,-15.1
11,14,10,signal_cross,none,True,1.4,3.5,2.0,250.0,276,-1135.24,0.939,37.68,2536.87,-0.45,47.22,34,72,-9.99
11,14,10,signal_cross,none,True,1.4,3.5,2.5,0.0,398,-2571.35,0.92,43.47,4255.85,-0.6,38.89,28,72,-14.1
11,14,10,signal_cross,none,True,1.4,3.5,2.5,200.0,214,-120.5,0.993,44.39,1817.67,-0.07,55.56,40,72,-1.56
11,14,10,signal_cross,none,True,1.4,3.5,2.5,250.0,234,858.89,1.049,45.73,1817.67,0.47,54.17,39,72,11.45
11,14,10,signal_cross,none,True,1.4,4.0,1.5,0.0,432,-5389.8,0.806,25.46,6626.24,-0.81,31.94,23,72,-17.05
11,14,10,signal_cross,none,True,1.4,4.0,1.5,200.0,268,-4340.0,0.737,23.88,6253.46,-0.69,41.67,30,72,-16.85
11,14,10,signal_cross,none,True,1.4,4.0,1.5,250.0,301,-3869.41,0.792,24.58,5820.04,-0.66,38.89,28,72,-15.62
11,14,10,signal_cross,none,True,1.4,4.0,2.0,0.0,403,-5108.83,0.834,32.75,5748.95,-0.89,29.17,21,72,-16.39
11,14,10,signal_cross,none,True,1.4,4.0,2.0,200.0,224,-2159.83,0.869,34.38,3425.12,-0.63,47.22,34,72,-15.14
11,14,10,signal_cross,none,True,1.4,4.0,2.0,250.0,263,-2828.83,0.856,33.08,3622.44,-0.78,41.67,30,72,-16.76
11,14,10,signal_cross,none,True,1.4,4.0,2.5,0.0,375,-2595.35,0.919,40.27,3826.22,-0.68,36.11,26,72,-13.92
11,14,10,signal_cross,none,True,1.4,4.0,2.5,200.0,196,225.54,1.015,42.35,1993.04,0.11,54.17,39,72,2.78
11,14,10,signal_cross,none,True,1.4,4.0,2.5,250.0,220,1099.55,1.063,43.18,2259.92,0.49,51.39,37,72,12.64
11,14,10,signal_cross,none,True,1.4,4.5,1.5,0.0,425,-5581.13,0.803,22.82,7033.0,-0.79,29.17,21,72,-15.59
11,14,10,signal_cross,none,True,1.4,4.5,1.5,200.0,274,-5107.24,0.711,20.8,6890.22,-0.74,38.89,28,72,-17.01
11,14,10,signal_cross,none,True,1.4,4.5,1.5,250.0,297,-4125.19,0.78,21.89,5883.61,-0.7,37.5,27,72,-15.73
11,14,10,signal_cross,none,True,1.4,4.5,2.0,0.0,397,-4690.9,0.851,29.97,5516.31,-0.85,29.17,21,72,-15.68
11,14,10,signal_cross,none,True,1.4,4.5,2.0,200.0,239,-3225.15,0.827,30.54,4243.19,-0.76,43.06,31,72,-17.63
11,14,10,signal_cross,none,True,1.4,4.5,2.0,250.0,253,-1745.13,0.91,31.62,3766.01,-0.46,43.06,31,72,-11.14
11,14,10,signal_cross,none,True,1.4,4.5,2.5,0.0,364,-2739.68,0.916,36.26,3806.77,-0.72,36.11,26,72,-14.69
11,14,10,signal_cross,none,True,1.4,4.5,2.5,200.0,197,-87.73,0.995,38.58,2195.33,-0.04,51.39,37,72,-0.96
11,14,10,signal_cross,none,True,1.4,4.5,2.5,250.0,225,615.84,1.034,38.67,2718.43,0.23,50.0,36,72,6.11
11,14,10,signal_cross,none,True,1.4,5.0,1.5,0.0,412,-5185.39,0.812,21.12,6704.26,-0.77,25.0,18,72,-12.86
11,14,10,signal_cross,none,True,1.4,5.0,1.5,200.0,269,-5004.08,0.716,19.7,6291.65,-0.8,34.72,25,72,-15.68
11,14,10,signal_cross,none,True,1.4,5.0,1.5,250.0,289,-5903.64,0.69,19.03,6969.17,-0.85,30.56,22,72,-14.91
11,14,10,signal_cross,none,True,1.4,5.0,2.0,0.0,385,-3970.24,0.873,28.57,4838.48,-0.82,29.17,21,72,-14.53
11,14,10,signal_cross,none,True,1.4,5.0,2.0,200.0,229,-3059.58,0.833,28.38,3876.11,-0.79,43.06,31,72,-17.63
11,14,10,signal_cross,none,True,1.4,5.0,2.0,250.0,242,-2616.92,0.863,28.93,3647.04,-0.72,41.67,30,72,-15.58
11,14,10,signal_cross,none,True,1.4,5.0,2.5,0.0,354,-2274.89,0.931,34.18,3645.69,-0.62,34.72,25,72,-12.18
11,14,10,signal_cross,none,True,1.4,5.0,2.5,200.0,177,932.71,1.062,37.85,2381.01,0.39,52.78,38,72,10.71
11,14,10,signal_cross,none,True,1.4,5.0,2.5,250.0,205,-452.69,0.975,36.1,2381.01,-0.19,47.22,34,72,-4.27
11,14,10,signal_cross,none,False,1.5,3.5,1.5,0.0,910,-6556.11,0.888,27.91,10041.1,-0.65,20.83,15,72,-12.1
11,14,10,signal_cross,none,False,1.5,3.5,1.5,200.0,393,-1836.01,0.917,29.52,4341.27,-0.42,45.83,33,72,-11.71
11,14,10,signal_cross,none,False,1.5,3.5,1.5,250.0,429,-1298.83,0.946,29.14,4705.45,-0.28,43.06,31,72,-7.71
11,14,10,signal_cross,none,False,1.5,3.5,2.0,0.0,671,-9327.97,0.818,33.68,10542.6,-0.88,26.39,19,72,-19.61
11,14,10,signal_cross,none,False,1.5,3.5,2.0,200.0,281,-1993.3,0.899,35.94,3747.75,-0.53,47.22,34,72,-13.82
11,14,10,signal_cross,none,False,1.5,3.5,2.0,250.0,309,-1010.18,0.952,36.89,3318.7,-0.3,45.83,33,72,-7.65
11,14,10,signal_cross,none,False,1.5,3.5,2.5,0.0,600,-5159.04,0.9,40.17,8191.98,-0.63,27.78,20,72,-14.25
11,14,10,signal_cross,none,False,1.5,3.5,2.5,200.0,231,-2427.11,0.872,39.39,4088.34,-0.59,45.83,33,72,-15.17
11,14,10,signal_cross,none,False,1.5,3.5,2.5,250.0,253,-852.49,0.956,41.5,3537.11,-0.24,45.83,33,72,-6.28
11,14,10,signal_cross,none,False,1.5,4.0,1.5,0.0,773,-9419.74,0.822,24.06,11381.63,-0.83,20.83,15,72,-15.12
11,14,10,signal_cross,none,False,1.5,4.0,1.5,200.0,380,-4388.63,0.813,24.47,6507.78,-0.67,38.89,28,72,-17.2
11,14,10,signal_cross,none,False,1.5,4.0,1.5,250.0,417,-5233.91,0.798,23.98,7234.13,-0.72,34.72,25,72,-17.05
11,14,10,signal_cross,none,False,1.5,4.0,2.0,0.0,533,-8724.14,0.802,30.02,9353.65,-0.93,23.61,17,72,-17.08
11,14,10,signal_cross,none,False,1.5,4.0,2.0,200.0,264,-4758.57,0.768,29.55,6646.84,-0.72,40.28,29,72,-18.06
11,14,10,signal_cross,none,False,1.5,4.0,2.0,250.0,289,-4297.12,0.805,30.45,5855.01,-0.73,37.5,27,72,-16.95
11,14,10,signal_cross,none,False,1.5,4.0,2.5,0.0,490,-5923.68,0.872,35.71,9601.76,-0.62,27.78,20,72,-14.64
11,14,10,signal_cross,none,False,1.5,4.0,2.5,200.0,216,-5077.53,0.745,32.87,7128.37,-0.71,37.5,27,72,-16.8
11,14,10,signal_cross,none,False,1.5,4.0,2.5,250.0,236,-4738.24,0.774,33.47,7126.36,-0.66,36.11,26,72,-15.69
11,14,10,signal_cross,none,False,1.5,4.5,1.5,0.0,694,-11482.52,0.754,21.61,12191.89,-0.94,19.44,14,72,-15.24
11,14,10,signal_cross,none,False,1.5,4.5,1.5,200.0,332,-2992.94,0.855,23.19,5001.99,-0.6,41.67,30,72,-15.08
11,14,10,signal_cross,none,False,1.5,4.5,1.5,250.0,369,-3514.77,0.848,23.31,6056.13,-0.58,36.11,26,72,-13.83
11,14,10,signal_cross,none,False,1.5,4.5,2.0,0.0,516,-7405.4,0.833,28.49,8183.34,-0.9,23.61,17,72,-16.1
11,14,10,signal_cross,none,False,1.5,4.5,2.0,200.0,250,-5027.7,0.751,26.8,6467.13,-0.78,38.89,28,72,-18.26
11,14,10,signal_cross,none,False,1.5,4.5,2.0,250.0,268,-4303.88,0.799,27.99,5962.6,-0.72,37.5,27,72,-16.7
11,14,10,signal_cross,none,False,1.5,4.5,2.5,0.0,448,-4614.34,0.894,34.15,7800.17,-0.59,26.39,19,72,-12.33
11,14,10,signal_cross,none,False,1.5,4.5,2.5,200.0,183,-5095.44,0.717,30.6,7153.82,-0.71,38.89,28,72,-16.8
11,14,10,signal_cross,none,False,1.5,4.5,2.5,250.0,217,-5398.09,0.739,30.88,7686.3,-0.7,34.72,25,72,-15.8
11,14,10,signal_cross,none,False,1.5,5.0,1.5,0.0,749,-7515.23,0.85,21.5,7863.32,-0.96,22.22,16,72,-16.01
11,14,10,signal_cross,none,False,1.5,5.0,1.5,200.0,311,-68.27,0.997,24.12,2894.51,-0.02,48.61,35,72,-0.61
11,14,10,signal_cross,none,False,1.5,5.0,1.5,250.0,353,-741.11,0.966,23.8,2894.51,-0.26,44.44,32,72,-5.91
11,14,10,signal_cross,none,False,1.5,5.0,2.0,0.0,487,-5601.36,0.864,27.52,6138.2,-0.91,25.0,18,72,-15.44
11,14,10,signal_cross,none,False,1.5,5.0,2.0,200.0,226,-4071.74,0.783,26.11,5398.9,-0.75,40.28,29,72,-17.48
11,14,10,signal_cross,none,False,1.5,5.0,2.0,250.0,273,-5201.56,0.767,26.01,5818.37,-0.89,34.72,25,72,-18.16
11,14,10,signal_cross,none,False,1.5,5.0,2.5,0.0,442,-5204.63,0.882,32.81,7453.19,-0.7,25.0,18,72,-13.29
11,14,10,signal_cross,none,False,1.5,5.0,2.5,200.0,171,-4092.37,0.761,30.41,5180.87,-0.79,40.28,29,72,-17.43
11,14,10,signal_cross,none,False,1.5,5.0,2.5,250.0,195,-4182.94,0.784,31.28,5782.03,-0.72,37.5,27,72,-16.17
11,14,10,inflection_or_zero,ema200,True,1.35,3.5,1.5,0.0,332,-1194.03,0.941,28.61,4221.95,-0.28,37.5,27,72,-6.48
11,14,10,inflection_or_zero,ema200,True,1.35,3.5,1.5,200.0,283,-2774.89,0.831,27.21,4181.86,-0.66,38.89,28,72,-13.87
11,14,10,inflection_or_zero,ema200,True,1.35,3.5,1.5,250.0,305,-3095.58,0.829,27.21,4323.83,-0.72,37.5,27,72,-14.64
11,14,10,inflection_or_zero,ema200,True,1.35,3.5,2.0,0.0,298,-3004.8,0.863,34.9,3410.97,-0.88,47.22,34,72,-20.97
11,14,10,inflection_or_zero,ema200,True,1.35,3.5,2.0,200.0,233,-1088.23,0.931,36.48,1901.88,-0.57,51.39,37,72,-11.94
11,14,10,inflection_or_zero,ema200,True,1.35,3.5,2.0,250.0,256,-1637.6,0.908,36.33,2217.12,-0.74,48.61,35,72,-15.35
11,14,10,inflection_or_zero,ema200,True,1.35,3.5,2.5,0.0,276,-1170.92,0.95,42.75,2869.66,-0.41,45.83,33,72,-9.52
11,14,10,inflection_or_zero,ema200,True,1.35,3.5,2.5,200.0,198,2520.9,1.181,46.46,782.03,3.22,56.94,41,72,60.62
11,14,10,inflection_or_zero,ema200,True,1.35,3.5,2.5,250.0,225,975.03,1.057,44.89,1089.77,0.89,50.0,36,72,15.61
11,14,10,inflection_or_zero,ema200,True,1.35,4.0,1.5,0.0,325,-619.16,0.97,26.15,4339.76,-0.14,40.28,29,72,-3.67
11,14,10,inflection_or_zero,ema200,True,1.35,4.0,1.5,200.0,275,-2546.92,0.847,24.73,4246.78,-0.6,40.28,29,72,-13.33
11,14,10,inflection_or_zero,ema200,True,1.35,4.0,1.5,250.0,287,-1874.57,0.89,25.44,3574.43,-0.52,41.67,30,72,-11.63
11,14,10,inflection_or_zero,ema200,True,1.35,4.0,2.0,0.0,288,-2048.62,0.907,32.64,2833.21,-0.72,45.83,33,72,-16.0
11,14,10,inflection_or_zero,ema200,True,1.35,4.0,2.0,200.0,230,-1945.02,0.883,32.17,2952.92,-0.66,45.83,33,72,-14.48
11,14,10,inflection_or_zero,ema200,True,1.35,4.0,2.0,250.0,243,-1087.72,0.937,33.33,2366.95,-0.46,45.83,33,72,-9.6
11,14,10,inflection_or_zero,ema200,True,1.35,4.0,2.5,0.0,262,-455.68,0.98,39.69,2454.25,-0.19,44.44,32,72,-4.01
11,14,10,inflection_or_zero,ema200,True,1.35,4.0,2.5,200.0,199,238.84,1.015,39.7,1682.39,0.14,47.22,34,72,2.79
11,14,10,inflection_or_zero,ema200,True,1.35,4.0,2.5,250.0,210,1836.72,1.115,41.9,1241.95,1.48,48.61,35,72,28.25
11,14,10,inflection_or_zero,ema200,True,1.35,4.5,1.5,0.0,318,-2337.67,0.887,23.9,3473.92,-0.67,40.28,29,72,-14.17
11,14,10,inflection_or_zero,ema200,True,1.35,4.5,1.5,200.0,264,-2373.47,0.854,23.48,3680.68,-0.64,41.67,30,72,-13.92
11,14,10,inflection_or_zero,ema200,True,1.35,4.5,1.5,250.0,281,-1940.47,0.887,23.84,3109.28,-0.62,40.28,29,72,-12.43
11,14,10,inflection_or_zero,ema200,True,1.35,4.5,2.0,0.0,286,-562.74,0.975,31.47,2280.14,-0.25,47.22,34,72,-5.43
11,14,10,inflection_or_zero,ema200,True,1.35,4.5,2.0,200.0,213,-1161.31,0.926,30.99,2507.41,-0.46,48.61,35,72,-10.44
11,14,10,inflection_or_zero,ema200,True,1.35,4.5,2.0,250.0,235,-187.48,0.989,31.91,1784.88,-0.11,47.22,34,72,-2.07
11,14,10,inflection_or_zero,ema200,True,1.35,4.5,2.5,0.0,256,1895.78,1.083,39.06,2143.76,0.88,50.0,36,72,22.17
11,14,10,inflection_or_zero,ema200,True,1.35,4.5,2.5,200.0,182,2261.2,1.157,40.11,1578.51,1.43,55.56,40,72,36.59
11,14,10,inflection_or_zero,ema200,True,1.35,4.5,2.5,250.0,203,2460.66,1.153,39.9,1314.75,1.87,51.39,37,72,40.21
11,14,10,inflection_or_zero,ema200,True,1.35,5.0,1.5,0.0,313,-2996.07,0.856,21.73,3800.43,-0.79,34.72,25,72,-14.44
11,14,10,inflection_or_zero,ema200,True,1.35,5.0,1.5,200.0,254,-2895.38,0.824,21.65,3991.5,-0.73,37.5,27,72,-14.16
11,14,10,inflection_or_zero,ema200,True,1.35,5.0,1.5,250.0,282,-4245.3,0.77,20.57,4758.74,-0.89,33.33,24,72,-15.79
11,14,10,inflection_or_zero,ema200,True,1.35,5.0,2.0,0.0,279,-2609.41,0.883,28.32,2991.65,-0.87,41.67,30,72,-17.55
11,14,10,inflection_or_zero,ema200,True,1.35,5.0,2.0,200.0,201,-1688.14,0.894,29.85,3418.09,-0.49,47.22,34,72,-12.19
11,14,10,inflection_or_zero,ema200,True,1.35,5.0,2.0,250.0,240,-2856.55,0.849,27.92,3124.68,-0.91,40.28,29,72,-17.48
11,14,10,inflection_or_zero,ema200,True,1.35,5.0,2.5,0.0,244,-1051.28,0.954,34.43,3258.22,-0.32,44.44,32,72,-7.81
11,14,10,inflection_or_zero,ema200,True,1.35,5.0,2.5,200.0,167,-721.46,0.953,36.53,3744.65,-0.19,51.39,37,72,-5.77
11,14,10,inflection_or_zero,ema200,True,1.35,5.0,2.5,250.0,203,-1457.12,0.922,34.48,3451.24,-0.42,44.44,32,72,-10.16
11,14,10,inflection_or_zero,ema200,True,1.4,3.5,1.5,0.0,342,-1857.57,0.912,28.07,4943.21,-0.38,37.5,27,72,-9.04
11,14,10,inflection_or_zero,ema200,True,1.4,3.5,1.5,200.0,292,-3908.13,0.775,26.03,5315.1,-0.74,37.5,27,72,-15.58
11,14,10,inflection_or_zero,ema200,True,1.4,3.5,1.5,250.0,313,-3850.2,0.797,26.52,5078.45,-0.76,36.11,26,72,-15.55
11,14,10,inflection_or_zero,ema200,True,1.4,3.5,2.0,0.0,304,-3290.79,0.855,34.87,3696.96,-0.89,45.83,33,72,-21.21
11,14,10,inflection_or_zero,ema200,True,1.4,3.5,2.0,200.0,235,-1867.73,0.886,35.74,2606.6,-0.72,48.61,35,72,-15.76
11,14,10,inflection_or_zero,ema200,True,1.4,3.5,2.0,250.0,257,-1929.84,0.894,36.19,2371.43,-0.81,47.22,34,72,-16.73
11,14,10,inflection_or_zero,ema200,True,1.4,3.5,2.5,0.0,281,-1481.73,0.939,42.7,2296.79,-0.65,44.44,32,72,-12.9
11,14,10,inflection_or_zero,ema200,True,1.4,3.5,2.5,200.0,201,1203.08,1.081,44.78,869.72,1.38,55.56,40,72,24.5
11,14,10,inflection_or_zero,ema200,True,1.4,3.5,2.5,250.0,228,311.95,1.017,44.3,1346.76,0.23,50.0,36,72,4.32
11,14,10,inflection_or_zero,ema200,True,1.4,4.0,1.5,0.0,334,-1164.63,0.945,25.75,4916.28,-0.24,37.5,27,72,-5.89
11,14,10,inflection_or_zero,ema200,True,1.4,4.0,1.5,200.0,280,-3419.64,0.802,23.93,5119.5,-0.67,38.89,28,72,-14.91
11,14,10,inflection_or_zero,ema200,True,1.4,4.0,1.5,250.0,294,-2614.75,0.852,24.83,4314.61,-0.61,40.28,29,72,-13.66
11,14,10,inflection_or_zero,ema200,True,1.4,4.0,2.0,0.0,295,-2331.75,0.897,32.54,3152.9,-0.74,44.44,32,72,-16.55
11,14,10,inflection_or_zero,ema200,True,1.4,4.0,2.0,200.0,231,-1990.38,0.882,32.47,2998.28,-0.66,45.83,33,72,-14.69
11,14,10,inflection_or_zero,ema200,True,1.4,4.0,2.0,250.0,245,-1187.45,0.932,33.47,2256.23,-0.53,45.83,33,72,-10.68
11,14,10,inflection_or_zero,ema200,True,1.4,4.0,2.5,0.0,269,-584.84,0.976,39.78,2016.53,-0.29,43.06,31,72,-5.47
11,14,10,inflection_or_zero,ema200,True,1.4,4.0,2.5,200.0,205,-129.63,0.992,39.51,1952.99,-0.07,47.22,34,72,-1.37
11,14,10,inflection_or_zero,ema200,True,1.4,4.0,2.5,250.0,215,1294.38,1.077,41.4,1237.95,1.05,48.61,35,72,19.26
11,14,10,inflection_or_zero,ema200,True,1.4,4.5,1.5,0.0,328,-2914.41,0.865,23.48,4181.8,-0.7,37.5,27,72,-14.62
11,14,10,inflection_or_zero,ema200,True,1.4,4.5,1.5,200.0,270,-3338.77,0.803,22.59,4645.98,-0.72,40.28,29,72,-15.84
11,14,10,inflection_or_zero,ema200,True,1.4,4.5,1.5,250.0,287,-2905.77,0.838,23.0,4074.58,-0.71,38.89,28,72,-14.84
11,14,10,inflection_or_zero,ema200,True,1.4,4.5,2.0,0.0,292,-694.18,0.97,31.51,2037.39,-0.34,45.83,33,72,-6.84
11,14,10,inflection_or_zero,ema200,True,1.4,4.5,2.0,200.0,214,-821.0,0.949,31.31,2167.1,-0.38,48.61,35,72,-8.14
11,14,10,inflection_or_zero,ema200,True,1.4,4.5,2.0,250.0,235,-118.3,0.993,32.34,1764.76,-0.07,47.22,34,72,-1.32
11,14,10,inflection_or_zero,ema200,True,1.4,4.5,2.5,0.0,263,1015.13,1.042,38.78,2245.52,0.45,47.22,34,72,10.54
11,14,10,inflection_or_zero,ema200,True,1.4,4.5,2.5,200.0,187,2034.62,1.135,40.11,1558.39,1.31,54.17,39,72,31.69
11,14,10,inflection_or_zero,ema200,True,1.4,4.5,2.5,250.0,208,2234.08,1.133,39.9,1294.63,1.73,50.0,36,72,35.17
11,14,10,inflection_or_zero,ema200,True,1.4,5.0,1.5,0.0,323,-3173.99,0.853,21.67,4018.31,-0.79,34.72,25,72,-14.83
11,14,10,inflection_or_zero,ema200,True,1.4,5.0,1.5,200.0,265,-3370.04,0.805,21.13,4786.26,-0.7,37.5,27,72,-14.7
11,14,10,inflection_or_zero,ema200,True,1.4,5.0,1.5,250.0,290,-3934.76,0.794,20.69,4448.2,-0.88,34.72,25,72,-16.26
11,14,10,inflection_or_zero,ema200,True,1.4,5.0,2.0,0.0,286,-2765.44,0.881,28.32,2987.03,-0.93,40.28,29,72,-17.96
11,14,10,inflection_or_zero,ema200,True,1.4,5.0,2.0,200.0,208,-2073.37,0.875,29.33,3157.05,-0.66,45.83,33,72,-14.8
11,14,10,inflection_or_zero,ema200,True,1.4,5.0,2.0,250.0,242,-2838.16,0.853,28.1,3059.75,-0.93,40.28,29,72,-17.63
11,14,10,inflection_or_zero,ema200,True,1.4,5.0,2.5,0.0,250,-1196.01,0.949,34.4,2628.91,-0.45,43.06,31,72,-9.53
11,14,10,inflection_or_zero,ema200,True,1.4,5.0,2.5,200.0,176,-823.37,0.95,35.8,3402.2,-0.24,51.39,37,72,-6.89
11,14,10,inflection_or_zero,ema200,True,1.4,5.0,2.5,250.0,209,-1728.35,0.911,34.45,3108.79,-0.56,44.44,32,72,-12.55
11,14,10,inflection_or_zero,ema200,False,1.5,3.5,1.5,0.0,665,-5639.1,0.867,28.87,6000.71,-0.94,33.33,24,72,-21.04
11,14,10,inflection_or_zero,ema200,False,1.5,3.5,1.5,200.0,362,-2668.58,0.874,28.45,3174.07,-0.84,45.83,33,72,-18.97
11,14,10,inflection_or_zero,ema200,False,1.5,3.5,1.5,250.0,402,-1619.66,0.929,29.35,2601.66,-0.62,43.06,31,72,-12.7
11,14,10,inflection_or_zero,ema200,False,1.5,3.5,2.0,0.0,548,-5840.57,0.866,34.85,6669.79,-0.88,30.56,22,72,-18.93
11,14,10,inflection_or_zero,ema200,False,1.5,3.5,2.0,200.0,261,-625.24,0.966,35.25,4858.01,-0.13,50.0,36,72,-4.33
11,14,10,inflection_or_zero,ema200,False,1.5,3.5,2.0,250.0,321,-692.62,0.968,35.2,5290.44,-0.13,44.44,32,72,-4.1
11,14,10,inflection_or_zero,ema200,False,1.5,3.5,2.5,0.0,508,2297.07,1.052,42.72,3302.6,0.7,36.11,26,72,15.18
11,14,10,inflection_or_zero,ema200,False,1.5,3.5,2.5,200.0,244,98.72,1.005,41.8,3496.32,0.03,51.39,37,72,0.86
11,14,10,inflection_or_zero,ema200,False,1.5,3.5,2.5,250.0,271,130.08,1.006,42.07,3894.27,0.03,48.61,35,72,1.02
11,14,10,inflection_or_zero,ema200,False,1.5,4.0,1.5,0.0,632,-4964.36,0.882,26.58,5329.02,-0.93,31.94,23,72,-19.16
11,14,10,inflection_or_zero,ema200,False,1.5,4.0,1.5,200.0,338,-2675.47,0.871,25.44,3302.16,-0.81,45.83,33,72,-18.59
11,14,10,inflection_or_zero,ema200,False,1.5,4.0,1.5,250.0,383,-1989.61,0.913,26.63,2920.86,-0.68,44.44,32,72,-14.94
11,14,10,inflection_or_zero,ema200,False,1.5,4.0,2.0,0.0,508,-3921.37,0.905,33.27,5962.29,-0.66,33.33,24,72,-15.32
11,14,10,inflection_or_zero,ema200,False,1.5,4.0,2.0,200.0,253,-372.1,0.98,33.2,4064.85,-0.09,48.61,35,72,-2.78
11,14,10,inflection_or_zero,ema200,False,1.5,4.0,2.0,250.0,274,429.64,1.022,34.31,3822.22,0.11,48.61,35,72,3.45
11,14,10,inflection_or_zero,ema200,False,1.5,4.0,2.5,0.0,451,2622.16,1.062,40.8,3760.96,0.7,37.5,27,72,17.03
11,14,10,inflection_or_zero,ema200,False,1.5,4.0,2.5,200.0,217,-1131.8,0.938,36.87,4074.23,-0.28,47.22,34,72,-7.85
11,14,10,inflection_or_zero,ema200,False,1.5,4.0,2.5,250.0,241,-707.5,0.965,37.76,4040.66,-0.18,44.44,32,72,-4.77
11,14,10,inflection_or_zero,ema200,False,1.5,4.5,1.5,0.0,658,-2493.06,0.942,25.68,4057.66,-0.61,34.72,25,72,-12.8
11,14,10,inflection_or_zero,ema200,False,1.5,4.5,1.5,200.0,333,-1190.6,0.942,25.23,2595.41,-0.46,47.22,34,72,-10.4
11,14,10,inflection_or_zero,ema200,False,1.5,4.5,1.5,250.0,364,-834.0,0.963,25.55,2595.41,-0.32,45.83,33,72,-7.23
11,14,10,inflection_or_zero,ema200,False,1.5,4.5,2.0,0.0,504,-3130.41,0.924,31.15,6103.9,-0.51,31.94,23,72,-11.83
11,14,10,inflection_or_zero,ema200,False,1.5,4.5,2.0,200.0,233,-1353.59,0.924,30.47,3551.66,-0.38,47.22,34,72,-9.91
11,14,10,inflection_or_zero,ema200,False,1.5,4.5,2.0,250.0,261,164.92,1.008,32.18,2980.64,0.06,47.22,34,72,1.44
11,14,10,inflection_or_zero,ema200,False,1.5,4.5,2.5,0.0,446,4220.94,1.102,38.57,4285.69,0.98,41.67,30,72,29.61
11,14,10,inflection_or_zero,ema200,False,1.5,4.5,2.5,200.0,206,-1972.86,0.893,33.98,3696.8,-0.53,47.22,34,72,-13.68
11,14,10,inflection_or_zero,ema200,False,1.5,4.5,2.5,250.0,230,-1335.09,0.934,35.22,3239.14,-0.41,47.22,34,72,-10.35
11,14,10,inflection_or_zero,ema200,False,1.5,5.0,1.5,0.0,604,-2253.04,0.945,23.68,4025.12,-0.56,33.33,24,72,-11.19
11,14,10,inflection_or_zero,ema200,False,1.5,5.0,1.5,200.0,317,-438.59,0.978,23.03,2095.86,-0.21,45.83,33,72,-4.29
11,14,10,inflection_or_zero,ema200,False,1.5,5.0,1.5,250.0,346,-491.79,0.977,23.7,2095.86,-0.23,44.44,32,72,-4.66
11,14,10,inflection_or_zero,ema200,False,1.5,5.0,2.0,0.0,476,-2287.81,0.942,29.41,5143.34,-0.44,33.33,24,72,-10.02
11,14,10,inflection_or_zero,ema200,False,1.5,5.0,2.0,200.0,237,-761.26,0.959,27.85,2674.71,-0.28,45.83,33,72,-6.47
11,14,10,inflection_or_zero,ema200,False,1.5,5.0,2.0,250.0,263,1195.65,1.061,30.42,2174.12,0.55,47.22,34,72,12.85
11,14,10,inflection_or_zero,ema200,False,1.5,5.0,2.5,0.0,417,3141.69,1.077,35.49,4083.4,0.77,37.5,27,72,19.86
11,14,10,inflection_or_zero,ema200,False,1.5,5.0,2.5,200.0,193,-1872.47,0.894,31.61,3161.14,-0.59,47.22,34,72,-14.06
11,14,10,inflection_or_zero,ema200,False,1.5,5.0,2.5,250.0,222,-1362.16,0.932,32.88,3140.03,-0.43,44.44,32,72,-10.07
11,14,10,inflection_or_zero,ema50,True,1.35,3.5,1.5,0.0,343,-4513.77,0.787,27.41,4967.72,-0.91,31.94,23,72,-16.1
11,14,10,inflection_or_zero,ema50,True,1.35,3.5,1.5,200.0,289,-2660.33,0.842,28.37,4049.8,-0.66,38.89,28,72,-13.69
11,14,10,inflection_or_zero,ema50,True,1.35,3.5,1.5,250.0,310,-3285.99,0.822,28.06,4527.15,-0.73,34.72,25,72,-13.94
11,14,10,inflection_or_zero,ema50,True,1.35,3.5,2.0,0.0,320,-3316.2,0.859,35.0,3468.58,-0.96,40.28,29,72,-19.48
11,14,10,inflection_or_zero,ema50,True,1.35,3.5,2.0,200.0,265,-2251.39,0.877,35.85,2403.77,-0.94,45.83,33,72,-18.46
11,14,10,inflection_or_zero,ema50,True,1.35,3.5,2.0,250.0,286,-2367.76,0.882,36.01,2526.06,-0.94,43.06,31,72,-17.89
11,14,10,inflection_or_zero,ema50,True,1.35,3.5,2.5,0.0,305,2126.01,1.087,44.92,1737.99,1.22,52.78,38,72,29.26
11,14,10,inflection_or_zero,ema50,True,1.35,3.5,2.5,200.0,227,2167.45,1.133,45.81,1130.31,1.92,56.94,41,72,41.59
11,14,10,inflection_or_zero,ema50,True,1.35,3.5,2.5,250.0,249,1934.09,1.104,45.78,1423.93,1.36,55.56,40,72,31.44
11,14,10,inflection_or_zero,ema50,True,1.35,4.0,1.5,0.0,332,-4552.0,0.787,24.7,4884.89,-0.93,33.33,24,72,-17.08
11,14,10,inflection_or_zero,ema50,True,1.35,4.0,1.5,200.0,281,-2861.16,0.833,25.27,4019.76,-0.71,36.11,26,72,-13.57
11,14,10,inflection_or_zero,ema50,True,1.35,4.0,1.5,250.0,293,-2392.04,0.864,25.94,3652.09,-0.65,36.11,26,72,-12.35
11,14,10,inflection_or_zero,ema50,True,1.35,4.0,2.0,0.0,302,-2273.1,0.902,32.78,2661.29,-0.85,38.89,28,72,-15.46
11,14,10,inflection_or_zero,ema50,True,1.35,4.0,2.0,200.0,245,-2052.36,0.886,33.06,2689.64,-0.76,45.83,33,72,-16.07
11,14,10,inflection_or_zero,ema50,True,1.35,4.0,2.0,250.0,258,-1808.87,0.903,33.33,2270.1,-0.8,44.44,32,72,-15.24
11,14,10,inflection_or_zero,ema50,True,1.35,4.0,2.5,0.0,282,1910.04,1.081,41.13,1749.55,1.09,50.0,36,72,24.68
11,14,10,inflection_or_zero,ema50,True,1.35,4.0,2.5,200.0,214,528.62,1.031,40.65,1553.77,0.34,52.78,38,72,7.3
11,14,10,inflection_or_zero,ema50,True,1.35,4.0,2.5,250.0,226,1243.41,1.071,41.59,1617.56,0.77,51.39,37,72,17.02
11,14,10,inflection_or_zero,ema50,True,1.35,4.5,1.5,0.0,326,-2971.02,0.86,24.23,4426.61,-0.67,38.89,28,72,-14.94
11,14,10,inflection_or_zero,ema50,True,1.35,4.5,1.5,200.0,261,-801.04,0.95,25.67,3805.79,-0.21,44.44,32,72,-5.48
11,14,10,inflection_or_zero,ema50,True,1.35,4.5,1.5,250.0,285,-1079.54,0.938,25.26,3649.65,-0.3,43.06,31,72,-7.22
11,14,10,inflection_or_zero,ema50,True,1.35,4.5,2.0,0.0,299,-350.14,0.985,32.11,2397.21,-0.15,41.67,30,72,-2.94
11,14,10,inflection_or_zero,ema50,True,1.35,4.5,2.0,200.0,220,-91.72,0.994,32.73,1817.9,-0.05,51.39,37,72,-1.1
11,14,10,inflection_or_zero,ema50,True,1.35,4.5,2.0,250.0,247,-281.06,0.985,32.79,2302.37,-0.12,47.22,34,72,-2.72
11,14,10,inflection_or_zero,ema50,True,1.35,4.5,2.5,0.0,278,3387.65,1.142,39.57,1636.28,2.07,47.22,34,72,45.16
11,14,10,inflection_or_zero,ema50,True,1.35,4.5,2.5,200.0,197,1827.54,1.114,40.1,1484.35,1.23,55.56,40,72,29.36
11,14,10,inflection_or_zero,ema50,True,1.35,4.5,2.5,250.0,218,2503.59,1.144,40.83,1226.17,2.04,52.78,38,72,43.17
11,14,10,inflection_or_zero,ema50,True,1.35,5.0,1.5,0.0,328,-2334.28,0.892,22.87,3954.04,-0.59,37.5,27,72,-12.42
11,14,10,inflection_or_zero,ema50,True,1.35,5.0,1.5,200.0,250,189.51,1.012,24.8,3066.46,0.06,47.22,34,72,1.64
11,14,10,inflection_or_zero,ema50,True,1.35,5.0,1.5,250.0,285,-1096.94,0.939,23.51,4334.82,-0.25,43.06,31,72,-6.74
11,14,10,inflection_or_zero,ema50,True,1.35,5.0,2.0,0.0,301,-1263.85,0.948,29.24,2015.75,-0.63,37.5,27,72,-10.01
11,14,10,inflection_or_zero,ema50,True,1.35,5.0,2.0,200.0,200,1563.31,1.104,33.0,2265.51,0.69,52.78,38,72,19.14
11,14,10,inflection_or_zero,ema50,True,1.35,5.0,2.0,250.0,245,-301.72,0.984,30.2,2389.18,-0.13,44.44,32,72,-2.7
11,14,10,inflection_or_zero,ema50,True,1.35,5.0,2.5,0.0,271,-28.93,0.999,35.06,1719.76,-0.02,44.44,32,72,-0.31
11,14,10,inflection_or_zero,ema50,True,1.35,5.0,2.5,200.0,182,1241.31,1.078,37.36,1754.22,0.71,55.56,40,72,17.75
11,14,10,inflection_or_zero,ema50,True,1.35,5.0,2.5,250.0,217,1012.99,1.054,36.87,1210.62,0.84,50.0,36,72,15.34
11,14,10,inflection_or_zero,ema50,True,1.4,3.5,1.5,0.0,348,-4709.59,0.782,27.3,5106.88,-0.92,31.94,23,72,-16.46
11,14,10,inflection_or_zero,ema50,True,1.4,3.5,1.5,200.0,291,-2815.67,0.834,28.18,4140.88,-0.68,38.89,28,72,-14.19
11,14,10,inflection_or_zero,ema50,True,1.4,3.5,1.5,250.0,312,-3441.33,0.815,27.88,4618.23,-0.75,34.72,25,72,-14.33
11,14,10,inflection_or_zero,ema50,True,1.4,3.5,2.0,0.0,324,-3020.83,0.873,35.19,3173.21,-0.95,40.28,29,72,-18.86
11,14,10,inflection_or_zero,ema50,True,1.4,3.5,2.0,200.0,266,-2371.81,0.871,35.71,2524.19,-0.94,45.83,33,72,-18.84
11,14,10,inflection_or_zero,ema50,True,1.4,3.5,2.0,250.0,288,-2633.07,0.871,35.76,2791.37,-0.94,43.06,31,72,-18.69
11,14,10,inflection_or_zero,ema50,True,1.4,3.5,2.5,0.0,309,2355.53,1.095,44.98,1773.64,1.33,52.78,38,72,32.33
11,14,10,inflection_or_zero,ema50,True,1.4,3.5,2.5,200.0,228,2017.71,1.123,45.61,1130.31,1.79,56.94,41,72,38.38
11,14,10,inflection_or_zero,ema50,True,1.4,3.5,2.5,250.0,250,1784.35,1.095,45.6,1423.93,1.25,55.56,40,72,28.77
11,14,10,inflection_or_zero,ema50,True,1.4,4.0,1.5,0.0,337,-4715.5,0.784,24.63,5048.39,-0.93,33.33,24,72,-17.34
11,14,10,inflection_or_zero,ema50,True,1.4,4.0,1.5,200.0,283,-3016.5,0.826,25.09,4110.84,-0.73,36.11,26,72,-14.03
11,14,10,inflection_or_zero,ema50,True,1.4,4.0,1.5,250.0,295,-2547.38,0.856,25.76,3743.17,-0.68,36.11,26,72,-12.87
11,14,10,inflection_or_zero,ema50,True,1.4,4.0,2.0,0.0,306,-1896.13,0.919,33.01,2528.73,-0.75,38.89,28,72,-13.48
11,14,10,inflection_or_zero,ema50,True,1.4,4.0,2.0,200.0,246,-2172.78,0.88,32.93,2776.21,-0.78,45.83,33,72,-16.63
11,14,10,inflection_or_zero,ema50,True,1.4,4.0,2.0,250.0,259,-1929.29,0.897,33.2,2356.67,-0.82,44.44,32,72,-15.84
11,14,10,inflection_or_zero,ema50,True,1.4,4.0,2.5,0.0,286,2221.16,1.093,41.26,1749.55,1.27,50.0,36,72,29.02
11,14,10,inflection_or_zero,ema50,True,1.4,4.0,2.5,200.0,215,378.88,1.022,40.47,1592.57,0.24,52.78,38,72,5.12
11,14,10,inflection_or_zero,ema50,True,1.4,4.0,2.5,250.0,227,1093.67,1.062,41.41,1617.56,0.68,51.39,37,72,14.84
11,14,10,inflection_or_zero,ema50,True,1.4,4.5,1.5,0.0,331,-3102.2,0.857,24.17,4380.85,-0.71,38.89,28,72,-15.62
11,14,10,inflection_or_zero,ema50,True,1.4,4.5,1.5,200.0,263,-956.38,0.94,25.48,3896.87,-0.25,44.44,32,72,-6.4
11,14,10,inflection_or_zero,ema50,True,1.4,4.5,1.5,250.0,287,-1234.88,0.929,25.09,3740.73,-0.33,43.06,31,72,-8.08
11,14,10,inflection_or_zero,ema50,True,1.4,4.5,2.0,0.0,304,23.79,1.001,32.24,2173.91,0.01,43.06,31,72,0.22
11,14,10,inflection_or_zero,ema50,True,1.4,4.5,2.0,200.0,224,-70.5,0.996,32.59,1712.04,-0.04,51.39,37,72,-0.87
11,14,10,inflection_or_zero,ema50,True,1.4,4.5,2.0,250.0,249,-486.12,0.974,32.53,2422.79,-0.2,47.22,34,72,-4.54
11,14,10,inflection_or_zero,ema50,True,1.4,4.5,2.5,0.0,282,3780.37,1.156,39.72,1636.28,2.31,48.61,35,72,52.52
11,14,10,inflection_or_zero,ema50,True,1.4,4.5,2.5,200.0,198,1677.8,1.104,39.9,1484.35,1.13,55.56,40,72,26.71
11,14,10,inflection_or_zero,ema50,True,1.4,4.5,2.5,250.0,219,2353.85,1.134,40.64,1226.17,1.92,52.78,38,72,40.23
11,14,10,inflection_or_zero,ema50,True,1.4,5.0,1.5,0.0,333,-2433.14,0.89,22.82,3875.96,-0.63,38.89,28,72,-13.53
11,14,10,inflection_or_zero,ema50,True,1.4,5.0,1.5,200.0,257,101.19,1.006,24.51,3183.76,0.03,47.22,34,72,0.85
11,14,10,inflection_or_zero,ema50,True,1.4,5.0,1.5,250.0,290,-613.08,0.966,23.79,3786.7,-0.16,44.44,32,72,-4.28
11,14,10,inflection_or_zero,ema50,True,1.4,5.0,2.0,0.0,305,-1128.42,0.954,29.18,2038.13,-0.55,37.5,27,72,-8.94
11,14,10,inflection_or_zero,ema50,True,1.4,5.0,2.0,200.0,206,1024.93,1.066,32.04,2265.51,0.45,51.39,37,72,11.8
11,14,10,inflection_or_zero,ema50,True,1.4,5.0,2.0,250.0,247,-506.78,0.973,29.96,2452.39,-0.21,44.44,32,72,-4.42
11,14,10,inflection_or_zero,ema50,True,1.4,5.0,2.5,0.0,274,125.29,1.005,35.04,1719.76,0.07,43.06,31,72,1.31
11,14,10,inflection_or_zero,ema50,True,1.4,5.0,2.5,200.0,187,1238.33,1.075,36.9,1754.22,0.71,54.17,39,72,17.22
11,14,10,inflection_or_zero,ema50,True,1.4,5.0,2.5,250.0,218,863.25,1.045,36.7,1210.62,0.71,48.61,35,72,12.6
11,14,10,inflection_or_zero,ema50,False,1.5,3.5,1.5,0.0,678,-5624.1,0.871,29.35,6059.52,-0.93,34.72,25,72,-21.85
11,14,10,inflection_or_zero,ema50,False,1.5,3.5,1.5,200.0,366,-426.37,0.98,31.42,1614.56,-0.26,51.39,37,72,-5.34
11,14,10,inflection_or_zero,ema50,False,1.5,3.5,1.5,250.0,446,-1046.85,0.959,30.72,2104.37,-0.5,45.83,33,72,-10.03
11,14,10,inflection_or_zero,ema50,False,1.5,3.5,2.0,0.0,611,-1184.05,0.974,37.97,3206.24,-0.37,33.33,24,72,-6.79
11,14,10,inflection_or_zero,ema50,False,1.5,3.5,2.0,200.0,276,575.97,1.03,39.86,1700.92,0.34,52.78,38,72,7.59
11,14,10,inflection_or_zero,ema50,False,1.5,3.5,2.0,250.0,334,946.0,1.043,39.82,1856.07,0.51,48.61,35,72,11.13
11,14,10,inflection_or_zero,ema50,False,1.5,3.5,2.5,0.0,510,3857.37,1.092,45.49,4309.96,0.89,41.67,30,72,26.74
11,14,10,inflection_or_zero,ema50,False,1.5,3.5,2.5,200.0,229,1365.25,1.078,45.41,1648.73,0.83,56.94,41,72,20.64
11,14,10,inflection_or_zero,ema50,False,1.5,3.5,2.5,250.0,282,1169.93,1.055,44.33,1941.83,0.6,52.78,38,72,14.78
11,14,10,inflection_or_zero,ema50,False,1.5,4.0,1.5,0.0,642,-1186.27,0.972,28.82,3625.56,-0.33,36.11,26,72,-6.91
11,14,10,inflection_or_zero,ema50,False,1.5,4.0,1.5,200.0,342,333.66,1.016,29.53,1853.99,0.18,52.78,38,72,4.16
11,14,10,inflection_or_zero,ema50,False,1.5,4.0,1.5,250.0,379,94.63,1.004,29.29,2069.59,0.05,47.22,34,72,0.99
11,14,10,inflection_or_zero,ema50,False,1.5,4.0,2.0,0.0,533,690.3,1.017,36.59,2460.8,0.28,33.33,24,72,4.72
11,14,10,inflection_or_zero,ema50,False,1.5,4.0,2.0,200.0,272,1388.64,1.071,37.13,1220.67,1.14,51.39,37,72,21.88
11,14,10,inflection_or_zero,ema50,False,1.5,4.0,2.0,250.0,309,1256.83,1.058,36.89,1342.19,0.94,48.61,35,72,17.64
11,14,10,inflection_or_zero,ema50,False,1.5,4.0,2.5,0.0,477,7626.68,1.18,42.98,3053.79,2.5,45.83,33,72,74.64
11,14,10,inflection_or_zero,ema50,False,1.5,4.0,2.5,200.0,209,2109.71,1.123,43.06,1409.78,1.5,56.94,41,72,35.93
11,14,10,inflection_or_zero,ema50,False,1.5,4.0,2.5,250.0,248,126.37,1.006,39.92,2946.35,0.04,51.39,37,72,1.2
11,14,10,inflection_or_zero,ema50,False,1.5,4.5,1.5,0.0,640,391.04,1.009,27.03,2956.26,0.13,40.28,29,72,2.92
11,14,10,inflection_or_zero,ema50,False,1.5,4.5,1.5,200.0,341,1453.38,1.071,27.86,1431.04,1.02,52.78,38,72,21.72
11,14,10,inflection_or_zero,ema50,False,1.5,4.5,1.5,250.0,392,-80.64,0.997,26.79,2779.55,-0.03,47.22,34,72,-0.72
11,14,10,inflection_or_zero,ema50,False,1.5,4.5,2.0,0.0,504,750.75,1.019,33.73,2475.07,0.3,37.5,27,72,5.77
11,14,10,inflection_or_zero,ema50,False,1.5,4.5,2.0,200.0,256,838.09,1.044,33.59,1708.71,0.49,52.78,38,72,11.17
11,14,10,inflection_or_zero,ema50,False,1.5,4.5,2.0,250.0,292,541.06,1.025,33.22,1874.37,0.29,47.22,34,72,6.05
11,14,10,inflection_or_zero,ema50,False,1.5,4.5,2.5,0.0,446,5649.48,1.133,39.01,3414.68,1.65,45.83,33,72,50.2
11,14,10,inflection_or_zero,ema50,False,1.5,4.5,2.5,200.0,194,4863.17,1.316,43.3,1349.41,3.6,59.72,43,72,104.05
11,14,10,inflection_or_zero,ema50,False,1.5,4.5,2.5,250.0,234,3652.99,1.191,41.03,1590.22,2.3,54.17,39,72,59.1
11,14,10,inflection_or_zero,ema50,False,1.5,5.0,1.5,0.0,610,-53.06,0.999,25.08,2580.66,-0.02,34.72,25,72,-0.36
11,14,10,inflection_or_zero,ema50,False,1.5,5.0,1.5,200.0,309,2917.73,1.155,27.51,1333.72,2.19,56.94,41,72,52.54
11,14,10,inflection_or_zero,ema50,False,1.5,5.0,1.5,250.0,364,2179.11,1.098,26.1,1681.52,1.3,50.0,36,72,29.17
11,14,10,inflection_or_zero,ema50,False,1.5,5.0,2.0,0.0,505,2828.25,1.065,31.68,2844.77,0.99,38.89,28,72,21.96
11,14,10,inflection_or_zero,ema50,False,1.5,5.0,2.0,200.0,252,2315.47,1.124,32.54,1375.7,1.68,52.78,38,72,37.04
11,14,10,inflection_or_zero,ema50,False,1.5,5.0,2.0,250.0,286,2138.86,1.1,31.82,1375.7,1.55,50.0,36,72,31.72
11,14,10,inflection_or_zero,ema50,False,1.5,5.0,2.5,0.0,439,8697.16,1.196,37.13,2204.22,3.95,48.61,35,72,107.7
11,14,10,inflection_or_zero,ema50,False,1.5,5.0,2.5,200.0,189,4383.39,1.279,39.68,1277.39,3.43,59.72,43,72,93.68
11,14,10,inflection_or_zero,ema50,False,1.5,5.0,2.5,250.0,216,4999.93,1.277,39.35,1554.47,3.22,56.94,41,72,92.21
11,14,10,inflection_or_zero,none,True,1.35,3.5,1.5,0.0,545,-7475.77,0.782,26.61,7966.31,-0.94,29.17,21,72,-19.11
11,14,10,inflection_or_zero,none,True,1.35,3.5,1.5,200.0,362,-3248.83,0.844,27.07,4675.36,-0.69,43.06,31,72,-17.27
11,14,10,inflection_or_zero,none,True,1.35,3.5,1.5,250.0,416,-3736.6,0.847,27.4,5178.52,-0.72,36.11,26,72,-15.88
11,14,10,inflection_or_zero,none,True,1.35,3.5,2.0,0.0,485,-7310.4,0.804,33.61,8225.14,-0.89,30.56,22,72,-19.81
11,14,10,inflection_or_zero,none,True,1.35,3.5,2.0,200.0,268,-1126.1,0.939,36.57,2963.21,-0.38,52.78,38,72,-10.25
11,14,10,inflection_or_zero,none,True,1.35,3.5,2.0,250.0,312,-2387.7,0.892,35.58,3083.66,-0.77,45.83,33,72,-17.58
11,14,10,inflection_or_zero,none,True,1.35,3.5,2.5,0.0,451,-5105.35,0.866,41.24,6338.12,-0.81,34.72,25,72,-19.28
11,14,10,inflection_or_zero,none,True,1.35,3.5,2.5,200.0,247,-261.38,0.986,44.13,2134.31,-0.12,55.56,40,72,-3.1
11,14,10,inflection_or_zero,none,True,1.35,3.5,2.5,250.0,288,-427.25,0.981,44.1,2236.9,-0.19,51.39,37,72,-4.55
11,14,10,inflection_or_zero,none,True,1.35,4.0,1.5,0.0,499,-6132.96,0.811,24.85,6744.81,-0.91,34.72,25,72,-21.03
11,14,10,inflection_or_zero,none,True,1.35,4.0,1.5,200.0,315,-2852.91,0.85,24.44,4103.26,-0.7,44.44,32,72,-16.82
11,14,10,inflection_or_zero,none,True,1.35,4.0,1.5,250.0,349,-2728.51,0.87,24.64,4138.08,-0.66,43.06,31,72,-15.89
11,14,10,inflection_or_zero,none,True,1.35,4.0,2.0,0.0,443,-8024.24,0.777,30.47,9015.52,-0.89,26.39,19,72,-17.33
11,14,10,inflection_or_zero,none,True,1.35,4.0,2.0,200.0,252,-1227.66,0.933,33.73,2733.28,-0.45,50.0,36,72,-10.95
11,14,10,inflection_or_zero,none,True,1.35,4.0,2.0,250.0,296,-3655.59,0.84,31.76,4236.97,-0.86,41.67,30,72,-19.66
11,14,10,inflection_or_zero,none,True,1.35,4.0,2.5,0.0,394,-5678.68,0.841,37.82,6860.6,-0.83,33.33,24,72,-19.22
11,14,10,inflection_or_zero,none,True,1.35,4.0,2.5,200.0,217,-1270.99,0.929,39.63,2164.17,-0.59,51.39,37,72,-13.04
11,14,10,inflection_or_zero,none,True,1.35,4.0,2.5,250.0,262,-3574.98,0.841,37.4,4182.71,-0.85,43.06,31,72,-20.02
11,14,10,inflection_or_zero,none,True,1.35,4.5,1.5,0.0,490,-4808.09,0.852,23.27,5589.79,-0.86,30.56,22,72,-16.74
11,14,10,inflection_or_zero,none,True,1.35,4.5,1.5,200.0,306,-2069.81,0.89,23.2,3635.14,-0.57,43.06,31,72,-13.16
11,14,10,inflection_or_zero,none,True,1.35,4.5,1.5,250.0,335,-1615.53,0.921,23.88,3681.43,-0.44,41.67,30,72,-10.22
11,14,10,inflection_or_zero,none,True,1.35,4.5,2.0,0.0,429,-5457.15,0.847,29.14,6569.4,-0.83,33.33,24,72,-19.01
11,14,10,inflection_or_zero,none,True,1.35,4.5,2.0,200.0,237,-832.39,0.953,31.65,3160.69,-0.26,50.0,36,72,-7.06
11,14,10,inflection_or_zero,none,True,1.35,4.5,2.0,250.0,261,-189.31,0.99,32.57,2817.86,-0.07,48.61,35,72,-1.72
11,14,10,inflection_or_zero,none,True,1.35,4.5,2.5,0.0,377,-4669.07,0.87,35.01,6608.11,-0.71,31.94,23,72,-15.96
11,14,10,inflection_or_zero,none,True,1.35,4.5,2.5,200.0,207,-1605.38,0.911,37.2,3395.11,-0.47,51.39,37,72,-12.9
11,14,10,inflection_or_zero,none,True,1.35,4.5,2.5,250.0,227,-794.16,0.959,37.89,2863.61,-0.28,48.61,35,72,-6.92
11,14,10,inflection_or_zero,none,True,1.35,5.0,1.5,0.0,463,-5911.7,0.813,20.73,6104.13,-0.97,26.39,19,72,-16.23
11,14,10,inflection_or_zero,none,True,1.35,5.0,1.5,200.0,297,-3260.64,0.829,20.54,4553.45,-0.72,38.89,28,72,-15.58
11,14,10,inflection_or_zero,none,True,1.35,5.0,1.5,250.0,323,-3095.96,0.849,21.05,4286.46,-0.72,36.11,26,72,-14.5
11,14,10,inflection_or_zero,none,True,1.35,5.0,2.0,0.0,424,-3166.76,0.912,28.3,3531.23,-0.9,38.89,28,72,-18.9
11,14,10,inflection_or_zero,none,True,1.35,5.0,2.0,200.0,225,1285.55,1.076,32.89,2790.74,0.46,52.78,38,72,13.82
11,14,10,inflection_or_zero,none,True,1.35,5.0,2.0,250.0,246,924.22,1.05,31.71,3028.85,0.31,50.0,36,72,8.82
11,14,10,inflection_or_zero,none,True,1.35,5.0,2.5,0.0,372,-2202.06,0.938,34.14,5405.25,-0.41,36.11,26,72,-10.14
11,14,10,inflection_or_zero,none,True,1.35,5.0,2.5,200.0,201,181.63,1.01,37.31,3568.35,0.05,54.17,39,72,1.66
11,14,10,inflection_or_zero,none,True,1.35,5.0,2.5,250.0,230,-1300.25,0.936,35.65,3237.47,-0.4,48.61,35,72,-10.4
11,14,10,inflection_or_zero,none,True,1.4,3.5,1.5,0.0,590,-8821.08,0.764,25.59,9222.15,-0.96,23.61,17,72,-16.57
11,14,10,inflection_or_zero,none,True,1.4,3.5,1.5,200.0,379,-4380.03,0.802,25.59,4849.79,-0.9,38.89,28,72,-19.62
11,14,10,inflection_or_zero,none,True,1.4,3.5,1.5,250.0,430,-5737.0,0.778,25.12,6253.46,-0.92,31.94,23,72,-18.03
11,14,10,inflection_or_zero,none,True,1.4,3.5,2.0,0.0,527,-7212.39,0.821,33.4,8069.07,-0.89,31.94,23,72,-21.05
11,14,10,inflection_or_zero,none,True,1.4,3.5,2.0,200.0,284,-711.67,0.963,36.27,4032.06,-0.18,52.78,38,72,-5.7
11,14,10,inflection_or_zero,none,True,1.4,3.5,2.0,250.0,333,-1816.75,0.922,35.44,2887.18,-0.63,45.83,33,72,-14.29
11,14,10,inflection_or_zero,none,True,1.4,3.5,2.5,0.0,470,-8096.43,0.801,38.94,9257.4,-0.87,27.78,20,72,-18.72
11,14,10,inflection_or_zero,none,True,1.4,3.5,2.5,200.0,259,-1617.47,0.919,41.31,2605.98,-0.62,51.39,37,72,-14.96
11,14,10,inflection_or_zero,none,True,1.4,3.5,2.5,250.0,297,-3421.79,0.856,40.4,3894.74,-0.88,45.83,33,72,-21.51
11,14,10,inflection_or_zero,none,True,1.4,4.0,1.5,0.0,531,-7972.37,0.771,23.73,8540.29,-0.93,29.17,21,72,-19.4
11,14,10,inflection_or_zero,none,True,1.4,4.0,1.5,200.0,332,-5313.9,0.745,22.29,5899.51,-0.9,38.89,28,72,-20.04
11,14,10,inflection_or_zero,none,True,1.4,4.0,1.5,250.0,356,-4075.41,0.815,23.6,4661.02,-0.87,38.89,28,72,-18.92
11,14,10,inflection_or_zero,none,True,1.4,4.0,2.0,0.0,451,-8636.24,0.763,29.93,9511.02,-0.91,25.0,18,72,-16.89
11,14,10,inflection_or_zero,none,True,1.4,4.0,2.0,200.0,259,-932.41,0.95,33.2,3392.69,-0.27,48.61,35,72,-7.39
11,14,10,inflection_or_zero,none,True,1.4,4.0,2.0,250.0,300,-3519.25,0.847,31.67,5009.66,-0.7,40.28,29,72,-16.96
11,14,10,inflection_or_zero,none,True,1.4,4.0,2.5,0.0,410,-8322.06,0.778,35.61,9314.3,-0.89,27.78,20,72,-18.64
11,14,10,inflection_or_zero,none,True,1.4,4.0,2.5,200.0,226,-1705.32,0.908,38.05,3000.33,-0.57,51.39,37,72,-14.53
11,14,10,inflection_or_zero,none,True,1.4,4.0,2.5,250.0,264,-3551.26,0.844,36.74,4192.13,-0.85,43.06,31,72,-19.93
11,14,10,inflection_or_zero,none,True,1.4,4.5,1.5,0.0,524,-6464.33,0.816,22.33,7134.85,-0.91,27.78,20,72,-17.35
11,14,10,inflection_or_zero,none,True,1.4,4.5,1.5,200.0,324,-4251.09,0.796,20.99,4705.05,-0.9,38.89,28,72,-19.19
11,14,10,inflection_or_zero,none,True,1.4,4.5,1.5,250.0,358,-4043.21,0.819,21.51,4876.18,-0.83,36.11,26,72,-17.12
11,14,10,inflection_or_zero,none,True,1.4,4.5,2.0,0.0,436,-7839.02,0.787,27.98,8893.21,-0.88,29.17,21,72,-19.08
11,14,10,inflection_or_zero,none,True,1.4,4.5,2.0,200.0,247,-1750.69,0.906,29.96,3428.2,-0.51,47.22,34,72,-12.79
11,14,10,inflection_or_zero,none,True,1.4,4.5,2.0,250.0,276,-763.69,0.963,30.8,3359.25,-0.23,45.83,33,72,-5.82
11,14,10,inflection_or_zero,none,True,1.4,4.5,2.5,0.0,394,-7694.9,0.797,32.99,9272.25,-0.83,29.17,21,72,-18.58
11,14,10,inflection_or_zero,none,True,1.4,4.5,2.5,200.0,209,-2101.14,0.886,35.41,4084.24,-0.51,47.22,34,72,-13.75
11,14,10,inflection_or_zero,none,True,1.4,4.5,2.5,250.0,234,-1640.8,0.919,35.9,3880.65,-0.42,45.83,33,72,-11.09
11,14,10,inflection_or_zero,none,True,1.4,5.0,1.5,0.0,493,-6327.66,0.813,20.49,6252.07,-1.01,26.39,19,72,-17.17
11,14,10,inflection_or_zero,none,True,1.4,5.0,1.5,200.0,320,-4914.75,0.768,19.06,5172.93,-0.95,36.11,26,72,-18.95
11,14,10,inflection_or_zero,none,True,1.4,5.0,1.5,250.0,346,-5400.36,0.762,19.08,5556.23,-0.97,33.33,24,72,-18.4
11,14,10,inflection_or_zero,none,True,1.4,5.0,2.0,0.0,434,-6447.39,0.826,26.96,6791.01,-0.95,31.94,23,72,-20.64
11,14,10,inflection_or_zero,none,True,1.4,5.0,2.0,200.0,233,224.07,1.013,30.47,3674.5,0.06,48.61,35,72,1.82
11,14,10,inflection_or_zero,none,True,1.4,5.0,2.0,250.0,273,-1174.92,0.943,28.57,3750.58,-0.31,44.44,32,72,-8.04
11,14,10,inflection_or_zero,none,True,1.4,5.0,2.5,0.0,377,-5948.7,0.838,31.56,7131.52,-0.83,33.33,24,72,-19.67
11,14,10,inflection_or_zero,none,True,1.4,5.0,2.5,200.0,202,-1274.29,0.93,34.65,4400.28,-0.29,48.61,35,72,-8.68
11,14,10,inflection_or_zero,none,True,1.4,5.0,2.5,250.0,232,-956.4,0.953,34.91,4012.92,-0.24,47.22,34,72,-6.79
11,14,10,inflection_or_zero,none,False,1.5,3.5,1.5,0.0,747,-10488.45,0.789,25.7,11112.94,-0.94,18.06,13,72,-14.18
11,14,10,inflection_or_zero,none,False,1.5,3.5,1.5,200.0,412,-4049.85,0.828,25.24,6792.43,-0.6,37.5,27,72,-15.26
11,14,10,inflection_or_zero,none,False,1.5,3.5,1.5,250.0,436,-4402.49,0.826,25.46,6586.34,-0.67,36.11,26,72,-16.18
11,14,10,inflection_or_zero,none,False,1.5,3.5,2.0,0.0,684,-11508.52,0.794,32.16,12635.11,-0.91,20.83,15,72,-16.93
11,14,10,inflection_or_zero,none,False,1.5,3.5,2.0,200.0,327,-1793.49,0.924,34.25,4432.56,-0.4,45.83,33,72,-11.41
11,14,10,inflection_or_zero,none,False,1.5,3.5,2.0,250.0,373,-2517.19,0.904,33.78,5030.6,-0.5,43.06,31,72,-13.81
11,14,10,inflection_or_zero,none,False,1.5,3.5,2.5,0.0,658,-7044.7,0.886,39.36,9540.41,-0.74,27.78,20,72,-17.75
11,14,10,inflection_or_zero,none,False,1.5,3.5,2.5,200.0,269,-1667.47,0.924,39.41,4704.03,-0.35,47.22,34,72,-10.61
11,14,10,inflection_or_zero,none,False,1.5,3.5,2.5,250.0,307,-3028.79,0.883,38.76,5343.77,-0.57,41.67,30,72,-15.25
11,14,10,inflection_or_zero,none,False,1.5,4.0,1.5,0.0,729,-11227.81,0.77,23.05,12209.39,-0.92,15.28,11,72,-11.96
11,14,10,inflection_or_zero,none,False,1.5,4.0,1.5,200.0,423,-4382.78,0.826,22.93,7779.56,-0.56,36.11,26,72,-14.82
11,14,10,inflection_or_zero,none,False,1.5,4.0,1.5,250.0,436,-4145.06,0.84,23.17,7541.84,-0.55,34.72,25,72,-13.92
11,14,10,inflection_or_zero,none,False,1.5,4.0,2.0,0.0,619,-9098.79,0.827,30.21,10208.53,-0.89,19.44,14,72,-14.48
11,14,10,inflection_or_zero,none,False,1.5,4.0,2.0,200.0,289,-2211.41,0.898,30.45,5761.64,-0.38,43.06,31,72,-11.27
11,14,10,inflection_or_zero,none,False,1.5,4.0,2.0,250.0,328,-3526.8,0.859,29.88,6323.64,-0.56,37.5,27,72,-14.29
11,14,10,inflection_or_zero,none,False,1.5,4.0,2.5,0.0,524,-10095.19,0.801,34.16,12990.85,-0.78,20.83,15,72,-14.78
11,14,10,inflection_or_zero,none,False,1.5,4.0,2.5,200.0,249,-2872.21,0.872,36.55,5732.52,-0.5,45.83,33,72,-15.16
11,14,10,inflection_or_zero,none,False,1.5,4.0,2.5,250.0,294,-4107.52,0.842,35.37,6116.96,-0.67,38.89,28,72,-17.2
11,14,10,inflection_or_zero,none,False,1.5,4.5,1.5,0.0,668,-9245.1,0.804,21.86,10525.98,-0.88,16.67,12,72,-12.08
11,14,10,inflection_or_zero,none,False,1.5,4.5,1.5,200.0,357,-3319.17,0.854,20.73,6797.88,-0.49,37.5,27,72,-12.89
11,14,10,inflection_or_zero,none,False,1.5,4.5,1.5,250.0,409,-3424.99,0.868,21.27,7473.62,-0.46,33.33,24,72,-11.46
11,14,10,inflection_or_zero,none,False,1.5,4.5,2.0,0.0,574,-6206.72,0.875,29.09,7437.62,-0.83,22.22,16,72,-13.99
11,14,10,inflection_or_zero,none,False,1.5,4.5,2.0,200.0,275,-1102.15,0.947,28.36,4615.84,-0.24,45.83,33,72,-7.04
11,14,10,inflection_or_zero,none,False,1.5,4.5,2.0,250.0,297,-433.06,0.981,29.29,4363.13,-0.1,44.44,32,72,-2.86
11,14,10,inflection_or_zero,none,False,1.5,4.5,2.5,0.0,506,-6047.45,0.879,33.99,8745.55,-0.69,27.78,20,72,-15.79
11,14,10,inflection_or_zero,none,False,1.5,4.5,2.5,200.0,239,-652.06,0.97,35.56,5117.1,-0.13,47.22,34,72,-4.18
11,14,10,inflection_or_zero,none,False,1.5,4.5,2.5,250.0,259,825.31,1.036,37.07,4147.06,0.2,47.22,34,72,6.27
11,14,10,inflection_or_zero,none,False,1.5,5.0,1.5,0.0,689,-7411.61,0.852,20.75,8569.48,-0.86,18.06,13,72,-12.32
11,14,10,inflection_or_zero,none,False,1.5,5.0,1.5,200.0,321,-24.26,0.999,20.87,5392.99,-0.0,43.06,31,72,-0.14
11,14,10,inflection_or_zero,none,False,1.5,5.0,1.5,250.0,377,-1118.12,0.953,20.42,6075.55,-0.18,38.89,28,72,-5.32
11,14,10,inflection_or_zero,none,False,1.5,5.0,2.0,0.0,555,-5216.47,0.896,27.21,6444.97,-0.81,22.22,16,72,-12.94
11,14,10,inflection_or_zero,none,False,1.5,5.0,2.0,200.0,264,975.15,1.049,28.03,3654.98,0.27,48.61,35,72,8.22
11,14,10,inflection_or_zero,none,False,1.5,5.0,2.0,250.0,295,374.01,1.016,27.8,4048.63,0.09,44.44,32,72,2.65
11,14,10,inflection_or_zero,none,False,1.5,5.0,2.5,0.0,463,-6732.02,0.86,31.97,7511.3,-0.9,22.22,16,72,-14.84
11,14,10,inflection_or_zero,none,False,1.5,5.0,2.5,200.0,217,1371.08,1.07,35.02,2830.54,0.48,50.0,36,72,13.79
11,14,10,inflection_or_zero,none,False,1.5,5.0,2.5,250.0,235,935.77,1.043,34.89,3622.61,0.26,47.22,34,72,7.66
10,14,8,inflection,ema200,True,1.35,3.5,1.5,0.0,229,-2344.0,0.84,28.38,3719.14,-0.63,36.11,26,72,-11.66
10,14,8,inflection,ema200,True,1.35,3.5,1.5,200.0,210,-1681.59,0.867,29.05,3436.54,-0.49,37.5,27,72,-9.33
10,14,8,inflection,ema200,True,1.35,3.5,1.5,250.0,214,-2020.86,0.845,28.5,3504.23,-0.58,37.5,27,72,-10.82
10,14,8,inflection,ema200,True,1.35,3.5,2.0,0.0,211,-2154.63,0.865,35.07,4474.39,-0.48,41.67,30,72,-11.61
10,14,8,inflection,ema200,True,1.35,3.5,2.0,200.0,188,-2106.96,0.848,35.64,4003.25,-0.53,41.67,30,72,-11.77
10,14,8,inflection,ema200,True,1.35,3.5,2.0,250.0,196,-1979.54,0.861,35.2,4092.48,-0.48,41.67,30,72,-11.1
10,14,8,inflection,ema200,True,1.35,3.5,2.5,0.0,207,-891.84,0.949,42.03,4228.76,-0.21,51.39,37,72,-6.69
10,14,8,inflection,ema200,True,1.35,3.5,2.5,200.0,165,102.65,1.008,43.64,3740.75,0.03,54.17,39,72,0.92
10,14,8,inflection,ema200,True,1.35,3.5,2.5,250.0,179,380.02,1.028,43.58,3872.3,0.1,54.17,39,72,3.4
10,14,8,inflection,ema200,True,1.35,4.0,1.5,0.0,227,-648.55,0.957,26.87,3412.15,-0.19,37.5,27,72,-3.98
10,14,8,inflection,ema200,True,1.35,4.0,1.5,200.0,197,-1536.1,0.877,25.89,3120.4,-0.49,37.5,27,72,-9.04
10,14,8,inflection,ema200,True,1.35,4.0,1.5,250.0,208,-1314.02,0.898,26.44,3171.56,-0.41,37.5,27,72,-7.86
10,14,8,inflection,ema200,True,1.35,4.0,2.0,0.0,205,-943.04,0.941,33.66,3847.31,-0.25,40.28,29,72,-5.76
10,14,8,inflection,ema200,True,1.35,4.0,2.0,200.0,182,-1694.83,0.877,32.42,3544.0,-0.48,41.67,30,72,-10.4
10,14,8,inflection,ema200,True,1.35,4.0,2.0,250.0,186,-1233.26,0.911,33.33,3544.0,-0.35,41.67,30,72,-7.86
10,14,8,inflection,ema200,True,1.35,4.0,2.5,0.0,196,-2068.46,0.882,38.27,4442.81,-0.47,45.83,33,72,-12.54
10,14,8,inflection,ema200,True,1.35,4.0,2.5,200.0,161,-1742.48,0.877,37.89,4103.31,-0.42,47.22,34,72,-11.26
10,14,8,inflection,ema200,True,1.35,4.0,2.5,250.0,167,-1287.66,0.91,38.92,4103.31,-0.31,47.22,34,72,-8.64
10,14,8,inflection,ema200,True,1.35,4.5,1.5,0.0,215,-1633.83,0.883,25.58,2860.09,-0.57,40.28,29,72,-10.87
10,14,8,inflection,ema200,True,1.35,4.5,1.5,200.0,179,-1609.67,0.866,25.7,3059.45,-0.53,40.28,29,72,-10.15
10,14,8,inflection,ema200,True,1.35,4.5,1.5,250.0,196,-1877.74,0.854,25.51,2955.83,-0.64,40.28,29,72,-11.88
10,14,8,inflection,ema200,True,1.35,4.5,2.0,0.0,199,-941.92,0.94,32.66,3566.22,-0.26,45.83,33,72,-6.79
10,14,8,inflection,ema200,True,1.35,4.5,2.0,200.0,159,-979.18,0.923,32.7,3473.99,-0.28,48.61,35,72,-7.45
10,14,8,inflection,ema200,True,1.35,4.5,2.0,250.0,174,-1102.7,0.92,32.76,3473.99,-0.32,45.83,33,72,-7.89
10,14,8,inflection,ema200,True,1.35,4.5,2.5,0.0,190,-2101.4,0.878,36.32,4333.73,-0.48,45.83,33,72,-12.84
10,14,8,inflection,ema200,True,1.35,4.5,2.5,200.0,143,-1714.71,0.873,37.06,4637.63,-0.37,48.61,35,72,-10.69
10,14,8,inflection,ema200,True,1.35,4.5,2.5,250.0,166,-1489.55,0.901,37.95,4637.63,-0.32,45.83,33,72,-9.03
10,14,8,inflection,ema200,True,1.35,5.0,1.5,0.0,209,-1941.68,0.862,23.44,2907.64,-0.67,37.5,27,72,-11.64
10,14,8,inflection,ema200,True,1.35,5.0,1.5,200.0,169,-2260.96,0.808,22.49,3140.77,-0.72,41.67,30,72,-13.58
10,14,8,inflection,ema200,True,1.35,5.0,1.5,250.0,189,-2432.22,0.812,22.75,3116.3,-0.78,38.89,28,72,-13.76
10,14,8,inflection,ema200,True,1.35,5.0,2.0,0.0,194,-1702.01,0.894,29.38,3493.2,-0.49,44.44,32,72,-11.44
10,14,8,inflection,ema200,True,1.35,5.0,2.0,200.0,154,-659.73,0.948,31.17,3403.97,-0.19,51.39,37,72,-5.51
10,14,8,inflection,ema200,True,1.35,5.0,2.0,250.0,171,-1745.82,0.877,29.24,3403.97,-0.51,44.44,32,72,-11.66
10,14,8,inflection,ema200,True,1.35,5.0,2.5,0.0,184,-2324.71,0.867,33.7,4218.16,-0.55,44.44,32,72,-13.79
10,14,8,inflection,ema200,True,1.35,5.0,2.5,200.0,137,-95.66,0.993,37.96,4513.71,-0.02,51.39,37,72,-0.73
10,14,8,inflection,ema200,True,1.35,5.0,2.5,250.0,157,-1361.02,0.908,35.67,4513.71,-0.3,44.44,32,72,-8.17
10,14,8,inflection,ema200,True,1.4,3.5,1.5,0.0,243,-3511.72,0.779,26.75,4546.0,-0.77,37.5,27,72,-15.22
10,14,8,inflection,ema200,True,1.4,3.5,1.5,200.0,223,-2685.46,0.804,27.35,4019.05,-0.67,38.89,28,72,-13.24
10,14,8,inflection,ema200,True,1.4,3.5,1.5,250.0,229,-3230.59,0.774,26.64,4404.23,-0.73,38.89,28,72,-14.65
10,14,8,inflection,ema200,True,1.4,3.5,2.0,0.0,223,-2530.01,0.851,34.53,4112.72,-0.62,44.44,32,72,-14.92
10,14,8,inflection,ema200,True,1.4,3.5,2.0,200.0,200,-2317.05,0.842,35.0,3750.27,-0.62,44.44,32,72,-14.16
10,14,8,inflection,ema200,True,1.4,3.5,2.0,250.0,212,-2432.79,0.844,34.43,3839.5,-0.63,44.44,32,72,-14.73
10,14,8,inflection,ema200,True,1.4,3.5,2.5,0.0,219,-1131.99,0.94,42.01,3917.77,-0.29,54.17,39,72,-9.21
10,14,8,inflection,ema200,True,1.4,3.5,2.5,200.0,177,384.66,1.028,44.07,3379.71,0.11,56.94,41,72,3.87
10,14,8,inflection,ema200,True,1.4,3.5,2.5,250.0,192,323.17,1.022,43.75,3490.47,0.09,56.94,41,72,3.18
10,14,8,inflection,ema200,True,1.4,4.0,1.5,0.0,241,-1633.07,0.899,25.73,4094.96,-0.4,38.89,28,72,-8.92
10,14,8,inflection,ema200,True,1.4,4.0,1.5,200.0,210,-2110.47,0.843,25.24,3716.68,-0.57,38.89,28,72,-11.35
10,14,8,inflection,ema200,True,1.4,4.0,1.5,250.0,221,-2134.69,0.847,25.34,3819.55,-0.56,38.89,28,72,-11.38
10,14,8,inflection,ema200,True,1.4,4.0,2.0,0.0,217,-1032.42,0.939,33.64,3633.23,-0.28,44.44,32,72,-7.15
10,14,8,inflection,ema200,True,1.4,4.0,2.0,200.0,192,-1116.83,0.922,33.33,3544.0,-0.32,45.83,33,72,-7.93
10,14,8,inflection,ema200,True,1.4,4.0,2.0,250.0,197,-1102.36,0.925,33.5,3544.0,-0.31,45.83,33,72,-7.85
10,14,8,inflection,ema200,True,1.4,4.0,2.5,0.0,208,-2114.3,0.886,38.46,4206.85,-0.5,48.61,35,72,-14.04
10,14,8,inflection,ema200,True,1.4,4.0,2.5,200.0,170,-1182.56,0.919,38.82,3939.6,-0.3,50.0,36,72,-8.66
10,14,8,inflection,ema200,True,1.4,4.0,2.5,250.0,178,-715.44,0.952,39.89,3939.6,-0.18,50.0,36,72,-5.43
10,14,8,inflection,ema200,True,1.4,4.5,1.5,0.0,229,-2835.62,0.814,24.02,3453.13,-0.82,40.28,29,72,-15.82
10,14,8,inflection,ema200,True,1.4,4.5,1.5,200.0,192,-2373.37,0.818,24.48,3455.33,-0.69,40.28,29,72,-13.3
10,14,8,inflection,ema200,True,1.4,4.5,1.5,250.0,212,-2846.06,0.799,24.06,3548.87,-0.8,40.28,29,72,-15.38
10,14,8,inflection,ema200,True,1.4,4.5,2.0,0.0,211,-1181.83,0.929,32.23,3563.22,-0.33,45.83,33,72,-8.43
10,14,8,inflection,ema200,True,1.4,4.5,2.0,200.0,166,-265.9,0.98,33.73,3376.85,-0.08,48.61,35,72,-2.18
10,14,8,inflection,ema200,True,1.4,4.5,2.0,250.0,186,-845.99,0.942,32.8,3473.99,-0.24,45.83,33,72,-6.2
10,14,8,inflection,ema200,True,1.4,4.5,2.5,0.0,202,-2296.15,0.876,36.14,4226.57,-0.54,47.22,34,72,-14.61
10,14,8,inflection,ema200,True,1.4,4.5,2.5,200.0,152,-987.02,0.93,38.16,4516.98,-0.22,50.0,36,72,-6.83
10,14,8,inflection,ema200,True,1.4,4.5,2.5,250.0,176,-874.92,0.944,38.64,4516.98,-0.19,47.22,34,72,-5.8
10,14,8,inflection,ema200,True,1.4,5.0,1.5,0.0,223,-3140.37,0.795,21.97,3671.19,-0.86,34.72,25,72,-14.31
10,14,8,inflection,ema200,True,1.4,5.0,1.5,200.0,185,-3506.1,0.732,20.54,3791.01,-0.92,37.5,27,72,-15.63
10,14,8,inflection,ema200,True,1.4,5.0,1.5,250.0,201,-3431.84,0.755,21.39,3737.25,-0.92,36.11,26,72,-15.3
10,14,8,inflection,ema200,True,1.4,5.0,2.0,0.0,206,-1852.03,0.891,29.13,3493.2,-0.53,41.67,30,72,-11.63
10,14,8,inflection,ema200,True,1.4,5.0,2.0,200.0,165,-943.38,0.931,30.3,3306.83,-0.29,47.22,34,72,-7.21
10,14,8,inflection,ema200,True,1.4,5.0,2.0,250.0,179,-1442.77,0.902,29.61,3306.83,-0.44,41.67,30,72,-9.43
10,14,8,inflection,ema200,True,1.4,5.0,2.5,0.0,196,-2407.91,0.871,33.67,4044.32,-0.6,43.06,31,72,-14.2
10,14,8,inflection,ema200,True,1.4,5.0,2.5,200.0,150,-1201.01,0.917,35.33,4393.06,-0.27,48.61,35,72,-8.08
10,14,8,inflection,ema200,True,1.4,5.0,2.5,250.0,167,-1405.85,0.911,35.33,4393.06,-0.32,43.06,31,72,-8.32
10,14,8,inflection,ema200,False,1.5,3.5,1.5,0.0,584,-7239.22,0.807,27.91,7391.6,-0.98,27.78,20,72,-18.88
10,14,8,inflection,ema200,False,1.5,3.5,1.5,200.0,329,-1289.91,0.93,29.79,2194.36,-0.59,48.61,35,72,-12.45
10,14,8,inflection,ema200,False,1.5,3.5,1.5,250.0,396,-1437.33,0.934,29.29,2642.09,-0.54,43.06,31,72,-11.25
10,14,8,inflection,ema200,False,1.5,3.5,2.0,0.0,541,-4796.64,0.883,35.86,5997.35,-0.8,38.89,28,72,-21.27
10,14,8,inflection,ema200,False,1.5,3.5,2.0,200.0,308,1018.66,1.052,37.99,3301.28,0.31,54.17,39,72,10.1
10,14,8,inflection,ema200,False,1.5,3.5,2.0,250.0,345,1590.39,1.072,38.26,3358.78,0.47,52.78,38,72,15.53
10,14,8,inflection,ema200,False,1.5,3.5,2.5,0.0,479,1567.98,1.039,42.8,4507.36,0.35,36.11,26,72,8.76
10,14,8,inflection,ema200,False,1.5,3.5,2.5,200.0,255,1945.33,1.11,45.1,2850.57,0.68,55.56,40,72,22.47
10,14,8,inflection,ema200,False,1.5,3.5,2.5,250.0,287,877.75,1.042,44.25,3235.29,0.27,48.61,35,72,7.82
10,14,8,inflection,ema200,False,1.5,4.0,1.5,0.0,577,-5408.5,0.859,26.34,5583.09,-0.97,34.72,25,72,-21.59
10,14,8,inflection,ema200,False,1.5,4.0,1.5,200.0,321,-716.6,0.961,27.73,2229.29,-0.32,47.22,34,72,-6.89
10,14,8,inflection,ema200,False,1.5,4.0,1.5,250.0,337,-351.96,0.982,28.19,2047.4,-0.17,47.22,34,72,-3.61
10,14,8,inflection,ema200,False,1.5,4.0,2.0,0.0,520,-3155.57,0.923,33.85,4619.36,-0.68,38.89,28,72,-16.67
10,14,8,inflection,ema200,False,1.5,4.0,2.0,200.0,275,1418.06,1.076,36.0,2408.73,0.59,54.17,39,72,16.84
10,14,8,inflection,ema200,False,1.5,4.0,2.0,250.0,306,939.93,1.046,34.97,2836.47,0.33,50.0,36,72,9.23
10,14,8,inflection,ema200,False,1.5,4.0,2.5,0.0,444,1486.72,1.038,40.32,4027.44,0.37,34.72,25,72,8.44
10,14,8,inflection,ema200,False,1.5,4.0,2.5,200.0,242,90.31,1.005,39.26,2651.52,0.03,48.61,35,72,0.86
10,14,8,inflection,ema200,False,1.5,4.0,2.5,250.0,258,1297.42,1.066,40.7,2455.4,0.53,48.61,35,72,13.57
10,14,8,inflection,ema200,False,1.5,4.5,1.5,0.0,561,-3167.41,0.915,25.31,4082.5,-0.78,40.28,29,72,-18.27
10,14,8,inflection,ema200,False,1.5,4.5,1.5,200.0,291,34.04,1.002,26.46,1851.89,0.02,48.61,35,72,0.39
10,14,8,inflection,ema200,False,1.5,4.5,1.5,250.0,321,216.69,1.011,26.79,1851.89,0.12,48.61,35,72,2.47
10,14,8,inflection,ema200,False,1.5,4.5,2.0,0.0,495,-4348.36,0.892,30.71,4947.13,-0.88,37.5,27,72,-20.68
10,14,8,inflection,ema200,False,1.5,4.5,2.0,200.0,250,1384.61,1.078,34.0,2109.34,0.66,54.17,39,72,17.6
10,14,8,inflection,ema200,False,1.5,4.5,2.0,250.0,268,1349.65,1.071,33.96,2109.34,0.64,52.78,38,72,16.61
10,14,8,inflection,ema200,False,1.5,4.5,2.5,0.0,397,1451.73,1.039,37.53,4190.52,0.35,34.72,25,72,8.09
10,14,8,inflection,ema200,False,1.5,4.5,2.5,200.0,194,-419.26,0.974,37.11,2972.96,-0.14,48.61,35,72,-3.64
10,14,8,inflection,ema200,False,1.5,4.5,2.5,250.0,220,-452.73,0.976,36.82,2751.11,-0.16,45.83,33,72,-3.86
10,14,8,inflection,ema200,False,1.5,5.0,1.5,0.0,530,-2513.14,0.929,24.15,4419.17,-0.57,36.11,26,72,-12.68
10,14,8,inflection,ema200,False,1.5,5.0,1.5,200.0,290,-1451.92,0.92,23.1,2021.95,-0.72,44.44,32,72,-13.2
10,14,8,inflection,ema200,False,1.5,5.0,1.5,250.0,329,-1128.34,0.944,23.71,2086.37,-0.54,43.06,31,72,-10.04
10,14,8,inflection,ema200,False,1.5,5.0,2.0,0.0,462,-4163.85,0.893,29.0,5298.82,-0.79,31.94,23,72,-16.32
10,14,8,inflection,ema200,False,1.5,5.0,2.0,200.0,238,-1385.8,0.925,28.15,2553.71,-0.54,45.83,33,72,-11.63
10,14,8,inflection,ema200,False,1.5,5.0,2.0,250.0,264,-417.55,0.979,29.55,2413.7,-0.17,45.83,33,72,-3.81
10,14,8,inflection,ema200,False,1.5,5.0,2.5,0.0,376,1894.57,1.051,35.11,4127.91,0.46,37.5,27,72,11.62
10,14,8,inflection,ema200,False,1.5,5.0,2.5,200.0,194,-3130.24,0.822,31.44,3752.8,-0.83,44.44,32,72,-18.67
10,14,8,inflection,ema200,False,1.5,5.0,2.5,250.0,224,-2486.98,0.878,32.14,3099.37,-0.8,41.67,30,72,-16.34
10,14,8,inflection,ema50,True,1.35,3.5,1.5,0.0,217,-3194.56,0.768,27.65,3383.77,-0.94,36.11,26,72,-15.23
10,14,8,inflection,ema50,True,1.35,3.5,1.5,200.0,192,-2308.65,0.805,28.65,3056.12,-0.76,37.5,27,72,-12.61
10,14,8,inflection,ema50,True,1.35,3.5,1.5,250.0,196,-3008.01,0.757,27.55,3197.22,-0.94,37.5,27,72,-15.1
10,14,8,inflection,ema50,True,1.35,3.5,2.0,0.0,201,-2573.81,0.831,34.83,3077.34,-0.84,38.89,28,72,-14.99
10,14,8,inflection,ema50,True,1.35,3.5,2.0,200.0,170,-2374.11,0.816,35.29,2877.16,-0.83,41.67,30,72,-15.05
10,14,8,inflection,ema50,True,1.35,3.5,2.0,250.0,180,-2467.93,0.817,34.44,2877.16,-0.86,40.28,29,72,-15.14
10,14,8,inflection,ema50,True,1.35,3.5,2.5,0.0,200,-1797.55,0.892,41.0,2668.63,-0.67,45.83,33,72,-14.22
10,14,8,inflection,ema50,True,1.35,3.5,2.5,200.0,159,-1600.15,0.88,42.14,3288.01,-0.49,50.0,36,72,-12.28
10,14,8,inflection,ema50,True,1.35,3.5,2.5,250.0,176,-2374.59,0.84,39.77,3315.04,-0.72,47.22,34,72,-16.36
10,14,8,inflection,ema50,True,1.35,4.0,1.5,0.0,213,-2329.69,0.832,26.29,2569.76,-0.91,38.89,28,72,-14.87
10,14,8,inflection,ema50,True,1.35,4.0,1.5,200.0,181,-1641.4,0.858,27.07,2675.3,-0.61,40.28,29,72,-10.97
10,14,8,inflection,ema50,True,1.35,4.0,1.5,250.0,192,-1844.77,0.848,26.56,2445.96,-0.75,40.28,29,72,-12.74
10,14,8,inflection,ema50,True,1.35,4.0,2.0,0.0,197,-1235.73,0.919,34.01,2868.53,-0.43,41.67,30,72,-8.84
10,14,8,inflection,ema50,True,1.35,4.0,2.0,200.0,164,-1206.53,0.904,34.15,2312.7,-0.52,44.44,32,72,-10.08
10,14,8,inflection,ema50,True,1.35,4.0,2.0,250.0,171,-1493.0,0.886,33.33,2312.7,-0.65,44.44,32,72,-12.22
10,14,8,inflection,ema50,True,1.35,4.0,2.5,0.0,196,-1718.84,0.901,38.27,3215.33,-0.53,44.44,32,72,-12.14
10,14,8,inflection,ema50,True,1.35,4.0,2.5,200.0,158,-2453.2,0.828,37.34,3880.25,-0.63,44.44,32,72,-14.49
10,14,8,inflection,ema50,True,1.35,4.0,2.5,250.0,164,-2632.33,0.823,37.2,3880.25,-0.68,44.44,32,72,-15.46
10,14,8,inflection,ema50,True,1.35,4.5,1.5,0.0,210,-885.52,0.935,26.19,1819.92,-0.49,41.67,30,72,-8.09
10,14,8,inflection,ema50,True,1.35,4.5,1.5,200.0,176,-490.77,0.957,26.7,2101.7,-0.23,43.06,31,72,-4.41
10,14,8,inflection,ema50,True,1.35,4.5,1.5,250.0,184,-355.01,0.97,27.17,1821.88,-0.19,43.06,31,72,-3.47
10,14,8,inflection,ema50,True,1.35,4.5,2.0,0.0,195,-190.41,0.988,33.33,2712.52,-0.07,43.06,31,72,-1.56
10,14,8,inflection,ema50,True,1.35,4.5,2.0,200.0,154,21.49,1.002,33.77,2286.85,0.01,45.83,33,72,0.21
10,14,8,inflection,ema50,True,1.35,4.5,2.0,250.0,168,-83.45,0.994,33.33,2286.85,-0.04,44.44,32,72,-0.77
10,14,8,inflection,ema50,True,1.35,4.5,2.5,0.0,191,-1196.14,0.931,36.65,2729.62,-0.44,43.06,31,72,-9.18
10,14,8,inflection,ema50,True,1.35,4.5,2.5,200.0,143,-1323.78,0.901,37.06,3673.05,-0.36,47.22,34,72,-9.29
10,14,8,inflection,ema50,True,1.35,4.5,2.5,250.0,161,-1143.4,0.922,37.27,3673.05,-0.31,44.44,32,72,-7.73
10,14,8,inflection,ema50,True,1.35,5.0,1.5,0.0,205,-2271.76,0.838,22.93,2725.12,-0.83,38.89,28,72,-14.18
10,14,8,inflection,ema50,True,1.35,5.0,1.5,200.0,158,-605.33,0.943,24.68,2325.08,-0.26,43.06,31,72,-5.1
10,14,8,inflection,ema50,True,1.35,5.0,1.5,250.0,184,-1139.4,0.907,24.46,2753.33,-0.41,41.67,30,72,-8.21
10,14,8,inflection,ema50,True,1.35,5.0,2.0,0.0,194,-368.12,0.977,30.93,2625.57,-0.14,44.44,32,72,-3.12
10,14,8,inflection,ema50,True,1.35,5.0,2.0,200.0,144,719.92,1.062,32.64,2147.01,0.34,48.61,35,72,8.02
10,14,8,inflection,ema50,True,1.35,5.0,2.0,250.0,166,162.91,1.012,31.93,2147.01,0.08,45.83,33,72,1.63
10,14,8,inflection,ema50,True,1.35,5.0,2.5,0.0,185,-1910.16,0.893,33.51,2616.93,-0.73,43.06,31,72,-14.36
10,14,8,inflection,ema50,True,1.35,5.0,2.5,200.0,131,-311.59,0.975,36.64,3465.85,-0.09,50.0,36,72,-2.58
10,14,8,inflection,ema50,True,1.35,5.0,2.5,250.0,157,-1473.65,0.901,35.03,3465.85,-0.43,44.44,32,72,-10.02
10,14,8,inflection,ema50,True,1.4,3.5,1.5,0.0,223,-3468.32,0.756,27.35,3657.53,-0.95,34.72,25,72,-15.05
10,14,8,inflection,ema50,True,1.4,3.5,1.5,200.0,198,-2260.86,0.813,28.79,3092.36,-0.73,36.11,26,72,-11.94
10,14,8,inflection,ema50,True,1.4,3.5,1.5,250.0,202,-2960.22,0.766,27.72,3201.8,-0.92,36.11,26,72,-14.47
10,14,8,inflection,ema50,True,1.4,3.5,2.0,0.0,207,-2979.37,0.811,34.3,3264.82,-0.91,40.28,29,72,-17.03
10,14,8,inflection,ema50,True,1.4,3.5,2.0,200.0,176,-2411.71,0.818,35.23,3058.5,-0.79,43.06,31,72,-15.36
10,14,8,inflection,ema50,True,1.4,3.5,2.0,250.0,185,-2684.74,0.806,34.05,3058.5,-0.88,41.67,30,72,-16.3
10,14,8,inflection,ema50,True,1.4,3.5,2.5,0.0,206,-2075.09,0.879,40.78,2668.63,-0.78,47.22,34,72,-16.67
10,14,8,inflection,ema50,True,1.4,3.5,2.5,200.0,164,-1642.52,0.88,42.07,3288.01,-0.5,51.39,37,72,-12.95
10,14,8,inflection,ema50,True,1.4,3.5,2.5,250.0,182,-2237.75,0.852,40.11,3288.01,-0.68,48.61,35,72,-16.16
10,14,8,inflection,ema50,True,1.4,4.0,1.5,0.0,219,-2583.42,0.819,26.03,2807.48,-0.92,37.5,27,72,-14.97
10,14,8,inflection,ema50,True,1.4,4.0,1.5,200.0,187,-1805.77,0.848,26.74,2890.75,-0.62,38.89,28,72,-11.08
10,14,8,inflection,ema50,True,1.4,4.0,1.5,250.0,198,-1750.91,0.859,26.77,2533.94,-0.69,38.89,28,72,-11.62
10,14,8,inflection,ema50,True,1.4,4.0,2.0,0.0,203,-1621.26,0.897,33.5,2868.53,-0.57,41.67,30,72,-11.31
10,14,8,inflection,ema50,True,1.4,4.0,2.0,200.0,171,-1267.67,0.902,33.92,2402.41,-0.53,44.44,32,72,-10.37
10,14,8,inflection,ema50,True,1.4,4.0,2.0,250.0,177,-1484.53,0.889,33.33,2402.41,-0.62,44.44,32,72,-11.97
10,14,8,inflection,ema50,True,1.4,4.0,2.5,0.0,202,-1954.7,0.891,38.12,3215.33,-0.61,47.22,34,72,-14.5
10,14,8,inflection,ema50,True,1.4,4.0,2.5,200.0,163,-2453.89,0.832,37.42,3880.25,-0.63,47.22,34,72,-15.48
10,14,8,inflection,ema50,True,1.4,4.0,2.5,250.0,169,-2633.02,0.826,37.28,3880.25,-0.68,47.22,34,72,-16.49
10,14,8,inflection,ema50,True,1.4,4.5,1.5,0.0,216,-1359.62,0.904,25.46,1819.92,-0.75,40.28,29,72,-11.61
10,14,8,inflection,ema50,True,1.4,4.5,1.5,200.0,182,-875.51,0.925,25.82,2300.17,-0.38,41.67,30,72,-7.04
10,14,8,inflection,ema50,True,1.4,4.5,1.5,250.0,190,-739.75,0.939,26.32,1956.74,-0.38,41.67,30,72,-6.54
10,14,8,inflection,ema50,True,1.4,4.5,2.0,0.0,201,-816.35,0.949,32.34,2712.52,-0.3,40.28,29,72,-5.99
10,14,8,inflection,ema50,True,1.4,4.5,2.0,200.0,159,-395.6,0.968,32.7,2286.85,-0.17,43.06,31,72,-3.45
10,14,8,inflection,ema50,True,1.4,4.5,2.0,250.0,174,-289.35,0.978,32.76,2376.56,-0.12,41.67,30,72,-2.42
10,14,8,inflection,ema50,True,1.4,4.5,2.5,0.0,197,-1670.79,0.907,36.04,2729.62,-0.61,44.44,32,72,-12.89
10,14,8,inflection,ema50,True,1.4,4.5,2.5,200.0,150,-1426.02,0.898,36.67,3673.05,-0.39,48.61,35,72,-10.27
10,14,8,inflection,ema50,True,1.4,4.5,2.5,250.0,166,-1382.88,0.908,36.75,3673.05,-0.38,45.83,33,72,-9.5
10,14,8,inflection,ema50,True,1.4,5.0,1.5,0.0,211,-2745.86,0.811,22.27,3086.32,-0.89,37.5,27,72,-15.03
10,14,8,inflection,ema50,True,1.4,5.0,1.5,200.0,167,-987.15,0.912,23.95,2667.24,-0.37,43.06,31,72,-7.51
10,14,8,inflection,ema50,True,1.4,5.0,1.5,250.0,190,-1524.14,0.879,23.68,2968.78,-0.51,41.67,30,72,-10.25
10,14,8,inflection,ema50,True,1.4,5.0,2.0,0.0,200,-994.06,0.94,30.0,2625.57,-0.38,41.67,30,72,-7.6
10,14,8,inflection,ema50,True,1.4,5.0,2.0,200.0,152,265.78,1.022,31.58,2147.01,0.12,45.83,33,72,2.69
10,14,8,inflection,ema50,True,1.4,5.0,2.0,250.0,171,-254.18,0.981,30.99,2147.01,-0.12,43.06,31,72,-2.32
10,14,8,inflection,ema50,True,1.4,5.0,2.5,0.0,191,-2363.15,0.872,32.98,2754.79,-0.86,43.06,31,72,-16.91
10,14,8,inflection,ema50,True,1.4,5.0,2.5,200.0,142,-863.98,0.937,35.21,3465.85,-0.25,48.61,35,72,-6.68
10,14,8,inflection,ema50,True,1.4,5.0,2.5,250.0,163,-1777.71,0.885,34.36,3465.85,-0.51,44.44,32,72,-11.88
10,14,8,inflection,ema50,False,1.5,3.5,1.5,0.0,563,-5543.11,0.843,29.13,5727.41,-0.97,31.94,23,72,-19.72
10,14,8,inflection,ema50,False,1.5,3.5,1.5,200.0,393,-2541.85,0.885,29.26,4061.95,-0.63,45.83,33,72,-16.18
10,14,8,inflection,ema50,False,1.5,3.5,1.5,250.0,429,-2155.17,0.91,29.84,3775.13,-0.57,44.44,32,72,-14.19
10,14,8,inflection,ema50,False,1.5,3.5,2.0,0.0,477,-5389.03,0.855,34.59,6765.02,-0.8,31.94,23,72,-17.89
10,14,8,inflection,ema50,False,1.5,3.5,2.0,200.0,317,-2953.17,0.867,34.7,5183.64,-0.57,44.44,32,72,-15.8
10,14,8,inflection,ema50,False,1.5,3.5,2.0,250.0,352,-3204.25,0.87,34.09,5586.82,-0.57,40.28,29,72,-15.02
10,14,8,inflection,ema50,False,1.5,3.5,2.5,0.0,431,-5274.29,0.857,40.37,5522.58,-0.96,36.11,26,72,-21.96
10,14,8,inflection,ema50,False,1.5,3.5,2.5,200.0,263,-1521.58,0.922,42.21,2896.48,-0.53,50.0,36,72,-13.03
10,14,8,inflection,ema50,False,1.5,3.5,2.5,250.0,299,-1991.16,0.912,41.14,3468.53,-0.57,45.83,33,72,-14.13
10,14,8,inflection,ema50,False,1.5,4.0,1.5,0.0,531,-4196.44,0.878,27.31,4458.73,-0.94,34.72,25,72,-19.16
10,14,8,inflection,ema50,False,1.5,4.0,1.5,200.0,344,-375.04,0.981,28.78,2664.22,-0.14,50.0,36,72,-3.56
10,14,8,inflection,ema50,False,1.5,4.0,1.5,250.0,379,-1832.83,0.916,27.44,3900.95,-0.47,45.83,33,72,-12.32
10,14,8,inflection,ema50,False,1.5,4.0,2.0,0.0,458,-3490.46,0.905,33.19,5303.54,-0.66,31.94,23,72,-13.85
10,14,8,inflection,ema50,False,1.5,4.0,2.0,200.0,288,-877.6,0.957,33.68,3655.36,-0.24,48.61,35,72,-6.75
10,14,8,inflection,ema50,False,1.5,4.0,2.0,250.0,317,-1472.78,0.934,33.75,4684.85,-0.31,45.83,33,72,-9.21
10,14,8,inflection,ema50,False,1.5,4.0,2.5,0.0,419,-2356.58,0.939,38.9,4376.92,-0.54,36.11,26,72,-12.08
10,14,8,inflection,ema50,False,1.5,4.0,2.5,200.0,223,868.57,1.049,41.7,2226.48,0.39,51.39,37,72,9.92
10,14,8,inflection,ema50,False,1.5,4.0,2.5,250.0,268,353.23,1.017,40.67,2707.65,0.13,47.22,34,72,3.26
10,14,8,inflection,ema50,False,1.5,4.5,1.5,0.0,536,-216.48,0.994,26.12,4122.35,-0.05,34.72,25,72,-1.16
10,14,8,inflection,ema50,False,1.5,4.5,1.5,200.0,313,558.4,1.03,26.84,2184.12,0.26,47.22,34,72,5.81
10,14,8,inflection,ema50,False,1.5,4.5,1.5,250.0,350,-364.26,0.983,26.0,3402.55,-0.11,43.06,31,72,-2.64
10,14,8,inflection,ema50,False,1.5,4.5,2.0,0.0,445,-4189.11,0.885,30.34,5591.01,-0.75,33.33,24,72,-16.53
10,14,8,inflection,ema50,False,1.5,4.5,2.0,200.0,274,-511.55,0.975,31.02,4503.38,-0.11,47.22,34,72,-3.51
10,14,8,inflection,ema50,False,1.5,4.5,2.0,250.0,299,-673.62,0.969,31.1,4710.56,-0.14,44.44,32,72,-4.23
10,14,8,inflection,ema50,False,1.5,4.5,2.5,0.0,402,-1628.83,0.957,36.32,4850.45,-0.34,33.33,24,72,-7.46
10,14,8,inflection,ema50,False,1.5,4.5,2.5,200.0,230,1368.41,1.073,39.13,2175.98,0.63,51.39,37,72,16.18
10,14,8,inflection,ema50,False,1.5,4.5,2.5,250.0,256,1163.63,1.056,38.67,2896.85,0.4,47.22,34,72,10.78
10,14,8,inflection,ema50,False,1.5,5.0,1.5,0.0,506,425.69,1.012,24.51,4816.87,0.09,34.72,25,72,2.16
10,14,8,inflection,ema50,False,1.5,5.0,1.5,200.0,280,-1155.81,0.934,23.21,2796.35,-0.41,44.44,32,72,-9.07
10,14,8,inflection,ema50,False,1.5,5.0,1.5,250.0,336,-1616.92,0.922,23.21,3804.94,-0.42,40.28,29,72,-9.73
10,14,8,inflection,ema50,False,1.5,5.0,2.0,0.0,426,-4362.21,0.879,28.17,6337.08,-0.69,29.17,21,72,-14.05
10,14,8,inflection,ema50,False,1.5,5.0,2.0,200.0,256,-1121.77,0.943,28.52,4162.63,-0.27,45.83,33,72,-7.51
10,14,8,inflection,ema50,False,1.5,5.0,2.0,250.0,302,-960.02,0.958,28.81,4850.08,-0.2,41.67,30,72,-5.5
10,14,8,inflection,ema50,False,1.5,5.0,2.5,0.0,380,-2040.09,0.946,33.68,5190.3,-0.39,34.72,25,72,-9.3
10,14,8,inflection,ema50,False,1.5,5.0,2.5,200.0,198,838.96,1.049,36.36,2042.65,0.41,52.78,38,72,10.28
10,14,8,inflection,ema50,False,1.5,5.0,2.5,250.0,252,926.56,1.043,36.11,2253.16,0.41,47.22,34,72,9.61
10,14,8,inflection,none,True,1.35,3.5,1.5,0.0,487,-3958.5,0.874,28.54,4888.6,-0.81,37.5,27,72,-18.56
10,14,8,inflection,none,True,1.35,3.5,1.5,200.0,298,1334.81,1.079,32.21,3135.92,0.43,55.56,40,72,14.29
10,14,8,inflection,none,True,1.35,3.5,1.5,250.0,344,339.98,1.017,31.4,2766.99,0.12,50.0,36,72,3.29
10,14,8,inflection,none,True,1.35,3.5,2.0,0.0,428,-2790.42,0.913,36.21,4451.73,-0.63,38.89,28,72,-14.85
10,14,8,inflection,none,True,1.35,3.5,2.0,200.0,253,-621.37,0.965,37.94,4137.86,-0.15,50.0,36,72,-4.66
10,14,8,inflection,none,True,1.35,3.5,2.0,250.0,297,-2269.54,0.893,36.03,4545.83,-0.5,43.06,31,72,-12.94
10,14,8,inflection,none,True,1.35,3.5,2.5,0.0,417,-1623.56,0.954,42.21,3006.94,-0.54,41.67,30,72,-11.77
10,14,8,inflection,none,True,1.35,3.5,2.5,200.0,209,1615.67,1.104,44.5,2493.44,0.65,54.17,39,72,19.35
10,14,8,inflection,none,True,1.35,3.5,2.5,250.0,233,135.47,1.007,43.35,2346.92,0.06,48.61,35,72,1.37
10,14,8,inflection,none,True,1.35,4.0,1.5,0.0,460,-2382.81,0.924,26.3,3251.8,-0.73,34.72,25,72,-13.41
10,14,8,inflection,none,True,1.35,4.0,1.5,200.0,286,762.01,1.045,28.67,3002.51,0.25,50.0,36,72,7.27
10,14,8,inflection,none,True,1.35,4.0,1.5,250.0,315,1159.37,1.062,28.57,2655.06,0.44,47.22,34,72,11.28
10,14,8,inflection,none,True,1.35,4.0,2.0,0.0,402,-2297.2,0.928,33.33,3688.4,-0.62,38.89,28,72,-13.65
10,14,8,inflection,none,True,1.35,4.0,2.0,200.0,252,-48.83,0.997,35.32,3466.24,-0.01,51.39,37,72,-0.42
10,14,8,inflection,none,True,1.35,4.0,2.0,250.0,276,-338.29,0.983,35.14,3576.24,-0.09,48.61,35,72,-2.7
10,14,8,inflection,none,True,1.35,4.0,2.5,0.0,379,-427.74,0.987,39.58,3018.58,-0.14,40.28,29,72,-3.1
10,14,8,inflection,none,True,1.35,4.0,2.5,200.0,187,2293.23,1.157,43.32,1793.74,1.28,54.17,39,72,33.94
10,14,8,inflection,none,True,1.35,4.0,2.5,250.0,215,1650.88,1.097,41.4,1915.04,0.86,51.39,37,72,21.27
10,14,8,inflection,none,True,1.35,4.5,1.5,0.0,435,-4426.94,0.853,23.22,4712.91,-0.94,34.72,25,72,-19.1
10,14,8,inflection,none,True,1.35,4.5,1.5,200.0,268,541.42,1.032,27.24,3322.52,0.16,51.39,37,72,4.98
10,14,8,inflection,none,True,1.35,4.5,1.5,250.0,289,1192.08,1.066,27.68,3036.56,0.39,50.0,36,72,11.53
10,14,8,inflection,none,True,1.35,4.5,2.0,0.0,372,-3840.43,0.874,30.11,4475.7,-0.86,37.5,27,72,-18.81
10,14,8,inflection,none,True,1.35,4.5,2.0,200.0,216,-659.77,0.961,32.87,4258.02,-0.15,50.0,36,72,-4.86
10,14,8,inflection,none,True,1.35,4.5,2.0,250.0,233,-312.91,0.983,33.48,4081.65,-0.08,50.0,36,72,-2.41
10,14,8,inflection,none,True,1.35,4.5,2.5,0.0,351,-633.07,0.98,37.04,2810.38,-0.23,47.22,34,72,-5.53
10,14,8,inflection,none,True,1.35,4.5,2.5,200.0,177,19.76,1.001,38.98,3248.38,0.01,51.39,37,72,0.18
10,14,8,inflection,none,True,1.35,4.5,2.5,250.0,192,139.43,1.008,39.06,3215.55,0.04,51.39,37,72,1.27
10,14,8,inflection,none,True,1.35,5.0,1.5,0.0,424,-3434.38,0.885,21.7,4470.98,-0.77,40.28,29,72,-18.31
10,14,8,inflection,none,True,1.35,5.0,1.5,200.0,250,1139.32,1.072,25.6,3849.24,0.3,52.78,38,72,10.39
10,14,8,inflection,none,True,1.35,5.0,1.5,250.0,291,490.18,1.026,24.74,3649.81,0.13,47.22,34,72,3.93
10,14,8,inflection,none,True,1.35,5.0,2.0,0.0,358,-4303.7,0.858,27.37,5356.21,-0.8,34.72,25,72,-17.52
10,14,8,inflection,none,True,1.35,5.0,2.0,200.0,196,-1283.04,0.921,29.59,5108.08,-0.25,47.22,34,72,-7.81
10,14,8,inflection,none,True,1.35,5.0,2.0,250.0,219,-349.08,0.98,31.05,4664.4,-0.07,45.83,33,72,-2.3
10,14,8,inflection,none,True,1.35,5.0,2.5,0.0,336,-1575.36,0.951,33.93,2639.04,-0.6,43.06,31,72,-12.56
10,14,8,inflection,none,True,1.35,5.0,2.5,200.0,159,721.29,1.05,37.74,3538.09,0.2,54.17,39,72,6.9
10,14,8,inflection,none,True,1.35,5.0,2.5,250.0,187,782.94,1.046,37.43,3095.16,0.25,50.0,36,72,7.36
10,14,8,inflection,none,True,1.4,3.5,1.5,0.0,540,-6229.09,0.825,27.22,7374.06,-0.84,31.94,23,72,-19.11
10,14,8,inflection,none,True,1.4,3.5,1.5,200.0,316,1518.94,1.084,31.65,2482.91,0.61,55.56,40,72,18.36
10,14,8,inflection,none,True,1.4,3.5,1.5,250.0,373,-1088.1,0.953,29.76,3393.73,-0.32,44.44,32,72,-7.91
10,14,8,inflection,none,True,1.4,3.5,2.0,0.0,449,-6789.37,0.804,33.41,8146.64,-0.83,27.78,20,72,-16.8
10,14,8,inflection,none,True,1.4,3.5,2.0,200.0,261,-1091.11,0.941,36.02,4340.17,-0.25,47.22,34,72,-7.36
10,14,8,inflection,none,True,1.4,3.5,2.0,250.0,296,-2235.99,0.895,35.47,5052.8,-0.44,41.67,30,72,-11.73
10,14,8,inflection,none,True,1.4,3.5,2.5,0.0,436,-5187.3,0.864,39.68,5910.1,-0.88,33.33,24,72,-19.43
10,14,8,inflection,none,True,1.4,3.5,2.5,200.0,225,-335.95,0.981,41.33,3378.54,-0.1,50.0,36,72,-2.83
10,14,8,inflection,none,True,1.4,3.5,2.5,250.0,248,-1604.46,0.921,40.32,3288.45,-0.49,44.44,32,72,-11.45
10,14,8,inflection,none,True,1.4,4.0,1.5,0.0,494,-5028.45,0.853,24.9,5753.84,-0.87,31.94,23,72,-18.06
10,14,8,inflection,none,True,1.4,4.0,1.5,200.0,288,364.04,1.021,27.78,3377.46,0.11,51.39,37,72,3.29
10,14,8,inflection,none,True,1.4,4.0,1.5,250.0,317,732.25,1.038,28.08,2959.73,0.25,50.0,36,72,6.99
10,14,8,inflection,none,True,1.4,4.0,2.0,0.0,422,-5171.13,0.847,31.52,6097.89,-0.85,31.94,23,72,-17.91
10,14,8,inflection,none,True,1.4,4.0,2.0,200.0,261,186.99,1.01,34.87,3483.53,0.05,50.0,36,72,1.6
10,14,8,inflection,none,True,1.4,4.0,2.0,250.0,291,-1025.81,0.952,33.68,4345.02,-0.24,45.83,33,72,-6.79
10,14,8,inflection,none,True,1.4,4.0,2.5,0.0,390,-4886.16,0.866,36.67,5128.24,-0.95,31.94,23,72,-18.87
10,14,8,inflection,none,True,1.4,4.0,2.5,200.0,202,498.62,1.03,40.1,2684.35,0.19,51.39,37,72,5.09
10,14,8,inflection,none,True,1.4,4.0,2.5,250.0,232,-322.49,0.983,38.79,3146.62,-0.1,47.22,34,72,-2.67
10,14,8,inflection,none,True,1.4,4.5,1.5,0.0,464,-6116.4,0.812,22.2,6482.54,-0.94,31.94,23,72,-19.7
10,14,8,inflection,none,True,1.4,4.5,1.5,200.0,269,447.61,1.026,26.02,3566.28,0.13,51.39,37,72,3.95
10,14,8,inflection,none,True,1.4,4.5,1.5,250.0,298,454.83,1.024,26.51,3106.44,0.15,48.61,35,72,4.06
10,14,8,inflection,none,True,1.4,4.5,2.0,0.0,399,-5030.69,0.845,29.57,5684.44,-0.88,31.94,23,72,-18.01
10,14,8,inflection,none,True,1.4,4.5,2.0,200.0,236,-900.18,0.951,31.78,4567.74,-0.2,47.22,34,72,-5.98
10,14,8,inflection,none,True,1.4,4.5,2.0,250.0,254,-120.77,0.994,33.07,3950.14,-0.03,47.22,34,72,-0.9
10,14,8,inflection,none,True,1.4,4.5,2.5,0.0,363,-4122.68,0.88,34.44,4532.09,-0.91,34.72,25,72,-18.71
10,14,8,inflection,none,True,1.4,4.5,2.5,200.0,190,-1697.54,0.903,35.79,4774.95,-0.36,44.44,32,72,-9.86
10,14,8,inflection,none,True,1.4,4.5,2.5,250.0,202,-1553.78,0.915,36.14,4559.39,-0.34,43.06,31,72,-9.07
10,14,8,inflection,none,True,1.4,5.0,1.5,0.0,442,-5457.53,0.827,20.81,6656.75,-0.82,36.11,26,72,-19.98
10,14,8,inflection,none,True,1.4,5.0,1.5,200.0,241,1232.42,1.08,25.31,4410.07,0.28,52.78,38,72,10.58
10,14,8,inflection,none,True,1.4,5.0,1.5,250.0,293,-899.33,0.953,22.87,5177.95,-0.17,45.83,33,72,-5.46
10,14,8,inflection,none,True,1.4,5.0,2.0,0.0,389,-3227.35,0.9,28.28,6112.8,-0.53,30.56,22,72,-11.35
10,14,8,inflection,none,True,1.4,5.0,2.0,200.0,216,-1190.56,0.932,29.17,4927.54,-0.24,47.22,34,72,-7.46
10,14,8,inflection,none,True,1.4,5.0,2.0,250.0,243,-403.97,0.979,30.04,5101.54,-0.08,44.44,32,72,-2.46
10,14,8,inflection,none,True,1.4,5.0,2.5,0.0,348,-3309.22,0.903,32.47,4018.18,-0.82,31.94,23,72,-15.06
10,14,8,inflection,none,True,1.4,5.0,2.5,200.0,170,195.81,1.013,35.88,4584.43,0.04,50.0,36,72,1.46
10,14,8,inflection,none,True,1.4,5.0,2.5,250.0,202,-78.89,0.996,35.64,4123.85,-0.02,45.83,33,72,-0.56
10,14,8,inflection,none,False,1.5,3.5,1.5,0.0,873,-9929.71,0.823,26.12,10506.82,-0.95,20.83,15,72,-16.61
10,14,8,inflection,none,False,1.5,3.5,1.5,200.0,427,-2093.88,0.912,27.17,6178.2,-0.34,45.83,33,72,-11.13
10,14,8,inflection,none,False,1.5,3.5,1.5,250.0,461,-1874.57,0.927,27.33,6377.71,-0.29,43.06,31,72,-9.37
10,14,8,inflection,none,False,1.5,3.5,2.0,0.0,692,-6132.8,0.879,34.25,7244.55,-0.85,27.78,20,72,-17.59
10,14,8,inflection,none,False,1.5,3.5,2.0,200.0,283,-4290.92,0.786,32.86,4829.67,-0.89,43.06,31,72,-20.9
10,14,8,inflection,none,False,1.5,3.5,2.0,250.0,333,-4314.38,0.817,33.33,4783.22,-0.9,38.89,28,72,-19.82
10,14,8,inflection,none,False,1.5,3.5,2.5,0.0,694,-1850.9,0.969,41.07,3640.09,-0.51,33.33,24,72,-9.91
10,14,8,inflection,none,False,1.5,3.5,2.5,200.0,248,851.95,1.045,43.95,2344.33,0.36,56.94,41,72,10.47
10,14,8,inflection,none,False,1.5,3.5,2.5,250.0,309,1513.36,1.065,44.01,2113.57,0.72,52.78,38,72,18.5
10,14,8,inflection,none,False,1.5,4.0,1.5,0.0,784,-6133.93,0.879,25.26,7521.87,-0.82,23.61,17,72,-14.68
10,14,8,inflection,none,False,1.5,4.0,1.5,200.0,396,-2328.66,0.898,25.0,4585.25,-0.51,44.44,32,72,-13.72
10,14,8,inflection,none,False,1.5,4.0,1.5,250.0,439,-3387.01,0.868,24.37,5643.6,-0.6,40.28,29,72,-15.76
10,14,8,inflection,none,False,1.5,4.0,2.0,0.0,582,-4506.86,0.899,31.96,5868.54,-0.77,25.0,18,72,-13.22
10,14,8,inflection,none,False,1.5,4.0,2.0,200.0,237,-4133.75,0.774,29.96,4558.74,-0.91,41.67,30,72,-19.75
10,14,8,inflection,none,False,1.5,4.0,2.0,250.0,258,-5028.34,0.748,29.07,5453.33,-0.92,38.89,28,72,-19.81
10,14,8,inflection,none,False,1.5,4.0,2.5,0.0,560,-3185.83,0.938,37.5,5456.58,-0.58,29.17,21,72,-11.8
10,14,8,inflection,none,False,1.5,4.0,2.5,200.0,216,1654.26,1.094,42.13,2359.9,0.7,58.33,42,72,21.73
10,14,8,inflection,none,False,1.5,4.0,2.5,250.0,262,632.66,1.03,40.08,1967.4,0.32,52.78,38,72,7.75
10,14,8,inflection,none,False,1.5,4.5,1.5,0.0,784,-7599.96,0.861,22.7,8279.54,-0.92,23.61,17,72,-16.98
10,14,8,inflection,none,False,1.5,4.5,1.5,200.0,325,-2583.72,0.874,22.15,5183.1,-0.5,43.06,31,72,-13.51
10,14,8,inflection,none,False,1.5,4.5,1.5,250.0,356,-1877.43,0.915,23.03,4949.32,-0.38,41.67,30,72,-10.18
10,14,8,inflection,none,False,1.5,4.5,2.0,0.0,563,-5245.18,0.881,30.02,6620.22,-0.79,23.61,17,72,-13.41
10,14,8,inflection,none,False,1.5,4.5,2.0,200.0,240,-3485.81,0.817,28.33,4393.98,-0.79,41.67,30,72,-17.9
10,14,8,inflection,none,False,1.5,4.5,2.0,250.0,252,-2915.15,0.852,29.37,3941.18,-0.74,41.67,30,72,-16.49
10,14,8,inflection,none,False,1.5,4.5,2.5,0.0,497,-2277.13,0.952,35.41,4452.31,-0.51,30.56,22,72,-9.93
10,14,8,inflection,none,False,1.5,4.5,2.5,200.0,201,2373.43,1.139,39.8,2240.27,1.06,55.56,40,72,31.73
10,14,8,inflection,none,False,1.5,4.5,2.5,250.0,211,3003.27,1.171,40.76,1863.27,1.61,55.56,40,72,45.27
10,14,8,inflection,none,False,1.5,5.0,1.5,0.0,742,-8162.42,0.845,20.89,9368.75,-0.87,20.83,15,72,-14.84
10,14,8,inflection,none,False,1.5,5.0,1.5,200.0,300,-787.43,0.958,22.33,3761.04,-0.21,45.83,33,72,-5.64
10,14,8,inflection,none,False,1.5,5.0,1.5,250.0,323,-675.61,0.967,22.29,4217.8,-0.16,43.06,31,72,-4.33
10,14,8,inflection,none,False,1.5,5.0,2.0,0.0,518,-3519.54,0.917,27.8,7290.95,-0.48,26.39,19,72,-9.97
10,14,8,inflection,none,False,1.5,5.0,2.0,200.0,225,-2149.13,0.88,28.0,3041.82,-0.71,43.06,31,72,-14.77
10,14,8,inflection,none,False,1.5,5.0,2.0,250.0,248,-1833.23,0.906,27.82,2502.5,-0.73,41.67,30,72,-13.84
10,14,8,inflection,none,False,1.5,5.0,2.5,0.0,488,-2533.93,0.948,32.79,6186.11,-0.41,30.56,22,72,-9.33
10,14,8,inflection,none,False,1.5,5.0,2.5,200.0,181,3539.87,1.226,39.23,1724.48,2.05,55.56,40,72,58.06
10,14,8,inflection,none,False,1.5,5.0,2.5,250.0,200,3657.1,1.211,39.0,1776.72,2.06,54.17,39,72,56.92
10,14,8,zero_cross,ema200,True,1.35,3.5,1.5,0.0,197,357.45,1.03,31.98,1830.98,0.2,48.61,35,72,4.18
10,14,8,zero_cross,ema200,True,1.35,3.5,1.5,200.0,176,376.82,1.038,32.39,1830.98,0.21,48.61,35,72,4.44
10,14,8,zero_cross,ema200,True,1.35,3.5,1.5,250.0,184,302.45,1.029,32.07,1830.98,0.17,48.61,35,72,3.54
10,14,8,zero_cross,ema200,True,1.35,3.5,2.0,0.0,186,-136.45,0.99,37.63,2767.88,-0.05,50.0,36,72,-1.28
10,14,8,zero_cross,ema200,True,1.35,3.5,2.0,200.0,168,-253.32,0.978,37.5,2767.88,-0.09,48.61,35,72,-2.29
10,14,8,zero_cross,ema200,True,1.35,3.5,2.0,250.0,175,-330.72,0.973,37.14,2767.88,-0.12,48.61,35,72,-2.97
10,14,8,zero_cross,ema200,True,1.35,3.5,2.5,0.0,181,731.45,1.051,44.75,2336.42,0.31,50.0,36,72,7.95
10,14,8,zero_cross,ema200,True,1.35,3.5,2.5,200.0,162,198.19,1.016,44.44,2221.87,0.09,50.0,36,72,2.14
10,14,8,zero_cross,ema200,True,1.35,3.5,2.5,250.0,171,61.99,1.005,43.86,2336.42,0.03,48.61,35,72,0.63
10,14,8,zero_cross,ema200,True,1.35,4.0,1.5,0.0,197,690.51,1.056,29.44,1910.95,0.36,44.44,32,72,7.41
10,14,8,zero_cross,ema200,True,1.35,4.0,1.5,200.0,175,245.3,1.024,29.14,1766.56,0.14,44.44,32,72,2.66
10,14,8,zero_cross,ema200,True,1.35,4.0,1.5,250.0,180,345.05,1.032,29.44,1910.95,0.18,44.44,32,72,3.62
10,14,8,zero_cross,ema200,True,1.35,4.0,2.0,0.0,185,644.23,1.047,35.68,2408.32,0.27,47.22,34,72,6.49
10,14,8,zero_cross,ema200,True,1.35,4.0,2.0,200.0,164,242.2,1.021,34.76,1907.52,0.13,47.22,34,72,2.67
10,14,8,zero_cross,ema200,True,1.35,4.0,2.0,250.0,169,17.2,1.001,34.91,2408.32,0.01,45.83,33,72,0.16
10,14,8,zero_cross,ema200,True,1.35,4.0,2.5,0.0,180,1688.68,1.115,42.78,1855.86,0.91,50.0,36,72,21.85
10,14,8,zero_cross,ema200,True,1.35,4.0,2.5,200.0,158,1183.46,1.097,42.41,1992.62,0.59,50.0,36,72,14.54
10,14,8,zero_cross,ema200,True,1.35,4.0,2.5,250.0,163,497.23,1.038,41.72,1992.62,0.25,48.61,35,72,5.62
10,14,8,zero_cross,ema200,True,1.35,4.5,1.5,0.0,197,866.99,1.069,26.9,1967.19,0.44,41.67,30,72,8.71
10,14,8,zero_cross,ema200,True,1.35,4.5,1.5,200.0,169,264.31,1.026,26.63,1800.5,0.15,41.67,30,72,2.66
10,14,8,zero_cross,ema200,True,1.35,4.5,1.5,250.0,177,205.77,1.019,26.55,1862.15,0.11,41.67,30,72,2.02
10,14,8,zero_cross,ema200,True,1.35,4.5,2.0,0.0,183,-56.37,0.996,31.69,2494.27,-0.02,43.06,31,72,-0.48
10,14,8,zero_cross,ema200,True,1.35,4.5,2.0,200.0,156,8.71,1.001,31.41,1819.0,0.0,44.44,32,72,0.09
10,14,8,zero_cross,ema200,True,1.35,4.5,2.0,250.0,168,-715.47,0.944,30.95,2494.27,-0.29,41.67,30,72,-5.64
10,14,8,zero_cross,ema200,True,1.35,4.5,2.5,0.0,176,543.44,1.035,37.5,2267.99,0.24,41.67,30,72,4.92
10,14,8,zero_cross,ema200,True,1.35,4.5,2.5,200.0,151,159.57,1.013,37.09,1872.33,0.09,44.44,32,72,1.66
10,14,8,zero_cross,ema200,True,1.35,4.5,2.5,250.0,164,-975.47,0.932,35.98,2267.99,-0.43,40.28,29,72,-7.69
10,14,8,zero_cross,ema200,True,1.35,5.0,1.5,0.0,195,905.77,1.071,25.13,2273.49,0.4,44.44,32,72,9.04
10,14,8,zero_cross,ema200,True,1.35,5.0,1.5,200.0,165,430.4,1.041,24.85,2146.13,0.2,44.44,32,72,4.3
10,14,8,zero_cross,ema200,True,1.35,5.0,1.5,250.0,176,463.99,1.042,25.0,2146.13,0.22,44.44,32,72,4.64
10,14,8,zero_cross,ema200,True,1.35,5.0,2.0,0.0,180,-206.86,0.985,30.0,2527.3,-0.08,43.06,31,72,-1.75
10,14,8,zero_cross,ema200,True,1.35,5.0,2.0,200.0,153,-498.56,0.958,29.41,1873.38,-0.27,43.06,31,72,-4.75
10,14,8,zero_cross,ema200,True,1.35,5.0,2.0,250.0,164,-1015.29,0.921,28.66,2026.5,-0.5,43.06,31,72,-8.94
10,14,8,zero_cross,ema200,True,1.35,5.0,2.5,0.0,173,-32.76,0.998,35.26,2239.81,-0.01,43.06,31,72,-0.3
10,14,8,zero_cross,ema200,True,1.35,5.0,2.5,200.0,150,-357.94,0.973,34.67,2034.59,-0.18,45.83,33,72,-3.54
10,14,8,zero_cross,ema200,True,1.35,5.0,2.5,250.0,160,-1016.09,0.93,33.75,2118.08,-0.48,43.06,31,72,-8.84
10,14,8,zero_cross,ema200,True,1.4,3.5,1.5,0.0,203,273.69,1.022,32.02,1949.08,0.14,51.39,37,72,3.26
10,14,8,zero_cross,ema200,True,1.4,3.5,1.5,200.0,181,410.11,1.04,32.6,1949.08,0.21,51.39,37,72,4.96
10,14,8,zero_cross,ema200,True,1.4,3.5,1.5,250.0,190,218.69,1.02,32.11,1949.08,0.11,51.39,37,72,2.6
10,14,8,zero_cross,ema200,True,1.4,3.5,2.0,0.0,192,-346.35,0.975,37.5,2923.27,-0.12,51.39,37,72,-3.21
10,14,8,zero_cross,ema200,True,1.4,3.5,2.0,200.0,173,-308.19,0.974,37.57,2923.27,-0.11,50.0,36,72,-2.78
10,14,8,zero_cross,ema200,True,1.4,3.5,2.0,250.0,181,-540.62,0.957,37.02,2923.27,-0.18,50.0,36,72,-4.78
10,14,8,zero_cross,ema200,True,1.4,3.5,2.5,0.0,185,765.95,1.052,44.86,2424.08,0.32,52.78,38,72,8.64
10,14,8,zero_cross,ema200,True,1.4,3.5,2.5,200.0,164,544.42,1.044,45.12,2293.96,0.24,52.78,38,72,6.26
10,14,8,zero_cross,ema200,True,1.4,3.5,2.5,250.0,175,96.49,1.007,44.0,2424.08,0.04,51.39,37,72,1.01
10,14,8,zero_cross,ema200,True,1.4,4.0,1.5,0.0,203,651.51,1.052,29.56,2029.05,0.32,47.22,34,72,7.18
10,14,8,zero_cross,ema200,True,1.4,4.0,1.5,200.0,180,323.35,1.03,29.44,1884.66,0.17,47.22,34,72,3.62
10,14,8,zero_cross,ema200,True,1.4,4.0,1.5,250.0,185,423.1,1.039,29.73,2029.05,0.21,47.22,34,72,4.61
10,14,8,zero_cross,ema200,True,1.4,4.0,2.0,0.0,191,479.09,1.034,35.6,2563.71,0.19,48.61,35,72,4.76
10,14,8,zero_cross,ema200,True,1.4,4.0,2.0,200.0,169,232.09,1.019,34.91,2062.91,0.11,48.61,35,72,2.53
10,14,8,zero_cross,ema200,True,1.4,4.0,2.0,250.0,174,7.09,1.001,35.06,2563.71,0.0,47.22,34,72,0.07
10,14,8,zero_cross,ema200,True,1.4,4.0,2.5,0.0,184,1780.05,1.118,42.93,1922.74,0.93,52.78,38,72,23.95
10,14,8,zero_cross,ema200,True,1.4,4.0,2.5,200.0,160,1586.56,1.129,43.12,1992.62,0.8,52.78,38,72,21.18
10,14,8,zero_cross,ema200,True,1.4,4.0,2.5,250.0,165,900.33,1.069,42.42,1992.62,0.45,51.39,37,72,11.08
10,14,8,zero_cross,ema200,True,1.4,4.5,1.5,0.0,203,872.74,1.067,27.09,2085.29,0.42,44.44,32,72,9.06
10,14,8,zero_cross,ema200,True,1.4,4.5,1.5,200.0,174,387.11,1.036,27.01,1918.6,0.2,44.44,32,72,4.07
10,14,8,zero_cross,ema200,True,1.4,4.5,1.5,250.0,182,328.57,1.03,26.92,1980.25,0.17,44.44,32,72,3.38
10,14,8,zero_cross,ema200,True,1.4,4.5,2.0,0.0,189,-176.76,0.988,31.75,2649.66,-0.07,44.44,32,72,-1.51
10,14,8,zero_cross,ema200,True,1.4,4.5,2.0,200.0,161,43.35,1.004,31.68,1819.0,0.02,45.83,33,72,0.47
10,14,8,zero_cross,ema200,True,1.4,4.5,2.0,250.0,173,-680.83,0.949,31.21,2649.66,-0.26,43.06,31,72,-5.4
10,14,8,zero_cross,ema200,True,1.4,4.5,2.5,0.0,180,691.68,1.044,37.78,2355.65,0.29,44.44,32,72,6.61
10,14,8,zero_cross,ema200,True,1.4,4.5,2.5,200.0,153,619.54,1.049,37.91,1872.33,0.33,47.22,34,72,7.09
10,14,8,zero_cross,ema200,True,1.4,4.5,2.5,250.0,166,-515.5,0.964,36.75,2355.65,-0.22,43.06,31,72,-4.41
10,14,8,zero_cross,ema200,True,1.4,5.0,1.5,0.0,201,722.1,1.055,24.88,2391.59,0.3,45.83,33,72,7.14
10,14,8,zero_cross,ema200,True,1.4,5.0,1.5,200.0,171,-88.37,0.992,23.98,2264.23,-0.04,44.44,32,72,-0.82
10,14,8,zero_cross,ema200,True,1.4,5.0,1.5,250.0,181,397.37,1.035,24.86,2264.23,0.18,45.83,33,72,3.96
10,14,8,zero_cross,ema200,True,1.4,5.0,2.0,0.0,185,-454.58,0.969,29.73,2682.69,-0.17,44.44,32,72,-3.78
10,14,8,zero_cross,ema200,True,1.4,5.0,2.0,200.0,157,-591.25,0.952,29.3,1873.38,-0.32,44.44,32,72,-5.78
10,14,8,zero_cross,ema200,True,1.4,5.0,2.0,250.0,168,-1107.98,0.916,28.57,2181.89,-0.51,44.44,32,72,-9.66
10,14,8,zero_cross,ema200,True,1.4,5.0,2.5,0.0,176,1.48,1.0,35.23,2313.57,0.0,45.83,33,72,0.01
10,14,8,zero_cross,ema200,True,1.4,5.0,2.5,200.0,154,278.15,1.021,35.71,2034.59,0.14,48.61,35,72,3.06
10,14,8,zero_cross,ema200,True,1.4,5.0,2.5,250.0,162,-513.12,0.965,34.57,2118.08,-0.24,45.83,33,72,-4.93
10,14,8,zero_cross,ema200,False,1.5,3.5,1.5,0.0,550,-1180.91,0.966,31.27,5075.06,-0.23,34.72,25,72,-5.56
10,14,8,zero_cross,ema200,False,1.5,3.5,1.5,200.0,350,-1032.71,0.948,31.14,3130.39,-0.33,50.0,36,72,-8.75
10,14,8,zero_cross,ema200,False,1.5,3.5,1.5,250.0,390,-1859.17,0.917,30.26,3576.64,-0.52,44.44,32,72,-12.67
10,14,8,zero_cross,ema200,False,1.5,3.5,2.0,0.0,456,-3062.09,0.908,36.62,5191.77,-0.59,33.33,24,72,-12.86
10,14,8,zero_cross,ema200,False,1.5,3.5,2.0,200.0,283,-2177.11,0.89,34.63,3748.67,-0.58,43.06,31,72,-13.63
10,14,8,zero_cross,ema200,False,1.5,3.5,2.0,250.0,304,-2606.25,0.877,34.54,4232.38,-0.62,41.67,30,72,-14.64
10,14,8,zero_cross,ema200,False,1.5,3.5,2.5,0.0,415,-3945.35,0.889,41.69,5041.89,-0.78,36.11,26,72,-17.84
10,14,8,zero_cross,ema200,False,1.5,3.5,2.5,200.0,245,-2457.48,0.873,39.59,3575.49,-0.69,45.83,33,72,-16.44
10,14,8,zero_cross,ema200,False,1.5,3.5,2.5,250.0,258,-2883.52,0.861,39.53,3679.07,-0.78,43.06,31,72,-17.63
10,14,8,zero_cross,ema200,False,1.5,4.0,1.5,0.0,512,1018.07,1.032,29.69,4229.64,0.24,36.11,26,72,5.83
10,14,8,zero_cross,ema200,False,1.5,4.0,1.5,200.0,322,-1476.97,0.924,27.95,3348.0,-0.44,44.44,32,72,-10.48
10,14,8,zero_cross,ema200,False,1.5,4.0,1.5,250.0,349,-1004.43,0.952,28.37,2698.37,-0.37,43.06,31,72,-7.93
10,14,8,zero_cross,ema200,False,1.5,4.0,2.0,0.0,441,-1261.39,0.962,34.69,4298.26,-0.29,40.28,29,72,-7.46
10,14,8,zero_cross,ema200,False,1.5,4.0,2.0,200.0,261,-1309.96,0.93,32.18,3699.85,-0.35,48.61,35,72,-9.74
10,14,8,zero_cross,ema200,False,1.5,4.0,2.0,250.0,285,-777.45,0.962,32.98,3054.13,-0.25,47.22,34,72,-6.39
10,14,8,zero_cross,ema200,False,1.5,4.0,2.5,0.0,405,-2144.12,0.94,40.0,3739.43,-0.57,38.89,28,72,-12.82
10,14,8,zero_cross,ema200,False,1.5,4.0,2.5,200.0,242,-1590.27,0.919,38.02,3048.25,-0.52,47.22,34,72,-12.5
10,14,8,zero_cross,ema200,False,1.5,4.0,2.5,250.0,249,-288.91,0.985,39.76,2375.27,-0.12,47.22,34,72,-2.76
10,14,8,zero_cross,ema200,False,1.5,4.5,1.5,0.0,484,697.41,1.022,26.86,5041.81,0.14,37.5,27,72,3.76
10,14,8,zero_cross,ema200,False,1.5,4.5,1.5,200.0,304,-2496.32,0.871,25.0,3996.77,-0.62,43.06,31,72,-14.81
10,14,8,zero_cross,ema200,False,1.5,4.5,1.5,250.0,344,-1571.44,0.926,26.16,3660.31,-0.43,43.06,31,72,-10.36
10,14,8,zero_cross,ema200,False,1.5,4.5,2.0,0.0,420,-1389.24,0.958,32.14,5219.58,-0.27,38.89,28,72,-7.16
10,14,8,zero_cross,ema200,False,1.5,4.5,2.0,200.0,257,-2108.12,0.891,29.96,3907.11,-0.54,44.44,32,72,-13.35
10,14,8,zero_cross,ema200,False,1.5,4.5,2.0,250.0,277,-1065.16,0.948,31.05,3291.91,-0.32,44.44,32,72,-7.82
10,14,8,zero_cross,ema200,False,1.5,4.5,2.5,0.0,380,-3371.37,0.906,36.05,5653.77,-0.6,36.11,26,72,-14.67
10,14,8,zero_cross,ema200,False,1.5,4.5,2.5,200.0,222,-1924.12,0.9,35.14,3874.74,-0.5,44.44,32,72,-12.36
10,14,8,zero_cross,ema200,False,1.5,4.5,2.5,250.0,247,-1498.78,0.928,35.63,3449.4,-0.43,44.44,32,72,-10.52
10,14,8,zero_cross,ema200,False,1.5,5.0,1.5,0.0,473,177.3,1.006,24.95,4942.49,0.04,36.11,26,72,0.92
10,14,8,zero_cross,ema200,False,1.5,5.0,1.5,200.0,268,-270.13,0.984,24.25,2967.78,-0.09,50.0,36,72,-2.44
10,14,8,zero_cross,ema200,False,1.5,5.0,1.5,250.0,310,-841.28,0.957,24.52,2821.63,-0.3,45.83,33,72,-6.95
10,14,8,zero_cross,ema200,False,1.5,5.0,2.0,0.0,409,-2974.87,0.911,29.34,5121.05,-0.58,33.33,24,72,-12.62
10,14,8,zero_cross,ema200,False,1.5,5.0,2.0,200.0,240,-3076.5,0.839,26.67,3759.8,-0.82,41.67,30,72,-17.54
10,14,8,zero_cross,ema200,False,1.5,5.0,2.0,250.0,271,-2676.76,0.874,27.68,3845.9,-0.7,38.89,28,72,-14.67
10,14,8,zero_cross,ema200,False,1.5,5.0,2.5,0.0,373,-3463.68,0.903,34.32,4617.98,-0.75,34.72,25,72,-15.98
10,14,8,zero_cross,ema200,False,1.5,5.0,2.5,200.0,212,-3266.34,0.835,32.55,3596.07,-0.91,43.06,31,72,-19.58
10,14,8,zero_cross,ema200,False,1.5,5.0,2.5,250.0,249,-3432.42,0.849,32.93,3915.54,-0.88,41.67,30,72,-19.41
10,14,8,zero_cross,ema50,True,1.35,3.5,1.5,0.0,246,-73.11,0.995,30.89,2248.18,-0.03,45.83,33,72,-0.7
10,14,8,zero_cross,ema50,True,1.35,3.5,1.5,200.0,208,1518.18,1.135,33.17,1408.04,1.08,50.0,36,72,22.96
10,14,8,zero_cross,ema50,True,1.35,3.5,1.5,250.0,228,286.4,1.022,31.58,1789.82,0.16,45.83,33,72,3.17
10,14,8,zero_cross,ema50,True,1.35,3.5,2.0,0.0,226,1140.86,1.072,38.5,1867.39,0.61,54.17,39,72,15.33
10,14,8,zero_cross,ema50,True,1.35,3.5,2.0,200.0,191,2142.29,1.174,40.84,1472.27,1.46,58.33,42,72,38.23
10,14,8,zero_cross,ema50,True,1.35,3.5,2.0,250.0,205,1798.38,1.133,40.0,1472.27,1.22,55.56,40,72,29.5
10,14,8,zero_cross,ema50,True,1.35,3.5,2.5,0.0,205,545.67,1.033,43.41,2567.01,0.21,55.56,40,72,6.18
10,14,8,zero_cross,ema50,True,1.35,3.5,2.5,200.0,176,-106.19,0.992,43.18,2177.86,-0.05,56.94,41,72,-1.29
10,14,8,zero_cross,ema50,True,1.35,3.5,2.5,250.0,185,12.55,1.001,43.24,2186.21,0.01,55.56,40,72,0.15
10,14,8,zero_cross,ema50,True,1.35,4.0,1.5,0.0,244,595.97,1.039,28.69,2416.0,0.25,51.39,37,72,6.47
10,14,8,zero_cross,ema50,True,1.35,4.0,1.5,200.0,205,1926.57,1.167,30.73,1809.51,1.06,52.78,38,72,27.9
10,14,8,zero_cross,ema50,True,1.35,4.0,1.5,250.0,212,1907.43,1.16,30.66,1942.55,0.98,52.78,38,72,26.5
10,14,8,zero_cross,ema50,True,1.35,4.0,2.0,0.0,225,2200.05,1.136,36.44,1594.0,1.38,55.56,40,72,34.78
10,14,8,zero_cross,ema50,True,1.35,4.0,2.0,200.0,184,3423.0,1.286,39.13,1472.27,2.32,58.33,42,72,66.92
10,14,8,zero_cross,ema50,True,1.35,4.0,2.0,250.0,195,2844.12,1.217,38.46,1472.27,1.93,56.94,41,72,51.36
10,14,8,zero_cross,ema50,True,1.35,4.0,2.5,0.0,202,1427.27,1.084,41.09,2518.66,0.57,51.39,37,72,15.84
10,14,8,zero_cross,ema50,True,1.35,4.0,2.5,200.0,166,1446.46,1.113,42.17,1836.17,0.79,56.94,41,72,21.39
10,14,8,zero_cross,ema50,True,1.35,4.0,2.5,250.0,178,111.68,1.008,40.45,2064.4,0.05,52.78,38,72,1.31
10,14,8,zero_cross,ema50,True,1.35,4.5,1.5,0.0,241,1131.83,1.073,26.56,2746.03,0.41,45.83,33,72,10.62
10,14,8,zero_cross,ema50,True,1.35,4.5,1.5,200.0,200,1325.94,1.112,27.0,2009.47,0.66,47.22,34,72,15.53
10,14,8,zero_cross,ema50,True,1.35,4.5,1.5,250.0,210,1775.52,1.144,27.62,2009.47,0.88,47.22,34,72,21.4
10,14,8,zero_cross,ema50,True,1.35,4.5,2.0,0.0,221,2198.15,1.133,33.48,1887.18,1.16,50.0,36,72,28.66
10,14,8,zero_cross,ema50,True,1.35,4.5,2.0,200.0,179,2068.82,1.163,33.52,1472.27,1.41,52.78,38,72,33.1
10,14,8,zero_cross,ema50,True,1.35,4.5,2.0,250.0,191,2170.62,1.159,34.55,1472.27,1.47,51.39,37,72,33.69
10,14,8,zero_cross,ema50,True,1.35,4.5,2.5,0.0,198,1724.73,1.099,37.88,2008.3,0.86,48.61,35,72,20.56
10,14,8,zero_cross,ema50,True,1.35,4.5,2.5,200.0,156,1178.96,1.091,37.82,1672.67,0.7,52.78,38,72,16.6
10,14,8,zero_cross,ema50,True,1.35,4.5,2.5,250.0,174,697.1,1.047,37.93,2057.11,0.34,51.39,37,72,8.27
10,14,8,zero_cross,ema50,True,1.35,5.0,1.5,0.0,240,550.46,1.035,25.0,2760.36,0.2,45.83,33,72,4.97
10,14,8,zero_cross,ema50,True,1.35,5.0,1.5,200.0,191,2215.72,1.19,26.7,2023.8,1.09,50.0,36,72,29.31
10,14,8,zero_cross,ema50,True,1.35,5.0,1.5,250.0,209,2501.81,1.199,26.79,2023.8,1.24,48.61,35,72,32.41
10,14,8,zero_cross,ema50,True,1.35,5.0,2.0,0.0,220,2978.54,1.179,32.73,1973.43,1.51,51.39,37,72,40.62
10,14,8,zero_cross,ema50,True,1.35,5.0,2.0,200.0,175,2669.66,1.21,33.14,1526.65,1.75,54.17,39,72,44.78
10,14,8,zero_cross,ema50,True,1.35,5.0,2.0,250.0,185,2778.5,1.208,33.51,1526.65,1.82,52.78,38,72,45.34
10,14,8,zero_cross,ema50,True,1.35,5.0,2.5,0.0,198,1946.11,1.11,36.87,2065.17,0.94,51.39,37,72,24.43
10,14,8,zero_cross,ema50,True,1.35,5.0,2.5,200.0,151,1209.73,1.091,36.42,1636.7,0.74,54.17,39,72,17.67
10,14,8,zero_cross,ema50,True,1.35,5.0,2.5,250.0,162,1454.05,1.103,37.04,1636.7,0.89,52.78,38,72,20.92
10,14,8,zero_cross,ema50,True,1.4,3.5,1.5,0.0,252,-509.65,0.967,30.56,2312.44,-0.22,45.83,33,72,-4.7
10,14,8,zero_cross,ema50,True,1.4,3.5,1.5,200.0,213,1551.47,1.134,33.33,1472.3,1.05,50.0,36,72,22.93
10,14,8,zero_cross,ema50,True,1.4,3.5,1.5,250.0,233,0.8,1.0,31.33,1854.08,0.0,45.83,33,72,0.01
10,14,8,zero_cross,ema50,True,1.4,3.5,2.0,0.0,233,1282.34,1.079,38.63,1942.51,0.66,55.56,40,72,17.44
10,14,8,zero_cross,ema50,True,1.4,3.5,2.0,200.0,196,2096.94,1.165,40.82,1472.27,1.42,59.72,43,72,38.02
10,14,8,zero_cross,ema50,True,1.4,3.5,2.0,250.0,211,1598.0,1.114,39.81,1472.27,1.09,56.94,41,72,26.42
10,14,8,zero_cross,ema50,True,1.4,3.5,2.5,0.0,210,881.05,1.052,43.81,2445.66,0.36,55.56,40,72,10.41
10,14,8,zero_cross,ema50,True,1.4,3.5,2.5,200.0,178,494.69,1.036,44.38,2264.26,0.22,58.33,42,72,6.28
10,14,8,zero_cross,ema50,True,1.4,3.5,2.5,250.0,190,207.91,1.014,43.68,2064.86,0.1,56.94,41,72,2.64
10,14,8,zero_cross,ema50,True,1.4,4.0,1.5,0.0,250,174.91,1.011,28.4,2480.26,0.07,50.0,36,72,1.78
10,14,8,zero_cross,ema50,True,1.4,4.0,1.5,200.0,209,2117.3,1.181,31.1,1873.77,1.13,54.17,39,72,31.29
10,14,8,zero_cross,ema50,True,1.4,4.0,1.5,250.0,217,1985.48,1.163,30.88,2006.81,0.99,52.78,38,72,27.21
10,14,8,zero_cross,ema50,True,1.4,4.0,2.0,0.0,232,2435.57,1.146,36.64,1669.12,1.46,56.94,41,72,38.9
10,14,8,zero_cross,ema50,True,1.4,4.0,2.0,200.0,188,3571.62,1.293,39.36,1472.27,2.43,59.72,43,72,71.88
10,14,8,zero_cross,ema50,True,1.4,4.0,2.0,250.0,200,2843.53,1.211,38.5,1472.27,1.93,58.33,42,72,52.35
10,14,8,zero_cross,ema50,True,1.4,4.0,2.5,0.0,208,2094.06,1.121,41.83,2352.55,0.89,51.39,37,72,24.87
10,14,8,zero_cross,ema50,True,1.4,4.0,2.5,200.0,167,2313.37,1.183,43.71,1836.17,1.26,58.33,42,72,37.25
10,14,8,zero_cross,ema50,True,1.4,4.0,2.5,250.0,180,792.85,1.055,41.67,2150.8,0.37,54.17,39,72,9.77
10,14,8,zero_cross,ema50,True,1.4,4.5,1.5,0.0,247,726.25,1.045,26.32,2810.29,0.26,44.44,32,72,6.36
10,14,8,zero_cross,ema50,True,1.4,4.5,1.5,200.0,204,1561.42,1.13,27.45,2073.73,0.75,48.61,35,72,18.83
10,14,8,zero_cross,ema50,True,1.4,4.5,1.5,250.0,215,1898.32,1.151,27.91,2073.73,0.92,47.22,34,72,22.66
10,14,8,zero_cross,ema50,True,1.4,4.5,2.0,0.0,228,2527.7,1.148,33.77,1962.3,1.29,51.39,37,72,33.66
10,14,8,zero_cross,ema50,True,1.4,4.5,2.0,200.0,183,2262.19,1.175,33.88,1475.86,1.53,54.17,39,72,37.48
10,14,8,zero_cross,ema50,True,1.4,4.5,2.0,250.0,196,2214.78,1.158,34.69,1472.27,1.5,52.78,38,72,35.28
10,14,8,zero_cross,ema50,True,1.4,4.5,2.5,0.0,204,2521.09,1.142,38.73,1971.79,1.28,50.0,36,72,32.42
10,14,8,zero_cross,ema50,True,1.4,4.5,2.5,200.0,157,2126.16,1.166,39.49,1672.67,1.27,54.17,39,72,32.84
10,14,8,zero_cross,ema50,True,1.4,4.5,2.5,250.0,176,1458.56,1.1,39.2,2057.11,0.71,52.78,38,72,18.67
10,14,8,zero_cross,ema50,True,1.4,5.0,1.5,0.0,247,215.85,1.013,24.7,2824.62,0.08,45.83,33,72,1.89
10,14,8,zero_cross,ema50,True,1.4,5.0,1.5,200.0,197,1719.15,1.142,25.89,2088.06,0.82,50.0,36,72,21.48
10,14,8,zero_cross,ema50,True,1.4,5.0,1.5,250.0,213,2547.87,1.199,26.76,2088.06,1.22,50.0,36,72,33.43
10,14,8,zero_cross,ema50,True,1.4,5.0,2.0,0.0,225,3064.18,1.179,32.44,2048.55,1.5,51.39,37,72,41.02
10,14,8,zero_cross,ema50,True,1.4,5.0,2.0,200.0,177,2569.84,1.199,32.77,1526.65,1.68,54.17,39,72,42.72
10,14,8,zero_cross,ema50,True,1.4,5.0,2.0,250.0,187,2678.68,1.198,33.16,1526.65,1.75,52.78,38,72,43.35
10,14,8,zero_cross,ema50,True,1.4,5.0,2.5,0.0,202,2535.31,1.141,37.13,2065.17,1.23,50.0,36,72,31.83
10,14,8,zero_cross,ema50,True,1.4,5.0,2.5,200.0,150,1900.49,1.146,37.33,1636.7,1.16,54.17,39,72,29.16
10,14,8,zero_cross,ema50,True,1.4,5.0,2.5,250.0,161,2144.81,1.155,37.89,1636.7,1.31,52.78,38,72,32.32
10,14,8,zero_cross,ema50,False,1.5,3.5,1.5,0.0,599,-3917.28,0.895,29.55,6270.47,-0.62,33.33,24,72,-14.76
10,14,8,zero_cross,ema50,False,1.5,3.5,1.5,200.0,402,-940.88,0.958,31.09,4497.38,-0.21,48.61,35,72,-6.53
10,14,8,zero_cross,ema50,False,1.5,3.5,1.5,250.0,425,-1067.03,0.956,31.06,4421.66,-0.24,47.22,34,72,-7.24
10,14,8,zero_cross,ema50,False,1.5,3.5,2.0,0.0,521,-2482.23,0.938,36.85,5809.39,-0.43,33.33,24,72,-10.18
10,14,8,zero_cross,ema50,False,1.5,3.5,2.0,200.0,325,-1908.88,0.914,36.92,4602.59,-0.41,50.0,36,72,-12.86
10,14,8,zero_cross,ema50,False,1.5,3.5,2.0,250.0,363,-1976.74,0.921,36.91,5053.5,-0.39,47.22,34,72,-12.09
10,14,8,zero_cross,ema50,False,1.5,3.5,2.5,0.0,441,-5041.8,0.875,39.68,8226.15,-0.61,31.94,23,72,-15.54
10,14,8,zero_cross,ema50,False,1.5,3.5,2.5,200.0,261,-3322.97,0.844,39.85,5633.9,-0.59,44.44,32,72,-16.6
10,14,8,zero_cross,ema50,False,1.5,3.5,2.5,250.0,280,-2483.67,0.89,41.07,5200.77,-0.48,43.06,31,72,-13.2
10,14,8,zero_cross,ema50,False,1.5,4.0,1.5,0.0,589,-2033.41,0.948,28.01,5703.24,-0.36,36.11,26,72,-9.22
10,14,8,zero_cross,ema50,False,1.5,4.0,1.5,200.0,341,-441.39,0.978,29.03,4167.43,-0.11,50.0,36,72,-3.34
10,14,8,zero_cross,ema50,False,1.5,4.0,1.5,250.0,399,299.33,1.013,29.32,4479.57,0.07,45.83,33,72,2.08
10,14,8,zero_cross,ema50,False,1.5,4.0,2.0,0.0,520,-823.33,0.98,34.81,5269.49,-0.16,40.28,29,72,-4.48
10,14,8,zero_cross,ema50,False,1.5,4.0,2.0,200.0,283,2555.64,1.137,38.52,2890.18,0.88,58.33,42,72,31.53
10,14,8,zero_cross,ema50,False,1.5,4.0,2.0,250.0,324,500.7,1.022,36.11,4011.96,0.12,51.39,37,72,4.15
10,14,8,zero_cross,ema50,False,1.5,4.0,2.5,0.0,426,-2143.6,0.947,38.73,5891.95,-0.36,38.89,28,72,-10.28
10,14,8,zero_cross,ema50,False,1.5,4.0,2.5,200.0,235,1196.33,1.064,41.7,4444.8,0.27,52.78,38,72,10.08
10,14,8,zero_cross,ema50,False,1.5,4.0,2.5,250.0,257,-899.46,0.958,39.69,5985.99,-0.15,47.22,34,72,-5.26
10,14,8,zero_cross,ema50,False,1.5,4.5,1.5,0.0,570,-2373.53,0.939,25.61,6457.14,-0.37,36.11,26,72,-10.02
10,14,8,zero_cross,ema50,False,1.5,4.5,1.5,200.0,311,601.91,1.032,27.65,4457.96,0.14,50.0,36,72,4.65
10,14,8,zero_cross,ema50,False,1.5,4.5,1.5,250.0,363,358.47,1.017,27.27,4249.7,0.08,47.22,34,72,2.64
10,14,8,zero_cross,ema50,False,1.5,4.5,2.0,0.0,494,-448.99,0.989,32.79,5638.44,-0.08,34.72,25,72,-2.05
10,14,8,zero_cross,ema50,False,1.5,4.5,2.0,200.0,259,1872.3,1.103,35.52,3583.22,0.52,55.56,40,72,19.17
10,14,8,zero_cross,ema50,False,1.5,4.5,2.0,250.0,304,924.23,1.042,34.21,4863.98,0.19,48.61,35,72,6.71
10,14,8,zero_cross,ema50,False,1.5,4.5,2.5,0.0,416,224.19,1.006,37.98,5539.4,0.04,40.28,29,72,1.22
10,14,8,zero_cross,ema50,False,1.5,4.5,2.5,200.0,222,3294.27,1.184,40.99,3410.88,0.97,58.33,42,72,38.96
10,14,8,zero_cross,ema50,False,1.5,4.5,2.5,250.0,252,3326.42,1.164,40.87,4390.54,0.76,55.56,40,72,32.47
10,14,8,zero_cross,ema50,False,1.5,5.0,1.5,0.0,556,-1338.58,0.965,24.1,6316.26,-0.21,38.89,28,72,-6.32
10,14,8,zero_cross,ema50,False,1.5,5.0,1.5,200.0,278,1521.14,1.089,26.26,3939.94,0.39,52.78,38,72,13.93
10,14,8,zero_cross,ema50,False,1.5,5.0,1.5,250.0,337,886.96,1.043,26.11,4978.09,0.18,48.61,35,72,6.37
10,14,8,zero_cross,ema50,False,1.5,5.0,2.0,0.0,472,2347.91,1.059,31.36,5476.0,0.43,37.5,27,72,12.6
10,14,8,zero_cross,ema50,False,1.5,5.0,2.0,200.0,235,2402.63,1.139,33.62,2400.12,1.0,54.17,39,72,30.26
10,14,8,zero_cross,ema50,False,1.5,5.0,2.0,250.0,268,1611.08,1.082,32.46,3359.58,0.48,51.39,37,72,15.46
10,14,8,zero_cross,ema50,False,1.5,5.0,2.5,0.0,395,-4638.02,0.886,33.92,6987.94,-0.66,33.33,24,72,-16.38
10,14,8,zero_cross,ema50,False,1.5,5.0,2.5,200.0,209,3086.68,1.171,37.8,2383.1,1.3,54.17,39,72,40.11
10,14,8,zero_cross,ema50,False,1.5,5.0,2.5,250.0,232,2738.03,1.137,37.5,3340.92,0.82,51.39,37,72,27.68
10,14,8,zero_cross,none,True,1.35,3.5,1.5,0.0,322,-1424.37,0.93,29.81,3853.05,-0.37,45.83,33,72,-9.78
10,14,8,zero_cross,none,True,1.35,3.5,1.5,200.0,252,2054.19,1.153,32.94,2637.04,0.78,55.56,40,72,25.63
10,14,8,zero_cross,none,True,1.35,3.5,1.5,250.0,279,-334.65,0.979,30.47,3573.55,-0.09,50.0,36,72,-2.74
10,14,8,zero_cross,none,True,1.35,3.5,2.0,0.0,291,-1516.31,0.932,36.43,3470.22,-0.44,43.06,31,72,-10.33
10,14,8,zero_cross,none,True,1.35,3.5,2.0,200.0,221,2470.29,1.176,39.82,1947.35,1.27,56.94,41,72,37.48
10,14,8,zero_cross,none,True,1.35,3.5,2.0,250.0,247,1157.99,1.071,38.06,2546.78,0.45,52.78,38,72,12.97
10,14,8,zero_cross,none,True,1.35,3.5,2.5,0.0,253,-2531.27,0.888,39.53,5354.94,-0.47,41.67,30,72,-12.8
10,14,8,zero_cross,none,True,1.35,3.5,2.5,200.0,203,-1058.3,0.934,40.89,4852.71,-0.22,51.39,37,72,-7.29
10,14,8,zero_cross,none,True,1.35,3.5,2.5,250.0,215,-2068.34,0.881,39.53,4990.37,-0.41,48.61,35,72,-12.54
10,14,8,zero_cross,none,True,1.35,4.0,1.5,0.0,319,-1297.66,0.938,27.27,3964.13,-0.33,47.22,34,72,-9.13
10,14,8,zero_cross,none,True,1.35,4.0,1.5,200.0,242,3329.16,1.253,30.99,2690.06,1.24,58.33,42,72,46.91
10,14,8,zero_cross,none,True,1.35,4.0,1.5,250.0,257,2956.41,1.21,30.35,2964.93,1.0,56.94,41,72,37.41
10,14,8,zero_cross,none,True,1.35,4.0,2.0,0.0,285,-479.83,0.979,34.74,2670.84,-0.18,50.0,36,72,-4.54
10,14,8,zero_cross,none,True,1.35,4.0,2.0,200.0,208,4678.42,1.359,38.94,1326.97,3.53,61.11,44,72,106.66
10,14,8,zero_cross,none,True,1.35,4.0,2.0,250.0,222,4151.85,1.288,38.29,1791.71,2.32,58.33,42,72,73.69
10,14,8,zero_cross,none,True,1.35,4.0,2.5,0.0,248,-1388.71,0.94,37.9,3661.27,-0.38,41.67,30,72,-8.99
10,14,8,zero_cross,none,True,1.35,4.0,2.5,200.0,184,2577.48,1.189,41.85,2099.16,1.23,56.94,41,72,38.09
10,14,8,zero_cross,none,True,1.35,4.0,2.5,250.0,200,1123.46,1.071,40.0,3522.31,0.32,51.39,37,72,10.42
10,14,8,zero_cross,none,True,1.35,4.5,1.5,0.0,310,-1177.79,0.944,24.84,4278.97,-0.28,45.83,33,72,-7.79
10,14,8,zero_cross,none,True,1.35,4.5,1.5,200.0,239,2732.58,1.2,28.03,3029.72,0.9,54.17,39,72,32.27
10,14,8,zero_cross,none,True,1.35,4.5,1.5,250.0,252,2491.38,1.173,27.38,3091.37,0.81,52.78,38,72,27.74
10,14,8,zero_cross,none,True,1.35,4.5,2.0,0.0,275,-136.74,0.994,32.36,2586.2,-0.05,47.22,34,72,-1.26
10,14,8,zero_cross,none,True,1.35,4.5,2.0,200.0,195,3925.27,1.3,35.38,1554.52,2.53,54.17,39,72,70.11
10,14,8,zero_cross,none,True,1.35,4.5,2.0,250.0,216,3582.58,1.241,35.19,1665.71,2.15,52.78,38,72,57.5
10,14,8,zero_cross,none,True,1.35,4.5,2.5,0.0,240,-1568.58,0.933,34.58,4421.08,-0.35,37.5,27,72,-8.25
10,14,8,zero_cross,none,True,1.35,4.5,2.5,200.0,172,1933.17,1.141,37.79,2413.67,0.8,52.78,38,72,23.7
10,14,8,zero_cross,none,True,1.35,4.5,2.5,250.0,197,733.2,1.045,36.55,4097.19,0.18,47.22,34,72,5.65
10,14,8,zero_cross,none,True,1.35,5.0,1.5,0.0,309,-626.38,0.971,23.62,4239.25,-0.15,47.22,34,72,-4.41
10,14,8,zero_cross,none,True,1.35,5.0,1.5,200.0,230,4338.09,1.328,28.26,3029.85,1.43,56.94,41,72,59.59
10,14,8,zero_cross,none,True,1.35,5.0,1.5,250.0,245,3737.97,1.261,26.94,3029.85,1.23,54.17,39,72,46.39
10,14,8,zero_cross,none,True,1.35,5.0,2.0,0.0,270,429.05,1.019,30.74,2420.29,0.18,45.83,33,72,4.07
10,14,8,zero_cross,none,True,1.35,5.0,2.0,200.0,188,4550.93,1.351,34.57,1590.23,2.86,52.78,38,72,81.38
10,14,8,zero_cross,none,True,1.35,5.0,2.0,250.0,199,4214.65,1.305,34.17,1448.99,2.91,51.39,37,72,74.25
10,14,8,zero_cross,none,True,1.35,5.0,2.5,0.0,237,-3448.32,0.858,32.07,3588.07,-0.96,34.72,25,72,-17.15
10,14,8,zero_cross,none,True,1.35,5.0,2.5,200.0,164,1282.18,1.092,35.37,2171.03,0.59,50.0,36,72,15.02
10,14,8,zero_cross,none,True,1.35,5.0,2.5,250.0,176,1529.86,1.103,35.8,2168.44,0.71,47.22,34,72,17.11
10,14,8,zero_cross,none,True,1.4,3.5,1.5,0.0,332,-1639.47,0.922,29.82,3992.75,-0.41,45.83,33,72,-10.96
10,14,8,zero_cross,none,True,1.4,3.5,1.5,200.0,257,1875.43,1.136,33.07,2644.03,0.71,55.56,40,72,23.02
10,14,8,zero_cross,none,True,1.4,3.5,1.5,250.0,284,-458.18,0.972,30.63,3572.83,-0.13,50.0,36,72,-3.73
10,14,8,zero_cross,none,True,1.4,3.5,2.0,0.0,301,-2039.12,0.912,35.88,3946.17,-0.52,40.28,29,72,-11.92
10,14,8,zero_cross,none,True,1.4,3.5,2.0,200.0,228,1754.78,1.119,39.04,2067.35,0.85,54.17,39,72,23.39
10,14,8,zero_cross,none,True,1.4,3.5,2.0,250.0,253,477.0,1.028,37.55,2666.78,0.18,50.0,36,72,4.75
10,14,8,zero_cross,none,True,1.4,3.5,2.5,0.0,266,-2531.5,0.893,39.47,5832.51,-0.43,40.28,29,72,-11.92
10,14,8,zero_cross,none,True,1.4,3.5,2.5,200.0,206,-361.73,0.977,42.23,4271.32,-0.08,52.78,38,72,-2.85
10,14,8,zero_cross,none,True,1.4,3.5,2.5,250.0,224,-2152.91,0.881,39.73,4885.99,-0.44,48.61,35,72,-13.19
10,14,8,zero_cross,none,True,1.4,4.0,1.5,0.0,331,-1591.37,0.926,27.19,4182.84,-0.38,45.83,33,72,-10.44
10,14,8,zero_cross,none,True,1.4,4.0,1.5,200.0,248,3152.15,1.234,31.05,2815.41,1.12,58.33,42,72,42.76
10,14,8,zero_cross,none,True,1.4,4.0,1.5,250.0,266,2565.65,1.176,30.08,3191.35,0.8,55.56,40,72,29.67
10,14,8,zero_cross,none,True,1.4,4.0,2.0,0.0,294,-866.81,0.963,34.35,2813.48,-0.31,48.61,35,72,-7.65
10,14,8,zero_cross,none,True,1.4,4.0,2.0,200.0,208,4347.98,1.331,38.94,1397.78,3.11,59.72,43,72,92.44
10,14,8,zero_cross,none,True,1.4,4.0,2.0,250.0,230,3387.16,1.224,37.39,1944.63,1.74,56.94,41,72,53.53
10,14,8,zero_cross,none,True,1.4,4.0,2.5,0.0,263,-1334.71,0.945,38.02,4099.8,-0.33,40.28,29,72,-7.93
10,14,8,zero_cross,none,True,1.4,4.0,2.5,200.0,187,3746.23,1.278,43.85,1370.26,2.73,59.72,43,72,77.24
10,14,8,zero_cross,none,True,1.4,4.0,2.5,250.0,206,1942.16,1.122,41.26,3001.91,0.65,52.78,38,72,20.99
10,14,8,zero_cross,none,True,1.4,4.5,1.5,0.0,323,-1504.97,0.931,24.77,4484.05,-0.34,43.06,31,72,-9.01
10,14,8,zero_cross,none,True,1.4,4.5,1.5,200.0,247,2427.08,1.172,27.94,3141.44,0.77,52.78,38,72,26.79
10,14,8,zero_cross,none,True,1.4,4.5,1.5,250.0,261,2073.2,1.138,27.2,3203.09,0.65,51.39,37,72,21.42
10,14,8,zero_cross,none,True,1.4,4.5,2.0,0.0,287,16.91,1.001,32.4,2813.12,0.01,45.83,33,72,0.15
10,14,8,zero_cross,none,True,1.4,4.5,2.0,200.0,201,3777.37,1.279,35.32,1761.84,2.14,54.17,39,72,62.35
10,14,8,zero_cross,none,True,1.4,4.5,2.0,250.0,223,3285.47,1.212,34.98,1770.22,1.86,52.78,38,72,49.95
10,14,8,zero_cross,none,True,1.4,4.5,2.5,0.0,255,-1348.97,0.946,34.9,4662.27,-0.29,37.5,27,72,-7.01
10,14,8,zero_cross,none,True,1.4,4.5,2.5,200.0,176,3125.08,1.229,39.77,1712.48,1.82,55.56,40,72,51.57
10,14,8,zero_cross,none,True,1.4,4.5,2.5,250.0,206,1362.55,1.081,37.38,3380.18,0.4,48.61,35,72,12.31
10,14,8,zero_cross,none,True,1.4,5.0,1.5,0.0,323,-1298.94,0.942,23.22,4430.71,-0.29,44.44,32,72,-8.17
10,14,8,zero_cross,none,True,1.4,5.0,1.5,200.0,238,3445.77,1.249,27.31,3127.95,1.1,54.17,39,72,41.68
10,14,8,zero_cross,none,True,1.4,5.0,1.5,250.0,253,3219.34,1.217,26.48,3127.95,1.03,52.78,38,72,36.97
10,14,8,zero_cross,none,True,1.4,5.0,2.0,0.0,280,361.04,1.016,30.36,2633.59,0.14,41.67,30,72,2.98
10,14,8,zero_cross,none,True,1.4,5.0,2.0,200.0,192,4099.77,1.305,33.85,1681.12,2.44,51.39,37,72,67.06
10,14,8,zero_cross,none,True,1.4,5.0,2.0,250.0,203,3763.49,1.264,33.5,1628.32,2.31,50.0,36,72,58.94
10,14,8,zero_cross,none,True,1.4,5.0,2.5,0.0,250,-3399.85,0.866,32.0,4033.72,-0.84,36.11,26,72,-16.74
10,14,8,zero_cross,none,True,1.4,5.0,2.5,200.0,166,2262.93,1.163,36.75,2108.07,1.07,51.39,37,72,29.46
10,14,8,zero_cross,none,True,1.4,5.0,2.5,250.0,180,2298.1,1.153,36.67,1809.93,1.27,48.61,35,72,30.28
10,14,8,zero_cross,none,False,1.5,3.5,1.5,0.0,768,-2556.88,0.947,30.08,7402.75,-0.35,33.33,24,72,-9.38
10,14,8,zero_cross,none,False,1.5,3.5,1.5,200.0,363,2505.63,1.131,33.06,2654.55,0.94,55.56,40,72,30.56
10,14,8,zero_cross,none,False,1.5,3.5,1.5,250.0,462,2535.83,1.101,32.68,3512.61,0.72,51.39,37,72,24.21
10,14,8,zero_cross,none,False,1.5,3.5,2.0,0.0,623,-2272.91,0.954,35.79,7317.14,-0.31,33.33,24,72,-8.45
10,14,8,zero_cross,none,False,1.5,3.5,2.0,200.0,309,200.05,1.009,37.86,3640.83,0.05,50.0,36,72,1.67
10,14,8,zero_cross,none,False,1.5,3.5,2.0,250.0,337,1448.77,1.062,38.87,3361.8,0.43,50.0,36,72,13.27
10,14,8,zero_cross,none,False,1.5,3.5,2.5,0.0,465,-7663.54,0.823,36.99,10464.03,-0.73,22.22,16,72,-13.7
10,14,8,zero_cross,none,False,1.5,3.5,2.5,200.0,248,-1952.75,0.905,40.73,4239.7,-0.46,45.83,33,72,-12.44
10,14,8,zero_cross,none,False,1.5,3.5,2.5,250.0,263,-2750.12,0.876,40.3,4932.42,-0.56,43.06,31,72,-14.77
10,14,8,zero_cross,none,False,1.5,4.0,1.5,0.0,742,-1505.16,0.97,27.49,7025.2,-0.21,30.56,22,72,-5.32
10,14,8,zero_cross,none,False,1.5,4.0,1.5,200.0,323,3307.93,1.186,30.03,3243.68,1.02,56.94,41,72,39.22
10,14,8,zero_cross,none,False,1.5,4.0,1.5,250.0,404,3667.41,1.167,29.95,3327.83,1.1,51.39,37,72,38.13
10,14,8,zero_cross,none,False,1.5,4.0,2.0,0.0,583,-1478.84,0.97,33.1,7103.26,-0.21,29.17,21,72,-4.96
10,14,8,zero_cross,none,False,1.5,4.0,2.0,200.0,280,1949.3,1.101,35.71,3182.18,0.61,52.78,38,72,20.08
10,14,8,zero_cross,none,False,1.5,4.0,2.0,250.0,306,2825.32,1.133,36.6,3024.02,0.93,50.0,36,72,29.11
10,14,8,zero_cross,none,False,1.5,4.0,2.5,0.0,445,-5743.61,0.868,35.51,9088.13,-0.63,22.22,16,72,-11.62
10,14,8,zero_cross,none,False,1.5,4.0,2.5,200.0,222,-1246.91,0.934,36.94,4056.93,-0.31,45.83,33,72,-8.38
10,14,8,zero_cross,none,False,1.5,4.0,2.5,250.0,241,95.16,1.005,38.17,3544.16,0.03,44.44,32,72,0.71
10,14,8,zero_cross,none,False,1.5,4.5,1.5,0.0,683,-4773.59,0.898,24.16,9293.85,-0.51,26.39,19,72,-11.73
10,14,8,zero_cross,none,False,1.5,4.5,1.5,200.0,305,2717.66,1.153,27.87,2876.65,0.94,55.56,40,72,32.46
10,14,8,zero_cross,none,False,1.5,4.5,1.5,250.0,364,2659.08,1.124,27.47,3447.68,0.77,50.0,36,72,25.45
10,14,8,zero_cross,none,False,1.5,4.5,2.0,0.0,549,-2766.0,0.939,30.42,5734.02,-0.48,31.94,23,72,-10.96
10,14,8,zero_cross,none,False,1.5,4.5,2.0,200.0,252,1986.95,1.112,33.33,2268.31,0.88,54.17,39,72,25.13
10,14,8,zero_cross,none,False,1.5,4.5,2.0,250.0,287,3932.77,1.198,35.19,2416.01,1.63,52.78,38,72,50.59
10,14,8,zero_cross,none,False,1.5,4.5,2.5,0.0,426,-4048.14,0.9,34.51,6363.07,-0.64,29.17,21,72,-13.32
10,14,8,zero_cross,none,False,1.5,4.5,2.5,200.0,210,96.64,1.005,36.67,2667.71,0.04,51.39,37,72,0.97
10,14,8,zero_cross,none,False,1.5,4.5,2.5,250.0,245,-677.29,0.968,35.51,3772.61,-0.18,45.83,33,72,-4.89
10,14,8,zero_cross,none,False,1.5,5.0,1.5,0.0,649,-4055.37,0.909,22.65,7244.54,-0.56,29.17,21,72,-12.63
10,14,8,zero_cross,none,False,1.5,5.0,1.5,200.0,275,4622.63,1.294,27.64,3235.71,1.43,58.33,42,72,61.34
10,14,8,zero_cross,none,False,1.5,5.0,1.5,250.0,307,4168.72,1.231,27.04,3235.71,1.29,54.17,39,72,48.87
10,14,8,zero_cross,none,False,1.5,5.0,2.0,0.0,498,-4371.43,0.897,27.71,6073.47,-0.72,27.78,20,72,-13.98
10,14,8,zero_cross,none,False,1.5,5.0,2.0,200.0,237,1882.9,1.108,30.38,2298.74,0.82,51.39,37,72,22.36
10,14,8,zero_cross,none,False,1.5,5.0,2.0,250.0,258,1231.27,1.063,30.23,2713.49,0.45,47.22,34,72,11.86
10,14,8,zero_cross,none,False,1.5,5.0,2.5,0.0,405,-3990.32,0.9,32.1,5615.39,-0.71,27.78,20,72,-13.31
10,14,8,zero_cross,none,False,1.5,5.0,2.5,200.0,200,-425.65,0.976,33.5,3392.87,-0.13,47.22,34,72,-3.37
10,14,8,zero_cross,none,False,1.5,5.0,2.5,250.0,230,-341.72,0.983,33.48,3585.95,-0.1,44.44,32,72,-2.49
10,14,8,signal_cross,ema200,True,1.35,3.5,1.5,0.0,302,-4179.16,0.791,29.47,5014.75,-0.83,41.67,30,72,-19.45
10,14,8,signal_cross,ema200,True,1.35,3.5,1.5,200.0,235,754.23,1.057,33.62,1666.28,0.45,51.39,37,72,10.04
10,14,8,signal_cross,ema200,True,1.35,3.5,1.5,250.0,257,-150.2,0.99,32.3,1746.76,-0.09,47.22,34,72,-1.68
10,14,8,signal_cross,ema200,True,1.35,3.5,2.0,0.0,287,-3319.82,0.85,36.93,4178.84,-0.79,40.28,29,72,-17.58
10,14,8,signal_cross,ema200,True,1.35,3.5,2.0,200.0,222,756.89,1.051,40.54,2066.22,0.37,48.61,35,72,8.51
10,14,8,signal_cross,ema200,True,1.35,3.5,2.0,250.0,236,1321.7,1.084,40.68,2446.05,0.54,47.22,34,72,13.68
10,14,8,signal_cross,ema200,True,1.35,3.5,2.5,0.0,281,-3607.31,0.857,42.35,5072.35,-0.71,41.67,30,72,-18.09
10,14,8,signal_cross,ema200,True,1.35,3.5,2.5,200.0,214,958.63,1.059,45.33,1901.9,0.5,51.39,37,72,11.96
10,14,8,signal_cross,ema200,True,1.35,3.5,2.5,250.0,223,2361.86,1.144,47.09,1901.9,1.24,51.39,37,72,31.84
10,14,8,signal_cross,ema200,True,1.35,4.0,1.5,0.0,297,-4969.83,0.763,25.93,4962.28,-1.0,31.94,23,72,-17.19
10,14,8,signal_cross,ema200,True,1.35,4.0,1.5,200.0,220,-395.31,0.971,29.09,2577.64,-0.15,44.44,32,72,-3.36
10,14,8,signal_cross,ema200,True,1.35,4.0,1.5,250.0,244,-688.41,0.954,28.69,2019.73,-0.34,40.28,29,72,-5.89
10,14,8,signal_cross,ema200,True,1.35,4.0,2.0,0.0,273,-3775.16,0.831,33.33,3866.65,-0.98,38.89,28,72,-19.62
10,14,8,signal_cross,ema200,True,1.35,4.0,2.0,200.0,199,255.89,1.018,36.68,1986.67,0.13,47.22,34,72,2.76
10,14,8,signal_cross,ema200,True,1.35,4.0,2.0,250.0,218,309.41,1.02,36.7,2684.75,0.12,44.44,32,72,2.71
10,14,8,signal_cross,ema200,True,1.35,4.0,2.5,0.0,264,-4650.54,0.813,37.88,4820.87,-0.96,40.28,29,72,-21.93
10,14,8,signal_cross,ema200,True,1.35,4.0,2.5,200.0,189,983.69,1.064,43.39,1601.84,0.61,52.78,38,72,13.8
10,14,8,signal_cross,ema200,True,1.35,4.0,2.5,250.0,215,356.19,1.02,41.86,1746.76,0.2,51.39,37,72,4.47
10,14,8,signal_cross,ema200,True,1.35,4.5,1.5,0.0,285,-4601.35,0.772,23.86,4727.89,-0.97,38.89,28,72,-20.09
10,14,8,signal_cross,ema200,True,1.35,4.5,1.5,200.0,218,-929.77,0.933,26.61,2215.75,-0.42,47.22,34,72,-8.7
10,14,8,signal_cross,ema200,True,1.35,4.5,1.5,250.0,239,-2187.37,0.859,25.1,2825.84,-0.77,44.44,32,72,-15.71
10,14,8,signal_cross,ema200,True,1.35,4.5,2.0,0.0,262,-3397.6,0.843,30.92,3526.47,-0.96,40.28,29,72,-19.43
10,14,8,signal_cross,ema200,True,1.35,4.5,2.0,200.0,203,-869.06,0.944,33.0,2431.26,-0.36,48.61,35,72,-8.09
10,14,8,signal_cross,ema200,True,1.35,4.5,2.0,250.0,216,-1480.76,0.911,32.41,2821.99,-0.52,44.44,32,72,-11.28
10,14,8,signal_cross,ema200,True,1.35,4.5,2.5,0.0,258,-4414.75,0.823,35.27,4963.98,-0.89,40.28,29,72,-20.77
10,14,8,signal_cross,ema200,True,1.35,4.5,2.5,200.0,191,388.92,1.024,40.31,1908.43,0.2,51.39,37,72,4.68
10,14,8,signal_cross,ema200,True,1.35,4.5,2.5,250.0,209,-540.42,0.97,38.76,1908.43,-0.28,45.83,33,72,-5.5
10,14,8,signal_cross,ema200,True,1.35,5.0,1.5,0.0,271,-4184.52,0.778,22.51,4500.7,-0.93,38.89,28,72,-18.87
10,14,8,signal_cross,ema200,True,1.35,5.0,1.5,200.0,202,-2131.44,0.845,24.26,3060.16,-0.7,43.06,31,72,-14.02
10,14,8,signal_cross,ema200,True,1.35,5.0,1.5,250.0,227,-3109.52,0.8,23.35,3542.3,-0.88,41.67,30,72,-17.42
10,14,8,signal_cross,ema200,True,1.35,5.0,2.0,0.0,250,-2507.49,0.879,30.0,3300.31,-0.76,44.44,32,72,-17.05
10,14,8,signal_cross,ema200,True,1.35,5.0,2.0,200.0,182,-1297.66,0.912,31.87,2950.9,-0.44,47.22,34,72,-10.29
10,14,8,signal_cross,ema200,True,1.35,5.0,2.0,250.0,202,-2302.49,0.861,30.69,2950.9,-0.78,45.83,33,72,-16.73
10,14,8,signal_cross,ema200,True,1.35,5.0,2.5,0.0,247,-3443.02,0.857,34.01,4608.45,-0.75,38.89,28,72,-16.9
10,14,8,signal_cross,ema200,True,1.35,5.0,2.5,200.0,180,-412.69,0.975,38.33,3332.45,-0.12,50.0,36,72,-3.49
10,14,8,signal_cross,ema200,True,1.35,5.0,2.5,250.0,194,-1835.52,0.9,36.6,3526.73,-0.52,45.83,33,72,-12.75
10,14,8,signal_cross,ema200,True,1.4,3.5,1.5,0.0,329,-4925.4,0.779,28.57,5343.74,-0.92,37.5,27,72,-19.68
10,14,8,signal_cross,ema200,True,1.4,3.5,1.5,200.0,251,530.42,1.038,31.47,1667.76,0.32,47.22,34,72,6.37
10,14,8,signal_cross,ema200,True,1.4,3.5,1.5,250.0,271,498.21,1.032,31.73,1845.06,0.27,44.44,32,72,5.32
10,14,8,signal_cross,ema200,True,1.4,3.5,2.0,0.0,310,-3755.63,0.846,36.45,4315.09,-0.87,37.5,27,72,-18.14
10,14,8,signal_cross,ema200,True,1.4,3.5,2.0,200.0,223,96.95,1.006,39.46,2178.34,0.04,47.22,34,72,0.99
10,14,8,signal_cross,ema200,True,1.4,3.5,2.0,250.0,240,729.24,1.046,39.58,2228.89,0.33,45.83,33,72,7.4
10,14,8,signal_cross,ema200,True,1.4,3.5,2.5,0.0,306,-3638.16,0.869,42.48,4602.19,-0.79,36.11,26,72,-16.83
10,14,8,signal_cross,ema200,True,1.4,3.5,2.5,200.0,222,-525.02,0.97,42.79,2075.95,-0.25,47.22,34,72,-5.28
10,14,8,signal_cross,ema200,True,1.4,3.5,2.5,250.0,234,1016.0,1.058,44.87,1697.44,0.6,47.22,34,72,12.32
10,14,8,signal_cross,ema200,True,1.4,4.0,1.5,0.0,325,-5506.5,0.762,25.23,5560.81,-0.99,33.33,24,72,-18.75
10,14,8,signal_cross,ema200,True,1.4,4.0,1.5,200.0,232,-252.66,0.982,27.59,2333.3,-0.11,44.44,32,72,-2.28
10,14,8,signal_cross,ema200,True,1.4,4.0,1.5,250.0,252,-146.28,0.99,28.17,2219.27,-0.07,41.67,30,72,-1.28
10,14,8,signal_cross,ema200,True,1.4,4.0,2.0,0.0,294,-4413.58,0.82,32.65,4548.36,-0.97,34.72,25,72,-18.63
10,14,8,signal_cross,ema200,True,1.4,4.0,2.0,200.0,203,-673.64,0.954,34.98,2183.8,-0.31,44.44,32,72,-6.11
10,14,8,signal_cross,ema200,True,1.4,4.0,2.0,250.0,223,-62.4,0.996,35.87,2249.07,-0.03,43.06,31,72,-0.56
10,14,8,signal_cross,ema200,True,1.4,4.0,2.5,0.0,287,-4131.8,0.848,38.68,4326.86,-0.95,38.89,28,72,-20.72
10,14,8,signal_cross,ema200,True,1.4,4.0,2.5,200.0,198,916.56,1.057,42.93,1672.89,0.55,51.39,37,72,12.17
10,14,8,signal_cross,ema200,True,1.4,4.0,2.5,250.0,228,22.97,1.001,41.23,1672.89,0.01,47.22,34,72,0.27
10,14,8,signal_cross,ema200,True,1.4,4.5,1.5,0.0,312,-4451.16,0.799,23.72,4655.03,-0.96,36.11,26,72,-18.82
10,14,8,signal_cross,ema200,True,1.4,4.5,1.5,200.0,232,-266.82,0.981,25.86,2279.98,-0.12,45.83,33,72,-2.51
10,14,8,signal_cross,ema200,True,1.4,4.5,1.5,250.0,248,-780.19,0.949,25.4,2407.22,-0.32,43.06,31,72,-6.5
10,14,8,signal_cross,ema200,True,1.4,4.5,2.0,0.0,282,-3108.54,0.868,31.21,3296.17,-0.94,40.28,29,72,-18.93
10,14,8,signal_cross,ema200,True,1.4,4.5,2.0,200.0,205,-1276.19,0.917,32.2,1952.57,-0.65,45.83,33,72,-12.14
10,14,8,signal_cross,ema200,True,1.4,4.5,2.0,250.0,222,-1777.25,0.895,31.98,2571.34,-0.69,43.06,31,72,-13.51
10,14,8,signal_cross,ema200,True,1.4,4.5,2.5,0.0,282,-3097.58,0.886,36.88,3765.45,-0.82,37.5,27,72,-16.77
10,14,8,signal_cross,ema200,True,1.4,4.5,2.5,200.0,204,605.01,1.036,40.2,2141.93,0.28,50.0,36,72,6.77
10,14,8,signal_cross,ema200,True,1.4,4.5,2.5,250.0,218,465.77,1.025,39.91,2141.93,0.22,45.83,33,72,4.73
10,14,8,signal_cross,ema200,True,1.4,5.0,1.5,0.0,297,-4027.56,0.807,22.22,4138.49,-0.97,37.5,27,72,-18.95
10,14,8,signal_cross,ema200,True,1.4,5.0,1.5,200.0,210,-1724.23,0.875,22.86,2101.39,-0.82,43.06,31,72,-14.17
10,14,8,signal_cross,ema200,True,1.4,5.0,1.5,250.0,232,-1705.54,0.887,23.28,2253.08,-0.76,43.06,31,72,-13.72
10,14,8,signal_cross,ema200,True,1.4,5.0,2.0,0.0,273,-2043.24,0.911,30.4,3116.42,-0.66,41.67,30,72,-13.89
10,14,8,signal_cross,ema200,True,1.4,5.0,2.0,200.0,187,-735.78,0.95,31.02,2124.62,-0.35,45.83,33,72,-6.95
10,14,8,signal_cross,ema200,True,1.4,5.0,2.0,250.0,203,-1014.1,0.937,31.03,2124.62,-0.48,44.44,32,72,-9.16
10,14,8,signal_cross,ema200,True,1.4,5.0,2.5,0.0,272,-1825.65,0.931,35.66,3556.63,-0.51,37.5,27,72,-10.69
10,14,8,signal_cross,ema200,True,1.4,5.0,2.5,200.0,190,1007.83,1.061,38.42,2477.07,0.41,50.0,36,72,10.74
10,14,8,signal_cross,ema200,True,1.4,5.0,2.5,250.0,206,-49.99,0.997,37.38,2477.07,-0.02,44.44,32,72,-0.45
10,14,8,signal_cross,ema200,False,1.5,3.5,1.5,0.0,800,3411.12,1.068,32.88,3009.52,1.13,34.72,25,72,23.06
10,14,8,signal_cross,ema200,False,1.5,3.5,1.5,200.0,408,2547.73,1.122,32.35,1431.72,1.78,54.17,39,72,40.92
10,14,8,signal_cross,ema200,False,1.5,3.5,1.5,250.0,445,3499.79,1.154,32.81,1334.57,2.62,50.0,36,72,55.28
10,14,8,signal_cross,ema200,False,1.5,3.5,2.0,0.0,720,6964.93,1.13,40.28,3358.37,2.07,38.89,28,72,52.82
10,14,8,signal_cross,ema200,False,1.5,3.5,2.0,200.0,349,2542.98,1.116,39.83,1616.64,1.57,55.56,40,72,39.22
10,14,8,signal_cross,ema200,False,1.5,3.5,2.0,250.0,396,2476.93,1.1,39.14,1739.29,1.42,52.78,38,72,34.48
10,14,8,signal_cross,ema200,False,1.5,3.5,2.5,0.0,589,5702.75,1.116,45.5,2826.2,2.02,44.44,32,72,53.2
10,14,8,signal_cross,ema200,False,1.5,3.5,2.5,200.0,282,1744.82,1.087,44.33,2648.78,0.66,55.56,40,72,20.47
10,14,8,signal_cross,ema200,False,1.5,3.5,2.5,250.0,304,3246.9,1.155,45.72,1736.82,1.87,55.56,40,72,50.0
10,14,8,signal_cross,ema200,False,1.5,4.0,1.5,0.0,767,3317.71,1.066,29.73,4058.69,0.82,38.89,28,72,21.59
10,14,8,signal_cross,ema200,False,1.5,4.0,1.5,200.0,339,2656.39,1.141,30.09,2315.97,1.15,55.56,40,72,34.99
10,14,8,signal_cross,ema200,False,1.5,4.0,1.5,250.0,407,1531.95,1.068,28.99,3636.62,0.42,48.61,35,72,13.19
10,14,8,signal_cross,ema200,False,1.5,4.0,2.0,0.0,675,7340.72,1.136,37.63,3131.98,2.34,44.44,32,72,66.22
10,14,8,signal_cross,ema200,False,1.5,4.0,2.0,200.0,307,3482.49,1.167,38.11,2390.43,1.46,55.56,40,72,46.18
10,14,8,signal_cross,ema200,False,1.5,4.0,2.0,250.0,345,4195.59,1.183,38.55,2750.63,1.53,54.17,39,72,51.26
10,14,8,signal_cross,ema200,False,1.5,4.0,2.5,0.0,532,3479.8,1.069,41.17,3219.03,1.08,40.28,29,72,26.41
10,14,8,signal_cross,ema200,False,1.5,4.0,2.5,200.0,246,2174.71,1.115,41.87,2386.96,0.91,54.17,39,72,26.89
10,14,8,signal_cross,ema200,False,1.5,4.0,2.5,250.0,283,2296.47,1.106,41.7,2892.86,0.79,52.78,38,72,24.92
10,14,8,signal_cross,ema200,False,1.5,4.5,1.5,0.0,726,4702.26,1.1,27.69,5166.78,0.91,37.5,27,72,26.98
10,14,8,signal_cross,ema200,False,1.5,4.5,1.5,200.0,325,1790.77,1.094,26.77,2914.92,0.61,50.0,36,72,18.14
10,14,8,signal_cross,ema200,False,1.5,4.5,1.5,250.0,355,2521.81,1.122,27.32,3012.73,0.84,48.61,35,72,25.06
10,14,8,signal_cross,ema200,False,1.5,4.5,2.0,0.0,610,5763.39,1.114,33.61,4421.25,1.3,40.28,29,72,38.89
10,14,8,signal_cross,ema200,False,1.5,4.5,2.0,200.0,285,2907.76,1.146,33.68,2803.55,1.04,55.56,40,72,34.97
10,14,8,signal_cross,ema200,False,1.5,4.5,2.0,250.0,315,1882.52,1.082,33.33,3511.78,0.54,50.0,36,72,17.19
10,14,8,signal_cross,ema200,False,1.5,4.5,2.5,0.0,492,3120.14,1.064,37.8,3582.19,0.87,37.5,27,72,20.8
10,14,8,signal_cross,ema200,False,1.5,4.5,2.5,200.0,237,-936.1,0.954,35.44,3689.37,-0.25,47.22,34,72,-6.94
10,14,8,signal_cross,ema200,False,1.5,4.5,2.5,250.0,256,-1512.87,0.932,35.16,3818.85,-0.4,43.06,31,72,-9.82
10,14,8,signal_cross,ema200,False,1.5,5.0,1.5,0.0,707,3373.17,1.071,25.6,5073.65,0.66,31.94,23,72,16.2
10,14,8,signal_cross,ema200,False,1.5,5.0,1.5,200.0,295,2250.78,1.126,25.76,1504.05,1.5,52.78,38,72,34.49
10,14,8,signal_cross,ema200,False,1.5,5.0,1.5,250.0,364,1061.81,1.048,24.18,3050.4,0.35,44.44,32,72,8.95
10,14,8,signal_cross,ema200,False,1.5,5.0,2.0,0.0,577,4636.08,1.094,31.54,4566.52,1.02,38.89,28,72,29.19
10,14,8,signal_cross,ema200,False,1.5,5.0,2.0,200.0,255,2831.05,1.151,32.16,2827.2,1.0,52.78,38,72,32.35
10,14,8,signal_cross,ema200,False,1.5,5.0,2.0,250.0,292,2378.23,1.111,31.51,3143.43,0.76,48.61,35,72,22.91
10,14,8,signal_cross,ema200,False,1.5,5.0,2.5,0.0,448,289.73,1.006,34.15,3511.98,0.08,34.72,25,72,1.71
10,14,8,signal_cross,ema200,False,1.5,5.0,2.5,200.0,210,-90.96,0.995,33.81,2576.24,-0.04,50.0,36,72,-0.89
10,14,8,signal_cross,ema200,False,1.5,5.0,2.5,250.0,249,-358.99,0.984,33.73,2763.79,-0.13,45.83,33,72,-3.08
10,14,8,signal_cross,ema50,True,1.35,3.5,1.5,0.0,309,-4471.12,0.773,29.45,4738.11,-0.94,34.72,25,72,-17.43
10,14,8,signal_cross,ema50,True,1.35,3.5,1.5,200.0,238,-1567.77,0.889,31.09,2100.43,-0.75,47.22,34,72,-14.36
10,14,8,signal_cross,ema50,True,1.35,3.5,1.5,250.0,269,-2234.35,0.862,30.48,2716.49,-0.82,40.28,29,72,-14.88
10,14,8,signal_cross,ema50,True,1.35,3.5,2.0,0.0,293,-2914.27,0.866,37.88,3774.58,-0.77,38.89,28,72,-15.98
10,14,8,signal_cross,ema50,True,1.35,3.5,2.0,200.0,229,-728.21,0.954,39.3,1999.82,-0.36,47.22,34,72,-7.34
10,14,8,signal_cross,ema50,True,1.35,3.5,2.0,250.0,250,-377.26,0.978,39.6,2379.65,-0.16,43.06,31,72,-3.26
10,14,8,signal_cross,ema50,True,1.35,3.5,2.5,0.0,270,-1745.97,0.923,44.44,3824.49,-0.46,43.06,31,72,-11.22
10,14,8,signal_cross,ema50,True,1.35,3.5,2.5,200.0,202,-1230.52,0.925,44.55,2515.68,-0.49,47.22,34,72,-10.72
10,14,8,signal_cross,ema50,True,1.35,3.5,2.5,250.0,214,-407.65,0.976,45.79,2484.29,-0.16,45.83,33,72,-3.66
10,14,8,signal_cross,ema50,True,1.35,4.0,1.5,0.0,297,-5530.86,0.723,25.59,5602.29,-0.99,31.94,23,72,-17.06
10,14,8,signal_cross,ema50,True,1.35,4.0,1.5,200.0,221,-2085.08,0.85,27.6,2401.92,-0.87,44.44,32,72,-16.07
10,14,8,signal_cross,ema50,True,1.35,4.0,1.5,250.0,243,-2894.68,0.813,26.75,2966.11,-0.98,38.89,28,72,-16.8
10,14,8,signal_cross,ema50,True,1.35,4.0,2.0,0.0,279,-3666.94,0.834,34.05,3856.43,-0.95,37.5,27,72,-18.47
10,14,8,signal_cross,ema50,True,1.35,4.0,2.0,200.0,198,357.71,1.025,37.88,1920.27,0.19,50.0,36,72,4.18
10,14,8,signal_cross,ema50,True,1.35,4.0,2.0,250.0,225,-985.93,0.941,36.0,2618.35,-0.38,43.06,31,72,-7.81
10,14,8,signal_cross,ema50,True,1.35,4.0,2.5,0.0,256,-2850.93,0.877,39.84,3962.68,-0.72,41.67,30,72,-16.55
10,14,8,signal_cross,ema50,True,1.35,4.0,2.5,200.0,177,-336.71,0.977,42.94,2162.13,-0.16,52.78,38,72,-3.73
10,14,8,signal_cross,ema50,True,1.35,4.0,2.5,250.0,204,-1853.5,0.895,40.2,3038.68,-0.61,45.83,33,72,-13.79
10,14,8,signal_cross,ema50,True,1.35,4.5,1.5,0.0,290,-5831.58,0.711,23.1,5938.0,-0.98,36.11,26,72,-19.43
10,14,8,signal_cross,ema50,True,1.35,4.5,1.5,200.0,222,-2248.5,0.843,25.23,2430.69,-0.93,43.06,31,72,-16.56
10,14,8,signal_cross,ema50,True,1.35,4.5,1.5,250.0,242,-2730.16,0.826,24.79,2836.58,-0.96,40.28,29,72,-17.06
10,14,8,signal_cross,ema50,True,1.35,4.5,2.0,0.0,272,-3744.82,0.833,31.25,3995.28,-0.94,36.11,26,72,-17.82
10,14,8,signal_cross,ema50,True,1.35,4.5,2.0,200.0,201,596.76,1.041,34.83,2277.52,0.26,48.61,35,72,6.33
10,14,8,signal_cross,ema50,True,1.35,4.5,2.0,250.0,221,-264.38,0.984,33.94,2683.11,-0.1,44.44,32,72,-2.23
10,14,8,signal_cross,ema50,True,1.35,4.5,2.5,0.0,251,-3379.85,0.859,36.25,4396.77,-0.77,43.06,31,72,-18.85
10,14,8,signal_cross,ema50,True,1.35,4.5,2.5,200.0,170,902.78,1.062,41.76,1933.37,0.47,54.17,39,72,11.81
10,14,8,signal_cross,ema50,True,1.35,4.5,2.5,250.0,201,-1870.74,0.896,37.31,2891.81,-0.65,45.83,33,72,-14.29
10,14,8,signal_cross,ema50,True,1.35,5.0,1.5,0.0,280,-5261.42,0.731,21.79,5402.82,-0.97,33.33,24,72,-17.44
10,14,8,signal_cross,ema50,True,1.35,5.0,1.5,200.0,212,-3525.9,0.757,22.17,3667.3,-0.96,37.5,27,72,-16.53
10,14,8,signal_cross,ema50,True,1.35,5.0,1.5,250.0,229,-3159.57,0.796,22.71,3300.97,-0.96,37.5,27,72,-16.42
10,14,8,signal_cross,ema50,True,1.35,5.0,2.0,0.0,259,-3126.2,0.854,29.73,3461.64,-0.9,43.06,31,72,-19.54
10,14,8,signal_cross,ema50,True,1.35,5.0,2.0,200.0,184,-951.54,0.935,32.07,2262.28,-0.42,48.61,35,72,-9.09
10,14,8,signal_cross,ema50,True,1.35,5.0,2.0,250.0,206,-732.59,0.955,32.04,2529.5,-0.29,47.22,34,72,-6.57
10,14,8,signal_cross,ema50,True,1.35,5.0,2.5,0.0,240,-3901.76,0.834,34.58,5451.19,-0.72,40.28,29,72,-17.75
10,14,8,signal_cross,ema50,True,1.35,5.0,2.5,200.0,157,397.8,1.028,40.13,3430.28,0.12,52.78,38,72,3.69
10,14,8,signal_cross,ema50,True,1.35,5.0,2.5,250.0,179,-803.29,0.951,37.99,3843.56,-0.21,50.0,36,72,-6.16
10,14,8,signal_cross,ema50,True,1.4,3.5,1.5,0.0,337,-3387.43,0.841,30.27,3700.81,-0.92,38.89,28,72,-18.21
10,14,8,signal_cross,ema50,True,1.4,3.5,1.5,200.0,246,-992.01,0.93,30.49,1880.57,-0.53,48.61,35,72,-10.34
10,14,8,signal_cross,ema50,True,1.4,3.5,1.5,250.0,278,-1219.78,0.924,30.58,2054.21,-0.59,43.06,31,72,-10.71
10,14,8,signal_cross,ema50,True,1.4,3.5,2.0,0.0,323,-1270.63,0.946,38.39,2083.16,-0.61,40.28,29,72,-10.61
10,14,8,signal_cross,ema50,True,1.4,3.5,2.0,200.0,234,-508.45,0.968,39.32,1883.06,-0.27,45.83,33,72,-5.2
10,14,8,signal_cross,ema50,True,1.4,3.5,2.0,250.0,253,-42.97,0.997,39.53,1791.59,-0.02,43.06,31,72,-0.44
10,14,8,signal_cross,ema50,True,1.4,3.5,2.5,0.0,294,-762.07,0.969,44.56,2781.78,-0.27,43.06,31,72,-6.03
10,14,8,signal_cross,ema50,True,1.4,3.5,2.5,200.0,203,-926.17,0.942,43.84,2187.36,-0.42,48.61,35,72,-9.07
10,14,8,signal_cross,ema50,True,1.4,3.5,2.5,250.0,215,-258.65,0.985,45.12,2166.87,-0.12,47.22,34,72,-2.58
10,14,8,signal_cross,ema50,True,1.4,4.0,1.5,0.0,326,-4580.56,0.791,26.38,4713.85,-0.97,31.94,23,72,-16.86
10,14,8,signal_cross,ema50,True,1.4,4.0,1.5,200.0,232,-1467.91,0.897,27.16,2813.33,-0.52,44.44,32,72,-11.03
10,14,8,signal_cross,ema50,True,1.4,4.0,1.5,250.0,253,-1768.54,0.885,26.88,2958.97,-0.6,40.28,29,72,-11.59
10,14,8,signal_cross,ema50,True,1.4,4.0,2.0,0.0,305,-1674.15,0.929,34.75,2761.83,-0.61,38.89,28,72,-11.51
10,14,8,signal_cross,ema50,True,1.4,4.0,2.0,200.0,205,712.02,1.05,37.56,1737.84,0.41,50.0,36,72,8.97
10,14,8,signal_cross,ema50,True,1.4,4.0,2.0,250.0,226,-524.61,0.968,36.28,2489.86,-0.21,43.06,31,72,-4.38
10,14,8,signal_cross,ema50,True,1.4,4.0,2.5,0.0,277,-1591.02,0.936,40.43,2371.56,-0.67,44.44,32,72,-13.59
10,14,8,signal_cross,ema50,True,1.4,4.0,2.5,200.0,182,566.29,1.038,43.41,2166.87,0.26,52.78,38,72,6.66
10,14,8,signal_cross,ema50,True,1.4,4.0,2.5,250.0,209,-508.44,0.971,41.63,2166.87,-0.23,47.22,34,72,-5.01
10,14,8,signal_cross,ema50,True,1.4,4.5,1.5,0.0,317,-3935.28,0.819,24.61,4119.03,-0.96,36.11,26,72,-18.13
10,14,8,signal_cross,ema50,True,1.4,4.5,1.5,200.0,236,-342.41,0.977,26.27,2299.51,-0.15,44.44,32,72,-3.1
10,14,8,signal_cross,ema50,True,1.4,4.5,1.5,250.0,254,-883.69,0.943,25.59,2709.04,-0.33,41.67,30,72,-6.67
10,14,8,signal_cross,ema50,True,1.4,4.5,2.0,0.0,296,-612.93,0.974,32.77,2329.79,-0.26,41.67,30,72,-5.15
10,14,8,signal_cross,ema50,True,1.4,4.5,2.0,200.0,205,2278.17,1.161,36.59,1737.84,1.31,54.17,39,72,34.37
10,14,8,signal_cross,ema50,True,1.4,4.5,2.0,250.0,228,433.37,1.026,34.21,2111.96,0.21,47.22,34,72,4.57
10,14,8,signal_cross,ema50,True,1.4,4.5,2.5,0.0,278,535.32,1.021,39.21,2659.75,0.2,47.22,34,72,5.0
10,14,8,signal_cross,ema50,True,1.4,4.5,2.5,200.0,178,3256.93,1.233,44.38,2166.87,1.5,58.33,42,72,50.32
10,14,8,signal_cross,ema50,True,1.4,4.5,2.5,250.0,207,870.13,1.05,40.58,2166.87,0.4,50.0,36,72,9.81
10,14,8,signal_cross,ema50,True,1.4,5.0,1.5,0.0,305,-3472.96,0.836,22.95,3707.16,-0.94,34.72,25,72,-16.56
10,14,8,signal_cross,ema50,True,1.4,5.0,1.5,200.0,221,-1605.26,0.89,23.08,2687.3,-0.6,40.28,29,72,-11.1
10,14,8,signal_cross,ema50,True,1.4,5.0,1.5,250.0,242,-1658.11,0.895,23.14,2821.68,-0.59,38.89,28,72,-10.86
10,14,8,signal_cross,ema50,True,1.4,5.0,2.0,0.0,286,-68.46,0.997,31.47,2112.42,-0.03,43.06,31,72,-0.64
10,14,8,signal_cross,ema50,True,1.4,5.0,2.0,200.0,192,1503.86,1.105,33.33,1737.84,0.87,50.0,36,72,19.93
10,14,8,signal_cross,ema50,True,1.4,5.0,2.0,250.0,213,1564.49,1.1,33.33,1737.84,0.9,47.22,34,72,19.49
10,14,8,signal_cross,ema50,True,1.4,5.0,2.5,0.0,269,-309.59,0.988,36.43,2621.7,-0.12,44.44,32,72,-2.65
10,14,8,signal_cross,ema50,True,1.4,5.0,2.5,200.0,169,3381.58,1.241,42.01,2464.97,1.37,56.94,41,72,48.13
10,14,8,signal_cross,ema50,True,1.4,5.0,2.5,250.0,192,2557.69,1.158,40.1,2464.97,1.04,52.78,38,72,31.49
10,14,8,signal_cross,ema50,False,1.5,3.5,1.5,0.0,815,1675.27,1.034,32.27,2574.18,0.65,36.11,26,72,12.33
10,14,8,signal_cross,ema50,False,1.5,3.5,1.5,200.0,429,3219.64,1.148,34.27,1352.41,2.38,56.94,41,72,57.23
10,14,8,signal_cross,ema50,False,1.5,3.5,1.5,250.0,470,2587.51,1.109,33.4,1713.75,1.51,52.78,38,72,36.59
10,14,8,signal_cross,ema50,False,1.5,3.5,2.0,0.0,696,3924.39,1.077,39.94,2548.67,1.54,43.06,31,72,36.05
10,14,8,signal_cross,ema50,False,1.5,3.5,2.0,200.0,337,3121.71,1.151,41.25,1746.83,1.79,58.33,42,72,50.15
10,14,8,signal_cross,ema50,False,1.5,3.5,2.0,250.0,368,3141.57,1.139,40.76,1746.83,1.8,54.17,39,72,46.38
10,14,8,signal_cross,ema50,False,1.5,3.5,2.5,0.0,572,-228.09,0.995,43.71,3200.92,-0.07,41.67,30,72,-1.67
10,14,8,signal_cross,ema50,False,1.5,3.5,2.5,200.0,256,4240.97,1.24,48.83,1794.27,2.36,62.5,45,72,77.59
10,14,8,signal_cross,ema50,False,1.5,3.5,2.5,250.0,301,3648.3,1.175,47.18,2602.79,1.4,59.72,43,72,50.18
10,14,8,signal_cross,ema50,False,1.5,4.0,1.5,0.0,763,292.53,1.006,28.7,4452.36,0.07,37.5,27,72,1.65
10,14,8,signal_cross,ema50,False,1.5,4.0,1.5,200.0,364,2440.64,1.121,31.32,3132.8,0.78,55.56,40,72,27.16
10,14,8,signal_cross,ema50,False,1.5,4.0,1.5,250.0,404,3088.29,1.14,31.68,3128.01,0.99,54.17,39,72,34.1
10,14,8,signal_cross,ema50,False,1.5,4.0,2.0,0.0,633,2177.92,1.043,35.86,2531.52,0.86,43.06,31,72,19.44
10,14,8,signal_cross,ema50,False,1.5,4.0,2.0,200.0,292,3468.66,1.178,38.7,1582.04,2.19,56.94,41,72,58.49
10,14,8,signal_cross,ema50,False,1.5,4.0,2.0,250.0,319,3925.07,1.187,39.18,1582.04,2.48,55.56,40,72,65.08
10,14,8,signal_cross,ema50,False,1.5,4.0,2.5,0.0,516,-2575.08,0.945,38.95,4019.44,-0.64,37.5,27,72,-14.39
10,14,8,signal_cross,ema50,False,1.5,4.0,2.5,200.0,217,4469.51,1.271,46.08,2621.95,1.7,61.11,44,72,67.8
10,14,8,signal_cross,ema50,False,1.5,4.0,2.5,250.0,261,3564.39,1.179,43.68,2621.95,1.36,56.94,41,72,46.73
10,14,8,signal_cross,ema50,False,1.5,4.5,1.5,0.0,748,3835.78,1.08,27.81,3330.8,1.15,41.67,30,72,29.91
10,14,8,signal_cross,ema50,False,1.5,4.5,1.5,200.0,299,4901.64,1.295,31.44,1842.04,2.66,59.72,43,72,88.32
10,14,8,signal_cross,ema50,False,1.5,4.5,1.5,250.0,353,5425.03,1.276,31.16,2383.14,2.28,55.56,40,72,78.78
10,14,8,signal_cross,ema50,False,1.5,4.5,2.0,0.0,598,1800.43,1.036,32.94,2977.65,0.6,43.06,31,72,14.72
10,14,8,signal_cross,ema50,False,1.5,4.5,2.0,200.0,270,5093.55,1.286,37.04,1509.71,3.37,61.11,44,72,103.02
10,14,8,signal_cross,ema50,False,1.5,4.5,2.0,250.0,312,4530.86,1.212,36.22,1717.1,2.64,54.17,39,72,71.79
10,14,8,signal_cross,ema50,False,1.5,4.5,2.5,0.0,497,-2122.86,0.958,35.81,3973.76,-0.53,31.94,23,72,-10.3
10,14,8,signal_cross,ema50,False,1.5,4.5,2.5,200.0,223,4844.56,1.277,42.6,2719.31,1.78,58.33,42,72,69.2
10,14,8,signal_cross,ema50,False,1.5,4.5,2.5,250.0,246,5768.89,1.303,43.09,2387.9,2.42,55.56,40,72,85.47
10,14,8,signal_cross,ema50,False,1.5,5.0,1.5,0.0,703,4120.15,1.089,25.89,3421.03,1.2,37.5,27,72,28.77
10,14,8,signal_cross,ema50,False,1.5,5.0,1.5,200.0,269,4410.11,1.283,29.37,1927.88,2.29,58.33,42,72,75.17
10,14,8,signal_cross,ema50,False,1.5,5.0,1.5,250.0,329,4824.65,1.256,28.88,2347.96,2.05,54.17,39,72,67.74
10,14,8,signal_cross,ema50,False,1.5,5.0,2.0,0.0,587,4777.79,1.096,31.52,2531.52,1.89,47.22,34,72,49.14
10,14,8,signal_cross,ema50,False,1.5,5.0,2.0,200.0,240,5238.77,1.32,35.83,1432.15,3.66,59.72,43,72,109.13
10,14,8,signal_cross,ema50,False,1.5,5.0,2.0,250.0,289,4712.2,1.238,34.6,1427.97,3.3,55.56,40,72,85.77
10,14,8,signal_cross,ema50,False,1.5,5.0,2.5,0.0,485,451.42,1.009,34.23,2934.23,0.15,38.89,28,72,3.27
10,14,8,signal_cross,ema50,False,1.5,5.0,2.5,200.0,191,4965.82,1.321,40.84,1839.44,2.7,61.11,44,72,93.47
10,14,8,signal_cross,ema50,False,1.5,5.0,2.5,250.0,244,7126.94,1.374,41.39,2239.93,3.18,55.56,40,72,114.96
10,14,8,signal_cross,none,True,1.35,3.5,1.5,0.0,459,-6703.48,0.77,28.32,7370.36,-0.91,33.33,24,72,-20.04
10,14,8,signal_cross,none,True,1.35,3.5,1.5,200.0,299,-2152.1,0.878,29.77,3849.94,-0.56,47.22,34,72,-14.38
10,14,8,signal_cross,none,True,1.35,3.5,1.5,250.0,324,-1552.25,0.917,30.56,3675.61,-0.42,45.83,33,72,-10.76
10,14,8,signal_cross,none,True,1.35,3.5,2.0,0.0,425,-5019.64,0.838,36.24,5937.4,-0.85,33.33,24,72,-18.2
10,14,8,signal_cross,none,True,1.35,3.5,2.0,200.0,260,-85.64,0.995,39.23,2117.26,-0.04,52.78,38,72,-0.98
10,14,8,signal_cross,none,True,1.35,3.5,2.0,250.0,283,973.51,1.053,40.28,1985.96,0.49,50.0,36,72,11.5
10,14,8,signal_cross,none,True,1.35,3.5,2.5,0.0,375,-5380.84,0.829,41.87,6488.23,-0.83,34.72,25,72,-19.23
10,14,8,signal_cross,none,True,1.35,3.5,2.5,200.0,221,740.63,1.044,46.61,2823.84,0.26,54.17,39,72,7.88
10,14,8,signal_cross,none,True,1.35,3.5,2.5,250.0,241,796.07,1.044,46.89,2915.8,0.27,51.39,37,72,7.91
10,14,8,signal_cross,none,True,1.35,4.0,1.5,0.0,433,-6234.89,0.781,26.33,6685.49,-0.93,33.33,24,72,-19.85
10,14,8,signal_cross,none,True,1.35,4.0,1.5,200.0,284,-2311.48,0.868,27.46,3489.77,-0.66,44.44,32,72,-15.09
10,14,8,signal_cross,none,True,1.35,4.0,1.5,250.0,300,-2472.45,0.866,27.67,3407.03,-0.73,43.06,31,72,-15.8
10,14,8,signal_cross,none,True,1.35,4.0,2.0,0.0,388,-6232.76,0.792,32.73,6934.15,-0.9,37.5,27,72,-22.23
10,14,8,signal_cross,none,True,1.35,4.0,2.0,200.0,225,-1402.06,0.916,35.56,2790.77,-0.5,50.0,36,72,-12.16
10,14,8,signal_cross,none,True,1.35,4.0,2.0,250.0,246,-2086.01,0.886,34.96,3177.48,-0.66,45.83,33,72,-15.03
10,14,8,signal_cross,none,True,1.35,4.0,2.5,0.0,357,-6992.99,0.783,37.82,7866.75,-0.89,29.17,21,72,-18.01
10,14,8,signal_cross,none,True,1.35,4.0,2.5,200.0,198,642.71,1.04,44.44,2359.89,0.27,54.17,39,72,7.45
10,14,8,signal_cross,none,True,1.35,4.0,2.5,250.0,226,-164.6,0.991,43.36,2809.64,-0.06,48.61,35,72,-1.5
10,14,8,signal_cross,none,True,1.35,4.5,1.5,0.0,423,-8245.15,0.72,22.46,8512.67,-0.97,27.78,20,72,-17.87
10,14,8,signal_cross,none,True,1.35,4.5,1.5,200.0,287,-3948.73,0.785,23.0,4892.32,-0.81,37.5,27,72,-16.62
10,14,8,signal_cross,none,True,1.35,4.5,1.5,250.0,302,-4226.18,0.782,23.18,5333.62,-0.79,34.72,25,72,-15.71
10,14,8,signal_cross,none,True,1.35,4.5,2.0,0.0,378,-6320.25,0.791,29.89,6846.8,-0.92,33.33,24,72,-20.14
10,14,8,signal_cross,none,True,1.35,4.5,2.0,200.0,239,-2757.52,0.85,30.96,4162.97,-0.66,44.44,32,72,-16.14
10,14,8,signal_cross,none,True,1.35,4.5,2.0,250.0,257,-2347.32,0.88,31.52,3916.62,-0.6,44.44,32,72,-14.67
10,14,8,signal_cross,none,True,1.35,4.5,2.5,0.0,341,-8524.36,0.738,33.72,9214.34,-0.93,27.78,20,72,-18.21
10,14,8,signal_cross,none,True,1.35,4.5,2.5,200.0,196,700.65,1.042,41.84,2193.37,0.32,54.17,39,72,8.44
10,14,8,signal_cross,none,True,1.35,4.5,2.5,250.0,218,113.02,1.006,40.83,2372.2,0.05,50.0,36,72,1.17
10,14,8,signal_cross,none,True,1.35,5.0,1.5,0.0,411,-6374.22,0.78,21.41,7280.77,-0.88,30.56,22,72,-17.81
10,14,8,signal_cross,none,True,1.35,5.0,1.5,200.0,264,-4111.93,0.766,20.83,5371.86,-0.77,37.5,27,72,-16.12
10,14,8,signal_cross,none,True,1.35,5.0,1.5,250.0,286,-4464.12,0.764,20.98,5586.08,-0.8,34.72,25,72,-15.84
10,14,8,signal_cross,none,True,1.35,5.0,2.0,0.0,370,-3941.63,0.869,29.46,5550.42,-0.71,36.11,26,72,-16.6
10,14,8,signal_cross,none,True,1.35,5.0,2.0,200.0,208,-586.44,0.964,31.25,2860.33,-0.21,50.0,36,72,-5.29
10,14,8,signal_cross,none,True,1.35,5.0,2.0,250.0,233,44.14,1.002,32.19,3039.23,0.01,48.61,35,72,0.39
10,14,8,signal_cross,none,True,1.35,5.0,2.5,0.0,335,-5768.14,0.824,33.43,6599.98,-0.87,36.11,26,72,-21.13
10,14,8,signal_cross,none,True,1.35,5.0,2.5,200.0,174,3605.2,1.251,43.1,1825.77,1.97,59.72,43,72,63.04
10,14,8,signal_cross,none,True,1.35,5.0,2.5,250.0,200,3547.2,1.216,42.0,1825.77,1.94,58.33,42,72,58.88
10,14,8,signal_cross,none,True,1.4,3.5,1.5,0.0,509,-7551.06,0.771,27.5,8501.54,-0.89,26.39,19,72,-16.66
10,14,8,signal_cross,none,True,1.4,3.5,1.5,200.0,326,-3288.96,0.829,28.22,4870.2,-0.68,41.67,30,72,-16.28
10,14,8,signal_cross,none,True,1.4,3.5,1.5,250.0,359,-3418.07,0.838,28.13,5283.43,-0.65,38.89,28,72,-15.33
10,14,8,signal_cross,none,True,1.4,3.5,2.0,0.0,457,-5301.33,0.847,35.89,6484.12,-0.82,34.72,25,72,-19.36
10,14,8,signal_cross,none,True,1.4,3.5,2.0,200.0,260,-1274.54,0.929,37.69,2771.42,-0.46,52.78,38,72,-11.87
10,14,8,signal_cross,none,True,1.4,3.5,2.0,250.0,285,-331.66,0.983,38.95,2651.0,-0.13,50.0,36,72,-3.17
10,14,8,signal_cross,none,True,1.4,3.5,2.5,0.0,408,-4490.54,0.871,42.65,5940.32,-0.76,33.33,24,72,-16.91
10,14,8,signal_cross,none,True,1.4,3.5,2.5,200.0,229,-262.71,0.985,44.54,3063.1,-0.09,51.39,37,72,-2.4
10,14,8,signal_cross,none,True,1.4,3.5,2.5,250.0,246,147.57,1.008,45.53,3574.04,0.04,50.0,36,72,1.24
10,14,8,signal_cross,none,True,1.4,4.0,1.5,0.0,482,-7986.87,0.757,25.31,8499.33,-0.94,29.17,21,72,-19.13
10,14,8,signal_cross,none,True,1.4,4.0,1.5,200.0,292,-2052.4,0.882,27.05,3498.87,-0.59,47.22,34,72,-14.45
10,14,8,signal_cross,none,True,1.4,4.0,1.5,250.0,325,-3559.49,0.823,26.15,4758.23,-0.75,41.67,30,72,-17.7
10,14,8,signal_cross,none,True,1.4,4.0,2.0,0.0,419,-5439.59,0.837,32.94,6184.27,-0.88,31.94,23,72,-18.49
10,14,8,signal_cross,none,True,1.4,4.0,2.0,200.0,221,-1644.94,0.901,34.84,3216.83,-0.51,48.61,35,72,-12.7
10,14,8,signal_cross,none,True,1.4,4.0,2.0,250.0,250,-2885.4,0.849,34.0,3976.87,-0.73,41.67,30,72,-16.19
10,14,8,signal_cross,none,True,1.4,4.0,2.5,0.0,383,-4095.84,0.882,39.69,5222.64,-0.78,31.94,23,72,-15.97
10,14,8,signal_cross,none,True,1.4,4.0,2.5,200.0,189,653.94,1.042,43.92,2439.02,0.27,54.17,39,72,7.47
10,14,8,signal_cross,none,True,1.4,4.0,2.5,250.0,226,-491.64,0.974,42.04,3022.42,-0.16,47.22,34,72,-4.11
10,14,8,signal_cross,none,True,1.4,4.5,1.5,0.0,479,-8565.08,0.747,22.34,8909.93,-0.96,25.0,18,72,-16.95
10,14,8,signal_cross,none,True,1.4,4.5,1.5,200.0,292,-1950.87,0.89,24.32,3594.07,-0.54,44.44,32,72,-12.87
10,14,8,signal_cross,none,True,1.4,4.5,1.5,250.0,313,-2727.81,0.86,23.96,4430.08,-0.62,41.67,30,72,-14.69
10,14,8,signal_cross,none,True,1.4,4.5,2.0,0.0,404,-6917.16,0.796,29.95,7502.47,-0.92,29.17,21,72,-18.54
10,14,8,signal_cross,none,True,1.4,4.5,2.0,200.0,228,-800.66,0.953,32.46,2557.61,-0.31,50.0,36,72,-7.54
10,14,8,signal_cross,none,True,1.4,4.5,2.0,250.0,250,-1666.23,0.913,32.0,3375.33,-0.49,44.44,32,72,-11.64
10,14,8,signal_cross,none,True,1.4,4.5,2.5,0.0,368,-4667.05,0.865,36.68,5493.15,-0.85,31.94,23,72,-17.4
10,14,8,signal_cross,none,True,1.4,4.5,2.5,200.0,190,1944.66,1.126,42.63,1888.98,1.03,55.56,40,72,27.99
10,14,8,signal_cross,none,True,1.4,4.5,2.5,250.0,218,2089.27,1.119,42.2,1888.98,1.11,52.78,38,72,28.39
10,14,8,signal_cross,none,True,1.4,5.0,1.5,0.0,465,-6541.03,0.803,21.08,6993.79,-0.94,29.17,21,72,-18.32
10,14,8,signal_cross,none,True,1.4,5.0,1.5,200.0,277,-2831.76,0.841,21.66,4152.19,-0.68,40.28,29,72,-14.89
10,14,8,signal_cross,none,True,1.4,5.0,1.5,250.0,292,-2228.02,0.88,22.6,3638.54,-0.61,40.28,29,72,-13.09
10,14,8,signal_cross,none,True,1.4,5.0,2.0,0.0,400,-4767.65,0.862,28.75,5547.49,-0.86,33.33,24,72,-18.39
10,14,8,signal_cross,none,True,1.4,5.0,2.0,200.0,198,1709.21,1.115,33.33,1960.58,0.87,55.56,40,72,23.91
10,14,8,signal_cross,none,True,1.4,5.0,2.0,250.0,231,704.55,1.04,32.03,2287.45,0.31,51.39,37,72,7.87
10,14,8,signal_cross,none,True,1.4,5.0,2.5,0.0,363,-2129.75,0.94,35.54,3468.58,-0.61,37.5,27,72,-12.75
10,14,8,signal_cross,none,True,1.4,5.0,2.5,200.0,169,5713.75,1.436,45.56,1888.98,3.02,63.89,46,72,120.61
10,14,8,signal_cross,none,True,1.4,5.0,2.5,250.0,203,3229.09,1.19,40.89,1888.98,1.71,56.94,41,72,50.34
10,14,8,signal_cross,none,False,1.5,3.5,1.5,0.0,860,-7331.59,0.865,27.67,10363.34,-0.71,16.67,12,72,-10.38
10,14,8,signal_cross,none,False,1.5,3.5,1.5,200.0,409,-3048.41,0.873,28.12,6582.52,-0.46,43.06,31,72,-14.12
10,14,8,signal_cross,none,False,1.5,3.5,1.5,250.0,435,-3825.67,0.852,27.82,6045.36,-0.63,38.89,28,72,-16.3
10,14,8,signal_cross,none,False,1.5,3.5,2.0,0.0,714,-12223.67,0.79,32.49,13523.45,-0.9,13.89,10,72,-11.53
10,14,8,signal_cross,none,False,1.5,3.5,2.0,200.0,313,-232.2,0.989,37.38,5408.95,-0.04,50.0,36,72,-1.56
10,14,8,signal_cross,none,False,1.5,3.5,2.0,250.0,348,62.53,1.003,37.64,5974.7,0.01,47.22,34,72,0.38
10,14,8,signal_cross,none,False,1.5,3.5,2.5,0.0,679,-1706.38,0.972,42.42,7346.69,-0.23,29.17,21,72,-5.64
10,14,8,signal_cross,none,False,1.5,3.5,2.5,200.0,230,2482.51,1.145,44.78,4039.67,0.61,56.94,41,72,25.46
10,14,8,signal_cross,none,False,1.5,3.5,2.5,250.0,270,1383.76,1.067,42.96,4521.08,0.31,51.39,37,72,11.28
10,14,8,signal_cross,none,False,1.5,4.0,1.5,0.0,839,-292.52,0.995,26.7,7808.65,-0.04,25.0,18,72,-0.82
10,14,8,signal_cross,none,False,1.5,4.0,1.5,200.0,390,-2791.93,0.881,25.64,6139.07,-0.45,44.44,32,72,-13.95
10,14,8,signal_cross,none,False,1.5,4.0,1.5,250.0,438,-2005.47,0.925,26.71,5644.52,-0.36,41.67,30,72,-10.29
10,14,8,signal_cross,none,False,1.5,4.0,2.0,0.0,704,-5226.27,0.913,32.1,10329.86,-0.51,25.0,18,72,-11.74
10,14,8,signal_cross,none,False,1.5,4.0,2.0,200.0,304,-120.95,0.995,35.2,3460.32,-0.03,50.0,36,72,-1.02
10,14,8,signal_cross,none,False,1.5,4.0,2.0,250.0,328,-218.53,0.991,35.06,4359.31,-0.05,47.22,34,72,-1.55
10,14,8,signal_cross,none,False,1.5,4.0,2.5,0.0,575,1903.05,1.036,39.83,5190.43,0.37,30.56,22,72,8.36
10,14,8,signal_cross,none,False,1.5,4.0,2.5,200.0,209,293.3,1.016,38.28,4928.89,0.06,50.0,36,72,2.12
10,14,8,signal_cross,none,False,1.5,4.0,2.5,250.0,242,1658.48,1.084,40.08,4088.27,0.41,50.0,36,72,14.06
10,14,8,signal_cross,none,False,1.5,4.5,1.5,0.0,776,-3354.67,0.935,23.2,7928.67,-0.42,25.0,18,72,-8.81
10,14,8,signal_cross,none,False,1.5,4.5,1.5,200.0,375,407.15,1.018,25.07,4492.09,0.09,48.61,35,72,3.01
10,14,8,signal_cross,none,False,1.5,4.5,1.5,250.0,424,-720.19,0.973,24.53,5818.25,-0.12,43.06,31,72,-3.96
10,14,8,signal_cross,none,False,1.5,4.5,2.0,0.0,595,-5038.34,0.903,29.08,8212.6,-0.61,19.44,14,72,-9.76
10,14,8,signal_cross,none,False,1.5,4.5,2.0,200.0,225,1617.7,1.097,33.78,2770.04,0.58,55.56,40,72,18.73
10,14,8,signal_cross,none,False,1.5,4.5,2.0,250.0,280,116.55,1.005,32.5,3954.13,0.03,47.22,34,72,0.88
10,14,8,signal_cross,none,False,1.5,4.5,2.5,0.0,511,1765.15,1.036,36.99,4386.19,0.4,27.78,20,72,7.67
10,14,8,signal_cross,none,False,1.5,4.5,2.5,200.0,187,2344.32,1.148,37.97,4002.05,0.59,51.39,37,72,21.86
10,14,8,signal_cross,none,False,1.5,4.5,2.5,250.0,209,2250.68,1.127,37.8,4679.38,0.48,48.61,35,72,18.02
10,14,8,signal_cross,none,False,1.5,5.0,1.5,0.0,767,-5777.23,0.892,21.12,9411.93,-0.61,22.22,16,72,-11.8
10,14,8,signal_cross,none,False,1.5,5.0,1.5,200.0,317,1690.75,1.088,24.61,3979.68,0.42,52.78,38,72,15.39
10,14,8,signal_cross,none,False,1.5,5.0,1.5,250.0,368,1260.54,1.055,24.18,3816.33,0.33,47.22,34,72,10.17
10,14,8,signal_cross,none,False,1.5,5.0,2.0,0.0,554,-10299.56,0.792,25.45,10916.0,-0.94,22.22,16,72,-17.35
10,14,8,signal_cross,none,False,1.5,5.0,2.0,200.0,211,1038.36,1.064,31.28,2203.03,0.47,51.39,37,72,12.1
10,14,8,signal_cross,none,False,1.5,5.0,2.0,250.0,236,1849.44,1.102,32.2,2203.03,0.84,51.39,37,72,22.31
10,14,8,signal_cross,none,False,1.5,5.0,2.5,0.0,480,-1980.4,0.959,33.96,3612.79,-0.55,30.56,22,72,-9.66
10,14,8,signal_cross,none,False,1.5,5.0,2.5,200.0,183,2338.47,1.149,36.07,2075.92,1.13,52.78,38,72,31.13
10,14,8,signal_cross,none,False,1.5,5.0,2.5,250.0,202,1984.77,1.111,36.14,2485.65,0.8,50.0,36,72,22.11
10,14,8,inflection_or_zero,ema200,True,1.35,3.5,1.5,0.0,330,-3062.5,0.854,28.18,4044.45,-0.76,43.06,31,72,-17.71
10,14,8,inflection_or_zero,ema200,True,1.35,3.5,1.5,200.0,256,-936.77,0.936,29.3,2354.59,-0.4,50.0,36,72,-9.03
10,14,8,inflection_or_zero,ema200,True,1.35,3.5,1.5,250.0,286,-2375.04,0.862,28.67,3193.04,-0.74,44.44,32,72,-16.1
10,14,8,inflection_or_zero,ema200,True,1.35,3.5,2.0,0.0,307,-2465.68,0.892,34.85,3628.46,-0.68,38.89,28,72,-14.2
10,14,8,inflection_or_zero,ema200,True,1.35,3.5,2.0,200.0,229,-984.55,0.938,36.24,2675.26,-0.37,47.22,34,72,-8.43
10,14,8,inflection_or_zero,ema200,True,1.35,3.5,2.0,250.0,270,-2722.48,0.858,34.07,3753.55,-0.73,40.28,29,72,-15.36
10,14,8,inflection_or_zero,ema200,True,1.35,3.5,2.5,0.0,289,-631.46,0.973,42.56,2908.08,-0.22,47.22,34,72,-5.38
10,14,8,inflection_or_zero,ema200,True,1.35,3.5,2.5,200.0,208,1465.39,1.099,44.71,1738.35,0.84,54.17,39,72,20.92
10,14,8,inflection_or_zero,ema200,True,1.35,3.5,2.5,250.0,244,377.81,1.021,43.44,2646.57,0.14,48.61,35,72,3.64
10,14,8,inflection_or_zero,ema200,True,1.35,4.0,1.5,0.0,320,-1983.47,0.906,26.25,3292.75,-0.6,40.28,29,72,-12.61
10,14,8,inflection_or_zero,ema200,True,1.35,4.0,1.5,200.0,241,-623.74,0.956,26.14,2413.44,-0.26,47.22,34,72,-5.73
10,14,8,inflection_or_zero,ema200,True,1.35,4.0,1.5,250.0,253,-330.67,0.978,26.88,2120.37,-0.16,45.83,33,72,-3.22
10,14,8,inflection_or_zero,ema200,True,1.35,4.0,2.0,0.0,297,-889.78,0.961,33.0,3300.36,-0.27,40.28,29,72,-6.0
10,14,8,inflection_or_zero,ema200,True,1.35,4.0,2.0,200.0,222,173.81,1.011,34.23,2506.47,0.07,48.61,35,72,1.71
10,14,8,inflection_or_zero,ema200,True,1.35,4.0,2.0,250.0,231,451.02,1.028,34.63,2506.47,0.18,47.22,34,72,4.37
10,14,8,inflection_or_zero,ema200,True,1.35,4.0,2.5,0.0,277,1015.14,1.043,40.43,2436.91,0.42,50.0,36,72,10.72
10,14,8,inflection_or_zero,ema200,True,1.35,4.0,2.5,200.0,188,1892.49,1.133,42.02,2000.01,0.95,54.17,39,72,25.97
10,14,8,inflection_or_zero,ema200,True,1.35,4.0,2.5,250.0,208,2346.47,1.152,42.31,2000.01,1.17,54.17,39,72,32.74
10,14,8,inflection_or_zero,ema200,True,1.35,4.5,1.5,0.0,304,-1815.39,0.907,25.0,2482.07,-0.73,40.28,29,72,-13.31
10,14,8,inflection_or_zero,ema200,True,1.35,4.5,1.5,200.0,219,-1443.12,0.896,24.66,2219.22,-0.65,44.44,32,72,-12.2
10,14,8,inflection_or_zero,ema200,True,1.35,4.5,1.5,250.0,244,-1042.44,0.931,25.41,2513.99,-0.41,44.44,32,72,-8.6
10,14,8,inflection_or_zero,ema200,True,1.35,4.5,2.0,0.0,285,-1628.5,0.927,30.88,3402.31,-0.48,40.28,29,72,-10.42
10,14,8,inflection_or_zero,ema200,True,1.35,4.5,2.0,200.0,194,-15.64,0.999,32.47,2671.76,-0.01,48.61,35,72,-0.15
10,14,8,inflection_or_zero,ema200,True,1.35,4.5,2.0,250.0,219,-53.38,0.997,32.42,2767.81,-0.02,44.44,32,72,-0.45
10,14,8,inflection_or_zero,ema200,True,1.35,4.5,2.5,0.0,257,-908.62,0.961,36.19,2586.12,-0.35,43.06,31,72,-7.39
10,14,8,inflection_or_zero,ema200,True,1.35,4.5,2.5,200.0,171,526.97,1.037,38.01,2420.91,0.22,51.39,37,72,5.71
10,14,8,inflection_or_zero,ema200,True,1.35,4.5,2.5,250.0,196,941.49,1.059,38.78,2541.11,0.37,47.22,34,72,9.34
10,14,8,inflection_or_zero,ema200,True,1.35,5.0,1.5,0.0,298,-1419.11,0.928,23.49,2324.22,-0.61,38.89,28,72,-10.62
10,14,8,inflection_or_zero,ema200,True,1.35,5.0,1.5,200.0,206,-832.23,0.938,23.79,2007.05,-0.41,44.44,32,72,-7.74
10,14,8,inflection_or_zero,ema200,True,1.35,5.0,1.5,250.0,228,-846.71,0.942,23.68,2301.82,-0.37,43.06,31,72,-7.16
10,14,8,inflection_or_zero,ema200,True,1.35,5.0,2.0,0.0,278,-1799.0,0.921,28.42,3134.12,-0.57,43.06,31,72,-12.74
10,14,8,inflection_or_zero,ema200,True,1.35,5.0,2.0,200.0,180,920.69,1.066,31.67,2551.1,0.36,52.78,38,72,10.26
10,14,8,inflection_or_zero,ema200,True,1.35,5.0,2.0,250.0,211,209.65,1.013,30.33,2671.85,0.08,48.61,35,72,2.0
10,14,8,inflection_or_zero,ema200,True,1.35,5.0,2.5,0.0,247,-1936.6,0.917,33.6,3474.49,-0.56,41.67,30,72,-12.55
10,14,8,inflection_or_zero,ema200,True,1.35,5.0,2.5,200.0,161,1159.64,1.082,37.89,3360.18,0.35,52.78,38,72,11.42
10,14,8,inflection_or_zero,ema200,True,1.35,5.0,2.5,250.0,188,-165.19,0.99,35.64,3468.76,-0.05,45.83,33,72,-1.27
10,14,8,inflection_or_zero,ema200,True,1.4,3.5,1.5,0.0,340,-3637.94,0.833,27.94,4566.05,-0.8,41.67,30,72,-18.69
10,14,8,inflection_or_zero,ema200,True,1.4,3.5,1.5,200.0,261,-1235.4,0.918,29.12,2599.38,-0.48,48.61,35,72,-10.81
10,14,8,inflection_or_zero,ema200,True,1.4,3.5,1.5,250.0,294,-3187.06,0.823,27.89,3951.22,-0.81,43.06,31,72,-17.97
10,14,8,inflection_or_zero,ema200,True,1.4,3.5,2.0,0.0,313,-2143.4,0.908,35.46,3289.56,-0.65,43.06,31,72,-14.61
10,14,8,inflection_or_zero,ema200,True,1.4,3.5,2.0,200.0,227,-1059.1,0.933,36.12,2675.26,-0.4,48.61,35,72,-9.29
10,14,8,inflection_or_zero,ema200,True,1.4,3.5,2.0,250.0,267,-2217.72,0.884,35.21,3447.98,-0.64,44.44,32,72,-14.84
10,14,8,inflection_or_zero,ema200,True,1.4,3.5,2.5,0.0,291,-656.35,0.973,42.61,2692.61,-0.24,48.61,35,72,-5.98
10,14,8,inflection_or_zero,ema200,True,1.4,3.5,2.5,200.0,200,1131.7,1.077,44.5,2143.18,0.53,55.56,40,72,14.63
10,14,8,inflection_or_zero,ema200,True,1.4,3.5,2.5,250.0,243,-328.52,0.983,42.8,2646.57,-0.12,50.0,36,72,-3.14
10,14,8,inflection_or_zero,ema200,True,1.4,4.0,1.5,0.0,331,-2584.48,0.882,25.98,3839.92,-0.67,40.28,29,72,-14.82
10,14,8,inflection_or_zero,ema200,True,1.4,4.0,1.5,200.0,249,-1168.35,0.922,25.7,2904.21,-0.4,47.22,34,72,-9.44
10,14,8,inflection_or_zero,ema200,True,1.4,4.0,1.5,250.0,260,-1087.98,0.931,26.15,2823.84,-0.39,44.44,32,72,-8.47
10,14,8,inflection_or_zero,ema200,True,1.4,4.0,2.0,0.0,304,-538.43,0.977,33.55,3053.67,-0.18,43.06,31,72,-4.1
10,14,8,inflection_or_zero,ema200,True,1.4,4.0,2.0,200.0,221,32.99,1.002,33.94,2506.47,0.01,50.0,36,72,0.33
10,14,8,inflection_or_zero,ema200,True,1.4,4.0,2.0,250.0,229,319.93,1.02,34.5,2506.47,0.13,48.61,35,72,3.17
10,14,8,inflection_or_zero,ema200,True,1.4,4.0,2.5,0.0,281,1088.91,1.045,40.57,2190.22,0.5,50.0,36,72,12.16
10,14,8,inflection_or_zero,ema200,True,1.4,4.0,2.5,200.0,183,1675.29,1.118,41.53,2000.01,0.84,55.56,40,72,23.27
10,14,8,inflection_or_zero,ema200,True,1.4,4.0,2.5,250.0,200,2323.4,1.153,42.5,2000.01,1.16,55.56,40,72,33.28
10,14,8,inflection_or_zero,ema200,True,1.4,4.5,1.5,0.0,316,-2127.35,0.896,25.0,2616.53,-0.81,40.28,29,72,-15.01
10,14,8,inflection_or_zero,ema200,True,1.4,4.5,1.5,200.0,231,-1388.08,0.905,25.11,2219.22,-0.63,45.83,33,72,-12.22
10,14,8,inflection_or_zero,ema200,True,1.4,4.5,1.5,250.0,253,-1230.32,0.922,25.3,2610.76,-0.47,44.44,32,72,-9.87
10,14,8,inflection_or_zero,ema200,True,1.4,4.5,2.0,0.0,291,-1403.87,0.939,31.27,3124.39,-0.45,41.67,30,72,-9.83
10,14,8,inflection_or_zero,ema200,True,1.4,4.5,2.0,200.0,195,163.4,1.011,32.82,2671.76,0.06,50.0,36,72,1.6
10,14,8,inflection_or_zero,ema200,True,1.4,4.5,2.0,250.0,218,76.32,1.005,32.57,2767.81,0.03,45.83,33,72,0.67
10,14,8,inflection_or_zero,ema200,True,1.4,4.5,2.5,0.0,260,-1013.07,0.957,36.15,2748.9,-0.37,44.44,32,72,-8.22
10,14,8,inflection_or_zero,ema200,True,1.4,4.5,2.5,200.0,167,711.08,1.05,38.32,2420.91,0.29,52.78,38,72,8.01
10,14,8,inflection_or_zero,ema200,True,1.4,4.5,2.5,250.0,189,696.7,1.044,38.1,2541.11,0.27,48.61,35,72,7.01
10,14,8,inflection_or_zero,ema200,True,1.4,5.0,1.5,0.0,310,-1893.03,0.908,23.23,2601.93,-0.73,38.89,28,72,-13.1
10,14,8,inflection_or_zero,ema200,True,1.4,5.0,1.5,200.0,222,-2215.88,0.85,22.07,2434.9,-0.91,41.67,30,72,-15.91
10,14,8,inflection_or_zero,ema200,True,1.4,5.0,1.5,250.0,242,-1154.18,0.925,23.55,2398.59,-0.48,43.06,31,72,-9.39
10,14,8,inflection_or_zero,ema200,True,1.4,5.0,2.0,0.0,285,-1559.05,0.933,28.77,3434.71,-0.45,43.06,31,72,-10.69
10,14,8,inflection_or_zero,ema200,True,1.4,5.0,2.0,200.0,191,478.88,1.032,30.89,2551.1,0.19,51.39,37,72,5.03
10,14,8,inflection_or_zero,ema200,True,1.4,5.0,2.0,250.0,216,-52.04,0.997,30.09,2713.08,-0.02,48.61,35,72,-0.48
10,14,8,inflection_or_zero,ema200,True,1.4,5.0,2.5,0.0,247,-2588.56,0.891,32.79,3443.08,-0.75,40.28,29,72,-15.83
10,14,8,inflection_or_zero,ema200,True,1.4,5.0,2.5,200.0,162,-229.86,0.985,35.19,3360.18,-0.07,50.0,36,72,-1.95
10,14,8,inflection_or_zero,ema200,True,1.4,5.0,2.5,250.0,185,-1124.78,0.934,34.05,3463.08,-0.32,44.44,32,72,-7.93
10,14,8,inflection_or_zero,ema200,False,1.5,3.5,1.5,0.0,639,-8035.87,0.806,27.54,8265.29,-0.97,29.17,21,72,-20.78
10,14,8,inflection_or_zero,ema200,False,1.5,3.5,1.5,200.0,356,-2639.33,0.871,27.81,4211.63,-0.63,45.83,33,72,-16.23
10,14,8,inflection_or_zero,ema200,False,1.5,3.5,1.5,250.0,417,-2249.29,0.904,28.3,3645.84,-0.62,43.06,31,72,-14.5
10,14,8,inflection_or_zero,ema200,False,1.5,3.5,2.0,0.0,541,-8056.15,0.81,33.46,8330.57,-0.97,27.78,20,72,-19.86
10,14,8,inflection_or_zero,ema200,False,1.5,3.5,2.0,200.0,290,-1123.83,0.943,34.83,5096.43,-0.22,48.61,35,72,-7.22
10,14,8,inflection_or_zero,ema200,False,1.5,3.5,2.0,250.0,326,-2274.72,0.899,33.74,5188.42,-0.44,43.06,31,72,-12.22
10,14,8,inflection_or_zero,ema200,False,1.5,3.5,2.5,0.0,461,-1740.51,0.958,40.35,6013.64,-0.29,31.94,23,72,-6.87
10,14,8,inflection_or_zero,ema200,False,1.5,3.5,2.5,200.0,220,506.32,1.031,41.36,3271.62,0.15,52.78,38,72,4.82
10,14,8,inflection_or_zero,ema200,False,1.5,3.5,2.5,250.0,241,57.52,1.003,41.49,2181.17,0.03,48.61,35,72,0.6
10,14,8,inflection_or_zero,ema200,False,1.5,4.0,1.5,0.0,629,-6176.81,0.854,26.07,6452.41,-0.96,30.56,22,72,-20.07
10,14,8,inflection_or_zero,ema200,False,1.5,4.0,1.5,200.0,330,-2055.54,0.895,25.76,3587.36,-0.57,44.44,32,72,-13.65
10,14,8,inflection_or_zero,ema200,False,1.5,4.0,1.5,250.0,386,-1549.01,0.931,26.68,3457.85,-0.45,43.06,31,72,-10.56
10,14,8,inflection_or_zero,ema200,False,1.5,4.0,2.0,0.0,521,-4839.46,0.884,32.44,5218.37,-0.93,31.94,23,72,-18.92
10,14,8,inflection_or_zero,ema200,False,1.5,4.0,2.0,200.0,264,-1321.79,0.931,31.82,4612.1,-0.29,47.22,34,72,-8.56
10,14,8,inflection_or_zero,ema200,False,1.5,4.0,2.0,250.0,294,-205.4,0.99,33.33,4441.39,-0.05,47.22,34,72,-1.44
10,14,8,inflection_or_zero,ema200,False,1.5,4.0,2.5,0.0,445,-51.55,0.999,39.33,4861.22,-0.01,37.5,27,72,-0.28
10,14,8,inflection_or_zero,ema200,False,1.5,4.0,2.5,200.0,217,-1719.6,0.905,35.94,3908.6,-0.44,45.83,33,72,-11.41
10,14,8,inflection_or_zero,ema200,False,1.5,4.0,2.5,250.0,239,-853.14,0.956,37.24,3592.86,-0.24,45.83,33,72,-6.24
10,14,8,inflection_or_zero,ema200,False,1.5,4.5,1.5,0.0,619,-3061.57,0.926,25.36,4047.77,-0.76,33.33,24,72,-14.85
10,14,8,inflection_or_zero,ema200,False,1.5,4.5,1.5,200.0,314,-2092.37,0.891,24.2,2972.49,-0.7,43.06,31,72,-14.72
10,14,8,inflection_or_zero,ema200,False,1.5,4.5,1.5,250.0,353,-749.36,0.964,25.21,2828.44,-0.26,41.67,30,72,-5.66
10,14,8,inflection_or_zero,ema200,False,1.5,4.5,2.0,0.0,512,-4663.89,0.889,30.08,5522.86,-0.84,30.56,22,72,-17.05
10,14,8,inflection_or_zero,ema200,False,1.5,4.5,2.0,200.0,250,-862.84,0.953,30.0,3556.72,-0.24,47.22,34,72,-6.51
10,14,8,inflection_or_zero,ema200,False,1.5,4.5,2.0,250.0,279,-558.61,0.973,30.47,3184.2,-0.18,44.44,32,72,-4.28
10,14,8,inflection_or_zero,ema200,False,1.5,4.5,2.5,0.0,417,68.51,1.002,36.45,5046.21,0.01,33.33,24,72,0.32
10,14,8,inflection_or_zero,ema200,False,1.5,4.5,2.5,200.0,196,-1686.14,0.902,33.67,3786.67,-0.45,44.44,32,72,-10.98
10,14,8,inflection_or_zero,ema200,False,1.5,4.5,2.5,250.0,222,-1553.64,0.92,34.23,2973.59,-0.52,41.67,30,72,-10.92
10,14,8,inflection_or_zero,ema200,False,1.5,5.0,1.5,0.0,588,-3219.17,0.92,23.64,4456.87,-0.72,31.94,23,72,-14.17
10,14,8,inflection_or_zero,ema200,False,1.5,5.0,1.5,200.0,316,-1590.21,0.919,22.47,2649.69,-0.6,44.44,32,72,-12.62
10,14,8,inflection_or_zero,ema200,False,1.5,5.0,1.5,250.0,345,-1818.54,0.914,22.61,3011.92,-0.6,41.67,30,72,-12.62
10,14,8,inflection_or_zero,ema200,False,1.5,5.0,2.0,0.0,498,-3706.5,0.912,28.92,5655.74,-0.66,33.33,24,72,-14.98
10,14,8,inflection_or_zero,ema200,False,1.5,5.0,2.0,200.0,244,-899.73,0.952,27.46,2989.19,-0.3,47.22,34,72,-7.4
10,14,8,inflection_or_zero,ema200,False,1.5,5.0,2.0,250.0,269,-221.48,0.989,28.25,2571.86,-0.09,45.83,33,72,-1.98
10,14,8,inflection_or_zero,ema200,False,1.5,5.0,2.5,0.0,407,582.49,1.014,34.4,4980.96,0.12,33.33,24,72,2.79
10,14,8,inflection_or_zero,ema200,False,1.5,5.0,2.5,200.0,190,-1894.08,0.89,31.05,3342.01,-0.57,45.83,33,72,-13.36
10,14,8,inflection_or_zero,ema200,False,1.5,5.0,2.5,250.0,216,-2523.91,0.872,31.02,3682.94,-0.69,41.67,30,72,-15.11
10,14,8,inflection_or_zero,ema50,True,1.35,3.5,1.5,0.0,350,-4035.14,0.821,27.71,4949.13,-0.82,44.44,32,72,-20.93
10,14,8,inflection_or_zero,ema50,True,1.35,3.5,1.5,200.0,265,-567.82,0.962,30.57,1750.39,-0.32,51.39,37,72,-6.71
10,14,8,inflection_or_zero,ema50,True,1.35,3.5,1.5,250.0,302,-2456.08,0.862,28.81,3038.61,-0.81,47.22,34,72,-18.14
10,14,8,inflection_or_zero,ema50,True,1.35,3.5,2.0,0.0,318,-3071.11,0.873,34.28,4091.3,-0.75,37.5,27,72,-15.72
10,14,8,inflection_or_zero,ema50,True,1.35,3.5,2.0,200.0,239,-1195.28,0.928,35.56,3065.58,-0.39,45.83,33,72,-9.18
10,14,8,inflection_or_zero,ema50,True,1.35,3.5,2.0,250.0,271,-1680.41,0.911,35.06,3305.4,-0.51,43.06,31,72,-11.47
10,14,8,inflection_or_zero,ema50,True,1.35,3.5,2.5,0.0,300,-2383.32,0.907,41.0,4013.44,-0.59,40.28,29,72,-13.74
10,14,8,inflection_or_zero,ema50,True,1.35,3.5,2.5,200.0,220,393.61,1.024,43.18,2359.36,0.17,54.17,39,72,4.49
10,14,8,inflection_or_zero,ema50,True,1.35,3.5,2.5,250.0,251,118.51,1.006,42.63,2954.06,0.04,47.22,34,72,1.04
10,14,8,inflection_or_zero,ema50,True,1.35,4.0,1.5,0.0,341,-2475.5,0.89,26.39,3622.09,-0.68,43.06,31,72,-15.76
10,14,8,inflection_or_zero,ema50,True,1.35,4.0,1.5,200.0,254,690.56,1.047,29.13,1403.76,0.49,51.39,37,72,9.92
10,14,8,inflection_or_zero,ema50,True,1.35,4.0,1.5,250.0,278,-401.67,0.975,27.7,1959.99,-0.2,48.61,35,72,-4.3
10,14,8,inflection_or_zero,ema50,True,1.35,4.0,2.0,0.0,312,-1309.49,0.946,32.69,3083.91,-0.42,37.5,27,72,-8.37
10,14,8,inflection_or_zero,ema50,True,1.35,4.0,2.0,200.0,221,981.5,1.064,34.84,2087.74,0.47,50.0,36,72,11.43
10,14,8,inflection_or_zero,ema50,True,1.35,4.0,2.0,250.0,240,197.06,1.012,33.75,2438.94,0.08,45.83,33,72,1.85
10,14,8,inflection_or_zero,ema50,True,1.35,4.0,2.5,0.0,297,282.04,1.011,40.07,2975.23,0.09,44.44,32,72,2.32
10,14,8,inflection_or_zero,ema50,True,1.35,4.0,2.5,200.0,203,1597.2,1.102,41.38,1809.78,0.88,54.17,39,72,22.41
10,14,8,inflection_or_zero,ema50,True,1.35,4.0,2.5,250.0,225,-23.26,0.999,39.11,2740.18,-0.01,48.61,35,72,-0.22
10,14,8,inflection_or_zero,ema50,True,1.35,4.5,1.5,0.0,334,-948.37,0.958,25.45,2746.72,-0.35,41.67,30,72,-7.22
10,14,8,inflection_or_zero,ema50,True,1.35,4.5,1.5,200.0,236,418.21,1.029,26.69,1802.6,0.23,48.61,35,72,4.93
10,14,8,inflection_or_zero,ema50,True,1.35,4.5,1.5,250.0,262,419.09,1.027,26.34,1637.59,0.26,47.22,34,72,5.02
10,14,8,inflection_or_zero,ema50,True,1.35,4.5,2.0,0.0,316,659.9,1.026,31.96,2443.01,0.27,40.28,29,72,5.52
10,14,8,inflection_or_zero,ema50,True,1.35,4.5,2.0,200.0,207,1849.06,1.125,33.33,2264.79,0.82,50.0,36,72,21.86
10,14,8,inflection_or_zero,ema50,True,1.35,4.5,2.0,250.0,234,1586.51,1.095,32.91,2141.38,0.74,45.83,33,72,17.21
10,14,8,inflection_or_zero,ema50,True,1.35,4.5,2.5,0.0,288,-648.93,0.976,36.11,2901.29,-0.22,43.06,31,72,-5.06
10,14,8,inflection_or_zero,ema50,True,1.35,4.5,2.5,200.0,186,1837.59,1.12,38.71,2072.07,0.89,54.17,39,72,24.49
10,14,8,inflection_or_zero,ema50,True,1.35,4.5,2.5,250.0,212,1927.89,1.113,38.68,2080.25,0.93,50.0,36,72,23.52
10,14,8,inflection_or_zero,ema50,True,1.35,5.0,1.5,0.0,329,-2374.67,0.896,23.4,2790.45,-0.85,40.28,29,72,-16.22
10,14,8,inflection_or_zero,ema50,True,1.35,5.0,1.5,200.0,208,1442.08,1.109,26.92,1574.87,0.92,50.0,36,72,20.15
10,14,8,inflection_or_zero,ema50,True,1.35,5.0,1.5,250.0,247,895.9,1.059,25.51,1616.8,0.55,47.22,34,72,11.14
10,14,8,inflection_or_zero,ema50,True,1.35,5.0,2.0,0.0,309,-610.72,0.976,29.45,2133.51,-0.29,43.06,31,72,-5.56
10,14,8,inflection_or_zero,ema50,True,1.35,5.0,2.0,200.0,188,2752.79,1.194,34.04,2081.85,1.32,55.56,40,72,40.02
10,14,8,inflection_or_zero,ema50,True,1.35,5.0,2.0,250.0,222,2964.22,1.185,33.33,1983.14,1.49,51.39,37,72,40.54
10,14,8,inflection_or_zero,ema50,True,1.35,5.0,2.5,0.0,282,-2026.06,0.925,34.04,3960.16,-0.51,43.06,31,72,-12.82
10,14,8,inflection_or_zero,ema50,True,1.35,5.0,2.5,200.0,173,2049.6,1.135,38.73,2859.68,0.72,56.94,41,72,24.77
10,14,8,inflection_or_zero,ema50,True,1.35,5.0,2.5,250.0,206,1078.29,1.06,36.89,2793.15,0.39,52.78,38,72,11.41
10,14,8,inflection_or_zero,ema50,True,1.4,3.5,1.5,0.0,359,-4393.46,0.811,27.58,5307.45,-0.83,44.44,32,72,-21.73
10,14,8,inflection_or_zero,ema50,True,1.4,3.5,1.5,200.0,270,-711.65,0.954,30.37,1863.1,-0.38,51.39,37,72,-8.08
10,14,8,inflection_or_zero,ema50,True,1.4,3.5,1.5,250.0,305,-2665.98,0.853,28.52,3248.51,-0.82,47.22,34,72,-18.84
10,14,8,inflection_or_zero,ema50,True,1.4,3.5,2.0,0.0,326,-3312.95,0.867,34.05,4276.54,-0.77,37.5,27,72,-16.47
10,14,8,inflection_or_zero,ema50,True,1.4,3.5,2.0,200.0,241,-1668.37,0.902,34.85,3220.71,-0.52,45.83,33,72,-12.15
10,14,8,inflection_or_zero,ema50,True,1.4,3.5,2.0,250.0,273,-2185.0,0.887,34.43,3739.24,-0.58,43.06,31,72,-13.65
10,14,8,inflection_or_zero,ema50,True,1.4,3.5,2.5,0.0,308,-1987.62,0.924,41.23,3294.91,-0.6,38.89,28,72,-12.44
10,14,8,inflection_or_zero,ema50,True,1.4,3.5,2.5,200.0,216,1054.01,1.066,43.98,1949.6,0.54,55.56,40,72,14.14
10,14,8,inflection_or_zero,ema50,True,1.4,3.5,2.5,250.0,252,420.74,1.022,42.86,2580.43,0.16,47.22,34,72,4.0
10,14,8,inflection_or_zero,ema50,True,1.4,4.0,1.5,0.0,350,-2789.06,0.88,26.29,3919.42,-0.71,43.06,31,72,-16.88
10,14,8,inflection_or_zero,ema50,True,1.4,4.0,1.5,200.0,258,687.27,1.046,29.07,1516.47,0.45,51.39,37,72,9.49
10,14,8,inflection_or_zero,ema50,True,1.4,4.0,1.5,250.0,281,-628.84,0.962,27.4,2141.68,-0.29,48.61,35,72,-6.35
10,14,8,inflection_or_zero,ema50,True,1.4,4.0,2.0,0.0,321,-1575.66,0.937,32.4,3090.58,-0.51,38.89,28,72,-10.33
10,14,8,inflection_or_zero,ema50,True,1.4,4.0,2.0,200.0,226,825.96,1.053,34.51,2242.87,0.37,51.39,37,72,9.44
10,14,8,inflection_or_zero,ema50,True,1.4,4.0,2.0,250.0,243,-387.2,0.977,32.92,2594.07,-0.15,47.22,34,72,-3.51
10,14,8,inflection_or_zero,ema50,True,1.4,4.0,2.5,0.0,305,418.11,1.016,40.0,2846.65,0.15,43.06,31,72,3.43
10,14,8,inflection_or_zero,ema50,True,1.4,4.0,2.5,200.0,202,2310.11,1.15,42.08,1809.78,1.28,55.56,40,72,34.7
10,14,8,inflection_or_zero,ema50,True,1.4,4.0,2.5,250.0,222,542.55,1.031,39.64,2533.62,0.21,50.0,36,72,5.56
10,14,8,inflection_or_zero,ema50,True,1.4,4.5,1.5,0.0,344,-1358.7,0.942,25.29,3103.21,-0.44,41.67,30,72,-9.57
10,14,8,inflection_or_zero,ema50,True,1.4,4.5,1.5,200.0,241,724.1,1.05,26.97,1687.83,0.43,48.61,35,72,9.0
10,14,8,inflection_or_zero,ema50,True,1.4,4.5,1.5,250.0,267,330.98,1.021,26.22,1724.97,0.19,47.22,34,72,3.84
10,14,8,inflection_or_zero,ema50,True,1.4,4.5,2.0,0.0,325,464.34,1.018,31.69,2252.56,0.21,40.28,29,72,4.01
10,14,8,inflection_or_zero,ema50,True,1.4,4.5,2.0,200.0,212,1721.38,1.113,33.02,2264.79,0.76,51.39,37,72,20.69
10,14,8,inflection_or_zero,ema50,True,1.4,4.5,2.0,250.0,239,1101.92,1.064,32.22,2202.25,0.5,45.83,33,72,11.45
10,14,8,inflection_or_zero,ema50,True,1.4,4.5,2.5,0.0,294,-151.9,0.994,36.39,2945.85,-0.05,43.06,31,72,-1.2
10,14,8,inflection_or_zero,ema50,True,1.4,4.5,2.5,200.0,180,3173.31,1.22,40.56,2072.07,1.53,56.94,41,72,48.43
10,14,8,inflection_or_zero,ema50,True,1.4,4.5,2.5,250.0,207,2767.83,1.168,39.61,1980.84,1.4,51.39,37,72,37.33
10,14,8,inflection_or_zero,ema50,True,1.4,5.0,1.5,0.0,336,-3616.0,0.847,22.62,3977.94,-0.91,37.5,27,72,-18.21
10,14,8,inflection_or_zero,ema50,True,1.4,5.0,1.5,200.0,226,786.86,1.055,25.66,1681.45,0.47,47.22,34,72,9.56
10,14,8,inflection_or_zero,ema50,True,1.4,5.0,1.5,250.0,253,819.16,1.052,25.3,1729.51,0.47,47.22,34,72,9.78
10,14,8,inflection_or_zero,ema50,True,1.4,5.0,2.0,0.0,316,-1073.61,0.959,28.8,2547.11,-0.42,43.06,31,72,-8.78
10,14,8,inflection_or_zero,ema50,True,1.4,5.0,2.0,200.0,203,2044.23,1.134,32.51,2081.85,0.98,54.17,39,72,27.52
10,14,8,inflection_or_zero,ema50,True,1.4,5.0,2.0,250.0,229,2748.76,1.166,32.75,1983.14,1.39,51.39,37,72,36.99
10,14,8,inflection_or_zero,ema50,True,1.4,5.0,2.5,0.0,283,-2872.5,0.896,32.86,3470.46,-0.83,41.67,30,72,-18.21
10,14,8,inflection_or_zero,ema50,True,1.4,5.0,2.5,200.0,182,1986.95,1.125,37.91,2859.68,0.69,56.94,41,72,23.8
10,14,8,inflection_or_zero,ema50,True,1.4,5.0,2.5,250.0,206,1880.18,1.107,37.38,2793.15,0.67,54.17,39,72,21.33
10,14,8,inflection_or_zero,ema50,False,1.5,3.5,1.5,0.0,722,-4099.24,0.911,29.36,6495.01,-0.63,30.56,22,72,-14.16
10,14,8,inflection_or_zero,ema50,False,1.5,3.5,1.5,200.0,387,426.87,1.02,32.04,2266.06,0.19,52.78,38,72,4.83
10,14,8,inflection_or_zero,ema50,False,1.5,3.5,1.5,250.0,456,-726.52,0.971,31.36,2847.6,-0.26,45.83,33,72,-6.06
10,14,8,inflection_or_zero,ema50,False,1.5,3.5,2.0,0.0,615,54.33,1.001,37.4,3205.73,0.02,38.89,28,72,0.37
10,14,8,inflection_or_zero,ema50,False,1.5,3.5,2.0,200.0,306,-500.67,0.976,37.58,2423.65,-0.21,51.39,37,72,-5.1
10,14,8,inflection_or_zero,ema50,False,1.5,3.5,2.0,250.0,350,-887.4,0.963,37.14,2706.06,-0.33,45.83,33,72,-7.53
10,14,8,inflection_or_zero,ema50,False,1.5,3.5,2.5,0.0,501,-3936.05,0.909,41.72,5829.41,-0.68,31.94,23,72,-14.97
10,14,8,inflection_or_zero,ema50,False,1.5,3.5,2.5,200.0,248,90.87,1.005,43.15,2186.43,0.04,51.39,37,72,1.0
10,14,8,inflection_or_zero,ema50,False,1.5,3.5,2.5,250.0,297,-1.46,1.0,43.1,2963.14,-0.0,45.83,33,72,-0.01
10,14,8,inflection_or_zero,ema50,False,1.5,4.0,1.5,0.0,717,-827.43,0.982,28.73,3636.11,-0.23,33.33,24,72,-4.49
10,14,8,inflection_or_zero,ema50,False,1.5,4.0,1.5,200.0,360,2035.22,1.103,31.67,1541.44,1.32,58.33,42,72,33.35
10,14,8,inflection_or_zero,ema50,False,1.5,4.0,1.5,250.0,399,2974.65,1.137,31.83,1541.44,1.93,55.56,40,72,47.86
10,14,8,inflection_or_zero,ema50,False,1.5,4.0,2.0,0.0,576,2380.34,1.051,35.42,3031.0,0.79,34.72,25,72,15.78
10,14,8,inflection_or_zero,ema50,False,1.5,4.0,2.0,200.0,259,2840.92,1.162,38.22,1294.07,2.2,55.56,40,72,50.99
10,14,8,inflection_or_zero,ema50,False,1.5,4.0,2.0,250.0,310,643.03,1.03,35.81,2001.82,0.32,47.22,34,72,6.99
10,14,8,inflection_or_zero,ema50,False,1.5,4.0,2.5,0.0,493,-2797.05,0.938,39.15,4808.94,-0.58,30.56,22,72,-11.56
10,14,8,inflection_or_zero,ema50,False,1.5,4.0,2.5,200.0,214,4156.9,1.265,45.79,1321.58,3.15,59.72,43,72,86.38
10,14,8,inflection_or_zero,ema50,False,1.5,4.0,2.5,250.0,256,1792.16,1.092,41.8,1815.76,0.99,52.78,38,72,24.24
10,14,8,inflection_or_zero,ema50,False,1.5,4.5,1.5,0.0,687,1797.61,1.04,27.37,3668.03,0.49,34.72,25,72,10.72
10,14,8,inflection_or_zero,ema50,False,1.5,4.5,1.5,200.0,342,3767.81,1.198,30.41,1564.92,2.41,58.33,42,72,66.56
10,14,8,inflection_or_zero,ema50,False,1.5,4.5,1.5,250.0,389,2412.51,1.108,29.05,1961.44,1.23,52.78,38,72,31.86
10,14,8,inflection_or_zero,ema50,False,1.5,4.5,2.0,0.0,542,1129.2,1.025,32.84,3672.32,0.31,37.5,27,72,7.16
10,14,8,inflection_or_zero,ema50,False,1.5,4.5,2.0,200.0,238,3576.99,1.221,36.55,1744.83,2.05,59.72,43,72,62.44
10,14,8,inflection_or_zero,ema50,False,1.5,4.5,2.0,250.0,295,3567.98,1.175,35.25,1495.35,2.39,54.17,39,72,58.73
10,14,8,inflection_or_zero,ema50,False,1.5,4.5,2.5,0.0,466,114.95,1.003,37.77,2544.85,0.05,34.72,25,72,0.79
10,14,8,inflection_or_zero,ema50,False,1.5,4.5,2.5,200.0,214,5582.42,1.349,43.93,1322.76,4.22,61.11,44,72,126.53
10,14,8,inflection_or_zero,ema50,False,1.5,4.5,2.5,250.0,251,3862.88,1.198,41.04,1631.33,2.37,54.17,39,72,62.07
10,14,8,inflection_or_zero,ema50,False,1.5,5.0,1.5,0.0,638,-685.33,0.984,24.29,4266.97,-0.16,36.11,26,72,-3.73
10,14,8,inflection_or_zero,ema50,False,1.5,5.0,1.5,200.0,289,3650.73,1.218,28.72,1987.93,1.84,56.94,41,72,56.79
10,14,8,inflection_or_zero,ema50,False,1.5,5.0,1.5,250.0,361,2982.03,1.142,26.87,2346.54,1.27,51.39,37,72,36.13
10,14,8,inflection_or_zero,ema50,False,1.5,5.0,2.0,0.0,527,376.45,1.008,30.36,5156.18,0.07,36.11,26,72,1.91
10,14,8,inflection_or_zero,ema50,False,1.5,5.0,2.0,200.0,231,3198.45,1.191,33.77,1570.73,2.04,56.94,41,72,54.73
10,14,8,inflection_or_zero,ema50,False,1.5,5.0,2.0,250.0,261,2936.13,1.155,33.33,1491.5,1.97,54.17,39,72,47.57
10,14,8,inflection_or_zero,ema50,False,1.5,5.0,2.5,0.0,458,674.57,1.015,35.59,3378.56,0.2,36.11,26,72,4.25
10,14,8,inflection_or_zero,ema50,False,1.5,5.0,2.5,200.0,205,6086.16,1.384,41.46,1297.45,4.69,62.5,45,72,146.16
10,14,8,inflection_or_zero,ema50,False,1.5,5.0,2.5,250.0,247,4764.62,1.241,39.27,1297.45,3.67,55.56,40,72,91.2
10,14,8,inflection_or_zero,none,True,1.35,3.5,1.5,0.0,571,-5076.3,0.867,28.55,5734.87,-0.89,31.94,23,72,-18.56
10,14,8,inflection_or_zero,none,True,1.35,3.5,1.5,200.0,284,1841.05,1.119,30.99,2659.74,0.69,55.56,40,72,22.19
10,14,8,inflection_or_zero,none,True,1.35,3.5,1.5,250.0,354,509.29,1.025,29.66,3817.41,0.13,48.61,35,72,4.11
10,14,8,inflection_or_zero,none,True,1.35,3.5,2.0,0.0,502,-4981.32,0.87,35.26,5751.16,-0.87,34.72,25,72,-19.84
10,14,8,inflection_or_zero,none,True,1.35,3.5,2.0,200.0,249,1176.07,1.071,37.75,2564.83,0.46,55.56,40,72,13.82
10,14,8,inflection_or_zero,none,True,1.35,3.5,2.0,250.0,303,-1830.97,0.915,34.98,3534.95,-0.52,45.83,33,72,-12.91
10,14,8,inflection_or_zero,none,True,1.35,3.5,2.5,0.0,479,-631.25,0.984,41.96,3252.36,-0.19,37.5,27,72,-4.08
10,14,8,inflection_or_zero,none,True,1.35,3.5,2.5,200.0,229,4065.49,1.263,44.98,1804.44,2.25,58.33,42,72,70.51
10,14,8,inflection_or_zero,none,True,1.35,3.5,2.5,250.0,255,2918.46,1.159,44.31,1804.44,1.62,52.78,38,72,42.03
10,14,8,inflection_or_zero,none,True,1.35,4.0,1.5,0.0,538,-1739.77,0.953,26.95,3707.49,-0.47,33.33,24,72,-9.08
10,14,8,inflection_or_zero,none,True,1.35,4.0,1.5,200.0,269,712.48,1.046,26.39,3345.9,0.21,50.0,36,72,6.44
10,14,8,inflection_or_zero,none,True,1.35,4.0,1.5,250.0,303,1001.33,1.057,26.4,3207.99,0.31,47.22,34,72,8.82
10,14,8,inflection_or_zero,none,True,1.35,4.0,2.0,0.0,460,-3522.19,0.906,32.83,4876.34,-0.72,33.33,24,72,-15.23
10,14,8,inflection_or_zero,none,True,1.35,4.0,2.0,200.0,235,1308.08,1.08,34.89,2588.0,0.51,51.39,37,72,14.27
10,14,8,inflection_or_zero,none,True,1.35,4.0,2.0,250.0,252,1327.52,1.075,34.92,2388.44,0.56,50.0,36,72,14.6
10,14,8,inflection_or_zero,none,True,1.35,4.0,2.5,0.0,427,2160.01,1.057,40.28,2893.42,0.75,37.5,27,72,15.92
10,14,8,inflection_or_zero,none,True,1.35,4.0,2.5,200.0,200,5010.21,1.355,43.5,1909.87,2.62,58.33,42,72,90.61
10,14,8,inflection_or_zero,none,True,1.35,4.0,2.5,250.0,229,5358.49,1.329,43.23,1709.07,3.14,55.56,40,72,95.71
10,14,8,inflection_or_zero,none,True,1.35,4.5,1.5,0.0,487,-5283.16,0.844,23.2,5408.95,-0.98,27.78,20,72,-16.84
10,14,8,inflection_or_zero,none,True,1.35,4.5,1.5,200.0,268,-1067.92,0.936,23.51,3757.65,-0.28,45.83,33,72,-7.47
10,14,8,inflection_or_zero,none,True,1.35,4.5,1.5,250.0,275,85.65,1.005,24.73,3415.28,0.03,45.83,33,72,0.68
10,14,8,inflection_or_zero,none,True,1.35,4.5,2.0,0.0,417,-6132.27,0.824,28.78,7270.17,-0.84,29.17,21,72,-17.29
10,14,8,inflection_or_zero,none,True,1.35,4.5,2.0,200.0,222,-143.55,0.991,31.53,3706.07,-0.04,48.61,35,72,-1.14
10,14,8,inflection_or_zero,none,True,1.35,4.5,2.0,250.0,246,-522.79,0.972,30.89,3668.09,-0.14,44.44,32,72,-3.73
10,14,8,inflection_or_zero,none,True,1.35,4.5,2.5,0.0,387,222.82,1.006,36.18,4262.71,0.05,33.33,24,72,1.14
10,14,8,inflection_or_zero,none,True,1.35,4.5,2.5,200.0,205,2841.06,1.175,38.54,2628.89,1.08,52.78,38,72,34.36
10,14,8,inflection_or_zero,none,True,1.35,4.5,2.5,250.0,213,2861.89,1.171,38.5,2770.5,1.03,51.39,37,72,32.72
10,14,8,inflection_or_zero,none,True,1.35,5.0,1.5,0.0,489,-4151.4,0.881,21.88,4750.6,-0.87,29.17,21,72,-15.48
10,14,8,inflection_or_zero,none,True,1.35,5.0,1.5,200.0,255,-198.15,0.988,22.75,3179.9,-0.06,45.83,33,72,-1.59
10,14,8,inflection_or_zero,none,True,1.35,5.0,1.5,250.0,276,-416.64,0.976,22.46,3998.1,-0.1,43.06,31,72,-2.77
10,14,8,inflection_or_zero,none,True,1.35,5.0,2.0,0.0,428,-4828.74,0.867,27.57,5882.8,-0.82,33.33,24,72,-18.19
10,14,8,inflection_or_zero,none,True,1.35,5.0,2.0,200.0,213,653.55,1.041,30.05,3353.9,0.19,51.39,37,72,6.04
10,14,8,inflection_or_zero,none,True,1.35,5.0,2.0,250.0,227,1273.78,1.075,30.84,3173.07,0.4,50.0,36,72,12.15
10,14,8,inflection_or_zero,none,True,1.35,5.0,2.5,0.0,384,-3369.29,0.911,32.81,4582.41,-0.74,29.17,21,72,-13.23
10,14,8,inflection_or_zero,none,True,1.35,5.0,2.5,200.0,183,3265.75,1.215,37.7,1852.41,1.76,55.56,40,72,51.22
10,14,8,inflection_or_zero,none,True,1.35,5.0,2.5,250.0,204,2564.46,1.15,36.27,2275.38,1.13,51.39,37,72,31.77
10,14,8,inflection_or_zero,none,True,1.4,3.5,1.5,0.0,613,-7858.67,0.811,26.59,8549.88,-0.92,27.78,20,72,-19.15
10,14,8,inflection_or_zero,none,True,1.4,3.5,1.5,200.0,305,2231.43,1.133,30.82,2787.01,0.8,55.56,40,72,26.61
10,14,8,inflection_or_zero,none,True,1.4,3.5,1.5,250.0,372,841.12,1.039,29.03,3950.88,0.21,45.83,33,72,6.37
10,14,8,inflection_or_zero,none,True,1.4,3.5,2.0,0.0,505,-8783.8,0.779,32.87,9748.41,-0.9,25.0,18,72,-17.33
10,14,8,inflection_or_zero,none,True,1.4,3.5,2.0,200.0,252,1036.54,1.061,37.3,2140.09,0.48,52.78,38,72,12.55
10,14,8,inflection_or_zero,none,True,1.4,3.5,2.0,250.0,290,-35.05,0.998,36.21,2298.62,-0.02,45.83,33,72,-0.33
10,14,8,inflection_or_zero,none,True,1.4,3.5,2.5,0.0,484,-1973.84,0.952,40.91,4433.93,-0.45,33.33,24,72,-9.41
10,14,8,inflection_or_zero,none,True,1.4,3.5,2.5,200.0,233,2601.33,1.156,42.92,1947.33,1.34,55.56,40,72,37.86
10,14,8,inflection_or_zero,none,True,1.4,3.5,2.5,250.0,252,2929.76,1.16,43.65,1947.33,1.5,52.78,38,72,40.65
10,14,8,inflection_or_zero,none,True,1.4,4.0,1.5,0.0,559,-6531.6,0.837,24.33,7839.64,-0.83,27.78,20,72,-17.15
10,14,8,inflection_or_zero,none,True,1.4,4.0,1.5,200.0,275,1938.83,1.121,27.27,3254.87,0.6,52.78,38,72,20.11
10,14,8,inflection_or_zero,none,True,1.4,4.0,1.5,250.0,309,1941.64,1.108,27.18,2735.24,0.71,50.0,36,72,20.57
10,14,8,inflection_or_zero,none,True,1.4,4.0,2.0,0.0,476,-4611.73,0.882,32.14,5917.71,-0.78,30.56,22,72,-16.16
10,14,8,inflection_or_zero,none,True,1.4,4.0,2.0,200.0,233,2232.47,1.139,35.62,1475.73,1.51,54.17,39,72,35.86
10,14,8,inflection_or_zero,none,True,1.4,4.0,2.0,250.0,260,1649.9,1.09,35.0,1890.59,0.87,51.39,37,72,21.26
10,14,8,inflection_or_zero,none,True,1.4,4.0,2.5,0.0,440,1577.23,1.04,39.55,3993.92,0.39,34.72,25,72,9.01
10,14,8,inflection_or_zero,none,True,1.4,4.0,2.5,200.0,210,4331.54,1.28,41.9,1908.75,2.27,56.94,41,72,72.26
10,14,8,inflection_or_zero,none,True,1.4,4.0,2.5,250.0,235,4514.5,1.261,41.7,1752.0,2.58,54.17,39,72,73.67
10,14,8,inflection_or_zero,none,True,1.4,4.5,1.5,0.0,510,-8165.81,0.776,21.37,8291.6,-0.98,23.61,17,72,-16.43
10,14,8,inflection_or_zero,none,True,1.4,4.5,1.5,200.0,265,-1022.23,0.939,22.64,4386.43,-0.23,45.83,33,72,-6.64
10,14,8,inflection_or_zero,none,True,1.4,4.5,1.5,250.0,279,413.13,1.024,24.37,3974.8,0.1,45.83,33,72,3.08
10,14,8,inflection_or_zero,none,True,1.4,4.5,2.0,0.0,419,-6603.73,0.813,28.4,7814.0,-0.85,23.61,17,72,-14.34
10,14,8,inflection_or_zero,none,True,1.4,4.5,2.0,200.0,222,344.55,1.021,31.08,2874.71,0.12,48.61,35,72,3.19
10,14,8,inflection_or_zero,none,True,1.4,4.5,2.0,250.0,240,380.92,1.021,31.25,2748.22,0.14,45.83,33,72,3.4
10,14,8,inflection_or_zero,none,True,1.4,4.5,2.5,0.0,386,-366.45,0.99,35.23,5092.71,-0.07,31.94,23,72,-1.62
10,14,8,inflection_or_zero,none,True,1.4,4.5,2.5,200.0,205,2363.27,1.141,37.07,2279.4,1.04,52.78,38,72,29.81
10,14,8,inflection_or_zero,none,True,1.4,4.5,2.5,250.0,215,2433.66,1.14,37.21,2223.57,1.09,51.39,37,72,30.24
10,14,8,inflection_or_zero,none,True,1.4,5.0,1.5,0.0,497,-8459.08,0.767,19.52,8981.49,-0.94,23.61,17,72,-16.16
10,14,8,inflection_or_zero,none,True,1.4,5.0,1.5,200.0,248,-652.62,0.959,21.77,4004.54,-0.16,45.83,33,72,-4.53
10,14,8,inflection_or_zero,none,True,1.4,5.0,1.5,250.0,276,-402.52,0.977,22.1,4322.76,-0.09,43.06,31,72,-2.58
10,14,8,inflection_or_zero,none,True,1.4,5.0,2.0,0.0,431,-5026.57,0.864,27.38,6463.04,-0.78,31.94,23,72,-17.25
10,14,8,inflection_or_zero,none,True,1.4,5.0,2.0,200.0,213,584.0,1.036,29.11,2612.26,0.22,48.61,35,72,5.75
10,14,8,inflection_or_zero,none,True,1.4,5.0,2.0,250.0,228,1973.66,1.117,30.7,2203.07,0.9,48.61,35,72,22.83
10,14,8,inflection_or_zero,none,True,1.4,5.0,2.5,0.0,379,-2707.1,0.928,32.45,4668.98,-0.58,30.56,22,72,-11.24
10,14,8,inflection_or_zero,none,True,1.4,5.0,2.5,200.0,183,2909.28,1.187,36.07,1603.28,1.81,54.17,39,72,46.72
10,14,8,inflection_or_zero,none,True,1.4,5.0,2.5,250.0,203,3515.94,1.205,36.95,1603.28,2.19,52.78,38,72,55.85
10,14,8,inflection_or_zero,none,False,1.5,3.5,1.5,0.0,798,-8031.01,0.851,26.82,9239.16,-0.87,23.61,17,72,-16.79
10,14,8,inflection_or_zero,none,False,1.5,3.5,1.5,200.0,361,-396.9,0.98,27.7,4775.32,-0.08,47.22,34,72,-2.66
10,14,8,inflection_or_zero,none,False,1.5,3.5,1.5,250.0,402,-1799.85,0.924,27.11,5549.85,-0.32,41.67,30,72,-9.3
10,14,8,inflection_or_zero,none,False,1.5,3.5,2.0,0.0,742,-6966.74,0.88,34.23,8204.09,-0.85,26.39,19,72,-17.86
10,14,8,inflection_or_zero,none,False,1.5,3.5,2.0,200.0,270,683.71,1.037,36.67,2406.94,0.28,51.39,37,72,7.43
10,14,8,inflection_or_zero,none,False,1.5,3.5,2.0,250.0,291,975.77,1.049,37.11,2586.1,0.38,48.61,35,72,9.78
10,14,8,inflection_or_zero,none,False,1.5,3.5,2.5,0.0,718,-1071.45,0.983,41.78,3395.8,-0.32,34.72,25,72,-6.28
10,14,8,inflection_or_zero,none,False,1.5,3.5,2.5,200.0,268,197.87,1.01,42.16,3111.51,0.06,52.78,38,72,1.89
10,14,8,inflection_or_zero,none,False,1.5,3.5,2.5,250.0,306,382.24,1.016,42.16,2957.13,0.13,48.61,35,72,3.47
10,14,8,inflection_or_zero,none,False,1.5,4.0,1.5,0.0,756,-7706.27,0.853,24.34,9874.31,-0.78,19.44,14,72,-12.86
10,14,8,inflection_or_zero,none,False,1.5,4.0,1.5,200.0,378,-1597.16,0.928,25.13,5656.37,-0.28,44.44,32,72,-8.76
10,14,8,inflection_or_zero,none,False,1.5,4.0,1.5,250.0,410,-1082.57,0.955,25.37,5786.96,-0.19,41.67,30,72,-5.66
10,14,8,inflection_or_zero,none,False,1.5,4.0,2.0,0.0,642,-7647.02,0.855,30.84,8123.61,-0.94,22.22,16,72,-16.12
10,14,8,inflection_or_zero,none,False,1.5,4.0,2.0,200.0,253,-233.03,0.988,32.81,3099.58,-0.08,47.22,34,72,-1.95
10,14,8,inflection_or_zero,none,False,1.5,4.0,2.0,250.0,266,-4.26,1.0,33.08,3168.53,-0.0,45.83,33,72,-0.03
10,14,8,inflection_or_zero,none,False,1.5,4.0,2.5,0.0,612,-2677.17,0.952,38.24,3574.81,-0.75,31.94,23,72,-13.62
10,14,8,inflection_or_zero,none,False,1.5,4.0,2.5,200.0,241,1563.7,1.079,41.91,2224.89,0.7,55.56,40,72,19.87
10,14,8,inflection_or_zero,none,False,1.5,4.0,2.5,250.0,273,1618.42,1.074,40.66,2110.12,0.77,51.39,37,72,19.45
10,14,8,inflection_or_zero,none,False,1.5,4.5,1.5,0.0,723,-10967.63,0.786,21.3,11648.65,-0.94,16.67,12,72,-13.31
10,14,8,inflection_or_zero,none,False,1.5,4.5,1.5,200.0,319,-500.41,0.974,23.51,4850.49,-0.1,47.22,34,72,-3.3
10,14,8,inflection_or_zero,none,False,1.5,4.5,1.5,250.0,365,-145.41,0.994,24.11,5187.04,-0.03,43.06,31,72,-0.86
10,14,8,inflection_or_zero,none,False,1.5,4.5,2.0,0.0,619,-6051.19,0.883,30.21,7020.01,-0.86,25.0,18,72,-15.94
10,14,8,inflection_or_zero,none,False,1.5,4.5,2.0,200.0,254,-1442.04,0.927,29.13,4504.57,-0.32,45.83,33,72,-9.13
10,14,8,inflection_or_zero,none,False,1.5,4.5,2.0,250.0,278,-1786.03,0.918,29.14,4623.07,-0.39,41.67,30,72,-10.05
10,14,8,inflection_or_zero,none,False,1.5,4.5,2.5,0.0,526,89.5,1.002,37.07,6022.99,0.01,34.72,25,72,0.4
10,14,8,inflection_or_zero,none,False,1.5,4.5,2.5,200.0,218,-545.58,0.972,36.7,4277.91,-0.13,48.61,35,72,-3.94
10,14,8,inflection_or_zero,none,False,1.5,4.5,2.5,250.0,229,825.87,1.041,38.43,3079.52,0.27,48.61,35,72,7.53
10,14,8,inflection_or_zero,none,False,1.5,5.0,1.5,0.0,716,-7631.87,0.856,21.09,8348.06,-0.91,15.28,11,72,-10.93
10,14,8,inflection_or_zero,none,False,1.5,5.0,1.5,200.0,289,1100.3,1.061,22.84,4691.47,0.23,48.61,35,72,8.29
10,14,8,inflection_or_zero,none,False,1.5,5.0,1.5,250.0,330,512.19,1.025,21.82,5591.31,0.09,44.44,32,72,3.12
10,14,8,inflection_or_zero,none,False,1.5,5.0,2.0,0.0,572,-5476.22,0.892,27.8,7192.3,-0.76,25.0,18,72,-14.4
10,14,8,inflection_or_zero,none,False,1.5,5.0,2.0,200.0,224,1386.56,1.081,30.36,2420.45,0.57,50.0,36,72,15.23
10,14,8,inflection_or_zero,none,False,1.5,5.0,2.0,250.0,258,53.93,1.003,28.68,3345.24,0.02,43.06,31,72,0.4
10,14,8,inflection_or_zero,none,False,1.5,5.0,2.5,0.0,499,-500.41,0.99,34.67,6624.81,-0.08,31.94,23,72,-1.94
10,14,8,inflection_or_zero,none,False,1.5,5.0,2.5,200.0,205,-769.69,0.96,34.15,4562.97,-0.17,45.83,33,72,-5.01
10,14,8,inflection_or_zero,none,False,1.5,5.0,2.5,250.0,220,-821.06,0.96,34.09,4976.56,-0.16,44.44,32,72,-4.97
8,14,10,inflection,ema200,True,1.35,3.5,1.5,0.0,253,171.57,1.011,30.83,2633.73,0.07,43.06,31,72,1.46
8,14,10,inflection,ema200,True,1.35,3.5,1.5,200.0,224,616.08,1.049,31.7,1607.04,0.38,47.22,34,72,7.61
8,14,10,inflection,ema200,True,1.35,3.5,1.5,250.0,227,-394.19,0.97,30.4,1674.73,-0.24,45.83,33,72,-4.28
8,14,10,inflection,ema200,True,1.35,3.5,2.0,0.0,223,-375.35,0.977,37.67,2564.29,-0.15,48.61,35,72,-3.52
8,14,10,inflection,ema200,True,1.35,3.5,2.0,200.0,185,1192.38,1.098,39.46,1180.19,1.01,51.39,37,72,19.58
8,14,10,inflection,ema200,True,1.35,3.5,2.0,250.0,197,861.46,1.066,38.58,1269.42,0.68,51.39,37,72,13.25
8,14,10,inflection,ema200,True,1.35,3.5,2.5,0.0,217,-452.31,0.975,43.78,2881.22,-0.16,51.39,37,72,-4.22
8,14,10,inflection,ema200,True,1.35,3.5,2.5,200.0,170,1370.53,1.109,45.88,1730.88,0.79,54.17,39,72,19.79
8,14,10,inflection,ema200,True,1.35,3.5,2.5,250.0,181,1006.85,1.073,45.3,1841.64,0.55,54.17,39,72,13.64
8,14,10,inflection,ema200,True,1.35,4.0,1.5,0.0,250,1232.66,1.078,28.8,2178.23,0.57,43.06,31,72,12.26
8,14,10,inflection,ema200,True,1.35,4.0,1.5,200.0,201,1666.66,1.141,30.85,1463.02,1.14,47.22,34,72,23.48
8,14,10,inflection,ema200,True,1.35,4.0,1.5,250.0,217,991.51,1.078,29.03,1463.02,0.68,45.83,33,72,12.81
8,14,10,inflection,ema200,True,1.35,4.0,2.0,0.0,217,1189.22,1.072,36.41,2204.64,0.54,48.61,35,72,13.2
8,14,10,inflection,ema200,True,1.35,4.0,2.0,200.0,175,1858.35,1.155,37.14,1117.22,1.66,51.39,37,72,33.0
8,14,10,inflection,ema200,True,1.35,4.0,2.0,250.0,184,1878.53,1.15,36.96,1117.22,1.68,51.39,37,72,33.21
8,14,10,inflection,ema200,True,1.35,4.0,2.5,0.0,213,35.28,1.002,40.85,2654.95,0.01,48.61,35,72,0.33
8,14,10,inflection,ema200,True,1.35,4.0,2.5,200.0,165,1066.64,1.081,41.82,1576.83,0.68,51.39,37,72,14.92
8,14,10,inflection,ema200,True,1.35,4.0,2.5,250.0,169,1920.31,1.146,43.2,1576.83,1.22,51.39,37,72,28.48
8,14,10,inflection,ema200,True,1.35,4.5,1.5,0.0,241,24.64,1.002,26.97,2304.57,0.01,43.06,31,72,0.22
8,14,10,inflection,ema200,True,1.35,4.5,1.5,200.0,188,1746.57,1.154,29.26,1324.16,1.32,45.83,33,72,25.38
8,14,10,inflection,ema200,True,1.35,4.5,1.5,250.0,209,1708.69,1.136,28.71,1324.16,1.29,45.83,33,72,24.45
8,14,10,inflection,ema200,True,1.35,4.5,2.0,0.0,214,2650.45,1.161,35.98,2169.38,1.22,50.0,36,72,33.03
8,14,10,inflection,ema200,True,1.35,4.5,2.0,200.0,156,3965.18,1.371,38.46,950.14,4.17,54.17,39,72,95.54
8,14,10,inflection,ema200,True,1.35,4.5,2.0,250.0,180,4063.64,1.33,37.78,950.14,4.28,52.78,38,72,92.54
8,14,10,inflection,ema200,True,1.35,4.5,2.5,0.0,208,147.22,1.008,38.94,2989.7,0.05,48.61,35,72,1.32
8,14,10,inflection,ema200,True,1.35,4.5,2.5,200.0,150,2075.24,1.169,40.67,1422.79,1.46,55.56,40,72,35.73
8,14,10,inflection,ema200,True,1.35,4.5,2.5,250.0,168,1921.3,1.139,40.48,1422.79,1.35,52.78,38,72,30.62
8,14,10,inflection,ema200,True,1.35,5.0,1.5,0.0,236,-29.45,0.998,25.0,2262.43,-0.01,41.67,30,72,-0.26
8,14,10,inflection,ema200,True,1.35,5.0,1.5,200.0,179,1920.13,1.174,27.37,1546.07,1.24,47.22,34,72,27.07
8,14,10,inflection,ema200,True,1.35,5.0,1.5,250.0,197,1510.79,1.122,26.9,1546.07,0.98,44.44,32,72,19.16
8,14,10,inflection,ema200,True,1.35,5.0,2.0,0.0,213,1632.76,1.094,32.39,2912.08,0.56,51.39,37,72,17.01
8,14,10,inflection,ema200,True,1.35,5.0,2.0,200.0,147,3538.95,1.324,36.05,2129.47,1.66,56.94,41,72,57.82
8,14,10,inflection,ema200,True,1.35,5.0,2.0,250.0,169,3418.36,1.27,35.5,2129.47,1.61,54.17,39,72,50.96
8,14,10,inflection,ema200,True,1.35,5.0,2.5,0.0,204,-331.93,0.983,35.78,3499.67,-0.09,45.83,33,72,-2.53
8,14,10,inflection,ema200,True,1.35,5.0,2.5,200.0,139,1663.03,1.135,38.85,2850.56,0.58,51.39,37,72,18.17
8,14,10,inflection,ema200,True,1.35,5.0,2.5,250.0,165,1140.58,1.078,37.58,2850.56,0.4,47.22,34,72,10.87
8,14,10,inflection,ema200,True,1.4,3.5,1.5,0.0,262,-383.7,0.977,30.15,2736.65,-0.14,37.5,27,72,-2.69
8,14,10,inflection,ema200,True,1.4,3.5,1.5,200.0,232,137.56,1.01,31.03,1727.77,0.08,43.06,31,72,1.44
8,14,10,inflection,ema200,True,1.4,3.5,1.5,250.0,236,-949.46,0.932,29.66,2071.62,-0.46,40.28,29,72,-7.83
8,14,10,inflection,ema200,True,1.4,3.5,2.0,0.0,230,-896.14,0.948,36.96,2867.87,-0.31,47.22,34,72,-7.49
8,14,10,inflection,ema200,True,1.4,3.5,2.0,200.0,191,476.96,1.037,38.22,1483.77,0.32,50.0,36,72,6.42
8,14,10,inflection,ema200,True,1.4,3.5,2.0,250.0,206,427.05,1.03,37.86,1573.0,0.27,50.0,36,72,5.55
8,14,10,inflection,ema200,True,1.4,3.5,2.5,0.0,224,-1157.9,0.939,42.86,3218.07,-0.36,51.39,37,72,-9.85
8,14,10,inflection,ema200,True,1.4,3.5,2.5,200.0,177,665.92,1.049,44.63,2067.73,0.32,54.17,39,72,8.32
8,14,10,inflection,ema200,True,1.4,3.5,2.5,250.0,190,361.89,1.024,44.21,2178.49,0.17,54.17,39,72,4.3
8,14,10,inflection,ema200,True,1.4,4.0,1.5,0.0,259,704.85,1.042,28.19,2281.15,0.31,40.28,29,72,6.19
8,14,10,inflection,ema200,True,1.4,4.0,1.5,200.0,207,1409.65,1.115,30.43,1565.94,0.9,44.44,32,72,17.65
8,14,10,inflection,ema200,True,1.4,4.0,1.5,250.0,224,682.79,1.052,28.57,1580.68,0.43,43.06,31,72,7.78
8,14,10,inflection,ema200,True,1.4,4.0,2.0,0.0,224,702.74,1.041,35.71,2532.58,0.28,45.83,33,72,6.66
8,14,10,inflection,ema200,True,1.4,4.0,2.0,200.0,180,1337.34,1.106,36.11,1359.18,0.98,48.61,35,72,19.5
8,14,10,inflection,ema200,True,1.4,4.0,2.0,250.0,190,1583.64,1.121,36.32,1359.18,1.17,48.61,35,72,23.41
8,14,10,inflection,ema200,True,1.4,4.0,2.5,0.0,220,-636.0,0.968,40.0,3016.16,-0.21,48.61,35,72,-5.45
8,14,10,inflection,ema200,True,1.4,4.0,2.5,200.0,171,555.9,1.04,40.94,1938.04,0.29,51.39,37,72,6.75
8,14,10,inflection,ema200,True,1.4,4.0,2.5,250.0,177,1475.42,1.105,42.37,1938.04,0.76,51.39,37,72,19.03
8,14,10,inflection,ema200,True,1.4,4.5,1.5,0.0,250,-475.72,0.971,26.4,2407.49,-0.2,43.06,31,72,-4.05
8,14,10,inflection,ema200,True,1.4,4.5,1.5,200.0,194,1517.01,1.128,28.87,1427.08,1.06,45.83,33,72,20.76
8,14,10,inflection,ema200,True,1.4,4.5,1.5,250.0,216,1427.42,1.109,28.24,1427.08,1.0,45.83,33,72,19.2
8,14,10,inflection,ema200,True,1.4,4.5,2.0,0.0,221,2198.27,1.128,35.29,2521.67,0.87,45.83,33,72,22.63
8,14,10,inflection,ema200,True,1.4,4.5,2.0,200.0,161,3866.33,1.345,37.89,1302.43,2.97,51.39,37,72,74.05
8,14,10,inflection,ema200,True,1.4,4.5,2.0,250.0,185,3548.28,1.275,36.76,1302.43,2.72,48.61,35,72,60.94
8,14,10,inflection,ema200,True,1.4,4.5,2.5,0.0,215,-489.76,0.976,38.14,3375.26,-0.15,47.22,34,72,-3.89
8,14,10,inflection,ema200,True,1.4,4.5,2.5,200.0,155,1685.31,1.13,40.0,1808.35,0.93,54.17,39,72,24.26
8,14,10,inflection,ema200,True,1.4,4.5,2.5,250.0,174,1447.26,1.099,39.66,1808.35,0.8,51.39,37,72,19.22
8,14,10,inflection,ema200,True,1.4,5.0,1.5,0.0,244,-425.6,0.974,24.59,2365.35,-0.18,41.67,30,72,-3.55
8,14,10,inflection,ema200,True,1.4,5.0,1.5,200.0,190,1287.06,1.108,26.32,1648.99,0.78,45.83,33,72,16.09
8,14,10,inflection,ema200,True,1.4,5.0,1.5,250.0,204,1696.36,1.132,26.96,1648.99,1.03,44.44,32,72,21.02
8,14,10,inflection,ema200,True,1.4,5.0,2.0,0.0,220,1217.73,1.067,31.82,3288.73,0.37,47.22,34,72,10.7
8,14,10,inflection,ema200,True,1.4,5.0,2.0,200.0,152,2668.79,1.231,34.21,2506.12,1.06,52.78,38,72,34.64
8,14,10,inflection,ema200,True,1.4,5.0,2.0,250.0,172,2705.1,1.205,34.3,2506.12,1.08,50.0,36,72,32.56
8,14,10,inflection,ema200,True,1.4,5.0,2.5,0.0,211,-931.05,0.955,35.07,3909.59,-0.24,43.06,31,72,-6.12
8,14,10,inflection,ema200,True,1.4,5.0,2.5,200.0,148,917.32,1.068,37.16,3260.48,0.28,48.61,35,72,8.34
8,14,10,inflection,ema200,True,1.4,5.0,2.5,250.0,172,117.67,1.007,36.05,3260.48,0.04,44.44,32,72,0.92
8,14,10,inflection,ema200,False,1.5,3.5,1.5,0.0,583,-5655.53,0.848,28.64,5733.5,-0.99,31.94,23,72,-20.23
8,14,10,inflection,ema200,False,1.5,3.5,1.5,200.0,315,-1972.44,0.894,29.52,2696.34,-0.73,48.61,35,72,-16.51
8,14,10,inflection,ema200,False,1.5,3.5,1.5,250.0,364,-2758.18,0.872,29.12,3659.84,-0.75,45.83,33,72,-18.22
8,14,10,inflection,ema200,False,1.5,3.5,2.0,0.0,537,-5058.65,0.877,35.57,5576.36,-0.91,37.5,27,72,-22.28
8,14,10,inflection,ema200,False,1.5,3.5,2.0,200.0,307,30.73,1.002,36.16,4373.16,0.01,51.39,37,72,0.24
8,14,10,inflection,ema200,False,1.5,3.5,2.0,250.0,336,-686.86,0.97,36.01,4608.53,-0.15,48.61,35,72,-4.77
8,14,10,inflection,ema200,False,1.5,3.5,2.5,0.0,469,1206.04,1.03,42.43,5373.57,0.22,40.28,29,72,6.83
8,14,10,inflection,ema200,False,1.5,3.5,2.5,200.0,246,304.2,1.017,42.68,3222.0,0.09,54.17,39,72,2.95
8,14,10,inflection,ema200,False,1.5,3.5,2.5,250.0,270,-463.55,0.978,42.59,3633.18,-0.13,50.0,36,72,-3.76
8,14,10,inflection,ema200,False,1.5,4.0,1.5,0.0,612,-2907.38,0.926,27.29,4332.03,-0.67,37.5,27,72,-15.34
8,14,10,inflection,ema200,False,1.5,4.0,1.5,200.0,328,345.27,1.018,28.35,2813.18,0.12,50.0,36,72,3.31
8,14,10,inflection,ema200,False,1.5,4.0,1.5,250.0,358,300.49,1.014,28.77,2798.19,0.11,48.61,35,72,2.8
8,14,10,inflection,ema200,False,1.5,4.0,2.0,0.0,508,-3322.42,0.917,33.66,5293.08,-0.63,38.89,28,72,-16.29
8,14,10,inflection,ema200,False,1.5,4.0,2.0,200.0,271,333.25,1.017,34.69,3243.7,0.1,52.78,38,72,3.14
8,14,10,inflection,ema200,False,1.5,4.0,2.0,250.0,299,-257.83,0.988,34.11,3933.51,-0.07,50.0,36,72,-2.03
8,14,10,inflection,ema200,False,1.5,4.0,2.5,0.0,444,450.15,1.011,39.41,5801.84,0.08,34.72,25,72,2.07
8,14,10,inflection,ema200,False,1.5,4.0,2.5,200.0,233,-2504.27,0.872,36.91,3700.26,-0.68,44.44,32,72,-15.95
8,14,10,inflection,ema200,False,1.5,4.0,2.5,250.0,247,-2577.74,0.874,37.25,3900.98,-0.66,43.06,31,72,-15.53
8,14,10,inflection,ema200,False,1.5,4.5,1.5,0.0,574,-3058.89,0.921,25.26,4709.3,-0.65,38.89,28,72,-15.97
8,14,10,inflection,ema200,False,1.5,4.5,1.5,200.0,292,-220.25,0.988,25.68,2364.98,-0.09,47.22,34,72,-2.11
8,14,10,inflection,ema200,False,1.5,4.5,1.5,250.0,318,188.78,1.01,26.1,2640.99,0.07,47.22,34,72,1.75
8,14,10,inflection,ema200,False,1.5,4.5,2.0,0.0,486,-1183.4,0.97,32.72,5168.67,-0.23,41.67,30,72,-6.65
8,14,10,inflection,ema200,False,1.5,4.5,2.0,200.0,236,156.25,1.009,32.2,2983.93,0.05,50.0,36,72,1.44
8,14,10,inflection,ema200,False,1.5,4.5,2.0,250.0,269,1009.0,1.051,33.09,2625.15,0.38,50.0,36,72,10.35
8,14,10,inflection,ema200,False,1.5,4.5,2.5,0.0,412,3714.74,1.097,38.83,5049.09,0.74,40.28,29,72,23.1
8,14,10,inflection,ema200,False,1.5,4.5,2.5,200.0,199,-81.3,0.995,37.19,2477.64,-0.03,47.22,34,72,-0.77
8,14,10,inflection,ema200,False,1.5,4.5,2.5,250.0,226,-810.38,0.958,36.28,2916.74,-0.28,44.44,32,72,-6.39
8,14,10,inflection,ema200,False,1.5,5.0,1.5,0.0,552,-3019.8,0.922,23.37,4773.83,-0.63,37.5,27,72,-15.11
8,14,10,inflection,ema200,False,1.5,5.0,1.5,200.0,295,-1268.16,0.933,22.37,2720.73,-0.47,44.44,32,72,-10.08
8,14,10,inflection,ema200,False,1.5,5.0,1.5,250.0,342,-386.45,0.982,23.39,2887.43,-0.13,44.44,32,72,-3.14
8,14,10,inflection,ema200,False,1.5,5.0,2.0,0.0,461,-2673.57,0.932,29.5,5781.99,-0.46,40.28,29,72,-13.2
8,14,10,inflection,ema200,False,1.5,5.0,2.0,200.0,246,-988.55,0.949,28.86,2621.12,-0.38,47.22,34,72,-8.65
8,14,10,inflection,ema200,False,1.5,5.0,2.0,250.0,288,-785.53,0.964,29.17,3164.21,-0.25,44.44,32,72,-5.98
8,14,10,inflection,ema200,False,1.5,5.0,2.5,0.0,400,1822.56,1.046,35.0,4745.61,0.38,40.28,29,72,11.15
8,14,10,inflection,ema200,False,1.5,5.0,2.5,200.0,200,-192.53,0.989,35.0,1805.19,-0.11,51.39,37,72,-2.3
8,14,10,inflection,ema200,False,1.5,5.0,2.5,250.0,245,-1017.78,0.953,34.29,2042.52,-0.5,45.83,33,72,-9.84
8,14,10,inflection,ema50,True,1.35,3.5,1.5,0.0,242,-1743.37,0.885,30.17,2218.14,-0.79,44.44,32,72,-14.56
8,14,10,inflection,ema50,True,1.35,3.5,1.5,200.0,205,-527.67,0.956,31.22,1814.01,-0.29,48.61,35,72,-5.76
8,14,10,inflection,ema50,True,1.35,3.5,1.5,250.0,216,-1575.45,0.88,29.63,2001.12,-0.79,45.83,33,72,-14.2
8,14,10,inflection,ema50,True,1.35,3.5,2.0,0.0,222,-1154.32,0.931,36.94,2389.77,-0.48,44.44,32,72,-9.77
8,14,10,inflection,ema50,True,1.35,3.5,2.0,200.0,174,476.24,1.04,39.08,1152.45,0.41,51.39,37,72,7.5
8,14,10,inflection,ema50,True,1.35,3.5,2.0,250.0,195,123.15,1.009,37.44,1327.01,0.09,48.61,35,72,1.66
8,14,10,inflection,ema50,True,1.35,3.5,2.5,0.0,218,-1000.01,0.946,43.58,2579.75,-0.39,45.83,33,72,-8.54
8,14,10,inflection,ema50,True,1.35,3.5,2.5,200.0,162,856.64,1.069,46.3,1902.92,0.45,52.78,38,72,11.08
8,14,10,inflection,ema50,True,1.35,3.5,2.5,250.0,187,-310.46,0.979,43.32,1902.92,-0.16,48.61,35,72,-3.39
8,14,10,inflection,ema50,True,1.35,4.0,1.5,0.0,239,-626.42,0.959,28.87,1739.21,-0.36,43.06,31,72,-6.2
8,14,10,inflection,ema50,True,1.35,4.0,1.5,200.0,198,715.26,1.06,30.81,1508.59,0.47,45.83,33,72,8.95
8,14,10,inflection,ema50,True,1.35,4.0,1.5,250.0,207,186.22,1.015,29.47,1508.59,0.12,44.44,32,72,2.16
8,14,10,inflection,ema50,True,1.35,4.0,2.0,0.0,218,431.85,1.026,35.78,2114.89,0.2,45.83,33,72,4.42
8,14,10,inflection,ema50,True,1.35,4.0,2.0,200.0,172,1069.3,1.088,36.63,1094.5,0.98,50.0,36,72,17.58
8,14,10,inflection,ema50,True,1.35,4.0,2.0,250.0,180,1287.69,1.102,36.67,1027.64,1.25,48.61,35,72,21.52
8,14,10,inflection,ema50,True,1.35,4.0,2.5,0.0,214,53.16,1.003,41.59,2406.63,0.02,47.22,34,72,0.51
8,14,10,inflection,ema50,True,1.35,4.0,2.5,200.0,161,907.52,1.07,42.86,1767.3,0.51,50.0,36,72,11.55
8,14,10,inflection,ema50,True,1.35,4.0,2.5,250.0,170,1494.61,1.11,43.53,1767.3,0.85,50.0,36,72,19.73
8,14,10,inflection,ema50,True,1.35,4.5,1.5,0.0,238,88.73,1.006,27.73,1942.89,0.05,45.83,33,72,0.93
8,14,10,inflection,ema50,True,1.35,4.5,1.5,200.0,185,2162.77,1.197,30.81,1402.94,1.54,50.0,36,72,34.56
8,14,10,inflection,ema50,True,1.35,4.5,1.5,250.0,201,2104.79,1.174,30.35,1402.94,1.5,48.61,35,72,32.07
8,14,10,inflection,ema50,True,1.35,4.5,2.0,0.0,216,911.43,1.053,34.26,2465.63,0.37,47.22,34,72,9.13
8,14,10,inflection,ema50,True,1.35,4.5,2.0,200.0,156,3130.8,1.29,37.82,1201.84,2.61,54.17,39,72,63.11
8,14,10,inflection,ema50,True,1.35,4.5,2.0,250.0,172,2952.91,1.243,37.21,1003.29,2.94,51.39,37,72,59.55
8,14,10,inflection,ema50,True,1.35,4.5,2.5,0.0,210,151.96,1.008,39.52,2826.15,0.05,45.83,33,72,1.32
8,14,10,inflection,ema50,True,1.35,4.5,2.5,200.0,147,2480.42,1.209,42.18,1631.68,1.52,54.17,39,72,40.22
8,14,10,inflection,ema50,True,1.35,4.5,2.5,250.0,164,2008.89,1.148,41.46,1631.68,1.23,51.39,37,72,29.34
8,14,10,inflection,ema50,True,1.35,5.0,1.5,0.0,233,-835.49,0.948,24.89,1915.29,-0.44,44.44,32,72,-8.04
8,14,10,inflection,ema50,True,1.35,5.0,1.5,200.0,176,1504.94,1.138,27.27,1629.27,0.92,51.39,37,72,21.8
8,14,10,inflection,ema50,True,1.35,5.0,1.5,250.0,199,699.38,1.055,26.63,1606.22,0.44,47.22,34,72,8.69
8,14,10,inflection,ema50,True,1.35,5.0,2.0,0.0,212,119.02,1.007,31.13,2580.79,0.05,45.83,33,72,1.08
8,14,10,inflection,ema50,True,1.35,5.0,2.0,200.0,150,1972.34,1.174,34.0,2073.74,0.95,51.39,37,72,26.13
8,14,10,inflection,ema50,True,1.35,5.0,2.0,250.0,174,1057.78,1.078,32.76,2073.74,0.51,47.22,34,72,11.82
8,14,10,inflection,ema50,True,1.35,5.0,2.5,0.0,203,-370.86,0.981,36.45,2805.1,-0.13,45.83,33,72,-3.15
8,14,10,inflection,ema50,True,1.35,5.0,2.5,200.0,138,1418.43,1.116,39.13,2661.59,0.53,52.78,38,72,16.19
8,14,10,inflection,ema50,True,1.35,5.0,2.5,250.0,166,390.91,1.026,37.35,2661.59,0.15,47.22,34,72,3.67
8,14,10,inflection,ema50,True,1.4,3.5,1.5,0.0,243,-2169.26,0.86,29.63,2400.52,-0.9,43.06,31,72,-16.4
8,14,10,inflection,ema50,True,1.4,3.5,1.5,200.0,206,-953.56,0.922,30.58,1916.58,-0.5,47.22,34,72,-9.48
8,14,10,inflection,ema50,True,1.4,3.5,1.5,250.0,217,-2001.34,0.85,29.03,2427.01,-0.82,44.44,32,72,-15.35
8,14,10,inflection,ema50,True,1.4,3.5,2.0,0.0,224,-1463.49,0.914,36.61,2389.77,-0.61,43.06,31,72,-11.78
8,14,10,inflection,ema50,True,1.4,3.5,2.0,200.0,178,250.61,1.02,38.76,1152.45,0.22,50.0,36,72,3.76
8,14,10,inflection,ema50,True,1.4,3.5,2.0,250.0,197,-186.02,0.986,37.06,1515.76,-0.12,47.22,34,72,-2.22
8,14,10,inflection,ema50,True,1.4,3.5,2.5,0.0,220,-1384.92,0.926,43.18,2579.75,-0.54,44.44,32,72,-11.22
8,14,10,inflection,ema50,True,1.4,3.5,2.5,200.0,166,528.81,1.041,45.78,1902.92,0.28,51.39,37,72,6.49
8,14,10,inflection,ema50,True,1.4,3.5,2.5,250.0,189,-695.37,0.954,42.86,1902.92,-0.37,47.22,34,72,-7.18
8,14,10,inflection,ema50,True,1.4,4.0,1.5,0.0,240,-1080.25,0.93,28.33,1739.21,-0.62,41.67,30,72,-10.04
8,14,10,inflection,ema50,True,1.4,4.0,1.5,200.0,199,261.43,1.022,30.15,1508.59,0.17,44.44,32,72,3.06
8,14,10,inflection,ema50,True,1.4,4.0,1.5,250.0,208,-267.61,0.979,28.85,1508.59,-0.18,43.06,31,72,-2.9
8,14,10,inflection,ema50,True,1.4,4.0,2.0,0.0,220,122.68,1.007,35.45,2114.89,0.06,44.44,32,72,1.19
8,14,10,inflection,ema50,True,1.4,4.0,2.0,200.0,176,871.61,1.07,36.36,1192.27,0.73,48.61,35,72,13.13
8,14,10,inflection,ema50,True,1.4,4.0,2.0,250.0,182,978.52,1.076,36.26,1204.63,0.81,47.22,34,72,14.32
8,14,10,inflection,ema50,True,1.4,4.0,2.5,0.0,216,-331.75,0.983,41.2,2406.63,-0.14,45.83,33,72,-3.05
8,14,10,inflection,ema50,True,1.4,4.0,2.5,200.0,165,607.63,1.045,42.42,1767.3,0.34,48.61,35,72,7.34
8,14,10,inflection,ema50,True,1.4,4.0,2.5,250.0,172,1109.7,1.08,43.02,1767.3,0.63,48.61,35,72,13.86
8,14,10,inflection,ema50,True,1.4,4.5,1.5,0.0,239,-393.04,0.975,27.2,1942.89,-0.2,44.44,32,72,-3.86
8,14,10,inflection,ema50,True,1.4,4.5,1.5,200.0,186,1681.0,1.15,30.11,1402.94,1.2,48.61,35,72,25.09
8,14,10,inflection,ema50,True,1.4,4.5,1.5,250.0,202,1623.02,1.132,29.7,1402.94,1.16,47.22,34,72,23.16
8,14,10,inflection,ema50,True,1.4,4.5,2.0,0.0,218,602.26,1.034,33.94,2465.63,0.24,47.22,34,72,5.92
8,14,10,inflection,ema50,True,1.4,4.5,2.0,200.0,161,3309.65,1.295,37.89,1299.61,2.55,54.17,39,72,64.4
8,14,10,inflection,ema50,True,1.4,4.5,2.0,250.0,176,2783.16,1.221,36.93,1057.42,2.63,51.39,37,72,53.7
8,14,10,inflection,ema50,True,1.4,4.5,2.5,0.0,212,-232.95,0.988,39.15,2826.15,-0.08,44.44,32,72,-1.92
8,14,10,inflection,ema50,True,1.4,4.5,2.5,200.0,151,2208.47,1.178,41.72,1631.68,1.35,52.78,38,72,33.99
8,14,10,inflection,ema50,True,1.4,4.5,2.5,250.0,168,1736.94,1.123,41.07,1631.68,1.06,50.0,36,72,24.14
8,14,10,inflection,ema50,True,1.4,5.0,1.5,0.0,234,-981.99,0.939,24.79,1970.71,-0.5,44.44,32,72,-9.23
8,14,10,inflection,ema50,True,1.4,5.0,1.5,200.0,178,1292.71,1.116,26.97,1786.08,0.72,51.39,37,72,17.54
8,14,10,inflection,ema50,True,1.4,5.0,1.5,250.0,201,940.55,1.073,26.87,1606.22,0.59,47.22,34,72,11.89
8,14,10,inflection,ema50,True,1.4,5.0,2.0,0.0,214,-190.15,0.989,30.84,2580.79,-0.07,44.44,32,72,-1.65
8,14,10,inflection,ema50,True,1.4,5.0,2.0,200.0,155,1352.79,1.113,32.9,2073.74,0.65,50.0,36,72,16.53
8,14,10,inflection,ema50,True,1.4,5.0,2.0,250.0,178,524.83,1.037,32.02,2073.74,0.25,45.83,33,72,5.48
8,14,10,inflection,ema50,True,1.4,5.0,2.5,0.0,205,-755.77,0.962,36.1,2805.1,-0.27,43.06,31,72,-5.91
8,14,10,inflection,ema50,True,1.4,5.0,2.5,200.0,144,1035.53,1.079,38.19,2661.59,0.39,50.0,36,72,10.83
8,14,10,inflection,ema50,True,1.4,5.0,2.5,250.0,170,-272.18,0.983,36.47,2661.59,-0.1,44.44,32,72,-2.3
8,14,10,inflection,ema50,False,1.5,3.5,1.5,0.0,525,-2434.99,0.924,30.48,2771.15,-0.88,37.5,27,72,-16.03
8,14,10,inflection,ema50,False,1.5,3.5,1.5,200.0,356,-2206.44,0.892,30.06,3450.05,-0.64,47.22,34,72,-15.82
8,14,10,inflection,ema50,False,1.5,3.5,1.5,250.0,386,-2042.41,0.907,30.31,3190.65,-0.64,44.44,32,72,-14.57
8,14,10,inflection,ema50,False,1.5,3.5,2.0,0.0,459,-5300.75,0.853,35.29,5359.77,-0.99,36.11,26,72,-22.3
8,14,10,inflection,ema50,False,1.5,3.5,2.0,200.0,278,-2830.06,0.855,35.25,4501.25,-0.63,45.83,33,72,-16.53
8,14,10,inflection,ema50,False,1.5,3.5,2.0,250.0,323,-2427.63,0.89,35.6,4534.73,-0.54,43.06,31,72,-13.82
8,14,10,inflection,ema50,False,1.5,3.5,2.5,0.0,431,-4897.53,0.871,40.6,5389.91,-0.91,36.11,26,72,-20.98
8,14,10,inflection,ema50,False,1.5,3.5,2.5,200.0,247,255.71,1.014,43.32,2684.63,0.1,55.56,40,72,2.78
8,14,10,inflection,ema50,False,1.5,3.5,2.5,250.0,285,-1335.14,0.939,41.05,3629.0,-0.37,48.61,35,72,-10.12
8,14,10,inflection,ema50,False,1.5,4.0,1.5,0.0,505,-1336.23,0.958,28.32,3103.82,-0.43,34.72,25,72,-7.98
8,14,10,inflection,ema50,False,1.5,4.0,1.5,200.0,328,-388.14,0.979,28.66,2729.42,-0.14,50.0,36,72,-3.64
8,14,10,inflection,ema50,False,1.5,4.0,1.5,250.0,357,-2010.73,0.905,27.73,3260.02,-0.62,44.44,32,72,-14.16
8,14,10,inflection,ema50,False,1.5,4.0,2.0,0.0,437,-2914.2,0.915,33.87,3037.13,-0.96,38.89,28,72,-18.82
8,14,10,inflection,ema50,False,1.5,4.0,2.0,200.0,262,-1364.97,0.928,34.35,3855.7,-0.35,48.61,35,72,-9.92
8,14,10,inflection,ema50,False,1.5,4.0,2.0,250.0,289,-1396.2,0.933,34.6,3339.26,-0.42,47.22,34,72,-10.64
8,14,10,inflection,ema50,False,1.5,4.0,2.5,0.0,415,-333.34,0.991,40.24,3630.86,-0.09,41.67,30,72,-2.28
8,14,10,inflection,ema50,False,1.5,4.0,2.5,200.0,224,846.07,1.047,41.96,1451.99,0.58,54.17,39,72,12.59
8,14,10,inflection,ema50,False,1.5,4.0,2.5,250.0,252,258.03,1.013,41.27,2002.96,0.13,52.78,38,72,3.08
8,14,10,inflection,ema50,False,1.5,4.5,1.5,0.0,499,-742.42,0.977,26.65,4029.56,-0.18,34.72,25,72,-3.97
8,14,10,inflection,ema50,False,1.5,4.5,1.5,200.0,321,556.36,1.029,27.41,2140.11,0.26,50.0,36,72,6.19
8,14,10,inflection,ema50,False,1.5,4.5,1.5,250.0,341,-117.92,0.994,26.69,3085.26,-0.04,47.22,34,72,-1.0
8,14,10,inflection,ema50,False,1.5,4.5,2.0,0.0,427,-1064.36,0.969,32.55,3105.6,-0.34,40.28,29,72,-7.45
8,14,10,inflection,ema50,False,1.5,4.5,2.0,200.0,248,-438.88,0.976,32.66,3263.16,-0.13,48.61,35,72,-3.65
8,14,10,inflection,ema50,False,1.5,4.5,2.0,250.0,276,-72.41,0.996,32.97,3670.24,-0.02,47.22,34,72,-0.56
8,14,10,inflection,ema50,False,1.5,4.5,2.5,0.0,391,1211.3,1.033,38.36,3358.68,0.36,44.44,32,72,9.59
8,14,10,inflection,ema50,False,1.5,4.5,2.5,200.0,208,1669.21,1.097,40.38,1411.59,1.18,52.78,38,72,25.72
8,14,10,inflection,ema50,False,1.5,4.5,2.5,250.0,234,2087.05,1.109,40.6,1678.27,1.24,51.39,37,72,29.03
8,14,10,inflection,ema50,False,1.5,5.0,1.5,0.0,463,-2535.07,0.92,23.97,4273.85,-0.59,30.56,22,72,-10.9
8,14,10,inflection,ema50,False,1.5,5.0,1.5,200.0,280,134.73,1.008,25.36,2119.63,0.06,45.83,33,72,1.35
8,14,10,inflection,ema50,False,1.5,5.0,1.5,250.0,324,-571.78,0.972,24.38,3198.63,-0.18,41.67,30,72,-4.09
8,14,10,inflection,ema50,False,1.5,5.0,2.0,0.0,408,-3878.3,0.888,28.92,4541.14,-0.85,30.56,22,72,-15.62
8,14,10,inflection,ema50,False,1.5,5.0,2.0,200.0,236,-1574.61,0.917,29.66,2887.92,-0.55,45.83,33,72,-12.31
8,14,10,inflection,ema50,False,1.5,5.0,2.0,250.0,265,-138.24,0.993,31.32,2986.58,-0.05,44.44,32,72,-1.12
8,14,10,inflection,ema50,False,1.5,5.0,2.5,0.0,362,-762.26,0.979,34.81,3559.47,-0.21,43.06,31,72,-5.39
8,14,10,inflection,ema50,False,1.5,5.0,2.5,200.0,183,-677.07,0.961,34.97,2424.03,-0.28,48.61,35,72,-6.42
8,14,10,inflection,ema50,False,1.5,5.0,2.5,250.0,221,1274.65,1.065,37.56,2046.38,0.62,48.61,35,72,14.59
8,14,10,inflection,none,True,1.35,3.5,1.5,0.0,521,-2511.44,0.924,29.17,3974.69,-0.63,33.33,24,72,-12.27
8,14,10,inflection,none,True,1.35,3.5,1.5,200.0,309,231.04,1.013,31.07,1932.09,0.12,51.39,37,72,2.74
8,14,10,inflection,none,True,1.35,3.5,1.5,250.0,382,-2333.97,0.899,28.8,2956.31,-0.79,41.67,30,72,-16.08
8,14,10,inflection,none,True,1.35,3.5,2.0,0.0,445,-2602.86,0.921,36.18,4198.36,-0.62,37.5,27,72,-13.87
8,14,10,inflection,none,True,1.35,3.5,2.0,200.0,246,540.52,1.032,38.62,2235.22,0.24,55.56,40,72,6.56
8,14,10,inflection,none,True,1.35,3.5,2.0,250.0,306,-3000.03,0.866,34.64,3655.59,-0.82,41.67,30,72,-17.91
8,14,10,inflection,none,True,1.35,3.5,2.5,0.0,423,599.63,1.018,43.5,3316.44,0.18,38.89,28,72,4.12
8,14,10,inflection,none,True,1.35,3.5,2.5,200.0,232,438.19,1.025,44.4,2739.51,0.16,52.78,38,72,4.53
8,14,10,inflection,none,True,1.35,3.5,2.5,250.0,262,-1406.62,0.934,41.98,2269.58,-0.62,44.44,32,72,-12.26
8,14,10,inflection,none,True,1.35,4.0,1.5,0.0,491,-509.55,0.984,27.7,3191.44,-0.16,37.5,27,72,-3.33
8,14,10,inflection,none,True,1.35,4.0,1.5,200.0,302,-392.19,0.978,27.81,2076.52,-0.19,48.61,35,72,-4.09
8,14,10,inflection,none,True,1.35,4.0,1.5,250.0,332,345.88,1.018,28.01,2302.08,0.15,47.22,34,72,3.47
8,14,10,inflection,none,True,1.35,4.0,2.0,0.0,417,-1183.72,0.963,34.29,4534.85,-0.26,37.5,27,72,-6.35
8,14,10,inflection,none,True,1.35,4.0,2.0,200.0,233,1606.87,1.1,36.48,2079.03,0.77,55.56,40,72,21.54
8,14,10,inflection,none,True,1.35,4.0,2.0,250.0,277,-918.66,0.955,33.21,3874.85,-0.24,48.61,35,72,-6.85
8,14,10,inflection,none,True,1.35,4.0,2.5,0.0,384,2475.36,1.078,41.93,3635.78,0.68,40.28,29,72,17.83
8,14,10,inflection,none,True,1.35,4.0,2.5,200.0,199,1526.46,1.098,42.71,2145.66,0.71,55.56,40,72,20.1
8,14,10,inflection,none,True,1.35,4.0,2.5,250.0,233,-223.77,0.988,40.34,2288.67,-0.1,50.0,36,72,-2.31
8,14,10,inflection,none,True,1.35,4.5,1.5,0.0,472,-966.86,0.97,25.21,3383.9,-0.29,36.11,26,72,-5.82
8,14,10,inflection,none,True,1.35,4.5,1.5,200.0,288,420.05,1.023,26.39,2133.38,0.2,48.61,35,72,4.52
8,14,10,inflection,none,True,1.35,4.5,1.5,250.0,308,684.75,1.036,26.62,1934.64,0.35,47.22,34,72,7.62
8,14,10,inflection,none,True,1.35,4.5,2.0,0.0,395,-5015.17,0.845,29.62,5368.08,-0.93,34.72,25,72,-20.08
8,14,10,inflection,none,True,1.35,4.5,2.0,200.0,220,396.79,1.024,32.73,2777.63,0.14,52.78,38,72,4.07
8,14,10,inflection,none,True,1.35,4.5,2.0,250.0,235,231.56,1.013,32.34,2414.07,0.1,51.39,37,72,2.45
8,14,10,inflection,none,True,1.35,4.5,2.5,0.0,350,-468.5,0.985,38.0,3576.94,-0.13,38.89,28,72,-3.0
8,14,10,inflection,none,True,1.35,4.5,2.5,200.0,187,138.47,1.009,39.04,3676.67,0.04,51.39,37,72,1.18
8,14,10,inflection,none,True,1.35,4.5,2.5,250.0,203,258.97,1.015,38.92,3506.81,0.07,51.39,37,72,2.28
8,14,10,inflection,none,True,1.35,5.0,1.5,0.0,467,334.95,1.01,23.77,3243.87,0.1,38.89,28,72,2.31
8,14,10,inflection,none,True,1.35,5.0,1.5,200.0,277,1824.35,1.105,25.27,2099.16,0.87,51.39,37,72,22.61
8,14,10,inflection,none,True,1.35,5.0,1.5,250.0,305,1578.72,1.083,25.25,1868.01,0.85,47.22,34,72,18.68
8,14,10,inflection,none,True,1.35,5.0,2.0,0.0,379,-4768.39,0.852,27.7,5232.48,-0.91,33.33,24,72,-18.72
8,14,10,inflection,none,True,1.35,5.0,2.0,200.0,203,-944.95,0.942,28.57,3047.77,-0.31,48.61,35,72,-7.84
8,14,10,inflection,none,True,1.35,5.0,2.0,250.0,229,120.28,1.007,30.13,2434.34,0.05,47.22,34,72,1.16
8,14,10,inflection,none,True,1.35,5.0,2.5,0.0,337,-1866.94,0.942,34.42,3858.31,-0.48,37.5,27,72,-10.62
8,14,10,inflection,none,True,1.35,5.0,2.5,200.0,169,945.44,1.063,37.87,3529.58,0.27,54.17,39,72,9.16
8,14,10,inflection,none,True,1.35,5.0,2.5,250.0,207,1520.15,1.084,38.16,3121.52,0.49,51.39,37,72,15.16
8,14,10,inflection,none,True,1.4,3.5,1.5,0.0,566,-3967.18,0.89,28.27,4488.88,-0.88,33.33,24,72,-17.56
8,14,10,inflection,none,True,1.4,3.5,1.5,200.0,344,215.27,1.011,31.1,1839.69,0.12,50.0,36,72,2.54
8,14,10,inflection,none,True,1.4,3.5,1.5,250.0,410,-2083.17,0.916,29.27,3119.86,-0.67,43.06,31,72,-14.71
8,14,10,inflection,none,True,1.4,3.5,2.0,0.0,476,-2194.64,0.937,36.34,4083.39,-0.54,37.5,27,72,-12.07
8,14,10,inflection,none,True,1.4,3.5,2.0,200.0,271,340.73,1.018,38.01,2261.01,0.15,54.17,39,72,3.95
8,14,10,inflection,none,True,1.4,3.5,2.0,250.0,313,-2298.21,0.898,35.78,3215.31,-0.71,44.44,32,72,-16.17
8,14,10,inflection,none,True,1.4,3.5,2.5,0.0,448,-286.09,0.992,42.63,3551.77,-0.08,36.11,26,72,-1.72
8,14,10,inflection,none,True,1.4,3.5,2.5,200.0,245,227.42,1.012,44.08,2871.52,0.08,51.39,37,72,2.21
8,14,10,inflection,none,True,1.4,3.5,2.5,250.0,267,-1750.95,0.919,41.95,2908.18,-0.6,43.06,31,72,-12.85
8,14,10,inflection,none,True,1.4,4.0,1.5,0.0,525,-1803.67,0.948,26.48,3984.9,-0.45,36.11,26,72,-9.78
8,14,10,inflection,none,True,1.4,4.0,1.5,200.0,323,-1758.8,0.912,26.32,3205.0,-0.55,45.83,33,72,-12.99
8,14,10,inflection,none,True,1.4,4.0,1.5,250.0,344,-867.26,0.958,27.03,3024.71,-0.29,45.83,33,72,-6.92
8,14,10,inflection,none,True,1.4,4.0,2.0,0.0,445,-649.29,0.981,34.38,4379.44,-0.15,37.5,27,72,-3.61
8,14,10,inflection,none,True,1.4,4.0,2.0,200.0,264,552.81,1.03,34.85,2334.2,0.24,51.39,37,72,6.06
8,14,10,inflection,none,True,1.4,4.0,2.0,250.0,287,153.08,1.007,34.49,3169.13,0.05,48.61,35,72,1.33
8,14,10,inflection,none,True,1.4,4.0,2.5,0.0,409,2249.76,1.065,41.32,3170.69,0.71,38.89,28,72,16.55
8,14,10,inflection,none,True,1.4,4.0,2.5,200.0,221,-115.78,0.994,39.82,2038.46,-0.06,52.78,38,72,-1.35
8,14,10,inflection,none,True,1.4,4.0,2.5,250.0,244,-896.67,0.957,39.34,2695.57,-0.33,48.61,35,72,-8.03
8,14,10,inflection,none,True,1.4,4.5,1.5,0.0,492,-4766.67,0.86,22.97,4951.65,-0.96,34.72,25,72,-20.23
8,14,10,inflection,none,True,1.4,4.5,1.5,200.0,297,-1579.75,0.917,24.24,2776.58,-0.57,44.44,32,72,-12.22
8,14,10,inflection,none,True,1.4,4.5,1.5,250.0,326,-1442.14,0.931,24.54,2754.02,-0.52,43.06,31,72,-11.02
8,14,10,inflection,none,True,1.4,4.5,2.0,0.0,414,-4080.42,0.881,29.71,4488.46,-0.91,31.94,23,72,-17.14
8,14,10,inflection,none,True,1.4,4.5,2.0,200.0,227,-750.65,0.957,30.84,2670.88,-0.28,47.22,34,72,-6.56
8,14,10,inflection,none,True,1.4,4.5,2.0,250.0,253,-719.76,0.962,30.83,2360.97,-0.3,44.44,32,72,-6.33
8,14,10,inflection,none,True,1.4,4.5,2.5,0.0,371,-862.92,0.974,37.2,3664.77,-0.24,36.11,26,72,-5.01
8,14,10,inflection,none,True,1.4,4.5,2.5,200.0,210,-1436.74,0.924,36.19,3482.07,-0.41,47.22,34,72,-10.62
8,14,10,inflection,none,True,1.4,4.5,2.5,250.0,217,-661.79,0.965,37.33,3241.77,-0.2,47.22,34,72,-5.3
8,14,10,inflection,none,True,1.4,5.0,1.5,0.0,472,-4372.88,0.869,21.4,4861.23,-0.9,34.72,25,72,-18.92
8,14,10,inflection,none,True,1.4,5.0,1.5,200.0,277,-15.63,0.999,23.83,2711.38,-0.01,48.61,35,72,-0.15
8,14,10,inflection,none,True,1.4,5.0,1.5,250.0,316,-775.59,0.962,23.42,2480.23,-0.31,43.06,31,72,-6.45
8,14,10,inflection,none,True,1.4,5.0,2.0,0.0,390,-3288.18,0.9,28.46,4175.59,-0.79,31.94,23,72,-14.63
8,14,10,inflection,none,True,1.4,5.0,2.0,200.0,215,-1673.73,0.903,27.91,3711.53,-0.45,44.44,32,72,-11.02
8,14,10,inflection,none,True,1.4,5.0,2.0,250.0,248,-1044.1,0.946,29.03,3119.04,-0.33,43.06,31,72,-7.62
8,14,10,inflection,none,True,1.4,5.0,2.5,0.0,350,-1809.87,0.946,34.57,4309.69,-0.42,34.72,25,72,-9.06
8,14,10,inflection,none,True,1.4,5.0,2.5,200.0,174,-367.66,0.977,36.21,4363.68,-0.08,51.39,37,72,-2.79
8,14,10,inflection,none,True,1.4,5.0,2.5,250.0,213,-238.19,0.988,36.15,3777.43,-0.06,45.83,33,72,-1.75
8,14,10,inflection,none,False,1.5,3.5,1.5,0.0,895,-8413.43,0.854,26.82,8903.57,-0.94,23.61,17,72,-17.98
8,14,10,inflection,none,False,1.5,3.5,1.5,200.0,414,-551.38,0.976,29.47,3677.53,-0.15,50.0,36,72,-4.44
8,14,10,inflection,none,False,1.5,3.5,1.5,250.0,474,-1590.2,0.94,28.69,3744.67,-0.42,43.06,31,72,-10.52
8,14,10,inflection,none,False,1.5,3.5,2.0,0.0,734,-6366.36,0.886,34.47,7103.47,-0.9,30.56,22,72,-20.45
8,14,10,inflection,none,False,1.5,3.5,2.0,200.0,344,-1809.58,0.92,35.47,4320.53,-0.42,48.61,35,72,-12.31
8,14,10,inflection,none,False,1.5,3.5,2.0,250.0,391,-2304.92,0.912,35.04,4177.36,-0.55,43.06,31,72,-14.0
8,14,10,inflection,none,False,1.5,3.5,2.5,0.0,651,-154.85,0.997,42.09,3525.76,-0.04,30.56,22,72,-0.79
8,14,10,inflection,none,False,1.5,3.5,2.5,200.0,255,955.53,1.051,42.75,3067.98,0.31,55.56,40,72,10.07
8,14,10,inflection,none,False,1.5,3.5,2.5,250.0,325,-820.81,0.968,41.23,4063.36,-0.2,47.22,34,72,-5.89
8,14,10,inflection,none,False,1.5,4.0,1.5,0.0,851,-6073.94,0.89,25.62,7257.13,-0.84,23.61,17,72,-14.98
8,14,10,inflection,none,False,1.5,4.0,1.5,200.0,394,-23.35,0.999,27.66,3970.84,-0.01,48.61,35,72,-0.18
8,14,10,inflection,none,False,1.5,4.0,1.5,250.0,434,1128.32,1.047,28.34,2947.11,0.38,48.61,35,72,10.58
8,14,10,inflection,none,False,1.5,4.0,2.0,0.0,645,-2058.88,0.959,33.49,4078.92,-0.5,30.56,22,72,-9.45
8,14,10,inflection,none,False,1.5,4.0,2.0,200.0,281,-1209.92,0.942,33.1,3821.82,-0.32,48.61,35,72,-8.96
8,14,10,inflection,none,False,1.5,4.0,2.0,250.0,301,-835.05,0.962,33.89,3446.95,-0.24,48.61,35,72,-6.65
8,14,10,inflection,none,False,1.5,4.0,2.5,0.0,578,-218.63,0.996,39.27,4303.76,-0.05,34.72,25,72,-1.15
8,14,10,inflection,none,False,1.5,4.0,2.5,200.0,235,2028.53,1.108,42.13,2878.37,0.7,58.33,42,72,24.44
8,14,10,inflection,none,False,1.5,4.0,2.5,250.0,256,2811.97,1.141,42.19,2490.35,1.13,56.94,41,72,36.61
8,14,10,inflection,none,False,1.5,4.5,1.5,0.0,811,-4364.89,0.922,23.92,5016.02,-0.87,27.78,20,72,-15.79
8,14,10,inflection,none,False,1.5,4.5,1.5,200.0,341,-357.47,0.983,24.93,3747.55,-0.1,47.22,34,72,-2.71
8,14,10,inflection,none,False,1.5,4.5,1.5,250.0,404,-1953.33,0.921,23.76,4690.81,-0.42,41.67,30,72,-10.95
8,14,10,inflection,none,False,1.5,4.5,2.0,0.0,638,-865.48,0.984,31.35,4237.31,-0.2,31.94,23,72,-4.18
8,14,10,inflection,none,False,1.5,4.5,2.0,200.0,256,501.88,1.026,32.42,2764.62,0.18,50.0,36,72,4.9
8,14,10,inflection,none,False,1.5,4.5,2.0,250.0,293,-701.24,0.969,31.06,3523.69,-0.2,45.83,33,72,-5.25
8,14,10,inflection,none,False,1.5,4.5,2.5,0.0,556,-497.91,0.991,36.69,4104.67,-0.12,36.11,26,72,-2.78
8,14,10,inflection,none,False,1.5,4.5,2.5,200.0,216,2265.8,1.124,39.81,3175.81,0.71,55.56,40,72,25.11
8,14,10,inflection,none,False,1.5,4.5,2.5,250.0,226,2430.28,1.127,39.82,3028.64,0.8,55.56,40,72,27.65
8,14,10,inflection,none,False,1.5,5.0,1.5,0.0,732,-6444.75,0.878,21.17,7485.29,-0.86,23.61,17,72,-15.44
8,14,10,inflection,none,False,1.5,5.0,1.5,200.0,305,988.93,1.053,23.93,2853.48,0.35,50.0,36,72,9.75
8,14,10,inflection,none,False,1.5,5.0,1.5,250.0,361,1647.2,1.075,24.38,3419.17,0.48,47.22,34,72,14.3
8,14,10,inflection,none,False,1.5,5.0,2.0,0.0,584,-1264.05,0.975,28.94,4668.81,-0.27,30.56,22,72,-5.51
8,14,10,inflection,none,False,1.5,5.0,2.0,200.0,251,389.95,1.02,29.88,3009.77,0.13,48.61,35,72,3.52
8,14,10,inflection,none,False,1.5,5.0,2.0,250.0,278,890.54,1.042,29.86,2962.9,0.3,47.22,34,72,8.05
8,14,10,inflection,none,False,1.5,5.0,2.5,0.0,514,1194.42,1.023,34.05,4161.71,0.29,34.72,25,72,6.58
8,14,10,inflection,none,False,1.5,5.0,2.5,200.0,198,2635.92,1.152,37.37,2412.6,1.09,55.56,40,72,34.35
8,14,10,inflection,none,False,1.5,5.0,2.5,250.0,225,2773.95,1.141,37.33,2748.84,1.01,52.78,38,72,31.86
8,14,10,zero_cross,ema200,True,1.35,3.5,1.5,0.0,191,-849.89,0.927,31.41,1990.25,-0.43,48.61,35,72,-8.58
8,14,10,zero_cross,ema200,True,1.35,3.5,1.5,200.0,171,-321.08,0.967,32.75,1859.1,-0.17,48.61,35,72,-3.5
8,14,10,zero_cross,ema200,True,1.35,3.5,1.5,250.0,181,-591.41,0.943,32.04,1859.1,-0.32,48.61,35,72,-6.29
8,14,10,zero_cross,ema200,True,1.35,3.5,2.0,0.0,178,963.6,1.08,39.89,1791.2,0.54,43.06,31,72,10.59
8,14,10,zero_cross,ema200,True,1.35,3.5,2.0,200.0,158,1068.66,1.106,40.51,1791.2,0.6,43.06,31,72,12.03
8,14,10,zero_cross,ema200,True,1.35,3.5,2.0,250.0,165,584.71,1.054,39.39,1791.2,0.33,41.67,30,72,6.07
8,14,10,zero_cross,ema200,True,1.35,3.5,2.5,0.0,169,1194.16,1.092,45.56,2008.26,0.59,45.83,33,72,13.34
8,14,10,zero_cross,ema200,True,1.35,3.5,2.5,200.0,141,1275.64,1.128,46.81,1824.5,0.7,48.61,35,72,16.38
8,14,10,zero_cross,ema200,True,1.35,3.5,2.5,250.0,153,129.05,1.011,44.44,1824.5,0.07,44.44,32,72,1.36
8,14,10,zero_cross,ema200,True,1.35,4.0,1.5,0.0,186,-794.76,0.932,28.49,2291.89,-0.35,43.06,31,72,-6.66
8,14,10,zero_cross,ema200,True,1.35,4.0,1.5,200.0,159,-764.56,0.92,28.93,2416.44,-0.32,44.44,32,72,-6.36
8,14,10,zero_cross,ema200,True,1.35,4.0,1.5,250.0,169,-817.0,0.92,28.99,2203.86,-0.37,43.06,31,72,-6.89
8,14,10,zero_cross,ema200,True,1.35,4.0,2.0,0.0,174,1487.96,1.122,37.36,1791.2,0.83,44.44,32,72,17.53
8,14,10,zero_cross,ema200,True,1.35,4.0,2.0,200.0,151,-50.66,0.995,35.76,1972.03,-0.03,44.44,32,72,-0.5
8,14,10,zero_cross,ema200,True,1.35,4.0,2.0,250.0,157,1182.97,1.111,37.58,1791.2,0.66,44.44,32,72,13.8
8,14,10,zero_cross,ema200,True,1.35,4.0,2.5,0.0,164,1987.21,1.152,43.29,1864.01,1.07,44.44,32,72,23.56
8,14,10,zero_cross,ema200,True,1.35,4.0,2.5,200.0,134,842.16,1.081,42.54,1903.27,0.44,45.83,33,72,9.56
8,14,10,zero_cross,ema200,True,1.35,4.0,2.5,250.0,141,1067.26,1.098,43.26,1903.27,0.56,44.44,32,72,11.94
8,14,10,zero_cross,ema200,True,1.35,4.5,1.5,0.0,185,-789.89,0.935,25.95,2649.25,-0.3,40.28,29,72,-5.78
8,14,10,zero_cross,ema200,True,1.35,4.5,1.5,200.0,157,-1259.35,0.873,25.48,2387.81,-0.53,41.67,30,72,-9.38
8,14,10,zero_cross,ema200,True,1.35,4.5,1.5,250.0,166,-1140.73,0.89,25.9,2587.94,-0.44,41.67,30,72,-8.32
8,14,10,zero_cross,ema200,True,1.35,4.5,2.0,0.0,170,1017.52,1.08,33.53,1791.2,0.57,47.22,34,72,12.26
8,14,10,zero_cross,ema200,True,1.35,4.5,2.0,200.0,140,49.97,1.005,33.57,1993.76,0.03,48.61,35,72,0.55
8,14,10,zero_cross,ema200,True,1.35,4.5,2.0,250.0,153,-231.4,0.979,32.68,2337.27,-0.1,45.83,33,72,-2.15
8,14,10,zero_cross,ema200,True,1.35,4.5,2.5,0.0,162,1067.33,1.077,38.27,1824.5,0.58,41.67,30,72,11.21
8,14,10,zero_cross,ema200,True,1.35,4.5,2.5,200.0,131,616.78,1.058,39.69,1856.15,0.33,43.06,31,72,6.52
8,14,10,zero_cross,ema200,True,1.35,4.5,2.5,250.0,142,31.65,1.003,38.03,2055.24,0.02,41.67,30,72,0.29
8,14,10,zero_cross,ema200,True,1.35,5.0,1.5,0.0,184,-1148.71,0.907,24.46,3081.27,-0.37,38.89,28,72,-7.3
8,14,10,zero_cross,ema200,True,1.35,5.0,1.5,200.0,153,-1442.79,0.856,24.18,2999.6,-0.48,40.28,29,72,-9.08
8,14,10,zero_cross,ema200,True,1.35,5.0,1.5,250.0,162,-1217.77,0.884,24.69,3095.24,-0.39,40.28,29,72,-7.79
8,14,10,zero_cross,ema200,True,1.35,5.0,2.0,0.0,167,1158.09,1.093,32.34,2420.3,0.48,45.83,33,72,11.79
8,14,10,zero_cross,ema200,True,1.35,5.0,2.0,200.0,137,1.66,1.0,32.85,2466.95,0.0,47.22,34,72,0.02
8,14,10,zero_cross,ema200,True,1.35,5.0,2.0,250.0,147,-629.54,0.944,31.29,2593.43,-0.24,45.83,33,72,-5.35
8,14,10,zero_cross,ema200,True,1.35,5.0,2.5,0.0,156,521.08,1.038,35.9,2609.31,0.2,43.06,31,72,4.56
8,14,10,zero_cross,ema200,True,1.35,5.0,2.5,200.0,123,23.38,1.002,38.21,2864.39,0.01,43.06,31,72,0.19
8,14,10,zero_cross,ema200,True,1.35,5.0,2.5,250.0,139,-1283.32,0.898,34.53,3021.72,-0.42,41.67,30,72,-8.74
8,14,10,zero_cross,ema200,True,1.4,3.5,1.5,0.0,195,-1205.87,0.899,30.77,1990.25,-0.61,47.22,34,72,-11.47
8,14,10,zero_cross,ema200,True,1.4,3.5,1.5,200.0,175,-677.06,0.932,32.0,1859.1,-0.36,47.22,34,72,-6.91
8,14,10,zero_cross,ema200,True,1.4,3.5,1.5,250.0,185,-947.39,0.911,31.35,1859.1,-0.51,47.22,34,72,-9.45
8,14,10,zero_cross,ema200,True,1.4,3.5,2.0,0.0,182,493.11,1.04,39.01,1791.2,0.28,43.06,31,72,5.22
8,14,10,zero_cross,ema200,True,1.4,3.5,2.0,200.0,162,598.17,1.057,39.51,1791.2,0.33,43.06,31,72,6.43
8,14,10,zero_cross,ema200,True,1.4,3.5,2.0,250.0,169,114.22,1.01,38.46,1791.2,0.06,41.67,30,72,1.14
8,14,10,zero_cross,ema200,True,1.4,3.5,2.5,0.0,173,868.97,1.065,45.09,2008.26,0.43,45.83,33,72,9.46
8,14,10,zero_cross,ema200,True,1.4,3.5,2.5,200.0,145,950.45,1.091,46.21,1824.5,0.52,48.61,35,72,11.8
8,14,10,zero_cross,ema200,True,1.4,3.5,2.5,250.0,157,-196.14,0.984,43.95,1824.5,-0.11,44.44,32,72,-2.01
8,14,10,zero_cross,ema200,True,1.4,4.0,1.5,0.0,190,-1150.74,0.905,27.89,2359.95,-0.49,41.67,30,72,-8.93
8,14,10,zero_cross,ema200,True,1.4,4.0,1.5,200.0,163,-1120.54,0.887,28.22,2416.44,-0.46,43.06,31,72,-8.71
8,14,10,zero_cross,ema200,True,1.4,4.0,1.5,250.0,173,-1172.98,0.889,28.32,2203.86,-0.53,41.67,30,72,-9.26
8,14,10,zero_cross,ema200,True,1.4,4.0,2.0,0.0,178,1017.47,1.08,36.52,1791.2,0.57,44.44,32,72,11.54
8,14,10,zero_cross,ema200,True,1.4,4.0,2.0,200.0,155,-521.15,0.953,34.84,1972.03,-0.26,44.44,32,72,-4.97
8,14,10,zero_cross,ema200,True,1.4,4.0,2.0,250.0,161,712.48,1.064,36.65,1791.2,0.4,44.44,32,72,7.96
8,14,10,zero_cross,ema200,True,1.4,4.0,2.5,0.0,168,1683.67,1.124,42.86,1864.01,0.9,45.83,33,72,20.09
8,14,10,zero_cross,ema200,True,1.4,4.0,2.5,200.0,138,538.62,1.05,42.03,1903.27,0.28,47.22,34,72,6.12
8,14,10,zero_cross,ema200,True,1.4,4.0,2.5,250.0,145,763.72,1.067,42.76,1903.27,0.4,45.83,33,72,8.56
8,14,10,zero_cross,ema200,True,1.4,4.5,1.5,0.0,189,-1145.87,0.908,25.4,2717.31,-0.42,38.89,28,72,-7.76
8,14,10,zero_cross,ema200,True,1.4,4.5,1.5,200.0,161,-1615.33,0.843,24.84,2414.35,-0.67,40.28,29,72,-11.16
8,14,10,zero_cross,ema200,True,1.4,4.5,1.5,250.0,170,-1496.71,0.86,25.29,2656.0,-0.56,40.28,29,72,-10.06
8,14,10,zero_cross,ema200,True,1.4,4.5,2.0,0.0,174,547.03,1.042,32.76,1791.2,0.31,47.22,34,72,6.36
8,14,10,zero_cross,ema200,True,1.4,4.5,2.0,200.0,144,-420.52,0.961,32.64,2083.47,-0.2,48.61,35,72,-4.3
8,14,10,zero_cross,ema200,True,1.4,4.5,2.0,250.0,157,-701.89,0.94,31.85,2426.98,-0.29,45.83,33,72,-6.14
8,14,10,zero_cross,ema200,True,1.4,4.5,2.5,0.0,166,785.44,1.054,37.95,1824.5,0.43,43.06,31,72,8.35
8,14,10,zero_cross,ema200,True,1.4,4.5,2.5,200.0,135,334.89,1.03,39.26,1856.15,0.18,44.44,32,72,3.56
8,14,10,zero_cross,ema200,True,1.4,4.5,2.5,250.0,146,-250.24,0.98,37.67,1863.47,-0.13,43.06,31,72,-2.45
8,14,10,zero_cross,ema200,True,1.4,5.0,1.5,0.0,188,-1504.69,0.881,23.94,3149.33,-0.48,37.5,27,72,-8.86
8,14,10,zero_cross,ema200,True,1.4,5.0,1.5,200.0,157,-1798.77,0.827,23.57,3067.66,-0.59,38.89,28,72,-10.45
8,14,10,zero_cross,ema200,True,1.4,5.0,1.5,250.0,166,-1573.75,0.855,24.1,3163.3,-0.5,38.89,28,72,-9.3
8,14,10,zero_cross,ema200,True,1.4,5.0,2.0,0.0,171,687.6,1.053,31.58,2420.3,0.28,45.83,33,72,6.74
8,14,10,zero_cross,ema200,True,1.4,5.0,2.0,200.0,141,-468.83,0.957,31.91,2556.66,-0.18,47.22,34,72,-4.19
8,14,10,zero_cross,ema200,True,1.4,5.0,2.0,250.0,151,-1100.03,0.907,30.46,2683.14,-0.41,45.83,33,72,-8.83
8,14,10,zero_cross,ema200,True,1.4,5.0,2.5,0.0,160,260.85,1.018,35.62,2609.31,0.1,43.06,31,72,2.24
8,14,10,zero_cross,ema200,True,1.4,5.0,2.5,200.0,127,-236.85,0.979,37.8,2748.08,-0.09,43.06,31,72,-1.9
8,14,10,zero_cross,ema200,True,1.4,5.0,2.5,250.0,143,-1543.55,0.882,34.27,2900.66,-0.53,41.67,30,72,-10.53
8,14,10,zero_cross,ema200,False,1.5,3.5,1.5,0.0,568,1603.75,1.047,32.57,3180.34,0.5,40.28,29,72,11.99
8,14,10,zero_cross,ema200,False,1.5,3.5,1.5,200.0,355,-155.12,0.992,32.68,2131.18,-0.07,51.39,37,72,-1.71
8,14,10,zero_cross,ema200,False,1.5,3.5,1.5,250.0,405,1327.48,1.059,33.33,1737.38,0.76,48.61,35,72,16.39
8,14,10,zero_cross,ema200,False,1.5,3.5,2.0,0.0,462,-1060.21,0.968,37.88,3744.53,-0.28,34.72,25,72,-5.82
8,14,10,zero_cross,ema200,False,1.5,3.5,2.0,200.0,294,-497.37,0.975,37.41,2930.56,-0.17,45.83,33,72,-4.11
8,14,10,zero_cross,ema200,False,1.5,3.5,2.0,250.0,313,-688.29,0.968,37.38,3163.92,-0.22,43.06,31,72,-5.1
8,14,10,zero_cross,ema200,False,1.5,3.5,2.5,0.0,425,-2224.65,0.937,43.06,4110.5,-0.54,38.89,28,72,-12.64
8,14,10,zero_cross,ema200,False,1.5,3.5,2.5,200.0,257,-2258.01,0.89,41.25,3454.22,-0.65,45.83,33,72,-15.67
8,14,10,zero_cross,ema200,False,1.5,3.5,2.5,250.0,270,-1821.25,0.914,41.85,3454.22,-0.53,44.44,32,72,-12.59
8,14,10,zero_cross,ema200,False,1.5,4.0,1.5,0.0,505,2332.02,1.075,30.3,3115.06,0.75,41.67,30,72,18.72
8,14,10,zero_cross,ema200,False,1.5,4.0,1.5,200.0,316,-2402.97,0.877,27.22,3837.29,-0.63,44.44,32,72,-15.12
8,14,10,zero_cross,ema200,False,1.5,4.0,1.5,250.0,348,-1898.87,0.91,28.16,3412.15,-0.56,43.06,31,72,-12.74
8,14,10,zero_cross,ema200,False,1.5,4.0,2.0,0.0,437,1056.48,1.033,36.38,3041.32,0.35,40.28,29,72,7.97
8,14,10,zero_cross,ema200,False,1.5,4.0,2.0,200.0,260,-1640.75,0.913,33.08,3647.2,-0.45,47.22,34,72,-11.71
8,14,10,zero_cross,ema200,False,1.5,4.0,2.0,250.0,280,-854.63,0.958,34.29,3158.84,-0.27,44.44,32,72,-6.47
8,14,10,zero_cross,ema200,False,1.5,4.0,2.5,0.0,408,-84.85,0.998,41.67,3189.06,-0.03,41.67,30,72,-0.62
8,14,10,zero_cross,ema200,False,1.5,4.0,2.5,200.0,232,-949.4,0.951,39.66,2271.97,-0.42,50.0,36,72,-9.47
8,14,10,zero_cross,ema200,False,1.5,4.0,2.5,250.0,247,-682.65,0.966,40.08,2512.11,-0.27,47.22,34,72,-6.21
8,14,10,zero_cross,ema200,False,1.5,4.5,1.5,0.0,500,2801.12,1.088,28.4,3398.78,0.82,45.83,33,72,23.96
8,14,10,zero_cross,ema200,False,1.5,4.5,1.5,200.0,305,-669.66,0.965,26.89,2693.27,-0.25,48.61,35,72,-6.05
8,14,10,zero_cross,ema200,False,1.5,4.5,1.5,250.0,356,530.89,1.025,28.09,2290.72,0.23,48.61,35,72,5.53
8,14,10,zero_cross,ema200,False,1.5,4.5,2.0,0.0,428,1088.35,1.033,33.64,3339.5,0.33,45.83,33,72,8.92
8,14,10,zero_cross,ema200,False,1.5,4.5,2.0,200.0,257,573.83,1.031,33.46,1899.99,0.3,51.39,37,72,6.98
8,14,10,zero_cross,ema200,False,1.5,4.5,2.0,250.0,281,57.33,1.003,32.74,2909.0,0.02,48.61,35,72,0.52
8,14,10,zero_cross,ema200,False,1.5,4.5,2.5,0.0,386,-878.15,0.975,37.82,3853.72,-0.23,37.5,27,72,-5.17
8,14,10,zero_cross,ema200,False,1.5,4.5,2.5,200.0,223,161.14,1.009,38.57,2490.8,0.06,48.61,35,72,1.58
8,14,10,zero_cross,ema200,False,1.5,4.5,2.5,250.0,249,106.65,1.005,37.75,2207.03,0.05,44.44,32,72,1.01
8,14,10,zero_cross,ema200,False,1.5,5.0,1.5,0.0,480,2939.67,1.092,26.88,3246.24,0.91,41.67,30,72,23.48
8,14,10,zero_cross,ema200,False,1.5,5.0,1.5,200.0,260,595.65,1.036,25.77,2370.68,0.25,48.61,35,72,6.16
8,14,10,zero_cross,ema200,False,1.5,5.0,1.5,250.0,307,221.42,1.011,25.73,2306.23,0.1,45.83,33,72,2.14
8,14,10,zero_cross,ema200,False,1.5,5.0,2.0,0.0,411,-115.86,0.996,31.39,3437.5,-0.03,38.89,28,72,-0.77
8,14,10,zero_cross,ema200,False,1.5,5.0,2.0,200.0,225,-1291.88,0.927,29.78,2021.76,-0.64,47.22,34,72,-12.58
8,14,10,zero_cross,ema200,False,1.5,5.0,2.0,250.0,268,-648.39,0.968,30.6,2397.12,-0.27,43.06,31,72,-5.52
8,14,10,zero_cross,ema200,False,1.5,5.0,2.5,0.0,376,-876.65,0.975,35.9,3708.67,-0.24,38.89,28,72,-5.46
8,14,10,zero_cross,ema200,False,1.5,5.0,2.5,200.0,209,-2145.16,0.889,34.93,2785.94,-0.77,47.22,34,72,-17.06
8,14,10,zero_cross,ema200,False,1.5,5.0,2.5,250.0,244,-1415.58,0.936,35.66,3176.33,-0.45,45.83,33,72,-10.77
8,14,10,zero_cross,ema50,True,1.35,3.5,1.5,0.0,242,588.65,1.041,31.82,1444.97,0.41,47.22,34,72,7.61
8,14,10,zero_cross,ema50,True,1.35,3.5,1.5,200.0,202,1785.6,1.167,34.16,1166.85,1.53,50.0,36,72,30.5
8,14,10,zero_cross,ema50,True,1.35,3.5,1.5,250.0,216,1100.56,1.093,32.87,1266.13,0.87,47.22,34,72,15.96
8,14,10,zero_cross,ema50,True,1.35,3.5,2.0,0.0,220,2438.43,1.165,39.55,1730.53,1.41,51.39,37,72,35.09
8,14,10,zero_cross,ema50,True,1.35,3.5,2.0,200.0,179,2194.65,1.196,40.22,1472.27,1.49,52.78,38,72,36.11
8,14,10,zero_cross,ema50,True,1.35,3.5,2.0,250.0,196,2451.39,1.198,40.31,1472.27,1.67,51.39,37,72,39.33
8,14,10,zero_cross,ema50,True,1.35,3.5,2.5,0.0,208,1906.87,1.117,43.75,1932.42,0.99,48.61,35,72,23.55
8,14,10,zero_cross,ema50,True,1.35,3.5,2.5,200.0,168,1363.53,1.113,44.05,1426.61,0.96,52.78,38,72,21.21
8,14,10,zero_cross,ema50,True,1.35,3.5,2.5,250.0,183,1058.48,1.078,43.72,1548.39,0.68,48.61,35,72,14.1
8,14,10,zero_cross,ema50,True,1.35,4.0,1.5,0.0,236,394.46,1.027,28.39,1851.04,0.21,44.44,32,72,4.18
8,14,10,zero_cross,ema50,True,1.35,4.0,1.5,200.0,195,976.79,1.087,29.23,1851.04,0.53,47.22,34,72,11.65
8,14,10,zero_cross,ema50,True,1.35,4.0,1.5,250.0,202,1100.13,1.096,29.7,1851.04,0.59,47.22,34,72,13.23
8,14,10,zero_cross,ema50,True,1.35,4.0,2.0,0.0,213,3221.2,1.215,37.09,1730.53,1.86,48.61,35,72,45.73
8,14,10,zero_cross,ema50,True,1.35,4.0,2.0,200.0,167,1940.49,1.174,37.13,1668.87,1.16,50.0,36,72,27.88
8,14,10,zero_cross,ema50,True,1.35,4.0,2.0,250.0,179,2828.51,1.24,37.99,1472.27,1.92,50.0,36,72,45.7
8,14,10,zero_cross,ema50,True,1.35,4.0,2.5,0.0,204,3020.57,1.182,41.67,1788.17,1.69,48.61,35,72,41.04
8,14,10,zero_cross,ema50,True,1.35,4.0,2.5,200.0,158,1091.15,1.089,40.51,1429.74,0.76,51.39,37,72,16.15
8,14,10,zero_cross,ema50,True,1.35,4.0,2.5,250.0,171,1504.44,1.114,41.52,1804.32,0.83,50.0,36,72,19.73
8,14,10,zero_cross,ema50,True,1.35,4.5,1.5,0.0,234,862.17,1.058,26.5,2044.85,0.42,41.67,30,72,8.41
8,14,10,zero_cross,ema50,True,1.35,4.5,1.5,200.0,191,487.78,1.042,26.18,1995.09,0.24,44.44,32,72,5.06
8,14,10,zero_cross,ema50,True,1.35,4.5,1.5,250.0,205,449.22,1.037,26.34,1995.09,0.23,43.06,31,72,4.49
8,14,10,zero_cross,ema50,True,1.35,4.5,2.0,0.0,212,4183.97,1.274,35.38,1730.53,2.42,51.39,37,72,65.85
8,14,10,zero_cross,ema50,True,1.35,4.5,2.0,200.0,163,2707.27,1.241,35.58,1742.71,1.55,54.17,39,72,43.6
8,14,10,zero_cross,ema50,True,1.35,4.5,2.0,250.0,176,2111.55,1.172,34.66,1742.71,1.21,51.39,37,72,30.46
8,14,10,zero_cross,ema50,True,1.35,4.5,2.5,0.0,198,3119.75,1.184,38.38,1748.66,1.78,50.0,36,72,44.17
8,14,10,zero_cross,ema50,True,1.35,4.5,2.5,200.0,152,1231.38,1.099,38.16,1426.61,0.86,51.39,37,72,18.41
8,14,10,zero_cross,ema50,True,1.35,4.5,2.5,250.0,160,922.09,1.07,37.5,1426.61,0.65,51.39,37,72,13.42
8,14,10,zero_cross,ema50,True,1.35,5.0,1.5,0.0,233,1014.78,1.067,25.32,2509.57,0.4,40.28,29,72,8.71
8,14,10,zero_cross,ema50,True,1.35,5.0,1.5,200.0,185,1204.61,1.105,25.95,2619.91,0.46,44.44,32,72,11.56
8,14,10,zero_cross,ema50,True,1.35,5.0,1.5,250.0,197,854.99,1.07,25.38,2619.91,0.33,43.06,31,72,7.7
8,14,10,zero_cross,ema50,True,1.35,5.0,2.0,0.0,209,4971.29,1.331,34.45,2359.63,2.11,50.0,36,72,68.11
8,14,10,zero_cross,ema50,True,1.35,5.0,2.0,200.0,156,2942.64,1.262,34.62,2187.41,1.35,52.78,38,72,41.91
8,14,10,zero_cross,ema50,True,1.35,5.0,2.0,250.0,174,2360.74,1.187,33.33,2187.41,1.08,51.39,37,72,30.79
8,14,10,zero_cross,ema50,True,1.35,5.0,2.5,0.0,193,4023.99,1.244,37.82,2533.47,1.59,51.39,37,72,51.11
8,14,10,zero_cross,ema50,True,1.35,5.0,2.5,200.0,140,1938.51,1.162,38.57,2586.15,0.75,52.78,38,72,23.38
8,14,10,zero_cross,ema50,True,1.35,5.0,2.5,250.0,159,258.83,1.019,35.22,2586.15,0.1,50.0,36,72,2.59
8,14,10,zero_cross,ema50,True,1.4,3.5,1.5,0.0,246,192.71,1.013,31.3,1509.23,0.13,47.22,34,72,2.37
8,14,10,zero_cross,ema50,True,1.4,3.5,1.5,200.0,203,1721.34,1.16,33.99,1213.84,1.42,50.0,36,72,28.66
8,14,10,zero_cross,ema50,True,1.4,3.5,1.5,250.0,218,968.24,1.081,32.57,1266.13,0.76,47.22,34,72,13.89
8,14,10,zero_cross,ema50,True,1.4,3.5,2.0,0.0,224,2456.73,1.163,39.29,1730.53,1.42,51.39,37,72,35.3
8,14,10,zero_cross,ema50,True,1.4,3.5,2.0,200.0,182,2197.61,1.193,40.11,1472.27,1.49,52.78,38,72,36.06
8,14,10,zero_cross,ema50,True,1.4,3.5,2.0,250.0,198,2277.04,1.182,39.9,1472.27,1.55,51.39,37,72,36.05
8,14,10,zero_cross,ema50,True,1.4,3.5,2.5,0.0,211,2211.46,1.135,44.08,1932.42,1.14,48.61,35,72,27.76
8,14,10,zero_cross,ema50,True,1.4,3.5,2.5,200.0,169,1512.0,1.125,44.38,1426.61,1.06,52.78,38,72,23.77
8,14,10,zero_cross,ema50,True,1.4,3.5,2.5,250.0,183,1029.64,1.076,43.72,1548.39,0.66,48.61,35,72,13.69
8,14,10,zero_cross,ema50,True,1.4,4.0,1.5,0.0,240,-1.48,1.0,27.92,1915.3,-0.0,44.44,32,72,-0.02
8,14,10,zero_cross,ema50,True,1.4,4.0,1.5,200.0,198,1047.55,1.092,29.29,1915.3,0.55,47.22,34,72,12.34
8,14,10,zero_cross,ema50,True,1.4,4.0,1.5,250.0,205,1170.89,1.101,29.76,1915.3,0.61,47.22,34,72,13.91
8,14,10,zero_cross,ema50,True,1.4,4.0,2.0,0.0,217,3288.78,1.215,36.87,1730.53,1.9,48.61,35,72,46.69
8,14,10,zero_cross,ema50,True,1.4,4.0,2.0,200.0,170,1969.22,1.174,37.06,1668.87,1.18,50.0,36,72,28.3
8,14,10,zero_cross,ema50,True,1.4,4.0,2.0,250.0,182,2857.24,1.239,37.91,1472.27,1.94,50.0,36,72,46.13
8,14,10,zero_cross,ema50,True,1.4,4.0,2.5,0.0,207,3396.09,1.202,42.03,1788.17,1.9,48.61,35,72,46.93
8,14,10,zero_cross,ema50,True,1.4,4.0,2.5,200.0,159,1261.27,1.103,40.88,1429.74,0.88,51.39,37,72,18.91
8,14,10,zero_cross,ema50,True,1.4,4.0,2.5,250.0,172,1674.56,1.127,41.86,1804.32,0.93,50.0,36,72,22.21
8,14,10,zero_cross,ema50,True,1.4,4.5,1.5,0.0,238,466.23,1.03,26.05,2109.11,0.22,41.67,30,72,4.36
8,14,10,zero_cross,ema50,True,1.4,4.5,1.5,200.0,193,355.46,1.03,25.91,1995.09,0.18,44.44,32,72,3.64
8,14,10,zero_cross,ema50,True,1.4,4.5,1.5,250.0,208,545.76,1.044,26.44,1995.09,0.27,43.06,31,72,5.49
8,14,10,zero_cross,ema50,True,1.4,4.5,2.0,0.0,216,4300.83,1.276,35.19,1730.53,2.49,51.39,37,72,67.79
8,14,10,zero_cross,ema50,True,1.4,4.5,2.0,200.0,166,2761.78,1.242,35.54,1742.71,1.58,54.17,39,72,44.51
8,14,10,zero_cross,ema50,True,1.4,4.5,2.0,250.0,179,2166.06,1.174,34.64,1742.71,1.24,51.39,37,72,31.3
8,14,10,zero_cross,ema50,True,1.4,4.5,2.5,0.0,201,3566.2,1.208,38.81,1748.66,2.04,50.0,36,72,51.51
8,14,10,zero_cross,ema50,True,1.4,4.5,2.5,200.0,153,1423.15,1.115,38.56,1426.61,1.0,51.39,37,72,21.59
8,14,10,zero_cross,ema50,True,1.4,4.5,2.5,250.0,161,1113.86,1.085,37.89,1426.61,0.78,51.39,37,72,16.44
8,14,10,zero_cross,ema50,True,1.4,5.0,1.5,0.0,237,618.84,1.04,24.89,2660.51,0.23,40.28,29,72,5.03
8,14,10,zero_cross,ema50,True,1.4,5.0,1.5,200.0,187,1072.29,1.093,25.67,2619.91,0.41,44.44,32,72,10.18
8,14,10,zero_cross,ema50,True,1.4,5.0,1.5,250.0,200,977.3,1.079,25.5,2619.91,0.37,43.06,31,72,8.87
8,14,10,zero_cross,ema50,True,1.4,5.0,2.0,0.0,213,5137.43,1.334,34.27,2359.63,2.18,50.0,36,72,70.54
8,14,10,zero_cross,ema50,True,1.4,5.0,2.0,200.0,158,2768.29,1.243,34.18,2187.41,1.27,52.78,38,72,38.83
8,14,10,zero_cross,ema50,True,1.4,5.0,2.0,250.0,177,2441.02,1.191,33.33,2187.41,1.12,51.39,37,72,31.94
8,14,10,zero_cross,ema50,True,1.4,5.0,2.5,0.0,196,4541.38,1.273,38.27,2533.47,1.79,51.39,37,72,59.03
8,14,10,zero_cross,ema50,True,1.4,5.0,2.5,200.0,140,1837.74,1.153,38.57,2586.15,0.71,52.78,38,72,21.99
8,14,10,zero_cross,ema50,True,1.4,5.0,2.5,250.0,160,472.26,1.034,35.62,2586.15,0.18,50.0,36,72,4.8
8,14,10,zero_cross,ema50,False,1.5,3.5,1.5,0.0,632,-1409.26,0.963,31.49,3804.03,-0.37,45.83,33,72,-10.08
8,14,10,zero_cross,ema50,False,1.5,3.5,1.5,200.0,406,785.5,1.036,33.25,2140.09,0.37,54.17,39,72,9.53
8,14,10,zero_cross,ema50,False,1.5,3.5,1.5,250.0,449,1222.24,1.05,33.63,2140.09,0.57,52.78,38,72,14.64
8,14,10,zero_cross,ema50,False,1.5,3.5,2.0,0.0,537,869.69,1.021,38.18,3405.98,0.26,37.5,27,72,5.71
8,14,10,zero_cross,ema50,False,1.5,3.5,2.0,200.0,308,-902.11,0.957,37.99,3037.96,-0.3,50.0,36,72,-7.83
8,14,10,zero_cross,ema50,False,1.5,3.5,2.0,250.0,341,-729.57,0.969,38.12,2977.95,-0.24,47.22,34,72,-6.12
8,14,10,zero_cross,ema50,False,1.5,3.5,2.5,0.0,483,-1167.68,0.972,42.24,5090.5,-0.23,40.28,29,72,-6.41
8,14,10,zero_cross,ema50,False,1.5,3.5,2.5,200.0,264,770.55,1.04,43.94,2001.75,0.38,52.78,38,72,9.45
8,14,10,zero_cross,ema50,False,1.5,3.5,2.5,250.0,296,343.56,1.016,43.58,2179.1,0.16,50.0,36,72,3.74
8,14,10,zero_cross,ema50,False,1.5,4.0,1.5,0.0,592,1173.26,1.032,30.07,3146.49,0.37,45.83,33,72,9.89
8,14,10,zero_cross,ema50,False,1.5,4.0,1.5,200.0,349,2139.98,1.108,31.81,1779.73,1.2,55.56,40,72,31.23
8,14,10,zero_cross,ema50,False,1.5,4.0,1.5,250.0,399,1720.6,1.076,31.08,2276.14,0.76,51.39,37,72,19.94
8,14,10,zero_cross,ema50,False,1.5,4.0,2.0,0.0,524,5512.46,1.135,37.6,2536.0,2.17,48.61,35,72,60.39
8,14,10,zero_cross,ema50,False,1.5,4.0,2.0,200.0,281,1628.05,1.084,37.37,2845.8,0.57,56.94,41,72,18.84
8,14,10,zero_cross,ema50,False,1.5,4.0,2.0,250.0,302,1430.56,1.068,37.09,2828.35,0.51,54.17,39,72,15.56
8,14,10,zero_cross,ema50,False,1.5,4.0,2.5,0.0,465,2899.68,1.07,42.15,3290.11,0.88,47.22,34,72,25.54
8,14,10,zero_cross,ema50,False,1.5,4.0,2.5,200.0,249,1846.02,1.096,42.97,2305.48,0.8,55.56,40,72,23.41
8,14,10,zero_cross,ema50,False,1.5,4.0,2.5,250.0,268,2185.59,1.105,43.28,2454.09,0.89,54.17,39,72,26.41
8,14,10,zero_cross,ema50,False,1.5,4.5,1.5,0.0,562,504.91,1.014,27.4,3767.32,0.13,41.67,30,72,3.48
8,14,10,zero_cross,ema50,False,1.5,4.5,1.5,200.0,310,3601.78,1.194,30.65,1810.53,1.99,56.94,41,72,57.55
8,14,10,zero_cross,ema50,False,1.5,4.5,1.5,250.0,357,3453.89,1.163,30.25,1810.53,1.91,52.78,38,72,49.83
8,14,10,zero_cross,ema50,False,1.5,4.5,2.0,0.0,493,3995.86,1.1,35.09,3537.26,1.13,43.06,31,72,31.82
8,14,10,zero_cross,ema50,False,1.5,4.5,2.0,200.0,258,2847.66,1.155,36.82,1784.47,1.6,56.94,41,72,44.33
8,14,10,zero_cross,ema50,False,1.5,4.5,2.0,250.0,290,2808.07,1.136,36.21,1959.94,1.43,52.78,38,72,38.03
8,14,10,zero_cross,ema50,False,1.5,4.5,2.5,0.0,445,6528.62,1.163,41.35,3150.67,2.07,50.0,36,72,67.63
8,14,10,zero_cross,ema50,False,1.5,4.5,2.5,200.0,226,4097.69,1.231,42.48,1505.46,2.72,59.72,43,72,77.64
8,14,10,zero_cross,ema50,False,1.5,4.5,2.5,250.0,258,5050.48,1.255,43.41,1505.46,3.35,58.33,42,72,95.29
8,14,10,zero_cross,ema50,False,1.5,5.0,1.5,0.0,552,604.13,1.016,25.54,3793.62,0.16,41.67,30,72,4.15
8,14,10,zero_cross,ema50,False,1.5,5.0,1.5,200.0,258,4102.59,1.264,30.23,2364.86,1.73,58.33,42,72,62.2
8,14,10,zero_cross,ema50,False,1.5,5.0,1.5,250.0,334,3462.49,1.17,28.44,2137.77,1.62,51.39,37,72,45.03
8,14,10,zero_cross,ema50,False,1.5,5.0,2.0,0.0,481,5215.94,1.13,32.85,3608.94,1.45,38.89,28,72,38.16
8,14,10,zero_cross,ema50,False,1.5,5.0,2.0,200.0,224,4156.29,1.252,35.71,1631.77,2.55,58.33,42,72,75.14
8,14,10,zero_cross,ema50,False,1.5,5.0,2.0,250.0,282,2784.23,1.134,33.69,2007.21,1.39,51.39,37,72,36.22
8,14,10,zero_cross,ema50,False,1.5,5.0,2.5,0.0,429,3890.88,1.097,38.23,4813.61,0.81,40.28,29,72,24.78
8,14,10,zero_cross,ema50,False,1.5,5.0,2.5,200.0,206,4492.2,1.26,39.32,1413.63,3.18,58.33,42,72,87.81
8,14,10,zero_cross,ema50,False,1.5,5.0,2.5,250.0,247,3328.51,1.158,37.65,1413.63,2.35,52.78,38,72,54.11
8,14,10,zero_cross,none,True,1.35,3.5,1.5,0.0,312,-1527.3,0.923,29.17,2092.89,-0.73,41.67,30,72,-12.84
8,14,10,zero_cross,none,True,1.35,3.5,1.5,200.0,247,2.73,1.0,30.77,1333.15,0.0,48.61,35,72,0.04
8,14,10,zero_cross,none,True,1.35,3.5,1.5,250.0,267,-806.16,0.948,29.59,1730.76,-0.47,44.44,32,72,-8.16
8,14,10,zero_cross,none,True,1.35,3.5,2.0,0.0,275,-2420.58,0.887,34.55,3758.94,-0.64,37.5,27,72,-13.13
8,14,10,zero_cross,none,True,1.35,3.5,2.0,200.0,213,-1387.91,0.908,34.74,2375.15,-0.58,44.44,32,72,-11.49
8,14,10,zero_cross,none,True,1.35,3.5,2.0,250.0,226,-1552.46,0.904,34.51,2205.62,-0.7,43.06,31,72,-12.87
8,14,10,zero_cross,none,True,1.35,3.5,2.5,0.0,257,-315.35,0.986,40.47,2907.18,-0.11,41.67,30,72,-2.4
8,14,10,zero_cross,none,True,1.35,3.5,2.5,200.0,194,-197.33,0.987,40.72,2865.92,-0.07,47.22,34,72,-1.72
8,14,10,zero_cross,none,True,1.35,3.5,2.5,250.0,209,-734.77,0.956,40.19,2929.72,-0.25,44.44,32,72,-5.77
8,14,10,zero_cross,none,True,1.35,4.0,1.5,0.0,305,-1615.54,0.92,26.56,3131.23,-0.52,43.06,31,72,-11.44
8,14,10,zero_cross,none,True,1.35,4.0,1.5,200.0,231,66.16,1.005,27.27,1814.02,0.04,48.61,35,72,0.76
8,14,10,zero_cross,none,True,1.35,4.0,1.5,250.0,247,323.46,1.022,27.94,1814.02,0.18,48.61,35,72,3.77
8,14,10,zero_cross,none,True,1.35,4.0,2.0,0.0,270,-1827.86,0.917,32.59,4312.53,-0.42,38.89,28,72,-9.93
8,14,10,zero_cross,none,True,1.35,4.0,2.0,200.0,199,-1425.87,0.904,31.66,2710.91,-0.53,45.83,33,72,-11.35
8,14,10,zero_cross,none,True,1.35,4.0,2.0,250.0,215,-630.36,0.96,33.02,2640.11,-0.24,44.44,32,72,-5.23
8,14,10,zero_cross,none,True,1.35,4.0,2.5,0.0,252,967.08,1.043,38.89,2987.67,0.32,40.28,29,72,7.43
8,14,10,zero_cross,none,True,1.35,4.0,2.5,200.0,182,-84.2,0.994,37.91,2345.92,-0.04,45.83,33,72,-0.79
8,14,10,zero_cross,none,True,1.35,4.0,2.5,250.0,196,484.1,1.03,38.78,2338.57,0.21,44.44,32,72,4.58
8,14,10,zero_cross,none,True,1.35,4.5,1.5,0.0,299,-1154.33,0.943,24.75,3305.4,-0.35,41.67,30,72,-7.89
8,14,10,zero_cross,none,True,1.35,4.5,1.5,200.0,216,773.13,1.058,26.39,1536.66,0.5,47.22,34,72,9.85
8,14,10,zero_cross,none,True,1.35,4.5,1.5,250.0,245,297.48,1.02,25.71,2009.45,0.15,45.83,33,72,3.1
8,14,10,zero_cross,none,True,1.35,4.5,2.0,0.0,263,-1260.81,0.943,30.8,4541.92,-0.28,41.67,30,72,-7.35
8,14,10,zero_cross,none,True,1.35,4.5,2.0,200.0,187,-918.32,0.936,30.48,2827.53,-0.32,48.61,35,72,-7.86
8,14,10,zero_cross,none,True,1.35,4.5,2.0,250.0,205,-866.93,0.944,30.24,3138.61,-0.28,45.83,33,72,-6.69
8,14,10,zero_cross,none,True,1.35,4.5,2.5,0.0,243,912.36,1.04,35.39,2565.83,0.36,41.67,30,72,7.81
8,14,10,zero_cross,none,True,1.35,4.5,2.5,200.0,167,144.37,1.01,35.33,1863.6,0.08,48.61,35,72,1.64
8,14,10,zero_cross,none,True,1.35,4.5,2.5,250.0,183,508.95,1.033,35.52,1956.75,0.26,47.22,34,72,5.61
8,14,10,zero_cross,none,True,1.35,5.0,1.5,0.0,297,-1118.31,0.946,23.23,3595.69,-0.31,40.28,29,72,-7.11
8,14,10,zero_cross,none,True,1.35,5.0,1.5,200.0,202,1142.18,1.089,25.25,1890.37,0.6,47.22,34,72,13.51
8,14,10,zero_cross,none,True,1.35,5.0,1.5,250.0,229,387.72,1.027,24.02,1933.57,0.2,44.44,32,72,4.02
8,14,10,zero_cross,none,True,1.35,5.0,2.0,0.0,259,-139.06,0.993,29.73,4354.67,-0.03,40.28,29,72,-0.84
8,14,10,zero_cross,none,True,1.35,5.0,2.0,200.0,176,-676.72,0.952,29.55,2845.68,-0.24,45.83,33,72,-5.53
8,14,10,zero_cross,none,True,1.35,5.0,2.0,250.0,201,-1821.1,0.886,27.86,3255.08,-0.56,43.06,31,72,-12.18
8,14,10,zero_cross,none,True,1.35,5.0,2.5,0.0,239,-448.84,0.981,33.47,4244.85,-0.11,41.67,30,72,-2.82
8,14,10,zero_cross,none,True,1.35,5.0,2.5,200.0,155,-1060.48,0.926,32.9,2663.4,-0.4,48.61,35,72,-9.25
8,14,10,zero_cross,none,True,1.35,5.0,2.5,250.0,179,-2234.68,0.866,31.28,3051.36,-0.73,44.44,32,72,-15.57
8,14,10,zero_cross,none,True,1.4,3.5,1.5,0.0,319,-2247.51,0.89,28.53,2813.1,-0.8,38.89,28,72,-14.67
8,14,10,zero_cross,none,True,1.4,3.5,1.5,200.0,254,-384.15,0.973,30.31,1623.23,-0.24,45.83,33,72,-4.25
8,14,10,zero_cross,none,True,1.4,3.5,1.5,250.0,274,-1193.04,0.925,29.2,2025.69,-0.59,41.67,30,72,-10.22
8,14,10,zero_cross,none,True,1.4,3.5,2.0,0.0,278,-3040.27,0.861,33.81,3726.26,-0.82,37.5,27,72,-16.08
8,14,10,zero_cross,none,True,1.4,3.5,2.0,200.0,216,-2162.75,0.86,33.8,2617.45,-0.83,44.44,32,72,-16.16
8,14,10,zero_cross,none,True,1.4,3.5,2.0,250.0,229,-2327.3,0.859,33.62,2775.46,-0.84,43.06,31,72,-16.34
8,14,10,zero_cross,none,True,1.4,3.5,2.5,0.0,258,-1068.63,0.953,39.53,3048.51,-0.35,40.28,29,72,-7.43
8,14,10,zero_cross,none,True,1.4,3.5,2.5,200.0,195,-1101.44,0.929,39.49,3169.32,-0.35,45.83,33,72,-8.33
8,14,10,zero_cross,none,True,1.4,3.5,2.5,250.0,210,-1638.88,0.903,39.05,3233.12,-0.51,43.06,31,72,-11.21
8,14,10,zero_cross,none,True,1.4,4.0,1.5,0.0,312,-2349.67,0.887,25.96,3312.68,-0.71,38.89,28,72,-14.08
8,14,10,zero_cross,none,True,1.4,4.0,1.5,200.0,238,-309.99,0.978,26.89,1814.02,-0.17,45.83,33,72,-3.26
8,14,10,zero_cross,none,True,1.4,4.0,1.5,250.0,254,-52.69,0.996,27.56,1814.02,-0.03,45.83,33,72,-0.56
8,14,10,zero_cross,none,True,1.4,4.0,2.0,0.0,272,-2342.72,0.895,31.99,3995.43,-0.59,38.89,28,72,-12.9
8,14,10,zero_cross,none,True,1.4,4.0,2.0,200.0,201,-2120.51,0.859,30.85,2703.39,-0.78,45.83,33,72,-16.06
8,14,10,zero_cross,none,True,1.4,4.0,2.0,250.0,217,-1325.0,0.918,32.26,2714.15,-0.49,44.44,32,72,-10.38
8,14,10,zero_cross,none,True,1.4,4.0,2.5,0.0,255,237.87,1.01,38.04,2760.24,0.09,40.28,29,72,1.84
8,14,10,zero_cross,none,True,1.4,4.0,2.5,200.0,185,-988.87,0.936,36.76,2508.17,-0.39,45.83,33,72,-8.47
8,14,10,zero_cross,none,True,1.4,4.0,2.5,250.0,199,-420.57,0.974,37.69,2500.82,-0.17,44.44,32,72,-3.64
8,14,10,zero_cross,none,True,1.4,4.5,1.5,0.0,306,-1902.38,0.909,24.18,3415.49,-0.56,43.06,31,72,-12.74
8,14,10,zero_cross,none,True,1.4,4.5,1.5,200.0,227,215.43,1.015,25.55,1855.65,0.12,48.61,35,72,2.47
8,14,10,zero_cross,none,True,1.4,4.5,1.5,250.0,252,-67.94,0.996,25.4,2328.44,-0.03,47.22,34,72,-0.66
8,14,10,zero_cross,none,True,1.4,4.5,2.0,0.0,266,-1913.96,0.915,30.08,4049.57,-0.47,40.28,29,72,-11.09
8,14,10,zero_cross,none,True,1.4,4.5,2.0,200.0,190,-1775.88,0.88,29.47,2713.65,-0.65,47.22,34,72,-14.17
8,14,10,zero_cross,none,True,1.4,4.5,2.0,250.0,208,-1724.49,0.892,29.33,3016.85,-0.57,44.44,32,72,-12.45
8,14,10,zero_cross,none,True,1.4,4.5,2.5,0.0,247,17.72,1.001,34.41,3066.18,0.01,40.28,29,72,0.13
8,14,10,zero_cross,none,True,1.4,4.5,2.5,200.0,171,-950.36,0.936,33.92,2140.07,-0.44,47.22,34,72,-9.08
8,14,10,zero_cross,none,True,1.4,4.5,2.5,250.0,187,-585.78,0.964,34.22,2560.75,-0.23,45.83,33,72,-5.11
8,14,10,zero_cross,none,True,1.4,5.0,1.5,0.0,302,-2264.7,0.893,22.19,4067.44,-0.56,41.67,30,72,-13.21
8,14,10,zero_cross,none,True,1.4,5.0,1.5,200.0,210,278.86,1.021,23.81,1890.37,0.15,48.61,35,72,3.18
8,14,10,zero_cross,none,True,1.4,5.0,1.5,250.0,235,-408.26,0.973,22.98,2254.38,-0.18,45.83,33,72,-3.83
8,14,10,zero_cross,none,True,1.4,5.0,2.0,0.0,261,-1050.43,0.952,28.74,4205.38,-0.25,37.5,27,72,-5.78
8,14,10,zero_cross,none,True,1.4,5.0,2.0,200.0,181,-1803.73,0.876,28.18,2845.68,-0.63,43.06,31,72,-12.75
8,14,10,zero_cross,none,True,1.4,5.0,2.0,250.0,203,-2961.51,0.82,26.6,3595.49,-0.82,40.28,29,72,-16.31
8,14,10,zero_cross,none,True,1.4,5.0,2.5,0.0,242,-1603.48,0.932,32.23,3755.15,-0.43,38.89,28,72,-9.48
8,14,10,zero_cross,none,True,1.4,5.0,2.5,200.0,160,-2366.03,0.844,31.25,2663.4,-0.89,45.83,33,72,-17.73
8,14,10,zero_cross,none,True,1.4,5.0,2.5,250.0,182,-3614.04,0.791,29.67,3738.26,-0.97,41.67,30,72,-19.48
8,14,10,zero_cross,none,False,1.5,3.5,1.5,0.0,725,-3169.91,0.93,29.38,6836.0,-0.46,31.94,23,72,-11.39
8,14,10,zero_cross,none,False,1.5,3.5,1.5,200.0,357,1744.58,1.093,31.93,2509.01,0.7,52.78,38,72,20.09
8,14,10,zero_cross,none,False,1.5,3.5,1.5,250.0,422,755.88,1.032,31.28,3681.65,0.21,47.22,34,72,6.07
8,14,10,zero_cross,none,False,1.5,3.5,2.0,0.0,575,-1203.33,0.974,35.3,7479.2,-0.16,30.56,22,72,-4.14
8,14,10,zero_cross,none,False,1.5,3.5,2.0,200.0,275,-761.21,0.96,35.27,4274.29,-0.18,47.22,34,72,-5.28
8,14,10,zero_cross,none,False,1.5,3.5,2.0,250.0,312,-1025.34,0.953,35.26,4838.71,-0.21,45.83,33,72,-6.44
8,14,10,zero_cross,none,False,1.5,3.5,2.5,0.0,478,-3806.14,0.913,38.28,8241.04,-0.46,25.0,18,72,-9.57
8,14,10,zero_cross,none,False,1.5,3.5,2.5,200.0,242,-1619.38,0.917,39.26,4695.92,-0.34,45.83,33,72,-9.93
8,14,10,zero_cross,none,False,1.5,3.5,2.5,250.0,265,-1238.77,0.943,40.0,3841.73,-0.32,44.44,32,72,-8.38
8,14,10,zero_cross,none,False,1.5,4.0,1.5,0.0,686,-4681.19,0.897,25.66,7365.99,-0.64,27.78,20,72,-13.59
8,14,10,zero_cross,none,False,1.5,4.0,1.5,200.0,337,1229.16,1.064,28.19,3115.39,0.39,51.39,37,72,12.04
8,14,10,zero_cross,none,False,1.5,4.0,1.5,250.0,387,1506.21,1.069,27.91,3311.82,0.45,48.61,35,72,13.6
8,14,10,zero_cross,none,False,1.5,4.0,2.0,0.0,544,-3606.86,0.922,30.88,7944.74,-0.45,26.39,19,72,-9.85
8,14,10,zero_cross,none,False,1.5,4.0,2.0,200.0,258,572.95,1.031,33.72,2998.63,0.19,50.0,36,72,5.39
8,14,10,zero_cross,none,False,1.5,4.0,2.0,250.0,301,98.75,1.005,33.22,3049.79,0.03,45.83,33,72,0.82
8,14,10,zero_cross,none,False,1.5,4.0,2.5,0.0,442,-5244.89,0.879,35.07,7376.93,-0.71,25.0,18,72,-13.42
8,14,10,zero_cross,none,False,1.5,4.0,2.5,200.0,224,-2633.47,0.868,34.82,4680.17,-0.56,43.06,31,72,-14.39
8,14,10,zero_cross,none,False,1.5,4.0,2.5,250.0,234,-2183.27,0.894,35.47,4509.52,-0.48,41.67,30,72,-12.11
8,14,10,zero_cross,none,False,1.5,4.5,1.5,0.0,663,-3908.56,0.913,23.98,7249.41,-0.54,27.78,20,72,-11.64
8,14,10,zero_cross,none,False,1.5,4.5,1.5,200.0,313,2565.89,1.143,27.16,3234.04,0.79,52.78,38,72,27.22
8,14,10,zero_cross,none,False,1.5,4.5,1.5,250.0,359,2951.3,1.142,27.58,3462.95,0.85,48.61,35,72,27.84
8,14,10,zero_cross,none,False,1.5,4.5,2.0,0.0,529,-197.96,0.996,30.25,5857.22,-0.03,31.94,23,72,-0.82
8,14,10,zero_cross,none,False,1.5,4.5,2.0,200.0,226,1691.81,1.105,31.42,2219.62,0.76,52.78,38,72,20.94
8,14,10,zero_cross,none,False,1.5,4.5,2.0,250.0,282,1563.01,1.077,31.21,3614.99,0.43,47.22,34,72,13.22
8,14,10,zero_cross,none,False,1.5,4.5,2.5,0.0,452,-1258.44,0.971,34.96,4672.03,-0.27,34.72,25,72,-6.21
8,14,10,zero_cross,none,False,1.5,4.5,2.5,200.0,216,5.48,1.0,34.26,4000.91,0.0,48.61,35,72,0.04
8,14,10,zero_cross,none,False,1.5,4.5,2.5,250.0,245,675.53,1.032,35.1,3344.0,0.2,45.83,33,72,5.53
8,14,10,zero_cross,none,False,1.5,5.0,1.5,0.0,664,-2729.07,0.939,22.89,4565.84,-0.6,33.33,24,72,-12.64
8,14,10,zero_cross,none,False,1.5,5.0,1.5,200.0,280,3062.81,1.187,26.79,2612.42,1.17,54.17,39,72,38.53
8,14,10,zero_cross,none,False,1.5,5.0,1.5,250.0,338,3058.46,1.157,26.33,2612.42,1.17,50.0,36,72,34.62
8,14,10,zero_cross,none,False,1.5,5.0,2.0,0.0,498,-2193.22,0.949,26.91,6256.06,-0.35,31.94,23,72,-8.4
8,14,10,zero_cross,none,False,1.5,5.0,2.0,200.0,235,2890.89,1.173,31.06,1500.08,1.93,52.78,38,72,46.21
8,14,10,zero_cross,none,False,1.5,5.0,2.0,250.0,253,1854.35,1.099,30.43,1742.97,1.06,48.61,35,72,23.73
8,14,10,zero_cross,none,False,1.5,5.0,2.5,0.0,413,-2920.31,0.93,31.48,4630.31,-0.63,29.17,21,72,-11.64
8,14,10,zero_cross,none,False,1.5,5.0,2.5,200.0,205,-84.7,0.995,32.68,2303.96,-0.04,48.61,35,72,-0.85
8,14,10,zero_cross,none,False,1.5,5.0,2.5,250.0,236,-174.95,0.992,32.63,3290.55,-0.05,45.83,33,72,-1.39
8,14,10,signal_cross,ema200,True,1.35,3.5,1.5,0.0,307,-2731.43,0.866,29.32,3444.15,-0.79,38.89,28,72,-15.67
8,14,10,signal_cross,ema200,True,1.35,3.5,1.5,200.0,244,-385.99,0.973,30.74,2152.62,-0.18,45.83,33,72,-3.71
8,14,10,signal_cross,ema200,True,1.35,3.5,1.5,250.0,259,-699.5,0.954,30.12,2079.33,-0.34,44.44,32,72,-6.5
8,14,10,signal_cross,ema200,True,1.35,3.5,2.0,0.0,290,-361.45,0.984,37.59,2351.27,-0.15,45.83,33,72,-3.36
8,14,10,signal_cross,ema200,True,1.35,3.5,2.0,200.0,215,1038.29,1.072,39.53,1509.94,0.69,51.39,37,72,14.72
8,14,10,signal_cross,ema200,True,1.35,3.5,2.0,250.0,231,894.8,1.058,38.96,2172.95,0.41,48.61,35,72,9.87
8,14,10,signal_cross,ema200,True,1.35,3.5,2.5,0.0,287,373.42,1.015,43.9,1964.74,0.19,48.61,35,72,4.16
8,14,10,signal_cross,ema200,True,1.35,3.5,2.5,200.0,204,3515.05,1.248,47.55,1137.98,3.09,56.94,41,72,74.05
8,14,10,signal_cross,ema200,True,1.35,3.5,2.5,250.0,219,3138.38,1.201,46.58,1538.85,2.04,54.17,39,72,52.05
8,14,10,signal_cross,ema200,True,1.35,4.0,1.5,0.0,303,-3037.14,0.857,26.4,3509.21,-0.87,41.67,30,72,-18.31
8,14,10,signal_cross,ema200,True,1.35,4.0,1.5,200.0,239,-631.31,0.957,27.62,2173.5,-0.29,45.83,33,72,-5.94
8,14,10,signal_cross,ema200,True,1.35,4.0,1.5,250.0,252,-1347.49,0.913,26.59,2725.97,-0.49,44.44,32,72,-10.47
8,14,10,signal_cross,ema200,True,1.35,4.0,2.0,0.0,279,202.67,1.009,34.41,2253.44,0.09,43.06,31,72,1.85
8,14,10,signal_cross,ema200,True,1.35,4.0,2.0,200.0,210,883.93,1.06,35.71,1877.48,0.47,48.61,35,72,10.51
8,14,10,signal_cross,ema200,True,1.35,4.0,2.0,250.0,224,109.61,1.007,34.38,2651.8,0.04,45.83,33,72,0.98
8,14,10,signal_cross,ema200,True,1.35,4.0,2.5,0.0,277,-737.42,0.972,38.99,2812.98,-0.26,44.44,32,72,-6.01
8,14,10,signal_cross,ema200,True,1.35,4.0,2.5,200.0,196,1919.71,1.126,42.35,1832.04,1.05,54.17,39,72,27.36
8,14,10,signal_cross,ema200,True,1.35,4.0,2.5,250.0,213,749.58,1.044,40.38,2171.13,0.35,50.0,36,72,8.4
8,14,10,signal_cross,ema200,True,1.35,4.5,1.5,0.0,286,-2315.0,0.882,24.48,3121.31,-0.74,38.89,28,72,-14.21
8,14,10,signal_cross,ema200,True,1.35,4.5,1.5,200.0,226,-1599.37,0.89,25.22,2104.43,-0.76,43.06,31,72,-13.36
8,14,10,signal_cross,ema200,True,1.35,4.5,1.5,250.0,244,-2036.12,0.871,24.59,2736.39,-0.74,40.28,29,72,-13.66
8,14,10,signal_cross,ema200,True,1.35,4.5,2.0,0.0,268,1411.5,1.065,32.46,2214.44,0.64,47.22,34,72,15.08
8,14,10,signal_cross,ema200,True,1.35,4.5,2.0,200.0,191,368.84,1.026,33.51,1914.7,0.19,48.61,35,72,4.2
8,14,10,signal_cross,ema200,True,1.35,4.5,2.0,250.0,212,-490.13,0.969,32.08,2667.58,-0.18,45.83,33,72,-4.21
8,14,10,signal_cross,ema200,True,1.35,4.5,2.5,0.0,262,453.84,1.018,37.02,2729.74,0.17,44.44,32,72,3.93
8,14,10,signal_cross,ema200,True,1.35,4.5,2.5,200.0,178,765.01,1.051,39.33,1329.55,0.58,50.0,36,72,11.03
8,14,10,signal_cross,ema200,True,1.35,4.5,2.5,250.0,198,327.72,1.02,38.38,1972.45,0.17,45.83,33,72,3.45
8,14,10,signal_cross,ema200,True,1.35,5.0,1.5,0.0,284,-1255.51,0.936,23.24,3088.99,-0.41,40.28,29,72,-8.52
8,14,10,signal_cross,ema200,True,1.35,5.0,1.5,200.0,213,-1243.95,0.911,23.0,2250.86,-0.55,44.44,32,72,-10.62
8,14,10,signal_cross,ema200,True,1.35,5.0,1.5,250.0,237,-798.34,0.948,23.63,2204.02,-0.36,43.06,31,72,-6.94
8,14,10,signal_cross,ema200,True,1.35,5.0,2.0,0.0,261,2410.48,1.111,31.03,2605.83,0.93,52.78,38,72,27.69
8,14,10,signal_cross,ema200,True,1.35,5.0,2.0,200.0,182,1272.35,1.092,31.87,2000.03,0.64,54.17,39,72,16.83
8,14,10,signal_cross,ema200,True,1.35,5.0,2.0,250.0,205,1396.98,1.09,31.71,1889.13,0.74,52.78,38,72,18.49
8,14,10,signal_cross,ema200,True,1.35,5.0,2.5,0.0,254,1672.06,1.067,35.83,2533.91,0.66,45.83,33,72,16.24
8,14,10,signal_cross,ema200,True,1.35,5.0,2.5,200.0,167,2356.7,1.164,38.92,1593.68,1.48,50.0,36,72,34.36
8,14,10,signal_cross,ema200,True,1.35,5.0,2.5,250.0,192,1794.35,1.108,37.5,2110.62,0.85,47.22,34,72,20.43
8,14,10,signal_cross,ema200,True,1.4,3.5,1.5,0.0,327,-3300.8,0.848,28.75,4118.7,-0.8,40.28,29,72,-17.57
8,14,10,signal_cross,ema200,True,1.4,3.5,1.5,200.0,254,-1135.32,0.923,29.13,2808.43,-0.4,47.22,34,72,-9.34
8,14,10,signal_cross,ema200,True,1.4,3.5,1.5,250.0,279,-791.12,0.951,29.75,2643.0,-0.3,45.83,33,72,-6.71
8,14,10,signal_cross,ema200,True,1.4,3.5,2.0,0.0,308,-1662.44,0.931,36.04,3658.11,-0.45,38.89,28,72,-9.95
8,14,10,signal_cross,ema200,True,1.4,3.5,2.0,200.0,226,-568.8,0.964,36.73,2604.98,-0.22,44.44,32,72,-4.77
8,14,10,signal_cross,ema200,True,1.4,3.5,2.0,250.0,245,-238.63,0.986,37.14,2791.92,-0.09,41.67,30,72,-1.86
8,14,10,signal_cross,ema200,True,1.4,3.5,2.5,0.0,314,-868.66,0.969,42.68,2555.14,-0.34,47.22,34,72,-7.86
8,14,10,signal_cross,ema200,True,1.4,3.5,2.5,200.0,217,2353.99,1.153,45.62,1257.88,1.87,54.17,39,72,41.45
8,14,10,signal_cross,ema200,True,1.4,3.5,2.5,250.0,238,2483.51,1.145,45.38,1709.37,1.45,52.78,38,72,36.3
8,14,10,signal_cross,ema200,True,1.4,4.0,1.5,0.0,319,-3776.18,0.83,25.71,4368.9,-0.86,41.67,30,72,-19.76
8,14,10,signal_cross,ema200,True,1.4,4.0,1.5,200.0,243,-1055.14,0.929,26.75,2969.99,-0.36,45.83,33,72,-8.24
8,14,10,signal_cross,ema200,True,1.4,4.0,1.5,250.0,263,-1539.52,0.904,26.24,3279.24,-0.47,45.83,33,72,-11.14
8,14,10,signal_cross,ema200,True,1.4,4.0,2.0,0.0,297,-1078.87,0.956,33.0,3744.78,-0.29,43.06,31,72,-7.26
8,14,10,signal_cross,ema200,True,1.4,4.0,2.0,200.0,220,-754.53,0.953,33.18,3240.55,-0.23,45.83,33,72,-5.79
8,14,10,signal_cross,ema200,True,1.4,4.0,2.0,250.0,238,-1502.13,0.915,32.35,3739.73,-0.4,45.83,33,72,-10.3
8,14,10,signal_cross,ema200,True,1.4,4.0,2.5,0.0,293,-1431.96,0.948,38.57,3716.49,-0.39,41.67,30,72,-9.28
8,14,10,signal_cross,ema200,True,1.4,4.0,2.5,200.0,203,939.13,1.058,40.89,1890.23,0.5,52.78,38,72,12.06
8,14,10,signal_cross,ema200,True,1.4,4.0,2.5,250.0,221,-345.32,0.981,39.37,2628.21,-0.13,47.22,34,72,-3.12
8,14,10,signal_cross,ema200,True,1.4,4.5,1.5,0.0,302,-3070.64,0.851,23.84,3991.29,-0.77,37.5,27,72,-15.51
8,14,10,signal_cross,ema200,True,1.4,4.5,1.5,200.0,244,-2230.8,0.855,24.18,3169.78,-0.7,41.67,30,72,-14.12
8,14,10,signal_cross,ema200,True,1.4,4.5,1.5,250.0,251,-2191.81,0.863,24.3,3455.34,-0.63,40.28,29,72,-12.96
8,14,10,signal_cross,ema200,True,1.4,4.5,2.0,0.0,286,279.29,1.012,31.47,3604.24,0.08,45.83,33,72,2.16
8,14,10,signal_cross,ema200,True,1.4,4.5,2.0,200.0,209,-990.9,0.937,31.58,2779.18,-0.36,47.22,34,72,-8.32
8,14,10,signal_cross,ema200,True,1.4,4.5,2.0,250.0,224,-1642.31,0.904,30.8,3378.28,-0.49,44.44,32,72,-11.35
8,14,10,signal_cross,ema200,True,1.4,4.5,2.5,0.0,278,-485.02,0.982,36.33,3659.27,-0.13,43.06,31,72,-3.39
8,14,10,signal_cross,ema200,True,1.4,4.5,2.5,200.0,198,578.63,1.035,38.89,1574.07,0.37,52.78,38,72,7.97
8,14,10,signal_cross,ema200,True,1.4,4.5,2.5,250.0,210,677.97,1.039,39.05,1664.03,0.41,51.39,37,72,8.87
8,14,10,signal_cross,ema200,True,1.4,5.0,1.5,0.0,300,-1974.76,0.905,22.67,3552.87,-0.56,38.89,28,72,-11.66
8,14,10,signal_cross,ema200,True,1.4,5.0,1.5,200.0,232,-1587.01,0.893,22.41,3100.75,-0.51,43.06,31,72,-10.96
8,14,10,signal_cross,ema200,True,1.4,5.0,1.5,250.0,245,-1004.71,0.936,23.27,2825.96,-0.36,43.06,31,72,-7.62
8,14,10,signal_cross,ema200,True,1.4,5.0,2.0,0.0,278,1435.18,1.061,30.22,2763.74,0.52,45.83,33,72,13.27
8,14,10,signal_cross,ema200,True,1.4,5.0,2.0,200.0,201,-290.91,0.981,29.85,2469.7,-0.12,47.22,34,72,-2.71
8,14,10,signal_cross,ema200,True,1.4,5.0,2.0,250.0,214,125.87,1.008,30.37,2507.91,0.05,45.83,33,72,1.16
8,14,10,signal_cross,ema200,True,1.4,5.0,2.5,0.0,277,1307.05,1.048,35.74,3069.13,0.43,50.0,36,72,12.36
8,14,10,signal_cross,ema200,True,1.4,5.0,2.5,200.0,188,2130.05,1.134,38.3,1626.98,1.31,52.78,38,72,31.61
8,14,10,signal_cross,ema200,True,1.4,5.0,2.5,250.0,205,2165.8,1.124,38.05,2143.92,1.01,51.39,37,72,27.02
8,14,10,signal_cross,ema200,False,1.5,3.5,1.5,0.0,730,-3304.75,0.928,30.27,3477.05,-0.95,30.56,22,72,-15.89
8,14,10,signal_cross,ema200,False,1.5,3.5,1.5,200.0,381,607.23,1.03,30.97,2497.59,0.24,48.61,35,72,6.08
8,14,10,signal_cross,ema200,False,1.5,3.5,1.5,250.0,408,50.27,1.002,30.15,2766.5,0.02,44.44,32,72,0.43
8,14,10,signal_cross,ema200,False,1.5,3.5,2.0,0.0,677,4299.49,1.083,39.14,3451.43,1.25,37.5,27,72,29.72
8,14,10,signal_cross,ema200,False,1.5,3.5,2.0,200.0,362,1102.06,1.047,38.4,1845.59,0.6,52.78,38,72,14.18
8,14,10,signal_cross,ema200,False,1.5,3.5,2.0,250.0,383,2118.04,1.088,39.16,1664.3,1.27,51.39,37,72,29.03
8,14,10,signal_cross,ema200,False,1.5,3.5,2.5,0.0,559,1082.68,1.023,42.93,3930.32,0.28,31.94,23,72,5.64
8,14,10,signal_cross,ema200,False,1.5,3.5,2.5,200.0,284,-2334.57,0.893,40.49,3493.19,-0.67,45.83,33,72,-16.17
8,14,10,signal_cross,ema200,False,1.5,3.5,2.5,250.0,307,-1041.88,0.955,42.02,2935.39,-0.35,45.83,33,72,-8.42
8,14,10,signal_cross,ema200,False,1.5,4.0,1.5,0.0,684,-4500.93,0.901,26.9,4895.97,-0.92,26.39,19,72,-15.29
8,14,10,signal_cross,ema200,False,1.5,4.0,1.5,200.0,339,488.08,1.025,27.73,2353.21,0.21,50.0,36,72,5.16
8,14,10,signal_cross,ema200,False,1.5,4.0,1.5,250.0,362,1409.34,1.068,29.01,2772.86,0.51,48.61,35,72,13.89
8,14,10,signal_cross,ema200,False,1.5,4.0,2.0,0.0,627,4000.59,1.077,36.2,3920.42,1.02,37.5,27,72,25.81
8,14,10,signal_cross,ema200,False,1.5,4.0,2.0,200.0,321,3515.65,1.165,37.38,1670.77,2.1,55.56,40,72,55.67
8,14,10,signal_cross,ema200,False,1.5,4.0,2.0,250.0,351,2038.74,1.085,35.9,2872.46,0.71,50.0,36,72,20.64
8,14,10,signal_cross,ema200,False,1.5,4.0,2.5,0.0,512,859.59,1.018,39.45,4351.62,0.2,33.33,24,72,4.42
8,14,10,signal_cross,ema200,False,1.5,4.0,2.5,200.0,296,-1430.61,0.94,38.51,3887.75,-0.37,44.44,32,72,-9.58
8,14,10,signal_cross,ema200,False,1.5,4.0,2.5,250.0,308,-2060.75,0.919,38.31,4469.67,-0.46,43.06,31,72,-12.2
8,14,10,signal_cross,ema200,False,1.5,4.5,1.5,0.0,659,-4184.09,0.905,24.89,5278.28,-0.79,30.56,22,72,-15.93
8,14,10,signal_cross,ema200,False,1.5,4.5,1.5,200.0,323,-114.52,0.994,26.01,2952.69,-0.04,45.83,33,72,-0.96
8,14,10,signal_cross,ema200,False,1.5,4.5,1.5,250.0,363,256.37,1.012,26.17,2876.72,0.09,43.06,31,72,2.08
8,14,10,signal_cross,ema200,False,1.5,4.5,2.0,0.0,587,4455.82,1.088,33.22,3979.41,1.12,37.5,27,72,28.82
8,14,10,signal_cross,ema200,False,1.5,4.5,2.0,200.0,289,928.61,1.045,32.87,2195.24,0.42,52.78,38,72,10.93
8,14,10,signal_cross,ema200,False,1.5,4.5,2.0,250.0,347,1669.04,1.067,33.14,2398.6,0.7,50.0,36,72,18.18
8,14,10,signal_cross,ema200,False,1.5,4.5,2.5,0.0,490,1220.74,1.026,36.73,4206.98,0.29,33.33,24,72,6.44
8,14,10,signal_cross,ema200,False,1.5,4.5,2.5,200.0,260,-2976.58,0.871,34.23,3540.97,-0.84,44.44,32,72,-19.36
8,14,10,signal_cross,ema200,False,1.5,4.5,2.5,250.0,297,-3385.09,0.871,34.34,3879.97,-0.87,38.89,28,72,-18.41
8,14,10,signal_cross,ema200,False,1.5,5.0,1.5,0.0,630,-2676.87,0.938,23.33,5734.15,-0.47,31.94,23,72,-10.59
8,14,10,signal_cross,ema200,False,1.5,5.0,1.5,200.0,282,-699.89,0.96,23.4,2284.41,-0.31,47.22,34,72,-6.64
8,14,10,signal_cross,ema200,False,1.5,5.0,1.5,250.0,344,-121.64,0.994,23.84,2761.84,-0.04,43.06,31,72,-0.99
8,14,10,signal_cross,ema200,False,1.5,5.0,2.0,0.0,569,3947.46,1.08,30.93,3436.43,1.15,37.5,27,72,27.27
8,14,10,signal_cross,ema200,False,1.5,5.0,2.0,200.0,266,2079.81,1.106,32.33,2109.22,0.99,54.17,39,72,27.13
8,14,10,signal_cross,ema200,False,1.5,5.0,2.0,250.0,319,1182.5,1.05,31.35,2109.22,0.56,47.22,34,72,12.77
8,14,10,signal_cross,ema200,False,1.5,5.0,2.5,0.0,489,2659.75,1.055,35.58,2934.57,0.91,40.28,29,72,20.86
8,14,10,signal_cross,ema200,False,1.5,5.0,2.5,200.0,238,-512.38,0.975,34.87,2935.17,-0.17,48.61,35,72,-4.48
8,14,10,signal_cross,ema200,False,1.5,5.0,2.5,250.0,282,34.85,1.001,35.46,2935.17,0.01,47.22,34,72,0.3
8,14,10,signal_cross,ema50,True,1.35,3.5,1.5,0.0,306,-2807.89,0.858,29.41,3774.56,-0.74,41.67,30,72,-16.34
8,14,10,signal_cross,ema50,True,1.35,3.5,1.5,200.0,244,-746.14,0.948,30.33,2461.2,-0.3,47.22,34,72,-6.73
8,14,10,signal_cross,ema50,True,1.35,3.5,1.5,250.0,268,-1930.13,0.879,29.1,3347.6,-0.58,43.06,31,72,-12.63
8,14,10,signal_cross,ema50,True,1.35,3.5,2.0,0.0,294,711.51,1.033,38.44,2663.8,0.27,44.44,32,72,6.33
8,14,10,signal_cross,ema50,True,1.35,3.5,2.0,200.0,221,398.14,1.027,39.37,1767.48,0.23,48.61,35,72,4.73
8,14,10,signal_cross,ema50,True,1.35,3.5,2.0,250.0,245,-920.88,0.945,37.55,3010.62,-0.31,44.44,32,72,-7.05
8,14,10,signal_cross,ema50,True,1.35,3.5,2.5,0.0,272,899.27,1.04,44.49,1952.21,0.46,51.39,37,72,10.88
8,14,10,signal_cross,ema50,True,1.35,3.5,2.5,200.0,198,1292.43,1.091,46.46,1882.43,0.69,54.17,39,72,17.6
8,14,10,signal_cross,ema50,True,1.35,3.5,2.5,250.0,216,181.68,1.011,44.91,2060.2,0.09,50.0,36,72,2.02
8,14,10,signal_cross,ema50,True,1.35,4.0,1.5,0.0,298,-2232.61,0.887,27.18,3075.01,-0.73,41.67,30,72,-14.88
8,14,10,signal_cross,ema50,True,1.35,4.0,1.5,200.0,238,-922.76,0.936,27.31,2717.31,-0.34,45.83,33,72,-7.59
8,14,10,signal_cross,ema50,True,1.35,4.0,1.5,250.0,249,-1435.35,0.905,26.51,3229.9,-0.44,44.44,32,72,-10.16
8,14,10,signal_cross,ema50,True,1.35,4.0,2.0,0.0,284,1710.15,1.078,35.56,2708.24,0.63,45.83,33,72,16.24
8,14,10,signal_cross,ema50,True,1.35,4.0,2.0,200.0,210,230.89,1.016,35.24,2315.46,0.1,50.0,36,72,2.44
8,14,10,signal_cross,ema50,True,1.35,4.0,2.0,250.0,220,-55.53,0.996,34.55,2601.88,-0.02,48.61,35,72,-0.53
8,14,10,signal_cross,ema50,True,1.35,4.0,2.5,0.0,266,-379.0,0.984,39.1,3821.48,-0.1,41.67,30,72,-2.51
8,14,10,signal_cross,ema50,True,1.35,4.0,2.5,200.0,188,-374.97,0.975,39.89,3239.81,-0.12,47.22,34,72,-3.03
8,14,10,signal_cross,ema50,True,1.35,4.0,2.5,250.0,206,-1548.02,0.909,38.35,3701.75,-0.42,41.67,30,72,-9.64
8,14,10,signal_cross,ema50,True,1.35,4.5,1.5,0.0,288,-2222.5,0.888,24.65,3406.81,-0.65,41.67,30,72,-14.09
8,14,10,signal_cross,ema50,True,1.35,4.5,1.5,200.0,223,-1404.16,0.901,24.66,2754.61,-0.51,47.22,34,72,-11.38
8,14,10,signal_cross,ema50,True,1.35,4.5,1.5,250.0,239,-1683.25,0.89,24.27,3442.88,-0.49,44.44,32,72,-11.35
8,14,10,signal_cross,ema50,True,1.35,4.5,2.0,0.0,273,2769.67,1.128,33.33,2424.44,1.14,45.83,33,72,29.08
8,14,10,signal_cross,ema50,True,1.35,4.5,2.0,200.0,191,761.37,1.055,33.51,2471.48,0.31,50.0,36,72,8.08
8,14,10,signal_cross,ema50,True,1.35,4.5,2.0,250.0,211,223.0,1.014,32.7,2574.87,0.09,48.61,35,72,2.17
8,14,10,signal_cross,ema50,True,1.35,4.5,2.5,0.0,257,549.31,1.023,36.96,3667.16,0.15,44.44,32,72,4.12
8,14,10,signal_cross,ema50,True,1.35,4.5,2.5,200.0,171,-396.68,0.973,38.01,2567.83,-0.15,50.0,36,72,-3.81
8,14,10,signal_cross,ema50,True,1.35,4.5,2.5,250.0,194,-1350.13,0.92,36.08,3406.74,-0.4,45.83,33,72,-9.75
8,14,10,signal_cross,ema50,True,1.35,5.0,1.5,0.0,287,-1018.28,0.949,23.69,3171.1,-0.32,40.28,29,72,-6.91
8,14,10,signal_cross,ema50,True,1.35,5.0,1.5,200.0,215,-1034.68,0.926,22.79,2874.74,-0.36,45.83,33,72,-8.19
8,14,10,signal_cross,ema50,True,1.35,5.0,1.5,250.0,235,-275.4,0.982,23.83,2570.45,-0.11,44.44,32,72,-2.37
8,14,10,signal_cross,ema50,True,1.35,5.0,2.0,0.0,266,3883.11,1.18,31.95,1930.73,2.01,47.22,34,72,49.24
8,14,10,signal_cross,ema50,True,1.35,5.0,2.0,200.0,186,1440.65,1.104,31.72,2202.16,0.65,51.39,37,72,17.42
8,14,10,signal_cross,ema50,True,1.35,5.0,2.0,250.0,207,1388.05,1.089,31.4,2313.75,0.6,50.0,36,72,15.71
8,14,10,signal_cross,ema50,True,1.35,5.0,2.5,0.0,249,1364.78,1.057,35.34,3239.09,0.42,44.44,32,72,11.26
8,14,10,signal_cross,ema50,True,1.35,5.0,2.5,200.0,160,376.89,1.026,36.25,2292.68,0.16,47.22,34,72,3.81
8,14,10,signal_cross,ema50,True,1.35,5.0,2.5,250.0,185,143.58,1.009,35.68,2847.57,0.05,45.83,33,72,1.24
8,14,10,signal_cross,ema50,True,1.4,3.5,1.5,0.0,326,-2085.6,0.899,30.06,3157.45,-0.66,38.89,28,72,-12.98
8,14,10,signal_cross,ema50,True,1.4,3.5,1.5,200.0,254,-924.04,0.937,29.92,2760.24,-0.33,44.44,32,72,-7.32
8,14,10,signal_cross,ema50,True,1.4,3.5,1.5,250.0,283,-1523.86,0.908,29.68,3166.93,-0.48,41.67,30,72,-10.25
8,14,10,signal_cross,ema50,True,1.4,3.5,2.0,0.0,315,242.81,1.01,37.46,3316.19,0.07,40.28,29,72,1.72
8,14,10,signal_cross,ema50,True,1.4,3.5,2.0,200.0,236,-649.67,0.96,37.29,2787.5,-0.23,44.44,32,72,-5.25
8,14,10,signal_cross,ema50,True,1.4,3.5,2.0,250.0,261,-1902.4,0.896,36.02,3964.35,-0.48,40.28,29,72,-10.9
8,14,10,signal_cross,ema50,True,1.4,3.5,2.5,0.0,300,1441.95,1.058,44.67,1946.59,0.74,48.61,35,72,16.81
8,14,10,signal_cross,ema50,True,1.4,3.5,2.5,200.0,211,1641.41,1.109,46.92,1892.13,0.87,54.17,39,72,22.67
8,14,10,signal_cross,ema50,True,1.4,3.5,2.5,250.0,233,526.67,1.03,45.49,2485.15,0.21,50.0,36,72,5.44
8,14,10,signal_cross,ema50,True,1.4,4.0,1.5,0.0,319,-1665.64,0.92,27.59,2991.0,-0.56,40.28,29,72,-11.29
8,14,10,signal_cross,ema50,True,1.4,4.0,1.5,200.0,252,-1474.51,0.904,26.59,3616.41,-0.41,43.06,31,72,-9.54
8,14,10,signal_cross,ema50,True,1.4,4.0,1.5,250.0,264,-1566.06,0.902,26.52,3631.31,-0.43,43.06,31,72,-10.09
8,14,10,signal_cross,ema50,True,1.4,4.0,2.0,0.0,301,676.73,1.029,33.89,3980.92,0.17,43.06,31,72,4.75
8,14,10,signal_cross,ema50,True,1.4,4.0,2.0,200.0,222,-1375.11,0.915,32.43,4128.5,-0.33,45.83,33,72,-8.97
8,14,10,signal_cross,ema50,True,1.4,4.0,2.0,250.0,239,-2338.29,0.867,31.38,4955.06,-0.47,44.44,32,72,-12.8
8,14,10,signal_cross,ema50,True,1.4,4.0,2.5,0.0,285,279.59,1.011,39.65,3609.4,0.08,41.67,30,72,1.96
8,14,10,signal_cross,ema50,True,1.4,4.0,2.5,200.0,192,14.13,1.001,40.62,3114.61,0.0,48.61,35,72,0.12
8,14,10,signal_cross,ema50,True,1.4,4.0,2.5,250.0,218,-171.05,0.99,40.37,3209.76,-0.05,44.44,32,72,-1.33
8,14,10,signal_cross,ema50,True,1.4,4.5,1.5,0.0,307,-1480.57,0.928,25.08,3484.15,-0.42,38.89,28,72,-9.05
8,14,10,signal_cross,ema50,True,1.4,4.5,1.5,200.0,239,-1457.16,0.903,24.69,3546.73,-0.41,44.44,32,72,-9.82
8,14,10,signal_cross,ema50,True,1.4,4.5,1.5,250.0,255,-1542.69,0.904,24.31,4041.44,-0.38,41.67,30,72,-9.14
8,14,10,signal_cross,ema50,True,1.4,4.5,2.0,0.0,292,1772.65,1.076,31.85,4188.86,0.42,43.06,31,72,12.69
8,14,10,signal_cross,ema50,True,1.4,4.5,2.0,200.0,204,231.82,1.015,32.35,3414.69,0.07,50.0,36,72,2.01
8,14,10,signal_cross,ema50,True,1.4,4.5,2.0,250.0,226,-697.98,0.959,30.97,4261.42,-0.16,45.83,33,72,-4.7
8,14,10,signal_cross,ema50,True,1.4,4.5,2.5,0.0,273,1583.7,1.063,37.73,3222.33,0.49,45.83,33,72,13.59
8,14,10,signal_cross,ema50,True,1.4,4.5,2.5,200.0,180,1289.89,1.088,40.0,1972.58,0.65,54.17,39,72,17.12
8,14,10,signal_cross,ema50,True,1.4,4.5,2.5,250.0,203,843.58,1.05,38.92,2918.47,0.29,50.0,36,72,8.2
8,14,10,signal_cross,ema50,True,1.4,5.0,1.5,0.0,306,-103.65,0.995,24.18,3148.12,-0.03,38.89,28,72,-0.71
8,14,10,signal_cross,ema50,True,1.4,5.0,1.5,200.0,230,-599.43,0.959,23.48,3300.42,-0.18,44.44,32,72,-4.45
8,14,10,signal_cross,ema50,True,1.4,5.0,1.5,250.0,253,-360.06,0.977,23.72,3445.06,-0.1,41.67,30,72,-2.5
8,14,10,signal_cross,ema50,True,1.4,5.0,2.0,0.0,285,2967.55,1.127,30.53,3659.67,0.81,40.28,29,72,22.27
8,14,10,signal_cross,ema50,True,1.4,5.0,2.0,200.0,199,625.89,1.042,30.15,3464.23,0.18,47.22,34,72,5.23
8,14,10,signal_cross,ema50,True,1.4,5.0,2.0,250.0,222,478.74,1.028,29.73,4039.46,0.12,43.06,31,72,3.33
8,14,10,signal_cross,ema50,True,1.4,5.0,2.5,0.0,270,2704.98,1.106,36.3,2630.64,1.03,47.22,34,72,27.54
8,14,10,signal_cross,ema50,True,1.4,5.0,2.5,200.0,171,1818.78,1.124,38.01,2029.18,0.9,51.39,37,72,23.32
8,14,10,signal_cross,ema50,True,1.4,5.0,2.5,250.0,197,1606.09,1.096,37.06,2584.07,0.62,48.61,35,72,16.83
8,14,10,signal_cross,ema50,False,1.5,3.5,1.5,0.0,718,-2408.71,0.945,30.08,5246.79,-0.46,33.33,24,72,-10.47
8,14,10,signal_cross,ema50,False,1.5,3.5,1.5,200.0,345,714.8,1.038,33.62,2062.92,0.35,54.17,39,72,8.85
8,14,10,signal_cross,ema50,False,1.5,3.5,1.5,250.0,428,208.01,1.009,32.01,2528.97,0.08,47.22,34,72,1.97
8,14,10,signal_cross,ema50,False,1.5,3.5,2.0,0.0,683,3909.12,1.076,38.8,3682.52,1.06,43.06,31,72,29.85
8,14,10,signal_cross,ema50,False,1.5,3.5,2.0,200.0,318,1379.54,1.067,39.31,2786.76,0.5,54.17,39,72,15.1
8,14,10,signal_cross,ema50,False,1.5,3.5,2.0,250.0,351,2172.98,1.098,39.89,3073.37,0.71,52.78,38,72,22.72
8,14,10,signal_cross,ema50,False,1.5,3.5,2.5,0.0,576,-628.36,0.987,43.06,3721.93,-0.17,41.67,30,72,-4.24
8,14,10,signal_cross,ema50,False,1.5,3.5,2.5,200.0,249,1832.03,1.102,46.59,2026.2,0.9,56.94,41,72,25.54
8,14,10,signal_cross,ema50,False,1.5,3.5,2.5,250.0,309,1370.79,1.062,45.31,3278.25,0.42,52.78,38,72,13.42
8,14,10,signal_cross,ema50,False,1.5,4.0,1.5,0.0,704,-2122.19,0.953,27.56,5455.1,-0.39,31.94,23,72,-8.75
8,14,10,signal_cross,ema50,False,1.5,4.0,1.5,200.0,331,-427.38,0.978,29.31,2779.39,-0.15,48.61,35,72,-3.85
8,14,10,signal_cross,ema50,False,1.5,4.0,1.5,250.0,381,880.59,1.041,30.18,2546.82,0.35,48.61,35,72,8.83
8,14,10,signal_cross,ema50,False,1.5,4.0,2.0,0.0,628,3561.42,1.07,35.51,3418.51,1.04,38.89,28,72,25.35
8,14,10,signal_cross,ema50,False,1.5,4.0,2.0,200.0,275,3129.47,1.168,38.55,1687.45,1.85,55.56,40,72,49.44
8,14,10,signal_cross,ema50,False,1.5,4.0,2.0,250.0,320,3685.95,1.173,38.75,1496.89,2.46,52.78,38,72,58.98
8,14,10,signal_cross,ema50,False,1.5,4.0,2.5,0.0,528,-1920.32,0.961,39.02,4638.85,-0.41,37.5,27,72,-10.16
8,14,10,signal_cross,ema50,False,1.5,4.0,2.5,200.0,240,4513.91,1.252,45.42,2289.39,1.97,59.72,43,72,70.54
8,14,10,signal_cross,ema50,False,1.5,4.0,2.5,250.0,285,2971.2,1.138,42.81,2769.86,1.07,54.17,39,72,34.8
8,14,10,signal_cross,ema50,False,1.5,4.5,1.5,0.0,661,195.2,1.004,26.32,5231.04,0.04,34.72,25,72,0.94
8,14,10,signal_cross,ema50,False,1.5,4.5,1.5,200.0,329,203.17,1.01,28.27,2728.52,0.07,50.0,36,72,1.96
8,14,10,signal_cross,ema50,False,1.5,4.5,1.5,250.0,364,-166.32,0.992,27.75,2427.21,-0.07,47.22,34,72,-1.58
8,14,10,signal_cross,ema50,False,1.5,4.5,2.0,0.0,578,3373.47,1.067,32.53,4457.99,0.76,31.94,23,72,17.22
8,14,10,signal_cross,ema50,False,1.5,4.5,2.0,200.0,263,2368.46,1.127,34.6,1761.82,1.34,55.56,40,72,35.33
8,14,10,signal_cross,ema50,False,1.5,4.5,2.0,250.0,289,3072.08,1.148,34.95,1860.51,1.65,51.39,37,72,42.02
8,14,10,signal_cross,ema50,False,1.5,4.5,2.5,0.0,499,1335.91,1.026,37.07,3776.11,0.35,36.11,26,72,8.05
8,14,10,signal_cross,ema50,False,1.5,4.5,2.5,200.0,239,3352.37,1.177,41.0,1955.6,1.71,56.94,41,72,50.8
8,14,10,signal_cross,ema50,False,1.5,4.5,2.5,250.0,268,3784.31,1.177,41.04,2491.02,1.52,52.78,38,72,47.1
8,14,10,signal_cross,ema50,False,1.5,5.0,1.5,0.0,617,837.06,1.021,24.64,4096.49,0.2,31.94,23,72,4.26
8,14,10,signal_cross,ema50,False,1.5,5.0,1.5,200.0,297,349.83,1.019,25.93,1972.14,0.18,50.0,36,72,4.01
8,14,10,signal_cross,ema50,False,1.5,5.0,1.5,250.0,362,-551.12,0.975,25.14,3303.6,-0.17,43.06,31,72,-4.03
8,14,10,signal_cross,ema50,False,1.5,5.0,2.0,0.0,547,2268.39,1.047,30.16,4376.99,0.52,31.94,23,72,11.47
8,14,10,signal_cross,ema50,False,1.5,5.0,2.0,200.0,248,2112.69,1.116,32.26,1840.95,1.15,52.78,38,72,29.0
8,14,10,signal_cross,ema50,False,1.5,5.0,2.0,250.0,290,1313.99,1.062,31.03,2842.72,0.46,48.61,35,72,12.72
8,14,10,signal_cross,ema50,False,1.5,5.0,2.5,0.0,448,-3284.15,0.931,32.81,5502.3,-0.6,27.78,20,72,-11.45
8,14,10,signal_cross,ema50,False,1.5,5.0,2.5,200.0,202,2352.41,1.136,39.11,1775.24,1.33,56.94,41,72,36.11
8,14,10,signal_cross,ema50,False,1.5,5.0,2.5,250.0,257,1812.9,1.083,37.35,3091.09,0.59,48.61,35,72,17.17
8,14,10,signal_cross,none,True,1.35,3.5,1.5,0.0,447,-4516.43,0.848,28.19,5446.43,-0.83,38.89,28,72,-20.18
8,14,10,signal_cross,none,True,1.35,3.5,1.5,200.0,290,491.58,1.03,31.03,3512.95,0.14,51.39,37,72,4.39
8,14,10,signal_cross,none,True,1.35,3.5,1.5,250.0,329,-992.92,0.947,29.18,4563.92,-0.22,45.83,33,72,-6.38
8,14,10,signal_cross,none,True,1.35,3.5,2.0,0.0,437,-2253.44,0.935,36.38,4768.47,-0.47,40.28,29,72,-12.29
8,14,10,signal_cross,none,True,1.35,3.5,2.0,200.0,243,2831.18,1.177,41.56,2256.81,1.25,56.94,41,72,39.94
8,14,10,signal_cross,none,True,1.35,3.5,2.0,250.0,269,2809.17,1.158,41.26,2293.89,1.22,54.17,39,72,36.79
8,14,10,signal_cross,none,True,1.35,3.5,2.5,0.0,388,-1859.69,0.946,40.46,5710.99,-0.33,37.5,27,72,-8.73
8,14,10,signal_cross,none,True,1.35,3.5,2.5,200.0,200,2279.01,1.155,46.0,3461.01,0.66,55.56,40,72,24.86
8,14,10,signal_cross,none,True,1.35,3.5,2.5,250.0,225,2145.36,1.129,45.78,3120.06,0.69,52.78,38,72,22.89
8,14,10,signal_cross,none,True,1.35,4.0,1.5,0.0,408,-5514.84,0.805,24.75,6510.51,-0.85,36.11,26,72,-19.87
8,14,10,signal_cross,none,True,1.35,4.0,1.5,200.0,266,-1139.45,0.931,27.07,3909.42,-0.29,47.22,34,72,-8.01
8,14,10,signal_cross,none,True,1.35,4.0,1.5,250.0,291,-1288.03,0.928,26.8,4602.67,-0.28,45.83,33,72,-8.07
8,14,10,signal_cross,none,True,1.35,4.0,2.0,0.0,403,-1673.75,0.949,33.75,5163.73,-0.32,44.44,32,72,-9.82
8,14,10,signal_cross,none,True,1.35,4.0,2.0,200.0,235,1470.86,1.089,37.02,2246.95,0.65,56.94,41,72,19.24
8,14,10,signal_cross,none,True,1.35,4.0,2.0,250.0,254,2198.26,1.122,38.19,2018.31,1.09,55.56,40,72,30.5
8,14,10,signal_cross,none,True,1.35,4.0,2.5,0.0,355,-2392.97,0.93,36.9,7196.54,-0.33,33.33,24,72,-8.74
8,14,10,signal_cross,none,True,1.35,4.0,2.5,200.0,192,991.23,1.064,41.67,2776.09,0.36,51.39,37,72,10.29
8,14,10,signal_cross,none,True,1.35,4.0,2.5,250.0,209,1128.18,1.067,42.11,3006.44,0.38,47.22,34,72,10.37
8,14,10,signal_cross,none,True,1.35,4.5,1.5,0.0,394,-4080.11,0.851,23.1,5774.13,-0.71,33.33,24,72,-15.23
8,14,10,signal_cross,none,True,1.35,4.5,1.5,200.0,272,-2163.8,0.875,23.53,4361.87,-0.5,43.06,31,72,-12.34
8,14,10,signal_cross,none,True,1.35,4.5,1.5,250.0,280,-1450.76,0.918,25.0,4069.81,-0.36,41.67,30,72,-8.7
8,14,10,signal_cross,none,True,1.35,4.5,2.0,0.0,384,29.15,1.001,31.51,4137.12,0.01,43.06,31,72,0.2
8,14,10,signal_cross,none,True,1.35,4.5,2.0,200.0,227,-598.09,0.965,32.16,3201.25,-0.19,51.39,37,72,-5.24
8,14,10,signal_cross,none,True,1.35,4.5,2.0,250.0,245,629.76,1.035,33.88,2733.3,0.23,50.0,36,72,6.23
8,14,10,signal_cross,none,True,1.35,4.5,2.5,0.0,327,-1413.26,0.956,34.25,7004.62,-0.2,31.94,23,72,-5.16
8,14,10,signal_cross,none,True,1.35,4.5,2.5,200.0,185,-1502.16,0.907,36.22,4502.36,-0.33,47.22,34,72,-9.59
8,14,10,signal_cross,none,True,1.35,4.5,2.5,250.0,210,-1051.53,0.942,37.62,4410.12,-0.24,43.06,31,72,-6.42
8,14,10,signal_cross,none,True,1.35,5.0,1.5,0.0,394,-2531.93,0.909,22.08,4882.1,-0.52,34.72,25,72,-11.44
8,14,10,signal_cross,none,True,1.35,5.0,1.5,200.0,255,-883.6,0.946,23.14,3471.14,-0.25,44.44,32,72,-6.3
8,14,10,signal_cross,none,True,1.35,5.0,1.5,250.0,277,-246.58,0.986,23.83,3196.59,-0.08,43.06,31,72,-1.85
8,14,10,signal_cross,none,True,1.35,5.0,2.0,0.0,372,1353.67,1.042,29.84,3712.7,0.36,45.83,33,72,10.61
8,14,10,signal_cross,none,True,1.35,5.0,2.0,200.0,201,1166.85,1.074,31.84,2582.35,0.45,54.17,39,72,13.36
8,14,10,signal_cross,none,True,1.35,5.0,2.0,250.0,233,1434.05,1.081,31.76,2598.72,0.55,50.0,36,72,15.2
8,14,10,signal_cross,none,True,1.35,5.0,2.5,0.0,322,957.92,1.03,33.85,5387.36,0.18,38.89,28,72,5.23
8,14,10,signal_cross,none,True,1.35,5.0,2.5,200.0,166,210.69,1.014,35.54,3784.33,0.06,48.61,35,72,1.69
8,14,10,signal_cross,none,True,1.35,5.0,2.5,250.0,186,1112.42,1.07,37.1,3427.55,0.32,47.22,34,72,9.6
8,14,10,signal_cross,none,True,1.4,3.5,1.5,0.0,490,-7228.05,0.781,26.33,8120.61,-0.89,26.39,19,72,-16.53
8,14,10,signal_cross,none,True,1.4,3.5,1.5,200.0,328,-2598.82,0.864,27.13,5802.04,-0.45,43.06,31,72,-12.69
8,14,10,signal_cross,none,True,1.4,3.5,1.5,250.0,373,-4014.4,0.817,26.01,7399.82,-0.54,36.11,26,72,-13.77
8,14,10,signal_cross,none,True,1.4,3.5,2.0,0.0,486,-5004.9,0.872,34.57,6549.96,-0.76,36.11,26,72,-19.47
8,14,10,signal_cross,none,True,1.4,3.5,2.0,200.0,272,1319.02,1.074,38.6,3531.53,0.37,55.56,40,72,13.24
8,14,10,signal_cross,none,True,1.4,3.5,2.0,250.0,307,1135.97,1.056,38.11,3597.06,0.32,52.78,38,72,10.56
8,14,10,signal_cross,none,True,1.4,3.5,2.5,0.0,429,-872.84,0.977,41.03,5269.51,-0.17,38.89,28,72,-4.57
8,14,10,signal_cross,none,True,1.4,3.5,2.5,200.0,208,3066.88,1.211,46.15,4245.1,0.72,59.72,43,72,34.04
8,14,10,signal_cross,none,True,1.4,3.5,2.5,250.0,246,2661.96,1.153,45.12,3960.69,0.67,56.94,41,72,27.77
8,14,10,signal_cross,none,True,1.4,4.0,1.5,0.0,461,-8446.86,0.742,23.43,9182.43,-0.92,26.39,19,72,-17.26
8,14,10,signal_cross,none,True,1.4,4.0,1.5,200.0,276,-1236.34,0.925,26.09,4291.77,-0.29,48.61,35,72,-8.49
8,14,10,signal_cross,none,True,1.4,4.0,1.5,250.0,331,-3363.78,0.836,24.47,6814.85,-0.49,40.28,29,72,-13.72
8,14,10,signal_cross,none,True,1.4,4.0,2.0,0.0,448,-5884.17,0.846,31.47,7743.59,-0.76,34.72,25,72,-19.64
8,14,10,signal_cross,none,True,1.4,4.0,2.0,200.0,267,467.61,1.025,34.83,3524.56,0.13,54.17,39,72,4.37
8,14,10,signal_cross,none,True,1.4,4.0,2.0,250.0,292,-239.74,0.989,34.25,4498.77,-0.05,48.61,35,72,-1.72
8,14,10,signal_cross,none,True,1.4,4.0,2.5,0.0,395,-3245.29,0.914,36.71,7590.73,-0.43,33.33,24,72,-11.35
8,14,10,signal_cross,none,True,1.4,4.0,2.5,200.0,201,951.8,1.06,40.8,3378.11,0.28,51.39,37,72,8.92
8,14,10,signal_cross,none,True,1.4,4.0,2.5,250.0,219,1418.29,1.083,41.1,3763.47,0.38,48.61,35,72,12.17
8,14,10,signal_cross,none,True,1.4,4.5,1.5,0.0,444,-6596.94,0.794,21.62,8190.33,-0.81,29.17,21,72,-16.88
8,14,10,signal_cross,none,True,1.4,4.5,1.5,200.0,281,-2571.08,0.853,22.78,5227.01,-0.49,43.06,31,72,-13.06
8,14,10,signal_cross,none,True,1.4,4.5,1.5,250.0,294,-2670.99,0.856,23.13,5252.13,-0.51,41.67,30,72,-13.15
8,14,10,signal_cross,none,True,1.4,4.5,2.0,0.0,424,-4488.3,0.879,29.48,7192.83,-0.62,30.56,22,72,-14.22
8,14,10,signal_cross,none,True,1.4,4.5,2.0,200.0,247,-435.61,0.976,31.98,3477.1,-0.13,51.39,37,72,-3.71
8,14,10,signal_cross,none,True,1.4,4.5,2.0,250.0,279,-824.78,0.961,31.9,4313.39,-0.19,47.22,34,72,-5.7
8,14,10,signal_cross,none,True,1.4,4.5,2.5,0.0,364,-2424.88,0.933,34.07,7593.79,-0.32,31.94,23,72,-8.29
8,14,10,signal_cross,none,True,1.4,4.5,2.5,200.0,200,-3453.88,0.808,34.0,5997.84,-0.58,43.06,31,72,-15.52
8,14,10,signal_cross,none,True,1.4,4.5,2.5,250.0,212,-1859.52,0.9,36.32,5266.55,-0.35,43.06,31,72,-9.93
8,14,10,signal_cross,none,True,1.4,5.0,1.5,0.0,443,-4269.92,0.867,20.99,6961.83,-0.61,30.56,22,72,-13.56
8,14,10,signal_cross,none,True,1.4,5.0,1.5,200.0,261,-252.29,0.985,23.37,3858.56,-0.07,45.83,33,72,-1.83
8,14,10,signal_cross,none,True,1.4,5.0,1.5,250.0,288,-604.38,0.967,22.92,4074.57,-0.15,43.06,31,72,-3.94
8,14,10,signal_cross,none,True,1.4,5.0,2.0,0.0,413,-2432.39,0.933,28.09,6095.97,-0.4,31.94,23,72,-9.28
8,14,10,signal_cross,none,True,1.4,5.0,2.0,200.0,210,2401.75,1.153,33.33,2334.9,1.03,55.56,40,72,31.84
8,14,10,signal_cross,none,True,1.4,5.0,2.0,250.0,247,1538.64,1.084,31.58,2443.33,0.63,50.0,36,72,16.87
8,14,10,signal_cross,none,True,1.4,5.0,2.5,0.0,362,-644.8,0.982,32.87,7092.39,-0.09,33.33,24,72,-2.51
8,14,10,signal_cross,none,True,1.4,5.0,2.5,200.0,176,243.73,1.016,35.8,3354.89,0.07,50.0,36,72,2.14
8,14,10,signal_cross,none,True,1.4,5.0,2.5,250.0,209,-1130.49,0.94,34.93,4448.25,-0.25,44.44,32,72,-7.08
8,14,10,signal_cross,none,False,1.5,3.5,1.5,0.0,877,-4589.21,0.92,27.82,10944.19,-0.42,22.22,16,72,-8.97
8,14,10,signal_cross,none,False,1.5,3.5,1.5,200.0,396,-3547.25,0.849,27.78,6281.08,-0.56,41.67,30,72,-15.83
8,14,10,signal_cross,none,False,1.5,3.5,1.5,250.0,428,-3773.9,0.851,27.8,7283.58,-0.52,38.89,28,72,-14.63
8,14,10,signal_cross,none,False,1.5,3.5,2.0,0.0,714,-11408.78,0.811,33.05,12809.84,-0.89,18.06,13,72,-14.76
8,14,10,signal_cross,none,False,1.5,3.5,2.0,200.0,299,694.37,1.034,37.46,5125.02,0.14,51.39,37,72,5.15
8,14,10,signal_cross,none,False,1.5,3.5,2.0,250.0,335,594.3,1.026,37.31,5923.79,0.1,48.61,35,72,3.85
8,14,10,signal_cross,none,False,1.5,3.5,2.5,0.0,657,-3869.07,0.936,41.1,7223.54,-0.54,29.17,21,72,-12.43
8,14,10,signal_cross,none,False,1.5,3.5,2.5,200.0,227,1105.14,1.062,42.29,4562.54,0.24,54.17,39,72,9.41
8,14,10,signal_cross,none,False,1.5,3.5,2.5,250.0,259,164.38,1.008,40.93,5188.3,0.03,48.61,35,72,1.12
8,14,10,signal_cross,none,False,1.5,4.0,1.5,0.0,814,-3183.53,0.943,25.8,9393.26,-0.34,23.61,17,72,-7.31
8,14,10,signal_cross,none,False,1.5,4.0,1.5,200.0,363,-2751.36,0.876,25.9,4723.92,-0.58,43.06,31,72,-15.1
8,14,10,signal_cross,none,False,1.5,4.0,1.5,250.0,420,-3776.84,0.858,25.71,5515.23,-0.68,37.5,27,72,-16.36
8,14,10,signal_cross,none,False,1.5,4.0,2.0,0.0,636,-8273.58,0.859,30.19,11299.88,-0.73,20.83,15,72,-13.93
8,14,10,signal_cross,none,False,1.5,4.0,2.0,200.0,274,-486.63,0.976,34.31,4506.08,-0.11,50.0,36,72,-3.54
8,14,10,signal_cross,none,False,1.5,4.0,2.0,250.0,323,-2127.06,0.913,32.51,6431.44,-0.33,43.06,31,72,-10.43
8,14,10,signal_cross,none,False,1.5,4.0,2.5,0.0,572,1239.26,1.023,39.34,5547.71,0.22,26.39,19,72,4.49
8,14,10,signal_cross,none,False,1.5,4.0,2.5,200.0,208,1344.74,1.077,39.9,4175.52,0.32,51.39,37,72,11.52
8,14,10,signal_cross,none,False,1.5,4.0,2.5,250.0,248,1460.96,1.071,39.92,4244.92,0.34,48.61,35,72,11.67
8,14,10,signal_cross,none,False,1.5,4.5,1.5,0.0,695,-5694.52,0.883,22.16,9413.45,-0.6,22.22,16,72,-11.52
8,14,10,signal_cross,none,False,1.5,4.5,1.5,200.0,323,1.26,1.0,25.39,4081.37,0.0,48.61,35,72,0.01
8,14,10,signal_cross,none,False,1.5,4.5,1.5,250.0,386,-2027.25,0.916,24.35,5207.8,-0.39,40.28,29,72,-10.36
8,14,10,signal_cross,none,False,1.5,4.5,2.0,0.0,587,-3429.69,0.937,29.47,5695.02,-0.6,25.0,18,72,-10.65
8,14,10,signal_cross,none,False,1.5,4.5,2.0,200.0,231,1102.37,1.064,33.33,2995.65,0.37,52.78,38,72,11.31
8,14,10,signal_cross,none,False,1.5,4.5,2.0,250.0,270,7.44,1.0,31.48,4552.0,0.0,47.22,34,72,0.05
8,14,10,signal_cross,none,False,1.5,4.5,2.5,0.0,503,-1046.2,0.979,35.39,4637.24,-0.23,27.78,20,72,-4.18
8,14,10,signal_cross,none,False,1.5,4.5,2.5,200.0,203,2568.51,1.155,38.92,2866.77,0.9,54.17,39,72,30.01
8,14,10,signal_cross,none,False,1.5,4.5,2.5,250.0,216,3681.86,1.208,40.28,2432.16,1.51,54.17,39,72,48.85
8,14,10,signal_cross,none,False,1.5,5.0,1.5,0.0,695,-5319.11,0.895,20.43,7858.56,-0.68,26.39,19,72,-14.17
8,14,10,signal_cross,none,False,1.5,5.0,1.5,200.0,321,-224.22,0.989,22.74,3563.69,-0.06,45.83,33,72,-1.7
8,14,10,signal_cross,none,False,1.5,5.0,1.5,250.0,349,-836.27,0.962,22.64,4080.93,-0.2,43.06,31,72,-5.42
8,14,10,signal_cross,none,False,1.5,5.0,2.0,0.0,590,-5335.36,0.909,26.44,6853.07,-0.78,29.17,21,72,-17.09
8,14,10,signal_cross,none,False,1.5,5.0,2.0,200.0,220,3.52,1.0,29.09,2335.02,0.0,48.61,35,72,0.04
8,14,10,signal_cross,none,False,1.5,5.0,2.0,250.0,238,-716.24,0.963,28.57,3379.36,-0.21,45.83,33,72,-5.44
8,14,10,signal_cross,none,False,1.5,5.0,2.5,0.0,519,-897.97,0.984,33.91,4202.39,-0.21,30.56,22,72,-4.17
8,14,10,signal_cross,none,False,1.5,5.0,2.5,200.0,184,3539.53,1.231,38.59,1561.06,2.27,55.56,40,72,61.27
8,14,10,signal_cross,none,False,1.5,5.0,2.5,250.0,217,3094.0,1.169,37.79,1946.15,1.59,52.78,38,72,43.27
8,14,10,inflection_or_zero,ema200,True,1.35,3.5,1.5,0.0,352,-1037.18,0.953,29.83,3219.06,-0.32,38.89,28,72,-6.78
8,14,10,inflection_or_zero,ema200,True,1.35,3.5,1.5,200.0,287,-332.09,0.979,30.31,2179.49,-0.15,45.83,33,72,-3.19
8,14,10,inflection_or_zero,ema200,True,1.35,3.5,1.5,250.0,302,-767.19,0.955,29.8,2249.93,-0.34,43.06,31,72,-6.65
8,14,10,inflection_or_zero,ema200,True,1.35,3.5,2.0,0.0,311,-798.84,0.965,36.66,2531.11,-0.32,41.67,30,72,-6.38
8,14,10,inflection_or_zero,ema200,True,1.35,3.5,2.0,200.0,236,224.81,1.015,36.86,2391.02,0.09,50.0,36,72,2.33
8,14,10,inflection_or_zero,ema200,True,1.35,3.5,2.0,250.0,260,-847.52,0.952,35.77,2391.02,-0.35,45.83,33,72,-7.56
8,14,10,inflection_or_zero,ema200,True,1.35,3.5,2.5,0.0,295,-2369.23,0.907,41.69,3899.48,-0.61,44.44,32,72,-15.29
8,14,10,inflection_or_zero,ema200,True,1.35,3.5,2.5,200.0,207,-297.45,0.981,42.03,2110.84,-0.14,54.17,39,72,-3.44
8,14,10,inflection_or_zero,ema200,True,1.35,3.5,2.5,250.0,235,-971.23,0.947,41.7,2314.87,-0.42,50.0,36,72,-9.56
8,14,10,inflection_or_zero,ema200,True,1.35,4.0,1.5,0.0,342,146.74,1.007,27.49,2864.03,0.05,38.89,28,72,1.07
8,14,10,inflection_or_zero,ema200,True,1.35,4.0,1.5,200.0,252,-474.43,0.968,26.59,2352.91,-0.2,45.83,33,72,-4.34
8,14,10,inflection_or_zero,ema200,True,1.35,4.0,1.5,250.0,280,-90.64,0.994,27.14,2850.32,-0.03,45.83,33,72,-0.77
8,14,10,inflection_or_zero,ema200,True,1.35,4.0,2.0,0.0,305,1303.85,1.056,35.08,2407.77,0.54,40.28,29,72,11.3
8,14,10,inflection_or_zero,ema200,True,1.35,4.0,2.0,200.0,218,1041.63,1.071,34.86,2407.77,0.43,50.0,36,72,11.37
8,14,10,inflection_or_zero,ema200,True,1.35,4.0,2.0,250.0,237,827.49,1.051,34.6,2407.77,0.34,47.22,34,72,8.37
8,14,10,inflection_or_zero,ema200,True,1.35,4.0,2.5,0.0,287,-101.1,0.996,40.07,2641.51,-0.04,45.83,33,72,-0.9
8,14,10,inflection_or_zero,ema200,True,1.35,4.0,2.5,200.0,194,905.38,1.06,40.72,1565.42,0.58,54.17,39,72,13.14
8,14,10,inflection_or_zero,ema200,True,1.35,4.0,2.5,250.0,206,1069.32,1.067,40.78,1997.12,0.54,52.78,38,72,13.48
8,14,10,inflection_or_zero,ema200,True,1.35,4.5,1.5,0.0,326,-779.94,0.964,25.46,3189.53,-0.24,40.28,29,72,-5.36
8,14,10,inflection_or_zero,ema200,True,1.35,4.5,1.5,200.0,232,335.37,1.024,25.86,2200.8,0.15,48.61,35,72,3.56
8,14,10,inflection_or_zero,ema200,True,1.35,4.5,1.5,250.0,258,251.39,1.016,25.97,2243.12,0.11,45.83,33,72,2.47
8,14,10,inflection_or_zero,ema200,True,1.35,4.5,2.0,0.0,296,2639.95,1.115,33.78,2337.05,1.13,45.83,33,72,27.91
8,14,10,inflection_or_zero,ema200,True,1.35,4.5,2.0,200.0,187,3174.74,1.253,35.29,2014.86,1.58,56.94,41,72,50.46
8,14,10,inflection_or_zero,ema200,True,1.35,4.5,2.0,250.0,220,3282.98,1.221,35.0,2337.05,1.4,54.17,39,72,44.92
8,14,10,inflection_or_zero,ema200,True,1.35,4.5,2.5,0.0,275,-184.76,0.993,37.45,2907.46,-0.06,41.67,30,72,-1.42
8,14,10,inflection_or_zero,ema200,True,1.35,4.5,2.5,200.0,174,1950.52,1.142,39.66,1709.98,1.14,55.56,40,72,29.93
8,14,10,inflection_or_zero,ema200,True,1.35,4.5,2.5,250.0,213,1569.39,1.093,38.5,2174.52,0.72,50.0,36,72,18.39
8,14,10,inflection_or_zero,ema200,True,1.35,5.0,1.5,0.0,323,-802.98,0.963,24.46,3881.95,-0.21,44.44,32,72,-5.52
8,14,10,inflection_or_zero,ema200,True,1.35,5.0,1.5,200.0,211,1767.16,1.138,26.54,2120.08,0.83,54.17,39,72,23.66
8,14,10,inflection_or_zero,ema200,True,1.35,5.0,1.5,250.0,249,1009.32,1.067,25.3,1947.63,0.52,51.39,37,72,12.54
8,14,10,inflection_or_zero,ema200,True,1.35,5.0,2.0,0.0,286,634.85,1.028,31.12,3271.98,0.19,44.44,32,72,5.07
8,14,10,inflection_or_zero,ema200,True,1.35,5.0,2.0,200.0,177,2175.44,1.168,33.33,1910.57,1.14,55.56,40,72,32.3
8,14,10,inflection_or_zero,ema200,True,1.35,5.0,2.0,250.0,209,2070.59,1.135,33.01,2400.17,0.86,52.78,38,72,25.32
8,14,10,inflection_or_zero,ema200,True,1.35,5.0,2.5,0.0,264,-1657.73,0.933,34.85,4820.23,-0.34,41.67,30,72,-9.28
8,14,10,inflection_or_zero,ema200,True,1.35,5.0,2.5,200.0,159,538.19,1.038,37.74,2636.0,0.2,52.78,38,72,5.74
8,14,10,inflection_or_zero,ema200,True,1.35,5.0,2.5,250.0,196,-74.32,0.996,36.22,2215.08,-0.03,50.0,36,72,-0.79
8,14,10,inflection_or_zero,ema200,True,1.4,3.5,1.5,0.0,358,-1627.95,0.928,29.33,3338.87,-0.49,37.5,27,72,-9.8
8,14,10,inflection_or_zero,ema200,True,1.4,3.5,1.5,200.0,292,-1021.36,0.937,29.45,2409.36,-0.42,44.44,32,72,-8.66
8,14,10,inflection_or_zero,ema200,True,1.4,3.5,1.5,250.0,304,-1263.45,0.928,29.28,2746.19,-0.46,41.67,30,72,-9.32
8,14,10,inflection_or_zero,ema200,True,1.4,3.5,2.0,0.0,315,-1645.8,0.931,35.87,3096.93,-0.53,38.89,28,72,-10.71
8,14,10,inflection_or_zero,ema200,True,1.4,3.5,2.0,200.0,236,-763.25,0.952,35.59,2833.27,-0.27,47.22,34,72,-6.45
8,14,10,inflection_or_zero,ema200,True,1.4,3.5,2.0,250.0,261,-1637.93,0.91,34.87,2992.43,-0.55,43.06,31,72,-11.73
8,14,10,inflection_or_zero,ema200,True,1.4,3.5,2.5,0.0,295,-3209.27,0.877,41.02,3683.29,-0.87,41.67,30,72,-19.32
8,14,10,inflection_or_zero,ema200,True,1.4,3.5,2.5,200.0,206,-1625.17,0.9,40.29,2566.68,-0.63,50.0,36,72,-14.44
8,14,10,inflection_or_zero,ema200,True,1.4,3.5,2.5,250.0,233,-1836.63,0.902,40.77,2543.4,-0.72,47.22,34,72,-15.51
8,14,10,inflection_or_zero,ema200,True,1.4,4.0,1.5,0.0,352,-173.08,0.992,27.27,2757.24,-0.06,37.5,27,72,-1.23
8,14,10,inflection_or_zero,ema200,True,1.4,4.0,1.5,200.0,262,-1333.9,0.914,25.57,3045.24,-0.44,43.06,31,72,-9.51
8,14,10,inflection_or_zero,ema200,True,1.4,4.0,1.5,250.0,282,-612.17,0.963,26.6,2554.1,-0.24,43.06,31,72,-5.02
8,14,10,inflection_or_zero,ema200,True,1.4,4.0,2.0,0.0,313,1019.67,1.043,34.82,2497.81,0.41,38.89,28,72,8.28
8,14,10,inflection_or_zero,ema200,True,1.4,4.0,2.0,200.0,225,-378.46,0.976,32.89,2932.1,-0.13,45.83,33,72,-3.13
8,14,10,inflection_or_zero,ema200,True,1.4,4.0,2.0,250.0,238,793.48,1.049,34.45,2497.81,0.32,45.83,33,72,7.63
8,14,10,inflection_or_zero,ema200,True,1.4,4.0,2.5,0.0,286,-1093.28,0.958,39.16,2529.24,-0.43,40.28,29,72,-8.39
8,14,10,inflection_or_zero,ema200,True,1.4,4.0,2.5,200.0,195,-848.76,0.947,37.95,2307.94,-0.37,48.61,35,72,-8.13
8,14,10,inflection_or_zero,ema200,True,1.4,4.0,2.5,250.0,205,-245.82,0.985,39.02,2307.94,-0.11,47.22,34,72,-2.38
8,14,10,inflection_or_zero,ema200,True,1.4,4.5,1.5,0.0,335,-1319.82,0.941,25.07,3189.53,-0.41,40.28,29,72,-8.86
8,14,10,inflection_or_zero,ema200,True,1.4,4.5,1.5,200.0,236,-74.43,0.995,25.42,2200.8,-0.03,48.61,35,72,-0.77
8,14,10,inflection_or_zero,ema200,True,1.4,4.5,1.5,250.0,266,-332.62,0.979,25.19,2531.61,-0.13,45.83,33,72,-2.97
8,14,10,inflection_or_zero,ema200,True,1.4,4.5,2.0,0.0,302,1901.67,1.08,33.11,2459.68,0.77,43.06,31,72,17.83
8,14,10,inflection_or_zero,ema200,True,1.4,4.5,2.0,200.0,197,1907.61,1.141,32.99,2104.9,0.91,55.56,40,72,26.36
8,14,10,inflection_or_zero,ema200,True,1.4,4.5,2.0,250.0,228,2320.36,1.148,33.33,2427.09,0.96,51.39,37,72,27.79
8,14,10,inflection_or_zero,ema200,True,1.4,4.5,2.5,0.0,276,-1899.96,0.928,35.87,3431.11,-0.55,37.5,27,72,-11.29
8,14,10,inflection_or_zero,ema200,True,1.4,4.5,2.5,200.0,184,-544.59,0.965,35.87,2495.84,-0.22,50.0,36,72,-5.26
8,14,10,inflection_or_zero,ema200,True,1.4,4.5,2.5,250.0,215,-600.66,0.967,35.81,2960.38,-0.2,45.83,33,72,-4.89
8,14,10,inflection_or_zero,ema200,True,1.4,5.0,1.5,0.0,331,-1246.35,0.944,24.17,3881.95,-0.32,41.67,30,72,-7.87
8,14,10,inflection_or_zero,ema200,True,1.4,5.0,1.5,200.0,221,1475.9,1.109,26.24,2120.08,0.7,52.78,38,72,18.76
8,14,10,inflection_or_zero,ema200,True,1.4,5.0,1.5,250.0,257,362.5,1.023,24.51,2003.42,0.18,48.61,35,72,4.03
8,14,10,inflection_or_zero,ema200,True,1.4,5.0,2.0,0.0,293,128.31,1.005,30.72,3271.98,0.04,43.06,31,72,0.97
8,14,10,inflection_or_zero,ema200,True,1.4,5.0,2.0,200.0,181,1602.41,1.119,32.6,2000.61,0.8,54.17,39,72,21.72
8,14,10,inflection_or_zero,ema200,True,1.4,5.0,2.0,250.0,221,934.36,1.057,31.22,2490.21,0.38,51.39,37,72,10.17
8,14,10,inflection_or_zero,ema200,True,1.4,5.0,2.5,0.0,267,-2601.87,0.898,34.08,4820.23,-0.54,36.11,26,72,-12.15
8,14,10,inflection_or_zero,ema200,True,1.4,5.0,2.5,200.0,167,-1123.57,0.927,35.33,2636.0,-0.43,48.61,35,72,-9.86
8,14,10,inflection_or_zero,ema200,True,1.4,5.0,2.5,250.0,207,-2329.08,0.875,33.33,2821.89,-0.83,44.44,32,72,-17.05
8,14,10,inflection_or_zero,ema200,False,1.5,3.5,1.5,0.0,643,-5279.59,0.868,29.39,5499.69,-0.96,31.94,23,72,-19.74
8,14,10,inflection_or_zero,ema200,False,1.5,3.5,1.5,200.0,356,-2093.36,0.899,30.34,3517.29,-0.6,47.22,34,72,-14.98
8,14,10,inflection_or_zero,ema200,False,1.5,3.5,1.5,250.0,418,-1926.0,0.92,30.62,3670.78,-0.52,43.06,31,72,-12.59
8,14,10,inflection_or_zero,ema200,False,1.5,3.5,2.0,0.0,535,-5672.03,0.865,34.95,5860.03,-0.97,30.56,22,72,-19.59
8,14,10,inflection_or_zero,ema200,False,1.5,3.5,2.0,200.0,290,-679.49,0.966,35.17,5037.05,-0.13,50.0,36,72,-4.62
8,14,10,inflection_or_zero,ema200,False,1.5,3.5,2.0,250.0,329,-666.58,0.971,35.26,4890.12,-0.14,44.44,32,72,-4.11
8,14,10,inflection_or_zero,ema200,False,1.5,3.5,2.5,0.0,480,-212.14,0.995,41.88,4961.3,-0.04,36.11,26,72,-1.08
8,14,10,inflection_or_zero,ema200,False,1.5,3.5,2.5,200.0,224,1082.41,1.065,42.41,3061.09,0.35,54.17,39,72,11.29
8,14,10,inflection_or_zero,ema200,False,1.5,3.5,2.5,250.0,247,902.0,1.047,42.91,3214.87,0.28,50.0,36,72,8.33
8,14,10,inflection_or_zero,ema200,False,1.5,4.0,1.5,0.0,638,-3806.92,0.908,27.43,4029.27,-0.94,36.11,26,72,-19.66
8,14,10,inflection_or_zero,ema200,False,1.5,4.0,1.5,200.0,308,-460.54,0.975,28.9,2974.45,-0.15,51.39,37,72,-4.23
8,14,10,inflection_or_zero,ema200,False,1.5,4.0,1.5,250.0,372,-1107.98,0.95,28.23,3633.99,-0.3,47.22,34,72,-8.24
8,14,10,inflection_or_zero,ema200,False,1.5,4.0,2.0,0.0,521,-3680.89,0.911,33.59,4657.1,-0.79,34.72,25,72,-17.06
8,14,10,inflection_or_zero,ema200,False,1.5,4.0,2.0,200.0,263,-898.46,0.953,33.08,4027.28,-0.22,50.0,36,72,-6.75
8,14,10,inflection_or_zero,ema200,False,1.5,4.0,2.0,250.0,292,-1335.02,0.936,32.53,4374.35,-0.31,47.22,34,72,-8.92
8,14,10,inflection_or_zero,ema200,False,1.5,4.0,2.5,0.0,461,1251.45,1.029,40.56,4130.65,0.3,41.67,30,72,8.35
8,14,10,inflection_or_zero,ema200,False,1.5,4.0,2.5,200.0,216,-1483.31,0.919,37.96,3760.38,-0.39,48.61,35,72,-10.81
8,14,10,inflection_or_zero,ema200,False,1.5,4.0,2.5,250.0,229,-1012.49,0.947,38.43,3307.8,-0.31,47.22,34,72,-7.87
8,14,10,inflection_or_zero,ema200,False,1.5,4.5,1.5,0.0,632,-1733.32,0.959,26.27,3957.6,-0.44,37.5,27,72,-9.91
8,14,10,inflection_or_zero,ema200,False,1.5,4.5,1.5,200.0,297,1299.23,1.073,28.62,2881.38,0.45,54.17,39,72,14.07
8,14,10,inflection_or_zero,ema200,False,1.5,4.5,1.5,250.0,338,1585.35,1.079,28.4,2881.38,0.55,51.39,37,72,16.38
8,14,10,inflection_or_zero,ema200,False,1.5,4.5,2.0,0.0,507,-2131.1,0.949,32.15,4609.8,-0.46,40.28,29,72,-12.0
8,14,10,inflection_or_zero,ema200,False,1.5,4.5,2.0,200.0,235,525.64,1.031,32.77,3801.3,0.14,52.78,38,72,4.64
8,14,10,inflection_or_zero,ema200,False,1.5,4.5,2.0,250.0,277,815.71,1.041,32.85,3801.3,0.21,50.0,36,72,6.89
8,14,10,inflection_or_zero,ema200,False,1.5,4.5,2.5,0.0,448,3280.41,1.079,39.06,3936.24,0.83,41.67,30,72,23.51
8,14,10,inflection_or_zero,ema200,False,1.5,4.5,2.5,200.0,206,1478.39,1.088,38.83,2656.79,0.56,54.17,39,72,16.9
8,14,10,inflection_or_zero,ema200,False,1.5,4.5,2.5,250.0,234,1465.76,1.076,38.89,2269.78,0.65,50.0,36,72,16.55
8,14,10,inflection_or_zero,ema200,False,1.5,5.0,1.5,0.0,584,-1789.62,0.955,24.32,4243.38,-0.42,33.33,24,72,-8.74
8,14,10,inflection_or_zero,ema200,False,1.5,5.0,1.5,200.0,313,33.47,1.002,24.6,3528.15,0.01,48.61,35,72,0.27
8,14,10,inflection_or_zero,ema200,False,1.5,5.0,1.5,250.0,346,-26.93,0.999,24.57,3528.15,-0.01,45.83,33,72,-0.21
8,14,10,inflection_or_zero,ema200,False,1.5,5.0,2.0,0.0,461,-2415.63,0.938,29.5,4905.73,-0.49,33.33,24,72,-10.78
8,14,10,inflection_or_zero,ema200,False,1.5,5.0,2.0,200.0,243,-1098.59,0.942,29.22,3870.61,-0.28,48.61,35,72,-8.09
8,14,10,inflection_or_zero,ema200,False,1.5,5.0,2.0,250.0,269,-227.66,0.989,30.11,3407.51,-0.07,45.83,33,72,-1.77
8,14,10,inflection_or_zero,ema200,False,1.5,5.0,2.5,0.0,409,1858.24,1.047,35.45,4357.52,0.43,36.11,26,72,10.64
8,14,10,inflection_or_zero,ema200,False,1.5,5.0,2.5,200.0,193,-1188.37,0.932,33.68,2457.16,-0.48,50.0,36,72,-11.17
8,14,10,inflection_or_zero,ema200,False,1.5,5.0,2.5,250.0,229,546.05,1.027,35.81,2457.16,0.22,47.22,34,72,5.34
8,14,10,inflection_or_zero,ema50,True,1.35,3.5,1.5,0.0,396,-1923.27,0.923,30.3,3079.39,-0.62,44.44,32,72,-14.22
8,14,10,inflection_or_zero,ema50,True,1.35,3.5,1.5,200.0,288,1843.45,1.121,33.33,2132.76,0.86,54.17,39,72,24.24
8,14,10,inflection_or_zero,ema50,True,1.35,3.5,1.5,250.0,322,720.93,1.041,31.99,2132.76,0.34,48.61,35,72,7.9
8,14,10,inflection_or_zero,ema50,True,1.35,3.5,2.0,0.0,334,166.35,1.007,37.43,2331.14,0.07,38.89,28,72,1.35
8,14,10,inflection_or_zero,ema50,True,1.35,3.5,2.0,200.0,233,1790.08,1.123,39.06,1702.42,1.05,51.39,37,72,25.04
8,14,10,inflection_or_zero,ema50,True,1.35,3.5,2.0,250.0,259,1749.09,1.105,38.61,1657.79,1.06,47.22,34,72,22.41
8,14,10,inflection_or_zero,ema50,True,1.35,3.5,2.5,0.0,324,-693.82,0.975,42.59,3511.67,-0.2,41.67,30,72,-4.76
8,14,10,inflection_or_zero,ema50,True,1.35,3.5,2.5,200.0,226,1214.81,1.074,43.81,2059.77,0.59,51.39,37,72,14.77
8,14,10,inflection_or_zero,ema50,True,1.35,3.5,2.5,250.0,247,1124.01,1.061,43.72,2323.63,0.48,45.83,33,72,11.34
8,14,10,inflection_or_zero,ema50,True,1.35,4.0,1.5,0.0,387,-374.61,0.985,28.42,2513.86,-0.15,40.28,29,72,-2.96
8,14,10,inflection_or_zero,ema50,True,1.35,4.0,1.5,200.0,266,2556.22,1.172,31.2,2074.39,1.23,48.61,35,72,31.97
8,14,10,inflection_or_zero,ema50,True,1.35,4.0,1.5,250.0,293,2270.95,1.141,30.38,2179.96,1.04,47.22,34,72,26.21
8,14,10,inflection_or_zero,ema50,True,1.35,4.0,2.0,0.0,323,2695.9,1.108,36.22,2120.44,1.27,44.44,32,72,28.83
8,14,10,inflection_or_zero,ema50,True,1.35,4.0,2.0,200.0,206,3614.16,1.272,38.35,1642.52,2.2,56.94,41,72,64.59
8,14,10,inflection_or_zero,ema50,True,1.35,4.0,2.0,250.0,229,3362.96,1.228,37.55,1568.15,2.14,54.17,39,72,56.49
8,14,10,inflection_or_zero,ema50,True,1.35,4.0,2.5,0.0,311,2306.56,1.084,41.48,2421.9,0.95,48.61,35,72,24.7
8,14,10,inflection_or_zero,ema50,True,1.35,4.0,2.5,200.0,200,2468.15,1.163,42.0,1941.54,1.27,54.17,39,72,35.29
8,14,10,inflection_or_zero,ema50,True,1.35,4.0,2.5,250.0,223,2727.5,1.163,42.15,1906.5,1.43,51.39,37,72,37.33
8,14,10,inflection_or_zero,ema50,True,1.35,4.5,1.5,0.0,376,910.58,1.037,27.13,2648.8,0.34,43.06,31,72,7.9
8,14,10,inflection_or_zero,ema50,True,1.35,4.5,1.5,200.0,244,4246.23,1.311,30.74,2166.0,1.96,55.56,40,72,66.46
8,14,10,inflection_or_zero,ema50,True,1.35,4.5,1.5,250.0,272,3808.54,1.248,30.15,2166.0,1.76,52.78,38,72,53.9
8,14,10,inflection_or_zero,ema50,True,1.35,4.5,2.0,0.0,319,4098.65,1.164,34.48,2088.88,1.96,47.22,34,72,49.29
8,14,10,inflection_or_zero,ema50,True,1.35,4.5,2.0,200.0,190,5115.61,1.416,37.37,1759.93,2.91,56.94,41,72,98.32
8,14,10,inflection_or_zero,ema50,True,1.35,4.5,2.0,250.0,216,4969.03,1.353,37.04,1635.21,3.04,54.17,39,72,90.06
8,14,10,inflection_or_zero,ema50,True,1.35,4.5,2.5,0.0,295,1454.99,1.053,38.31,2321.68,0.63,47.22,34,72,15.01
8,14,10,inflection_or_zero,ema50,True,1.35,4.5,2.5,200.0,179,3796.99,1.278,40.78,1812.26,2.1,56.94,41,72,64.9
8,14,10,inflection_or_zero,ema50,True,1.35,4.5,2.5,250.0,207,3947.17,1.249,41.06,1700.78,2.32,55.56,40,72,66.42
8,14,10,inflection_or_zero,ema50,True,1.35,5.0,1.5,0.0,371,1033.45,1.041,25.88,3192.41,0.32,44.44,32,72,8.46
8,14,10,inflection_or_zero,ema50,True,1.35,5.0,1.5,200.0,230,4626.5,1.346,29.13,2039.94,2.27,56.94,41,72,78.51
8,14,10,inflection_or_zero,ema50,True,1.35,5.0,1.5,250.0,262,4023.5,1.26,28.24,2107.63,1.91,54.17,39,72,59.82
8,14,10,inflection_or_zero,ema50,True,1.35,5.0,2.0,0.0,310,2172.39,1.087,31.61,2390.03,0.91,45.83,33,72,22.14
8,14,10,inflection_or_zero,ema50,True,1.35,5.0,2.0,200.0,181,4342.45,1.338,35.36,2252.27,1.93,54.17,39,72,66.32
8,14,10,inflection_or_zero,ema50,True,1.35,5.0,2.0,250.0,209,4141.69,1.279,34.93,2152.1,1.92,51.39,37,72,58.68
8,14,10,inflection_or_zero,ema50,True,1.35,5.0,2.5,0.0,278,-76.68,0.997,35.61,3922.37,-0.02,43.06,31,72,-0.53
8,14,10,inflection_or_zero,ema50,True,1.35,5.0,2.5,200.0,163,3454.8,1.253,39.88,2712.55,1.27,56.94,41,72,47.33
8,14,10,inflection_or_zero,ema50,True,1.35,5.0,2.5,250.0,192,2262.07,1.139,38.02,2644.56,0.86,51.39,37,72,25.75
8,14,10,inflection_or_zero,ema50,True,1.4,3.5,1.5,0.0,402,-2527.95,0.901,29.85,3230.33,-0.78,43.06,31,72,-17.26
8,14,10,inflection_or_zero,ema50,True,1.4,3.5,1.5,200.0,293,1505.22,1.097,32.76,2294.5,0.66,54.17,39,72,18.67
8,14,10,inflection_or_zero,ema50,True,1.4,3.5,1.5,250.0,326,699.52,1.039,31.9,2132.76,0.33,48.61,35,72,7.65
8,14,10,inflection_or_zero,ema50,True,1.4,3.5,2.0,0.0,339,-1.9,1.0,37.17,2346.62,-0.0,38.89,28,72,-0.02
8,14,10,inflection_or_zero,ema50,True,1.4,3.5,2.0,200.0,235,1607.67,1.109,38.72,1702.42,0.94,51.39,37,72,22.21
8,14,10,inflection_or_zero,ema50,True,1.4,3.5,2.0,250.0,261,1576.94,1.093,38.31,1657.79,0.95,47.22,34,72,19.99
8,14,10,inflection_or_zero,ema50,True,1.4,3.5,2.5,0.0,327,-1073.94,0.962,42.2,3169.81,-0.34,38.89,28,72,-7.14
8,14,10,inflection_or_zero,ema50,True,1.4,3.5,2.5,200.0,227,1093.37,1.066,43.61,2059.77,0.53,50.0,36,72,12.84
8,14,10,inflection_or_zero,ema50,True,1.4,3.5,2.5,250.0,248,1015.41,1.055,43.55,2323.63,0.44,44.44,32,72,9.88
8,14,10,inflection_or_zero,ema50,True,1.4,4.0,1.5,0.0,392,-911.23,0.964,28.06,2664.8,-0.34,40.28,29,72,-6.85
8,14,10,inflection_or_zero,ema50,True,1.4,4.0,1.5,200.0,270,2286.05,1.152,30.74,2074.39,1.1,48.61,35,72,28.11
8,14,10,inflection_or_zero,ema50,True,1.4,4.0,1.5,250.0,295,2132.59,1.131,30.17,2254.06,0.95,47.22,34,72,23.99
8,14,10,inflection_or_zero,ema50,True,1.4,4.0,2.0,0.0,328,2576.93,1.101,35.98,2120.44,1.22,44.44,32,72,27.38
8,14,10,inflection_or_zero,ema50,True,1.4,4.0,2.0,200.0,210,3258.07,1.239,37.62,1642.52,1.98,56.94,41,72,56.71
8,14,10,inflection_or_zero,ema50,True,1.4,4.0,2.0,250.0,231,3180.55,1.213,37.23,1568.15,2.03,54.17,39,72,52.77
8,14,10,inflection_or_zero,ema50,True,1.4,4.0,2.5,0.0,315,2168.19,1.078,41.27,2421.9,0.9,45.83,33,72,21.77
8,14,10,inflection_or_zero,ema50,True,1.4,4.0,2.5,200.0,206,2088.5,1.133,41.26,1941.54,1.08,52.78,38,72,28.34
8,14,10,inflection_or_zero,ema50,True,1.4,4.0,2.5,250.0,224,2606.06,1.155,41.96,1906.5,1.37,50.0,36,72,34.47
8,14,10,inflection_or_zero,ema50,True,1.4,4.5,1.5,0.0,381,373.96,1.015,26.77,2799.74,0.13,43.06,31,72,3.09
8,14,10,inflection_or_zero,ema50,True,1.4,4.5,1.5,200.0,246,4107.87,1.298,30.49,2166.0,1.9,55.56,40,72,63.65
8,14,10,inflection_or_zero,ema50,True,1.4,4.5,1.5,250.0,276,3538.37,1.226,29.71,2166.0,1.63,52.78,38,72,49.2
8,14,10,inflection_or_zero,ema50,True,1.4,4.5,2.0,0.0,324,4028.96,1.158,34.26,2088.88,1.93,47.22,34,72,48.2
8,14,10,inflection_or_zero,ema50,True,1.4,4.5,2.0,200.0,198,4697.03,1.366,36.36,1759.93,2.67,56.94,41,72,87.09
8,14,10,inflection_or_zero,ema50,True,1.4,4.5,2.0,250.0,224,4550.45,1.311,36.16,1635.21,2.78,54.17,39,72,79.92
8,14,10,inflection_or_zero,ema50,True,1.4,4.5,2.5,0.0,300,1260.87,1.045,38.0,2661.88,0.47,47.22,34,72,12.06
8,14,10,inflection_or_zero,ema50,True,1.4,4.5,2.5,200.0,184,3496.75,1.248,40.22,1917.29,1.82,56.94,41,72,56.75
8,14,10,inflection_or_zero,ema50,True,1.4,4.5,2.5,250.0,209,3720.7,1.231,40.67,1743.89,2.13,55.56,40,72,60.94
8,14,10,inflection_or_zero,ema50,True,1.4,5.0,1.5,0.0,376,489.13,1.019,25.53,3343.35,0.15,43.06,31,72,3.71
8,14,10,inflection_or_zero,ema50,True,1.4,5.0,1.5,200.0,234,4592.02,1.338,29.06,2039.94,2.25,55.56,40,72,75.58
8,14,10,inflection_or_zero,ema50,True,1.4,5.0,1.5,250.0,266,3753.33,1.239,27.82,2107.63,1.78,52.78,38,72,53.46
8,14,10,inflection_or_zero,ema50,True,1.4,5.0,2.0,0.0,315,2141.72,1.084,31.43,2663.42,0.8,44.44,32,72,19.99
8,14,10,inflection_or_zero,ema50,True,1.4,5.0,2.0,200.0,185,4244.85,1.324,35.14,2252.27,1.88,54.17,39,72,64.15
8,14,10,inflection_or_zero,ema50,True,1.4,5.0,2.0,250.0,217,3738.88,1.243,34.1,2152.1,1.74,51.39,37,72,51.48
8,14,10,inflection_or_zero,ema50,True,1.4,5.0,2.5,0.0,283,-234.36,0.991,35.34,3432.67,-0.07,41.67,30,72,-1.65
8,14,10,inflection_or_zero,ema50,True,1.4,5.0,2.5,200.0,169,3078.53,1.217,39.05,2712.55,1.13,56.94,41,72,40.96
8,14,10,inflection_or_zero,ema50,True,1.4,5.0,2.5,250.0,197,1977.93,1.118,37.56,2644.56,0.75,51.39,37,72,22.1
8,14,10,inflection_or_zero,ema50,False,1.5,3.5,1.5,0.0,713,-2047.16,0.955,30.72,3810.91,-0.54,33.33,24,72,-10.56
8,14,10,inflection_or_zero,ema50,False,1.5,3.5,1.5,200.0,423,873.82,1.039,32.39,3010.35,0.29,54.17,39,72,8.96
8,14,10,inflection_or_zero,ema50,False,1.5,3.5,1.5,250.0,458,2078.0,1.086,33.41,2570.77,0.81,52.78,38,72,23.49
8,14,10,inflection_or_zero,ema50,False,1.5,3.5,2.0,0.0,615,2001.56,1.043,38.54,3259.17,0.61,38.89,28,72,14.22
8,14,10,inflection_or_zero,ema50,False,1.5,3.5,2.0,200.0,322,-2728.27,0.875,36.34,4428.4,-0.62,47.22,34,72,-16.94
8,14,10,inflection_or_zero,ema50,False,1.5,3.5,2.0,250.0,364,-2632.32,0.893,37.09,4112.41,-0.64,44.44,32,72,-16.29
8,14,10,inflection_or_zero,ema50,False,1.5,3.5,2.5,0.0,534,2570.91,1.059,45.32,2172.04,1.18,44.44,32,72,25.96
8,14,10,inflection_or_zero,ema50,False,1.5,3.5,2.5,200.0,262,1567.38,1.084,45.42,1710.47,0.92,56.94,41,72,23.39
8,14,10,inflection_or_zero,ema50,False,1.5,3.5,2.5,250.0,303,2034.87,1.093,45.54,2060.72,0.99,52.78,38,72,25.86
8,14,10,inflection_or_zero,ema50,False,1.5,4.0,1.5,0.0,711,1403.85,1.03,29.82,2889.11,0.49,38.89,28,72,10.46
8,14,10,inflection_or_zero,ema50,False,1.5,4.0,1.5,200.0,387,1031.36,1.046,30.75,2304.05,0.45,54.17,39,72,12.17
8,14,10,inflection_or_zero,ema50,False,1.5,4.0,1.5,250.0,421,3128.59,1.133,31.59,2063.03,1.52,52.78,38,72,41.19
8,14,10,inflection_or_zero,ema50,False,1.5,4.0,2.0,0.0,582,5797.79,1.128,37.46,2414.88,2.4,38.89,28,72,51.76
8,14,10,inflection_or_zero,ema50,False,1.5,4.0,2.0,200.0,271,-32.27,0.998,36.16,2735.54,-0.01,51.39,37,72,-0.32
8,14,10,inflection_or_zero,ema50,False,1.5,4.0,2.0,250.0,315,-854.52,0.962,35.24,3361.19,-0.25,45.83,33,72,-6.5
8,14,10,inflection_or_zero,ema50,False,1.5,4.0,2.5,0.0,502,3245.93,1.074,42.63,3111.58,1.04,41.67,30,72,26.04
8,14,10,inflection_or_zero,ema50,False,1.5,4.0,2.5,200.0,225,3410.93,1.199,44.89,1116.32,3.06,59.72,43,72,73.1
8,14,10,inflection_or_zero,ema50,False,1.5,4.0,2.5,250.0,261,3033.09,1.154,43.68,1676.25,1.81,56.94,41,72,48.68
8,14,10,inflection_or_zero,ema50,False,1.5,4.5,1.5,0.0,658,2874.33,1.064,28.12,2436.99,1.18,38.89,28,72,24.09
8,14,10,inflection_or_zero,ema50,False,1.5,4.5,1.5,200.0,338,3142.25,1.16,29.88,2544.15,1.24,56.94,41,72,41.15
8,14,10,inflection_or_zero,ema50,False,1.5,4.5,1.5,250.0,392,984.6,1.042,28.06,2802.74,0.35,50.0,36,72,9.69
8,14,10,inflection_or_zero,ema50,False,1.5,4.5,2.0,0.0,560,6730.29,1.152,35.89,2512.62,2.68,47.22,34,72,73.04
8,14,10,inflection_or_zero,ema50,False,1.5,4.5,2.0,200.0,259,1772.14,1.096,35.91,1909.11,0.93,56.94,41,72,25.31
8,14,10,inflection_or_zero,ema50,False,1.5,4.5,2.0,250.0,321,1731.09,1.076,35.2,2372.07,0.73,54.17,39,72,20.72
8,14,10,inflection_or_zero,ema50,False,1.5,4.5,2.5,0.0,474,6432.38,1.146,41.14,2573.69,2.5,47.22,34,72,68.61
8,14,10,inflection_or_zero,ema50,False,1.5,4.5,2.5,200.0,189,4771.67,1.32,44.44,1116.32,4.27,62.5,45,72,117.82
8,14,10,inflection_or_zero,ema50,False,1.5,4.5,2.5,250.0,245,3521.97,1.178,41.63,1650.22,2.13,55.56,40,72,56.74
8,14,10,inflection_or_zero,ema50,False,1.5,5.0,1.5,0.0,626,-493.32,0.989,24.6,3439.29,-0.14,36.11,26,72,-3.0
8,14,10,inflection_or_zero,ema50,False,1.5,5.0,1.5,200.0,317,3065.09,1.164,28.08,2841.29,1.08,55.56,40,72,37.19
8,14,10,inflection_or_zero,ema50,False,1.5,5.0,1.5,250.0,377,1081.76,1.047,25.73,3048.7,0.35,47.22,34,72,9.69
8,14,10,inflection_or_zero,ema50,False,1.5,5.0,2.0,0.0,494,-2467.88,0.941,29.96,3205.16,-0.77,30.56,22,72,-12.54
8,14,10,inflection_or_zero,ema50,False,1.5,5.0,2.0,200.0,249,251.08,1.013,32.13,2875.39,0.09,51.39,37,72,2.44
8,14,10,inflection_or_zero,ema50,False,1.5,5.0,2.0,250.0,288,-428.3,0.981,31.25,2805.24,-0.15,47.22,34,72,-3.75
8,14,10,inflection_or_zero,ema50,False,1.5,5.0,2.5,0.0,431,914.99,1.022,36.66,4494.64,0.2,37.5,27,72,5.23
8,14,10,inflection_or_zero,ema50,False,1.5,5.0,2.5,200.0,182,5241.85,1.35,42.86,1642.18,3.19,62.5,45,72,109.14
8,14,10,inflection_or_zero,ema50,False,1.5,5.0,2.5,250.0,226,3853.18,1.199,40.71,1642.18,2.35,56.94,41,72,64.92
8,14,10,inflection_or_zero,none,True,1.35,3.5,1.5,0.0,625,-1552.15,0.962,29.76,3879.19,-0.4,36.11,26,72,-8.66
8,14,10,inflection_or_zero,none,True,1.35,3.5,1.5,200.0,315,4231.9,1.256,33.65,1928.67,2.19,59.72,43,72,72.28
8,14,10,inflection_or_zero,none,True,1.35,3.5,1.5,250.0,406,754.84,1.032,30.05,2744.0,0.28,47.22,34,72,7.02
8,14,10,inflection_or_zero,none,True,1.35,3.5,2.0,0.0,534,-3507.11,0.914,35.77,4242.35,-0.83,31.94,23,72,-15.72
8,14,10,inflection_or_zero,none,True,1.35,3.5,2.0,200.0,247,4260.44,1.284,41.7,1593.71,2.67,62.5,45,72,85.64
8,14,10,inflection_or_zero,none,True,1.35,3.5,2.0,250.0,330,434.16,1.019,36.97,2808.71,0.15,48.61,35,72,4.06
8,14,10,inflection_or_zero,none,True,1.35,3.5,2.5,0.0,508,-1064.42,0.975,41.93,2836.16,-0.38,37.5,27,72,-7.31
8,14,10,inflection_or_zero,none,True,1.35,3.5,2.5,200.0,256,2610.6,1.142,43.75,1715.87,1.52,58.33,42,72,41.98
8,14,10,inflection_or_zero,none,True,1.35,3.5,2.5,250.0,297,578.32,1.025,42.09,1887.4,0.31,50.0,36,72,6.82
8,14,10,inflection_or_zero,none,True,1.35,4.0,1.5,0.0,590,1399.94,1.035,28.14,2973.84,0.47,41.67,30,72,11.07
8,14,10,inflection_or_zero,none,True,1.35,4.0,1.5,200.0,291,5167.51,1.329,31.62,1533.89,3.37,61.11,44,72,107.16
8,14,10,inflection_or_zero,none,True,1.35,4.0,1.5,250.0,344,5687.63,1.306,31.4,1774.75,3.2,58.33,42,72,102.85
8,14,10,inflection_or_zero,none,True,1.35,4.0,2.0,0.0,495,-2443.6,0.938,33.33,3740.7,-0.65,33.33,24,72,-12.49
8,14,10,inflection_or_zero,none,True,1.35,4.0,2.0,200.0,240,4887.96,1.319,39.17,1502.62,3.25,61.11,44,72,101.64
8,14,10,inflection_or_zero,none,True,1.35,4.0,2.0,250.0,274,2645.15,1.141,36.13,2064.57,1.28,54.17,39,72,35.98
8,14,10,inflection_or_zero,none,True,1.35,4.0,2.5,0.0,459,902.15,1.022,40.09,2594.21,0.35,41.67,30,72,7.54
8,14,10,inflection_or_zero,none,True,1.35,4.0,2.5,200.0,219,3780.85,1.231,42.01,1403.41,2.69,61.11,44,72,75.92
8,14,10,inflection_or_zero,none,True,1.35,4.0,2.5,250.0,265,1648.86,1.078,39.25,1766.81,0.93,52.78,38,72,22.32
8,14,10,inflection_or_zero,none,True,1.35,4.5,1.5,0.0,560,371.41,1.01,25.71,3240.9,0.11,37.5,27,72,2.47
8,14,10,inflection_or_zero,none,True,1.35,4.5,1.5,200.0,277,5276.22,1.342,29.6,1948.38,2.71,58.33,42,72,93.57
8,14,10,inflection_or_zero,none,True,1.35,4.5,1.5,250.0,312,5381.65,1.307,29.17,2363.27,2.28,55.56,40,72,80.39
8,14,10,inflection_or_zero,none,True,1.35,4.5,2.0,0.0,483,-4571.78,0.888,30.23,5462.48,-0.84,34.72,25,72,-19.07
8,14,10,inflection_or_zero,none,True,1.35,4.5,2.0,200.0,234,5148.35,1.333,36.32,2800.54,1.84,62.5,45,72,81.05
8,14,10,inflection_or_zero,none,True,1.35,4.5,2.0,250.0,254,6201.68,1.373,37.4,2436.98,2.54,62.5,45,72,107.8
8,14,10,inflection_or_zero,none,True,1.35,4.5,2.5,0.0,421,-1754.82,0.956,35.63,3763.5,-0.47,33.33,24,72,-9.11
8,14,10,inflection_or_zero,none,True,1.35,4.5,2.5,200.0,219,3412.28,1.197,38.36,2266.99,1.51,56.94,41,72,48.85
8,14,10,inflection_or_zero,none,True,1.35,4.5,2.5,250.0,231,3810.29,1.209,38.96,2097.13,1.82,55.56,40,72,55.89
8,14,10,inflection_or_zero,none,True,1.35,5.0,1.5,0.0,533,403.31,1.011,23.83,3148.87,0.13,37.5,27,72,2.72
8,14,10,inflection_or_zero,none,True,1.35,5.0,1.5,200.0,255,4759.12,1.318,27.45,1681.9,2.83,58.33,42,72,89.21
8,14,10,inflection_or_zero,none,True,1.35,5.0,1.5,250.0,296,4733.11,1.272,27.03,1940.57,2.44,54.17,39,72,74.03
8,14,10,inflection_or_zero,none,True,1.35,5.0,2.0,0.0,436,-5340.98,0.858,27.29,6441.79,-0.83,33.33,24,72,-19.03
8,14,10,inflection_or_zero,none,True,1.35,5.0,2.0,200.0,217,2645.27,1.169,31.34,2533.47,1.04,55.56,40,72,34.13
8,14,10,inflection_or_zero,none,True,1.35,5.0,2.0,250.0,243,3506.18,1.203,32.1,2399.63,1.46,54.17,39,72,46.64
8,14,10,inflection_or_zero,none,True,1.35,5.0,2.5,0.0,393,-3029.93,0.922,32.82,3733.98,-0.81,30.56,22,72,-13.97
8,14,10,inflection_or_zero,none,True,1.35,5.0,2.5,200.0,185,3540.29,1.231,36.76,1991.34,1.78,56.94,41,72,55.61
8,14,10,inflection_or_zero,none,True,1.35,5.0,2.5,250.0,215,3250.09,1.18,36.28,1843.51,1.76,52.78,38,72,47.14
8,14,10,inflection_or_zero,none,True,1.4,3.5,1.5,0.0,671,-2370.48,0.946,29.06,4152.82,-0.57,36.11,26,72,-12.57
8,14,10,inflection_or_zero,none,True,1.4,3.5,1.5,200.0,345,2889.55,1.16,32.17,1522.03,1.9,56.94,41,72,48.92
8,14,10,inflection_or_zero,none,True,1.4,3.5,1.5,250.0,417,441.24,1.019,29.74,2851.1,0.15,47.22,34,72,3.98
8,14,10,inflection_or_zero,none,True,1.4,3.5,2.0,0.0,544,-4540.7,0.891,34.93,5262.06,-0.86,30.56,22,72,-17.04
8,14,10,inflection_or_zero,none,True,1.4,3.5,2.0,200.0,266,2498.47,1.151,37.97,2159.06,1.16,56.94,41,72,35.24
8,14,10,inflection_or_zero,none,True,1.4,3.5,2.0,250.0,321,-460.02,0.979,35.51,3043.26,-0.15,45.83,33,72,-3.74
8,14,10,inflection_or_zero,none,True,1.4,3.5,2.5,0.0,521,-1450.0,0.967,41.27,3223.52,-0.45,31.94,23,72,-7.89
8,14,10,inflection_or_zero,none,True,1.4,3.5,2.5,200.0,262,2230.29,1.118,42.75,1668.96,1.34,55.56,40,72,33.91
8,14,10,inflection_or_zero,none,True,1.4,3.5,2.5,250.0,294,416.22,1.018,41.5,2354.35,0.18,48.61,35,72,4.24
8,14,10,inflection_or_zero,none,True,1.4,4.0,1.5,0.0,610,-151.12,0.996,27.21,3452.45,-0.04,36.11,26,72,-0.93
8,14,10,inflection_or_zero,none,True,1.4,4.0,1.5,200.0,299,1854.36,1.11,28.09,1708.01,1.09,52.78,38,72,26.29
8,14,10,inflection_or_zero,none,True,1.4,4.0,1.5,250.0,342,3185.47,1.168,29.24,1930.93,1.65,52.78,38,72,44.69
8,14,10,inflection_or_zero,none,True,1.4,4.0,2.0,0.0,508,-3547.53,0.913,32.48,4497.85,-0.79,27.78,20,72,-13.42
8,14,10,inflection_or_zero,none,True,1.4,4.0,2.0,200.0,255,3019.58,1.18,36.08,1597.32,1.89,56.94,41,72,50.76
8,14,10,inflection_or_zero,none,True,1.4,4.0,2.0,250.0,272,2224.07,1.119,35.29,1926.18,1.15,52.78,38,72,29.93
8,14,10,inflection_or_zero,none,True,1.4,4.0,2.5,0.0,474,1007.11,1.024,39.45,2450.46,0.41,36.11,26,72,7.52
8,14,10,inflection_or_zero,none,True,1.4,4.0,2.5,200.0,222,3142.53,1.188,40.54,1490.53,2.11,59.72,43,72,57.75
8,14,10,inflection_or_zero,none,True,1.4,4.0,2.5,250.0,268,1761.7,1.083,38.81,2098.87,0.84,51.39,37,72,21.4
8,14,10,inflection_or_zero,none,True,1.4,4.5,1.5,0.0,561,-3722.73,0.906,23.89,4251.84,-0.88,31.94,23,72,-16.52
8,14,10,inflection_or_zero,none,True,1.4,4.5,1.5,200.0,271,2404.95,1.152,26.57,2286.33,1.05,52.78,38,72,30.58
8,14,10,inflection_or_zero,none,True,1.4,4.5,1.5,250.0,312,1662.69,1.091,25.96,2205.98,0.75,47.22,34,72,18.24
8,14,10,inflection_or_zero,none,True,1.4,4.5,2.0,0.0,488,-5706.87,0.863,29.3,6449.28,-0.88,30.56,22,72,-18.74
8,14,10,inflection_or_zero,none,True,1.4,4.5,2.0,200.0,230,3664.01,1.231,34.35,2616.25,1.4,56.94,41,72,50.21
8,14,10,inflection_or_zero,none,True,1.4,4.5,2.0,250.0,263,3647.74,1.202,33.84,2221.02,1.64,54.17,39,72,50.4
8,14,10,inflection_or_zero,none,True,1.4,4.5,2.5,0.0,425,-1660.11,0.959,35.06,3817.55,-0.43,31.94,23,72,-8.23
8,14,10,inflection_or_zero,none,True,1.4,4.5,2.5,200.0,215,2775.91,1.16,36.74,2161.44,1.28,54.17,39,72,37.52
8,14,10,inflection_or_zero,none,True,1.4,4.5,2.5,250.0,231,3080.56,1.167,37.23,1996.15,1.54,52.78,38,72,42.47
8,14,10,inflection_or_zero,none,True,1.4,5.0,1.5,0.0,524,-3710.19,0.9,22.33,4787.12,-0.78,34.72,25,72,-16.76
8,14,10,inflection_or_zero,none,True,1.4,5.0,1.5,200.0,236,2330.36,1.161,25.42,1691.73,1.38,54.17,39,72,35.63
8,14,10,inflection_or_zero,none,True,1.4,5.0,1.5,250.0,284,1853.92,1.107,25.0,2191.76,0.85,48.61,35,72,21.31
8,14,10,inflection_or_zero,none,True,1.4,5.0,2.0,0.0,438,-6121.27,0.838,26.71,7099.94,-0.86,26.39,19,72,-16.07
8,14,10,inflection_or_zero,none,True,1.4,5.0,2.0,200.0,228,121.83,1.007,28.51,2678.93,0.05,47.22,34,72,1.12
8,14,10,inflection_or_zero,none,True,1.4,5.0,2.0,250.0,258,450.28,1.023,29.07,2391.59,0.19,44.44,32,72,4.19
8,14,10,inflection_or_zero,none,True,1.4,5.0,2.5,0.0,389,-2543.39,0.933,32.65,3510.36,-0.72,29.17,21,72,-11.68
8,14,10,inflection_or_zero,none,True,1.4,5.0,2.5,200.0,181,1472.69,1.093,33.7,2252.88,0.65,52.78,38,72,17.9
8,14,10,inflection_or_zero,none,True,1.4,5.0,2.5,250.0,213,1448.9,1.079,33.8,1839.9,0.79,48.61,35,72,17.72
8,14,10,inflection_or_zero,none,False,1.5,3.5,1.5,0.0,815,-10286.7,0.813,26.26,10890.83,-0.94,16.67,12,72,-13.36
8,14,10,inflection_or_zero,none,False,1.5,3.5,1.5,200.0,362,361.35,1.018,29.56,3756.2,0.1,48.61,35,72,2.92
8,14,10,inflection_or_zero,none,False,1.5,3.5,1.5,250.0,416,-1188.92,0.951,28.61,4513.0,-0.26,43.06,31,72,-7.25
8,14,10,inflection_or_zero,none,False,1.5,3.5,2.0,0.0,664,-9714.94,0.818,32.68,10805.63,-0.9,19.44,14,72,-14.86
8,14,10,inflection_or_zero,none,False,1.5,3.5,2.0,200.0,295,-3221.02,0.845,31.86,5580.21,-0.58,43.06,31,72,-15.69
8,14,10,inflection_or_zero,none,False,1.5,3.5,2.0,250.0,337,-5028.01,0.796,31.16,6937.86,-0.72,36.11,26,72,-17.35
8,14,10,inflection_or_zero,none,False,1.5,3.5,2.5,0.0,656,-3662.02,0.937,40.09,7349.94,-0.5,26.39,19,72,-10.56
8,14,10,inflection_or_zero,none,False,1.5,3.5,2.5,200.0,254,591.94,1.031,42.13,3352.88,0.18,52.78,38,72,5.56
8,14,10,inflection_or_zero,none,False,1.5,3.5,2.5,250.0,304,-218.44,0.991,41.78,3861.62,-0.06,47.22,34,72,-1.64
8,14,10,inflection_or_zero,none,False,1.5,4.0,1.5,0.0,801,-9348.62,0.836,23.85,10537.68,-0.89,18.06,13,72,-13.75
8,14,10,inflection_or_zero,none,False,1.5,4.0,1.5,200.0,370,-1026.27,0.952,25.68,4109.84,-0.25,45.83,33,72,-6.98
8,14,10,inflection_or_zero,none,False,1.5,4.0,1.5,250.0,394,-653.35,0.971,26.14,3984.68,-0.16,43.06,31,72,-4.33
8,14,10,inflection_or_zero,none,False,1.5,4.0,2.0,0.0,600,-8938.84,0.822,30.17,9554.5,-0.94,22.22,16,72,-16.7
8,14,10,inflection_or_zero,none,False,1.5,4.0,2.0,200.0,265,-804.79,0.959,32.45,3690.53,-0.22,47.22,34,72,-6.0
8,14,10,inflection_or_zero,none,False,1.5,4.0,2.0,250.0,284,-578.87,0.972,32.75,3398.92,-0.17,45.83,33,72,-4.42
8,14,10,inflection_or_zero,none,False,1.5,4.0,2.5,0.0,566,-4602.24,0.913,37.1,7536.0,-0.61,26.39,19,72,-12.77
8,14,10,inflection_or_zero,none,False,1.5,4.0,2.5,200.0,239,1541.57,1.079,41.42,2243.8,0.69,55.56,40,72,19.51
8,14,10,inflection_or_zero,none,False,1.5,4.0,2.5,250.0,261,2640.63,1.129,41.76,2015.72,1.31,54.17,39,72,35.97
8,14,10,inflection_or_zero,none,False,1.5,4.5,1.5,0.0,815,-7458.56,0.875,23.07,8682.93,-0.86,22.22,16,72,-15.56
8,14,10,inflection_or_zero,none,False,1.5,4.5,1.5,200.0,341,191.92,1.009,24.63,3278.69,0.06,47.22,34,72,1.6
8,14,10,inflection_or_zero,none,False,1.5,4.5,1.5,250.0,396,-1008.61,0.958,23.74,4843.46,-0.21,40.28,29,72,-5.59
8,14,10,inflection_or_zero,none,False,1.5,4.5,2.0,0.0,597,-4607.52,0.91,29.98,5686.78,-0.81,27.78,20,72,-15.45
8,14,10,inflection_or_zero,none,False,1.5,4.5,2.0,200.0,253,-968.82,0.951,30.04,5069.39,-0.19,45.83,33,72,-5.93
8,14,10,inflection_or_zero,none,False,1.5,4.5,2.0,250.0,285,-1924.41,0.913,28.77,5464.93,-0.35,40.28,29,72,-9.57
8,14,10,inflection_or_zero,none,False,1.5,4.5,2.5,0.0,508,827.41,1.017,36.61,4804.77,0.17,29.17,21,72,3.54
8,14,10,inflection_or_zero,none,False,1.5,4.5,2.5,200.0,218,35.42,1.002,37.16,4347.84,0.01,48.61,35,72,0.26
8,14,10,inflection_or_zero,none,False,1.5,4.5,2.5,250.0,223,996.16,1.051,38.12,4347.84,0.23,48.61,35,72,7.72
8,14,10,inflection_or_zero,none,False,1.5,5.0,1.5,0.0,760,-6726.97,0.88,21.45,8197.7,-0.82,19.44,14,72,-12.71
8,14,10,inflection_or_zero,none,False,1.5,5.0,1.5,200.0,320,1776.71,1.092,24.06,3458.1,0.51,50.0,36,72,16.5
8,14,10,inflection_or_zero,none,False,1.5,5.0,1.5,250.0,359,1565.99,1.072,23.4,2998.74,0.52,45.83,33,72,14.05
8,14,10,inflection_or_zero,none,False,1.5,5.0,2.0,0.0,555,-3765.64,0.923,28.11,5187.4,-0.73,22.22,16,72,-10.72
8,14,10,inflection_or_zero,none,False,1.5,5.0,2.0,200.0,222,-231.9,0.987,28.83,3569.14,-0.06,47.22,34,72,-1.81
8,14,10,inflection_or_zero,none,False,1.5,5.0,2.0,250.0,261,-819.43,0.961,28.35,3544.68,-0.23,43.06,31,72,-5.7
8,14,10,inflection_or_zero,none,False,1.5,5.0,2.5,0.0,478,576.34,1.012,33.89,5157.19,0.11,29.17,21,72,2.37
8,14,10,inflection_or_zero,none,False,1.5,5.0,2.5,200.0,201,570.38,1.031,35.32,3827.63,0.15,50.0,36,72,4.75
8,14,10,inflection_or_zero,none,False,1.5,5.0,2.5,250.0,224,-422.42,0.98,34.38,4433.98,-0.1,45.83,33,72,-2.85
11,20,10,inflection,ema200,True,1.35,3.5,1.5,0.0,218,3455.77,1.28,36.7,1783.58,1.94,51.39,37,72,53.83
11,20,10,inflection,ema200,True,1.35,3.5,1.5,200.0,184,1521.24,1.151,35.87,1784.04,0.85,52.78,38,72,21.88
11,20,10,inflection,ema200,True,1.35,3.5,1.5,250.0,200,990.21,1.087,34.5,1784.04,0.56,51.39,37,72,13.1
11,20,10,inflection,ema200,True,1.35,3.5,2.0,0.0,198,3981.6,1.299,44.95,2445.45,1.63,54.17,39,72,56.66
11,20,10,inflection,ema200,True,1.35,3.5,2.0,200.0,166,1490.81,1.136,43.37,2725.41,0.55,55.56,40,72,18.02
11,20,10,inflection,ema200,True,1.35,3.5,2.0,250.0,178,1749.32,1.147,43.26,2504.55,0.7,54.17,39,72,21.72
11,20,10,inflection,ema200,True,1.35,3.5,2.5,0.0,190,2400.22,1.159,47.89,2962.69,0.81,52.78,38,72,26.97
11,20,10,inflection,ema200,True,1.35,3.5,2.5,200.0,151,280.68,1.024,46.36,3269.68,0.09,54.17,39,72,2.72
11,20,10,inflection,ema200,True,1.35,3.5,2.5,250.0,164,450.21,1.035,46.34,2856.18,0.16,52.78,38,72,4.6
11,20,10,inflection,ema200,True,1.35,4.0,1.5,0.0,213,4149.22,1.33,33.8,1701.62,2.44,45.83,33,72,61.31
11,20,10,inflection,ema200,True,1.35,4.0,1.5,200.0,177,1312.17,1.127,31.64,1964.03,0.67,45.83,33,72,15.29
11,20,10,inflection,ema200,True,1.35,4.0,1.5,250.0,184,1566.79,1.147,32.07,2080.36,0.75,47.22,34,72,18.61
11,20,10,inflection,ema200,True,1.35,4.0,2.0,0.0,192,5541.41,1.416,43.23,2383.68,2.32,52.78,38,72,84.83
11,20,10,inflection,ema200,True,1.35,4.0,2.0,200.0,155,2335.83,1.22,41.29,2541.92,0.92,54.17,39,72,30.62
11,20,10,inflection,ema200,True,1.35,4.0,2.0,250.0,164,2623.17,1.235,41.46,2556.42,1.03,54.17,39,72,34.71
11,20,10,inflection,ema200,True,1.35,4.0,2.5,0.0,182,3700.14,1.246,45.6,2679.14,1.38,50.0,36,72,44.54
11,20,10,inflection,ema200,True,1.35,4.0,2.5,200.0,141,1477.52,1.131,44.68,3042.73,0.49,52.78,38,72,15.99
11,20,10,inflection,ema200,True,1.35,4.0,2.5,250.0,152,1275.02,1.104,44.08,3212.55,0.4,51.39,37,72,12.76
11,20,10,inflection,ema200,True,1.35,4.5,1.5,0.0,207,3970.39,1.31,31.4,1662.07,2.39,47.22,34,72,60.24
11,20,10,inflection,ema200,True,1.35,4.5,1.5,200.0,172,1209.57,1.115,29.65,2104.81,0.57,47.22,34,72,13.88
11,20,10,inflection,ema200,True,1.35,4.5,1.5,250.0,175,1299.24,1.122,29.71,2104.81,0.62,47.22,34,72,15.0
11,20,10,inflection,ema200,True,1.35,4.5,2.0,0.0,183,3780.7,1.278,40.44,2321.9,1.63,51.39,37,72,51.53
11,20,10,inflection,ema200,True,1.35,4.5,2.0,200.0,150,2112.29,1.196,39.33,2640.14,0.8,52.78,38,72,25.95
11,20,10,inflection,ema200,True,1.35,4.5,2.0,250.0,151,2465.15,1.229,39.74,2640.14,0.93,54.17,39,72,31.94
11,20,10,inflection,ema200,True,1.35,4.5,2.5,0.0,177,4153.01,1.272,43.5,2877.55,1.44,45.83,33,72,45.13
11,20,10,inflection,ema200,True,1.35,4.5,2.5,200.0,138,1069.47,1.092,41.3,3461.67,0.31,48.61,35,72,9.65
11,20,10,inflection,ema200,True,1.35,4.5,2.5,250.0,138,1532.44,1.133,42.03,3461.67,0.44,50.0,36,72,14.76
11,20,10,inflection,ema200,True,1.35,5.0,1.5,0.0,201,2812.6,1.214,29.35,1580.8,1.78,51.39,37,72,44.13
11,20,10,inflection,ema200,True,1.35,5.0,1.5,200.0,166,1239.07,1.117,28.31,1996.76,0.62,52.78,38,72,16.35
11,20,10,inflection,ema200,True,1.35,5.0,1.5,250.0,173,1584.87,1.146,28.9,1840.41,0.86,52.78,38,72,22.35
11,20,10,inflection,ema200,True,1.35,5.0,2.0,0.0,177,1942.07,1.141,36.72,2353.4,0.83,47.22,34,72,21.57
11,20,10,inflection,ema200,True,1.35,5.0,2.0,200.0,143,1205.56,1.11,37.06,3099.11,0.39,51.39,37,72,12.35
11,20,10,inflection,ema200,True,1.35,5.0,2.0,250.0,154,757.48,1.064,35.71,3099.11,0.24,50.0,36,72,7.24
11,20,10,inflection,ema200,True,1.35,5.0,2.5,0.0,171,1275.4,1.08,39.18,2592.91,0.49,40.28,29,72,10.9
11,20,10,inflection,ema200,True,1.35,5.0,2.5,200.0,132,-43.31,0.996,38.64,3247.33,-0.01,47.22,34,72,-0.36
11,20,10,inflection,ema200,True,1.35,5.0,2.5,250.0,142,-603.82,0.954,37.32,3247.33,-0.19,44.44,32,72,-4.49
11,20,10,inflection,ema200,True,1.4,3.5,1.5,0.0,236,3014.93,1.222,35.59,1768.36,1.7,51.39,37,72,45.02
11,20,10,inflection,ema200,True,1.4,3.5,1.5,200.0,202,1216.98,1.108,34.65,1903.42,0.64,52.78,38,72,16.31
11,20,10,inflection,ema200,True,1.4,3.5,1.5,250.0,217,611.4,1.049,33.64,1790.37,0.34,51.39,37,72,7.79
11,20,10,inflection,ema200,True,1.4,3.5,2.0,0.0,212,3286.7,1.225,43.4,2444.16,1.34,54.17,39,72,44.12
11,20,10,inflection,ema200,True,1.4,3.5,2.0,200.0,174,1029.65,1.087,42.53,2799.0,0.37,55.56,40,72,11.75
11,20,10,inflection,ema200,True,1.4,3.5,2.0,250.0,186,1627.21,1.128,43.01,2598.28,0.63,54.17,39,72,19.51
11,20,10,inflection,ema200,True,1.4,3.5,2.5,0.0,201,1768.25,1.108,46.77,2895.32,0.61,50.0,36,72,18.21
11,20,10,inflection,ema200,True,1.4,3.5,2.5,200.0,158,-553.26,0.957,44.94,3351.43,-0.17,51.39,37,72,-4.7
11,20,10,inflection,ema200,True,1.4,3.5,2.5,250.0,169,-40.28,0.997,45.56,2788.81,-0.01,50.0,36,72,-0.38
11,20,10,inflection,ema200,True,1.4,4.0,1.5,0.0,229,3976.3,1.291,33.19,1739.98,2.29,47.22,34,72,58.11
11,20,10,inflection,ema200,True,1.4,4.0,1.5,200.0,189,1502.03,1.135,31.75,1821.0,0.82,48.61,35,72,19.42
11,20,10,inflection,ema200,True,1.4,4.0,1.5,250.0,203,1319.94,1.111,31.03,1821.0,0.72,48.61,35,72,16.7
11,20,10,inflection,ema200,True,1.4,4.0,2.0,0.0,205,5014.51,1.345,41.95,2444.16,2.05,54.17,39,72,73.9
11,20,10,inflection,ema200,True,1.4,4.0,2.0,200.0,163,1962.02,1.172,40.49,2641.19,0.74,55.56,40,72,24.86
11,20,10,inflection,ema200,True,1.4,4.0,2.0,250.0,174,2020.68,1.165,40.23,2655.69,0.76,55.56,40,72,25.38
11,20,10,inflection,ema200,True,1.4,4.0,2.5,0.0,192,3251.69,1.202,44.79,2471.01,1.32,48.61,35,72,38.22
11,20,10,inflection,ema200,True,1.4,4.0,2.5,200.0,148,669.65,1.054,43.24,3093.16,0.22,51.39,37,72,6.52
11,20,10,inflection,ema200,True,1.4,4.0,2.5,250.0,159,505.16,1.038,42.77,3224.97,0.16,50.0,36,72,4.62
11,20,10,inflection,ema200,True,1.4,4.5,1.5,0.0,221,3379.1,1.243,30.32,1711.61,1.97,45.83,33,72,46.53
11,20,10,inflection,ema200,True,1.4,4.5,1.5,200.0,185,782.64,1.068,28.65,2025.35,0.39,47.22,34,72,8.77
11,20,10,inflection,ema200,True,1.4,4.5,1.5,250.0,188,872.31,1.075,28.72,2025.35,0.43,47.22,34,72,9.84
11,20,10,inflection,ema200,True,1.4,4.5,2.0,0.0,193,2563.22,1.173,38.34,2444.16,1.05,50.0,36,72,30.41
11,20,10,inflection,ema200,True,1.4,4.5,2.0,200.0,157,1143.74,1.098,37.58,2798.28,0.41,51.39,37,72,12.2
11,20,10,inflection,ema200,True,1.4,4.5,2.0,250.0,158,1496.6,1.128,37.97,2798.28,0.53,52.78,38,72,16.84
11,20,10,inflection,ema200,True,1.4,4.5,2.5,0.0,185,3265.24,1.199,42.16,3099.09,1.05,44.44,32,72,31.25
11,20,10,inflection,ema200,True,1.4,4.5,2.5,200.0,144,8.83,1.001,39.58,3759.61,0.0,47.22,34,72,0.07
11,20,10,inflection,ema200,True,1.4,4.5,2.5,250.0,144,471.8,1.038,40.28,3759.61,0.13,48.61,35,72,3.88
11,20,10,inflection,ema200,True,1.4,5.0,1.5,0.0,213,2438.64,1.174,28.64,1683.23,1.45,48.61,35,72,33.92
11,20,10,inflection,ema200,True,1.4,5.0,1.5,200.0,175,689.48,1.061,27.43,2287.91,0.3,51.39,37,72,7.86
11,20,10,inflection,ema200,True,1.4,5.0,1.5,250.0,183,1471.08,1.126,28.42,1801.93,0.82,51.39,37,72,20.05
11,20,10,inflection,ema200,True,1.4,5.0,2.0,0.0,184,1146.13,1.078,35.33,2511.54,0.46,47.22,34,72,11.64
11,20,10,inflection,ema200,True,1.4,5.0,2.0,200.0,147,657.36,1.057,36.05,3257.25,0.2,51.39,37,72,6.26
11,20,10,inflection,ema200,True,1.4,5.0,2.0,250.0,158,209.28,1.017,34.81,3257.25,0.06,50.0,36,72,1.86
11,20,10,inflection,ema200,True,1.4,5.0,2.5,0.0,176,905.79,1.055,38.64,2557.05,0.35,40.28,29,72,7.61
11,20,10,inflection,ema200,True,1.4,5.0,2.5,200.0,135,-606.42,0.952,37.78,3545.27,-0.17,47.22,34,72,-4.58
11,20,10,inflection,ema200,True,1.4,5.0,2.5,250.0,145,-1166.93,0.915,36.55,3545.27,-0.33,44.44,32,72,-7.97
11,20,10,inflection,ema200,False,1.5,3.5,1.5,0.0,593,-2402.94,0.933,30.52,3789.76,-0.63,40.28,29,72,-14.67
11,20,10,inflection,ema200,False,1.5,3.5,1.5,200.0,367,-2493.63,0.88,29.16,3657.18,-0.68,47.22,34,72,-17.13
11,20,10,inflection,ema200,False,1.5,3.5,1.5,250.0,415,-2439.61,0.897,29.88,3231.61,-0.75,44.44,32,72,-17.11
11,20,10,inflection,ema200,False,1.5,3.5,2.0,0.0,498,-2124.3,0.941,37.95,3537.43,-0.6,43.06,31,72,-14.47
11,20,10,inflection,ema200,False,1.5,3.5,2.0,200.0,281,168.81,1.009,38.08,2400.06,0.07,54.17,39,72,1.88
11,20,10,inflection,ema200,False,1.5,3.5,2.0,250.0,328,962.06,1.045,38.41,2513.01,0.38,51.39,37,72,10.31
11,20,10,inflection,ema200,False,1.5,3.5,2.5,0.0,456,621.53,1.016,42.54,4184.65,0.15,40.28,29,72,3.93
11,20,10,inflection,ema200,False,1.5,3.5,2.5,200.0,261,-853.93,0.957,42.15,2360.89,-0.36,50.0,36,72,-8.41
11,20,10,inflection,ema200,False,1.5,3.5,2.5,250.0,299,-603.4,0.973,42.47,3176.39,-0.19,45.83,33,72,-4.77
11,20,10,inflection,ema200,False,1.5,4.0,1.5,0.0,569,-455.52,0.987,28.3,2961.07,-0.15,41.67,30,72,-3.44
11,20,10,inflection,ema200,False,1.5,4.0,1.5,200.0,350,246.68,1.012,28.86,2022.17,0.12,51.39,37,72,2.85
11,20,10,inflection,ema200,False,1.5,4.0,1.5,250.0,388,-1109.75,0.95,27.84,2273.88,-0.49,47.22,34,72,-10.44
11,20,10,inflection,ema200,False,1.5,4.0,2.0,0.0,452,-1296.44,0.962,35.18,3621.93,-0.36,40.28,29,72,-8.35
11,20,10,inflection,ema200,False,1.5,4.0,2.0,200.0,255,1335.67,1.077,36.47,1763.02,0.76,56.94,41,72,19.51
11,20,10,inflection,ema200,False,1.5,4.0,2.0,250.0,294,-394.84,0.981,35.71,2638.62,-0.15,51.39,37,72,-3.88
11,20,10,inflection,ema200,False,1.5,4.0,2.5,0.0,422,417.9,1.011,39.81,3282.94,0.13,40.28,29,72,2.97
11,20,10,inflection,ema200,False,1.5,4.0,2.5,200.0,227,-1157.82,0.938,40.09,2045.55,-0.57,50.0,36,72,-12.01
11,20,10,inflection,ema200,False,1.5,4.0,2.5,250.0,260,-1303.11,0.938,40.0,2332.48,-0.56,48.61,35,72,-12.3
11,20,10,inflection,ema200,False,1.5,4.5,1.5,0.0,553,1782.47,1.051,27.12,3017.21,0.59,43.06,31,72,14.69
11,20,10,inflection,ema200,False,1.5,4.5,1.5,200.0,303,1040.55,1.057,27.39,1881.41,0.55,51.39,37,72,13.03
11,20,10,inflection,ema200,False,1.5,4.5,1.5,250.0,347,1221.16,1.059,27.38,1881.41,0.65,47.22,34,72,14.08
11,20,10,inflection,ema200,False,1.5,4.5,2.0,0.0,438,516.77,1.015,33.56,3784.35,0.14,43.06,31,72,3.67
11,20,10,inflection,ema200,False,1.5,4.5,2.0,200.0,239,1089.41,1.062,33.89,1669.64,0.65,54.17,39,72,15.34
11,20,10,inflection,ema200,False,1.5,4.5,2.0,250.0,255,2677.99,1.148,35.29,1669.64,1.6,54.17,39,72,40.76
11,20,10,inflection,ema200,False,1.5,4.5,2.5,0.0,397,2273.4,1.063,38.04,3330.01,0.68,41.67,30,72,17.45
11,20,10,inflection,ema200,False,1.5,4.5,2.5,200.0,206,-902.1,0.95,36.89,2441.3,-0.37,48.61,35,72,-8.43
11,20,10,inflection,ema200,False,1.5,4.5,2.5,250.0,227,-932.61,0.953,37.44,2494.52,-0.37,45.83,33,72,-8.16
11,20,10,inflection,ema200,False,1.5,5.0,1.5,0.0,528,1835.11,1.053,25.57,2650.21,0.69,43.06,31,72,16.16
11,20,10,inflection,ema200,False,1.5,5.0,1.5,200.0,288,668.12,1.037,25.35,2679.97,0.25,51.39,37,72,6.88
11,20,10,inflection,ema200,False,1.5,5.0,1.5,250.0,304,1898.13,1.101,26.64,2679.97,0.71,51.39,37,72,20.75
11,20,10,inflection,ema200,False,1.5,5.0,2.0,0.0,424,1762.64,1.052,32.08,2972.06,0.59,44.44,32,72,15.12
11,20,10,inflection,ema200,False,1.5,5.0,2.0,200.0,226,136.55,1.008,30.97,2799.14,0.05,52.78,38,72,1.37
11,20,10,inflection,ema200,False,1.5,5.0,2.0,250.0,251,942.07,1.05,31.87,2531.19,0.37,51.39,37,72,10.1
11,20,10,inflection,ema200,False,1.5,5.0,2.5,0.0,383,2212.13,1.061,36.03,2869.51,0.77,43.06,31,72,18.87
11,20,10,inflection,ema200,False,1.5,5.0,2.5,200.0,195,-1737.68,0.904,33.85,3299.21,-0.53,50.0,36,72,-13.67
11,20,10,inflection,ema200,False,1.5,5.0,2.5,250.0,215,-48.73,0.997,36.28,3299.21,-0.01,48.61,35,72,-0.41
11,20,10,inflection,ema50,True,1.35,3.5,1.5,0.0,208,2120.88,1.174,37.02,2063.81,1.03,52.78,38,72,28.93
11,20,10,inflection,ema50,True,1.35,3.5,1.5,200.0,175,2543.89,1.267,38.86,1696.01,1.5,55.56,40,72,43.48
11,20,10,inflection,ema50,True,1.35,3.5,1.5,250.0,193,1491.75,1.135,36.27,1696.01,0.88,52.78,38,72,21.7
11,20,10,inflection,ema50,True,1.35,3.5,2.0,0.0,196,738.03,1.053,42.35,2860.18,0.26,48.61,35,72,7.06
11,20,10,inflection,ema50,True,1.35,3.5,2.0,200.0,157,1510.87,1.145,45.22,2371.85,0.64,54.17,39,72,19.24
11,20,10,inflection,ema50,True,1.35,3.5,2.0,250.0,174,441.95,1.037,41.95,2371.85,0.19,51.39,37,72,4.84
11,20,10,inflection,ema50,True,1.35,3.5,2.5,0.0,186,166.42,1.011,46.77,2558.06,0.07,51.39,37,72,1.71
11,20,10,inflection,ema50,True,1.35,3.5,2.5,200.0,153,-356.58,0.971,46.41,2335.07,-0.15,52.78,38,72,-3.78
11,20,10,inflection,ema50,True,1.35,3.5,2.5,250.0,165,-869.48,0.936,44.85,2335.07,-0.37,51.39,37,72,-8.65
11,20,10,inflection,ema50,True,1.35,4.0,1.5,0.0,204,3132.99,1.255,34.8,1940.77,1.61,50.0,36,72,44.63
11,20,10,inflection,ema50,True,1.35,4.0,1.5,200.0,170,2456.5,1.254,35.29,1605.77,1.53,54.17,39,72,41.64
11,20,10,inflection,ema50,True,1.35,4.0,1.5,250.0,174,2348.35,1.237,35.06,1605.77,1.46,54.17,39,72,39.27
11,20,10,inflection,ema50,True,1.35,4.0,2.0,0.0,190,1580.52,1.112,40.0,2737.14,0.58,50.0,36,72,16.8
11,20,10,inflection,ema50,True,1.35,4.0,2.0,200.0,159,1844.22,1.168,41.51,2248.81,0.82,54.17,39,72,24.61
11,20,10,inflection,ema50,True,1.35,4.0,2.0,250.0,163,1348.65,1.118,40.49,2248.81,0.6,52.78,38,72,16.78
11,20,10,inflection,ema50,True,1.35,4.0,2.5,0.0,176,1082.68,1.072,44.32,2380.1,0.45,50.0,36,72,11.9
11,20,10,inflection,ema50,True,1.35,4.0,2.5,200.0,146,841.88,1.071,44.52,2211.92,0.38,52.78,38,72,10.12
11,20,10,inflection,ema50,True,1.35,4.0,2.5,250.0,153,-84.84,0.993,42.48,2211.92,-0.04,50.0,36,72,-0.9
11,20,10,inflection,ema50,True,1.35,4.5,1.5,0.0,200,3106.8,1.247,32.0,2252.05,1.38,50.0,36,72,40.82
11,20,10,inflection,ema50,True,1.35,4.5,1.5,200.0,161,1451.95,1.148,31.06,1971.86,0.74,54.17,39,72,20.33
11,20,10,inflection,ema50,True,1.35,4.5,1.5,250.0,165,1554.85,1.154,30.91,2025.3,0.77,54.17,39,72,21.6
11,20,10,inflection,ema50,True,1.35,4.5,2.0,0.0,184,749.86,1.052,36.41,3084.61,0.24,50.0,36,72,7.1
11,20,10,inflection,ema50,True,1.35,4.5,2.0,200.0,151,427.94,1.038,36.42,2596.28,0.16,52.78,38,72,4.6
11,20,10,inflection,ema50,True,1.35,4.5,2.0,250.0,157,180.1,1.015,35.67,2691.38,0.07,51.39,37,72,1.81
11,20,10,inflection,ema50,True,1.35,4.5,2.5,0.0,172,306.88,1.02,40.7,2946.26,0.1,45.83,33,72,2.64
11,20,10,inflection,ema50,True,1.35,4.5,2.5,200.0,138,-325.46,0.973,39.86,2735.87,-0.12,50.0,36,72,-3.03
11,20,10,inflection,ema50,True,1.35,4.5,2.5,250.0,141,-4.76,1.0,40.43,2897.67,-0.0,50.0,36,72,-0.04
11,20,10,inflection,ema50,True,1.35,5.0,1.5,0.0,198,1550.64,1.117,29.29,2409.38,0.64,47.22,34,72,16.66
11,20,10,inflection,ema50,True,1.35,5.0,1.5,200.0,152,1117.76,1.113,28.95,2041.58,0.55,51.39,37,72,14.15
11,20,10,inflection,ema50,True,1.35,5.0,1.5,250.0,164,1539.09,1.148,29.27,2041.58,0.75,51.39,37,72,20.1
11,20,10,inflection,ema50,True,1.35,5.0,2.0,0.0,179,-1435.31,0.904,32.4,3619.78,-0.4,47.22,34,72,-10.18
11,20,10,inflection,ema50,True,1.35,5.0,2.0,200.0,140,-359.63,0.968,34.29,3131.45,-0.11,51.39,37,72,-3.2
11,20,10,inflection,ema50,True,1.35,5.0,2.0,250.0,156,-909.61,0.927,32.69,3131.45,-0.29,50.0,36,72,-7.53
11,20,10,inflection,ema50,True,1.35,5.0,2.5,0.0,168,-1549.3,0.903,36.9,3506.54,-0.44,43.06,31,72,-10.17
11,20,10,inflection,ema50,True,1.35,5.0,2.5,200.0,129,-875.46,0.927,37.98,3129.98,-0.28,48.61,35,72,-7.05
11,20,10,inflection,ema50,True,1.35,5.0,2.5,250.0,143,-1494.72,0.889,36.36,3129.98,-0.48,45.83,33,72,-10.89
11,20,10,inflection,ema50,True,1.4,3.5,1.5,0.0,209,2044.41,1.167,36.84,2063.81,0.99,52.78,38,72,27.72
11,20,10,inflection,ema50,True,1.4,3.5,1.5,200.0,176,2467.42,1.257,38.64,1696.01,1.45,55.56,40,72,41.84
11,20,10,inflection,ema50,True,1.4,3.5,1.5,250.0,194,1415.28,1.127,36.08,1696.01,0.83,52.78,38,72,20.44
11,20,10,inflection,ema50,True,1.4,3.5,2.0,0.0,197,637.11,1.045,42.13,2860.18,0.22,47.22,34,72,5.88
11,20,10,inflection,ema50,True,1.4,3.5,2.0,200.0,158,1409.95,1.134,44.94,2371.85,0.59,52.78,38,72,17.33
11,20,10,inflection,ema50,True,1.4,3.5,2.0,250.0,175,341.03,1.028,41.71,2371.85,0.14,50.0,36,72,3.6
11,20,10,inflection,ema50,True,1.4,3.5,2.5,0.0,186,166.42,1.011,46.77,2558.06,0.07,51.39,37,72,1.71
11,20,10,inflection,ema50,True,1.4,3.5,2.5,200.0,153,-356.58,0.971,46.41,2335.07,-0.15,52.78,38,72,-3.78
11,20,10,inflection,ema50,True,1.4,3.5,2.5,250.0,165,-869.48,0.936,44.85,2335.07,-0.37,51.39,37,72,-8.65
11,20,10,inflection,ema50,True,1.4,4.0,1.5,0.0,205,3056.52,1.247,34.63,1940.77,1.57,50.0,36,72,43.26
11,20,10,inflection,ema50,True,1.4,4.0,1.5,200.0,171,2380.03,1.244,35.09,1605.77,1.48,54.17,39,72,40.02
11,20,10,inflection,ema50,True,1.4,4.0,1.5,250.0,175,2271.88,1.228,34.86,1605.77,1.41,54.17,39,72,37.71
11,20,10,inflection,ema50,True,1.4,4.0,2.0,0.0,191,1479.6,1.104,39.79,2737.14,0.54,50.0,36,72,15.61
11,20,10,inflection,ema50,True,1.4,4.0,2.0,200.0,160,1743.3,1.157,41.25,2248.81,0.78,54.17,39,72,23.04
11,20,10,inflection,ema50,True,1.4,4.0,2.0,250.0,164,1247.73,1.108,40.24,2248.81,0.55,52.78,38,72,15.39
11,20,10,inflection,ema50,True,1.4,4.0,2.5,0.0,176,1082.68,1.072,44.32,2380.1,0.45,50.0,36,72,11.9
11,20,10,inflection,ema50,True,1.4,4.0,2.5,200.0,146,841.88,1.071,44.52,2211.92,0.38,52.78,38,72,10.12
11,20,10,inflection,ema50,True,1.4,4.0,2.5,250.0,153,-84.84,0.993,42.48,2211.92,-0.04,50.0,36,72,-0.9
11,20,10,inflection,ema50,True,1.4,4.5,1.5,0.0,201,3030.33,1.239,31.84,2252.05,1.35,50.0,36,72,39.56
11,20,10,inflection,ema50,True,1.4,4.5,1.5,200.0,162,1375.48,1.139,30.86,1971.86,0.7,54.17,39,72,19.11
11,20,10,inflection,ema50,True,1.4,4.5,1.5,250.0,166,1478.38,1.146,30.72,2025.3,0.73,54.17,39,72,20.39
11,20,10,inflection,ema50,True,1.4,4.5,2.0,0.0,185,648.94,1.044,36.22,3084.61,0.21,50.0,36,72,6.1
11,20,10,inflection,ema50,True,1.4,4.5,2.0,200.0,152,327.02,1.028,36.18,2596.28,0.13,52.78,38,72,3.48
11,20,10,inflection,ema50,True,1.4,4.5,2.0,250.0,158,79.18,1.007,35.44,2691.38,0.03,51.39,37,72,0.79
11,20,10,inflection,ema50,True,1.4,4.5,2.5,0.0,172,306.88,1.02,40.7,2946.26,0.1,45.83,33,72,2.64
11,20,10,inflection,ema50,True,1.4,4.5,2.5,200.0,138,-325.46,0.973,39.86,2735.87,-0.12,50.0,36,72,-3.03
11,20,10,inflection,ema50,True,1.4,4.5,2.5,250.0,141,-4.76,1.0,40.43,2897.67,-0.0,50.0,36,72,-0.04
11,20,10,inflection,ema50,True,1.4,5.0,1.5,0.0,199,1474.17,1.111,29.15,2409.38,0.61,47.22,34,72,15.76
11,20,10,inflection,ema50,True,1.4,5.0,1.5,200.0,153,1041.29,1.105,28.76,2041.58,0.51,51.39,37,72,13.09
11,20,10,inflection,ema50,True,1.4,5.0,1.5,250.0,165,1462.62,1.14,29.09,2041.58,0.72,51.39,37,72,18.96
11,20,10,inflection,ema50,True,1.4,5.0,2.0,0.0,180,-1536.23,0.898,32.22,3619.78,-0.42,47.22,34,72,-10.83
11,20,10,inflection,ema50,True,1.4,5.0,2.0,200.0,141,-460.55,0.959,34.04,3131.45,-0.15,51.39,37,72,-4.06
11,20,10,inflection,ema50,True,1.4,5.0,2.0,250.0,157,-1010.53,0.92,32.48,3131.45,-0.32,50.0,36,72,-8.31
11,20,10,inflection,ema50,True,1.4,5.0,2.5,0.0,168,-1549.3,0.903,36.9,3506.54,-0.44,43.06,31,72,-10.17
11,20,10,inflection,ema50,True,1.4,5.0,2.5,200.0,129,-875.46,0.927,37.98,3129.98,-0.28,48.61,35,72,-7.05
11,20,10,inflection,ema50,True,1.4,5.0,2.5,250.0,143,-1494.72,0.889,36.36,3129.98,-0.48,45.83,33,72,-10.89
11,20,10,inflection,ema50,False,1.5,3.5,1.5,0.0,453,-4740.18,0.834,28.48,5206.11,-0.91,30.56,22,72,-16.74
11,20,10,inflection,ema50,False,1.5,3.5,1.5,200.0,278,-2389.33,0.858,30.22,2625.42,-0.91,43.06,31,72,-17.23
11,20,10,inflection,ema50,False,1.5,3.5,1.5,250.0,312,-2810.45,0.849,29.49,3131.9,-0.9,38.89,28,72,-16.58
11,20,10,inflection,ema50,False,1.5,3.5,2.0,0.0,405,-4092.65,0.87,35.31,6366.77,-0.64,38.89,28,72,-17.35
11,20,10,inflection,ema50,False,1.5,3.5,2.0,200.0,241,-1020.48,0.941,37.76,2423.78,-0.42,51.39,37,72,-10.02
11,20,10,inflection,ema50,False,1.5,3.5,2.0,250.0,274,-1915.0,0.902,36.13,3365.92,-0.57,47.22,34,72,-14.06
11,20,10,inflection,ema50,False,1.5,3.5,2.5,0.0,370,-2953.53,0.909,40.54,5079.25,-0.58,36.11,26,72,-13.6
11,20,10,inflection,ema50,False,1.5,3.5,2.5,200.0,212,1504.46,1.094,44.34,2567.94,0.59,54.17,39,72,17.59
11,20,10,inflection,ema50,False,1.5,3.5,2.5,250.0,241,-144.18,0.992,41.91,3269.35,-0.04,48.61,35,72,-1.22
11,20,10,inflection,ema50,False,1.5,4.0,1.5,0.0,438,-2853.09,0.9,27.17,4558.39,-0.63,38.89,28,72,-14.79
11,20,10,inflection,ema50,False,1.5,4.0,1.5,200.0,287,-2645.19,0.853,27.18,3203.93,-0.83,45.83,33,72,-18.27
11,20,10,inflection,ema50,False,1.5,4.0,1.5,250.0,322,-3439.25,0.829,26.4,3952.31,-0.87,43.06,31,72,-19.53
11,20,10,inflection,ema50,False,1.5,4.0,2.0,0.0,377,-4168.08,0.86,32.89,5825.52,-0.72,37.5,27,72,-17.61
11,20,10,inflection,ema50,False,1.5,4.0,2.0,200.0,241,-2057.35,0.889,34.02,3363.52,-0.61,45.83,33,72,-14.45
11,20,10,inflection,ema50,False,1.5,4.0,2.0,250.0,261,-2930.47,0.855,32.95,4110.23,-0.71,43.06,31,72,-16.83
11,20,10,inflection,ema50,False,1.5,4.0,2.5,0.0,332,-3676.94,0.88,36.45,6406.92,-0.57,37.5,27,72,-15.16
11,20,10,inflection,ema50,False,1.5,4.0,2.5,200.0,196,-698.18,0.958,38.78,3214.95,-0.22,50.0,36,72,-5.9
11,20,10,inflection,ema50,False,1.5,4.0,2.5,250.0,223,-2145.36,0.888,36.77,3663.73,-0.59,45.83,33,72,-14.42
11,20,10,inflection,ema50,False,1.5,4.5,1.5,0.0,416,-2245.72,0.919,25.24,4432.68,-0.51,31.94,23,72,-9.9
11,20,10,inflection,ema50,False,1.5,4.5,1.5,200.0,272,-2401.84,0.863,25.0,3518.13,-0.68,41.67,30,72,-14.56
11,20,10,inflection,ema50,False,1.5,4.5,1.5,250.0,293,-2895.93,0.847,24.23,3533.18,-0.82,37.5,27,72,-15.47
11,20,10,inflection,ema50,False,1.5,4.5,2.0,0.0,359,-3634.64,0.876,30.92,4874.59,-0.75,36.11,26,72,-16.47
11,20,10,inflection,ema50,False,1.5,4.5,2.0,200.0,221,-919.66,0.947,32.58,3444.79,-0.27,48.61,35,72,-7.21
11,20,10,inflection,ema50,False,1.5,4.5,2.0,250.0,240,-683.2,0.964,32.5,2987.1,-0.23,45.83,33,72,-5.52
11,20,10,inflection,ema50,False,1.5,4.5,2.5,0.0,313,-2067.46,0.93,35.14,4905.06,-0.42,40.28,29,72,-11.06
11,20,10,inflection,ema50,False,1.5,4.5,2.5,200.0,183,-544.47,0.966,36.61,3192.12,-0.17,48.61,35,72,-4.53
11,20,10,inflection,ema50,False,1.5,4.5,2.5,250.0,203,-967.05,0.946,35.96,2727.82,-0.35,45.83,33,72,-8.03
11,20,10,inflection,ema50,False,1.5,5.0,1.5,0.0,397,-2016.46,0.926,23.43,4189.43,-0.48,33.33,24,72,-9.62
11,20,10,inflection,ema50,False,1.5,5.0,1.5,200.0,245,-2147.47,0.87,23.67,3102.32,-0.69,43.06,31,72,-14.44
11,20,10,inflection,ema50,False,1.5,5.0,1.5,250.0,286,-2714.5,0.857,22.73,3382.65,-0.8,37.5,27,72,-15.0
11,20,10,inflection,ema50,False,1.5,5.0,2.0,0.0,347,-3536.08,0.878,28.82,5510.32,-0.64,36.11,26,72,-15.1
11,20,10,inflection,ema50,False,1.5,5.0,2.0,200.0,196,-497.02,0.969,31.63,3648.3,-0.14,50.0,36,72,-3.99
11,20,10,inflection,ema50,False,1.5,5.0,2.0,250.0,230,41.14,1.002,31.74,3624.77,0.01,44.44,32,72,0.3
11,20,10,inflection,ema50,False,1.5,5.0,2.5,0.0,306,-1733.59,0.942,32.68,5254.93,-0.33,38.89,28,72,-8.76
11,20,10,inflection,ema50,False,1.5,5.0,2.5,200.0,162,1507.02,1.104,37.65,3276.53,0.46,52.78,38,72,15.34
11,20,10,inflection,ema50,False,1.5,5.0,2.5,250.0,198,-256.1,0.986,34.85,3276.53,-0.08,45.83,33,72,-2.02
11,20,10,inflection,none,True,1.35,3.5,1.5,0.0,520,-2045.55,0.939,29.62,4311.14,-0.47,44.44,32,72,-13.0
11,20,10,inflection,none,True,1.35,3.5,1.5,200.0,311,1064.33,1.063,30.87,2968.08,0.36,54.17,39,72,11.25
11,20,10,inflection,none,True,1.35,3.5,1.5,250.0,352,198.41,1.01,30.97,3004.36,0.07,48.61,35,72,1.78
11,20,10,inflection,none,True,1.35,3.5,2.0,0.0,434,-3988.85,0.885,35.71,5181.48,-0.77,38.89,28,72,-19.07
11,20,10,inflection,none,True,1.35,3.5,2.0,200.0,238,676.3,1.043,37.39,2983.92,0.23,52.78,38,72,6.82
11,20,10,inflection,none,True,1.35,3.5,2.0,250.0,280,227.38,1.012,37.14,3690.23,0.06,48.61,35,72,1.84
11,20,10,inflection,none,True,1.35,3.5,2.5,0.0,414,-2243.92,0.938,42.51,4089.95,-0.55,45.83,33,72,-15.08
11,20,10,inflection,none,True,1.35,3.5,2.5,200.0,220,2675.08,1.174,46.36,2053.11,1.3,59.72,43,72,41.39
11,20,10,inflection,none,True,1.35,3.5,2.5,250.0,260,1885.81,1.099,44.62,2666.71,0.71,55.56,40,72,22.3
11,20,10,inflection,none,True,1.35,4.0,1.5,0.0,480,-2828.22,0.913,26.04,5655.41,-0.5,37.5,27,72,-12.88
11,20,10,inflection,none,True,1.35,4.0,1.5,200.0,292,225.31,1.013,26.71,3278.12,0.07,48.61,35,72,1.94
11,20,10,inflection,none,True,1.35,4.0,1.5,250.0,316,395.34,1.022,26.9,3324.61,0.12,47.22,34,72,3.31
11,20,10,inflection,none,True,1.35,4.0,2.0,0.0,398,-3736.05,0.886,33.17,4296.61,-0.87,38.89,28,72,-19.64
11,20,10,inflection,none,True,1.35,4.0,2.0,200.0,226,-578.91,0.965,32.74,4910.93,-0.12,48.61,35,72,-3.88
11,20,10,inflection,none,True,1.35,4.0,2.0,250.0,255,-879.99,0.953,33.33,4473.22,-0.2,45.83,33,72,-5.75
11,20,10,inflection,none,True,1.35,4.0,2.5,0.0,381,220.59,1.007,40.68,3326.79,0.07,48.61,35,72,1.87
11,20,10,inflection,none,True,1.35,4.0,2.5,200.0,193,2475.83,1.172,42.49,1790.9,1.38,58.33,42,72,39.99
11,20,10,inflection,none,True,1.35,4.0,2.5,250.0,226,2032.86,1.118,42.04,2090.75,0.97,54.17,39,72,26.93
11,20,10,inflection,none,True,1.35,4.5,1.5,0.0,465,-2247.71,0.931,24.09,4951.91,-0.45,40.28,29,72,-11.98
11,20,10,inflection,none,True,1.35,4.5,1.5,200.0,292,-165.53,0.991,23.97,3903.53,-0.04,45.83,33,72,-1.2
11,20,10,inflection,none,True,1.35,4.5,1.5,250.0,296,678.16,1.039,24.66,3426.97,0.2,45.83,33,72,5.52
11,20,10,inflection,none,True,1.35,4.5,2.0,0.0,394,-3502.58,0.901,30.46,4244.81,-0.83,40.28,29,72,-19.51
11,20,10,inflection,none,True,1.35,4.5,2.0,200.0,228,134.41,1.008,30.7,4885.51,0.03,51.39,37,72,1.0
11,20,10,inflection,none,True,1.35,4.5,2.0,250.0,240,203.22,1.012,30.83,4816.7,0.04,50.0,36,72,1.48
11,20,10,inflection,none,True,1.35,4.5,2.5,0.0,361,-615.86,0.982,37.67,3384.67,-0.18,44.44,32,72,-4.62
11,20,10,inflection,none,True,1.35,4.5,2.5,200.0,183,2208.26,1.153,38.8,2839.4,0.78,54.17,39,72,25.88
11,20,10,inflection,none,True,1.35,4.5,2.5,250.0,203,2405.01,1.151,39.41,2107.68,1.14,52.78,38,72,31.82
11,20,10,inflection,none,True,1.35,5.0,1.5,0.0,448,-2230.64,0.929,22.54,3982.52,-0.56,37.5,27,72,-12.31
11,20,10,inflection,none,True,1.35,5.0,1.5,200.0,280,-1100.98,0.937,21.79,4040.45,-0.27,41.67,30,72,-6.76
11,20,10,inflection,none,True,1.35,5.0,1.5,250.0,290,-646.45,0.964,22.41,3892.01,-0.17,41.67,30,72,-4.16
11,20,10,inflection,none,True,1.35,5.0,2.0,0.0,383,-891.86,0.975,29.24,3727.76,-0.24,41.67,30,72,-5.93
11,20,10,inflection,none,True,1.35,5.0,2.0,200.0,212,-1086.14,0.934,27.83,5095.97,-0.21,48.61,35,72,-6.91
11,20,10,inflection,none,True,1.35,5.0,2.0,250.0,233,-175.54,0.99,29.18,4758.37,-0.04,47.22,34,72,-1.19
11,20,10,inflection,none,True,1.35,5.0,2.5,0.0,341,104.27,1.003,35.48,3106.82,0.03,43.06,31,72,0.81
11,20,10,inflection,none,True,1.35,5.0,2.5,200.0,174,-10.25,0.999,33.91,4211.4,-0.0,50.0,36,72,-0.08
11,20,10,inflection,none,True,1.35,5.0,2.5,250.0,189,353.03,1.022,34.39,4154.21,0.08,47.22,34,72,2.64
11,20,10,inflection,none,True,1.4,3.5,1.5,0.0,552,-4683.57,0.87,27.72,6925.04,-0.68,36.11,26,72,-17.68
11,20,10,inflection,none,True,1.4,3.5,1.5,200.0,331,788.45,1.044,30.21,3456.25,0.23,54.17,39,72,7.58
11,20,10,inflection,none,True,1.4,3.5,1.5,250.0,391,-1072.2,0.952,29.16,4255.89,-0.25,45.83,33,72,-7.17
11,20,10,inflection,none,True,1.4,3.5,2.0,0.0,448,-5528.45,0.846,34.15,6852.19,-0.81,33.33,24,72,-18.83
11,20,10,inflection,none,True,1.4,3.5,2.0,200.0,258,-1095.82,0.939,34.88,3895.27,-0.28,50.0,36,72,-8.24
11,20,10,inflection,none,True,1.4,3.5,2.0,250.0,284,-1488.23,0.926,34.86,4373.68,-0.34,45.83,33,72,-9.55
11,20,10,inflection,none,True,1.4,3.5,2.5,0.0,421,-4905.44,0.869,40.62,6331.52,-0.77,34.72,25,72,-18.6
11,20,10,inflection,none,True,1.4,3.5,2.5,200.0,217,-131.87,0.992,42.4,4036.86,-0.03,51.39,37,72,-1.06
11,20,10,inflection,none,True,1.4,3.5,2.5,250.0,250,371.14,1.02,42.8,3808.28,0.1,48.61,35,72,2.98
11,20,10,inflection,none,True,1.4,4.0,1.5,0.0,516,-6468.35,0.819,23.84,7833.27,-0.83,30.56,22,72,-18.29
11,20,10,inflection,none,True,1.4,4.0,1.5,200.0,312,-852.22,0.954,25.64,4227.23,-0.2,47.22,34,72,-5.9
11,20,10,inflection,none,True,1.4,4.0,1.5,250.0,338,-456.99,0.977,26.33,4141.53,-0.11,45.83,33,72,-3.18
11,20,10,inflection,none,True,1.4,4.0,2.0,0.0,414,-5914.85,0.828,31.16,6402.78,-0.92,33.33,24,72,-20.4
11,20,10,inflection,none,True,1.4,4.0,2.0,200.0,246,-1268.93,0.93,31.3,5027.33,-0.25,47.22,34,72,-7.86
11,20,10,inflection,none,True,1.4,4.0,2.0,250.0,274,-2579.21,0.875,31.02,5403.84,-0.48,43.06,31,72,-13.22
11,20,10,inflection,none,True,1.4,4.0,2.5,0.0,397,-2776.95,0.924,38.79,4463.24,-0.62,41.67,30,72,-16.0
11,20,10,inflection,none,True,1.4,4.0,2.5,200.0,209,-91.75,0.995,38.76,4464.64,-0.02,52.78,38,72,-0.72
11,20,10,inflection,none,True,1.4,4.0,2.5,250.0,234,-1003.78,0.948,38.03,5117.55,-0.2,48.61,35,72,-6.47
11,20,10,inflection,none,True,1.4,4.5,1.5,0.0,498,-5754.66,0.837,21.89,7472.08,-0.77,33.33,24,72,-18.57
11,20,10,inflection,none,True,1.4,4.5,1.5,200.0,299,170.97,1.009,24.08,3961.02,0.04,45.83,33,72,1.26
11,20,10,inflection,none,True,1.4,4.5,1.5,250.0,305,272.94,1.015,24.26,3859.05,0.07,45.83,33,72,2.04
11,20,10,inflection,none,True,1.4,4.5,2.0,0.0,415,-5888.01,0.844,28.67,6500.71,-0.91,34.72,25,72,-21.4
11,20,10,inflection,none,True,1.4,4.5,2.0,200.0,234,-1043.39,0.941,28.63,5496.12,-0.19,47.22,34,72,-6.25
11,20,10,inflection,none,True,1.4,4.5,2.0,250.0,252,-674.18,0.964,29.37,5126.91,-0.13,45.83,33,72,-4.16
11,20,10,inflection,none,True,1.4,4.5,2.5,0.0,384,-3122.97,0.917,35.94,4794.45,-0.65,37.5,27,72,-15.51
11,20,10,inflection,none,True,1.4,4.5,2.5,200.0,202,218.67,1.013,36.14,4953.82,0.04,50.0,36,72,1.57
11,20,10,inflection,none,True,1.4,4.5,2.5,250.0,221,243.15,1.013,36.65,4396.68,0.06,48.61,35,72,1.81
11,20,10,inflection,none,True,1.4,5.0,1.5,0.0,470,-6430.15,0.808,19.79,7412.2,-0.87,30.56,22,72,-18.44
11,20,10,inflection,none,True,1.4,5.0,1.5,200.0,281,-1484.77,0.916,21.0,4579.25,-0.32,41.67,30,72,-8.37
11,20,10,inflection,none,True,1.4,5.0,1.5,250.0,298,-1266.26,0.932,21.48,4917.89,-0.26,40.28,29,72,-6.78
11,20,10,inflection,none,True,1.4,5.0,2.0,0.0,400,-4283.23,0.881,27.75,5204.22,-0.82,34.72,25,72,-18.16
11,20,10,inflection,none,True,1.4,5.0,2.0,200.0,222,-1823.67,0.896,26.58,5454.54,-0.33,47.22,34,72,-10.45
11,20,10,inflection,none,True,1.4,5.0,2.0,250.0,240,-852.55,0.954,27.92,4874.61,-0.17,45.83,33,72,-5.34
11,20,10,inflection,none,True,1.4,5.0,2.5,0.0,365,-190.88,0.995,35.34,2778.07,-0.07,37.5,27,72,-1.35
11,20,10,inflection,none,True,1.4,5.0,2.5,200.0,178,-723.66,0.954,33.71,4918.66,-0.15,48.61,35,72,-4.79
11,20,10,inflection,none,True,1.4,5.0,2.5,250.0,199,525.82,1.03,35.18,4240.95,0.12,47.22,34,72,3.93
11,20,10,inflection,none,False,1.5,3.5,1.5,0.0,894,-7862.56,0.857,27.74,8416.42,-0.93,25.0,18,72,-18.36
11,20,10,inflection,none,False,1.5,3.5,1.5,200.0,409,-1149.52,0.949,28.36,4350.88,-0.26,47.22,34,72,-7.81
11,20,10,inflection,none,False,1.5,3.5,1.5,250.0,478,-2438.55,0.909,27.62,4736.3,-0.51,41.67,30,72,-13.42
11,20,10,inflection,none,False,1.5,3.5,2.0,0.0,664,-9498.88,0.817,32.53,10850.31,-0.88,22.22,16,72,-16.55
11,20,10,inflection,none,False,1.5,3.5,2.0,200.0,276,-3399.19,0.833,33.7,5445.25,-0.62,45.83,33,72,-17.59
11,20,10,inflection,none,False,1.5,3.5,2.0,250.0,318,-3870.61,0.834,33.65,5746.27,-0.67,40.28,29,72,-17.15
11,20,10,inflection,none,False,1.5,3.5,2.5,0.0,634,-7860.48,0.863,39.12,9361.58,-0.84,22.22,16,72,-15.58
11,20,10,inflection,none,False,1.5,3.5,2.5,200.0,251,3253.85,1.178,45.42,1412.37,2.3,61.11,44,72,62.33
11,20,10,inflection,none,False,1.5,3.5,2.5,250.0,316,232.68,1.009,41.77,3164.92,0.07,48.61,35,72,2.03
11,20,10,inflection,none,False,1.5,4.0,1.5,0.0,825,-8628.82,0.835,24.85,8934.58,-0.97,22.22,16,72,-16.94
11,20,10,inflection,none,False,1.5,4.0,1.5,200.0,402,527.62,1.024,27.86,2402.66,0.22,52.78,38,72,5.82
11,20,10,inflection,none,False,1.5,4.0,1.5,250.0,452,2.15,1.0,27.21,2828.54,0.0,47.22,34,72,0.02
11,20,10,inflection,none,False,1.5,4.0,2.0,0.0,609,-8647.65,0.823,29.72,9803.54,-0.88,22.22,16,72,-15.97
11,20,10,inflection,none,False,1.5,4.0,2.0,200.0,281,-1471.7,0.93,33.1,2996.08,-0.49,48.61,35,72,-12.15
11,20,10,inflection,none,False,1.5,4.0,2.0,250.0,332,-3972.37,0.844,31.02,5326.44,-0.75,40.28,29,72,-18.5
11,20,10,inflection,none,False,1.5,4.0,2.5,0.0,574,-5715.55,0.893,36.93,7065.53,-0.81,27.78,20,72,-16.87
11,20,10,inflection,none,False,1.5,4.0,2.5,200.0,227,3190.03,1.176,43.17,1722.77,1.85,61.11,44,72,55.23
11,20,10,inflection,none,False,1.5,4.0,2.5,250.0,270,2374.1,1.11,41.48,1722.77,1.38,55.56,40,72,35.28
11,20,10,inflection,none,False,1.5,4.5,1.5,0.0,777,-6789.92,0.87,23.04,7300.02,-0.93,25.0,18,72,-17.28
11,20,10,inflection,none,False,1.5,4.5,1.5,200.0,351,1904.2,1.093,25.93,1847.06,1.03,52.78,38,72,25.56
11,20,10,inflection,none,False,1.5,4.5,1.5,250.0,413,637.95,1.026,24.94,2150.0,0.3,45.83,33,72,6.47
11,20,10,inflection,none,False,1.5,4.5,2.0,0.0,596,-6560.04,0.869,28.52,7220.25,-0.91,26.39,19,72,-17.7
11,20,10,inflection,none,False,1.5,4.5,2.0,200.0,257,770.22,1.041,31.91,2509.39,0.31,51.39,37,72,8.23
11,20,10,inflection,none,False,1.5,4.5,2.0,250.0,288,-451.83,0.979,30.9,2887.15,-0.16,45.83,33,72,-3.77
11,20,10,inflection,none,False,1.5,4.5,2.5,0.0,523,-4745.6,0.908,34.8,6112.94,-0.78,26.39,19,72,-14.54
11,20,10,inflection,none,False,1.5,4.5,2.5,200.0,219,1470.07,1.077,37.9,2229.83,0.66,54.17,39,72,18.16
11,20,10,inflection,none,False,1.5,4.5,2.5,250.0,246,1105.85,1.051,37.4,2618.23,0.42,51.39,37,72,11.67
11,20,10,inflection,none,False,1.5,5.0,1.5,0.0,759,-3549.8,0.932,22.79,5858.93,-0.61,30.56,22,72,-13.21
11,20,10,inflection,none,False,1.5,5.0,1.5,200.0,291,5114.62,1.305,27.49,1398.59,3.66,59.72,43,72,106.59
11,20,10,inflection,none,False,1.5,5.0,1.5,250.0,349,5179.51,1.255,26.65,1763.18,2.94,56.94,41,72,88.15
11,20,10,inflection,none,False,1.5,5.0,2.0,0.0,559,-3388.44,0.929,27.73,6504.1,-0.52,27.78,20,72,-10.84
11,20,10,inflection,none,False,1.5,5.0,2.0,200.0,240,1424.44,1.079,30.42,1953.88,0.73,51.39,37,72,17.87
11,20,10,inflection,none,False,1.5,5.0,2.0,250.0,264,1146.06,1.057,29.92,1684.64,0.68,48.61,35,72,14.35
11,20,10,inflection,none,False,1.5,5.0,2.5,0.0,489,-1738.94,0.964,33.74,6914.61,-0.25,27.78,20,72,-5.6
11,20,10,inflection,none,False,1.5,5.0,2.5,200.0,198,2831.26,1.164,36.36,2201.04,1.29,55.56,40,72,39.03
11,20,10,inflection,none,False,1.5,5.0,2.5,250.0,221,3631.16,1.187,37.1,1956.62,1.86,54.17,39,72,52.78
11,20,10,zero_cross,ema200,True,1.35,3.5,1.5,0.0,177,145.42,1.014,34.46,2092.02,0.07,50.0,36,72,1.61
11,20,10,zero_cross,ema200,True,1.35,3.5,1.5,200.0,157,-716.37,0.924,32.48,2247.44,-0.32,50.0,36,72,-6.98
11,20,10,zero_cross,ema200,True,1.35,3.5,1.5,250.0,166,-227.12,0.977,33.73,2092.02,-0.11,50.0,36,72,-2.43
11,20,10,zero_cross,ema200,True,1.35,3.5,2.0,0.0,168,658.74,1.058,42.86,2091.88,0.31,45.83,33,72,6.98
11,20,10,zero_cross,ema200,True,1.35,3.5,2.0,200.0,148,319.86,1.032,41.89,2091.88,0.15,47.22,34,72,3.41
11,20,10,zero_cross,ema200,True,1.35,3.5,2.0,250.0,158,23.33,1.002,41.77,2091.88,0.01,45.83,33,72,0.23
11,20,10,zero_cross,ema200,True,1.35,3.5,2.5,0.0,164,823.96,1.066,48.78,2783.27,0.3,48.61,35,72,8.09
11,20,10,zero_cross,ema200,True,1.35,3.5,2.5,200.0,142,-666.98,0.942,45.77,2783.27,-0.24,50.0,36,72,-5.95
11,20,10,zero_cross,ema200,True,1.35,3.5,2.5,250.0,152,-399.93,0.967,46.71,2783.27,-0.14,48.61,35,72,-3.56
11,20,10,zero_cross,ema200,True,1.35,4.0,1.5,0.0,177,635.03,1.059,32.2,1989.57,0.32,50.0,36,72,7.54
11,20,10,zero_cross,ema200,True,1.35,4.0,1.5,200.0,152,147.03,1.016,31.58,2004.69,0.07,50.0,36,72,1.67
11,20,10,zero_cross,ema200,True,1.35,4.0,1.5,250.0,159,303.62,1.032,31.45,1989.57,0.15,50.0,36,72,3.51
11,20,10,zero_cross,ema200,True,1.35,4.0,2.0,0.0,168,2006.27,1.176,42.26,1989.43,1.01,50.0,36,72,26.45
11,20,10,zero_cross,ema200,True,1.35,4.0,2.0,200.0,143,1064.49,1.107,40.56,2069.58,0.51,51.39,37,72,13.31
11,20,10,zero_cross,ema200,True,1.35,4.0,2.0,250.0,152,2325.06,1.231,42.76,1989.43,1.17,51.39,37,72,32.98
11,20,10,zero_cross,ema200,True,1.35,4.0,2.5,0.0,161,1738.77,1.136,47.2,2680.82,0.65,50.0,36,72,19.07
11,20,10,zero_cross,ema200,True,1.35,4.0,2.5,200.0,134,651.15,1.06,45.52,2680.82,0.24,51.39,37,72,6.85
11,20,10,zero_cross,ema200,True,1.35,4.0,2.5,250.0,142,1265.66,1.112,46.48,2680.82,0.47,51.39,37,72,13.97
11,20,10,zero_cross,ema200,True,1.35,4.5,1.5,0.0,173,141.35,1.013,28.32,1887.12,0.07,45.83,33,72,1.51
11,20,10,zero_cross,ema200,True,1.35,4.5,1.5,200.0,145,170.29,1.018,28.97,2080.53,0.08,45.83,33,72,1.74
11,20,10,zero_cross,ema200,True,1.35,4.5,1.5,250.0,153,18.78,1.002,28.1,2080.53,0.01,45.83,33,72,0.19
11,20,10,zero_cross,ema200,True,1.35,4.5,2.0,0.0,164,1676.73,1.142,38.41,1886.98,0.89,52.78,38,72,23.27
11,20,10,zero_cross,ema200,True,1.35,4.5,2.0,200.0,136,2001.03,1.206,39.71,1893.28,1.06,54.17,39,72,30.04
11,20,10,zero_cross,ema200,True,1.35,4.5,2.0,250.0,145,1756.8,1.17,38.62,2002.57,0.88,54.17,39,72,24.88
11,20,10,zero_cross,ema200,True,1.35,4.5,2.5,0.0,157,1449.12,1.109,43.31,2578.37,0.56,50.0,36,72,15.82
11,20,10,zero_cross,ema200,True,1.35,4.5,2.5,200.0,128,1607.28,1.15,44.53,2578.37,0.62,52.78,38,72,19.21
11,20,10,zero_cross,ema200,True,1.35,4.5,2.5,250.0,136,998.75,1.086,42.65,2578.37,0.39,51.39,37,72,10.98
11,20,10,zero_cross,ema200,True,1.35,5.0,1.5,0.0,173,-378.33,0.967,26.01,2665.97,-0.14,43.06,31,72,-3.05
11,20,10,zero_cross,ema200,True,1.35,5.0,1.5,200.0,141,-160.64,0.983,26.95,2769.91,-0.06,43.06,31,72,-1.29
11,20,10,zero_cross,ema200,True,1.35,5.0,1.5,250.0,149,-380.08,0.961,26.17,2769.91,-0.14,43.06,31,72,-2.99
11,20,10,zero_cross,ema200,True,1.35,5.0,2.0,0.0,163,310.8,1.025,34.36,2985.02,0.1,47.22,34,72,2.75
11,20,10,zero_cross,ema200,True,1.35,5.0,2.0,200.0,133,893.76,1.088,36.09,3413.96,0.26,48.61,35,72,8.09
11,20,10,zero_cross,ema200,True,1.35,5.0,2.0,250.0,142,521.39,1.048,34.51,3413.96,0.15,48.61,35,72,4.55
11,20,10,zero_cross,ema200,True,1.35,5.0,2.5,0.0,156,711.05,1.051,39.74,3296.38,0.22,47.22,34,72,6.15
11,20,10,zero_cross,ema200,True,1.35,5.0,2.5,200.0,127,975.89,1.086,40.94,3296.38,0.3,48.61,35,72,8.97
11,20,10,zero_cross,ema200,True,1.35,5.0,2.5,250.0,132,822.23,1.07,40.15,3296.38,0.25,48.61,35,72,7.45
11,20,10,zero_cross,ema200,True,1.4,3.5,1.5,0.0,178,340.5,1.033,34.83,2092.02,0.16,50.0,36,72,3.85
11,20,10,zero_cross,ema200,True,1.4,3.5,1.5,200.0,158,-521.29,0.945,32.91,2247.44,-0.23,50.0,36,72,-5.2
11,20,10,zero_cross,ema200,True,1.4,3.5,1.5,250.0,167,-32.04,0.997,34.13,2092.02,-0.02,50.0,36,72,-0.35
11,20,10,zero_cross,ema200,True,1.4,3.5,2.0,0.0,169,853.82,1.076,43.2,2091.88,0.41,45.83,33,72,9.21
11,20,10,zero_cross,ema200,True,1.4,3.5,2.0,200.0,148,319.86,1.032,41.89,2091.88,0.15,47.22,34,72,3.41
11,20,10,zero_cross,ema200,True,1.4,3.5,2.0,250.0,157,174.93,1.016,42.04,2091.88,0.08,45.83,33,72,1.78
11,20,10,zero_cross,ema200,True,1.4,3.5,2.5,0.0,165,1019.04,1.081,49.09,2783.27,0.37,48.61,35,72,10.15
11,20,10,zero_cross,ema200,True,1.4,3.5,2.5,200.0,142,-666.98,0.942,45.77,2783.27,-0.24,50.0,36,72,-5.95
11,20,10,zero_cross,ema200,True,1.4,3.5,2.5,250.0,151,-231.0,0.981,47.02,2783.27,-0.08,48.61,35,72,-2.09
11,20,10,zero_cross,ema200,True,1.4,4.0,1.5,0.0,178,858.42,1.08,32.58,1989.57,0.43,51.39,37,72,10.68
11,20,10,zero_cross,ema200,True,1.4,4.0,1.5,200.0,153,370.42,1.04,32.03,2004.69,0.18,51.39,37,72,4.42
11,20,10,zero_cross,ema200,True,1.4,4.0,1.5,250.0,160,527.01,1.055,31.87,1989.57,0.26,51.39,37,72,6.41
11,20,10,zero_cross,ema200,True,1.4,4.0,2.0,0.0,168,2006.27,1.176,42.26,1989.43,1.01,50.0,36,72,26.45
11,20,10,zero_cross,ema200,True,1.4,4.0,2.0,200.0,143,1064.49,1.107,40.56,2069.58,0.51,51.39,37,72,13.31
11,20,10,zero_cross,ema200,True,1.4,4.0,2.0,250.0,152,2325.06,1.231,42.76,1989.43,1.17,51.39,37,72,32.98
11,20,10,zero_cross,ema200,True,1.4,4.0,2.5,0.0,161,1738.77,1.136,47.2,2680.82,0.65,50.0,36,72,19.07
11,20,10,zero_cross,ema200,True,1.4,4.0,2.5,200.0,134,651.15,1.06,45.52,2680.82,0.24,51.39,37,72,6.85
11,20,10,zero_cross,ema200,True,1.4,4.0,2.5,250.0,142,1265.66,1.112,46.48,2680.82,0.47,51.39,37,72,13.97
11,20,10,zero_cross,ema200,True,1.4,4.5,1.5,0.0,174,393.05,1.036,28.74,1887.12,0.21,47.22,34,72,4.43
11,20,10,zero_cross,ema200,True,1.4,4.5,1.5,200.0,146,421.99,1.046,29.45,2080.53,0.2,47.22,34,72,4.57
11,20,10,zero_cross,ema200,True,1.4,4.5,1.5,250.0,154,270.48,1.028,28.57,2080.53,0.13,47.22,34,72,2.88
11,20,10,zero_cross,ema200,True,1.4,4.5,2.0,0.0,164,1676.73,1.142,38.41,1886.98,0.89,52.78,38,72,23.27
11,20,10,zero_cross,ema200,True,1.4,4.5,2.0,200.0,136,2001.03,1.206,39.71,1893.28,1.06,54.17,39,72,30.04
11,20,10,zero_cross,ema200,True,1.4,4.5,2.0,250.0,145,1756.8,1.17,38.62,2002.57,0.88,54.17,39,72,24.88
11,20,10,zero_cross,ema200,True,1.4,4.5,2.5,0.0,157,1449.12,1.109,43.31,2578.37,0.56,50.0,36,72,15.82
11,20,10,zero_cross,ema200,True,1.4,4.5,2.5,200.0,128,1607.28,1.15,44.53,2578.37,0.62,52.78,38,72,19.21
11,20,10,zero_cross,ema200,True,1.4,4.5,2.5,250.0,136,998.75,1.086,42.65,2578.37,0.39,51.39,37,72,10.98
11,20,10,zero_cross,ema200,True,1.4,5.0,1.5,0.0,174,-98.32,0.991,26.44,2665.97,-0.04,44.44,32,72,-0.84
11,20,10,zero_cross,ema200,True,1.4,5.0,1.5,200.0,142,119.37,1.013,27.46,2769.91,0.04,44.44,32,72,1.02
11,20,10,zero_cross,ema200,True,1.4,5.0,1.5,250.0,150,-100.07,0.99,26.67,2769.91,-0.04,44.44,32,72,-0.84
11,20,10,zero_cross,ema200,True,1.4,5.0,2.0,0.0,163,310.8,1.025,34.36,2985.02,0.1,47.22,34,72,2.75
11,20,10,zero_cross,ema200,True,1.4,5.0,2.0,200.0,133,893.76,1.088,36.09,3413.96,0.26,48.61,35,72,8.09
11,20,10,zero_cross,ema200,True,1.4,5.0,2.0,250.0,142,521.39,1.048,34.51,3413.96,0.15,48.61,35,72,4.55
11,20,10,zero_cross,ema200,True,1.4,5.0,2.5,0.0,156,711.05,1.051,39.74,3296.38,0.22,47.22,34,72,6.15
11,20,10,zero_cross,ema200,True,1.4,5.0,2.5,200.0,127,975.89,1.086,40.94,3296.38,0.3,48.61,35,72,8.97
11,20,10,zero_cross,ema200,True,1.4,5.0,2.5,250.0,132,822.23,1.07,40.15,3296.38,0.25,48.61,35,72,7.45
11,20,10,zero_cross,ema200,False,1.5,3.5,1.5,0.0,522,3195.58,1.107,34.29,2367.66,1.35,44.44,32,72,32.31
11,20,10,zero_cross,ema200,False,1.5,3.5,1.5,200.0,324,2245.08,1.134,35.49,1257.27,1.79,55.56,40,72,39.89
11,20,10,zero_cross,ema200,False,1.5,3.5,1.5,250.0,385,3220.23,1.161,35.32,1551.81,2.08,52.78,38,72,50.09
11,20,10,zero_cross,ema200,False,1.5,3.5,2.0,0.0,449,3578.82,1.118,41.43,3228.95,1.11,44.44,32,72,31.29
11,20,10,zero_cross,ema200,False,1.5,3.5,2.0,200.0,269,4019.8,1.243,44.24,1125.42,3.57,62.5,45,72,93.09
11,20,10,zero_cross,ema200,False,1.5,3.5,2.0,250.0,311,3533.28,1.179,42.77,1648.71,2.14,56.94,41,72,58.42
11,20,10,zero_cross,ema200,False,1.5,3.5,2.5,0.0,403,3628.3,1.119,47.15,2799.36,1.3,48.61,35,72,37.3
11,20,10,zero_cross,ema200,False,1.5,3.5,2.5,200.0,252,541.95,1.028,46.83,1785.3,0.3,55.56,40,72,7.33
11,20,10,zero_cross,ema200,False,1.5,3.5,2.5,250.0,277,1752.47,1.085,47.65,1732.28,1.01,55.56,40,72,25.38
11,20,10,zero_cross,ema200,False,1.5,4.0,1.5,0.0,506,4256.25,1.143,32.02,2660.23,1.6,45.83,33,72,43.23
11,20,10,zero_cross,ema200,False,1.5,4.0,1.5,200.0,300,2183.24,1.136,32.0,1437.16,1.52,55.56,40,72,36.35
11,20,10,zero_cross,ema200,False,1.5,4.0,1.5,250.0,354,2804.76,1.147,32.2,2139.81,1.31,50.0,36,72,34.77
11,20,10,zero_cross,ema200,False,1.5,4.0,2.0,0.0,425,4067.18,1.135,38.82,3432.62,1.18,43.06,31,72,33.93
11,20,10,zero_cross,ema200,False,1.5,4.0,2.0,200.0,235,4119.87,1.28,41.28,1413.55,2.91,61.11,44,72,85.71
11,20,10,zero_cross,ema200,False,1.5,4.0,2.0,250.0,285,4076.4,1.217,40.0,1775.3,2.3,55.56,40,72,65.42
11,20,10,zero_cross,ema200,False,1.5,4.0,2.5,0.0,389,4906.5,1.158,44.73,2912.61,1.68,48.61,35,72,51.18
11,20,10,zero_cross,ema200,False,1.5,4.0,2.5,200.0,231,2396.04,1.136,44.59,1519.83,1.58,58.33,42,72,40.73
11,20,10,zero_cross,ema200,False,1.5,4.0,2.5,250.0,279,1986.47,1.091,44.09,1903.94,1.04,52.78,38,72,26.21
11,20,10,zero_cross,ema200,False,1.5,4.5,1.5,0.0,486,5184.24,1.174,30.04,2396.48,2.16,47.22,34,72,58.71
11,20,10,zero_cross,ema200,False,1.5,4.5,1.5,200.0,280,2941.52,1.187,30.36,1708.55,1.72,56.94,41,72,48.1
11,20,10,zero_cross,ema200,False,1.5,4.5,1.5,250.0,310,3294.78,1.191,30.32,1708.55,1.93,54.17,39,72,51.43
11,20,10,zero_cross,ema200,False,1.5,4.5,2.0,0.0,402,4498.46,1.154,36.32,3543.12,1.27,43.06,31,72,37.55
11,20,10,zero_cross,ema200,False,1.5,4.5,2.0,200.0,207,3921.23,1.284,38.65,1487.92,2.64,58.33,42,72,76.14
11,20,10,zero_cross,ema200,False,1.5,4.5,2.0,250.0,239,4779.73,1.306,39.33,1487.92,3.21,56.94,41,72,92.15
11,20,10,zero_cross,ema200,False,1.5,4.5,2.5,0.0,359,3686.46,1.119,40.67,2601.18,1.42,47.22,34,72,38.19
11,20,10,zero_cross,ema200,False,1.5,4.5,2.5,200.0,203,2414.14,1.149,42.36,1647.81,1.47,58.33,42,72,39.86
11,20,10,zero_cross,ema200,False,1.5,4.5,2.5,250.0,228,2242.68,1.121,41.23,1658.14,1.35,54.17,39,72,33.44
11,20,10,zero_cross,ema200,False,1.5,5.0,1.5,0.0,471,3291.25,1.109,27.39,2520.23,1.31,41.67,30,72,30.3
11,20,10,zero_cross,ema200,False,1.5,5.0,1.5,200.0,268,1926.98,1.12,27.99,2348.94,0.82,55.56,40,72,24.74
11,20,10,zero_cross,ema200,False,1.5,5.0,1.5,250.0,295,1861.58,1.107,27.8,2348.94,0.79,52.78,38,72,22.44
11,20,10,zero_cross,ema200,False,1.5,5.0,2.0,0.0,376,4862.42,1.174,34.84,3119.74,1.56,44.44,32,72,45.42
11,20,10,zero_cross,ema200,False,1.5,5.0,2.0,200.0,206,2184.35,1.148,34.47,1814.06,1.2,52.78,38,72,31.07
11,20,10,zero_cross,ema200,False,1.5,5.0,2.0,250.0,227,3214.24,1.203,35.68,1814.06,1.77,52.78,38,72,47.92
11,20,10,zero_cross,ema200,False,1.5,5.0,2.5,0.0,337,3515.84,1.117,38.28,2538.32,1.39,47.22,34,72,36.81
11,20,10,zero_cross,ema200,False,1.5,5.0,2.5,200.0,191,332.13,1.02,37.7,2384.51,0.14,54.17,39,72,3.76
11,20,10,zero_cross,ema200,False,1.5,5.0,2.5,250.0,213,1449.54,1.08,38.97,2384.51,0.61,54.17,39,72,17.37
11,20,10,zero_cross,ema50,True,1.35,3.5,1.5,0.0,216,-50.16,0.996,33.33,2223.03,-0.02,52.78,38,72,-0.56
11,20,10,zero_cross,ema50,True,1.35,3.5,1.5,200.0,189,-596.95,0.947,32.8,2415.73,-0.25,52.78,38,72,-6.07
11,20,10,zero_cross,ema50,True,1.35,3.5,1.5,250.0,200,-32.0,0.997,33.5,2063.2,-0.02,52.78,38,72,-0.37
11,20,10,zero_cross,ema50,True,1.35,3.5,2.0,0.0,198,1004.93,1.074,42.42,2459.04,0.41,48.61,35,72,10.58
11,20,10,zero_cross,ema50,True,1.35,3.5,2.0,200.0,173,-307.82,0.974,41.04,2666.48,-0.12,50.0,36,72,-2.9
11,20,10,zero_cross,ema50,True,1.35,3.5,2.0,250.0,182,618.78,1.049,42.31,2480.6,0.25,48.61,35,72,6.34
11,20,10,zero_cross,ema50,True,1.35,3.5,2.5,0.0,191,104.3,1.007,46.6,3004.92,0.03,45.83,33,72,0.88
11,20,10,zero_cross,ema50,True,1.35,3.5,2.5,200.0,164,-1007.5,0.924,45.12,2819.54,-0.36,48.61,35,72,-8.52
11,20,10,zero_cross,ema50,True,1.35,3.5,2.5,250.0,176,-675.49,0.953,45.45,2819.54,-0.24,45.83,33,72,-5.56
11,20,10,zero_cross,ema50,True,1.35,4.0,1.5,0.0,216,804.21,1.06,31.48,2063.2,0.39,52.78,38,72,9.91
11,20,10,zero_cross,ema50,True,1.35,4.0,1.5,200.0,181,558.54,1.051,32.04,2063.2,0.27,52.78,38,72,6.82
11,20,10,zero_cross,ema50,True,1.35,4.0,1.5,250.0,191,1018.4,1.089,31.94,2063.2,0.49,52.78,38,72,12.89
11,20,10,zero_cross,ema50,True,1.35,4.0,2.0,0.0,198,2512.41,1.183,41.41,2356.59,1.07,54.17,39,72,33.17
11,20,10,zero_cross,ema50,True,1.35,4.0,2.0,200.0,162,979.21,1.086,40.12,2422.89,0.4,55.56,40,72,12.0
11,20,10,zero_cross,ema50,True,1.35,4.0,2.0,250.0,176,2068.21,1.171,41.48,2207.66,0.94,55.56,40,72,28.64
11,20,10,zero_cross,ema50,True,1.35,4.0,2.5,0.0,187,1296.97,1.084,44.92,2902.47,0.45,50.0,36,72,13.05
11,20,10,zero_cross,ema50,True,1.35,4.0,2.5,200.0,156,25.84,1.002,43.59,2717.09,0.01,52.78,38,72,0.26
11,20,10,zero_cross,ema50,True,1.35,4.0,2.5,250.0,164,1161.37,1.088,45.12,2717.09,0.43,52.78,38,72,12.79
11,20,10,zero_cross,ema50,True,1.35,4.5,1.5,0.0,214,724.76,1.053,28.5,2193.62,0.33,45.83,33,72,7.47
11,20,10,zero_cross,ema50,True,1.35,4.5,1.5,200.0,179,-292.8,0.974,27.93,2460.53,-0.12,45.83,33,72,-2.63
11,20,10,zero_cross,ema50,True,1.35,4.5,1.5,250.0,186,-105.33,0.991,27.96,2567.81,-0.04,45.83,33,72,-0.94
11,20,10,zero_cross,ema50,True,1.35,4.5,2.0,0.0,193,2123.47,1.15,37.82,2352.39,0.9,51.39,37,72,25.87
11,20,10,zero_cross,ema50,True,1.35,4.5,2.0,200.0,160,481.67,1.04,36.25,3243.31,0.15,51.39,37,72,4.52
11,20,10,zero_cross,ema50,True,1.35,4.5,2.0,250.0,166,465.99,1.037,36.14,3385.32,0.14,51.39,37,72,4.27
11,20,10,zero_cross,ema50,True,1.35,4.5,2.5,0.0,179,1020.32,1.065,41.34,2809.43,0.36,47.22,34,72,9.68
11,20,10,zero_cross,ema50,True,1.35,4.5,2.5,200.0,146,282.85,1.022,41.1,2988.16,0.09,50.0,36,72,2.64
11,20,10,zero_cross,ema50,True,1.35,4.5,2.5,250.0,153,22.04,1.002,40.52,3255.74,0.01,50.0,36,72,0.19
11,20,10,zero_cross,ema50,True,1.35,5.0,1.5,0.0,214,422.26,1.03,26.17,3100.54,0.14,44.44,32,72,3.47
11,20,10,zero_cross,ema50,True,1.35,5.0,1.5,200.0,173,-477.0,0.959,26.01,3199.24,-0.15,44.44,32,72,-3.59
11,20,10,zero_cross,ema50,True,1.35,5.0,1.5,250.0,181,-743.63,0.938,25.41,3253.86,-0.23,44.44,32,72,-5.43
11,20,10,zero_cross,ema50,True,1.35,5.0,2.0,0.0,191,1055.22,1.071,34.03,4123.87,0.26,48.61,35,72,8.55
11,20,10,zero_cross,ema50,True,1.35,5.0,2.0,200.0,153,-645.03,0.948,32.68,4791.61,-0.13,48.61,35,72,-4.29
11,20,10,zero_cross,ema50,True,1.35,5.0,2.0,250.0,161,-645.17,0.95,32.3,4941.77,-0.13,48.61,35,72,-4.24
11,20,10,zero_cross,ema50,True,1.35,5.0,2.5,0.0,177,755.68,1.047,38.42,3527.44,0.21,44.44,32,72,5.92
11,20,10,zero_cross,ema50,True,1.35,5.0,2.5,200.0,140,27.57,1.002,38.57,3816.49,0.01,47.22,34,72,0.21
11,20,10,zero_cross,ema50,True,1.35,5.0,2.5,250.0,145,-268.31,0.98,37.93,3993.22,-0.07,47.22,34,72,-1.96
11,20,10,zero_cross,ema50,True,1.4,3.5,1.5,0.0,217,144.92,1.011,33.64,2223.03,0.07,52.78,38,72,1.64
11,20,10,zero_cross,ema50,True,1.4,3.5,1.5,200.0,190,-401.87,0.964,33.16,2415.73,-0.17,52.78,38,72,-4.16
11,20,10,zero_cross,ema50,True,1.4,3.5,1.5,250.0,201,163.08,1.014,33.83,2063.2,0.08,52.78,38,72,1.92
11,20,10,zero_cross,ema50,True,1.4,3.5,2.0,0.0,199,1200.01,1.089,42.71,2459.04,0.49,48.61,35,72,12.81
11,20,10,zero_cross,ema50,True,1.4,3.5,2.0,200.0,173,-307.82,0.974,41.04,2666.48,-0.12,50.0,36,72,-2.9
11,20,10,zero_cross,ema50,True,1.4,3.5,2.0,250.0,182,697.97,1.056,42.31,2480.6,0.28,48.61,35,72,7.19
11,20,10,zero_cross,ema50,True,1.4,3.5,2.5,0.0,192,299.38,1.02,46.88,3004.92,0.1,45.83,33,72,2.55
11,20,10,zero_cross,ema50,True,1.4,3.5,2.5,200.0,164,-1007.5,0.924,45.12,2819.54,-0.36,48.61,35,72,-8.52
11,20,10,zero_cross,ema50,True,1.4,3.5,2.5,250.0,176,-596.3,0.958,45.45,2819.54,-0.21,45.83,33,72,-4.93
11,20,10,zero_cross,ema50,True,1.4,4.0,1.5,0.0,217,1027.6,1.077,31.8,2063.2,0.5,52.78,38,72,12.86
11,20,10,zero_cross,ema50,True,1.4,4.0,1.5,200.0,182,781.93,1.072,32.42,2063.2,0.38,52.78,38,72,9.74
11,20,10,zero_cross,ema50,True,1.4,4.0,1.5,250.0,192,1241.79,1.109,32.29,2063.2,0.6,52.78,38,72,16.0
11,20,10,zero_cross,ema50,True,1.4,4.0,2.0,0.0,198,2512.41,1.183,41.41,2356.59,1.07,54.17,39,72,33.17
11,20,10,zero_cross,ema50,True,1.4,4.0,2.0,200.0,162,979.21,1.086,40.12,2422.89,0.4,55.56,40,72,12.0
11,20,10,zero_cross,ema50,True,1.4,4.0,2.0,250.0,176,2068.21,1.171,41.48,2207.66,0.94,55.56,40,72,28.64
11,20,10,zero_cross,ema50,True,1.4,4.0,2.5,0.0,187,1296.97,1.084,44.92,2902.47,0.45,50.0,36,72,13.05
11,20,10,zero_cross,ema50,True,1.4,4.0,2.5,200.0,156,25.84,1.002,43.59,2717.09,0.01,52.78,38,72,0.26
11,20,10,zero_cross,ema50,True,1.4,4.0,2.5,250.0,164,1161.37,1.088,45.12,2717.09,0.43,52.78,38,72,12.79
11,20,10,zero_cross,ema50,True,1.4,4.5,1.5,0.0,215,976.46,1.071,28.84,2193.62,0.45,45.83,33,72,10.23
11,20,10,zero_cross,ema50,True,1.4,4.5,1.5,200.0,180,-41.1,0.996,28.33,2460.53,-0.02,45.83,33,72,-0.38
11,20,10,zero_cross,ema50,True,1.4,4.5,1.5,250.0,187,146.37,1.012,28.34,2567.81,0.06,45.83,33,72,1.34
11,20,10,zero_cross,ema50,True,1.4,4.5,2.0,0.0,193,2123.47,1.15,37.82,2352.39,0.9,51.39,37,72,25.87
11,20,10,zero_cross,ema50,True,1.4,4.5,2.0,200.0,160,481.67,1.04,36.25,3243.31,0.15,51.39,37,72,4.52
11,20,10,zero_cross,ema50,True,1.4,4.5,2.0,250.0,166,465.99,1.037,36.14,3385.32,0.14,51.39,37,72,4.27
11,20,10,zero_cross,ema50,True,1.4,4.5,2.5,0.0,179,1020.32,1.065,41.34,2809.43,0.36,47.22,34,72,9.68
11,20,10,zero_cross,ema50,True,1.4,4.5,2.5,200.0,146,282.85,1.022,41.1,2988.16,0.09,50.0,36,72,2.64
11,20,10,zero_cross,ema50,True,1.4,4.5,2.5,250.0,153,22.04,1.002,40.52,3255.74,0.01,50.0,36,72,0.19
11,20,10,zero_cross,ema50,True,1.4,5.0,1.5,0.0,215,702.27,1.049,26.51,3100.54,0.23,44.44,32,72,5.88
11,20,10,zero_cross,ema50,True,1.4,5.0,1.5,200.0,174,-196.99,0.983,26.44,3199.24,-0.06,44.44,32,72,-1.52
11,20,10,zero_cross,ema50,True,1.4,5.0,1.5,250.0,182,-463.62,0.962,25.82,3253.86,-0.14,44.44,32,72,-3.47
11,20,10,zero_cross,ema50,True,1.4,5.0,2.0,0.0,191,1055.22,1.071,34.03,4123.87,0.26,48.61,35,72,8.55
11,20,10,zero_cross,ema50,True,1.4,5.0,2.0,200.0,153,-645.03,0.948,32.68,4791.61,-0.13,48.61,35,72,-4.29
11,20,10,zero_cross,ema50,True,1.4,5.0,2.0,250.0,161,-645.17,0.95,32.3,4941.77,-0.13,48.61,35,72,-4.24
11,20,10,zero_cross,ema50,True,1.4,5.0,2.5,0.0,177,755.68,1.047,38.42,3527.44,0.21,44.44,32,72,5.92
11,20,10,zero_cross,ema50,True,1.4,5.0,2.5,200.0,140,27.57,1.002,38.57,3816.49,0.01,47.22,34,72,0.21
11,20,10,zero_cross,ema50,True,1.4,5.0,2.5,250.0,145,-268.31,0.98,37.93,3993.22,-0.07,47.22,34,72,-1.96
11,20,10,zero_cross,ema50,False,1.5,3.5,1.5,0.0,602,3137.42,1.089,33.89,1996.9,1.57,48.61,35,72,37.17
11,20,10,zero_cross,ema50,False,1.5,3.5,1.5,200.0,352,3017.06,1.159,35.23,1613.62,1.87,58.33,42,72,50.78
11,20,10,zero_cross,ema50,False,1.5,3.5,1.5,250.0,410,3125.9,1.142,35.12,1996.9,1.57,54.17,39,72,43.27
11,20,10,zero_cross,ema50,False,1.5,3.5,2.0,0.0,498,108.08,1.003,38.96,2629.66,0.04,38.89,28,72,0.82
11,20,10,zero_cross,ema50,False,1.5,3.5,2.0,200.0,285,2673.18,1.148,42.11,1729.01,1.55,58.33,42,72,43.05
11,20,10,zero_cross,ema50,False,1.5,3.5,2.0,250.0,317,3243.47,1.161,42.59,1709.29,1.9,54.17,39,72,49.34
11,20,10,zero_cross,ema50,False,1.5,3.5,2.5,0.0,434,882.37,1.025,44.24,2683.78,0.33,44.44,32,72,7.76
11,20,10,zero_cross,ema50,False,1.5,3.5,2.5,200.0,242,1312.97,1.072,45.87,1950.66,0.67,54.17,39,72,17.26
11,20,10,zero_cross,ema50,False,1.5,3.5,2.5,250.0,264,2725.15,1.139,47.35,1950.66,1.4,54.17,39,72,38.07
11,20,10,zero_cross,ema50,False,1.5,4.0,1.5,0.0,583,4399.84,1.125,31.56,2277.58,1.93,51.39,37,72,53.3
11,20,10,zero_cross,ema50,False,1.5,4.0,1.5,200.0,318,4173.67,1.24,33.02,1462.08,2.85,62.5,45,72,84.59
11,20,10,zero_cross,ema50,False,1.5,4.0,1.5,250.0,371,5531.64,1.275,33.69,1594.04,3.47,62.5,45,72,110.41
11,20,10,zero_cross,ema50,False,1.5,4.0,2.0,0.0,489,2312.56,1.064,37.42,2790.7,0.83,44.44,32,72,20.7
11,20,10,zero_cross,ema50,False,1.5,4.0,2.0,200.0,260,3271.93,1.186,39.62,1889.66,1.73,56.94,41,72,50.83
11,20,10,zero_cross,ema50,False,1.5,4.0,2.0,250.0,281,4568.57,1.246,40.93,1889.66,2.42,56.94,41,72,74.56
11,20,10,zero_cross,ema50,False,1.5,4.0,2.5,0.0,431,2498.74,1.069,41.76,2600.17,0.96,47.22,34,72,24.74
11,20,10,zero_cross,ema50,False,1.5,4.0,2.5,200.0,219,2384.13,1.139,42.92,1933.42,1.23,55.56,40,72,34.31
11,20,10,zero_cross,ema50,False,1.5,4.0,2.5,250.0,261,3594.18,1.178,44.06,1950.66,1.84,54.17,39,72,51.93
11,20,10,zero_cross,ema50,False,1.5,4.5,1.5,0.0,563,5422.91,1.152,29.84,2262.89,2.4,51.39,37,72,67.49
11,20,10,zero_cross,ema50,False,1.5,4.5,1.5,200.0,284,5693.08,1.348,32.39,1531.99,3.72,62.5,45,72,122.54
11,20,10,zero_cross,ema50,False,1.5,4.5,1.5,250.0,325,6675.2,1.361,32.92,1531.99,4.36,61.11,44,72,141.84
11,20,10,zero_cross,ema50,False,1.5,4.5,2.0,0.0,481,2372.25,1.065,35.14,2581.99,0.92,51.39,37,72,25.55
11,20,10,zero_cross,ema50,False,1.5,4.5,2.0,200.0,240,5013.36,1.308,39.17,1562.21,3.21,61.11,44,72,101.39
11,20,10,zero_cross,ema50,False,1.5,4.5,2.0,250.0,271,5542.34,1.299,39.11,1509.75,3.67,58.33,42,72,108.08
11,20,10,zero_cross,ema50,False,1.5,4.5,2.5,0.0,385,-686.34,0.98,37.66,3175.65,-0.22,37.5,27,72,-4.48
11,20,10,zero_cross,ema50,False,1.5,4.5,2.5,200.0,198,2067.04,1.124,39.39,2024.5,1.02,51.39,37,72,26.54
11,20,10,zero_cross,ema50,False,1.5,4.5,2.5,250.0,226,2378.48,1.127,39.82,1865.93,1.27,50.0,36,72,31.03
11,20,10,zero_cross,ema50,False,1.5,5.0,1.5,0.0,529,4718.42,1.137,27.6,2382.15,1.98,47.22,34,72,51.9
11,20,10,zero_cross,ema50,False,1.5,5.0,1.5,200.0,270,4807.22,1.296,30.74,1626.46,2.96,58.33,42,72,90.11
11,20,10,zero_cross,ema50,False,1.5,5.0,1.5,250.0,302,6762.16,1.381,31.79,1626.46,4.16,58.33,42,72,135.07
11,20,10,zero_cross,ema50,False,1.5,5.0,2.0,0.0,458,3552.21,1.1,33.84,3094.26,1.15,47.22,34,72,33.17
11,20,10,zero_cross,ema50,False,1.5,5.0,2.0,200.0,221,4906.42,1.31,37.56,2181.4,2.25,56.94,41,72,78.36
11,20,10,zero_cross,ema50,False,1.5,5.0,2.0,250.0,254,4583.1,1.253,36.61,2705.59,1.69,55.56,40,72,61.34
11,20,10,zero_cross,ema50,False,1.5,5.0,2.5,0.0,375,1256.76,1.037,36.0,3975.61,0.32,41.67,30,72,8.61
11,20,10,zero_cross,ema50,False,1.5,5.0,2.5,200.0,178,875.37,1.054,37.64,2906.58,0.3,51.39,37,72,8.79
11,20,10,zero_cross,ema50,False,1.5,5.0,2.5,250.0,213,937.9,1.05,36.62,3076.87,0.3,48.61,35,72,8.63
11,20,10,zero_cross,none,True,1.35,3.5,1.5,0.0,290,-1864.62,0.898,30.69,4589.96,-0.41,45.83,33,72,-11.33
11,20,10,zero_cross,none,True,1.35,3.5,1.5,200.0,254,-2464.53,0.839,29.53,5165.11,-0.48,48.61,35,72,-13.99
11,20,10,zero_cross,none,True,1.35,3.5,1.5,250.0,263,-2009.98,0.874,30.42,4615.75,-0.44,47.22,34,72,-12.21
11,20,10,zero_cross,none,True,1.35,3.5,2.0,0.0,268,-1066.39,0.946,39.18,4469.31,-0.24,47.22,34,72,-7.13
11,20,10,zero_cross,none,True,1.35,3.5,2.0,200.0,224,-37.08,0.998,39.29,3597.44,-0.01,51.39,37,72,-0.32
11,20,10,zero_cross,none,True,1.35,3.5,2.0,250.0,234,190.13,1.012,39.74,3393.15,0.06,50.0,36,72,1.65
11,20,10,zero_cross,none,True,1.35,3.5,2.5,0.0,257,432.96,1.021,44.36,3186.14,0.14,51.39,37,72,4.02
11,20,10,zero_cross,none,True,1.35,3.5,2.5,200.0,210,254.55,1.016,43.81,2657.29,0.1,54.17,39,72,2.72
11,20,10,zero_cross,none,True,1.35,3.5,2.5,250.0,221,1364.82,1.082,44.34,2146.49,0.64,54.17,39,72,17.27
11,20,10,zero_cross,none,True,1.35,4.0,1.5,0.0,290,-269.28,0.985,29.66,4028.67,-0.07,47.22,34,72,-1.97
11,20,10,zero_cross,none,True,1.35,4.0,1.5,200.0,238,-459.31,0.968,29.83,4338.06,-0.11,51.39,37,72,-3.47
11,20,10,zero_cross,none,True,1.35,4.0,1.5,250.0,257,-101.34,0.993,29.57,4370.06,-0.02,50.0,36,72,-0.76
11,20,10,zero_cross,none,True,1.35,4.0,2.0,0.0,269,940.28,1.047,38.29,3597.11,0.26,51.39,37,72,8.44
11,20,10,zero_cross,none,True,1.35,4.0,2.0,200.0,209,931.43,1.065,37.32,3340.57,0.28,55.56,40,72,9.54
11,20,10,zero_cross,none,True,1.35,4.0,2.0,250.0,227,2601.63,1.173,39.21,2894.59,0.9,55.56,40,72,31.51
11,20,10,zero_cross,none,True,1.35,4.0,2.5,0.0,244,1534.86,1.074,43.44,3118.3,0.49,54.17,39,72,15.99
11,20,10,zero_cross,none,True,1.35,4.0,2.5,200.0,193,2101.08,1.142,43.01,2125.43,0.99,59.72,43,72,31.08
11,20,10,zero_cross,none,True,1.35,4.0,2.5,250.0,205,3170.44,1.205,43.9,2176.16,1.46,56.94,41,72,46.63
11,20,10,zero_cross,none,True,1.35,4.5,1.5,0.0,286,79.13,1.004,27.62,3628.81,0.02,50.0,36,72,0.66
11,20,10,zero_cross,none,True,1.35,4.5,1.5,200.0,226,106.72,1.008,28.32,4322.07,0.02,52.78,38,72,0.86
11,20,10,zero_cross,none,True,1.35,4.5,1.5,250.0,251,-616.06,0.961,27.09,4168.95,-0.15,52.78,38,72,-4.84
11,20,10,zero_cross,none,True,1.35,4.5,2.0,0.0,255,216.41,1.011,34.51,3894.23,0.06,45.83,33,72,1.61
11,20,10,zero_cross,none,True,1.35,4.5,2.0,200.0,201,203.2,1.014,33.83,3748.58,0.05,51.39,37,72,1.73
11,20,10,zero_cross,none,True,1.35,4.5,2.0,250.0,217,119.64,1.008,33.64,4076.32,0.03,50.0,36,72,0.94
11,20,10,zero_cross,none,True,1.35,4.5,2.5,0.0,229,1550.23,1.079,40.17,3149.41,0.49,51.39,37,72,15.32
11,20,10,zero_cross,none,True,1.35,4.5,2.5,200.0,181,1922.2,1.13,40.33,2351.13,0.82,58.33,42,72,26.13
11,20,10,zero_cross,none,True,1.35,4.5,2.5,250.0,200,1548.36,1.095,39.5,2893.75,0.54,52.78,38,72,16.64
11,20,10,zero_cross,none,True,1.35,5.0,1.5,0.0,288,706.38,1.037,26.04,4956.56,0.14,48.61,35,72,5.06
11,20,10,zero_cross,none,True,1.35,5.0,1.5,200.0,229,262.84,1.018,26.64,4815.48,0.05,50.0,36,72,1.93
11,20,10,zero_cross,none,True,1.35,5.0,1.5,250.0,231,115.34,1.008,26.41,4815.48,0.02,50.0,36,72,0.84
11,20,10,zero_cross,none,True,1.35,5.0,2.0,0.0,251,242.43,1.012,31.87,4584.21,0.05,43.06,31,72,1.56
11,20,10,zero_cross,none,True,1.35,5.0,2.0,200.0,190,546.64,1.039,32.11,4210.43,0.13,47.22,34,72,4.13
11,20,10,zero_cross,none,True,1.35,5.0,2.0,250.0,207,636.91,1.042,31.88,4218.58,0.15,45.83,33,72,4.68
11,20,10,zero_cross,none,True,1.35,5.0,2.5,0.0,220,717.6,1.036,36.82,3848.6,0.19,48.61,35,72,5.83
11,20,10,zero_cross,none,True,1.35,5.0,2.5,200.0,172,2536.49,1.175,38.95,2966.89,0.85,55.56,40,72,30.4
11,20,10,zero_cross,none,True,1.35,5.0,2.5,250.0,185,2092.14,1.134,37.84,2966.89,0.71,54.17,39,72,23.59
11,20,10,zero_cross,none,True,1.4,3.5,1.5,0.0,292,-1496.43,0.918,31.16,4494.12,-0.33,47.22,34,72,-9.68
11,20,10,zero_cross,none,True,1.4,3.5,1.5,200.0,256,-2096.34,0.863,30.08,4929.2,-0.43,50.0,36,72,-12.88
11,20,10,zero_cross,none,True,1.4,3.5,1.5,250.0,265,-1641.79,0.897,30.94,4379.84,-0.37,48.61,35,72,-10.82
11,20,10,zero_cross,none,True,1.4,3.5,2.0,0.0,269,-871.31,0.956,39.41,4469.31,-0.19,47.22,34,72,-5.88
11,20,10,zero_cross,none,True,1.4,3.5,2.0,200.0,222,-58.59,0.996,39.19,3597.44,-0.02,51.39,37,72,-0.5
11,20,10,zero_cross,none,True,1.4,3.5,2.0,250.0,232,168.62,1.011,39.66,3393.15,0.05,50.0,36,72,1.46
11,20,10,zero_cross,none,True,1.4,3.5,2.5,0.0,258,628.04,1.03,44.57,3186.14,0.2,51.39,37,72,5.89
11,20,10,zero_cross,none,True,1.4,3.5,2.5,200.0,208,250.37,1.016,43.75,2657.29,0.09,54.17,39,72,2.67
11,20,10,zero_cross,none,True,1.4,3.5,2.5,250.0,219,1360.64,1.082,44.29,2146.49,0.63,54.17,39,72,17.21
11,20,10,zero_cross,none,True,1.4,4.0,1.5,0.0,292,152.4,1.008,30.14,4028.67,0.04,48.61,35,72,1.18
11,20,10,zero_cross,none,True,1.4,4.0,1.5,200.0,240,-37.63,0.997,30.42,4338.06,-0.01,52.78,38,72,-0.3
11,20,10,zero_cross,none,True,1.4,4.0,1.5,250.0,259,320.34,1.021,30.12,4370.06,0.07,51.39,37,72,2.54
11,20,10,zero_cross,none,True,1.4,4.0,2.0,0.0,269,940.28,1.047,38.29,3597.11,0.26,51.39,37,72,8.44
11,20,10,zero_cross,none,True,1.4,4.0,2.0,200.0,209,931.43,1.065,37.32,3340.57,0.28,55.56,40,72,9.54
11,20,10,zero_cross,none,True,1.4,4.0,2.0,250.0,227,2601.63,1.173,39.21,2894.59,0.9,55.56,40,72,31.51
11,20,10,zero_cross,none,True,1.4,4.0,2.5,0.0,244,1534.86,1.074,43.44,3118.3,0.49,54.17,39,72,15.99
11,20,10,zero_cross,none,True,1.4,4.0,2.5,200.0,193,2101.08,1.142,43.01,2125.43,0.99,59.72,43,72,31.08
11,20,10,zero_cross,none,True,1.4,4.0,2.5,250.0,205,3170.44,1.205,43.9,2176.16,1.46,56.94,41,72,46.63
11,20,10,zero_cross,none,True,1.4,4.5,1.5,0.0,288,554.29,1.03,28.12,3628.81,0.15,51.39,37,72,4.87
11,20,10,zero_cross,none,True,1.4,4.5,1.5,200.0,228,581.88,1.041,28.95,4322.07,0.13,54.17,39,72,4.99
11,20,10,zero_cross,none,True,1.4,4.5,1.5,250.0,253,-140.9,0.991,27.67,4168.95,-0.03,54.17,39,72,-1.17
11,20,10,zero_cross,none,True,1.4,4.5,2.0,0.0,255,216.41,1.011,34.51,3894.23,0.06,45.83,33,72,1.61
11,20,10,zero_cross,none,True,1.4,4.5,2.0,200.0,201,203.2,1.014,33.83,3748.58,0.05,51.39,37,72,1.73
11,20,10,zero_cross,none,True,1.4,4.5,2.0,250.0,217,119.64,1.008,33.64,4076.32,0.03,50.0,36,72,0.94
11,20,10,zero_cross,none,True,1.4,4.5,2.5,0.0,229,1550.23,1.079,40.17,3149.41,0.49,51.39,37,72,15.32
11,20,10,zero_cross,none,True,1.4,4.5,2.5,200.0,181,1922.2,1.13,40.33,2351.13,0.82,58.33,42,72,26.13
11,20,10,zero_cross,none,True,1.4,4.5,2.5,250.0,200,1548.36,1.095,39.5,2893.75,0.54,52.78,38,72,16.64
11,20,10,zero_cross,none,True,1.4,5.0,1.5,0.0,290,1235.02,1.064,26.55,4956.56,0.25,50.0,36,72,9.33
11,20,10,zero_cross,none,True,1.4,5.0,1.5,200.0,231,791.48,1.054,27.27,4815.48,0.16,51.39,37,72,6.18
11,20,10,zero_cross,none,True,1.4,5.0,1.5,250.0,233,643.98,1.043,27.04,4815.48,0.13,51.39,37,72,4.97
11,20,10,zero_cross,none,True,1.4,5.0,2.0,0.0,251,242.43,1.012,31.87,4584.21,0.05,43.06,31,72,1.56
11,20,10,zero_cross,none,True,1.4,5.0,2.0,200.0,190,546.64,1.039,32.11,4210.43,0.13,47.22,34,72,4.13
11,20,10,zero_cross,none,True,1.4,5.0,2.0,250.0,207,636.91,1.042,31.88,4218.58,0.15,45.83,33,72,4.68
11,20,10,zero_cross,none,True,1.4,5.0,2.5,0.0,220,717.6,1.036,36.82,3848.6,0.19,48.61,35,72,5.83
11,20,10,zero_cross,none,True,1.4,5.0,2.5,200.0,172,2536.49,1.175,38.95,2966.89,0.85,55.56,40,72,30.4
11,20,10,zero_cross,none,True,1.4,5.0,2.5,250.0,185,2092.14,1.134,37.84,2966.89,0.71,54.17,39,72,23.59
11,20,10,zero_cross,none,False,1.5,3.5,1.5,0.0,754,894.43,1.02,32.63,3035.07,0.29,43.06,31,72,7.13
11,20,10,zero_cross,none,False,1.5,3.5,1.5,200.0,360,3649.27,1.191,35.0,2052.31,1.78,59.72,43,72,57.29
11,20,10,zero_cross,none,False,1.5,3.5,1.5,250.0,472,2838.18,1.111,33.69,2193.32,1.29,52.78,38,72,35.54
11,20,10,zero_cross,none,False,1.5,3.5,2.0,0.0,557,-5317.45,0.876,35.55,6530.53,-0.81,30.56,22,72,-17.62
11,20,10,zero_cross,none,False,1.5,3.5,2.0,200.0,286,292.67,1.015,37.41,3021.07,0.1,51.39,37,72,2.78
11,20,10,zero_cross,none,False,1.5,3.5,2.0,250.0,316,521.76,1.024,37.97,3135.62,0.17,47.22,34,72,4.51
11,20,10,zero_cross,none,False,1.5,3.5,2.5,0.0,503,2876.29,1.067,44.33,2226.59,1.29,38.89,28,72,25.29
11,20,10,zero_cross,none,False,1.5,3.5,2.5,200.0,246,1080.99,1.057,42.68,2480.68,0.44,51.39,37,72,11.79
11,20,10,zero_cross,none,False,1.5,3.5,2.5,250.0,266,2257.85,1.111,43.98,2380.3,0.95,50.0,36,72,25.71
11,20,10,zero_cross,none,False,1.5,4.0,1.5,0.0,691,2030.63,1.048,30.54,3580.36,0.57,38.89,28,72,13.83
11,20,10,zero_cross,none,False,1.5,4.0,1.5,200.0,310,5076.13,1.296,33.23,2036.27,2.49,61.11,44,72,89.09
11,20,10,zero_cross,none,False,1.5,4.0,1.5,250.0,358,5313.54,1.266,33.24,2430.17,2.19,56.94,41,72,77.7
11,20,10,zero_cross,none,False,1.5,4.0,2.0,0.0,559,-941.7,0.979,34.17,4404.63,-0.21,30.56,22,72,-4.25
11,20,10,zero_cross,none,False,1.5,4.0,2.0,200.0,265,1916.55,1.104,35.47,2868.08,0.67,54.17,39,72,21.4
11,20,10,zero_cross,none,False,1.5,4.0,2.0,250.0,306,3010.48,1.143,36.6,2868.08,1.05,51.39,37,72,33.02
11,20,10,zero_cross,none,False,1.5,4.0,2.5,0.0,485,6103.6,1.145,42.89,2081.34,2.93,40.28,29,72,61.7
11,20,10,zero_cross,none,False,1.5,4.0,2.5,200.0,233,2846.08,1.155,42.49,1736.78,1.64,54.17,39,72,42.73
11,20,10,zero_cross,none,False,1.5,4.0,2.5,250.0,261,3758.2,1.184,42.91,1736.78,2.16,52.78,38,72,56.35
11,20,10,zero_cross,none,False,1.5,4.5,1.5,0.0,662,4104.44,1.1,28.7,2868.01,1.43,41.67,30,72,35.13
11,20,10,zero_cross,none,False,1.5,4.5,1.5,200.0,291,4979.22,1.3,30.58,1880.36,2.65,61.11,44,72,91.22
11,20,10,zero_cross,none,False,1.5,4.5,1.5,250.0,352,4675.76,1.23,29.83,1976.86,2.37,56.94,41,72,73.65
11,20,10,zero_cross,none,False,1.5,4.5,2.0,0.0,549,375.33,1.008,32.42,3897.04,0.1,38.89,28,72,2.36
11,20,10,zero_cross,none,False,1.5,4.5,2.0,200.0,253,3439.62,1.199,35.57,2271.83,1.51,58.33,42,72,50.47
11,20,10,zero_cross,none,False,1.5,4.5,2.0,250.0,307,2451.5,1.113,34.2,2861.75,0.86,51.39,37,72,26.21
11,20,10,zero_cross,none,False,1.5,4.5,2.5,0.0,427,2407.94,1.061,37.7,4796.18,0.5,38.89,28,72,14.35
11,20,10,zero_cross,none,False,1.5,4.5,2.5,200.0,207,2796.17,1.163,39.13,1909.57,1.46,58.33,42,72,43.41
11,20,10,zero_cross,none,False,1.5,4.5,2.5,250.0,252,1612.25,1.076,38.1,2099.98,0.77,50.0,36,72,18.93
11,20,10,zero_cross,none,False,1.5,5.0,1.5,0.0,594,-1508.7,0.961,24.75,6911.57,-0.22,34.72,25,72,-6.06
11,20,10,zero_cross,none,False,1.5,5.0,1.5,200.0,282,3388.05,1.197,28.37,2761.56,1.23,58.33,42,72,45.02
11,20,10,zero_cross,none,False,1.5,5.0,1.5,250.0,309,3922.8,1.209,28.48,3260.34,1.2,55.56,40,72,46.15
11,20,10,zero_cross,none,False,1.5,5.0,2.0,0.0,507,2129.01,1.052,31.36,3231.16,0.66,40.28,29,72,15.87
11,20,10,zero_cross,none,False,1.5,5.0,2.0,200.0,229,4199.83,1.264,34.5,1737.95,2.42,59.72,43,72,76.05
11,20,10,zero_cross,none,False,1.5,5.0,2.0,250.0,268,3498.66,1.185,33.21,2070.05,1.69,55.56,40,72,50.63
11,20,10,zero_cross,none,False,1.5,5.0,2.5,0.0,407,6132.86,1.167,37.1,4006.51,1.53,40.28,29,72,45.54
11,20,10,zero_cross,none,False,1.5,5.0,2.5,200.0,183,3360.61,1.218,38.8,2376.97,1.41,59.72,43,72,50.14
11,20,10,zero_cross,none,False,1.5,5.0,2.5,250.0,224,2799.25,1.144,37.5,2005.32,1.4,54.17,39,72,38.74
11,20,10,signal_cross,ema200,True,1.35,3.5,1.5,0.0,288,1463.06,1.085,32.99,1543.15,0.95,55.56,40,72,22.45
11,20,10,signal_cross,ema200,True,1.35,3.5,1.5,200.0,239,2825.48,1.22,34.73,1596.78,1.77,62.5,45,72,53.91
11,20,10,signal_cross,ema200,True,1.35,3.5,1.5,250.0,254,3004.84,1.218,34.65,1596.78,1.88,59.72,43,72,54.7
11,20,10,signal_cross,ema200,True,1.35,3.5,2.0,0.0,260,-1068.64,0.945,37.69,1964.22,-0.54,44.44,32,72,-10.13
11,20,10,signal_cross,ema200,True,1.35,3.5,2.0,200.0,211,1854.03,1.135,40.76,1375.8,1.35,52.78,38,72,29.94
11,20,10,signal_cross,ema200,True,1.35,3.5,2.0,250.0,234,851.96,1.054,38.89,1375.8,0.62,48.61,35,72,11.77
11,20,10,signal_cross,ema200,True,1.35,3.5,2.5,0.0,254,-2361.49,0.896,41.73,2396.85,-0.99,45.83,33,72,-19.81
11,20,10,signal_cross,ema200,True,1.35,3.5,2.5,200.0,201,1390.02,1.091,44.28,1449.25,0.96,55.56,40,72,22.13
11,20,10,signal_cross,ema200,True,1.35,3.5,2.5,250.0,225,1057.43,1.061,43.56,1554.68,0.68,51.39,37,72,14.62
11,20,10,signal_cross,ema200,True,1.35,4.0,1.5,0.0,278,1410.45,1.08,29.5,2042.99,0.69,54.17,39,72,18.26
11,20,10,signal_cross,ema200,True,1.35,4.0,1.5,200.0,221,2132.0,1.168,30.77,1661.25,1.28,56.94,41,72,34.79
11,20,10,signal_cross,ema200,True,1.35,4.0,1.5,250.0,235,2547.1,1.189,30.64,1601.16,1.59,55.56,40,72,42.05
11,20,10,signal_cross,ema200,True,1.35,4.0,2.0,0.0,253,154.52,1.008,35.57,1896.36,0.08,51.39,37,72,1.84
11,20,10,signal_cross,ema200,True,1.35,4.0,2.0,200.0,193,2235.96,1.172,38.34,1527.87,1.46,61.11,44,72,40.97
11,20,10,signal_cross,ema200,True,1.35,4.0,2.0,250.0,216,2792.1,1.191,38.43,1331.11,2.1,58.33,42,72,53.17
11,20,10,signal_cross,ema200,True,1.35,4.0,2.5,0.0,242,-2043.65,0.908,38.43,2680.76,-0.76,47.22,34,72,-16.92
11,20,10,signal_cross,ema200,True,1.35,4.0,2.5,200.0,189,1168.26,1.077,41.27,1695.05,0.69,54.17,39,72,16.55
11,20,10,signal_cross,ema200,True,1.35,4.0,2.5,250.0,207,732.25,1.043,40.58,1429.26,0.51,52.78,38,72,10.66
11,20,10,signal_cross,ema200,True,1.35,4.5,1.5,0.0,274,2626.32,1.15,28.1,2361.36,1.11,50.0,36,72,31.08
11,20,10,signal_cross,ema200,True,1.35,4.5,1.5,200.0,209,2593.22,1.208,29.19,1565.91,1.66,52.78,38,72,41.78
11,20,10,signal_cross,ema200,True,1.35,4.5,1.5,250.0,224,2309.31,1.172,28.57,1682.23,1.37,51.39,37,72,33.91
11,20,10,signal_cross,ema200,True,1.35,4.5,2.0,0.0,246,970.04,1.05,33.33,2378.3,0.41,50.0,36,72,10.44
11,20,10,signal_cross,ema200,True,1.35,4.5,2.0,200.0,184,1504.79,1.113,34.24,1468.02,1.03,54.17,39,72,23.68
11,20,10,signal_cross,ema200,True,1.35,4.5,2.0,250.0,198,1518.48,1.106,34.34,1898.39,0.8,54.17,39,72,20.88
11,20,10,signal_cross,ema200,True,1.35,4.5,2.5,0.0,235,-1106.22,0.95,36.17,3264.85,-0.34,45.83,33,72,-8.43
11,20,10,signal_cross,ema200,True,1.35,4.5,2.5,200.0,176,23.5,1.002,36.93,2568.57,0.01,51.39,37,72,0.24
11,20,10,signal_cross,ema200,True,1.35,4.5,2.5,250.0,191,217.62,1.013,37.17,3042.18,0.07,50.0,36,72,2.0
11,20,10,signal_cross,ema200,True,1.35,5.0,1.5,0.0,271,3131.17,1.176,26.2,2424.25,1.29,47.22,34,72,35.31
11,20,10,signal_cross,ema200,True,1.35,5.0,1.5,200.0,202,2331.17,1.185,26.24,1565.91,1.49,50.0,36,72,34.9
11,20,10,signal_cross,ema200,True,1.35,5.0,1.5,250.0,218,2524.0,1.188,26.61,1722.82,1.47,48.61,35,72,35.12
11,20,10,signal_cross,ema200,True,1.35,5.0,2.0,0.0,242,1080.31,1.055,30.99,2321.33,0.47,48.61,35,72,11.5
11,20,10,signal_cross,ema200,True,1.35,5.0,2.0,200.0,176,1195.22,1.089,31.25,1268.29,0.94,50.0,36,72,18.27
11,20,10,signal_cross,ema200,True,1.35,5.0,2.0,250.0,191,1143.92,1.08,31.41,1684.92,0.68,50.0,36,72,15.05
11,20,10,signal_cross,ema200,True,1.35,5.0,2.5,0.0,232,-303.03,0.986,34.48,2850.12,-0.11,44.44,32,72,-2.49
11,20,10,signal_cross,ema200,True,1.35,5.0,2.5,200.0,168,-408.44,0.974,33.93,2180.28,-0.19,48.61,35,72,-4.14
11,20,10,signal_cross,ema200,True,1.35,5.0,2.5,250.0,181,-256.25,0.984,34.25,2447.36,-0.1,47.22,34,72,-2.41
11,20,10,signal_cross,ema200,True,1.4,3.5,1.5,0.0,320,180.02,1.009,32.19,2219.4,0.08,47.22,34,72,1.82
11,20,10,signal_cross,ema200,True,1.4,3.5,1.5,200.0,262,2289.89,1.16,33.97,1864.88,1.23,56.94,41,72,35.02
11,20,10,signal_cross,ema200,True,1.4,3.5,1.5,250.0,278,2163.72,1.141,33.81,1864.88,1.16,54.17,39,72,30.97
11,20,10,signal_cross,ema200,True,1.4,3.5,2.0,0.0,291,-2785.28,0.873,36.43,2807.86,-0.99,38.89,28,72,-17.85
11,20,10,signal_cross,ema200,True,1.4,3.5,2.0,200.0,227,204.05,1.013,38.77,1841.93,0.11,47.22,34,72,2.27
11,20,10,signal_cross,ema200,True,1.4,3.5,2.0,250.0,255,-528.89,0.97,37.65,1680.24,-0.31,43.06,31,72,-5.39
11,20,10,signal_cross,ema200,True,1.4,3.5,2.5,0.0,276,-3531.72,0.857,40.94,3479.42,-1.02,40.28,29,72,-20.67
11,20,10,signal_cross,ema200,True,1.4,3.5,2.5,200.0,205,327.02,1.021,42.93,1971.74,0.17,51.39,37,72,3.86
11,20,10,signal_cross,ema200,True,1.4,3.5,2.5,250.0,236,-575.98,0.969,41.95,1827.76,-0.32,47.22,34,72,-6.16
11,20,10,signal_cross,ema200,True,1.4,4.0,1.5,0.0,311,65.56,1.003,28.94,1774.89,0.04,48.61,35,72,0.76
11,20,10,signal_cross,ema200,True,1.4,4.0,1.5,200.0,253,1998.34,1.137,30.83,1847.73,1.08,55.56,40,72,29.37
11,20,10,signal_cross,ema200,True,1.4,4.0,1.5,250.0,267,2608.7,1.171,31.09,1733.11,1.51,55.56,40,72,40.77
11,20,10,signal_cross,ema200,True,1.4,4.0,2.0,0.0,283,-1765.18,0.92,34.28,2261.95,-0.78,45.83,33,72,-15.65
11,20,10,signal_cross,ema200,True,1.4,4.0,2.0,200.0,210,1053.33,1.072,37.14,2088.67,0.5,55.56,40,72,13.73
11,20,10,signal_cross,ema200,True,1.4,4.0,2.0,250.0,230,1407.16,1.088,37.39,1801.74,0.78,54.17,39,72,19.54
11,20,10,signal_cross,ema200,True,1.4,4.0,2.5,0.0,264,-3164.3,0.87,37.88,3044.73,-1.04,41.67,30,72,-20.79
11,20,10,signal_cross,ema200,True,1.4,4.0,2.5,200.0,191,949.91,1.062,41.36,1955.24,0.49,54.17,39,72,12.36
11,20,10,signal_cross,ema200,True,1.4,4.0,2.5,250.0,214,66.34,1.004,40.19,1906.49,0.03,50.0,36,72,0.76
11,20,10,signal_cross,ema200,True,1.4,4.5,1.5,0.0,307,1072.32,1.054,27.36,1697.38,0.63,47.22,34,72,12.95
11,20,10,signal_cross,ema200,True,1.4,4.5,1.5,200.0,240,2233.57,1.156,28.75,1565.91,1.43,51.39,37,72,33.53
11,20,10,signal_cross,ema200,True,1.4,4.5,1.5,250.0,257,2052.6,1.133,28.4,1639.53,1.25,50.0,36,72,28.72
11,20,10,signal_cross,ema200,True,1.4,4.5,2.0,0.0,277,-1274.08,0.942,31.77,2308.59,-0.55,38.89,28,72,-9.71
11,20,10,signal_cross,ema200,True,1.4,4.5,2.0,200.0,205,-35.84,0.998,32.68,2443.38,-0.01,45.83,33,72,-0.33
11,20,10,signal_cross,ema200,True,1.4,4.5,2.0,250.0,221,-183.75,0.989,32.58,2601.08,-0.07,44.44,32,72,-1.58
11,20,10,signal_cross,ema200,True,1.4,4.5,2.5,0.0,258,-2556.6,0.895,35.27,3236.42,-0.79,37.5,27,72,-15.08
11,20,10,signal_cross,ema200,True,1.4,4.5,2.5,200.0,186,-697.86,0.957,36.02,2606.86,-0.27,47.22,34,72,-6.18
11,20,10,signal_cross,ema200,True,1.4,4.5,2.5,250.0,198,-584.0,0.966,36.36,2524.77,-0.23,44.44,32,72,-4.99
11,20,10,signal_cross,ema200,True,1.4,5.0,1.5,0.0,303,1737.49,1.087,25.74,1719.53,1.01,51.39,37,72,23.41
11,20,10,signal_cross,ema200,True,1.4,5.0,1.5,200.0,232,3000.19,1.211,27.16,1565.91,1.92,54.17,39,72,49.74
11,20,10,signal_cross,ema200,True,1.4,5.0,1.5,250.0,245,3155.07,1.212,27.35,1565.91,2.01,54.17,39,72,52.35
11,20,10,signal_cross,ema200,True,1.4,5.0,2.0,0.0,272,-995.58,0.955,29.78,2648.93,-0.38,40.28,29,72,-7.44
11,20,10,signal_cross,ema200,True,1.4,5.0,2.0,200.0,193,646.13,1.044,31.09,2113.63,0.31,45.83,33,72,6.72
11,20,10,signal_cross,ema200,True,1.4,5.0,2.0,250.0,209,512.05,1.032,31.1,2446.52,0.21,44.44,32,72,4.75
11,20,10,signal_cross,ema200,True,1.4,5.0,2.5,0.0,253,-1338.4,0.945,33.99,2614.22,-0.51,41.67,30,72,-10.31
11,20,10,signal_cross,ema200,True,1.4,5.0,2.5,200.0,174,-153.89,0.99,34.48,2542.51,-0.06,47.22,34,72,-1.43
11,20,10,signal_cross,ema200,True,1.4,5.0,2.5,250.0,187,110.29,1.007,34.76,2260.4,0.05,47.22,34,72,1.1
11,20,10,signal_cross,ema200,False,1.5,3.5,1.5,0.0,732,2920.54,1.065,31.15,4399.21,0.66,40.28,29,72,18.89
11,20,10,signal_cross,ema200,False,1.5,3.5,1.5,200.0,433,736.18,1.032,31.64,2138.76,0.34,54.17,39,72,8.9
11,20,10,signal_cross,ema200,False,1.5,3.5,1.5,250.0,488,1223.58,1.046,31.76,2735.11,0.45,50.0,36,72,12.24
11,20,10,signal_cross,ema200,False,1.5,3.5,2.0,0.0,594,3326.91,1.077,38.05,5475.79,0.61,34.72,25,72,16.81
11,20,10,signal_cross,ema200,False,1.5,3.5,2.0,200.0,383,-1284.84,0.95,36.55,3257.61,-0.39,47.22,34,72,-10.1
11,20,10,signal_cross,ema200,False,1.5,3.5,2.0,250.0,419,-1278.94,0.955,36.52,3703.56,-0.35,43.06,31,72,-8.64
11,20,10,signal_cross,ema200,False,1.5,3.5,2.5,0.0,519,1382.22,1.031,42.39,5523.04,0.25,31.94,23,72,6.12
11,20,10,signal_cross,ema200,False,1.5,3.5,2.5,200.0,321,-3531.32,0.86,40.19,4327.21,-0.82,44.44,32,72,-20.52
11,20,10,signal_cross,ema200,False,1.5,3.5,2.5,250.0,348,-4221.19,0.848,39.66,5017.08,-0.84,38.89,28,72,-19.65
11,20,10,signal_cross,ema200,False,1.5,4.0,1.5,0.0,718,-9.08,1.0,27.99,5407.68,-0.0,37.5,27,72,-0.05
11,20,10,signal_cross,ema200,False,1.5,4.0,1.5,200.0,383,1195.34,1.056,29.24,2349.81,0.51,52.78,38,72,13.74
11,20,10,signal_cross,ema200,False,1.5,4.0,1.5,250.0,445,79.67,1.003,28.31,3086.47,0.03,45.83,33,72,0.66
11,20,10,signal_cross,ema200,False,1.5,4.0,2.0,0.0,604,2082.45,1.044,35.26,5315.88,0.39,34.72,25,72,10.35
11,20,10,signal_cross,ema200,False,1.5,4.0,2.0,200.0,342,3251.11,1.145,38.01,1734.63,1.87,56.94,41,72,50.89
11,20,10,signal_cross,ema200,False,1.5,4.0,2.0,250.0,396,1892.33,1.07,36.36,2558.43,0.74,50.0,36,72,20.02
11,20,10,signal_cross,ema200,False,1.5,4.0,2.5,0.0,491,-1811.15,0.961,38.49,6041.88,-0.3,29.17,21,72,-6.53
11,20,10,signal_cross,ema200,False,1.5,4.0,2.5,200.0,275,-1848.48,0.918,38.91,2913.07,-0.63,48.61,35,72,-15.28
11,20,10,signal_cross,ema200,False,1.5,4.0,2.5,250.0,318,-2532.24,0.904,38.05,3565.81,-0.71,43.06,31,72,-16.51
11,20,10,signal_cross,ema200,False,1.5,4.5,1.5,0.0,679,3138.46,1.071,26.8,5550.68,0.57,38.89,28,72,17.55
11,20,10,signal_cross,ema200,False,1.5,4.5,1.5,200.0,333,-497.87,0.975,25.83,3596.5,-0.14,48.61,35,72,-3.93
11,20,10,signal_cross,ema200,False,1.5,4.5,1.5,250.0,384,-645.17,0.971,25.52,3457.31,-0.19,44.44,32,72,-4.73
11,20,10,signal_cross,ema200,False,1.5,4.5,2.0,0.0,560,4300.16,1.095,33.39,5200.81,0.83,38.89,28,72,25.39
11,20,10,signal_cross,ema200,False,1.5,4.5,2.0,200.0,275,2580.93,1.133,35.64,1776.71,1.45,56.94,41,72,39.5
11,20,10,signal_cross,ema200,False,1.5,4.5,2.0,250.0,355,1998.07,1.081,34.65,2438.59,0.82,51.39,37,72,22.48
11,20,10,signal_cross,ema200,False,1.5,4.5,2.5,0.0,468,-283.25,0.994,36.11,5515.19,-0.05,29.17,21,72,-1.11
11,20,10,signal_cross,ema200,False,1.5,4.5,2.5,200.0,246,-927.75,0.954,36.99,2767.44,-0.34,50.0,36,72,-8.41
11,20,10,signal_cross,ema200,False,1.5,4.5,2.5,250.0,289,-2578.38,0.895,35.64,2870.14,-0.9,43.06,31,72,-18.55
11,20,10,signal_cross,ema200,False,1.5,5.0,1.5,0.0,666,3559.05,1.079,25.08,4898.7,0.73,37.5,27,72,20.58
11,20,10,signal_cross,ema200,False,1.5,5.0,1.5,200.0,318,1378.34,1.074,25.47,2257.95,0.61,51.39,37,72,16.01
11,20,10,signal_cross,ema200,False,1.5,5.0,1.5,250.0,375,1615.74,1.073,25.6,2325.73,0.69,48.61,35,72,17.47
11,20,10,signal_cross,ema200,False,1.5,5.0,2.0,0.0,549,5266.07,1.115,31.33,5094.37,1.03,40.28,29,72,33.14
11,20,10,signal_cross,ema200,False,1.5,5.0,2.0,200.0,256,3624.97,1.199,33.98,1799.33,2.01,59.72,43,72,61.19
11,20,10,signal_cross,ema200,False,1.5,5.0,2.0,250.0,306,4166.87,1.191,33.99,1799.33,2.32,55.56,40,72,65.0
11,20,10,signal_cross,ema200,False,1.5,5.0,2.5,0.0,455,-43.91,0.999,33.85,4734.9,-0.01,30.56,22,72,-0.19
11,20,10,signal_cross,ema200,False,1.5,5.0,2.5,200.0,219,1132.15,1.061,36.99,1931.31,0.59,54.17,39,72,14.81
11,20,10,signal_cross,ema200,False,1.5,5.0,2.5,250.0,268,-171.21,0.992,35.45,2381.69,-0.07,47.22,34,72,-1.64
11,20,10,signal_cross,ema50,True,1.35,3.5,1.5,0.0,303,2535.08,1.139,33.99,1759.24,1.44,54.17,39,72,37.29
11,20,10,signal_cross,ema50,True,1.35,3.5,1.5,200.0,232,3842.26,1.311,35.78,2014.35,1.91,59.72,43,72,67.03
11,20,10,signal_cross,ema50,True,1.35,3.5,1.5,250.0,254,3758.96,1.275,35.04,1830.66,2.05,55.56,40,72,62.24
11,20,10,signal_cross,ema50,True,1.35,3.5,2.0,0.0,282,66.81,1.003,38.3,1516.8,0.04,40.28,29,72,0.69
11,20,10,signal_cross,ema50,True,1.35,3.5,2.0,200.0,214,2891.96,1.211,41.12,1296.31,2.23,50.0,36,72,48.64
11,20,10,signal_cross,ema50,True,1.35,3.5,2.0,250.0,241,2363.73,1.15,40.25,1144.21,2.07,45.83,33,72,36.83
11,20,10,signal_cross,ema50,True,1.35,3.5,2.5,0.0,268,-426.26,0.982,43.28,1927.55,-0.22,45.83,33,72,-4.37
11,20,10,signal_cross,ema50,True,1.35,3.5,2.5,200.0,195,2438.48,1.169,45.64,1840.61,1.32,55.56,40,72,36.92
11,20,10,signal_cross,ema50,True,1.35,3.5,2.5,250.0,221,2950.98,1.18,47.06,1682.45,1.75,52.78,38,72,44.81
11,20,10,signal_cross,ema50,True,1.35,4.0,1.5,0.0,294,2386.82,1.128,30.27,1908.71,1.25,55.56,40,72,34.24
11,20,10,signal_cross,ema50,True,1.35,4.0,1.5,200.0,214,2527.15,1.206,30.84,2138.42,1.18,56.94,41,72,37.53
11,20,10,signal_cross,ema50,True,1.35,4.0,1.5,250.0,240,3348.91,1.244,30.83,2298.11,1.46,55.56,40,72,48.28
11,20,10,signal_cross,ema50,True,1.35,4.0,2.0,0.0,274,713.35,1.033,35.4,1868.4,0.38,47.22,34,72,8.05
11,20,10,signal_cross,ema50,True,1.35,4.0,2.0,200.0,193,3309.35,1.258,38.86,2095.53,1.58,58.33,42,72,53.05
11,20,10,signal_cross,ema50,True,1.35,4.0,2.0,250.0,225,2722.32,1.176,36.89,2095.53,1.3,52.78,38,72,36.91
11,20,10,signal_cross,ema50,True,1.35,4.0,2.5,0.0,256,-743.33,0.968,39.45,2529.27,-0.29,48.61,35,72,-6.95
11,20,10,signal_cross,ema50,True,1.35,4.0,2.5,200.0,185,1243.82,1.083,41.08,2759.8,0.45,54.17,39,72,13.89
11,20,10,signal_cross,ema50,True,1.35,4.0,2.5,250.0,209,1447.8,1.085,41.15,2759.8,0.52,52.78,38,72,15.78
11,20,10,signal_cross,ema50,True,1.35,4.5,1.5,0.0,286,2916.13,1.157,28.32,1896.21,1.54,48.61,35,72,37.66
11,20,10,signal_cross,ema50,True,1.35,4.5,1.5,200.0,201,2687.84,1.222,28.86,2030.63,1.32,52.78,38,72,38.47
11,20,10,signal_cross,ema50,True,1.35,4.5,1.5,250.0,220,2829.59,1.214,28.64,1946.76,1.45,51.39,37,72,40.01
11,20,10,signal_cross,ema50,True,1.35,4.5,2.0,0.0,265,1701.95,1.08,33.21,2657.85,0.64,47.22,34,72,16.84
11,20,10,signal_cross,ema50,True,1.35,4.5,2.0,200.0,180,2083.96,1.161,34.44,2498.03,0.83,52.78,38,72,25.55
11,20,10,signal_cross,ema50,True,1.35,4.5,2.0,250.0,200,2720.29,1.19,34.5,2510.86,1.08,51.39,37,72,33.2
11,20,10,signal_cross,ema50,True,1.35,4.5,2.5,0.0,246,1242.9,1.055,38.21,2337.88,0.53,50.0,36,72,13.56
11,20,10,signal_cross,ema50,True,1.35,4.5,2.5,200.0,166,838.53,1.059,37.95,2762.92,0.3,51.39,37,72,8.68
11,20,10,signal_cross,ema50,True,1.35,4.5,2.5,250.0,183,1683.54,1.108,38.8,2601.7,0.65,51.39,37,72,18.79
11,20,10,signal_cross,ema50,True,1.35,5.0,1.5,0.0,277,3493.88,1.19,26.71,1822.08,1.92,45.83,33,72,44.64
11,20,10,signal_cross,ema50,True,1.35,5.0,1.5,200.0,198,2349.49,1.189,25.76,2023.2,1.16,48.61,35,72,30.19
11,20,10,signal_cross,ema50,True,1.35,5.0,1.5,250.0,212,2931.27,1.224,26.42,1672.45,1.75,48.61,35,72,42.65
11,20,10,signal_cross,ema50,True,1.35,5.0,2.0,0.0,255,2140.66,1.102,31.37,2461.75,0.87,45.83,33,72,21.79
11,20,10,signal_cross,ema50,True,1.35,5.0,2.0,200.0,169,2313.61,1.182,32.54,2146.93,1.08,51.39,37,72,30.33
11,20,10,signal_cross,ema50,True,1.35,5.0,2.0,250.0,190,1717.96,1.12,31.05,2229.18,0.77,50.0,36,72,20.38
11,20,10,signal_cross,ema50,True,1.35,5.0,2.5,0.0,236,1988.49,1.088,36.44,2383.04,0.83,50.0,36,72,22.16
11,20,10,signal_cross,ema50,True,1.35,5.0,2.5,200.0,153,749.92,1.053,35.95,2689.77,0.28,51.39,37,72,7.82
11,20,10,signal_cross,ema50,True,1.35,5.0,2.5,250.0,173,729.25,1.047,35.26,2628.57,0.28,50.0,36,72,7.45
11,20,10,signal_cross,ema50,True,1.4,3.5,1.5,0.0,321,1257.58,1.064,32.71,2640.18,0.48,51.39,37,72,13.38
11,20,10,signal_cross,ema50,True,1.4,3.5,1.5,200.0,245,3380.78,1.253,35.1,2525.7,1.34,58.33,42,72,49.17
11,20,10,signal_cross,ema50,True,1.4,3.5,1.5,250.0,266,2892.83,1.197,34.21,2175.6,1.33,54.17,39,72,40.21
11,20,10,signal_cross,ema50,True,1.4,3.5,2.0,0.0,301,-2114.59,0.908,36.21,2441.26,-0.87,40.28,29,72,-15.65
11,20,10,signal_cross,ema50,True,1.4,3.5,2.0,200.0,218,1466.57,1.102,39.45,1963.9,0.75,51.39,37,72,18.74
11,20,10,signal_cross,ema50,True,1.4,3.5,2.0,250.0,253,546.27,1.032,38.34,2210.14,0.25,45.83,33,72,5.5
11,20,10,signal_cross,ema50,True,1.4,3.5,2.5,0.0,286,-103.32,0.996,43.71,1892.89,-0.05,47.22,34,72,-1.12
11,20,10,signal_cross,ema50,True,1.4,3.5,2.5,200.0,197,1889.71,1.128,45.18,1179.33,1.6,56.94,41,72,35.34
11,20,10,signal_cross,ema50,True,1.4,3.5,2.5,250.0,230,2972.55,1.177,46.96,1292.15,2.3,55.56,40,72,54.08
11,20,10,signal_cross,ema50,True,1.4,4.0,1.5,0.0,313,1687.99,1.085,30.03,2150.06,0.79,54.17,39,72,21.4
11,20,10,signal_cross,ema50,True,1.4,4.0,1.5,200.0,230,2877.47,1.218,31.74,2043.97,1.41,58.33,42,72,45.22
11,20,10,signal_cross,ema50,True,1.4,4.0,1.5,250.0,255,3985.21,1.274,32.16,1916.23,2.08,58.33,42,72,67.65
11,20,10,signal_cross,ema50,True,1.4,4.0,2.0,0.0,294,-700.3,0.97,34.35,2179.42,-0.32,48.61,35,72,-7.07
11,20,10,signal_cross,ema50,True,1.4,4.0,2.0,200.0,201,2677.72,1.196,38.31,1774.03,1.51,58.33,42,72,44.35
11,20,10,signal_cross,ema50,True,1.4,4.0,2.0,250.0,228,2459.52,1.158,37.28,1938.81,1.27,55.56,40,72,35.94
11,20,10,signal_cross,ema50,True,1.4,4.0,2.5,0.0,273,-509.27,0.979,39.93,1892.89,-0.27,51.39,37,72,-5.89
11,20,10,signal_cross,ema50,True,1.4,4.0,2.5,200.0,182,1528.72,1.105,42.31,1298.27,1.18,58.33,42,72,27.35
11,20,10,signal_cross,ema50,True,1.4,4.0,2.5,250.0,212,1637.73,1.096,41.98,1362.86,1.2,55.56,40,72,27.01
11,20,10,signal_cross,ema50,True,1.4,4.5,1.5,0.0,305,2289.2,1.116,28.2,1933.11,1.18,47.22,34,72,27.44
11,20,10,signal_cross,ema50,True,1.4,4.5,1.5,200.0,220,2955.53,1.222,29.55,2047.3,1.44,54.17,39,72,43.24
11,20,10,signal_cross,ema50,True,1.4,4.5,1.5,250.0,240,2992.24,1.206,29.17,1980.79,1.51,51.39,37,72,41.67
11,20,10,signal_cross,ema50,True,1.4,4.5,2.0,0.0,288,862.48,1.037,32.64,2589.28,0.33,45.83,33,72,8.06
11,20,10,signal_cross,ema50,True,1.4,4.5,2.0,200.0,192,1487.61,1.106,33.85,2521.34,0.59,52.78,38,72,17.29
11,20,10,signal_cross,ema50,True,1.4,4.5,2.0,250.0,213,1984.92,1.128,33.8,2679.04,0.74,50.0,36,72,21.63
11,20,10,signal_cross,ema50,True,1.4,4.5,2.5,0.0,264,1476.35,1.061,38.64,1879.46,0.79,48.61,35,72,17.56
11,20,10,signal_cross,ema50,True,1.4,4.5,2.5,200.0,171,585.48,1.039,38.01,1859.57,0.31,51.39,37,72,7.25
11,20,10,signal_cross,ema50,True,1.4,4.5,2.5,250.0,187,1033.06,1.064,38.5,1871.36,0.55,50.0,36,72,12.7
11,20,10,signal_cross,ema50,True,1.4,5.0,1.5,0.0,295,3279.97,1.169,27.12,1680.23,1.95,48.61,35,72,45.47
11,20,10,signal_cross,ema50,True,1.4,5.0,1.5,200.0,210,3514.38,1.268,28.1,1673.07,2.1,54.17,39,72,59.02
11,20,10,signal_cross,ema50,True,1.4,5.0,1.5,250.0,231,3588.76,1.252,27.71,1647.21,2.18,52.78,38,72,58.43
11,20,10,signal_cross,ema50,True,1.4,5.0,2.0,0.0,278,1698.84,1.075,31.29,2355.45,0.72,44.44,32,72,16.72
11,20,10,signal_cross,ema50,True,1.4,5.0,2.0,200.0,178,2233.95,1.165,33.15,2328.99,0.96,51.39,37,72,27.71
11,20,10,signal_cross,ema50,True,1.4,5.0,2.0,250.0,203,1307.27,1.085,31.03,2506.2,0.52,48.61,35,72,13.77
11,20,10,signal_cross,ema50,True,1.4,5.0,2.5,0.0,252,1958.32,1.082,36.51,1817.13,1.08,45.83,33,72,22.78
11,20,10,signal_cross,ema50,True,1.4,5.0,2.5,200.0,156,836.88,1.058,36.54,1636.99,0.51,50.0,36,72,10.94
11,20,10,signal_cross,ema50,True,1.4,5.0,2.5,250.0,178,512.3,1.032,35.39,1608.91,0.32,47.22,34,72,6.22
11,20,10,signal_cross,ema50,False,1.5,3.5,1.5,0.0,697,1345.23,1.033,31.71,3121.68,0.43,31.94,23,72,7.94
11,20,10,signal_cross,ema50,False,1.5,3.5,1.5,200.0,383,-2083.67,0.904,30.29,3515.02,-0.59,45.83,33,72,-14.56
11,20,10,signal_cross,ema50,False,1.5,3.5,1.5,250.0,412,-1082.3,0.953,31.31,2962.03,-0.37,44.44,32,72,-8.42
11,20,10,signal_cross,ema50,False,1.5,3.5,2.0,0.0,543,360.64,1.009,36.83,4939.64,0.07,33.33,24,72,1.73
11,20,10,signal_cross,ema50,False,1.5,3.5,2.0,200.0,290,-3465.3,0.832,35.52,4144.43,-0.84,43.06,31,72,-19.28
11,20,10,signal_cross,ema50,False,1.5,3.5,2.0,250.0,318,-2613.29,0.884,36.48,3955.32,-0.66,41.67,30,72,-15.31
11,20,10,signal_cross,ema50,False,1.5,3.5,2.5,0.0,507,557.87,1.013,42.41,4155.37,0.13,36.11,26,72,3.17
11,20,10,signal_cross,ema50,False,1.5,3.5,2.5,200.0,257,-3733.56,0.828,39.3,3992.28,-0.94,44.44,32,72,-21.74
11,20,10,signal_cross,ema50,False,1.5,3.5,2.5,250.0,295,-4197.81,0.831,39.32,4456.53,-0.94,41.67,30,72,-21.77
11,20,10,signal_cross,ema50,False,1.5,4.0,1.5,0.0,678,2083.11,1.05,29.2,4292.76,0.49,33.33,24,72,11.13
11,20,10,signal_cross,ema50,False,1.5,4.0,1.5,200.0,367,-1676.29,0.922,28.07,3669.46,-0.46,45.83,33,72,-11.69
11,20,10,signal_cross,ema50,False,1.5,4.0,1.5,250.0,405,-1571.04,0.934,28.15,3978.52,-0.39,43.06,31,72,-10.02
11,20,10,signal_cross,ema50,False,1.5,4.0,2.0,0.0,547,375.14,1.009,35.1,3141.54,0.12,36.11,26,72,2.44
11,20,10,signal_cross,ema50,False,1.5,4.0,2.0,200.0,293,-2099.99,0.903,33.79,3480.24,-0.6,45.83,33,72,-14.73
11,20,10,signal_cross,ema50,False,1.5,4.0,2.0,250.0,322,-1731.19,0.926,34.16,3989.6,-0.43,43.06,31,72,-10.93
11,20,10,signal_cross,ema50,False,1.5,4.0,2.5,0.0,510,1094.45,1.024,40.78,3420.23,0.32,41.67,30,72,7.99
11,20,10,signal_cross,ema50,False,1.5,4.0,2.5,200.0,235,-2607.44,0.872,38.3,3321.26,-0.79,47.22,34,72,-18.63
11,20,10,signal_cross,ema50,False,1.5,4.0,2.5,250.0,261,-2883.2,0.872,37.55,3400.8,-0.85,44.44,32,72,-19.16
11,20,10,signal_cross,ema50,False,1.5,4.5,1.5,0.0,659,3009.98,1.072,27.31,4495.59,0.67,33.33,24,72,16.04
11,20,10,signal_cross,ema50,False,1.5,4.5,1.5,200.0,322,-1821.45,0.908,24.84,3363.09,-0.54,44.44,32,72,-12.67
11,20,10,signal_cross,ema50,False,1.5,4.5,1.5,250.0,371,-1632.22,0.928,25.34,2857.93,-0.57,41.67,30,72,-11.81
11,20,10,signal_cross,ema50,False,1.5,4.5,2.0,0.0,513,417.1,1.01,31.58,4565.86,0.09,33.33,24,72,2.08
11,20,10,signal_cross,ema50,False,1.5,4.5,2.0,200.0,266,-707.71,0.965,31.2,1970.78,-0.36,47.22,34,72,-7.26
11,20,10,signal_cross,ema50,False,1.5,4.5,2.0,250.0,312,-1050.82,0.955,31.09,2734.18,-0.38,41.67,30,72,-8.0
11,20,10,signal_cross,ema50,False,1.5,4.5,2.5,0.0,472,1917.72,1.042,37.71,4012.71,0.48,40.28,29,72,12.71
11,20,10,signal_cross,ema50,False,1.5,4.5,2.5,200.0,208,366.03,1.02,37.98,2751.96,0.13,52.78,38,72,3.76
11,20,10,signal_cross,ema50,False,1.5,4.5,2.5,250.0,244,-884.95,0.959,36.89,3412.79,-0.26,47.22,34,72,-6.86
11,20,10,signal_cross,ema50,False,1.5,5.0,1.5,0.0,630,3013.33,1.073,24.92,4442.37,0.68,37.5,27,72,18.19
11,20,10,signal_cross,ema50,False,1.5,5.0,1.5,200.0,293,-864.78,0.953,23.89,2782.59,-0.31,47.22,34,72,-7.38
11,20,10,signal_cross,ema50,False,1.5,5.0,1.5,250.0,338,-465.66,0.978,24.56,2763.16,-0.17,44.44,32,72,-3.85
11,20,10,signal_cross,ema50,False,1.5,5.0,2.0,0.0,502,1215.5,1.028,29.68,5262.6,0.23,34.72,25,72,5.98
11,20,10,signal_cross,ema50,False,1.5,5.0,2.0,200.0,249,-981.53,0.949,28.92,2561.71,-0.38,47.22,34,72,-8.69
11,20,10,signal_cross,ema50,False,1.5,5.0,2.0,250.0,285,-763.39,0.966,29.12,2986.89,-0.26,44.44,32,72,-6.0
11,20,10,signal_cross,ema50,False,1.5,5.0,2.5,0.0,442,949.84,1.021,34.84,6186.71,0.15,36.11,26,72,4.45
11,20,10,signal_cross,ema50,False,1.5,5.0,2.5,200.0,180,1297.5,1.081,37.22,1982.03,0.65,54.17,39,72,17.07
11,20,10,signal_cross,ema50,False,1.5,5.0,2.5,250.0,222,800.98,1.041,35.59,3091.84,0.26,50.0,36,72,7.5
11,20,10,signal_cross,none,True,1.35,3.5,1.5,0.0,464,-3595.83,0.877,29.09,4656.04,-0.77,33.33,24,72,-15.4
11,20,10,signal_cross,none,True,1.35,3.5,1.5,200.0,300,389.71,1.023,32.33,2483.55,0.16,45.83,33,72,3.67
11,20,10,signal_cross,none,True,1.35,3.5,1.5,250.0,344,-1087.48,0.945,30.23,2756.41,-0.39,41.67,30,72,-8.16
11,20,10,signal_cross,none,True,1.35,3.5,2.0,0.0,404,-3557.7,0.882,35.64,4110.0,-0.87,37.5,27,72,-18.35
11,20,10,signal_cross,none,True,1.35,3.5,2.0,200.0,260,-456.58,0.973,38.46,2832.37,-0.16,51.39,37,72,-4.29
11,20,10,signal_cross,none,True,1.35,3.5,2.0,250.0,288,-819.03,0.958,38.19,2846.34,-0.29,47.22,34,72,-6.94
11,20,10,signal_cross,none,True,1.35,3.5,2.5,0.0,387,-4610.3,0.864,40.57,5060.08,-0.91,36.11,26,72,-20.22
11,20,10,signal_cross,none,True,1.35,3.5,2.5,200.0,237,-1532.27,0.916,43.04,2947.61,-0.52,50.0,36,72,-12.93
11,20,10,signal_cross,none,True,1.35,3.5,2.5,250.0,262,-1418.32,0.931,43.13,3160.67,-0.45,47.22,34,72,-11.09
11,20,10,signal_cross,none,True,1.35,4.0,1.5,0.0,431,-3585.07,0.873,26.22,5094.03,-0.7,34.72,25,72,-15.23
11,20,10,signal_cross,none,True,1.35,4.0,1.5,200.0,281,-1058.04,0.938,27.76,4364.64,-0.24,45.83,33,72,-6.88
11,20,10,signal_cross,none,True,1.35,4.0,1.5,250.0,316,-894.92,0.953,27.85,3485.05,-0.26,43.06,31,72,-6.22
11,20,10,signal_cross,none,True,1.35,4.0,2.0,0.0,386,-3518.38,0.883,32.9,4063.24,-0.87,34.72,25,72,-16.92
11,20,10,signal_cross,none,True,1.35,4.0,2.0,200.0,257,-1946.7,0.895,34.63,4160.69,-0.47,47.22,34,72,-12.75
11,20,10,signal_cross,none,True,1.35,4.0,2.0,250.0,284,-1477.65,0.927,35.21,3857.71,-0.38,45.83,33,72,-10.11
11,20,10,signal_cross,none,True,1.35,4.0,2.5,0.0,355,-5979.23,0.819,36.62,6379.04,-0.94,36.11,26,72,-22.14
11,20,10,signal_cross,none,True,1.35,4.0,2.5,200.0,227,-3089.19,0.839,38.77,4418.07,-0.7,47.22,34,72,-18.41
11,20,10,signal_cross,none,True,1.35,4.0,2.5,250.0,253,-4068.96,0.813,37.94,5688.84,-0.72,43.06,31,72,-18.89
11,20,10,signal_cross,none,True,1.35,4.5,1.5,0.0,415,-2827.67,0.898,24.82,4365.38,-0.65,36.11,26,72,-13.88
11,20,10,signal_cross,none,True,1.35,4.5,1.5,200.0,264,-903.66,0.945,25.76,3066.9,-0.29,47.22,34,72,-7.28
11,20,10,signal_cross,none,True,1.35,4.5,1.5,250.0,286,-830.95,0.953,25.87,3009.69,-0.28,44.44,32,72,-6.41
11,20,10,signal_cross,none,True,1.35,4.5,2.0,0.0,382,-1436.05,0.953,31.94,3613.33,-0.4,36.11,26,72,-8.22
11,20,10,signal_cross,none,True,1.35,4.5,2.0,200.0,245,-895.07,0.951,33.06,3213.94,-0.28,47.22,34,72,-7.09
11,20,10,signal_cross,none,True,1.35,4.5,2.0,250.0,269,-181.52,0.991,33.83,2686.06,-0.07,45.83,33,72,-1.59
11,20,10,signal_cross,none,True,1.35,4.5,2.5,0.0,350,-3833.94,0.885,36.0,4546.59,-0.84,37.5,27,72,-18.87
11,20,10,signal_cross,none,True,1.35,4.5,2.5,200.0,212,-1393.3,0.924,37.74,3007.28,-0.46,48.61,35,72,-11.41
11,20,10,signal_cross,none,True,1.35,4.5,2.5,250.0,233,-1068.09,0.946,38.2,3007.28,-0.36,47.22,34,72,-8.7
11,20,10,signal_cross,none,True,1.35,5.0,1.5,0.0,404,-2836.38,0.897,22.77,4533.7,-0.63,33.33,24,72,-12.59
11,20,10,signal_cross,none,True,1.35,5.0,1.5,200.0,267,-769.76,0.955,23.97,2738.2,-0.28,41.67,30,72,-5.85
11,20,10,signal_cross,none,True,1.35,5.0,1.5,250.0,277,-1081.98,0.939,23.83,3050.42,-0.35,40.28,29,72,-7.41
11,20,10,signal_cross,none,True,1.35,5.0,2.0,0.0,378,2.18,1.0,30.42,3530.65,0.0,37.5,27,72,0.01
11,20,10,signal_cross,none,True,1.35,5.0,2.0,200.0,239,934.29,1.053,32.64,2329.17,0.4,48.61,35,72,9.91
11,20,10,signal_cross,none,True,1.35,5.0,2.0,250.0,260,22.91,1.001,31.54,2646.26,0.01,45.83,33,72,0.2
11,20,10,signal_cross,none,True,1.35,5.0,2.5,0.0,344,-1536.6,0.954,34.88,4193.22,-0.37,34.72,25,72,-7.86
11,20,10,signal_cross,none,True,1.35,5.0,2.5,200.0,204,-735.95,0.96,36.27,2792.33,-0.26,47.22,34,72,-6.31
11,20,10,signal_cross,none,True,1.35,5.0,2.5,250.0,221,-988.62,0.95,35.75,2792.33,-0.35,45.83,33,72,-8.15
11,20,10,signal_cross,none,True,1.4,3.5,1.5,0.0,498,-5746.94,0.819,27.91,6222.77,-0.92,36.11,26,72,-21.55
11,20,10,signal_cross,none,True,1.4,3.5,1.5,200.0,303,-235.33,0.986,31.02,3503.34,-0.07,48.61,35,72,-1.91
11,20,10,signal_cross,none,True,1.4,3.5,1.5,250.0,351,-2138.93,0.894,28.77,3831.45,-0.56,43.06,31,72,-13.3
11,20,10,signal_cross,none,True,1.4,3.5,2.0,0.0,430,-7139.24,0.785,33.26,7755.01,-0.92,30.56,22,72,-19.45
11,20,10,signal_cross,none,True,1.4,3.5,2.0,200.0,259,-1598.37,0.909,36.68,4082.76,-0.39,48.61,35,72,-11.05
11,20,10,signal_cross,none,True,1.4,3.5,2.0,250.0,288,-2628.88,0.869,35.76,4430.44,-0.59,43.06,31,72,-14.78
11,20,10,signal_cross,none,True,1.4,3.5,2.5,0.0,411,-6340.3,0.822,39.42,6812.46,-0.93,36.11,26,72,-22.8
11,20,10,signal_cross,none,True,1.4,3.5,2.5,200.0,231,-710.41,0.96,43.29,2123.17,-0.33,52.78,38,72,-7.81
11,20,10,signal_cross,none,True,1.4,3.5,2.5,250.0,261,-954.13,0.953,42.91,2452.19,-0.39,48.61,35,72,-8.93
11,20,10,signal_cross,none,True,1.4,4.0,1.5,0.0,471,-5240.77,0.83,25.48,6296.83,-0.83,33.33,24,72,-18.27
11,20,10,signal_cross,none,True,1.4,4.0,1.5,200.0,286,-979.21,0.942,27.62,4897.53,-0.2,45.83,33,72,-6.04
11,20,10,signal_cross,none,True,1.4,4.0,1.5,250.0,333,-1147.02,0.941,27.33,4664.97,-0.25,43.06,31,72,-6.8
11,20,10,signal_cross,none,True,1.4,4.0,2.0,0.0,412,-7170.2,0.782,30.58,7469.7,-0.96,30.56,22,72,-19.83
11,20,10,signal_cross,none,True,1.4,4.0,2.0,200.0,244,-2330.79,0.866,34.02,5061.28,-0.46,45.83,33,72,-13.0
11,20,10,signal_cross,none,True,1.4,4.0,2.0,250.0,286,-2514.42,0.876,33.57,5008.44,-0.5,43.06,31,72,-13.4
11,20,10,signal_cross,none,True,1.4,4.0,2.5,0.0,383,-7627.8,0.787,35.51,7866.77,-0.97,33.33,24,72,-22.56
11,20,10,signal_cross,none,True,1.4,4.0,2.5,200.0,217,-2334.15,0.871,39.17,3284.72,-0.71,51.39,37,72,-18.23
11,20,10,signal_cross,none,True,1.4,4.0,2.5,250.0,250,-3065.08,0.855,38.4,3901.25,-0.79,47.22,34,72,-19.81
11,20,10,signal_cross,none,True,1.4,4.5,1.5,0.0,463,-3490.66,0.886,24.62,4989.48,-0.7,33.33,24,72,-14.59
11,20,10,signal_cross,none,True,1.4,4.5,1.5,200.0,279,-1145.88,0.933,25.45,4466.38,-0.26,45.83,33,72,-7.33
11,20,10,signal_cross,none,True,1.4,4.5,1.5,250.0,297,-93.81,0.995,26.6,4026.49,-0.02,45.83,33,72,-0.67
11,20,10,signal_cross,none,True,1.4,4.5,2.0,0.0,403,-5537.19,0.832,29.28,5907.12,-0.94,29.17,21,72,-17.48
11,20,10,signal_cross,none,True,1.4,4.5,2.0,200.0,227,-1434.33,0.915,32.16,4747.24,-0.3,45.83,33,72,-8.73
11,20,10,signal_cross,none,True,1.4,4.5,2.0,250.0,250,-912.43,0.95,32.8,4117.04,-0.22,44.44,32,72,-6.0
11,20,10,signal_cross,none,True,1.4,4.5,2.5,0.0,379,-5995.71,0.835,34.3,6305.11,-0.95,34.72,25,72,-21.89
11,20,10,signal_cross,none,True,1.4,4.5,2.5,200.0,206,-1551.37,0.913,37.38,3271.24,-0.47,51.39,37,72,-12.73
11,20,10,signal_cross,none,True,1.4,4.5,2.5,250.0,236,-1670.26,0.918,36.86,2926.15,-0.57,50.0,36,72,-14.17
11,20,10,signal_cross,none,True,1.4,5.0,1.5,0.0,450,-3811.84,0.876,22.44,5558.53,-0.69,31.94,23,72,-14.31
11,20,10,signal_cross,none,True,1.4,5.0,1.5,200.0,280,-1354.11,0.924,23.57,4168.18,-0.32,44.44,32,72,-8.61
11,20,10,signal_cross,none,True,1.4,5.0,1.5,250.0,287,-1097.4,0.939,24.04,4060.8,-0.27,44.44,32,72,-7.19
11,20,10,signal_cross,none,True,1.4,5.0,2.0,0.0,405,-2116.95,0.937,29.38,4204.88,-0.5,38.89,28,72,-11.9
11,20,10,signal_cross,none,True,1.4,5.0,2.0,200.0,227,366.75,1.022,32.16,3611.19,0.1,47.22,34,72,2.95
11,20,10,signal_cross,none,True,1.4,5.0,2.0,250.0,234,306.19,1.018,32.05,3575.12,0.09,45.83,33,72,2.39
11,20,10,signal_cross,none,True,1.4,5.0,2.5,0.0,364,-4229.87,0.883,32.97,4286.67,-0.99,34.72,25,72,-19.81
11,20,10,signal_cross,none,True,1.4,5.0,2.5,200.0,203,-1068.11,0.941,35.47,2601.59,-0.41,47.22,34,72,-9.3
11,20,10,signal_cross,none,True,1.4,5.0,2.5,250.0,210,-872.1,0.953,35.71,2580.88,-0.34,47.22,34,72,-7.73
11,20,10,signal_cross,none,False,1.5,3.5,1.5,0.0,918,-3992.78,0.935,28.76,7671.36,-0.52,22.22,16,72,-9.47
11,20,10,signal_cross,none,False,1.5,3.5,1.5,200.0,374,-983.71,0.952,28.61,3409.59,-0.29,48.61,35,72,-7.8
11,20,10,signal_cross,none,False,1.5,3.5,1.5,250.0,482,-1141.35,0.957,28.84,2693.6,-0.42,43.06,31,72,-9.06
11,20,10,signal_cross,none,False,1.5,3.5,2.0,0.0,754,-3599.85,0.94,36.47,5219.62,-0.69,29.17,21,72,-13.66
11,20,10,signal_cross,none,False,1.5,3.5,2.0,200.0,305,-1161.74,0.943,34.75,3909.33,-0.3,48.61,35,72,-8.52
11,20,10,signal_cross,none,False,1.5,3.5,2.0,250.0,334,-1119.34,0.951,35.63,4765.16,-0.23,44.44,32,72,-6.85
11,20,10,signal_cross,none,False,1.5,3.5,2.5,0.0,607,-3077.55,0.943,40.86,7448.42,-0.41,26.39,19,72,-8.87
11,20,10,signal_cross,none,False,1.5,3.5,2.5,200.0,250,-4342.56,0.791,37.2,6375.29,-0.68,43.06,31,72,-18.52
11,20,10,signal_cross,none,False,1.5,3.5,2.5,250.0,269,-3607.94,0.839,38.29,5640.67,-0.64,40.28,29,72,-16.23
11,20,10,signal_cross,none,False,1.5,4.0,1.5,0.0,796,-3783.7,0.928,26.01,7171.12,-0.53,25.0,18,72,-10.37
11,20,10,signal_cross,none,False,1.5,4.0,1.5,200.0,373,-1787.36,0.915,25.47,4858.37,-0.37,44.44,32,72,-10.43
11,20,10,signal_cross,none,False,1.5,4.0,1.5,250.0,422,-3159.47,0.872,24.64,5859.45,-0.54,37.5,27,72,-13.5
11,20,10,signal_cross,none,False,1.5,4.0,2.0,0.0,677,-373.26,0.994,33.09,6434.96,-0.06,29.17,21,72,-1.35
11,20,10,signal_cross,none,False,1.5,4.0,2.0,200.0,268,-1949.93,0.899,31.34,4700.63,-0.41,44.44,32,72,-11.36
11,20,10,signal_cross,none,False,1.5,4.0,2.0,250.0,319,-3760.93,0.838,29.78,6738.05,-0.56,37.5,27,72,-14.4
11,20,10,signal_cross,none,False,1.5,4.0,2.5,0.0,540,-5712.15,0.893,37.41,8500.05,-0.67,25.0,18,72,-13.83
11,20,10,signal_cross,none,False,1.5,4.0,2.5,200.0,240,-2470.67,0.877,36.25,4988.93,-0.5,44.44,32,72,-13.63
11,20,10,signal_cross,none,False,1.5,4.0,2.5,250.0,259,-3815.34,0.826,35.14,6512.51,-0.59,37.5,27,72,-14.64
11,20,10,signal_cross,none,False,1.5,4.5,1.5,0.0,748,-1584.29,0.968,25.0,4797.29,-0.33,27.78,20,72,-6.15
11,20,10,signal_cross,none,False,1.5,4.5,1.5,200.0,340,638.73,1.032,25.88,2791.79,0.23,48.61,35,72,6.06
11,20,10,signal_cross,none,False,1.5,4.5,1.5,250.0,365,692.27,1.033,26.03,2581.14,0.27,47.22,34,72,6.65
11,20,10,signal_cross,none,False,1.5,4.5,2.0,0.0,579,511.06,1.011,31.09,6372.98,0.08,27.78,20,72,1.8
11,20,10,signal_cross,none,False,1.5,4.5,2.0,200.0,239,-1403.7,0.922,30.96,2865.02,-0.49,45.83,33,72,-11.08
11,20,10,signal_cross,none,False,1.5,4.5,2.0,250.0,262,-1716.3,0.913,30.53,3582.96,-0.48,43.06,31,72,-11.27
11,20,10,signal_cross,none,False,1.5,4.5,2.5,0.0,450,-3090.69,0.929,34.67,6804.24,-0.45,23.61,17,72,-8.22
11,20,10,signal_cross,none,False,1.5,4.5,2.5,200.0,203,-2406.29,0.87,35.47,3630.17,-0.66,45.83,33,72,-15.92
11,20,10,signal_cross,none,False,1.5,4.5,2.5,250.0,235,-3348.78,0.841,34.04,4700.73,-0.71,40.28,29,72,-16.55
11,20,10,signal_cross,none,False,1.5,5.0,1.5,0.0,735,1629.73,1.032,23.81,4716.83,0.35,36.11,26,72,8.84
11,20,10,signal_cross,none,False,1.5,5.0,1.5,200.0,312,2490.79,1.137,25.64,2483.34,1.0,51.39,37,72,29.21
11,20,10,signal_cross,none,False,1.5,5.0,1.5,250.0,383,1275.0,1.057,24.28,2536.49,0.5,45.83,33,72,12.26
11,20,10,signal_cross,none,False,1.5,5.0,2.0,0.0,563,261.04,1.005,29.31,4107.86,0.06,30.56,22,72,1.25
11,20,10,signal_cross,none,False,1.5,5.0,2.0,200.0,234,205.51,1.012,29.49,2158.03,0.1,48.61,35,72,2.18
11,20,10,signal_cross,none,False,1.5,5.0,2.0,250.0,268,-1431.99,0.931,28.36,4069.07,-0.35,43.06,31,72,-9.0
11,20,10,signal_cross,none,False,1.5,5.0,2.5,0.0,497,-3201.11,0.935,33.4,5264.82,-0.61,27.78,20,72,-11.46
11,20,10,signal_cross,none,False,1.5,5.0,2.5,200.0,189,-351.59,0.979,34.39,2013.79,-0.17,48.61,35,72,-3.73
11,20,10,signal_cross,none,False,1.5,5.0,2.5,250.0,218,-1211.96,0.938,33.49,2860.5,-0.42,44.44,32,72,-9.45
11,20,10,inflection_or_zero,ema200,True,1.35,3.5,1.5,0.0,322,2966.75,1.162,34.47,1862.07,1.59,51.39,37,72,41.06
11,20,10,inflection_or_zero,ema200,True,1.35,3.5,1.5,200.0,260,1229.61,1.087,33.85,1898.04,0.65,52.78,38,72,16.19
11,20,10,inflection_or_zero,ema200,True,1.35,3.5,1.5,250.0,284,831.55,1.053,33.45,1778.13,0.47,50.0,36,72,10.38
11,20,10,inflection_or_zero,ema200,True,1.35,3.5,2.0,0.0,272,666.18,1.036,40.81,2466.27,0.27,45.83,33,72,6.37
11,20,10,inflection_or_zero,ema200,True,1.35,3.5,2.0,200.0,222,354.63,1.024,40.54,2705.88,0.13,51.39,37,72,3.59
11,20,10,inflection_or_zero,ema200,True,1.35,3.5,2.0,250.0,239,469.89,1.029,41.0,2520.0,0.19,47.22,34,72,4.55
11,20,10,inflection_or_zero,ema200,True,1.35,3.5,2.5,0.0,257,-1421.57,0.933,43.58,2524.14,-0.56,44.44,32,72,-11.73
11,20,10,inflection_or_zero,ema200,True,1.35,3.5,2.5,200.0,196,-937.92,0.939,43.88,2713.32,-0.35,50.0,36,72,-8.45
11,20,10,inflection_or_zero,ema200,True,1.35,3.5,2.5,250.0,220,-1090.8,0.937,44.09,2481.84,-0.44,45.83,33,72,-9.4
11,20,10,inflection_or_zero,ema200,True,1.35,4.0,1.5,0.0,316,3787.11,1.204,31.33,1862.07,2.03,44.44,32,72,46.96
11,20,10,inflection_or_zero,ema200,True,1.35,4.0,1.5,200.0,248,1675.25,1.119,31.05,1866.01,0.9,47.22,34,72,20.49
11,20,10,inflection_or_zero,ema200,True,1.35,4.0,1.5,250.0,262,1855.01,1.125,30.92,1866.01,0.99,47.22,34,72,22.81
11,20,10,inflection_or_zero,ema200,True,1.35,4.0,2.0,0.0,263,2610.64,1.139,39.16,2175.65,1.2,51.39,37,72,32.76
11,20,10,inflection_or_zero,ema200,True,1.35,4.0,2.0,200.0,203,734.58,1.052,37.44,2564.34,0.29,52.78,38,72,8.05
11,20,10,inflection_or_zero,ema200,True,1.35,4.0,2.0,250.0,216,2071.43,1.141,39.35,2564.34,0.81,52.78,38,72,24.63
11,20,10,inflection_or_zero,ema200,True,1.35,4.0,2.5,0.0,243,-801.79,0.962,40.33,2456.71,-0.33,43.06,31,72,-6.7
11,20,10,inflection_or_zero,ema200,True,1.35,4.0,2.5,200.0,176,-486.34,0.967,40.34,2776.95,-0.18,50.0,36,72,-4.46
11,20,10,inflection_or_zero,ema200,True,1.35,4.0,2.5,250.0,196,149.58,1.009,41.33,2604.25,0.06,48.61,35,72,1.44
11,20,10,inflection_or_zero,ema200,True,1.35,4.5,1.5,0.0,303,1312.12,1.069,27.72,1862.07,0.7,44.44,32,72,14.45
11,20,10,inflection_or_zero,ema200,True,1.35,4.5,1.5,200.0,238,728.42,1.051,27.73,1833.97,0.4,47.22,34,72,8.44
11,20,10,inflection_or_zero,ema200,True,1.35,4.5,1.5,250.0,249,810.27,1.054,27.71,1864.06,0.43,45.83,33,72,9.07
11,20,10,inflection_or_zero,ema200,True,1.35,4.5,2.0,0.0,252,2184.27,1.115,36.11,2768.17,0.79,50.0,36,72,23.14
11,20,10,inflection_or_zero,ema200,True,1.35,4.5,2.0,200.0,190,1358.88,1.099,36.32,2566.67,0.53,52.78,38,72,15.56
11,20,10,inflection_or_zero,ema200,True,1.35,4.5,2.0,250.0,202,1055.35,1.072,35.15,3008.64,0.35,51.39,37,72,10.6
11,20,10,inflection_or_zero,ema200,True,1.35,4.5,2.5,0.0,233,-78.63,0.996,38.2,2568.06,-0.03,45.83,33,72,-0.71
11,20,10,inflection_or_zero,ema200,True,1.35,4.5,2.5,200.0,175,-1522.58,0.902,36.57,3406.47,-0.45,51.39,37,72,-12.09
11,20,10,inflection_or_zero,ema200,True,1.35,4.5,2.5,250.0,182,-670.68,0.957,37.36,3426.89,-0.2,50.0,36,72,-5.48
11,20,10,inflection_or_zero,ema200,True,1.35,5.0,1.5,0.0,292,1032.15,1.055,26.37,2338.38,0.44,50.0,36,72,11.26
11,20,10,inflection_or_zero,ema200,True,1.35,5.0,1.5,200.0,232,727.61,1.05,26.72,2380.0,0.31,52.78,38,72,8.27
11,20,10,inflection_or_zero,ema200,True,1.35,5.0,1.5,250.0,241,1040.07,1.07,26.97,2380.0,0.44,52.78,38,72,12.04
11,20,10,inflection_or_zero,ema200,True,1.35,5.0,2.0,0.0,244,597.22,1.032,33.61,3497.65,0.17,47.22,34,72,4.92
11,20,10,inflection_or_zero,ema200,True,1.35,5.0,2.0,200.0,177,1343.87,1.101,36.16,3773.88,0.36,54.17,39,72,13.05
11,20,10,inflection_or_zero,ema200,True,1.35,5.0,2.0,250.0,200,511.14,1.033,34.0,4098.89,0.12,50.0,36,72,4.12
11,20,10,inflection_or_zero,ema200,True,1.35,5.0,2.5,0.0,224,-2043.94,0.903,35.27,3653.37,-0.56,40.28,29,72,-12.3
11,20,10,inflection_or_zero,ema200,True,1.35,5.0,2.5,200.0,162,-1016.69,0.931,37.04,3952.39,-0.26,51.39,37,72,-7.74
11,20,10,inflection_or_zero,ema200,True,1.35,5.0,2.5,250.0,184,-2148.27,0.874,34.78,4393.19,-0.49,45.83,33,72,-12.98
11,20,10,inflection_or_zero,ema200,True,1.4,3.5,1.5,0.0,339,2892.54,1.149,34.22,1981.45,1.46,51.39,37,72,38.37
11,20,10,inflection_or_zero,ema200,True,1.4,3.5,1.5,200.0,267,789.71,1.054,32.96,2017.42,0.39,52.78,38,72,9.78
11,20,10,inflection_or_zero,ema200,True,1.4,3.5,1.5,250.0,293,164.08,1.01,32.42,1897.51,0.09,50.0,36,72,1.9
11,20,10,inflection_or_zero,ema200,True,1.4,3.5,2.0,0.0,286,251.25,1.013,40.56,2572.49,0.1,44.44,32,72,2.23
11,20,10,inflection_or_zero,ema200,True,1.4,3.5,2.0,200.0,220,-6.58,1.0,40.45,3243.8,-0.0,51.39,37,72,-0.06
11,20,10,inflection_or_zero,ema200,True,1.4,3.5,2.0,250.0,242,-253.72,0.985,40.5,3028.29,-0.08,45.83,33,72,-2.08
11,20,10,inflection_or_zero,ema200,True,1.4,3.5,2.5,0.0,270,-1747.73,0.922,43.7,2792.16,-0.63,44.44,32,72,-13.55
11,20,10,inflection_or_zero,ema200,True,1.4,3.5,2.5,200.0,197,-1208.66,0.922,44.16,3290.0,-0.37,50.0,36,72,-9.71
11,20,10,inflection_or_zero,ema200,True,1.4,3.5,2.5,250.0,227,-1911.89,0.896,43.61,3028.89,-0.63,44.44,32,72,-13.83
11,20,10,inflection_or_zero,ema200,True,1.4,4.0,1.5,0.0,332,3916.28,1.2,31.33,1981.45,1.98,44.44,32,72,46.92
11,20,10,inflection_or_zero,ema200,True,1.4,4.0,1.5,200.0,261,1092.51,1.073,29.89,2146.41,0.51,45.83,33,72,11.6
11,20,10,inflection_or_zero,ema200,True,1.4,4.0,1.5,250.0,270,1393.22,1.09,30.37,2029.28,0.69,47.22,34,72,15.92
11,20,10,inflection_or_zero,ema200,True,1.4,4.0,2.0,0.0,275,2160.94,1.109,38.91,2426.58,0.89,51.39,37,72,25.0
11,20,10,inflection_or_zero,ema200,True,1.4,4.0,2.0,200.0,200,910.79,1.065,38.5,3225.7,0.28,52.78,38,72,9.01
11,20,10,inflection_or_zero,ema200,True,1.4,4.0,2.0,250.0,216,1491.19,1.099,39.35,3156.96,0.47,52.78,38,72,15.39
11,20,10,inflection_or_zero,ema200,True,1.4,4.0,2.5,0.0,254,-1127.67,0.95,40.55,2792.16,-0.4,43.06,31,72,-8.73
11,20,10,inflection_or_zero,ema200,True,1.4,4.0,2.5,200.0,176,-600.35,0.959,40.91,3509.37,-0.17,50.0,36,72,-4.86
11,20,10,inflection_or_zero,ema200,True,1.4,4.0,2.5,250.0,200,-741.13,0.955,41.0,3336.67,-0.22,47.22,34,72,-5.79
11,20,10,inflection_or_zero,ema200,True,1.4,4.5,1.5,0.0,318,1330.07,1.067,27.67,1981.45,0.67,44.44,32,72,14.17
11,20,10,inflection_or_zero,ema200,True,1.4,4.5,1.5,200.0,245,497.07,1.034,27.35,1953.35,0.25,45.83,33,72,5.33
11,20,10,inflection_or_zero,ema200,True,1.4,4.5,1.5,250.0,263,471.02,1.03,27.0,1953.35,0.24,44.44,32,72,4.88
11,20,10,inflection_or_zero,ema200,True,1.4,4.5,2.0,0.0,262,1315.14,1.066,35.5,2779.58,0.47,50.0,36,72,13.3
11,20,10,inflection_or_zero,ema200,True,1.4,4.5,2.0,200.0,188,1142.83,1.084,36.7,3179.4,0.36,52.78,38,72,11.6
11,20,10,inflection_or_zero,ema200,True,1.4,4.5,2.0,250.0,200,1209.0,1.083,36.0,3204.76,0.38,51.39,37,72,11.89
11,20,10,inflection_or_zero,ema200,True,1.4,4.5,2.5,0.0,243,-553.15,0.975,38.27,2792.16,-0.2,45.83,33,72,-4.68
11,20,10,inflection_or_zero,ema200,True,1.4,4.5,2.5,200.0,173,-997.18,0.934,38.15,3541.23,-0.28,52.78,38,72,-8.26
11,20,10,inflection_or_zero,ema200,True,1.4,4.5,2.5,250.0,182,-415.99,0.973,38.46,3662.69,-0.11,51.39,37,72,-3.44
11,20,10,inflection_or_zero,ema200,True,1.4,5.0,1.5,0.0,306,1243.92,1.063,26.47,2457.76,0.51,48.61,35,72,12.97
11,20,10,inflection_or_zero,ema200,True,1.4,5.0,1.5,200.0,237,728.82,1.049,26.58,2499.38,0.29,52.78,38,72,8.07
11,20,10,inflection_or_zero,ema200,True,1.4,5.0,1.5,250.0,254,529.76,1.034,25.98,2499.38,0.21,50.0,36,72,5.48
11,20,10,inflection_or_zero,ema200,True,1.4,5.0,2.0,0.0,253,618.09,1.031,33.6,2814.52,0.22,47.22,34,72,5.67
11,20,10,inflection_or_zero,ema200,True,1.4,5.0,2.0,200.0,175,1855.94,1.143,37.14,3710.13,0.5,54.17,39,72,18.87
11,20,10,inflection_or_zero,ema200,True,1.4,5.0,2.0,250.0,197,1546.64,1.105,35.53,3710.13,0.42,51.39,37,72,14.42
11,20,10,inflection_or_zero,ema200,True,1.4,5.0,2.5,0.0,232,-1364.78,0.937,36.21,3023.78,-0.45,43.06,31,72,-10.01
11,20,10,inflection_or_zero,ema200,True,1.4,5.0,2.5,200.0,161,-235.08,0.984,38.51,3872.7,-0.06,52.78,38,72,-1.96
11,20,10,inflection_or_zero,ema200,True,1.4,5.0,2.5,250.0,182,-766.57,0.953,36.81,3872.7,-0.2,48.61,35,72,-5.71
11,20,10,inflection_or_zero,ema200,False,1.5,3.5,1.5,0.0,685,-1253.83,0.969,31.09,3355.72,-0.37,41.67,30,72,-8.74
11,20,10,inflection_or_zero,ema200,False,1.5,3.5,1.5,200.0,371,1224.06,1.06,32.08,2560.33,0.48,56.94,41,72,14.6
11,20,10,inflection_or_zero,ema200,False,1.5,3.5,1.5,250.0,430,1765.91,1.075,32.56,2387.87,0.74,52.78,38,72,20.5
11,20,10,inflection_or_zero,ema200,False,1.5,3.5,2.0,0.0,561,301.73,1.007,38.86,4202.97,0.07,38.89,28,72,1.82
11,20,10,inflection_or_zero,ema200,False,1.5,3.5,2.0,200.0,262,2009.93,1.114,40.46,1672.74,1.2,56.94,41,72,31.17
11,20,10,inflection_or_zero,ema200,False,1.5,3.5,2.0,250.0,327,1860.12,1.086,39.45,2763.64,0.67,50.0,36,72,19.21
11,20,10,inflection_or_zero,ema200,False,1.5,3.5,2.5,0.0,505,984.42,1.023,42.38,4967.03,0.2,38.89,28,72,5.56
11,20,10,inflection_or_zero,ema200,False,1.5,3.5,2.5,200.0,234,867.2,1.048,44.02,1888.42,0.46,54.17,39,72,11.33
11,20,10,inflection_or_zero,ema200,False,1.5,3.5,2.5,250.0,282,-802.25,0.964,41.49,3982.38,-0.2,47.22,34,72,-5.79
11,20,10,inflection_or_zero,ema200,False,1.5,4.0,1.5,0.0,661,1930.91,1.047,28.9,3338.88,0.58,41.67,30,72,14.58
11,20,10,inflection_or_zero,ema200,False,1.5,4.0,1.5,200.0,354,1720.09,1.086,29.38,2001.73,0.86,56.94,41,72,23.77
11,20,10,inflection_or_zero,ema200,False,1.5,4.0,1.5,250.0,397,2190.8,1.098,29.47,2591.18,0.85,55.56,40,72,26.26
11,20,10,inflection_or_zero,ema200,False,1.5,4.0,2.0,0.0,511,3000.83,1.079,37.57,3489.97,0.86,45.83,33,72,25.12
11,20,10,inflection_or_zero,ema200,False,1.5,4.0,2.0,200.0,223,3000.87,1.197,39.46,1532.31,1.96,59.72,43,72,54.8
11,20,10,inflection_or_zero,ema200,False,1.5,4.0,2.0,250.0,275,2575.83,1.133,38.55,2189.52,1.18,54.17,39,72,33.79
11,20,10,inflection_or_zero,ema200,False,1.5,4.0,2.5,0.0,463,1381.55,1.033,39.96,4482.5,0.31,37.5,27,72,7.99
11,20,10,inflection_or_zero,ema200,False,1.5,4.0,2.5,200.0,210,-1126.04,0.936,39.05,2707.98,-0.42,50.0,36,72,-10.13
11,20,10,inflection_or_zero,ema200,False,1.5,4.0,2.5,250.0,242,-353.62,0.982,39.26,2765.84,-0.13,45.83,33,72,-3.03
11,20,10,inflection_or_zero,ema200,False,1.5,4.5,1.5,0.0,638,5319.89,1.134,28.21,2950.8,1.8,41.67,30,72,46.28
11,20,10,inflection_or_zero,ema200,False,1.5,4.5,1.5,200.0,314,2610.72,1.144,28.03,2318.46,1.13,54.17,39,72,33.6
11,20,10,inflection_or_zero,ema200,False,1.5,4.5,1.5,250.0,339,2944.75,1.151,28.32,2816.6,1.05,51.39,37,72,32.82
11,20,10,inflection_or_zero,ema200,False,1.5,4.5,2.0,0.0,481,4246.49,1.115,35.76,3160.63,1.34,44.44,32,72,37.43
11,20,10,inflection_or_zero,ema200,False,1.5,4.5,2.0,200.0,204,3765.1,1.26,37.25,1594.11,2.36,61.11,44,72,72.61
11,20,10,inflection_or_zero,ema200,False,1.5,4.5,2.0,250.0,233,4484.88,1.272,37.77,1708.37,2.63,58.33,42,72,80.51
11,20,10,inflection_or_zero,ema200,False,1.5,4.5,2.5,0.0,439,4669.71,1.117,39.18,3646.4,1.28,44.44,32,72,38.39
11,20,10,inflection_or_zero,ema200,False,1.5,4.5,2.5,200.0,185,-23.33,0.999,36.76,2523.71,-0.01,54.17,39,72,-0.25
11,20,10,inflection_or_zero,ema200,False,1.5,4.5,2.5,250.0,217,393.96,1.021,37.79,2585.12,0.15,50.0,36,72,3.96
11,20,10,inflection_or_zero,ema200,False,1.5,5.0,1.5,0.0,596,3550.81,1.092,25.84,3084.31,1.15,43.06,31,72,30.06
11,20,10,inflection_or_zero,ema200,False,1.5,5.0,1.5,200.0,288,1660.68,1.095,25.69,3011.12,0.55,52.78,38,72,17.49
11,20,10,inflection_or_zero,ema200,False,1.5,5.0,1.5,250.0,310,2716.6,1.147,26.77,2701.91,1.01,52.78,38,72,31.64
11,20,10,inflection_or_zero,ema200,False,1.5,5.0,2.0,0.0,462,4316.68,1.118,33.55,3582.18,1.21,45.83,33,72,36.95
11,20,10,inflection_or_zero,ema200,False,1.5,5.0,2.0,200.0,196,3652.15,1.253,35.2,2027.45,1.8,59.72,43,72,60.69
11,20,10,inflection_or_zero,ema200,False,1.5,5.0,2.0,250.0,226,4747.31,1.293,36.28,2027.45,2.34,58.33,42,72,79.52
11,20,10,inflection_or_zero,ema200,False,1.5,5.0,2.5,0.0,426,4559.67,1.115,37.09,4474.85,1.02,45.83,33,72,34.83
11,20,10,inflection_or_zero,ema200,False,1.5,5.0,2.5,200.0,193,813.74,1.048,36.27,2340.87,0.35,56.94,41,72,10.04
11,20,10,inflection_or_zero,ema200,False,1.5,5.0,2.5,250.0,217,2917.85,1.16,39.17,2340.87,1.25,55.56,40,72,38.87
11,20,10,inflection_or_zero,ema50,True,1.35,3.5,1.5,0.0,337,1605.86,1.081,35.01,2423.64,0.66,52.78,38,72,18.61
11,20,10,inflection_or_zero,ema50,True,1.35,3.5,1.5,200.0,254,1268.23,1.092,35.04,1534.55,0.83,56.94,41,72,20.13
11,20,10,inflection_or_zero,ema50,True,1.35,3.5,1.5,250.0,286,1346.41,1.084,34.97,1965.22,0.69,54.17,39,72,17.83
11,20,10,inflection_or_zero,ema50,True,1.35,3.5,2.0,0.0,290,1756.33,1.089,42.07,2700.03,0.65,48.61,35,72,17.89
11,20,10,inflection_or_zero,ema50,True,1.35,3.5,2.0,200.0,227,-177.64,0.989,40.97,3520.02,-0.05,52.78,38,72,-1.56
11,20,10,inflection_or_zero,ema50,True,1.35,3.5,2.0,250.0,252,895.97,1.053,41.27,3083.89,0.29,50.0,36,72,8.49
11,20,10,inflection_or_zero,ema50,True,1.35,3.5,2.5,0.0,266,439.46,1.021,45.49,1973.81,0.22,44.44,32,72,4.49
11,20,10,inflection_or_zero,ema50,True,1.35,3.5,2.5,200.0,205,-1768.12,0.891,42.93,2664.78,-0.66,48.61,35,72,-14.83
11,20,10,inflection_or_zero,ema50,True,1.35,3.5,2.5,250.0,227,-595.77,0.967,44.05,2433.3,-0.24,45.83,33,72,-5.35
11,20,10,inflection_or_zero,ema50,True,1.35,4.0,1.5,0.0,333,3108.09,1.154,32.73,1679.15,1.85,52.78,38,72,46.2
11,20,10,inflection_or_zero,ema50,True,1.35,4.0,1.5,200.0,247,1946.47,1.14,32.39,1232.61,1.58,54.17,39,72,34.24
11,20,10,inflection_or_zero,ema50,True,1.35,4.0,1.5,250.0,272,2587.41,1.17,32.72,1212.21,2.13,54.17,39,72,47.1
11,20,10,inflection_or_zero,ema50,True,1.35,4.0,2.0,0.0,285,3846.66,1.193,40.35,2339.77,1.64,50.0,36,72,47.44
11,20,10,inflection_or_zero,ema50,True,1.35,4.0,2.0,200.0,206,1867.18,1.135,39.81,2392.02,0.78,56.94,41,72,24.67
11,20,10,inflection_or_zero,ema50,True,1.35,4.0,2.0,250.0,226,2116.52,1.137,39.82,3200.96,0.66,52.78,38,72,22.45
11,20,10,inflection_or_zero,ema50,True,1.35,4.0,2.5,0.0,258,1545.89,1.072,42.64,2225.56,0.69,44.44,32,72,15.61
11,20,10,inflection_or_zero,ema50,True,1.35,4.0,2.5,200.0,185,-740.47,0.951,40.54,2180.6,-0.34,50.0,36,72,-7.54
11,20,10,inflection_or_zero,ema50,True,1.35,4.0,2.5,250.0,211,-952.13,0.945,39.81,2423.76,-0.39,44.44,32,72,-8.12
11,20,10,inflection_or_zero,ema50,True,1.35,4.5,1.5,0.0,324,2776.8,1.135,29.63,2282.26,1.22,50.0,36,72,32.99
11,20,10,inflection_or_zero,ema50,True,1.35,4.5,1.5,200.0,236,844.4,1.059,28.39,1664.41,0.51,50.0,36,72,10.96
11,20,10,inflection_or_zero,ema50,True,1.35,4.5,1.5,250.0,246,1170.79,1.079,28.46,1839.43,0.64,50.0,36,72,14.73
11,20,10,inflection_or_zero,ema50,True,1.35,4.5,2.0,0.0,270,2704.6,1.134,36.67,3363.59,0.8,50.0,36,72,26.44
11,20,10,inflection_or_zero,ema50,True,1.35,4.5,2.0,200.0,199,1848.76,1.133,36.68,2587.93,0.71,55.56,40,72,22.88
11,20,10,inflection_or_zero,ema50,True,1.35,4.5,2.0,250.0,210,1550.35,1.104,36.19,3373.28,0.46,55.56,40,72,16.37
11,20,10,inflection_or_zero,ema50,True,1.35,4.5,2.5,0.0,244,409.27,1.019,39.75,2686.25,0.15,43.06,31,72,3.46
11,20,10,inflection_or_zero,ema50,True,1.35,4.5,2.5,200.0,177,-1010.65,0.933,37.85,2873.77,-0.35,48.61,35,72,-8.55
11,20,10,inflection_or_zero,ema50,True,1.35,4.5,2.5,250.0,188,-917.76,0.943,38.3,3422.37,-0.27,45.83,33,72,-6.78
11,20,10,inflection_or_zero,ema50,True,1.35,5.0,1.5,0.0,318,1927.21,1.092,27.36,2641.84,0.73,48.61,35,72,19.9
11,20,10,inflection_or_zero,ema50,True,1.35,5.0,1.5,200.0,228,332.28,1.023,26.75,2243.12,0.15,48.61,35,72,3.49
11,20,10,inflection_or_zero,ema50,True,1.35,5.0,1.5,250.0,239,1206.88,1.082,27.62,2069.94,0.58,48.61,35,72,13.95
11,20,10,inflection_or_zero,ema50,True,1.35,5.0,2.0,0.0,264,553.37,1.027,33.33,4298.35,0.13,47.22,34,72,4.09
11,20,10,inflection_or_zero,ema50,True,1.35,5.0,2.0,200.0,183,893.55,1.066,35.52,3777.56,0.24,54.17,39,72,8.4
11,20,10,inflection_or_zero,ema50,True,1.35,5.0,2.0,250.0,205,974.41,1.064,34.63,3898.56,0.25,52.78,38,72,8.76
11,20,10,inflection_or_zero,ema50,True,1.35,5.0,2.5,0.0,237,-752.06,0.965,37.55,3707.38,-0.2,41.67,30,72,-4.97
11,20,10,inflection_or_zero,ema50,True,1.35,5.0,2.5,200.0,163,-1184.32,0.92,37.42,4294.04,-0.28,50.0,36,72,-8.31
11,20,10,inflection_or_zero,ema50,True,1.35,5.0,2.5,250.0,181,-1286.74,0.92,37.02,4221.11,-0.3,47.22,34,72,-8.6
11,20,10,inflection_or_zero,ema50,True,1.4,3.5,1.5,0.0,338,1797.05,1.091,35.21,2423.64,0.74,52.78,38,72,21.02
11,20,10,inflection_or_zero,ema50,True,1.4,3.5,1.5,200.0,254,1286.29,1.093,35.04,1534.55,0.84,56.94,41,72,20.44
11,20,10,inflection_or_zero,ema50,True,1.4,3.5,1.5,250.0,285,1488.31,1.093,35.09,1965.22,0.76,54.17,39,72,19.88
11,20,10,inflection_or_zero,ema50,True,1.4,3.5,2.0,0.0,291,1951.41,1.099,42.27,2700.03,0.72,48.61,35,72,20.06
11,20,10,inflection_or_zero,ema50,True,1.4,3.5,2.0,200.0,227,-177.64,0.989,40.97,3520.02,-0.05,52.78,38,72,-1.56
11,20,10,inflection_or_zero,ema50,True,1.4,3.5,2.0,250.0,252,917.92,1.054,41.27,3083.89,0.3,50.0,36,72,8.71
11,20,10,inflection_or_zero,ema50,True,1.4,3.5,2.5,0.0,267,634.54,1.03,45.69,1973.81,0.32,44.44,32,72,6.54
11,20,10,inflection_or_zero,ema50,True,1.4,3.5,2.5,200.0,205,-1768.12,0.891,42.93,2664.78,-0.66,48.61,35,72,-14.83
11,20,10,inflection_or_zero,ema50,True,1.4,3.5,2.5,250.0,227,-573.82,0.968,44.05,2433.3,-0.24,45.83,33,72,-5.16
11,20,10,inflection_or_zero,ema50,True,1.4,4.0,1.5,0.0,334,3327.59,1.165,32.93,1679.15,1.98,52.78,38,72,49.93
11,20,10,inflection_or_zero,ema50,True,1.4,4.0,1.5,200.0,247,1967.67,1.142,32.39,1236.5,1.59,54.17,39,72,34.62
11,20,10,inflection_or_zero,ema50,True,1.4,4.0,1.5,250.0,272,2608.61,1.171,32.72,1212.21,2.15,54.17,39,72,47.53
11,20,10,inflection_or_zero,ema50,True,1.4,4.0,2.0,0.0,285,3846.66,1.193,40.35,2339.77,1.64,50.0,36,72,47.44
11,20,10,inflection_or_zero,ema50,True,1.4,4.0,2.0,200.0,206,1867.18,1.135,39.81,2392.02,0.78,56.94,41,72,24.67
11,20,10,inflection_or_zero,ema50,True,1.4,4.0,2.0,250.0,226,2116.52,1.137,39.82,3200.96,0.66,52.78,38,72,22.45
11,20,10,inflection_or_zero,ema50,True,1.4,4.0,2.5,0.0,258,1545.89,1.072,42.64,2225.56,0.69,44.44,32,72,15.61
11,20,10,inflection_or_zero,ema50,True,1.4,4.0,2.5,200.0,185,-740.47,0.951,40.54,2180.6,-0.34,50.0,36,72,-7.54
11,20,10,inflection_or_zero,ema50,True,1.4,4.0,2.5,250.0,211,-952.13,0.945,39.81,2423.76,-0.39,44.44,32,72,-8.12
11,20,10,inflection_or_zero,ema50,True,1.4,4.5,1.5,0.0,325,3024.61,1.147,29.85,2282.26,1.33,50.0,36,72,36.31
11,20,10,inflection_or_zero,ema50,True,1.4,4.5,1.5,200.0,236,868.73,1.061,28.39,1664.41,0.52,50.0,36,72,11.3
11,20,10,inflection_or_zero,ema50,True,1.4,4.5,1.5,250.0,246,1195.12,1.081,28.46,1839.43,0.65,50.0,36,72,15.06
11,20,10,inflection_or_zero,ema50,True,1.4,4.5,2.0,0.0,270,2704.6,1.134,36.67,3363.59,0.8,50.0,36,72,26.44
11,20,10,inflection_or_zero,ema50,True,1.4,4.5,2.0,200.0,199,1848.76,1.133,36.68,2587.93,0.71,55.56,40,72,22.88
11,20,10,inflection_or_zero,ema50,True,1.4,4.5,2.0,250.0,210,1550.35,1.104,36.19,3373.28,0.46,55.56,40,72,16.37
11,20,10,inflection_or_zero,ema50,True,1.4,4.5,2.5,0.0,244,409.27,1.019,39.75,2686.25,0.15,43.06,31,72,3.46
11,20,10,inflection_or_zero,ema50,True,1.4,4.5,2.5,200.0,177,-1010.65,0.933,37.85,2873.77,-0.35,48.61,35,72,-8.55
11,20,10,inflection_or_zero,ema50,True,1.4,4.5,2.5,250.0,188,-917.76,0.943,38.3,3422.37,-0.27,45.83,33,72,-6.78
11,20,10,inflection_or_zero,ema50,True,1.4,5.0,1.5,0.0,319,2203.33,1.106,27.59,2641.84,0.83,48.61,35,72,23.05
11,20,10,inflection_or_zero,ema50,True,1.4,5.0,1.5,200.0,227,503.84,1.035,26.87,2243.12,0.22,48.61,35,72,5.35
11,20,10,inflection_or_zero,ema50,True,1.4,5.0,1.5,250.0,237,1121.1,1.076,27.43,2069.94,0.54,48.61,35,72,12.89
11,20,10,inflection_or_zero,ema50,True,1.4,5.0,2.0,0.0,264,548.19,1.027,33.33,4298.35,0.13,47.22,34,72,4.05
11,20,10,inflection_or_zero,ema50,True,1.4,5.0,2.0,200.0,183,888.37,1.065,35.52,3777.56,0.24,54.17,39,72,8.34
11,20,10,inflection_or_zero,ema50,True,1.4,5.0,2.0,250.0,205,969.23,1.064,34.63,3898.56,0.25,52.78,38,72,8.72
11,20,10,inflection_or_zero,ema50,True,1.4,5.0,2.5,0.0,237,-752.06,0.965,37.55,3707.38,-0.2,41.67,30,72,-4.97
11,20,10,inflection_or_zero,ema50,True,1.4,5.0,2.5,200.0,163,-1184.32,0.92,37.42,4294.04,-0.28,50.0,36,72,-8.31
11,20,10,inflection_or_zero,ema50,True,1.4,5.0,2.5,250.0,181,-1286.74,0.92,37.02,4221.11,-0.3,47.22,34,72,-8.6
11,20,10,inflection_or_zero,ema50,False,1.5,3.5,1.5,0.0,709,1895.54,1.045,33.0,2405.81,0.79,40.28,29,72,16.27
11,20,10,inflection_or_zero,ema50,False,1.5,3.5,1.5,200.0,307,4103.55,1.249,37.46,1398.49,2.93,63.89,46,72,87.56
11,20,10,inflection_or_zero,ema50,False,1.5,3.5,1.5,250.0,418,2181.2,1.094,34.21,2072.57,1.05,54.17,39,72,28.39
11,20,10,inflection_or_zero,ema50,False,1.5,3.5,2.0,0.0,574,2190.68,1.054,40.24,2661.39,0.82,41.67,30,72,18.65
11,20,10,inflection_or_zero,ema50,False,1.5,3.5,2.0,200.0,243,1707.23,1.102,41.56,2150.97,0.79,58.33,42,72,23.66
11,20,10,inflection_or_zero,ema50,False,1.5,3.5,2.0,250.0,298,2032.04,1.102,40.94,2438.0,0.83,52.78,38,72,23.94
11,20,10,inflection_or_zero,ema50,False,1.5,3.5,2.5,0.0,515,3296.19,1.082,44.85,2240.19,1.47,48.61,35,72,36.63
11,20,10,inflection_or_zero,ema50,False,1.5,3.5,2.5,200.0,230,4399.36,1.272,48.7,2018.06,2.18,62.5,45,72,77.86
11,20,10,inflection_or_zero,ema50,False,1.5,3.5,2.5,250.0,291,4307.61,1.214,47.08,1845.29,2.33,58.33,42,72,71.01
11,20,10,inflection_or_zero,ema50,False,1.5,4.0,1.5,0.0,654,3642.21,1.089,30.58,2668.36,1.36,38.89,28,72,29.86
11,20,10,inflection_or_zero,ema50,False,1.5,4.0,1.5,200.0,270,3701.41,1.238,33.7,1185.73,3.12,59.72,43,72,79.47
11,20,10,inflection_or_zero,ema50,False,1.5,4.0,1.5,250.0,315,4129.47,1.228,33.33,1383.3,2.99,56.94,41,72,77.63
11,20,10,inflection_or_zero,ema50,False,1.5,4.0,2.0,0.0,539,3016.12,1.074,37.48,2597.7,1.16,40.28,29,72,25.6
11,20,10,inflection_or_zero,ema50,False,1.5,4.0,2.0,200.0,217,2846.96,1.183,39.17,2152.68,1.32,58.33,42,72,42.34
11,20,10,inflection_or_zero,ema50,False,1.5,4.0,2.0,250.0,265,2276.56,1.12,37.74,2651.19,0.86,54.17,39,72,26.82
11,20,10,inflection_or_zero,ema50,False,1.5,4.0,2.5,0.0,468,3549.22,1.09,41.24,2615.05,1.36,44.44,32,72,33.62
11,20,10,inflection_or_zero,ema50,False,1.5,4.0,2.5,200.0,199,4171.05,1.274,45.23,1835.03,2.27,58.33,42,72,72.36
11,20,10,inflection_or_zero,ema50,False,1.5,4.0,2.5,250.0,245,4640.39,1.253,44.49,2055.14,2.26,56.94,41,72,73.03
11,20,10,inflection_or_zero,ema50,False,1.5,4.5,1.5,0.0,629,4124.22,1.101,28.46,2518.45,1.64,43.06,31,72,38.96
11,20,10,inflection_or_zero,ema50,False,1.5,4.5,1.5,200.0,256,3506.01,1.232,30.47,1431.44,2.45,58.33,42,72,66.59
11,20,10,inflection_or_zero,ema50,False,1.5,4.5,1.5,250.0,307,3586.95,1.196,30.29,1948.29,1.84,54.17,39,72,52.65
11,20,10,inflection_or_zero,ema50,False,1.5,4.5,2.0,0.0,490,1235.93,1.032,34.29,3123.51,0.4,38.89,28,72,8.88
11,20,10,inflection_or_zero,ema50,False,1.5,4.5,2.0,200.0,200,3989.22,1.272,38.0,1956.42,2.04,59.72,43,72,68.51
11,20,10,inflection_or_zero,ema50,False,1.5,4.5,2.0,250.0,247,5002.37,1.285,38.06,1863.0,2.69,55.56,40,72,82.74
11,20,10,inflection_or_zero,ema50,False,1.5,4.5,2.5,0.0,424,1400.09,1.037,38.21,2816.24,0.5,41.67,30,72,11.4
11,20,10,inflection_or_zero,ema50,False,1.5,4.5,2.5,200.0,181,4423.18,1.307,41.99,1662.92,2.66,56.94,41,72,80.72
11,20,10,inflection_or_zero,ema50,False,1.5,4.5,2.5,250.0,220,6056.89,1.359,43.64,1522.76,3.98,56.94,41,72,120.11
11,20,10,inflection_or_zero,ema50,False,1.5,5.0,1.5,0.0,589,3060.55,1.078,26.49,2892.07,1.06,40.28,29,72,24.71
11,20,10,inflection_or_zero,ema50,False,1.5,5.0,1.5,200.0,245,4328.37,1.292,29.8,1418.29,3.05,56.94,41,72,84.55
11,20,10,inflection_or_zero,ema50,False,1.5,5.0,1.5,250.0,271,3938.73,1.238,29.52,2171.16,1.81,52.78,38,72,55.23
11,20,10,inflection_or_zero,ema50,False,1.5,5.0,2.0,0.0,471,1319.61,1.035,32.7,4936.07,0.27,43.06,31,72,8.37
11,20,10,inflection_or_zero,ema50,False,1.5,5.0,2.0,200.0,193,3899.23,1.267,36.27,2487.41,1.57,58.33,42,72,57.78
11,20,10,inflection_or_zero,ema50,False,1.5,5.0,2.0,250.0,232,2417.31,1.134,34.48,3595.84,0.67,52.78,38,72,24.13
11,20,10,inflection_or_zero,ema50,False,1.5,5.0,2.5,0.0,391,-231.86,0.994,35.04,4183.33,-0.06,41.67,30,72,-1.48
11,20,10,inflection_or_zero,ema50,False,1.5,5.0,2.5,200.0,160,2194.59,1.156,39.38,2875.56,0.76,55.56,40,72,26.29
11,20,10,inflection_or_zero,ema50,False,1.5,5.0,2.5,250.0,208,3761.61,1.214,39.42,3129.13,1.2,51.39,37,72,41.95
11,20,10,inflection_or_zero,none,True,1.35,3.5,1.5,0.0,596,-1030.37,0.972,30.2,4383.43,-0.24,38.89,28,72,-5.88
11,20,10,inflection_or_zero,none,True,1.35,3.5,1.5,200.0,335,446.39,1.024,30.45,2691.6,0.17,50.0,36,72,4.41
11,20,10,inflection_or_zero,none,True,1.35,3.5,1.5,250.0,390,-263.29,0.988,30.26,3372.66,-0.08,45.83,33,72,-2.05
11,20,10,inflection_or_zero,none,True,1.35,3.5,2.0,0.0,518,1053.51,1.027,38.8,2597.22,0.41,38.89,28,72,8.26
11,20,10,inflection_or_zero,none,True,1.35,3.5,2.0,200.0,258,2925.49,1.183,39.15,2053.37,1.42,56.94,41,72,43.49
11,20,10,inflection_or_zero,none,True,1.35,3.5,2.0,250.0,306,1470.95,1.072,37.25,2619.21,0.56,48.61,35,72,14.98
11,20,10,inflection_or_zero,none,True,1.35,3.5,2.5,0.0,470,-1483.22,0.963,42.55,4128.05,-0.36,38.89,28,72,-8.65
11,20,10,inflection_or_zero,none,True,1.35,3.5,2.5,200.0,241,2113.15,1.123,43.98,2901.66,0.73,55.56,40,72,24.48
11,20,10,inflection_or_zero,none,True,1.35,3.5,2.5,250.0,266,1457.04,1.074,43.23,2616.07,0.56,51.39,37,72,15.72
11,20,10,inflection_or_zero,none,True,1.35,4.0,1.5,0.0,552,-1309.33,0.963,26.99,4635.87,-0.28,34.72,25,72,-6.43
11,20,10,inflection_or_zero,none,True,1.35,4.0,1.5,200.0,322,989.9,1.054,27.64,3144.49,0.31,51.39,37,72,9.56
11,20,10,inflection_or_zero,none,True,1.35,4.0,1.5,250.0,373,-192.98,0.991,26.27,3737.42,-0.05,44.44,32,72,-1.39
11,20,10,inflection_or_zero,none,True,1.35,4.0,2.0,0.0,458,1694.64,1.049,36.24,2780.86,0.61,41.67,30,72,14.05
11,20,10,inflection_or_zero,none,True,1.35,4.0,2.0,200.0,245,2112.04,1.127,35.92,2458.07,0.86,54.17,39,72,26.01
11,20,10,inflection_or_zero,none,True,1.35,4.0,2.0,250.0,267,2368.48,1.13,35.96,2358.84,1.0,52.78,38,72,29.08
11,20,10,inflection_or_zero,none,True,1.35,4.0,2.5,0.0,435,1492.34,1.038,40.92,2617.69,0.57,40.28,29,72,12.2
11,20,10,inflection_or_zero,none,True,1.35,4.0,2.5,200.0,217,2310.16,1.142,41.01,3131.49,0.74,56.94,41,72,26.84
11,20,10,inflection_or_zero,none,True,1.35,4.0,2.5,250.0,252,1725.0,1.088,40.48,3176.64,0.54,51.39,37,72,17.11
11,20,10,inflection_or_zero,none,True,1.35,4.5,1.5,0.0,536,-1891.01,0.948,24.63,4309.4,-0.44,36.11,26,72,-9.86
11,20,10,inflection_or_zero,none,True,1.35,4.5,1.5,200.0,301,1824.69,1.106,26.58,3074.43,0.59,52.78,38,72,19.21
11,20,10,inflection_or_zero,none,True,1.35,4.5,1.5,250.0,317,2855.88,1.158,27.44,2806.25,1.02,52.78,38,72,32.95
11,20,10,inflection_or_zero,none,True,1.35,4.5,2.0,0.0,439,-845.99,0.978,32.35,2676.44,-0.32,38.89,28,72,-6.22
11,20,10,inflection_or_zero,none,True,1.35,4.5,2.0,200.0,243,2428.72,1.144,33.33,2807.88,0.86,52.78,38,72,27.67
11,20,10,inflection_or_zero,none,True,1.35,4.5,2.0,250.0,259,3362.0,1.189,34.75,2579.67,1.3,54.17,39,72,42.63
11,20,10,inflection_or_zero,none,True,1.35,4.5,2.5,0.0,409,-807.88,0.979,37.16,2664.91,-0.3,40.28,29,72,-6.17
11,20,10,inflection_or_zero,none,True,1.35,4.5,2.5,200.0,217,1720.4,1.1,37.33,3877.07,0.44,52.78,38,72,16.04
11,20,10,inflection_or_zero,none,True,1.35,4.5,2.5,250.0,239,1947.32,1.103,38.08,3078.73,0.63,51.39,37,72,19.89
11,20,10,inflection_or_zero,none,True,1.35,5.0,1.5,0.0,504,-2228.69,0.936,23.02,4567.92,-0.49,37.5,27,72,-11.57
11,20,10,inflection_or_zero,none,True,1.35,5.0,1.5,200.0,283,-172.14,0.99,23.67,3206.7,-0.05,44.44,32,72,-1.34
11,20,10,inflection_or_zero,none,True,1.35,5.0,1.5,250.0,298,623.4,1.035,24.5,3089.09,0.2,44.44,32,72,5.16
11,20,10,inflection_or_zero,none,True,1.35,5.0,2.0,0.0,420,-378.55,0.99,31.19,3710.13,-0.1,43.06,31,72,-2.65
11,20,10,inflection_or_zero,none,True,1.35,5.0,2.0,200.0,223,414.22,1.025,29.6,3727.37,0.11,50.0,36,72,3.48
11,20,10,inflection_or_zero,none,True,1.35,5.0,2.0,250.0,243,2160.25,1.123,31.69,3082.27,0.7,50.0,36,72,21.85
11,20,10,inflection_or_zero,none,True,1.35,5.0,2.5,0.0,393,1326.86,1.035,36.64,3146.48,0.42,43.06,31,72,10.54
11,20,10,inflection_or_zero,none,True,1.35,5.0,2.5,200.0,188,1955.81,1.124,37.23,3448.97,0.57,52.78,38,72,19.76
11,20,10,inflection_or_zero,none,True,1.35,5.0,2.5,250.0,227,2223.16,1.12,37.0,3497.77,0.64,50.0,36,72,21.05
11,20,10,inflection_or_zero,none,True,1.4,3.5,1.5,0.0,626,-2784.43,0.93,29.07,6132.94,-0.45,36.11,26,72,-11.94
11,20,10,inflection_or_zero,none,True,1.4,3.5,1.5,200.0,352,484.39,1.025,30.11,3315.53,0.15,51.39,37,72,4.43
11,20,10,inflection_or_zero,none,True,1.4,3.5,1.5,250.0,413,-369.33,0.984,29.3,3525.85,-0.1,45.83,33,72,-2.8
11,20,10,inflection_or_zero,none,True,1.4,3.5,2.0,0.0,515,-2026.82,0.949,36.89,5256.38,-0.39,36.11,26,72,-9.58
11,20,10,inflection_or_zero,none,True,1.4,3.5,2.0,200.0,251,482.75,1.029,35.86,3033.8,0.16,51.39,37,72,4.63
11,20,10,inflection_or_zero,none,True,1.4,3.5,2.0,250.0,280,-665.28,0.966,34.64,3982.08,-0.17,44.44,32,72,-4.53
11,20,10,inflection_or_zero,none,True,1.4,3.5,2.5,0.0,493,-3285.91,0.923,41.38,5378.39,-0.61,34.72,25,72,-14.36
11,20,10,inflection_or_zero,none,True,1.4,3.5,2.5,200.0,235,1378.85,1.079,42.55,2949.35,0.47,52.78,38,72,14.46
11,20,10,inflection_or_zero,none,True,1.4,3.5,2.5,250.0,260,438.21,1.022,41.54,3160.91,0.14,47.22,34,72,3.76
11,20,10,inflection_or_zero,none,True,1.4,4.0,1.5,0.0,591,-1948.37,0.949,26.57,5122.24,-0.38,33.33,24,72,-8.61
11,20,10,inflection_or_zero,none,True,1.4,4.0,1.5,200.0,339,936.23,1.048,27.73,3684.83,0.25,50.0,36,72,8.08
11,20,10,inflection_or_zero,none,True,1.4,4.0,1.5,250.0,367,1355.07,1.064,27.79,4018.97,0.34,47.22,34,72,10.74
11,20,10,inflection_or_zero,none,True,1.4,4.0,2.0,0.0,467,-1953.75,0.947,33.83,4513.59,-0.43,33.33,24,72,-9.18
11,20,10,inflection_or_zero,none,True,1.4,4.0,2.0,200.0,246,562.48,1.032,34.15,3481.62,0.16,51.39,37,72,5.06
11,20,10,inflection_or_zero,none,True,1.4,4.0,2.0,250.0,273,-22.35,0.999,33.33,3554.45,-0.01,47.22,34,72,-0.18
11,20,10,inflection_or_zero,none,True,1.4,4.0,2.5,0.0,449,-195.45,0.995,39.2,3102.78,-0.06,37.5,27,72,-1.31
11,20,10,inflection_or_zero,none,True,1.4,4.0,2.5,200.0,224,1591.25,1.091,39.29,3442.16,0.46,52.78,38,72,15.62
11,20,10,inflection_or_zero,none,True,1.4,4.0,2.5,250.0,251,1207.31,1.06,39.04,3041.84,0.4,50.0,36,72,11.6
11,20,10,inflection_or_zero,none,True,1.4,4.5,1.5,0.0,567,-3664.79,0.907,23.28,5627.68,-0.65,33.33,24,72,-14.77
11,20,10,inflection_or_zero,none,True,1.4,4.5,1.5,200.0,303,1844.76,1.104,26.4,3381.62,0.55,51.39,37,72,18.0
11,20,10,inflection_or_zero,none,True,1.4,4.5,1.5,250.0,341,1022.59,1.051,25.51,3336.98,0.31,47.22,34,72,8.79
11,20,10,inflection_or_zero,none,True,1.4,4.5,2.0,0.0,464,-2763.57,0.932,31.03,4144.6,-0.67,30.56,22,72,-12.23
11,20,10,inflection_or_zero,none,True,1.4,4.5,2.0,200.0,248,1259.54,1.069,31.85,3696.6,0.34,50.0,36,72,11.07
11,20,10,inflection_or_zero,none,True,1.4,4.5,2.0,250.0,263,2170.43,1.115,33.08,3249.93,0.67,50.0,36,72,21.23
11,20,10,inflection_or_zero,none,True,1.4,4.5,2.5,0.0,426,-2096.73,0.949,35.92,3767.49,-0.56,36.11,26,72,-11.71
11,20,10,inflection_or_zero,none,True,1.4,4.5,2.5,200.0,218,1151.46,1.064,36.24,4455.5,0.26,51.39,37,72,9.43
11,20,10,inflection_or_zero,none,True,1.4,4.5,2.5,250.0,241,821.79,1.041,36.1,4125.73,0.2,48.61,35,72,6.47
11,20,10,inflection_or_zero,none,True,1.4,5.0,1.5,0.0,528,-3094.95,0.915,22.16,4965.23,-0.62,31.94,23,72,-12.84
11,20,10,inflection_or_zero,none,True,1.4,5.0,1.5,200.0,274,-135.69,0.992,23.36,3787.75,-0.04,45.83,33,72,-1.0
11,20,10,inflection_or_zero,none,True,1.4,5.0,1.5,250.0,304,-84.49,0.995,23.68,3833.49,-0.02,43.06,31,72,-0.58
11,20,10,inflection_or_zero,none,True,1.4,5.0,2.0,0.0,438,-1381.24,0.965,30.37,4199.47,-0.33,37.5,27,72,-7.71
11,20,10,inflection_or_zero,none,True,1.4,5.0,2.0,200.0,218,529.86,1.032,29.82,3720.15,0.14,51.39,37,72,4.61
11,20,10,inflection_or_zero,none,True,1.4,5.0,2.0,250.0,239,1699.69,1.095,31.38,3563.97,0.48,50.0,36,72,15.59
11,20,10,inflection_or_zero,none,True,1.4,5.0,2.5,0.0,410,1254.09,1.032,36.1,2805.71,0.45,40.28,29,72,9.84
11,20,10,inflection_or_zero,none,True,1.4,5.0,2.5,200.0,188,920.07,1.056,35.64,3872.52,0.24,50.0,36,72,7.81
11,20,10,inflection_or_zero,none,True,1.4,5.0,2.5,250.0,217,2403.96,1.132,36.87,3382.67,0.71,50.0,36,72,23.39
11,20,10,inflection_or_zero,none,False,1.5,3.5,1.5,0.0,937,-3393.3,0.94,29.78,4953.36,-0.69,29.17,21,72,-13.22
11,20,10,inflection_or_zero,none,False,1.5,3.5,1.5,200.0,371,1347.81,1.068,30.73,2138.94,0.63,52.78,38,72,16.43
11,20,10,inflection_or_zero,none,False,1.5,3.5,1.5,250.0,449,1134.13,1.046,30.73,2138.94,0.53,48.61,35,72,12.47
11,20,10,inflection_or_zero,none,False,1.5,3.5,2.0,0.0,734,-5769.88,0.897,35.01,7132.72,-0.81,26.39,19,72,-16.17
11,20,10,inflection_or_zero,none,False,1.5,3.5,2.0,200.0,243,776.14,1.046,38.68,2152.15,0.36,52.78,38,72,9.24
11,20,10,inflection_or_zero,none,False,1.5,3.5,2.0,250.0,301,-497.44,0.977,36.88,2640.6,-0.19,45.83,33,72,-4.33
11,20,10,inflection_or_zero,none,False,1.5,3.5,2.5,0.0,651,-9094.23,0.85,38.86,10720.93,-0.85,25.0,18,72,-18.66
11,20,10,inflection_or_zero,none,False,1.5,3.5,2.5,200.0,245,3792.48,1.213,44.49,2011.26,1.89,59.72,43,72,61.26
11,20,10,inflection_or_zero,none,False,1.5,3.5,2.5,250.0,276,2284.7,1.108,43.12,1831.94,1.25,52.78,38,72,31.22
11,20,10,inflection_or_zero,none,False,1.5,4.0,1.5,0.0,835,-5177.72,0.9,26.47,5582.29,-0.93,26.39,19,72,-16.46
11,20,10,inflection_or_zero,none,False,1.5,4.0,1.5,200.0,382,-119.8,0.994,27.23,3491.24,-0.03,48.61,35,72,-0.98
11,20,10,inflection_or_zero,none,False,1.5,4.0,1.5,250.0,416,1229.3,1.053,28.12,2695.38,0.46,47.22,34,72,11.77
11,20,10,inflection_or_zero,none,False,1.5,4.0,2.0,0.0,617,-7088.34,0.856,31.44,7729.04,-0.92,26.39,19,72,-18.21
11,20,10,inflection_or_zero,none,False,1.5,4.0,2.0,200.0,274,-2116.81,0.898,32.12,4346.81,-0.49,44.44,32,72,-12.81
11,20,10,inflection_or_zero,none,False,1.5,4.0,2.0,250.0,302,-2414.91,0.894,32.12,4550.25,-0.53,40.28,29,72,-12.89
11,20,10,inflection_or_zero,none,False,1.5,4.0,2.5,0.0,583,-5027.64,0.908,37.05,7173.78,-0.7,34.72,25,72,-18.71
11,20,10,inflection_or_zero,none,False,1.5,4.0,2.5,200.0,238,2140.01,1.109,41.18,3078.76,0.7,55.56,40,72,23.76
11,20,10,inflection_or_zero,none,False,1.5,4.0,2.5,250.0,268,3466.97,1.161,42.16,3078.76,1.13,54.17,39,72,39.3
11,20,10,inflection_or_zero,none,False,1.5,4.5,1.5,0.0,780,-4747.51,0.908,24.1,6159.76,-0.77,25.0,18,72,-13.73
11,20,10,inflection_or_zero,none,False,1.5,4.5,1.5,200.0,323,1499.25,1.079,25.7,2593.35,0.58,50.0,36,72,15.88
11,20,10,inflection_or_zero,none,False,1.5,4.5,1.5,250.0,368,1641.1,1.076,25.82,3320.63,0.49,45.83,33,72,14.04
11,20,10,inflection_or_zero,none,False,1.5,4.5,2.0,0.0,555,-6159.69,0.867,29.19,6923.18,-0.89,29.17,21,72,-18.72
11,20,10,inflection_or_zero,none,False,1.5,4.5,2.0,200.0,261,-874.42,0.956,30.27,4103.91,-0.21,45.83,33,72,-5.98
11,20,10,inflection_or_zero,none,False,1.5,4.5,2.0,250.0,283,-107.15,0.995,31.45,3647.16,-0.03,44.44,32,72,-0.78
11,20,10,inflection_or_zero,none,False,1.5,4.5,2.5,0.0,507,-7484.61,0.854,33.93,8241.88,-0.91,27.78,20,72,-19.56
11,20,10,inflection_or_zero,none,False,1.5,4.5,2.5,200.0,235,-526.92,0.975,35.32,4143.76,-0.13,48.61,35,72,-3.88
11,20,10,inflection_or_zero,none,False,1.5,4.5,2.5,250.0,255,944.94,1.042,36.86,3179.51,0.3,48.61,35,72,8.49
11,20,10,inflection_or_zero,none,False,1.5,5.0,1.5,0.0,710,-5633.89,0.885,22.11,7200.67,-0.78,20.83,15,72,-12.24
11,20,10,inflection_or_zero,none,False,1.5,5.0,1.5,200.0,288,1435.34,1.082,23.61,3381.5,0.42,50.0,36,72,13.35
11,20,10,inflection_or_zero,none,False,1.5,5.0,1.5,250.0,333,1448.72,1.071,23.42,3693.91,0.39,47.22,34,72,12.05
11,20,10,inflection_or_zero,none,False,1.5,5.0,2.0,0.0,524,-5492.47,0.874,27.29,7898.86,-0.7,25.0,18,72,-13.5
11,20,10,inflection_or_zero,none,False,1.5,5.0,2.0,200.0,250,-293.39,0.985,28.8,3373.23,-0.09,47.22,34,72,-2.35
11,20,10,inflection_or_zero,none,False,1.5,5.0,2.0,250.0,278,-1713.68,0.922,27.7,4841.98,-0.35,41.67,30,72,-9.46
11,20,10,inflection_or_zero,none,False,1.5,5.0,2.5,0.0,466,-4467.43,0.905,32.4,7842.32,-0.57,27.78,20,72,-12.68
11,20,10,inflection_or_zero,none,False,1.5,5.0,2.5,200.0,220,-740.55,0.964,32.73,4265.29,-0.17,47.22,34,72,-5.16
11,20,10,inflection_or_zero,none,False,1.5,5.0,2.5,250.0,235,-896.65,0.96,33.19,3756.79,-0.24,44.44,32,72,-6.24
14,22,10,inflection,ema200,True,1.35,3.5,1.5,0.0,228,1309.49,1.095,32.89,2095.82,0.62,41.67,30,72,13.05
14,22,10,inflection,ema200,True,1.35,3.5,1.5,200.0,190,694.77,1.065,32.11,1659.12,0.42,44.44,32,72,8.07
14,22,10,inflection,ema200,True,1.35,3.5,1.5,250.0,206,1046.1,1.088,32.52,1510.29,0.69,44.44,32,72,13.02
14,22,10,inflection,ema200,True,1.35,3.5,2.0,0.0,205,2204.84,1.155,42.93,2057.53,1.07,54.17,39,72,30.41
14,22,10,inflection,ema200,True,1.35,3.5,2.0,200.0,164,2371.11,1.228,43.29,1793.5,1.32,55.56,40,72,38.2
14,22,10,inflection,ema200,True,1.35,3.5,2.0,250.0,177,2838.43,1.246,43.5,1643.34,1.73,55.56,40,72,48.47
14,22,10,inflection,ema200,True,1.35,3.5,2.5,0.0,195,-1574.48,0.907,43.59,3605.47,-0.44,47.22,34,72,-11.23
14,22,10,inflection,ema200,True,1.35,3.5,2.5,200.0,155,-53.16,0.996,44.52,2614.97,-0.02,50.0,36,72,-0.52
14,22,10,inflection,ema200,True,1.35,3.5,2.5,250.0,167,-93.61,0.993,44.31,2278.62,-0.04,50.0,36,72,-0.97
14,22,10,inflection,ema200,True,1.35,4.0,1.5,0.0,222,1151.45,1.081,29.28,2091.63,0.55,36.11,26,72,9.83
14,22,10,inflection,ema200,True,1.35,4.0,1.5,200.0,183,386.98,1.035,27.87,1591.36,0.24,40.28,29,72,4.04
14,22,10,inflection,ema200,True,1.35,4.0,1.5,250.0,192,601.58,1.052,28.65,1591.36,0.38,40.28,29,72,6.39
14,22,10,inflection,ema200,True,1.35,4.0,2.0,0.0,196,2126.99,1.146,38.78,2105.63,1.01,47.22,34,72,25.08
14,22,10,inflection,ema200,True,1.35,4.0,2.0,200.0,156,2335.16,1.218,39.1,1925.14,1.21,50.0,36,72,32.41
14,22,10,inflection,ema200,True,1.35,4.0,2.0,250.0,168,2511.75,1.217,39.29,1925.14,1.3,48.61,35,72,33.87
14,22,10,inflection,ema200,True,1.35,4.0,2.5,0.0,184,-1241.06,0.927,40.22,3429.82,-0.36,44.44,32,72,-8.73
14,22,10,inflection,ema200,True,1.35,4.0,2.5,200.0,148,-39.21,0.997,40.54,2560.12,-0.02,48.61,35,72,-0.38
14,22,10,inflection,ema200,True,1.35,4.0,2.5,250.0,158,138.23,1.01,41.14,2225.49,0.06,47.22,34,72,1.4
14,22,10,inflection,ema200,True,1.35,4.5,1.5,0.0,216,-336.85,0.976,26.39,1949.3,-0.17,41.67,30,72,-3.1
14,22,10,inflection,ema200,True,1.35,4.5,1.5,200.0,178,274.66,1.025,25.84,1591.36,0.17,44.44,32,72,3.14
14,22,10,inflection,ema200,True,1.35,4.5,1.5,250.0,192,462.25,1.039,26.56,1591.36,0.29,44.44,32,72,5.35
14,22,10,inflection,ema200,True,1.35,4.5,2.0,0.0,196,2964.58,1.198,36.73,2042.13,1.45,51.39,37,72,40.39
14,22,10,inflection,ema200,True,1.35,4.5,2.0,200.0,153,3801.39,1.366,38.56,1925.14,1.97,54.17,39,72,64.11
14,22,10,inflection,ema200,True,1.35,4.5,2.0,250.0,165,3203.25,1.279,37.58,1925.14,1.66,52.78,38,72,49.28
14,22,10,inflection,ema200,True,1.35,4.5,2.5,0.0,183,94.73,1.005,38.8,2703.55,0.04,47.22,34,72,0.86
14,22,10,inflection,ema200,True,1.35,4.5,2.5,200.0,142,1406.84,1.117,40.14,2397.35,0.59,51.39,37,72,16.49
14,22,10,inflection,ema200,True,1.35,4.5,2.5,250.0,155,783.13,1.059,39.35,2397.35,0.33,48.61,35,72,8.23
14,22,10,inflection,ema200,True,1.35,5.0,1.5,0.0,213,171.27,1.012,25.35,2112.45,0.08,43.06,31,72,1.62
14,22,10,inflection,ema200,True,1.35,5.0,1.5,200.0,178,373.1,1.033,25.28,2112.45,0.18,44.44,32,72,3.73
14,22,10,inflection,ema200,True,1.35,5.0,1.5,250.0,180,403.17,1.035,25.56,2112.45,0.19,44.44,32,72,4.03
14,22,10,inflection,ema200,True,1.35,5.0,2.0,0.0,193,1762.5,1.116,33.68,1978.63,0.89,44.44,32,72,19.65
14,22,10,inflection,ema200,True,1.35,5.0,2.0,200.0,151,2846.9,1.257,35.76,1925.14,1.48,50.0,36,72,40.78
14,22,10,inflection,ema200,True,1.35,5.0,2.0,250.0,160,2373.12,1.199,35.0,1925.14,1.23,48.61,35,72,31.52
14,22,10,inflection,ema200,True,1.35,5.0,2.5,0.0,176,-1037.5,0.94,35.8,3022.27,-0.34,44.44,32,72,-7.88
14,22,10,inflection,ema200,True,1.35,5.0,2.5,200.0,137,690.23,1.056,37.96,2780.63,0.25,50.0,36,72,6.91
14,22,10,inflection,ema200,True,1.35,5.0,2.5,250.0,147,175.49,1.013,37.41,2789.7,0.06,48.61,35,72,1.64
14,22,10,inflection,ema200,True,1.4,3.5,1.5,0.0,248,854.41,1.057,31.85,2198.77,0.39,43.06,31,72,8.29
14,22,10,inflection,ema200,True,1.4,3.5,1.5,200.0,208,400.65,1.034,31.25,1684.55,0.24,45.83,33,72,4.63
14,22,10,inflection,ema200,True,1.4,3.5,1.5,250.0,225,666.78,1.051,31.56,1613.24,0.41,45.83,33,72,8.0
14,22,10,inflection,ema200,True,1.4,3.5,2.0,0.0,222,1846.61,1.12,41.89,2057.53,0.9,54.17,39,72,24.7
14,22,10,inflection,ema200,True,1.4,3.5,2.0,200.0,175,2303.58,1.207,42.86,1793.5,1.28,55.56,40,72,36.48
14,22,10,inflection,ema200,True,1.4,3.5,2.0,250.0,189,2658.33,1.215,42.86,1643.34,1.62,55.56,40,72,44.27
14,22,10,inflection,ema200,True,1.4,3.5,2.5,0.0,210,-1695.42,0.906,43.33,3605.47,-0.47,47.22,34,72,-12.08
14,22,10,inflection,ema200,True,1.4,3.5,2.5,200.0,165,-175.0,0.987,44.24,2582.75,-0.07,50.0,36,72,-1.7
14,22,10,inflection,ema200,True,1.4,3.5,2.5,250.0,177,-215.45,0.985,44.07,2278.62,-0.09,50.0,36,72,-2.22
14,22,10,inflection,ema200,True,1.4,4.0,1.5,0.0,243,551.39,1.036,27.98,2194.58,0.25,36.11,26,72,4.4
14,22,10,inflection,ema200,True,1.4,4.0,1.5,200.0,202,-53.39,0.996,26.73,1955.29,-0.03,40.28,29,72,-0.48
14,22,10,inflection,ema200,True,1.4,4.0,1.5,250.0,212,77.28,1.006,27.36,1812.3,0.04,40.28,29,72,0.74
14,22,10,inflection,ema200,True,1.4,4.0,2.0,0.0,213,1454.12,1.092,37.09,2105.63,0.69,45.83,33,72,15.86
14,22,10,inflection,ema200,True,1.4,4.0,2.0,200.0,168,1854.41,1.16,37.5,1925.14,0.96,48.61,35,72,23.83
14,22,10,inflection,ema200,True,1.4,4.0,2.0,250.0,180,1995.6,1.159,37.78,1925.14,1.04,47.22,34,72,24.89
14,22,10,inflection,ema200,True,1.4,4.0,2.5,0.0,199,-1436.45,0.921,39.7,3429.82,-0.42,41.67,30,72,-9.41
14,22,10,inflection,ema200,True,1.4,4.0,2.5,200.0,157,-140.25,0.989,40.13,2560.12,-0.05,45.83,33,72,-1.26
14,22,10,inflection,ema200,True,1.4,4.0,2.5,250.0,168,-100.63,0.993,40.48,2225.49,-0.05,44.44,32,72,-0.94
14,22,10,inflection,ema200,True,1.4,4.5,1.5,0.0,235,-1039.27,0.933,25.11,2052.25,-0.51,43.06,31,72,-9.22
14,22,10,inflection,ema200,True,1.4,4.5,1.5,200.0,193,-133.72,0.989,24.87,1720.4,-0.08,47.22,34,72,-1.51
14,22,10,inflection,ema200,True,1.4,4.5,1.5,250.0,211,-240.17,0.982,25.12,1674.67,-0.14,45.83,33,72,-2.64
14,22,10,inflection,ema200,True,1.4,4.5,2.0,0.0,209,2383.93,1.149,35.41,2042.13,1.17,52.78,38,72,31.99
14,22,10,inflection,ema200,True,1.4,4.5,2.0,200.0,162,3288.89,1.295,37.04,1925.14,1.71,55.56,40,72,53.93
14,22,10,inflection,ema200,True,1.4,4.5,2.0,250.0,175,2579.87,1.208,36.0,1925.14,1.34,54.17,39,72,38.48
14,22,10,inflection,ema200,True,1.4,4.5,2.5,0.0,197,145.17,1.008,38.58,2703.55,0.05,45.83,33,72,1.29
14,22,10,inflection,ema200,True,1.4,4.5,2.5,200.0,152,1288.05,1.1,39.47,2397.35,0.54,50.0,36,72,14.47
14,22,10,inflection,ema200,True,1.4,4.5,2.5,250.0,165,620.1,1.044,38.79,2397.35,0.26,47.22,34,72,6.24
14,22,10,inflection,ema200,True,1.4,5.0,1.5,0.0,232,-472.14,0.969,24.14,2112.45,-0.22,44.44,32,72,-4.42
14,22,10,inflection,ema200,True,1.4,5.0,1.5,200.0,190,234.84,1.019,24.74,2112.45,0.11,47.22,34,72,2.46
14,22,10,inflection,ema200,True,1.4,5.0,1.5,250.0,199,-213.7,0.983,24.12,2112.45,-0.1,45.83,33,72,-2.09
14,22,10,inflection,ema200,True,1.4,5.0,2.0,0.0,206,1234.84,1.076,32.52,1978.63,0.62,45.83,33,72,13.69
14,22,10,inflection,ema200,True,1.4,5.0,2.0,200.0,156,2400.33,1.207,34.62,1925.14,1.25,51.39,37,72,33.93
14,22,10,inflection,ema200,True,1.4,5.0,2.0,250.0,168,1957.0,1.155,33.93,1925.14,1.02,50.0,36,72,25.76
14,22,10,inflection,ema200,True,1.4,5.0,2.5,0.0,190,-865.42,0.952,35.79,3022.27,-0.29,44.44,32,72,-6.66
14,22,10,inflection,ema200,True,1.4,5.0,2.5,200.0,147,647.28,1.049,37.41,2780.63,0.23,50.0,36,72,6.44
14,22,10,inflection,ema200,True,1.4,5.0,2.5,250.0,157,132.54,1.009,36.94,2789.7,0.05,48.61,35,72,1.23
14,22,10,inflection,ema200,False,1.5,3.5,1.5,0.0,543,1166.69,1.037,31.68,3580.94,0.33,38.89,28,72,7.86
14,22,10,inflection,ema200,False,1.5,3.5,1.5,200.0,347,-523.71,0.973,30.84,2001.97,-0.26,50.0,36,72,-5.69
14,22,10,inflection,ema200,False,1.5,3.5,1.5,250.0,383,-1638.73,0.925,30.29,3460.73,-0.47,43.06,31,72,-11.1
14,22,10,inflection,ema200,False,1.5,3.5,2.0,0.0,472,-1446.52,0.958,37.5,4177.96,-0.35,45.83,33,72,-9.83
14,22,10,inflection,ema200,False,1.5,3.5,2.0,200.0,283,1098.0,1.06,38.52,2821.7,0.39,56.94,41,72,12.48
14,22,10,inflection,ema200,False,1.5,3.5,2.0,250.0,326,1830.51,1.087,39.26,3008.73,0.61,54.17,39,72,19.65
14,22,10,inflection,ema200,False,1.5,3.5,2.5,0.0,413,1117.01,1.032,42.13,5450.59,0.2,41.67,30,72,6.51
14,22,10,inflection,ema200,False,1.5,3.5,2.5,200.0,255,455.33,1.024,43.92,4313.06,0.11,54.17,39,72,3.85
14,22,10,inflection,ema200,False,1.5,3.5,2.5,250.0,282,553.05,1.026,43.62,4092.91,0.14,50.0,36,72,4.43
14,22,10,inflection,ema200,False,1.5,4.0,1.5,0.0,512,637.98,1.02,28.12,4433.09,0.14,38.89,28,72,3.8
14,22,10,inflection,ema200,False,1.5,4.0,1.5,200.0,327,102.16,1.006,27.83,2884.51,0.04,47.22,34,72,0.9
14,22,10,inflection,ema200,False,1.5,4.0,1.5,250.0,346,-59.65,0.997,28.32,2884.51,-0.02,45.83,33,72,-0.51
14,22,10,inflection,ema200,False,1.5,4.0,2.0,0.0,429,-2990.34,0.91,33.33,4757.32,-0.63,36.11,26,72,-14.25
14,22,10,inflection,ema200,False,1.5,4.0,2.0,200.0,246,32.27,1.002,34.96,1945.53,0.02,51.39,37,72,0.38
14,22,10,inflection,ema200,False,1.5,4.0,2.0,250.0,286,-450.38,0.978,34.62,3254.41,-0.14,45.83,33,72,-3.54
14,22,10,inflection,ema200,False,1.5,4.0,2.5,0.0,389,2321.63,1.067,39.33,5749.33,0.4,40.28,29,72,13.16
14,22,10,inflection,ema200,False,1.5,4.0,2.5,200.0,221,487.71,1.027,41.18,3023.48,0.16,54.17,39,72,4.93
14,22,10,inflection,ema200,False,1.5,4.0,2.5,250.0,249,-1109.46,0.946,39.36,4577.82,-0.24,45.83,33,72,-7.11
14,22,10,inflection,ema200,False,1.5,4.5,1.5,0.0,506,-518.15,0.984,25.3,4969.3,-0.1,38.89,28,72,-2.81
14,22,10,inflection,ema200,False,1.5,4.5,1.5,200.0,318,-1336.95,0.93,24.21,3332.05,-0.4,45.83,33,72,-9.87
14,22,10,inflection,ema200,False,1.5,4.5,1.5,250.0,342,-768.59,0.962,24.56,3332.05,-0.23,44.44,32,72,-5.69
14,22,10,inflection,ema200,False,1.5,4.5,2.0,0.0,421,-2717.42,0.92,30.64,4815.62,-0.56,43.06,31,72,-15.51
14,22,10,inflection,ema200,False,1.5,4.5,2.0,200.0,240,229.94,1.013,31.67,2036.6,0.11,54.17,39,72,2.8
14,22,10,inflection,ema200,False,1.5,4.5,2.0,250.0,257,874.12,1.046,32.68,1798.19,0.49,54.17,39,72,11.68
14,22,10,inflection,ema200,False,1.5,4.5,2.5,0.0,361,-1269.4,0.963,34.63,6727.81,-0.19,37.5,27,72,-5.59
14,22,10,inflection,ema200,False,1.5,4.5,2.5,200.0,208,-877.99,0.952,35.1,3295.65,-0.27,50.0,36,72,-7.28
14,22,10,inflection,ema200,False,1.5,4.5,2.5,250.0,222,451.33,1.024,37.39,3383.46,0.13,50.0,36,72,3.97
14,22,10,inflection,ema200,False,1.5,5.0,1.5,0.0,500,-135.02,0.996,23.8,5343.84,-0.03,38.89,28,72,-0.72
14,22,10,inflection,ema200,False,1.5,5.0,1.5,200.0,313,-1187.23,0.938,22.36,3097.67,-0.38,45.83,33,72,-9.17
14,22,10,inflection,ema200,False,1.5,5.0,1.5,250.0,328,-605.33,0.969,23.48,3097.67,-0.2,45.83,33,72,-4.83
14,22,10,inflection,ema200,False,1.5,5.0,2.0,0.0,413,-1552.6,0.955,29.54,4390.85,-0.35,44.44,32,72,-9.94
14,22,10,inflection,ema200,False,1.5,5.0,2.0,200.0,228,380.79,1.022,29.39,1664.68,0.23,51.39,37,72,4.9
14,22,10,inflection,ema200,False,1.5,5.0,2.0,250.0,249,1388.49,1.076,30.92,1664.68,0.83,51.39,37,72,18.82
14,22,10,inflection,ema200,False,1.5,5.0,2.5,0.0,363,-1217.12,0.966,32.51,6330.09,-0.19,34.72,25,72,-5.13
14,22,10,inflection,ema200,False,1.5,5.0,2.5,200.0,210,-441.97,0.976,33.33,1988.94,-0.22,50.0,36,72,-4.84
14,22,10,inflection,ema200,False,1.5,5.0,2.5,250.0,236,-630.01,0.97,33.47,2506.56,-0.25,45.83,33,72,-5.59
14,22,10,inflection,ema50,True,1.35,3.5,1.5,0.0,206,617.7,1.051,33.5,2143.72,0.29,41.67,30,72,5.84
14,22,10,inflection,ema50,True,1.35,3.5,1.5,200.0,174,9.16,1.001,32.76,2047.85,0.0,43.06,31,72,0.09
14,22,10,inflection,ema50,True,1.35,3.5,1.5,250.0,184,316.26,1.029,33.15,1592.85,0.2,43.06,31,72,3.51
14,22,10,inflection,ema50,True,1.35,3.5,2.0,0.0,187,1451.33,1.114,43.85,2325.55,0.62,51.39,37,72,17.23
14,22,10,inflection,ema50,True,1.35,3.5,2.0,200.0,154,1307.73,1.129,43.51,1558.24,0.84,52.78,38,72,19.74
14,22,10,inflection,ema50,True,1.35,3.5,2.0,250.0,167,1794.56,1.162,44.31,1498.51,1.2,52.78,38,72,28.43
14,22,10,inflection,ema50,True,1.35,3.5,2.5,0.0,180,-451.86,0.969,46.67,3160.12,-0.14,50.0,36,72,-3.89
14,22,10,inflection,ema50,True,1.35,3.5,2.5,200.0,149,-34.66,0.997,46.98,2273.43,-0.02,51.39,37,72,-0.37
14,22,10,inflection,ema50,True,1.35,3.5,2.5,250.0,160,-89.46,0.993,46.88,2273.43,-0.04,51.39,37,72,-0.96
14,22,10,inflection,ema50,True,1.35,4.0,1.5,0.0,202,39.68,1.003,29.21,2215.59,0.02,37.5,27,72,0.32
14,22,10,inflection,ema50,True,1.35,4.0,1.5,200.0,167,-754.66,0.926,27.54,2493.23,-0.3,40.28,29,72,-5.64
14,22,10,inflection,ema50,True,1.35,4.0,1.5,250.0,171,-642.0,0.939,28.07,2368.25,-0.27,40.28,29,72,-4.99
14,22,10,inflection,ema50,True,1.35,4.0,2.0,0.0,180,760.78,1.057,38.33,2226.21,0.34,47.22,34,72,8.05
14,22,10,inflection,ema50,True,1.35,4.0,2.0,200.0,148,843.32,1.08,37.84,1526.69,0.55,47.22,34,72,11.01
14,22,10,inflection,ema50,True,1.35,4.0,2.0,250.0,156,952.75,1.087,38.46,1526.69,0.62,47.22,34,72,12.52
14,22,10,inflection,ema50,True,1.35,4.0,2.5,0.0,174,-1205.76,0.921,41.38,3115.78,-0.39,45.83,33,72,-9.12
14,22,10,inflection,ema50,True,1.35,4.0,2.5,200.0,142,-540.74,0.955,41.55,2425.16,-0.22,47.22,34,72,-4.95
14,22,10,inflection,ema50,True,1.35,4.0,2.5,250.0,151,-713.27,0.944,41.72,2425.16,-0.29,47.22,34,72,-6.46
14,22,10,inflection,ema50,True,1.35,4.5,1.5,0.0,200,-939.44,0.929,26.0,2374.53,-0.4,37.5,27,72,-6.72
14,22,10,inflection,ema50,True,1.35,4.5,1.5,200.0,168,-797.82,0.925,25.0,2439.48,-0.33,40.28,29,72,-6.02
14,22,10,inflection,ema50,True,1.35,4.5,1.5,250.0,172,-648.81,0.94,25.58,2298.49,-0.28,40.28,29,72,-5.12
14,22,10,inflection,ema50,True,1.35,4.5,2.0,0.0,180,709.1,1.051,35.0,2334.7,0.3,44.44,32,72,6.85
14,22,10,inflection,ema50,True,1.35,4.5,2.0,200.0,148,690.31,1.063,34.46,1914.48,0.36,44.44,32,72,7.45
14,22,10,inflection,ema50,True,1.35,4.5,2.0,250.0,154,1293.45,1.116,35.71,1914.48,0.68,44.44,32,72,14.66
14,22,10,inflection,ema50,True,1.35,4.5,2.5,0.0,172,-1081.83,0.931,38.37,3241.23,-0.33,43.06,31,72,-7.62
14,22,10,inflection,ema50,True,1.35,4.5,2.5,200.0,139,-640.12,0.947,38.13,2608.73,-0.25,43.06,31,72,-5.11
14,22,10,inflection,ema50,True,1.35,4.5,2.5,250.0,146,50.5,1.004,39.73,2608.73,0.02,43.06,31,72,0.43
14,22,10,inflection,ema50,True,1.35,5.0,1.5,0.0,200,223.47,1.017,25.5,2159.41,0.1,38.89,28,72,1.9
14,22,10,inflection,ema50,True,1.35,5.0,1.5,200.0,167,36.56,1.003,24.55,2121.0,0.02,41.67,30,72,0.33
14,22,10,inflection,ema50,True,1.35,5.0,1.5,250.0,169,195.15,1.018,24.85,1916.15,0.1,41.67,30,72,1.89
14,22,10,inflection,ema50,True,1.35,5.0,2.0,0.0,178,838.94,1.06,33.15,2183.99,0.38,43.06,31,72,8.19
14,22,10,inflection,ema50,True,1.35,5.0,2.0,200.0,142,1096.31,1.102,33.1,1914.48,0.57,44.44,32,72,12.27
14,22,10,inflection,ema50,True,1.35,5.0,2.0,250.0,148,1571.05,1.142,33.78,1914.48,0.82,44.44,32,72,18.22
14,22,10,inflection,ema50,True,1.35,5.0,2.5,0.0,170,-585.3,0.963,37.06,3330.24,-0.18,43.06,31,72,-4.21
14,22,10,inflection,ema50,True,1.35,5.0,2.5,200.0,134,528.98,1.045,38.06,2553.92,0.21,45.83,33,72,5.01
14,22,10,inflection,ema50,True,1.35,5.0,2.5,250.0,141,1099.0,1.09,39.01,2553.92,0.43,44.44,32,72,10.53
14,22,10,inflection,ema50,True,1.4,3.5,1.5,0.0,206,617.7,1.051,33.5,2143.72,0.29,41.67,30,72,5.84
14,22,10,inflection,ema50,True,1.4,3.5,1.5,200.0,174,9.16,1.001,32.76,2047.85,0.0,43.06,31,72,0.09
14,22,10,inflection,ema50,True,1.4,3.5,1.5,250.0,184,316.26,1.029,33.15,1592.85,0.2,43.06,31,72,3.51
14,22,10,inflection,ema50,True,1.4,3.5,2.0,0.0,187,1451.33,1.114,43.85,2325.55,0.62,51.39,37,72,17.23
14,22,10,inflection,ema50,True,1.4,3.5,2.0,200.0,154,1307.73,1.129,43.51,1558.24,0.84,52.78,38,72,19.74
14,22,10,inflection,ema50,True,1.4,3.5,2.0,250.0,167,1794.56,1.162,44.31,1498.51,1.2,52.78,38,72,28.43
14,22,10,inflection,ema50,True,1.4,3.5,2.5,0.0,180,-451.86,0.969,46.67,3160.12,-0.14,50.0,36,72,-3.89
14,22,10,inflection,ema50,True,1.4,3.5,2.5,200.0,149,-34.66,0.997,46.98,2273.43,-0.02,51.39,37,72,-0.37
14,22,10,inflection,ema50,True,1.4,3.5,2.5,250.0,160,-89.46,0.993,46.88,2273.43,-0.04,51.39,37,72,-0.96
14,22,10,inflection,ema50,True,1.4,4.0,1.5,0.0,202,39.68,1.003,29.21,2215.59,0.02,37.5,27,72,0.32
14,22,10,inflection,ema50,True,1.4,4.0,1.5,200.0,167,-754.66,0.926,27.54,2493.23,-0.3,40.28,29,72,-5.64
14,22,10,inflection,ema50,True,1.4,4.0,1.5,250.0,171,-642.0,0.939,28.07,2368.25,-0.27,40.28,29,72,-4.99
14,22,10,inflection,ema50,True,1.4,4.0,2.0,0.0,180,760.78,1.057,38.33,2226.21,0.34,47.22,34,72,8.05
14,22,10,inflection,ema50,True,1.4,4.0,2.0,200.0,148,843.32,1.08,37.84,1526.69,0.55,47.22,34,72,11.01
14,22,10,inflection,ema50,True,1.4,4.0,2.0,250.0,156,952.75,1.087,38.46,1526.69,0.62,47.22,34,72,12.52
14,22,10,inflection,ema50,True,1.4,4.0,2.5,0.0,174,-1205.76,0.921,41.38,3115.78,-0.39,45.83,33,72,-9.12
14,22,10,inflection,ema50,True,1.4,4.0,2.5,200.0,142,-540.74,0.955,41.55,2425.16,-0.22,47.22,34,72,-4.95
14,22,10,inflection,ema50,True,1.4,4.0,2.5,250.0,151,-713.27,0.944,41.72,2425.16,-0.29,47.22,34,72,-6.46
14,22,10,inflection,ema50,True,1.4,4.5,1.5,0.0,200,-939.44,0.929,26.0,2374.53,-0.4,37.5,27,72,-6.72
14,22,10,inflection,ema50,True,1.4,4.5,1.5,200.0,168,-797.82,0.925,25.0,2439.48,-0.33,40.28,29,72,-6.02
14,22,10,inflection,ema50,True,1.4,4.5,1.5,250.0,172,-648.81,0.94,25.58,2298.49,-0.28,40.28,29,72,-5.12
14,22,10,inflection,ema50,True,1.4,4.5,2.0,0.0,180,709.1,1.051,35.0,2334.7,0.3,44.44,32,72,6.85
14,22,10,inflection,ema50,True,1.4,4.5,2.0,200.0,148,690.31,1.063,34.46,1914.48,0.36,44.44,32,72,7.45
14,22,10,inflection,ema50,True,1.4,4.5,2.0,250.0,154,1293.45,1.116,35.71,1914.48,0.68,44.44,32,72,14.66
14,22,10,inflection,ema50,True,1.4,4.5,2.5,0.0,172,-1081.83,0.931,38.37,3241.23,-0.33,43.06,31,72,-7.62
14,22,10,inflection,ema50,True,1.4,4.5,2.5,200.0,139,-640.12,0.947,38.13,2608.73,-0.25,43.06,31,72,-5.11
14,22,10,inflection,ema50,True,1.4,4.5,2.5,250.0,146,50.5,1.004,39.73,2608.73,0.02,43.06,31,72,0.43
14,22,10,inflection,ema50,True,1.4,5.0,1.5,0.0,200,223.47,1.017,25.5,2159.41,0.1,38.89,28,72,1.9
14,22,10,inflection,ema50,True,1.4,5.0,1.5,200.0,167,36.56,1.003,24.55,2121.0,0.02,41.67,30,72,0.33
14,22,10,inflection,ema50,True,1.4,5.0,1.5,250.0,169,195.15,1.018,24.85,1916.15,0.1,41.67,30,72,1.89
14,22,10,inflection,ema50,True,1.4,5.0,2.0,0.0,178,838.94,1.06,33.15,2183.99,0.38,43.06,31,72,8.19
14,22,10,inflection,ema50,True,1.4,5.0,2.0,200.0,142,1096.31,1.102,33.1,1914.48,0.57,44.44,32,72,12.27
14,22,10,inflection,ema50,True,1.4,5.0,2.0,250.0,148,1571.05,1.142,33.78,1914.48,0.82,44.44,32,72,18.22
14,22,10,inflection,ema50,True,1.4,5.0,2.5,0.0,170,-585.3,0.963,37.06,3330.24,-0.18,43.06,31,72,-4.21
14,22,10,inflection,ema50,True,1.4,5.0,2.5,200.0,134,528.98,1.045,38.06,2553.92,0.21,45.83,33,72,5.01
14,22,10,inflection,ema50,True,1.4,5.0,2.5,250.0,141,1099.0,1.09,39.01,2553.92,0.43,44.44,32,72,10.53
14,22,10,inflection,ema50,False,1.5,3.5,1.5,0.0,435,-3777.64,0.861,28.05,4456.43,-0.85,29.17,21,72,-14.21
14,22,10,inflection,ema50,False,1.5,3.5,1.5,200.0,323,-4676.22,0.765,26.93,5125.9,-0.91,37.5,27,72,-18.74
14,22,10,inflection,ema50,False,1.5,3.5,1.5,250.0,338,-4482.3,0.784,26.92,4767.0,-0.94,36.11,26,72,-18.38
14,22,10,inflection,ema50,False,1.5,3.5,2.0,0.0,365,-6797.84,0.76,32.88,7206.24,-0.94,29.17,21,72,-17.75
14,22,10,inflection,ema50,False,1.5,3.5,2.0,200.0,255,-4087.48,0.788,33.33,4621.21,-0.88,44.44,32,72,-21.06
14,22,10,inflection,ema50,False,1.5,3.5,2.0,250.0,282,-4212.3,0.799,33.69,4540.66,-0.93,38.89,28,72,-19.42
14,22,10,inflection,ema50,False,1.5,3.5,2.5,0.0,342,-4258.62,0.854,39.77,4821.01,-0.88,27.78,20,72,-14.55
14,22,10,inflection,ema50,False,1.5,3.5,2.5,200.0,222,-2901.55,0.843,39.19,4645.47,-0.62,44.44,32,72,-15.95
14,22,10,inflection,ema50,False,1.5,3.5,2.5,250.0,253,-3197.84,0.847,39.13,5498.26,-0.58,38.89,28,72,-14.21
14,22,10,inflection,ema50,False,1.5,4.0,1.5,0.0,408,-3655.21,0.864,25.49,4919.12,-0.74,29.17,21,72,-13.13
14,22,10,inflection,ema50,False,1.5,4.0,1.5,200.0,309,-5394.35,0.729,22.98,5629.27,-0.96,37.5,27,72,-19.65
14,22,10,inflection,ema50,False,1.5,4.0,1.5,250.0,326,-5625.25,0.733,23.31,5958.17,-0.94,34.72,25,72,-18.55
14,22,10,inflection,ema50,False,1.5,4.0,2.0,0.0,336,-7888.21,0.723,29.17,8376.98,-0.94,26.39,19,72,-16.44
14,22,10,inflection,ema50,False,1.5,4.0,2.0,200.0,249,-5359.7,0.737,28.92,5638.31,-0.95,37.5,27,72,-19.73
14,22,10,inflection,ema50,False,1.5,4.0,2.0,250.0,264,-4925.35,0.767,29.92,5420.57,-0.91,36.11,26,72,-18.53
14,22,10,inflection,ema50,False,1.5,4.0,2.5,0.0,314,-4490.9,0.845,36.31,5190.01,-0.87,26.39,19,72,-13.9
14,22,10,inflection,ema50,False,1.5,4.0,2.5,200.0,221,-2860.12,0.85,36.2,5010.15,-0.57,43.06,31,72,-14.79
14,22,10,inflection,ema50,False,1.5,4.0,2.5,250.0,233,-2653.53,0.867,36.48,5062.84,-0.52,41.67,30,72,-13.47
14,22,10,inflection,ema50,False,1.5,4.5,1.5,0.0,402,-2779.05,0.897,23.88,4824.79,-0.58,31.94,23,72,-11.46
14,22,10,inflection,ema50,False,1.5,4.5,1.5,200.0,286,-4149.12,0.774,21.68,5008.4,-0.83,40.28,29,72,-18.28
14,22,10,inflection,ema50,False,1.5,4.5,1.5,250.0,309,-4521.17,0.775,21.68,5586.29,-0.81,37.5,27,72,-17.58
14,22,10,inflection,ema50,False,1.5,4.5,2.0,0.0,335,-7598.18,0.74,26.87,8167.31,-0.93,27.78,20,72,-17.28
14,22,10,inflection,ema50,False,1.5,4.5,2.0,200.0,241,-4714.65,0.761,26.56,5540.42,-0.85,38.89,28,72,-18.75
14,22,10,inflection,ema50,False,1.5,4.5,2.0,250.0,260,-4950.95,0.769,26.92,5355.35,-0.92,36.11,26,72,-18.79
14,22,10,inflection,ema50,False,1.5,4.5,2.5,0.0,304,-4938.27,0.834,32.89,5973.13,-0.83,30.56,22,72,-16.29
14,22,10,inflection,ema50,False,1.5,4.5,2.5,200.0,208,-3279.21,0.826,33.17,5363.92,-0.61,43.06,31,72,-15.93
14,22,10,inflection,ema50,False,1.5,4.5,2.5,250.0,223,-2901.85,0.856,33.63,5686.09,-0.51,41.67,30,72,-13.73
14,22,10,inflection,ema50,False,1.5,5.0,1.5,0.0,411,-1351.87,0.952,22.63,4613.96,-0.29,34.72,25,72,-6.58
14,22,10,inflection,ema50,False,1.5,5.0,1.5,200.0,265,-3201.76,0.816,20.75,4065.27,-0.79,41.67,30,72,-17.07
14,22,10,inflection,ema50,False,1.5,5.0,1.5,250.0,298,-3402.74,0.824,21.14,4556.83,-0.75,38.89,28,72,-16.15
14,22,10,inflection,ema50,False,1.5,5.0,2.0,0.0,328,-8253.36,0.72,24.7,8902.84,-0.93,27.78,20,72,-17.5
14,22,10,inflection,ema50,False,1.5,5.0,2.0,200.0,225,-3136.57,0.831,26.22,4289.15,-0.73,41.67,30,72,-16.58
14,22,10,inflection,ema50,False,1.5,5.0,2.0,250.0,246,-3298.23,0.837,26.42,4591.17,-0.72,37.5,27,72,-15.28
14,22,10,inflection,ema50,False,1.5,5.0,2.5,0.0,298,-6372.9,0.791,29.53,7182.96,-0.89,29.17,21,72,-17.35
14,22,10,inflection,ema50,False,1.5,5.0,2.5,200.0,189,-1540.09,0.91,32.28,4450.46,-0.35,47.22,34,72,-9.92
14,22,10,inflection,ema50,False,1.5,5.0,2.5,250.0,216,-2870.08,0.857,31.48,5303.75,-0.54,41.67,30,72,-14.07
14,22,10,inflection,none,True,1.35,3.5,1.5,0.0,485,-2153.38,0.93,29.69,5601.91,-0.38,33.33,24,72,-8.92
14,22,10,inflection,none,True,1.35,3.5,1.5,200.0,308,-487.87,0.971,29.55,3708.3,-0.13,47.22,34,72,-3.67
14,22,10,inflection,none,True,1.35,3.5,1.5,250.0,343,-2249.73,0.887,28.57,4960.76,-0.45,41.67,30,72,-11.81
14,22,10,inflection,none,True,1.35,3.5,2.0,0.0,443,-1421.07,0.958,37.47,4354.31,-0.33,36.11,26,72,-7.45
14,22,10,inflection,none,True,1.35,3.5,2.0,200.0,237,3020.99,1.209,41.77,1551.15,1.95,59.72,43,72,55.38
14,22,10,inflection,none,True,1.35,3.5,2.0,250.0,294,203.99,1.01,38.1,3563.84,0.06,50.0,36,72,1.73
14,22,10,inflection,none,True,1.35,3.5,2.5,0.0,386,-6290.98,0.825,39.64,7814.35,-0.81,27.78,20,72,-16.31
14,22,10,inflection,none,True,1.35,3.5,2.5,200.0,208,-119.51,0.992,42.31,3941.94,-0.03,52.78,38,72,-1.0
14,22,10,inflection,none,True,1.35,3.5,2.5,250.0,243,-3319.36,0.837,38.68,6212.01,-0.53,41.67,30,72,-14.69
14,22,10,inflection,none,True,1.35,4.0,1.5,0.0,471,-453.44,0.985,27.6,5113.44,-0.09,36.11,26,72,-2.26
14,22,10,inflection,none,True,1.35,4.0,1.5,200.0,313,731.47,1.042,27.48,3596.92,0.2,47.22,34,72,6.0
14,22,10,inflection,none,True,1.35,4.0,1.5,250.0,321,534.07,1.029,27.41,3794.32,0.14,45.83,33,72,4.09
14,22,10,inflection,none,True,1.35,4.0,2.0,0.0,411,124.86,1.004,35.04,4164.41,0.03,37.5,27,72,0.73
14,22,10,inflection,none,True,1.35,4.0,2.0,200.0,230,3969.55,1.27,39.13,2121.45,1.87,58.33,42,72,63.84
14,22,10,inflection,none,True,1.35,4.0,2.0,250.0,253,2959.93,1.178,37.15,2857.35,1.04,54.17,39,72,35.33
14,22,10,inflection,none,True,1.35,4.0,2.5,0.0,368,-4633.18,0.871,36.96,6517.04,-0.71,29.17,21,72,-14.58
14,22,10,inflection,none,True,1.35,4.0,2.5,200.0,200,617.34,1.039,39.5,3848.84,0.16,50.0,36,72,5.17
14,22,10,inflection,none,True,1.35,4.0,2.5,250.0,221,-437.46,0.976,38.01,5189.59,-0.08,44.44,32,72,-2.63
14,22,10,inflection,none,True,1.35,4.5,1.5,0.0,464,-749.19,0.976,25.43,4753.42,-0.16,36.11,26,72,-3.83
14,22,10,inflection,none,True,1.35,4.5,1.5,200.0,316,786.57,1.042,25.63,2535.8,0.31,47.22,34,72,7.69
14,22,10,inflection,none,True,1.35,4.5,1.5,250.0,331,1027.3,1.053,25.68,2835.31,0.36,45.83,33,72,9.31
14,22,10,inflection,none,True,1.35,4.5,2.0,0.0,398,-1429.81,0.958,31.91,4002.01,-0.36,37.5,27,72,-8.12
14,22,10,inflection,none,True,1.35,4.5,2.0,200.0,220,3370.06,1.225,35.91,2264.28,1.49,55.56,40,72,48.2
14,22,10,inflection,none,True,1.35,4.5,2.0,250.0,233,3037.54,1.191,35.19,2584.57,1.18,52.78,38,72,37.56
14,22,10,inflection,none,True,1.35,4.5,2.5,0.0,359,-4432.62,0.877,34.54,5409.22,-0.82,31.94,23,72,-16.88
14,22,10,inflection,none,True,1.35,4.5,2.5,200.0,194,1749.76,1.111,38.14,3035.21,0.58,52.78,38,72,18.62
14,22,10,inflection,none,True,1.35,4.5,2.5,250.0,208,1455.11,1.086,37.98,3132.55,0.46,50.0,36,72,14.12
14,22,10,inflection,none,True,1.35,5.0,1.5,0.0,451,-18.46,0.999,24.17,4031.04,-0.0,37.5,27,72,-0.11
14,22,10,inflection,none,True,1.35,5.0,1.5,200.0,280,1824.19,1.11,25.71,1227.41,1.49,52.78,38,72,30.5
14,22,10,inflection,none,True,1.35,5.0,1.5,250.0,328,966.07,1.049,24.7,2183.84,0.44,45.83,33,72,9.94
14,22,10,inflection,none,True,1.35,5.0,2.0,0.0,379,-792.32,0.975,29.82,4396.96,-0.18,41.67,30,72,-4.85
14,22,10,inflection,none,True,1.35,5.0,2.0,200.0,198,2164.15,1.15,33.33,1986.68,1.09,55.56,40,72,31.02
14,22,10,inflection,none,True,1.35,5.0,2.0,250.0,224,2325.69,1.144,33.04,1986.68,1.17,52.78,38,72,31.51
14,22,10,inflection,none,True,1.35,5.0,2.5,0.0,340,-4106.89,0.881,32.35,5649.33,-0.73,30.56,22,72,-14.71
14,22,10,inflection,none,True,1.35,5.0,2.5,200.0,180,618.16,1.039,35.56,2421.73,0.26,50.0,36,72,6.53
14,22,10,inflection,none,True,1.35,5.0,2.5,250.0,196,1131.76,1.067,36.22,2471.48,0.46,47.22,34,72,11.47
14,22,10,inflection,none,True,1.4,3.5,1.5,0.0,550,-1894.05,0.945,29.45,5455.81,-0.35,36.11,26,72,-8.75
14,22,10,inflection,none,True,1.4,3.5,1.5,200.0,342,1040.55,1.059,30.99,2639.9,0.39,52.78,38,72,11.32
14,22,10,inflection,none,True,1.4,3.5,1.5,250.0,399,-1552.72,0.929,29.07,4574.22,-0.34,44.44,32,72,-9.48
14,22,10,inflection,none,True,1.4,3.5,2.0,0.0,482,-3275.06,0.912,35.48,5749.8,-0.57,37.5,27,72,-14.77
14,22,10,inflection,none,True,1.4,3.5,2.0,200.0,259,2957.29,1.188,40.15,1317.33,2.24,59.72,43,72,57.81
14,22,10,inflection,none,True,1.4,3.5,2.0,250.0,319,-766.77,0.965,36.05,4229.39,-0.18,48.61,35,72,-5.53
14,22,10,inflection,none,True,1.4,3.5,2.5,0.0,410,-5242.14,0.86,39.51,6926.78,-0.76,29.17,21,72,-15.8
14,22,10,inflection,none,True,1.4,3.5,2.5,200.0,235,364.22,1.021,41.7,3112.16,0.12,54.17,39,72,3.61
14,22,10,inflection,none,True,1.4,3.5,2.5,250.0,269,-3008.4,0.862,38.29,5584.63,-0.54,44.44,32,72,-15.42
14,22,10,inflection,none,True,1.4,4.0,1.5,0.0,526,-1230.82,0.964,26.62,5781.22,-0.21,34.72,25,72,-5.42
14,22,10,inflection,none,True,1.4,4.0,1.5,200.0,344,525.43,1.028,27.03,3459.11,0.15,45.83,33,72,4.21
14,22,10,inflection,none,True,1.4,4.0,1.5,250.0,359,-72.03,0.996,26.74,4056.57,-0.02,44.44,32,72,-0.5
14,22,10,inflection,none,True,1.4,4.0,2.0,0.0,446,-2767.36,0.923,32.51,5347.3,-0.52,30.56,22,72,-10.67
14,22,10,inflection,none,True,1.4,4.0,2.0,200.0,242,1914.29,1.121,35.54,2533.82,0.76,51.39,37,72,21.91
14,22,10,inflection,none,True,1.4,4.0,2.0,250.0,270,1940.17,1.108,35.19,3350.08,0.58,48.61,35,72,18.05
14,22,10,inflection,none,True,1.4,4.0,2.5,0.0,390,-6937.11,0.819,35.13,8404.3,-0.83,26.39,19,72,-16.36
14,22,10,inflection,none,True,1.4,4.0,2.5,200.0,213,1442.65,1.089,39.44,2933.0,0.49,54.17,39,72,15.71
14,22,10,inflection,none,True,1.4,4.0,2.5,250.0,254,-744.78,0.964,37.01,5306.26,-0.14,45.83,33,72,-4.52
14,22,10,inflection,none,True,1.4,4.5,1.5,0.0,526,-676.62,0.981,24.9,5444.24,-0.12,34.72,25,72,-3.12
14,22,10,inflection,none,True,1.4,4.5,1.5,200.0,335,1555.7,1.082,25.67,2424.03,0.64,47.22,34,72,16.14
14,22,10,inflection,none,True,1.4,4.5,1.5,250.0,352,907.13,1.045,25.0,3072.6,0.3,44.44,32,72,7.6
14,22,10,inflection,none,True,1.4,4.5,2.0,0.0,438,-3412.3,0.908,30.37,4825.62,-0.71,37.5,27,72,-16.73
14,22,10,inflection,none,True,1.4,4.5,2.0,200.0,231,2706.38,1.171,34.2,1986.45,1.36,55.56,40,72,39.51
14,22,10,inflection,none,True,1.4,4.5,2.0,250.0,248,2691.0,1.161,33.87,1907.87,1.41,54.17,39,72,38.75
14,22,10,inflection,none,True,1.4,4.5,2.5,0.0,387,-4879.45,0.874,33.85,6462.87,-0.75,34.72,25,72,-18.42
14,22,10,inflection,none,True,1.4,4.5,2.5,200.0,189,1813.58,1.119,37.57,2680.98,0.68,55.56,40,72,21.78
14,22,10,inflection,none,True,1.4,4.5,2.5,250.0,215,2368.72,1.141,38.14,2321.96,1.02,54.17,39,72,30.38
14,22,10,inflection,none,True,1.4,5.0,1.5,0.0,486,-3505.48,0.894,22.02,5023.87,-0.7,31.94,23,72,-14.12
14,22,10,inflection,none,True,1.4,5.0,1.5,200.0,290,668.72,1.039,24.14,2322.0,0.29,50.0,36,72,7.21
14,22,10,inflection,none,True,1.4,5.0,1.5,250.0,340,531.03,1.026,23.53,2281.19,0.23,44.44,32,72,5.07
14,22,10,inflection,none,True,1.4,5.0,2.0,0.0,397,-4548.73,0.866,27.71,6306.44,-0.72,33.33,24,72,-16.53
14,22,10,inflection,none,True,1.4,5.0,2.0,200.0,208,1306.24,1.084,31.25,2266.5,0.58,52.78,38,72,15.7
14,22,10,inflection,none,True,1.4,5.0,2.0,250.0,230,1368.81,1.081,30.87,2060.83,0.66,50.0,36,72,16.3
14,22,10,inflection,none,True,1.4,5.0,2.5,0.0,364,-4836.38,0.868,31.87,6587.84,-0.73,33.33,24,72,-17.24
14,22,10,inflection,none,True,1.4,5.0,2.5,200.0,179,160.67,1.01,34.08,2601.28,0.06,51.39,37,72,1.64
14,22,10,inflection,none,True,1.4,5.0,2.5,250.0,197,1029.79,1.061,35.03,2046.04,0.5,50.0,36,72,12.08
14,22,10,inflection,none,False,1.5,3.5,1.5,0.0,872,-9887.19,0.818,26.26,10583.88,-0.93,13.89,10,72,-10.92
14,22,10,inflection,none,False,1.5,3.5,1.5,200.0,442,-2100.38,0.914,28.05,4640.31,-0.45,45.83,33,72,-12.92
14,22,10,inflection,none,False,1.5,3.5,1.5,250.0,534,-4684.66,0.844,26.4,6601.34,-0.71,34.72,25,72,-16.9
14,22,10,inflection,none,False,1.5,3.5,2.0,0.0,707,-9688.63,0.82,32.81,10836.3,-0.89,22.22,16,72,-16.96
14,22,10,inflection,none,False,1.5,3.5,2.0,200.0,315,-2928.35,0.869,34.29,4939.45,-0.59,45.83,33,72,-16.59
14,22,10,inflection,none,False,1.5,3.5,2.0,250.0,371,-3755.89,0.859,33.96,5638.19,-0.67,40.28,29,72,-17.31
14,22,10,inflection,none,False,1.5,3.5,2.5,0.0,653,-10013.1,0.835,37.83,11235.02,-0.89,18.06,13,72,-14.25
14,22,10,inflection,none,False,1.5,3.5,2.5,200.0,240,1894.51,1.107,44.17,1841.27,1.03,58.33,42,72,28.51
14,22,10,inflection,none,False,1.5,3.5,2.5,250.0,306,-1082.68,0.955,40.85,4110.06,-0.26,45.83,33,72,-7.39
14,22,10,inflection,none,False,1.5,4.0,1.5,0.0,846,-8778.45,0.836,24.59,9332.77,-0.94,22.22,16,72,-16.88
14,22,10,inflection,none,False,1.5,4.0,1.5,200.0,411,325.44,1.014,27.98,2713.78,0.12,51.39,37,72,3.26
14,22,10,inflection,none,False,1.5,4.0,1.5,250.0,483,-93.41,0.997,27.33,3193.48,-0.03,48.61,35,72,-0.8
14,22,10,inflection,none,False,1.5,4.0,2.0,0.0,661,-9049.13,0.829,30.26,9681.61,-0.93,23.61,17,72,-18.0
14,22,10,inflection,none,False,1.5,4.0,2.0,200.0,299,-1770.64,0.92,32.78,3505.77,-0.51,47.22,34,72,-12.99
14,22,10,inflection,none,False,1.5,4.0,2.0,250.0,351,-3833.69,0.855,31.34,5568.82,-0.69,38.89,28,72,-17.08
14,22,10,inflection,none,False,1.5,4.0,2.5,0.0,574,-11542.38,0.791,33.62,12062.25,-0.96,25.0,18,72,-20.78
14,22,10,inflection,none,False,1.5,4.0,2.5,200.0,233,-1432.69,0.929,37.34,3908.1,-0.37,50.0,36,72,-10.65
14,22,10,inflection,none,False,1.5,4.0,2.5,250.0,258,-527.44,0.976,37.98,3458.24,-0.15,48.61,35,72,-4.26
14,22,10,inflection,none,False,1.5,4.5,1.5,0.0,805,-3349.59,0.936,23.85,6738.27,-0.5,30.56,22,72,-11.67
14,22,10,inflection,none,False,1.5,4.5,1.5,200.0,372,448.38,1.021,24.73,3021.66,0.15,50.0,36,72,4.16
14,22,10,inflection,none,False,1.5,4.5,1.5,250.0,421,457.78,1.019,24.94,2855.22,0.16,47.22,34,72,4.12
14,22,10,inflection,none,False,1.5,4.5,2.0,0.0,600,-4957.46,0.899,29.5,5988.3,-0.83,25.0,18,72,-14.4
14,22,10,inflection,none,False,1.5,4.5,2.0,200.0,290,-407.63,0.981,31.03,2571.43,-0.16,47.22,34,72,-3.72
14,22,10,inflection,none,False,1.5,4.5,2.0,250.0,300,324.39,1.015,32.0,2205.23,0.15,47.22,34,72,3.31
14,22,10,inflection,none,False,1.5,4.5,2.5,0.0,541,-3808.37,0.928,34.57,4744.72,-0.8,25.0,18,72,-12.83
14,22,10,inflection,none,False,1.5,4.5,2.5,200.0,216,-1074.71,0.944,34.26,4566.99,-0.24,48.61,35,72,-7.3
14,22,10,inflection,none,False,1.5,4.5,2.5,250.0,235,-1680.99,0.92,34.04,4935.24,-0.34,45.83,33,72,-10.09
14,22,10,inflection,none,False,1.5,5.0,1.5,0.0,778,-3066.08,0.943,22.37,4644.35,-0.66,29.17,21,72,-12.38
14,22,10,inflection,none,False,1.5,5.0,1.5,200.0,331,2242.31,1.113,24.17,1856.03,1.21,51.39,37,72,29.77
14,22,10,inflection,none,False,1.5,5.0,1.5,250.0,360,2288.15,1.107,24.17,2371.61,0.96,48.61,35,72,25.28
14,22,10,inflection,none,False,1.5,5.0,2.0,0.0,593,-3073.88,0.938,28.33,5265.05,-0.58,29.17,21,72,-11.59
14,22,10,inflection,none,False,1.5,5.0,2.0,200.0,250,1087.72,1.058,30.0,1922.27,0.57,50.0,36,72,13.12
14,22,10,inflection,none,False,1.5,5.0,2.0,250.0,275,2343.14,1.116,31.27,1764.3,1.33,50.0,36,72,31.13
14,22,10,inflection,none,False,1.5,5.0,2.5,0.0,516,-2324.69,0.956,32.75,3749.97,-0.62,26.39,19,72,-9.58
14,22,10,inflection,none,False,1.5,5.0,2.5,200.0,205,1455.39,1.08,34.63,2996.78,0.49,52.78,38,72,15.15
14,22,10,inflection,none,False,1.5,5.0,2.5,250.0,226,1160.01,1.058,34.07,3467.85,0.33,50.0,36,72,10.42
14,22,10,zero_cross,ema200,True,1.35,3.5,1.5,0.0,171,1531.47,1.163,35.67,1129.15,1.36,45.83,33,72,24.29
14,22,10,zero_cross,ema200,True,1.35,3.5,1.5,200.0,158,1195.84,1.137,35.44,1289.03,0.93,47.22,34,72,17.88
14,22,10,zero_cross,ema200,True,1.35,3.5,1.5,250.0,163,1611.49,1.182,36.2,1129.15,1.43,47.22,34,72,26.77
14,22,10,zero_cross,ema200,True,1.35,3.5,2.0,0.0,160,119.12,1.011,40.62,1357.85,0.09,41.67,30,72,1.36
14,22,10,zero_cross,ema200,True,1.35,3.5,2.0,200.0,139,737.73,1.081,41.73,1357.85,0.54,44.44,32,72,9.62
14,22,10,zero_cross,ema200,True,1.35,3.5,2.0,250.0,147,994.87,1.105,42.18,1357.85,0.73,44.44,32,72,13.26
14,22,10,zero_cross,ema200,True,1.35,3.5,2.5,0.0,153,280.33,1.024,45.75,1654.09,0.17,44.44,32,72,3.14
14,22,10,zero_cross,ema200,True,1.35,3.5,2.5,200.0,129,1103.13,1.117,47.29,1470.19,0.75,47.22,34,72,15.17
14,22,10,zero_cross,ema200,True,1.35,3.5,2.5,250.0,137,1301.2,1.132,47.45,1470.19,0.89,47.22,34,72,18.14
14,22,10,zero_cross,ema200,True,1.35,4.0,1.5,0.0,171,1763.35,1.18,32.75,1457.11,1.21,44.44,32,72,24.22
14,22,10,zero_cross,ema200,True,1.35,4.0,1.5,200.0,150,1324.84,1.153,32.67,1249.5,1.06,47.22,34,72,20.41
14,22,10,zero_cross,ema200,True,1.35,4.0,1.5,250.0,161,1386.14,1.15,32.3,1457.11,0.95,45.83,33,72,19.14
14,22,10,zero_cross,ema200,True,1.35,4.0,2.0,0.0,159,658.82,1.058,38.36,1357.85,0.49,44.44,32,72,8.41
14,22,10,zero_cross,ema200,True,1.35,4.0,2.0,200.0,131,641.15,1.07,38.17,1357.85,0.47,47.22,34,72,8.79
14,22,10,zero_cross,ema200,True,1.35,4.0,2.0,250.0,142,1070.66,1.11,38.73,1357.85,0.79,47.22,34,72,15.23
14,22,10,zero_cross,ema200,True,1.35,4.0,2.5,0.0,152,819.85,1.066,43.42,1637.16,0.5,43.06,31,72,9.3
14,22,10,zero_cross,ema200,True,1.35,4.0,2.5,200.0,122,735.25,1.076,43.44,1637.16,0.45,47.22,34,72,9.23
14,22,10,zero_cross,ema200,True,1.35,4.0,2.5,250.0,132,1322.82,1.13,43.94,1637.16,0.81,45.83,33,72,16.93
14,22,10,zero_cross,ema200,True,1.35,4.5,1.5,0.0,167,839.96,1.083,29.34,1705.39,0.49,40.28,29,72,8.87
14,22,10,zero_cross,ema200,True,1.35,4.5,1.5,200.0,147,810.0,1.09,29.93,1705.39,0.47,40.28,29,72,8.61
14,22,10,zero_cross,ema200,True,1.35,4.5,1.5,250.0,153,757.42,1.082,29.41,1705.39,0.44,40.28,29,72,7.99
14,22,10,zero_cross,ema200,True,1.35,4.5,2.0,0.0,153,-165.76,0.986,34.64,1675.37,-0.1,43.06,31,72,-1.72
14,22,10,zero_cross,ema200,True,1.35,4.5,2.0,200.0,127,-173.88,0.982,35.43,1675.37,-0.1,44.44,32,72,-1.85
14,22,10,zero_cross,ema200,True,1.35,4.5,2.0,250.0,133,-43.61,0.996,35.34,1675.37,-0.03,44.44,32,72,-0.47
14,22,10,zero_cross,ema200,True,1.35,4.5,2.5,0.0,145,576.99,1.048,40.69,1837.08,0.31,41.67,30,72,5.88
14,22,10,zero_cross,ema200,True,1.35,4.5,2.5,200.0,118,-73.59,0.993,40.68,1837.08,-0.04,43.06,31,72,-0.73
14,22,10,zero_cross,ema200,True,1.35,4.5,2.5,250.0,123,363.09,1.035,41.46,1837.08,0.2,43.06,31,72,3.78
14,22,10,zero_cross,ema200,True,1.35,5.0,1.5,0.0,166,-1003.42,0.907,24.7,2583.65,-0.39,34.72,25,72,-6.22
14,22,10,zero_cross,ema200,True,1.35,5.0,1.5,200.0,151,-1064.23,0.893,24.5,2763.3,-0.39,34.72,25,72,-6.28
14,22,10,zero_cross,ema200,True,1.35,5.0,1.5,250.0,154,-1314.87,0.87,24.03,2886.19,-0.46,34.72,25,72,-7.39
14,22,10,zero_cross,ema200,True,1.35,5.0,2.0,0.0,151,-2617.51,0.791,28.48,3102.04,-0.84,37.5,27,72,-13.94
14,22,10,zero_cross,ema200,True,1.35,5.0,2.0,200.0,134,-2354.7,0.791,29.1,3276.46,-0.72,38.89,28,72,-12.65
14,22,10,zero_cross,ema200,True,1.35,5.0,2.0,250.0,137,-2573.51,0.776,28.47,3276.46,-0.79,38.89,28,72,-13.57
14,22,10,zero_cross,ema200,True,1.35,5.0,2.5,0.0,143,-2269.32,0.83,33.57,3094.28,-0.73,38.89,28,72,-13.17
14,22,10,zero_cross,ema200,True,1.35,5.0,2.5,200.0,125,-2352.11,0.802,33.6,3000.29,-0.78,40.28,29,72,-13.87
14,22,10,zero_cross,ema200,True,1.35,5.0,2.5,250.0,127,-2218.0,0.814,33.86,3000.29,-0.74,40.28,29,72,-13.28
14,22,10,zero_cross,ema200,True,1.4,3.5,1.5,0.0,173,1638.62,1.173,35.84,1129.15,1.45,45.83,33,72,26.22
14,22,10,zero_cross,ema200,True,1.4,3.5,1.5,200.0,160,1302.99,1.148,35.62,1289.03,1.01,47.22,34,72,19.67
14,22,10,zero_cross,ema200,True,1.4,3.5,1.5,250.0,165,1718.64,1.192,36.36,1129.15,1.52,47.22,34,72,28.79
14,22,10,zero_cross,ema200,True,1.4,3.5,2.0,0.0,162,198.0,1.018,40.74,1357.85,0.15,40.28,29,72,2.2
14,22,10,zero_cross,ema200,True,1.4,3.5,2.0,200.0,140,621.53,1.067,41.43,1357.85,0.46,43.06,31,72,7.75
14,22,10,zero_cross,ema200,True,1.4,3.5,2.0,250.0,148,1156.01,1.122,42.57,1357.85,0.85,43.06,31,72,15.16
14,22,10,zero_cross,ema200,True,1.4,3.5,2.5,0.0,154,522.94,1.044,46.1,1654.09,0.32,44.44,32,72,5.97
14,22,10,zero_cross,ema200,True,1.4,3.5,2.5,200.0,129,1150.66,1.122,47.29,1470.19,0.78,47.22,34,72,15.9
14,22,10,zero_cross,ema200,True,1.4,3.5,2.5,250.0,137,1645.86,1.169,48.18,1470.19,1.12,47.22,34,72,23.69
14,22,10,zero_cross,ema200,True,1.4,4.0,1.5,0.0,173,1898.81,1.192,32.95,1482.57,1.28,45.83,33,72,26.94
14,22,10,zero_cross,ema200,True,1.4,4.0,1.5,200.0,151,1548.23,1.179,33.11,1187.03,1.3,48.61,35,72,25.75
14,22,10,zero_cross,ema200,True,1.4,4.0,1.5,250.0,163,1521.6,1.163,32.52,1482.57,1.03,47.22,34,72,21.7
14,22,10,zero_cross,ema200,True,1.4,4.0,2.0,0.0,160,542.62,1.047,38.12,1357.85,0.4,43.06,31,72,6.64
14,22,10,zero_cross,ema200,True,1.4,4.0,2.0,200.0,131,641.15,1.07,38.17,1357.85,0.47,47.22,34,72,8.79
14,22,10,zero_cross,ema200,True,1.4,4.0,2.0,250.0,143,954.46,1.097,38.46,1357.85,0.7,45.83,33,72,13.02
14,22,10,zero_cross,ema200,True,1.4,4.0,2.5,0.0,152,874.18,1.071,43.42,1637.16,0.53,43.06,31,72,9.96
14,22,10,zero_cross,ema200,True,1.4,4.0,2.5,200.0,120,783.06,1.082,43.33,1637.16,0.48,47.22,34,72,9.89
14,22,10,zero_cross,ema200,True,1.4,4.0,2.5,250.0,132,1377.15,1.135,43.94,1637.16,0.84,45.83,33,72,17.7
14,22,10,zero_cross,ema200,True,1.4,4.5,1.5,0.0,169,1003.73,1.098,29.59,1705.39,0.59,41.67,30,72,11.12
14,22,10,zero_cross,ema200,True,1.4,4.5,1.5,200.0,148,1061.7,1.119,30.41,1705.39,0.62,41.67,30,72,11.99
14,22,10,zero_cross,ema200,True,1.4,4.5,1.5,250.0,154,1009.12,1.109,29.87,1705.39,0.59,41.67,30,72,11.29
14,22,10,zero_cross,ema200,True,1.4,4.5,2.0,0.0,154,-281.96,0.976,34.42,1675.37,-0.17,41.67,30,72,-2.8
14,22,10,zero_cross,ema200,True,1.4,4.5,2.0,200.0,127,-173.88,0.982,35.43,1675.37,-0.1,44.44,32,72,-1.85
14,22,10,zero_cross,ema200,True,1.4,4.5,2.0,250.0,134,-159.81,0.984,35.07,1675.37,-0.1,43.06,31,72,-1.65
14,22,10,zero_cross,ema200,True,1.4,4.5,2.5,0.0,144,753.14,1.063,40.97,1837.08,0.41,41.67,30,72,7.78
14,22,10,zero_cross,ema200,True,1.4,4.5,2.5,200.0,118,-73.59,0.993,40.68,1837.08,-0.04,43.06,31,72,-0.73
14,22,10,zero_cross,ema200,True,1.4,4.5,2.5,250.0,121,402.1,1.039,41.32,1837.08,0.22,43.06,31,72,4.2
14,22,10,zero_cross,ema200,True,1.4,5.0,1.5,0.0,168,-811.34,0.926,25.0,2391.57,-0.34,36.11,26,72,-5.55
14,22,10,zero_cross,ema200,True,1.4,5.0,1.5,200.0,152,-784.22,0.921,25.0,2483.29,-0.32,36.11,26,72,-5.23
14,22,10,zero_cross,ema200,True,1.4,5.0,1.5,250.0,155,-1034.86,0.898,24.52,2606.18,-0.4,36.11,26,72,-6.57
14,22,10,zero_cross,ema200,True,1.4,5.0,2.0,0.0,152,-2733.71,0.784,28.29,3195.94,-0.86,37.5,27,72,-14.22
14,22,10,zero_cross,ema200,True,1.4,5.0,2.0,200.0,134,-2354.7,0.791,29.1,3276.46,-0.72,38.89,28,72,-12.65
14,22,10,zero_cross,ema200,True,1.4,5.0,2.0,250.0,137,-2573.51,0.776,28.47,3276.46,-0.79,38.89,28,72,-13.57
14,22,10,zero_cross,ema200,True,1.4,5.0,2.5,0.0,142,-1764.09,0.865,34.51,3094.28,-0.57,40.28,29,72,-11.05
14,22,10,zero_cross,ema200,True,1.4,5.0,2.5,200.0,125,-2352.11,0.802,33.6,3000.29,-0.78,40.28,29,72,-13.87
14,22,10,zero_cross,ema200,True,1.4,5.0,2.5,250.0,127,-2218.0,0.814,33.86,3000.29,-0.74,40.28,29,72,-13.28
14,22,10,zero_cross,ema200,False,1.5,3.5,1.5,0.0,489,85.96,1.003,32.72,2403.99,0.04,45.83,33,72,0.81
14,22,10,zero_cross,ema200,False,1.5,3.5,1.5,200.0,302,2315.09,1.142,35.1,1261.6,1.84,56.94,41,72,42.38
14,22,10,zero_cross,ema200,False,1.5,3.5,1.5,250.0,347,3112.23,1.165,35.16,1643.9,1.89,55.56,40,72,49.68
14,22,10,zero_cross,ema200,False,1.5,3.5,2.0,0.0,431,4197.07,1.137,41.76,2076.96,2.02,54.17,39,72,56.72
14,22,10,zero_cross,ema200,False,1.5,3.5,2.0,200.0,250,3599.44,1.222,42.4,1432.22,2.51,59.72,43,72,69.41
14,22,10,zero_cross,ema200,False,1.5,3.5,2.0,250.0,290,3803.06,1.203,42.07,1432.22,2.66,56.94,41,72,68.84
14,22,10,zero_cross,ema200,False,1.5,3.5,2.5,0.0,409,4428.16,1.133,47.19,2140.67,2.07,50.0,36,72,54.22
14,22,10,zero_cross,ema200,False,1.5,3.5,2.5,200.0,231,3509.3,1.204,49.78,1379.58,2.54,61.11,44,72,69.52
14,22,10,zero_cross,ema200,False,1.5,3.5,2.5,250.0,271,3238.16,1.162,47.97,1379.58,2.35,56.94,41,72,57.68
14,22,10,zero_cross,ema200,False,1.5,4.0,1.5,0.0,453,734.88,1.027,30.68,2483.09,0.3,47.22,34,72,7.15
14,22,10,zero_cross,ema200,False,1.5,4.0,1.5,200.0,268,1814.84,1.119,31.72,1904.88,0.95,55.56,40,72,25.85
14,22,10,zero_cross,ema200,False,1.5,4.0,1.5,250.0,306,1794.19,1.102,31.7,2042.14,0.88,51.39,37,72,22.48
14,22,10,zero_cross,ema200,False,1.5,4.0,2.0,0.0,400,4377.94,1.146,39.25,2076.96,2.11,45.83,33,72,50.45
14,22,10,zero_cross,ema200,False,1.5,4.0,2.0,200.0,208,4610.95,1.341,41.83,957.67,4.81,61.11,44,72,122.1
14,22,10,zero_cross,ema200,False,1.5,4.0,2.0,250.0,245,4461.12,1.274,40.0,961.67,4.64,55.56,40,72,101.83
14,22,10,zero_cross,ema200,False,1.5,4.0,2.5,0.0,366,3728.54,1.116,43.44,2514.57,1.48,45.83,33,72,38.03
14,22,10,zero_cross,ema200,False,1.5,4.0,2.5,200.0,190,3238.65,1.221,45.79,1297.34,2.5,59.72,43,72,65.57
14,22,10,zero_cross,ema200,False,1.5,4.0,2.5,250.0,221,2665.52,1.151,44.34,1297.34,2.05,54.17,39,72,46.14
14,22,10,zero_cross,ema200,False,1.5,4.5,1.5,0.0,445,1181.84,1.042,28.54,2156.63,0.55,43.06,31,72,11.42
14,22,10,zero_cross,ema200,False,1.5,4.5,1.5,200.0,259,2574.47,1.171,30.5,1625.84,1.58,55.56,40,72,41.54
14,22,10,zero_cross,ema200,False,1.5,4.5,1.5,250.0,289,2682.8,1.162,30.1,1625.84,1.65,51.39,37,72,39.73
14,22,10,zero_cross,ema200,False,1.5,4.5,2.0,0.0,386,4127.26,1.138,36.79,2162.71,1.91,50.0,36,72,50.5
14,22,10,zero_cross,ema200,False,1.5,4.5,2.0,200.0,203,4784.74,1.349,39.41,1156.45,4.14,61.11,44,72,115.99
14,22,10,zero_cross,ema200,False,1.5,4.5,2.0,250.0,235,5133.89,1.322,39.57,1156.45,4.44,58.33,42,72,116.41
14,22,10,zero_cross,ema200,False,1.5,4.5,2.5,0.0,339,3712.36,1.12,40.71,1822.79,2.04,44.44,32,72,43.28
14,22,10,zero_cross,ema200,False,1.5,4.5,2.5,200.0,185,3011.64,1.2,43.78,1448.82,2.08,58.33,42,72,55.38
14,22,10,zero_cross,ema200,False,1.5,4.5,2.5,250.0,204,3459.65,1.209,43.63,1323.5,2.61,55.56,40,72,63.88
14,22,10,zero_cross,ema200,False,1.5,5.0,1.5,0.0,420,-1687.92,0.939,25.0,2818.98,-0.6,38.89,28,72,-11.61
14,22,10,zero_cross,ema200,False,1.5,5.0,1.5,200.0,261,565.67,1.035,26.82,2888.54,0.2,52.78,38,72,5.75
14,22,10,zero_cross,ema200,False,1.5,5.0,1.5,250.0,289,384.92,1.022,26.3,3137.07,0.12,48.61,35,72,3.41
14,22,10,zero_cross,ema200,False,1.5,5.0,2.0,0.0,355,1808.67,1.062,32.68,2162.71,0.84,44.44,32,72,18.36
14,22,10,zero_cross,ema200,False,1.5,5.0,2.0,200.0,205,2072.83,1.136,33.66,2230.34,0.93,55.56,40,72,27.7
14,22,10,zero_cross,ema200,False,1.5,5.0,2.0,250.0,224,2323.44,1.143,33.93,2314.23,1.0,52.78,38,72,29.14
14,22,10,zero_cross,ema200,False,1.5,5.0,2.5,0.0,315,2206.59,1.073,37.14,2474.29,0.89,41.67,30,72,19.83
14,22,10,zero_cross,ema200,False,1.5,5.0,2.5,200.0,181,-371.26,0.977,35.36,3069.25,-0.12,51.39,37,72,-3.36
14,22,10,zero_cross,ema200,False,1.5,5.0,2.5,250.0,199,215.73,1.012,37.19,2882.31,0.07,51.39,37,72,2.09
14,22,10,zero_cross,ema50,True,1.35,3.5,1.5,0.0,197,1738.61,1.154,33.5,1279.74,1.36,48.61,35,72,27.26
14,22,10,zero_cross,ema50,True,1.35,3.5,1.5,200.0,176,1028.11,1.101,32.39,1279.74,0.8,48.61,35,72,15.38
14,22,10,zero_cross,ema50,True,1.35,3.5,1.5,250.0,182,1442.56,1.139,32.97,1279.74,1.13,48.61,35,72,22.33
14,22,10,zero_cross,ema50,True,1.35,3.5,2.0,0.0,177,637.13,1.052,37.85,1351.57,0.47,45.83,33,72,8.36
14,22,10,zero_cross,ema50,True,1.35,3.5,2.0,200.0,156,316.49,1.03,37.18,1486.48,0.21,45.83,33,72,3.87
14,22,10,zero_cross,ema50,True,1.35,3.5,2.0,250.0,161,331.23,1.03,37.27,1344.32,0.25,45.83,33,72,4.26
14,22,10,zero_cross,ema50,True,1.35,3.5,2.5,0.0,170,-261.83,0.981,42.35,1974.75,-0.13,45.83,33,72,-2.65
14,22,10,zero_cross,ema50,True,1.35,3.5,2.5,200.0,148,-837.03,0.929,41.22,1974.75,-0.42,45.83,33,72,-8.02
14,22,10,zero_cross,ema50,True,1.35,3.5,2.5,250.0,154,-675.92,0.945,41.56,1974.75,-0.34,45.83,33,72,-6.59
14,22,10,zero_cross,ema50,True,1.35,4.0,1.5,0.0,195,2655.86,1.232,31.79,1314.16,2.02,51.39,37,72,46.38
14,22,10,zero_cross,ema50,True,1.35,4.0,1.5,200.0,169,1788.18,1.179,30.77,1291.04,1.39,51.39,37,72,30.15
14,22,10,zero_cross,ema50,True,1.35,4.0,1.5,250.0,178,1707.46,1.163,30.34,1314.16,1.3,51.39,37,72,28.15
14,22,10,zero_cross,ema50,True,1.35,4.0,2.0,0.0,173,1826.97,1.15,36.42,1208.58,1.51,48.61,35,72,29.38
14,22,10,zero_cross,ema50,True,1.35,4.0,2.0,200.0,148,1362.03,1.132,35.81,1376.47,0.99,48.61,35,72,20.2
14,22,10,zero_cross,ema50,True,1.35,4.0,2.0,250.0,155,1305.67,1.121,35.48,1208.58,1.08,48.61,35,72,20.47
14,22,10,zero_cross,ema50,True,1.35,4.0,2.5,0.0,166,610.78,1.045,40.36,1974.75,0.31,45.83,33,72,6.58
14,22,10,zero_cross,ema50,True,1.35,4.0,2.5,200.0,140,-374.07,0.968,38.57,1974.75,-0.19,47.22,34,72,-3.85
14,22,10,zero_cross,ema50,True,1.35,4.0,2.5,250.0,146,-432.65,0.964,38.36,1974.75,-0.22,45.83,33,72,-4.3
14,22,10,zero_cross,ema50,True,1.35,4.5,1.5,0.0,191,2012.27,1.171,28.8,1271.54,1.58,50.0,36,72,33.04
14,22,10,zero_cross,ema50,True,1.35,4.5,1.5,200.0,168,1782.67,1.172,28.57,1209.23,1.47,50.0,36,72,30.04
14,22,10,zero_cross,ema50,True,1.35,4.5,1.5,250.0,171,2061.5,1.198,29.24,1209.23,1.7,50.0,36,72,35.51
14,22,10,zero_cross,ema50,True,1.35,4.5,2.0,0.0,168,756.9,1.059,32.74,1810.91,0.42,45.83,33,72,8.63
14,22,10,zero_cross,ema50,True,1.35,4.5,2.0,200.0,144,883.16,1.081,33.33,1542.52,0.57,45.83,33,72,11.14
14,22,10,zero_cross,ema50,True,1.35,4.5,2.0,250.0,151,838.23,1.074,33.11,1542.52,0.54,45.83,33,72,10.51
14,22,10,zero_cross,ema50,True,1.35,4.5,2.5,0.0,159,-398.65,0.971,37.11,2520.77,-0.16,41.67,30,72,-3.21
14,22,10,zero_cross,ema50,True,1.35,4.5,2.5,200.0,136,-1094.7,0.91,36.03,2552.27,-0.43,41.67,30,72,-8.22
14,22,10,zero_cross,ema50,True,1.35,4.5,2.5,250.0,140,-904.29,0.927,36.43,2552.27,-0.35,41.67,30,72,-6.91
14,22,10,zero_cross,ema50,True,1.35,5.0,1.5,0.0,189,391.54,1.032,24.87,1838.8,0.21,44.44,32,72,4.19
14,22,10,zero_cross,ema50,True,1.35,5.0,1.5,200.0,166,438.77,1.04,24.7,1589.17,0.28,44.44,32,72,5.09
14,22,10,zero_cross,ema50,True,1.35,5.0,1.5,250.0,171,547.02,1.049,25.15,1534.5,0.36,44.44,32,72,6.51
14,22,10,zero_cross,ema50,True,1.35,5.0,2.0,0.0,165,-984.1,0.927,28.48,3385.92,-0.29,41.67,30,72,-6.53
14,22,10,zero_cross,ema50,True,1.35,5.0,2.0,200.0,142,-1083.0,0.908,28.17,3186.2,-0.34,41.67,30,72,-7.26
14,22,10,zero_cross,ema50,True,1.35,5.0,2.0,250.0,147,-580.89,0.951,29.25,3149.71,-0.18,41.67,30,72,-4.1
14,22,10,zero_cross,ema50,True,1.35,5.0,2.5,0.0,156,-2475.54,0.832,32.05,4033.11,-0.61,41.67,30,72,-13.51
14,22,10,zero_cross,ema50,True,1.35,5.0,2.5,200.0,132,-2788.3,0.784,31.06,3589.9,-0.78,43.06,31,72,-15.71
14,22,10,zero_cross,ema50,True,1.35,5.0,2.5,250.0,139,-2528.6,0.809,31.65,3571.59,-0.71,41.67,30,72,-14.26
14,22,10,zero_cross,ema50,True,1.4,3.5,1.5,0.0,199,1845.76,1.162,33.67,1279.74,1.44,48.61,35,72,29.14
14,22,10,zero_cross,ema50,True,1.4,3.5,1.5,200.0,177,1197.73,1.118,32.77,1279.74,0.94,48.61,35,72,18.2
14,22,10,zero_cross,ema50,True,1.4,3.5,1.5,250.0,184,1549.71,1.149,33.15,1279.74,1.21,48.61,35,72,24.2
14,22,10,zero_cross,ema50,True,1.4,3.5,2.0,0.0,179,716.01,1.058,37.99,1459.55,0.49,44.44,32,72,8.81
14,22,10,zero_cross,ema50,True,1.4,3.5,2.0,200.0,157,200.29,1.019,36.94,1486.48,0.13,44.44,32,72,2.35
14,22,10,zero_cross,ema50,True,1.4,3.5,2.0,250.0,162,215.03,1.019,37.04,1420.41,0.15,44.44,32,72,2.58
14,22,10,zero_cross,ema50,True,1.4,3.5,2.5,0.0,171,-19.22,0.999,42.69,1974.75,-0.01,45.83,33,72,-0.2
14,22,10,zero_cross,ema50,True,1.4,3.5,2.5,200.0,148,-789.5,0.933,41.22,1974.75,-0.4,45.83,33,72,-7.6
14,22,10,zero_cross,ema50,True,1.4,3.5,2.5,250.0,154,-628.39,0.948,41.56,1974.75,-0.32,45.83,33,72,-6.14
14,22,10,zero_cross,ema50,True,1.4,4.0,1.5,0.0,197,2791.32,1.242,31.98,1402.09,1.99,51.39,37,72,47.58
14,22,10,zero_cross,ema50,True,1.4,4.0,1.5,200.0,169,2074.04,1.208,31.36,1291.04,1.61,51.39,37,72,35.83
14,22,10,zero_cross,ema50,True,1.4,4.0,1.5,250.0,179,1905.39,1.181,30.73,1402.09,1.36,51.39,37,72,30.88
14,22,10,zero_cross,ema50,True,1.4,4.0,2.0,0.0,174,1710.77,1.14,36.21,1230.2,1.39,47.22,34,72,26.26
14,22,10,zero_cross,ema50,True,1.4,4.0,2.0,200.0,148,1362.03,1.132,35.81,1376.47,0.99,48.61,35,72,20.2
14,22,10,zero_cross,ema50,True,1.4,4.0,2.0,250.0,156,1189.47,1.109,35.26,1230.2,0.97,47.22,34,72,17.76
14,22,10,zero_cross,ema50,True,1.4,4.0,2.5,0.0,166,665.11,1.049,40.36,1974.75,0.34,45.83,33,72,7.2
14,22,10,zero_cross,ema50,True,1.4,4.0,2.5,200.0,138,-326.26,0.972,38.41,1974.75,-0.17,47.22,34,72,-3.37
14,22,10,zero_cross,ema50,True,1.4,4.0,2.5,250.0,146,-378.32,0.969,38.36,1974.75,-0.19,45.83,33,72,-3.78
14,22,10,zero_cross,ema50,True,1.4,4.5,1.5,0.0,193,2176.04,1.183,29.02,1316.74,1.65,50.0,36,72,35.47
14,22,10,zero_cross,ema50,True,1.4,4.5,1.5,200.0,168,2096.84,1.204,29.17,1209.23,1.73,50.0,36,72,36.3
14,22,10,zero_cross,ema50,True,1.4,4.5,1.5,250.0,171,2375.67,1.23,29.82,1209.23,1.96,50.0,36,72,42.02
14,22,10,zero_cross,ema50,True,1.4,4.5,2.0,0.0,169,640.7,1.05,32.54,1810.91,0.35,44.44,32,72,7.03
14,22,10,zero_cross,ema50,True,1.4,4.5,2.0,200.0,144,883.16,1.081,33.33,1542.52,0.57,45.83,33,72,11.14
14,22,10,zero_cross,ema50,True,1.4,4.5,2.0,250.0,152,722.03,1.063,32.89,1542.52,0.47,44.44,32,72,8.68
14,22,10,zero_cross,ema50,True,1.4,4.5,2.5,0.0,158,-222.5,0.984,37.34,2520.77,-0.09,41.67,30,72,-1.82
14,22,10,zero_cross,ema50,True,1.4,4.5,2.5,200.0,136,-1094.7,0.91,36.03,2552.27,-0.43,41.67,30,72,-8.22
14,22,10,zero_cross,ema50,True,1.4,4.5,2.5,250.0,138,-865.28,0.929,36.23,2552.27,-0.34,41.67,30,72,-6.63
14,22,10,zero_cross,ema50,True,1.4,5.0,1.5,0.0,191,583.62,1.047,25.13,1838.8,0.32,44.44,32,72,6.33
14,22,10,zero_cross,ema50,True,1.4,5.0,1.5,200.0,166,438.77,1.04,24.7,1589.17,0.28,44.44,32,72,5.09
14,22,10,zero_cross,ema50,True,1.4,5.0,1.5,250.0,171,889.5,1.08,25.73,1534.5,0.58,44.44,32,72,10.9
14,22,10,zero_cross,ema50,True,1.4,5.0,2.0,0.0,166,-1100.3,0.919,28.31,3385.92,-0.32,41.67,30,72,-7.24
14,22,10,zero_cross,ema50,True,1.4,5.0,2.0,200.0,142,-1083.0,0.908,28.17,3186.2,-0.34,41.67,30,72,-7.26
14,22,10,zero_cross,ema50,True,1.4,5.0,2.0,250.0,147,-580.89,0.951,29.25,3149.71,-0.18,41.67,30,72,-4.1
14,22,10,zero_cross,ema50,True,1.4,5.0,2.5,0.0,155,-1970.31,0.864,32.9,4033.11,-0.49,43.06,31,72,-11.54
14,22,10,zero_cross,ema50,True,1.4,5.0,2.5,200.0,132,-2788.3,0.784,31.06,3589.9,-0.78,43.06,31,72,-15.71
14,22,10,zero_cross,ema50,True,1.4,5.0,2.5,250.0,139,-2528.6,0.809,31.65,3571.59,-0.71,41.67,30,72,-14.26
14,22,10,zero_cross,ema50,False,1.5,3.5,1.5,0.0,574,50.91,1.001,32.4,2534.59,0.02,40.28,29,72,0.41
14,22,10,zero_cross,ema50,False,1.5,3.5,1.5,200.0,312,521.91,1.029,32.69,2573.81,0.2,50.0,36,72,5.29
14,22,10,zero_cross,ema50,False,1.5,3.5,1.5,250.0,369,1186.29,1.057,33.33,2267.65,0.52,48.61,35,72,12.8
14,22,10,zero_cross,ema50,False,1.5,3.5,2.0,0.0,500,3921.63,1.108,39.4,1913.98,2.05,48.61,35,72,48.28
14,22,10,zero_cross,ema50,False,1.5,3.5,2.0,200.0,251,1618.06,1.098,39.04,1950.14,0.83,56.94,41,72,22.91
14,22,10,zero_cross,ema50,False,1.5,3.5,2.0,250.0,293,3297.9,1.175,40.96,1911.64,1.73,55.56,40,72,49.24
14,22,10,zero_cross,ema50,False,1.5,3.5,2.5,0.0,428,-2058.53,0.944,41.12,3913.77,-0.53,38.89,28,72,-12.08
14,22,10,zero_cross,ema50,False,1.5,3.5,2.5,200.0,216,604.24,1.035,43.52,2330.9,0.26,55.56,40,72,7.2
14,22,10,zero_cross,ema50,False,1.5,3.5,2.5,250.0,257,1466.23,1.073,43.97,2459.78,0.6,54.17,39,72,17.18
14,22,10,zero_cross,ema50,False,1.5,4.0,1.5,0.0,557,1264.03,1.035,29.8,2980.54,0.42,48.61,35,72,11.65
14,22,10,zero_cross,ema50,False,1.5,4.0,1.5,200.0,278,2528.04,1.156,31.29,2610.48,0.97,56.94,41,72,32.57
14,22,10,zero_cross,ema50,False,1.5,4.0,1.5,250.0,325,1817.25,1.096,30.46,2610.48,0.7,55.56,40,72,21.66
14,22,10,zero_cross,ema50,False,1.5,4.0,2.0,0.0,483,6569.72,1.173,37.06,2100.16,3.13,50.0,36,72,84.08
14,22,10,zero_cross,ema50,False,1.5,4.0,2.0,200.0,225,3842.69,1.255,38.67,1582.74,2.43,56.94,41,72,69.02
14,22,10,zero_cross,ema50,False,1.5,4.0,2.0,250.0,250,3572.48,1.211,38.0,1582.74,2.26,54.17,39,72,58.91
14,22,10,zero_cross,ema50,False,1.5,4.0,2.5,0.0,411,-376.83,0.99,38.69,3922.37,-0.1,43.06,31,72,-2.56
14,22,10,zero_cross,ema50,False,1.5,4.0,2.5,200.0,195,1945.2,1.122,40.51,2011.54,0.97,56.94,41,72,27.71
14,22,10,zero_cross,ema50,False,1.5,4.0,2.5,250.0,230,2019.71,1.106,40.87,1812.25,1.11,52.78,38,72,27.7
14,22,10,zero_cross,ema50,False,1.5,4.5,1.5,0.0,522,2941.82,1.085,28.74,2783.24,1.06,48.61,35,72,29.41
14,22,10,zero_cross,ema50,False,1.5,4.5,1.5,200.0,257,4436.46,1.294,31.13,2040.08,2.17,59.72,43,72,75.9
14,22,10,zero_cross,ema50,False,1.5,4.5,1.5,250.0,290,5441.48,1.328,31.72,2536.34,2.15,58.33,42,72,83.7
14,22,10,zero_cross,ema50,False,1.5,4.5,2.0,0.0,437,3312.63,1.096,35.01,1613.52,2.05,48.61,35,72,43.94
14,22,10,zero_cross,ema50,False,1.5,4.5,2.0,200.0,226,4104.95,1.26,37.61,1968.79,2.09,56.94,41,72,66.37
14,22,10,zero_cross,ema50,False,1.5,4.5,2.0,250.0,234,5554.03,1.351,39.32,1732.07,3.21,58.33,42,72,105.17
14,22,10,zero_cross,ema50,False,1.5,4.5,2.5,0.0,384,612.12,1.017,37.5,2347.61,0.26,47.22,34,72,6.07
14,22,10,zero_cross,ema50,False,1.5,4.5,2.5,200.0,191,2121.73,1.131,38.74,1605.62,1.32,55.56,40,72,33.27
14,22,10,zero_cross,ema50,False,1.5,4.5,2.5,250.0,203,3615.45,1.218,40.89,1605.62,2.25,55.56,40,72,61.06
14,22,10,zero_cross,ema50,False,1.5,5.0,1.5,0.0,485,1394.93,1.042,25.77,2688.49,0.52,41.67,30,72,11.68
14,22,10,zero_cross,ema50,False,1.5,5.0,1.5,200.0,263,1673.04,1.101,26.62,2797.78,0.6,51.39,37,72,17.9
14,22,10,zero_cross,ema50,False,1.5,5.0,1.5,250.0,292,2201.35,1.121,27.05,2797.78,0.79,50.0,36,72,23.33
14,22,10,zero_cross,ema50,False,1.5,5.0,2.0,0.0,398,1397.79,1.042,31.91,2765.83,0.51,45.83,33,72,12.69
14,22,10,zero_cross,ema50,False,1.5,5.0,2.0,200.0,228,2007.17,1.116,32.89,3053.86,0.66,50.0,36,72,20.27
14,22,10,zero_cross,ema50,False,1.5,5.0,2.0,250.0,240,2095.36,1.115,32.92,2885.61,0.73,48.61,35,72,21.14
14,22,10,zero_cross,ema50,False,1.5,5.0,2.5,0.0,347,-1909.64,0.945,33.14,4440.26,-0.43,45.83,33,72,-12.41
14,22,10,zero_cross,ema50,False,1.5,5.0,2.5,200.0,185,-309.88,0.982,33.51,3594.53,-0.09,48.61,35,72,-2.47
14,22,10,zero_cross,ema50,False,1.5,5.0,2.5,250.0,200,104.21,1.006,34.5,3579.56,0.03,50.0,36,72,0.88
14,22,10,zero_cross,none,True,1.35,3.5,1.5,0.0,270,-447.29,0.973,31.48,1532.26,-0.29,44.44,32,72,-4.94
14,22,10,zero_cross,none,True,1.35,3.5,1.5,200.0,230,-461.32,0.966,30.87,1553.1,-0.3,44.44,32,72,-5.03
14,22,10,zero_cross,none,True,1.35,3.5,1.5,250.0,241,-142.76,0.99,31.54,1419.11,-0.1,44.44,32,72,-1.67
14,22,10,zero_cross,none,True,1.35,3.5,2.0,0.0,238,-2714.94,0.851,35.29,4557.73,-0.6,44.44,32,72,-15.21
14,22,10,zero_cross,none,True,1.35,3.5,2.0,200.0,190,-2857.4,0.806,34.74,4891.83,-0.58,45.83,33,72,-15.09
14,22,10,zero_cross,none,True,1.35,3.5,2.0,250.0,205,-2751.15,0.823,35.12,4910.84,-0.56,44.44,32,72,-14.36
14,22,10,zero_cross,none,True,1.35,3.5,2.5,0.0,218,-1835.28,0.899,42.2,3031.25,-0.61,45.83,33,72,-13.73
14,22,10,zero_cross,none,True,1.35,3.5,2.5,200.0,171,-966.57,0.931,43.27,2790.18,-0.35,50.0,36,72,-8.52
14,22,10,zero_cross,none,True,1.35,3.5,2.5,250.0,186,-1238.97,0.918,42.47,3154.41,-0.39,48.61,35,72,-9.84
14,22,10,zero_cross,none,True,1.35,4.0,1.5,0.0,263,-587.19,0.965,28.14,2071.34,-0.28,40.28,29,72,-5.01
14,22,10,zero_cross,none,True,1.35,4.0,1.5,200.0,216,-1347.94,0.9,26.39,2491.96,-0.54,41.67,30,72,-10.13
14,22,10,zero_cross,none,True,1.35,4.0,1.5,250.0,227,-1070.07,0.924,26.87,2614.9,-0.41,40.28,29,72,-7.79
14,22,10,zero_cross,none,True,1.35,4.0,2.0,0.0,229,-2111.25,0.884,32.75,4478.82,-0.47,45.83,33,72,-12.78
14,22,10,zero_cross,none,True,1.35,4.0,2.0,200.0,173,-1733.43,0.871,32.37,3961.64,-0.44,47.22,34,72,-11.33
14,22,10,zero_cross,none,True,1.35,4.0,2.0,250.0,185,-2666.4,0.822,31.89,5145.63,-0.52,45.83,33,72,-14.0
14,22,10,zero_cross,none,True,1.35,4.0,2.5,0.0,215,-1289.41,0.931,39.53,2935.64,-0.44,45.83,33,72,-10.15
14,22,10,zero_cross,none,True,1.35,4.0,2.5,200.0,163,-862.83,0.939,39.88,2868.21,-0.3,52.78,38,72,-7.98
14,22,10,zero_cross,none,True,1.35,4.0,2.5,250.0,172,-782.89,0.947,40.12,3039.29,-0.26,50.0,36,72,-6.72
14,22,10,zero_cross,none,True,1.35,4.5,1.5,0.0,256,-1141.78,0.931,25.39,2636.24,-0.43,40.28,29,72,-8.34
14,22,10,zero_cross,none,True,1.35,4.5,1.5,200.0,217,-2523.42,0.824,23.04,2890.77,-0.87,40.28,29,72,-15.58
14,22,10,zero_cross,none,True,1.35,4.5,1.5,250.0,223,-2113.89,0.854,23.77,2954.04,-0.72,40.28,29,72,-13.38
14,22,10,zero_cross,none,True,1.35,4.5,2.0,0.0,215,-4627.9,0.738,27.44,5498.46,-0.84,38.89,28,72,-17.91
14,22,10,zero_cross,none,True,1.35,4.5,2.0,200.0,171,-4927.42,0.667,26.32,5606.21,-0.88,38.89,28,72,-17.07
14,22,10,zero_cross,none,True,1.35,4.5,2.0,250.0,176,-4505.96,0.7,27.27,5657.55,-0.8,38.89,28,72,-16.31
14,22,10,zero_cross,none,True,1.35,4.5,2.5,0.0,195,-3806.83,0.789,33.85,4498.16,-0.85,41.67,30,72,-18.66
14,22,10,zero_cross,none,True,1.35,4.5,2.5,200.0,156,-4398.96,0.712,32.69,4807.51,-0.92,41.67,30,72,-18.82
14,22,10,zero_cross,none,True,1.35,4.5,2.5,250.0,163,-3972.32,0.747,33.74,4797.58,-0.83,41.67,30,72,-17.85
14,22,10,zero_cross,none,True,1.35,5.0,1.5,0.0,254,-1682.86,0.9,23.23,2780.11,-0.61,37.5,27,72,-10.77
14,22,10,zero_cross,none,True,1.35,5.0,1.5,200.0,210,-2363.83,0.834,21.9,2850.64,-0.83,40.28,29,72,-14.87
14,22,10,zero_cross,none,True,1.35,5.0,1.5,250.0,224,-2569.01,0.829,21.88,3267.3,-0.79,37.5,27,72,-13.97
14,22,10,zero_cross,none,True,1.35,5.0,2.0,0.0,213,-5685.39,0.688,24.41,6750.38,-0.84,34.72,25,72,-16.53
14,22,10,zero_cross,none,True,1.35,5.0,2.0,200.0,169,-5944.48,0.61,23.08,6777.15,-0.88,34.72,25,72,-15.29
14,22,10,zero_cross,none,True,1.35,5.0,2.0,250.0,179,-5506.32,0.649,24.02,6550.47,-0.84,34.72,25,72,-15.33
14,22,10,zero_cross,none,True,1.35,5.0,2.5,0.0,190,-6216.4,0.673,28.95,7038.69,-0.88,36.11,26,72,-18.01
14,22,10,zero_cross,none,True,1.35,5.0,2.5,200.0,150,-6918.38,0.571,26.67,7426.12,-0.93,36.11,26,72,-16.55
14,22,10,zero_cross,none,True,1.35,5.0,2.5,250.0,162,-6177.85,0.63,28.4,6874.19,-0.9,36.11,26,72,-16.95
14,22,10,zero_cross,none,True,1.4,3.5,1.5,0.0,272,-340.14,0.979,31.62,1532.26,-0.22,44.44,32,72,-3.78
14,22,10,zero_cross,none,True,1.4,3.5,1.5,200.0,232,-354.17,0.974,31.03,1447.08,-0.24,44.44,32,72,-4.03
14,22,10,zero_cross,none,True,1.4,3.5,1.5,250.0,243,-35.61,0.997,31.69,1419.11,-0.03,44.44,32,72,-0.42
14,22,10,zero_cross,none,True,1.4,3.5,2.0,0.0,240,-2636.06,0.856,35.42,4478.85,-0.59,43.06,31,72,-14.52
14,22,10,zero_cross,none,True,1.4,3.5,2.0,200.0,191,-2973.6,0.8,34.55,5008.03,-0.59,44.44,32,72,-14.94
14,22,10,zero_cross,none,True,1.4,3.5,2.0,250.0,206,-2867.35,0.817,34.95,5027.04,-0.57,43.06,31,72,-14.23
14,22,10,zero_cross,none,True,1.4,3.5,2.5,0.0,219,-1592.67,0.912,42.47,2795.52,-0.57,45.83,33,72,-12.59
14,22,10,zero_cross,none,True,1.4,3.5,2.5,200.0,171,-919.04,0.934,43.27,2742.65,-0.34,50.0,36,72,-8.2
14,22,10,zero_cross,none,True,1.4,3.5,2.5,250.0,186,-1191.44,0.921,42.47,3106.88,-0.38,48.61,35,72,-9.57
14,22,10,zero_cross,none,True,1.4,4.0,1.5,0.0,265,-451.73,0.973,28.3,1935.88,-0.23,41.67,30,72,-4.16
14,22,10,zero_cross,none,True,1.4,4.0,1.5,200.0,216,-1093.76,0.919,26.85,2237.78,-0.49,43.06,31,72,-9.15
14,22,10,zero_cross,none,True,1.4,4.0,1.5,250.0,229,-934.61,0.934,27.07,2479.44,-0.38,41.67,30,72,-7.31
14,22,10,zero_cross,none,True,1.4,4.0,2.0,0.0,230,-2227.45,0.878,32.61,4595.02,-0.48,44.44,32,72,-12.82
14,22,10,zero_cross,none,True,1.4,4.0,2.0,200.0,174,-1849.63,0.864,32.18,4077.84,-0.45,45.83,33,72,-11.47
14,22,10,zero_cross,none,True,1.4,4.0,2.0,250.0,186,-2782.6,0.815,31.72,5261.83,-0.53,44.44,32,72,-13.89
14,22,10,zero_cross,none,True,1.4,4.0,2.5,0.0,215,-1235.08,0.933,39.53,2881.31,-0.43,45.83,33,72,-9.84
14,22,10,zero_cross,none,True,1.4,4.0,2.5,200.0,161,-815.02,0.942,39.75,2820.4,-0.29,52.78,38,72,-7.63
14,22,10,zero_cross,none,True,1.4,4.0,2.5,250.0,172,-728.56,0.95,40.12,2984.96,-0.24,50.0,36,72,-6.33
14,22,10,zero_cross,none,True,1.4,4.5,1.5,0.0,258,-978.01,0.941,25.58,2472.47,-0.4,41.67,30,72,-7.71
14,22,10,zero_cross,none,True,1.4,4.5,1.5,200.0,217,-2240.93,0.843,23.5,2608.28,-0.86,41.67,30,72,-15.41
14,22,10,zero_cross,none,True,1.4,4.5,1.5,250.0,223,-1831.4,0.874,24.22,2671.55,-0.69,41.67,30,72,-12.9
14,22,10,zero_cross,none,True,1.4,4.5,2.0,0.0,216,-4744.1,0.733,27.31,5614.66,-0.84,37.5,27,72,-17.4
14,22,10,zero_cross,none,True,1.4,4.5,2.0,200.0,172,-5043.62,0.662,26.16,5722.41,-0.88,37.5,27,72,-16.55
14,22,10,zero_cross,none,True,1.4,4.5,2.0,250.0,177,-4622.16,0.695,27.12,5773.75,-0.8,37.5,27,72,-15.85
14,22,10,zero_cross,none,True,1.4,4.5,2.5,0.0,194,-3630.68,0.797,34.02,4322.01,-0.84,41.67,30,72,-18.34
14,22,10,zero_cross,none,True,1.4,4.5,2.5,200.0,154,-4359.95,0.713,32.47,4768.5,-0.91,41.67,30,72,-18.76
14,22,10,zero_cross,none,True,1.4,4.5,2.5,250.0,161,-3933.31,0.748,33.54,4758.57,-0.83,41.67,30,72,-17.77
14,22,10,zero_cross,none,True,1.4,5.0,1.5,0.0,256,-1490.78,0.912,23.44,2588.03,-0.58,38.89,28,72,-10.39
14,22,10,zero_cross,none,True,1.4,5.0,1.5,200.0,211,-2451.76,0.829,21.8,2938.57,-0.83,40.28,29,72,-15.1
14,22,10,zero_cross,none,True,1.4,5.0,1.5,250.0,224,-2258.21,0.849,22.32,2956.5,-0.76,38.89,28,72,-13.71
14,22,10,zero_cross,none,True,1.4,5.0,2.0,0.0,214,-5801.59,0.684,24.3,6866.58,-0.84,34.72,25,72,-16.63
14,22,10,zero_cross,none,True,1.4,5.0,2.0,200.0,170,-6060.68,0.605,22.94,6893.35,-0.88,34.72,25,72,-15.33
14,22,10,zero_cross,none,True,1.4,5.0,2.0,250.0,180,-5622.52,0.644,23.89,6666.67,-0.84,34.72,25,72,-15.4
14,22,10,zero_cross,none,True,1.4,5.0,2.5,0.0,189,-5711.17,0.696,29.63,6533.46,-0.87,37.5,27,72,-18.44
14,22,10,zero_cross,none,True,1.4,5.0,2.5,200.0,148,-6565.87,0.587,27.03,7073.61,-0.93,37.5,27,72,-17.18
14,22,10,zero_cross,none,True,1.4,5.0,2.5,250.0,160,-5825.34,0.646,28.75,6521.68,-0.89,37.5,27,72,-17.47
14,22,10,zero_cross,none,False,1.5,3.5,1.5,0.0,695,-2021.41,0.951,31.51,3481.47,-0.58,37.5,27,72,-12.22
14,22,10,zero_cross,none,False,1.5,3.5,1.5,200.0,383,1672.57,1.081,33.42,1824.8,0.92,54.17,39,72,22.93
14,22,10,zero_cross,none,False,1.5,3.5,1.5,250.0,445,1509.74,1.061,33.03,2041.13,0.74,50.0,36,72,17.73
14,22,10,zero_cross,none,False,1.5,3.5,2.0,0.0,552,-2069.93,0.95,36.96,3299.24,-0.63,34.72,25,72,-11.89
14,22,10,zero_cross,none,False,1.5,3.5,2.0,200.0,291,-580.89,0.971,37.8,4340.89,-0.13,50.0,36,72,-4.28
14,22,10,zero_cross,none,False,1.5,3.5,2.0,250.0,329,-334.05,0.986,38.3,3300.47,-0.1,45.83,33,72,-2.63
14,22,10,zero_cross,none,False,1.5,3.5,2.5,0.0,472,-1947.02,0.952,41.74,3338.19,-0.58,31.94,23,72,-10.25
14,22,10,zero_cross,none,False,1.5,3.5,2.5,200.0,246,-916.88,0.954,41.06,3544.58,-0.26,48.61,35,72,-7.14
14,22,10,zero_cross,none,False,1.5,3.5,2.5,250.0,269,-1807.7,0.919,40.52,3517.1,-0.51,43.06,31,72,-12.06
14,22,10,zero_cross,none,False,1.5,4.0,1.5,0.0,675,316.15,1.008,29.78,3816.96,0.08,38.89,28,72,2.01
14,22,10,zero_cross,none,False,1.5,4.0,1.5,200.0,318,3434.32,1.191,32.08,1513.0,2.27,56.94,41,72,59.88
14,22,10,zero_cross,none,False,1.5,4.0,1.5,250.0,399,2630.28,1.116,31.08,2052.45,1.28,51.39,37,72,33.3
14,22,10,zero_cross,none,False,1.5,4.0,2.0,0.0,530,1020.56,1.026,35.47,2811.31,0.36,40.28,29,72,7.95
14,22,10,zero_cross,none,False,1.5,4.0,2.0,200.0,263,215.42,1.012,34.98,4111.24,0.05,50.0,36,72,1.7
14,22,10,zero_cross,none,False,1.5,4.0,2.0,250.0,300,522.29,1.025,35.67,3897.42,0.13,45.83,33,72,3.93
14,22,10,zero_cross,none,False,1.5,4.0,2.5,0.0,442,-514.18,0.987,38.91,3454.73,-0.15,34.72,25,72,-3.0
14,22,10,zero_cross,none,False,1.5,4.0,2.5,200.0,234,-482.34,0.976,38.89,3661.25,-0.13,50.0,36,72,-3.89
14,22,10,zero_cross,none,False,1.5,4.0,2.5,250.0,257,521.47,1.024,39.3,3328.73,0.16,47.22,34,72,4.37
14,22,10,zero_cross,none,False,1.5,4.5,1.5,0.0,627,1347.53,1.034,27.91,2372.11,0.57,38.89,28,72,11.13
14,22,10,zero_cross,none,False,1.5,4.5,1.5,200.0,279,4718.72,1.291,32.26,1810.8,2.61,61.11,44,72,87.48
14,22,10,zero_cross,none,False,1.5,4.5,1.5,250.0,350,3651.0,1.182,29.71,1785.29,2.05,54.17,39,72,55.33
14,22,10,zero_cross,none,False,1.5,4.5,2.0,0.0,502,-337.12,0.991,32.87,3740.02,-0.09,38.89,28,72,-2.12
14,22,10,zero_cross,none,False,1.5,4.5,2.0,200.0,247,-704.79,0.962,32.79,4801.49,-0.15,48.61,35,72,-4.76
14,22,10,zero_cross,none,False,1.5,4.5,2.0,250.0,284,-342.45,0.984,33.1,5266.0,-0.07,45.83,33,72,-2.13
14,22,10,zero_cross,none,False,1.5,4.5,2.5,0.0,395,-1317.62,0.965,35.95,5203.9,-0.25,36.11,26,72,-6.36
14,22,10,zero_cross,none,False,1.5,4.5,2.5,200.0,210,-280.2,0.985,37.14,3744.06,-0.07,52.78,38,72,-2.38
14,22,10,zero_cross,none,False,1.5,4.5,2.5,250.0,247,-688.85,0.969,36.84,4606.03,-0.15,48.61,35,72,-4.78
14,22,10,zero_cross,none,False,1.5,5.0,1.5,0.0,568,-4001.49,0.893,23.42,6626.27,-0.6,31.94,23,72,-14.02
14,22,10,zero_cross,none,False,1.5,5.0,1.5,200.0,263,3971.86,1.248,29.66,3072.65,1.29,58.33,42,72,52.16
14,22,10,zero_cross,none,False,1.5,5.0,1.5,250.0,333,2464.19,1.121,27.03,3072.65,0.8,51.39,37,72,25.61
14,22,10,zero_cross,none,False,1.5,5.0,2.0,0.0,464,-3869.77,0.898,28.66,5861.41,-0.66,34.72,25,72,-15.76
14,22,10,zero_cross,none,False,1.5,5.0,2.0,200.0,237,-34.31,0.998,31.22,4592.17,-0.01,51.39,37,72,-0.26
14,22,10,zero_cross,none,False,1.5,5.0,2.0,250.0,298,-2003.05,0.913,28.86,5800.88,-0.35,44.44,32,72,-10.67
14,22,10,zero_cross,none,False,1.5,5.0,2.5,0.0,368,-4030.17,0.893,31.79,7227.26,-0.56,34.72,25,72,-14.7
14,22,10,zero_cross,none,False,1.5,5.0,2.5,200.0,193,-3768.91,0.8,30.05,6467.91,-0.58,44.44,32,72,-16.66
14,22,10,zero_cross,none,False,1.5,5.0,2.5,250.0,213,-3850.72,0.816,30.05,6578.15,-0.59,41.67,30,72,-16.14
14,22,10,signal_cross,ema200,True,1.35,3.5,1.5,0.0,267,-492.29,0.971,31.46,3359.6,-0.15,41.67,30,72,-3.44
14,22,10,signal_cross,ema200,True,1.35,3.5,1.5,200.0,222,135.87,1.01,31.98,2362.26,0.06,44.44,32,72,1.25
14,22,10,signal_cross,ema200,True,1.35,3.5,1.5,250.0,238,-742.23,0.948,30.67,3409.77,-0.22,43.06,31,72,-5.19
14,22,10,signal_cross,ema200,True,1.35,3.5,2.0,0.0,241,-1025.45,0.943,37.34,3242.53,-0.32,34.72,25,72,-5.9
14,22,10,signal_cross,ema200,True,1.35,3.5,2.0,200.0,199,-1552.39,0.893,37.69,2774.59,-0.56,40.28,29,72,-10.6
14,22,10,signal_cross,ema200,True,1.35,3.5,2.0,250.0,215,-2742.89,0.828,35.81,3619.26,-0.76,36.11,26,72,-13.63
14,22,10,signal_cross,ema200,True,1.35,3.5,2.5,0.0,213,-2704.68,0.858,40.85,4723.08,-0.57,37.5,27,72,-12.66
14,22,10,signal_cross,ema200,True,1.35,3.5,2.5,200.0,174,-1600.62,0.89,41.95,2313.17,-0.69,45.83,33,72,-13.57
14,22,10,signal_cross,ema200,True,1.35,3.5,2.5,250.0,189,-3061.41,0.812,39.68,3375.29,-0.91,40.28,29,72,-17.24
14,22,10,signal_cross,ema200,True,1.35,4.0,1.5,0.0,265,-640.25,0.964,28.68,3198.44,-0.2,43.06,31,72,-4.7
14,22,10,signal_cross,ema200,True,1.35,4.0,1.5,200.0,213,700.96,1.055,29.58,2367.54,0.3,48.61,35,72,7.39
14,22,10,signal_cross,ema200,True,1.35,4.0,1.5,250.0,228,-112.2,0.992,28.95,2753.93,-0.04,45.83,33,72,-0.97
14,22,10,signal_cross,ema200,True,1.35,4.0,2.0,0.0,234,18.64,1.001,35.47,2438.88,0.01,37.5,27,72,0.14
14,22,10,signal_cross,ema200,True,1.35,4.0,2.0,200.0,186,-500.55,0.963,36.02,1527.36,-0.33,44.44,32,72,-5.48
14,22,10,signal_cross,ema200,True,1.35,4.0,2.0,250.0,202,-1716.43,0.889,34.65,2428.99,-0.71,40.28,29,72,-12.47
14,22,10,signal_cross,ema200,True,1.35,4.0,2.5,0.0,207,-2151.63,0.887,38.16,3906.51,-0.55,36.11,26,72,-11.03
14,22,10,signal_cross,ema200,True,1.35,4.0,2.5,200.0,166,-2988.6,0.804,37.35,3289.77,-0.91,41.67,30,72,-17.46
14,22,10,signal_cross,ema200,True,1.35,4.0,2.5,250.0,179,-3142.91,0.809,37.43,3444.08,-0.91,38.89,28,72,-16.85
14,22,10,signal_cross,ema200,True,1.35,4.5,1.5,0.0,256,-1664.23,0.905,25.78,3105.14,-0.54,40.28,29,72,-10.89
14,22,10,signal_cross,ema200,True,1.35,4.5,1.5,200.0,216,-119.86,0.991,26.85,1883.22,-0.06,44.44,32,72,-1.22
14,22,10,signal_cross,ema200,True,1.35,4.5,1.5,250.0,225,-1092.63,0.924,25.78,2855.99,-0.38,41.67,30,72,-7.87
14,22,10,signal_cross,ema200,True,1.35,4.5,2.0,0.0,228,-3876.76,0.794,30.7,4659.21,-0.83,34.72,25,72,-15.66
14,22,10,signal_cross,ema200,True,1.35,4.5,2.0,200.0,194,-2724.47,0.827,31.44,3300.86,-0.83,37.5,27,72,-14.71
14,22,10,signal_cross,ema200,True,1.35,4.5,2.0,250.0,199,-3283.66,0.798,30.65,3704.94,-0.89,36.11,26,72,-15.55
14,22,10,signal_cross,ema200,True,1.35,4.5,2.5,0.0,199,-5812.43,0.706,32.66,6143.39,-0.95,29.17,21,72,-15.27
14,22,10,signal_cross,ema200,True,1.35,4.5,2.5,200.0,169,-5251.63,0.685,31.95,5152.54,-1.02,33.33,24,72,-16.7
14,22,10,signal_cross,ema200,True,1.35,4.5,2.5,250.0,173,-5756.51,0.67,31.79,5657.42,-1.02,31.94,23,72,-16.38
14,22,10,signal_cross,ema200,True,1.35,5.0,1.5,0.0,249,-2873.24,0.835,22.89,3329.68,-0.86,37.5,27,72,-15.59
14,22,10,signal_cross,ema200,True,1.35,5.0,1.5,200.0,215,-1242.74,0.912,23.72,2432.86,-0.51,41.67,30,72,-9.58
14,22,10,signal_cross,ema200,True,1.35,5.0,1.5,250.0,223,-1734.35,0.883,23.32,2924.47,-0.59,40.28,29,72,-11.41
14,22,10,signal_cross,ema200,True,1.35,5.0,2.0,0.0,227,-3244.39,0.83,29.07,4323.06,-0.75,36.11,26,72,-14.79
14,22,10,signal_cross,ema200,True,1.35,5.0,2.0,200.0,190,-1397.01,0.908,30.53,2350.95,-0.59,44.44,32,72,-11.63
14,22,10,signal_cross,ema200,True,1.35,5.0,2.0,250.0,200,-2430.37,0.852,29.5,2805.22,-0.87,38.89,28,72,-15.2
14,22,10,signal_cross,ema200,True,1.35,5.0,2.5,0.0,196,-5894.24,0.708,30.1,5802.85,-1.02,29.17,21,72,-15.98
14,22,10,signal_cross,ema200,True,1.35,5.0,2.5,200.0,166,-4785.45,0.716,30.72,4686.36,-1.02,34.72,25,72,-17.38
14,22,10,signal_cross,ema200,True,1.35,5.0,2.5,250.0,171,-5657.99,0.676,29.24,5558.9,-1.02,33.33,24,72,-17.1
14,22,10,signal_cross,ema200,True,1.4,3.5,1.5,0.0,290,-713.64,0.961,31.38,3532.99,-0.2,37.5,27,72,-4.33
14,22,10,signal_cross,ema200,True,1.4,3.5,1.5,200.0,237,-280.81,0.98,31.65,2598.72,-0.11,41.67,30,72,-2.25
14,22,10,signal_cross,ema200,True,1.4,3.5,1.5,250.0,256,-859.1,0.944,30.47,3287.11,-0.26,40.28,29,72,-5.7
14,22,10,signal_cross,ema200,True,1.4,3.5,2.0,0.0,261,-1961.89,0.899,36.4,3964.9,-0.49,34.72,25,72,-9.73
14,22,10,signal_cross,ema200,True,1.4,3.5,2.0,200.0,214,-1568.3,0.897,37.85,2872.05,-0.55,44.44,32,72,-11.67
14,22,10,signal_cross,ema200,True,1.4,3.5,2.0,250.0,233,-2752.92,0.838,36.05,3502.12,-0.79,38.89,28,72,-15.16
14,22,10,signal_cross,ema200,True,1.4,3.5,2.5,0.0,233,-3418.9,0.837,40.34,5060.52,-0.68,38.89,28,72,-15.64
14,22,10,signal_cross,ema200,True,1.4,3.5,2.5,200.0,188,-1535.9,0.902,42.55,1769.62,-0.87,50.0,36,72,-16.47
14,22,10,signal_cross,ema200,True,1.4,3.5,2.5,250.0,205,-2856.61,0.836,40.49,3060.9,-0.93,43.06,31,72,-18.59
14,22,10,signal_cross,ema200,True,1.4,4.0,1.5,0.0,288,-717.67,0.963,28.82,3126.12,-0.23,38.89,28,72,-4.81
14,22,10,signal_cross,ema200,True,1.4,4.0,1.5,200.0,224,258.15,1.019,29.46,2367.61,0.11,45.83,33,72,2.48
14,22,10,signal_cross,ema200,True,1.4,4.0,1.5,250.0,242,-374.56,0.975,28.93,2430.32,-0.15,43.06,31,72,-3.19
14,22,10,signal_cross,ema200,True,1.4,4.0,2.0,0.0,255,-887.17,0.955,34.51,3358.77,-0.26,36.11,26,72,-5.28
14,22,10,signal_cross,ema200,True,1.4,4.0,2.0,200.0,195,-958.18,0.934,35.38,1948.9,-0.49,43.06,31,72,-8.73
14,22,10,signal_cross,ema200,True,1.4,4.0,2.0,250.0,219,-2043.25,0.877,34.25,2746.36,-0.74,41.67,30,72,-14.25
14,22,10,signal_cross,ema200,True,1.4,4.0,2.5,0.0,226,-2507.89,0.879,38.05,4583.5,-0.55,37.5,27,72,-12.21
14,22,10,signal_cross,ema200,True,1.4,4.0,2.5,200.0,170,-2095.2,0.862,38.82,2330.84,-0.9,45.83,33,72,-17.14
14,22,10,signal_cross,ema200,True,1.4,4.0,2.5,250.0,193,-2793.0,0.839,38.34,2976.73,-0.94,41.67,30,72,-17.9
14,22,10,signal_cross,ema200,True,1.4,4.5,1.5,0.0,277,-2263.85,0.879,25.63,4116.06,-0.55,37.5,27,72,-11.63
14,22,10,signal_cross,ema200,True,1.4,4.5,1.5,200.0,220,-221.33,0.984,27.27,2093.83,-0.11,45.83,33,72,-2.18
14,22,10,signal_cross,ema200,True,1.4,4.5,1.5,250.0,236,-1824.2,0.881,25.42,3160.94,-0.58,41.67,30,72,-11.91
14,22,10,signal_cross,ema200,True,1.4,4.5,2.0,0.0,249,-4962.64,0.758,29.72,5576.77,-0.89,31.94,23,72,-16.09
14,22,10,signal_cross,ema200,True,1.4,4.5,2.0,200.0,200,-3481.4,0.787,30.5,3768.72,-0.92,38.89,28,72,-17.36
14,22,10,signal_cross,ema200,True,1.4,4.5,2.0,250.0,211,-4097.05,0.764,29.86,4127.0,-0.99,36.11,26,72,-17.59
14,22,10,signal_cross,ema200,True,1.4,4.5,2.5,0.0,213,-6100.48,0.71,32.86,6492.97,-0.94,30.56,22,72,-16.43
14,22,10,signal_cross,ema200,True,1.4,4.5,2.5,200.0,170,-5355.53,0.683,32.35,5256.44,-1.02,36.11,26,72,-18.22
14,22,10,signal_cross,ema200,True,1.4,4.5,2.5,250.0,174,-5112.07,0.702,32.76,5012.98,-1.02,34.72,25,72,-17.6
14,22,10,signal_cross,ema200,True,1.4,5.0,1.5,0.0,270,-3485.31,0.812,22.96,4532.14,-0.77,36.11,26,72,-15.18
14,22,10,signal_cross,ema200,True,1.4,5.0,1.5,200.0,221,-1279.13,0.911,24.43,2483.01,-0.52,43.06,31,72,-10.07
14,22,10,signal_cross,ema200,True,1.4,5.0,1.5,250.0,238,-2513.08,0.841,23.11,3198.89,-0.79,40.28,29,72,-15.05
14,22,10,signal_cross,ema200,True,1.4,5.0,2.0,0.0,247,-4580.21,0.779,27.94,5618.34,-0.82,36.11,26,72,-17.19
14,22,10,signal_cross,ema200,True,1.4,5.0,2.0,200.0,197,-2780.43,0.827,28.93,3217.57,-0.86,43.06,31,72,-17.46
14,22,10,signal_cross,ema200,True,1.4,5.0,2.0,250.0,208,-3525.04,0.796,28.37,3664.48,-0.96,38.89,28,72,-18.03
14,22,10,signal_cross,ema200,True,1.4,5.0,2.5,0.0,209,-6389.71,0.702,30.14,6879.77,-0.93,29.17,21,72,-15.77
14,22,10,signal_cross,ema200,True,1.4,5.0,2.5,200.0,167,-5689.99,0.672,29.94,5590.9,-1.02,33.33,24,72,-17.04
14,22,10,signal_cross,ema200,True,1.4,5.0,2.5,250.0,173,-5994.78,0.664,29.48,5895.69,-1.02,31.94,23,72,-16.56
14,22,10,signal_cross,ema200,False,1.5,3.5,1.5,0.0,728,-3279.51,0.926,30.49,4542.76,-0.72,30.56,22,72,-13.77
14,22,10,signal_cross,ema200,False,1.5,3.5,1.5,200.0,461,-922.41,0.962,29.93,2420.78,-0.38,47.22,34,72,-8.52
14,22,10,signal_cross,ema200,False,1.5,3.5,1.5,250.0,521,-1486.58,0.948,30.13,2749.34,-0.54,40.28,29,72,-10.83
14,22,10,signal_cross,ema200,False,1.5,3.5,2.0,0.0,594,-3935.9,0.909,36.03,5736.76,-0.69,29.17,21,72,-13.78
14,22,10,signal_cross,ema200,False,1.5,3.5,2.0,200.0,349,-308.84,0.986,36.39,2319.95,-0.13,50.0,36,72,-3.16
14,22,10,signal_cross,ema200,False,1.5,3.5,2.0,250.0,403,-1493.21,0.943,35.73,3214.51,-0.46,44.44,32,72,-11.04
14,22,10,signal_cross,ema200,False,1.5,3.5,2.5,0.0,490,-6292.93,0.852,40.82,6581.19,-0.96,31.94,23,72,-21.11
14,22,10,signal_cross,ema200,False,1.5,3.5,2.5,200.0,285,-1061.81,0.95,42.11,2596.26,-0.41,52.78,38,72,-10.45
14,22,10,signal_cross,ema200,False,1.5,3.5,2.5,250.0,327,-3040.39,0.88,40.98,4761.88,-0.64,45.83,33,72,-17.77
14,22,10,signal_cross,ema200,False,1.5,4.0,1.5,0.0,679,-3114.73,0.928,27.69,4450.62,-0.7,31.94,23,72,-13.84
14,22,10,signal_cross,ema200,False,1.5,4.0,1.5,200.0,380,305.13,1.015,29.21,1995.12,0.15,51.39,37,72,3.56
14,22,10,signal_cross,ema200,False,1.5,4.0,1.5,250.0,434,-850.79,0.965,28.11,2125.53,-0.4,47.22,34,72,-8.41
14,22,10,signal_cross,ema200,False,1.5,4.0,2.0,0.0,578,-1680.87,0.961,33.91,4299.07,-0.39,34.72,25,72,-8.55
14,22,10,signal_cross,ema200,False,1.5,4.0,2.0,200.0,323,10.34,1.0,34.37,2653.02,0.0,50.0,36,72,0.1
14,22,10,signal_cross,ema200,False,1.5,4.0,2.0,250.0,366,-317.12,0.987,34.43,3601.45,-0.09,45.83,33,72,-2.39
14,22,10,signal_cross,ema200,False,1.5,4.0,2.5,0.0,483,-2145.23,0.95,39.75,3853.73,-0.56,33.33,24,72,-10.94
14,22,10,signal_cross,ema200,False,1.5,4.0,2.5,200.0,275,-486.27,0.977,39.64,2469.01,-0.2,51.39,37,72,-4.91
14,22,10,signal_cross,ema200,False,1.5,4.0,2.5,250.0,308,-1632.6,0.934,38.96,4061.89,-0.4,45.83,33,72,-10.97
14,22,10,signal_cross,ema200,False,1.5,4.5,1.5,0.0,623,-2519.46,0.937,25.52,4983.07,-0.51,30.56,22,72,-10.22
14,22,10,signal_cross,ema200,False,1.5,4.5,1.5,200.0,344,-2039.03,0.9,25.29,2788.34,-0.73,45.83,33,72,-15.93
14,22,10,signal_cross,ema200,False,1.5,4.5,1.5,250.0,400,-2335.97,0.9,25.25,2646.08,-0.88,41.67,30,72,-17.03
14,22,10,signal_cross,ema200,False,1.5,4.5,2.0,0.0,518,-2700.12,0.935,30.31,4842.61,-0.56,30.56,22,72,-11.09
14,22,10,signal_cross,ema200,False,1.5,4.5,2.0,200.0,270,-1025.84,0.948,31.85,3143.59,-0.33,48.61,35,72,-8.43
14,22,10,signal_cross,ema200,False,1.5,4.5,2.0,250.0,327,-1686.99,0.928,30.89,3007.12,-0.56,44.44,32,72,-12.69
14,22,10,signal_cross,ema200,False,1.5,4.5,2.5,0.0,456,-3298.32,0.922,36.18,5174.47,-0.64,33.33,24,72,-14.09
14,22,10,signal_cross,ema200,False,1.5,4.5,2.5,200.0,248,-196.37,0.99,38.71,2679.25,-0.07,51.39,37,72,-1.93
14,22,10,signal_cross,ema200,False,1.5,4.5,2.5,250.0,285,-1668.94,0.929,36.49,3009.87,-0.55,45.83,33,72,-12.95
14,22,10,signal_cross,ema200,False,1.5,5.0,1.5,0.0,617,1778.95,1.043,24.64,4461.04,0.4,30.56,22,72,8.49
14,22,10,signal_cross,ema200,False,1.5,5.0,1.5,200.0,306,-1086.85,0.942,24.18,2849.15,-0.38,48.61,35,72,-9.32
14,22,10,signal_cross,ema200,False,1.5,5.0,1.5,250.0,389,-1927.21,0.917,23.14,2671.56,-0.72,40.28,29,72,-13.77
14,22,10,signal_cross,ema200,False,1.5,5.0,2.0,0.0,505,-1461.13,0.964,28.91,4180.43,-0.35,29.17,21,72,-6.35
14,22,10,signal_cross,ema200,False,1.5,5.0,2.0,200.0,259,68.8,1.004,30.5,2765.91,0.02,50.0,36,72,0.66
14,22,10,signal_cross,ema200,False,1.5,5.0,2.0,250.0,306,-394.98,0.982,29.08,2368.18,-0.17,44.44,32,72,-3.54
14,22,10,signal_cross,ema200,False,1.5,5.0,2.5,0.0,449,-1245.43,0.97,34.74,4438.88,-0.28,36.11,26,72,-6.55
14,22,10,signal_cross,ema200,False,1.5,5.0,2.5,200.0,218,-210.4,0.989,36.24,3165.26,-0.07,50.0,36,72,-1.85
14,22,10,signal_cross,ema200,False,1.5,5.0,2.5,250.0,257,276.08,1.013,36.19,3165.26,0.09,48.61,35,72,2.42
14,22,10,signal_cross,ema50,True,1.35,3.5,1.5,0.0,284,-777.61,0.956,32.39,3437.74,-0.23,41.67,30,72,-5.28
14,22,10,signal_cross,ema50,True,1.35,3.5,1.5,200.0,226,445.8,1.034,33.63,2343.5,0.19,47.22,34,72,4.5
14,22,10,signal_cross,ema50,True,1.35,3.5,1.5,250.0,250,-273.99,0.981,32.4,3471.76,-0.08,44.44,32,72,-2.03
14,22,10,signal_cross,ema50,True,1.35,3.5,2.0,0.0,255,-2248.7,0.881,37.25,4146.13,-0.54,37.5,27,72,-11.54
14,22,10,signal_cross,ema50,True,1.35,3.5,2.0,200.0,205,-741.37,0.949,39.51,3499.19,-0.21,44.44,32,72,-5.29
14,22,10,signal_cross,ema50,True,1.35,3.5,2.0,250.0,235,-1863.59,0.891,37.45,4350.34,-0.43,40.28,29,72,-10.14
14,22,10,signal_cross,ema50,True,1.35,3.5,2.5,0.0,229,-4436.31,0.786,40.17,5946.61,-0.75,33.33,24,72,-15.07
14,22,10,signal_cross,ema50,True,1.35,3.5,2.5,200.0,185,-1491.26,0.904,43.24,3675.47,-0.41,44.44,32,72,-9.88
14,22,10,signal_cross,ema50,True,1.35,3.5,2.5,250.0,207,-2209.97,0.874,41.55,4528.21,-0.49,40.28,29,72,-11.56
14,22,10,signal_cross,ema50,True,1.35,4.0,1.5,0.0,280,82.38,1.005,30.36,2417.09,0.03,45.83,33,72,0.77
14,22,10,signal_cross,ema50,True,1.35,4.0,1.5,200.0,223,1004.75,1.075,30.94,1563.27,0.64,51.39,37,72,14.04
14,22,10,signal_cross,ema50,True,1.35,4.0,1.5,250.0,237,1393.88,1.099,31.65,1588.11,0.88,51.39,37,72,19.75
14,22,10,signal_cross,ema50,True,1.35,4.0,2.0,0.0,248,-1394.55,0.927,35.08,3510.39,-0.4,41.67,30,72,-9.09
14,22,10,signal_cross,ema50,True,1.35,4.0,2.0,200.0,194,-542.97,0.962,36.6,2655.22,-0.2,48.61,35,72,-4.93
14,22,10,signal_cross,ema50,True,1.35,4.0,2.0,250.0,209,-412.09,0.973,36.84,2903.01,-0.14,47.22,34,72,-3.51
14,22,10,signal_cross,ema50,True,1.35,4.0,2.5,0.0,223,-3258.31,0.841,38.57,5285.26,-0.62,36.11,26,72,-13.61
14,22,10,signal_cross,ema50,True,1.35,4.0,2.5,200.0,174,-2080.14,0.866,39.66,4049.14,-0.51,44.44,32,72,-12.58
14,22,10,signal_cross,ema50,True,1.35,4.0,2.5,250.0,190,-2093.26,0.877,40.0,3740.22,-0.56,41.67,30,72,-12.51
14,22,10,signal_cross,ema50,True,1.35,4.5,1.5,0.0,275,-1037.24,0.943,26.55,2973.24,-0.35,43.06,31,72,-7.72
14,22,10,signal_cross,ema50,True,1.35,4.5,1.5,200.0,224,809.95,1.059,28.12,1640.76,0.49,47.22,34,72,10.0
14,22,10,signal_cross,ema50,True,1.35,4.5,1.5,250.0,234,791.81,1.054,28.21,1658.9,0.48,47.22,34,72,9.68
14,22,10,signal_cross,ema50,True,1.35,4.5,2.0,0.0,243,-2766.12,0.859,31.28,4990.69,-0.55,43.06,31,72,-14.48
14,22,10,signal_cross,ema50,True,1.35,4.5,2.0,200.0,203,-1451.71,0.908,32.51,3673.37,-0.4,45.83,33,72,-9.97
14,22,10,signal_cross,ema50,True,1.35,4.5,2.0,250.0,208,-1714.2,0.894,32.21,3935.86,-0.44,45.83,33,72,-11.2
14,22,10,signal_cross,ema50,True,1.35,4.5,2.5,0.0,216,-4353.26,0.793,34.26,6630.45,-0.66,34.72,25,72,-14.72
14,22,10,signal_cross,ema50,True,1.35,4.5,2.5,200.0,174,-3054.07,0.813,35.06,4941.45,-0.62,41.67,30,72,-14.72
14,22,10,signal_cross,ema50,True,1.35,4.5,2.5,250.0,182,-4027.23,0.771,34.07,6170.23,-0.65,38.89,28,72,-15.37
14,22,10,signal_cross,ema50,True,1.35,5.0,1.5,0.0,270,-1268.74,0.932,24.07,3312.49,-0.38,40.28,29,72,-8.28
14,22,10,signal_cross,ema50,True,1.35,5.0,1.5,200.0,224,-420.16,0.971,24.55,2333.76,-0.18,44.44,32,72,-3.75
14,22,10,signal_cross,ema50,True,1.35,5.0,1.5,250.0,236,-498.1,0.968,24.15,2660.24,-0.19,44.44,32,72,-4.15
14,22,10,signal_cross,ema50,True,1.35,5.0,2.0,0.0,241,-2662.8,0.867,29.05,4517.73,-0.59,40.28,29,72,-13.84
14,22,10,signal_cross,ema50,True,1.35,5.0,2.0,200.0,197,-1080.54,0.931,30.46,2695.27,-0.4,45.83,33,72,-8.88
14,22,10,signal_cross,ema50,True,1.35,5.0,2.0,250.0,213,-2226.15,0.87,29.11,3703.39,-0.6,43.06,31,72,-13.7
14,22,10,signal_cross,ema50,True,1.35,5.0,2.5,0.0,214,-5241.7,0.76,30.84,6661.77,-0.79,33.33,24,72,-16.27
14,22,10,signal_cross,ema50,True,1.35,5.0,2.5,200.0,172,-3124.12,0.814,32.56,4369.16,-0.72,40.28,29,72,-15.5
14,22,10,signal_cross,ema50,True,1.35,5.0,2.5,250.0,184,-4421.95,0.757,30.98,5666.99,-0.78,37.5,27,72,-16.67
14,22,10,signal_cross,ema50,True,1.4,3.5,1.5,0.0,300,-1049.77,0.943,32.0,3455.53,-0.3,44.44,32,72,-7.48
14,22,10,signal_cross,ema50,True,1.4,3.5,1.5,200.0,236,488.28,1.036,33.9,2130.16,0.23,50.0,36,72,5.48
14,22,10,signal_cross,ema50,True,1.4,3.5,1.5,250.0,261,-94.35,0.994,32.57,2929.24,-0.03,48.61,35,72,-0.84
14,22,10,signal_cross,ema50,True,1.4,3.5,2.0,0.0,268,-3132.46,0.843,36.19,4640.76,-0.67,38.89,28,72,-15.07
14,22,10,signal_cross,ema50,True,1.4,3.5,2.0,200.0,213,-742.67,0.95,39.44,3237.29,-0.23,48.61,35,72,-6.03
14,22,10,signal_cross,ema50,True,1.4,3.5,2.0,250.0,249,-2484.66,0.862,36.55,4511.99,-0.55,41.67,30,72,-13.29
14,22,10,signal_cross,ema50,True,1.4,3.5,2.5,0.0,241,-4648.0,0.786,40.25,6089.51,-0.76,37.5,27,72,-17.56
14,22,10,signal_cross,ema50,True,1.4,3.5,2.5,200.0,187,-644.34,0.958,44.92,3008.06,-0.21,51.39,37,72,-5.78
14,22,10,signal_cross,ema50,True,1.4,3.5,2.5,250.0,215,-2143.52,0.881,41.86,3924.65,-0.55,44.44,32,72,-13.4
14,22,10,signal_cross,ema50,True,1.4,4.0,1.5,0.0,296,-124.73,0.993,30.07,2413.82,-0.05,44.44,32,72,-1.12
14,22,10,signal_cross,ema50,True,1.4,4.0,1.5,200.0,230,1079.22,1.079,31.3,1229.85,0.88,50.0,36,72,16.6
14,22,10,signal_cross,ema50,True,1.4,4.0,1.5,250.0,246,1584.23,1.109,32.11,1130.05,1.4,50.0,36,72,26.13
14,22,10,signal_cross,ema50,True,1.4,4.0,2.0,0.0,262,-2329.8,0.884,33.97,3732.13,-0.62,40.28,29,72,-13.58
14,22,10,signal_cross,ema50,True,1.4,4.0,2.0,200.0,203,-921.7,0.938,35.96,2904.31,-0.32,47.22,34,72,-7.58
14,22,10,signal_cross,ema50,True,1.4,4.0,2.0,250.0,219,-566.59,0.964,36.53,2715.7,-0.21,47.22,34,72,-4.95
14,22,10,signal_cross,ema50,True,1.4,4.0,2.5,0.0,235,-3364.17,0.843,38.72,5569.11,-0.6,40.28,29,72,-15.31
14,22,10,signal_cross,ema50,True,1.4,4.0,2.5,200.0,175,-817.44,0.945,41.71,3520.23,-0.23,51.39,37,72,-6.69
14,22,10,signal_cross,ema50,True,1.4,4.0,2.5,250.0,193,-1329.43,0.921,41.45,3423.26,-0.39,48.61,35,72,-10.17
14,22,10,signal_cross,ema50,True,1.4,4.5,1.5,0.0,291,-1159.66,0.939,26.46,2885.28,-0.4,38.89,28,72,-7.88
14,22,10,signal_cross,ema50,True,1.4,4.5,1.5,200.0,231,709.06,1.05,28.14,1562.65,0.45,45.83,33,72,8.63
14,22,10,signal_cross,ema50,True,1.4,4.5,1.5,250.0,242,860.16,1.057,28.51,1684.88,0.51,45.83,33,72,10.15
14,22,10,signal_cross,ema50,True,1.4,4.5,2.0,0.0,257,-3570.6,0.827,30.35,5517.25,-0.65,40.28,29,72,-16.01
14,22,10,signal_cross,ema50,True,1.4,4.5,2.0,200.0,212,-2001.38,0.879,31.6,3918.33,-0.51,44.44,32,72,-12.49
14,22,10,signal_cross,ema50,True,1.4,4.5,2.0,250.0,218,-1804.81,0.892,32.11,3721.76,-0.48,44.44,32,72,-11.73
14,22,10,signal_cross,ema50,True,1.4,4.5,2.5,0.0,226,-3953.3,0.817,34.96,6213.22,-0.64,36.11,26,72,-14.8
14,22,10,signal_cross,ema50,True,1.4,4.5,2.5,200.0,177,-2462.5,0.85,36.16,4309.45,-0.57,44.44,32,72,-14.17
14,22,10,signal_cross,ema50,True,1.4,4.5,2.5,250.0,183,-2503.36,0.852,36.07,4358.2,-0.57,43.06,31,72,-13.91
14,22,10,signal_cross,ema50,True,1.4,5.0,1.5,0.0,286,-1406.75,0.927,24.13,3240.12,-0.43,38.89,28,72,-8.91
14,22,10,signal_cross,ema50,True,1.4,5.0,1.5,200.0,230,-523.47,0.965,24.78,2124.72,-0.25,45.83,33,72,-5.02
14,22,10,signal_cross,ema50,True,1.4,5.0,1.5,250.0,250,-587.34,0.964,24.4,2246.95,-0.26,44.44,32,72,-5.31
14,22,10,signal_cross,ema50,True,1.4,5.0,2.0,0.0,255,-3187.41,0.848,28.63,5036.24,-0.63,36.11,26,72,-13.75
14,22,10,signal_cross,ema50,True,1.4,5.0,2.0,200.0,204,-1587.64,0.901,29.9,3390.89,-0.47,43.06,31,72,-10.58
14,22,10,signal_cross,ema50,True,1.4,5.0,2.0,250.0,220,-2469.62,0.86,29.09,3872.21,-0.64,38.89,28,72,-13.27
14,22,10,signal_cross,ema50,True,1.4,5.0,2.5,0.0,223,-5056.01,0.774,31.39,6399.3,-0.79,34.72,25,72,-16.98
14,22,10,signal_cross,ema50,True,1.4,5.0,2.5,200.0,179,-4007.13,0.774,31.84,5000.74,-0.8,38.89,28,72,-17.06
14,22,10,signal_cross,ema50,True,1.4,5.0,2.5,250.0,189,-4118.62,0.777,31.75,5112.23,-0.81,37.5,27,72,-16.78
14,22,10,signal_cross,ema50,False,1.5,3.5,1.5,0.0,701,-966.9,0.976,31.1,4257.45,-0.23,40.28,29,72,-5.83
14,22,10,signal_cross,ema50,False,1.5,3.5,1.5,200.0,384,-1064.35,0.95,30.73,4384.14,-0.24,50.0,36,72,-7.64
14,22,10,signal_cross,ema50,False,1.5,3.5,1.5,250.0,419,-994.98,0.957,31.26,4576.53,-0.22,47.22,34,72,-6.65
14,22,10,signal_cross,ema50,False,1.5,3.5,2.0,0.0,560,-2632.25,0.935,36.25,3998.16,-0.66,31.94,23,72,-12.43
14,22,10,signal_cross,ema50,False,1.5,3.5,2.0,200.0,281,-927.35,0.95,37.72,2506.23,-0.37,50.0,36,72,-8.8
14,22,10,signal_cross,ema50,False,1.5,3.5,2.0,250.0,344,-1450.58,0.936,36.63,2840.57,-0.51,45.83,33,72,-11.68
14,22,10,signal_cross,ema50,False,1.5,3.5,2.5,0.0,486,-3891.39,0.904,41.56,4470.25,-0.87,34.72,25,72,-18.27
14,22,10,signal_cross,ema50,False,1.5,3.5,2.5,200.0,254,-2424.67,0.878,42.13,2865.02,-0.85,48.61,35,72,-19.33
14,22,10,signal_cross,ema50,False,1.5,3.5,2.5,250.0,297,-2698.9,0.884,41.75,3193.21,-0.85,44.44,32,72,-18.76
14,22,10,signal_cross,ema50,False,1.5,4.0,1.5,0.0,660,-770.62,0.981,28.79,4253.43,-0.18,31.94,23,72,-3.7
14,22,10,signal_cross,ema50,False,1.5,4.0,1.5,200.0,347,-1408.11,0.93,27.95,4684.56,-0.3,47.22,34,72,-9.03
14,22,10,signal_cross,ema50,False,1.5,4.0,1.5,250.0,402,-642.95,0.972,28.61,4259.33,-0.15,44.44,32,72,-4.26
14,22,10,signal_cross,ema50,False,1.5,4.0,2.0,0.0,535,-2572.7,0.936,33.64,3848.73,-0.67,31.94,23,72,-12.4
14,22,10,signal_cross,ema50,False,1.5,4.0,2.0,200.0,272,-1951.16,0.9,33.82,3242.89,-0.6,47.22,34,72,-14.56
14,22,10,signal_cross,ema50,False,1.5,4.0,2.0,250.0,306,-2058.54,0.906,33.66,3039.29,-0.68,43.06,31,72,-14.57
14,22,10,signal_cross,ema50,False,1.5,4.0,2.5,0.0,454,-5083.41,0.875,37.89,5540.09,-0.92,31.94,23,72,-19.09
14,22,10,signal_cross,ema50,False,1.5,4.0,2.5,200.0,216,-2807.44,0.849,38.89,3370.0,-0.83,48.61,35,72,-19.96
14,22,10,signal_cross,ema50,False,1.5,4.0,2.5,250.0,268,-3464.92,0.849,37.69,3765.12,-0.92,43.06,31,72,-20.64
14,22,10,signal_cross,ema50,False,1.5,4.5,1.5,0.0,624,1358.59,1.035,27.24,3737.76,0.36,36.11,26,72,8.31
14,22,10,signal_cross,ema50,False,1.5,4.5,1.5,200.0,322,-169.94,0.991,26.4,3301.57,-0.05,48.61,35,72,-1.42
14,22,10,signal_cross,ema50,False,1.5,4.5,1.5,250.0,366,-1358.23,0.938,25.41,4622.22,-0.29,43.06,31,72,-8.07
14,22,10,signal_cross,ema50,False,1.5,4.5,2.0,0.0,487,-14.54,1.0,31.21,3393.62,-0.0,33.33,24,72,-0.08
14,22,10,signal_cross,ema50,False,1.5,4.5,2.0,200.0,269,-2671.35,0.87,29.37,3671.95,-0.73,43.06,31,72,-16.51
14,22,10,signal_cross,ema50,False,1.5,4.5,2.0,250.0,285,-1870.32,0.911,30.53,3534.54,-0.53,43.06,31,72,-12.34
14,22,10,signal_cross,ema50,False,1.5,4.5,2.5,0.0,439,-3527.92,0.914,35.31,3898.31,-0.9,31.94,23,72,-16.5
14,22,10,signal_cross,ema50,False,1.5,4.5,2.5,200.0,223,-1610.54,0.918,37.22,2681.14,-0.6,48.61,35,72,-13.88
14,22,10,signal_cross,ema50,False,1.5,4.5,2.5,250.0,234,-1104.38,0.945,38.03,2681.14,-0.41,48.61,35,72,-9.8
14,22,10,signal_cross,ema50,False,1.5,5.0,1.5,0.0,621,5231.09,1.133,26.57,3824.98,1.37,37.5,27,72,35.94
14,22,10,signal_cross,ema50,False,1.5,5.0,1.5,200.0,317,1397.52,1.075,25.87,2818.5,0.5,51.39,37,72,14.54
14,22,10,signal_cross,ema50,False,1.5,5.0,1.5,250.0,354,1082.44,1.052,25.71,3523.81,0.31,47.22,34,72,9.06
14,22,10,signal_cross,ema50,False,1.5,5.0,2.0,0.0,476,1709.68,1.045,29.62,3441.2,0.5,34.72,25,72,10.57
14,22,10,signal_cross,ema50,False,1.5,5.0,2.0,200.0,243,-2001.29,0.894,27.98,3158.7,-0.63,44.44,32,72,-14.15
14,22,10,signal_cross,ema50,False,1.5,5.0,2.0,250.0,284,-2437.44,0.888,27.82,3244.85,-0.75,41.67,30,72,-15.83
14,22,10,signal_cross,ema50,False,1.5,5.0,2.5,0.0,408,-719.84,0.982,34.07,4126.99,-0.17,34.72,25,72,-3.82
14,22,10,signal_cross,ema50,False,1.5,5.0,2.5,200.0,211,-3076.79,0.845,33.65,4048.46,-0.76,44.44,32,72,-18.16
14,22,10,signal_cross,ema50,False,1.5,5.0,2.5,250.0,232,-3350.02,0.845,33.62,4042.32,-0.83,43.06,31,72,-19.17
14,22,10,signal_cross,none,True,1.35,3.5,1.5,0.0,425,-8.58,1.0,32.47,2146.52,-0.0,48.61,35,72,-0.09
14,22,10,signal_cross,none,True,1.35,3.5,1.5,200.0,294,1674.87,1.102,34.35,2214.97,0.76,56.94,41,72,22.33
14,22,10,signal_cross,none,True,1.35,3.5,1.5,250.0,326,600.41,1.033,33.44,2068.11,0.29,52.78,38,72,7.2
14,22,10,signal_cross,none,True,1.35,3.5,2.0,0.0,373,-3171.78,0.883,36.46,4221.81,-0.75,37.5,27,72,-16.16
14,22,10,signal_cross,none,True,1.35,3.5,2.0,200.0,237,-248.65,0.984,38.82,2507.18,-0.1,51.39,37,72,-2.51
14,22,10,signal_cross,none,True,1.35,3.5,2.0,250.0,285,-1658.93,0.914,36.84,2853.34,-0.58,44.44,32,72,-12.61
14,22,10,signal_cross,none,True,1.35,3.5,2.5,0.0,340,-5135.98,0.827,40.0,5668.16,-0.91,36.11,26,72,-20.37
14,22,10,signal_cross,none,True,1.35,3.5,2.5,200.0,216,-1478.9,0.915,42.59,2988.91,-0.49,50.0,36,72,-12.38
14,22,10,signal_cross,none,True,1.35,3.5,2.5,250.0,256,-2935.27,0.86,41.02,4057.3,-0.72,44.44,32,72,-17.61
14,22,10,signal_cross,none,True,1.35,4.0,1.5,0.0,412,69.01,1.003,30.1,2511.29,0.03,50.0,36,72,0.69
14,22,10,signal_cross,none,True,1.35,4.0,1.5,200.0,278,1856.63,1.116,32.01,2058.04,0.9,55.56,40,72,25.38
14,22,10,signal_cross,none,True,1.35,4.0,1.5,250.0,302,2258.81,1.13,32.12,1812.16,1.25,54.17,39,72,32.48
14,22,10,signal_cross,none,True,1.35,4.0,2.0,0.0,367,-2647.48,0.905,34.06,3796.17,-0.7,41.67,30,72,-16.2
14,22,10,signal_cross,none,True,1.35,4.0,2.0,200.0,230,-748.78,0.955,35.65,2304.49,-0.32,51.39,37,72,-7.66
14,22,10,signal_cross,none,True,1.35,4.0,2.0,250.0,251,130.73,1.007,36.65,2581.63,0.05,50.0,36,72,1.3
14,22,10,signal_cross,none,True,1.35,4.0,2.5,0.0,324,-3356.01,0.884,38.89,4532.99,-0.74,38.89,28,72,-17.14
14,22,10,signal_cross,none,True,1.35,4.0,2.5,200.0,203,-1104.89,0.935,40.89,2637.97,-0.42,48.61,35,72,-9.78
14,22,10,signal_cross,none,True,1.35,4.0,2.5,250.0,222,-1028.23,0.945,40.99,2637.97,-0.39,45.83,33,72,-8.67
14,22,10,signal_cross,none,True,1.35,4.5,1.5,0.0,398,-1680.57,0.934,26.13,3269.99,-0.51,40.28,29,72,-11.06
14,22,10,signal_cross,none,True,1.35,4.5,1.5,200.0,272,1931.67,1.119,28.68,1812.16,1.07,51.39,37,72,26.09
14,22,10,signal_cross,none,True,1.35,4.5,1.5,250.0,306,1150.69,1.063,27.45,2019.71,0.57,47.22,34,72,12.85
14,22,10,signal_cross,none,True,1.35,4.5,2.0,0.0,351,-5140.5,0.817,29.63,6246.14,-0.82,31.94,23,72,-16.97
14,22,10,signal_cross,none,True,1.35,4.5,2.0,200.0,232,-1831.34,0.897,31.03,2446.67,-0.75,44.44,32,72,-14.76
14,22,10,signal_cross,none,True,1.35,4.5,2.0,250.0,260,-2548.06,0.87,30.0,3134.84,-0.81,40.28,29,72,-15.95
14,22,10,signal_cross,none,True,1.35,4.5,2.5,0.0,305,-6012.85,0.791,34.1,6872.13,-0.87,31.94,23,72,-18.33
14,22,10,signal_cross,none,True,1.35,4.5,2.5,200.0,196,-2546.83,0.854,35.71,3595.47,-0.71,43.06,31,72,-15.62
14,22,10,signal_cross,none,True,1.35,4.5,2.5,250.0,218,-2460.37,0.871,35.78,3979.93,-0.62,40.28,29,72,-13.68
14,22,10,signal_cross,none,True,1.35,5.0,1.5,0.0,391,-1572.43,0.939,24.04,3367.44,-0.47,37.5,27,72,-9.54
14,22,10,signal_cross,none,True,1.35,5.0,1.5,200.0,273,-539.67,0.968,24.18,1812.16,-0.3,44.44,32,72,-5.45
14,22,10,signal_cross,none,True,1.35,5.0,1.5,250.0,292,-366.69,0.98,24.32,1812.16,-0.2,44.44,32,72,-3.75
14,22,10,signal_cross,none,True,1.35,5.0,2.0,0.0,350,-3182.38,0.888,28.57,4900.5,-0.65,33.33,24,72,-13.45
14,22,10,signal_cross,none,True,1.35,5.0,2.0,200.0,238,-725.82,0.96,29.41,2267.72,-0.32,44.44,32,72,-6.5
14,22,10,signal_cross,none,True,1.35,5.0,2.0,250.0,257,-1491.8,0.925,28.79,2713.17,-0.55,40.28,29,72,-10.67
14,22,10,signal_cross,none,True,1.35,5.0,2.5,0.0,305,-5748.67,0.805,31.8,5749.31,-1.0,30.56,22,72,-18.65
14,22,10,signal_cross,none,True,1.35,5.0,2.5,200.0,205,-2949.35,0.844,32.68,3186.99,-0.93,41.67,30,72,-18.37
14,22,10,signal_cross,none,True,1.35,5.0,2.5,250.0,216,-3344.82,0.833,32.41,3839.44,-0.87,40.28,29,72,-18.11
14,22,10,signal_cross,none,True,1.4,3.5,1.5,0.0,456,430.78,1.016,32.24,2025.35,0.21,44.44,32,72,4.32
14,22,10,signal_cross,none,True,1.4,3.5,1.5,200.0,295,1108.52,1.067,32.88,2461.88,0.45,52.78,38,72,12.58
14,22,10,signal_cross,none,True,1.4,3.5,1.5,250.0,324,622.14,1.035,32.72,2315.02,0.27,48.61,35,72,6.51
14,22,10,signal_cross,none,True,1.4,3.5,2.0,0.0,398,-2783.17,0.904,36.68,3799.28,-0.73,33.33,24,72,-13.6
14,22,10,signal_cross,none,True,1.4,3.5,2.0,200.0,241,-333.89,0.979,37.76,2189.77,-0.15,48.61,35,72,-3.4
14,22,10,signal_cross,none,True,1.4,3.5,2.0,250.0,280,-1268.77,0.933,36.79,2233.42,-0.57,43.06,31,72,-10.79
14,22,10,signal_cross,none,True,1.4,3.5,2.5,0.0,368,-5909.28,0.817,39.4,6412.0,-0.92,33.33,24,72,-20.1
14,22,10,signal_cross,none,True,1.4,3.5,2.5,200.0,218,-1290.62,0.925,42.2,2825.76,-0.46,50.0,36,72,-11.23
14,22,10,signal_cross,none,True,1.4,3.5,2.5,250.0,251,-1993.75,0.902,41.83,2887.17,-0.69,45.83,33,72,-15.34
14,22,10,signal_cross,none,True,1.4,4.0,1.5,0.0,437,1514.18,1.057,30.43,2025.35,0.75,47.22,34,72,16.79
14,22,10,signal_cross,none,True,1.4,4.0,1.5,200.0,269,2028.16,1.132,31.97,2048.54,0.99,56.94,41,72,28.88
14,22,10,signal_cross,none,True,1.4,4.0,1.5,250.0,298,1021.02,1.059,30.54,2033.3,0.5,52.78,38,72,12.66
14,22,10,signal_cross,none,True,1.4,4.0,2.0,0.0,387,-1743.04,0.941,34.63,3072.15,-0.57,38.89,28,72,-11.51
14,22,10,signal_cross,none,True,1.4,4.0,2.0,200.0,230,-804.06,0.952,34.78,1934.75,-0.42,50.0,36,72,-8.7
14,22,10,signal_cross,none,True,1.4,4.0,2.0,250.0,257,-697.17,0.963,35.02,2177.66,-0.32,47.22,34,72,-6.79
14,22,10,signal_cross,none,True,1.4,4.0,2.5,0.0,351,-4121.39,0.87,38.18,4921.64,-0.84,34.72,25,72,-17.75
14,22,10,signal_cross,none,True,1.4,4.0,2.5,200.0,197,-1229.48,0.925,40.1,3122.2,-0.39,48.61,35,72,-9.89
14,22,10,signal_cross,none,True,1.4,4.0,2.5,250.0,220,-1232.99,0.933,40.0,2944.14,-0.42,45.83,33,72,-9.72
14,22,10,signal_cross,none,True,1.4,4.5,1.5,0.0,424,45.18,1.002,26.89,2635.39,0.02,38.89,28,72,0.34
14,22,10,signal_cross,none,True,1.4,4.5,1.5,200.0,256,3089.14,1.207,30.08,2180.33,1.42,55.56,40,72,44.37
14,22,10,signal_cross,none,True,1.4,4.5,1.5,250.0,297,2290.9,1.132,28.28,1960.79,1.17,50.0,36,72,29.28
14,22,10,signal_cross,none,True,1.4,4.5,2.0,0.0,365,-3404.06,0.882,30.68,5072.26,-0.67,33.33,24,72,-14.05
14,22,10,signal_cross,none,True,1.4,4.5,2.0,200.0,219,224.2,1.014,32.88,2484.15,0.09,50.0,36,72,2.28
14,22,10,signal_cross,none,True,1.4,4.5,2.0,250.0,244,-492.04,0.973,31.56,2537.09,-0.19,45.83,33,72,-4.36
14,22,10,signal_cross,none,True,1.4,4.5,2.5,0.0,330,-4265.02,0.862,34.85,4821.38,-0.88,33.33,24,72,-17.65
14,22,10,signal_cross,none,True,1.4,4.5,2.5,200.0,185,-1074.57,0.933,36.76,2767.2,-0.39,47.22,34,72,-9.0
14,22,10,signal_cross,none,True,1.4,4.5,2.5,250.0,206,-414.26,0.976,37.38,3072.96,-0.13,44.44,32,72,-3.24
14,22,10,signal_cross,none,True,1.4,5.0,1.5,0.0,412,-1089.54,0.959,24.51,4300.48,-0.25,36.11,26,72,-5.75
14,22,10,signal_cross,none,True,1.4,5.0,1.5,200.0,269,-84.83,0.995,24.91,2681.69,-0.03,47.22,34,72,-0.77
14,22,10,signal_cross,none,True,1.4,5.0,1.5,250.0,288,-0.06,1.0,25.0,2681.69,-0.0,45.83,33,72,-0.0
14,22,10,signal_cross,none,True,1.4,5.0,2.0,0.0,353,-3347.36,0.884,28.61,6125.92,-0.55,33.33,24,72,-12.6
14,22,10,signal_cross,none,True,1.4,5.0,2.0,200.0,225,-173.91,0.99,29.78,3544.46,-0.05,47.22,34,72,-1.37
14,22,10,signal_cross,none,True,1.4,5.0,2.0,250.0,240,-551.93,0.97,29.17,3544.46,-0.16,44.44,32,72,-4.0
14,22,10,signal_cross,none,True,1.4,5.0,2.5,0.0,317,-5452.02,0.824,31.86,6080.24,-0.9,31.94,23,72,-18.4
14,22,10,signal_cross,none,True,1.4,5.0,2.5,200.0,194,-2131.94,0.881,32.99,3125.43,-0.68,45.83,33,72,-15.4
14,22,10,signal_cross,none,True,1.4,5.0,2.5,250.0,206,-1967.82,0.895,33.5,3272.88,-0.6,44.44,32,72,-13.68
14,22,10,signal_cross,none,False,1.5,3.5,1.5,0.0,891,-4534.56,0.918,29.41,6202.78,-0.73,30.56,22,72,-16.15
14,22,10,signal_cross,none,False,1.5,3.5,1.5,200.0,465,-134.72,0.995,29.89,4158.84,-0.03,48.61,35,72,-1.01
14,22,10,signal_cross,none,False,1.5,3.5,1.5,250.0,532,-91.85,0.997,29.89,3787.18,-0.02,44.44,32,72,-0.66
14,22,10,signal_cross,none,False,1.5,3.5,2.0,0.0,666,-5096.88,0.9,35.44,7404.15,-0.69,23.61,17,72,-12.59
14,22,10,signal_cross,none,False,1.5,3.5,2.0,200.0,302,-1149.6,0.943,34.44,4625.01,-0.25,47.22,34,72,-7.53
14,22,10,signal_cross,none,False,1.5,3.5,2.0,250.0,336,-2280.15,0.903,34.23,4850.95,-0.47,41.67,30,72,-12.32
14,22,10,signal_cross,none,False,1.5,3.5,2.5,0.0,575,-1940.07,0.96,41.22,6030.09,-0.32,27.78,20,72,-6.66
14,22,10,signal_cross,none,False,1.5,3.5,2.5,200.0,279,-1899.31,0.913,40.14,3986.07,-0.48,47.22,34,72,-12.97
14,22,10,signal_cross,none,False,1.5,3.5,2.5,250.0,328,-2509.27,0.902,40.24,5343.52,-0.47,41.67,30,72,-12.9
14,22,10,signal_cross,none,False,1.5,4.0,1.5,0.0,830,-3498.14,0.934,27.47,4572.31,-0.77,34.72,25,72,-16.78
14,22,10,signal_cross,none,False,1.5,4.0,1.5,200.0,398,-54.23,0.998,27.14,3509.04,-0.02,48.61,35,72,-0.44
14,22,10,signal_cross,none,False,1.5,4.0,1.5,250.0,493,1536.73,1.056,28.4,2485.19,0.62,48.61,35,72,15.82
14,22,10,signal_cross,none,False,1.5,4.0,2.0,0.0,667,1067.68,1.019,33.28,4740.33,0.23,30.56,22,72,4.83
14,22,10,signal_cross,none,False,1.5,4.0,2.0,200.0,289,1546.19,1.08,34.26,3449.48,0.45,52.78,38,72,15.01
14,22,10,signal_cross,none,False,1.5,4.0,2.0,250.0,336,582.08,1.025,33.33,4420.8,0.13,45.83,33,72,4.11
14,22,10,signal_cross,none,False,1.5,4.0,2.5,0.0,523,-6897.17,0.859,36.14,8626.98,-0.8,27.78,20,72,-17.72
14,22,10,signal_cross,none,False,1.5,4.0,2.5,200.0,234,899.81,1.049,40.6,2095.45,0.43,54.17,39,72,11.17
14,22,10,signal_cross,none,False,1.5,4.0,2.5,250.0,288,-1452.9,0.939,38.19,4537.74,-0.32,45.83,33,72,-9.28
14,22,10,signal_cross,none,False,1.5,4.5,1.5,0.0,774,320.47,1.006,26.1,3984.69,0.08,36.11,26,72,1.84
14,22,10,signal_cross,none,False,1.5,4.5,1.5,200.0,323,2001.31,1.11,26.32,2683.02,0.75,52.78,38,72,22.64
14,22,10,signal_cross,none,False,1.5,4.5,1.5,250.0,392,1135.57,1.051,26.02,2861.44,0.4,48.61,35,72,10.85
14,22,10,signal_cross,none,False,1.5,4.5,2.0,0.0,634,-1380.51,0.974,31.07,5361.47,-0.26,30.56,22,72,-5.61
14,22,10,signal_cross,none,False,1.5,4.5,2.0,200.0,272,1521.66,1.079,32.35,2626.37,0.58,51.39,37,72,16.46
14,22,10,signal_cross,none,False,1.5,4.5,2.0,250.0,300,1461.87,1.069,32.33,3047.83,0.48,48.61,35,72,13.76
14,22,10,signal_cross,none,False,1.5,4.5,2.5,0.0,509,-3041.9,0.938,35.17,5713.38,-0.53,33.33,24,72,-12.58
14,22,10,signal_cross,none,False,1.5,4.5,2.5,200.0,209,2259.45,1.133,39.23,2237.76,1.01,54.17,39,72,29.31
14,22,10,signal_cross,none,False,1.5,4.5,2.5,250.0,239,1716.2,1.088,38.08,2337.54,0.73,51.39,37,72,19.85
14,22,10,signal_cross,none,False,1.5,5.0,1.5,0.0,725,-82.52,0.998,23.59,5223.74,-0.02,33.33,24,72,-0.38
14,22,10,signal_cross,none,False,1.5,5.0,1.5,200.0,315,2371.27,1.13,23.81,2984.99,0.79,50.0,36,72,24.52
14,22,10,signal_cross,none,False,1.5,5.0,1.5,250.0,356,1502.14,1.073,23.31,3593.91,0.42,45.83,33,72,12.32
14,22,10,signal_cross,none,False,1.5,5.0,2.0,0.0,581,-1390.28,0.973,28.4,5066.38,-0.27,33.33,24,72,-6.33
14,22,10,signal_cross,none,False,1.5,5.0,2.0,200.0,220,2521.12,1.158,31.36,1718.04,1.47,54.17,39,72,38.15
14,22,10,signal_cross,none,False,1.5,5.0,2.0,250.0,255,3397.43,1.183,32.16,1896.84,1.79,51.39,37,72,47.42
14,22,10,signal_cross,none,False,1.5,5.0,2.5,0.0,508,1.06,1.0,34.25,4399.08,0.0,37.5,27,72,0.01
14,22,10,signal_cross,none,False,1.5,5.0,2.5,200.0,195,3322.11,1.202,38.46,1912.81,1.74,56.94,41,72,51.99
14,22,10,signal_cross,none,False,1.5,5.0,2.5,250.0,221,3565.12,1.191,38.46,1912.81,1.86,52.78,38,72,51.24
14,22,10,inflection_or_zero,ema200,True,1.35,3.5,1.5,0.0,324,-1785.9,0.91,30.56,2495.35,-0.72,44.44,32,72,-14.46
14,22,10,inflection_or_zero,ema200,True,1.35,3.5,1.5,200.0,268,-951.1,0.938,29.85,2100.56,-0.45,47.22,34,72,-9.19
14,22,10,inflection_or_zero,ema200,True,1.35,3.5,1.5,250.0,291,-127.13,0.992,31.27,1669.57,-0.08,47.22,34,72,-1.46
14,22,10,inflection_or_zero,ema200,True,1.35,3.5,2.0,0.0,274,-38.08,0.998,39.78,2218.48,-0.02,50.0,36,72,-0.4
14,22,10,inflection_or_zero,ema200,True,1.35,3.5,2.0,200.0,209,1446.66,1.105,40.19,1376.87,1.05,52.78,38,72,22.74
14,22,10,inflection_or_zero,ema200,True,1.35,3.5,2.0,250.0,231,582.18,1.037,40.26,1416.58,0.41,50.0,36,72,8.02
14,22,10,inflection_or_zero,ema200,True,1.35,3.5,2.5,0.0,253,-4109.22,0.817,40.32,4236.81,-0.97,44.44,32,72,-22.92
14,22,10,inflection_or_zero,ema200,True,1.35,3.5,2.5,200.0,190,-1306.76,0.915,41.05,1992.12,-0.66,50.0,36,72,-13.39
14,22,10,inflection_or_zero,ema200,True,1.35,3.5,2.5,250.0,210,-1062.98,0.938,42.38,2576.05,-0.41,47.22,34,72,-9.28
14,22,10,inflection_or_zero,ema200,True,1.35,4.0,1.5,0.0,315,-1910.24,0.905,27.62,2675.96,-0.71,40.28,29,72,-13.46
14,22,10,inflection_or_zero,ema200,True,1.35,4.0,1.5,200.0,260,-1348.44,0.913,26.15,2526.48,-0.53,44.44,32,72,-10.88
14,22,10,inflection_or_zero,ema200,True,1.35,4.0,1.5,250.0,272,-447.22,0.972,27.57,2217.09,-0.2,44.44,32,72,-4.1
14,22,10,inflection_or_zero,ema200,True,1.35,4.0,2.0,0.0,264,218.83,1.011,36.36,1833.4,0.12,48.61,35,72,2.51
14,22,10,inflection_or_zero,ema200,True,1.35,4.0,2.0,200.0,187,2889.9,1.236,37.97,1605.17,1.8,55.56,40,72,49.53
14,22,10,inflection_or_zero,ema200,True,1.35,4.0,2.0,250.0,212,2592.28,1.178,38.21,1566.87,1.65,52.78,38,72,40.72
14,22,10,inflection_or_zero,ema200,True,1.35,4.0,2.5,0.0,240,-3766.47,0.833,37.08,3978.34,-0.95,43.06,31,72,-21.42
14,22,10,inflection_or_zero,ema200,True,1.35,4.0,2.5,200.0,174,-597.3,0.96,38.51,1792.06,-0.33,48.61,35,72,-6.58
14,22,10,inflection_or_zero,ema200,True,1.35,4.0,2.5,250.0,194,-823.8,0.95,38.66,2312.01,-0.36,47.22,34,72,-7.69
14,22,10,inflection_or_zero,ema200,True,1.35,4.5,1.5,0.0,304,-1026.57,0.948,25.99,2941.06,-0.35,41.67,30,72,-7.48
14,22,10,inflection_or_zero,ema200,True,1.35,4.5,1.5,200.0,246,-727.31,0.951,24.8,2685.24,-0.27,45.83,33,72,-6.12
14,22,10,inflection_or_zero,ema200,True,1.35,4.5,1.5,250.0,261,-826.56,0.947,24.9,2607.96,-0.32,44.44,32,72,-6.81
14,22,10,inflection_or_zero,ema200,True,1.35,4.5,2.0,0.0,255,1495.32,1.079,34.51,1597.82,0.94,50.0,36,72,20.18
14,22,10,inflection_or_zero,ema200,True,1.35,4.5,2.0,200.0,182,2552.24,1.203,35.71,1577.7,1.62,54.17,39,72,41.87
14,22,10,inflection_or_zero,ema200,True,1.35,4.5,2.0,250.0,198,1692.42,1.121,33.84,1548.52,1.09,50.0,36,72,24.11
14,22,10,inflection_or_zero,ema200,True,1.35,4.5,2.5,0.0,232,-2826.23,0.871,35.34,3375.24,-0.84,41.67,30,72,-17.66
14,22,10,inflection_or_zero,ema200,True,1.35,4.5,2.5,200.0,162,-12.24,0.999,37.04,1755.16,-0.01,48.61,35,72,-0.14
14,22,10,inflection_or_zero,ema200,True,1.35,4.5,2.5,250.0,186,-998.85,0.938,35.48,2396.71,-0.42,44.44,32,72,-8.5
14,22,10,inflection_or_zero,ema200,True,1.35,5.0,1.5,0.0,300,-1687.63,0.913,23.67,3015.45,-0.56,40.28,29,72,-11.3
14,22,10,inflection_or_zero,ema200,True,1.35,5.0,1.5,200.0,242,-1848.34,0.878,23.14,3023.67,-0.61,44.44,32,72,-13.12
14,22,10,inflection_or_zero,ema200,True,1.35,5.0,1.5,250.0,261,-2394.92,0.855,22.61,3017.2,-0.79,41.67,30,72,-15.53
14,22,10,inflection_or_zero,ema200,True,1.35,5.0,2.0,0.0,247,-1952.68,0.902,29.15,3663.09,-0.53,38.89,28,72,-11.32
14,22,10,inflection_or_zero,ema200,True,1.35,5.0,2.0,200.0,186,-447.97,0.968,30.11,2186.04,-0.2,47.22,34,72,-4.38
14,22,10,inflection_or_zero,ema200,True,1.35,5.0,2.0,250.0,202,-1446.4,0.907,28.71,2663.47,-0.54,43.06,31,72,-10.95
14,22,10,inflection_or_zero,ema200,True,1.35,5.0,2.5,0.0,215,-5516.87,0.743,29.77,5966.32,-0.92,34.72,25,72,-18.43
14,22,10,inflection_or_zero,ema200,True,1.35,5.0,2.5,200.0,162,-4014.1,0.744,29.63,4848.96,-0.83,41.67,30,72,-17.87
14,22,10,inflection_or_zero,ema200,True,1.35,5.0,2.5,250.0,177,-4920.97,0.713,28.81,5150.56,-0.96,37.5,27,72,-18.33
14,22,10,inflection_or_zero,ema200,True,1.4,3.5,1.5,0.0,341,-1015.22,0.951,30.79,1832.05,-0.55,50.0,36,72,-11.28
14,22,10,inflection_or_zero,ema200,True,1.4,3.5,1.5,200.0,278,-531.42,0.966,30.22,1680.88,-0.32,51.39,37,72,-6.43
14,22,10,inflection_or_zero,ema200,True,1.4,3.5,1.5,250.0,300,144.15,1.008,31.33,1729.53,0.08,51.39,37,72,1.8
14,22,10,inflection_or_zero,ema200,True,1.4,3.5,2.0,0.0,288,74.74,1.004,39.58,2218.48,0.03,50.0,36,72,0.8
14,22,10,inflection_or_zero,ema200,True,1.4,3.5,2.0,200.0,217,1861.8,1.132,40.55,1376.87,1.35,52.78,38,72,29.98
14,22,10,inflection_or_zero,ema200,True,1.4,3.5,2.0,250.0,238,837.21,1.052,40.34,1549.1,0.54,50.0,36,72,11.19
14,22,10,inflection_or_zero,ema200,True,1.4,3.5,2.5,0.0,264,-3204.7,0.862,40.53,3668.69,-0.87,47.22,34,72,-21.54
14,22,10,inflection_or_zero,ema200,True,1.4,3.5,2.5,200.0,193,-1210.98,0.923,40.93,2285.84,-0.53,51.39,37,72,-12.01
14,22,10,inflection_or_zero,ema200,True,1.4,3.5,2.5,250.0,213,-946.13,0.945,42.25,2901.25,-0.33,48.61,35,72,-8.07
14,22,10,inflection_or_zero,ema200,True,1.4,4.0,1.5,0.0,333,-1440.44,0.932,27.63,2957.12,-0.49,41.67,30,72,-10.29
14,22,10,inflection_or_zero,ema200,True,1.4,4.0,1.5,200.0,269,-732.12,0.954,26.77,2645.07,-0.28,45.83,33,72,-6.22
14,22,10,inflection_or_zero,ema200,True,1.4,4.0,1.5,250.0,282,85.17,1.005,28.01,2498.25,0.03,45.83,33,72,0.78
14,22,10,inflection_or_zero,ema200,True,1.4,4.0,2.0,0.0,276,100.5,1.005,35.87,2035.17,0.05,50.0,36,72,1.12
14,22,10,inflection_or_zero,ema200,True,1.4,4.0,2.0,200.0,193,3390.34,1.272,38.34,1485.11,2.28,56.94,41,72,63.72
14,22,10,inflection_or_zero,ema200,True,1.4,4.0,2.0,250.0,219,2981.84,1.201,38.36,1446.81,2.06,54.17,39,72,51.0
14,22,10,inflection_or_zero,ema200,True,1.4,4.0,2.5,0.0,250,-2864.79,0.877,37.2,4050.51,-0.71,47.22,34,72,-18.64
14,22,10,inflection_or_zero,ema200,True,1.4,4.0,2.5,200.0,174,-21.12,0.999,39.08,1911.75,-0.01,51.39,37,72,-0.25
14,22,10,inflection_or_zero,ema200,True,1.4,4.0,2.5,250.0,197,-685.39,0.959,38.58,2662.39,-0.26,50.0,36,72,-6.37
14,22,10,inflection_or_zero,ema200,True,1.4,4.5,1.5,0.0,319,-1263.14,0.939,25.71,3383.57,-0.37,44.44,32,72,-9.06
14,22,10,inflection_or_zero,ema200,True,1.4,4.5,1.5,200.0,252,-56.08,0.996,25.4,3125.68,-0.02,48.61,35,72,-0.49
14,22,10,inflection_or_zero,ema200,True,1.4,4.5,1.5,250.0,268,-239.26,0.985,25.37,3050.47,-0.08,47.22,34,72,-2.01
14,22,10,inflection_or_zero,ema200,True,1.4,4.5,2.0,0.0,263,1474.58,1.075,34.22,1869.19,0.79,50.0,36,72,18.33
14,22,10,inflection_or_zero,ema200,True,1.4,4.5,2.0,200.0,185,3055.24,1.242,36.22,1518.37,2.01,54.17,39,72,52.75
14,22,10,inflection_or_zero,ema200,True,1.4,4.5,2.0,250.0,202,2084.54,1.147,34.16,1770.26,1.18,50.0,36,72,28.41
14,22,10,inflection_or_zero,ema200,True,1.4,4.5,2.5,0.0,238,-2570.16,0.885,35.29,3589.47,-0.72,44.44,32,72,-16.87
14,22,10,inflection_or_zero,ema200,True,1.4,4.5,2.5,200.0,163,508.61,1.037,37.42,2073.2,0.25,51.39,37,72,5.95
14,22,10,inflection_or_zero,ema200,True,1.4,4.5,2.5,250.0,187,-507.11,0.969,35.83,2529.16,-0.2,47.22,34,72,-4.61
14,22,10,inflection_or_zero,ema200,True,1.4,5.0,1.5,0.0,315,-1662.25,0.918,23.49,3455.03,-0.48,41.67,30,72,-10.82
14,22,10,inflection_or_zero,ema200,True,1.4,5.0,1.5,200.0,252,-2075.45,0.868,22.62,3250.78,-0.64,44.44,32,72,-14.04
14,22,10,inflection_or_zero,ema200,True,1.4,5.0,1.5,250.0,268,-1687.71,0.899,23.13,3071.28,-0.55,43.06,31,72,-11.79
14,22,10,inflection_or_zero,ema200,True,1.4,5.0,2.0,0.0,256,-1420.73,0.931,29.69,3473.31,-0.41,38.89,28,72,-8.73
14,22,10,inflection_or_zero,ema200,True,1.4,5.0,2.0,200.0,185,368.24,1.026,31.35,2064.26,0.18,47.22,34,72,3.93
14,22,10,inflection_or_zero,ema200,True,1.4,5.0,2.0,250.0,200,-535.92,0.965,30.0,2541.69,-0.21,43.06,31,72,-4.42
14,22,10,inflection_or_zero,ema200,True,1.4,5.0,2.5,0.0,226,-4199.05,0.808,31.42,4648.5,-0.9,38.89,28,72,-19.35
14,22,10,inflection_or_zero,ema200,True,1.4,5.0,2.5,200.0,161,-2317.54,0.847,32.3,3152.4,-0.74,45.83,33,72,-16.02
14,22,10,inflection_or_zero,ema200,True,1.4,5.0,2.5,250.0,176,-3224.41,0.806,31.25,3454.0,-0.93,41.67,30,72,-18.43
14,22,10,inflection_or_zero,ema200,False,1.5,3.5,1.5,0.0,674,4302.28,1.11,33.53,3028.25,1.42,44.44,32,72,38.57
14,22,10,inflection_or_zero,ema200,False,1.5,3.5,1.5,200.0,308,3839.56,1.233,36.04,1981.08,1.94,62.5,45,72,66.48
14,22,10,inflection_or_zero,ema200,False,1.5,3.5,1.5,250.0,388,4067.15,1.19,35.82,2119.43,1.92,58.33,42,72,61.32
14,22,10,inflection_or_zero,ema200,False,1.5,3.5,2.0,0.0,559,3113.09,1.08,39.89,3832.56,0.81,44.44,32,72,24.13
14,22,10,inflection_or_zero,ema200,False,1.5,3.5,2.0,200.0,264,2979.59,1.175,40.53,2569.68,1.16,59.72,43,72,41.25
14,22,10,inflection_or_zero,ema200,False,1.5,3.5,2.0,250.0,348,2123.19,1.092,39.37,3667.87,0.58,51.39,37,72,19.67
14,22,10,inflection_or_zero,ema200,False,1.5,3.5,2.5,0.0,491,5481.84,1.139,45.01,4960.68,1.11,45.83,33,72,40.63
14,22,10,inflection_or_zero,ema200,False,1.5,3.5,2.5,200.0,230,750.0,1.042,43.91,3064.45,0.24,55.56,40,72,7.84
14,22,10,inflection_or_zero,ema200,False,1.5,3.5,2.5,250.0,284,1042.14,1.048,43.31,3225.67,0.32,51.39,37,72,9.88
14,22,10,inflection_or_zero,ema200,False,1.5,4.0,1.5,0.0,604,2588.58,1.069,29.47,4193.31,0.62,41.67,30,72,17.81
14,22,10,inflection_or_zero,ema200,False,1.5,4.0,1.5,200.0,305,2284.33,1.134,30.16,3201.43,0.71,55.56,40,72,25.44
14,22,10,inflection_or_zero,ema200,False,1.5,4.0,1.5,250.0,331,2442.51,1.13,30.51,3201.43,0.76,52.78,38,72,25.75
14,22,10,inflection_or_zero,ema200,False,1.5,4.0,2.0,0.0,487,919.8,1.025,35.52,4376.88,0.21,40.28,29,72,5.74
14,22,10,inflection_or_zero,ema200,False,1.5,4.0,2.0,200.0,226,1168.42,1.073,35.84,2634.78,0.44,55.56,40,72,13.57
14,22,10,inflection_or_zero,ema200,False,1.5,4.0,2.0,250.0,256,1495.74,1.083,36.33,2913.93,0.51,52.78,38,72,15.84
14,22,10,inflection_or_zero,ema200,False,1.5,4.0,2.5,0.0,450,6583.63,1.172,42.44,4278.29,1.54,45.83,33,72,54.06
14,22,10,inflection_or_zero,ema200,False,1.5,4.0,2.5,200.0,208,843.26,1.05,41.35,2889.97,0.29,55.56,40,72,9.15
14,22,10,inflection_or_zero,ema200,False,1.5,4.0,2.5,250.0,245,2370.31,1.124,42.86,2361.87,1.0,54.17,39,72,29.7
14,22,10,inflection_or_zero,ema200,False,1.5,4.5,1.5,0.0,602,2319.16,1.06,27.24,4069.57,0.57,38.89,28,72,14.99
14,22,10,inflection_or_zero,ema200,False,1.5,4.5,1.5,200.0,319,2294.9,1.127,27.59,3251.03,0.71,54.17,39,72,24.57
14,22,10,inflection_or_zero,ema200,False,1.5,4.5,1.5,250.0,353,1818.55,1.09,27.2,3251.03,0.56,51.39,37,72,17.87
14,22,10,inflection_or_zero,ema200,False,1.5,4.5,2.0,0.0,456,481.85,1.013,32.89,4418.59,0.11,41.67,30,72,3.06
14,22,10,inflection_or_zero,ema200,False,1.5,4.5,2.0,200.0,224,2582.07,1.163,34.82,1865.75,1.38,56.94,41,72,39.59
14,22,10,inflection_or_zero,ema200,False,1.5,4.5,2.0,250.0,258,1426.66,1.076,33.72,2908.6,0.49,52.78,38,72,15.02
14,22,10,inflection_or_zero,ema200,False,1.5,4.5,2.5,0.0,398,2784.06,1.075,37.69,4775.81,0.58,43.06,31,72,18.65
14,22,10,inflection_or_zero,ema200,False,1.5,4.5,2.5,200.0,205,-702.9,0.961,36.1,2948.45,-0.24,51.39,37,72,-6.39
14,22,10,inflection_or_zero,ema200,False,1.5,4.5,2.5,250.0,223,-1675.75,0.915,35.43,3999.87,-0.42,47.22,34,72,-11.45
14,22,10,inflection_or_zero,ema200,False,1.5,5.0,1.5,0.0,573,1105.0,1.029,25.13,5331.06,0.21,38.89,28,72,6.06
14,22,10,inflection_or_zero,ema200,False,1.5,5.0,1.5,200.0,305,1636.79,1.09,25.57,3148.65,0.52,51.39,37,72,16.34
14,22,10,inflection_or_zero,ema200,False,1.5,5.0,1.5,250.0,329,2119.89,1.11,26.44,2931.38,0.72,51.39,37,72,22.33
14,22,10,inflection_or_zero,ema200,False,1.5,5.0,2.0,0.0,422,644.28,1.019,31.28,4616.56,0.14,41.67,30,72,4.03
14,22,10,inflection_or_zero,ema200,False,1.5,5.0,2.0,200.0,206,685.15,1.044,30.58,2725.5,0.25,51.39,37,72,7.04
14,22,10,inflection_or_zero,ema200,False,1.5,5.0,2.0,250.0,232,1285.76,1.074,31.9,2725.5,0.47,50.0,36,72,13.23
14,22,10,inflection_or_zero,ema200,False,1.5,5.0,2.5,0.0,368,2672.5,1.076,35.6,5144.19,0.52,41.67,30,72,16.71
14,22,10,inflection_or_zero,ema200,False,1.5,5.0,2.5,200.0,196,-1091.39,0.938,33.67,3313.78,-0.33,51.39,37,72,-9.14
14,22,10,inflection_or_zero,ema200,False,1.5,5.0,2.5,250.0,215,-232.29,0.988,35.35,3313.78,-0.07,50.0,36,72,-1.99
14,22,10,inflection_or_zero,ema50,True,1.35,3.5,1.5,0.0,313,-140.66,0.992,32.91,2309.67,-0.06,44.44,32,72,-1.29
14,22,10,inflection_or_zero,ema50,True,1.35,3.5,1.5,200.0,251,-1263.07,0.912,31.08,2356.69,-0.54,47.22,34,72,-11.2
14,22,10,inflection_or_zero,ema50,True,1.35,3.5,1.5,250.0,275,-685.36,0.956,32.0,2161.87,-0.32,47.22,34,72,-6.65
14,22,10,inflection_or_zero,ema50,True,1.35,3.5,2.0,0.0,287,2113.08,1.108,41.46,1681.72,1.26,47.22,34,72,26.96
14,22,10,inflection_or_zero,ema50,True,1.35,3.5,2.0,200.0,225,1260.24,1.085,40.44,1293.64,0.97,52.78,38,72,20.07
14,22,10,inflection_or_zero,ema50,True,1.35,3.5,2.0,250.0,247,2490.84,1.154,41.3,1595.42,1.56,50.0,36,72,35.98
14,22,10,inflection_or_zero,ema50,True,1.35,3.5,2.5,0.0,263,-1430.49,0.934,43.35,3053.5,-0.47,41.67,30,72,-10.08
14,22,10,inflection_or_zero,ema50,True,1.35,3.5,2.5,200.0,207,-709.86,0.957,42.51,1816.48,-0.39,47.22,34,72,-7.53
14,22,10,inflection_or_zero,ema50,True,1.35,3.5,2.5,250.0,225,-911.55,0.949,43.11,2610.89,-0.35,44.44,32,72,-7.52
14,22,10,inflection_or_zero,ema50,True,1.35,4.0,1.5,0.0,302,-445.83,0.976,29.8,1855.93,-0.24,47.22,34,72,-4.77
14,22,10,inflection_or_zero,ema50,True,1.35,4.0,1.5,200.0,245,-1369.62,0.906,27.76,2149.3,-0.64,48.61,35,72,-13.01
14,22,10,inflection_or_zero,ema50,True,1.35,4.0,1.5,250.0,253,-977.65,0.934,28.46,1858.7,-0.53,48.61,35,72,-10.3
14,22,10,inflection_or_zero,ema50,True,1.35,4.0,2.0,0.0,272,2491.02,1.127,37.87,1756.45,1.42,47.22,34,72,31.63
14,22,10,inflection_or_zero,ema50,True,1.35,4.0,2.0,200.0,210,1867.96,1.132,36.67,1543.48,1.21,55.56,40,72,29.9
14,22,10,inflection_or_zero,ema50,True,1.35,4.0,2.0,250.0,221,1307.05,1.086,36.65,1773.14,0.74,54.17,39,72,18.26
14,22,10,inflection_or_zero,ema50,True,1.35,4.0,2.5,0.0,247,-1443.53,0.933,39.27,3193.86,-0.45,41.67,30,72,-9.93
14,22,10,inflection_or_zero,ema50,True,1.35,4.0,2.5,200.0,187,-1120.41,0.929,37.97,2292.72,-0.49,50.0,36,72,-10.87
14,22,10,inflection_or_zero,ema50,True,1.35,4.0,2.5,250.0,198,-1396.63,0.917,37.37,2732.91,-0.51,47.22,34,72,-11.57
14,22,10,inflection_or_zero,ema50,True,1.35,4.5,1.5,0.0,295,-552.4,0.97,27.12,1928.54,-0.29,45.83,33,72,-5.59
14,22,10,inflection_or_zero,ema50,True,1.35,4.5,1.5,200.0,240,-230.16,0.984,26.67,1806.91,-0.13,48.61,35,72,-2.59
14,22,10,inflection_or_zero,ema50,True,1.35,4.5,1.5,250.0,250,-765.19,0.949,26.0,1806.91,-0.42,47.22,34,72,-8.07
14,22,10,inflection_or_zero,ema50,True,1.35,4.5,2.0,0.0,264,2968.18,1.152,34.85,2133.89,1.39,48.61,35,72,35.98
14,22,10,inflection_or_zero,ema50,True,1.35,4.5,2.0,200.0,201,1447.57,1.102,34.33,1765.16,0.82,55.56,40,72,21.1
14,22,10,inflection_or_zero,ema50,True,1.35,4.5,2.0,250.0,213,1281.62,1.085,33.8,1765.16,0.73,51.39,37,72,17.01
14,22,10,inflection_or_zero,ema50,True,1.35,4.5,2.5,0.0,240,-1522.49,0.929,36.25,3050.8,-0.5,41.67,30,72,-10.67
14,22,10,inflection_or_zero,ema50,True,1.35,4.5,2.5,200.0,178,-489.69,0.968,36.52,2036.2,-0.24,51.39,37,72,-5.4
14,22,10,inflection_or_zero,ema50,True,1.35,4.5,2.5,250.0,192,-1058.31,0.936,35.42,2373.72,-0.45,48.61,35,72,-9.88
14,22,10,inflection_or_zero,ema50,True,1.35,5.0,1.5,0.0,292,-953.66,0.949,25.0,2973.57,-0.32,41.67,30,72,-6.92
14,22,10,inflection_or_zero,ema50,True,1.35,5.0,1.5,200.0,233,-436.3,0.97,24.89,2551.52,-0.17,47.22,34,72,-3.96
14,22,10,inflection_or_zero,ema50,True,1.35,5.0,1.5,250.0,248,-981.01,0.937,24.19,2243.08,-0.44,43.06,31,72,-8.36
14,22,10,inflection_or_zero,ema50,True,1.35,5.0,2.0,0.0,257,488.2,1.024,30.74,2605.37,0.19,44.44,32,72,4.35
14,22,10,inflection_or_zero,ema50,True,1.35,5.0,2.0,200.0,193,1505.02,1.107,32.64,2110.21,0.71,54.17,39,72,19.65
14,22,10,inflection_or_zero,ema50,True,1.35,5.0,2.0,250.0,214,299.2,1.019,30.37,2102.47,0.14,47.22,34,72,3.14
14,22,10,inflection_or_zero,ema50,True,1.35,5.0,2.5,0.0,236,-4129.43,0.818,31.78,4886.02,-0.85,40.28,29,72,-19.47
14,22,10,inflection_or_zero,ema50,True,1.35,5.0,2.5,200.0,174,-901.83,0.942,33.91,2651.74,-0.34,50.0,36,72,-8.25
14,22,10,inflection_or_zero,ema50,True,1.35,5.0,2.5,250.0,190,-1814.58,0.895,32.63,3258.66,-0.56,43.06,31,72,-12.25
14,22,10,inflection_or_zero,ema50,True,1.4,3.5,1.5,0.0,315,-33.51,0.998,33.02,2309.67,-0.01,44.44,32,72,-0.31
14,22,10,inflection_or_zero,ema50,True,1.4,3.5,1.5,200.0,253,-1396.39,0.904,30.83,2356.69,-0.59,47.22,34,72,-12.28
14,22,10,inflection_or_zero,ema50,True,1.4,3.5,1.5,250.0,276,-752.22,0.952,31.88,2161.87,-0.35,47.22,34,72,-7.27
14,22,10,inflection_or_zero,ema50,True,1.4,3.5,2.0,0.0,289,2191.96,1.111,41.52,1681.72,1.3,45.83,33,72,27.22
14,22,10,inflection_or_zero,ema50,True,1.4,3.5,2.0,200.0,226,1144.04,1.077,40.27,1392.53,0.82,51.39,37,72,16.97
14,22,10,inflection_or_zero,ema50,True,1.4,3.5,2.0,250.0,248,2374.64,1.145,41.13,1595.42,1.49,48.61,35,72,33.09
14,22,10,inflection_or_zero,ema50,True,1.4,3.5,2.5,0.0,264,-1187.88,0.945,43.56,3053.5,-0.39,41.67,30,72,-8.47
14,22,10,inflection_or_zero,ema50,True,1.4,3.5,2.5,200.0,207,-662.33,0.96,42.51,1816.48,-0.36,47.22,34,72,-7.04
14,22,10,inflection_or_zero,ema50,True,1.4,3.5,2.5,250.0,225,-864.02,0.952,43.11,2610.89,-0.33,44.44,32,72,-7.15
14,22,10,inflection_or_zero,ema50,True,1.4,4.0,1.5,0.0,304,-310.37,0.983,29.93,1855.93,-0.17,45.83,33,72,-3.25
14,22,10,inflection_or_zero,ema50,True,1.4,4.0,1.5,200.0,245,-1369.62,0.906,27.76,2149.3,-0.64,48.61,35,72,-13.01
14,22,10,inflection_or_zero,ema50,True,1.4,4.0,1.5,250.0,254,-1041.51,0.93,28.35,1858.7,-0.56,47.22,34,72,-10.61
14,22,10,inflection_or_zero,ema50,True,1.4,4.0,2.0,0.0,273,2374.82,1.12,37.73,1872.65,1.27,47.22,34,72,29.02
14,22,10,inflection_or_zero,ema50,True,1.4,4.0,2.0,200.0,211,1751.76,1.123,36.49,1659.68,1.06,55.56,40,72,26.83
14,22,10,inflection_or_zero,ema50,True,1.4,4.0,2.0,250.0,222,1190.85,1.078,36.49,1889.34,0.63,54.17,39,72,16.0
14,22,10,inflection_or_zero,ema50,True,1.4,4.0,2.5,0.0,247,-1389.2,0.936,39.27,3139.53,-0.44,41.67,30,72,-9.67
14,22,10,inflection_or_zero,ema50,True,1.4,4.0,2.5,200.0,184,-972.76,0.938,38.04,2145.07,-0.45,50.0,36,72,-9.85
14,22,10,inflection_or_zero,ema50,True,1.4,4.0,2.5,250.0,198,-1342.3,0.92,37.37,2678.58,-0.5,47.22,34,72,-11.27
14,22,10,inflection_or_zero,ema50,True,1.4,4.5,1.5,0.0,297,-388.63,0.979,27.27,1928.54,-0.2,44.44,32,72,-3.85
14,22,10,inflection_or_zero,ema50,True,1.4,4.5,1.5,200.0,240,-230.16,0.984,26.67,1806.91,-0.13,48.61,35,72,-2.59
14,22,10,inflection_or_zero,ema50,True,1.4,4.5,1.5,250.0,250,-765.19,0.949,26.0,1806.91,-0.42,47.22,34,72,-8.07
14,22,10,inflection_or_zero,ema50,True,1.4,4.5,2.0,0.0,265,2851.98,1.145,34.72,2250.09,1.27,47.22,34,72,32.51
14,22,10,inflection_or_zero,ema50,True,1.4,4.5,2.0,200.0,201,1447.57,1.102,34.33,1765.16,0.82,55.56,40,72,21.1
14,22,10,inflection_or_zero,ema50,True,1.4,4.5,2.0,250.0,213,1281.62,1.085,33.8,1765.16,0.73,51.39,37,72,17.01
14,22,10,inflection_or_zero,ema50,True,1.4,4.5,2.5,0.0,239,-1346.34,0.937,36.4,2874.65,-0.47,41.67,30,72,-9.8
14,22,10,inflection_or_zero,ema50,True,1.4,4.5,2.5,200.0,178,-489.69,0.968,36.52,2036.2,-0.24,51.39,37,72,-5.4
14,22,10,inflection_or_zero,ema50,True,1.4,4.5,2.5,250.0,189,-920.57,0.943,35.45,2235.98,-0.41,48.61,35,72,-8.92
14,22,10,inflection_or_zero,ema50,True,1.4,5.0,1.5,0.0,293,-673.65,0.964,25.26,2973.57,-0.23,41.67,30,72,-4.96
14,22,10,inflection_or_zero,ema50,True,1.4,5.0,1.5,200.0,233,-436.3,0.97,24.89,2551.52,-0.17,47.22,34,72,-3.96
14,22,10,inflection_or_zero,ema50,True,1.4,5.0,1.5,250.0,248,-981.01,0.937,24.19,2243.08,-0.44,43.06,31,72,-8.36
14,22,10,inflection_or_zero,ema50,True,1.4,5.0,2.0,0.0,257,488.2,1.024,30.74,2605.37,0.19,44.44,32,72,4.35
14,22,10,inflection_or_zero,ema50,True,1.4,5.0,2.0,200.0,193,1505.02,1.107,32.64,2110.21,0.71,54.17,39,72,19.65
14,22,10,inflection_or_zero,ema50,True,1.4,5.0,2.0,250.0,214,299.2,1.019,30.37,2102.47,0.14,47.22,34,72,3.14
14,22,10,inflection_or_zero,ema50,True,1.4,5.0,2.5,0.0,236,-4129.43,0.818,31.78,4886.02,-0.85,40.28,29,72,-19.47
14,22,10,inflection_or_zero,ema50,True,1.4,5.0,2.5,200.0,174,-901.83,0.942,33.91,2651.74,-0.34,50.0,36,72,-8.25
14,22,10,inflection_or_zero,ema50,True,1.4,5.0,2.5,250.0,190,-1814.58,0.895,32.63,3258.66,-0.56,43.06,31,72,-12.25
14,22,10,inflection_or_zero,ema50,False,1.5,3.5,1.5,0.0,680,-1119.07,0.973,31.32,3095.77,-0.36,40.28,29,72,-7.88
14,22,10,inflection_or_zero,ema50,False,1.5,3.5,1.5,200.0,339,3124.67,1.168,34.51,2305.15,1.36,56.94,41,72,43.28
14,22,10,inflection_or_zero,ema50,False,1.5,3.5,1.5,250.0,442,1195.91,1.048,32.58,3015.59,0.4,47.22,34,72,10.78
14,22,10,inflection_or_zero,ema50,False,1.5,3.5,2.0,0.0,569,-171.42,0.996,38.31,3018.41,-0.06,44.44,32,72,-1.38
14,22,10,inflection_or_zero,ema50,False,1.5,3.5,2.0,200.0,288,1276.74,1.064,39.24,2494.0,0.51,56.94,41,72,15.49
14,22,10,inflection_or_zero,ema50,False,1.5,3.5,2.0,250.0,352,1791.54,1.075,38.92,2289.71,0.78,52.78,38,72,21.24
14,22,10,inflection_or_zero,ema50,False,1.5,3.5,2.5,0.0,483,520.88,1.013,42.65,4041.88,0.13,38.89,28,72,3.23
14,22,10,inflection_or_zero,ema50,False,1.5,3.5,2.5,200.0,250,2153.85,1.111,45.2,2061.31,1.04,56.94,41,72,30.01
14,22,10,inflection_or_zero,ema50,False,1.5,3.5,2.5,250.0,309,1661.16,1.07,43.37,2432.34,0.68,50.0,36,72,18.02
14,22,10,inflection_or_zero,ema50,False,1.5,4.0,1.5,0.0,645,-1650.77,0.961,28.06,3227.86,-0.51,31.94,23,72,-8.92
14,22,10,inflection_or_zero,ema50,False,1.5,4.0,1.5,200.0,330,1584.53,1.082,29.7,2708.6,0.58,52.78,38,72,17.39
14,22,10,inflection_or_zero,ema50,False,1.5,4.0,1.5,250.0,375,1650.87,1.075,29.6,2257.08,0.73,48.61,35,72,18.16
14,22,10,inflection_or_zero,ema50,False,1.5,4.0,2.0,0.0,504,-528.15,0.987,34.52,2980.8,-0.18,38.89,28,72,-3.71
14,22,10,inflection_or_zero,ema50,False,1.5,4.0,2.0,200.0,252,2479.3,1.138,36.9,1764.16,1.41,55.56,40,72,37.32
14,22,10,inflection_or_zero,ema50,False,1.5,4.0,2.0,250.0,285,1950.52,1.094,36.14,1975.76,0.99,51.39,37,72,24.67
14,22,10,inflection_or_zero,ema50,False,1.5,4.0,2.5,0.0,458,1531.49,1.037,39.74,2477.03,0.62,41.67,30,72,13.3
14,22,10,inflection_or_zero,ema50,False,1.5,4.0,2.5,200.0,219,1693.46,1.092,41.1,2182.6,0.78,55.56,40,72,21.99
14,22,10,inflection_or_zero,ema50,False,1.5,4.0,2.5,250.0,250,1635.3,1.077,40.8,1948.68,0.84,51.39,37,72,20.5
14,22,10,inflection_or_zero,ema50,False,1.5,4.5,1.5,0.0,613,-1189.14,0.971,25.94,2832.24,-0.42,40.28,29,72,-8.74
14,22,10,inflection_or_zero,ema50,False,1.5,4.5,1.5,200.0,301,3568.47,1.203,28.9,2288.71,1.56,56.94,41,72,51.09
14,22,10,inflection_or_zero,ema50,False,1.5,4.5,1.5,250.0,333,4348.29,1.225,29.13,2288.71,1.9,55.56,40,72,61.86
14,22,10,inflection_or_zero,ema50,False,1.5,4.5,2.0,0.0,477,664.09,1.017,32.91,2105.72,0.32,43.06,31,72,6.34
14,22,10,inflection_or_zero,ema50,False,1.5,4.5,2.0,200.0,232,2770.29,1.167,34.91,2487.04,1.11,55.56,40,72,36.02
14,22,10,inflection_or_zero,ema50,False,1.5,4.5,2.0,250.0,246,4194.73,1.239,36.18,1455.6,2.88,54.17,39,72,73.79
14,22,10,inflection_or_zero,ema50,False,1.5,4.5,2.5,0.0,418,-605.33,0.985,36.36,2689.54,-0.23,41.67,30,72,-4.79
14,22,10,inflection_or_zero,ema50,False,1.5,4.5,2.5,200.0,204,1690.45,1.093,37.75,2093.86,0.81,54.17,39,72,21.87
14,22,10,inflection_or_zero,ema50,False,1.5,4.5,2.5,250.0,223,2768.4,1.143,39.01,2070.85,1.34,54.17,39,72,37.67
14,22,10,inflection_or_zero,ema50,False,1.5,5.0,1.5,0.0,555,-3434.86,0.912,23.06,4812.56,-0.71,36.11,26,72,-16.31
14,22,10,inflection_or_zero,ema50,False,1.5,5.0,1.5,200.0,302,1729.89,1.093,25.5,2540.61,0.68,51.39,37,72,19.28
14,22,10,inflection_or_zero,ema50,False,1.5,5.0,1.5,250.0,315,1626.95,1.084,25.4,3001.49,0.54,50.0,36,72,16.1
14,22,10,inflection_or_zero,ema50,False,1.5,5.0,2.0,0.0,418,-3054.67,0.915,29.19,4931.54,-0.62,38.89,28,72,-15.48
14,22,10,inflection_or_zero,ema50,False,1.5,5.0,2.0,200.0,225,833.22,1.049,30.67,3353.32,0.25,51.39,37,72,7.76
14,22,10,inflection_or_zero,ema50,False,1.5,5.0,2.0,250.0,249,293.76,1.015,30.12,4033.42,0.07,45.83,33,72,2.15
14,22,10,inflection_or_zero,ema50,False,1.5,5.0,2.5,0.0,379,-2967.68,0.924,32.45,5668.15,-0.52,38.89,28,72,-14.16
14,22,10,inflection_or_zero,ema50,False,1.5,5.0,2.5,200.0,192,-535.83,0.97,32.81,4757.37,-0.11,50.0,36,72,-3.77
14,22,10,inflection_or_zero,ema50,False,1.5,5.0,2.5,250.0,213,-720.7,0.965,33.33,4717.1,-0.15,45.83,33,72,-4.64
14,22,10,inflection_or_zero,none,True,1.35,3.5,1.5,0.0,566,-258.8,0.992,31.1,5211.62,-0.05,30.56,22,72,-1.09
14,22,10,inflection_or_zero,none,True,1.35,3.5,1.5,200.0,373,-1454.3,0.927,30.03,3795.52,-0.38,44.44,32,72,-9.72
14,22,10,inflection_or_zero,none,True,1.35,3.5,1.5,250.0,410,-2094.58,0.906,29.51,4551.51,-0.46,38.89,28,72,-10.94
14,22,10,inflection_or_zero,none,True,1.35,3.5,2.0,0.0,491,666.61,1.019,37.47,6164.38,0.11,36.11,26,72,3.12
14,22,10,inflection_or_zero,none,True,1.35,3.5,2.0,200.0,246,327.6,1.021,38.21,3130.41,0.1,51.39,37,72,3.07
14,22,10,inflection_or_zero,none,True,1.35,3.5,2.0,250.0,303,-1221.87,0.94,36.63,4341.26,-0.28,44.44,32,72,-7.75
14,22,10,inflection_or_zero,none,True,1.35,3.5,2.5,0.0,440,-2741.79,0.925,41.82,5964.02,-0.46,34.72,25,72,-11.4
14,22,10,inflection_or_zero,none,True,1.35,3.5,2.5,200.0,222,-1140.04,0.934,41.89,3841.47,-0.3,50.0,36,72,-8.59
14,22,10,inflection_or_zero,none,True,1.35,3.5,2.5,250.0,260,-2169.08,0.896,41.15,4796.94,-0.45,44.44,32,72,-12.47
14,22,10,inflection_or_zero,none,True,1.35,4.0,1.5,0.0,520,891.48,1.028,28.46,5593.03,0.16,34.72,25,72,4.25
14,22,10,inflection_or_zero,none,True,1.35,4.0,1.5,200.0,313,-1075.02,0.94,26.84,4424.86,-0.24,47.22,34,72,-7.17
14,22,10,inflection_or_zero,none,True,1.35,4.0,1.5,250.0,341,-1624.48,0.916,26.1,4817.09,-0.34,44.44,32,72,-9.53
14,22,10,inflection_or_zero,none,True,1.35,4.0,2.0,0.0,463,3803.16,1.112,36.07,5258.22,0.72,40.28,29,72,23.49
14,22,10,inflection_or_zero,none,True,1.35,4.0,2.0,200.0,243,845.16,1.051,35.39,3560.09,0.24,51.39,37,72,7.65
14,22,10,inflection_or_zero,none,True,1.35,4.0,2.0,250.0,251,515.7,1.03,35.06,3889.55,0.13,50.0,36,72,4.26
14,22,10,inflection_or_zero,none,True,1.35,4.0,2.5,0.0,418,309.46,1.008,39.71,5764.59,0.05,34.72,25,72,1.43
14,22,10,inflection_or_zero,none,True,1.35,4.0,2.5,200.0,205,-581.92,0.966,39.02,3915.35,-0.15,50.0,36,72,-4.49
14,22,10,inflection_or_zero,none,True,1.35,4.0,2.5,250.0,221,-104.08,0.994,39.82,3731.71,-0.03,48.61,35,72,-0.82
14,22,10,inflection_or_zero,none,True,1.35,4.5,1.5,0.0,498,218.72,1.007,25.7,5495.2,0.04,34.72,25,72,1.03
14,22,10,inflection_or_zero,none,True,1.35,4.5,1.5,200.0,301,-439.96,0.975,24.58,4252.85,-0.1,45.83,33,72,-3.01
14,22,10,inflection_or_zero,none,True,1.35,4.5,1.5,250.0,316,-874.29,0.953,24.05,4808.49,-0.18,44.44,32,72,-5.34
14,22,10,inflection_or_zero,none,True,1.35,4.5,2.0,0.0,447,1506.46,1.043,32.66,4549.14,0.33,37.5,27,72,8.74
14,22,10,inflection_or_zero,none,True,1.35,4.5,2.0,200.0,242,1180.78,1.07,32.23,3451.7,0.34,50.0,36,72,10.75
14,22,10,inflection_or_zero,none,True,1.35,4.5,2.0,250.0,254,1006.92,1.057,31.89,3905.7,0.26,48.61,35,72,8.28
14,22,10,inflection_or_zero,none,True,1.35,4.5,2.5,0.0,405,-1206.77,0.968,36.54,5481.84,-0.22,34.72,25,72,-5.48
14,22,10,inflection_or_zero,none,True,1.35,4.5,2.5,200.0,208,-261.51,0.985,35.58,4235.77,-0.06,50.0,36,72,-1.98
14,22,10,inflection_or_zero,none,True,1.35,4.5,2.5,250.0,225,-268.41,0.986,36.0,4285.89,-0.06,48.61,35,72,-1.97
14,22,10,inflection_or_zero,none,True,1.35,5.0,1.5,0.0,474,283.2,1.009,24.47,4895.55,0.06,31.94,23,72,1.3
14,22,10,inflection_or_zero,none,True,1.35,5.0,1.5,200.0,266,-435.72,0.973,23.31,3596.08,-0.12,45.83,33,72,-3.24
14,22,10,inflection_or_zero,none,True,1.35,5.0,1.5,250.0,313,-1169.75,0.938,22.36,5048.84,-0.23,40.28,29,72,-6.22
14,22,10,inflection_or_zero,none,True,1.35,5.0,2.0,0.0,425,436.19,1.013,29.88,4586.46,0.1,34.72,25,72,2.27
14,22,10,inflection_or_zero,none,True,1.35,5.0,2.0,200.0,218,511.5,1.032,29.36,3619.08,0.14,47.22,34,72,4.14
14,22,10,inflection_or_zero,none,True,1.35,5.0,2.0,250.0,245,498.55,1.028,29.39,4032.83,0.12,43.06,31,72,3.48
14,22,10,inflection_or_zero,none,True,1.35,5.0,2.5,0.0,384,-1796.71,0.951,33.59,5240.7,-0.34,34.72,25,72,-8.19
14,22,10,inflection_or_zero,none,True,1.35,5.0,2.5,200.0,193,787.28,1.048,34.72,3297.99,0.24,50.0,36,72,7.18
14,22,10,inflection_or_zero,none,True,1.35,5.0,2.5,250.0,219,874.57,1.047,34.7,3635.58,0.24,47.22,34,72,7.17
14,22,10,inflection_or_zero,none,True,1.4,3.5,1.5,0.0,617,-2512.24,0.93,29.5,6195.35,-0.41,31.94,23,72,-9.48
14,22,10,inflection_or_zero,none,True,1.4,3.5,1.5,200.0,405,-1895.15,0.911,29.14,4589.33,-0.41,45.83,33,72,-11.68
14,22,10,inflection_or_zero,none,True,1.4,3.5,1.5,250.0,445,-2798.52,0.883,28.54,5255.63,-0.53,41.67,30,72,-14.2
14,22,10,inflection_or_zero,none,True,1.4,3.5,2.0,0.0,520,-520.69,0.986,36.54,5460.56,-0.1,34.72,25,72,-2.41
14,22,10,inflection_or_zero,none,True,1.4,3.5,2.0,200.0,243,376.98,1.024,37.86,2585.99,0.15,54.17,39,72,4.11
14,22,10,inflection_or_zero,none,True,1.4,3.5,2.0,250.0,293,-862.09,0.956,36.18,4064.06,-0.21,44.44,32,72,-5.75
14,22,10,inflection_or_zero,none,True,1.4,3.5,2.5,0.0,470,-1629.36,0.957,42.55,5344.13,-0.3,34.72,25,72,-7.41
14,22,10,inflection_or_zero,none,True,1.4,3.5,2.5,200.0,224,58.29,1.003,43.75,3539.77,0.02,52.78,38,72,0.52
14,22,10,inflection_or_zero,none,True,1.4,3.5,2.5,250.0,268,-1513.41,0.926,41.79,4534.53,-0.33,44.44,32,72,-9.25
14,22,10,inflection_or_zero,none,True,1.4,4.0,1.5,0.0,567,-1227.03,0.964,27.16,6258.26,-0.2,30.56,22,72,-4.57
14,22,10,inflection_or_zero,none,True,1.4,4.0,1.5,200.0,363,-1296.31,0.936,26.17,5069.86,-0.26,44.44,32,72,-7.57
14,22,10,inflection_or_zero,none,True,1.4,4.0,1.5,250.0,388,-2269.65,0.895,25.26,5781.25,-0.39,40.28,29,72,-10.76
14,22,10,inflection_or_zero,none,True,1.4,4.0,2.0,0.0,481,-194.65,0.995,33.68,5171.12,-0.04,34.72,25,72,-0.94
14,22,10,inflection_or_zero,none,True,1.4,4.0,2.0,200.0,242,197.96,1.012,34.3,3183.9,0.06,50.0,36,72,1.78
14,22,10,inflection_or_zero,none,True,1.4,4.0,2.0,250.0,256,-800.12,0.955,33.2,4181.98,-0.19,47.22,34,72,-5.58
14,22,10,inflection_or_zero,none,True,1.4,4.0,2.5,0.0,439,-2726.98,0.928,38.5,5643.57,-0.48,29.17,21,72,-9.83
14,22,10,inflection_or_zero,none,True,1.4,4.0,2.5,200.0,215,-69.54,0.996,40.0,3496.91,-0.02,52.78,38,72,-0.62
14,22,10,inflection_or_zero,none,True,1.4,4.0,2.5,250.0,246,-1100.34,0.944,39.02,4395.44,-0.25,47.22,34,72,-7.4
14,22,10,inflection_or_zero,none,True,1.4,4.5,1.5,0.0,551,-1062.15,0.969,25.05,5790.01,-0.18,31.94,23,72,-4.32
14,22,10,inflection_or_zero,none,True,1.4,4.5,1.5,200.0,331,874.18,1.047,25.68,3466.25,0.25,50.0,36,72,7.77
14,22,10,inflection_or_zero,none,True,1.4,4.5,1.5,250.0,361,-480.73,0.977,24.38,4692.56,-0.1,44.44,32,72,-3.05
14,22,10,inflection_or_zero,none,True,1.4,4.5,2.0,0.0,461,-2631.78,0.928,30.37,5216.9,-0.5,30.56,22,72,-10.33
14,22,10,inflection_or_zero,none,True,1.4,4.5,2.0,200.0,240,-107.69,0.994,30.42,3999.78,-0.03,47.22,34,72,-0.8
14,22,10,inflection_or_zero,none,True,1.4,4.5,2.0,250.0,250,410.33,1.023,31.2,3622.59,0.11,47.22,34,72,3.29
14,22,10,inflection_or_zero,none,True,1.4,4.5,2.5,0.0,434,-3356.25,0.916,35.48,5206.55,-0.64,31.94,23,72,-13.61
14,22,10,inflection_or_zero,none,True,1.4,4.5,2.5,200.0,210,-209.47,0.988,35.71,4044.03,-0.05,51.39,37,72,-1.67
14,22,10,inflection_or_zero,none,True,1.4,4.5,2.5,250.0,229,484.59,1.027,37.12,3513.82,0.14,51.39,37,72,4.31
14,22,10,inflection_or_zero,none,True,1.4,5.0,1.5,0.0,527,-1232.86,0.964,23.53,5187.18,-0.24,33.33,24,72,-5.5
14,22,10,inflection_or_zero,none,True,1.4,5.0,1.5,200.0,302,1026.23,1.058,24.17,2846.8,0.36,48.61,35,72,9.89
14,22,10,inflection_or_zero,none,True,1.4,5.0,1.5,250.0,343,643.2,1.032,23.62,3781.04,0.17,44.44,32,72,4.8
14,22,10,inflection_or_zero,none,True,1.4,5.0,2.0,0.0,431,-3393.29,0.905,28.07,5898.82,-0.58,31.94,23,72,-12.77
14,22,10,inflection_or_zero,none,True,1.4,5.0,2.0,200.0,216,222.24,1.014,29.63,3101.72,0.07,48.61,35,72,1.97
14,22,10,inflection_or_zero,none,True,1.4,5.0,2.0,250.0,240,325.87,1.018,29.58,3109.04,0.1,45.83,33,72,2.73
14,22,10,inflection_or_zero,none,True,1.4,5.0,2.5,0.0,410,-1799.97,0.954,33.66,4093.49,-0.44,38.89,28,72,-10.44
14,22,10,inflection_or_zero,none,True,1.4,5.0,2.5,200.0,195,1032.61,1.063,35.9,2936.87,0.35,52.78,38,72,10.69
14,22,10,inflection_or_zero,none,True,1.4,5.0,2.5,250.0,216,1850.95,1.104,36.57,2346.36,0.79,51.39,37,72,21.68
14,22,10,inflection_or_zero,none,False,1.5,3.5,1.5,0.0,911,-7946.93,0.861,27.77,8721.8,-0.91,18.06,13,72,-13.23
14,22,10,inflection_or_zero,none,False,1.5,3.5,1.5,200.0,419,1743.21,1.076,31.5,3175.22,0.55,52.78,38,72,17.57
14,22,10,inflection_or_zero,none,False,1.5,3.5,1.5,250.0,493,-435.84,0.984,29.61,3279.83,-0.13,44.44,32,72,-3.33
14,22,10,inflection_or_zero,none,False,1.5,3.5,2.0,0.0,724,-5498.74,0.897,34.81,6372.64,-0.86,27.78,20,72,-17.16
14,22,10,inflection_or_zero,none,False,1.5,3.5,2.0,200.0,299,-1708.76,0.919,35.45,3755.38,-0.46,48.61,35,72,-12.46
14,22,10,inflection_or_zero,none,False,1.5,3.5,2.0,250.0,356,-1866.01,0.925,34.83,3290.98,-0.57,44.44,32,72,-13.37
14,22,10,inflection_or_zero,none,False,1.5,3.5,2.5,0.0,604,-13056.44,0.768,36.26,13823.88,-0.94,22.22,16,72,-18.95
14,22,10,inflection_or_zero,none,False,1.5,3.5,2.5,200.0,239,-2427.61,0.879,38.91,5304.45,-0.46,47.22,34,72,-13.83
14,22,10,inflection_or_zero,none,False,1.5,3.5,2.5,250.0,273,-2522.56,0.888,39.56,5040.9,-0.5,44.44,32,72,-14.02
14,22,10,inflection_or_zero,none,False,1.5,4.0,1.5,0.0,917,-6560.2,0.888,25.85,7714.83,-0.85,25.0,18,72,-16.58
14,22,10,inflection_or_zero,none,False,1.5,4.0,1.5,200.0,378,3092.34,1.145,29.63,2293.3,1.35,55.56,40,72,41.08
14,22,10,inflection_or_zero,none,False,1.5,4.0,1.5,250.0,422,3732.41,1.159,30.09,2612.59,1.43,54.17,39,72,45.85
14,22,10,inflection_or_zero,none,False,1.5,4.0,2.0,0.0,703,-6478.93,0.884,31.44,7568.55,-0.86,26.39,19,72,-17.37
14,22,10,inflection_or_zero,none,False,1.5,4.0,2.0,200.0,268,-1185.21,0.941,32.46,3376.04,-0.35,47.22,34,72,-9.06
14,22,10,inflection_or_zero,none,False,1.5,4.0,2.0,250.0,293,-597.9,0.972,33.45,2952.97,-0.2,45.83,33,72,-4.9
14,22,10,inflection_or_zero,none,False,1.5,4.0,2.5,0.0,537,-11095.5,0.788,33.89,11342.81,-0.98,20.83,15,72,-17.1
14,22,10,inflection_or_zero,none,False,1.5,4.0,2.5,200.0,228,-2605.19,0.869,36.4,4784.13,-0.54,45.83,33,72,-15.0
14,22,10,inflection_or_zero,none,False,1.5,4.0,2.5,250.0,253,-3147.25,0.859,35.57,5361.78,-0.59,41.67,30,72,-15.38
14,22,10,inflection_or_zero,none,False,1.5,4.5,1.5,0.0,855,-780.7,0.986,25.61,5157.61,-0.15,30.56,22,72,-3.28
14,22,10,inflection_or_zero,none,False,1.5,4.5,1.5,200.0,290,4054.56,1.238,28.62,1820.56,2.23,58.33,42,72,68.62
14,22,10,inflection_or_zero,none,False,1.5,4.5,1.5,250.0,347,5937.29,1.301,29.68,1820.56,3.26,56.94,41,72,103.08
14,22,10,inflection_or_zero,none,False,1.5,4.5,2.0,0.0,619,-232.13,0.995,31.34,3262.56,-0.07,29.17,21,72,-1.18
14,22,10,inflection_or_zero,none,False,1.5,4.5,2.0,200.0,270,208.23,1.01,31.11,2694.08,0.08,47.22,34,72,1.91
14,22,10,inflection_or_zero,none,False,1.5,4.5,2.0,250.0,287,503.66,1.024,31.71,2438.21,0.21,45.83,33,72,4.79
14,22,10,inflection_or_zero,none,False,1.5,4.5,2.5,0.0,496,-3137.52,0.935,34.88,4946.48,-0.63,25.0,18,72,-10.43
14,22,10,inflection_or_zero,none,False,1.5,4.5,2.5,200.0,211,-2689.19,0.861,32.23,5806.76,-0.46,44.44,32,72,-13.5
14,22,10,inflection_or_zero,none,False,1.5,4.5,2.5,250.0,230,-3133.2,0.85,32.17,6028.69,-0.52,41.67,30,72,-14.29
14,22,10,inflection_or_zero,none,False,1.5,5.0,1.5,0.0,774,-2331.91,0.956,23.39,5554.1,-0.42,29.17,21,72,-8.73
14,22,10,inflection_or_zero,none,False,1.5,5.0,1.5,200.0,287,3123.03,1.178,25.44,1765.42,1.77,55.56,40,72,48.65
14,22,10,inflection_or_zero,none,False,1.5,5.0,1.5,250.0,337,3551.79,1.175,25.52,2210.01,1.61,51.39,37,72,45.62
14,22,10,inflection_or_zero,none,False,1.5,5.0,2.0,0.0,552,-2740.6,0.94,27.72,5811.69,-0.47,26.39,19,72,-8.92
14,22,10,inflection_or_zero,none,False,1.5,5.0,2.0,200.0,255,-324.33,0.983,28.24,3155.91,-0.1,47.22,34,72,-2.68
14,22,10,inflection_or_zero,none,False,1.5,5.0,2.0,250.0,279,1167.29,1.056,29.75,2985.9,0.39,45.83,33,72,10.34
14,22,10,inflection_or_zero,none,False,1.5,5.0,2.5,0.0,471,5.57,1.0,33.12,5006.06,0.0,26.39,19,72,0.02
14,22,10,inflection_or_zero,none,False,1.5,5.0,2.5,200.0,204,-2428.96,0.875,30.39,5207.49,-0.47,44.44,32,72,-13.09
14,22,10,inflection_or_zero,none,False,1.5,5.0,2.5,250.0,221,-3432.07,0.838,29.41,6252.61,-0.55,40.28,29,72,-14.65
6,12,8,inflection,ema200,True,1.35,3.5,1.5,0.0,246,-1928.33,0.88,29.67,3469.69,-0.56,40.28,29,72,-11.6
6,12,8,inflection,ema200,True,1.35,3.5,1.5,200.0,203,-326.32,0.973,30.54,2828.2,-0.12,47.22,34,72,-2.82
6,12,8,inflection,ema200,True,1.35,3.5,1.5,250.0,225,-1053.97,0.924,30.22,3231.97,-0.33,43.06,31,72,-7.38
6,12,8,inflection,ema200,True,1.35,3.5,2.0,0.0,232,-1632.6,0.908,37.5,3256.0,-0.5,43.06,31,72,-11.19
6,12,8,inflection,ema200,True,1.35,3.5,2.0,200.0,182,-168.14,0.987,39.01,2771.52,-0.06,48.61,35,72,-1.53
6,12,8,inflection,ema200,True,1.35,3.5,2.0,250.0,207,-360.0,0.976,38.65,2771.52,-0.13,45.83,33,72,-3.06
6,12,8,inflection,ema200,True,1.35,3.5,2.5,0.0,212,-1195.44,0.934,42.92,2955.79,-0.4,43.06,31,72,-8.84
6,12,8,inflection,ema200,True,1.35,3.5,2.5,200.0,164,444.93,1.035,44.51,2668.06,0.17,48.61,35,72,4.33
6,12,8,inflection,ema200,True,1.35,3.5,2.5,250.0,182,-204.9,0.986,43.96,2668.06,-0.08,45.83,33,72,-1.79
6,12,8,inflection,ema200,True,1.35,4.0,1.5,0.0,245,-1414.92,0.916,26.94,3180.95,-0.44,41.67,30,72,-9.58
6,12,8,inflection,ema200,True,1.35,4.0,1.5,200.0,197,121.67,1.01,27.92,2256.77,0.05,47.22,34,72,1.22
6,12,8,inflection,ema200,True,1.35,4.0,1.5,250.0,207,51.12,1.004,27.54,2595.67,0.02,44.44,32,72,0.45
6,12,8,inflection,ema200,True,1.35,4.0,2.0,0.0,228,-1491.71,0.919,34.21,3135.97,-0.48,41.67,30,72,-10.2
6,12,8,inflection,ema200,True,1.35,4.0,2.0,200.0,176,64.99,1.005,35.23,2414.54,0.03,50.0,36,72,0.66
6,12,8,inflection,ema200,True,1.35,4.0,2.0,250.0,187,495.54,1.036,35.83,2651.49,0.19,47.22,34,72,4.71
6,12,8,inflection,ema200,True,1.35,4.0,2.5,0.0,208,-316.31,0.983,40.38,2864.42,-0.11,43.06,31,72,-2.5
6,12,8,inflection,ema200,True,1.35,4.0,2.5,200.0,160,889.83,1.068,41.25,2430.39,0.37,48.61,35,72,9.37
6,12,8,inflection,ema200,True,1.35,4.0,2.5,250.0,172,810.72,1.058,41.28,2631.72,0.31,47.22,34,72,7.9
6,12,8,inflection,ema200,True,1.35,4.5,1.5,0.0,234,-883.49,0.944,25.64,3247.24,-0.27,41.67,30,72,-6.1
6,12,8,inflection,ema200,True,1.35,4.5,1.5,200.0,188,144.39,1.012,27.13,2784.49,0.05,44.44,32,72,1.23
6,12,8,inflection,ema200,True,1.35,4.5,1.5,250.0,198,-490.7,0.961,25.76,3076.02,-0.16,43.06,31,72,-3.66
6,12,8,inflection,ema200,True,1.35,4.5,2.0,0.0,223,-732.59,0.96,32.74,3462.48,-0.21,43.06,31,72,-5.15
6,12,8,inflection,ema200,True,1.35,4.5,2.0,200.0,163,1117.45,1.091,35.58,2978.0,0.38,51.39,37,72,11.48
6,12,8,inflection,ema200,True,1.35,4.5,2.0,250.0,177,266.47,1.02,33.33,2978.0,0.09,48.61,35,72,2.42
6,12,8,inflection,ema200,True,1.35,4.5,2.5,0.0,203,890.16,1.048,38.92,2836.02,0.31,47.22,34,72,8.27
6,12,8,inflection,ema200,True,1.35,4.5,2.5,200.0,148,2724.43,1.224,42.57,2430.39,1.12,54.17,39,72,36.64
6,12,8,inflection,ema200,True,1.35,4.5,2.5,250.0,161,1705.19,1.127,39.75,2430.39,0.7,51.39,37,72,20.03
6,12,8,inflection,ema200,True,1.35,5.0,1.5,0.0,226,-2231.88,0.857,23.45,4227.85,-0.53,38.89,28,72,-11.44
6,12,8,inflection,ema200,True,1.35,5.0,1.5,200.0,171,-607.66,0.947,25.15,3884.76,-0.16,43.06,31,72,-3.98
6,12,8,inflection,ema200,True,1.35,5.0,1.5,250.0,196,-1349.67,0.897,23.98,4273.5,-0.32,40.28,29,72,-7.46
6,12,8,inflection,ema200,True,1.35,5.0,2.0,0.0,217,-2302.84,0.874,29.49,4000.18,-0.58,37.5,27,72,-11.93
6,12,8,inflection,ema200,True,1.35,5.0,2.0,200.0,158,-151.19,0.988,32.28,3515.7,-0.04,47.22,34,72,-1.19
6,12,8,inflection,ema200,True,1.35,5.0,2.0,250.0,175,-1039.01,0.926,30.29,3515.7,-0.3,43.06,31,72,-6.99
6,12,8,inflection,ema200,True,1.35,5.0,2.5,0.0,197,-793.74,0.957,35.03,3396.5,-0.23,43.06,31,72,-5.61
6,12,8,inflection,ema200,True,1.35,5.0,2.5,200.0,132,2115.28,1.181,40.91,3019.27,0.7,55.56,40,72,25.26
6,12,8,inflection,ema200,True,1.35,5.0,2.5,250.0,160,300.97,1.021,36.25,3019.27,0.1,47.22,34,72,2.64
6,12,8,inflection,ema200,True,1.4,3.5,1.5,0.0,275,-2549.63,0.858,28.73,4025.32,-0.63,37.5,27,72,-12.93
6,12,8,inflection,ema200,True,1.4,3.5,1.5,200.0,222,-863.62,0.935,29.73,3383.83,-0.26,45.83,33,72,-6.36
6,12,8,inflection,ema200,True,1.4,3.5,1.5,250.0,251,-1672.45,0.893,29.08,3787.6,-0.44,40.28,29,72,-9.77
6,12,8,inflection,ema200,True,1.4,3.5,2.0,0.0,254,-2334.41,0.881,36.22,3254.26,-0.72,41.67,30,72,-15.02
6,12,8,inflection,ema200,True,1.4,3.5,2.0,200.0,192,-214.91,0.984,38.54,2813.61,-0.08,50.0,36,72,-1.99
6,12,8,inflection,ema200,True,1.4,3.5,2.0,250.0,224,-1050.6,0.935,37.05,2813.61,-0.37,44.44,32,72,-8.23
6,12,8,inflection,ema200,True,1.4,3.5,2.5,0.0,228,-1856.5,0.906,41.67,2982.96,-0.62,41.67,30,72,-12.83
6,12,8,inflection,ema200,True,1.4,3.5,2.5,200.0,168,-76.8,0.994,43.45,2725.96,-0.03,47.22,34,72,-0.69
6,12,8,inflection,ema200,True,1.4,3.5,2.5,250.0,191,-803.58,0.948,42.41,2725.96,-0.29,44.44,32,72,-6.48
6,12,8,inflection,ema200,True,1.4,4.0,1.5,0.0,273,-1987.46,0.893,26.01,3650.46,-0.54,40.28,29,72,-11.83
6,12,8,inflection,ema200,True,1.4,4.0,1.5,200.0,223,-591.75,0.957,26.46,2807.25,-0.21,45.83,33,72,-4.9
6,12,8,inflection,ema200,True,1.4,4.0,1.5,250.0,233,-662.3,0.954,26.18,3065.18,-0.22,43.06,31,72,-4.91
6,12,8,inflection,ema200,True,1.4,4.0,2.0,0.0,249,-2148.84,0.894,32.93,3100.91,-0.69,43.06,31,72,-14.85
6,12,8,inflection,ema200,True,1.4,4.0,2.0,200.0,190,-511.36,0.964,33.68,2453.16,-0.21,51.39,37,72,-5.11
6,12,8,inflection,ema200,True,1.4,4.0,2.0,250.0,201,-80.81,0.995,34.33,2690.11,-0.03,48.61,35,72,-0.75
6,12,8,inflection,ema200,True,1.4,4.0,2.5,0.0,222,-1279.89,0.936,38.74,2884.9,-0.44,44.44,32,72,-9.91
6,12,8,inflection,ema200,True,1.4,4.0,2.5,200.0,165,74.94,1.005,39.39,2579.78,0.03,50.0,36,72,0.74
6,12,8,inflection,ema200,True,1.4,4.0,2.5,250.0,178,-128.37,0.991,39.33,2655.03,-0.05,48.61,35,72,-1.2
6,12,8,inflection,ema200,True,1.4,4.5,1.5,0.0,260,-1710.98,0.903,24.23,3551.44,-0.48,43.06,31,72,-11.16
6,12,8,inflection,ema200,True,1.4,4.5,1.5,200.0,213,-605.32,0.956,25.35,2940.45,-0.21,45.83,33,72,-4.89
6,12,8,inflection,ema200,True,1.4,4.5,1.5,250.0,224,-1313.72,0.91,24.11,3380.22,-0.39,44.44,32,72,-9.14
6,12,8,inflection,ema200,True,1.4,4.5,2.0,0.0,243,-1444.82,0.928,31.28,3394.11,-0.43,43.06,31,72,-9.91
6,12,8,inflection,ema200,True,1.4,4.5,2.0,200.0,180,407.64,1.029,33.33,3013.15,0.14,51.39,37,72,3.93
6,12,8,inflection,ema200,True,1.4,4.5,2.0,250.0,192,-273.67,0.982,31.77,3013.15,-0.09,48.61,35,72,-2.38
6,12,8,inflection,ema200,True,1.4,4.5,2.5,0.0,215,-120.85,0.994,37.21,2823.19,-0.04,45.83,33,72,-1.04
6,12,8,inflection,ema200,True,1.4,4.5,2.5,200.0,155,1696.87,1.129,40.0,2576.95,0.66,52.78,38,72,19.92
6,12,8,inflection,ema200,True,1.4,4.5,2.5,250.0,166,888.16,1.062,37.95,2576.95,0.34,50.0,36,72,9.29
6,12,8,inflection,ema200,True,1.4,5.0,1.5,0.0,251,-2871.85,0.834,22.31,4426.5,-0.65,41.67,30,72,-15.0
6,12,8,inflection,ema200,True,1.4,5.0,1.5,200.0,199,-1050.98,0.921,23.62,3703.51,-0.28,45.83,33,72,-7.29
6,12,8,inflection,ema200,True,1.4,5.0,1.5,250.0,221,-1985.17,0.867,22.62,4472.15,-0.44,43.06,31,72,-11.08
6,12,8,inflection,ema200,True,1.4,5.0,2.0,0.0,236,-2779.73,0.861,28.39,3898.49,-0.71,38.89,28,72,-14.91
6,12,8,inflection,ema200,True,1.4,5.0,2.0,200.0,175,-378.22,0.973,30.29,3450.67,-0.11,48.61,35,72,-3.05
6,12,8,inflection,ema200,True,1.4,5.0,2.0,250.0,190,-1473.64,0.905,28.95,3547.38,-0.42,44.44,32,72,-9.95
6,12,8,inflection,ema200,True,1.4,5.0,2.5,0.0,208,-1620.25,0.918,33.65,3350.35,-0.48,43.06,31,72,-11.07
6,12,8,inflection,ema200,True,1.4,5.0,2.5,200.0,142,803.37,1.062,37.32,3259.47,0.25,54.17,39,72,8.1
6,12,8,inflection,ema200,True,1.4,5.0,2.5,250.0,165,-507.41,0.967,34.55,3259.47,-0.16,47.22,34,72,-4.06
6,12,8,inflection,ema200,False,1.5,3.5,1.5,0.0,648,-317.48,0.992,30.86,3654.86,-0.09,37.5,27,72,-1.95
6,12,8,inflection,ema200,False,1.5,3.5,1.5,200.0,362,-2364.94,0.886,28.45,2639.05,-0.9,45.83,33,72,-18.69
6,12,8,inflection,ema200,False,1.5,3.5,1.5,250.0,403,-2857.06,0.879,28.78,3269.76,-0.87,40.28,29,72,-17.69
6,12,8,inflection,ema200,False,1.5,3.5,2.0,0.0,545,-2901.94,0.928,37.06,4387.61,-0.66,34.72,25,72,-14.12
6,12,8,inflection,ema200,False,1.5,3.5,2.0,200.0,316,-1311.07,0.939,36.71,3159.15,-0.42,50.0,36,72,-10.95
6,12,8,inflection,ema200,False,1.5,3.5,2.0,250.0,344,-952.34,0.96,36.63,3665.19,-0.26,44.44,32,72,-6.71
6,12,8,inflection,ema200,False,1.5,3.5,2.5,0.0,492,5148.32,1.126,44.72,3108.79,1.66,41.67,30,72,43.32
6,12,8,inflection,ema200,False,1.5,3.5,2.5,200.0,254,-662.55,0.966,42.52,2838.86,-0.23,51.39,37,72,-6.17
6,12,8,inflection,ema200,False,1.5,3.5,2.5,250.0,279,-1122.19,0.949,41.94,3324.53,-0.34,45.83,33,72,-8.46
6,12,8,inflection,ema200,False,1.5,4.0,1.5,0.0,625,617.27,1.014,28.48,3894.02,0.16,36.11,26,72,3.62
6,12,8,inflection,ema200,False,1.5,4.0,1.5,200.0,336,-938.84,0.953,27.08,3084.09,-0.3,47.22,34,72,-7.61
6,12,8,inflection,ema200,False,1.5,4.0,1.5,250.0,365,-1460.02,0.932,26.58,3428.33,-0.43,43.06,31,72,-10.01
6,12,8,inflection,ema200,False,1.5,4.0,2.0,0.0,529,-321.12,0.992,35.54,3918.75,-0.08,36.11,26,72,-1.84
6,12,8,inflection,ema200,False,1.5,4.0,2.0,200.0,286,606.61,1.031,36.01,2407.38,0.25,52.78,38,72,6.73
6,12,8,inflection,ema200,False,1.5,4.0,2.0,250.0,326,-340.7,0.985,35.28,3221.23,-0.11,47.22,34,72,-2.79
6,12,8,inflection,ema200,False,1.5,4.0,2.5,0.0,459,6400.46,1.158,42.05,3672.46,1.74,41.67,30,72,50.96
6,12,8,inflection,ema200,False,1.5,4.0,2.5,200.0,236,-2972.93,0.852,38.56,3217.14,-0.92,47.22,34,72,-21.09
6,12,8,inflection,ema200,False,1.5,4.0,2.5,250.0,250,-1603.22,0.922,40.0,3025.51,-0.53,47.22,34,72,-12.69
6,12,8,inflection,ema200,False,1.5,4.5,1.5,0.0,598,3513.71,1.084,27.26,3579.79,0.98,37.5,27,72,23.87
6,12,8,inflection,ema200,False,1.5,4.5,1.5,200.0,301,616.21,1.034,26.25,2674.08,0.23,50.0,36,72,6.16
6,12,8,inflection,ema200,False,1.5,4.5,1.5,250.0,338,947.81,1.047,26.63,2738.34,0.35,47.22,34,72,8.95
6,12,8,inflection,ema200,False,1.5,4.5,2.0,0.0,522,2834.66,1.072,34.48,3292.8,0.86,41.67,30,72,22.07
6,12,8,inflection,ema200,False,1.5,4.5,2.0,200.0,255,1065.09,1.059,34.12,2281.91,0.47,54.17,39,72,12.79
6,12,8,inflection,ema200,False,1.5,4.5,2.0,250.0,283,2371.66,1.121,34.98,2034.2,1.17,52.78,38,72,31.11
6,12,8,inflection,ema200,False,1.5,4.5,2.5,0.0,455,9040.38,1.221,40.44,3121.04,2.9,41.67,30,72,82.33
6,12,8,inflection,ema200,False,1.5,4.5,2.5,200.0,201,607.09,1.036,40.3,2256.27,0.27,54.17,39,72,7.17
6,12,8,inflection,ema200,False,1.5,4.5,2.5,250.0,230,462.61,1.024,40.0,2916.53,0.16,50.0,36,72,4.39
6,12,8,inflection,ema200,False,1.5,5.0,1.5,0.0,577,627.54,1.016,24.96,3883.51,0.16,36.11,26,72,3.69
6,12,8,inflection,ema200,False,1.5,5.0,1.5,200.0,283,386.43,1.022,24.38,2439.79,0.16,48.61,35,72,3.89
6,12,8,inflection,ema200,False,1.5,5.0,1.5,250.0,330,244.28,1.012,23.94,3102.8,0.08,44.44,32,72,1.97
6,12,8,inflection,ema200,False,1.5,5.0,2.0,0.0,489,799.0,1.02,31.08,3050.06,0.26,41.67,30,72,6.15
6,12,8,inflection,ema200,False,1.5,5.0,2.0,200.0,250,122.52,1.006,30.0,2327.85,0.05,50.0,36,72,1.28
6,12,8,inflection,ema200,False,1.5,5.0,2.0,250.0,281,708.47,1.034,30.6,2327.85,0.3,48.61,35,72,7.38
6,12,8,inflection,ema200,False,1.5,5.0,2.5,0.0,413,4580.9,1.117,37.29,2645.07,1.73,43.06,31,72,42.84
6,12,8,inflection,ema200,False,1.5,5.0,2.5,200.0,187,709.53,1.043,37.43,1814.32,0.39,54.17,39,72,9.41
6,12,8,inflection,ema200,False,1.5,5.0,2.5,250.0,224,469.26,1.024,37.05,1856.63,0.25,51.39,37,72,5.73
6,12,8,inflection,ema50,True,1.35,3.5,1.5,0.0,228,-1823.14,0.873,31.14,3129.08,-0.58,41.67,30,72,-11.86
6,12,8,inflection,ema50,True,1.35,3.5,1.5,200.0,193,-317.21,0.972,33.16,3019.64,-0.11,44.44,32,72,-2.49
6,12,8,inflection,ema50,True,1.35,3.5,1.5,250.0,207,-1170.33,0.907,31.88,3019.64,-0.39,41.67,30,72,-8.05
6,12,8,inflection,ema50,True,1.35,3.5,2.0,0.0,219,-2181.64,0.868,37.9,3752.33,-0.58,38.89,28,72,-12.02
6,12,8,inflection,ema50,True,1.35,3.5,2.0,200.0,172,-17.72,0.999,41.28,3521.27,-0.01,45.83,33,72,-0.14
6,12,8,inflection,ema50,True,1.35,3.5,2.0,250.0,195,-1169.61,0.917,38.97,3532.2,-0.33,40.28,29,72,-7.27
6,12,8,inflection,ema50,True,1.35,3.5,2.5,0.0,210,-166.57,0.99,45.24,3581.62,-0.05,47.22,34,72,-1.3
6,12,8,inflection,ema50,True,1.35,3.5,2.5,200.0,157,1949.71,1.171,49.04,3132.82,0.62,55.56,40,72,22.66
6,12,8,inflection,ema50,True,1.35,3.5,2.5,250.0,182,771.4,1.055,46.7,3334.15,0.23,51.39,37,72,7.24
6,12,8,inflection,ema50,True,1.35,4.0,1.5,0.0,224,-1687.75,0.885,28.12,2915.74,-0.58,43.06,31,72,-11.91
6,12,8,inflection,ema50,True,1.35,4.0,1.5,200.0,183,-452.54,0.96,30.05,2902.49,-0.16,45.83,33,72,-3.7
6,12,8,inflection,ema50,True,1.35,4.0,1.5,250.0,197,-461.81,0.962,29.44,2806.3,-0.16,44.44,32,72,-3.73
6,12,8,inflection,ema50,True,1.35,4.0,2.0,0.0,216,-1803.14,0.894,34.72,3675.41,-0.49,43.06,31,72,-11.45
6,12,8,inflection,ema50,True,1.35,4.0,2.0,200.0,168,183.85,1.015,38.1,3453.81,0.05,48.61,35,72,1.54
6,12,8,inflection,ema50,True,1.35,4.0,2.0,250.0,181,-448.84,0.967,36.46,3453.81,-0.13,43.06,31,72,-3.18
6,12,8,inflection,ema50,True,1.35,4.0,2.5,0.0,205,-109.6,0.994,41.95,3550.72,-0.03,47.22,34,72,-0.86
6,12,8,inflection,ema50,True,1.35,4.0,2.5,200.0,153,2039.75,1.171,45.75,3274.5,0.62,52.78,38,72,22.03
6,12,8,inflection,ema50,True,1.35,4.0,2.5,250.0,167,2128.93,1.165,45.51,3274.5,0.65,51.39,37,72,22.27
6,12,8,inflection,ema50,True,1.35,4.5,1.5,0.0,222,-432.8,0.97,27.48,3010.67,-0.14,45.83,33,72,-3.51
6,12,8,inflection,ema50,True,1.35,4.5,1.5,200.0,177,633.93,1.056,29.94,3169.08,0.2,48.61,35,72,5.78
6,12,8,inflection,ema50,True,1.35,4.5,1.5,250.0,190,436.78,1.037,28.95,2969.94,0.15,47.22,34,72,3.92
6,12,8,inflection,ema50,True,1.35,4.5,2.0,0.0,213,-1191.83,0.931,33.33,3607.97,-0.33,45.83,33,72,-8.47
6,12,8,inflection,ema50,True,1.35,4.5,2.0,200.0,158,1053.56,1.088,37.97,3419.38,0.31,51.39,37,72,10.07
6,12,8,inflection,ema50,True,1.35,4.5,2.0,250.0,173,968.92,1.074,36.42,3419.38,0.28,47.22,34,72,8.4
6,12,8,inflection,ema50,True,1.35,4.5,2.5,0.0,200,1402.72,1.081,41.0,3513.12,0.4,51.39,37,72,13.15
6,12,8,inflection,ema50,True,1.35,4.5,2.5,200.0,141,3540.53,1.318,46.81,3247.37,1.09,56.94,41,72,46.63
6,12,8,inflection,ema50,True,1.35,4.5,2.5,250.0,156,3356.31,1.273,44.87,3247.37,1.03,54.17,39,72,40.61
6,12,8,inflection,ema50,True,1.35,5.0,1.5,0.0,220,-907.73,0.939,25.0,3341.05,-0.27,41.67,30,72,-6.14
6,12,8,inflection,ema50,True,1.35,5.0,1.5,200.0,163,-64.02,0.994,26.38,3141.37,-0.02,45.83,33,72,-0.52
6,12,8,inflection,ema50,True,1.35,5.0,1.5,250.0,190,-10.22,0.999,26.32,3261.25,-0.0,43.06,31,72,-0.08
6,12,8,inflection,ema50,True,1.35,5.0,2.0,0.0,211,-2590.93,0.856,28.91,3540.51,-0.73,41.67,30,72,-15.53
6,12,8,inflection,ema50,True,1.35,5.0,2.0,200.0,150,-249.59,0.98,32.67,3318.91,-0.08,47.22,34,72,-2.0
6,12,8,inflection,ema50,True,1.35,5.0,2.0,250.0,174,-834.51,0.94,31.03,3403.57,-0.25,43.06,31,72,-5.79
6,12,8,inflection,ema50,True,1.35,5.0,2.5,0.0,197,-31.04,0.998,36.04,3180.15,-0.01,47.22,34,72,-0.26
6,12,8,inflection,ema50,True,1.35,5.0,2.5,200.0,128,2337.01,1.208,42.19,2904.91,0.8,56.94,41,72,29.82
6,12,8,inflection,ema50,True,1.35,5.0,2.5,250.0,157,1693.31,1.125,38.85,2903.93,0.58,50.0,36,72,17.68
6,12,8,inflection,ema50,True,1.4,3.5,1.5,0.0,244,-1709.64,0.888,31.15,3263.16,-0.52,40.28,29,72,-10.71
6,12,8,inflection,ema50,True,1.4,3.5,1.5,200.0,194,165.01,1.014,34.02,2961.28,0.06,44.44,32,72,1.37
6,12,8,inflection,ema50,True,1.4,3.5,1.5,250.0,222,-746.02,0.944,32.43,2961.28,-0.25,40.28,29,72,-5.21
6,12,8,inflection,ema50,True,1.4,3.5,2.0,0.0,236,-2441.16,0.864,37.29,4189.55,-0.58,40.28,29,72,-13.13
6,12,8,inflection,ema50,True,1.4,3.5,2.0,200.0,180,-147.87,0.988,40.56,3666.12,-0.04,47.22,34,72,-1.14
6,12,8,inflection,ema50,True,1.4,3.5,2.0,250.0,213,-1309.64,0.915,38.5,3677.05,-0.36,41.67,30,72,-8.23
6,12,8,inflection,ema50,True,1.4,3.5,2.5,0.0,223,-54.52,0.997,44.84,3538.15,-0.02,48.61,35,72,-0.44
6,12,8,inflection,ema50,True,1.4,3.5,2.5,200.0,164,971.99,1.078,46.95,3313.11,0.29,54.17,39,72,9.86
6,12,8,inflection,ema50,True,1.4,3.5,2.5,250.0,195,744.7,1.05,46.15,3313.11,0.22,51.39,37,72,6.98
6,12,8,inflection,ema50,True,1.4,4.0,1.5,0.0,239,-1553.3,0.9,28.03,2887.62,-0.54,43.06,31,72,-11.2
6,12,8,inflection,ema50,True,1.4,4.0,1.5,200.0,190,128.65,1.011,30.53,2942.6,0.04,47.22,34,72,1.13
6,12,8,inflection,ema50,True,1.4,4.0,1.5,250.0,207,167.25,1.013,29.95,2659.54,0.06,45.83,33,72,1.51
6,12,8,inflection,ema50,True,1.4,4.0,2.0,0.0,232,-2028.43,0.89,34.05,3820.26,-0.53,44.44,32,72,-12.98
6,12,8,inflection,ema50,True,1.4,4.0,2.0,200.0,177,503.43,1.038,37.85,3598.66,0.14,50.0,36,72,4.36
6,12,8,inflection,ema50,True,1.4,4.0,2.0,250.0,193,-115.76,0.992,36.27,3598.66,-0.03,45.83,33,72,-0.88
6,12,8,inflection,ema50,True,1.4,4.0,2.5,0.0,217,39.7,1.002,41.47,3474.84,0.01,50.0,36,72,0.34
6,12,8,inflection,ema50,True,1.4,4.0,2.5,200.0,164,1515.57,1.115,43.9,3275.5,0.46,54.17,39,72,15.99
6,12,8,inflection,ema50,True,1.4,4.0,2.5,250.0,179,1761.92,1.125,44.13,3275.5,0.54,52.78,38,72,18.28
6,12,8,inflection,ema50,True,1.4,4.5,1.5,0.0,237,-407.73,0.974,27.0,2831.5,-0.14,45.83,33,72,-3.42
6,12,8,inflection,ema50,True,1.4,4.5,1.5,200.0,184,1326.11,1.115,30.43,2989.91,0.44,50.0,36,72,13.52
6,12,8,inflection,ema50,True,1.4,4.5,1.5,250.0,194,1340.9,1.111,29.9,2790.77,0.48,48.61,35,72,13.71
6,12,8,inflection,ema50,True,1.4,4.5,2.0,0.0,229,-1533.25,0.918,32.31,3752.82,-0.41,44.44,32,72,-10.21
6,12,8,inflection,ema50,True,1.4,4.5,2.0,200.0,164,1756.76,1.142,38.41,3564.23,0.49,52.78,38,72,17.74
6,12,8,inflection,ema50,True,1.4,4.5,2.0,250.0,184,1269.11,1.092,35.87,3564.23,0.36,47.22,34,72,10.96
6,12,8,inflection,ema50,True,1.4,4.5,2.5,0.0,212,1418.87,1.077,40.09,3404.83,0.42,54.17,39,72,14.19
6,12,8,inflection,ema50,True,1.4,4.5,2.5,200.0,146,3868.37,1.334,46.58,3237.9,1.19,61.11,44,72,55.42
6,12,8,inflection,ema50,True,1.4,4.5,2.5,250.0,167,2920.12,1.216,43.11,3237.9,0.9,55.56,40,72,34.67
6,12,8,inflection,ema50,True,1.4,5.0,1.5,0.0,235,-771.69,0.952,24.68,3129.48,-0.25,43.06,31,72,-5.65
6,12,8,inflection,ema50,True,1.4,5.0,1.5,200.0,174,559.47,1.049,27.01,2929.8,0.19,48.61,35,72,5.27
6,12,8,inflection,ema50,True,1.4,5.0,1.5,250.0,198,729.73,1.057,26.77,3136.55,0.23,45.83,33,72,6.31
6,12,8,inflection,ema50,True,1.4,5.0,2.0,0.0,226,-2724.84,0.859,28.32,3737.87,-0.73,41.67,30,72,-15.95
6,12,8,inflection,ema50,True,1.4,5.0,2.0,200.0,155,1197.41,1.097,34.19,3463.76,0.35,51.39,37,72,11.47
6,12,8,inflection,ema50,True,1.4,5.0,2.0,250.0,178,575.88,1.041,32.58,3548.42,0.16,45.83,33,72,4.61
6,12,8,inflection,ema50,True,1.4,5.0,2.5,0.0,208,215.65,1.011,35.58,3039.46,0.07,50.0,36,72,1.98
6,12,8,inflection,ema50,True,1.4,5.0,2.5,200.0,134,2848.94,1.243,42.54,2904.93,0.98,59.72,43,72,39.24
6,12,8,inflection,ema50,True,1.4,5.0,2.5,250.0,162,2109.12,1.151,38.89,2904.93,0.73,52.78,38,72,23.77
6,12,8,inflection,ema50,False,1.5,3.5,1.5,0.0,634,-4733.28,0.876,29.18,5207.85,-0.91,30.56,22,72,-17.56
6,12,8,inflection,ema50,False,1.5,3.5,1.5,200.0,363,414.89,1.022,32.51,1846.7,0.22,52.78,38,72,5.21
6,12,8,inflection,ema50,False,1.5,3.5,1.5,250.0,442,-426.51,0.982,31.22,2180.95,-0.2,44.44,32,72,-3.99
6,12,8,inflection,ema50,False,1.5,3.5,2.0,0.0,555,-4271.11,0.897,35.5,5773.62,-0.74,38.89,28,72,-19.61
6,12,8,inflection,ema50,False,1.5,3.5,2.0,200.0,327,612.72,1.028,39.45,2192.1,0.28,52.78,38,72,7.1
6,12,8,inflection,ema50,False,1.5,3.5,2.0,250.0,367,-1128.06,0.955,37.87,3451.31,-0.33,44.44,32,72,-8.15
6,12,8,inflection,ema50,False,1.5,3.5,2.5,0.0,501,-1605.6,0.963,42.32,2964.12,-0.54,45.83,33,72,-13.02
6,12,8,inflection,ema50,False,1.5,3.5,2.5,200.0,268,2405.36,1.127,46.27,1617.6,1.49,58.33,42,72,39.32
6,12,8,inflection,ema50,False,1.5,3.5,2.5,250.0,307,2761.38,1.124,46.25,2193.11,1.26,52.78,38,72,34.98
6,12,8,inflection,ema50,False,1.5,4.0,1.5,0.0,597,-3280.14,0.912,27.14,4101.08,-0.8,33.33,24,72,-15.57
6,12,8,inflection,ema50,False,1.5,4.0,1.5,200.0,334,415.99,1.022,29.34,2355.48,0.18,51.39,37,72,4.5
6,12,8,inflection,ema50,False,1.5,4.0,1.5,250.0,376,404.02,1.019,28.99,2153.59,0.19,48.61,35,72,4.31
6,12,8,inflection,ema50,False,1.5,4.0,2.0,0.0,499,-2544.87,0.933,33.67,3728.06,-0.68,40.28,29,72,-15.66
6,12,8,inflection,ema50,False,1.5,4.0,2.0,200.0,275,307.43,1.016,36.36,1991.19,0.15,52.78,38,72,3.69
6,12,8,inflection,ema50,False,1.5,4.0,2.0,250.0,320,234.82,1.01,35.94,2078.28,0.11,47.22,34,72,2.46
6,12,8,inflection,ema50,False,1.5,4.0,2.5,0.0,464,50.89,1.001,39.87,3071.8,0.02,44.44,32,72,0.41
6,12,8,inflection,ema50,False,1.5,4.0,2.5,200.0,246,522.7,1.027,41.46,2103.51,0.25,52.78,38,72,6.18
6,12,8,inflection,ema50,False,1.5,4.0,2.5,250.0,262,1576.29,1.077,42.75,2079.26,0.76,52.78,38,72,19.65
6,12,8,inflection,ema50,False,1.5,4.5,1.5,0.0,585,-2791.71,0.926,25.47,3677.99,-0.76,31.94,23,72,-13.61
6,12,8,inflection,ema50,False,1.5,4.5,1.5,200.0,334,1099.37,1.058,27.54,2496.48,0.44,50.0,36,72,11.64
6,12,8,inflection,ema50,False,1.5,4.5,1.5,250.0,357,2070.77,1.103,28.29,2310.26,0.9,50.0,36,72,23.76
6,12,8,inflection,ema50,False,1.5,4.5,2.0,0.0,475,-1549.56,0.959,31.58,3078.82,-0.5,38.89,28,72,-10.42
6,12,8,inflection,ema50,False,1.5,4.5,2.0,200.0,251,1162.68,1.064,34.26,2324.83,0.5,52.78,38,72,13.54
6,12,8,inflection,ema50,False,1.5,4.5,2.0,250.0,278,2433.04,1.124,35.61,2035.93,1.2,52.78,38,72,31.99
6,12,8,inflection,ema50,False,1.5,4.5,2.5,0.0,436,840.31,1.021,38.07,3801.85,0.22,36.11,26,72,5.02
6,12,8,inflection,ema50,False,1.5,4.5,2.5,200.0,210,36.11,1.002,38.1,2132.39,0.02,52.78,38,72,0.41
6,12,8,inflection,ema50,False,1.5,4.5,2.5,250.0,253,874.69,1.041,39.13,2161.18,0.4,47.22,34,72,9.25
6,12,8,inflection,ema50,False,1.5,5.0,1.5,0.0,550,-4633.26,0.874,22.91,4770.89,-0.97,26.39,19,72,-15.47
6,12,8,inflection,ema50,False,1.5,5.0,1.5,200.0,310,-268.25,0.986,24.84,2241.94,-0.12,47.22,34,72,-2.64
6,12,8,inflection,ema50,False,1.5,5.0,1.5,250.0,359,-694.77,0.968,24.23,3020.03,-0.23,41.67,30,72,-5.1
6,12,8,inflection,ema50,False,1.5,5.0,2.0,0.0,437,-3875.13,0.893,28.15,4854.69,-0.8,37.5,27,72,-18.62
6,12,8,inflection,ema50,False,1.5,5.0,2.0,200.0,237,-829.32,0.955,29.96,2563.68,-0.32,50.0,36,72,-7.82
6,12,8,inflection,ema50,False,1.5,5.0,2.0,250.0,277,550.93,1.026,31.05,2230.23,0.25,47.22,34,72,5.65
6,12,8,inflection,ema50,False,1.5,5.0,2.5,0.0,407,-1187.0,0.97,34.4,3610.92,-0.33,40.28,29,72,-7.72
6,12,8,inflection,ema50,False,1.5,5.0,2.5,200.0,188,931.84,1.055,36.7,2041.15,0.46,54.17,39,72,11.79
6,12,8,inflection,ema50,False,1.5,5.0,2.5,250.0,227,212.24,1.01,35.68,2041.15,0.1,48.61,35,72,2.31
6,12,8,inflection,none,True,1.35,3.5,1.5,0.0,516,-8724.57,0.746,26.16,9389.14,-0.93,27.78,20,72,-18.66
6,12,8,inflection,none,True,1.35,3.5,1.5,200.0,319,-1420.37,0.921,28.53,4798.42,-0.3,47.22,34,72,-8.92
6,12,8,inflection,none,True,1.35,3.5,1.5,250.0,368,-2632.98,0.876,27.72,5213.02,-0.51,41.67,30,72,-13.31
6,12,8,inflection,none,True,1.35,3.5,2.0,0.0,493,-5129.03,0.864,35.7,6038.52,-0.85,38.89,28,72,-22.18
6,12,8,inflection,none,True,1.35,3.5,2.0,200.0,253,4896.05,1.318,44.27,1914.71,2.56,66.67,48,72,98.32
6,12,8,inflection,none,True,1.35,3.5,2.0,250.0,315,1841.11,1.089,39.68,2893.62,0.64,56.94,41,72,21.22
6,12,8,inflection,none,True,1.35,3.5,2.5,0.0,440,-5561.94,0.856,40.0,5707.84,-0.97,31.94,23,72,-20.13
6,12,8,inflection,none,True,1.35,3.5,2.5,200.0,233,5028.72,1.326,48.5,1143.0,4.4,62.5,45,72,123.27
6,12,8,inflection,none,True,1.35,3.5,2.5,250.0,296,1570.12,1.073,43.58,1865.2,0.84,48.61,35,72,18.96
6,12,8,inflection,none,True,1.35,4.0,1.5,0.0,512,-7485.4,0.788,24.22,8680.69,-0.86,29.17,21,72,-18.47
6,12,8,inflection,none,True,1.35,4.0,1.5,200.0,315,594.04,1.033,28.25,3073.67,0.19,51.39,37,72,5.69
6,12,8,inflection,none,True,1.35,4.0,1.5,250.0,360,-706.29,0.966,26.67,4114.02,-0.17,43.06,31,72,-4.58
6,12,8,inflection,none,True,1.35,4.0,2.0,0.0,472,-5995.88,0.844,31.99,6324.11,-0.95,34.72,25,72,-22.09
6,12,8,inflection,none,True,1.35,4.0,2.0,200.0,258,3845.19,1.227,38.76,1658.31,2.32,59.72,43,72,69.19
6,12,8,inflection,none,True,1.35,4.0,2.0,250.0,291,2642.24,1.131,37.46,2289.86,1.15,54.17,39,72,33.83
6,12,8,inflection,none,True,1.35,4.0,2.5,0.0,414,-4297.27,0.887,37.92,4950.19,-0.87,36.11,26,72,-19.56
6,12,8,inflection,none,True,1.35,4.0,2.5,200.0,212,6405.67,1.454,47.17,1111.37,5.76,65.28,47,72,182.38
6,12,8,inflection,none,True,1.35,4.0,2.5,250.0,247,5462.02,1.308,45.34,1250.18,4.37,59.72,43,72,120.67
6,12,8,inflection,none,True,1.35,4.5,1.5,0.0,484,-7058.8,0.798,22.73,8077.9,-0.87,29.17,21,72,-18.28
6,12,8,inflection,none,True,1.35,4.5,1.5,200.0,300,477.24,1.026,25.67,2980.98,0.16,48.61,35,72,4.36
6,12,8,inflection,none,True,1.35,4.5,1.5,250.0,319,855.95,1.045,26.02,2947.92,0.29,48.61,35,72,8.01
6,12,8,inflection,none,True,1.35,4.5,2.0,0.0,433,-5857.76,0.84,29.56,6474.29,-0.9,31.94,23,72,-19.53
6,12,8,inflection,none,True,1.35,4.5,2.0,200.0,240,3748.81,1.226,35.42,1845.84,2.03,56.94,41,72,60.91
6,12,8,inflection,none,True,1.35,4.5,2.0,250.0,263,3430.58,1.187,34.6,1916.35,1.79,54.17,39,72,50.39
6,12,8,inflection,none,True,1.35,4.5,2.5,0.0,372,-4505.61,0.875,35.48,5813.55,-0.78,37.5,27,72,-19.39
6,12,8,inflection,none,True,1.35,4.5,2.5,200.0,195,4470.89,1.303,41.54,1486.28,3.01,58.33,42,72,88.14
6,12,8,inflection,none,True,1.35,4.5,2.5,250.0,210,4581.2,1.287,41.43,1382.9,3.31,56.94,41,72,90.28
6,12,8,inflection,none,True,1.35,5.0,1.5,0.0,472,-4340.38,0.868,22.67,5800.35,-0.75,29.17,21,72,-14.43
6,12,8,inflection,none,True,1.35,5.0,1.5,200.0,260,308.8,1.019,25.0,3322.54,0.09,47.22,34,72,2.58
6,12,8,inflection,none,True,1.35,5.0,1.5,250.0,308,-61.57,0.997,24.35,3811.2,-0.02,41.67,30,72,-0.41
6,12,8,inflection,none,True,1.35,5.0,2.0,0.0,423,-5803.78,0.839,27.66,6677.45,-0.87,26.39,19,72,-15.73
6,12,8,inflection,none,True,1.35,5.0,2.0,200.0,225,2720.79,1.164,32.44,1762.34,1.54,54.17,39,72,40.87
6,12,8,inflection,none,True,1.35,5.0,2.0,250.0,272,1582.45,1.078,30.88,1882.99,0.84,47.22,34,72,18.56
6,12,8,inflection,none,True,1.35,5.0,2.5,0.0,357,-4991.68,0.861,32.49,6127.79,-0.81,33.33,24,72,-18.3
6,12,8,inflection,none,True,1.35,5.0,2.5,200.0,169,3603.98,1.258,39.64,1607.6,2.24,56.94,41,72,64.39
6,12,8,inflection,none,True,1.35,5.0,2.5,250.0,208,4673.66,1.284,39.42,1425.63,3.28,55.56,40,72,88.3
6,12,8,inflection,none,True,1.4,3.5,1.5,0.0,575,-6166.7,0.836,28.0,7264.78,-0.85,31.94,23,72,-19.32
6,12,8,inflection,none,True,1.4,3.5,1.5,200.0,321,-185.17,0.99,29.6,4344.09,-0.04,50.0,36,72,-1.39
6,12,8,inflection,none,True,1.4,3.5,1.5,250.0,375,-1124.54,0.949,28.8,4046.33,-0.28,41.67,30,72,-6.99
6,12,8,inflection,none,True,1.4,3.5,2.0,0.0,547,-3622.43,0.914,36.2,4683.29,-0.77,36.11,26,72,-17.47
6,12,8,inflection,none,True,1.4,3.5,2.0,200.0,246,5701.61,1.38,44.72,1707.53,3.34,66.67,48,72,126.95
6,12,8,inflection,none,True,1.4,3.5,2.0,250.0,326,3449.21,1.161,40.18,1774.18,1.94,55.56,40,72,52.82
6,12,8,inflection,none,True,1.4,3.5,2.5,0.0,479,-3291.52,0.92,41.34,6110.05,-0.54,36.11,26,72,-13.99
6,12,8,inflection,none,True,1.4,3.5,2.5,200.0,242,7049.09,1.45,50.0,1153.26,6.11,66.67,48,72,200.66
6,12,8,inflection,none,True,1.4,3.5,2.5,250.0,293,4309.22,1.205,45.73,1153.26,3.74,55.56,40,72,84.95
6,12,8,inflection,none,True,1.4,4.0,1.5,0.0,560,-3646.35,0.903,26.43,5201.78,-0.7,34.72,25,72,-15.85
6,12,8,inflection,none,True,1.4,4.0,1.5,200.0,313,633.96,1.036,27.8,4094.33,0.15,51.39,37,72,5.27
6,12,8,inflection,none,True,1.4,4.0,1.5,250.0,360,437.43,1.021,27.78,3931.11,0.11,47.22,34,72,3.36
6,12,8,inflection,none,True,1.4,4.0,2.0,0.0,520,-2270.71,0.945,33.85,4051.06,-0.56,36.11,26,72,-12.17
6,12,8,inflection,none,True,1.4,4.0,2.0,200.0,245,5196.96,1.327,40.41,1669.92,3.11,63.89,46,72,107.82
6,12,8,inflection,none,True,1.4,4.0,2.0,250.0,292,2634.89,1.127,37.33,2531.78,1.04,54.17,39,72,31.97
6,12,8,inflection,none,True,1.4,4.0,2.5,0.0,441,-1875.59,0.953,38.78,4413.42,-0.42,36.11,26,72,-9.72
6,12,8,inflection,none,True,1.4,4.0,2.5,200.0,210,6128.21,1.415,46.19,1402.16,4.37,65.28,47,72,151.17
6,12,8,inflection,none,True,1.4,4.0,2.5,250.0,248,4423.06,1.235,43.55,1404.48,3.15,56.94,41,72,82.99
6,12,8,inflection,none,True,1.4,4.5,1.5,0.0,513,-5322.77,0.854,23.59,6587.81,-0.81,27.78,20,72,-15.56
6,12,8,inflection,none,True,1.4,4.5,1.5,200.0,263,576.33,1.035,25.86,4634.14,0.12,48.61,35,72,4.26
6,12,8,inflection,none,True,1.4,4.5,1.5,250.0,297,61.6,1.003,24.92,4822.05,0.01,45.83,33,72,0.41
6,12,8,inflection,none,True,1.4,4.5,2.0,0.0,480,-3247.28,0.92,31.04,4530.96,-0.72,34.72,25,72,-15.41
6,12,8,inflection,none,True,1.4,4.5,2.0,200.0,210,6034.44,1.424,39.05,1585.59,3.81,62.5,45,72,134.88
6,12,8,inflection,none,True,1.4,4.5,2.0,250.0,250,4892.96,1.281,36.4,1978.68,2.47,58.33,42,72,82.19
6,12,8,inflection,none,True,1.4,4.5,2.5,0.0,409,-1450.78,0.963,36.43,5200.45,-0.28,37.5,27,72,-7.27
6,12,8,inflection,none,True,1.4,4.5,2.5,200.0,190,5316.6,1.366,42.63,1875.52,2.83,61.11,44,72,102.48
6,12,8,inflection,none,True,1.4,4.5,2.5,250.0,207,5679.38,1.359,42.51,1875.52,3.03,59.72,43,72,106.43
6,12,8,inflection,none,True,1.4,5.0,1.5,0.0,485,-4330.41,0.872,22.68,6478.79,-0.67,27.78,20,72,-13.03
6,12,8,inflection,none,True,1.4,5.0,1.5,200.0,244,-354.99,0.977,23.77,4558.67,-0.08,45.83,33,72,-2.35
6,12,8,inflection,none,True,1.4,5.0,1.5,250.0,283,-793.34,0.956,23.32,5278.93,-0.15,41.67,30,72,-4.35
6,12,8,inflection,none,True,1.4,5.0,2.0,0.0,463,-836.04,0.979,29.81,4082.36,-0.2,34.72,25,72,-4.45
6,12,8,inflection,none,True,1.4,5.0,2.0,200.0,203,4380.71,1.292,34.48,1768.95,2.48,58.33,42,72,78.49
6,12,8,inflection,none,True,1.4,5.0,2.0,250.0,239,3876.81,1.217,33.05,2255.37,1.72,54.17,39,72,53.82
6,12,8,inflection,none,True,1.4,5.0,2.5,0.0,393,-37.49,0.999,34.61,5149.49,-0.01,33.33,24,72,-0.17
6,12,8,inflection,none,True,1.4,5.0,2.5,200.0,157,4466.56,1.349,40.76,1674.51,2.67,59.72,43,72,87.93
6,12,8,inflection,none,True,1.4,5.0,2.5,250.0,200,5024.54,1.308,39.5,2210.94,2.27,55.56,40,72,77.66
6,12,8,inflection,none,False,1.5,3.5,1.5,0.0,831,-4998.21,0.902,28.76,5312.95,-0.94,26.39,19,72,-16.32
6,12,8,inflection,none,False,1.5,3.5,1.5,200.0,359,-4858.44,0.78,25.91,5473.72,-0.89,41.67,30,72,-21.34
6,12,8,inflection,none,False,1.5,3.5,1.5,250.0,443,-6221.21,0.772,25.51,6552.46,-0.95,34.72,25,72,-20.6
6,12,8,inflection,none,False,1.5,3.5,2.0,0.0,740,-1369.6,0.975,36.35,4112.11,-0.33,34.72,25,72,-7.23
6,12,8,inflection,none,False,1.5,3.5,2.0,200.0,289,-1881.12,0.907,34.95,3065.57,-0.61,48.61,35,72,-14.98
6,12,8,inflection,none,False,1.5,3.5,2.0,250.0,343,-2676.33,0.892,34.69,3519.48,-0.76,41.67,30,72,-16.77
6,12,8,inflection,none,False,1.5,3.5,2.5,0.0,667,2868.6,1.052,44.08,3736.75,0.77,38.89,28,72,19.2
6,12,8,inflection,none,False,1.5,3.5,2.5,200.0,234,1371.66,1.075,45.3,1530.41,0.9,56.94,41,72,21.46
6,12,8,inflection,none,False,1.5,3.5,2.5,250.0,279,308.33,1.014,43.73,2128.4,0.14,50.0,36,72,3.39
6,12,8,inflection,none,False,1.5,4.0,1.5,0.0,732,-5299.81,0.885,26.37,5819.59,-0.91,27.78,20,72,-17.08
6,12,8,inflection,none,False,1.5,4.0,1.5,200.0,329,-3117.85,0.85,25.23,3933.7,-0.79,44.44,32,72,-18.78
6,12,8,inflection,none,False,1.5,4.0,1.5,250.0,399,-4201.92,0.834,25.06,5017.77,-0.84,38.89,28,72,-19.24
6,12,8,inflection,none,False,1.5,4.0,2.0,0.0,623,-3460.94,0.929,32.91,4700.68,-0.74,25.0,18,72,-11.72
6,12,8,inflection,none,False,1.5,4.0,2.0,200.0,237,-1483.48,0.917,33.33,2780.52,-0.53,48.61,35,72,-12.54
6,12,8,inflection,none,False,1.5,4.0,2.0,250.0,272,-2624.95,0.874,32.72,3855.35,-0.68,44.44,32,72,-16.42
6,12,8,inflection,none,False,1.5,4.0,2.5,0.0,601,1539.27,1.029,40.43,4485.13,0.34,37.5,27,72,8.87
6,12,8,inflection,none,False,1.5,4.0,2.5,200.0,208,2536.85,1.15,44.23,1301.55,1.95,56.94,41,72,46.04
6,12,8,inflection,none,False,1.5,4.0,2.5,250.0,246,846.2,1.041,42.28,1714.52,0.49,50.0,36,72,10.64
6,12,8,inflection,none,False,1.5,4.5,1.5,0.0,645,-6606.77,0.843,23.26,7358.31,-0.9,25.0,18,72,-16.23
6,12,8,inflection,none,False,1.5,4.5,1.5,200.0,320,-2567.37,0.874,23.44,3583.59,-0.72,43.06,31,72,-16.14
6,12,8,inflection,none,False,1.5,4.5,1.5,250.0,349,-3546.9,0.842,22.92,4563.12,-0.78,40.28,29,72,-17.81
6,12,8,inflection,none,False,1.5,4.5,2.0,0.0,550,-5607.34,0.879,29.27,6377.29,-0.88,27.78,20,72,-17.15
6,12,8,inflection,none,False,1.5,4.5,2.0,200.0,233,-2472.51,0.865,29.18,3617.28,-0.68,44.44,32,72,-15.8
6,12,8,inflection,none,False,1.5,4.5,2.0,250.0,261,-1859.75,0.908,30.27,3004.52,-0.62,43.06,31,72,-13.27
6,12,8,inflection,none,False,1.5,4.5,2.5,0.0,526,-44.68,0.999,37.64,5462.79,-0.01,33.33,24,72,-0.2
6,12,8,inflection,none,False,1.5,4.5,2.5,200.0,189,1193.4,1.072,39.68,1714.61,0.7,51.39,37,72,15.88
6,12,8,inflection,none,False,1.5,4.5,2.5,250.0,201,1949.03,1.112,40.3,1599.27,1.22,51.39,37,72,27.85
6,12,8,inflection,none,False,1.5,5.0,1.5,0.0,608,-6907.64,0.833,21.22,7920.63,-0.87,22.22,16,72,-14.37
6,12,8,inflection,none,False,1.5,5.0,1.5,200.0,272,-1078.38,0.939,22.79,2238.54,-0.48,45.83,33,72,-9.81
6,12,8,inflection,none,False,1.5,5.0,1.5,250.0,324,-2511.92,0.882,21.6,3559.02,-0.71,40.28,29,72,-14.96
6,12,8,inflection,none,False,1.5,5.0,2.0,0.0,525,-3000.92,0.931,28.38,5712.93,-0.53,27.78,20,72,-10.27
6,12,8,inflection,none,False,1.5,5.0,2.0,200.0,207,-796.68,0.952,29.95,2373.44,-0.34,47.22,34,72,-7.35
6,12,8,inflection,none,False,1.5,5.0,2.0,250.0,241,-904.94,0.953,29.46,2124.29,-0.43,44.44,32,72,-8.32
6,12,8,inflection,none,False,1.5,5.0,2.5,0.0,474,1044.62,1.023,36.29,4985.16,0.21,33.33,24,72,5.04
6,12,8,inflection,none,False,1.5,5.0,2.5,200.0,183,973.51,1.059,37.16,1521.2,0.64,52.78,38,72,13.95
6,12,8,inflection,none,False,1.5,5.0,2.5,250.0,207,1165.65,1.062,37.2,1835.79,0.63,48.61,35,72,14.04
6,12,8,zero_cross,ema200,True,1.35,3.5,1.5,0.0,225,-1864.75,0.875,29.33,2281.64,-0.82,41.67,30,72,-14.23
6,12,8,zero_cross,ema200,True,1.35,3.5,1.5,200.0,187,558.97,1.052,31.55,1665.38,0.34,45.83,33,72,6.6
6,12,8,zero_cross,ema200,True,1.35,3.5,1.5,250.0,195,371.24,1.033,31.28,1801.08,0.21,45.83,33,72,4.14
6,12,8,zero_cross,ema200,True,1.35,3.5,2.0,0.0,208,-1052.34,0.935,37.98,2147.66,-0.49,44.44,32,72,-9.44
6,12,8,zero_cross,ema200,True,1.35,3.5,2.0,200.0,168,2462.86,1.233,41.07,1967.45,1.25,52.78,38,72,36.13
6,12,8,zero_cross,ema200,True,1.35,3.5,2.0,250.0,178,1603.09,1.14,39.33,2226.16,0.72,50.0,36,72,19.37
6,12,8,zero_cross,ema200,True,1.35,3.5,2.5,0.0,193,465.41,1.028,42.49,2673.45,0.17,45.83,33,72,4.24
6,12,8,zero_cross,ema200,True,1.35,3.5,2.5,200.0,155,1825.54,1.164,45.16,2011.67,0.91,52.78,38,72,25.01
6,12,8,zero_cross,ema200,True,1.35,3.5,2.5,250.0,163,713.4,1.059,42.94,2680.79,0.27,50.0,36,72,7.3
6,12,8,zero_cross,ema200,True,1.35,4.0,1.5,0.0,221,-2152.78,0.859,26.24,2697.68,-0.8,43.06,31,72,-15.33
6,12,8,zero_cross,ema200,True,1.35,4.0,1.5,200.0,185,464.58,1.042,28.11,1951.78,0.24,48.61,35,72,5.33
6,12,8,zero_cross,ema200,True,1.35,4.0,1.5,250.0,193,552.61,1.049,28.5,2066.89,0.27,47.22,34,72,6.02
6,12,8,zero_cross,ema200,True,1.35,4.0,2.0,0.0,202,-552.87,0.967,35.15,1960.8,-0.28,45.83,33,72,-5.53
6,12,8,zero_cross,ema200,True,1.35,4.0,2.0,200.0,164,2706.79,1.248,38.41,1332.96,2.03,51.39,37,72,47.55
6,12,8,zero_cross,ema200,True,1.35,4.0,2.0,250.0,172,2387.54,1.207,37.79,1495.77,1.6,50.0,36,72,37.26
6,12,8,zero_cross,ema200,True,1.35,4.0,2.5,0.0,186,-17.29,0.999,38.71,3108.77,-0.01,41.67,30,72,-0.13
6,12,8,zero_cross,ema200,True,1.35,4.0,2.5,200.0,151,1509.56,1.128,41.72,1705.35,0.89,50.0,36,72,20.62
6,12,8,zero_cross,ema200,True,1.35,4.0,2.5,250.0,158,848.16,1.068,40.51,2507.66,0.34,48.61,35,72,8.79
6,12,8,zero_cross,ema200,True,1.35,4.5,1.5,0.0,215,-3103.9,0.795,23.26,3261.13,-0.95,37.5,27,72,-16.2
6,12,8,zero_cross,ema200,True,1.35,4.5,1.5,200.0,181,-442.84,0.961,24.86,2578.14,-0.17,43.06,31,72,-3.61
6,12,8,zero_cross,ema200,True,1.35,4.5,1.5,250.0,184,-612.46,0.947,24.46,2585.43,-0.24,41.67,30,72,-4.75
6,12,8,zero_cross,ema200,True,1.35,4.5,2.0,0.0,191,-1015.78,0.936,31.94,2560.42,-0.4,43.06,31,72,-8.09
6,12,8,zero_cross,ema200,True,1.35,4.5,2.0,200.0,159,2065.79,1.185,34.59,2091.19,0.99,47.22,34,72,25.28
6,12,8,zero_cross,ema200,True,1.35,4.5,2.0,250.0,164,1373.86,1.116,33.54,2396.8,0.57,47.22,34,72,14.79
6,12,8,zero_cross,ema200,True,1.35,4.5,2.5,0.0,178,178.7,1.011,35.39,3463.01,0.05,41.67,30,72,1.28
6,12,8,zero_cross,ema200,True,1.35,4.5,2.5,200.0,144,583.04,1.048,37.5,2531.82,0.23,47.22,34,72,5.73
6,12,8,zero_cross,ema200,True,1.35,4.5,2.5,250.0,151,-97.0,0.993,36.42,2950.34,-0.03,47.22,34,72,-0.84
6,12,8,zero_cross,ema200,True,1.35,5.0,1.5,0.0,215,-2483.55,0.838,22.33,2764.76,-0.9,40.28,29,72,-15.94
6,12,8,zero_cross,ema200,True,1.35,5.0,1.5,200.0,176,449.1,1.041,24.43,2605.47,0.17,41.67,30,72,3.82
6,12,8,zero_cross,ema200,True,1.35,5.0,1.5,250.0,185,32.95,1.003,23.78,2658.55,0.01,41.67,30,72,0.27
6,12,8,zero_cross,ema200,True,1.35,5.0,2.0,0.0,193,-854.93,0.948,30.05,2797.11,-0.31,41.67,30,72,-6.39
6,12,8,zero_cross,ema200,True,1.35,5.0,2.0,200.0,160,1849.15,1.157,31.87,2591.48,0.71,45.83,33,72,19.26
6,12,8,zero_cross,ema200,True,1.35,5.0,2.0,250.0,163,1843.59,1.153,31.9,2591.48,0.71,45.83,33,72,19.14
6,12,8,zero_cross,ema200,True,1.35,5.0,2.5,0.0,177,-2015.39,0.887,32.77,3767.52,-0.53,37.5,27,72,-10.92
6,12,8,zero_cross,ema200,True,1.35,5.0,2.5,200.0,144,329.59,1.026,34.72,2961.06,0.11,44.44,32,72,2.76
6,12,8,zero_cross,ema200,True,1.35,5.0,2.5,250.0,147,262.14,1.02,34.69,2960.23,0.09,44.44,32,72,2.18
6,12,8,zero_cross,ema200,True,1.4,3.5,1.5,0.0,233,-2045.7,0.867,29.18,2408.75,-0.85,44.44,32,72,-16.06
6,12,8,zero_cross,ema200,True,1.4,3.5,1.5,200.0,196,307.37,1.027,31.12,2170.86,0.14,48.61,35,72,3.29
6,12,8,zero_cross,ema200,True,1.4,3.5,1.5,250.0,204,136.41,1.012,30.88,2242.95,0.06,48.61,35,72,1.42
6,12,8,zero_cross,ema200,True,1.4,3.5,2.0,0.0,217,-1263.18,0.925,37.79,2305.88,-0.55,45.83,33,72,-11.15
6,12,8,zero_cross,ema200,True,1.4,3.5,2.0,200.0,179,2088.4,1.183,40.22,2328.86,0.9,54.17,39,72,27.73
6,12,8,zero_cross,ema200,True,1.4,3.5,2.0,250.0,188,1321.45,1.108,38.83,2423.95,0.55,51.39,37,72,15.28
6,12,8,zero_cross,ema200,True,1.4,3.5,2.5,0.0,207,653.99,1.037,42.51,2558.91,0.26,47.22,34,72,6.33
6,12,8,zero_cross,ema200,True,1.4,3.5,2.5,200.0,168,2046.94,1.171,44.64,2001.0,1.02,55.56,40,72,29.77
6,12,8,zero_cross,ema200,True,1.4,3.5,2.5,250.0,176,788.8,1.06,42.61,2653.98,0.3,51.39,37,72,8.34
6,12,8,zero_cross,ema200,True,1.4,4.0,1.5,0.0,229,-2290.44,0.855,26.2,2781.5,-0.82,45.83,33,72,-17.02
6,12,8,zero_cross,ema200,True,1.4,4.0,1.5,200.0,194,256.27,1.022,27.84,2263.21,0.11,51.39,37,72,2.83
6,12,8,zero_cross,ema200,True,1.4,4.0,1.5,250.0,200,468.57,1.04,28.5,2356.82,0.2,50.0,36,72,5.02
6,12,8,zero_cross,ema200,True,1.4,4.0,2.0,0.0,211,-695.7,0.96,35.07,2143.35,-0.32,47.22,34,72,-6.81
6,12,8,zero_cross,ema200,True,1.4,4.0,2.0,200.0,174,2470.8,1.211,37.93,1475.79,1.67,52.78,38,72,41.11
6,12,8,zero_cross,ema200,True,1.4,4.0,2.0,250.0,181,2244.71,1.184,37.57,1692.02,1.33,51.39,37,72,33.2
6,12,8,zero_cross,ema200,True,1.4,4.0,2.5,0.0,200,346.63,1.019,39.0,2845.62,0.12,43.06,31,72,2.85
6,12,8,zero_cross,ema200,True,1.4,4.0,2.5,200.0,162,2060.24,1.165,41.98,1541.85,1.34,52.78,38,72,32.26
6,12,8,zero_cross,ema200,True,1.4,4.0,2.5,250.0,168,1514.52,1.116,41.07,1895.53,0.8,51.39,37,72,19.95
6,12,8,zero_cross,ema200,True,1.4,4.5,1.5,0.0,224,-2736.99,0.824,24.11,2845.79,-0.96,41.67,30,72,-17.62
6,12,8,zero_cross,ema200,True,1.4,4.5,1.5,200.0,192,-241.72,0.98,25.52,2772.94,-0.09,47.22,34,72,-2.12
6,12,8,zero_cross,ema200,True,1.4,4.5,1.5,250.0,194,-316.2,0.974,25.26,2843.09,-0.11,45.83,33,72,-2.65
6,12,8,zero_cross,ema200,True,1.4,4.5,2.0,0.0,200,-1092.14,0.934,32.0,2756.67,-0.4,47.22,34,72,-9.17
6,12,8,zero_cross,ema200,True,1.4,4.5,2.0,200.0,170,1770.45,1.147,34.12,2451.06,0.72,51.39,37,72,21.08
6,12,8,zero_cross,ema200,True,1.4,4.5,2.0,250.0,174,1204.34,1.096,33.33,2756.67,0.44,51.39,37,72,12.92
6,12,8,zero_cross,ema200,True,1.4,4.5,2.5,0.0,191,520.57,1.029,35.6,3581.22,0.15,43.06,31,72,3.85
6,12,8,zero_cross,ema200,True,1.4,4.5,2.5,200.0,158,916.5,1.07,37.34,2987.8,0.31,48.61,35,72,8.72
6,12,8,zero_cross,ema200,True,1.4,4.5,2.5,250.0,161,410.54,1.03,36.65,3232.24,0.13,48.61,35,72,3.62
6,12,8,zero_cross,ema200,True,1.4,5.0,1.5,0.0,224,-2263.25,0.857,22.77,2898.15,-0.78,41.67,30,72,-15.01
6,12,8,zero_cross,ema200,True,1.4,5.0,1.5,200.0,183,109.06,1.009,24.04,2674.6,0.04,41.67,30,72,0.89
6,12,8,zero_cross,ema200,True,1.4,5.0,1.5,250.0,195,182.6,1.015,24.1,2916.21,0.06,43.06,31,72,1.48
6,12,8,zero_cross,ema200,True,1.4,5.0,2.0,0.0,201,-1030.45,0.94,29.85,2993.36,-0.34,44.44,32,72,-7.87
6,12,8,zero_cross,ema200,True,1.4,5.0,2.0,200.0,166,1510.71,1.122,31.33,2787.73,0.54,48.61,35,72,15.61
6,12,8,zero_cross,ema200,True,1.4,5.0,2.0,250.0,172,1574.91,1.123,31.4,2951.35,0.53,48.61,35,72,15.83
6,12,8,zero_cross,ema200,True,1.4,5.0,2.5,0.0,190,-1463.6,0.923,33.16,3930.92,-0.37,38.89,28,72,-8.38
6,12,8,zero_cross,ema200,True,1.4,5.0,2.5,200.0,153,1199.85,1.091,35.29,2716.6,0.44,45.83,33,72,11.51
6,12,8,zero_cross,ema200,True,1.4,5.0,2.5,250.0,161,354.2,1.025,34.16,3581.94,0.1,43.06,31,72,2.61
6,12,8,zero_cross,ema200,False,1.5,3.5,1.5,0.0,629,-96.43,0.998,32.75,3175.62,-0.03,41.67,30,72,-0.71
6,12,8,zero_cross,ema200,False,1.5,3.5,1.5,200.0,388,838.92,1.039,32.73,2005.63,0.42,54.17,39,72,10.54
6,12,8,zero_cross,ema200,False,1.5,3.5,1.5,250.0,420,1950.64,1.085,33.81,1824.08,1.07,52.78,38,72,26.15
6,12,8,zero_cross,ema200,False,1.5,3.5,2.0,0.0,551,2500.07,1.06,39.02,3243.96,0.77,41.67,30,72,19.39
6,12,8,zero_cross,ema200,False,1.5,3.5,2.0,200.0,299,1972.36,1.102,41.14,1656.25,1.19,54.17,39,72,28.93
6,12,8,zero_cross,ema200,False,1.5,3.5,2.0,250.0,329,2197.2,1.105,41.34,1656.25,1.33,52.78,38,72,31.49
6,12,8,zero_cross,ema200,False,1.5,3.5,2.5,0.0,478,3419.39,1.082,44.56,3966.81,0.86,43.06,31,72,25.29
6,12,8,zero_cross,ema200,False,1.5,3.5,2.5,200.0,263,1479.98,1.079,46.39,1877.66,0.79,55.56,40,72,20.48
6,12,8,zero_cross,ema200,False,1.5,3.5,2.5,250.0,272,1926.86,1.1,46.69,1751.79,1.1,54.17,39,72,27.43
6,12,8,zero_cross,ema200,False,1.5,4.0,1.5,0.0,620,814.8,1.02,30.16,3646.9,0.22,41.67,30,72,5.73
6,12,8,zero_cross,ema200,False,1.5,4.0,1.5,200.0,334,935.79,1.048,30.54,1533.2,0.61,52.78,38,72,13.22
6,12,8,zero_cross,ema200,False,1.5,4.0,1.5,250.0,380,943.43,1.043,30.0,2196.69,0.43,48.61,35,72,10.21
6,12,8,zero_cross,ema200,False,1.5,4.0,2.0,0.0,529,6200.35,1.15,38.0,2952.75,2.1,44.44,32,72,58.31
6,12,8,zero_cross,ema200,False,1.5,4.0,2.0,200.0,264,1361.3,1.074,37.5,1824.17,0.75,52.78,38,72,18.07
6,12,8,zero_cross,ema200,False,1.5,4.0,2.0,250.0,290,3023.98,1.154,39.31,1644.28,1.84,52.78,38,72,45.42
6,12,8,zero_cross,ema200,False,1.5,4.0,2.5,0.0,451,7058.71,1.174,42.35,4333.37,1.63,41.67,30,72,52.46
6,12,8,zero_cross,ema200,False,1.5,4.0,2.5,200.0,242,894.22,1.047,41.74,2383.06,0.38,51.39,37,72,9.86
6,12,8,zero_cross,ema200,False,1.5,4.0,2.5,250.0,251,2183.48,1.113,43.03,2264.41,0.96,51.39,37,72,26.24
6,12,8,zero_cross,ema200,False,1.5,4.5,1.5,0.0,589,3208.31,1.085,28.01,4105.82,0.78,41.67,30,72,22.64
6,12,8,zero_cross,ema200,False,1.5,4.5,1.5,200.0,322,144.73,1.007,27.64,2428.94,0.06,50.0,36,72,1.48
6,12,8,zero_cross,ema200,False,1.5,4.5,1.5,250.0,364,2415.53,1.114,29.67,2325.53,1.04,50.0,36,72,27.9
6,12,8,zero_cross,ema200,False,1.5,4.5,2.0,0.0,468,1968.54,1.052,32.69,3181.29,0.62,41.67,30,72,15.3
6,12,8,zero_cross,ema200,False,1.5,4.5,2.0,200.0,248,-2887.07,0.851,30.24,3233.13,-0.89,44.44,32,72,-19.2
6,12,8,zero_cross,ema200,False,1.5,4.5,2.0,250.0,285,-1061.84,0.95,32.28,2694.79,-0.39,44.44,32,72,-8.64
6,12,8,zero_cross,ema200,False,1.5,4.5,2.5,0.0,414,3035.7,1.078,37.92,4475.02,0.68,38.89,28,72,19.02
6,12,8,zero_cross,ema200,False,1.5,4.5,2.5,200.0,225,-2715.22,0.865,35.11,3018.08,-0.9,45.83,33,72,-19.59
6,12,8,zero_cross,ema200,False,1.5,4.5,2.5,250.0,252,-1488.39,0.931,36.51,3184.12,-0.47,44.44,32,72,-10.91
6,12,8,zero_cross,ema200,False,1.5,5.0,1.5,0.0,556,4820.08,1.131,26.8,3771.65,1.28,44.44,32,72,39.45
6,12,8,zero_cross,ema200,False,1.5,5.0,1.5,200.0,303,1537.12,1.084,26.73,2062.81,0.75,52.78,38,72,19.36
6,12,8,zero_cross,ema200,False,1.5,5.0,1.5,250.0,349,1521.56,1.072,26.65,2355.76,0.65,50.0,36,72,16.8
6,12,8,zero_cross,ema200,False,1.5,5.0,2.0,0.0,430,3045.93,1.083,30.7,3565.83,0.85,41.67,30,72,23.02
6,12,8,zero_cross,ema200,False,1.5,5.0,2.0,200.0,216,-2973.67,0.836,27.31,3457.75,-0.86,43.06,31,72,-18.2
6,12,8,zero_cross,ema200,False,1.5,5.0,2.0,250.0,254,-1803.45,0.911,29.13,2758.04,-0.65,43.06,31,72,-13.47
6,12,8,zero_cross,ema200,False,1.5,5.0,2.5,0.0,405,3661.81,1.094,36.79,3924.1,0.93,43.06,31,72,27.54
6,12,8,zero_cross,ema200,False,1.5,5.0,2.5,200.0,190,-2712.01,0.851,33.68,3278.71,-0.83,48.61,35,72,-19.59
6,12,8,zero_cross,ema200,False,1.5,5.0,2.5,250.0,244,-3163.16,0.861,33.2,3493.66,-0.91,41.67,30,72,-19.2
6,12,8,zero_cross,ema50,True,1.35,3.5,1.5,0.0,252,-2646.8,0.841,28.57,3435.26,-0.77,45.83,33,72,-17.41
6,12,8,zero_cross,ema50,True,1.35,3.5,1.5,200.0,202,857.28,1.075,31.68,1633.95,0.52,52.78,38,72,12.03
6,12,8,zero_cross,ema50,True,1.35,3.5,1.5,250.0,216,216.16,1.017,30.56,2271.21,0.1,51.39,37,72,2.37
6,12,8,zero_cross,ema50,True,1.35,3.5,2.0,0.0,224,-866.62,0.949,37.95,2427.05,-0.36,50.0,36,72,-8.35
6,12,8,zero_cross,ema50,True,1.35,3.5,2.0,200.0,180,2674.35,1.233,41.67,1432.98,1.87,56.94,41,72,49.6
6,12,8,zero_cross,ema50,True,1.35,3.5,2.0,250.0,193,1450.08,1.115,39.38,2231.3,0.65,54.17,39,72,18.54
6,12,8,zero_cross,ema50,True,1.35,3.5,2.5,0.0,202,11.38,1.001,41.58,3273.41,0.0,51.39,37,72,0.1
6,12,8,zero_cross,ema50,True,1.35,3.5,2.5,200.0,163,800.32,1.065,42.94,2418.16,0.33,56.94,41,72,9.87
6,12,8,zero_cross,ema50,True,1.35,3.5,2.5,250.0,172,-38.91,0.997,41.86,2975.05,-0.01,54.17,39,72,-0.39
6,12,8,zero_cross,ema50,True,1.35,4.0,1.5,0.0,247,-3187.28,0.814,25.51,4147.3,-0.77,43.06,31,72,-17.35
6,12,8,zero_cross,ema50,True,1.35,4.0,1.5,200.0,201,371.99,1.031,27.86,2167.73,0.17,50.0,36,72,4.12
6,12,8,zero_cross,ema50,True,1.35,4.0,1.5,250.0,212,159.74,1.013,27.83,2583.12,0.06,47.22,34,72,1.5
6,12,8,zero_cross,ema50,True,1.35,4.0,2.0,0.0,214,-1342.34,0.922,34.11,2549.48,-0.53,44.44,32,72,-10.89
6,12,8,zero_cross,ema50,True,1.35,4.0,2.0,200.0,175,2180.08,1.18,37.14,1587.36,1.37,51.39,37,72,33.18
6,12,8,zero_cross,ema50,True,1.35,4.0,2.0,250.0,183,1546.43,1.121,36.07,2395.84,0.65,50.0,36,72,17.71
6,12,8,zero_cross,ema50,True,1.35,4.0,2.5,0.0,194,-512.98,0.971,37.63,3428.64,-0.15,41.67,30,72,-3.54
6,12,8,zero_cross,ema50,True,1.35,4.0,2.5,200.0,157,486.84,1.038,39.49,2530.82,0.19,48.61,35,72,4.88
6,12,8,zero_cross,ema50,True,1.35,4.0,2.5,250.0,165,-325.74,0.976,38.18,3484.31,-0.09,47.22,34,72,-2.54
6,12,8,zero_cross,ema50,True,1.35,4.5,1.5,0.0,241,-2734.66,0.84,23.24,3750.57,-0.73,38.89,28,72,-14.59
6,12,8,zero_cross,ema50,True,1.35,4.5,1.5,200.0,200,131.14,1.011,24.5,3112.46,0.04,44.44,32,72,1.06
6,12,8,zero_cross,ema50,True,1.35,4.5,1.5,250.0,202,-34.15,0.997,24.26,3182.61,-0.01,43.06,31,72,-0.26
6,12,8,zero_cross,ema50,True,1.35,4.5,2.0,0.0,208,-1906.0,0.894,30.77,2644.81,-0.72,43.06,31,72,-14.27
6,12,8,zero_cross,ema50,True,1.35,4.5,2.0,200.0,164,2891.24,1.252,34.76,1288.47,2.24,48.61,35,72,49.02
6,12,8,zero_cross,ema50,True,1.35,4.5,2.0,250.0,169,2214.27,1.183,33.73,1531.05,1.45,48.61,35,72,32.54
6,12,8,zero_cross,ema50,True,1.35,4.5,2.5,0.0,192,-97.3,0.995,34.9,3298.71,-0.03,40.28,29,72,-0.68
6,12,8,zero_cross,ema50,True,1.35,4.5,2.5,200.0,151,1084.8,1.085,37.09,2154.83,0.5,45.83,33,72,11.62
6,12,8,zero_cross,ema50,True,1.35,4.5,2.5,250.0,155,463.85,1.035,36.13,2436.67,0.19,45.83,33,72,4.46
6,12,8,zero_cross,ema50,True,1.35,5.0,1.5,0.0,241,-2305.72,0.867,21.99,3413.87,-0.68,40.28,29,72,-13.78
6,12,8,zero_cross,ema50,True,1.35,5.0,1.5,200.0,188,1018.44,1.086,23.94,2123.37,0.48,45.83,33,72,11.0
6,12,8,zero_cross,ema50,True,1.35,5.0,1.5,250.0,203,451.29,1.035,23.15,2877.85,0.16,43.06,31,72,3.75
6,12,8,zero_cross,ema50,True,1.35,5.0,2.0,0.0,209,-1895.49,0.898,28.71,2824.51,-0.67,43.06,31,72,-13.79
6,12,8,zero_cross,ema50,True,1.35,5.0,2.0,200.0,162,2456.37,1.207,31.48,1290.81,1.9,48.61,35,72,40.11
6,12,8,zero_cross,ema50,True,1.35,5.0,2.0,250.0,166,2596.63,1.213,31.93,1256.91,2.07,48.61,35,72,43.19
6,12,8,zero_cross,ema50,True,1.35,5.0,2.5,0.0,191,-2676.31,0.865,31.94,3568.78,-0.75,34.72,25,72,-13.45
6,12,8,zero_cross,ema50,True,1.35,5.0,2.5,200.0,150,227.72,1.017,33.33,2408.36,0.09,41.67,30,72,1.97
6,12,8,zero_cross,ema50,True,1.35,5.0,2.5,250.0,153,551.53,1.04,33.99,2160.22,0.26,41.67,30,72,5.14
6,12,8,zero_cross,ema50,True,1.4,3.5,1.5,0.0,257,-2618.49,0.846,28.79,3353.11,-0.78,45.83,33,72,-17.53
6,12,8,zero_cross,ema50,True,1.4,3.5,1.5,200.0,207,885.59,1.075,31.88,1483.74,0.6,52.78,38,72,13.04
6,12,8,zero_cross,ema50,True,1.4,3.5,1.5,250.0,222,190.59,1.015,30.63,2174.88,0.09,51.39,37,72,2.13
6,12,8,zero_cross,ema50,True,1.4,3.5,2.0,0.0,229,-1360.62,0.922,37.55,2426.26,-0.56,47.22,34,72,-12.03
6,12,8,zero_cross,ema50,True,1.4,3.5,2.0,200.0,185,2180.35,1.182,41.08,1482.84,1.47,54.17,39,72,36.25
6,12,8,zero_cross,ema50,True,1.4,3.5,2.0,250.0,199,885.28,1.067,38.69,2496.24,0.35,51.39,37,72,9.72
6,12,8,zero_cross,ema50,True,1.4,3.5,2.5,0.0,212,218.83,1.012,41.98,2951.61,0.07,50.0,36,72,2.04
6,12,8,zero_cross,ema50,True,1.4,3.5,2.5,200.0,168,1724.34,1.14,44.64,1924.25,0.9,58.33,42,72,26.14
6,12,8,zero_cross,ema50,True,1.4,3.5,2.5,250.0,181,295.31,1.021,42.54,2949.66,0.1,52.78,38,72,2.93
6,12,8,zero_cross,ema50,True,1.4,4.0,1.5,0.0,252,-3114.21,0.822,25.79,4020.39,-0.77,43.06,31,72,-17.38
6,12,8,zero_cross,ema50,True,1.4,4.0,1.5,200.0,206,445.06,1.036,28.16,1972.76,0.23,50.0,36,72,5.19
6,12,8,zero_cross,ema50,True,1.4,4.0,1.5,250.0,217,232.81,1.018,28.11,2388.15,0.1,47.22,34,72,2.29
6,12,8,zero_cross,ema50,True,1.4,4.0,2.0,0.0,220,-1496.19,0.916,34.09,2504.68,-0.6,44.44,32,72,-12.17
6,12,8,zero_cross,ema50,True,1.4,4.0,2.0,200.0,181,2027.77,1.161,37.02,1384.59,1.46,51.39,37,72,32.51
6,12,8,zero_cross,ema50,True,1.4,4.0,2.0,250.0,189,1392.58,1.105,35.98,2193.07,0.63,50.0,36,72,16.43
6,12,8,zero_cross,ema50,True,1.4,4.0,2.5,0.0,204,-171.8,0.991,38.24,3169.01,-0.05,43.06,31,72,-1.3
6,12,8,zero_cross,ema50,True,1.4,4.0,2.5,200.0,161,1632.32,1.128,41.61,1872.65,0.87,51.39,37,72,21.87
6,12,8,zero_cross,ema50,True,1.4,4.0,2.5,250.0,169,819.74,1.06,40.24,2826.14,0.29,50.0,36,72,8.17
6,12,8,zero_cross,ema50,True,1.4,4.5,1.5,0.0,246,-2616.84,0.849,23.58,3514.57,-0.74,40.28,29,72,-15.1
6,12,8,zero_cross,ema50,True,1.4,4.5,1.5,200.0,206,153.82,1.012,24.76,2872.74,0.05,45.83,33,72,1.33
6,12,8,zero_cross,ema50,True,1.4,4.5,1.5,250.0,207,83.67,1.007,24.64,2942.89,0.03,44.44,32,72,0.69
6,12,8,zero_cross,ema50,True,1.4,4.5,2.0,0.0,214,-2015.1,0.891,30.84,2498.22,-0.81,44.44,32,72,-15.96
6,12,8,zero_cross,ema50,True,1.4,4.5,2.0,200.0,171,2656.32,1.219,34.5,1040.95,2.55,50.0,36,72,50.18
6,12,8,zero_cross,ema50,True,1.4,4.5,2.0,250.0,175,2105.17,1.167,33.71,1283.53,1.64,50.0,36,72,34.29
6,12,8,zero_cross,ema50,True,1.4,4.5,2.5,0.0,198,60.41,1.003,35.35,3115.69,0.02,43.06,31,72,0.47
6,12,8,zero_cross,ema50,True,1.4,4.5,2.5,200.0,158,1910.16,1.146,38.61,1571.49,1.22,48.61,35,72,26.84
6,12,8,zero_cross,ema50,True,1.4,4.5,2.5,250.0,161,1445.72,1.107,37.89,1870.93,0.77,48.61,35,72,17.99
6,12,8,zero_cross,ema50,True,1.4,5.0,1.5,0.0,246,-2377.32,0.865,21.95,3431.63,-0.69,41.67,30,72,-14.63
6,12,8,zero_cross,ema50,True,1.4,5.0,1.5,200.0,194,491.82,1.04,23.2,2351.82,0.21,45.83,33,72,4.83
6,12,8,zero_cross,ema50,True,1.4,5.0,1.5,250.0,208,379.69,1.029,23.08,2827.55,0.13,44.44,32,72,3.27
6,12,8,zero_cross,ema50,True,1.4,5.0,2.0,0.0,214,-2125.47,0.889,28.5,2855.84,-0.74,43.06,31,72,-15.23
6,12,8,zero_cross,ema50,True,1.4,5.0,2.0,200.0,168,2100.57,1.168,30.95,1195.2,1.76,48.61,35,72,34.5
6,12,8,zero_cross,ema50,True,1.4,5.0,2.0,250.0,171,2366.65,1.186,31.58,1161.3,2.04,48.61,35,72,40.04
6,12,8,zero_cross,ema50,True,1.4,5.0,2.5,0.0,196,-2614.79,0.871,32.14,3361.01,-0.78,37.5,27,72,-14.73
6,12,8,zero_cross,ema50,True,1.4,5.0,2.5,200.0,155,1180.52,1.086,34.84,1962.74,0.6,44.44,32,72,12.86
6,12,8,zero_cross,ema50,True,1.4,5.0,2.5,250.0,158,1504.33,1.109,35.44,1714.6,0.88,44.44,32,72,17.9
6,12,8,zero_cross,ema50,False,1.5,3.5,1.5,0.0,644,-4699.69,0.884,30.12,5121.64,-0.92,36.11,26,72,-20.96
6,12,8,zero_cross,ema50,False,1.5,3.5,1.5,200.0,390,1858.69,1.086,34.1,1667.29,1.11,56.94,41,72,28.15
6,12,8,zero_cross,ema50,False,1.5,3.5,1.5,250.0,452,942.39,1.037,33.19,2039.34,0.46,51.39,37,72,11.12
6,12,8,zero_cross,ema50,False,1.5,3.5,2.0,0.0,540,-3696.19,0.914,35.93,5125.54,-0.72,34.72,25,72,-16.38
6,12,8,zero_cross,ema50,False,1.5,3.5,2.0,200.0,301,-1096.36,0.947,37.87,3231.55,-0.34,48.61,35,72,-8.88
6,12,8,zero_cross,ema50,False,1.5,3.5,2.0,250.0,323,-321.18,0.985,38.7,2741.39,-0.12,48.61,35,72,-2.94
6,12,8,zero_cross,ema50,False,1.5,3.5,2.5,0.0,472,-2046.62,0.95,42.58,4520.38,-0.45,36.11,26,72,-10.44
6,12,8,zero_cross,ema50,False,1.5,3.5,2.5,200.0,232,1806.04,1.104,47.41,1678.71,1.08,56.94,41,72,27.71
6,12,8,zero_cross,ema50,False,1.5,3.5,2.5,250.0,251,1929.54,1.104,47.01,1678.71,1.15,55.56,40,72,28.89
6,12,8,zero_cross,ema50,False,1.5,4.0,1.5,0.0,624,-926.62,0.976,29.33,3901.43,-0.24,44.44,32,72,-6.43
6,12,8,zero_cross,ema50,False,1.5,4.0,1.5,200.0,324,1656.39,1.088,32.72,1785.44,0.93,55.56,40,72,23.7
6,12,8,zero_cross,ema50,False,1.5,4.0,1.5,250.0,373,2387.15,1.112,32.71,1619.6,1.47,54.17,39,72,35.73
6,12,8,zero_cross,ema50,False,1.5,4.0,2.0,0.0,496,-220.95,0.995,34.88,3851.57,-0.06,40.28,29,72,-1.43
6,12,8,zero_cross,ema50,False,1.5,4.0,2.0,200.0,252,173.49,1.009,36.51,2630.29,0.07,50.0,36,72,1.71
6,12,8,zero_cross,ema50,False,1.5,4.0,2.0,250.0,300,-260.39,0.988,35.67,2496.53,-0.1,47.22,34,72,-2.43
6,12,8,zero_cross,ema50,False,1.5,4.0,2.5,0.0,447,-2172.93,0.947,39.82,4718.13,-0.46,36.11,26,72,-10.82
6,12,8,zero_cross,ema50,False,1.5,4.0,2.5,200.0,230,1023.24,1.055,42.17,1913.38,0.53,52.78,38,72,13.03
6,12,8,zero_cross,ema50,False,1.5,4.0,2.5,250.0,261,872.58,1.041,41.76,1913.38,0.46,50.0,36,72,10.38
6,12,8,zero_cross,ema50,False,1.5,4.5,1.5,0.0,598,-1128.39,0.971,26.42,5236.02,-0.22,38.89,28,72,-5.89
6,12,8,zero_cross,ema50,False,1.5,4.5,1.5,200.0,309,2995.35,1.166,31.07,1647.98,1.82,55.56,40,72,47.8
6,12,8,zero_cross,ema50,False,1.5,4.5,1.5,250.0,371,3096.01,1.142,30.19,2058.18,1.5,51.39,37,72,40.05
6,12,8,zero_cross,ema50,False,1.5,4.5,2.0,0.0,469,-311.24,0.992,32.41,3908.9,-0.08,40.28,29,72,-1.99
6,12,8,zero_cross,ema50,False,1.5,4.5,2.0,200.0,224,143.19,1.008,33.04,2502.01,0.06,50.0,36,72,1.44
6,12,8,zero_cross,ema50,False,1.5,4.5,2.0,250.0,268,-19.58,0.999,32.84,3053.88,-0.01,47.22,34,72,-0.17
6,12,8,zero_cross,ema50,False,1.5,4.5,2.5,0.0,434,976.5,1.023,37.56,4786.97,0.2,40.28,29,72,5.82
6,12,8,zero_cross,ema50,False,1.5,4.5,2.5,200.0,199,3064.57,1.183,40.7,1436.87,2.13,56.94,41,72,54.46
6,12,8,zero_cross,ema50,False,1.5,4.5,2.5,250.0,253,3209.9,1.157,40.32,1702.31,1.89,52.78,38,72,47.51
6,12,8,zero_cross,ema50,False,1.5,5.0,1.5,0.0,566,-1891.13,0.952,24.2,5634.26,-0.34,31.94,23,72,-7.66
6,12,8,zero_cross,ema50,False,1.5,5.0,1.5,200.0,286,3691.24,1.216,29.72,1316.0,2.8,55.56,40,72,68.74
6,12,8,zero_cross,ema50,False,1.5,5.0,1.5,250.0,339,3336.2,1.164,28.32,2425.71,1.38,50.0,36,72,39.42
6,12,8,zero_cross,ema50,False,1.5,5.0,2.0,0.0,438,-317.88,0.992,29.91,3612.9,-0.09,34.72,25,72,-1.82
6,12,8,zero_cross,ema50,False,1.5,5.0,2.0,200.0,205,389.49,1.024,31.22,2948.11,0.13,50.0,36,72,3.67
6,12,8,zero_cross,ema50,False,1.5,5.0,2.0,250.0,243,-594.24,0.969,29.63,3443.33,-0.17,44.44,32,72,-4.36
6,12,8,zero_cross,ema50,False,1.5,5.0,2.5,0.0,410,-864.28,0.979,34.63,3522.85,-0.25,37.5,27,72,-5.35
6,12,8,zero_cross,ema50,False,1.5,5.0,2.5,200.0,183,3230.35,1.2,39.34,2574.95,1.25,58.33,42,72,44.56
6,12,8,zero_cross,ema50,False,1.5,5.0,2.5,250.0,224,1362.07,1.067,36.16,2574.95,0.53,50.0,36,72,14.32
6,12,8,zero_cross,none,True,1.35,3.5,1.5,0.0,327,-272.34,0.987,30.28,3788.71,-0.07,48.61,35,72,-2.12
6,12,8,zero_cross,none,True,1.35,3.5,1.5,200.0,244,450.28,1.033,30.74,2811.11,0.16,52.78,38,72,4.63
6,12,8,zero_cross,none,True,1.35,3.5,1.5,250.0,265,566.54,1.038,30.94,2892.42,0.2,51.39,37,72,5.62
6,12,8,zero_cross,none,True,1.35,3.5,2.0,0.0,309,1708.6,1.075,38.83,2540.79,0.67,47.22,34,72,17.21
6,12,8,zero_cross,none,True,1.35,3.5,2.0,200.0,225,1717.7,1.116,38.22,2029.27,0.85,54.17,39,72,23.05
6,12,8,zero_cross,none,True,1.35,3.5,2.0,250.0,235,1948.18,1.127,38.72,1883.95,1.03,54.17,39,72,27.4
6,12,8,zero_cross,none,True,1.35,3.5,2.5,0.0,278,89.62,1.004,42.81,3026.92,0.03,45.83,33,72,0.75
6,12,8,zero_cross,none,True,1.35,3.5,2.5,200.0,205,1697.95,1.112,42.93,2504.35,0.68,54.17,39,72,20.44
6,12,8,zero_cross,none,True,1.35,3.5,2.5,250.0,223,1221.18,1.073,42.6,2956.43,0.41,52.78,38,72,12.72
6,12,8,zero_cross,none,True,1.35,4.0,1.5,0.0,316,-212.82,0.99,27.85,3564.71,-0.06,45.83,33,72,-1.62
6,12,8,zero_cross,none,True,1.35,4.0,1.5,200.0,234,772.7,1.057,28.21,2821.61,0.27,50.0,36,72,7.69
6,12,8,zero_cross,none,True,1.35,4.0,1.5,250.0,256,195.76,1.013,28.12,3024.59,0.06,48.61,35,72,1.75
6,12,8,zero_cross,none,True,1.35,4.0,2.0,0.0,300,1390.9,1.058,36.0,2256.03,0.62,44.44,32,72,13.77
6,12,8,zero_cross,none,True,1.35,4.0,2.0,200.0,214,1219.52,1.079,35.05,1674.64,0.73,48.61,35,72,15.63
6,12,8,zero_cross,none,True,1.35,4.0,2.0,250.0,224,1572.12,1.099,35.71,1685.44,0.93,48.61,35,72,20.46
6,12,8,zero_cross,none,True,1.35,4.0,2.5,0.0,271,958.23,1.039,40.59,2844.55,0.34,44.44,32,72,8.3
6,12,8,zero_cross,none,True,1.35,4.0,2.5,200.0,198,670.69,1.041,39.39,2103.42,0.32,51.39,37,72,7.82
6,12,8,zero_cross,none,True,1.35,4.0,2.5,250.0,203,1302.54,1.08,40.39,2103.42,0.62,51.39,37,72,15.76
6,12,8,zero_cross,none,True,1.35,4.5,1.5,0.0,306,-1421.34,0.931,25.16,3939.86,-0.36,38.89,28,72,-8.2
6,12,8,zero_cross,none,True,1.35,4.5,1.5,200.0,231,-237.23,0.983,25.11,3000.45,-0.08,45.83,33,72,-1.95
6,12,8,zero_cross,none,True,1.35,4.5,1.5,250.0,235,156.38,1.011,25.53,2913.64,0.05,45.83,33,72,1.34
6,12,8,zero_cross,none,True,1.35,4.5,2.0,0.0,289,-19.64,0.999,32.87,3277.83,-0.01,44.44,32,72,-0.15
6,12,8,zero_cross,none,True,1.35,4.5,2.0,200.0,201,1790.43,1.124,33.33,1421.61,1.26,50.0,36,72,26.69
6,12,8,zero_cross,none,True,1.35,4.5,2.0,250.0,217,816.47,1.05,32.72,1534.2,0.53,47.22,34,72,10.34
6,12,8,zero_cross,none,True,1.35,4.5,2.5,0.0,265,857.84,1.035,37.74,2519.91,0.34,45.83,33,72,8.11
6,12,8,zero_cross,none,True,1.35,4.5,2.5,200.0,184,444.88,1.028,36.41,1850.19,0.24,51.39,37,72,5.46
6,12,8,zero_cross,none,True,1.35,4.5,2.5,250.0,197,195.0,1.011,36.04,2150.89,0.09,48.61,35,72,2.07
6,12,8,zero_cross,none,True,1.35,5.0,1.5,0.0,307,-1576.29,0.927,23.13,3256.06,-0.48,38.89,28,72,-9.96
6,12,8,zero_cross,none,True,1.35,5.0,1.5,200.0,218,976.22,1.073,24.77,2248.86,0.43,48.61,35,72,10.74
6,12,8,zero_cross,none,True,1.35,5.0,1.5,250.0,238,145.97,1.01,23.53,2495.12,0.06,45.83,33,72,1.35
6,12,8,zero_cross,none,True,1.35,5.0,2.0,0.0,287,1668.16,1.069,31.71,2556.06,0.65,47.22,34,72,16.66
6,12,8,zero_cross,none,True,1.35,5.0,2.0,200.0,197,2380.77,1.164,31.98,1056.07,2.25,50.0,36,72,42.64
6,12,8,zero_cross,none,True,1.35,5.0,2.0,250.0,207,2382.38,1.156,31.88,1332.13,1.79,48.61,35,72,36.68
6,12,8,zero_cross,none,True,1.35,5.0,2.5,0.0,268,2267.86,1.09,36.19,1971.64,1.15,43.06,31,72,23.97
6,12,8,zero_cross,none,True,1.35,5.0,2.5,200.0,176,599.53,1.038,34.66,1741.41,0.34,48.61,35,72,7.25
6,12,8,zero_cross,none,True,1.35,5.0,2.5,250.0,189,1015.57,1.06,34.92,1769.4,0.57,47.22,34,72,12.08
6,12,8,zero_cross,none,True,1.4,3.5,1.5,0.0,341,1.08,1.0,30.5,3316.37,0.0,51.39,37,72,0.01
6,12,8,zero_cross,none,True,1.4,3.5,1.5,200.0,259,316.22,1.022,30.89,2426.78,0.13,55.56,40,72,3.64
6,12,8,zero_cross,none,True,1.4,3.5,1.5,250.0,283,495.63,1.031,31.1,2275.5,0.22,52.78,38,72,5.65
6,12,8,zero_cross,none,True,1.4,3.5,2.0,0.0,320,1334.05,1.057,38.12,2110.85,0.63,48.61,35,72,14.92
6,12,8,zero_cross,none,True,1.4,3.5,2.0,200.0,242,924.54,1.057,37.19,1872.88,0.49,55.56,40,72,12.55
6,12,8,zero_cross,none,True,1.4,3.5,2.0,250.0,252,1441.17,1.087,38.1,1525.98,0.94,55.56,40,72,22.28
6,12,8,zero_cross,none,True,1.4,3.5,2.5,0.0,279,-1121.55,0.953,40.86,3648.03,-0.31,47.22,34,72,-8.36
6,12,8,zero_cross,none,True,1.4,3.5,2.5,200.0,214,27.32,1.002,40.19,2716.86,0.01,54.17,39,72,0.28
6,12,8,zero_cross,none,True,1.4,3.5,2.5,250.0,231,-700.42,0.961,39.83,3272.49,-0.21,51.39,37,72,-6.05
6,12,8,zero_cross,none,True,1.4,4.0,1.5,0.0,329,215.06,1.01,28.27,3009.16,0.07,48.61,35,72,1.92
6,12,8,zero_cross,none,True,1.4,4.0,1.5,200.0,242,945.74,1.068,28.93,1952.42,0.48,51.39,37,72,11.75
6,12,8,zero_cross,none,True,1.4,4.0,1.5,250.0,270,219.5,1.014,28.52,2333.31,0.09,50.0,36,72,2.3
6,12,8,zero_cross,none,True,1.4,4.0,2.0,0.0,308,967.12,1.04,35.39,1904.48,0.51,47.22,34,72,10.88
6,12,8,zero_cross,none,True,1.4,4.0,2.0,200.0,228,715.7,1.043,34.65,1330.71,0.54,51.39,37,72,10.52
6,12,8,zero_cross,none,True,1.4,4.0,2.0,250.0,238,1115.14,1.066,35.29,1330.71,0.84,51.39,37,72,16.75
6,12,8,zero_cross,none,True,1.4,4.0,2.5,0.0,267,-968.3,0.96,38.2,2729.99,-0.35,41.67,30,72,-7.41
6,12,8,zero_cross,none,True,1.4,4.0,2.5,200.0,205,-779.98,0.955,37.07,2067.91,-0.38,48.61,35,72,-7.96
6,12,8,zero_cross,none,True,1.4,4.0,2.5,250.0,211,-221.88,0.987,37.91,2110.02,-0.11,48.61,35,72,-2.32
6,12,8,zero_cross,none,True,1.4,4.5,1.5,0.0,319,-896.8,0.957,25.71,3272.09,-0.27,41.67,30,72,-6.25
6,12,8,zero_cross,none,True,1.4,4.5,1.5,200.0,243,-282.9,0.981,25.51,2668.95,-0.11,45.83,33,72,-2.46
6,12,8,zero_cross,none,True,1.4,4.5,1.5,250.0,244,338.12,1.023,26.23,2265.98,0.15,47.22,34,72,3.43
6,12,8,zero_cross,none,True,1.4,4.5,2.0,0.0,298,-545.22,0.978,32.21,3277.83,-0.17,47.22,34,72,-4.4
6,12,8,zero_cross,none,True,1.4,4.5,2.0,200.0,217,872.53,1.055,32.26,1182.27,0.74,51.39,37,72,13.76
6,12,8,zero_cross,none,True,1.4,4.5,2.0,250.0,234,148.06,1.008,32.05,1573.28,0.09,50.0,36,72,1.88
6,12,8,zero_cross,none,True,1.4,4.5,2.5,0.0,263,-585.63,0.976,36.5,2519.91,-0.23,44.44,32,72,-5.06
6,12,8,zero_cross,none,True,1.4,4.5,2.5,200.0,192,-1785.68,0.897,33.85,2023.1,-0.88,48.61,35,72,-17.31
6,12,8,zero_cross,none,True,1.4,4.5,2.5,250.0,207,-1018.24,0.944,34.78,1964.68,-0.52,47.22,34,72,-10.24
6,12,8,zero_cross,none,True,1.4,5.0,1.5,0.0,317,-1627.09,0.925,23.03,3209.29,-0.51,37.5,27,72,-9.96
6,12,8,zero_cross,none,True,1.4,5.0,1.5,200.0,234,222.11,1.015,23.93,2544.04,0.09,45.83,33,72,2.05
6,12,8,zero_cross,none,True,1.4,5.0,1.5,250.0,250,-31.6,0.998,23.6,2409.93,-0.01,44.44,32,72,-0.29
6,12,8,zero_cross,none,True,1.4,5.0,2.0,0.0,295,955.47,1.039,30.85,2556.06,0.37,47.22,34,72,9.27
6,12,8,zero_cross,none,True,1.4,5.0,2.0,200.0,208,1447.08,1.093,30.77,1044.58,1.39,48.61,35,72,23.79
6,12,8,zero_cross,none,True,1.4,5.0,2.0,250.0,217,1856.37,1.115,31.34,1044.58,1.78,48.61,35,72,31.13
6,12,8,zero_cross,none,True,1.4,5.0,2.5,0.0,265,360.99,1.014,34.34,1971.64,0.18,41.67,30,72,3.44
6,12,8,zero_cross,none,True,1.4,5.0,2.5,200.0,185,-2145.52,0.877,30.81,2437.1,-0.88,44.44,32,72,-16.94
6,12,8,zero_cross,none,True,1.4,5.0,2.5,250.0,199,-982.27,0.946,32.16,1787.16,-0.55,44.44,32,72,-9.77
6,12,8,zero_cross,none,False,1.5,3.5,1.5,0.0,754,-1617.85,0.966,30.24,7362.08,-0.22,30.56,22,72,-5.57
6,12,8,zero_cross,none,False,1.5,3.5,1.5,200.0,403,862.18,1.04,31.27,4643.63,0.19,51.39,37,72,6.76
6,12,8,zero_cross,none,False,1.5,3.5,1.5,250.0,465,-1292.89,0.95,29.46,5481.55,-0.24,43.06,31,72,-7.14
6,12,8,zero_cross,none,False,1.5,3.5,2.0,0.0,607,-5144.23,0.893,34.93,8678.85,-0.59,26.39,19,72,-13.01
6,12,8,zero_cross,none,False,1.5,3.5,2.0,200.0,290,984.48,1.052,37.59,3420.01,0.29,52.78,38,72,9.35
6,12,8,zero_cross,none,False,1.5,3.5,2.0,250.0,361,831.65,1.035,37.4,4073.27,0.2,47.22,34,72,6.37
6,12,8,zero_cross,none,False,1.5,3.5,2.5,0.0,518,-2298.61,0.95,39.96,8025.25,-0.29,29.17,21,72,-7.11
6,12,8,zero_cross,none,False,1.5,3.5,2.5,200.0,265,-27.98,0.999,40.75,3879.19,-0.01,48.61,35,72,-0.22
6,12,8,zero_cross,none,False,1.5,3.5,2.5,250.0,282,69.92,1.003,41.84,3217.37,0.02,47.22,34,72,0.58
6,12,8,zero_cross,none,False,1.5,4.0,1.5,0.0,720,-541.88,0.988,27.5,6944.66,-0.08,30.56,22,72,-1.96
6,12,8,zero_cross,none,False,1.5,4.0,1.5,200.0,349,1018.38,1.052,29.23,3343.06,0.3,54.17,39,72,10.04
6,12,8,zero_cross,none,False,1.5,4.0,1.5,250.0,440,39.59,1.002,28.18,4707.32,0.01,47.22,34,72,0.27
6,12,8,zero_cross,none,False,1.5,4.0,2.0,0.0,560,-5284.91,0.883,31.25,7743.86,-0.68,26.39,19,72,-13.99
6,12,8,zero_cross,none,False,1.5,4.0,2.0,200.0,262,685.59,1.038,34.35,2085.55,0.33,52.78,38,72,8.22
6,12,8,zero_cross,none,False,1.5,4.0,2.0,250.0,300,2546.43,1.128,36.0,1515.68,1.68,50.0,36,72,36.89
6,12,8,zero_cross,none,False,1.5,4.0,2.5,0.0,479,-2632.31,0.94,37.16,5693.71,-0.46,27.78,20,72,-9.11
6,12,8,zero_cross,none,False,1.5,4.0,2.5,200.0,221,-282.81,0.985,38.01,2541.68,-0.11,50.0,36,72,-2.76
6,12,8,zero_cross,none,False,1.5,4.0,2.5,250.0,263,241.36,1.011,38.4,2749.55,0.09,45.83,33,72,2.13
6,12,8,zero_cross,none,False,1.5,4.5,1.5,0.0,652,-4862.64,0.89,23.77,8170.12,-0.6,26.39,19,72,-12.64
6,12,8,zero_cross,none,False,1.5,4.5,1.5,200.0,310,2583.9,1.144,28.06,2344.18,1.1,54.17,39,72,33.07
6,12,8,zero_cross,none,False,1.5,4.5,1.5,250.0,353,2140.76,1.102,27.2,2616.16,0.82,48.61,35,72,22.42
6,12,8,zero_cross,none,False,1.5,4.5,2.0,0.0,513,-5105.59,0.882,29.04,7036.68,-0.73,27.78,20,72,-14.91
6,12,8,zero_cross,none,False,1.5,4.5,2.0,200.0,242,106.4,1.006,30.58,3181.56,0.03,50.0,36,72,0.95
6,12,8,zero_cross,none,False,1.5,4.5,2.0,250.0,280,1039.18,1.051,31.43,2866.26,0.36,47.22,34,72,9.63
6,12,8,zero_cross,none,False,1.5,4.5,2.5,0.0,441,-2154.91,0.949,34.69,5433.92,-0.4,31.94,23,72,-8.86
6,12,8,zero_cross,none,False,1.5,4.5,2.5,200.0,202,910.53,1.052,36.63,2349.47,0.39,52.78,38,72,10.43
6,12,8,zero_cross,none,False,1.5,4.5,2.5,250.0,234,2062.56,1.106,38.03,2825.62,0.73,50.0,36,72,21.46
6,12,8,zero_cross,none,False,1.5,5.0,1.5,0.0,663,-3217.0,0.929,22.62,6622.62,-0.49,29.17,21,72,-10.71
6,12,8,zero_cross,none,False,1.5,5.0,1.5,200.0,289,6283.08,1.38,29.76,1909.47,3.29,59.72,43,72,118.5
6,12,8,zero_cross,none,False,1.5,5.0,1.5,250.0,330,4194.21,1.216,27.27,1970.65,2.13,52.78,38,72,60.64
6,12,8,zero_cross,none,False,1.5,5.0,2.0,0.0,500,-3146.17,0.929,28.2,5747.91,-0.55,30.56,22,72,-11.78
6,12,8,zero_cross,none,False,1.5,5.0,2.0,200.0,232,2544.16,1.151,30.6,2524.2,1.01,51.39,37,72,29.95
6,12,8,zero_cross,none,False,1.5,5.0,2.0,250.0,248,1817.07,1.099,30.24,2689.58,0.68,48.61,35,72,18.72
6,12,8,zero_cross,none,False,1.5,5.0,2.5,0.0,442,1154.04,1.026,33.94,4628.78,0.25,36.11,26,72,6.28
6,12,8,zero_cross,none,False,1.5,5.0,2.5,200.0,193,2505.14,1.15,35.75,2527.55,0.99,54.17,39,72,31.04
6,12,8,zero_cross,none,False,1.5,5.0,2.5,250.0,218,3407.44,1.181,36.7,2726.0,1.25,52.78,38,72,40.68
6,12,8,signal_cross,ema200,True,1.35,3.5,1.5,0.0,348,-3353.17,0.854,28.45,4892.96,-0.69,40.28,29,72,-16.49
6,12,8,signal_cross,ema200,True,1.35,3.5,1.5,200.0,271,-2609.16,0.84,28.41,3830.82,-0.68,43.06,31,72,-15.25
6,12,8,signal_cross,ema200,True,1.35,3.5,1.5,250.0,299,-2147.96,0.88,29.43,3935.09,-0.55,43.06,31,72,-12.97
6,12,8,signal_cross,ema200,True,1.35,3.5,2.0,0.0,321,-4128.62,0.837,35.2,4274.52,-0.97,38.89,28,72,-20.56
6,12,8,signal_cross,ema200,True,1.35,3.5,2.0,200.0,241,-1241.0,0.925,36.1,2404.36,-0.52,44.44,32,72,-10.4
6,12,8,signal_cross,ema200,True,1.35,3.5,2.0,250.0,262,-1535.03,0.915,35.88,2682.35,-0.57,44.44,32,72,-12.05
6,12,8,signal_cross,ema200,True,1.35,3.5,2.5,0.0,321,-3686.04,0.878,40.5,5191.09,-0.71,34.72,25,72,-15.6
6,12,8,signal_cross,ema200,True,1.35,3.5,2.5,200.0,217,649.55,1.038,42.4,2072.14,0.31,47.22,34,72,6.99
6,12,8,signal_cross,ema200,True,1.35,3.5,2.5,250.0,235,759.98,1.042,42.98,2140.96,0.35,45.83,33,72,7.84
6,12,8,signal_cross,ema200,True,1.35,4.0,1.5,0.0,338,-3244.22,0.86,25.74,4613.18,-0.7,38.89,28,72,-15.98
6,12,8,signal_cross,ema200,True,1.35,4.0,1.5,200.0,260,-2521.81,0.848,25.77,3689.11,-0.68,41.67,30,72,-14.67
6,12,8,signal_cross,ema200,True,1.35,4.0,1.5,250.0,291,-3136.6,0.829,25.43,4303.9,-0.73,38.89,28,72,-15.41
6,12,8,signal_cross,ema200,True,1.35,4.0,2.0,0.0,309,-3363.8,0.868,32.69,3860.94,-0.87,40.28,29,72,-18.93
6,12,8,signal_cross,ema200,True,1.35,4.0,2.0,200.0,222,-1271.99,0.922,32.88,2484.75,-0.51,44.44,32,72,-10.46
6,12,8,signal_cross,ema200,True,1.35,4.0,2.0,250.0,246,-1888.25,0.896,32.52,2945.13,-0.64,43.06,31,72,-13.42
6,12,8,signal_cross,ema200,True,1.35,4.0,2.5,0.0,295,-5542.6,0.81,36.27,5761.51,-0.96,31.94,23,72,-18.89
6,12,8,signal_cross,ema200,True,1.35,4.0,2.5,200.0,201,-1003.71,0.941,38.31,2515.86,-0.4,41.67,30,72,-7.85
6,12,8,signal_cross,ema200,True,1.35,4.0,2.5,250.0,225,-1330.74,0.931,38.22,2509.34,-0.53,40.28,29,72,-9.96
6,12,8,signal_cross,ema200,True,1.35,4.5,1.5,0.0,331,-1812.05,0.922,24.77,3639.78,-0.5,40.28,29,72,-11.15
6,12,8,signal_cross,ema200,True,1.35,4.5,1.5,200.0,244,-1209.65,0.923,25.41,3261.98,-0.37,44.44,32,72,-8.69
6,12,8,signal_cross,ema200,True,1.35,4.5,1.5,250.0,267,-2066.07,0.881,24.34,3702.09,-0.56,41.67,30,72,-12.47
6,12,8,signal_cross,ema200,True,1.35,4.5,2.0,0.0,303,-1306.06,0.949,31.68,3037.51,-0.43,41.67,30,72,-9.37
6,12,8,signal_cross,ema200,True,1.35,4.5,2.0,200.0,208,-609.66,0.962,31.73,2158.88,-0.28,45.83,33,72,-5.78
6,12,8,signal_cross,ema200,True,1.35,4.5,2.0,250.0,234,-1273.85,0.929,31.2,2621.59,-0.49,41.67,30,72,-9.63
6,12,8,signal_cross,ema200,True,1.35,4.5,2.5,0.0,285,-4570.91,0.842,34.74,4759.38,-0.96,37.5,27,72,-20.92
6,12,8,signal_cross,ema200,True,1.35,4.5,2.5,200.0,184,-809.44,0.951,36.41,2405.26,-0.34,45.83,33,72,-7.19
6,12,8,signal_cross,ema200,True,1.35,4.5,2.5,250.0,207,-1859.03,0.901,35.27,3148.21,-0.59,40.28,29,72,-12.02
6,12,8,signal_cross,ema200,True,1.35,5.0,1.5,0.0,310,-2607.45,0.877,23.23,3837.57,-0.68,38.89,28,72,-14.36
6,12,8,signal_cross,ema200,True,1.35,5.0,1.5,200.0,232,-2090.38,0.865,23.28,3704.63,-0.56,43.06,31,72,-12.79
6,12,8,signal_cross,ema200,True,1.35,5.0,1.5,250.0,256,-2830.37,0.836,22.66,3704.63,-0.76,38.89,28,72,-15.12
6,12,8,signal_cross,ema200,True,1.35,5.0,2.0,0.0,289,-1189.38,0.951,29.76,2454.5,-0.48,40.28,29,72,-9.2
6,12,8,signal_cross,ema200,True,1.35,5.0,2.0,200.0,194,-608.06,0.961,30.41,1505.85,-0.4,48.61,35,72,-7.32
6,12,8,signal_cross,ema200,True,1.35,5.0,2.0,250.0,220,-1543.02,0.913,29.09,1955.96,-0.79,41.67,30,72,-13.27
6,12,8,signal_cross,ema200,True,1.35,5.0,2.5,0.0,273,-3837.06,0.862,32.6,4632.17,-0.83,36.11,26,72,-17.55
6,12,8,signal_cross,ema200,True,1.35,5.0,2.5,200.0,172,-813.78,0.949,34.3,2026.72,-0.4,47.22,34,72,-8.1
6,12,8,signal_cross,ema200,True,1.35,5.0,2.5,250.0,198,-1542.54,0.917,33.84,2263.06,-0.68,40.28,29,72,-11.98
6,12,8,signal_cross,ema200,True,1.4,3.5,1.5,0.0,381,-5182.07,0.798,27.03,6721.86,-0.77,37.5,27,72,-18.91
6,12,8,signal_cross,ema200,True,1.4,3.5,1.5,200.0,290,-4533.69,0.747,25.86,5526.26,-0.82,38.89,28,72,-17.72
6,12,8,signal_cross,ema200,True,1.4,3.5,1.5,250.0,325,-4251.59,0.789,27.08,5351.18,-0.79,37.5,27,72,-17.2
6,12,8,signal_cross,ema200,True,1.4,3.5,2.0,0.0,366,-5287.53,0.819,34.43,5433.43,-0.97,38.89,28,72,-22.85
6,12,8,signal_cross,ema200,True,1.4,3.5,2.0,200.0,265,-2316.37,0.875,34.34,2861.2,-0.81,43.06,31,72,-16.32
6,12,8,signal_cross,ema200,True,1.4,3.5,2.0,250.0,285,-2817.96,0.861,34.39,3362.79,-0.84,40.28,29,72,-16.85
6,12,8,signal_cross,ema200,True,1.4,3.5,2.5,0.0,358,-4864.25,0.858,39.66,6369.3,-0.76,34.72,25,72,-18.16
6,12,8,signal_cross,ema200,True,1.4,3.5,2.5,200.0,228,-935.86,0.949,39.91,2666.05,-0.35,45.83,33,72,-7.88
6,12,8,signal_cross,ema200,True,1.4,3.5,2.5,250.0,249,-1481.06,0.927,40.16,3211.25,-0.46,41.67,30,72,-10.1
6,12,8,signal_cross,ema200,True,1.4,4.0,1.5,0.0,365,-5072.44,0.802,24.38,6441.4,-0.79,31.94,23,72,-16.19
6,12,8,signal_cross,ema200,True,1.4,4.0,1.5,200.0,265,-4698.14,0.73,23.02,5865.44,-0.8,36.11,26,72,-16.17
6,12,8,signal_cross,ema200,True,1.4,4.0,1.5,250.0,303,-5452.08,0.725,23.1,6619.38,-0.82,31.94,23,72,-15.52
6,12,8,signal_cross,ema200,True,1.4,4.0,2.0,0.0,348,-3511.5,0.877,32.76,3678.69,-0.95,41.67,30,72,-21.16
6,12,8,signal_cross,ema200,True,1.4,4.0,2.0,200.0,236,-2756.68,0.844,30.51,3459.61,-0.8,43.06,31,72,-17.03
6,12,8,signal_cross,ema200,True,1.4,4.0,2.0,250.0,265,-2524.71,0.871,31.7,3268.12,-0.77,41.67,30,72,-16.03
6,12,8,signal_cross,ema200,True,1.4,4.0,2.5,0.0,328,-5176.92,0.84,36.89,5344.11,-0.97,36.11,26,72,-21.48
6,12,8,signal_cross,ema200,True,1.4,4.0,2.5,200.0,213,-2383.89,0.872,35.68,3075.73,-0.78,43.06,31,72,-16.14
6,12,8,signal_cross,ema200,True,1.4,4.0,2.5,250.0,238,-3572.85,0.831,35.29,4139.18,-0.86,38.89,28,72,-17.95
6,12,8,signal_cross,ema200,True,1.4,4.5,1.5,0.0,358,-3697.87,0.855,23.46,5466.13,-0.68,33.33,24,72,-14.25
6,12,8,signal_cross,ema200,True,1.4,4.5,1.5,200.0,253,-2729.46,0.837,23.72,4456.76,-0.61,38.89,28,72,-13.31
6,12,8,signal_cross,ema200,True,1.4,4.5,1.5,250.0,277,-3526.31,0.807,22.74,4986.25,-0.71,34.72,25,72,-13.99
6,12,8,signal_cross,ema200,True,1.4,4.5,2.0,0.0,339,-1783.82,0.938,31.56,3108.63,-0.57,40.28,29,72,-12.09
6,12,8,signal_cross,ema200,True,1.4,4.5,2.0,200.0,219,-711.49,0.957,31.51,2093.55,-0.34,47.22,34,72,-7.03
6,12,8,signal_cross,ema200,True,1.4,4.5,2.0,250.0,247,-1829.11,0.904,30.36,2690.15,-0.68,41.67,30,72,-13.28
6,12,8,signal_cross,ema200,True,1.4,4.5,2.5,0.0,320,-4346.76,0.866,35.0,4535.23,-0.96,37.5,27,72,-20.96
6,12,8,signal_cross,ema200,True,1.4,4.5,2.5,200.0,198,-1960.11,0.892,34.34,2684.55,-0.73,45.83,33,72,-15.47
6,12,8,signal_cross,ema200,True,1.4,4.5,2.5,250.0,222,-2324.73,0.885,34.23,3049.17,-0.76,43.06,31,72,-16.04
6,12,8,signal_cross,ema200,True,1.4,5.0,1.5,0.0,334,-4039.45,0.826,22.16,4768.3,-0.85,33.33,24,72,-16.1
6,12,8,signal_cross,ema200,True,1.4,5.0,1.5,200.0,241,-3192.29,0.803,21.99,4574.51,-0.7,38.89,28,72,-14.74
6,12,8,signal_cross,ema200,True,1.4,5.0,1.5,250.0,265,-3921.18,0.783,21.51,5076.58,-0.77,33.33,24,72,-14.36
6,12,8,signal_cross,ema200,True,1.4,5.0,2.0,0.0,327,-688.57,0.975,30.28,1903.73,-0.36,41.67,30,72,-6.41
6,12,8,signal_cross,ema200,True,1.4,5.0,2.0,200.0,211,-642.13,0.961,30.33,2165.38,-0.3,47.22,34,72,-6.26
6,12,8,signal_cross,ema200,True,1.4,5.0,2.0,250.0,235,-1978.96,0.895,28.51,2350.5,-0.84,41.67,30,72,-15.22
6,12,8,signal_cross,ema200,True,1.4,5.0,2.5,0.0,312,-2803.43,0.911,33.33,3760.32,-0.75,40.28,29,72,-16.78
6,12,8,signal_cross,ema200,True,1.4,5.0,2.5,200.0,182,-1650.8,0.903,32.97,2698.56,-0.61,48.61,35,72,-13.95
6,12,8,signal_cross,ema200,True,1.4,5.0,2.5,250.0,212,-1885.73,0.905,33.02,2520.71,-0.75,43.06,31,72,-14.64
6,12,8,signal_cross,ema200,False,1.5,3.5,1.5,0.0,775,-6853.5,0.862,28.77,6999.4,-0.98,26.39,19,72,-18.63
6,12,8,signal_cross,ema200,False,1.5,3.5,1.5,200.0,417,-2614.44,0.891,29.02,3148.78,-0.83,43.06,31,72,-17.88
6,12,8,signal_cross,ema200,False,1.5,3.5,1.5,250.0,450,-2185.32,0.914,29.33,3030.26,-0.72,41.67,30,72,-15.12
6,12,8,signal_cross,ema200,False,1.5,3.5,2.0,0.0,624,-3081.33,0.937,35.26,7889.22,-0.39,27.78,20,72,-9.03
6,12,8,signal_cross,ema200,False,1.5,3.5,2.0,200.0,316,-4701.61,0.79,32.59,5691.94,-0.83,40.28,29,72,-19.83
6,12,8,signal_cross,ema200,False,1.5,3.5,2.0,250.0,361,-5732.48,0.773,32.13,6290.03,-0.91,36.11,26,72,-20.18
6,12,8,signal_cross,ema200,False,1.5,3.5,2.5,0.0,532,349.44,1.008,43.05,4476.31,0.08,30.56,22,72,1.61
6,12,8,signal_cross,ema200,False,1.5,3.5,2.5,200.0,252,-2528.73,0.872,40.48,4252.66,-0.59,45.83,33,72,-15.5
6,12,8,signal_cross,ema200,False,1.5,3.5,2.5,250.0,271,-1946.26,0.907,41.7,3365.79,-0.58,44.44,32,72,-13.52
6,12,8,signal_cross,ema200,False,1.5,4.0,1.5,0.0,734,-7157.65,0.855,26.02,7406.85,-0.97,27.78,20,72,-19.75
6,12,8,signal_cross,ema200,False,1.5,4.0,1.5,200.0,376,-162.45,0.993,28.72,2303.9,-0.07,47.22,34,72,-1.59
6,12,8,signal_cross,ema200,False,1.5,4.0,1.5,250.0,416,-743.14,0.97,27.88,3160.94,-0.24,41.67,30,72,-5.34
6,12,8,signal_cross,ema200,False,1.5,4.0,2.0,0.0,601,-2186.91,0.956,33.78,5776.86,-0.38,33.33,24,72,-9.17
6,12,8,signal_cross,ema200,False,1.5,4.0,2.0,200.0,298,-2466.82,0.886,32.89,3790.95,-0.65,44.44,32,72,-15.78
6,12,8,signal_cross,ema200,False,1.5,4.0,2.0,250.0,322,-1892.82,0.918,33.54,3795.43,-0.5,43.06,31,72,-12.14
6,12,8,signal_cross,ema200,False,1.5,4.0,2.5,0.0,496,-465.57,0.99,39.52,4568.43,-0.1,31.94,23,72,-2.18
6,12,8,signal_cross,ema200,False,1.5,4.0,2.5,200.0,227,-3826.91,0.806,35.24,4681.95,-0.82,41.67,30,72,-18.78
6,12,8,signal_cross,ema200,False,1.5,4.0,2.5,250.0,244,-3174.19,0.847,36.48,3800.82,-0.84,40.28,29,72,-17.57
6,12,8,signal_cross,ema200,False,1.5,4.5,1.5,0.0,730,-3677.86,0.926,25.07,5023.76,-0.73,36.11,26,72,-17.35
6,12,8,signal_cross,ema200,False,1.5,4.5,1.5,200.0,317,-560.72,0.971,26.18,2463.85,-0.23,47.22,34,72,-5.18
6,12,8,signal_cross,ema200,False,1.5,4.5,1.5,250.0,369,-726.72,0.968,25.75,2986.87,-0.24,45.83,33,72,-5.9
6,12,8,signal_cross,ema200,False,1.5,4.5,2.0,0.0,559,-163.02,0.997,31.66,4747.8,-0.03,36.11,26,72,-0.85
6,12,8,signal_cross,ema200,False,1.5,4.5,2.0,200.0,283,-2631.04,0.877,29.68,4908.94,-0.54,44.44,32,72,-14.64
6,12,8,signal_cross,ema200,False,1.5,4.5,2.0,250.0,299,-2415.42,0.894,30.77,4367.27,-0.55,43.06,31,72,-14.07
6,12,8,signal_cross,ema200,False,1.5,4.5,2.5,0.0,480,1964.31,1.043,37.5,3538.37,0.56,37.5,27,72,12.92
6,12,8,signal_cross,ema200,False,1.5,4.5,2.5,200.0,213,-3714.19,0.811,31.92,4870.44,-0.76,41.67,30,72,-17.99
6,12,8,signal_cross,ema200,False,1.5,4.5,2.5,250.0,237,-3077.03,0.854,33.33,4664.78,-0.66,40.28,29,72,-15.5
6,12,8,signal_cross,ema200,False,1.5,5.0,1.5,0.0,664,-4364.19,0.907,22.89,5133.81,-0.85,34.72,25,72,-19.18
6,12,8,signal_cross,ema200,False,1.5,5.0,1.5,200.0,297,-1021.25,0.945,24.58,2936.14,-0.35,47.22,34,72,-8.41
6,12,8,signal_cross,ema200,False,1.5,5.0,1.5,250.0,367,-2848.15,0.878,22.89,3303.38,-0.86,38.89,28,72,-16.92
6,12,8,signal_cross,ema200,False,1.5,5.0,2.0,0.0,512,-2221.74,0.952,29.49,5551.34,-0.4,33.33,24,72,-9.46
6,12,8,signal_cross,ema200,False,1.5,5.0,2.0,200.0,273,-2880.89,0.866,28.94,3681.91,-0.78,44.44,32,72,-18.27
6,12,8,signal_cross,ema200,False,1.5,5.0,2.0,250.0,309,-2455.44,0.896,29.45,3511.78,-0.7,43.06,31,72,-15.99
6,12,8,signal_cross,ema200,False,1.5,5.0,2.5,0.0,450,2484.16,1.056,35.33,3680.16,0.68,37.5,27,72,16.22
6,12,8,signal_cross,ema200,False,1.5,5.0,2.5,200.0,210,-2583.72,0.866,32.38,3599.83,-0.72,45.83,33,72,-17.09
6,12,8,signal_cross,ema200,False,1.5,5.0,2.5,250.0,239,-3006.44,0.862,33.05,3771.52,-0.8,41.67,30,72,-17.58
6,12,8,signal_cross,ema50,True,1.35,3.5,1.5,0.0,352,-4584.63,0.795,28.98,4997.13,-0.92,38.89,28,72,-20.05
6,12,8,signal_cross,ema50,True,1.35,3.5,1.5,200.0,279,-2958.47,0.827,29.75,3832.54,-0.77,41.67,30,72,-16.47
6,12,8,signal_cross,ema50,True,1.35,3.5,1.5,250.0,303,-2978.85,0.839,30.03,3882.62,-0.77,41.67,30,72,-16.71
6,12,8,signal_cross,ema50,True,1.35,3.5,2.0,0.0,348,-2924.03,0.889,36.49,3906.99,-0.75,40.28,29,72,-16.75
6,12,8,signal_cross,ema50,True,1.35,3.5,2.0,200.0,251,-765.52,0.956,37.85,2179.28,-0.35,47.22,34,72,-7.4
6,12,8,signal_cross,ema50,True,1.35,3.5,2.0,250.0,277,-1431.11,0.926,37.18,2268.51,-0.63,45.83,33,72,-12.75
6,12,8,signal_cross,ema50,True,1.35,3.5,2.5,0.0,333,-1389.05,0.951,43.24,2249.99,-0.62,48.61,35,72,-13.54
6,12,8,signal_cross,ema50,True,1.35,3.5,2.5,200.0,231,1658.31,1.096,45.45,1567.8,1.06,54.17,39,72,24.87
6,12,8,signal_cross,ema50,True,1.35,3.5,2.5,250.0,247,1526.99,1.083,45.34,1602.78,0.95,52.78,38,72,21.8
6,12,8,signal_cross,ema50,True,1.35,4.0,1.5,0.0,339,-4109.88,0.817,26.55,4381.82,-0.94,37.5,27,72,-19.02
6,12,8,signal_cross,ema50,True,1.35,4.0,1.5,200.0,258,-2046.51,0.875,27.91,3012.76,-0.68,43.06,31,72,-14.05
6,12,8,signal_cross,ema50,True,1.35,4.0,1.5,250.0,284,-2540.54,0.858,27.46,3143.24,-0.81,40.28,29,72,-15.66
6,12,8,signal_cross,ema50,True,1.35,4.0,2.0,0.0,333,-1808.94,0.932,34.23,3522.5,-0.51,43.06,31,72,-12.23
6,12,8,signal_cross,ema50,True,1.35,4.0,2.0,200.0,227,170.82,1.01,35.68,2158.75,0.08,48.61,35,72,1.81
6,12,8,signal_cross,ema50,True,1.35,4.0,2.0,250.0,249,-242.43,0.987,35.34,1886.6,-0.13,48.61,35,72,-2.68
6,12,8,signal_cross,ema50,True,1.35,4.0,2.5,0.0,312,-1034.86,0.964,40.06,2640.61,-0.39,45.83,33,72,-8.9
6,12,8,signal_cross,ema50,True,1.35,4.0,2.5,200.0,206,1345.92,1.081,42.72,1325.81,1.02,52.78,38,72,21.09
6,12,8,signal_cross,ema50,True,1.35,4.0,2.5,250.0,230,653.7,1.035,41.74,1654.19,0.4,48.61,35,72,8.09
6,12,8,signal_cross,ema50,True,1.35,4.5,1.5,0.0,330,-3713.61,0.836,24.85,4290.59,-0.87,36.11,26,72,-17.11
6,12,8,signal_cross,ema50,True,1.35,4.5,1.5,200.0,245,-1370.67,0.914,26.94,2573.71,-0.53,41.67,30,72,-10.29
6,12,8,signal_cross,ema50,True,1.35,4.5,1.5,250.0,267,-2088.56,0.88,25.84,2956.79,-0.71,37.5,27,72,-12.68
6,12,8,signal_cross,ema50,True,1.35,4.5,2.0,0.0,321,-2220.01,0.917,31.46,2877.26,-0.77,44.44,32,72,-16.87
6,12,8,signal_cross,ema50,True,1.35,4.5,2.0,200.0,212,-30.33,0.998,33.49,2155.63,-0.01,47.22,34,72,-0.31
6,12,8,signal_cross,ema50,True,1.35,4.5,2.0,250.0,244,-969.53,0.948,32.38,2409.13,-0.4,43.06,31,72,-8.06
6,12,8,signal_cross,ema50,True,1.35,4.5,2.5,0.0,296,-1028.5,0.964,37.16,2623.54,-0.39,44.44,32,72,-8.6
6,12,8,signal_cross,ema50,True,1.35,4.5,2.5,200.0,179,657.72,1.042,40.22,1526.18,0.43,51.39,37,72,9.02
6,12,8,signal_cross,ema50,True,1.35,4.5,2.5,250.0,209,559.2,1.031,39.71,1550.75,0.36,47.22,34,72,6.91
6,12,8,signal_cross,ema50,True,1.35,5.0,1.5,0.0,323,-2152.38,0.904,24.15,3210.13,-0.67,36.11,26,72,-12.4
6,12,8,signal_cross,ema50,True,1.35,5.0,1.5,200.0,226,-455.15,0.969,25.66,2292.67,-0.2,44.44,32,72,-4.09
6,12,8,signal_cross,ema50,True,1.35,5.0,1.5,250.0,256,-512.69,0.97,25.39,2019.72,-0.25,38.89,28,72,-4.3
6,12,8,signal_cross,ema50,True,1.35,5.0,2.0,0.0,315,-1562.54,0.942,29.52,3018.3,-0.52,41.67,30,72,-11.16
6,12,8,signal_cross,ema50,True,1.35,5.0,2.0,200.0,204,64.25,1.004,31.37,1423.52,0.05,50.0,36,72,0.85
6,12,8,signal_cross,ema50,True,1.35,5.0,2.0,250.0,235,-298.62,0.984,30.64,2274.04,-0.13,44.44,32,72,-2.74
6,12,8,signal_cross,ema50,True,1.35,5.0,2.5,0.0,288,858.48,1.031,35.76,2302.4,0.37,48.61,35,72,8.97
6,12,8,signal_cross,ema50,True,1.35,5.0,2.5,200.0,171,2098.14,1.138,39.18,1204.64,1.74,55.56,40,72,38.22
6,12,8,signal_cross,ema50,True,1.35,5.0,2.5,250.0,198,2513.86,1.145,39.39,1548.66,1.62,51.39,37,72,37.59
6,12,8,signal_cross,ema50,True,1.4,3.5,1.5,0.0,394,-5183.3,0.796,28.43,5372.44,-0.96,33.33,24,72,-18.76
6,12,8,signal_cross,ema50,True,1.4,3.5,1.5,200.0,308,-3107.83,0.836,29.22,3550.14,-0.88,40.28,29,72,-17.56
6,12,8,signal_cross,ema50,True,1.4,3.5,1.5,250.0,329,-2663.29,0.868,30.09,3381.28,-0.79,40.28,29,72,-16.01
6,12,8,signal_cross,ema50,True,1.4,3.5,2.0,0.0,400,-4290.87,0.86,35.5,5265.94,-0.81,38.89,28,72,-19.78
6,12,8,signal_cross,ema50,True,1.4,3.5,2.0,200.0,281,-414.43,0.978,38.08,1725.34,-0.24,47.22,34,72,-4.61
6,12,8,signal_cross,ema50,True,1.4,3.5,2.0,250.0,315,-1423.71,0.935,36.83,2279.19,-0.62,44.44,32,72,-12.39
6,12,8,signal_cross,ema50,True,1.4,3.5,2.5,0.0,364,-3058.25,0.905,41.76,3489.84,-0.88,37.5,27,72,-17.57
6,12,8,signal_cross,ema50,True,1.4,3.5,2.5,200.0,245,-19.22,0.999,43.27,2146.51,-0.01,50.0,36,72,-0.21
6,12,8,signal_cross,ema50,True,1.4,3.5,2.5,250.0,263,-899.5,0.957,42.59,3021.37,-0.3,45.83,33,72,-7.18
6,12,8,signal_cross,ema50,True,1.4,4.0,1.5,0.0,378,-3595.31,0.857,26.98,4048.22,-0.89,37.5,27,72,-18.16
6,12,8,signal_cross,ema50,True,1.4,4.0,1.5,200.0,273,-2072.91,0.88,27.47,2931.1,-0.71,43.06,31,72,-14.51
6,12,8,signal_cross,ema50,True,1.4,4.0,1.5,250.0,305,-2227.42,0.884,27.54,2933.58,-0.76,40.28,29,72,-14.64
6,12,8,signal_cross,ema50,True,1.4,4.0,2.0,0.0,377,-1850.04,0.938,34.22,4011.48,-0.46,38.89,28,72,-10.66
6,12,8,signal_cross,ema50,True,1.4,4.0,2.0,200.0,242,-333.65,0.981,34.71,2355.91,-0.14,48.61,35,72,-3.28
6,12,8,signal_cross,ema50,True,1.4,4.0,2.0,250.0,273,859.95,1.045,36.26,1872.92,0.46,47.22,34,72,9.81
6,12,8,signal_cross,ema50,True,1.4,4.0,2.5,0.0,343,-574.29,0.982,40.23,2286.77,-0.25,47.22,34,72,-5.57
6,12,8,signal_cross,ema50,True,1.4,4.0,2.5,200.0,222,1330.47,1.075,42.34,2116.88,0.63,52.78,38,72,16.41
6,12,8,signal_cross,ema50,True,1.4,4.0,2.5,250.0,246,360.66,1.018,41.06,2451.72,0.15,48.61,35,72,3.6
6,12,8,signal_cross,ema50,True,1.4,4.5,1.5,0.0,366,-3783.94,0.85,24.86,4217.46,-0.9,36.11,26,72,-17.88
6,12,8,signal_cross,ema50,True,1.4,4.5,1.5,200.0,261,-2068.61,0.88,26.05,2810.86,-0.74,41.67,30,72,-14.31
6,12,8,signal_cross,ema50,True,1.4,4.5,1.5,250.0,285,-2082.41,0.888,25.61,2881.61,-0.72,37.5,27,72,-12.92
6,12,8,signal_cross,ema50,True,1.4,4.5,2.0,0.0,359,-1701.31,0.943,32.03,2484.12,-0.68,43.06,31,72,-13.86
6,12,8,signal_cross,ema50,True,1.4,4.5,2.0,200.0,222,803.24,1.048,34.23,1717.89,0.47,50.0,36,72,10.15
6,12,8,signal_cross,ema50,True,1.4,4.5,2.0,250.0,260,-174.03,0.991,33.08,2033.22,-0.09,45.83,33,72,-1.75
6,12,8,signal_cross,ema50,True,1.4,4.5,2.5,0.0,326,-34.64,0.999,37.73,2240.08,-0.02,47.22,34,72,-0.35
6,12,8,signal_cross,ema50,True,1.4,4.5,2.5,200.0,190,334.21,1.02,39.47,2440.02,0.14,51.39,37,72,3.55
6,12,8,signal_cross,ema50,True,1.4,4.5,2.5,250.0,227,1036.19,1.053,39.65,2187.36,0.47,50.0,36,72,11.66
6,12,8,signal_cross,ema50,True,1.4,5.0,1.5,0.0,359,-1119.07,0.955,24.79,3019.51,-0.37,37.5,27,72,-7.29
6,12,8,signal_cross,ema50,True,1.4,5.0,1.5,200.0,243,-72.2,0.995,25.93,2090.11,-0.03,45.83,33,72,-0.72
6,12,8,signal_cross,ema50,True,1.4,5.0,1.5,250.0,273,-47.48,0.997,25.64,1983.82,-0.02,40.28,29,72,-0.43
6,12,8,signal_cross,ema50,True,1.4,5.0,2.0,0.0,351,-749.27,0.975,30.2,2538.28,-0.3,38.89,28,72,-5.64
6,12,8,signal_cross,ema50,True,1.4,5.0,2.0,200.0,217,1467.37,1.088,32.72,1615.34,0.91,52.78,38,72,20.97
6,12,8,signal_cross,ema50,True,1.4,5.0,2.0,250.0,248,232.25,1.012,31.05,2024.36,0.11,45.83,33,72,2.39
6,12,8,signal_cross,ema50,True,1.4,5.0,2.5,0.0,319,1905.44,1.062,36.05,2014.9,0.95,47.22,34,72,21.29
6,12,8,signal_cross,ema50,True,1.4,5.0,2.5,200.0,177,2589.61,1.166,39.55,2017.74,1.28,56.94,41,72,38.28
6,12,8,signal_cross,ema50,True,1.4,5.0,2.5,250.0,209,2666.61,1.147,39.23,2117.02,1.26,52.78,38,72,35.09
6,12,8,signal_cross,ema50,False,1.5,3.5,1.5,0.0,845,-3896.22,0.926,30.06,4649.72,-0.84,34.72,25,72,-18.37
6,12,8,signal_cross,ema50,False,1.5,3.5,1.5,200.0,415,-70.46,0.997,31.33,3162.28,-0.02,47.22,34,72,-0.59
6,12,8,signal_cross,ema50,False,1.5,3.5,1.5,250.0,446,-1163.19,0.953,30.27,3088.44,-0.38,43.06,31,72,-8.59
6,12,8,signal_cross,ema50,False,1.5,3.5,2.0,0.0,711,-2165.28,0.96,37.41,4971.75,-0.44,38.89,28,72,-11.46
6,12,8,signal_cross,ema50,False,1.5,3.5,2.0,200.0,325,769.92,1.036,39.38,2275.69,0.34,54.17,39,72,9.06
6,12,8,signal_cross,ema50,False,1.5,3.5,2.0,250.0,343,1898.27,1.086,40.52,2658.17,0.71,52.78,38,72,21.1
6,12,8,signal_cross,ema50,False,1.5,3.5,2.5,0.0,599,-6418.42,0.884,40.9,6564.32,-0.98,31.94,23,72,-22.37
6,12,8,signal_cross,ema50,False,1.5,3.5,2.5,200.0,279,538.62,1.026,44.8,2376.31,0.23,52.78,38,72,5.98
6,12,8,signal_cross,ema50,False,1.5,3.5,2.5,250.0,302,1497.69,1.067,45.7,2245.79,0.67,52.78,38,72,17.8
6,12,8,signal_cross,ema50,False,1.5,4.0,1.5,0.0,776,-2754.28,0.946,27.58,3750.79,-0.73,38.89,28,72,-16.55
6,12,8,signal_cross,ema50,False,1.5,4.0,1.5,200.0,345,36.82,1.002,29.28,1879.42,0.02,50.0,36,72,0.43
6,12,8,signal_cross,ema50,False,1.5,4.0,1.5,250.0,410,-267.8,0.989,28.54,1879.42,-0.14,45.83,33,72,-2.8
6,12,8,signal_cross,ema50,False,1.5,4.0,2.0,0.0,655,676.41,1.013,35.42,4733.5,0.14,37.5,27,72,3.73
6,12,8,signal_cross,ema50,False,1.5,4.0,2.0,200.0,293,2514.99,1.124,38.57,1452.69,1.73,54.17,39,72,40.18
6,12,8,signal_cross,ema50,False,1.5,4.0,2.0,250.0,344,1004.29,1.042,36.63,2096.31,0.48,48.61,35,72,11.11
6,12,8,signal_cross,ema50,False,1.5,4.0,2.5,0.0,550,-4472.23,0.917,38.55,5899.13,-0.76,31.94,23,72,-17.05
6,12,8,signal_cross,ema50,False,1.5,4.0,2.5,200.0,255,1253.32,1.06,41.96,1877.37,0.67,52.78,38,72,16.18
6,12,8,signal_cross,ema50,False,1.5,4.0,2.5,250.0,294,1527.54,1.065,41.84,2435.21,0.63,50.0,36,72,16.48
6,12,8,signal_cross,ema50,False,1.5,4.5,1.5,0.0,746,-2987.65,0.941,24.93,4809.0,-0.62,30.56,22,72,-12.39
6,12,8,signal_cross,ema50,False,1.5,4.5,1.5,200.0,312,2726.65,1.152,29.81,1676.42,1.63,56.94,41,72,43.68
6,12,8,signal_cross,ema50,False,1.5,4.5,1.5,250.0,387,1361.09,1.06,27.91,1676.42,0.81,48.61,35,72,17.13
6,12,8,signal_cross,ema50,False,1.5,4.5,2.0,0.0,627,3627.86,1.068,32.85,3185.21,1.14,41.67,30,72,28.61
6,12,8,signal_cross,ema50,False,1.5,4.5,2.0,200.0,261,2590.59,1.14,35.25,1841.51,1.41,56.94,41,72,39.19
6,12,8,signal_cross,ema50,False,1.5,4.5,2.0,250.0,318,4049.26,1.179,35.85,2115.67,1.91,52.78,38,72,54.78
6,12,8,signal_cross,ema50,False,1.5,4.5,2.5,0.0,548,-2233.0,0.959,36.86,4345.04,-0.51,30.56,22,72,-9.93
6,12,8,signal_cross,ema50,False,1.5,4.5,2.5,200.0,221,4747.26,1.263,42.99,1295.02,3.67,59.72,43,72,99.5
6,12,8,signal_cross,ema50,False,1.5,4.5,2.5,250.0,277,4601.14,1.203,41.16,2199.08,2.09,54.17,39,72,63.94
6,12,8,signal_cross,ema50,False,1.5,5.0,1.5,0.0,694,-3546.78,0.925,23.2,4843.19,-0.73,27.78,20,72,-13.1
6,12,8,signal_cross,ema50,False,1.5,5.0,1.5,200.0,262,2600.0,1.169,28.63,2337.12,1.11,56.94,41,72,35.8
6,12,8,signal_cross,ema50,False,1.5,5.0,1.5,250.0,365,1753.09,1.081,26.3,2713.34,0.65,50.0,36,72,18.19
6,12,8,signal_cross,ema50,False,1.5,5.0,2.0,0.0,548,1697.43,1.035,29.93,4863.02,0.35,37.5,27,72,9.45
6,12,8,signal_cross,ema50,False,1.5,5.0,2.0,200.0,246,3130.05,1.174,34.15,2323.28,1.35,58.33,42,72,44.47
6,12,8,signal_cross,ema50,False,1.5,5.0,2.0,250.0,292,1776.45,1.083,31.51,3078.75,0.58,50.0,36,72,17.34
6,12,8,signal_cross,ema50,False,1.5,5.0,2.5,0.0,473,-1813.09,0.964,34.46,5136.57,-0.35,31.94,23,72,-7.79
6,12,8,signal_cross,ema50,False,1.5,5.0,2.5,200.0,203,4472.4,1.267,41.38,1507.29,2.97,61.11,44,72,89.19
6,12,8,signal_cross,ema50,False,1.5,5.0,2.5,250.0,244,4105.83,1.197,38.93,2689.55,1.53,51.39,37,72,48.7
6,12,8,signal_cross,none,True,1.35,3.5,1.5,0.0,511,-7235.17,0.775,28.38,7650.22,-0.95,34.72,25,72,-22.26
6,12,8,signal_cross,none,True,1.35,3.5,1.5,200.0,337,-1308.26,0.933,31.45,3151.28,-0.42,48.61,35,72,-10.57
6,12,8,signal_cross,none,True,1.35,3.5,1.5,250.0,392,-2546.98,0.889,30.61,4055.38,-0.63,45.83,33,72,-16.3
6,12,8,signal_cross,none,True,1.35,3.5,2.0,0.0,443,-10032.44,0.717,32.28,10354.03,-0.97,22.22,16,72,-15.71
6,12,8,signal_cross,none,True,1.35,3.5,2.0,200.0,271,-1609.71,0.913,35.79,3806.33,-0.42,45.83,33,72,-10.92
6,12,8,signal_cross,none,True,1.35,3.5,2.0,250.0,296,-2757.68,0.867,35.14,4200.79,-0.66,41.67,30,72,-15.37
6,12,8,signal_cross,none,True,1.35,3.5,2.5,0.0,408,-10604.8,0.717,37.5,10926.39,-0.97,27.78,20,72,-20.21
6,12,8,signal_cross,none,True,1.35,3.5,2.5,200.0,255,-1399.01,0.929,41.96,3592.6,-0.39,50.0,36,72,-10.84
6,12,8,signal_cross,none,True,1.35,3.5,2.5,250.0,268,-1499.01,0.928,42.54,3393.52,-0.44,47.22,34,72,-11.28
6,12,8,signal_cross,none,True,1.35,4.0,1.5,0.0,475,-6788.02,0.785,25.89,6868.67,-0.99,34.72,25,72,-22.32
6,12,8,signal_cross,none,True,1.35,4.0,1.5,200.0,299,-1134.17,0.938,29.1,2581.99,-0.44,47.22,34,72,-9.89
6,12,8,signal_cross,none,True,1.35,4.0,1.5,250.0,337,-829.21,0.959,29.38,2271.1,-0.37,44.44,32,72,-7.42
6,12,8,signal_cross,none,True,1.35,4.0,2.0,0.0,426,-9886.65,0.725,29.58,9781.38,-1.01,22.22,16,72,-16.1
6,12,8,signal_cross,none,True,1.35,4.0,2.0,200.0,244,-179.02,0.99,35.25,2654.88,-0.07,47.22,34,72,-1.62
6,12,8,signal_cross,none,True,1.35,4.0,2.0,250.0,281,-1907.65,0.906,33.1,3822.93,-0.5,40.28,29,72,-11.26
6,12,8,signal_cross,none,True,1.35,4.0,2.5,0.0,365,-10763.78,0.704,34.25,10632.97,-1.01,27.78,20,72,-20.41
6,12,8,signal_cross,none,True,1.35,4.0,2.5,200.0,197,-524.66,0.968,40.61,2396.45,-0.22,50.0,36,72,-5.19
6,12,8,signal_cross,none,True,1.35,4.0,2.5,250.0,234,-1988.91,0.9,38.46,3129.68,-0.64,44.44,32,72,-14.22
6,12,8,signal_cross,none,True,1.35,4.5,1.5,0.0,465,-5955.82,0.811,24.09,6507.7,-0.92,34.72,25,72,-20.79
6,12,8,signal_cross,none,True,1.35,4.5,1.5,200.0,299,-1322.5,0.93,26.42,4078.37,-0.32,45.83,33,72,-8.83
6,12,8,signal_cross,none,True,1.35,4.5,1.5,250.0,319,-404.07,0.98,27.59,3381.62,-0.12,45.83,33,72,-3.12
6,12,8,signal_cross,none,True,1.35,4.5,2.0,0.0,397,-9833.92,0.714,26.7,9728.65,-1.01,25.0,18,72,-17.8
6,12,8,signal_cross,none,True,1.35,4.5,2.0,200.0,227,-1184.98,0.932,32.16,3533.16,-0.34,45.83,33,72,-8.52
6,12,8,signal_cross,none,True,1.35,4.5,2.0,250.0,249,-1617.02,0.915,31.73,3477.29,-0.47,43.06,31,72,-10.8
6,12,8,signal_cross,none,True,1.35,4.5,2.5,0.0,356,-10263.96,0.718,31.74,10133.15,-1.01,25.0,18,72,-18.3
6,12,8,signal_cross,none,True,1.35,4.5,2.5,200.0,193,-2191.15,0.875,35.75,3221.23,-0.68,45.83,33,72,-15.48
6,12,8,signal_cross,none,True,1.35,4.5,2.5,250.0,216,-1617.4,0.915,36.57,3189.09,-0.51,43.06,31,72,-11.28
6,12,8,signal_cross,none,True,1.35,5.0,1.5,0.0,450,-4125.09,0.866,23.11,4969.9,-0.83,34.72,25,72,-17.59
6,12,8,signal_cross,none,True,1.35,5.0,1.5,200.0,295,-1582.85,0.916,23.39,4077.41,-0.39,43.06,31,72,-9.78
6,12,8,signal_cross,none,True,1.35,5.0,1.5,250.0,314,-1507.57,0.926,24.2,3797.32,-0.4,40.28,29,72,-9.13
6,12,8,signal_cross,none,True,1.35,5.0,2.0,0.0,393,-6434.8,0.814,26.72,7484.66,-0.86,29.17,21,72,-17.66
6,12,8,signal_cross,none,True,1.35,5.0,2.0,200.0,226,-234.37,0.987,30.53,2480.7,-0.09,45.83,33,72,-2.13
6,12,8,signal_cross,none,True,1.35,5.0,2.0,250.0,234,130.7,1.007,31.2,2474.13,0.05,44.44,32,72,1.18
6,12,8,signal_cross,none,True,1.35,5.0,2.5,0.0,343,-7627.46,0.788,30.03,7820.68,-0.98,27.78,20,72,-18.88
6,12,8,signal_cross,none,True,1.35,5.0,2.5,200.0,186,-1876.34,0.893,33.33,3075.76,-0.61,45.83,33,72,-13.85
6,12,8,signal_cross,none,True,1.35,5.0,2.5,250.0,199,-696.17,0.961,35.18,2535.45,-0.27,44.44,32,72,-5.9
6,12,8,signal_cross,none,True,1.4,3.5,1.5,0.0,564,-8453.69,0.765,27.48,9067.12,-0.93,30.56,22,72,-20.76
6,12,8,signal_cross,none,True,1.4,3.5,1.5,200.0,330,-1174.01,0.939,30.91,3394.0,-0.35,50.0,36,72,-9.46
6,12,8,signal_cross,none,True,1.4,3.5,1.5,250.0,388,-2850.55,0.876,29.9,4675.61,-0.61,43.06,31,72,-15.72
6,12,8,signal_cross,none,True,1.4,3.5,2.0,0.0,498,-9385.69,0.762,32.93,9790.0,-0.96,23.61,17,72,-17.07
6,12,8,signal_cross,none,True,1.4,3.5,2.0,200.0,262,1903.8,1.113,40.46,2729.72,0.7,55.56,40,72,22.53
6,12,8,signal_cross,none,True,1.4,3.5,2.0,250.0,312,-1263.14,0.942,37.18,3386.92,-0.37,44.44,32,72,-9.09
6,12,8,signal_cross,none,True,1.4,3.5,2.5,0.0,449,-8645.73,0.788,38.75,9161.37,-0.94,33.33,24,72,-23.72
6,12,8,signal_cross,none,True,1.4,3.5,2.5,200.0,249,689.38,1.036,44.98,2462.85,0.28,56.94,41,72,8.19
6,12,8,signal_cross,none,True,1.4,3.5,2.5,250.0,287,-1364.14,0.94,42.51,3612.69,-0.38,48.61,35,72,-10.37
6,12,8,signal_cross,none,True,1.4,4.0,1.5,0.0,512,-9006.18,0.739,24.41,9100.0,-0.99,29.17,21,72,-20.35
6,12,8,signal_cross,none,True,1.4,4.0,1.5,200.0,312,-1647.08,0.914,27.88,2995.37,-0.55,47.22,34,72,-12.99
6,12,8,signal_cross,none,True,1.4,4.0,1.5,250.0,354,-3057.64,0.862,26.84,4302.04,-0.71,41.67,30,72,-16.74
6,12,8,signal_cross,none,True,1.4,4.0,2.0,0.0,462,-9900.63,0.75,29.65,9819.54,-1.01,25.0,18,72,-18.73
6,12,8,signal_cross,none,True,1.4,4.0,2.0,200.0,247,187.99,1.011,34.82,2818.25,0.07,50.0,36,72,1.79
6,12,8,signal_cross,none,True,1.4,4.0,2.0,250.0,283,628.39,1.032,35.34,3373.67,0.19,48.61,35,72,5.43
6,12,8,signal_cross,none,True,1.4,4.0,2.5,0.0,406,-8457.89,0.79,35.96,8405.89,-1.01,30.56,22,72,-22.27
6,12,8,signal_cross,none,True,1.4,4.0,2.5,200.0,204,1579.17,1.099,42.16,2443.12,0.65,55.56,40,72,19.51
6,12,8,signal_cross,none,True,1.4,4.0,2.5,250.0,243,-653.75,0.968,40.33,3099.83,-0.21,48.61,35,72,-5.53
6,12,8,signal_cross,none,True,1.4,4.5,1.5,0.0,498,-8548.98,0.753,22.49,8798.84,-0.97,26.39,19,72,-18.11
6,12,8,signal_cross,none,True,1.4,4.5,1.5,200.0,309,-1513.78,0.922,25.24,3356.34,-0.45,45.83,33,72,-11.04
6,12,8,signal_cross,none,True,1.4,4.5,1.5,250.0,334,-2562.45,0.882,24.85,4480.5,-0.57,40.28,29,72,-13.6
6,12,8,signal_cross,none,True,1.4,4.5,2.0,0.0,436,-10180.65,0.739,26.83,10235.56,-0.99,20.83,15,72,-15.49
6,12,8,signal_cross,none,True,1.4,4.5,2.0,200.0,236,-878.9,0.951,31.36,3138.39,-0.28,45.83,33,72,-6.84
6,12,8,signal_cross,none,True,1.4,4.5,2.0,250.0,258,-1345.71,0.932,31.4,3618.07,-0.37,41.67,30,72,-8.69
6,12,8,signal_cross,none,True,1.4,4.5,2.5,0.0,376,-7366.94,0.805,33.78,7559.68,-0.97,27.78,20,72,-18.95
6,12,8,signal_cross,none,True,1.4,4.5,2.5,200.0,197,-832.71,0.953,36.04,3433.82,-0.24,47.22,34,72,-6.39
6,12,8,signal_cross,none,True,1.4,4.5,2.5,250.0,213,544.45,1.03,38.03,2718.41,0.2,47.22,34,72,5.08
6,12,8,signal_cross,none,True,1.4,5.0,1.5,0.0,497,-5340.4,0.846,22.54,5686.78,-0.94,30.56,22,72,-18.31
6,12,8,signal_cross,none,True,1.4,5.0,1.5,200.0,303,439.91,1.023,24.75,2647.03,0.17,48.61,35,72,4.25
6,12,8,signal_cross,none,True,1.4,5.0,1.5,250.0,327,-306.47,0.985,24.77,2722.25,-0.11,43.06,31,72,-2.49
6,12,8,signal_cross,none,True,1.4,5.0,2.0,0.0,425,-6944.42,0.819,26.82,7095.85,-0.98,29.17,21,72,-19.69
6,12,8,signal_cross,none,True,1.4,5.0,2.0,200.0,233,-8.97,1.0,30.47,2123.98,-0.0,47.22,34,72,-0.09
6,12,8,signal_cross,none,True,1.4,5.0,2.0,250.0,246,351.19,1.018,30.89,2113.19,0.17,45.83,33,72,3.56
6,12,8,signal_cross,none,True,1.4,5.0,2.5,0.0,372,-3736.76,0.903,33.06,4000.32,-0.93,31.94,23,72,-17.04
6,12,8,signal_cross,none,True,1.4,5.0,2.5,200.0,189,1458.97,1.088,36.51,2279.62,0.64,52.78,38,72,17.55
6,12,8,signal_cross,none,True,1.4,5.0,2.5,250.0,207,2212.37,1.124,37.68,2475.38,0.89,50.0,36,72,24.99
6,12,8,signal_cross,none,False,1.5,3.5,1.5,0.0,952,-8681.19,0.856,28.68,9598.81,-0.9,25.0,18,72,-18.96
6,12,8,signal_cross,none,False,1.5,3.5,1.5,200.0,379,363.71,1.017,31.66,2334.24,0.16,51.39,37,72,3.93
6,12,8,signal_cross,none,False,1.5,3.5,1.5,250.0,440,-1768.96,0.933,30.23,4307.64,-0.41,44.44,32,72,-11.18
6,12,8,signal_cross,none,False,1.5,3.5,2.0,0.0,724,-10391.11,0.828,33.29,11728.2,-0.89,20.83,15,72,-16.55
6,12,8,signal_cross,none,False,1.5,3.5,2.0,200.0,283,609.62,1.031,38.16,4414.4,0.14,52.78,38,72,4.99
6,12,8,signal_cross,none,False,1.5,3.5,2.0,250.0,325,-35.37,0.998,37.85,4647.38,-0.01,48.61,35,72,-0.25
6,12,8,signal_cross,none,False,1.5,3.5,2.5,0.0,688,2249.15,1.035,41.42,8080.06,0.28,25.0,18,72,6.47
6,12,8,signal_cross,none,False,1.5,3.5,2.5,200.0,222,2468.3,1.149,44.14,3587.78,0.69,56.94,41,72,26.96
6,12,8,signal_cross,none,False,1.5,3.5,2.5,250.0,267,1876.14,1.094,43.07,4476.09,0.42,51.39,37,72,15.77
6,12,8,signal_cross,none,False,1.5,4.0,1.5,0.0,819,-10915.68,0.812,24.42,11100.41,-0.98,19.44,14,72,-16.35
6,12,8,signal_cross,none,False,1.5,4.0,1.5,200.0,335,-1200.44,0.942,27.16,3087.64,-0.39,48.61,35,72,-9.89
6,12,8,signal_cross,none,False,1.5,4.0,1.5,250.0,402,-1385.83,0.943,26.62,3415.4,-0.41,43.06,31,72,-9.63
6,12,8,signal_cross,none,False,1.5,4.0,2.0,0.0,654,-11457.07,0.8,29.66,12076.51,-0.95,19.44,14,72,-16.21
6,12,8,signal_cross,none,False,1.5,4.0,2.0,200.0,272,-1682.84,0.918,32.72,5296.02,-0.32,47.22,34,72,-10.02
6,12,8,signal_cross,none,False,1.5,4.0,2.0,250.0,326,-2410.19,0.9,32.21,5684.16,-0.42,41.67,30,72,-11.99
6,12,8,signal_cross,none,False,1.5,4.0,2.5,0.0,519,-13809.51,0.734,32.95,14199.73,-0.97,15.28,11,72,-13.0
6,12,8,signal_cross,none,False,1.5,4.0,2.5,200.0,193,440.27,1.027,39.9,3898.45,0.11,52.78,38,72,3.82
6,12,8,signal_cross,none,False,1.5,4.0,2.5,250.0,254,-1011.19,0.952,38.58,4622.32,-0.22,45.83,33,72,-6.49
6,12,8,signal_cross,none,False,1.5,4.5,1.5,0.0,812,-6560.36,0.888,23.52,7165.24,-0.92,23.61,17,72,-16.25
6,12,8,signal_cross,none,False,1.5,4.5,1.5,200.0,315,1333.75,1.069,26.98,2205.12,0.6,51.39,37,72,15.6
6,12,8,signal_cross,none,False,1.5,4.5,1.5,250.0,379,-657.7,0.972,25.59,2966.61,-0.22,43.06,31,72,-5.05
6,12,8,signal_cross,none,False,1.5,4.5,2.0,0.0,589,-9811.37,0.814,27.67,10543.44,-0.93,26.39,19,72,-20.53
6,12,8,signal_cross,none,False,1.5,4.5,2.0,200.0,239,-110.5,0.994,31.8,3954.49,-0.03,51.39,37,72,-0.9
6,12,8,signal_cross,none,False,1.5,4.5,2.0,250.0,287,516.42,1.024,32.75,4331.2,0.12,47.22,34,72,3.79
6,12,8,signal_cross,none,False,1.5,4.5,2.5,0.0,514,-13462.09,0.751,31.13,14194.7,-0.95,20.83,15,72,-17.68
6,12,8,signal_cross,none,False,1.5,4.5,2.5,200.0,195,-259.26,0.985,35.9,4321.13,-0.06,48.61,35,72,-1.89
6,12,8,signal_cross,none,False,1.5,4.5,2.5,250.0,211,1324.97,1.076,38.39,3734.69,0.35,48.61,35,72,11.34
6,12,8,signal_cross,none,False,1.5,5.0,1.5,0.0,753,-10066.32,0.819,20.32,10891.52,-0.92,19.44,14,72,-15.36
6,12,8,signal_cross,none,False,1.5,5.0,1.5,200.0,308,-149.1,0.992,23.38,3068.62,-0.05,47.22,34,72,-1.26
6,12,8,signal_cross,none,False,1.5,5.0,1.5,250.0,325,922.37,1.045,24.31,2974.25,0.31,45.83,33,72,8.1
6,12,8,signal_cross,none,False,1.5,5.0,2.0,0.0,544,-10321.43,0.8,25.0,11220.5,-0.92,22.22,16,72,-17.32
6,12,8,signal_cross,none,False,1.5,5.0,2.0,200.0,241,1630.82,1.089,30.29,3976.72,0.41,51.39,37,72,14.47
6,12,8,signal_cross,none,False,1.5,5.0,2.0,250.0,262,1361.78,1.068,30.53,3976.72,0.34,48.61,35,72,11.21
6,12,8,signal_cross,none,False,1.5,5.0,2.5,0.0,511,-9366.78,0.825,30.53,10139.59,-0.92,26.39,19,72,-20.25
6,12,8,signal_cross,none,False,1.5,5.0,2.5,200.0,183,2562.55,1.167,37.7,2614.73,0.98,54.17,39,72,31.68
6,12,8,signal_cross,none,False,1.5,5.0,2.5,250.0,217,1939.71,1.104,35.94,3095.69,0.63,48.61,35,72,18.71
6,12,8,inflection_or_zero,ema200,True,1.35,3.5,1.5,0.0,377,-5407.86,0.786,27.32,5823.73,-0.93,36.11,26,72,-20.11
6,12,8,inflection_or_zero,ema200,True,1.35,3.5,1.5,200.0,293,-253.45,0.985,30.03,3280.29,-0.08,50.0,36,72,-2.18
6,12,8,inflection_or_zero,ema200,True,1.35,3.5,1.5,250.0,321,-2105.48,0.89,28.97,3324.37,-0.63,43.06,31,72,-13.99
6,12,8,inflection_or_zero,ema200,True,1.35,3.5,2.0,0.0,340,-2573.3,0.9,36.76,3553.86,-0.72,38.89,28,72,-15.11
6,12,8,inflection_or_zero,ema200,True,1.35,3.5,2.0,200.0,238,1185.34,1.074,39.92,2426.03,0.49,51.39,37,72,13.28
6,12,8,inflection_or_zero,ema200,True,1.35,3.5,2.0,250.0,267,899.39,1.05,39.33,3082.16,0.29,48.61,35,72,8.27
6,12,8,inflection_or_zero,ema200,True,1.35,3.5,2.5,0.0,327,-1139.96,0.958,43.43,3206.01,-0.36,51.39,37,72,-9.91
6,12,8,inflection_or_zero,ema200,True,1.35,3.5,2.5,200.0,215,3729.35,1.251,49.3,1304.15,2.86,62.5,45,72,80.74
6,12,8,inflection_or_zero,ema200,True,1.35,3.5,2.5,250.0,245,3948.23,1.234,48.57,1491.74,2.65,61.11,44,72,77.09
6,12,8,inflection_or_zero,ema200,True,1.35,4.0,1.5,0.0,369,-3922.63,0.848,25.47,5166.94,-0.76,40.28,29,72,-18.64
6,12,8,inflection_or_zero,ema200,True,1.35,4.0,1.5,200.0,285,-657.19,0.961,26.32,3022.89,-0.22,47.22,34,72,-5.42
6,12,8,inflection_or_zero,ema200,True,1.35,4.0,1.5,250.0,297,-918.37,0.948,26.26,3293.28,-0.28,45.83,33,72,-6.95
6,12,8,inflection_or_zero,ema200,True,1.35,4.0,2.0,0.0,325,-2327.61,0.911,33.54,3608.55,-0.65,37.5,27,72,-13.24
6,12,8,inflection_or_zero,ema200,True,1.35,4.0,2.0,200.0,236,979.97,1.06,35.17,2905.07,0.34,48.61,35,72,9.37
6,12,8,inflection_or_zero,ema200,True,1.35,4.0,2.0,250.0,254,-124.17,0.993,34.65,3389.57,-0.04,44.44,32,72,-0.94
6,12,8,inflection_or_zero,ema200,True,1.35,4.0,2.5,0.0,310,-1597.57,0.942,40.0,3254.54,-0.49,44.44,32,72,-11.72
6,12,8,inflection_or_zero,ema200,True,1.35,4.0,2.5,200.0,213,2353.86,1.142,44.13,1892.66,1.24,54.17,39,72,33.47
6,12,8,inflection_or_zero,ema200,True,1.35,4.0,2.5,250.0,230,3026.07,1.173,44.35,1500.79,2.02,54.17,39,72,49.63
6,12,8,inflection_or_zero,ema200,True,1.35,4.5,1.5,0.0,356,-3710.99,0.853,23.6,4567.93,-0.81,37.5,27,72,-17.56
6,12,8,inflection_or_zero,ema200,True,1.35,4.5,1.5,200.0,263,93.72,1.006,25.48,2194.29,0.04,47.22,34,72,0.95
6,12,8,inflection_or_zero,ema200,True,1.35,4.5,1.5,250.0,291,-574.96,0.968,24.74,2952.48,-0.19,43.06,31,72,-4.41
6,12,8,inflection_or_zero,ema200,True,1.35,4.5,2.0,0.0,317,302.05,1.012,32.81,3181.17,0.09,43.06,31,72,2.33
6,12,8,inflection_or_zero,ema200,True,1.35,4.5,2.0,200.0,223,2977.76,1.193,35.43,2744.27,1.09,51.39,37,72,34.85
6,12,8,inflection_or_zero,ema200,True,1.35,4.5,2.0,250.0,241,1876.73,1.111,33.61,2870.76,0.65,47.22,34,72,18.38
6,12,8,inflection_or_zero,ema200,True,1.35,4.5,2.5,0.0,292,-1858.05,0.932,36.64,3734.67,-0.5,43.06,31,72,-12.2
6,12,8,inflection_or_zero,ema200,True,1.35,4.5,2.5,200.0,190,3898.86,1.263,43.68,1842.88,2.12,58.33,42,72,66.91
6,12,8,inflection_or_zero,ema200,True,1.35,4.5,2.5,250.0,209,3008.79,1.181,41.63,1996.16,1.51,54.17,39,72,43.08
6,12,8,inflection_or_zero,ema200,True,1.35,5.0,1.5,0.0,348,-4047.47,0.835,22.13,4578.34,-0.88,41.67,30,72,-20.81
6,12,8,inflection_or_zero,ema200,True,1.35,5.0,1.5,200.0,241,538.92,1.036,24.48,1982.41,0.27,51.39,37,72,6.44
6,12,8,inflection_or_zero,ema200,True,1.35,5.0,1.5,250.0,279,-1192.72,0.932,22.94,2495.15,-0.48,45.83,33,72,-10.2
6,12,8,inflection_or_zero,ema200,True,1.35,5.0,2.0,0.0,303,-1414.71,0.944,29.7,3719.86,-0.38,43.06,31,72,-9.43
6,12,8,inflection_or_zero,ema200,True,1.35,5.0,2.0,200.0,204,1178.94,1.077,31.37,3014.92,0.39,51.39,37,72,11.88
6,12,8,inflection_or_zero,ema200,True,1.35,5.0,2.0,250.0,224,1573.42,1.096,31.7,3014.92,0.52,48.61,35,72,15.27
6,12,8,inflection_or_zero,ema200,True,1.35,5.0,2.5,0.0,275,-3519.3,0.868,32.73,4352.38,-0.81,37.5,27,72,-17.36
6,12,8,inflection_or_zero,ema200,True,1.35,5.0,2.5,200.0,170,932.91,1.062,37.65,2604.4,0.36,51.39,37,72,9.98
6,12,8,inflection_or_zero,ema200,True,1.35,5.0,2.5,250.0,192,69.48,1.004,36.46,3348.28,0.02,45.83,33,72,0.55
6,12,8,inflection_or_zero,ema200,True,1.4,3.5,1.5,0.0,399,-6401.78,0.76,26.57,6763.81,-0.95,33.33,24,72,-19.72
6,12,8,inflection_or_zero,ema200,True,1.4,3.5,1.5,200.0,309,-2489.75,0.861,27.51,4654.17,-0.53,44.44,32,72,-13.96
6,12,8,inflection_or_zero,ema200,True,1.4,3.5,1.5,250.0,329,-2934.64,0.85,27.66,4534.48,-0.65,40.28,29,72,-14.92
6,12,8,inflection_or_zero,ema200,True,1.4,3.5,2.0,0.0,357,-2975.57,0.891,36.41,3279.28,-0.91,41.67,30,72,-19.29
6,12,8,inflection_or_zero,ema200,True,1.4,3.5,2.0,200.0,250,-257.91,0.985,38.0,2688.06,-0.1,50.0,36,72,-2.45
6,12,8,inflection_or_zero,ema200,True,1.4,3.5,2.0,250.0,278,288.36,1.015,38.49,2751.78,0.1,48.61,35,72,2.71
6,12,8,inflection_or_zero,ema200,True,1.4,3.5,2.5,0.0,351,-1256.25,0.957,43.3,3232.43,-0.39,51.39,37,72,-10.87
6,12,8,inflection_or_zero,ema200,True,1.4,3.5,2.5,200.0,228,2608.67,1.159,47.37,1402.11,1.86,59.72,43,72,48.22
6,12,8,inflection_or_zero,ema200,True,1.4,3.5,2.5,250.0,255,2888.72,1.158,47.06,1589.7,1.82,58.33,42,72,48.94
6,12,8,inflection_or_zero,ema200,True,1.4,4.0,1.5,0.0,385,-4950.44,0.816,24.68,6140.91,-0.81,34.72,25,72,-17.9
6,12,8,inflection_or_zero,ema200,True,1.4,4.0,1.5,200.0,299,-1921.96,0.893,24.75,4433.47,-0.43,41.67,30,72,-10.74
6,12,8,inflection_or_zero,ema200,True,1.4,4.0,1.5,250.0,310,-2121.06,0.886,24.84,4714.59,-0.45,40.28,29,72,-11.02
6,12,8,inflection_or_zero,ema200,True,1.4,4.0,2.0,0.0,341,-2857.79,0.896,33.14,3673.01,-0.78,36.11,26,72,-15.26
6,12,8,inflection_or_zero,ema200,True,1.4,4.0,2.0,200.0,243,489.23,1.029,34.57,2782.69,0.18,48.61,35,72,4.64
6,12,8,inflection_or_zero,ema200,True,1.4,4.0,2.0,250.0,266,-580.86,0.97,34.21,3276.65,-0.18,44.44,32,72,-4.37
6,12,8,inflection_or_zero,ema200,True,1.4,4.0,2.5,0.0,329,-1503.18,0.949,40.12,3280.96,-0.46,45.83,33,72,-11.41
6,12,8,inflection_or_zero,ema200,True,1.4,4.0,2.5,200.0,225,2406.04,1.136,44.0,1937.2,1.24,55.56,40,72,34.5
6,12,8,inflection_or_zero,ema200,True,1.4,4.0,2.5,250.0,237,2378.04,1.129,43.46,1550.1,1.53,54.17,39,72,36.94
6,12,8,inflection_or_zero,ema200,True,1.4,4.5,1.5,0.0,372,-4669.56,0.823,22.85,5472.66,-0.85,33.33,24,72,-17.31
6,12,8,inflection_or_zero,ema200,True,1.4,4.5,1.5,200.0,274,-1005.91,0.941,24.09,3028.77,-0.33,43.06,31,72,-7.41
6,12,8,inflection_or_zero,ema200,True,1.4,4.5,1.5,250.0,304,-2136.58,0.886,23.03,4236.5,-0.5,37.5,27,72,-10.91
6,12,8,inflection_or_zero,ema200,True,1.4,4.5,2.0,0.0,329,-375.19,0.986,32.22,3149.88,-0.12,41.67,30,72,-2.75
6,12,8,inflection_or_zero,ema200,True,1.4,4.5,2.0,200.0,228,2425.19,1.151,34.65,2547.4,0.95,50.0,36,72,27.65
6,12,8,inflection_or_zero,ema200,True,1.4,4.5,2.0,250.0,252,1241.8,1.069,32.94,2831.63,0.44,45.83,33,72,11.43
6,12,8,inflection_or_zero,ema200,True,1.4,4.5,2.5,0.0,307,-2048.47,0.929,36.48,3761.09,-0.54,44.44,32,72,-13.79
6,12,8,inflection_or_zero,ema200,True,1.4,4.5,2.5,200.0,200,3393.16,1.211,42.5,1958.38,1.73,58.33,42,72,54.16
6,12,8,inflection_or_zero,ema200,True,1.4,4.5,2.5,250.0,220,2664.97,1.149,40.91,2146.29,1.24,54.17,39,72,35.8
6,12,8,inflection_or_zero,ema200,True,1.4,5.0,1.5,0.0,363,-5089.84,0.801,21.21,5545.72,-0.92,38.89,28,72,-21.29
6,12,8,inflection_or_zero,ema200,True,1.4,5.0,1.5,200.0,260,-882.01,0.946,22.69,2528.02,-0.35,45.83,33,72,-7.61
6,12,8,inflection_or_zero,ema200,True,1.4,5.0,1.5,250.0,294,-2089.86,0.887,21.77,3421.14,-0.61,41.67,30,72,-13.21
6,12,8,inflection_or_zero,ema200,True,1.4,5.0,2.0,0.0,315,-2213.02,0.916,28.89,3667.34,-0.6,41.67,30,72,-13.95
6,12,8,inflection_or_zero,ema200,True,1.4,5.0,2.0,200.0,208,1545.78,1.101,31.25,2780.15,0.56,51.39,37,72,16.59
6,12,8,inflection_or_zero,ema200,True,1.4,5.0,2.0,250.0,233,1140.21,1.066,30.9,2795.35,0.41,47.22,34,72,10.86
6,12,8,inflection_or_zero,ema200,True,1.4,5.0,2.5,0.0,291,-2792.62,0.9,33.33,3990.41,-0.7,40.28,29,72,-16.03
6,12,8,inflection_or_zero,ema200,True,1.4,5.0,2.5,200.0,179,2299.78,1.146,39.66,2549.01,0.9,55.56,40,72,29.0
6,12,8,inflection_or_zero,ema200,True,1.4,5.0,2.5,250.0,208,1217.9,1.067,37.5,3023.97,0.4,50.0,36,72,11.82
6,12,8,inflection_or_zero,ema200,False,1.5,3.5,1.5,0.0,738,-1196.51,0.976,30.49,4650.57,-0.26,37.5,27,72,-6.42
6,12,8,inflection_or_zero,ema200,False,1.5,3.5,1.5,200.0,409,-1537.19,0.935,29.34,3250.19,-0.47,47.22,34,72,-11.9
6,12,8,inflection_or_zero,ema200,False,1.5,3.5,1.5,250.0,462,-1095.81,0.958,29.87,3697.48,-0.3,44.44,32,72,-7.67
6,12,8,inflection_or_zero,ema200,False,1.5,3.5,2.0,0.0,575,-5516.47,0.876,35.48,6311.01,-0.87,27.78,20,72,-16.9
6,12,8,inflection_or_zero,ema200,False,1.5,3.5,2.0,200.0,336,-2674.39,0.884,34.82,4879.53,-0.55,44.44,32,72,-15.04
6,12,8,inflection_or_zero,ema200,False,1.5,3.5,2.0,250.0,380,-1970.43,0.923,35.0,4644.57,-0.42,40.28,29,72,-10.75
6,12,8,inflection_or_zero,ema200,False,1.5,3.5,2.5,0.0,523,-137.54,0.997,42.07,4241.63,-0.03,33.33,24,72,-0.7
6,12,8,inflection_or_zero,ema200,False,1.5,3.5,2.5,200.0,281,-2425.78,0.891,40.21,4324.32,-0.56,44.44,32,72,-14.61
6,12,8,inflection_or_zero,ema200,False,1.5,3.5,2.5,250.0,294,-2632.88,0.888,40.14,3979.47,-0.66,41.67,30,72,-15.44
6,12,8,inflection_or_zero,ema200,False,1.5,4.0,1.5,0.0,720,-95.54,0.998,28.33,3898.07,-0.02,31.94,23,72,-0.49
6,12,8,inflection_or_zero,ema200,False,1.5,4.0,1.5,200.0,356,-119.84,0.994,27.53,2844.02,-0.04,51.39,37,72,-1.15
6,12,8,inflection_or_zero,ema200,False,1.5,4.0,1.5,250.0,409,921.82,1.039,28.36,2557.78,0.36,50.0,36,72,9.47
6,12,8,inflection_or_zero,ema200,False,1.5,4.0,2.0,0.0,554,-1431.08,0.967,34.48,5026.42,-0.28,31.94,23,72,-6.23
6,12,8,inflection_or_zero,ema200,False,1.5,4.0,2.0,200.0,278,-946.93,0.952,33.81,2517.31,-0.38,48.61,35,72,-8.73
6,12,8,inflection_or_zero,ema200,False,1.5,4.0,2.0,250.0,311,-972.01,0.955,33.44,3294.0,-0.3,45.83,33,72,-7.41
6,12,8,inflection_or_zero,ema200,False,1.5,4.0,2.5,0.0,515,4314.93,1.091,40.97,3739.02,1.15,37.5,27,72,28.87
6,12,8,inflection_or_zero,ema200,False,1.5,4.0,2.5,200.0,253,-1593.95,0.923,39.53,3300.97,-0.48,48.61,35,72,-12.45
6,12,8,inflection_or_zero,ema200,False,1.5,4.0,2.5,250.0,287,-1307.9,0.944,39.72,3049.26,-0.43,45.83,33,72,-10.25
6,12,8,inflection_or_zero,ema200,False,1.5,4.5,1.5,0.0,676,2736.88,1.057,26.78,4345.85,0.63,36.11,26,72,15.85
6,12,8,inflection_or_zero,ema200,False,1.5,4.5,1.5,200.0,322,-570.86,0.971,25.16,3907.98,-0.15,48.61,35,72,-4.31
6,12,8,inflection_or_zero,ema200,False,1.5,4.5,1.5,250.0,383,292.27,1.012,26.11,3681.88,0.08,45.83,33,72,2.23
6,12,8,inflection_or_zero,ema200,False,1.5,4.5,2.0,0.0,514,-1651.84,0.961,31.52,5013.6,-0.33,27.78,20,72,-6.23
6,12,8,inflection_or_zero,ema200,False,1.5,4.5,2.0,200.0,248,-2626.39,0.865,29.44,4566.6,-0.58,44.44,32,72,-14.94
6,12,8,inflection_or_zero,ema200,False,1.5,4.5,2.0,250.0,282,-1237.41,0.943,30.85,4566.6,-0.27,43.06,31,72,-7.44
6,12,8,inflection_or_zero,ema200,False,1.5,4.5,2.5,0.0,503,7674.22,1.163,39.36,3945.22,1.95,40.28,29,72,57.24
6,12,8,inflection_or_zero,ema200,False,1.5,4.5,2.5,200.0,215,-561.13,0.97,38.14,3722.93,-0.15,51.39,37,72,-4.58
6,12,8,inflection_or_zero,ema200,False,1.5,4.5,2.5,250.0,260,-428.32,0.981,38.08,3722.93,-0.12,47.22,34,72,-3.25
6,12,8,inflection_or_zero,ema200,False,1.5,5.0,1.5,0.0,616,555.82,1.013,24.51,4767.86,0.12,36.11,26,72,2.94
6,12,8,inflection_or_zero,ema200,False,1.5,5.0,1.5,200.0,306,1568.95,1.083,24.84,2747.2,0.57,52.78,38,72,17.11
6,12,8,inflection_or_zero,ema200,False,1.5,5.0,1.5,250.0,342,-399.28,0.982,23.39,3888.71,-0.1,45.83,33,72,-2.88
6,12,8,inflection_or_zero,ema200,False,1.5,5.0,2.0,0.0,510,-498.14,0.988,30.0,4220.04,-0.12,40.28,29,72,-3.05
6,12,8,inflection_or_zero,ema200,False,1.5,5.0,2.0,200.0,276,-1194.26,0.944,28.99,4551.21,-0.26,47.22,34,72,-7.89
6,12,8,inflection_or_zero,ema200,False,1.5,5.0,2.0,250.0,303,-337.96,0.985,29.37,4026.98,-0.08,47.22,34,72,-2.48
6,12,8,inflection_or_zero,ema200,False,1.5,5.0,2.5,0.0,432,3600.41,1.086,36.81,4088.09,0.88,41.67,30,72,25.48
6,12,8,inflection_or_zero,ema200,False,1.5,5.0,2.5,200.0,211,-1986.57,0.899,33.65,3937.86,-0.5,48.61,35,72,-13.83
6,12,8,inflection_or_zero,ema200,False,1.5,5.0,2.5,250.0,259,-2252.26,0.905,33.59,4206.14,-0.54,44.44,32,72,-13.97
6,12,8,inflection_or_zero,ema50,True,1.35,3.5,1.5,0.0,371,-4024.95,0.828,29.38,4432.57,-0.91,36.11,26,72,-18.08
6,12,8,inflection_or_zero,ema50,True,1.35,3.5,1.5,200.0,270,-167.77,0.989,32.96,1726.11,-0.1,51.39,37,72,-2.05
6,12,8,inflection_or_zero,ema50,True,1.35,3.5,1.5,250.0,308,-894.06,0.951,32.14,2359.33,-0.38,44.44,32,72,-7.78
6,12,8,inflection_or_zero,ema50,True,1.35,3.5,2.0,0.0,335,-1833.41,0.925,38.21,3090.18,-0.59,41.67,30,72,-12.71
6,12,8,inflection_or_zero,ema50,True,1.35,3.5,2.0,200.0,220,960.09,1.064,41.36,1435.31,0.67,55.56,40,72,14.98
6,12,8,inflection_or_zero,ema50,True,1.35,3.5,2.0,250.0,263,-443.71,0.976,38.78,2066.82,-0.21,47.22,34,72,-4.5
6,12,8,inflection_or_zero,ema50,True,1.35,3.5,2.5,0.0,316,656.38,1.026,45.57,3221.84,0.2,45.83,33,72,5.44
6,12,8,inflection_or_zero,ema50,True,1.35,3.5,2.5,200.0,196,2707.26,1.194,48.98,1609.12,1.68,59.72,43,72,48.12
6,12,8,inflection_or_zero,ema50,True,1.35,3.5,2.5,250.0,228,2664.57,1.164,47.81,1650.99,1.61,55.56,40,72,42.41
6,12,8,inflection_or_zero,ema50,True,1.35,4.0,1.5,0.0,360,-3854.89,0.837,27.22,4386.35,-0.88,38.89,28,72,-18.95
6,12,8,inflection_or_zero,ema50,True,1.35,4.0,1.5,200.0,266,-255.52,0.984,29.7,1588.13,-0.16,48.61,35,72,-3.07
6,12,8,inflection_or_zero,ema50,True,1.35,4.0,1.5,250.0,293,-803.05,0.955,29.01,1948.03,-0.41,45.83,33,72,-7.96
6,12,8,inflection_or_zero,ema50,True,1.35,4.0,2.0,0.0,318,-1736.92,0.929,35.22,3212.73,-0.54,41.67,30,72,-11.86
6,12,8,inflection_or_zero,ema50,True,1.35,4.0,2.0,200.0,218,1665.58,1.111,38.07,1306.69,1.27,55.56,40,72,28.44
6,12,8,inflection_or_zero,ema50,True,1.35,4.0,2.0,250.0,251,-1092.29,0.941,34.66,1849.36,-0.59,45.83,33,72,-10.95
6,12,8,inflection_or_zero,ema50,True,1.35,4.0,2.5,0.0,294,-731.19,0.971,41.5,3296.15,-0.22,45.83,33,72,-5.67
6,12,8,inflection_or_zero,ema50,True,1.35,4.0,2.5,200.0,197,2267.73,1.149,45.18,1459.25,1.55,55.56,40,72,37.9
6,12,8,inflection_or_zero,ema50,True,1.35,4.0,2.5,250.0,220,1305.67,1.075,42.73,1459.25,0.89,52.78,38,72,19.39
6,12,8,inflection_or_zero,ema50,True,1.35,4.5,1.5,0.0,354,-3293.92,0.863,25.42,3748.1,-0.88,38.89,28,72,-18.06
6,12,8,inflection_or_zero,ema50,True,1.35,4.5,1.5,200.0,252,875.02,1.056,28.57,1356.13,0.65,51.39,37,72,12.89
6,12,8,inflection_or_zero,ema50,True,1.35,4.5,1.5,250.0,275,305.02,1.018,27.64,1698.63,0.18,47.22,34,72,3.56
6,12,8,inflection_or_zero,ema50,True,1.35,4.5,2.0,0.0,308,-303.77,0.988,33.77,3227.59,-0.09,40.28,29,72,-2.13
6,12,8,inflection_or_zero,ema50,True,1.35,4.5,2.0,200.0,201,4267.46,1.311,39.3,1050.22,4.06,56.94,41,72,98.3
6,12,8,inflection_or_zero,ema50,True,1.35,4.5,2.0,250.0,227,2720.12,1.171,36.12,1050.22,2.59,51.39,37,72,50.51
6,12,8,inflection_or_zero,ema50,True,1.35,4.5,2.5,0.0,274,-1407.03,0.943,37.59,3814.17,-0.37,38.89,28,72,-8.36
6,12,8,inflection_or_zero,ema50,True,1.35,4.5,2.5,200.0,175,4952.62,1.371,46.86,1309.39,3.78,62.5,45,72,117.28
6,12,8,inflection_or_zero,ema50,True,1.35,4.5,2.5,250.0,199,3187.14,1.201,42.71,1309.39,2.43,54.17,39,72,57.3
6,12,8,inflection_or_zero,ema50,True,1.35,5.0,1.5,0.0,350,-4715.53,0.81,22.57,5284.74,-0.89,36.11,26,72,-18.97
6,12,8,inflection_or_zero,ema50,True,1.35,5.0,1.5,200.0,220,690.98,1.049,26.36,1617.43,0.43,51.39,37,72,9.26
6,12,8,inflection_or_zero,ema50,True,1.35,5.0,1.5,250.0,268,-1348.28,0.922,23.88,2411.29,-0.56,44.44,32,72,-11.25
6,12,8,inflection_or_zero,ema50,True,1.35,5.0,2.0,0.0,306,-3177.3,0.877,28.76,3630.69,-0.88,37.5,27,72,-17.34
6,12,8,inflection_or_zero,ema50,True,1.35,5.0,2.0,200.0,187,1788.97,1.125,33.16,1455.17,1.23,54.17,39,72,28.58
6,12,8,inflection_or_zero,ema50,True,1.35,5.0,2.0,250.0,215,1913.43,1.12,32.56,1455.17,1.31,51.39,37,72,28.87
6,12,8,inflection_or_zero,ema50,True,1.35,5.0,2.5,0.0,263,-4284.64,0.834,32.32,4738.03,-0.9,36.11,26,72,-18.75
6,12,8,inflection_or_zero,ema50,True,1.35,5.0,2.5,200.0,147,1561.7,1.118,39.46,1430.23,1.09,55.56,40,72,25.65
6,12,8,inflection_or_zero,ema50,True,1.35,5.0,2.5,250.0,181,1443.79,1.092,38.12,1430.23,1.01,51.39,37,72,21.42
6,12,8,inflection_or_zero,ema50,True,1.4,3.5,1.5,0.0,388,-4031.99,0.834,29.38,4945.86,-0.82,37.5,27,72,-17.93
6,12,8,inflection_or_zero,ema50,True,1.4,3.5,1.5,200.0,274,-308.96,0.981,32.85,2027.51,-0.15,51.39,37,72,-3.46
6,12,8,inflection_or_zero,ema50,True,1.4,3.5,1.5,250.0,318,-1462.69,0.923,31.45,3024.14,-0.48,43.06,31,72,-10.57
6,12,8,inflection_or_zero,ema50,True,1.4,3.5,2.0,0.0,350,-1147.9,0.955,38.29,3090.18,-0.37,44.44,32,72,-8.76
6,12,8,inflection_or_zero,ema50,True,1.4,3.5,2.0,200.0,220,1674.65,1.113,41.82,1435.31,1.17,56.94,41,72,28.01
6,12,8,inflection_or_zero,ema50,True,1.4,3.5,2.0,250.0,271,764.01,1.042,39.48,1617.09,0.47,50.0,36,72,9.9
6,12,8,inflection_or_zero,ema50,True,1.4,3.5,2.5,0.0,330,785.28,1.03,45.15,3221.84,0.24,44.44,32,72,6.33
6,12,8,inflection_or_zero,ema50,True,1.4,3.5,2.5,200.0,203,2641.36,1.182,47.78,1609.12,1.64,61.11,44,72,47.56
6,12,8,inflection_or_zero,ema50,True,1.4,3.5,2.5,250.0,238,2694.46,1.157,47.06,2285.86,1.18,55.56,40,72,36.23
6,12,8,inflection_or_zero,ema50,True,1.4,4.0,1.5,0.0,373,-3617.61,0.851,27.35,4673.88,-0.77,38.89,28,72,-17.51
6,12,8,inflection_or_zero,ema50,True,1.4,4.0,1.5,200.0,264,513.12,1.033,30.3,1856.62,0.28,51.39,37,72,6.32
6,12,8,inflection_or_zero,ema50,True,1.4,4.0,1.5,250.0,289,-240.49,0.986,29.41,2300.78,-0.1,48.61,35,72,-2.4
6,12,8,inflection_or_zero,ema50,True,1.4,4.0,2.0,0.0,332,-1054.21,0.958,35.24,3212.73,-0.33,43.06,31,72,-7.67
6,12,8,inflection_or_zero,ema50,True,1.4,4.0,2.0,200.0,219,3412.32,1.234,39.73,1045.8,3.26,59.72,43,72,77.76
6,12,8,inflection_or_zero,ema50,True,1.4,4.0,2.0,250.0,257,225.42,1.012,35.41,1544.79,0.15,48.61,35,72,2.82
6,12,8,inflection_or_zero,ema50,True,1.4,4.0,2.5,0.0,307,-208.09,0.992,41.37,3296.15,-0.06,48.61,35,72,-1.75
6,12,8,inflection_or_zero,ema50,True,1.4,4.0,2.5,200.0,197,2811.46,1.186,45.18,1459.25,1.93,58.33,42,72,50.91
6,12,8,inflection_or_zero,ema50,True,1.4,4.0,2.5,250.0,226,1804.4,1.102,42.48,1459.25,1.24,55.56,40,72,28.92
6,12,8,inflection_or_zero,ema50,True,1.4,4.5,1.5,0.0,367,-3507.49,0.859,25.07,4162.95,-0.84,38.89,28,72,-18.16
6,12,8,inflection_or_zero,ema50,True,1.4,4.5,1.5,200.0,250,1694.75,1.112,29.2,1654.02,1.02,52.78,38,72,24.46
6,12,8,inflection_or_zero,ema50,True,1.4,4.5,1.5,250.0,274,1044.55,1.063,28.1,1996.52,0.52,48.61,35,72,12.08
6,12,8,inflection_or_zero,ema50,True,1.4,4.5,2.0,0.0,321,66.76,1.003,33.33,3227.59,0.02,40.28,29,72,0.47
6,12,8,inflection_or_zero,ema50,True,1.4,4.5,2.0,200.0,199,6343.12,1.485,41.21,1045.8,6.07,61.11,44,72,178.0
6,12,8,inflection_or_zero,ema50,True,1.4,4.5,2.0,250.0,229,3607.76,1.226,36.24,1087.12,3.32,52.78,38,72,70.8
6,12,8,inflection_or_zero,ema50,True,1.4,4.5,2.5,0.0,287,-971.74,0.963,37.28,3814.17,-0.25,43.06,31,72,-6.52
6,12,8,inflection_or_zero,ema50,True,1.4,4.5,2.5,200.0,181,5083.63,1.363,45.86,1309.39,3.88,62.5,45,72,119.68
6,12,8,inflection_or_zero,ema50,True,1.4,4.5,2.5,250.0,200,3682.31,1.232,42.5,1309.39,2.81,56.94,41,72,71.39
6,12,8,inflection_or_zero,ema50,True,1.4,5.0,1.5,0.0,358,-4636.42,0.816,22.35,5487.84,-0.84,36.11,26,72,-18.44
6,12,8,inflection_or_zero,ema50,True,1.4,5.0,1.5,200.0,229,1034.24,1.072,26.2,1895.12,0.55,51.39,37,72,13.09
6,12,8,inflection_or_zero,ema50,True,1.4,5.0,1.5,250.0,264,-288.9,0.983,24.62,2523.09,-0.11,45.83,33,72,-2.59
6,12,8,inflection_or_zero,ema50,True,1.4,5.0,2.0,0.0,316,-2119.65,0.92,28.8,3504.92,-0.6,40.28,29,72,-13.27
6,12,8,inflection_or_zero,ema50,True,1.4,5.0,2.0,200.0,190,3691.89,1.268,34.74,1308.11,2.82,58.33,42,72,75.5
6,12,8,inflection_or_zero,ema50,True,1.4,5.0,2.0,250.0,217,3934.7,1.253,33.64,1468.23,2.68,56.94,41,72,73.26
6,12,8,inflection_or_zero,ema50,True,1.4,5.0,2.5,0.0,275,-3740.07,0.861,32.0,4873.56,-0.77,37.5,27,72,-17.3
6,12,8,inflection_or_zero,ema50,True,1.4,5.0,2.5,200.0,160,2208.65,1.156,38.75,1430.23,1.54,55.56,40,72,37.51
6,12,8,inflection_or_zero,ema50,True,1.4,5.0,2.5,250.0,186,2412.3,1.151,38.17,1430.23,1.69,54.17,39,72,39.77
6,12,8,inflection_or_zero,ema50,False,1.5,3.5,1.5,0.0,788,-1435.28,0.97,30.58,4711.27,-0.3,36.11,26,72,-7.32
6,12,8,inflection_or_zero,ema50,False,1.5,3.5,1.5,200.0,381,2702.09,1.132,34.38,1611.13,1.68,56.94,41,72,43.39
6,12,8,inflection_or_zero,ema50,False,1.5,3.5,1.5,250.0,469,1607.33,1.063,32.62,1632.92,0.98,50.0,36,72,21.14
6,12,8,inflection_or_zero,ema50,False,1.5,3.5,2.0,0.0,678,-4247.29,0.917,36.58,4817.01,-0.88,37.5,27,72,-21.04
6,12,8,inflection_or_zero,ema50,False,1.5,3.5,2.0,200.0,323,4055.94,1.199,43.65,1729.82,2.34,61.11,44,72,71.45
6,12,8,inflection_or_zero,ema50,False,1.5,3.5,2.0,250.0,363,2888.24,1.122,41.6,2078.58,1.39,54.17,39,72,38.5
6,12,8,inflection_or_zero,ema50,False,1.5,3.5,2.5,0.0,571,-2862.29,0.941,42.91,4038.19,-0.71,41.67,30,72,-17.66
6,12,8,inflection_or_zero,ema50,False,1.5,3.5,2.5,200.0,257,1869.18,1.098,47.86,2249.88,0.83,58.33,42,72,25.24
6,12,8,inflection_or_zero,ema50,False,1.5,3.5,2.5,250.0,282,2159.1,1.104,47.52,2249.88,0.96,55.56,40,72,27.92
6,12,8,inflection_or_zero,ema50,False,1.5,4.0,1.5,0.0,758,3038.37,1.064,29.55,3133.09,0.97,41.67,30,72,24.07
6,12,8,inflection_or_zero,ema50,False,1.5,4.0,1.5,200.0,343,1128.78,1.058,30.32,1743.35,0.65,52.78,38,72,15.1
6,12,8,inflection_or_zero,ema50,False,1.5,4.0,1.5,250.0,393,3279.08,1.15,31.55,1581.7,2.07,51.39,37,72,48.73
6,12,8,inflection_or_zero,ema50,False,1.5,4.0,2.0,0.0,615,-2424.62,0.95,33.82,4270.8,-0.57,36.11,26,72,-12.73
6,12,8,inflection_or_zero,ema50,False,1.5,4.0,2.0,200.0,275,1472.09,1.077,37.45,1717.34,0.86,51.39,37,72,19.66
6,12,8,inflection_or_zero,ema50,False,1.5,4.0,2.0,250.0,322,1161.32,1.052,36.34,2051.53,0.57,47.22,34,72,12.74
6,12,8,inflection_or_zero,ema50,False,1.5,4.0,2.5,0.0,531,-3.94,1.0,41.05,4389.09,-0.0,43.06,31,72,-0.03
6,12,8,inflection_or_zero,ema50,False,1.5,4.0,2.5,200.0,214,4850.16,1.304,47.2,1357.93,3.57,61.11,44,72,104.88
6,12,8,inflection_or_zero,ema50,False,1.5,4.0,2.5,250.0,245,3334.98,1.175,44.49,1853.51,1.8,55.56,40,72,50.57
6,12,8,inflection_or_zero,ema50,False,1.5,4.5,1.5,0.0,741,2118.1,1.045,27.26,2577.64,0.82,43.06,31,72,18.77
6,12,8,inflection_or_zero,ema50,False,1.5,4.5,1.5,200.0,320,2628.82,1.144,29.69,1892.15,1.39,55.56,40,72,38.41
6,12,8,inflection_or_zero,ema50,False,1.5,4.5,1.5,250.0,371,2775.79,1.129,29.38,1825.93,1.52,51.39,37,72,37.69
6,12,8,inflection_or_zero,ema50,False,1.5,4.5,2.0,0.0,577,-1004.94,0.978,32.24,3123.43,-0.32,36.11,26,72,-6.35
6,12,8,inflection_or_zero,ema50,False,1.5,4.5,2.0,200.0,252,706.03,1.038,33.73,1893.46,0.37,52.78,38,72,8.89
6,12,8,inflection_or_zero,ema50,False,1.5,4.5,2.0,250.0,298,1188.03,1.055,33.89,2385.47,0.5,47.22,34,72,12.12
6,12,8,inflection_or_zero,ema50,False,1.5,4.5,2.5,0.0,508,-1539.16,0.97,37.8,5446.35,-0.28,43.06,31,72,-8.71
6,12,8,inflection_or_zero,ema50,False,1.5,4.5,2.5,200.0,200,3564.19,1.215,41.5,1557.96,2.29,58.33,42,72,64.0
6,12,8,inflection_or_zero,ema50,False,1.5,4.5,2.5,250.0,225,4022.5,1.217,41.78,1589.92,2.53,55.56,40,72,68.21
6,12,8,inflection_or_zero,ema50,False,1.5,5.0,1.5,0.0,673,105.39,1.002,24.52,4145.01,0.03,34.72,25,72,0.57
6,12,8,inflection_or_zero,ema50,False,1.5,5.0,1.5,200.0,284,2496.87,1.144,27.46,1792.01,1.39,56.94,41,72,38.42
6,12,8,inflection_or_zero,ema50,False,1.5,5.0,1.5,250.0,369,561.38,1.025,25.2,2153.75,0.26,47.22,34,72,5.85
6,12,8,inflection_or_zero,ema50,False,1.5,5.0,2.0,0.0,525,-3308.51,0.924,29.14,4638.99,-0.71,33.33,24,72,-14.96
6,12,8,inflection_or_zero,ema50,False,1.5,5.0,2.0,200.0,248,1616.94,1.086,32.26,1997.57,0.81,54.17,39,72,21.28
6,12,8,inflection_or_zero,ema50,False,1.5,5.0,2.0,250.0,303,-1500.41,0.936,29.04,2301.36,-0.65,41.67,30,72,-12.2
6,12,8,inflection_or_zero,ema50,False,1.5,5.0,2.5,0.0,449,-3659.33,0.921,34.08,5486.81,-0.67,37.5,27,72,-17.06
6,12,8,inflection_or_zero,ema50,False,1.5,5.0,2.5,200.0,185,4131.96,1.26,41.08,2006.43,2.06,61.11,44,72,71.03
6,12,8,inflection_or_zero,ema50,False,1.5,5.0,2.5,250.0,236,1139.43,1.053,36.02,2694.03,0.42,47.22,34,72,10.92
6,12,8,inflection_or_zero,none,True,1.35,3.5,1.5,0.0,611,-7456.89,0.812,27.17,8022.2,-0.93,26.39,19,72,-17.84
6,12,8,inflection_or_zero,none,True,1.35,3.5,1.5,200.0,379,-1802.4,0.916,27.7,4899.38,-0.37,43.06,31,72,-10.16
6,12,8,inflection_or_zero,none,True,1.35,3.5,1.5,250.0,424,-2553.68,0.897,27.36,4758.98,-0.54,37.5,27,72,-12.45
6,12,8,inflection_or_zero,none,True,1.35,3.5,2.0,0.0,575,-1603.04,0.962,36.87,3113.49,-0.51,40.28,29,72,-11.13
6,12,8,inflection_or_zero,none,True,1.35,3.5,2.0,200.0,324,3367.14,1.167,39.51,1791.72,1.88,58.33,42,72,54.15
6,12,8,inflection_or_zero,none,True,1.35,3.5,2.0,250.0,353,2104.04,1.092,37.96,1842.09,1.14,52.78,38,72,28.25
6,12,8,inflection_or_zero,none,True,1.35,3.5,2.5,0.0,496,-3060.71,0.927,41.33,3963.27,-0.77,38.89,28,72,-17.53
6,12,8,inflection_or_zero,none,True,1.35,3.5,2.5,200.0,260,3723.66,1.215,45.0,1846.82,2.02,59.72,43,72,62.87
6,12,8,inflection_or_zero,none,True,1.35,3.5,2.5,250.0,307,2750.65,1.129,43.32,1846.82,1.49,54.17,39,72,39.14
6,12,8,inflection_or_zero,none,True,1.35,4.0,1.5,0.0,575,-9524.81,0.763,23.65,10572.39,-0.9,23.61,17,72,-16.69
6,12,8,inflection_or_zero,none,True,1.35,4.0,1.5,200.0,372,-2791.37,0.874,24.46,5816.43,-0.48,41.67,30,72,-13.33
6,12,8,inflection_or_zero,none,True,1.35,4.0,1.5,250.0,404,-2763.74,0.885,24.5,6369.09,-0.43,37.5,27,72,-11.49
6,12,8,inflection_or_zero,none,True,1.35,4.0,2.0,0.0,534,-4807.86,0.887,32.58,5055.59,-0.95,37.5,27,72,-22.49
6,12,8,inflection_or_zero,none,True,1.35,4.0,2.0,200.0,331,3222.06,1.15,36.25,2017.23,1.6,56.94,41,72,46.98
6,12,8,inflection_or_zero,none,True,1.35,4.0,2.0,250.0,360,2453.49,1.102,35.56,2180.33,1.13,52.78,38,72,30.56
6,12,8,inflection_or_zero,none,True,1.35,4.0,2.5,0.0,438,-4466.31,0.888,37.44,5334.8,-0.84,36.11,26,72,-19.61
6,12,8,inflection_or_zero,none,True,1.35,4.0,2.5,200.0,263,1261.22,1.064,38.78,3102.22,0.41,52.78,38,72,12.72
6,12,8,inflection_or_zero,none,True,1.35,4.0,2.5,250.0,284,2353.55,1.111,40.14,2741.53,0.86,51.39,37,72,25.66
6,12,8,inflection_or_zero,none,True,1.35,4.5,1.5,0.0,542,-10452.0,0.731,21.03,11309.99,-0.92,18.06,13,72,-12.97
6,12,8,inflection_or_zero,none,True,1.35,4.5,1.5,200.0,335,-1618.05,0.922,23.28,5229.33,-0.31,41.67,30,72,-8.6
6,12,8,inflection_or_zero,none,True,1.35,4.5,1.5,250.0,380,-2975.71,0.874,22.37,6486.61,-0.46,36.11,26,72,-11.66
6,12,8,inflection_or_zero,none,True,1.35,4.5,2.0,0.0,500,-5723.84,0.863,29.8,6189.86,-0.92,34.72,25,72,-21.8
6,12,8,inflection_or_zero,none,True,1.35,4.5,2.0,200.0,302,3640.93,1.174,34.11,1915.74,1.9,58.33,42,72,56.96
6,12,8,inflection_or_zero,none,True,1.35,4.5,2.0,250.0,328,3652.0,1.163,33.84,2122.56,1.72,54.17,39,72,49.94
6,12,8,inflection_or_zero,none,True,1.35,4.5,2.5,0.0,411,-3587.05,0.908,35.52,4710.15,-0.76,37.5,27,72,-17.8
6,12,8,inflection_or_zero,none,True,1.35,4.5,2.5,200.0,239,2521.27,1.134,39.33,1969.41,1.28,54.17,39,72,34.9
6,12,8,inflection_or_zero,none,True,1.35,4.5,2.5,250.0,260,1794.29,1.088,37.69,1959.02,0.92,50.0,36,72,22.05
6,12,8,inflection_or_zero,none,True,1.35,5.0,1.5,0.0,535,-6688.92,0.822,21.12,9041.0,-0.74,25.0,18,72,-14.46
6,12,8,inflection_or_zero,none,True,1.35,5.0,1.5,200.0,277,654.48,1.039,23.83,3240.3,0.2,47.22,34,72,5.64
6,12,8,inflection_or_zero,none,True,1.35,5.0,1.5,250.0,358,-1416.95,0.936,22.07,4967.3,-0.29,40.28,29,72,-7.58
6,12,8,inflection_or_zero,none,True,1.35,5.0,2.0,0.0,456,-6585.46,0.832,26.97,7593.87,-0.87,27.78,20,72,-17.47
6,12,8,inflection_or_zero,none,True,1.35,5.0,2.0,200.0,264,-225.22,0.989,28.79,3108.76,-0.07,45.83,33,72,-1.83
6,12,8,inflection_or_zero,none,True,1.35,5.0,2.0,250.0,306,-527.67,0.977,28.76,3465.27,-0.15,41.67,30,72,-3.65
6,12,8,inflection_or_zero,none,True,1.35,5.0,2.5,0.0,390,-5437.58,0.861,32.56,6236.49,-0.87,30.56,22,72,-18.12
6,12,8,inflection_or_zero,none,True,1.35,5.0,2.5,200.0,200,628.64,1.036,35.5,2773.31,0.23,50.0,36,72,6.18
6,12,8,inflection_or_zero,none,True,1.35,5.0,2.5,250.0,252,645.47,1.03,34.92,2701.01,0.24,45.83,33,72,5.86
6,12,8,inflection_or_zero,none,True,1.4,3.5,1.5,0.0,613,-7891.17,0.805,27.08,9000.94,-0.88,22.22,16,72,-14.88
6,12,8,inflection_or_zero,none,True,1.4,3.5,1.5,200.0,333,-726.78,0.962,28.23,4432.5,-0.16,47.22,34,72,-4.96
6,12,8,inflection_or_zero,none,True,1.4,3.5,1.5,250.0,395,-2539.88,0.894,27.09,4998.24,-0.51,37.5,27,72,-12.04
6,12,8,inflection_or_zero,none,True,1.4,3.5,2.0,0.0,594,-3796.76,0.917,35.69,5116.53,-0.74,36.11,26,72,-17.58
6,12,8,inflection_or_zero,none,True,1.4,3.5,2.0,200.0,304,3661.26,1.187,39.8,1685.93,2.17,59.72,43,72,63.21
6,12,8,inflection_or_zero,none,True,1.4,3.5,2.0,250.0,354,4121.57,1.179,39.83,1803.91,2.28,56.94,41,72,65.15
6,12,8,inflection_or_zero,none,True,1.4,3.5,2.5,0.0,505,-2876.35,0.934,41.58,4347.82,-0.66,31.94,23,72,-13.01
6,12,8,inflection_or_zero,none,True,1.4,3.5,2.5,200.0,250,4626.32,1.274,46.0,1152.17,4.02,59.72,43,72,103.7
6,12,8,inflection_or_zero,none,True,1.4,3.5,2.5,250.0,286,3472.75,1.171,44.41,1563.52,2.22,52.78,38,72,54.28
6,12,8,inflection_or_zero,none,True,1.4,4.0,1.5,0.0,615,-7330.96,0.829,25.2,8906.32,-0.82,27.78,20,72,-17.89
6,12,8,inflection_or_zero,none,True,1.4,4.0,1.5,200.0,349,-381.44,0.981,26.07,4076.81,-0.09,50.0,36,72,-2.93
6,12,8,inflection_or_zero,none,True,1.4,4.0,1.5,250.0,385,-732.31,0.968,26.23,4774.77,-0.15,45.83,33,72,-4.7
6,12,8,inflection_or_zero,none,True,1.4,4.0,2.0,0.0,573,-4298.22,0.908,32.81,5245.71,-0.82,34.72,25,72,-18.71
6,12,8,inflection_or_zero,none,True,1.4,4.0,2.0,200.0,309,4042.33,1.198,36.89,1431.76,2.82,58.33,42,72,74.65
6,12,8,inflection_or_zero,none,True,1.4,4.0,2.0,250.0,348,3231.7,1.135,36.21,1685.36,1.92,52.78,38,72,47.16
6,12,8,inflection_or_zero,none,True,1.4,4.0,2.5,0.0,427,-5942.15,0.854,36.53,7107.87,-0.84,30.56,22,72,-18.39
6,12,8,inflection_or_zero,none,True,1.4,4.0,2.5,200.0,240,2317.08,1.126,39.58,2030.3,1.14,54.17,39,72,31.37
6,12,8,inflection_or_zero,none,True,1.4,4.0,2.5,250.0,260,3073.64,1.155,40.38,2383.21,1.29,52.78,38,72,38.38
6,12,8,inflection_or_zero,none,True,1.4,4.5,1.5,0.0,563,-7634.4,0.811,22.74,8824.19,-0.87,26.39,19,72,-17.39
6,12,8,inflection_or_zero,none,True,1.4,4.5,1.5,200.0,303,-384.44,0.979,23.43,4605.83,-0.08,45.83,33,72,-2.54
6,12,8,inflection_or_zero,none,True,1.4,4.5,1.5,250.0,329,-1032.89,0.949,23.1,5254.28,-0.2,43.06,31,72,-5.82
6,12,8,inflection_or_zero,none,True,1.4,4.5,2.0,0.0,530,-3671.87,0.918,30.75,5624.3,-0.65,37.5,27,72,-16.85
6,12,8,inflection_or_zero,none,True,1.4,4.5,2.0,200.0,275,5454.48,1.293,35.64,1237.96,4.41,59.72,43,72,119.71
6,12,8,inflection_or_zero,none,True,1.4,4.5,2.0,250.0,291,4791.3,1.237,35.05,2081.43,2.3,55.56,40,72,72.18
6,12,8,inflection_or_zero,none,True,1.4,4.5,2.5,0.0,417,-1444.02,0.964,36.45,4425.54,-0.33,37.5,27,72,-7.85
6,12,8,inflection_or_zero,none,True,1.4,4.5,2.5,200.0,212,3684.25,1.217,40.09,1251.29,2.94,55.56,40,72,70.42
6,12,8,inflection_or_zero,none,True,1.4,4.5,2.5,250.0,233,3073.04,1.163,38.63,1636.37,1.88,51.39,37,72,45.4
6,12,8,inflection_or_zero,none,True,1.4,5.0,1.5,0.0,532,-6590.64,0.828,21.24,9597.22,-0.69,22.22,16,72,-12.38
6,12,8,inflection_or_zero,none,True,1.4,5.0,1.5,200.0,262,857.49,1.053,24.05,2914.74,0.29,48.61,35,72,8.13
6,12,8,inflection_or_zero,none,True,1.4,5.0,1.5,250.0,324,-1573.79,0.924,21.6,4752.15,-0.33,38.89,28,72,-8.2
6,12,8,inflection_or_zero,none,True,1.4,5.0,2.0,0.0,498,-1164.85,0.972,29.52,4074.0,-0.29,36.11,26,72,-6.41
6,12,8,inflection_or_zero,none,True,1.4,5.0,2.0,200.0,226,4358.0,1.257,34.07,1580.45,2.76,56.94,41,72,78.46
6,12,8,inflection_or_zero,none,True,1.4,5.0,2.0,250.0,284,3699.92,1.176,32.04,1558.7,2.37,51.39,37,72,56.64
6,12,8,inflection_or_zero,none,True,1.4,5.0,2.5,0.0,427,1243.16,1.03,35.36,4028.75,0.31,37.5,27,72,7.57
6,12,8,inflection_or_zero,none,True,1.4,5.0,2.5,200.0,186,2151.87,1.132,36.56,1513.92,1.42,52.78,38,72,33.04
6,12,8,inflection_or_zero,none,True,1.4,5.0,2.5,250.0,235,2151.49,1.107,35.74,1903.45,1.13,48.61,35,72,26.54
6,12,8,inflection_or_zero,none,False,1.5,3.5,1.5,0.0,832,-6229.53,0.882,28.61,6506.19,-0.96,23.61,17,72,-16.08
6,12,8,inflection_or_zero,none,False,1.5,3.5,1.5,200.0,385,-2747.88,0.877,27.53,3771.84,-0.73,44.44,32,72,-17.44
6,12,8,inflection_or_zero,none,False,1.5,3.5,1.5,250.0,441,-1561.21,0.938,29.02,2877.92,-0.54,43.06,31,72,-11.75
6,12,8,inflection_or_zero,none,False,1.5,3.5,2.0,0.0,694,-6430.91,0.881,34.15,6715.21,-0.96,23.61,17,72,-16.32
6,12,8,inflection_or_zero,none,False,1.5,3.5,2.0,200.0,307,-951.56,0.955,35.18,3381.15,-0.28,48.61,35,72,-7.6
6,12,8,inflection_or_zero,none,False,1.5,3.5,2.0,250.0,365,-1418.67,0.943,34.52,2801.26,-0.51,43.06,31,72,-10.88
6,12,8,inflection_or_zero,none,False,1.5,3.5,2.5,0.0,652,3147.74,1.054,42.94,2792.79,1.13,36.11,26,72,22.67
6,12,8,inflection_or_zero,none,False,1.5,3.5,2.5,200.0,237,1000.21,1.053,44.3,2679.78,0.37,54.17,39,72,11.02
6,12,8,inflection_or_zero,none,False,1.5,3.5,2.5,250.0,272,192.55,1.009,42.65,3386.71,0.06,48.61,35,72,1.62
6,12,8,inflection_or_zero,none,False,1.5,4.0,1.5,0.0,723,-7459.27,0.84,25.31,7961.58,-0.94,25.0,18,72,-17.56
6,12,8,inflection_or_zero,none,False,1.5,4.0,1.5,200.0,361,-4002.2,0.821,24.93,5363.89,-0.75,41.67,30,72,-18.7
6,12,8,inflection_or_zero,none,False,1.5,4.0,1.5,250.0,414,-3074.48,0.88,26.09,4947.5,-0.62,40.28,29,72,-15.49
6,12,8,inflection_or_zero,none,False,1.5,4.0,2.0,0.0,655,-7415.09,0.861,30.99,7662.82,-0.97,22.22,16,72,-16.21
6,12,8,inflection_or_zero,none,False,1.5,4.0,2.0,200.0,268,-1187.73,0.94,32.84,4344.49,-0.27,47.22,34,72,-8.0
6,12,8,inflection_or_zero,none,False,1.5,4.0,2.0,250.0,312,-1729.32,0.924,32.37,4498.06,-0.38,43.06,31,72,-10.26
6,12,8,inflection_or_zero,none,False,1.5,4.0,2.5,0.0,549,-3691.4,0.93,38.07,6289.32,-0.59,26.39,19,72,-11.42
6,12,8,inflection_or_zero,none,False,1.5,4.0,2.5,200.0,217,240.51,1.013,40.55,3579.33,0.07,51.39,37,72,2.09
6,12,8,inflection_or_zero,none,False,1.5,4.0,2.5,250.0,244,145.07,1.007,40.57,4151.36,0.03,48.61,35,72,1.1
6,12,8,inflection_or_zero,none,False,1.5,4.5,1.5,0.0,666,-8367.66,0.809,22.52,9111.55,-0.92,20.83,15,72,-14.77
6,12,8,inflection_or_zero,none,False,1.5,4.5,1.5,200.0,313,-1587.22,0.92,25.24,3761.65,-0.42,45.83,33,72,-10.91
6,12,8,inflection_or_zero,none,False,1.5,4.5,1.5,250.0,392,-4824.03,0.809,22.45,5939.55,-0.81,36.11,26,72,-18.29
6,12,8,inflection_or_zero,none,False,1.5,4.5,2.0,0.0,581,-9109.27,0.819,28.06,9878.01,-0.92,20.83,15,72,-15.64
6,12,8,inflection_or_zero,none,False,1.5,4.5,2.0,200.0,227,-2320.34,0.872,28.19,4818.48,-0.48,44.44,32,72,-12.95
6,12,8,inflection_or_zero,none,False,1.5,4.5,2.0,250.0,286,-3605.64,0.844,28.67,6172.62,-0.58,38.89,28,72,-15.06
6,12,8,inflection_or_zero,none,False,1.5,4.5,2.5,0.0,512,-3016.06,0.941,35.74,6306.65,-0.48,29.17,21,72,-10.42
6,12,8,inflection_or_zero,none,False,1.5,4.5,2.5,200.0,205,-968.15,0.949,36.59,4416.69,-0.22,47.22,34,72,-6.53
6,12,8,inflection_or_zero,none,False,1.5,4.5,2.5,250.0,228,12.94,1.001,37.72,3572.04,0.0,47.22,34,72,0.1
6,12,8,inflection_or_zero,none,False,1.5,5.0,1.5,0.0,634,-6521.76,0.849,21.77,7536.89,-0.87,19.44,14,72,-12.4
6,12,8,inflection_or_zero,none,False,1.5,5.0,1.5,200.0,300,-500.24,0.974,23.67,2773.25,-0.18,45.83,33,72,-4.24
6,12,8,inflection_or_zero,none,False,1.5,5.0,1.5,250.0,329,-942.18,0.956,23.4,3039.65,-0.31,43.06,31,72,-7.03
6,12,8,inflection_or_zero,none,False,1.5,5.0,2.0,0.0,592,-2378.68,0.951,29.73,6069.14,-0.39,26.39,19,72,-7.66
6,12,8,inflection_or_zero,none,False,1.5,5.0,2.0,200.0,226,88.72,1.005,30.09,2749.73,0.03,48.61,35,72,0.83
6,12,8,inflection_or_zero,none,False,1.5,5.0,2.0,250.0,264,-782.13,0.962,29.55,3351.92,-0.23,44.44,32,72,-5.78
6,12,8,inflection_or_zero,none,False,1.5,5.0,2.5,0.0,485,-4646.8,0.906,33.2,6339.79,-0.73,23.61,17,72,-12.48
6,12,8,inflection_or_zero,none,False,1.5,5.0,2.5,200.0,208,974.88,1.052,35.58,2231.92,0.44,51.39,37,72,11.16
6,12,8,inflection_or_zero,none,False,1.5,5.0,2.5,250.0,230,-93.47,0.996,34.78,3291.39,-0.03,45.83,33,72,-0.74
