kc_multiplier,min_squeeze_bars,sl_atr_mult,tp_rr_mult,ema_filter,session_mode,total_trades,net_profit,gross_profit,gross_loss,profit_factor,win_rate,max_drawdown,romad,sharpe,avg_holding_bars
1.2,3,1.5,1.5,0,24h,592,-2086.298297118908,13015.328454589919,15101.626751708838,0.8618494330829066,37.83783783783784,3078.2803863522213,-0.6777479746057774,-0.6903843920405611,10.20777027027027
1.2,3,1.5,1.5,0,London_NY,388,-764.3464172361587,9782.52590942389,10546.872326660052,0.9275286176259031,39.94845360824742,2105.8104827879606,-0.36297018344414933,-0.2907544537713019,11.822164948453608
1.2,3,1.5,1.5,100,24h,387,-1927.895983886558,8306.945880127007,10234.841864013564,0.8116340233193854,36.950904392764855,2625.309124755655,-0.7343500868934788,-0.784517310686557,9.348837209302326
1.2,3,1.5,1.5,100,London_NY,269,-1103.2872985838549,6412.368896484424,7515.656195068277,0.853201467716442,39.03345724907063,1718.1355133055058,-0.642142188459425,-0.5131724110047654,10.431226765799256
1.2,3,1.5,1.5,200,24h,346,-1219.0145355223103,7627.340158081103,8846.354693603414,0.8622014854995865,37.283236994219656,2172.376699828922,-0.5611432564243161,-0.5210817432381304,9.193641618497109
1.2,3,1.5,1.5,200,London_NY,232,-486.3106872557364,5835.323223876997,6321.633911132733,0.9230719946627537,39.6551724137931,1211.8067291258449,-0.4013104363651652,-0.23664619017358676,10.491379310344827
1.2,3,1.5,2.0,0,24h,588,-1763.5821350095352,14767.622460937551,16531.204595947092,0.8933179899399519,32.142857142857146,2934.64091186494,-0.6009532981971527,-0.5054521184068034,12.559523809523808
1.2,3,1.5,2.0,0,London_NY,387,-396.9818908689922,11216.553320312525,11613.535211181517,0.9658173085412634,33.85012919896641,2131.7308959959973,-0.18622514296463882,-0.12983588029103252,14.638242894056848
1.2,3,1.5,2.0,100,24h,384,-1678.8099426268059,9454.627734375032,11133.437677001853,0.8492101010189593,32.03125,2506.3953186033195,-0.6698105163882596,-0.5968087043263932,11.71875
1.2,3,1.5,2.0,100,London_NY,268,-664.2372558592729,7479.809301757827,8144.046557617101,0.9184389171697435,33.95522388059702,1519.8799194334697,-0.4370327203920591,-0.2674106323768746,13.350746268656716
1.2,3,1.5,2.0,200,24h,343,-685.8264892576676,8874.789379882848,9560.615869140518,0.9282654487279045,32.6530612244898,1888.3143493650896,-0.3631950842762297,-0.25264466394615265,11.329446064139942
1.2,3,1.5,2.0,200,London_NY,231,-30.135156249896227,6842.486657714862,6872.62181396476,0.995615187760126,34.1991341991342,1106.2843994139548,-0.027239972167970625,-0.012530978919481623,13.155844155844155
1.2,3,1.5,3.0,0,24h,573,711.2949096682155,18234.18084106451,17522.885931396297,1.0405923380687974,26.00349040139616,2412.4429870603744,0.29484423610563626,0.16074093115416202,17.301919720767888
1.2,3,1.5,3.0,0,London_NY,379,840.4725280763523,13426.636651611372,12586.16412353502,1.0667774962909264,26.12137203166227,2167.6199768065217,0.38773979621399823,0.21882858389415047,20.13720316622691
1.2,3,1.5,3.0,100,24h,378,123.18889160171238,11954.952081298865,11831.763189697169,1.010411710378802,26.19047619047619,1695.7664062499498,0.07264496521908029,0.034333995512271384,16.447089947089946
1.2,3,1.5,3.0,100,London_NY,265,632.3625793458268,9379.409228515657,8747.04664916983,1.0722944102974281,27.547169811320753,1076.0454284667248,0.5876727530424908,0.20118100109488235,18.818867924528302
1.2,3,1.5,3.0,200,24h,341,799.2235473634264,11175.034790039097,10375.811242675674,1.0770275719816702,26.392961876832846,1416.9478576659658,0.5640458419408098,0.2297642838436814,15.52492668621701
1.2,3,1.5,3.0,200,London_NY,231,911.3877624512861,8487.252178955103,7575.8644165038195,1.1203014880342697,26.83982683982684,1148.471154785113,0.7935660888425301,0.2976974354556408,17.861471861471863
1.2,3,1.5,4.0,0,24h,562,-349.4787780759498,18282.470190429733,18631.948968505676,0.9812430369648028,20.640569395017792,2751.069628906076,-0.12703378148044733,-0.07192415567066263,21.3932384341637
1.2,3,1.5,4.0,0,London_NY,372,-441.3652221678035,13089.111572265654,13530.476794433458,0.9673799209833178,20.161290322580644,2664.2282104490896,-0.16566344445898865,-0.105831664119971,24.983870967741936
1.2,3,1.5,4.0,100,24h,372,-1150.6653015135134,11561.50622558597,12712.171527099508,0.9094831831791621,20.161290322580644,2072.9021606444267,-0.5550987033347454,-0.2955315331793329,19.946236559139788
1.2,3,1.5,4.0,100,London_NY,263,-476.0759704588577,9096.818847656285,9572.894818115145,0.9502683378952452,20.91254752851711,1774.1666625975577,-0.2683377951436844,-0.13850015236561605,22.874524714828897
1.2,3,1.5,4.0,200,24h,337,283.6405456544435,11454.102856445337,11170.462310790903,1.0253920149196003,21.364985163204746,1607.7113342283628,0.17642504572537557,0.07326548809581765,19.083086053412465
1.2,3,1.5,4.0,200,London_NY,230,76.25259399425886,8392.207910156278,8315.955316162019,1.0091694328667282,21.304347826086957,1271.6431823729945,0.05996382873060745,0.022959716877587955,21.956521739130434
1.2,3,2.0,1.5,0,24h,563,-2091.9968994138253,16701.844116211,18793.84101562483,0.8886871024568855,37.300177619893425,3563.0073974606466,-0.5871435745277404,-0.5304319068470017,17.03019538188277
1.2,3,2.0,1.5,0,London_NY,377,311.25654296889707,13266.270532226596,12955.013989257704,1.024025951899935,40.84880636604775,2178.2522949217873,0.1428927878072421,0.08946311955151953,20.384615384615383
1.2,3,2.0,1.5,100,24h,367,-1228.0856201170172,11207.152441406293,12435.238061523314,0.901241486971052,38.41961852861036,2707.71561279276,-0.4535504446312069,-0.3774660779518214,16.852861035422343
1.2,3,2.0,1.5,100,London_NY,262,33.966809082141936,9116.819909667991,9082.853100585851,1.003739662934761,41.603053435114504,1383.0010742186278,0.02456021887136466,0.011723332252286563,19.583969465648853
1.2,3,2.0,1.5,200,24h,335,-314.3032836912539,10550.379577636766,10864.682861328025,0.9710711037125624,38.80597014925373,2315.0307006834582,-0.13576635661827866,-0.1005902588462511,16.16417910447761
1.2,3,2.0,1.5,200,London_NY,228,558.5783569336877,8274.19234619143,7715.613989257743,1.0723958401381124,41.228070175438596,1187.200329589754,0.47050050695884554,0.20112442462443575,19.048245614035086
1.2,3,2.0,2.0,0,24h,550,-1067.4404296872558,19001.12001953132,20068.560449218567,0.9468103139540929,31.636363636363637,2796.580981445206,-0.3816948040373314,-0.23204125660164,21.283636363636365
1.2,3,2.0,2.0,0,London_NY,372,859.6687744142218,15033.991406250041,14174.322631835817,1.0606497253338505,34.13978494623656,2425.9272705077346,0.35436708464648137,0.21113031545668529,25.311827956989248
1.2,3,2.0,2.0,100,24h,362,-171.26628417952134,13134.103515625027,13305.369799804554,0.9871280327599732,33.149171270718234,1988.5365234373294,-0.08612679835695206,-0.044659463954694445,20.941988950276244
1.2,3,2.0,2.0,100,London_NY,260,866.9249267579266,10699.668847656272,9832.743920898345,1.0881671417187404,36.15384615384615,1066.988696289036,0.8124968237930478,0.2538147511834501,24.273076923076925
1.2,3,2.0,2.0,200,24h,333,326.2894775392101,12214.603613281279,11888.314135742077,1.0274462361789563,33.333333333333336,2196.227661132669,0.14856814860938944,0.08840175424295166,19.88888888888889
1.2,3,2.0,2.0,200,London_NY,227,795.1242187500907,9415.348779296888,8620.224560546802,1.0922393857799513,34.801762114537446,1225.641674804645,0.6487411737829701,0.24249255487866447,23.370044052863438
1.2,3,2.0,3.0,0,24h,523,-1389.8651855466528,20227.043017578173,21616.908203124818,0.9357047190797741,24.47418738049713,3302.8905029295365,-0.42080268307832064,-0.25959756436209586,29.8565965583174
1.2,3,2.0,3.0,0,London_NY,353,-453.72517089827625,15295.83461914066,15749.559790038931,0.9711912474413896,25.21246458923513,2912.861230468654,-0.15576614709698197,-0.09686802677794339,36.01983002832861
1.2,3,2.0,3.0,100,24h,350,-689.5804443357633,14013.677001953161,14703.257446288926,0.9531001584611569,25.714285714285715,2009.3461914062045,-0.3431864789079342,-0.15483369319047272,28.86
1.2,3,2.0,3.0,100,London_NY,254,50.34926757825815,11280.74050292972,11230.39123535147,1.0044833048576045,27.165354330708663,1587.1058349608957,0.03172395089801853,0.012687412514502882,33.69291338582677
1.2,3,2.0,3.0,200,24h,324,578.4483886720272,13734.851757812528,13156.403369140513,1.0439670609392242,26.85185185185185,2171.343408202996,0.26640115353782345,0.13188954667840513,27.200617283950617
1.2,3,2.0,3.0,200,London_NY,224,385.5656982422988,10238.528540039091,9852.962841796796,1.039131954969596,27.232142857142858,1459.2365722655777,0.26422425641626995,0.10122773711650769,31.924107142857142
1.2,3,2.0,4.0,0,24h,508,21.325488281454454,22151.254199218794,22129.92871093734,1.000963649208274,21.25984251968504,3647.7985107421046,0.00584612560662404,0.0034385039577743293,37.724409448818896
1.2,3,2.0,4.0,0,London_NY,340,946.4663085938832,16966.28710937502,16019.820800781128,1.0590809547974307,22.058823529411764,2647.930444335885,0.35743624256386464,0.1736247838132749,46.502941176470586
1.2,3,2.0,4.0,100,24h,348,734.2166015626685,16054.784472656283,15320.567871093614,1.0479235892390104,22.413793103448278,2337.6068115233993,0.31408900673256746,0.13855505095428913,35.10344827586207
1.2,3,2.0,4.0,100,London_NY,252,1458.2245605469893,13126.106445312515,11667.881884765533,1.1249776587514955,23.80952380952381,1623.7559814452816,0.8980564673572717,0.3076814330078274,41.48412698412698
1.2,3,2.0,4.0,200,24h,321,1262.5857910157697,15141.319140625026,13878.733349609265,1.090972696081902,22.741433021806852,1864.2551025389403,0.6772602039797271,0.2447797383415513,33.573208722741434
1.2,3,2.0,4.0,200,London_NY,222,1496.1223876954045,11774.90546875001,10278.78308105461,1.145554427591043,23.423423423423422,1804.4444091796613,0.8291318813060988,0.328499441615909,39.72522522522522
1.2,3,2.5,1.5,0,24h,537,-1392.8182861325922,20542.86616821307,21935.684454345414,0.9365044528685117,38.733705772811916,2785.2996856686177,-0.5000604758256895,-0.2879948024283832,24.385474860335194
1.2,3,2.5,1.5,0,London_NY,362,874.307415771641,16261.866760254019,15387.559344482248,1.0568191092686368,41.43646408839779,2393.468762206787,0.3652888350067817,0.20428838361588844,29.16574585635359
1.2,3,2.5,1.5,100,24h,355,-731.2783508299299,13993.97851562508,14725.256866454913,0.9503384995275884,39.436619718309856,2375.041012572825,-0.3079013570539372,-0.18170610304142484,24.445070422535213
1.2,3,2.5,1.5,100,London_NY,255,396.68460083019,11337.482434082081,10940.797833251865,1.0362573741765515,41.96078431372549,1338.2235748289968,0.29642625364814684,0.11024597031107179,28.070588235294117
1.2,3,2.5,1.5,200,24h,325,-614.6829223631448,12730.213244628969,13344.89616699205,0.9539387257367,39.38461538461539,2552.5383209224337,-0.24081241692818595,-0.1595945085916949,23.29230769230769
1.2,3,2.5,1.5,200,London_NY,222,271.9190948487267,9883.540945434605,9611.621850585867,1.028290656777364,40.990990990990994,1450.584353637394,0.18745486545948153,0.07949420477886437,27.126126126126128
1.2,3,2.5,2.0,0,24h,513,-249.76319580057407,22810.954028320462,23060.717224120788,0.9891693222993481,33.72319688109162,3442.3222534175584,-0.07255659912508414,-0.045157033934413914,31.257309941520464
1.2,3,2.5,2.0,0,London_NY,348,1201.4037048341334,17839.420544433684,16638.01683959941,1.072208347690505,35.05747126436781,3365.9150146482134,0.35693227535624433,0.2436956362533891,37.456896551724135
1.2,3,2.5,2.0,100,24h,343,-848.3015258787646,15055.937463378978,15904.238989257623,0.9466619228715298,33.23615160349854,2814.0775329585476,-0.3014492372521494,-0.18649726798109703,31.778425655976676
1.2,3,2.5,2.0,100,London_NY,249,-61.601843261610156,12104.591406250038,12166.193249511609,0.9949366377799364,34.53815261044177,2343.058709716628,-0.02629120773036897,-0.01503668305784722,36.81124497991968
1.2,3,2.5,2.0,200,24h,319,678.7562500001332,14948.537658691468,14269.781408691251,1.0475659879125274,34.48275862068966,2045.602856444959,0.33181232997481225,0.14989552405909856,28.949843260188086
1.2,3,2.5,2.0,200,London_NY,220,1143.386505127046,11566.592919921906,10423.20641479484,1.1096962354601485,35.90909090909091,1769.5333129881037,0.6461514438494963,0.2847860350693031,33.590909090909086
1.2,3,2.5,3.0,0,24h,486,-1763.7888732908232,23324.82988891613,25088.618762206715,0.9296976493601337,25.51440329218107,5072.296508788775,-0.34772984391482314,-0.27750730279076424,45.58847736625515
1.2,3,2.5,3.0,0,London_NY,330,-948.5223083494702,17618.197869873118,18566.72017822246,0.9489127697706192,25.454545454545453,4521.255718993951,-0.20979178513718996,-0.1696287617220477,56.087878787878786
1.2,3,2.5,3.0,100,24h,334,95.50301513685554,17315.96930541999,17220.466290283017,1.0055459018081794,27.24550898203593,2037.1715332030217,0.04688020305619391,0.017480002316929723,42.52994011976048
1.2,3,2.5,3.0,100,London_NY,245,-149.2991943358311,13473.934240722701,13623.233435058468,0.9890408400437773,26.93877551020408,2209.4209716795467,-0.06757390114856092,-0.030767991967539935,49.906122448979595
1.2,3,2.5,3.0,200,24h,309,652.7338500977839,16403.21844482428,15750.48459472639,1.0414421439653,27.508090614886733,2166.302429198877,0.3013124304805273,0.12196623236043583,39.919093851132686
1.2,3,2.5,3.0,200,London_NY,215,641.9255981446213,12458.9478393555,11817.022241210849,1.0543221113611847,27.441860465116278,1651.0751342772346,0.38879248122504556,0.13640848978541517,47.09767441860465
1.2,3,2.5,4.0,0,24h,469,-980.8046020505981,24846.104125976657,25826.908728027018,0.9620239258062656,21.321961620469082,6106.389758300498,-0.16061939065015907,-0.1344594003639458,55.7547974413646
1.2,3,2.5,4.0,0,London_NY,315,-167.75061035143153,18860.683789062554,19028.434399413854,0.9911842137492685,21.26984126984127,4946.36408691388,-0.03391392291465831,-0.026181442095661648,69.19365079365079
1.2,3,2.5,4.0,100,24h,328,943.7647277833366,18996.080957031307,18052.316229247845,1.052279425853088,22.5609756097561,2676.529394531077,0.3526076454500073,0.14763474924414333,53.5579268292683
1.2,3,2.5,4.0,100,London_NY,240,1092.1126708985412,15231.83398437504,14139.721313476428,1.077237213286356,22.916666666666668,2623.1383483885384,0.41633818954667573,0.19179817855314998,62.387499999999996
1.2,3,2.5,4.0,200,24h,304,1769.9416137696562,18275.9272460938,16505.98563232403,1.107230289253594,23.026315789473685,2107.8457214354494,0.839692201269987,0.2803442893053368,47.5953947368421
1.2,3,2.5,4.0,200,London_NY,212,2072.8093078614165,14374.33288574222,12301.523577880762,1.1685002101356416,23.58490566037736,1851.9427490233647,1.1192620878558623,0.371239832500745,55.4622641509434
1.2,3,3.0,1.5,0,24h,512,-164.01918334941456,24587.930401611404,24751.94958496083,0.9933734842669087,40.4296875,3196.9276000975296,-0.05130525425236742,-0.0283848781702459,32.96484375
1.2,3,3.0,1.5,0,London_NY,351,1869.439733886877,19606.44237060553,17737.00263671866,1.1053977254317373,42.16524216524216,3026.130871581934,0.6177656595894719,0.3631337615456472,39.31623931623932
1.2,3,3.0,1.5,100,24h,344,542.2005554200337,17170.737042236367,16628.536486816345,1.0326066311277542,41.27906976744186,2077.939471435402,0.26093183313250773,0.11199054625123626,33.03488372093023
1.2,3,3.0,1.5,100,London_NY,250,1361.083374023542,13960.692761230504,12599.609387206972,1.1080258389125546,42.8,1659.4827819823531,0.8201852943587913,0.3121981977845626,38.292
1.2,3,3.0,1.5,200,24h,317,375.2433593751198,15617.477563476601,15242.234204101494,1.0246186585477168,40.694006309148264,2737.6670410154848,0.13706683601521188,0.08074459898354876,31.410094637223974
1.2,3,3.0,1.5,200,London_NY,220,1196.947631836033,12345.14204101566,11148.194409179629,1.1073669500103482,41.81818181818182,1891.830163574161,0.632692963080093,0.28731835427091984,36.56363636363636
1.2,3,3.0,2.0,0,24h,488,-2694.7286499021493,24325.055004882888,27019.783654785046,0.9002683113850567,33.19672131147541,5149.046936035054,-0.5233451322891192,-0.43163559265583423,41.625
1.2,3,3.0,2.0,0,London_NY,333,-1343.2310913084393,18668.11420898443,20011.345300292873,0.932876522235175,33.633633633633636,4560.158117675675,-0.2945580080001892,-0.2423284784490164,49.95495495495496
1.2,3,3.0,2.0,100,24h,332,-1268.1241333006528,17212.42531738287,18480.549450683524,0.9313806044195427,34.33734939759036,2781.0444213866112,-0.4559884493568694,-0.2414340900445836,40.153614457831324
1.2,3,3.0,2.0,100,London_NY,243,-651.0265014647302,13894.150292968794,14545.176794433533,0.9552410733354655,34.5679012345679,2783.1352294921344,-0.233918386201999,-0.13626127076123895,46.46913580246914
1.2,3,3.0,2.0,200,24h,308,-160.7588012694032,16604.352343750048,16765.11114501946,0.9904111103183967,35.064935064935064,2790.8790405272057,-0.05760149362798445,-0.031166737105143887,38.31493506493507
1.2,3,3.0,2.0,200,London_NY,214,245.01546630869825,12855.329443359415,12610.313977050722,1.0194297673122645,35.51401869158879,1996.5326293944763,0.12272049186744742,0.05324611109483114,44.70093457943925
1.2,3,3.0,3.0,0,24h,459,-3211.906286620915,25453.20782470709,28665.11411132798,0.8879506889752238,25.054466230936818,7457.909497070237,-0.43067112679265945,-0.4385748968024288,59.05228758169935
1.2,3,3.0,3.0,0,London_NY,314,-1193.2847045897165,20097.076696777367,21290.36140136709,0.9439518812248486,25.796178343949045,5545.626257324155,-0.21517582491494724,-0.18218277582742606,72.48089171974523
1.2,3,3.0,3.0,100,24h,324,-672.1103881834847,19524.294445800813,20196.404833984285,0.9667212856095795,26.85185185185185,3509.7143066405497,-0.19150002805408384,-0.10540220582791768,56.25925925925926
1.2,3,3.0,3.0,100,London_NY,239,-75.78763427725562,15913.88507080079,15989.67270507805,0.9952602135343777,27.196652719665273,3314.1578124999396,-0.02286784111227564,-0.013123416968806598,65.5481171548117
1.2,3,3.0,3.0,200,24h,300,-649.9465332030127,18061.350061035177,18711.296594238185,0.9652644844824304,26.333333333333332,2913.580493163924,-0.22307485059292828,-0.1044483850262952,51.970000000000006
1.2,3,3.0,3.0,200,London_NY,211,688.455541992264,14701.595202636718,14013.139660644461,1.0491292857036005,27.488151658767773,2345.706530761676,0.2934960247430079,0.12274151791020017,60.42654028436019
1.2,3,3.0,4.0,0,24h,447,-2213.422412109211,27447.182910156287,29660.60532226548,0.9253750087680229,20.80536912751678,7957.638964843698,-0.278150645171006,-0.26321244561461016,69.85011185682326
1.2,3,3.0,4.0,0,London_NY,304,-2255.925817870964,20127.107666015632,22383.033483886604,0.8992126862744052,19.736842105263158,6652.394409179592,-0.3391148628767452,-0.3079290102828271,87.87171052631578
1.2,3,3.0,4.0,100,24h,317,33.158520507913636,21123.513818359384,21090.35529785147,1.0015722125132378,21.766561514195583,3831.5994384764836,0.008653963192221913,0.004465873449772276,67.24921135646687
1.2,3,3.0,4.0,100,London_NY,233,229.05223388681407,16964.006347656257,16734.954113769447,1.013687054791405,21.459227467811157,3428.4362548827303,0.06680953556030132,0.03429906888758299,78.931330472103
1.2,3,3.0,4.0,200,24h,295,-73.65515136707472,19611.331591796883,19684.986743163965,0.9962583083073367,21.35593220338983,3135.2015869139277,-0.023492955500694194,-0.010131518088097749,61.32881355932203
1.2,3,3.0,4.0,200,London_NY,208,1145.3625976563399,15983.223242187507,14837.860644531174,1.0771918961294789,22.115384615384617,2261.1095458983345,0.506548919637279,0.1750601197307875,71.61057692307693
1.2,5,1.5,1.5,0,24h,359,-1766.3878387449654,7384.252267456098,9150.640106201065,0.8069656528675029,35.93314763231198,2631.2194396970663,-0.6713190895808867,-0.77998531897779,11.440111420612814
1.2,5,1.5,1.5,0,London_NY,226,-1083.5725036620124,5328.329187011755,6411.901690673767,0.8310060640452287,37.16814159292036,1859.3951690672766,-0.582755361360631,-0.5501880262001537,13.920353982300885
1.2,5,1.5,1.5,100,24h,239,-850.6524414061482,5203.758569335969,6054.411010742117,0.8594987291254481,37.23849372384937,1911.7988067625738,-0.444948724937556,-0.44661771593449934,10.874476987447698
1.2,5,1.5,1.5,100,London_NY,160,-688.10716247551,3819.1600555420246,4507.267218017534,0.8473338435039214,38.125,1258.4354675292088,-0.546795747760136,-0.41409267889133244,12.568750000000001
1.2,5,1.5,1.5,200,24h,217,-1004.932513427625,4423.228448486363,5428.160961913989,0.814866854450594,36.40552995391705,1871.6800811766334,-0.536914680844321,-0.5778787858310424,10.382488479262673
1.2,5,1.5,1.5,200,London_NY,143,-754.5030334471835,3271.2107727051102,4025.7138061522937,0.8125790680166795,37.06293706293706,1346.377890014559,-0.5603946997666641,-0.4898062435592121,12.048951048951048
1.2,5,1.5,2.0,0,24h,357,-1491.7933532713255,8435.251159668009,9927.044512939328,0.8497243211383959,30.81232492997199,2663.6999633787254,-0.5600455658598595,-0.5688711137852293,13.99719887955182
1.2,5,1.5,2.0,0,London_NY,226,-759.8764587401456,6187.789697265644,6947.66615600579,0.8906285302607287,32.743362831858406,1789.0982360838752,-0.4247259560232005,-0.3343294091699747,16.986725663716815
1.2,5,1.5,2.0,100,24h,238,-363.890515136618,6154.275781250026,6518.166296386642,0.9441728703150241,33.19327731092437,1804.2052185057546,-0.20169020209241642,-0.16315532259099963,13.34033613445378
1.2,5,1.5,2.0,100,London_NY,160,-206.7955322264993,4600.896704101577,4807.6922363280755,0.9569865286584066,35.0,1144.3422729491976,-0.18071125843629465,-0.1072581939407885,15.55
1.2,5,1.5,2.0,200,24h,216,-263.57671508778367,5444.004895019557,5707.58161010734,0.9538198955191416,33.333333333333336,1597.583618163957,-0.16498461306876852,-0.128437524236786,12.800925925925926
1.2,5,1.5,2.0,200,London_NY,143,-241.20045166008367,4007.5359130859556,4248.73636474604,0.9432300733786523,34.26573426573427,1113.9480163573426,-0.21652756512715865,-0.13424383820034086,15.041958041958042
1.2,5,1.5,3.0,0,24h,350,-44.54165649398192,10437.962933349641,10482.504589843622,0.9957508574298993,24.857142857142858,1680.0180480955205,-0.026512605947581713,-0.013405338533650377,18.094285714285714
1.2,5,1.5,3.0,0,London_NY,220,-159.00482177724598,7276.3358764648665,7435.340698242111,0.9786149918032893,25.0,1350.648065185429,-0.11772483585901142,-0.05660135671204071,22.204545454545453
1.2,5,1.5,3.0,100,24h,236,706.8050292969679,7735.014788818376,7028.209759521406,1.1005668660272172,26.694915254237287,1405.777935790984,0.5027856899029166,0.24615549919384233,17.326271186440678
1.2,5,1.5,3.0,100,London_NY,158,349.6129638672528,5583.535540771497,5233.922576904245,1.0667975039237283,27.21518987341772,947.8487915038877,0.36884887864080673,0.14470616151719692,20.32278481012658
1.2,5,1.5,3.0,200,24h,216,392.92185058603764,6694.379431152361,6301.4575805663235,1.0623541213381817,25.925925925925927,1536.423461913957,0.25573799172304107,0.1492206792863959,16.939814814814813
1.2,5,1.5,3.0,200,London_NY,143,25.975512695379166,4768.14737548829,4742.171862792911,1.0054775561592744,25.174825174825173,1205.7485839842884,0.021543058843615147,0.011512740226677394,19.81118881118881
1.2,5,1.5,4.0,0,24h,346,-280.3557983396922,10858.848315429712,11139.20411376941,0.9748316131497092,19.653179190751445,2172.1920043943455,-0.12906584582418695,-0.07362988123137777,22.005780346820806
1.2,5,1.5,4.0,0,London_NY,217,-739.8629333495114,7206.599462890651,7946.462396240163,0.906894049646598,18.89400921658986,1996.6545776366074,-0.37055129196421627,-0.23688953718105452,26.792626728110598
1.2,5,1.5,4.0,100,24h,235,856.1615905762756,8372.365844726584,7516.204254150308,1.113908771186403,21.27659574468085,1645.7877990721463,0.5202138398759293,0.25183423909483904,21.01276595744681
1.2,5,1.5,4.0,100,London_NY,157,333.2437866211717,5928.340722656276,5595.096936035104,1.059559966597705,21.656050955414013,1184.268487548743,0.28139209151037703,0.11893886623416867,24.6687898089172
1.2,5,1.5,4.0,200,24h,215,1027.1151428223743,7636.377514648459,6609.262371826086,1.1554054121380855,21.86046511627907,1628.5653015135467,0.6306871096097896,0.3247225327505271,20.33953488372093
1.2,5,1.5,4.0,200,London_NY,142,569.5254638672691,5492.6819824219,4923.1565185546315,1.1156829895049676,21.830985915492956,1364.151074218662,0.4174944217182641,0.2113841935229875,23.795774647887324
1.2,5,2.0,1.5,0,24h,348,-2759.4750488279783,9195.431738281295,11954.906787109285,0.7691763643190032,34.770114942528735,3388.8708374021653,-0.8142756632599583,-0.9376670190081315,18.979885057471265
1.2,5,2.0,1.5,0,London_NY,224,-1210.9874023436623,7100.2903564453345,8311.277758789,0.8542958811522005,38.839285714285715,1984.4602416991265,-0.6102351545762366,-0.4663539345609101,23.794642857142854
1.2,5,2.0,1.5,100,24h,232,-571.54411621083,7012.094580078155,7583.638696288989,0.9246345799028485,39.224137931034484,1978.2946533202667,-0.2889074765741191,-0.22794262123293546,19.46551724137931
1.2,5,2.0,1.5,100,London_NY,158,-287.6333740233713,5343.526440429705,5631.159814453076,0.9489211133228497,42.40506329113924,1340.0544555663837,-0.21464304889147282,-0.13058379120713162,23.658227848101266
1.2,5,2.0,1.5,200,24h,212,-714.7708618163142,6088.768444824248,6803.539306640563,0.8949413195689682,38.679245283018865,1831.2198486327252,-0.3903249860195627,-0.30964116047315043,18.75943396226415
1.2,5,2.0,1.5,200,London_NY,141,-446.97860107415863,4575.810290527365,5022.7888916015245,0.9110098770383241,41.13475177304964,1146.0253173827587,-0.3900250668937649,-0.21858137506012879,22.9645390070922
1.2,5,2.0,2.0,0,24h,343,-2685.3841064451603,10160.943017578169,12846.327124023343,0.7909609431147556,28.862973760932945,3139.5515380857632,-0.855340029895634,-0.7997231305182382,23.332361516034986
1.2,5,2.0,2.0,0,London_NY,221,-1575.6270996092803,7566.790185546906,9142.417285156187,0.8276574946794979,31.221719457013574,2094.86186523427,-0.7521389003055228,-0.5400413791089977,29.592760180995477
1.2,5,2.0,2.0,100,24h,230,-419.3636474608252,7897.806738281277,8317.170385742107,0.9495785672276555,33.04347826086956,1816.198681640506,-0.23090185655350728,-0.144067933960439,23.882608695652173
1.2,5,2.0,2.0,100,London_NY,157,-445.38969726555706,5837.6508789062655,6283.040576171824,0.9291123952064418,35.031847133757964,1203.5786865234168,-0.3700544902071025,-0.17784873706614612,29.02547770700637
1.2,5,2.0,2.0,200,24h,212,-799.3627197264732,6780.548144531269,7579.910864257743,0.8945419367006302,32.075471698113205,2152.258203124902,-0.3714065155220987,-0.2992719941062044,23.080188679245282
1.2,5,2.0,2.0,200,London_NY,141,-837.9977050780758,4880.732031250006,5718.729736328082,0.8534643629415257,32.6241134751773,1553.6638916015,-0.5393687203570631,-0.36117465066375565,28.25531914893617
1.2,5,2.0,3.0,0,24h,331,-2580.3469482420473,11134.120190429714,13714.467138671773,0.8118521906719912,21.75226586102719,3285.853295898305,-0.785289760642408,-0.6381595833611107,31.308157099697887
1.2,5,2.0,3.0,0,London_NY,212,-2182.475756835838,7755.490576171901,9937.96633300774,0.780390103598257,21.69811320754717,2957.5075195311492,-0.7379442799123715,-0.6423927747529857,40.02830188679245
1.2,5,2.0,3.0,100,24h,226,463.32639160167446,9472.79580078127,9009.469409179597,1.0514266013412064,26.106194690265486,1713.2774169920813,0.27043278981352264,0.12578727595017292,31.221238938053098
1.2,5,2.0,3.0,100,London_NY,154,-99.50742187491642,6758.071630859399,6857.579052734318,0.9854894240212598,26.623376623376622,1302.2619873046115,-0.0764112159035482,-0.032335387878395884,38.20779220779221
1.2,5,2.0,3.0,200,24h,209,174.53664550791245,8304.496972656274,8129.960327148362,1.0214683268410403,25.83732057416268,2249.91784667959,0.07757467490001564,0.051478591849559684,29.60287081339713
1.2,5,2.0,3.0,200,London_NY,139,-133.12656249992642,5967.502172851587,6100.6287353515145,0.9781782225611444,25.899280575539567,1728.1606445311918,-0.07703367329953312,-0.045828907067357094,36.31654676258993
1.2,5,2.0,4.0,0,24h,328,-818.4829833982985,13191.594042968776,14010.077026367084,0.9415789804825544,19.20731707317073,2474.3291259764264,-0.33078985928167765,-0.16687484450154305,38.1829268292683
1.2,5,2.0,4.0,0,London_NY,209,-965.5895751952266,9137.066894531261,10102.65646972649,0.9044222103276793,19.138755980861244,2147.672900390545,-0.44959806263776875,-0.2373127968344438,49.70334928229665
1.2,5,2.0,4.0,100,24h,226,1933.4717773438638,11314.021191406273,9380.54941406241,1.2061149823959554,23.008849557522122,1532.0697998046562,1.2619997976530752,0.4279971401795859,37.27433628318584
1.2,5,2.0,4.0,100,London_NY,154,898.6289306641356,8030.788183593762,7132.1592529296295,1.1259967562130653,23.376623376623378,1211.3011962890432,0.7418707530523259,0.24170067235179088,45.909090909090914
1.2,5,2.0,4.0,200,24h,209,1051.032739257903,9594.983007812512,8543.950268554614,1.1230148474911128,22.00956937799043,1732.1405029296038,0.6067826123113398,0.25524516174131534,35.28708133971292
1.2,5,2.0,4.0,200,London_NY,139,596.3199707031845,6971.52890625001,6375.208935546826,1.0935373219500664,22.302158273381295,1527.6126953124513,0.39036070630534775,0.1702524297256355,43.223021582733814
1.2,5,2.5,1.5,0,24h,339,-3312.3378356932108,11115.96160278326,14428.299438476392,0.7704277035684456,35.10324483775811,3619.5363250729024,-0.9151276678032775,-0.919507697859824,26.728613569321535
1.2,5,2.5,1.5,0,London_NY,218,-1683.5756500243178,8450.221261596713,10133.796911621019,0.8338652664241128,38.53211009174312,2184.979348754593,-0.7705224541293408,-0.5315700105271607,33.68348623853211
1.2,5,2.5,1.5,100,24h,229,-936.8219207762695,8488.930117797881,9425.752038574145,0.900610379209808,38.427947598253276,2151.072561645251,-0.435513862935307,-0.3022095807854582,27.449781659388645
1.2,5,2.5,1.5,100,London_NY,156,-703.5801635741518,6368.571435546896,7072.151599121048,0.9005139873328514,41.02564102564103,1387.513775634572,-0.5070797680926614,-0.2592102022518125,33.12179487179487
1.2,5,2.5,1.5,200,24h,210,-1069.8362121581113,7422.690002441432,8492.526214599542,0.8740261513330451,38.095238095238095,2380.03894653297,-0.4495036577937323,-0.3736098262396864,26.823809523809526
1.2,5,2.5,1.5,200,London_NY,140,-794.4508972167387,5532.823797607439,6327.2746948241775,0.8744402708062267,40.0,1649.7044311521531,-0.48157165745253794,-0.31354782834535233,32.81428571428572
1.2,5,2.5,2.0,0,24h,332,-1581.110095214699,13377.42635498053,14958.536450195126,0.8943004818366457,31.325301204819276,2528.802221679318,-0.6252407094789411,-0.37454361726986574,31.30120481927711
1.2,5,2.5,2.0,0,London_NY,214,-764.2822631834997,9919.013769531279,10683.29603271476,0.9284600687987051,33.177570093457945,1943.76016845688,-0.3931978212056126,-0.20824304573780708,39.63084112149532
1.2,5,2.5,2.0,100,24h,225,117.5964355469705,10096.259765625025,9978.663330078041,1.0117847883686506,33.333333333333336,2187.209240722401,0.05376551696907162,0.032156939339225185,32.684444444444445
1.2,5,2.5,2.0,100,London_NY,154,-231.87341918938728,7376.389392089859,7608.262811279246,0.9695234740254194,34.41558441558441,1470.1550231931687,-0.15772038698732563,-0.07372345470081855,39.714285714285715
1.2,5,2.5,2.0,200,24h,208,-162.7209899901436,8862.09090576174,9024.811895751876,0.9819695976082634,33.17307692307692,2474.3172302243756,-0.06576399663004721,-0.048245135885480746,31.543269230769234
1.2,5,2.5,2.0,200,London_NY,139,-182.90439453119234,6564.6686279297,6747.573022460892,0.972893306389964,34.53237410071942,1548.1986389158556,-0.11814013391671324,-0.062015506199725276,38.84892086330935
1.2,5,2.5,3.0,0,24h,322,-1247.8797180174388,14822.18117065435,16070.06088867167,0.9223475426345775,24.22360248447205,2505.3199340819374,-0.49809196064801936,-0.24411951896377748,43.63354037267081
1.2,5,2.5,3.0,0,London_NY,206,-1288.5612426756916,10403.93524169924,11692.496484374902,0.8897958836765432,24.271844660194176,2794.0437438963672,-0.4611814848964244,-0.29833748302375745,56.446601941747566
1.2,5,2.5,3.0,100,24h,222,1612.351300048922,12360.839855957058,10748.48855590811,1.1500072583844998,27.92792792792793,1483.2740295409458,1.0870218637536073,0.3472742770358201,42.207207207207205
1.2,5,2.5,3.0,100,London_NY,153,312.1091491699872,8707.347454833998,8395.238305664012,1.0371769255149572,27.45098039215686,1308.7893188475864,0.23847165061280082,0.08021690246665049,51.35947712418301
1.2,5,2.5,3.0,200,24h,206,914.3826354981366,10709.683691406268,9795.30105590812,1.093349109974178,27.184466019417474,2052.596447753669,0.4454760878587816,0.21415412450251647,40.61650485436893
1.2,5,2.5,3.0,200,London_NY,138,425.713641357479,7837.600695800793,7411.887054443314,1.0574366066604146,27.536231884057973,1352.4002746580445,0.3147837584291537,0.11548078629760557,49.833333333333336
1.2,5,2.5,4.0,0,24h,314,709.7227111817756,17074.358105468797,16364.635394286901,1.0433692956843799,21.337579617834393,2337.0636779783745,0.30368137499604014,0.11564862725360142,54.840764331210195
1.2,5,2.5,4.0,0,London_NY,201,452.3367065430557,12304.582666015645,11852.245959472557,1.0381646405322504,21.890547263681594,2132.461157226451,0.2121195525696607,0.08741320391835371,70.27363184079601
1.2,5,2.5,4.0,100,24h,219,3531.849664306733,14615.824487304713,11083.974822997947,1.3186446848452409,24.65753424657534,1583.6514404296322,2.230193825573492,0.6217844562861936,54.93150684931506
1.2,5,2.5,4.0,100,London_NY,151,2084.8463195801423,10622.43376464845,8537.587445068308,1.2441961892623943,25.165562913907284,1117.364324951137,1.8658608235691738,0.4410399898142999,65.33774834437087
1.2,5,2.5,4.0,200,24h,204,2826.408441162198,12917.233276367208,10090.824835204989,1.2800968689201115,24.50980392156863,1468.049218749933,1.9252817991817257,0.5388582790428988,48.504901960784316
1.2,5,2.5,4.0,200,London_NY,137,2238.388684082088,9798.787597656261,7560.398913574172,1.29606753686809,25.547445255474454,1049.6942565917489,2.132419673658032,0.4935844065267873,57.78102189781022
1.2,5,3.0,1.5,0,24h,329,-1896.674810790871,14140.383807373095,16037.058618163986,0.8817317529386175,38.90577507598784,2803.6952880858335,-0.6764910647924895,-0.43459249773390096,35.58966565349544
1.2,5,3.0,1.5,0,London_NY,213,-776.7561767577149,10727.20850830082,11503.964685058536,0.9324792627565544,40.84507042253521,2360.583184814377,-0.32905266027250574,-0.20087568361619132,45.12206572769953
1.2,5,3.0,1.5,100,24h,223,-351.6893432616416,10421.986267089873,10773.675610351518,0.9673566054909118,40.35874439461883,2143.554144287019,-0.1640683274546439,-0.0939131261521534,35.95067264573991
1.2,5,3.0,1.5,100,London_NY,153,-542.8487365722049,7774.640277099633,8317.489013671835,0.9347340602819075,41.1764705882353,1448.2634033202794,-0.37482735207398965,-0.1639097349360382,43.88888888888889
1.2,5,3.0,1.5,200,24h,206,-916.7069030760808,8969.137908935576,9885.844812011657,0.9072707572789076,38.83495145631068,2821.234216308496,-0.3249311587733278,-0.26485903058882243,35.9757281553398
1.2,5,3.0,1.5,200,London_NY,138,-725.4838073729888,6766.783111572283,7492.266918945272,0.9031689854056723,39.85507246376812,1950.444372558557,-0.37195821505091814,-0.2338615179113083,44.65217391304348
1.2,5,3.0,2.0,0,24h,320,-2079.348876952988,15146.505151367226,17225.854028320224,0.8792890690043909,32.5,3312.5952148436463,-0.6277099198946747,-0.4245851148313868,43.109375
1.2,5,3.0,2.0,0,London_NY,206,-1654.3775268553713,10957.800708007844,12612.17823486322,0.8688269784927188,33.00970873786408,3196.840979003833,-0.5175038538735485,-0.3882839374153804,54.42718446601941
1.2,5,3.0,2.0,100,24h,220,171.89721679695595,11784.782812500027,11612.885595703076,1.014802282807346,34.54545454545455,2274.3496826171086,0.07558082123904215,0.03975157537519511,41.56818181818181
1.2,5,3.0,2.0,100,London_NY,151,-177.51229248039863,8826.65080566409,9004.163098144489,0.9802855311986765,35.09933774834437,1779.5599731444963,-0.09975066598443043,-0.04671292817665569,50.21854304635762
1.2,5,3.0,2.0,200,24h,203,119.00175781259122,10496.077148437525,10377.07539062494,1.011467754963031,34.48275862068966,2763.335083007715,0.043064541301688734,0.029666840013350588,40.758620689655174
1.2,5,3.0,2.0,200,London_NY,136,302.37180175788126,8133.333398437528,7830.9615966796455,1.0386123463925667,36.029411764705884,2179.5598388671533,0.13873067229713767,0.08381636553139203,50.13970588235294
1.2,5,3.0,3.0,0,24h,308,-676.3769042967419,17559.53621826174,18235.913122558493,0.9629096223615997,25.649350649350648,2883.5525634764435,-0.23456375058455473,-0.11127865737646787,59.41558441558442
1.2,5,3.0,3.0,0,London_NY,198,-601.5362670897662,12759.231640625008,13360.767907714779,0.9549774181211222,26.262626262626263,2805.587194824151,-0.2144065485469502,-0.11512301680927069,75.91414141414143
1.2,5,3.0,3.0,100,24h,217,2166.925488281331,14650.800061035174,12483.87457275384,1.1735779605644763,28.571428571428573,1768.2343872069978,1.2254741249004228,0.39036855015388416,56.15668202764977
1.2,5,3.0,3.0,100,London_NY,150,1089.6636352539576,10833.231311035155,9743.567675781198,1.111834152695675,28.666666666666668,1558.852734374961,0.6990164056073392,0.22893014918246793,67.23333333333333
1.2,5,3.0,3.0,200,24h,202,1642.532299804775,12990.012158203135,11347.479858398363,1.144748642015797,28.217821782178216,2227.646643066304,0.7373396965435538,0.31904676294665085,52.87128712871287
1.2,5,3.0,3.0,200,London_NY,136,1515.1183227539514,10092.879760742182,8577.76143798823,1.1766333015562738,29.41176470588235,1694.6204711913651,0.8940753097882627,0.3317138511140854,63.63970588235294
1.2,5,3.0,4.0,0,24h,305,2798.8676147462206,21423.644873046887,18624.777258300674,1.1502765684619836,23.278688524590162,2623.461645507741,1.066860504531802,0.37826348285682865,69.04262295081968
1.2,5,3.0,4.0,0,London_NY,195,1396.7457885743033,15106.483886718755,13709.738098144464,1.1018798301306232,23.076923076923077,2380.5442504882303,0.5867338060562588,0.22340419311688656,89.27692307692308
1.2,5,3.0,4.0,100,24h,216,4357.257360839917,17397.98549804688,13040.728137206966,1.334126845908862,25.0,1785.5714721679506,2.4402592832363945,0.6435890972213724,66.0324074074074
1.2,5,3.0,4.0,100,London_NY,149,2669.726708984433,12820.984326171876,10151.25761718744,1.2629946760945392,24.83221476510067,1575.3959960937336,1.6946385007986198,0.4649317172894344,79.75167785234899
1.2,5,3.0,4.0,200,24h,201,3274.1015380860267,15178.434960937508,11904.333422851489,1.2750344283705186,24.378109452736318,1503.2867431640298,2.177962090715235,0.5250575944688723,60.45771144278607
1.2,5,3.0,4.0,200,London_NY,135,3094.3722534180256,12026.908691406255,8932.536437988225,1.3464158556642778,25.925925925925927,1217.3989379882623,2.541789841324685,0.5600261192103783,73.05185185185185
1.2,8,1.5,1.5,0,24h,174,-1198.4502624510856,3514.7067260742415,4713.1569885253275,0.745722396820467,34.48275862068966,1470.6343811034167,-0.814920606950511,-0.7341502790206239,12.689655172413794
1.2,8,1.5,1.5,0,London_NY,114,-484.57826843255816,2811.2086273193586,3295.7868957519167,0.8529703880256481,38.59649122807018,769.0691619872414,-0.6300841229681202,-0.3332845282396305,15.32456140350877
1.2,8,1.5,1.5,100,24h,118,-458.9580505370509,2697.051269531271,3156.009320068322,0.8545764590685317,38.13559322033898,946.9902404784498,-0.48464918741419194,-0.32258289146795366,12.864406779661017
1.2,8,1.5,1.5,100,London_NY,84,-354.55315246577584,2133.781283569358,2488.334436035134,0.8575138665722465,39.285714285714285,639.0440460204609,-0.5548180202502407,-0.27755928582239614,15.107142857142856
1.2,8,1.5,1.5,200,24h,107,-564.7133361815895,2317.0749755859515,2881.788311767541,0.8040406597959919,36.44859813084112,1052.745526122977,-0.5364196020488452,-0.4233545408069039,11.813084112149532
1.2,8,1.5,1.5,200,London_NY,76,-433.25168762202793,1837.7066131591982,2270.958300781226,0.8092207648757856,38.1578947368421,717.7425811767098,-0.6036310217400358,-0.3624501482908222,13.986842105263158
1.2,8,1.5,2.0,0,24h,174,-1251.8819030760847,3924.3752685546997,5176.257171630784,0.758149206740113,28.160919540229884,1690.8767517088763,-0.7403744251678168,-0.6669902595786042,16.241379310344826
1.2,8,1.5,2.0,0,London_NY,114,-497.77884521479336,3151.6203125000084,3649.3991577148017,0.8635997807577467,32.45614035087719,880.2000366210268,-0.5655292257492984,-0.2995091429434192,19.81578947368421
1.2,8,1.5,2.0,100,24h,118,-371.77338867182016,3092.0467407226647,3463.820129394485,0.892669545535319,32.20338983050848,1026.616308593686,-0.3621346997507718,-0.22503965087496142,16.5
1.2,8,1.5,2.0,100,London_NY,84,-235.59332885738968,2473.9413085937554,2709.534637451145,0.9130502612511305,34.523809523809526,725.0776428222489,-0.32492151866713237,-0.1608699785840558,19.46428571428571
1.2,8,1.5,2.0,200,24h,107,-278.08479614252974,2794.5467773437554,3072.631573486285,0.9094962121257487,31.77570093457944,1015.1162780761042,-0.2739437857006579,-0.176970873032446,15.42056074766355
1.2,8,1.5,2.0,200,London_NY,76,-194.20937499996853,2220.5466674804734,2414.756042480442,0.9195739148868735,34.21052631578947,604.3931335448906,-0.32132955227484206,-0.14003928968476398,18.355263157894736
1.2,8,1.5,3.0,0,24h,171,-247.59008178702516,5071.296551513678,5318.886633300704,0.9534507691446358,24.56140350877193,1020.206390380752,-0.24268626830951515,-0.1041422900264521,20.36842105263158
1.2,8,1.5,3.0,0,London_NY,112,204.30469970708373,4010.7712768554757,3806.466577148392,1.0536730575630426,27.678571428571427,582.3579650878764,0.35082322549886413,0.09859220501247262,25.267857142857142
1.2,8,1.5,3.0,100,24h,118,612.9578430176298,4244.22600708008,3631.268164062451,1.1687999385679873,28.8135593220339,747.5630981445101,0.8199412792565905,0.2826338887143001,20.805084745762713
1.2,8,1.5,3.0,100,London_NY,84,426.1351867676126,3303.1178588867238,2876.982672119111,1.148118788096048,29.761904761904763,577.7829650878793,0.7375350477887462,0.2263995322372686,24.392857142857142
1.2,8,1.5,3.0,200,24h,107,551.6964538574689,3791.77606201172,3240.079608154251,1.1702724996228562,28.037383177570092,677.6149169921464,0.8141740094896156,0.26678696490178133,19.598130841121495
1.2,8,1.5,3.0,200,London_NY,76,336.1718200683913,2918.3758972167993,2582.204077148408,1.130187936361573,28.94736842105263,471.0663513183299,0.7136400618035618,0.18879363803301324,23.013157894736842
1.2,8,1.5,4.0,0,24h,169,212.0182434082858,5737.797973632821,5525.779730224536,1.0383689277820107,20.71005917159763,1013.8209899901503,0.20912788894846776,0.07455628615684601,22.893491124260354
1.2,8,1.5,4.0,0,London_NY,111,357.9501708984958,4374.72924804689,4016.779077148394,1.0891137311820027,22.52252252252252,703.5561645507587,0.5087727020728438,0.14736859269948585,28.35135135135135
1.2,8,1.5,4.0,100,24h,117,1326.6939208984945,5066.240112304697,3739.5461914062025,1.3547740428898432,25.641025641025642,636.5791931152125,2.084098781812336,0.5014922608172533,23.948717948717952
1.2,8,1.5,4.0,100,London_NY,83,898.6580993652774,3864.46088867189,2965.802789306613,1.3030066943781444,26.50602409638554,540.0571044921726,1.6640056984535092,0.3993926492524644,27.79518072289157
1.2,8,1.5,4.0,200,24h,106,1110.4825500488778,4458.84018554688,3348.3576354980028,1.331649922420463,24.528301886792452,769.2656799315755,1.443561800583191,0.4406154792431644,22.556603773584904
1.2,8,1.5,4.0,200,London_NY,75,677.3474121094159,3348.3716064453256,2671.0241943359097,1.2535908935403048,25.333333333333332,545.3619628905817,1.2420144018098949,0.3196877610410398,26.373333333333335
1.2,8,2.0,1.5,0,24h,171,-1550.3470703124322,4548.29340820314,6098.640478515572,0.7457880857587802,33.333333333333336,1919.459228515544,-0.8076999226034236,-0.7232938498634864,23.374269005847953
1.2,8,2.0,1.5,0,London_NY,113,-661.1739624022925,3660.0152465820406,4321.189208984333,0.8469925915237354,38.05309734513274,1067.8973144531028,-0.6191362722369017,-0.3452000864935672,29.522123893805308
1.2,8,2.0,1.5,100,24h,115,-470.9255981444812,3530.2652465820393,4001.1908447265205,0.8823036399862929,37.391304347826086,1339.6723388671599,-0.35152296907369196,-0.25234236391264936,25.59130434782609
1.2,8,2.0,1.5,100,London_NY,83,-230.53443603511823,2912.175744628912,3142.7101806640303,0.9266447038439898,40.963855421686745,965.8404663085748,-0.23868790351704436,-0.1363986985799123,31.3855421686747
1.2,8,2.0,1.5,200,24h,105,-521.7744750976203,3133.145129394536,3654.9196044921564,0.8572405055212918,36.19047619047619,1222.7833618163695,-0.42671047986992267,-0.2944397466949156,24.61904761904762
1.2,8,2.0,1.5,200,London_NY,75,-267.25787353512715,2559.1609497070363,2826.4188232421634,0.9054429331784036,40.0,787.2664062499716,-0.3394757751803115,-0.16797287217322615,30.053333333333335
1.2,8,2.0,2.0,0,24h,168,-1291.080029296811,5145.650195312514,6436.730224609326,0.7994198942250725,28.571428571428573,1882.6064941405339,-0.6857938891187283,-0.5277721464902557,28.428571428571427
1.2,8,2.0,2.0,0,London_NY,111,-685.916650390584,3979.412353515629,4665.329003906213,0.8529757172931908,31.53153153153153,1198.9115722655697,-0.5721161312125923,-0.3195004795640758,36.333333333333336
1.2,8,2.0,2.0,100,24h,114,-240.87912597651666,4091.292431640627,4332.171557617144,0.9443976022710862,32.45614035087719,1216.0828369140272,-0.19807789294007278,-0.11040751074317721,30.675438596491226
1.2,8,2.0,2.0,100,London_NY,83,-242.81770019528267,3257.873095703121,3500.690795898404,0.9306372043826947,33.734939759036145,930.2805908202918,-0.2610155501375921,-0.1250518945237399,37.16867469879518
1.2,8,2.0,2.0,200,24h,105,-456.26794433590476,3556.632275390625,4012.90021972653,0.8862997036175999,30.476190476190474,1333.5251708983924,-0.34215173008584326,-0.22070709647126815,29.695238095238096
1.2,8,2.0,2.0,200,London_NY,75,-401.3460693359184,2783.0533691406185,3184.399438476537,0.8739649101533794,32.0,937.2917968749734,-0.4281975695018853,-0.22078300191454076,36.10666666666667
1.2,8,2.0,3.0,0,24h,164,-690.0334228515021,6126.966992187508,6817.000415039012,0.8987775589203107,22.5609756097561,1726.388500976498,-0.39969764769702654,-0.2249931896416564,35.41463414634146
1.2,8,2.0,3.0,0,London_NY,110,-523.0093994140066,4577.069555664077,5100.078955078084,0.897450724974904,23.636363636363637,1297.1517822265141,-0.4031983046087944,-0.19873280656479622,45.24545454545454
1.2,8,2.0,3.0,100,24h,112,718.2484863281798,5268.580419921884,4550.331933593705,1.1578452949828937,27.678571428571427,934.0933105468375,0.7689258430806043,0.25528535313078693,38.589285714285715
1.2,8,2.0,3.0,100,London_NY,82,342.19062500005066,4066.8011962890773,3724.6105712890267,1.091872859846828,28.048780487804876,833.0297363280988,0.4107784033117333,0.14051035686038407,46.65853658536586
1.2,8,2.0,3.0,200,24h,103,227.77958984378984,4458.84018554688,4231.06059570309,1.053835104624858,25.24271844660194,1425.2148437499582,0.15982123035181622,0.08582141079894708,37.252427184466015
1.2,8,2.0,3.0,200,London_NY,74,-59.947607421834164,3348.3716064453256,3408.3192138671598,0.9824113870620069,25.675675675675677,1085.1923828124654,-0.05524145614298313,-0.026571702945140115,45.513513513513516
1.2,8,2.0,4.0,0,24h,164,1121.071557617247,7995.062109375007,6873.990551757763,1.1630888999884605,21.951219512195124,899.942431640613,1.245714745968263,0.29276110817402073,40.298780487804876
1.2,8,2.0,4.0,0,London_NY,110,760.0964355469205,5917.165527343755,5157.069091796834,1.1473892286523713,22.727272727272727,891.141967773412,0.8529465147355599,0.23385529911101663,51.95454545454545
1.2,8,2.0,4.0,100,24h,112,2237.0246093750484,6844.346679687503,4607.322070312455,1.4855368422775226,26.785714285714285,824.4732910155944,2.713277232570456,0.6352834308692297,41.92857142857142
1.2,8,2.0,4.0,100,London_NY,82,1452.1070068359745,5233.707714843751,3781.600708007777,1.3839926843045713,26.829268292682926,913.379907226541,1.5898171126243263,0.48249472054547554,50.5609756097561
1.2,8,2.0,4.0,200,24h,103,1471.475634765659,5759.5263671875,4288.050732421841,1.3431572354403063,24.271844660194176,1060.6886718749665,1.387283256419199,0.4427841970496252,38.95145631067961
1.2,8,2.0,4.0,200,London_NY,74,806.3589111328406,4271.668261718751,3465.30935058591,1.2326946398007734,24.324324324324323,892.5530517577863,0.9034296723817192,0.28972262498147555,47.28378378378379
1.2,8,2.5,1.5,0,24h,168,-1217.066250610278,5897.534292602559,7114.600543212837,0.8289340008313846,36.30952380952381,1683.106448364022,-0.723107116482897,-0.4594885892107429,32.0
1.2,8,2.5,1.5,0,London_NY,110,-245.73724365229282,4722.324163818375,4968.061407470668,0.9505365929489583,41.81818181818182,1249.47626037593,-0.19667219894066482,-0.10446775114654984,41.199999999999996
1.2,8,2.5,1.5,100,24h,115,-514.4093170165524,4437.230166625986,4951.639483642539,0.8961133340349445,37.391304347826086,1336.0629669187838,-0.385018767643024,-0.22064467913870692,34.53913043478261
1.2,8,2.5,1.5,100,London_NY,83,-238.72036437984661,3657.6432891845798,3896.3636535644264,0.938732524578022,40.963855421686745,804.5052856444963,-0.2967293921364427,-0.11307203825319737,42.325301204819276
1.2,8,2.5,1.5,200,24h,105,-488.7820892333548,3992.018014526375,4480.80010375973,0.8909163368338548,37.142857142857146,1310.4357391355952,-0.3729920320669603,-0.22055070147223954,34.02857142857143
1.2,8,2.5,1.5,200,London_NY,75,-193.8863372802416,3268.337789917,3462.2241271972416,0.9439994841012221,41.333333333333336,674.2378265379812,-0.2875637195791767,-0.09744755486422607,41.74666666666667
1.2,8,2.5,2.0,0,24h,164,-538.2616027831318,6917.438891601578,7455.70049438471,0.9278053613891108,32.31707317073171,1643.29721679676,-0.3275497562348169,-0.1751467358266639,37.53048780487805
1.2,8,2.5,2.0,0,London_NY,110,107.50555419926968,5516.9664916992315,5409.460937499962,1.0198736168800129,36.36363636363637,1197.1332580565722,0.08980249565014536,0.039603707244137955,48.03636363636363
1.2,8,2.5,2.0,100,24h,113,119.1395446777824,5335.916735839851,5216.777191162068,1.0228377675166234,33.6283185840708,980.531988525232,0.12150500551947734,0.04342868662113095,41.123893805309734
1.2,8,2.5,2.0,100,London_NY,83,136.8918945312862,4338.567382812507,4201.675488281221,1.0325803110956777,36.144578313253014,684.9494384765567,0.1998569337260235,0.055903277513585176,49.89156626506024
1.2,8,2.5,2.0,200,24h,104,-40.745489501910015,4738.167199707036,4778.912689208946,0.991473899576798,32.69230769230769,1140.4170227049326,-0.03572858760496804,-0.01563081183817094,40.05769230769231
1.2,8,2.5,2.0,200,London_NY,75,48.85742187503183,3816.393383789068,3767.5359619140363,1.0129680041196503,36.0,694.674639892517,0.07033137395456275,0.021226323885030127,49.14666666666667
1.2,8,2.5,3.0,0,24h,163,966.1813232422583,8912.64525756837,7946.4639343261115,1.1215863220707105,26.993865030674847,1510.0233825682662,0.6398452728585998,0.24304061803747418,46.99386503067485
1.2,8,2.5,3.0,0,London_NY,109,891.5622802734879,6791.786657714852,5900.224377441364,1.1511065043021491,28.440366972477065,1183.2725036620395,0.753471645385357,0.25900944409414994,60.88990825688074
1.2,8,2.5,3.0,100,24h,112,1668.6222961426256,7149.00020141602,5480.377905273394,1.304472123087903,29.464285714285715,886.0787414550359,1.8831535145539882,0.4633557179954843,47.55357142857142
1.2,8,2.5,3.0,100,London_NY,82,1175.2999694824575,5640.576171875005,4465.276202392547,1.2632087952034676,30.48780487804878,753.7613464355163,1.5592468027716828,0.37394265029482165,57.54878048780488
1.2,8,2.5,3.0,200,24h,103,1203.662493896527,6246.175897216799,5042.513403320272,1.238702884379835,28.155339805825243,876.5305480955794,1.373212258844487,0.35220858961681634,45.52427184466019
1.2,8,2.5,3.0,200,London_NY,74,821.5284973144844,4852.665173339847,4031.1366760253622,1.2037957438159845,29.72972972972973,670.4010070800505,1.225428495241488,0.2794320745119639,55.75675675675676
1.2,8,2.5,4.0,0,24h,162,2902.6428344727265,11048.330322265634,8145.687487792907,1.356341050257896,24.691358024691358,1114.3191894530319,2.604857622435364,0.5917555191632935,58.85185185185185
1.2,8,2.5,4.0,0,London_NY,108,2434.3252136230967,8462.235620117193,6027.9104064940975,1.4038423018033752,26.85185185185185,902.0853881835865,2.6985529812480222,0.5794716837779093,77.19444444444444
1.2,8,2.5,4.0,100,24h,112,3089.121716308641,8771.586181640629,5682.4644653319865,1.5436235871169968,26.785714285714285,818.1926940917547,3.775543021363397,0.6937856392226903,60.6875
1.2,8,2.5,4.0,100,London_NY,82,2299.8507507324575,6921.088305664066,4621.237554931608,1.49766988244916,28.048780487804876,684.9494384765567,3.357694191045275,0.6001902573036056,74.20731707317073
1.2,8,2.5,4.0,200,24h,103,2963.27507324223,8072.837451171877,5109.562377929647,1.5799469414527287,27.184466019417474,653.3768493652024,4.535323031603037,0.6928456919550329,50.883495145631066
1.2,8,2.5,4.0,200,London_NY,74,2109.404168701203,6207.58981933594,4098.185650634737,1.5147165962026374,28.37837837837838,606.1629150390509,3.479929432115307,0.5814018224276469,62.45945945945946
1.2,8,3.0,1.5,0,24h,166,-1058.1234985350738,7300.2550903320525,8358.378588867128,0.8734056507150281,38.55421686746988,2140.2357849120363,-0.4943957605019499,-0.32738774037351553,41.57228915662651
1.2,8,3.0,1.5,0,London_NY,110,-457.9206237792414,5663.022100830096,6120.942724609338,0.9251878927181975,41.81818181818182,1662.6382873534822,-0.27541806733450136,-0.15879173371367084,52.92727272727272
1.2,8,3.0,1.5,100,24h,114,-245.0011962890153,5605.7149414062615,5850.716137695276,0.9581245798765541,40.35087719298246,1233.4655761718222,-0.1986283209049091,-0.0852871543134317,44.21052631578947
1.2,8,3.0,1.5,100,London_NY,83,-347.7766235351214,4445.943298339855,4793.7199218749765,0.9274516181164177,42.16867469879518,1056.744409179666,-0.3291019290133694,-0.13355861132645908,53.9277108433735
1.2,8,3.0,1.5,200,24h,105,-373.0615539550263,5003.882452392589,5376.944006347615,0.9306182929346822,39.04761904761905,1480.612774658146,-0.2519642950137056,-0.13629588698788475,43.50476190476191
1.2,8,3.0,1.5,200,London_NY,75,-298.93579101559,3976.9166992187593,4275.85249023435,0.9300874406452674,42.666666666666664,1019.5698120116831,-0.2931979620167143,-0.12140628974209237,53.61333333333334
1.2,8,3.0,2.0,0,24h,163,-319.4184692381941,8536.467163085963,8855.885632324158,0.9639315047077492,33.74233128834356,2254.9353393554193,-0.14165305038391962,-0.08514024771902638,48.32515337423313
1.2,8,3.0,2.0,0,London_NY,109,-125.85233154290336,6491.890649414087,6617.742980956991,0.9809825900000873,35.77981651376147,1855.427709960899,-0.06782928317134788,-0.03808774348716219,61.54128440366973
1.2,8,3.0,2.0,100,24h,112,871.8231933594302,6912.46076660158,6040.63757324215,1.1443263534335006,37.5,971.0679321288862,0.8977983563396226,0.2580097574768472,49.25892857142857
1.2,8,3.0,2.0,100,London_NY,82,326.65156250004657,5354.731909179709,5028.080346679662,1.0649654619611943,37.80487804878049,948.3755004882496,0.34443272979097145,0.10839884764577958,59.47560975609756
1.2,8,3.0,2.0,200,24h,103,537.9853393555254,6104.850781250014,5566.865441894488,1.0966406220827283,35.922330097087375,1332.432214355431,0.40376188263789303,0.1671712282433468,48.33980582524271
1.2,8,3.0,2.0,200,London_NY,74,216.0501953125481,4726.263110351583,4510.212915039035,1.0479024381736264,37.83783783783784,1149.4915771484011,0.18795283028390186,0.07602270172382485,59.351351351351354
1.2,8,3.0,3.0,0,24h,162,1596.0574462891395,11048.121960449223,9452.064514160085,1.1688580779255255,29.012345679012345,1352.6890136718157,1.1799145481020141,0.3323410516111267,63.51234567901234
1.2,8,3.0,3.0,0,London_NY,108,1056.1554443359796,8185.472277832026,7129.316833496047,1.148142587712442,30.555555555555557,1263.147839355437,0.8361297161185169,0.2555905095193931,82.03703703703704
1.2,8,3.0,3.0,100,24h,112,2303.133618164104,8871.735937499996,6568.602319335893,1.350627653524465,32.142857142857146,1041.054724121077,2.2123079265679837,0.5294524456510661,62.223214285714285
1.2,8,3.0,3.0,100,London_NY,82,1168.568554687522,6669.883398437491,5501.314843749969,1.2124162291883966,31.70731707317073,819.4593261718801,1.4260238639866512,0.31000756898864934,74.5
1.2,8,3.0,3.0,200,24h,103,2176.1611816406707,8110.186267089841,5934.025085449171,1.3667259828369849,32.03883495145631,937.4124633788906,2.321455353598273,0.5212989244662529,56.4757281553398
1.2,8,3.0,3.0,200,London_NY,74,1150.9822021484592,6028.354760742177,4877.372558593718,1.2359840648466516,32.432432432432435,810.7667602538913,1.4196218426468663,0.3219900931757728,68.52702702702703
1.2,8,3.0,4.0,0,24h,161,2961.4985717774243,12882.11767578126,9920.619104003837,1.2985195319697536,24.84472049689441,1704.5429809569723,1.7374150167306233,0.5095157283310007,76.19875776397515
1.2,8,3.0,4.0,0,London_NY,107,1785.23511962896,9313.542187500005,7528.307067871045,1.2371363313868935,25.233644859813083,1526.870776367141,1.169211663004345,0.3633424844287891,99.58878504672896
1.2,8,3.0,4.0,100,24h,112,3121.383251953173,10143.824707031252,7022.441455078079,1.4444869027275453,26.785714285714285,1132.2500610351453,2.756796717766999,0.592341647621907,74.41964285714285
1.2,8,3.0,4.0,100,London_NY,82,1574.8557861328482,7460.4454101562515,5885.589624023403,1.2675782524328076,25.609756097560975,918.6864135742126,1.714247389384767,0.35264707097179643,89.8658536585366
1.2,8,3.0,4.0,200,24h,103,2986.5356323242713,9321.48491210938,6334.949279785107,1.4714379706013339,27.184466019417474,898.0291381835814,3.325655599956427,0.5903492654810267,64.46601941747572
1.2,8,3.0,4.0,200,London_NY,74,1590.4345947265983,6799.166992187502,5208.7323974609035,1.3053400469376937,27.027027027027028,849.1215087890578,1.8730353409546012,0.37611785665810366,78.36486486486487
1.5,3,1.5,1.5,0,24h,1818,-6234.156735228738,42034.01165466355,48268.16838989161,0.870843312618143,38.888888888888886,7998.510064696319,-0.7794147515979192,-1.1128828082867026,9.858635863586358
1.5,3,1.5,1.5,0,London_NY,1159,-5424.019476317856,28963.014691162352,34387.03416748005,0.8422655629473502,38.13632441760138,6079.430999755277,-0.8921919627899709,-1.1373699058344107,11.056945642795514
1.5,3,1.5,1.5,100,24h,1218,-5491.85183410597,27611.40688171403,33103.25871581992,0.8340993591823831,37.848932676518885,6180.532861327576,-0.8885725482456738,-1.2021781601035655,9.117405582922824
1.5,3,1.5,1.5,100,London_NY,797,-5762.916613769187,18880.32286376966,24643.239477538875,0.7661461424736047,36.13550815558344,5931.7148590083625,-0.9715430951670199,-1.4733617294052241,10.447929736511918
1.5,3,1.5,1.5,200,24h,1085,-4232.413665771064,25086.814978027513,29319.228643798575,0.8556437579858951,38.80184331797235,5010.579617309087,-0.8446954222920953,-0.97321488696223,8.975115207373271
1.5,3,1.5,1.5,200,London_NY,696,-4363.2571044919,17177.141619873168,21540.398724365077,0.7974384244077859,37.06896551724138,4562.163864135386,-0.9564007857746726,-1.1671740426739514,10.24712643678161
1.5,3,1.5,2.0,0,24h,1764,-3039.613043212141,48068.6697021489,51108.282745360215,0.9405260188772971,33.10657596371882,6141.131335448446,-0.4949597846355419,-0.4677846210142183,12.322562358276643
1.5,3,1.5,2.0,0,London_NY,1133,-3808.6522338862233,32868.252050781455,36676.904284667464,0.8961566602152355,32.74492497793469,4707.720501708397,-0.8090225901270246,-0.6935882175540318,13.86496028243601
1.5,3,1.5,2.0,100,24h,1201,-2578.8194213862334,32555.221264648615,35134.0406860347,0.92660054548149,33.05578684429642,4373.042236327603,-0.5897083270688638,-0.4838596708176758,11.397169025811824
1.5,3,1.5,2.0,100,London_NY,790,-3963.6939086910775,22174.494812011806,26138.18872070293,0.8483562135446803,31.645569620253166,4234.458691405851,-0.9360568132913162,-0.8757874606054443,13.078481012658228
1.5,3,1.5,2.0,200,24h,1071,-1461.733972167558,29657.614282226685,31119.348254394212,0.9530281302738683,33.98692810457516,3100.207763671392,-0.47149548791417556,-0.28799705371461415,11.128851540616248
1.5,3,1.5,2.0,200,London_NY,689,-2569.9924682614505,20227.30130615241,22797.2937744139,0.8872676514286151,32.801161103047896,2688.948071288807,-0.9557612866170594,-0.5933631102382335,12.72278664731495
1.5,3,1.5,3.0,0,24h,1662,-4753.3055297844485,50198.02068481478,54951.326214598324,0.9134997122504245,24.60890493381468,8294.950286864401,-0.5730360478846533,-0.6263894390291422,17.187725631768952
1.5,3,1.5,3.0,0,London_NY,1087,-6115.23536987256,34245.07919921889,40360.314569091155,0.848483951744136,23.551057957681692,7101.236566161566,-0.8611507746429057,-0.947296521538217,19.52529898804048
1.5,3,1.5,3.0,100,24h,1162,-3593.3168823237293,35129.834729004055,38723.15161132753,0.9072049476140177,24.698795180722893,6099.71038818301,-0.5890963100945046,-0.5704853664747251,16.0223752151463
1.5,3,1.5,3.0,100,London_NY,768,-5401.956249999648,23560.319445800873,28962.275695800512,0.8134830181599675,23.177083333333332,5733.733209228127,-0.9421359614893658,-1.0177145701319181,18.75
1.5,3,1.5,3.0,200,24h,1044,-2452.520117187076,32249.409729004044,34701.92984619098,0.9293261173641577,25.38314176245211,4529.776440429171,-0.5414218890137353,-0.40682270175255614,15.7911877394636
1.5,3,1.5,3.0,200,London_NY,673,-4289.5067871090805,21282.824401855563,25572.331188964647,0.8322598454004008,23.774145616641903,4468.1694030758645,-0.9600143593831081,-0.8463975293176438,18.51411589895988
1.5,3,1.5,4.0,0,24h,1575,-5248.702423095024,50641.04223632837,55889.74465942254,0.9060882733482075,19.682539682539684,9064.355078124237,-0.5790486336708228,-0.6178944741465645,22.015873015873016
1.5,3,1.5,4.0,0,London_NY,1046,-8302.430230712425,33676.400390625124,41978.83062133725,0.8022234038484122,18.164435946462714,8891.215808104967,-0.933778957782599,-1.1646630564047005,25.140535372848948
1.5,3,1.5,4.0,100,24h,1125,-2452.8621520991665,37360.44245605481,39813.30460815369,0.9383908927872182,20.177777777777777,5932.320495604923,-0.41347431480083013,-0.33886084105984304,21.027555555555555
1.5,3,1.5,4.0,100,London_NY,750,-5849.8692321774115,24309.12004394539,30158.989276122767,0.8060323183042215,18.4,6351.992132567968,-0.9209503270924929,-0.9780450825558272,24.830666666666666
1.5,3,1.5,4.0,200,24h,1019,-1500.8963073726568,34606.515649414185,36107.411956786644,0.9584324595413061,21.00098135426889,3701.5868530268745,-0.4054737513845822,-0.21695266972011956,20.345436702649653
1.5,3,1.5,4.0,200,London_NY,666,-4994.7381530758985,22058.193090820387,27052.931243896277,0.8153716464938412,18.91891891891892,5354.456292724288,-0.9328189231580469,-0.8775949752742944,23.9984984984985
1.5,3,2.0,1.5,0,24h,1669,-3384.8486083977195,54233.30095214901,57618.14956054579,0.9412537779464795,39.724385859796286,7270.193652342897,-0.4655788786735985,-0.46600672383372616,16.127022168963453
1.5,3,2.0,1.5,0,London_NY,1091,-3673.8079467768403,38177.114123535415,41850.92207031196,0.9122167979810736,39.68835930339139,5680.405017089233,-0.6467510566102875,-0.5897479843749271,18.16223648029331
1.5,3,2.0,1.5,100,24h,1162,-1668.4542724604557,38308.57368164088,39977.02795410103,0.9582646745431962,40.18932874354561,3827.391955565826,-0.43592459090430374,-0.2750115466670179,15.094664371772806
1.5,3,2.0,1.5,100,London_NY,770,-2877.9260864254547,26934.898547363395,29812.82463378882,0.9034668428175812,39.35064935064935,3909.250463866806,-0.7361836016970822,-0.5490777201942523,17.381818181818183
1.5,3,2.0,1.5,200,24h,1040,-904.8650512690983,34616.9114868166,35521.77653808557,0.9745264696910979,41.15384615384615,2737.793481444838,-0.3305088778250602,-0.1573740321183906,14.795192307692309
1.5,3,2.0,1.5,200,London_NY,673,-1860.2987182614356,24171.493518066498,26031.79223632795,0.9285374321762847,40.56463595839524,2591.3381469724136,-0.7178911484149273,-0.3745263848591066,16.99405646359584
1.5,3,2.0,2.0,0,24h,1580,-3135.297851561789,57571.27910156301,60706.57695312382,0.9483532426151813,33.41772151898734,6428.98618163976,-0.4876815353120122,-0.3849585443966496,20.410759493670888
1.5,3,2.0,2.0,0,London_NY,1052,-4773.120654296393,40537.520556640855,45310.64121093686,0.8946578435719887,32.60456273764259,6842.838208007204,-0.6975352199195775,-0.6797663516257719,22.962927756653993
1.5,3,2.0,2.0,100,24h,1124,-1113.6416992182444,41865.96523437525,42979.60693359314,0.9740890673816875,33.718861209964416,4290.01394042913,-0.259589296138009,-0.16115731576298012,18.95373665480427
1.5,3,2.0,2.0,100,London_NY,750,-3135.1940917965408,29251.9802246095,32387.17431640595,0.9031964301310381,32.666666666666664,4471.258276366985,-0.7011883228414102,-0.5268138972109121,22.094666666666665
1.5,3,2.0,2.0,200,24h,1012,463.2595947270215,38682.866113281474,38219.60651855424,1.012120993304898,34.980237154150196,2600.6992431635754,0.17812886128405123,0.07016080812886924,18.532608695652172
1.5,3,2.0,2.0,200,London_NY,657,-1846.8614990231458,26456.52021484384,28303.381713866976,0.9347476736987127,33.789954337899545,2850.605834960771,-0.6478838555554145,-0.3265569063819043,21.58904109589041
1.5,3,2.0,3.0,0,24h,1435,-4563.858032225915,58621.20520019563,63185.06323242067,0.9277699855195636,24.738675958188153,8106.167163085238,-0.5630105992643869,-0.48042652300834243,29.289895470383275
1.5,3,2.0,3.0,0,London_NY,975,-9338.534790038613,39460.43813476578,48798.97292480396,0.8086325545328946,22.46153846153846,10874.960351561975,-0.8587189735084704,-1.1571210452778269,33.41948717948718
1.5,3,2.0,3.0,100,24h,1053,-557.6144531245636,45132.31750488299,45689.93195800713,0.9877956821289067,25.641025641025642,5251.498413085411,-0.10618197117514667,-0.06763719849474654,28.306742640075974
1.5,3,2.0,3.0,100,London_NY,707,-5319.825488280932,29769.518579101677,35089.34406738247,0.8483919939322584,23.196605374823196,6174.329125976171,-0.861603808242059,-0.7655067767077802,34.06364922206507
1.5,3,2.0,3.0,200,24h,963,953.6240722660386,42401.77690429705,41448.15283203071,1.0230076374243,26.79127725856698,2928.094897460509,0.32568072609023085,0.12029205602272373,27.30944963655244
1.5,3,2.0,3.0,200,London_NY,630,-3622.0528564450324,27611.708813476645,31233.76166992163,0.8840340496055891,24.126984126984127,4416.3092773433955,-0.8201538046773429,-0.5424035510294506,32.785714285714285
1.5,3,2.0,4.0,0,24h,1332,-7019.847949218162,56136.82871093774,63156.67666015508,0.888850263813104,19.594594594594593,9822.458349608729,-0.7146732212407695,-0.6876370432175768,36.849849849849846
1.5,3,2.0,4.0,0,London_NY,898,-12448.716259765226,36235.05917968757,48683.77543945243,0.7442943537678745,17.37193763919822,13250.58210449174,-0.9394844816323433,-1.4749440882978477,43.652561247216035
1.5,3,2.0,4.0,100,24h,990,-1720.4284667964412,44348.63837890639,46069.06684570244,0.9626554522461196,20.90909090909091,5808.793334960462,-0.2961765667306447,-0.19273445606160644,36.86464646464646
1.5,3,2.0,4.0,100,London_NY,663,-7324.543041991901,28181.813281250026,35506.356323241846,0.7937117800736625,18.552036199095024,8262.358422851257,-0.8864954371544045,-0.9997309459454073,44.94570135746606
1.5,3,2.0,4.0,200,24h,915,-1782.5156249995962,40880.88164062512,42663.39726562443,0.9582190885104326,21.092896174863387,4508.41123046835,-0.3953755622275881,-0.2083147868757448,35.20109289617486
1.5,3,2.0,4.0,200,London_NY,600,-7033.4036865231865,25359.718750000015,32393.122436523176,0.7828735497695334,18.333333333333332,7648.581445312232,-0.9195696923426129,-1.004463177982279,42.550000000000004
1.5,3,2.5,1.5,0,24h,1490,-5676.393493651717,59741.57133178772,65417.96482543839,0.9132288277570606,39.060402684563755,8272.94373779157,-0.6861395016771876,-0.6616153277644985,24.518120805369126
1.5,3,2.5,1.5,0,London_NY,1006,-6434.230722045472,43077.026327515036,49511.257049559834,0.8700450946821193,38.36978131212724,8369.149356078487,-0.7688034289138729,-0.8583549299274095,28.14711729622266
1.5,3,2.5,1.5,100,24h,1058,-1871.8250701899933,43937.06465759319,45808.889727782494,0.9591383881750344,39.31947069943289,5426.285211181035,-0.3449551575971417,-0.2554279634099183,23.70132325141777
1.5,3,2.5,1.5,100,London_NY,719,-3098.575903320002,31854.500048828406,34953.07595214796,0.9113504085431102,38.66481223922114,5277.7047668451805,-0.5871067140370222,-0.48092649971066653,27.968011126564672
1.5,3,2.5,1.5,200,24h,957,40.31164245644504,40645.249649048244,40604.9380065912,1.0009927768502074,40.75235109717868,3001.0977783196404,0.013432298923301372,0.005798839133263011,23.203761755485896
1.5,3,2.5,1.5,200,London_NY,634,-1552.2426513669188,28899.41729736353,30451.659948730092,0.9490260086320419,40.22082018927445,2899.761648559089,-0.5353000830734618,-0.2562754437572719,27.365930599369083
1.5,3,2.5,2.0,0,24h,1378,-5518.89701538028,62048.77220459034,67567.66921996963,0.9183204470556434,32.873730043541364,8697.36416015563,-0.6345482279175402,-0.5784646895439522,31.785921625544265
1.5,3,2.5,2.0,0,London_NY,942,-7817.828173827682,44355.543615722956,52173.371789550045,0.8501567388559513,31.422505307855626,10269.415649413455,-0.7612729332144816,-0.9369038959472371,36.509554140127385
1.5,3,2.5,2.0,100,24h,1006,-923.4823547359201,47442.294885254254,48365.77723998951,0.9809062852406368,33.69781312127237,5812.848852538385,-0.158869149734153,-0.11182277667049001,31.28429423459244
1.5,3,2.5,2.0,100,London_NY,684,-4018.008337402048,33334.40563964866,37352.41397705029,0.8924297546104963,32.16374269005848,6316.044549560048,-0.6361589608613396,-0.5579404818073909,37.8391812865497
1.5,3,2.5,2.0,200,24h,918,928.806170654666,44569.767834472994,43640.96166381774,1.021282898800677,35.07625272331155,2661.813616942789,0.34893734284876077,0.11734802648868775,30.17211328976035
1.5,3,2.5,2.0,200,London_NY,606,-2437.0915161130233,30616.105603027543,33053.19711914021,0.9262676010635772,33.333333333333336,3737.2872985835465,-0.6521017308561466,-0.35631496702682963,36.43564356435644
1.5,3,2.5,3.0,0,24h,1221,-5833.769281005339,61551.275335693696,67385.04461669816,0.913426349805238,25.061425061425062,8959.485980223602,-0.6511276756146835,-0.5439224751184765,44.61670761670762
1.5,3,2.5,3.0,0,London_NY,842,-11883.507495116739,41887.32969970723,53770.8371948235,0.7789971643539839,22.327790973871736,12313.967791747582,-0.9650429249198359,-1.288072537241318,51.98099762470309
1.5,3,2.5,3.0,100,24h,911,126.46503295936327,49178.324041748296,49051.85900878832,1.002578190419599,26.45444566410538,4583.376489257174,0.027592111024651915,0.013358843232112219,45.375411635565314
1.5,3,2.5,3.0,100,London_NY,618,-5301.8559082028605,33203.98867187516,38505.84458007763,0.8623103592189333,24.110032362459545,6113.007861327501,-0.8673072288592656,-0.6539923092238291,55.46440129449839
1.5,3,2.5,3.0,200,24h,846,52.75308837924513,45808.82263183617,45756.06954345638,1.0011529200148996,26.595744680851062,4189.372167968397,0.012592122701007805,0.005787044070590855,43.67966903073286
1.5,3,2.5,3.0,200,London_NY,563,-5440.795910644292,29931.20448608412,35372.00039672807,0.8461835392508017,23.623445825932503,5998.303533935027,-0.9070557833332924,-0.7055437449497495,52.84547069271758
1.5,3,2.5,4.0,0,24h,1121,-4491.348931884277,61012.85871582059,65504.207647704054,0.9314341918913221,20.69580731489741,8106.39082031173,-0.5540503821541092,-0.38343607557328874,54.2221231043711
1.5,3,2.5,4.0,0,London_NY,774,-11693.858618163715,41025.385400390776,52719.244018553996,0.7781861474711647,17.958656330749353,13113.344714354833,-0.8917525522960406,-1.1737945954458142,65.27519379844962
1.5,3,2.5,4.0,100,24h,848,2186.4340698245815,51143.36948242209,48956.935412596926,1.044660354072379,21.933962264150942,4620.9008666988375,0.4731618645146494,0.20384753288801552,57.52122641509434
1.5,3,2.5,4.0,100,London_NY,582,-4727.391680907958,34142.745654296996,38870.13733520459,0.8783798564913737,19.415807560137456,7303.853051757415,-0.6472462750014498,-0.5197445880386541,70.29381443298969
1.5,3,2.5,4.0,200,24h,806,2317.003485107748,48885.914184570516,46568.91069946224,1.0497542985289332,22.332506203473944,3630.5078430172216,0.6382036853505724,0.2217920130891028,53.626550868486355
1.5,3,2.5,4.0,200,London_NY,541,-4041.307305907976,32066.1973388673,36107.50464477495,0.8880756965715032,19.77818853974122,5999.611395263382,-0.6735948446758631,-0.45998726031279324,65.07393715341959
1.5,3,3.0,1.5,0,24h,1315,-6797.1613159174685,63494.88656005911,70292.04787597572,0.9033011340356789,38.32699619771863,10838.559918212271,-0.627127715047831,-0.6905207649592907,35.1977186311787
1.5,3,3.0,1.5,0,London_NY,902,-10431.606188964493,44751.71590576198,55183.32209472598,0.8109645125920938,36.47450110864745,12960.45465698199,-0.8048796485194932,-1.217406615352569,41.15853658536585
1.5,3,3.0,1.5,100,24h,957,-2419.7849304195533,47826.20591430694,50245.99084472604,0.951841233703662,39.39393939393939,6817.325732421409,-0.35494635659136725,-0.28713598454526507,34.81818181818182
1.5,3,3.0,1.5,100,London_NY,657,-4164.704974364954,34754.30698852552,38919.011962890334,0.8929904752377603,38.35616438356164,6285.120281982077,-0.6626293193312717,-0.5612719398752148,42.16590563165905
1.5,3,3.0,1.5,200,24h,882,-1100.9688903805113,44873.7973937991,45974.766284179255,0.9760527572108828,40.249433106575964,4674.966162108933,-0.23550307150968794,-0.13501064076939523,33.82879818594105
1.5,3,3.0,1.5,200,London_NY,587,-3078.3666259763118,31921.319714355595,34999.68634033182,0.9120458796103874,39.522998296422486,4587.8697509764215,-0.6709795162169007,-0.4314231549409744,41.16695059625213
1.5,3,3.0,2.0,0,24h,1205,-5101.584960937039,65718.49885253947,70820.08381347577,0.9279641496277705,32.946058091286304,8133.322082519192,-0.62724492024013,-0.4723665407737975,44.29626556016597
1.5,3,3.0,2.0,0,London_NY,845,-12175.098632812193,45545.72709960959,57720.82573242127,0.789069222792268,29.940828402366865,13177.465490722247,-0.9239332587426784,-1.292800174236225,51.25325443786982
1.5,3,3.0,2.0,100,24h,900,130.32940673859912,51910.66137695339,51780.3319702143,1.0025169673847216,33.888888888888886,5096.5984619138135,0.0255718412412775,0.013739451355470925,44.38
1.5,3,3.0,2.0,100,London_NY,624,-3426.7659057614583,37285.60092773453,40712.366833495784,0.9158298528853422,32.21153846153846,5772.758508300649,-0.5936097795939518,-0.4115536529620104,54.03365384615385
1.5,3,3.0,2.0,200,24h,843,36.737719726863816,48635.49553222679,48598.75781249955,1.0007559394803667,34.75682087781732,3103.0159667967455,0.01183935890758187,0.004009664491952767,42.221826809015425
1.5,3,3.0,2.0,200,London_NY,565,-3281.5446166989886,34165.808935547,37447.35355224587,0.9123691180974773,32.92035398230089,4034.5552978514397,-0.8133596826511563,-0.41076940460521943,51.32035398230089
1.5,3,3.0,3.0,0,24h,1042,-10312.152514648014,59879.970654297154,70192.1231689445,0.8530867560477241,24.18426103646833,11949.77238769484,-0.8629580698346063,-0.8792827636443331,61.077735124760075
1.5,3,3.0,3.0,0,London_NY,737,-15740.635791015362,42031.81730957046,57772.45310058537,0.7275408097418072,21.438263229308006,16210.261865234108,-0.9710290877394187,-1.533846194970534,72.13432835820895
1.5,3,3.0,3.0,100,24h,787,-1135.7858764645198,50651.916247558795,51787.7021240229,0.9780684249371774,26.429479034307498,7129.93779296858,-0.15929814669415657,-0.10616508379684668,65.03176620076239
1.5,3,3.0,3.0,100,London_NY,549,-6170.920324706813,35243.320361328224,41414.240686034864,0.8509952078684975,24.225865209471767,7939.44902343728,-0.7772479307430825,-0.671918627757953,79.55009107468123
1.5,3,3.0,3.0,200,24h,760,-884.5980224606274,49248.91834716816,50133.51636962841,0.9823551570582401,26.57894736842105,5113.316577148304,-0.17299887638757694,-0.08367081404572423,59.69078947368421
1.5,3,3.0,3.0,200,London_NY,515,-5950.554443359168,33411.10571289071,39361.66015624972,0.8488235907800195,24.271844660194176,7147.158581542913,-0.8325762434775268,-0.6604051481188963,72.67378640776698
1.5,3,3.0,4.0,0,24h,935,-7282.715820312122,59880.69013671895,67163.40595703047,0.8915672051388992,20.0,12008.183740234115,-0.6064793792179379,-0.5626591305518772,76.59358288770053
1.5,3,3.0,4.0,0,London_NY,665,-16852.806518554433,39328.600195312596,56181.406713866665,0.7000287549867549,16.69172932330827,17902.615258788763,-0.9413600345503176,-1.5456362139021946,91.37593984962406
1.5,3,3.0,4.0,100,24h,724,1877.7553955081285,52835.67602539078,50957.92062988229,1.0368491369407908,22.099447513812155,6165.785021972486,0.30454441548262395,0.15425059559461105,80.70994475138122
1.5,3,3.0,4.0,100,London_NY,517,-3992.019335937286,37654.9768066407,41646.996142577824,0.9041462841096507,20.309477756286267,7416.8054321286745,-0.5382397276655468,-0.38172101452591173,96.81237911025146
1.5,3,3.0,4.0,200,24h,704,2059.2498413088924,51634.40864257828,49575.158801269026,1.041537937368272,22.301136363636363,5280.703405761587,0.3899574891977683,0.17113604416285444,74.68323863636364
1.5,3,3.0,4.0,200,London_NY,490,-3533.9916992185454,36325.15478515632,39859.14648437472,0.9113379986547436,20.408163265306122,6707.5403320311825,-0.5268684978817533,-0.34187123183447027,89.9122448979592
1.5,5,1.5,1.5,0,24h,1336,-4699.75707397406,30170.430487060818,34870.18756103465,0.8652213422784818,38.622754491017965,6614.747454833314,-0.7104968263814828,-0.9980900204269485,9.742514970059881
1.5,5,1.5,1.5,0,London_NY,838,-3661.242108153954,20559.396966552893,24220.639074706836,0.8488379230266756,38.066825775656326,4713.402828979095,-0.7767725868121833,-0.9220334373588835,11.24582338902148
1.5,5,1.5,1.5,100,24h,919,-3361.5922149654643,20674.63883361828,24036.231048583755,0.8601447869189315,37.97606093579978,5136.30133056597,-0.6544772198158885,-0.8663410057829853,9.583242655059848
1.5,5,1.5,1.5,100,London_NY,598,-3806.329022216569,13909.12867431648,17715.457696533067,0.7851408026019283,36.2876254180602,4047.7101226803834,-0.940366011115447,-1.156970282197675,11.297658862876254
1.5,5,1.5,1.5,200,24h,804,-1768.1776641842657,18881.396273803846,20649.5739379881,0.9143721962741606,39.55223880597015,3795.974691772106,-0.46580333320368184,-0.4790724609397697,9.488805970149254
1.5,5,1.5,1.5,200,London_NY,513,-2417.681408691219,12739.803247070395,15157.484655761637,0.8404958696248961,37.81676413255361,2997.021871947988,-0.8066946161856963,-0.7655289132387607,11.251461988304094
1.5,5,1.5,2.0,0,24h,1304,-2203.135290526827,34954.04439697289,37157.179687499425,0.9407076826321206,32.89877300613497,5228.845703124417,-0.4213425707341827,-0.3992988414730346,12.389570552147239
1.5,5,1.5,2.0,0,London_NY,824,-2159.10657348599,23758.63732910167,25917.743902587667,0.9166938842516139,32.76699029126213,3898.6444702144327,-0.5538095586764892,-0.466230349278446,14.273058252427184
1.5,5,1.5,2.0,100,24h,908,-1093.9210327144906,24557.155859375118,25651.076892089604,0.9573537969841791,33.14977973568282,3592.3292236323823,-0.30451580704743225,-0.2391010698405565,11.993392070484582
1.5,5,1.5,2.0,100,London_NY,594,-2417.6212524411812,16458.091906738347,18875.713159179544,0.8719189451517242,31.64983164983165,3060.2855407712095,-0.7899985868089704,-0.6286253925418608,14.164983164983164
1.5,5,1.5,2.0,200,24h,795,621.6341552737231,22622.20222167977,22000.568066406064,1.0282553683794609,34.84276729559748,2177.412231444967,0.2854921756645026,0.14251129808778676,11.808805031446541
1.5,5,1.5,2.0,200,London_NY,508,-737.7226684568564,15280.555493164122,16018.278161621003,0.9539449458291698,33.85826771653543,1805.37310180655,-0.4086261547370196,-0.19919429372554132,13.988188976377952
1.5,5,1.5,3.0,0,24h,1246,-6880.159143065906,34531.64329834001,41411.80244140555,0.8338599448116168,23.515248796147674,7766.332885741559,-0.8858954727136915,-1.0993418120279732,17.22792937399679
1.5,5,1.5,3.0,0,London_NY,799,-5675.7433532711575,23686.006121826256,29361.749475097364,0.8066960091024247,22.90362953692115,6728.858557128498,-0.8434927417605355,-1.0637630861611709,20.02127659574468
1.5,5,1.5,3.0,100,24h,882,-3967.175433349248,25012.45489501964,28979.630328368814,0.8631046915230793,23.80952380952381,5679.098358153869,-0.6985572679249873,-0.7512299300720335,16.674603174603174
1.5,5,1.5,3.0,100,London_NY,580,-4807.620971679451,16562.579125976627,21370.20009765607,0.7750315415995214,22.24137931034483,5254.277630614914,-0.914991804709187,-1.0894246911883616,19.913793103448274
1.5,5,1.5,3.0,200,24h,778,-1579.349743652042,23604.210620117294,25183.560363769328,0.9372864789236002,25.44987146529563,3572.7985961910435,-0.44204835540849824,-0.3098486300982114,16.687660668380463
1.5,5,1.5,3.0,200,London_NY,498,-3049.318737792778,15364.740472412168,18414.059210204963,0.834402686393944,23.895582329317268,3725.980657958724,-0.8183936036488566,-0.7171886868535003,20.1144578313253
1.5,5,1.5,4.0,0,24h,1195,-7356.314056395988,34968.53032226574,42324.844378661386,0.8261939491003911,18.661087866108787,8970.851068114642,-0.8200240981084559,-1.0506138041007156,21.898744769874476
1.5,5,1.5,4.0,0,London_NY,776,-7049.234674071947,23548.943041992265,30598.177716064143,0.7696191342018709,17.783505154639176,7950.888470458597,-0.8865971017280986,-1.1903053563447104,25.70618556701031
1.5,5,1.5,4.0,100,24h,858,-2585.43909912076,27181.153125000063,29766.592224120748,0.9131429261484079,19.58041958041958,5641.661199950753,-0.45827620757221804,-0.41928662858530713,21.532634032634032
1.5,5,1.5,4.0,100,London_NY,568,-4551.632000732205,17553.092358398477,22104.724359130687,0.7940878191112982,17.95774647887324,5316.296832275098,-0.8561658884619398,-0.8991100498791987,25.804577464788732
1.5,5,1.5,4.0,200,24h,762,-319.22172851534015,25898.54526367195,26217.76699218728,0.9878242213148641,21.128608923884514,3165.968048095345,-0.10082910618993292,-0.053572923465064336,21.30708661417323
1.5,5,1.5,4.0,200,London_NY,493,-3026.608868408025,16345.33398437504,19371.942852783068,0.8437632770544122,19.26977687626775,3632.314459228269,-0.8332452771864544,-0.6218858228233023,25.70385395537525
1.5,5,2.0,1.5,0,24h,1249,-3699.551733397904,39187.29006347687,42886.84179687437,0.9137369044118533,38.75100080064051,6407.026672362634,-0.5774209976924709,-0.6005557528401272,16.02001601281025
1.5,5,2.0,1.5,0,London_NY,804,-2942.588476562123,27393.02160644545,30335.610083007534,0.9029988693647414,39.17910447761194,4603.737243651899,-0.6391738539421778,-0.561343881974946,18.322139303482587
1.5,5,2.0,1.5,100,24h,886,-1187.033105468363,28497.08217773452,29684.11528320281,0.9600111677864291,39.9548532731377,3301.0483154292087,-0.3595927693394038,-0.23012826195714783,15.79119638826185
1.5,5,2.0,1.5,100,London_NY,583,-2277.991101073958,19628.54053955087,21906.531640624824,0.8960131554166473,38.93653516295026,3003.2528686520363,-0.7585079248076766,-0.516590058842544,18.59862778730703
1.5,5,2.0,1.5,200,24h,778,498.88048095736394,26029.10482177746,25530.22434082008,1.0195407793639997,41.645244215938305,1988.0019531246235,0.250945669431186,0.10187441937367894,15.816195372750641
1.5,5,2.0,1.5,200,London_NY,502,-1041.8143798825963,17820.374389648503,18862.188769531116,0.9447670473129025,40.83665338645418,1874.0596069334606,-0.5559131502691773,-0.24712965778801768,18.659362549800797
1.5,5,2.0,2.0,0,24h,1198,-5912.088696288522,40471.014843750294,46383.10354003836,0.8725378802825323,32.30383973288815,6986.436596679074,-0.846223767220441,-0.8701488673899871,20.07762938230384
1.5,5,2.0,2.0,0,London_NY,780,-4917.720214843392,28551.14658203137,33468.866796874674,0.8530658284701017,32.17948717948718,5833.231689452678,-0.8430524410225874,-0.8408150812924303,23.171794871794873
1.5,5,2.0,2.0,100,24h,859,-1818.0401367183413,30482.962841797045,32301.002978515273,0.9437156753947399,33.41094295692666,3615.963012694876,-0.5027817293306346,-0.3123192125154486,19.89871944121071
1.5,5,2.0,2.0,100,London_NY,568,-3170.5239990231667,20860.066943359452,24030.5909423826,0.8680630032517712,32.21830985915493,4094.7906005858003,-0.7742823280315217,-0.6400696969081456,23.732394366197184
1.5,5,2.0,2.0,200,24h,758,507.8114501956725,28463.40375976576,27955.592309570064,1.0181649326035511,35.224274406332455,2798.9127441405562,0.18143168316295719,0.09092346426435631,19.96965699208443
1.5,5,2.0,2.0,200,London_NY,489,-1774.2411865232089,18985.2459472657,20759.487133788927,0.9145334769067871,33.94683026584867,2917.9616699217477,-0.608041292938159,-0.3747346099254166,23.918200408997958
1.5,5,2.0,3.0,0,24h,1109,-9410.443212890144,40013.95854492203,49424.40175781168,0.8095992489903573,23.264201983769162,10480.05273437445,-0.8979385363228184,-1.2123724669442713,28.943192064923352
1.5,5,2.0,3.0,0,London_NY,736,-9622.60476074185,27175.6612548829,36798.26601562457,0.7385038535061433,21.73913043478261,10371.199438476146,-0.9278198551503039,-1.4513392700427354,34.088315217391305
1.5,5,2.0,3.0,100,24h,813,-2030.5797851558827,32812.92861328134,34843.508398437094,0.941722866654644,25.092250922509226,5204.391308593352,-0.3901666236747117,-0.29147809748506054,29.08610086100861
1.5,5,2.0,3.0,100,London_NY,542,-4868.598315429435,21407.330834960987,26275.929150390395,0.8147126106344722,22.878228782287824,5856.508935546558,-0.8313140761860844,-0.837082235182457,35.276752767527675
1.5,5,2.0,3.0,200,24h,725,171.06823730501674,30993.055712890724,30821.98747558563,1.0055502013762285,26.620689655172413,3652.261914062412,0.04683898398588219,0.02546108691173459,29.328275862068963
1.5,5,2.0,3.0,200,London_NY,472,-3409.3867675779074,19732.648461914112,23142.035229492016,0.8526755864915023,24.152542372881356,4438.051757812224,-0.7682169910651502,-0.6107247838949847,35.81991525423729
1.5,5,2.0,4.0,0,24h,1046,-9919.984155272985,39966.195703125144,49886.17985839761,0.8011476488392089,18.54684512428298,11726.381274413525,-0.8459544272978721,-1.1568455082706663,36.734225621414915
1.5,5,2.0,4.0,0,London_NY,692,-11181.235156249695,26084.62968750004,37265.86484374959,0.6999604006741597,17.052023121387283,11811.13891601524,-0.946668668936623,-1.5680747028989659,44.83236994219653
1.5,5,2.0,4.0,100,24h,777,-1840.1979248043162,33552.099316406326,35392.29724121049,0.9480056942259897,20.84942084942085,5083.6490966795955,-0.3619836636651905,-0.23896256812015162,37.407979407979404
1.5,5,2.0,4.0,100,London_NY,518,-5651.856274413826,21257.062207031275,26908.918481445085,0.7899634547441577,18.725868725868725,6509.041430663808,-0.8683085419902506,-0.8997791550580823,46.05019305019305
1.5,5,2.0,4.0,200,24h,691,-1010.5094238277957,30569.198437500054,31579.707861327777,0.9680013055134945,21.273516642547033,3902.5280761717877,-0.25893713103508587,-0.13721303200358273,37.82778581765557
1.5,5,2.0,4.0,200,London_NY,449,-5324.321997070115,18545.042871093763,23869.36486816388,0.7769391005383847,18.70824053452116,6041.490722656022,-0.8812927539727119,-0.8964433017514282,46.89086859688196
1.5,5,2.5,1.5,0,24h,1143,-7639.534970092282,42979.74353332565,50619.27850341716,0.8490785488067399,37.882764654418196,8891.905166625253,-0.8591561456105493,-1.0518446203564686,24.363079615048118
1.5,5,2.5,1.5,0,London_NY,759,-6973.562155151053,30589.607144165297,37563.169299315894,0.8143510708699012,37.15415019762846,8023.469692992616,-0.869145447292147,-1.104358323033839,28.092226613965746
1.5,5,2.5,1.5,100,24h,827,-2804.355364989883,32478.283508301094,35282.63887329047,0.9205174143844349,38.694074969770256,4845.839843749192,-0.5787140011668592,-0.4520129827705721,24.419588875453446
1.5,5,2.5,1.5,100,London_NY,553,-4255.271679687266,22524.19052734392,26779.462207030905,0.8410994348284645,37.25135623869801,5177.303817748375,-0.8219088215568343,-0.793149076091842,29.350813743218804
1.5,5,2.5,1.5,200,24h,732,-562.2750274655118,30107.864071655553,30670.13909912065,0.9816670206271997,40.57377049180328,3101.8839294432228,-0.18126888054332782,-0.0948387596229285,24.42896174863388
1.5,5,2.5,1.5,200,London_NY,479,-3083.7191986082007,20297.089932251125,23380.80913085911,0.8681089614414608,39.03966597077244,3417.1108673089766,-0.9024346350918001,-0.6044788275916956,29.440501043841333
1.5,5,2.5,2.0,0,24h,1077,-9978.057452392011,44047.40787353551,54025.46532592689,0.8153082552423125,31.197771587743734,11199.389147948623,-0.8909465793694363,-1.239670707063083,31.538532961931292
1.5,5,2.5,2.0,0,London_NY,720,-9264.077636718406,31038.991003418174,40303.068640136175,0.7701396457069701,30.0,10300.41391601516,-0.8993888704136975,-1.3286998230994942,36.76388888888889
1.5,5,2.5,2.0,100,24h,793,-3761.023693847319,34362.075634765875,38123.0993286127,0.901345279893756,32.40857503152585,6182.125732421345,-0.6083706247065027,-0.539079966596755,32.09205548549811
1.5,5,2.5,2.0,100,London_NY,532,-5804.163989257586,23203.52204589858,29007.68603515587,0.7999094453027747,30.451127819548873,6838.117901610723,-0.8487955418098907,-0.9745950477658822,39.06766917293233
1.5,5,2.5,2.0,200,24h,709,-1770.715551757512,32059.596191406476,33830.31174316357,0.9476589052681456,33.85049365303244,4051.091497802342,-0.4370959166728521,-0.2644213654068966,31.713681241184766
1.5,5,2.5,2.0,200,London_NY,463,-4826.212170409963,20897.970678711063,25724.182849120793,0.8123861815663201,31.533477321814257,5155.606225585461,-0.936109539642335,-0.8522608680308036,38.69114470842333
1.5,5,2.5,3.0,0,24h,975,-12447.778015136124,42987.1201843264,55434.898199462026,0.7754523157894709,23.17948717948718,13110.17031249949,-0.9494749281226478,-1.388482288607289,45.1774358974359
1.5,5,2.5,3.0,0,London_NY,653,-13476.755291747715,28711.96366577161,42188.718957518984,0.6805602155088544,20.98009188361409,13825.650787353201,-0.9747646240331318,-1.7667213692675956,54.52986217457887
1.5,5,2.5,3.0,100,24h,738,-3636.8594482418666,36044.96428222674,39681.82373046814,0.9083494883465001,25.474254742547426,5415.5592102045985,-0.6715575081127156,-0.45432902961907545,45.89430894308943
1.5,5,2.5,3.0,100,London_NY,496,-7376.339776611117,23342.1098449708,30718.44962158164,0.7598726541384921,22.580645161290324,8141.618518066088,-0.9060041022854568,-1.0982991762762913,56.44556451612903
1.5,5,2.5,3.0,200,24h,662,-2166.140277099321,33411.63334960953,35577.77362670845,0.9391153505043165,26.132930513595166,4600.125280761384,-0.47088723564954627,-0.28096393219755234,45.522658610271904
1.5,5,2.5,3.0,200,London_NY,435,-6963.21023559552,20603.91026611336,27567.120501708654,0.7474088657477409,22.528735632183906,7685.21007080053,-0.9060533377027387,-1.0924985107833505,55.779310344827586
1.5,5,2.5,4.0,0,24h,918,-10076.10609130819,44594.45671386738,54670.56280517494,0.8156941217668645,19.389978213507625,11623.200262450522,-0.866896023796448,-1.0179529675644985,54.42374727668846
1.5,5,2.5,4.0,0,London_NY,624,-13173.177313232132,29309.246069336048,42482.423382567824,0.6899146455322688,16.987179487179485,13667.056530761354,-0.9638635271305409,-1.5906015077530895,65.91185897435898
1.5,5,2.5,4.0,100,24h,702,-971.9244873043772,38902.52321777359,39874.44770507751,0.975625380582258,21.225071225071225,3551.3577209465793,-0.2736768761906982,-0.10551128900635062,56.27207977207978
1.5,5,2.5,4.0,100,London_NY,478,-5841.050488281048,25337.002832031336,31178.05332031211,0.8126550612935349,18.619246861924687,7118.283172606886,-0.8205701215651295,-0.7620091359021536,68.69456066945607
1.5,5,2.5,4.0,200,24h,639,811.8955627444211,36988.20759277358,36176.312030028756,1.0224427399363123,22.22222222222222,3577.2951660155086,0.2269579458965174,0.0906861815066628,54.827856025039125
1.5,5,2.5,4.0,200,London_NY,424,-5022.440466308417,23130.7963378907,28153.23680419889,0.8216034447037678,19.339622641509433,6174.738153075674,-0.813385173880889,-0.6839671247818417,66.16745283018868
1.5,5,3.0,1.5,0,24h,1046,-10109.608056640249,46577.63118896515,56687.2392456048,0.8216598975152333,37.18929254302103,10897.737304687002,-0.9276795516342841,-1.205115964249946,34.733269598470365
1.5,5,3.0,1.5,0,London_NY,703,-9123.635693359127,33330.70853271496,42454.34422607387,0.7850953569138983,36.41536273115221,10197.621710204749,-0.8946826968712828,-1.2514170609889934,41.00284495021337
1.5,5,3.0,1.5,100,24h,767,-4192.788470458693,35616.88789672867,39809.676367187174,0.8946791621266639,38.85267275097784,6460.424774169567,-0.6489957885157235,-0.5858745243898472,35.52411994784876
1.5,5,3.0,1.5,100,London_NY,519,-4855.084600829873,25350.59522094734,30205.679821777165,0.8392658390913126,37.76493256262042,6253.418652343473,-0.7763888635555253,-0.7777733776778467,43.53757225433526
1.5,5,3.0,1.5,200,24h,693,-2841.7364624020684,32990.97849121108,35832.71495361304,0.9206943580445772,39.82683982683983,4773.771160888342,-0.5952812496930111,-0.412855901620935,35.25108225108225
1.5,5,3.0,1.5,200,London_NY,454,-4500.852301025208,22583.528594970783,27084.38089599598,0.833821111942397,38.54625550660793,5031.711676025144,-0.8944972587500694,-0.7559626889326148,43.56387665198238
1.5,5,3.0,2.0,0,24h,970,-8580.678833007445,48730.97473144556,57311.653564452456,0.8502803827958463,31.95876288659794,9572.564990233906,-0.8963824055267945,-0.9320752323688323,43.93917525773196
1.5,5,3.0,2.0,0,London_NY,664,-11027.00290527321,33889.298901367314,44916.30180664026,0.754498868746074,29.66867469879518,11465.613037109051,-0.9617456013545672,-1.3772105416754385,51.411144578313255
1.5,5,3.0,2.0,100,24h,731,-1068.4994140622348,39966.430493164204,41034.92990722624,0.9739612223908327,33.78932968536252,3787.6929443355903,-0.2820976857852619,-0.13106946848443893,44.21887824897401
1.5,5,3.0,2.0,100,London_NY,499,-3464.292028808397,28096.379272461025,31560.67130126935,0.8902338928174511,32.06412825651302,4670.629309081765,-0.7417184708005586,-0.4885517413501586,53.90981963927855
1.5,5,3.0,2.0,200,24h,667,-905.6284667966338,36724.65217285167,37630.280639648154,0.9759335181294849,34.78260869565217,3653.492517089773,-0.2478802030003941,-0.11636070862000292,43.20989505247376
1.5,5,3.0,2.0,200,London_NY,440,-4414.447021484207,24529.014965820374,28943.461987304552,0.8474803386194615,32.27272727272727,4955.711755370859,-0.8907796174182155,-0.6608452116993757,52.9
1.5,5,3.0,3.0,0,24h,861,-12345.243066405908,46028.28654785175,58373.52961425716,0.7885129929955408,24.15795586527294,13276.716357421483,-0.9298415914041204,-1.2215610201815517,61.18583042973287
1.5,5,3.0,3.0,0,London_NY,590,-13945.32470703105,31741.800439453204,45687.12514648402,0.6947646703022193,21.864406779661017,14365.859301757591,-0.97072680541462,-1.5928538587384269,73.86949152542373
1.5,5,3.0,3.0,100,24h,656,-2570.488061523156,39505.83144531265,42076.31950683557,0.9389089138106452,26.524390243902438,4918.844946288725,-0.5225796075281033,-0.28090720471078384,64.34298780487805
1.5,5,3.0,3.0,100,London_NY,451,-5544.507409667778,27284.920568847723,32829.42797851544,0.831111665628283,24.6119733924612,6763.132104491974,-0.8198135603450947,-0.7050309578184908,78.95565410199556
1.5,5,3.0,3.0,200,24h,607,-1544.3678466794154,37415.25118408217,38959.61903076139,0.960359780585641,27.01812191103789,3968.257739257526,-0.389180327527912,-0.17325086267752768,61.02965403624382
1.5,5,3.0,3.0,200,London_NY,405,-5681.793823242021,24642.63952636724,30324.433349609237,0.8126331411460582,24.691358024691358,6775.6351440427625,-0.8385625409947786,-0.7528810894018277,74.73333333333333
1.5,5,3.0,4.0,0,24h,787,-12079.447375487975,44651.07856445325,56730.52593994078,0.7870732348176052,19.313850063532403,13919.707373046527,-0.8677946347405301,-1.111264618851384,76.59466327827192
1.5,5,3.0,4.0,0,London_NY,549,-15505.428198242009,29884.43510742193,45389.863305663705,0.6583944724877147,16.939890710382514,16257.071166991955,-0.9537651671061103,-1.6908823090683733,92.5846994535519
1.5,5,3.0,4.0,100,24h,622,-71.64323730444039,42137.262792968846,42208.90603027308,0.9983026511690957,21.864951768488744,3822.1239257810867,-0.018744352275233835,-0.0068394202966239265,76.68488745980707
1.5,5,3.0,4.0,100,London_NY,430,-3270.284362792795,29854.844628906307,33125.128991699035,0.9012748187754305,20.697674418604652,5584.93297119121,-0.5855548096390629,-0.36357809035075284,95.66744186046512
1.5,5,3.0,4.0,200,24h,581,1076.1928466799213,40475.20834960946,39399.01550292935,1.0273152217877142,22.547332185886404,3266.802099609342,0.3294331318106527,0.10515791491772482,72.60929432013769
1.5,5,3.0,4.0,200,London_NY,394,-3758.701025390469,27329.537304687547,31088.238330077984,0.8790957214917553,20.81218274111675,5582.509863281076,-0.6732994866902613,-0.4354716929364027,90.29949238578679
1.5,8,1.5,1.5,0,24h,823,-3686.010403442101,18021.819204712003,21707.829608154098,0.8301990355563911,37.78857837181045,4921.339123534778,-0.7489852479002919,-1.0087431597363619,9.855407047387606
1.5,8,1.5,1.5,0,London_NY,508,-3207.692913818189,12061.362994384825,15269.055908203027,0.7899219877703816,36.023622047244096,3942.439532470471,-0.8136314805589766,-1.031218743869023,11.478346456692913
1.5,8,1.5,1.5,100,24h,591,-2815.0013977049002,13198.510516357463,16013.511914062386,0.8242108656232423,36.88663282571912,4068.068902587649,-0.6919748571402791,-0.8915069849879124,9.818950930626057
1.5,8,1.5,1.5,100,London_NY,393,-3505.297314453005,8756.01618041996,12261.313494872978,0.7141173075854601,33.333333333333336,3733.8264556883432,-0.9387949215242228,-1.3057229391108043,11.534351145038169
1.5,8,1.5,1.5,200,24h,508,-1774.9925964354043,11795.95784301763,13570.950439453058,0.8692064638836774,37.99212598425197,2989.926803588659,-0.593657541818405,-0.5961589792863614,9.456692913385826
1.5,8,1.5,1.5,200,London_NY,332,-2335.5333740233505,8026.64889526371,10362.182269287065,0.7746098926530421,34.63855421686747,2578.5315429686116,-0.9057610252595545,-0.9049326893539117,11.19277108433735
1.5,8,1.5,2.0,0,24h,812,-2002.7877380368295,21135.16226806648,23137.95000610331,0.9134414354984545,32.142857142857146,4464.8350158688,-0.44856925976403916,-0.46665269088009637,12.086206896551724
1.5,8,1.5,2.0,0,London_NY,503,-2272.120831298648,13996.360119628953,16268.480950927624,0.8603360179630591,31.21272365805169,3538.0051879880493,-0.6422039286467894,-0.628577419709231,14.029821073558647
1.5,8,1.5,2.0,100,24h,588,-1408.953106689271,15703.140527343789,17112.09363403308,0.9176633124606611,32.142857142857146,3487.640722656013,-0.403984589793493,-0.378488289666662,11.846938775510203
1.5,8,1.5,2.0,100,London_NY,392,-2857.7355529783927,10217.809533691436,13075.545086669841,0.781444250772246,29.081632653061224,3412.93434448225,-0.8373250887754531,-0.9188911073541849,13.897959183673468
1.5,8,1.5,2.0,200,24h,506,-73.29033813462729,14323.754577636753,14397.044915771408,0.9949093485112095,33.59683794466403,2130.3839965818424,-0.03440240738393648,-0.02073446103465893,11.462450592885375
1.5,8,1.5,2.0,200,London_NY,331,-1374.1236206053804,9590.170031738311,10964.2936523437,0.8746728549803425,31.117824773413897,1941.833282470585,-0.7076424289407017,-0.45506143302982555,13.570996978851964
1.5,8,1.5,3.0,0,24h,788,-3268.265026855186,22383.310699462963,25651.575726318108,0.8725900871850942,24.111675126903553,5117.533276366782,-0.6386406986249256,-0.6494142695300497,16.34390862944162
1.5,8,1.5,3.0,0,London_NY,494,-3966.546667480291,14398.486676025432,18365.033343505725,0.784016364507013,22.672064777327936,4724.1481140134465,-0.8396321562641422,-0.9511367385229145,18.91497975708502
1.5,8,1.5,3.0,100,24h,578,-2147.328045654101,16921.958380127006,19069.28642578111,0.8873933718489341,24.39446366782007,3879.9286865231434,-0.5534452355046635,-0.48821334354815776,16.18166089965398
1.5,8,1.5,3.0,100,London_NY,387,-3846.8502075193937,10720.692462158244,14567.542669677654,0.73593005390493,21.44702842377261,4459.209674072071,-0.862675336817369,-1.0669583784851904,18.958656330749356
1.5,8,1.5,3.0,200,24h,499,-285.93201293930406,15897.183374023487,16183.115386962796,0.9823314605314093,25.851703406813627,2093.1461975095335,-0.1366039377849056,-0.06710221918701859,16.334669338677354
1.5,8,1.5,3.0,200,London_NY,328,-2044.3194091795885,10312.486181640656,12356.805590820255,0.8345592318213452,23.170731707317074,2826.7138427732752,-0.7232141358793915,-0.5728699766043607,19.38719512195122
1.5,8,1.5,4.0,0,24h,769,-3921.090338134509,22887.170336914103,26808.260675048572,0.8537357426629333,19.245773732119638,5380.767108153931,-0.7287232952700274,-0.6975271691741046,20.93368010403121
1.5,8,1.5,4.0,0,London_NY,485,-4313.015441894372,14878.039355468763,19191.05479736314,0.7752590731757492,18.144329896907216,4969.38605957008,-0.8679171612332948,-0.9225070688059703,24.76701030927835
1.5,8,1.5,4.0,100,24h,570,-2325.3428344724825,17710.92575683596,20036.268591308435,0.8839433188931601,19.473684210526315,4540.161938476314,-0.5121717828533824,-0.4613930750656232,21.04561403508772
1.5,8,1.5,4.0,100,London_NY,382,-3938.9991333006656,11233.330322265641,15172.329455566318,0.7403827049210585,17.015706806282722,5079.312548827943,-0.7754984745346285,-0.9536131255013464,24.98167539267016
1.5,8,1.5,4.0,200,24h,496,-573.7356811522045,16748.7290527344,17322.464733886605,0.9668790965970421,20.766129032258064,2644.4679565427487,-0.2169569420316513,-0.1172371190927287,21.239919354838708
1.5,8,1.5,4.0,200,London_NY,327,-2648.935778808509,10544.713281250015,13193.649060058535,0.7992264485169831,18.04281345565749,3929.0762268065064,-0.674187932709446,-0.656379866844414,25.529051987767584
1.5,8,2.0,1.5,0,24h,792,-2885.4828369137476,24311.458007812602,27196.94084472635,0.8939041396829284,37.878787878787875,4520.85220947226,-0.6382608196896982,-0.594909719949948,16.05808080808081
1.5,8,2.0,1.5,0,London_NY,500,-2347.490661620875,16852.826892089914,19200.317553710796,0.8777368835148672,38.6,3348.852819823959,-0.7009835271722323,-0.5650437262225417,18.468
1.5,8,2.0,1.5,100,24h,578,-1783.187145995871,18308.826281738337,20092.013427734222,0.9112489570838906,38.581314878892734,3290.2475585935354,-0.541961391731302,-0.4237915510053525,15.847750865051903
1.5,8,2.0,1.5,100,London_NY,389,-2845.6975463865615,12502.461145019572,15348.158691406146,0.8145902968816736,37.01799485861183,3157.6364013670263,-0.9012112810564833,-0.7910778027365416,18.4293059125964
1.5,8,2.0,1.5,200,24h,498,-245.05610351542828,16595.456738281297,16840.512841796735,0.9854484180014262,40.562248995983936,2070.2063964841873,-0.11837278830342947,-0.06176162847168231,15.457831325301203
1.5,8,2.0,1.5,200,London_NY,328,-1504.4946411131468,11415.922448730507,12920.417089843662,0.883556805430392,39.329268292682926,1843.9921997068686,-0.81588991610285,-0.4366520579288745,18.024390243902438
1.5,8,2.0,2.0,0,24h,773,-2905.7249267574593,26454.939306640732,29360.664233398187,0.9010334063405776,32.470892626131956,4358.230322265213,-0.6667212863700132,-0.5316791638044196,19.800776196636484
1.5,8,2.0,2.0,0,London_NY,492,-3134.055834960702,18077.348437500066,21211.40427246077,0.8522466596410253,32.113821138211385,3966.5745605465963,-0.7901164561819878,-0.670334793674157,23.1849593495935
1.5,8,2.0,2.0,100,24h,567,-1794.187548827872,20005.641064453208,21799.828613281097,0.9176971718146987,32.98059964726632,3336.094238280971,-0.537810811289427,-0.3768254094440343,19.8994708994709
1.5,8,2.0,2.0,100,London_NY,382,-3184.9819824216956,13531.74477539068,16716.72675781238,0.8094733479487405,31.151832460732983,3713.325976562288,-0.8577167753449642,-0.7858023607904712,23.578534031413614
1.5,8,2.0,2.0,200,24h,491,508.14523925803314,18821.164355468827,18313.01911621081,1.0277477589049313,35.234215885947044,2037.0720703124334,0.24944882739475044,0.1111271909506251,19.804480651731158
1.5,8,2.0,2.0,200,London_NY,323,-1225.3383300779728,12804.046289062555,14029.384619140534,0.9126591533882229,33.746130030959755,2079.8194580077125,-0.5891561045648362,-0.31096075354582114,23.563467492260063
1.5,8,2.0,3.0,0,24h,736,-4080.8944335934484,27892.750097656302,31973.644531249694,0.8723669292812429,24.592391304347824,4652.596533202745,-0.877121926320194,-0.6408703220113192,28.578804347826086
1.5,8,2.0,3.0,0,London_NY,475,-4999.422363281046,18494.85302734378,23494.275390624818,0.7872067863273615,23.157894736842106,5517.130566406014,-0.9061635034926834,-0.9310238638208173,34.061052631578946
1.5,8,2.0,3.0,100,24h,553,-2244.3375976560355,21808.52812500002,24052.865722656068,0.9066914677221998,24.95479204339964,4121.190649413781,-0.5445847544022943,-0.39476747697929493,28.549728752260396
1.5,8,2.0,3.0,100,London_NY,374,-4158.3027099607825,14283.13378906252,18441.436499023293,0.774513080356782,22.727272727272727,5108.7852783201115,-0.813951357009886,-0.8775872180819528,34.29411764705882
1.5,8,2.0,3.0,200,24h,482,-306.5831787107436,20472.222827148464,20778.806005859224,0.9852453900082464,26.556016597510375,2729.8811035155595,-0.11230642181299533,-0.05584940158448198,29.022821576763487
1.5,8,2.0,3.0,200,London_NY,319,-2875.3848632811173,13148.508154296893,16023.89301757801,0.8205564115956805,23.82445141065831,4042.169897460768,-0.7113468597862233,-0.6269382098061203,35.24451410658307
1.5,8,2.0,4.0,0,24h,716,-696.0825439449945,31539.55078125006,32235.633325194976,0.9784064256804638,20.949720670391063,4409.152807617064,-0.15787217506784343,-0.09328073414148202,35.39245810055866
1.5,8,2.0,4.0,0,London_NY,466,-3898.9150634763537,20235.829589843757,24134.744653320115,0.8384521933220453,19.313304721030043,5786.232861328029,-0.6738261589046198,-0.6325599755551018,42.73390557939914
1.5,8,2.0,4.0,100,24h,541,1257.8858398439775,25440.24052734377,24182.354687499806,1.0520166814232603,21.811460258780038,4090.3806640624352,0.30752292834151174,0.18555471344015015,35.28280961182995
1.5,8,2.0,4.0,100,London_NY,370,-2735.283691406098,16220.712597656264,18955.996289062357,0.8557035119813587,19.45945945945946,3884.319897460776,-0.7041860000238869,-0.49307599567416005,41.902702702702705
1.5,8,2.0,4.0,200,24h,471,2542.588354492393,23515.965136718783,20973.376782226384,1.121229327108026,22.929936305732483,2938.0099365233764,0.865411761507214,0.3899374800458953,36.1932059447983
1.5,8,2.0,4.0,200,London_NY,314,-2082.216040038934,14444.51728515626,16526.7333251952,0.8740092189383502,19.745222929936304,3535.242187499909,-0.5889882303965879,-0.39114972671251064,43.398089171974526
1.5,8,2.5,1.5,0,24h,751,-4398.000588988957,28148.96686096216,32546.967449950702,0.8648721852273458,37.68308921438083,5836.632247924064,-0.7535168230880418,-0.7533864682363632,24.426098535286286
1.5,8,2.5,1.5,0,London_NY,480,-3524.3381958005875,19865.26668090834,23389.604876708712,0.8493203192453286,38.125,4585.743731688889,-0.7685423351170574,-0.6946837534227133,29.15
1.5,8,2.5,1.5,100,24h,552,-2855.1034271238086,21285.25648498551,24140.359912109074,0.8817290447400741,38.04347826086956,4019.2347991937568,-0.7103599490371977,-0.5614361934815633,24.96014492753623
1.5,8,2.5,1.5,100,London_NY,373,-3356.181591796726,15043.589007568453,18399.770599365045,0.8175965524313433,36.997319034852545,4265.332083129439,-0.7868511821321832,-0.757222964685982,30.16353887399464
1.5,8,2.5,1.5,200,24h,480,-892.0100097654358,19622.11384277358,20514.123852538825,0.95651727482113,40.0,2538.8728301997207,-0.35134095696130857,-0.1842774116903976,24.81875
1.5,8,2.5,1.5,200,London_NY,318,-1791.0169036863954,13855.62734069832,15646.64424438463,0.8855334808082518,39.62264150943396,2322.9129302974234,-0.7710219700129163,-0.42236513905536244,30.154088050314467
1.5,8,2.5,2.0,0,24h,718,-3914.8049743649517,30667.987500000207,34582.792474364745,0.8867990496352637,32.31197771587744,6409.250665282797,-0.610805409058255,-0.5922979773815797,31.16434540389972
1.5,8,2.5,2.0,0,London_NY,465,-4294.223083495908,21102.69414062512,25396.917224120807,0.8309155774458629,31.827956989247312,5899.356903075917,-0.7279137631522015,-0.7573189298773964,36.98279569892473
1.5,8,2.5,2.0,100,24h,541,-2799.490289306432,23418.018518066543,26217.508807372717,0.8932205836231504,32.1626617375231,4386.807684325488,-0.6381611620015386,-0.48230659342783466,31.76709796672828
1.5,8,2.5,2.0,100,London_NY,368,-4041.2150390623538,16120.4174682618,20161.632507324008,0.7995591360176723,30.706521739130434,5234.920355224148,-0.7719725926736316,-0.8127350806759115,38.35326086956522
1.5,8,2.5,2.0,200,24h,473,-1828.0297363279396,21148.5438598634,22976.573596191134,0.9204394106599615,32.98097251585624,3037.7709594720563,-0.6017668088596247,-0.3313581220402289,32.133192389006346
1.5,8,2.5,2.0,200,London_NY,316,-3317.4363037108105,14423.469238281317,17740.905541992026,0.8130063713005817,31.645569620253166,3970.9808898921774,-0.8354198611620334,-0.7009959559598542,39.01898734177215
1.5,8,2.5,3.0,0,24h,685,-2180.646606445034,34237.319415283375,36417.966021727996,0.9401216804600349,25.985401459854014,4713.233276366813,-0.4626646886712091,-0.2799968331176102,44.39124087591241
1.5,8,2.5,3.0,0,London_NY,448,-5010.239971923652,22529.865551757903,27540.105523681334,0.818074772167623,23.883928571428573,6237.690832519329,-0.8032203112413758,-0.7594242773259073,54.40848214285714
1.5,8,2.5,3.0,100,24h,526,-257.79543457010277,27414.725457763787,27672.52089233361,0.9906840639646516,26.425855513307983,3170.0122741698005,-0.08132316605544286,-0.0366901275081991,43.73574144486692
1.5,8,2.5,3.0,100,London_NY,360,-3850.0174865721237,17996.966156005925,21846.983642577892,0.8237734989159504,23.61111111111111,4870.90225830035,-0.7904115669764121,-0.6503162260415416,53.486111111111114
1.5,8,2.5,3.0,200,24h,460,1240.090240478703,25333.363140869238,24093.272900390308,1.051470393649127,27.608695652173914,2965.3902465819274,0.4181878732177323,0.18339500581047383,43.83913043478261
1.5,8,2.5,3.0,200,London_NY,308,-3052.07355957019,16079.319305419975,19131.392864990048,0.8404677808297331,24.350649350649352,4310.460693358998,-0.7080620325044216,-0.5401411978113392,53.97077922077922
1.5,8,2.5,4.0,0,24h,657,-1122.0564453122324,36137.8859619142,37259.94240722604,0.969885717131591,21.461187214611872,4763.430328368777,-0.23555638856094646,-0.12676576277213725,55.541856925418564
1.5,8,2.5,4.0,0,London_NY,434,-4401.589422607253,23965.082177734454,28366.671600341484,0.8448323622657922,19.35483870967742,5994.630078124782,-0.7342553861111881,-0.5887686211434713,66.85483870967742
1.5,8,2.5,4.0,100,24h,505,1118.5817260744216,29504.80197753916,28386.220251464467,1.039405800284981,21.980198019801982,2696.1978332517974,0.41487375751108596,0.1378447299808528,55.49306930693069
1.5,8,2.5,4.0,100,London_NY,351,-2359.584832763535,20065.138085937557,22424.722918700936,0.8947775256212588,19.65811965811966,4135.579418945117,-0.5705572529823175,-0.3434040452619026,65.7948717948718
1.5,8,2.5,4.0,200,24h,448,2303.72426147479,27387.897875976647,25084.173614501633,1.091839751106777,22.991071428571427,2543.1483886717906,0.9058552272201291,0.29441690514300284,55.20982142857142
1.5,8,2.5,4.0,200,London_NY,303,-1776.6562622069114,18015.48859863286,19792.144860839653,0.9102342735111013,20.462046204620464,3465.3412475582018,-0.5126930178835358,-0.2710004665688099,65.84488448844884
1.5,8,3.0,1.5,0,24h,716,-5872.788934325916,31885.424908447392,37758.21384277323,0.8444632746988411,37.98882681564246,7375.076086425497,-0.7963021486836348,-0.8606973595123418,33.108938547486034
1.5,8,3.0,1.5,0,London_NY,461,-5296.416955566251,22264.60330810552,27561.020263671773,0.8078294306634407,38.17787418655097,6103.44818115226,-0.8677745429086856,-0.8963914038533249,40.27114967462039
1.5,8,3.0,1.5,100,24h,537,-3477.709674072073,24744.34441528328,28222.054089355355,0.8767733325483287,38.919925512104285,4684.837188720492,-0.74233309162701,-0.5817292332162095,33.798882681564244
1.5,8,3.0,1.5,100,London_NY,364,-3833.8705810545503,17621.74155273442,21455.612133788985,0.8213115264599297,38.73626373626374,4529.343011474421,-0.8464518079867226,-0.7370000686770688,41.557692307692314
1.5,8,3.0,1.5,200,24h,470,-1649.3128662107665,22642.81732177741,24292.130187988187,0.9321050540464204,40.42553191489362,2490.8999511716847,-0.6621353320252596,-0.2899918099580244,34.18936170212766
1.5,8,3.0,1.5,200,London_NY,311,-2535.5961242674584,15961.708013916059,18497.304138183536,0.8629207745450156,40.51446945337621,3478.4929870605056,-0.7289352411229553,-0.5107546060191261,42.52411575562701
1.5,8,3.0,2.0,0,24h,680,-5242.195373534934,34211.19692382823,39453.39229736304,0.8671294135109091,32.94117647058823,5781.045104980364,-0.9067902564916487,-0.6919450847093087,42.16617647058823
1.5,8,3.0,2.0,0,London_NY,444,-5661.46378173815,23668.693920898477,29330.157702636636,0.8069746559450234,31.98198198198198,6211.438000488252,-0.9114578268821372,-0.8634596083785302,51.2454954954955
1.5,8,3.0,2.0,100,24h,522,-2643.870043945142,27340.275317382853,29984.14536132799,0.9118243987919341,33.14176245210728,3666.9381225583393,-0.7210020882764648,-0.3894822946968597,42.58045977011494
1.5,8,3.0,2.0,100,London_NY,355,-3185.1980590819107,19534.71542968753,22719.91348876943,0.85980588963702,32.67605633802817,4692.779528808505,-0.6787444497505791,-0.5402391847451982,52.540845070422534
1.5,8,3.0,2.0,200,24h,461,-1116.3668457029803,25182.614599609406,26298.981445312398,0.9575509474378531,34.92407809110629,2222.0851684569934,-0.5023960654389232,-0.17273798638407561,42.77006507592191
1.5,8,3.0,2.0,200,London_NY,306,-2764.041101074122,17335.477685546895,20099.518786621033,0.8624822250513787,33.98692810457516,4174.717199706966,-0.6620906204779899,-0.4967444771874026,53.287581699346404
1.5,8,3.0,3.0,0,24h,634,-2119.843908691171,38199.00223388687,40318.84614257788,0.9474230016108425,26.971608832807572,4660.057714843699,-0.4548964923629217,-0.2374841204847274,58.81072555205047
1.5,8,3.0,3.0,0,London_NY,417,-4462.494555663911,26102.995739746162,30565.490295410076,0.8540021929131615,25.65947242206235,5938.210144042933,-0.751488150034666,-0.5815740898716822,71.75299760191847
1.5,8,3.0,3.0,100,24h,491,1067.218603515821,31922.783154296965,30855.5645507811,1.034587557189546,27.90224032586558,2986.5041137694716,0.3573471064698489,0.12971992977600805,59.167006109979624
1.5,8,3.0,3.0,100,London_NY,340,-956.5501708982993,22921.25090332036,23877.801074218653,0.9599397713413779,27.352941176470587,3489.643139648473,-0.2741111720078795,-0.13452108215779784,72.12058823529412
1.5,8,3.0,3.0,200,24h,437,2309.9625976564266,29598.390209961013,27288.42761230457,1.0846498974024747,29.06178489702517,2942.772973632771,0.7849611976029678,0.2916974976045555,58.4279176201373
1.5,8,3.0,3.0,200,London_NY,294,-596.5796264647201,20534.492419433634,21131.072045898363,0.9717676592475332,28.231292517006803,3280.1261352538895,-0.18187703821900236,-0.08791836808018914,71.72789115646258
1.5,8,3.0,4.0,0,24h,582,-1720.6212646482413,38301.997705078225,40022.61896972632,0.9570087788120614,22.164948453608247,6175.603820800752,-0.2786158753987459,-0.1740658181144666,77.40893470790378
1.5,8,3.0,4.0,0,London_NY,389,-4396.204748535038,26321.070410156302,30717.275158691322,0.8568816821862165,20.822622107969153,6731.058288574174,-0.6531223709646817,-0.5221822415730233,95.2956298200514
1.5,8,3.0,4.0,100,24h,464,3372.942834472824,34301.29897460944,30928.356140136573,1.1090566475369736,23.49137931034483,2299.5710693359797,1.4667704249065845,0.35768121661337837,74.85129310344827
1.5,8,3.0,4.0,100,London_NY,324,1290.5373779298088,25473.301367187545,24182.76398925772,1.0533659997882416,23.45679012345679,3723.50129394533,0.3465924343918751,0.15786240677716662,91.37654320987654
1.5,8,3.0,4.0,200,24h,420,3273.6428833009336,31231.976220703174,27958.333337402233,1.117090058402069,23.571428571428573,2489.794201660132,1.314824687565804,0.3620280859801087,73.01666666666668
1.5,8,3.0,4.0,200,London_NY,287,525.4498413087049,22485.304150390664,21959.854309081966,1.0239277471477297,23.34494773519164,3350.069726562513,0.1568474342914247,0.06775016600340736,89.69337979094077
1.8,3,1.5,1.5,0,24h,3117,-11035.22940368531,75155.4397247326,86190.66912841651,0.8719672382721336,38.72313121591274,12478.429104612882,-0.8843444404076419,-1.413811375617249,9.060956047481552
1.8,3,1.5,1.5,0,London_NY,1913,-7367.415203856538,51014.430639649094,58381.845843504605,0.8738064016748592,39.25771040250915,8132.944512938411,-0.9058730441522108,-1.127166846894966,9.966021955044432
1.8,3,1.5,1.5,100,24h,2165,-8549.566558837028,51789.31157226632,60338.87813110212,0.8583074988524046,38.93764434180139,9093.675698851433,-0.9401662036306037,-1.3250602572736134,8.639722863741339
1.8,3,1.5,1.5,100,London_NY,1397,-6300.663897704458,36433.79749145538,42734.461389159485,0.8525624591280702,39.08375089477452,6387.562359618505,-0.986395676938763,-1.1485923636058424,9.547602004294918
1.8,3,1.5,1.5,200,24h,1936,-6904.388955687723,46425.89548034723,53330.28443603405,0.8705353059954489,39.41115702479339,7627.540487670082,-0.905192042814937,-1.1382810462235227,8.558367768595042
1.8,3,1.5,1.5,200,London_NY,1223,-5012.234616088344,32210.63149719262,37222.866113280776,0.8653452799460857,39.41128372853638,5160.325253295258,-0.971302073040387,-0.9780854915242605,9.469337694194603
1.8,3,1.5,2.0,0,24h,2976,-9153.287316893251,81785.35332031331,90938.64063720568,0.8993465566149282,32.86290322580645,9847.955401609684,-0.9294606792590787,-1.0400491290226246,11.537970430107528
1.8,3,1.5,2.0,0,London_NY,1864,-6790.40250244052,56025.88590087952,62816.28840331896,0.8919006092999174,33.047210300429185,7427.711633299893,-0.9141984554163101,-0.9171306769226824,12.640557939914164
1.8,3,1.5,2.0,100,24h,2110,-6696.321136473716,57795.48562011787,64491.80675659031,0.8961678781655755,33.60189573459716,6936.666680907294,-0.9653514352801307,-0.9192174927321859,10.848341232227488
1.8,3,1.5,2.0,100,London_NY,1377,-5113.602740477884,40952.13084716834,46065.733587645744,0.8889933505400897,33.6238198983297,5626.430761718318,-0.9088537577446674,-0.8220997258788045,12.080610021786493
1.8,3,1.5,2.0,200,24h,1893,-4938.619091796104,52165.65845947322,57104.2775512683,0.9135157766883368,33.914421553090335,5614.62226562418,-0.8795995274754383,-0.7187743299871293,10.603275224511359
1.8,3,1.5,2.0,200,London_NY,1210,-3721.5391235346237,36502.97454834011,40224.51367187443,0.9074808174464898,33.88429752066116,4355.981048583628,-0.8543515414844846,-0.6389061327458605,11.762809917355371
1.8,3,1.5,3.0,0,24h,2712,-10676.800067137547,83803.75460815473,94480.5546752917,0.8869947355428774,24.70501474926254,11977.973266600138,-0.8913695021268051,-1.0548538645027965,16.640486725663717
1.8,3,1.5,3.0,0,London_NY,1748,-11793.301403807816,56150.85844726606,67944.15985107279,0.8264265621996572,23.91304347826087,12006.393774413422,-0.9822517589703145,-1.4012367125684122,18.62128146453089
1.8,3,1.5,3.0,100,24h,2017,-6144.2902099600815,63409.69984741267,69553.99005737153,0.9116615710343756,25.68170550322261,7165.453198241295,-0.8574880108725224,-0.7060051255307719,15.537927615270203
1.8,3,1.5,3.0,100,London_NY,1329,-7331.859777831443,43347.1093078616,50678.96908569245,0.8553273693189478,24.755455229495862,7586.909497069738,-0.9663829231999141,-1.0034773092124742,17.897667419112114
1.8,3,1.5,3.0,200,24h,1820,-7000.452148436749,55714.75431518602,62715.206463621624,0.8883771170793122,25.384615384615383,8029.380120848855,-0.871854619294904,-0.8660787419436271,15.368131868131869
1.8,3,1.5,3.0,200,London_NY,1173,-7871.482830810055,37230.3537109377,45101.83654174734,0.8254731196251043,24.04092071611253,7975.66212768504,-0.9869378497725776,-1.1681892110663836,17.71014492753623
1.8,3,1.5,4.0,0,24h,2481,-7949.416192625907,84141.38920898472,92090.80540161002,0.9136785028868222,19.871019750100764,9820.763073729348,-0.8094499513882669,-0.7015251983298905,21.683192261185006
1.8,3,1.5,4.0,0,London_NY,1624,-10910.117437743407,56450.25275878938,67360.37019653182,0.838033588504474,18.90394088669951,11632.745123290366,-0.9378798660257622,-1.151225485194789,24.53448275862069
1.8,3,1.5,4.0,100,24h,1899,-3185.5875610343883,66753.04262695355,69938.63018798677,0.954451673524764,21.011058451816744,7215.6909057612,-0.441480601461314,-0.318335593222928,20.706161137440755
1.8,3,1.5,4.0,100,London_NY,1255,-6660.038879393978,44748.87958984397,51408.91846923736,0.8704497375610285,19.681274900398407,7511.5342407223125,-0.8866416188703343,-0.7961008124916085,24.228685258964145
1.8,3,1.5,4.0,200,24h,1733,-2807.6522338860586,60432.16218261757,63239.814416502515,0.9556030918213402,21.17714945181766,6686.446166991702,-0.419902017269848,-0.2993420472549184,20.2735141373341
1.8,3,1.5,4.0,200,London_NY,1126,-6823.516015624535,39339.46484375019,46162.98085937428,0.8521864080569129,19.538188277087034,7488.2089782711955,-0.9112347205352542,-0.8843630648565873,23.69360568383659
1.8,3,2.0,1.5,0,24h,2746,-8700.028771971516,91275.48365478592,99975.51242675698,0.9129784028029385,39.949016751638744,9692.555322264674,-0.8975990832868155,-0.8860812665024216,15.541150764748727
1.8,3,2.0,1.5,0,London_NY,1779,-6272.924780272645,64879.323193360164,71152.24797363173,0.911837995862109,40.02248454187746,7710.45185546808,-0.813561241008726,-0.745504491024724,16.975267003934796
1.8,3,2.0,1.5,100,24h,1989,-5159.672277831225,66474.51326904379,71634.18554687382,0.9279719279497664,40.92508798391151,5916.185620116381,-0.8721281935927031,-0.6244619710858561,14.793866264454499
1.8,3,2.0,1.5,100,London_NY,1327,-3740.2061035150473,48453.07194824272,52193.27805175711,0.9283393141200015,41.296156744536546,5129.89035644495,-0.7291005935080134,-0.5235417212571052,16.54785229841748
1.8,3,2.0,1.5,200,24h,1794,-3002.7262329093696,60492.99459228589,63495.720825194185,0.9527097858897469,41.47157190635451,4160.9592651359035,-0.7216427851310138,-0.38475067660080675,14.61371237458194
1.8,3,2.0,1.5,200,London_NY,1172,-2906.4121582025678,43043.163696289485,45949.57585449159,0.9367477913744877,41.382252559726965,4230.096936034788,-0.687079327531199,-0.43436819949730304,16.16638225255973
1.8,3,2.0,2.0,0,24h,2520,-10053.540405272399,93055.7956542975,103109.3360595696,0.9024963132391441,33.13492063492063,12457.447827147254,-0.8070305045439353,-0.9315287910304633,20.56031746031746
1.8,3,2.0,2.0,0,London_NY,1664,-9003.176245116487,66187.83623046936,75191.01247558488,0.8802626012245954,32.93269230769231,11398.537841796495,-0.7898536084254048,-0.9758269204002223,22.725360576923077
1.8,3,2.0,2.0,100,24h,1909,-5105.799291991402,71792.76748046941,76898.56677245967,0.9336034531423953,34.25877422734416,6866.3727539052725,-0.7435948316507376,-0.5458690310314943,19.181770560502883
1.8,3,2.0,2.0,100,London_NY,1279,-5547.29733886667,51286.550830078544,56833.848168944474,0.9023944793888315,33.85457388584832,7142.639404296619,-0.776645302229554,-0.6912401795167685,21.7982799061767
1.8,3,2.0,2.0,200,24h,1721,-4035.1939941398678,64580.79804687563,68615.99204101444,0.9411916395273158,34.6891342242882,6023.798608397828,-0.6698753156379382,-0.4604524514993111,19.032539221382915
1.8,3,2.0,2.0,200,London_NY,1129,-5754.355688476062,44639.52045898467,50393.87614746023,0.8858124016569507,33.392382639503985,7241.73937988245,-0.7946096078052272,-0.772965706843824,21.518157661647475
1.8,3,2.0,3.0,0,24h,2164,-4500.106909178812,95170.01760253943,99670.12451171802,0.954849992099192,25.600739371534196,7874.68691406158,-0.5714648668943413,-0.3601593790433325,29.707486136783732
1.8,3,2.0,3.0,0,London_NY,1484,-7867.868017577495,68000.78012695351,75868.64814453022,0.8962961880830093,24.663072776280323,10567.106372069637,-0.7445622046895817,-0.7314613128818113,33.371293800539085
1.8,3,2.0,3.0,100,24h,1715,148.22961425849826,77808.97348632854,77660.7438720691,1.0019086813603488,26.88046647230321,4419.294921874364,0.033541462355182516,0.01326751283470307,28.323615160349853
1.8,3,2.0,3.0,100,London_NY,1167,-3098.011401366689,55477.26899414093,58575.28039550694,0.9471106005733497,25.878320479862897,5083.9694580074265,-0.6093686098934396,-0.3218580935275663,33.044558697515
1.8,3,2.0,3.0,200,24h,1584,820.0106445319193,71597.68342285202,70777.67277831916,1.011585724881082,27.272727272727273,5435.021191405761,0.15087533528453909,0.07760260892308841,27.604166666666668
1.8,3,2.0,3.0,200,London_NY,1059,-4728.540014647954,48604.548364258066,53333.08837890549,0.9113394675167981,25.401322001888573,6284.875122069983,-0.7523681732423292,-0.5305221701595222,32.067988668555245
1.8,3,2.0,4.0,0,24h,1933,-489.98957519448913,93958.99360351595,94448.98317871004,0.9948121244008846,21.055354371443354,7059.711572264756,-0.06940645806543913,-0.03531123939821007,37.260734609415415
1.8,3,2.0,4.0,0,London_NY,1368,-5634.636791991631,69043.7553222659,74678.39211425677,0.9245479631729355,20.248538011695906,9113.201416015112,-0.6182938941840553,-0.46688149770613685,42.44444444444444
1.8,3,2.0,4.0,100,24h,1559,3629.2005859381698,78556.45781250033,74927.25722656124,1.048436319708932,22.001282873636946,4364.943359374327,0.8314427673257095,0.2876810705758004,37.15137908915972
1.8,3,2.0,4.0,100,London_NY,1080,-1674.9384765620334,56415.26191406275,58090.200390624144,0.971166591519768,21.01851851851852,5009.292700194934,-0.3343662622263726,-0.1534609053981226,43.726851851851855
1.8,3,2.0,4.0,200,24h,1460,3187.066040039712,72384.99116210974,69197.92512206914,1.0460572486012902,22.397260273972602,4750.298339843594,0.6709191322380497,0.26902876025971045,35.84452054794521
1.8,3,2.0,4.0,200,London_NY,995,-3715.3479003901566,49796.810888672066,53512.158789061745,0.9305700240008048,20.7035175879397,6622.739672851506,-0.560998632578059,-0.36917794732088777,41.72663316582915
1.8,3,2.5,1.5,0,24h,2316,-10443.240670775182,96888.1885101319,107331.42918090873,0.9027010005319636,39.20552677029361,12756.941397092698,-0.8186320173231486,-0.910458058057159,24.8933506044905
1.8,3,2.5,1.5,0,London_NY,1587,-9567.057025145707,71146.53080444403,80713.58782958923,0.881469065092929,38.87838689350977,12153.556338499984,-0.7871816905837861,-0.9585458721415336,27.333333333333336
1.8,3,2.5,1.5,100,24h,1771,-6027.903039550015,74410.89971923902,80438.80275878831,0.9250622481587009,40.090344438170526,7872.56343688838,-0.7656849116394717,-0.6097669588547002,23.71767363071711
1.8,3,2.5,1.5,100,London_NY,1221,-6338.699090575642,54706.94784545954,61045.64693603432,0.8961646012660546,39.72153972153972,7076.898348998032,-0.8956888707428012,-0.7360804943974659,26.813267813267814
1.8,3,2.5,1.5,200,24h,1616,-6292.843103026635,67032.72534790114,73325.5684509267,0.9141794160486181,40.28465346534654,7407.211193846412,-0.849556322662226,-0.6749017433703459,23.528465346534652
1.8,3,2.5,1.5,200,London_NY,1087,-7455.610263061039,47694.932962036604,55150.54322509689,0.8648134754968737,39.0064397424103,8303.717550658406,-0.8978641454958786,-0.9267992609120077,26.543698252069916
1.8,3,2.5,2.0,0,24h,2076,-6708.880334471764,99999.13917236323,106708.0195068364,0.9371286210213717,33.57418111753372,9858.247454832734,-0.680534787264132,-0.5336884800972931,31.695568400770714
1.8,3,2.5,2.0,0,London_NY,1462,-10279.811999511036,73080.91026611379,83360.72226562448,0.876682786327659,32.69493844049248,13463.148364256835,-0.7635518618217709,-0.9376512601643808,35.18809849521204
1.8,3,2.5,2.0,100,24h,1657,338.2517822272848,82111.18811035194,81772.93632812431,1.0041364759224292,35.30476765238382,4328.496099851694,0.07814533602996067,0.030211273898678597,30.06940253470127
1.8,3,2.5,2.0,100,London_NY,1148,-4360.9449279780165,59090.98649902389,63451.93142700109,0.9312716755833621,34.23344947735192,6130.821179198374,-0.7113149773107923,-0.4486926306500269,34.76480836236934
1.8,3,2.5,2.0,200,24h,1528,-665.277935790341,74723.86501464898,75389.14295043849,0.991175414525844,35.274869109947645,4953.640631101891,-0.13430080729177887,-0.06284407495625553,29.705497382198956
1.8,3,2.5,2.0,200,London_NY,1038,-5812.285015868679,52190.58143310588,58002.86644897382,0.899793141758242,33.42967244701349,6532.645489500845,-0.8897291342703478,-0.6395696442699581,34.31984585741811
1.8,3,2.5,3.0,0,24h,1732,-1729.2376892082393,97978.2852355957,99707.52292480478,0.9826568985119287,25.577367205542725,9926.464215086742,-0.17420479757334503,-0.12080843581843399,44.83140877598152
1.8,3,2.5,3.0,0,London_NY,1261,-5314.194451903759,74991.96435546906,80306.15880737246,0.933825816963175,24.980174464710547,12825.772674559692,-0.41433717770818007,-0.4180310620789882,50.564631245043614
1.8,3,2.5,3.0,100,24h,1441,3286.769628906891,83721.00388793969,80434.23425903248,1.040862819907285,26.856349757113115,5138.994122313263,0.6395745063486056,0.2502305748544754,43.240111034004165
1.8,3,2.5,3.0,100,London_NY,1018,-2459.823437499549,61355.280133056935,63815.10357055575,0.961453898844195,25.24557956777996,8513.708734129916,-0.2889250166192041,-0.21184992280488865,50.59332023575638
1.8,3,2.5,3.0,200,24h,1354,3688.118951416618,78219.77592163117,74531.65697021385,1.0494839253726944,27.474150664697195,4957.901129149119,0.7438871521122039,0.29657740872192345,42.228951255539144
1.8,3,2.5,3.0,200,London_NY,942,-4988.88606567341,54604.26232299832,59593.14838867106,0.9162842340006129,24.840764331210192,8307.90424804608,-0.6004987439337347,-0.46126924774525396,48.95116772823779
1.8,3,2.5,4.0,0,24h,1470,-4218.114044188819,87601.6362060548,91819.75025024379,0.9540609288013415,20.816326530612244,9300.167944334264,-0.45355245942182454,-0.2859752884765737,58.7673469387755
1.8,3,2.5,4.0,0,London_NY,1108,-4165.072674560056,71252.66347656275,75417.73615112226,0.9447733001927621,20.667870036101082,11136.270117187149,-0.3740096666775257,-0.3075711520775488,66.65703971119135
1.8,3,2.5,4.0,100,24h,1276,4761.623968506437,80864.99243164081,76103.36846313384,1.062567847713779,22.33542319749216,5173.855700683387,0.9203240762740058,0.3371677838011149,56.06583072100313
1.8,3,2.5,4.0,100,London_NY,921,-3298.508813476151,58518.764282226795,61817.27309570229,0.9466409848203929,20.62975027144408,7383.855688476072,-0.4467190249430401,-0.26811105362562265,65.0456026058632
1.8,3,2.5,4.0,200,24h,1212,6997.9948547368585,78249.49448242209,71251.49962768452,1.0982154044659367,23.184818481848186,4729.8404907224685,1.4795414070439268,0.5109731327582762,54.97112211221122
1.8,3,2.5,4.0,200,London_NY,875,-3093.654174804301,55584.06118164084,58677.715356444525,0.9472771876680793,20.457142857142856,7862.756671142101,-0.39345668500191977,-0.25607589263489083,62.03885714285715
1.8,3,3.0,1.5,0,24h,1947,-10472.187915038237,98543.95316162157,109016.14107665962,0.9039391065248397,40.112994350282484,13773.549890136273,-0.7603114664388548,-0.8320161957419007,35.23112480739599
1.8,3,3.0,1.5,0,London_NY,1377,-10210.670672606875,74340.26879272515,84550.9394653314,0.8792364610355046,39.869281045751634,14543.99881591756,-0.7020538712800148,-0.9176556976652279,39.595497458242555
1.8,3,3.0,1.5,100,24h,1541,-37.738763427030335,81504.99993286189,81542.73869628824,0.9995371903859286,42.11550940947437,5322.293719481997,-0.007090695368594452,-0.003380180556118186,33.98312783906554
1.8,3,3.0,1.5,100,London_NY,1086,-3833.3857666011045,60322.53947753955,64155.92524413997,0.9402489208594094,41.25230202578269,6968.514630126721,-0.5501008421548503,-0.3900980659690462,39.59208103130755
1.8,3,3.0,1.5,200,24h,1453,-3312.8848388665438,74298.40299072329,77611.28782958903,0.9573143941878682,41.36269786648314,5074.789117431248,-0.652812316375317,-0.3111908895304069,33.0956641431521
1.8,3,3.0,1.5,200,London_NY,997,-6050.229724120684,53894.47927246136,59944.70899658144,0.8990698290909191,40.02006018054163,7819.579339599367,-0.7737282865692703,-0.6499029233654787,38.763289869608826
1.8,3,3.0,2.0,0,24h,1707,-267.68913574145427,104055.80432128941,104323.49345703062,0.997434047433894,34.56356180433509,7776.956127929231,-0.03442081083370234,-0.019081276304315248,45.73462214411248
1.8,3,3.0,2.0,0,London_NY,1234,-2953.541540526826,79498.8788818363,82452.42042236272,0.9641788376205708,34.52188006482982,11498.382238769153,-0.25686583374906036,-0.23742037620849463,51.1839546191248
1.8,3,3.0,2.0,100,24h,1408,2132.310473633427,85875.06423339882,83742.75375976488,1.0254626266500737,35.79545454545455,3387.4648925780057,0.6294708701794538,0.16928883174699702,43.33664772727273
1.8,3,3.0,2.0,100,London_NY,992,-1186.5430175777146,64384.62678222693,65571.16979980402,0.9819045013044645,34.979838709677416,4798.062768554478,-0.24729626826770065,-0.10657254028649037,51.323588709677416
1.8,3,3.0,2.0,200,24h,1344,128.66652832087766,79609.21494140665,79480.54841308518,1.0016188429859938,35.416666666666664,3903.8063476561147,0.032959249732797416,0.010714107367015616,42.27752976190476
1.8,3,3.0,2.0,200,London_NY,929,-4264.265844726183,57945.970068359704,62210.235913085315,0.9314539515541579,34.01506996770721,5742.969787597372,-0.7425192892247794,-0.4053882071451192,50.138858988159306
1.8,3,3.0,3.0,0,24h,1353,3853.2387573247424,96840.8666381838,92987.62788085864,1.0414381874786844,26.97708795269771,8703.005932616881,0.44274803293924947,0.24831656492368162,66.2609016999261
1.8,3,3.0,3.0,0,London_NY,1036,1503.3888916019323,79619.19238281273,78115.8034912103,1.0192456433194288,27.027027027027028,11077.42189941376,0.13571649660481874,0.1049884107040255,74.06274131274131
1.8,3,3.0,3.0,100,24h,1174,6439.556237793491,84292.33592529326,77852.7796874992,1.0827145320134028,27.938671209540033,5581.3140991208675,1.1537706216548194,0.45389840716702834,63.5144804088586
1.8,3,3.0,3.0,100,London_NY,850,383.69110107457027,63949.193505859635,63565.50240478452,1.0060361530477926,26.941176470588236,8110.576013183421,0.04730750324648897,0.030381938890440222,75.03294117647059
1.8,3,3.0,3.0,200,24h,1161,6518.327551270016,82080.8003662112,75562.47281494063,1.0862640846499896,28.165374677002585,4001.002319336003,1.62917364975479,0.4742346908797705,59.30404823428079
1.8,3,3.0,3.0,200,London_NY,820,-126.00042724578088,60845.23358154321,60971.234008788466,0.997933444692507,26.829268292682926,7138.124609374839,-0.01765175506747228,-0.010310353073938176,70.13780487804878
1.8,3,3.0,4.0,0,24h,1115,-463.4841308588984,83092.51357421896,83555.99770507732,0.9944530118293329,21.434977578475337,6106.977416991927,-0.07589419433078462,-0.029321769173061493,87.85201793721973
1.8,3,3.0,4.0,0,London_NY,872,-2485.150988769158,69255.38701171894,71740.53800048758,0.9653591810427774,20.986238532110093,10870.982873534882,-0.22860407542534097,-0.16837603918018068,99.65481651376147
1.8,3,3.0,4.0,100,24h,983,8432.621508789509,79286.91704101583,70854.29553222573,1.1190135537365522,23.194303153611393,5342.753588867217,1.578328734149503,0.551573397958332,86.18616480162767
1.8,3,3.0,4.0,100,London_NY,731,1375.3215698245112,60368.43198242206,58993.11041259709,1.0233132574330457,22.024623803009575,5235.752148437259,0.2626788913671191,0.10116416421279732,102.80984952120383
1.8,3,3.0,4.0,200,24h,991,8093.6576904301,78357.78388671896,70264.12619628826,1.115189046367992,22.906155398587284,4310.333837890652,1.8777333716663795,0.5308981006171426,79.86881937436932
1.8,3,3.0,4.0,200,London_NY,737,-413.5048095700313,58866.117626953295,59279.622436522885,0.9930245033187859,21.30257801899593,6693.708349609117,-0.06177514584933748,-0.030664263502309615,91.71506105834463
1.8,5,1.5,1.5,0,24h,2512,-8871.299395750935,60138.36113891695,69009.66053466636,0.8714484417541368,38.77388535031847,10260.436816405041,-0.8646122533074747,-1.2746072078385307,9.265525477707007
1.8,5,1.5,1.5,0,London_NY,1526,-6295.317498778577,40390.6816650395,46685.999163817534,0.8651562007554287,38.92529488859764,6992.827441405408,-0.9002535171257355,-1.080992145346695,10.258191349934469
1.8,5,1.5,1.5,100,24h,1786,-6895.192605590083,42722.86617736863,49618.058782958055,0.8610346157283029,39.02575587905935,7325.1395263664035,-0.9413052926529587,-1.1812569165329732,8.965845464725644
1.8,5,1.5,1.5,100,London_NY,1166,-6017.2136932367675,29811.64313659689,35828.85682983354,0.8320567769768666,38.507718696397944,6067.753341674254,-0.9916707806676365,-1.2162048472255356,10.000857632933105
1.8,5,1.5,1.5,200,24h,1584,-5744.822454833351,37792.415362549174,43537.23781738212,0.8680480723437319,39.33080808080808,6086.258728026673,-0.9439004668629943,-1.0554442905349501,8.849116161616163
1.8,5,1.5,1.5,200,London_NY,1014,-4887.898260497591,26149.442889404483,31037.341149902026,0.8425155609531658,38.75739644970414,4938.437908935079,-0.9897660658351001,-1.063807337430435,9.951676528599606
1.8,5,1.5,2.0,0,24h,2434,-6215.183081053614,67085.62315673908,73300.80623779129,0.9152098946785133,33.196384552177484,7777.457043455672,-0.7991279214178841,-0.7857021722846188,11.598603122432209
1.8,5,1.5,2.0,0,London_NY,1499,-4739.824346923095,45347.793237305115,50087.61758422758,0.90536933925931,33.28885923949299,5698.006469725949,-0.8318390602232962,-0.7144020417939162,12.751167444963308
1.8,5,1.5,2.0,100,24h,1754,-4760.20316162035,48501.02806396532,53261.231225584874,0.9106253638512789,33.80843785632839,4856.97943115157,-0.9800748035063689,-0.7172235404268351,11.073546180159635
1.8,5,1.5,2.0,100,London_NY,1154,-4511.583227538513,33942.482788086185,38454.06601562445,0.8826760419638032,33.36221837088388,4827.570349120741,-0.9345453098079077,-0.8019600339307789,12.39948006932409
1.8,5,1.5,2.0,200,24h,1561,-3668.752435302092,43117.18540039102,46785.93783569253,0.9215842920967878,34.01665598975016,4072.297528075479,-0.9009048111069385,-0.5922835736009573,10.874439461883407
1.8,5,1.5,2.0,200,London_NY,1006,-3459.4034362788307,29889.86979980489,33349.27323608362,0.8962675014897868,33.59840954274354,3696.9490783688425,-0.9357454925522477,-0.662633209131257,12.224652087475148
1.8,5,1.5,3.0,0,24h,2257,-7778.414233397481,69594.34352417046,77372.75775756678,0.8994683082414027,24.723083739477183,11369.867956541792,-0.6841252917912803,-0.8425105678840907,16.700487372618518
1.8,5,1.5,3.0,0,London_NY,1419,-9752.52924194272,45058.02568359402,54810.55492553603,0.8220684089918173,23.819591261451727,10572.4188903801,-0.9224501358735037,-1.2943917750244502,18.82170542635659
1.8,5,1.5,3.0,100,24h,1688,-5509.756329344989,52663.89442749062,58173.650756834664,0.9052877676119249,25.355450236966824,7144.708154296032,-0.7711660449044423,-0.6937436611902443,15.855450236966826
1.8,5,1.5,3.0,100,London_NY,1119,-7227.170965575665,35453.43579711932,42680.60676269464,0.8306685046499317,24.218051831992852,7720.783099364636,-0.9360670896415169,-1.0946825928980684,18.256478999106346
1.8,5,1.5,3.0,200,24h,1508,-5980.543530272814,45826.22442626983,51806.76795654198,0.8845605744931063,25.19893899204244,7618.37872314386,-0.785015256868831,-0.8158089476819009,15.87599469496021
1.8,5,1.5,3.0,200,London_NY,979,-8280.817388915588,29551.423907470824,37832.2412963862,0.7811174515397697,23.289070480081715,8486.13928832958,-0.9758050283600274,-1.3853159821958978,18.499489274770173
1.8,5,1.5,4.0,0,24h,2105,-5297.439666747185,71340.73884277383,76638.17850951992,0.9308772759247137,19.80997624703088,10178.685449217834,-0.5204443828406407,-0.5046953294066362,21.587648456057007
1.8,5,1.5,4.0,0,London_NY,1339,-10189.338049315795,44972.99865722676,55162.33670654189,0.8152845100902562,18.297236743838685,12498.227264403591,-0.8152626635567924,-1.1976896465122098,24.391336818521285
1.8,5,1.5,4.0,100,24h,1606,-3672.6507812493446,55415.956347656545,59088.60712890498,0.937845026990798,20.423412204234122,8256.093078612594,-0.4448412519431673,-0.39946525622430606,20.915940224159403
1.8,5,1.5,4.0,100,London_NY,1066,-8078.6592956538125,35645.18840332044,43723.84769897391,0.8152344836787305,18.574108818011258,9527.912414550217,-0.8478939503386672,-1.076117112604556,24.454033771106943
1.8,5,1.5,4.0,200,24h,1448,-3376.8840454095944,49463.7080322268,52840.59207763571,0.9360929938020482,20.64917127071823,7521.784448241596,-0.4489471971240847,-0.395705432410365,20.751381215469614
1.8,5,1.5,4.0,200,London_NY,946,-8333.673120116771,30644.067041015725,38977.74016113227,0.7861940408636954,18.39323467230444,9140.390649413566,-0.9117414604868609,-1.2232523257754537,24.411205073995774
1.8,5,2.0,1.5,0,24h,2279,-5854.55173339749,75647.3112060556,81501.862939452,0.9281666513838369,40.28082492321194,7223.796667479501,-0.8104535610413628,-0.6611446114295624,15.702501096972357
1.8,5,2.0,1.5,0,London_NY,1437,-3268.845080565754,53113.419909668555,56382.26499023351,0.9420235231569505,40.57063326374391,5440.43444824212,-0.6008426554283662,-0.43366084839265884,17.373695198329855
1.8,5,2.0,1.5,100,24h,1668,-2841.039807128218,56465.094738770174,59306.13454589747,0.9520953468156217,41.486810551558754,3267.0610229483545,-0.8696010840239298,-0.3766631149003667,15.28357314148681
1.8,5,2.0,1.5,100,London_NY,1113,-2707.9776733393464,40563.40203857458,43271.37971191357,0.9374187351693475,41.32973944294699,3840.9913574218735,-0.7050205067779632,-0.418644719778236,17.170709793351303
1.8,5,2.0,1.5,200,24h,1494,-1656.7562622063701,50592.725866699766,52249.48212890543,0.9682914319013104,41.900937081659976,2430.760021971927,-0.6815795254285716,-0.23477727351684363,15.093708165997322
1.8,5,2.0,1.5,200,London_NY,975,-1843.5690917964007,35848.84040527374,37692.40949706992,0.9510891153843721,41.743589743589745,3094.0877197265127,-0.5958360779633469,-0.30638069000438206,17.028717948717947
1.8,5,2.0,2.0,0,24h,2119,-6562.48642578037,78075.21020507884,84637.69663085829,0.9224637875673614,33.74233128834356,9460.374682616202,-0.6936814498308601,-0.6726854612751689,20.827277017461068
1.8,5,2.0,2.0,0,London_NY,1354,-6857.049902343169,53575.680078125435,60432.729980467804,0.8865341694052444,33.16100443131462,8625.212231444893,-0.7950007163121687,-0.8333086422489396,23.5096011816839
1.8,5,2.0,2.0,100,24h,1605,-3504.349975585278,60750.15585937554,64254.505834959855,0.9454614127048868,34.6417445482866,5959.106982421078,-0.5880662968332083,-0.4098026730425936,19.870404984423676
1.8,5,2.0,2.0,100,London_NY,1075,-4914.735839843299,42612.45439453154,47527.19023437436,0.8965910710141622,33.76744186046512,5727.831835937118,-0.8580447158046165,-0.6767653789180612,22.656744186046513
1.8,5,2.0,2.0,200,24h,1439,-2446.981909179053,54304.17221679733,56751.154125975634,0.9568822529362747,35.163307852675466,4548.222412108653,-0.5380084102009823,-0.3073286058446552,19.726198749131342
1.8,5,2.0,2.0,200,London_NY,942,-4908.734423827697,36838.24604492208,41746.98046874948,0.8824170186990666,33.65180467091295,5400.5926757812,-0.9089251344284439,-0.7355194114809009,22.743099787685775
1.8,5,2.0,3.0,0,24h,1879,-1725.7800048820372,82581.42873535196,84307.20874023333,0.9795298642824385,26.024481106971795,7294.972387694499,-0.23657114971307688,-0.14916948764446145,29.734433209153803
1.8,5,2.0,3.0,0,London_NY,1230,-6782.4412841791445,55398.34487304719,62180.78615722559,0.8909238415379818,24.308943089430894,9251.435815429053,-0.733123097807991,-0.6991399343622506,34.29024390243902
1.8,5,2.0,3.0,100,24h,1477,205.8534667974891,66541.65900878949,66335.8055419911,1.0031032029401992,26.878808395396074,4409.988183593202,0.04667891573118963,0.019973415715107343,28.813811780636424
1.8,5,2.0,3.0,100,London_NY,996,-4762.209985351124,45172.824267578326,49935.03425292899,0.9046318870789333,24.899598393574298,6681.141870116668,-0.712783844128723,-0.548060771072144,33.82730923694779
1.8,5,2.0,3.0,200,24h,1345,422.46203613338366,60205.72861328159,59783.26657714741,1.00706655993093,27.21189591078067,5111.786547850975,0.0826446942138046,0.0437430337856477,28.485501858736058
1.8,5,2.0,3.0,200,London_NY,892,-5396.362963866777,39450.62265625017,44846.98562011659,0.8796716682459518,24.77578475336323,6805.122119140171,-0.7929854702664189,-0.6758043455341258,33.80605381165919
1.8,5,2.0,4.0,0,24h,1703,3553.7042724616576,84509.57797851595,80955.8737060536,1.0438968058743416,21.78508514386377,6395.163867187069,0.5556861944844527,0.2721636946862434,37.18027011156782
1.8,5,2.0,4.0,0,London_NY,1143,-5101.711743163592,56772.96459960961,61874.67634277251,0.9175476617461317,20.122484689413824,8603.914697265262,-0.5929523853583952,-0.4668089959711325,43.04286964129484
1.8,5,2.0,4.0,100,24h,1375,4759.541748047488,69894.33632812533,65134.79458007697,1.0730721848243026,22.472727272727273,3104.8290039060084,1.5329481082725587,0.40265815035685293,36.693090909090905
1.8,5,2.0,4.0,100,London_NY,937,-2951.2960693355217,47104.05498046892,50055.35104980401,0.941039349291575,20.597652081109924,6041.251318358902,-0.48852396859682995,-0.29711777444531723,43.248665955176094
1.8,5,2.0,4.0,200,24h,1268,3292.889575195897,62883.573242187784,59590.683666991135,1.0552584627757957,22.47634069400631,4209.380712890474,0.7822741157890549,0.29956717980583447,35.82728706624606
1.8,5,2.0,4.0,200,London_NY,849,-4195.666967773027,41213.32597656263,45408.99294433533,0.9076027303024322,20.376914016489987,6502.425097656141,-0.6452464895420932,-0.46228306721304896,42.31566548881036
1.8,5,2.5,1.5,0,24h,1984,-8191.953726195288,81668.5671051031,89860.52083129837,0.9088370103977628,39.41532258064516,11656.389712523029,-0.7027865341010581,-0.7860712656388396,24.922883064516128
1.8,5,2.5,1.5,0,London_NY,1308,-7123.86112670835,58514.65928344785,65638.52041015531,0.8914682859669505,39.14373088685015,10500.485626219883,-0.6784315869087,-0.792899362922635,28.18348623853211
1.8,5,2.5,1.5,100,24h,1510,-4716.005264281575,63390.3210784919,68106.32634277239,0.9307552540633993,40.264900662251655,7518.122775267482,-0.6272849493487804,-0.5203275406527802,24.18344370860927
1.8,5,2.5,1.5,100,London_NY,1033,-5105.50663452103,46166.327880859826,51271.83451538015,0.9004227821614456,39.69022265246854,7120.021795653235,-0.7170633434911583,-0.6506380183477644,27.7783155856728
1.8,5,2.5,1.5,200,24h,1366,-4490.584344481822,56738.16223754946,61228.74658203032,0.9266588882647685,40.702781844802345,6304.868960570364,-0.7122407099283449,-0.5296133284126096,24.117130307467058
1.8,5,2.5,1.5,200,London_NY,911,-6013.9871612544675,39813.89618835489,45827.88334960875,0.868770130285644,39.40724478594951,6556.342074584007,-0.9172778193755318,-0.8296178566800817,27.98902305159166
1.8,5,2.5,2.0,0,24h,1801,-6407.371240233574,84002.78679199255,90410.15803222613,0.9291299630518319,33.48139922265408,9284.679779051892,-0.6901014782103626,-0.5611354801174204,31.8611882287618
1.8,5,2.5,2.0,0,London_NY,1210,-9069.152160643906,59142.9920898442,68212.14425048733,0.8670449043891721,32.56198347107438,11864.567596434776,-0.7643896068634752,-0.925820797924599,36.607438016528924
1.8,5,2.5,2.0,100,24h,1423,-591.5172851556281,69232.16949462947,69823.6867797841,0.9915284151777863,35.137034434293746,4222.419482420392,-0.14008965419431899,-0.057947171364802354,30.862965565706254
1.8,5,2.5,2.0,100,London_NY,974,-4533.777136230037,49041.568811035526,53575.34594726488,0.9153756815552432,33.7782340862423,7055.105059813348,-0.6426236176205127,-0.515448252874955,36.30492813141684
1.8,5,2.5,2.0,200,24h,1297,39.01206665096652,63210.4455688482,63171.4335021963,1.0006175586731072,35.62066306861989,3824.326208495724,0.010201030070160171,0.004055627397244715,30.90053970701619
1.8,5,2.5,2.0,200,London_NY,871,-4926.369836425383,43337.162036133144,48263.531872557935,0.8979276972635758,33.63949483352469,5863.460614013009,-0.8401812787233388,-0.6033601729417561,36.817451205510906
1.8,5,2.5,3.0,0,24h,1559,-68.77875366142234,86941.14561157246,87009.92436523383,0.9992095297845258,26.10647851186658,9768.881329344731,-0.007040596701161465,-0.005162252657245791,43.56061577934573
1.8,5,2.5,3.0,0,London_NY,1069,-7253.202368163507,60283.57791748076,67536.78028564357,0.8926036696228967,24.41534144059869,13452.25591430611,-0.539181116860104,-0.6379019560040258,50.684752104770816
1.8,5,2.5,3.0,100,24h,1281,3101.9366516119044,73516.9077026371,70414.97105102433,1.0440522321505328,27.166276346604217,4950.498107908993,0.6265908165192917,0.25452124965032935,42.512099921935985
1.8,5,2.5,3.0,100,London_NY,879,-3824.398291015228,50942.38054199243,54766.77883300704,0.9301693769013542,24.800910125142206,9285.557189940731,-0.41186524543279873,-0.364452249419463,50.6712172923777
1.8,5,2.5,3.0,200,24h,1181,3246.949316406781,67732.42790527381,64485.478588866186,1.0503516355536242,27.77307366638442,4162.464282225857,0.7800545773501487,0.2835525411457962,42.436071126164265
1.8,5,2.5,3.0,200,London_NY,800,-5318.264465331667,45171.3242065432,50489.58867187431,0.8946661162186551,24.75,8136.462261962024,-0.6536335195942053,-0.5487540997922246,50.667500000000004
1.8,5,2.5,4.0,0,24h,1368,1594.896411133418,83348.50283203142,81753.60642089779,1.019508575596317,21.85672514619883,6355.463940429252,0.2509488569335975,0.11199358386194411,55.78143274853801
1.8,5,2.5,4.0,0,London_NY,968,-3963.782025146046,60946.46916503929,64910.25119018464,0.9389344217212839,20.454545454545453,11560.318261718505,-0.3428782785567366,-0.31698239806365736,64.4607438016529
1.8,5,2.5,4.0,100,24h,1150,3466.0656738286434,71539.9662109378,68073.90053710832,1.0509162196742357,22.52173913043478,4249.428942870916,0.8156544609702234,0.26299665494878355,54.83565217391305
1.8,5,2.5,4.0,100,London_NY,805,-3506.088378905888,50199.21044921895,53705.29882812427,0.9347161554742291,20.496894409937887,7979.181292723677,-0.4394045266402378,-0.3096861071081905,64.4608695652174
1.8,5,2.5,4.0,200,24h,1075,5890.729064941875,68794.47570800809,62903.74664306546,1.0936467123074303,23.25581395348837,4006.5707031248385,1.4702670940881006,0.4616225501256449,54.649302325581395
1.8,5,2.5,4.0,200,London_NY,752,-2484.6223937984905,47587.72202148456,50072.34441528254,0.9503793476656217,20.74468085106383,7002.624450683177,-0.35481302921450975,-0.22756464327369239,63.50664893617021
1.8,5,3.0,1.5,0,24h,1707,-6948.352923583235,85495.76549682672,92444.11842040934,0.9248372633942648,39.77738722905683,10330.755102538187,-0.6725890658153418,-0.5975186281701036,35.13473930872876
1.8,5,3.0,1.5,0,London_NY,1161,-8284.968316649944,61774.50844116258,70059.47675781178,0.8817437882773596,39.448751076658056,11880.178979491837,-0.6973773990233542,-0.8231619067542133,40.36089577950043
1.8,5,3.0,1.5,100,24h,1349,105.50734863340494,70691.68867187558,70586.18132324134,1.0014947309325473,41.66048925129726,4535.585253905889,0.023262124450763144,0.010185909662988418,34.183098591549296
1.8,5,3.0,1.5,100,London_NY,936,-3393.470422362898,51417.091076660516,54810.56149902289,0.9380872895742388,40.81196581196581,5989.611413573964,-0.5665593622104502,-0.37642719345354225,40.53846153846154
1.8,5,3.0,1.5,200,24h,1250,-2022.4495544428146,63766.073590088454,65788.52314453047,0.9692583226104817,41.36,4649.246502684962,-0.43500587746312014,-0.20690889438788473,33.8248
1.8,5,3.0,1.5,200,London_NY,844,-4934.8040832516,45285.05651245146,50219.86059570266,0.9017360059403775,40.165876777251185,5707.722161864846,-0.864583794253798,-0.5851672952779043,40.629146919431285
1.8,5,3.0,2.0,0,24h,1536,-2498.023400878239,89549.84653320356,92047.86993408127,0.9728616924795039,33.59375,8686.299316405803,-0.2875820081585521,-0.19225270124472227,44.57942708333333
1.8,5,3.0,2.0,0,London_NY,1060,-5105.944702147989,65335.351416016,70441.29611816336,0.9275148956148922,33.113207547169814,11600.578332519213,-0.4401457027219753,-0.4522348836593956,51.20943396226415
1.8,5,3.0,2.0,100,24h,1251,878.9323486333433,74731.50681152387,73852.5744628898,1.011901174130033,34.85211830535572,4516.979821776916,0.19458407681962675,0.07461239939756024,43.093525179856115
1.8,5,3.0,2.0,100,London_NY,868,-2764.4094360348026,54423.98859863309,57188.39803466741,0.9516613591036674,33.64055299539171,6674.197216796438,-0.41419354961190336,-0.26985280910651943,51.64976958525346
1.8,5,3.0,2.0,200,24h,1166,109.1938842778336,68729.77819824261,68620.58431396403,1.0015912701031366,35.16295025728988,4278.871728515158,0.02551931705504193,0.00982216090487746,43.24356775300171
1.8,5,3.0,2.0,200,London_NY,794,-4742.943273925453,48310.27709960961,53053.220373534656,0.9106002757131206,33.37531486146096,6837.718444823825,-0.6936441317667702,-0.4970558435463091,52.23299748110831
1.8,5,3.0,3.0,0,24h,1266,2800.0645507817826,87323.41677246115,84523.35222167891,1.0331277034947517,26.382306477093206,7904.794750976219,0.3542235616473132,0.1919113157722113,62.39257503949447
1.8,5,3.0,3.0,0,London_NY,921,-1003.730798339484,67472.80832519555,68476.53912353446,0.9853419753511764,26.167209554831704,11183.492333984119,-0.08975110532238412,-0.07706136567946345,70.88165038002172
1.8,5,3.0,3.0,100,24h,1089,4385.435815430162,75939.60473632843,71554.1689208976,1.0612883341609192,27.089072543618,4617.545898437346,0.949733020935269,0.32437461133394463,60.36547291092746
1.8,5,3.0,3.0,100,London_NY,768,-717.1328857418803,56124.38071289083,56841.51359863226,0.9873836419838284,26.171875,7510.528381347506,-0.0954836796200503,-0.060750462922120406,72.36067708333333
1.8,5,3.0,3.0,200,24h,1039,6303.849877930123,73370.09567871121,67066.24580078044,1.0939943753025372,28.007699711260827,2909.0470947264057,2.16698103284677,0.48706247929371344,58.649663137632345
1.8,5,3.0,3.0,200,London_NY,714,-290.9512084958078,52278.326391601746,52569.27760009718,0.9944653755619633,26.750700280112046,6476.530676269384,-0.044923929652936,-0.026086703623055686,70.71848739495799
1.8,5,3.0,4.0,0,24h,1024,4203.152368164493,77904.31020507835,73701.15783691325,1.0570296653611044,21.875,4850.246154784943,0.8665853719646643,0.27315253610378565,88.03515625
1.8,5,3.0,4.0,0,London_NY,791,-3147.078759765279,60523.241503906436,63670.32026367122,0.950572280039866,20.606826801517066,9954.835253905889,-0.3161356948152897,-0.2283758283283445,96.7888748419722
1.8,5,3.0,4.0,100,24h,915,7702.487670898829,72690.76352539084,64988.275854491396,1.1185211881623893,23.060109289617486,3720.4679443359564,2.0703007756390166,0.5258208694989478,83.73989071038251
1.8,5,3.0,4.0,100,London_NY,665,-47.931884765355335,52865.850000000144,52913.78188476515,0.9990941512200093,21.654135338345863,5839.657446288765,-0.00820799596658142,-0.003800286518114161,100.403007518797
1.8,5,3.0,4.0,200,24h,891,8398.953894043329,70708.55576171896,62309.60186767505,1.1347938943965732,23.120089786756452,2983.873413085952,2.8147822415016748,0.5840106466772392,80.63860830527499
1.8,5,3.0,4.0,200,London_NY,642,139.62580566432007,51263.922998047005,51124.29719238238,1.0027311046475458,21.65109034267913,5956.539147948936,0.02344076017907119,0.01131659716515828,94.67445482866043
1.8,8,1.5,1.5,0,24h,1774,-4651.198965453406,42364.71535949754,47015.9143249503,0.901071817229672,39.85343855693348,6080.343075560732,-0.7649566657099313,-0.8145676664033101,8.852874859075536
1.8,8,1.5,1.5,0,London_NY,1046,-2782.3863464350893,28138.357263183767,30920.743609618818,0.9100155422662763,40.05736137667304,3104.324942016212,-0.8962935254541915,-0.5891270874812468,10.081261950286807
1.8,8,1.5,1.5,100,24h,1330,-3972.382293700637,32227.769952392817,36200.15224609328,0.8902661440013926,39.774436090225564,4804.582421874393,-0.8267903315832611,-0.7925816539261507,8.713533834586467
1.8,8,1.5,1.5,100,London_NY,863,-3868.6271636958986,22235.290505981604,26103.91766967751,0.8517989823347577,38.70220162224797,4188.924621581636,-0.9235370681449979,-0.9153833405511216,9.885283893395133
1.8,8,1.5,1.5,200,24h,1178,-2664.78596191361,29007.163159179894,31671.949121093454,0.9158628996363594,40.916808149405774,3413.2499237055354,-0.7807180902301557,-0.5633690115703999,8.65025466893039
1.8,8,1.5,1.5,200,London_NY,755,-2343.5812835690126,20230.312722778468,22573.89400634749,0.8961817893310725,40.264900662251655,2545.2132873532155,-0.920779918607968,-0.5856593305117932,9.900662251655628
1.8,8,1.5,2.0,0,24h,1745,-2499.214843749294,48046.899780273874,50546.114624022455,0.9505557477100167,34.097421203438394,4380.903051756946,-0.5704793770195375,-0.38451012794292466,10.98051575931232
1.8,8,1.5,2.0,0,London_NY,1035,-1286.0989074702343,32086.230920410395,33372.32982788048,0.9614621180450029,34.68599033816425,2915.617303466568,-0.4411068990231013,-0.23960803142539505,12.510144927536231
1.8,8,1.5,2.0,100,24h,1319,-2081.1401123041514,36981.340698242464,39062.48081054632,0.9467227869525895,34.495830174374525,2991.05410766546,-0.6957881861684196,-0.3647069423169291,10.725549658832449
1.8,8,1.5,2.0,100,London_NY,856,-2752.6882873531144,25321.708825683752,28074.397113036874,0.9019502261697774,33.76168224299065,3569.5390441892196,-0.771160716629269,-0.5763225978395602,12.275700934579438
1.8,8,1.5,2.0,200,24h,1170,-175.88626098588293,33809.809741211146,33985.696002196884,0.9948246973969764,35.72649572649573,2122.0324279781817,-0.08288575549878041,-0.03251305748302631,10.67008547008547
1.8,8,1.5,2.0,200,London_NY,750,-922.550415038736,23302.92700195327,24225.477416992002,0.961918174029807,35.333333333333336,2121.878802490146,-0.43477997610234403,-0.20326974700694236,12.299999999999999
1.8,8,1.5,3.0,0,24h,1656,-5072.572656249319,50155.18886718786,55227.76152343634,0.9081517607028868,25.0,8113.407110594859,-0.6252086931056771,-0.6615937231865955,15.908816425120772
1.8,8,1.5,3.0,0,London_NY,995,-5461.966308593323,32064.004669189606,37525.970977782716,0.8544483682560307,24.623115577889447,6314.206048583682,-0.8650282025272962,-0.8858886562492684,18.82311557788945
1.8,8,1.5,3.0,100,24h,1278,-4090.3672607416665,39366.14698486348,43456.5142456048,0.9058744740173214,25.19561815336463,5637.719549559938,-0.72553578176143,-0.6039417553924717,15.800469483568076
1.8,8,1.5,3.0,100,London_NY,834,-5869.314978026982,25798.949578857515,31668.264556884445,0.8146625632900055,23.860911270983213,6510.61903076135,-0.9014987592263752,-1.0630641503874747,18.532374100719423
1.8,8,1.5,3.0,200,24h,1140,-2752.711944579619,35741.67923584002,38494.39118041942,0.9284905706995673,25.964912280701753,4971.1342590326785,-0.5537392074208961,-0.4289084124793373,16.023684210526316
1.8,8,1.5,3.0,200,London_NY,737,-5054.273730468447,23034.78691406257,28089.060644531044,0.8200625576472403,24.151967435549526,5419.58945922821,-0.9325934682861039,-0.969455010942223,18.886024423337854
1.8,8,1.5,4.0,0,24h,1566,-3852.982141112677,51831.51577148464,55684.49791259648,0.930806916008122,20.051085568326947,7398.58897094648,-0.5207725630174825,-0.4413594167191496,20.816730523627076
1.8,8,1.5,4.0,0,London_NY,951,-6144.889337157788,32307.578417968856,38452.46775512644,0.840195189128314,19.242902208201894,7176.879382323721,-0.8562062993969676,-0.8867190071839284,25.10515247108307
1.8,8,1.5,4.0,100,24h,1222,-2724.070361327643,41610.28017578142,44334.35053710869,0.9385562136734773,20.376432078559738,5566.723577880317,-0.48934895423079505,-0.3482347063135436,21.06873977086743
1.8,8,1.5,4.0,100,London_NY,796,-6457.006829833624,25997.771533203213,32454.778363036778,0.8010460352677206,18.592964824120603,7262.361322021117,-0.8891056976543598,-1.0398718589228966,25.212311557788944
1.8,8,1.5,4.0,200,24h,1103,-1435.9311645503722,38274.599169922,39710.53033447212,0.9638400406024393,21.12420670897552,4387.780285644038,-0.3272568522285538,-0.19291663913186666,20.884859474161377
1.8,8,1.5,4.0,200,London_NY,717,-5585.154437255555,23673.010595703203,29258.16503295877,0.8091078360189713,18.96792189679219,5960.355297851262,-0.9370505881199787,-0.9455244826915644,24.900976290097628
1.8,8,2.0,1.5,0,24h,1677,-1458.8679077141887,55565.801672363916,57024.66958007714,0.9744168985378406,41.50268336314848,3262.711083983935,-0.4471336474980915,-0.19854380911466235,14.778771615980917
1.8,8,2.0,1.5,0,London_NY,1012,-421.22398681596906,37882.435778808904,38303.65976562463,0.9890030354960037,42.29249011857708,2898.6748535155875,-0.1453160523696191,-0.0685469248689421,16.7697628458498
1.8,8,2.0,1.5,100,24h,1276,-341.4391113276133,43578.835571289485,43920.27468261664,0.9922259340636069,42.31974921630094,1834.776586913622,-0.18609301740762166,-0.05248936511356383,14.63322884012539
1.8,8,2.0,1.5,100,London_NY,836,-1629.7454467769694,30419.536071777584,32049.281518554442,0.9491487680984879,41.866028708133975,2970.036499023441,-0.5487290972056524,-0.2951342463891113,16.69377990430622
1.8,8,2.0,1.5,200,24h,1138,1095.6946899418836,39580.81929931675,38485.12460937458,1.028470602630588,43.40949033391916,1367.9770141600238,0.8009598689161241,0.17806427718234,14.500878734622143
1.8,8,2.0,1.5,200,London_NY,736,-58.64370117152248,27732.07851562518,27790.72221679669,0.9978898101059042,43.34239130434783,2200.5412841796424,-0.02664967096647075,-0.011224168651302883,16.616847826086957
1.8,8,2.0,2.0,0,24h,1598,-3417.1918457024713,58270.79086914116,61687.98271484267,0.9446052262480726,34.16770963704631,6514.4162597651675,-0.5245584115967521,-0.4140812096413268,19.218397997496872
1.8,8,2.0,2.0,0,London_NY,975,-3782.5766601558416,38735.90629882839,42518.48295898388,0.9110368856808836,34.15384615384615,6219.885595703008,-0.6081424813937132,-0.5561476182524496,22.171282051282052
1.8,8,2.0,2.0,100,24h,1241,-2510.988183593254,46319.42568359407,48830.41386718681,0.9485773724871072,34.568896051571315,4520.981982421428,-0.5554076953539138,-0.3411450831646455,19.01853344077357
1.8,8,2.0,2.0,100,London_NY,816,-4774.55654296841,31354.35395507827,36128.91049804652,0.8678466503099669,33.333333333333336,5633.10507812482,-0.84758875908592,-0.776367346127169,21.893382352941178
1.8,8,2.0,2.0,200,24h,1109,-830.851171874524,42127.123291015894,42957.974462890066,0.9806589770057265,35.617673579801625,2969.5338134761814,-0.2797917868804858,-0.11951110742767396,18.924256086564473
1.8,8,2.0,2.0,200,London_NY,721,-3158.00698242155,28426.524462890742,31584.53144531224,0.9000141259689256,34.39667128987517,4264.051806640578,-0.7406117762226668,-0.5444320550809787,21.879334257975035
1.8,8,2.0,3.0,0,24h,1455,-459.780029296312,62553.077270508205,63012.85729980357,0.9927033934184604,26.116838487972508,4425.28728027307,-0.10389834606804114,-0.0468768286634288,27.936082474226808
1.8,8,2.0,3.0,0,London_NY,903,-4320.476025390253,40497.18513183613,44817.66115722603,0.9035988065010103,25.13842746400886,5624.428051757693,-0.7681627332827308,-0.5393961622609946,33.69545957918051
1.8,8,2.0,3.0,100,24h,1153,147.52360839890343,50922.93864746121,50775.41503906174,1.0029054141317402,26.71292281006071,3000.435913085518,0.04916739189646499,0.016716028839370428,28.299219427580226
1.8,8,2.0,3.0,100,London_NY,759,-4582.675146484042,33346.63125000012,37929.30639648395,0.8791785144030831,24.90118577075099,5223.987158202785,-0.8772370619801878,-0.6314209773214841,33.63241106719368
1.8,8,2.0,3.0,200,24h,1050,1258.8081054691884,47130.57622070334,45871.76811523372,1.027441891978251,27.428571428571427,2738.457275390545,0.459677832764312,0.14864530274965643,28.04095238095238
1.8,8,2.0,3.0,200,London_NY,687,-3750.8093749996806,30500.709008789163,34251.51838378871,0.8904921722601703,25.32751091703057,4166.654760742134,-0.9001968222420265,-0.5422395970055534,33.50509461426492
1.8,8,2.0,4.0,0,24h,1342,3254.6803710942977,64845.65590820342,61590.97553710827,1.0528434619311107,21.907600596125185,5519.8878173826015,0.5896279922293038,0.2941604196230837,35.68107302533532
1.8,8,2.0,4.0,0,London_NY,845,-2501.0695800777694,42327.10258789077,44828.17216796824,0.9442076386539668,21.06508875739645,7070.669506835893,-0.35372457695268406,-0.2762672404315587,43.94319526627219
1.8,8,2.0,4.0,100,24h,1073,2011.5071289067214,52288.238769531454,50276.73164062423,1.0400087090641728,21.90121155638397,3762.360009765478,0.5346397271089712,0.20224962015080164,37.33737185461323
1.8,8,2.0,4.0,100,London_NY,720,-3588.3348388668583,34795.479882812586,38383.81472167927,0.906514376830816,20.694444444444443,6437.920043945256,-0.5573748686490166,-0.43915242085332223,44.484722222222224
1.8,8,2.0,4.0,200,24h,994,2440.801660156701,48654.717871093926,46213.916210936826,1.052815295916849,22.233400402414485,3929.9186035155,0.6210819883071592,0.25550837664851433,36.09456740442656
1.8,8,2.0,4.0,200,London_NY,657,-3643.7811767574885,31428.416113281346,35072.197290038675,0.8961062762442817,20.700152207001523,6822.639672851503,-0.5340720529704569,-0.47028550492933124,42.93455098934551
1.8,8,2.5,1.5,0,24h,1524,-3554.1494506829576,62307.17700805732,65861.32645873919,0.9460358659355506,40.09186351706037,7258.875769042101,-0.4896280861894365,-0.40270440712923744,23.437007874015748
1.8,8,2.5,1.5,0,London_NY,952,-3283.1535064693253,43086.32968444865,46369.483190917344,0.9291958141316574,40.23109243697479,6988.244396972048,-0.4698109167292275,-0.4399943332257574,27.33928571428571
1.8,8,2.5,1.5,100,24h,1186,-1685.9707275385745,50129.50040893607,51815.47113647385,0.9674620206946069,40.640809443507585,4575.727099608067,-0.36845963293636674,-0.21298160458350912,23.47892074198988
1.8,8,2.5,1.5,100,London_NY,796,-3113.963983153958,35752.05458984408,38866.01857299754,0.9198795220738945,40.07537688442211,5072.226614379286,-0.613924459590619,-0.4575956098275846,27.428391959798997
1.8,8,2.5,1.5,200,24h,1070,-1011.1890716548214,45425.89148864795,46437.08056030206,0.9782245339402633,41.495327102803735,2660.656079100285,-0.3800525289975698,-0.135013683165288,23.362616822429906
1.8,8,2.5,1.5,200,London_NY,705,-2479.214370727227,31953.214938354795,34432.42930908159,0.9279976922780496,40.851063829787236,3615.8668701166234,-0.6856486866860959,-0.3877312389514898,27.52340425531915
1.8,8,2.5,2.0,0,24h,1407,-1995.1425353998002,65248.348620606004,67243.49115600479,0.9703295813304806,33.972992181947404,7700.374725340922,-0.25909681107258953,-0.20351063974718,30.245202558635395
1.8,8,2.5,2.0,0,London_NY,893,-3479.8776062007983,45146.35885009798,48626.23645629818,0.9284362134559259,34.04255319148936,8427.894732665438,-0.412899984703563,-0.41897128051244226,36.253079507278834
1.8,8,2.5,2.0,100,24h,1123,371.8604003910923,54394.554309082465,54022.693908690606,1.0068834109054312,34.995547640249335,3804.2358642571644,0.09774903913948137,0.04165864373704955,30.73909171861086
1.8,8,2.5,2.0,100,London_NY,754,-2808.0425476071014,38186.762829590116,40994.80537719673,0.9315024788684914,34.08488063660477,5421.156866454501,-0.5179784715293791,-0.3674143871736128,36.6551724137931
1.8,8,2.5,2.0,200,24h,1023,691.5578186039465,49887.71177978555,49196.15396118093,1.0140571520926271,35.483870967741936,2440.590765379604,0.28335673002367656,0.08108742639199848,30.684261974584555
1.8,8,2.5,2.0,200,London_NY,679,-2842.852575683296,34373.48829345728,37216.34086914015,0.9236127864993797,34.167893961708394,4298.565570067958,-0.6613491243401812,-0.39358002839944717,37.039764359351985
1.8,8,2.5,3.0,0,24h,1250,2258.184051514213,68636.7282165531,66378.544165038,1.0340197887724165,26.48,8629.50116577059,0.2616818757115914,0.19555342496925918,42.0352
1.8,8,2.5,3.0,0,London_NY,804,-2335.7383178707505,46991.21173095725,49326.95004882746,0.9526478260756418,25.497512437810947,11118.8107360834,-0.21007087658131268,-0.23823155893011763,51.30099502487562
1.8,8,2.5,3.0,100,24h,1024,1735.0891357426326,56911.107073974905,55176.01793823156,1.031446436342792,26.66015625,5398.714044188524,0.32138933856116697,0.1651772371795512,42.638671875
1.8,8,2.5,3.0,100,London_NY,693,-2352.6115234371946,40174.72943725605,42527.34096069279,0.9446800230089342,25.396825396825395,7404.222558593249,-0.317739169078161,-0.2595530511346298,51.18614718614719
1.8,8,2.5,3.0,200,24h,950,3726.5184021000186,54718.557092285446,50992.03869018478,1.0730803964270204,27.789473684210527,3616.701678466241,1.0303637771087464,0.36491497111932025,42.15052631578947
1.8,8,2.5,3.0,200,London_NY,634,-2208.954840087613,37154.82021484393,39363.77505493114,0.9438835620566202,25.86750788643533,6504.119488525025,-0.33962396354876156,-0.2548967845668851,50.730283911671926
1.8,8,2.5,4.0,0,24h,1120,1458.8566284184571,66038.15144042997,64579.2948120107,1.0225901604015029,21.607142857142858,6981.391503905897,0.208963589508233,0.11648395507623414,55.01875
1.8,8,2.5,4.0,0,London_NY,739,-726.3161071774084,47738.447680664234,48464.76378784114,0.9850135221878638,21.380243572395127,9017.765551757575,-0.08054280220623483,-0.06677862217133464,67.51420838971583
1.8,8,2.5,4.0,100,24h,941,2026.1673645023666,56628.860961914295,54602.69359741127,1.0371074617571445,21.785334750265676,4963.740136718484,0.40819368232315656,0.17474080834305783,55.104144527098825
1.8,8,2.5,4.0,100,London_NY,650,-1164.0794372555729,41451.55302734391,42615.63246459905,0.9726842153939133,21.23076923076923,6090.779516601385,-0.1911215853541718,-0.11539224357126945,66.04923076923077
1.8,8,2.5,4.0,200,24h,879,3680.8524108890424,54699.00759277366,51018.15518188402,1.072147893191494,22.639362912400454,3244.7518066403572,1.13440183725492,0.3274795696183233,54.27758816837315
1.8,8,2.5,4.0,200,London_NY,605,-1139.4941406247335,38800.91113281265,39940.405273437,0.9714701407553773,21.487603305785125,5780.324816894288,-0.19713323675069397,-0.11832205849028077,64.30578512396694
1.8,8,3.0,1.5,0,24h,1366,-2481.160791015015,67814.95257568416,70296.11336669834,0.9647041540110298,40.62957540263543,8731.61763915971,-0.2841582045333115,-0.24614297091486875,32.588579795021964
1.8,8,3.0,1.5,0,London_NY,875,-3971.710815429333,47196.958068847955,51168.66888427691,0.9223800246902772,40.57142857142857,8484.937420654023,-0.4680895825774035,-0.46382571330025324,39.05714285714286
1.8,8,3.0,1.5,100,24h,1088,-483.0779846186715,55504.866632080535,55987.94461669859,0.9913717499735832,41.268382352941174,5805.868438720418,-0.08320512077003578,-0.05323725967012821,33.21966911764706
1.8,8,3.0,1.5,100,London_NY,741,-3301.71920165986,39895.826330566626,43197.54553222623,0.9235669721281629,40.62078272604588,6402.909368896246,-0.5156592123103909,-0.4193359388586153,39.584345479082316
1.8,8,3.0,1.5,200,24h,995,-1169.0627136226158,50326.38738403357,51495.45009765575,0.9772977474436059,41.608040201005025,4017.7454284663063,-0.2909748102355211,-0.135201161837323,33.183919597989956
1.8,8,3.0,1.5,200,London_NY,663,-3909.1423461911404,35410.196154785306,39319.3385009763,0.9005796512549689,40.42232277526395,5134.525445556429,-0.761344429517674,-0.5247163522378473,40.10558069381599
1.8,8,3.0,2.0,0,24h,1248,-515.1805541987251,70957.8159667973,71472.99652099524,0.9927919552939605,34.294871794871796,7179.420837402021,-0.07175795455739724,-0.04571621777021145,42.02403846153846
1.8,8,3.0,2.0,0,London_NY,808,-2015.066174316089,50396.930883789304,52411.997058105015,0.9615533410779641,34.15841584158416,8476.608239745858,-0.23772080970637188,-0.20863687798732453,50.96782178217822
1.8,8,3.0,2.0,100,24h,1013,295.4846679691468,58860.53842773472,58565.05375976497,1.0050454093183596,34.649555774925965,4850.2404663083225,0.060921653270945945,0.02875597851690727,43.040473840078974
1.8,8,3.0,2.0,100,London_NY,686,-2171.9555297848956,42589.01350097674,44760.96903076138,0.9514765748638733,33.819241982507286,6170.9701171872775,-0.3519633847740736,-0.2436684833641815,52.237609329446066
1.8,8,3.0,2.0,200,24h,937,1640.8351562503572,55365.41096191437,53724.575805663524,1.030541612132708,35.965848452508006,2774.253967285058,0.5914509542383793,0.16619979782191438,43.128068303094985
1.8,8,3.0,2.0,200,London_NY,625,-2524.442260741955,38726.601831054824,41251.044091796604,0.9388029487175137,34.24,4891.3413330076255,-0.5161042930507789,-0.29812081837398896,52.712
1.8,8,3.0,3.0,0,24h,1072,5767.394787598134,73626.71534423858,67859.32055663978,1.0849904587946022,27.238805970149254,8491.235107421737,0.679217418271361,0.4379641359083927,58.95988805970149
1.8,8,3.0,3.0,0,London_NY,718,2126.192736816686,53948.680419922064,51822.48768310503,1.0410283803783933,27.158774373259053,9501.698229980264,0.22376976045271674,0.18609039811421807,71.87465181058496
1.8,8,3.0,3.0,100,24h,910,4769.2863769535115,62804.82172851587,58035.535351561804,1.0821787263279845,27.142857142857142,5525.632836913879,0.8631203914042912,0.391977620939425,58.98681318681319
1.8,8,3.0,3.0,100,London_NY,629,1740.4112182619565,47075.278112793116,45334.866894530904,1.0383901252497594,27.186009538950714,6493.196154785011,0.2680361376391503,0.16339906494142317,71.59141494435613
1.8,8,3.0,3.0,200,24h,858,5892.611010742539,60152.102221679925,54259.49121093691,1.1086005577869344,28.321678321678323,3681.343725585826,1.6006685194289554,0.5068315754118963,58.06643356643357
1.8,8,3.0,3.0,200,London_NY,581,438.12882080100053,42783.44625244154,42345.31743164036,1.010346570704269,27.36660929432014,5408.587194824144,0.08100614911418581,0.04399064601041495,70.18760757314975
1.8,8,3.0,4.0,0,24h,908,4772.2214233402465,67923.91425781269,63151.69283447189,1.0755675930311062,22.24669603524229,6773.451062011529,0.7045480036173802,0.33959421147004704,82.48788546255507
1.8,8,3.0,4.0,0,London_NY,623,2076.5512573244723,50313.46713867202,48236.91588134729,1.043049005505091,22.63242375601926,7515.7788574218175,0.2762922242282158,0.17203580980455246,101.53772070626003
1.8,8,3.0,4.0,100,24h,792,5921.51026611361,60465.38642578142,54543.87615966736,1.108564163074511,22.348484848484848,3302.8914550779264,1.7928261787137358,0.4494868515833581,80.30555555555556
1.8,8,3.0,4.0,100,London_NY,554,4472.46145019553,47084.652246093865,42612.19079589815,1.1049573224624312,23.28519855595668,4028.707617187454,1.110147937049319,0.3837721338812682,100.52707581227438
1.8,8,3.0,4.0,200,24h,754,6218.764245605776,58195.68115234392,51976.91690673775,1.1196447310786921,22.546419098143236,3022.923657226398,2.057201884916814,0.48033561775291633,79.44960212201592
1.8,8,3.0,4.0,200,London_NY,528,2988.143603515823,44220.17060546883,41232.02700195288,1.0724714213874187,23.106060606060606,3985.998950195273,0.7496599073036471,0.26647982890593624,96.0719696969697
2.0,3,1.5,1.5,0,24h,3611,-11577.907479856865,88268.24244079704,99846.14992065326,0.884042524533424,39.57352533924121,12759.285742185873,-0.9074103138529901,-1.3700247485905834,9.049293824425368
2.0,3,1.5,1.5,0,London_NY,2169,-8812.754034422825,57851.98212280359,66664.7361572251,0.8678048614242301,38.773628400184414,8974.378475951142,-0.981990458507915,-1.2630354240340746,10.086675887505763
2.0,3,1.5,1.5,100,24h,2581,-10830.532464598513,61877.71000976669,72708.2424743636,0.8510412011620874,39.0546299883766,11008.246820067201,-0.9838562526464497,-1.5311491024461785,8.89345215032933
2.0,3,1.5,1.5,100,London_NY,1652,-8481.246295165234,42827.18537597708,51308.4316711416,0.834700730095892,38.256658595641646,8606.373995970876,-0.9854610430752577,-1.4164814368558465,9.968523002421309
2.0,3,1.5,1.5,200,24h,2300,-8420.746246336854,55114.28609619232,63535.032342527775,0.8674629423191629,39.73913043478261,8545.511837767499,-0.9853998691009666,-1.2779663455053965,8.750434782608696
2.0,3,1.5,1.5,200,London_NY,1450,-6404.826171874331,38046.33009643597,44451.15626830982,0.8559131705548011,38.827586206896555,6452.9359191887615,-0.9925445180431175,-1.1423505455944427,9.775862068965516
2.0,3,1.5,2.0,0,24h,3431,-9405.43898925636,96013.52072753974,105418.9597167961,0.910780385098433,33.25561060915185,11542.038818357836,-0.8148854060598745,-0.9800736925119463,11.668609734771204
2.0,3,1.5,2.0,0,London_NY,2112,-7245.442980956056,64232.9026000984,71478.34558105322,0.8986344336588091,33.00189393939394,7505.327270506833,-0.9653733567925777,-0.9111285343018114,12.831439393939394
2.0,3,1.5,2.0,100,24h,2514,-10101.90402831918,68220.22773437588,78322.13176269372,0.871021079215191,32.895783611774064,10386.332849119954,-0.9726150870636817,-1.2602707609030541,11.327764518695307
2.0,3,1.5,2.0,100,London_NY,1627,-7173.56767578047,48168.5270751958,55342.09475097542,0.8703777349220562,32.63675476336816,7358.256335448404,-0.97490048576071,-1.050202545406499,12.620159803318991
2.0,3,1.5,2.0,200,24h,2241,-7074.872186278276,61289.65128173906,68364.52346801595,0.8965125210067934,33.51182507809014,7277.770074461853,-0.9721208713510257,-0.9437152872042691,11.165551093261936
2.0,3,1.5,2.0,200,London_NY,1431,-5000.157525634084,43027.37487793008,48027.532403563615,0.895889768318338,33.193570929419984,5183.383782958365,-0.9646512268825854,-0.7795920354127824,12.418588399720475
2.0,3,1.5,3.0,0,24h,3070,-11114.58059692244,97327.65123291056,108442.23182983315,0.8975068992091244,24.85342019543974,13608.136029051355,-0.8167599569253612,-1.0070191188772282,17.24527687296417
2.0,3,1.5,3.0,0,London_NY,1956,-11846.980310057714,64976.301330566894,76823.2816406236,0.8457891923248421,24.028629856850717,12296.574743651461,-0.9634374252207212,-1.3014242636309052,19.419734151329244
2.0,3,1.5,3.0,100,24h,2352,-10247.430529784118,73014.92738647519,83262.35791625825,0.8769260109101223,25.0,10450.741912840756,-0.9805457464405631,-1.090505732718895,16.47236394557823
2.0,3,1.5,3.0,100,London_NY,1548,-8934.69654540946,51264.41907959017,60199.11562499874,0.8515809334963339,24.354005167958658,9367.960144042292,-0.9537504865551363,-1.1147917555814741,18.822997416020673
2.0,3,1.5,3.0,200,24h,2107,-5735.945880126014,67202.0341247564,72937.98000488116,0.9213585860241689,25.676317038443283,7793.383306883694,-0.7360020230314608,-0.6398313994558198,16.450878025628857
2.0,3,1.5,3.0,200,London_NY,1369,-6138.844702147849,46407.101519775635,52545.946221922844,0.8831718687447291,24.68955441928415,6412.334069823537,-0.9573494823105474,-0.8055305704499296,18.869247626004384
2.0,3,1.5,4.0,0,24h,2774,-6707.905950926436,97784.43940429731,104492.34535522372,0.935804810121519,20.079307858687816,11591.068432615895,-0.5787133420808027,-0.5403482746808548,22.459264599855803
2.0,3,1.5,4.0,0,London_NY,1813,-8317.714001464006,67677.9046142582,75995.61861572125,0.8905500849526296,19.415333701047988,9502.883068846826,-0.8752832104955449,-0.7984804180537887,25.46773303916161
2.0,3,1.5,4.0,100,24h,2203,-5171.207379149406,77576.32436523482,82747.53174438326,0.9375062038693444,20.608261461643213,7120.7442504872715,-0.7262172600561438,-0.4790074408632451,21.32364956876986
2.0,3,1.5,4.0,100,London_NY,1464,-5322.189398192675,55030.07182617216,60352.261224363974,0.9118145817535124,20.01366120218579,6435.105548095001,-0.8270554940265455,-0.5731383935955535,24.90573770491803
2.0,3,1.5,4.0,200,24h,1992,-1025.6257507315263,72148.07141113325,73173.69716186357,0.985983682791624,21.08433734939759,4948.712829589109,-0.20725101375839663,-0.09888193895633493,21.302208835341364
2.0,3,1.5,4.0,200,London_NY,1310,-2383.076751708386,50764.97175292994,53148.04850463767,0.9551615380290062,20.38167938931298,4215.465692137957,-0.5653175534444359,-0.2673517922409095,24.754198473282443
2.0,3,2.0,1.5,0,24h,3114,-4228.696203612005,109079.56910400432,113308.26530761682,0.9626797198586338,40.847784200385355,6232.827636717953,-0.6784555020742925,-0.3927001818491846,16.164097623635193
2.0,3,2.0,1.5,0,London_NY,2015,-1280.1320800772805,77622.07844238354,78902.21052245985,0.9837757133596161,41.53846153846154,3017.399462890604,-0.42425011862729683,-0.1403843237462024,17.789081885856078
2.0,3,2.0,1.5,100,24h,2341,-6752.831201170874,79531.52639160231,86284.35759277237,0.9217374807025773,40.53823152498932,7014.045324706012,-0.9627584209336305,-0.7378167020315574,15.835113199487399
2.0,3,2.0,1.5,100,London_NY,1564,-2707.0605834954085,58880.70928955148,61587.769873045865,0.9560454845324876,41.24040920716113,4293.612304687564,-0.6304855658579065,-0.3426004316425864,17.71994884910486
2.0,3,2.0,1.5,200,24h,2116,-3481.540063475645,72341.22851562587,75822.76857910029,0.9540831846592046,41.351606805293,3787.987341307856,-0.9191002370862186,-0.40571957155558436,15.793950850661625
2.0,3,2.0,1.5,200,London_NY,1382,-663.9772216790584,52850.21062011774,53514.187841796076,0.9875925011953605,41.823444283646886,3088.651831054729,-0.21497315268853726,-0.08938834245982115,17.70188133140376
2.0,3,2.0,2.0,0,24h,2811,-9997.092309569227,106954.13300781278,116951.22531738252,0.9145191315230806,33.333333333333336,12403.579174803383,-0.8059844798570166,-0.8528812783785497,21.31661330487371
2.0,3,2.0,2.0,0,London_NY,1875,-7456.972534178922,77583.89692382867,85040.86945800684,0.9123130727413314,33.44,7780.576123046134,-0.9584087882761412,-0.7401526440167538,23.648533333333333
2.0,3,2.0,2.0,100,24h,2201,-9737.672631835063,82188.32036132872,91925.99299316309,0.8940705200480282,33.53021353930032,10006.143432616276,-0.9731694031182784,-0.9619256000451292,20.435256701499316
2.0,3,2.0,2.0,100,London_NY,1491,-6298.218652343135,61068.46489257863,67366.68354492079,0.906508405625424,33.735747820254865,6717.261523436875,-0.9376170081168229,-0.714636018769038,23.194500335345406
2.0,3,2.0,2.0,200,24h,2006,-5058.545434569479,76346.60429687565,81405.14973144417,0.9378596384718083,34.54636091724826,6829.7592041006055,-0.7406623401206173,-0.5258872763298538,20.218344965104684
2.0,3,2.0,2.0,200,London_NY,1324,-3741.910620116614,55002.72622070356,58744.636840819374,0.9363020894953307,34.290030211480364,4671.412988280942,-0.8010232941304596,-0.4506639796227928,22.994712990936556
2.0,3,2.0,3.0,0,24h,2373,-7267.9391601552325,105167.42658691447,112435.36574706994,0.9353589583503011,24.94732406236831,9385.093457030249,-0.7744130831974737,-0.5457235780770163,30.935524652338813
2.0,3,2.0,3.0,0,London_NY,1629,-5124.2927001946355,79327.1250488285,84451.41774902251,0.9393225971004694,25.046040515653775,7151.619506835294,-0.716521998310592,-0.4367108109389122,35.521178637200734
2.0,3,2.0,3.0,100,24h,1952,-3615.062670897564,87575.95517578168,91191.01784667873,0.960357250568525,25.922131147540984,5936.230712889924,-0.6089828454692339,-0.3034343705608611,29.47797131147541
2.0,3,2.0,3.0,100,London_NY,1337,-2274.4690429681737,65803.41354980507,68077.8825927724,0.9665901911701232,25.87883320867614,4262.802416991623,-0.5335619201823877,-0.2158015764967218,34.916978309648464
2.0,3,2.0,3.0,200,24h,1801,461.4783691414341,82712.86833496141,82251.38996581917,1.0056105844452479,26.26318711826763,6122.948168944677,0.07536865516550215,0.03993757528872228,29.35757912270961
2.0,3,2.0,3.0,200,London_NY,1212,181.3363769536636,60718.62268066441,60537.28630370998,1.0029954493837845,25.99009900990099,4054.716284179255,0.044722334250907825,0.017920038472608365,34.61963696369637
2.0,3,2.0,4.0,0,24h,2079,-2064.6840576163395,102178.10893554699,104242.79299316357,0.9801935078835426,20.586820586820586,8453.482202147432,-0.24424065825700197,-0.14061386043954496,39.76623376623377
2.0,3,2.0,4.0,0,London_NY,1467,-1671.2213623041043,79089.73554687526,80760.95690917879,0.9793065680959808,20.58623040218132,7164.320581054057,-0.23327004192464884,-0.1269288109681701,46.095432856169055
2.0,3,2.0,4.0,100,24h,1777,-971.0930664054877,86864.68115234403,87835.7742187489,0.988944219197221,21.102982554867754,6132.65771484311,-0.15834783409729739,-0.07330905948850486,37.473269555430505
2.0,3,2.0,4.0,100,London_NY,1220,-1291.070312499478,65057.44482421901,66348.51513671772,0.9805410820447402,20.901639344262296,6004.985961913539,-0.21499972201235049,-0.10960927331257433,45.33524590163935
2.0,3,2.0,4.0,200,24h,1664,2506.825463867902,83212.949902344,80706.12443847547,1.0310611552879057,21.454326923076923,5685.705468749439,0.44089963464450677,0.19382119424829616,36.61658653846154
2.0,3,2.0,4.0,200,London_NY,1130,726.9500732426945,61186.92812500022,60459.978051756865,1.012023657577597,20.707964601769913,5057.910668944896,0.14372536820511694,0.06330475612725674,44.32654867256637
2.0,3,2.5,1.5,0,24h,2610,-4418.942428587729,116527.59794006278,120946.54036865376,0.9634636723372019,40.383141762452105,8314.577087400932,-0.5314692956883816,-0.35173250013605073,25.390038314176245
2.0,3,2.5,1.5,0,London_NY,1803,-4687.716442870305,86114.58649292027,90802.30293579072,0.9483744762929053,40.54353854686634,6211.520745848464,-0.7546809605366593,-0.4296508544990146,27.743205768164174
2.0,3,2.5,1.5,100,24h,2071,-4674.980142211007,90606.45400085476,95281.4341430663,0.9509350359358362,40.60840173829068,6189.898822020192,-0.7552595408474282,-0.4276682155149878,24.511830033800095
2.0,3,2.5,1.5,100,London_NY,1442,-3155.091433715188,68530.26915588445,71685.3605895987,0.955986948970275,40.98474341192788,4153.03916930968,-0.7597066401470104,-0.32824519901881855,27.328016643550626
2.0,3,2.5,1.5,200,24h,1905,-3022.0728759757185,83205.80593261762,86227.87880859314,0.9649524849998472,41.41732283464567,5926.691812132514,-0.5099088955138922,-0.2923521182534868,24.195800524934384
2.0,3,2.5,1.5,200,London_NY,1290,-2985.118316649814,60905.616766358035,63890.73508300691,0.9532777590871258,41.16279069767442,5154.799905394068,-0.579094896297747,-0.3311408098931701,27.205426356589147
2.0,3,2.5,2.0,0,24h,2275,-4857.5582885732365,114126.59776611277,118984.1560546887,0.9591747468768593,33.75824175824176,8142.950970457589,-0.5965353722742933,-0.35910487285391685,33.34417582417582
2.0,3,2.5,2.0,0,London_NY,1604,-5008.28439941336,86465.67799072286,91473.96239013644,0.945249071226922,33.790523690773064,7316.108447264415,-0.6845557902146763,-0.42017214373910405,37.55922693266833
2.0,3,2.5,2.0,100,24h,1843,-1833.8320739737992,93281.95217285164,95115.78424682605,0.9807200025895219,34.67173087357569,5196.878326414521,-0.35287185090573664,-0.15181182018004494,32.87954422137819
2.0,3,2.5,2.0,100,London_NY,1310,-2393.1368408197386,71346.08276367237,73739.21960449131,0.9675459429370855,34.35114503816794,5216.85825195305,-0.45873142900208436,-0.22259992293116557,37.56564885496183
2.0,3,2.5,2.0,200,24h,1727,-571.9580566398554,86911.97774658228,87483.93580322208,0.9934621362037678,34.97394325419803,6581.712780760301,-0.0869010963699003,-0.04971599914389916,31.959467284308047
2.0,3,2.5,2.0,200,London_NY,1194,-2118.0900634760246,64195.39683837937,66313.48690185451,0.9680594376433566,34.17085427135678,5339.000872801464,-0.3967203066525492,-0.20952398931975852,36.70603015075377
2.0,3,2.5,3.0,0,24h,1843,-3492.799053954286,105772.58767700176,109265.3867309577,0.9680338013852804,25.23060227889311,8240.724047850206,-0.42384613702305296,-0.23280671809393552,48.36842105263158
2.0,3,2.5,3.0,0,London_NY,1354,-4041.6417907708774,83575.32006835954,87616.96185913043,0.9538714684347421,25.110782865583456,8718.797576902787,-0.4635549518293331,-0.29849361679330305,54.44387001477105
2.0,3,2.5,3.0,100,24h,1582,884.1096313483786,91794.44899902349,90910.33936767543,1.0097250723899773,26.485461441213655,5684.216876219116,0.15553763176194085,0.06501596181506654,46.226295828065744
2.0,3,2.5,3.0,100,London_NY,1145,-3089.126464843239,69798.83653564486,72887.96300048738,0.9576181534278595,25.58951965065502,7392.94668578974,-0.417847794138833,-0.2533641207624776,53.1703056768559
2.0,3,2.5,3.0,200,24h,1513,3584.8298522956065,89262.59232177748,85677.76246948182,1.0418408435161057,26.834104428288168,6417.45673217623,0.5586060026430364,0.2673354906513615,44.466622604097815
2.0,3,2.5,3.0,200,London_NY,1074,-2283.8850158686637,65745.55444946319,68029.43946533109,0.966427990090499,25.232774674115458,8168.381646727355,-0.27960067423927204,-0.1914325871571164,51.64525139664804
2.0,3,2.5,4.0,0,24h,1497,1133.7076538092288,97089.17990722654,95955.47225341783,1.011814934856603,21.108884435537743,5673.785955808778,0.19981501992484357,0.07068278894749319,64.92919171676687
2.0,3,2.5,4.0,0,London_NY,1131,-1949.6261535639633,77673.80903320333,79623.43518676698,0.9755144179726667,20.512820512820515,7581.138500975294,-0.257167990442748,-0.13178698341144163,74.31741821396993
2.0,3,2.5,4.0,100,24h,1351,4954.076971436134,88039.01059570324,83084.93362426698,1.0596266585930003,22.27979274611399,4413.318194579522,1.122528844061318,0.3328324471824107,60.42042931162102
2.0,3,2.5,4.0,100,London_NY,991,266.00180664105665,68498.41398925804,68232.41218261627,1.0038984669914621,21.493440968718467,6989.663122558003,0.03805645593742265,0.019550677190435736,71.50050454086781
2.0,3,2.5,4.0,200,24h,1305,7809.089385986903,86972.71071777355,79163.62133178634,1.0986449236987046,22.528735632183906,4500.966815185027,1.7349804401225926,0.5278722615525157,58.39770114942529
2.0,3,2.5,4.0,200,London_NY,954,1184.7835327152552,66059.17414550802,64874.390612792085,1.0182627308175796,21.17400419287212,6950.543865966254,0.17045911162673433,0.08854751991577317,68.27672955974843
2.0,3,3.0,1.5,0,24h,2086,-6131.575494383824,113116.44238891617,119248.01788330052,0.9485813214909377,40.31639501438159,9588.037567137599,-0.6395026564559381,-0.4487088469619832,38.00527325023969
2.0,3,3.0,1.5,0,London_NY,1510,-5041.521209716158,87672.32179565472,92713.84300537058,0.9456227781494957,40.9271523178808,6956.606018066254,-0.724709893966018,-0.41799974239076515,42.650993377483445
2.0,3,3.0,1.5,100,24h,1707,-1344.2913085930422,93783.43685302776,95127.72816162059,0.9858685649855013,41.241944932630346,7474.83876953072,-0.17984218122171464,-0.10993044402704841,37.45459871118922
2.0,3,3.0,1.5,100,London_NY,1240,-1476.8570556635773,73110.75213623096,74587.60919189386,0.9801996997669769,41.53225806451613,6121.996398925373,-0.2412378184219151,-0.13543184583113912,42.68467741935484
2.0,3,3.0,1.5,200,24h,1634,-1477.5414489739069,88101.58705444384,89579.1285034173,0.9835057398563873,41.493268053855566,5928.622277831503,-0.2492217212924456,-0.12635071581029075,35.65116279069767
2.0,3,3.0,1.5,200,London_NY,1143,-2266.917553710473,66237.00378418017,68503.92133788993,0.966908207450952,41.119860017497814,6343.414569091508,-0.3573655054418328,-0.21937095687421865,41.39720034995626
2.0,3,3.0,2.0,0,24h,1788,-169.80415038973206,112262.11760253935,112431.92175292928,0.9984897158409951,34.2841163310962,4757.245007323414,-0.03569379969464082,-0.01147645820275952,48.992729306487696
2.0,3,3.0,2.0,0,London_NY,1319,2677.080590820892,91906.42299804719,89229.34240722604,1.0300022449857744,35.17816527672479,4939.398706054639,0.5419851180548289,0.19891956703654,55.97119029567855
2.0,3,3.0,2.0,100,24h,1494,6794.910668946024,97556.80227050814,90761.89160156189,1.0748652385824593,36.07764390896921,3627.703405761402,1.873061248103846,0.5039794873960206,48.69210174029451
2.0,3,3.0,2.0,100,London_NY,1101,6663.996130371584,79073.51145019566,72409.51531982355,1.0920320499445146,36.421435059037236,3800.6604980468346,1.7533784282485168,0.5415829078643203,56.60490463215259
2.0,3,3.0,2.0,200,24h,1447,7318.161450196029,93822.96748046913,86504.80603027274,1.084598322174555,36.07463718037319,5050.343359374478,1.4490423580036422,0.5575602340600865,46.70628887353144
2.0,3,3.0,2.0,200,London_NY,1034,4751.148461914508,72406.09826660196,67654.9498046868,1.0702261767340195,35.783365570599614,3665.944750976536,1.2960229312372737,0.405181642745876,54.515473887814316
2.0,3,3.0,3.0,0,24h,1384,6041.39180908265,103836.45827636727,97795.06646728466,1.0617760386829291,26.661849710982658,5865.092529296569,1.0300590790180126,0.3681343309868377,72.11777456647398
2.0,3,3.0,3.0,0,London_NY,1068,1863.2806884770225,85269.75373535174,83406.47304687445,1.0223397611769307,26.40449438202247,8331.690039062356,0.22363778293974018,0.12301463801819479,80.3810861423221
2.0,3,3.0,3.0,100,24h,1223,9096.537280273964,93057.42058105486,83960.88330078061,1.1083425629014276,27.636958299264105,4601.241357421466,1.976974597431607,0.5965844405964293,70.46606704824202
2.0,3,3.0,3.0,100,London_NY,920,5173.424316406645,75209.68050537133,70036.25618896418,1.0738678021630508,27.608695652173914,6137.573693847149,0.8429103379390697,0.37119858654818205,80.76195652173914
2.0,3,3.0,3.0,200,24h,1229,10610.71907959036,93284.59854736346,82673.87946777281,1.12834427449031,27.74613506916192,4901.711889648104,2.1646966036496504,0.6973813987350371,65.38567941415785
2.0,3,3.0,3.0,200,London_NY,908,5909.073718262076,73877.36918945335,67968.29547119072,1.0869386774715761,27.312775330396477,6097.03668212867,0.9691714231574919,0.42763293532167124,74.93832599118943
2.0,3,3.0,4.0,0,24h,1086,5386.328771973182,89010.84379882833,83624.51502685485,1.0644108820271632,21.4548802946593,5519.258898925604,0.9759152217015407,0.3132615677029461,99.01841620626152
2.0,3,3.0,4.0,0,London_NY,883,3087.5121948246415,77157.91406250019,74070.40186767506,1.0416834810798097,21.517553793884485,5085.176489257708,0.6071592994553726,0.19133932370701331,106.86070215175539
2.0,3,3.0,4.0,100,24h,1035,10180.145629883275,86768.18696289086,76588.04133300713,1.1329208248794371,22.89855072463768,5014.7536987302465,2.030039009186219,0.6120456958628994,90.9304347826087
2.0,3,3.0,4.0,100,London_NY,805,9279.555603027682,74364.25688476577,65084.7012817376,1.1425766028003874,22.732919254658384,3804.543444823912,2.4390720562417374,0.5915169743756541,103.72919254658386
2.0,3,3.0,4.0,200,24h,1044,9824.015710449712,85529.01528320335,75704.99957275318,1.1297670664539032,22.413793103448278,5710.216418456639,1.7204279121009136,0.595519991536527,85.82567049808429
2.0,3,3.0,4.0,200,London_NY,798,8134.489367676115,71382.89062500017,63248.401257323545,1.128611778416055,21.92982456140351,5366.279345702833,1.51585276196812,0.5300816613080975,96.47619047619047
2.0,5,1.5,1.5,0,24h,3029,-8580.833944700838,73538.06200256471,82118.89594726394,0.895507193006957,39.9801914823374,9796.155285643214,-0.8759389469128268,-1.1234492086395083,9.098712446351932
2.0,5,1.5,1.5,0,London_NY,1785,-6893.2283782950835,47705.26832580626,54598.49670410046,0.8737469198895269,38.93557422969187,7487.6603027334295,-0.9206117932164546,-1.0911661515177637,10.166946778711484
2.0,5,1.5,1.5,100,24h,2236,-8256.298455809567,53896.44624633874,62152.74470214697,0.8671611608566173,39.490161001788906,8422.726467894514,-0.980240601102347,-1.263633649479817,8.948121645796064
2.0,5,1.5,1.5,100,London_NY,1423,-7320.064602660479,36854.196310425184,44174.26091308521,0.8342911810779908,38.36964160224877,7445.192303466103,-0.9831934897440633,-1.3207857494515955,10.036542515811666
2.0,5,1.5,1.5,200,24h,1979,-5762.914602660249,47939.75058898994,53702.66519164923,0.8926884805047736,40.37392622536635,6016.370016478562,-0.9578723693648977,-0.9483402700597081,8.732187973724104
2.0,5,1.5,1.5,200,London_NY,1238,-5460.729473876386,32402.75028076201,37863.479754638145,0.8557784569917345,38.8529886914378,5512.913470458304,-0.9905342253489823,-1.0596677984447196,9.73021001615509
2.0,5,1.5,2.0,0,24h,2914,-6934.036291502603,80850.80111084065,87784.83740234216,0.9210110026208637,33.76801647220316,8062.528521727173,-0.8600324665911604,-0.797356299916849,11.670212765957446
2.0,5,1.5,2.0,0,London_NY,1749,-5647.588232421047,53284.5237670904,58932.11199951047,0.9041678969104827,33.104631217838765,5843.34017944251,-0.9664999912703801,-0.7829138830526892,12.843910806174957
2.0,5,1.5,2.0,100,24h,2183,-7084.207684325167,59815.411950684385,66899.6196350082,0.8941069063923842,33.62345396243701,7345.848803709896,-0.9643824524059641,-0.9583852936418131,11.346770499312871
2.0,5,1.5,2.0,100,London_NY,1402,-5977.754382323524,41577.619995117566,47555.37437744053,0.8742990784831522,32.810271041369475,6162.443041991454,-0.9700299607786319,-0.9469035277612088,12.628388017118402
2.0,5,1.5,2.0,200,24h,1934,-3857.37869872956,53836.300598145186,57693.679296873655,0.9331403587751858,34.3846949327818,4466.238854979525,-0.8636749676808863,-0.5572012044393212,11.111168562564634
2.0,5,1.5,2.0,200,London_NY,1222,-3689.9084655755632,37008.18795166047,40698.096417235734,0.9093346178222581,33.46972176759411,4240.11251220651,-0.8702383380047087,-0.6253473497009026,12.319967266775778
2.0,5,1.5,3.0,0,24h,2674,-7707.136206053474,84471.29468383837,92178.43088989124,0.9163889411910343,25.280478683620046,11114.635156248827,-0.693422329901706,-0.7594062707833935,16.990650710546
2.0,5,1.5,3.0,0,London_NY,1649,-9967.121099852782,54314.58712158239,64281.70822143415,0.8449462315855459,24.19648271679806,10253.90613403248,-0.972031630636069,-1.2088629826458654,19.1922377198302
2.0,5,1.5,3.0,100,24h,2073,-7291.284283446368,64797.599554443885,72088.88383788902,0.8988570235066821,25.373854317414374,7787.325476073328,-0.9363014690793323,-0.8334988649490235,16.370959961408587
2.0,5,1.5,3.0,100,London_NY,1350,-8032.699829100973,44210.723138427944,52243.4229675283,0.8462447639754951,24.37037037037037,8258.399658202534,-0.9726702704588307,-1.087488887414845,18.64148148148148
2.0,5,1.5,3.0,200,24h,1847,-3617.6357910148154,58984.67023925826,62602.306030271924,0.9422124196309266,26.09637249593936,6283.122100829266,-0.575770410467966,-0.4372923688782873,16.27883053600433
2.0,5,1.5,3.0,200,London_NY,1185,-5684.067230224105,39555.73041381853,45239.79764404222,0.8743569262854064,24.556962025316455,6127.190826415434,-0.9276791585662809,-0.8147085693802187,18.548523206751057
2.0,5,1.5,4.0,0,24h,2448,-3480.153424071139,86565.5329833988,90045.68640746926,0.9613512477619164,20.58823529411765,8791.383142088707,-0.3958596011371544,-0.30160676195879377,22.209558823529413
2.0,5,1.5,4.0,0,London_NY,1542,-6406.943164061792,57411.770434570644,63818.71359863144,0.8996071402448609,19.974059662775616,7336.533886718038,-0.8732929286486137,-0.6785831124079578,25.596627756160828
2.0,5,1.5,4.0,100,24h,1960,-2436.171173094822,69786.82207031293,72222.99324340661,0.9662687592456426,21.071428571428573,5359.985345458248,-0.4545107898772703,-0.24026089848330895,21.183163265306124
2.0,5,1.5,4.0,100,London_NY,1287,-4842.749316405647,47848.263452148676,52691.01276855367,0.9080915499256605,20.124320124320125,5607.424603270872,-0.8636316418023381,-0.5645951767354306,24.757575757575758
2.0,5,1.5,4.0,200,24h,1756,543.8531555183727,63774.72126464883,63230.86810912937,1.008601070517976,21.469248291571756,3941.272302245423,0.1379892364220885,0.05642886670780044,21.095671981776764
2.0,5,1.5,4.0,200,London_NY,1140,-2331.0493164057243,43570.96125488302,45902.010571288294,0.9492168363129753,20.350877192982455,4008.290161132285,-0.5815570287324798,-0.28496269135921487,24.455263157894738
2.0,5,2.0,1.5,0,24h,2675,-2657.409484862171,92624.66356201244,95282.07304687411,0.9721100790538599,41.42056074766355,4166.364514158956,-0.6378245292343581,-0.2710328580554982,16.12
2.0,5,2.0,1.5,0,London_NY,1678,-1019.0846679680294,64497.62893066481,65516.71359863173,0.9844454245032797,41.656734207389746,3084.6237792967604,-0.3303756765437251,-0.12299508779188056,17.998212157330155
2.0,5,2.0,1.5,100,24h,2056,-4674.553369139738,69864.4302001962,74538.9835693347,0.9372871329162905,41.293774319066145,4892.862060545974,-0.9553822101042685,-0.55237346886727,15.794260700389104
2.0,5,2.0,1.5,100,London_NY,1357,-2745.598803710336,50729.049047852124,53474.647851561735,0.9486560657429477,41.341193809874724,3568.315991210922,-0.7694382477541195,-0.375219052687662,17.861459100957997
2.0,5,2.0,1.5,200,24h,1840,-892.5277099601317,63521.7933837899,64414.32109374885,0.9861439553378206,42.28260869565217,2412.116943359488,-0.3700184240309093,-0.11262838995040962,15.629891304347826
2.0,5,2.0,1.5,200,London_NY,1183,-66.5420654291438,45419.78969726605,45486.33176269473,0.998537097566455,42.180896027049876,2318.0874999999796,-0.028705588304645268,-0.009732049303967231,17.695688926458157
2.0,5,2.0,2.0,0,24h,2477,-6375.691699217739,93834.44716796925,100210.13886718679,0.9363767801213454,34.073475979006865,9341.425268553501,-0.6825180864723656,-0.5891073669426518,21.128784820347192
2.0,5,2.0,2.0,0,London_NY,1591,-6033.7789550774705,65537.46459960994,71571.2435546864,0.9156954852898965,33.94091766184789,6504.88657226484,-0.9275763517236333,-0.6574427501178115,23.92583280955374
2.0,5,2.0,2.0,100,24h,1953,-6850.037426757007,73265.68457031317,80115.72199706917,0.9144982126353852,34.30619559651818,7652.5258056630955,-0.8951341819308569,-0.726549934399709,20.40348182283666
2.0,5,2.0,2.0,100,London_NY,1303,-6251.930371093213,52641.092382812916,58893.022753905345,0.8938425966482108,33.844973138910206,6389.463500976029,-0.9784750112647476,-0.7679119264563795,23.44512663085188
2.0,5,2.0,2.0,200,24h,1763,-2031.4757812492508,67779.9254882819,69811.40126953003,0.9709005156134174,35.56437889960295,4689.81401367111,-0.4331676640752422,-0.2278993050535192,20.033465683494047
2.0,5,2.0,2.0,200,London_NY,1144,-3013.8925537104365,47491.02768554721,50504.92023925711,0.9403247735184577,34.61538461538461,3918.8865478510907,-0.7690685905064272,-0.3936695558319779,23.017482517482517
2.0,5,2.0,3.0,0,24h,2124,-2885.6639160147306,95244.48210449266,98130.146020507,0.9705935022718574,25.800376647834273,7459.154345702187,-0.38686207340345374,-0.23005237871211315,30.905367231638415
2.0,5,2.0,3.0,0,London_NY,1404,-3615.543798827541,68184.23330078165,71799.7770996083,0.9496440804570914,25.925925925925927,4788.396997069657,-0.7550635005911448,-0.33823464365875283,36.143874643874646
2.0,5,2.0,3.0,100,24h,1764,-2326.3721679679775,78915.37153320361,81241.74370117075,0.9713648173711759,26.47392290249433,5971.682495116583,-0.3895672902687638,-0.20749672907539352,29.305555555555557
2.0,5,2.0,3.0,100,London_NY,1191,-3536.5359130854404,57056.263110351894,60592.79902343657,0.9416343860973184,25.86062132661629,4911.7854492182,-0.7200102589269946,-0.36280427410486066,34.92359361880772
2.0,5,2.0,3.0,200,24h,1609,1006.3543945319661,73359.58051757861,72353.22612304566,1.0139089083992123,26.84897451833437,5365.590283202524,0.18755707040890757,0.09363703298954806,29.17588564325668
2.0,5,2.0,3.0,200,London_NY,1064,-772.5549072260947,52296.05366210964,53068.608569335185,0.9854423372299994,26.033834586466167,4081.5349121089475,-0.18928048488182894,-0.08287797706129389,34.619360902255636
2.0,5,2.0,4.0,0,24h,1898,667.2705566414134,93901.42270507837,93234.15214843655,1.007156932746913,21.12750263435195,6784.879736327277,0.0983467036370218,0.047886181587897994,39.26027397260274
2.0,5,2.0,4.0,0,London_NY,1290,-1024.1571044916464,69408.08955078153,70432.24665527238,0.985458974360089,21.085271317829456,4134.219995116531,-0.24772680353280968,-0.08446899856037007,46.29302325581395
2.0,5,2.0,4.0,100,24h,1628,781.2302734382206,80042.5219726565,79261.29169921757,1.0098563908900646,21.4987714987715,6427.854858397794,0.1215382566421156,0.062001192170594584,36.67813267813268
2.0,5,2.0,4.0,100,London_NY,1105,-1152.795654296392,58659.60585937523,59812.401513670964,0.980726477701581,21.176470588235293,4917.03471679644,-0.2344493624091116,-0.10409271447083612,44.4606334841629
2.0,5,2.0,4.0,200,24h,1513,4338.0193359381765,76194.02905273467,71856.00971679567,1.060371002412134,22.141440846001323,4630.611303710371,0.9368135331208323,0.35568011690466556,35.57567746199603
2.0,5,2.0,4.0,200,London_NY,1005,1761.9669189457795,55048.90502929707,53286.93811035081,1.0330656438787575,21.393034825870647,3949.820556640241,0.4460878396067003,0.16381713779268317,43.43283582089552
2.0,5,2.5,1.5,0,24h,2318,-4737.569180296832,100754.52142028803,105492.0906005864,0.955090764119599,40.4227782571182,8077.188275145123,-0.586536925835335,-0.4085582489644713,25.14365832614323
2.0,5,2.5,1.5,0,London_NY,1534,-3131.5361694329204,73200.86744384833,76332.40361328049,0.9589750090237257,41.19947848761408,5176.439971922271,-0.6049594289548043,-0.3139302533844629,28.24185136897001
2.0,5,2.5,1.5,100,24h,1849,-4246.2791198722425,79921.20366821343,84167.48278808533,0.9495496481632573,40.77879935100054,6755.896527098652,-0.6285293303175893,-0.41653646351341417,24.452136289886425
2.0,5,2.5,1.5,100,London_NY,1254,-3359.041998290463,58954.4141052252,62313.45610351476,0.946094435964047,41.228070175438596,4967.7153655990805,-0.676174408371197,-0.37814100373387705,27.99840510366826
2.0,5,2.5,1.5,200,24h,1685,-3411.88661193773,72204.36897277908,75616.25558471585,0.9548789266864146,41.54302670623145,5027.305841063241,-0.6786709859721085,-0.35775922551836353,23.96854599406528
2.0,5,2.5,1.5,200,London_NY,1111,-3399.338494872545,51798.74764404349,55198.086138915256,0.9384156456744396,41.31413141314131,4288.144720457857,-0.7927294241388356,-0.411051942695889,27.655265526552654
2.0,5,2.5,2.0,0,24h,2061,-210.8572021475493,104081.27521972639,104292.13242187537,0.9979782060520536,34.78893740902475,4987.7796264630215,-0.04227476310878518,-0.016517987401975614,32.8311499272198
2.0,5,2.5,2.0,0,London_NY,1378,-1230.2974670404046,75440.40500488327,76670.70247192308,0.9839534864377909,35.268505079825836,4986.649487304582,-0.2467182564510692,-0.1123946405341606,38.3911465892598
2.0,5,2.5,2.0,100,24h,1679,170.96273193432808,84756.80289306672,84585.84016113223,1.0020211743668777,35.199523525908276,5035.252679441739,0.033953158424868325,0.014999329095459105,32.412150089338894
2.0,5,2.5,2.0,100,London_NY,1160,-1897.8603515619852,62709.08043212936,64606.94078369051,0.9706245129619224,34.741379310344826,5085.101599119757,-0.3732197507893469,-0.18969313141297112,37.9698275862069
2.0,5,2.5,2.0,200,24h,1556,-103.57879028251318,77334.22785644577,77437.8066467277,0.9986624260840127,35.47557840616967,4739.307226561113,-0.021855259710113994,-0.009683518532612023,31.31555269922879
2.0,5,2.5,2.0,200,London_NY,1045,-2123.2622070307752,55684.774768066825,57808.03697509685,0.963270466908525,34.73684210526316,4252.015148924623,-0.49935433733526785,-0.2280952837945835,36.876555023923444
2.0,5,2.5,3.0,0,24h,1714,-520.6499084465077,98285.16407470699,98805.81398315441,0.994730574169085,25.787631271878645,5299.086755370415,-0.09825276174594605,-0.0364843975332478,47.64819136522753
2.0,5,2.5,3.0,0,London_NY,1194,-867.673040770951,75035.66626586944,75903.33930663984,0.9885687105640357,26.46566164154104,4937.092401121658,-0.1757457568697366,-0.06907855851638171,55.654103852596315
2.0,5,2.5,3.0,100,24h,1482,-1268.61085815362,83265.68002319356,84534.29088134707,0.9849929437518541,26.31578947368421,6119.04381713706,-0.2073217476561836,-0.09877134832570324,44.84615384615385
2.0,5,2.5,3.0,100,London_NY,1039,-2343.0400451655487,63265.378210449526,65608.41825561432,0.9642875090200137,26.0827718960539,6375.95222778205,-0.36748080309576014,-0.20401646206475765,53.33878729547642
2.0,5,2.5,3.0,200,24h,1402,1576.8442810064926,80435.06042480492,78858.21614379807,1.0199959415532742,26.74750356633381,6334.1037170397,0.24894513122109796,0.12523032056513864,42.654065620542085
2.0,5,2.5,3.0,200,London_NY,958,-1693.5390136714432,58555.02326660184,60248.5622802726,0.9718907978950183,25.782881002087684,7162.823455809559,-0.23643456021491951,-0.15232378531711557,51.175365344467636
2.0,5,2.5,4.0,0,24h,1455,736.026184082657,91272.38818359382,90536.36199951131,1.0081296196116925,20.962199312714777,5080.763677977731,0.14486526647025896,0.047882449837154444,61.98625429553265
2.0,5,2.5,4.0,0,London_NY,1033,1982.1691467289702,73082.26562500025,71100.09647827061,1.0278785718291594,21.781219748305904,6345.929016113041,0.3123528709029073,0.14151954763294466,74.06001936108423
2.0,5,2.5,4.0,100,24h,1296,4120.8706115728455,82804.84589843766,78683.97528686449,1.0523724252180877,22.145061728395063,3928.486352538952,1.0489715991782833,0.2870285571683507,58.082561728395056
2.0,5,2.5,4.0,100,London_NY,916,2677.1097473148575,64814.41279296898,62137.30304565346,1.043083777635933,22.05240174672489,4884.187097167873,0.5481177715053538,0.20404336195043368,70.93668122270742
2.0,5,2.5,4.0,200,24h,1230,5778.4620971685035,79900.16232910175,74121.70023193263,1.0779591142551757,22.4390243902439,4681.845397948746,1.2342274479418347,0.41192106967055747,56.00325203252032
2.0,5,2.5,4.0,200,London_NY,866,2459.4756225589754,60714.273974609576,58254.79835204999,1.0422192796496572,21.709006928406467,5384.056457519042,0.4568071754010349,0.19408057354685856,67.50923787528868
2.0,5,3.0,1.5,0,24h,1903,-1200.931378172993,103294.42284545927,104495.35422363222,0.9885073227695576,41.19810825013137,4524.750042723697,-0.26541386083950086,-0.09336596093544107,37.73042564372044
2.0,5,3.0,1.5,0,London_NY,1315,-1997.4343872064856,76937.70333252,78935.13771972593,0.9746952441598545,42.129277566539926,5261.5625976561205,-0.37962760114196625,-0.1789965483207464,43.2425855513308
2.0,5,3.0,1.5,100,24h,1563,1501.8930236822712,86199.75984497114,84697.86682128836,1.0177323595038321,41.7786308381318,5513.417004394076,0.2724069342995994,0.12972847027778142,37.15099168266155
2.0,5,3.0,1.5,100,London_NY,1102,-1165.9664489741772,64663.03192749071,65828.99837646417,0.9822879509375867,41.833030852994554,5352.023291015273,-0.21785526436918676,-0.11419720385083804,43.11343012704174
2.0,5,3.0,1.5,200,24h,1478,548.1638061529725,79457.9246582037,78909.76085205004,1.0069467173672144,42.01623815967524,4494.243518066106,0.12197020565295268,0.050156247640204,35.32882273342355
2.0,5,3.0,1.5,200,London_NY,1001,-1587.6746765132566,57993.358599853935,59581.033276366594,0.973352683073685,41.75824175824176,4532.962103271231,-0.3502510368148687,-0.16563908308536973,41.75724275724276
2.0,5,3.0,2.0,0,24h,1641,3531.014379883568,103830.82375488311,100299.8093749994,1.0352045971162518,34.97867154174284,5463.855053711082,0.6462496433695257,0.2510376344092419,49.029859841560025
2.0,5,3.0,2.0,0,London_NY,1161,5415.087500000508,82017.97722168002,76602.889721679,1.0706903815205357,36.86477174849268,3410.2995849609033,1.5878626980106172,0.4335529152105016,57.022394487510766
2.0,5,3.0,2.0,100,24h,1391,6187.672521973301,89480.257250977,83292.58472900323,1.0742883960451663,36.16103522645579,3504.273242187199,1.7657505834537186,0.48312771965696166,48.27677929547089
2.0,5,3.0,2.0,100,London_NY,994,5462.0247436527825,70550.57546386756,65088.55072021417,1.0839168284316565,36.61971830985915,3328.4093505859037,1.641031546402577,0.47195209856007736,57.058350100603626
2.0,5,3.0,2.0,200,24h,1333,4365.541918945937,83681.54399414104,79316.00207519458,1.0550398633910942,35.8589647411853,4610.091394042505,0.9469534431762909,0.35567614687173854,45.89572393098275
2.0,5,3.0,2.0,200,London_NY,921,2752.8439086917997,63213.003173828474,60460.15926513613,1.0455315358436337,35.83061889250814,3437.768823242166,0.8007646965905019,0.2526592321878385,54.703583061889255
2.0,5,3.0,3.0,0,24h,1321,3848.886877441969,95697.9340332033,91849.04715576116,1.041904483460945,26.646479939439818,4826.827807617157,0.797394692921941,0.24804028882058796,70.3005299015897
2.0,5,3.0,3.0,0,London_NY,972,8306.404736328526,81752.79339599628,73446.38865966725,1.1130948013634665,28.80658436213992,4459.681152343728,1.8625557416729674,0.575454036640435,81.84465020576133
2.0,5,3.0,3.0,100,24h,1172,9119.698620605974,88260.22639160175,79140.52777099537,1.1152342406282096,27.901023890784984,3381.2310058593866,2.6971533754429404,0.6223480700806521,67.75170648464164
2.0,5,3.0,3.0,100,London_NY,855,7396.5972900394445,71375.83011474635,63979.23282470639,1.1156093464000347,28.771929824561404,4218.6069580077965,1.7533269545291863,0.5524898061869089,80.19181286549708
2.0,5,3.0,3.0,200,24h,1163,9470.140795898938,86726.31182861351,77256.17103271413,1.122581027111598,27.944969905417025,3266.34096679687,2.899311765723531,0.6552973478226484,62.202923473774725
2.0,5,3.0,3.0,200,London_NY,826,7176.965002441748,68253.26162109399,61076.296618651744,1.1175081889338148,28.329297820823246,4404.082910156238,1.6296162331301662,0.5473536647462478,73.75060532687651
2.0,5,3.0,4.0,0,24h,1048,2665.756396484847,82324.33300781269,79658.57661132749,1.033464775669945,20.99236641221374,6302.916455077886,0.4229401445321721,0.16352109228577885,97.29484732824427
2.0,5,3.0,4.0,0,London_NY,798,8233.313403320664,73669.55175781269,65436.23835449156,1.1258219239119205,23.182957393483708,4542.925439453133,1.8123373392436246,0.5350876975304124,111.69674185463658
2.0,5,3.0,4.0,100,24h,980,12804.930908203538,84529.28291015647,71724.35200195233,1.1785297538534136,23.6734693877551,3115.833886718756,4.109632083656502,0.7940638155146306,91.19897959183675
2.0,5,3.0,4.0,100,London_NY,733,10853.615466308904,69878.72792968765,59025.11246337834,1.183881317855063,23.73806275579809,3474.7618408202907,3.123556653237184,0.72458166890492,107.63847203274216
2.0,5,3.0,4.0,200,24h,982,11406.381909180122,81424.61000976588,70018.22810058511,1.1629058920599198,23.319755600814663,4754.348681640586,2.399147112038092,0.7280737130185074,84.40427698574338
2.0,5,3.0,4.0,200,London_NY,719,9075.77517089875,65712.65830078142,56636.88312988226,1.1602449617519768,23.08762169680111,3660.237792968739,2.479558893231794,0.6288829124909417,98.4019471488178
2.0,8,1.5,1.5,0,24h,2328,-7506.679318236293,55449.35293884363,62956.03225707855,0.8807631445453601,39.64776632302406,9023.70937805071,-0.8318839851486747,-1.1297461777969164,9.206615120274915
2.0,8,1.5,1.5,0,London_NY,1355,-5292.57485961852,36142.272552490576,41434.84741210875,0.8722675431387859,39.11439114391144,5684.588504027585,-0.9310392222530585,-0.9641127026256745,10.497416974169742
2.0,8,1.5,1.5,100,24h,1765,-6818.235137938681,42251.89132080131,49070.126458739294,0.8610512010057462,39.60339943342776,6917.181625365437,-0.9856955487385328,-1.1810251207940596,9.13597733711048
2.0,8,1.5,1.5,100,London_NY,1135,-5532.707489013137,29460.85075683619,34993.55824584917,0.8418935436590175,39.030837004405285,5619.208566283632,-0.9846061814132477,-1.1288898326887644,10.455506607929516
2.0,8,1.5,1.5,200,24h,1549,-4977.307730101846,37101.782748413476,42079.09047851489,0.8817154155781297,40.21949644932214,5125.841696166286,-0.9710225217888544,-0.934299480668351,8.938670109748225
2.0,8,1.5,1.5,200,London_NY,988,-4210.341931151877,25801.94880981466,30012.29074096647,0.8597127434393158,39.27125506072875,4258.451678466314,-0.9887025259538079,-0.9278084101469436,10.17408906882591
2.0,8,1.5,2.0,0,24h,2266,-5648.268518065396,62131.63142089919,67779.89993896322,0.9166674999055712,33.40688437775817,7773.471276854425,-0.7266082702181151,-0.7402135784636816,11.616063548102384
2.0,8,1.5,2.0,0,London_NY,1337,-3737.0564758294336,41044.3476806644,44781.4041564934,0.9165489214503089,33.58264771877337,3831.9023315423074,-0.9752483629522208,-0.5938821383750489,13.176514584891548
2.0,8,1.5,2.0,100,24h,1738,-5539.545574950373,47554.851745605985,53094.39732055558,0.8956660993531054,33.65937859608746,5708.11132812419,-0.970469084521305,-0.8442633845222468,11.443037974683545
2.0,8,1.5,2.0,100,London_NY,1124,-4448.70554199162,33405.82602539088,37854.53156738228,0.8824789171126697,33.45195729537367,4580.858703612716,-0.9711510067933609,-0.7975675513311271,13.112989323843415
2.0,8,1.5,2.0,200,24h,1525,-3515.0223388664626,41974.733935547316,45489.756274413216,0.9227293653177252,33.967213114754095,4510.46335449148,-0.779304045418357,-0.5772316997832375,11.30360655737705
2.0,8,1.5,2.0,200,London_NY,978,-3115.091534423325,29345.661096191623,32460.752630614857,0.9040351414561694,33.640081799591,3180.2711975092634,-0.9795049984614563,-0.6016083650746722,12.899795501022496
2.0,8,1.5,3.0,0,24h,2126,-5460.374139403342,66629.19857177784,72089.57271118,0.9242557011500315,25.117591721542805,10112.850708006878,-0.5399441064704017,-0.6082155647559494,16.524459078080902
2.0,8,1.5,3.0,0,London_NY,1273,-6976.147656249419,42295.78481445334,49271.93247070223,0.8584153836386059,24.666142969363708,7075.467150878318,-0.985962835737769,-0.9725119077132395,19.277297721916735
2.0,8,1.5,3.0,100,24h,1665,-5148.851196288347,52272.25166626012,57421.102862547545,0.9103317258010082,25.705705705705707,6668.970855712186,-0.7720608333260583,-0.6623347860454413,16.386786786786786
2.0,8,1.5,3.0,100,London_NY,1086,-6097.954248046388,35606.583837890765,41704.53808593683,0.8537819976454228,24.953959484346225,6197.273742675284,-0.9839736795964057,-0.9399125856895497,19.179558011049725
2.0,8,1.5,3.0,200,24h,1470,-2475.846405028641,46989.54129028347,49465.38769531148,0.9499479025560599,26.19047619047619,5810.588311766958,-0.4260922082562332,-0.33892434454643455,16.24081632653061
2.0,8,1.5,3.0,200,London_NY,954,-4555.120733642152,31625.10410766612,36180.224841308096,0.8740991590400164,24.842767295597483,4654.440228271048,-0.9786613449184223,-0.7466580110721478,18.964360587002098
2.0,8,1.5,4.0,0,24h,1994,-2619.412054442456,69362.02883300825,71981.44088744957,0.9636098969102739,20.511534603811434,7497.600036620191,-0.3493667362420747,-0.2555669459681274,21.283350050150453
2.0,8,1.5,4.0,0,London_NY,1209,-5375.68070068304,44498.53447265647,49874.21517333895,0.8922152322197116,20.09925558312655,5509.1400268549105,-0.9757749257558698,-0.6575239667770592,25.34656741108354
2.0,8,1.5,4.0,100,24h,1592,-1124.6340209953878,57015.74406738315,58140.378088377605,0.9806565753789057,21.545226130653266,4603.058386229865,-0.2443232144001804,-0.12442986354690305,21.040829145728644
2.0,8,1.5,4.0,100,London_NY,1043,-4029.560772704581,38430.61223144549,42460.17300414972,0.9050978720150196,20.421860019175455,4189.66387939403,-0.9617861691777037,-0.5368173062597107,25.063279002876317
2.0,8,1.5,4.0,200,24h,1411,1098.1196655279819,51452.30571289091,50354.18604736224,1.0218079121464858,21.828490432317505,4493.427703857104,0.24438351697199207,0.12873139255600763,20.871013465627215
2.0,8,1.5,4.0,200,London_NY,925,-2513.8744506831586,34621.930810547005,37135.80526122995,0.9323059125014465,20.43243243243243,3584.508441161918,-0.7013163706955273,-0.35321501299492225,24.574054054054056
2.0,8,2.0,1.5,0,24h,2129,-1716.372717284301,73142.74686279385,74859.11958007688,0.9770719622818029,41.615782057303896,4668.017089843317,-0.3676877535471729,-0.1976561248559571,16.046970408642554
2.0,8,2.0,1.5,0,London_NY,1301,-496.22854003852126,50056.10541992236,50552.33395996026,0.990183864894726,42.0445810914681,3108.912243652083,-0.1596148431181173,-0.06827869337979724,18.26902382782475
2.0,8,2.0,1.5,100,24h,1660,-2288.7644042961665,56907.38591308664,59196.15031738183,0.961335924852817,42.04819277108434,2921.544482421996,-0.7834090557466895,-0.30250264604960125,15.842168674698797
2.0,8,2.0,1.5,100,London_NY,1095,-1527.5901489252942,41181.898107910514,42709.48825683544,0.964233002752487,42.10045662100457,3335.9033935547504,-0.45792397701825793,-0.23453575970715457,18.270319634703196
2.0,8,2.0,1.5,200,24h,1476,-438.6626831048284,50772.03494873102,51210.69763183514,0.9914341592013107,42.41192411924119,2779.0235961910694,-0.15784777203981268,-0.062355590265141474,15.789972899728998
2.0,8,2.0,1.5,200,London_NY,957,23.071484375445834,36558.04426269559,36534.97277831997,1.0006314903945766,42.52873563218391,1991.28093261717,0.011586252847368271,0.0038097320537364165,18.125391849529784
2.0,8,2.0,2.0,0,24h,2004,-3737.409521483567,75948.95756836006,79686.3670898426,0.9530985078379994,34.3313373253493,7169.365551756818,-0.5213026863398998,-0.38551755847222186,20.653193612774448
2.0,8,2.0,2.0,0,London_NY,1244,-4117.925268554189,51520.26806640663,55638.19333496012,0.9259874373748581,34.163987138263664,4876.487622069707,-0.8444449340786874,-0.5083149114958131,23.742765273311896
2.0,8,2.0,2.0,100,24h,1590,-3496.2479248040327,60504.10014648494,64000.34807128793,0.9453714232786885,35.094339622641506,4909.8430908195305,-0.7120895434196969,-0.41252929094596313,20.244025157232702
2.0,8,2.0,2.0,100,London_NY,1055,-3916.607055663619,43145.998535156556,47062.605590819716,0.9167787884564735,34.59715639810427,4004.54660644488,-0.9780400730909882,-0.5394545929868697,23.617061611374407
2.0,8,2.0,2.0,200,24h,1424,-365.04013671814164,55133.08784179736,55498.12797851469,0.9934224783787544,35.95505617977528,3636.0080566399756,-0.10039585474831818,-0.04591331917928718,19.888342696629213
2.0,8,2.0,2.0,200,London_NY,929,-1880.3259033198879,38657.716406250234,40538.04230956984,0.953615769381253,35.09149623250807,2967.331469726093,-0.6336757192459715,-0.2770123654426172,23.065662002152852
2.0,8,2.0,3.0,0,24h,1791,-2110.27834472584,78630.19704589888,80740.47539062395,0.9738634391918612,25.907314349525404,5168.559863280484,-0.4082913617230403,-0.18774203439198744,29.490228922389726
2.0,8,2.0,3.0,0,London_NY,1135,-3071.1693115229946,54493.978784179984,57565.1480957023,0.9466488072537139,25.90308370044053,4139.183691406019,-0.7419746356991864,-0.32543787445790556,35.267841409691634
2.0,8,2.0,3.0,100,24h,1466,261.4600585943913,66225.89946289106,65964.4394042957,1.0039636516425596,27.14870395634379,3759.950952147822,0.0695381567264955,0.025843534166981146,28.828103683492497
2.0,8,2.0,3.0,100,London_NY,983,-1530.571850585518,47621.25976562525,49151.8316162103,0.9688603293049964,26.44964394710071,3329.4852539060557,-0.45970224640277213,-0.17533817140592137,34.48321464903357
2.0,8,2.0,3.0,200,24h,1328,3492.2566406255764,61710.457812500405,58218.201171873974,1.059985650025779,27.710843373493976,3528.5035156247086,0.9897274085632547,0.3612149716940874,28.509789156626507
2.0,8,2.0,3.0,200,London_NY,881,630.1746582035184,43759.08481445332,43128.91015624947,1.0146114208757149,26.787741203178207,3434.5644042966924,0.18348022748246046,0.07578446077984971,33.853575482406356
2.0,8,2.0,4.0,0,24h,1625,3211.137817383463,80582.33349609403,77371.19567870979,1.041503013999147,21.846153846153847,4014.1551757809357,0.7999535834482907,0.25321836724716884,38.491076923076925
2.0,8,2.0,4.0,0,London_NY,1038,-1143.736889648028,55154.26010742209,56297.99699706954,0.9796842347746939,21.290944123314066,4725.029589843727,-0.24205920151409152,-0.10766368217473991,47.82851637764932
2.0,8,2.0,4.0,100,24h,1360,4870.667358399032,69422.91040039096,64552.24304199103,1.075453107883975,22.794117647058822,3994.8105224606606,1.219248655477876,0.4228774737873089,37.2610294117647
2.0,8,2.0,4.0,100,London_NY,912,1160.5376708988365,49720.58159179707,48560.04392089782,1.023899024325219,22.25877192982456,3772.7356201169932,0.3076117140863552,0.11680160385933885,46.219298245614034
2.0,8,2.0,4.0,200,24h,1245,6535.305664063057,64446.60727539091,57911.30161132709,1.1128502638038713,22.971887550200805,2996.395727538964,2.181055594225771,0.5921924184005264,36.65542168674699
2.0,8,2.0,4.0,200,London_NY,835,2516.978881836335,46167.49877929703,43650.519897460406,1.0576620596444044,22.15568862275449,3358.4480957029573,0.7494470094853456,0.2629004708815747,44.55449101796407
2.0,8,2.5,1.5,0,24h,1893,-1959.7513397208604,82285.33116149953,84245.0825012201,0.9767374987175996,40.67617538298996,6261.558609007753,-0.3129813936264369,-0.18813389927463048,24.61542525092446
2.0,8,2.5,1.5,0,London_NY,1203,-1848.9685791010425,57640.01367797907,59488.98225707927,0.9689191425210478,41.23025768911056,4753.715383910045,-0.3889523098836055,-0.20947369908961222,28.21529509559435
2.0,8,2.5,1.5,100,24h,1517,-538.2562591546184,66768.41515197828,67306.67141113179,0.992002928567576,41.59525379037574,4163.178460692488,-0.1292897396152186,-0.05842716560979767,24.3731048121292
2.0,8,2.5,1.5,100,London_NY,1019,-1322.9698242182985,48435.041021729,49758.0108459466,0.9734119229903787,41.805691854759566,3411.1172607421413,-0.38784061733792935,-0.16651173537085365,28.383709519136406
2.0,8,2.5,1.5,200,24h,1372,-799.5895416253688,59548.67630310126,60348.26584472565,0.9867504139442597,42.12827988338192,3916.4734954825417,-0.2041605905281003,-0.09356814554686183,23.91690962099125
2.0,8,2.5,1.5,200,London_NY,909,-1796.2827972407922,42706.993795776805,44503.276593016984,0.9596370664194638,41.914191419141915,2973.020443724432,-0.6041945661801473,-0.24350802761381696,27.83058305830583
2.0,8,2.5,2.0,0,24h,1727,-93.45143432544319,85511.32540283233,85604.77683715764,0.99890833855565,34.68442385639838,4768.391906737882,-0.019598102704895856,-0.008124892573711523,32.1644470179502
2.0,8,2.5,2.0,0,London_NY,1108,-1133.215374755382,60132.193896484816,61265.40927123941,0.981503177923165,35.018050541516246,4694.698510742136,-0.24138192732982205,-0.116445839865539,38.4927797833935
2.0,8,2.5,2.0,100,24h,1400,2730.8973693853704,71464.85224609429,68733.95487670794,1.039731416216118,35.857142857142854,2968.023645018422,0.9201063387648383,0.2635336647819718,32.324285714285715
2.0,8,2.5,2.0,100,London_NY,953,-285.3401916499706,51921.81979980507,52207.15999145438,0.9945344624818508,35.257082896117524,4083.061096191348,-0.06988388978948516,-0.031728425621490634,38.4102833158447
2.0,8,2.5,2.0,200,24h,1284,1629.8297973638455,64230.73363037164,62600.903833006865,1.0260352438634508,36.059190031152646,3045.6975036610474,0.535125302300943,0.1697647198351067,31.40264797507788
2.0,8,2.5,2.0,200,London_NY,861,-1549.5988098140606,45651.79196777378,47201.39077758726,0.9671704840835055,34.959349593495936,3382.4137451171464,-0.458134021023023,-0.18710749138345412,37.267131242741
2.0,8,2.5,3.0,0,24h,1489,3204.6583190924457,85419.41759643574,82214.7592773431,1.0389791121115135,26.79650772330423,3849.2162719723474,0.8325482624675623,0.24534907371009443,46.21087978509067
2.0,8,2.5,3.0,0,London_NY,980,-1453.0138854976258,60092.65518798857,61545.6690734855,0.976391289470555,26.122448979591837,6540.693811035063,-0.22214980971073567,-0.13073437335179244,56.4765306122449
2.0,8,2.5,3.0,100,24h,1261,4820.83057251034,73829.75520019568,69008.92462768446,1.0698580741334611,27.914353687549564,3102.3379516600835,1.553934693004893,0.4070016404389391,44.88659793814433
2.0,8,2.5,3.0,100,London_NY,872,572.9564636234363,54271.67929077175,53698.72282714771,1.0106698340939757,26.94954128440367,4477.126550292909,0.1279741497559303,0.055034282833637316,54.26146788990826
2.0,8,2.5,3.0,200,24h,1181,5783.26264038139,69956.5101684574,64173.24752807517,1.0901195258639842,28.02709568162574,3249.552099609001,1.7797106995383318,0.503886313943514,42.84504657070279
2.0,8,2.5,3.0,200,London_NY,809,410.70656738317666,50246.29556274439,49835.58899536065,1.0082412303268247,26.57601977750309,3988.30483398432,0.10297772724982018,0.04102209509887039,51.35105067985167
2.0,8,2.5,4.0,0,24h,1297,5019.954907227111,82241.26313476579,77221.30822753822,1.0650073797304225,22.12798766383963,4990.903741454874,1.0058208226960852,0.3530388188782327,60.21048573631457
2.0,8,2.5,4.0,0,London_NY,878,-574.9578063961098,59166.617700195544,59741.57550659104,0.9903759182525733,21.52619589977221,5858.878027343604,-0.09813445572902528,-0.04679923139169794,73.42710706150342
2.0,8,2.5,4.0,100,24h,1121,7391.254522705567,73372.29284667995,65981.03832397361,1.1120208882802742,23.193577163247102,4241.464508056374,1.7426185009131587,0.5612745145289042,58.079393398751115
2.0,8,2.5,4.0,100,London_NY,781,2116.278082275735,54217.66416015646,52101.38607788019,1.040618460305699,22.535211267605632,4464.971923828052,0.4739734355286471,0.1827343509540532,71.51088348271446
2.0,8,2.5,4.0,200,24h,1053,7982.488024902808,69285.15766601589,61302.66964111234,1.1302143621417449,22.981956315289647,3721.0902343745274,2.145201411984725,0.6263369058373895,56.67996201329535
2.0,8,2.5,4.0,200,London_NY,735,3282.4384155276766,51554.11401367207,48271.67559814389,1.0679992640581633,22.448979591836736,3761.8255371093037,0.8725652965953328,0.29236203074916706,67.72108843537414
2.0,8,3.0,1.5,0,24h,1634,1010.7324768073681,87813.50475463916,86802.77227783125,1.0116440114789518,41.2484700122399,4269.121618652198,0.23675420076846299,0.08627120302610795,36.229498164014686
2.0,8,3.0,1.5,0,London_NY,1071,-11.724145507364483,63191.832617187945,63203.55676269468,0.9998145018080113,42.57703081232493,4360.356079101464,-0.0026888046055588356,-0.001172966997460242,42.65826330532213
2.0,8,3.0,1.5,100,24h,1331,4684.249945068918,74044.02064819388,69359.7707031242,1.0675355454261715,42.674680691209616,3038.7855773922856,1.5414874876063738,0.44442366851899395,36.69571750563486
2.0,8,3.0,1.5,100,London_NY,917,762.2398193363028,54278.29820556678,53516.058386230005,1.014243198066562,42.857142857142854,4292.342907714823,0.17758129667746128,0.0830078129156252,43.30861504907307
2.0,8,3.0,1.5,200,24h,1236,3190.0335144048404,66988.33285522513,63798.29934081956,1.050001858158694,42.88025889967638,2266.4471557617544,1.4075040339216152,0.32470069477223124,35.090614886731395
2.0,8,3.0,1.5,200,London_NY,832,291.3208740237883,48599.80850830108,48308.48763427696,1.0060304283634294,42.78846153846154,3531.53082275389,0.08249138649641351,0.034049973372991545,41.878605769230774
2.0,8,3.0,2.0,0,24h,1445,3947.6925659186345,89195.0403320317,85247.34776611257,1.0463086848959824,35.50173010380623,3037.797045898271,1.2995247892708741,0.3080392761862881,47.17785467128027
2.0,8,3.0,2.0,0,London_NY,969,3980.25307617228,67409.17160644567,63428.91853027281,1.0627513942914415,36.73890608875129,4536.952514648416,0.8772966133811793,0.35442785158275936,56.7203302373581
2.0,8,3.0,2.0,100,24h,1219,6658.730920410726,77508.0705078129,70849.33958740154,1.093984375284077,36.669401148482365,2640.4833862304095,2.5217848198305926,0.5670609082409371,47.00738310090238
2.0,8,3.0,2.0,100,London_NY,853,3201.2532226566027,58552.564477539374,55351.31125488232,1.0578351831253985,36.225087924970694,4118.375244140601,0.7773097478699083,0.3070486938090115,56.084407971864
2.0,8,3.0,2.0,200,24h,1144,6158.787133789597,71868.22709960984,65709.43996581955,1.0937275852144523,36.97552447552447,3018.172326660113,2.0405684193005853,0.5551426883178558,45.06905594405595
2.0,8,3.0,2.0,200,London_NY,783,1737.6255981448526,52522.25788574245,50784.632287597226,1.034215579002422,36.015325670498086,3587.638525390599,0.4843368655585699,0.1787375065708439,54.146871008939975
2.0,8,3.0,3.0,0,24h,1198,7479.60313720757,87133.03439941432,79653.43126220632,1.0939018322084124,28.046744574290486,3817.8206298827754,1.9591290063926414,0.5205858436920097,68.15692821368948
2.0,8,3.0,3.0,0,London_NY,820,6557.271484375366,67804.09025878932,61246.8187744135,1.1070630543037312,29.024390243902438,5884.682153320286,1.114294929365996,0.5080500160039217,84.11341463414634
2.0,8,3.0,3.0,100,24h,1033,13117.50737304731,80430.10584716825,67312.59847412031,1.1948744762556036,29.719264278799614,2484.600537109347,5.27952368082017,0.9593813981812488,67.68344627299129
2.0,8,3.0,3.0,100,London_NY,744,7657.930871582363,62071.052587890874,54413.121716308124,1.1407368412257002,29.704301075268816,4082.6697753906155,1.875716453420404,0.6292722233325363,80.60349462365592
2.0,8,3.0,3.0,200,24h,1012,13095.966320801217,77938.43671875028,64842.47039794845,1.2019658757667595,29.347826086956523,2163.3787719726115,6.053478239901585,0.9796743260316467,61.936758893280626
2.0,8,3.0,3.0,200,London_NY,714,8099.193872070609,59618.45345459007,51519.25958251911,1.1572071092966383,29.27170868347339,3563.9416015624847,2.272538323444975,0.6808855846035078,73.89635854341736
2.0,8,3.0,4.0,0,24h,987,7455.98774414107,79324.14077148461,71868.15302734298,1.1037453646722342,22.188449848024316,3328.784082031182,2.2398532197953553,0.4771601351160318,92.62411347517731
2.0,8,3.0,4.0,0,London_NY,692,6124.784008789356,62019.97353515643,55895.18952636672,1.1095762275911158,23.69942196531792,5028.220092773383,1.2180819247733343,0.44651197985809987,115.91763005780346
2.0,8,3.0,4.0,100,24h,887,14336.972790527716,77008.30034179712,62671.32755126882,1.2287644661555928,24.577226606538897,2422.5082031249785,5.918234981426837,0.9515666620096673,89.31228861330327
2.0,8,3.0,4.0,100,London_NY,651,7415.161047363517,59061.8118164064,51646.65076904257,1.1435748676235273,24.270353302611365,4130.3621093749825,1.795281103933427,0.5601326169091976,108.73118279569893
2.0,8,3.0,4.0,200,24h,878,13519.35014648473,74256.26152343773,60736.91137695243,1.222588700017687,24.25968109339408,3499.3501708984077,3.8633887682677472,0.9235598161941881,83.34054669703872
2.0,8,3.0,4.0,200,London_NY,635,7776.297424316635,57444.565136718906,49668.26771240197,1.156564699806819,23.937007874015748,3287.2064453124913,2.3656249017780806,0.598180329571628,100.21102362204724
