total_trades,net_profit,pf,win_rate,max_dd,mcr,pos_months,total_months,kama_period,use_channel,lookback,er_threshold,use_kfd,kfd_thresh,profit_lock,trend_tp,trend_sl,def_thresh,def_mult
125,10635.37,2.715,32.0,1310.91,44.44,32,72,10,False,16,0.45,False,1.4,250.0,4.5,2.0,120.0,0.25
123,10440.68,2.701,31.71,1310.91,44.44,32,72,10,False,16,0.45,False,1.4,200.0,4.5,2.0,120.0,0.25
110,10940.0,2.561,29.09,1449.69,38.89,28,72,10,False,16,0.45,False,1.4,250.0,4.5,2.5,120.0,0.25
111,10495.33,2.477,28.83,1449.69,37.5,27,72,10,False,16,0.45,False,1.4,200.0,4.5,2.5,120.0,0.25
114,10341.17,2.454,32.46,1417.22,41.67,30,72,10,False,16,0.45,False,1.4,250.0,4.0,2.5,120.0,0.25
151,13940.47,2.426,28.48,1488.9,44.44,32,72,20,True,12,0.45,True,1.35,250.0,4.5,2.5,120.0,0.25
151,13932.76,2.424,28.48,1488.9,44.44,32,72,20,True,16,0.45,True,1.35,250.0,4.5,2.5,120.0,0.25
113,10052.48,2.413,31.86,1417.22,41.67,30,72,10,False,16,0.45,False,1.4,200.0,4.0,2.5,120.0,0.25
43,4093.39,2.407,27.91,767.66,16.67,12,72,14,False,16,0.45,True,1.35,200.0,4.5,2.0,120.0,0.25
43,4093.39,2.407,27.91,767.66,16.67,12,72,14,False,16,0.45,True,1.35,250.0,4.5,2.0,120.0,0.25
146,12902.13,2.403,29.45,980.33,44.44,32,72,14,True,16,0.55,True,1.35,250.0,4.0,2.5,120.0,0.25
147,12866.2,2.393,29.25,980.33,44.44,32,72,14,True,12,0.55,True,1.35,250.0,4.0,2.5,120.0,0.25
149,13564.68,2.387,27.52,1488.9,44.44,32,72,20,True,12,0.45,True,1.35,200.0,4.5,2.5,120.0,0.25
149,13556.96,2.386,27.52,1488.9,44.44,32,72,20,True,16,0.45,True,1.35,200.0,4.5,2.5,120.0,0.25
125,8544.25,2.376,32.0,1310.91,43.06,31,72,10,False,16,0.45,False,1.4,200.0,4.0,2.0,120.0,0.25
153,13132.75,2.365,29.41,1033.61,47.22,34,72,20,True,16,0.45,True,1.35,200.0,4.0,2.5,120.0,0.25
153,13132.75,2.365,29.41,1033.61,47.22,34,72,20,True,16,0.45,True,1.35,250.0,4.0,2.5,120.0,0.25
145,12535.65,2.363,28.97,980.33,44.44,32,72,14,True,16,0.55,True,1.35,200.0,4.0,2.5,120.0,0.25
154,13113.17,2.361,29.22,1025.89,47.22,34,72,20,True,12,0.45,True,1.35,200.0,4.0,2.5,120.0,0.25
154,13113.17,2.361,29.22,1025.89,47.22,34,72,20,True,12,0.45,True,1.35,250.0,4.0,2.5,120.0,0.25
129,8611.36,2.358,31.78,1310.91,43.06,31,72,10,False,16,0.45,False,1.4,250.0,4.0,2.0,120.0,0.25
146,12499.72,2.354,28.77,980.33,44.44,32,72,14,True,12,0.55,True,1.35,200.0,4.0,2.5,120.0,0.25
158,13184.7,2.343,29.75,962.27,50.0,36,72,14,True,12,0.25,True,1.35,200.0,4.0,2.5,120.0,0.25
158,13184.7,2.343,29.75,962.27,50.0,36,72,14,True,12,0.25,True,1.35,250.0,4.0,2.5,120.0,0.25
159,13132.64,2.331,29.56,962.27,50.0,36,72,20,True,12,0.25,True,1.35,200.0,4.0,2.5,120.0,0.25
159,13132.64,2.331,29.56,962.27,50.0,36,72,20,True,12,0.25,True,1.35,250.0,4.0,2.5,120.0,0.25
151,12758.72,2.33,27.15,1243.38,44.44,32,72,20,True,16,0.55,False,1.4,200.0,4.5,2.5,120.0,0.25
152,12733.5,2.324,26.97,1243.38,44.44,32,72,20,True,12,0.55,False,1.4,200.0,4.5,2.5,120.0,0.25
143,11785.73,2.324,31.47,987.54,47.22,34,72,14,True,16,0.55,True,1.35,250.0,3.5,2.5,120.0,0.25
140,12381.61,2.323,27.14,1089.11,41.67,30,72,20,True,12,0.55,True,1.4,200.0,4.5,2.5,120.0,0.25
140,12381.61,2.323,27.14,1089.11,41.67,30,72,20,True,12,0.55,True,1.4,250.0,4.5,2.5,120.0,0.25
140,12381.61,2.323,27.14,1089.11,41.67,30,72,20,True,16,0.55,True,1.4,200.0,4.5,2.5,120.0,0.25
140,12381.61,2.323,27.14,1089.11,41.67,30,72,20,True,16,0.55,True,1.4,250.0,4.5,2.5,120.0,0.25
149,13083.49,2.318,28.19,1606.93,47.22,34,72,14,True,12,0.25,True,1.35,200.0,4.5,2.5,120.0,0.25
164,13606.42,2.317,27.44,1252.57,47.22,34,72,10,True,16,0.55,True,1.4,250.0,4.5,2.5,120.0,0.25
165,13606.16,2.317,27.27,1252.57,47.22,34,72,10,True,12,0.55,True,1.4,250.0,4.5,2.5,120.0,0.25
158,13129.78,2.317,29.11,1017.91,50.0,36,72,10,True,12,0.35,True,1.35,200.0,4.0,2.5,120.0,0.25
158,13129.78,2.317,29.11,1017.91,50.0,36,72,10,True,12,0.35,True,1.35,250.0,4.0,2.5,120.0,0.25
144,11749.8,2.315,31.25,987.54,45.83,33,72,14,True,12,0.55,True,1.35,250.0,3.5,2.5,120.0,0.25
154,13271.94,2.312,28.57,1606.93,47.22,34,72,14,True,12,0.25,True,1.35,250.0,4.5,2.5,120.0,0.25
154,12674.68,2.309,29.22,962.27,47.22,34,72,14,True,12,0.35,True,1.35,200.0,4.0,2.5,120.0,0.25
154,12674.68,2.309,29.22,962.27,47.22,34,72,14,True,12,0.35,True,1.35,250.0,4.0,2.5,120.0,0.25
150,13035.32,2.307,28.0,1604.66,47.22,34,72,20,True,12,0.25,True,1.35,200.0,4.5,2.5,120.0,0.25
154,13243.68,2.306,28.57,1604.66,47.22,34,72,20,True,16,0.25,True,1.35,250.0,4.5,2.5,120.0,0.25
154,13232.93,2.304,28.57,1606.93,47.22,34,72,14,True,16,0.25,True,1.35,250.0,4.5,2.5,120.0,0.25
155,13223.77,2.301,28.39,1604.66,47.22,34,72,20,True,12,0.25,True,1.35,250.0,4.5,2.5,120.0,0.25
159,12976.26,2.301,28.93,1020.03,48.61,35,72,10,True,12,0.45,True,1.35,200.0,4.0,2.5,120.0,0.25
159,12976.26,2.301,28.93,1020.03,48.61,35,72,10,True,12,0.45,True,1.35,250.0,4.0,2.5,120.0,0.25
133,11806.87,2.296,27.07,1324.47,38.89,28,72,20,True,16,0.55,True,1.35,200.0,4.5,2.5,120.0,0.25
151,12967.44,2.291,27.81,1604.66,47.22,34,72,20,True,16,0.25,True,1.35,200.0,4.5,2.5,120.0,0.25
151,12956.69,2.289,27.81,1606.93,47.22,34,72,14,True,16,0.25,True,1.35,200.0,4.5,2.5,120.0,0.25
156,12640.79,2.288,29.49,962.27,48.61,35,72,20,True,16,0.25,True,1.35,200.0,4.0,2.5,120.0,0.25
156,12640.79,2.288,29.49,962.27,48.61,35,72,20,True,16,0.25,True,1.35,250.0,4.0,2.5,120.0,0.25
156,12630.05,2.286,29.49,962.27,48.61,35,72,14,True,16,0.25,True,1.35,200.0,4.0,2.5,120.0,0.25
156,12630.05,2.286,29.49,962.27,48.61,35,72,14,True,16,0.25,True,1.35,250.0,4.0,2.5,120.0,0.25
137,11365.81,2.275,28.47,1131.7,43.06,31,72,20,True,16,0.55,True,1.35,200.0,4.0,2.5,120.0,0.25
146,12465.22,2.269,27.4,1606.93,44.44,32,72,14,True,12,0.35,True,1.35,200.0,4.5,2.5,120.0,0.25
156,12609.86,2.268,28.85,1017.91,48.61,35,72,10,True,16,0.35,True,1.35,200.0,4.0,2.5,120.0,0.25
156,12609.86,2.268,28.85,1017.91,48.61,35,72,10,True,16,0.35,True,1.35,250.0,4.0,2.5,120.0,0.25
151,12653.67,2.265,27.81,1606.93,44.44,32,72,14,True,12,0.35,True,1.35,250.0,4.5,2.5,120.0,0.25
168,13045.38,2.264,27.38,1082.64,50.0,36,72,10,True,12,0.45,True,1.4,200.0,4.5,2.5,120.0,0.25
133,11518.05,2.259,27.07,1324.47,37.5,27,72,20,True,12,0.55,True,1.35,200.0,4.5,2.5,120.0,0.25
129,7800.16,2.259,33.33,1310.91,45.83,33,72,10,False,16,0.45,False,1.4,200.0,3.5,2.0,120.0,0.25
151,12614.66,2.256,27.81,1606.93,44.44,32,72,14,True,16,0.35,True,1.35,250.0,4.5,2.5,120.0,0.25
134,11636.87,2.254,26.87,1324.47,38.89,28,72,20,True,16,0.55,True,1.35,250.0,4.5,2.5,120.0,0.25
157,12456.35,2.253,28.66,1020.03,47.22,34,72,10,True,16,0.45,True,1.35,200.0,4.0,2.5,120.0,0.25
157,12456.35,2.253,28.66,1020.03,47.22,34,72,10,True,16,0.45,True,1.35,250.0,4.0,2.5,120.0,0.25
160,12752.14,2.246,26.25,1252.57,47.22,34,72,10,True,16,0.55,True,1.4,200.0,4.5,2.5,120.0,0.25
161,12751.89,2.246,26.09,1252.57,47.22,34,72,10,True,12,0.55,True,1.4,200.0,4.5,2.5,120.0,0.25
153,12092.68,2.244,28.76,962.27,45.83,33,72,14,True,16,0.35,True,1.35,200.0,4.0,2.5,120.0,0.25
153,12092.68,2.244,28.76,962.27,45.83,33,72,14,True,16,0.35,True,1.35,250.0,4.0,2.5,120.0,0.25
148,12338.42,2.241,27.03,1606.93,44.44,32,72,14,True,16,0.35,True,1.35,200.0,4.5,2.5,120.0,0.25
137,11104.72,2.24,28.47,1131.7,41.67,30,72,20,True,12,0.55,True,1.35,200.0,4.0,2.5,120.0,0.25
178,13322.51,2.237,27.53,1082.64,50.0,36,72,10,True,12,0.45,True,1.4,250.0,4.5,2.5,120.0,0.25
138,11195.81,2.233,28.26,1131.7,43.06,31,72,20,True,16,0.55,True,1.35,250.0,4.0,2.5,120.0,0.25
160,12492.22,2.231,28.75,1017.91,48.61,35,72,10,True,12,0.25,True,1.35,200.0,4.0,2.5,120.0,0.25
160,12492.22,2.231,28.75,1017.91,48.61,35,72,10,True,12,0.25,True,1.35,250.0,4.0,2.5,120.0,0.25
158,12279.42,2.231,28.48,1102.54,47.22,34,72,20,True,12,0.35,True,1.35,200.0,4.0,2.5,120.0,0.25
158,12279.42,2.231,28.48,1102.54,47.22,34,72,20,True,12,0.35,True,1.35,250.0,4.0,2.5,120.0,0.25
174,13375.23,2.23,27.59,1090.77,47.22,34,72,20,True,16,0.45,True,1.4,250.0,4.5,2.5,120.0,0.25
175,13367.79,2.229,27.43,1090.77,47.22,34,72,20,True,12,0.45,True,1.4,250.0,4.5,2.5,120.0,0.25
170,12882.87,2.229,27.06,1082.64,50.0,36,72,10,True,16,0.45,True,1.4,200.0,4.5,2.5,120.0,0.25
155,12666.29,2.228,27.74,1604.66,45.83,33,72,10,True,16,0.35,True,1.35,250.0,4.5,2.5,120.0,0.25
151,12458.7,2.228,27.15,1604.66,45.83,33,72,10,True,12,0.35,True,1.35,200.0,4.5,2.5,120.0,0.25
145,11023.32,2.228,30.34,987.54,45.83,33,72,14,True,16,0.55,True,1.35,200.0,3.5,2.5,120.0,0.25
156,12647.14,2.224,27.56,1604.66,45.83,33,72,10,True,12,0.35,True,1.35,250.0,4.5,2.5,120.0,0.25
178,13247.79,2.222,27.53,1082.64,50.0,36,72,10,True,16,0.45,True,1.4,250.0,4.5,2.5,120.0,0.25
154,12143.88,2.222,26.62,1243.38,43.06,31,72,20,True,16,0.55,False,1.4,250.0,4.5,2.5,120.0,0.25
146,10987.39,2.219,30.14,987.54,44.44,32,72,14,True,12,0.55,True,1.35,200.0,3.5,2.5,120.0,0.25
156,12620.45,2.218,27.56,1604.66,45.83,33,72,10,True,16,0.25,True,1.35,250.0,4.5,2.5,120.0,0.25
152,12412.09,2.218,26.97,1604.66,45.83,33,72,10,True,12,0.25,True,1.35,200.0,4.5,2.5,120.0,0.25
134,11348.06,2.218,26.87,1324.47,37.5,27,72,20,True,12,0.55,True,1.35,250.0,4.5,2.5,120.0,0.25
155,12118.66,2.217,26.45,1243.38,43.06,31,72,20,True,12,0.55,False,1.4,250.0,4.5,2.5,120.0,0.25
157,12600.54,2.214,27.39,1604.66,45.83,33,72,10,True,12,0.25,True,1.35,250.0,4.5,2.5,120.0,0.25
152,12390.04,2.213,26.97,1604.66,45.83,33,72,10,True,16,0.35,True,1.35,200.0,4.5,2.5,120.0,0.25
156,11745.59,2.213,30.77,999.69,50.0,36,72,10,True,12,0.45,True,1.35,250.0,3.5,2.5,120.0,0.25
156,12493.76,2.211,27.56,1606.78,44.44,32,72,10,True,16,0.45,True,1.35,250.0,4.5,2.5,120.0,0.25
152,12286.17,2.211,26.97,1606.78,44.44,32,72,10,True,12,0.45,True,1.35,200.0,4.5,2.5,120.0,0.25
131,7662.87,2.21,32.82,1310.91,45.83,33,72,10,False,16,0.45,False,1.4,250.0,3.5,2.0,120.0,0.25
151,12044.36,2.208,27.15,1508.47,40.28,29,72,14,True,16,0.45,True,1.35,250.0,4.5,2.5,120.0,0.25
157,12474.62,2.207,27.39,1606.78,44.44,32,72,10,True,12,0.45,True,1.35,250.0,4.5,2.5,120.0,0.25
153,12344.21,2.203,26.8,1604.66,45.83,33,72,10,True,16,0.25,True,1.35,200.0,4.5,2.5,120.0,0.25
154,11441.78,2.201,30.52,999.69,50.0,36,72,10,True,12,0.45,True,1.35,200.0,3.5,2.5,120.0,0.25
149,12087.92,2.2,26.85,1604.66,44.44,32,72,20,True,12,0.35,True,1.35,200.0,4.5,2.5,120.0,0.25
152,12008.43,2.2,26.97,1508.47,40.28,29,72,14,True,12,0.45,True,1.35,250.0,4.5,2.5,120.0,0.25
138,10934.72,2.199,28.26,1131.7,41.67,30,72,20,True,12,0.55,True,1.35,250.0,4.0,2.5,120.0,0.25
144,11646.61,2.198,26.39,1458.86,38.89,28,72,14,True,16,0.55,True,1.35,250.0,4.5,2.5,120.0,0.25
154,12276.37,2.196,27.27,1604.66,44.44,32,72,20,True,12,0.35,True,1.35,250.0,4.5,2.5,120.0,0.25
153,12217.51,2.196,26.8,1606.78,44.44,32,72,10,True,16,0.45,True,1.35,200.0,4.5,2.5,120.0,0.25
174,12777.44,2.195,27.01,823.69,48.61,35,72,10,True,12,0.25,True,1.4,200.0,4.5,2.5,120.0,0.25
176,12881.33,2.191,26.7,823.69,50.0,36,72,14,True,12,0.25,True,1.4,200.0,4.5,2.5,120.0,0.25
173,12868.79,2.191,27.17,823.69,50.0,36,72,14,True,16,0.25,True,1.4,200.0,4.5,2.5,120.0,0.25
173,12868.79,2.191,27.17,823.69,50.0,36,72,20,True,16,0.25,True,1.4,200.0,4.5,2.5,120.0,0.25
176,12878.47,2.19,26.7,823.69,50.0,36,72,20,True,12,0.25,True,1.4,200.0,4.5,2.5,120.0,0.25
145,11610.68,2.19,26.21,1458.86,38.89,28,72,14,True,12,0.55,True,1.35,250.0,4.5,2.5,120.0,0.25
181,13111.46,2.189,27.07,953.84,47.22,34,72,14,True,12,0.35,True,1.4,250.0,4.5,2.5,120.0,0.25
157,12000.37,2.189,28.66,1017.91,47.22,34,72,10,True,16,0.25,True,1.35,200.0,4.0,2.5,120.0,0.25
157,12000.37,2.189,28.66,1017.91,47.22,34,72,10,True,16,0.25,True,1.35,250.0,4.0,2.5,120.0,0.25
43,3330.86,2.189,32.56,767.66,19.44,14,72,14,False,16,0.45,True,1.35,200.0,3.5,2.0,120.0,0.25
43,3330.86,2.189,32.56,767.66,19.44,14,72,14,False,16,0.45,True,1.35,250.0,3.5,2.0,120.0,0.25
154,12238.13,2.188,27.27,1604.66,44.44,32,72,20,True,16,0.35,True,1.35,250.0,4.5,2.5,120.0,0.25
184,13246.25,2.185,27.17,823.69,50.0,36,72,14,True,12,0.25,True,1.4,250.0,4.5,2.5,120.0,0.25
184,13243.39,2.185,27.17,823.69,50.0,36,72,20,True,12,0.25,True,1.4,250.0,4.5,2.5,120.0,0.25
181,13233.71,2.185,27.62,823.69,50.0,36,72,14,True,16,0.25,True,1.4,250.0,4.5,2.5,120.0,0.25
181,13233.71,2.185,27.62,823.69,50.0,36,72,20,True,16,0.25,True,1.4,250.0,4.5,2.5,120.0,0.25
179,13090.01,2.185,27.37,953.84,47.22,34,72,14,True,16,0.35,True,1.4,250.0,4.5,2.5,120.0,0.25
174,12669.11,2.184,26.44,1082.65,48.61,35,72,10,True,12,0.35,True,1.4,200.0,4.5,2.5,120.0,0.25
183,13280.87,2.183,26.78,1082.65,48.61,35,72,10,True,12,0.35,True,1.4,250.0,4.5,2.5,120.0,0.25
160,11655.07,2.183,30.63,988.23,50.0,36,72,10,True,12,0.35,True,1.35,250.0,3.5,2.5,120.0,0.25
156,11729.42,2.176,28.21,1101.77,45.83,33,72,20,True,16,0.35,True,1.35,200.0,4.0,2.5,120.0,0.25
156,11729.42,2.176,28.21,1101.77,45.83,33,72,20,True,16,0.35,True,1.35,250.0,4.0,2.5,120.0,0.25
154,11452.14,2.176,27.92,980.33,43.06,31,72,14,True,16,0.45,True,1.35,200.0,4.0,2.5,120.0,0.25
154,11452.14,2.176,27.92,980.33,43.06,31,72,14,True,16,0.45,True,1.35,250.0,4.0,2.5,120.0,0.25
175,12825.81,2.174,26.29,1030.02,45.83,33,72,14,True,12,0.45,True,1.4,250.0,4.5,2.5,120.0,0.25
151,11961.89,2.172,26.49,1604.66,44.44,32,72,20,True,16,0.35,True,1.35,200.0,4.5,2.5,120.0,0.25
137,10304.7,2.172,29.93,1131.7,43.06,31,72,20,True,16,0.55,True,1.35,200.0,3.5,2.5,120.0,0.25
158,11351.26,2.171,30.38,988.23,50.0,36,72,10,True,12,0.35,True,1.35,200.0,3.5,2.5,120.0,0.25
154,11294.34,2.169,30.52,999.69,48.61,35,72,10,True,16,0.45,True,1.35,250.0,3.5,2.5,120.0,0.25
183,13206.14,2.168,26.78,1082.65,48.61,35,72,10,True,16,0.35,True,1.4,250.0,4.5,2.5,120.0,0.25
155,11416.21,2.168,27.74,980.33,43.06,31,72,14,True,12,0.45,True,1.35,200.0,4.0,2.5,120.0,0.25
155,11416.21,2.168,27.74,980.33,43.06,31,72,14,True,12,0.45,True,1.35,250.0,4.0,2.5,120.0,0.25
173,12784.87,2.166,26.59,1030.02,45.83,33,72,14,True,16,0.45,True,1.4,250.0,4.5,2.5,120.0,0.25
149,11617.93,2.165,26.17,1508.47,40.28,29,72,14,True,16,0.45,True,1.35,200.0,4.5,2.5,120.0,0.25
42,4003.2,2.162,30.95,1198.58,16.67,12,72,14,False,16,0.45,True,1.35,200.0,4.0,2.5,120.0,0.25
42,4003.2,2.162,30.95,1198.58,16.67,12,72,14,False,16,0.45,True,1.35,250.0,4.0,2.5,120.0,0.25
80,6273.98,2.16,30.0,1149.94,31.94,23,72,14,False,16,0.45,False,1.4,250.0,4.5,2.0,120.0,0.25
150,11582.0,2.158,26.0,1508.47,40.28,29,72,14,True,12,0.45,True,1.35,200.0,4.5,2.5,120.0,0.25
152,10990.54,2.156,30.26,999.69,48.61,35,72,10,True,16,0.45,True,1.35,200.0,3.5,2.5,120.0,0.25
142,11220.18,2.155,25.35,1458.86,38.89,28,72,14,True,16,0.55,True,1.35,200.0,4.5,2.5,120.0,0.25
167,12270.45,2.15,26.35,1090.77,47.22,34,72,20,True,16,0.45,True,1.4,200.0,4.5,2.5,120.0,0.25
168,12263.0,2.148,26.19,1090.77,47.22,34,72,20,True,12,0.45,True,1.4,200.0,4.5,2.5,120.0,0.25
143,11184.25,2.147,25.17,1458.86,38.89,28,72,14,True,12,0.55,True,1.35,200.0,4.5,2.5,120.0,0.25
43,3333.57,2.146,27.91,767.66,16.67,12,72,14,False,16,0.45,True,1.35,200.0,4.0,2.0,120.0,0.25
43,3333.57,2.146,27.91,767.66,16.67,12,72,14,False,16,0.45,True,1.35,250.0,4.0,2.0,120.0,0.25
119,8299.69,2.143,33.61,1417.22,41.67,30,72,10,False,16,0.45,False,1.4,250.0,3.5,2.5,120.0,0.25
158,11203.82,2.14,30.38,988.23,48.61,35,72,10,True,16,0.35,True,1.35,250.0,3.5,2.5,120.0,0.25
137,10071.35,2.14,29.93,1131.7,41.67,30,72,20,True,12,0.55,True,1.35,200.0,3.5,2.5,120.0,0.25
60,5337.88,2.14,33.33,933.36,20.83,15,72,14,False,16,0.35,True,1.35,200.0,4.0,2.5,120.0,0.25
60,5337.88,2.14,33.33,933.36,20.83,15,72,14,False,16,0.35,True,1.35,250.0,4.0,2.5,120.0,0.25
182,12777.94,2.139,26.92,823.69,48.61,35,72,10,True,12,0.25,True,1.4,250.0,4.5,2.5,120.0,0.25
116,8172.35,2.139,33.62,1417.22,41.67,30,72,10,False,16,0.45,False,1.4,200.0,3.5,2.5,120.0,0.25
173,12384.12,2.137,26.59,823.69,48.61,35,72,10,True,16,0.25,True,1.4,200.0,4.5,2.5,120.0,0.25
181,12749.04,2.133,27.07,823.69,48.61,35,72,10,True,16,0.25,True,1.4,250.0,4.5,2.5,120.0,0.25
162,11189.47,2.128,30.25,988.23,48.61,35,72,14,True,12,0.25,True,1.35,250.0,3.5,2.5,120.0,0.25
153,10678.82,2.128,30.07,1015.23,45.83,33,72,14,True,16,0.45,True,1.35,250.0,3.5,2.5,120.0,0.25
156,10900.02,2.127,30.13,988.23,48.61,35,72,10,True,16,0.35,True,1.35,200.0,3.5,2.5,120.0,0.25
173,12076.69,2.126,26.01,953.84,47.22,34,72,14,True,12,0.35,True,1.4,200.0,4.5,2.5,120.0,0.25
171,12055.24,2.121,26.32,953.84,47.22,34,72,14,True,16,0.35,True,1.4,200.0,4.5,2.5,120.0,0.25
154,10642.89,2.119,29.87,1015.23,44.44,32,72,14,True,12,0.45,True,1.35,250.0,3.5,2.5,120.0,0.25
174,12233.66,2.118,25.86,1082.65,48.61,35,72,10,True,16,0.35,True,1.4,200.0,4.5,2.5,120.0,0.25
163,11137.41,2.117,30.06,988.23,48.61,35,72,20,True,12,0.25,True,1.35,250.0,3.5,2.5,120.0,0.25
182,12605.09,2.116,27.47,1045.25,47.22,34,72,20,True,12,0.35,True,1.4,250.0,4.5,2.5,120.0,0.25
160,10885.67,2.115,30.0,988.23,48.61,35,72,14,True,12,0.25,True,1.35,200.0,3.5,2.5,120.0,0.25
151,10375.01,2.114,29.8,1015.23,45.83,33,72,14,True,16,0.45,True,1.35,200.0,3.5,2.5,120.0,0.25
155,10680.91,2.113,29.68,1068.51,47.22,34,72,20,True,16,0.45,True,1.35,200.0,3.5,2.5,120.0,0.25
181,12583.39,2.111,27.62,1045.25,47.22,34,72,20,True,16,0.35,True,1.4,250.0,4.5,2.5,120.0,0.25
156,10661.32,2.108,29.49,1060.8,47.22,34,72,20,True,12,0.45,True,1.35,200.0,3.5,2.5,120.0,0.25
79,5992.24,2.108,29.11,1149.94,31.94,23,72,14,False,16,0.45,False,1.4,200.0,4.5,2.0,120.0,0.25
152,10339.08,2.106,29.61,1015.23,44.44,32,72,14,True,12,0.45,True,1.35,200.0,3.5,2.5,120.0,0.25
162,11074.89,2.104,30.25,988.23,48.61,35,72,10,True,12,0.25,True,1.35,250.0,3.5,2.5,120.0,0.25
161,10833.61,2.104,29.81,988.23,48.61,35,72,20,True,12,0.25,True,1.35,200.0,3.5,2.5,120.0,0.25
158,10774.39,2.103,29.75,988.23,47.22,34,72,14,True,12,0.35,True,1.35,250.0,3.5,2.5,120.0,0.25
139,10016.6,2.103,29.5,1131.7,43.06,31,72,20,True,16,0.55,True,1.35,250.0,3.5,2.5,120.0,0.25
43,3732.3,2.103,32.56,889.31,18.06,13,72,14,False,16,0.45,True,1.35,200.0,3.5,2.5,120.0,0.25
43,3732.3,2.103,32.56,889.31,18.06,13,72,14,False,16,0.45,True,1.35,250.0,3.5,2.5,120.0,0.25
142,10359.62,2.097,27.46,1089.11,40.28,29,72,20,True,12,0.55,True,1.4,200.0,4.0,2.5,120.0,0.25
142,10359.62,2.097,27.46,1089.11,40.28,29,72,20,True,16,0.55,True,1.4,200.0,4.0,2.5,120.0,0.25
160,10771.09,2.091,30.0,988.23,48.61,35,72,10,True,12,0.25,True,1.35,200.0,3.5,2.5,120.0,0.25
168,11681.22,2.089,25.0,1030.02,45.83,33,72,14,True,12,0.45,True,1.4,200.0,4.5,2.5,120.0,0.25
156,10470.58,2.089,29.49,988.23,47.22,34,72,14,True,12,0.35,True,1.35,200.0,3.5,2.5,120.0,0.25
166,11640.28,2.081,25.3,1030.02,45.83,33,72,14,True,16,0.45,True,1.4,200.0,4.5,2.5,120.0,0.25
160,10714.24,2.081,30.0,988.23,47.22,34,72,20,True,16,0.25,True,1.35,250.0,3.5,2.5,120.0,0.25
167,11227.83,2.079,27.54,1278.52,41.67,30,72,10,True,16,0.55,True,1.4,250.0,4.0,2.5,120.0,0.25
168,11227.57,2.079,27.38,1278.52,41.67,30,72,10,True,12,0.55,True,1.4,250.0,4.0,2.5,120.0,0.25
156,10525.86,2.079,29.49,1068.51,47.22,34,72,20,True,16,0.45,True,1.35,250.0,3.5,2.5,120.0,0.25
160,10703.49,2.078,30.0,988.23,47.22,34,72,14,True,16,0.25,True,1.35,250.0,3.5,2.5,120.0,0.25
157,10506.28,2.075,29.3,1060.8,47.22,34,72,20,True,12,0.45,True,1.35,250.0,3.5,2.5,120.0,0.25
150,10985.47,2.074,25.33,1213.8,41.67,30,72,10,True,12,0.55,True,1.35,200.0,4.5,2.5,120.0,0.25
139,9783.25,2.072,29.5,1131.7,41.67,30,72,20,True,12,0.55,True,1.35,250.0,3.5,2.5,120.0,0.25
154,11165.36,2.071,25.97,1213.8,41.67,30,72,10,True,16,0.55,True,1.35,250.0,4.5,2.5,120.0,0.25
159,10651.71,2.068,30.19,988.23,47.22,34,72,10,True,16,0.25,True,1.35,250.0,3.5,2.5,120.0,0.25
155,11146.22,2.067,25.81,1213.8,41.67,30,72,10,True,12,0.55,True,1.35,250.0,4.5,2.5,120.0,0.25
158,10410.43,2.067,29.75,988.23,47.22,34,72,20,True,16,0.25,True,1.35,200.0,3.5,2.5,120.0,0.25
158,10399.68,2.064,29.75,988.23,47.22,34,72,14,True,16,0.25,True,1.35,200.0,3.5,2.5,120.0,0.25
173,11632.61,2.063,26.59,1045.25,47.22,34,72,20,True,12,0.35,True,1.4,200.0,4.5,2.5,120.0,0.25
165,10517.83,2.06,30.91,1304.47,45.83,33,72,10,True,16,0.55,True,1.4,250.0,3.5,2.5,120.0,0.25
166,10517.58,2.06,30.72,1304.47,45.83,33,72,10,True,12,0.55,True,1.4,250.0,3.5,2.5,120.0,0.25
159,10429.96,2.06,27.67,1087.25,43.06,31,72,20,True,16,0.55,False,1.4,200.0,4.0,2.5,120.0,0.25
143,10189.63,2.06,27.27,1089.11,40.28,29,72,20,True,12,0.55,True,1.4,250.0,4.0,2.5,120.0,0.25
143,10189.63,2.06,27.27,1089.11,40.28,29,72,20,True,16,0.55,True,1.4,250.0,4.0,2.5,120.0,0.25
172,11610.91,2.059,26.74,1045.25,47.22,34,72,20,True,16,0.35,True,1.4,200.0,4.5,2.5,120.0,0.25
160,10404.74,2.055,27.5,1087.25,43.06,31,72,20,True,12,0.55,False,1.4,200.0,4.0,2.5,120.0,0.25
142,9812.34,2.055,29.58,1089.11,44.44,32,72,20,True,12,0.55,True,1.4,250.0,3.5,2.5,120.0,0.25
142,9812.34,2.055,29.58,1089.11,44.44,32,72,20,True,16,0.55,True,1.4,250.0,3.5,2.5,120.0,0.25
151,10889.11,2.054,25.17,1213.8,41.67,30,72,10,True,16,0.55,True,1.35,200.0,4.5,2.5,120.0,0.25
157,10347.91,2.054,29.94,988.23,47.22,34,72,10,True,16,0.25,True,1.35,200.0,3.5,2.5,120.0,0.25
157,10261.06,2.046,29.3,988.23,45.83,33,72,14,True,16,0.35,True,1.35,250.0,3.5,2.5,120.0,0.25
150,10462.34,2.04,26.67,1257.71,41.67,30,72,10,True,12,0.55,True,1.35,200.0,4.0,2.5,120.0,0.25
150,10462.34,2.04,26.67,1257.71,41.67,30,72,10,True,12,0.55,True,1.35,250.0,4.0,2.5,120.0,0.25
162,10392.39,2.033,29.01,1155.97,47.22,34,72,20,True,12,0.35,True,1.35,250.0,3.5,2.5,120.0,0.25
155,9957.25,2.032,29.03,988.23,45.83,33,72,14,True,16,0.35,True,1.35,200.0,3.5,2.5,120.0,0.25
140,9449.93,2.03,29.29,1089.11,44.44,32,72,20,True,12,0.55,True,1.4,200.0,3.5,2.5,120.0,0.25
140,9449.93,2.03,29.29,1089.11,44.44,32,72,20,True,16,0.55,True,1.4,200.0,3.5,2.5,120.0,0.25
147,9915.5,2.029,29.25,1262.22,44.44,32,72,10,True,12,0.55,True,1.35,250.0,3.5,2.5,120.0,0.25
160,10088.58,2.019,28.75,1155.97,47.22,34,72,20,True,12,0.35,True,1.35,200.0,3.5,2.5,120.0,0.25
145,9611.7,2.013,28.97,1262.22,44.44,32,72,10,True,12,0.55,True,1.35,200.0,3.5,2.5,120.0,0.25
183,10996.28,2.008,27.87,1127.05,47.22,34,72,10,True,12,0.45,True,1.4,250.0,4.0,2.5,120.0,0.25
179,9424.69,2.004,27.37,1189.12,45.83,33,72,10,True,16,0.45,True,1.35,250.0,4.0,2.0,120.0,0.25
165,10400.47,2.0,26.67,1278.52,41.67,30,72,10,True,16,0.55,True,1.4,200.0,4.0,2.5,120.0,0.25
166,10400.21,2.0,26.51,1278.52,41.67,30,72,10,True,12,0.55,True,1.4,200.0,4.0,2.5,120.0,0.25
177,10928.02,1.996,27.68,1117.35,44.44,32,72,20,True,16,0.45,True,1.4,250.0,4.0,2.5,120.0,0.25
181,10859.97,1.996,27.62,1127.05,45.83,33,72,10,True,16,0.45,True,1.4,250.0,4.0,2.5,120.0,0.25
178,10920.57,1.994,27.53,1117.35,44.44,32,72,20,True,12,0.45,True,1.4,250.0,4.0,2.5,120.0,0.25
158,10401.33,1.993,28.48,979.01,40.28,29,72,14,True,16,0.55,True,1.4,250.0,4.0,2.5,120.0,0.25
171,9421.2,1.991,25.73,1168.36,44.44,32,72,10,True,16,0.55,True,1.35,200.0,4.5,2.0,120.0,0.25
178,10570.46,1.987,27.53,1127.05,47.22,34,72,10,True,12,0.45,True,1.4,200.0,4.0,2.5,120.0,0.25
155,10480.28,1.986,26.45,1066.13,40.28,29,72,14,True,16,0.55,True,1.4,250.0,4.5,2.5,120.0,0.25
160,9911.06,1.985,28.75,1155.21,45.83,33,72,20,True,16,0.35,True,1.35,250.0,3.5,2.5,120.0,0.25
157,10169.25,1.98,27.39,979.01,38.89,28,72,14,True,12,0.55,True,1.4,250.0,4.0,2.5,120.0,0.25
164,10078.56,1.98,27.44,1087.25,41.67,30,72,20,True,16,0.55,False,1.4,250.0,4.0,2.5,120.0,0.25
186,10872.55,1.975,27.42,823.69,47.22,34,72,14,True,12,0.25,True,1.4,250.0,4.0,2.5,120.0,0.25
186,10871.96,1.975,27.42,823.69,47.22,34,72,20,True,12,0.25,True,1.4,250.0,4.0,2.5,120.0,0.25
165,10053.34,1.975,27.27,1087.25,41.67,30,72,20,True,12,0.55,False,1.4,250.0,4.0,2.5,120.0,0.25
184,10742.38,1.974,27.17,979.8,44.44,32,72,14,True,12,0.35,True,1.4,250.0,4.0,2.5,120.0,0.25
176,10434.15,1.974,27.27,1127.05,45.83,33,72,10,True,16,0.45,True,1.4,200.0,4.0,2.5,120.0,0.25
184,9572.94,1.972,25.0,1168.36,44.44,32,72,10,True,16,0.45,True,1.35,200.0,4.5,2.0,120.0,0.25
174,9092.52,1.972,27.59,1189.12,44.44,32,72,10,True,16,0.55,True,1.35,250.0,4.0,2.0,120.0,0.25
158,9607.26,1.97,28.48,1155.21,45.83,33,72,20,True,16,0.35,True,1.35,200.0,3.5,2.5,120.0,0.25
154,10206.82,1.969,25.32,1339.33,38.89,28,72,14,True,12,0.55,True,1.4,250.0,4.5,2.5,120.0,0.25
159,9339.63,1.969,30.19,1107.86,45.83,33,72,20,True,12,0.55,False,1.4,250.0,3.5,2.5,120.0,0.25
181,10717.91,1.968,27.62,979.8,44.44,32,72,14,True,16,0.35,True,1.4,250.0,4.0,2.5,120.0,0.25
172,9296.54,1.965,25.58,1168.36,44.44,32,72,10,True,16,0.55,True,1.35,250.0,4.5,2.0,120.0,0.25
174,8855.19,1.965,27.01,1189.12,45.83,33,72,10,True,16,0.45,True,1.35,200.0,4.0,2.0,120.0,0.25
163,9563.52,1.964,30.06,1304.47,45.83,33,72,10,True,16,0.55,True,1.4,200.0,3.5,2.5,120.0,0.25
164,9563.26,1.964,29.88,1304.47,45.83,33,72,10,True,12,0.55,True,1.4,200.0,3.5,2.5,120.0,0.25
184,10798.91,1.96,27.72,823.69,45.83,33,72,20,True,16,0.25,True,1.4,250.0,4.0,2.5,120.0,0.25
184,10796.64,1.96,27.72,823.69,45.83,33,72,14,True,16,0.25,True,1.4,250.0,4.0,2.5,120.0,0.25
158,9254.85,1.96,29.75,1107.86,45.83,33,72,20,True,16,0.55,False,1.4,250.0,3.5,2.5,120.0,0.25
160,9804.88,1.959,31.25,1005.06,43.06,31,72,14,True,16,0.55,True,1.4,250.0,3.5,2.5,120.0,0.25
182,9203.18,1.958,26.92,1189.12,44.44,32,72,10,True,12,0.45,True,1.35,250.0,4.0,2.0,120.0,0.25
181,10461.15,1.956,27.07,823.69,47.22,34,72,14,True,12,0.25,True,1.4,200.0,4.0,2.5,120.0,0.25
181,10460.55,1.956,27.07,823.69,47.22,34,72,20,True,12,0.25,True,1.4,200.0,4.0,2.5,120.0,0.25
167,8672.33,1.956,26.95,1334.96,43.06,31,72,14,True,16,0.55,True,1.35,250.0,4.0,2.0,120.0,0.25
189,10859.58,1.953,26.98,1123.44,47.22,34,72,10,True,12,0.35,True,1.4,250.0,4.0,2.5,120.0,0.25
173,9229.38,1.951,25.43,1168.36,44.44,32,72,10,True,12,0.55,True,1.35,200.0,4.5,2.0,120.0,0.25
168,8643.43,1.95,26.79,1334.96,41.67,30,72,14,True,12,0.55,True,1.35,250.0,4.0,2.0,120.0,0.25
159,9614.16,1.949,30.19,1051.35,43.06,31,72,14,True,12,0.55,True,1.4,250.0,3.5,2.5,120.0,0.25
186,10759.2,1.947,26.88,1123.44,45.83,33,72,10,True,16,0.35,True,1.4,250.0,4.0,2.5,120.0,0.25
185,9448.28,1.947,24.86,1168.36,44.44,32,72,10,True,16,0.45,True,1.35,250.0,4.5,2.0,120.0,0.25
178,10400.79,1.942,26.4,1075.28,43.06,31,72,14,True,12,0.45,True,1.4,250.0,4.0,2.5,120.0,0.25
179,10387.5,1.942,27.37,823.69,45.83,33,72,20,True,16,0.25,True,1.4,200.0,4.0,2.5,120.0,0.25
179,10385.24,1.941,27.37,823.69,45.83,33,72,14,True,16,0.25,True,1.4,200.0,4.0,2.5,120.0,0.25
338,11933.06,1.936,24.26,810.99,55.56,40,72,20,True,16,0.25,False,1.4,200.0,4.5,2.0,120.0,0.25
338,11933.06,1.936,24.26,810.99,55.56,40,72,20,True,16,0.25,False,1.4,250.0,4.5,2.0,120.0,0.25
176,10359.86,1.935,26.7,1075.28,43.06,31,72,14,True,16,0.45,True,1.4,250.0,4.0,2.5,120.0,0.25
176,8900.7,1.933,27.27,1189.12,44.44,32,72,10,True,12,0.55,True,1.35,250.0,4.0,2.0,120.0,0.25
169,8523.03,1.933,27.22,1189.12,44.44,32,72,10,True,16,0.55,True,1.35,200.0,4.0,2.0,120.0,0.25
41,4057.15,1.933,26.83,1256.55,15.28,11,72,10,False,16,0.35,True,1.35,200.0,4.5,2.5,120.0,0.25
41,4057.15,1.933,26.83,1256.55,15.28,11,72,10,False,16,0.35,True,1.35,250.0,4.5,2.5,120.0,0.25
187,9351.43,1.928,24.6,1168.36,44.44,32,72,10,True,12,0.45,True,1.35,200.0,4.5,2.0,120.0,0.25
171,9988.74,1.927,26.9,1117.35,44.44,32,72,20,True,16,0.45,True,1.4,200.0,4.0,2.5,120.0,0.25
174,9104.72,1.927,25.29,1168.36,44.44,32,72,10,True,12,0.55,True,1.35,250.0,4.5,2.0,120.0,0.25
172,9981.29,1.925,26.74,1117.35,44.44,32,72,20,True,12,0.45,True,1.4,200.0,4.0,2.5,120.0,0.25
80,4990.47,1.923,30.0,1149.94,31.94,23,72,14,False,16,0.45,False,1.4,250.0,4.0,2.0,120.0,0.25
159,8387.41,1.921,24.53,1163.93,41.67,30,72,20,True,12,0.55,True,1.35,200.0,4.5,2.0,120.0,0.25
150,9658.79,1.919,25.33,1066.13,40.28,29,72,14,True,16,0.55,True,1.4,200.0,4.5,2.5,120.0,0.25
177,8633.68,1.919,26.55,1189.12,44.44,32,72,10,True,12,0.45,True,1.35,200.0,4.0,2.0,120.0,0.25
184,10373.99,1.917,27.17,823.69,45.83,33,72,10,True,16,0.25,True,1.4,250.0,4.0,2.5,120.0,0.25
188,10428.55,1.915,27.13,823.69,47.22,34,72,10,True,12,0.25,True,1.4,250.0,4.0,2.5,120.0,0.25
162,8102.83,1.915,26.54,1334.96,43.06,31,72,14,True,16,0.55,True,1.35,200.0,4.0,2.0,120.0,0.25
160,8368.17,1.914,24.38,1163.93,41.67,30,72,20,True,16,0.55,True,1.35,200.0,4.5,2.0,120.0,0.25
186,9792.36,1.912,30.11,1133.34,48.61,35,72,10,True,12,0.45,True,1.4,250.0,3.5,2.5,120.0,0.25
172,8747.44,1.91,25.0,1238.36,41.67,30,72,14,True,16,0.55,True,1.35,250.0,4.5,2.0,120.0,0.25
163,8073.94,1.909,26.38,1334.96,41.67,30,72,14,True,12,0.55,True,1.35,200.0,4.0,2.0,120.0,0.25
178,9806.13,1.907,26.4,979.8,44.44,32,72,14,True,12,0.35,True,1.4,200.0,4.0,2.5,120.0,0.25
188,9226.77,1.905,24.47,1168.36,44.44,32,72,10,True,12,0.45,True,1.35,250.0,4.5,2.0,120.0,0.25
153,9366.6,1.904,27.45,979.01,40.28,29,72,14,True,16,0.55,True,1.4,200.0,4.0,2.5,120.0,0.25
173,8718.54,1.904,24.86,1238.36,41.67,30,72,14,True,12,0.55,True,1.35,250.0,4.5,2.0,120.0,0.25
149,9385.33,1.902,24.16,1339.33,38.89,28,72,14,True,12,0.55,True,1.4,200.0,4.5,2.5,120.0,0.25
194,8725.38,1.902,25.26,935.79,44.44,32,72,20,True,16,0.55,False,1.4,200.0,4.0,2.0,120.0,0.25
184,9673.22,1.901,29.89,1133.34,47.22,34,72,10,True,16,0.45,True,1.4,250.0,3.5,2.5,120.0,0.25
175,9781.66,1.9,26.86,979.8,44.44,32,72,14,True,16,0.35,True,1.4,200.0,4.0,2.5,120.0,0.25
170,8542.57,1.9,24.71,1238.36,41.67,30,72,14,True,16,0.55,True,1.35,200.0,4.5,2.0,120.0,0.25
187,10286.92,1.899,27.81,1063.78,44.44,32,72,20,True,12,0.35,True,1.4,250.0,4.0,2.5,120.0,0.25
160,8284.51,1.899,24.38,1163.93,41.67,30,72,20,True,16,0.55,True,1.35,250.0,4.5,2.0,120.0,0.25
90,6479.84,1.899,32.22,1497.56,36.11,26,72,20,False,16,0.35,False,1.4,200.0,4.0,2.5,120.0,0.25
184,10203.63,1.896,27.72,1063.78,43.06,31,72,20,True,16,0.35,True,1.4,250.0,4.0,2.5,120.0,0.25
161,8737.54,1.896,29.19,1107.86,44.44,32,72,20,True,12,0.55,False,1.4,200.0,3.5,2.5,120.0,0.25
179,9948.17,1.895,26.82,823.69,45.83,33,72,10,True,16,0.25,True,1.4,200.0,4.0,2.5,120.0,0.25
238,10688.1,1.894,28.15,1473.79,50.0,36,72,10,True,12,0.55,False,1.4,250.0,4.5,2.5,120.0,0.25
183,10002.72,1.894,26.78,823.69,47.22,34,72,10,True,12,0.25,True,1.4,200.0,4.0,2.5,120.0,0.25
171,8513.67,1.894,24.56,1238.36,41.67,30,72,14,True,12,0.55,True,1.35,200.0,4.5,2.0,120.0,0.25
171,8331.2,1.893,26.9,1189.12,44.44,32,72,10,True,12,0.55,True,1.35,200.0,4.0,2.0,120.0,0.25
160,8250.8,1.892,24.38,1163.93,41.67,30,72,20,True,12,0.55,True,1.35,250.0,4.5,2.0,120.0,0.25
152,9134.52,1.89,26.32,979.01,38.89,28,72,14,True,12,0.55,True,1.4,200.0,4.0,2.5,120.0,0.25
153,9180.18,1.889,26.14,1257.71,40.28,29,72,10,True,16,0.55,True,1.35,200.0,4.0,2.5,120.0,0.25
153,9180.18,1.889,26.14,1257.71,40.28,29,72,10,True,16,0.55,True,1.35,250.0,4.0,2.5,120.0,0.25
160,8652.76,1.887,28.75,1107.86,44.44,32,72,20,True,16,0.55,False,1.4,200.0,3.5,2.5,120.0,0.25
183,9908.91,1.885,26.23,1123.44,47.22,34,72,10,True,12,0.35,True,1.4,200.0,4.0,2.5,120.0,0.25
150,8762.64,1.884,28.67,1262.22,41.67,30,72,10,True,16,0.55,True,1.35,250.0,3.5,2.5,120.0,0.25
180,9808.53,1.878,26.11,1123.44,45.83,33,72,10,True,16,0.35,True,1.4,200.0,4.0,2.5,120.0,0.25
91,6397.69,1.877,31.87,1497.56,36.11,26,72,20,False,16,0.35,False,1.4,250.0,4.0,2.5,120.0,0.25
79,4740.38,1.876,29.11,1149.94,31.94,23,72,14,False,16,0.45,False,1.4,200.0,4.0,2.0,120.0,0.25
172,9450.12,1.872,25.58,1075.28,43.06,31,72,14,True,12,0.45,True,1.4,200.0,4.0,2.5,120.0,0.25
197,8545.29,1.867,24.87,935.79,44.44,32,72,20,True,16,0.55,False,1.4,250.0,4.0,2.0,120.0,0.25
148,8458.84,1.867,28.38,1262.22,41.67,30,72,10,True,16,0.55,True,1.35,200.0,3.5,2.5,120.0,0.25
158,8850.57,1.866,30.38,1078.17,43.06,31,72,14,True,16,0.55,True,1.4,200.0,3.5,2.5,120.0,0.25
170,9409.19,1.865,25.88,1075.28,43.06,31,72,14,True,16,0.45,True,1.4,200.0,4.0,2.5,120.0,0.25
157,8659.85,1.855,29.3,1078.17,43.06,31,72,14,True,12,0.55,True,1.4,200.0,3.5,2.5,120.0,0.25
194,8300.85,1.855,25.26,935.79,43.06,31,72,20,True,12,0.55,False,1.4,200.0,4.0,2.0,120.0,0.25
183,8006.31,1.853,28.96,1209.88,48.61,35,72,10,True,16,0.45,True,1.35,250.0,3.5,2.0,120.0,0.25
178,7781.69,1.852,28.65,1209.88,48.61,35,72,10,True,16,0.45,True,1.35,200.0,3.5,2.0,120.0,0.25
79,4510.16,1.852,32.91,1149.94,34.72,25,72,14,False,16,0.45,False,1.4,200.0,3.5,2.0,120.0,0.25
50,3455.04,1.844,26.0,906.63,18.06,13,72,14,False,16,0.45,True,1.4,200.0,4.5,2.0,120.0,0.25
50,3455.04,1.844,26.0,906.63,18.06,13,72,14,False,16,0.45,True,1.4,250.0,4.5,2.0,120.0,0.25
181,9336.25,1.831,27.07,1063.78,44.44,32,72,20,True,12,0.35,True,1.4,200.0,4.0,2.5,120.0,0.25
158,7982.52,1.828,27.22,1271.46,43.06,31,72,10,False,16,0.35,False,1.4,250.0,4.5,2.5,120.0,0.25
178,9252.96,1.827,26.97,1063.78,43.06,31,72,20,True,16,0.35,True,1.4,200.0,4.0,2.5,120.0,0.25
217,9784.59,1.825,28.57,1360.34,48.61,35,72,20,True,16,0.35,False,1.4,250.0,4.5,2.5,120.0,0.25
189,9111.84,1.824,29.1,865.02,47.22,34,72,14,True,12,0.25,True,1.4,250.0,3.5,2.5,120.0,0.25
189,9111.25,1.824,29.1,865.02,47.22,34,72,20,True,12,0.25,True,1.4,250.0,3.5,2.5,120.0,0.25
187,9013.35,1.824,28.88,1005.75,44.44,32,72,14,True,12,0.35,True,1.4,250.0,3.5,2.5,120.0,0.25
185,8932.49,1.824,29.19,1244.89,48.61,35,72,10,True,12,0.45,True,1.4,200.0,3.5,2.5,120.0,0.25
179,7681.34,1.822,29.05,1209.88,47.22,34,72,10,True,16,0.55,True,1.35,250.0,3.5,2.0,120.0,0.25
197,8120.76,1.821,24.87,935.79,43.06,31,72,20,True,12,0.55,False,1.4,250.0,4.0,2.0,120.0,0.25
198,8356.45,1.82,23.23,977.11,43.06,31,72,20,True,16,0.55,False,1.4,200.0,4.5,2.0,120.0,0.25
218,9737.02,1.818,28.44,1360.34,48.61,35,72,20,True,12,0.35,False,1.4,200.0,4.5,2.5,120.0,0.25
74,5087.31,1.816,32.43,1575.67,27.78,20,72,14,False,16,0.45,False,1.4,200.0,4.0,2.5,120.0,0.25
185,8970.46,1.815,29.19,1005.75,44.44,32,72,14,True,16,0.35,True,1.4,250.0,3.5,2.5,120.0,0.25
205,7953.0,1.815,27.32,833.72,47.22,34,72,20,True,16,0.55,False,1.4,250.0,3.5,2.0,120.0,0.25
183,8813.34,1.813,28.96,1244.89,47.22,34,72,10,True,16,0.45,True,1.4,200.0,3.5,2.5,120.0,0.25
73,5198.57,1.813,31.51,1025.28,25.0,18,72,14,False,16,0.35,True,1.4,200.0,4.0,2.5,120.0,0.25
73,5198.57,1.813,31.51,1025.28,25.0,18,72,14,False,16,0.35,True,1.4,250.0,4.0,2.5,120.0,0.25
186,7784.8,1.811,28.49,1209.88,48.61,35,72,10,True,12,0.45,True,1.35,250.0,3.5,2.0,120.0,0.25
181,7560.18,1.808,28.18,1209.88,48.61,35,72,10,True,12,0.45,True,1.35,200.0,3.5,2.0,120.0,0.25
253,10212.88,1.807,27.27,1473.79,50.0,36,72,10,True,16,0.55,False,1.4,250.0,4.5,2.5,120.0,0.25
219,9669.72,1.807,28.31,1360.34,48.61,35,72,20,True,12,0.35,False,1.4,250.0,4.5,2.5,120.0,0.25
192,9102.95,1.807,28.65,1133.34,45.83,33,72,10,True,12,0.35,True,1.4,250.0,3.5,2.5,120.0,0.25
188,9020.19,1.807,29.26,871.14,47.22,34,72,20,True,16,0.25,True,1.4,250.0,3.5,2.5,120.0,0.25
188,9017.92,1.807,29.26,871.14,47.22,34,72,14,True,16,0.25,True,1.4,250.0,3.5,2.5,120.0,0.25
211,9480.01,1.804,28.44,1360.34,47.22,34,72,20,True,16,0.35,False,1.4,200.0,4.5,2.5,120.0,0.25
189,9019.74,1.802,28.57,1133.34,45.83,33,72,10,True,16,0.35,True,1.4,250.0,3.5,2.5,120.0,0.25
186,8067.31,1.8,25.81,1209.2,44.44,32,72,10,True,16,0.35,True,1.35,250.0,4.0,2.0,120.0,0.25
169,7198.79,1.799,27.81,1431.55,44.44,32,72,14,True,16,0.55,True,1.35,200.0,3.5,2.0,120.0,0.25
190,8273.92,1.795,23.68,1188.44,43.06,31,72,10,True,16,0.35,True,1.35,200.0,4.5,2.0,120.0,0.25
190,8273.92,1.795,23.68,1188.44,43.06,31,72,10,True,16,0.35,True,1.35,250.0,4.5,2.0,120.0,0.25
179,7688.6,1.795,25.7,1209.2,44.44,32,72,10,True,16,0.35,True,1.35,200.0,4.0,2.0,120.0,0.25
198,8114.22,1.794,23.23,977.11,41.67,30,72,20,True,12,0.55,False,1.4,200.0,4.5,2.0,120.0,0.25
170,7169.89,1.793,27.65,1431.55,44.44,32,72,14,True,12,0.55,True,1.35,200.0,3.5,2.0,120.0,0.25
177,8041.63,1.791,25.99,1384.85,43.06,31,72,20,True,16,0.45,True,1.35,200.0,4.5,2.0,120.0,0.25
177,8041.63,1.791,25.99,1384.85,43.06,31,72,20,True,16,0.45,True,1.35,250.0,4.5,2.0,120.0,0.25
62,4661.09,1.791,25.81,1414.61,22.22,16,72,10,False,16,0.25,True,1.35,200.0,4.0,2.5,120.0,0.25
62,4661.09,1.791,25.81,1414.61,22.22,16,72,10,False,16,0.25,True,1.35,250.0,4.0,2.5,120.0,0.25
75,4982.98,1.786,32.0,1575.67,27.78,20,72,14,False,16,0.45,False,1.4,250.0,4.0,2.5,120.0,0.25
181,7489.51,1.785,28.73,1209.88,47.22,34,72,10,True,12,0.55,True,1.35,250.0,3.5,2.0,120.0,0.25
159,7069.25,1.785,25.79,1237.29,41.67,30,72,20,True,12,0.55,True,1.35,200.0,4.0,2.0,120.0,0.25
60,4013.55,1.784,30.0,933.36,18.06,13,72,14,False,16,0.35,True,1.35,200.0,4.5,2.5,120.0,0.25
60,4013.55,1.784,30.0,933.36,18.06,13,72,14,False,16,0.35,True,1.35,250.0,4.5,2.5,120.0,0.25
189,8725.24,1.783,28.57,865.02,47.22,34,72,14,True,12,0.25,True,1.4,200.0,3.5,2.5,120.0,0.25
189,8724.65,1.783,28.57,865.02,47.22,34,72,20,True,12,0.25,True,1.4,200.0,3.5,2.5,120.0,0.25
187,8626.75,1.783,28.34,1005.75,44.44,32,72,14,True,12,0.35,True,1.4,200.0,3.5,2.5,120.0,0.25
207,8484.99,1.783,22.22,1097.45,40.28,29,72,10,True,12,0.55,True,1.4,250.0,4.5,2.0,120.0,0.25
81,4307.32,1.783,32.1,1149.94,34.72,25,72,14,False,16,0.45,False,1.4,250.0,3.5,2.0,120.0,0.25
178,7984.78,1.781,25.84,1384.85,43.06,31,72,20,True,12,0.45,True,1.35,200.0,4.5,2.0,120.0,0.25
178,7984.78,1.781,25.84,1384.85,43.06,31,72,20,True,12,0.45,True,1.35,250.0,4.5,2.0,120.0,0.25
222,9674.56,1.78,26.13,1273.54,47.22,34,72,14,True,12,0.55,False,1.4,250.0,4.5,2.5,120.0,0.25
201,8110.62,1.777,22.89,977.11,43.06,31,72,20,True,16,0.55,False,1.4,250.0,4.5,2.0,120.0,0.25
81,5238.3,1.777,25.93,1125.51,23.61,17,72,10,False,16,0.25,True,1.4,200.0,4.0,2.5,120.0,0.25
81,5238.3,1.777,25.93,1125.51,23.61,17,72,10,False,16,0.25,True,1.4,250.0,4.0,2.5,120.0,0.25
205,7588.57,1.775,27.32,833.72,45.83,33,72,20,True,12,0.55,False,1.4,250.0,3.5,2.0,120.0,0.25
185,8583.86,1.774,28.65,1005.75,44.44,32,72,14,True,16,0.35,True,1.4,200.0,3.5,2.5,120.0,0.25
174,7509.62,1.773,26.44,1332.08,41.67,30,72,14,True,16,0.45,True,1.35,250.0,4.0,2.0,120.0,0.25
42,3338.7,1.772,28.57,1357.99,16.67,12,72,10,False,16,0.35,True,1.35,200.0,4.0,2.5,120.0,0.25
42,3338.7,1.772,28.57,1357.99,16.67,12,72,10,False,16,0.35,True,1.35,250.0,4.0,2.5,120.0,0.25
255,9301.23,1.771,30.2,1473.79,54.17,39,72,10,True,12,0.55,False,1.4,200.0,4.0,2.5,120.0,0.25
63,3903.25,1.77,33.33,1206.05,20.83,15,72,14,False,16,0.35,True,1.35,200.0,3.5,2.5,120.0,0.25
63,3903.25,1.77,33.33,1206.05,20.83,15,72,14,False,16,0.35,True,1.35,250.0,3.5,2.5,120.0,0.25
188,8640.6,1.769,28.72,865.02,45.83,33,72,10,True,16,0.25,True,1.4,250.0,3.5,2.5,120.0,0.25
78,4823.46,1.769,34.62,1199.76,30.56,22,72,14,False,16,0.45,False,1.4,250.0,3.5,2.5,120.0,0.25
175,7480.73,1.768,26.29,1332.08,40.28,29,72,14,True,12,0.45,True,1.35,250.0,4.0,2.0,120.0,0.25
192,8677.99,1.767,28.65,865.02,45.83,33,72,10,True,12,0.25,True,1.4,250.0,3.5,2.5,120.0,0.25
188,8633.58,1.767,28.72,871.14,47.22,34,72,20,True,16,0.25,True,1.4,200.0,3.5,2.5,120.0,0.25
188,8631.32,1.767,28.72,871.14,47.22,34,72,14,True,16,0.25,True,1.4,200.0,3.5,2.5,120.0,0.25
229,9054.31,1.766,27.95,2060.69,48.61,35,72,10,True,12,0.55,False,1.4,200.0,4.5,2.5,120.0,0.25
177,7647.55,1.766,24.29,1235.57,40.28,29,72,14,True,16,0.45,True,1.35,200.0,4.5,2.0,120.0,0.25
167,7130.92,1.766,26.35,1332.08,41.67,30,72,14,True,16,0.45,True,1.35,200.0,4.0,2.0,120.0,0.25
173,7090.2,1.766,27.75,1431.55,44.44,32,72,14,True,16,0.55,True,1.35,250.0,3.5,2.0,120.0,0.25
235,9141.57,1.765,28.09,1992.15,50.0,36,72,10,True,16,0.55,False,1.4,200.0,4.5,2.5,120.0,0.25
192,8701.93,1.765,28.12,1241.28,45.83,33,72,10,True,12,0.35,True,1.4,200.0,3.5,2.5,120.0,0.25
167,7305.21,1.765,25.75,1237.29,41.67,30,72,20,True,16,0.55,True,1.35,250.0,4.0,2.0,120.0,0.25
351,10137.51,1.763,24.22,934.17,54.17,39,72,20,True,12,0.25,False,1.4,200.0,4.5,2.0,120.0,0.25
351,10137.51,1.763,24.22,934.17,54.17,39,72,20,True,12,0.25,False,1.4,250.0,4.5,2.0,120.0,0.25
189,7845.8,1.762,25.4,1209.2,43.06,31,72,10,True,12,0.35,True,1.35,250.0,4.0,2.0,120.0,0.25
158,6828.65,1.762,25.32,1237.29,41.67,30,72,20,True,16,0.55,True,1.35,200.0,4.0,2.0,120.0,0.25
178,7618.65,1.761,24.16,1235.57,40.28,29,72,14,True,12,0.45,True,1.35,200.0,4.5,2.0,120.0,0.25
168,7102.02,1.761,26.19,1332.08,40.28,29,72,14,True,12,0.45,True,1.35,200.0,4.0,2.0,120.0,0.25
174,7061.3,1.761,27.59,1431.55,44.44,32,72,14,True,12,0.55,True,1.35,250.0,3.5,2.0,120.0,0.25
189,8618.72,1.76,28.04,1241.28,45.83,33,72,10,True,16,0.35,True,1.4,200.0,3.5,2.5,120.0,0.25
181,8316.36,1.759,28.18,1120.15,44.44,32,72,20,True,16,0.45,True,1.4,250.0,3.5,2.5,120.0,0.25
167,7271.5,1.759,25.75,1237.29,41.67,30,72,20,True,12,0.55,True,1.35,250.0,4.0,2.0,120.0,0.25
173,6906.85,1.759,28.32,1209.88,47.22,34,72,10,True,16,0.55,True,1.35,200.0,3.5,2.0,120.0,0.25
193,8052.41,1.758,23.32,1188.44,43.06,31,72,10,True,12,0.35,True,1.35,200.0,4.5,2.0,120.0,0.25
193,8052.41,1.758,23.32,1188.44,43.06,31,72,10,True,12,0.35,True,1.35,250.0,4.5,2.0,120.0,0.25
182,8308.91,1.757,28.02,1120.15,44.44,32,72,20,True,12,0.45,True,1.4,250.0,3.5,2.5,120.0,0.25
182,7467.09,1.755,25.27,1209.2,43.06,31,72,10,True,12,0.35,True,1.35,200.0,4.0,2.0,120.0,0.25
76,4653.97,1.755,34.21,1199.76,30.56,22,72,14,False,16,0.45,False,1.4,200.0,3.5,2.5,120.0,0.25
340,9868.84,1.754,25.88,935.54,47.22,34,72,14,True,12,0.35,False,1.4,200.0,4.5,2.0,120.0,0.25
191,8548.38,1.752,29.32,1009.39,44.44,32,72,20,True,12,0.35,True,1.4,250.0,3.5,2.5,120.0,0.25
201,7868.39,1.752,22.89,977.11,41.67,30,72,20,True,12,0.55,False,1.4,250.0,4.5,2.0,120.0,0.25
188,8482.26,1.75,29.26,1009.39,44.44,32,72,20,True,16,0.35,True,1.4,250.0,3.5,2.5,120.0,0.25
187,7648.96,1.749,26.2,1209.2,43.06,31,72,20,True,16,0.25,True,1.35,250.0,4.0,2.0,120.0,0.25
208,8204.22,1.747,22.6,1141.6,41.67,30,72,10,True,16,0.55,True,1.4,250.0,4.5,2.0,120.0,0.25
190,7840.87,1.746,24.21,1188.44,41.67,30,72,20,True,16,0.25,True,1.35,200.0,4.5,2.0,120.0,0.25
190,7840.87,1.746,24.21,1188.44,41.67,30,72,20,True,16,0.25,True,1.35,250.0,4.5,2.0,120.0,0.25
160,7369.44,1.745,26.25,1438.14,41.67,30,72,10,False,16,0.35,False,1.4,200.0,4.5,2.5,120.0,0.25
188,7618.5,1.744,26.06,1209.2,43.06,31,72,14,True,16,0.25,True,1.35,250.0,4.0,2.0,120.0,0.25
178,7522.89,1.744,24.16,1235.57,40.28,29,72,14,True,16,0.45,True,1.35,250.0,4.5,2.0,120.0,0.25
180,7270.26,1.742,26.11,1209.2,43.06,31,72,20,True,16,0.25,True,1.35,200.0,4.0,2.0,120.0,0.25
191,7810.42,1.741,24.08,1188.44,41.67,30,72,14,True,16,0.25,True,1.35,200.0,4.5,2.0,120.0,0.25
188,7571.44,1.741,25.53,1209.2,43.06,31,72,10,True,16,0.25,True,1.35,250.0,4.0,2.0,120.0,0.25
179,7493.99,1.739,24.02,1235.57,40.28,29,72,14,True,12,0.45,True,1.35,250.0,4.5,2.0,120.0,0.25
219,9024.89,1.738,29.22,1360.34,51.39,37,72,20,True,16,0.25,False,1.4,250.0,4.5,2.5,120.0,0.25
181,7239.8,1.737,25.97,1209.2,43.06,31,72,14,True,16,0.25,True,1.35,200.0,4.0,2.0,120.0,0.25
182,8133.57,1.735,28.02,1222.31,44.44,32,72,20,True,16,0.45,True,1.4,200.0,3.5,2.5,120.0,0.25
180,7421.13,1.735,27.22,1481.36,43.06,31,72,20,True,16,0.45,True,1.35,250.0,4.0,2.0,120.0,0.25
342,9629.37,1.734,24.85,963.37,47.22,34,72,14,True,16,0.35,False,1.4,250.0,4.5,2.0,120.0,0.25
183,8126.12,1.734,27.87,1222.31,44.44,32,72,20,True,12,0.45,True,1.4,200.0,3.5,2.5,120.0,0.25
192,7732.15,1.734,23.44,1188.44,41.67,30,72,10,True,16,0.25,True,1.35,200.0,4.5,2.0,120.0,0.25
192,7732.15,1.734,23.44,1188.44,41.67,30,72,10,True,16,0.25,True,1.35,250.0,4.5,2.0,120.0,0.25
181,7192.74,1.734,25.41,1209.2,43.06,31,72,10,True,16,0.25,True,1.35,200.0,4.0,2.0,120.0,0.25
341,9632.01,1.732,25.22,935.54,47.22,34,72,14,True,12,0.35,False,1.4,250.0,4.5,2.0,120.0,0.25
42,2502.61,1.729,30.95,1179.05,16.67,12,72,10,False,16,0.45,True,1.4,200.0,4.5,2.0,120.0,0.25
42,2502.61,1.729,30.95,1179.05,16.67,12,72,10,False,16,0.45,True,1.4,250.0,4.5,2.0,120.0,0.25
188,8239.58,1.727,28.19,865.02,45.83,33,72,10,True,16,0.25,True,1.4,200.0,3.5,2.5,120.0,0.25
173,7042.42,1.727,27.17,1481.36,43.06,31,72,20,True,16,0.45,True,1.35,200.0,4.0,2.0,120.0,0.25
181,7364.27,1.726,27.07,1481.36,43.06,31,72,20,True,12,0.45,True,1.35,250.0,4.0,2.0,120.0,0.25
192,8276.97,1.725,28.12,865.02,45.83,33,72,10,True,12,0.25,True,1.4,200.0,3.5,2.5,120.0,0.25
202,7097.2,1.725,28.71,1218.91,47.22,34,72,10,False,16,0.35,False,1.4,250.0,4.5,2.0,120.0,0.25
175,6715.03,1.722,28.0,1209.88,47.22,34,72,10,True,12,0.55,True,1.35,200.0,3.5,2.0,120.0,0.25
192,7685.76,1.721,23.96,1188.44,41.67,30,72,14,True,16,0.25,True,1.35,250.0,4.5,2.0,120.0,0.25
181,8008.07,1.718,27.62,1080.72,41.67,30,72,14,True,16,0.45,True,1.4,250.0,3.5,2.5,120.0,0.25
191,7454.6,1.717,25.65,1209.2,41.67,30,72,14,True,12,0.25,True,1.35,250.0,4.0,2.0,120.0,0.25
174,6985.57,1.717,27.01,1481.36,43.06,31,72,20,True,12,0.45,True,1.35,200.0,4.0,2.0,120.0,0.25
63,3241.8,1.716,26.98,980.37,18.06,13,72,14,False,16,0.35,True,1.35,200.0,4.5,2.0,120.0,0.25
63,3241.8,1.716,26.98,980.37,18.06,13,72,14,False,16,0.35,True,1.35,250.0,4.5,2.0,120.0,0.25
194,7646.52,1.715,23.71,1188.44,41.67,30,72,14,True,12,0.25,True,1.35,200.0,4.5,2.0,120.0,0.25
219,9012.1,1.711,25.57,1273.54,47.22,34,72,14,True,16,0.55,False,1.4,250.0,4.5,2.5,120.0,0.25
191,8147.36,1.711,28.8,1009.39,44.44,32,72,20,True,12,0.35,True,1.4,200.0,3.5,2.5,120.0,0.25
179,7827.95,1.709,26.82,1080.72,41.67,30,72,14,True,12,0.45,True,1.4,250.0,3.5,2.5,120.0,0.25
191,7404.84,1.709,25.65,1209.2,41.67,30,72,20,True,12,0.25,True,1.35,250.0,4.0,2.0,120.0,0.25
188,8081.23,1.708,28.72,1009.39,44.44,32,72,20,True,16,0.35,True,1.4,200.0,3.5,2.5,120.0,0.25
184,7075.9,1.708,25.54,1209.2,41.67,30,72,14,True,12,0.25,True,1.35,200.0,4.0,2.0,120.0,0.25
205,7664.94,1.707,21.46,1097.45,40.28,29,72,10,True,12,0.55,True,1.4,200.0,4.5,2.0,120.0,0.25
194,7596.76,1.707,23.71,1188.44,41.67,30,72,20,True,12,0.25,True,1.35,200.0,4.5,2.0,120.0,0.25
194,7596.76,1.707,23.71,1188.44,41.67,30,72,20,True,12,0.25,True,1.35,250.0,4.5,2.0,120.0,0.25
211,8423.01,1.705,25.12,1273.54,47.22,34,72,14,True,12,0.55,False,1.4,200.0,4.5,2.5,120.0,0.25
63,3099.43,1.704,28.57,1027.15,19.44,14,72,14,False,16,0.35,True,1.35,200.0,4.0,2.0,120.0,0.25
229,8429.11,1.703,31.44,1464.53,54.17,39,72,20,True,16,0.35,False,1.4,200.0,4.0,2.5,120.0,0.25
229,8429.11,1.703,31.44,1464.53,54.17,39,72,20,True,16,0.35,False,1.4,250.0,4.0,2.5,120.0,0.25
200,6827.41,1.703,26.5,833.72,47.22,34,72,20,True,16,0.55,False,1.4,200.0,3.5,2.0,120.0,0.25
192,7327.33,1.701,25.0,1209.2,41.67,30,72,10,True,12,0.25,True,1.35,250.0,4.0,2.0,120.0,0.25
184,7026.14,1.7,25.54,1209.2,41.67,30,72,20,True,12,0.25,True,1.35,200.0,4.0,2.0,120.0,0.25
272,8912.43,1.696,28.68,1473.79,52.78,38,72,10,True,12,0.55,False,1.4,250.0,4.0,2.5,120.0,0.25
217,7999.34,1.695,22.58,1143.15,44.44,32,72,10,True,16,0.45,True,1.4,250.0,4.5,2.0,120.0,0.25
217,7687.43,1.695,22.58,1131.95,40.28,29,72,10,True,12,0.55,True,1.4,250.0,4.0,2.0,120.0,0.25
195,7521.86,1.695,23.59,1188.44,41.67,30,72,14,True,12,0.25,True,1.35,250.0,4.5,2.0,120.0,0.25
196,7488.04,1.695,22.96,1188.44,41.67,30,72,10,True,12,0.25,True,1.35,200.0,4.5,2.0,120.0,0.25
196,7488.04,1.695,22.96,1188.44,41.67,30,72,10,True,12,0.25,True,1.35,250.0,4.5,2.0,120.0,0.25
183,6698.62,1.695,27.32,1229.96,47.22,34,72,10,True,16,0.35,True,1.35,200.0,3.5,2.0,120.0,0.25
267,8325.34,1.694,23.22,1195.19,47.22,34,72,14,True,12,0.55,False,1.4,200.0,4.5,2.0,120.0,0.25
220,7893.44,1.694,23.18,1292.86,44.44,32,72,10,True,16,0.45,True,1.4,250.0,4.0,2.0,120.0,0.25
206,8301.18,1.693,25.24,1273.54,47.22,34,72,14,True,16,0.55,False,1.4,200.0,4.5,2.5,120.0,0.25
185,6948.63,1.692,24.86,1209.2,41.67,30,72,10,True,12,0.25,True,1.35,200.0,4.0,2.0,120.0,0.25
210,7352.69,1.691,22.38,1131.95,40.28,29,72,10,True,12,0.55,True,1.4,200.0,4.0,2.0,120.0,0.25
70,3912.11,1.688,27.14,1182.82,18.06,13,72,14,False,16,0.25,True,1.35,200.0,4.0,2.5,120.0,0.25
70,3912.11,1.688,27.14,1182.82,18.06,13,72,14,False,16,0.25,True,1.35,250.0,4.0,2.5,120.0,0.25
231,8311.73,1.686,31.17,1464.53,54.17,39,72,20,True,12,0.35,False,1.4,200.0,4.0,2.5,120.0,0.25
231,8311.73,1.686,31.17,1464.53,54.17,39,72,20,True,12,0.35,False,1.4,250.0,4.0,2.5,120.0,0.25
88,4305.16,1.683,23.86,969.86,25.0,18,72,10,False,16,0.25,True,1.4,200.0,4.5,2.0,120.0,0.25
88,4305.16,1.683,23.86,969.86,25.0,18,72,10,False,16,0.25,True,1.4,250.0,4.5,2.0,120.0,0.25
186,7022.82,1.682,25.81,1374.74,41.67,30,72,20,True,16,0.35,True,1.35,250.0,4.0,2.0,120.0,0.25
210,7380.35,1.68,22.86,1292.86,44.44,32,72,10,True,16,0.45,True,1.4,200.0,4.0,2.0,120.0,0.25
181,7607.05,1.676,27.07,1193.11,41.67,30,72,14,True,16,0.45,True,1.4,200.0,3.5,2.5,120.0,0.25
64,3023.65,1.675,28.12,1027.15,19.44,14,72,14,False,16,0.35,True,1.35,250.0,4.0,2.0,120.0,0.25
189,7147.75,1.674,23.81,1278.23,40.28,29,72,20,True,16,0.35,True,1.35,200.0,4.5,2.0,120.0,0.25
189,7147.75,1.674,23.81,1278.23,40.28,29,72,20,True,16,0.35,True,1.35,250.0,4.5,2.0,120.0,0.25
206,7384.17,1.672,21.84,1141.6,41.67,30,72,10,True,16,0.55,True,1.4,200.0,4.5,2.0,120.0,0.25
179,6644.12,1.672,25.7,1374.74,41.67,30,72,20,True,16,0.35,True,1.35,200.0,4.0,2.0,120.0,0.25
245,8684.37,1.669,27.76,1930.34,47.22,34,72,10,True,16,0.45,False,1.4,250.0,4.5,2.5,120.0,0.25
179,7426.93,1.667,26.26,1193.11,41.67,30,72,14,True,12,0.45,True,1.4,200.0,3.5,2.5,120.0,0.25
174,6311.36,1.667,27.59,1392.33,44.44,32,72,14,True,16,0.45,True,1.35,200.0,3.5,2.0,120.0,0.25
218,7453.31,1.666,22.94,1296.7,41.67,30,72,10,True,16,0.55,True,1.4,250.0,4.0,2.0,120.0,0.25
189,6624.54,1.664,27.51,1229.96,45.83,33,72,10,True,16,0.35,True,1.35,250.0,3.5,2.0,120.0,0.25
200,6462.98,1.664,26.5,833.72,45.83,33,72,20,True,12,0.55,False,1.4,200.0,3.5,2.0,120.0,0.25
175,6282.46,1.662,27.43,1392.33,44.44,32,72,14,True,12,0.45,True,1.35,200.0,3.5,2.0,120.0,0.25
223,8132.14,1.661,26.91,1377.72,48.61,35,72,14,True,12,0.55,False,1.4,250.0,4.0,2.5,120.0,0.25
220,8252.44,1.66,29.09,1360.34,50.0,36,72,20,True,16,0.25,False,1.4,200.0,4.5,2.5,120.0,0.25
232,7580.73,1.659,22.84,1030.43,43.06,31,72,20,True,16,0.35,True,1.4,250.0,4.0,2.0,120.0,0.25
213,7411.31,1.658,22.07,1143.15,44.44,32,72,10,True,16,0.45,True,1.4,200.0,4.5,2.0,120.0,0.25
210,7096.76,1.658,22.86,1296.7,41.67,30,72,10,True,16,0.55,True,1.4,200.0,4.0,2.0,120.0,0.25
185,6721.3,1.658,25.41,1374.74,40.28,29,72,14,True,16,0.35,True,1.35,250.0,4.0,2.0,120.0,0.25
186,6477.11,1.657,26.88,1229.96,47.22,34,72,10,True,12,0.35,True,1.35,200.0,3.5,2.0,120.0,0.25
189,6857.56,1.655,25.4,1421.77,40.28,29,72,20,True,12,0.35,True,1.35,250.0,4.0,2.0,120.0,0.25
340,8632.04,1.652,24.41,935.54,45.83,33,72,14,True,16,0.35,False,1.4,200.0,4.5,2.0,120.0,0.25
64,2846.48,1.651,31.25,720.97,22.22,16,72,14,False,16,0.35,True,1.35,200.0,3.5,2.0,120.0,0.25
64,2846.48,1.651,31.25,720.97,22.22,16,72,14,False,16,0.35,True,1.35,250.0,3.5,2.0,120.0,0.25
222,7567.26,1.65,22.07,1201.08,41.67,30,72,10,True,12,0.45,True,1.4,250.0,4.5,2.0,120.0,0.25
192,6982.48,1.649,23.44,1278.23,40.28,29,72,20,True,12,0.35,True,1.35,200.0,4.5,2.0,120.0,0.25
192,6982.48,1.649,23.44,1278.23,40.28,29,72,20,True,12,0.35,True,1.35,250.0,4.5,2.0,120.0,0.25
196,6181.9,1.649,28.06,1218.91,45.83,33,72,10,False,16,0.35,False,1.4,200.0,4.5,2.0,120.0,0.25
244,8345.68,1.648,27.05,1930.34,48.61,35,72,10,True,16,0.45,False,1.4,200.0,4.5,2.5,120.0,0.25
225,7470.5,1.648,22.67,1350.79,43.06,31,72,10,True,12,0.45,True,1.4,250.0,4.0,2.0,120.0,0.25
91,4125.41,1.647,25.27,784.45,26.39,19,72,10,False,16,0.25,True,1.4,200.0,4.0,2.0,120.0,0.25
91,4125.41,1.647,25.27,784.45,26.39,19,72,10,False,16,0.25,True,1.4,250.0,4.0,2.0,120.0,0.25
188,6797.75,1.646,23.4,1278.23,38.89,28,72,14,True,16,0.35,True,1.35,200.0,4.5,2.0,120.0,0.25
178,6342.6,1.646,25.28,1374.74,40.28,29,72,14,True,16,0.35,True,1.35,200.0,4.0,2.0,120.0,0.25
50,2570.56,1.645,30.0,906.63,20.83,15,72,14,False,16,0.45,True,1.4,200.0,3.5,2.0,120.0,0.25
50,2570.56,1.645,30.0,906.63,20.83,15,72,14,False,16,0.45,True,1.4,250.0,3.5,2.0,120.0,0.25
271,7957.23,1.644,22.88,1195.19,45.83,33,72,14,True,12,0.55,False,1.4,250.0,4.5,2.0,120.0,0.25
222,7073.97,1.644,22.52,1030.43,43.06,31,72,20,True,16,0.35,True,1.4,200.0,4.0,2.0,120.0,0.25
182,6478.85,1.644,25.27,1421.77,40.28,29,72,20,True,12,0.35,True,1.35,200.0,4.0,2.0,120.0,0.25
50,2634.25,1.644,26.0,906.63,18.06,13,72,14,False,16,0.45,True,1.4,200.0,4.0,2.0,120.0,0.25
50,2634.25,1.644,26.0,906.63,18.06,13,72,14,False,16,0.45,True,1.4,250.0,4.0,2.0,120.0,0.25
233,7918.33,1.643,28.76,1481.9,52.78,38,72,14,True,12,0.55,False,1.4,250.0,3.5,2.5,120.0,0.25
90,4796.88,1.643,27.78,1036.73,23.61,17,72,14,False,16,0.25,True,1.4,200.0,4.0,2.5,120.0,0.25
90,4796.88,1.643,27.78,1036.73,23.61,17,72,14,False,16,0.25,True,1.4,250.0,4.0,2.5,120.0,0.25
306,7946.63,1.641,28.1,977.07,52.78,38,72,10,True,16,0.55,False,1.4,250.0,4.0,2.0,120.0,0.25
212,7218.17,1.639,22.17,1410.91,40.28,29,72,14,True,16,0.45,True,1.4,250.0,4.5,2.0,120.0,0.25
164,7058.65,1.639,28.66,2289.81,41.67,30,72,20,False,16,0.25,False,1.4,250.0,4.0,2.5,120.0,0.25
219,7009.87,1.638,25.11,1409.15,45.83,33,72,10,True,16,0.55,True,1.4,250.0,3.5,2.0,120.0,0.25
210,6649.22,1.636,24.29,1252.36,45.83,33,72,10,True,12,0.55,True,1.4,200.0,3.5,2.0,120.0,0.25
180,6237.28,1.636,27.78,1392.33,43.06,31,72,14,True,16,0.45,True,1.35,250.0,3.5,2.0,120.0,0.25
161,5768.62,1.636,26.71,1297.54,43.06,31,72,20,True,16,0.55,True,1.35,200.0,3.5,2.0,120.0,0.25
223,6998.22,1.635,22.42,1020.53,43.06,31,72,20,True,16,0.25,True,1.4,200.0,4.0,2.0,120.0,0.25
216,6979.23,1.635,22.22,1350.79,43.06,31,72,10,True,12,0.45,True,1.4,200.0,4.0,2.0,120.0,0.25
187,6579.43,1.635,25.13,1420.98,38.89,28,72,14,True,12,0.35,True,1.35,250.0,4.0,2.0,120.0,0.25
186,6240.75,1.634,27.42,1229.96,45.83,33,72,14,True,16,0.25,True,1.35,200.0,3.5,2.0,120.0,0.25
161,6866.36,1.633,28.57,2289.81,41.67,30,72,20,False,16,0.25,False,1.4,200.0,4.0,2.5,120.0,0.25
186,6202.83,1.632,26.88,1229.96,45.83,33,72,10,True,16,0.25,True,1.35,200.0,3.5,2.0,120.0,0.25
181,6208.38,1.631,27.62,1392.33,43.06,31,72,14,True,12,0.45,True,1.35,250.0,3.5,2.0,120.0,0.25
169,6017.84,1.631,27.22,1297.54,41.67,30,72,20,True,16,0.55,True,1.35,250.0,3.5,2.0,120.0,0.25
161,5734.91,1.63,26.71,1297.54,43.06,31,72,20,True,12,0.55,True,1.35,200.0,3.5,2.0,120.0,0.25
186,6208.32,1.629,27.42,1229.96,45.83,33,72,20,True,16,0.25,True,1.35,200.0,3.5,2.0,120.0,0.25
270,7718.18,1.628,22.59,1195.19,45.83,33,72,14,True,16,0.55,False,1.4,200.0,4.5,2.0,120.0,0.25
234,7259.66,1.628,22.65,1020.53,41.67,30,72,20,True,16,0.25,True,1.4,250.0,4.0,2.0,120.0,0.25
189,6673.09,1.627,23.28,1278.23,38.89,28,72,14,True,16,0.35,True,1.35,250.0,4.5,2.0,120.0,0.25
192,6403.03,1.627,27.08,1229.96,45.83,33,72,10,True,12,0.35,True,1.35,250.0,3.5,2.0,120.0,0.25
355,8083.16,1.625,23.1,910.09,47.22,34,72,14,True,16,0.25,False,1.4,250.0,4.5,2.0,120.0,0.25
224,6930.12,1.625,22.32,1020.53,43.06,31,72,14,True,16,0.25,True,1.4,200.0,4.0,2.0,120.0,0.25
169,5984.13,1.625,27.22,1297.54,41.67,30,72,20,True,12,0.55,True,1.35,250.0,3.5,2.0,120.0,0.25
190,6655.87,1.624,23.16,1278.23,38.89,28,72,14,True,12,0.35,True,1.35,200.0,4.5,2.0,120.0,0.25
48,3095.74,1.624,29.17,1244.68,18.06,13,72,14,False,16,0.45,True,1.4,200.0,4.0,2.5,120.0,0.25
48,3095.74,1.624,29.17,1244.68,18.06,13,72,14,False,16,0.45,True,1.4,250.0,4.0,2.5,120.0,0.25
180,6200.73,1.623,25.0,1420.98,38.89,28,72,14,True,12,0.35,True,1.35,200.0,4.0,2.0,120.0,0.25
166,6272.28,1.62,28.31,1384.07,43.06,31,72,10,False,16,0.35,False,1.4,200.0,4.0,2.5,120.0,0.25
222,6850.28,1.618,22.07,1020.53,43.06,31,72,10,True,16,0.25,True,1.4,200.0,4.0,2.0,120.0,0.25
206,6786.23,1.617,22.33,1262.9,37.5,27,72,14,True,16,0.55,True,1.4,250.0,4.5,2.0,120.0,0.25
220,6713.95,1.613,22.27,1020.53,41.67,30,72,14,True,16,0.35,True,1.4,200.0,4.0,2.0,120.0,0.25
218,6679.26,1.613,24.31,1252.36,45.83,33,72,10,True,12,0.55,True,1.4,250.0,3.5,2.0,120.0,0.25
368,8087.07,1.612,23.37,923.91,47.22,34,72,14,True,12,0.25,False,1.4,250.0,4.5,2.0,120.0,0.25
218,6979.24,1.611,21.56,1201.08,41.67,30,72,10,True,12,0.45,True,1.4,200.0,4.5,2.0,120.0,0.25
224,6827.6,1.611,21.88,1407.89,43.06,31,72,10,True,16,0.35,True,1.4,200.0,4.0,2.0,120.0,0.25
209,6434.32,1.611,24.88,1409.15,45.83,33,72,10,True,16,0.55,True,1.4,200.0,3.5,2.0,120.0,0.25
88,4756.96,1.611,29.55,1497.56,33.33,24,72,20,False,16,0.35,False,1.4,200.0,4.5,2.5,120.0,0.25
88,4756.96,1.611,29.55,1497.56,33.33,24,72,20,False,16,0.35,False,1.4,250.0,4.5,2.5,120.0,0.25
233,7103.95,1.61,22.32,1020.53,41.67,30,72,10,True,16,0.25,True,1.4,250.0,4.0,2.0,120.0,0.25
361,8181.35,1.608,29.36,1670.76,55.56,40,72,10,True,12,0.55,False,1.4,250.0,3.5,2.0,120.0,0.25
214,6888.82,1.608,21.96,1439.81,38.89,28,72,14,True,12,0.45,True,1.4,250.0,4.5,2.0,120.0,0.25
177,5927.14,1.608,28.25,1541.61,44.44,32,72,20,True,16,0.45,True,1.35,200.0,3.5,2.0,120.0,0.25
189,6076.85,1.607,26.98,1229.96,45.83,33,72,14,True,12,0.25,True,1.35,200.0,3.5,2.0,120.0,0.25
191,6531.22,1.606,23.04,1278.23,38.89,28,72,14,True,12,0.35,True,1.35,250.0,4.5,2.0,120.0,0.25
192,6166.67,1.605,27.6,1229.96,44.44,32,72,14,True,16,0.25,True,1.35,250.0,3.5,2.0,120.0,0.25
332,7510.26,1.604,28.92,921.57,50.0,36,72,10,True,16,0.45,False,1.4,250.0,4.0,2.0,120.0,0.25
235,7081.27,1.604,22.13,1407.89,41.67,30,72,10,True,16,0.35,True,1.4,250.0,4.0,2.0,120.0,0.25
192,6128.75,1.603,27.08,1229.96,44.44,32,72,10,True,16,0.25,True,1.35,250.0,3.5,2.0,120.0,0.25
42,2339.94,1.603,26.19,1198.58,13.89,10,72,14,False,16,0.45,True,1.35,200.0,4.5,2.5,120.0,0.25
42,2339.94,1.603,26.19,1198.58,13.89,10,72,14,False,16,0.45,True,1.35,250.0,4.5,2.5,120.0,0.25
207,6506.08,1.602,22.22,1556.04,41.67,30,72,14,True,16,0.45,True,1.4,200.0,4.0,2.0,120.0,0.25
259,7782.63,1.6,25.87,1490.23,44.44,32,72,14,True,16,0.25,False,1.4,200.0,4.0,2.5,120.0,0.25
229,7023.61,1.6,21.4,1258.19,41.67,30,72,10,True,16,0.35,True,1.4,250.0,4.5,2.0,120.0,0.25
192,6134.24,1.6,27.6,1229.96,44.44,32,72,20,True,16,0.25,True,1.35,250.0,3.5,2.0,120.0,0.25
328,7598.08,1.599,27.44,1230.86,52.78,38,72,10,True,12,0.55,False,1.4,250.0,4.0,2.0,120.0,0.25
170,6283.33,1.599,28.24,1384.07,41.67,30,72,10,False,16,0.35,False,1.4,250.0,4.0,2.5,120.0,0.25
178,5870.29,1.599,28.09,1541.61,44.44,32,72,20,True,12,0.45,True,1.35,200.0,3.5,2.0,120.0,0.25
83,4048.66,1.599,26.51,1125.51,25.0,18,72,10,False,16,0.25,True,1.4,200.0,3.5,2.5,120.0,0.25
83,4048.66,1.599,26.51,1125.51,25.0,18,72,10,False,16,0.25,True,1.4,250.0,3.5,2.5,120.0,0.25
236,6986.37,1.596,22.46,1030.43,43.06,31,72,20,True,12,0.35,True,1.4,250.0,4.0,2.0,120.0,0.25
234,6917.24,1.595,22.22,1020.53,41.67,30,72,14,True,16,0.25,True,1.4,250.0,4.0,2.0,120.0,0.25
131,5506.42,1.595,30.53,1673.58,37.5,27,72,14,False,16,0.35,False,1.4,250.0,4.0,2.5,120.0,0.25
304,7586.59,1.594,25.66,977.07,50.0,36,72,10,True,16,0.55,False,1.4,250.0,4.5,2.0,120.0,0.25
261,7855.4,1.593,27.59,2900.87,50.0,36,72,10,True,16,0.55,False,1.4,250.0,4.0,2.5,120.0,0.25
221,7480.57,1.593,26.24,1377.72,47.22,34,72,14,True,16,0.55,False,1.4,250.0,4.0,2.5,120.0,0.25
207,6442.83,1.593,22.22,1408.02,38.89,28,72,14,True,16,0.55,True,1.4,250.0,4.0,2.0,120.0,0.25
190,5958.71,1.592,26.32,1229.96,45.83,33,72,10,True,12,0.25,True,1.35,200.0,3.5,2.0,120.0,0.25
229,7175.27,1.59,28.38,1481.9,50.0,36,72,14,True,12,0.55,False,1.4,200.0,3.5,2.5,120.0,0.25
190,5964.21,1.59,26.84,1229.96,45.83,33,72,20,True,12,0.25,True,1.35,200.0,3.5,2.0,120.0,0.25
227,6827.51,1.589,21.15,1258.19,41.67,30,72,10,True,16,0.35,True,1.4,200.0,4.5,2.0,120.0,0.25
95,4485.11,1.587,31.58,1497.56,36.11,26,72,20,False,16,0.35,False,1.4,200.0,3.5,2.5,120.0,0.25
95,4485.11,1.587,31.58,1497.56,36.11,26,72,20,False,16,0.35,False,1.4,250.0,3.5,2.5,120.0,0.25
209,6544.04,1.586,21.53,1410.91,40.28,29,72,14,True,16,0.45,True,1.4,200.0,4.5,2.0,120.0,0.25
215,7008.07,1.585,26.05,1377.72,48.61,35,72,14,True,12,0.55,False,1.4,200.0,4.0,2.5,120.0,0.25
208,6456.89,1.585,22.12,1291.8,36.11,26,72,14,True,12,0.55,True,1.4,250.0,4.5,2.0,120.0,0.25
230,6701.08,1.583,22.17,1020.53,40.28,29,72,14,True,16,0.35,True,1.4,250.0,4.0,2.0,120.0,0.25
154,5269.34,1.583,29.22,1164.73,38.89,28,72,14,False,16,0.35,False,1.4,250.0,4.5,2.0,120.0,0.25
199,6086.28,1.582,22.11,1408.02,38.89,28,72,14,True,16,0.55,True,1.4,200.0,4.0,2.0,120.0,0.25
346,8004.57,1.581,29.19,1330.99,54.17,39,72,10,True,16,0.55,False,1.4,250.0,3.5,2.0,120.0,0.25
274,7350.08,1.58,22.26,1195.19,44.44,32,72,14,True,16,0.55,False,1.4,250.0,4.5,2.0,120.0,0.25
195,6002.77,1.58,27.18,1229.96,44.44,32,72,14,True,12,0.25,True,1.35,250.0,3.5,2.0,120.0,0.25
183,5853.06,1.58,28.42,1541.61,43.06,31,72,20,True,16,0.45,True,1.35,250.0,3.5,2.0,120.0,0.25
130,5359.25,1.58,30.0,1673.58,37.5,27,72,14,False,16,0.35,False,1.4,200.0,4.0,2.5,120.0,0.25
226,6479.61,1.579,22.12,1030.43,43.06,31,72,20,True,12,0.35,True,1.4,200.0,4.0,2.0,120.0,0.25
231,7304.51,1.578,28.14,1481.9,50.0,36,72,14,True,16,0.55,False,1.4,250.0,3.5,2.5,120.0,0.25
234,6906.9,1.578,21.79,1287.7,40.28,29,72,14,True,16,0.25,True,1.4,250.0,4.5,2.0,120.0,0.25
303,7363.45,1.577,25.41,977.07,50.0,36,72,10,True,16,0.55,False,1.4,200.0,4.5,2.0,120.0,0.25
321,6903.94,1.577,28.66,921.57,50.0,36,72,10,True,16,0.45,False,1.4,200.0,4.0,2.0,120.0,0.25
185,5722.07,1.577,27.03,1434.99,44.44,32,72,14,True,16,0.35,True,1.35,200.0,3.5,2.0,120.0,0.25
207,5469.26,1.576,31.4,1218.91,51.39,37,72,10,False,16,0.35,False,1.4,200.0,3.5,2.0,120.0,0.25
248,7662.6,1.574,27.82,1940.3,45.83,33,72,10,True,12,0.45,False,1.4,250.0,4.5,2.5,120.0,0.25
325,7358.49,1.574,25.23,1390.78,50.0,36,72,10,True,12,0.55,False,1.4,250.0,4.5,2.0,120.0,0.25
210,5765.55,1.574,29.05,1218.91,45.83,33,72,10,False,16,0.35,False,1.4,250.0,4.0,2.0,120.0,0.25
73,3827.71,1.574,28.77,1956.35,26.39,19,72,14,False,16,0.45,False,1.4,200.0,4.5,2.5,120.0,0.25
73,3827.71,1.574,28.77,1956.35,26.39,19,72,14,False,16,0.45,False,1.4,250.0,4.5,2.5,120.0,0.25
319,7257.93,1.573,25.39,1390.78,50.0,36,72,10,True,12,0.55,False,1.4,200.0,4.5,2.0,120.0,0.25
266,7251.17,1.572,28.2,1185.95,48.61,35,72,14,True,16,0.25,False,1.4,250.0,3.5,2.5,120.0,0.25
210,6207.69,1.572,21.9,1584.94,40.28,29,72,14,True,12,0.45,True,1.4,200.0,4.0,2.0,120.0,0.25
217,6485.44,1.571,22.12,1556.04,40.28,29,72,14,True,16,0.45,True,1.4,250.0,4.0,2.0,120.0,0.25
233,6457.08,1.571,24.89,1030.43,45.83,33,72,20,True,16,0.35,True,1.4,250.0,3.5,2.0,120.0,0.25
184,5796.21,1.571,28.26,1541.61,43.06,31,72,20,True,12,0.45,True,1.35,250.0,3.5,2.0,120.0,0.25
265,7224.62,1.57,27.92,1185.95,48.61,35,72,14,True,16,0.25,False,1.4,200.0,3.5,2.5,120.0,0.25
320,7195.44,1.57,23.75,1069.16,48.61,35,72,20,True,16,0.35,False,1.4,200.0,4.5,2.0,120.0,0.25
211,6863.91,1.57,26.07,1377.72,48.61,35,72,14,True,16,0.55,False,1.4,200.0,4.0,2.5,120.0,0.25
231,6436.51,1.569,21.65,1465.82,41.67,30,72,10,True,12,0.35,True,1.4,200.0,4.0,2.0,120.0,0.25
176,5650.56,1.569,23.86,1219.11,40.28,29,72,20,True,16,0.55,True,1.4,200.0,4.0,2.0,120.0,0.25
230,6664.27,1.568,21.74,1262.18,40.28,29,72,20,True,16,0.35,True,1.4,250.0,4.5,2.0,120.0,0.25
185,5649.17,1.567,27.03,1434.99,44.44,32,72,20,True,16,0.35,True,1.35,200.0,3.5,2.0,120.0,0.25
57,3242.19,1.567,24.56,1165.18,18.06,13,72,10,False,16,0.35,True,1.4,200.0,4.5,2.5,120.0,0.25
57,3242.19,1.567,24.56,1165.18,18.06,13,72,10,False,16,0.35,True,1.4,250.0,4.5,2.5,120.0,0.25
216,6004.45,1.566,25.0,1030.43,47.22,34,72,20,True,16,0.35,True,1.4,200.0,3.5,2.0,120.0,0.25
196,5884.63,1.566,26.53,1229.96,44.44,32,72,10,True,12,0.25,True,1.35,250.0,3.5,2.0,120.0,0.25
248,7253.55,1.563,26.21,2515.76,48.61,35,72,14,True,16,0.35,False,1.4,200.0,4.5,2.5,120.0,0.25
196,5890.12,1.563,27.04,1229.96,44.44,32,72,20,True,12,0.25,True,1.35,250.0,3.5,2.0,120.0,0.25
280,7288.07,1.562,29.64,1490.28,51.39,37,72,14,True,16,0.35,False,1.4,250.0,3.5,2.5,120.0,0.25
318,6911.26,1.562,27.04,1446.95,52.78,38,72,10,True,12,0.55,False,1.4,200.0,4.0,2.0,120.0,0.25
230,6647.86,1.562,21.74,1251.98,38.89,28,72,14,True,16,0.35,True,1.4,250.0,4.5,2.0,120.0,0.25
241,6668.37,1.561,21.99,1465.82,40.28,29,72,10,True,12,0.35,True,1.4,250.0,4.0,2.0,120.0,0.25
49,2748.63,1.561,30.61,1154.12,19.44,14,72,14,False,16,0.45,True,1.4,200.0,3.5,2.5,120.0,0.25
49,2748.63,1.561,30.61,1154.12,19.44,14,72,14,False,16,0.45,True,1.4,250.0,3.5,2.5,120.0,0.25
209,6122.63,1.56,22.01,1436.92,37.5,27,72,14,True,12,0.55,True,1.4,250.0,4.0,2.0,120.0,0.25
266,7448.43,1.559,25.56,1980.81,43.06,31,72,14,True,16,0.25,False,1.4,250.0,4.0,2.5,120.0,0.25
231,6583.07,1.559,21.65,1252.28,40.28,29,72,20,True,16,0.25,True,1.4,250.0,4.5,2.0,120.0,0.25
243,6209.16,1.559,27.57,1320.63,48.61,35,72,14,False,16,0.25,False,1.4,250.0,4.5,2.0,120.0,0.25
251,6811.85,1.558,31.87,1568.71,50.0,36,72,20,True,12,0.35,False,1.4,200.0,3.5,2.5,120.0,0.25
235,6601.57,1.557,21.28,1316.12,40.28,29,72,10,True,12,0.35,True,1.4,250.0,4.5,2.0,120.0,0.25
228,6468.17,1.557,21.49,1262.18,40.28,29,72,20,True,16,0.35,True,1.4,200.0,4.5,2.0,120.0,0.25
282,6218.51,1.556,25.18,1411.31,44.44,32,72,10,False,16,0.25,False,1.4,250.0,4.5,2.0,120.0,0.25
187,5580.2,1.555,26.74,1467.78,44.44,32,72,14,True,12,0.35,True,1.35,200.0,3.5,2.0,120.0,0.25
211,6214.69,1.554,21.33,1439.81,38.89,28,72,14,True,12,0.45,True,1.4,200.0,4.5,2.0,120.0,0.25
184,5820.92,1.554,23.91,1219.11,40.28,29,72,20,True,16,0.55,True,1.4,250.0,4.0,2.0,120.0,0.25
212,5379.19,1.554,31.6,1218.91,50.0,36,72,10,False,16,0.35,False,1.4,250.0,3.5,2.0,120.0,0.25
227,6310.28,1.553,24.67,1402.73,47.22,34,72,10,True,16,0.45,True,1.4,250.0,3.5,2.0,120.0,0.25
250,6720.23,1.551,31.6,1568.71,50.0,36,72,20,True,16,0.35,False,1.4,200.0,3.5,2.5,120.0,0.25
202,5787.89,1.551,21.78,1436.92,37.5,27,72,14,True,12,0.55,True,1.4,200.0,4.0,2.0,120.0,0.25
191,5647.99,1.55,27.23,1434.99,43.06,31,72,14,True,16,0.35,True,1.35,250.0,3.5,2.0,120.0,0.25
229,6386.97,1.548,21.4,1252.28,40.28,29,72,20,True,16,0.25,True,1.4,200.0,4.5,2.0,120.0,0.25
213,5898.24,1.547,24.88,1402.73,47.22,34,72,10,True,16,0.45,True,1.4,200.0,3.5,2.0,120.0,0.25
95,3732.55,1.547,26.32,1406.31,25.0,18,72,14,False,16,0.25,True,1.4,200.0,4.5,2.0,120.0,0.25
95,3732.55,1.547,26.32,1406.31,25.0,18,72,14,False,16,0.25,True,1.4,250.0,4.5,2.0,120.0,0.25
233,6405.47,1.546,21.03,1316.12,40.28,29,72,10,True,12,0.35,True,1.4,200.0,4.5,2.0,120.0,0.25
75,3654.59,1.546,32.0,1371.23,25.0,18,72,14,False,16,0.35,True,1.4,200.0,3.5,2.5,120.0,0.25
75,3654.59,1.546,32.0,1371.23,25.0,18,72,14,False,16,0.35,True,1.4,250.0,3.5,2.5,120.0,0.25
78,3249.37,1.546,28.21,1270.71,22.22,16,72,14,False,16,0.35,True,1.4,200.0,4.5,2.0,120.0,0.25
78,3249.37,1.546,28.21,1270.71,22.22,16,72,14,False,16,0.35,True,1.4,250.0,4.5,2.0,120.0,0.25
180,5762.18,1.545,30.0,1713.64,43.06,31,72,10,False,16,0.35,False,1.4,250.0,3.5,2.5,120.0,0.25
277,7001.67,1.544,29.24,1490.28,51.39,37,72,14,True,16,0.35,False,1.4,200.0,3.5,2.5,120.0,0.25
204,5979.3,1.544,21.57,1262.9,37.5,27,72,14,True,16,0.55,True,1.4,200.0,4.5,2.0,120.0,0.25
59,3093.92,1.543,27.12,1266.62,19.44,14,72,10,False,16,0.35,True,1.4,200.0,4.0,2.5,120.0,0.25
59,3093.92,1.543,27.12,1266.62,19.44,14,72,10,False,16,0.35,True,1.4,250.0,4.0,2.5,120.0,0.25
253,6990.56,1.542,27.27,2900.87,50.0,36,72,10,True,16,0.55,False,1.4,200.0,4.0,2.5,120.0,0.25
207,5788.92,1.541,24.15,1605.95,43.06,31,72,14,True,16,0.55,True,1.4,250.0,3.5,2.0,120.0,0.25
191,5575.09,1.541,27.23,1434.99,43.06,31,72,20,True,16,0.35,True,1.35,250.0,3.5,2.0,120.0,0.25
188,5483.9,1.541,26.6,1468.57,44.44,32,72,20,True,12,0.35,True,1.35,200.0,3.5,2.0,120.0,0.25
231,6403.93,1.54,21.21,1244.53,40.28,29,72,10,True,16,0.25,True,1.4,250.0,4.5,2.0,120.0,0.25
280,6003.0,1.54,25.0,1411.31,44.44,32,72,10,False,16,0.25,False,1.4,200.0,4.5,2.0,120.0,0.25
230,6318.87,1.539,21.3,1287.7,40.28,29,72,14,True,16,0.25,True,1.4,200.0,4.5,2.0,120.0,0.25
219,6165.24,1.539,21.92,1584.94,38.89,28,72,14,True,12,0.45,True,1.4,250.0,4.0,2.0,120.0,0.25
204,5298.09,1.539,28.92,1218.91,45.83,33,72,10,False,16,0.35,False,1.4,200.0,4.0,2.0,120.0,0.25
266,6868.67,1.538,29.7,1766.52,51.39,37,72,10,True,16,0.55,False,1.4,250.0,3.5,2.5,120.0,0.25
42,1846.7,1.538,30.95,1179.05,15.28,11,72,10,False,16,0.45,True,1.4,200.0,4.0,2.0,120.0,0.25
42,1846.7,1.538,30.95,1179.05,15.28,11,72,10,False,16,0.45,True,1.4,250.0,4.0,2.0,120.0,0.25
320,6797.85,1.534,25.62,915.94,45.83,33,72,10,True,16,0.45,False,1.4,250.0,4.5,2.0,120.0,0.25
255,7028.66,1.533,26.27,2515.76,48.61,35,72,14,True,16,0.35,False,1.4,250.0,4.5,2.5,120.0,0.25
261,7087.93,1.532,26.82,1629.48,44.44,32,72,14,True,12,0.25,False,1.4,200.0,4.0,2.5,120.0,0.25
247,6909.99,1.532,25.91,2872.34,50.0,36,72,14,True,12,0.35,False,1.4,200.0,4.5,2.5,120.0,0.25
319,6771.3,1.532,25.39,915.94,45.83,33,72,10,True,16,0.45,False,1.4,200.0,4.5,2.0,120.0,0.25
225,5929.13,1.53,21.33,1043.63,41.67,30,72,20,True,12,0.25,True,1.4,200.0,4.0,2.0,120.0,0.25
193,5506.11,1.529,26.94,1467.78,43.06,31,72,14,True,12,0.35,True,1.35,250.0,3.5,2.0,120.0,0.25
242,6811.44,1.528,30.17,1753.59,50.0,36,72,20,True,12,0.25,False,1.4,200.0,4.0,2.5,120.0,0.25
229,6207.83,1.528,20.96,1244.53,40.28,29,72,10,True,16,0.25,True,1.4,200.0,4.5,2.0,120.0,0.25
151,4733.51,1.528,28.48,1164.73,37.5,27,72,14,False,16,0.35,False,1.4,200.0,4.5,2.0,120.0,0.25
220,5653.86,1.527,25.0,1020.53,45.83,33,72,20,True,16,0.25,True,1.4,200.0,3.5,2.0,120.0,0.25
227,6561.46,1.526,27.75,1481.9,47.22,34,72,14,True,16,0.55,False,1.4,200.0,3.5,2.5,120.0,0.25
258,5745.17,1.526,30.23,859.08,48.61,35,72,14,False,16,0.25,False,1.4,200.0,3.5,2.0,120.0,0.25
235,6168.76,1.525,21.7,1043.63,40.28,29,72,20,True,12,0.25,True,1.4,250.0,4.0,2.0,120.0,0.25
229,6809.99,1.524,27.51,2869.43,48.61,35,72,20,True,12,0.25,False,1.4,250.0,4.5,2.5,120.0,0.25
225,5884.43,1.524,21.33,1078.26,41.67,30,72,14,True,12,0.25,True,1.4,200.0,4.0,2.0,120.0,0.25
265,5855.62,1.524,30.57,859.08,47.22,34,72,14,False,16,0.25,False,1.4,250.0,3.5,2.0,120.0,0.25
176,5226.03,1.524,23.86,1219.11,38.89,28,72,20,True,12,0.55,True,1.4,200.0,4.0,2.0,120.0,0.25
226,6059.84,1.523,21.24,1251.98,38.89,28,72,14,True,16,0.35,True,1.4,200.0,4.5,2.0,120.0,0.25
226,5851.5,1.523,21.68,1020.53,40.28,29,72,14,True,12,0.35,True,1.4,200.0,4.0,2.0,120.0,0.25
356,7218.02,1.521,25.0,1302.08,47.22,34,72,20,True,16,0.25,False,1.4,250.0,4.0,2.0,120.0,0.25
257,6931.42,1.519,27.24,2616.33,45.83,33,72,10,True,16,0.45,False,1.4,200.0,4.0,2.5,120.0,0.25
231,5917.02,1.519,21.65,1020.53,41.67,30,72,10,True,12,0.25,True,1.4,200.0,4.0,2.0,120.0,0.25
71,3486.94,1.518,28.17,1440.61,20.83,15,72,14,False,16,0.35,True,1.4,200.0,4.5,2.5,120.0,0.25
221,5585.76,1.517,24.89,1020.53,45.83,33,72,14,True,16,0.25,True,1.4,200.0,3.5,2.0,120.0,0.25
366,6847.04,1.516,23.22,1345.43,45.83,33,72,14,True,12,0.25,False,1.4,200.0,4.5,2.0,120.0,0.25
313,6397.71,1.516,29.39,1330.99,55.56,40,72,10,True,16,0.55,False,1.4,200.0,3.5,2.0,120.0,0.25
194,5409.82,1.516,26.8,1468.57,43.06,31,72,20,True,12,0.35,True,1.35,250.0,3.5,2.0,120.0,0.25
243,6693.43,1.515,30.04,1764.65,50.0,36,72,20,True,12,0.25,False,1.4,250.0,4.0,2.5,120.0,0.25
345,6601.71,1.515,29.28,1670.76,55.56,40,72,10,True,12,0.55,False,1.4,200.0,3.5,2.0,120.0,0.25
314,6528.77,1.515,23.25,1069.16,47.22,34,72,20,True,12,0.35,False,1.4,200.0,4.5,2.0,120.0,0.25
223,5904.02,1.515,24.22,1352.83,41.67,30,72,20,True,12,0.45,True,1.4,250.0,4.0,2.0,120.0,0.25
241,6148.88,1.514,21.99,1020.53,40.28,29,72,10,True,12,0.25,True,1.4,250.0,4.0,2.0,120.0,0.25
220,5637.63,1.514,24.55,1463.48,47.22,34,72,10,True,12,0.45,True,1.4,200.0,3.5,2.0,120.0,0.25
65,3132.24,1.514,24.62,1455.93,20.83,15,72,10,False,16,0.25,True,1.35,200.0,3.5,2.5,120.0,0.25
65,3132.24,1.514,24.62,1455.93,20.83,15,72,10,False,16,0.25,True,1.35,250.0,3.5,2.5,120.0,0.25
237,5910.35,1.513,24.47,1030.43,45.83,33,72,20,True,12,0.35,True,1.4,250.0,3.5,2.0,120.0,0.25
261,6867.43,1.512,26.82,2680.32,45.83,33,72,10,True,16,0.45,False,1.4,250.0,4.0,2.5,120.0,0.25
254,6804.11,1.512,25.98,2735.53,50.0,36,72,14,True,12,0.35,False,1.4,250.0,4.5,2.5,120.0,0.25
206,5649.95,1.512,21.36,1291.8,36.11,26,72,14,True,12,0.55,True,1.4,200.0,4.5,2.0,120.0,0.25
237,5635.22,1.512,27.43,1320.63,48.61,35,72,14,False,16,0.25,False,1.4,200.0,4.5,2.0,120.0,0.25
184,5396.39,1.512,23.91,1219.11,38.89,28,72,20,True,12,0.55,True,1.4,250.0,4.0,2.0,120.0,0.25
273,6735.74,1.51,28.94,1203.22,48.61,35,72,14,True,12,0.25,False,1.4,250.0,3.5,2.5,120.0,0.25
300,6320.12,1.51,27.0,1017.28,51.39,37,72,10,True,16,0.55,False,1.4,200.0,4.0,2.0,120.0,0.25
219,5515.05,1.51,24.66,1020.53,45.83,33,72,10,True,16,0.25,True,1.4,200.0,3.5,2.0,120.0,0.25
329,6712.38,1.509,23.4,1069.16,47.22,34,72,20,True,16,0.35,False,1.4,250.0,4.5,2.0,120.0,0.25
197,5213.37,1.509,23.86,1605.95,43.06,31,72,14,True,16,0.55,True,1.4,200.0,3.5,2.0,120.0,0.25
78,2948.71,1.506,29.49,1270.71,23.61,17,72,14,False,16,0.35,True,1.4,200.0,4.0,2.0,120.0,0.25
78,2948.71,1.506,29.49,1270.71,23.61,17,72,14,False,16,0.35,True,1.4,250.0,4.0,2.0,120.0,0.25
235,6466.86,1.505,29.79,2047.81,48.61,35,72,20,True,16,0.25,False,1.4,200.0,4.0,2.5,120.0,0.25
235,6466.86,1.505,29.79,2047.81,48.61,35,72,20,True,16,0.25,False,1.4,250.0,4.0,2.5,120.0,0.25
243,6678.55,1.501,25.93,2755.4,45.83,33,72,14,True,12,0.45,False,1.4,250.0,4.5,2.5,120.0,0.25
221,5445.62,1.501,24.43,1020.53,45.83,33,72,14,True,16,0.35,True,1.4,200.0,3.5,2.0,120.0,0.25
172,5091.88,1.501,29.65,1713.64,43.06,31,72,10,False,16,0.35,False,1.4,200.0,3.5,2.5,120.0,0.25
270,6550.9,1.5,28.52,1203.22,48.61,35,72,14,True,12,0.25,False,1.4,200.0,3.5,2.5,120.0,0.25
224,5477.92,1.5,24.55,1252.16,45.83,33,72,10,True,16,0.35,True,1.4,200.0,3.5,2.0,120.0,0.25
61,3176.83,1.499,21.31,1819.01,18.06,13,72,10,False,16,0.25,True,1.35,200.0,4.5,2.5,120.0,0.25
61,3176.83,1.499,21.31,1819.01,18.06,13,72,10,False,16,0.25,True,1.35,250.0,4.5,2.5,120.0,0.25
212,5398.37,1.498,24.53,1648.86,45.83,33,72,14,True,16,0.45,True,1.4,200.0,3.5,2.0,120.0,0.25
72,3392.99,1.497,27.78,1440.61,20.83,15,72,14,False,16,0.35,True,1.4,250.0,4.5,2.5,120.0,0.25
234,5849.75,1.496,21.37,1078.26,40.28,29,72,14,True,12,0.25,True,1.4,250.0,4.0,2.0,120.0,0.25
221,5672.02,1.496,23.98,1352.83,41.67,30,72,20,True,16,0.45,True,1.4,250.0,4.0,2.0,120.0,0.25
235,5816.82,1.495,21.7,1020.53,38.89,28,72,14,True,12,0.35,True,1.4,250.0,4.0,2.0,120.0,0.25
268,6753.72,1.494,26.49,2397.22,43.06,31,72,14,True,12,0.25,False,1.4,250.0,4.0,2.5,120.0,0.25
178,5136.28,1.494,22.47,1278.11,38.89,28,72,20,True,16,0.55,True,1.4,200.0,4.5,2.0,120.0,0.25
153,4533.56,1.494,29.41,1128.84,41.67,30,72,14,False,16,0.35,False,1.4,200.0,4.0,2.0,120.0,0.25
43,2212.05,1.493,27.91,1459.43,15.28,11,72,10,False,16,0.35,True,1.35,200.0,3.5,2.5,120.0,0.25
43,2212.05,1.493,27.91,1459.43,15.28,11,72,10,False,16,0.35,True,1.35,250.0,3.5,2.5,120.0,0.25
237,5682.5,1.492,24.47,1020.53,44.44,32,72,20,True,16,0.25,True,1.4,250.0,3.5,2.0,120.0,0.25
222,5365.26,1.492,24.32,1030.43,47.22,34,72,20,True,12,0.35,True,1.4,200.0,3.5,2.0,120.0,0.25
244,6487.24,1.491,26.64,1940.3,43.06,31,72,10,True,12,0.45,False,1.4,200.0,4.5,2.5,120.0,0.25
201,5055.5,1.49,23.88,1637.68,43.06,31,72,14,True,12,0.55,True,1.4,200.0,3.5,2.0,120.0,0.25
95,3280.55,1.49,27.37,1406.31,25.0,18,72,14,False,16,0.25,True,1.4,200.0,4.0,2.0,120.0,0.25
95,3280.55,1.49,27.37,1406.31,25.0,18,72,14,False,16,0.25,True,1.4,250.0,4.0,2.0,120.0,0.25
271,6226.5,1.488,30.63,2141.08,51.39,37,72,10,True,12,0.55,False,1.4,250.0,3.5,2.5,120.0,0.25
234,5628.39,1.488,24.36,1020.53,44.44,32,72,10,True,16,0.25,True,1.4,250.0,3.5,2.0,120.0,0.25
239,6424.68,1.486,25.94,2327.74,47.22,34,72,14,True,12,0.45,False,1.4,200.0,4.5,2.5,120.0,0.25
365,6552.02,1.485,27.12,1665.98,50.0,36,72,20,True,16,0.25,False,1.4,250.0,3.5,2.0,120.0,0.25
238,5614.39,1.484,24.37,1020.53,44.44,32,72,14,True,16,0.25,True,1.4,250.0,3.5,2.0,120.0,0.25
236,5566.73,1.48,24.15,1020.53,44.44,32,72,14,True,16,0.35,True,1.4,250.0,3.5,2.0,120.0,0.25
216,5240.5,1.48,24.54,1680.58,45.83,33,72,14,True,12,0.45,True,1.4,200.0,3.5,2.0,120.0,0.25
239,5591.26,1.479,24.27,1252.16,44.44,32,72,10,True,16,0.35,True,1.4,250.0,3.5,2.0,120.0,0.25
74,2403.22,1.479,27.03,1162.75,20.83,15,72,14,False,16,0.25,True,1.35,200.0,3.5,2.0,120.0,0.25
74,2403.22,1.479,27.03,1162.75,20.83,15,72,14,False,16,0.25,True,1.35,250.0,3.5,2.0,120.0,0.25
227,5511.71,1.477,24.23,1648.86,44.44,32,72,14,True,16,0.45,True,1.4,250.0,3.5,2.0,120.0,0.25
210,5088.24,1.477,26.67,1157.9,44.44,32,72,20,True,16,0.45,True,1.4,200.0,3.5,2.0,120.0,0.25
258,6380.07,1.476,26.36,1932.07,45.83,33,72,10,True,16,0.35,False,1.4,250.0,4.5,2.5,120.0,0.25
321,6210.59,1.475,23.05,1069.16,45.83,33,72,20,True,12,0.35,False,1.4,250.0,4.5,2.0,120.0,0.25
232,5504.16,1.475,24.14,1463.48,47.22,34,72,10,True,12,0.45,True,1.4,250.0,3.5,2.0,120.0,0.25
179,4999.67,1.475,22.35,1278.11,38.89,28,72,20,True,16,0.55,True,1.4,250.0,4.5,2.0,120.0,0.25
264,6207.46,1.473,31.06,1568.71,47.22,34,72,20,True,12,0.35,False,1.4,250.0,3.5,2.5,120.0,0.25
282,5937.31,1.473,24.11,1132.7,48.61,35,72,14,True,12,0.55,False,1.4,250.0,4.0,2.0,120.0,0.25
209,5085.54,1.472,23.92,1637.68,43.06,31,72,14,True,12,0.55,True,1.4,250.0,3.5,2.0,120.0,0.25
211,5045.93,1.471,26.54,1157.9,44.44,32,72,20,True,12,0.45,True,1.4,200.0,3.5,2.0,120.0,0.25
232,5227.36,1.47,24.57,1312.92,45.83,33,72,10,True,12,0.35,True,1.4,200.0,3.5,2.0,120.0,0.25
212,5167.62,1.47,23.58,1352.83,41.67,30,72,20,True,16,0.45,True,1.4,200.0,4.0,2.0,120.0,0.25
253,6274.34,1.469,24.9,3511.7,44.44,32,72,14,True,12,0.25,False,1.4,200.0,4.5,2.5,120.0,0.25
178,4894.06,1.469,22.47,1278.11,37.5,27,72,20,True,12,0.55,True,1.4,200.0,4.5,2.0,120.0,0.25
293,6416.41,1.468,30.38,2178.44,47.22,34,72,10,True,16,0.35,False,1.4,250.0,3.5,2.5,120.0,0.25
220,5199.82,1.466,26.82,1204.69,43.06,31,72,20,True,16,0.45,True,1.4,250.0,3.5,2.0,120.0,0.25
256,6221.39,1.465,25.78,1932.07,45.83,33,72,10,True,16,0.35,False,1.4,200.0,4.5,2.5,120.0,0.25
213,5125.31,1.465,23.47,1352.83,41.67,30,72,20,True,12,0.45,True,1.4,200.0,4.0,2.0,120.0,0.25
229,6104.83,1.463,27.51,2869.43,47.22,34,72,20,True,12,0.25,False,1.4,200.0,4.5,2.5,120.0,0.25
236,6074.35,1.463,25.42,2715.22,45.83,33,72,14,True,16,0.45,False,1.4,200.0,4.5,2.5,120.0,0.25
269,5906.66,1.463,30.11,2343.8,51.39,37,72,10,True,12,0.55,False,1.4,200.0,3.5,2.5,120.0,0.25
221,5157.52,1.46,26.7,1204.69,43.06,31,72,20,True,12,0.45,True,1.4,250.0,3.5,2.0,120.0,0.25
327,6341.29,1.458,23.55,1619.62,45.83,33,72,14,True,12,0.45,False,1.4,250.0,4.5,2.0,120.0,0.25
285,6137.19,1.457,29.82,2178.44,47.22,34,72,10,True,16,0.35,False,1.4,200.0,3.5,2.5,120.0,0.25
266,6027.29,1.457,30.45,1568.71,47.22,34,72,20,True,16,0.35,False,1.4,250.0,3.5,2.5,120.0,0.25
283,6232.51,1.455,27.92,3076.93,50.0,36,72,10,True,16,0.45,False,1.4,250.0,3.5,2.5,120.0,0.25
244,6165.85,1.455,26.23,2399.44,44.44,32,72,14,True,16,0.45,False,1.4,250.0,4.5,2.5,120.0,0.25
261,6192.4,1.454,24.52,3414.55,44.44,32,72,14,True,12,0.25,False,1.4,250.0,4.5,2.5,120.0,0.25
89,2825.11,1.454,25.84,805.94,26.39,19,72,10,False,16,0.25,True,1.4,200.0,3.5,2.0,120.0,0.25
89,2825.11,1.454,25.84,805.94,26.39,19,72,10,False,16,0.25,True,1.4,250.0,3.5,2.0,120.0,0.25
259,6049.33,1.45,23.17,2901.65,44.44,32,72,14,True,16,0.25,False,1.4,200.0,4.5,2.5,120.0,0.25
259,6049.33,1.45,23.17,2901.65,44.44,32,72,14,True,16,0.25,False,1.4,250.0,4.5,2.5,120.0,0.25
179,4757.44,1.45,22.35,1278.11,37.5,27,72,20,True,12,0.55,True,1.4,250.0,4.5,2.0,120.0,0.25
347,5857.16,1.448,22.48,1323.34,44.44,32,72,14,True,16,0.25,False,1.4,200.0,4.5,2.0,120.0,0.25
165,4957.99,1.448,29.7,2138.05,41.67,30,72,20,False,16,0.25,False,1.4,200.0,3.5,2.5,120.0,0.25
363,5984.52,1.447,25.34,1158.39,47.22,34,72,10,True,16,0.35,False,1.4,250.0,4.0,2.0,120.0,0.25
187,4656.73,1.447,25.67,1253.69,40.28,29,72,20,True,16,0.55,True,1.4,250.0,3.5,2.0,120.0,0.25
79,3227.25,1.447,21.52,1388.65,19.44,14,72,10,False,16,0.25,True,1.4,200.0,4.5,2.5,120.0,0.25
79,3227.25,1.447,21.52,1388.65,19.44,14,72,10,False,16,0.25,True,1.4,250.0,4.5,2.5,120.0,0.25
294,5075.15,1.446,25.51,1454.18,48.61,35,72,10,False,16,0.25,False,1.4,200.0,4.0,2.0,120.0,0.25
294,5075.15,1.446,25.51,1454.18,48.61,35,72,10,False,16,0.25,False,1.4,250.0,4.0,2.0,120.0,0.25
159,4241.24,1.446,29.56,1171.5,41.67,30,72,14,False,16,0.35,False,1.4,250.0,4.0,2.0,120.0,0.25
170,5021.15,1.442,29.41,2122.99,40.28,29,72,20,False,16,0.25,False,1.4,250.0,3.5,2.5,120.0,0.25
73,2341.95,1.442,21.92,1452.18,18.06,13,72,14,False,16,0.25,True,1.35,200.0,4.5,2.0,120.0,0.25
266,5758.22,1.441,28.95,2275.25,50.0,36,72,10,True,16,0.55,False,1.4,200.0,3.5,2.5,120.0,0.25
239,5384.03,1.441,20.92,1361.4,38.89,28,72,20,True,12,0.35,True,1.4,250.0,4.5,2.0,120.0,0.25
127,4212.39,1.441,27.56,1620.19,36.11,26,72,14,False,16,0.35,False,1.4,200.0,4.5,2.5,120.0,0.25
281,5801.48,1.436,28.47,1539.53,50.0,36,72,14,True,12,0.35,False,1.4,250.0,3.5,2.5,120.0,0.25
281,5289.48,1.435,27.76,1183.92,47.22,34,72,20,True,16,0.45,False,1.4,250.0,3.5,2.0,120.0,0.25
274,5380.16,1.434,24.09,1132.7,48.61,35,72,14,True,12,0.55,False,1.4,200.0,4.0,2.0,120.0,0.25
333,6062.45,1.43,23.12,1412.7,44.44,32,72,14,True,16,0.45,False,1.4,250.0,4.5,2.0,120.0,0.25
379,5900.38,1.43,27.97,1106.92,50.0,36,72,10,True,12,0.45,False,1.4,250.0,4.0,2.0,120.0,0.25
286,6056.84,1.429,26.92,2877.22,45.83,33,72,10,True,16,0.35,False,1.4,200.0,4.0,2.5,120.0,0.25
237,5187.93,1.429,20.68,1361.4,38.89,28,72,20,True,12,0.35,True,1.4,200.0,4.5,2.0,120.0,0.25
228,4774.15,1.429,24.12,1020.53,45.83,33,72,14,True,12,0.35,True,1.4,200.0,3.5,2.0,120.0,0.25
282,5225.81,1.428,27.66,1183.92,47.22,34,72,20,True,12,0.45,False,1.4,250.0,3.5,2.0,120.0,0.25
229,4772.78,1.428,24.45,1020.53,45.83,33,72,10,True,12,0.25,True,1.4,200.0,3.5,2.0,120.0,0.25
219,4973.19,1.427,24.66,1895.44,38.89,28,72,10,False,16,0.25,False,1.4,200.0,4.0,2.5,120.0,0.25
219,4973.19,1.427,24.66,1895.44,38.89,28,72,10,False,16,0.25,False,1.4,250.0,4.0,2.5,120.0,0.25
68,2512.56,1.427,25.0,1328.3,22.22,16,72,10,False,16,0.55,False,1.4,200.0,4.5,2.5,120.0,0.25
68,2512.56,1.427,25.0,1328.3,22.22,16,72,10,False,16,0.55,False,1.4,250.0,4.5,2.5,120.0,0.25
289,5887.0,1.426,31.14,1700.48,47.22,34,72,10,True,16,0.25,False,1.4,250.0,3.5,2.5,120.0,0.25
140,4142.81,1.426,30.71,1726.97,40.28,29,72,14,False,16,0.35,False,1.4,250.0,3.5,2.5,120.0,0.25
279,5719.01,1.421,27.24,3076.93,50.0,36,72,10,True,16,0.45,False,1.4,200.0,3.5,2.5,120.0,0.25
354,5677.54,1.421,22.88,1036.81,41.67,30,72,10,True,16,0.35,False,1.4,250.0,4.5,2.0,120.0,0.25
51,1896.41,1.421,29.41,1119.82,16.67,12,72,20,False,16,0.35,True,1.35,200.0,4.0,2.5,120.0,0.25
51,1896.41,1.421,29.41,1119.82,16.67,12,72,20,False,16,0.35,True,1.35,250.0,4.0,2.5,120.0,0.25
285,5973.16,1.42,27.02,2877.22,45.83,33,72,10,True,16,0.35,False,1.4,250.0,4.0,2.5,120.0,0.25
267,5676.1,1.42,26.59,2374.33,47.22,34,72,14,True,16,0.35,False,1.4,200.0,4.0,2.5,120.0,0.25
267,5676.1,1.42,26.59,2374.33,47.22,34,72,14,True,16,0.35,False,1.4,250.0,4.0,2.5,120.0,0.25
353,5650.99,1.419,22.66,1036.81,41.67,30,72,10,True,16,0.35,False,1.4,200.0,4.5,2.0,120.0,0.25
129,4065.1,1.419,27.13,1620.19,36.11,26,72,14,False,16,0.35,False,1.4,250.0,4.5,2.5,120.0,0.25
351,5799.57,1.418,24.5,1302.08,45.83,33,72,20,True,16,0.25,False,1.4,200.0,4.0,2.0,120.0,0.25
278,5515.07,1.418,28.06,1539.53,50.0,36,72,14,True,12,0.35,False,1.4,200.0,3.5,2.5,120.0,0.25
93,3247.78,1.418,29.03,998.39,23.61,17,72,14,False,16,0.25,True,1.4,200.0,3.5,2.5,120.0,0.25
93,3247.78,1.418,29.03,998.39,23.61,17,72,14,False,16,0.25,True,1.4,250.0,3.5,2.5,120.0,0.25
285,5363.86,1.417,23.51,1132.7,45.83,33,72,14,True,16,0.55,False,1.4,250.0,4.0,2.0,120.0,0.25
239,5123.76,1.415,20.5,1494.7,37.5,27,72,14,True,12,0.25,True,1.4,250.0,4.5,2.0,120.0,0.25
274,5614.97,1.414,29.93,1568.71,47.22,34,72,20,True,16,0.25,False,1.4,250.0,3.5,2.5,120.0,0.25
70,2535.3,1.414,24.29,1104.87,16.67,12,72,14,False,16,0.25,True,1.35,200.0,4.5,2.5,120.0,0.25
70,2535.3,1.414,24.29,1104.87,16.67,12,72,14,False,16,0.25,True,1.35,250.0,4.5,2.5,120.0,0.25
229,4808.32,1.413,24.02,1680.58,44.44,32,72,14,True,12,0.45,True,1.4,250.0,3.5,2.0,120.0,0.25
353,5360.38,1.412,24.93,1206.01,47.22,34,72,10,True,16,0.35,False,1.4,200.0,4.0,2.0,120.0,0.25
240,5068.58,1.412,20.83,1316.26,36.11,26,72,14,True,12,0.35,True,1.4,250.0,4.5,2.0,120.0,0.25
187,4292.31,1.41,25.67,1253.69,38.89,28,72,20,True,12,0.55,True,1.4,250.0,3.5,2.0,120.0,0.25
278,5602.38,1.409,29.86,1547.56,45.83,33,72,20,True,12,0.25,False,1.4,250.0,3.5,2.5,120.0,0.25
176,4011.76,1.404,25.0,1253.69,41.67,30,72,20,True,16,0.55,True,1.4,200.0,3.5,2.0,120.0,0.25
268,5339.1,1.402,29.48,1568.71,47.22,34,72,20,True,16,0.25,False,1.4,200.0,3.5,2.5,120.0,0.25
287,5199.37,1.402,23.69,1213.03,43.06,31,72,20,True,16,0.45,False,1.4,250.0,4.5,2.0,120.0,0.25
225,4452.59,1.402,23.11,1131.9,44.44,32,72,20,True,12,0.25,True,1.4,200.0,3.5,2.0,120.0,0.25
67,2273.13,1.4,20.9,1153.74,19.44,14,72,10,False,16,0.25,True,1.35,200.0,4.5,2.0,120.0,0.25
67,2273.13,1.4,20.9,1153.74,19.44,14,72,10,False,16,0.25,True,1.35,250.0,4.5,2.0,120.0,0.25
271,4754.07,1.399,27.68,1183.92,47.22,34,72,20,True,16,0.45,False,1.4,200.0,3.5,2.0,120.0,0.25
41,1515.6,1.399,26.83,958.27,13.89,10,72,20,False,16,0.45,True,1.35,200.0,4.0,2.5,120.0,0.25
41,1515.6,1.399,26.83,958.27,13.89,10,72,20,False,16,0.45,True,1.35,250.0,4.0,2.5,120.0,0.25
219,5093.95,1.398,26.94,1628.12,43.06,31,72,20,True,12,0.45,False,1.4,250.0,4.0,2.5,120.0,0.25
219,5093.95,1.398,26.94,1628.12,43.06,31,72,20,True,16,0.45,False,1.4,250.0,4.0,2.5,120.0,0.25
272,5326.51,1.397,29.41,1547.56,45.83,33,72,20,True,12,0.25,False,1.4,200.0,3.5,2.5,120.0,0.25
369,5274.28,1.397,27.91,1106.92,50.0,36,72,10,True,12,0.45,False,1.4,200.0,4.0,2.0,120.0,0.25
257,4547.45,1.397,27.63,1448.29,43.06,31,72,14,False,16,0.25,False,1.4,200.0,4.0,2.0,120.0,0.25
225,4407.89,1.397,23.11,1166.53,44.44,32,72,14,True,12,0.25,True,1.4,200.0,3.5,2.0,120.0,0.25
94,2589.66,1.397,28.72,1406.31,26.39,19,72,14,False,16,0.25,True,1.4,200.0,3.5,2.0,120.0,0.25
396,5676.33,1.395,23.99,943.59,43.06,31,72,10,True,16,0.25,False,1.4,250.0,4.5,2.0,120.0,0.25
385,5564.63,1.395,23.9,981.74,43.06,31,72,10,True,16,0.25,False,1.4,200.0,4.5,2.0,120.0,0.25
288,5135.7,1.395,23.61,1213.03,43.06,31,72,20,True,12,0.45,False,1.4,250.0,4.5,2.0,120.0,0.25
252,5403.81,1.394,26.59,2460.29,43.06,31,72,14,True,16,0.45,False,1.4,250.0,4.0,2.5,120.0,0.25
247,4702.72,1.394,23.89,1405.39,44.44,32,72,10,True,12,0.35,True,1.4,250.0,3.5,2.0,120.0,0.25
237,4776.54,1.392,20.25,1460.07,37.5,27,72,20,True,12,0.25,True,1.4,250.0,4.5,2.0,120.0,0.25
272,4690.4,1.392,27.57,1183.92,47.22,34,72,20,True,12,0.45,False,1.4,200.0,3.5,2.0,120.0,0.25
89,3074.77,1.389,24.72,1440.61,20.83,15,72,14,False,16,0.25,True,1.4,200.0,4.5,2.5,120.0,0.25
89,3074.77,1.389,24.72,1440.61,20.83,15,72,14,False,16,0.25,True,1.4,250.0,4.5,2.5,120.0,0.25
250,5255.23,1.388,26.0,2649.23,43.06,31,72,14,True,12,0.45,False,1.4,250.0,4.0,2.5,120.0,0.25
78,2231.27,1.388,30.77,1270.71,25.0,18,72,14,False,16,0.35,True,1.4,200.0,3.5,2.0,120.0,0.25
78,2231.27,1.388,30.77,1270.71,25.0,18,72,14,False,16,0.35,True,1.4,250.0,3.5,2.0,120.0,0.25
359,5185.71,1.387,26.74,1665.98,48.61,35,72,20,True,16,0.25,False,1.4,200.0,3.5,2.0,120.0,0.25
212,4776.76,1.387,26.89,1628.12,43.06,31,72,20,True,12,0.45,False,1.4,200.0,4.0,2.5,120.0,0.25
212,4776.76,1.387,26.89,1628.12,43.06,31,72,20,True,16,0.45,False,1.4,200.0,4.0,2.5,120.0,0.25
287,5452.61,1.386,27.87,1889.74,44.44,32,72,10,True,16,0.25,False,1.4,200.0,4.0,2.5,120.0,0.25
51,1786.95,1.385,27.45,1373.79,16.67,12,72,20,False,16,0.35,True,1.35,200.0,4.5,2.5,120.0,0.25
51,1786.95,1.385,27.45,1373.79,16.67,12,72,20,False,16,0.35,True,1.35,250.0,4.5,2.5,120.0,0.25
377,5582.97,1.383,24.93,1290.41,47.22,34,72,20,True,12,0.25,False,1.4,250.0,4.0,2.0,120.0,0.25
270,5310.67,1.383,26.67,2855.06,43.06,31,72,10,True,12,0.45,False,1.4,250.0,4.0,2.5,120.0,0.25
244,4756.93,1.383,20.49,1357.02,37.5,27,72,10,True,12,0.25,True,1.4,250.0,4.5,2.0,120.0,0.25
382,5469.98,1.382,28.01,1434.57,47.22,34,72,10,True,16,0.45,False,1.4,250.0,3.5,2.0,120.0,0.25
235,4580.44,1.38,20.0,1460.07,37.5,27,72,20,True,12,0.25,True,1.4,200.0,4.5,2.0,120.0,0.25
354,5144.62,1.379,25.42,1010.18,45.83,33,72,10,True,12,0.45,False,1.4,250.0,4.5,2.0,120.0,0.25
277,4806.72,1.379,23.47,1132.7,45.83,33,72,14,True,16,0.55,False,1.4,200.0,4.0,2.0,120.0,0.25
95,2505.58,1.379,28.42,1406.31,26.39,19,72,14,False,16,0.25,True,1.4,250.0,3.5,2.0,120.0,0.25
41,1477.09,1.379,24.39,958.27,12.5,9,72,20,False,16,0.45,True,1.35,200.0,4.5,2.5,120.0,0.25
41,1477.09,1.379,24.39,958.27,12.5,9,72,20,False,16,0.45,True,1.35,250.0,4.5,2.5,120.0,0.25
408,5352.38,1.378,24.02,1572.64,45.83,33,72,14,True,12,0.25,False,1.4,250.0,4.0,2.0,120.0,0.25
263,5152.96,1.377,27.0,2791.07,43.06,31,72,10,True,12,0.45,False,1.4,200.0,4.0,2.5,120.0,0.25
139,3668.91,1.377,30.22,1726.97,38.89,28,72,14,False,16,0.35,False,1.4,200.0,3.5,2.5,120.0,0.25
383,4930.28,1.375,26.11,1984.31,47.22,34,72,14,True,16,0.25,False,1.4,250.0,3.5,2.0,120.0,0.25
235,4535.74,1.375,20.0,1494.7,37.5,27,72,14,True,12,0.25,True,1.4,200.0,4.5,2.0,120.0,0.25
327,5264.37,1.374,22.94,1657.61,44.44,32,72,14,True,12,0.45,False,1.4,200.0,4.5,2.0,120.0,0.25
266,5094.8,1.372,26.32,2834.98,47.22,34,72,14,True,12,0.35,False,1.4,200.0,4.0,2.5,120.0,0.25
266,5094.8,1.372,26.32,2834.98,47.22,34,72,14,True,12,0.35,False,1.4,250.0,4.0,2.5,120.0,0.25
356,4864.52,1.372,28.37,1434.57,50.0,36,72,10,True,16,0.45,False,1.4,200.0,3.5,2.0,120.0,0.25
283,4747.52,1.372,23.32,1349.26,43.06,31,72,20,True,16,0.45,False,1.4,200.0,4.5,2.0,120.0,0.25
41,1252.14,1.372,31.71,1179.05,15.28,11,72,10,False,16,0.45,True,1.4,250.0,3.5,2.0,120.0,0.25
242,4560.83,1.371,20.25,1357.02,37.5,27,72,10,True,12,0.25,True,1.4,200.0,4.5,2.0,120.0,0.25
236,4480.56,1.371,20.34,1363.22,36.11,26,72,14,True,12,0.35,True,1.4,200.0,4.5,2.0,120.0,0.25
74,1995.24,1.371,21.62,1452.18,16.67,12,72,14,False,16,0.25,True,1.35,250.0,4.5,2.0,120.0,0.25
241,4349.74,1.367,23.65,1020.53,44.44,32,72,14,True,12,0.35,True,1.4,250.0,3.5,2.0,120.0,0.25
259,4287.34,1.366,27.8,1434.39,41.67,30,72,14,False,16,0.25,False,1.4,250.0,4.0,2.0,120.0,0.25
176,3647.34,1.366,25.0,1253.69,40.28,29,72,20,True,12,0.55,True,1.4,200.0,3.5,2.0,120.0,0.25
284,4683.86,1.365,23.24,1349.26,43.06,31,72,20,True,12,0.45,False,1.4,200.0,4.5,2.0,120.0,0.25
396,5083.61,1.364,26.01,1222.62,44.44,32,72,10,True,12,0.35,False,1.4,250.0,4.0,2.0,120.0,0.25
346,4875.78,1.364,25.72,1010.18,45.83,33,72,10,True,12,0.45,False,1.4,200.0,4.5,2.0,120.0,0.25
399,4998.44,1.363,23.81,1427.03,45.83,33,72,14,True,12,0.25,False,1.4,200.0,4.0,2.0,120.0,0.25
379,5222.0,1.362,25.59,2066.32,47.22,34,72,14,True,12,0.35,False,1.4,250.0,4.0,2.0,120.0,0.25
288,5008.42,1.36,28.82,2288.74,47.22,34,72,10,True,12,0.45,False,1.4,250.0,3.5,2.5,120.0,0.25
368,4814.92,1.36,27.45,2187.78,48.61,35,72,14,True,12,0.35,False,1.4,200.0,3.5,2.0,120.0,0.25
44,1419.77,1.359,22.73,1187.25,13.89,10,72,10,False,16,0.35,True,1.35,200.0,4.5,2.0,120.0,0.25
44,1419.77,1.359,22.73,1187.25,13.89,10,72,10,False,16,0.35,True,1.35,250.0,4.5,2.0,120.0,0.25
76,1865.62,1.357,27.63,1614.58,26.39,19,72,10,False,16,0.55,False,1.4,200.0,4.5,2.0,120.0,0.25
244,4248.14,1.355,23.77,1020.53,44.44,32,72,10,True,12,0.25,True,1.4,250.0,3.5,2.0,120.0,0.25
285,4847.77,1.353,28.77,2288.74,47.22,34,72,10,True,12,0.45,False,1.4,200.0,3.5,2.5,120.0,0.25
293,4600.72,1.351,24.91,1181.68,44.44,32,72,20,True,16,0.45,False,1.4,250.0,4.0,2.0,120.0,0.25
225,4168.88,1.351,22.22,1807.96,37.5,27,72,20,True,16,0.45,True,1.4,250.0,4.5,2.0,120.0,0.25
221,4679.78,1.35,25.34,1605.27,37.5,27,72,20,True,12,0.45,False,1.4,250.0,4.5,2.5,120.0,0.25
221,4679.78,1.35,25.34,1605.27,37.5,27,72,20,True,16,0.45,False,1.4,250.0,4.5,2.5,120.0,0.25
333,4985.52,1.348,22.52,1412.7,43.06,31,72,14,True,16,0.45,False,1.4,200.0,4.5,2.0,120.0,0.25
276,4835.27,1.347,27.17,2597.55,43.06,31,72,14,True,16,0.45,False,1.4,250.0,3.5,2.5,120.0,0.25
414,5038.49,1.346,24.88,1327.5,47.22,34,72,10,True,16,0.25,False,1.4,250.0,4.0,2.0,120.0,0.25
226,4126.57,1.346,22.12,1807.96,37.5,27,72,20,True,12,0.45,True,1.4,250.0,4.5,2.0,120.0,0.25
154,3178.37,1.346,30.52,1330.33,40.28,29,72,14,False,16,0.35,False,1.4,200.0,3.5,2.0,120.0,0.25
294,4537.05,1.344,24.83,1181.68,44.44,32,72,20,True,12,0.45,False,1.4,250.0,4.0,2.0,120.0,0.25
301,3860.31,1.344,26.58,1497.04,47.22,34,72,10,False,16,0.25,False,1.4,200.0,3.5,2.0,120.0,0.25
70,1999.92,1.343,30.0,1285.27,27.78,20,72,10,False,16,0.55,False,1.4,200.0,3.5,2.5,120.0,0.25
408,4628.36,1.342,26.23,2006.41,45.83,33,72,14,True,12,0.25,False,1.4,250.0,3.5,2.0,120.0,0.25
238,4028.18,1.342,22.69,1131.9,43.06,31,72,20,True,12,0.25,True,1.4,250.0,3.5,2.0,120.0,0.25
282,4712.62,1.341,30.14,1993.92,45.83,33,72,10,True,16,0.25,False,1.4,200.0,3.5,2.5,120.0,0.25
382,4688.36,1.341,23.3,1737.06,45.83,33,72,14,True,16,0.25,False,1.4,250.0,4.0,2.0,120.0,0.25
75,1820.98,1.341,22.67,1536.93,16.67,12,72,14,False,16,0.25,True,1.35,200.0,4.0,2.0,120.0,0.25
75,1820.98,1.341,22.67,1536.93,16.67,12,72,14,False,16,0.25,True,1.35,250.0,4.0,2.0,120.0,0.25
378,4933.2,1.34,25.13,1923.82,47.22,34,72,14,True,16,0.35,False,1.4,250.0,4.0,2.0,120.0,0.25
278,4715.39,1.339,26.62,2681.72,41.67,30,72,14,True,12,0.45,False,1.4,250.0,3.5,2.5,120.0,0.25
287,4367.8,1.337,24.74,1280.72,44.44,32,72,20,True,16,0.45,False,1.4,200.0,4.0,2.0,120.0,0.25
238,3983.48,1.337,22.69,1166.53,43.06,31,72,14,True,12,0.25,True,1.4,250.0,3.5,2.0,120.0,0.25
312,3942.34,1.335,26.92,1497.04,45.83,33,72,10,False,16,0.25,False,1.4,250.0,3.5,2.0,120.0,0.25
247,4518.12,1.333,25.91,2460.29,43.06,31,72,14,True,16,0.45,False,1.4,200.0,4.0,2.5,120.0,0.25
288,4304.14,1.331,24.65,1280.72,44.44,32,72,20,True,12,0.45,False,1.4,200.0,4.0,2.0,120.0,0.25
389,4487.7,1.327,25.71,1270.23,44.44,32,72,10,True,12,0.35,False,1.4,200.0,4.0,2.0,120.0,0.25
245,4369.55,1.326,25.31,2649.23,43.06,31,72,14,True,12,0.45,False,1.4,200.0,4.0,2.5,120.0,0.25
224,3858.53,1.325,21.88,1807.96,37.5,27,72,20,True,16,0.45,True,1.4,200.0,4.5,2.0,120.0,0.25
74,2002.38,1.325,27.03,1880.78,16.67,12,72,14,False,16,0.25,True,1.35,200.0,3.5,2.5,120.0,0.25
74,2002.38,1.325,27.03,1880.78,16.67,12,72,14,False,16,0.25,True,1.35,250.0,3.5,2.5,120.0,0.25
387,4652.57,1.321,27.39,1657.93,48.61,35,72,20,True,12,0.25,False,1.4,250.0,3.5,2.0,120.0,0.25
406,4577.88,1.321,24.63,1327.5,47.22,34,72,10,True,16,0.25,False,1.4,200.0,4.0,2.0,120.0,0.25
40,1081.47,1.321,30.0,1179.05,15.28,11,72,10,False,16,0.45,True,1.4,200.0,3.5,2.0,120.0,0.25
385,4482.31,1.32,27.27,2187.78,45.83,33,72,14,True,12,0.35,False,1.4,250.0,3.5,2.0,120.0,0.25
225,3816.22,1.32,21.78,1807.96,37.5,27,72,20,True,12,0.45,True,1.4,200.0,4.5,2.0,120.0,0.25
77,1713.35,1.319,27.27,1614.58,26.39,19,72,10,False,16,0.55,False,1.4,250.0,4.5,2.0,120.0,0.25
367,4456.44,1.316,24.8,1895.87,47.22,34,72,14,True,16,0.35,False,1.4,200.0,4.0,2.0,120.0,0.25
59,1607.8,1.315,25.42,1741.37,18.06,13,72,20,False,16,0.25,True,1.35,200.0,4.5,2.5,120.0,0.25
59,1607.8,1.315,25.42,1741.37,18.06,13,72,20,False,16,0.25,True,1.35,250.0,4.5,2.5,120.0,0.25
199,3783.57,1.314,26.13,2170.51,38.89,28,72,14,False,16,0.25,False,1.4,250.0,4.0,2.5,120.0,0.25
159,3642.31,1.314,25.16,2677.17,37.5,27,72,20,False,16,0.25,False,1.4,250.0,4.5,2.5,120.0,0.25
70,1827.47,1.314,21.43,1153.74,19.44,14,72,10,False,16,0.25,True,1.35,200.0,4.0,2.0,120.0,0.25
70,1827.47,1.314,21.43,1153.74,19.44,14,72,10,False,16,0.25,True,1.35,250.0,4.0,2.0,120.0,0.25
60,1835.51,1.313,26.67,1368.06,19.44,14,72,10,False,16,0.35,True,1.4,200.0,3.5,2.5,120.0,0.25
60,1835.51,1.313,26.67,1368.06,19.44,14,72,10,False,16,0.35,True,1.4,250.0,3.5,2.5,120.0,0.25
374,4198.6,1.311,22.99,1591.45,45.83,33,72,14,True,16,0.25,False,1.4,200.0,4.0,2.0,120.0,0.25
423,4561.49,1.31,27.66,1642.72,51.39,37,72,10,True,16,0.25,False,1.4,250.0,3.5,2.0,120.0,0.25
407,4557.06,1.31,29.24,1430.45,47.22,34,72,10,True,12,0.45,False,1.4,250.0,3.5,2.0,120.0,0.25
292,4497.5,1.31,26.71,3330.75,41.67,30,72,10,True,16,0.25,False,1.4,250.0,4.0,2.5,120.0,0.25
369,4404.83,1.31,24.93,2038.37,47.22,34,72,14,True,12,0.35,False,1.4,200.0,4.0,2.0,120.0,0.25
276,4457.75,1.309,24.64,3204.42,40.28,29,72,10,True,16,0.25,False,1.4,200.0,4.5,2.5,120.0,0.25
276,4457.75,1.309,24.64,3204.42,40.28,29,72,10,True,16,0.25,False,1.4,250.0,4.5,2.5,120.0,0.25
231,3642.19,1.309,26.41,2020.95,40.28,29,72,10,False,16,0.25,False,1.4,200.0,3.5,2.5,120.0,0.25
231,3642.19,1.309,26.41,2020.95,40.28,29,72,10,False,16,0.25,False,1.4,250.0,3.5,2.5,120.0,0.25
44,1241.52,1.305,25.0,1051.92,13.89,10,72,20,False,16,0.45,True,1.4,200.0,4.0,2.5,120.0,0.25
44,1241.52,1.305,25.0,1051.92,13.89,10,72,20,False,16,0.45,True,1.4,250.0,4.0,2.5,120.0,0.25
428,4587.62,1.304,24.53,1123.73,45.83,33,72,10,True,12,0.25,False,1.4,250.0,4.5,2.0,120.0,0.25
406,4087.64,1.302,25.86,2006.41,45.83,33,72,14,True,12,0.25,False,1.4,200.0,3.5,2.0,120.0,0.25
398,4381.69,1.301,24.37,1106.25,41.67,30,72,10,True,12,0.35,False,1.4,250.0,4.5,2.0,120.0,0.25
71,1810.36,1.301,29.58,1285.27,27.78,20,72,10,False,16,0.55,False,1.4,250.0,3.5,2.5,120.0,0.25
272,4144.08,1.3,26.84,2561.86,43.06,31,72,14,True,16,0.45,False,1.4,200.0,3.5,2.5,120.0,0.25
76,1528.89,1.297,28.95,1634.19,27.78,20,72,10,False,16,0.55,False,1.4,200.0,4.0,2.0,120.0,0.25
369,4276.1,1.295,24.66,1290.41,45.83,33,72,20,True,12,0.25,False,1.4,200.0,4.0,2.0,120.0,0.25
63,1497.19,1.295,22.22,1446.41,18.06,13,72,10,False,16,0.35,True,1.4,200.0,4.5,2.0,120.0,0.25
63,1497.19,1.295,22.22,1446.41,18.06,13,72,10,False,16,0.35,True,1.4,250.0,4.5,2.0,120.0,0.25
378,3825.01,1.293,25.4,1984.31,47.22,34,72,14,True,16,0.25,False,1.4,200.0,3.5,2.0,120.0,0.25
404,4031.06,1.289,28.22,1642.72,51.39,37,72,10,True,16,0.25,False,1.4,200.0,3.5,2.0,120.0,0.25
44,1203.01,1.289,22.73,1051.92,12.5,9,72,20,False,16,0.45,True,1.4,200.0,4.5,2.5,120.0,0.25
44,1203.01,1.289,22.73,1051.92,12.5,9,72,20,False,16,0.45,True,1.4,250.0,4.5,2.5,120.0,0.25
275,3988.51,1.288,26.18,2681.72,41.67,30,72,14,True,12,0.45,False,1.4,200.0,3.5,2.5,120.0,0.25
330,3867.95,1.286,24.55,1714.32,47.22,34,72,20,True,16,0.35,False,1.4,200.0,4.0,2.0,120.0,0.25
294,4087.94,1.285,29.25,2183.26,43.06,31,72,10,True,12,0.35,False,1.4,250.0,3.5,2.5,120.0,0.25
364,3828.77,1.284,25.82,2169.26,45.83,33,72,14,True,16,0.35,False,1.4,200.0,3.5,2.0,120.0,0.25
204,3284.54,1.284,24.02,1970.7,38.89,28,72,10,False,16,0.25,False,1.4,200.0,4.5,2.5,120.0,0.25
204,3284.54,1.284,24.02,1970.7,38.89,28,72,10,False,16,0.25,False,1.4,250.0,4.5,2.5,120.0,0.25
398,4117.56,1.283,24.37,1106.25,41.67,30,72,10,True,12,0.35,False,1.4,200.0,4.5,2.0,120.0,0.25
193,3363.66,1.283,25.91,2170.51,38.89,28,72,14,False,16,0.25,False,1.4,200.0,4.0,2.5,120.0,0.25
203,3546.4,1.28,24.63,1605.27,37.5,27,72,20,True,12,0.45,False,1.4,200.0,4.5,2.5,120.0,0.25
203,3546.4,1.28,24.63,1605.27,37.5,27,72,20,True,16,0.45,False,1.4,200.0,4.5,2.5,120.0,0.25
69,1677.38,1.28,26.09,1285.27,23.61,17,72,10,False,16,0.55,False,1.4,200.0,4.0,2.5,120.0,0.25
69,1677.38,1.28,26.09,1285.27,23.61,17,72,10,False,16,0.55,False,1.4,250.0,4.0,2.5,120.0,0.25
291,3927.29,1.278,29.21,2183.26,43.06,31,72,10,True,12,0.35,False,1.4,200.0,3.5,2.5,120.0,0.25
348,3719.93,1.276,27.01,1731.92,45.83,33,72,14,True,16,0.45,False,1.4,250.0,3.5,2.0,120.0,0.25
105,2020.65,1.275,24.76,950.08,27.78,20,72,20,False,16,0.35,False,1.4,250.0,4.5,2.0,120.0,0.25
382,3736.34,1.27,26.44,1735.54,48.61,35,72,10,True,16,0.35,False,1.4,200.0,3.5,2.0,120.0,0.25
345,3593.7,1.27,26.96,1678.14,45.83,33,72,14,True,16,0.45,False,1.4,200.0,3.5,2.0,120.0,0.25
158,3082.82,1.266,24.68,2677.17,37.5,27,72,20,False,16,0.25,False,1.4,200.0,4.5,2.5,120.0,0.25
377,3727.06,1.264,26.79,1657.93,48.61,35,72,20,True,12,0.25,False,1.4,200.0,3.5,2.0,120.0,0.25
346,3750.39,1.263,24.28,1714.32,45.83,33,72,20,True,16,0.35,False,1.4,250.0,4.0,2.0,120.0,0.25
77,1376.63,1.26,28.57,1634.19,27.78,20,72,10,False,16,0.55,False,1.4,250.0,4.0,2.0,120.0,0.25
44,780.27,1.26,25.0,565.22,13.89,10,72,20,False,16,0.45,True,1.35,200.0,3.5,2.0,120.0,0.25
44,780.27,1.26,25.0,565.22,13.89,10,72,20,False,16,0.45,True,1.35,250.0,3.5,2.0,120.0,0.25
383,3694.23,1.259,25.85,2169.26,43.06,31,72,14,True,16,0.35,False,1.4,250.0,3.5,2.0,120.0,0.25
322,3452.36,1.259,24.22,1936.02,45.83,33,72,20,True,12,0.35,False,1.4,200.0,4.0,2.0,120.0,0.25
407,3905.1,1.258,25.8,1735.54,47.22,34,72,10,True,16,0.35,False,1.4,250.0,3.5,2.0,120.0,0.25
346,3478.03,1.258,26.59,2097.41,45.83,33,72,14,True,12,0.45,False,1.4,250.0,3.5,2.0,120.0,0.25
296,3303.55,1.256,24.66,1127.55,43.06,31,72,14,True,12,0.55,False,1.4,250.0,3.5,2.0,120.0,0.25
161,2448.38,1.255,29.81,1663.04,38.89,28,72,14,False,16,0.35,False,1.4,250.0,3.5,2.0,120.0,0.25
68,1418.9,1.255,23.53,1153.74,19.44,14,72,10,False,16,0.25,True,1.35,200.0,3.5,2.0,120.0,0.25
68,1418.9,1.255,23.53,1153.74,19.44,14,72,10,False,16,0.25,True,1.35,250.0,3.5,2.0,120.0,0.25
344,3298.01,1.247,26.45,2097.41,45.83,33,72,14,True,12,0.45,False,1.4,200.0,3.5,2.0,120.0,0.25
300,3248.08,1.247,24.67,886.35,43.06,31,72,14,True,16,0.55,False,1.4,250.0,3.5,2.0,120.0,0.25
262,3510.1,1.246,25.19,2426.4,38.89,28,72,10,True,12,0.35,False,1.4,250.0,4.5,2.5,120.0,0.25
263,3446.98,1.241,24.71,2426.4,38.89,28,72,10,True,12,0.35,False,1.4,200.0,4.5,2.5,120.0,0.25
338,3334.8,1.237,23.96,1936.02,44.44,32,72,20,True,12,0.35,False,1.4,250.0,4.0,2.0,120.0,0.25
294,3005.53,1.233,24.49,1127.55,43.06,31,72,14,True,12,0.55,False,1.4,200.0,3.5,2.0,120.0,0.25
440,3509.94,1.229,25.91,1379.48,45.83,33,72,10,True,12,0.25,False,1.4,250.0,4.0,2.0,120.0,0.25
436,3445.65,1.227,25.92,1573.82,45.83,33,72,10,True,12,0.25,False,1.4,200.0,4.0,2.0,120.0,0.25
298,2950.06,1.225,24.5,886.35,43.06,31,72,14,True,16,0.55,False,1.4,200.0,3.5,2.0,120.0,0.25
106,1633.6,1.224,25.47,950.08,29.17,21,72,20,False,16,0.35,False,1.4,200.0,4.0,2.0,120.0,0.25
106,1633.6,1.224,25.47,950.08,29.17,21,72,20,False,16,0.35,False,1.4,250.0,4.0,2.0,120.0,0.25
44,706.06,1.222,20.45,669.11,11.11,8,72,20,False,16,0.45,True,1.35,200.0,4.0,2.0,120.0,0.25
44,706.06,1.222,20.45,669.11,11.11,8,72,20,False,16,0.45,True,1.35,250.0,4.0,2.0,120.0,0.25
450,3332.35,1.221,27.78,1795.99,45.83,33,72,10,True,12,0.35,False,1.4,200.0,3.5,2.0,120.0,0.25
104,1621.39,1.221,24.04,950.08,27.78,20,72,20,False,16,0.35,False,1.4,200.0,4.5,2.0,120.0,0.25
396,3128.28,1.22,28.54,1430.45,47.22,34,72,10,True,12,0.45,False,1.4,200.0,3.5,2.0,120.0,0.25
300,3222.71,1.219,29.67,1713.61,43.06,31,72,10,True,12,0.25,False,1.4,250.0,3.5,2.5,120.0,0.25
473,3455.61,1.214,27.06,1795.99,44.44,32,72,10,True,12,0.35,False,1.4,250.0,3.5,2.0,120.0,0.25
60,1220.87,1.214,25.0,1819.63,18.06,13,72,20,False,16,0.35,True,1.4,200.0,4.5,2.5,120.0,0.25
60,1220.87,1.214,25.0,1819.63,18.06,13,72,20,False,16,0.35,True,1.4,250.0,4.5,2.5,120.0,0.25
465,3264.93,1.212,28.39,1592.23,48.61,35,72,10,True,12,0.25,False,1.4,250.0,3.5,2.0,120.0,0.25
420,3171.49,1.211,24.05,1074.09,44.44,32,72,10,True,12,0.25,False,1.4,200.0,4.5,2.0,120.0,0.25
274,3089.19,1.208,25.18,3324.11,36.11,26,72,10,True,12,0.25,False,1.4,250.0,4.5,2.5,120.0,0.25
357,2975.77,1.205,23.81,1677.14,40.28,29,72,14,True,12,0.45,False,1.4,250.0,4.0,2.0,120.0,0.25
52,1086.45,1.205,25.0,1519.15,16.67,12,72,20,False,16,0.45,False,1.4,200.0,4.5,2.5,120.0,0.25
52,1086.45,1.205,25.0,1519.15,16.67,12,72,20,False,16,0.45,False,1.4,250.0,4.5,2.5,120.0,0.25
274,3032.85,1.204,25.18,3324.11,36.11,26,72,10,True,12,0.25,False,1.4,200.0,4.5,2.5,120.0,0.25
292,2996.0,1.2,27.74,2054.0,37.5,27,72,10,True,12,0.25,False,1.4,200.0,4.0,2.5,120.0,0.25
52,1012.81,1.195,26.92,1519.15,18.06,13,72,20,False,16,0.45,False,1.4,200.0,4.0,2.5,120.0,0.25
52,1012.81,1.195,26.92,1519.15,18.06,13,72,20,False,16,0.45,False,1.4,250.0,4.0,2.5,120.0,0.25
293,2774.6,1.191,30.03,2007.05,43.06,31,72,10,True,12,0.25,False,1.4,200.0,3.5,2.5,120.0,0.25
352,2628.54,1.19,25.85,1720.21,41.67,30,72,20,True,16,0.35,False,1.4,200.0,3.5,2.0,120.0,0.25
362,2728.03,1.185,23.48,1440.31,38.89,28,72,14,True,16,0.45,False,1.4,250.0,4.0,2.0,120.0,0.25
53,864.06,1.183,28.3,1119.82,16.67,12,72,20,False,16,0.35,True,1.35,200.0,3.5,2.5,120.0,0.25
53,864.06,1.183,28.3,1119.82,16.67,12,72,20,False,16,0.35,True,1.35,250.0,3.5,2.5,120.0,0.25
42,703.33,1.178,26.19,958.27,13.89,10,72,20,False,16,0.45,True,1.35,200.0,3.5,2.5,120.0,0.25
42,703.33,1.178,26.19,958.27,13.89,10,72,20,False,16,0.45,True,1.35,250.0,3.5,2.5,120.0,0.25
237,2352.49,1.177,26.58,1732.3,40.28,29,72,20,True,12,0.45,False,1.4,200.0,3.5,2.5,120.0,0.25
237,2352.49,1.177,26.58,1732.3,40.28,29,72,20,True,16,0.45,False,1.4,200.0,3.5,2.5,120.0,0.25
368,2446.33,1.166,25.54,1844.42,40.28,29,72,20,True,16,0.35,False,1.4,250.0,3.5,2.0,120.0,0.25
235,2168.89,1.165,26.38,1732.3,40.28,29,72,20,True,12,0.45,False,1.4,250.0,3.5,2.5,120.0,0.25
235,2168.89,1.165,26.38,1732.3,40.28,29,72,20,True,16,0.45,False,1.4,250.0,3.5,2.5,120.0,0.25
352,2338.16,1.162,23.58,1834.68,40.28,29,72,14,True,12,0.45,False,1.4,200.0,4.0,2.0,120.0,0.25
214,1969.51,1.159,27.1,2081.51,38.89,28,72,14,False,16,0.25,False,1.4,250.0,3.5,2.5,120.0,0.25
455,2374.61,1.157,28.57,1592.23,47.22,34,72,10,True,12,0.25,False,1.4,200.0,3.5,2.0,120.0,0.25
212,1884.86,1.152,26.89,2166.16,38.89,28,72,14,False,16,0.25,False,1.4,200.0,3.5,2.5,120.0,0.25
47,499.52,1.152,23.4,565.22,13.89,10,72,20,False,16,0.45,True,1.4,200.0,3.5,2.0,120.0,0.25
47,499.52,1.152,23.4,565.22,13.89,10,72,20,False,16,0.45,True,1.4,250.0,3.5,2.0,120.0,0.25
46,615.14,1.148,21.74,1187.25,12.5,9,72,10,False,16,0.35,True,1.35,200.0,4.0,2.0,120.0,0.25
46,615.14,1.148,21.74,1187.25,12.5,9,72,10,False,16,0.35,True,1.35,250.0,4.0,2.0,120.0,0.25
349,2017.61,1.146,25.21,2056.78,41.67,30,72,20,True,12,0.35,False,1.4,200.0,3.5,2.0,120.0,0.25
44,567.96,1.146,25.0,1187.25,12.5,9,72,10,False,16,0.35,True,1.35,200.0,3.5,2.0,120.0,0.25
44,567.96,1.146,25.0,1187.25,12.5,9,72,10,False,16,0.35,True,1.35,250.0,3.5,2.0,120.0,0.25
294,2161.38,1.143,25.51,3625.69,37.5,27,72,10,True,12,0.35,False,1.4,200.0,4.0,2.5,120.0,0.25
357,2090.42,1.142,23.25,1597.85,38.89,28,72,14,True,16,0.45,False,1.4,200.0,4.0,2.0,120.0,0.25
78,750.9,1.141,29.49,1653.79,27.78,20,72,10,False,16,0.55,False,1.4,250.0,3.5,2.0,120.0,0.25
109,1015.8,1.137,27.52,991.31,30.56,22,72,20,False,16,0.35,False,1.4,250.0,3.5,2.0,120.0,0.25
62,732.66,1.136,25.81,1231.42,18.06,13,72,20,False,16,0.25,True,1.35,200.0,4.0,2.5,120.0,0.25
62,732.66,1.136,25.81,1231.42,18.06,13,72,20,False,16,0.25,True,1.35,250.0,4.0,2.5,120.0,0.25
294,2045.7,1.134,25.51,3657.69,37.5,27,72,10,True,12,0.35,False,1.4,250.0,4.0,2.5,120.0,0.25
362,1959.61,1.134,25.14,2056.78,40.28,29,72,20,True,12,0.35,False,1.4,250.0,3.5,2.0,120.0,0.25
185,1385.54,1.126,22.7,2089.47,38.89,28,72,20,False,16,0.25,False,1.4,250.0,4.5,2.0,120.0,0.25
76,660.18,1.126,28.95,1653.79,27.78,20,72,10,False,16,0.55,False,1.4,200.0,3.5,2.0,120.0,0.25
47,425.31,1.123,19.15,753.86,11.11,8,72,20,False,16,0.45,True,1.4,200.0,4.0,2.0,120.0,0.25
47,425.31,1.123,19.15,753.86,11.11,8,72,20,False,16,0.45,True,1.4,250.0,4.0,2.0,120.0,0.25
58,560.8,1.119,22.41,1587.39,16.67,12,72,20,False,16,0.45,False,1.4,200.0,4.0,2.0,120.0,0.25
58,560.8,1.119,22.41,1587.39,16.67,12,72,20,False,16,0.45,False,1.4,250.0,4.0,2.0,120.0,0.25
44,390.74,1.118,18.18,844.37,9.72,7,72,20,False,16,0.45,True,1.35,200.0,4.5,2.0,120.0,0.25
44,390.74,1.118,18.18,844.37,9.72,7,72,20,False,16,0.45,True,1.35,250.0,4.5,2.0,120.0,0.25
65,568.54,1.108,21.54,1446.41,16.67,12,72,10,False,16,0.35,True,1.4,200.0,4.0,2.0,120.0,0.25
65,568.54,1.108,21.54,1446.41,16.67,12,72,10,False,16,0.35,True,1.4,250.0,4.0,2.0,120.0,0.25
182,1145.44,1.106,22.53,2089.47,38.89,28,72,20,False,16,0.25,False,1.4,200.0,4.5,2.0,120.0,0.25
61,592.54,1.104,26.23,1442.88,18.06,13,72,20,False,16,0.35,True,1.4,200.0,4.0,2.5,120.0,0.25
61,592.54,1.104,26.23,1442.88,18.06,13,72,20,False,16,0.35,True,1.4,250.0,4.0,2.5,120.0,0.25
45,429.25,1.102,24.44,1051.92,13.89,10,72,20,False,16,0.45,True,1.4,200.0,3.5,2.5,120.0,0.25
45,429.25,1.102,24.44,1051.92,13.89,10,72,20,False,16,0.45,True,1.4,250.0,3.5,2.5,120.0,0.25
107,716.14,1.098,27.1,991.31,30.56,22,72,20,False,16,0.35,False,1.4,200.0,3.5,2.0,120.0,0.25
78,664.14,1.094,24.36,2103.87,22.22,16,72,20,False,16,0.25,True,1.4,200.0,4.0,2.5,120.0,0.25
78,664.14,1.094,24.36,2103.87,22.22,16,72,20,False,16,0.25,True,1.4,250.0,4.0,2.5,120.0,0.25
297,1424.83,1.092,26.26,3625.17,34.72,25,72,10,True,12,0.25,False,1.4,250.0,4.0,2.5,120.0,0.25
195,1135.64,1.092,22.05,2376.51,33.33,24,72,14,False,16,0.25,False,1.4,250.0,4.5,2.5,120.0,0.25
59,408.67,1.089,25.42,1658.79,19.44,14,72,20,False,16,0.45,False,1.4,200.0,3.5,2.0,120.0,0.25
59,408.67,1.089,25.42,1658.79,19.44,14,72,20,False,16,0.45,False,1.4,250.0,3.5,2.0,120.0,0.25
63,397.32,1.079,23.81,1446.41,18.06,13,72,10,False,16,0.35,True,1.4,200.0,3.5,2.0,120.0,0.25
63,397.32,1.079,23.81,1446.41,18.06,13,72,10,False,16,0.35,True,1.4,250.0,3.5,2.0,120.0,0.25
194,840.25,1.068,21.65,2376.51,33.33,24,72,14,False,16,0.25,False,1.4,200.0,4.5,2.5,120.0,0.25
49,235.89,1.042,24.49,1658.6,13.89,10,72,14,False,16,0.45,True,1.4,200.0,4.5,2.5,120.0,0.25
49,235.89,1.042,24.49,1658.6,13.89,10,72,14,False,16,0.45,True,1.4,250.0,4.5,2.5,120.0,0.25
187,362.5,1.033,23.53,2270.93,38.89,28,72,20,False,16,0.25,False,1.4,250.0,4.0,2.0,120.0,0.25
47,109.99,1.031,17.02,1011.47,9.72,7,72,20,False,16,0.45,True,1.4,200.0,4.5,2.0,120.0,0.25
47,109.99,1.031,17.02,1011.47,9.72,7,72,20,False,16,0.45,True,1.4,250.0,4.5,2.0,120.0,0.25
202,322.9,1.028,25.74,2511.26,34.72,25,72,20,False,16,0.25,False,1.4,250.0,3.5,2.0,120.0,0.25
56,124.37,1.026,19.64,1541.46,13.89,10,72,20,False,16,0.45,False,1.4,200.0,4.5,2.0,120.0,0.25
56,124.37,1.026,19.64,1541.46,13.89,10,72,20,False,16,0.45,False,1.4,250.0,4.5,2.0,120.0,0.25
76,142.33,1.02,21.05,2611.78,19.44,14,72,20,False,16,0.25,True,1.4,200.0,4.5,2.5,120.0,0.25
76,142.33,1.02,21.05,2611.78,19.44,14,72,20,False,16,0.25,True,1.4,250.0,4.5,2.5,120.0,0.25
186,197.74,1.018,23.12,2270.93,37.5,27,72,20,False,16,0.25,False,1.4,200.0,4.0,2.0,120.0,0.25
53,88.38,1.017,26.42,1529.96,18.06,13,72,20,False,16,0.45,False,1.4,200.0,3.5,2.5,120.0,0.25
53,88.38,1.017,26.42,1529.96,18.06,13,72,20,False,16,0.45,False,1.4,250.0,3.5,2.5,120.0,0.25
80,-302.48,0.958,25.0,2041.5,22.22,16,72,20,False,16,0.25,True,1.4,200.0,3.5,2.5,120.0,0.25
80,-302.48,0.958,25.0,2041.5,22.22,16,72,20,False,16,0.25,True,1.4,250.0,3.5,2.5,120.0,0.25
64,-264.69,0.953,25.0,1322.4,18.06,13,72,20,False,16,0.25,True,1.35,200.0,3.5,2.5,120.0,0.25
64,-264.69,0.953,25.0,1322.4,18.06,13,72,20,False,16,0.25,True,1.35,250.0,3.5,2.5,120.0,0.25
57,-257.52,0.937,22.81,1082.48,13.89,10,72,20,False,16,0.35,True,1.35,200.0,3.5,2.0,120.0,0.25
57,-257.52,0.937,22.81,1082.48,13.89,10,72,20,False,16,0.35,True,1.35,250.0,3.5,2.0,120.0,0.25
63,-428.14,0.928,25.4,1442.88,18.06,13,72,20,False,16,0.35,True,1.4,200.0,3.5,2.5,120.0,0.25
63,-428.14,0.928,25.4,1442.88,18.06,13,72,20,False,16,0.35,True,1.4,250.0,3.5,2.5,120.0,0.25
57,-330.52,0.922,19.3,1381.05,11.11,8,72,20,False,16,0.35,True,1.35,200.0,4.0,2.0,120.0,0.25
57,-330.52,0.922,19.3,1381.05,11.11,8,72,20,False,16,0.35,True,1.35,250.0,4.0,2.0,120.0,0.25
194,-930.14,0.917,24.23,2511.26,34.72,25,72,20,False,16,0.25,False,1.4,200.0,3.5,2.0,120.0,0.25
56,-573.07,0.867,17.86,1520.28,9.72,7,72,20,False,16,0.35,True,1.35,200.0,4.5,2.0,120.0,0.25
56,-573.07,0.867,17.86,1520.28,9.72,7,72,20,False,16,0.35,True,1.35,250.0,4.5,2.0,120.0,0.25
69,-1363.18,0.733,20.29,1969.74,15.28,11,72,20,False,16,0.35,True,1.4,200.0,3.5,2.0,120.0,0.25
69,-1363.18,0.733,20.29,1969.74,15.28,11,72,20,False,16,0.35,True,1.4,250.0,3.5,2.0,120.0,0.25
69,-1445.5,0.727,17.39,2243.38,12.5,9,72,20,False,16,0.35,True,1.4,200.0,4.0,2.0,120.0,0.25
69,-1445.5,0.727,17.39,2243.38,12.5,9,72,20,False,16,0.35,True,1.4,250.0,4.0,2.0,120.0,0.25
89,-1877.57,0.717,15.73,3253.62,13.89,10,72,20,False,16,0.25,True,1.4,200.0,4.0,2.0,120.0,0.25
89,-1877.57,0.717,15.73,3253.62,13.89,10,72,20,False,16,0.25,True,1.4,250.0,4.0,2.0,120.0,0.25
89,-1911.34,0.704,17.98,3041.36,16.67,12,72,20,False,16,0.25,True,1.4,200.0,3.5,2.0,120.0,0.25
89,-1911.34,0.704,17.98,3041.36,16.67,12,72,20,False,16,0.25,True,1.4,250.0,3.5,2.0,120.0,0.25
88,-1997.36,0.701,14.77,2991.13,13.89,10,72,20,False,16,0.25,True,1.4,200.0,4.5,2.0,120.0,0.25
88,-1997.36,0.701,14.77,2991.13,13.89,10,72,20,False,16,0.25,True,1.4,250.0,4.5,2.0,120.0,0.25
68,-1697.39,0.682,16.18,2396.09,11.11,8,72,20,False,16,0.35,True,1.4,200.0,4.5,2.0,120.0,0.25
68,-1697.39,0.682,16.18,2396.09,11.11,8,72,20,False,16,0.35,True,1.4,250.0,4.5,2.0,120.0,0.25
69,-1633.84,0.68,18.84,2458.79,12.5,9,72,20,False,16,0.25,True,1.35,200.0,3.5,2.0,120.0,0.25
69,-1633.84,0.68,18.84,2458.79,12.5,9,72,20,False,16,0.25,True,1.35,250.0,3.5,2.0,120.0,0.25
69,-1756.69,0.667,15.94,2772.96,11.11,8,72,20,False,16,0.25,True,1.35,200.0,4.0,2.0,120.0,0.25
69,-1756.69,0.667,15.94,2772.96,11.11,8,72,20,False,16,0.25,True,1.35,250.0,4.0,2.0,120.0,0.25
68,-2033.1,0.617,14.71,2874.65,9.72,7,72,20,False,16,0.25,True,1.35,200.0,4.5,2.0,120.0,0.25
68,-2033.1,0.617,14.71,2874.65,9.72,7,72,20,False,16,0.25,True,1.35,250.0,4.5,2.0,120.0,0.25
