fast_period,slow_period,cycle_period,stc_lower,stc_upper,tp_mult,sl_mult,kfd_thresh,monthly_profit_lock,monthly_loss_breaker,use_kfd,total_trades,trades_per_year,net_profit,pf,win_rate,max_dd,romad,mcr,pos_months,total_months
12,26,10,20.0,80.0,3.5,1.5,1.35,0.0,0.0,True,334,55.7,-4127.1,0.82,28.14,5592.77,-0.74,44.44,32,72
12,26,10,20.0,80.0,3.5,1.5,1.35,200.0,250.0,True,251,41.8,-2018.86,0.864,28.69,4445.17,-0.45,43.06,31,72
12,26,10,20.0,80.0,3.5,1.5,1.35,250.0,250.0,True,271,45.2,-2304.53,0.856,28.41,4739.31,-0.49,43.06,31,72
12,26,10,20.0,80.0,3.5,1.5,1.35,300.0,300.0,True,286,47.7,-1413.31,0.917,29.02,4579.17,-0.31,45.83,33,72
12,26,10,20.0,80.0,3.5,1.5,1.4,0.0,0.0,True,383,63.8,-3850.74,0.851,28.2,5202.59,-0.74,40.28,29,72
12,26,10,20.0,80.0,3.5,1.5,1.4,200.0,250.0,True,266,44.3,-801.93,0.947,28.2,2826.16,-0.28,41.67,30,72
12,26,10,20.0,80.0,3.5,1.5,1.4,250.0,250.0,True,289,48.2,-1294.04,0.922,28.03,3608.58,-0.36,40.28,29,72
12,26,10,20.0,80.0,3.5,1.5,1.4,300.0,300.0,True,318,53.0,251.65,1.014,29.56,3170.56,0.08,43.06,31,72
12,26,10,20.0,80.0,3.5,1.5,1.45,0.0,0.0,True,420,70.0,-4352.71,0.848,28.1,5599.43,-0.78,38.89,28,72
12,26,10,20.0,80.0,3.5,1.5,1.45,200.0,250.0,True,274,45.7,-887.52,0.942,28.83,3275.26,-0.27,41.67,30,72
12,26,10,20.0,80.0,3.5,1.5,1.45,250.0,250.0,True,308,51.3,-2150.78,0.878,27.6,4592.98,-0.47,37.5,27,72
12,26,10,20.0,80.0,3.5,1.5,1.45,300.0,300.0,True,336,56.0,-44.22,0.998,29.46,2696.55,-0.02,41.67,30,72
12,26,10,20.0,80.0,3.5,1.5,,0.0,0.0,False,1157,192.8,-2664.09,0.965,30.68,8540.45,-0.31,40.28,29,72
12,26,10,20.0,80.0,3.5,1.5,,200.0,250.0,False,365,60.8,634.59,1.032,31.23,2521.55,0.25,50.0,36,72
12,26,10,20.0,80.0,3.5,1.5,,250.0,250.0,False,414,69.0,1386.26,1.063,31.88,2411.87,0.57,48.61,35,72
12,26,10,20.0,80.0,3.5,1.5,,300.0,300.0,False,522,87.0,-515.52,0.982,30.27,3409.79,-0.15,45.83,33,72
12,26,10,20.0,80.0,3.5,2.0,1.35,0.0,0.0,True,323,53.8,-5093.01,0.812,34.06,7225.8,-0.7,34.72,25,72
12,26,10,20.0,80.0,3.5,2.0,1.35,200.0,250.0,True,223,37.2,-1599.76,0.9,36.32,4439.39,-0.36,41.67,30,72
12,26,10,20.0,80.0,3.5,2.0,1.35,250.0,250.0,True,240,40.0,-2226.33,0.871,35.42,4918.58,-0.45,40.28,29,72
12,26,10,20.0,80.0,3.5,2.0,1.35,300.0,300.0,True,256,42.7,-2491.02,0.867,35.55,5263.99,-0.47,38.89,28,72
12,26,10,20.0,80.0,3.5,2.0,1.4,0.0,0.0,True,369,61.5,-5034.52,0.835,33.88,7017.62,-0.72,37.5,27,72
12,26,10,20.0,80.0,3.5,2.0,1.4,200.0,250.0,True,240,40.0,-1718.84,0.899,35.42,4047.3,-0.42,44.44,32,72
12,26,10,20.0,80.0,3.5,2.0,1.4,250.0,250.0,True,259,43.2,-2376.77,0.871,34.36,4548.8,-0.52,41.67,30,72
12,26,10,20.0,80.0,3.5,2.0,1.4,300.0,300.0,True,287,47.8,-3336.32,0.843,34.15,5669.55,-0.59,40.28,29,72
12,26,10,20.0,80.0,3.5,2.0,1.45,0.0,0.0,True,405,67.5,-5300.75,0.842,34.07,7144.71,-0.74,37.5,27,72
12,26,10,20.0,80.0,3.5,2.0,1.45,200.0,250.0,True,250,41.7,495.13,1.029,37.2,2465.33,0.2,50.0,36,72
12,26,10,20.0,80.0,3.5,2.0,1.45,250.0,250.0,True,278,46.3,-379.99,0.98,35.61,3306.88,-0.11,44.44,32,72
12,26,10,20.0,80.0,3.5,2.0,1.45,300.0,300.0,True,308,51.3,-1459.68,0.934,35.06,3199.96,-0.46,41.67,30,72
12,26,10,20.0,80.0,3.5,2.0,,0.0,0.0,False,1022,170.3,-4853.81,0.942,36.4,10511.42,-0.46,43.06,31,72
12,26,10,20.0,80.0,3.5,2.0,,200.0,250.0,False,359,59.8,1213.54,1.053,37.05,2837.96,0.43,51.39,37,72
12,26,10,20.0,80.0,3.5,2.0,,250.0,250.0,False,393,65.5,693.79,1.027,36.39,3104.72,0.22,48.61,35,72
12,26,10,20.0,80.0,3.5,2.0,,300.0,300.0,False,484,80.7,884.9,1.028,37.6,2876.6,0.31,48.61,35,72
12,26,10,20.0,80.0,3.5,2.5,1.35,0.0,0.0,True,318,53.0,-4454.53,0.853,39.94,6790.84,-0.66,40.28,29,72
12,26,10,20.0,80.0,3.5,2.5,1.35,200.0,250.0,True,202,33.7,-1409.05,0.911,40.59,3384.44,-0.42,45.83,33,72
12,26,10,20.0,80.0,3.5,2.5,1.35,250.0,250.0,True,211,35.2,-1334.62,0.919,40.76,3709.86,-0.36,45.83,33,72
12,26,10,20.0,80.0,3.5,2.5,1.35,300.0,300.0,True,235,39.2,-1433.17,0.923,40.0,4319.72,-0.33,45.83,33,72
12,26,10,20.0,80.0,3.5,2.5,1.4,0.0,0.0,True,362,60.3,-4785.17,0.86,39.5,6930.17,-0.69,38.89,28,72
12,26,10,20.0,80.0,3.5,2.5,1.4,200.0,250.0,True,219,36.5,-2815.81,0.841,38.36,4505.53,-0.62,43.06,31,72
12,26,10,20.0,80.0,3.5,2.5,1.4,250.0,250.0,True,228,38.0,-2645.6,0.855,38.6,4541.6,-0.58,41.67,30,72
12,26,10,20.0,80.0,3.5,2.5,1.4,300.0,300.0,True,253,42.2,-2510.67,0.877,38.74,5203.64,-0.48,41.67,30,72
12,26,10,20.0,80.0,3.5,2.5,1.45,0.0,0.0,True,396,66.0,-5173.62,0.862,39.65,6637.62,-0.78,41.67,30,72
12,26,10,20.0,80.0,3.5,2.5,1.45,200.0,250.0,True,229,38.2,86.93,1.005,40.61,2408.16,0.04,48.61,35,72
12,26,10,20.0,80.0,3.5,2.5,1.45,250.0,250.0,True,244,40.7,-172.16,0.991,40.16,2886.93,-0.06,45.83,33,72
12,26,10,20.0,80.0,3.5,2.5,1.45,300.0,300.0,True,269,44.8,810.63,1.04,40.89,2416.5,0.34,45.83,33,72
12,26,10,20.0,80.0,3.5,2.5,,0.0,0.0,False,906,151.0,-2468.39,0.971,42.49,7616.86,-0.32,38.89,28,72
12,26,10,20.0,80.0,3.5,2.5,,200.0,250.0,False,282,47.0,-3661.22,0.841,38.65,4316.33,-0.85,43.06,31,72
12,26,10,20.0,80.0,3.5,2.5,,250.0,250.0,False,301,50.2,-2472.34,0.896,40.2,3127.45,-0.79,43.06,31,72
12,26,10,20.0,80.0,3.5,2.5,,300.0,300.0,False,389,64.8,-1907.13,0.937,41.39,3999.25,-0.48,43.06,31,72
12,26,10,20.0,80.0,4.0,1.5,1.35,0.0,0.0,True,330,55.0,-3836.57,0.836,25.15,5440.38,-0.71,40.28,29,72
12,26,10,20.0,80.0,4.0,1.5,1.35,200.0,250.0,True,237,39.5,-2531.85,0.828,24.89,4704.14,-0.54,37.5,27,72
12,26,10,20.0,80.0,4.0,1.5,1.35,250.0,250.0,True,260,43.3,-3301.61,0.797,23.85,5003.31,-0.66,36.11,26,72
12,26,10,20.0,80.0,4.0,1.5,1.35,300.0,300.0,True,282,47.0,-1667.33,0.905,25.53,4630.72,-0.36,38.89,28,72
12,26,10,20.0,80.0,4.0,1.5,1.4,0.0,0.0,True,378,63.0,-3307.63,0.875,25.4,4905.02,-0.67,40.28,29,72
12,26,10,20.0,80.0,4.0,1.5,1.4,200.0,250.0,True,264,44.0,-1398.26,0.912,24.62,3567.45,-0.39,41.67,30,72
12,26,10,20.0,80.0,4.0,1.5,1.4,250.0,250.0,True,283,47.2,-1703.45,0.9,24.38,3849.83,-0.44,38.89,28,72
12,26,10,20.0,80.0,4.0,1.5,1.4,300.0,300.0,True,308,51.3,56.92,1.003,25.97,3535.12,0.02,41.67,30,72
12,26,10,20.0,80.0,4.0,1.5,1.45,0.0,0.0,True,413,68.8,-3554.7,0.877,25.42,5377.53,-0.66,40.28,29,72
12,26,10,20.0,80.0,4.0,1.5,1.45,200.0,250.0,True,270,45.0,-1679.17,0.897,24.81,4250.09,-0.4,41.67,30,72
12,26,10,20.0,80.0,4.0,1.5,1.45,250.0,250.0,True,288,48.0,-2036.42,0.883,24.65,4464.85,-0.46,38.89,28,72
12,26,10,20.0,80.0,4.0,1.5,1.45,300.0,300.0,True,321,53.5,-1038.89,0.946,25.23,3480.29,-0.3,41.67,30,72
12,26,10,20.0,80.0,4.0,1.5,,0.0,0.0,False,1096,182.7,-2913.45,0.962,27.74,8347.87,-0.35,38.89,28,72
12,26,10,20.0,80.0,4.0,1.5,,200.0,250.0,False,378,63.0,-476.87,0.978,27.78,2098.69,-0.23,47.22,34,72
12,26,10,20.0,80.0,4.0,1.5,,250.0,250.0,False,417,69.5,-674.92,0.972,27.58,2061.42,-0.33,44.44,32,72
12,26,10,20.0,80.0,4.0,1.5,,300.0,300.0,False,487,81.2,-886.41,0.968,27.31,2843.81,-0.31,44.44,32,72
12,26,10,20.0,80.0,4.0,2.0,1.35,0.0,0.0,True,317,52.8,-4323.81,0.843,31.23,6766.35,-0.64,40.28,29,72
12,26,10,20.0,80.0,4.0,2.0,1.35,200.0,250.0,True,212,35.3,-1214.82,0.92,32.55,4521.9,-0.27,41.67,30,72
12,26,10,20.0,80.0,4.0,2.0,1.35,250.0,250.0,True,227,37.8,-1056.11,0.935,32.6,4662.34,-0.23,41.67,30,72
12,26,10,20.0,80.0,4.0,2.0,1.35,300.0,300.0,True,250,41.7,-2282.95,0.882,32.8,6070.93,-0.38,41.67,30,72
12,26,10,20.0,80.0,4.0,2.0,1.4,0.0,0.0,True,361,60.2,-3922.31,0.873,31.3,6270.67,-0.63,41.67,30,72
12,26,10,20.0,80.0,4.0,2.0,1.4,200.0,250.0,True,225,37.5,-1000.68,0.938,32.0,4155.47,-0.24,43.06,31,72
12,26,10,20.0,80.0,4.0,2.0,1.4,250.0,250.0,True,244,40.7,-1283.69,0.926,31.56,4254.93,-0.3,43.06,31,72
12,26,10,20.0,80.0,4.0,2.0,1.4,300.0,300.0,True,277,46.2,-2533.49,0.88,31.77,5086.16,-0.5,43.06,31,72
12,26,10,20.0,80.0,4.0,2.0,1.45,0.0,0.0,True,394,65.7,-3737.07,0.889,31.73,6104.1,-0.61,44.44,32,72
12,26,10,20.0,80.0,4.0,2.0,1.45,200.0,250.0,True,232,38.7,1737.94,1.11,34.05,3663.1,0.47,48.61,35,72
12,26,10,20.0,80.0,4.0,2.0,1.45,250.0,250.0,True,253,42.2,1035.56,1.06,33.2,3575.36,0.29,48.61,35,72
12,26,10,20.0,80.0,4.0,2.0,1.45,300.0,300.0,True,292,48.7,-264.76,0.988,32.88,3828.12,-0.07,48.61,35,72
12,26,10,20.0,80.0,4.0,2.0,,0.0,0.0,False,955,159.2,-6196.51,0.925,32.88,11262.72,-0.55,38.89,28,72
12,26,10,20.0,80.0,4.0,2.0,,200.0,250.0,False,321,53.5,1580.89,1.071,35.2,2264.54,0.7,51.39,37,72
12,26,10,20.0,80.0,4.0,2.0,,250.0,250.0,False,364,60.7,626.82,1.025,34.07,2796.54,0.22,47.22,34,72
12,26,10,20.0,80.0,4.0,2.0,,300.0,300.0,False,433,72.2,2462.9,1.083,35.1,2505.86,0.98,50.0,36,72
12,26,10,20.0,80.0,4.0,2.5,1.35,0.0,0.0,True,311,51.8,-3677.33,0.881,36.66,6554.67,-0.56,38.89,28,72
12,26,10,20.0,80.0,4.0,2.5,1.35,200.0,250.0,True,188,31.3,-266.18,0.982,39.36,2888.93,-0.09,47.22,34,72
12,26,10,20.0,80.0,4.0,2.5,1.35,250.0,250.0,True,202,33.7,-739.06,0.955,38.12,3084.76,-0.24,44.44,32,72
12,26,10,20.0,80.0,4.0,2.5,1.35,300.0,300.0,True,226,37.7,-84.55,0.995,38.05,3662.7,-0.02,45.83,33,72
12,26,10,20.0,80.0,4.0,2.5,1.4,0.0,0.0,True,353,58.8,-3632.41,0.896,36.54,6123.56,-0.59,40.28,29,72
12,26,10,20.0,80.0,4.0,2.5,1.4,200.0,250.0,True,201,33.5,-837.95,0.949,38.31,3202.53,-0.26,45.83,33,72
12,26,10,20.0,80.0,4.0,2.5,1.4,250.0,250.0,True,220,36.7,-1499.43,0.917,36.82,3804.76,-0.39,41.67,30,72
12,26,10,20.0,80.0,4.0,2.5,1.4,300.0,300.0,True,249,41.5,-1391.83,0.932,36.55,4365.45,-0.32,43.06,31,72
12,26,10,20.0,80.0,4.0,2.5,1.45,0.0,0.0,True,384,64.0,-3482.77,0.908,36.98,5748.19,-0.61,44.44,32,72
12,26,10,20.0,80.0,4.0,2.5,1.45,200.0,250.0,True,205,34.2,2026.82,1.127,40.0,1884.02,1.08,51.39,37,72
12,26,10,20.0,80.0,4.0,2.5,1.45,250.0,250.0,True,222,37.0,1673.93,1.097,38.74,2072.94,0.81,47.22,34,72
12,26,10,20.0,80.0,4.0,2.5,1.45,300.0,300.0,True,258,43.0,1514.24,1.075,37.98,3070.61,0.49,47.22,34,72
12,26,10,20.0,80.0,4.0,2.5,,0.0,0.0,False,844,140.7,-4518.9,0.946,38.63,8419.01,-0.54,43.06,31,72
12,26,10,20.0,80.0,4.0,2.5,,200.0,250.0,False,269,44.8,-1490.68,0.933,38.29,2342.94,-0.64,45.83,33,72
12,26,10,20.0,80.0,4.0,2.5,,250.0,250.0,False,295,49.2,-2887.53,0.883,36.61,4139.23,-0.7,40.28,29,72
12,26,10,20.0,80.0,4.0,2.5,,300.0,300.0,False,359,59.8,-846.55,0.971,38.44,3655.78,-0.23,45.83,33,72
12,26,10,20.0,80.0,4.5,1.5,1.35,0.0,0.0,True,324,54.0,-3564.93,0.849,23.46,5017.39,-0.71,38.89,28,72
12,26,10,20.0,80.0,4.5,1.5,1.35,200.0,250.0,True,223,37.2,-2895.02,0.798,22.87,4012.4,-0.72,37.5,27,72
12,26,10,20.0,80.0,4.5,1.5,1.35,250.0,250.0,True,238,39.7,-2660.26,0.827,23.11,4228.58,-0.63,36.11,26,72
12,26,10,20.0,80.0,4.5,1.5,1.35,300.0,300.0,True,270,45.0,-2662.28,0.852,22.96,4381.46,-0.61,36.11,26,72
12,26,10,20.0,80.0,4.5,1.5,1.4,0.0,0.0,True,370,61.7,-2813.5,0.894,23.78,4173.08,-0.67,38.89,28,72
12,26,10,20.0,80.0,4.5,1.5,1.4,200.0,250.0,True,249,41.5,-2284.57,0.857,22.49,2994.41,-0.76,36.11,26,72
12,26,10,20.0,80.0,4.5,1.5,1.4,250.0,250.0,True,258,43.0,-1407.28,0.914,23.26,2995.04,-0.47,36.11,26,72
12,26,10,20.0,80.0,4.5,1.5,1.4,300.0,300.0,True,295,49.2,-314.61,0.983,24.07,2937.61,-0.11,37.5,27,72
12,26,10,20.0,80.0,4.5,1.5,1.45,0.0,0.0,True,404,67.3,-2899.63,0.9,23.76,4890.8,-0.59,38.89,28,72
12,26,10,20.0,80.0,4.5,1.5,1.45,200.0,250.0,True,256,42.7,-2798.29,0.83,22.27,3928.56,-0.71,36.11,26,72
12,26,10,20.0,80.0,4.5,1.5,1.45,250.0,250.0,True,262,43.7,-2172.58,0.87,22.9,3835.51,-0.57,36.11,26,72
12,26,10,20.0,80.0,4.5,1.5,1.45,300.0,300.0,True,305,50.8,-1420.9,0.926,23.28,2985.94,-0.48,37.5,27,72
12,26,10,20.0,80.0,4.5,1.5,,0.0,0.0,False,1047,174.5,514.95,1.007,26.17,7811.57,0.07,44.44,32,72
12,26,10,20.0,80.0,4.5,1.5,,200.0,250.0,False,309,51.5,738.03,1.039,26.54,2789.21,0.26,50.0,36,72
12,26,10,20.0,80.0,4.5,1.5,,250.0,250.0,False,355,59.2,1290.1,1.061,27.04,2687.1,0.48,47.22,34,72
12,26,10,20.0,80.0,4.5,1.5,,300.0,300.0,False,444,74.0,-865.53,0.967,25.23,4057.05,-0.21,41.67,30,72
12,26,10,20.0,80.0,4.5,2.0,1.35,0.0,0.0,True,311,51.8,-4514.82,0.839,28.94,6316.48,-0.71,44.44,32,72
12,26,10,20.0,80.0,4.5,2.0,1.35,200.0,250.0,True,193,32.2,-933.44,0.935,31.09,3602.78,-0.26,47.22,34,72
12,26,10,20.0,80.0,4.5,2.0,1.35,250.0,250.0,True,210,35.0,-1063.37,0.932,30.48,3975.16,-0.27,44.44,32,72
12,26,10,20.0,80.0,4.5,2.0,1.35,300.0,300.0,True,242,40.3,-2875.06,0.851,29.34,4682.92,-0.61,43.06,31,72
12,26,10,20.0,80.0,4.5,2.0,1.4,0.0,0.0,True,352,58.7,-3772.89,0.879,29.26,5478.29,-0.69,43.06,31,72
12,26,10,20.0,80.0,4.5,2.0,1.4,200.0,250.0,True,213,35.5,-1452.26,0.909,30.05,2743.06,-0.53,44.44,32,72
12,26,10,20.0,80.0,4.5,2.0,1.4,250.0,250.0,True,223,37.2,-1256.67,0.925,30.04,3115.44,-0.4,41.67,30,72
12,26,10,20.0,80.0,4.5,2.0,1.4,300.0,300.0,True,256,42.7,-1786.83,0.91,30.08,3375.92,-0.53,43.06,31,72
12,26,10,20.0,80.0,4.5,2.0,1.45,0.0,0.0,True,384,64.0,-3338.86,0.902,29.69,5462.2,-0.61,44.44,32,72
12,26,10,20.0,80.0,4.5,2.0,1.45,200.0,250.0,True,217,36.2,535.43,1.034,31.8,2148.72,0.25,47.22,34,72
12,26,10,20.0,80.0,4.5,2.0,1.45,250.0,250.0,True,229,38.2,1416.94,1.085,31.88,2712.93,0.52,44.44,32,72
12,26,10,20.0,80.0,4.5,2.0,1.45,300.0,300.0,True,270,45.0,137.23,1.007,30.74,2940.86,0.05,45.83,33,72
12,26,10,20.0,80.0,4.5,2.0,,0.0,0.0,False,914,152.3,-2760.46,0.966,31.18,8640.9,-0.32,47.22,34,72
12,26,10,20.0,80.0,4.5,2.0,,200.0,250.0,False,287,47.8,2420.97,1.117,32.4,3524.16,0.69,52.78,38,72
12,26,10,20.0,80.0,4.5,2.0,,250.0,250.0,False,307,51.2,1963.02,1.086,32.57,3511.19,0.56,50.0,36,72
12,26,10,20.0,80.0,4.5,2.0,,300.0,300.0,False,398,66.3,-1516.16,0.949,29.65,5402.89,-0.28,44.44,32,72
12,26,10,20.0,80.0,4.5,2.5,1.35,0.0,0.0,True,305,50.8,-3216.81,0.898,34.1,6538.89,-0.49,43.06,31,72
12,26,10,20.0,80.0,4.5,2.5,1.35,200.0,250.0,True,173,28.8,205.5,1.014,36.99,2343.7,0.09,50.0,36,72
12,26,10,20.0,80.0,4.5,2.5,1.35,250.0,250.0,True,189,31.5,166.08,1.01,36.51,2728.09,0.06,48.61,35,72
12,26,10,20.0,80.0,4.5,2.5,1.35,300.0,300.0,True,212,35.3,-47.55,0.997,35.38,3067.04,-0.02,47.22,34,72
12,26,10,20.0,80.0,4.5,2.5,1.4,0.0,0.0,True,344,57.3,-2768.64,0.921,34.3,5702.75,-0.49,45.83,33,72
12,26,10,20.0,80.0,4.5,2.5,1.4,200.0,250.0,True,199,33.2,-2196.4,0.875,34.17,3623.52,-0.61,44.44,32,72
12,26,10,20.0,80.0,4.5,2.5,1.4,250.0,250.0,True,208,34.7,-1385.98,0.924,35.1,2941.98,-0.47,44.44,32,72
12,26,10,20.0,80.0,4.5,2.5,1.4,300.0,300.0,True,231,38.5,-814.05,0.959,34.63,3806.69,-0.21,44.44,32,72
12,26,10,20.0,80.0,4.5,2.5,1.45,0.0,0.0,True,374,62.3,-1930.11,0.949,35.03,4923.5,-0.39,45.83,33,72
12,26,10,20.0,80.0,4.5,2.5,1.45,200.0,250.0,True,201,33.5,154.87,1.009,34.83,3183.97,0.05,48.61,35,72
12,26,10,20.0,80.0,4.5,2.5,1.45,250.0,250.0,True,212,35.3,1126.13,1.063,35.85,2212.71,0.51,48.61,35,72
12,26,10,20.0,80.0,4.5,2.5,1.45,300.0,300.0,True,240,40.0,2239.76,1.113,35.83,2795.5,0.8,47.22,34,72
12,26,10,20.0,80.0,4.5,2.5,,0.0,0.0,False,801,133.5,-2201.27,0.974,36.45,6866.66,-0.32,47.22,34,72
12,26,10,20.0,80.0,4.5,2.5,,200.0,250.0,False,240,40.0,-2464.5,0.886,33.75,3955.22,-0.62,44.44,32,72
12,26,10,20.0,80.0,4.5,2.5,,250.0,250.0,False,266,44.3,-3226.79,0.865,33.46,4418.02,-0.73,40.28,29,72
12,26,10,20.0,80.0,4.5,2.5,,300.0,300.0,False,324,54.0,-2944.58,0.898,33.33,6079.94,-0.48,40.28,29,72
12,26,10,20.0,80.0,5.0,1.5,1.35,0.0,0.0,True,320,53.3,-4112.76,0.828,21.25,5391.51,-0.76,40.28,29,72
12,26,10,20.0,80.0,5.0,1.5,1.35,200.0,250.0,True,210,35.0,-3736.13,0.736,20.48,4158.55,-0.9,36.11,26,72
12,26,10,20.0,80.0,5.0,1.5,1.35,250.0,250.0,True,238,39.7,-4417.93,0.728,20.17,5076.73,-0.87,33.33,24,72
12,26,10,20.0,80.0,5.0,1.5,1.35,300.0,300.0,True,259,43.2,-2173.53,0.875,21.24,4451.61,-0.49,37.5,27,72
12,26,10,20.0,80.0,5.0,1.5,1.4,0.0,0.0,True,365,60.8,-2867.54,0.893,21.92,4032.47,-0.71,40.28,29,72
12,26,10,20.0,80.0,5.0,1.5,1.4,200.0,250.0,True,229,38.2,-2622.51,0.825,20.52,2705.1,-0.97,38.89,28,72
12,26,10,20.0,80.0,5.0,1.5,1.4,250.0,250.0,True,253,42.2,-2881.77,0.829,20.55,3187.82,-0.9,36.11,26,72
12,26,10,20.0,80.0,5.0,1.5,1.4,300.0,300.0,True,284,47.3,-854.35,0.954,21.48,3083.42,-0.28,40.28,29,72
12,26,10,20.0,80.0,5.0,1.5,1.45,0.0,0.0,True,398,66.3,-3278.61,0.888,21.86,4658.11,-0.7,41.67,30,72
12,26,10,20.0,80.0,5.0,1.5,1.45,200.0,250.0,True,237,39.5,-3436.52,0.78,20.25,3402.04,-1.01,38.89,28,72
12,26,10,20.0,80.0,5.0,1.5,1.45,250.0,250.0,True,263,43.8,-3842.66,0.782,20.15,4023.71,-0.96,36.11,26,72
12,26,10,20.0,80.0,5.0,1.5,1.45,300.0,300.0,True,290,48.3,-2284.77,0.881,20.69,3209.99,-0.71,40.28,29,72
12,26,10,20.0,80.0,5.0,1.5,,0.0,0.0,False,1010,168.3,343.32,1.005,24.16,7592.0,0.05,45.83,33,72
12,26,10,20.0,80.0,5.0,1.5,,200.0,250.0,False,281,46.8,306.52,1.018,24.2,2234.19,0.14,51.39,37,72
12,26,10,20.0,80.0,5.0,1.5,,250.0,250.0,False,347,57.8,-632.25,0.971,23.63,3663.46,-0.17,41.67,30,72
12,26,10,20.0,80.0,5.0,1.5,,300.0,300.0,False,433,72.2,262.55,1.01,24.25,2866.08,0.09,44.44,32,72
12,26,10,20.0,80.0,5.0,2.0,1.35,0.0,0.0,True,306,51.0,-5575.3,0.806,26.47,7297.41,-0.76,44.44,32,72
12,26,10,20.0,80.0,5.0,2.0,1.35,200.0,250.0,True,184,30.7,-1500.48,0.896,29.35,3211.68,-0.47,45.83,33,72
12,26,10,20.0,80.0,5.0,2.0,1.35,250.0,250.0,True,208,34.7,-2461.97,0.853,28.37,4204.01,-0.59,41.67,30,72
12,26,10,20.0,80.0,5.0,2.0,1.35,300.0,300.0,True,228,38.0,-3359.86,0.823,27.63,5298.87,-0.63,41.67,30,72
12,26,10,20.0,80.0,5.0,2.0,1.4,0.0,0.0,True,346,57.7,-4284.2,0.865,27.17,5856.62,-0.73,43.06,31,72
12,26,10,20.0,80.0,5.0,2.0,1.4,200.0,250.0,True,206,34.3,-1187.8,0.927,28.64,1611.06,-0.74,44.44,32,72
12,26,10,20.0,80.0,5.0,2.0,1.4,250.0,250.0,True,224,37.3,-1544.11,0.914,28.12,1919.81,-0.8,40.28,29,72
12,26,10,20.0,80.0,5.0,2.0,1.4,300.0,300.0,True,248,41.3,-2091.66,0.896,27.82,2827.87,-0.74,40.28,29,72
12,26,10,20.0,80.0,5.0,2.0,1.45,0.0,0.0,True,376,62.7,-3907.58,0.886,27.66,5491.87,-0.71,43.06,31,72
12,26,10,20.0,80.0,5.0,2.0,1.45,200.0,250.0,True,214,35.7,-471.41,0.971,29.91,2141.6,-0.22,45.83,33,72
12,26,10,20.0,80.0,5.0,2.0,1.45,250.0,250.0,True,232,38.7,-855.65,0.953,29.31,2560.23,-0.33,41.67,30,72
12,26,10,20.0,80.0,5.0,2.0,1.45,300.0,300.0,True,257,42.8,-1904.14,0.907,28.4,2982.83,-0.64,41.67,30,72
12,26,10,20.0,80.0,5.0,2.0,,0.0,0.0,False,867,144.5,-2726.97,0.966,28.95,8576.09,-0.32,45.83,33,72
12,26,10,20.0,80.0,5.0,2.0,,200.0,250.0,False,261,43.5,1214.72,1.06,29.5,2353.93,0.52,50.0,36,72
12,26,10,20.0,80.0,5.0,2.0,,250.0,250.0,False,296,49.3,1490.9,1.066,29.73,2830.82,0.53,45.83,33,72
12,26,10,20.0,80.0,5.0,2.0,,300.0,300.0,False,363,60.5,358.86,1.013,28.93,3272.2,0.11,45.83,33,72
12,26,10,20.0,80.0,5.0,2.5,1.35,0.0,0.0,True,299,49.8,-3773.86,0.883,31.77,7146.16,-0.53,41.67,30,72
12,26,10,20.0,80.0,5.0,2.5,1.35,200.0,250.0,True,167,27.8,-1097.89,0.928,34.13,3738.97,-0.29,47.22,34,72
12,26,10,20.0,80.0,5.0,2.5,1.35,250.0,250.0,True,190,31.7,-1395.69,0.919,33.68,4123.36,-0.34,44.44,32,72
12,26,10,20.0,80.0,5.0,2.5,1.35,300.0,300.0,True,209,34.8,-1138.97,0.94,33.49,3805.98,-0.3,45.83,33,72
12,26,10,20.0,80.0,5.0,2.5,1.4,0.0,0.0,True,337,56.2,-2732.66,0.923,32.34,5885.46,-0.46,43.06,31,72
12,26,10,20.0,80.0,5.0,2.5,1.4,200.0,250.0,True,198,33.0,-2453.93,0.868,31.82,3156.26,-0.78,43.06,31,72
12,26,10,20.0,80.0,5.0,2.5,1.4,250.0,250.0,True,213,35.5,-2086.03,0.895,32.39,3062.83,-0.68,40.28,29,72
12,26,10,20.0,80.0,5.0,2.5,1.4,300.0,300.0,True,227,37.8,-1897.7,0.91,32.16,3047.52,-0.62,41.67,30,72
12,26,10,20.0,80.0,5.0,2.5,1.45,0.0,0.0,True,365,60.8,-1862.86,0.951,33.15,4633.3,-0.4,45.83,33,72
12,26,10,20.0,80.0,5.0,2.5,1.45,200.0,250.0,True,198,33.0,-2219.78,0.879,31.82,2937.64,-0.76,44.44,32,72
12,26,10,20.0,80.0,5.0,2.5,1.45,250.0,250.0,True,213,35.5,-1305.29,0.932,32.86,2317.66,-0.56,43.06,31,72
12,26,10,20.0,80.0,5.0,2.5,1.45,300.0,300.0,True,234,39.0,-1477.81,0.93,32.48,2783.68,-0.53,44.44,32,72
12,26,10,20.0,80.0,5.0,2.5,,0.0,0.0,False,755,125.8,-4112.83,0.95,33.51,9210.11,-0.45,44.44,32,72
12,26,10,20.0,80.0,5.0,2.5,,200.0,250.0,False,215,35.8,-2701.4,0.869,30.7,3670.59,-0.74,43.06,31,72
12,26,10,20.0,80.0,5.0,2.5,,250.0,250.0,False,239,39.8,-4192.66,0.819,29.71,4401.32,-0.95,36.11,26,72
12,26,10,20.0,80.0,5.0,2.5,,300.0,300.0,False,288,48.0,-4255.67,0.844,30.21,4858.52,-0.88,37.5,27,72
12,26,10,25.0,75.0,3.5,1.5,1.35,0.0,0.0,True,346,57.7,-3906.3,0.838,28.32,5554.85,-0.7,41.67,30,72
12,26,10,25.0,75.0,3.5,1.5,1.35,200.0,250.0,True,245,40.8,-9.96,0.999,29.39,2710.8,-0.0,45.83,33,72
12,26,10,25.0,75.0,3.5,1.5,1.35,250.0,250.0,True,265,44.2,-308.46,0.979,29.06,3412.49,-0.09,45.83,33,72
12,26,10,25.0,75.0,3.5,1.5,1.35,300.0,300.0,True,292,48.7,323.33,1.019,29.79,3504.1,0.09,47.22,34,72
12,26,10,25.0,75.0,3.5,1.5,1.4,0.0,0.0,True,393,65.5,-4041.65,0.851,27.99,5576.38,-0.72,41.67,30,72
12,26,10,25.0,75.0,3.5,1.5,1.4,200.0,250.0,True,264,44.0,492.64,1.034,28.79,3227.91,0.15,47.22,34,72
12,26,10,25.0,75.0,3.5,1.5,1.4,250.0,250.0,True,284,47.3,-873.28,0.946,27.46,4164.84,-0.21,43.06,31,72
12,26,10,25.0,75.0,3.5,1.5,1.4,300.0,300.0,True,320,53.3,349.39,1.019,28.75,4223.87,0.08,45.83,33,72
12,26,10,25.0,75.0,3.5,1.5,1.45,0.0,0.0,True,435,72.5,-3854.94,0.872,28.28,5836.59,-0.66,41.67,30,72
12,26,10,25.0,75.0,3.5,1.5,1.45,200.0,250.0,True,275,45.8,1555.17,1.104,30.18,2651.97,0.59,48.61,35,72
12,26,10,25.0,75.0,3.5,1.5,1.45,250.0,250.0,True,307,51.2,-466.16,0.973,28.01,3973.63,-0.12,41.67,30,72
12,26,10,25.0,75.0,3.5,1.5,1.45,300.0,300.0,True,342,57.0,261.98,1.013,28.95,3779.73,0.07,44.44,32,72
12,26,10,25.0,75.0,3.5,1.5,,0.0,0.0,False,1179,196.5,-3063.49,0.961,30.62,8912.48,-0.34,43.06,31,72
12,26,10,25.0,75.0,3.5,1.5,,200.0,250.0,False,354,59.0,-846.62,0.958,30.79,2237.74,-0.38,48.61,35,72
12,26,10,25.0,75.0,3.5,1.5,,250.0,250.0,False,413,68.8,-186.0,0.992,31.23,2403.91,-0.08,45.83,33,72
12,26,10,25.0,75.0,3.5,1.5,,300.0,300.0,False,512,85.3,-1915.08,0.933,29.88,3608.66,-0.53,43.06,31,72
12,26,10,25.0,75.0,3.5,2.0,1.35,0.0,0.0,True,337,56.2,-5660.07,0.805,33.83,7998.45,-0.71,37.5,27,72
12,26,10,25.0,75.0,3.5,2.0,1.35,200.0,250.0,True,225,37.5,536.93,1.036,36.89,2393.42,0.22,48.61,35,72
12,26,10,25.0,75.0,3.5,2.0,1.35,250.0,250.0,True,245,40.8,-199.99,0.988,35.92,3259.09,-0.06,45.83,33,72
12,26,10,25.0,75.0,3.5,2.0,1.35,300.0,300.0,True,258,43.0,-728.52,0.959,35.66,3773.48,-0.19,45.83,33,72
12,26,10,25.0,75.0,3.5,2.0,1.4,0.0,0.0,True,380,63.3,-5929.15,0.817,33.42,8117.84,-0.73,36.11,26,72
12,26,10,25.0,75.0,3.5,2.0,1.4,200.0,250.0,True,240,40.0,-45.95,0.997,35.42,3094.23,-0.01,47.22,34,72
12,26,10,25.0,75.0,3.5,2.0,1.4,250.0,250.0,True,264,44.0,-1617.4,0.911,33.71,4377.5,-0.37,43.06,31,72
12,26,10,25.0,75.0,3.5,2.0,1.4,300.0,300.0,True,284,47.3,-1577.07,0.92,34.15,4156.21,-0.38,44.44,32,72
12,26,10,25.0,75.0,3.5,2.0,1.45,0.0,0.0,True,421,70.2,-5874.84,0.836,33.73,8446.41,-0.7,34.72,25,72
12,26,10,25.0,75.0,3.5,2.0,1.45,200.0,250.0,True,247,41.2,1393.71,1.088,36.84,2467.27,0.56,50.0,36,72
12,26,10,25.0,75.0,3.5,2.0,1.45,250.0,250.0,True,282,47.0,-357.11,0.981,34.75,3716.56,-0.1,43.06,31,72
12,26,10,25.0,75.0,3.5,2.0,1.45,300.0,300.0,True,301,50.2,-122.38,0.994,35.22,3251.31,-0.04,44.44,32,72
12,26,10,25.0,75.0,3.5,2.0,,0.0,0.0,False,1035,172.5,-4436.98,0.948,36.71,10104.66,-0.44,44.44,32,72
12,26,10,25.0,75.0,3.5,2.0,,200.0,250.0,False,365,60.8,2072.75,1.091,38.9,2093.12,0.99,54.17,39,72
12,26,10,25.0,75.0,3.5,2.0,,250.0,250.0,False,397,66.2,1767.28,1.07,38.04,2540.7,0.7,51.39,37,72
12,26,10,25.0,75.0,3.5,2.0,,300.0,300.0,False,510,85.0,210.27,1.006,37.25,3156.48,0.07,47.22,34,72
12,26,10,25.0,75.0,3.5,2.5,1.35,0.0,0.0,True,330,55.0,-2797.57,0.909,40.0,6722.01,-0.42,44.44,32,72
12,26,10,25.0,75.0,3.5,2.5,1.35,200.0,250.0,True,202,33.7,-1177.15,0.925,40.1,3300.05,-0.36,47.22,34,72
12,26,10,25.0,75.0,3.5,2.5,1.35,250.0,250.0,True,214,35.7,-1428.7,0.915,39.72,3702.28,-0.39,44.44,32,72
12,26,10,25.0,75.0,3.5,2.5,1.35,300.0,300.0,True,234,39.0,-1096.03,0.94,40.17,3854.62,-0.28,45.83,33,72
12,26,10,25.0,75.0,3.5,2.5,1.4,0.0,0.0,True,370,61.7,-3342.93,0.904,39.46,6857.6,-0.49,41.67,30,72
12,26,10,25.0,75.0,3.5,2.5,1.4,200.0,250.0,True,217,36.2,-1736.07,0.898,39.63,3721.63,-0.47,48.61,35,72
12,26,10,25.0,75.0,3.5,2.5,1.4,250.0,250.0,True,229,38.2,-2749.56,0.85,38.43,4828.14,-0.57,44.44,32,72
12,26,10,25.0,75.0,3.5,2.5,1.4,300.0,300.0,True,254,42.3,-2742.79,0.866,38.58,5172.2,-0.53,44.44,32,72
12,26,10,25.0,75.0,3.5,2.5,1.45,0.0,0.0,True,409,68.2,-3645.6,0.905,39.36,7151.28,-0.51,41.67,30,72
12,26,10,25.0,75.0,3.5,2.5,1.45,200.0,250.0,True,229,38.2,-368.26,0.979,40.61,3166.36,-0.12,52.78,38,72
12,26,10,25.0,75.0,3.5,2.5,1.45,250.0,250.0,True,247,41.2,-1811.05,0.906,38.87,3796.68,-0.48,47.22,34,72
12,26,10,25.0,75.0,3.5,2.5,1.45,300.0,300.0,True,267,44.5,-757.4,0.963,39.7,3915.69,-0.19,48.61,35,72
12,26,10,25.0,75.0,3.5,2.5,,0.0,0.0,False,917,152.8,-1428.55,0.983,42.53,8435.18,-0.17,38.89,28,72
12,26,10,25.0,75.0,3.5,2.5,,200.0,250.0,False,295,49.2,-2627.49,0.887,40.0,3261.34,-0.81,45.83,33,72
12,26,10,25.0,75.0,3.5,2.5,,250.0,250.0,False,315,52.5,-1552.01,0.936,41.27,2568.69,-0.6,45.83,33,72
12,26,10,25.0,75.0,3.5,2.5,,300.0,300.0,False,383,63.8,625.34,1.022,43.08,3083.18,0.2,47.22,34,72
12,26,10,25.0,75.0,4.0,1.5,1.35,0.0,0.0,True,342,57.0,-2955.71,0.88,26.02,4956.5,-0.6,40.28,29,72
12,26,10,25.0,75.0,4.0,1.5,1.35,200.0,250.0,True,240,40.0,-184.1,0.987,26.25,2914.13,-0.06,43.06,31,72
12,26,10,25.0,75.0,4.0,1.5,1.35,250.0,250.0,True,252,42.0,-402.42,0.973,25.79,3006.66,-0.13,41.67,30,72
12,26,10,25.0,75.0,4.0,1.5,1.35,300.0,300.0,True,285,47.5,1185.37,1.071,27.37,3162.62,0.37,44.44,32,72
12,26,10,25.0,75.0,4.0,1.5,1.4,0.0,0.0,True,389,64.8,-2672.32,0.903,25.96,4446.94,-0.6,38.89,28,72
12,26,10,25.0,75.0,4.0,1.5,1.4,200.0,250.0,True,261,43.5,-22.23,0.999,25.29,4021.18,-0.01,41.67,30,72
12,26,10,25.0,75.0,4.0,1.5,1.4,250.0,250.0,True,274,45.7,205.15,1.013,25.55,3772.99,0.05,40.28,29,72
12,26,10,25.0,75.0,4.0,1.5,1.4,300.0,300.0,True,310,51.7,1541.64,1.085,26.77,3745.1,0.41,43.06,31,72
12,26,10,25.0,75.0,4.0,1.5,1.45,0.0,0.0,True,429,71.5,-2101.02,0.931,26.34,4890.47,-0.43,38.89,28,72
12,26,10,25.0,75.0,4.0,1.5,1.45,200.0,250.0,True,269,44.8,1075.5,1.069,26.39,3618.47,0.3,43.06,31,72
12,26,10,25.0,75.0,4.0,1.5,1.45,250.0,250.0,True,281,46.8,1250.82,1.077,26.69,3370.28,0.37,41.67,30,72
12,26,10,25.0,75.0,4.0,1.5,1.45,300.0,300.0,True,327,54.5,999.44,1.052,26.61,3739.65,0.27,41.67,30,72
12,26,10,25.0,75.0,4.0,1.5,,0.0,0.0,False,1130,188.3,-2286.15,0.971,27.88,7978.81,-0.29,40.28,29,72
12,26,10,25.0,75.0,4.0,1.5,,200.0,250.0,False,379,63.2,-1893.08,0.915,26.65,3000.6,-0.63,44.44,32,72
12,26,10,25.0,75.0,4.0,1.5,,250.0,250.0,False,404,67.3,-1479.57,0.937,27.23,2473.4,-0.6,43.06,31,72
12,26,10,25.0,75.0,4.0,1.5,,300.0,300.0,False,474,79.0,-2313.72,0.916,26.79,3804.12,-0.61,43.06,31,72
12,26,10,25.0,75.0,4.0,2.0,1.35,0.0,0.0,True,331,55.2,-4204.16,0.857,31.72,6785.37,-0.62,41.67,30,72
12,26,10,25.0,75.0,4.0,2.0,1.35,200.0,250.0,True,219,36.5,187.72,1.012,33.33,2945.49,0.06,44.44,32,72
12,26,10,25.0,75.0,4.0,2.0,1.35,250.0,250.0,True,229,38.2,743.17,1.047,34.06,2602.93,0.29,44.44,32,72
12,26,10,25.0,75.0,4.0,2.0,1.35,300.0,300.0,True,242,40.3,1200.92,1.072,34.71,2649.88,0.45,47.22,34,72
12,26,10,25.0,75.0,4.0,2.0,1.4,0.0,0.0,True,373,62.2,-3964.07,0.879,31.64,6395.59,-0.62,43.06,31,72
12,26,10,25.0,75.0,4.0,2.0,1.4,200.0,250.0,True,240,40.0,-351.71,0.979,32.08,3552.78,-0.1,43.06,31,72
12,26,10,25.0,75.0,4.0,2.0,1.4,250.0,250.0,True,250,41.7,120.74,1.007,32.8,3297.52,0.04,43.06,31,72
12,26,10,25.0,75.0,4.0,2.0,1.4,300.0,300.0,True,273,45.5,-118.56,0.994,32.6,2878.1,-0.04,45.83,33,72
12,26,10,25.0,75.0,4.0,2.0,1.45,0.0,0.0,True,411,68.5,-3355.89,0.906,32.12,6248.51,-0.54,41.67,30,72
12,26,10,25.0,75.0,4.0,2.0,1.45,200.0,250.0,True,242,40.3,1414.33,1.086,33.47,3204.9,0.44,47.22,34,72
12,26,10,25.0,75.0,4.0,2.0,1.45,250.0,250.0,True,255,42.5,1408.49,1.082,33.73,2735.7,0.51,47.22,34,72
12,26,10,25.0,75.0,4.0,2.0,1.45,300.0,300.0,True,286,47.7,1776.05,1.091,33.92,2352.69,0.75,48.61,35,72
12,26,10,25.0,75.0,4.0,2.0,,0.0,0.0,False,981,163.5,-3489.24,0.959,33.84,9479.77,-0.37,44.44,32,72
12,26,10,25.0,75.0,4.0,2.0,,200.0,250.0,False,329,54.8,1650.01,1.072,35.56,2413.52,0.68,51.39,37,72
12,26,10,25.0,75.0,4.0,2.0,,250.0,250.0,False,366,61.0,1164.17,1.046,34.97,2082.03,0.56,48.61,35,72
12,26,10,25.0,75.0,4.0,2.0,,300.0,300.0,False,429,71.5,3262.87,1.113,36.13,2111.32,1.55,50.0,36,72
12,26,10,25.0,75.0,4.0,2.5,1.35,0.0,0.0,True,323,53.8,-1536.28,0.951,37.15,6238.05,-0.25,40.28,29,72
12,26,10,25.0,75.0,4.0,2.5,1.35,200.0,250.0,True,194,32.3,-872.35,0.944,37.63,2837.44,-0.31,43.06,31,72
12,26,10,25.0,75.0,4.0,2.5,1.35,250.0,250.0,True,207,34.5,-659.81,0.96,37.68,2843.87,-0.23,41.67,30,72
12,26,10,25.0,75.0,4.0,2.5,1.35,300.0,300.0,True,229,38.2,355.53,1.019,38.43,2815.87,0.13,41.67,30,72
12,26,10,25.0,75.0,4.0,2.5,1.4,0.0,0.0,True,362,60.3,-1540.31,0.956,37.02,5740.66,-0.27,43.06,31,72
12,26,10,25.0,75.0,4.0,2.5,1.4,200.0,250.0,True,204,34.0,-1287.11,0.923,37.25,3447.65,-0.37,45.83,33,72
12,26,10,25.0,75.0,4.0,2.5,1.4,250.0,250.0,True,218,36.3,-875.65,0.95,37.61,3285.08,-0.27,45.83,33,72
12,26,10,25.0,75.0,4.0,2.5,1.4,300.0,300.0,True,247,41.2,-1868.77,0.909,36.44,4468.79,-0.42,45.83,33,72
12,26,10,25.0,75.0,4.0,2.5,1.45,0.0,0.0,True,398,66.3,-1214.93,0.969,37.19,5832.5,-0.21,43.06,31,72
12,26,10,25.0,75.0,4.0,2.5,1.45,200.0,250.0,True,209,34.8,-25.88,0.998,37.8,3071.84,-0.01,48.61,35,72
12,26,10,25.0,75.0,4.0,2.5,1.45,250.0,250.0,True,223,37.2,780.69,1.045,38.57,2721.09,0.29,48.61,35,72
12,26,10,25.0,75.0,4.0,2.5,1.45,300.0,300.0,True,257,42.8,-753.44,0.964,36.58,3760.25,-0.2,47.22,34,72
12,26,10,25.0,75.0,4.0,2.5,,0.0,0.0,False,870,145.0,-1931.78,0.978,39.08,8357.07,-0.23,43.06,31,72
12,26,10,25.0,75.0,4.0,2.5,,200.0,250.0,False,275,45.8,-511.78,0.977,39.64,2123.81,-0.24,48.61,35,72
12,26,10,25.0,75.0,4.0,2.5,,250.0,250.0,False,301,50.2,-1120.62,0.954,38.54,2686.17,-0.42,44.44,32,72
12,26,10,25.0,75.0,4.0,2.5,,300.0,300.0,False,356,59.3,724.79,1.026,39.89,2955.81,0.25,48.61,35,72
12,26,10,25.0,75.0,4.5,1.5,1.35,0.0,0.0,True,339,56.5,-1652.87,0.933,24.78,4490.6,-0.37,38.89,28,72
12,26,10,25.0,75.0,4.5,1.5,1.35,200.0,250.0,True,225,37.5,702.01,1.053,24.89,2352.3,0.3,44.44,32,72
12,26,10,25.0,75.0,4.5,1.5,1.35,250.0,250.0,True,241,40.2,801.21,1.056,24.9,2875.06,0.28,41.67,30,72
12,26,10,25.0,75.0,4.5,1.5,1.35,300.0,300.0,True,274,45.7,1459.4,1.087,25.55,3298.81,0.44,41.67,30,72
12,26,10,25.0,75.0,4.5,1.5,1.4,0.0,0.0,True,384,64.0,-1178.07,0.957,24.74,3873.14,-0.3,37.5,27,72
12,26,10,25.0,75.0,4.5,1.5,1.4,200.0,250.0,True,245,40.8,400.09,1.027,24.08,3510.54,0.11,41.67,30,72
12,26,10,25.0,75.0,4.5,1.5,1.4,250.0,250.0,True,262,43.7,1011.19,1.064,24.43,3207.58,0.32,38.89,28,72
12,26,10,25.0,75.0,4.5,1.5,1.4,300.0,300.0,True,296,49.3,2292.64,1.128,25.34,3679.88,0.62,40.28,29,72
12,26,10,25.0,75.0,4.5,1.5,1.45,0.0,0.0,True,422,70.3,-510.95,0.983,24.88,4550.98,-0.11,37.5,27,72
12,26,10,25.0,75.0,4.5,1.5,1.45,200.0,250.0,True,250,41.7,1770.48,1.118,25.2,3272.66,0.54,44.44,32,72
12,26,10,25.0,75.0,4.5,1.5,1.45,250.0,250.0,True,268,44.7,1791.38,1.111,25.0,3283.52,0.55,40.28,29,72
12,26,10,25.0,75.0,4.5,1.5,1.45,300.0,300.0,True,307,51.2,1502.01,1.081,24.76,3966.35,0.38,38.89,28,72
12,26,10,25.0,75.0,4.5,1.5,,0.0,0.0,False,1080,180.0,328.7,1.004,26.02,8165.07,0.04,38.89,28,72
12,26,10,25.0,75.0,4.5,1.5,,200.0,250.0,False,327,54.5,-913.42,0.954,25.38,3561.53,-0.26,45.83,33,72
12,26,10,25.0,75.0,4.5,1.5,,250.0,250.0,False,376,62.7,-665.06,0.971,25.53,4051.49,-0.16,43.06,31,72
12,26,10,25.0,75.0,4.5,1.5,,300.0,300.0,False,432,72.0,-1703.26,0.935,25.23,4720.52,-0.36,41.67,30,72
12,26,10,25.0,75.0,4.5,2.0,1.35,0.0,0.0,True,327,54.5,-3256.17,0.89,29.97,5944.04,-0.55,43.06,31,72
12,26,10,25.0,75.0,4.5,2.0,1.35,200.0,250.0,True,203,33.8,1507.66,1.107,32.51,2297.61,0.66,50.0,36,72
12,26,10,25.0,75.0,4.5,2.0,1.35,250.0,250.0,True,214,35.7,1945.82,1.13,32.71,2460.67,0.79,48.61,35,72
12,26,10,25.0,75.0,4.5,2.0,1.35,300.0,300.0,True,241,40.2,783.86,1.044,31.95,2381.15,0.33,47.22,34,72
12,26,10,25.0,75.0,4.5,2.0,1.4,0.0,0.0,True,367,61.2,-2763.85,0.916,29.97,5302.03,-0.52,44.44,32,72
12,26,10,25.0,75.0,4.5,2.0,1.4,200.0,250.0,True,223,37.2,486.25,1.03,30.94,2680.08,0.18,47.22,34,72
12,26,10,25.0,75.0,4.5,2.0,1.4,250.0,250.0,True,234,39.0,930.04,1.055,31.2,2736.73,0.34,45.83,33,72
12,26,10,25.0,75.0,4.5,2.0,1.4,300.0,300.0,True,255,42.5,1459.32,1.08,31.76,2082.56,0.7,47.22,34,72
12,26,10,25.0,75.0,4.5,2.0,1.45,0.0,0.0,True,403,67.2,-1956.01,0.945,30.27,5424.92,-0.36,41.67,30,72
12,26,10,25.0,75.0,4.5,2.0,1.45,200.0,250.0,True,224,37.3,2196.28,1.14,32.14,2367.71,0.93,48.61,35,72
12,26,10,25.0,75.0,4.5,2.0,1.45,250.0,250.0,True,235,39.2,2484.57,1.151,32.34,2341.36,1.06,47.22,34,72
12,26,10,25.0,75.0,4.5,2.0,1.45,300.0,300.0,True,264,44.0,2547.15,1.137,32.2,2048.45,1.24,48.61,35,72
12,26,10,25.0,75.0,4.5,2.0,,0.0,0.0,False,934,155.7,125.24,1.002,32.12,8310.09,0.02,48.61,35,72
12,26,10,25.0,75.0,4.5,2.0,,200.0,250.0,False,308,51.3,2322.3,1.105,32.79,3698.46,0.63,51.39,37,72
12,26,10,25.0,75.0,4.5,2.0,,250.0,250.0,False,322,53.7,2560.75,1.109,33.54,3698.46,0.69,50.0,36,72
12,26,10,25.0,75.0,4.5,2.0,,300.0,300.0,False,405,67.5,267.54,1.009,31.36,4401.38,0.06,47.22,34,72
12,26,10,25.0,75.0,4.5,2.5,1.35,0.0,0.0,True,319,53.2,-1672.54,0.949,34.48,6885.06,-0.24,44.44,32,72
12,26,10,25.0,75.0,4.5,2.5,1.35,200.0,250.0,True,183,30.5,6.42,1.0,36.07,2766.06,0.0,45.83,33,72
12,26,10,25.0,75.0,4.5,2.5,1.35,250.0,250.0,True,197,32.8,542.83,1.034,36.55,2601.35,0.21,45.83,33,72
12,26,10,25.0,75.0,4.5,2.5,1.35,300.0,300.0,True,220,36.7,464.25,1.025,35.91,2901.04,0.16,48.61,35,72
12,26,10,25.0,75.0,4.5,2.5,1.4,0.0,0.0,True,356,59.3,-1375.4,0.962,34.55,6199.95,-0.22,47.22,34,72
12,26,10,25.0,75.0,4.5,2.5,1.4,200.0,250.0,True,198,33.0,-1458.22,0.914,34.85,3532.02,-0.41,44.44,32,72
12,26,10,25.0,75.0,4.5,2.5,1.4,250.0,250.0,True,211,35.2,-771.47,0.957,35.55,3021.51,-0.26,44.44,32,72
12,26,10,25.0,75.0,4.5,2.5,1.4,300.0,300.0,True,235,39.2,-822.71,0.959,34.89,3924.99,-0.21,47.22,34,72
12,26,10,25.0,75.0,4.5,2.5,1.45,0.0,0.0,True,390,65.0,-379.39,0.99,34.87,6111.33,-0.06,44.44,32,72
12,26,10,25.0,75.0,4.5,2.5,1.45,200.0,250.0,True,197,32.8,-177.77,0.989,35.03,3466.06,-0.05,48.61,35,72
12,26,10,25.0,75.0,4.5,2.5,1.45,250.0,250.0,True,215,35.8,81.69,1.004,35.35,3297.13,0.02,47.22,34,72
12,26,10,25.0,75.0,4.5,2.5,1.45,300.0,300.0,True,245,40.8,191.01,1.009,34.69,4431.22,0.04,47.22,34,72
12,26,10,25.0,75.0,4.5,2.5,,0.0,0.0,False,815,135.8,-348.02,0.996,36.81,7650.16,-0.05,43.06,31,72
12,26,10,25.0,75.0,4.5,2.5,,200.0,250.0,False,253,42.2,-1673.96,0.924,35.18,3228.96,-0.52,45.83,33,72
12,26,10,25.0,75.0,4.5,2.5,,250.0,250.0,False,273,45.5,-1178.54,0.95,35.9,3435.33,-0.34,44.44,32,72
12,26,10,25.0,75.0,4.5,2.5,,300.0,300.0,False,336,56.0,-1160.78,0.96,35.12,4658.82,-0.25,44.44,32,72
12,26,10,25.0,75.0,5.0,1.5,1.35,0.0,0.0,True,335,55.8,-2790.78,0.889,22.39,4534.07,-0.62,40.28,29,72
12,26,10,25.0,75.0,5.0,1.5,1.35,200.0,250.0,True,218,36.3,-1503.77,0.891,21.56,2520.88,-0.6,41.67,30,72
12,26,10,25.0,75.0,5.0,1.5,1.35,250.0,250.0,True,240,40.0,-2143.34,0.861,21.25,3514.4,-0.61,38.89,28,72
12,26,10,25.0,75.0,5.0,1.5,1.35,300.0,300.0,True,268,44.7,794.36,1.047,23.13,3678.5,0.22,43.06,31,72
12,26,10,25.0,75.0,5.0,1.5,1.4,0.0,0.0,True,379,63.2,-1853.27,0.934,22.69,3768.15,-0.49,38.89,28,72
12,26,10,25.0,75.0,5.0,1.5,1.4,200.0,250.0,True,235,39.2,-455.18,0.969,22.13,2459.22,-0.19,43.06,31,72
12,26,10,25.0,75.0,5.0,1.5,1.4,250.0,250.0,True,256,42.7,-1073.02,0.935,21.88,3158.29,-0.34,40.28,29,72
12,26,10,25.0,75.0,5.0,1.5,1.4,300.0,300.0,True,292,48.7,1679.38,1.091,23.29,3084.06,0.54,44.44,32,72
12,26,10,25.0,75.0,5.0,1.5,1.45,0.0,0.0,True,416,69.3,-1420.58,0.954,22.84,4611.03,-0.31,41.67,30,72
12,26,10,25.0,75.0,5.0,1.5,1.45,200.0,250.0,True,242,40.3,1664.59,1.112,23.55,2613.18,0.64,47.22,34,72
12,26,10,25.0,75.0,5.0,1.5,1.45,250.0,250.0,True,265,44.2,899.87,1.054,23.02,3406.66,0.26,44.44,32,72
12,26,10,25.0,75.0,5.0,1.5,1.45,300.0,300.0,True,296,49.3,1823.45,1.098,23.31,3510.31,0.52,47.22,34,72
12,26,10,25.0,75.0,5.0,1.5,,0.0,0.0,False,1044,174.0,-347.86,0.995,24.04,8119.6,-0.04,44.44,32,72
12,26,10,25.0,75.0,5.0,1.5,,200.0,250.0,False,289,48.2,-418.26,0.977,23.88,2591.0,-0.16,50.0,36,72
12,26,10,25.0,75.0,5.0,1.5,,250.0,250.0,False,353,58.8,-1425.37,0.936,23.51,3969.93,-0.36,40.28,29,72
12,26,10,25.0,75.0,5.0,1.5,,300.0,300.0,False,415,69.2,-1839.93,0.93,23.37,4194.86,-0.44,40.28,29,72
12,26,10,25.0,75.0,5.0,2.0,1.35,0.0,0.0,True,322,53.7,-5164.3,0.831,27.02,7211.48,-0.72,44.44,32,72
12,26,10,25.0,75.0,5.0,2.0,1.35,200.0,250.0,True,194,32.3,119.61,1.008,30.41,1744.46,0.07,48.61,35,72
12,26,10,25.0,75.0,5.0,2.0,1.35,250.0,250.0,True,214,35.7,-1137.12,0.932,28.97,2997.23,-0.38,44.44,32,72
12,26,10,25.0,75.0,5.0,2.0,1.35,300.0,300.0,True,230,38.3,-702.44,0.961,29.57,2556.8,-0.27,45.83,33,72
12,26,10,25.0,75.0,5.0,2.0,1.4,0.0,0.0,True,361,60.2,-4153.89,0.876,27.42,6051.38,-0.69,43.06,31,72
12,26,10,25.0,75.0,5.0,2.0,1.4,200.0,250.0,True,220,36.7,-43.14,0.997,29.09,1939.49,-0.02,45.83,33,72
12,26,10,25.0,75.0,5.0,2.0,1.4,250.0,250.0,True,236,39.3,-490.65,0.973,28.39,2091.29,-0.23,43.06,31,72
12,26,10,25.0,75.0,5.0,2.0,1.4,300.0,300.0,True,250,41.7,-56.71,0.997,28.8,1696.31,-0.03,43.06,31,72
12,26,10,25.0,75.0,5.0,2.0,1.45,0.0,0.0,True,395,65.8,-3341.15,0.908,27.85,6109.5,-0.55,40.28,29,72
12,26,10,25.0,75.0,5.0,2.0,1.45,200.0,250.0,True,225,37.5,1460.31,1.087,30.22,2001.84,0.73,45.83,33,72
12,26,10,25.0,75.0,5.0,2.0,1.45,250.0,250.0,True,242,40.3,902.92,1.049,29.34,2122.68,0.43,43.06,31,72
12,26,10,25.0,75.0,5.0,2.0,1.45,300.0,300.0,True,258,43.0,1954.27,1.101,29.84,1813.16,1.08,44.44,32,72
12,26,10,25.0,75.0,5.0,2.0,,0.0,0.0,False,891,148.5,-595.28,0.993,29.85,7731.84,-0.08,47.22,34,72
12,26,10,25.0,75.0,5.0,2.0,,200.0,250.0,False,272,45.3,1086.56,1.052,29.78,2308.75,0.47,51.39,37,72
12,26,10,25.0,75.0,5.0,2.0,,250.0,250.0,False,312,52.0,1611.97,1.068,30.13,2549.64,0.63,47.22,34,72
12,26,10,25.0,75.0,5.0,2.0,,300.0,300.0,False,380,63.3,315.87,1.011,29.21,3042.47,0.1,45.83,33,72
12,26,10,25.0,75.0,5.0,2.5,1.35,0.0,0.0,True,314,52.3,-2043.45,0.938,32.17,7781.8,-0.26,38.89,28,72
12,26,10,25.0,75.0,5.0,2.5,1.35,200.0,250.0,True,179,29.8,202.36,1.013,35.75,2029.25,0.1,48.61,35,72
12,26,10,25.0,75.0,5.0,2.5,1.35,250.0,250.0,True,201,33.5,-1123.68,0.937,33.83,2429.33,-0.46,41.67,30,72
12,26,10,25.0,75.0,5.0,2.5,1.35,300.0,300.0,True,217,36.2,370.53,1.019,35.02,2664.57,0.14,43.06,31,72
12,26,10,25.0,75.0,5.0,2.5,1.4,0.0,0.0,True,350,58.3,-1184.74,0.968,32.57,6535.12,-0.18,38.89,28,72
12,26,10,25.0,75.0,5.0,2.5,1.4,200.0,250.0,True,198,33.0,-513.16,0.971,34.34,1924.74,-0.27,45.83,33,72
12,26,10,25.0,75.0,5.0,2.5,1.4,250.0,250.0,True,218,36.3,-1546.46,0.922,33.03,2542.58,-0.61,38.89,28,72
12,26,10,25.0,75.0,5.0,2.5,1.4,300.0,300.0,True,238,39.7,-120.47,0.994,34.03,2494.49,-0.05,40.28,29,72
12,26,10,25.0,75.0,5.0,2.5,1.45,0.0,0.0,True,380,63.3,-1184.48,0.97,32.63,6320.97,-0.19,38.89,28,72
12,26,10,25.0,75.0,5.0,2.5,1.45,200.0,250.0,True,199,33.2,-279.47,0.984,33.17,2792.91,-0.1,47.22,34,72
12,26,10,25.0,75.0,5.0,2.5,1.45,250.0,250.0,True,216,36.0,-290.01,0.985,32.87,3142.43,-0.09,43.06,31,72
12,26,10,25.0,75.0,5.0,2.5,1.45,300.0,300.0,True,245,40.8,-337.12,0.985,32.65,3718.95,-0.09,43.06,31,72
12,26,10,25.0,75.0,5.0,2.5,,0.0,0.0,False,772,128.7,-1693.85,0.98,33.94,9582.67,-0.18,43.06,31,72
12,26,10,25.0,75.0,5.0,2.5,,200.0,250.0,False,216,36.0,-2153.27,0.895,31.94,3504.56,-0.61,44.44,32,72
12,26,10,25.0,75.0,5.0,2.5,,250.0,250.0,False,240,40.0,-2531.48,0.888,32.08,3716.0,-0.68,38.89,28,72
12,26,10,25.0,75.0,5.0,2.5,,300.0,300.0,False,298,49.7,-2523.35,0.908,32.21,3391.03,-0.74,40.28,29,72
12,26,10,30.0,70.0,3.5,1.5,1.35,0.0,0.0,True,350,58.3,-3256.78,0.866,29.14,4522.14,-0.72,36.11,26,72
12,26,10,30.0,70.0,3.5,1.5,1.35,200.0,250.0,True,242,40.3,865.16,1.064,30.99,2439.75,0.35,44.44,32,72
12,26,10,30.0,70.0,3.5,1.5,1.35,250.0,250.0,True,265,44.2,580.39,1.038,30.19,2885.26,0.2,41.67,30,72
12,26,10,30.0,70.0,3.5,1.5,1.35,300.0,300.0,True,302,50.3,495.02,1.028,30.13,3501.11,0.14,41.67,30,72
12,26,10,30.0,70.0,3.5,1.5,1.4,0.0,0.0,True,390,65.0,-3761.12,0.861,28.97,4913.85,-0.77,36.11,26,72
12,26,10,30.0,70.0,3.5,1.5,1.4,200.0,250.0,True,258,43.0,490.59,1.034,30.23,2583.0,0.19,40.28,29,72
12,26,10,30.0,70.0,3.5,1.5,1.4,250.0,250.0,True,280,46.7,-665.28,0.959,28.93,3090.75,-0.22,37.5,27,72
12,26,10,30.0,70.0,3.5,1.5,1.4,300.0,300.0,True,333,55.5,243.94,1.012,29.73,3755.19,0.06,40.28,29,72
12,26,10,30.0,70.0,3.5,1.5,1.45,0.0,0.0,True,430,71.7,-3131.74,0.895,29.07,5143.97,-0.61,38.89,28,72
12,26,10,30.0,70.0,3.5,1.5,1.45,200.0,250.0,True,265,44.2,917.01,1.062,30.57,2209.89,0.41,44.44,32,72
12,26,10,30.0,70.0,3.5,1.5,1.45,250.0,250.0,True,298,49.7,-378.07,0.978,28.86,3098.98,-0.12,40.28,29,72
12,26,10,30.0,70.0,3.5,1.5,1.45,300.0,300.0,True,344,57.3,-543.41,0.973,29.07,3678.84,-0.15,41.67,30,72
12,26,10,30.0,70.0,3.5,1.5,,0.0,0.0,False,1184,197.3,-4639.92,0.942,30.24,9688.79,-0.48,41.67,30,72
12,26,10,30.0,70.0,3.5,1.5,,200.0,250.0,False,368,61.3,-402.45,0.98,30.98,3284.29,-0.12,50.0,36,72
12,26,10,30.0,70.0,3.5,1.5,,250.0,250.0,False,426,71.0,-443.16,0.981,30.75,3325.67,-0.13,45.83,33,72
12,26,10,30.0,70.0,3.5,1.5,,300.0,300.0,False,539,89.8,-2243.08,0.926,29.31,4303.91,-0.52,43.06,31,72
12,26,10,30.0,70.0,3.5,2.0,1.35,0.0,0.0,True,337,56.2,-4950.62,0.829,34.72,6776.46,-0.73,43.06,31,72
12,26,10,30.0,70.0,3.5,2.0,1.35,200.0,250.0,True,226,37.7,328.82,1.022,38.5,2163.36,0.15,48.61,35,72
12,26,10,30.0,70.0,3.5,2.0,1.35,250.0,250.0,True,244,40.7,-664.66,0.961,36.89,2618.44,-0.25,45.83,33,72
12,26,10,30.0,70.0,3.5,2.0,1.35,300.0,300.0,True,265,44.2,-1607.76,0.914,35.85,3285.23,-0.49,45.83,33,72
12,26,10,30.0,70.0,3.5,2.0,1.4,0.0,0.0,True,372,62.0,-5206.58,0.836,34.68,6884.31,-0.76,45.83,33,72
12,26,10,30.0,70.0,3.5,2.0,1.4,200.0,250.0,True,235,39.2,-555.73,0.965,37.02,2236.17,-0.25,47.22,34,72
12,26,10,30.0,70.0,3.5,2.0,1.4,250.0,250.0,True,256,42.7,-1805.03,0.899,35.55,2828.3,-0.64,44.44,32,72
12,26,10,30.0,70.0,3.5,2.0,1.4,300.0,300.0,True,287,47.8,-2774.18,0.866,34.84,3360.73,-0.83,44.44,32,72
12,26,10,30.0,70.0,3.5,2.0,1.45,0.0,0.0,True,411,68.5,-4698.87,0.865,34.79,7303.12,-0.64,44.44,32,72
12,26,10,30.0,70.0,3.5,2.0,1.45,200.0,250.0,True,239,39.8,654.66,1.042,38.08,2131.04,0.31,51.39,37,72
12,26,10,30.0,70.0,3.5,2.0,1.45,250.0,250.0,True,272,45.3,-875.45,0.953,36.03,2821.82,-0.31,45.83,33,72
12,26,10,30.0,70.0,3.5,2.0,1.45,300.0,300.0,True,302,50.3,-1651.78,0.923,35.43,2883.3,-0.57,45.83,33,72
12,26,10,30.0,70.0,3.5,2.0,,0.0,0.0,False,1031,171.8,-5346.9,0.937,36.47,11344.41,-0.47,45.83,33,72
12,26,10,30.0,70.0,3.5,2.0,,200.0,250.0,False,357,59.5,120.37,1.005,37.54,3054.62,0.04,52.78,38,72
12,26,10,30.0,70.0,3.5,2.0,,250.0,250.0,False,392,65.3,495.46,1.019,37.24,3328.61,0.15,50.0,36,72
12,26,10,30.0,70.0,3.5,2.0,,300.0,300.0,False,469,78.2,-190.88,0.994,37.1,3239.85,-0.06,47.22,34,72
12,26,10,30.0,70.0,3.5,2.5,1.35,0.0,0.0,True,326,54.3,-1817.87,0.94,40.8,5009.96,-0.36,44.44,32,72
12,26,10,30.0,70.0,3.5,2.5,1.35,200.0,250.0,True,211,35.2,-804.16,0.951,41.71,2888.72,-0.28,47.22,34,72
12,26,10,30.0,70.0,3.5,2.5,1.35,250.0,250.0,True,222,37.0,-737.66,0.957,41.89,2756.5,-0.27,45.83,33,72
12,26,10,30.0,70.0,3.5,2.5,1.35,300.0,300.0,True,243,40.5,-650.57,0.966,41.56,3588.77,-0.18,45.83,33,72
12,26,10,30.0,70.0,3.5,2.5,1.4,0.0,0.0,True,358,59.7,-2195.82,0.934,40.78,4669.6,-0.47,45.83,33,72
12,26,10,30.0,70.0,3.5,2.5,1.4,200.0,250.0,True,224,37.3,-2706.09,0.851,39.73,3500.27,-0.77,47.22,34,72
12,26,10,30.0,70.0,3.5,2.5,1.4,250.0,250.0,True,237,39.5,-3099.45,0.84,39.66,4101.99,-0.76,45.83,33,72
12,26,10,30.0,70.0,3.5,2.5,1.4,300.0,300.0,True,261,43.5,-3014.91,0.859,39.46,4182.76,-0.72,45.83,33,72
12,26,10,30.0,70.0,3.5,2.5,1.45,0.0,0.0,True,395,65.8,-1831.74,0.95,40.76,4955.1,-0.37,44.44,32,72
12,26,10,30.0,70.0,3.5,2.5,1.45,200.0,250.0,True,231,38.5,-504.77,0.972,41.99,2380.26,-0.21,54.17,39,72
12,26,10,30.0,70.0,3.5,2.5,1.45,250.0,250.0,True,250,41.7,-1327.43,0.932,41.2,2531.53,-0.52,50.0,36,72
12,26,10,30.0,70.0,3.5,2.5,1.45,300.0,300.0,True,274,45.7,-1308.29,0.94,40.51,3619.81,-0.36,48.61,35,72
12,26,10,30.0,70.0,3.5,2.5,,0.0,0.0,False,892,148.7,-788.0,0.99,42.71,8124.62,-0.1,41.67,30,72
12,26,10,30.0,70.0,3.5,2.5,,200.0,250.0,False,296,49.3,-1085.44,0.952,42.23,2667.99,-0.41,45.83,33,72
12,26,10,30.0,70.0,3.5,2.5,,250.0,250.0,False,305,50.8,-482.07,0.979,42.62,2579.01,-0.19,44.44,32,72
12,26,10,30.0,70.0,3.5,2.5,,300.0,300.0,False,376,62.7,647.31,1.023,43.35,3293.77,0.2,47.22,34,72
12,26,10,30.0,70.0,4.0,1.5,1.35,0.0,0.0,True,345,57.5,-1726.96,0.93,27.54,3044.32,-0.57,38.89,28,72
12,26,10,30.0,70.0,4.0,1.5,1.35,200.0,250.0,True,226,37.7,1234.18,1.094,28.76,2266.97,0.54,45.83,33,72
12,26,10,30.0,70.0,4.0,1.5,1.35,250.0,250.0,True,245,40.8,971.88,1.068,28.16,2397.29,0.41,43.06,31,72
12,26,10,30.0,70.0,4.0,1.5,1.35,300.0,300.0,True,284,47.3,2697.06,1.16,29.58,2008.94,1.34,44.44,32,72
12,26,10,30.0,70.0,4.0,1.5,1.4,0.0,0.0,True,385,64.2,-1908.66,0.93,27.53,3066.18,-0.62,36.11,26,72
12,26,10,30.0,70.0,4.0,1.5,1.4,200.0,250.0,True,245,40.8,678.7,1.047,27.76,2654.44,0.26,40.28,29,72
12,26,10,30.0,70.0,4.0,1.5,1.4,250.0,250.0,True,266,44.3,1133.46,1.073,28.2,2516.1,0.45,37.5,27,72
12,26,10,30.0,70.0,4.0,1.5,1.4,300.0,300.0,True,306,51.0,2340.19,1.128,29.08,2623.76,0.89,40.28,29,72
12,26,10,30.0,70.0,4.0,1.5,1.45,0.0,0.0,True,422,70.3,-785.32,0.974,27.73,3135.28,-0.25,38.89,28,72
12,26,10,30.0,70.0,4.0,1.5,1.45,200.0,250.0,True,247,41.2,1170.14,1.081,27.94,2629.2,0.45,43.06,31,72
12,26,10,30.0,70.0,4.0,1.5,1.45,250.0,250.0,True,267,44.5,1812.46,1.117,28.84,2421.69,0.75,41.67,30,72
12,26,10,30.0,70.0,4.0,1.5,1.45,300.0,300.0,True,315,52.5,1664.11,1.089,28.25,3056.47,0.54,41.67,30,72
12,26,10,30.0,70.0,4.0,1.5,,0.0,0.0,False,1148,191.3,-2971.28,0.963,27.87,8810.93,-0.34,38.89,28,72
12,26,10,30.0,70.0,4.0,1.5,,200.0,250.0,False,389,64.8,112.82,1.005,28.53,2462.02,0.05,48.61,35,72
12,26,10,30.0,70.0,4.0,1.5,,250.0,250.0,False,416,69.3,229.39,1.01,28.85,2063.92,0.11,47.22,34,72
12,26,10,30.0,70.0,4.0,1.5,,300.0,300.0,False,481,80.2,-1357.91,0.951,27.03,3749.74,-0.36,43.06,31,72
12,26,10,30.0,70.0,4.0,2.0,1.35,0.0,0.0,True,331,55.2,-3077.26,0.895,32.93,5055.54,-0.61,41.67,30,72
12,26,10,30.0,70.0,4.0,2.0,1.35,200.0,250.0,True,210,35.0,374.02,1.025,35.71,2383.08,0.16,45.83,33,72
12,26,10,30.0,70.0,4.0,2.0,1.35,250.0,250.0,True,227,37.8,1032.11,1.065,36.12,2040.52,0.51,44.44,32,72
12,26,10,30.0,70.0,4.0,2.0,1.35,300.0,300.0,True,245,40.8,1483.13,1.086,36.33,1997.76,0.74,45.83,33,72
12,26,10,30.0,70.0,4.0,2.0,1.4,0.0,0.0,True,366,61.0,-2974.68,0.907,33.06,4804.85,-0.62,44.44,32,72
12,26,10,30.0,70.0,4.0,2.0,1.4,200.0,250.0,True,222,37.0,-63.59,0.996,34.68,2571.01,-0.02,44.44,32,72
12,26,10,30.0,70.0,4.0,2.0,1.4,250.0,250.0,True,240,40.0,268.92,1.016,35.0,2437.42,0.11,43.06,31,72
12,26,10,30.0,70.0,4.0,2.0,1.4,300.0,300.0,True,267,44.5,-111.7,0.994,34.46,1636.01,-0.07,44.44,32,72
12,26,10,30.0,70.0,4.0,2.0,1.45,0.0,0.0,True,401,66.8,-1784.04,0.949,33.42,4694.29,-0.38,45.83,33,72
12,26,10,30.0,70.0,4.0,2.0,1.45,200.0,250.0,True,220,36.7,904.01,1.059,35.0,2699.84,0.33,48.61,35,72
12,26,10,30.0,70.0,4.0,2.0,1.45,250.0,250.0,True,239,39.8,1275.18,1.077,35.56,2500.32,0.51,47.22,34,72
12,26,10,30.0,70.0,4.0,2.0,1.45,300.0,300.0,True,278,46.3,1431.96,1.074,35.25,2177.69,0.66,48.61,35,72
12,26,10,30.0,70.0,4.0,2.0,,0.0,0.0,False,989,164.8,-4088.65,0.952,33.77,10580.59,-0.39,44.44,32,72
12,26,10,30.0,70.0,4.0,2.0,,200.0,250.0,False,324,54.0,1094.82,1.048,34.88,2918.15,0.38,51.39,37,72
12,26,10,30.0,70.0,4.0,2.0,,250.0,250.0,False,362,60.3,-1088.05,0.958,32.6,3165.57,-0.34,44.44,32,72
12,26,10,30.0,70.0,4.0,2.0,,300.0,300.0,False,416,69.3,2404.16,1.085,35.34,2340.2,1.03,48.61,35,72
12,26,10,30.0,70.0,4.0,2.5,1.35,0.0,0.0,True,318,53.0,-981.63,0.968,38.05,5054.39,-0.19,41.67,30,72
12,26,10,30.0,70.0,4.0,2.5,1.35,200.0,250.0,True,190,31.7,-914.74,0.942,40.0,2090.53,-0.44,44.44,32,72
12,26,10,30.0,70.0,4.0,2.5,1.35,250.0,250.0,True,207,34.5,-359.76,0.979,40.1,2245.44,-0.16,43.06,31,72
12,26,10,30.0,70.0,4.0,2.5,1.35,300.0,300.0,True,225,37.5,518.0,1.028,40.44,2478.64,0.21,44.44,32,72
12,26,10,30.0,70.0,4.0,2.5,1.4,0.0,0.0,True,350,58.3,-983.3,0.971,38.29,4099.54,-0.24,45.83,33,72
12,26,10,30.0,70.0,4.0,2.5,1.4,200.0,250.0,True,198,33.0,-1943.18,0.884,38.89,2767.27,-0.7,45.83,33,72
12,26,10,30.0,70.0,4.0,2.5,1.4,250.0,250.0,True,217,36.2,-1512.84,0.916,39.17,2500.88,-0.6,44.44,32,72
12,26,10,30.0,70.0,4.0,2.5,1.4,300.0,300.0,True,238,39.7,-1726.77,0.914,38.66,3079.93,-0.56,45.83,33,72
12,26,10,30.0,70.0,4.0,2.5,1.45,0.0,0.0,True,383,63.8,176.18,1.005,38.64,4019.0,0.04,47.22,34,72
12,26,10,30.0,70.0,4.0,2.5,1.45,200.0,250.0,True,195,32.5,320.48,1.02,41.03,1599.67,0.2,51.39,37,72
12,26,10,30.0,70.0,4.0,2.5,1.45,250.0,250.0,True,216,36.0,1208.43,1.071,41.67,1657.82,0.73,50.0,36,72
12,26,10,30.0,70.0,4.0,2.5,1.45,300.0,300.0,True,242,40.3,129.84,1.007,39.67,2297.01,0.06,50.0,36,72
12,26,10,30.0,70.0,4.0,2.5,,0.0,0.0,False,854,142.3,-1960.87,0.977,39.23,9137.8,-0.21,41.67,30,72
12,26,10,30.0,70.0,4.0,2.5,,200.0,250.0,False,271,45.2,-223.51,0.99,39.85,2041.15,-0.11,50.0,36,72
12,26,10,30.0,70.0,4.0,2.5,,250.0,250.0,False,301,50.2,-1222.98,0.949,38.54,2487.31,-0.49,44.44,32,72
12,26,10,30.0,70.0,4.0,2.5,,300.0,300.0,False,363,60.5,-190.61,0.993,39.12,3638.59,-0.05,47.22,34,72
12,26,10,30.0,70.0,4.5,1.5,1.35,0.0,0.0,True,342,57.0,-288.06,0.988,26.32,3010.41,-0.1,44.44,32,72
12,26,10,30.0,70.0,4.5,1.5,1.35,200.0,250.0,True,207,34.5,1761.09,1.144,27.05,1627.26,1.08,48.61,35,72
12,26,10,30.0,70.0,4.5,1.5,1.35,250.0,250.0,True,231,38.5,2684.55,1.197,27.71,1618.5,1.66,48.61,35,72
12,26,10,30.0,70.0,4.5,1.5,1.35,300.0,300.0,True,272,45.3,2405.63,1.144,27.57,1740.44,1.38,45.83,33,72
12,26,10,30.0,70.0,4.5,1.5,1.4,0.0,0.0,True,380,63.3,-245.43,0.991,26.32,3163.25,-0.08,40.28,29,72
12,26,10,30.0,70.0,4.5,1.5,1.4,200.0,250.0,True,229,38.2,322.41,1.022,25.76,2480.78,0.13,40.28,29,72
12,26,10,30.0,70.0,4.5,1.5,1.4,250.0,250.0,True,250,41.7,1701.08,1.111,26.8,2059.6,0.83,40.28,29,72
12,26,10,30.0,70.0,4.5,1.5,1.4,300.0,300.0,True,293,48.8,3002.54,1.168,27.65,2296.71,1.31,40.28,29,72
12,26,10,30.0,70.0,4.5,1.5,1.45,0.0,0.0,True,415,69.2,-132.24,0.996,26.02,3960.37,-0.03,43.06,31,72
12,26,10,30.0,70.0,4.5,1.5,1.45,200.0,250.0,True,233,38.8,1358.48,1.093,26.61,2172.13,0.63,43.06,31,72
12,26,10,30.0,70.0,4.5,1.5,1.45,250.0,250.0,True,248,41.3,2293.67,1.151,27.42,2059.15,1.11,43.06,31,72
12,26,10,30.0,70.0,4.5,1.5,1.45,300.0,300.0,True,297,49.5,1679.54,1.091,26.6,2766.88,0.61,40.28,29,72
12,26,10,30.0,70.0,4.5,1.5,,0.0,0.0,False,1089,181.5,-1676.21,0.979,25.71,9523.37,-0.18,41.67,30,72
12,26,10,30.0,70.0,4.5,1.5,,200.0,250.0,False,343,57.2,-1980.53,0.905,25.36,4054.37,-0.49,44.44,32,72
12,26,10,30.0,70.0,4.5,1.5,,250.0,250.0,False,380,63.3,-1507.57,0.934,25.79,4573.57,-0.33,41.67,30,72
12,26,10,30.0,70.0,4.5,1.5,,300.0,300.0,False,432,72.0,-2399.66,0.909,25.46,5069.43,-0.47,41.67,30,72
12,26,10,30.0,70.0,4.5,2.0,1.35,0.0,0.0,True,326,54.3,-1961.01,0.933,31.29,3963.1,-0.49,45.83,33,72
12,26,10,30.0,70.0,4.5,2.0,1.35,200.0,250.0,True,189,31.5,1121.18,1.082,34.39,1608.87,0.7,50.0,36,72
12,26,10,30.0,70.0,4.5,2.0,1.35,250.0,250.0,True,210,35.0,1888.92,1.127,34.76,1627.86,1.16,47.22,34,72
12,26,10,30.0,70.0,4.5,2.0,1.35,300.0,300.0,True,238,39.7,993.29,1.056,33.61,1353.96,0.73,48.61,35,72
12,26,10,30.0,70.0,4.5,2.0,1.4,0.0,0.0,True,360,60.0,-1824.71,0.943,31.39,3678.69,-0.5,47.22,34,72
12,26,10,30.0,70.0,4.5,2.0,1.4,200.0,250.0,True,202,33.7,-83.0,0.994,32.67,2172.67,-0.04,47.22,34,72
12,26,10,30.0,70.0,4.5,2.0,1.4,250.0,250.0,True,222,37.0,772.32,1.047,33.33,1885.88,0.41,44.44,32,72
12,26,10,30.0,70.0,4.5,2.0,1.4,300.0,300.0,True,249,41.5,1615.44,1.089,34.14,1160.93,1.39,47.22,34,72
12,26,10,30.0,70.0,4.5,2.0,1.45,0.0,0.0,True,393,65.5,-1633.9,0.954,31.3,4583.59,-0.36,48.61,35,72
12,26,10,30.0,70.0,4.5,2.0,1.45,200.0,250.0,True,199,33.2,893.75,1.061,33.17,2068.0,0.43,48.61,35,72
12,26,10,30.0,70.0,4.5,2.0,1.45,250.0,250.0,True,217,36.2,1352.78,1.085,33.64,1842.82,0.73,47.22,34,72
12,26,10,30.0,70.0,4.5,2.0,1.45,300.0,300.0,True,256,42.7,2438.53,1.133,34.38,1514.18,1.61,51.39,37,72
12,26,10,30.0,70.0,4.5,2.0,,0.0,0.0,False,934,155.7,-1793.14,0.979,31.69,9800.26,-0.18,45.83,33,72
12,26,10,30.0,70.0,4.5,2.0,,200.0,250.0,False,291,48.5,1234.02,1.059,32.65,3524.28,0.35,51.39,37,72
12,26,10,30.0,70.0,4.5,2.0,,250.0,250.0,False,318,53.0,1247.56,1.053,33.02,3900.53,0.32,48.61,35,72
12,26,10,30.0,70.0,4.5,2.0,,300.0,300.0,False,387,64.5,-756.62,0.974,31.52,4670.55,-0.16,45.83,33,72
12,26,10,30.0,70.0,4.5,2.5,1.35,0.0,0.0,True,313,52.2,-1332.89,0.958,35.14,5509.23,-0.24,45.83,33,72
12,26,10,30.0,70.0,4.5,2.5,1.35,200.0,250.0,True,174,29.0,-136.45,0.991,38.51,2078.82,-0.07,47.22,34,72
12,26,10,30.0,70.0,4.5,2.5,1.35,250.0,250.0,True,196,32.7,469.68,1.029,38.78,1783.05,0.26,45.83,33,72
12,26,10,30.0,70.0,4.5,2.5,1.35,300.0,300.0,True,215,35.8,476.92,1.026,37.67,2197.13,0.22,47.22,34,72
12,26,10,30.0,70.0,4.5,2.5,1.4,0.0,0.0,True,344,57.3,-1283.08,0.963,35.47,4836.89,-0.27,47.22,34,72
12,26,10,30.0,70.0,4.5,2.5,1.4,200.0,250.0,True,186,31.0,-2171.92,0.869,36.56,2177.67,-1.0,45.83,33,72
12,26,10,30.0,70.0,4.5,2.5,1.4,250.0,250.0,True,207,34.5,-1457.08,0.92,37.2,2112.88,-0.69,44.44,32,72
12,26,10,30.0,70.0,4.5,2.5,1.4,300.0,300.0,True,226,37.7,-1152.34,0.942,36.73,2359.57,-0.49,45.83,33,72
12,26,10,30.0,70.0,4.5,2.5,1.45,0.0,0.0,True,375,62.5,-727.4,0.981,35.73,5125.69,-0.14,50.0,36,72
12,26,10,30.0,70.0,4.5,2.5,1.45,200.0,250.0,True,183,30.5,-750.44,0.953,37.7,2523.51,-0.3,48.61,35,72
12,26,10,30.0,70.0,4.5,2.5,1.45,250.0,250.0,True,203,33.8,-18.96,0.999,38.42,2343.22,-0.01,48.61,35,72
12,26,10,30.0,70.0,4.5,2.5,1.45,300.0,300.0,True,229,38.2,-6.2,1.0,37.12,3290.27,-0.0,48.61,35,72
12,26,10,30.0,70.0,4.5,2.5,,0.0,0.0,False,794,132.3,-1535.77,0.981,36.65,8736.21,-0.18,40.28,29,72
12,26,10,30.0,70.0,4.5,2.5,,200.0,250.0,False,244,40.7,-3358.2,0.846,34.02,3653.47,-0.92,43.06,31,72
12,26,10,30.0,70.0,4.5,2.5,,250.0,250.0,False,260,43.3,-3717.09,0.84,33.85,3934.62,-0.94,40.28,29,72
12,26,10,30.0,70.0,4.5,2.5,,300.0,300.0,False,336,56.0,-4446.65,0.854,33.63,5607.82,-0.79,40.28,29,72
12,26,10,30.0,70.0,5.0,1.5,1.35,0.0,0.0,True,340,56.7,-451.36,0.982,24.12,3054.2,-0.15,47.22,34,72
12,26,10,30.0,70.0,5.0,1.5,1.35,200.0,250.0,True,206,34.3,369.88,1.028,23.3,2509.2,0.15,45.83,33,72
12,26,10,30.0,70.0,5.0,1.5,1.35,250.0,250.0,True,223,37.2,1248.79,1.09,24.66,2358.78,0.53,45.83,33,72
12,26,10,30.0,70.0,5.0,1.5,1.35,300.0,300.0,True,260,43.3,2867.93,1.179,25.77,2098.2,1.37,48.61,35,72
12,26,10,30.0,70.0,5.0,1.5,1.4,0.0,0.0,True,377,62.8,-35.95,0.999,24.4,3122.62,-0.01,43.06,31,72
12,26,10,30.0,70.0,5.0,1.5,1.4,200.0,250.0,True,225,37.5,-156.25,0.989,23.11,2355.61,-0.07,43.06,31,72
12,26,10,30.0,70.0,5.0,1.5,1.4,250.0,250.0,True,240,40.0,341.54,1.022,24.17,2139.0,0.16,41.67,30,72
12,26,10,30.0,70.0,5.0,1.5,1.4,300.0,300.0,True,281,46.8,2929.01,1.166,25.62,2265.41,1.29,45.83,33,72
12,26,10,30.0,70.0,5.0,1.5,1.45,0.0,0.0,True,409,68.2,-142.9,0.995,23.96,4307.64,-0.03,41.67,30,72
12,26,10,30.0,70.0,5.0,1.5,1.45,200.0,250.0,True,232,38.7,731.11,1.05,23.71,2549.45,0.29,43.06,31,72
12,26,10,30.0,70.0,5.0,1.5,1.45,250.0,250.0,True,246,41.0,920.95,1.058,24.39,2084.29,0.44,41.67,30,72
12,26,10,30.0,70.0,5.0,1.5,1.45,300.0,300.0,True,278,46.3,1591.68,1.09,24.82,2315.63,0.69,43.06,31,72
12,26,10,30.0,70.0,5.0,1.5,,0.0,0.0,False,1053,175.5,-1522.85,0.981,24.03,9394.96,-0.16,41.67,30,72
12,26,10,30.0,70.0,5.0,1.5,,200.0,250.0,False,290,48.3,1149.83,1.066,26.21,2090.03,0.55,52.78,38,72
12,26,10,30.0,70.0,5.0,1.5,,250.0,250.0,False,350,58.3,473.6,1.022,25.71,3268.98,0.14,44.44,32,72
12,26,10,30.0,70.0,5.0,1.5,,300.0,300.0,False,422,70.3,-1504.45,0.943,24.17,4849.98,-0.31,40.28,29,72
12,26,10,30.0,70.0,5.0,2.0,1.35,0.0,0.0,True,323,53.8,-2964.46,0.903,28.48,4760.42,-0.62,44.44,32,72
12,26,10,30.0,70.0,5.0,2.0,1.35,200.0,250.0,True,183,30.5,2924.58,1.219,33.33,1769.58,1.65,50.0,36,72
12,26,10,30.0,70.0,5.0,2.0,1.35,250.0,250.0,True,205,34.2,2966.45,1.196,33.17,1769.58,1.68,47.22,34,72
12,26,10,30.0,70.0,5.0,2.0,1.35,300.0,300.0,True,229,38.2,3015.08,1.178,32.31,1859.99,1.62,47.22,34,72
12,26,10,30.0,70.0,5.0,2.0,1.4,0.0,0.0,True,356,59.3,-2400.0,0.927,28.93,4047.85,-0.59,44.44,32,72
12,26,10,30.0,70.0,5.0,2.0,1.4,200.0,250.0,True,200,33.3,952.03,1.062,31.0,1752.41,0.54,48.61,35,72
12,26,10,30.0,70.0,5.0,2.0,1.4,250.0,250.0,True,218,36.3,1260.74,1.075,31.19,1752.41,0.72,45.83,33,72
12,26,10,30.0,70.0,5.0,2.0,1.4,300.0,300.0,True,246,41.0,1792.55,1.096,31.3,1533.14,1.17,45.83,33,72
12,26,10,30.0,70.0,5.0,2.0,1.45,0.0,0.0,True,386,64.3,-2404.59,0.933,28.76,5190.59,-0.46,45.83,33,72
12,26,10,30.0,70.0,5.0,2.0,1.45,200.0,250.0,True,201,33.5,1815.48,1.118,31.34,1959.6,0.93,50.0,36,72
12,26,10,30.0,70.0,5.0,2.0,1.45,250.0,250.0,True,219,36.5,1706.36,1.102,31.05,1959.6,0.87,47.22,34,72
12,26,10,30.0,70.0,5.0,2.0,1.45,300.0,300.0,True,252,42.0,2699.05,1.143,31.75,1839.33,1.47,48.61,35,72
12,26,10,30.0,70.0,5.0,2.0,,0.0,0.0,False,893,148.8,-1333.91,0.984,29.9,8958.14,-0.15,45.83,33,72
12,26,10,30.0,70.0,5.0,2.0,,200.0,250.0,False,261,43.5,951.42,1.048,30.27,2167.85,0.44,52.78,38,72
12,26,10,30.0,70.0,5.0,2.0,,250.0,250.0,False,301,50.2,1474.89,1.065,30.56,2402.63,0.61,48.61,35,72
12,26,10,30.0,70.0,5.0,2.0,,300.0,300.0,False,383,63.8,1410.65,1.05,30.81,3231.66,0.44,48.61,35,72
12,26,10,30.0,70.0,5.0,2.5,1.35,0.0,0.0,True,312,52.0,-1399.51,0.958,32.69,6076.03,-0.23,40.28,29,72
12,26,10,30.0,70.0,5.0,2.5,1.35,200.0,250.0,True,169,28.2,2351.92,1.163,38.46,1706.18,1.38,51.39,37,72
12,26,10,30.0,70.0,5.0,2.5,1.35,250.0,250.0,True,189,31.5,2278.07,1.141,38.1,1706.18,1.34,47.22,34,72
12,26,10,30.0,70.0,5.0,2.5,1.35,300.0,300.0,True,211,35.2,2685.57,1.148,37.44,2452.93,1.09,47.22,34,72
12,26,10,30.0,70.0,5.0,2.5,1.4,0.0,0.0,True,342,57.0,-878.06,0.976,33.33,5146.07,-0.17,44.44,32,72
12,26,10,30.0,70.0,5.0,2.5,1.4,200.0,250.0,True,181,30.2,-409.4,0.975,35.91,1762.72,-0.23,50.0,36,72
12,26,10,30.0,70.0,5.0,2.5,1.4,250.0,250.0,True,199,33.2,-148.21,0.992,36.18,1762.72,-0.08,45.83,33,72
12,26,10,30.0,70.0,5.0,2.5,1.4,300.0,300.0,True,223,37.2,3.67,1.0,35.43,2431.47,0.0,45.83,33,72
12,26,10,30.0,70.0,5.0,2.5,1.45,0.0,0.0,True,369,61.5,-305.12,0.992,33.6,5622.27,-0.05,45.83,33,72
12,26,10,30.0,70.0,5.0,2.5,1.45,200.0,250.0,True,178,29.7,321.22,1.02,35.96,2088.54,0.15,51.39,37,72
12,26,10,30.0,70.0,5.0,2.5,1.45,250.0,250.0,True,194,32.3,919.0,1.053,36.6,2088.54,0.44,48.61,35,72
12,26,10,30.0,70.0,5.0,2.5,1.45,300.0,300.0,True,222,37.0,697.75,1.035,35.59,3019.1,0.23,48.61,35,72
12,26,10,30.0,70.0,5.0,2.5,,0.0,0.0,False,750,125.0,-931.03,0.988,34.53,9154.97,-0.1,43.06,31,72
12,26,10,30.0,70.0,5.0,2.5,,200.0,250.0,False,209,34.8,-1013.9,0.948,33.49,2327.33,-0.44,47.22,34,72
12,26,10,30.0,70.0,5.0,2.5,,250.0,250.0,False,231,38.5,-2225.9,0.897,32.47,2582.24,-0.86,40.28,29,72
12,26,10,30.0,70.0,5.0,2.5,,300.0,300.0,False,298,49.7,-2668.13,0.903,32.21,3252.5,-0.82,40.28,29,72
23,50,10,20.0,80.0,3.5,1.5,1.35,0.0,0.0,True,250,41.7,1507.22,1.097,33.2,1544.2,0.98,52.78,38,72
23,50,10,20.0,80.0,3.5,1.5,1.35,200.0,250.0,True,200,33.3,952.64,1.088,33.5,1005.12,0.95,54.17,39,72
23,50,10,20.0,80.0,3.5,1.5,1.35,250.0,250.0,True,213,35.5,618.29,1.053,32.86,1126.84,0.55,52.78,38,72
23,50,10,20.0,80.0,3.5,1.5,1.35,300.0,300.0,True,222,37.0,736.08,1.059,32.88,1211.7,0.61,52.78,38,72
23,50,10,20.0,80.0,3.5,1.5,1.4,0.0,0.0,True,270,45.0,1074.86,1.064,32.22,1838.62,0.58,47.22,34,72
23,50,10,20.0,80.0,3.5,1.5,1.4,200.0,250.0,True,211,35.2,651.62,1.056,32.7,1435.6,0.45,50.0,36,72
23,50,10,20.0,80.0,3.5,1.5,1.4,250.0,250.0,True,225,37.5,239.8,1.019,32.0,1630.11,0.15,48.61,35,72
23,50,10,20.0,80.0,3.5,1.5,1.4,300.0,300.0,True,238,39.7,44.93,1.003,31.51,1779.85,0.03,47.22,34,72
23,50,10,20.0,80.0,3.5,1.5,1.45,0.0,0.0,True,290,48.3,354.29,1.019,31.72,2177.5,0.16,45.83,33,72
23,50,10,20.0,80.0,3.5,1.5,1.45,200.0,250.0,True,221,36.8,945.92,1.079,33.03,1725.18,0.55,51.39,37,72
23,50,10,20.0,80.0,3.5,1.5,1.45,250.0,250.0,True,236,39.3,400.34,1.031,32.2,1919.69,0.21,48.61,35,72
23,50,10,20.0,80.0,3.5,1.5,1.45,300.0,300.0,True,249,41.5,349.05,1.025,31.73,2069.43,0.17,47.22,34,72
23,50,10,20.0,80.0,3.5,1.5,,0.0,0.0,False,941,156.8,303.04,1.005,31.56,6270.66,0.05,48.61,35,72
23,50,10,20.0,80.0,3.5,1.5,,200.0,250.0,False,389,64.8,-129.32,0.994,31.11,4272.33,-0.03,48.61,35,72
23,50,10,20.0,80.0,3.5,1.5,,250.0,250.0,False,411,68.5,1147.31,1.052,32.12,3678.25,0.31,47.22,34,72
23,50,10,20.0,80.0,3.5,1.5,,300.0,300.0,False,491,81.8,1264.69,1.047,31.36,5180.57,0.24,47.22,34,72
23,50,10,20.0,80.0,3.5,2.0,1.35,0.0,0.0,True,242,40.3,1627.39,1.092,38.02,1823.2,0.89,47.22,34,72
23,50,10,20.0,80.0,3.5,2.0,1.35,200.0,250.0,True,186,31.0,1191.65,1.101,39.25,1096.3,1.09,48.61,35,72
23,50,10,20.0,80.0,3.5,2.0,1.35,250.0,250.0,True,196,32.7,711.45,1.056,38.27,1145.93,0.62,47.22,34,72
23,50,10,20.0,80.0,3.5,2.0,1.35,300.0,300.0,True,207,34.5,858.23,1.063,38.65,1327.73,0.65,47.22,34,72
23,50,10,20.0,80.0,3.5,2.0,1.4,0.0,0.0,True,262,43.7,1185.68,1.062,37.02,2030.42,0.58,44.44,32,72
23,50,10,20.0,80.0,3.5,2.0,1.4,200.0,250.0,True,194,32.3,1554.33,1.128,39.18,1169.82,1.33,48.61,35,72
23,50,10,20.0,80.0,3.5,2.0,1.4,250.0,250.0,True,211,35.2,213.13,1.015,36.97,1512.09,0.14,44.44,32,72
23,50,10,20.0,80.0,3.5,2.0,1.4,300.0,300.0,True,222,37.0,348.81,1.024,37.39,1511.46,0.23,44.44,32,72
23,50,10,20.0,80.0,3.5,2.0,1.45,0.0,0.0,True,282,47.0,446.31,1.021,36.88,2054.11,0.22,48.61,35,72
23,50,10,20.0,80.0,3.5,2.0,1.45,200.0,250.0,True,204,34.0,2343.4,1.19,40.2,1215.08,1.93,54.17,39,72
23,50,10,20.0,80.0,3.5,2.0,1.45,250.0,250.0,True,226,37.7,837.33,1.056,38.05,1491.5,0.56,50.0,36,72
23,50,10,20.0,80.0,3.5,2.0,1.45,300.0,300.0,True,239,39.8,723.57,1.045,38.08,1536.24,0.47,50.0,36,72
23,50,10,20.0,80.0,3.5,2.0,,0.0,0.0,False,834,139.0,2397.04,1.037,38.85,4970.04,0.48,50.0,36,72
23,50,10,20.0,80.0,3.5,2.0,,200.0,250.0,False,300,50.0,1568.35,1.081,39.0,1716.94,0.91,55.56,40,72
23,50,10,20.0,80.0,3.5,2.0,,250.0,250.0,False,340,56.7,1542.44,1.071,38.82,2013.17,0.77,52.78,38,72
23,50,10,20.0,80.0,3.5,2.0,,300.0,300.0,False,403,67.2,1812.59,1.071,39.21,2521.7,0.72,54.17,39,72
23,50,10,20.0,80.0,3.5,2.5,1.35,0.0,0.0,True,240,40.0,4380.98,1.231,45.42,1594.68,2.75,58.33,42,72
23,50,10,20.0,80.0,3.5,2.5,1.35,200.0,250.0,True,170,28.3,2408.38,1.204,47.06,1065.17,2.26,58.33,42,72
23,50,10,20.0,80.0,3.5,2.5,1.35,250.0,250.0,True,185,30.8,2340.66,1.182,46.49,1128.49,2.07,58.33,42,72
23,50,10,20.0,80.0,3.5,2.5,1.35,300.0,300.0,True,203,33.8,3295.26,1.235,47.29,1244.32,2.65,58.33,42,72
23,50,10,20.0,80.0,3.5,2.5,1.4,0.0,0.0,True,259,43.2,3747.28,1.181,44.02,1886.72,1.99,51.39,37,72
23,50,10,20.0,80.0,3.5,2.5,1.4,200.0,250.0,True,181,30.2,2182.66,1.173,45.3,1341.19,1.63,52.78,38,72
23,50,10,20.0,80.0,3.5,2.5,1.4,250.0,250.0,True,198,33.0,1595.67,1.112,44.44,1531.56,1.04,51.39,37,72
23,50,10,20.0,80.0,3.5,2.5,1.4,300.0,300.0,True,217,36.2,2670.25,1.174,45.62,1544.38,1.73,51.39,37,72
23,50,10,20.0,80.0,3.5,2.5,1.45,0.0,0.0,True,279,46.5,3512.57,1.154,43.73,2122.87,1.65,51.39,37,72
23,50,10,20.0,80.0,3.5,2.5,1.45,200.0,250.0,True,190,31.7,2791.28,1.214,45.79,1544.39,1.81,56.94,41,72
23,50,10,20.0,80.0,3.5,2.5,1.45,250.0,250.0,True,211,35.2,1651.28,1.107,44.55,1819.15,0.91,54.17,39,72
23,50,10,20.0,80.0,3.5,2.5,1.45,300.0,300.0,True,236,39.3,2274.0,1.131,45.34,1675.95,1.36,52.78,38,72
23,50,10,20.0,80.0,3.5,2.5,,0.0,0.0,False,768,128.0,692.62,1.01,43.62,6411.69,0.11,47.22,34,72
23,50,10,20.0,80.0,3.5,2.5,,200.0,250.0,False,267,44.5,1126.7,1.058,43.45,2752.01,0.41,52.78,38,72
23,50,10,20.0,80.0,3.5,2.5,,250.0,250.0,False,300,50.0,2115.27,1.098,45.0,2042.67,1.04,50.0,36,72
23,50,10,20.0,80.0,3.5,2.5,,300.0,300.0,False,342,57.0,2802.95,1.113,44.74,2663.52,1.05,50.0,36,72
23,50,10,20.0,80.0,4.0,1.5,1.35,0.0,0.0,True,248,41.3,1720.76,1.107,30.24,1674.0,1.03,54.17,39,72
23,50,10,20.0,80.0,4.0,1.5,1.35,200.0,250.0,True,197,32.8,1387.06,1.126,30.96,1293.57,1.07,54.17,39,72
23,50,10,20.0,80.0,4.0,1.5,1.35,250.0,250.0,True,205,34.2,959.48,1.083,30.24,1430.23,0.67,54.17,39,72
23,50,10,20.0,80.0,4.0,1.5,1.35,300.0,300.0,True,221,36.8,866.22,1.067,30.32,1467.27,0.59,54.17,39,72
23,50,10,20.0,80.0,4.0,1.5,1.4,0.0,0.0,True,268,44.7,1404.06,1.081,29.48,2116.2,0.66,51.39,37,72
23,50,10,20.0,80.0,4.0,1.5,1.4,200.0,250.0,True,205,34.2,1032.03,1.089,30.24,1538.92,0.67,52.78,38,72
23,50,10,20.0,80.0,4.0,1.5,1.4,250.0,250.0,True,215,35.8,772.06,1.063,29.77,1708.43,0.45,51.39,37,72
23,50,10,20.0,80.0,4.0,1.5,1.4,300.0,300.0,True,232,38.7,244.67,1.018,29.31,1904.6,0.13,51.39,37,72
23,50,10,20.0,80.0,4.0,1.5,1.45,0.0,0.0,True,286,47.7,1096.62,1.059,29.37,2457.62,0.45,48.61,35,72
23,50,10,20.0,80.0,4.0,1.5,1.45,200.0,250.0,True,214,35.7,1316.03,1.109,30.37,1759.93,0.75,54.17,39,72
23,50,10,20.0,80.0,4.0,1.5,1.45,250.0,250.0,True,225,37.5,1170.31,1.093,30.22,1909.51,0.61,52.78,38,72
23,50,10,20.0,80.0,4.0,1.5,1.45,300.0,300.0,True,239,39.8,644.95,1.047,29.71,2194.18,0.29,51.39,37,72
23,50,10,20.0,80.0,4.0,1.5,,0.0,0.0,False,910,151.7,-1756.16,0.972,28.13,8059.86,-0.22,40.28,29,72
23,50,10,20.0,80.0,4.0,1.5,,200.0,250.0,False,359,59.8,763.55,1.038,29.25,3327.07,0.23,50.0,36,72
23,50,10,20.0,80.0,4.0,1.5,,250.0,250.0,False,413,68.8,-1237.44,0.948,27.12,5129.09,-0.24,41.67,30,72
23,50,10,20.0,80.0,4.0,1.5,,300.0,300.0,False,492,82.0,-1858.46,0.935,26.83,6236.02,-0.3,41.67,30,72
23,50,10,20.0,80.0,4.0,2.0,1.35,0.0,0.0,True,238,39.7,2827.77,1.156,36.13,2087.04,1.35,48.61,35,72
23,50,10,20.0,80.0,4.0,2.0,1.35,200.0,250.0,True,176,29.3,2222.52,1.196,38.07,1013.32,2.19,50.0,36,72
23,50,10,20.0,80.0,4.0,2.0,1.35,250.0,250.0,True,187,31.2,2032.03,1.166,37.43,1079.2,1.88,50.0,36,72
23,50,10,20.0,80.0,4.0,2.0,1.35,300.0,300.0,True,203,33.8,1319.68,1.095,36.45,1354.19,0.97,48.61,35,72
23,50,10,20.0,80.0,4.0,2.0,1.4,0.0,0.0,True,257,42.8,2683.66,1.138,35.41,2087.04,1.29,43.06,31,72
23,50,10,20.0,80.0,4.0,2.0,1.4,200.0,250.0,True,186,31.0,2394.26,1.201,37.63,1349.38,1.77,48.61,35,72
23,50,10,20.0,80.0,4.0,2.0,1.4,250.0,250.0,True,196,32.7,2392.21,1.189,37.24,1349.38,1.77,47.22,34,72
23,50,10,20.0,80.0,4.0,2.0,1.4,300.0,300.0,True,217,36.2,616.36,1.041,35.02,1778.71,0.35,43.06,31,72
23,50,10,20.0,80.0,4.0,2.0,1.45,0.0,0.0,True,275,45.8,2240.46,1.106,35.27,2052.4,1.09,45.83,33,72
23,50,10,20.0,80.0,4.0,2.0,1.45,200.0,250.0,True,194,32.3,3032.26,1.249,38.14,1403.82,2.16,52.78,38,72
23,50,10,20.0,80.0,4.0,2.0,1.45,250.0,250.0,True,204,34.0,3030.21,1.235,37.75,1403.82,2.16,51.39,37,72
23,50,10,20.0,80.0,4.0,2.0,1.45,300.0,300.0,True,231,38.5,1121.41,1.069,35.5,1936.64,0.58,47.22,34,72
23,50,10,20.0,80.0,4.0,2.0,,0.0,0.0,False,793,132.2,1490.01,1.023,35.56,5699.9,0.26,50.0,36,72
23,50,10,20.0,80.0,4.0,2.0,,200.0,250.0,False,281,46.8,1633.97,1.086,35.94,1990.99,0.82,54.17,39,72
23,50,10,20.0,80.0,4.0,2.0,,250.0,250.0,False,308,51.3,2000.84,1.096,36.04,2465.04,0.81,51.39,37,72
23,50,10,20.0,80.0,4.0,2.0,,300.0,300.0,False,414,69.0,2432.49,1.088,36.71,2121.5,1.15,52.78,38,72
23,50,10,20.0,80.0,4.0,2.5,1.35,0.0,0.0,True,235,39.2,5500.48,1.281,42.98,1815.15,3.03,54.17,39,72
23,50,10,20.0,80.0,4.0,2.5,1.35,200.0,250.0,True,158,26.3,3111.87,1.275,44.94,860.9,3.61,56.94,41,72
23,50,10,20.0,80.0,4.0,2.5,1.35,250.0,250.0,True,168,28.0,2961.78,1.243,44.64,1054.29,2.81,55.56,40,72
23,50,10,20.0,80.0,4.0,2.5,1.35,300.0,300.0,True,188,31.3,3265.78,1.24,44.15,1386.27,2.36,55.56,40,72
23,50,10,20.0,80.0,4.0,2.5,1.4,0.0,0.0,True,250,41.7,5293.52,1.254,42.0,1815.15,2.92,51.39,37,72
23,50,10,20.0,80.0,4.0,2.5,1.4,200.0,250.0,True,172,28.7,2922.54,1.236,43.02,1271.95,2.3,54.17,39,72
23,50,10,20.0,80.0,4.0,2.5,1.4,250.0,250.0,True,180,30.0,2617.64,1.198,42.78,1472.67,1.78,52.78,38,72
23,50,10,20.0,80.0,4.0,2.5,1.4,300.0,300.0,True,199,33.2,2339.3,1.157,42.21,1875.78,1.25,52.78,38,72
23,50,10,20.0,80.0,4.0,2.5,1.45,0.0,0.0,True,266,44.3,6094.78,1.274,42.48,1993.05,3.06,54.17,39,72
23,50,10,20.0,80.0,4.0,2.5,1.45,200.0,250.0,True,179,29.8,3881.75,1.311,44.13,1333.0,2.91,58.33,42,72
23,50,10,20.0,80.0,4.0,2.5,1.45,250.0,250.0,True,188,31.3,3979.99,1.3,44.15,1533.72,2.59,56.94,41,72
23,50,10,20.0,80.0,4.0,2.5,1.45,300.0,300.0,True,212,35.3,3419.55,1.217,43.4,2010.47,1.7,56.94,41,72
23,50,10,20.0,80.0,4.0,2.5,,0.0,0.0,False,716,119.3,1184.83,1.018,40.36,7040.02,0.17,47.22,34,72
23,50,10,20.0,80.0,4.0,2.5,,200.0,250.0,False,234,39.0,1848.93,1.106,40.6,1956.57,0.94,54.17,39,72
23,50,10,20.0,80.0,4.0,2.5,,250.0,250.0,False,262,43.7,1466.82,1.075,40.08,2569.0,0.57,51.39,37,72
23,50,10,20.0,80.0,4.0,2.5,,300.0,300.0,False,327,54.5,2586.16,1.104,40.67,2706.59,0.96,52.78,38,72
23,50,10,20.0,80.0,4.5,1.5,1.35,0.0,0.0,True,247,41.2,1121.02,1.067,27.94,2058.85,0.54,48.61,35,72
23,50,10,20.0,80.0,4.5,1.5,1.35,200.0,250.0,True,187,31.2,1637.34,1.151,28.88,1719.66,0.95,50.0,36,72
23,50,10,20.0,80.0,4.5,1.5,1.35,250.0,250.0,True,201,33.5,1457.05,1.125,28.36,1730.48,0.84,50.0,36,72
23,50,10,20.0,80.0,4.5,1.5,1.35,300.0,300.0,True,215,35.8,715.02,1.055,27.44,1872.8,0.38,48.61,35,72
23,50,10,20.0,80.0,4.5,1.5,1.4,0.0,0.0,True,264,44.0,435.0,1.024,26.89,2609.94,0.17,48.61,35,72
23,50,10,20.0,80.0,4.5,1.5,1.4,200.0,250.0,True,196,32.7,1309.5,1.114,28.06,2139.01,0.61,51.39,37,72
23,50,10,20.0,80.0,4.5,1.5,1.4,250.0,250.0,True,213,35.5,869.54,1.069,27.23,2149.83,0.4,50.0,36,72
23,50,10,20.0,80.0,4.5,1.5,1.4,300.0,300.0,True,229,38.2,-14.84,0.999,26.2,2434.5,-0.01,48.61,35,72
23,50,10,20.0,80.0,4.5,1.5,1.45,0.0,0.0,True,282,47.0,269.83,1.014,26.95,2948.82,0.09,44.44,32,72
23,50,10,20.0,80.0,4.5,1.5,1.45,200.0,250.0,True,206,34.3,1622.36,1.135,28.16,2425.42,0.67,51.39,37,72
23,50,10,20.0,80.0,4.5,1.5,1.45,250.0,250.0,True,224,37.3,1311.32,1.1,27.68,2439.41,0.54,50.0,36,72
23,50,10,20.0,80.0,4.5,1.5,1.45,300.0,300.0,True,235,39.2,588.88,1.042,26.81,2724.08,0.22,48.61,35,72
23,50,10,20.0,80.0,4.5,1.5,,0.0,0.0,False,881,146.8,-1123.32,0.982,26.45,8242.31,-0.14,43.06,31,72
23,50,10,20.0,80.0,4.5,1.5,,200.0,250.0,False,342,57.0,411.36,1.021,26.9,3067.95,0.13,50.0,36,72
23,50,10,20.0,80.0,4.5,1.5,,250.0,250.0,False,376,62.7,-291.14,0.987,26.33,3819.34,-0.08,45.83,33,72
23,50,10,20.0,80.0,4.5,1.5,,300.0,300.0,False,466,77.7,-1003.0,0.964,25.75,5598.56,-0.18,41.67,30,72
23,50,10,20.0,80.0,4.5,2.0,1.35,0.0,0.0,True,234,39.0,2716.97,1.146,34.19,2541.46,1.07,47.22,34,72
23,50,10,20.0,80.0,4.5,2.0,1.35,200.0,250.0,True,166,27.7,2557.55,1.23,36.14,1309.11,1.95,50.0,36,72
23,50,10,20.0,80.0,4.5,2.0,1.35,250.0,250.0,True,184,30.7,2282.99,1.181,34.78,1209.65,1.89,48.61,35,72
23,50,10,20.0,80.0,4.5,2.0,1.35,300.0,300.0,True,194,32.3,1868.68,1.138,34.54,1386.06,1.35,48.61,35,72
23,50,10,20.0,80.0,4.5,2.0,1.4,0.0,0.0,True,250,41.7,2247.3,1.113,33.2,2541.46,0.88,43.06,31,72
23,50,10,20.0,80.0,4.5,2.0,1.4,200.0,250.0,True,177,29.5,2410.53,1.202,35.03,1895.01,1.27,48.61,35,72
23,50,10,20.0,80.0,4.5,2.0,1.4,250.0,250.0,True,195,32.5,2191.52,1.165,33.85,1478.41,1.48,45.83,33,72
23,50,10,20.0,80.0,4.5,2.0,1.4,300.0,300.0,True,205,34.2,1764.23,1.123,33.66,1757.08,1.0,45.83,33,72
23,50,10,20.0,80.0,4.5,2.0,1.45,0.0,0.0,True,268,44.7,1973.67,1.091,33.21,2545.66,0.78,43.06,31,72
23,50,10,20.0,80.0,4.5,2.0,1.45,200.0,250.0,True,184,30.7,3034.31,1.249,35.33,1902.13,1.6,51.39,37,72
23,50,10,20.0,80.0,4.5,2.0,1.45,250.0,250.0,True,203,33.8,2944.22,1.217,34.48,1505.55,1.96,48.61,35,72
23,50,10,20.0,80.0,4.5,2.0,1.45,300.0,300.0,True,215,35.8,2261.65,1.152,33.95,1784.22,1.27,48.61,35,72
23,50,10,20.0,80.0,4.5,2.0,,0.0,0.0,False,759,126.5,2165.7,1.033,33.47,6091.98,0.36,54.17,39,72
23,50,10,20.0,80.0,4.5,2.0,,200.0,250.0,False,269,44.8,2174.99,1.115,34.57,2432.21,0.89,54.17,39,72
23,50,10,20.0,80.0,4.5,2.0,,250.0,250.0,False,315,52.5,551.21,1.025,33.02,2786.24,0.2,47.22,34,72
23,50,10,20.0,80.0,4.5,2.0,,300.0,300.0,False,379,63.2,1816.69,1.069,34.3,2588.24,0.7,50.0,36,72
23,50,10,20.0,80.0,4.5,2.5,1.35,0.0,0.0,True,231,38.5,5562.24,1.274,40.69,1690.74,3.29,48.61,35,72
23,50,10,20.0,80.0,4.5,2.5,1.35,200.0,250.0,True,149,24.8,3074.46,1.274,42.28,1304.98,2.36,52.78,38,72
23,50,10,20.0,80.0,4.5,2.5,1.35,250.0,250.0,True,164,27.3,3084.5,1.246,41.46,1369.17,2.25,48.61,35,72
23,50,10,20.0,80.0,4.5,2.5,1.35,300.0,300.0,True,177,29.5,3269.65,1.243,41.24,1636.96,2.0,48.61,35,72
23,50,10,20.0,80.0,4.5,2.5,1.4,0.0,0.0,True,243,40.5,5025.64,1.233,39.51,2046.77,2.46,47.22,34,72
23,50,10,20.0,80.0,4.5,2.5,1.4,200.0,250.0,True,157,26.2,2619.22,1.218,40.13,1989.46,1.32,51.39,37,72
23,50,10,20.0,80.0,4.5,2.5,1.4,250.0,250.0,True,171,28.5,2812.28,1.214,39.77,1584.93,1.77,47.22,34,72
23,50,10,20.0,80.0,4.5,2.5,1.4,300.0,300.0,True,186,31.0,2965.17,1.207,39.78,2230.87,1.33,48.61,35,72
23,50,10,20.0,80.0,4.5,2.5,1.45,0.0,0.0,True,259,43.2,6101.58,1.266,40.15,1989.18,3.07,51.39,37,72
23,50,10,20.0,80.0,4.5,2.5,1.45,200.0,250.0,True,164,27.3,3442.17,1.281,40.85,1972.13,1.75,56.94,41,72
23,50,10,20.0,80.0,4.5,2.5,1.45,250.0,250.0,True,179,29.8,3764.15,1.282,40.78,1730.27,2.18,52.78,38,72
23,50,10,20.0,80.0,4.5,2.5,1.45,300.0,300.0,True,196,32.7,4544.38,1.313,41.33,2173.28,2.09,54.17,39,72
23,50,10,20.0,80.0,4.5,2.5,,0.0,0.0,False,683,113.8,1066.07,1.016,37.92,7372.09,0.14,47.22,34,72
23,50,10,20.0,80.0,4.5,2.5,,200.0,250.0,False,230,38.3,970.97,1.052,37.39,1929.96,0.5,51.39,37,72
23,50,10,20.0,80.0,4.5,2.5,,250.0,250.0,False,258,43.0,-139.82,0.993,36.43,2693.47,-0.05,45.83,33,72
23,50,10,20.0,80.0,4.5,2.5,,300.0,300.0,False,299,49.8,1441.69,1.059,37.12,3173.69,0.45,50.0,36,72
23,50,10,20.0,80.0,5.0,1.5,1.35,0.0,0.0,True,247,41.2,1619.17,1.095,26.72,2058.85,0.79,50.0,36,72
23,50,10,20.0,80.0,5.0,1.5,1.35,200.0,250.0,True,183,30.5,2867.96,1.269,28.42,1352.49,2.12,48.61,35,72
23,50,10,20.0,80.0,5.0,1.5,1.35,250.0,250.0,True,190,31.7,2961.77,1.268,28.42,1400.3,2.12,48.61,35,72
23,50,10,20.0,80.0,5.0,1.5,1.35,300.0,300.0,True,208,34.7,2250.72,1.178,27.4,1476.87,1.52,50.0,36,72
23,50,10,20.0,80.0,5.0,1.5,1.4,0.0,0.0,True,264,44.0,990.93,1.054,25.76,2247.82,0.44,48.61,35,72
23,50,10,20.0,80.0,5.0,1.5,1.4,200.0,250.0,True,192,32.0,2577.92,1.228,27.6,1771.84,1.45,50.0,36,72
23,50,10,20.0,80.0,5.0,1.5,1.4,250.0,250.0,True,199,33.2,2671.73,1.228,27.64,1819.65,1.47,50.0,36,72
23,50,10,20.0,80.0,5.0,1.5,1.4,300.0,300.0,True,221,36.8,1636.13,1.12,26.24,1961.1,0.83,48.61,35,72
23,50,10,20.0,80.0,5.0,1.5,1.45,0.0,0.0,True,282,47.0,541.87,1.027,25.18,2586.7,0.21,45.83,33,72
23,50,10,20.0,80.0,5.0,1.5,1.45,200.0,250.0,True,203,33.8,2699.07,1.227,27.09,2109.72,1.28,50.0,36,72
23,50,10,20.0,80.0,5.0,1.5,1.45,250.0,250.0,True,211,35.2,2735.25,1.221,27.01,2109.23,1.3,50.0,36,72
23,50,10,20.0,80.0,5.0,1.5,1.45,300.0,300.0,True,228,38.0,1810.81,1.132,25.88,2250.68,0.8,48.61,35,72
23,50,10,20.0,80.0,5.0,1.5,,0.0,0.0,False,860,143.3,639.36,1.01,25.0,7590.43,0.08,44.44,32,72
23,50,10,20.0,80.0,5.0,1.5,,200.0,250.0,False,301,50.2,1423.64,1.08,25.58,2293.74,0.62,51.39,37,72
23,50,10,20.0,80.0,5.0,1.5,,250.0,250.0,False,360,60.0,1269.15,1.059,25.56,3195.67,0.4,47.22,34,72
23,50,10,20.0,80.0,5.0,1.5,,300.0,300.0,False,426,71.0,450.62,1.017,25.12,4336.08,0.1,47.22,34,72
23,50,10,20.0,80.0,5.0,2.0,1.35,0.0,0.0,True,234,39.0,3324.37,1.173,32.48,2293.81,1.45,54.17,39,72
23,50,10,20.0,80.0,5.0,2.0,1.35,200.0,250.0,True,163,27.2,3384.27,1.303,34.97,1129.31,3.0,54.17,39,72
23,50,10,20.0,80.0,5.0,2.0,1.35,250.0,250.0,True,177,29.5,2724.16,1.22,33.33,1129.31,2.41,52.78,38,72
23,50,10,20.0,80.0,5.0,2.0,1.35,300.0,300.0,True,190,31.7,2339.18,1.171,32.63,1129.31,2.07,54.17,39,72
23,50,10,20.0,80.0,5.0,2.0,1.4,0.0,0.0,True,250,41.7,2947.38,1.144,31.6,2293.81,1.28,48.61,35,72
23,50,10,20.0,80.0,5.0,2.0,1.4,200.0,250.0,True,170,28.3,3789.89,1.33,34.71,1326.38,2.86,54.17,39,72
23,50,10,20.0,80.0,5.0,2.0,1.4,250.0,250.0,True,187,31.2,2739.12,1.21,32.62,1468.67,1.87,50.0,36,72
23,50,10,20.0,80.0,5.0,2.0,1.4,300.0,300.0,True,201,33.5,2336.55,1.162,31.84,1373.38,1.7,50.0,36,72
23,50,10,20.0,80.0,5.0,2.0,1.45,0.0,0.0,True,268,44.7,2384.37,1.107,30.97,2254.08,1.06,44.44,32,72
23,50,10,20.0,80.0,5.0,2.0,1.45,200.0,250.0,True,178,29.7,4200.43,1.353,34.27,1626.06,2.58,52.78,38,72
23,50,10,20.0,80.0,5.0,2.0,1.45,250.0,250.0,True,196,32.7,3073.86,1.227,32.14,1784.35,1.72,48.61,35,72
23,50,10,20.0,80.0,5.0,2.0,1.45,300.0,300.0,True,212,35.3,2416.01,1.159,31.13,1550.4,1.56,48.61,35,72
23,50,10,20.0,80.0,5.0,2.0,,0.0,0.0,False,733,122.2,3143.23,1.049,31.65,5449.28,0.58,51.39,37,72
23,50,10,20.0,80.0,5.0,2.0,,200.0,250.0,False,255,42.5,1620.22,1.086,31.76,2691.56,0.6,55.56,40,72
23,50,10,20.0,80.0,5.0,2.0,,250.0,250.0,False,292,48.7,1843.91,1.086,31.85,3039.1,0.61,52.78,38,72
23,50,10,20.0,80.0,5.0,2.0,,300.0,300.0,False,368,61.3,1367.3,1.051,31.79,2433.1,0.56,51.39,37,72
23,50,10,20.0,80.0,5.0,2.5,1.35,0.0,0.0,True,229,38.2,3457.18,1.16,37.99,2303.43,1.5,47.22,34,72
23,50,10,20.0,80.0,5.0,2.5,1.35,200.0,250.0,True,149,24.8,2769.91,1.233,38.93,1049.72,2.64,50.0,36,72
23,50,10,20.0,80.0,5.0,2.5,1.35,250.0,250.0,True,161,26.8,1922.88,1.145,37.27,1263.22,1.52,47.22,34,72
23,50,10,20.0,80.0,5.0,2.5,1.35,300.0,300.0,True,175,29.2,2871.62,1.203,38.29,1399.07,2.05,47.22,34,72
23,50,10,20.0,80.0,5.0,2.5,1.4,0.0,0.0,True,241,40.2,3262.95,1.143,37.34,2303.43,1.42,43.06,31,72
23,50,10,20.0,80.0,5.0,2.5,1.4,200.0,250.0,True,152,25.3,2788.8,1.229,38.16,1140.05,2.45,48.61,35,72
23,50,10,20.0,80.0,5.0,2.5,1.4,250.0,250.0,True,166,27.7,1793.42,1.131,36.14,1863.92,0.96,44.44,32,72
23,50,10,20.0,80.0,5.0,2.5,1.4,300.0,300.0,True,179,29.8,3242.6,1.227,37.99,1475.39,2.2,44.44,32,72
23,50,10,20.0,80.0,5.0,2.5,1.45,0.0,0.0,True,256,42.7,4214.79,1.174,37.5,2076.15,2.03,45.83,33,72
23,50,10,20.0,80.0,5.0,2.5,1.45,200.0,250.0,True,155,25.8,3378.29,1.275,38.06,1228.03,2.75,52.78,38,72
23,50,10,20.0,80.0,5.0,2.5,1.45,250.0,250.0,True,173,28.8,2260.94,1.161,35.84,2221.83,1.02,48.61,35,72
23,50,10,20.0,80.0,5.0,2.5,1.45,300.0,300.0,True,187,31.2,3903.16,1.266,37.97,1384.08,2.82,48.61,35,72
23,50,10,20.0,80.0,5.0,2.5,,0.0,0.0,False,656,109.3,-705.4,0.989,35.52,6456.83,-0.11,45.83,33,72
23,50,10,20.0,80.0,5.0,2.5,,200.0,250.0,False,224,37.3,-617.09,0.969,33.93,2799.4,-0.22,48.61,35,72
23,50,10,20.0,80.0,5.0,2.5,,250.0,250.0,False,252,42.0,-973.2,0.956,33.73,3027.85,-0.32,44.44,32,72
23,50,10,20.0,80.0,5.0,2.5,,300.0,300.0,False,300,50.0,-523.19,0.98,34.0,3803.47,-0.14,47.22,34,72
23,50,10,25.0,75.0,3.5,1.5,1.35,0.0,0.0,True,266,44.3,2138.04,1.133,33.83,1544.2,1.38,51.39,37,72
23,50,10,25.0,75.0,3.5,1.5,1.35,200.0,250.0,True,208,34.7,1792.52,1.163,35.1,809.53,2.21,52.78,38,72
23,50,10,25.0,75.0,3.5,1.5,1.35,250.0,250.0,True,227,37.8,876.43,1.07,33.48,997.03,0.88,50.0,36,72
23,50,10,25.0,75.0,3.5,1.5,1.35,300.0,300.0,True,236,39.3,1745.22,1.135,33.9,1069.24,1.63,51.39,37,72
23,50,10,25.0,75.0,3.5,1.5,1.4,0.0,0.0,True,289,48.2,2423.51,1.139,33.56,2036.92,1.19,51.39,37,72
23,50,10,25.0,75.0,3.5,1.5,1.4,200.0,250.0,True,217,36.2,1956.53,1.17,35.02,1120.93,1.75,52.78,38,72
23,50,10,25.0,75.0,3.5,1.5,1.4,250.0,250.0,True,233,38.8,1562.33,1.126,33.91,1317.1,1.19,51.39,37,72
23,50,10,25.0,75.0,3.5,1.5,1.4,300.0,300.0,True,248,41.3,2336.05,1.175,33.87,1825.32,1.28,51.39,37,72
23,50,10,25.0,75.0,3.5,1.5,1.45,0.0,0.0,True,314,52.3,1344.27,1.069,32.8,2344.65,0.57,51.39,37,72
23,50,10,25.0,75.0,3.5,1.5,1.45,200.0,250.0,True,233,38.8,1662.95,1.135,34.76,1380.51,1.2,52.78,38,72
23,50,10,25.0,75.0,3.5,1.5,1.45,250.0,250.0,True,250,41.7,1181.86,1.088,33.6,1576.68,0.75,51.39,37,72
23,50,10,25.0,75.0,3.5,1.5,1.45,300.0,300.0,True,266,44.3,1961.3,1.137,33.46,1873.03,1.05,51.39,37,72
23,50,10,25.0,75.0,3.5,1.5,,0.0,0.0,False,979,163.2,1036.94,1.016,31.26,6956.98,0.15,43.06,31,72
23,50,10,25.0,75.0,3.5,1.5,,200.0,250.0,False,390,65.0,-1002.78,0.953,30.26,4181.29,-0.24,48.61,35,72
23,50,10,25.0,75.0,3.5,1.5,,250.0,250.0,False,429,71.5,135.6,1.006,31.0,3587.21,0.04,45.83,33,72
23,50,10,25.0,75.0,3.5,1.5,,300.0,300.0,False,513,85.5,-674.71,0.976,30.02,5563.1,-0.12,44.44,32,72
23,50,10,25.0,75.0,3.5,2.0,1.35,0.0,0.0,True,253,42.2,2722.05,1.152,39.53,1862.98,1.46,54.17,39,72
23,50,10,25.0,75.0,3.5,2.0,1.35,200.0,250.0,True,190,31.7,1813.42,1.152,41.05,1082.93,1.67,55.56,40,72
23,50,10,25.0,75.0,3.5,2.0,1.35,250.0,250.0,True,204,34.0,1405.38,1.109,39.71,1082.93,1.3,54.17,39,72
23,50,10,25.0,75.0,3.5,2.0,1.35,300.0,300.0,True,214,35.7,1447.95,1.104,40.19,1320.05,1.1,54.17,39,72
23,50,10,25.0,75.0,3.5,2.0,1.4,0.0,0.0,True,276,46.0,3002.72,1.154,39.13,1938.99,1.55,51.39,37,72
23,50,10,25.0,75.0,3.5,2.0,1.4,200.0,250.0,True,192,32.0,3318.16,1.293,42.71,892.51,3.72,56.94,41,72
23,50,10,25.0,75.0,3.5,2.0,1.4,250.0,250.0,True,215,35.8,2266.41,1.17,40.0,915.06,2.48,52.78,38,72
23,50,10,25.0,75.0,3.5,2.0,1.4,300.0,300.0,True,226,37.7,2208.6,1.154,40.27,1291.09,1.71,52.78,38,72
23,50,10,25.0,75.0,3.5,2.0,1.45,0.0,0.0,True,301,50.2,1832.27,1.084,38.54,1920.34,0.95,54.17,39,72
23,50,10,25.0,75.0,3.5,2.0,1.45,200.0,250.0,True,209,34.8,3254.62,1.264,42.58,892.51,3.65,59.72,43,72
23,50,10,25.0,75.0,3.5,2.0,1.45,250.0,250.0,True,235,39.2,1946.24,1.131,40.0,1010.13,1.93,55.56,40,72
23,50,10,25.0,75.0,3.5,2.0,1.45,300.0,300.0,True,247,41.2,1821.46,1.114,40.08,1144.37,1.59,55.56,40,72
23,50,10,25.0,75.0,3.5,2.0,,0.0,0.0,False,862,143.7,2617.53,1.039,38.52,4583.35,0.57,48.61,35,72
23,50,10,25.0,75.0,3.5,2.0,,200.0,250.0,False,311,51.8,1915.41,1.098,39.55,1627.74,1.18,55.56,40,72
23,50,10,25.0,75.0,3.5,2.0,,250.0,250.0,False,357,59.5,2021.52,1.091,39.22,1836.1,1.1,51.39,37,72
23,50,10,25.0,75.0,3.5,2.0,,300.0,300.0,False,422,70.3,2813.64,1.108,39.81,2222.76,1.27,54.17,39,72
23,50,10,25.0,75.0,3.5,2.5,1.35,0.0,0.0,True,251,41.8,5706.57,1.299,47.01,1790.84,3.19,61.11,44,72
23,50,10,25.0,75.0,3.5,2.5,1.35,200.0,250.0,True,167,27.8,2525.15,1.217,47.9,888.22,2.84,58.33,42,72
23,50,10,25.0,75.0,3.5,2.5,1.35,250.0,250.0,True,182,30.3,2260.33,1.178,46.7,1104.37,2.05,56.94,41,72
23,50,10,25.0,75.0,3.5,2.5,1.35,300.0,300.0,True,207,34.5,3715.32,1.262,48.31,1225.21,3.03,59.72,43,72
23,50,10,25.0,75.0,3.5,2.5,1.4,0.0,0.0,True,273,45.5,5990.52,1.288,46.52,2090.9,2.87,56.94,41,72
23,50,10,25.0,75.0,3.5,2.5,1.4,200.0,250.0,True,174,29.0,3933.31,1.342,48.85,1244.43,3.16,58.33,42,72
23,50,10,25.0,75.0,3.5,2.5,1.4,250.0,250.0,True,190,31.7,3261.44,1.252,47.37,1587.63,2.05,55.56,40,72
23,50,10,25.0,75.0,3.5,2.5,1.4,300.0,300.0,True,217,36.2,4755.24,1.327,48.85,1690.6,2.81,58.33,42,72
23,50,10,25.0,75.0,3.5,2.5,1.45,0.0,0.0,True,298,49.7,5252.36,1.225,45.64,2177.37,2.41,54.17,39,72
23,50,10,25.0,75.0,3.5,2.5,1.45,200.0,250.0,True,185,30.8,3499.28,1.283,48.11,1209.16,2.89,59.72,43,72
23,50,10,25.0,75.0,3.5,2.5,1.45,250.0,250.0,True,205,34.2,2350.55,1.161,46.34,1552.36,1.51,55.56,40,72
23,50,10,25.0,75.0,3.5,2.5,1.45,300.0,300.0,True,233,38.8,3825.18,1.237,47.64,1906.82,2.01,56.94,41,72
23,50,10,25.0,75.0,3.5,2.5,,0.0,0.0,False,790,131.7,952.64,1.014,43.42,6556.34,0.15,48.61,35,72
23,50,10,25.0,75.0,3.5,2.5,,200.0,250.0,False,285,47.5,773.39,1.038,43.51,2546.34,0.3,51.39,37,72
23,50,10,25.0,75.0,3.5,2.5,,250.0,250.0,False,307,51.2,719.37,1.032,43.65,2742.45,0.26,48.61,35,72
23,50,10,25.0,75.0,3.5,2.5,,300.0,300.0,False,350,58.3,1530.25,1.06,43.71,2653.92,0.58,50.0,36,72
23,50,10,25.0,75.0,4.0,1.5,1.35,0.0,0.0,True,264,44.0,2271.54,1.135,30.68,1674.0,1.36,51.39,37,72
23,50,10,25.0,75.0,4.0,1.5,1.35,200.0,250.0,True,207,34.5,1438.51,1.125,30.92,1181.12,1.22,51.39,37,72
23,50,10,25.0,75.0,4.0,1.5,1.35,250.0,250.0,True,214,35.7,1396.37,1.117,30.84,1087.21,1.28,51.39,37,72
23,50,10,25.0,75.0,4.0,1.5,1.35,300.0,300.0,True,232,38.7,1709.14,1.129,30.6,1320.84,1.29,51.39,37,72
23,50,10,25.0,75.0,4.0,1.5,1.4,0.0,0.0,True,286,47.7,2541.94,1.141,30.42,2260.28,1.12,54.17,39,72
23,50,10,25.0,75.0,4.0,1.5,1.4,200.0,250.0,True,212,35.3,1698.62,1.144,31.13,1532.07,1.11,52.78,38,72
23,50,10,25.0,75.0,4.0,1.5,1.4,250.0,250.0,True,223,37.2,1618.61,1.13,30.94,1455.49,1.11,52.78,38,72
23,50,10,25.0,75.0,4.0,1.5,1.4,300.0,300.0,True,237,39.5,2161.49,1.163,30.8,1887.15,1.15,54.17,39,72
23,50,10,25.0,75.0,4.0,1.5,1.45,0.0,0.0,True,311,51.8,1322.14,1.066,29.58,2811.31,0.47,47.22,34,72
23,50,10,25.0,75.0,4.0,1.5,1.45,200.0,250.0,True,227,37.8,1111.91,1.087,30.4,2032.41,0.55,47.22,34,72
23,50,10,25.0,75.0,4.0,1.5,1.45,250.0,250.0,True,241,40.2,934.28,1.069,30.29,2167.7,0.43,47.22,34,72
23,50,10,25.0,75.0,4.0,1.5,1.45,300.0,300.0,True,256,42.7,1452.04,1.1,30.08,2387.49,0.61,48.61,35,72
23,50,10,25.0,75.0,4.0,1.5,,0.0,0.0,False,950,158.3,-1479.41,0.977,27.89,8658.39,-0.17,38.89,28,72
23,50,10,25.0,75.0,4.0,1.5,,200.0,250.0,False,381,63.5,-1038.67,0.952,27.56,3946.38,-0.26,45.83,33,72
23,50,10,25.0,75.0,4.0,1.5,,250.0,250.0,False,424,70.7,-2900.37,0.881,25.94,5685.3,-0.51,38.89,28,72
23,50,10,25.0,75.0,4.0,1.5,,300.0,300.0,False,511,85.2,-3687.28,0.875,26.03,6924.67,-0.53,37.5,27,72
23,50,10,25.0,75.0,4.0,2.0,1.35,0.0,0.0,True,249,41.5,3820.7,1.208,37.35,2161.25,1.77,52.78,38,72
23,50,10,25.0,75.0,4.0,2.0,1.35,200.0,250.0,True,179,29.8,2596.92,1.228,39.11,892.51,2.91,54.17,39,72
23,50,10,25.0,75.0,4.0,2.0,1.35,250.0,250.0,True,194,32.3,1953.83,1.153,37.63,1032.15,1.89,52.78,38,72
23,50,10,25.0,75.0,4.0,2.0,1.35,300.0,300.0,True,210,35.0,1529.77,1.107,37.14,1210.18,1.26,52.78,38,72
23,50,10,25.0,75.0,4.0,2.0,1.4,0.0,0.0,True,270,45.0,4268.24,1.216,37.04,1970.62,2.17,52.78,38,72
23,50,10,25.0,75.0,4.0,2.0,1.4,200.0,250.0,True,185,30.8,3537.72,1.309,40.0,892.79,3.96,55.56,40,72
23,50,10,25.0,75.0,4.0,2.0,1.4,250.0,250.0,True,198,33.0,3353.94,1.27,38.89,892.51,3.76,55.56,40,72
23,50,10,25.0,75.0,4.0,2.0,1.4,300.0,300.0,True,221,36.8,2134.45,1.144,37.1,1563.61,1.37,52.78,38,72
23,50,10,25.0,75.0,4.0,2.0,1.45,0.0,0.0,True,295,49.2,2727.98,1.122,35.93,2376.03,1.15,52.78,38,72
23,50,10,25.0,75.0,4.0,2.0,1.45,200.0,250.0,True,202,33.7,2961.54,1.232,39.11,1378.76,2.15,55.56,40,72
23,50,10,25.0,75.0,4.0,2.0,1.45,250.0,250.0,True,215,35.8,2777.76,1.203,38.14,1303.31,2.13,55.56,40,72
23,50,10,25.0,75.0,4.0,2.0,1.45,300.0,300.0,True,242,40.3,1267.15,1.076,36.36,1969.02,0.64,52.78,38,72
23,50,10,25.0,75.0,4.0,2.0,,0.0,0.0,False,824,137.3,1515.65,1.022,35.44,5281.6,0.29,45.83,33,72
23,50,10,25.0,75.0,4.0,2.0,,200.0,250.0,False,284,47.3,1272.13,1.066,35.56,1565.81,0.81,51.39,37,72
23,50,10,25.0,75.0,4.0,2.0,,250.0,250.0,False,322,53.7,1829.66,1.085,35.71,1785.05,1.02,48.61,35,72
23,50,10,25.0,75.0,4.0,2.0,,300.0,300.0,False,429,71.5,3295.39,1.118,37.53,2197.06,1.5,51.39,37,72
23,50,10,25.0,75.0,4.0,2.5,1.35,0.0,0.0,True,246,41.0,6723.93,1.34,44.31,1933.33,3.48,55.56,40,72
23,50,10,25.0,75.0,4.0,2.5,1.35,200.0,250.0,True,158,26.3,2793.17,1.24,44.94,1188.41,2.35,58.33,42,72
23,50,10,25.0,75.0,4.0,2.5,1.35,250.0,250.0,True,171,28.5,2952.75,1.236,45.03,958.83,3.08,54.17,39,72
23,50,10,25.0,75.0,4.0,2.5,1.35,300.0,300.0,True,197,32.8,2685.96,1.184,43.65,1544.07,1.74,55.56,40,72
23,50,10,25.0,75.0,4.0,2.5,1.4,0.0,0.0,True,263,43.8,7322.02,1.347,44.11,2233.39,3.28,55.56,40,72
23,50,10,25.0,75.0,4.0,2.5,1.4,200.0,250.0,True,166,27.7,4365.33,1.381,46.39,1173.3,3.72,59.72,43,72
23,50,10,25.0,75.0,4.0,2.5,1.4,250.0,250.0,True,178,29.7,4542.04,1.367,46.07,1131.84,4.01,55.56,40,72
23,50,10,25.0,75.0,4.0,2.5,1.4,300.0,300.0,True,202,33.7,3854.27,1.263,44.55,2009.46,1.92,56.94,41,72
23,50,10,25.0,75.0,4.0,2.5,1.45,0.0,0.0,True,285,47.5,7022.5,1.301,43.51,2388.6,2.94,56.94,41,72
23,50,10,25.0,75.0,4.0,2.5,1.45,200.0,250.0,True,176,29.3,4212.82,1.346,46.02,1276.07,3.3,61.11,44,72
23,50,10,25.0,75.0,4.0,2.5,1.45,250.0,250.0,True,188,31.3,4389.53,1.335,45.74,1234.61,3.56,58.33,42,72
23,50,10,25.0,75.0,4.0,2.5,1.45,300.0,300.0,True,216,36.0,3281.7,1.205,43.98,2107.44,1.56,59.72,43,72
23,50,10,25.0,75.0,4.0,2.5,,0.0,0.0,False,739,123.2,1880.35,1.027,40.6,6795.56,0.28,45.83,33,72
23,50,10,25.0,75.0,4.0,2.5,,200.0,250.0,False,252,42.0,1535.89,1.082,40.48,2187.07,0.7,52.78,38,72
23,50,10,25.0,75.0,4.0,2.5,,250.0,250.0,False,274,45.7,879.68,1.043,39.78,2818.7,0.31,48.61,35,72
23,50,10,25.0,75.0,4.0,2.5,,300.0,300.0,False,325,54.2,2015.36,1.082,40.31,3219.56,0.63,50.0,36,72
23,50,10,25.0,75.0,4.5,1.5,1.35,0.0,0.0,True,263,43.8,1639.59,1.094,28.14,2303.37,0.71,50.0,36,72
23,50,10,25.0,75.0,4.5,1.5,1.35,200.0,250.0,True,196,32.7,2425.26,1.218,30.1,1030.53,2.35,51.39,37,72
23,50,10,25.0,75.0,4.5,1.5,1.35,250.0,250.0,True,209,34.8,2012.17,1.168,29.19,1404.58,1.43,51.39,37,72
23,50,10,25.0,75.0,4.5,1.5,1.35,300.0,300.0,True,222,37.0,2237.59,1.175,28.38,1619.96,1.38,51.39,37,72
23,50,10,25.0,75.0,4.5,1.5,1.4,0.0,0.0,True,282,47.0,1703.26,1.091,27.66,2772.85,0.61,50.0,36,72
23,50,10,25.0,75.0,4.5,1.5,1.4,200.0,250.0,True,204,34.0,2606.64,1.225,29.9,1381.48,1.89,54.17,39,72
23,50,10,25.0,75.0,4.5,1.5,1.4,250.0,250.0,True,221,36.8,1826.39,1.143,28.51,1860.57,0.98,51.39,37,72
23,50,10,25.0,75.0,4.5,1.5,1.4,300.0,300.0,True,234,39.0,2028.61,1.149,27.78,2153.42,0.94,51.39,37,72
23,50,10,25.0,75.0,4.5,1.5,1.45,0.0,0.0,True,307,51.2,583.64,1.028,27.04,3341.51,0.17,45.83,33,72
23,50,10,25.0,75.0,4.5,1.5,1.45,200.0,250.0,True,220,36.7,2006.7,1.159,29.09,1890.94,1.06,51.39,37,72
23,50,10,25.0,75.0,4.5,1.5,1.45,250.0,250.0,True,238,39.7,1355.37,1.098,28.15,2401.04,0.56,48.61,35,72
23,50,10,25.0,75.0,4.5,1.5,1.45,300.0,300.0,True,254,42.3,1256.05,1.084,27.17,2905.76,0.43,48.61,35,72
23,50,10,25.0,75.0,4.5,1.5,,0.0,0.0,False,913,152.2,-2539.98,0.961,25.63,9614.65,-0.26,36.11,26,72
23,50,10,25.0,75.0,4.5,1.5,,200.0,250.0,False,349,58.2,-766.34,0.963,26.07,3411.27,-0.22,47.22,34,72
23,50,10,25.0,75.0,4.5,1.5,,250.0,250.0,False,400,66.7,-2180.33,0.908,25.0,4528.96,-0.48,40.28,29,72
23,50,10,25.0,75.0,4.5,1.5,,300.0,300.0,False,489,81.5,-3605.07,0.879,24.13,6314.83,-0.57,36.11,26,72
23,50,10,25.0,75.0,4.5,2.0,1.35,0.0,0.0,True,246,41.0,3710.55,1.195,34.96,2809.17,1.32,50.0,36,72
23,50,10,25.0,75.0,4.5,2.0,1.35,200.0,250.0,True,171,28.5,3562.09,1.321,38.01,892.51,3.99,52.78,38,72
23,50,10,25.0,75.0,4.5,2.0,1.35,250.0,250.0,True,187,31.2,3496.82,1.283,36.9,892.51,3.92,52.78,38,72
23,50,10,25.0,75.0,4.5,2.0,1.35,300.0,300.0,True,203,33.8,1924.2,1.135,34.98,1169.63,1.65,51.39,37,72
23,50,10,25.0,75.0,4.5,2.0,1.4,0.0,0.0,True,264,44.0,4020.7,1.198,34.47,2300.98,1.75,47.22,34,72
23,50,10,25.0,75.0,4.5,2.0,1.4,200.0,250.0,True,179,29.8,4090.73,1.355,37.99,892.51,4.58,52.78,38,72
23,50,10,25.0,75.0,4.5,2.0,1.4,250.0,250.0,True,197,32.8,3881.26,1.301,36.55,892.51,4.35,50.0,36,72
23,50,10,25.0,75.0,4.5,2.0,1.4,300.0,300.0,True,210,35.0,2907.76,1.204,35.24,1156.18,2.51,50.0,36,72
23,50,10,25.0,75.0,4.5,2.0,1.45,0.0,0.0,True,289,48.2,2607.92,1.114,33.56,3014.39,0.87,47.22,34,72
23,50,10,25.0,75.0,4.5,2.0,1.45,200.0,250.0,True,194,32.3,3658.85,1.29,37.11,924.22,3.96,52.78,38,72
23,50,10,25.0,75.0,4.5,2.0,1.45,250.0,250.0,True,214,35.7,3394.25,1.239,35.98,1359.18,2.5,50.0,36,72
23,50,10,25.0,75.0,4.5,2.0,1.45,300.0,300.0,True,229,38.2,2163.89,1.137,34.5,1637.85,1.32,50.0,36,72
23,50,10,25.0,75.0,4.5,2.0,,0.0,0.0,False,783,130.5,1748.7,1.026,33.08,5471.32,0.32,52.78,38,72
23,50,10,25.0,75.0,4.5,2.0,,200.0,250.0,False,284,47.3,747.48,1.037,32.75,2439.06,0.31,50.0,36,72
23,50,10,25.0,75.0,4.5,2.0,,250.0,250.0,False,323,53.8,-419.27,0.982,31.89,2843.64,-0.15,44.44,32,72
23,50,10,25.0,75.0,4.5,2.0,,300.0,300.0,False,392,65.3,2454.54,1.091,34.69,2479.89,0.99,50.0,36,72
23,50,10,25.0,75.0,4.5,2.5,1.35,0.0,0.0,True,243,40.5,6786.34,1.328,41.56,1929.92,3.52,51.39,37,72
23,50,10,25.0,75.0,4.5,2.5,1.35,200.0,250.0,True,150,25.0,4060.54,1.371,44.0,1055.04,3.85,56.94,41,72
23,50,10,25.0,75.0,4.5,2.5,1.35,250.0,250.0,True,166,27.7,3536.34,1.276,42.77,1338.46,2.64,52.78,38,72
23,50,10,25.0,75.0,4.5,2.5,1.35,300.0,300.0,True,190,31.7,3091.07,1.21,41.05,1523.0,2.03,50.0,36,72
23,50,10,25.0,75.0,4.5,2.5,1.4,0.0,0.0,True,257,42.8,7286.67,1.334,41.25,2323.11,3.14,51.39,37,72
23,50,10,25.0,75.0,4.5,2.5,1.4,200.0,250.0,True,158,26.3,4518.36,1.396,43.67,1405.09,3.22,55.56,40,72
23,50,10,25.0,75.0,4.5,2.5,1.4,250.0,250.0,True,170,28.3,4902.91,1.397,43.53,1460.26,3.36,52.78,38,72
23,50,10,25.0,75.0,4.5,2.5,1.4,300.0,300.0,True,195,32.5,4974.35,1.348,42.05,1916.19,2.6,51.39,37,72
23,50,10,25.0,75.0,4.5,2.5,1.45,0.0,0.0,True,279,46.5,7226.92,1.301,40.86,2361.12,3.06,54.17,39,72
23,50,10,25.0,75.0,4.5,2.5,1.45,200.0,250.0,True,167,27.8,3836.53,1.313,42.51,1389.04,2.76,58.33,42,72
23,50,10,25.0,75.0,4.5,2.5,1.45,250.0,250.0,True,181,30.2,4681.63,1.355,43.09,1507.1,3.11,55.56,40,72
23,50,10,25.0,75.0,4.5,2.5,1.45,300.0,300.0,True,207,34.5,4532.17,1.296,41.55,2214.6,2.05,55.56,40,72
23,50,10,25.0,75.0,4.5,2.5,,0.0,0.0,False,699,116.5,1226.37,1.018,37.91,6597.12,0.19,52.78,38,72
23,50,10,25.0,75.0,4.5,2.5,,200.0,250.0,False,242,40.3,975.38,1.05,37.6,2639.34,0.37,51.39,37,72
23,50,10,25.0,75.0,4.5,2.5,,250.0,250.0,False,270,45.0,-406.01,0.982,36.3,2639.34,-0.15,44.44,32,72
23,50,10,25.0,75.0,4.5,2.5,,300.0,300.0,False,309,51.5,1056.42,1.042,36.89,3271.31,0.32,47.22,34,72
23,50,10,25.0,75.0,5.0,1.5,1.35,0.0,0.0,True,262,43.7,2096.01,1.118,26.72,2107.81,0.99,52.78,38,72
23,50,10,25.0,75.0,5.0,1.5,1.35,200.0,250.0,True,192,32.0,3482.64,1.315,29.17,1026.13,3.39,52.78,38,72
23,50,10,25.0,75.0,5.0,1.5,1.35,250.0,250.0,True,199,33.2,3655.75,1.322,29.15,1026.13,3.56,52.78,38,72
23,50,10,25.0,75.0,5.0,1.5,1.35,300.0,300.0,True,213,35.5,3785.92,1.307,28.17,1356.79,2.79,54.17,39,72
23,50,10,25.0,75.0,5.0,1.5,1.4,0.0,0.0,True,280,46.7,2390.41,1.126,26.43,2523.14,0.95,52.78,38,72
23,50,10,25.0,75.0,5.0,1.5,1.4,200.0,250.0,True,198,33.0,3888.87,1.342,29.29,1260.74,3.08,55.56,40,72
23,50,10,25.0,75.0,5.0,1.5,1.4,250.0,250.0,True,203,33.8,4169.28,1.36,29.56,1230.32,3.39,55.56,40,72
23,50,10,25.0,75.0,5.0,1.5,1.4,300.0,300.0,True,222,37.0,3879.26,1.299,27.93,1747.9,2.22,54.17,39,72
23,50,10,25.0,75.0,5.0,1.5,1.45,0.0,0.0,True,305,50.8,944.83,1.045,25.25,3071.63,0.31,50.0,36,72
23,50,10,25.0,75.0,5.0,1.5,1.45,200.0,250.0,True,215,35.8,3055.15,1.245,27.91,1761.08,1.73,54.17,39,72
23,50,10,25.0,75.0,5.0,1.5,1.45,250.0,250.0,True,221,36.8,3277.93,1.257,28.05,1700.65,1.93,54.17,39,72
23,50,10,25.0,75.0,5.0,1.5,1.45,300.0,300.0,True,243,40.5,2686.37,1.186,26.34,2460.11,1.09,52.78,38,72
23,50,10,25.0,75.0,5.0,1.5,,0.0,0.0,False,890,148.3,-267.6,0.996,24.38,8613.98,-0.03,44.44,32,72
23,50,10,25.0,75.0,5.0,1.5,,200.0,250.0,False,311,51.8,1100.31,1.06,25.4,1711.94,0.64,51.39,37,72
23,50,10,25.0,75.0,5.0,1.5,,250.0,250.0,False,375,62.5,42.0,1.002,24.8,3118.93,0.01,45.83,33,72
23,50,10,25.0,75.0,5.0,1.5,,300.0,300.0,False,445,74.2,-989.63,0.964,24.27,4354.74,-0.23,44.44,32,72
23,50,10,25.0,75.0,5.0,2.0,1.35,0.0,0.0,True,243,40.5,4168.41,1.214,32.92,2613.61,1.59,56.94,41,72
23,50,10,25.0,75.0,5.0,2.0,1.35,200.0,250.0,True,168,28.0,4237.12,1.378,36.31,892.51,4.75,58.33,42,72
23,50,10,25.0,75.0,5.0,2.0,1.35,250.0,250.0,True,179,29.8,3877.87,1.321,35.2,892.51,4.34,56.94,41,72
23,50,10,25.0,75.0,5.0,2.0,1.35,300.0,300.0,True,191,31.8,3244.33,1.242,34.03,1016.16,3.19,58.33,42,72
23,50,10,25.0,75.0,5.0,2.0,1.4,0.0,0.0,True,261,43.5,4701.33,1.227,32.57,2048.61,2.29,54.17,39,72
23,50,10,25.0,75.0,5.0,2.0,1.4,200.0,250.0,True,175,29.2,5091.85,1.446,36.57,971.53,5.24,58.33,42,72
23,50,10,25.0,75.0,5.0,2.0,1.4,250.0,250.0,True,187,31.2,4587.07,1.369,35.29,892.51,5.14,55.56,40,72
23,50,10,25.0,75.0,5.0,2.0,1.4,300.0,300.0,True,201,33.5,3796.92,1.272,33.83,909.87,4.17,56.94,41,72
23,50,10,25.0,75.0,5.0,2.0,1.45,0.0,0.0,True,286,47.7,2957.1,1.126,31.12,2762.02,1.07,48.61,35,72
23,50,10,25.0,75.0,5.0,2.0,1.45,200.0,250.0,True,191,31.8,4460.21,1.354,35.08,1197.94,3.72,52.78,38,72
23,50,10,25.0,75.0,5.0,2.0,1.45,250.0,250.0,True,204,34.0,3879.63,1.283,33.82,910.55,4.26,50.0,36,72
23,50,10,25.0,75.0,5.0,2.0,1.45,300.0,300.0,True,220,36.7,2728.11,1.175,32.27,1232.59,2.21,51.39,37,72
23,50,10,25.0,75.0,5.0,2.0,,0.0,0.0,False,750,125.0,2580.51,1.039,31.2,5146.34,0.5,52.78,38,72
23,50,10,25.0,75.0,5.0,2.0,,200.0,250.0,False,265,44.2,982.75,1.05,30.94,2011.34,0.49,52.78,38,72
23,50,10,25.0,75.0,5.0,2.0,,250.0,250.0,False,297,49.5,343.66,1.016,30.3,2878.3,0.12,48.61,35,72
23,50,10,25.0,75.0,5.0,2.0,,300.0,300.0,False,384,64.0,1088.42,1.039,31.51,2205.17,0.49,51.39,37,72
23,50,10,25.0,75.0,5.0,2.5,1.35,0.0,0.0,True,238,39.7,4570.67,1.209,38.66,2574.48,1.78,48.61,35,72
23,50,10,25.0,75.0,5.0,2.5,1.35,200.0,250.0,True,149,24.8,3924.35,1.342,40.94,981.0,4.0,52.78,38,72
23,50,10,25.0,75.0,5.0,2.5,1.35,250.0,250.0,True,158,26.3,3521.89,1.285,39.87,961.23,3.66,50.0,36,72
23,50,10,25.0,75.0,5.0,2.5,1.35,300.0,300.0,True,181,30.2,3353.8,1.229,39.23,1108.62,3.03,48.61,35,72
23,50,10,25.0,75.0,5.0,2.5,1.4,0.0,0.0,True,252,42.0,5572.64,1.244,38.89,2076.15,2.68,48.61,35,72
23,50,10,25.0,75.0,5.0,2.5,1.4,200.0,250.0,True,152,25.3,4684.76,1.407,41.45,1213.09,3.86,52.78,38,72
23,50,10,25.0,75.0,5.0,2.5,1.4,250.0,250.0,True,162,27.0,4243.53,1.341,40.12,1234.34,3.44,51.39,37,72
23,50,10,25.0,75.0,5.0,2.5,1.4,300.0,300.0,True,181,30.2,5047.92,1.364,40.33,1345.57,3.75,50.0,36,72
23,50,10,25.0,75.0,5.0,2.5,1.45,0.0,0.0,True,273,45.5,5353.91,1.213,38.1,2100.89,2.55,52.78,38,72
23,50,10,25.0,75.0,5.0,2.5,1.45,200.0,250.0,True,159,26.5,4048.24,1.331,40.25,1328.11,3.05,55.56,40,72
23,50,10,25.0,75.0,5.0,2.5,1.45,250.0,250.0,True,174,29.0,3853.86,1.286,39.08,1349.21,2.86,54.17,39,72
23,50,10,25.0,75.0,5.0,2.5,1.45,300.0,300.0,True,192,32.0,4720.03,1.32,39.58,1708.25,2.76,52.78,38,72
23,50,10,25.0,75.0,5.0,2.5,,0.0,0.0,False,665,110.8,-344.08,0.995,35.64,6132.01,-0.06,51.39,37,72
23,50,10,25.0,75.0,5.0,2.5,,200.0,250.0,False,224,37.3,-904.64,0.954,33.93,2600.67,-0.35,50.0,36,72
23,50,10,25.0,75.0,5.0,2.5,,250.0,250.0,False,252,42.0,-904.74,0.959,34.13,2600.67,-0.35,45.83,33,72
23,50,10,25.0,75.0,5.0,2.5,,300.0,300.0,False,307,51.2,-969.15,0.963,33.88,3338.19,-0.29,48.61,35,72
23,50,10,30.0,70.0,3.5,1.5,1.35,0.0,0.0,True,259,43.2,2536.69,1.163,33.59,1354.21,1.87,52.78,38,72
23,50,10,30.0,70.0,3.5,1.5,1.35,200.0,250.0,True,200,33.3,2254.01,1.218,35.0,827.19,2.72,54.17,39,72
23,50,10,30.0,70.0,3.5,1.5,1.35,250.0,250.0,True,213,35.5,1309.47,1.114,33.33,920.27,1.42,51.39,37,72
23,50,10,30.0,70.0,3.5,1.5,1.35,300.0,300.0,True,230,38.3,1729.4,1.136,33.48,1128.83,1.53,52.78,38,72
23,50,10,30.0,70.0,3.5,1.5,1.4,0.0,0.0,True,287,47.8,3315.86,1.19,33.45,1367.61,2.42,51.39,37,72
23,50,10,30.0,70.0,3.5,1.5,1.4,200.0,250.0,True,219,36.5,1935.39,1.167,33.79,904.66,2.14,52.78,38,72
23,50,10,30.0,70.0,3.5,1.5,1.4,250.0,250.0,True,228,38.0,1590.21,1.131,32.89,911.7,1.74,51.39,37,72
23,50,10,30.0,70.0,3.5,1.5,1.4,300.0,300.0,True,247,41.2,2166.46,1.16,33.2,1375.68,1.57,51.39,37,72
23,50,10,30.0,70.0,3.5,1.5,1.45,0.0,0.0,True,312,52.0,2615.03,1.136,32.69,1831.23,1.43,52.78,38,72
23,50,10,30.0,70.0,3.5,1.5,1.45,200.0,250.0,True,234,39.0,1309.08,1.104,32.91,1193.45,1.1,54.17,39,72
23,50,10,30.0,70.0,3.5,1.5,1.45,250.0,250.0,True,243,40.5,963.9,1.074,32.1,1254.69,0.77,52.78,38,72
23,50,10,30.0,70.0,3.5,1.5,1.45,300.0,300.0,True,263,43.8,1284.24,1.088,31.94,1795.61,0.72,52.78,38,72
23,50,10,30.0,70.0,3.5,1.5,,0.0,0.0,False,980,163.3,1261.38,1.02,31.43,6890.29,0.18,44.44,32,72
23,50,10,30.0,70.0,3.5,1.5,,200.0,250.0,False,412,68.7,853.23,1.039,31.8,3127.5,0.27,51.39,37,72
23,50,10,30.0,70.0,3.5,1.5,,250.0,250.0,False,439,73.2,2295.95,1.101,32.8,3019.25,0.76,50.0,36,72
23,50,10,30.0,70.0,3.5,1.5,,300.0,300.0,False,505,84.2,1521.09,1.056,31.68,4152.39,0.37,48.61,35,72
23,50,10,30.0,70.0,3.5,2.0,1.35,0.0,0.0,True,245,40.8,3500.65,1.204,39.59,1872.64,1.87,52.78,38,72
23,50,10,30.0,70.0,3.5,2.0,1.35,200.0,250.0,True,189,31.5,1575.84,1.131,39.68,1082.93,1.46,52.78,38,72
23,50,10,30.0,70.0,3.5,2.0,1.35,250.0,250.0,True,196,32.7,1537.47,1.123,39.29,1082.93,1.42,52.78,38,72
23,50,10,30.0,70.0,3.5,2.0,1.35,300.0,300.0,True,211,35.2,1950.39,1.145,39.81,1082.93,1.8,52.78,38,72
23,50,10,30.0,70.0,3.5,2.0,1.4,0.0,0.0,True,273,45.5,4080.95,1.21,39.19,1583.33,2.58,50.0,36,72
23,50,10,30.0,70.0,3.5,2.0,1.4,200.0,250.0,True,199,33.2,2655.23,1.218,40.2,915.11,2.9,54.17,39,72
23,50,10,30.0,70.0,3.5,2.0,1.4,250.0,250.0,True,210,35.0,1838.06,1.136,39.05,1013.69,1.81,52.78,38,72
23,50,10,30.0,70.0,3.5,2.0,1.4,300.0,300.0,True,227,37.8,2050.18,1.139,39.21,1485.81,1.38,51.39,37,72
23,50,10,30.0,70.0,3.5,2.0,1.45,0.0,0.0,True,298,49.7,3062.3,1.142,38.26,1870.12,1.64,51.39,37,72
23,50,10,30.0,70.0,3.5,2.0,1.45,200.0,250.0,True,208,34.7,1579.41,1.12,38.46,1028.86,1.54,52.78,38,72
23,50,10,30.0,70.0,3.5,2.0,1.45,250.0,250.0,True,220,36.7,1027.33,1.071,37.73,1280.0,0.8,51.39,37,72
23,50,10,30.0,70.0,3.5,2.0,1.45,300.0,300.0,True,243,40.5,1064.39,1.066,37.86,1859.55,0.57,50.0,36,72
23,50,10,30.0,70.0,3.5,2.0,,0.0,0.0,False,861,143.5,3018.75,1.045,38.91,4831.58,0.62,50.0,36,72
23,50,10,30.0,70.0,3.5,2.0,,200.0,250.0,False,311,51.8,614.51,1.031,38.26,2029.67,0.3,52.78,38,72
23,50,10,30.0,70.0,3.5,2.0,,250.0,250.0,False,368,61.3,1374.19,1.059,38.86,2199.51,0.62,50.0,36,72
23,50,10,30.0,70.0,3.5,2.0,,300.0,300.0,False,415,69.2,2567.14,1.099,39.28,2291.78,1.12,54.17,39,72
23,50,10,30.0,70.0,3.5,2.5,1.35,0.0,0.0,True,244,40.7,7625.38,1.431,48.36,1597.79,4.77,62.5,45,72
23,50,10,30.0,70.0,3.5,2.5,1.35,200.0,250.0,True,177,29.5,3220.7,1.268,48.02,1120.97,2.87,61.11,44,72
23,50,10,30.0,70.0,3.5,2.5,1.35,250.0,250.0,True,188,31.3,3832.1,1.307,48.4,1120.97,3.42,61.11,44,72
23,50,10,30.0,70.0,3.5,2.5,1.35,300.0,300.0,True,209,34.8,4206.84,1.295,48.33,1316.39,3.2,62.5,45,72
23,50,10,30.0,70.0,3.5,2.5,1.4,0.0,0.0,True,270,45.0,7378.47,1.363,47.78,1774.45,4.16,56.94,41,72
23,50,10,30.0,70.0,3.5,2.5,1.4,200.0,250.0,True,176,29.3,4951.34,1.438,50.0,1105.65,4.48,61.11,44,72
23,50,10,30.0,70.0,3.5,2.5,1.4,250.0,250.0,True,187,31.2,4559.66,1.363,49.73,1105.65,4.12,59.72,43,72
23,50,10,30.0,70.0,3.5,2.5,1.4,300.0,300.0,True,216,36.0,4519.52,1.299,48.61,1740.76,2.6,59.72,43,72
23,50,10,30.0,70.0,3.5,2.5,1.45,0.0,0.0,True,294,49.0,6964.64,1.31,46.6,1749.45,3.98,54.17,39,72
23,50,10,30.0,70.0,3.5,2.5,1.45,200.0,250.0,True,181,30.2,3896.38,1.322,48.07,1326.03,2.94,56.94,41,72
23,50,10,30.0,70.0,3.5,2.5,1.45,250.0,250.0,True,193,32.2,3769.79,1.282,48.19,1326.03,2.84,55.56,40,72
23,50,10,30.0,70.0,3.5,2.5,1.45,300.0,300.0,True,230,38.3,3494.78,1.212,46.96,1715.76,2.04,55.56,40,72
23,50,10,30.0,70.0,3.5,2.5,,0.0,0.0,False,789,131.5,-705.41,0.99,42.97,7660.37,-0.09,45.83,33,72
23,50,10,30.0,70.0,3.5,2.5,,200.0,250.0,False,292,48.7,-1067.94,0.951,41.44,3591.64,-0.3,47.22,34,72
23,50,10,30.0,70.0,3.5,2.5,,250.0,250.0,False,303,50.5,-1154.34,0.949,41.25,3678.04,-0.31,45.83,33,72
23,50,10,30.0,70.0,3.5,2.5,,300.0,300.0,False,358,59.7,1145.18,1.044,43.02,2522.82,0.45,51.39,37,72
23,50,10,30.0,70.0,4.0,1.5,1.35,0.0,0.0,True,257,42.8,2645.15,1.163,30.35,1484.01,1.78,50.0,36,72
23,50,10,30.0,70.0,4.0,1.5,1.35,200.0,250.0,True,194,32.3,2524.45,1.243,31.96,943.69,2.68,51.39,37,72
23,50,10,30.0,70.0,4.0,1.5,1.35,250.0,250.0,True,201,33.5,2250.78,1.207,31.34,943.69,2.39,51.39,37,72
23,50,10,30.0,70.0,4.0,1.5,1.35,300.0,300.0,True,221,36.8,1804.08,1.141,30.32,1158.42,1.56,50.0,36,72
23,50,10,30.0,70.0,4.0,1.5,1.4,0.0,0.0,True,284,47.3,2317.4,1.126,29.93,1957.1,1.18,50.0,36,72
23,50,10,30.0,70.0,4.0,1.5,1.4,200.0,250.0,True,210,35.0,2324.9,1.202,30.95,1168.85,1.99,51.39,37,72
23,50,10,30.0,70.0,4.0,1.5,1.4,250.0,250.0,True,221,36.8,1964.34,1.161,30.32,1168.85,1.68,51.39,37,72
23,50,10,30.0,70.0,4.0,1.5,1.4,300.0,300.0,True,235,39.2,1837.37,1.137,29.79,1427.27,1.29,50.0,36,72
23,50,10,30.0,70.0,4.0,1.5,1.45,0.0,0.0,True,309,51.5,1763.34,1.087,29.45,2269.49,0.78,48.61,35,72
23,50,10,30.0,70.0,4.0,1.5,1.45,200.0,250.0,True,224,37.3,1779.19,1.143,30.36,1500.61,1.19,51.39,37,72
23,50,10,30.0,70.0,4.0,1.5,1.45,250.0,250.0,True,236,39.3,1385.24,1.105,29.66,1500.61,0.92,51.39,37,72
23,50,10,30.0,70.0,4.0,1.5,1.45,300.0,300.0,True,251,41.8,986.37,1.068,28.69,1907.38,0.52,50.0,36,72
23,50,10,30.0,70.0,4.0,1.5,,0.0,0.0,False,952,158.7,-642.31,0.99,28.15,7939.58,-0.08,40.28,29,72
23,50,10,30.0,70.0,4.0,1.5,,200.0,250.0,False,407,67.8,284.03,1.013,28.26,3624.9,0.08,48.61,35,72
23,50,10,30.0,70.0,4.0,1.5,,250.0,250.0,False,438,73.0,-363.35,0.985,27.85,4365.89,-0.08,44.44,32,72
23,50,10,30.0,70.0,4.0,1.5,,300.0,300.0,False,489,81.5,-656.42,0.976,27.81,5143.11,-0.13,45.83,33,72
23,50,10,30.0,70.0,4.0,2.0,1.35,0.0,0.0,True,243,40.5,4437.12,1.251,37.04,2170.91,2.04,52.78,38,72
23,50,10,30.0,70.0,4.0,2.0,1.35,200.0,250.0,True,177,29.5,2668.74,1.236,38.42,1080.95,2.47,52.78,38,72
23,50,10,30.0,70.0,4.0,2.0,1.35,250.0,250.0,True,192,32.0,1799.76,1.141,36.46,1178.13,1.53,51.39,37,72
23,50,10,30.0,70.0,4.0,2.0,1.35,300.0,300.0,True,202,33.7,1972.25,1.146,36.63,1097.59,1.8,51.39,37,72
23,50,10,30.0,70.0,4.0,2.0,1.4,0.0,0.0,True,269,44.8,3979.12,1.195,36.43,2054.45,1.94,51.39,37,72
23,50,10,30.0,70.0,4.0,2.0,1.4,200.0,250.0,True,189,31.5,3106.33,1.259,38.1,1013.43,3.07,52.78,38,72
23,50,10,30.0,70.0,4.0,2.0,1.4,250.0,250.0,True,204,34.0,2834.51,1.216,36.76,1056.19,2.68,52.78,38,72
23,50,10,30.0,70.0,4.0,2.0,1.4,300.0,300.0,True,218,36.3,1845.55,1.124,35.78,1733.91,1.06,50.0,36,72
23,50,10,30.0,70.0,4.0,2.0,1.45,0.0,0.0,True,294,49.0,2874.77,1.127,35.37,2254.4,1.28,51.39,37,72
23,50,10,30.0,70.0,4.0,2.0,1.45,200.0,250.0,True,202,33.7,2137.97,1.163,36.63,1308.57,1.63,54.17,39,72
23,50,10,30.0,70.0,4.0,2.0,1.45,250.0,250.0,True,216,36.0,1963.08,1.139,35.65,1308.57,1.5,54.17,39,72
23,50,10,30.0,70.0,4.0,2.0,1.45,300.0,300.0,True,233,38.8,1052.95,1.065,34.76,2052.52,0.51,51.39,37,72
23,50,10,30.0,70.0,4.0,2.0,,0.0,0.0,False,824,137.3,1992.27,1.029,35.68,5122.04,0.39,47.22,34,72
23,50,10,30.0,70.0,4.0,2.0,,200.0,250.0,False,283,47.2,1702.02,1.09,36.4,1861.92,0.91,52.78,38,72
23,50,10,30.0,70.0,4.0,2.0,,250.0,250.0,False,323,53.8,1161.51,1.054,35.29,2288.59,0.51,47.22,34,72
23,50,10,30.0,70.0,4.0,2.0,,300.0,300.0,False,418,69.7,3575.42,1.132,37.08,2266.24,1.58,50.0,36,72
23,50,10,30.0,70.0,4.0,2.5,1.35,0.0,0.0,True,241,40.2,8741.72,1.472,45.64,1852.69,4.72,56.94,41,72
23,50,10,30.0,70.0,4.0,2.5,1.35,200.0,250.0,True,167,27.8,4006.17,1.339,46.11,1238.89,3.23,58.33,42,72
23,50,10,30.0,70.0,4.0,2.5,1.35,250.0,250.0,True,181,30.2,3801.23,1.295,45.3,1189.06,3.2,56.94,41,72
23,50,10,30.0,70.0,4.0,2.5,1.35,300.0,300.0,True,196,32.7,3541.46,1.248,44.39,1441.88,2.46,58.33,42,72
23,50,10,30.0,70.0,4.0,2.5,1.4,0.0,0.0,True,265,44.2,8775.55,1.419,45.28,2212.65,3.97,54.17,39,72
23,50,10,30.0,70.0,4.0,2.5,1.4,200.0,250.0,True,166,27.7,5983.05,1.547,48.8,1178.62,5.08,59.72,43,72
23,50,10,30.0,70.0,4.0,2.5,1.4,250.0,250.0,True,181,30.2,5507.71,1.446,46.96,1301.07,4.23,58.33,42,72
23,50,10,30.0,70.0,4.0,2.5,1.4,300.0,300.0,True,199,33.2,3791.48,1.256,44.72,2306.95,1.64,56.94,41,72
23,50,10,30.0,70.0,4.0,2.5,1.45,0.0,0.0,True,287,47.8,8702.43,1.38,44.25,2275.12,3.83,54.17,39,72
23,50,10,30.0,70.0,4.0,2.5,1.45,200.0,250.0,True,176,29.3,4981.76,1.415,46.59,1427.54,3.49,59.72,43,72
23,50,10,30.0,70.0,4.0,2.5,1.45,250.0,250.0,True,190,31.7,4626.81,1.348,45.26,1549.99,2.99,58.33,42,72
23,50,10,30.0,70.0,4.0,2.5,1.45,300.0,300.0,True,211,35.2,2961.64,1.185,43.13,2369.42,1.25,56.94,41,72
23,50,10,30.0,70.0,4.0,2.5,,0.0,0.0,False,747,124.5,-96.04,0.999,40.03,7748.7,-0.01,45.83,33,72
23,50,10,30.0,70.0,4.0,2.5,,200.0,250.0,False,264,44.0,313.0,1.016,39.39,2949.96,0.11,50.0,36,72
23,50,10,30.0,70.0,4.0,2.5,,250.0,250.0,False,292,48.7,230.64,1.01,39.38,3244.61,0.07,44.44,32,72
23,50,10,30.0,70.0,4.0,2.5,,300.0,300.0,False,348,58.0,1558.59,1.059,39.66,3073.35,0.51,47.22,34,72
23,50,10,30.0,70.0,4.5,1.5,1.35,0.0,0.0,True,256,42.7,2314.83,1.138,28.12,2120.62,1.09,50.0,36,72
23,50,10,30.0,70.0,4.5,1.5,1.35,200.0,250.0,True,191,31.8,2719.17,1.256,29.32,879.03,3.09,51.39,37,72
23,50,10,30.0,70.0,4.5,1.5,1.35,250.0,250.0,True,201,33.5,2588.5,1.231,28.86,879.03,2.94,51.39,37,72
23,50,10,30.0,70.0,4.5,1.5,1.35,300.0,300.0,True,210,35.0,2515.64,1.208,28.1,1295.23,1.94,51.39,37,72
23,50,10,30.0,70.0,4.5,1.5,1.4,0.0,0.0,True,280,46.7,1821.69,1.096,27.5,2211.91,0.82,48.61,35,72
23,50,10,30.0,70.0,4.5,1.5,1.4,200.0,250.0,True,206,34.3,2622.21,1.225,28.64,1215.98,2.16,50.0,36,72
23,50,10,30.0,70.0,4.5,1.5,1.4,250.0,250.0,True,218,36.3,2317.12,1.186,27.98,1215.98,1.91,50.0,36,72
23,50,10,30.0,70.0,4.5,1.5,1.4,300.0,300.0,True,229,38.2,2395.53,1.179,27.51,1332.39,1.8,50.0,36,72
23,50,10,30.0,70.0,4.5,1.5,1.45,0.0,0.0,True,305,50.8,1414.39,1.068,27.21,2466.94,0.57,45.83,33,72
23,50,10,30.0,70.0,4.5,1.5,1.45,200.0,250.0,True,221,36.8,2063.27,1.163,28.05,1351.84,1.53,48.61,35,72
23,50,10,30.0,70.0,4.5,1.5,1.45,250.0,250.0,True,234,39.0,1724.79,1.128,27.35,1606.18,1.07,48.61,35,72
23,50,10,30.0,70.0,4.5,1.5,1.45,300.0,300.0,True,245,40.8,1767.55,1.122,26.94,1691.04,1.05,48.61,35,72
23,50,10,30.0,70.0,4.5,1.5,,0.0,0.0,False,917,152.8,-1848.17,0.972,25.85,9112.37,-0.2,38.89,28,72
23,50,10,30.0,70.0,4.5,1.5,,200.0,250.0,False,367,61.2,-536.3,0.975,25.89,3875.53,-0.14,48.61,35,72
23,50,10,30.0,70.0,4.5,1.5,,250.0,250.0,False,425,70.8,-1072.96,0.957,25.88,4602.93,-0.23,41.67,30,72
23,50,10,30.0,70.0,4.5,1.5,,300.0,300.0,False,484,80.7,-1796.44,0.939,25.41,5618.08,-0.32,41.67,30,72
23,50,10,30.0,70.0,4.5,2.0,1.35,0.0,0.0,True,239,39.8,4288.72,1.234,34.73,2566.55,1.67,50.0,36,72
23,50,10,30.0,70.0,4.5,2.0,1.35,200.0,250.0,True,165,27.5,3713.47,1.345,37.58,892.51,4.16,52.78,38,72
23,50,10,30.0,70.0,4.5,2.0,1.35,250.0,250.0,True,182,30.3,3523.3,1.292,36.26,1071.42,3.29,51.39,37,72
23,50,10,30.0,70.0,4.5,2.0,1.35,300.0,300.0,True,192,32.0,2370.5,1.178,34.38,1075.73,2.2,50.0,36,72
23,50,10,30.0,70.0,4.5,2.0,1.4,0.0,0.0,True,262,43.7,3734.67,1.179,33.97,2514.73,1.49,50.0,36,72
23,50,10,30.0,70.0,4.5,2.0,1.4,200.0,250.0,True,171,28.5,4271.11,1.384,37.43,929.77,4.59,52.78,38,72
23,50,10,30.0,70.0,4.5,2.0,1.4,250.0,250.0,True,190,31.7,4263.62,1.341,36.32,929.77,4.59,51.39,37,72
23,50,10,30.0,70.0,4.5,2.0,1.4,300.0,300.0,True,202,33.7,3755.63,1.28,35.15,1095.32,3.43,51.39,37,72
23,50,10,30.0,70.0,4.5,2.0,1.45,0.0,0.0,True,287,47.8,2777.08,1.12,33.1,2926.47,0.95,51.39,37,72
23,50,10,30.0,70.0,4.5,2.0,1.45,200.0,250.0,True,183,30.5,3623.12,1.3,36.61,1220.5,2.97,54.17,39,72
23,50,10,30.0,70.0,4.5,2.0,1.45,250.0,250.0,True,202,33.7,3412.31,1.252,35.15,1220.5,2.8,52.78,38,72
23,50,10,30.0,70.0,4.5,2.0,1.45,300.0,300.0,True,216,36.0,2679.74,1.182,33.8,1320.82,2.03,52.78,38,72
23,50,10,30.0,70.0,4.5,2.0,,0.0,0.0,False,785,130.8,2051.44,1.03,33.25,5400.11,0.38,52.78,38,72
23,50,10,30.0,70.0,4.5,2.0,,200.0,250.0,False,289,48.2,1470.47,1.072,33.56,2400.58,0.61,52.78,38,72
23,50,10,30.0,70.0,4.5,2.0,,250.0,250.0,False,328,54.7,178.24,1.008,32.62,2694.4,0.07,47.22,34,72
23,50,10,30.0,70.0,4.5,2.0,,300.0,300.0,False,393,65.5,2181.88,1.08,34.1,2360.9,0.92,51.39,37,72
23,50,10,30.0,70.0,4.5,2.5,1.35,0.0,0.0,True,237,39.5,8869.77,1.458,43.04,1463.01,6.06,55.56,40,72
23,50,10,30.0,70.0,4.5,2.5,1.35,200.0,250.0,True,155,25.8,5233.45,1.474,45.16,1062.47,4.93,58.33,42,72
23,50,10,30.0,70.0,4.5,2.5,1.35,250.0,250.0,True,173,28.8,4701.7,1.362,43.93,1246.26,3.77,54.17,39,72
23,50,10,30.0,70.0,4.5,2.5,1.35,300.0,300.0,True,184,30.7,4117.04,1.296,42.39,1337.15,3.08,54.17,39,72
23,50,10,30.0,70.0,4.5,2.5,1.4,0.0,0.0,True,258,43.0,8878.54,1.41,42.64,1972.6,4.5,55.56,40,72
23,50,10,30.0,70.0,4.5,2.5,1.4,200.0,250.0,True,160,26.7,6388.5,1.573,46.25,1277.12,5.0,59.72,43,72
23,50,10,30.0,70.0,4.5,2.5,1.4,250.0,250.0,True,174,29.0,6740.67,1.552,45.98,1189.52,5.67,56.94,41,72
23,50,10,30.0,70.0,4.5,2.5,1.4,300.0,300.0,True,190,31.7,5853.96,1.425,43.16,1427.8,4.1,56.94,41,72
23,50,10,30.0,70.0,4.5,2.5,1.45,0.0,0.0,True,280,46.7,9040.4,1.383,41.79,1997.67,4.53,54.17,39,72
23,50,10,30.0,70.0,4.5,2.5,1.45,200.0,250.0,True,170,28.3,5589.48,1.459,44.71,1439.35,3.88,59.72,43,72
23,50,10,30.0,70.0,4.5,2.5,1.45,250.0,250.0,True,184,30.7,5728.24,1.431,44.02,1439.35,3.98,56.94,41,72
23,50,10,30.0,70.0,4.5,2.5,1.45,300.0,300.0,True,201,33.5,4729.3,1.316,41.29,1677.63,2.82,56.94,41,72
23,50,10,30.0,70.0,4.5,2.5,,0.0,0.0,False,710,118.3,-181.04,0.997,37.46,7866.48,-0.02,48.61,35,72
23,50,10,30.0,70.0,4.5,2.5,,200.0,250.0,False,253,42.2,-328.08,0.984,35.97,2654.87,-0.12,48.61,35,72
23,50,10,30.0,70.0,4.5,2.5,,250.0,250.0,False,288,48.0,-1751.79,0.927,34.72,3851.89,-0.45,41.67,30,72
23,50,10,30.0,70.0,4.5,2.5,,300.0,300.0,False,340,56.7,1466.16,1.054,37.06,3142.86,0.47,45.83,33,72
23,50,10,30.0,70.0,5.0,1.5,1.35,0.0,0.0,True,254,42.3,1894.47,1.109,25.59,1925.06,0.98,50.0,36,72
23,50,10,30.0,70.0,5.0,1.5,1.35,200.0,250.0,True,186,31.0,3007.65,1.283,26.88,1298.38,2.32,50.0,36,72
23,50,10,30.0,70.0,5.0,1.5,1.35,250.0,250.0,True,192,32.0,3477.22,1.321,27.6,1298.38,2.68,50.0,36,72
23,50,10,30.0,70.0,5.0,1.5,1.35,300.0,300.0,True,205,34.2,3076.75,1.253,26.34,1451.65,2.12,51.39,37,72
23,50,10,30.0,70.0,5.0,1.5,1.4,0.0,0.0,True,277,46.2,1673.39,1.086,25.27,2660.13,0.63,48.61,35,72
23,50,10,30.0,70.0,5.0,1.5,1.4,200.0,250.0,True,201,33.5,3292.67,1.284,26.87,1548.8,2.13,50.0,36,72
23,50,10,30.0,70.0,5.0,1.5,1.4,250.0,250.0,True,206,34.3,3574.97,1.303,27.18,1548.8,2.31,50.0,36,72
23,50,10,30.0,70.0,5.0,1.5,1.4,300.0,300.0,True,221,36.8,3040.88,1.23,25.79,1878.28,1.62,50.0,36,72
23,50,10,30.0,70.0,5.0,1.5,1.45,0.0,0.0,True,302,50.3,1177.4,1.056,24.83,2895.89,0.41,45.83,33,72
23,50,10,30.0,70.0,5.0,1.5,1.45,200.0,250.0,True,218,36.3,2438.62,1.192,25.69,1885.49,1.29,48.61,35,72
23,50,10,30.0,70.0,5.0,1.5,1.45,250.0,250.0,True,223,37.2,2720.92,1.21,26.01,1885.49,1.44,48.61,35,72
23,50,10,30.0,70.0,5.0,1.5,1.45,300.0,300.0,True,237,39.5,2224.65,1.155,24.89,2318.57,0.96,48.61,35,72
23,50,10,30.0,70.0,5.0,1.5,,0.0,0.0,False,894,149.0,751.01,1.012,24.72,8072.86,0.09,51.39,37,72
23,50,10,30.0,70.0,5.0,1.5,,200.0,250.0,False,306,51.0,1530.45,1.085,25.49,1870.3,0.82,54.17,39,72
23,50,10,30.0,70.0,5.0,1.5,,250.0,250.0,False,380,63.3,442.38,1.019,25.0,3679.77,0.12,47.22,34,72
23,50,10,30.0,70.0,5.0,1.5,,300.0,300.0,False,453,75.5,-319.28,0.989,24.28,4271.67,-0.07,45.83,33,72
23,50,10,30.0,70.0,5.0,2.0,1.35,0.0,0.0,True,234,39.0,4385.75,1.234,32.05,2370.99,1.85,54.17,39,72
23,50,10,30.0,70.0,5.0,2.0,1.35,200.0,250.0,True,165,27.5,3507.62,1.311,33.94,1082.16,3.24,54.17,39,72
23,50,10,30.0,70.0,5.0,2.0,1.35,250.0,250.0,True,175,29.2,3261.94,1.271,33.14,1282.59,2.54,52.78,38,72
23,50,10,30.0,70.0,5.0,2.0,1.35,300.0,300.0,True,180,30.0,3403.43,1.272,32.78,1005.45,3.38,55.56,40,72
23,50,10,30.0,70.0,5.0,2.0,1.4,0.0,0.0,True,256,42.7,4166.66,1.197,31.64,2262.36,1.84,54.17,39,72
23,50,10,30.0,70.0,5.0,2.0,1.4,200.0,250.0,True,171,28.5,4436.67,1.385,34.5,1470.92,3.02,55.56,40,72
23,50,10,30.0,70.0,5.0,2.0,1.4,250.0,250.0,True,181,30.2,4190.99,1.341,33.7,1427.49,2.94,54.17,39,72
23,50,10,30.0,70.0,5.0,2.0,1.4,300.0,300.0,True,192,32.0,4476.9,1.341,33.33,1221.88,3.66,56.94,41,72
23,50,10,30.0,70.0,5.0,2.0,1.45,0.0,0.0,True,281,46.8,3102.27,1.132,30.6,2640.24,1.17,51.39,37,72
23,50,10,30.0,70.0,5.0,2.0,1.45,200.0,250.0,True,184,30.7,3290.02,1.259,32.61,1931.58,1.7,52.78,38,72
23,50,10,30.0,70.0,5.0,2.0,1.45,250.0,250.0,True,194,32.3,3044.34,1.226,31.96,1888.15,1.61,51.39,37,72
23,50,10,30.0,70.0,5.0,2.0,1.45,300.0,300.0,True,205,34.2,3282.14,1.229,31.71,1255.28,2.61,54.17,39,72
23,50,10,30.0,70.0,5.0,2.0,,0.0,0.0,False,749,124.8,3253.71,1.049,31.51,4601.42,0.71,50.0,36,72
23,50,10,30.0,70.0,5.0,2.0,,200.0,250.0,False,251,41.8,1741.32,1.093,31.87,1689.21,1.03,55.56,40,72
23,50,10,30.0,70.0,5.0,2.0,,250.0,250.0,False,304,50.7,2089.79,1.095,32.24,1829.78,1.14,50.0,36,72
23,50,10,30.0,70.0,5.0,2.0,,300.0,300.0,False,365,60.8,2360.18,1.091,32.33,1805.15,1.31,51.39,37,72
23,50,10,30.0,70.0,5.0,2.5,1.35,0.0,0.0,True,230,38.3,5823.79,1.28,39.13,2586.56,2.25,52.78,38,72
23,50,10,30.0,70.0,5.0,2.5,1.35,200.0,250.0,True,157,26.2,4167.77,1.343,40.13,1149.53,3.63,56.94,41,72
23,50,10,30.0,70.0,5.0,2.5,1.35,250.0,250.0,True,167,27.8,3978.4,1.306,39.52,1457.47,2.73,55.56,40,72
23,50,10,30.0,70.0,5.0,2.5,1.35,300.0,300.0,True,180,30.0,2904.9,1.196,37.78,1556.67,1.87,54.17,39,72
23,50,10,30.0,70.0,5.0,2.5,1.4,0.0,0.0,True,250,41.7,6232.06,1.271,39.2,2201.43,2.83,48.61,35,72
23,50,10,30.0,70.0,5.0,2.5,1.4,200.0,250.0,True,155,25.8,5780.6,1.498,42.58,1619.45,3.57,55.56,40,72
23,50,10,30.0,70.0,5.0,2.5,1.4,250.0,250.0,True,168,28.0,5650.46,1.446,41.67,1683.53,3.36,54.17,39,72
23,50,10,30.0,70.0,5.0,2.5,1.4,300.0,300.0,True,183,30.5,5155.82,1.365,39.89,1234.16,4.18,52.78,38,72
23,50,10,30.0,70.0,5.0,2.5,1.45,0.0,0.0,True,271,45.2,6450.17,1.259,38.38,2202.75,2.93,50.0,36,72
23,50,10,30.0,70.0,5.0,2.5,1.45,200.0,250.0,True,163,27.2,4758.48,1.377,40.49,2054.54,2.32,55.56,40,72
23,50,10,30.0,70.0,5.0,2.5,1.45,250.0,250.0,True,179,29.8,4602.83,1.331,39.66,2144.13,2.15,54.17,39,72
23,50,10,30.0,70.0,5.0,2.5,1.45,300.0,300.0,True,193,32.2,4258.79,1.28,38.34,1819.7,2.34,52.78,38,72
23,50,10,30.0,70.0,5.0,2.5,,0.0,0.0,False,671,111.8,-1586.93,0.977,35.17,6853.81,-0.23,45.83,33,72
23,50,10,30.0,70.0,5.0,2.5,,200.0,250.0,False,235,39.2,-472.63,0.977,34.47,2616.2,-0.18,48.61,35,72
23,50,10,30.0,70.0,5.0,2.5,,250.0,250.0,False,259,43.2,-662.4,0.971,34.36,2616.2,-0.25,45.83,33,72
23,50,10,30.0,70.0,5.0,2.5,,300.0,300.0,False,311,51.8,-903.39,0.966,33.76,3620.77,-0.25,47.22,34,72
10,30,8,20.0,80.0,3.5,1.5,1.35,0.0,0.0,True,361,60.2,-3982.5,0.843,29.09,6548.68,-0.61,37.5,27,72
10,30,8,20.0,80.0,3.5,1.5,1.35,200.0,250.0,True,279,46.5,-2660.29,0.841,28.67,4075.45,-0.65,40.28,29,72
10,30,8,20.0,80.0,3.5,1.5,1.35,250.0,250.0,True,289,48.2,-2124.37,0.877,29.41,3959.05,-0.54,38.89,28,72
10,30,8,20.0,80.0,3.5,1.5,1.35,300.0,300.0,True,308,51.3,-905.55,0.951,30.19,3195.58,-0.28,41.67,30,72
10,30,8,20.0,80.0,3.5,1.5,1.4,0.0,0.0,True,413,68.8,-4537.1,0.842,28.81,6927.49,-0.65,40.28,29,72
10,30,8,20.0,80.0,3.5,1.5,1.4,200.0,250.0,True,291,48.5,-2360.38,0.863,28.52,3445.01,-0.69,40.28,29,72
10,30,8,20.0,80.0,3.5,1.5,1.4,250.0,250.0,True,306,51.0,-2490.42,0.865,28.76,4004.81,-0.62,37.5,27,72
10,30,8,20.0,80.0,3.5,1.5,1.4,300.0,300.0,True,336,56.0,-772.39,0.961,30.06,2882.47,-0.27,41.67,30,72
10,30,8,20.0,80.0,3.5,1.5,1.45,0.0,0.0,True,450,75.0,-6192.97,0.803,28.0,8206.62,-0.75,41.67,30,72
10,30,8,20.0,80.0,3.5,1.5,1.45,200.0,250.0,True,299,49.8,-2123.16,0.877,28.76,2876.99,-0.74,41.67,30,72
10,30,8,20.0,80.0,3.5,1.5,1.45,250.0,250.0,True,319,53.2,-2559.41,0.865,28.53,3643.71,-0.7,38.89,28,72
10,30,8,20.0,80.0,3.5,1.5,1.45,300.0,300.0,True,353,58.8,-1927.23,0.91,29.18,2885.08,-0.67,40.28,29,72
10,30,8,20.0,80.0,3.5,1.5,,0.0,0.0,False,1217,202.8,-2825.96,0.965,30.32,9376.57,-0.3,34.72,25,72
10,30,8,20.0,80.0,3.5,1.5,,200.0,250.0,False,376,62.7,-4465.67,0.797,27.66,4610.8,-0.97,40.28,29,72
10,30,8,20.0,80.0,3.5,1.5,,250.0,250.0,False,436,72.7,-5921.48,0.77,27.29,6066.61,-0.98,33.33,24,72
10,30,8,20.0,80.0,3.5,1.5,,300.0,300.0,False,537,89.5,-7111.12,0.781,27.56,7256.25,-0.98,31.94,23,72
10,30,8,20.0,80.0,3.5,2.0,1.35,0.0,0.0,True,347,57.8,-4996.49,0.832,34.87,8076.26,-0.62,38.89,28,72
10,30,8,20.0,80.0,3.5,2.0,1.35,200.0,250.0,True,227,37.8,-3273.4,0.803,33.04,4079.41,-0.8,41.67,30,72
10,30,8,20.0,80.0,3.5,2.0,1.35,250.0,250.0,True,232,38.7,-3041.87,0.819,33.62,4075.96,-0.75,41.67,30,72
10,30,8,20.0,80.0,3.5,2.0,1.35,300.0,300.0,True,270,45.0,-1641.45,0.916,35.93,3906.23,-0.42,43.06,31,72
10,30,8,20.0,80.0,3.5,2.0,1.4,0.0,0.0,True,394,65.7,-4787.97,0.856,35.28,7700.43,-0.62,43.06,31,72
10,30,8,20.0,80.0,3.5,2.0,1.4,200.0,250.0,True,238,39.7,-1695.0,0.899,34.87,2637.58,-0.64,47.22,34,72
10,30,8,20.0,80.0,3.5,2.0,1.4,250.0,250.0,True,245,40.8,-2175.5,0.877,34.69,3227.71,-0.67,45.83,33,72
10,30,8,20.0,80.0,3.5,2.0,1.4,300.0,300.0,True,285,47.5,-645.31,0.968,36.49,2993.5,-0.22,47.22,34,72
10,30,8,20.0,80.0,3.5,2.0,1.45,0.0,0.0,True,429,71.5,-6451.39,0.823,34.5,9167.64,-0.7,43.06,31,72
10,30,8,20.0,80.0,3.5,2.0,1.45,200.0,250.0,True,259,43.2,-974.84,0.946,36.29,1897.27,-0.51,48.61,35,72
10,30,8,20.0,80.0,3.5,2.0,1.45,250.0,250.0,True,267,44.5,-1537.29,0.919,35.96,2582.33,-0.6,47.22,34,72
10,30,8,20.0,80.0,3.5,2.0,1.45,300.0,300.0,True,295,49.2,-581.64,0.973,36.61,3090.45,-0.19,50.0,36,72
10,30,8,20.0,80.0,3.5,2.0,,0.0,0.0,False,1060,176.7,-5487.74,0.937,36.04,11010.7,-0.5,40.28,29,72
10,30,8,20.0,80.0,3.5,2.0,,200.0,250.0,False,318,53.0,-3513.86,0.843,33.65,4148.53,-0.85,41.67,30,72
10,30,8,20.0,80.0,3.5,2.0,,250.0,250.0,False,364,60.7,-3834.89,0.848,33.24,4655.55,-0.82,38.89,28,72
10,30,8,20.0,80.0,3.5,2.0,,300.0,300.0,False,452,75.3,-3581.09,0.885,34.73,4389.24,-0.82,40.28,29,72
10,30,8,20.0,80.0,3.5,2.5,1.35,0.0,0.0,True,333,55.5,-5752.46,0.825,39.64,9000.7,-0.64,40.28,29,72
10,30,8,20.0,80.0,3.5,2.5,1.35,200.0,250.0,True,196,32.7,-4546.14,0.734,36.22,4999.17,-0.91,38.89,28,72
10,30,8,20.0,80.0,3.5,2.5,1.35,250.0,250.0,True,200,33.3,-4622.79,0.735,36.5,5054.42,-0.91,37.5,27,72
10,30,8,20.0,80.0,3.5,2.5,1.35,300.0,300.0,True,221,36.8,-2365.88,0.87,39.37,3792.96,-0.62,43.06,31,72
10,30,8,20.0,80.0,3.5,2.5,1.4,0.0,0.0,True,380,63.3,-6159.17,0.834,39.74,9063.91,-0.68,38.89,28,72
10,30,8,20.0,80.0,3.5,2.5,1.4,200.0,250.0,True,207,34.5,-3113.19,0.821,37.68,3493.46,-0.89,40.28,29,72
10,30,8,20.0,80.0,3.5,2.5,1.4,250.0,250.0,True,214,35.7,-4112.75,0.778,36.92,4437.05,-0.93,37.5,27,72
10,30,8,20.0,80.0,3.5,2.5,1.4,300.0,300.0,True,242,40.3,-2471.61,0.876,39.26,3677.78,-0.67,41.67,30,72
10,30,8,20.0,80.0,3.5,2.5,1.45,0.0,0.0,True,411,68.5,-7119.17,0.823,39.42,9874.08,-0.72,41.67,30,72
10,30,8,20.0,80.0,3.5,2.5,1.45,200.0,250.0,True,234,39.0,-2982.5,0.849,38.89,3298.81,-0.9,41.67,30,72
10,30,8,20.0,80.0,3.5,2.5,1.45,250.0,250.0,True,240,40.0,-3357.7,0.836,38.75,3762.73,-0.89,40.28,29,72
10,30,8,20.0,80.0,3.5,2.5,1.45,300.0,300.0,True,274,45.7,-2717.36,0.88,39.42,3611.86,-0.75,43.06,31,72
10,30,8,20.0,80.0,3.5,2.5,,0.0,0.0,False,921,153.5,-330.13,0.996,42.45,7546.63,-0.04,47.22,34,72
10,30,8,20.0,80.0,3.5,2.5,,200.0,250.0,False,271,45.2,-2150.97,0.896,40.22,2839.63,-0.76,47.22,34,72
10,30,8,20.0,80.0,3.5,2.5,,250.0,250.0,False,296,49.3,-2464.01,0.891,40.2,3152.67,-0.78,44.44,32,72
10,30,8,20.0,80.0,3.5,2.5,,300.0,300.0,False,337,56.2,-2967.36,0.886,40.36,3728.27,-0.8,43.06,31,72
10,30,8,20.0,80.0,4.0,1.5,1.35,0.0,0.0,True,356,59.3,-4191.92,0.839,26.69,5420.54,-0.77,45.83,33,72
10,30,8,20.0,80.0,4.0,1.5,1.35,200.0,250.0,True,249,41.5,-930.72,0.939,28.11,3126.9,-0.3,48.61,35,72
10,30,8,20.0,80.0,4.0,1.5,1.35,250.0,250.0,True,278,46.3,-2166.65,0.874,26.62,3956.93,-0.55,44.44,32,72
10,30,8,20.0,80.0,4.0,1.5,1.35,300.0,300.0,True,296,49.3,-334.73,0.982,28.04,2906.0,-0.12,47.22,34,72
10,30,8,20.0,80.0,4.0,1.5,1.4,0.0,0.0,True,408,68.0,-4341.89,0.852,26.72,5297.9,-0.82,43.06,31,72
10,30,8,20.0,80.0,4.0,1.5,1.4,200.0,250.0,True,270,45.0,-1244.48,0.924,27.04,3405.17,-0.37,43.06,31,72
10,30,8,20.0,80.0,4.0,1.5,1.4,250.0,250.0,True,293,48.8,-1135.18,0.936,27.65,3179.39,-0.36,41.67,30,72
10,30,8,20.0,80.0,4.0,1.5,1.4,300.0,300.0,True,325,54.2,-160.62,0.992,28.0,2659.15,-0.06,44.44,32,72
10,30,8,20.0,80.0,4.0,1.5,1.45,0.0,0.0,True,442,73.7,-5887.87,0.816,26.02,6569.36,-0.9,43.06,31,72
10,30,8,20.0,80.0,4.0,1.5,1.45,200.0,250.0,True,273,45.5,-963.08,0.941,27.11,2891.66,-0.33,43.06,31,72
10,30,8,20.0,80.0,4.0,1.5,1.45,250.0,250.0,True,298,49.7,-1101.6,0.938,27.52,2890.16,-0.38,41.67,30,72
10,30,8,20.0,80.0,4.0,1.5,1.45,300.0,300.0,True,335,55.8,-1127.12,0.946,27.46,2446.35,-0.46,43.06,31,72
10,30,8,20.0,80.0,4.0,1.5,,0.0,0.0,False,1159,193.2,-3722.18,0.954,27.61,9105.73,-0.41,38.89,28,72
10,30,8,20.0,80.0,4.0,1.5,,200.0,250.0,False,348,58.0,-3985.17,0.816,25.0,4151.48,-0.96,41.67,30,72
10,30,8,20.0,80.0,4.0,1.5,,250.0,250.0,False,396,66.0,-3600.55,0.85,26.01,3766.86,-0.96,40.28,29,72
10,30,8,20.0,80.0,4.0,1.5,,300.0,300.0,False,461,76.8,-4055.2,0.858,26.46,4286.36,-0.95,38.89,28,72
10,30,8,20.0,80.0,4.0,2.0,1.35,0.0,0.0,True,341,56.8,-5513.49,0.822,31.96,7040.22,-0.78,41.67,30,72
10,30,8,20.0,80.0,4.0,2.0,1.35,200.0,250.0,True,214,35.7,-2140.65,0.866,31.78,3761.41,-0.57,40.28,29,72
10,30,8,20.0,80.0,4.0,2.0,1.35,250.0,250.0,True,229,38.2,-2487.83,0.855,31.44,3605.27,-0.69,38.89,28,72
10,30,8,20.0,80.0,4.0,2.0,1.35,300.0,300.0,True,255,42.5,-820.99,0.957,33.73,3215.87,-0.26,44.44,32,72
10,30,8,20.0,80.0,4.0,2.0,1.4,0.0,0.0,True,388,64.7,-4781.92,0.861,32.73,6162.51,-0.78,47.22,34,72
10,30,8,20.0,80.0,4.0,2.0,1.4,200.0,250.0,True,226,37.7,-448.37,0.972,33.63,2262.46,-0.2,45.83,33,72
10,30,8,20.0,80.0,4.0,2.0,1.4,250.0,250.0,True,241,40.2,-1144.15,0.934,32.78,2298.8,-0.5,44.44,32,72
10,30,8,20.0,80.0,4.0,2.0,1.4,300.0,300.0,True,282,47.0,-647.26,0.969,33.69,2470.14,-0.26,48.61,35,72
10,30,8,20.0,80.0,4.0,2.0,1.45,0.0,0.0,True,420,70.0,-6447.86,0.828,31.9,7541.53,-0.85,48.61,35,72
10,30,8,20.0,80.0,4.0,2.0,1.45,200.0,250.0,True,245,40.8,-626.87,0.965,33.88,2058.13,-0.3,48.61,35,72
10,30,8,20.0,80.0,4.0,2.0,1.45,250.0,250.0,True,259,43.2,-715.68,0.962,33.98,2058.13,-0.35,48.61,35,72
10,30,8,20.0,80.0,4.0,2.0,1.45,300.0,300.0,True,290,48.3,-554.59,0.974,33.79,2609.54,-0.21,50.0,36,72
10,30,8,20.0,80.0,4.0,2.0,,0.0,0.0,False,993,165.5,-6144.24,0.929,33.33,9582.82,-0.64,44.44,32,72
10,30,8,20.0,80.0,4.0,2.0,,200.0,250.0,False,309,51.5,-2931.49,0.87,32.04,3097.8,-0.95,43.06,31,72
10,30,8,20.0,80.0,4.0,2.0,,250.0,250.0,False,337,56.2,-3802.34,0.847,31.75,3968.65,-0.96,40.28,29,72
10,30,8,20.0,80.0,4.0,2.0,,300.0,300.0,False,392,65.3,-3209.07,0.887,32.65,3375.38,-0.95,43.06,31,72
10,30,8,20.0,80.0,4.0,2.5,1.35,0.0,0.0,True,327,54.5,-7379.72,0.788,36.09,8501.79,-0.87,36.11,26,72
10,30,8,20.0,80.0,4.0,2.5,1.35,200.0,250.0,True,185,30.8,-5176.02,0.7,32.97,5326.44,-0.97,36.11,26,72
10,30,8,20.0,80.0,4.0,2.5,1.35,250.0,250.0,True,199,33.2,-5521.79,0.7,32.66,5582.71,-0.99,33.33,24,72
10,30,8,20.0,80.0,4.0,2.5,1.35,300.0,300.0,True,225,37.5,-3611.57,0.819,35.11,4681.96,-0.77,37.5,27,72
10,30,8,20.0,80.0,4.0,2.5,1.4,0.0,0.0,True,374,62.3,-7248.15,0.814,36.63,7956.83,-0.91,40.28,29,72
10,30,8,20.0,80.0,4.0,2.5,1.4,200.0,250.0,True,200,33.3,-3433.87,0.806,35.0,3792.27,-0.91,40.28,29,72
10,30,8,20.0,80.0,4.0,2.5,1.4,250.0,250.0,True,216,36.0,-3495.99,0.815,35.19,3887.12,-0.9,40.28,29,72
10,30,8,20.0,80.0,4.0,2.5,1.4,300.0,300.0,True,247,41.2,-3321.96,0.846,36.03,4268.12,-0.78,43.06,31,72
10,30,8,20.0,80.0,4.0,2.5,1.45,0.0,0.0,True,403,67.2,-8228.69,0.804,36.23,8500.63,-0.97,40.28,29,72
10,30,8,20.0,80.0,4.0,2.5,1.45,200.0,250.0,True,223,37.2,-3186.23,0.841,36.32,3606.0,-0.88,41.67,30,72
10,30,8,20.0,80.0,4.0,2.5,1.45,250.0,250.0,True,238,39.7,-3636.16,0.829,36.13,3707.69,-0.98,40.28,29,72
10,30,8,20.0,80.0,4.0,2.5,1.45,300.0,300.0,True,270,45.0,-3412.07,0.856,36.67,4138.24,-0.82,43.06,31,72
10,30,8,20.0,80.0,4.0,2.5,,0.0,0.0,False,860,143.3,-2556.82,0.97,39.19,7703.74,-0.33,45.83,33,72
10,30,8,20.0,80.0,4.0,2.5,,200.0,250.0,False,235,39.2,-2409.64,0.878,38.3,3042.69,-0.79,45.83,33,72
10,30,8,20.0,80.0,4.0,2.5,,250.0,250.0,False,265,44.2,-2726.85,0.875,37.74,2893.16,-0.94,43.06,31,72
10,30,8,20.0,80.0,4.0,2.5,,300.0,300.0,False,316,52.7,-2896.26,0.887,37.66,3524.78,-0.82,43.06,31,72
10,30,8,20.0,80.0,4.5,1.5,1.35,0.0,0.0,True,348,58.0,-2248.99,0.913,25.86,4297.47,-0.52,47.22,34,72
10,30,8,20.0,80.0,4.5,1.5,1.35,200.0,250.0,True,226,37.7,986.94,1.072,28.32,2005.3,0.49,50.0,36,72
10,30,8,20.0,80.0,4.5,1.5,1.35,250.0,250.0,True,249,41.5,258.24,1.017,27.31,2387.84,0.11,47.22,34,72
10,30,8,20.0,80.0,4.5,1.5,1.35,300.0,300.0,True,279,46.5,509.74,1.029,26.52,2501.34,0.2,47.22,34,72
10,30,8,20.0,80.0,4.5,1.5,1.4,0.0,0.0,True,397,66.2,-2503.17,0.914,25.69,4113.64,-0.61,45.83,33,72
10,30,8,20.0,80.0,4.5,1.5,1.4,200.0,250.0,True,247,41.2,141.55,1.009,26.72,2456.49,0.06,47.22,34,72
10,30,8,20.0,80.0,4.5,1.5,1.4,250.0,250.0,True,274,45.7,-801.06,0.953,25.55,3344.93,-0.24,44.44,32,72
10,30,8,20.0,80.0,4.5,1.5,1.4,300.0,300.0,True,305,50.8,1377.04,1.073,27.21,2308.15,0.6,47.22,34,72
10,30,8,20.0,80.0,4.5,1.5,1.45,0.0,0.0,True,431,71.8,-3920.61,0.876,25.06,4950.66,-0.79,44.44,32,72
10,30,8,20.0,80.0,4.5,1.5,1.45,200.0,250.0,True,250,41.7,674.22,1.045,27.2,1858.58,0.36,45.83,33,72
10,30,8,20.0,80.0,4.5,1.5,1.45,250.0,250.0,True,280,46.7,-530.73,0.969,25.71,2754.88,-0.19,43.06,31,72
10,30,8,20.0,80.0,4.5,1.5,1.45,300.0,300.0,True,310,51.7,1284.1,1.068,27.1,1832.0,0.7,47.22,34,72
10,30,8,20.0,80.0,4.5,1.5,,0.0,0.0,False,1120,186.7,707.56,1.009,26.52,6609.15,0.11,44.44,32,72
10,30,8,20.0,80.0,4.5,1.5,,200.0,250.0,False,305,50.8,-1218.58,0.935,25.25,2773.24,-0.44,47.22,34,72
10,30,8,20.0,80.0,4.5,1.5,,250.0,250.0,False,340,56.7,-2195.48,0.896,24.71,3265.83,-0.67,41.67,30,72
10,30,8,20.0,80.0,4.5,1.5,,300.0,300.0,False,438,73.0,-1767.73,0.934,25.11,3876.74,-0.46,41.67,30,72
10,30,8,20.0,80.0,4.5,2.0,1.35,0.0,0.0,True,334,55.7,-4264.19,0.863,30.24,6489.37,-0.66,44.44,32,72
10,30,8,20.0,80.0,4.5,2.0,1.35,200.0,250.0,True,199,33.2,-443.35,0.97,32.16,2293.8,-0.19,50.0,36,72
10,30,8,20.0,80.0,4.5,2.0,1.35,250.0,250.0,True,215,35.8,-1118.23,0.932,31.63,3116.93,-0.36,44.44,32,72
10,30,8,20.0,80.0,4.5,2.0,1.35,300.0,300.0,True,250,41.7,-426.23,0.978,31.6,2697.29,-0.16,47.22,34,72
10,30,8,20.0,80.0,4.5,2.0,1.4,0.0,0.0,True,378,63.0,-3454.21,0.899,30.95,5346.81,-0.65,48.61,35,72
10,30,8,20.0,80.0,4.5,2.0,1.4,200.0,250.0,True,212,35.3,-34.74,0.998,32.08,1908.89,-0.02,50.0,36,72
10,30,8,20.0,80.0,4.5,2.0,1.4,250.0,250.0,True,232,38.7,-326.29,0.981,31.9,2510.08,-0.13,45.83,33,72
10,30,8,20.0,80.0,4.5,2.0,1.4,300.0,300.0,True,268,44.7,683.67,1.034,32.46,2009.09,0.34,50.0,36,72
10,30,8,20.0,80.0,4.5,2.0,1.45,0.0,0.0,True,409,68.2,-4860.78,0.87,30.32,6366.69,-0.76,48.61,35,72
10,30,8,20.0,80.0,4.5,2.0,1.45,200.0,250.0,True,213,35.5,1128.34,1.073,33.33,1663.04,0.68,54.17,39,72
10,30,8,20.0,80.0,4.5,2.0,1.45,250.0,250.0,True,245,40.8,-470.44,0.975,32.24,2140.06,-0.22,47.22,34,72
10,30,8,20.0,80.0,4.5,2.0,1.45,300.0,300.0,True,274,45.7,832.97,1.04,32.48,2340.87,0.36,52.78,38,72
10,30,8,20.0,80.0,4.5,2.0,,0.0,0.0,False,951,158.5,-3050.4,0.964,31.55,7471.27,-0.41,47.22,34,72
10,30,8,20.0,80.0,4.5,2.0,,200.0,250.0,False,274,45.7,-2021.38,0.902,29.56,3481.38,-0.58,44.44,32,72
10,30,8,20.0,80.0,4.5,2.0,,250.0,250.0,False,294,49.0,-1570.59,0.929,30.61,2891.56,-0.54,43.06,31,72
10,30,8,20.0,80.0,4.5,2.0,,300.0,300.0,False,374,62.3,-2675.96,0.905,30.21,2863.45,-0.93,43.06,31,72
10,30,8,20.0,80.0,4.5,2.5,1.35,0.0,0.0,True,320,53.3,-5917.69,0.831,34.38,8233.18,-0.72,37.5,27,72
10,30,8,20.0,80.0,4.5,2.5,1.35,200.0,250.0,True,172,28.7,-2117.33,0.863,35.47,3306.86,-0.64,47.22,34,72
10,30,8,20.0,80.0,4.5,2.5,1.35,250.0,250.0,True,185,30.8,-2991.28,0.827,34.05,4403.6,-0.68,41.67,30,72
10,30,8,20.0,80.0,4.5,2.5,1.35,300.0,300.0,True,218,36.3,-3193.97,0.84,33.49,4805.77,-0.66,40.28,29,72
10,30,8,20.0,80.0,4.5,2.5,1.4,0.0,0.0,True,364,60.7,-5637.43,0.855,34.89,7539.53,-0.75,38.89,28,72
10,30,8,20.0,80.0,4.5,2.5,1.4,200.0,250.0,True,187,31.2,-1936.64,0.883,34.22,3357.38,-0.58,43.06,31,72
10,30,8,20.0,80.0,4.5,2.5,1.4,250.0,250.0,True,200,33.3,-2367.58,0.87,33.5,4011.11,-0.59,40.28,29,72
10,30,8,20.0,80.0,4.5,2.5,1.4,300.0,300.0,True,238,39.7,-2300.94,0.891,34.45,4011.9,-0.57,41.67,30,72
10,30,8,20.0,80.0,4.5,2.5,1.45,0.0,0.0,True,392,65.3,-6254.16,0.851,34.69,7402.97,-0.84,37.5,27,72
10,30,8,20.0,80.0,4.5,2.5,1.45,200.0,250.0,True,194,32.3,-266.43,0.984,37.11,1873.21,-0.14,45.83,33,72
10,30,8,20.0,80.0,4.5,2.5,1.45,250.0,250.0,True,220,36.7,-1706.68,0.916,35.0,3561.17,-0.48,40.28,29,72
10,30,8,20.0,80.0,4.5,2.5,1.45,300.0,300.0,True,260,43.3,-2367.13,0.899,35.0,3593.42,-0.66,40.28,29,72
10,30,8,20.0,80.0,4.5,2.5,,0.0,0.0,False,813,135.5,-332.6,0.996,37.02,6630.58,-0.05,48.61,35,72
10,30,8,20.0,80.0,4.5,2.5,,200.0,250.0,False,189,31.5,-2197.31,0.872,33.86,2703.18,-0.81,45.83,33,72
10,30,8,20.0,80.0,4.5,2.5,,250.0,250.0,False,233,38.8,-2212.88,0.891,34.76,2760.7,-0.8,43.06,31,72
10,30,8,20.0,80.0,4.5,2.5,,300.0,300.0,False,272,45.3,-4210.0,0.827,32.72,4397.49,-0.96,41.67,30,72
10,30,8,20.0,80.0,5.0,1.5,1.35,0.0,0.0,True,341,56.8,-2972.11,0.887,23.46,4895.67,-0.61,47.22,34,72
10,30,8,20.0,80.0,5.0,1.5,1.35,200.0,250.0,True,211,35.2,-323.2,0.976,25.12,2260.04,-0.14,47.22,34,72
10,30,8,20.0,80.0,5.0,1.5,1.35,250.0,250.0,True,236,39.3,-717.63,0.954,25.0,2394.67,-0.3,44.44,32,72
10,30,8,20.0,80.0,5.0,1.5,1.35,300.0,300.0,True,261,43.5,-285.93,0.983,24.52,2436.56,-0.12,45.83,33,72
10,30,8,20.0,80.0,5.0,1.5,1.4,0.0,0.0,True,389,64.8,-2844.62,0.903,23.65,4421.26,-0.64,47.22,34,72
10,30,8,20.0,80.0,5.0,1.5,1.4,200.0,250.0,True,233,38.8,-186.02,0.988,24.89,2171.43,-0.09,45.83,33,72
10,30,8,20.0,80.0,5.0,1.5,1.4,250.0,250.0,True,259,43.2,-666.02,0.961,24.71,2526.66,-0.26,43.06,31,72
10,30,8,20.0,80.0,5.0,1.5,1.4,300.0,300.0,True,294,49.0,490.39,1.026,24.83,2760.81,0.18,45.83,33,72
10,30,8,20.0,80.0,5.0,1.5,1.45,0.0,0.0,True,421,70.2,-4866.88,0.849,22.57,5811.55,-0.84,44.44,32,72
10,30,8,20.0,80.0,5.0,1.5,1.45,200.0,250.0,True,243,40.5,-645.31,0.958,24.28,2101.56,-0.31,44.44,32,72
10,30,8,20.0,80.0,5.0,1.5,1.45,250.0,250.0,True,271,45.2,-1497.82,0.914,23.62,2528.37,-0.59,38.89,28,72
10,30,8,20.0,80.0,5.0,1.5,1.45,300.0,300.0,True,305,50.8,-733.12,0.963,23.61,2732.11,-0.27,43.06,31,72
10,30,8,20.0,80.0,5.0,1.5,,0.0,0.0,False,1065,177.5,1416.39,1.018,24.98,5422.42,0.26,47.22,34,72
10,30,8,20.0,80.0,5.0,1.5,,200.0,250.0,False,292,48.7,-2017.3,0.891,22.26,2936.07,-0.69,45.83,33,72
10,30,8,20.0,80.0,5.0,1.5,,250.0,250.0,False,334,55.7,-2573.04,0.881,22.46,3784.96,-0.68,40.28,29,72
10,30,8,20.0,80.0,5.0,1.5,,300.0,300.0,False,444,74.0,-1312.24,0.952,23.87,3517.43,-0.37,43.06,31,72
10,30,8,20.0,80.0,5.0,2.0,1.35,0.0,0.0,True,325,54.2,-5613.71,0.823,27.38,7744.48,-0.72,44.44,32,72
10,30,8,20.0,80.0,5.0,2.0,1.35,200.0,250.0,True,189,31.5,-1583.06,0.898,29.63,2917.99,-0.54,48.61,35,72
10,30,8,20.0,80.0,5.0,2.0,1.35,250.0,250.0,True,211,35.2,-1818.05,0.895,29.38,3098.52,-0.59,45.83,33,72
10,30,8,20.0,80.0,5.0,2.0,1.35,300.0,300.0,True,240,40.0,-2210.05,0.889,29.58,3339.35,-0.66,45.83,33,72
10,30,8,20.0,80.0,5.0,2.0,1.4,0.0,0.0,True,368,61.3,-4288.76,0.877,28.53,6086.95,-0.7,48.61,35,72
10,30,8,20.0,80.0,5.0,2.0,1.4,200.0,250.0,True,208,34.7,-1646.87,0.902,28.85,2760.0,-0.6,45.83,33,72
10,30,8,20.0,80.0,5.0,2.0,1.4,250.0,250.0,True,230,38.3,-1775.68,0.904,28.7,2635.11,-0.67,44.44,32,72
10,30,8,20.0,80.0,5.0,2.0,1.4,300.0,300.0,True,267,44.5,-2037.71,0.907,29.21,3020.1,-0.67,45.83,33,72
10,30,8,20.0,80.0,5.0,2.0,1.45,0.0,0.0,True,397,66.2,-6279.95,0.835,27.46,7501.31,-0.84,47.22,34,72
10,30,8,20.0,80.0,5.0,2.0,1.45,200.0,250.0,True,211,35.2,-1160.02,0.93,28.91,1945.43,-0.6,45.83,33,72
10,30,8,20.0,80.0,5.0,2.0,1.45,250.0,250.0,True,234,39.0,-1303.77,0.929,28.63,2624.41,-0.5,43.06,31,72
10,30,8,20.0,80.0,5.0,2.0,1.45,300.0,300.0,True,267,44.5,-2242.27,0.896,28.09,2613.21,-0.86,43.06,31,72
10,30,8,20.0,80.0,5.0,2.0,,0.0,0.0,False,889,148.2,-2998.15,0.964,29.47,7990.81,-0.38,47.22,34,72
10,30,8,20.0,80.0,5.0,2.0,,200.0,250.0,False,249,41.5,-2660.88,0.865,26.51,4411.62,-0.6,44.44,32,72
10,30,8,20.0,80.0,5.0,2.0,,250.0,250.0,False,308,51.3,-1354.06,0.943,28.57,3699.64,-0.37,43.06,31,72
10,30,8,20.0,80.0,5.0,2.0,,300.0,300.0,False,359,59.8,-2160.52,0.922,28.13,4956.66,-0.44,43.06,31,72
10,30,8,20.0,80.0,5.0,2.5,1.35,0.0,0.0,True,312,52.0,-7818.43,0.784,31.09,10034.95,-0.78,40.28,29,72
10,30,8,20.0,80.0,5.0,2.5,1.35,200.0,250.0,True,169,28.2,-4114.55,0.76,31.95,4536.99,-0.91,44.44,32,72
10,30,8,20.0,80.0,5.0,2.5,1.35,250.0,250.0,True,183,30.5,-3418.03,0.814,32.79,4779.39,-0.72,41.67,30,72
10,30,8,20.0,80.0,5.0,2.5,1.35,300.0,300.0,True,209,34.8,-4734.86,0.775,31.1,5469.66,-0.87,40.28,29,72
10,30,8,20.0,80.0,5.0,2.5,1.4,0.0,0.0,True,355,59.2,-6992.03,0.825,32.11,8795.16,-0.79,41.67,30,72
10,30,8,20.0,80.0,5.0,2.5,1.4,200.0,250.0,True,179,29.8,-4273.45,0.761,31.28,4857.76,-0.88,43.06,31,72
10,30,8,20.0,80.0,5.0,2.5,1.4,250.0,250.0,True,193,32.2,-3964.7,0.794,30.57,5043.53,-0.79,37.5,27,72
10,30,8,20.0,80.0,5.0,2.5,1.4,300.0,300.0,True,231,38.5,-4507.44,0.8,31.17,5201.55,-0.87,38.89,28,72
10,30,8,20.0,80.0,5.0,2.5,1.45,0.0,0.0,True,379,63.2,-7887.02,0.816,31.66,9078.88,-0.87,43.06,31,72
10,30,8,20.0,80.0,5.0,2.5,1.45,200.0,250.0,True,181,30.2,-2271.16,0.87,33.15,2985.46,-0.76,47.22,34,72
10,30,8,20.0,80.0,5.0,2.5,1.45,250.0,250.0,True,199,33.2,-2483.89,0.871,31.66,3435.68,-0.72,41.67,30,72
10,30,8,20.0,80.0,5.0,2.5,1.45,300.0,300.0,True,254,42.3,-4349.51,0.822,31.1,4710.55,-0.92,41.67,30,72
10,30,8,20.0,80.0,5.0,2.5,,0.0,0.0,False,759,126.5,-582.9,0.993,34.65,6896.03,-0.08,47.22,34,72
10,30,8,20.0,80.0,5.0,2.5,,200.0,250.0,False,181,30.2,-3467.54,0.802,29.83,3716.13,-0.93,43.06,31,72
10,30,8,20.0,80.0,5.0,2.5,,250.0,250.0,False,215,35.8,-3589.72,0.824,30.7,3931.36,-0.91,38.89,28,72
10,30,8,20.0,80.0,5.0,2.5,,300.0,300.0,False,272,45.3,-6077.11,0.764,29.41,6285.77,-0.97,37.5,27,72
10,30,8,25.0,75.0,3.5,1.5,1.35,0.0,0.0,True,393,65.5,-3255.89,0.881,29.26,6085.58,-0.54,37.5,27,72
10,30,8,25.0,75.0,3.5,1.5,1.35,200.0,250.0,True,271,45.2,-976.05,0.937,29.52,2987.44,-0.33,44.44,32,72
10,30,8,25.0,75.0,3.5,1.5,1.35,250.0,250.0,True,293,48.8,-1140.73,0.932,29.35,3146.84,-0.36,40.28,29,72
10,30,8,25.0,75.0,3.5,1.5,1.35,300.0,300.0,True,327,54.5,-634.59,0.967,29.97,2960.59,-0.21,41.67,30,72
10,30,8,25.0,75.0,3.5,1.5,1.4,0.0,0.0,True,449,74.8,-4425.26,0.858,28.51,7088.37,-0.62,36.11,26,72
10,30,8,25.0,75.0,3.5,1.5,1.4,200.0,250.0,True,282,47.0,-250.64,0.984,29.79,2222.72,-0.11,45.83,33,72
10,30,8,25.0,75.0,3.5,1.5,1.4,250.0,250.0,True,315,52.5,-1262.34,0.93,28.89,3229.14,-0.39,38.89,28,72
10,30,8,25.0,75.0,3.5,1.5,1.4,300.0,300.0,True,359,59.8,-1000.89,0.952,28.97,3065.85,-0.33,38.89,28,72
10,30,8,25.0,75.0,3.5,1.5,1.45,0.0,0.0,True,484,80.7,-5461.53,0.838,28.31,7614.55,-0.72,38.89,28,72
10,30,8,25.0,75.0,3.5,1.5,1.45,200.0,250.0,True,297,49.5,11.86,1.001,29.97,1624.01,0.01,48.61,35,72
10,30,8,25.0,75.0,3.5,1.5,1.45,250.0,250.0,True,330,55.0,-1319.35,0.93,28.79,2929.17,-0.45,40.28,29,72
10,30,8,25.0,75.0,3.5,1.5,1.45,300.0,300.0,True,386,64.3,-1206.25,0.947,29.02,3164.17,-0.38,41.67,30,72
10,30,8,25.0,75.0,3.5,1.5,,0.0,0.0,False,1259,209.8,-3572.2,0.958,29.94,10110.33,-0.35,37.5,27,72
10,30,8,25.0,75.0,3.5,1.5,,200.0,250.0,False,380,63.3,-4329.85,0.807,27.11,4664.47,-0.93,40.28,29,72
10,30,8,25.0,75.0,3.5,1.5,,250.0,250.0,False,429,71.5,-4288.75,0.828,27.97,4623.37,-0.93,37.5,27,72
10,30,8,25.0,75.0,3.5,1.5,,300.0,300.0,False,522,87.0,-4660.15,0.847,28.54,5228.62,-0.89,36.11,26,72
10,30,8,25.0,75.0,3.5,2.0,1.35,0.0,0.0,True,377,62.8,-3771.42,0.882,35.54,7724.49,-0.49,44.44,32,72
10,30,8,25.0,75.0,3.5,2.0,1.35,200.0,250.0,True,240,40.0,-888.62,0.946,35.42,2471.17,-0.36,47.22,34,72
10,30,8,25.0,75.0,3.5,2.0,1.35,250.0,250.0,True,249,41.5,-1015.03,0.94,35.34,2750.89,-0.37,45.83,33,72
10,30,8,25.0,75.0,3.5,2.0,1.35,300.0,300.0,True,279,46.5,345.58,1.018,37.28,2291.07,0.15,48.61,35,72
10,30,8,25.0,75.0,3.5,2.0,1.4,0.0,0.0,True,429,71.5,-4495.68,0.875,34.97,8299.06,-0.54,44.44,32,72
10,30,8,25.0,75.0,3.5,2.0,1.4,200.0,250.0,True,258,43.0,-157.0,0.991,36.05,1959.61,-0.08,50.0,36,72
10,30,8,25.0,75.0,3.5,2.0,1.4,250.0,250.0,True,274,45.7,-387.91,0.979,35.77,2134.05,-0.18,47.22,34,72
10,30,8,25.0,75.0,3.5,2.0,1.4,300.0,300.0,True,304,50.7,859.54,1.042,36.84,1826.18,0.47,48.61,35,72
10,30,8,25.0,75.0,3.5,2.0,1.45,0.0,0.0,True,462,77.0,-5472.77,0.859,34.85,8786.64,-0.62,44.44,32,72
10,30,8,25.0,75.0,3.5,2.0,1.45,200.0,250.0,True,268,44.7,153.5,1.008,36.57,1939.4,0.08,48.61,35,72
10,30,8,25.0,75.0,3.5,2.0,1.45,250.0,250.0,True,283,47.2,221.29,1.012,36.75,1618.98,0.14,47.22,34,72
10,30,8,25.0,75.0,3.5,2.0,1.45,300.0,300.0,True,316,52.7,942.25,1.043,37.34,1859.17,0.51,50.0,36,72
10,30,8,25.0,75.0,3.5,2.0,,0.0,0.0,False,1096,182.7,-5923.94,0.935,35.58,11882.35,-0.5,43.06,31,72
10,30,8,25.0,75.0,3.5,2.0,,200.0,250.0,False,340,56.7,-5595.02,0.77,31.76,6217.87,-0.9,36.11,26,72
10,30,8,25.0,75.0,3.5,2.0,,250.0,250.0,False,362,60.3,-5596.75,0.782,31.77,6405.59,-0.87,34.72,25,72
10,30,8,25.0,75.0,3.5,2.0,,300.0,300.0,False,467,77.8,-3765.7,0.883,34.69,4347.38,-0.87,37.5,27,72
10,30,8,25.0,75.0,3.5,2.5,1.35,0.0,0.0,True,365,60.8,-3063.48,0.912,40.55,8705.75,-0.35,48.61,35,72
10,30,8,25.0,75.0,3.5,2.5,1.35,200.0,250.0,True,203,33.8,-2480.21,0.851,38.42,3893.18,-0.64,45.83,33,72
10,30,8,25.0,75.0,3.5,2.5,1.35,250.0,250.0,True,213,35.5,-2983.41,0.83,38.03,4224.66,-0.71,43.06,31,72
10,30,8,25.0,75.0,3.5,2.5,1.35,300.0,300.0,True,243,40.5,-573.04,0.97,41.15,2722.56,-0.21,50.0,36,72
10,30,8,25.0,75.0,3.5,2.5,1.4,0.0,0.0,True,414,69.0,-4194.8,0.893,39.86,9343.62,-0.45,47.22,34,72
10,30,8,25.0,75.0,3.5,2.5,1.4,200.0,250.0,True,219,36.5,-811.61,0.953,40.64,2106.13,-0.39,45.83,33,72
10,30,8,25.0,75.0,3.5,2.5,1.4,250.0,250.0,True,231,38.5,-2338.53,0.875,38.96,3461.33,-0.68,41.67,30,72
10,30,8,25.0,75.0,3.5,2.5,1.4,300.0,300.0,True,263,43.8,-346.33,0.983,41.06,2091.72,-0.17,47.22,34,72
10,30,8,25.0,75.0,3.5,2.5,1.45,0.0,0.0,True,445,74.2,-4933.12,0.884,39.78,9389.51,-0.53,48.61,35,72
10,30,8,25.0,75.0,3.5,2.5,1.45,200.0,250.0,True,235,39.2,-775.62,0.958,40.85,2088.59,-0.37,48.61,35,72
10,30,8,25.0,75.0,3.5,2.5,1.45,250.0,250.0,True,243,40.5,-1105.35,0.943,40.74,2524.14,-0.44,47.22,34,72
10,30,8,25.0,75.0,3.5,2.5,1.45,300.0,300.0,True,280,46.7,459.53,1.021,42.14,2018.8,0.23,50.0,36,72
10,30,8,25.0,75.0,3.5,2.5,,0.0,0.0,False,945,157.5,-484.7,0.994,41.8,9049.33,-0.05,45.83,33,72
10,30,8,25.0,75.0,3.5,2.5,,200.0,250.0,False,277,46.2,-3915.02,0.82,38.63,4591.86,-0.85,45.83,33,72
10,30,8,25.0,75.0,3.5,2.5,,250.0,250.0,False,294,49.0,-3507.41,0.847,39.12,4184.25,-0.84,43.06,31,72
10,30,8,25.0,75.0,3.5,2.5,,300.0,300.0,False,343,57.2,-5353.74,0.805,38.48,5973.98,-0.9,38.89,28,72
10,30,8,25.0,75.0,4.0,1.5,1.35,0.0,0.0,True,385,64.2,-3365.27,0.88,26.75,5329.43,-0.63,40.28,29,72
10,30,8,25.0,75.0,4.0,1.5,1.35,200.0,250.0,True,250,41.7,359.04,1.024,28.4,2282.15,0.16,44.44,32,72
10,30,8,25.0,75.0,4.0,1.5,1.35,250.0,250.0,True,273,45.5,-848.91,0.947,26.74,2663.38,-0.32,38.89,28,72
10,30,8,25.0,75.0,4.0,1.5,1.35,300.0,300.0,True,305,50.8,225.05,1.012,27.87,2246.85,0.1,41.67,30,72
10,30,8,25.0,75.0,4.0,1.5,1.4,0.0,0.0,True,441,73.5,-4162.13,0.869,26.3,5924.05,-0.7,44.44,32,72
10,30,8,25.0,75.0,4.0,1.5,1.4,200.0,250.0,True,271,45.2,401.98,1.026,27.68,2665.39,0.15,45.83,33,72
10,30,8,25.0,75.0,4.0,1.5,1.4,250.0,250.0,True,288,48.0,114.73,1.007,27.43,2486.05,0.05,44.44,32,72
10,30,8,25.0,75.0,4.0,1.5,1.4,300.0,300.0,True,331,55.2,-132.65,0.993,26.89,3077.65,-0.04,45.83,33,72
10,30,8,25.0,75.0,4.0,1.5,1.45,0.0,0.0,True,472,78.7,-4917.45,0.856,26.27,6133.83,-0.8,43.06,31,72
10,30,8,25.0,75.0,4.0,1.5,1.45,200.0,250.0,True,277,46.2,1262.22,1.081,28.52,1777.48,0.71,48.61,35,72
10,30,8,25.0,75.0,4.0,1.5,1.45,250.0,250.0,True,301,50.2,717.8,1.042,28.24,1700.15,0.42,45.83,33,72
10,30,8,25.0,75.0,4.0,1.5,1.45,300.0,300.0,True,348,58.0,-412.64,0.98,27.01,2482.19,-0.17,45.83,33,72
10,30,8,25.0,75.0,4.0,1.5,,0.0,0.0,False,1195,199.2,-3419.69,0.959,27.53,9027.95,-0.38,38.89,28,72
10,30,8,25.0,75.0,4.0,1.5,,200.0,250.0,False,375,62.5,-1599.11,0.928,27.2,2760.92,-0.58,45.83,33,72
10,30,8,25.0,75.0,4.0,1.5,,250.0,250.0,False,397,66.2,-1664.91,0.928,27.2,3120.66,-0.53,44.44,32,72
10,30,8,25.0,75.0,4.0,1.5,,300.0,300.0,False,458,76.3,-1064.02,0.96,27.95,3408.2,-0.31,44.44,32,72
10,30,8,25.0,75.0,4.0,2.0,1.35,0.0,0.0,True,368,61.3,-4074.49,0.877,32.61,6892.52,-0.59,43.06,31,72
10,30,8,25.0,75.0,4.0,2.0,1.35,200.0,250.0,True,221,36.8,312.12,1.02,34.39,2034.83,0.15,48.61,35,72
10,30,8,25.0,75.0,4.0,2.0,1.35,250.0,250.0,True,250,41.7,-1018.02,0.943,32.4,2437.74,-0.42,44.44,32,72
10,30,8,25.0,75.0,4.0,2.0,1.35,300.0,300.0,True,265,44.2,604.67,1.032,34.34,2468.41,0.24,48.61,35,72
10,30,8,25.0,75.0,4.0,2.0,1.4,0.0,0.0,True,420,70.0,-4325.66,0.883,32.38,6828.73,-0.63,45.83,33,72
10,30,8,25.0,75.0,4.0,2.0,1.4,200.0,250.0,True,234,39.0,837.56,1.051,34.19,1920.69,0.44,50.0,36,72
10,30,8,25.0,75.0,4.0,2.0,1.4,250.0,250.0,True,268,44.7,323.91,1.017,33.21,1872.96,0.17,48.61,35,72
10,30,8,25.0,75.0,4.0,2.0,1.4,300.0,300.0,True,296,49.3,1092.16,1.053,34.12,1728.91,0.63,50.0,36,72
10,30,8,25.0,75.0,4.0,2.0,1.45,0.0,0.0,True,450,75.0,-5143.03,0.871,32.22,7075.81,-0.73,50.0,36,72
10,30,8,25.0,75.0,4.0,2.0,1.45,200.0,250.0,True,241,40.2,261.63,1.015,33.61,1817.93,0.14,51.39,37,72
10,30,8,25.0,75.0,4.0,2.0,1.45,250.0,250.0,True,268,44.7,617.59,1.033,33.96,1416.92,0.44,52.78,38,72
10,30,8,25.0,75.0,4.0,2.0,1.45,300.0,300.0,True,303,50.5,524.62,1.024,33.66,1851.08,0.28,52.78,38,72
10,30,8,25.0,75.0,4.0,2.0,,0.0,0.0,False,1022,170.3,-6365.62,0.929,32.88,10183.97,-0.63,40.28,29,72
10,30,8,25.0,75.0,4.0,2.0,,200.0,250.0,False,313,52.2,-2792.55,0.876,31.31,3643.45,-0.77,40.28,29,72
10,30,8,25.0,75.0,4.0,2.0,,250.0,250.0,False,334,55.7,-3842.53,0.842,30.84,4636.99,-0.83,37.5,27,72
10,30,8,25.0,75.0,4.0,2.0,,300.0,300.0,False,407,67.8,-2526.85,0.914,32.43,3529.51,-0.72,43.06,31,72
10,30,8,25.0,75.0,4.0,2.5,1.35,0.0,0.0,True,356,59.3,-4333.18,0.881,37.08,8160.41,-0.53,45.83,33,72
10,30,8,25.0,75.0,4.0,2.5,1.35,200.0,250.0,True,194,32.3,-2794.29,0.835,35.57,3152.23,-0.89,44.44,32,72
10,30,8,25.0,75.0,4.0,2.5,1.35,250.0,250.0,True,210,35.0,-3487.25,0.81,34.76,3843.17,-0.91,40.28,29,72
10,30,8,25.0,75.0,4.0,2.5,1.35,300.0,300.0,True,243,40.5,-1594.62,0.922,37.04,2759.04,-0.58,44.44,32,72
10,30,8,25.0,75.0,4.0,2.5,1.4,0.0,0.0,True,405,67.5,-4972.79,0.879,36.79,8291.54,-0.6,43.06,31,72
10,30,8,25.0,75.0,4.0,2.5,1.4,200.0,250.0,True,210,35.0,-1598.4,0.91,37.62,1972.72,-0.81,45.83,33,72
10,30,8,25.0,75.0,4.0,2.5,1.4,250.0,250.0,True,230,38.3,-1424.97,0.925,37.39,1962.92,-0.73,44.44,32,72
10,30,8,25.0,75.0,4.0,2.5,1.4,300.0,300.0,True,268,44.7,-1069.24,0.952,37.69,2693.18,-0.4,44.44,32,72
10,30,8,25.0,75.0,4.0,2.5,1.45,0.0,0.0,True,433,72.2,-5552.48,0.874,36.72,8112.81,-0.68,44.44,32,72
10,30,8,25.0,75.0,4.0,2.5,1.45,200.0,250.0,True,219,36.5,-120.29,0.993,39.73,1710.86,-0.07,48.61,35,72
10,30,8,25.0,75.0,4.0,2.5,1.45,250.0,250.0,True,240,40.0,-683.09,0.966,38.75,1203.44,-0.57,45.83,33,72
10,30,8,25.0,75.0,4.0,2.5,1.45,300.0,300.0,True,281,46.8,-1036.7,0.956,38.08,2193.41,-0.47,45.83,33,72
10,30,8,25.0,75.0,4.0,2.5,,0.0,0.0,False,888,148.0,-1613.88,0.982,38.74,8344.63,-0.19,41.67,30,72
10,30,8,25.0,75.0,4.0,2.5,,200.0,250.0,False,234,39.0,-3433.74,0.827,35.9,4185.9,-0.82,43.06,31,72
10,30,8,25.0,75.0,4.0,2.5,,250.0,250.0,False,267,44.5,-3958.24,0.822,35.58,5145.76,-0.77,40.28,29,72
10,30,8,25.0,75.0,4.0,2.5,,300.0,300.0,False,312,52.0,-2413.85,0.904,37.5,3601.37,-0.67,41.67,30,72
10,30,8,25.0,75.0,4.5,1.5,1.35,0.0,0.0,True,378,63.0,-2556.29,0.909,25.4,4822.77,-0.53,41.67,30,72
10,30,8,25.0,75.0,4.5,1.5,1.35,200.0,250.0,True,236,39.3,-506.51,0.965,26.69,2353.27,-0.22,43.06,31,72
10,30,8,25.0,75.0,4.5,1.5,1.35,250.0,250.0,True,253,42.2,-708.21,0.955,26.09,2155.54,-0.33,40.28,29,72
10,30,8,25.0,75.0,4.5,1.5,1.35,300.0,300.0,True,291,48.5,982.19,1.054,26.8,2202.95,0.45,43.06,31,72
10,30,8,25.0,75.0,4.5,1.5,1.4,0.0,0.0,True,430,71.7,-3490.47,0.89,24.88,5419.77,-0.64,43.06,31,72
10,30,8,25.0,75.0,4.5,1.5,1.4,200.0,250.0,True,251,41.8,-891.05,0.943,25.9,2451.94,-0.36,45.83,33,72
10,30,8,25.0,75.0,4.5,1.5,1.4,250.0,250.0,True,276,46.0,-1202.98,0.931,25.0,2746.82,-0.44,41.67,30,72
10,30,8,25.0,75.0,4.5,1.5,1.4,300.0,300.0,True,310,51.7,726.96,1.038,26.13,2301.34,0.32,45.83,33,72
10,30,8,25.0,75.0,4.5,1.5,1.45,0.0,0.0,True,462,77.0,-4196.52,0.877,24.89,5495.41,-0.76,40.28,29,72
10,30,8,25.0,75.0,4.5,1.5,1.45,200.0,250.0,True,251,41.8,277.87,1.018,27.09,1978.3,0.14,47.22,34,72
10,30,8,25.0,75.0,4.5,1.5,1.45,250.0,250.0,True,288,48.0,-474.8,0.973,25.69,1693.23,-0.28,43.06,31,72
10,30,8,25.0,75.0,4.5,1.5,1.45,300.0,300.0,True,325,54.2,646.33,1.032,26.46,1502.8,0.43,47.22,34,72
10,30,8,25.0,75.0,4.5,1.5,,0.0,0.0,False,1151,191.8,-118.71,0.999,26.15,7856.76,-0.02,38.89,28,72
10,30,8,25.0,75.0,4.5,1.5,,200.0,250.0,False,332,55.3,-1993.29,0.903,25.3,3220.16,-0.62,45.83,33,72
10,30,8,25.0,75.0,4.5,1.5,,250.0,250.0,False,354,59.0,-1733.6,0.921,25.71,3088.12,-0.56,43.06,31,72
10,30,8,25.0,75.0,4.5,1.5,,300.0,300.0,False,437,72.8,-2565.49,0.906,24.94,4069.5,-0.63,40.28,29,72
10,30,8,25.0,75.0,4.5,2.0,1.35,0.0,0.0,True,364,60.7,-3891.13,0.884,30.49,7211.23,-0.54,40.28,29,72
10,30,8,25.0,75.0,4.5,2.0,1.35,200.0,250.0,True,205,34.2,-127.34,0.992,33.66,1999.77,-0.06,50.0,36,72
10,30,8,25.0,75.0,4.5,2.0,1.35,250.0,250.0,True,223,37.2,-367.99,0.978,33.18,2300.9,-0.16,47.22,34,72
10,30,8,25.0,75.0,4.5,2.0,1.35,300.0,300.0,True,261,43.5,-286.32,0.985,31.8,2056.82,-0.14,45.83,33,72
10,30,8,25.0,75.0,4.5,2.0,1.4,0.0,0.0,True,413,68.8,-4236.0,0.887,30.27,7241.14,-0.58,44.44,32,72
10,30,8,25.0,75.0,4.5,2.0,1.4,200.0,250.0,True,222,37.0,-676.94,0.959,32.43,1943.88,-0.35,48.61,35,72
10,30,8,25.0,75.0,4.5,2.0,1.4,250.0,250.0,True,245,40.8,-409.17,0.978,32.24,1891.42,-0.22,45.83,33,72
10,30,8,25.0,75.0,4.5,2.0,1.4,300.0,300.0,True,287,47.8,-46.34,0.998,31.71,1859.37,-0.02,47.22,34,72
10,30,8,25.0,75.0,4.5,2.0,1.45,0.0,0.0,True,444,74.0,-4966.7,0.877,30.18,7384.91,-0.67,43.06,31,72
10,30,8,25.0,75.0,4.5,2.0,1.45,200.0,250.0,True,217,36.2,-173.51,0.989,32.26,1562.97,-0.11,50.0,36,72
10,30,8,25.0,75.0,4.5,2.0,1.45,250.0,250.0,True,252,42.0,-1212.97,0.938,31.35,1999.18,-0.61,44.44,32,72
10,30,8,25.0,75.0,4.5,2.0,1.45,300.0,300.0,True,293,48.8,-130.19,0.994,31.74,1995.14,-0.07,47.22,34,72
10,30,8,25.0,75.0,4.5,2.0,,0.0,0.0,False,987,164.5,-4053.12,0.955,31.0,9052.84,-0.45,40.28,29,72
10,30,8,25.0,75.0,4.5,2.0,,200.0,250.0,False,283,47.2,-3209.46,0.851,28.98,4191.13,-0.77,40.28,29,72
10,30,8,25.0,75.0,4.5,2.0,,250.0,250.0,False,301,50.2,-3437.67,0.852,29.24,4275.44,-0.8,37.5,27,72
10,30,8,25.0,75.0,4.5,2.0,,300.0,300.0,False,377,62.8,-3880.31,0.867,29.44,4377.18,-0.89,38.89,28,72
10,30,8,25.0,75.0,4.5,2.5,1.35,0.0,0.0,True,352,58.7,-3955.57,0.894,34.94,8427.52,-0.47,43.06,31,72
10,30,8,25.0,75.0,4.5,2.5,1.35,200.0,250.0,True,179,29.8,-3144.19,0.809,35.75,3589.25,-0.88,47.22,34,72
10,30,8,25.0,75.0,4.5,2.5,1.35,250.0,250.0,True,200,33.3,-3699.67,0.802,34.5,4417.59,-0.84,41.67,30,72
10,30,8,25.0,75.0,4.5,2.5,1.35,300.0,300.0,True,243,40.5,-3959.33,0.822,33.74,4677.25,-0.85,40.28,29,72
10,30,8,25.0,75.0,4.5,2.5,1.4,0.0,0.0,True,398,66.3,-4619.11,0.889,34.67,8567.55,-0.54,44.44,32,72
10,30,8,25.0,75.0,4.5,2.5,1.4,200.0,250.0,True,186,31.0,-3706.27,0.788,32.8,4238.94,-0.87,43.06,31,72
10,30,8,25.0,75.0,4.5,2.5,1.4,250.0,250.0,True,209,34.8,-3742.6,0.809,32.54,4281.42,-0.87,38.89,28,72
10,30,8,25.0,75.0,4.5,2.5,1.4,300.0,300.0,True,266,44.3,-3085.82,0.87,34.21,3522.97,-0.88,43.06,31,72
10,30,8,25.0,75.0,4.5,2.5,1.45,0.0,0.0,True,426,71.0,-4995.34,0.888,34.74,8190.49,-0.61,41.67,30,72
10,30,8,25.0,75.0,4.5,2.5,1.45,200.0,250.0,True,195,32.5,-2975.94,0.837,34.36,3493.86,-0.85,41.67,30,72
10,30,8,25.0,75.0,4.5,2.5,1.45,250.0,250.0,True,222,37.0,-3228.76,0.845,33.33,3537.86,-0.91,38.89,28,72
10,30,8,25.0,75.0,4.5,2.5,1.45,300.0,300.0,True,274,45.7,-2271.18,0.907,35.4,2757.98,-0.82,44.44,32,72
10,30,8,25.0,75.0,4.5,2.5,,0.0,0.0,False,840,140.0,484.79,1.006,36.67,8052.89,0.06,45.83,33,72
10,30,8,25.0,75.0,4.5,2.5,,200.0,250.0,False,199,33.2,-5308.75,0.721,30.65,5496.24,-0.97,38.89,28,72
10,30,8,25.0,75.0,4.5,2.5,,250.0,250.0,False,218,36.3,-5729.94,0.723,30.73,5917.43,-0.97,36.11,26,72
10,30,8,25.0,75.0,4.5,2.5,,300.0,300.0,False,279,46.5,-7092.29,0.726,30.47,7279.78,-0.97,36.11,26,72
10,30,8,25.0,75.0,5.0,1.5,1.35,0.0,0.0,True,371,61.8,-3778.83,0.868,22.91,5814.08,-0.65,41.67,30,72
10,30,8,25.0,75.0,5.0,1.5,1.35,200.0,250.0,True,219,36.5,-100.79,0.993,25.57,2314.22,-0.04,44.44,32,72
10,30,8,25.0,75.0,5.0,1.5,1.35,250.0,250.0,True,251,41.8,-1192.5,0.927,24.3,2420.09,-0.49,40.28,29,72
10,30,8,25.0,75.0,5.0,1.5,1.35,300.0,300.0,True,278,46.3,781.19,1.044,25.18,1980.94,0.39,44.44,32,72
10,30,8,25.0,75.0,5.0,1.5,1.4,0.0,0.0,True,422,70.3,-4363.46,0.865,22.75,6056.16,-0.72,43.06,31,72
10,30,8,25.0,75.0,5.0,1.5,1.4,200.0,250.0,True,240,40.0,440.54,1.03,25.83,2119.45,0.21,48.61,35,72
10,30,8,25.0,75.0,5.0,1.5,1.4,250.0,250.0,True,267,44.5,-909.49,0.947,24.34,2584.02,-0.35,43.06,31,72
10,30,8,25.0,75.0,5.0,1.5,1.4,300.0,300.0,True,305,50.8,686.2,1.035,24.59,2028.78,0.34,44.44,32,72
10,30,8,25.0,75.0,5.0,1.5,1.45,0.0,0.0,True,451,75.2,-5543.33,0.84,22.39,6626.28,-0.84,43.06,31,72
10,30,8,25.0,75.0,5.0,1.5,1.45,200.0,250.0,True,247,41.2,744.5,1.049,25.91,1940.57,0.38,51.39,37,72
10,30,8,25.0,75.0,5.0,1.5,1.45,250.0,250.0,True,280,46.7,-762.58,0.957,24.29,2280.1,-0.33,45.83,33,72
10,30,8,25.0,75.0,5.0,1.5,1.45,300.0,300.0,True,323,53.8,-58.46,0.997,23.84,2099.17,-0.03,47.22,34,72
10,30,8,25.0,75.0,5.0,1.5,,0.0,0.0,False,1093,182.2,113.56,1.001,24.52,6494.58,0.02,45.83,33,72
10,30,8,25.0,75.0,5.0,1.5,,200.0,250.0,False,297,49.5,-2205.93,0.884,22.56,2996.17,-0.74,45.83,33,72
10,30,8,25.0,75.0,5.0,1.5,,250.0,250.0,False,341,56.8,-1975.41,0.91,23.46,3706.32,-0.53,41.67,30,72
10,30,8,25.0,75.0,5.0,1.5,,300.0,300.0,False,415,69.2,-1256.83,0.951,23.61,4319.47,-0.29,44.44,32,72
10,30,8,25.0,75.0,5.0,2.0,1.35,0.0,0.0,True,355,59.2,-5038.08,0.853,27.89,8143.15,-0.62,43.06,31,72
10,30,8,25.0,75.0,5.0,2.0,1.35,200.0,250.0,True,201,33.5,-1103.14,0.931,30.85,3084.44,-0.36,47.22,34,72
10,30,8,25.0,75.0,5.0,2.0,1.35,250.0,250.0,True,220,36.7,-1342.58,0.924,30.45,3525.69,-0.38,44.44,32,72
10,30,8,25.0,75.0,5.0,2.0,1.35,300.0,300.0,True,246,41.0,-1231.31,0.937,30.49,3482.41,-0.35,44.44,32,72
10,30,8,25.0,75.0,5.0,2.0,1.4,0.0,0.0,True,403,67.2,-4917.94,0.871,28.04,7675.95,-0.64,48.61,35,72
10,30,8,25.0,75.0,5.0,2.0,1.4,200.0,250.0,True,224,37.3,-2036.34,0.887,29.46,2851.59,-0.71,45.83,33,72
10,30,8,25.0,75.0,5.0,2.0,1.4,250.0,250.0,True,245,40.8,-1966.55,0.899,29.39,2960.71,-0.66,44.44,32,72
10,30,8,25.0,75.0,5.0,2.0,1.4,300.0,300.0,True,282,47.0,-2044.42,0.909,29.43,3309.51,-0.62,44.44,32,72
10,30,8,25.0,75.0,5.0,2.0,1.45,0.0,0.0,True,431,71.8,-6076.49,0.852,27.61,8363.83,-0.73,47.22,34,72
10,30,8,25.0,75.0,5.0,2.0,1.45,200.0,250.0,True,217,36.2,-1321.62,0.922,29.03,2266.69,-0.58,48.61,35,72
10,30,8,25.0,75.0,5.0,2.0,1.45,250.0,250.0,True,245,40.8,-1907.74,0.901,28.16,2601.28,-0.73,44.44,32,72
10,30,8,25.0,75.0,5.0,2.0,1.45,300.0,300.0,True,294,49.0,-1685.24,0.927,28.91,2329.53,-0.72,44.44,32,72
10,30,8,25.0,75.0,5.0,2.0,,0.0,0.0,False,917,152.8,-2984.77,0.965,29.23,9209.21,-0.32,43.06,31,72
10,30,8,25.0,75.0,5.0,2.0,,200.0,250.0,False,254,42.3,-4033.66,0.802,25.59,4910.84,-0.82,41.67,30,72
10,30,8,25.0,75.0,5.0,2.0,,250.0,250.0,False,302,50.3,-3038.15,0.871,27.48,4519.81,-0.67,40.28,29,72
10,30,8,25.0,75.0,5.0,2.0,,300.0,300.0,False,352,58.7,-1595.25,0.941,28.41,3511.62,-0.45,45.83,33,72
10,30,8,25.0,75.0,5.0,2.5,1.35,0.0,0.0,True,341,56.8,-4191.58,0.888,32.26,10115.79,-0.41,41.67,30,72
10,30,8,25.0,75.0,5.0,2.5,1.35,200.0,250.0,True,175,29.2,-3736.49,0.785,33.71,4428.36,-0.84,44.44,32,72
10,30,8,25.0,75.0,5.0,2.5,1.35,250.0,250.0,True,191,31.8,-3198.62,0.83,34.03,4803.22,-0.67,41.67,30,72
10,30,8,25.0,75.0,5.0,2.5,1.35,300.0,300.0,True,229,38.2,-3231.88,0.853,33.19,5117.52,-0.63,41.67,30,72
10,30,8,25.0,75.0,5.0,2.5,1.4,0.0,0.0,True,387,64.5,-4069.74,0.902,32.56,9455.42,-0.43,50.0,36,72
10,30,8,25.0,75.0,5.0,2.5,1.4,200.0,250.0,True,182,30.3,-4103.31,0.772,32.42,4895.14,-0.84,44.44,32,72
10,30,8,25.0,75.0,5.0,2.5,1.4,250.0,250.0,True,197,32.8,-3634.3,0.814,31.47,5098.85,-0.71,40.28,29,72
10,30,8,25.0,75.0,5.0,2.5,1.4,300.0,300.0,True,254,42.3,-2713.73,0.885,33.07,4485.5,-0.61,44.44,32,72
10,30,8,25.0,75.0,5.0,2.5,1.45,0.0,0.0,True,410,68.3,-4603.94,0.896,32.44,9378.35,-0.49,50.0,36,72
10,30,8,25.0,75.0,5.0,2.5,1.45,200.0,250.0,True,182,30.3,-2817.38,0.839,33.52,3512.0,-0.8,45.83,33,72
10,30,8,25.0,75.0,5.0,2.5,1.45,250.0,250.0,True,204,34.0,-2609.9,0.866,31.86,4200.82,-0.62,40.28,29,72
10,30,8,25.0,75.0,5.0,2.5,1.45,300.0,300.0,True,263,43.8,-1986.58,0.917,33.08,3274.97,-0.61,44.44,32,72
10,30,8,25.0,75.0,5.0,2.5,,0.0,0.0,False,781,130.2,911.57,1.011,34.44,8294.39,0.11,48.61,35,72
10,30,8,25.0,75.0,5.0,2.5,,200.0,250.0,False,188,31.3,-4181.65,0.77,29.26,4390.31,-0.95,41.67,30,72
10,30,8,25.0,75.0,5.0,2.5,,250.0,250.0,False,212,35.3,-5157.75,0.749,28.77,5366.41,-0.96,36.11,26,72
10,30,8,25.0,75.0,5.0,2.5,,300.0,300.0,False,273,45.5,-7924.49,0.697,27.84,8133.15,-0.97,34.72,25,72
10,30,8,30.0,70.0,3.5,1.5,1.35,0.0,0.0,True,384,64.0,-1428.17,0.946,30.21,5257.14,-0.27,41.67,30,72
10,30,8,30.0,70.0,3.5,1.5,1.35,200.0,250.0,True,271,45.2,-368.18,0.976,30.26,2944.05,-0.13,45.83,33,72
10,30,8,30.0,70.0,3.5,1.5,1.35,250.0,250.0,True,286,47.7,-966.65,0.94,29.72,3496.28,-0.28,43.06,31,72
10,30,8,30.0,70.0,3.5,1.5,1.35,300.0,300.0,True,313,52.2,-250.17,0.986,30.35,2520.84,-0.1,44.44,32,72
10,30,8,30.0,70.0,3.5,1.5,1.4,0.0,0.0,True,433,72.2,-1829.3,0.938,29.56,5544.45,-0.33,43.06,31,72
10,30,8,30.0,70.0,3.5,1.5,1.4,200.0,250.0,True,282,47.0,128.03,1.008,29.43,2547.47,0.05,47.22,34,72
10,30,8,30.0,70.0,3.5,1.5,1.4,250.0,250.0,True,298,49.7,-233.38,0.986,29.19,2788.65,-0.08,44.44,32,72
10,30,8,30.0,70.0,3.5,1.5,1.4,300.0,300.0,True,338,56.3,-621.35,0.968,28.99,3525.06,-0.18,43.06,31,72
10,30,8,30.0,70.0,3.5,1.5,1.45,0.0,0.0,True,471,78.5,-2868.62,0.911,29.09,6073.68,-0.47,38.89,28,72
10,30,8,30.0,70.0,3.5,1.5,1.45,200.0,250.0,True,301,50.2,-1122.76,0.933,28.57,2865.97,-0.39,41.67,30,72
10,30,8,30.0,70.0,3.5,1.5,1.45,250.0,250.0,True,316,52.7,-1737.85,0.904,28.16,3501.18,-0.5,37.5,27,72
10,30,8,30.0,70.0,3.5,1.5,1.45,300.0,300.0,True,365,60.8,-1370.64,0.935,28.22,3640.31,-0.38,38.89,28,72
10,30,8,30.0,70.0,3.5,1.5,,0.0,0.0,False,1264,210.7,-4903.21,0.943,29.91,10123.9,-0.48,37.5,27,72
10,30,8,30.0,70.0,3.5,1.5,,200.0,250.0,False,364,60.7,-4539.33,0.791,27.47,4842.86,-0.94,40.28,29,72
10,30,8,30.0,70.0,3.5,1.5,,250.0,250.0,False,396,66.0,-4809.51,0.795,27.78,5113.04,-0.94,36.11,26,72
10,30,8,30.0,70.0,3.5,1.5,,300.0,300.0,False,520,86.7,-5156.94,0.829,28.27,5725.41,-0.9,36.11,26,72
10,30,8,30.0,70.0,3.5,2.0,1.35,0.0,0.0,True,371,61.8,-807.63,0.973,37.2,6111.83,-0.13,44.44,32,72
10,30,8,30.0,70.0,3.5,2.0,1.35,200.0,250.0,True,240,40.0,1012.12,1.065,37.92,1901.22,0.53,51.39,37,72
10,30,8,30.0,70.0,3.5,2.0,1.35,250.0,250.0,True,251,41.8,-144.07,0.991,36.65,3084.74,-0.05,47.22,34,72
10,30,8,30.0,70.0,3.5,2.0,1.35,300.0,300.0,True,282,47.0,28.9,1.002,37.23,2584.77,0.01,47.22,34,72
10,30,8,30.0,70.0,3.5,2.0,1.4,0.0,0.0,True,414,69.0,-1059.25,0.968,36.47,6083.04,-0.17,45.83,33,72
10,30,8,30.0,70.0,3.5,2.0,1.4,200.0,250.0,True,248,41.3,1828.51,1.117,38.31,1810.24,1.01,51.39,37,72
10,30,8,30.0,70.0,3.5,2.0,1.4,250.0,250.0,True,262,43.7,697.36,1.041,37.02,2173.27,0.32,47.22,34,72
10,30,8,30.0,70.0,3.5,2.0,1.4,300.0,300.0,True,302,50.3,-117.54,0.994,36.42,2364.19,-0.05,45.83,33,72
10,30,8,30.0,70.0,3.5,2.0,1.45,0.0,0.0,True,451,75.2,-2131.84,0.942,36.14,6619.44,-0.32,43.06,31,72
10,30,8,30.0,70.0,3.5,2.0,1.45,200.0,250.0,True,264,44.0,1536.76,1.09,36.74,2545.29,0.6,47.22,34,72
10,30,8,30.0,70.0,3.5,2.0,1.45,250.0,250.0,True,275,45.8,1100.79,1.061,36.73,2360.84,0.47,44.44,32,72
10,30,8,30.0,70.0,3.5,2.0,1.45,300.0,300.0,True,310,51.7,1233.42,1.06,37.1,2166.99,0.57,45.83,33,72
10,30,8,30.0,70.0,3.5,2.0,,0.0,0.0,False,1101,183.5,-5113.17,0.944,36.06,11209.33,-0.46,44.44,32,72
10,30,8,30.0,70.0,3.5,2.0,,200.0,250.0,False,330,55.0,-3734.88,0.84,34.55,4301.0,-0.87,41.67,30,72
10,30,8,30.0,70.0,3.5,2.0,,250.0,250.0,False,378,63.0,-3773.45,0.854,34.66,4401.62,-0.86,40.28,29,72
10,30,8,30.0,70.0,3.5,2.0,,300.0,300.0,False,448,74.7,-2232.71,0.926,36.83,3654.78,-0.61,43.06,31,72
10,30,8,30.0,70.0,3.5,2.5,1.35,0.0,0.0,True,360,60.0,-158.15,0.995,41.67,7431.82,-0.02,47.22,34,72
10,30,8,30.0,70.0,3.5,2.5,1.35,200.0,250.0,True,208,34.7,-217.36,0.986,41.35,2468.54,-0.09,50.0,36,72
10,30,8,30.0,70.0,3.5,2.5,1.35,250.0,250.0,True,221,36.8,-1269.17,0.927,40.27,3378.1,-0.38,45.83,33,72
10,30,8,30.0,70.0,3.5,2.5,1.35,300.0,300.0,True,256,42.7,656.42,1.034,42.58,2076.65,0.32,48.61,35,72
10,30,8,30.0,70.0,3.5,2.5,1.4,0.0,0.0,True,399,66.5,-785.37,0.979,40.85,7600.14,-0.1,45.83,33,72
10,30,8,30.0,70.0,3.5,2.5,1.4,200.0,250.0,True,216,36.0,-671.9,0.96,40.28,2702.96,-0.25,47.22,34,72
10,30,8,30.0,70.0,3.5,2.5,1.4,250.0,250.0,True,228,38.0,-1778.56,0.902,39.04,3667.37,-0.48,43.06,31,72
10,30,8,30.0,70.0,3.5,2.5,1.4,300.0,300.0,True,270,45.0,188.01,1.009,41.48,2670.81,0.07,45.83,33,72
10,30,8,30.0,70.0,3.5,2.5,1.45,0.0,0.0,True,437,72.8,-2380.36,0.941,40.27,8421.64,-0.28,43.06,31,72
10,30,8,30.0,70.0,3.5,2.5,1.45,200.0,250.0,True,230,38.3,820.73,1.047,41.3,2603.01,0.32,47.22,34,72
10,30,8,30.0,70.0,3.5,2.5,1.45,250.0,250.0,True,240,40.0,474.58,1.026,41.25,3270.51,0.15,44.44,32,72
10,30,8,30.0,70.0,3.5,2.5,1.45,300.0,300.0,True,285,47.5,1590.89,1.075,42.46,2949.35,0.54,47.22,34,72
10,30,8,30.0,70.0,3.5,2.5,,0.0,0.0,False,948,158.0,1020.87,1.012,42.51,8132.05,0.13,45.83,33,72
10,30,8,30.0,70.0,3.5,2.5,,200.0,250.0,False,265,44.2,-3595.14,0.827,39.62,4417.55,-0.81,44.44,32,72
10,30,8,30.0,70.0,3.5,2.5,,250.0,250.0,False,279,46.5,-2698.29,0.875,40.5,3719.08,-0.73,43.06,31,72
10,30,8,30.0,70.0,3.5,2.5,,300.0,300.0,False,342,57.0,-3507.08,0.869,40.64,3932.47,-0.89,41.67,30,72
10,30,8,30.0,70.0,4.0,1.5,1.35,0.0,0.0,True,375,62.5,-1303.61,0.951,28.0,4106.87,-0.32,45.83,33,72
10,30,8,30.0,70.0,4.0,1.5,1.35,200.0,250.0,True,249,41.5,801.4,1.055,29.32,2610.63,0.31,47.22,34,72
10,30,8,30.0,70.0,4.0,1.5,1.35,250.0,250.0,True,277,46.2,-524.18,0.968,27.44,3123.13,-0.17,41.67,30,72
10,30,8,30.0,70.0,4.0,1.5,1.35,300.0,300.0,True,296,49.3,801.41,1.047,28.72,1660.18,0.48,45.83,33,72
10,30,8,30.0,70.0,4.0,1.5,1.4,0.0,0.0,True,424,70.7,-1292.34,0.957,27.59,3725.55,-0.35,50.0,36,72
10,30,8,30.0,70.0,4.0,1.5,1.4,200.0,250.0,True,266,44.3,1576.39,1.105,28.57,2431.76,0.65,48.61,35,72
10,30,8,30.0,70.0,4.0,1.5,1.4,250.0,250.0,True,290,48.3,966.26,1.059,27.93,2587.3,0.37,47.22,34,72
10,30,8,30.0,70.0,4.0,1.5,1.4,300.0,300.0,True,314,52.3,1848.8,1.104,28.66,2296.82,0.8,50.0,36,72
10,30,8,30.0,70.0,4.0,1.5,1.45,0.0,0.0,True,459,76.5,-1814.27,0.944,27.45,3695.9,-0.49,48.61,35,72
10,30,8,30.0,70.0,4.0,1.5,1.45,200.0,250.0,True,276,46.0,290.31,1.018,27.54,2614.4,0.11,47.22,34,72
10,30,8,30.0,70.0,4.0,1.5,1.45,250.0,250.0,True,304,50.7,1.84,1.0,27.63,2625.91,0.0,45.83,33,72
10,30,8,30.0,70.0,4.0,1.5,1.45,300.0,300.0,True,330,55.0,1569.9,1.083,28.48,1666.0,0.94,48.61,35,72
10,30,8,30.0,70.0,4.0,1.5,,0.0,0.0,False,1202,200.3,-5097.66,0.94,27.37,8955.79,-0.57,38.89,28,72
10,30,8,30.0,70.0,4.0,1.5,,200.0,250.0,False,370,61.7,-2991.66,0.865,26.76,4377.75,-0.68,43.06,31,72
10,30,8,30.0,70.0,4.0,1.5,,250.0,250.0,False,410,68.3,-3270.54,0.865,26.59,4377.75,-0.75,40.28,29,72
10,30,8,30.0,70.0,4.0,1.5,,300.0,300.0,False,454,75.7,-2722.58,0.899,26.87,4086.3,-0.67,41.67,30,72
10,30,8,30.0,70.0,4.0,2.0,1.35,0.0,0.0,True,361,60.2,-1106.59,0.965,34.07,5635.87,-0.2,44.44,32,72
10,30,8,30.0,70.0,4.0,2.0,1.35,200.0,250.0,True,230,38.3,1664.16,1.107,36.09,2043.56,0.81,51.39,37,72
10,30,8,30.0,70.0,4.0,2.0,1.35,250.0,250.0,True,249,41.5,481.03,1.028,34.14,2493.89,0.19,47.22,34,72
10,30,8,30.0,70.0,4.0,2.0,1.35,300.0,300.0,True,264,44.0,1148.92,1.063,35.23,2400.62,0.48,48.61,35,72
10,30,8,30.0,70.0,4.0,2.0,1.4,0.0,0.0,True,404,67.3,-912.99,0.974,33.66,5166.8,-0.18,45.83,33,72
10,30,8,30.0,70.0,4.0,2.0,1.4,200.0,250.0,True,240,40.0,2235.77,1.141,35.83,1639.3,1.36,50.0,36,72
10,30,8,30.0,70.0,4.0,2.0,1.4,250.0,250.0,True,261,43.5,1524.16,1.088,34.87,1912.19,0.8,47.22,34,72
10,30,8,30.0,70.0,4.0,2.0,1.4,300.0,300.0,True,291,48.5,1761.51,1.09,35.05,1351.25,1.3,47.22,34,72
10,30,8,30.0,70.0,4.0,2.0,1.45,0.0,0.0,True,438,73.0,-1321.28,0.965,33.79,4978.06,-0.27,50.0,36,72
10,30,8,30.0,70.0,4.0,2.0,1.45,200.0,250.0,True,254,42.3,1678.93,1.096,33.86,2304.31,0.73,50.0,36,72
10,30,8,30.0,70.0,4.0,2.0,1.45,250.0,250.0,True,268,44.7,1835.67,1.101,34.33,2191.52,0.84,50.0,36,72
10,30,8,30.0,70.0,4.0,2.0,1.45,300.0,300.0,True,302,50.3,2833.48,1.139,35.43,1506.93,1.88,51.39,37,72
10,30,8,30.0,70.0,4.0,2.0,,0.0,0.0,False,1032,172.0,-6389.47,0.929,32.95,10064.46,-0.63,40.28,29,72
10,30,8,30.0,70.0,4.0,2.0,,200.0,250.0,False,315,52.5,-91.96,0.996,34.92,2436.49,-0.04,48.61,35,72
10,30,8,30.0,70.0,4.0,2.0,,250.0,250.0,False,349,58.2,-1212.51,0.95,34.1,3189.19,-0.38,44.44,32,72
10,30,8,30.0,70.0,4.0,2.0,,300.0,300.0,False,417,69.5,-3654.6,0.88,32.13,4253.84,-0.86,41.67,30,72
10,30,8,30.0,70.0,4.0,2.5,1.35,0.0,0.0,True,349,58.2,2.28,1.0,38.4,7073.23,0.0,44.44,32,72
10,30,8,30.0,70.0,4.0,2.5,1.35,200.0,250.0,True,195,32.5,295.16,1.019,38.97,2047.51,0.14,47.22,34,72
10,30,8,30.0,70.0,4.0,2.5,1.35,250.0,250.0,True,210,35.0,-546.25,0.968,37.62,3087.33,-0.18,43.06,31,72
10,30,8,30.0,70.0,4.0,2.5,1.35,300.0,300.0,True,244,40.7,598.54,1.031,38.93,2251.64,0.27,45.83,33,72
10,30,8,30.0,70.0,4.0,2.5,1.4,0.0,0.0,True,388,64.7,-179.91,0.995,37.89,6786.43,-0.03,44.44,32,72
10,30,8,30.0,70.0,4.0,2.5,1.4,200.0,250.0,True,202,33.7,220.82,1.014,38.61,2120.1,0.1,45.83,33,72
10,30,8,30.0,70.0,4.0,2.5,1.4,250.0,250.0,True,220,36.7,-1063.49,0.941,36.82,3276.34,-0.32,41.67,30,72
10,30,8,30.0,70.0,4.0,2.5,1.4,300.0,300.0,True,257,42.8,120.84,1.006,38.52,2381.81,0.05,44.44,32,72
10,30,8,30.0,70.0,4.0,2.5,1.45,0.0,0.0,True,423,70.5,-998.76,0.976,37.83,6841.89,-0.15,44.44,32,72
10,30,8,30.0,70.0,4.0,2.5,1.45,200.0,250.0,True,215,35.8,2395.96,1.143,40.47,1657.62,1.45,47.22,34,72
10,30,8,30.0,70.0,4.0,2.5,1.45,250.0,250.0,True,230,38.3,1525.76,1.084,39.57,2411.93,0.63,44.44,32,72
10,30,8,30.0,70.0,4.0,2.5,1.45,300.0,300.0,True,266,44.3,2766.17,1.136,40.6,2338.19,1.18,48.61,35,72
10,30,8,30.0,70.0,4.0,2.5,,0.0,0.0,False,890,148.3,-374.7,0.996,39.33,7260.74,-0.05,38.89,28,72
10,30,8,30.0,70.0,4.0,2.5,,200.0,250.0,False,228,38.0,-1604.19,0.913,38.6,3068.86,-0.52,45.83,33,72
10,30,8,30.0,70.0,4.0,2.5,,250.0,250.0,False,250,41.7,-2377.77,0.883,38.0,4072.73,-0.58,43.06,31,72
10,30,8,30.0,70.0,4.0,2.5,,300.0,300.0,False,303,50.5,-2475.6,0.9,37.95,3742.5,-0.66,41.67,30,72
10,30,8,30.0,70.0,4.5,1.5,1.35,0.0,0.0,True,369,61.5,-490.79,0.982,26.56,3606.78,-0.14,47.22,34,72
10,30,8,30.0,70.0,4.5,1.5,1.35,200.0,250.0,True,237,39.5,35.95,1.002,27.85,2375.5,0.02,47.22,34,72
10,30,8,30.0,70.0,4.5,1.5,1.35,250.0,250.0,True,253,42.2,-487.93,0.969,26.88,2435.63,-0.2,43.06,31,72
10,30,8,30.0,70.0,4.5,1.5,1.35,300.0,300.0,True,292,48.7,214.14,1.012,26.71,2403.19,0.09,45.83,33,72
10,30,8,30.0,70.0,4.5,1.5,1.4,0.0,0.0,True,416,69.3,48.47,1.002,26.44,2658.82,0.02,52.78,38,72
10,30,8,30.0,70.0,4.5,1.5,1.4,200.0,250.0,True,247,41.2,544.43,1.036,27.13,1456.52,0.37,50.0,36,72
10,30,8,30.0,70.0,4.5,1.5,1.4,250.0,250.0,True,270,45.0,186.11,1.011,25.93,2212.97,0.08,47.22,34,72
10,30,8,30.0,70.0,4.5,1.5,1.4,300.0,300.0,True,308,51.3,1982.24,1.107,27.27,2032.83,0.98,51.39,37,72
10,30,8,30.0,70.0,4.5,1.5,1.45,0.0,0.0,True,452,75.3,-364.64,0.989,26.33,2785.19,-0.13,44.44,32,72
10,30,8,30.0,70.0,4.5,1.5,1.45,200.0,250.0,True,243,40.5,-11.22,0.999,27.16,2267.11,-0.0,47.22,34,72
10,30,8,30.0,70.0,4.5,1.5,1.45,250.0,250.0,True,280,46.7,-878.18,0.949,25.36,2461.86,-0.36,41.67,30,72
10,30,8,30.0,70.0,4.5,1.5,1.45,300.0,300.0,True,320,53.3,1854.04,1.095,27.19,1620.75,1.14,47.22,34,72
10,30,8,30.0,70.0,4.5,1.5,,0.0,0.0,False,1159,193.2,-2160.92,0.974,25.88,8096.49,-0.27,38.89,28,72
10,30,8,30.0,70.0,4.5,1.5,,200.0,250.0,False,322,53.7,-2284.05,0.885,25.78,4495.1,-0.51,45.83,33,72
10,30,8,30.0,70.0,4.5,1.5,,250.0,250.0,False,353,58.8,-2557.1,0.883,25.78,4983.63,-0.51,41.67,30,72
10,30,8,30.0,70.0,4.5,1.5,,300.0,300.0,False,478,79.7,-3085.14,0.895,25.31,4131.85,-0.75,38.89,28,72
10,30,8,30.0,70.0,4.5,2.0,1.35,0.0,0.0,True,354,59.0,-1157.8,0.964,31.64,6304.75,-0.18,44.44,32,72
10,30,8,30.0,70.0,4.5,2.0,1.35,200.0,250.0,True,206,34.3,1362.24,1.093,34.95,1393.13,0.98,55.56,40,72
10,30,8,30.0,70.0,4.5,2.0,1.35,250.0,250.0,True,225,37.5,629.95,1.038,33.78,1572.28,0.4,50.0,36,72
10,30,8,30.0,70.0,4.5,2.0,1.35,300.0,300.0,True,264,44.0,-908.96,0.954,31.44,2744.65,-0.33,47.22,34,72
10,30,8,30.0,70.0,4.5,2.0,1.4,0.0,0.0,True,396,66.0,-461.89,0.987,31.57,5338.31,-0.09,48.61,35,72
10,30,8,30.0,70.0,4.5,2.0,1.4,200.0,250.0,True,215,35.8,753.95,1.049,33.49,1422.0,0.53,52.78,38,72
10,30,8,30.0,70.0,4.5,2.0,1.4,250.0,250.0,True,238,39.7,869.46,1.051,32.77,1660.03,0.52,48.61,35,72
10,30,8,30.0,70.0,4.5,2.0,1.4,300.0,300.0,True,282,47.0,856.08,1.042,32.62,1701.29,0.5,48.61,35,72
10,30,8,30.0,70.0,4.5,2.0,1.45,0.0,0.0,True,431,71.8,-717.09,0.981,31.79,5006.58,-0.14,45.83,33,72
10,30,8,30.0,70.0,4.5,2.0,1.45,200.0,250.0,True,218,36.3,539.93,1.034,32.57,1531.77,0.35,51.39,37,72
10,30,8,30.0,70.0,4.5,2.0,1.45,250.0,250.0,True,249,41.5,1581.68,1.088,32.53,1621.89,0.98,47.22,34,72
10,30,8,30.0,70.0,4.5,2.0,1.45,300.0,300.0,True,295,49.2,2161.94,1.102,33.22,2096.96,1.03,47.22,34,72
10,30,8,30.0,70.0,4.5,2.0,,0.0,0.0,False,987,164.5,-3821.05,0.957,31.1,8261.12,-0.46,43.06,31,72
10,30,8,30.0,70.0,4.5,2.0,,200.0,250.0,False,279,46.5,-1161.2,0.944,31.18,3083.86,-0.38,45.83,33,72
10,30,8,30.0,70.0,4.5,2.0,,250.0,250.0,False,300,50.0,-2339.56,0.898,30.67,3643.5,-0.64,41.67,30,72
10,30,8,30.0,70.0,4.5,2.0,,300.0,300.0,False,377,62.8,-4199.15,0.857,29.44,4386.64,-0.96,40.28,29,72
10,30,8,30.0,70.0,4.5,2.5,1.35,0.0,0.0,True,342,57.0,223.87,1.007,35.96,7694.32,0.03,44.44,32,72
10,30,8,30.0,70.0,4.5,2.5,1.35,200.0,250.0,True,178,29.7,-358.88,0.977,37.64,1953.49,-0.18,51.39,37,72
10,30,8,30.0,70.0,4.5,2.5,1.35,250.0,250.0,True,198,33.0,-1041.93,0.94,36.36,2575.46,-0.4,45.83,33,72
10,30,8,30.0,70.0,4.5,2.5,1.35,300.0,300.0,True,236,39.3,-772.07,0.962,36.02,2649.25,-0.29,45.83,33,72
10,30,8,30.0,70.0,4.5,2.5,1.4,0.0,0.0,True,380,63.3,593.42,1.016,35.79,6845.69,0.09,48.61,35,72
10,30,8,30.0,70.0,4.5,2.5,1.4,200.0,250.0,True,184,30.7,-1148.45,0.929,35.87,2171.24,-0.53,48.61,35,72
10,30,8,30.0,70.0,4.5,2.5,1.4,250.0,250.0,True,206,34.3,-1301.87,0.928,35.44,2530.97,-0.51,44.44,32,72
10,30,8,30.0,70.0,4.5,2.5,1.4,300.0,300.0,True,249,41.5,-1012.35,0.953,35.74,2732.36,-0.37,45.83,33,72
10,30,8,30.0,70.0,4.5,2.5,1.45,0.0,0.0,True,415,69.2,25.76,1.001,35.9,6660.06,0.0,45.83,33,72
10,30,8,30.0,70.0,4.5,2.5,1.45,200.0,250.0,True,202,33.7,139.85,1.008,36.63,2426.67,0.06,47.22,34,72
10,30,8,30.0,70.0,4.5,2.5,1.45,250.0,250.0,True,222,37.0,1048.2,1.056,37.39,1820.4,0.58,45.83,33,72
10,30,8,30.0,70.0,4.5,2.5,1.45,300.0,300.0,True,259,43.2,765.51,1.035,37.07,2189.06,0.35,47.22,34,72
10,30,8,30.0,70.0,4.5,2.5,,0.0,0.0,False,830,138.3,2709.92,1.032,37.59,7194.49,0.38,44.44,32,72
10,30,8,30.0,70.0,4.5,2.5,,200.0,250.0,False,203,33.8,-3495.41,0.809,33.99,3682.9,-0.95,43.06,31,72
10,30,8,30.0,70.0,4.5,2.5,,250.0,250.0,False,229,38.2,-4027.88,0.804,34.06,4215.37,-0.96,38.89,28,72
10,30,8,30.0,70.0,4.5,2.5,,300.0,300.0,False,286,47.7,-4965.17,0.805,33.92,5152.66,-0.96,40.28,29,72
10,30,8,30.0,70.0,5.0,1.5,1.35,0.0,0.0,True,365,60.8,-1397.53,0.949,24.11,4495.34,-0.31,45.83,33,72
10,30,8,30.0,70.0,5.0,1.5,1.35,200.0,250.0,True,220,36.7,-569.66,0.959,25.45,2901.81,-0.2,44.44,32,72
10,30,8,30.0,70.0,5.0,1.5,1.35,250.0,250.0,True,252,42.0,-1276.55,0.921,24.6,2901.81,-0.44,40.28,29,72
10,30,8,30.0,70.0,5.0,1.5,1.35,300.0,300.0,True,280,46.7,-237.17,0.987,25.0,2476.9,-0.1,43.06,31,72
10,30,8,30.0,70.0,5.0,1.5,1.4,0.0,0.0,True,410,68.3,-229.65,0.992,24.39,3029.55,-0.08,51.39,37,72
10,30,8,30.0,70.0,5.0,1.5,1.4,200.0,250.0,True,233,38.8,1468.81,1.103,26.61,1505.42,0.98,51.39,37,72
10,30,8,30.0,70.0,5.0,1.5,1.4,250.0,250.0,True,265,44.2,490.45,1.03,25.28,1809.7,0.27,45.83,33,72
10,30,8,30.0,70.0,5.0,1.5,1.4,300.0,300.0,True,302,50.3,1438.59,1.076,25.17,2038.02,0.71,48.61,35,72
10,30,8,30.0,70.0,5.0,1.5,1.45,0.0,0.0,True,442,73.7,-1428.02,0.957,23.76,3676.34,-0.39,44.44,32,72
10,30,8,30.0,70.0,5.0,1.5,1.45,200.0,250.0,True,236,39.3,300.9,1.021,25.85,2425.19,0.12,50.0,36,72
10,30,8,30.0,70.0,5.0,1.5,1.45,250.0,250.0,True,276,46.0,-1220.97,0.93,23.91,3026.14,-0.4,43.06,31,72
10,30,8,30.0,70.0,5.0,1.5,1.45,300.0,300.0,True,319,53.2,580.44,1.029,24.14,2141.72,0.27,45.83,33,72
10,30,8,30.0,70.0,5.0,1.5,,0.0,0.0,False,1104,184.0,-1698.98,0.979,24.28,6849.13,-0.25,47.22,34,72
10,30,8,30.0,70.0,5.0,1.5,,200.0,250.0,False,298,49.7,-2521.81,0.867,23.15,4446.95,-0.57,44.44,32,72
10,30,8,30.0,70.0,5.0,1.5,,250.0,250.0,False,340,56.7,-2806.07,0.871,23.53,5055.25,-0.56,40.28,29,72
10,30,8,30.0,70.0,5.0,1.5,,300.0,300.0,False,439,73.2,-678.49,0.975,24.6,3511.52,-0.19,44.44,32,72
10,30,8,30.0,70.0,5.0,2.0,1.35,0.0,0.0,True,348,58.0,-2021.85,0.938,29.02,6888.44,-0.29,45.83,33,72
10,30,8,30.0,70.0,5.0,2.0,1.35,200.0,250.0,True,203,33.8,-734.14,0.954,31.03,2134.3,-0.34,48.61,35,72
10,30,8,30.0,70.0,5.0,2.0,1.35,250.0,250.0,True,221,36.8,-982.61,0.944,30.77,2631.05,-0.37,45.83,33,72
10,30,8,30.0,70.0,5.0,2.0,1.35,300.0,300.0,True,250,41.7,-1064.36,0.946,30.0,3001.12,-0.35,44.44,32,72
10,30,8,30.0,70.0,5.0,2.0,1.4,0.0,0.0,True,389,64.8,-869.7,0.976,29.31,5421.33,-0.16,47.22,34,72
10,30,8,30.0,70.0,5.0,2.0,1.4,200.0,250.0,True,216,36.0,1059.83,1.065,31.48,1555.08,0.68,51.39,37,72
10,30,8,30.0,70.0,5.0,2.0,1.4,250.0,250.0,True,234,39.0,1312.17,1.075,31.2,1555.08,0.84,50.0,36,72
10,30,8,30.0,70.0,5.0,2.0,1.4,300.0,300.0,True,273,45.5,1198.49,1.058,30.4,1972.21,0.61,48.61,35,72
10,30,8,30.0,70.0,5.0,2.0,1.45,0.0,0.0,True,420,70.0,-2016.33,0.948,28.81,6097.29,-0.33,47.22,34,72
10,30,8,30.0,70.0,5.0,2.0,1.45,200.0,250.0,True,214,35.7,302.42,1.019,30.84,1509.21,0.2,52.78,38,72
10,30,8,30.0,70.0,5.0,2.0,1.45,250.0,250.0,True,246,41.0,-703.74,0.962,28.86,2340.44,-0.3,48.61,35,72
10,30,8,30.0,70.0,5.0,2.0,1.45,300.0,300.0,True,288,48.0,54.11,1.002,29.51,2361.28,0.02,48.61,35,72
10,30,8,30.0,70.0,5.0,2.0,,0.0,0.0,False,922,153.7,-3941.03,0.954,28.96,9212.36,-0.43,47.22,34,72
10,30,8,30.0,70.0,5.0,2.0,,200.0,250.0,False,265,44.2,-2878.03,0.863,27.17,3629.32,-0.79,43.06,31,72
10,30,8,30.0,70.0,5.0,2.0,,250.0,250.0,False,303,50.5,-1620.25,0.93,28.38,4030.35,-0.4,41.67,30,72
10,30,8,30.0,70.0,5.0,2.0,,300.0,300.0,False,358,59.7,-1116.57,0.959,28.77,3221.01,-0.35,45.83,33,72
10,30,8,30.0,70.0,5.0,2.5,1.35,0.0,0.0,True,334,55.7,-236.24,0.993,33.23,8420.11,-0.03,44.44,32,72
10,30,8,30.0,70.0,5.0,2.5,1.35,200.0,250.0,True,175,29.2,-367.85,0.977,36.0,2385.4,-0.15,50.0,36,72
10,30,8,30.0,70.0,5.0,2.5,1.35,250.0,250.0,True,193,32.2,623.16,1.036,36.79,2760.26,0.23,47.22,34,72
10,30,8,30.0,70.0,5.0,2.5,1.35,300.0,300.0,True,229,38.2,124.83,1.006,35.37,2772.28,0.05,45.83,33,72
10,30,8,30.0,70.0,5.0,2.5,1.4,0.0,0.0,True,372,62.0,890.56,1.023,33.6,6754.78,0.13,47.22,34,72
10,30,8,30.0,70.0,5.0,2.5,1.4,200.0,250.0,True,179,29.8,920.42,1.057,35.75,1572.47,0.59,50.0,36,72
10,30,8,30.0,70.0,5.0,2.5,1.4,250.0,250.0,True,198,33.0,1795.66,1.104,36.36,1850.77,0.97,47.22,34,72
10,30,8,30.0,70.0,5.0,2.5,1.4,300.0,300.0,True,242,40.3,1323.5,1.063,35.12,2407.38,0.55,47.22,34,72
10,30,8,30.0,70.0,5.0,2.5,1.45,0.0,0.0,True,401,66.8,-336.38,0.992,33.17,7370.45,-0.05,45.83,33,72
10,30,8,30.0,70.0,5.0,2.5,1.45,200.0,250.0,True,190,31.7,-114.57,0.993,35.26,1996.02,-0.06,47.22,34,72
10,30,8,30.0,70.0,5.0,2.5,1.45,250.0,250.0,True,211,35.2,-534.43,0.972,33.18,2540.61,-0.21,41.67,30,72
10,30,8,30.0,70.0,5.0,2.5,1.45,300.0,300.0,True,255,42.5,271.78,1.012,34.51,2830.59,0.1,45.83,33,72
10,30,8,30.0,70.0,5.0,2.5,,0.0,0.0,False,776,129.3,1473.42,1.018,34.79,8248.65,0.18,47.22,34,72
10,30,8,30.0,70.0,5.0,2.5,,200.0,250.0,False,187,31.2,-2713.41,0.844,32.09,3011.58,-0.9,44.44,32,72
10,30,8,30.0,70.0,5.0,2.5,,250.0,250.0,False,218,36.3,-3568.34,0.822,31.65,3777.0,-0.94,38.89,28,72
10,30,8,30.0,70.0,5.0,2.5,,300.0,300.0,False,286,47.7,-5924.11,0.775,30.42,6132.77,-0.97,37.5,27,72
20,40,12,20.0,80.0,3.5,1.5,1.35,0.0,0.0,True,246,41.0,-631.87,0.958,30.49,2526.95,-0.25,45.83,33,72
20,40,12,20.0,80.0,3.5,1.5,1.35,200.0,250.0,True,203,33.8,74.99,1.007,30.05,2789.91,0.03,45.83,33,72
20,40,12,20.0,80.0,3.5,1.5,1.35,250.0,250.0,True,209,34.8,-89.19,0.992,30.14,2789.91,-0.03,45.83,33,72
20,40,12,20.0,80.0,3.5,1.5,1.35,300.0,300.0,True,227,37.8,572.93,1.046,31.28,2519.14,0.23,45.83,33,72
20,40,12,20.0,80.0,3.5,1.5,1.4,0.0,0.0,True,280,46.7,-1259.26,0.929,29.64,3348.62,-0.38,41.67,30,72
20,40,12,20.0,80.0,3.5,1.5,1.4,200.0,250.0,True,220,36.7,6.16,1.001,30.45,2253.18,0.0,44.44,32,72
20,40,12,20.0,80.0,3.5,1.5,1.4,250.0,250.0,True,235,39.2,-1098.95,0.917,29.36,3045.79,-0.36,41.67,30,72
20,40,12,20.0,80.0,3.5,1.5,1.4,300.0,300.0,True,258,43.0,-1109.67,0.928,29.84,3247.19,-0.34,41.67,30,72
20,40,12,20.0,80.0,3.5,1.5,1.45,0.0,0.0,True,305,50.8,-1547.07,0.921,28.85,4045.82,-0.38,36.11,26,72
20,40,12,20.0,80.0,3.5,1.5,1.45,200.0,250.0,True,244,40.7,-117.92,0.991,29.92,2475.46,-0.05,38.89,28,72
20,40,12,20.0,80.0,3.5,1.5,1.45,250.0,250.0,True,256,42.7,-592.82,0.959,29.3,3117.33,-0.19,36.11,26,72
20,40,12,20.0,80.0,3.5,1.5,1.45,300.0,300.0,True,270,45.0,-901.09,0.943,29.26,3733.12,-0.24,36.11,26,72
20,40,12,20.0,80.0,3.5,1.5,,0.0,0.0,False,947,157.8,-991.83,0.984,30.73,5858.86,-0.17,45.83,33,72
20,40,12,20.0,80.0,3.5,1.5,,200.0,250.0,False,378,63.0,-1544.71,0.927,29.63,3340.04,-0.46,47.22,34,72
20,40,12,20.0,80.0,3.5,1.5,,250.0,250.0,False,415,69.2,-524.67,0.978,31.08,3217.61,-0.16,45.83,33,72
20,40,12,20.0,80.0,3.5,1.5,,300.0,300.0,False,535,89.2,-1544.02,0.949,30.28,3504.58,-0.44,41.67,30,72
20,40,12,20.0,80.0,3.5,2.0,1.35,0.0,0.0,True,239,39.8,-246.53,0.986,35.98,2408.92,-0.1,41.67,30,72
20,40,12,20.0,80.0,3.5,2.0,1.35,200.0,250.0,True,181,30.2,-3.84,1.0,36.46,1810.57,-0.0,43.06,31,72
20,40,12,20.0,80.0,3.5,2.0,1.35,250.0,250.0,True,196,32.7,416.93,1.033,37.24,1673.35,0.25,41.67,30,72
20,40,12,20.0,80.0,3.5,2.0,1.35,300.0,300.0,True,208,34.7,1641.04,1.124,37.5,2262.52,0.73,43.06,31,72
20,40,12,20.0,80.0,3.5,2.0,1.4,0.0,0.0,True,271,45.2,-1601.98,0.923,34.32,4073.76,-0.39,41.67,30,72
20,40,12,20.0,80.0,3.5,2.0,1.4,200.0,250.0,True,193,32.2,-976.81,0.924,34.72,2062.48,-0.47,41.67,30,72
20,40,12,20.0,80.0,3.5,2.0,1.4,250.0,250.0,True,208,34.7,-1047.62,0.925,35.1,1992.0,-0.53,38.89,28,72
20,40,12,20.0,80.0,3.5,2.0,1.4,300.0,300.0,True,221,36.8,319.99,1.022,35.75,2320.21,0.14,40.28,29,72
20,40,12,20.0,80.0,3.5,2.0,1.45,0.0,0.0,True,296,49.3,-2314.47,0.901,33.45,5273.53,-0.44,41.67,30,72
20,40,12,20.0,80.0,3.5,2.0,1.45,200.0,250.0,True,215,35.8,-1169.48,0.919,33.95,2438.75,-0.48,43.06,31,72
20,40,12,20.0,80.0,3.5,2.0,1.45,250.0,250.0,True,224,37.3,-1287.25,0.916,33.93,2614.21,-0.49,41.67,30,72
20,40,12,20.0,80.0,3.5,2.0,1.45,300.0,300.0,True,241,40.2,-236.6,0.986,34.44,3022.75,-0.08,41.67,30,72
20,40,12,20.0,80.0,3.5,2.0,,0.0,0.0,False,853,142.2,-336.75,0.995,36.93,6699.79,-0.05,45.83,33,72
20,40,12,20.0,80.0,3.5,2.0,,200.0,250.0,False,292,48.7,-2101.54,0.896,34.93,3728.58,-0.56,45.83,33,72
20,40,12,20.0,80.0,3.5,2.0,,250.0,250.0,False,337,56.2,-976.66,0.957,36.8,2799.48,-0.35,44.44,32,72
20,40,12,20.0,80.0,3.5,2.0,,300.0,300.0,False,429,71.5,-2403.88,0.916,35.66,4317.29,-0.56,41.67,30,72
20,40,12,20.0,80.0,3.5,2.5,1.35,0.0,0.0,True,234,39.0,96.24,1.005,43.16,2336.08,0.04,43.06,31,72
20,40,12,20.0,80.0,3.5,2.5,1.35,200.0,250.0,True,171,28.5,364.19,1.03,42.69,2910.95,0.13,44.44,32,72
20,40,12,20.0,80.0,3.5,2.5,1.35,250.0,250.0,True,188,31.3,235.93,1.018,42.55,2833.71,0.08,43.06,31,72
20,40,12,20.0,80.0,3.5,2.5,1.35,300.0,300.0,True,202,33.7,1381.19,1.096,44.55,1825.65,0.76,44.44,32,72
20,40,12,20.0,80.0,3.5,2.5,1.4,0.0,0.0,True,267,44.5,-1943.43,0.918,40.82,4090.85,-0.48,43.06,31,72
20,40,12,20.0,80.0,3.5,2.5,1.4,200.0,250.0,True,180,30.0,-260.65,0.98,41.67,3103.53,-0.08,47.22,34,72
20,40,12,20.0,80.0,3.5,2.5,1.4,250.0,250.0,True,197,32.8,-865.4,0.942,41.62,3168.42,-0.27,43.06,31,72
20,40,12,20.0,80.0,3.5,2.5,1.4,300.0,300.0,True,214,35.7,365.75,1.023,43.46,2272.14,0.16,44.44,32,72
20,40,12,20.0,80.0,3.5,2.5,1.45,0.0,0.0,True,291,48.5,-2831.72,0.892,39.52,5502.33,-0.51,41.67,30,72
20,40,12,20.0,80.0,3.5,2.5,1.45,200.0,250.0,True,200,33.3,-132.24,0.991,41.0,3124.95,-0.04,44.44,32,72
20,40,12,20.0,80.0,3.5,2.5,1.45,250.0,250.0,True,212,35.3,-1366.71,0.917,40.09,3342.55,-0.41,40.28,29,72
20,40,12,20.0,80.0,3.5,2.5,1.45,300.0,300.0,True,233,38.8,-1550.15,0.917,40.77,2567.68,-0.6,40.28,29,72
20,40,12,20.0,80.0,3.5,2.5,,0.0,0.0,False,769,128.2,-933.61,0.987,42.65,8206.97,-0.11,41.67,30,72
20,40,12,20.0,80.0,3.5,2.5,,200.0,250.0,False,277,46.2,-3143.45,0.857,39.71,3849.5,-0.82,45.83,33,72
20,40,12,20.0,80.0,3.5,2.5,,250.0,250.0,False,300,50.0,-3480.78,0.855,39.67,4285.69,-0.81,41.67,30,72
20,40,12,20.0,80.0,3.5,2.5,,300.0,300.0,False,346,57.7,-2055.17,0.925,41.04,3720.16,-0.55,43.06,31,72
20,40,12,20.0,80.0,4.0,1.5,1.35,0.0,0.0,True,244,40.7,-530.1,0.966,27.87,2642.87,-0.2,41.67,30,72
20,40,12,20.0,80.0,4.0,1.5,1.35,200.0,250.0,True,198,33.0,49.5,1.004,27.27,2785.29,0.02,43.06,31,72
20,40,12,20.0,80.0,4.0,1.5,1.35,250.0,250.0,True,207,34.5,-12.55,0.999,27.54,3065.62,-0.0,43.06,31,72
20,40,12,20.0,80.0,4.0,1.5,1.35,300.0,300.0,True,214,35.7,825.79,1.069,28.5,2825.8,0.29,43.06,31,72
20,40,12,20.0,80.0,4.0,1.5,1.4,0.0,0.0,True,277,46.2,-2280.66,0.877,26.71,3181.57,-0.72,38.89,28,72
20,40,12,20.0,80.0,4.0,1.5,1.4,200.0,250.0,True,211,35.2,-638.42,0.948,27.01,2673.49,-0.24,43.06,31,72
20,40,12,20.0,80.0,4.0,1.5,1.4,250.0,250.0,True,226,37.7,-687.29,0.947,26.99,2757.76,-0.25,41.67,30,72
20,40,12,20.0,80.0,4.0,1.5,1.4,300.0,300.0,True,246,41.0,-1016.45,0.932,26.83,2923.56,-0.35,40.28,29,72
20,40,12,20.0,80.0,4.0,1.5,1.45,0.0,0.0,True,301,50.2,-2185.72,0.892,26.25,3792.94,-0.58,36.11,26,72
20,40,12,20.0,80.0,4.0,1.5,1.45,200.0,250.0,True,232,38.7,-461.29,0.966,26.72,2761.41,-0.17,41.67,30,72
20,40,12,20.0,80.0,4.0,1.5,1.45,250.0,250.0,True,247,41.2,-659.14,0.954,26.32,3071.7,-0.21,40.28,29,72
20,40,12,20.0,80.0,4.0,1.5,1.45,300.0,300.0,True,259,43.2,-1194.04,0.923,25.87,3437.27,-0.35,38.89,28,72
20,40,12,20.0,80.0,4.0,1.5,,0.0,0.0,False,914,152.3,-1638.45,0.974,28.34,5321.62,-0.31,48.61,35,72
20,40,12,20.0,80.0,4.0,1.5,,200.0,250.0,False,356,59.3,-1125.31,0.945,27.25,2876.73,-0.39,45.83,33,72
20,40,12,20.0,80.0,4.0,1.5,,250.0,250.0,False,401,66.8,-1066.44,0.954,27.43,2726.84,-0.39,43.06,31,72
20,40,12,20.0,80.0,4.0,1.5,,300.0,300.0,False,507,84.5,-512.16,0.982,28.4,3015.46,-0.17,44.44,32,72
20,40,12,20.0,80.0,4.0,2.0,1.35,0.0,0.0,True,236,39.3,678.98,1.038,33.9,2256.13,0.3,41.67,30,72
20,40,12,20.0,80.0,4.0,2.0,1.35,200.0,250.0,True,170,28.3,567.36,1.05,34.12,1605.69,0.35,44.44,32,72
20,40,12,20.0,80.0,4.0,2.0,1.35,250.0,250.0,True,182,30.3,741.49,1.061,34.62,1424.39,0.52,44.44,32,72
20,40,12,20.0,80.0,4.0,2.0,1.35,300.0,300.0,True,198,33.0,1917.26,1.146,34.85,1945.76,0.99,43.06,31,72
20,40,12,20.0,80.0,4.0,2.0,1.4,0.0,0.0,True,267,44.5,-1917.42,0.912,31.84,3927.03,-0.49,38.89,28,72
20,40,12,20.0,80.0,4.0,2.0,1.4,200.0,250.0,True,180,30.0,-234.64,0.981,32.78,1716.12,-0.14,43.06,31,72
20,40,12,20.0,80.0,4.0,2.0,1.4,250.0,250.0,True,196,32.7,365.49,1.028,33.67,1804.19,0.2,41.67,30,72
20,40,12,20.0,80.0,4.0,2.0,1.4,300.0,300.0,True,212,35.3,671.88,1.046,33.02,2163.53,0.31,40.28,29,72
20,40,12,20.0,80.0,4.0,2.0,1.45,0.0,0.0,True,291,48.5,-2180.55,0.909,31.27,4787.19,-0.46,38.89,28,72
20,40,12,20.0,80.0,4.0,2.0,1.45,200.0,250.0,True,199,33.2,-582.78,0.958,31.66,2021.67,-0.29,43.06,31,72
20,40,12,20.0,80.0,4.0,2.0,1.45,250.0,250.0,True,212,35.3,-197.35,0.986,32.08,2119.78,-0.09,41.67,30,72
20,40,12,20.0,80.0,4.0,2.0,1.45,300.0,300.0,True,230,38.3,617.18,1.038,32.17,2540.19,0.24,40.28,29,72
20,40,12,20.0,80.0,4.0,2.0,,0.0,0.0,False,812,135.3,105.62,1.002,34.73,5684.51,0.02,50.0,36,72
20,40,12,20.0,80.0,4.0,2.0,,200.0,250.0,False,267,44.5,-1504.39,0.921,32.58,3217.8,-0.47,47.22,34,72
20,40,12,20.0,80.0,4.0,2.0,,250.0,250.0,False,298,49.7,268.75,1.013,34.56,2626.96,0.1,45.83,33,72
20,40,12,20.0,80.0,4.0,2.0,,300.0,300.0,False,386,64.3,1619.24,1.063,35.75,2636.74,0.61,47.22,34,72
20,40,12,20.0,80.0,4.0,2.5,1.35,0.0,0.0,True,228,38.0,870.24,1.044,40.79,2181.12,0.4,43.06,31,72
20,40,12,20.0,80.0,4.0,2.5,1.35,200.0,250.0,True,159,26.5,277.11,1.023,39.62,2850.2,0.1,44.44,32,72
20,40,12,20.0,80.0,4.0,2.5,1.35,250.0,250.0,True,174,29.0,831.73,1.064,40.8,2587.96,0.32,44.44,32,72
20,40,12,20.0,80.0,4.0,2.5,1.35,300.0,300.0,True,191,31.8,1706.95,1.121,41.88,1533.66,1.11,47.22,34,72
20,40,12,20.0,80.0,4.0,2.5,1.4,0.0,0.0,True,260,43.3,-2499.81,0.898,38.08,4455.43,-0.56,43.06,31,72
20,40,12,20.0,80.0,4.0,2.5,1.4,200.0,250.0,True,169,28.2,-226.98,0.983,39.05,3049.58,-0.07,47.22,34,72
20,40,12,20.0,80.0,4.0,2.5,1.4,250.0,250.0,True,188,31.3,675.52,1.047,40.43,2773.71,0.24,47.22,34,72
20,40,12,20.0,80.0,4.0,2.5,1.4,300.0,300.0,True,203,33.8,1243.5,1.081,41.38,2013.1,0.62,48.61,35,72
20,40,12,20.0,80.0,4.0,2.5,1.45,0.0,0.0,True,283,47.2,-2890.03,0.893,37.1,5467.06,-0.53,40.28,29,72
20,40,12,20.0,80.0,4.0,2.5,1.45,200.0,250.0,True,187,31.2,-101.78,0.993,38.5,3206.92,-0.03,45.83,33,72
20,40,12,20.0,80.0,4.0,2.5,1.45,250.0,250.0,True,201,33.5,705.28,1.045,39.3,2954.67,0.24,45.83,33,72
20,40,12,20.0,80.0,4.0,2.5,1.45,300.0,300.0,True,214,35.7,705.02,1.042,39.72,2107.92,0.33,47.22,34,72
20,40,12,20.0,80.0,4.0,2.5,,0.0,0.0,False,728,121.3,-2912.63,0.959,39.56,6910.03,-0.42,48.61,35,72
20,40,12,20.0,80.0,4.0,2.5,,200.0,250.0,False,283,47.2,-2881.28,0.876,36.75,3631.24,-0.79,44.44,32,72
20,40,12,20.0,80.0,4.0,2.5,,250.0,250.0,False,306,51.0,-2119.52,0.914,38.24,3431.26,-0.62,43.06,31,72
20,40,12,20.0,80.0,4.0,2.5,,300.0,300.0,False,342,57.0,-1650.72,0.941,38.89,3946.3,-0.42,44.44,32,72
20,40,12,20.0,80.0,4.5,1.5,1.35,0.0,0.0,True,242,40.3,88.68,1.006,26.03,2619.31,0.03,43.06,31,72
20,40,12,20.0,80.0,4.5,1.5,1.35,200.0,250.0,True,191,31.8,530.51,1.048,25.65,2289.59,0.23,44.44,32,72
20,40,12,20.0,80.0,4.5,1.5,1.35,250.0,250.0,True,199,33.2,182.64,1.016,25.13,2669.62,0.07,43.06,31,72
20,40,12,20.0,80.0,4.5,1.5,1.35,300.0,300.0,True,212,35.3,378.15,1.031,25.47,2662.05,0.14,44.44,32,72
20,40,12,20.0,80.0,4.5,1.5,1.4,0.0,0.0,True,276,46.0,-1377.69,0.927,25.36,3054.89,-0.45,41.67,30,72
20,40,12,20.0,80.0,4.5,1.5,1.4,200.0,250.0,True,204,34.0,254.34,1.021,25.98,2036.42,0.12,44.44,32,72
20,40,12,20.0,80.0,4.5,1.5,1.4,250.0,250.0,True,216,36.0,156.24,1.012,25.46,2576.73,0.06,44.44,32,72
20,40,12,20.0,80.0,4.5,1.5,1.4,300.0,300.0,True,242,40.3,-589.03,0.961,25.21,2894.51,-0.2,43.06,31,72
20,40,12,20.0,80.0,4.5,1.5,1.45,0.0,0.0,True,300,50.0,-1054.05,0.949,25.0,3243.89,-0.32,44.44,32,72
20,40,12,20.0,80.0,4.5,1.5,1.45,200.0,250.0,True,220,36.7,178.6,1.014,25.0,2455.33,0.07,45.83,33,72
20,40,12,20.0,80.0,4.5,1.5,1.45,250.0,250.0,True,237,39.5,514.01,1.037,25.32,2717.58,0.19,45.83,33,72
20,40,12,20.0,80.0,4.5,1.5,1.45,300.0,300.0,True,256,42.7,-18.04,0.999,25.0,2925.79,-0.01,45.83,33,72
20,40,12,20.0,80.0,4.5,1.5,,0.0,0.0,False,882,147.0,545.77,1.009,26.64,5903.43,0.09,50.0,36,72
20,40,12,20.0,80.0,4.5,1.5,,200.0,250.0,False,319,53.2,-1537.84,0.921,24.45,3287.6,-0.47,45.83,33,72
20,40,12,20.0,80.0,4.5,1.5,,250.0,250.0,False,397,66.2,-1804.9,0.924,25.44,4265.13,-0.42,43.06,31,72
20,40,12,20.0,80.0,4.5,1.5,,300.0,300.0,False,477,79.5,-618.07,0.978,26.21,3941.26,-0.16,45.83,33,72
20,40,12,20.0,80.0,4.5,2.0,1.35,0.0,0.0,True,231,38.5,1356.76,1.075,32.03,1957.33,0.69,45.83,33,72
20,40,12,20.0,80.0,4.5,2.0,1.35,200.0,250.0,True,158,26.3,2221.37,1.209,34.81,1490.79,1.49,48.61,35,72
20,40,12,20.0,80.0,4.5,2.0,1.35,250.0,250.0,True,171,28.5,1246.94,1.106,32.75,1420.58,0.88,47.22,34,72
20,40,12,20.0,80.0,4.5,2.0,1.35,300.0,300.0,True,190,31.7,1210.19,1.092,32.11,1829.98,0.66,45.83,33,72
20,40,12,20.0,80.0,4.5,2.0,1.4,0.0,0.0,True,262,43.7,-824.42,0.962,30.53,2907.66,-0.28,44.44,32,72
20,40,12,20.0,80.0,4.5,2.0,1.4,200.0,250.0,True,167,27.8,1252.21,1.107,32.93,1654.33,0.76,45.83,33,72
20,40,12,20.0,80.0,4.5,2.0,1.4,250.0,250.0,True,180,30.0,1532.55,1.125,32.78,1752.91,0.87,45.83,33,72
20,40,12,20.0,80.0,4.5,2.0,1.4,300.0,300.0,True,203,33.8,768.76,1.054,31.53,1826.4,0.42,44.44,32,72
20,40,12,20.0,80.0,4.5,2.0,1.45,0.0,0.0,True,286,47.7,-842.57,0.965,30.07,3137.15,-0.27,38.89,28,72
20,40,12,20.0,80.0,4.5,2.0,1.45,200.0,250.0,True,185,30.8,1276.41,1.099,31.89,1662.92,0.77,43.06,31,72
20,40,12,20.0,80.0,4.5,2.0,1.45,250.0,250.0,True,202,33.7,1407.88,1.101,31.68,2037.8,0.69,41.67,30,72
20,40,12,20.0,80.0,4.5,2.0,1.45,300.0,300.0,True,225,37.5,611.84,1.038,30.67,2267.3,0.27,40.28,29,72
20,40,12,20.0,80.0,4.5,2.0,,0.0,0.0,False,777,129.5,2498.46,1.038,33.08,5440.74,0.46,47.22,34,72
20,40,12,20.0,80.0,4.5,2.0,,200.0,250.0,False,261,43.5,-1419.44,0.928,30.65,3185.05,-0.45,47.22,34,72
20,40,12,20.0,80.0,4.5,2.0,,250.0,250.0,False,304,50.7,-2023.97,0.911,30.59,3409.83,-0.59,41.67,30,72
20,40,12,20.0,80.0,4.5,2.0,,300.0,300.0,False,353,58.8,-2106.72,0.919,30.59,3842.61,-0.55,43.06,31,72
20,40,12,20.0,80.0,4.5,2.5,1.35,0.0,0.0,True,223,37.2,2141.22,1.108,39.46,1967.66,1.09,48.61,35,72
20,40,12,20.0,80.0,4.5,2.5,1.35,200.0,250.0,True,146,24.3,2404.95,1.218,41.1,2028.43,1.19,48.61,35,72
20,40,12,20.0,80.0,4.5,2.5,1.35,250.0,250.0,True,159,26.5,2104.33,1.173,40.25,2267.07,0.93,47.22,34,72
20,40,12,20.0,80.0,4.5,2.5,1.35,300.0,300.0,True,178,29.7,3140.0,1.235,41.57,1433.4,2.19,50.0,36,72
20,40,12,20.0,80.0,4.5,2.5,1.4,0.0,0.0,True,254,42.3,-616.13,0.975,37.4,3297.16,-0.19,45.83,33,72
20,40,12,20.0,80.0,4.5,2.5,1.4,200.0,250.0,True,157,26.2,1602.02,1.13,39.49,2528.73,0.63,50.0,36,72
20,40,12,20.0,80.0,4.5,2.5,1.4,250.0,250.0,True,174,29.0,2015.22,1.151,39.66,2523.49,0.8,48.61,35,72
20,40,12,20.0,80.0,4.5,2.5,1.4,300.0,300.0,True,196,32.7,2391.46,1.157,40.31,1695.53,1.41,48.61,35,72
20,40,12,20.0,80.0,4.5,2.5,1.45,0.0,0.0,True,277,46.2,-763.0,0.971,36.46,3519.47,-0.22,45.83,33,72
20,40,12,20.0,80.0,4.5,2.5,1.45,200.0,250.0,True,175,29.2,1545.23,1.111,38.29,2735.91,0.56,50.0,36,72
20,40,12,20.0,80.0,4.5,2.5,1.45,250.0,250.0,True,192,32.0,1958.43,1.131,38.54,2730.67,0.72,48.61,35,72
20,40,12,20.0,80.0,4.5,2.5,1.45,300.0,300.0,True,210,35.0,2472.79,1.149,39.05,1740.48,1.42,48.61,35,72
20,40,12,20.0,80.0,4.5,2.5,,0.0,0.0,False,696,116.0,-855.23,0.988,37.79,6666.62,-0.13,48.61,35,72
20,40,12,20.0,80.0,4.5,2.5,,200.0,250.0,False,241,40.2,-2274.78,0.891,35.27,3373.57,-0.67,47.22,34,72
20,40,12,20.0,80.0,4.5,2.5,,250.0,250.0,False,286,47.7,-4758.2,0.812,33.22,5068.13,-0.94,37.5,27,72
20,40,12,20.0,80.0,4.5,2.5,,300.0,300.0,False,317,52.8,-1780.92,0.935,35.33,3591.19,-0.5,43.06,31,72
20,40,12,20.0,80.0,5.0,1.5,1.35,0.0,0.0,True,240,40.0,440.53,1.028,24.17,2798.23,0.16,41.67,30,72
20,40,12,20.0,80.0,5.0,1.5,1.35,200.0,250.0,True,184,30.7,764.62,1.07,23.37,2321.37,0.33,41.67,30,72
20,40,12,20.0,80.0,5.0,1.5,1.35,250.0,250.0,True,193,32.2,628.06,1.055,23.32,2645.2,0.24,41.67,30,72
20,40,12,20.0,80.0,5.0,1.5,1.35,300.0,300.0,True,211,35.2,846.62,1.067,23.7,2885.52,0.29,43.06,31,72
20,40,12,20.0,80.0,5.0,1.5,1.4,0.0,0.0,True,274,45.7,-847.44,0.955,23.72,3221.12,-0.26,43.06,31,72
20,40,12,20.0,80.0,5.0,1.5,1.4,200.0,250.0,True,197,32.8,574.21,1.048,23.86,2354.33,0.24,43.06,31,72
20,40,12,20.0,80.0,5.0,1.5,1.4,250.0,250.0,True,206,34.3,437.65,1.035,23.79,2441.83,0.18,43.06,31,72
20,40,12,20.0,80.0,5.0,1.5,1.4,300.0,300.0,True,232,38.7,1634.82,1.116,25.0,2750.8,0.59,45.83,33,72
20,40,12,20.0,80.0,5.0,1.5,1.45,0.0,0.0,True,298,49.7,-719.52,0.966,23.15,3817.7,-0.19,43.06,31,72
20,40,12,20.0,80.0,5.0,1.5,1.45,200.0,250.0,True,210,35.0,378.49,1.029,22.86,2827.8,0.13,43.06,31,72
20,40,12,20.0,80.0,5.0,1.5,1.45,250.0,250.0,True,226,37.7,620.64,1.045,23.45,2902.35,0.21,43.06,31,72
20,40,12,20.0,80.0,5.0,1.5,1.45,300.0,300.0,True,243,40.5,790.35,1.054,23.46,3314.67,0.24,44.44,32,72
20,40,12,20.0,80.0,5.0,1.5,,0.0,0.0,False,855,142.5,124.19,1.002,24.68,5841.14,0.02,52.78,38,72
20,40,12,20.0,80.0,5.0,1.5,,200.0,250.0,False,311,51.8,-1395.17,0.928,23.15,3230.1,-0.43,47.22,34,72
20,40,12,20.0,80.0,5.0,1.5,,250.0,250.0,False,350,58.3,261.63,1.012,25.14,2682.7,0.1,47.22,34,72
20,40,12,20.0,80.0,5.0,1.5,,300.0,300.0,False,437,72.8,-499.63,0.981,24.49,2942.48,-0.17,47.22,34,72
20,40,12,20.0,80.0,5.0,2.0,1.35,0.0,0.0,True,228,38.0,3244.11,1.181,31.58,1911.78,1.7,50.0,36,72
20,40,12,20.0,80.0,5.0,2.0,1.35,200.0,250.0,True,153,25.5,2519.34,1.239,33.33,1648.81,1.53,50.0,36,72
20,40,12,20.0,80.0,5.0,2.0,1.35,250.0,250.0,True,162,27.0,2581.93,1.23,32.72,1605.06,1.61,50.0,36,72
20,40,12,20.0,80.0,5.0,2.0,1.35,300.0,300.0,True,182,30.3,2213.38,1.172,31.32,1913.24,1.16,50.0,36,72
20,40,12,20.0,80.0,5.0,2.0,1.4,0.0,0.0,True,259,43.2,1236.87,1.057,30.12,2563.15,0.48,50.0,36,72
20,40,12,20.0,80.0,5.0,2.0,1.4,200.0,250.0,True,163,27.2,1343.98,1.114,31.29,1953.98,0.69,48.61,35,72
20,40,12,20.0,80.0,5.0,2.0,1.4,250.0,250.0,True,172,28.7,1819.54,1.148,31.4,1814.12,1.0,48.61,35,72
20,40,12,20.0,80.0,5.0,2.0,1.4,300.0,300.0,True,190,31.7,2988.2,1.229,32.11,1977.23,1.51,51.39,37,72
20,40,12,20.0,80.0,5.0,2.0,1.45,0.0,0.0,True,283,47.2,1006.63,1.042,29.33,2888.68,0.35,48.61,35,72
20,40,12,20.0,80.0,5.0,2.0,1.45,200.0,250.0,True,175,29.2,1100.85,1.085,29.71,2082.73,0.53,48.61,35,72
20,40,12,20.0,80.0,5.0,2.0,1.45,250.0,250.0,True,190,31.7,1987.53,1.147,30.53,1797.35,1.11,48.61,35,72
20,40,12,20.0,80.0,5.0,2.0,1.45,300.0,300.0,True,210,35.0,3350.48,1.23,31.43,2116.11,1.58,51.39,37,72
20,40,12,20.0,80.0,5.0,2.0,,0.0,0.0,False,739,123.2,2837.41,1.043,31.12,4887.24,0.58,45.83,33,72
20,40,12,20.0,80.0,5.0,2.0,,200.0,250.0,False,235,39.2,-634.49,0.965,29.36,2180.94,-0.29,48.61,35,72
20,40,12,20.0,80.0,5.0,2.0,,250.0,250.0,False,273,45.5,64.28,1.003,30.04,2726.77,0.02,45.83,33,72
20,40,12,20.0,80.0,5.0,2.0,,300.0,300.0,False,354,59.0,-1893.52,0.929,28.53,3303.03,-0.57,43.06,31,72
20,40,12,20.0,80.0,5.0,2.5,1.35,0.0,0.0,True,218,36.3,3844.66,1.195,38.53,2277.32,1.69,50.0,36,72
20,40,12,20.0,80.0,5.0,2.5,1.35,200.0,250.0,True,139,23.2,2568.35,1.234,38.85,2446.72,1.05,45.83,33,72
20,40,12,20.0,80.0,5.0,2.5,1.35,250.0,250.0,True,150,25.0,1920.52,1.159,37.33,2855.39,0.67,44.44,32,72
20,40,12,20.0,80.0,5.0,2.5,1.35,300.0,300.0,True,168,28.0,3583.57,1.274,39.88,1813.47,1.98,48.61,35,72
20,40,12,20.0,80.0,5.0,2.5,1.4,0.0,0.0,True,249,41.5,1285.13,1.053,36.55,3209.51,0.4,45.83,33,72
20,40,12,20.0,80.0,5.0,2.5,1.4,200.0,250.0,True,145,24.2,1819.28,1.152,37.24,2963.15,0.61,45.83,33,72
20,40,12,20.0,80.0,5.0,2.5,1.4,250.0,250.0,True,159,26.5,1184.27,1.089,35.85,3168.36,0.37,44.44,32,72
20,40,12,20.0,80.0,5.0,2.5,1.4,300.0,300.0,True,183,30.5,3363.0,1.235,38.8,2417.73,1.39,50.0,36,72
20,40,12,20.0,80.0,5.0,2.5,1.45,0.0,0.0,True,272,45.3,891.91,1.033,35.29,3884.42,0.23,44.44,32,72
20,40,12,20.0,80.0,5.0,2.5,1.45,200.0,250.0,True,161,26.8,1948.94,1.145,36.65,3292.24,0.59,45.83,33,72
20,40,12,20.0,80.0,5.0,2.5,1.45,250.0,250.0,True,177,29.5,1496.88,1.101,35.59,3490.28,0.43,44.44,32,72
20,40,12,20.0,80.0,5.0,2.5,1.45,300.0,300.0,True,197,32.8,3635.03,1.233,38.07,2375.83,1.53,50.0,36,72
20,40,12,20.0,80.0,5.0,2.5,,0.0,0.0,False,653,108.8,-85.27,0.999,35.83,6379.42,-0.01,47.22,34,72
20,40,12,20.0,80.0,5.0,2.5,,200.0,250.0,False,232,38.7,-2955.69,0.862,32.33,3898.33,-0.76,45.83,33,72
20,40,12,20.0,80.0,5.0,2.5,,250.0,250.0,False,257,42.8,-1460.29,0.936,34.24,3898.33,-0.37,45.83,33,72
20,40,12,20.0,80.0,5.0,2.5,,300.0,300.0,False,305,50.8,-2259.41,0.918,33.11,3553.9,-0.64,44.44,32,72
20,40,12,25.0,75.0,3.5,1.5,1.35,0.0,0.0,True,253,42.2,-1600.16,0.898,29.25,3275.77,-0.49,40.28,29,72
20,40,12,25.0,75.0,3.5,1.5,1.35,200.0,250.0,True,204,34.0,-1473.32,0.871,28.43,3183.04,-0.46,40.28,29,72
20,40,12,25.0,75.0,3.5,1.5,1.35,250.0,250.0,True,214,35.7,-1726.99,0.856,28.5,3207.09,-0.54,38.89,28,72
20,40,12,25.0,75.0,3.5,1.5,1.35,300.0,300.0,True,230,38.3,-1163.13,0.911,29.13,2977.42,-0.39,40.28,29,72
20,40,12,25.0,75.0,3.5,1.5,1.4,0.0,0.0,True,293,48.8,-1542.03,0.917,29.35,4061.21,-0.38,38.89,28,72
20,40,12,25.0,75.0,3.5,1.5,1.4,200.0,250.0,True,222,37.0,-1035.09,0.918,29.73,2827.19,-0.37,40.28,29,72
20,40,12,25.0,75.0,3.5,1.5,1.4,250.0,250.0,True,238,39.7,-1566.26,0.884,29.41,3208.94,-0.49,37.5,27,72
20,40,12,25.0,75.0,3.5,1.5,1.4,300.0,300.0,True,259,43.2,-1816.27,0.882,28.96,3733.2,-0.49,38.89,28,72
20,40,12,25.0,75.0,3.5,1.5,1.45,0.0,0.0,True,325,54.2,-862.07,0.958,29.23,4057.08,-0.21,37.5,27,72
20,40,12,25.0,75.0,3.5,1.5,1.45,200.0,250.0,True,241,40.2,-1462.92,0.895,28.22,3283.18,-0.45,37.5,27,72
20,40,12,25.0,75.0,3.5,1.5,1.45,250.0,250.0,True,252,42.0,-1737.23,0.881,28.17,3353.92,-0.52,36.11,26,72
20,40,12,25.0,75.0,3.5,1.5,1.45,300.0,300.0,True,274,45.7,-1463.38,0.91,28.47,3424.17,-0.43,37.5,27,72
20,40,12,25.0,75.0,3.5,1.5,,0.0,0.0,False,976,162.7,1989.66,1.032,31.05,5961.29,0.33,48.61,35,72
20,40,12,25.0,75.0,3.5,1.5,,200.0,250.0,False,355,59.2,-918.62,0.954,29.86,2512.84,-0.37,48.61,35,72
20,40,12,25.0,75.0,3.5,1.5,,250.0,250.0,False,392,65.3,-1453.94,0.935,29.59,3332.08,-0.44,43.06,31,72
20,40,12,25.0,75.0,3.5,1.5,,300.0,300.0,False,537,89.5,-807.66,0.973,30.73,3239.55,-0.25,41.67,30,72
20,40,12,25.0,75.0,3.5,2.0,1.35,0.0,0.0,True,245,40.8,-2188.64,0.882,34.29,3595.06,-0.61,40.28,29,72
20,40,12,25.0,75.0,3.5,2.0,1.35,200.0,250.0,True,187,31.2,-1186.8,0.906,34.76,2880.68,-0.41,43.06,31,72
20,40,12,25.0,75.0,3.5,2.0,1.35,250.0,250.0,True,200,33.3,-712.64,0.946,35.5,2406.52,-0.3,41.67,30,72
20,40,12,25.0,75.0,3.5,2.0,1.35,300.0,300.0,True,209,34.8,-1275.28,0.909,34.45,2969.16,-0.43,41.67,30,72
20,40,12,25.0,75.0,3.5,2.0,1.4,0.0,0.0,True,283,47.2,-2921.51,0.869,33.57,5022.75,-0.58,37.5,27,72
20,40,12,25.0,75.0,3.5,2.0,1.4,200.0,250.0,True,199,33.2,-1797.58,0.872,33.67,3698.05,-0.49,43.06,31,72
20,40,12,25.0,75.0,3.5,2.0,1.4,250.0,250.0,True,213,35.5,-998.86,0.932,34.74,3087.31,-0.32,41.67,30,72
20,40,12,25.0,75.0,3.5,2.0,1.4,300.0,300.0,True,222,37.0,-1283.47,0.916,34.23,3371.92,-0.38,41.67,30,72
20,40,12,25.0,75.0,3.5,2.0,1.45,0.0,0.0,True,313,52.2,-2114.37,0.913,34.19,4994.89,-0.42,43.06,31,72
20,40,12,25.0,75.0,3.5,2.0,1.45,200.0,250.0,True,213,35.5,-1560.71,0.897,33.8,3610.53,-0.43,44.44,32,72
20,40,12,25.0,75.0,3.5,2.0,1.45,250.0,250.0,True,224,37.3,-613.66,0.96,34.82,2851.46,-0.22,44.44,32,72
20,40,12,25.0,75.0,3.5,2.0,1.45,300.0,300.0,True,236,39.3,-1172.99,0.929,34.32,3410.79,-0.34,44.44,32,72
20,40,12,25.0,75.0,3.5,2.0,,0.0,0.0,False,875,145.8,1240.69,1.018,36.91,7578.81,0.16,44.44,32,72
20,40,12,25.0,75.0,3.5,2.0,,200.0,250.0,False,281,46.8,-2255.5,0.884,34.16,3883.39,-0.58,45.83,33,72
20,40,12,25.0,75.0,3.5,2.0,,250.0,250.0,False,323,53.8,-2811.12,0.876,33.75,4827.88,-0.58,40.28,29,72
20,40,12,25.0,75.0,3.5,2.0,,300.0,300.0,False,414,69.0,-2159.59,0.923,35.02,4275.21,-0.51,41.67,30,72
20,40,12,25.0,75.0,3.5,2.5,1.35,0.0,0.0,True,236,39.3,-1645.53,0.919,41.53,3147.86,-0.52,40.28,29,72
20,40,12,25.0,75.0,3.5,2.5,1.35,200.0,250.0,True,174,29.0,-520.53,0.96,40.8,3568.08,-0.15,41.67,30,72
20,40,12,25.0,75.0,3.5,2.5,1.35,250.0,250.0,True,187,31.2,-374.84,0.973,41.18,3314.38,-0.11,40.28,29,72
20,40,12,25.0,75.0,3.5,2.5,1.35,300.0,300.0,True,200,33.3,303.75,1.021,42.5,2630.77,0.12,43.06,31,72
20,40,12,25.0,75.0,3.5,2.5,1.4,0.0,0.0,True,272,45.3,-2911.81,0.881,40.07,4901.48,-0.59,40.28,29,72
20,40,12,25.0,75.0,3.5,2.5,1.4,200.0,250.0,True,179,29.8,354.77,1.026,41.9,3781.05,0.09,45.83,33,72
20,40,12,25.0,75.0,3.5,2.5,1.4,250.0,250.0,True,196,32.7,171.18,1.012,41.84,3696.77,0.05,43.06,31,72
20,40,12,25.0,75.0,3.5,2.5,1.4,300.0,300.0,True,209,34.8,793.22,1.051,42.58,2959.66,0.27,45.83,33,72
20,40,12,25.0,75.0,3.5,2.5,1.45,0.0,0.0,True,302,50.3,-2606.12,0.904,40.07,5364.3,-0.49,43.06,31,72
20,40,12,25.0,75.0,3.5,2.5,1.45,200.0,250.0,True,194,32.3,1324.0,1.092,42.78,3343.04,0.4,48.61,35,72
20,40,12,25.0,75.0,3.5,2.5,1.45,250.0,250.0,True,206,34.3,733.69,1.047,42.23,3412.8,0.21,45.83,33,72
20,40,12,25.0,75.0,3.5,2.5,1.45,300.0,300.0,True,229,38.2,551.81,1.032,41.92,2893.76,0.19,48.61,35,72
20,40,12,25.0,75.0,3.5,2.5,,0.0,0.0,False,780,130.0,883.89,1.013,42.56,8813.34,0.1,45.83,33,72
20,40,12,25.0,75.0,3.5,2.5,,200.0,250.0,False,275,45.8,-3152.05,0.855,39.64,4189.04,-0.75,45.83,33,72
20,40,12,25.0,75.0,3.5,2.5,,250.0,250.0,False,305,50.8,-3763.07,0.845,39.34,4800.06,-0.78,40.28,29,72
20,40,12,25.0,75.0,3.5,2.5,,300.0,300.0,False,358,59.7,-2046.95,0.927,40.78,3984.46,-0.51,43.06,31,72
20,40,12,25.0,75.0,4.0,1.5,1.35,0.0,0.0,True,249,41.5,-1642.26,0.898,26.51,3115.89,-0.53,38.89,28,72
20,40,12,25.0,75.0,4.0,1.5,1.35,200.0,250.0,True,200,33.3,-2186.0,0.816,25.0,3277.4,-0.67,38.89,28,72
20,40,12,25.0,75.0,4.0,1.5,1.35,250.0,250.0,True,211,35.2,-2675.92,0.788,24.64,3767.32,-0.71,37.5,27,72
20,40,12,25.0,75.0,4.0,1.5,1.35,300.0,300.0,True,226,37.7,-1216.27,0.909,26.55,2623.21,-0.46,38.89,28,72
20,40,12,25.0,75.0,4.0,1.5,1.4,0.0,0.0,True,288,48.0,-2579.73,0.866,26.39,3823.53,-0.67,41.67,30,72
20,40,12,25.0,75.0,4.0,1.5,1.4,200.0,250.0,True,212,35.3,-1371.5,0.892,26.89,2530.68,-0.54,41.67,30,72
20,40,12,25.0,75.0,4.0,1.5,1.4,250.0,250.0,True,232,38.7,-1798.32,0.871,26.72,2983.13,-0.6,40.28,29,72
20,40,12,25.0,75.0,4.0,1.5,1.4,300.0,300.0,True,254,42.3,-1745.91,0.888,26.77,2967.12,-0.59,41.67,30,72
20,40,12,25.0,75.0,4.0,1.5,1.45,0.0,0.0,True,320,53.3,-1537.47,0.927,26.56,3646.1,-0.42,38.89,28,72
20,40,12,25.0,75.0,4.0,1.5,1.45,200.0,250.0,True,231,38.5,-1333.97,0.904,25.97,2780.55,-0.48,38.89,28,72
20,40,12,25.0,75.0,4.0,1.5,1.45,250.0,250.0,True,248,41.3,-1940.34,0.872,25.4,3221.68,-0.6,37.5,27,72
20,40,12,25.0,75.0,4.0,1.5,1.45,300.0,300.0,True,270,45.0,-1391.92,0.916,26.3,3040.05,-0.46,38.89,28,72
20,40,12,25.0,75.0,4.0,1.5,,0.0,0.0,False,940,156.7,1166.45,1.018,28.51,5898.28,0.2,44.44,32,72
20,40,12,25.0,75.0,4.0,1.5,,200.0,250.0,False,361,60.2,204.03,1.01,28.53,2042.3,0.1,50.0,36,72
20,40,12,25.0,75.0,4.0,1.5,,250.0,250.0,False,411,68.5,-315.83,0.986,27.98,2180.18,-0.14,45.83,33,72
20,40,12,25.0,75.0,4.0,1.5,,300.0,300.0,False,496,82.7,359.93,1.013,28.83,2515.16,0.14,45.83,33,72
20,40,12,25.0,75.0,4.0,2.0,1.35,0.0,0.0,True,240,40.0,-1450.75,0.923,32.08,3125.89,-0.46,40.28,29,72
20,40,12,25.0,75.0,4.0,2.0,1.35,200.0,250.0,True,176,29.3,-276.77,0.977,32.95,2140.99,-0.13,44.44,32,72
20,40,12,25.0,75.0,4.0,2.0,1.35,250.0,250.0,True,189,31.5,-444.18,0.966,32.8,2414.24,-0.18,43.06,31,72
20,40,12,25.0,75.0,4.0,2.0,1.35,300.0,300.0,True,203,33.8,-615.57,0.956,32.51,2620.81,-0.23,41.67,30,72
20,40,12,25.0,75.0,4.0,2.0,1.4,0.0,0.0,True,277,46.2,-3297.0,0.856,31.05,4552.28,-0.72,37.5,27,72
20,40,12,25.0,75.0,4.0,2.0,1.4,200.0,250.0,True,184,30.7,-484.9,0.963,32.07,2340.84,-0.21,45.83,33,72
20,40,12,25.0,75.0,4.0,2.0,1.4,250.0,250.0,True,203,33.8,-813.25,0.944,32.02,2669.19,-0.3,41.67,30,72
20,40,12,25.0,75.0,4.0,2.0,1.4,300.0,300.0,True,219,36.5,-513.99,0.967,32.42,2773.07,-0.19,40.28,29,72
20,40,12,25.0,75.0,4.0,2.0,1.45,0.0,0.0,True,306,51.0,-1877.65,0.924,32.03,3997.76,-0.47,41.67,30,72
20,40,12,25.0,75.0,4.0,2.0,1.45,200.0,250.0,True,202,33.7,-151.31,0.99,32.18,2253.19,-0.07,45.83,33,72
20,40,12,25.0,75.0,4.0,2.0,1.45,250.0,250.0,True,213,35.5,-496.87,0.968,31.92,2494.51,-0.2,43.06,31,72
20,40,12,25.0,75.0,4.0,2.0,1.45,300.0,300.0,True,232,38.7,51.69,1.003,32.76,2349.09,0.02,43.06,31,72
20,40,12,25.0,75.0,4.0,2.0,,0.0,0.0,False,834,139.0,1357.36,1.02,34.53,7092.01,0.19,44.44,32,72
20,40,12,25.0,75.0,4.0,2.0,,200.0,250.0,False,257,42.8,-1616.7,0.913,31.91,3028.53,-0.53,45.83,33,72
20,40,12,25.0,75.0,4.0,2.0,,250.0,250.0,False,282,47.0,-1807.29,0.911,31.91,3779.56,-0.48,41.67,30,72
20,40,12,25.0,75.0,4.0,2.0,,300.0,300.0,False,381,63.5,68.99,1.003,33.6,2619.27,0.03,41.67,30,72
20,40,12,25.0,75.0,4.0,2.5,1.35,0.0,0.0,True,228,38.0,-1723.82,0.917,38.6,3226.85,-0.53,41.67,30,72
20,40,12,25.0,75.0,4.0,2.5,1.35,200.0,250.0,True,165,27.5,-1101.84,0.917,37.58,3484.68,-0.32,44.44,32,72
20,40,12,25.0,75.0,4.0,2.5,1.35,250.0,250.0,True,178,29.7,-412.37,0.97,38.76,3157.43,-0.13,44.44,32,72
20,40,12,25.0,75.0,4.0,2.5,1.35,300.0,300.0,True,191,31.8,590.71,1.041,40.31,2234.94,0.26,45.83,33,72
20,40,12,25.0,75.0,4.0,2.5,1.4,0.0,0.0,True,263,43.8,-4203.92,0.835,36.88,4863.27,-0.86,41.67,30,72
20,40,12,25.0,75.0,4.0,2.5,1.4,200.0,250.0,True,167,27.8,-869.07,0.937,37.72,3648.11,-0.24,48.61,35,72
20,40,12,25.0,75.0,4.0,2.5,1.4,250.0,250.0,True,186,31.0,-20.05,0.999,39.25,3552.74,-0.01,47.22,34,72
20,40,12,25.0,75.0,4.0,2.5,1.4,300.0,300.0,True,203,33.8,707.57,1.044,39.9,2613.47,0.27,50.0,36,72
20,40,12,25.0,75.0,4.0,2.5,1.45,0.0,0.0,True,293,48.8,-3483.1,0.876,37.2,4763.86,-0.73,45.83,33,72
20,40,12,25.0,75.0,4.0,2.5,1.45,200.0,250.0,True,183,30.5,66.73,1.004,38.8,3083.09,0.02,48.61,35,72
20,40,12,25.0,75.0,4.0,2.5,1.45,250.0,250.0,True,195,32.5,584.17,1.037,39.49,3214.19,0.18,48.61,35,72
20,40,12,25.0,75.0,4.0,2.5,1.45,300.0,300.0,True,215,35.8,750.26,1.044,39.53,2578.01,0.29,51.39,37,72
20,40,12,25.0,75.0,4.0,2.5,,0.0,0.0,False,741,123.5,-2055.31,0.971,39.27,7755.1,-0.27,47.22,34,72
20,40,12,25.0,75.0,4.0,2.5,,200.0,250.0,False,264,44.0,-2265.72,0.896,37.5,3483.96,-0.65,47.22,34,72
20,40,12,25.0,75.0,4.0,2.5,,250.0,250.0,False,289,48.2,-2103.35,0.911,38.06,3730.7,-0.56,44.44,32,72
20,40,12,25.0,75.0,4.0,2.5,,300.0,300.0,False,329,54.8,-1451.87,0.946,38.3,3753.09,-0.39,45.83,33,72
20,40,12,25.0,75.0,4.5,1.5,1.35,0.0,0.0,True,248,41.3,-989.52,0.939,25.0,2619.2,-0.38,41.67,30,72
20,40,12,25.0,75.0,4.5,1.5,1.35,200.0,250.0,True,195,32.5,-1547.16,0.868,24.1,2688.82,-0.58,40.28,29,72
20,40,12,25.0,75.0,4.5,1.5,1.35,250.0,250.0,True,204,34.0,-1980.63,0.84,23.53,3122.29,-0.63,38.89,28,72
20,40,12,25.0,75.0,4.5,1.5,1.35,300.0,300.0,True,222,37.0,-1199.95,0.911,24.32,2783.2,-0.43,41.67,30,72
20,40,12,25.0,75.0,4.5,1.5,1.4,0.0,0.0,True,287,47.8,-1636.68,0.916,25.09,3226.71,-0.51,43.06,31,72
20,40,12,25.0,75.0,4.5,1.5,1.4,200.0,250.0,True,207,34.5,-475.57,0.962,26.09,2047.42,-0.23,43.06,31,72
20,40,12,25.0,75.0,4.5,1.5,1.4,250.0,250.0,True,217,36.2,-443.93,0.966,25.81,2331.69,-0.19,43.06,31,72
20,40,12,25.0,75.0,4.5,1.5,1.4,300.0,300.0,True,250,41.7,-1121.15,0.928,25.2,2939.11,-0.38,43.06,31,72
20,40,12,25.0,75.0,4.5,1.5,1.45,0.0,0.0,True,319,53.2,-232.1,0.989,25.39,2771.11,-0.08,44.44,32,72
20,40,12,25.0,75.0,4.5,1.5,1.45,200.0,250.0,True,226,37.7,-655.79,0.952,24.78,2326.22,-0.28,43.06,31,72
20,40,12,25.0,75.0,4.5,1.5,1.45,250.0,250.0,True,237,39.5,-295.51,0.979,24.89,2705.43,-0.11,43.06,31,72
20,40,12,25.0,75.0,4.5,1.5,1.45,300.0,300.0,True,265,44.2,-66.98,0.996,25.28,2611.47,-0.03,44.44,32,72
20,40,12,25.0,75.0,4.5,1.5,,0.0,0.0,False,906,151.0,5440.13,1.088,27.26,5631.2,0.97,50.0,36,72
20,40,12,25.0,75.0,4.5,1.5,,200.0,250.0,False,310,51.7,-992.08,0.948,24.52,2259.93,-0.44,47.22,34,72
20,40,12,25.0,75.0,4.5,1.5,,250.0,250.0,False,365,60.8,-2020.96,0.909,24.11,2889.22,-0.7,41.67,30,72
20,40,12,25.0,75.0,4.5,1.5,,300.0,300.0,False,464,77.3,491.14,1.018,26.72,3541.83,0.14,48.61,35,72
20,40,12,25.0,75.0,4.5,2.0,1.35,0.0,0.0,True,238,39.7,-1071.32,0.944,30.25,3069.15,-0.35,43.06,31,72
20,40,12,25.0,75.0,4.5,2.0,1.35,200.0,250.0,True,163,27.2,1029.07,1.091,33.13,2133.48,0.48,47.22,34,72
20,40,12,25.0,75.0,4.5,2.0,1.35,250.0,250.0,True,176,29.3,53.56,1.004,31.25,2111.48,0.03,45.83,33,72
20,40,12,25.0,75.0,4.5,2.0,1.35,300.0,300.0,True,196,32.7,-461.66,0.967,30.61,2627.72,-0.18,43.06,31,72
20,40,12,25.0,75.0,4.5,2.0,1.4,0.0,0.0,True,274,45.7,-2497.39,0.893,29.56,4120.83,-0.61,41.67,30,72
20,40,12,25.0,75.0,4.5,2.0,1.4,200.0,250.0,True,171,28.5,911.09,1.074,32.16,2270.19,0.4,47.22,34,72
20,40,12,25.0,75.0,4.5,2.0,1.4,250.0,250.0,True,183,30.5,973.92,1.076,31.69,2392.87,0.41,47.22,34,72
20,40,12,25.0,75.0,4.5,2.0,1.4,300.0,300.0,True,211,35.2,-129.02,0.992,30.81,2441.85,-0.05,43.06,31,72
20,40,12,25.0,75.0,4.5,2.0,1.45,0.0,0.0,True,303,50.5,-662.88,0.974,30.69,3441.86,-0.19,43.06,31,72
20,40,12,25.0,75.0,4.5,2.0,1.45,200.0,250.0,True,188,31.3,1333.24,1.099,31.91,2259.73,0.59,47.22,34,72
20,40,12,25.0,75.0,4.5,2.0,1.45,250.0,250.0,True,200,33.3,1333.36,1.094,31.5,2190.4,0.61,45.83,33,72
20,40,12,25.0,75.0,4.5,2.0,1.45,300.0,300.0,True,225,37.5,627.43,1.038,31.11,2319.79,0.27,43.06,31,72
20,40,12,25.0,75.0,4.5,2.0,,0.0,0.0,False,796,132.7,2710.84,1.04,32.79,6071.4,0.45,48.61,35,72
20,40,12,25.0,75.0,4.5,2.0,,200.0,250.0,False,242,40.3,-1378.22,0.924,30.17,2671.45,-0.52,47.22,34,72
20,40,12,25.0,75.0,4.5,2.0,,250.0,250.0,False,287,47.8,-2762.66,0.872,29.27,3490.91,-0.79,40.28,29,72
20,40,12,25.0,75.0,4.5,2.0,,300.0,300.0,False,348,58.0,-1996.32,0.922,30.17,3782.18,-0.53,44.44,32,72
20,40,12,25.0,75.0,4.5,2.5,1.35,0.0,0.0,True,226,37.7,-184.12,0.991,37.61,3107.03,-0.06,48.61,35,72
20,40,12,25.0,75.0,4.5,2.5,1.35,200.0,250.0,True,151,25.2,756.02,1.063,38.41,3127.28,0.24,48.61,35,72
20,40,12,25.0,75.0,4.5,2.5,1.35,250.0,250.0,True,165,27.5,246.94,1.019,37.58,3198.48,0.08,47.22,34,72
20,40,12,25.0,75.0,4.5,2.5,1.35,300.0,300.0,True,184,30.7,1748.4,1.122,39.67,2078.61,0.84,50.0,36,72
20,40,12,25.0,75.0,4.5,2.5,1.4,0.0,0.0,True,260,43.3,-2162.93,0.915,36.15,4432.29,-0.49,44.44,32,72
20,40,12,25.0,75.0,4.5,2.5,1.4,200.0,250.0,True,154,25.7,1075.83,1.085,38.31,3337.45,0.32,51.39,37,72
20,40,12,25.0,75.0,4.5,2.5,1.4,250.0,250.0,True,172,28.7,623.78,1.044,37.21,3436.33,0.18,48.61,35,72
20,40,12,25.0,75.0,4.5,2.5,1.4,300.0,300.0,True,199,33.2,1765.33,1.11,38.69,2436.43,0.72,48.61,35,72
20,40,12,25.0,75.0,4.5,2.5,1.45,0.0,0.0,True,290,48.3,-1026.95,0.963,36.55,3882.0,-0.26,48.61,35,72
20,40,12,25.0,75.0,4.5,2.5,1.45,200.0,250.0,True,170,28.3,2264.59,1.165,39.41,2711.39,0.84,51.39,37,72
20,40,12,25.0,75.0,4.5,2.5,1.45,250.0,250.0,True,187,31.2,1990.46,1.132,38.5,2943.88,0.68,50.0,36,72
20,40,12,25.0,75.0,4.5,2.5,1.45,300.0,300.0,True,215,35.8,2362.82,1.135,38.6,2175.98,1.09,50.0,36,72
20,40,12,25.0,75.0,4.5,2.5,,0.0,0.0,False,707,117.8,-494.07,0.993,37.48,6723.43,-0.07,50.0,36,72
20,40,12,25.0,75.0,4.5,2.5,,200.0,250.0,False,224,37.3,-2304.57,0.884,34.82,3927.71,-0.59,47.22,34,72
20,40,12,25.0,75.0,4.5,2.5,,250.0,250.0,False,263,43.8,-3462.19,0.853,34.22,4067.13,-0.85,43.06,31,72
20,40,12,25.0,75.0,4.5,2.5,,300.0,300.0,False,307,51.2,-1153.1,0.957,35.83,3396.59,-0.34,47.22,34,72
20,40,12,25.0,75.0,5.0,1.5,1.35,0.0,0.0,True,246,41.0,-908.73,0.945,22.76,3174.06,-0.29,38.89,28,72
20,40,12,25.0,75.0,5.0,1.5,1.35,200.0,250.0,True,188,31.3,-2279.94,0.808,20.74,3588.76,-0.64,37.5,27,72
20,40,12,25.0,75.0,5.0,1.5,1.35,250.0,250.0,True,198,33.0,-2502.1,0.799,20.71,3810.92,-0.66,36.11,26,72
20,40,12,25.0,75.0,5.0,1.5,1.35,300.0,300.0,True,219,36.5,-1675.3,0.878,21.46,3388.41,-0.49,38.89,28,72
20,40,12,25.0,75.0,5.0,1.5,1.4,0.0,0.0,True,285,47.5,-1263.38,0.936,23.16,3673.19,-0.34,43.06,31,72
20,40,12,25.0,75.0,5.0,1.5,1.4,200.0,250.0,True,202,33.7,-873.55,0.931,23.27,2572.0,-0.34,43.06,31,72
20,40,12,25.0,75.0,5.0,1.5,1.4,250.0,250.0,True,213,35.5,-1446.24,0.893,22.54,2999.73,-0.48,41.67,30,72
20,40,12,25.0,75.0,5.0,1.5,1.4,300.0,300.0,True,236,39.3,-579.02,0.961,23.31,3335.78,-0.17,44.44,32,72
20,40,12,25.0,75.0,5.0,1.5,1.45,0.0,0.0,True,317,52.8,-1178.69,0.947,22.71,4278.03,-0.28,43.06,31,72
20,40,12,25.0,75.0,5.0,1.5,1.45,200.0,250.0,True,216,36.0,-2500.0,0.823,20.37,4089.66,-0.61,41.67,30,72
20,40,12,25.0,75.0,5.0,1.5,1.45,250.0,250.0,True,235,39.2,-2141.16,0.858,21.28,3861.05,-0.55,40.28,29,72
20,40,12,25.0,75.0,5.0,1.5,1.45,300.0,300.0,True,252,42.0,-1347.13,0.916,21.83,3722.47,-0.36,43.06,31,72
20,40,12,25.0,75.0,5.0,1.5,,0.0,0.0,False,878,146.3,2791.24,1.045,25.17,5971.38,0.47,51.39,37,72
20,40,12,25.0,75.0,5.0,1.5,,200.0,250.0,False,298,49.7,-1728.03,0.91,22.15,2956.92,-0.58,44.44,32,72
20,40,12,25.0,75.0,5.0,1.5,,250.0,250.0,False,326,54.3,-1205.69,0.941,23.01,2956.92,-0.41,43.06,31,72
20,40,12,25.0,75.0,5.0,1.5,,300.0,300.0,False,444,74.0,921.35,1.034,25.0,2999.56,0.31,47.22,34,72
20,40,12,25.0,75.0,5.0,2.0,1.35,0.0,0.0,True,235,39.2,454.54,1.024,29.36,2876.75,0.16,47.22,34,72
20,40,12,25.0,75.0,5.0,2.0,1.35,200.0,250.0,True,160,26.7,765.02,1.066,30.63,2689.42,0.28,47.22,34,72
20,40,12,25.0,75.0,5.0,2.0,1.35,250.0,250.0,True,168,28.0,994.82,1.082,30.36,2243.76,0.44,47.22,34,72
20,40,12,25.0,75.0,5.0,2.0,1.35,300.0,300.0,True,186,31.0,215.33,1.016,29.03,2703.91,0.08,45.83,33,72
20,40,12,25.0,75.0,5.0,2.0,1.4,0.0,0.0,True,271,45.2,-683.48,0.971,28.78,3857.36,-0.18,51.39,37,72
20,40,12,25.0,75.0,5.0,2.0,1.4,200.0,250.0,True,168,28.0,1591.95,1.129,31.55,2357.88,0.68,50.0,36,72
20,40,12,25.0,75.0,5.0,2.0,1.4,250.0,250.0,True,176,29.3,1933.67,1.151,31.25,2028.19,0.95,50.0,36,72
20,40,12,25.0,75.0,5.0,2.0,1.4,300.0,300.0,True,193,32.2,2475.76,1.183,31.61,2272.3,1.09,51.39,37,72
20,40,12,25.0,75.0,5.0,2.0,1.45,0.0,0.0,True,300,50.0,-245.43,0.99,29.0,3884.69,-0.06,50.0,36,72
20,40,12,25.0,75.0,5.0,2.0,1.45,200.0,250.0,True,180,30.0,767.44,1.056,30.0,2199.88,0.35,50.0,36,72
20,40,12,25.0,75.0,5.0,2.0,1.45,250.0,250.0,True,193,32.2,1567.91,1.11,30.57,1980.54,0.79,50.0,36,72
20,40,12,25.0,75.0,5.0,2.0,1.45,300.0,300.0,True,208,34.7,2225.86,1.148,30.77,2084.65,1.07,51.39,37,72
20,40,12,25.0,75.0,5.0,2.0,,0.0,0.0,False,759,126.5,1790.85,1.027,30.7,5575.8,0.32,47.22,34,72
20,40,12,25.0,75.0,5.0,2.0,,200.0,250.0,False,233,38.8,-659.49,0.963,28.76,2339.52,-0.28,48.61,35,72
20,40,12,25.0,75.0,5.0,2.0,,250.0,250.0,False,265,44.2,-220.73,0.989,29.43,2229.79,-0.1,44.44,32,72
20,40,12,25.0,75.0,5.0,2.0,,300.0,300.0,False,336,56.0,-1789.97,0.929,28.27,3044.2,-0.59,43.06,31,72
20,40,12,25.0,75.0,5.0,2.5,1.35,0.0,0.0,True,221,36.8,1128.32,1.054,36.2,3358.86,0.34,48.61,35,72
20,40,12,25.0,75.0,5.0,2.5,1.35,200.0,250.0,True,143,23.8,462.51,1.038,34.97,3849.17,0.12,47.22,34,72
20,40,12,25.0,75.0,5.0,2.5,1.35,250.0,250.0,True,154,25.7,-186.67,0.986,33.77,4259.19,-0.04,45.83,33,72
20,40,12,25.0,75.0,5.0,2.5,1.35,300.0,300.0,True,172,28.7,1581.55,1.112,36.63,2502.8,0.63,50.0,36,72
20,40,12,25.0,75.0,5.0,2.5,1.4,0.0,0.0,True,255,42.5,-549.57,0.978,34.9,4620.55,-0.12,45.83,33,72
20,40,12,25.0,75.0,5.0,2.5,1.4,200.0,250.0,True,147,24.5,2051.53,1.166,37.41,3292.41,0.62,50.0,36,72
20,40,12,25.0,75.0,5.0,2.5,1.4,250.0,250.0,True,158,26.3,1402.35,1.104,36.08,3702.43,0.38,48.61,35,72
20,40,12,25.0,75.0,5.0,2.5,1.4,300.0,300.0,True,183,30.5,2922.86,1.197,37.7,2513.29,1.16,52.78,38,72
20,40,12,25.0,75.0,5.0,2.5,1.45,0.0,0.0,True,285,47.5,-939.45,0.967,34.39,4861.37,-0.19,44.44,32,72
20,40,12,25.0,75.0,5.0,2.5,1.45,200.0,250.0,True,162,27.0,1782.09,1.128,37.04,3165.83,0.56,48.61,35,72
20,40,12,25.0,75.0,5.0,2.5,1.45,250.0,250.0,True,176,29.3,1603.81,1.106,36.36,3320.48,0.48,47.22,34,72
20,40,12,25.0,75.0,5.0,2.5,1.45,300.0,300.0,True,200,33.3,2721.01,1.164,37.0,2947.02,0.92,51.39,37,72
20,40,12,25.0,75.0,5.0,2.5,,0.0,0.0,False,667,111.2,-1357.72,0.981,35.08,7480.61,-0.18,47.22,34,72
20,40,12,25.0,75.0,5.0,2.5,,200.0,250.0,False,233,38.8,-2984.03,0.862,31.76,3488.86,-0.86,44.44,32,72
20,40,12,25.0,75.0,5.0,2.5,,250.0,250.0,False,254,42.3,-2113.23,0.909,33.07,3488.86,-0.61,43.06,31,72
20,40,12,25.0,75.0,5.0,2.5,,300.0,300.0,False,291,48.5,-3907.18,0.855,31.27,4308.89,-0.91,41.67,30,72
20,40,12,30.0,70.0,3.5,1.5,1.35,0.0,0.0,True,246,41.0,-2032.71,0.873,29.67,2539.79,-0.8,40.28,29,72
20,40,12,30.0,70.0,3.5,1.5,1.35,200.0,250.0,True,196,32.7,-1191.86,0.893,29.59,2199.44,-0.54,40.28,29,72
20,40,12,30.0,70.0,3.5,1.5,1.35,250.0,250.0,True,202,33.7,-1515.44,0.869,29.21,2523.02,-0.6,40.28,29,72
20,40,12,30.0,70.0,3.5,1.5,1.35,300.0,300.0,True,218,36.3,-818.61,0.935,29.82,2140.29,-0.38,41.67,30,72
20,40,12,30.0,70.0,3.5,1.5,1.4,0.0,0.0,True,282,47.0,-2057.66,0.89,30.5,2518.76,-0.82,43.06,31,72
20,40,12,30.0,70.0,3.5,1.5,1.4,200.0,250.0,True,212,35.3,-1397.98,0.888,29.72,2572.12,-0.54,43.06,31,72
20,40,12,30.0,70.0,3.5,1.5,1.4,250.0,250.0,True,224,37.3,-2084.12,0.844,29.02,3191.76,-0.65,41.67,30,72
20,40,12,30.0,70.0,3.5,1.5,1.4,300.0,300.0,True,248,41.3,-1009.6,0.933,30.24,2840.72,-0.36,44.44,32,72
20,40,12,30.0,70.0,3.5,1.5,1.45,0.0,0.0,True,320,53.3,-1459.86,0.93,30.31,2442.68,-0.6,41.67,30,72
20,40,12,30.0,70.0,3.5,1.5,1.45,200.0,250.0,True,231,38.5,-1310.22,0.903,29.0,2945.91,-0.44,40.28,29,72
20,40,12,30.0,70.0,3.5,1.5,1.45,250.0,250.0,True,241,40.2,-1780.52,0.875,28.63,3121.19,-0.57,38.89,28,72
20,40,12,30.0,70.0,3.5,1.5,1.45,300.0,300.0,True,268,44.7,-767.76,0.952,29.85,2622.85,-0.29,41.67,30,72
20,40,12,30.0,70.0,3.5,1.5,,0.0,0.0,False,990,165.0,-454.48,0.993,30.71,7014.56,-0.06,45.83,33,72
20,40,12,30.0,70.0,3.5,1.5,,200.0,250.0,False,371,61.8,-1650.72,0.921,29.92,3110.83,-0.53,47.22,34,72
20,40,12,30.0,70.0,3.5,1.5,,250.0,250.0,False,410,68.3,-1731.06,0.926,29.76,3564.62,-0.49,43.06,31,72
20,40,12,30.0,70.0,3.5,1.5,,300.0,300.0,False,538,89.7,-146.38,0.995,31.6,2769.89,-0.05,44.44,32,72
20,40,12,30.0,70.0,3.5,2.0,1.35,0.0,0.0,True,236,39.3,-3371.55,0.823,34.75,3626.66,-0.93,36.11,26,72
20,40,12,30.0,70.0,3.5,2.0,1.35,200.0,250.0,True,183,30.5,-2615.84,0.8,33.88,3469.39,-0.75,40.28,29,72
20,40,12,30.0,70.0,3.5,2.0,1.35,250.0,250.0,True,189,31.5,-2126.65,0.84,34.39,2980.2,-0.71,40.28,29,72
20,40,12,30.0,70.0,3.5,2.0,1.35,300.0,300.0,True,197,32.8,-1833.3,0.867,35.03,2866.57,-0.64,40.28,29,72
20,40,12,30.0,70.0,3.5,2.0,1.4,0.0,0.0,True,271,45.2,-3906.27,0.826,35.06,4161.38,-0.94,40.28,29,72
20,40,12,30.0,70.0,3.5,2.0,1.4,200.0,250.0,True,195,32.5,-2525.64,0.824,34.36,3421.4,-0.74,44.44,32,72
20,40,12,30.0,70.0,3.5,2.0,1.4,250.0,250.0,True,206,34.3,-1552.64,0.894,35.44,3019.58,-0.51,44.44,32,72
20,40,12,30.0,70.0,3.5,2.0,1.4,300.0,300.0,True,215,35.8,-1589.15,0.896,35.35,3163.79,-0.5,44.44,32,72
20,40,12,30.0,70.0,3.5,2.0,1.45,0.0,0.0,True,307,51.2,-3274.54,0.869,35.5,4077.03,-0.8,41.67,30,72
20,40,12,30.0,70.0,3.5,2.0,1.45,200.0,250.0,True,212,35.3,-2826.41,0.818,33.96,4117.29,-0.69,41.67,30,72
20,40,12,30.0,70.0,3.5,2.0,1.45,250.0,250.0,True,223,37.2,-2184.28,0.863,34.53,3589.95,-0.61,40.28,29,72
20,40,12,30.0,70.0,3.5,2.0,1.45,300.0,300.0,True,236,39.3,-1880.85,0.888,35.17,3286.52,-0.57,40.28,29,72
20,40,12,30.0,70.0,3.5,2.0,,0.0,0.0,False,883,147.2,-1431.38,0.98,37.03,7771.78,-0.18,41.67,30,72
20,40,12,30.0,70.0,3.5,2.0,,200.0,250.0,False,290,48.3,-3973.59,0.808,33.1,5594.57,-0.71,41.67,30,72
20,40,12,30.0,70.0,3.5,2.0,,250.0,250.0,False,334,55.7,-2946.76,0.874,34.43,5055.47,-0.58,38.89,28,72
20,40,12,30.0,70.0,3.5,2.0,,300.0,300.0,False,435,72.5,-1968.6,0.933,35.86,4077.31,-0.48,41.67,30,72
20,40,12,30.0,70.0,3.5,2.5,1.35,0.0,0.0,True,229,38.2,-4764.49,0.782,39.74,4969.53,-0.96,38.89,28,72
20,40,12,30.0,70.0,3.5,2.5,1.35,200.0,250.0,True,167,27.8,-2757.32,0.8,38.92,4316.36,-0.64,43.06,31,72
20,40,12,30.0,70.0,3.5,2.5,1.35,250.0,250.0,True,177,29.5,-3070.15,0.79,38.42,4449.19,-0.69,40.28,29,72
20,40,12,30.0,70.0,3.5,2.5,1.35,300.0,300.0,True,189,31.5,-2122.05,0.86,40.21,3515.43,-0.6,43.06,31,72
20,40,12,30.0,70.0,3.5,2.5,1.4,0.0,0.0,True,262,43.7,-5359.95,0.79,40.46,5564.99,-0.96,43.06,31,72
20,40,12,30.0,70.0,3.5,2.5,1.4,200.0,250.0,True,172,28.7,-2649.78,0.82,39.53,4699.88,-0.56,47.22,34,72
20,40,12,30.0,70.0,3.5,2.5,1.4,250.0,250.0,True,186,31.0,-2611.84,0.833,39.78,4521.68,-0.58,45.83,33,72
20,40,12,30.0,70.0,3.5,2.5,1.4,300.0,300.0,True,199,33.2,-1645.3,0.899,41.21,3376.49,-0.49,48.61,35,72
20,40,12,30.0,70.0,3.5,2.5,1.45,0.0,0.0,True,298,49.7,-5340.01,0.814,40.27,6078.91,-0.88,41.67,30,72
20,40,12,30.0,70.0,3.5,2.5,1.45,200.0,250.0,True,185,30.8,-3596.63,0.775,37.84,5157.55,-0.7,43.06,31,72
20,40,12,30.0,70.0,3.5,2.5,1.45,250.0,250.0,True,198,33.0,-3921.59,0.771,37.88,5317.11,-0.74,40.28,29,72
20,40,12,30.0,70.0,3.5,2.5,1.45,300.0,300.0,True,221,36.8,-2292.69,0.874,40.27,3688.21,-0.62,43.06,31,72
20,40,12,30.0,70.0,3.5,2.5,,0.0,0.0,False,786,131.0,-2983.64,0.959,42.49,9057.48,-0.33,43.06,31,72
20,40,12,30.0,70.0,3.5,2.5,,200.0,250.0,False,288,48.0,-4401.76,0.808,39.58,5425.23,-0.81,44.44,32,72
20,40,12,30.0,70.0,3.5,2.5,,250.0,250.0,False,321,53.5,-4163.27,0.836,39.88,5186.74,-0.8,41.67,30,72
20,40,12,30.0,70.0,3.5,2.5,,300.0,300.0,False,376,62.7,-2295.43,0.921,41.22,4324.26,-0.53,43.06,31,72
20,40,12,30.0,70.0,4.0,1.5,1.35,0.0,0.0,True,243,40.5,-2359.82,0.857,26.34,2455.93,-0.96,43.06,31,72
20,40,12,30.0,70.0,4.0,1.5,1.35,200.0,250.0,True,192,32.0,-1926.97,0.833,25.52,2967.01,-0.65,41.67,30,72
20,40,12,30.0,70.0,4.0,1.5,1.35,250.0,250.0,True,198,33.0,-1819.28,0.848,25.76,2859.32,-0.64,41.67,30,72
20,40,12,30.0,70.0,4.0,1.5,1.35,300.0,300.0,True,214,35.7,-947.3,0.927,26.64,2588.95,-0.37,44.44,32,72
20,40,12,30.0,70.0,4.0,1.5,1.4,0.0,0.0,True,278,46.3,-2182.92,0.886,27.34,2969.99,-0.73,45.83,33,72
20,40,12,30.0,70.0,4.0,1.5,1.4,200.0,250.0,True,207,34.5,-1490.67,0.882,26.57,2624.18,-0.57,45.83,33,72
20,40,12,30.0,70.0,4.0,1.5,1.4,250.0,250.0,True,218,36.3,-1280.63,0.904,27.06,2368.91,-0.54,45.83,33,72
20,40,12,30.0,70.0,4.0,1.5,1.4,300.0,300.0,True,239,39.8,-1240.15,0.917,27.2,2869.72,-0.43,47.22,34,72
20,40,12,30.0,70.0,4.0,1.5,1.45,0.0,0.0,True,315,52.5,-1071.87,0.949,27.62,2839.13,-0.38,43.06,31,72
20,40,12,30.0,70.0,4.0,1.5,1.45,200.0,250.0,True,224,37.3,-1497.49,0.891,25.45,3024.34,-0.5,41.67,30,72
20,40,12,30.0,70.0,4.0,1.5,1.45,250.0,250.0,True,237,39.5,-943.64,0.934,26.58,2750.24,-0.34,41.67,30,72
20,40,12,30.0,70.0,4.0,1.5,1.45,300.0,300.0,True,255,42.5,-301.33,0.981,27.45,2832.28,-0.11,43.06,31,72
20,40,12,30.0,70.0,4.0,1.5,,0.0,0.0,False,955,159.2,119.02,1.002,28.27,6892.83,0.02,41.67,30,72
20,40,12,30.0,70.0,4.0,1.5,,200.0,250.0,False,351,58.5,-173.06,0.991,29.06,3072.35,-0.06,50.0,36,72
20,40,12,30.0,70.0,4.0,1.5,,250.0,250.0,False,392,65.3,-1022.72,0.955,28.32,3242.65,-0.32,43.06,31,72
20,40,12,30.0,70.0,4.0,1.5,,300.0,300.0,False,498,83.0,-1024.14,0.964,28.51,3070.38,-0.33,43.06,31,72
20,40,12,30.0,70.0,4.0,2.0,1.35,0.0,0.0,True,232,38.7,-3035.16,0.844,31.9,3293.05,-0.92,36.11,26,72
20,40,12,30.0,70.0,4.0,2.0,1.35,200.0,250.0,True,178,29.7,-2375.02,0.82,30.9,3286.3,-0.72,40.28,29,72
20,40,12,30.0,70.0,4.0,2.0,1.35,250.0,250.0,True,183,30.5,-2219.05,0.837,31.15,3418.93,-0.65,38.89,28,72
20,40,12,30.0,70.0,4.0,2.0,1.35,300.0,300.0,True,193,32.2,-2074.15,0.854,31.61,3480.62,-0.6,38.89,28,72
20,40,12,30.0,70.0,4.0,2.0,1.4,0.0,0.0,True,266,44.3,-3346.01,0.853,32.33,4066.64,-0.82,40.28,29,72
20,40,12,30.0,70.0,4.0,2.0,1.4,200.0,250.0,True,187,31.2,-1981.29,0.859,31.55,3360.39,-0.59,44.44,32,72
20,40,12,30.0,70.0,4.0,2.0,1.4,250.0,250.0,True,197,32.8,-1796.37,0.878,31.98,3463.97,-0.52,43.06,31,72
20,40,12,30.0,70.0,4.0,2.0,1.4,300.0,300.0,True,213,35.5,-1847.11,0.884,31.92,3857.23,-0.48,41.67,30,72
20,40,12,30.0,70.0,4.0,2.0,1.45,0.0,0.0,True,301,50.2,-2110.19,0.916,33.22,3970.7,-0.53,41.67,30,72
20,40,12,30.0,70.0,4.0,2.0,1.45,200.0,250.0,True,202,33.7,-2173.73,0.856,31.19,3321.65,-0.65,41.67,30,72
20,40,12,30.0,70.0,4.0,2.0,1.45,250.0,250.0,True,212,35.3,-2052.19,0.871,31.6,3162.78,-0.65,38.89,28,72
20,40,12,30.0,70.0,4.0,2.0,1.45,300.0,300.0,True,233,38.8,-1744.34,0.899,32.19,3258.07,-0.54,38.89,28,72
20,40,12,30.0,70.0,4.0,2.0,,0.0,0.0,False,840,140.0,-453.13,0.994,34.52,7592.75,-0.06,44.44,32,72
20,40,12,30.0,70.0,4.0,2.0,,200.0,250.0,False,270,45.0,-2467.27,0.875,31.85,3864.73,-0.64,44.44,32,72
20,40,12,30.0,70.0,4.0,2.0,,250.0,250.0,False,297,49.5,-3079.47,0.859,31.31,5044.21,-0.61,40.28,29,72
20,40,12,30.0,70.0,4.0,2.0,,300.0,300.0,False,378,63.0,-855.55,0.968,33.6,3481.74,-0.25,43.06,31,72
20,40,12,30.0,70.0,4.0,2.5,1.35,0.0,0.0,True,223,37.2,-4515.98,0.797,36.77,4628.87,-0.98,38.89,28,72
20,40,12,30.0,70.0,4.0,2.5,1.35,200.0,250.0,True,164,27.3,-3310.5,0.769,35.37,4594.51,-0.72,40.28,29,72
20,40,12,30.0,70.0,4.0,2.5,1.35,250.0,250.0,True,169,28.2,-3174.76,0.785,35.5,4884.85,-0.65,38.89,28,72
20,40,12,30.0,70.0,4.0,2.5,1.35,300.0,300.0,True,183,30.5,-2492.22,0.84,36.61,3945.1,-0.63,43.06,31,72
20,40,12,30.0,70.0,4.0,2.5,1.4,0.0,0.0,True,255,42.5,-4841.8,0.813,37.65,4954.69,-0.98,44.44,32,72
20,40,12,30.0,70.0,4.0,2.5,1.4,200.0,250.0,True,168,28.0,-3445.95,0.774,35.71,4787.59,-0.72,44.44,32,72
20,40,12,30.0,70.0,4.0,2.5,1.4,250.0,250.0,True,178,29.7,-2586.85,0.838,37.08,4726.04,-0.55,44.44,32,72
20,40,12,30.0,70.0,4.0,2.5,1.4,300.0,300.0,True,196,32.7,-2029.56,0.881,37.76,3687.2,-0.55,48.61,35,72
20,40,12,30.0,70.0,4.0,2.5,1.45,0.0,0.0,True,290,48.3,-4181.46,0.855,37.93,4915.76,-0.85,41.67,30,72
20,40,12,30.0,70.0,4.0,2.5,1.45,200.0,250.0,True,179,29.8,-3920.9,0.758,34.64,4964.31,-0.79,41.67,30,72
20,40,12,30.0,70.0,4.0,2.5,1.45,250.0,250.0,True,186,31.0,-3496.12,0.792,35.48,4942.67,-0.71,40.28,29,72
20,40,12,30.0,70.0,4.0,2.5,1.45,300.0,300.0,True,211,35.2,-2653.38,0.855,36.97,4099.93,-0.65,44.44,32,72
20,40,12,30.0,70.0,4.0,2.5,,0.0,0.0,False,750,125.0,-4492.46,0.94,39.2,8335.04,-0.54,47.22,34,72
20,40,12,30.0,70.0,4.0,2.5,,200.0,250.0,False,264,44.0,-2890.37,0.868,37.88,4481.62,-0.64,47.22,34,72
20,40,12,30.0,70.0,4.0,2.5,,250.0,250.0,False,292,48.7,-2730.61,0.887,38.36,4679.11,-0.58,44.44,32,72
20,40,12,30.0,70.0,4.0,2.5,,300.0,300.0,False,345,57.5,-1704.89,0.939,38.84,4327.0,-0.39,45.83,33,72
20,40,12,30.0,70.0,4.5,1.5,1.35,0.0,0.0,True,243,40.5,-1979.48,0.883,24.28,2850.73,-0.69,45.83,33,72
20,40,12,30.0,70.0,4.5,1.5,1.35,200.0,250.0,True,186,31.0,-1262.12,0.888,24.19,2744.4,-0.46,44.44,32,72
20,40,12,30.0,70.0,4.5,1.5,1.35,250.0,250.0,True,193,32.2,-1564.54,0.868,23.83,2883.03,-0.54,43.06,31,72
20,40,12,30.0,70.0,4.5,1.5,1.35,300.0,300.0,True,212,35.3,-951.13,0.927,24.06,2987.68,-0.32,45.83,33,72
20,40,12,30.0,70.0,4.5,1.5,1.4,0.0,0.0,True,277,46.2,-1771.96,0.909,25.27,3269.04,-0.54,45.83,33,72
20,40,12,30.0,70.0,4.5,1.5,1.4,200.0,250.0,True,201,33.5,-437.47,0.965,25.87,2436.17,-0.18,45.83,33,72
20,40,12,30.0,70.0,4.5,1.5,1.4,250.0,250.0,True,207,34.5,-121.12,0.99,26.09,2541.14,-0.05,45.83,33,72
20,40,12,30.0,70.0,4.5,1.5,1.4,300.0,300.0,True,236,39.3,-297.46,0.98,25.85,2822.96,-0.11,45.83,33,72
20,40,12,30.0,70.0,4.5,1.5,1.45,0.0,0.0,True,314,52.3,-259.64,0.988,25.8,3023.61,-0.09,44.44,32,72
20,40,12,30.0,70.0,4.5,1.5,1.45,200.0,250.0,True,218,36.3,-316.81,0.976,24.77,2574.83,-0.12,43.06,31,72
20,40,12,30.0,70.0,4.5,1.5,1.45,250.0,250.0,True,225,37.5,168.33,1.012,25.33,2898.96,0.06,43.06,31,72
20,40,12,30.0,70.0,4.5,1.5,1.45,300.0,300.0,True,252,42.0,427.07,1.027,25.79,2754.26,0.16,44.44,32,72
20,40,12,30.0,70.0,4.5,1.5,,0.0,0.0,False,914,152.3,3041.95,1.048,26.7,7234.39,0.42,50.0,36,72
20,40,12,30.0,70.0,4.5,1.5,,200.0,250.0,False,302,50.3,-2116.32,0.888,24.17,3033.86,-0.7,47.22,34,72
20,40,12,30.0,70.0,4.5,1.5,,250.0,250.0,False,342,57.0,-2605.47,0.877,24.27,3413.25,-0.76,43.06,31,72
20,40,12,30.0,70.0,4.5,1.5,,300.0,300.0,False,473,78.8,-917.31,0.968,26.43,3475.5,-0.26,48.61,35,72
20,40,12,30.0,70.0,4.5,2.0,1.35,0.0,0.0,True,231,38.5,-2384.74,0.88,29.87,3492.56,-0.68,41.67,30,72
20,40,12,30.0,70.0,4.5,2.0,1.35,200.0,250.0,True,168,28.0,-181.78,0.985,32.14,2762.79,-0.07,44.44,32,72
20,40,12,30.0,70.0,4.5,2.0,1.35,250.0,250.0,True,177,29.5,-1477.41,0.889,29.94,3070.26,-0.48,41.67,30,72
20,40,12,30.0,70.0,4.5,2.0,1.35,300.0,300.0,True,191,31.8,-1550.55,0.892,29.84,3557.25,-0.44,41.67,30,72
20,40,12,30.0,70.0,4.5,2.0,1.4,0.0,0.0,True,263,43.8,-2508.62,0.891,30.42,4335.35,-0.58,43.06,31,72
20,40,12,30.0,70.0,4.5,2.0,1.4,200.0,250.0,True,174,29.0,691.93,1.054,33.33,2929.89,0.24,48.61,35,72
20,40,12,30.0,70.0,4.5,2.0,1.4,250.0,250.0,True,185,30.8,-193.98,0.986,31.35,3237.36,-0.06,45.83,33,72
20,40,12,30.0,70.0,4.5,2.0,1.4,300.0,300.0,True,208,34.7,-966.74,0.939,30.77,3422.34,-0.28,43.06,31,72
20,40,12,30.0,70.0,4.5,2.0,1.45,0.0,0.0,True,298,49.7,-816.99,0.968,31.54,4095.04,-0.2,43.06,31,72
20,40,12,30.0,70.0,4.5,2.0,1.45,200.0,250.0,True,187,31.2,-168.06,0.988,31.55,2973.04,-0.06,45.83,33,72
20,40,12,30.0,70.0,4.5,2.0,1.45,250.0,250.0,True,200,33.3,-425.67,0.971,31.0,2870.56,-0.15,43.06,31,72
20,40,12,30.0,70.0,4.5,2.0,1.45,300.0,300.0,True,226,37.7,-866.85,0.949,30.97,3013.03,-0.29,40.28,29,72
20,40,12,30.0,70.0,4.5,2.0,,0.0,0.0,False,796,132.7,551.69,1.008,32.54,7701.47,0.07,47.22,34,72
20,40,12,30.0,70.0,4.5,2.0,,200.0,250.0,False,248,41.3,-1771.53,0.906,30.65,3293.88,-0.54,47.22,34,72
20,40,12,30.0,70.0,4.5,2.0,,250.0,250.0,False,291,48.5,-3949.29,0.824,28.87,4492.21,-0.88,38.89,28,72
20,40,12,30.0,70.0,4.5,2.0,,300.0,300.0,False,352,58.7,-2827.95,0.892,30.4,3695.44,-0.77,41.67,30,72
20,40,12,30.0,70.0,4.5,2.5,1.35,0.0,0.0,True,222,37.0,-3792.96,0.833,34.68,3953.94,-0.96,40.28,29,72
20,40,12,30.0,70.0,4.5,2.5,1.35,200.0,250.0,True,153,25.5,-961.27,0.926,36.6,4094.99,-0.23,45.83,33,72
20,40,12,30.0,70.0,4.5,2.5,1.35,250.0,250.0,True,162,27.0,-2287.45,0.841,34.57,4407.79,-0.52,41.67,30,72
20,40,12,30.0,70.0,4.5,2.5,1.35,300.0,300.0,True,178,29.7,-1356.59,0.912,35.96,3617.16,-0.38,44.44,32,72
20,40,12,30.0,70.0,4.5,2.5,1.4,0.0,0.0,True,251,41.8,-3713.57,0.858,35.86,4545.84,-0.82,44.44,32,72
20,40,12,30.0,70.0,4.5,2.5,1.4,200.0,250.0,True,154,25.7,-587.12,0.957,37.66,4303.85,-0.14,50.0,36,72
20,40,12,30.0,70.0,4.5,2.5,1.4,250.0,250.0,True,166,27.7,-1747.92,0.883,35.54,4616.65,-0.38,45.83,33,72
20,40,12,30.0,70.0,4.5,2.5,1.4,300.0,300.0,True,192,32.0,-312.55,0.981,37.5,3310.53,-0.09,48.61,35,72
20,40,12,30.0,70.0,4.5,2.5,1.45,0.0,0.0,True,286,47.7,-2597.42,0.911,36.36,4557.84,-0.57,43.06,31,72
20,40,12,30.0,70.0,4.5,2.5,1.45,200.0,250.0,True,163,27.2,-828.41,0.942,36.81,3758.39,-0.22,45.83,33,72
20,40,12,30.0,70.0,4.5,2.5,1.45,250.0,250.0,True,177,29.5,-1846.7,0.883,35.03,3902.4,-0.47,41.67,30,72
20,40,12,30.0,70.0,4.5,2.5,1.45,300.0,300.0,True,208,34.7,-1236.72,0.933,36.06,2976.17,-0.42,43.06,31,72
20,40,12,30.0,70.0,4.5,2.5,,0.0,0.0,False,710,118.3,-3152.22,0.957,37.04,8460.41,-0.37,50.0,36,72
20,40,12,30.0,70.0,4.5,2.5,,200.0,250.0,False,232,38.7,-3079.72,0.851,34.91,4995.06,-0.62,47.22,34,72
20,40,12,30.0,70.0,4.5,2.5,,250.0,250.0,False,271,45.2,-5427.64,0.781,33.21,5922.8,-0.92,40.28,29,72
20,40,12,30.0,70.0,4.5,2.5,,300.0,300.0,False,319,53.2,-2874.94,0.898,35.42,4915.47,-0.58,44.44,32,72
20,40,12,30.0,70.0,5.0,1.5,1.35,0.0,0.0,True,242,40.3,-1880.84,0.89,22.31,3323.35,-0.57,44.44,32,72
20,40,12,30.0,70.0,5.0,1.5,1.35,200.0,250.0,True,180,30.0,-1569.31,0.861,21.67,2880.36,-0.54,43.06,31,72
20,40,12,30.0,70.0,5.0,1.5,1.35,250.0,250.0,True,191,31.8,-1852.07,0.847,21.47,3163.12,-0.59,41.67,30,72
20,40,12,30.0,70.0,5.0,1.5,1.35,300.0,300.0,True,209,34.8,-864.34,0.935,22.01,3061.7,-0.28,44.44,32,72
20,40,12,30.0,70.0,5.0,1.5,1.4,0.0,0.0,True,276,46.0,-1352.88,0.932,23.55,3715.42,-0.36,43.06,31,72
20,40,12,30.0,70.0,5.0,1.5,1.4,200.0,250.0,True,196,32.7,-39.82,0.997,24.49,2421.15,-0.02,44.44,32,72
20,40,12,30.0,70.0,5.0,1.5,1.4,250.0,250.0,True,208,34.7,-752.91,0.943,23.56,2750.22,-0.27,43.06,31,72
20,40,12,30.0,70.0,5.0,1.5,1.4,300.0,300.0,True,227,37.8,812.64,1.057,24.67,3032.04,0.27,45.83,33,72
20,40,12,30.0,70.0,5.0,1.5,1.45,0.0,0.0,True,313,52.2,-1121.52,0.95,23.32,4155.48,-0.27,40.28,29,72
20,40,12,30.0,70.0,5.0,1.5,1.45,200.0,250.0,True,211,35.2,-1103.57,0.919,22.27,2818.38,-0.39,40.28,29,72
20,40,12,30.0,70.0,5.0,1.5,1.45,250.0,250.0,True,227,37.8,-1503.8,0.897,22.03,3282.94,-0.46,38.89,28,72
20,40,12,30.0,70.0,5.0,1.5,1.45,300.0,300.0,True,243,40.5,183.5,1.012,23.46,3031.96,0.06,41.67,30,72
20,40,12,30.0,70.0,5.0,1.5,,0.0,0.0,False,889,148.2,1729.87,1.027,24.97,6857.41,0.25,48.61,35,72
20,40,12,30.0,70.0,5.0,1.5,,200.0,250.0,False,285,47.5,-1847.07,0.9,22.46,2995.38,-0.62,44.44,32,72
20,40,12,30.0,70.0,5.0,1.5,,250.0,250.0,False,329,54.8,-1597.59,0.923,23.1,2995.38,-0.53,43.06,31,72
20,40,12,30.0,70.0,5.0,1.5,,300.0,300.0,False,461,76.8,-568.67,0.98,24.51,3066.76,-0.19,45.83,33,72
20,40,12,30.0,70.0,5.0,2.0,1.35,0.0,0.0,True,230,38.3,-1219.56,0.939,28.7,3618.92,-0.34,47.22,34,72
20,40,12,30.0,70.0,5.0,2.0,1.35,200.0,250.0,True,165,27.5,-351.22,0.972,29.7,3568.78,-0.1,47.22,34,72
20,40,12,30.0,70.0,5.0,2.0,1.35,250.0,250.0,True,176,29.3,-585.37,0.956,28.98,2831.32,-0.21,45.83,33,72
20,40,12,30.0,70.0,5.0,2.0,1.35,300.0,300.0,True,186,31.0,-780.83,0.945,28.49,3416.89,-0.23,45.83,33,72
20,40,12,30.0,70.0,5.0,2.0,1.4,0.0,0.0,True,262,43.7,-1000.98,0.957,29.39,4390.58,-0.23,48.61,35,72
20,40,12,30.0,70.0,5.0,2.0,1.4,200.0,250.0,True,171,28.5,1167.46,1.09,32.16,3482.41,0.34,51.39,37,72
20,40,12,30.0,70.0,5.0,2.0,1.4,250.0,250.0,True,182,30.3,1045.23,1.076,31.32,2633.03,0.4,50.0,36,72
20,40,12,30.0,70.0,5.0,2.0,1.4,300.0,300.0,True,197,32.8,1587.23,1.11,31.47,2742.18,0.58,50.0,36,72
20,40,12,30.0,70.0,5.0,2.0,1.45,0.0,0.0,True,297,49.5,-665.17,0.974,29.63,4844.93,-0.14,44.44,32,72
20,40,12,30.0,70.0,5.0,2.0,1.45,200.0,250.0,True,182,30.3,295.37,1.021,30.22,3560.33,0.08,45.83,33,72
20,40,12,30.0,70.0,5.0,2.0,1.45,250.0,250.0,True,195,32.5,220.17,1.015,29.74,2710.95,0.08,44.44,32,72
20,40,12,30.0,70.0,5.0,2.0,1.45,300.0,300.0,True,215,35.8,1629.36,1.103,31.16,2658.54,0.61,44.44,32,72
20,40,12,30.0,70.0,5.0,2.0,,0.0,0.0,False,771,128.5,773.51,1.011,30.61,6459.45,0.12,48.61,35,72
20,40,12,30.0,70.0,5.0,2.0,,200.0,250.0,False,234,39.0,-1794.87,0.902,28.21,3377.08,-0.53,47.22,34,72
20,40,12,30.0,70.0,5.0,2.0,,250.0,250.0,False,276,46.0,-1831.66,0.914,28.62,3183.17,-0.58,44.44,32,72
20,40,12,30.0,70.0,5.0,2.0,,300.0,300.0,False,324,54.0,-1954.24,0.921,29.32,3501.97,-0.56,44.44,32,72
20,40,12,30.0,70.0,5.0,2.5,1.35,0.0,0.0,True,220,36.7,-2753.82,0.88,33.18,4188.01,-0.66,44.44,32,72
20,40,12,30.0,70.0,5.0,2.5,1.35,200.0,250.0,True,150,25.0,-522.11,0.96,34.67,4326.44,-0.12,45.83,33,72
20,40,12,30.0,70.0,5.0,2.5,1.35,250.0,250.0,True,161,26.8,-1687.12,0.884,32.92,4740.13,-0.36,43.06,31,72
20,40,12,30.0,70.0,5.0,2.5,1.35,300.0,300.0,True,175,29.2,-1135.1,0.928,33.71,3810.58,-0.3,45.83,33,72
20,40,12,30.0,70.0,5.0,2.5,1.4,0.0,0.0,True,249,41.5,-2286.2,0.913,34.54,4779.9,-0.48,47.22,34,72
20,40,12,30.0,70.0,5.0,2.5,1.4,200.0,250.0,True,151,25.2,592.55,1.044,37.09,4166.98,0.14,50.0,36,72
20,40,12,30.0,70.0,5.0,2.5,1.4,250.0,250.0,True,163,27.2,-684.24,0.954,34.97,4580.67,-0.15,47.22,34,72
20,40,12,30.0,70.0,5.0,2.5,1.4,300.0,300.0,True,182,30.3,655.11,1.041,36.26,3172.02,0.21,51.39,37,72
20,40,12,30.0,70.0,5.0,2.5,1.45,0.0,0.0,True,284,47.3,-2655.27,0.911,34.15,5546.48,-0.48,41.67,30,72
20,40,12,30.0,70.0,5.0,2.5,1.45,200.0,250.0,True,159,26.5,-113.99,0.992,35.22,4073.24,-0.03,45.83,33,72
20,40,12,30.0,70.0,5.0,2.5,1.45,250.0,250.0,True,174,29.0,-1064.81,0.933,33.91,4160.96,-0.26,43.06,31,72
20,40,12,30.0,70.0,5.0,2.5,1.45,300.0,300.0,True,198,33.0,-8.28,1.0,34.85,3065.3,-0.0,47.22,34,72
20,40,12,30.0,70.0,5.0,2.5,,0.0,0.0,False,680,113.3,-2518.39,0.965,35.0,7682.8,-0.33,44.44,32,72
20,40,12,30.0,70.0,5.0,2.5,,200.0,250.0,False,229,38.2,-2556.4,0.879,33.19,4554.07,-0.56,47.22,34,72
20,40,12,30.0,70.0,5.0,2.5,,250.0,250.0,False,263,43.8,-2790.13,0.884,33.46,4554.07,-0.61,43.06,31,72
20,40,12,30.0,70.0,5.0,2.5,,300.0,300.0,False,301,50.2,-3906.57,0.86,32.56,4293.49,-0.91,43.06,31,72
