entry_lookback,exit_lookback,sl_atr_mult,tp_atr_mult,ema_filter,session_mode,total_trades,net_profit,gross_profit,gross_loss,profit_factor,win_rate,max_drawdown,romad,sharpe,avg_holding_bars
15,5,1.5,0.0,0,24h,7661,-40743.246292544034,144727.0703124962,185470.31660505643,0.7803247061937162,27.73789322542749,42137.243017572975,-0.9669177045008003,-2.9472191347585905,6.848453204542489
15,5,1.5,0.0,0,London_NY,4612,-23485.910501531558,101261.49477539015,124747.40527692638,0.8117322725118015,29.249783174327842,25017.41089215701,-0.9387826183441876,-2.010461106470047,6.9939288811795315
15,5,1.5,0.0,100,24h,6364,-33491.04552524639,125714.3595703106,159205.40509556734,0.7896362532091619,27.608422375864237,34648.88791503501,-0.9665835627213245,-2.5724066604659437,6.87193588937775
15,5,1.5,0.0,100,London_NY,4087,-23009.669961981257,89817.08481445338,112826.75477643739,0.7960619357742148,28.896501101052117,24260.532828192663,-0.9484404207001668,-2.0703758465871025,6.999510643503792
15,5,1.5,0.0,200,24h,5672,-29070.004155618364,113282.98706054586,142352.9912161715,0.7957892987897872,27.76798307475317,30536.776234651057,-0.9519670292711416,-2.3662523665676103,6.885049365303244
15,5,1.5,0.0,200,London_NY,3642,-20056.648189869717,80663.59995117252,100720.24814104337,0.8008677643269448,29.40691927512356,21751.78941127092,-0.922068884111077,-1.925970390525822,7.067270730367929
15,5,1.5,3.0,0,24h,9569,-54575.77042235626,180917.50881347386,235493.27923584954,0.768249138151763,30.45250287386352,55481.0903913159,-0.9836823688472183,-4.193180152151312,4.819416866966245
15,5,1.5,3.0,0,London_NY,5687,-32121.490161129193,123699.01297084217,155820.50313197813,0.7938558179732649,31.967645507297345,32732.17761578942,-0.981342901721099,-2.919942204005624,4.945313873747143
15,5,1.5,3.0,100,24h,7965,-45924.83182198077,155689.6301548535,201614.4619768482,0.7722145952641616,30.521029504080353,46810.22190464087,-0.9810855397254094,-3.7859519880401296,4.823477715003139
15,5,1.5,3.0,100,London_NY,5026,-30354.366871857907,109525.00567452562,139879.37254638868,0.782996117874374,31.615598885793872,30843.87581786862,-0.9841294606131462,-2.918219780659876,4.9667727815360125
15,5,1.5,3.0,200,24h,7130,-38623.772007528954,141840.2833740224,180464.05538156218,0.7859752629083059,30.757363253856944,39646.88979666188,-0.9741942484169572,-3.3438646840324227,4.810098176718093
15,5,1.5,3.0,200,London_NY,4496,-24911.773322402638,99745.3318045481,124657.10512695434,0.8001576139840936,32.13967971530249,25518.091821286856,-0.9762396615260066,-2.520108191675156,4.988211743772242
15,5,1.5,5.0,0,24h,8461,-48622.327015897405,159574.7347900359,208197.06180595068,0.7664600710780778,28.519087578300436,49952.9585431723,-0.9733623079376793,-3.641411529995097,5.879919631249261
15,5,1.5,5.0,0,London_NY,5062,-28547.70436836999,109556.67180175723,138104.37617013304,0.7932889227694897,30.086922165152114,29230.53884974637,-0.9766396888922797,-2.576150752892969,6.034966416436191
15,5,1.5,5.0,100,24h,7057,-40008.555991903384,138838.44549037193,178847.00148228777,0.7762973062991044,28.510698597137594,41184.22161864796,-0.9714534940679261,-3.19895349821546,5.859572056114496
15,5,1.5,5.0,100,London_NY,4483,-26629.224961632353,98064.56832449764,124693.79328613397,0.7864430597557456,29.779165737229533,27676.168301825444,-0.9621716659338266,-2.5221879286547613,6.040820878875754
15,5,1.5,5.0,200,24h,6287,-34975.79680175366,124637.1891217902,159612.98592355274,0.78087123300535,28.710036583426117,36370.43085588377,-0.9616547282693382,-2.9716057600545227,5.88070621918244
15,5,1.5,5.0,200,London_NY,3995,-22975.303527829776,88091.69283272907,111066.99636056118,0.7931401381086558,30.2377972465582,23990.152382113054,-0.9576972735262846,-2.3147713752577483,6.101126408010012
15,5,2.0,0.0,0,24h,7355,-39884.34556360942,150184.3607910114,190068.7063546401,0.7901582731393435,30.00679809653297,40974.06892438039,-0.9734045607532387,-2.764381597444607,7.704146838885112
15,5,2.0,0.0,0,London_NY,4434,-22347.09468470655,105643.44111328047,127990.53579799329,0.8254004130431714,31.619305367613894,24330.65608258684,-0.9184748084413596,-1.8242642624907983,7.839422643211547
15,5,2.0,0.0,100,24h,6110,-33341.36185127829,130717.69594726327,164059.05779855434,0.7967721971667641,29.852700490998362,34072.550864951205,-0.9785402326767072,-2.447928648424091,7.748117839607202
15,5,2.0,0.0,100,London_NY,3938,-22958.390820309753,93957.72397460931,116916.11479492307,0.8036336491288308,31.132554596241746,24106.074909317118,-0.9523902546007695,-1.959875621610156,7.843321482986287
15,5,2.0,0.0,200,24h,5456,-30484.566099326104,116829.02744140485,147313.5935407403,0.7930634548609746,29.98533724340176,31606.355636157645,-0.9645074696448642,-2.401328392500958,7.742851906158358
15,5,2.0,0.0,200,London_NY,3521,-21231.124344305965,83499.84228515677,104730.96662946459,0.7972794004716582,31.525134904856575,22800.761474607563,-0.9311585653817023,-1.9665904807045282,7.869071286566316
15,5,2.0,3.0,0,24h,9307,-54054.68113140962,190574.1338797402,244628.81501117392,0.7790338757559502,33.168582787149454,54786.18051757132,-0.9866481039698124,-3.9305396075957755,5.513162136026647
15,5,2.0,3.0,0,London_NY,5538,-31719.56382881879,130653.23866141123,162372.8024902393,0.8046497729770057,34.723726977248106,32244.037695309336,-0.9837342372736761,-2.7266411196082228,5.627843986998917
15,5,2.0,3.0,100,24h,7747,-46507.40375278409,163755.19028320123,210262.59403600267,0.7788127557066183,33.31612236994966,47348.38321358312,-0.9822384756622953,-3.6352901180956083,5.527688137343487
15,5,2.0,3.0,100,London_NY,4900,-31442.139718188846,115227.40557338147,146669.54529157697,0.785625982164948,34.326530612244895,31844.12181919392,-0.987376568168924,-2.863279313012323,5.651020408163266
15,5,2.0,3.0,200,24h,6941,-39884.68797781302,148754.56901855342,188639.25699638008,0.7885663429081888,33.539835758536235,40905.08800222806,-0.9750544473988305,-3.28243632986103,5.505114536810258
15,5,2.0,3.0,200,London_NY,4393,-26421.331267436108,104618.42620326448,131039.75747070531,0.7983716409628774,34.75984520828591,27087.521351839485,-0.9754060153474272,-2.537721181576523,5.648987024812201
15,5,2.0,5.0,0,24h,8170,-46860.031790589914,167950.8992989641,214810.93108957526,0.7818545287573344,30.954712362301102,47848.71640624389,-0.9793372802885688,-3.348772190924098,6.658629130966952
15,5,2.0,5.0,0,London_NY,4897,-26932.488853232986,115410.27748325805,142342.76633649893,0.810791306461107,32.57096181335512,27455.90817173284,-0.9809360041843839,-2.318472287723248,6.784357770063304
15,5,2.0,5.0,100,24h,6818,-38974.78114885051,146483.38688267054,185458.16803153642,0.7898459713985831,30.93282487533001,40008.002354208584,-0.9741746364587137,-2.966052576206139,6.655177471399237
15,5,2.0,5.0,100,London_NY,4351,-26347.956480186782,103455.50703822507,129803.46351841745,0.7970165374173244,32.084578257871755,27247.188790455453,-0.9669972444796335,-2.3705383307760943,6.778211905309124
15,5,2.0,5.0,200,24h,6079,-36022.08959262924,130048.26470423953,166070.3542968804,0.7830913907232054,31.123540055930253,37221.71884067701,-0.9677707186714662,-2.93021392173115,6.680046060207271
15,5,2.0,5.0,200,London_NY,3886,-24555.926171872547,91676.54754464283,116232.47371651899,0.7887343752851208,32.398353062274836,25475.5630998865,-0.9639012129228244,-2.3664406245192526,6.81600617601647
15,5,2.5,0.0,0,24h,7257,-42683.009727252924,151947.96108397996,194630.97081125513,0.7806977504691823,30.85296954664462,43402.11484548745,-0.9834315650102637,-2.8887744629051983,8.048367093840431
15,5,2.5,0.0,0,London_NY,4387,-25894.784446494596,106738.3852050773,132633.16965157943,0.8047638873855884,32.29997720537953,27003.123793245228,-0.958955143292426,-2.0616008202422433,8.169136083884204
15,5,2.5,0.0,100,24h,6026,-36010.16015450044,132316.79443359128,168326.95458810695,0.7860701499493536,30.70029870560903,36717.546983114735,-0.9807343658077267,-2.5836630336148634,8.117324925323599
15,5,2.5,0.0,100,London_NY,3891,-26272.11983642268,95046.26674804678,121318.3865844744,0.7834448629257507,31.84271395528142,27467.58380126736,-0.9564772797820855,-2.1849708901008276,8.193266512464662
15,5,2.5,0.0,200,24h,5385,-32814.51989745623,118404.97475585788,151219.49465332518,0.7830007303443549,30.807799442896936,34083.511197332,-0.9627681757161478,-2.519736764010057,8.105663881151346
15,5,2.5,0.0,200,London_NY,3482,-23783.1856392973,84636.68588867236,108419.87152797205,0.7806381311458787,32.19414129810454,25411.180430382992,-0.9359339171375457,-2.140045459025497,8.215393452039057
15,5,2.5,3.0,0,24h,9222,-55618.61643414353,194390.73587471765,250009.35230888915,0.7775338565516776,34.21166775103015,56245.27032644357,-0.9888585495515804,-3.9130965424960884,5.810236391238343
15,5,2.5,3.0,0,London_NY,5497,-34217.929047498685,132939.57390136656,167157.50294887615,0.7952952847233253,35.52847007458614,34623.35663539024,-0.9882903442274239,-2.8490094738758347,5.921775513916682
15,5,2.5,3.0,100,24h,7678,-48291.81425606198,167003.48994837975,215295.30420446233,0.7756949951392313,34.396978379786404,49081.287369204816,-0.9839149876570236,-3.6537567212839304,5.844620995050795
15,5,2.5,3.0,100,London_NY,4860,-33937.60439627154,117246.79560895626,151184.40000523604,0.7755217840259683,35.16460905349794,34344.46173269833,-0.9881536260607797,-2.9903516724473427,5.958436213991769
15,5,2.5,3.0,200,24h,6882,-41178.33312638955,151705.0487932464,192883.38191965237,0.7865117631359282,34.582970066841035,42185.587573237775,-0.9761232566667575,-3.2857982042414884,5.8169136878814305
15,5,2.5,3.0,200,London_NY,4360,-28258.276567728768,106450.70318777897,134708.9797555135,0.7902272245026194,35.57339449541284,29289.690274481633,-0.9647857762548117,-2.6307015632413866,5.95
15,5,2.5,5.0,0,24h,8084,-49925.72457623399,170266.75037667048,220192.474952929,0.7732632571256975,31.86541316180109,50853.13878870696,-0.9817628914445902,-3.4726316263077774,6.983918852053439
15,5,2.5,5.0,0,London_NY,4854,-30834.25982840002,116722.56177804037,147556.82160644967,0.7910346706257494,33.29213020189535,31325.302408270178,-0.9843244105525213,-2.5769058803094462,7.085908529048208
15,5,2.5,5.0,100,24h,6744,-41941.510865995704,148567.1559361024,190508.6668021162,0.7798446046048971,31.880189798339263,42943.234582514415,-0.9766733054401404,-3.107605850331545,6.99985172004745
15,5,2.5,5.0,100,London_NY,4308,-30026.31484897826,104813.03203473738,134839.34688372244,0.7773178560789233,32.84586815227484,30978.717286897838,-0.9692562339137785,-2.618172202070412,7.094011142061281
15,5,2.5,5.0,200,24h,6017,-38449.35239606079,132268.160564312,170717.5129603864,0.7747779256543161,32.05916569719129,39635.8360665416,-0.9700653805185563,-3.029002670567248,7.021106863885657
15,5,2.5,5.0,200,London_NY,3850,-27282.700936450994,93272.64271065845,120555.34364711377,0.7736914838357022,33.142857142857146,28337.635503276448,-0.962772667934716,-2.5305907396692513,7.132987012987013
15,5,3.0,0.0,0,24h,7220,-40302.468052448094,153104.5129394486,193406.9809919209,0.791618338460307,31.16343490304709,41324.24722725409,-0.9752741007189571,-2.714521044807679,8.20470914127424
15,5,3.0,0.0,0,London_NY,4365,-25008.947684148,107426.83784179599,132435.7855259523,0.8111617068994127,32.577319587628864,26644.70452706205,-0.9386085576121637,-1.974840858148442,8.321649484536083
15,5,3.0,0.0,100,24h,5999,-34500.91210239378,133405.34707030994,167906.25917272037,0.794522775551087,30.988498083013834,35335.72197962731,-0.9763749024934358,-2.458486808930651,8.28071345224204
15,5,3.0,0.0,100,London_NY,3872,-25589.514261296958,95689.81948242176,121279.33374372435,0.7890035056147666,32.12809917355372,26987.841385321437,-0.9481867740342871,-2.1095650887810575,8.362345041322314
15,5,3.0,0.0,200,24h,5362,-32003.425411546465,119494.6272460922,151498.05265765102,0.7887535526025617,31.10779559865722,33331.23973562714,-0.9601630682023088,-2.434309806990758,8.254755688176054
15,5,3.0,0.0,200,London_NY,3465,-23692.972516738664,85277.58911132855,108970.56162807,0.7825745580938777,32.467532467532465,25433.33412039403,-0.9315716297589219,-2.1075716401776905,8.368253968253969
15,5,3.0,3.0,0,24h,9191,-53969.00394809419,195707.30537457817,249676.30932270284,0.7838441136264532,34.588184093134586,54808.91502510419,-0.9846756485395617,-3.76266071469183,5.956152758132956
15,5,3.0,3.0,0,London_NY,5480,-33425.926112579415,133948.62997000496,167374.55608259645,0.8002926675659329,35.948905109489054,34185.828585376315,-0.977771418618709,-2.7510124375684386,6.060766423357664
15,5,3.0,3.0,100,24h,7652,-47599.880681494426,168151.5232317223,215751.40391323922,0.7793762644499017,34.78829064296916,48519.80998883369,-0.9810401296387811,-3.5590266324139033,5.998301097752221
15,5,3.0,3.0,100,London_NY,4845,-33555.065447122455,118116.55892508347,151671.624372215,0.7787650420042673,35.60371517027864,34229.810574774165,-0.9802877925316663,-2.9196671451359504,6.105263157894736
15,5,3.0,3.0,200,24h,6860,-41027.828177310206,152638.0913051046,193665.91948243283,0.7881515328717926,34.95626822157434,42035.08262415845,-0.9760377669325823,-3.232292441377786,5.961807580174927
15,5,3.0,3.0,200,London_NY,4346,-28397.650746369865,107077.61181291845,135475.26255929476,0.7903849735375325,35.96410492406811,29595.481776643937,-0.9595265574889417,-2.6101656537486493,6.0876668200644275
15,5,3.0,5.0,0,24h,8055,-48576.743634897226,171457.46961495173,220034.21324987581,0.7792309526893473,32.166356300434515,49717.239773988644,-0.9770603487990074,-3.353119989058892,7.125263811297331
15,5,3.0,5.0,0,London_NY,4838,-30458.643244275983,117557.1774344298,148015.82067871618,0.7942203535769325,33.546920214964864,31440.070127647854,-0.9687842018358344,-2.517567981632861,7.221579164944192
15,5,3.0,5.0,100,24h,6722,-41572.121857555176,149397.6229980444,190969.74485561944,0.7823104288639795,32.16304671228801,42704.30176827045,-0.9734879189253834,-3.0527375992404395,7.149657839928593
15,5,3.0,5.0,100,London_NY,4294,-29876.53776506344,105413.42643694155,135289.96420201278,0.7791666370725026,33.092687470889615,31011.34969656573,-0.9634065610621275,-2.578680969974512,7.24312994876572
15,5,3.0,5.0,200,24h,6000,-38422.444283616365,133192.99231305637,171615.43659668794,0.7761131221900053,32.36666666666667,39608.92795409732,-0.970045044595603,-2.992209143113467,7.153833333333333
15,5,3.0,5.0,200,London_NY,3838,-27569.413682335326,93911.44473005013,121480.85841239046,0.7730554916828907,33.37675872850443,28706.933262414215,-0.9603747439797675,-2.524988598998766,7.262115685252735
15,10,1.5,0.0,0,24h,6659,-29578.38474992565,154188.2613281217,183766.64607805846,0.8390437798088084,25.769635080342393,34516.034479627706,-0.8569462047380794,-1.7979699184620372,11.295840216248685
15,10,1.5,0.0,0,London_NY,4236,-18873.360341096777,111882.97309570237,130756.3334368029,0.855660067508528,26.48725212464589,21803.660695101073,-0.8656051203978474,-1.3669752481585373,11.56515580736544
15,10,1.5,0.0,100,24h,5544,-25888.731717351162,132931.3040039046,158820.03572126315,0.8369932886629334,25.48701298701299,28419.86881451982,-0.910937762813476,-1.7015739030409391,11.322330447330447
15,10,1.5,0.0,100,London_NY,3756,-19946.09895368082,98704.87094726549,118650.96990094888,0.8318926598717683,26.25133120340788,20915.34066510709,-0.9536588130719166,-1.52698539417221,11.569222577209798
15,10,1.5,0.0,200,24h,4924,-20711.13440115491,120868.504687499,141579.63908865867,0.8537138918104591,25.852965069049553,22718.078274969637,-0.9116587305702728,-1.4229216622148217,11.427497969130787
15,10,1.5,0.0,200,London_NY,3343,-16103.715649412165,90069.72377929713,106173.43942871073,0.8483263259053946,26.592880646126233,17146.581305802036,-0.9391793828874221,-1.2867680122375849,11.79060723900688
15,10,1.5,3.0,0,24h,9076,-47647.139699003616,203337.16427524923,250984.30397426608,0.8101588866533176,31.25826355222565,48984.52705600765,-0.972697759121469,-3.390089444849571,6.810929925077127
15,10,1.5,3.0,0,London_NY,5538,-29452.271609929998,139649.24546595945,169101.51707589423,0.8258308256529932,32.41242325749368,30522.192271202694,-0.9649461397868805,-2.480770293046598,7.129107981220658
15,10,1.5,3.0,100,24h,7565,-40873.57672118649,174661.37935965302,215534.95608084937,0.8103621915237533,31.46067415730337,42243.903763249364,-0.967561543323678,-3.1247599551789533,6.816523463317912
15,10,1.5,3.0,100,London_NY,4896,-28312.910538153006,123598.95924246647,151911.86978062327,0.813622789456521,32.33251633986928,29264.038698030585,-0.967498397275507,-2.5247193931623095,7.164828431372549
15,10,1.5,3.0,200,24h,6765,-33603.44697788419,158930.44584612074,192533.8928240125,0.8254673684460984,31.869918699186993,35073.00561697487,-0.9581000084469682,-2.702219924234846,6.816407982261641
15,10,1.5,3.0,200,London_NY,4378,-22566.80388008983,112552.77333286835,135119.57721296084,0.8329864232440194,32.8917313841937,23570.38207484445,-0.9574220650489289,-2.119711452954154,7.2457743261763365
15,10,1.5,5.0,0,24h,7789,-41351.9766165545,178988.144953262,220340.12156982938,0.8123266143181179,26.922583130055205,42551.91042828802,-0.9718007064863574,-2.786003300052222,8.812299396584928
15,10,1.5,5.0,0,London_NY,4846,-26628.233239743233,124812.56296735418,151440.79620710236,0.8241673716286275,27.919933966157657,27342.56558140112,-0.9738747141510457,-2.1405832393716175,9.155385885266199
15,10,1.5,5.0,100,24h,6507,-35000.70115966411,154698.39065290018,189699.09181257332,0.8154935755082341,26.909482096204087,36225.554352675186,-0.9661881449463416,-2.537127218506482,8.780236668203472
15,10,1.5,5.0,100,London_NY,4291,-25492.49036341843,111057.52984444723,136550.02020786892,0.8133102410046172,27.94220461430902,26228.750892855154,-0.9719292568508368,-2.1774562531754387,9.163132137030995
15,10,1.5,5.0,200,24h,5793,-29172.40417828908,140168.55854840853,169340.9627267043,0.8277297842851142,27.17072328672536,30698.49432895919,-0.9502877849865593,-2.227445242991657,8.850336613153805
15,10,1.5,5.0,200,London_NY,3827,-21243.963366697262,100768.67957589276,122012.64294259224,0.8258871961597053,28.246668408675202,22046.705777411808,-0.9635890087698724,-1.9103742502522583,9.321661876143192
15,10,2.0,0.0,0,24h,6208,-26289.31799664681,163268.5121581993,189557.83015485946,0.8613124133401239,29.26868556701031,33797.285002786055,-0.7778529545932363,-1.5178009272517132,13.406088917525773
15,10,2.0,0.0,0,London_NY,3970,-16313.146414617788,119269.43305663957,135582.57947126223,0.8796811029983365,30.151133501259444,21809.743924384235,-0.747975146850715,-1.113194558997954,13.69521410579345
15,10,2.0,0.0,100,24h,5162,-23196.553550498247,141285.55288085723,164482.10643136426,0.8589721760391816,29.135993800852383,27623.32338866877,-0.8397452118311584,-1.448192116352648,13.505424254165053
15,10,2.0,0.0,100,London_NY,3527,-18336.949337330327,105627.27768554637,123964.22702288021,0.8520787022376273,29.940459313864473,20034.514411270633,-0.9152679701093568,-1.3240605429735302,13.698327190246669
15,10,2.0,0.0,200,24h,4594,-19534.296554126326,127597.21362304555,147131.51017717773,0.8672324063648316,29.494993469743143,22132.80719865842,-0.882594619778299,-1.284377253783628,13.604484109708315
15,10,2.0,0.0,200,London_NY,3153,-15828.43504464091,95361.99091796868,111190.42596261183,0.8576457018883485,30.19346653980336,17254.82479073512,-0.9173338609117547,-1.2066267940697049,13.856327307326355
15,10,2.0,3.0,0,24h,8670,-43416.957536963644,220875.70013601863,264292.6576729983,0.8357239360364742,35.767012687427915,44586.085184146825,-0.9737781946462777,-2.8528067455320265,8.30242214532872
15,10,2.0,3.0,0,London_NY,5321,-26785.74845493554,152019.28210449155,178805.03055943392,0.8501957782108434,36.74121405750799,27736.118683730656,-0.9657352840304732,-2.0819916704574264,8.611727118962602
15,10,2.0,3.0,100,24h,7221,-38297.82260392944,189214.0187046581,227511.8413085997,0.8316666843199868,36.01994183631076,39560.181637133406,-0.9680901608394273,-2.7081161385532333,8.353967594515995
15,10,2.0,3.0,100,London_NY,4711,-27096.140405270748,134327.63889857678,161423.77930385264,0.8321428198365247,36.616429632774356,27927.718132670743,-0.9702239286629297,-2.2307847506359013,8.654850350244109
15,10,2.0,3.0,200,24h,6453,-31069.80231933197,171558.710557337,202628.51287667826,0.8466661879009563,36.6031303269797,32478.961063054852,-0.9566131828851566,-2.319982481069601,8.371145203781188
15,10,2.0,3.0,200,London_NY,4217,-21672.607575332662,121595.64694475432,143268.2545200906,0.8487270774119949,37.206544937159116,22628.39245256499,-0.9577616978653741,-1.8886142515098252,8.723025847759072
15,10,2.0,5.0,0,24h,7363,-37767.14788294652,192970.73633858544,230737.8842215474,0.8363201257115667,30.70759201412468,40265.602678566676,-0.9379506420016884,-2.3865430902446576,10.557381502105121
15,10,2.0,5.0,0,London_NY,4612,-23117.516598071838,135582.75893205815,158700.27553013654,0.8543322214101104,31.699913269731137,25071.313399830145,-0.9220704248477248,-1.735902951346546,10.884431916738942
15,10,2.0,5.0,100,24h,6153,-31527.787461630804,167518.080381555,199045.86784319696,0.841605415860837,30.862993661628472,33096.52343400859,-0.9526011855745,-2.138642457747822,10.571591093775394
15,10,2.0,5.0,100,London_NY,4097,-23025.719967212972,121019.06176408974,144044.78173130722,0.8401488780748176,31.681718330485722,23657.419426616318,-0.9732980403309485,-1.8307932688115913,10.875762753234074
15,10,2.0,5.0,200,24h,5478,-27753.195874019773,150607.22307826314,178360.41895229142,0.8443982356788934,31.161007667031765,29039.17707519236,-0.9557156458723763,-1.984109431566969,10.677071924059875
15,10,2.0,5.0,200,London_NY,3664,-20897.76444963525,108675.41270577535,129573.17715541387,0.838718437654939,31.850436681222707,21652.713542827587,-0.9651337421658908,-1.7533972065047818,11.024836244541484
15,10,2.5,0.0,0,24h,5982,-26707.421740717364,166972.05512694918,193679.47686768227,0.8621050501960048,31.293881644934803,33919.50117361459,-0.7873766068674565,-1.5049017276101515,14.675025075225676
15,10,2.5,0.0,0,London_NY,3862,-19560.154537524897,121851.32924804573,141411.48378557706,0.8616791648463962,31.82288969445883,23744.86888776312,-0.8237634256892102,-1.2977562842107648,14.915846711548419
15,10,2.5,0.0,100,24h,4976,-23354.06261160288,144395.54682616945,167749.60943778322,0.8607802266134302,31.189710610932476,27593.53359025906,-0.8463599826825812,-1.4208793588400996,14.815715434083602
15,10,2.5,0.0,100,London_NY,3424,-20856.99050641484,107983.87236328062,128840.86286970007,0.8381182022390471,31.77570093457944,22054.917114256103,-0.9456843749792678,-1.462508785958979,14.962032710280372
15,10,2.5,0.0,200,24h,4430,-19729.452898294538,130591.5058105453,150320.95870884744,0.8687511504199785,31.534988713318285,22554.64225725225,-0.8747402274558668,-1.2630874078938084,14.885101580135439
15,10,2.5,0.0,200,London_NY,3062,-17526.34337157988,97811.483642578,115337.82701416063,0.8480434058339694,32.00522534291313,19459.841050500712,-0.9006416509824944,-1.2970570965677939,15.117896799477466
15,10,2.5,3.0,0,24h,8479,-42402.11444265512,229142.542630438,271544.65707311255,0.8438484671371828,38.1648779337186,43478.72336774013,-0.9752382581250345,-2.6764428687478605,9.210991862247907
15,10,2.5,3.0,0,London_NY,5229,-28739.439358953055,157525.00130091998,186264.44065988212,0.8457062482933057,38.93669917766303,29647.233318217157,-0.9693801458800443,-2.1383026297021557,9.514438707209791
15,10,2.5,3.0,100,24h,7069,-37820.53299560031,196259.75616629297,234080.28916190888,0.838429228146347,38.42127599377564,39036.58790631548,-0.9688483298378026,-2.566186426720161,9.283066911868723
15,10,2.5,3.0,100,London_NY,4626,-29008.251062008767,139278.12178431876,168286.37284633445,0.8276256682500153,38.824038045827926,29797.25251987767,-0.9735209997182604,-2.2829784993163593,9.587980977086035
15,10,2.5,3.0,200,24h,6313,-30351.584310472907,177808.57215750424,208160.1564679894,0.8541911918904971,39.01473150641533,31771.51691719809,-0.9553080008604636,-2.1761000467231,9.28370030096626
15,10,2.5,3.0,200,London_NY,4144,-22722.204704936245,126209.69499162925,148931.89969657036,0.8474322509063895,39.47876447876448,23888.775755090122,-0.951166561982344,-1.8946894911046135,9.647683397683398
15,10,2.5,5.0,0,24h,7153,-38118.45435790427,198979.27548827836,237097.72984620117,0.8392289357529943,32.86732839368097,40622.340797637364,-0.9383618375857179,-2.3295762117052528,11.616524535160073
15,10,2.5,5.0,0,London_NY,4514,-26868.347814938126,139246.10142996538,166114.44924491184,0.8382539993535845,33.540097474523705,27592.29040352715,-0.9737628671631957,-1.9437781279042958,11.91116526362428
15,10,2.5,5.0,100,24h,5979,-31817.916749786185,172648.30483398229,204466.22158378232,0.8443854613082764,33.182806489379495,32898.803147666345,-0.9671451148837057,-2.0853578415138103,11.66231811339689
15,10,2.5,5.0,100,London_NY,4001,-26188.52070660994,124162.77306431279,150351.29377092913,0.8258177894596875,33.766558360409896,26792.633258926475,-0.9774522889751696,-2.004581278423908,11.94276430892277
15,10,2.5,5.0,200,24h,5324,-27705.641978232754,155885.11392647724,183590.75590472072,0.8490902124036024,33.43350864012021,29002.39704240771,-0.9552880038750307,-1.9038924884940294,11.734222389181067
15,10,2.5,5.0,200,London_NY,3579,-22728.727165873923,112319.44818638357,135048.1753522618,0.831699116951471,33.89214864487287,23784.210259136195,-0.9556225293267061,-1.825454205355622,12.063146130203968
15,10,3.0,0.0,0,24h,5885,-26869.72183662958,168768.049267574,195637.77110422152,0.862655755660121,32.31945624468989,34155.316674800364,-0.7866922181533728,-1.4961683760433961,15.331180968564146
15,10,3.0,0.0,0,London_NY,3801,-20071.5745570559,123161.52407226441,143233.0986293277,0.8598677627647613,32.859773743751646,24121.94929199017,-0.8320875860443326,-1.311321050919056,15.59642199421205
15,10,3.0,0.0,100,24h,4905,-23178.435006273532,146505.74155273172,169684.176559018,0.8634024958819624,32.130479102956166,28691.782223071466,-0.8078422882924096,-1.383917562113789,15.478899082568807
15,10,3.0,0.0,100,London_NY,3372,-20700.998897876685,109653.51601562432,130354.51491350656,0.8411946152258872,32.88849347568209,21753.81684918905,-0.9516030699986512,-1.428001609806213,15.709371293001187
15,10,3.0,0.0,200,24h,4361,-20778.203393551055,132271.85263671703,153050.05603027705,0.8642391650647316,32.46961706030727,22701.88408202892,-0.9152633904072891,-1.3103130203152977,15.557211648704426
15,10,3.0,0.0,200,London_NY,3009,-17804.936568775724,99320.17958984348,117125.11615862243,0.8479836165569667,33.0342306414091,19649.68128836339,-0.9061183388923396,-1.293499590198232,15.885343968095711
15,10,3.0,3.0,0,24h,8387,-42523.15642089155,233380.63592005853,275903.792340971,0.8458768686718124,39.25122212948611,44629.527225161786,-0.9528032014848977,-2.6104483468114785,9.735185405985453
15,10,3.0,3.0,0,London_NY,5176,-28129.02973981231,161034.70720912298,189163.73694894594,0.8512979802919901,40.22411128284389,29006.66535644246,-0.9697436569889885,-2.0340853925555913,10.059312210200927
15,10,3.0,3.0,100,24h,7000,-38907.04197474345,199739.91017019917,238646.95214496003,0.8369682008294506,39.4,40080.82358397995,-0.9707146334761031,-2.568687059835088,9.820714285714287
15,10,3.0,3.0,100,London_NY,4580,-29133.402221676584,142159.20025809106,171292.602479776,0.8299202545823623,40.08733624454148,29892.245336911612,-0.9746140476674734,-2.229236811164255,10.161353711790394
15,10,3.0,3.0,200,24h,6249,-32242.98869279701,180695.51595982013,212938.50465263106,0.8485807498958008,40.0384061449832,33607.09592982359,-0.9594101424331626,-2.2434994700096555,9.826052168346935
15,10,3.0,3.0,200,London_NY,4098,-23169.950861465204,128550.98775809129,151720.93861956228,0.8472857400416612,40.75158613958028,24277.442937358508,-0.9543818482551522,-1.8758519374244724,10.23767691556857
15,10,3.0,5.0,0,24h,7051,-38108.08805454183,202362.2733537916,240470.3614083545,0.8415268816024704,33.853354134165365,41553.970584537296,-0.9170745302669653,-2.276474794548649,12.215004963834918
15,10,3.0,5.0,0,London_NY,4455,-26851.32196916509,142525.18829519968,169376.51026437466,0.8414696233423185,34.59034792368126,28036.149330354616,-0.9577392976749942,-1.8816028617608873,12.511335578002244
15,10,3.0,5.0,100,24h,5905,-32252.203491206135,175662.17209821212,207914.3755894341,0.8448774722777708,34.08975444538527,34767.92758439893,-0.9276423914803121,-2.068133889253946,12.262150719729044
15,10,3.0,5.0,100,London_NY,3951,-25654.908210097492,127671.33276018316,153326.24097028837,0.8326776418194676,34.877246266767905,26243.851782224418,-0.9775587982658159,-1.898287156480642,12.581118704125538
15,10,3.0,5.0,200,24h,5252,-28808.24354422021,158802.44546944596,187610.6890136787,0.8464466833116724,34.36785986290937,30049.173238696716,-0.9587033664913462,-1.924425292721027,12.339299314546839
15,10,3.0,5.0,200,London_NY,3530,-22609.903686521095,115632.89897460888,138242.80266113524,0.8364478782888364,34.92917847025496,23499.56964983091,-0.9621411806017385,-1.7476913556424516,12.696600566572236
15,15,1.5,0.0,0,24h,6099,-25191.765068704342,155861.66645507517,181053.43152378872,0.8608600518825097,23.643220200032793,30070.555104279665,-0.8377552386826085,-1.4608523401500937,14.821282177406133
15,15,1.5,0.0,0,London_NY,4063,-16172.6158918085,116882.22236328042,133054.83825509227,0.8784515008705978,24.538518336204774,19090.934606931583,-0.8471358906617651,-1.1200926500773922,15.26827467388629
15,15,1.5,0.0,100,24h,5090,-21425.156529014806,135470.41445312352,156895.5709821443,0.8634432036869983,23.55599214145383,24992.79680524291,-0.857253259648008,-1.337584647603641,14.846168958742632
15,15,1.5,0.0,100,London_NY,3606,-16702.333825681606,104088.68457031218,120791.01839599635,0.8617253662774171,24.403771491957848,17768.27193254583,-0.940008904022244,-1.2192626136030016,15.24403771491958
15,15,1.5,0.0,200,24h,4519,-16520.959544152123,122981.55444335844,139502.51398751448,0.8815723167136997,23.899092719628236,19447.615445380077,-0.84951080972124,-1.07511468924242,14.974330604115956
15,15,1.5,0.0,200,London_NY,3211,-12928.258848352212,95162.58071289059,108090.83956124415,0.8803945005808894,24.727499221426346,14082.909411619596,-0.9180105097946097,-0.9837894752122811,15.520087200249145
15,15,1.5,3.0,0,24h,8844,-43772.34264438631,212893.4758056626,256665.81845005986,0.8294578416840723,31.445047489823608,45149.14333321239,-0.9695054969556137,-3.0168448545663256,7.935097241067391
15,15,1.5,3.0,0,London_NY,5498,-27131.762515691913,147425.62688337028,174557.38939906636,0.8445682385082622,32.37540923972354,28345.254089352828,-0.9571888976604118,-2.2084495067338015,8.449254274281557
15,15,1.5,3.0,100,24h,7369,-36973.92428326885,183216.4281529009,220190.35243617767,0.8320819968985985,31.6867960374542,38354.8183471644,-0.9639968555867859,-2.736485876572358,7.973130682589225
15,15,1.5,3.0,100,London_NY,4860,-26270.84200613594,130557.92799944199,156828.77000558126,0.8324871003885044,32.13991769547325,27241.026562497733,-0.964385169034069,-2.2622783482657174,8.500617283950618
15,15,1.5,3.0,200,24h,6586,-29291.62384730416,166888.85915876046,196180.48300607104,0.8506904285356249,32.05283935621014,30839.6101876363,-0.949805255938263,-2.2777174248421153,7.970088065593684
15,15,1.5,3.0,200,London_NY,4344,-20100.58666294429,119348.95855189736,139449.54521484408,0.8558576391771047,32.73480662983425,21121.079359651965,-0.9516836862676089,-1.8176290557834685,8.597375690607736
15,15,1.5,5.0,0,24h,7461,-37694.4927176293,189452.0135986309,227146.50631627106,0.8340520691735596,25.7740249296341,38890.503213933174,-0.9692467209867476,-2.4147046114206283,10.65594424339901
15,15,1.5,5.0,0,London_NY,4769,-23603.94821777095,133706.7477294914,157310.69594726682,0.8499533164249184,27.007758439924512,24385.00785435051,-0.9679696786958298,-1.8051353092613798,11.247221639756763
15,15,1.5,5.0,100,24h,6230,-31680.1261596646,163706.52115303997,195386.64731271204,0.8378593082209517,25.922953451043337,32915.05628138657,-0.9624813000116205,-2.1817318011467943,10.66661316211878
15,15,1.5,5.0,100,London_NY,4227,-23088.231685963314,118897.80882045164,141986.04050641795,0.837390833608585,26.9694819020582,23891.219510321785,-0.9663898352274753,-1.8730133655832042,11.240359593092027
15,15,1.5,5.0,200,24h,5555,-25968.93444823931,148451.33583286733,174420.27028111226,0.8511128643110636,26.01260126012601,27331.192878066664,-0.950157373814424,-1.8797904311516211,10.703510351035103
15,15,1.5,5.0,200,London_NY,3772,-18936.271289060718,108123.70346330904,127059.97475237181,0.8509658818525045,27.147401908801697,19737.492184010618,-0.959406145042126,-1.611880256144485,11.409597030752918
15,15,2.0,0.0,0,24h,5586,-21581.591455074107,165476.87900390284,187058.47045898752,0.8846264945814553,27.497314715359828,29694.06259067762,-0.7267982071893927,-1.1919587777951572,18.08073755818117
15,15,2.0,0.0,0,London_NY,3767,-13144.194663781129,125628.67866210811,138772.8733258937,0.9052826799015841,28.45765861428192,19173.810100444527,-0.6855285723037589,-0.8559307071837067,18.52030793735068
15,15,2.0,0.0,100,24h,4647,-18574.730412943325,144304.7686035135,162879.49901646381,0.8859602925775651,27.50161394448031,24520.343080354738,-0.7575232676016295,-1.1024337079816,18.22207876049064
15,15,2.0,0.0,100,London_NY,3347,-14247.143219864129,112495.83803710876,126742.98125697587,0.88759027854189,28.353749626531222,17620.379917688035,-0.8085605013296157,-0.9766499601062743,18.535106065132954
15,15,2.0,0.0,200,24h,4143,-15663.26233258674,129762.76723632672,145426.02956891828,0.8922939560474719,27.85421192372677,20243.732010321568,-0.7737339303148547,-0.9766013051311702,18.29012792662322
15,15,2.0,0.0,200,London_NY,2999,-12376.816643413495,101892.5913574216,114269.40800083734,0.8916874003291848,28.609536512170724,14258.26532505422,-0.8680450504498118,-0.8896469645725507,18.66855618539513
15,15,2.0,3.0,0,24h,8376,-42228.7120954187,232783.96620395992,275012.67829938995,0.8464481261134509,36.47325692454632,43340.324619833744,-0.9743515413378713,-2.661257917445763,9.990448901623687
15,15,2.0,3.0,0,London_NY,5258,-24805.333796035153,162209.40045340318,187014.73424944445,0.8673616071183174,37.29554963864587,26006.72604631437,-0.9538045562467301,-1.8469276366653657,10.51711677443895
15,15,2.0,3.0,100,24h,6965,-35444.839930939095,200374.6807582297,235819.5206891785,0.8496950556622206,36.88442211055276,36654.28345075002,-0.9670040332002131,-2.4013213118218,10.099497487437187
15,15,2.0,3.0,100,London_NY,4652,-24039.014854210775,144093.20119628878,168132.2160505039,0.8570231486927274,37.16680997420465,24889.64897809492,-0.9658237798117291,-1.8947880333066633,10.610705073086844
15,15,2.0,3.0,200,24h,6222,-27965.575749857115,181805.77336425683,209771.3491141212,0.8666854369390057,37.33526197364191,29321.81898018685,-0.9537462791361556,-1.9985286645059743,10.123432979749277
15,15,2.0,3.0,200,London_NY,4162,-18954.83514927256,130662.78143136138,149617.61658063726,0.8733114750624298,37.69822200864969,19894.6417236309,-0.9527608193495621,-1.5756680300195114,10.694858241230179
15,15,2.0,5.0,0,24h,6969,-33927.29704240607,205750.48867884808,239677.78572126635,0.8584462179491508,30.104749605395323,36803.693655827534,-0.9218448930609981,-2.0312878791942253,13.144210073181231
15,15,2.0,5.0,0,London_NY,4517,-19298.719897458468,147654.8197928282,166953.53969029227,0.884406644307966,31.370378569847244,21710.46476701785,-0.8889132547165337,-1.3650669331112242,13.717290236882887
15,15,2.0,5.0,100,24h,5814,-28366.06470772522,178132.90027552846,206498.96498326247,0.8626333807046772,30.4265565875473,31196.06490303821,-0.9092834239155153,-1.8223426986010762,13.242862057103542
15,15,2.0,5.0,100,London_NY,4012,-20173.554631694307,131138.6690499435,151312.22368164186,0.8666759754047159,31.281156530408772,21147.565063474598,-0.9539421948173802,-1.5108503860693763,13.756729810568293
15,15,2.0,5.0,200,24h,5186,-25159.74941405947,160087.8514648426,185247.6008789087,0.8641831295266688,30.4473582722715,27107.51581682208,-0.9281466285614455,-1.7031908965588896,13.30158118010027
15,15,2.0,5.0,200,London_NY,3593,-18796.1002057738,118108.65376325302,136904.7539690298,0.8627067383647701,31.283050375730586,19517.96983119262,-0.963015127512639,-1.4780630929681657,13.870581686612859
15,15,2.5,0.0,0,24h,5287,-20646.205868090197,169997.8762695276,190644.08213763,0.8917028756591696,30.035937204463778,29189.342656595712,-0.7073200006929555,-1.108605085816792,20.35710232646113
15,15,2.5,0.0,0,London_NY,3616,-14766.044353373634,130117.22324218605,144883.26759556535,0.8980831630979086,30.724557522123895,20655.11420723865,-0.7148856309978101,-0.9291040274611779,20.798396017699115
15,15,2.5,0.0,100,24h,4401,-18462.26743686892,148240.1150878882,166702.38252476577,0.8892501285388962,29.788684389911385,24475.325071495965,-0.7543216436528611,-1.0624589640238682,20.57032492615315
15,15,2.5,0.0,100,London_NY,3205,-16047.83834402687,116164.22963867112,132212.06798270196,0.8786204724811469,30.546021840873635,19227.601548547445,-0.8346250728936708,-1.0630838695968599,20.848673946957877
15,15,2.5,0.0,200,24h,3914,-14756.69310825635,133776.1550292953,148532.8481375576,0.9006503053479726,30.40367910066428,19355.848883926676,-0.7623893530451398,-0.8914416222135153,20.72176801226367
15,15,2.5,0.0,200,London_NY,2870,-13488.598467144113,105677.52778320272,119166.12625034926,0.8868084505926699,30.905923344947734,15422.146540177126,-0.8746252301522479,-0.9358705541029347,21.07560975609756
15,15,2.5,3.0,0,24h,8086,-38130.24715575609,244350.1568010579,282480.4039568279,0.8650163104354753,39.95795201582983,41210.900279013134,-0.9252466434268635,-2.289665908127785,11.4967845659164
15,15,2.5,3.0,0,London_NY,5135,-24857.777343747108,170760.99915945763,195618.77650321237,0.8729274470063637,40.46738072054528,25991.470825192766,-0.9563820959163726,-1.7551213832952008,12.011684518013633
15,15,2.5,3.0,100,24h,6735,-33443.63702392146,209893.52594168368,243337.16296561735,0.8625625588120335,40.17817371937639,34579.920535710684,-0.9671403666004442,-2.154151433627676,11.608314773570898
15,15,2.5,3.0,100,London_NY,4537,-24456.315426197292,151697.82930384993,176154.14473005317,0.8611652569192667,40.24685915803394,25233.117002648527,-0.9692149972447043,-1.824220724884356,12.123870398942033
15,15,2.5,3.0,200,24h,6016,-26103.70670688829,190126.97776227538,216230.6844691738,0.8792784346450153,40.691489361702125,27478.689212469173,-0.9499618597179319,-1.7771403230247351,11.62965425531915
15,15,2.5,3.0,200,London_NY,4064,-19205.98911132606,137268.81290806332,156474.8020193937,0.8772582622667261,40.821850393700785,20153.945945519947,-0.9529642067733832,-1.515414908670139,12.20398622047244
15,15,2.5,5.0,0,24h,6662,-31006.316908477624,213700.3217912921,244706.638699784,0.8732918850373663,32.993095166616634,35419.08886020829,-0.8754126067684306,-1.789015429251787,14.973431401981387
15,15,2.5,5.0,0,London_NY,4377,-20766.171139087797,153728.27504185148,174494.44618094622,0.8809923662695788,34.041580991546724,22850.286523435367,-0.9087925929414455,-1.4071704296854828,15.56636965958419
15,15,2.5,5.0,100,24h,5565,-26614.707528246923,185015.7384381957,211630.44596645373,0.8742397039957246,33.24348607367475,29749.04251011134,-0.8946408113538749,-1.6441306897062729,15.111949685534592
15,15,2.5,5.0,100,London_NY,3877,-21636.698962400063,136188.883028738,157825.5819911434,0.8629075293787316,34.02115037400051,22338.987644738798,-0.9685621974680605,-1.5518038183452423,15.663141604333248
15,15,2.5,5.0,200,24h,4960,-22502.36221749141,167623.58409946857,190125.94631696862,0.881644969277443,33.38709677419355,24446.297914339004,-0.9204813872571119,-1.4552932007113988,15.17358870967742
15,15,2.5,5.0,200,London_NY,3472,-18836.922664967442,123908.5096749437,142745.432339915,0.8680383508166094,34.07258064516129,19878.989864674797,-0.9475794692385693,-1.4088614451399113,15.783986175115208
15,15,3.0,0.0,0,24h,5145,-22091.188842769083,171760.51665038682,193851.7054931704,0.8860407816037406,31.350826044703595,31230.965447123017,-0.707348893205737,-1.1691213622807344,21.70262390670554
15,15,3.0,0.0,0,London_NY,3534,-16414.87283063336,131682.91855468598,148097.79138532613,0.8891619336311954,32.00339558573854,22622.800509205812,-0.7255897793888832,-1.0133302138462779,22.16213921901528
15,15,3.0,0.0,100,24h,4290,-18876.372262133806,150368.0074707006,169244.3797328446,0.8884667704065523,31.21212121212121,26295.03329031575,-0.7178683538341752,-1.064472836580836,21.975990675990676
15,15,3.0,0.0,100,London_NY,3133,-16449.03749650993,118161.17299804607,134610.21049456086,0.8778024532011304,32.04596233641877,19891.2525390609,-0.8269483012298288,-1.0676461778157622,22.373763166294285
15,15,3.0,0.0,200,24h,3811,-16747.480039757276,135439.64956054522,152187.1296003095,0.889954688785127,31.59275780635004,20237.31370326264,-0.8275545008257328,-0.9938155459929443,22.118604040934137
15,15,3.0,0.0,200,London_NY,2803,-14446.024417548653,107440.57363281198,121886.59805036355,0.8814797963958066,32.25115947199429,16130.09181779992,-0.8955946798521717,-0.9808614869471075,22.54584373885123
15,15,3.0,3.0,0,24h,7932,-40239.25004882208,249507.33524692836,289746.58529576636,0.8611226081999802,41.71709531013616,44460.11917200959,-0.9050639269126205,-2.3301243505024085,12.482476046394353
15,15,3.0,3.0,0,London_NY,5060,-25185.36628068891,175606.9327566953,200792.2990373936,0.8745700587052494,42.391304347826086,27383.910114394697,-0.9197140282552237,-1.713149381509347,13.011264822134388
15,15,3.0,3.0,100,24h,6620,-36159.5045340355,214284.020595004,250443.5251290535,0.8556181298142305,41.842900302114806,38374.20892507985,-0.9422866437359465,-2.2474660816326524,12.620392749244713
15,15,3.0,3.0,100,London_NY,4472,-24912.818355884614,155930.1126604348,180842.93101632677,0.8622405740944179,42.24060822898032,25580.44443010383,-0.9739009196637125,-1.7907025237769632,13.192978533094813
15,15,3.0,3.0,200,24h,5907,-29708.177661129066,193820.2918736035,223528.46953474407,0.8670944344450814,42.35652615540884,31425.91780482393,-0.9453400166587597,-1.9431436991199145,12.658540714406637
15,15,3.0,3.0,200,London_NY,4001,-20078.353819054788,140670.87345493824,160749.22727399823,0.8750951767572961,42.71432141964509,20950.024068775965,-0.9583928759766763,-1.525556295784013,13.263684078980257
15,15,3.0,5.0,0,24h,6505,-32760.544642852135,217389.2606340654,250149.80527693458,0.8690362976433229,34.4043043812452,38747.737269806195,-0.8454827804456204,-1.8370494736878054,16.155726364335127
15,15,3.0,5.0,0,London_NY,4298,-21879.526667128866,157659.08891950207,179538.61558663961,0.8781347032467276,35.481619357840856,25669.50767647659,-0.8523547448936528,-1.4312762847213878,16.72219637040484
15,15,3.0,5.0,100,24h,5442,-27864.684776084276,188330.3712995238,216195.05607562087,0.871113219321951,34.693127526644616,32941.19303501358,-0.8458917910613187,-1.6753212706178071,16.339948548327822
15,15,3.0,5.0,100,London_NY,3808,-21434.133321705118,140293.5981375549,161727.73145926665,0.867467792144786,35.609243697478995,23240.085501532667,-0.9222915001879641,-1.4824526493564052,16.928571428571427
15,15,3.0,5.0,200,24h,4843,-24740.79816894207,170654.24765276094,195395.04582171308,0.8733806271038892,34.771835639066694,26954.43881138142,-0.9178747271301139,-1.5472215353839347,16.407185628742514
15,15,3.0,5.0,200,London_NY,3410,-19080.05229840761,127815.05912388331,146895.11142229568,0.8701110464897581,35.60117302052786,19998.832324217212,-0.9540583164599553,-1.372292701443267,16.992375366568915
15,20,1.5,0.0,0,24h,5476,-23480.246868021357,147838.60600585712,171318.8528738854,0.8629441741282671,21.420745069393718,27536.339024132198,-0.8527003842974124,-1.3345289279273367,17.632213294375457
15,20,1.5,0.0,0,London_NY,3807,-14848.096920338503,115954.07045898364,130802.16737932482,0.8864843204219861,22.957709482532177,17374.398559568417,-0.8545963113158451,-0.9977939507177898,18.214342001576046
15,20,1.5,0.0,100,24h,4740,-19477.98594447279,133458.60561523307,152936.59155971062,0.8726401200273068,21.91983122362869,22329.140025109187,-0.8723124098182794,-1.1718444431575024,17.769831223628692
15,20,1.5,0.0,100,London_NY,3484,-15577.004352676777,106037.16669921833,121614.17105189733,0.8719145621110906,23.0195177956372,16577.851198031276,-0.9396274683975112,-1.087865657429155,18.196326061997706
15,20,1.5,0.0,200,24h,4206,-13240.020811242204,122166.2046874992,135406.22549874466,0.9022199993945758,22.13504517356158,16942.01550990303,-0.7814903016410936,-0.8216272698801174,18.024726581074656
15,20,1.5,0.0,200,London_NY,3104,-10783.318709889727,98014.27182617181,108797.59053606281,0.9008864198484553,23.38917525773196,12445.375605118836,-0.8664518494286747,-0.7730476443383123,18.605670103092784
15,20,1.5,3.0,0,24h,8529,-40869.4959472607,214727.3534912097,255596.84943847975,0.8401017225483954,31.66842537225935,42225.825905060046,-0.9678791372642681,-2.7720766099336265,8.572751788017353
15,20,1.5,3.0,0,London_NY,5406,-24971.293176266907,151319.4169154573,176290.71009172793,0.8583516217997107,32.38993710691824,26184.784749927727,-0.9536566145091504,-1.982987358596847,9.215316315205328
15,20,1.5,3.0,100,24h,7224,-34628.9254516565,187329.20915178495,221958.1346034482,0.8439844274528099,31.990586932447396,36009.81951555192,-0.961652291445142,-2.508755400117074,8.632890365448505
15,20,1.5,3.0,100,London_NY,4824,-24420.20727713212,135185.90269949773,159606.1099766328,0.8469970398958391,32.21393034825871,25390.391833493864,-0.9617893035001563,-2.0432250855320246,9.301824212271974
15,20,1.5,3.0,200,24h,6464,-26375.669374299323,171007.94334891136,197383.6127232162,0.8663735605483598,32.39480198019802,27863.855909943926,-0.9465907898585743,-2.005973641468196,8.652227722772277
15,20,1.5,3.0,200,London_NY,4313,-17688.360389925423,123920.7030343192,141609.06342424665,0.8750901957670967,32.877347553906795,18707.25274483615,-0.9455349019544317,-1.5516283647063343,9.422675631810804
15,20,1.5,5.0,0,24h,7014,-34659.49161376571,188635.52854003754,223295.02015381175,0.8447816185515477,24.607927003136584,36170.53694196085,-0.9582244153405919,-2.166936385788526,11.95067008839464
15,20,1.5,5.0,0,London_NY,4602,-20839.9114606562,137041.5746198377,157881.48608049747,0.8680028166821641,26.07561929595828,23195.782697402894,-0.8984353635538037,-1.5215887445171241,12.734245980008692
15,20,1.5,5.0,100,24h,6020,-30811.658769877024,166039.3503801606,196851.00915004392,0.8434772628145482,25.11627906976744,32046.588891598858,-0.9614645375862273,-2.0526676585441277,11.959302325581396
15,20,1.5,5.0,100,London_NY,4155,-20960.6075962592,123516.37372349302,144476.98131975473,0.8549207811182603,26.305655836341757,21763.595420617603,-0.9631040823522341,-1.613489647771761,12.750902527075812
15,20,1.5,5.0,200,24h,5366,-23609.23335309445,151250.92178083077,174860.15513392992,0.8649822005761334,25.17704062616474,25238.24945765653,-0.9354544732868592,-1.6467117035756744,12.070816250465896
15,20,1.5,5.0,200,London_NY,3719,-16422.282437568014,113128.7024344308,129550.9848720007,0.8732369155371881,26.458725463834362,17389.767196217636,-0.9443647089847151,-1.3158634701588823,12.931164291476204
15,20,2.0,0.0,0,24h,4875,-17056.71282086752,157573.8584472629,174630.57126813784,0.9023268795548686,25.805128205128206,25616.300048825633,-0.6658538816439838,-0.924470558087532,21.96225641025641
15,20,2.0,0.0,0,London_NY,3451,-9207.574400109761,125262.82929687385,134470.40369698725,0.9315271305285767,27.151550275282528,15787.415973770636,-0.5832223851837003,-0.5841731754804661,22.51173572877427
15,20,2.0,0.0,100,24h,4243,-14649.068345421696,142075.40556640437,156724.4739118315,0.906529797294657,26.231440018854585,21570.468798825987,-0.6791260997637195,-0.8400384058908685,22.140702333254772
15,20,2.0,0.0,100,London_NY,3194,-13731.151499719355,114301.67446288995,128032.82596261198,0.892752882735465,27.050720100187853,16917.573814172556,-0.8116501603921596,-0.905539202768255,22.349092047589227
15,20,2.0,0.0,200,24h,3781,-11745.437332587206,128496.46733398316,140241.90466657403,0.9162487320710903,26.39513356254959,17388.11452985299,-0.6754865406724757,-0.7033376434353866,22.3126157101296
15,20,2.0,0.0,200,London_NY,2866,-11366.3306082576,104489.18749999964,115855.51810825916,0.9018921947451959,27.21563154221912,13388.051353235163,-0.8489906640155647,-0.7742701719993976,22.530006978367062
15,20,2.0,3.0,0,24h,7926,-36492.81984862812,234656.09091447937,271148.9107631166,0.8654141012555333,37.33282866515266,37802.43493303166,-0.9653563299103993,-2.258606009498758,10.99028513752208
15,20,2.0,3.0,0,London_NY,5114,-20604.569433591238,167501.87422572472,188106.443659321,0.890463244997002,38.05240516229957,23615.166915454996,-0.8725142408418267,-1.4887168339367027,11.621431364880719
15,20,2.0,3.0,100,24h,6760,-32249.697422569105,205425.63063964742,237675.32806222426,0.8643119684087119,37.633136094674555,33459.14094237982,-0.9638531209784046,-2.126213932774078,11.119082840236686
15,20,2.0,3.0,100,London_NY,4595,-22120.63098144312,150023.7973249159,172144.42830636282,0.8714995820714037,37.71490750816105,22971.265105327126,-0.9629696440320676,-1.6792167007777545,11.741893362350382
15,20,2.0,3.0,200,24h,6043,-24407.90946219023,186520.1551583418,210928.06462053765,0.8842832531265766,38.20949859341387,25764.152692519616,-0.9473592923270029,-1.6968706442874104,11.180704947873572
15,20,2.0,3.0,200,London_NY,4108,-16428.239069473504,136176.20686383903,152604.44593331552,0.8923475723855697,38.31548198636806,17366.445302034943,-0.9459759198705159,-1.3134399367216136,11.8722005842259
15,20,2.0,5.0,0,24h,6402,-30633.885808450468,203012.01004115344,233645.89584961336,0.868887550123382,29.412683536394876,35655.422272597134,-0.8591648578509207,-1.8052976877215512,15.104342393002186
15,20,2.0,5.0,0,London_NY,4299,-15704.478822542435,150836.33805105957,166540.81687360659,0.9057019227036357,30.75133752035357,22423.425578959926,-0.7003603783570904,-1.0688922967162264,15.742033030937426
15,20,2.0,5.0,100,24h,5534,-25970.106682474652,181003.25787527754,206973.36455775937,0.8745244020264529,30.014456089627757,30216.856065147887,-0.8594576029512404,-1.6178879552028986,15.12612938200217
15,20,2.0,5.0,100,London_NY,3914,-18523.613797431135,136259.93060825835,154783.544405693,0.8803256905082647,30.735820132856414,21277.230946566175,-0.8705838576434011,-1.3217535044208912,15.757026060296374
15,20,2.0,5.0,200,24h,4937,-21702.44518693941,164096.2642020079,185798.7093889527,0.8831937785880272,29.9574640469921,25159.369178987523,-0.8625989400825181,-1.4150833299650076,15.263925460806158
15,20,2.0,5.0,200,London_NY,3515,-17067.19937569586,123760.0426234651,140827.24199916364,0.8788075436725523,30.49786628733997,17955.332864814296,-0.9505365065741086,-1.2665407734614775,15.872830725462306
15,20,2.5,0.0,0,24h,4520,-15977.512738905993,161266.30307616902,177243.81581508322,0.9098557393078053,28.783185840707965,24697.43533586547,-0.646930036322579,-0.8453413113407767,25.168805309734513
15,20,2.5,0.0,0,London_NY,3249,-10770.513324844691,128310.12089843619,139080.6342232852,0.9225592162057759,29.94767620806402,17187.914505439236,-0.6266329356849132,-0.6665131039302195,25.717451523545705
15,20,2.5,0.0,100,24h,3941,-13913.407896202856,145863.1519042947,159776.55980050407,0.9129195927513927,29.129662522202487,21172.57333112249,-0.6571429782581473,-0.775505936722015,25.428063943161636
15,20,2.5,0.0,100,London_NY,3005,-15129.734924314716,117588.11235351487,132717.8472778329,0.8860007509566872,29.717138103161396,18103.10428815422,-0.8357536190196324,-0.9671554713909485,25.587354409317804
15,20,2.5,0.0,200,24h,3524,-11452.409556359678,132256.55937499864,143708.96893136282,0.9203083172781374,29.17139614074915,16570.263684080226,-0.6911422639195842,-0.6662622798941851,25.622587968217932
15,20,2.5,0.0,200,London_NY,2709,-13775.134322682843,107436.27797851515,121211.41230120022,0.8863544771802921,29.678848283499445,15669.949504741964,-0.8790796880688274,-0.9152459163630227,25.785898855666296
15,20,2.5,3.0,0,24h,7503,-32459.545840885574,245564.12848423352,278023.6743251298,0.8832489861890789,41.4234306277489,36664.80086669534,-0.8853053902815649,-1.9075760266367052,12.948820471811276
15,20,2.5,3.0,0,London_NY,4926,-18868.698842073394,177243.68431570768,196112.38315778755,0.9037862957032217,42.00162403572879,22700.81885114156,-0.8311902300002072,-1.2874543424015694,13.62099066179456
15,20,2.5,3.0,100,24h,6449,-28295.454469513646,216355.03840680668,244650.4928763299,0.8843433580008094,41.61885563653279,31126.720396201985,-0.9090406605434151,-1.766399342587188,13.088075670646612
15,20,2.5,3.0,100,London_NY,4441,-20619.560893901176,159428.88225795134,180048.44315185785,0.8854777051500778,41.589732042332805,21506.288523644806,-0.9587689140890708,-1.4744207200393376,13.786309389777077
15,20,2.5,3.0,200,24h,5777,-22467.75072893119,195449.05188685693,217916.80261579662,0.896897575316613,41.95949454734291,24216.200669640064,-0.927798337792067,-1.4816743832103398,13.161848710403323
15,20,2.5,3.0,200,London_NY,3985,-16024.384748184466,144125.5145263667,160149.8992745552,0.899941337329742,42.03262233375157,17552.041748045056,-0.9129641427595886,-1.2096933287205287,13.924466750313675
15,20,2.5,5.0,0,24h,5997,-24289.055102535516,212172.29234793325,236461.34745047972,0.8972810763178404,33.08320827080207,30808.049269318795,-0.7883996448527031,-1.3776264081259852,17.585626146406536
15,20,2.5,5.0,0,London_NY,4089,-15645.122237721016,156992.8228864389,172637.94512416553,0.9093761094846543,34.14037662020054,22043.586324635347,-0.7097357937731044,-1.0203202619221534,18.257520176082174
15,20,2.5,5.0,100,24h,5209,-21194.218795337438,190063.5601318343,211257.77892718063,0.8996760313254459,33.634094835861006,26448.13709542142,-0.801350156302936,-1.2631378025294473,17.65214052601267
15,20,2.5,5.0,100,London_NY,3729,-18979.88243059234,141856.40366908407,160836.28609968096,0.8819925348261661,34.057388039688924,21126.665855187952,-0.898385129044466,-1.2964572230002906,18.320193081255027
15,20,2.5,5.0,200,24h,4663,-18664.87044328715,172550.99198521103,191215.86242850524,0.9023884828055365,33.32618485953249,21931.589725165246,-0.851049589983451,-1.160568554637244,17.758953463435557
15,20,2.5,5.0,200,London_NY,3362,-17974.66281214952,129249.16962541809,147223.83243757102,0.8779092860541113,33.61094586555622,19504.800270297066,-0.9215507240811012,-1.2735038315650764,18.406900654372397
15,20,3.0,0.0,0,24h,4334,-16058.787974327142,163007.49394530957,179066.28191964654,0.9103193085700907,30.526072911859714,27021.833572821346,-0.5942893523879567,-0.838594326731047,27.248730964467004
15,20,3.0,0.0,0,London_NY,3120,-11254.04450334632,129698.0135742174,140952.05807756854,0.9201569338054091,31.69871794871795,17512.3981166279,-0.6426329751298129,-0.6827539804357106,27.897115384615386
15,20,3.0,0.0,100,24h,3776,-11976.876593886862,148229.45268554465,160206.32927943906,0.9252409274479798,30.93220338983051,22176.497345840646,-0.5400707067084788,-0.655232660924002,27.623411016949152
15,20,3.0,0.0,100,London_NY,2877,-12657.168453541797,119948.80766601475,132605.97611956042,0.9045505427135977,31.73444560305874,16633.865457587803,-0.7609276680645525,-0.7924779079199521,28.098366353840806
15,20,3.0,0.0,200,24h,3388,-11831.385117882877,134145.40854492044,145976.7936628085,0.9189502329718425,30.726092089728454,17172.635745673444,-0.6889673369368318,-0.6772920794680717,27.6741440377804
15,20,3.0,0.0,200,London_NY,2602,-12705.253257532166,109752.76923828069,122458.02249581549,0.8962480938480861,31.59108378170638,14261.914351979825,-0.8908518831322553,-0.8244056255616214,28.151421983089932
15,20,3.0,3.0,0,24h,7237,-32337.853337746237,250337.83320312278,282675.6865408812,0.8856008674340599,43.8994058311455,39438.17291782546,-0.819963272769414,-1.8310645105278407,14.40044217217079
15,20,3.0,3.0,0,London_NY,4780,-19109.711425778718,180927.05713588063,200036.76856166674,0.9044690055573706,44.53974895397489,22868.5539899529,-0.8356326960670274,-1.2579851435439542,15.081171548117155
15,20,3.0,3.0,100,24h,6246,-29106.47320381891,221077.59635881556,250184.06956264508,0.8836597659686666,43.96413704771054,33567.9196637802,-0.8670919584934781,-1.7493227245076146,14.561319244316362
15,20,3.0,3.0,100,London_NY,4323,-19712.370818217612,163848.60255301266,183560.97337123659,0.8926113189737923,44.36733749710849,20379.996892436564,-0.967241110107003,-1.3564472345273177,15.351376359009947
15,20,3.0,3.0,200,24h,5603,-24105.58234862985,199811.18661411712,223916.76896275577,0.8923457923213953,44.2976976619668,26186.396320449225,-0.9205383609735394,-1.5239866633567993,14.636444761734785
15,20,3.0,3.0,200,London_NY,3881,-15817.039069473545,148134.9541782919,163951.99324776998,0.903526399672526,44.67920639010564,17018.76544363659,-0.929388158139733,-1.1457113724972106,15.482607575367174
15,20,3.0,5.0,0,24h,5778,-24734.709720281036,216586.09235142104,241320.8020717143,0.8975027867139993,34.92557978539287,33760.40683593428,-0.7326543735235332,-1.3546137670729874,19.212876427829702
15,20,3.0,5.0,0,London_NY,3956,-16450.395043942997,160342.09829101487,176792.49333496427,0.9069508284337545,36.122345803842265,22791.80810546673,-0.7217678811536363,-1.0382544351869503,19.956016177957533
15,20,3.0,5.0,100,24h,5014,-19897.608025248093,194212.94573800056,214110.5537632585,0.9070685322347133,35.68009573195054,28240.945755438184,-0.7045659234488113,-1.148772265854307,19.43877143996809
15,20,3.0,5.0,100,London_NY,3608,-17250.646121649766,146029.55862165111,163280.20474330615,0.8943494335472271,36.33592017738359,20415.637405829722,-0.8449722033525053,-1.1369136987044222,20.209257206208427
15,20,3.0,5.0,200,24h,4495,-19608.812656944945,175398.400945172,195007.21360212486,0.8994457061626402,35.21690767519466,23788.96026087941,-0.8242820384710695,-1.1792993700904062,19.474749721913238
15,20,3.0,5.0,200,London_NY,3261,-17485.516887554084,133250.77518136115,150736.29206891914,0.883999290100865,35.878564857405706,18765.417379323288,-0.9317947229258293,-1.1904522417786956,20.198098742716958
20,5,1.5,0.0,0,24h,6600,-38155.38055419408,126576.85913085744,164732.23968506267,0.7683793978206621,27.651515151515152,39295.529234091504,-0.9709852824959979,-2.916175298622529,6.8534848484848485
20,5,1.5,0.0,0,London_NY,4032,-22412.194864324985,89556.97729492227,111969.17215924978,0.7998360224325725,29.389880952380953,23716.174708773025,-0.9450172778510662,-2.0196425092294623,6.949404761904762
20,5,1.5,0.0,100,24h,5732,-31525.21065499015,114883.55800781147,146408.76866280948,0.7846767584829365,27.72156315422191,32462.025261575858,-0.9711412150339683,-2.512998980951266,6.875261688764828
20,5,1.5,0.0,100,London_NY,3735,-22040.482596258815,82764.31923828188,104804.80183454257,0.7896996873191322,29.02275769745649,23161.318769180554,-0.951607411301071,-2.0516564751258923,6.940562248995985
20,5,1.5,0.0,200,24h,5082,-26941.838419011667,103455.08203124972,130396.92045026661,0.7933859302352734,27.84336875245966,27998.516510878908,-0.9622594971609776,-2.2749526766698858,6.902400629673356
20,5,1.5,0.0,200,London_NY,3327,-19340.19217877885,74692.93149414161,94033.12367292096,0.7943257500830123,29.335737902013825,20679.94303850277,-0.9352149637342076,-1.9118453653716336,7.005410279531109
20,5,1.5,3.0,0,24h,8234,-48700.18480747152,159832.6960449203,208532.88085240673,0.7664628014132939,30.30119018702939,49608.79752196757,-0.9816844438913541,-3.9287978952750033,4.823050765120233
20,5,1.5,3.0,0,London_NY,4971,-28639.252090887145,110871.49692382808,139510.74901471986,0.7947165197437939,31.905049285857977,29284.986050848514,-0.9779499994010528,-2.7178207429716976,4.92013679340173
20,5,1.5,3.0,100,24h,7175,-41893.308497832506,143472.39365583044,185365.70215367476,0.7739964404897661,30.494773519163765,42844.3844953223,-0.9778016183755975,-3.5611611804122876,4.822299651567945
20,5,1.5,3.0,100,London_NY,4588,-27882.307359093305,102023.52061941974,129905.8279785171,0.7853652311603114,31.582388840453355,28432.566563195272,-0.9806468683409589,-2.747568917036927,4.944638186573671
20,5,1.5,3.0,200,24h,6386,-35132.966271968675,129908.84755161779,165041.81382359494,0.7871268773770927,30.77043532727842,36180.44160853456,-0.9710485751418027,-3.1480668385162573,4.817413091136862
20,5,1.5,3.0,200,London_NY,4102,-23496.265438404564,92543.44862932511,116039.71406773232,0.7975153107952985,31.984397854705023,24136.13803885124,-0.9734890229987626,-2.439661340986163,4.961238420282789
20,5,1.5,5.0,0,24h,7276,-42851.361631551496,141026.23262067337,183877.59425223776,0.7669571335984406,28.43595382078065,44375.233834398256,-0.9656593989220739,-3.373072808028962,5.904343045629467
20,5,1.5,5.0,0,London_NY,4412,-25383.174033897914,98260.53714773989,123643.71118164161,0.7947071161863462,30.077062556663645,26287.737088446476,-0.9655899231072986,-2.3833554606058125,6.028558476881233
20,5,1.5,5.0,100,24h,6335,-35572.70462471664,127958.18682686833,163530.89145159433,0.78247104073755,28.634569850039462,36823.81030273062,-0.9660245458650648,-2.931263129844994,5.897237569060773
20,5,1.5,5.0,100,London_NY,4079,-24446.534216306172,90992.96312779038,115439.49734409942,0.7882307634843613,29.81122824221623,25410.2695608937,-0.9620729979948457,-2.374000890008594,6.039225300318705
20,5,1.5,5.0,200,24h,5620,-30698.758684427183,114672.56510532874,145371.32378976233,0.7888252106114787,28.80782918149466,31966.331958004834,-0.9603466148307882,-2.6926812787403036,5.925088967971531
20,5,1.5,5.0,200,London_NY,3639,-21441.304139925396,81986.49289202057,103427.79703194772,0.7926930210714614,30.063204176971695,22386.31590227232,-0.9577861865939719,-2.2097265812379834,6.086287441604836
20,5,2.0,0.0,0,24h,6341,-37824.67760183603,131640.90820312256,169465.5858049725,0.7768002428210997,29.96372811859328,38707.63270786355,-0.977189121517934,-2.7679311146845635,7.732534300583504
20,5,2.0,0.0,0,London_NY,3880,-22300.084263390127,93317.4234863282,115617.50774972212,0.8071219082868744,31.804123711340207,23520.134374997993,-0.948127417464724,-1.919083575437838,7.822680412371134
20,5,2.0,0.0,100,24h,5510,-32256.813162662824,119478.35136718606,151735.1645298588,0.7874137266557932,30.0,33100.985909594616,-0.9744970512589143,-2.458751156879076,7.763339382940108
20,5,2.0,0.0,100,London_NY,3601,-23031.663581191737,86255.90883789114,109287.57241908558,0.7892563347196073,31.21355179116912,24102.7806431343,-0.9555604360425661,-2.041055972183423,7.804498750347126
20,5,2.0,0.0,200,24h,4886,-28212.433914616886,106967.32973632749,135179.7636509512,0.7912969134383806,30.167826442898075,29189.78078961784,-0.9665174986395042,-2.2992075895898543,7.789398280802292
20,5,2.0,0.0,200,London_NY,3213,-20824.57403041105,77161.57382812585,97986.14785853791,0.7874743064654773,31.465919701213817,22269.672119139013,-0.9351091439067029,-1.9854404489455348,7.845938375350141
20,5,2.0,3.0,0,24h,8016,-48716.36269530611,168639.76738281047,217356.13007813517,0.7758684667517215,33.096307385229544,49500.487412801594,-0.9841592525957088,-3.713020332056274,5.541541916167664
20,5,2.0,3.0,0,London_NY,4848,-29204.953826029334,116773.42610560798,145978.37993164384,0.7999364437411113,34.67409240924093,29814.224679126834,-0.9795644240407145,-2.6230859232249153,5.628712871287129
20,5,2.0,3.0,100,24h,6988,-43018.51568079822,151172.51206054553,194191.0277413581,0.7784732066091711,33.35718374356039,43928.27745186513,-0.9792898373476222,-3.4571942077406956,5.5447910704064105
20,5,2.0,3.0,100,London_NY,4478,-29676.510083005116,107031.9773193359,136708.48740234622,0.7829212315423438,34.25636444841447,30130.24026925,-0.9849410365735468,-2.7723987955232934,5.649397052255471
20,5,2.0,3.0,200,24h,6220,-36238.588221954335,136616.50892508298,172855.09714704804,0.7903527936399998,33.72990353697749,37291.377845978626,-0.9717685512084714,-3.0775835702570453,5.537942122186496
20,5,2.0,3.0,200,London_NY,4009,-25291.01828613053,96818.66941615529,122109.68770228949,0.7928827862716743,34.67198802693939,25883.09756905493,-0.9771248676343794,-2.4952264715593184,5.650286854577201
20,5,2.0,5.0,0,24h,7036,-42104.30411899528,148608.64774344084,190712.9518624519,0.7792268238321958,30.79874928936896,43259.582945028524,-0.9732942680584484,-3.1559183276461074,6.6949971574758385
20,5,2.0,5.0,0,London_NY,4274,-24657.432226559627,103792.9080078122,128450.34023437706,0.8080391832238542,32.47543284978943,25410.771958703233,-0.970353528284465,-2.2023467706913014,6.7962096396817975
20,5,2.0,5.0,100,24h,6130,-36039.45673478879,134733.94020298403,170773.39693778445,0.7889632847911892,30.913539967373573,37194.03339494586,-0.9689580141014242,-2.8250456452335975,6.6964110929853184
20,5,2.0,5.0,100,London_NY,3959,-25155.311760600118,95889.72702985488,121045.03879045912,0.7921822157110416,31.901995453397323,26015.82121930611,-0.9669236096200025,-2.318382325207949,6.79717100277848
20,5,2.0,5.0,200,24h,5437,-32298.677050777194,119582.17729492104,151880.85434570693,0.7873420110129974,31.138495493838512,33499.28856724013,-0.9641600891298615,-2.709587197393565,6.736435534302005
20,5,2.0,5.0,200,London_NY,3536,-23294.438396342695,85275.16306849926,108569.60146484443,0.7854423514312331,32.09841628959276,24215.080604769566,-0.9619806258978326,-2.2954240545121074,6.8308823529411775
20,5,2.5,0.0,0,24h,6255,-39957.24577984896,133118.75844726307,173076.0042271283,0.7691346876287416,30.839328537170264,40608.41185651001,-0.9839647490041733,-2.857069035864492,8.105835331734612
20,5,2.5,0.0,0,London_NY,3830,-25020.544904433315,94413.06708984371,119433.61199428186,0.7905066715587898,32.55874673629243,26202.622938753364,-0.9548870341307789,-2.0988716206936955,8.200261096605743
20,5,2.5,0.0,100,24h,5433,-34785.026614810806,120831.74799804538,155616.7746128681,0.7764699422580996,30.86692435118719,35571.127110068555,-0.9779006020015812,-2.5907676549159047,8.160868764954905
20,5,2.5,0.0,100,London_NY,3551,-25803.122931777332,87351.20024414107,113154.32317592179,0.7719652046200265,32.047310616727685,26831.886158968424,-0.9616589299352244,-2.226030418892411,8.198535623767953
20,5,2.5,0.0,200,24h,4822,-30439.498304962377,108319.27563476491,138758.77393973572,0.7806301004202374,31.00373289091663,31523.68435407069,-0.9656072546301743,-2.4184879554174175,8.177312318540025
20,5,2.5,0.0,200,London_NY,3171,-22843.17604108322,78317.31635742263,101160.49239850737,0.7741887618429407,32.22958057395144,24274.0732107961,-0.9410524489529645,-2.1147938194787366,8.2317880794702
20,5,2.5,3.0,0,24h,7944,-49478.05335518288,172168.5376429946,221646.59099819916,0.77677051953573,34.18932527693857,50130.006253481944,-0.9869947572916214,-3.649980090027543,5.86127895266868
20,5,2.5,3.0,0,London_NY,4808,-30697.715387831486,119028.7690638948,149726.4844517343,0.7949747133899001,35.607321131447584,31208.861823379175,-0.983621753384009,-2.6727372283100572,5.947795341098169
20,5,2.5,3.0,100,24h,6924,-44311.620894944026,154247.18074079097,198558.80163575226,0.7768337614353199,34.43096476025419,45167.19757254003,-0.9810575655879044,-3.446304445943696,5.889948006932409
20,5,2.5,3.0,100,London_NY,4437,-31277.4353341209,109116.59688546309,140394.03221959062,0.7772167745335042,35.226504394861394,31676.980426894883,-0.9873868946032888,-2.8287251621089817,5.987153482082489
20,5,2.5,3.0,200,24h,6165,-37022.60857281902,139377.11469028928,176399.7232631213,0.7901209373349846,34.76074614760746,38059.5738734616,-0.972754153683112,-3.0491737158787275,5.87639902676399
20,5,2.5,3.0,200,London_NY,3974,-26208.645823448976,98667.93289620549,124876.5787196588,0.7901236077079729,35.6064418721691,27044.371967422645,-0.969097964449669,-2.5090755353750827,5.978862606945143
20,5,2.5,5.0,0,24h,6960,-44356.50275529512,150739.17854701212,195095.68130232603,0.772642313457581,31.767241379310345,45400.781999855026,-0.9769986507156806,-3.236057915375024,7.0441091954022985
20,5,2.5,5.0,0,London_NY,4229,-27647.58450055481,105090.80195661235,132738.38645717362,0.7917137217162015,33.3175691652873,28369.4177594843,-0.974555936782024,-2.3987690275634197,7.134547174272877
20,5,2.5,5.0,100,24h,6061,-38798.3658778548,136637.651845004,175436.0177228729,0.7788460637589446,31.90892591981521,39898.75744454085,-0.9724204051162346,-2.95869301858859,7.064510806797558
20,5,2.5,5.0,100,London_NY,3914,-28187.270675220345,97256.4108014787,125443.68147670409,0.7752993985555184,32.830863566683696,29009.28448137347,-0.9716637683124887,-2.5182941771640937,7.14460909555442
20,5,2.5,5.0,200,24h,5380,-34494.78549629867,121663.38668038417,156158.17217669322,0.7791035524078871,32.11895910780669,35679.572689379886,-0.9667936832260922,-2.799542516755942,7.09814126394052
20,5,2.5,5.0,200,London_NY,3499,-25396.554105047835,86912.23779994447,112308.79190499539,0.77386851310328,32.98085167190626,26371.274295478062,-0.9630385631157246,-2.408804355476683,7.171477565018577
20,5,3.0,0.0,0,24h,6224,-38621.640774965956,134171.61279296607,172793.25356794984,0.7764864080194193,31.169665809768638,39474.64819684199,-0.9783910063587526,-2.7405201886006045,8.265584832904883
20,5,3.0,0.0,0,London_NY,3811,-24568.05682198341,95120.07255859369,119688.1293805825,0.7947327195342182,32.8785095775387,25854.010675918515,-0.9502609529308775,-2.0407894254833194,8.36525846234584
20,5,3.0,0.0,100,24h,5408,-33768.7534214513,121885.1040527328,155653.8574741973,0.7830522547309029,31.21301775147929,34685.310110905564,-0.9735750758311345,-2.495616120282324,8.328217455621301
20,5,3.0,0.0,100,London_NY,3533,-25242.674145504854,88064.95678710975,113307.63093261859,0.7772199988849818,32.408717803566375,26405.416559707788,-0.9559657613590853,-2.1576178272594086,8.375884517407302
20,5,3.0,0.0,200,24h,4803,-30233.46503905819,109328.9812011711,139562.44624023876,0.7833696251853838,31.33458255257131,31322.44165038758,-0.9652333421677579,-2.3766067618763,8.321882156985218
20,5,3.0,0.0,200,London_NY,3156,-22830.630116487715,78987.42241211009,101818.05252859967,0.7757703123414516,32.57287705956907,24295.405838446768,-0.9397097652247863,-2.089440374013687,8.386882129277566
20,5,3.0,3.0,0,24h,7918,-49227.60916921728,173063.5819475425,222291.19111678354,0.7785444896762522,34.566809800454664,50102.52331891148,-0.9825375232276183,-3.5898844380609085,6.003157362970447
20,5,3.0,3.0,0,London_NY,4794,-30615.7248639753,119844.41928362138,150460.14414760558,0.7965193703792459,36.06591572799333,31217.712210516194,-0.9807164810002283,-2.6316438896867282,6.092824363788068
20,5,3.0,3.0,100,24h,6902,-44604.91538434118,155126.7678292396,199731.68321359987,0.7766758149398949,34.83048391770501,45590.94825613362,-0.9783721789190953,-3.4265562225345927,6.034772529701536
20,5,3.0,3.0,100,London_NY,4424,-31329.01983816646,109932.24710518964,141261.2669433636,0.7782193200154802,35.714285714285715,31859.021125137002,-0.9833641691347395,-2.797263679536315,6.132233273056058
20,5,3.0,3.0,200,24h,6147,-37836.13675013468,140058.85438755483,177894.99113770394,0.7873119613533068,35.13909224011713,38873.10205077737,-0.9733243490759197,-3.0738275037329212,6.00878477306003
20,5,3.0,3.0,200,London_NY,3962,-26632.027880856782,99285.73572474901,125917.76360561074,0.7884966575146904,36.06764260474508,27505.243648853968,-0.9682527528515978,-2.5170568469513417,6.112569409389197
20,5,3.0,5.0,0,24h,6935,-43987.414271756905,151567.43401924978,195554.84829102733,0.7750635453112628,32.06921413121846,45232.08431570312,-0.9724825848117261,-3.179159727336508,7.191059841384283
20,5,3.0,5.0,0,London_NY,4215,-27701.598528177426,105732.90592912909,133434.5044573138,0.7923955378644468,33.594306049822066,28536.885940985336,-0.9707295528133204,-2.3776348442683806,7.280901542111506
20,5,3.0,5.0,100,24h,6041,-38741.2809953908,137438.07862374274,176179.35961914939,0.7801031796281103,32.21320973348784,39972.12875627342,-0.9692073502417745,-2.9263261055423553,7.2148650885614956
20,5,3.0,5.0,100,London_NY,3901,-28101.674044360778,97898.51477399541,126000.18881836208,0.7769711751394504,33.11971289412971,29067.24537178915,-0.9667814643225362,-2.485587659936522,7.29659061779031
20,5,3.0,5.0,200,24h,5366,-34995.3130650066,122427.61350795103,157422.92657296933,0.7776987518473231,32.42638837122624,36180.10025808797,-0.9672530704826746,-2.8052843597896024,7.228102869921729
20,5,3.0,5.0,200,London_NY,3489,-25792.943021063358,87510.69128417992,113303.63430524693,0.7723555543542474,33.247348810547436,26808.920971677817,-0.9621029898335788,-2.41697001364458,7.30237890513041
20,10,1.5,0.0,0,24h,5781,-29243.37831158925,134832.51430663886,164075.89261823587,0.8217691956755698,25.756789482788445,31662.234952214778,-0.9236043619701481,-1.875566037810252,11.268811624286455
20,10,1.5,0.0,0,London_NY,3709,-17735.306005857143,99111.42187499988,116846.72788085925,0.848217349963425,26.557023456457266,19874.428051755913,-0.8923681204647407,-1.3524549069219516,11.491776759234297
20,10,1.5,0.0,100,24h,5022,-24017.279851419582,122538.40903320207,146555.68888462734,0.8361218180323773,25.706889685384308,26014.65512346264,-0.923221151210203,-1.6336700544553577,11.338908801274393
20,10,1.5,0.0,100,London_NY,3438,-17525.092698449407,92043.66796875017,109568.76066720132,0.8400539296809153,26.468877254217567,18293.35706089401,-0.9580030958840828,-1.3796932233050245,11.527632344386271
20,10,1.5,0.0,200,24h,4435,-18704.605259483946,111569.30107421817,130273.9063337059,0.8564209381150009,25.997745208568208,20330.418000137317,-0.920030530575299,-1.3290216461807849,11.482976324689966
20,10,1.5,0.0,200,London_NY,3061,-14149.640204727597,84434.71582031291,98584.35602504155,0.8564717489138493,26.62528585429598,14929.611033410885,-0.9477567883759466,-1.1578951063362888,11.721986278993793
20,10,1.5,3.0,0,24h,7855,-44297.06638008694,178306.67403738725,222603.74041748475,0.8010048425196268,30.99936346276257,45424.6373779253,-0.9751771051366429,-3.331211150472902,6.786505410566519
20,10,1.5,3.0,0,London_NY,4854,-26853.242851908733,124147.22680315284,151000.46965506504,0.8221645077445529,32.09723939019366,27647.95290352728,-0.9712560978965948,-2.3773640949687125,7.0603625875566545
20,10,1.5,3.0,100,24h,6850,-37753.54243686833,160695.54049595358,198449.08293282965,0.8097570324895139,31.343065693430656,38853.59452601505,-0.9716872504959571,-2.9886059632856106,6.815620437956205
20,10,1.5,3.0,100,London_NY,4483,-25795.35424281296,114920.15582101014,140715.51006382593,0.8166843567484814,32.099040820878876,26471.27179303638,-0.9744659963636039,-2.368906306086983,7.133838947133616
20,10,1.5,3.0,200,24h,6096,-30921.517410711032,145620.5785435263,176542.09595424344,0.8248490409973865,31.742125984251967,32048.798034665157,-0.964826118510441,-2.5817059037574994,6.826935695538058
20,10,1.5,3.0,200,London_NY,4009,-20997.171065846185,104537.28072335402,125534.45178920231,0.8327377802142572,32.50187079072088,21723.495633368635,-0.9665650234298954,-2.0301525375976053,7.1940633574457475
20,10,1.5,5.0,0,24h,6748,-37252.7725167366,157863.10425850848,195115.87677525455,0.8090735970212413,26.985773562537048,38624.06812569374,-0.96449634449446,-2.6530892790074296,8.811055127445169
20,10,1.5,5.0,0,London_NY,4231,-23475.82909109693,111472.11466238809,134947.94375348827,0.8260378895881223,28.054833372725124,24217.35758928372,-0.96938028868538,-1.9782471813365634,9.111793902150792
20,10,1.5,5.0,100,24h,5875,-30999.31535992959,142954.69518345324,173954.01054338997,0.8217959145460204,27.16595744680851,32300.36493442784,-0.9597202825064214,-2.3234197895422537,8.82536170212766
20,10,1.5,5.0,100,London_NY,3913,-22567.536415315968,103311.87767857134,125879.41409388978,0.8207209925644715,28.136979299769997,23330.993101281674,-0.9672771457840873,-1.9818996727218203,9.178379759775108
20,10,1.5,5.0,200,24h,5210,-25729.74394007793,129169.58722795709,154899.33116804008,0.8338937699339032,27.351247600767753,27021.818479698974,-0.9521840271189832,-2.036939648573837,8.91017274472169
20,10,1.5,5.0,200,London_NY,3495,-19143.76387241729,94013.18827078691,113156.95214320591,0.8308211425826352,28.240343347639485,19946.5062831318,-0.9597552373673898,-1.766906142932154,9.30128755364807
20,10,2.0,0.0,0,24h,5393,-25933.973479348613,143465.02543945087,169398.99891880894,0.8469059814704812,29.352864824772855,31376.484444751142,-0.8265417218749952,-1.5796475839107327,13.430001854255517
20,10,2.0,0.0,0,London_NY,3485,-16578.560686381687,105454.8285156246,122033.38920200946,0.8641473387341447,30.100430416068868,20398.214055522876,-0.8127456963269288,-1.1915538629186422,13.614921090387375
20,10,2.0,0.0,100,24h,4693,-22494.615220420652,130198.41791992052,152693.03314034804,0.8526808017511084,29.341572554868954,26743.34109235216,-0.8411295784898574,-1.4543682828176652,13.504368207969316
20,10,2.0,0.0,100,London_NY,3239,-17484.5064801877,97964.92075195303,115449.42723214322,0.8485526788709595,29.978388391478852,19432.226171873437,-0.8997685764637249,-1.3001411663035791,13.627045384377894
20,10,2.0,0.0,200,24h,4145,-17519.131870811987,118067.71831054598,135586.85018136277,0.870790332193845,29.746682750301567,20320.057400946527,-0.86215956604512,-1.1903443123761626,13.655729794933654
20,10,2.0,0.0,200,London_NY,2887,-14683.461160712588,89179.62778320345,103863.08894391739,0.8586267623078059,30.16972635954278,16010.479206192835,-0.9171156572898231,-1.1441445678194346,13.80152407343263
20,10,2.0,3.0,0,24h,7503,-40528.23232072603,194177.37568707974,234705.6080078191,0.8273231190991006,35.63907770225243,41494.926496229135,-0.9767033163538449,-2.8053176604623147,8.343329334932694
20,10,2.0,3.0,0,London_NY,4665,-26130.831665036516,134325.5454275946,160456.37709263602,0.8371468174807701,36.334405144694536,26814.023336353814,-0.9745211055145521,-2.133526105267862,8.596141479099678
20,10,2.0,3.0,100,24h,6554,-36156.644646340945,174405.76280343084,210562.40744978195,0.8282853758927776,35.88648153799207,37172.06085379132,-0.9726833491571988,-2.635548300199454,8.369697894415625
20,10,2.0,3.0,100,London_NY,4317,-25885.45355747534,124309.54008789045,150194.99364537,0.8276543516583615,36.205698401667824,26449.852727397534,-0.9786615382800383,-2.191882226312491,8.655779476488302
20,10,2.0,3.0,200,24h,5826,-28914.686303707538,157554.97719377716,186469.6634974925,0.8449362445269594,36.50875386199794,30020.27377929414,-0.963171972257323,-2.2327795528113663,8.393237212495709
20,10,2.0,3.0,200,London_NY,3858,-21043.051691543806,112449.38121163505,133492.4329031817,0.8423652095185905,36.72887506480041,21696.7221888933,-0.9698723847934914,-1.884656141147022,8.710730948678071
20,10,2.0,5.0,0,24h,6377,-32968.00733816531,171295.16785714106,204263.17519531766,0.8386003384768087,30.907950446918615,35601.65125208884,-0.9260246696066097,-2.189677714846123,10.620824839266113
20,10,2.0,5.0,0,London_NY,4034,-20978.07168317282,121341.23744768357,142319.30913086067,0.852598555942342,31.779871095686662,22108.90484793324,-0.9488516879267255,-1.6438275599089442,10.859196826970749
20,10,2.0,5.0,100,24h,5568,-28260.591608534305,155097.71805942935,183358.30966797267,0.8458723160149222,31.052442528735632,30741.178407502422,-0.9193073614132266,-1.9772186471205937,10.616918103448276
20,10,2.0,5.0,100,London_NY,3740,-21083.42086355808,112523.2245186938,133606.64538225543,0.8421978128165639,31.764705882352942,21750.348531666816,-0.9693371502926612,-1.719924346828097,10.897860962566845
20,10,2.0,5.0,200,24h,4934,-24225.699944193373,139392.07193080275,163617.77187500254,0.8519372335499883,31.374138629914878,25466.437290734055,-0.9512795083043625,-1.7906586871997774,10.73226591001216
20,10,2.0,5.0,200,London_NY,3343,-19334.01184430624,101445.81985909586,120779.83170340449,0.8399235073303746,31.857612922524677,20088.960937498487,-0.9624197042574241,-1.6609151649684248,11.021238408615016
20,10,2.5,0.0,0,24h,5206,-26528.839083421895,146804.67587890365,173333.51496233718,0.8469491656636753,31.233192470226662,31549.4259381941,-0.84086598391338,-1.5752140342043215,14.737418363426816
20,10,2.5,0.0,0,London_NY,3375,-19041.142142157107,107933.37578124946,126974.51792341087,0.8500396579284771,31.94074074074074,21289.4738734637,-0.8943923299998019,-1.3291927722641048,14.965037037037037
20,10,2.5,0.0,100,24h,4528,-23146.24423130205,133010.61547851405,156156.8597098249,0.8517756807205149,31.25,26943.155615231473,-0.8590769604662434,-1.4569689770522058,14.867270318021202
20,10,2.5,0.0,100,London_NY,3131,-19369.031518552438,100285.66523437478,119654.69675293055,0.8381256060633375,32.0025550942191,20406.2635550348,-0.9491708987446432,-1.3990210456277905,15.036090705844778
20,10,2.5,0.0,200,24h,4002,-18233.538213236363,120780.664843749,139014.2030569914,0.8688368683754765,31.684157921039482,20676.030887274632,-0.8818683969203424,-1.2049123001800517,14.983508245877061
20,10,2.5,0.0,200,London_NY,2791,-15532.412107629378,91635.42050781271,107167.8326154438,0.8550646054085381,32.28233608025797,17147.40432477538,-0.9058171028945422,-1.1760649104541911,15.227158724471515
20,10,2.5,3.0,0,24h,7345,-38630.11959402363,202394.02921665536,241024.14881069542,0.8397251072780229,38.10755616065351,39407.57458844442,-0.9802714325217882,-2.565311466909472,9.298842750170184
20,10,2.5,3.0,0,London_NY,4576,-26481.929302103832,139943.97005092024,166425.89935303075,0.840878556732713,38.81118881118881,27130.576756066323,-0.9760916452387082,-2.0679346166713106,9.59222027972028
20,10,2.5,3.0,100,24h,6414,-35741.39076624849,180928.73082100868,216670.1215872702,0.8350423653043199,38.30682881197381,36694.68445695783,-0.9740209323280179,-2.5026303781348576,9.365294667913938
20,10,2.5,3.0,100,London_NY,4231,-26835.77180524302,129188.86532505565,156024.63713030418,0.8280029853052208,38.690616875443155,27365.626757810358,-0.9806379383429941,-2.1746665353944716,9.685417159064052
20,10,2.5,3.0,200,24h,5698,-28103.6878696951,163427.88403320225,191531.5719029073,0.8532686408277816,38.96103896103896,29228.081260460334,-0.9615303727690702,-2.0848490716011563,9.367672867672868
20,10,2.5,3.0,200,London_NY,3784,-21006.98002580707,117026.37184012271,138033.35186593377,0.8478122878142212,39.323467230443974,21687.52902134296,-0.9686202612171192,-1.8030533627893734,9.73784355179704
20,10,2.5,5.0,0,24h,6198,-32513.501625274417,176922.21948590764,209435.72111119604,0.8447566563488663,33.02678283317199,35327.140447122205,-0.920354753137768,-2.088120251134694,11.713455953533398
20,10,2.5,5.0,0,London_NY,3937,-23818.383210097818,124676.78188127717,148495.16509138088,0.8396016247704337,33.83286766573533,24585.5860595683,-0.9687946080434434,-1.799260413394916,11.973329946659891
20,10,2.5,5.0,100,24h,5409,-28596.015103581376,159724.5204520074,188320.5355556,0.8481524331946799,33.333333333333336,30393.88943045148,-0.9408475071614618,-1.9346213198835522,11.75744130153448
20,10,2.5,5.0,100,London_NY,3642,-23590.8559099446,115489.67385602627,139080.52976597584,0.8303798817156882,34.07468423942888,24238.228723142645,-0.973291249101056,-1.8550902924477972,12.057111477210324
20,10,2.5,5.0,200,24h,4794,-23929.868889505622,144265.71063057942,168195.57952009316,0.8577259345471977,33.66708385481852,25217.30764857444,-0.9489462246719429,-1.7006858162071334,11.84084272006675
20,10,2.5,5.0,200,London_NY,3257,-20172.51896100534,105050.46323939708,125222.98220040559,0.8389072149014578,34.2339576297206,21012.582228304767,-0.9600209408738051,-1.6613310709561473,12.169174086582746
20,10,3.0,0.0,0,24h,5129,-26508.75951450423,148822.8228027315,175331.58231724953,0.8488078464577341,32.22850458178982,32581.946979628156,-0.8136026840593295,-1.5520788836004107,15.42717878728797
20,10,3.0,0.0,0,London_NY,3321,-18864.166336492854,109502.67089843689,128366.83723493501,0.8530448615636357,33.1225534477567,21576.71437290568,-0.8742835452362001,-1.2956035192926045,15.740439626618489
20,10,3.0,0.0,100,24h,4465,-22628.618704655637,135279.01215820137,157907.63086286737,0.8566971172893,32.183650615901456,28136.857809009292,-0.8042340355933439,-1.3948083521270338,15.56259798432251
20,10,3.0,0.0,100,London_NY,3080,-18708.948224746433,102047.21074218718,120756.15896693776,0.8450683726212841,33.214285714285715,19850.692232838872,-0.9424834159584793,-1.3292656035798482,15.849025974025974
20,10,3.0,0.0,200,24h,3950,-19692.9523576976,122540.71269531143,142233.66505301627,0.8615450684592535,32.48101265822785,21619.200980048117,-0.9109010261698288,-1.278700442936204,15.63974683544304
20,10,3.0,0.0,200,London_NY,2744,-15778.402389088606,93189.41674804693,108967.81913713776,0.8552012647951277,33.34548104956268,17208.328867883636,-0.9169049772483289,-1.1721893141152877,16.0167638483965
20,10,3.0,3.0,0,24h,7271,-39400.095465954124,205876.64936872,245276.744834693,0.83936473271232,39.183055975794254,40648.85079519636,-0.9692794432114719,-2.544806968512537,9.852014853527713
20,10,3.0,3.0,0,London_NY,4533,-26307.62932826155,143035.70036969817,169343.32969796783,0.84464915520918,40.150011030222814,26934.15049176659,-0.9767387813587601,-1.997079654741002,10.168541804544452
20,10,3.0,3.0,100,24h,6357,-36717.59817591606,184318.13633509915,221035.73451103008,0.8338838819109646,39.32672644329086,37640.26533202739,-0.975487230284579,-2.5020253119074596,9.90357086676105
20,10,3.0,3.0,100,London_NY,4192,-26561.107418384563,132278.16241978217,158839.26983817358,0.8327799703092816,40.028625954198475,27068.83608049446,-0.9812430552758136,-2.0925993596625547,10.263597328244275
20,10,3.0,3.0,200,24h,5651,-30448.806961491762,166129.21561453593,196578.02257603945,0.8451057419212494,39.939833657759685,31525.407034734693,-0.9658497645389088,-2.1909155876065283,9.892585383118032
20,10,3.0,3.0,200,London_NY,3747,-21392.47629743087,119540.56220703114,140933.03850446682,0.8482082233914395,40.61916199626368,22025.23197544454,-0.9712713274157967,-1.781572213023464,10.311716039498265
20,10,3.0,5.0,0,24h,6122,-32206.421435541823,180933.83192661626,213140.2533621746,0.8488956406520162,33.975824893825546,36929.96297781402,-0.8720946039098413,-2.0093196321606728,12.335511270826526
20,10,3.0,5.0,0,London_NY,3887,-22943.081347653417,128421.1704485204,151364.25179618105,0.8484247034857704,35.03987651144842,24248.229684010257,-0.946175520713684,-1.6755699032385742,12.636995111911501
20,10,3.0,5.0,100,24h,5347,-28045.09461843886,163565.42901785555,191610.52363630765,0.8536348939180189,34.243501028614176,32091.33124999662,-0.8739149647598934,-1.8463859287781204,12.38208341125865
20,10,3.0,5.0,100,London_NY,3595,-22204.800641738497,119336.84009486545,141541.64073661005,0.8431217800910988,35.2990264255911,22845.036526923366,-0.9719748364407149,-1.6864775713708096,12.738803894297636
20,10,3.0,5.0,200,24h,4742,-24798.174591932846,147899.35537458042,172697.5299665233,0.8564068947786926,34.500210881484605,26053.6244314985,-0.9518128526467959,-1.7015145988063831,12.44179671024884
20,10,3.0,5.0,200,London_NY,3216,-19777.725348770313,108630.03478306331,128407.76013183757,0.8459771798178843,35.32338308457712,20569.995298547554,-0.9614841939301181,-1.56510257055857,12.813432835820896
20,15,1.5,0.0,0,24h,5338,-26207.738834050826,136719.77895507653,162927.51778913365,0.8391447977009256,23.491944548520046,28075.302634971973,-0.9334801898592958,-1.603227252197217,14.694454852004496
20,15,1.5,0.0,0,London_NY,3569,-16443.01686488362,102790.27651367165,119233.29337855744,0.8620937458073866,24.488652283552817,17609.914648435708,-0.9337363180431005,-1.205612126342536,15.073409918744748
20,15,1.5,0.0,100,24h,4644,-20813.254640412953,124876.57587890529,145689.83051932283,0.8571399625751018,23.729543496985357,23073.581645854174,-0.9020383120343455,-1.3445833703972256,14.789621016365203
20,15,1.5,0.0,100,London_NY,3311,-16030.698641529996,95913.4330078125,111944.13164934429,0.8567973291199702,24.433705829054666,16892.662955146305,-0.9489740418130042,-1.210330581879356,15.06191482935669
20,15,1.5,0.0,200,24h,4096,-15562.982646830935,113445.86328124937,129008.84592808348,0.879364995982448,24.169921875,17442.83549281327,-0.8922277948010882,-1.047492498091292,14.99072265625
20,15,1.5,0.0,200,London_NY,2950,-12522.978733606189,87986.72592773465,100509.70466134172,0.8754052777709167,24.779661016949152,13463.246644808843,-0.9301603887970661,-0.981576202066533,15.316610169491527
20,15,1.5,3.0,0,24h,7687,-41474.07238420294,187118.39402552927,228592.46640974103,0.8185676324526309,31.15649798360869,42739.882920615506,-0.9703833878355805,-3.0230670511539435,7.851177312345518
20,15,1.5,3.0,0,London_NY,4822,-25439.512561032745,130664.73255092082,156104.2451119566,0.8370351008533381,32.01990875155537,26390.552188543934,-0.9639628750199463,-2.182890969198922,8.319162173372044
20,15,1.5,3.0,100,24h,6705,-34938.55402482908,168549.7511474604,203488.30517229624,0.8283019066120143,31.588366890380314,36049.173135808815,-0.9691915510295984,-2.6811674391978393,7.9082774049217
20,15,1.5,3.0,100,London_NY,4453,-24846.47415945649,120699.59040178584,145546.06456124497,0.8292879011578916,31.8886144172468,25541.448106164244,-0.972790346740754,-2.212092113420242,8.403548169773186
20,15,1.5,3.0,200,24h,5962,-27332.795354349768,153080.42601841487,180413.2213727697,0.8484989340228019,32.0530023482053,28524.05042898709,-0.9582368192202209,-2.209717783513907,7.939282120093928
20,15,1.5,3.0,200,London_NY,3981,-19408.90661446511,110226.66737583729,129635.57399030431,0.8502810145622632,32.403918613413715,20154.188701518757,-0.9630209829782191,-1.8148182261143175,8.487314745038935
20,15,1.5,5.0,0,24h,6496,-35198.43435058229,166795.83088727554,201994.26523786533,0.825745377923771,25.769704433497537,36388.05264020321,-0.9673074483709366,-2.392422495752046,10.595751231527094
20,15,1.5,5.0,0,London_NY,4170,-22459.485525946482,118077.39138183571,140536.876907785,0.8401879562138957,26.954436450839328,23280.0380894233,-0.9647529544270972,-1.8161139769869734,11.091127098321342
20,15,1.5,5.0,100,24h,5661,-29457.910991556644,150737.99229561846,180195.90328718146,0.8365228595423981,26.179120296767355,30769.037494765777,-0.9573881209825893,-2.106741185303858,10.633280339162694
20,15,1.5,5.0,100,London_NY,3859,-22233.73308628433,109013.64922572536,131247.38231201202,0.8305967502389433,27.001813941435604,23063.917067171813,-0.9640050743128481,-1.8735758844965482,11.13604560767038
20,15,1.5,5.0,200,24h,5017,-23760.563028387467,136249.27968401182,160009.84271240336,0.8515056159945233,26.35040861072354,25062.71449671929,-0.948044276349145,-1.7918552331598359,10.734702013155273
20,15,1.5,5.0,200,London_NY,3447,-18613.133079309137,99217.43688964855,117830.56996895919,0.8420347700582794,27.125036263417464,19441.550130788084,-0.957389351882644,-1.6457971979559387,11.285755729619959
20,15,2.0,0.0,0,24h,4889,-22635.88535155922,145866.82817382584,168502.71352539287,0.8656645648133383,27.46983023113111,27847.634242463886,-0.8128476966651101,-1.3202218182312455,18.020044998977298
20,15,2.0,0.0,0,London_NY,3319,-14680.272419082903,110558.87114257761,125239.14356166338,0.8827820759421138,28.261524555589034,17639.72774134885,-0.8322278344847263,-1.0150268511002667,18.359746911720396
20,15,2.0,0.0,100,24h,4251,-18270.834026225,133127.97412109232,151398.80814732274,0.879319829199372,27.75817454716537,23192.810058591574,-0.7877800913329486,-1.1250186928829282,18.195718654434252
20,15,2.0,0.0,100,London_NY,3086,-15064.310658480403,103368.07563476534,118432.38629324808,0.8728024391809323,28.256642903434866,16722.15764508779,-0.9008592657841383,-1.0729853264346307,18.373298768632534
20,15,2.0,0.0,200,24h,3755,-13808.480085098245,120171.91679687412,133980.39688197616,0.8969365638074204,28.308921438082557,17937.534870254807,-0.7698092399528303,-0.8904731113197585,18.37762982689747
20,15,2.0,0.0,200,London_NY,2754,-12709.190248324496,94049.12563476563,106758.31588309148,0.8809536274228662,28.649237472766885,13973.620438056736,-0.9095130574544159,-0.9434592848181372,18.550835148874363
20,15,2.0,3.0,0,24h,7276,-38877.5843401184,205451.1819126659,244328.76625279489,0.8408800366146643,36.36613523914239,40000.08288225083,-0.9719375945935725,-2.5862616421353573,9.991616272677296
20,15,2.0,3.0,0,London_NY,4612,-24818.3757114932,142981.0955566402,167799.47126813792,0.8520950303124688,36.88204683434519,25916.76709681691,-0.9576185030632692,-1.9489841676222406,10.471595836947094
20,15,2.0,3.0,100,24h,6354,-33164.877242602575,185073.44114466987,218238.31838728063,0.8480336657297866,36.827195467422094,34127.37793665998,-0.9717968167421537,-2.321893281131348,10.07695939565628
20,15,2.0,3.0,100,London_NY,4267,-24360.697785293618,132441.17878417956,156801.8765694768,0.844640266314011,36.72369346144833,24944.15335170004,-0.9766095261611012,-1.984430362268521,10.565971408483712
20,15,2.0,3.0,200,24h,5644,-25570.88224748591,167181.42111467573,192752.30336216764,0.8673381235842039,37.367115520907156,26623.554209679416,-0.9604608778413669,-1.8951724637406122,10.130049610205528
20,15,2.0,3.0,200,London_NY,3809,-19688.966894529403,119783.81367187489,139472.780566407,0.8588329076499797,37.20136518771331,20361.594911410095,-0.966965848215369,-1.6921077086035805,10.65607771068522
20,15,2.0,5.0,0,24h,6057,-31326.517853651487,181478.69964076314,212805.21749442356,0.8527925291376781,30.163447251114412,33116.60638950575,-0.9459458944917278,-1.9876750724338237,13.202740630675253
20,15,2.0,5.0,0,London_NY,3957,-19362.214177592767,130700.6923793242,150062.9065569208,0.8709726832443283,31.15996967399545,20214.795898435546,-0.9578238768708636,-1.4431532762233412,13.641394996209248
20,15,2.0,5.0,100,24h,5288,-26839.824884902133,163758.3768729061,190598.20175781543,0.8591811221859612,30.616490166414522,29149.235253903524,-0.9207728659470705,-1.7946090239088033,13.267208774583963
20,15,2.0,5.0,100,London_NY,3669,-20289.329513111938,120467.61715959778,140756.94667271274,0.8558555723697844,31.18015808122104,21022.98447614236,-0.9651022449327782,-1.5758097664386308,13.708094848732625
20,15,2.0,5.0,200,24h,4688,-22957.579227117953,146978.32516741002,169935.90439453314,0.8649044808457695,30.802047781569964,24716.27905273204,-0.9288444744509515,-1.6206045731963583,13.387158703071673
20,15,2.0,5.0,200,London_NY,3281,-19156.049951170207,108467.88736049092,127623.93731166332,0.8499023744707666,31.179518439500153,19913.14778529432,-0.961980002243381,-1.5624920250989556,13.8085949405669
20,15,2.5,0.0,0,24h,4639,-22029.735710794477,150496.52558593484,172526.26129673867,0.8723108265070817,29.898685061435653,27781.58120465699,-0.7929619105733859,-1.2449026152208928,20.35266221168355
20,15,2.5,0.0,0,London_NY,3172,-15627.12360142102,114804.76743163994,130431.89103306473,0.8801893963381755,30.76923076923077,17895.534184917506,-0.8732415271845688,-1.04167815703505,20.800126103404793
20,15,2.5,0.0,100,24h,4033,-18836.183056637718,137056.16918945147,155892.35224609612,0.8791718593936583,30.002479543763947,23499.344517296944,-0.8015620624129811,-1.1210340977372673,20.591867096454255
20,15,2.5,0.0,100,London_NY,2946,-16412.655018831912,106982.72026367142,123395.37528250627,0.8669913278252198,30.65173116089613,17421.690194264716,-0.9420816715151449,-1.1278796024215985,20.82926001357773
20,15,2.5,0.0,200,24h,3562,-14179.683912874425,124034.30615234275,138213.99006522173,0.8974077522384837,30.74115665356541,17630.521630857507,-0.804269108411216,-0.8835053967475318,20.804884896125774
20,15,2.5,0.0,200,London_NY,2627,-13337.481825473023,97808.41323242178,111145.8950578964,0.8800002301612033,31.176246669204417,14758.314109582927,-0.9037266537654648,-0.9543100485484123,21.125999238675295
20,15,2.5,3.0,0,24h,7041,-34948.33155865907,216803.91759904934,251752.24915772147,0.8611796650254466,39.809686124130096,37350.68004324394,-0.9356812651924014,-2.2076399927862758,11.569805425365717
20,15,2.5,3.0,0,London_NY,4501,-23195.063195798386,151653.75800432425,174848.82120012824,0.8673421814536832,40.3243723616974,24039.66794607753,-0.9648662056325551,-1.7225148734950226,12.093090424350144
20,15,2.5,3.0,100,24h,6146,-31899.124745392473,194130.80013950783,226029.92488491064,0.8588721172134834,40.05857468272047,32798.44659772287,-0.9725803522538524,-2.1182113356396624,11.685323787829482
20,15,2.5,3.0,100,London_NY,4161,-23813.185475374434,140100.94951520622,163914.13499058524,0.8547215865383008,40.014419610670515,24330.840546524247,-0.9787243243750672,-1.8332946592915111,12.203556837298725
20,15,2.5,3.0,200,24h,5462,-24726.59897809412,174876.02850167346,199602.6274797754,0.8761208743075922,40.626144269498354,25806.042267715085,-0.9581709090288745,-1.7424246973982171,11.720981325521786
20,15,2.5,3.0,200,London_NY,3718,-18862.153018622575,126493.98023158473,145356.13325021073,0.8702349010195712,40.586336740182894,19530.502132740934,-0.965779215015781,-1.5366980105834083,12.304195804195803
20,15,2.5,5.0,0,24h,5802,-28719.69142891645,189107.5043177996,217827.19574672752,0.868153784331315,33.02309548431575,31952.586936729484,-0.8988221043192962,-1.7538886735986836,15.07738710789383
20,15,2.5,5.0,0,London_NY,3830,-19875.14141845484,136657.9845842627,156533.12600272257,0.8730291668862847,34.07310704960835,20860.535625346998,-0.9527627562115503,-1.4167088304966837,15.595822454308093
20,15,2.5,5.0,100,24h,5067,-26209.266816054325,170023.29067382676,196232.55748988996,0.8664377249559441,33.333333333333336,28350.982406177514,-0.924457094310195,-1.6837258649444033,15.18156700217091
20,15,2.5,5.0,100,London_NY,3545,-21098.136605396998,125699.56067592016,146797.6972813213,0.8562774689512402,34.104372355430186,21774.80925815963,-0.9689240606087485,-1.5659043409408209,15.691960507757404
20,15,2.5,5.0,200,24h,4497,-21655.36591970996,154041.7185686375,175697.08448835416,0.8767460144100908,33.600177896375364,22956.26781005634,-0.9433312984013673,-1.4567664781067617,15.272848565710474
20,15,2.5,5.0,200,London_NY,3171,-18399.60487409156,114556.21319754439,132955.81807163882,0.8616111341274256,34.24787133396405,19268.96798095553,-0.9548827364432178,-1.4231024352734511,15.82876064333018
20,15,3.0,0.0,0,24h,4517,-22299.71084681545,152688.7208984347,174988.43174526145,0.8725646568494914,31.370378569847244,29983.422237720515,-0.7437346767828722,-1.2420596607709875,21.800752711976976
20,15,3.0,0.0,0,London_NY,3100,-15813.404889785701,117376.61440429612,133190.01929408655,0.8812718477435304,32.225806451612904,19654.2534877216,-0.8045792682822905,-1.0281092662454145,22.32677419354839
20,15,3.0,0.0,100,24h,3934,-18630.393547708893,139342.91718749824,157973.31073521552,0.8820661954794103,31.443823080833756,25716.63166852463,-0.7244492120059097,-1.087222014009391,22.039654295882055
20,15,3.0,0.0,100,London_NY,2878,-15995.12432337963,109529.06552734323,125524.18985072679,0.872573371376426,32.17512161223072,18525.635100444888,-0.863404910906159,-1.0735144571559432,22.421820708825575
20,15,3.0,0.0,200,24h,3480,-16360.500871928241,125743.25415038949,142103.75502232337,0.8848693275602479,31.896551724137932,19791.29656459086,-0.8266512918208326,-1.001852048347312,22.15
20,15,3.0,0.0,200,London_NY,2571,-14224.7458217062,99960.00957031231,114184.75539202073,0.8754234243190185,32.3998444185142,15337.307746232016,-0.9274604159390918,-0.992247488156892,22.564760793465577
20,15,3.0,3.0,0,24h,6924,-37047.82511857753,221801.5294433573,258849.35456195037,0.8568749565503498,41.58001155401502,40944.561056078615,-0.904828972713518,-2.256053937281003,12.581166955517041
20,15,3.0,3.0,0,London_NY,4443,-23788.987430242934,156231.06243722048,180020.04986747043,0.8678536782554874,42.29124465451272,24718.137193078095,-0.962410202857222,-1.700688734381548,13.097231600270087
20,15,3.0,3.0,100,24h,6056,-34335.845919359665,198881.04062499886,233216.88654437088,0.8527728998181295,41.7107001321004,37204.98759416508,-0.9228828751106642,-2.199359869828259,12.67569352708058
20,15,3.0,3.0,100,London_NY,4109,-23967.780807056715,144625.88917061916,168593.66997768194,0.8578370065125484,42.00535410075444,24384.292428150875,-0.982918855557469,-1.7774320540078432,13.223898758822097
20,15,3.0,3.0,200,24h,5381,-28854.000652200913,178632.2688476555,207486.26949986615,0.8609353731128254,42.14829957257015,30218.85242396486,-0.9548344274423353,-1.9517770887041967,12.68834789072663
20,15,3.0,3.0,200,London_NY,3669,-20096.8724993005,130024.66002371641,150121.53252302125,0.8661293142859239,42.354865085854456,20717.428295896683,-0.9700466782009286,-1.5748539014448477,13.28236576723903
20,15,3.0,5.0,0,24h,5673,-28360.635850302806,193884.36217563986,222244.99802595633,0.872390217542695,34.56724836946942,34769.38325892528,-0.8156784271697615,-1.674128883162989,16.333157059756743
20,15,3.0,5.0,0,London_NY,3764,-19070.789875137078,141419.39670758857,160490.18658273204,0.881171613783921,35.680127523910734,22028.15922153837,-0.8657459610374669,-1.3082270155079871,16.844845908607862
20,15,3.0,5.0,100,24h,4959,-25460.06570172656,174266.42294224194,199726.4886439791,0.8725253426593765,34.8255696713047,31003.2820940262,-0.8212054976796239,-1.5855151564044043,16.461786650534382
20,15,3.0,5.0,100,London_NY,3482,-19579.50282156585,130321.94725516115,149901.45007673255,0.8693841666538321,35.72659391154509,21269.683433313017,-0.9205356949929978,-1.3985967350584918,16.997702469844917
20,15,3.0,5.0,200,24h,4402,-22633.148590956975,157943.35430036177,180576.50289132705,0.8746617182824381,34.98409813721036,25507.122495812484,-0.8873266121912681,-1.464246262663575,16.498182644252612
20,15,3.0,5.0,200,London_NY,3120,-18132.867919920092,118788.53420410122,136921.40212402513,0.8675673222839265,35.705128205128204,18954.43770926194,-0.9566555441029837,-1.3448866588885149,17.01698717948718
20,20,1.5,0.0,0,24h,5025,-23206.18966238544,136766.80996093593,159972.99962332676,0.8549368348594311,21.671641791044777,25938.534957447133,-0.8946607701805758,-1.370002138519921,17.68278606965174
20,20,1.5,0.0,0,London_NY,3466,-15071.357899691282,105285.86059570276,120357.21849539607,0.874778113950267,23.08136180034622,16931.064055522707,-0.8901601134026298,-1.0615449495678277,18.088286208886323
20,20,1.5,0.0,100,24h,4374,-18764.760892157145,124591.66459960848,143356.42549176933,0.8691041519221041,22.1307727480567,20598.26201520426,-0.9109875812972111,-1.166878963269613,17.76474622770919
20,20,1.5,0.0,100,London_NY,3217,-14601.63811906921,98471.01147460927,113072.64959368014,0.8708649866122269,23.15822194591234,15562.202286200962,-0.9382758205126606,-1.0559274815484363,18.060926328877834
20,20,1.5,0.0,200,24h,3852,-13349.783417617944,113208.31567382757,126558.09909144831,0.894516561852162,22.455867082035308,15477.29069300868,-0.8625400712831631,-0.8631802196319244,18.03271028037383
20,20,1.5,0.0,200,London_NY,2864,-10984.871819195054,90298.56752929703,101283.43934849293,0.891543258307022,23.533519553072626,12063.901627021733,-0.910557144679481,-0.8226345133572466,18.37255586592179
20,20,1.5,3.0,0,24h,7586,-38780.101935682454,192980.97533482057,231761.07727051037,0.8326720673185952,31.45267598207224,39948.11462053199,-0.9707617569453649,-2.7547527187255847,8.51080938571052
20,20,1.5,3.0,0,London_NY,4803,-23377.025001741553,135891.87842145652,159268.90342320083,0.8532229173473486,32.10493441599001,24281.062676127673,-0.9627677879487977,-1.9444352879636164,9.088902769102644
20,20,1.5,3.0,100,24h,6616,-33376.47212262507,173345.54302804082,206722.0151506717,0.8385441816716809,31.801692865779927,34487.09123360469,-0.9677960920665464,-2.4969894125418204,8.575574365175331
20,20,1.5,3.0,100,London_NY,4435,-23014.26939173894,125559.94415457592,148574.21354631725,0.8450991673291492,31.92784667418264,23709.243338446613,-0.9706876370204227,-1.9847023699733983,9.20563697857948
20,20,1.5,3.0,200,24h,5883,-25711.047689380644,157250.90831473193,182961.9560041169,0.8594732574415284,32.27944926058134,26848.895335167603,-0.9576203180211825,-2.027009268267639,8.62536121026687
20,20,1.5,3.0,200,London_NY,3964,-17289.801018413284,114663.10277274014,131952.90379115517,0.8689699087957928,32.51765893037336,18033.482763669992,-0.9587610582491076,-1.5661939413825714,9.310040363269424
20,20,1.5,5.0,0,24h,6327,-32179.70830077798,172096.34374302352,204276.05204380763,0.8424695015454721,24.830093251145883,33440.67043456728,-0.9622925582112177,-2.103735163426342,11.93535640904062
20,20,1.5,5.0,0,London_NY,4124,-19291.98300781042,124352.13290666831,143644.11591448126,0.8656959744922761,26.163918525703203,21290.921962191023,-0.90611308622847,-1.4733966972588666,12.584384093113481
20,20,1.5,5.0,100,24h,5525,-28046.779349187986,154937.12648925703,182983.90583845042,0.8467254307384016,25.32126696832579,29357.905852397023,-0.9553399173019698,-1.9281863671984119,11.929049773755656
20,20,1.5,5.0,100,London_NY,3817,-19498.645390971928,114707.59834333145,134206.2437343053,0.8547113394397934,26.303379617500656,20328.829371859327,-0.9591622338059169,-1.548377406074596,12.638459523185748
20,20,1.5,5.0,200,24h,4888,-22305.642320031056,139601.4875348769,161907.12985491156,0.8622318711966347,25.409165302782323,23688.52910156032,-0.9416220916207847,-1.6165002474402619,12.097585924713584
20,20,1.5,5.0,200,London_NY,3412,-16183.149794222667,104220.95014299676,120404.09993722088,0.8655930337699292,26.37749120750293,17177.83070940132,-0.9420950798732536,-1.3459040873024555,12.794841735052755
20,20,2.0,0.0,0,24h,4536,-18842.123332865543,146680.36323241962,165522.48656529147,0.8861657788989326,25.83774250440917,25592.928055243246,-0.7362238229324191,-1.0575477184442652,22.025352733686066
20,20,2.0,0.0,0,London_NY,3191,-13265.378982978254,113849.91728515559,127115.29626813658,0.8956429369837676,27.04481353807584,16705.995138112277,-0.7940490149380708,-0.8843425753438385,22.349733625822626
20,20,2.0,0.0,100,24h,3952,-15606.684619138332,133109.7683593737,148716.45297851635,0.8950574445088655,26.265182186234817,21026.309556359585,-0.7422455461005024,-0.9240611816432555,22.16826923076923
20,20,2.0,0.0,100,London_NY,2975,-14477.73507254313,106214.66665039022,120692.4017229356,0.8800443535312122,27.025210084033613,16003.238846259716,-0.9046753105185875,-0.9924126814861579,22.28840336134454
20,20,2.0,0.0,200,24h,3482,-11136.526660154419,120152.57861328048,131289.10527343772,0.9151755460823422,26.708788052843193,16150.180538502678,-0.689560505754378,-0.6884756224772106,22.434807581849512
20,20,2.0,0.0,200,London_NY,2654,-12238.426436940732,96414.93159179682,108653.35802873876,0.8873626488957214,27.392614920874152,13663.58524692956,-0.8956965698070288,-0.872151352609543,22.496608892238132
20,20,2.0,3.0,0,24h,7131,-35741.9902413468,212621.39729352534,248363.3875348809,0.8560899390360592,37.14766512410601,36763.39015066633,-0.9722169281686602,-2.3054007867319397,11.039405412985555
20,20,2.0,3.0,0,London_NY,4586,-22276.992281666382,150247.966842215,172524.95912388532,0.8708766986829203,37.52725686873092,23328.381713864954,-0.9549308886876756,-1.6799986589669875,11.608155255124291
20,20,2.0,3.0,100,24h,6221,-31062.651618300464,190860.49511021128,221923.14672851865,0.8600296901147193,37.46986015110111,32025.15231235775,-0.9699454764595802,-2.1096647586782336,11.165568236617908
20,20,2.0,3.0,100,London_NY,4240,-22635.25967842994,138721.25195661245,161356.51163504575,0.8597189574249754,37.193396226415096,23218.715244836254,-0.97487132426347,-1.7697481149037932,11.757547169811321
20,20,2.0,3.0,200,24h,5526,-23643.07593470726,172061.45613839242,195704.53207310455,0.8791899416724781,38.05646036916395,24695.747896900484,-0.9573743639355282,-1.699194021893181,11.248642779587405
20,20,2.0,3.0,200,London_NY,3783,-17502.393645366523,125464.1189034597,142966.51254882864,0.8775769700656915,37.774253238170765,18173.421320450292,-0.9630764255529215,-1.4430972267153326,11.913031985196932
20,20,2.0,5.0,0,24h,5848,-28351.36556919323,188292.5472865502,216643.9128557507,0.8691338002740107,29.59986320109439,32042.88475167117,-0.8847944181341098,-1.7318049286262238,15.127906976744185
20,20,2.0,5.0,0,London_NY,3898,-16422.70651157731,138089.38907296266,154512.09558454348,0.8937124860713904,30.656747049769113,20245.943872068383,-0.8111603299579592,-1.1613514696331628,15.645202668034889
20,20,2.0,5.0,100,24h,5111,-24699.444412664743,169092.54940708593,193791.99381975678,0.8725466211176739,30.072392878106047,28176.963040594554,-0.8765829155214581,-1.589563459594617,15.17432987673645
20,20,2.0,5.0,100,London_NY,3616,-17992.891451588628,126999.10825544051,144991.99970703188,0.8759042465243085,30.641592920353983,20111.897077286198,-0.894639197010872,-1.3231177949208033,15.75
20,20,2.0,5.0,200,24h,4523,-20746.475258089253,151700.99237583653,172447.46763392998,0.8796939407534016,30.134866239221754,23483.80645577347,-0.8834374996728332,-1.4068064367132411,15.377625469820916
20,20,2.0,5.0,200,London_NY,3234,-17304.290468050895,114235.79888044077,131540.08934849367,0.8684485425412168,30.457637600494742,18227.652165874664,-0.9493428067739594,-1.3315779006456294,15.893630179344466
20,20,2.5,0.0,0,24h,4255,-17948.132620672324,151786.25566405998,169734.38828473995,0.8942575349517808,28.625146886016452,25629.26093749775,-0.7002984855647049,-0.977248314702516,25.210105757931846
20,20,2.5,0.0,0,London_NY,3025,-14793.175833564117,118167.56220703042,132960.73804059793,0.8887402698603358,29.818181818181817,17258.689773993912,-0.8571436202448618,-0.9509067221842074,25.6003305785124
20,20,2.5,0.0,100,24h,3705,-15514.588963097442,137474.60937499843,152989.19833810162,0.8985902983240921,29.01484480431849,21395.801435196172,-0.72512305790873,-0.89004201080389,25.426450742240213
20,20,2.5,0.0,100,London_NY,2817,-16350.604096329316,109903.7588378901,126254.36293422217,0.8704947400126628,29.747958821441248,17335.67372872361,-0.9431767321069198,-1.0815477343610043,25.564430244941427
20,20,2.5,0.0,200,24h,3277,-12359.528421454688,124073.86201171784,136433.39043317616,0.9094097978345564,29.356118400976502,16360.328144180803,-0.7554572446550127,-0.7394842470752675,25.661580714067746
20,20,2.5,0.0,200,London_NY,2516,-13838.000486536168,100175.66757812478,114013.66806466256,0.8786285826828272,30.047694753577108,15680.786010741047,-0.8824813040020695,-0.9498928903734327,25.901430842607315
20,20,2.5,3.0,0,24h,6857,-32134.688106859903,225811.4368024535,257946.12490932413,0.8754209309476274,41.125856788683095,35714.03257009979,-0.8997776446494995,-1.9535427247718262,13.054688639346654
20,20,2.5,3.0,0,London_NY,4460,-19916.709097723782,161176.06920340352,181092.77830113226,0.8900193078676499,41.681614349775785,21276.29407958763,-0.9360985998417728,-1.4095892594153208,13.737668161434978
20,20,2.5,3.0,100,24h,5976,-29245.94345354024,201651.37418387178,230897.31763742064,0.8733378813023981,41.28179384203481,31187.810405619155,-0.9377363486944551,-1.872231248831622,13.223895582329316
20,20,2.5,3.0,100,London_NY,4120,-21012.162658689347,148541.72910156217,169553.89176025565,0.8760738403551122,41.286407766990294,21529.81772983905,-0.9759563653698626,-1.5416130051519255,13.908495145631067
20,20,2.5,3.0,200,24h,5312,-22677.061319402983,181301.89696916792,203978.9582885775,0.8888264676431605,41.75451807228916,24009.819522528138,-0.9444911194823999,-1.5371738340631074,13.313817771084338
20,20,2.5,3.0,200,London_NY,3680,-15741.469238279453,134050.38991001662,149791.8591482991,0.8949110497206803,41.84782608695652,16479.384563335483,-0.9552219124312569,-1.2211789578091221,14.116032608695653
20,20,2.5,5.0,0,24h,5556,-24756.367115998437,198070.0101562485,222826.3772722563,0.8888983996461078,33.0093592512599,30190.228046523316,-0.8200125907578019,-1.4488981957821108,17.565694744420444
20,20,2.5,5.0,0,London_NY,3751,-17032.37586146574,144885.57638462554,161917.9522460956,0.8948086013613678,34.04425486536923,20124.4882498586,-0.8463507568489557,-1.150569245535753,18.19168221807518
20,20,2.5,5.0,100,24h,4854,-22288.492703680262,177570.67792619858,199859.17062988633,0.8884790093272067,33.47754429336629,26392.116748044384,-0.8445132657020322,-1.3727556001956036,17.677791512154922
20,20,2.5,5.0,100,London_NY,3474,-18832.15979178113,133163.44790387788,151995.6076956628,0.8761006316084337,33.99539435808866,19753.33440638784,-0.9533661205923382,-1.321123564025998,18.30023028209557
20,20,2.5,5.0,200,24h,4307,-19934.58569858864,159749.14133998263,179683.727038577,0.8890573674803922,33.31785465521244,21793.922389437015,-0.9146855413347001,-1.284889412831021,17.83050847457627
20,20,2.5,5.0,200,London_NY,3110,-17161.76943533606,120937.40388881121,138099.17332414986,0.8757286591784579,33.79421221864952,18310.521086773144,-0.9372627547849034,-1.2507221271243756,18.486173633440515
20,20,3.0,0.0,0,24h,4110,-18816.881696425455,154369.15288085677,173186.03457729123,0.8913487352351342,30.364963503649633,28470.83703961829,-0.6609177549027105,-1.0060936749314413,27.342579075425792
20,20,3.0,0.0,0,London_NY,2941,-16596.412918524908,120839.65883788964,137436.0717564188,0.8792426711093477,31.417885073104387,19948.924260601118,-0.8319452568829799,-1.0364441775419473,27.789187351241075
20,20,3.0,0.0,100,24h,3581,-15340.698824634641,140323.56074218574,155664.25956682727,0.9014500896523668,30.77352694777995,24067.858639088437,-0.6373935901268725,-0.859842723315556,27.626082099972074
20,20,3.0,0.0,100,London_NY,2734,-16811.157795059687,112589.00546874938,129400.16326381253,0.8700839522065388,31.49231894659839,18364.72365024966,-0.915404887937486,-1.083044566144232,27.924286759326996
20,20,3.0,0.0,200,24h,3178,-14732.32804129247,126018.96171874893,140751.28976004614,0.8953307776688015,30.77407174323474,18994.56577497042,-0.7756075193203733,-0.8643926442652443,27.66928886091882
20,20,3.0,0.0,200,London_NY,2447,-15732.509866767636,102481.76337890595,118214.27324567588,0.8669153103528011,31.548835308541072,16980.82438267191,-0.9264868131385824,-1.0491878366961023,28.059664895790764
20,20,3.0,3.0,0,24h,6690,-33831.05095563184,232166.74781668335,265997.79877232754,0.872814545414337,43.54260089686099,39192.13097795413,-0.8632102953182633,-1.9707291533841742,14.548281016442452
20,20,3.0,3.0,0,London_NY,4387,-20575.77430594079,166786.14117954735,187361.91548549433,0.8901816612376597,44.28994757237292,22552.70126604131,-0.9123418992350476,-1.3947227575929089,15.226578527467518
20,20,3.0,3.0,100,24h,5839,-31764.93843470629,207098.9095458973,238863.8479806136,0.8670165506280617,43.500599417708514,35245.94499511412,-0.9012366795417068,-1.94988259439223,14.70714163384141
20,20,3.0,3.0,100,London_NY,4054,-21539.824665176424,153706.38670828645,175246.21137346828,0.8770882149384778,43.88258510113468,21956.33628627038,-0.9810300035641918,-1.5161404754109913,15.444005920078936
20,20,3.0,3.0,200,24h,5189,-26431.16829310543,185711.48890903956,212142.65720215288,0.875408516883397,43.84274426671806,27935.27197614145,-0.9461575428970006,-1.7132110818253508,14.763923684717671
20,20,3.0,3.0,200,London_NY,3618,-17592.970410154427,138157.93067103767,155750.90108119612,0.8870441821650401,44.19568822553897,18281.03424246474,-0.9623618760741655,-1.3067179097095583,15.593698175787727
20,20,3.0,5.0,0,24h,5397,-25135.97160644195,204110.34486606988,229246.3164725229,0.8903538691778029,34.92681119140263,33699.86134904834,-0.7458775971240539,-1.410579717596793,19.284046692607003
20,20,3.0,5.0,0,London_NY,3672,-19266.258994836007,149299.80723702512,168566.06623186675,0.8857049973015303,35.86601307189542,23853.800069752586,-0.8076809119929812,-1.2485765707159833,19.947167755991288
20,20,3.0,5.0,100,24h,4713,-21870.137123323086,183210.9249058303,205081.062029162,0.8933585729128815,35.49755994058986,29426.098315427123,-0.7432224581353112,-1.2939402549675891,19.48716316571186
20,20,3.0,5.0,100,London_NY,3398,-19731.701262553823,137443.65002441357,157175.35128697217,0.8744605874840242,35.903472630959385,22410.72614048376,-0.880457917287632,-1.3304607190755862,20.156268393172454
20,20,3.0,5.0,200,24h,4184,-21832.757090538842,163956.73028041224,185789.48737095803,0.8824865852234511,35.06214149139579,25111.11886509273,-0.8694458103533101,-1.3483594405300128,19.564053537284895
20,20,3.0,5.0,200,London_NY,3047,-19359.736254881143,124769.89721679667,144129.63347168113,0.8656783078638142,35.60879553659337,20309.66100725309,-0.9532279365946726,-1.350632239630405,20.21037085658024
30,5,1.5,0.0,0,24h,5313,-31012.447086003496,104641.98632812462,135654.4334141338,0.7713864095297751,27.573875399962358,33042.77350725132,-0.9385546004241363,-2.586590284218458,6.859589685676642
30,5,1.5,0.0,0,London_NY,3416,-19559.356687707234,76181.19580078225,95740.55248849004,0.7957045768034479,29.127634660421545,21501.20707484467,-0.9096864478176527,-1.8970272326357627,6.9543325526932085
30,5,1.5,0.0,100,24h,4895,-27015.00602503843,99931.29057617176,126946.2966012149,0.7871934294396375,27.844739530132788,28694.728524341568,-0.9414623317353137,-2.3029550402928605,6.902349336057202
30,5,1.5,0.0,100,London_NY,3289,-18632.854040525377,73818.95000000104,92451.80404052683,0.7984587295629412,29.12739434478565,20590.94030761553,-0.9049054468694683,-1.8308924469067396,6.974764366068714
30,5,1.5,0.0,200,24h,4364,-22937.660733465455,91117.4528320317,114055.1135654999,0.798889676960468,28.230980751604033,24895.898067799055,-0.9213429726856718,-2.053986774883238,6.937213565536205
30,5,1.5,0.0,200,London_NY,2955,-16252.243425640167,67326.04545898543,83578.28888462544,0.8055446738317986,29.712351945854483,18460.407815986164,-0.8803837698301663,-1.6841859689291099,7.033164128595601
30,5,1.5,3.0,0,24h,6604,-39487.316817797066,131033.46550990449,170520.78232771053,0.7684310599635975,30.542095699576013,40411.23735002416,-0.9771370392788395,-3.49789091392658,4.855693519079345
30,5,1.5,3.0,0,London_NY,4195,-25011.062805173413,93479.69748186419,118490.7602870403,0.7889197204525689,31.799761620977353,25844.03647983892,-0.9677692114652712,-2.5756690911829296,4.953754469606674
30,5,1.5,3.0,100,24h,6111,-35221.236492044205,124813.8124476837,160035.04893973548,0.7799154827308168,30.846015382097857,36088.31609235171,-0.9759733982021048,-3.1965967181588746,4.859433807887416
30,5,1.5,3.0,100,London_NY,4037,-23816.358499579193,90576.29137137318,114392.64987095486,0.7918016714671033,31.80579638345306,24739.784934777635,-0.9626744356253337,-2.487347413318183,4.972008917513004
30,5,1.5,3.0,200,24h,5476,-29115.707639854518,114471.58383440271,143587.2914742628,0.7972264304109469,31.39152666179693,30091.050142993994,-0.9675869569687796,-2.7720671254024687,4.845690284879474
30,5,1.5,3.0,200,London_NY,3642,-19872.650692311152,83207.17665318136,103079.8273454939,0.8072110595829275,32.39978034047227,20944.87423444303,-0.9488073535257305,-2.177400407023049,4.9824272377814385
30,5,1.5,5.0,0,24h,5842,-35353.75656214732,115879.06674107083,151232.82330322493,0.7662296068409099,28.44916124614858,36891.87294572759,-0.958307446579277,-3.0357008908200034,5.944539541252995
30,5,1.5,5.0,0,London_NY,3730,-22311.25435093264,83347.66212332646,105658.91647426054,0.7888369945912771,29.839142091152816,24107.62864990045,-0.92548523436065,-2.248771266408709,6.07774798927614
30,5,1.5,5.0,100,24h,5391,-31157.753642923362,110413.29286063024,141571.0465035594,0.7799143651725017,28.807271378222964,32405.243425638902,-0.9615034589825506,-2.7427199223715863,5.9671675013912076
30,5,1.5,5.0,100,London_NY,3588,-21222.701559010264,80601.34720633432,101824.04876534583,0.7915747623833015,29.87736900780379,23023.686997766185,-0.9217768449106063,-2.1761260111265424,6.101170568561873
30,5,1.5,5.0,200,24h,4816,-26578.006677243167,100517.93869628907,127095.94537353632,0.7908823401160894,29.194352159468437,27932.3907871768,-0.9515120592342778,-2.4628110721051253,5.985049833887043
30,5,1.5,5.0,200,London_NY,3228,-18440.713574217058,73449.26560058672,91889.97917480428,0.7993174692189515,30.390334572490705,20254.138867185942,-0.9104664333122133,-1.9979839670262258,6.143122676579925
30,5,2.0,0.0,0,24h,5122,-32534.391406245828,108729.53569335869,141263.92709961248,0.769690733690901,29.636860601327605,34432.29687499655,-0.9448800794312124,-2.590163543598569,7.723740726278797
30,5,2.0,0.0,0,London_NY,3298,-20913.03688615856,79249.8876464852,100162.92453264525,0.7912098015933625,31.140084899939357,22942.18158481972,-0.9115539779353942,-1.9293121704123495,7.8080654942389325
30,5,2.0,0.0,100,24h,4715,-28173.04889787575,103928.4408691403,132101.4897670223,0.7867317851784354,29.94697773064687,29950.36551339004,-0.9406579323808353,-2.2910876687699617,7.782820784729586
30,5,2.0,0.0,100,London_NY,3176,-19901.030210656412,76858.94072265715,96759.97093331478,0.7943257938308698,31.10831234256927,21966.63991350289,-0.9059660598534804,-1.8594180779136824,7.827770780856423
30,5,2.0,0.0,200,24h,4203,-24015.17053571126,94343.60341796897,118358.7739536841,0.7970985189056395,30.430644777539854,26074.50696846863,-0.9210210787399475,-2.0733677555887136,7.823697359029265
30,5,2.0,0.0,200,London_NY,2856,-17634.70037667257,69618.73642578232,87253.43680245487,0.797891051368003,31.722689075630253,19946.212583703873,-0.8841127257953814,-1.7626452588400698,7.87359943977591
30,5,2.0,3.0,0,24h,6442,-40957.011261853535,137586.0731759199,178543.08443778532,0.7706043256123023,33.095312014902206,41667.03553292027,-0.9829595683497627,-3.44024767480643,5.573424402359516
30,5,2.0,3.0,0,London_NY,4099,-26077.164892575725,98097.98826032388,124175.15315290361,0.7899969178176128,34.34984142473774,26976.00699288313,-0.966679942641454,-2.552409076005717,5.663576482068797
30,5,2.0,3.0,100,24h,5959,-36334.33554687085,131216.0031180239,167550.33866490464,0.78314376541161,33.52911562342675,37212.869388249885,-0.976391666221352,-3.12402770020699,5.581137774794429
30,5,2.0,3.0,100,London_NY,3945,-24942.200282503305,95121.3776541576,120063.57793666438,0.792258395833712,34.3979721166033,25909.742668803963,-0.9626571981563674,-2.4745301961187827,5.6752851711026615
30,5,2.0,3.0,200,24h,5339,-29848.390583143948,120312.22209123841,150160.6126743898,0.80122356953967,34.20116126615471,30869.952277480465,-0.9669075713122581,-2.6939942143575335,5.571455328713242
30,5,2.0,3.0,200,London_NY,3561,-20952.395724049435,87224.89513113875,108177.2908551904,0.8063142868672946,35.074417298511655,22129.148618860025,-0.946823399531617,-2.1834280660570635,5.678180286436394
30,5,2.0,5.0,0,24h,5668,-36830.00575822663,121437.47942591985,158267.48518415622,0.7672926582779662,30.557515878616798,38087.95846818821,-0.9669724301182421,-3.013750123187347,6.724417784050812
30,5,2.0,5.0,0,London_NY,3624,-23478.95522809485,87322.35367954837,110801.30890764594,0.788098575192216,31.84326710816777,25209.00057547261,-0.9313719184464206,-2.2528743785047043,6.836920529801325
30,5,2.0,5.0,100,24h,5229,-32291.074839560737,115904.20325055734,148195.27809012623,0.7821045632781175,30.923694779116467,33426.40165317779,-0.9660350274792705,-2.706432111932549,6.759036144578313
30,5,2.0,5.0,100,London_NY,3489,-22378.34236537172,84588.99043317568,106967.33279854977,0.7907927422335664,31.785611923187158,24177.53785225842,-0.9255840070282988,-2.1827198780407615,6.85353969618802
30,5,2.0,5.0,200,24h,4668,-27876.37346888621,104804.11643066384,132680.48989955563,0.7898984734681391,31.405312767780636,29149.599354768747,-0.9563209816235693,-2.4719326042745626,6.7939160239931455
30,5,2.0,5.0,200,London_NY,3139,-19969.083244975925,76454.32519531311,96423.40844029022,0.7929021223374106,32.33513857916534,21833.54024134898,-0.9146058323220486,-2.070293642319026,6.8920038228735265
30,5,2.5,0.0,0,24h,5049,-35049.64959018795,110053.68730468671,145103.3368948844,0.7584504234000605,30.560507031095266,36749.87378452474,-0.9537352371791615,-2.7198458162347166,8.118637353931472
30,5,2.5,0.0,0,London_NY,3255,-23295.276349746367,80314.18422851634,103609.46057826486,0.7751626519457492,31.920122887864824,25334.069689939533,-0.9195236547011317,-2.0911723112454235,8.193241167434715
30,5,2.5,0.0,100,24h,4649,-31093.302980255394,105070.34106445269,136163.64404471597,0.7716475407337638,30.75930307593031,32940.50607909838,-0.9439230504107197,-2.464627986151242,8.186921918692192
30,5,2.5,0.0,100,London_NY,3134,-22412.513080703488,77853.3361816415,100265.84926234669,0.7764691243769092,31.90810465858328,24506.025078472,-0.9145715394045028,-2.0382039758848634,8.217932354818124
30,5,2.5,0.0,200,24h,4146,-26238.379070169583,95568.80566406257,121807.18473423715,0.7845908750996723,31.23492522913652,28383.03077741093,-0.9244389464937549,-2.2051584140200333,8.22407139411481
30,5,2.5,0.0,200,London_NY,2820,-19371.226335796193,70708.28271484478,90079.50905064122,0.784954130634679,32.4468085106383,21780.653175570347,-0.8893776591384954,-1.8807470803765696,8.260283687943263
30,5,2.5,3.0,0,24h,6381,-41795.35650459871,140400.3115094856,182195.66801409883,0.7706018098005547,34.27362482369534,42420.80540596675,-0.985256081411409,-3.3996980247125466,5.916470772606175
30,5,2.5,3.0,0,London_NY,4063,-27156.283973909172,99915.96147112182,127072.24544503585,0.7862925623230583,35.34334235786365,28320.140269250158,-0.958903582952776,-2.5788946660652834,5.999507752891952
30,5,2.5,3.0,100,24h,5902,-37487.03138601673,133703.91829310756,171190.94967913642,0.7810221191231728,34.6662148424263,38327.204457306514,-0.9780789367973427,-3.122710529781822,5.941714672992206
30,5,2.5,3.0,100,London_NY,3909,-26017.754692729046,96861.40644182493,122879.16113455834,0.7882655248252975,35.43105653619852,27253.57556500918,-0.9546547252366107,-2.506590517001592,6.022000511639806
30,5,2.5,3.0,200,24h,5290,-30126.19403947734,122817.53234514462,152943.72638463104,0.8030243230524967,35.311909262759926,31217.395675220367,-0.9650450778439152,-2.6381349675352976,5.9245746691871455
30,5,2.5,3.0,200,London_NY,3530,-21009.20444161346,89049.94012276818,110059.14456438432,0.8091098697453004,36.09065155807365,22539.2375226684,-0.9321169103650405,-2.129394758765077,6.01728045325779
30,5,2.5,5.0,0,24h,5603,-39430.88726283007,123233.37803083047,162664.26529367227,0.7575934259952318,31.554524361948957,40664.99377092239,-0.9696518702291116,-3.1332315508896347,7.088880956630376
30,5,2.5,5.0,0,London_NY,3586,-26226.74722551361,88466.95302385636,114693.70024937353,0.7713322774616784,32.68265476854434,27959.70670165828,-0.9380193971762268,-2.4416767036195823,7.170942554378137
30,5,2.5,5.0,100,24h,5168,-35432.096081538686,117319.04829799027,152751.144379539,0.7680403886630727,31.84984520123839,36651.21458391125,-0.9667372959883377,-2.88371611689206,7.132933436532508
30,5,2.5,5.0,100,London_NY,3451,-25256.21196463202,85626.90241699264,110883.1143816277,0.7722267082279952,32.657200811359026,27082.27517612822,-0.932573493193593,-2.390325292512773,7.19182845552014
30,5,2.5,5.0,200,24h,4615,-30117.922293523145,106471.62527552979,136589.54756906006,0.7795005340485328,32.351029252437705,31550.405086841638,-0.9545970078870423,-2.5811007315736196,7.166197183098592
30,5,2.5,5.0,200,London_NY,3107,-21912.753030829466,77797.32784598274,99710.0808768138,0.7802353298870249,33.1509494689411,23859.054209680267,-0.9184250489668977,-2.1891417742167776,7.227550691985839
30,5,3.0,0.0,0,24h,5023,-34219.68788713253,110865.54194335853,145085.2298305019,0.7641407886445709,30.897869798924944,36133.20937499622,-0.9470425815762763,-2.636994069393601,8.294246466255226
30,5,3.0,0.0,0,London_NY,3237,-22894.227413501874,80985.23940429755,103879.46681780185,0.7796077693230814,32.252085264133456,25101.422373742513,-0.912068928709415,-2.034924202204331,8.380290392338585
30,5,3.0,0.0,100,24h,4625,-30395.00488280823,105882.19570312451,136277.2005859416,0.7769619220813914,31.113513513513514,32395.295793802652,-0.9382536611572756,-2.391759586344542,8.365837837837837
30,5,3.0,0.0,100,London_NY,3116,-21967.837915036514,78524.3913574227,100492.22927246123,0.7813976456281225,32.25288831835687,24239.476656666775,-0.9062835071150155,-1.9791372522801658,8.403401797175865
30,5,3.0,0.0,200,24h,4128,-26257.14441266388,96309.60991210942,122566.754324779,0.7857727035579888,31.564922480620154,28460.569618440462,-0.9225797222150848,-2.185099884135242,8.385416666666666
30,5,3.0,0.0,200,London_NY,2805,-19309.0393415161,71335.68740234479,90644.72674386116,0.7869811070634172,32.76292335115865,21798.232024272904,-0.8858075884326297,-1.853181369763348,8.431729055258467
30,5,3.0,3.0,0,24h,6360,-42266.018659313966,141248.5250313885,183514.5436907183,0.7696857273036529,34.65408805031446,43196.01606096095,-0.9784702968825988,-3.394362222041392,6.063993710691824
30,5,3.0,3.0,0,London_NY,4051,-27742.49130510325,100646.15986676916,128388.65117187797,0.7839178848606404,35.76894593927425,29071.916971258994,-0.9542711384505522,-2.595657191344297,6.145149345840533
30,5,3.0,3.0,100,24h,5883,-38235.894011574565,134552.13181501042,172788.02582659855,0.7787121310711671,35.067142614312424,39206.52327706083,-0.9752431691372603,-3.141488566401299,6.09060003399626
30,5,3.0,3.0,100,London_NY,3897,-26712.283426336624,97591.60483747227,124303.88826381392,0.7851050051656522,35.873749037721325,28113.694726560432,-0.9501520054957479,-2.535338288215634,6.166538362843212
30,5,3.0,3.0,200,24h,5274,-31335.53743372937,123500.17079031766,154835.70822405716,0.7976207310758383,35.7034508911642,32479.42613350709,-0.9647811295964481,-2.701778198504434,6.064656806977625
30,5,3.0,3.0,200,London_NY,3519,-21776.069799802586,89665.29150390656,111441.36130371218,0.8045961612003365,36.51605569764138,23383.036474607557,-0.9312763901920936,-2.1745099340634773,6.1537368570616655
30,5,3.0,5.0,0,24h,5581,-39360.65025808657,123992.53953682928,163353.18979492903,0.759045719844758,31.840172012184198,40817.028843466935,-0.9643193386033666,-3.099077645861684,7.242608851460312
30,5,3.0,5.0,0,London_NY,3572,-26290.145190427036,89058.44172363309,115348.5869140641,0.7720809080217217,32.95072788353863,28212.434674942266,-0.9318637506240265,-2.4232269759786753,7.325867861142218
30,5,3.0,5.0,100,24h,5148,-35470.412461630614,118078.20980398908,153548.62226563084,0.7689955667574806,32.148407148407145,36840.24350585595,-0.9628169926724943,-2.859178454474599,7.287490287490288
30,5,3.0,5.0,100,London_NY,3437,-25265.76968470726,86218.3911167694,111484.1608014801,0.7733689745424781,32.93569973814373,27279.537974328505,-0.9261802640676573,-2.368730504066806,7.344486470759383
30,5,3.0,5.0,200,24h,4601,-30710.57759137456,107167.186928013,137877.76451939563,0.7772622895473296,32.64507715713975,32210.8086669895,-0.9534246069036939,-2.600002010077522,7.30471636600739
30,5,3.0,5.0,200,London_NY,3096,-22237.017375835007,78345.16605747823,100582.18343331509,0.7789169352186537,33.39793281653747,24284.012785991596,-0.9157060479173601,-2.1964714026114502,7.3659560723514215
30,10,1.5,0.0,0,24h,4691,-25912.312751113193,109526.99799804624,135439.3107491636,0.8086795288030704,25.303773182690257,27354.716564938914,-0.9472703798483338,-1.8995568293196308,11.22703048390535
30,10,1.5,0.0,0,London_NY,3157,-16792.57363106679,83120.21718750049,99912.79081856813,0.8319276892028638,26.259106746911623,18328.105266460556,-0.9162198376171645,-1.3858264288319266,11.435223313272093
30,10,1.5,0.0,100,24h,4329,-22805.64358258664,105184.6531738278,127990.29675641784,0.8218174020957844,25.548625548625548,24008.676653178674,-0.9498917375592729,-1.6994811562374685,11.288519288519288
30,10,1.5,0.0,100,London_NY,3038,-15789.725615581405,80982.56816406304,96772.29377964512,0.836836298914894,26.596445029624753,17424.418725584495,-0.9061837794564217,-1.3177502916936514,11.521395655036207
30,10,1.5,0.0,200,24h,3844,-17728.967051476706,97135.60107421887,114864.56812569758,0.8456532998750519,26.144640998959417,19004.478897528978,-0.9328836190179296,-1.3689420090017719,11.472944849115505
30,10,1.5,0.0,200,London_NY,2728,-12814.568031527497,74965.46171875074,87780.0297502784,0.8540149955749244,27.052785923753667,14505.834223282696,-0.8834078643308483,-1.1062591020351102,11.734237536656892
30,10,1.5,3.0,0,24h,6314,-36502.54930070805,145895.37904227083,182397.9283429851,0.7998741014641675,30.931263858093125,37541.18622697783,-0.9723334015076116,-3.0162415419489945,6.866803927779538
30,10,1.5,3.0,0,London_NY,4095,-23643.709725514072,104450.56633649574,128094.27606201192,0.815419467189385,31.99023199023199,24455.29628906051,-0.9668134642920078,-2.2772847886520955,7.147985347985348
30,10,1.5,3.0,100,24h,5857,-33386.96362827529,139239.20512695282,172626.1687552336,0.8065938445542395,31.29588526549428,34403.01932023995,-0.9704660895456086,-2.8191501401899135,6.856411131978829
30,10,1.5,3.0,100,London_NY,3942,-22596.51334577086,101534.29182826476,124130.80517403746,0.8179620819014967,32.242516489091834,23453.782322473082,-0.9634485830508968,-2.204197924579866,7.188229325215627
30,10,1.5,3.0,200,24h,5250,-27068.569161548796,127815.23608398419,154883.80524553693,0.8252330570091495,32.0,28111.853388320764,-0.9628881023118381,-2.396236106399319,6.855428571428572
30,10,1.5,3.0,200,London_NY,3558,-18342.307193427398,93503.616019113,111845.92321254188,0.8360037928376449,32.88364249578415,19249.336504253297,-0.9528799701420626,-1.8727784371898657,7.249578414839798
30,10,1.5,5.0,0,24h,5426,-32233.683190914857,127930.3577253062,160164.0409162264,0.7987458170602727,26.61260597124954,33694.310573030045,-0.9566506226934253,-2.5224663031049186,8.91964614817545
30,10,1.5,5.0,0,London_NY,3571,-22364.613026644325,92562.60374232712,114927.21676897311,0.8054019434612831,27.723326799215904,23310.16624406925,-0.9594360157055722,-2.0504433647172107,9.205264631755812
30,10,1.5,5.0,100,24h,5016,-29212.53356758926,121813.4312116346,151025.9647792283,0.8065727730308033,26.993620414673046,30334.168212888235,-0.9630240513790511,-2.3418918286740698,8.940590111642743
30,10,1.5,5.0,100,London_NY,3434,-21079.629561940183,89931.59724818665,111011.22681012825,0.8101126330402973,28.13046010483401,22162.45088064859,-0.9511416257822872,-1.9638002946721804,9.271986022131625
30,10,1.5,5.0,200,24h,4482,-23982.56979457073,112006.64806431337,135989.21785888736,0.8236435934247367,27.46541722445337,25146.79681221885,-0.9537027707209841,-2.0113601736872746,9.019187862561356
30,10,1.5,5.0,200,London_NY,3093,-17941.703276714405,82607.28910784081,100548.9923845561,0.8215625751067093,28.483672809569995,19044.71968296457,-0.942082822713489,-1.7530647618810813,9.40122858066602
30,10,2.0,0.0,0,24h,4400,-26483.184465677637,116206.71411132718,142689.89857701032,0.8144004254695713,28.75,28346.40469447294,-0.934269610242367,-1.8382461824387923,13.351136363636364
30,10,2.0,0.0,0,London_NY,2977,-17407.996351839683,88252.82817382853,105660.82452566965,0.8352464460694043,29.660732280819616,19645.224434987365,-0.8861184767549274,-1.3620497490791486,13.548202888814242
30,10,2.0,0.0,100,24h,4052,-22746.367933869922,111599.1197265618,134345.4876604363,0.8306875182040584,29.14610069101678,24542.34337332366,-0.9268213547445565,-1.6069612776508981,13.485192497532083
30,10,2.0,0.0,100,London_NY,2867,-16310.957882252724,86068.9755371098,102379.9334193638,0.8406820815614146,30.066271363794908,18385.352483257608,-0.8871713445312563,-1.2903813541296336,13.63271712591559
30,10,2.0,0.0,200,24h,3603,-18650.960156247653,102368.47114257791,121019.43129882848,0.8458845826981578,29.752983624757146,20271.6574358242,-0.9200510720592368,-1.3758350083529978,13.641687482653346
30,10,2.0,0.0,200,London_NY,2579,-14253.876876393608,78958.37436523492,93212.25124162911,0.8470815082081363,30.476929042264445,16519.751025389396,-0.862838480706317,-1.1772766967378414,13.797595967429235
30,10,2.0,3.0,0,24h,6044,-36583.981699912736,157062.96439383307,193646.94609375385,0.8110789638675288,35.27465254798147,37369.60224957841,-0.9789770160137431,-2.8002914144653968,8.446393117140966
30,10,2.0,3.0,0,London_NY,3946,-23729.165726141902,112378.860710798,136108.0264369431,0.8256593211485697,36.137861125190064,24565.56910574599,-0.9659522083122246,-2.1266913662680302,8.712873796249367
30,10,2.0,3.0,100,24h,5606,-32996.10802176014,149995.2744349883,182991.38245675556,0.8196849076782898,35.71173742418837,33985.69607979634,-0.9708822189278482,-2.581893145215322,8.450053514092044
30,10,2.0,3.0,100,London_NY,3803,-22699.87373046679,109404.04829101569,132103.92202148528,0.8281665420442422,36.33973179069156,23627.670964702542,-0.9607325988404954,-2.0578715482070136,8.728635287930581
30,10,2.0,3.0,200,24h,5021,-26825.799201308655,137157.7943324494,163983.59353376325,0.8364116883693578,36.58633738299144,27900.158747207453,-0.9614927084955626,-2.2076521202250703,8.453893646683927
30,10,2.0,3.0,200,London_NY,3430,-18881.446742464854,100052.85846121669,118934.3052036836,0.841244738344155,37.05539358600583,19939.23343331324,-0.9469494805612185,-1.7992238725972862,8.781632653061225
30,10,2.0,5.0,0,24h,5154,-32410.39682616855,137704.50590820197,170114.902734378,0.8094793794945614,30.325960419091967,33479.1419712583,-0.9680772838799973,-2.3686156881586484,10.704501358168413
30,10,2.0,5.0,0,London_NY,3411,-21862.31384974697,100099.26410086479,121961.57795061442,0.8207442522709711,31.398416886543536,23106.726241627955,-0.9461450151411275,-1.8708062149084919,10.989152741131633
30,10,2.0,5.0,100,24h,4761,-28470.91579589543,131375.7175955627,159846.63339146442,0.8218860466946686,30.83385843310229,29548.961791989732,-0.9635166201884445,-2.1341191865799765,10.769166141566897
30,10,2.0,5.0,100,London_NY,3285,-20440.058053151086,97427.52918178002,117867.58723493351,0.8265845722928696,31.78082191780822,21651.999665177183,-0.9440263425657051,-1.777250894662899,11.04474885844749
30,10,2.0,5.0,200,24h,4254,-24854.668066403683,119823.22106584776,144677.88913225598,0.8282068655032176,31.335213916314057,25966.23419363631,-0.9571918623646611,-1.9521464265643511,10.844851904090268
30,10,2.0,5.0,200,London_NY,2961,-18832.585717771864,88781.923566546,107614.50928431934,0.8249995670377743,32.08375548801081,20272.329122487565,-0.9289798722181049,-1.718567455918606,11.152988855116515
30,10,2.5,0.0,0,24h,4243,-27153.470418872115,119898.62236328014,147052.0927821592,0.8153479497969213,30.709403723780344,28514.30138636725,-0.9522754933022575,-1.8212733906953744,14.718123968889937
30,10,2.5,0.0,0,London_NY,2883,-19144.362770296495,91006.47934570338,110150.84211600205,0.8261986708178104,31.425598335067637,21149.991352188925,-0.9051711866688372,-1.4463624227647203,14.917100242802636
30,10,2.5,0.0,100,24h,3912,-24250.046810474007,114860.92563476476,139110.97244524467,0.8256784034773034,30.9560327198364,25921.68880091841,-0.9355118409420463,-1.6520454002021643,14.850204498977506
30,10,2.5,0.0,100,London_NY,2777,-18029.524366976257,88660.17495117224,106689.69931815035,0.8310096993223893,31.832913215700398,20084.629572403792,-0.8976777142929615,-1.378205023247723,15.003240907454089
30,10,2.5,0.0,200,24h,3475,-19123.248378206095,105686.92319335898,124810.17157156883,0.8467813309010301,31.68345323741007,20860.379694473748,-0.9167258054881979,-1.3598149434202313,15.013812949640288
30,10,2.5,0.0,200,London_NY,2494,-14403.475631276347,81688.51967773488,96091.99530901208,0.8501074352243535,32.43785084202085,16836.97737862596,-0.8554668280044807,-1.1512945265210301,15.218123496391339
30,10,2.5,3.0,0,24h,5930,-36217.46367535882,163589.02885393333,199806.49252930298,0.8187373031931977,37.8752107925801,36867.96691196649,-0.9823558690350096,-2.6644734427575623,9.416188870151771
30,10,2.5,3.0,0,London_NY,3875,-24285.96819196204,116815.37913992736,141101.34733189383,0.8278828044438028,38.68387096774194,25072.451872905396,-0.9686315608489304,-2.087289100805587,9.717677419354839
30,10,2.5,3.0,100,24h,5499,-33314.003271480826,155766.153104073,189080.15637556338,0.8238101559144052,38.20694671758501,34222.66289759742,-0.973448599577551,-2.501197904896494,9.440989270776505
30,10,2.5,3.0,100,London_NY,3735,-23240.45826938958,113714.10319475447,136954.5614641481,0.8303053361572224,38.84872824631861,24069.233058382728,-0.965567046237707,-2.022701080027195,9.744042838018743
30,10,2.5,3.0,200,24h,4922,-25973.397012762107,142882.18454938565,168855.58156215498,0.8461798137054259,39.17106867127184,27047.756558661,-0.9602791623930499,-2.0488503017078252,9.430312880942706
30,10,2.5,3.0,200,London_NY,3367,-17921.101794431845,104382.98083844876,122304.08263288336,0.8534709438259076,39.70893970893971,19016.698767088266,-0.9423876359364464,-1.641003991022703,9.805464805464805
30,10,2.5,5.0,0,24h,5018,-32639.125238905384,143112.75961565168,175751.88485456654,0.8142886190613347,32.56277401355121,33603.91864362128,-0.9712892590013745,-2.298748115797052,11.815862893583102
30,10,2.5,5.0,0,London_NY,3332,-23902.738251602197,103359.24677036804,127261.98502197397,0.8121769179737476,33.403361344537814,24887.594747487252,-0.9604278153080867,-1.96945983687467,12.098739495798318
30,10,2.5,5.0,100,24h,4638,-29790.359858046344,136067.01549595324,165857.37535400776,0.820385678993957,33.00991806813282,30805.637909804813,-0.9670424597363937,-2.1476065990100435,11.895213454075034
30,10,2.5,5.0,100,London_NY,3208,-22644.8481305783,100358.99038434691,123003.8385149285,0.8159012889030022,33.85286783042394,23662.92653808441,-0.9569758032309502,-1.8979634616150118,12.168329177057357
30,10,2.5,5.0,200,24h,4140,-24420.347961422995,124836.90342145594,149257.2513828846,0.8363875273383939,33.64734299516908,25568.809219794166,-0.9550835062947677,-1.8369631912159043,11.973188405797101
30,10,2.5,5.0,200,London_NY,2889,-18987.97388741462,92214.06306849892,111202.03695591568,0.8292479669689481,34.30252682589131,20423.801175361437,-0.9296983320774318,-1.6635663049865825,12.303565247490482
30,10,3.0,0.0,0,24h,4170,-24883.860177172704,122168.01987304568,147051.88005022673,0.8307817610445934,31.918465227817745,28067.78500278747,-0.8865630178762391,-1.6351550598859521,15.501438848920863
30,10,3.0,0.0,0,London_NY,2829,-17469.13025948444,92851.42441406263,110320.55467354972,0.8416511745143042,32.90915517850831,19467.325320869117,-0.8973564663635328,-1.2978137622826167,15.792152704135738
30,10,3.0,0.0,100,24h,3849,-22502.93672572219,116939.22216796783,139442.15889369723,0.8386217130868983,32.08625617043388,25265.092065427387,-0.8906730546418663,-1.50221319367251,15.623278773707458
30,10,3.0,0.0,100,London_NY,2725,-16401.021815706594,90435.22016601592,106836.24198172489,0.8464844746362897,33.28440366972477,18483.889627509805,-0.8873144206237169,-1.2343496984830473,15.873394495412844
30,10,3.0,0.0,200,24h,3421,-19308.734643551907,107297.120507812,126605.85515136861,0.8474894022833992,32.70973399590763,20991.42576380972,-0.9198391219733699,-1.351380356198754,15.760888629055831
30,10,3.0,0.0,200,London_NY,2445,-13616.537266321156,83256.01562500047,96872.5528913225,0.8594386453137258,33.74233128834356,16016.612587191752,-0.8501508787950643,-1.0686876821820521,16.06993865030675
30,10,3.0,3.0,0,24h,5869,-35085.05897041995,167404.91044921777,202489.96941965056,0.826731866911784,39.06968819219629,36279.67319684361,-0.9670720786281066,-2.515217782170654,9.992162208212644
30,10,3.0,3.0,0,London_NY,3836,-23807.810588725282,119595.28166503894,143403.0922537697,0.8339797962891913,40.09384775808133,24634.950659177674,-0.9664241231128976,-1.988350836903522,10.294838373305527
30,10,3.0,3.0,100,24h,5447,-33038.636750135716,159142.26753975934,192180.90428990632,0.8280857462284185,39.3427574811823,33959.063378903105,-0.9728959948483386,-2.4192346418185653,10.013034697998899
30,10,3.0,3.0,100,London_NY,3697,-22864.362196565795,116417.19215262271,139281.55434919355,0.8358407019263479,40.24885041925886,23670.619464981442,-0.9659384804183755,-1.9361913733647862,10.319448201244253
30,10,3.0,3.0,200,24h,4878,-27145.40499790432,145626.7415771479,172772.1465750608,0.8428832104246643,40.28290282902829,28219.764543803336,-0.9619288267188987,-2.0793362646000157,9.991389913899138
30,10,3.0,3.0,200,London_NY,3331,-18013.765143692435,106673.83559570322,124687.60073939887,0.8555288173252688,41.098769138396875,19135.341866627892,-0.9413871604305387,-1.6008198390316417,10.371960372260583
30,10,3.0,5.0,0,24h,4952,-30591.440914477207,147147.11431710247,177738.55523159113,0.8278851717083646,33.703554119547654,32042.78980538184,-0.954705913569958,-2.1002062566153836,12.456785137318256
30,10,3.0,5.0,0,London_NY,3285,-22063.482997347026,106981.1158935544,129044.59889090613,0.8290243591209568,34.794520547945204,23059.08100237004,-0.9568240380039132,-1.756722503870755,12.778995433789955
30,10,3.0,5.0,100,24h,4581,-28022.83174176555,139925.0327532076,167947.86449498308,0.8331456501335117,34.09735865531543,29054.35900878634,-0.9644966434568786,-1.969053776942788,12.533944553590919
30,10,3.0,5.0,100,London_NY,3162,-20673.781072123915,103912.28716866605,124586.06824079421,0.8340602495604017,35.230866540164456,21688.202975026426,-0.9532270191278365,-1.6761550518356223,12.849146110056926
30,10,3.0,5.0,200,24h,4092,-24125.58922990781,128548.68181152275,152674.27104143778,0.8419799939744462,34.65298142717498,25249.643314032426,-0.955482377705513,-1.7538934485257673,12.58919843597263
30,10,3.0,5.0,200,London_NY,2848,-17989.61638880973,95499.76515764512,113489.38154645727,0.8414863475007304,35.53370786516854,19453.572401644902,-0.9247461606223344,-1.5161012164546082,12.944171348314606
30,15,1.5,0.0,0,24h,4348,-22583.016352187853,111849.96035156184,134432.97670375314,0.8320128222559783,23.551057957681692,23987.311526923117,-0.9414567500339045,-1.5825564974676605,14.718721251149955
30,15,1.5,0.0,0,London_NY,3038,-14679.916132462122,87141.4735351566,101821.38966761956,0.8558267945430394,24.489795918367346,16422.222497557057,-0.8939055681803046,-1.1645666105520391,15.039499670836076
30,15,1.5,0.0,100,24h,4022,-19907.386314171923,107430.076757812,127337.46307198692,0.8436643401406482,23.769269020387867,21097.308312986523,-0.943598397427688,-1.4176456017557129,14.752113376429635
30,15,1.5,0.0,100,London_NY,2926,-13821.688562010186,84959.43486328164,98781.12342529255,0.8600776334310052,24.7095010252905,15606.72319858957,-0.8856239958980816,-1.1090302542464516,15.100136705399864
30,15,1.5,0.0,200,24h,3567,-14598.855657085189,99099.46977539049,113698.32543247778,0.8716000820455607,24.33417437622652,15755.313026644588,-0.9265988960293168,-1.0760610804671809,15.017381553125876
30,15,1.5,0.0,200,London_NY,2630,-10650.373700821829,78747.62607421922,89397.99977504127,0.8808656376247527,25.133079847908746,12543.667220632062,-0.849063795578369,-0.8827369166519232,15.382889733840303
30,15,1.5,3.0,0,24h,6191,-34280.96757986581,153546.50171595963,187827.46929583038,0.8174869325110384,31.158132773380714,35339.87657819173,-0.9700364262454902,-2.7441129891439746,8.032304958811178
30,15,1.5,3.0,0,London_NY,4065,-22616.910723003017,110060.75502929713,132677.6657523019,0.8295349063102403,31.95571955719557,23447.553683033777,-0.9645744297567469,-2.109462785650882,8.498646986469863
30,15,1.5,3.0,100,24h,5750,-31727.031206400523,145930.13353445855,177657.16474086378,0.8214142882856245,31.46086956521739,32753.653920198223,-0.9686562385894719,-2.5995116392637443,8.004000000000001
30,15,1.5,3.0,100,London_NY,3915,-21975.1973789741,106664.08879743333,128639.28617640899,0.8291719580219059,32.05619412515964,22850.8760689853,-0.9616785506442911,-2.07841613315807,8.52822477650064
30,15,1.5,3.0,200,24h,5151,-24548.560728234246,134187.49721330925,158736.05794154666,0.8453498149911394,32.16851096874393,25602.411976839227,-0.9588378138138576,-2.1076796171469123,8.020384391380315
30,15,1.5,3.0,200,London_NY,3533,-17261.466259763947,98414.79447544678,115676.26073521198,0.850777798745782,32.663458816869515,18187.45309012108,-0.9490865034390054,-1.7061641816244402,8.605434474950467
30,15,1.5,5.0,0,24h,5247,-30325.211064799227,135864.29279087542,166189.50385567933,0.8175263156743122,25.78616352201258,31434.529466027012,-0.9647101954420318,-2.2733671808989344,10.78521059653135
30,15,1.5,5.0,0,London_NY,3521,-21683.077251323655,98283.38425990516,119966.4615112304,0.8192571742286869,26.8389662027833,22848.584242464854,-0.9489899689725604,-1.9084540680598783,11.243964782732178
30,15,1.5,5.0,100,24h,4854,-28013.109272109697,128702.5357596256,156715.64503173926,0.8212488021445452,26.18459002884219,29144.820846119463,-0.9611693761994612,-2.1530172989306613,10.813143798928719
30,15,1.5,5.0,100,London_NY,3389,-20754.80049525505,95325.98010951458,116080.78060477113,0.821203816970167,27.11714370020655,21765.68921944598,-0.953555859683608,-1.8544678529105374,11.308055473591029
30,15,1.5,5.0,200,24h,4335,-22647.609322682103,118035.50864606563,140683.11796875042,0.8390168653518509,26.482122260668973,23774.566959052274,-0.9525981845090525,-1.8216963879355,10.903344867358708
30,15,1.5,5.0,200,London_NY,3053,-17626.66663818214,87326.7437290739,104953.41036725693,0.8320524642648283,27.317392728463805,18635.788432964517,-0.9458503299491554,-1.6513642555942527,11.464133639043563
30,15,2.0,0.0,0,24h,4011,-23779.867124718425,118777.66376953032,142557.53089425323,0.8331910845007381,27.225130890052355,25000.044119696522,-0.951193006334866,-1.583031570566565,17.942408376963353
30,15,2.0,0.0,0,London_NY,2841,-15357.041231862308,93391.37460937505,108748.41584123885,0.8587837706593956,28.01830341429074,17463.00884486478,-0.8794040802641087,-1.1536978491453256,18.235832453361493
30,15,2.0,0.0,100,24h,3693,-20040.123904852713,114201.93247070236,134242.05637555866,0.850716500879638,27.646899539669644,21484.03167550054,-0.9327915824898733,-1.3561974772442849,18.154887625236935
30,15,2.0,0.0,100,London_NY,2737,-14052.17070312353,91321.6320312501,105373.80273437501,0.8666445516961417,28.388746803069054,16172.997572543396,-0.8688661851393364,-1.0670877389236126,18.346729996346365
30,15,2.0,0.0,200,24h,3283,-15474.000439451209,104565.52846679646,120039.52890625026,0.8710924594552613,28.297289064879685,16875.34726562348,-0.9169589339932024,-1.0909478175393754,18.360036551934208
30,15,2.0,0.0,200,London_NY,2466,-11864.0234793515,83922.72861328161,95786.75209263369,0.8761412907300731,28.83211678832117,14165.731752230962,-0.8375157518765688,-0.9357614711046937,18.520681265206814
30,15,2.0,3.0,0,24h,5881,-34727.44608677144,167541.15914480964,202268.60523158772,0.8283102508814117,36.133310661452136,35455.551513669096,-0.979464275809757,-2.5439488192288984,10.172929773847985
30,15,2.0,3.0,0,London_NY,3903,-22692.766535293835,120119.43180454792,142812.19833984453,0.8411006426685238,36.74096848578017,23512.73774065112,-0.9651265108129183,-1.9486474871957715,10.651806302843966
30,15,2.0,3.0,100,24h,5458,-30938.030852396718,160036.0006138388,190974.0314662413,0.8379987550408317,36.58849395382924,31874.70339703995,-0.9706139212347866,-2.314934084125127,10.18688164162697
30,15,2.0,3.0,100,London_NY,3762,-21544.146759903313,117003.10787876675,138547.25463867263,0.8444996487581626,36.86868686868687,22366.475317381104,-0.963233878122998,-1.8712792348421898,10.671451355661883
30,15,2.0,3.0,200,24h,4886,-24392.861073518805,146098.07508719273,170490.93616071597,0.8569257602613612,37.31068358575522,25421.77621372552,-0.9595262293414734,-1.9207866298525498,10.21264838313549
30,15,2.0,3.0,200,London_NY,3393,-18006.027922710447,106753.8773856028,124759.9053083151,0.8556745624468487,37.37105806071323,18920.021121650265,-0.9516917453176661,-1.6422001946461298,10.740347774830532
30,15,2.0,5.0,0,24h,4929,-31163.964331051946,147157.4140869131,178321.37841797114,0.8252370825778826,29.803205518360723,32134.291099328017,-0.9698040088926573,-2.1735389445910553,13.337999594238182
30,15,2.0,5.0,0,London_NY,3350,-21298.639613558626,107989.35050223193,129287.99011579288,0.8352620410102635,30.80597014925373,22430.065478514138,-0.9495576209512491,-1.7333184121886114,13.795522388059702
30,15,2.0,5.0,100,24h,4549,-27693.638542826717,139738.76262206942,167432.40116490133,0.8345980924232407,30.402286216750934,28772.360832866183,-0.9625083844768393,-1.9810877867361396,13.465596834469114
30,15,2.0,5.0,100,London_NY,3227,-20276.961021203773,104722.39509626103,124999.35611746686,0.8377834762432634,31.11248837929966,21249.488975305518,-0.9542328780126459,-1.676421397181073,13.877285404400373
30,15,2.0,5.0,200,24h,4068,-23942.57124023224,127097.17133091467,151039.7425711506,0.841481646931719,30.678466076696164,25064.214296175665,-0.9552492233473057,-1.7978172007165965,13.524336283185841
30,15,2.0,5.0,200,London_NY,2911,-18908.505691962855,95177.0450683594,114085.55076032397,0.8342602935608524,31.226382686362076,19932.67644042841,-0.9486185033140716,-1.6401669054410593,13.956715905187222
30,15,2.5,0.0,0,24h,3808,-23879.27182791297,123473.02241210826,147352.2942400268,0.8379443499602331,29.595588235294116,24869.461908828867,-0.9601844991843441,-1.525280561213774,20.355304621848738
30,15,2.5,0.0,0,London_NY,2712,-16564.20548444314,97625.07504882803,114189.28053327328,0.854940801736476,30.457227138643066,18493.35869663653,-0.8956839996541973,-1.1914560283663709,20.772861356932154
30,15,2.5,0.0,100,24h,3513,-21183.11032017049,118352.93774413974,139536.04806431496,0.8481889761532339,29.746655280387134,22539.912205285684,-0.9398044733822424,-1.3740964758192946,20.578707657272986
30,15,2.5,0.0,100,London_NY,2615,-15731.00273786115,94977.13066406251,110708.13340192557,0.857905627577048,30.707456978967496,17729.475437708006,-0.8872796486918956,-1.1462121530402747,20.863479923518163
30,15,2.5,0.0,200,24h,3120,-16294.155107768695,108418.47402343698,124712.62913120868,0.8693463908083534,30.576923076923077,17651.449975584437,-0.9231057579012966,-1.1017077122110241,20.84070512820513
30,15,2.5,0.0,200,London_NY,2352,-12444.682055662908,87556.16855468773,100000.85061035151,0.8755542379918958,31.292517006802722,14764.200857978722,-0.84289574324896,-0.9424132505934549,21.181547619047617
30,15,2.5,3.0,0,24h,5711,-33272.10401959759,176825.77551269444,210097.87953230116,0.8416352221465836,39.572754333741905,33856.07039620244,-0.9827515015838827,-2.3125473396679825,11.769567501313256
30,15,2.5,3.0,0,London_NY,3812,-21653.09194161356,127352.10915527334,149005.2010968905,0.85468230785087,40.24134312696747,22458.63201904115,-0.9641322732059269,-1.7597763340290582,12.330535152151102
30,15,2.5,3.0,100,24h,5299,-30474.791191752003,168264.5963762549,198739.38756801476,0.8466595295241591,39.83770522740139,31321.5135672407,-0.9729667478019233,-2.160228108006105,11.803925268918663
30,15,2.5,3.0,100,London_NY,3675,-20730.683375765388,123904.95813685819,144635.64151262704,0.8566696067513966,40.244897959183675,21499.661800709742,-0.9642329990084323,-1.7060089495860464,12.337687074829931
30,15,2.5,3.0,200,24h,4743,-23868.475170895872,153583.5133579795,177451.9885288815,0.8654933350210542,40.58612692388783,24889.919203401783,-0.9589615368310915,-1.7796194861489225,11.819945182374024
30,15,2.5,3.0,200,London_NY,3313,-16335.465448868383,113185.18207310274,129520.64752197367,0.8738775186705304,40.83911862360399,17255.13791678133,-0.9467015289968488,-1.4128243157584346,12.440386356776335
30,15,2.5,5.0,0,24h,4734,-29852.05104457016,154361.32873186277,184213.37977644082,0.8379485188274264,32.59400084495142,30713.395268901044,-0.9719554215094206,-1.9935052071863206,15.255809040980143
30,15,2.5,5.0,0,London_NY,3240,-22033.776916502204,113143.95791364367,135177.73483014893,0.8370014341178986,33.67283950617284,23213.25639822678,-0.9491894001646975,-1.7123926230452382,15.807407407407407
30,15,2.5,5.0,100,24h,4373,-27769.43528878076,145780.1006417401,173549.5359305277,0.8399913019651993,32.975074319689,28785.38963448441,-0.9647059025914121,-1.8997226693324174,15.417333638234622
30,15,2.5,5.0,100,London_NY,3120,-21466.97728620087,109154.51173618832,130621.48902239218,0.8356550867175935,33.97435897435897,22541.134685405996,-0.9523467911355599,-1.6981405255004367,15.913141025641025
30,15,2.5,5.0,200,24h,3909,-23058.85371791065,133361.66444266125,156420.518160577,0.8525842134454243,33.333333333333336,24207.99127022698,-0.9525306523994977,-1.6486184942145106,15.490918393451011
30,15,2.5,5.0,200,London_NY,2813,-18414.865996441164,100151.44362444193,118566.30962088508,0.8446871960903182,34.198364735158194,19795.00743059309,-0.9302783068412026,-1.5188636509585802,16.06754354781372
30,15,3.0,0.0,0,24h,3698,-20210.969625415626,127082.82275390494,147293.7923793273,0.8627846476152041,31.233098972417523,23552.367818775838,-0.8581289907209897,-1.2414075812423646,21.996214169821528
30,15,3.0,0.0,0,London_NY,2640,-14497.270350863235,100392.67216796854,114889.94251883445,0.8738160187651822,32.121212121212125,16394.20726492605,-0.8842922452175443,-1.0161979696161636,22.508333333333333
30,15,3.0,0.0,100,24h,3418,-18740.701820588893,121606.7878417959,140347.48966239052,0.8664692766099639,31.304856641310707,21632.520762414544,-0.8663207596754029,-1.1678480418910258,22.17290813341135
30,15,3.0,0.0,100,London_NY,2547,-14148.5196498309,97459.7278320312,111608.24748186453,0.8732305186305129,32.312524538672946,16356.883939033283,-0.864988692379699,-1.005960286367999,22.55908912446015
30,15,3.0,0.0,200,24h,3038,-16362.516099328268,111232.37373046808,127594.88982980013,0.8717619794871241,31.994733377221856,18412.24168526626,-0.888675935229646,-1.0634726886329933,22.35747202106649
30,15,3.0,0.0,200,London_NY,2291,-12153.537813893934,89786.11635742204,101939.65417131704,0.8807771331706689,32.69314709733741,14356.533231025573,-0.8465510174579755,-0.895549869226944,22.767350501964206
30,15,3.0,3.0,0,24h,5620,-32676.669276642588,182317.3254813049,214993.99475795816,0.8480112464841593,41.530249110320284,34173.955144388696,-0.9561863453785225,-2.1906945836932743,12.83896797153025
30,15,3.0,3.0,0,London_NY,3759,-21688.769053429864,130957.26748744409,152646.03654087873,0.8579146269046666,42.245277999467945,22455.948360768205,-0.9658362543851122,-1.7020803847191222,13.377494014365524
30,15,3.0,3.0,100,24h,5221,-31292.741601559243,173257.12548130515,204549.86708287368,0.8470165635018955,41.67783949434974,32410.83200334545,-0.9655025702002713,-2.137728720090607,12.845814977973568
30,15,3.0,3.0,100,London_NY,3625,-21153.18821498124,127372.64453124994,148525.83274623568,0.8575790633597922,42.206896551724135,21868.816507392177,-0.967276313641891,-1.6804666898273217,13.366620689655173
30,15,3.0,3.0,200,24h,4675,-26391.336408340016,157821.28702218152,184212.6234305287,0.8567343761959938,42.35294117647059,27946.498660712037,-0.9443521612044262,-1.8846078488518858,12.828021390374332
30,15,3.0,3.0,200,London_NY,3266,-17660.619635880073,116012.40826939174,133673.02790527497,0.8678819511113482,42.65156154317208,18580.29210379305,-0.9505027981920031,-1.4707471909650718,13.416717697489284
30,15,3.0,5.0,0,24h,4628,-26672.482983395366,159890.58489815737,186563.0678815622,0.8570323521891395,34.33448573898012,28874.121365789917,-0.9237504631048945,-1.7235212752057114,16.5609334485739
30,15,3.0,5.0,0,London_NY,3178,-19337.319234791717,117999.47984444711,137336.79907924312,0.8591978307020363,35.4625550660793,20303.956811522017,-0.9523916650481764,-1.442735386764376,17.158904971680304
30,15,3.0,5.0,100,24h,4279,-25281.340516877808,150885.49663085834,176166.8371477444,0.8564920564721068,34.65763028745034,26814.314404294662,-0.9428300174189302,-1.6728933239134263,16.710446365973358
30,15,3.0,5.0,100,London_NY,3060,-18881.296194892155,113764.43254394492,132645.72873884114,0.857656206691204,35.71895424836601,19905.16374511583,-0.9485627165224951,-1.4342725763307738,17.25457516339869
30,15,3.0,5.0,200,24h,3828,-22394.227542547844,138412.69825962547,160806.9258021795,0.8607384139032492,35.005224660397076,24208.600833563993,-0.9250525338704989,-1.5338790019694577,16.73171368861024
30,15,3.0,5.0,200,London_NY,2762,-17111.088288224055,104516.26253836488,121627.35082659141,0.8593154568282718,35.84359160028964,18511.98654436259,-0.9243248015127179,-1.3481397035086593,17.312092686459085
30,20,1.5,0.0,0,24h,4127,-21602.397073797965,111691.84350585875,133294.2405796596,0.8379345050479448,21.565301671916647,23242.364835028602,-0.9294405809016887,-1.4543306913162803,17.584928519505695
30,20,1.5,0.0,0,London_NY,2951,-13983.518613977309,89208.46118164083,103191.97979561899,0.8644902574630918,23.043036258895288,15712.847262135881,-0.8899417388008454,-1.0645208970411355,18.05286343612335
30,20,1.5,0.0,100,24h,3819,-18730.81340854988,107455.60644531205,126186.41985386441,0.8515623675650329,21.864362398533647,20029.81539655237,-0.9351465821184711,-1.280078945709372,17.606703325477874
30,20,1.5,0.0,100,London_NY,2841,-12858.091080146463,87121.3162109378,99979.4072910849,0.8713926054521264,23.336853220696938,14681.512456402048,-0.8758015305527694,-0.9889561591024927,18.137627595916932
30,20,1.5,0.0,200,24h,3379,-13262.095826937457,99081.90708007803,112344.00290701719,0.8819510122145489,22.521456052086418,14703.768561661464,-0.901952160857386,-0.9358581308950746,17.97691624741048
30,20,1.5,0.0,200,London_NY,2552,-9874.256248254913,80567.56567382853,90441.82192208365,0.8908220108971061,23.90282131661442,11948.534441265589,-0.8263989443050919,-0.7828484030469702,18.487460815047022
30,20,1.5,3.0,0,24h,6131,-32257.527655898306,158710.89561941946,190968.42327532204,0.831084495003677,31.299951068341215,33218.63880266163,-0.9710671122777518,-2.511941737954188,8.688305333550808
30,20,1.5,3.0,0,London_NY,4046,-20885.97921142389,114483.79209681936,135369.77130824482,0.8457116458897839,31.883341571922887,21716.62217145456,-0.9617508213997245,-1.885063552033947,9.302026693030152
30,20,1.5,3.0,100,24h,5695,-29990.433532712053,150595.76915457562,180586.2026872919,0.8339273261941914,31.589113257243195,31017.05624650969,-0.9669013491919254,-2.3904966899220454,8.652151009657596
30,20,1.5,3.0,100,London_NY,3897,-20231.117088098083,110942.6494594031,131173.76654750278,0.8457685738499149,31.97331280472158,21106.795778109197,-0.9585120025219878,-1.8509438240609595,9.326661534513729
30,20,1.5,3.0,200,24h,5100,-22690.061383926302,138465.09292340957,161155.15430733876,0.859203625962487,32.372549019607845,23743.912632531203,-0.955615939760449,-1.8950591555014185,8.70235294117647
30,20,1.5,3.0,200,London_NY,3516,-15252.40905587168,102467.18941824808,117719.59847412087,0.8704344114864966,32.707622298065985,16176.795544431909,-0.9428572558748568,-1.458068387994214,9.434015927189987
30,20,1.5,5.0,0,24h,5138,-29513.567386297767,139962.1270961212,169475.69448242287,0.8258536867104406,24.659400544959126,30725.185466654857,-0.9605659636563618,-2.1171438245514955,12.06734137796808
30,20,1.5,5.0,0,London_NY,3479,-19309.83416922267,103531.2138427735,122841.04801199744,0.8428063380952431,26.04196608220753,20677.969292339214,-0.9338360985174976,-1.5960392029127803,12.74274216728945
30,20,1.5,5.0,100,24h,4753,-27055.353597584177,132674.67410365478,159730.02770124236,0.8306182376165884,24.99474016410688,28187.065171593833,-0.9598499678089877,-1.9854740060689435,12.09762255417631
30,20,1.5,5.0,100,London_NY,3348,-18154.84496546997,100593.67791922452,118748.52288469565,0.8471151933140304,26.314217443249703,19185.710524203285,-0.9462690966053693,-1.5203572305741808,12.813620071684587
30,20,1.5,5.0,200,24h,4237,-21506.594967213437,121474.857875279,142981.45284249476,0.8495847220764573,25.37172527731886,22713.39437255675,-0.9468683814691555,-1.6507184848828846,12.287939579891432
30,20,1.5,5.0,200,London_NY,3019,-15434.828344725127,92048.81116071454,107483.63950544054,0.8563983466158612,26.565087777409737,16610.214003207235,-0.9292371754960439,-1.3524745133653207,13.004306061609805
30,20,2.0,0.0,0,24h,3748,-21349.848758368338,119775.80361328035,141125.65237165213,0.8487174486028429,25.586979722518677,22713.37433035546,-0.9399681635958059,-1.3652477023580374,21.880202774813235
30,20,2.0,0.0,0,London_NY,2736,-15310.230719864658,95955.61997070306,111265.85069056925,0.862399553638034,26.71783625730994,17351.660965400533,-0.8823495773916677,-1.1054721927062148,22.137426900584796
30,20,2.0,0.0,100,24h,3456,-17858.556229071808,114749.07094726489,132607.6271763395,0.8653278351378191,26.15740740740741,19455.713713726283,-0.9179080496272075,-1.1631132947803902,22.09085648148148
30,20,2.0,0.0,100,London_NY,2639,-14041.29498465267,93663.02387695314,107704.3188616071,0.869631086914016,27.169382341796133,16118.598542130476,-0.8711238106682668,-1.0248820920212907,22.272072754831374
30,20,2.0,0.0,200,24h,3066,-13349.20553850289,104867.27358398402,118216.47912248896,0.8870783021318602,26.875407697325507,15433.678104072289,-0.8649399999460016,-0.9034794799490508,22.359099804305284
30,20,2.0,0.0,200,London_NY,2377,-12008.4262137266,85876.37915039095,97884.80536411807,0.8773208347398003,27.76609171224232,14430.032945032479,-0.8321828688451114,-0.9077569200358034,22.466554480437527
30,20,2.0,3.0,0,24h,5788,-31578.56433453955,174603.97460239887,206182.5389369441,0.8468417136709974,36.90393918451969,32281.371909874604,-0.9782286955679207,-2.2339690306507274,11.259329647546648
30,20,2.0,3.0,0,London_NY,3879,-20760.007596259347,126324.89643554679,147084.9040318086,0.8588569796953992,37.17452951791699,21579.978801616533,-0.9620031505639958,-1.706494315792174,11.849703531838104
30,20,2.0,3.0,100,24h,5371,-28431.992525806556,166302.737266322,194734.72979213344,0.853996292514639,37.292869111897225,29368.66507044967,-0.968106396991616,-2.0557910574871636,11.267734127722957
30,20,2.0,3.0,100,London_NY,3738,-19892.669559150076,122707.08114536817,142599.7507045205,0.8604999695941143,37.239165329052966,20714.998116627758,-0.960302745245359,-1.6551385970467498,11.872659176029961
30,20,2.0,3.0,200,24h,4808,-21980.11363350781,151554.02523367715,173534.13886718862,0.873338388763184,38.061564059900164,23001.55766601349,-0.9555923973785941,-1.6727536991656933,11.319675540765392
30,20,2.0,3.0,200,London_NY,3370,-15989.09899902186,111974.00649762838,127963.10549665196,0.875049148448168,37.86350148367953,16901.491856164757,-0.9460170223488227,-1.3966085840661364,11.998813056379822
30,20,2.0,5.0,0,24h,4787,-29465.676039339058,153723.89620535634,183189.5722447005,0.8391520015124847,29.036975141006895,30498.34701799445,-0.9661401000504682,-1.9565884434291423,15.255901399623982
30,20,2.0,5.0,0,London_NY,3299,-18930.767536270818,114733.03291015605,133663.80044642912,0.8583702732299588,30.22127917550773,20228.45726492598,-0.9358483095542229,-1.4474120768207268,15.845710821461049
30,20,2.0,5.0,100,24h,4418,-25926.97248534934,145429.8424211767,171356.81490653026,0.8486959943816889,29.606156631960165,27051.659095980136,-0.95842448677028,-1.7689746585056696,15.390448166591218
30,20,2.0,5.0,100,London_NY,3178,-17858.09830496504,111109.19797014492,128967.29627511195,0.8615300248919517,30.490874764002516,18910.812792967372,-0.944332668324345,-1.3876295948959816,15.954373820012588
30,20,2.0,5.0,200,24h,3948,-22157.3641043507,132354.82947823624,154512.19358259003,0.8565979578012384,29.91388044579534,23320.84947683981,-0.9501096487225057,-1.5828626050316252,15.52051671732523
30,20,2.0,5.0,200,London_NY,2869,-16987.217347933918,100996.64685407368,117983.86420200916,0.8560208426564977,30.568142209829208,18177.651960099203,-0.934511090058367,-1.3793189885787196,16.07215057511328
30,20,2.5,0.0,0,24h,3519,-20655.460494556755,124974.05268554567,145629.51318010705,0.858164323676508,28.473998294970162,21691.153245324844,-0.9522527576540305,-1.2676725537626803,25.200056834327935
30,20,2.5,0.0,0,London_NY,2590,-16758.448067799924,100511.4681152341,117269.91618303595,0.8570950793411918,29.575289575289574,18795.757795060257,-0.8916080027485903,-1.1575081283091528,25.56679536679537
30,20,2.5,0.0,100,24h,3253,-18464.38026122839,119423.81923828038,137888.1994995127,0.8660916573843755,28.865662465416538,19649.277443148734,-0.9396976715633129,-1.1531668439218292,25.3934829388257
30,20,2.5,0.0,100,London_NY,2500,-16010.4786028167,97689.41958007796,113699.89818289648,0.8591865176777536,29.96,17961.272277830834,-0.8913888924549097,-1.119807656823281,25.6508
30,20,2.5,0.0,200,24h,2889,-14013.131706890188,109080.86416015572,123093.99586704829,0.8861590964840567,29.560401523018346,15792.029666572362,-0.887354697449205,-0.9095372574001815,25.703703703703706
30,20,2.5,0.0,200,London_NY,2251,-13116.054886299153,89839.76713867197,102955.82202497203,0.8726050200141304,30.56419369169258,15932.281429616714,-0.8232377104460104,-0.9497601202739819,26.015104398045313
30,20,2.5,3.0,0,24h,5590,-29932.3391462023,185834.68857770556,215767.02772391564,0.8612747301477872,40.93023255813954,30553.504704935942,-0.9796695807982613,-1.9906253416179438,13.286046511627907
30,20,2.5,3.0,0,London_NY,3776,-18282.436068287796,135996.40801478774,154278.8440830789,0.8814974523762564,41.498940677966104,19141.326341027758,-0.9551290094825349,-1.4091794753146392,14.066737288135593
30,20,2.5,3.0,100,24h,5189,-27790.816251043543,176522.12212262765,204312.938373678,0.8639791661151565,41.14472923492002,28637.53862653214,-0.970433130216571,-1.8862423978282088,13.322027365581036
30,20,2.5,3.0,100,London_NY,3640,-17758.76902552836,131970.02925153443,149728.79827706583,0.88139376506135,41.456043956043956,18527.747450472583,-0.9584958491581442,-1.386576633175403,14.08434065934066
30,20,2.5,3.0,200,24h,4641,-20927.297361535,160843.89189801863,181771.18925955897,0.8848701081464712,41.90907132083603,21993.159528457676,-0.9515366509507867,-1.494219832607434,13.395819866408102
30,20,2.5,3.0,200,London_NY,3279,-12845.296859303702,120632.67735421311,133477.97421351908,0.9037646702761769,42.14699603537664,14468.131846399272,-0.8878338264867658,-1.053336546115874,14.279048490393413
30,20,2.5,5.0,0,24h,4563,-26578.35284772335,163242.07562430142,189820.42847203164,0.8599815991267437,32.56629410475564,27739.701661897823,-0.9581340553575722,-1.6802138204908095,17.764409379793996
30,20,2.5,5.0,0,London_NY,3175,-19786.254534038613,121057.67042061909,140843.92495466053,0.8595164502806146,33.574803149606296,21468.549754114087,-0.9216390841792613,-1.4398016773788243,18.464881889763777
30,20,2.5,5.0,100,24h,4213,-24460.096229768766,153573.26384277258,178033.3600725473,0.8626094782471813,32.94564443389508,25518.528627230146,-0.9585229848898124,-1.5882476778770214,17.978162829337766
30,20,2.5,5.0,100,London_NY,3058,-19393.411363000712,116661.96110142267,136055.37246442604,0.8574594225003933,33.81294964028777,20929.373775807795,-0.9266121180088772,-1.4359911908194312,18.60137344669719
30,20,2.5,5.0,200,24h,3764,-20567.39139404092,139836.18968680204,160403.58108084736,0.8717772305614621,33.18278427205101,21790.45319126503,-0.943871667721239,-1.3940742759712839,18.102550478214663
30,20,2.5,5.0,200,London_NY,2760,-17228.723693846376,106686.1590750558,123914.88276890393,0.8609632409855159,33.8768115942029,19188.85286341954,-0.8978506332022674,-1.3260681581570153,18.796739130434784
30,20,3.0,0.0,0,24h,3382,-15808.968066403882,129555.55458984239,145364.52265625165,0.8912460359822922,30.573625073920756,21023.96163155541,-0.7519500055915148,-0.9308111238744209,27.711413364872858
30,20,3.0,0.0,0,London_NY,2504,-14629.977340260773,103892.96533203086,118522.9426722942,0.8765641739024825,31.549520766773163,16545.751768274607,-0.88421351565982,-0.9807802203033887,28.163338658146962
30,20,3.0,0.0,100,24h,3128,-14589.768052453226,123818.31923828027,138408.08729073804,0.8945887603965604,30.97826086956522,19305.983890205043,-0.7557122255683324,-0.872373293031873,27.89130434782609
30,20,3.0,0.0,100,London_NY,2417,-14159.961003765266,100828.56635742163,114988.52736118922,0.8768576193754539,31.940422010757135,16022.441249301424,-0.8837580231029174,-0.9624383373970592,28.23169218038891
30,20,3.0,0.0,200,24h,2786,-13008.453376114467,112645.56333007748,125654.01670619495,0.8964740346778255,31.442928930366115,15519.339676338035,-0.8382092052504104,-0.8100539614924228,28.035534816941855
30,20,3.0,0.0,200,London_NY,2178,-12680.60702427344,92731.06308593752,105411.67011021219,0.8797039548750477,32.41505968778696,15458.448660713255,-0.8203026903016771,-0.8894656142624858,28.433425160697887
30,20,3.0,3.0,0,24h,5454,-28562.594440566118,192130.48500278924,220693.07944336414,0.8705777520862187,43.454345434543455,31049.715049522845,-0.9198987621950834,-1.8249487170335807,14.892922625595892
30,20,3.0,3.0,0,London_NY,3703,-17546.387576728037,140357.82202148405,157904.20959821652,0.8888795452548173,44.153389143937346,18366.917079378818,-0.9553256815444537,-1.3031994176004769,15.668376991628408
30,20,3.0,3.0,100,24h,5067,-27886.53632114671,182224.24974539547,210110.78606655003,0.8672769882821635,43.59581606473258,29106.235944472814,-0.9580949035920352,-1.8159131757937077,14.899546082494574
30,20,3.0,3.0,100,London_NY,3572,-17692.06771065667,136087.22955147852,153779.29726213941,0.8849515635352256,44.06494960806271,18407.696003067496,-0.9611234185803822,-1.3307808333405786,15.669372900335947
30,20,3.0,3.0,200,24h,4534,-22602.903313334755,165648.18405761672,188251.08737095754,0.8799321500395865,44.24349360388178,24302.044140622827,-0.9300823907052402,-1.5423829959387712,14.932068813409792
30,20,3.0,3.0,200,London_NY,3216,-13953.787098910283,124010.96732352118,137964.7544224343,0.8988597692408599,44.527363184079604,15791.942110768718,-0.8836017128884373,-1.0996172168587461,15.800995024875622
30,20,3.0,5.0,0,24h,4424,-22675.9448869952,170435.84320242653,193111.78808942955,0.8825760710345562,34.83273056057866,27011.112824355958,-0.8395042823466446,-1.3772213258360284,19.681962025316455
30,20,3.0,5.0,0,London_NY,3101,-18317.606051198174,125958.09812360455,144275.7041748066,0.8730374864155356,35.730409545307964,19670.490970283216,-0.931222615585504,-1.28023273032016,20.442437923250562
30,20,3.0,5.0,100,24h,4087,-21667.679387553475,160409.28543526703,182076.96482282723,0.8809971409143146,35.233667726939075,24917.960274830508,-0.8695607163897712,-1.3486198117917405,19.88353315390262
30,20,3.0,5.0,100,London_NY,2986,-17992.688779992804,121317.7323939729,139310.42117396923,0.8708446315187917,35.96784996651038,19440.50577566823,-0.9255257547112012,-1.279908586865525,20.568318821165438
30,20,3.0,5.0,200,24h,3656,-20116.992944333877,145612.57503138907,165729.56797572804,0.8786155470622767,35.31181619256017,22185.247474886582,-0.9067734298256558,-1.3021856725802081,19.908643326039385
30,20,3.0,5.0,200,London_NY,2699,-17215.87905622073,111033.08540039058,128248.96445661371,0.8657620423746406,36.013338273434606,19138.48177315725,-0.8995425687510346,-1.2663463976524025,20.631715450166727
45,5,1.5,0.0,0,24h,4170,-23669.054704935796,87517.04736328173,111186.10206822018,0.7871221828568477,28.53717026378897,25200.790973770094,-0.9392187225222975,-2.1566437766692768,6.972901678657075
45,5,1.5,0.0,0,London_NY,2960,-17143.813241139596,66582.09067382921,83725.90391496856,0.7952388396003406,30.10135135135135,18838.431410433775,-0.9100446246094775,-1.7902069707159118,7.036148648648649
45,5,1.5,0.0,100,24h,4059,-22237.30996442251,86511.10024414111,108748.41020856611,0.7955159995279327,28.55383099285538,23773.933865790263,-0.9353651814612435,-2.0362614107017256,6.983493471298349
45,5,1.5,0.0,100,London_NY,2913,-16809.237726700452,65837.39140625106,82646.62913295122,0.7966131480128533,29.969104016477857,18440.29959542265,-0.9115490580680659,-1.7640192916812025,7.036388602814968
45,5,1.5,0.0,200,24h,3687,-17368.994651574256,81464.60317382879,98833.59782540442,0.8242602208789462,29.264985082723083,19138.67234584094,-0.907533936404358,-1.636487480584346,7.051532411174397
45,5,1.5,0.0,200,London_NY,2655,-12907.891749789385,62023.49013671972,74931.38188650846,0.8277371719990549,30.847457627118644,14736.241184778213,-0.8759283719597764,-1.3966975608932213,7.1231638418079095
45,5,1.5,3.0,0,24h,5204,-30500.365480256278,109332.49975585926,139832.86523612094,0.7818798504288749,31.418139892390467,31274.12877894552,-0.9752586777346086,-2.932855580234263,4.910453497309762
45,5,1.5,3.0,0,London_NY,3640,-20268.887651713954,82964.26826869478,103233.15592041025,0.8036591299471442,32.582417582417584,20999.85159911929,-0.9651919470023306,-2.206140424740214,5.005769230769231
45,5,1.5,3.0,100,24h,5069,-28708.97494244947,108030.93569335932,136739.91063581404,0.7900468501919918,31.544683369500888,29541.590194263696,-0.9718154897438155,-2.774611226559869,4.91378970211087
45,5,1.5,3.0,100,London_NY,3578,-19612.547637065578,82102.69625418584,101715.24389125286,0.8071818255871711,32.56008943543879,20343.511584470893,-0.9640689394075262,-2.1440429593090022,5.012576858580212
45,5,1.5,3.0,200,24h,4632,-23248.67008405152,101616.41514020655,124865.08522426175,0.8138096807262026,32.23229706390328,24206.74924316189,-0.9604209904648384,-2.326880155809111,4.919257340241796
45,5,1.5,3.0,200,London_NY,3279,-15425.499931987739,77277.45197753969,92702.95190952811,0.833602926182516,33.3028362305581,16211.852485001167,-0.9514952067482144,-1.7481290553399509,5.030497102775236
45,5,1.5,5.0,0,24h,4591,-27352.963560264918,96372.7347377233,123725.698297992,0.7789225364128527,29.470703550424744,28559.190366906245,-0.9577639705067033,-2.582341322166008,6.02156392942714
45,5,1.5,5.0,0,London_NY,3229,-18923.145718818076,72841.18272182002,91764.32844063842,0.7937853843603332,30.81449365128523,20554.5628540024,-0.9206299279253874,-2.0606466311540186,6.152988541344069
45,5,1.5,5.0,100,24h,4472,-26006.920790315253,95030.71403459845,121037.63482491719,0.7851336005702843,29.539355992844364,27228.118859860995,-0.955149377897494,-2.4692472461867006,6.02974060822898
45,5,1.5,5.0,100,London_NY,3177,-18665.021759903477,71856.66422991153,90521.68598981526,0.7938060746901714,30.72080579162732,20278.67491803702,-0.920426104533178,-2.0438195152342744,6.160843563109852
45,5,1.5,5.0,200,24h,4072,-21075.764086911644,89252.71426130067,110328.47834821472,0.8089725843911716,30.230844793713164,22505.556802802377,-0.9364693471741745,-2.069482663187199,6.0692534381139485
45,5,1.5,5.0,200,London_NY,2901,-14987.341550989078,67358.0869036002,82345.42845458919,0.8179942489551315,31.506377111340917,16697.900753346872,-0.8975584279949121,-1.7020012326516625,6.221302998965874
45,5,2.0,0.0,0,24h,4028,-24677.9441475974,91156.90297851602,115834.847126117,0.7869557843786639,30.51142005958292,26263.13922990839,-0.9396418277177706,-2.141891864959059,7.843346573982125
45,5,2.0,0.0,0,London_NY,2861,-18469.523932755088,69451.48701171983,87921.01094447488,0.7899304872140382,32.051730164278226,20306.963337052206,-0.9095167813227636,-1.829186096062839,7.8853547710590695
45,5,2.0,0.0,100,24h,3916,-22953.749693077443,90198.55473632856,113152.30442940936,0.7971428879965886,30.59244126659857,24545.946840120574,-0.935134009805616,-2.002500901190657,7.867466802860061
45,5,2.0,0.0,100,London_NY,2815,-17988.072265623392,68754.38662109485,86742.4588867181,0.7926266732983106,31.936056838365896,19747.40567801205,-0.9109081242835049,-1.7905904562817228,7.885257548845471
45,5,2.0,0.0,200,24h,3558,-18380.245731024363,84467.10717773494,102847.35290876137,0.8212861565106879,31.337830241708826,20280.579157364322,-0.9062978718904137,-1.667230406044101,7.919898819561552
45,5,2.0,0.0,200,London_NY,2567,-14484.603948101383,64290.18388671976,78774.78783482054,0.8161263984807814,32.83989092325672,16514.045710099166,-0.8771081419039141,-1.5074753101158882,7.948188546941956
45,5,2.0,3.0,0,24h,5085,-31829.428606302405,115096.40956333681,146925.83816964622,0.7833639814287946,33.92330383480826,32614.646146063184,-0.9759243888085058,-2.8960560501392756,5.6397246804326455
45,5,2.0,3.0,0,London_NY,3560,-21985.9965994679,87100.90984584313,109086.9064453132,0.7984543029415545,35.02808988764045,22880.382917130104,-0.9609103431135064,-2.2693367935986384,5.7067415730337085
45,5,2.0,3.0,100,24h,4950,-29749.548514226626,113805.56682477659,143555.11533900985,0.7927656674303888,34.14141414141414,30593.61800711239,-0.9724102754800189,-2.721520543838359,5.645252525252525
45,5,2.0,3.0,100,London_NY,3499,-21249.39215262083,86211.86651785762,107461.25867048056,0.8022599733567041,35.03858245212918,22134.379056220543,-0.9600175409776854,-2.2038776156820847,5.707630751643327
45,5,2.0,3.0,200,24h,4524,-24037.0004464258,106918.57924107125,130955.57968750184,0.8164492074046032,34.92484526967286,25058.562140762308,-0.9592330282720113,-2.279880804196156,5.637267904509284
45,5,2.0,3.0,200,London_NY,3208,-17018.40517229191,80949.02631487217,97967.4314871653,0.826285073376424,35.84788029925187,18034.87199706887,-0.9436388112462256,-1.8330737873690877,5.7072942643391515
45,5,2.0,5.0,0,24h,4461,-28688.233475164176,101146.13203124986,129834.36550641905,0.7790397529708663,31.540013449899124,29678.128254043375,-0.9666456465715847,-2.5748153473446886,6.818202196816857
45,5,2.0,5.0,0,London_NY,3142,-20413.103093608785,76506.73931710445,96919.8424107143,0.7893815901277899,32.74984086569064,21999.892054965138,-0.9278728751308472,-2.1063652703860836,6.907383831954169
45,5,2.0,5.0,100,24h,4342,-27031.87419433282,99919.31207100993,126951.18626534771,0.7870687546169363,31.644403500690927,28046.249142017798,-0.9638320638689157,-2.43969468846195,6.833947489636112
45,5,2.0,5.0,100,London_NY,3092,-20009.568547710347,75637.42156808104,95646.99011579239,0.7907977185326238,32.63260025873221,21586.95809500422,-0.9269285862161877,-2.075651388493126,6.910090556274256
45,5,2.0,5.0,200,24h,3952,-22353.42002301631,93127.17284109954,115480.59286411916,0.8064313711194583,32.36336032388664,23727.80430384857,-0.9420770559621761,-2.0989757546625887,6.868421052631579
45,5,2.0,5.0,200,London_NY,2823,-16648.656131416006,70369.91748744498,87018.57361886106,0.8086769819471331,33.43960325894439,18362.34251883241,-0.9066738687801489,-1.803223467286594,6.955012398157988
45,5,2.5,0.0,0,24h,3978,-26275.217750763804,92466.90380859404,118742.12155936252,0.7787203276671054,31.297134238310708,27896.536631554365,-0.9418809975516225,-2.220076548960411,8.22674710910005
45,5,2.5,0.0,0,London_NY,2821,-19452.998515971878,70684.28452148545,90137.28303745756,0.7841847694933494,33.002481389578165,21322.9444457993,-0.9123035782145082,-1.8725669585774838,8.285005317263382
45,5,2.5,0.0,100,24h,3864,-24532.77905447488,91535.20410156288,116067.98315604198,0.7886343986739461,31.444099378881987,26163.051206749784,-0.9376879959683635,-2.083150514146555,8.271739130434783
45,5,2.5,0.0,100,London_NY,2773,-18859.090004183403,70013.83266601668,88872.92267020032,0.7877971215803481,32.96069239091237,20691.86960100298,-0.9114251330517403,-1.8251760941191006,8.30616660656329
45,5,2.5,0.0,200,24h,3512,-19674.135511995053,85695.71035156302,105369.84586356062,0.8132849550005711,32.14692482915718,21687.55309884018,-0.9071625287708089,-1.7383752334379656,8.320330296127562
45,5,2.5,0.0,200,London_NY,2531,-15074.116313823883,65456.8815917979,80530.99790562132,0.8128159751417758,33.78111418411695,17206.0769391727,-0.876092578634527,-1.5274026040699618,8.359936783879888
45,5,2.5,3.0,0,24h,5042,-32376.590991207122,117232.24752022847,149608.83851144425,0.7835917228330119,34.96628322094407,33123.447760878684,-0.9774523239530138,-2.8555257251300037,5.981951606505355
45,5,2.5,3.0,0,London_NY,3528,-22341.44172363066,88786.1833461221,111127.62506975548,0.7989569046435616,36.0827664399093,23635.158665246545,-0.9452630312349803,-2.238108976980584,6.043083900226757
45,5,2.5,3.0,100,24h,4906,-30276.057449773136,116001.58236955886,146277.63981934014,0.793023339129797,35.24256013045251,31081.766172569696,-0.9740777689941051,-2.6839817468715803,6.002445984508765
45,5,2.5,3.0,100,London_NY,3466,-21496.591228374018,87957.31760602724,109453.90883440382,0.8036014295213574,36.15118291979227,22780.908755927405,-0.9436230774938151,-2.164338671436653,6.060011540680899
45,5,2.5,3.0,200,24h,4485,-24097.3153948072,109048.64633440267,133145.96172921604,0.8190157997895499,35.986622073578594,25235.463160921285,-0.9548988754889755,-2.2192219824551755,5.992642140468227
45,5,2.5,3.0,200,London_NY,3179,-16763.614686800727,82638.47867954848,99402.09336635067,0.8313555165783162,36.92985215476565,18264.4138357964,-0.9178293285243976,-1.7580403977925056,6.054419628814093
45,5,2.5,5.0,0,24h,4417,-30615.119172010876,102930.16017717608,133545.27934919368,0.7707510192706603,32.42019470228662,31659.47595563345,-0.9670128215297656,-2.6547749517855257,7.176364047996377
45,5,2.5,5.0,0,London_NY,3106,-21891.90980573184,77961.42051130079,99853.33031703418,0.780759342365181,33.74114616870573,23561.3864990219,-0.9291435292503111,-2.1769460850137583,7.2530585962652925
45,5,2.5,5.0,100,24h,4296,-28908.866261505995,101729.98875209248,130638.85501360464,0.7787115765941028,32.588454376163874,29979.65442068661,-0.9642828384825628,-2.520309895049172,7.209264432029795
45,5,2.5,5.0,100,London_NY,3054,-21356.28671874803,77118.75129743369,98475.03801618316,0.7831299469491971,33.69351669941061,23016.363997975626,-0.9278740430341819,-2.135573275195934,7.274066797642436
45,5,2.5,5.0,200,24h,3910,-23774.59292166269,94827.0060023718,118601.59892403882,0.7995423911873734,33.29923273657289,25276.585743929245,-0.9405777015344213,-2.1571379709484817,7.243222506393861
45,5,2.5,5.0,200,London_NY,2790,-17627.595363070424,71796.27963867264,89423.87500174339,0.8028759616743617,34.44444444444444,19484.645882741326,-0.9046915950720049,-1.8410632754355525,7.313978494623656
45,5,3.0,0.0,0,24h,3955,-25304.54506138031,93280.9075195315,118585.45258091703,0.7866134124325331,31.68141592920354,27096.042470003034,-0.933883429264402,-2.1160993344060524,8.419721871049305
45,5,3.0,0.0,0,London_NY,2803,-18807.416978234745,71355.33969726671,90162.75667550169,0.7914059233356917,33.39279343560471,20821.250477816546,-0.9032798965783834,-1.7904031183479296,8.495540492329647
45,5,3.0,0.0,100,24h,3841,-23680.34079240723,92349.20781250029,116029.54860491231,0.7959111185285652,31.840666493100755,25480.79147251429,-0.9293408651748837,-1.9903600894849722,8.468107263733403
45,5,3.0,0.0,100,London_NY,2755,-18254.539742604145,70684.88784179793,88939.42758440234,0.7947531231266235,33.35753176043557,20258.97382812351,-0.9010594464198967,-1.7480070715775013,8.514337568058076
45,5,3.0,0.0,200,24h,3495,-19423.372855047448,86438.6636718755,105862.03652692585,0.8165218288606224,32.5035765379113,21512.654656108632,-0.9028812652617969,-1.6963375460715926,8.493276108726754
45,5,3.0,0.0,200,London_NY,2516,-14830.96587960235,66084.28627929791,80915.25215889975,0.8167098849240798,34.14149443561208,16977.923583982927,-0.8735441531609891,-1.484538739739896,8.550079491255962
45,5,3.0,3.0,0,24h,5024,-32409.142693215916,118059.48938685795,150468.63208008342,0.7846119669913896,35.41003184713376,33286.45565708399,-0.9736435452033065,-2.81754354661096,6.139132165605096
45,5,3.0,3.0,0,London_NY,3516,-22436.58808942302,89516.38174176947,111952.96983119541,0.799589165671476,36.57565415244596,23897.780398993746,-0.9388565680504684,-2.214603296419306,6.203924914675768
45,5,3.0,3.0,100,24h,4888,-30419.368603511808,116828.82423618832,147248.19283970917,0.7934143162175535,35.699672667757774,31355.533520504927,-0.9701435500569329,-2.658403436742756,6.160392798690672
45,5,3.0,3.0,100,London_NY,3454,-21626.536788502286,88687.51600167461,110314.0527901798,0.8039548340260925,36.65315576143602,23078.329684010525,-0.9370928089083461,-2.1465392792511953,6.218876664736537
45,5,3.0,3.0,200,24h,4470,-24711.044712608462,109710.31312430222,134421.3578369175,0.8161672734879291,36.42058165548099,25895.708897179597,-0.9542524906626456,-2.241317736517943,6.138031319910515
45,5,3.0,3.0,200,London_NY,3168,-17028.560532922413,83253.83006068689,100282.39059361083,0.8301939110932117,37.40530303030303,18608.178215679203,-0.9151116426096022,-1.7609225166032905,6.202651515151516
45,5,3.0,5.0,0,24h,4398,-30185.01695381882,103754.4712437218,133939.4881975481,0.774636909846137,32.74215552523874,31397.17699497498,-0.9613927060592052,-2.586682312275418,7.340154615734424
45,5,3.0,5.0,0,London_NY,3092,-21592.012220980163,78615.90969935882,100207.92192034076,0.7845278915358979,34.05562742561449,23455.73238350851,-0.9205430837947864,-2.1227848733593313,7.426261319534283
45,5,3.0,5.0,100,24h,4277,-28567.99138183234,102554.29981863817,131122.2912004774,0.7821271187355884,32.92027121814356,29806.58279854654,-0.9584457089534397,-2.461774255159964,7.375263034837503
45,5,3.0,5.0,100,London_NY,3040,-21078.624023435514,77773.2404854917,98851.86450892883,0.7867655392424773,34.01315789473684,22932.944771901406,-0.919141620628769,-2.0852161368607085,7.444407894736842
45,5,3.0,5.0,200,24h,3897,-23865.34957100692,95587.71721540186,119453.06678641368,0.8002114955015437,33.615601744932,25440.831337190953,-0.9380727089731183,-2.1374941097810845,7.387990762124711
45,5,3.0,5.0,200,London_NY,2779,-17638.238535852222,72407.1183384494,90045.35687430202,0.8041182894030333,34.72472112270601,19591.17162388248,-0.9003156561780333,-1.8199479823598927,7.466714645555955
45,10,1.5,0.0,0,24h,3701,-20101.119670756678,92002.64741210965,112103.76708286832,0.8206918447628999,25.99297487165631,21043.641568427345,-0.9552110838513439,-1.5963516596359602,11.375844366387462
45,10,1.5,0.0,0,London_NY,2743,-15405.736131067168,72870.15654296959,88275.89267403666,0.8254819558953252,26.904848705796574,16935.261054337407,-0.9096840067382073,-1.3719071070072,11.55413780532264
45,10,1.5,0.0,100,24h,3602,-18428.43549978857,91256.74692382845,109685.18242361894,0.8319879213163234,26.26318711826763,19525.266939869893,-0.943825022036363,-1.4685007890236323,11.393670183231539
45,10,1.5,0.0,100,London_NY,2698,-14746.809469167054,72302.85688476647,87049.66635393341,0.8305931534624361,27.131208302446257,16256.148932755394,-0.9071527045038884,-1.3175537810694256,11.573758339510748
45,10,1.5,0.0,200,24h,3257,-12574.048414827983,86708.74555664102,99282.79397147012,0.8733511829004089,27.080135093644458,13796.84878103921,-0.911371039458539,-1.023784306944959,11.657353392692663
45,10,1.5,0.0,200,London_NY,2457,-10463.65822579401,68680.65717773518,79144.31540352882,0.8677901480043999,27.757427757427756,11949.938720701924,-0.875624425392818,-0.9559903058668247,11.848595848595847
45,10,1.5,3.0,0,24h,4985,-29745.681440078253,120638.0216552734,150383.70309535542,0.8022014298901733,31.253761283851556,30572.96324113886,-0.972940738699891,-2.672802081878792,6.968505516549649
45,10,1.5,3.0,0,London_NY,3555,-19620.232971189635,92455.7999720986,112076.03294328963,0.8249381919047862,32.37693389592124,20476.85526471644,-0.9581663159477986,-1.9992814500828844,7.229817158931083
45,10,1.5,3.0,100,24h,4861,-28011.032198658144,119342.07749023438,147353.10968889616,0.8099053880993693,31.495577041760953,28992.62354212942,-0.9661434108560436,-2.528378954268952,6.957210450524584
45,10,1.5,3.0,100,London_NY,3495,-18772.83038329904,91696.62162388432,110469.45200718472,0.8300631528245523,32.58941344778255,19629.452676825855,-0.956360357691576,-1.9201303689012659,7.239484978540773
45,10,1.5,3.0,200,24h,4439,-21907.011624579296,112432.64296177465,134339.65458635677,0.8369281825829039,32.214462716828116,22959.497664967334,-0.9541590127211725,-2.044813138794778,7.011714350078846
45,10,1.5,3.0,200,London_NY,3203,-14407.99537353361,86228.27205287437,100636.26742640881,0.8568309840776793,33.28129878239151,15315.024684359503,-0.9407751975906249,-1.5262842463609008,7.328754292850453
45,10,1.5,5.0,0,24h,4286,-25738.66608363318,106598.54043317502,132337.2065168116,0.805506956349673,27.204853009799347,26634.971834889235,-0.9663485376739921,-2.201724088441502,9.01726551563229
45,10,1.5,5.0,0,London_NY,3100,-19152.388087679825,81390.32208077612,100542.71016845673,0.809509928113224,28.35483870967742,20176.754779923293,-0.9492303542657536,-1.8800193979698345,9.313548387096775
45,10,1.5,5.0,100,24h,4176,-24228.372260391112,105345.85811593178,129574.23037632598,0.8130155032368158,27.490421455938698,25278.987554057792,-0.9584391862443069,-2.0823545421756626,9.022030651340996
45,10,1.5,5.0,100,London_NY,3049,-18582.36513148562,80526.24717145691,99108.61230294332,0.8125050416941965,28.632338471630042,19586.546364047193,-0.9487310721401689,-1.832184282187429,9.336175795342735
45,10,1.5,5.0,200,24h,3798,-18521.027913990823,99747.31207101005,118268.33998500311,0.8433982592776595,28.146392838335967,19792.698798477722,-0.9357505059095476,-1.6331882201043713,9.161400737230121
45,10,1.5,5.0,200,London_NY,2785,-14490.206324984681,76149.7598632817,90639.9661882668,0.8401344689947507,29.120287253141832,15540.064449636044,-0.9324418423067768,-1.4671865156151436,9.504488330341113
45,10,2.0,0.0,0,24h,3472,-20240.840206470864,97240.31743164064,117481.15763811405,0.8277099016267546,29.464285714285715,21426.732721817418,-0.9446536002132029,-1.525225981532961,13.555299539170507
45,10,2.0,0.0,0,London_NY,2591,-16294.728348212759,76930.5692382819,93225.29758649511,0.8252113024032468,30.258587417985336,18237.770026505535,-0.8934605669734352,-1.374277092197514,13.630258587417986
45,10,2.0,0.0,100,24h,3377,-18372.133314729886,96471.86635742197,114843.99967215427,0.8400253094007583,29.730530056262957,20363.514243859958,-0.9022083857784755,-1.3893818299575393,13.583358010068107
45,10,2.0,0.0,100,London_NY,2549,-15547.645849607856,76372.8679687507,91920.51381835897,0.8308577138686207,30.521773244409573,17430.78099888278,-0.8919649584608044,-1.3158467923360642,13.643389564535111
45,10,2.0,0.0,200,24h,3052,-13022.219810265951,91275.96718750036,104298.18699776771,0.8751443319858851,30.60288335517693,15367.046309987338,-0.8474120235977008,-1.0131330717637492,13.835845347313237
45,10,2.0,0.0,200,London_NY,2322,-11820.517068916242,72111.86958007894,83932.38664899497,0.8591661986409441,31.093884582256674,13835.732303291315,-0.8543470493502043,-1.0312759585292282,13.871231696813092
45,10,2.0,3.0,0,24h,4773,-28386.526266040746,130413.06842564141,158799.59469168726,0.8212430811227265,35.67986591242405,29249.69743652116,-0.9704895692561025,-2.3654937294137577,8.581604860674627
45,10,2.0,3.0,0,London_NY,3426,-19419.9593052438,99525.96732003371,118945.92662527942,0.8367328763899141,36.48569760653824,20409.765607559886,-0.951503298893866,-1.841071547169904,8.77466433158202
45,10,2.0,3.0,100,24h,4653,-26473.24391740805,128948.78213588138,155422.0260532943,0.8296686474262327,35.95529765742532,27428.36762695094,-0.9651775226825969,-2.217115730921906,8.572963679346659
45,10,2.0,3.0,100,London_NY,3369,-18521.27862723045,98692.21144670782,117213.49007394013,0.8419868001921212,36.7171267438409,19451.178400528668,-0.9521931394514924,-1.7633956349405295,8.778569308400119
45,10,2.0,3.0,200,24h,4246,-20450.762318636225,121026.75618722082,141477.5185058606,0.8554486781036338,36.8111163447951,21547.505255997028,-0.9491011639477122,-1.7784556725411698,8.613754121526142
45,10,2.0,3.0,200,London_NY,3087,-14415.66060616484,92252.50395159065,106668.16455775684,0.8648550796206806,37.447359896339485,15472.93108956338,-0.931669670259717,-1.4285697228387977,8.834467120181406
45,10,2.0,5.0,0,24h,4067,-25169.901712469546,114476.2272844582,139646.128996932,0.8197594026181221,30.95647897713302,26061.330688474518,-0.9657949554970652,-2.0210827124622757,10.883943939021393
45,10,2.0,5.0,0,London_NY,2962,-19433.895469445968,87345.25791364415,106779.15338309153,0.8179991613182734,31.836596893990546,20716.284420339154,-0.9380975408102554,-1.7897191837217727,11.088116137744768
45,10,2.0,5.0,100,24h,3963,-23552.475118580143,113196.59725864908,136749.07237723324,0.8277686662940369,31.213726974514255,24535.85663364758,-0.9599206365707703,-1.89994208012611,10.876103961645219
45,10,2.0,5.0,100,London_NY,2916,-18869.46458914465,86527.03336007276,105396.49794921876,0.8209668731285785,32.06447187928669,20091.947011019998,-0.9391556019332101,-1.7450544672824126,11.08196159122085
45,10,2.0,5.0,200,24h,3600,-18334.09528459615,106568.33258230997,124902.42786690884,0.8532126588913471,31.97222222222222,19445.661411828776,-0.9428373196626544,-1.5244155967430855,11.003055555555555
45,10,2.0,5.0,200,London_NY,2663,-15350.619213865843,81279.89425572021,96630.51346958686,0.8411410778780758,32.557266241081486,16774.18910086382,-0.9151333111581132,-1.4648749200938198,11.21104018024784
45,10,2.5,0.0,0,24h,3354,-20192.421885460404,100501.62167968726,120694.04356515149,0.8326974448033617,31.33571854502087,21322.90738699596,-0.9469825816424547,-1.4702180772889208,14.960942158616577
45,10,2.5,0.0,0,London_NY,2502,-16479.94415806199,79487.11586914117,95967.06002720408,0.8282749919254452,32.33413269384492,18365.128485978123,-0.8973497882492093,-1.3468367775016443,15.103916866506793
45,10,2.5,0.0,100,24h,3260,-18412.814923964994,99729.9698730467,118142.78479701522,0.8441477830778736,31.717791411042946,20312.802791920763,-0.906463530049557,-1.3452527326008459,15.020552147239265
45,10,2.5,0.0,100,London_NY,2459,-15638.042517088235,78921.56362304745,94559.60614013646,0.8346223809994134,32.6962179747865,17440.406061661743,-0.8966558726785874,-1.2828956499351145,15.144367629117527
45,10,2.5,0.0,200,24h,2943,-12342.684896412495,94448.87055664082,106791.55545305533,0.8844226507980749,32.687733605164794,14587.19109584113,-0.8461317065991852,-0.9276853244866621,15.289840299014612
45,10,2.5,0.0,200,London_NY,2239,-10972.99145682083,74601.8652832039,85574.85674002461,0.8717731834462016,33.40777132648504,13150.830976212605,-0.8343952923331552,-0.9301138766269686,15.384993300580616
45,10,2.5,3.0,0,24h,4683,-28262.308632111897,135435.94769461465,163698.25632673354,0.8273511931873683,38.13794576126415,29044.55137067275,-0.9730674876475899,-2.261753822080096,9.598761477685244
45,10,2.5,3.0,0,London_NY,3362,-19333.39419642673,103577.47676478811,122910.87096121762,0.8427039525044955,39.14336704342653,20373.89399413906,-0.948929753045164,-1.757313483775653,9.81945270672219
45,10,2.5,3.0,100,24h,4566,-26434.86885986034,134004.66884416825,160439.53770403512,0.8352346981413546,38.48007008322383,27309.064137483656,-0.9679888232997549,-2.125441449604495,9.60490582566798
45,10,2.5,3.0,100,London_NY,3306,-18375.382662526128,102789.56428571446,121164.94694824325,0.8483440704152001,39.44343617664852,19333.0616768958,-0.950464182529653,-1.6776227113919528,9.839382940108894
45,10,2.5,3.0,200,24h,4163,-19285.14745570351,125955.19489746068,145240.34235316914,0.8672190718966062,39.442709584434304,20359.50700160242,-0.9472305716531176,-1.6114505870643225,9.647369685323083
45,10,2.5,3.0,200,London_NY,3028,-13109.5279663071,96210.47349330378,109320.00145961273,0.8800811581478789,40.290620871862615,14280.500760322257,-0.9180019795056029,-1.2499938546149272,9.892007926023778
45,10,2.5,5.0,0,24h,3970,-25772.41630335935,119202.50862513893,144974.92492850396,0.8222284556030983,33.022670025188916,26602.08476387892,-0.9688119007256861,-1.9785459161678234,12.022418136020152
45,10,2.5,5.0,0,London_NY,2886,-20519.63584507366,90582.11208147327,111101.74792654903,0.8153077136226373,34.02633402633403,21628.394105746484,-0.9487359877366838,-1.805072944150309,12.267151767151768
45,10,2.5,5.0,100,24h,3866,-24100.849912804217,118012.59340471486,142113.44331752445,0.8304111887644507,33.41955509570616,25022.47091238625,-0.963168265723677,-1.8579926455558595,12.046818416968442
45,10,2.5,5.0,100,London_NY,2838,-19797.445603723194,89807.30963309163,109604.75523681683,0.8193742090756011,34.390415785764624,20823.383081053442,-0.9507314698415303,-1.749008892797677,12.295983086680762
45,10,2.5,5.0,200,24h,3509,-17830.12974504516,111232.3328404014,129062.46258545031,0.8618488335968032,34.31176973496723,18987.15260707149,-0.9390628555018085,-1.4172851392732224,12.175833570817897
45,10,2.5,5.0,200,London_NY,2593,-15233.635562568348,84559.5660435271,99793.20160609657,0.8473479624123131,34.978789047435406,16720.96088518298,-0.9110502480791878,-1.3916579994967642,12.413035094485153
45,10,3.0,0.0,0,24h,3293,-18905.67766810544,102244.12001953098,121149.7976876409,0.8439479220852336,32.46279987853021,20744.36447404964,-0.9113645150110855,-1.343253437003064,15.789857273003342
45,10,3.0,0.0,0,London_NY,2455,-15236.47298758206,80875.31611328175,96111.78910086496,0.841471341547984,33.686354378818734,17209.78355538381,-0.8853378625331735,-1.226796896496237,15.954786150712831
45,10,3.0,0.0,100,24h,3201,-17087.399054824273,101472.46821289038,118559.86726771899,0.8558753526921239,32.864729771946266,19820.15213099729,-0.8621224974404114,-1.2192182188821379,15.858794126835363
45,10,3.0,0.0,100,London_NY,2413,-14343.620486884529,80309.76386718801,94653.38435407355,0.8484616204188768,34.065478657273104,16211.196017018887,-0.884797177939633,-1.160610838410021,15.999585578118523
45,10,3.0,0.0,200,24h,2894,-12394.603299383944,95833.61938476574,108228.22268415232,0.8854771612062932,33.69039391845197,14701.010947961677,-0.843112309980456,-0.9173362901361797,16.071527297857635
45,10,3.0,0.0,200,London_NY,2197,-10393.60945870427,75892.86596679759,86286.47542550167,0.8795453237897316,34.59262630860264,12670.168872069129,-0.8203213046052258,-0.866802892705362,16.189804278561674
45,10,3.0,3.0,0,24h,4638,-27910.32737862401,138691.0471400666,166601.3745186991,0.8324724063095897,39.39197930142303,28704.337119835676,-0.9723383355659178,-2.166413998681047,10.195558430357913
45,10,3.0,3.0,0,London_NY,3330,-18796.2619803274,106133.78746861062,124930.0494489414,0.8495457092729899,40.570570570570574,19801.41677943484,-0.949238238339018,-1.6591058831209642,10.4
45,10,3.0,3.0,100,24h,4522,-26149.179091096208,137172.63945661238,163321.81854771668,0.8398916977313446,39.69482529854047,27035.141371370337,-0.9672292344210803,-2.0411805916410595,10.205218929677134
45,10,3.0,3.0,100,London_NY,3274,-17773.044845143268,105317.28204868876,123090.32689383524,0.8556097356011115,40.867440439828954,18672.464606583322,-0.9518317597387252,-1.5777793338802881,10.426084300549787
45,10,3.0,3.0,200,24h,4127,-20264.72809360794,128542.44570312471,148807.17379673882,0.8638188766269129,40.56215168403198,21339.087639507,-0.9496529765447891,-1.6413317693641647,10.212745335594864
45,10,3.0,3.0,200,London_NY,2999,-13119.217592074403,98435.30153808613,111554.5191301626,0.8823963592477246,41.647215738579526,14280.42840401646,-0.9186851557187556,-1.2129975953221859,10.443481160386796
45,10,3.0,5.0,0,24h,3916,-24467.32173200039,122330.23096749374,146797.55269950116,0.8333260924172712,34.11644535240041,25313.239407782356,-0.9665820062713153,-1.831286067900664,12.684627170582226
45,10,3.0,5.0,0,London_NY,2844,-18908.473713028456,93381.19421037941,112289.66792341041,0.8316098527789045,35.26722925457103,20249.53325543958,-0.9337733109452843,-1.616592485284755,12.937412095639944
45,10,3.0,5.0,100,24h,3814,-22709.33104770918,121140.31574706968,143849.64679478557,0.8421314785700322,34.53067645516518,23647.20126255365,-0.9603390606595957,-1.708475661951349,12.714735186156267
45,10,3.0,5.0,100,London_NY,2797,-18126.237022180234,92606.39176199774,110732.62878418049,0.8363062701463446,35.64533428673579,19361.561526924,-0.9361970622552351,-1.5582277218254905,12.968895244905255
45,10,3.0,5.0,200,24h,3467,-17533.106755717497,114105.18057686894,131638.28733259122,0.8668084558755771,35.33314104413037,18657.160839842196,-0.9397521362562148,-1.3544017476640302,12.803576579175077
45,10,3.0,5.0,200,London_NY,2558,-14587.097886438345,86982.4177385605,101569.51562500025,0.8563831106540268,36.082877247849886,16305.858053151731,-0.8945924733852831,-1.292911073763555,13.030883502736513
45,15,1.5,0.0,0,24h,3447,-16912.171165246502,94612.77358398438,111524.94474923273,0.84835526076004,24.485059472004643,17886.646555871805,-0.9455193913749359,-1.2759039890946555,14.944879605454018
45,15,1.5,0.0,0,London_NY,2644,-12798.524764577423,77044.62656250056,89843.15132707807,0.8575459055528463,25.37821482602118,14620.959723771048,-0.8753546283127589,-1.0865043867557465,15.216338880484116
45,15,1.5,0.0,100,24h,3357,-15492.992114256018,93844.57695312508,109337.5690673828,0.8583012934491925,24.664879356568363,16653.815277970047,-0.9302968632509341,-1.1726915506198246,14.975275543640155
45,15,1.5,0.0,100,London_NY,2601,-12241.620377021633,76508.08076171932,88749.701138741,0.862065784786311,25.451749327181854,14043.869876533337,-0.8716700229099117,-1.0421752953756576,15.24644367550942
45,15,1.5,0.0,200,24h,3027,-9502.958815219074,89120.0691406253,98623.02795584506,0.9036436113128228,25.37165510406343,10776.888131276542,-0.8817906151999214,-0.7345024184191777,15.379253386190946
45,15,1.5,0.0,200,London_NY,2369,-7965.559807476584,72684.97768554758,80650.53749302383,0.9012336426379642,25.918108906711694,9787.498915316919,-0.8138503898080544,-0.6930162127631124,15.620937104263401
45,15,1.5,3.0,0,24h,4896,-27709.654486953455,126828.63934849338,154538.29383544988,0.8206939277040205,31.515522875816995,28547.503309847096,-0.9706507145721344,-2.4176561604759517,8.211601307189543
45,15,1.5,3.0,0,London_NY,3533,-18985.188270785115,96957.02821916893,115942.21648995524,0.8362530159803258,32.32380413246533,19860.866960796317,-0.9559093421379984,-1.880715195373883,8.61137843192754
45,15,1.5,3.0,100,24h,4778,-26500.363799174524,125171.70162876685,151672.0654279442,0.8252785460235784,31.645039765592298,27492.52216447881,-0.9639117008120053,-2.3233974358914544,8.19945583926329
45,15,1.5,3.0,100,London_NY,3473,-18298.47128208538,96052.41208496138,114350.88336704792,0.8399796246142551,32.421537575583066,19174.149972096562,-0.9543302471668613,-1.8197425993548195,8.623956233803629
45,15,1.5,3.0,200,24h,4359,-20048.914753067154,117972.8187081474,138021.7334612167,0.854740885726501,32.346868547832074,21111.8689383351,-0.949651345962184,-1.8171901176825669,8.27437485661849
45,15,1.5,3.0,200,London_NY,3182,-13745.414381625178,90463.59389997246,104209.00828159852,0.8680976375431714,33.029541169076055,14671.401211982316,-0.9368849084707143,-1.4136871854353228,8.729415461973602
45,15,1.5,5.0,0,24h,4162,-23937.374952913626,113211.89321289041,137149.26816580683,0.8254647999727035,26.525708793849113,24843.65875592729,-0.963520517975339,-1.958324643276796,10.912061508889957
45,15,1.5,5.0,0,London_NY,3064,-18124.11507045058,86839.78852887858,104963.90359933018,0.8273300206170375,27.54569190600522,19256.034408132015,-0.9412174223575643,-1.699047601721439,11.371083550913838
45,15,1.5,5.0,100,24h,4057,-22952.732366069384,111483.95232979895,134436.68469587102,0.8292673430768036,26.71925067784077,24013.325711493715,-0.9558331337288825,-1.8881164304623401,10.931229972886369
45,15,1.5,5.0,100,London_NY,3014,-17845.427631485738,85718.95424804716,103564.38187953386,0.827687595796743,27.670869276708693,18957.161509485268,-0.9413554673022504,-1.6808790093865784,11.402455209024552
45,15,1.5,5.0,200,24h,3684,-16996.56834367852,105573.82523716512,122570.3935808456,0.8613321875933294,27.25298588490771,18154.5574794209,-0.9362149621628058,-1.4344276773461664,11.121878393051032
45,15,1.5,5.0,200,London_NY,2752,-13693.529973492045,81023.17096121689,94716.70093470938,0.8554264470958317,28.015988372093023,14766.161715261,-0.9273587976040938,-1.3244618439776252,11.623183139534884
45,15,2.0,0.0,0,24h,3185,-17826.476074216844,99925.88271484357,117752.35878906267,0.8486104545374518,28.069073783359496,19038.727601840095,-0.9363270722195696,-1.2791760368763843,18.23265306122449
45,15,2.0,0.0,0,London_NY,2476,-13959.755273436225,82008.27846679729,95968.03374023407,0.8545374461748065,28.836833602584814,16135.982324217639,-0.8651320380095341,-1.1196121355186097,18.35420032310178
45,15,2.0,0.0,100,24h,3103,-16383.09499162765,99044.0380371092,115427.13302873903,0.8580654776589594,28.262971318079277,17703.169545199533,-0.9254328695095257,-1.180013492195237,18.250402835965197
45,15,2.0,0.0,100,London_NY,2437,-13410.78032226437,81467.13305664103,94877.91337890597,0.8586522421850971,28.929011079195732,15541.40138113731,-0.8629067606825414,-1.0787729357105553,18.36520311858843
45,15,2.0,0.0,200,24h,2797,-10716.003780690537,93591.43095703138,104307.43473772312,0.8972651967941048,29.06685734715767,12716.152587889264,-0.8427080208911892,-0.791370290306126,18.661780479084733
45,15,2.0,0.0,200,London_NY,2222,-9718.271847097234,76925.43266601619,86643.70451311341,0.8878363765525934,29.38793879387939,11946.373381695397,-0.813491386598369,-0.8017169069665913,18.68181818181818
45,15,2.0,3.0,0,24h,4654,-26664.567707168324,138913.21839773966,165577.7861049121,0.8389604769188214,36.59217877094972,27470.22375488073,-0.970671660525908,-2.127600453307593,10.415126772668673
45,15,2.0,3.0,0,London_NY,3391,-18635.655646622246,106020.7176025393,124656.37324916318,0.8505037876452981,37.06871129460336,19457.984204100016,-0.9577382451927114,-1.6954729571241587,10.76644057800059
45,15,2.0,3.0,100,24h,4542,-25103.145992603713,137236.89535086477,162340.04134347232,0.845366886783678,36.767943637164244,26005.354188753583,-0.9653068291398221,-2.0129653727743673,10.401805372082782
45,15,2.0,3.0,100,London_NY,3335,-17936.802961075417,105058.9655238563,122995.76848493333,0.8541673166319194,37.181409295352324,18759.13151855317,-0.9561638257792235,-1.6386547911322842,10.769715142428785
45,15,2.0,3.0,200,24h,4139,-18871.6775006956,128583.18474121076,147454.86224190917,0.8720172586120747,37.52114037207055,19915.406047710272,-0.9475919022432048,-1.5709539882410402,10.48731577675767
45,15,2.0,3.0,200,London_NY,3055,-13989.337018692804,98095.64640066994,112084.98341936404,0.8751899086574939,37.708674304418984,14900.83802664483,-0.9388288761798409,-1.328442158276574,10.86644844517185
45,15,2.0,5.0,0,24h,3908,-24317.72872837395,121722.6894705632,146040.41819894064,0.8334863113357351,30.706243602865918,25205.234388949106,-0.9647888352522415,-1.8614003829770027,13.57446264073695
45,15,2.0,5.0,0,London_NY,2913,-18754.736558313358,94303.22941545755,113057.96597377249,0.8341139751031279,31.445245451424647,20021.144984652827,-0.936746453446582,-1.6334872864716545,13.932715413662892
45,15,2.0,5.0,100,24h,3811,-22898.16467982492,120196.62491978199,143094.78959961026,0.8399790464495666,30.93676200472317,23882.222488837575,-0.9587953839106642,-1.761324294648945,13.56861716085017
45,15,2.0,5.0,100,London_NY,2868,-18570.01098981445,93150.29574846543,111720.30673828136,0.8337812387740889,31.520223152022314,19790.81342424549,-0.9383146913539466,-1.6247231662857418,13.927475592747559
45,15,2.0,5.0,200,24h,3457,-17341.884849328562,113123.32003348182,130465.20488281289,0.8670765522124617,31.530228521839746,18463.527905271956,-0.9392508808880925,-1.3750509059478064,13.761353774949377
45,15,2.0,5.0,200,London_NY,2620,-15105.690185545625,87472.50207170773,102578.19225725443,0.8527397504952773,31.793893129770993,16300.87772739845,-0.9266795591108595,-1.3629662978856314,14.095038167938931
45,15,2.5,0.0,0,24h,3030,-18377.393266948202,103833.97900390592,122211.3722708572,0.8496261605980379,30.363036303630363,19443.5240792396,-0.9451678199925838,-1.2644660815245137,20.6996699669967
45,15,2.5,0.0,0,London_NY,2354,-14346.226642716349,85697.86889648472,100044.09553920195,0.8566009661500142,31.435853865760407,16343.510266112138,-0.8777934733190637,-1.1057628214799482,21.017417162276974
45,15,2.5,0.0,100,24h,2951,-17031.85087192875,102874.28579101533,119906.136662947,0.8579568039973821,30.63368349711962,18206.422429546586,-0.9354858670250524,-1.1773062102385246,20.738054896645206
45,15,2.5,0.0,100,London_NY,2318,-14276.069077844693,84769.62392578162,99045.69300362712,0.8558638074517515,31.449525452976705,16204.832455007256,-0.8809760370853709,-1.1057739887947333,21.002588438308887
45,15,2.5,0.0,200,24h,2656,-10380.556176756503,97149.12802734367,107529.68420410158,0.9034633436005017,31.664156626506024,11796.580161829086,-0.879963178679996,-0.7374841825452457,21.25
45,15,2.5,0.0,200,London_NY,2110,-9218.09729875742,80223.77250976606,89441.86980852362,0.8969375604681388,32.132701421800945,11560.138221957635,-0.7974037266482091,-0.7340342840881656,21.456398104265404
45,15,2.5,3.0,0,24h,4523,-25962.942543245146,146264.76197684123,172227.70452009208,0.8492522291021882,39.86292283882379,26678.64842180299,-0.9731730833120865,-1.961428307950059,12.08512049524652
45,15,2.5,3.0,0,London_NY,3306,-17084.41019810104,112368.33423549122,129452.74443359466,0.8680258941372445,40.653357531760435,17853.38862304526,-0.9569281529024906,-1.4732677270151568,12.498185117967333
45,15,2.5,3.0,100,24h,4415,-24674.64740861913,144384.96961495504,169059.61702357972,0.8540476558326572,40.0,25486.905435614466,-0.968130378595892,-1.8735969236644598,12.071121177802945
45,15,2.5,3.0,100,London_NY,3252,-16765.474858745605,111164.96961844321,127930.44447719117,0.8689485139580119,40.68265682656826,17534.453283689832,-0.9561447162051232,-1.452375409344516,12.492619926199263
45,15,2.5,3.0,200,24h,4021,-17280.43159528255,135394.05648018964,152674.48807547634,0.8868151987073051,40.860482467048,18301.875627788344,-0.9441891064457403,-1.3641464583133818,12.173091270828152
45,15,2.5,3.0,200,London_NY,2977,-11532.58105119841,103941.96869768435,115474.5497488845,0.9001288069424878,41.31676184077931,12452.253519111295,-0.9261440937978492,-1.0417415839884592,12.626133691635875
45,15,2.5,5.0,0,24h,3763,-25198.683919849762,127529.48693150059,152728.1708513553,0.8350095874298157,33.24475152803614,26015.407327704597,-0.9686061648942517,-1.828092536161881,15.533351049694392
45,15,2.5,5.0,0,London_NY,2808,-19340.361436243016,99032.89346051891,118373.25489676392,0.8366154461739504,34.401709401709404,20760.040417479227,-0.9316148257572325,-1.5956565953880009,16.022079772079774
45,15,2.5,5.0,100,24h,3670,-23901.804992673504,125917.73850097606,149819.5434936542,0.8404627030939356,33.54223433242507,24815.080548965827,-0.9631967522938231,-1.7427386265934843,15.53841961852861
45,15,2.5,5.0,100,London_NY,2764,-19434.57959158624,97583.36993931356,117017.94953090177,0.8339179615648967,34.479015918958034,20785.738326589184,-0.9349958748747194,-1.6123053531331413,16.028219971056437
45,15,2.5,5.0,200,24h,3328,-17086.961176407145,118658.72214355429,135745.68331996485,0.8741251967759811,34.28485576923077,18244.561455425395,-0.9365509397501022,-1.2868378725806917,15.764122596153847
45,15,2.5,5.0,200,London_NY,2525,-14408.85110037555,92096.72851911276,106505.57961948954,0.864712711279024,34.93069306930693,16060.941369627806,-0.8971361496670142,-1.2343630272310728,16.24990099009901
45,15,3.0,0.0,0,24h,2935,-15295.846714562533,106912.58203124956,122208.42874581587,0.8748380380016137,32.02725724020443,16934.70139160006,-0.903225062010811,-1.0068611884612406,22.451448040885857
45,15,3.0,0.0,0,London_NY,2290,-12912.099365233149,87951.07158203148,100863.17094726581,0.8719840032395457,33.10043668122271,14796.605472236612,-0.8726392948342492,-0.9703687518522165,22.73231441048035
45,15,3.0,0.0,100,24h,2859,-13961.837988279169,105952.88881835897,119914.72680664177,0.8835686127960266,32.3189926547744,16676.473674663728,-0.837217643289369,-0.9238169219578984,22.50052465897167
45,15,3.0,0.0,100,London_NY,2255,-12763.673479351413,87022.8266113284,99786.50009068093,0.872090177852179,33.12638580931264,14556.745085796894,-0.8768219409025035,-0.9649061208547288,22.726829268292683
45,15,3.0,0.0,200,24h,2579,-9208.269925361492,99888.62963867174,109096.89956403495,0.9155954938943213,33.15238464521132,11498.10648018843,-0.8008509871801595,-0.6294055989668758,22.859247770453663
45,15,3.0,0.0,200,London_NY,2055,-8689.19079589752,82358.47436523477,91047.66516113248,0.904564375368441,33.57664233576642,11046.579028319231,-0.7865956305225118,-0.6739695633109573,23.016058394160584
45,15,3.0,3.0,0,24h,4453,-25480.311614115573,151303.26993582558,176783.5815499482,0.8558672055927126,41.92679092746463,26467.385518971016,-0.9627060291184433,-1.8475525410077789,13.177633056366496
45,15,3.0,3.0,0,London_NY,3262,-16900.151049803007,115901.27598005034,132801.42702985645,0.8727411939179944,42.7038626609442,17615.779342213835,-0.9593757234063485,-1.4036966524460146,13.546903740036786
45,15,3.0,3.0,100,24h,4348,-24385.9217564147,149277.07046247172,173662.9922188934,0.8595790534019795,41.99632014719411,25469.547809707652,-0.9574540521335864,-1.7788348736570878,13.162603495860166
45,15,3.0,3.0,100,London_NY,3209,-16544.520309010615,114669.31842215413,131213.83873116787,0.8739117728053799,42.7235899033967,17260.14860142145,-0.9585386946001206,-1.38214964024872,13.547210969149267
45,15,3.0,3.0,200,24h,3963,-18603.579854908538,139405.03614327547,158008.6159981893,0.8822622441353006,42.66969467575069,20224.725519668933,-0.919843378681021,-1.4076888917852999,13.192278576835731
45,15,3.0,3.0,200,London_NY,2938,-12188.950687080089,106869.0488071988,119057.99949428109,0.8976217411777712,43.15861130020422,13108.62315499299,-0.9298421766314485,-1.0599235899975066,13.597004765146357
45,15,3.0,5.0,0,24h,3677,-21990.50289132018,132347.15533272817,154337.65822405444,0.8575169330391011,35.05575197171607,23316.23153250382,-0.9431413846043036,-1.5456633076096187,16.909437041066084
45,15,3.0,5.0,0,London_NY,2751,-16998.14385811798,102948.42720772867,119946.57106584929,0.8582857041508187,36.095965103598694,18395.388839284526,-0.9240437376250161,-1.3533853929875965,17.3958560523446
45,15,3.0,5.0,100,24h,3587,-20611.586683870486,130735.40690220369,151346.99358608,0.8638123811018863,35.37775299693337,22033.86747349162,-0.9354502430709342,-1.457391264733289,16.923891831614164
45,15,3.0,5.0,100,London_NY,2708,-16989.2804164327,101498.90368652335,118488.1841029586,0.8566162478979957,36.1890694239291,18295.090897041235,-0.9286250892134285,-1.3616377991861357,17.41211225997046
45,15,3.0,5.0,200,24h,3260,-15356.092511856277,123231.9867571145,138588.0792689752,0.8891961516974543,36.07361963190184,17275.497303988457,-0.8888943826995337,-1.116373787242086,17.035276073619634
45,15,3.0,5.0,200,London_NY,2479,-13251.278609792356,95610.17565917966,108861.45426897373,0.8782739152367656,36.50665590964098,14939.940384345993,-0.8869699790554044,-1.0942659287786343,17.487696651875755
45,20,1.5,0.0,0,24h,3275,-15130.939592632218,95227.7146972656,110358.65428989942,0.8628930400611212,22.3206106870229,16516.094433592167,-0.9161330273007718,-1.0910578497099663,17.97587786259542
45,20,1.5,0.0,0,London_NY,2569,-12007.88468017453,79150.40820312544,91158.29288330009,0.8682743577093197,23.550019462826004,13880.053076170596,-0.8651180665000322,-0.9696766126530165,18.292720903075125
45,20,1.5,0.0,100,24h,3188,-13737.723575263382,94398.41572265627,108136.13929792118,0.872958997200587,22.490589711417815,15278.48395298394,-0.8991548911225815,-0.9936808291256117,18.005332496863236
45,20,1.5,0.0,100,London_NY,2527,-11375.128222655001,78575.30825195358,89950.43647460862,0.8735400441790404,23.70399683419074,13235.61802106458,-0.8594330997276746,-0.9211479397529698,18.317768104471707
45,20,1.5,0.0,200,24h,2868,-7416.126058522694,89699.41171875026,97115.53777727357,0.9236360501289549,23.396094839609486,9121.936893134689,-0.8129990533155502,-0.5487116783032966,18.57705718270572
45,20,1.5,0.0,200,London_NY,2298,-6721.316392298013,74706.71171875061,81428.02811104844,0.9174569672357588,24.499564838990427,8560.233914619565,-0.785179056943647,-0.5575884567633616,18.877719756309833
45,20,1.5,3.0,0,24h,4856,-25617.065401783366,131581.81011090966,157198.87551269573,0.8370404030039186,31.71334431630972,26454.914224676904,-0.9683291801372766,-2.1742072450157712,8.90012355848435
45,20,1.5,3.0,0,London_NY,3518,-17555.33260149108,100698.21387765107,118253.54647914328,0.8515449800519218,32.14894826606026,18431.011291502233,-0.9524888419760835,-1.6869280533577398,9.436611711199545
45,20,1.5,3.0,100,24h,4738,-24465.97993163836,129714.18592006144,154180.16585170236,0.8413156465587576,31.84888138455044,25458.13829694256,-0.9610278507512329,-2.087726724733289,8.89299282397636
45,20,1.5,3.0,100,London_NY,3458,-16751.44376394925,99761.8052908765,116513.24905482687,0.8562271338252033,32.27299016772701,17627.122453960415,-0.9503220850539663,-1.6158361937384635,9.449392712550607
45,20,1.5,3.0,200,24h,4318,-17647.90797990877,122377.78586077022,140025.69384068096,0.8739666450073781,32.63084761463641,18709.261823379762,-0.9432712068765489,-1.556500790940874,9.025706345530338
45,20,1.5,3.0,200,London_NY,3167,-11794.999019948309,94195.72984096016,105990.72886090934,0.8887166911039206,32.99652668140196,12719.38550850855,-0.9273245953633625,-1.1760789332021049,9.621724029049574
45,20,1.5,5.0,0,24h,4078,-20773.671904643612,118211.52066824771,138985.19257289363,0.8505332005511973,25.551741049534087,21678.35536586032,-0.9582678922847889,-1.6140600828565308,12.2650809220206
45,20,1.5,5.0,0,London_NY,3033,-16413.389346748016,91246.34301060285,107659.73235735191,0.8475438403258466,26.409495548961424,17531.01331263811,-0.9362487526557064,-1.4447253447842612,12.845037916254533
45,20,1.5,5.0,100,24h,3976,-19940.710342841227,116332.9952427455,136273.70558558893,0.8536716217031367,25.704225352112676,20999.70334646861,-0.9495710493545868,-1.5570989488954583,12.299547283702214
45,20,1.5,5.0,100,London_NY,2983,-15963.396278597927,90166.73008161296,106130.12636021189,0.849586570504795,26.583975863224943,17080.463080704536,-0.9345997355675598,-1.4108025658887549,12.90412336573919
45,20,1.5,5.0,200,24h,3602,-13876.55173688448,109975.43703613285,123851.98877301904,0.8879585877113572,26.34647418101055,15120.58259277188,-0.9177259971132272,-1.1119068774677527,12.611882287617991
45,20,1.5,5.0,200,London_NY,2722,-11811.89711739551,85110.32362932507,96922.22074672118,0.8781301436719742,27.075679647318147,13072.461322892163,-0.9035710128061971,-1.0718620241473507,13.232182218956648
45,20,2.0,0.0,0,24h,2987,-15124.50625697388,101065.07485351538,116189.58111049102,0.86982906632056,26.247070639437563,16318.512158201778,-0.9268312031358947,-1.0407702386741091,22.3120187479076
45,20,2.0,0.0,0,London_NY,2381,-12666.728662108279,84885.61826171906,97552.34692382789,0.8701545471581588,27.341453170936582,14860.205629184173,-0.8523925562128095,-0.9685603291408531,22.44057118857623
45,20,2.0,0.0,100,24h,2911,-13654.781152342248,99937.57763671856,113592.35878906258,0.8797913759524925,26.451391274476126,15214.355231583411,-0.8974932518991241,-0.9436100924909561,22.321538990037787
45,20,2.0,0.0,100,London_NY,2346,-12163.397642298023,84165.3675292972,96328.76517159567,0.8737303689024649,27.536231884057973,14319.73297293421,-0.849415115860618,-0.9332463325064577,22.44075021312873
45,20,2.0,0.0,200,24h,2619,-8078.223381695272,94398.72451171881,102476.947893415,0.9211703358876551,27.453226422298588,10445.681270925073,-0.7733553391276184,-0.5727911110293287,22.846506300114548
45,20,2.0,0.0,200,London_NY,2139,-8639.633084541512,79384.47255859418,88024.10564313574,0.9018492375308184,28.237494156147733,10940.091957309294,-0.7897221630545072,-0.680708369321731,22.825151940158953
45,20,2.0,3.0,0,24h,4592,-23655.02500348552,145442.15743931333,169097.18244280247,0.8601098808284964,37.391114982578394,24435.383199635246,-0.9680644174975994,-1.81793459007968,11.563588850174217
45,20,2.0,3.0,0,London_NY,3367,-16574.90833914464,111327.14561593211,127902.05395507821,0.8704093653963716,37.48143748143748,17397.236896622333,-0.9527322319995915,-1.445264200401398,12.035937035937035
45,20,2.0,3.0,100,24h,4480,-21884.27423967421,143648.54821428543,165532.82245396316,0.8677949550110279,37.566964285714285,22786.482435823942,-0.9604059907583051,-1.6905074642733415,11.556026785714286
45,20,2.0,3.0,100,London_NY,3311,-15738.016277202722,110302.13757324235,126040.15385044648,0.8751349010897103,37.60193295077016,16582.794451030684,-0.9490569471675833,-1.3779133511858799,12.045907580791301
45,20,2.0,3.0,200,24h,4081,-15488.065419222512,134647.93236258367,150135.99778180852,0.8968397609630334,38.44645920117618,16530.193624440184,-0.9369560799531793,-1.2416029268285567,11.684391080617495
45,20,2.0,3.0,200,London_NY,3033,-11667.277504183925,103096.12350027927,114763.40100446438,0.8983362517835173,38.245961094625784,12686.141521343428,-0.9196868476167206,-1.0611943878040178,12.20375865479723
45,20,2.0,5.0,0,24h,3801,-20832.37769252038,128238.96003069161,149071.33772321494,0.8602522925553711,29.99210734017364,21778.834036689186,-0.9565423776785119,-1.5101318510222537,15.630360431465405
45,20,2.0,5.0,0,London_NY,2869,-15873.402040316778,100526.7429931641,116400.14503348237,0.8636307365789595,30.742418961310563,17142.66641322427,-0.925958754471921,-1.2958212536561415,16.069013593586615
45,20,2.0,5.0,100,24h,3707,-19321.51532505395,126462.5242606024,145784.0395856591,0.867464810414285,30.132182357701645,20479.884483117676,-0.9434386869213734,-1.4075542024024703,15.633666037226867
45,20,2.0,5.0,100,London_NY,2824,-15502.53773018844,99345.27399553575,114847.81172572562,0.865016690372714,30.807365439093484,16734.6604666562,-0.9263730065558985,-1.2706923664680214,16.086048158640228
45,20,2.0,5.0,200,24h,3360,-13948.649100165818,118988.58687918511,132937.23597935302,0.8950734232030044,30.803571428571427,15434.23423897722,-0.9037474023129866,-1.0456064868807025,15.902380952380954
45,20,2.0,5.0,200,London_NY,2581,-12556.54442312944,93138.22554757267,105694.76997070313,0.881199945592285,31.111972103835722,13899.259978375037,-0.9033966155511415,-1.0592151178563778,16.30530802014723
45,20,2.5,0.0,0,24h,2817,-15563.460672431358,105464.07187499957,121027.53254743344,0.8714056186650406,28.96698615548456,16902.669670757485,-0.9207693799611413,-1.0291951829777308,25.588214412495564
45,20,2.5,0.0,0,London_NY,2246,-13423.943601770648,88977.3093750001,102401.2529767717,0.8689084048139856,30.409617097061442,15369.473739186915,-0.8734159561718872,-0.9847547540155668,25.930097951914515
45,20,2.5,0.0,100,24h,2745,-14172.820443288003,104181.3237792965,118354.14422258695,0.8802507462971821,29.25318761384335,15618.66145891324,-0.9074286218810302,-0.942216033919266,25.602550091074683
45,20,2.5,0.0,100,London_NY,2213,-13270.424293734963,87916.45810546892,101186.88239920474,0.8688523257255714,30.54676909173068,15149.827068218767,-0.8759455955489811,-0.9784249917948424,25.90284681427926
45,20,2.5,0.0,200,24h,2474,-8575.736103165713,98048.37041015613,106624.10651332309,0.9195703824998019,30.234438156831043,10465.683471678414,-0.8194148166598808,-0.5858407015796451,26.162489894907033
45,20,2.5,0.0,200,London_NY,2017,-8700.437862722321,83018.7614257816,91719.1992885041,0.9051404947904621,31.333663857213683,11012.26040736501,-0.7900683003194748,-0.6596274442106042,26.43034209221616
45,20,2.5,3.0,0,24h,4441,-22882.128076169458,154399.520950753,177281.64902692736,0.8709278247253962,41.18441792389102,23572.536103164704,-0.9707113386538602,-1.652881221975102,13.68835847782031
45,20,2.5,3.0,0,London_NY,3273,-14144.86454031648,119663.83254394533,133808.69708426396,0.8942903948058689,41.82706996639169,14947.215403527971,-0.9463210476633585,-1.1580181472388142,14.313779407271616
45,20,2.5,3.0,100,24h,4336,-21535.381345910035,152394.38629324734,173929.76763916216,0.8761834639450993,41.305350553505534,22347.6393729053,-0.963653520023235,-1.5631793038194868,13.65890221402214
45,20,2.5,3.0,100,London_NY,3219,-13603.508110698782,118397.21196289068,132000.7200735916,0.896943682556301,41.87635911773843,14387.552394320428,-0.9455053742197906,-1.118713817174671,14.304753028890959
45,20,2.5,3.0,200,24h,3946,-14257.737721468522,142700.22807965934,156957.9658011315,0.9091620635582334,42.19462747085657,15344.613246370958,-0.9291689202294177,-1.0755123453156887,13.81931069437405
45,20,2.5,3.0,200,London_NY,2946,-8012.205930871967,110864.45492117762,118876.66085205117,0.9326006814672798,42.600135777325185,9206.898529923146,-0.8702394085078342,-0.6866214576495402,14.53632043448744
45,20,2.5,5.0,0,24h,3634,-20609.640112302608,135884.9554094583,156494.59552176492,0.8683044609713678,33.15905338470006,21469.13932058979,-0.9599658283710103,-1.4129553715026264,18.157402311502477
45,20,2.5,5.0,0,London_NY,2752,-16315.855325752025,106405.93094308036,122721.786268834,0.8670500501841444,34.156976744186046,17944.469117953555,-0.9092414614499745,-1.2593536439830424,18.723110465116278
45,20,2.5,5.0,100,24h,3546,-19375.18653913025,133823.6011404851,153198.78767961927,0.8735291131699225,33.36153412295544,20356.535747417423,-0.9517919345185403,-1.3363003203201178,18.16243654822335
45,20,2.5,5.0,100,London_NY,2708,-16172.310942730275,104925.17189592631,121097.4828386583,0.866452129609673,34.23190546528804,17734.797371999346,-0.9118971366576757,-1.2545212787855788,18.75406203840473
45,20,2.5,5.0,200,24h,3217,-14086.974074007894,125288.13964494951,139375.1137189603,0.8989276227432098,33.97575380789556,15348.320085796526,-0.9178186273978028,-1.0023705188581078,18.417158843643143
45,20,2.5,5.0,200,London_NY,2477,-12176.351890344866,98545.22539760046,110721.57728794657,0.8900272901759714,34.59830440048446,14152.045636857132,-0.8603951826323374,-0.9735594553819386,18.999192571659265
45,20,3.0,0.0,0,24h,2707,-12319.593066404657,109240.97558593698,121560.56865234456,0.8986546936808034,31.030661248614702,15365.771372766663,-0.8017555882836535,-0.7775641772122234,28.11710380495013
45,20,3.0,0.0,0,London_NY,2174,-12470.944625417464,91714.36518554689,104185.30981096564,0.8803003547424672,32.29070837166513,14393.944367326074,-0.8664021693543726,-0.8879559229243318,28.44986200551978
45,20,3.0,0.0,100,24h,2638,-10935.520685684833,108044.77714843703,118980.29783412475,0.9080896511039721,31.387414708112207,14762.203996929631,-0.7407783206328333,-0.6939642021078675,28.15959059893859
45,20,3.0,0.0,100,London_NY,2141,-12143.712548827054,90693.81298828132,102837.52553710958,0.881913606094634,32.46146660439047,13935.018903458757,-0.871452893817956,-0.8696956976265579,28.457730032695
45,20,3.0,0.0,200,24h,2383,-6734.197931779065,101550.22109374985,108284.41902553037,0.9378100931566822,32.27024758707512,10168.551994976548,-0.6622573140311308,-0.44136867781204925,28.527066722618546
45,20,3.0,0.0,200,London_NY,1954,-8478.377957588427,85665.51459960968,94143.89255719849,0.9099423475353152,33.111566018423744,10921.532509067136,-0.7762992922970853,-0.623153721966127,28.764585465711363
45,20,3.0,3.0,0,24h,4345,-22449.2816685245,159941.01835239917,182390.30002092943,0.8769162523119147,43.7054085155351,23530.074825611762,-0.9540675852033054,-1.5513286512866182,15.293210586881472
45,20,3.0,3.0,0,London_NY,3213,-14008.121044920308,123527.42452915736,137535.54557408058,0.8981490858493884,44.41332088390912,14723.749337331057,-0.9513963273881386,-1.1027988125418406,15.908185496420792
45,20,3.0,3.0,100,24h,4245,-21255.216727118215,157897.22619280097,179152.44291992494,0.8813568133334116,43.76914016489988,23105.65617326802,-0.9199140058056148,-1.4768882630523872,15.259363957597174
45,20,3.0,3.0,100,London_NY,3161,-13475.691360908058,122270.99553571428,135746.68689662524,0.9007291325557503,44.44795950648529,14442.846759903547,-0.9330356809101845,-1.0665962115083563,15.91331857007276
45,20,3.0,3.0,200,24h,3865,-15184.26062011525,147376.28988211468,162560.5505022345,0.9065932012827977,44.501940491591206,16970.398217771624,-0.8947498123063543,-1.0944873760129676,15.342043984476067
45,20,3.0,3.0,200,London_NY,2893,-8904.246655272102,114071.46998814185,122975.71664341599,0.927593455860126,44.93605254061528,10329.041577147153,-0.8620593293934078,-0.7333035604587065,16.036985827860352
45,20,3.0,5.0,0,24h,3531,-17616.692302592888,141857.97530343145,159474.66760602914,0.8895329736875923,35.48569810252053,19911.95410156076,-0.8847294551172171,-1.1643706952850863,20.061455678278108
45,20,3.0,5.0,0,London_NY,2689,-15327.131951031044,110407.33649902343,125734.46845005684,0.8780992027089093,36.1472666418743,16970.354439870494,-0.903170997714766,-1.1400140212734053,20.675343994049832
45,20,3.0,5.0,100,24h,3446,-16507.875878904408,139639.9314069471,156147.80728585608,0.894280450261537,35.7225769007545,19360.572589981588,-0.8526543211561134,-1.0986399769813076,20.085026117237376
45,20,3.0,5.0,100,London_NY,2646,-15055.961380439538,108928.82221330909,123984.78359375104,0.8785660550912896,36.281179138321995,16619.04941754908,-0.9059460022148451,-1.1265995860235105,20.719954648526077
45,20,3.0,5.0,200,24h,3131,-12357.136202565369,130642.52737165146,142999.66357422032,0.913586256822519,36.282337911210476,14767.62596609781,-0.8367720194792158,-0.8454513120517624,20.201213669754072
45,20,3.0,5.0,200,London_NY,2425,-12312.5610351551,102064.09525320871,114376.65628836557,0.8923507520265803,36.577319587628864,14345.122593469878,-0.8583099206666919,-0.9476005714908542,20.783505154639176
60,5,1.5,0.0,0,24h,3464,-17817.93591482784,77648.65087890711,95466.58679373577,0.8133594536764372,29.157043879907622,19099.859723770547,-0.9328830772852589,-1.711355206097638,7.08487297921478
60,5,1.5,0.0,0,London_NY,2627,-13876.987048338417,60628.650146485306,74505.63719482302,0.8137458107760207,30.072325846973733,15265.732160294427,-0.909028594411732,-1.517650453534451,7.085649029311002
60,5,1.5,0.0,100,24h,3439,-17315.50933140152,77352.40283203215,94667.9121634344,0.8170920966176078,29.223611514975282,18597.433140344212,-0.9310698525291774,-1.6677224582838113,7.095376562954347
60,5,1.5,0.0,100,London_NY,2607,-13488.788797431613,60345.3024902353,73834.09128766628,0.8173094763924557,30.111238971998464,14877.533909387625,-0.9066548851164289,-1.4803274309170154,7.094744917529727
60,5,1.5,0.0,200,24h,3218,-13589.836778039644,74707.05288086036,88296.88965890004,0.8460892922668214,29.956494717215662,15247.640162875134,-0.8912747568065057,-1.3349924083800124,7.162523306401491
60,5,1.5,0.0,200,London_NY,2425,-10237.345363070768,58055.34780273526,68292.69316580518,0.8500960368012569,31.09278350515464,11995.555784387692,-0.8534281818267021,-1.148862137903924,7.197938144329897
60,5,1.5,3.0,0,24h,4354,-23731.307819472913,97070.03252650691,120801.34034598316,0.8035509560447907,32.31511254019293,24544.061743161976,-0.9668859240905594,-2.4039915025962055,4.936610013780432
60,5,1.5,3.0,0,London_NY,3233,-16889.24501604182,75304.8460588734,92194.09107491582,0.8168077279234911,32.75595422208475,17557.415258787434,-0.9619437011144794,-1.9282600978962832,5.031549644293227
60,5,1.5,3.0,100,24h,4321,-23117.2011352514,96596.06918596565,119713.2703212203,0.8068952500150945,32.37676463781532,23929.955058940453,-0.966036128288281,-2.348008253478929,4.948391576024068
60,5,1.5,3.0,100,London_NY,3206,-16385.593321008346,74866.92453962119,91252.51786063008,0.8204368087022585,32.84466625077979,17053.763563753968,-0.9608197779775868,-1.8768074403487454,5.045227698066126
60,5,1.5,3.0,200,24h,4066,-19368.211188613903,93206.04558803044,112574.25677664687,0.8279516850193915,32.88243974422036,20380.96729387367,-0.9503087321295005,-2.0082459552760836,4.960649286768322
60,5,1.5,3.0,200,London_NY,3000,-13112.152099607882,72013.45590122833,85125.60800083635,0.8459670079598234,33.56666666666667,13898.504652621235,-0.9434217872593187,-1.5367351005955705,5.074666666666666
60,5,1.5,5.0,0,24h,3830,-21145.578648156235,85072.01178501722,106217.59043317541,0.8009220642087387,30.234986945169712,22332.06275634583,-0.9468708233030356,-2.118110832732512,6.085117493472585
60,5,1.5,5.0,0,London_NY,2869,-15599.63176792537,65865.31483677537,81464.94660470066,0.808511115294524,31.021261763680727,16885.547912596317,-0.923845163252791,-1.796612228445341,6.195538515162077
60,5,1.5,5.0,100,24h,3803,-20533.632013809143,84830.95547572595,105364.58748953699,0.8051182802205713,30.318169865895346,21720.116121998763,-0.9453739518920935,-2.0606669341588657,6.093873257954247
60,5,1.5,5.0,100,London_NY,2847,-15108.757948519706,65621.1152169372,80729.87316545677,0.8128479910088054,31.085353003161224,16394.67409319063,-0.9215650071869975,-1.7442417825729568,6.205479452054794
60,5,1.5,5.0,200,24h,3569,-16727.197773086817,82176.50132882305,98903.6991019111,0.8308738912196578,30.876996357523115,18212.139552523484,-0.9184641774156121,-1.7064641293801737,6.126646119361166
60,5,1.5,5.0,200,London_NY,2656,-11890.208494348608,63199.940283203905,75090.14877755199,0.8416542157937149,31.852409638554217,13581.966366139917,-0.8754408731265237,-1.399702376926506,6.269954819277109
60,5,2.0,0.0,0,24h,3351,-18517.897886437524,80659.30615234446,99177.20403878344,0.8132847354801662,31.184720978812294,19681.547202844205,-0.9408761260274029,-1.7140532824751604,7.9635929573261715
60,5,2.0,0.0,0,London_NY,2541,-14609.399979072343,63014.99536132909,77624.39534040082,0.8117937033196052,32.073986619441165,16119.01166992059,-0.9063458900730678,-1.5395277968797072,7.9374262101534825
60,5,2.0,0.0,100,24h,3326,-17840.990101839365,80363.05810546952,98204.04820731014,0.8183273456896804,31.26879134095009,19004.639418246006,-0.9387702502111436,-1.657040152911645,7.972339146121468
60,5,2.0,0.0,100,London_NY,2521,-14057.041789898245,62731.64770507909,76788.68949497673,0.8169386418449399,32.130107100357,15566.653480746492,-0.9030227214400706,-1.4876809521031518,7.9476398254660845
60,5,2.0,0.0,200,24h,3110,-13959.114711214786,77496.45761718843,91455.57232840349,0.8473672587046972,32.02572347266881,15702.827511159154,-0.8889554891496322,-1.3238383641583453,8.041157556270097
60,5,2.0,0.0,200,London_NY,2344,-10781.577001951986,60220.44248046967,71002.01948242064,0.8481511218899854,33.10580204778157,12716.7113490501,-0.8478274536566671,-1.1685667909470872,8.051194539249147
60,5,2.0,3.0,0,24h,4260,-24829.081577843448,102198.91791294656,127027.99949079414,0.8045385137341553,34.81220657276995,25673.15107072893,-0.9671224817491203,-2.3851070950501962,5.65868544600939
60,5,2.0,3.0,0,London_NY,3165,-18242.03745814565,79015.65836356083,97257.6958217077,0.812436051419642,35.13428120063191,18871.84693080205,-0.9666270357657233,-1.9811898994034538,5.718483412322274
60,5,2.0,3.0,100,24h,4227,-24021.877403038787,101724.95457240527,125746.83197544809,0.8089663411342796,34.89472439082091,24865.946895924266,-0.9660552040741377,-2.315240812294453,5.667139815471966
60,5,2.0,3.0,100,London_NY,3138,-17561.798849049686,78577.73684430856,96139.5356933594,0.8173301054306643,35.24537922243467,18191.608321706073,-0.9653791208826268,-1.9151232266048472,5.7310388782664115
60,5,2.0,3.0,200,24h,3975,-19674.579118998925,98219.70734863293,117894.28646763506,0.8331167717410691,35.522012578616355,20696.140813335216,-0.9506399911195973,-1.9377659199515145,5.67748427672956
60,5,2.0,3.0,200,London_NY,2935,-13881.441371371333,75609.04458007874,89490.48595145045,0.8448836071925843,36.08177172061329,14863.574288503103,-0.9339235033196931,-1.5511643632428849,5.759114139693356
60,5,2.0,5.0,0,24h,3725,-22057.755039757634,88986.27399204839,111044.0290318087,0.8013602781519946,32.29530201342282,23097.557672989155,-0.954982139326034,-2.112469172321591,6.899060402684563
60,5,2.0,5.0,0,London_NY,2792,-16394.88436104756,68912.95524553652,85307.83960658421,0.8078150327489678,32.98710601719198,17637.72284458579,-0.929535207322994,-1.802727232368971,6.960601719197707
60,5,2.0,5.0,100,24h,3698,-21276.05585937261,88745.21768275708,110021.2735421323,0.8066187095059609,32.39588967009194,22315.85849260416,-0.9534052147903628,-2.0428905211770134,6.904272579772851
60,5,2.0,5.0,100,London_NY,2770,-15744.579258508526,68668.75562569834,84413.33488420701,0.8134823214826649,33.068592057761734,16987.417742046735,-0.9268377040930728,-1.7369789312821122,6.968953068592057
60,5,2.0,5.0,200,24h,3467,-17324.851053290316,85693.98306361648,103018.83411690869,0.8318283137078462,32.967983847706954,18676.593544222676,-0.9276237131931105,-1.6949688153239801,6.943178540524949
60,5,2.0,5.0,200,London_NY,2582,-12480.682020785598,65924.8425537117,78405.52457449693,0.8408188442266371,33.84972889233153,14113.393160573567,-0.8843147695800734,-1.4078520346111916,7.037567776917119
60,5,2.5,0.0,0,24h,3308,-20008.041315566676,81922.96005859438,101931.00137416313,0.8037099503994448,31.92261185006046,21055.564020645506,-0.9502496012905801,-1.794776626124876,8.357315598548972
60,5,2.5,0.0,0,London_NY,2505,-15597.511282783067,64180.79345703224,79778.30473981492,0.8044893115534149,32.93413173652694,17091.439583913227,-0.9125920146284066,-1.5898489656942296,8.341716566866268
60,5,2.5,0.0,100,24h,3282,-19264.49968261471,81626.7120117194,100891.21169433607,0.8090567120852791,32.02315661182206,20312.022387693556,-0.9484284388287447,-1.7348623389231594,8.37202925045704
60,5,2.5,0.0,100,London_NY,2484,-14946.298960656975,63897.44580078223,78843.74476143878,0.810431391787893,33.011272141706925,16440.227261787124,-0.9091297050009421,-1.5311386582380708,8.35829307568438
60,5,2.5,0.0,200,24h,3073,-16017.061980327204,78416.7106933602,94433.77267368825,0.8303884137333547,32.704197852261636,17719.320603723212,-0.9039320602936477,-1.4792878136667544,8.419134396355352
60,5,2.5,0.0,200,London_NY,2314,-12197.952176338044,61042.83974609468,73240.79192243176,0.8334541195396173,33.88072601555748,14191.219618441739,-0.8595422031582536,-1.288055357811458,8.426966292134832
60,5,2.5,3.0,0,24h,4222,-25107.082446286287,104391.52420479916,129498.60665109061,0.80612082943921,35.88346755092373,25912.791169082528,-0.9689069109715375,-2.332560258076077,6.016816674561819
60,5,2.5,3.0,0,London_NY,3136,-18385.850531875963,80848.80088936992,99234.65142124743,0.8147234834953946,36.25637755102041,19257.822736466078,-0.9547211428559381,-1.9333229588363767,6.063775510204081
60,5,2.5,3.0,100,24h,4188,-24230.012175639,103917.56086425787,128147.57303990179,0.810921021749672,35.98376313276027,25035.720898435226,-0.9678176344086588,-2.259829018310376,6.0298471824259785
60,5,2.5,3.0,100,London_NY,3108,-17609.71485595523,80410.87937011773,98020.59422607439,0.820346785336338,36.38996138996139,18481.68706054533,-0.9528196640418404,-1.8608234418775085,6.081081081081081
60,5,2.5,3.0,200,24h,3940,-20452.032226560143,99991.77087402354,120443.80310058758,0.8301944002093349,36.54822335025381,21473.593920896423,-0.9524270740100856,-1.953461793624465,6.031472081218275
60,5,2.5,3.0,200,London_NY,2909,-14409.571229769705,77021.64433942581,91431.21556919605,0.8423998725154765,37.12616019250601,15780.88257533333,-0.9131030004806522,-1.5660418294698413,6.090752836026126
60,5,2.5,5.0,0,24h,3688,-23727.73547711774,90680.15878906292,114407.89426618426,0.7926040363795543,33.10737527114968,24685.949288502365,-0.9611838378104861,-2.1773605927179474,7.264642082429502
60,5,2.5,5.0,0,London_NY,2759,-17583.320837400614,70334.83382742823,87918.15466482926,0.8000035270936475,33.88909025009061,18760.988035364135,-0.9372278690363408,-1.8447947615058427,7.313519391083726
60,5,2.5,5.0,100,24h,3660,-22879.402448378933,90439.10247977161,113318.50492815404,0.7980965027478223,33.224043715846996,23837.61625976355,-0.9598024483260928,-2.1060782390654387,7.274863387978142
60,5,2.5,5.0,100,London_NY,2736,-16834.16160190956,70090.63420759005,86924.79580949996,0.806336483794534,33.99122807017544,18011.82879987308,-0.9346170113513504,-1.773432095850876,7.327119883040935
60,5,2.5,5.0,200,24h,3434,-19549.785419570762,86877.34788992787,106427.13330950108,0.8163082588843165,33.75072801397787,20858.299858745428,-0.9372664863370428,-1.853796446686462,7.302562609202097
60,5,2.5,5.0,200,London_NY,2554,-14222.123815916584,66836.20116490035,81058.3249808167,0.8245445631983863,34.69068128425999,15894.928051756475,-0.8947586154279549,-1.5547200091683606,7.372748629600626
60,5,3.0,0.0,0,24h,3289,-19779.039997207263,82701.51396484436,102480.553962054,0.8069971401156426,32.3198540589845,20960.863612581954,-0.943617608643506,-1.7509032655294825,8.55427181514138
60,5,3.0,0.0,0,London_NY,2489,-15381.129317799774,64843.798730469745,80224.92804826915,0.8082749378279903,33.30654881478505,16953.767030551044,-0.9072396294040526,-1.5459945471070191,8.54118119726798
60,5,3.0,0.0,100,24h,3263,-18975.513623044397,82405.26591796937,101380.77954101595,0.8128292787947089,32.42414955562366,20157.337238419033,-0.941370052929306,-1.6877620944610956,8.572785779957094
60,5,3.0,0.0,100,London_NY,2468,-14655.067752509623,64560.45107421974,79215.51882672892,0.8149975160225263,33.38735818476499,16227.705465260882,-0.9030893359435288,-1.482093797161511,8.562398703403565
60,5,3.0,0.0,200,24h,3056,-15971.567878067259,79159.66401367268,95131.23189174087,0.8321101539372074,33.1151832460733,17715.078138949226,-0.9015804363262389,-1.455609179527727,8.607657068062828
60,5,3.0,0.0,200,London_NY,2299,-12058.726346259939,61670.244433594686,73728.97077985361,0.8364452098176588,34.27577207481514,14037.653927174984,-0.8590271856549967,-1.2557865582412155,8.622879512831666
60,5,3.0,3.0,0,24h,4207,-25901.488905549566,105122.0218470983,131023.51075265359,0.8023141895926437,36.320418350368435,26837.653822542266,-0.9651174829520168,-2.364224365047051,6.172807226051818
60,5,3.0,3.0,0,London_NY,3125,-18826.085902620922,81536.33331822036,100362.41922084306,0.8124189706786887,36.736,19767.006602258494,-0.9523994341394075,-1.946172197646619,6.217600000000001
60,5,3.0,3.0,100,24h,4173,-24970.63070591232,104648.058506557,129618.68921247488,0.8073531613563437,36.42463455547568,25906.795622905054,-0.9638641177156994,-2.290042245361964,6.188832973879703
60,5,3.0,3.0,100,London_NY,3097,-17975.10098353612,81098.41179896818,99073.51278250595,0.8185680463051902,36.87439457539554,18916.02168317368,-0.9502580026922608,-1.869520320598454,6.238618017436228
60,5,3.0,3.0,200,24h,3926,-21258.923974606936,100650.08746861057,121909.01144322191,0.8256164681926528,37.009679062659195,22375.34007742536,-0.9501050666065727,-1.9972394241972753,6.182373917473255
60,5,3.0,3.0,200,London_NY,2898,-14741.272882950467,77636.99572056418,92378.26860351543,0.8404248844907418,37.64665286404417,16088.483450751854,-0.916262426354522,-1.5779643420743474,6.242926155969634
60,5,3.0,5.0,0,24h,3674,-24047.518722095272,91406.01956263986,115453.5382847393,0.7917125877702265,33.42406096897115,25149.969419640736,-0.9561649289050621,-2.1755225089809658,7.427054980947197
60,5,3.0,5.0,0,London_NY,2748,-17782.590719166757,70918.27262486127,88700.86334402848,0.7995217853720659,34.1703056768559,19034.89929199082,-0.934209866119387,-1.840539084454596,7.470887918486172
60,5,3.0,5.0,100,24h,3646,-23139.20095214552,91164.96325334853,114304.16420549812,0.7975646721798384,33.54360943499726,24241.65164969102,-0.9545224593820301,-2.101736145916826,7.440482720789907
60,5,3.0,5.0,100,London_NY,2725,-16958.582240511627,70674.07300502306,87632.65524553513,0.8064810179151098,34.27522935779817,18210.890813335696,-0.9312329865869596,-1.7645974772505812,7.488440366972477
60,5,3.0,5.0,200,24h,3422,-20005.040122765437,87567.60807756738,107572.64820033568,0.8140322799759253,34.07364114552893,21327.33525390447,-0.9379999838049642,-1.8700204785933379,7.4561659848042074
60,5,3.0,5.0,200,London_NY,2544,-14451.278016879178,67384.03937639587,81835.31739327483,0.8234102527221755,34.984276729559745,16095.067403737487,-0.8978699904992881,-1.5587916443121201,7.524764150943397
60,10,1.5,0.0,0,24h,3072,-14376.756082587579,82078.69169921926,96455.44778180758,0.8509492577846918,26.46484375,15350.41007428701,-0.9365714670170038,-1.190639316017635,11.618489583333332
60,10,1.5,0.0,0,London_NY,2435,-11927.926269529904,66995.26479492267,78923.19106445229,0.8488666498572172,26.858316221765914,13020.72374441844,-0.9160724475583024,-1.0992532101908477,11.698973305954825
60,10,1.5,0.0,100,24h,3047,-13675.506823728783,81888.59165039113,95564.09847412056,0.8568970246976917,26.6163439448638,14649.160815428197,-0.9335351694225391,-1.1347963523393516,11.65441417787988
60,10,1.5,0.0,100,London_NY,2415,-11360.045052663296,66818.06513671954,78178.11018938254,0.8546902064383002,26.99792960662526,12452.842527551824,-0.9122451382107561,-1.049371991486276,11.730848861283643
60,10,1.5,0.0,200,24h,2843,-9449.8633719294,79358.19326171935,88808.05663364888,0.8935922738303786,27.400633134013365,11252.005371092282,-0.8398381497583715,-0.7966191338966787,11.863876187126275
60,10,1.5,0.0,200,London_NY,2248,-7871.796826170814,64537.16489257887,72408.96171874905,0.8912869810680918,27.846975088967973,9324.021988349712,-0.8442490629051024,-0.7394818855834091,11.982651245551601
60,10,1.5,3.0,0,24h,4173,-22344.59786027967,107011.45317034052,129356.05103062246,0.8272628324515542,32.25497244188833,23241.046231513137,-0.9614282264961915,-2.117324189490633,7.021327582075246
60,10,1.5,3.0,0,London_NY,3157,-15738.102849468269,84053.56886858304,99791.67171805215,0.8422904178423327,32.84764016471333,16509.582170757356,-0.9532708148934519,-1.6815717828995893,7.281913208742477
60,10,1.5,3.0,100,24h,4140,-21712.94596644599,106530.58919503364,128243.53516148186,0.830689742456743,32.31884057971015,22609.39433767945,-0.9603506242650873,-2.0624054700302525,7.043961352657004
60,10,1.5,3.0,100,London_NY,3130,-15216.905944822633,83605.0467633933,98821.95270821676,0.8460169473704579,32.93929712460064,15988.385266111727,-0.9517475149335882,-1.6306463284876014,7.3070287539936105
60,10,1.5,3.0,200,24h,3892,-17715.815365162736,102692.02182268431,120407.8371878489,0.8528682536044058,32.8622816032888,18769.101625277264,-0.9438819032928024,-1.7173300540261447,7.10174717368962
60,10,1.5,3.0,200,London_NY,2931,-11913.468294850722,80305.62882952057,92219.09712437168,0.8708134359764556,33.640395769361994,12828.393898226768,-0.9286796452748061,-1.3054084839813402,7.399181166837257
60,10,1.5,5.0,0,24h,3568,-19580.951410782192,93445.32774832612,113026.27915911002,0.8267575332350869,28.1390134529148,20622.020218329886,-0.9495166430579707,-1.7781408150047207,9.197309417040358
60,10,1.5,5.0,0,London_NY,2752,-15416.417372347909,73779.12238420812,89195.5397565563,0.8271615664367904,28.70639534883721,16247.457425361412,-0.9488510705855863,-1.5898177781023128,9.453125
60,10,1.5,5.0,100,24h,3541,-18782.8708740216,93290.81982770673,112073.69070173001,0.8324060646489145,28.29709121717029,19823.939681569307,-0.9474842627514848,-1.7083115891406802,9.219147133578085
60,10,1.5,5.0,100,London_NY,2730,-14754.859610419908,73621.4711530418,88376.33076346197,0.8330451209848104,28.864468864468865,15585.8996634334,-0.9466800075094014,-1.5245271719170503,9.475457875457876
60,10,1.5,5.0,200,24h,3322,-14636.702371650163,90698.4728166856,105335.17518833703,0.8610463945640064,28.807947019867548,15976.228850444999,-0.9161550268630807,-1.3468992248039682,9.30794701986755
60,10,1.5,5.0,200,London_NY,2550,-11266.468113489265,71268.41375906866,82534.88187255792,0.8634944661229926,29.45098039215686,12278.343495395047,-0.9175886077559825,-1.1790037615526485,9.616078431372548
60,10,2.0,0.0,0,24h,2895,-15189.793840679065,86406.05439453167,101595.84823521179,0.8504880454808238,29.77547495682211,16014.088078960682,-0.9485269323974448,-1.2004131346398625,13.76545768566494
60,10,2.0,0.0,0,London_NY,2301,-12511.79158063488,70447.31997070392,82959.11155133866,0.8491812249834437,30.378096479791395,13988.70628487613,-0.8944209225525012,-1.1015931908883474,13.80530204259018
60,10,2.0,0.0,100,24h,2872,-14429.44093191792,86179.80385742229,100609.24478934119,0.856579373375362,29.909470752089135,15379.907380020819,-0.9382007690542014,-1.143065347720086,13.790389972144848
60,10,2.0,0.0,100,London_NY,2282,-11866.603564451889,70233.96982421954,82100.57338867118,0.855462598193144,30.499561787905346,13500.865339005528,-0.878951331376362,-1.047793545984436,13.834794040315513
60,10,2.0,0.0,200,24h,2676,-9708.34780273295,83514.10898437549,93222.45678710888,0.8958582713079077,30.680119581464872,12275.48422153879,-0.7908728997996269,-0.7827700568479022,13.998878923766817
60,10,2.0,0.0,200,London_NY,2120,-8034.020438057072,67840.17299804767,75874.19343610409,0.8941139263006188,31.32075471698113,10392.892633927462,-0.7730302545251085,-0.7221800304860992,14.08867924528302
60,10,2.0,3.0,0,24h,4005,-21632.03921944554,115199.39224679123,136831.43146623985,0.8419073820419262,36.5792759051186,22514.69845144914,-0.9607963111783632,-1.9057059670770848,8.629463171036205
60,10,2.0,3.0,0,London_NY,3042,-15150.660815428198,90422.7791190014,105573.43993443093,0.8564917385960026,37.08086785009862,15868.790004183862,-0.9547458130981425,-1.5105721936897183,8.831360946745562
60,10,2.0,3.0,100,24h,3973,-20864.479931638634,114638.12223772316,135502.60216936487,0.8460215553236153,36.64736974578404,21747.139163642252,-0.9594126277777593,-1.8438254269776753,8.649886735464385
60,10,2.0,3.0,100,London_NY,3016,-14537.938884624635,89893.85098005053,104431.78986467645,0.8607901013334703,37.1684350132626,15256.068073380291,-0.9529282915295395,-1.4550295494896033,8.856763925729442
60,10,2.0,3.0,200,24h,3731,-15954.722349328566,110642.07841796872,126596.80076729972,0.873972152118933,37.3358348968105,17029.081895227187,-0.936910307172829,-1.442402661472793,8.69632806218172
60,10,2.0,3.0,200,London_NY,2820,-10622.699201310077,86394.32600795238,97017.02520926324,0.8905068550762304,37.97872340425532,11635.561697822388,-0.9129511300944011,-1.0890048113772741,8.937943262411348
60,10,2.0,5.0,0,24h,3398,-19935.85958774924,99833.40319824206,119769.26278599359,0.8335477807576275,31.783402001177162,20855.72540108671,-0.9558938471020749,-1.7031837783170194,11.028840494408476
60,10,2.0,5.0,0,London_NY,2631,-15589.95829380438,78779.22712053603,94369.18541434116,0.8347982106091598,32.307107563664005,16521.792278179695,-0.9435997034289079,-1.5165584950103332,11.234891676168758
60,10,2.0,5.0,100,24h,3373,-19126.329907224703,99591.8805559429,118718.21046316995,0.8388930406497273,31.900385413578416,20046.195720562195,-0.9541126991794284,-1.637537385016323,11.040320189742069
60,10,2.0,5.0,100,London_NY,2610,-14846.82336425641,78585.42540108849,93432.2487653456,0.8410953010288257,32.452107279693486,15778.65734863171,-0.9409433918370687,-1.448056248984422,11.251724137931035
60,10,2.0,5.0,200,24h,3160,-14623.229963028436,96593.88227190297,111217.1122349331,0.8685163670484424,32.436708860759495,15806.48764299518,-0.9251410112928461,-1.2713514791922693,11.12753164556962
60,10,2.0,5.0,200,London_NY,2433,-11101.260135322484,75904.7559988843,87006.01613420698,0.87240813189057,33.08672420879572,12470.036429267899,-0.8902347798493341,-1.0999989989389234,11.391697492807234
60,10,2.5,0.0,0,24h,2804,-15982.329853164869,89161.25390625036,105143.58375941704,0.8479951958862612,31.74037089871612,16766.32727225025,-0.9532397640607334,-1.2178895595883816,15.147646219686163
60,10,2.5,0.0,0,London_NY,2227,-13313.101027133083,72718.26850586021,86031.36953299334,0.845252945531368,32.42029636281994,14761.029056220985,-0.901908733898354,-1.1322400843123388,15.220925011225864
60,10,2.5,0.0,100,24h,2781,-15182.08471505106,88909.50288085974,104091.58759591256,0.8541468617618723,31.895001797914418,15966.082134136424,-0.9508960675199627,-1.1601823660681005,15.182308522114347
60,10,2.5,0.0,100,London_NY,2208,-12610.907570101857,72479.41787109457,85090.32544119647,0.8517938731023311,32.56340579710145,14058.835599189752,-0.8970093917897908,-1.0762290678296134,15.259057971014492
60,10,2.5,0.0,200,24h,2593,-10803.890863907407,85857.60683593791,96661.49769984627,0.8882296351598374,32.7419976860779,12635.806555174348,-0.855021863205339,-0.8423609697101383,15.35518704203625
60,10,2.5,0.0,200,London_NY,2054,-8985.23159528357,69699.41987304765,78684.65146833076,0.8858070611280585,33.44693281402142,10918.249516949247,-0.8229553264316865,-0.7843576806389693,15.459104186952288
60,10,2.5,3.0,0,24h,3932,-21565.833039199708,120131.13831263942,141696.97135184356,0.8478031475658385,39.140386571719226,22411.138929964673,-0.9622818861010783,-1.8149173450491434,9.64267548321465
60,10,2.5,3.0,0,London_NY,2988,-15310.925348770736,94349.95769391766,109660.88304269018,0.8603793356030874,39.82597054886212,16088.75729282786,-0.9516536964353443,-1.457393734145401,9.852744310575636
60,10,2.5,3.0,100,24h,3900,-20717.70346505074,119575.76168387271,140293.4651489277,0.852325955146505,39.23076923076923,21563.009355815724,-0.9607983339979864,-1.7497779084023528,9.667179487179487
60,10,2.5,3.0,100,London_NY,2962,-14616.398564800347,93826.9229352681,108443.32150007022,0.865216240496722,39.9392302498312,15394.23050885744,-0.9494725024671062,-1.3974580024058956,9.880823767724511
60,10,2.5,3.0,200,24h,3662,-15848.513476560496,115139.39802594866,130987.91150251243,0.8790078161047724,39.97815401419989,16922.873022459222,-0.9365143528245536,-1.370891650949037,9.695521572910977
60,10,2.5,3.0,200,London_NY,2770,-10746.743216377003,89840.3566964288,100587.09991280705,0.8931598264022528,40.75812274368231,11910.327284457366,-0.9023046100841572,-1.055992534760758,9.934296028880865
60,10,2.5,5.0,0,24h,3323,-20768.38413260108,103849.31919642833,124617.7033290328,0.8333432283070655,33.854950346072826,21650.896604699963,-0.9592389872709794,-1.6857375212743726,12.167619620824556
60,10,2.5,5.0,0,London_NY,2568,-16857.501267785912,81659.50672781843,98517.00799560548,0.8288874011628631,34.38473520249221,17730.174428012237,-0.9507803398229646,-1.5537938889966887,12.380841121495326
60,10,2.5,5.0,100,24h,3298,-19929.075006973362,103617.61885463151,123546.69386160812,0.8386919602292204,33.99029714978775,20811.58747907223,-0.9575951391028528,-1.6215989698192173,12.185870224378412
60,10,2.5,5.0,100,London_NY,2547,-16067.473681639172,81475.5273088731,97543.00099051339,0.835278046415622,34.55045151158225,16940.14684186549,-0.9484849117086982,-1.485510059081746,12.40361209265803
60,10,2.5,5.0,200,24h,3090,-15623.955400737486,100015.1545410155,115639.10994175558,0.8648903869235117,34.627831715210355,16735.52152797019,-0.9335804309788054,-1.3034680397931608,12.251779935275081
60,10,2.5,5.0,200,London_NY,2377,-12681.406604002648,78189.64177943676,90871.04838343989,0.8604461285568907,35.21245267143458,14069.17584751564,-0.9013610137115425,-1.2074355876941876,12.49894825410181
60,10,3.0,0.0,0,24h,2753,-15024.417274690955,90613.50141601596,105637.91869070908,0.8577743914220594,32.945877224845624,15849.071083285442,-0.9479683191361181,-1.1284693702631228,15.964402470032692
60,10,3.0,0.0,0,London_NY,2184,-12079.31278947968,74011.66777343825,86090.98056291799,0.8596913090024362,33.79120879120879,13635.552082169606,-0.8858689928129183,-1.0119629055012016,16.03937728937729
60,10,3.0,0.0,100,24h,2730,-14111.568551197708,90361.75039062534,104473.31894182516,0.8649265793971982,33.11355311355312,15055.843146622414,-0.9372818522198445,-1.0636059339586563,16.00989010989011
60,10,3.0,0.0,100,London_NY,2165,-11260.515764507692,73772.81713867263,85033.33290318023,0.8675752745417032,33.94919168591224,12816.755057197526,-0.8785777456349301,-0.947422475478868,16.090069284064665
60,10,3.0,0.0,200,24h,2547,-10062.02376534441,87337.05659179724,97399.08035714278,0.8966928257592358,33.84373773066353,11864.691517855732,-0.8480645072146711,-0.7727788360240737,16.150372987828817
60,10,3.0,0.0,200,London_NY,2012,-7700.937444195546,71034.02041015703,78734.95785435187,0.9021916356589604,34.74155069582505,9745.26729213057,-0.7902233169544928,-0.6619981881042015,16.279324055666002
60,10,3.0,3.0,0,24h,3895,-22010.643450053336,122837.19236886155,144847.83581892034,0.8480429940453158,40.359435173299104,22896.605730327385,-0.9613059555329391,-1.7955892514626097,10.214890885750963
60,10,3.0,3.0,0,London_NY,2960,-14958.81685965242,96786.08806849911,111744.90492815372,0.8661342378941361,41.28378378378378,15775.756232560001,-0.9482155174772872,-1.3807137216356982,10.39527027027027
60,10,3.0,3.0,100,24h,3863,-21035.031445310073,122281.81574009481,143316.84718541015,0.8532270848932215,40.4607817758219,21920.993725584114,-0.9595838449951277,-1.7232958137519054,10.245922857882476
60,10,3.0,3.0,100,London_NY,2934,-14148.68630719711,96263.05330984958,110411.73961704875,0.8718552360802179,41.41104294478528,14965.625680104647,-0.9454122807579252,-1.3128772500305048,10.431152010906613
60,10,3.0,3.0,200,24h,3631,-16454.43190917764,117732.53569684704,134186.96760602883,0.8773768257623067,41.17323051500964,17528.79145507649,-0.9387088637198827,-1.3795922844515396,10.248141007986781
60,10,3.0,3.0,200,London_NY,2744,-10341.228404016567,92137.51477748348,102478.7431815015,0.8990890395122964,42.237609329446066,11546.920563614745,-0.8955832290561165,-0.9860087159200256,10.466836734693878
60,10,3.0,5.0,0,24h,3280,-19820.177734372686,106645.16836983782,126465.34610421481,0.8432758194640608,35.0609756097561,20743.3465959807,-0.9554956642441249,-1.5650597114131974,12.802743902439024
60,10,3.0,5.0,0,London_NY,2530,-15665.016601560974,83988.00119977706,99653.0178013394,0.8428043932117448,35.691699604743086,16738.848814172972,-0.9358479054005929,-1.4034748608900012,13.003952569169961
60,10,3.0,5.0,100,24h,3255,-18883.222255159562,106413.468028041,125296.69028320466,0.8492919309162721,35.2073732718894,19806.391116767554,-0.9533903548523556,-1.495713909210288,12.828878648233488
60,10,3.0,5.0,100,London_NY,2509,-14773.342679267473,83804.02178083174,98577.36446010058,0.8501345338234481,35.87086488640893,15847.174891879466,-0.9322382557182318,-1.3287739555092501,13.036269430051814
60,10,3.0,5.0,200,24h,3053,-14986.613668385187,102725.26029227105,117711.87396065946,0.8726839258935161,35.76809695381592,16121.5994105733,-0.9295984403728741,-1.2148359424471462,12.861775302980673
60,10,3.0,5.0,200,London_NY,2342,-11608.162123324737,80451.55036969902,92059.71249302433,0.8739061658029303,36.46456020495303,13200.091081890627,-0.8794001534769804,-1.0731260668180083,13.10076857386849
60,15,1.5,0.0,0,24h,2861,-10329.34104526934,85327.05278320347,95656.39382847333,0.89201619848024,25.096120237679134,11276.364454867537,-0.916016956228352,-0.8111699261871439,15.340789933589653
60,15,1.5,0.0,0,London_NY,2351,-8415.216699217644,71772.72153320383,80187.93823242109,0.8950563278628497,25.563589961718417,9869.436729212017,-0.8526542020690903,-0.7364894862764271,15.447043811144194
60,15,1.5,0.0,100,24h,2838,-9748.366493441777,85144.55405273473,94892.920546177,0.8972698233194488,25.229034531360114,10695.389903039964,-0.9114549896559626,-0.7668190203044025,15.384425651867513
60,15,1.5,0.0,100,London_NY,2332,-7938.410205077022,71603.12319336008,79541.5333984367,0.9001979234507359,25.686106346483704,9392.630235071398,-0.8451743554681388,-0.6961262519843732,15.481989708404802
60,15,1.5,0.0,200,24h,2642,-5619.513921246077,82368.60444335976,87988.11836460595,0.9361332640623135,26.003028009084026,7887.226110838459,-0.7124829239425329,-0.44871527786659765,15.702119606358819
60,15,1.5,0.0,200,London_NY,2170,-4577.8717564163935,69097.97187500066,73675.84363141662,0.9378646849390961,26.359447004608295,6420.035208564946,-0.7130602259484607,-0.4078735846926742,15.845622119815669
60,15,1.5,3.0,0,24h,4101,-20760.08747907168,111908.52291085404,132668.61038992755,0.8435192211778103,32.260424286759324,21667.102872138166,-0.9581385938665191,-1.9116942137503727,8.301389904901244
60,15,1.5,3.0,0,London_NY,3141,-14972.514079937113,88125.30131487199,103097.81539481,0.8547737018228639,32.664756446991404,15763.049797710522,-0.9498488092140501,-1.554060431470164,8.686405603311048
60,15,1.5,3.0,100,24h,4069,-20227.17401297238,111417.82216099354,131644.99617396767,0.8463506050298782,32.317522732858194,21134.189406038844,-0.957083029036955,-1.8666654575212625,8.32415826984517
60,15,1.5,3.0,100,London_NY,3114,-14535.619674245148,87658.02862374476,102193.64829799079,0.8577639616910339,32.72318561335902,15326.155392018562,-0.9484191763979437,-1.5127401706220616,8.71034039820167
60,15,1.5,3.0,200,24h,3823,-16454.893575612034,107219.99971400692,123674.89328962055,0.8669504121820446,32.72299241433429,17564.1179094569,-0.9368471368979118,-1.5505487678864578,8.398116662307087
60,15,1.5,3.0,200,London_NY,2915,-11396.50959123746,84117.2842564178,95513.79384765582,0.8806820551027905,33.2418524871355,12331.935173687187,-0.9241460833782473,-1.2125335565119146,8.829159519725557
60,15,1.5,5.0,0,24h,3464,-17672.59250488123,99320.08391462055,116992.67641950355,0.8489427454286631,27.280600461893766,18648.91032540312,-0.947647460174015,-1.534484369178182,11.196016166281755
60,15,1.5,5.0,0,London_NY,2722,-13994.26510707183,79023.00353306404,93017.26864013623,0.849551966944837,27.95738427626745,14884.277641949051,-0.9402045194071859,-1.3760589890780337,11.578251285819249
60,15,1.5,5.0,100,24h,3438,-17259.856623184784,98866.57527553012,116126.43189871669,0.8513701287383023,27.370564281559044,18236.174443706695,-0.946462575057301,-1.5018394329836706,11.222222222222221
60,15,1.5,5.0,100,London_NY,2700,-13605.772792269932,78637.18041643457,92242.95320870489,0.8525006808760069,28.074074074074073,14495.785327147158,-0.9386019787965234,-1.3412609641929274,11.604814814814814
60,15,1.5,5.0,200,24h,3222,-13240.490257043744,95789.88998674678,109030.38024379182,0.8785614594075586,27.901924270639356,14362.133312986944,-0.9219027541730896,-1.1680860575378849,11.349782743637492
60,15,1.5,5.0,200,London_NY,2522,-10394.206731304654,75810.32840401828,86204.53513532307,0.879423899044429,28.548770816812056,11555.53401227558,-0.8995003363983668,-1.0402775445664785,11.80253766851705
60,15,2.0,0.0,0,24h,2660,-11986.826590400517,89553.30727539091,101540.13386579209,0.881949864215814,28.533834586466167,12849.939027621605,-0.9328313982373159,-0.8995706631935847,18.626315789473686
60,15,2.0,0.0,0,London_NY,2204,-9624.479554965508,75812.8713378912,85437.35089285663,0.8873504450408923,29.038112522686024,11576.946491349321,-0.8313487120422677,-0.8011434600185171,18.639745916515427
60,15,2.0,0.0,100,24h,2639,-11353.816608536708,89339.36020507842,100693.17681361573,0.8872434362702315,28.647214854111407,12216.929045757777,-0.9293511131980604,-0.8538053993782739,18.660098522167488
60,15,2.0,0.0,100,London_NY,2185,-9052.662946427574,75611.82465820371,84664.48760463117,0.8930760322001609,29.153318077803203,11341.88966238728,-0.7981617892518043,-0.7553734812788419,18.68192219679634
60,15,2.0,0.0,200,24h,2453,-6367.868812777965,86521.7632812503,92889.63209402852,0.931446936873081,29.59641255605381,9039.328745813538,-0.7044625759105366,-0.4871025994521286,19.01182225845903
60,15,2.0,0.0,200,London_NY,2029,-4942.50463169553,73138.42568359443,78080.93031528946,0.9367002338248624,30.014785608674224,7985.5245117176955,-0.6189329986330969,-0.41950918454148484,19.08674223755545
60,15,2.0,3.0,0,24h,3912,-20122.688106862057,122290.02919921871,142412.71730608342,0.858701606938546,37.16768916155419,20952.431825472675,-0.9603986914014503,-1.6998012296657272,10.516871165644172
60,15,2.0,3.0,0,London_NY,3016,-14435.009545897037,96068.64036342107,110503.6499093193,0.8693707442447034,37.46684350132626,15172.195131137014,-0.9514120680054335,-1.3838306065257167,10.847148541114057
60,15,2.0,3.0,100,24h,3882,-19411.67689383195,121785.76504255018,141197.44193638477,0.8625210440952581,37.24884080370943,20241.420612442547,-0.9590076341726457,-1.6441213144146603,10.536321483771253
60,15,2.0,3.0,100,London_NY,2990,-13824.628226142593,95587.8042654858,109412.43249162959,0.8736466422387472,37.558528428093645,14561.813811382553,-0.9493754284467143,-1.329729042668785,10.87190635451505
60,15,2.0,3.0,200,24h,3643,-14527.468352397918,117377.27981305802,131904.748165458,0.8898639468673478,37.771067801262696,15548.912384903593,-0.9343076861441838,-1.258349575698326,10.620916826791106
60,15,2.0,3.0,200,London_NY,2795,-9925.430175779986,91839.20255301365,101764.6327287946,0.902466800993303,38.17531305903399,10844.323936243138,-0.9152650026073004,-0.976793022854612,11.002862254025045
60,15,2.0,5.0,0,24h,3264,-18636.37450474177,106406.37246791273,125042.74697265662,0.8509599720420478,31.341911764705884,19566.31724678998,-0.9524722649480308,-1.518068399548952,13.862438725490195
60,15,2.0,5.0,0,London_NY,2590,-14858.831281388266,85205.70227748352,100064.53355887262,0.85150751467155,31.814671814671815,15687.387615093721,-0.9471832816250263,-1.366384970919301,14.161003861003861
60,15,2.0,5.0,100,24h,3240,-18119.310232978387,105940.915785435,124060.22601841552,0.8539474671737993,31.419753086419753,19049.252975026597,-0.9511821936919334,-1.4796413579277554,13.879012345679012
60,15,2.0,5.0,100,London_NY,2568,-14347.925156946312,84788.43082101033,99136.3559779574,0.8552708033757336,31.931464174454828,15176.481490651766,-0.9454052420374368,-1.3234553391643478,14.187305295950155
60,15,2.0,5.0,200,24h,3033,-13430.796704100112,102586.22112513933,116017.01782924126,0.8842342532552427,32.047477744807125,14552.43976004341,-0.9229240543552711,-1.1151545406756234,14.024398285525882
60,15,2.0,5.0,200,London_NY,2395,-10587.883963447577,81759.32293526815,92347.20689871615,0.8853470037804122,32.52609603340292,11678.001238140705,-0.9066520672105453,-0.9935283152271718,14.393319415448852
60,15,2.5,0.0,0,24h,2542,-13373.781717353459,93003.85537109383,106377.6370884489,0.8742801392905983,30.841856805664833,14134.407448031649,-0.9461862314727517,-0.9621833845145726,21.014162077104643
60,15,2.5,0.0,0,London_NY,2103,-10953.895118930332,78945.9145507817,89899.80966971225,0.878154412571343,31.62149310508797,12533.720765902957,-0.8739539777150276,-0.876109107607138,21.185924869234427
60,15,2.5,0.0,100,24h,2521,-12629.007209122485,92765.35815429698,105394.3653634209,0.8801737914016885,30.940103133677113,13389.632939800642,-0.9431929363487479,-0.9108591490028229,21.064260214200715
60,15,2.5,0.0,100,London_NY,2084,-10271.20784388851,78720.31772460982,88991.5255684985,0.8845821804011806,31.71785028790787,11851.033490861118,-0.8666930062942708,-0.8239568728405068,21.24616122840691
60,15,2.5,0.0,200,24h,2346,-8193.355571636803,89298.20981445341,97491.56538609082,0.9159583135301019,32.011935208866156,9441.496163503227,-0.867802669168982,-0.6023240486835458,21.420289855072465
60,15,2.5,0.0,200,London_NY,1938,-6334.830203682154,75817.91728515681,82152.74748883882,0.9228896123706313,32.6625386996904,8409.522760880678,-0.7532924737596817,-0.5176828343276846,21.651702786377708
60,15,2.5,3.0,0,24h,3808,-19877.483715818344,128878.1423828124,148755.6260986343,0.8663749114091195,40.38865546218487,20660.8523559553,-0.9620843987149854,-1.582600689477379,12.143382352941176
60,15,2.5,3.0,0,London_NY,2946,-13578.00775843884,101908.49546247236,115486.50322091294,0.882427752336848,41.00475220638153,14261.843211145337,-0.9520513973837482,-1.226970203333787,12.516293279022403
60,15,2.5,3.0,100,24h,3778,-18993.041629462336,128379.7716064452,147372.81323591105,0.8711224871641541,40.497617787188986,19776.410269599288,-0.9603887343831472,-1.5169870244337698,12.163049232398095
60,15,2.5,3.0,100,London_NY,2920,-12810.968069892579,101433.55274483845,114244.52081473269,0.887863610626286,41.13013698630137,13494.803522599026,-0.9493260163765064,-1.162249496464974,12.539041095890411
60,15,2.5,3.0,200,24h,3545,-14276.049639018916,123310.88159877228,137586.93123779408,0.8962397844723476,41.015514809590975,15297.49367152462,-0.9332280140499707,-1.1682391941818808,12.239492242595205
60,15,2.5,3.0,200,London_NY,2729,-8889.145997836365,97056.98829520111,105946.13429303876,0.9160974956079948,41.700256504213996,9840.888115582045,-0.9032869689638384,-0.8277944720409337,12.66397947966288
60,15,2.5,5.0,0,24h,3153,-19275.131691195296,111831.10120675195,131106.23289795013,0.8529808136108871,33.80907072629242,20158.69935476986,-0.9561694111299152,-1.4742577746394934,15.802727561052965
60,15,2.5,5.0,0,London_NY,2504,-15558.208672222521,89635.53658272892,105193.7452549528,0.8520994890474122,34.66453674121406,16587.939221190307,-0.9379229369461184,-1.3414085583153905,16.194888178913736
60,15,2.5,5.0,100,24h,3129,-18588.344562637853,111375.4668247765,129963.81138741721,0.8569729191210809,33.908596995845315,19471.912226212393,-0.9546234774833715,-1.4258425372854269,15.829658037711729
60,15,2.5,5.0,100,London_NY,2482,-14878.473550849776,89228.08742675792,104106.56097760901,0.8570841894004056,34.81063658340048,15908.204099817549,-0.9352704716065604,-1.287370555030604,16.232876712328768
60,15,2.5,5.0,200,24h,2930,-14497.20750209117,106875.47699148973,121372.6844935832,0.8805562589096403,34.67576791808874,15618.850558034463,-0.9281865812227578,-1.1454338377575062,15.982935153583618
60,15,2.5,5.0,200,London_NY,2317,-11695.597469655735,85273.4842215404,96969.08169119689,0.8793883858062952,35.47690979715149,13065.760375975497,-0.895133320458017,-1.0434143996952812,16.427276650841605
60,15,3.0,0.0,0,24h,2467,-11355.62864118164,95625.6580078125,106981.28664899596,0.8938540655391338,32.346980137819216,12690.470727537766,-0.8948154000734128,-0.7860943922538514,22.718281313336036
60,15,3.0,0.0,0,London_NY,2045,-9576.370989117328,81024.11733398477,90600.48832310243,0.8943011106632661,33.20293398533008,11063.4072614387,-0.8655896653552283,-0.7469248050146036,22.854278728606356
60,15,3.0,0.0,100,24h,2446,-10545.72997000429,95387.16079101562,105932.8907610216,0.9004489550483755,32.461161079313165,12157.85853794509,-0.8674002857567973,-0.7321425225308935,22.77432542927228
60,15,3.0,0.0,100,London_NY,2026,-8810.567128207762,80798.5205078129,89609.08763602095,0.9016777498729225,33.31688055281342,10460.062629044696,-0.8423053896200638,-0.6896813684171244,22.920039486673247
60,15,3.0,0.0,200,24h,2280,-6794.710205077139,91883.81015625018,98678.52036132812,0.9311429662686677,33.37719298245614,8976.020542688475,-0.7569846985936158,-0.47992289112616743,23.020175438596493
60,15,3.0,0.0,200,London_NY,1884,-5219.480200194482,77913.61894531298,83133.09914550731,0.9372153780642929,34.12951167728238,7571.757662526855,-0.6893353475938678,-0.4156543332552824,23.246815286624205
60,15,3.0,3.0,0,24h,3750,-20055.664498463262,133081.38767089834,153137.0521693664,0.8690345398820469,42.29333333333334,21139.290551756123,-0.948738769135143,-1.530047397898099,13.233066666666668
60,15,3.0,3.0,0,London_NY,2905,-13636.09160504877,104996.21331612744,118632.30492117837,0.8850558318485761,42.99483648881239,14266.576925221787,-0.9558068257383882,-1.185557037778058,13.547332185886404
60,15,3.0,3.0,100,24h,3721,-19175.390788920882,132583.01689453115,151758.40768345672,0.8736452821189168,42.407954850846544,20259.016842213725,-0.9465114194961874,-1.4680796924879782,13.249664068798708
60,15,3.0,3.0,100,London_NY,2880,-12871.10651506554,104521.27059849353,117392.37711356119,0.8903582427450412,43.125,13501.59183523853,-0.9533028899209163,-1.1240893747674945,13.564583333333333
60,15,3.0,3.0,200,24h,3495,-14964.961425779444,127208.50220772861,142173.46363351186,0.8947415288104732,42.80400572246066,16547.30826241468,-0.9043743664201049,-1.1727153216001165,13.268669527896996
60,15,3.0,3.0,200,London_NY,2692,-9216.302905272234,99879.03218122233,109095.33508649605,0.9155206508329014,43.61069836552749,10105.217940846891,-0.9120340559918533,-0.825666320378718,13.64004457652303
60,15,3.0,5.0,0,24h,3091,-16952.998786270462,116080.50461076974,133033.5033970441,0.872565945018546,35.55483662245228,18369.978857420552,-0.9228643602614871,-1.2530273731217052,17.116143642834036
60,15,3.0,5.0,0,London_NY,2454,-13523.757073101362,93042.71146414627,106566.46853724941,0.8730955688151003,36.34881825590872,14497.376646204262,-0.9328416721960648,-1.1265514442127509,17.496740016299917
60,15,3.0,5.0,100,24h,3067,-16198.40879254837,115624.87022879432,131823.27902134648,0.8771202710719318,35.670035865666776,17615.38886369846,-0.9195601026968991,-1.2013047058931934,17.14574502771438
60,15,3.0,5.0,100,London_NY,2432,-12758.22666364269,92635.26230817524,105393.48897181968,0.8789467282266767,36.51315789473684,13731.846236745576,-0.9290976933241839,-1.067274357111895,17.537417763157894
60,15,3.0,5.0,200,24h,2876,-12639.686739674808,111084.18394600978,123723.87068568746,0.8978395464866437,36.404728789986095,14517.205381555652,-0.8706694165623459,-0.9637153662664837,17.21453407510431
60,15,3.0,5.0,200,London_NY,2272,-9964.931131416371,88617.14439871666,98582.07553013404,0.8989174139636433,37.147887323943664,11354.16244768312,-0.877645636772598,-0.8574502780952278,17.652288732394368
60,20,1.5,0.0,0,24h,2716,-8572.112686591925,86065.69809570342,94637.81078229581,0.9094219042501773,23.232695139911634,9985.841060964063,-0.8584267098042864,-0.6466029457182632,18.500368188512518
60,20,1.5,0.0,0,London_NY,2286,-7426.365319823116,73732.2595703131,81158.62489013586,0.9084956733819011,23.972003499562554,9047.421730258495,-0.8208266997200026,-0.62116481043531,18.52580927384077
60,20,1.5,0.0,100,24h,2693,-7910.291402761024,85903.79873046906,93814.09013323048,0.9156812010698224,23.356851095432603,9324.019777133137,-0.8483778018318626,-0.597573722867184,18.558113627924246
60,20,1.5,0.0,100,London_NY,2267,-6868.712093679142,73583.26059570372,80451.9726893825,0.9146234472062204,24.08469342743714,8483.525409806494,-0.8096530347795368,-0.5755234134060023,18.56947507719453
60,20,1.5,0.0,200,24h,2500,-3660.6430053699505,83088.54970703159,86749.19271240158,0.9578019934144394,24.16,6249.958729769898,-0.5857067484195568,-0.2810799579272351,19.022000000000002
60,20,1.5,0.0,200,London_NY,2106,-3354.5082903170623,71117.76064453185,74472.26893484851,0.9549562765000308,24.881291547958213,6184.267119488354,-0.5424261639258869,-0.2859428631884529,19.103038936372272
60,20,1.5,3.0,0,24h,4065,-18594.976998463488,116176.79312221,134771.770120675,0.8620261722331389,32.42312423124231,19501.99239152991,-0.9534911420916994,-1.6642710174365267,9.05239852398524
60,20,1.5,3.0,0,London_NY,3130,-13361.752397808217,91734.81098632843,105096.56338413755,0.8728621377563918,32.49201277955272,14152.288115581614,-0.9441407840684772,-1.3433045348674357,9.526198083067094
60,20,1.5,3.0,100,24h,4033,-18012.00463343839,115698.79256766204,133710.79720110187,0.8652913226869056,32.48202330771138,18919.02002650481,-0.9520580140094081,-1.6154741107885286,9.080585172328291
60,20,1.5,3.0,100,London_NY,3103,-12874.799093190482,91280.2384905137,104155.03758370507,0.87638812877539,32.54914598775379,13665.334810963875,-0.9421502854698345,-1.2976633356217864,9.556558169513375
60,20,1.5,3.0,200,24h,3785,-13980.05473981416,111450.99189453146,125431.04663434692,0.8885439042809734,32.94583883751651,15087.678731862066,-0.9265875147706564,-1.2800076828614593,9.21453104359313
60,20,1.5,3.0,200,London_NY,2903,-9534.68330077989,87738.33728376147,97273.02058454196,0.9019801868649314,33.13813296589735,10468.508541432708,-0.9107967255357452,-0.9820750560463725,9.747502583534276
60,20,1.5,5.0,0,24h,3386,-15896.31095493706,102837.44656110504,118733.75751604352,0.8661180165818424,26.4619019492026,16951.85346853925,-0.9377329142467423,-1.3097000423969862,12.717956290608388
60,20,1.5,5.0,0,London_NY,2694,-12889.821369278869,82533.68144182523,95423.50281110455,0.8649198468977255,26.948775055679288,14185.392633927082,-0.9086686355406471,-1.1889722512473562,13.182999257609502
60,20,1.5,5.0,100,24h,3360,-15496.118713377344,102342.38704310839,117838.50575648717,0.8684969856508411,26.517857142857142,16618.41193149934,-0.9324668793415364,-1.2792713579464445,12.746130952380954
60,20,1.5,5.0,100,London_NY,2672,-12513.872694613698,82106.30744628949,94620.1801409036,0.8677462600897706,27.020958083832337,14014.210044641382,-0.8929417109313722,-1.1569838299548778,13.20995508982036
60,20,1.5,5.0,200,24h,3144,-11076.35418003488,99490.88882184726,110567.24300188327,0.8998224620663884,27.067430025445294,13022.361427523469,-0.8505641808270198,-0.9260423365447167,12.953244274809162
60,20,1.5,5.0,200,London_NY,2494,-8996.082529993277,79504.89211077048,88500.97464076392,0.8983504693986748,27.546110665597435,10967.934521482977,-0.8202166517654332,-0.8430502525166709,13.489975942261427
60,20,2.0,0.0,0,24h,2501,-10116.662360489949,90733.9556640627,100850.61802455319,0.8996866597483074,27.02918832467013,11115.158244976536,-0.9101680909547235,-0.7298141712993041,22.756497401039585
60,20,2.0,0.0,0,London_NY,2123,-8553.716643414251,78364.21718750046,86917.9338309147,0.9015885874593594,27.743758831841735,10425.302845981052,-0.8204765626268309,-0.6812492048587729,22.688648139425343
60,20,2.0,0.0,100,24h,2482,-9558.939467074795,90432.70634765645,99991.64581473176,0.9044026189469221,27.11522965350524,10557.43535156137,-0.9054224959721014,-0.6910455586497268,22.78525382755842
60,20,2.0,0.0,100,London_NY,2106,-8057.1871233249785,78075.86826171921,86133.05538504416,0.9064565039832085,27.825261158594493,10265.533105467672,-0.7848776133246821,-0.6433135140191565,22.71937321937322
60,20,2.0,0.0,200,24h,2302,-4760.608830914195,87430.35898437529,92190.9678152896,0.9483614399140219,28.062554300608166,7338.8332449765,-0.6486874237363107,-0.35037728677432434,23.226759339704603
60,20,2.0,0.0,200,London_NY,1955,-4304.676897320575,75422.31967773495,79726.9965750552,0.9460072863365948,28.695652173913043,7105.934884206587,-0.6057861446054067,-0.3498258122957849,23.17953964194373
60,20,2.0,3.0,0,24h,3864,-17281.908998324223,128438.69623325883,145720.60523158533,0.8814038071632947,37.86231884057971,18111.65271693475,-0.9541872996584845,-1.4012907020953793,11.687111801242237
60,20,2.0,3.0,0,London_NY,2997,-12293.648346817845,101155.52790876142,113449.17625558036,0.891637394359536,37.83783783783784,13167.630067660331,-0.9336264979839475,-1.1262564653410518,12.107440774107442
60,20,2.0,3.0,100,24h,3834,-16575.10214843585,127891.7753278459,144466.877476284,0.8852671114791756,37.92383933229004,17404.845867046366,-0.9523268562704413,-1.3474757413330132,11.717266562336984
60,20,2.0,3.0,100,London_NY,2971,-11687.471390205134,100632.03506208172,112319.50645228793,0.8959444199911,37.89969707169303,12898.21289062351,-0.9061310655448602,-1.074168004938298,12.145069000336587
60,20,2.0,3.0,200,24h,3595,-11924.952706471679,122951.98874162945,134876.94144810308,0.9115864240511264,38.497913769123784,13032.464735628862,-0.9150189889922045,-0.9924369615306051,11.855910987482616
60,20,2.0,3.0,200,London_NY,2777,-8120.336701310131,96415.26699567544,104535.6036969865,0.9223198947140615,38.56679870363702,10135.838302174972,-0.8011509713575097,-0.764419099820102,12.335613971912137
60,20,2.0,5.0,0,24h,3174,-16835.00756138256,111310.35419224318,128145.36175362741,0.868625697169194,30.812854442344044,17804.778459820158,-0.9455331106407154,-1.2961194373236224,16.065532451165723
60,20,2.0,5.0,0,London_NY,2548,-12997.142633927375,90049.61278599355,103046.75541992177,0.8738714035103379,31.240188383045528,13966.255821008901,-0.9306103797967293,-1.1201710089444288,16.427001569858714
60,20,2.0,5.0,100,24h,3150,-16412.887050082347,110710.81770717066,127123.70475725461,0.8708904284891263,30.825396825396826,17382.657948519947,-0.9442104365563857,-1.2667644572499777,16.0831746031746
60,20,2.0,5.0,100,London_NY,2526,-12581.1802699486,89498.26152692543,102079.44179687486,0.8767510867174961,31.274742676167854,13790.106535992105,-0.9123337979378031,-1.0875938363794553,16.45328582739509
60,20,2.0,5.0,200,24h,2945,-11366.40063476433,107543.3429338727,118909.74356863843,0.9044115284951003,31.477079796264857,12779.666413224139,-0.8894129367103518,-0.8900165664386711,16.29779286926995
60,20,2.0,5.0,200,London_NY,2356,-8845.748263112764,86575.2085658485,95420.95682896177,0.9072976361055682,31.833616298811545,10593.939093888415,-0.8349819821237058,-0.7755532381353247,16.701612903225808
60,20,2.5,0.0,0,24h,2371,-12067.818636647775,94411.10400390622,106478.92264055533,0.8866647188252752,29.73428932939688,13067.42838657812,-0.9235037131745777,-0.8359896056742248,25.973007169970476
60,20,2.5,0.0,0,London_NY,2006,-10229.48867187407,82057.40981445348,92286.89848632782,0.8891555698624998,30.85742771684945,11866.087489535887,-0.8620776377129319,-0.7799636394241541,26.152043868394813
60,20,2.5,0.0,100,24h,2353,-11477.20143694078,94031.70468749998,105508.90612444203,0.8912205437576491,29.79175520611985,12476.81118687109,-0.919882593800717,-0.7972201350139279,25.99787505312367
60,20,2.5,0.0,100,London_NY,1990,-9712.875688824419,81690.91088867225,91403.7865774969,0.8937366158174469,30.90452261306533,11309.53981410342,-0.858821477131377,-0.7429231176714424,26.178391959798997
60,20,2.5,0.0,200,24h,2189,-7255.988152203261,90287.05507812522,97543.04323032909,0.9256124484954786,30.790315212425764,8684.536301965993,-0.8355066868176555,-0.5140906895724056,26.415258108725446
60,20,2.5,0.0,200,London_NY,1853,-6137.127366419351,78523.90957031294,84661.03693673233,0.9275094235970002,31.786292498650838,8223.913490512543,-0.7462538818652948,-0.47859937030718386,26.62277388019428
60,20,2.5,3.0,0,24h,3745,-18258.203133717478,135841.67546735483,154099.87860107538,0.8815170829499074,41.52202937249666,19041.571773854324,-0.9588600852156293,-1.386551886104798,13.743124165554072
60,20,2.5,3.0,0,London_NY,2917,-11081.475155202339,108571.47524762849,119652.95040283233,0.9073865281391212,42.200891326705516,11765.310607908728,-0.9418769741406818,-0.9487423396422578,14.313335618786425
60,20,2.5,3.0,100,24h,3715,-17401.55270821527,135255.91948590952,152657.47219412785,0.8860091651059862,41.588156123822344,18184.921348352105,-0.9569220770807555,-1.3255768728513564,13.755854643337818
60,20,2.5,3.0,100,London_NY,2891,-10354.144110978023,108009.14732491647,118363.29143589597,0.9125223370745214,42.269111034244204,11061.107638112602,-0.9360856479961702,-0.8898442317340427,14.328260117606366
60,20,2.5,3.0,200,24h,3484,-12841.658501323718,129591.68035714272,142433.33885846904,0.9098409220464415,42.16417910447761,13863.102533829337,-0.9263192326527885,-1.0031029472897033,13.901836969001149
60,20,2.5,3.0,200,London_NY,2703,-6711.766605048967,103042.81934291316,109754.58594796335,0.938847506488409,42.87828338882723,7894.286737931335,-0.8502055762428206,-0.5928128084594525,14.539770625231224
60,20,2.5,5.0,0,24h,3043,-17050.961307197198,117733.05599539596,134784.01730259557,0.8734941898272737,33.84817614196517,17934.960590470204,-0.9507108321306977,-1.2342192296942238,18.58659217877095
60,20,2.5,5.0,0,London_NY,2448,-13555.976557267248,95446.80906808053,109002.78562534887,0.8756364208538551,34.599673202614376,14995.92041015512,-0.9039776276811423,-1.0949425698710369,19.04452614379085
60,20,2.5,5.0,100,24h,3020,-16589.774309429347,117066.72771693618,133656.50202636796,0.8758775363868274,33.841059602649004,17473.77359270236,-0.9494099383522858,-1.2043379616887413,18.601986754966887
60,20,2.5,5.0,100,London_NY,2427,-13113.75855015231,94828.66601562515,107942.42456577864,0.8785115435112156,34.610630407911,14553.702403040174,-0.9010599630931667,-1.0629491754778124,19.06798516687268
60,20,2.5,5.0,200,24h,2829,-12490.328771971317,112543.45493861593,125033.78371058918,0.9001043685850209,34.4644750795334,13612.40344761316,-0.9175696870901523,-0.9307826070893614,18.773418168964298
60,20,2.5,5.0,200,London_NY,2269,-9989.874644251191,90933.20108119439,100923.07572544632,0.9010149604295786,35.16967827236668,11770.250854491103,-0.8487393147138759,-0.8314103522965288,19.261789334508595
60,20,3.0,0.0,0,24h,2277,-9341.773643274588,97689.21147460927,107030.98511788536,0.9127189791536822,31.752305665349144,11111.315108816001,-0.8407441920050117,-0.6206203904810853,28.58717610891524
60,20,3.0,0.0,0,London_NY,1935,-8540.319022041562,84705.66801757844,93245.98703962039,0.9084108679292209,32.97157622739018,10287.076740373037,-0.8301988249513017,-0.631405785056117,28.80723514211886
60,20,3.0,0.0,100,24h,2257,-8456.284873743367,97382.9115234374,105839.19639718226,0.9201025219238156,31.85644661054497,10185.226974050387,-0.8302500175291168,-0.563508272973255,28.65883916703589
60,20,3.0,0.0,100,London_NY,1917,-7741.645312499169,84412.26845703156,92153.91376953114,0.91599222435782,33.07250912884716,9447.80366559626,-0.819412170967313,-0.5744511657219076,28.888367240479916
60,20,3.0,0.0,200,24h,2106,-5044.274525668719,93558.45849609385,98602.73302176344,0.9488424471504636,32.763532763532766,7283.276074217803,-0.692583182933987,-0.342293956300786,28.87891737891738
60,20,3.0,0.0,200,London_NY,1787,-4744.7859723764395,81190.31420898478,85935.10018136127,0.9447864032000559,33.85562395075546,6981.841946846164,-0.6795894276179874,-0.35850386885615804,29.17851147174035
60,20,3.0,3.0,0,24h,3662,-18180.062636019404,140384.9883963447,158565.05103236833,0.8853463451267551,43.99235390496996,19310.90822056194,-0.9414400621852456,-1.3199902013180764,15.38831239759694
60,20,3.0,3.0,0,London_NY,2860,-10680.408046176159,112218.03508300797,122898.44312918607,0.9130956603335384,44.86013986013986,11475.491294641666,-0.9307146658865262,-0.8775363715516982,15.943006993006993
60,20,3.0,3.0,100,24h,3633,-17195.445664758252,139843.16802455345,157038.61368931585,0.8905017991385115,44.09578860445912,18326.291249300786,-0.9382938113795567,-1.2528475013526008,15.408202587393339
60,20,3.0,3.0,100,London_NY,2835,-9853.799944195149,111699.64276994995,121553.442714147,0.9189344232119374,44.973544973544975,10623.703836494366,-0.9275296163985242,-0.8131013458485837,15.966137566137567
60,20,3.0,3.0,200,24h,3411,-13232.010330634545,133781.9042689731,147013.9145996109,0.909994843912055,44.532395192025795,14950.471257671414,-0.8850564040812366,-0.9879770391641072,15.470243330401642
60,20,3.0,3.0,200,London_NY,2650,-6588.559831890544,106332.45514787966,112921.01497977163,0.9416533775128374,45.471698113207545,7915.305385043496,-0.8323822659249601,-0.5586537046527694,16.102264150943395
60,20,3.0,5.0,0,24h,2957,-14451.374072264161,122812.64460100415,137264.01867327164,0.8947184104622059,36.18532296246195,15929.202287945089,-0.9072252213910725,-1.0057385401684646,20.52925262089956
60,20,3.0,5.0,0,London_NY,2386,-12101.556577844824,99023.88662109387,111125.44319894021,0.8911000376738047,36.83989941324392,13523.262186103824,-0.8948696262267317,-0.941273569584309,21.028918692372173
60,20,3.0,5.0,100,24h,2933,-13666.672122626884,122221.60900530107,135888.28112793114,0.8994271469975864,36.24275485850665,15144.500338307822,-0.9024181595517687,-0.9543885807766752,20.561882032049095
60,20,3.0,5.0,100,London_NY,2364,-11348.634462191947,98481.03625139521,109829.67071358864,0.8966705955826078,36.92893401015228,12770.340070450942,-0.8886712804501852,-0.88636911344045,21.07445008460237
60,20,3.0,5.0,200,24h,2754,-10161.862977816805,117598.33782087038,127760.20079868958,0.92046143545257,36.85548293391431,12227.306535992037,-0.8310794325720521,-0.7274049095630207,20.58968772694263
60,20,3.0,5.0,200,London_NY,2213,-8821.012803430885,94394.31212332603,103215.32492675801,0.9145377606504518,37.46046091278807,11012.532083564665,-0.8009976939450238,-0.706208954122709,21.148666967916856
90,5,1.5,0.0,0,24h,2659,-11281.260944474101,63973.513232422825,75254.77417689626,0.8500924218049563,30.95148552087251,13362.316132462427,-0.8442593957994596,-1.1911251515482193,7.23279428356525
90,5,1.5,0.0,0,London_NY,1957,-8431.783051408149,48820.00595703199,57251.78900843927,0.8527245489190848,32.243229432805315,10516.073890902908,-0.8017995250777187,-1.0247144387532323,7.275932549821156
90,5,1.5,0.0,100,24h,2659,-11281.260944474101,63973.513232422825,75254.77417689626,0.8500924218049563,30.95148552087251,13362.316132462427,-0.8442593957994596,-1.1911251515482193,7.23279428356525
90,5,1.5,0.0,100,London_NY,1957,-8431.783051408149,48820.00595703199,57251.78900843927,0.8527245489190848,32.243229432805315,10516.073890902908,-0.8017995250777187,-1.0247144387532323,7.275932549821156
90,5,1.5,0.0,200,24h,2630,-11125.849949426703,63363.462744141565,74489.31269356751,0.8506383057231952,31.026615969581748,13234.048062568472,-0.8406989227200519,-1.1792262698102933,7.219011406844106
90,5,1.5,0.0,200,London_NY,1934,-8171.770936801577,48336.155371094486,56507.926307895206,0.8553871736103865,32.36814891416753,10256.061776296332,-0.796774738202929,-0.9975744766873281,7.274043433298863
90,5,1.5,3.0,0,24h,3352,-14335.549931987785,80687.3825892863,95022.93252127474,0.8491358922354996,33.62171837708831,15335.107887484482,-0.9348189812011384,-1.57415479849588,5.015513126491647
90,5,1.5,3.0,0,London_NY,2395,-8983.27724783651,60912.72434779642,69896.00159563222,0.8714765216498856,34.446764091858036,9938.038415526185,-0.9039286096743142,-1.1240014141381223,5.193736951983299
90,5,1.5,3.0,100,24h,3352,-14335.549931987785,80687.3825892863,95022.93252127474,0.8491358922354996,33.62171837708831,15335.107887484482,-0.9348189812011384,-1.57415479849588,5.015513126491647
90,5,1.5,3.0,100,London_NY,2395,-8983.27724783651,60912.72434779642,69896.00159563222,0.8714765216498856,34.446764091858036,9938.038415526185,-0.9039286096743142,-1.1240014141381223,5.193736951983299
90,5,1.5,3.0,200,24h,3318,-14019.04890136559,80240.86674455971,94259.91564592587,0.8512724225849433,33.634719710669074,15045.749782015739,-0.9317614013575203,-1.5424970704386767,5.005726341169379
90,5,1.5,3.0,200,London_NY,2368,-8569.104268972127,60572.598873466035,69141.70314243755,0.8760646053031343,34.54391891891892,9523.8654366618,-0.899750665941336,-1.0748654474949666,5.187077702702703
90,5,1.5,5.0,0,24h,2938,-13503.123965888662,70388.35915178653,83891.48311767506,0.8390405859561736,31.55207624234173,15316.728297640966,-0.8815932295389983,-1.4638718702124893,6.21579305650102
90,5,1.5,5.0,0,London_NY,2129,-9597.466266740117,52948.451485770725,62545.9177525101,0.8465532745923421,32.64443400657586,11639.477305384005,-0.8245616203315825,-1.2113882054426708,6.391263503992485
90,5,1.5,5.0,100,24h,2938,-13503.123965888662,70388.35915178653,83891.48311767506,0.8390405859561736,31.55207624234173,15316.728297640966,-0.8815932295389983,-1.4638718702124893,6.21579305650102
90,5,1.5,5.0,100,London_NY,2129,-9597.466266740117,52948.451485770725,62545.9177525101,0.8465532745923421,32.64443400657586,11639.477305384005,-0.8245616203315825,-1.2113882054426708,6.391263503992485
90,5,1.5,5.0,200,24h,2905,-13351.829389298284,69824.2074602408,83176.0368495388,0.8394750472007848,31.53184165232358,15192.57664620404,-0.8788390343671113,-1.4510523288199906,6.207573149741825
90,5,1.5,5.0,200,London_NY,2104,-9410.489207239585,52408.514721680316,61819.00392891912,0.8477735225553101,32.652091254752854,11452.500245883468,-0.8216973591091717,-1.1921747910427085,6.388783269961977
90,5,2.0,0.0,0,24h,2566,-11604.883900668301,66540.02128906349,78144.90518973114,0.8514953230477189,33.24240062353858,13678.770626393807,-0.8483864681725236,-1.1773068425367457,8.129773967264224
90,5,2.0,0.0,0,London_NY,1888,-8776.705901226875,50703.65478515702,59480.360686382926,0.8524436334960693,34.42796610169491,10961.198772320337,-0.8007067551215445,-1.0257638439742776,8.133474576271187
90,5,2.0,0.0,100,24h,2566,-11604.883900668301,66540.02128906349,78144.90518973114,0.8514953230477189,33.24240062353858,13678.770626393807,-0.8483864681725236,-1.1773068425367457,8.129773967264224
90,5,2.0,0.0,100,London_NY,1888,-8776.705901226875,50703.65478515702,59480.360686382926,0.8524436334960693,34.42796610169491,10961.198772320337,-0.8007067551215445,-1.0257638439742776,8.133474576271187
90,5,2.0,0.0,200,24h,2537,-11357.69979073531,65947.86997070411,77305.56976143869,0.8530804465217202,33.34647221127316,13452.53563755454,-0.84427947984979,-1.1567065899323417,8.11036657469452
90,5,2.0,0.0,200,London_NY,1865,-8421.28777204163,50237.70336914139,58658.99114118206,0.8564365392549612,34.584450402144775,10605.780643135084,-0.7940280923585353,-0.9887669735388311,8.127613941018767
90,5,2.0,3.0,0,24h,3274,-15017.85851353073,84844.12549874496,99861.98401227685,0.8496138579453256,36.377519853390346,16018.471086773023,-0.9375338278027963,-1.564192080635837,5.748625534514356
90,5,2.0,3.0,0,London_NY,2341,-9943.118938336007,63653.909347098874,73597.02828543421,0.8648978203335528,36.99273814609141,11233.574933732154,-0.8851250823527986,-1.1863977278470703,5.889790687740282
90,5,2.0,3.0,100,24h,3274,-15017.85851353073,84844.12549874496,99861.98401227685,0.8496138579453256,36.377519853390346,16018.471086773023,-0.9375338278027963,-1.564192080635837,5.748625534514356
90,5,2.0,3.0,100,London_NY,2341,-9943.118938336007,63653.909347098874,73597.02828543421,0.8648978203335528,36.99273814609141,11233.574933732154,-0.8851250823527986,-1.1863977278470703,5.889790687740282
90,5,2.0,3.0,200,24h,3240,-14586.388305662465,84392.88725237221,98979.27555803569,0.852631894672629,36.45061728395062,15607.949999998491,-0.9345486310286665,-1.5229587341247597,5.73395061728395
90,5,2.0,3.0,200,London_NY,2314,-9416.95111258269,63309.0614711223,72726.01258370426,0.8705146786131924,37.16508210890233,10707.407107978823,-0.8794800662398906,-1.1271055820584885,5.879429559204841
90,5,2.0,5.0,0,24h,2854,-13944.255817520823,73739.38052455439,87683.63634207528,0.8409708310553986,33.74211632796076,15501.111296734169,-0.8995649118691671,-1.44454774634565,7.033286615276804
90,5,2.0,5.0,0,London_NY,2069,-9679.211453682137,55609.657714844405,65288.86916852563,0.8517479077682147,34.799420009666505,11632.84247697999,-0.8320590150546734,-1.1662973089822066,7.151280811986467
90,5,2.0,5.0,100,24h,2854,-13944.255817520823,73739.38052455439,87683.63634207528,0.8409708310553986,33.74211632796076,15501.111296734169,-0.8995649118691671,-1.44454774634565,7.033286615276804
90,5,2.0,5.0,100,London_NY,2069,-9679.211453682137,55609.657714844405,65288.86916852563,0.8517479077682147,34.799420009666505,11632.84247697999,-0.8320590150546734,-1.1662973089822066,7.151280811986467
90,5,2.0,5.0,200,24h,2822,-13721.455702425987,73228.77067871175,86950.22638113776,0.8421918346448074,33.77037562012757,15299.260302733082,-0.8968705303990916,-1.4251411040117636,7.017009213323884
90,5,2.0,5.0,200,London_NY,2045,-9421.921787806057,55123.262796457115,64545.18458426228,0.8540259533148432,34.86552567237164,11375.5528111039,-0.8282605640588415,-1.1396268186067917,7.139364303178484
90,5,2.5,0.0,0,24h,2530,-13205.127816334965,67418.82114257912,80623.94895891365,0.8362133337941072,34.03162055335969,15294.03044084679,-0.8634171265323984,-1.3041787214786942,8.546245059288538
90,5,2.5,0.0,0,London_NY,1858,-9745.821292549312,51538.79926757891,61284.62056012724,0.8409744369227747,35.360602798708285,12034.834195381049,-0.8098010437310174,-1.109355045021367,8.555435952637243
90,5,2.5,0.0,100,24h,2530,-13205.127816334965,67418.82114257912,80623.94895891365,0.8362133337941072,34.03162055335969,15294.03044084679,-0.8634171265323984,-1.3041787214786942,8.546245059288538
90,5,2.5,0.0,100,London_NY,1858,-9745.821292549312,51538.79926757891,61284.62056012724,0.8409744369227747,35.360602798708285,12034.834195381049,-0.8098010437310174,-1.109355045021367,8.555435952637243
90,5,2.5,0.0,200,24h,2502,-12968.52482910007,66804.4701171885,79772.99494628812,0.8374321430725843,34.13269384492406,15078.376574705624,-0.8600743432058272,-1.2857466388503895,8.523980815347722
90,5,2.5,0.0,200,London_NY,1836,-9388.929668316652,51050.648144532024,60439.57781284768,0.8446559355958995,35.5119825708061,11677.942571148375,-0.8039883405072588,-1.073688893630656,8.541938997821351
90,5,2.5,3.0,0,24h,3241,-15563.75958949322,86335.62855747818,101899.38814697294,0.8472634637702964,37.48842949706881,16750.383442032515,-0.9291584066331494,-1.573776547267674,6.130206726319037
90,5,2.5,3.0,0,London_NY,2317,-10204.191176059165,64827.633883231654,75031.82505929022,0.8640018263184295,38.15278377211912,11954.656244767164,-0.853574621229764,-1.186173146896521,6.249892101855848
90,5,2.5,3.0,100,24h,3241,-15563.75958949322,86335.62855747818,101899.38814697294,0.8472634637702964,37.48842949706881,16750.383442032515,-0.9291584066331494,-1.573776547267674,6.130206726319037
90,5,2.5,3.0,100,London_NY,2317,-10204.191176059165,64827.633883231654,75031.82505929022,0.8640018263184295,38.15278377211912,11954.656244767164,-0.853574621229764,-1.186173146896521,6.249892101855848
90,5,2.5,3.0,200,24h,3208,-15147.35676269358,85892.19034249491,101039.54710518992,0.8500848707593132,37.562344139650875,16354.929736326612,-0.9261645881027026,-1.5352417447595665,6.111284289276808
90,5,2.5,3.0,200,London_NY,2291,-9687.64334367918,64490.586038644615,74178.2293823231,0.8694004504509367,38.32387603666521,11438.10841238717,-0.8469620145572075,-1.1295249554368818,6.230903535573985
90,5,2.5,5.0,0,24h,2823,-15693.612927244383,74879.21100376752,90572.82393101236,0.8267293405889786,34.64399574920298,17302.256436591757,-0.9070269525109265,-1.576785061399864,7.411973078285512
90,5,2.5,5.0,0,London_NY,2043,-10915.463827077672,56535.07449079308,67450.53831786987,0.838170841934038,35.78071463534019,12946.75611920925,-0.8431041510762896,-1.275805674565235,7.50318159569261
90,5,2.5,5.0,100,24h,2823,-15693.612927244383,74879.21100376752,90572.82393101236,0.8267293405889786,34.64399574920298,17302.256436591757,-0.9070269525109265,-1.576785061399864,7.411973078285512
90,5,2.5,5.0,100,London_NY,2043,-10915.463827077672,56535.07449079308,67450.53831786987,0.838170841934038,35.78071463534019,12946.75611920925,-0.8431041510762896,-1.275805674565235,7.50318159569261
90,5,2.5,5.0,200,24h,2791,-15464.204928151243,74340.52315499524,89804.72808314682,0.8278018846197736,34.68290935148692,17093.79755859234,-0.9046676067822056,-1.5577978925770775,7.3984235041203865
90,5,2.5,5.0,200,London_NY,2019,-10644.800922501812,56020.6015694761,66665.40249197705,0.8403249583052917,35.859336305101536,12676.09321463338,-0.8397540742453181,-1.2489814911776924,7.491332342743933
90,5,3.0,0.0,0,24h,2514,-13332.098120115723,67864.52290039163,81196.62102050686,0.8358047668418603,34.48687350835322,15499.158858815563,-0.8601820422359717,-1.3024971211887937,8.758552108194113
90,5,3.0,0.0,0,London_NY,1844,-9833.759357560497,51868.95239257891,61702.71175013829,0.8406267880513802,35.79175704989154,12164.236537387093,-0.8084156640111515,-1.10731117985702,8.779284164859002
90,5,3.0,0.0,100,24h,2514,-13332.098120115723,67864.52290039163,81196.62102050686,0.8358047668418603,34.48687350835322,15499.158858815563,-0.8601820422359717,-1.3024971211887937,8.758552108194113
90,5,3.0,0.0,100,London_NY,1844,-9833.759357560497,51868.95239257891,61702.71175013829,0.8406267880513802,35.79175704989154,12164.236537387093,-0.8084156640111515,-1.10731117985702,8.779284164859002
90,5,3.0,0.0,200,24h,2486,-13145.621344864649,67250.171875001,80395.7932198651,0.836488691529995,34.593724859211584,15333.631204658215,-0.8573064768162111,-1.288886845434881,8.736926790024135
90,5,3.0,0.0,200,London_NY,1822,-9475.296993581756,51380.80126953203,60856.09826311265,0.844299959017846,35.949506037321626,11805.774173408314,-0.8025985297028809,-1.0717970684962657,8.765642151481888
90,5,3.0,3.0,0,24h,3227,-16213.891040037337,86830.28001534649,103044.17105538552,0.8426510604726571,38.02293151533932,17504.659584261997,-0.9262614312485598,-1.6141975585902197,6.299659126123335
90,5,3.0,3.0,0,London_NY,2306,-10437.629453821479,65279.32012765133,75716.94958147217,0.8621493666673687,38.768430182133564,12217.705249022114,-0.8543035898379436,-1.1962987646643175,6.422810060711188
90,5,3.0,3.0,100,24h,3227,-16213.891040037337,86830.28001534649,103044.17105538552,0.8426510604726571,38.02293151533932,17504.659584261997,-0.9262614312485598,-1.6141975585902197,6.299659126123335
90,5,3.0,3.0,100,London_NY,2306,-10437.629453821479,65279.32012765133,75716.94958147217,0.8621493666673687,38.768430182133564,12217.705249022114,-0.8543035898379436,-1.1962987646643175,6.422810060711188
90,5,3.0,3.0,200,24h,3194,-15841.007195171274,86386.84180036323,102227.84899553613,0.8450421548450597,38.10269254852849,17152.724860489692,-0.9235271552486752,-1.5803537837613075,6.280839073262366
90,5,3.0,3.0,200,London_NY,2280,-9919.510881695394,64942.272283064274,74861.78316475893,0.867495663844082,38.94736842105263,11699.586676896008,-0.8478513947235543,-1.1402540865697368,6.4035087719298245
90,5,3.0,5.0,0,24h,2811,-16206.704631694787,75382.11401367265,91588.8186453679,0.8230493102608121,35.04091070793312,17837.272234234097,-0.9085864934320029,-1.605650157282333,7.5965848452508
90,5,3.0,5.0,0,London_NY,2033,-11174.67182617088,56895.55552455425,68070.22735072412,0.8358361318731368,36.15346778160354,13232.753407504406,-0.8444706465877032,-1.2897115745532524,7.692080668962125
90,5,3.0,5.0,100,24h,2811,-16206.704631694787,75382.11401367265,91588.8186453679,0.8230493102608121,35.04091070793312,17837.272234234097,-0.9085864934320029,-1.605650157282333,7.5965848452508
90,5,3.0,5.0,100,London_NY,2033,-11174.67182617088,56895.55552455425,68070.22735072412,0.8358361318731368,36.15346778160354,13232.753407504406,-0.8444706465877032,-1.2897115745532524,7.692080668962125
90,5,3.0,5.0,200,24h,2779,-16017.926123045258,74843.42616490035,90861.352287946,0.8237102385150099,35.08456279237136,17669.442846678314,-0.9065326089812998,-1.590719989608688,7.5833033465275275
90,5,3.0,5.0,200,London_NY,2009,-10898.230723352839,56381.082603237286,67279.31332658911,0.8380151314795778,36.23693379790941,12956.312304686351,-0.8411522095998647,-1.2625809098533893,7.679940268790443
90,10,1.5,0.0,0,24h,2348,-8367.115124510705,67184.60092773517,75551.71605224513,0.8892531425927642,28.577512776831345,9847.78346819088,-0.8496445064554017,-0.7865390361294431,12.000851788756389
90,10,1.5,0.0,0,London_NY,1821,-6459.048800222368,54148.26567382876,60607.31447405048,0.8934278996475382,29.544206479956067,8317.894796316035,-0.7765244642289846,-0.6886192555141125,12.241076331685887
90,10,1.5,0.0,100,24h,2348,-8367.115124510705,67184.60092773517,75551.71605224513,0.8892531425927642,28.577512776831345,9847.78346819088,-0.8496445064554017,-0.7865390361294431,12.000851788756389
90,10,1.5,0.0,100,London_NY,1821,-6459.048800222368,54148.26567382876,60607.31447405048,0.8934278996475382,29.544206479956067,8317.894796316035,-0.7765244642289846,-0.6886192555141125,12.241076331685887
90,10,1.5,0.0,200,24h,2323,-8176.068851142978,66511.39672851641,74687.46557965862,0.8905295716264204,28.626775721050365,9683.880119976606,-0.8442967849505689,-0.7712134552420055,11.993112354713732
90,10,1.5,0.0,200,London_NY,1802,-6216.809000068918,53572.91484375063,59789.72384381888,0.8960221155008571,29.57824639289678,8075.654996162594,-0.7698210241798386,-0.6655009446078253,12.239733629300778
90,10,1.5,3.0,0,24h,3205,-12910.57838657776,88641.5755650116,101552.15395159015,0.8728675081305216,33.447737909516384,13976.879309080574,-0.9237096565747652,-1.3252993241730053,7.239625585023401
90,10,1.5,3.0,0,London_NY,2341,-7127.053787666301,68626.8442382818,75753.89802594777,0.9059183227082948,34.600598035027765,8180.916392297996,-0.8711803722106408,-0.8303193698967235,7.693293464331482
90,10,1.5,3.0,100,24h,3205,-12910.57838657776,88641.5755650116,101552.15395159015,0.8728675081305216,33.447737909516384,13976.879309080574,-0.9237096565747652,-1.3252993241730053,7.239625585023401
90,10,1.5,3.0,100,London_NY,2341,-7127.053787666301,68626.8442382818,75753.89802594777,0.9059183227082948,34.600598035027765,8180.916392297996,-0.8711803722106408,-0.8303193698967235,7.693293464331482
90,10,1.5,3.0,200,24h,3172,-12379.724876184373,88195.59057617233,100575.31545235738,0.8769109018400312,33.417402269861284,13473.16872384063,-0.9188428594587834,-1.273431455129186,7.234552332912989
90,10,1.5,3.0,200,London_NY,2315,-6544.240304128376,68249.90284249495,74794.14314662296,0.9125033053550867,34.600431965442766,7598.102908760058,-0.8612992457082076,-0.7645899895035677,7.6915766738660905
90,10,1.5,5.0,0,24h,2733,-11993.54027797026,77101.24801199832,89094.78828996872,0.8653844909655533,29.637760702524698,13320.760006276685,-0.9003645642079697,-1.1822393024554736,9.472740578119282
90,10,1.5,5.0,0,London_NY,2048,-8844.140794153654,59658.579851423565,68502.72064557669,0.8708935833379313,30.76171875,10402.112923757431,-0.8502254166030521,-1.0003651358124457,9.92138671875
90,10,1.5,5.0,100,24h,2733,-11993.54027797026,77101.24801199832,89094.78828996872,0.8653844909655533,29.637760702524698,13320.760006276685,-0.9003645642079697,-1.1822393024554736,9.472740578119282
90,10,1.5,5.0,100,London_NY,2048,-8844.140794153654,59658.579851423565,68502.72064557669,0.8708935833379313,30.76171875,10402.112923757431,-0.8502254166030521,-1.0003651358124457,9.92138671875
90,10,1.5,5.0,200,24h,2702,-11753.22414376269,76500.18886021266,88253.4130039754,0.8668241403509991,29.607698001480387,13107.586797222571,-0.8966733789817922,-1.1610828265931297,9.470762398223538
90,10,1.5,5.0,200,London_NY,2024,-8534.400697543735,59122.48821498381,67656.88891252704,0.8738576243347921,30.731225296442688,10092.372827147508,-0.8456287578464226,-0.9684192935853158,9.934782608695652
90,10,2.0,0.0,0,24h,2215,-8916.264927454398,70561.82050781329,79478.08543526719,0.8878147997825644,31.918735891647856,10541.465032086058,-0.8458278712033969,-0.7995288847098175,14.129571106094808
90,10,2.0,0.0,0,London_NY,1724,-6951.817515345257,56661.52851562568,63613.34603097026,0.8907176253240936,32.88863109048724,9297.033761159852,-0.7477457535313912,-0.706414236903264,14.307424593967516
90,10,2.0,0.0,100,24h,2215,-8916.264927454398,70561.82050781329,79478.08543526719,0.8878147997825644,31.918735891647856,10541.465032086058,-0.8458278712033969,-0.7995288847098175,14.129571106094808
90,10,2.0,0.0,100,London_NY,1724,-6951.817515345257,56661.52851562568,63613.34603097026,0.8907176253240936,32.88863109048724,9297.033761159852,-0.7477457535313912,-0.706414236903264,14.307424593967516
90,10,2.0,0.0,200,24h,2190,-8770.969691684322,69927.01596679767,78697.98565848146,0.8885489937474845,32.009132420091326,10431.327029853932,-0.8408297109832957,-0.7886456424123572,14.105022831050228
90,10,2.0,0.0,200,London_NY,1705,-6769.790597097498,56124.57734375067,62894.36794084749,0.8923625307203366,32.961876832844574,9115.006842912102,-0.7427082298201167,-0.6901141572934443,14.287976539589442
90,10,2.0,3.0,0,24h,3072,-12362.61545758794,94609.78484933065,106972.4003069198,0.8844317279773198,37.727864583333336,13452.196725026572,-0.9190034691202839,-1.1872488504746133,8.838541666666666
90,10,2.0,3.0,0,London_NY,2254,-6921.290206472234,72803.60523158534,79724.89543805747,0.9131853335342454,38.55368234250222,8472.767766461035,-0.8168865708641,-0.7591002976967925,9.23868677905945
90,10,2.0,3.0,100,24h,3072,-12362.61545758794,94609.78484933065,106972.4003069198,0.8844317279773198,37.727864583333336,13452.196725026572,-0.9190034691202839,-1.1872488504746133,8.838541666666666
90,10,2.0,3.0,100,London_NY,2254,-6921.290206472234,72803.60523158534,79724.89543805747,0.9131853335342454,38.55368234250222,8472.767766461035,-0.8168865708641,-0.7591002976967925,9.23868677905945
90,10,2.0,3.0,200,24h,3039,-11856.213110350243,94154.02804478265,106010.24115513405,0.8881597383313075,37.74267851266864,12980.951611326816,-0.9133546958148155,-1.140493911686649,8.820993747943403
90,10,2.0,3.0,200,London_NY,2228,-6372.014843749036,72416.89202008977,78788.90686383868,0.9191254822869812,38.59964093357271,7923.492403737834,-0.804192711883348,-0.7004761341082426,9.223070017953322
90,10,2.0,5.0,0,24h,2606,-12133.288720701838,81998.41960798025,94131.70832868258,0.8711030646725739,33.192632386799694,13234.341793386146,-0.9168033371153707,-1.1301567646346715,11.28050652340752
90,10,2.0,5.0,0,London_NY,1961,-8938.788720702287,63312.72900390685,72251.51772460858,0.8762823397735046,34.16624171341152,10810.864753068307,-0.8268338310462451,-0.9568448966158185,11.664456909739929
90,10,2.0,5.0,100,24h,2606,-12133.288720701838,81998.41960798025,94131.70832868258,0.8711030646725739,33.192632386799694,13234.341793386146,-0.9168033371153707,-1.1301567646346715,11.28050652340752
90,10,2.0,5.0,100,London_NY,1961,-8938.788720702287,63312.72900390685,72251.51772460858,0.8762823397735046,34.16624171341152,10810.864753068307,-0.8268338310462451,-0.9568448966158185,11.664456909739929
90,10,2.0,5.0,200,24h,2576,-11933.027978514363,81471.40279017894,93404.43076869371,0.8722434484070068,33.22981366459627,13069.238284736603,-0.9130622396295884,-1.1131493773275112,11.258928571428571
90,10,2.0,5.0,200,London_NY,1938,-8670.52652762194,62850.679701451474,71521.20622907284,0.878769850443366,34.21052631578947,10542.602559987961,-0.8224275247298937,-0.9302511713020212,11.65376676986584
90,10,2.5,0.0,0,24h,2144,-9434.708497836526,72873.01381836018,82307.72231619633,0.8853727422854513,34.00186567164179,11029.562480816458,-0.8554018814659389,-0.8092389264039479,15.538712686567164
90,10,2.5,0.0,0,London_NY,1671,-7589.879183523233,58545.21948242258,66135.098665945,0.8852367451380143,35.00897666068223,10033.777080425982,-0.7564329088324739,-0.7390313823842184,15.72591262716936
90,10,2.5,0.0,100,24h,2144,-9434.708497836526,72873.01381836018,82307.72231619633,0.8853727422854513,34.00186567164179,11029.562480816458,-0.8554018814659389,-0.8092389264039479,15.538712686567164
90,10,2.5,0.0,100,London_NY,1671,-7589.879183523233,58545.21948242258,66135.098665945,0.8852367451380143,35.00897666068223,10033.777080425982,-0.7564329088324739,-0.7390313823842184,15.72591262716936
90,10,2.5,0.0,200,24h,2119,-9221.269907923075,72222.76064453206,81444.03055245467,0.886777829567465,34.1670599339311,10850.273695590466,-0.849865189268966,-0.7931648871109185,15.520528551203398
90,10,2.5,0.0,200,London_NY,1652,-7318.430965749807,57992.819677735075,65311.25064348408,0.8879453249839253,35.16949152542373,9762.328862652568,-0.7496603596041203,-0.7150311567867653,15.708837772397095
90,10,2.5,3.0,0,24h,3012,-12196.616591097812,98232.54275599912,110429.15934709866,0.8895525723168517,40.27224435590969,13258.619559150353,-0.9199009396630884,-1.1240546732621566,9.876826029216467
90,10,2.5,3.0,0,London_NY,2214,-7317.515992953789,75413.8452078688,82731.3612008226,0.9115508812288097,41.14724480578139,9125.621932546357,-0.8018649081720126,-0.7715410434040694,10.275971093044264
90,10,2.5,3.0,100,24h,3012,-12196.616591097812,98232.54275599912,110429.15934709866,0.8895525723168517,40.27224435590969,13258.619559150353,-0.9199009396630884,-1.1240546732621566,9.876826029216467
90,10,2.5,3.0,100,London_NY,2214,-7317.515992953789,75413.8452078688,82731.3612008226,0.9115508812288097,41.14724480578139,9125.621932546357,-0.8018649081720126,-0.7715410434040694,10.275971093044264
90,10,2.5,3.0,200,24h,2980,-11669.92578996782,97784.58598284064,109454.51177281009,0.8933810438605564,40.30201342281879,12766.078562707851,-0.9141355141004613,-1.0774555381256135,9.856040268456375
90,10,2.5,3.0,200,London_NY,2189,-6735.759488350001,75034.93202776277,81770.6915161128,0.9176262379165185,41.20603015075377,8543.865427942575,-0.7883737805982767,-0.71202267487756,10.25262677021471
90,10,2.5,5.0,0,24h,2544,-12776.828597585089,84969.81791643449,97746.64651402042,0.8692862716701665,35.416666666666664,13854.481924873271,-0.922216266683098,-1.1423566000314571,12.437893081761008
90,10,2.5,5.0,0,London_NY,1913,-10250.333830914293,65187.99659947051,75438.33043038429,0.864123002558057,36.33037114479875,12182.625303430988,-0.8413895671590175,-1.0548283323355208,12.810768426555148
90,10,2.5,5.0,100,24h,2544,-12776.828597585089,84969.81791643449,97746.64651402042,0.8692862716701665,35.416666666666664,13854.481924873271,-0.922216266683098,-1.1423566000314571,12.437893081761008
90,10,2.5,5.0,100,London_NY,1913,-10250.333830914293,65187.99659947051,75438.33043038429,0.864123002558057,36.33037114479875,12182.625303430988,-0.8413895671590175,-1.0548283323355208,12.810768426555148
90,10,2.5,5.0,200,24h,2513,-12385.626320101866,84468.43677455392,96854.0630946565,0.8721207358332713,35.575009948269,13497.429452077513,-0.91762852801542,-1.1093099151931418,12.432550736171907
90,10,2.5,5.0,200,London_NY,1890,-9877.755754742451,64750.83287527965,74628.58863002152,0.8676411287407323,36.455026455026456,11810.047227259129,-0.8363857963195357,-1.0190495364543344,12.804232804232806
90,10,3.0,0.0,0,24h,2106,-8728.444883509064,74154.31357421954,82882.75845772818,0.8946892568982208,35.18518518518518,10555.810784038968,-0.8268853110465951,-0.7376269702682459,16.396486229819565
90,10,3.0,0.0,0,London_NY,1636,-6315.989648436801,59681.67001953196,65997.65966796782,0.9042997936561477,36.43031784841076,8921.078055244616,-0.7079850225863332,-0.6059734080184832,16.6020782396088
90,10,3.0,0.0,100,24h,2106,-8728.444883509064,74154.31357421954,82882.75845772818,0.8946892568982208,35.18518518518518,10555.810784038968,-0.8268853110465951,-0.7376269702682459,16.396486229819565
90,10,3.0,0.0,100,London_NY,1636,-6315.989648436801,59681.67001953196,65997.65966796782,0.9042997936561477,36.43031784841076,8921.078055244616,-0.7079850225863332,-0.6059734080184832,16.6020782396088
90,10,3.0,0.0,200,24h,2079,-8265.185906109584,73607.7603515633,81872.94625767235,0.8990486322539722,35.4016354016354,10126.701611326933,-0.8161774902960305,-0.7003380649309033,16.402597402597404
90,10,3.0,0.0,200,London_NY,1615,-5775.941179547303,59232.97016601633,65008.91134556275,0.9111515473802705,36.656346749226,8381.029586355118,-0.6891684512068691,-0.5559703854706792,16.613622291021674
90,10,3.0,3.0,0,24h,2983,-12375.726949635738,100269.67473842099,112645.40168805892,0.8901355335932027,41.4683204827355,13415.936690846824,-0.9224646206089523,-1.1082805099080593,10.477707006369428
90,10,3.0,3.0,0,London_NY,2189,-6558.007631137422,77238.08255440896,83796.09018554649,0.921738500965661,42.71356783919598,8437.857892716544,-0.7772123819243525,-0.672988063155625,10.862037460027409
90,10,3.0,3.0,100,24h,2983,-12375.726949635738,100269.67473842099,112645.40168805892,0.8901355335932027,41.4683204827355,13415.936690846824,-0.9224646206089523,-1.1082805099080593,10.477707006369428
90,10,3.0,3.0,100,London_NY,2189,-6558.007631137422,77238.08255440896,83796.09018554649,0.921738500965661,42.71356783919598,8437.857892716544,-0.7772123819243525,-0.672988063155625,10.862037460027409
90,10,3.0,3.0,200,24h,2951,-11717.819063893598,99868.82470005605,111586.6437639517,0.8949890536300805,41.5452389020671,12792.178609792158,-0.9160143413666724,-1.0512338024841366,10.458488647915962
90,10,3.0,3.0,200,London_NY,2164,-5832.861408341675,76906.27610909648,82739.13751743818,0.929502994793578,42.8373382624769,7712.711669920801,-0.7562659746622644,-0.6001243688028848,10.839186691312385
90,10,3.0,5.0,0,24h,2510,-12357.079014368004,86836.94219796342,99194.02121233266,0.8754251630960909,36.613545816733065,13434.49533691296,-0.9198022482032042,-1.0772051287313522,13.130278884462152
90,10,3.0,5.0,0,London_NY,1880,-9205.504272460132,66804.21957659104,76009.72384905048,0.8788904391924792,37.712765957446805,11391.834043665358,-0.8080792115804236,-0.9229353104508794,13.511170212765958
90,10,3.0,5.0,100,24h,2510,-12357.079014368004,86836.94219796342,99194.02121233266,0.8754251630960909,36.613545816733065,13434.49533691296,-0.9198022482032042,-1.0772051287313522,13.130278884462152
90,10,3.0,5.0,100,London_NY,1880,-9205.504272460132,66804.21957659104,76009.72384905048,0.8788904391924792,37.712765957446805,11391.834043665358,-0.8080792115804236,-0.9229353104508794,13.511170212765958
90,10,3.0,5.0,200,24h,2479,-11852.51361258234,86378.13845912414,98230.6520717076,0.8793399680994561,36.82936668011295,12964.079739814753,-0.9142579998317492,-1.0349314375141492,13.125453812020975
90,10,3.0,5.0,200,London_NY,1857,-8706.072471399884,66409.63325544147,75115.7057268407,0.8840978409620622,37.9106085083468,10892.402242605109,-0.7992793763479005,-0.8749910210387712,13.502961766289715
90,15,1.5,0.0,0,24h,2191,-6637.841795130189,68340.35297851631,74978.19477364588,0.9114697037562886,27.01962574167047,8415.34278389964,-0.7887785400530336,-0.6026246847503932,15.848471017800092
90,15,1.5,0.0,0,London_NY,1763,-5375.04060058512,56592.174267578695,61967.214868163224,0.9132599292703398,27.906976744186046,7773.790665107907,-0.6914310961202748,-0.5519775578313351,16.19795802609189
90,15,1.5,0.0,100,24h,2191,-6637.841795130189,68340.35297851631,74978.19477364588,0.9114697037562886,27.01962574167047,8415.34278389964,-0.7887785400530336,-0.6026246847503932,15.848471017800092
90,15,1.5,0.0,100,London_NY,1763,-5375.04060058512,56592.174267578695,61967.214868163224,0.9132599292703398,27.906976744186046,7773.790665107907,-0.6914310961202748,-0.5519775578313351,16.19795802609189
90,15,1.5,0.0,200,24h,2167,-6522.9996390197075,67621.60375976631,74144.60339878536,0.9120232715530864,26.995846792801107,8327.64355294262,-0.7832947697088655,-0.5941456138034125,15.839409321642824
90,15,1.5,0.0,200,London_NY,1744,-5094.301524134233,56028.77597656306,61123.077500696716,0.9166550224164418,27.86697247706422,7493.05158865702,-0.6798700721406997,-0.5252112303412456,16.20355504587156
90,15,1.5,3.0,0,24h,3145,-12265.557608466774,92335.88068150157,104601.43828996902,0.8827400673548512,33.00476947535771,13412.114106095052,-0.914513365412897,-1.2252267929912535,8.622575516693164
90,15,1.5,3.0,0,London_NY,2328,-7296.024243162962,71548.59430454845,78844.61854771132,0.9074632564967281,33.84879725085911,8266.80113002113,-0.8825692221707424,-0.8275032368723951,9.256443298969073
90,15,1.5,3.0,100,24h,3145,-12265.557608466774,92335.88068150157,104601.43828996902,0.8827400673548512,33.00476947535771,13412.114106095052,-0.914513365412897,-1.2252267929912535,8.622575516693164
90,15,1.5,3.0,100,London_NY,2328,-7296.024243162962,71548.59430454845,78844.61854771132,0.9074632564967281,33.84879725085911,8266.80113002113,-0.8825692221707424,-0.8275032368723951,9.256443298969073
90,15,1.5,3.0,200,24h,3112,-11775.523843818337,91792.38354841007,103567.90739222907,0.8863014215472839,33.001285347043705,12949.223266600082,-0.9093614034898088,-1.1793974290138909,8.616323907455012
90,15,1.5,3.0,200,London_NY,2302,-6627.199276296347,71204.40373883974,77831.60301513594,0.9148520778248983,33.883579496090356,7597.976163154494,-0.8722321752513759,-0.7537173298585104,9.254995655951346
90,15,1.5,5.0,0,24h,2653,-11238.439491488749,81206.73613978835,92445.17563127741,0.8784313035834971,28.345269506219374,12390.447651017246,-0.9070244924174375,-1.060366849085197,11.60007538635507
90,15,1.5,5.0,0,London_NY,2026,-8098.011150250199,63498.289582171245,71596.30073242108,0.8868934418760718,29.51628825271471,9723.8907278869,-0.8327953672932706,-0.8741565916219146,12.31243830207305
90,15,1.5,5.0,100,24h,2653,-11238.439491488749,81206.73613978835,92445.17563127741,0.8784313035834971,28.345269506219374,12390.447651017246,-0.9070244924174375,-1.060366849085197,11.60007538635507
90,15,1.5,5.0,100,London_NY,2026,-8098.011150250199,63498.289582171245,71596.30073242108,0.8868934418760718,29.51628825271471,9723.8907278869,-0.8327953672932706,-0.8741565916219146,12.31243830207305
90,15,1.5,5.0,200,24h,2623,-11019.716878835316,80569.63025948699,91589.34713832257,0.8796834214551931,28.250095310712926,12198.867963517265,-0.903339302613292,-1.041866909207066,11.596263820053373
90,15,1.5,5.0,200,London_NY,2002,-7722.172900389716,62989.249361747134,70711.42226213645,0.8907931328016255,29.420579420579422,9348.052478026417,-0.8260729086129435,-0.8360054715817378,12.335664335664335
90,15,2.0,0.0,0,24h,2042,-7448.063943916575,71749.86630859444,79197.93025251053,0.9059563309272216,30.656219392752202,9412.346714563822,-0.7913078608113859,-0.6448412380195245,19.114593535749265
90,15,2.0,0.0,0,London_NY,1656,-5888.964641461345,59708.584716797486,65597.54935825823,0.910225843814707,31.40096618357488,8706.247935267027,-0.6764067236824822,-0.573109048724388,19.407004830917874
90,15,2.0,0.0,100,24h,2042,-7448.063943916575,71749.86630859444,79197.93025251053,0.9059563309272216,30.656219392752202,9412.346714563822,-0.7913078608113859,-0.6448412380195245,19.114593535749265
90,15,2.0,0.0,100,London_NY,1656,-5888.964641461345,59708.584716797486,65597.54935825823,0.910225843814707,31.40096618357488,8706.247935267027,-0.6764067236824822,-0.573109048724388,19.407004830917874
90,15,2.0,0.0,200,24h,2018,-7148.195891461222,71069.51674804756,78217.71263950827,0.9086115452595055,30.673934588701684,9147.635895646417,-0.7814254932100241,-0.6209157497181595,19.090683845391478
90,15,2.0,0.0,200,London_NY,1637,-5529.40162527832,59183.58608398498,64712.98770926269,0.9145549939662844,31.398900427611483,8346.684919084015,-0.6624667971634816,-0.5400819972129559,19.39401343921808
90,15,2.0,3.0,0,24h,3000,-12133.921072822413,99890.39681919666,112024.31789202019,0.891684936796318,37.733333333333334,13170.586826868173,-0.92128932691663,-1.1198458135115728,10.832666666666666
90,15,2.0,3.0,0,London_NY,2236,-7026.694691684303,77101.38367048033,84128.07836216477,0.9164762249598157,38.32737030411449,8459.784999301472,-0.8305996774462353,-0.7424204237810353,11.440966010733453
90,15,2.0,3.0,100,24h,3000,-12133.921072822413,99890.39681919666,112024.31789202019,0.891684936796318,37.733333333333334,13170.586826868173,-0.92128932691663,-1.1198458135115728,10.832666666666666
90,15,2.0,3.0,100,London_NY,2236,-7026.694691684303,77101.38367048033,84128.07836216477,0.9164762249598157,38.32737030411449,8459.784999301472,-0.8305996774462353,-0.7424204237810353,11.440966010733453
90,15,2.0,3.0,200,24h,2967,-11410.512064033377,99337.12787039643,110747.63993443089,0.8969683501084976,37.782271654870236,12482.335051617076,-0.9141328138404003,-1.0563674820950821,10.815301651499832
90,15,2.0,3.0,200,London_NY,2210,-6241.050223213333,76747.42128906293,82988.47151227634,0.9247961781981948,38.41628959276018,7674.140530830504,-0.8132572238076958,-0.6614510626731192,11.424434389140272
90,15,2.0,5.0,0,24h,2507,-11492.254460796823,87010.68536900145,98502.93982979888,0.8833308479863174,32.42919824491424,12593.983827426422,-0.9125193916614123,-1.0216435640969115,14.25129637016354
90,15,2.0,5.0,0,London_NY,1932,-8443.0390241342,68319.76660505073,76762.80562918469,0.8900113283388905,33.22981366459627,10156.870378765852,-0.8312638351460484,-0.8545135917678045,14.881469979296067
90,15,2.0,5.0,100,24h,2507,-11492.254460796823,87010.68536900145,98502.93982979888,0.8833308479863174,32.42919824491424,12593.983827426422,-0.9125193916614123,-1.0216435640969115,14.25129637016354
90,15,2.0,5.0,100,London_NY,1932,-8443.0390241342,68319.76660505073,76762.80562918469,0.8900113283388905,33.22981366459627,10156.870378765852,-0.8312638351460484,-0.8545135917678045,14.881469979296067
90,15,2.0,5.0,200,24h,2478,-11157.888431220948,86394.4718226845,97552.360253906,0.8856215431161264,32.36481033091203,12294.775031388484,-0.9075309147776132,-0.9941480838333859,14.217917675544793
90,15,2.0,5.0,200,London_NY,1909,-8059.041270227961,67831.618718611,75890.65998883867,0.8938072053739825,33.158721843897325,9772.872624859616,-0.8246338184872972,-0.8179598740086724,14.864850707176533
90,15,2.5,0.0,0,24h,1948,-7605.695577566101,74481.00898437566,82086.70456194128,0.9073455851571373,33.2135523613963,9480.012016949362,-0.8022875460461273,-0.6260176310850759,21.655544147843944
90,15,2.5,0.0,0,London_NY,1585,-6237.811479840241,62255.07343750064,68492.88491734024,0.9089275990145893,34.19558359621451,9034.417236327226,-0.6904497895844477,-0.577767588243258,22.049211356466877
90,15,2.5,0.0,100,24h,1948,-7605.695577566101,74481.00898437566,82086.70456194128,0.9073455851571373,33.2135523613963,9480.012016949362,-0.8022875460461273,-0.6260176310850759,21.655544147843944
90,15,2.5,0.0,100,London_NY,1585,-6237.811479840241,62255.07343750064,68492.88491734024,0.9089275990145893,34.19558359621451,9034.417236327226,-0.6904497895844477,-0.577767588243258,22.049211356466877
90,15,2.5,0.0,200,24h,1925,-7311.36923653654,73785.11069336005,81096.47992989606,0.9098435685142398,33.298701298701296,9228.857217842233,-0.7922290987882448,-0.603552165078968,21.629610389610388
90,15,2.5,0.0,200,London_NY,1567,-5927.829263740926,61693.17661132876,67621.00587506908,0.9123374580571593,34.205488194001276,8724.435020227931,-0.6794513627526632,-0.5508641902185134,22.011486917677093
90,15,2.5,3.0,0,24h,2914,-11330.47423618727,104772.2006626677,116102.67489885651,0.9024098777563961,40.94028826355525,12330.539953611955,-0.9188952210376045,-0.9908465360956882,12.533287577213452
90,15,2.5,3.0,0,London_NY,2183,-5894.737700543105,81137.70216936427,87032.43986990767,0.9322696490026638,41.77737059092991,7527.59651576347,-0.7830836427269966,-0.5921566046162717,13.201557489693084
90,15,2.5,3.0,100,24h,2914,-11330.47423618727,104772.2006626677,116102.67489885651,0.9024098777563961,40.94028826355525,12330.539953611955,-0.9188952210376045,-0.9908465360956882,12.533287577213452
90,15,2.5,3.0,100,London_NY,2183,-5894.737700543105,81137.70216936427,87032.43986990767,0.9322696490026638,41.77737059092991,7527.59651576347,-0.7830836427269966,-0.5921566046162717,13.201557489693084
90,15,2.5,3.0,200,24h,2883,-10682.832400947344,104187.96727120563,114870.79967215443,0.9070013229520644,40.998959417273674,11726.069660294448,-0.911032657184393,-0.9368957652051682,12.49843912591051
90,15,2.5,3.0,200,London_NY,2158,-5267.729207937091,80707.85410505066,85975.583312988,0.9387299393042726,41.84430027803522,6900.588023157467,-0.7633739603435654,-0.5306435006850607,13.151065801668212
90,15,2.5,5.0,0,24h,2414,-11255.828676059087,90717.66793387303,101973.49660993308,0.8896200576595347,35.2112676056338,12334.300190079775,-0.9125632182287828,-0.9534469573829668,16.31234465617233
90,15,2.5,5.0,0,London_NY,1865,-8613.289332797709,71234.62536969916,79847.91470249672,0.8921288130705781,36.30026809651474,10738.346419851217,-0.8021057429172646,-0.8301821658769775,17.036461126005364
90,15,2.5,5.0,100,24h,2414,-11255.828676059087,90717.66793387303,101973.49660993308,0.8896200576595347,35.2112676056338,12334.300190079775,-0.9125632182287828,-0.9534469573829668,16.31234465617233
90,15,2.5,5.0,100,London_NY,1865,-8613.289332797709,71234.62536969916,79847.91470249672,0.8921288130705781,36.30026809651474,10738.346419851217,-0.8021057429172646,-0.8301821658769775,17.036461126005364
90,15,2.5,5.0,200,24h,2385,-10853.842014856558,90085.48972167997,100939.33173653735,0.8924716279756331,35.262054507337524,11975.485070799652,-0.9063384030532471,-0.9212796486984117,16.280083857442346
90,15,2.5,5.0,200,London_NY,1843,-8294.78062569672,70708.41325683647,79003.19388253297,0.895007021639787,36.24525230602279,10419.837712750228,-0.7960566041778958,-0.80151172409405,16.988062940857297
90,15,3.0,0.0,0,24h,1888,-5204.887925501453,77058.41108398493,82263.29900948604,0.9367289181424523,34.79872881355932,8167.273943218884,-0.6372858265422775,-0.40928851695854984,23.351165254237287
90,15,3.0,0.0,0,London_NY,1537,-4331.8526227672,64201.226171875656,68533.07879464212,0.936791798953805,35.84905660377358,7374.273643274784,-0.5874277023497464,-0.3903150108015807,23.668184775536762
90,15,3.0,0.0,100,24h,1888,-5204.887925501453,77058.41108398493,82263.29900948604,0.9367289181424523,34.79872881355932,8167.273943218884,-0.6372858265422775,-0.40928851695854984,23.351165254237287
90,15,3.0,0.0,100,London_NY,1537,-4331.8526227672,64201.226171875656,68533.07879464212,0.936791798953805,35.84905660377358,7374.273643274784,-0.5874277023497464,-0.3903150108015807,23.668184775536762
90,15,3.0,0.0,200,24h,1865,-5032.792811801687,76421.21274414122,81454.00555594248,0.9382130715677972,34.90616621983914,8074.079684011298,-0.6233271169924021,-0.3963674185166518,23.33672922252011
90,15,3.0,0.0,200,London_NY,1518,-4071.070298548465,63743.02929687565,67814.09959542338,0.9399671996998323,35.90250329380764,7277.393955774803,-0.559413207981954,-0.36741231184484124,23.656785243741766
90,15,3.0,3.0,0,24h,2870,-10810.596452984097,108243.95676269558,119054.5532156817,0.9091962788403277,42.89198606271777,12828.63300432338,-0.8426927833496224,-0.9085921050893275,13.631358885017422
90,15,3.0,3.0,0,London_NY,2149,-4784.033701868454,83610.20871233304,88394.24241420184,0.9458784467041241,43.92740809678921,6935.229833983294,-0.6898161728435053,-0.4653394170337756,14.249418334108888
90,15,3.0,3.0,100,24h,2870,-10810.596452984097,108243.95676269558,119054.5532156817,0.9091962788403277,42.89198606271777,12828.63300432338,-0.8426927833496224,-0.9085921050893275,13.631358885017422
90,15,3.0,3.0,100,London_NY,2149,-4784.033701868454,83610.20871233304,88394.24241420184,0.9458784467041241,43.92740809678921,6935.229833983294,-0.6898161728435053,-0.4653394170337756,14.249418334108888
90,15,3.0,3.0,200,24h,2840,-10410.653791153785,107676.09430803599,118086.74809919165,0.9118389323210864,42.95774647887324,12544.876464842368,-0.8298729621076902,-0.8761556753217704,13.594014084507043
90,15,3.0,3.0,200,London_NY,2125,-4318.124912805969,83227.46738281295,87545.5922956192,0.9506757016592562,44.04705882352941,6612.871533202059,-0.6529878723827353,-0.42047876284031316,14.193882352941177
90,15,3.0,5.0,0,24h,2363,-8971.953267995581,93999.43211146779,102971.38537946451,0.9128694516934606,37.02920016927634,10685.231274412985,-0.8396592490683805,-0.7362340171632655,17.605586119339822
90,15,3.0,5.0,0,London_NY,1822,-6531.518045479137,73913.43101981073,80444.94906528971,0.9188076054324062,38.090010976948406,8730.407829937762,-0.7481343566885466,-0.6083823978777729,18.31668496158068
90,15,3.0,5.0,100,24h,2363,-8971.953267995581,93999.43211146779,102971.38537946451,0.9128694516934606,37.02920016927634,10685.231274412985,-0.8396592490683805,-0.7362340171632655,17.605586119339822
90,15,3.0,5.0,100,London_NY,1822,-6531.518045479137,73913.43101981073,80444.94906528971,0.9188076054324062,38.090010976948406,8730.407829937762,-0.7481343566885466,-0.6083823978777729,18.31668496158068
90,15,3.0,5.0,200,24h,2336,-8802.331026784703,93453.83198242207,102256.16300920781,0.9139188214406879,37.11472602739726,10566.794883508985,-0.8330180649689733,-0.722705579273787,17.560359589041095
90,15,3.0,5.0,200,London_NY,1801,-6412.952730886516,73429.79630998935,79842.74904087563,0.9196802113163319,38.089950027762356,8611.842515345139,-0.74466674459728,-0.5978643274860499,18.258745141588008
90,20,1.5,0.0,0,24h,2070,-5032.0472586486085,69002.84980468811,74034.89706333623,0.9320314141269995,25.217391304347824,7149.969869558097,-0.7037857991644395,-0.4368724125161888,19.264734299516906
90,20,1.5,0.0,0,London_NY,1711,-4925.9266514361325,57963.16284179741,62889.08949323301,0.9216727942616241,26.300409117475162,7418.905943079425,-0.6639694166807955,-0.48799842741263877,19.557568673290472
90,20,1.5,0.0,100,24h,2070,-5032.0472586486085,69002.84980468811,74034.89706333623,0.9320314141269995,25.217391304347824,7149.969869558097,-0.7037857991644395,-0.4368724125161888,19.264734299516906
90,20,1.5,0.0,100,London_NY,1711,-4925.9266514361325,57963.16284179741,62889.08949323301,0.9216727942616241,26.300409117475162,7418.905943079425,-0.6639694166807955,-0.48799842741263877,19.557568673290472
90,20,1.5,0.0,200,24h,2047,-4903.8375993991785,68316.448583985,73220.28618338359,0.9330262437500352,25.2076209086468,7048.903135462119,-0.6956880389983806,-0.4270232158308645,19.262335124572544
90,20,1.5,0.0,200,London_NY,1692,-4581.769431849087,57450.76303710991,62032.53246895847,0.92613924904418,26.35933806146572,7074.748723492379,-0.6476229207455643,-0.455517164331436,19.58628841607565
90,20,1.5,3.0,0,24h,3115,-9969.757707866924,96375.83029436418,106345.58800223182,0.9062513274395698,33.19422150882825,11114.713863698315,-0.8969873475941721,-0.9648467393056872,9.481219903691814
90,20,1.5,3.0,0,London_NY,2319,-5779.237044851043,74825.43802315889,80604.67506800988,0.9283014658892331,33.63518758085382,6990.792068916167,-0.8266927392316274,-0.6326667809991225,10.282018111254851
90,20,1.5,3.0,100,24h,3115,-9969.757707866924,96375.83029436418,106345.58800223182,0.9062513274395698,33.19422150882825,11114.713863698315,-0.8969873475941721,-0.9648467393056872,9.481219903691814
90,20,1.5,3.0,100,London_NY,2319,-5779.237044851043,74825.43802315889,80604.67506800988,0.9283014658892331,33.63518758085382,6990.792068916167,-0.8266927392316274,-0.6326667809991225,10.282018111254851
90,20,1.5,3.0,200,24h,3082,-9428.022283062226,95864.83316127265,105292.85544433558,0.9104590502054797,33.19273199221285,10600.121364047092,-0.8894258810129922,-0.9147084373871454,9.480207657365346
90,20,1.5,3.0,200,London_NY,2293,-5058.71041782817,74513.74745745021,79572.45787527834,0.9364263646881796,33.66768425643262,6270.265441893283,-0.8067777137518936,-0.5552295912146259,10.286960313999128
90,20,1.5,5.0,0,24h,2590,-9819.056065149487,84479.48550153493,94298.5415666847,0.8958726624822074,27.25868725868726,12137.394775389273,-0.8089920651719568,-0.8718525104329029,13.288416988416989
90,20,1.5,5.0,0,London_NY,2005,-6931.532584053206,66957.50113002279,73889.03371407575,0.9061899684481527,28.32917705735661,10020.740966795815,-0.6917185672218409,-0.6933952828838297,14.159600997506233
90,20,1.5,5.0,100,24h,2590,-9819.056065149487,84479.48550153493,94298.5415666847,0.8958726624822074,27.25868725868726,12137.394775389273,-0.8089920651719568,-0.8718525104329029,13.288416988416989
90,20,1.5,5.0,100,London_NY,2005,-6931.532584053206,66957.50113002279,73889.03371407575,0.9061899684481527,28.32917705735661,10020.740966795815,-0.6917185672218409,-0.6933952828838297,14.159600997506233
90,20,1.5,5.0,200,24h,2560,-9429.707929337566,84019.33612234968,93449.0440516875,0.8990925158729054,27.1875,11775.189564730805,-0.800811560399974,-0.8384091970333979,13.295312500000001
90,20,1.5,5.0,200,London_NY,1981,-6366.068566893611,66625.6670200898,72991.7355869831,0.9127837074197673,28.319030792529027,9455.276949636216,-0.6732820837298203,-0.6380751934929141,14.191317516405855
90,20,2.0,0.0,0,24h,1909,-5587.471533202351,72636.20766601626,78223.67919921814,0.9285705864208733,29.28234677841802,7796.261746650928,-0.7166859855112719,-0.46336317554042833,23.561026715557883
90,20,2.0,0.0,0,London_NY,1596,-5605.629959541742,61299.37304687558,66905.0030064168,0.9162150854547666,30.075187969924812,8423.246826171104,-0.6654951558732672,-0.5269527061859424,23.69486215538847
90,20,2.0,0.0,100,24h,1909,-5587.471533202351,72636.20766601626,78223.67919921814,0.9285705864208733,29.28234677841802,7796.261746650928,-0.7166859855112719,-0.46336317554042833,23.561026715557883
90,20,2.0,0.0,100,London_NY,1596,-5605.629959541742,61299.37304687558,66905.0030064168,0.9162150854547666,30.075187969924812,8423.246826171104,-0.6654951558732672,-0.5269527061859424,23.69486215538847
90,20,2.0,0.0,200,24h,1886,-5211.252622767089,71988.20610351626,77199.45872628287,0.932496254394172,29.32131495227996,7455.200069753614,-0.6990090908370906,-0.4335313622366516,23.534464475079535
90,20,2.0,0.0,200,London_NY,1577,-5125.094042968095,60825.3729003912,65950.46694335876,0.9222887375859035,30.183893468611288,7942.710909597464,-0.6452575325101231,-0.48345026326039175,23.70133164235891
90,20,2.0,3.0,0,24h,2958,-8880.958011299024,105421.86225237184,114302.82026367189,0.9223032468419099,38.5395537525355,10550.077078681627,-0.8417908177414775,-0.7839031213060668,12.147396889790398
90,20,2.0,3.0,0,London_NY,2222,-4867.512569753493,81534.11690150709,86401.6294712608,0.9436641114346951,38.748874887488746,7871.858136857185,-0.6183435327630069,-0.4892067852989381,12.93024302430243
90,20,2.0,3.0,100,24h,2958,-8880.958011299024,105421.86225237184,114302.82026367189,0.9223032468419099,38.5395537525355,10550.077078681627,-0.8417908177414775,-0.7839031213060668,12.147396889790398
90,20,2.0,3.0,100,London_NY,2222,-4867.512569753493,81534.11690150709,86401.6294712608,0.9436641114346951,38.748874887488746,7871.858136857185,-0.6183435327630069,-0.4892067852989381,12.93024302430243
90,20,2.0,3.0,200,24h,2925,-8062.932477677388,104901.09330357159,112964.02578124998,0.9286238922354634,38.598290598290596,10197.28815917829,-0.7906937954303245,-0.713843630694611,12.128205128205128
90,20,2.0,3.0,200,London_NY,2196,-4000.9300781240445,81212.65452008967,85213.58459821391,0.9530482129464589,38.84335154826958,7499.77699846434,-0.5334732057957561,-0.40331405248288865,12.914845173041895
90,20,2.0,5.0,0,24h,2430,-9733.633283341569,91188.58196498362,100922.2152483256,0.9035531150461595,31.76954732510288,10923.004711913067,-0.8911131634618521,-0.8126468377176951,16.70164609053498
90,20,2.0,5.0,0,London_NY,1900,-6741.122872487987,72616.41533900722,79357.53821149499,0.9150537803412945,32.473684210526315,9582.951632253535,-0.7034495352975854,-0.633002180821755,17.43263157894737
90,20,2.0,5.0,100,24h,2430,-9733.633283341569,91188.58196498362,100922.2152483256,0.9035531150461595,31.76954732510288,10923.004711913067,-0.8911131634618521,-0.8126468377176951,16.70164609053498
90,20,2.0,5.0,100,London_NY,1900,-6741.122872487987,72616.41533900722,79357.53821149499,0.9150537803412945,32.473684210526315,9582.951632253535,-0.7034495352975854,-0.633002180821755,17.43263157894737
90,20,2.0,5.0,200,24h,2401,-9159.472506276852,90752.32540806399,99911.79791434127,0.9083244151593579,31.73677634319034,10610.220043944206,-0.863268854777864,-0.7660010160523543,16.672219908371513
90,20,2.0,5.0,200,London_NY,1877,-6112.00862862639,72308.47405133978,78420.48267996598,0.9220610684893473,32.49866808737347,9163.38385881605,-0.6670034479398191,-0.5751356455800178,17.419286094832177
90,20,2.5,0.0,0,24h,1812,-5760.790000696722,75287.09946289123,81047.8894635876,0.9289211595906575,32.06401766004415,7664.620363071036,-0.7516080024593034,-0.4565789037608709,26.90618101545254
90,20,2.5,0.0,0,London_NY,1518,-5884.86773158412,64048.61132812562,69933.4790597092,0.9158504937733888,33.26745718050066,8732.980456542076,-0.6738670446898378,-0.526599662475181,27.24308300395257
90,20,2.5,0.0,100,24h,1812,-5760.790000696722,75287.09946289123,81047.8894635876,0.9289211595906575,32.06401766004415,7664.620363071036,-0.7516080024593034,-0.4565789037608709,26.90618101545254
90,20,2.5,0.0,100,London_NY,1518,-5884.86773158412,64048.61132812562,69933.4790597092,0.9158504937733888,33.26745718050066,8732.980456542076,-0.6738670446898378,-0.526599662475181,27.24308300395257
90,20,2.5,0.0,200,24h,1790,-5398.729701450085,74615.74887695373,80014.47857840342,0.9325280899486252,32.17877094972067,7345.731605746846,-0.7349478569604221,-0.42908100837895397,26.88435754189944
90,20,2.5,0.0,200,London_NY,1500,-5451.400669642168,63538.21225585999,68989.61292550161,0.9209822980811863,33.4,8299.513394600126,-0.6568337696989547,-0.4893087103600553,27.23333333333333
90,20,2.5,3.0,0,24h,2859,-8668.41404680395,110688.39816545774,119356.81221226313,0.9273739480291283,42.11262679258482,9979.263678849016,-0.8686426499759292,-0.7230483264896539,14.294158796782092
90,20,2.5,3.0,0,London_NY,2161,-3197.329544502354,86534.39302455395,89731.72256905664,0.9643679018638915,42.850532161036554,5458.418443079172,-0.5857611646751463,-0.30430002082592666,15.220731142989358
90,20,2.5,3.0,100,24h,2859,-8668.41404680395,110688.39816545774,119356.81221226313,0.9273739480291283,42.11262679258482,9979.263678849016,-0.8686426499759292,-0.7230483264896539,14.294158796782092
90,20,2.5,3.0,100,London_NY,2161,-3197.329544502354,86534.39302455395,89731.72256905664,0.9643679018638915,42.850532161036554,5458.418443079172,-0.5857611646751463,-0.30430002082592666,15.220731142989358
90,20,2.5,3.0,200,24h,2828,-7928.5937796443795,110136.6647739957,118065.25855364143,0.9328456662292111,42.185289957567186,9722.870900179942,-0.8154580947380105,-0.6631223881007001,14.260608203677512
90,20,2.5,3.0,200,London_NY,2136,-2613.3220633360725,86054.21722586532,88667.5392892017,0.9705267329590296,42.88389513108614,5350.478215679632,-0.48842775505144664,-0.24939792993100252,15.170880149812735
90,20,2.5,5.0,0,24h,2326,-8994.469716098261,95218.41549595442,104212.88521205365,0.913691385688083,34.909716251074805,10305.53845563514,-0.8727801807561082,-0.7183547809119144,19.32201203783319
90,20,2.5,5.0,0,London_NY,1826,-6603.2246861040485,75882.91099330399,82486.13567940805,0.9199474598765511,35.87075575027382,9297.96768973122,-0.7101793538599541,-0.592351943315303,20.16210295728368
90,20,2.5,5.0,100,24h,2326,-8994.469716098261,95218.41549595442,104212.88521205365,0.913691385688083,34.909716251074805,10305.53845563514,-0.8727801807561082,-0.7183547809119144,19.32201203783319
90,20,2.5,5.0,100,London_NY,1826,-6603.2246861040485,75882.91099330399,82486.13567940805,0.9199474598765511,35.87075575027382,9297.96768973122,-0.7101793538599541,-0.592351943315303,20.16210295728368
90,20,2.5,5.0,200,24h,2298,-8452.342000905779,94720.09446847122,103172.43646937779,0.9180755801631643,34.89991296779809,9806.582282365076,-0.8619049692883736,-0.6760866547954338,19.293298520452566
90,20,2.5,5.0,200,London_NY,1804,-6033.022776575611,75545.20503976048,81578.22781633608,0.9260461652812776,35.92017738359202,8727.765780202786,-0.6912448074924664,-0.542181387167323,20.12971175166297
90,20,3.0,0.0,0,24h,1745,-3078.0861642012724,78412.0039062505,81490.0900704516,0.962227478684341,34.097421203438394,6991.087513949929,-0.4402871739281331,-0.23253559818034794,29.35587392550143
90,20,3.0,0.0,0,London_NY,1465,-3759.446951729281,66494.46606445377,70253.91301618239,0.9464877216040242,35.49488054607509,7301.9662213997635,-0.5148540595424183,-0.3255592602405503,29.726962457337883
90,20,3.0,0.0,100,24h,1745,-3078.0861642012724,78412.0039062505,81490.0900704516,0.962227478684341,34.097421203438394,6991.087513949929,-0.4402871739281331,-0.23253559818034794,29.35587392550143
90,20,3.0,0.0,100,London_NY,1465,-3759.446951729281,66494.46606445377,70253.91301618239,0.9464877216040242,35.49488054607509,7301.9662213997635,-0.5148540595424183,-0.3255592602405503,29.726962457337883
90,20,3.0,0.0,200,24h,1723,-2875.636024692354,77799.3532714849,80674.98929617698,0.9643552971028612,34.24260011607661,6886.3370570582,-0.41758572095232405,-0.21759666139990644,29.355774811375507
90,20,3.0,0.0,200,London_NY,1446,-3399.9093959257198,66087.76694336001,69487.67633928506,0.951071764447491,35.684647302904565,7109.402117047117,-0.4782271898467137,-0.2948627135357278,29.755186721991702
90,20,3.0,3.0,0,24h,2799,-8104.40479561812,114196.57425711512,122300.97905273506,0.9337339336251316,44.55162558056449,11007.268899970702,-0.7362775334433496,-0.6497201389823646,15.925330475169703
90,20,3.0,3.0,0,London_NY,2119,-2078.8079241061905,89122.44513811424,91201.25306222084,0.9772063666418228,45.540349221330814,5841.468362861652,-0.35587078367532443,-0.19158797948961764,16.838603114676737
90,20,3.0,3.0,100,24h,2799,-8104.40479561812,114196.57425711512,122300.97905273506,0.9337339336251316,44.55162558056449,11007.268899970702,-0.7362775334433496,-0.6497201389823646,15.925330475169703
90,20,3.0,3.0,100,London_NY,2119,-2078.8079241061905,89122.44513811424,91201.25306222084,0.9772063666418228,45.540349221330814,5841.468362861652,-0.35587078367532443,-0.19158797948961764,16.838603114676737
90,20,3.0,3.0,200,24h,2769,-7641.94774692954,113661.21180245552,121303.1595493868,0.9370012473267857,44.637053087757316,10679.796801756429,-0.7155517926776214,-0.6134076741060138,15.89346334416757
90,20,3.0,3.0,200,London_NY,2095,-1662.3226143963802,88689.37607421915,90351.6986886159,0.9816016451431012,45.63245823389021,5587.33236955806,-0.29751632880359047,-0.1533858024955722,16.785202863961814
90,20,3.0,5.0,0,24h,2265,-6614.731549943255,99296.82679268987,105911.55834263432,0.9375447623143723,37.35099337748344,9974.122300501062,-0.6631893364302297,-0.5098021342983821,21.157174392935982
90,20,3.0,5.0,0,London_NY,1779,-5122.461383927779,78627.9016392304,83750.3630231581,0.9388365471023538,38.27993254637437,9299.778281946663,-0.5508154311454754,-0.443818115806066,22.06745362563238
90,20,3.0,5.0,100,24h,2265,-6614.731549943255,99296.82679268987,105911.55834263432,0.9375447623143723,37.35099337748344,9974.122300501062,-0.6631893364302297,-0.5098021342983821,21.157174392935982
90,20,3.0,5.0,100,London_NY,1779,-5122.461383927779,78627.9016392304,83750.3630231581,0.9388365471023538,38.27993254637437,9299.778281946663,-0.5508154311454754,-0.443818115806066,22.06745362563238
90,20,3.0,5.0,200,24h,2239,-6469.033021762442,98775.89703543544,105244.93005719903,0.9385335424875311,37.33809736489504,9879.609622627191,-0.6547862991414628,-0.4987416228342569,21.110317105850825
90,20,3.0,5.0,200,London_NY,1758,-4776.932481165518,78332.77308872817,83109.70556989362,0.9425225676302252,38.39590443686007,9136.950844028144,-0.5228147291924736,-0.41403033274774437,22.02673492605233
