total_trades,net_profit,pf,win_rate,max_dd,mcr,pos_months,total_months,hma_period,cmo_period,use_channel,lookback,cmo_threshold,use_kfd,kfd_thresh,profit_lock,trend_tp,trend_sl,def_thresh,def_mult
167,13965.61,2.375,28.14,866.29,50.0,36,72,24,10,True,12,25.0,True,1.4,200.0,4.5,2.5,120.0,0.25
168,13956.71,2.37,27.98,866.29,50.0,36,72,24,14,True,12,25.0,True,1.4,200.0,4.5,2.5,120.0,0.25
168,13953.85,2.369,27.98,866.29,50.0,36,72,24,10,True,12,15.0,True,1.4,200.0,4.5,2.5,120.0,0.25
168,13953.85,2.369,27.98,866.29,50.0,36,72,24,14,True,12,15.0,True,1.4,200.0,4.5,2.5,120.0,0.25
156,13267.24,2.35,29.49,1021.53,50.0,36,72,24,14,True,12,25.0,True,1.35,200.0,4.0,2.5,120.0,0.25
156,13267.24,2.35,29.49,1021.53,50.0,36,72,24,14,True,12,25.0,True,1.35,250.0,4.0,2.5,120.0,0.25
157,13219.84,2.338,29.3,1019.26,50.0,36,72,24,14,True,12,15.0,True,1.35,200.0,4.0,2.5,120.0,0.25
157,13219.84,2.338,29.3,1019.26,50.0,36,72,24,14,True,12,15.0,True,1.35,250.0,4.0,2.5,120.0,0.25
157,13218.74,2.338,29.3,1019.26,50.0,36,72,24,10,True,12,35.0,True,1.35,200.0,4.0,2.5,120.0,0.25
157,13218.74,2.338,29.3,1019.26,50.0,36,72,24,10,True,12,35.0,True,1.35,250.0,4.0,2.5,120.0,0.25
157,13215.9,2.337,29.3,1019.26,50.0,36,72,24,10,True,12,15.0,True,1.35,200.0,4.0,2.5,120.0,0.25
157,13215.9,2.337,29.3,1019.26,50.0,36,72,24,10,True,12,15.0,True,1.35,250.0,4.0,2.5,120.0,0.25
157,13215.9,2.337,29.3,1019.26,50.0,36,72,24,10,True,12,25.0,True,1.35,200.0,4.0,2.5,120.0,0.25
157,13215.9,2.337,29.3,1019.26,50.0,36,72,24,10,True,12,25.0,True,1.35,250.0,4.0,2.5,120.0,0.25
166,13572.29,2.31,27.71,866.29,50.0,36,72,24,10,True,16,15.0,True,1.4,200.0,4.5,2.5,120.0,0.25
166,13572.29,2.31,27.71,866.29,50.0,36,72,24,10,True,16,25.0,True,1.4,200.0,4.5,2.5,120.0,0.25
166,13572.29,2.31,27.71,866.29,50.0,36,72,24,14,True,16,15.0,True,1.4,200.0,4.5,2.5,120.0,0.25
166,13572.29,2.31,27.71,866.29,50.0,36,72,24,14,True,16,25.0,True,1.4,200.0,4.5,2.5,120.0,0.25
153,12729.88,2.309,28.76,1021.53,47.22,34,72,24,14,True,12,35.0,True,1.35,200.0,4.0,2.5,120.0,0.25
153,12729.88,2.309,28.76,1021.53,47.22,34,72,24,14,True,12,35.0,True,1.35,250.0,4.0,2.5,120.0,0.25
173,13822.94,2.308,27.75,996.44,47.22,34,72,24,14,True,12,35.0,True,1.4,250.0,4.5,2.5,120.0,0.25
175,13966.11,2.307,28.0,866.29,50.0,36,72,24,10,True,12,25.0,True,1.4,250.0,4.5,2.5,120.0,0.25
176,13957.21,2.302,27.84,866.29,50.0,36,72,24,14,True,12,25.0,True,1.4,250.0,4.5,2.5,120.0,0.25
176,13954.35,2.302,27.84,866.29,50.0,36,72,24,10,True,12,15.0,True,1.4,250.0,4.5,2.5,120.0,0.25
176,13954.35,2.302,27.84,866.29,50.0,36,72,24,14,True,12,15.0,True,1.4,250.0,4.5,2.5,120.0,0.25
172,13794.05,2.302,27.91,996.44,47.22,34,72,24,14,True,16,35.0,True,1.4,250.0,4.5,2.5,120.0,0.25
174,13937.21,2.301,28.16,866.29,50.0,36,72,24,10,True,16,15.0,True,1.4,250.0,4.5,2.5,120.0,0.25
174,13937.21,2.301,28.16,866.29,50.0,36,72,24,10,True,16,25.0,True,1.4,250.0,4.5,2.5,120.0,0.25
174,13937.21,2.301,28.16,866.29,50.0,36,72,24,14,True,16,15.0,True,1.4,250.0,4.5,2.5,120.0,0.25
174,13937.21,2.301,28.16,866.29,50.0,36,72,24,14,True,16,25.0,True,1.4,250.0,4.5,2.5,120.0,0.25
166,13100.74,2.291,27.11,996.44,47.22,34,72,24,14,True,12,35.0,True,1.4,200.0,4.5,2.5,120.0,0.25
155,12698.82,2.289,29.03,1019.26,48.61,35,72,24,10,True,16,35.0,True,1.35,200.0,4.0,2.5,120.0,0.25
155,12698.82,2.289,29.03,1019.26,48.61,35,72,24,10,True,16,35.0,True,1.35,250.0,4.0,2.5,120.0,0.25
155,12695.99,2.288,29.03,1019.26,48.61,35,72,24,10,True,16,15.0,True,1.35,200.0,4.0,2.5,120.0,0.25
155,12695.99,2.288,29.03,1019.26,48.61,35,72,24,10,True,16,15.0,True,1.35,250.0,4.0,2.5,120.0,0.25
155,12695.99,2.288,29.03,1019.26,48.61,35,72,24,10,True,16,25.0,True,1.35,200.0,4.0,2.5,120.0,0.25
155,12695.99,2.288,29.03,1019.26,48.61,35,72,24,10,True,16,25.0,True,1.35,250.0,4.0,2.5,120.0,0.25
155,12695.99,2.288,29.03,1019.26,48.61,35,72,24,14,True,16,15.0,True,1.35,200.0,4.0,2.5,120.0,0.25
155,12695.99,2.288,29.03,1019.26,48.61,35,72,24,14,True,16,15.0,True,1.35,250.0,4.0,2.5,120.0,0.25
155,12685.24,2.286,29.03,1021.53,48.61,35,72,24,14,True,16,25.0,True,1.35,200.0,4.0,2.5,120.0,0.25
155,12685.24,2.286,29.03,1021.53,48.61,35,72,24,14,True,16,25.0,True,1.35,250.0,4.0,2.5,120.0,0.25
107,10393.16,2.264,28.04,2159.83,37.5,27,72,16,10,False,16,35.0,True,1.4,200.0,4.5,2.5,120.0,0.25
107,10393.16,2.264,28.04,2159.83,37.5,27,72,16,10,False,16,35.0,True,1.4,250.0,4.5,2.5,120.0,0.25
149,12588.27,2.257,27.52,1608.28,45.83,33,72,24,14,True,12,25.0,True,1.35,200.0,4.5,2.5,120.0,0.25
154,12776.72,2.252,27.92,1608.28,45.83,33,72,24,14,True,12,25.0,True,1.35,250.0,4.5,2.5,120.0,0.25
170,13055.93,2.251,27.06,866.29,48.61,35,72,16,10,True,12,25.0,True,1.4,200.0,4.5,2.5,120.0,0.25
169,13010.44,2.251,27.22,1082.65,48.61,35,72,24,10,True,12,35.0,True,1.4,200.0,4.5,2.5,120.0,0.25
178,13622.2,2.247,27.53,1082.65,48.61,35,72,24,10,True,12,35.0,True,1.4,250.0,4.5,2.5,120.0,0.25
154,12751.3,2.247,27.92,1606.01,45.83,33,72,24,10,True,16,35.0,True,1.35,250.0,4.5,2.5,120.0,0.25
150,12543.71,2.247,27.33,1606.01,45.83,33,72,24,10,True,12,35.0,True,1.35,200.0,4.5,2.5,120.0,0.25
154,12748.46,2.246,27.92,1606.01,45.83,33,72,24,10,True,16,15.0,True,1.35,250.0,4.5,2.5,120.0,0.25
154,12748.46,2.246,27.92,1606.01,45.83,33,72,24,10,True,16,25.0,True,1.35,250.0,4.5,2.5,120.0,0.25
154,12748.46,2.246,27.92,1606.01,45.83,33,72,24,14,True,16,15.0,True,1.35,250.0,4.5,2.5,120.0,0.25
150,12540.87,2.246,27.33,1606.01,45.83,33,72,24,10,True,12,15.0,True,1.35,200.0,4.5,2.5,120.0,0.25
150,12540.87,2.246,27.33,1606.01,45.83,33,72,24,10,True,12,25.0,True,1.35,200.0,4.5,2.5,120.0,0.25
150,12540.87,2.246,27.33,1606.01,45.83,33,72,24,14,True,12,15.0,True,1.35,200.0,4.5,2.5,120.0,0.25
152,12147.88,2.245,28.29,1021.53,45.83,33,72,24,14,True,16,35.0,True,1.35,200.0,4.0,2.5,120.0,0.25
152,12147.88,2.245,28.29,1021.53,45.83,33,72,24,14,True,16,35.0,True,1.35,250.0,4.0,2.5,120.0,0.25
167,13106.76,2.244,26.35,866.29,50.0,36,72,16,10,True,16,25.0,True,1.4,200.0,4.5,2.5,120.0,0.25
154,12737.72,2.244,27.92,1608.28,45.83,33,72,24,14,True,16,25.0,True,1.35,250.0,4.5,2.5,120.0,0.25
155,12732.15,2.242,27.74,1606.01,45.83,33,72,24,10,True,12,35.0,True,1.35,250.0,4.5,2.5,120.0,0.25
155,12729.32,2.242,27.74,1606.01,45.83,33,72,24,10,True,12,15.0,True,1.35,250.0,4.5,2.5,120.0,0.25
155,12729.32,2.242,27.74,1606.01,45.83,33,72,24,10,True,12,25.0,True,1.35,250.0,4.5,2.5,120.0,0.25
155,12729.32,2.242,27.74,1606.01,45.83,33,72,24,14,True,12,15.0,True,1.35,250.0,4.5,2.5,120.0,0.25
164,12759.28,2.239,26.83,996.44,47.22,34,72,24,14,True,16,35.0,True,1.4,200.0,4.5,2.5,120.0,0.25
175,13657.82,2.236,26.86,1081.14,50.0,36,72,16,10,True,16,35.0,True,1.4,250.0,4.5,2.5,120.0,0.25
175,13471.68,2.236,26.86,866.29,50.0,36,72,16,10,True,16,25.0,True,1.4,250.0,4.5,2.5,120.0,0.25
159,12278.0,2.234,28.93,957.66,48.61,35,72,12,14,True,12,25.0,True,1.35,200.0,4.0,2.5,120.0,0.25
159,12278.0,2.234,28.93,957.66,48.61,35,72,12,14,True,12,25.0,True,1.35,250.0,4.0,2.5,120.0,0.25
178,13547.47,2.232,27.53,1082.65,48.61,35,72,24,10,True,16,35.0,True,1.4,250.0,4.5,2.5,120.0,0.25
151,12475.05,2.232,27.15,1606.01,45.83,33,72,24,10,True,16,35.0,True,1.35,200.0,4.5,2.5,120.0,0.25
151,12472.22,2.231,27.15,1606.01,45.83,33,72,24,10,True,16,15.0,True,1.35,200.0,4.5,2.5,120.0,0.25
151,12472.22,2.231,27.15,1606.01,45.83,33,72,24,10,True,16,25.0,True,1.35,200.0,4.5,2.5,120.0,0.25
151,12472.22,2.231,27.15,1606.01,45.83,33,72,24,14,True,16,15.0,True,1.35,200.0,4.5,2.5,120.0,0.25
151,12461.47,2.229,27.15,1608.28,45.83,33,72,24,14,True,16,25.0,True,1.35,200.0,4.5,2.5,120.0,0.25
169,13025.58,2.227,26.04,866.29,50.0,36,72,16,10,True,16,15.0,True,1.4,200.0,4.5,2.5,120.0,0.25
160,12230.6,2.224,28.75,955.67,48.61,35,72,12,14,True,12,15.0,True,1.35,200.0,4.0,2.5,120.0,0.25
160,12230.6,2.224,28.75,955.67,48.61,35,72,12,14,True,12,15.0,True,1.35,250.0,4.0,2.5,120.0,0.25
160,12225.94,2.223,28.75,955.67,48.61,35,72,12,10,True,12,15.0,True,1.35,200.0,4.0,2.5,120.0,0.25
160,12225.94,2.223,28.75,955.67,48.61,35,72,12,10,True,12,15.0,True,1.35,250.0,4.0,2.5,120.0,0.25
177,13390.5,2.22,26.55,866.29,50.0,36,72,16,10,True,16,15.0,True,1.4,250.0,4.5,2.5,120.0,0.25
158,11805.65,2.217,31.01,988.23,50.0,36,72,24,14,True,12,25.0,True,1.35,250.0,3.5,2.5,120.0,0.25
167,12766.78,2.211,26.35,866.29,50.0,36,72,16,14,True,16,15.0,True,1.4,200.0,4.5,2.5,120.0,0.25
167,12766.78,2.211,26.35,866.29,50.0,36,72,16,14,True,16,25.0,True,1.4,200.0,4.5,2.5,120.0,0.25
159,12224.46,2.211,28.3,1017.91,48.61,35,72,12,10,True,12,35.0,True,1.35,200.0,4.0,2.5,120.0,0.25
159,12224.46,2.211,28.3,1017.91,48.61,35,72,12,10,True,12,35.0,True,1.35,250.0,4.0,2.5,120.0,0.25
154,11820.9,2.211,28.57,957.66,45.83,33,72,12,14,True,12,35.0,True,1.35,200.0,4.0,2.5,120.0,0.25
154,11820.9,2.211,28.57,957.66,45.83,33,72,12,14,True,12,35.0,True,1.35,250.0,4.0,2.5,120.0,0.25
146,11970.0,2.208,26.71,1608.28,43.06,31,72,24,14,True,12,35.0,True,1.35,200.0,4.5,2.5,120.0,0.25
167,12695.58,2.206,26.95,1081.14,48.61,35,72,16,10,True,12,35.0,True,1.4,200.0,4.5,2.5,120.0,0.25
159,11758.25,2.206,30.82,988.23,50.0,36,72,24,14,True,12,15.0,True,1.35,250.0,3.5,2.5,120.0,0.25
159,11757.15,2.206,30.82,988.23,50.0,36,72,24,10,True,12,35.0,True,1.35,250.0,3.5,2.5,120.0,0.25
159,11754.31,2.205,30.82,988.23,50.0,36,72,24,10,True,12,15.0,True,1.35,250.0,3.5,2.5,120.0,0.25
159,11754.31,2.205,30.82,988.23,50.0,36,72,24,10,True,12,25.0,True,1.35,250.0,3.5,2.5,120.0,0.25
156,11501.84,2.205,30.77,988.23,50.0,36,72,24,14,True,12,25.0,True,1.35,200.0,3.5,2.5,120.0,0.25
176,13307.34,2.204,27.27,1081.14,48.61,35,72,16,10,True,12,35.0,True,1.4,250.0,4.5,2.5,120.0,0.25
175,13131.7,2.204,26.86,866.29,50.0,36,72,16,14,True,16,15.0,True,1.4,250.0,4.5,2.5,120.0,0.25
175,13131.7,2.204,26.86,866.29,50.0,36,72,16,14,True,16,25.0,True,1.4,250.0,4.5,2.5,120.0,0.25
173,12988.01,2.204,26.59,951.94,47.22,34,72,16,14,True,16,35.0,True,1.4,250.0,4.5,2.5,120.0,0.25
151,12158.45,2.204,27.15,1608.28,43.06,31,72,24,14,True,12,35.0,True,1.35,250.0,4.5,2.5,120.0,0.25
146,11761.28,2.202,32.19,1206.89,45.83,33,72,12,14,False,16,25.0,True,1.4,250.0,4.5,2.5,120.0,0.25
150,12079.35,2.201,27.33,1606.93,45.83,33,72,12,14,True,12,25.0,True,1.35,200.0,4.5,2.5,120.0,0.25
155,12267.8,2.198,27.74,1606.93,45.83,33,72,12,14,True,12,25.0,True,1.35,250.0,4.5,2.5,120.0,0.25
151,12119.44,2.196,27.15,1608.28,43.06,31,72,24,14,True,16,35.0,True,1.35,250.0,4.5,2.5,120.0,0.25
157,11454.44,2.194,30.57,988.23,50.0,36,72,24,14,True,12,15.0,True,1.35,200.0,3.5,2.5,120.0,0.25
157,11453.34,2.194,30.57,988.23,50.0,36,72,24,10,True,12,35.0,True,1.35,200.0,3.5,2.5,120.0,0.25
157,11450.51,2.193,30.57,988.23,50.0,36,72,24,10,True,12,15.0,True,1.35,200.0,3.5,2.5,120.0,0.25
157,11450.51,2.193,30.57,988.23,50.0,36,72,24,10,True,12,25.0,True,1.35,200.0,3.5,2.5,120.0,0.25
155,12239.54,2.192,27.74,1604.66,45.83,33,72,12,10,True,16,15.0,True,1.35,250.0,4.5,2.5,120.0,0.25
155,12239.54,2.192,27.74,1604.66,45.83,33,72,12,14,True,16,15.0,True,1.35,250.0,4.5,2.5,120.0,0.25
178,13056.43,2.191,26.97,866.29,48.61,35,72,16,10,True,12,25.0,True,1.4,250.0,4.5,2.5,120.0,0.25
151,12031.94,2.191,27.15,1604.66,45.83,33,72,12,14,True,12,15.0,True,1.35,200.0,4.5,2.5,120.0,0.25
151,12031.18,2.191,27.15,1604.66,45.83,33,72,12,10,True,12,15.0,True,1.35,200.0,4.5,2.5,120.0,0.25
134,11020.43,2.19,31.34,1206.89,43.06,31,72,12,10,False,16,25.0,True,1.4,200.0,4.5,2.5,120.0,0.25
134,11020.43,2.19,31.34,1206.89,43.06,31,72,12,10,False,16,25.0,True,1.4,250.0,4.5,2.5,120.0,0.25
155,12228.79,2.189,27.74,1606.93,45.83,33,72,12,14,True,16,25.0,True,1.35,250.0,4.5,2.5,120.0,0.25
156,12220.39,2.188,27.56,1604.66,45.83,33,72,12,14,True,12,15.0,True,1.35,250.0,4.5,2.5,120.0,0.25
144,11568.46,2.188,31.94,1263.92,45.83,33,72,12,14,False,16,25.0,True,1.4,200.0,4.5,2.5,120.0,0.25
166,12685.34,2.187,25.9,1081.14,50.0,36,72,16,10,True,16,35.0,True,1.4,200.0,4.5,2.5,120.0,0.25
156,12219.63,2.187,27.56,1604.66,45.83,33,72,12,10,True,12,15.0,True,1.35,250.0,4.5,2.5,120.0,0.25
155,11363.22,2.186,30.32,988.23,48.61,35,72,24,14,True,12,35.0,True,1.35,250.0,3.5,2.5,120.0,0.25
169,12574.99,2.182,26.63,1082.65,48.61,35,72,24,10,True,16,35.0,True,1.4,200.0,4.5,2.5,120.0,0.25
148,11843.2,2.18,26.35,1608.28,43.06,31,72,24,14,True,16,35.0,True,1.35,200.0,4.5,2.5,120.0,0.25
157,11734.1,2.18,28.66,955.67,47.22,34,72,12,10,True,16,15.0,True,1.35,200.0,4.0,2.5,120.0,0.25
157,11734.1,2.18,28.66,955.67,47.22,34,72,12,10,True,16,15.0,True,1.35,250.0,4.0,2.5,120.0,0.25
157,11734.1,2.18,28.66,955.67,47.22,34,72,12,14,True,16,15.0,True,1.35,200.0,4.0,2.5,120.0,0.25
157,11734.1,2.18,28.66,955.67,47.22,34,72,12,14,True,16,15.0,True,1.35,250.0,4.0,2.5,120.0,0.25
157,11723.35,2.178,28.66,957.66,47.22,34,72,12,14,True,16,25.0,True,1.35,200.0,4.0,2.5,120.0,0.25
157,11723.35,2.178,28.66,957.66,47.22,34,72,12,14,True,16,25.0,True,1.35,250.0,4.0,2.5,120.0,0.25
152,11963.29,2.176,26.97,1604.66,45.83,33,72,12,10,True,16,15.0,True,1.35,200.0,4.5,2.5,120.0,0.25
152,11963.29,2.176,26.97,1604.66,45.83,33,72,12,14,True,16,15.0,True,1.35,200.0,4.5,2.5,120.0,0.25
174,12591.12,2.174,25.86,866.29,48.61,35,72,16,10,True,12,15.0,True,1.4,200.0,4.5,2.5,120.0,0.25
152,11952.54,2.174,26.97,1606.93,45.83,33,72,12,14,True,16,25.0,True,1.35,200.0,4.5,2.5,120.0,0.25
158,11847.08,2.173,27.85,1016.41,48.61,35,72,16,10,True,12,35.0,True,1.35,200.0,4.0,2.5,120.0,0.25
158,11847.08,2.173,27.85,1016.41,48.61,35,72,16,10,True,12,35.0,True,1.35,250.0,4.0,2.5,120.0,0.25
153,11059.41,2.173,30.07,988.23,48.61,35,72,24,14,True,12,35.0,True,1.35,200.0,3.5,2.5,120.0,0.25
170,12408.39,2.17,26.47,866.29,48.61,35,72,16,14,True,12,15.0,True,1.4,200.0,4.5,2.5,120.0,0.25
182,12956.04,2.169,26.37,866.29,48.61,35,72,16,10,True,12,15.0,True,1.4,250.0,4.5,2.5,120.0,0.25
169,12371.1,2.167,26.04,866.29,48.61,35,72,16,14,True,12,25.0,True,1.4,200.0,4.5,2.5,120.0,0.25
158,11611.95,2.167,28.48,956.15,48.61,35,72,16,14,True,12,25.0,True,1.35,200.0,4.0,2.5,120.0,0.25
158,11611.95,2.167,28.48,956.15,48.61,35,72,16,14,True,12,25.0,True,1.35,250.0,4.0,2.5,120.0,0.25
178,12773.31,2.165,26.97,866.29,48.61,35,72,16,14,True,12,15.0,True,1.4,250.0,4.5,2.5,120.0,0.25
174,12601.22,2.165,26.44,951.94,45.83,33,72,16,14,True,12,35.0,True,1.4,250.0,4.5,2.5,120.0,0.25
146,11513.99,2.163,26.71,1606.93,43.06,31,72,12,14,True,12,35.0,True,1.35,200.0,4.5,2.5,120.0,0.25
157,11305.9,2.163,30.57,988.23,48.61,35,72,24,10,True,16,35.0,True,1.35,250.0,3.5,2.5,120.0,0.25
177,12736.02,2.162,26.55,866.29,48.61,35,72,16,14,True,12,25.0,True,1.4,250.0,4.5,2.5,120.0,0.25
157,11704.55,2.162,28.03,1017.91,47.22,34,72,12,10,True,16,35.0,True,1.35,200.0,4.0,2.5,120.0,0.25
157,11704.55,2.162,28.03,1017.91,47.22,34,72,12,10,True,16,35.0,True,1.35,250.0,4.0,2.5,120.0,0.25
157,11303.07,2.162,30.57,988.23,48.61,35,72,24,10,True,16,15.0,True,1.35,250.0,3.5,2.5,120.0,0.25
157,11303.07,2.162,30.57,988.23,48.61,35,72,24,10,True,16,25.0,True,1.35,250.0,3.5,2.5,120.0,0.25
157,11303.07,2.162,30.57,988.23,48.61,35,72,24,14,True,16,15.0,True,1.35,250.0,3.5,2.5,120.0,0.25
151,11702.44,2.161,27.15,1606.93,43.06,31,72,12,14,True,12,35.0,True,1.35,250.0,4.5,2.5,120.0,0.25
157,11292.32,2.16,30.57,988.23,48.61,35,72,24,14,True,16,25.0,True,1.35,250.0,3.5,2.5,120.0,0.25
159,11564.54,2.157,28.3,953.89,48.61,35,72,16,14,True,12,15.0,True,1.35,200.0,4.0,2.5,120.0,0.25
159,11564.54,2.157,28.3,953.89,48.61,35,72,16,14,True,12,15.0,True,1.35,250.0,4.0,2.5,120.0,0.25
161,11714.13,2.156,27.95,970.62,48.61,35,72,16,10,True,12,15.0,True,1.35,200.0,4.0,2.5,120.0,0.25
161,11714.13,2.156,27.95,970.62,48.61,35,72,16,10,True,12,15.0,True,1.35,250.0,4.0,2.5,120.0,0.25
151,11663.43,2.152,27.15,1606.93,43.06,31,72,12,14,True,16,35.0,True,1.35,250.0,4.5,2.5,120.0,0.25
98,8890.36,2.151,25.51,1155.05,29.17,21,72,24,14,False,16,35.0,True,1.4,200.0,4.5,2.5,120.0,0.25
98,8890.36,2.151,25.51,1155.05,29.17,21,72,24,14,False,16,35.0,True,1.4,250.0,4.5,2.5,120.0,0.25
155,11002.1,2.15,30.32,988.23,48.61,35,72,24,10,True,16,35.0,True,1.35,200.0,3.5,2.5,120.0,0.25
155,10999.26,2.149,30.32,988.23,48.61,35,72,24,10,True,16,15.0,True,1.35,200.0,3.5,2.5,120.0,0.25
155,10999.26,2.149,30.32,988.23,48.61,35,72,24,10,True,16,25.0,True,1.35,200.0,3.5,2.5,120.0,0.25
155,10999.26,2.149,30.32,988.23,48.61,35,72,24,14,True,16,15.0,True,1.35,200.0,3.5,2.5,120.0,0.25
153,11238.9,2.147,28.1,957.66,44.44,32,72,12,14,True,16,35.0,True,1.35,200.0,4.0,2.5,120.0,0.25
153,11238.9,2.147,28.1,957.66,44.44,32,72,12,14,True,16,35.0,True,1.35,250.0,4.0,2.5,120.0,0.25
155,10988.52,2.147,30.32,988.23,48.61,35,72,24,14,True,16,25.0,True,1.35,200.0,3.5,2.5,120.0,0.25
153,11151.8,2.142,28.1,956.15,45.83,33,72,16,14,True,12,35.0,True,1.35,200.0,4.0,2.5,120.0,0.25
153,11151.8,2.142,28.1,956.15,45.83,33,72,16,14,True,12,35.0,True,1.35,250.0,4.0,2.5,120.0,0.25
165,11953.24,2.14,25.45,951.94,47.22,34,72,16,14,True,16,35.0,True,1.4,200.0,4.5,2.5,120.0,0.25
155,11767.02,2.14,27.1,1603.16,45.83,33,72,16,10,True,16,15.0,True,1.35,250.0,4.5,2.5,120.0,0.25
148,11387.19,2.136,26.35,1606.93,43.06,31,72,12,14,True,16,35.0,True,1.35,200.0,4.5,2.5,120.0,0.25
157,11308.23,2.131,28.03,970.62,47.22,34,72,16,10,True,16,15.0,True,1.35,200.0,4.0,2.5,120.0,0.25
157,11308.23,2.131,28.03,970.62,47.22,34,72,16,10,True,16,15.0,True,1.35,250.0,4.0,2.5,120.0,0.25
154,10849.89,2.128,29.87,988.23,47.22,34,72,24,14,True,16,35.0,True,1.35,250.0,3.5,2.5,120.0,0.25
161,11585.52,2.127,27.95,1017.91,47.22,34,72,12,10,True,12,25.0,True,1.35,200.0,4.0,2.5,120.0,0.25
161,11585.52,2.127,27.95,1017.91,47.22,34,72,12,10,True,12,25.0,True,1.35,250.0,4.0,2.5,120.0,0.25
149,11330.01,2.127,26.85,1605.43,45.83,33,72,16,14,True,12,25.0,True,1.35,200.0,4.5,2.5,120.0,0.25
154,11518.46,2.124,27.27,1605.43,45.83,33,72,16,14,True,12,25.0,True,1.35,250.0,4.5,2.5,120.0,0.25
152,11490.78,2.124,26.32,1603.16,45.83,33,72,16,10,True,16,15.0,True,1.35,200.0,4.5,2.5,120.0,0.25
156,11327.17,2.124,27.56,1016.41,47.22,34,72,16,10,True,16,35.0,True,1.35,200.0,4.0,2.5,120.0,0.25
156,11327.17,2.124,27.56,1016.41,47.22,34,72,16,10,True,16,35.0,True,1.35,250.0,4.0,2.5,120.0,0.25
152,11472.71,2.12,26.32,1603.16,45.83,33,72,16,10,True,12,15.0,True,1.35,200.0,4.5,2.5,120.0,0.25
154,11490.2,2.119,27.27,1603.16,45.83,33,72,16,14,True,16,15.0,True,1.35,250.0,4.5,2.5,120.0,0.25
157,11661.16,2.118,26.75,1603.16,45.83,33,72,16,10,True,12,15.0,True,1.35,250.0,4.5,2.5,120.0,0.25
156,11663.7,2.117,26.92,1604.66,44.44,32,72,12,10,True,16,35.0,True,1.35,250.0,4.5,2.5,120.0,0.25
150,11282.61,2.117,26.67,1603.16,45.83,33,72,16,14,True,12,15.0,True,1.35,200.0,4.5,2.5,120.0,0.25
154,11479.45,2.116,27.27,1605.43,45.83,33,72,16,14,True,16,25.0,True,1.35,250.0,4.5,2.5,120.0,0.25
155,11471.06,2.115,27.1,1603.16,45.83,33,72,16,14,True,12,15.0,True,1.35,250.0,4.5,2.5,120.0,0.25
152,11456.1,2.115,26.32,1604.66,44.44,32,72,12,10,True,12,35.0,True,1.35,200.0,4.5,2.5,120.0,0.25
152,10546.09,2.115,29.61,988.23,47.22,34,72,24,14,True,16,35.0,True,1.35,200.0,3.5,2.5,120.0,0.25
157,11644.55,2.113,26.75,1604.66,44.44,32,72,12,10,True,12,35.0,True,1.35,250.0,4.5,2.5,120.0,0.25
156,11068.04,2.113,28.21,953.89,47.22,34,72,16,14,True,16,15.0,True,1.35,200.0,4.0,2.5,120.0,0.25
156,11068.04,2.113,28.21,953.89,47.22,34,72,16,14,True,16,15.0,True,1.35,250.0,4.0,2.5,120.0,0.25
156,11057.29,2.111,28.21,956.15,47.22,34,72,16,14,True,16,25.0,True,1.35,200.0,4.0,2.5,120.0,0.25
156,11057.29,2.111,28.21,956.15,47.22,34,72,16,14,True,16,25.0,True,1.35,250.0,4.0,2.5,120.0,0.25
150,10772.13,2.108,33.33,1340.25,45.83,33,72,12,14,False,16,25.0,True,1.4,250.0,4.0,2.5,120.0,0.25
157,11616.3,2.107,26.75,1604.66,44.44,32,72,12,10,True,16,25.0,True,1.35,250.0,4.5,2.5,120.0,0.25
154,11164.26,2.106,31.17,1206.89,41.67,30,72,12,14,False,16,15.0,True,1.4,250.0,4.5,2.5,120.0,0.25
153,11407.95,2.105,26.14,1604.66,44.44,32,72,12,10,True,12,25.0,True,1.35,200.0,4.5,2.5,120.0,0.25
158,11596.4,2.103,26.58,1604.66,44.44,32,72,12,10,True,12,25.0,True,1.35,250.0,4.5,2.5,120.0,0.25
151,11213.96,2.102,26.49,1603.16,45.83,33,72,16,14,True,16,15.0,True,1.35,200.0,4.5,2.5,120.0,0.25
179,12269.15,2.101,25.7,953.54,45.83,33,72,12,14,True,12,35.0,True,1.4,250.0,4.5,2.5,120.0,0.25
153,11387.45,2.101,26.14,1604.66,44.44,32,72,12,10,True,16,35.0,True,1.35,200.0,4.5,2.5,120.0,0.25
166,11566.46,2.1,25.3,951.94,45.83,33,72,16,14,True,12,35.0,True,1.4,200.0,4.5,2.5,120.0,0.25
151,11203.21,2.1,26.49,1605.43,45.83,33,72,16,14,True,16,25.0,True,1.35,200.0,4.5,2.5,120.0,0.25
177,12251.23,2.098,25.99,1024.99,45.83,33,72,12,14,True,16,35.0,True,1.4,250.0,4.5,2.5,120.0,0.25
172,12005.3,2.097,25.58,1073.14,48.61,35,72,12,14,True,16,15.0,True,1.4,200.0,4.5,2.5,120.0,0.25
172,12005.3,2.097,25.58,1073.14,48.61,35,72,12,14,True,16,25.0,True,1.4,200.0,4.5,2.5,120.0,0.25
175,12014.31,2.096,25.14,1010.6,48.61,35,72,12,14,True,12,25.0,True,1.4,200.0,4.5,2.5,120.0,0.25
175,12011.45,2.096,25.14,1010.6,48.61,35,72,12,14,True,12,15.0,True,1.4,200.0,4.5,2.5,120.0,0.25
183,12379.23,2.094,25.68,1010.6,48.61,35,72,12,14,True,12,25.0,True,1.4,250.0,4.5,2.5,120.0,0.25
180,12370.22,2.094,26.11,1073.14,48.61,35,72,12,14,True,16,15.0,True,1.4,250.0,4.5,2.5,120.0,0.25
180,12370.22,2.094,26.11,1073.14,48.61,35,72,12,14,True,16,25.0,True,1.4,250.0,4.5,2.5,120.0,0.25
183,12376.37,2.093,25.68,1010.6,48.61,35,72,12,14,True,12,15.0,True,1.4,250.0,4.5,2.5,120.0,0.25
173,11985.75,2.093,25.43,1073.14,48.61,35,72,12,10,True,16,15.0,True,1.4,200.0,4.5,2.5,120.0,0.25
152,10971.44,2.093,30.92,1271.36,41.67,30,72,12,14,False,16,15.0,True,1.4,200.0,4.5,2.5,120.0,0.25
130,10212.59,2.092,29.23,1206.89,40.28,29,72,12,10,False,16,35.0,True,1.4,200.0,4.5,2.5,120.0,0.25
130,10212.59,2.092,29.23,1206.89,40.28,29,72,12,10,False,16,35.0,True,1.4,250.0,4.5,2.5,120.0,0.25
154,11340.06,2.091,25.97,1604.66,44.44,32,72,12,10,True,16,25.0,True,1.35,200.0,4.5,2.5,120.0,0.25
181,12350.68,2.09,25.97,1073.14,48.61,35,72,12,10,True,16,15.0,True,1.4,250.0,4.5,2.5,120.0,0.25
146,10821.69,2.089,31.51,1206.89,44.44,32,72,12,14,False,16,35.0,True,1.4,250.0,4.5,2.5,120.0,0.25
128,9774.96,2.089,28.12,2247.82,38.89,28,72,16,14,False,16,15.0,True,1.4,200.0,4.5,2.5,120.0,0.25
128,9774.96,2.089,28.12,2247.82,38.89,28,72,16,14,False,16,15.0,True,1.4,250.0,4.5,2.5,120.0,0.25
177,11967.44,2.087,24.86,1010.6,48.61,35,72,12,10,True,12,15.0,True,1.4,200.0,4.5,2.5,120.0,0.25
145,10761.61,2.087,26.21,1605.43,43.06,31,72,16,14,True,12,35.0,True,1.35,200.0,4.5,2.5,120.0,0.25
150,10950.06,2.086,26.67,1605.43,43.06,31,72,16,14,True,12,35.0,True,1.35,250.0,4.5,2.5,120.0,0.25
185,12332.37,2.085,25.41,1010.6,48.61,35,72,12,10,True,12,15.0,True,1.4,250.0,4.5,2.5,120.0,0.25
158,11093.67,2.085,27.85,1017.91,45.83,33,72,12,10,True,16,25.0,True,1.35,200.0,4.0,2.5,120.0,0.25
158,11093.67,2.085,27.85,1017.91,45.83,33,72,12,10,True,16,25.0,True,1.35,250.0,4.0,2.5,120.0,0.25
114,9260.38,2.082,28.95,1117.11,37.5,27,72,12,10,False,16,25.0,True,1.35,200.0,4.5,2.5,120.0,0.25
114,9260.38,2.082,28.95,1117.11,37.5,27,72,12,10,False,16,25.0,True,1.35,250.0,4.5,2.5,120.0,0.25
152,10569.8,2.079,27.63,1021.24,44.44,32,72,16,14,True,16,35.0,True,1.35,200.0,4.0,2.5,120.0,0.25
152,10569.8,2.079,27.63,1021.24,44.44,32,72,16,14,True,16,35.0,True,1.35,250.0,4.0,2.5,120.0,0.25
150,10911.05,2.077,26.67,1605.43,43.06,31,72,16,14,True,16,35.0,True,1.35,250.0,4.5,2.5,120.0,0.25
155,11239.5,2.076,26.45,1603.16,44.44,32,72,16,10,True,16,35.0,True,1.35,250.0,4.5,2.5,120.0,0.25
182,12323.72,2.075,25.27,1082.65,47.22,34,72,12,10,True,12,35.0,True,1.4,250.0,4.5,2.5,120.0,0.25
162,10832.69,2.075,29.63,981.62,48.61,35,72,12,10,True,12,35.0,True,1.35,250.0,3.5,2.5,120.0,0.25
151,11031.91,2.073,25.83,1603.16,44.44,32,72,16,10,True,12,35.0,True,1.35,200.0,4.5,2.5,120.0,0.25
156,11220.36,2.072,26.28,1603.16,44.44,32,72,16,10,True,12,35.0,True,1.35,250.0,4.5,2.5,120.0,0.25
144,10595.16,2.072,31.25,1206.89,44.44,32,72,12,14,False,16,35.0,True,1.4,200.0,4.5,2.5,120.0,0.25
144,10678.82,2.07,30.56,1206.89,43.06,31,72,12,10,False,16,15.0,True,1.4,200.0,4.5,2.5,120.0,0.25
144,10678.82,2.07,30.56,1206.89,43.06,31,72,12,10,False,16,15.0,True,1.4,250.0,4.5,2.5,120.0,0.25
181,12279.54,2.067,25.41,1082.65,47.22,34,72,12,10,True,16,35.0,True,1.4,250.0,4.5,2.5,120.0,0.25
162,11073.7,2.063,27.16,1016.41,47.22,34,72,16,10,True,12,25.0,True,1.35,200.0,4.0,2.5,120.0,0.25
162,11073.7,2.063,27.16,1016.41,47.22,34,72,16,10,True,12,25.0,True,1.35,250.0,4.0,2.5,120.0,0.25
147,10272.23,2.062,32.65,1505.45,45.83,33,72,12,14,False,16,25.0,True,1.4,200.0,4.0,2.5,120.0,0.25
147,10634.81,2.061,25.85,1605.43,43.06,31,72,16,14,True,16,35.0,True,1.35,200.0,4.5,2.5,120.0,0.25
160,10528.89,2.061,29.38,981.62,48.61,35,72,12,10,True,12,35.0,True,1.35,200.0,3.5,2.5,120.0,0.25
152,10963.25,2.059,25.66,1603.16,44.44,32,72,16,10,True,16,35.0,True,1.35,200.0,4.5,2.5,120.0,0.25
157,11143.79,2.057,26.11,1603.16,44.44,32,72,16,10,True,16,25.0,True,1.35,250.0,4.5,2.5,120.0,0.25
111,9084.2,2.052,29.73,2269.88,37.5,27,72,16,10,False,16,25.0,True,1.4,200.0,4.5,2.5,120.0,0.25
111,9084.2,2.052,29.73,2269.88,37.5,27,72,16,10,False,16,25.0,True,1.4,250.0,4.5,2.5,120.0,0.25
160,10494.09,2.049,29.38,996.57,48.61,35,72,16,10,True,12,35.0,True,1.35,250.0,3.5,2.5,120.0,0.25
174,11521.53,2.045,24.71,940.06,47.22,34,72,12,10,True,12,25.0,True,1.4,200.0,4.5,2.5,120.0,0.25
172,11520.63,2.045,25.0,1011.51,47.22,34,72,12,10,True,16,25.0,True,1.4,200.0,4.5,2.5,120.0,0.25
144,8734.56,2.045,27.78,1800.25,43.06,31,72,16,14,False,16,15.0,True,1.4,250.0,4.5,2.0,120.0,0.25
182,11886.45,2.044,25.27,940.06,47.22,34,72,12,10,True,12,25.0,True,1.4,250.0,4.5,2.5,120.0,0.25
180,11885.55,2.044,25.56,1011.51,47.22,34,72,12,10,True,16,25.0,True,1.4,250.0,4.5,2.5,120.0,0.25
154,10867.55,2.041,25.32,1603.16,44.44,32,72,16,10,True,16,25.0,True,1.35,200.0,4.5,2.5,120.0,0.25
158,10212.81,2.039,29.11,996.57,48.61,35,72,16,10,True,12,35.0,True,1.35,200.0,3.5,2.5,120.0,0.25
158,10667.8,2.038,27.22,1016.41,45.83,33,72,16,10,True,16,25.0,True,1.35,200.0,4.0,2.5,120.0,0.25
158,10667.8,2.038,27.22,1016.41,45.83,33,72,16,10,True,16,25.0,True,1.35,250.0,4.0,2.5,120.0,0.25
159,11037.93,2.037,25.79,1603.16,44.44,32,72,16,10,True,12,25.0,True,1.35,250.0,4.5,2.5,120.0,0.25
154,10849.48,2.037,25.32,1603.16,44.44,32,72,16,10,True,12,25.0,True,1.35,200.0,4.5,2.5,120.0,0.25
171,11234.38,2.036,24.56,953.54,45.83,33,72,12,14,True,12,35.0,True,1.4,200.0,4.5,2.5,120.0,0.25
160,10381.45,2.033,29.38,981.62,47.22,34,72,12,10,True,16,35.0,True,1.35,250.0,3.5,2.5,120.0,0.25
163,10380.22,2.033,29.45,981.62,47.22,34,72,12,14,True,12,25.0,True,1.35,250.0,3.5,2.5,120.0,0.25
169,11216.47,2.032,24.85,1024.99,45.83,33,72,12,14,True,16,35.0,True,1.4,200.0,4.5,2.5,120.0,0.25
143,9995.2,2.03,32.17,1206.89,45.83,33,72,12,10,False,16,25.0,True,1.4,250.0,4.0,2.5,120.0,0.25
142,8522.88,2.03,27.46,1800.25,43.06,31,72,16,14,False,16,15.0,True,1.4,200.0,4.5,2.0,120.0,0.25
131,7869.16,2.029,29.77,1138.92,40.28,29,72,16,14,False,16,35.0,True,1.4,250.0,4.0,2.0,120.0,0.25
178,11156.14,2.027,27.53,1022.39,44.44,32,72,24,14,True,16,35.0,True,1.4,250.0,4.0,2.5,120.0,0.25
157,10256.58,2.025,32.48,1353.16,43.06,31,72,12,14,False,16,15.0,True,1.4,250.0,4.0,2.5,120.0,0.25
182,11210.69,2.024,27.47,1022.39,45.83,33,72,24,14,True,12,35.0,True,1.4,250.0,4.0,2.5,120.0,0.25
164,10332.82,2.024,29.27,981.62,47.22,34,72,12,14,True,12,15.0,True,1.35,250.0,3.5,2.5,120.0,0.25
173,11351.24,2.023,24.28,1082.65,47.22,34,72,12,10,True,12,35.0,True,1.4,200.0,4.5,2.5,120.0,0.25
164,10328.16,2.023,29.27,981.62,47.22,34,72,12,10,True,12,15.0,True,1.35,250.0,3.5,2.5,120.0,0.25
117,8875.82,2.021,29.91,1117.11,41.67,30,72,12,10,False,16,25.0,True,1.35,200.0,4.0,2.5,120.0,0.25
181,11236.6,2.019,27.62,866.29,47.22,34,72,24,10,True,16,15.0,True,1.4,250.0,4.0,2.5,120.0,0.25
181,11236.6,2.019,27.62,866.29,47.22,34,72,24,10,True,16,25.0,True,1.4,250.0,4.0,2.5,120.0,0.25
181,11236.6,2.019,27.62,866.29,47.22,34,72,24,14,True,16,15.0,True,1.4,250.0,4.0,2.5,120.0,0.25
161,10076.42,2.019,29.19,981.62,47.22,34,72,12,14,True,12,25.0,True,1.35,200.0,3.5,2.5,120.0,0.25
181,11234.33,2.018,27.62,866.29,47.22,34,72,24,14,True,16,25.0,True,1.4,250.0,4.0,2.5,120.0,0.25
158,10077.64,2.018,29.11,981.62,47.22,34,72,12,10,True,16,35.0,True,1.35,200.0,3.5,2.5,120.0,0.25
139,9662.35,2.018,31.65,1206.89,45.83,33,72,12,10,False,16,25.0,True,1.4,200.0,4.0,2.5,120.0,0.25
158,10018.05,2.017,29.11,981.62,45.83,33,72,12,14,True,12,35.0,True,1.35,250.0,3.5,2.5,120.0,0.25
185,11291.15,2.016,27.57,866.29,48.61,35,72,24,10,True,12,25.0,True,1.4,250.0,4.0,2.5,120.0,0.25
172,11307.06,2.015,24.42,1082.65,47.22,34,72,12,10,True,16,35.0,True,1.4,200.0,4.5,2.5,120.0,0.25
186,11277.69,2.012,27.42,866.29,47.22,34,72,24,14,True,12,25.0,True,1.4,250.0,4.0,2.5,120.0,0.25
186,11277.1,2.012,27.42,866.29,47.22,34,72,24,10,True,12,15.0,True,1.4,250.0,4.0,2.5,120.0,0.25
186,11277.1,2.012,27.42,866.29,47.22,34,72,24,14,True,12,15.0,True,1.4,250.0,4.0,2.5,120.0,0.25
163,10265.64,2.01,29.45,981.62,47.22,34,72,12,10,True,12,25.0,True,1.35,250.0,3.5,2.5,120.0,0.25
162,10029.02,2.009,29.01,981.62,47.22,34,72,12,14,True,12,15.0,True,1.35,200.0,3.5,2.5,120.0,0.25
162,10024.36,2.008,29.01,981.62,47.22,34,72,12,10,True,12,15.0,True,1.35,200.0,3.5,2.5,120.0,0.25
127,7741.83,2.008,27.56,1743.38,37.5,27,72,16,14,False,16,35.0,True,1.4,200.0,4.5,2.0,120.0,0.25
127,7741.83,2.008,27.56,1743.38,37.5,27,72,16,14,False,16,35.0,True,1.4,250.0,4.5,2.0,120.0,0.25
158,10042.85,2.006,29.11,996.57,47.22,34,72,16,10,True,16,35.0,True,1.35,250.0,3.5,2.5,120.0,0.25
150,9920.28,2.005,32.67,1206.89,43.06,31,72,12,14,False,16,35.0,True,1.4,250.0,4.0,2.5,120.0,0.25
183,11205.64,2.004,26.78,868.82,47.22,34,72,16,10,True,16,15.0,True,1.4,250.0,4.0,2.5,120.0,0.25
156,9714.24,2.002,28.85,981.62,45.83,33,72,12,14,True,12,35.0,True,1.35,200.0,3.5,2.5,120.0,0.25
125,7811.34,2.002,28.0,1195.89,40.28,29,72,16,10,False,16,25.0,True,1.4,200.0,4.5,2.0,120.0,0.25
178,10902.65,1.998,26.97,977.89,45.83,33,72,16,14,True,16,35.0,True,1.4,250.0,4.0,2.5,120.0,0.25
176,10810.78,1.998,27.27,866.29,47.22,34,72,24,10,True,16,15.0,True,1.4,200.0,4.0,2.5,120.0,0.25
176,10810.78,1.998,27.27,866.29,47.22,34,72,24,10,True,16,25.0,True,1.4,200.0,4.0,2.5,120.0,0.25
176,10810.78,1.998,27.27,866.29,47.22,34,72,24,14,True,16,15.0,True,1.4,200.0,4.0,2.5,120.0,0.25
176,10808.51,1.998,27.27,866.29,47.22,34,72,24,14,True,16,25.0,True,1.4,200.0,4.0,2.5,120.0,0.25
128,7938.04,1.997,28.12,1195.89,40.28,29,72,16,10,False,16,25.0,True,1.4,250.0,4.5,2.0,120.0,0.25
180,10865.33,1.996,27.22,866.29,48.61,35,72,24,10,True,12,25.0,True,1.4,200.0,4.0,2.5,120.0,0.25
161,9961.83,1.996,29.19,981.62,47.22,34,72,12,10,True,12,25.0,True,1.35,200.0,3.5,2.5,120.0,0.25
156,9761.57,1.996,28.85,996.57,47.22,34,72,16,10,True,16,35.0,True,1.35,200.0,3.5,2.5,120.0,0.25
132,7887.86,1.996,36.36,967.97,43.06,31,72,12,14,False,16,25.0,True,1.35,250.0,3.5,2.0,120.0,0.25
129,7513.76,1.995,29.46,1138.92,40.28,29,72,16,14,False,16,35.0,True,1.4,200.0,4.0,2.0,120.0,0.25
131,7897.39,1.994,36.64,967.97,43.06,31,72,12,14,False,16,35.0,True,1.35,250.0,3.5,2.0,120.0,0.25
181,10851.87,1.991,27.07,866.29,47.22,34,72,24,14,True,12,25.0,True,1.4,200.0,4.0,2.5,120.0,0.25
181,10851.27,1.991,27.07,866.29,47.22,34,72,24,10,True,12,15.0,True,1.4,200.0,4.0,2.5,120.0,0.25
181,10851.27,1.991,27.07,866.29,47.22,34,72,24,14,True,12,15.0,True,1.4,200.0,4.0,2.5,120.0,0.25
181,10983.64,1.99,27.07,866.29,47.22,34,72,16,14,True,16,15.0,True,1.4,250.0,4.0,2.5,120.0,0.25
181,10981.38,1.99,27.07,866.29,47.22,34,72,16,14,True,16,25.0,True,1.4,250.0,4.0,2.5,120.0,0.25
125,9053.31,1.99,28.0,2763.12,38.89,28,72,16,10,False,16,15.0,True,1.4,200.0,4.5,2.5,120.0,0.25
125,9053.31,1.99,28.0,2763.12,38.89,28,72,16,10,False,16,15.0,True,1.4,250.0,4.5,2.5,120.0,0.25
161,9904.99,1.986,29.19,981.62,45.83,33,72,12,10,True,16,15.0,True,1.35,250.0,3.5,2.5,120.0,0.25
161,9904.99,1.986,29.19,981.62,45.83,33,72,12,14,True,16,15.0,True,1.35,250.0,3.5,2.5,120.0,0.25
111,8387.42,1.986,26.13,1225.85,33.33,24,72,12,10,False,16,35.0,True,1.35,200.0,4.5,2.5,120.0,0.25
111,8387.42,1.986,26.13,1225.85,33.33,24,72,12,10,False,16,35.0,True,1.35,250.0,4.5,2.5,120.0,0.25
178,10794.24,1.985,26.4,868.82,47.22,34,72,16,10,True,16,15.0,True,1.4,200.0,4.0,2.5,120.0,0.25
161,9894.24,1.984,29.19,981.62,45.83,33,72,12,14,True,16,25.0,True,1.35,250.0,3.5,2.5,120.0,0.25
113,8438.8,1.984,26.55,2104.83,36.11,26,72,16,14,False,16,35.0,True,1.4,200.0,4.5,2.5,120.0,0.25
113,8438.8,1.984,26.55,2104.83,36.11,26,72,16,14,False,16,35.0,True,1.4,250.0,4.5,2.5,120.0,0.25
118,8708.78,1.983,29.66,1117.11,41.67,30,72,12,10,False,16,25.0,True,1.35,250.0,4.0,2.5,120.0,0.25
121,8889.58,1.981,27.27,2631.89,36.11,26,72,16,14,False,16,25.0,True,1.4,200.0,4.5,2.5,120.0,0.25
121,8889.58,1.981,27.27,2631.89,36.11,26,72,16,14,False,16,25.0,True,1.4,250.0,4.5,2.5,120.0,0.25
154,9756.68,1.98,31.82,1518.36,43.06,31,72,12,14,False,16,15.0,True,1.4,200.0,4.0,2.5,120.0,0.25
117,7388.7,1.979,27.35,1119.46,37.5,27,72,16,10,False,16,35.0,True,1.4,200.0,4.5,2.0,120.0,0.25
93,7325.6,1.975,24.73,1818.67,29.17,21,72,16,10,False,16,35.0,True,1.35,200.0,4.5,2.5,120.0,0.25
93,7325.6,1.975,24.73,1818.67,29.17,21,72,16,10,False,16,35.0,True,1.35,250.0,4.5,2.5,120.0,0.25
187,10874.6,1.974,26.74,866.29,47.22,34,72,16,10,True,12,15.0,True,1.4,250.0,4.0,2.5,120.0,0.25
160,9842.46,1.974,29.38,981.62,45.83,33,72,12,10,True,16,25.0,True,1.35,250.0,3.5,2.5,120.0,0.25
176,10572.24,1.972,26.7,866.29,47.22,34,72,16,14,True,16,15.0,True,1.4,200.0,4.0,2.5,120.0,0.25
183,10728.67,1.971,27.32,866.29,47.22,34,72,16,14,True,12,15.0,True,1.4,250.0,4.0,2.5,120.0,0.25
176,10569.97,1.971,26.7,866.29,47.22,34,72,16,14,True,16,25.0,True,1.4,200.0,4.0,2.5,120.0,0.25
162,9775.07,1.971,29.01,943.73,47.22,34,72,16,14,True,12,25.0,True,1.35,250.0,3.5,2.5,120.0,0.25
159,9601.18,1.971,28.93,981.62,45.83,33,72,12,10,True,16,15.0,True,1.35,200.0,3.5,2.5,120.0,0.25
159,9601.18,1.971,28.93,981.62,45.83,33,72,12,14,True,16,15.0,True,1.35,200.0,3.5,2.5,120.0,0.25
159,9590.43,1.969,28.93,981.62,45.83,33,72,12,14,True,16,25.0,True,1.35,200.0,3.5,2.5,120.0,0.25
182,10689.11,1.967,26.92,866.29,47.22,34,72,16,14,True,12,25.0,True,1.4,250.0,4.0,2.5,120.0,0.25
180,10558.94,1.966,26.67,977.89,44.44,32,72,16,14,True,12,35.0,True,1.4,250.0,4.0,2.5,120.0,0.25
128,7615.33,1.965,32.03,886.49,41.67,30,72,12,14,False,16,25.0,True,1.35,200.0,4.0,2.0,120.0,0.25
188,10944.06,1.964,27.13,1124.79,47.22,34,72,24,10,True,12,35.0,True,1.4,250.0,4.0,2.5,120.0,0.25
152,9795.3,1.964,31.58,1206.89,45.83,33,72,12,10,False,16,15.0,True,1.4,250.0,4.0,2.5,120.0,0.25
129,7610.98,1.964,31.78,886.49,41.67,30,72,12,14,False,16,25.0,True,1.35,250.0,4.0,2.0,120.0,0.25
182,10800.27,1.963,26.37,868.82,47.22,34,72,16,10,True,16,25.0,True,1.4,250.0,4.0,2.5,120.0,0.25
121,7412.76,1.963,30.58,1240.94,41.67,30,72,12,10,False,16,25.0,True,1.35,200.0,4.0,2.0,120.0,0.25
182,10933.53,1.962,26.37,1121.94,47.22,34,72,16,10,True,16,35.0,True,1.4,250.0,4.0,2.5,120.0,0.25
157,9504.72,1.962,28.66,981.62,44.44,32,72,12,14,True,16,35.0,True,1.35,250.0,3.5,2.5,120.0,0.25
163,9727.67,1.961,28.83,943.73,47.22,34,72,16,14,True,12,15.0,True,1.35,250.0,3.5,2.5,120.0,0.25
160,9493.79,1.96,28.75,943.73,47.22,34,72,16,14,True,12,25.0,True,1.35,200.0,3.5,2.5,120.0,0.25
165,9840.62,1.959,28.48,996.57,47.22,34,72,16,10,True,12,15.0,True,1.35,250.0,3.5,2.5,120.0,0.25
118,8326.03,1.959,28.81,1372.83,36.11,26,72,12,14,False,16,35.0,True,1.35,200.0,4.5,2.5,120.0,0.25
118,8326.03,1.959,28.81,1372.83,36.11,26,72,12,14,False,16,35.0,True,1.35,250.0,4.5,2.5,120.0,0.25
185,10843.68,1.958,27.03,1124.79,45.83,33,72,24,10,True,16,35.0,True,1.4,250.0,4.0,2.5,120.0,0.25
158,9538.66,1.958,29.11,981.62,45.83,33,72,12,10,True,16,25.0,True,1.35,200.0,3.5,2.5,120.0,0.25
172,10205.47,1.957,26.74,1022.39,44.44,32,72,24,14,True,16,35.0,True,1.4,200.0,4.0,2.5,120.0,0.25
147,9390.42,1.956,31.97,1327.0,43.06,31,72,12,14,False,16,35.0,True,1.4,200.0,4.0,2.5,120.0,0.25
182,10463.2,1.955,26.37,866.29,47.22,34,72,16,10,True,12,15.0,True,1.4,200.0,4.0,2.5,120.0,0.25
176,10260.02,1.955,26.7,1022.39,45.83,33,72,24,14,True,12,35.0,True,1.4,200.0,4.0,2.5,120.0,0.25
157,9409.85,1.953,28.66,954.75,45.83,33,72,16,14,True,12,35.0,True,1.35,250.0,3.5,2.5,120.0,0.25
178,10317.26,1.952,26.97,866.29,47.22,34,72,16,14,True,12,15.0,True,1.4,200.0,4.0,2.5,120.0,0.25
148,9462.45,1.952,31.08,1361.29,45.83,33,72,12,10,False,16,15.0,True,1.4,200.0,4.0,2.5,120.0,0.25
161,9446.39,1.95,28.57,943.73,47.22,34,72,16,14,True,12,15.0,True,1.35,200.0,3.5,2.5,120.0,0.25
177,10277.71,1.948,26.55,866.29,47.22,34,72,16,14,True,12,25.0,True,1.4,200.0,4.0,2.5,120.0,0.25
163,9559.34,1.948,28.22,996.57,47.22,34,72,16,10,True,12,15.0,True,1.35,200.0,3.5,2.5,120.0,0.25
164,9778.1,1.947,28.66,996.57,47.22,34,72,16,10,True,12,25.0,True,1.35,250.0,3.5,2.5,120.0,0.25
155,9200.92,1.946,28.39,981.62,44.44,32,72,12,14,True,16,35.0,True,1.35,200.0,3.5,2.5,120.0,0.25
177,10374.45,1.942,25.99,868.82,47.22,34,72,16,10,True,16,25.0,True,1.4,200.0,4.0,2.5,120.0,0.25
155,9128.57,1.942,28.39,954.75,45.83,33,72,16,14,True,12,35.0,True,1.35,200.0,3.5,2.5,120.0,0.25
122,7327.78,1.942,30.33,1240.94,41.67,30,72,12,10,False,16,25.0,True,1.35,250.0,4.0,2.0,120.0,0.25
161,9503.39,1.939,28.57,996.57,45.83,33,72,16,10,True,16,15.0,True,1.35,250.0,3.5,2.5,120.0,0.25
162,9496.82,1.936,28.4,996.57,47.22,34,72,16,10,True,12,25.0,True,1.35,200.0,3.5,2.5,120.0,0.25
133,8639.95,1.935,28.57,2478.02,40.28,29,72,16,14,False,16,15.0,True,1.4,250.0,4.0,2.5,120.0,0.25
119,7218.17,1.935,26.89,1119.46,37.5,27,72,16,10,False,16,35.0,True,1.4,250.0,4.5,2.0,120.0,0.25
126,7385.75,1.933,31.75,905.21,41.67,30,72,12,14,False,16,35.0,True,1.35,200.0,4.0,2.0,120.0,0.25
119,8299.55,1.932,23.53,1398.02,31.94,23,72,24,14,False,16,15.0,True,1.4,200.0,4.5,2.5,120.0,0.25
119,8299.55,1.932,23.53,1398.02,31.94,23,72,24,14,False,16,15.0,True,1.4,250.0,4.5,2.5,120.0,0.25
127,7381.4,1.932,31.5,905.21,41.67,30,72,12,14,False,16,35.0,True,1.35,250.0,4.0,2.0,120.0,0.25
172,9966.4,1.93,26.16,977.89,45.83,33,72,16,14,True,16,35.0,True,1.4,200.0,4.0,2.5,120.0,0.25
136,7670.97,1.929,26.47,1731.42,38.89,28,72,16,14,False,16,25.0,True,1.4,200.0,4.5,2.0,120.0,0.25
136,7670.97,1.929,26.47,1731.42,38.89,28,72,16,14,False,16,25.0,True,1.4,250.0,4.5,2.0,120.0,0.25
186,10648.76,1.928,26.88,1121.94,47.22,34,72,16,10,True,12,35.0,True,1.4,250.0,4.0,2.5,120.0,0.25
160,9440.87,1.927,28.75,996.57,45.83,33,72,16,10,True,16,25.0,True,1.35,250.0,3.5,2.5,120.0,0.25
159,9222.11,1.927,28.3,996.57,45.83,33,72,16,10,True,16,15.0,True,1.35,200.0,3.5,2.5,120.0,0.25
160,9299.83,1.924,28.75,991.61,45.83,33,72,16,14,True,16,15.0,True,1.35,250.0,3.5,2.5,120.0,0.25
160,9289.08,1.922,28.75,991.61,45.83,33,72,16,14,True,16,25.0,True,1.35,250.0,3.5,2.5,120.0,0.25
188,10450.73,1.918,26.6,866.29,47.22,34,72,16,10,True,12,25.0,True,1.4,250.0,4.0,2.5,120.0,0.25
131,8394.89,1.917,28.24,2392.47,40.28,29,72,16,14,False,16,15.0,True,1.4,200.0,4.0,2.5,120.0,0.25
126,7077.28,1.917,35.71,967.97,43.06,31,72,12,14,False,16,25.0,True,1.35,200.0,3.5,2.0,120.0,0.25
125,7086.81,1.916,36.0,967.97,43.06,31,72,12,14,False,16,35.0,True,1.35,200.0,3.5,2.0,120.0,0.25
158,9159.59,1.915,28.48,996.57,45.83,33,72,16,10,True,16,25.0,True,1.35,200.0,3.5,2.5,120.0,0.25
103,7252.24,1.913,27.18,2192.02,31.94,23,72,16,14,False,16,25.0,True,1.35,200.0,4.5,2.5,120.0,0.25
103,7252.24,1.913,27.18,2192.02,31.94,23,72,16,14,False,16,25.0,True,1.35,250.0,4.5,2.5,120.0,0.25
158,9018.55,1.912,28.48,991.61,45.83,33,72,16,14,True,16,15.0,True,1.35,200.0,3.5,2.5,120.0,0.25
158,9007.81,1.91,28.48,991.61,45.83,33,72,16,14,True,16,25.0,True,1.35,200.0,3.5,2.5,120.0,0.25
182,9999.09,1.899,25.82,1012.25,43.06,31,72,12,14,True,12,35.0,True,1.4,250.0,4.0,2.5,120.0,0.25
174,9622.69,1.898,25.86,977.89,44.44,32,72,16,14,True,12,35.0,True,1.4,200.0,4.0,2.5,120.0,0.25
189,8978.7,1.898,24.34,1188.44,44.44,32,72,24,14,True,16,25.0,True,1.35,200.0,4.5,2.0,120.0,0.25
156,8896.53,1.898,28.21,1087.49,44.44,32,72,16,14,True,16,35.0,True,1.35,250.0,3.5,2.5,120.0,0.25
185,10104.54,1.896,25.95,1008.96,45.83,33,72,12,14,True,12,25.0,True,1.4,250.0,4.0,2.5,120.0,0.25
185,10103.95,1.896,25.95,1008.96,45.83,33,72,12,14,True,12,15.0,True,1.4,250.0,4.0,2.5,120.0,0.25
183,10024.91,1.896,26.23,866.29,47.22,34,72,16,10,True,12,25.0,True,1.4,200.0,4.0,2.5,120.0,0.25
182,9993.39,1.896,26.37,1124.79,47.22,34,72,24,10,True,12,35.0,True,1.4,200.0,4.0,2.5,120.0,0.25
176,9982.86,1.894,25.57,1121.94,47.22,34,72,16,10,True,16,35.0,True,1.4,200.0,4.0,2.5,120.0,0.25
188,8956.64,1.894,24.47,1188.44,44.44,32,72,24,10,True,16,35.0,True,1.35,200.0,4.5,2.0,120.0,0.25
188,8956.64,1.894,24.47,1188.44,44.44,32,72,24,10,True,16,35.0,True,1.35,250.0,4.5,2.0,120.0,0.25
189,8946.27,1.892,24.34,1188.44,44.44,32,72,24,10,True,16,15.0,True,1.35,200.0,4.5,2.0,120.0,0.25
189,8946.27,1.892,24.34,1188.44,44.44,32,72,24,10,True,16,15.0,True,1.35,250.0,4.5,2.0,120.0,0.25
189,8946.27,1.892,24.34,1188.44,44.44,32,72,24,10,True,16,25.0,True,1.35,200.0,4.5,2.0,120.0,0.25
189,8946.27,1.892,24.34,1188.44,44.44,32,72,24,10,True,16,25.0,True,1.35,250.0,4.5,2.0,120.0,0.25
189,8946.27,1.892,24.34,1188.44,44.44,32,72,24,14,True,16,15.0,True,1.35,200.0,4.5,2.0,120.0,0.25
189,8946.27,1.892,24.34,1188.44,44.44,32,72,24,14,True,16,15.0,True,1.35,250.0,4.5,2.0,120.0,0.25
179,9957.45,1.89,26.26,1107.42,43.06,31,72,12,14,True,16,35.0,True,1.4,250.0,4.0,2.5,120.0,0.25
179,9893.01,1.89,26.26,1124.79,45.83,33,72,24,10,True,16,35.0,True,1.4,200.0,4.0,2.5,120.0,0.25
187,10059.94,1.889,25.67,1008.96,45.83,33,72,12,10,True,12,15.0,True,1.4,250.0,4.0,2.5,120.0,0.25
154,8615.25,1.885,27.92,1087.49,44.44,32,72,16,14,True,16,35.0,True,1.35,200.0,3.5,2.5,120.0,0.25
122,7775.69,1.881,30.33,1403.28,37.5,27,72,12,14,False,16,35.0,True,1.35,200.0,4.0,2.5,120.0,0.25
122,7775.69,1.881,30.33,1403.28,37.5,27,72,12,14,False,16,35.0,True,1.35,250.0,4.0,2.5,120.0,0.25
183,10013.73,1.88,26.23,1155.58,44.44,32,72,12,14,True,16,15.0,True,1.4,250.0,4.0,2.5,120.0,0.25
189,9697.54,1.88,29.63,907.62,48.61,35,72,24,14,True,12,25.0,True,1.4,250.0,3.5,2.5,120.0,0.25
189,9696.94,1.88,29.63,907.62,48.61,35,72,24,10,True,12,15.0,True,1.4,250.0,3.5,2.5,120.0,0.25
189,9696.94,1.88,29.63,907.62,48.61,35,72,24,14,True,12,15.0,True,1.4,250.0,3.5,2.5,120.0,0.25
133,7068.34,1.88,30.08,915.01,41.67,30,72,16,10,False,16,25.0,True,1.4,200.0,4.0,2.0,120.0,0.25
133,7068.34,1.88,30.08,915.01,41.67,30,72,16,10,False,16,25.0,True,1.4,250.0,4.0,2.0,120.0,0.25
183,10011.46,1.879,26.23,1155.58,44.44,32,72,12,14,True,16,25.0,True,1.4,250.0,4.0,2.5,120.0,0.25
99,6836.92,1.878,26.26,1933.73,29.17,21,72,16,10,False,16,25.0,True,1.35,200.0,4.5,2.5,120.0,0.25
99,6836.92,1.878,26.26,1933.73,29.17,21,72,16,10,False,16,25.0,True,1.35,250.0,4.5,2.5,120.0,0.25
97,6635.7,1.877,25.77,2319.6,29.17,21,72,16,14,False,16,35.0,True,1.35,200.0,4.5,2.5,120.0,0.25
97,6635.7,1.877,25.77,2319.6,29.17,21,72,16,14,False,16,35.0,True,1.35,250.0,4.5,2.5,120.0,0.25
184,9994.19,1.876,26.09,1155.58,44.44,32,72,12,10,True,16,15.0,True,1.4,250.0,4.0,2.5,120.0,0.25
180,9693.14,1.876,25.56,1008.96,45.83,33,72,12,14,True,12,25.0,True,1.4,200.0,4.0,2.5,120.0,0.25
180,9692.54,1.876,25.56,1008.96,45.83,33,72,12,14,True,12,15.0,True,1.4,200.0,4.0,2.5,120.0,0.25
190,8854.04,1.875,24.21,1188.44,44.44,32,72,24,14,True,16,25.0,True,1.35,250.0,4.5,2.0,120.0,0.25
160,7804.98,1.875,31.25,1006.29,44.44,32,72,12,14,False,16,35.0,True,1.4,200.0,4.0,2.0,120.0,0.25
189,9588.53,1.874,29.63,907.62,48.61,35,72,24,14,True,12,25.0,True,1.4,200.0,3.5,2.5,120.0,0.25
107,7085.69,1.874,26.17,2184.64,31.94,23,72,16,14,False,16,15.0,True,1.35,200.0,4.5,2.5,120.0,0.25
107,7085.69,1.874,26.17,2184.64,31.94,23,72,16,14,False,16,15.0,True,1.35,250.0,4.5,2.5,120.0,0.25
189,9587.94,1.873,29.63,907.62,48.61,35,72,24,10,True,12,15.0,True,1.4,200.0,3.5,2.5,120.0,0.25
189,9587.94,1.873,29.63,907.62,48.61,35,72,24,14,True,12,15.0,True,1.4,200.0,3.5,2.5,120.0,0.25
182,9393.33,1.872,29.12,1048.35,45.83,33,72,24,14,True,16,35.0,True,1.4,250.0,3.5,2.5,120.0,0.25
191,8836.82,1.872,24.08,1188.44,44.44,32,72,24,14,True,12,25.0,True,1.35,200.0,4.5,2.0,120.0,0.25
108,7242.25,1.871,25.0,1442.58,31.94,23,72,24,14,False,16,35.0,True,1.4,200.0,4.0,2.5,120.0,0.25
108,7242.25,1.871,25.0,1442.58,31.94,23,72,24,14,False,16,35.0,True,1.4,250.0,4.0,2.5,120.0,0.25
182,9648.54,1.869,25.27,1008.96,45.83,33,72,12,10,True,12,15.0,True,1.4,200.0,4.0,2.5,120.0,0.25
186,9430.71,1.869,29.03,1048.35,44.44,32,72,24,14,True,12,35.0,True,1.4,250.0,3.5,2.5,120.0,0.25
234,10058.85,1.868,27.35,1775.0,50.0,36,72,12,10,False,16,25.0,False,1.4,200.0,4.5,2.5,120.0,0.25
185,9442.53,1.863,29.19,907.62,47.22,34,72,24,10,True,16,15.0,True,1.4,250.0,3.5,2.5,120.0,0.25
185,9442.53,1.863,29.19,907.62,47.22,34,72,24,10,True,16,25.0,True,1.4,250.0,3.5,2.5,120.0,0.25
185,9442.53,1.863,29.19,907.62,47.22,34,72,24,14,True,16,15.0,True,1.4,250.0,3.5,2.5,120.0,0.25
249,10359.53,1.862,26.1,1666.27,47.22,34,72,12,10,False,16,15.0,False,1.4,200.0,4.5,2.5,120.0,0.25
185,9440.26,1.862,29.19,907.62,47.22,34,72,24,14,True,16,25.0,True,1.4,250.0,3.5,2.5,120.0,0.25
180,9698.08,1.86,26.11,1121.94,47.22,34,72,16,10,True,12,35.0,True,1.4,200.0,4.0,2.5,120.0,0.25
189,9479.91,1.86,29.1,907.62,47.22,34,72,24,10,True,12,25.0,True,1.4,250.0,3.5,2.5,120.0,0.25
185,8504.31,1.86,23.78,1215.53,41.67,30,72,24,14,True,16,35.0,True,1.35,200.0,4.5,2.0,120.0,0.25
112,7520.2,1.86,26.79,2329.21,36.11,26,72,16,10,False,16,35.0,True,1.4,200.0,4.0,2.5,120.0,0.25
178,9602.33,1.859,25.84,1155.58,44.44,32,72,12,14,True,16,15.0,True,1.4,200.0,4.0,2.5,120.0,0.25
178,9600.06,1.859,25.84,1155.58,44.44,32,72,12,14,True,16,25.0,True,1.4,200.0,4.0,2.5,120.0,0.25
132,6585.91,1.859,32.58,1185.59,40.28,29,72,16,14,False,16,35.0,True,1.4,250.0,3.5,2.0,120.0,0.25
188,9980.75,1.858,25.53,1123.44,44.44,32,72,12,10,True,12,35.0,True,1.4,250.0,4.0,2.5,120.0,0.25
184,9910.91,1.857,25.54,1123.44,44.44,32,72,12,10,True,16,35.0,True,1.4,250.0,4.0,2.5,120.0,0.25
179,9582.79,1.856,25.7,1155.58,44.44,32,72,12,10,True,16,15.0,True,1.4,200.0,4.0,2.5,120.0,0.25
165,7699.33,1.856,30.3,1079.52,44.44,32,72,12,14,False,16,25.0,True,1.4,200.0,4.0,2.0,120.0,0.25
121,7710.47,1.854,28.1,1372.83,34.72,25,72,12,14,False,16,25.0,True,1.35,200.0,4.5,2.5,120.0,0.25
121,7710.47,1.854,28.1,1372.83,34.72,25,72,12,14,False,16,25.0,True,1.35,250.0,4.5,2.5,120.0,0.25
191,8735.14,1.853,24.08,1188.44,44.44,32,72,24,10,True,12,35.0,True,1.35,200.0,4.5,2.0,120.0,0.25
191,8735.14,1.853,24.08,1188.44,44.44,32,72,24,10,True,12,35.0,True,1.35,250.0,4.5,2.0,120.0,0.25
111,7501.82,1.853,23.42,1320.15,29.17,21,72,24,14,False,16,25.0,True,1.4,200.0,4.5,2.5,120.0,0.25
111,7501.82,1.853,23.42,1320.15,29.17,21,72,24,14,False,16,25.0,True,1.4,250.0,4.5,2.5,120.0,0.25
148,7495.78,1.852,27.7,2002.52,40.28,29,72,16,10,False,16,15.0,True,1.4,250.0,4.5,2.0,120.0,0.25
153,7410.22,1.852,28.76,1967.6,43.06,31,72,16,14,False,16,15.0,True,1.4,250.0,4.0,2.0,120.0,0.25
192,8725.54,1.851,23.96,1188.44,44.44,32,72,24,14,True,12,15.0,True,1.35,200.0,4.5,2.0,120.0,0.25
192,8725.54,1.851,23.96,1188.44,44.44,32,72,24,14,True,12,15.0,True,1.35,250.0,4.5,2.0,120.0,0.25
192,8724.76,1.851,23.96,1188.44,44.44,32,72,24,10,True,12,15.0,True,1.35,200.0,4.5,2.0,120.0,0.25
192,8724.76,1.851,23.96,1188.44,44.44,32,72,24,10,True,12,15.0,True,1.35,250.0,4.5,2.0,120.0,0.25
192,8724.76,1.851,23.96,1188.44,44.44,32,72,24,10,True,12,25.0,True,1.35,200.0,4.5,2.0,120.0,0.25
192,8724.76,1.851,23.96,1188.44,44.44,32,72,24,10,True,12,25.0,True,1.35,250.0,4.5,2.0,120.0,0.25
120,7761.04,1.851,28.33,1384.86,38.89,28,72,12,10,False,16,15.0,True,1.35,200.0,4.5,2.5,120.0,0.25
120,7761.04,1.851,28.33,1384.86,38.89,28,72,12,10,False,16,15.0,True,1.35,250.0,4.5,2.5,120.0,0.25
250,10284.05,1.85,26.0,1741.74,47.22,34,72,12,10,False,16,15.0,False,1.4,250.0,4.5,2.5,120.0,0.25
163,7934.1,1.85,29.45,1041.78,44.44,32,72,12,14,False,16,35.0,True,1.4,200.0,4.5,2.0,120.0,0.25
143,7151.99,1.85,28.67,1305.52,40.28,29,72,16,14,False,16,25.0,True,1.4,250.0,4.0,2.0,120.0,0.25
192,8712.17,1.849,23.96,1188.44,44.44,32,72,24,14,True,12,25.0,True,1.35,250.0,4.5,2.0,120.0,0.25
237,9904.48,1.844,27.43,1838.69,50.0,36,72,12,10,False,16,25.0,False,1.4,250.0,4.5,2.5,120.0,0.25
113,7434.65,1.842,26.55,2329.21,36.11,26,72,16,10,False,16,35.0,True,1.4,250.0,4.0,2.5,120.0,0.25
131,7934.39,1.839,28.24,2967.61,40.28,29,72,16,10,False,16,15.0,True,1.4,250.0,4.0,2.5,120.0,0.25
183,9588.82,1.837,25.68,1093.94,44.44,32,72,12,10,True,16,25.0,True,1.4,250.0,4.0,2.5,120.0,0.25
188,9331.68,1.837,28.19,1034.71,48.61,35,72,16,10,True,16,15.0,True,1.4,250.0,3.5,2.5,120.0,0.25
186,8379.65,1.837,23.66,1215.53,41.67,30,72,24,14,True,16,35.0,True,1.35,250.0,4.5,2.0,120.0,0.25
146,7284.09,1.837,27.4,2002.52,40.28,29,72,16,10,False,16,15.0,True,1.4,200.0,4.5,2.0,120.0,0.25
116,6360.71,1.836,29.31,1637.17,36.11,26,72,12,10,False,16,35.0,True,1.35,200.0,4.0,2.0,120.0,0.25
183,9102.67,1.835,28.42,1003.85,45.83,33,72,16,14,True,16,35.0,True,1.4,250.0,3.5,2.5,120.0,0.25
168,7926.17,1.834,29.76,1041.78,43.06,31,72,12,14,False,16,35.0,True,1.4,250.0,4.5,2.0,120.0,0.25
187,8362.43,1.833,23.53,1215.53,41.67,30,72,24,14,True,12,35.0,True,1.35,200.0,4.5,2.0,120.0,0.25
188,9615.37,1.832,25.53,996.83,44.44,32,72,12,10,True,12,25.0,True,1.4,250.0,4.0,2.5,120.0,0.25
168,7825.45,1.831,28.57,1041.78,43.06,31,72,12,14,False,16,25.0,True,1.4,200.0,4.5,2.0,120.0,0.25
176,9062.83,1.83,25.0,1012.25,43.06,31,72,12,14,True,12,35.0,True,1.4,200.0,4.0,2.5,120.0,0.25
169,7524.13,1.828,29.59,1156.88,45.83,33,72,12,10,False,16,15.0,True,1.4,200.0,4.0,2.0,120.0,0.25
116,7251.28,1.827,26.72,2104.83,37.5,27,72,16,14,False,16,35.0,True,1.4,200.0,4.0,2.5,120.0,0.25
116,7251.28,1.827,26.72,2104.83,37.5,27,72,16,14,False,16,35.0,True,1.4,250.0,4.0,2.5,120.0,0.25
186,9146.48,1.826,28.49,1034.71,48.61,35,72,16,14,True,16,15.0,True,1.4,250.0,3.5,2.5,120.0,0.25
186,9144.21,1.826,28.49,1034.71,48.61,35,72,16,14,True,16,25.0,True,1.4,250.0,3.5,2.5,120.0,0.25
182,8977.38,1.824,28.57,1048.35,45.83,33,72,24,14,True,16,35.0,True,1.4,200.0,3.5,2.5,120.0,0.25
173,9021.2,1.822,25.43,1107.42,43.06,31,72,12,14,True,16,35.0,True,1.4,200.0,4.0,2.5,120.0,0.25
186,9014.76,1.822,28.49,1048.35,44.44,32,72,24,14,True,12,35.0,True,1.4,200.0,3.5,2.5,120.0,0.25
124,7598.01,1.822,27.42,2776.54,37.5,27,72,16,14,False,16,25.0,True,1.4,200.0,4.0,2.5,120.0,0.25
124,7598.01,1.822,27.42,2776.54,37.5,27,72,16,14,False,16,25.0,True,1.4,250.0,4.0,2.5,120.0,0.25
125,6497.1,1.822,33.6,1338.62,43.06,31,72,12,10,False,16,25.0,True,1.35,250.0,3.5,2.0,120.0,0.25
191,9199.21,1.82,28.8,1133.34,45.83,33,72,24,10,True,12,35.0,True,1.4,250.0,3.5,2.5,120.0,0.25
129,7689.33,1.82,27.91,2882.06,40.28,29,72,16,10,False,16,15.0,True,1.4,200.0,4.0,2.5,120.0,0.25
128,6133.13,1.82,32.03,1185.59,40.28,29,72,16,14,False,16,35.0,True,1.4,200.0,3.5,2.0,120.0,0.25
193,8192.29,1.819,25.39,1209.2,43.06,31,72,24,14,True,16,25.0,True,1.35,250.0,4.0,2.0,120.0,0.25
165,7469.85,1.819,30.91,1006.29,43.06,31,72,12,14,False,16,35.0,True,1.4,250.0,4.0,2.0,120.0,0.25
151,7054.82,1.819,28.48,1967.6,43.06,31,72,16,14,False,16,15.0,True,1.4,200.0,4.0,2.0,120.0,0.25
190,9083.17,1.818,28.42,905.92,47.22,34,72,16,10,True,12,15.0,True,1.4,250.0,3.5,2.5,120.0,0.25
188,9116.0,1.816,28.72,1133.34,45.83,33,72,24,10,True,16,35.0,True,1.4,250.0,3.5,2.5,120.0,0.25
185,9026.58,1.816,28.65,907.62,47.22,34,72,24,10,True,16,15.0,True,1.4,200.0,3.5,2.5,120.0,0.25
185,9026.58,1.816,28.65,907.62,47.22,34,72,24,10,True,16,25.0,True,1.4,200.0,3.5,2.5,120.0,0.25
185,9026.58,1.816,28.65,907.62,47.22,34,72,24,14,True,16,15.0,True,1.4,200.0,3.5,2.5,120.0,0.25
185,9024.31,1.816,28.65,907.62,47.22,34,72,24,14,True,16,25.0,True,1.4,200.0,3.5,2.5,120.0,0.25
173,7817.52,1.816,28.9,1041.78,41.67,30,72,12,14,False,16,25.0,True,1.4,250.0,4.5,2.0,120.0,0.25
167,7609.18,1.816,27.54,1141.52,44.44,32,72,12,10,False,16,15.0,True,1.4,200.0,4.5,2.0,120.0,0.25
141,6796.58,1.816,28.37,1305.52,40.28,29,72,16,14,False,16,25.0,True,1.4,200.0,4.0,2.0,120.0,0.25
119,6268.03,1.816,26.89,1537.93,34.72,25,72,16,14,False,16,15.0,True,1.35,200.0,4.5,2.0,120.0,0.25
119,6268.03,1.816,26.89,1537.93,34.72,25,72,16,14,False,16,15.0,True,1.35,250.0,4.5,2.0,120.0,0.25
192,8170.24,1.815,25.52,1209.2,43.06,31,72,24,10,True,16,35.0,True,1.35,250.0,4.0,2.0,120.0,0.25
186,7813.58,1.815,25.27,1209.2,43.06,31,72,24,14,True,16,25.0,True,1.35,200.0,4.0,2.0,120.0,0.25
117,6275.73,1.815,29.06,1637.17,36.11,26,72,12,10,False,16,35.0,True,1.35,250.0,4.0,2.0,120.0,0.25
178,9162.99,1.814,25.28,1093.94,44.44,32,72,12,10,True,16,25.0,True,1.4,200.0,4.0,2.5,120.0,0.25
189,9063.96,1.814,28.57,907.62,47.22,34,72,24,10,True,12,25.0,True,1.4,200.0,3.5,2.5,120.0,0.25
118,7477.36,1.814,28.81,2475.66,37.5,27,72,16,10,False,16,25.0,True,1.4,250.0,4.0,2.5,120.0,0.25
193,8159.86,1.813,25.39,1209.2,43.06,31,72,24,10,True,16,15.0,True,1.35,250.0,4.0,2.0,120.0,0.25
193,8159.86,1.813,25.39,1209.2,43.06,31,72,24,10,True,16,25.0,True,1.35,250.0,4.0,2.0,120.0,0.25
193,8159.86,1.813,25.39,1209.2,43.06,31,72,24,14,True,16,15.0,True,1.35,250.0,4.0,2.0,120.0,0.25
187,8949.57,1.812,28.88,890.78,47.22,34,72,16,14,True,12,15.0,True,1.4,250.0,3.5,2.5,120.0,0.25
188,8237.77,1.811,23.4,1215.53,41.67,30,72,24,14,True,12,35.0,True,1.35,250.0,4.5,2.0,120.0,0.25
184,8817.44,1.81,28.26,1003.85,44.44,32,72,16,14,True,12,35.0,True,1.4,250.0,3.5,2.5,120.0,0.25
185,7791.53,1.81,25.41,1209.2,43.06,31,72,24,10,True,16,35.0,True,1.35,200.0,4.0,2.0,120.0,0.25
126,6781.76,1.81,27.78,1135.09,38.89,28,72,12,10,False,16,25.0,True,1.35,200.0,4.5,2.0,120.0,0.25
183,9189.55,1.809,25.14,996.83,44.44,32,72,12,10,True,12,25.0,True,1.4,200.0,4.0,2.5,120.0,0.25
186,9127.5,1.809,27.96,1131.84,47.22,34,72,16,10,True,16,35.0,True,1.4,250.0,3.5,2.5,120.0,0.25
186,8910.01,1.809,28.49,890.78,47.22,34,72,16,14,True,12,25.0,True,1.4,250.0,3.5,2.5,120.0,0.25
186,7781.15,1.809,25.27,1209.2,43.06,31,72,24,10,True,16,15.0,True,1.35,200.0,4.0,2.0,120.0,0.25
186,7781.15,1.809,25.27,1209.2,43.06,31,72,24,10,True,16,25.0,True,1.35,200.0,4.0,2.0,120.0,0.25
186,7781.15,1.809,25.27,1209.2,43.06,31,72,24,14,True,16,15.0,True,1.35,200.0,4.0,2.0,120.0,0.25
137,6714.67,1.807,35.04,1045.67,41.67,30,72,12,14,False,16,15.0,True,1.35,250.0,3.5,2.0,120.0,0.25
124,7366.8,1.805,27.42,1384.86,34.72,25,72,12,14,False,16,15.0,True,1.35,200.0,4.5,2.5,120.0,0.25
124,7366.8,1.805,27.42,1384.86,34.72,25,72,12,14,False,16,15.0,True,1.35,250.0,4.5,2.5,120.0,0.25
187,8971.64,1.802,27.81,973.07,47.22,34,72,16,10,True,16,25.0,True,1.4,250.0,3.5,2.5,120.0,0.25
170,7364.2,1.8,30.0,1079.52,43.06,31,72,12,14,False,16,25.0,True,1.4,250.0,4.0,2.0,120.0,0.25
217,8432.41,1.798,23.04,874.24,45.83,33,72,24,14,True,16,25.0,True,1.4,200.0,4.0,2.0,120.0,0.25
188,8947.06,1.797,27.66,1034.71,48.61,35,72,16,10,True,16,15.0,True,1.4,200.0,3.5,2.5,120.0,0.25
104,6532.22,1.797,25.96,2205.07,29.17,21,72,16,10,False,16,15.0,True,1.35,200.0,4.5,2.5,120.0,0.25
104,6532.22,1.797,25.96,2205.07,29.17,21,72,16,10,False,16,15.0,True,1.35,250.0,4.5,2.5,120.0,0.25
161,7462.87,1.796,29.19,1041.78,41.67,30,72,12,10,False,16,25.0,True,1.4,250.0,4.5,2.0,120.0,0.25
158,7124.89,1.796,30.38,1055.84,43.06,31,72,12,10,False,16,25.0,True,1.4,200.0,4.0,2.0,120.0,0.25
158,7124.89,1.796,30.38,1055.84,43.06,31,72,12,10,False,16,25.0,True,1.4,250.0,4.0,2.0,120.0,0.25
156,7238.66,1.795,28.85,1041.78,41.67,30,72,12,10,False,16,25.0,True,1.4,200.0,4.5,2.0,120.0,0.25
116,7232.31,1.795,28.45,2470.58,37.5,27,72,16,10,False,16,25.0,True,1.4,200.0,4.0,2.5,120.0,0.25
183,8718.06,1.794,27.87,1003.85,45.83,33,72,16,14,True,16,35.0,True,1.4,200.0,3.5,2.5,120.0,0.25
195,8050.41,1.794,25.13,1225.08,41.67,30,72,24,14,True,12,25.0,True,1.35,250.0,4.0,2.0,120.0,0.25
217,8399.98,1.792,23.04,874.24,45.83,33,72,24,10,True,16,15.0,True,1.4,200.0,4.0,2.0,120.0,0.25
217,8399.98,1.792,23.04,874.24,45.83,33,72,24,10,True,16,25.0,True,1.4,200.0,4.0,2.0,120.0,0.25
217,8399.98,1.792,23.04,874.24,45.83,33,72,24,14,True,16,15.0,True,1.4,200.0,4.0,2.0,120.0,0.25
182,9030.08,1.79,24.73,1123.44,44.44,32,72,12,10,True,12,35.0,True,1.4,200.0,4.0,2.5,120.0,0.25
178,8960.24,1.788,24.72,1123.44,44.44,32,72,12,10,True,16,35.0,True,1.4,200.0,4.0,2.5,120.0,0.25
188,7671.71,1.788,25.0,1225.08,41.67,30,72,24,14,True,12,25.0,True,1.35,200.0,4.0,2.0,120.0,0.25
121,6069.83,1.788,33.06,1338.62,43.06,31,72,12,10,False,16,25.0,True,1.35,200.0,3.5,2.0,120.0,0.25
213,8216.25,1.787,23.0,839.57,44.44,32,72,24,14,True,16,35.0,True,1.4,200.0,4.0,2.0,120.0,0.25
189,7782.62,1.787,24.87,1312.04,41.67,30,72,24,14,True,16,35.0,True,1.35,250.0,4.0,2.0,120.0,0.25
186,8761.86,1.785,27.96,1034.71,48.61,35,72,16,14,True,16,15.0,True,1.4,200.0,3.5,2.5,120.0,0.25
186,8759.59,1.785,27.96,1034.71,48.61,35,72,16,14,True,16,25.0,True,1.4,200.0,3.5,2.5,120.0,0.25
125,7190.6,1.784,29.6,1635.57,36.11,26,72,12,14,False,16,25.0,True,1.35,200.0,4.0,2.5,120.0,0.25
125,7190.6,1.784,29.6,1635.57,36.11,26,72,12,14,False,16,25.0,True,1.35,250.0,4.0,2.5,120.0,0.25
342,10211.47,1.783,26.32,935.54,47.22,34,72,16,14,True,12,35.0,False,1.4,200.0,4.5,2.0,120.0,0.25
115,5958.87,1.783,26.96,1543.84,33.33,24,72,16,14,False,16,25.0,True,1.35,200.0,4.5,2.0,120.0,0.25
115,5958.87,1.783,26.96,1543.84,33.33,24,72,16,14,False,16,25.0,True,1.35,250.0,4.5,2.0,120.0,0.25
337,10101.31,1.782,25.52,935.54,48.61,35,72,24,14,True,16,35.0,False,1.4,200.0,4.5,2.0,120.0,0.25
189,8892.63,1.782,28.57,1131.84,45.83,33,72,16,10,True,12,35.0,True,1.4,250.0,3.5,2.5,120.0,0.25
182,7403.92,1.78,24.73,1312.04,41.67,30,72,24,14,True,16,35.0,True,1.35,200.0,4.0,2.0,120.0,0.25
190,8698.55,1.777,27.89,905.92,47.22,34,72,16,10,True,12,15.0,True,1.4,200.0,3.5,2.5,120.0,0.25
228,8653.65,1.776,23.25,874.24,44.44,32,72,24,10,True,16,15.0,True,1.4,250.0,4.0,2.0,120.0,0.25
228,8653.65,1.776,23.25,874.24,44.44,32,72,24,10,True,16,25.0,True,1.4,250.0,4.0,2.0,120.0,0.25
228,8653.65,1.776,23.25,874.24,44.44,32,72,24,14,True,16,15.0,True,1.4,250.0,4.0,2.0,120.0,0.25
195,7948.73,1.776,25.13,1225.87,41.67,30,72,24,10,True,12,35.0,True,1.35,250.0,4.0,2.0,120.0,0.25
191,8783.26,1.775,28.27,1242.63,45.83,33,72,24,10,True,12,35.0,True,1.4,200.0,3.5,2.5,120.0,0.25
196,7939.13,1.774,25.0,1225.08,41.67,30,72,24,14,True,12,15.0,True,1.35,250.0,4.0,2.0,120.0,0.25
196,7938.35,1.774,25.0,1225.87,41.67,30,72,24,10,True,12,15.0,True,1.35,250.0,4.0,2.0,120.0,0.25
196,7938.35,1.774,25.0,1225.87,41.67,30,72,24,10,True,12,25.0,True,1.35,250.0,4.0,2.0,120.0,0.25
187,8564.95,1.772,28.34,890.78,47.22,34,72,16,14,True,12,15.0,True,1.4,200.0,3.5,2.5,120.0,0.25
188,8700.05,1.771,28.19,1242.63,45.83,33,72,24,10,True,16,35.0,True,1.4,200.0,3.5,2.5,120.0,0.25
188,7570.02,1.77,25.0,1225.87,41.67,30,72,24,10,True,12,35.0,True,1.35,200.0,4.0,2.0,120.0,0.25
123,7132.45,1.77,29.27,1415.31,40.28,29,72,12,10,False,16,15.0,True,1.35,200.0,4.0,2.5,120.0,0.25
184,8432.83,1.769,27.72,1003.85,44.44,32,72,16,14,True,12,35.0,True,1.4,200.0,3.5,2.5,120.0,0.25
186,8525.4,1.768,27.96,890.78,47.22,34,72,16,14,True,12,25.0,True,1.4,200.0,3.5,2.5,120.0,0.25
189,7560.43,1.768,24.87,1225.08,41.67,30,72,24,14,True,12,15.0,True,1.35,200.0,4.0,2.0,120.0,0.25
189,7559.64,1.768,24.87,1225.87,41.67,30,72,24,10,True,12,15.0,True,1.35,200.0,4.0,2.0,120.0,0.25
189,7559.64,1.768,24.87,1225.87,41.67,30,72,24,10,True,12,25.0,True,1.35,200.0,4.0,2.0,120.0,0.25
337,10029.21,1.767,26.11,935.54,47.22,34,72,24,14,True,12,35.0,False,1.4,200.0,4.5,2.0,120.0,0.25
186,8728.47,1.767,27.42,1239.78,47.22,34,72,16,10,True,16,35.0,True,1.4,200.0,3.5,2.5,120.0,0.25
343,9998.95,1.766,25.36,963.37,47.22,34,72,16,14,True,16,35.0,False,1.4,250.0,4.5,2.0,120.0,0.25
192,8669.45,1.764,28.12,905.92,45.83,33,72,16,10,True,12,25.0,True,1.4,250.0,3.5,2.5,120.0,0.25
128,6562.52,1.764,27.34,1135.09,38.89,28,72,12,10,False,16,25.0,True,1.35,250.0,4.5,2.0,120.0,0.25
133,6331.58,1.763,30.83,1021.3,40.28,29,72,12,14,False,16,15.0,True,1.35,200.0,4.0,2.0,120.0,0.25
174,7374.88,1.762,27.59,1141.52,43.06,31,72,12,10,False,16,15.0,True,1.4,250.0,4.5,2.0,120.0,0.25
134,6327.23,1.762,30.6,1021.3,40.28,29,72,12,14,False,16,15.0,True,1.35,250.0,4.0,2.0,120.0,0.25
191,7640.75,1.761,24.61,1358.28,40.28,29,72,24,14,True,12,35.0,True,1.35,250.0,4.0,2.0,120.0,0.25
343,9974.63,1.76,25.66,935.54,47.22,34,72,16,14,True,12,35.0,False,1.4,250.0,4.5,2.0,120.0,0.25
145,7442.29,1.76,31.72,1206.89,41.67,30,72,12,10,False,16,25.0,True,1.4,250.0,3.5,2.5,120.0,0.25
127,6984.82,1.76,29.13,1635.57,36.11,26,72,12,14,False,16,15.0,True,1.35,200.0,4.0,2.5,120.0,0.25
127,6984.82,1.76,29.13,1635.57,36.11,26,72,12,14,False,16,15.0,True,1.35,250.0,4.0,2.5,120.0,0.25
187,8572.6,1.759,27.27,973.07,47.22,34,72,16,10,True,16,25.0,True,1.4,200.0,3.5,2.5,120.0,0.25
178,7350.26,1.759,28.65,1041.78,40.28,29,72,12,14,False,16,15.0,True,1.4,250.0,4.5,2.0,120.0,0.25
172,7022.05,1.759,29.07,1156.88,44.44,32,72,12,10,False,16,15.0,True,1.4,250.0,4.0,2.0,120.0,0.25
256,9689.35,1.757,28.91,1203.22,47.22,34,72,24,14,True,12,25.0,False,1.4,200.0,4.0,2.5,120.0,0.25
227,8411.77,1.757,22.91,874.24,44.44,32,72,24,14,True,16,25.0,True,1.4,250.0,4.0,2.0,120.0,0.25
136,7494.55,1.757,28.68,1220.93,37.5,27,72,12,10,False,16,35.0,True,1.4,250.0,4.0,2.5,120.0,0.25
220,8821.14,1.754,29.55,1443.2,48.61,35,72,12,10,False,16,35.0,False,1.4,250.0,4.5,2.5,120.0,0.25
184,7262.05,1.754,24.46,1358.28,40.28,29,72,24,14,True,12,35.0,True,1.35,200.0,4.0,2.0,120.0,0.25
174,6976.09,1.753,29.89,1029.55,41.67,30,72,12,14,False,16,15.0,True,1.4,200.0,4.0,2.0,120.0,0.25
120,6717.55,1.753,30.0,1117.11,41.67,30,72,12,10,False,16,25.0,True,1.35,200.0,3.5,2.5,120.0,0.25
113,6387.65,1.752,27.43,1512.84,36.11,26,72,16,10,False,16,35.0,True,1.4,200.0,3.5,2.5,120.0,0.25
228,8560.83,1.75,22.37,895.13,43.06,31,72,24,14,True,16,25.0,True,1.4,250.0,4.5,2.0,120.0,0.25
340,9801.88,1.749,25.0,963.37,47.22,34,72,24,14,True,16,35.0,False,1.4,250.0,4.5,2.0,120.0,0.25
186,8303.69,1.749,27.42,1164.77,43.06,31,72,12,14,True,12,35.0,True,1.4,250.0,3.5,2.5,120.0,0.25
149,6554.29,1.748,28.86,1055.84,37.5,27,72,12,10,False,16,35.0,True,1.4,200.0,4.0,2.0,120.0,0.25
149,6554.29,1.748,28.86,1055.84,37.5,27,72,12,10,False,16,35.0,True,1.4,250.0,4.0,2.0,120.0,0.25
189,8371.55,1.745,27.51,1161.89,45.83,33,72,12,14,True,12,25.0,True,1.4,250.0,3.5,2.5,120.0,0.25
189,8370.95,1.745,27.51,1161.89,45.83,33,72,12,14,True,12,15.0,True,1.4,250.0,3.5,2.5,120.0,0.25
223,8195.61,1.745,22.87,839.57,43.06,31,72,24,14,True,16,35.0,True,1.4,250.0,4.0,2.0,120.0,0.25
175,6934.04,1.745,29.71,1029.55,41.67,30,72,12,14,False,16,15.0,True,1.4,250.0,4.0,2.0,120.0,0.25
339,9781.51,1.743,25.37,935.54,47.22,34,72,24,14,True,12,35.0,False,1.4,250.0,4.5,2.0,120.0,0.25
156,6442.17,1.743,31.41,1936.11,43.06,31,72,16,14,False,16,15.0,True,1.4,250.0,3.5,2.0,120.0,0.25
110,6191.52,1.743,26.36,1483.62,30.56,22,72,24,14,False,16,35.0,True,1.4,250.0,3.5,2.5,120.0,0.25
190,8351.41,1.742,27.37,1161.89,45.83,33,72,12,10,True,12,15.0,True,1.4,250.0,3.5,2.5,120.0,0.25
189,8493.59,1.74,28.04,1239.78,45.83,33,72,16,10,True,12,35.0,True,1.4,200.0,3.5,2.5,120.0,0.25
134,7293.13,1.74,28.36,1220.93,37.5,27,72,12,10,False,16,35.0,True,1.4,200.0,4.0,2.5,120.0,0.25
124,6965.41,1.739,29.03,1415.31,40.28,29,72,12,10,False,16,15.0,True,1.35,250.0,4.0,2.5,120.0,0.25
184,8243.64,1.738,27.72,1278.36,43.06,31,72,12,14,True,16,35.0,True,1.4,250.0,3.5,2.5,120.0,0.25
273,9249.63,1.736,26.74,1142.95,48.61,35,72,12,10,False,16,15.0,False,1.4,250.0,4.0,2.5,120.0,0.25
273,9218.61,1.736,32.23,1375.66,55.56,40,72,24,14,True,12,35.0,False,1.4,250.0,3.5,2.5,120.0,0.25
224,8301.8,1.736,22.32,860.46,43.06,31,72,24,14,True,16,35.0,True,1.4,250.0,4.5,2.0,120.0,0.25
150,6674.44,1.735,27.33,1041.78,38.89,28,72,12,10,False,16,35.0,True,1.4,200.0,4.5,2.0,120.0,0.25
153,6764.6,1.734,27.45,1041.78,38.89,28,72,12,10,False,16,35.0,True,1.4,250.0,4.5,2.0,120.0,0.25
114,6302.1,1.734,27.19,1512.84,36.11,26,72,16,10,False,16,35.0,True,1.4,250.0,3.5,2.5,120.0,0.25
125,5820.8,1.734,28.0,1218.14,37.5,27,72,16,10,False,16,35.0,True,1.4,200.0,4.0,2.0,120.0,0.25
125,5820.8,1.734,28.0,1218.14,37.5,27,72,16,10,False,16,35.0,True,1.4,250.0,4.0,2.0,120.0,0.25
121,6612.09,1.733,29.75,1117.11,41.67,30,72,12,10,False,16,25.0,True,1.35,250.0,3.5,2.5,120.0,0.25
135,5844.95,1.733,32.59,934.76,43.06,31,72,16,10,False,16,25.0,True,1.4,200.0,3.5,2.0,120.0,0.25
135,5844.95,1.733,32.59,934.76,43.06,31,72,16,10,False,16,25.0,True,1.4,250.0,3.5,2.0,120.0,0.25
157,7427.33,1.732,32.48,1609.41,40.28,29,72,12,14,False,16,25.0,True,1.4,250.0,3.5,2.5,120.0,0.25
226,8835.27,1.73,25.66,1773.11,44.44,32,72,24,10,False,16,15.0,False,1.4,250.0,4.5,2.5,120.0,0.25
152,7303.42,1.73,32.24,1404.74,38.89,28,72,12,14,False,16,35.0,True,1.4,250.0,3.5,2.5,120.0,0.25
177,7049.35,1.728,28.25,1041.78,40.28,29,72,12,14,False,16,15.0,True,1.4,200.0,4.5,2.0,120.0,0.25
188,8262.72,1.727,27.66,1326.51,45.83,33,72,12,14,True,16,15.0,True,1.4,250.0,3.5,2.5,120.0,0.25
188,8260.46,1.727,27.66,1326.51,45.83,33,72,12,14,True,16,25.0,True,1.4,250.0,3.5,2.5,120.0,0.25
131,5904.09,1.727,34.35,1045.67,41.67,30,72,12,14,False,16,15.0,True,1.35,200.0,3.5,2.0,120.0,0.25
155,6498.35,1.726,29.03,1481.17,41.67,30,72,16,10,False,16,15.0,True,1.4,200.0,4.0,2.0,120.0,0.25
133,6280.86,1.725,28.57,1184.96,37.5,27,72,12,14,False,16,25.0,True,1.35,200.0,4.5,2.0,120.0,0.25
189,8243.18,1.724,27.51,1326.51,45.83,33,72,12,10,True,16,15.0,True,1.4,250.0,3.5,2.5,120.0,0.25
192,8270.41,1.723,27.6,905.92,45.83,33,72,16,10,True,12,25.0,True,1.4,200.0,3.5,2.5,120.0,0.25
217,8390.05,1.722,29.03,1443.2,48.61,35,72,12,10,False,16,35.0,False,1.4,200.0,4.5,2.5,120.0,0.25
130,5899.41,1.721,20.77,1505.12,29.17,21,72,24,10,False,16,35.0,True,1.4,200.0,4.5,2.0,120.0,0.25
130,5899.41,1.721,20.77,1505.12,29.17,21,72,24,10,False,16,35.0,True,1.4,250.0,4.5,2.0,120.0,0.25
142,7012.23,1.72,30.99,1206.89,41.67,30,72,12,10,False,16,25.0,True,1.4,200.0,3.5,2.5,120.0,0.25
270,8932.2,1.719,31.85,1375.66,55.56,40,72,24,14,True,12,35.0,False,1.4,200.0,3.5,2.5,120.0,0.25
191,8288.52,1.719,27.23,1183.52,44.44,32,72,12,10,True,12,35.0,True,1.4,250.0,3.5,2.5,120.0,0.25
197,8122.09,1.719,25.89,1992.45,43.06,31,72,24,14,False,16,35.0,False,1.4,250.0,4.5,2.5,120.0,0.25
226,8136.47,1.718,22.12,895.13,43.06,31,72,24,10,True,16,15.0,True,1.4,250.0,4.5,2.0,120.0,0.25
226,8136.47,1.718,22.12,895.13,43.06,31,72,24,10,True,16,25.0,True,1.4,250.0,4.5,2.0,120.0,0.25
226,8136.47,1.718,22.12,895.13,43.06,31,72,24,14,True,16,15.0,True,1.4,250.0,4.5,2.0,120.0,0.25
252,9103.75,1.716,27.38,1483.65,45.83,33,72,24,14,True,16,25.0,False,1.4,200.0,4.0,2.5,120.0,0.25
188,8208.84,1.715,27.13,1263.46,44.44,32,72,12,10,True,16,35.0,True,1.4,250.0,3.5,2.5,120.0,0.25
155,7204.41,1.715,32.26,1609.41,40.28,29,72,12,14,False,16,25.0,True,1.4,200.0,3.5,2.5,120.0,0.25
344,9522.21,1.713,25.87,935.54,45.83,33,72,12,14,True,12,35.0,False,1.4,200.0,4.5,2.0,120.0,0.25
224,7972.8,1.713,21.88,895.13,43.06,31,72,24,14,True,16,25.0,True,1.4,200.0,4.5,2.0,120.0,0.25
150,7080.5,1.713,32.0,1404.74,38.89,28,72,12,14,False,16,35.0,True,1.4,200.0,3.5,2.5,120.0,0.25
114,6389.54,1.713,25.44,1627.96,33.33,24,72,12,10,False,16,35.0,True,1.35,200.0,4.0,2.5,120.0,0.25
114,6389.54,1.713,25.44,1627.96,33.33,24,72,12,10,False,16,35.0,True,1.35,250.0,4.0,2.5,120.0,0.25
117,5184.75,1.713,27.35,1549.33,34.72,25,72,24,14,False,16,35.0,True,1.4,250.0,3.5,2.0,120.0,0.25
214,8469.06,1.712,27.1,1541.21,41.67,30,72,16,10,False,16,35.0,False,1.4,250.0,4.5,2.5,120.0,0.25
174,6615.52,1.711,33.91,1078.67,43.06,31,72,12,14,False,16,35.0,True,1.4,250.0,3.5,2.0,120.0,0.25
224,8537.47,1.71,25.45,1773.11,44.44,32,72,24,10,False,16,15.0,False,1.4,200.0,4.5,2.5,120.0,0.25
164,6344.78,1.71,33.54,1291.75,44.44,32,72,12,14,False,16,35.0,True,1.4,200.0,3.5,2.0,120.0,0.25
113,5099.6,1.71,27.43,1549.33,34.72,25,72,24,14,False,16,35.0,True,1.4,200.0,3.5,2.0,120.0,0.25
207,8188.83,1.709,26.09,1766.0,45.83,33,72,24,10,False,16,35.0,False,1.4,250.0,4.5,2.5,120.0,0.25
186,7917.09,1.709,26.88,1164.77,43.06,31,72,12,14,True,12,35.0,True,1.4,200.0,3.5,2.5,120.0,0.25
189,6796.34,1.709,26.98,1255.84,45.83,33,72,24,10,True,16,35.0,True,1.35,200.0,3.5,2.0,120.0,0.25
156,6409.0,1.709,28.85,1481.17,41.67,30,72,16,10,False,16,15.0,True,1.4,250.0,4.0,2.0,120.0,0.25
134,6195.88,1.709,28.36,1184.96,37.5,27,72,12,14,False,16,25.0,True,1.35,250.0,4.5,2.0,120.0,0.25
224,7940.37,1.708,21.88,895.13,43.06,31,72,24,10,True,16,15.0,True,1.4,200.0,4.5,2.0,120.0,0.25
224,7940.37,1.708,21.88,895.13,43.06,31,72,24,10,True,16,25.0,True,1.4,200.0,4.5,2.0,120.0,0.25
224,7940.37,1.708,21.88,895.13,43.06,31,72,24,14,True,16,15.0,True,1.4,200.0,4.5,2.0,120.0,0.25
135,6119.91,1.708,28.15,1127.58,37.5,27,72,12,14,False,16,15.0,True,1.35,200.0,4.5,2.0,120.0,0.25
232,8715.0,1.707,28.88,2495.34,50.0,36,72,24,14,True,12,35.0,False,1.4,200.0,4.5,2.5,120.0,0.25
189,7984.95,1.705,26.98,1161.89,45.83,33,72,12,14,True,12,25.0,True,1.4,200.0,3.5,2.5,120.0,0.25
189,7984.35,1.705,26.98,1161.89,45.83,33,72,12,14,True,12,15.0,True,1.4,200.0,3.5,2.5,120.0,0.25
191,6772.55,1.705,26.7,1255.84,45.83,33,72,24,14,True,16,25.0,True,1.35,200.0,3.5,2.0,120.0,0.25
190,7964.81,1.702,26.84,1161.89,45.83,33,72,12,10,True,12,15.0,True,1.4,200.0,3.5,2.5,120.0,0.25
102,5729.36,1.702,25.49,2336.87,30.56,22,72,16,10,False,16,25.0,True,1.35,200.0,4.0,2.5,120.0,0.25
102,5729.36,1.702,25.49,2336.87,30.56,22,72,16,10,False,16,25.0,True,1.35,250.0,4.0,2.5,120.0,0.25
191,6740.12,1.7,26.7,1255.84,45.83,33,72,24,10,True,16,15.0,True,1.35,200.0,3.5,2.0,120.0,0.25
191,6740.12,1.7,26.7,1255.84,45.83,33,72,24,10,True,16,25.0,True,1.35,200.0,3.5,2.0,120.0,0.25
191,6740.12,1.7,26.7,1255.84,45.83,33,72,24,14,True,16,15.0,True,1.35,200.0,3.5,2.0,120.0,0.25
106,5622.97,1.699,29.25,2212.11,31.94,23,72,16,14,False,16,25.0,True,1.35,250.0,3.5,2.5,120.0,0.25
184,7857.03,1.698,27.17,1278.36,43.06,31,72,12,14,True,16,35.0,True,1.4,200.0,3.5,2.5,120.0,0.25
220,7713.77,1.698,21.82,860.46,43.06,31,72,24,14,True,16,35.0,True,1.4,200.0,4.5,2.0,120.0,0.25
189,6691.17,1.698,26.46,1372.29,45.83,33,72,24,14,True,16,35.0,True,1.35,200.0,3.5,2.0,120.0,0.25
92,5465.64,1.698,22.83,1381.29,22.22,16,72,24,14,False,16,35.0,True,1.35,200.0,4.5,2.5,120.0,0.25
92,5465.64,1.698,22.83,1381.29,22.22,16,72,24,14,False,16,35.0,True,1.35,250.0,4.5,2.5,120.0,0.25
154,7167.76,1.697,31.17,1448.03,43.06,31,72,12,10,False,16,15.0,True,1.4,250.0,3.5,2.5,120.0,0.25
145,5869.17,1.696,31.03,1309.92,40.28,29,72,16,14,False,16,25.0,True,1.4,250.0,3.5,2.0,120.0,0.25
109,5798.58,1.696,25.69,1483.62,30.56,22,72,24,14,False,16,35.0,True,1.4,200.0,3.5,2.5,120.0,0.25
346,9301.66,1.695,24.86,963.37,45.83,33,72,12,14,True,16,35.0,False,1.4,250.0,4.5,2.0,120.0,0.25
270,8607.48,1.695,25.93,1142.95,48.61,35,72,12,10,False,16,15.0,False,1.4,200.0,4.0,2.5,120.0,0.25
129,6597.25,1.695,23.26,1508.47,33.33,24,72,24,14,False,16,15.0,True,1.4,200.0,4.0,2.5,120.0,0.25
129,6597.25,1.695,23.26,1508.47,33.33,24,72,24,14,False,16,15.0,True,1.4,250.0,4.0,2.5,120.0,0.25
138,6618.98,1.694,30.43,2366.88,37.5,27,72,16,14,False,16,15.0,True,1.4,250.0,3.5,2.5,120.0,0.25
131,6025.25,1.694,28.24,1184.96,37.5,27,72,12,14,False,16,35.0,True,1.35,200.0,4.5,2.0,120.0,0.25
100,5400.52,1.693,28.0,1649.2,33.33,24,72,16,10,False,16,25.0,True,1.35,200.0,3.5,2.5,120.0,0.25
120,6228.93,1.692,29.17,1857.99,37.5,27,72,16,10,False,16,25.0,True,1.4,250.0,3.5,2.5,120.0,0.25
345,9285.37,1.691,25.22,935.54,45.83,33,72,12,14,True,12,35.0,False,1.4,250.0,4.5,2.0,120.0,0.25
136,6034.93,1.691,27.94,1127.58,37.5,27,72,12,14,False,16,15.0,True,1.35,250.0,4.5,2.0,120.0,0.25
188,7883.14,1.69,27.13,1264.88,44.44,32,72,12,10,True,16,25.0,True,1.4,250.0,3.5,2.5,120.0,0.25
218,7361.24,1.69,22.48,869.8,43.06,31,72,24,14,True,12,35.0,True,1.4,200.0,4.0,2.0,120.0,0.25
170,6227.31,1.69,32.35,1393.74,44.44,32,72,12,14,False,16,25.0,True,1.4,200.0,3.5,2.0,120.0,0.25
116,5218.21,1.69,31.9,1685.41,37.5,27,72,12,10,False,16,35.0,True,1.35,200.0,3.5,2.0,120.0,0.25
224,7494.48,1.689,22.32,934.79,44.44,32,72,24,14,True,12,25.0,True,1.4,200.0,4.0,2.0,120.0,0.25
205,7891.03,1.688,25.85,1766.0,45.83,33,72,24,10,False,16,35.0,False,1.4,200.0,4.5,2.5,120.0,0.25
188,7876.12,1.688,27.13,1326.51,45.83,33,72,12,14,True,16,15.0,True,1.4,200.0,3.5,2.5,120.0,0.25
188,7873.85,1.688,27.13,1326.51,45.83,33,72,12,14,True,16,25.0,True,1.4,200.0,3.5,2.5,120.0,0.25
109,5570.53,1.688,28.44,2204.73,31.94,23,72,16,14,False,16,15.0,True,1.35,250.0,3.5,2.5,120.0,0.25
192,7916.99,1.687,27.08,1184.94,44.44,32,72,12,10,True,12,25.0,True,1.4,250.0,3.5,2.5,120.0,0.25
180,6464.06,1.687,32.78,1214.65,43.06,31,72,12,14,False,16,25.0,True,1.4,250.0,3.5,2.0,120.0,0.25
189,7856.58,1.685,26.98,1326.51,45.83,33,72,12,10,True,16,15.0,True,1.4,200.0,3.5,2.5,120.0,0.25
226,7467.34,1.685,22.57,906.64,44.44,32,72,24,10,True,12,25.0,True,1.4,200.0,4.0,2.0,120.0,0.25
122,5130.29,1.684,32.79,1054.9,34.72,25,72,16,14,False,16,15.0,True,1.35,250.0,3.5,2.0,120.0,0.25
105,4902.19,1.684,26.67,964.21,31.94,23,72,16,10,False,16,35.0,True,1.35,200.0,4.5,2.0,120.0,0.25
105,4902.19,1.684,26.67,964.21,31.94,23,72,16,10,False,16,35.0,True,1.35,250.0,4.5,2.0,120.0,0.25
341,9001.62,1.683,24.93,935.54,45.83,33,72,16,14,True,16,35.0,False,1.4,200.0,4.5,2.0,120.0,0.25
268,8663.64,1.683,30.97,1203.22,51.39,37,72,24,14,True,12,25.0,False,1.4,250.0,3.5,2.5,120.0,0.25
117,5420.35,1.683,21.37,1722.77,27.78,20,72,24,14,False,16,35.0,True,1.4,200.0,4.5,2.0,120.0,0.25
117,5420.35,1.683,21.37,1722.77,27.78,20,72,24,14,False,16,35.0,True,1.4,250.0,4.5,2.0,120.0,0.25
239,8609.11,1.682,28.87,2358.53,50.0,36,72,24,14,True,12,35.0,False,1.4,250.0,4.5,2.5,120.0,0.25
226,7450.08,1.682,22.57,934.79,44.44,32,72,24,14,True,12,15.0,True,1.4,200.0,4.0,2.0,120.0,0.25
227,7436.11,1.68,22.47,935.58,44.44,32,72,24,10,True,12,15.0,True,1.4,200.0,4.0,2.0,120.0,0.25
193,6630.68,1.68,26.42,1255.84,45.83,33,72,24,14,True,12,25.0,True,1.35,200.0,3.5,2.0,120.0,0.25
123,5295.05,1.679,27.64,1686.7,33.33,24,72,16,14,False,16,15.0,True,1.35,250.0,4.0,2.0,120.0,0.25
191,7887.5,1.678,26.7,1241.28,44.44,32,72,12,10,True,12,35.0,True,1.4,200.0,3.5,2.5,120.0,0.25
223,8450.59,1.677,26.91,1131.05,47.22,34,72,12,14,False,16,35.0,False,1.4,200.0,4.5,2.5,120.0,0.25
195,6722.26,1.677,27.18,1255.84,44.44,32,72,24,10,True,16,35.0,True,1.35,250.0,3.5,2.0,120.0,0.25
118,5951.78,1.677,27.97,2194.78,36.11,26,72,16,14,False,16,35.0,True,1.4,250.0,3.5,2.5,120.0,0.25
132,5940.27,1.677,28.03,1184.96,37.5,27,72,12,14,False,16,35.0,True,1.35,250.0,4.5,2.0,120.0,0.25
163,7009.86,1.676,31.9,1627.78,38.89,28,72,12,14,False,16,15.0,True,1.4,250.0,3.5,2.5,120.0,0.25
118,6025.59,1.676,28.81,1772.44,37.5,27,72,16,10,False,16,25.0,True,1.4,200.0,3.5,2.5,120.0,0.25
265,8478.8,1.674,30.57,1203.22,51.39,37,72,24,14,True,12,25.0,False,1.4,200.0,3.5,2.5,120.0,0.25
188,7807.82,1.674,26.6,1263.46,44.44,32,72,12,10,True,16,35.0,True,1.4,200.0,3.5,2.5,120.0,0.25
197,6698.47,1.673,26.9,1255.84,44.44,32,72,24,14,True,16,25.0,True,1.35,250.0,3.5,2.0,120.0,0.25
191,6549.29,1.673,26.18,1372.29,45.83,33,72,24,14,True,12,35.0,True,1.35,200.0,3.5,2.0,120.0,0.25
115,5165.75,1.673,22.61,1458.55,30.56,22,72,24,14,False,16,35.0,True,1.4,200.0,4.0,2.0,120.0,0.25
115,5165.75,1.673,22.61,1458.55,30.56,22,72,24,14,False,16,35.0,True,1.4,250.0,4.0,2.0,120.0,0.25
230,8119.36,1.672,28.7,1183.45,47.22,34,72,12,14,False,16,35.0,False,1.4,250.0,4.0,2.5,120.0,0.25
268,8388.17,1.671,30.6,1185.95,51.39,37,72,16,14,True,16,15.0,False,1.4,200.0,3.5,2.5,120.0,0.25
236,7699.2,1.671,22.88,906.64,43.06,31,72,24,10,True,12,25.0,True,1.4,250.0,4.0,2.0,120.0,0.25
192,6574.83,1.671,26.56,1255.84,45.83,33,72,24,10,True,12,35.0,True,1.35,200.0,3.5,2.0,120.0,0.25
150,6807.25,1.67,30.67,1585.61,43.06,31,72,12,10,False,16,15.0,True,1.4,200.0,3.5,2.5,120.0,0.25
101,5295.07,1.67,27.72,1754.66,33.33,24,72,16,10,False,16,25.0,True,1.35,250.0,3.5,2.5,120.0,0.25
283,8583.91,1.669,31.1,1379.54,51.39,37,72,16,14,True,16,35.0,False,1.4,250.0,3.5,2.5,120.0,0.25
236,7681.94,1.668,22.88,934.79,43.06,31,72,24,14,True,12,15.0,True,1.4,250.0,4.0,2.0,120.0,0.25
197,6666.04,1.668,26.9,1255.84,44.44,32,72,24,10,True,16,15.0,True,1.35,250.0,3.5,2.0,120.0,0.25
197,6666.04,1.668,26.9,1255.84,44.44,32,72,24,10,True,16,25.0,True,1.35,250.0,3.5,2.0,120.0,0.25
197,6666.04,1.668,26.9,1255.84,44.44,32,72,24,14,True,16,15.0,True,1.35,250.0,3.5,2.0,120.0,0.25
143,5540.29,1.668,30.77,1309.92,40.28,29,72,16,14,False,16,25.0,True,1.4,200.0,3.5,2.0,120.0,0.25
237,7667.97,1.666,22.78,935.58,43.06,31,72,24,10,True,12,15.0,True,1.4,250.0,4.0,2.0,120.0,0.25
195,6617.09,1.666,26.67,1372.29,44.44,32,72,24,14,True,16,35.0,True,1.35,250.0,3.5,2.0,120.0,0.25
158,5862.89,1.666,32.91,1071.2,44.44,32,72,12,10,False,16,25.0,True,1.4,200.0,3.5,2.0,120.0,0.25
242,8478.87,1.664,28.51,2714.5,51.39,37,72,24,14,True,16,35.0,False,1.4,200.0,4.5,2.5,120.0,0.25
263,8746.5,1.663,28.14,1976.68,45.83,33,72,24,14,True,12,25.0,False,1.4,250.0,4.0,2.5,120.0,0.25
132,5126.27,1.662,25.76,1592.28,36.11,26,72,24,10,False,16,35.0,True,1.4,200.0,3.5,2.0,120.0,0.25
133,5124.28,1.662,25.56,1592.28,36.11,26,72,24,10,False,16,35.0,True,1.4,250.0,3.5,2.0,120.0,0.25
194,6519.4,1.661,26.29,1255.84,45.83,33,72,24,14,True,12,15.0,True,1.35,200.0,3.5,2.0,120.0,0.25
194,6518.61,1.661,26.29,1255.84,45.83,33,72,24,10,True,12,15.0,True,1.35,200.0,3.5,2.0,120.0,0.25
194,6518.61,1.661,26.29,1255.84,45.83,33,72,24,10,True,12,25.0,True,1.35,200.0,3.5,2.0,120.0,0.25
195,7454.91,1.66,25.13,1992.45,43.06,31,72,24,14,False,16,35.0,False,1.4,200.0,4.5,2.5,120.0,0.25
96,5244.89,1.66,23.96,1878.1,29.17,21,72,16,10,False,16,35.0,True,1.35,200.0,4.0,2.5,120.0,0.25
96,5244.89,1.66,23.96,1878.1,29.17,21,72,16,10,False,16,35.0,True,1.35,250.0,4.0,2.5,120.0,0.25
94,5004.69,1.66,26.6,1226.87,31.94,23,72,16,10,False,16,35.0,True,1.35,200.0,3.5,2.5,120.0,0.25
94,5004.69,1.66,26.6,1226.87,31.94,23,72,16,10,False,16,35.0,True,1.35,250.0,3.5,2.5,120.0,0.25
280,8549.69,1.659,30.0,1185.95,51.39,37,72,16,14,True,16,15.0,False,1.4,250.0,3.5,2.5,120.0,0.25
111,4949.19,1.659,27.03,946.31,33.33,24,72,16,10,False,16,25.0,True,1.35,200.0,4.5,2.0,120.0,0.25
111,4949.19,1.659,27.03,946.31,33.33,24,72,16,10,False,16,25.0,True,1.35,250.0,4.5,2.0,120.0,0.25
219,7161.55,1.658,22.83,1020.53,43.06,31,72,16,14,True,16,25.0,True,1.4,200.0,4.0,2.0,120.0,0.25
134,6327.48,1.657,30.6,2560.21,38.89,28,72,16,10,False,16,15.0,True,1.4,250.0,3.5,2.5,120.0,0.25
118,6173.09,1.657,21.19,1861.19,27.78,20,72,24,10,False,16,25.0,True,1.4,200.0,4.5,2.5,120.0,0.25
118,6173.09,1.657,21.19,1861.19,27.78,20,72,24,10,False,16,25.0,True,1.4,250.0,4.5,2.5,120.0,0.25
133,5712.31,1.657,27.07,1149.7,38.89,28,72,12,10,False,16,15.0,True,1.35,200.0,4.5,2.0,120.0,0.25
269,8539.79,1.656,29.0,1401.31,48.61,35,72,16,10,True,16,15.0,False,1.4,200.0,4.0,2.5,120.0,0.25
175,5936.24,1.656,31.43,1172.24,45.83,33,72,12,10,False,16,15.0,True,1.4,200.0,3.5,2.0,120.0,0.25
215,6846.14,1.655,25.12,727.41,48.61,35,72,24,14,True,16,35.0,True,1.4,200.0,3.5,2.0,120.0,0.25
219,7129.12,1.653,22.83,1020.53,43.06,31,72,16,14,True,16,15.0,True,1.4,200.0,4.0,2.0,120.0,0.25
280,8297.5,1.652,30.71,1379.54,51.39,37,72,16,14,True,16,35.0,False,1.4,200.0,3.5,2.5,120.0,0.25
233,7452.03,1.651,22.32,934.79,43.06,31,72,24,14,True,12,25.0,True,1.4,250.0,4.0,2.0,120.0,0.25
227,7318.79,1.651,22.47,869.8,41.67,30,72,24,14,True,12,35.0,True,1.4,250.0,4.0,2.0,120.0,0.25
103,5105.1,1.651,24.27,1301.3,27.78,20,72,24,10,False,16,35.0,True,1.35,250.0,3.5,2.5,120.0,0.25
119,5028.38,1.651,27.73,1692.6,31.94,23,72,16,14,False,16,25.0,True,1.35,250.0,4.0,2.0,120.0,0.25
199,6556.6,1.65,26.63,1255.84,44.44,32,72,24,14,True,12,25.0,True,1.35,250.0,3.5,2.0,120.0,0.25
154,5636.9,1.65,30.52,1936.11,43.06,31,72,16,14,False,16,15.0,True,1.4,200.0,3.5,2.0,120.0,0.25
295,8227.14,1.649,28.81,1142.95,47.22,34,72,12,10,False,16,15.0,False,1.4,250.0,3.5,2.5,120.0,0.25
267,8077.44,1.649,29.59,1185.95,50.0,36,72,16,14,True,16,25.0,False,1.4,250.0,3.5,2.5,120.0,0.25
188,7482.12,1.649,26.6,1264.88,44.44,32,72,12,10,True,16,25.0,True,1.4,200.0,3.5,2.5,120.0,0.25
210,7466.38,1.649,27.62,1931.11,44.44,32,72,24,10,False,16,35.0,False,1.4,250.0,4.0,2.5,120.0,0.25
279,8369.73,1.648,31.18,1185.95,50.0,36,72,16,10,True,16,15.0,False,1.4,250.0,3.5,2.5,120.0,0.25
162,6717.39,1.648,31.48,1627.78,38.89,28,72,12,14,False,16,15.0,True,1.4,200.0,3.5,2.5,120.0,0.25
266,8050.89,1.647,29.32,1185.95,50.0,36,72,16,14,True,16,25.0,False,1.4,200.0,3.5,2.5,120.0,0.25
192,7515.97,1.647,26.56,1184.94,44.44,32,72,12,10,True,12,25.0,True,1.4,200.0,3.5,2.5,120.0,0.25
226,7122.99,1.647,25.22,727.41,47.22,34,72,24,14,True,16,35.0,True,1.4,250.0,3.5,2.0,120.0,0.25
97,5140.02,1.647,23.71,1183.58,25.0,18,72,24,14,False,16,35.0,True,1.35,200.0,4.0,2.5,120.0,0.25
97,5140.02,1.647,23.71,1183.58,25.0,18,72,24,14,False,16,35.0,True,1.35,250.0,4.0,2.5,120.0,0.25
215,6945.39,1.646,22.79,1020.53,41.67,30,72,16,14,True,16,35.0,True,1.4,200.0,4.0,2.0,120.0,0.25
217,6755.88,1.645,24.88,763.79,48.61,35,72,24,14,True,16,25.0,True,1.4,200.0,3.5,2.0,120.0,0.25
224,8227.46,1.644,26.34,1629.12,47.22,34,72,12,14,False,16,35.0,False,1.4,250.0,4.5,2.5,120.0,0.25
221,7070.9,1.644,22.62,1020.53,43.06,31,72,16,10,True,16,15.0,True,1.4,200.0,4.0,2.0,120.0,0.25
218,7039.28,1.644,22.48,1020.53,43.06,31,72,16,10,True,16,25.0,True,1.4,200.0,4.0,2.0,120.0,0.25
305,8064.3,1.643,23.61,801.64,47.22,34,72,12,14,False,16,35.0,False,1.4,250.0,4.5,2.0,120.0,0.25
197,6475.21,1.643,26.4,1372.29,44.44,32,72,24,14,True,12,35.0,True,1.35,250.0,3.5,2.0,120.0,0.25
229,7368.75,1.642,23.14,1020.53,41.67,30,72,16,14,True,16,15.0,True,1.4,250.0,4.0,2.0,120.0,0.25
132,6124.13,1.642,30.3,2474.66,38.89,28,72,16,10,False,16,15.0,True,1.4,200.0,3.5,2.5,120.0,0.25
251,8396.38,1.641,28.69,2572.09,51.39,37,72,24,14,True,16,35.0,False,1.4,250.0,4.5,2.5,120.0,0.25
198,6500.75,1.641,26.77,1255.84,44.44,32,72,24,10,True,12,35.0,True,1.35,250.0,3.5,2.0,120.0,0.25
106,5379.72,1.641,26.42,2869.81,29.17,21,72,16,14,False,16,25.0,True,1.35,200.0,4.0,2.5,120.0,0.25
106,5379.72,1.641,26.42,2869.81,29.17,21,72,16,14,False,16,25.0,True,1.35,250.0,4.0,2.5,120.0,0.25
258,7947.95,1.64,29.46,1185.95,50.0,36,72,24,14,True,16,25.0,False,1.4,250.0,3.5,2.5,120.0,0.25
266,8397.61,1.639,27.44,1421.4,48.61,35,72,16,14,True,16,15.0,False,1.4,200.0,4.0,2.5,120.0,0.25
217,6723.45,1.639,24.88,763.79,48.61,35,72,24,10,True,16,15.0,True,1.4,200.0,3.5,2.0,120.0,0.25
217,6723.45,1.639,24.88,763.79,48.61,35,72,24,10,True,16,25.0,True,1.4,200.0,3.5,2.0,120.0,0.25
217,6723.45,1.639,24.88,763.79,48.61,35,72,24,14,True,16,15.0,True,1.4,200.0,3.5,2.0,120.0,0.25
353,8237.15,1.638,23.23,910.09,47.22,34,72,24,14,True,16,25.0,False,1.4,250.0,4.5,2.0,120.0,0.25
257,7921.4,1.638,29.18,1185.95,50.0,36,72,24,14,True,16,25.0,False,1.4,200.0,3.5,2.5,120.0,0.25
274,8158.45,1.637,31.02,1379.54,52.78,38,72,24,14,True,16,35.0,False,1.4,250.0,3.5,2.5,120.0,0.25
212,7570.77,1.637,26.42,1541.21,41.67,30,72,16,10,False,16,35.0,False,1.4,200.0,4.5,2.5,120.0,0.25
228,7032.74,1.637,25.0,763.79,47.22,34,72,24,14,True,16,25.0,True,1.4,250.0,3.5,2.0,120.0,0.25
130,5877.42,1.637,24.62,1325.27,33.33,24,72,24,14,False,16,15.0,True,1.4,250.0,3.5,2.5,120.0,0.25
288,7980.57,1.635,28.82,1142.95,47.22,34,72,12,10,False,16,15.0,False,1.4,200.0,3.5,2.5,120.0,0.25
190,6120.13,1.635,31.58,1252.43,43.06,31,72,12,14,False,16,15.0,True,1.4,250.0,3.5,2.0,120.0,0.25
231,7310.53,1.634,22.94,1020.53,41.67,30,72,16,10,True,16,15.0,True,1.4,250.0,4.0,2.0,120.0,0.25
108,4626.4,1.633,20.37,1077.7,25.0,18,72,24,10,False,16,35.0,True,1.35,200.0,4.5,2.0,120.0,0.25
108,4626.4,1.633,20.37,1077.7,25.0,18,72,24,10,False,16,35.0,True,1.35,250.0,4.5,2.0,120.0,0.25
228,7271.14,1.632,22.81,1020.53,41.67,30,72,16,10,True,16,25.0,True,1.4,250.0,4.0,2.0,120.0,0.25
228,7000.31,1.632,25.0,763.79,47.22,34,72,24,10,True,16,15.0,True,1.4,250.0,3.5,2.0,120.0,0.25
228,7000.31,1.632,25.0,763.79,47.22,34,72,24,10,True,16,25.0,True,1.4,250.0,3.5,2.0,120.0,0.25
228,7000.31,1.632,25.0,763.79,47.22,34,72,24,14,True,16,15.0,True,1.4,250.0,3.5,2.0,120.0,0.25
200,6445.32,1.632,26.5,1255.84,44.44,32,72,24,14,True,12,15.0,True,1.35,250.0,3.5,2.0,120.0,0.25
200,6444.53,1.632,26.5,1255.84,44.44,32,72,24,10,True,12,15.0,True,1.35,250.0,3.5,2.0,120.0,0.25
200,6444.53,1.632,26.5,1255.84,44.44,32,72,24,10,True,12,25.0,True,1.35,250.0,3.5,2.0,120.0,0.25
106,5570.74,1.632,22.64,1267.31,25.0,18,72,24,14,False,16,15.0,True,1.35,200.0,4.5,2.5,120.0,0.25
106,5570.74,1.632,22.64,1267.31,25.0,18,72,24,14,False,16,15.0,True,1.35,250.0,4.5,2.5,120.0,0.25
208,7210.76,1.631,27.4,1931.11,44.44,32,72,24,10,False,16,35.0,False,1.4,200.0,4.0,2.5,120.0,0.25
109,5327.28,1.631,25.69,2862.43,29.17,21,72,16,14,False,16,15.0,True,1.35,200.0,4.0,2.5,120.0,0.25
109,5327.28,1.631,25.69,2862.43,29.17,21,72,16,14,False,16,15.0,True,1.35,250.0,4.0,2.5,120.0,0.25
242,8026.67,1.63,26.45,3077.6,44.44,32,72,24,14,True,12,25.0,False,1.4,200.0,4.5,2.5,120.0,0.25
221,7686.86,1.63,27.6,2420.98,43.06,31,72,16,10,False,16,35.0,False,1.4,200.0,4.0,2.5,120.0,0.25
221,7686.86,1.63,27.6,2420.98,43.06,31,72,16,10,False,16,35.0,False,1.4,250.0,4.0,2.5,120.0,0.25
265,8195.28,1.629,28.68,1408.17,47.22,34,72,12,10,True,16,15.0,False,1.4,200.0,4.0,2.5,120.0,0.25
218,6832.46,1.629,22.48,1018.94,41.67,30,72,12,14,True,16,15.0,True,1.4,200.0,4.0,2.0,120.0,0.25
121,5901.1,1.629,23.14,1507.1,31.94,23,72,24,14,False,16,25.0,True,1.4,200.0,4.0,2.5,120.0,0.25
121,5901.1,1.629,23.14,1507.1,31.94,23,72,24,14,False,16,25.0,True,1.4,250.0,4.0,2.5,120.0,0.25
258,8192.9,1.627,26.74,1974.24,44.44,32,72,24,14,True,16,25.0,False,1.4,250.0,4.0,2.5,120.0,0.25
354,8101.05,1.627,23.16,910.09,47.22,34,72,12,14,True,16,25.0,False,1.4,250.0,4.5,2.0,120.0,0.25
219,6890.47,1.627,21.92,1534.02,43.06,31,72,16,10,True,16,35.0,True,1.4,200.0,4.0,2.0,120.0,0.25
217,6780.7,1.627,22.12,1018.94,41.67,30,72,12,14,True,16,25.0,True,1.4,200.0,4.0,2.0,120.0,0.25
149,5394.14,1.627,31.54,1071.2,40.28,29,72,12,10,False,16,35.0,True,1.4,200.0,3.5,2.0,120.0,0.25
130,5062.9,1.627,21.54,1560.59,30.56,22,72,24,10,False,16,35.0,True,1.4,200.0,4.0,2.0,120.0,0.25
130,5062.9,1.627,21.54,1560.59,30.56,22,72,24,10,False,16,35.0,True,1.4,250.0,4.0,2.0,120.0,0.25
232,7639.39,1.626,29.74,1515.7,50.0,36,72,12,10,False,16,35.0,False,1.4,250.0,4.0,2.5,120.0,0.25
132,5278.34,1.626,28.79,1255.55,40.28,29,72,12,10,False,16,15.0,True,1.35,200.0,4.0,2.0,120.0,0.25
105,5040.32,1.626,28.57,2212.11,31.94,23,72,16,14,False,16,25.0,True,1.35,200.0,3.5,2.5,120.0,0.25
304,7829.96,1.624,23.36,801.64,47.22,34,72,12,14,False,16,35.0,False,1.4,200.0,4.5,2.0,120.0,0.25
223,7149.48,1.624,21.52,1401.7,41.67,30,72,16,10,True,16,35.0,True,1.4,250.0,4.5,2.0,120.0,0.25
121,4976.93,1.624,31.4,1732.59,37.5,27,72,12,10,False,16,35.0,True,1.35,250.0,3.5,2.0,120.0,0.25
228,7126.87,1.623,22.81,1020.53,41.67,30,72,16,14,True,16,25.0,True,1.4,250.0,4.0,2.0,120.0,0.25
229,7093.9,1.623,22.71,1018.94,40.28,29,72,12,14,True,16,15.0,True,1.4,250.0,4.0,2.0,120.0,0.25
122,4850.3,1.622,27.05,1686.7,33.33,24,72,16,14,False,16,15.0,True,1.35,200.0,4.0,2.0,120.0,0.25
271,7872.04,1.619,30.63,1379.54,52.78,38,72,24,14,True,16,35.0,False,1.4,200.0,3.5,2.5,120.0,0.25
218,6732.48,1.619,22.02,1018.94,41.67,30,72,12,10,True,16,15.0,True,1.4,200.0,4.0,2.0,120.0,0.25
215,6700.86,1.619,21.86,1018.94,41.67,30,72,12,10,True,16,25.0,True,1.4,200.0,4.0,2.0,120.0,0.25
189,6464.58,1.618,22.75,2276.62,40.28,29,72,16,10,True,16,35.0,True,1.35,200.0,4.5,2.0,120.0,0.25
189,6464.58,1.618,22.75,2276.62,40.28,29,72,16,10,True,16,35.0,True,1.35,250.0,4.5,2.0,120.0,0.25
225,7419.44,1.617,28.0,1183.45,47.22,34,72,12,14,False,16,35.0,False,1.4,200.0,4.0,2.5,120.0,0.25
212,6584.46,1.617,22.17,1018.94,40.28,29,72,12,14,True,16,35.0,True,1.4,200.0,4.0,2.0,120.0,0.25
135,5832.98,1.617,29.63,2281.33,37.5,27,72,16,14,False,16,15.0,True,1.4,200.0,3.5,2.5,120.0,0.25
364,8129.19,1.616,23.35,923.91,47.22,34,72,24,14,True,12,25.0,False,1.4,250.0,4.5,2.0,120.0,0.25
229,7122.34,1.616,22.27,1534.02,41.67,30,72,16,10,True,16,35.0,True,1.4,250.0,4.0,2.0,120.0,0.25
135,5493.08,1.616,26.67,1149.7,38.89,28,72,12,10,False,16,15.0,True,1.35,250.0,4.5,2.0,120.0,0.25
108,4987.88,1.616,27.78,2204.73,31.94,23,72,16,14,False,16,15.0,True,1.35,200.0,3.5,2.5,120.0,0.25
126,4820.43,1.616,30.95,1358.69,40.28,29,72,16,10,False,16,35.0,True,1.4,200.0,3.5,2.0,120.0,0.25
344,8304.33,1.615,24.42,935.54,44.44,32,72,12,14,True,16,35.0,False,1.4,200.0,4.5,2.0,120.0,0.25
248,7680.65,1.615,25.4,1617.14,44.44,32,72,12,14,False,16,15.0,False,1.4,200.0,4.5,2.5,120.0,0.25
121,5177.05,1.615,25.62,1803.32,34.72,25,72,12,10,False,16,35.0,True,1.35,200.0,4.5,2.0,120.0,0.25
121,5177.05,1.615,25.62,1803.32,34.72,25,72,12,10,False,16,35.0,True,1.35,250.0,4.5,2.0,120.0,0.25
110,4575.63,1.615,26.36,2504.6,29.17,21,72,16,14,False,16,35.0,True,1.35,200.0,4.5,2.0,120.0,0.25
110,4575.63,1.615,26.36,2504.6,29.17,21,72,16,14,False,16,35.0,True,1.35,250.0,4.5,2.0,120.0,0.25
117,4566.34,1.615,32.48,1054.9,33.33,24,72,16,14,False,16,25.0,True,1.35,250.0,3.5,2.0,120.0,0.25
229,6993.92,1.613,22.27,1018.94,40.28,29,72,12,10,True,16,15.0,True,1.4,250.0,4.0,2.0,120.0,0.25
221,6953.38,1.613,21.27,1401.7,41.67,30,72,16,10,True,16,35.0,True,1.4,200.0,4.5,2.0,120.0,0.25
295,7608.95,1.612,28.81,1248.74,50.0,36,72,16,10,False,16,35.0,False,1.4,250.0,4.0,2.0,120.0,0.25
249,7649.87,1.611,25.3,1617.14,44.44,32,72,12,14,False,16,15.0,False,1.4,250.0,4.5,2.5,120.0,0.25
226,6954.54,1.611,22.12,1018.94,40.28,29,72,12,10,True,16,25.0,True,1.4,250.0,4.0,2.0,120.0,0.25
224,6832.89,1.611,21.88,1411.31,43.06,31,72,24,10,True,16,35.0,True,1.4,200.0,4.0,2.0,120.0,0.25
117,5369.13,1.611,27.35,2194.78,36.11,26,72,16,14,False,16,35.0,True,1.4,200.0,3.5,2.5,120.0,0.25
228,7108.08,1.61,21.49,1261.61,41.67,30,72,24,10,True,16,35.0,True,1.4,250.0,4.5,2.0,120.0,0.25
224,6910.7,1.61,22.77,1020.53,40.28,29,72,16,14,True,16,35.0,True,1.4,250.0,4.0,2.0,120.0,0.25
101,5254.85,1.609,22.77,1244.19,23.61,17,72,24,14,False,16,25.0,True,1.35,200.0,4.5,2.5,120.0,0.25
101,5254.85,1.609,22.77,1244.19,23.61,17,72,24,14,False,16,25.0,True,1.35,250.0,4.5,2.5,120.0,0.25
133,5193.35,1.609,28.57,1280.76,40.28,29,72,12,10,False,16,15.0,True,1.35,250.0,4.0,2.0,120.0,0.25
176,5565.8,1.608,31.82,1352.9,44.44,32,72,12,14,False,16,15.0,True,1.4,200.0,3.5,2.0,120.0,0.25
100,4873.36,1.608,25.0,2970.08,27.78,20,72,16,14,False,16,35.0,True,1.35,200.0,4.0,2.5,120.0,0.25
100,4873.36,1.608,25.0,2970.08,27.78,20,72,16,14,False,16,35.0,True,1.35,250.0,4.0,2.5,120.0,0.25
365,8007.04,1.607,23.29,910.09,47.22,34,72,12,14,True,12,25.0,False,1.4,250.0,4.5,2.0,120.0,0.25
247,7847.59,1.607,25.91,3077.6,44.44,32,72,24,14,True,12,25.0,False,1.4,250.0,4.5,2.5,120.0,0.25
227,7067.89,1.606,22.03,1438.52,40.28,29,72,16,14,True,16,25.0,True,1.4,250.0,4.5,2.0,120.0,0.25
262,7948.37,1.604,27.1,1428.26,47.22,34,72,12,14,True,16,15.0,False,1.4,200.0,4.0,2.5,120.0,0.25
235,7086.57,1.604,22.13,1411.31,41.67,30,72,24,10,True,16,35.0,True,1.4,250.0,4.0,2.0,120.0,0.25
221,6812.58,1.603,30.77,1436.34,47.22,34,72,24,14,False,16,35.0,False,1.4,200.0,3.5,2.5,120.0,0.25
226,6738.01,1.603,22.12,1594.78,43.06,31,72,16,10,True,12,35.0,True,1.4,200.0,4.0,2.0,120.0,0.25
230,6997.02,1.602,21.74,1462.46,41.67,30,72,16,10,True,12,35.0,True,1.4,250.0,4.5,2.0,120.0,0.25
216,6552.26,1.602,21.3,1552.92,43.06,31,72,12,10,True,16,35.0,True,1.4,200.0,4.0,2.0,120.0,0.25
258,7793.66,1.601,25.97,1451.23,44.44,32,72,12,14,True,16,25.0,False,1.4,200.0,4.0,2.5,120.0,0.25
265,7670.77,1.601,29.43,1185.95,50.0,36,72,24,14,True,16,15.0,False,1.4,200.0,3.5,2.5,120.0,0.25
102,4712.16,1.601,23.53,1301.3,27.78,20,72,24,10,False,16,35.0,True,1.35,200.0,3.5,2.5,120.0,0.25
256,7819.2,1.599,29.69,2164.95,50.0,36,72,24,14,True,12,35.0,False,1.4,200.0,4.0,2.5,120.0,0.25
256,7819.2,1.599,29.69,2164.95,50.0,36,72,24,14,True,12,35.0,False,1.4,250.0,4.0,2.5,120.0,0.25
226,6911.98,1.599,21.24,1261.61,41.67,30,72,24,10,True,16,35.0,True,1.4,200.0,4.5,2.0,120.0,0.25
246,7652.4,1.598,27.24,2400.64,48.61,35,72,16,14,True,16,35.0,False,1.4,200.0,4.5,2.5,120.0,0.25
129,5707.25,1.598,29.46,2625.27,34.72,25,72,16,14,False,16,25.0,True,1.4,250.0,3.5,2.5,120.0,0.25
114,5545.38,1.598,19.3,2367.5,26.39,19,72,24,10,False,16,35.0,True,1.4,200.0,4.5,2.5,120.0,0.25
114,5545.38,1.598,19.3,2367.5,26.39,19,72,24,10,False,16,35.0,True,1.4,250.0,4.5,2.5,120.0,0.25
257,7520.14,1.597,27.24,1591.43,45.83,33,72,12,10,False,16,25.0,False,1.4,250.0,4.0,2.5,120.0,0.25
322,7778.57,1.596,25.47,988.24,44.44,32,72,12,14,False,16,35.0,False,1.4,250.0,4.0,2.0,120.0,0.25
264,7767.71,1.596,26.52,1490.23,43.06,31,72,16,14,True,16,25.0,False,1.4,200.0,4.0,2.5,120.0,0.25
227,6767.83,1.596,22.03,1018.94,40.28,29,72,12,14,True,16,25.0,True,1.4,250.0,4.0,2.0,120.0,0.25
227,6805.93,1.595,21.59,1552.92,41.67,30,72,12,10,True,16,35.0,True,1.4,250.0,4.0,2.0,120.0,0.25
165,5491.65,1.595,32.12,1071.2,43.06,31,72,12,10,False,16,25.0,True,1.4,250.0,3.5,2.0,120.0,0.25
236,6969.88,1.594,22.46,1594.78,41.67,30,72,16,10,True,12,35.0,True,1.4,250.0,4.0,2.0,120.0,0.25
224,6853.67,1.594,20.98,1420.6,41.67,30,72,12,10,True,16,35.0,True,1.4,250.0,4.5,2.0,120.0,0.25
129,5484.48,1.594,24.03,1325.27,33.33,24,72,24,14,False,16,15.0,True,1.4,200.0,3.5,2.5,120.0,0.25
105,5177.86,1.593,21.9,1267.31,23.61,17,72,24,10,False,16,25.0,True,1.35,200.0,4.5,2.5,120.0,0.25
105,5177.86,1.593,21.9,1267.31,23.61,17,72,24,10,False,16,25.0,True,1.35,250.0,4.5,2.5,120.0,0.25
118,4583.63,1.593,27.12,1692.6,31.94,23,72,16,14,False,16,25.0,True,1.35,200.0,4.0,2.0,120.0,0.25
273,7632.33,1.592,30.4,1185.95,50.0,36,72,16,14,True,12,25.0,False,1.4,250.0,3.5,2.5,120.0,0.25
121,5364.41,1.592,23.14,1812.54,30.56,22,72,24,10,False,16,35.0,True,1.4,250.0,3.5,2.5,120.0,0.25
277,7832.28,1.591,28.88,1185.95,50.0,36,72,24,14,True,16,15.0,False,1.4,250.0,3.5,2.5,120.0,0.25
228,6800.92,1.591,21.49,1462.46,41.67,30,72,16,10,True,12,35.0,True,1.4,200.0,4.5,2.0,120.0,0.25
223,6808.85,1.59,21.97,1402.8,38.89,28,72,16,14,True,16,35.0,True,1.4,250.0,4.5,2.0,120.0,0.25
274,7723.82,1.589,29.93,1185.95,48.61,35,72,12,10,True,16,15.0,False,1.4,250.0,3.5,2.5,120.0,0.25
222,6571.59,1.586,22.07,1018.94,38.89,28,72,12,14,True,16,35.0,True,1.4,250.0,4.0,2.0,120.0,0.25
351,7611.84,1.584,22.79,988.97,45.83,33,72,16,14,True,16,25.0,False,1.4,250.0,4.5,2.0,120.0,0.25
192,6243.07,1.584,22.4,2419.28,40.28,29,72,16,10,True,12,35.0,True,1.35,200.0,4.5,2.0,120.0,0.25
192,6243.07,1.584,22.4,2419.28,40.28,29,72,16,10,True,12,35.0,True,1.35,250.0,4.5,2.0,120.0,0.25
123,5619.93,1.584,20.33,2219.86,26.39,19,72,24,10,False,16,15.0,True,1.4,200.0,4.5,2.5,120.0,0.25
123,5619.93,1.584,20.33,2219.86,26.39,19,72,24,10,False,16,15.0,True,1.4,250.0,4.5,2.5,120.0,0.25
270,7447.49,1.583,30.0,1185.95,50.0,36,72,16,14,True,12,25.0,False,1.4,200.0,3.5,2.5,120.0,0.25
222,6657.57,1.583,20.72,1420.6,41.67,30,72,12,10,True,16,35.0,True,1.4,200.0,4.5,2.0,120.0,0.25
101,4759.11,1.583,21.78,1190.45,25.0,18,72,24,10,False,16,35.0,True,1.35,200.0,4.0,2.5,120.0,0.25
101,4759.11,1.583,21.78,1190.45,25.0,18,72,24,10,False,16,35.0,True,1.35,250.0,4.0,2.5,120.0,0.25
189,6051.23,1.582,23.81,2519.42,40.28,29,72,12,10,True,16,35.0,True,1.35,250.0,4.0,2.0,120.0,0.25
276,7651.4,1.581,30.07,1185.95,48.61,35,72,24,10,True,16,15.0,False,1.4,250.0,3.5,2.5,120.0,0.25
273,7632.05,1.581,28.57,1185.95,50.0,36,72,12,14,True,16,15.0,False,1.4,250.0,3.5,2.5,120.0,0.25
138,4756.61,1.581,26.09,1664.19,36.11,26,72,24,14,False,16,15.0,True,1.4,200.0,3.5,2.0,120.0,0.25
345,7364.18,1.58,23.48,1186.5,45.83,33,72,24,14,True,16,25.0,False,1.4,200.0,4.5,2.0,120.0,0.25
384,8023.72,1.579,24.48,1051.03,48.61,35,72,24,14,True,16,15.0,False,1.4,250.0,4.5,2.0,120.0,0.25
372,7860.33,1.579,24.19,1106.98,45.83,33,72,12,14,True,16,15.0,False,1.4,250.0,4.5,2.0,120.0,0.25
221,6182.12,1.578,24.89,784.55,48.61,35,72,24,14,True,12,35.0,True,1.4,200.0,3.5,2.0,120.0,0.25
128,4631.17,1.578,30.47,1358.69,40.28,29,72,16,10,False,16,35.0,True,1.4,250.0,3.5,2.0,120.0,0.25
239,6906.07,1.577,21.34,1314.96,40.28,29,72,24,14,True,12,25.0,True,1.4,250.0,4.5,2.0,120.0,0.25
120,4325.02,1.577,31.67,1054.9,34.72,25,72,16,14,False,16,15.0,True,1.35,200.0,3.5,2.0,120.0,0.25
376,7775.01,1.576,23.94,943.1,48.61,35,72,24,14,True,16,15.0,False,1.4,200.0,4.5,2.0,120.0,0.25
111,5135.5,1.576,23.42,1285.41,27.78,20,72,24,14,False,16,15.0,True,1.35,200.0,4.0,2.5,120.0,0.25
111,5135.5,1.576,23.42,1285.41,27.78,20,72,24,14,False,16,15.0,True,1.35,250.0,4.0,2.5,120.0,0.25
268,7313.06,1.574,31.34,1185.95,48.61,35,72,16,10,True,16,15.0,False,1.4,200.0,3.5,2.5,120.0,0.25
225,6643.53,1.574,21.78,1438.52,40.28,29,72,16,14,True,16,15.0,True,1.4,250.0,4.5,2.0,120.0,0.25
219,6344.81,1.574,21.92,1078.26,43.06,31,72,16,14,True,12,25.0,True,1.4,200.0,4.0,2.0,120.0,0.25
220,6311.88,1.573,22.27,1020.53,41.67,30,72,16,14,True,12,35.0,True,1.4,200.0,4.0,2.0,120.0,0.25
233,6729.96,1.572,21.46,1314.96,38.89,28,72,24,14,True,12,35.0,True,1.4,250.0,4.5,2.0,120.0,0.25
102,4512.47,1.572,27.45,2873.4,29.17,21,72,16,14,False,16,35.0,True,1.35,250.0,3.5,2.5,120.0,0.25
100,4751.7,1.571,20.0,1814.74,22.22,16,72,24,10,False,16,35.0,True,1.35,200.0,4.5,2.5,120.0,0.25
100,4751.7,1.571,20.0,1814.74,22.22,16,72,24,10,False,16,35.0,True,1.35,250.0,4.5,2.5,120.0,0.25
229,6729.64,1.57,21.4,1457.42,38.89,28,72,12,14,True,16,25.0,True,1.4,250.0,4.5,2.0,120.0,0.25
221,6330.52,1.57,22.17,1078.26,43.06,31,72,16,14,True,12,15.0,True,1.4,200.0,4.0,2.0,120.0,0.25
192,6090.62,1.57,21.88,2340.23,40.28,29,72,12,10,True,16,35.0,True,1.35,200.0,4.5,2.0,120.0,0.25
192,6090.62,1.57,21.88,2340.23,40.28,29,72,12,10,True,16,35.0,True,1.35,250.0,4.5,2.0,120.0,0.25
245,7328.45,1.569,26.94,2714.6,50.0,36,72,16,14,True,12,35.0,False,1.4,200.0,4.5,2.5,120.0,0.25
182,5690.13,1.569,23.63,2519.42,40.28,29,72,12,10,True,16,35.0,True,1.35,200.0,4.0,2.0,120.0,0.25
125,5193.66,1.569,29.6,1731.65,34.72,25,72,12,14,False,16,35.0,True,1.35,200.0,3.5,2.5,120.0,0.25
399,7572.94,1.568,31.33,915.01,52.78,38,72,16,10,False,16,15.0,False,1.4,250.0,3.5,2.0,120.0,0.25
266,7223.21,1.568,28.2,1185.95,48.61,35,72,12,14,True,16,25.0,False,1.4,250.0,3.5,2.5,120.0,0.25
231,6441.81,1.568,21.65,1469.24,41.67,30,72,24,10,True,12,35.0,True,1.4,200.0,4.0,2.0,120.0,0.25
362,7530.13,1.567,22.93,989.01,45.83,33,72,16,14,True,12,25.0,False,1.4,250.0,4.5,2.0,120.0,0.25
252,7491.64,1.567,24.6,2746.33,45.83,33,72,24,14,True,16,25.0,False,1.4,200.0,4.5,2.5,120.0,0.25
252,7491.64,1.567,24.6,2746.33,45.83,33,72,24,14,True,16,25.0,False,1.4,250.0,4.5,2.5,120.0,0.25
253,7427.5,1.567,27.27,2400.64,48.61,35,72,16,14,True,16,35.0,False,1.4,250.0,4.5,2.5,120.0,0.25
362,7381.92,1.567,27.07,915.01,50.0,36,72,16,10,False,16,15.0,False,1.4,200.0,4.5,2.0,120.0,0.25
360,7377.86,1.567,27.22,915.01,50.0,36,72,16,10,False,16,15.0,False,1.4,250.0,4.5,2.0,120.0,0.25
234,6686.04,1.567,21.37,1319.54,40.28,29,72,24,10,True,12,35.0,True,1.4,250.0,4.5,2.0,120.0,0.25
223,6479.86,1.567,21.52,1438.52,40.28,29,72,16,14,True,16,25.0,True,1.4,200.0,4.5,2.0,120.0,0.25
190,6003.45,1.567,23.16,2289.69,38.89,28,72,16,14,True,16,25.0,True,1.35,200.0,4.5,2.0,120.0,0.25
265,7196.66,1.566,27.92,1185.95,48.61,35,72,12,14,True,16,25.0,False,1.4,200.0,3.5,2.5,120.0,0.25
227,6585.31,1.566,21.59,1438.52,40.28,29,72,16,10,True,16,15.0,True,1.4,250.0,4.5,2.0,120.0,0.25
280,7456.59,1.564,31.07,1203.22,48.61,35,72,24,14,True,12,15.0,False,1.4,200.0,3.5,2.5,120.0,0.25
137,4952.16,1.564,20.44,1523.14,29.17,21,72,24,14,False,16,15.0,True,1.4,200.0,4.5,2.0,120.0,0.25
137,4952.16,1.564,20.44,1523.14,29.17,21,72,24,14,False,16,15.0,True,1.4,250.0,4.5,2.0,120.0,0.25
120,4526.75,1.564,26.67,1170.76,31.94,23,72,16,10,False,16,15.0,True,1.35,200.0,4.5,2.0,120.0,0.25
120,4526.75,1.564,26.67,1170.76,31.94,23,72,16,10,False,16,15.0,True,1.35,250.0,4.5,2.0,120.0,0.25
231,6570.15,1.563,22.51,1078.26,41.67,30,72,16,14,True,12,15.0,True,1.4,250.0,4.0,2.0,120.0,0.25
213,6721.08,1.562,25.82,2391.07,44.44,32,72,24,10,False,16,25.0,False,1.4,250.0,4.5,2.5,120.0,0.25
223,6447.43,1.562,21.52,1438.52,40.28,29,72,16,14,True,16,15.0,True,1.4,200.0,4.5,2.0,120.0,0.25
190,5971.02,1.562,23.16,2289.69,38.89,28,72,16,14,True,16,15.0,True,1.35,200.0,4.5,2.0,120.0,0.25
190,5971.02,1.562,23.16,2289.69,38.89,28,72,16,14,True,16,15.0,True,1.35,250.0,4.5,2.0,120.0,0.25
193,5945.0,1.562,24.87,2519.42,38.89,28,72,12,14,True,16,15.0,True,1.35,250.0,4.0,2.0,120.0,0.25
225,6522.49,1.561,21.33,1395.36,40.28,29,72,16,10,True,16,25.0,True,1.4,250.0,4.5,2.0,120.0,0.25
228,6326.72,1.561,21.93,1020.53,43.06,31,72,16,10,True,12,25.0,True,1.4,200.0,4.0,2.0,120.0,0.25
265,7459.45,1.56,25.66,1941.82,43.06,31,72,12,14,True,16,25.0,False,1.4,250.0,4.0,2.5,120.0,0.25
241,6673.67,1.56,21.99,1469.24,40.28,29,72,24,10,True,12,35.0,True,1.4,250.0,4.0,2.0,120.0,0.25
193,5878.13,1.56,23.83,2455.81,38.89,28,72,16,10,True,16,35.0,True,1.35,250.0,4.0,2.0,120.0,0.25
185,5331.06,1.56,30.27,1172.24,44.44,32,72,12,10,False,16,15.0,True,1.4,250.0,3.5,2.0,120.0,0.25
140,4647.37,1.56,25.71,1664.19,36.11,26,72,24,14,False,16,15.0,True,1.4,250.0,3.5,2.0,120.0,0.25
224,6170.86,1.559,21.43,1613.67,41.67,30,72,12,10,True,12,35.0,True,1.4,200.0,4.0,2.0,120.0,0.25
157,4988.6,1.558,30.57,1588.5,41.67,30,72,16,10,False,16,15.0,True,1.4,200.0,3.5,2.0,120.0,0.25
157,4988.6,1.558,30.57,1588.5,41.67,30,72,16,10,False,16,15.0,True,1.4,250.0,3.5,2.0,120.0,0.25
106,4875.54,1.558,23.58,1262.29,26.39,19,72,24,14,False,16,25.0,True,1.35,200.0,4.0,2.5,120.0,0.25
106,4875.54,1.558,23.58,1262.29,26.39,19,72,24,14,False,16,25.0,True,1.35,250.0,4.0,2.5,120.0,0.25
107,4780.84,1.558,25.23,2892.85,27.78,20,72,16,10,False,16,15.0,True,1.35,200.0,4.0,2.5,120.0,0.25
107,4780.84,1.558,25.23,2892.85,27.78,20,72,16,10,False,16,15.0,True,1.35,250.0,4.0,2.5,120.0,0.25
265,7424.06,1.557,28.68,1394.74,47.22,34,72,24,10,True,16,15.0,False,1.4,200.0,4.0,2.5,120.0,0.25
229,6809.83,1.557,28.82,1515.7,50.0,36,72,12,10,False,16,35.0,False,1.4,200.0,4.0,2.5,120.0,0.25
224,6490.54,1.557,21.43,1421.7,37.5,27,72,12,14,True,16,35.0,True,1.4,250.0,4.5,2.0,120.0,0.25
213,5783.47,1.557,25.35,1018.94,45.83,33,72,12,14,True,16,25.0,True,1.4,200.0,3.5,2.0,120.0,0.25
127,5145.27,1.557,29.92,1675.49,34.72,25,72,12,14,False,16,25.0,True,1.35,200.0,3.5,2.5,120.0,0.25
232,6489.94,1.556,21.12,1319.54,40.28,29,72,24,10,True,12,35.0,True,1.4,200.0,4.5,2.0,120.0,0.25
225,6216.49,1.556,21.33,1079.04,43.06,31,72,16,10,True,12,15.0,True,1.4,200.0,4.0,2.0,120.0,0.25
225,6008.94,1.556,24.44,849.87,47.22,34,72,24,14,True,12,25.0,True,1.4,200.0,3.5,2.0,120.0,0.25
191,5928.59,1.556,23.04,2316.67,38.89,28,72,16,10,True,16,15.0,True,1.35,200.0,4.5,2.0,120.0,0.25
191,5928.59,1.556,23.04,2316.67,38.89,28,72,16,10,True,16,15.0,True,1.35,250.0,4.5,2.0,120.0,0.25
271,7433.5,1.555,26.2,1980.81,41.67,30,72,16,14,True,16,25.0,False,1.4,250.0,4.0,2.5,120.0,0.25
192,5846.18,1.555,23.96,2519.42,38.89,28,72,12,10,True,16,25.0,True,1.35,250.0,4.0,2.0,120.0,0.25
238,6558.58,1.554,22.27,1020.53,41.67,30,72,16,10,True,12,25.0,True,1.4,250.0,4.0,2.0,120.0,0.25
225,6389.21,1.554,21.33,1438.52,40.28,29,72,16,10,True,16,15.0,True,1.4,200.0,4.5,2.0,120.0,0.25
192,5860.81,1.554,24.48,2519.42,38.89,28,72,12,10,True,16,15.0,True,1.35,250.0,4.0,2.0,120.0,0.25
107,4557.47,1.554,28.04,2132.16,30.56,22,72,16,10,False,16,15.0,True,1.35,200.0,3.5,2.5,120.0,0.25
107,4557.47,1.554,28.04,2132.16,30.56,22,72,16,10,False,16,15.0,True,1.35,250.0,3.5,2.5,120.0,0.25
192,5882.76,1.553,22.4,2316.67,38.89,28,72,16,10,True,16,25.0,True,1.35,200.0,4.5,2.0,120.0,0.25
192,5882.76,1.553,22.4,2316.67,38.89,28,72,16,10,True,16,25.0,True,1.35,250.0,4.5,2.0,120.0,0.25
378,7638.03,1.552,24.34,1051.03,47.22,34,72,16,14,True,16,15.0,False,1.4,250.0,4.5,2.0,120.0,0.25
311,6937.24,1.552,25.4,873.15,44.44,32,72,12,14,False,16,35.0,False,1.4,200.0,4.0,2.0,120.0,0.25
213,5751.04,1.552,25.35,1018.94,45.83,33,72,12,14,True,16,15.0,True,1.4,200.0,3.5,2.0,120.0,0.25
116,4100.84,1.552,31.9,1054.9,33.33,24,72,16,14,False,16,25.0,True,1.35,200.0,3.5,2.0,120.0,0.25
252,6865.6,1.551,26.59,1591.43,45.83,33,72,12,10,False,16,25.0,False,1.4,200.0,4.0,2.5,120.0,0.25
231,6441.31,1.551,21.21,1481.35,40.28,29,72,12,10,True,12,35.0,True,1.4,250.0,4.5,2.0,120.0,0.25
234,6402.72,1.551,21.79,1613.67,40.28,29,72,12,10,True,12,35.0,True,1.4,250.0,4.0,2.0,120.0,0.25
227,5981.79,1.551,24.67,821.72,48.61,35,72,24,10,True,12,25.0,True,1.4,200.0,3.5,2.0,120.0,0.25
126,5088.21,1.551,29.37,1837.11,34.72,25,72,12,14,False,16,35.0,True,1.35,250.0,3.5,2.5,120.0,0.25
223,6326.39,1.55,21.08,1395.36,40.28,29,72,16,10,True,16,25.0,True,1.4,200.0,4.5,2.0,120.0,0.25
219,6220.83,1.55,21.46,1402.8,38.89,28,72,16,14,True,16,35.0,True,1.4,200.0,4.5,2.0,120.0,0.25
214,5735.25,1.55,25.23,1018.94,45.83,33,72,12,10,True,16,15.0,True,1.4,200.0,3.5,2.0,120.0,0.25
211,5712.77,1.55,25.12,1018.94,45.83,33,72,12,10,True,16,25.0,True,1.4,200.0,3.5,2.0,120.0,0.25
186,5527.08,1.55,23.66,2455.81,38.89,28,72,16,10,True,16,35.0,True,1.35,200.0,4.0,2.0,120.0,0.25
235,6456.12,1.549,21.7,1079.04,41.67,30,72,16,10,True,12,15.0,True,1.4,250.0,4.0,2.0,120.0,0.25
227,5964.54,1.549,24.67,849.87,47.22,34,72,24,14,True,12,15.0,True,1.4,200.0,3.5,2.0,120.0,0.25
191,5878.79,1.549,23.04,2289.69,38.89,28,72,16,14,True,16,25.0,True,1.35,250.0,4.5,2.0,120.0,0.25
192,5829.72,1.549,23.44,2662.07,38.89,28,72,12,10,True,12,35.0,True,1.35,250.0,4.0,2.0,120.0,0.25
156,4978.53,1.549,30.77,1071.2,38.89,28,72,12,10,False,16,35.0,True,1.4,250.0,3.5,2.0,120.0,0.25
120,4971.47,1.549,22.5,1812.54,30.56,22,72,24,10,False,16,35.0,True,1.4,200.0,3.5,2.5,120.0,0.25
252,7222.56,1.548,26.98,2577.79,50.0,36,72,16,14,True,12,35.0,False,1.4,250.0,4.5,2.5,120.0,0.25
135,4667.11,1.548,21.48,1578.61,31.94,23,72,24,14,False,16,15.0,True,1.4,200.0,4.0,2.0,120.0,0.25
135,4667.11,1.548,21.48,1578.61,31.94,23,72,24,14,False,16,15.0,True,1.4,250.0,4.0,2.0,120.0,0.25
228,5950.57,1.547,24.56,850.66,47.22,34,72,24,10,True,12,15.0,True,1.4,200.0,3.5,2.0,120.0,0.25
216,5789.94,1.547,25.46,1020.53,45.83,33,72,16,14,True,16,25.0,True,1.4,200.0,3.5,2.0,120.0,0.25
239,6490.09,1.546,21.34,1355.15,40.28,29,72,24,10,True,12,25.0,True,1.4,250.0,4.5,2.0,120.0,0.25
228,6400.09,1.546,21.49,1457.42,38.89,28,72,12,14,True,16,15.0,True,1.4,250.0,4.5,2.0,120.0,0.25
368,7361.11,1.544,23.91,943.1,47.22,34,72,16,14,True,16,15.0,False,1.4,200.0,4.5,2.0,120.0,0.25
239,6469.75,1.544,21.34,1358.23,40.28,29,72,24,14,True,12,15.0,True,1.4,250.0,4.5,2.0,120.0,0.25
138,5416.79,1.544,28.99,1357.74,34.72,25,72,12,10,False,16,35.0,True,1.4,250.0,3.5,2.5,120.0,0.25
284,7122.86,1.543,29.93,1358.39,50.0,36,72,16,14,True,12,35.0,False,1.4,250.0,3.5,2.5,120.0,0.25
363,6929.87,1.543,30.58,1299.63,50.0,36,72,16,10,False,16,25.0,False,1.4,250.0,3.5,2.0,120.0,0.25
228,6310.12,1.543,21.93,1078.26,41.67,30,72,16,14,True,12,25.0,True,1.4,250.0,4.0,2.0,120.0,0.25
193,5839.55,1.543,22.8,2431.56,38.89,28,72,16,14,True,12,25.0,True,1.35,200.0,4.5,2.0,120.0,0.25
414,7749.58,1.542,24.4,966.94,48.61,35,72,24,14,True,12,15.0,False,1.4,200.0,4.5,2.0,120.0,0.25
262,7281.88,1.542,27.1,1414.83,47.22,34,72,24,14,True,16,15.0,False,1.4,200.0,4.0,2.5,120.0,0.25
240,6455.77,1.542,21.25,1358.23,40.28,29,72,24,10,True,12,15.0,True,1.4,250.0,4.5,2.0,120.0,0.25
229,6277.19,1.542,22.27,1020.53,40.28,29,72,16,14,True,12,35.0,True,1.4,250.0,4.0,2.0,120.0,0.25
216,5757.51,1.542,25.46,1020.53,45.83,33,72,16,14,True,16,15.0,True,1.4,200.0,3.5,2.0,120.0,0.25
110,4790.94,1.542,22.73,1285.41,26.39,19,72,24,10,False,16,25.0,True,1.35,200.0,4.0,2.5,120.0,0.25
110,4790.94,1.542,22.73,1285.41,26.39,19,72,24,10,False,16,25.0,True,1.35,250.0,4.0,2.5,120.0,0.25
259,7170.99,1.541,27.03,1590.49,44.44,32,72,12,14,True,12,25.0,False,1.4,200.0,4.0,2.5,120.0,0.25
211,6423.28,1.541,25.59,2391.07,44.44,32,72,24,10,False,16,25.0,False,1.4,200.0,4.5,2.5,120.0,0.25
118,5080.35,1.541,20.34,1743.21,27.78,20,72,24,10,False,16,35.0,True,1.4,200.0,4.0,2.5,120.0,0.25
118,5080.35,1.541,20.34,1743.21,27.78,20,72,24,10,False,16,35.0,True,1.4,250.0,4.0,2.5,120.0,0.25
116,4862.22,1.541,26.72,1309.92,33.33,24,72,12,10,False,16,35.0,True,1.35,200.0,3.5,2.5,120.0,0.25
116,4862.22,1.541,26.72,1309.92,33.33,24,72,12,10,False,16,35.0,True,1.35,250.0,3.5,2.5,120.0,0.25
274,7406.92,1.54,29.56,1218.85,44.44,32,72,24,14,True,12,15.0,False,1.4,200.0,4.0,2.5,120.0,0.25
126,5121.75,1.54,29.37,1445.76,38.89,28,72,12,10,False,16,15.0,True,1.35,200.0,3.5,2.5,120.0,0.25
128,5039.82,1.54,29.69,1780.95,34.72,25,72,12,14,False,16,25.0,True,1.35,250.0,3.5,2.5,120.0,0.25
256,7046.94,1.539,26.56,2510.26,47.22,34,72,12,14,True,16,35.0,False,1.4,200.0,4.5,2.5,120.0,0.25
235,6318.04,1.539,20.85,1360.05,40.28,29,72,24,14,True,12,25.0,True,1.4,200.0,4.5,2.0,120.0,0.25
229,6245.21,1.539,20.96,1481.35,40.28,29,72,12,10,True,12,35.0,True,1.4,200.0,4.5,2.0,120.0,0.25
275,7314.55,1.538,29.45,1565.55,44.44,32,72,16,14,True,12,15.0,False,1.4,200.0,4.0,2.5,120.0,0.25
195,5869.11,1.538,21.54,2482.89,40.28,29,72,12,10,True,12,35.0,True,1.35,200.0,4.5,2.0,120.0,0.25
195,5869.11,1.538,21.54,2482.89,40.28,29,72,12,10,True,12,35.0,True,1.35,250.0,4.5,2.0,120.0,0.25
212,5625.14,1.537,25.0,1018.94,45.83,33,72,12,14,True,16,35.0,True,1.4,200.0,3.5,2.0,120.0,0.25
213,5617.06,1.537,24.88,1305.26,47.22,34,72,12,10,True,16,35.0,True,1.4,200.0,3.5,2.0,120.0,0.25
128,5124.6,1.537,28.91,2625.27,34.72,25,72,16,14,False,16,25.0,True,1.4,200.0,3.5,2.5,120.0,0.25
129,4963.28,1.537,29.46,1675.49,34.72,25,72,12,14,False,16,15.0,True,1.35,200.0,3.5,2.5,120.0,0.25
265,7143.42,1.536,27.55,1629.48,43.06,31,72,16,14,True,12,25.0,False,1.4,200.0,4.0,2.5,120.0,0.25
278,7039.3,1.536,31.65,1185.95,48.61,35,72,16,14,True,12,15.0,False,1.4,200.0,3.5,2.5,120.0,0.25
251,6844.43,1.536,25.9,1428.83,44.44,32,72,24,10,False,16,15.0,False,1.4,200.0,4.0,2.5,120.0,0.25
228,6289.5,1.536,21.05,1457.42,38.89,28,72,12,10,True,16,15.0,True,1.4,250.0,4.5,2.0,120.0,0.25
237,6293.99,1.535,21.1,1355.15,40.28,29,72,24,10,True,12,25.0,True,1.4,200.0,4.5,2.0,120.0,0.25
226,6203.99,1.535,21.24,1457.42,38.89,28,72,12,14,True,16,15.0,True,1.4,200.0,4.5,2.0,120.0,0.25
185,5468.62,1.535,23.24,2662.07,38.89,28,72,12,10,True,12,35.0,True,1.35,200.0,4.0,2.0,120.0,0.25
229,6299.79,1.534,29.26,1753.15,48.61,35,72,24,10,False,16,35.0,False,1.4,200.0,3.5,2.5,120.0,0.25
294,6184.89,1.534,30.61,931.25,55.56,40,72,24,10,False,16,35.0,False,1.4,200.0,3.5,2.0,120.0,0.25
229,6141.94,1.533,20.96,1360.05,38.89,28,72,24,14,True,12,35.0,True,1.4,200.0,4.5,2.0,120.0,0.25
218,5699.29,1.533,25.23,1020.53,45.83,33,72,16,10,True,16,15.0,True,1.4,200.0,3.5,2.0,120.0,0.25
215,5676.8,1.533,25.12,1020.53,45.83,33,72,16,10,True,16,25.0,True,1.4,200.0,3.5,2.0,120.0,0.25
185,5569.11,1.533,22.7,2399.58,36.11,26,72,16,14,True,16,35.0,True,1.35,200.0,4.5,2.0,120.0,0.25
399,7505.04,1.532,24.56,943.1,48.61,35,72,16,14,True,12,15.0,False,1.4,200.0,4.5,2.0,120.0,0.25
237,6273.65,1.532,21.1,1358.23,40.28,29,72,24,14,True,12,15.0,True,1.4,200.0,4.5,2.0,120.0,0.25
226,6226.67,1.532,20.8,1414.25,38.89,28,72,12,10,True,16,25.0,True,1.4,250.0,4.5,2.0,120.0,0.25
191,5618.93,1.532,24.08,2519.42,38.89,28,72,12,14,True,16,25.0,True,1.35,250.0,4.0,2.0,120.0,0.25
238,6259.67,1.531,21.01,1358.23,40.28,29,72,24,10,True,12,15.0,True,1.4,200.0,4.5,2.0,120.0,0.25
225,6141.62,1.531,20.89,1457.42,38.89,28,72,12,14,True,16,25.0,True,1.4,200.0,4.5,2.0,120.0,0.25
136,5247.52,1.53,28.68,1410.32,34.72,25,72,12,10,False,16,35.0,True,1.4,200.0,3.5,2.5,120.0,0.25
315,6635.24,1.529,30.48,931.25,54.17,39,72,24,10,False,16,35.0,False,1.4,250.0,3.5,2.0,120.0,0.25
220,5802.95,1.528,21.82,1078.26,40.28,29,72,12,14,True,12,15.0,True,1.4,200.0,4.0,2.0,120.0,0.25
196,5656.63,1.528,23.47,2598.47,37.5,27,72,16,10,True,12,35.0,True,1.35,250.0,4.0,2.0,120.0,0.25
135,4551.87,1.528,31.85,1374.18,40.28,29,72,12,10,False,16,15.0,True,1.35,250.0,3.5,2.0,120.0,0.25
217,5763.16,1.527,21.2,1078.26,40.28,29,72,12,14,True,12,25.0,True,1.4,200.0,4.0,2.0,120.0,0.25
194,5728.27,1.527,22.68,2431.56,38.89,28,72,16,14,True,12,15.0,True,1.35,200.0,4.5,2.0,120.0,0.25
194,5728.27,1.527,22.68,2431.56,38.89,28,72,16,14,True,12,15.0,True,1.35,250.0,4.5,2.0,120.0,0.25
197,5702.25,1.527,24.37,2661.29,37.5,27,72,12,14,True,12,15.0,True,1.35,250.0,4.0,2.0,120.0,0.25
216,5632.38,1.527,25.0,1020.53,45.83,33,72,16,14,True,16,35.0,True,1.4,200.0,3.5,2.0,120.0,0.25
230,5913.46,1.526,24.78,784.55,47.22,34,72,24,14,True,12,35.0,True,1.4,250.0,3.5,2.0,120.0,0.25
217,5729.46,1.526,21.66,1018.94,38.89,28,72,12,14,True,12,35.0,True,1.4,200.0,4.0,2.0,120.0,0.25
123,4932.04,1.526,24.39,1525.46,30.56,22,72,24,14,False,16,25.0,True,1.4,250.0,3.5,2.5,120.0,0.25
281,6836.46,1.525,29.54,1358.39,50.0,36,72,16,14,True,12,35.0,False,1.4,200.0,3.5,2.5,120.0,0.25
253,6726.19,1.525,27.67,1345.09,44.44,32,72,16,10,False,16,15.0,False,1.4,200.0,4.0,2.5,120.0,0.25
226,6093.4,1.525,20.8,1457.42,38.89,28,72,12,10,True,16,15.0,True,1.4,200.0,4.5,2.0,120.0,0.25
194,5714.89,1.525,22.68,2431.56,38.89,28,72,16,14,True,12,25.0,True,1.35,250.0,4.5,2.0,120.0,0.25
129,5243.23,1.525,21.71,1375.35,30.56,22,72,24,10,False,16,25.0,True,1.4,200.0,4.0,2.5,120.0,0.25
129,5243.23,1.525,21.71,1375.35,30.56,22,72,24,10,False,16,25.0,True,1.4,250.0,4.0,2.5,120.0,0.25
194,5688.24,1.524,22.68,2340.23,38.89,28,72,12,14,True,16,15.0,True,1.35,200.0,4.5,2.0,120.0,0.25
194,5688.24,1.524,22.68,2340.23,38.89,28,72,12,14,True,16,15.0,True,1.35,250.0,4.5,2.0,120.0,0.25
363,6961.49,1.523,23.42,1208.6,45.83,33,72,24,14,True,12,25.0,False,1.4,200.0,4.5,2.0,120.0,0.25
230,6042.58,1.523,22.17,1078.26,38.89,28,72,12,14,True,12,15.0,True,1.4,250.0,4.0,2.0,120.0,0.25
127,5016.3,1.523,29.13,1445.76,38.89,28,72,12,10,False,16,15.0,True,1.35,250.0,3.5,2.5,120.0,0.25
133,4283.07,1.523,25.56,1665.08,34.72,25,72,24,14,False,16,25.0,True,1.4,250.0,3.5,2.0,120.0,0.25
216,5591.38,1.522,25.0,1307.07,45.83,33,72,16,10,True,16,35.0,True,1.4,200.0,3.5,2.0,120.0,0.25
289,6198.95,1.521,29.76,1551.64,50.0,36,72,16,10,False,16,35.0,False,1.4,200.0,3.5,2.0,120.0,0.25
224,6030.57,1.52,20.54,1414.25,38.89,28,72,12,10,True,16,25.0,True,1.4,200.0,4.5,2.0,120.0,0.25
193,5625.87,1.52,22.28,2340.23,38.89,28,72,12,14,True,16,25.0,True,1.35,200.0,4.5,2.0,120.0,0.25
196,5602.07,1.52,23.47,2662.07,37.5,27,72,12,10,True,12,25.0,True,1.35,250.0,4.0,2.0,120.0,0.25
185,5291.98,1.52,24.32,2519.42,38.89,28,72,12,14,True,16,15.0,True,1.35,200.0,4.0,2.0,120.0,0.25
225,6133.65,1.519,29.33,1772.36,48.61,35,72,24,10,False,16,35.0,False,1.4,250.0,3.5,2.5,120.0,0.25
196,5616.69,1.519,23.98,2662.07,37.5,27,72,12,10,True,12,15.0,True,1.35,250.0,4.0,2.0,120.0,0.25
130,4857.83,1.519,29.23,1780.95,34.72,25,72,12,14,False,16,15.0,True,1.35,250.0,3.5,2.5,120.0,0.25
252,6791.41,1.518,26.59,2785.23,48.61,35,72,12,14,True,12,35.0,False,1.4,200.0,4.5,2.5,120.0,0.25
270,7015.72,1.517,29.26,1526.56,45.83,33,72,12,14,True,12,15.0,False,1.4,200.0,4.0,2.5,120.0,0.25
355,6974.08,1.517,25.07,915.01,50.0,36,72,16,14,False,16,15.0,False,1.4,200.0,4.5,2.0,120.0,0.25
365,6855.88,1.517,23.29,1331.61,45.83,33,72,12,14,True,12,25.0,False,1.4,200.0,4.5,2.0,120.0,0.25
220,5902.51,1.517,20.91,1421.7,37.5,27,72,12,14,True,16,35.0,True,1.4,200.0,4.5,2.0,120.0,0.25
189,5305.57,1.516,23.28,2598.47,37.5,27,72,16,10,True,12,35.0,True,1.35,200.0,4.0,2.0,120.0,0.25
184,5240.22,1.516,23.91,2519.42,38.89,28,72,12,14,True,16,25.0,True,1.35,200.0,4.0,2.0,120.0,0.25
107,3735.49,1.516,27.1,1019.49,29.17,21,72,16,10,False,16,35.0,True,1.35,200.0,4.0,2.0,120.0,0.25
107,3735.49,1.516,27.1,1019.49,29.17,21,72,16,10,False,16,35.0,True,1.35,250.0,4.0,2.0,120.0,0.25
272,6779.8,1.515,29.04,1185.95,48.61,35,72,12,14,True,12,25.0,False,1.4,250.0,3.5,2.5,120.0,0.25
225,5744.54,1.515,21.33,1018.94,40.28,29,72,12,10,True,12,25.0,True,1.4,200.0,4.0,2.0,120.0,0.25
193,5593.44,1.515,22.28,2340.23,38.89,28,72,12,10,True,16,15.0,True,1.35,200.0,4.5,2.0,120.0,0.25
193,5593.44,1.515,22.28,2340.23,38.89,28,72,12,10,True,16,15.0,True,1.35,250.0,4.5,2.0,120.0,0.25
186,5444.45,1.515,22.58,2399.58,36.11,26,72,16,14,True,16,35.0,True,1.35,250.0,4.5,2.0,120.0,0.25
189,5179.24,1.514,26.46,2518.83,41.67,30,72,16,10,True,16,35.0,True,1.35,250.0,3.5,2.0,120.0,0.25
110,4480.22,1.514,24.55,1303.51,29.17,21,72,24,14,False,16,15.0,True,1.35,250.0,3.5,2.5,120.0,0.25
221,5662.46,1.513,20.81,1079.04,40.28,29,72,12,10,True,12,15.0,True,1.4,200.0,4.0,2.0,120.0,0.25
194,5547.6,1.513,21.65,2340.23,38.89,28,72,12,10,True,16,25.0,True,1.35,200.0,4.5,2.0,120.0,0.25
194,5547.6,1.513,21.65,2340.23,38.89,28,72,12,10,True,16,25.0,True,1.35,250.0,4.5,2.0,120.0,0.25
187,5427.24,1.513,22.46,2541.45,36.11,26,72,16,14,True,12,35.0,True,1.35,200.0,4.5,2.0,120.0,0.25
184,5193.17,1.513,23.37,2519.42,38.89,28,72,12,10,True,16,25.0,True,1.35,200.0,4.0,2.0,120.0,0.25
184,5207.79,1.512,23.91,2519.42,38.89,28,72,12,10,True,16,15.0,True,1.35,200.0,4.0,2.0,120.0,0.25
110,4708.88,1.512,20.91,1357.6,23.61,17,72,24,10,False,16,15.0,True,1.35,200.0,4.5,2.5,120.0,0.25
110,4708.88,1.512,20.91,1357.6,23.61,17,72,24,10,False,16,15.0,True,1.35,250.0,4.5,2.5,120.0,0.25
263,6822.04,1.51,26.62,2510.26,47.22,34,72,12,14,True,16,35.0,False,1.4,250.0,4.5,2.5,120.0,0.25
195,5431.71,1.51,24.1,2453.43,37.5,27,72,16,14,True,16,25.0,True,1.35,250.0,4.0,2.0,120.0,0.25
279,6614.56,1.509,31.18,1103.22,48.61,35,72,16,10,False,16,15.0,False,1.4,250.0,3.5,2.5,120.0,0.25
262,6557.3,1.509,30.15,1185.95,47.22,34,72,12,10,True,16,15.0,False,1.4,200.0,3.5,2.5,120.0,0.25
235,5976.4,1.509,21.7,1018.94,38.89,28,72,12,10,True,12,25.0,True,1.4,250.0,4.0,2.0,120.0,0.25
196,5598.52,1.509,22.45,2459.33,38.89,28,72,16,10,True,12,15.0,True,1.35,200.0,4.5,2.0,120.0,0.25
196,5598.52,1.509,22.45,2459.33,38.89,28,72,16,10,True,12,15.0,True,1.35,250.0,4.5,2.0,120.0,0.25
194,5455.03,1.509,23.71,2661.29,37.5,27,72,12,14,True,12,25.0,True,1.35,250.0,4.0,2.0,120.0,0.25
109,3504.59,1.509,25.69,1150.04,29.17,21,72,24,10,False,16,35.0,True,1.35,200.0,3.5,2.0,120.0,0.25
109,3504.59,1.509,25.69,1150.04,29.17,21,72,24,10,False,16,35.0,True,1.35,250.0,3.5,2.0,120.0,0.25
231,5902.09,1.508,21.21,1079.04,38.89,28,72,12,10,True,12,15.0,True,1.4,250.0,4.0,2.0,120.0,0.25
259,6789.35,1.507,25.87,3292.54,44.44,32,72,16,14,True,12,25.0,False,1.4,200.0,4.5,2.5,120.0,0.25
265,6594.73,1.507,30.19,1185.95,47.22,34,72,24,10,True,16,15.0,False,1.4,200.0,3.5,2.5,120.0,0.25
197,5552.69,1.507,21.83,2459.33,38.89,28,72,16,10,True,12,25.0,True,1.35,200.0,4.5,2.0,120.0,0.25
197,5552.69,1.507,21.83,2459.33,38.89,28,72,16,10,True,12,25.0,True,1.35,250.0,4.5,2.0,120.0,0.25
293,7051.18,1.506,30.38,1203.22,47.22,34,72,24,14,True,12,15.0,False,1.4,250.0,3.5,2.5,120.0,0.25
228,5724.12,1.506,24.56,1018.94,44.44,32,72,12,10,True,16,25.0,True,1.4,250.0,3.5,2.0,120.0,0.25
195,5399.28,1.506,24.1,2453.43,37.5,27,72,16,14,True,16,15.0,True,1.35,250.0,4.0,2.0,120.0,0.25
114,3819.7,1.506,27.19,2626.27,27.78,20,72,16,14,False,16,35.0,True,1.35,250.0,4.0,2.0,120.0,0.25
269,6594.96,1.505,28.62,1185.95,48.61,35,72,12,14,True,12,25.0,False,1.4,200.0,3.5,2.5,120.0,0.25
234,5740.28,1.505,24.36,849.87,45.83,33,72,24,14,True,12,25.0,True,1.4,250.0,3.5,2.0,120.0,0.25
222,5379.0,1.505,25.23,1349.63,47.22,34,72,12,10,True,12,35.0,True,1.4,200.0,3.5,2.0,120.0,0.25
383,7019.54,1.503,24.02,1124.93,44.44,32,72,12,10,True,16,15.0,False,1.4,250.0,4.5,2.0,120.0,0.25
266,6836.78,1.503,26.69,2358.23,43.06,31,72,12,14,True,12,25.0,False,1.4,250.0,4.0,2.5,120.0,0.25
186,5243.53,1.503,23.66,2652.61,37.5,27,72,12,14,True,16,35.0,True,1.35,250.0,4.0,2.0,120.0,0.25
250,6329.32,1.502,30.8,1307.9,47.22,34,72,12,14,False,16,35.0,False,1.4,250.0,3.5,2.5,120.0,0.25
194,5501.21,1.502,22.16,2340.23,38.89,28,72,12,14,True,16,25.0,True,1.35,250.0,4.5,2.0,120.0,0.25
131,4105.96,1.502,25.19,1665.08,34.72,25,72,24,14,False,16,25.0,True,1.4,200.0,3.5,2.0,120.0,0.25
261,6465.53,1.501,28.74,1185.95,48.61,35,72,12,14,True,16,15.0,False,1.4,200.0,3.5,2.5,120.0,0.25
236,5713.13,1.501,24.58,821.72,47.22,34,72,24,10,True,12,25.0,True,1.4,250.0,3.5,2.0,120.0,0.25
232,5710.12,1.501,24.57,1018.94,44.44,32,72,12,14,True,16,25.0,True,1.4,250.0,3.5,2.0,120.0,0.25
196,5342.22,1.501,23.47,2495.86,37.5,27,72,16,10,True,16,25.0,True,1.35,250.0,4.0,2.0,120.0,0.25
142,4270.23,1.501,26.06,1632.5,36.11,26,72,24,10,False,16,25.0,True,1.4,200.0,3.5,2.0,120.0,0.25
234,5715.77,1.5,25.21,1351.43,44.44,32,72,16,10,True,12,35.0,True,1.4,250.0,3.5,2.0,120.0,0.25
231,5648.66,1.5,24.68,1018.94,44.44,32,72,12,14,True,16,15.0,True,1.4,250.0,3.5,2.0,120.0,0.25
223,5438.92,1.5,25.11,1351.43,45.83,33,72,16,10,True,12,35.0,True,1.4,200.0,3.5,2.0,120.0,0.25
196,5356.85,1.5,23.98,2495.86,37.5,27,72,16,10,True,16,15.0,True,1.35,250.0,4.0,2.0,120.0,0.25
259,6685.52,1.499,26.64,2648.43,48.61,35,72,12,14,True,12,35.0,False,1.4,250.0,4.5,2.5,120.0,0.25
236,5695.88,1.499,24.58,849.87,45.83,33,72,24,14,True,12,15.0,True,1.4,250.0,3.5,2.0,120.0,0.25
272,6809.21,1.498,27.21,2397.22,41.67,30,72,16,14,True,12,25.0,False,1.4,250.0,4.0,2.5,120.0,0.25
278,6538.26,1.498,30.22,1716.52,48.61,35,72,12,10,False,16,25.0,False,1.4,250.0,3.5,2.5,120.0,0.25
226,5728.48,1.498,21.24,1078.26,38.89,28,72,12,14,True,12,25.0,True,1.4,250.0,4.0,2.0,120.0,0.25
188,5080.65,1.498,23.94,2453.43,37.5,27,72,16,14,True,16,25.0,True,1.35,200.0,4.0,2.0,120.0,0.25
101,3929.81,1.498,26.73,2873.4,29.17,21,72,16,14,False,16,35.0,True,1.35,200.0,3.5,2.5,120.0,0.25
271,6803.18,1.497,29.89,1585.58,43.06,31,72,16,10,True,12,15.0,False,1.4,200.0,4.0,2.5,120.0,0.25
226,5694.77,1.497,21.68,1018.94,37.5,27,72,12,14,True,12,35.0,True,1.4,250.0,4.0,2.0,120.0,0.25
237,5681.91,1.497,24.47,850.66,45.83,33,72,24,10,True,12,15.0,True,1.4,250.0,3.5,2.0,120.0,0.25
196,5461.97,1.497,21.94,2482.1,38.89,28,72,12,14,True,12,25.0,True,1.35,200.0,4.5,2.0,120.0,0.25
369,6751.12,1.496,23.31,1106.98,44.44,32,72,12,14,True,16,15.0,False,1.4,200.0,4.5,2.0,120.0,0.25
229,5644.25,1.496,24.45,1018.94,44.44,32,72,12,14,True,16,35.0,True,1.4,250.0,3.5,2.0,120.0,0.25
233,5661.9,1.495,24.46,1018.94,44.44,32,72,12,10,True,16,15.0,True,1.4,250.0,3.5,2.0,120.0,0.25
188,5302.58,1.495,22.34,2541.45,36.11,26,72,16,14,True,12,35.0,True,1.35,250.0,4.5,2.0,120.0,0.25
230,5628.4,1.494,24.35,1305.26,45.83,33,72,12,10,True,16,35.0,True,1.4,250.0,3.5,2.0,120.0,0.25
357,6251.85,1.493,29.97,1299.63,50.0,36,72,16,10,False,16,25.0,False,1.4,200.0,3.5,2.0,120.0,0.25
188,5048.22,1.493,23.94,2453.43,37.5,27,72,16,14,True,16,15.0,True,1.35,200.0,4.0,2.0,120.0,0.25
113,3739.03,1.493,27.43,1162.53,30.56,22,72,16,10,False,16,25.0,True,1.35,200.0,4.0,2.0,120.0,0.25
362,6790.32,1.492,24.86,915.01,48.61,35,72,16,14,False,16,15.0,False,1.4,250.0,4.5,2.0,120.0,0.25
267,6707.41,1.492,25.47,3195.39,44.44,32,72,16,14,True,12,25.0,False,1.4,250.0,4.5,2.5,120.0,0.25
187,5076.32,1.492,23.53,2661.29,37.5,27,72,12,14,True,12,25.0,True,1.35,200.0,4.0,2.0,120.0,0.25
198,5445.5,1.49,22.22,2482.1,38.89,28,72,12,14,True,12,15.0,True,1.35,200.0,4.5,2.0,120.0,0.25
198,5445.5,1.49,22.22,2482.1,38.89,28,72,12,14,True,12,15.0,True,1.35,250.0,4.5,2.0,120.0,0.25
98,3893.29,1.49,24.49,1267.29,25.0,18,72,24,14,False,16,35.0,True,1.35,250.0,3.5,2.5,120.0,0.25
275,6691.67,1.489,27.64,1838.45,44.44,32,72,16,10,True,16,15.0,False,1.4,250.0,4.0,2.5,120.0,0.25
131,4124.6,1.489,31.3,1374.18,40.28,29,72,12,10,False,16,15.0,True,1.35,200.0,3.5,2.0,120.0,0.25
230,6286.79,1.488,25.22,1737.42,38.89,28,72,16,14,False,16,35.0,False,1.4,200.0,4.5,2.5,120.0,0.25
230,6286.79,1.488,25.22,1737.42,38.89,28,72,16,14,False,16,35.0,False,1.4,250.0,4.5,2.5,120.0,0.25
189,4991.16,1.488,23.28,2495.86,37.5,27,72,16,10,True,16,25.0,True,1.35,200.0,4.0,2.0,120.0,0.25
388,6817.89,1.487,23.71,987.08,47.22,34,72,24,10,True,16,15.0,False,1.4,200.0,4.5,2.0,120.0,0.25
198,5267.81,1.487,23.74,2595.3,36.11,26,72,16,14,True,12,25.0,True,1.35,250.0,4.0,2.0,120.0,0.25
189,5005.79,1.487,23.81,2495.86,37.5,27,72,16,10,True,16,15.0,True,1.35,200.0,4.0,2.0,120.0,0.25
186,4879.87,1.487,25.27,2582.44,41.67,30,72,12,10,True,16,35.0,True,1.35,200.0,3.5,2.0,120.0,0.25
407,6968.82,1.486,24.08,966.94,47.22,34,72,12,14,True,12,15.0,False,1.4,200.0,4.5,2.0,120.0,0.25
286,6569.51,1.486,32.17,1687.5,48.61,35,72,16,10,True,16,25.0,False,1.4,250.0,3.5,2.5,120.0,0.25
283,5913.12,1.486,27.56,1432.67,50.0,36,72,16,10,False,16,35.0,False,1.4,200.0,4.0,2.0,120.0,0.25
179,4864.83,1.486,23.46,2652.61,37.5,27,72,12,14,True,16,35.0,True,1.35,200.0,4.0,2.0,120.0,0.25
131,4292.09,1.486,19.85,2034.07,27.78,20,72,24,14,False,16,25.0,True,1.4,200.0,4.5,2.0,120.0,0.25
131,4292.09,1.486,19.85,2034.07,27.78,20,72,24,14,False,16,25.0,True,1.4,250.0,4.5,2.0,120.0,0.25
144,4182.69,1.486,25.69,1632.5,36.11,26,72,24,10,False,16,25.0,True,1.4,250.0,3.5,2.0,120.0,0.25
298,6122.22,1.485,27.18,911.82,47.22,34,72,24,10,False,16,35.0,False,1.4,250.0,4.0,2.0,120.0,0.25
231,5922.41,1.485,25.11,1448.38,45.83,33,72,24,10,False,16,25.0,False,1.4,200.0,4.0,2.5,120.0,0.25
231,5922.41,1.485,25.11,1448.38,45.83,33,72,24,10,False,16,25.0,False,1.4,250.0,4.0,2.5,120.0,0.25
188,5185.24,1.485,21.81,2490.17,36.11,26,72,12,14,True,16,35.0,True,1.35,200.0,4.5,2.0,120.0,0.25
227,5436.58,1.484,25.11,1020.53,44.44,32,72,16,14,True,16,25.0,True,1.4,250.0,3.5,2.0,120.0,0.25
189,5049.23,1.484,23.81,2661.29,37.5,27,72,12,14,True,12,15.0,True,1.35,200.0,4.0,2.0,120.0,0.25
182,4703.46,1.484,25.82,2518.83,43.06,31,72,16,10,True,16,35.0,True,1.35,200.0,3.5,2.0,120.0,0.25
122,4539.1,1.484,23.77,1525.46,30.56,22,72,24,14,False,16,25.0,True,1.4,200.0,3.5,2.5,120.0,0.25
106,3379.72,1.484,32.08,990.34,31.94,23,72,16,10,False,16,35.0,True,1.35,200.0,3.5,2.0,120.0,0.25
106,3379.72,1.484,32.08,990.34,31.94,23,72,16,10,False,16,35.0,True,1.35,250.0,3.5,2.0,120.0,0.25
309,6164.24,1.483,29.77,1551.64,47.22,34,72,16,10,False,16,35.0,False,1.4,250.0,3.5,2.0,120.0,0.25
224,5408.14,1.483,25.0,1020.53,44.44,32,72,16,10,True,16,25.0,True,1.4,250.0,3.5,2.0,120.0,0.25
188,5101.66,1.483,23.4,2794.48,36.11,26,72,12,14,True,12,35.0,True,1.35,250.0,4.0,2.0,120.0,0.25
197,5349.32,1.482,21.83,2482.89,38.89,28,72,12,10,True,12,15.0,True,1.35,200.0,4.5,2.0,120.0,0.25
197,5349.32,1.482,21.83,2482.89,38.89,28,72,12,10,True,12,15.0,True,1.35,250.0,4.5,2.0,120.0,0.25
190,5062.1,1.482,23.68,2546.57,36.11,26,72,16,14,True,16,35.0,True,1.35,250.0,4.0,2.0,120.0,0.25
192,4957.74,1.482,26.04,2661.49,41.67,30,72,16,10,True,12,35.0,True,1.35,250.0,3.5,2.0,120.0,0.25
113,3502.91,1.481,31.86,2072.13,29.17,21,72,16,14,False,16,35.0,True,1.35,250.0,3.5,2.0,120.0,0.25
291,6633.89,1.48,30.93,1185.95,47.22,34,72,16,14,True,12,15.0,False,1.4,250.0,3.5,2.5,120.0,0.25
266,6493.93,1.48,24.06,2752.9,44.44,32,72,16,14,True,16,25.0,False,1.4,200.0,4.5,2.5,120.0,0.25
266,6493.93,1.48,24.06,2752.9,44.44,32,72,16,14,True,16,25.0,False,1.4,250.0,4.5,2.5,120.0,0.25
255,6204.12,1.48,32.16,1588.2,48.61,35,72,12,10,False,16,35.0,False,1.4,250.0,3.5,2.5,120.0,0.25
227,5404.14,1.48,25.11,1020.53,44.44,32,72,16,14,True,16,15.0,True,1.4,250.0,3.5,2.0,120.0,0.25
197,5337.31,1.48,21.83,2482.1,38.89,28,72,12,14,True,12,25.0,True,1.35,250.0,4.5,2.0,120.0,0.25
251,6361.45,1.479,25.1,3424.59,44.44,32,72,12,14,True,12,25.0,False,1.4,200.0,4.5,2.5,120.0,0.25
236,5592.98,1.479,24.15,1448.83,44.44,32,72,24,10,True,16,35.0,True,1.4,250.0,3.5,2.0,120.0,0.25
198,5303.49,1.479,21.21,2482.89,38.89,28,72,12,10,True,12,25.0,True,1.35,200.0,4.5,2.0,120.0,0.25
198,5303.49,1.479,21.21,2482.89,38.89,28,72,12,10,True,12,25.0,True,1.35,250.0,4.5,2.0,120.0,0.25
392,6716.42,1.478,23.98,1095.25,43.06,31,72,12,10,True,16,25.0,False,1.4,250.0,4.5,2.0,120.0,0.25
225,5371.48,1.478,24.89,1020.53,44.44,32,72,16,14,True,16,35.0,True,1.4,250.0,3.5,2.0,120.0,0.25
225,5316.12,1.478,24.0,1448.83,45.83,33,72,24,10,True,16,35.0,True,1.4,200.0,3.5,2.0,120.0,0.25
362,6378.97,1.477,22.93,1194.78,44.44,32,72,16,14,True,12,25.0,False,1.4,200.0,4.5,2.0,120.0,0.25
188,4949.05,1.477,22.87,2662.07,37.5,27,72,12,10,True,12,25.0,True,1.35,200.0,4.0,2.0,120.0,0.25
114,3654.05,1.477,27.19,1247.51,30.56,22,72,16,10,False,16,25.0,True,1.35,250.0,4.0,2.0,120.0,0.25
188,4963.68,1.476,23.4,2662.07,37.5,27,72,12,10,True,12,15.0,True,1.35,200.0,4.0,2.0,120.0,0.25
389,6303.05,1.475,28.79,921.77,50.0,36,72,16,14,False,16,15.0,False,1.4,200.0,3.5,2.0,120.0,0.25
245,5873.44,1.475,30.61,1307.9,47.22,34,72,12,14,False,16,35.0,False,1.4,200.0,3.5,2.5,120.0,0.25
129,4075.41,1.475,20.93,1579.5,30.56,22,72,24,14,False,16,25.0,True,1.4,200.0,4.0,2.0,120.0,0.25
129,4075.41,1.475,20.93,1579.5,30.56,22,72,24,14,False,16,25.0,True,1.4,250.0,4.0,2.0,120.0,0.25
272,6549.5,1.474,26.1,1858.54,44.44,32,72,16,14,True,16,15.0,False,1.4,250.0,4.0,2.5,120.0,0.25
401,6534.7,1.474,28.93,947.69,48.61,35,72,16,14,False,16,15.0,False,1.4,250.0,3.5,2.0,120.0,0.25
191,4916.75,1.474,23.56,2595.3,36.11,26,72,16,14,True,12,25.0,True,1.35,200.0,4.0,2.0,120.0,0.25
234,5712.89,1.473,29.91,1436.34,43.06,31,72,24,14,False,16,35.0,False,1.4,250.0,3.5,2.5,120.0,0.25
225,5322.71,1.473,24.89,1307.07,44.44,32,72,16,10,True,16,35.0,True,1.4,250.0,3.5,2.0,120.0,0.25
229,5345.93,1.472,24.89,1020.53,44.44,32,72,16,10,True,16,15.0,True,1.4,250.0,3.5,2.0,120.0,0.25
199,5156.53,1.472,23.62,2595.3,36.11,26,72,16,14,True,12,15.0,True,1.35,250.0,4.0,2.0,120.0,0.25
270,6463.05,1.471,27.41,1831.88,44.44,32,72,24,10,True,16,15.0,False,1.4,250.0,4.0,2.5,120.0,0.25
407,6783.22,1.469,23.83,966.94,47.22,34,72,12,14,True,12,15.0,False,1.4,250.0,4.5,2.0,120.0,0.25
109,4087.28,1.469,23.85,1303.51,29.17,21,72,24,14,False,16,15.0,True,1.35,200.0,3.5,2.5,120.0,0.25
189,5060.58,1.468,21.69,2490.17,36.11,26,72,12,14,True,16,35.0,True,1.35,250.0,4.5,2.0,120.0,0.25
183,4711.04,1.468,23.5,2546.57,36.11,26,72,16,14,True,16,35.0,True,1.35,200.0,4.0,2.0,120.0,0.25
272,6419.17,1.467,27.21,1845.31,43.06,31,72,12,10,True,16,15.0,False,1.4,250.0,4.0,2.5,120.0,0.25
267,6262.23,1.467,28.09,2244.58,47.22,34,72,16,14,True,16,35.0,False,1.4,200.0,4.0,2.5,120.0,0.25
267,6262.23,1.467,28.09,2244.58,47.22,34,72,16,14,True,16,35.0,False,1.4,250.0,4.0,2.5,120.0,0.25
223,5736.39,1.466,24.66,2496.5,37.5,27,72,16,14,False,16,25.0,False,1.4,200.0,4.5,2.5,120.0,0.25
223,5736.39,1.466,24.66,2496.5,37.5,27,72,16,14,False,16,25.0,False,1.4,250.0,4.5,2.5,120.0,0.25
190,5043.37,1.466,21.58,2632.05,36.11,26,72,12,14,True,12,35.0,True,1.35,200.0,4.5,2.0,120.0,0.25
419,6827.65,1.465,23.87,1191.2,47.22,34,72,24,14,True,12,15.0,False,1.4,250.0,4.5,2.0,120.0,0.25
291,6258.95,1.465,29.55,1975.45,48.61,35,72,12,14,True,16,35.0,False,1.4,250.0,3.5,2.5,120.0,0.25
181,4722.95,1.465,23.2,2794.48,36.11,26,72,12,14,True,12,35.0,True,1.35,200.0,4.0,2.0,120.0,0.25
115,4326.73,1.465,21.74,1375.7,26.39,19,72,24,10,False,16,15.0,True,1.35,200.0,4.0,2.5,120.0,0.25
115,4326.73,1.465,21.74,1375.7,26.39,19,72,24,10,False,16,15.0,True,1.35,250.0,4.0,2.5,120.0,0.25
114,3738.76,1.465,20.18,1136.81,25.0,18,72,24,14,False,16,15.0,True,1.35,200.0,4.5,2.0,120.0,0.25
114,3738.76,1.465,20.18,1136.81,25.0,18,72,24,14,False,16,15.0,True,1.35,250.0,4.5,2.0,120.0,0.25
259,6279.51,1.464,24.71,3327.45,44.44,32,72,12,14,True,12,25.0,False,1.4,250.0,4.5,2.5,120.0,0.25
232,5331.12,1.464,24.57,1020.53,44.44,32,72,16,14,True,12,35.0,True,1.4,250.0,3.5,2.0,120.0,0.25
192,4805.79,1.464,25.52,2582.44,40.28,29,72,12,10,True,16,35.0,True,1.35,250.0,3.5,2.0,120.0,0.25
345,5989.08,1.463,22.61,1323.34,44.44,32,72,12,14,True,16,25.0,False,1.4,200.0,4.5,2.0,120.0,0.25
134,4727.97,1.463,20.9,1740.29,29.17,21,72,24,10,False,16,15.0,True,1.4,200.0,4.0,2.5,120.0,0.25
134,4727.97,1.463,20.9,1740.29,29.17,21,72,24,10,False,16,15.0,True,1.4,250.0,4.0,2.5,120.0,0.25
219,4953.67,1.462,24.66,1018.94,44.44,32,72,12,14,True,12,35.0,True,1.4,200.0,3.5,2.0,120.0,0.25
192,4920.23,1.462,23.44,2688.44,34.72,25,72,16,14,True,12,35.0,True,1.35,250.0,4.0,2.0,120.0,0.25
417,6582.46,1.461,25.66,1205.87,48.61,35,72,24,10,True,16,25.0,False,1.4,250.0,4.0,2.0,120.0,0.25
221,5046.51,1.461,24.43,1020.53,45.83,33,72,16,14,True,12,35.0,True,1.4,200.0,3.5,2.0,120.0,0.25
222,4947.43,1.46,24.77,1018.94,45.83,33,72,12,10,True,12,25.0,True,1.4,200.0,3.5,2.0,120.0,0.25
192,4723.75,1.46,26.56,2516.45,40.28,29,72,16,14,True,16,25.0,True,1.35,250.0,3.5,2.0,120.0,0.25
225,5721.18,1.459,24.44,1672.62,40.28,29,72,12,14,False,16,25.0,False,1.4,200.0,4.5,2.5,120.0,0.25
225,5721.18,1.459,24.44,1672.62,40.28,29,72,12,14,False,16,25.0,False,1.4,250.0,4.5,2.5,120.0,0.25
232,5541.82,1.459,20.69,1648.35,38.89,28,72,16,14,True,12,25.0,True,1.4,250.0,4.5,2.0,120.0,0.25
273,5838.92,1.458,29.67,1652.84,48.61,35,72,12,10,False,16,25.0,False,1.4,200.0,3.5,2.5,120.0,0.25
217,5455.84,1.458,26.73,1156.44,41.67,30,72,24,14,False,16,35.0,False,1.4,200.0,4.0,2.5,120.0,0.25
236,5288.73,1.458,24.58,1020.53,44.44,32,72,16,10,True,12,25.0,True,1.4,250.0,3.5,2.0,120.0,0.25
192,4805.47,1.458,23.44,2595.3,36.11,26,72,16,14,True,12,15.0,True,1.35,200.0,4.0,2.0,120.0,0.25
189,4682.92,1.458,26.46,2592.85,40.28,29,72,16,14,True,16,35.0,True,1.35,250.0,3.5,2.0,120.0,0.25
382,6408.96,1.457,23.56,987.08,45.83,33,72,16,10,True,16,15.0,False,1.4,200.0,4.5,2.0,120.0,0.25
267,6320.87,1.456,25.84,1851.97,44.44,32,72,24,14,True,16,15.0,False,1.4,250.0,4.0,2.5,120.0,0.25
201,5012.15,1.456,22.89,2638.52,36.11,26,72,16,10,True,12,25.0,True,1.35,250.0,4.0,2.0,120.0,0.25
225,5011.88,1.456,24.44,1020.53,45.83,33,72,16,10,True,12,25.0,True,1.4,200.0,3.5,2.0,120.0,0.25
292,6233.49,1.455,30.48,2366.07,47.22,34,72,16,10,True,16,35.0,False,1.4,250.0,3.5,2.5,120.0,0.25
233,5486.64,1.455,21.03,1462.77,37.5,27,72,16,14,True,12,35.0,True,1.4,250.0,4.5,2.0,120.0,0.25
201,5026.78,1.455,23.38,2638.52,36.11,26,72,16,10,True,12,15.0,True,1.35,250.0,4.0,2.0,120.0,0.25
192,4691.32,1.455,26.56,2516.45,40.28,29,72,16,14,True,16,15.0,True,1.35,250.0,3.5,2.0,120.0,0.25
189,4658.36,1.455,24.87,2725.1,41.67,30,72,12,10,True,12,35.0,True,1.35,200.0,3.5,2.0,120.0,0.25
426,6650.13,1.454,25.12,1202.13,48.61,35,72,24,10,True,12,15.0,False,1.4,200.0,4.5,2.0,120.0,0.25
284,6266.05,1.454,28.17,1585.87,44.44,32,72,12,10,True,16,25.0,False,1.4,200.0,4.0,2.5,120.0,0.25
292,6223.55,1.454,30.48,2366.07,47.22,34,72,12,10,True,16,35.0,False,1.4,250.0,3.5,2.5,120.0,0.25
403,6566.57,1.453,24.07,1177.38,47.22,34,72,16,14,True,12,15.0,False,1.4,250.0,4.5,2.0,120.0,0.25
280,6406.49,1.453,28.21,1965.14,41.67,30,72,24,14,True,12,15.0,False,1.4,250.0,4.0,2.5,120.0,0.25
108,3308.74,1.453,20.37,1166.87,25.0,18,72,24,10,False,16,35.0,True,1.35,200.0,4.0,2.0,120.0,0.25
108,3308.74,1.453,20.37,1166.87,25.0,18,72,24,10,False,16,35.0,True,1.35,250.0,4.0,2.0,120.0,0.25
256,6040.96,1.452,26.17,2182.12,45.83,33,72,16,10,True,16,35.0,False,1.4,250.0,4.5,2.5,120.0,0.25
256,6037.79,1.452,26.17,2182.12,45.83,33,72,12,10,True,16,35.0,False,1.4,250.0,4.5,2.5,120.0,0.25
258,6064.41,1.451,23.26,2884.95,44.44,32,72,12,14,True,16,25.0,False,1.4,200.0,4.5,2.5,120.0,0.25
258,6064.41,1.451,23.26,2884.95,44.44,32,72,12,14,True,16,25.0,False,1.4,250.0,4.5,2.5,120.0,0.25
193,4643.4,1.451,25.91,2558.89,40.28,29,72,16,10,True,16,25.0,True,1.35,250.0,3.5,2.0,120.0,0.25
185,4481.95,1.451,25.41,2661.49,43.06,31,72,16,10,True,12,35.0,True,1.35,200.0,3.5,2.0,120.0,0.25
407,6294.01,1.45,28.26,915.01,50.0,36,72,16,10,False,16,15.0,False,1.4,250.0,4.0,2.0,120.0,0.25
251,5872.77,1.45,25.5,1687.86,43.06,31,72,24,10,False,16,15.0,False,1.4,250.0,4.0,2.5,120.0,0.25
363,6008.35,1.449,25.34,1133.62,47.22,34,72,12,10,True,16,35.0,False,1.4,250.0,4.0,2.0,120.0,0.25
285,5877.76,1.449,30.88,1103.22,47.22,34,72,16,10,False,16,15.0,False,1.4,200.0,3.5,2.5,120.0,0.25
191,4918.71,1.449,21.47,2632.05,36.11,26,72,12,14,True,12,35.0,True,1.35,250.0,4.5,2.0,120.0,0.25
193,4648.89,1.449,26.42,2558.89,40.28,29,72,16,10,True,16,15.0,True,1.35,250.0,3.5,2.0,120.0,0.25
363,5994.84,1.448,25.34,1158.39,47.22,34,72,16,10,True,16,35.0,False,1.4,250.0,4.0,2.0,120.0,0.25
233,5065.56,1.448,24.03,1509.59,45.83,33,72,24,10,True,12,35.0,True,1.4,200.0,3.5,2.0,120.0,0.25
185,4569.17,1.448,23.24,2688.44,34.72,25,72,16,14,True,12,35.0,True,1.35,200.0,4.0,2.0,120.0,0.25
141,4089.3,1.448,20.57,1491.45,27.78,20,72,24,10,False,16,25.0,True,1.4,200.0,4.5,2.0,120.0,0.25
141,4089.3,1.448,20.57,1491.45,27.78,20,72,24,10,False,16,25.0,True,1.4,250.0,4.5,2.0,120.0,0.25
363,5980.13,1.447,25.34,1158.39,47.22,34,72,24,10,True,16,35.0,False,1.4,250.0,4.0,2.0,120.0,0.25
113,3374.95,1.447,26.55,2626.27,27.78,20,72,16,14,False,16,35.0,True,1.35,200.0,4.0,2.0,120.0,0.25
259,5861.73,1.446,27.03,1345.09,43.06,31,72,16,10,False,16,15.0,False,1.4,250.0,4.0,2.5,120.0,0.25
269,6172.26,1.445,25.65,1865.4,43.06,31,72,12,14,True,16,15.0,False,1.4,250.0,4.0,2.5,120.0,0.25
284,5954.28,1.444,29.93,2366.07,47.22,34,72,16,10,True,16,35.0,False,1.4,200.0,3.5,2.5,120.0,0.25
286,5952.33,1.444,29.37,1995.66,48.61,35,72,12,14,True,16,35.0,False,1.4,200.0,3.5,2.5,120.0,0.25
392,6022.04,1.443,28.06,915.01,51.39,37,72,16,10,False,16,15.0,False,1.4,200.0,4.0,2.0,120.0,0.25
284,5944.34,1.443,29.93,2366.07,47.22,34,72,12,10,True,16,35.0,False,1.4,200.0,3.5,2.5,120.0,0.25
254,5882.27,1.441,25.59,2182.12,45.83,33,72,16,10,True,16,35.0,False,1.4,200.0,4.5,2.5,120.0,0.25
254,5879.11,1.441,25.59,2182.12,45.83,33,72,12,10,True,16,35.0,False,1.4,200.0,4.5,2.5,120.0,0.25
194,4661.1,1.441,22.68,2638.52,36.11,26,72,16,10,True,12,25.0,True,1.35,200.0,4.0,2.0,120.0,0.25
97,3500.35,1.441,23.71,1267.29,25.0,18,72,24,14,False,16,35.0,True,1.35,200.0,3.5,2.5,120.0,0.25
380,5950.11,1.44,24.21,1428.91,47.22,34,72,24,14,True,16,25.0,False,1.4,250.0,4.0,2.0,120.0,0.25
252,5379.31,1.44,27.78,1472.86,47.22,34,72,24,14,False,16,25.0,False,1.4,200.0,3.5,2.5,120.0,0.25
194,4675.72,1.44,23.2,2638.52,36.11,26,72,16,10,True,12,15.0,True,1.35,200.0,4.0,2.0,120.0,0.25
113,3254.82,1.44,31.86,1115.41,31.94,23,72,16,10,False,16,25.0,True,1.35,200.0,3.5,2.0,120.0,0.25
113,3254.82,1.44,31.86,1115.41,31.94,23,72,16,10,False,16,25.0,True,1.35,250.0,3.5,2.0,120.0,0.25
434,6278.22,1.438,26.04,923.91,48.61,35,72,24,14,True,12,15.0,False,1.4,200.0,4.0,2.0,120.0,0.25
409,6121.85,1.438,25.43,1205.87,48.61,35,72,24,10,True,16,25.0,False,1.4,200.0,4.0,2.0,120.0,0.25
191,4541.05,1.438,26.18,2734.72,40.28,29,72,16,14,True,12,35.0,True,1.35,250.0,3.5,2.0,120.0,0.25
195,4559.85,1.437,26.15,2658.33,40.28,29,72,16,14,True,12,25.0,True,1.35,250.0,3.5,2.0,120.0,0.25
139,3862.39,1.436,21.58,1546.92,30.56,22,72,24,10,False,16,25.0,True,1.4,200.0,4.0,2.0,120.0,0.25
139,3862.39,1.436,21.58,1546.92,30.56,22,72,24,10,False,16,25.0,True,1.4,250.0,4.0,2.0,120.0,0.25
397,6302.31,1.435,23.93,1081.38,45.83,33,72,24,10,True,16,15.0,False,1.4,250.0,4.5,2.0,120.0,0.25
391,6114.55,1.435,24.04,910.09,44.44,32,72,24,10,True,16,25.0,False,1.4,200.0,4.5,2.0,120.0,0.25
288,5941.43,1.435,28.47,1103.22,41.67,30,72,16,14,False,16,15.0,False,1.4,250.0,3.5,2.5,120.0,0.25
190,4463.14,1.435,25.79,2582.44,40.28,29,72,12,14,True,16,15.0,True,1.35,200.0,3.5,2.0,120.0,0.25
219,5261.59,1.434,26.48,1350.69,41.67,30,72,24,14,False,16,35.0,False,1.4,250.0,4.0,2.5,120.0,0.25
402,6226.24,1.433,24.13,910.09,44.44,32,72,24,10,True,16,25.0,False,1.4,250.0,4.5,2.0,120.0,0.25
229,4964.86,1.433,23.58,1166.53,43.06,31,72,16,14,True,12,25.0,True,1.4,250.0,3.5,2.0,120.0,0.25
195,4584.28,1.433,25.13,2725.1,40.28,29,72,12,10,True,12,35.0,True,1.35,250.0,3.5,2.0,120.0,0.25
189,4422.0,1.433,25.4,2582.44,40.28,29,72,12,14,True,16,25.0,True,1.35,200.0,3.5,2.0,120.0,0.25
260,5802.88,1.431,28.08,2732.22,47.22,34,72,24,14,True,16,35.0,False,1.4,200.0,4.0,2.5,120.0,0.25
260,5802.88,1.431,28.08,2732.22,47.22,34,72,24,14,True,16,35.0,False,1.4,250.0,4.0,2.5,120.0,0.25
262,5883.18,1.43,26.34,2199.75,45.83,33,72,24,10,True,16,35.0,False,1.4,250.0,4.5,2.5,120.0,0.25
390,5680.42,1.43,30.26,915.01,52.78,38,72,16,10,False,16,15.0,False,1.4,200.0,3.5,2.0,120.0,0.25
231,4950.57,1.43,23.81,1166.53,43.06,31,72,16,14,True,12,15.0,True,1.4,250.0,3.5,2.0,120.0,0.25
189,4384.07,1.43,24.87,2582.44,40.28,29,72,12,10,True,16,25.0,True,1.35,200.0,3.5,2.0,120.0,0.25
186,4374.88,1.43,25.27,2698.89,40.28,29,72,12,14,True,16,35.0,True,1.35,200.0,3.5,2.0,120.0,0.25
356,5687.82,1.429,23.6,1079.98,51.39,37,72,24,14,False,16,15.0,False,1.4,250.0,4.5,2.0,120.0,0.25
218,4680.24,1.429,23.39,1166.53,44.44,32,72,16,14,True,12,25.0,True,1.4,200.0,3.5,2.0,120.0,0.25
217,4588.18,1.429,23.5,1164.93,44.44,32,72,12,14,True,12,25.0,True,1.4,200.0,3.5,2.0,120.0,0.25
289,5351.3,1.428,26.3,921.62,43.06,31,72,16,10,False,16,35.0,False,1.4,250.0,4.5,2.0,120.0,0.25
189,4389.57,1.428,25.4,2582.44,40.28,29,72,12,10,True,16,15.0,True,1.35,200.0,3.5,2.0,120.0,0.25
185,4247.97,1.428,25.95,2516.45,41.67,30,72,16,14,True,16,25.0,True,1.35,200.0,3.5,2.0,120.0,0.25
232,5135.61,1.427,20.69,1648.35,38.89,28,72,16,14,True,12,15.0,True,1.4,250.0,4.5,2.0,120.0,0.25
421,6034.84,1.426,26.13,917.22,47.22,34,72,16,14,True,12,15.0,False,1.4,200.0,4.0,2.0,120.0,0.25
182,4207.14,1.426,25.82,2592.85,41.67,30,72,16,14,True,16,35.0,True,1.35,200.0,3.5,2.0,120.0,0.25
409,5848.35,1.425,24.69,1150.8,50.0,36,72,24,14,True,16,15.0,False,1.4,200.0,4.0,2.0,120.0,0.25
292,5290.13,1.425,26.71,911.82,47.22,34,72,24,10,False,16,35.0,False,1.4,200.0,4.0,2.0,120.0,0.25
220,4665.96,1.425,23.64,1166.53,44.44,32,72,16,14,True,12,15.0,True,1.4,200.0,3.5,2.0,120.0,0.25
371,5574.37,1.424,23.99,1283.31,47.22,34,72,24,14,True,16,25.0,False,1.4,200.0,4.0,2.0,120.0,0.25
148,3756.03,1.424,25.0,1638.73,34.72,25,72,24,10,False,16,15.0,True,1.4,200.0,3.5,2.0,120.0,0.25
149,3754.04,1.424,24.83,1638.73,34.72,25,72,24,10,False,16,15.0,True,1.4,250.0,3.5,2.0,120.0,0.25
385,5528.29,1.423,26.75,1877.88,48.61,35,72,24,14,True,16,25.0,False,1.4,250.0,3.5,2.0,120.0,0.25
185,4215.54,1.423,25.95,2516.45,41.67,30,72,16,14,True,16,15.0,True,1.35,200.0,3.5,2.0,120.0,0.25
284,5892.31,1.422,29.93,1185.95,45.83,33,72,12,14,True,12,15.0,False,1.4,250.0,3.5,2.5,120.0,0.25
354,5686.11,1.422,22.88,1036.81,41.67,30,72,16,10,True,16,35.0,False,1.4,250.0,4.5,2.0,120.0,0.25
342,5499.86,1.422,22.22,1186.5,43.06,31,72,16,14,True,16,25.0,False,1.4,200.0,4.5,2.0,120.0,0.25
219,4543.78,1.422,23.74,1164.93,44.44,32,72,12,14,True,12,15.0,True,1.4,200.0,3.5,2.0,120.0,0.25
196,4448.57,1.422,26.02,2658.33,40.28,29,72,16,14,True,12,15.0,True,1.35,250.0,3.5,2.0,120.0,0.25
275,5890.9,1.421,28.73,1585.58,41.67,30,72,12,10,True,12,15.0,False,1.4,200.0,4.0,2.5,120.0,0.25
266,5705.55,1.421,27.82,2634.82,47.22,34,72,16,14,True,12,35.0,False,1.4,200.0,4.0,2.5,120.0,0.25
266,5705.55,1.421,27.82,2634.82,47.22,34,72,16,14,True,12,35.0,False,1.4,250.0,4.0,2.5,120.0,0.25
354,5676.6,1.421,22.88,1036.81,41.67,30,72,12,10,True,16,35.0,False,1.4,250.0,4.5,2.0,120.0,0.25
283,5773.56,1.42,31.1,1687.5,47.22,34,72,12,10,True,16,25.0,False,1.4,250.0,3.5,2.5,120.0,0.25
354,5673.15,1.42,22.88,1036.81,41.67,30,72,24,10,True,16,35.0,False,1.4,250.0,4.5,2.0,120.0,0.25
353,5659.56,1.42,22.66,1036.81,41.67,30,72,16,10,True,16,35.0,False,1.4,200.0,4.5,2.0,120.0,0.25
260,5724.5,1.419,25.77,2295.32,45.83,33,72,24,10,True,16,35.0,False,1.4,200.0,4.5,2.5,120.0,0.25
353,5650.05,1.419,22.66,1036.81,41.67,30,72,12,10,True,16,35.0,False,1.4,200.0,4.5,2.0,120.0,0.25
353,5646.6,1.419,22.66,1036.81,41.67,30,72,24,10,True,16,35.0,False,1.4,200.0,4.5,2.0,120.0,0.25
240,5124.31,1.419,20.42,1456.11,38.89,28,72,16,10,True,12,25.0,True,1.4,250.0,4.5,2.0,120.0,0.25
237,4844.84,1.419,24.47,1349.63,45.83,33,72,12,10,True,12,35.0,True,1.4,250.0,3.5,2.0,120.0,0.25
186,4167.61,1.419,25.27,2558.89,41.67,30,72,16,10,True,16,25.0,True,1.35,200.0,3.5,2.0,120.0,0.25
284,5878.85,1.418,27.11,3088.98,45.83,33,72,12,10,True,16,35.0,False,1.4,200.0,4.0,2.5,120.0,0.25
228,4953.79,1.418,20.18,1648.35,38.89,28,72,16,14,True,12,25.0,True,1.4,200.0,4.5,2.0,120.0,0.25
284,5867.59,1.417,27.11,3096.06,45.83,33,72,16,10,True,16,35.0,False,1.4,200.0,4.0,2.5,120.0,0.25
235,4836.54,1.417,22.98,1167.32,43.06,31,72,16,10,True,12,15.0,True,1.4,250.0,3.5,2.0,120.0,0.25
186,4173.11,1.417,25.81,2558.89,41.67,30,72,16,10,True,16,15.0,True,1.35,200.0,3.5,2.0,120.0,0.25
101,3109.35,1.416,19.8,1328.98,22.22,16,72,24,14,False,16,35.0,True,1.35,200.0,4.5,2.0,120.0,0.25
101,3109.35,1.416,19.8,1328.98,22.22,16,72,24,14,False,16,35.0,True,1.35,250.0,4.5,2.0,120.0,0.25
236,5021.58,1.415,19.92,1649.14,38.89,28,72,16,10,True,12,15.0,True,1.4,250.0,4.5,2.0,120.0,0.25
230,4939.51,1.415,20.43,1648.35,38.89,28,72,16,14,True,12,15.0,True,1.4,200.0,4.5,2.0,120.0,0.25
221,4487.48,1.415,23.08,1165.72,44.44,32,72,12,10,True,12,15.0,True,1.4,200.0,3.5,2.0,120.0,0.25
415,6075.68,1.414,25.06,1202.13,47.22,34,72,12,10,True,12,15.0,False,1.4,250.0,4.5,2.0,120.0,0.25
229,4898.62,1.414,20.52,1462.77,37.5,27,72,16,14,True,12,35.0,True,1.4,200.0,4.5,2.0,120.0,0.25
196,4389.06,1.414,26.02,2582.44,38.89,28,72,12,14,True,16,15.0,True,1.35,250.0,3.5,2.0,120.0,0.25
112,3657.7,1.414,24.11,1303.51,27.78,20,72,24,10,False,16,25.0,True,1.35,250.0,3.5,2.5,120.0,0.25
424,5854.34,1.413,25.47,980.59,47.22,34,72,12,14,True,12,15.0,False,1.4,200.0,4.0,2.0,120.0,0.25
353,5370.7,1.413,24.93,1206.01,47.22,34,72,16,10,True,16,35.0,False,1.4,200.0,4.0,2.0,120.0,0.25
353,5359.44,1.412,24.93,1206.01,47.22,34,72,12,10,True,16,35.0,False,1.4,200.0,4.0,2.0,120.0,0.25
224,4551.93,1.412,22.77,1167.32,44.44,32,72,16,10,True,12,15.0,True,1.4,200.0,3.5,2.0,120.0,0.25
195,4347.92,1.412,25.64,2582.44,38.89,28,72,12,14,True,16,25.0,True,1.35,250.0,3.5,2.0,120.0,0.25
381,5795.68,1.411,23.1,1124.93,43.06,31,72,12,10,True,16,15.0,False,1.4,200.0,4.5,2.0,120.0,0.25
392,5510.3,1.411,25.51,1152.66,45.83,33,72,12,10,False,16,15.0,False,1.4,250.0,4.0,2.0,120.0,0.25
353,5355.99,1.411,24.93,1206.01,47.22,34,72,24,10,True,16,35.0,False,1.4,200.0,4.0,2.0,120.0,0.25
333,5220.06,1.411,27.33,1509.63,45.83,33,72,12,14,False,16,35.0,False,1.4,200.0,3.5,2.0,120.0,0.25
283,5795.16,1.41,27.21,3088.98,45.83,33,72,12,10,True,16,35.0,False,1.4,250.0,4.0,2.5,120.0,0.25
192,4258.1,1.41,25.0,2724.31,40.28,29,72,12,14,True,12,25.0,True,1.35,200.0,3.5,2.0,120.0,0.25
188,4233.01,1.41,25.0,2840.76,40.28,29,72,12,14,True,12,35.0,True,1.35,200.0,3.5,2.0,120.0,0.25
393,5921.59,1.409,23.66,1081.38,44.44,32,72,16,10,True,16,15.0,False,1.4,250.0,4.5,2.0,120.0,0.25
283,5783.9,1.409,27.21,3096.06,45.83,33,72,16,10,True,16,35.0,False,1.4,250.0,4.0,2.5,120.0,0.25
386,5738.02,1.409,23.83,910.09,43.06,31,72,16,10,True,16,25.0,False,1.4,200.0,4.5,2.0,120.0,0.25
287,5664.72,1.409,31.01,1687.5,47.22,34,72,24,10,True,16,25.0,False,1.4,250.0,3.5,2.5,120.0,0.25
233,4971.83,1.409,20.17,1646.55,36.11,26,72,12,14,True,12,25.0,True,1.4,250.0,4.5,2.0,120.0,0.25
195,4309.99,1.409,25.13,2582.44,38.89,28,72,12,10,True,16,25.0,True,1.35,250.0,3.5,2.0,120.0,0.25
192,4300.8,1.409,25.52,2698.89,38.89,28,72,12,14,True,16,35.0,True,1.35,250.0,3.5,2.0,120.0,0.25
107,3575.11,1.409,24.3,1280.39,26.39,19,72,24,14,False,16,25.0,True,1.35,250.0,3.5,2.5,120.0,0.25
397,5849.72,1.408,23.93,951.29,43.06,31,72,16,10,True,16,25.0,False,1.4,250.0,4.5,2.0,120.0,0.25
238,4928.21,1.407,20.17,1456.11,38.89,28,72,16,10,True,12,25.0,True,1.4,200.0,4.5,2.0,120.0,0.25
195,4315.49,1.407,25.64,2582.44,38.89,28,72,12,10,True,16,15.0,True,1.35,250.0,3.5,2.0,120.0,0.25
198,4313.33,1.406,25.25,2701.54,40.28,29,72,16,10,True,12,25.0,True,1.35,250.0,3.5,2.0,120.0,0.25
184,4065.26,1.406,25.54,2734.72,41.67,30,72,16,14,True,12,35.0,True,1.35,200.0,3.5,2.0,120.0,0.25
274,5524.09,1.405,27.01,2396.62,44.44,32,72,12,14,True,16,35.0,False,1.4,200.0,4.0,2.5,120.0,0.25
274,5524.09,1.405,27.01,2396.62,44.44,32,72,12,14,True,16,35.0,False,1.4,250.0,4.0,2.5,120.0,0.25
281,5357.06,1.405,28.47,1103.22,43.06,31,72,16,14,False,16,15.0,False,1.4,200.0,3.5,2.5,120.0,0.25
233,4915.88,1.405,20.6,1481.67,34.72,25,72,12,14,True,12,35.0,True,1.4,250.0,4.5,2.0,120.0,0.25
242,4796.9,1.405,23.97,1509.59,44.44,32,72,24,10,True,12,35.0,True,1.4,250.0,3.5,2.0,120.0,0.25
198,4318.82,1.405,25.76,2701.54,40.28,29,72,16,10,True,12,15.0,True,1.35,250.0,3.5,2.0,120.0,0.25
188,4084.07,1.405,25.53,2658.33,41.67,30,72,16,14,True,12,25.0,True,1.35,200.0,3.5,2.0,120.0,0.25
132,4041.34,1.405,23.48,1341.22,30.56,22,72,24,10,False,16,25.0,True,1.4,250.0,3.5,2.5,120.0,0.25
403,5568.18,1.404,24.81,1179.01,50.0,36,72,16,14,True,16,15.0,False,1.4,200.0,4.0,2.0,120.0,0.25
453,6120.53,1.403,25.61,923.91,47.22,34,72,24,14,True,12,15.0,False,1.4,250.0,4.0,2.0,120.0,0.25
234,4825.48,1.403,19.66,1649.14,38.89,28,72,16,10,True,12,15.0,True,1.4,200.0,4.5,2.0,120.0,0.25
194,4220.39,1.402,25.26,2724.31,40.28,29,72,12,14,True,12,15.0,True,1.35,200.0,3.5,2.0,120.0,0.25
123,3266.07,1.401,26.83,1428.44,29.17,21,72,16,10,False,16,15.0,True,1.35,200.0,4.0,2.0,120.0,0.25
123,3266.07,1.401,26.83,1428.44,29.17,21,72,16,10,False,16,15.0,True,1.35,250.0,4.0,2.0,120.0,0.25
372,5685.79,1.399,26.08,2066.32,47.22,34,72,16,14,True,12,35.0,False,1.4,250.0,4.0,2.0,120.0,0.25
279,5395.14,1.399,31.18,1980.94,47.22,34,72,16,10,True,16,25.0,False,1.4,200.0,3.5,2.5,120.0,0.25
432,5985.24,1.398,24.77,1230.76,47.22,34,72,24,10,True,12,15.0,False,1.4,250.0,4.5,2.0,120.0,0.25
272,5394.83,1.398,30.15,1185.95,45.83,33,72,12,14,True,12,15.0,False,1.4,200.0,3.5,2.5,120.0,0.25
246,5186.73,1.397,26.83,2823.22,43.06,31,72,16,10,False,16,35.0,False,1.4,250.0,3.5,2.5,120.0,0.25
193,4139.96,1.397,24.35,2725.1,40.28,29,72,12,10,True,12,25.0,True,1.35,200.0,3.5,2.0,120.0,0.25
414,5683.47,1.396,28.5,1536.29,54.17,39,72,24,10,True,16,25.0,False,1.4,250.0,3.5,2.0,120.0,0.25
290,4721.52,1.396,30.34,1617.83,44.44,32,72,16,14,False,16,35.0,False,1.4,250.0,3.5,2.0,120.0,0.25
263,5112.11,1.395,27.76,1472.86,45.83,33,72,24,14,False,16,25.0,False,1.4,250.0,3.5,2.5,120.0,0.25
193,4145.45,1.395,24.87,2725.1,40.28,29,72,12,10,True,12,15.0,True,1.35,200.0,3.5,2.0,120.0,0.25
404,5430.88,1.394,24.75,1178.8,50.0,36,72,12,14,True,16,15.0,False,1.4,200.0,4.0,2.0,120.0,0.25
111,2860.86,1.393,30.63,2110.68,29.17,21,72,16,14,False,16,35.0,True,1.35,200.0,3.5,2.0,120.0,0.25
431,5730.51,1.392,24.13,1150.8,48.61,35,72,24,14,True,16,15.0,False,1.4,250.0,4.0,2.0,120.0,0.25
288,5523.31,1.392,28.12,1883.28,44.44,32,72,16,10,True,16,25.0,False,1.4,200.0,4.0,2.5,120.0,0.25
440,5877.15,1.391,25.68,917.22,45.83,33,72,16,14,True,12,15.0,False,1.4,250.0,4.0,2.0,120.0,0.25
404,5426.47,1.39,28.22,910.09,54.17,39,72,16,14,True,16,15.0,False,1.4,200.0,3.5,2.0,120.0,0.25
246,5211.95,1.39,24.39,1666.32,41.67,30,72,16,10,False,16,15.0,False,1.4,250.0,4.5,2.5,120.0,0.25
198,4184.02,1.39,25.25,2724.31,38.89,28,72,12,14,True,12,25.0,True,1.35,250.0,3.5,2.0,120.0,0.25
194,4158.93,1.39,25.26,2840.76,38.89,28,72,12,14,True,12,35.0,True,1.35,250.0,3.5,2.0,120.0,0.25
189,3972.79,1.39,25.4,2658.33,41.67,30,72,16,14,True,12,15.0,True,1.35,200.0,3.5,2.0,120.0,0.25
433,5622.92,1.389,26.79,1057.04,48.61,35,72,24,10,True,12,15.0,False,1.4,200.0,4.0,2.0,120.0,0.25
266,5160.87,1.389,25.56,2341.69,44.44,32,72,12,14,False,16,15.0,False,1.4,250.0,4.0,2.5,120.0,0.25
434,5550.13,1.388,28.57,910.09,50.0,36,72,16,14,True,12,15.0,False,1.4,200.0,3.5,2.0,120.0,0.25
277,4629.32,1.388,29.24,2347.85,44.44,32,72,16,14,False,16,35.0,False,1.4,250.0,4.0,2.0,120.0,0.25
284,5454.68,1.387,28.17,1879.31,44.44,32,72,24,10,True,16,25.0,False,1.4,200.0,4.0,2.5,120.0,0.25
263,5380.55,1.387,25.1,2841.3,41.67,30,72,16,10,True,16,15.0,False,1.4,250.0,4.5,2.5,120.0,0.25
340,5031.15,1.387,25.88,1381.94,47.22,34,72,16,10,False,16,25.0,False,1.4,200.0,4.5,2.0,120.0,0.25
285,4798.33,1.386,25.96,1050.22,43.06,31,72,16,10,False,16,35.0,False,1.4,200.0,4.5,2.0,120.0,0.25
404,5457.95,1.385,24.26,1451.01,45.83,33,72,24,14,True,12,25.0,False,1.4,250.0,4.0,2.0,120.0,0.25
419,5200.29,1.385,29.59,1211.37,50.0,36,72,12,10,False,16,15.0,False,1.4,200.0,3.5,2.0,120.0,0.25
268,4600.88,1.384,26.49,1739.16,47.22,34,72,16,14,False,16,35.0,False,1.4,200.0,4.5,2.0,120.0,0.25
406,5399.33,1.383,24.14,1520.71,45.83,33,72,12,14,True,12,25.0,False,1.4,250.0,4.0,2.0,120.0,0.25
234,4630.32,1.383,20.51,1646.55,36.11,26,72,12,14,True,12,15.0,True,1.4,250.0,4.5,2.0,120.0,0.25
200,4146.31,1.383,25.5,2724.31,38.89,28,72,12,14,True,12,15.0,True,1.35,250.0,3.5,2.0,120.0,0.25
424,5641.66,1.382,24.53,1282.59,45.83,33,72,12,10,True,12,25.0,False,1.4,250.0,4.5,2.0,120.0,0.25
281,5459.01,1.382,28.11,2279.84,40.28,29,72,16,14,True,12,15.0,False,1.4,250.0,4.0,2.5,120.0,0.25
395,5153.04,1.38,29.11,1536.29,54.17,39,72,24,10,True,16,25.0,False,1.4,200.0,3.5,2.0,120.0,0.25
383,4989.37,1.38,25.33,1155.33,45.83,33,72,12,10,False,16,15.0,False,1.4,200.0,4.0,2.0,120.0,0.25
234,4427.27,1.38,23.93,1018.94,43.06,31,72,12,14,True,12,35.0,True,1.4,250.0,3.5,2.0,120.0,0.25
443,5695.47,1.379,25.06,917.01,45.83,33,72,12,14,True,12,15.0,False,1.4,250.0,4.0,2.0,120.0,0.25
370,5423.94,1.379,25.68,1923.82,47.22,34,72,16,14,True,16,35.0,False,1.4,250.0,4.0,2.0,120.0,0.25
386,5355.06,1.379,23.58,1095.25,41.67,30,72,12,10,True,16,25.0,False,1.4,200.0,4.5,2.0,120.0,0.25
399,5268.99,1.379,27.57,910.09,54.17,39,72,24,14,True,16,15.0,False,1.4,200.0,3.5,2.0,120.0,0.25
290,4643.62,1.379,22.76,1288.3,45.83,33,72,24,14,False,16,25.0,False,1.4,200.0,4.5,2.0,120.0,0.25
237,4413.27,1.378,24.05,1018.94,44.44,32,72,12,10,True,12,25.0,True,1.4,250.0,3.5,2.0,120.0,0.25
245,4987.47,1.377,24.08,1666.32,41.67,30,72,16,10,False,16,15.0,False,1.4,200.0,4.5,2.5,120.0,0.25
199,4065.88,1.377,24.62,2725.1,38.89,28,72,12,10,True,12,25.0,True,1.35,250.0,3.5,2.0,120.0,0.25
383,4943.51,1.376,26.11,1984.31,47.22,34,72,12,14,True,16,25.0,False,1.4,250.0,3.5,2.0,120.0,0.25
199,4071.37,1.376,25.13,2725.1,38.89,28,72,12,10,True,12,15.0,True,1.35,250.0,3.5,2.0,120.0,0.25
418,5302.93,1.375,25.12,1172.39,48.61,35,72,24,10,True,16,15.0,False,1.4,200.0,4.0,2.0,120.0,0.25
289,5016.41,1.375,28.03,1233.48,51.39,37,72,24,14,False,16,15.0,False,1.4,250.0,3.5,2.5,120.0,0.25
423,5305.9,1.374,28.61,1129.3,54.17,39,72,16,10,True,16,15.0,False,1.4,200.0,3.5,2.0,120.0,0.25
257,5192.75,1.374,24.9,2853.7,41.67,30,72,12,10,True,16,15.0,False,1.4,250.0,4.5,2.5,120.0,0.25
347,4913.4,1.374,26.8,1382.51,44.44,32,72,12,14,False,16,35.0,False,1.4,250.0,3.5,2.0,120.0,0.25
191,3837.55,1.374,24.61,2701.54,41.67,30,72,16,10,True,12,25.0,True,1.35,200.0,3.5,2.0,120.0,0.25
111,3018.4,1.374,19.82,1205.26,23.61,17,72,24,14,False,16,25.0,True,1.35,200.0,4.5,2.0,120.0,0.25
111,3018.4,1.374,19.82,1205.26,23.61,17,72,24,14,False,16,25.0,True,1.35,250.0,4.5,2.0,120.0,0.25
256,5192.43,1.373,25.0,2834.73,41.67,30,72,24,10,True,16,15.0,False,1.4,250.0,4.5,2.5,120.0,0.25
425,5450.34,1.372,24.24,1179.01,48.61,35,72,16,14,True,16,15.0,False,1.4,250.0,4.0,2.0,120.0,0.25
191,3843.04,1.372,25.13,2701.54,41.67,30,72,16,10,True,12,15.0,True,1.35,200.0,3.5,2.0,120.0,0.25
147,3522.09,1.372,19.73,1497.68,26.39,19,72,24,10,False,16,15.0,True,1.4,200.0,4.5,2.0,120.0,0.25
147,3522.09,1.372,19.73,1497.68,26.39,19,72,24,10,False,16,15.0,True,1.4,250.0,4.5,2.0,120.0,0.25
395,5153.95,1.371,26.33,1209.57,44.44,32,72,16,10,True,12,35.0,False,1.4,250.0,4.0,2.0,120.0,0.25
261,4782.52,1.371,25.29,2288.42,44.44,32,72,12,14,False,16,15.0,False,1.4,200.0,4.0,2.5,120.0,0.25
396,5202.38,1.37,24.24,1437.19,44.44,32,72,16,14,True,12,25.0,False,1.4,250.0,4.0,2.0,120.0,0.25
395,5104.01,1.37,24.05,1305.4,45.83,33,72,24,14,True,12,25.0,False,1.4,200.0,4.0,2.0,120.0,0.25
240,4553.79,1.37,20.0,1475.01,36.11,26,72,12,10,True,12,25.0,True,1.4,250.0,4.5,2.0,120.0,0.25
232,4434.22,1.37,20.26,1646.55,36.11,26,72,12,14,True,12,15.0,True,1.4,200.0,4.5,2.0,120.0,0.25
422,5516.32,1.369,24.88,1216.94,47.22,34,72,16,10,True,12,15.0,False,1.4,250.0,4.5,2.0,120.0,0.25
396,5110.01,1.369,27.78,910.09,54.17,39,72,12,14,True,16,15.0,False,1.4,200.0,3.5,2.0,120.0,0.25
242,4743.27,1.369,21.49,3499.83,38.89,28,72,24,14,False,16,15.0,False,1.4,250.0,4.5,2.5,120.0,0.25
235,4479.21,1.369,19.57,1647.34,36.11,26,72,12,10,True,12,15.0,True,1.4,250.0,4.5,2.0,120.0,0.25
111,3264.76,1.369,23.42,1303.51,27.78,20,72,24,10,False,16,25.0,True,1.35,200.0,3.5,2.5,120.0,0.25
378,5320.59,1.368,25.66,2066.32,47.22,34,72,24,14,True,12,35.0,False,1.4,250.0,4.0,2.0,120.0,0.25
366,4949.68,1.368,27.6,2081.36,48.61,35,72,24,14,True,12,35.0,False,1.4,200.0,3.5,2.0,120.0,0.25
229,4383.8,1.368,19.65,1646.55,36.11,26,72,12,14,True,12,25.0,True,1.4,200.0,4.5,2.0,120.0,0.25
427,5295.32,1.367,28.1,927.11,50.0,36,72,24,14,True,12,15.0,False,1.4,200.0,3.5,2.0,120.0,0.25
396,5120.61,1.367,26.01,1184.8,44.44,32,72,12,10,True,12,35.0,False,1.4,250.0,4.0,2.0,120.0,0.25
277,5232.19,1.366,27.8,2240.85,41.67,30,72,12,14,True,12,15.0,False,1.4,250.0,4.0,2.5,120.0,0.25
416,5188.7,1.366,28.12,1101.09,54.17,39,72,24,10,True,16,15.0,False,1.4,200.0,3.5,2.0,120.0,0.25
256,4867.23,1.366,25.78,1144.96,40.28,29,72,16,14,False,16,15.0,False,1.4,250.0,4.0,2.5,120.0,0.25
131,3648.4,1.366,22.9,1341.22,30.56,22,72,24,10,False,16,25.0,True,1.4,200.0,3.5,2.5,120.0,0.25
427,5234.28,1.365,27.87,927.11,50.0,36,72,12,14,True,12,15.0,False,1.4,200.0,3.5,2.0,120.0,0.25
270,5019.59,1.365,27.04,2747.87,44.44,32,72,12,14,True,12,35.0,False,1.4,200.0,4.0,2.5,120.0,0.25
270,5019.59,1.365,27.04,2747.87,44.44,32,72,12,14,True,12,35.0,False,1.4,250.0,4.0,2.5,120.0,0.25
115,2783.61,1.365,25.22,1187.35,29.17,21,72,24,14,False,16,15.0,True,1.35,200.0,3.5,2.0,120.0,0.25
301,5400.88,1.364,28.9,1185.95,44.44,32,72,16,10,True,12,15.0,False,1.4,250.0,3.5,2.5,120.0,0.25
410,5240.5,1.364,25.12,1168.51,48.61,35,72,12,10,True,16,25.0,False,1.4,250.0,4.0,2.0,120.0,0.25
396,5079.22,1.364,26.01,1222.62,44.44,32,72,24,10,True,12,35.0,False,1.4,250.0,4.0,2.0,120.0,0.25
398,5007.28,1.364,23.87,1413.21,45.83,33,72,12,14,True,12,25.0,False,1.4,200.0,4.0,2.0,120.0,0.25
271,4420.93,1.364,26.2,1739.16,47.22,34,72,16,14,False,16,35.0,False,1.4,250.0,4.5,2.0,120.0,0.25
229,4327.85,1.364,20.09,1481.67,34.72,25,72,12,14,True,12,35.0,True,1.4,200.0,4.5,2.0,120.0,0.25
106,3182.17,1.364,23.58,1280.39,26.39,19,72,24,14,False,16,25.0,True,1.35,200.0,3.5,2.5,120.0,0.25
351,4773.99,1.363,23.36,1079.98,51.39,37,72,24,14,False,16,15.0,False,1.4,200.0,4.5,2.0,120.0,0.25
426,5311.86,1.362,24.18,1178.8,48.61,35,72,12,14,True,16,15.0,False,1.4,250.0,4.0,2.0,120.0,0.25
423,5358.96,1.361,27.66,1009.05,52.78,38,72,16,14,True,16,15.0,False,1.4,250.0,3.5,2.0,120.0,0.25
275,4128.08,1.361,30.18,1670.87,45.83,33,72,16,14,False,16,35.0,False,1.4,200.0,3.5,2.0,120.0,0.25
145,3321.69,1.361,20.69,1575.8,29.17,21,72,24,10,False,16,15.0,True,1.4,200.0,4.0,2.0,120.0,0.25
145,3321.69,1.361,20.69,1575.8,29.17,21,72,24,10,False,16,15.0,True,1.4,250.0,4.0,2.0,120.0,0.25
242,4650.72,1.36,26.45,2823.22,43.06,31,72,16,10,False,16,35.0,False,1.4,200.0,3.5,2.5,120.0,0.25
251,4618.54,1.36,30.68,1902.06,47.22,34,72,12,10,False,16,35.0,False,1.4,200.0,3.5,2.5,120.0,0.25
414,5207.57,1.359,24.88,1205.87,47.22,34,72,16,10,True,16,25.0,False,1.4,250.0,4.0,2.0,120.0,0.25
266,5112.5,1.358,26.32,3256.76,41.67,30,72,16,10,True,12,15.0,False,1.4,250.0,4.5,2.5,120.0,0.25
238,4357.69,1.358,19.75,1475.01,36.11,26,72,12,10,True,12,25.0,True,1.4,200.0,4.5,2.0,120.0,0.25
439,5313.79,1.357,24.6,1227.53,47.22,34,72,24,10,True,16,15.0,False,1.4,250.0,4.0,2.0,120.0,0.25
359,4947.18,1.356,25.35,1895.87,47.22,34,72,16,14,True,16,35.0,False,1.4,200.0,4.0,2.0,120.0,0.25
251,4642.51,1.356,28.29,1539.51,48.61,35,72,24,10,False,16,25.0,False,1.4,250.0,3.5,2.5,120.0,0.25
233,4283.11,1.356,19.31,1647.34,36.11,26,72,12,10,True,12,15.0,True,1.4,200.0,4.5,2.0,120.0,0.25
433,4969.42,1.355,29.33,1211.37,48.61,35,72,12,10,False,16,15.0,False,1.4,250.0,3.5,2.0,120.0,0.25
256,4695.82,1.355,25.39,1144.96,40.28,29,72,16,14,False,16,15.0,False,1.4,200.0,4.0,2.5,120.0,0.25
414,5027.73,1.354,25.12,1200.6,48.61,35,72,16,10,True,16,15.0,False,1.4,200.0,4.0,2.0,120.0,0.25
289,4849.14,1.354,28.72,1896.32,47.22,34,72,12,14,True,12,35.0,False,1.4,250.0,3.5,2.5,120.0,0.25
387,4848.44,1.354,24.03,1291.58,44.44,32,72,16,14,True,12,25.0,False,1.4,200.0,4.0,2.0,120.0,0.25
382,4621.11,1.354,26.18,1877.88,48.61,35,72,24,14,True,16,25.0,False,1.4,200.0,3.5,2.0,120.0,0.25
399,4921.47,1.353,25.06,1026.93,48.61,35,72,12,10,True,16,25.0,False,1.4,200.0,4.0,2.0,120.0,0.25
450,5332.18,1.352,26.22,923.91,47.22,34,72,24,10,True,12,15.0,False,1.4,250.0,4.0,2.0,120.0,0.25
438,5220.25,1.351,28.08,1129.3,52.78,38,72,16,10,True,16,15.0,False,1.4,250.0,3.5,2.0,120.0,0.25
418,5201.48,1.351,27.03,1009.05,52.78,38,72,24,14,True,16,15.0,False,1.4,250.0,3.5,2.0,120.0,0.25
287,4853.86,1.351,27.53,1354.9,44.44,32,72,12,14,False,16,15.0,False,1.4,250.0,3.5,2.5,120.0,0.25
239,4474.22,1.351,21.34,3499.83,38.89,28,72,24,14,False,16,15.0,False,1.4,200.0,4.5,2.5,120.0,0.25
286,4460.79,1.351,27.97,1347.12,45.83,33,72,24,14,False,16,35.0,False,1.4,250.0,3.5,2.0,120.0,0.25
366,4697.67,1.35,26.78,2062.84,47.22,34,72,24,14,True,16,35.0,False,1.4,200.0,3.5,2.0,120.0,0.25
232,4061.78,1.35,22.84,1164.93,43.06,31,72,12,14,True,12,25.0,True,1.4,250.0,3.5,2.0,120.0,0.25
377,5054.79,1.349,25.2,1923.82,47.22,34,72,24,14,True,16,35.0,False,1.4,250.0,4.0,2.0,120.0,0.25
277,5026.05,1.349,28.52,1646.88,40.28,29,72,24,10,True,12,15.0,False,1.4,200.0,4.0,2.5,120.0,0.25
384,4772.69,1.349,27.08,1735.54,50.0,36,72,24,10,True,16,35.0,False,1.4,200.0,3.5,2.0,120.0,0.25
137,3559.22,1.349,22.63,1717.19,29.17,21,72,24,10,False,16,15.0,True,1.4,250.0,3.5,2.5,120.0,0.25
449,5202.81,1.347,27.84,1014.11,48.61,35,72,16,14,True,12,15.0,False,1.4,250.0,3.5,2.0,120.0,0.25
293,5019.41,1.347,30.38,1683.35,45.83,33,72,16,10,True,12,25.0,False,1.4,250.0,3.5,2.5,120.0,0.25
362,4868.61,1.347,25.41,2038.37,47.22,34,72,16,14,True,12,35.0,False,1.4,200.0,4.0,2.0,120.0,0.25
406,4731.0,1.347,26.35,1899.98,45.83,33,72,24,14,True,12,25.0,False,1.4,250.0,3.5,2.0,120.0,0.25
435,5196.43,1.346,24.6,1074.09,45.83,33,72,24,10,True,12,25.0,False,1.4,250.0,4.5,2.0,120.0,0.25
380,4744.37,1.346,23.42,1679.76,45.83,33,72,12,14,True,16,25.0,False,1.4,250.0,4.0,2.0,120.0,0.25
116,2676.36,1.346,25.0,1187.35,29.17,21,72,24,14,False,16,15.0,True,1.35,250.0,3.5,2.0,120.0,0.25
415,4897.22,1.345,27.95,1129.1,54.17,39,72,12,10,True,16,15.0,False,1.4,200.0,3.5,2.0,120.0,0.25
285,4815.3,1.345,30.88,1185.95,44.44,32,72,12,10,True,12,15.0,False,1.4,200.0,3.5,2.5,120.0,0.25
233,3988.36,1.345,23.18,1164.93,43.06,31,72,12,14,True,12,15.0,True,1.4,250.0,3.5,2.0,120.0,0.25
116,2834.83,1.345,19.83,1190.98,23.61,17,72,24,10,False,16,25.0,True,1.35,200.0,4.5,2.0,120.0,0.25
116,2834.83,1.345,19.83,1190.98,23.61,17,72,24,10,False,16,25.0,True,1.35,250.0,4.5,2.0,120.0,0.25
264,4927.45,1.344,26.14,3308.15,41.67,30,72,12,10,True,12,15.0,False,1.4,250.0,4.5,2.5,120.0,0.25
259,4903.66,1.344,26.25,3311.03,41.67,30,72,24,10,True,12,15.0,False,1.4,250.0,4.5,2.5,120.0,0.25
291,4811.11,1.344,29.21,2366.07,45.83,33,72,24,10,True,16,35.0,False,1.4,250.0,3.5,2.5,120.0,0.25
408,4641.52,1.343,26.23,1992.58,45.83,33,72,12,14,True,12,25.0,False,1.4,250.0,3.5,2.0,120.0,0.25
117,3193.49,1.343,23.08,1393.8,27.78,20,72,24,10,False,16,15.0,True,1.35,250.0,3.5,2.5,120.0,0.25
443,5106.39,1.342,26.64,1615.79,48.61,35,72,24,10,True,12,25.0,False,1.4,200.0,4.0,2.0,120.0,0.25
427,5041.3,1.342,24.82,1074.09,45.83,33,72,24,10,True,12,25.0,False,1.4,200.0,4.5,2.0,120.0,0.25
377,4526.22,1.342,26.26,1877.88,47.22,34,72,16,14,True,16,25.0,False,1.4,250.0,3.5,2.0,120.0,0.25
415,5042.5,1.341,27.23,1009.05,52.78,38,72,12,14,True,16,15.0,False,1.4,250.0,3.5,2.0,120.0,0.25
401,5010.61,1.341,26.68,915.01,47.22,34,72,16,14,False,16,15.0,False,1.4,200.0,4.0,2.0,120.0,0.25
414,4852.01,1.341,25.12,1200.4,48.61,35,72,12,10,True,16,15.0,False,1.4,200.0,4.0,2.0,120.0,0.25
121,2679.14,1.341,30.58,1134.71,30.56,22,72,16,10,False,16,15.0,True,1.35,200.0,3.5,2.0,120.0,0.25
121,2679.14,1.341,30.58,1134.71,30.56,22,72,16,10,False,16,15.0,True,1.35,250.0,3.5,2.0,120.0,0.25
452,5176.42,1.34,26.55,1415.72,48.61,35,72,24,10,True,12,25.0,False,1.4,250.0,4.0,2.0,120.0,0.25
435,5105.95,1.338,27.59,1101.09,52.78,38,72,24,10,True,16,15.0,False,1.4,250.0,3.5,2.0,120.0,0.25
236,3961.08,1.338,22.46,1165.72,43.06,31,72,12,10,True,12,15.0,True,1.4,250.0,3.5,2.0,120.0,0.25
435,5038.59,1.337,24.6,1255.74,47.22,34,72,16,10,True,16,15.0,False,1.4,250.0,4.0,2.0,120.0,0.25
285,4631.08,1.337,28.77,2366.07,45.83,33,72,24,10,True,16,35.0,False,1.4,200.0,3.5,2.5,120.0,0.25
368,4649.31,1.336,22.01,1084.41,45.83,33,72,12,14,False,16,15.0,False,1.4,200.0,4.5,2.0,120.0,0.25
354,4484.5,1.336,28.81,2135.45,45.83,33,72,16,14,False,16,25.0,False,1.4,250.0,3.5,2.0,120.0,0.25
414,4959.59,1.335,24.64,1202.13,47.22,34,72,16,10,True,12,15.0,False,1.4,200.0,4.5,2.0,120.0,0.25
429,4932.97,1.335,28.21,1536.29,51.39,37,72,16,10,True,16,25.0,False,1.4,250.0,3.5,2.0,120.0,0.25
369,4511.32,1.335,27.64,2067.54,48.61,35,72,16,14,True,12,35.0,False,1.4,200.0,3.5,2.0,120.0,0.25
406,4746.96,1.334,24.63,1205.87,47.22,34,72,16,10,True,16,25.0,False,1.4,200.0,4.0,2.0,120.0,0.25
258,4734.76,1.334,23.64,2713.9,40.28,29,72,16,14,True,16,15.0,False,1.4,200.0,4.5,2.5,120.0,0.25
258,4734.76,1.334,23.64,2713.9,40.28,29,72,16,14,True,16,15.0,False,1.4,250.0,4.5,2.5,120.0,0.25
375,4701.55,1.334,22.4,1084.41,45.83,33,72,12,14,False,16,15.0,False,1.4,250.0,4.5,2.0,120.0,0.25
292,4723.43,1.333,30.48,1203.22,44.44,32,72,24,10,True,12,15.0,False,1.4,200.0,3.5,2.5,120.0,0.25
388,4558.03,1.333,26.03,1257.19,44.44,32,72,16,10,True,12,35.0,False,1.4,200.0,4.0,2.0,120.0,0.25
284,4542.52,1.333,28.52,1916.53,47.22,34,72,12,14,True,12,35.0,False,1.4,200.0,3.5,2.5,120.0,0.25
344,4488.7,1.333,21.8,1017.01,41.67,30,72,12,14,False,16,25.0,False,1.4,250.0,4.5,2.0,120.0,0.25
352,4455.79,1.332,25.28,1381.94,45.83,33,72,16,10,False,16,25.0,False,1.4,250.0,4.5,2.0,120.0,0.25
248,4598.81,1.33,23.79,2676.06,40.28,29,72,12,14,True,16,15.0,False,1.4,200.0,4.5,2.5,120.0,0.25
282,4589.53,1.33,30.14,1980.94,45.83,33,72,24,10,True,16,25.0,False,1.4,200.0,3.5,2.5,120.0,0.25
413,4530.29,1.33,28.33,1257.21,48.61,35,72,12,10,False,16,25.0,False,1.4,200.0,3.5,2.0,120.0,0.25
401,4508.86,1.33,27.93,1642.72,52.78,38,72,12,10,True,16,25.0,False,1.4,200.0,3.5,2.0,120.0,0.25
409,4941.45,1.329,26.41,1735.54,48.61,35,72,24,10,True,16,35.0,False,1.4,250.0,3.5,2.0,120.0,0.25
270,4673.33,1.329,25.19,2987.66,40.28,29,72,12,10,True,16,25.0,False,1.4,200.0,4.5,2.5,120.0,0.25
372,4487.76,1.329,27.42,2173.96,47.22,34,72,12,14,True,12,35.0,False,1.4,200.0,3.5,2.0,120.0,0.25
339,4367.36,1.329,21.53,1017.01,41.67,30,72,12,14,False,16,25.0,False,1.4,200.0,4.5,2.0,120.0,0.25
287,4624.52,1.328,29.97,1185.95,44.44,32,72,16,10,True,12,15.0,False,1.4,200.0,3.5,2.5,120.0,0.25
389,4499.92,1.328,25.71,1257.19,44.44,32,72,12,10,True,12,35.0,False,1.4,200.0,4.0,2.0,120.0,0.25
275,4489.34,1.328,30.18,1980.94,45.83,33,72,12,10,True,16,25.0,False,1.4,200.0,3.5,2.5,120.0,0.25
442,4947.99,1.327,27.38,1014.11,48.61,35,72,24,14,True,12,15.0,False,1.4,250.0,3.5,2.0,120.0,0.25
383,4617.07,1.327,27.42,2081.36,45.83,33,72,24,14,True,12,35.0,False,1.4,250.0,3.5,2.0,120.0,0.25
389,4483.3,1.326,25.71,1270.23,44.44,32,72,24,10,True,12,35.0,False,1.4,200.0,4.0,2.0,120.0,0.25
101,2301.19,1.326,24.75,1190.75,26.39,19,72,24,14,False,16,35.0,True,1.35,250.0,3.5,2.0,120.0,0.25
442,4886.96,1.325,27.15,1014.11,48.61,35,72,12,14,True,12,15.0,False,1.4,250.0,3.5,2.0,120.0,0.25
435,4861.7,1.325,24.6,1256.71,47.22,34,72,12,10,True,16,15.0,False,1.4,250.0,4.0,2.0,120.0,0.25
366,4578.03,1.325,24.86,1895.87,47.22,34,72,24,14,True,16,35.0,False,1.4,200.0,4.0,2.0,120.0,0.25
381,4728.26,1.324,25.46,1964.21,47.22,34,72,12,14,True,12,35.0,False,1.4,250.0,4.0,2.0,120.0,0.25
253,4528.82,1.324,25.3,2683.82,40.28,29,72,12,10,True,16,15.0,False,1.4,200.0,4.5,2.5,120.0,0.25
372,4330.52,1.324,23.12,1458.24,45.83,33,72,12,14,True,16,25.0,False,1.4,200.0,4.0,2.0,120.0,0.25
292,4662.92,1.323,27.05,3320.32,41.67,30,72,16,10,True,16,25.0,False,1.4,250.0,4.0,2.5,120.0,0.25
281,4156.31,1.322,27.4,1233.48,51.39,37,72,24,14,False,16,15.0,False,1.4,200.0,3.5,2.5,120.0,0.25
291,4144.1,1.322,24.4,1406.03,45.83,33,72,24,10,False,16,35.0,False,1.4,250.0,4.5,2.0,120.0,0.25
251,4546.63,1.321,23.51,2707.33,40.28,29,72,24,14,True,16,15.0,False,1.4,200.0,4.5,2.5,120.0,0.25
251,4546.63,1.321,23.51,2707.33,40.28,29,72,24,14,True,16,15.0,False,1.4,250.0,4.5,2.5,120.0,0.25
279,3948.79,1.321,24.73,1403.07,45.83,33,72,24,10,False,16,35.0,False,1.4,200.0,4.5,2.0,120.0,0.25
277,4605.53,1.32,24.91,3196.54,40.28,29,72,16,10,True,16,25.0,False,1.4,200.0,4.5,2.5,120.0,0.25
277,4605.53,1.32,24.91,3196.54,40.28,29,72,16,10,True,16,25.0,False,1.4,250.0,4.5,2.5,120.0,0.25
263,4546.74,1.32,25.1,2841.3,40.28,29,72,16,10,True,16,15.0,False,1.4,200.0,4.5,2.5,120.0,0.25
357,4286.69,1.32,24.09,1079.98,50.0,36,72,24,14,False,16,15.0,False,1.4,200.0,4.0,2.0,120.0,0.25
412,4726.52,1.319,24.51,1202.13,45.83,33,72,12,10,True,12,15.0,False,1.4,200.0,4.5,2.0,120.0,0.25
434,4814.46,1.318,27.42,1129.1,52.78,38,72,12,10,True,16,15.0,False,1.4,250.0,3.5,2.0,120.0,0.25
285,4565.39,1.318,26.32,3574.65,44.44,32,72,24,10,True,16,35.0,False,1.4,200.0,4.0,2.5,120.0,0.25
297,4075.15,1.318,22.22,1651.22,43.06,31,72,24,14,False,16,25.0,False,1.4,250.0,4.5,2.0,120.0,0.25
368,4503.42,1.317,25.0,2038.37,47.22,34,72,24,14,True,12,35.0,False,1.4,200.0,4.0,2.0,120.0,0.25
373,4481.82,1.317,26.27,1606.31,44.44,32,72,16,10,False,16,25.0,False,1.4,250.0,4.0,2.0,120.0,0.25
280,4282.01,1.317,27.14,1412.04,44.44,32,72,12,14,False,16,15.0,False,1.4,200.0,3.5,2.5,120.0,0.25
306,4675.43,1.315,29.41,1203.22,43.06,31,72,24,10,True,12,15.0,False,1.4,250.0,3.5,2.5,120.0,0.25
410,4388.76,1.315,28.78,1536.29,51.39,37,72,16,10,True,16,25.0,False,1.4,200.0,3.5,2.0,120.0,0.25
414,4737.87,1.314,26.57,915.01,45.83,33,72,16,14,False,16,15.0,False,1.4,250.0,4.0,2.0,120.0,0.25
252,4428.92,1.314,23.41,2845.95,40.28,29,72,12,14,True,16,15.0,False,1.4,250.0,4.5,2.5,120.0,0.25
99,2193.69,1.314,24.24,1190.75,26.39,19,72,24,14,False,16,35.0,True,1.35,200.0,3.5,2.0,120.0,0.25
274,4503.44,1.313,24.82,3157.55,40.28,29,72,12,10,True,16,25.0,False,1.4,250.0,4.5,2.5,120.0,0.25
237,4102.75,1.313,23.21,1762.27,41.67,30,72,16,14,False,16,15.0,False,1.4,200.0,4.5,2.5,120.0,0.25
237,4102.75,1.313,23.21,1762.27,41.67,30,72,16,14,False,16,15.0,False,1.4,250.0,4.5,2.5,120.0,0.25
375,4308.79,1.312,23.47,1596.24,44.44,32,72,16,14,True,16,25.0,False,1.4,250.0,4.0,2.0,120.0,0.25
428,4659.46,1.31,24.53,1145.41,45.83,33,72,16,10,True,12,25.0,False,1.4,250.0,4.5,2.0,120.0,0.25
289,4499.57,1.31,26.99,3313.75,41.67,30,72,24,10,True,16,25.0,False,1.4,250.0,4.0,2.5,120.0,0.25
291,4495.84,1.31,26.8,3327.18,40.28,29,72,12,10,True,16,25.0,False,1.4,250.0,4.0,2.5,120.0,0.25
284,4481.71,1.31,26.41,3574.65,44.44,32,72,24,10,True,16,35.0,False,1.4,250.0,4.0,2.5,120.0,0.25
383,4365.05,1.31,26.63,2062.84,44.44,32,72,24,14,True,16,35.0,False,1.4,250.0,3.5,2.0,120.0,0.25
274,3695.13,1.31,28.47,2347.85,44.44,32,72,16,14,False,16,35.0,False,1.4,200.0,4.0,2.0,120.0,0.25
136,3166.28,1.31,22.06,1717.19,29.17,21,72,24,10,False,16,15.0,True,1.4,200.0,3.5,2.5,120.0,0.25
273,4457.27,1.309,24.91,3189.97,40.28,29,72,24,10,True,16,25.0,False,1.4,200.0,4.5,2.5,120.0,0.25
273,4457.27,1.309,24.91,3189.97,40.28,29,72,24,10,True,16,25.0,False,1.4,250.0,4.5,2.5,120.0,0.25
383,4335.26,1.308,27.15,2173.96,45.83,33,72,12,14,True,12,35.0,False,1.4,250.0,3.5,2.0,120.0,0.25
261,4006.17,1.308,23.75,2337.8,44.44,32,72,24,14,False,16,15.0,False,1.4,250.0,4.0,2.5,120.0,0.25
256,4358.61,1.307,25.0,2834.73,40.28,29,72,24,10,True,16,15.0,False,1.4,200.0,4.5,2.5,120.0,0.25
272,4196.59,1.307,26.47,1257.09,43.06,31,72,24,10,False,16,15.0,False,1.4,250.0,3.5,2.5,120.0,0.25
404,4190.28,1.307,25.99,1899.98,45.83,33,72,24,14,True,12,25.0,False,1.4,200.0,3.5,2.0,120.0,0.25
356,4059.28,1.306,26.12,1510.46,45.83,33,72,16,10,False,16,25.0,False,1.4,200.0,4.0,2.0,120.0,0.25
422,4488.4,1.305,27.49,1642.72,51.39,37,72,12,10,True,16,25.0,False,1.4,250.0,3.5,2.0,120.0,0.25
397,4428.82,1.305,24.43,1106.25,41.67,30,72,16,10,True,12,35.0,False,1.4,250.0,4.5,2.0,120.0,0.25
385,4309.76,1.305,27.53,2067.54,47.22,34,72,16,14,True,12,35.0,False,1.4,250.0,3.5,2.0,120.0,0.25
380,4458.36,1.304,25.0,1821.71,47.22,34,72,12,14,True,16,35.0,False,1.4,250.0,4.0,2.0,120.0,0.25
276,4371.0,1.304,28.26,2299.87,38.89,28,72,16,10,True,12,15.0,False,1.4,250.0,4.0,2.5,120.0,0.25
406,4100.8,1.303,25.86,1992.58,45.83,33,72,12,14,True,12,25.0,False,1.4,200.0,3.5,2.0,120.0,0.25
114,2438.22,1.303,20.18,1206.72,25.0,18,72,24,14,False,16,15.0,True,1.35,200.0,4.0,2.0,120.0,0.25
114,2438.22,1.303,20.18,1206.72,25.0,18,72,24,14,False,16,15.0,True,1.35,250.0,4.0,2.0,120.0,0.25
398,4393.91,1.302,24.37,1106.25,41.67,30,72,12,10,True,12,35.0,False,1.4,250.0,4.5,2.0,120.0,0.25
267,4375.2,1.302,25.47,3243.31,38.89,28,72,16,14,True,12,15.0,False,1.4,250.0,4.5,2.5,120.0,0.25
116,2800.55,1.301,22.41,1393.8,27.78,20,72,24,10,False,16,15.0,True,1.35,200.0,3.5,2.5,120.0,0.25
423,4245.68,1.3,28.13,1257.21,47.22,34,72,12,10,False,16,25.0,False,1.4,250.0,3.5,2.0,120.0,0.25
249,4217.44,1.3,25.3,3236.76,38.89,28,72,24,14,True,12,15.0,False,1.4,250.0,4.5,2.5,120.0,0.25
419,4305.91,1.297,26.01,1264.87,45.83,33,72,12,10,True,12,15.0,False,1.4,200.0,4.0,2.0,120.0,0.25
249,4161.09,1.295,25.3,3236.76,38.89,28,72,24,14,True,12,15.0,False,1.4,200.0,4.5,2.5,120.0,0.25
378,3838.24,1.295,25.4,1984.31,47.22,34,72,12,14,True,16,25.0,False,1.4,200.0,3.5,2.0,120.0,0.25
370,4198.82,1.294,24.86,1793.75,47.22,34,72,12,14,True,16,35.0,False,1.4,200.0,4.0,2.0,120.0,0.25
249,3914.5,1.294,26.51,2294.47,43.06,31,72,16,10,False,16,25.0,False,1.4,250.0,4.0,2.5,120.0,0.25
366,3933.05,1.293,23.22,1336.61,44.44,32,72,16,14,True,16,25.0,False,1.4,200.0,4.0,2.0,120.0,0.25
373,3916.48,1.293,22.79,1255.68,43.06,31,72,12,10,False,16,15.0,False,1.4,250.0,4.5,2.0,120.0,0.25
264,4221.71,1.292,25.38,3340.46,38.89,28,72,16,14,True,12,15.0,False,1.4,200.0,4.5,2.5,120.0,0.25
243,3644.0,1.291,27.98,1539.51,50.0,36,72,24,10,False,16,25.0,False,1.4,200.0,3.5,2.5,120.0,0.25
466,4486.18,1.29,28.33,923.91,51.39,37,72,24,10,True,12,15.0,False,1.4,250.0,3.5,2.0,120.0,0.25
261,4188.15,1.29,25.29,3255.72,38.89,28,72,12,14,True,12,15.0,False,1.4,250.0,4.5,2.5,120.0,0.25
112,2218.74,1.29,25.0,1096.34,27.78,20,72,24,14,False,16,25.0,True,1.35,250.0,3.5,2.0,120.0,0.25
427,4219.95,1.287,26.23,910.09,47.22,34,72,12,10,True,12,25.0,False,1.4,200.0,4.0,2.0,120.0,0.25
397,4164.7,1.287,24.43,1106.25,41.67,30,72,16,10,True,12,35.0,False,1.4,200.0,4.5,2.0,120.0,0.25
372,4128.31,1.287,25.0,1936.25,47.22,34,72,12,14,True,12,35.0,False,1.4,200.0,4.0,2.0,120.0,0.25
240,3693.85,1.286,25.83,1906.89,37.5,27,72,16,14,False,16,25.0,False,1.4,200.0,4.0,2.5,120.0,0.25
398,4129.79,1.284,24.37,1106.25,41.67,30,72,12,10,True,12,35.0,False,1.4,200.0,4.5,2.0,120.0,0.25
276,3692.83,1.284,25.72,1381.65,40.28,29,72,24,14,False,16,35.0,False,1.4,250.0,4.0,2.0,120.0,0.25
456,4270.05,1.283,29.17,1592.23,51.39,37,72,24,10,True,12,25.0,False,1.4,250.0,3.5,2.0,120.0,0.25
372,3809.25,1.283,25.81,1296.66,47.22,34,72,12,10,False,16,25.0,False,1.4,200.0,4.0,2.0,120.0,0.25
405,3853.18,1.281,26.42,1886.16,45.83,33,72,16,14,True,12,25.0,False,1.4,250.0,3.5,2.0,120.0,0.25
264,3723.93,1.281,26.14,1514.06,44.44,32,72,24,10,False,16,15.0,False,1.4,200.0,3.5,2.5,120.0,0.25
258,4034.66,1.28,25.19,3352.86,38.89,28,72,12,14,True,12,15.0,False,1.4,200.0,4.5,2.5,120.0,0.25
454,4158.78,1.279,28.41,923.91,51.39,37,72,24,10,True,12,15.0,False,1.4,200.0,3.5,2.0,120.0,0.25
401,4094.43,1.279,23.94,1106.25,41.67,30,72,24,10,True,12,35.0,False,1.4,250.0,4.5,2.0,120.0,0.25
422,4077.34,1.279,26.3,1264.87,45.83,33,72,16,10,True,12,15.0,False,1.4,200.0,4.0,2.0,120.0,0.25
380,3832.76,1.279,26.32,1617.8,50.0,36,72,12,10,True,16,35.0,False,1.4,200.0,3.5,2.0,120.0,0.25
259,3356.83,1.279,25.48,1130.78,41.67,30,72,24,14,False,16,35.0,False,1.4,200.0,4.0,2.0,120.0,0.25
110,2111.24,1.279,24.55,1096.34,27.78,20,72,24,14,False,16,25.0,True,1.35,200.0,3.5,2.0,120.0,0.25
339,3760.94,1.277,20.65,1680.51,40.28,29,72,24,10,False,16,15.0,False,1.4,250.0,4.5,2.0,120.0,0.25
248,3673.45,1.276,26.21,2294.47,43.06,31,72,16,10,False,16,25.0,False,1.4,200.0,4.0,2.5,120.0,0.25
264,4033.18,1.275,26.14,3353.9,40.28,29,72,16,10,True,12,15.0,False,1.4,200.0,4.5,2.5,120.0,0.25
293,3921.33,1.275,29.35,2354.58,43.06,31,72,16,10,True,12,35.0,False,1.4,250.0,3.5,2.5,120.0,0.25
246,3749.81,1.275,25.61,1945.8,40.28,29,72,16,14,False,16,35.0,False,1.4,200.0,4.0,2.5,120.0,0.25
371,3673.99,1.275,22.37,1255.68,43.06,31,72,12,10,False,16,15.0,False,1.4,200.0,4.5,2.0,120.0,0.25
251,3326.7,1.275,24.7,1276.57,43.06,31,72,24,14,False,16,35.0,False,1.4,200.0,4.5,2.0,120.0,0.25
382,3971.74,1.274,23.56,1079.98,45.83,33,72,24,14,False,16,15.0,False,1.4,250.0,4.0,2.0,120.0,0.25
293,3913.01,1.274,29.35,2354.58,43.06,31,72,12,10,True,12,35.0,False,1.4,250.0,3.5,2.5,120.0,0.25
273,3344.77,1.273,27.84,1347.12,44.44,32,72,24,14,False,16,35.0,False,1.4,200.0,3.5,2.0,120.0,0.25
371,3649.77,1.271,27.76,1744.76,44.44,32,72,12,10,False,16,35.0,False,1.4,200.0,3.5,2.0,120.0,0.25
344,3555.74,1.271,28.2,2338.48,45.83,33,72,16,14,False,16,25.0,False,1.4,200.0,3.5,2.0,120.0,0.25
122,2360.19,1.271,18.85,1290.73,23.61,17,72,24,10,False,16,15.0,True,1.35,200.0,4.5,2.0,120.0,0.25
122,2360.19,1.271,18.85,1290.73,23.61,17,72,24,10,False,16,15.0,True,1.35,250.0,4.5,2.0,120.0,0.25
402,3954.27,1.269,24.13,1106.25,41.67,30,72,24,10,True,12,35.0,False,1.4,200.0,4.5,2.0,120.0,0.25
382,3705.52,1.268,26.44,1735.54,48.61,35,72,16,10,True,16,35.0,False,1.4,200.0,3.5,2.0,120.0,0.25
347,3663.49,1.268,25.36,1341.99,41.67,30,72,12,10,False,16,35.0,False,1.4,250.0,4.0,2.0,120.0,0.25
260,3921.49,1.267,26.15,3311.03,40.28,29,72,24,10,True,12,15.0,False,1.4,200.0,4.5,2.5,120.0,0.25
290,3760.68,1.267,29.31,2354.58,43.06,31,72,16,10,True,12,35.0,False,1.4,200.0,3.5,2.5,120.0,0.25
368,3645.88,1.267,26.36,2062.84,45.83,33,72,16,14,True,16,35.0,False,1.4,200.0,3.5,2.0,120.0,0.25
290,3752.36,1.266,29.31,2354.58,43.06,31,72,12,10,True,12,35.0,False,1.4,200.0,3.5,2.5,120.0,0.25
442,3868.48,1.265,26.7,1527.39,48.61,35,72,12,14,False,16,15.0,False,1.4,200.0,3.5,2.0,120.0,0.25
404,3971.03,1.264,25.74,1617.8,48.61,35,72,12,10,True,16,35.0,False,1.4,250.0,3.5,2.0,120.0,0.25
262,3843.99,1.262,25.95,3405.3,40.28,29,72,12,10,True,12,15.0,False,1.4,200.0,4.5,2.5,120.0,0.25
289,3835.2,1.262,28.03,1640.4,38.89,28,72,12,10,True,12,25.0,False,1.4,200.0,4.0,2.5,120.0,0.25
372,3420.95,1.261,25.54,1877.88,47.22,34,72,16,14,True,16,25.0,False,1.4,200.0,3.5,2.0,120.0,0.25
320,3336.28,1.261,24.38,2160.03,43.06,31,72,16,14,False,16,25.0,False,1.4,200.0,4.5,2.0,120.0,0.25
117,2040.54,1.261,24.79,1187.35,27.78,20,72,24,10,False,16,25.0,True,1.35,200.0,3.5,2.0,120.0,0.25
117,2040.54,1.261,24.79,1187.35,27.78,20,72,24,10,False,16,25.0,True,1.35,250.0,3.5,2.0,120.0,0.25
434,3912.3,1.26,25.81,1020.26,47.22,34,72,12,10,True,12,25.0,False,1.4,250.0,4.0,2.0,120.0,0.25
300,3864.4,1.26,29.33,1185.95,41.67,30,72,12,10,True,12,15.0,False,1.4,250.0,3.5,2.5,120.0,0.25
372,3591.04,1.259,26.08,2169.26,44.44,32,72,12,14,True,16,35.0,False,1.4,200.0,3.5,2.0,120.0,0.25
295,3728.4,1.258,29.15,2370.89,43.06,31,72,24,10,True,12,35.0,False,1.4,250.0,3.5,2.5,120.0,0.25
101,1929.51,1.258,19.8,1510.93,22.22,16,72,24,14,False,16,35.0,True,1.35,200.0,4.0,2.0,120.0,0.25
101,1929.51,1.258,19.8,1510.93,22.22,16,72,24,14,False,16,35.0,True,1.35,250.0,4.0,2.0,120.0,0.25
417,3852.08,1.257,24.7,1667.62,47.22,34,72,12,14,False,16,15.0,False,1.4,200.0,4.0,2.0,120.0,0.25
407,3874.28,1.256,25.8,1735.54,47.22,34,72,16,10,True,16,35.0,False,1.4,250.0,3.5,2.0,120.0,0.25
354,3523.62,1.255,27.12,1178.26,47.22,34,72,24,10,False,16,25.0,False,1.4,250.0,3.5,2.0,120.0,0.25
430,3805.27,1.254,25.35,1345.45,44.44,32,72,12,10,True,12,15.0,False,1.4,250.0,4.0,2.0,120.0,0.25
455,3809.88,1.252,26.37,1510.97,47.22,34,72,12,14,False,16,15.0,False,1.4,250.0,3.5,2.0,120.0,0.25
386,3642.4,1.252,26.42,2062.84,44.44,32,72,16,14,True,16,35.0,False,1.4,250.0,3.5,2.0,120.0,0.25
385,3636.63,1.252,25.97,2169.26,43.06,31,72,12,14,True,16,35.0,False,1.4,250.0,3.5,2.0,120.0,0.25
288,3611.82,1.252,30.56,1976.79,44.44,32,72,16,10,True,12,25.0,False,1.4,200.0,3.5,2.5,120.0,0.25
274,3436.28,1.252,28.83,1874.95,44.44,32,72,16,10,False,16,25.0,False,1.4,250.0,3.5,2.5,120.0,0.25
255,3108.97,1.252,24.31,1276.57,43.06,31,72,24,14,False,16,35.0,False,1.4,250.0,4.5,2.0,120.0,0.25
292,3567.74,1.25,29.11,2370.89,43.06,31,72,24,10,True,12,35.0,False,1.4,200.0,3.5,2.5,120.0,0.25
470,3827.08,1.249,28.3,1323.89,50.0,36,72,16,10,True,12,15.0,False,1.4,250.0,3.5,2.0,120.0,0.25
439,3786.61,1.247,25.74,1344.28,44.44,32,72,16,10,True,12,15.0,False,1.4,250.0,4.0,2.0,120.0,0.25
392,3441.23,1.244,25.0,1296.66,44.44,32,72,12,10,False,16,25.0,False,1.4,250.0,4.0,2.0,120.0,0.25
378,3411.65,1.243,25.66,1170.33,48.61,35,72,24,14,False,16,15.0,False,1.4,250.0,3.5,2.0,120.0,0.25
222,3151.33,1.243,21.17,1899.77,36.11,26,72,24,14,False,16,25.0,False,1.4,250.0,4.5,2.5,120.0,0.25
403,3312.45,1.242,26.05,1886.16,45.83,33,72,16,14,True,12,25.0,False,1.4,200.0,3.5,2.0,120.0,0.25
346,3406.88,1.241,24.28,1641.36,45.83,33,72,24,10,False,16,25.0,False,1.4,250.0,4.0,2.0,120.0,0.25
281,3530.73,1.24,27.05,2299.87,37.5,27,72,12,10,True,12,15.0,False,1.4,250.0,4.0,2.5,120.0,0.25
374,3271.35,1.239,23.26,1293.63,45.83,33,72,12,10,False,16,25.0,False,1.4,250.0,4.5,2.0,120.0,0.25
237,3201.23,1.238,24.47,3084.81,40.28,29,72,16,10,False,16,25.0,False,1.4,250.0,4.5,2.5,120.0,0.25
282,3448.97,1.233,26.95,2393.18,37.5,27,72,24,10,True,12,15.0,False,1.4,250.0,4.0,2.5,120.0,0.25
263,3050.28,1.233,23.57,2318.24,41.67,30,72,24,14,False,16,15.0,False,1.4,200.0,4.0,2.5,120.0,0.25
245,3229.41,1.232,24.9,1945.8,37.5,27,72,16,14,False,16,35.0,False,1.4,250.0,4.0,2.5,120.0,0.25
436,3482.45,1.23,25.92,1601.97,45.83,33,72,16,10,True,12,25.0,False,1.4,200.0,4.0,2.0,120.0,0.25
342,3101.41,1.23,25.15,1254.93,41.67,30,72,12,10,False,16,35.0,False,1.4,200.0,4.0,2.0,120.0,0.25
445,3552.47,1.229,25.84,1401.9,45.83,33,72,16,10,True,12,25.0,False,1.4,250.0,4.0,2.0,120.0,0.25
446,3379.73,1.228,29.37,1592.23,50.0,36,72,24,10,True,12,25.0,False,1.4,200.0,3.5,2.0,120.0,0.25
338,3085.09,1.227,21.3,1289.47,41.67,30,72,24,10,False,16,15.0,False,1.4,250.0,4.0,2.0,120.0,0.25
449,3402.13,1.226,27.62,1705.0,47.22,34,72,12,10,True,12,35.0,False,1.4,200.0,3.5,2.0,120.0,0.25
341,3067.91,1.226,25.81,2260.99,41.67,30,72,16,14,False,16,25.0,False,1.4,250.0,4.0,2.0,120.0,0.25
260,3215.85,1.225,25.38,2705.73,38.89,28,72,24,10,True,12,35.0,False,1.4,250.0,4.5,2.5,120.0,0.25
363,3031.86,1.225,25.34,1170.33,51.39,37,72,24,14,False,16,15.0,False,1.4,200.0,3.5,2.0,120.0,0.25
244,2934.31,1.225,23.36,2242.54,34.72,25,72,24,14,False,16,25.0,False,1.4,200.0,4.0,2.5,120.0,0.25
244,2934.31,1.225,23.36,2242.54,34.72,25,72,24,14,False,16,25.0,False,1.4,250.0,4.0,2.5,120.0,0.25
465,3409.52,1.224,28.17,1323.89,50.0,36,72,16,10,True,12,15.0,False,1.4,200.0,3.5,2.0,120.0,0.25
449,3361.55,1.224,28.06,1782.94,45.83,33,72,16,10,True,12,35.0,False,1.4,200.0,3.5,2.0,120.0,0.25
329,2914.78,1.224,25.84,2260.99,43.06,31,72,16,14,False,16,25.0,False,1.4,200.0,4.0,2.0,120.0,0.25
450,3370.93,1.223,27.78,1795.99,45.83,33,72,24,10,True,12,35.0,False,1.4,200.0,3.5,2.0,120.0,0.25
111,1795.61,1.223,19.82,1290.25,23.61,17,72,24,14,False,16,25.0,True,1.35,200.0,4.0,2.0,120.0,0.25
111,1795.61,1.223,19.82,1290.25,23.61,17,72,24,14,False,16,25.0,True,1.35,250.0,4.0,2.0,120.0,0.25
261,3159.5,1.222,24.9,2660.14,38.89,28,72,16,10,True,12,35.0,False,1.4,250.0,4.5,2.5,120.0,0.25
261,3157.95,1.222,24.9,2660.14,38.89,28,72,12,10,True,12,35.0,False,1.4,250.0,4.5,2.5,120.0,0.25
319,2947.98,1.221,23.2,2327.11,43.06,31,72,24,14,False,16,25.0,False,1.4,200.0,4.0,2.0,120.0,0.25
220,2853.53,1.221,20.91,1899.77,36.11,26,72,24,14,False,16,25.0,False,1.4,200.0,4.5,2.5,120.0,0.25
348,3194.82,1.22,22.99,2327.11,40.28,29,72,24,14,False,16,25.0,False,1.4,250.0,4.0,2.0,120.0,0.25
261,3152.73,1.22,24.9,2705.73,38.89,28,72,24,10,True,12,35.0,False,1.4,200.0,4.5,2.5,120.0,0.25
268,2946.47,1.22,28.36,1874.95,44.44,32,72,16,10,False,16,25.0,False,1.4,200.0,3.5,2.5,120.0,0.25
262,3096.38,1.217,24.43,2660.14,38.89,28,72,16,10,True,12,35.0,False,1.4,200.0,4.5,2.5,120.0,0.25
262,3094.84,1.217,24.43,2660.14,38.89,28,72,12,10,True,12,35.0,False,1.4,200.0,4.5,2.5,120.0,0.25
471,3485.32,1.216,26.96,1705.0,45.83,33,72,12,10,True,12,35.0,False,1.4,250.0,3.5,2.0,120.0,0.25
472,3484.81,1.216,27.33,1782.94,44.44,32,72,16,10,True,12,35.0,False,1.4,250.0,3.5,2.0,120.0,0.25
462,3314.38,1.216,28.57,1578.41,48.61,35,72,16,10,True,12,25.0,False,1.4,250.0,3.5,2.0,120.0,0.25
420,3243.32,1.216,24.05,1074.09,44.44,32,72,16,10,True,12,25.0,False,1.4,200.0,4.5,2.0,120.0,0.25
473,3494.19,1.215,27.06,1795.99,44.44,32,72,24,10,True,12,35.0,False,1.4,250.0,3.5,2.0,120.0,0.25
235,2777.61,1.215,23.83,1797.07,38.89,28,72,12,14,False,16,25.0,False,1.4,200.0,4.0,2.5,120.0,0.25
473,3352.39,1.212,27.27,1325.06,48.61,35,72,12,10,True,12,15.0,False,1.4,250.0,3.5,2.0,120.0,0.25
331,2814.9,1.212,20.24,1680.51,40.28,29,72,24,10,False,16,15.0,False,1.4,200.0,4.5,2.0,120.0,0.25
236,2824.72,1.21,24.15,3084.81,40.28,29,72,16,10,False,16,25.0,False,1.4,200.0,4.5,2.5,120.0,0.25
274,3083.43,1.209,25.18,3345.07,36.11,26,72,16,10,True,12,25.0,False,1.4,250.0,4.5,2.5,120.0,0.25
464,3205.79,1.208,28.23,1578.41,48.61,35,72,12,10,True,12,25.0,False,1.4,250.0,3.5,2.0,120.0,0.25
387,2943.62,1.208,26.87,1576.53,41.67,30,72,12,10,False,16,35.0,False,1.4,250.0,3.5,2.0,120.0,0.25
301,3063.78,1.207,29.57,1700.63,43.06,31,72,24,10,True,12,25.0,False,1.4,250.0,3.5,2.5,120.0,0.25
272,3052.87,1.206,25.37,3345.51,36.11,26,72,24,10,True,12,25.0,False,1.4,250.0,4.5,2.5,120.0,0.25
274,3031.65,1.205,25.18,3382.09,36.11,26,72,12,10,True,12,25.0,False,1.4,250.0,4.5,2.5,120.0,0.25
330,2742.0,1.205,23.64,2160.03,40.28,29,72,16,14,False,16,25.0,False,1.4,250.0,4.5,2.0,120.0,0.25
274,3027.08,1.204,25.18,3345.07,36.11,26,72,16,10,True,12,25.0,False,1.4,200.0,4.5,2.5,120.0,0.25
263,2756.11,1.203,25.86,1921.52,36.11,26,72,12,14,False,16,25.0,False,1.4,250.0,3.5,2.5,120.0,0.25
272,2996.52,1.201,25.37,3345.51,36.11,26,72,24,10,True,12,25.0,False,1.4,200.0,4.5,2.5,120.0,0.25
274,2975.31,1.2,25.18,3382.09,36.11,26,72,12,10,True,12,25.0,False,1.4,200.0,4.5,2.5,120.0,0.25
292,2973.54,1.199,27.74,2121.0,37.5,27,72,16,10,True,12,25.0,False,1.4,200.0,4.0,2.5,120.0,0.25
461,3024.99,1.198,27.33,1325.06,48.61,35,72,12,10,True,12,15.0,False,1.4,200.0,3.5,2.0,120.0,0.25
256,2685.75,1.198,26.56,1618.73,38.89,28,72,16,14,False,16,35.0,False,1.4,200.0,3.5,2.5,120.0,0.25
421,2975.86,1.197,23.75,1282.59,43.06,31,72,12,10,True,12,25.0,False,1.4,200.0,4.5,2.0,120.0,0.25
290,2962.23,1.197,27.93,2072.84,37.5,27,72,24,10,True,12,25.0,False,1.4,200.0,4.0,2.5,120.0,0.25
116,1614.73,1.196,19.83,1409.49,23.61,17,72,24,10,False,16,25.0,True,1.35,200.0,4.0,2.0,120.0,0.25
116,1614.73,1.196,19.83,1409.49,23.61,17,72,24,10,False,16,25.0,True,1.35,250.0,4.0,2.0,120.0,0.25
384,2696.28,1.194,26.04,2533.14,41.67,30,72,12,14,False,16,25.0,False,1.4,200.0,3.5,2.0,120.0,0.25
452,2866.35,1.192,28.32,1578.41,48.61,35,72,12,10,True,12,25.0,False,1.4,200.0,3.5,2.0,120.0,0.25
354,2643.68,1.191,23.73,1549.12,40.28,29,72,12,14,False,16,25.0,False,1.4,200.0,4.0,2.0,120.0,0.25
123,1565.9,1.189,23.58,1207.62,27.78,20,72,24,10,False,16,15.0,True,1.35,200.0,3.5,2.0,120.0,0.25
123,1565.9,1.189,23.58,1207.62,27.78,20,72,24,10,False,16,15.0,True,1.35,250.0,3.5,2.0,120.0,0.25
343,2488.46,1.185,26.24,1178.26,47.22,34,72,24,10,False,16,25.0,False,1.4,200.0,3.5,2.0,120.0,0.25
285,2613.91,1.182,30.18,1976.79,43.06,31,72,12,10,True,12,25.0,False,1.4,200.0,3.5,2.5,120.0,0.25
335,2483.73,1.182,23.88,1641.36,47.22,34,72,24,10,False,16,25.0,False,1.4,200.0,4.0,2.0,120.0,0.25
261,2458.6,1.182,25.67,1921.52,36.11,26,72,12,14,False,16,25.0,False,1.4,200.0,3.5,2.5,120.0,0.25
333,2429.78,1.18,20.72,1289.47,41.67,30,72,24,10,False,16,15.0,False,1.4,200.0,4.0,2.0,120.0,0.25
294,2615.66,1.179,29.93,1994.07,43.06,31,72,24,10,True,12,25.0,False,1.4,200.0,3.5,2.5,120.0,0.25
370,2592.16,1.179,22.97,1796.93,37.5,27,72,12,14,False,16,25.0,False,1.4,250.0,4.0,2.0,120.0,0.25
247,2431.62,1.179,25.1,1906.89,34.72,25,72,16,14,False,16,25.0,False,1.4,250.0,4.0,2.5,120.0,0.25
382,2491.6,1.178,22.77,1293.63,44.44,32,72,12,10,False,16,25.0,False,1.4,200.0,4.5,2.0,120.0,0.25
401,2606.85,1.176,25.69,2533.14,40.28,29,72,12,14,False,16,25.0,False,1.4,250.0,3.5,2.0,120.0,0.25
259,2418.09,1.173,26.25,2303.43,36.11,26,72,16,14,False,16,35.0,False,1.4,250.0,3.5,2.5,120.0,0.25
245,2303.37,1.171,23.67,2109.63,37.5,27,72,12,14,False,16,25.0,False,1.4,250.0,4.0,2.5,120.0,0.25
428,2665.5,1.17,24.3,2076.33,44.44,32,72,12,14,False,16,15.0,False,1.4,250.0,4.0,2.0,120.0,0.25
452,2419.36,1.16,28.76,1578.41,47.22,34,72,16,10,True,12,25.0,False,1.4,200.0,3.5,2.0,120.0,0.25
324,2155.65,1.158,21.91,1693.43,44.44,32,72,24,10,False,16,25.0,False,1.4,250.0,4.5,2.0,120.0,0.25
293,2159.14,1.146,29.35,1976.79,41.67,30,72,12,10,True,12,25.0,False,1.4,250.0,3.5,2.5,120.0,0.25
310,1828.93,1.141,21.94,1780.13,44.44,32,72,24,10,False,16,25.0,False,1.4,200.0,4.5,2.0,120.0,0.25
350,1897.91,1.135,22.86,1403.67,38.89,28,72,12,10,False,16,35.0,False,1.4,250.0,4.5,2.0,120.0,0.25
292,1988.43,1.132,25.68,3828.23,37.5,27,72,16,10,True,12,35.0,False,1.4,200.0,4.0,2.5,120.0,0.25
365,1850.68,1.131,24.11,1462.94,40.28,29,72,24,10,False,16,15.0,False,1.4,250.0,3.5,2.0,120.0,0.25
122,1140.08,1.131,18.85,1755.77,23.61,17,72,24,10,False,16,15.0,True,1.35,200.0,4.0,2.0,120.0,0.25
122,1140.08,1.131,18.85,1755.77,23.61,17,72,24,10,False,16,15.0,True,1.35,250.0,4.0,2.0,120.0,0.25
293,1955.24,1.129,25.6,3828.23,37.5,27,72,12,10,True,12,35.0,False,1.4,200.0,4.0,2.5,120.0,0.25
292,1898.33,1.125,25.68,3873.81,37.5,27,72,24,10,True,12,35.0,False,1.4,200.0,4.0,2.5,120.0,0.25
292,1872.75,1.123,25.68,3860.23,37.5,27,72,16,10,True,12,35.0,False,1.4,250.0,4.0,2.5,120.0,0.25
293,1839.55,1.121,25.6,3860.23,37.5,27,72,12,10,True,12,35.0,False,1.4,250.0,4.0,2.5,120.0,0.25
292,1782.65,1.117,25.68,3905.81,37.5,27,72,24,10,True,12,35.0,False,1.4,250.0,4.0,2.5,120.0,0.25
359,1606.91,1.111,24.51,2742.65,41.67,30,72,24,14,False,16,25.0,False,1.4,250.0,3.5,2.0,120.0,0.25
345,1535.89,1.11,24.64,2742.65,43.06,31,72,24,14,False,16,25.0,False,1.4,200.0,3.5,2.0,120.0,0.25
341,1373.93,1.099,22.29,1493.56,40.28,29,72,12,10,False,16,35.0,False,1.4,200.0,4.5,2.0,120.0,0.25
296,1497.08,1.098,26.35,3597.46,34.72,25,72,16,10,True,12,25.0,False,1.4,250.0,4.0,2.5,120.0,0.25
296,1448.93,1.094,26.35,3597.46,34.72,25,72,12,10,True,12,25.0,False,1.4,250.0,4.0,2.5,120.0,0.25
295,1391.05,1.09,26.44,3644.02,34.72,25,72,24,10,True,12,25.0,False,1.4,250.0,4.0,2.5,120.0,0.25
270,779.66,1.055,24.81,2733.8,31.94,23,72,16,14,False,16,25.0,False,1.4,250.0,3.5,2.5,120.0,0.25
270,742.33,1.053,24.81,2733.8,33.33,24,72,16,14,False,16,25.0,False,1.4,200.0,3.5,2.5,120.0,0.25
356,286.54,1.02,22.75,1462.94,40.28,29,72,24,10,False,16,15.0,False,1.4,200.0,3.5,2.0,120.0,0.25
