total_trades,net_profit,pf,win_rate,max_dd,mcr,total_months,pos_months,neg_months,use_kfd,kfd_thresh,use_vr,vr_thresh,use_ema50,lookback,profit_lock,trend_tp,trend_sl,def_thresh,def_mult
516,4841.46,1.352,25.0,1341.45,62.5,72,45,27,False,1.4,False,1.2,True,8bars,150.0,4.0,2.5,100.0,0.3
501,4900.08,1.356,25.75,1337.8,61.11,72,44,28,False,1.4,False,1.2,True,8bars,150.0,4.0,2.5,120.0,0.3
548,5138.63,1.383,24.82,1259.16,59.72,72,43,29,False,1.4,False,1.2,True,8bars,150.0,4.0,2.5,100.0,0.25
578,5418.38,1.345,24.91,1268.77,59.72,72,43,29,False,1.4,False,1.2,True,8bars,200.0,4.0,2.5,100.0,0.3
586,5251.76,1.326,24.91,1256.61,59.72,72,43,29,False,1.4,False,1.2,False,8bars,200.0,4.0,2.5,100.0,0.3
511,4427.74,1.31,25.44,1295.34,59.72,72,43,29,False,1.4,False,1.2,False,8bars,150.0,4.0,2.5,120.0,0.3
559,4032.41,1.27,24.15,1329.29,59.72,72,43,29,False,1.4,False,1.2,False,8bars,150.0,4.0,2.5,100.0,0.3
288,6610.66,1.728,25.35,757.71,58.33,72,42,30,True,1.4,False,1.2,False,8bars,150.0,4.5,2.0,120.0,0.3
552,5506.91,1.405,25.0,1189.8,58.33,72,42,30,False,1.4,False,1.2,False,8bars,150.0,4.0,2.5,100.0,0.25
547,5474.46,1.399,25.41,1189.8,58.33,72,42,30,False,1.4,False,1.2,False,8bars,150.0,4.0,2.5,120.0,0.25
284,6880.49,1.81,25.0,726.33,56.94,72,41,31,True,1.4,False,1.2,False,8bars,150.0,4.5,2.0,120.0,0.25
286,6350.3,1.695,25.17,831.65,56.94,72,41,31,True,1.4,False,1.2,False,12bars,150.0,4.5,2.0,120.0,0.3
536,4943.05,1.367,25.19,1255.65,56.94,72,41,31,False,1.4,False,1.2,True,8bars,150.0,4.0,2.5,120.0,0.25
656,6710.7,1.356,25.61,1256.61,56.94,72,41,31,False,1.4,False,1.2,False,8bars,250.0,4.0,2.5,100.0,0.3
606,5203.67,1.346,24.75,1179.32,56.94,72,41,31,False,1.4,False,1.2,True,8bars,200.0,4.0,2.5,100.0,0.25
565,5213.79,1.328,24.78,1265.12,56.94,72,41,31,False,1.4,False,1.2,True,8bars,200.0,4.0,2.5,120.0,0.3
571,5050.08,1.313,24.69,1232.47,56.94,72,41,31,False,1.4,False,1.2,False,8bars,200.0,4.0,2.5,120.0,0.3
522,4311.11,1.293,24.52,1547.79,56.94,72,41,31,False,1.4,False,1.2,False,12bars,150.0,4.0,2.5,120.0,0.3
633,3613.94,1.237,26.07,1130.5,56.94,72,41,31,False,1.4,False,1.2,False,12bars,150.0,3.5,2.5,100.0,0.25
282,6618.4,1.774,24.82,860.03,55.56,72,40,32,True,1.4,False,1.2,False,12bars,150.0,4.5,2.0,120.0,0.25
300,6176.65,1.63,24.67,905.13,55.56,72,40,32,True,1.4,False,1.2,False,8bars,200.0,4.5,2.0,120.0,0.3
287,5346.54,1.567,24.74,831.65,55.56,72,40,32,True,1.4,False,1.2,True,12bars,150.0,4.5,2.0,120.0,0.3
288,5336.11,1.565,24.65,831.65,55.56,72,40,32,True,1.4,False,1.2,True,8bars,150.0,4.5,2.0,120.0,0.3
293,5038.21,1.545,25.6,800.81,55.56,72,40,32,True,1.4,False,1.2,False,8bars,150.0,4.0,2.0,120.0,0.3
621,5575.95,1.361,24.96,1189.8,55.56,72,40,32,False,1.4,False,1.2,False,8bars,200.0,4.0,2.5,100.0,0.25
603,5362.72,1.346,24.71,1189.8,55.56,72,40,32,False,1.4,False,1.2,False,8bars,200.0,4.0,2.5,120.0,0.25
663,6391.69,1.342,25.34,1268.77,55.56,72,40,32,False,1.4,False,1.2,True,8bars,250.0,4.0,2.5,100.0,0.3
586,4532.92,1.325,19.97,1212.14,55.56,72,40,32,False,1.4,True,1.25,True,8bars,150.0,4.5,2.5,100.0,0.3
545,5034.0,1.324,22.94,1343.19,55.56,72,40,32,False,1.4,False,1.2,False,8bars,200.0,4.5,2.5,100.0,0.3
556,5151.99,1.323,24.28,1745.34,55.56,72,40,32,False,1.4,False,1.2,False,12bars,200.0,4.0,2.5,120.0,0.3
595,4488.82,1.318,19.83,1325.07,55.56,72,40,32,False,1.4,True,1.25,False,8bars,150.0,4.5,2.5,100.0,0.3
522,4899.17,1.317,22.99,1499.08,55.56,72,40,32,False,1.4,False,1.2,False,8bars,200.0,4.5,2.5,120.0,0.3
534,4095.01,1.28,23.6,1547.79,55.56,72,40,32,False,1.4,False,1.2,False,12bars,150.0,4.0,2.5,100.0,0.3
518,3664.14,1.25,24.13,1674.17,55.56,72,40,32,False,1.4,False,1.2,True,12bars,150.0,4.0,2.5,120.0,0.3
527,3505.94,1.236,22.2,1451.85,55.56,72,40,32,False,1.4,False,1.2,False,8bars,150.0,4.5,2.5,100.0,0.3
502,3425.43,1.23,22.51,1499.08,55.56,72,40,32,False,1.4,False,1.2,False,8bars,150.0,4.5,2.5,120.0,0.3
606,3173.14,1.209,26.24,1130.5,55.56,72,40,32,False,1.4,False,1.2,False,12bars,150.0,3.5,2.5,120.0,0.25
630,3125.16,1.205,25.71,1155.29,55.56,72,40,32,False,1.4,False,1.2,True,12bars,150.0,3.5,2.5,100.0,0.25
646,2600.41,1.175,23.22,1335.3,55.56,72,40,32,False,1.4,True,1.25,False,8bars,150.0,3.5,2.5,100.0,0.3
612,2384.68,1.145,25.0,1119.11,55.56,72,40,32,False,1.4,False,1.2,False,12bars,150.0,3.5,2.5,100.0,0.3
747,2119.3,1.132,19.41,1183.57,55.56,72,40,32,False,1.4,True,1.25,False,8bars,150.0,4.5,2.0,120.0,0.3
779,1695.19,1.1,23.36,1643.92,55.56,72,40,32,False,1.4,False,1.2,False,12bars,150.0,3.5,2.0,120.0,0.3
907,1526.91,1.093,23.15,1341.87,55.56,72,40,32,False,1.4,False,1.2,False,12bars,150.0,3.5,2.0,100.0,0.25
296,6448.14,1.7,24.32,931.88,54.17,72,39,33,True,1.4,False,1.2,False,8bars,200.0,4.5,2.0,120.0,0.25
296,6115.42,1.692,25.0,757.59,54.17,72,39,33,True,1.4,False,1.2,False,8bars,150.0,4.5,2.0,100.0,0.3
282,5643.63,1.64,24.47,860.03,54.17,72,39,33,True,1.4,False,1.2,True,12bars,150.0,4.5,2.0,120.0,0.25
283,5634.94,1.639,24.38,860.03,54.17,72,39,33,True,1.4,False,1.2,True,8bars,150.0,4.5,2.0,120.0,0.25
297,6022.36,1.618,24.58,1109.31,54.17,72,39,33,True,1.4,False,1.2,False,12bars,200.0,4.5,2.0,120.0,0.3
289,5344.83,1.618,25.26,814.4,54.17,72,39,33,True,1.4,False,1.2,False,8bars,150.0,4.0,2.0,120.0,0.25
210,5765.67,1.613,27.14,1553.91,54.17,72,39,33,True,1.35,False,1.2,False,8bars,150.0,4.5,2.5,120.0,0.3
209,5687.78,1.604,26.79,1631.8,54.17,72,39,33,True,1.35,False,1.2,True,8bars,150.0,4.5,2.5,120.0,0.3
206,5586.78,1.595,26.7,1749.3,54.17,72,39,33,True,1.35,False,1.2,True,12bars,150.0,4.5,2.5,120.0,0.3
206,5586.78,1.595,26.7,1749.3,54.17,72,39,33,True,1.35,False,1.2,False,12bars,150.0,4.5,2.5,120.0,0.3
259,5921.67,1.572,25.48,1008.21,54.17,72,39,33,True,1.4,False,1.2,False,8bars,200.0,4.0,2.5,120.0,0.3
218,5589.86,1.567,26.61,1553.91,54.17,72,39,33,True,1.35,False,1.2,False,8bars,200.0,4.5,2.5,120.0,0.3
217,5511.97,1.559,26.27,1631.8,54.17,72,39,33,True,1.35,False,1.2,True,8bars,200.0,4.5,2.5,120.0,0.3
214,5410.97,1.55,26.17,1749.3,54.17,72,39,33,True,1.35,False,1.2,True,12bars,200.0,4.5,2.5,120.0,0.3
214,5410.97,1.55,26.17,1749.3,54.17,72,39,33,True,1.35,False,1.2,False,12bars,200.0,4.5,2.5,120.0,0.3
290,4907.27,1.534,25.52,942.16,54.17,72,39,33,True,1.4,False,1.2,False,12bars,150.0,4.0,2.0,120.0,0.3
256,5263.59,1.521,24.61,1057.63,54.17,72,39,33,True,1.4,False,1.2,False,8bars,150.0,4.0,2.5,120.0,0.3
285,3942.02,1.461,26.67,1031.25,54.17,72,39,33,True,1.4,False,1.2,False,8bars,150.0,3.5,2.0,120.0,0.25
304,5192.53,1.452,27.3,1967.31,54.17,72,39,33,True,1.45,False,1.2,False,12bars,200.0,3.5,2.5,120.0,0.3
280,3842.15,1.452,26.79,1159.44,54.17,72,39,33,True,1.4,False,1.2,True,12bars,150.0,3.5,2.0,120.0,0.25
304,5183.62,1.451,27.3,1967.31,54.17,72,39,33,True,1.45,False,1.2,True,12bars,200.0,3.5,2.5,120.0,0.3
281,3833.46,1.451,26.69,1159.44,54.17,72,39,33,True,1.4,False,1.2,True,8bars,150.0,3.5,2.0,120.0,0.25
282,3832.7,1.451,26.6,1159.44,54.17,72,39,33,True,1.4,False,1.2,False,12bars,150.0,3.5,2.0,120.0,0.25
307,5140.12,1.445,27.04,1967.31,54.17,72,39,33,True,1.45,False,1.2,True,8bars,200.0,3.5,2.5,120.0,0.3
307,5128.69,1.445,27.04,1967.31,54.17,72,39,33,True,1.45,False,1.2,False,8bars,200.0,3.5,2.5,120.0,0.3
648,5249.75,1.38,19.91,1175.37,54.17,72,39,33,False,1.4,True,1.25,False,8bars,150.0,4.5,2.5,100.0,0.25
594,6611.63,1.377,24.92,1547.79,54.17,72,39,33,False,1.4,False,1.2,False,12bars,250.0,4.0,2.5,120.0,0.3
683,6170.04,1.345,24.89,1226.1,54.17,72,39,33,False,1.4,False,1.2,True,8bars,250.0,4.0,2.5,100.0,0.25
633,4676.01,1.343,19.91,1080.12,54.17,72,39,33,False,1.4,True,1.25,True,8bars,150.0,4.5,2.5,100.0,0.25
640,6502.37,1.342,25.16,1234.78,54.17,72,39,33,False,1.4,False,1.2,False,8bars,250.0,4.0,2.5,120.0,0.3
605,4931.31,1.338,20.17,1115.77,54.17,72,39,33,False,1.4,True,1.25,True,8bars,200.0,4.5,2.5,100.0,0.3
334,3557.19,1.333,21.26,1284.8,54.17,72,39,33,True,1.45,False,1.2,False,12bars,150.0,4.5,2.0,120.0,0.3
587,5005.21,1.332,24.53,1179.32,54.17,72,39,33,False,1.4,False,1.2,True,8bars,200.0,4.0,2.5,120.0,0.25
333,3553.48,1.332,21.32,1284.8,54.17,72,39,33,True,1.45,False,1.2,True,12bars,150.0,4.5,2.0,120.0,0.3
535,4672.7,1.309,22.8,1639.84,54.17,72,39,33,False,1.4,False,1.2,True,8bars,200.0,4.5,2.5,100.0,0.3
286,3309.04,1.303,25.52,1979.28,54.17,72,39,33,True,1.45,False,1.2,False,12bars,150.0,3.5,2.5,120.0,0.3
286,3300.12,1.302,25.52,1979.28,54.17,72,39,33,True,1.45,False,1.2,True,12bars,150.0,3.5,2.5,120.0,0.3
613,4450.23,1.3,19.9,1218.55,54.17,72,39,33,False,1.4,True,1.25,False,8bars,200.0,4.5,2.5,100.0,0.3
514,4545.95,1.299,22.96,1636.19,54.17,72,39,33,False,1.4,False,1.2,True,8bars,200.0,4.5,2.5,120.0,0.3
691,5184.65,1.297,26.48,1130.5,54.17,72,39,33,False,1.4,False,1.2,False,12bars,200.0,3.5,2.5,100.0,0.25
289,3256.63,1.297,25.26,1967.31,54.17,72,39,33,True,1.45,False,1.2,True,8bars,150.0,3.5,2.5,120.0,0.3
289,3245.2,1.296,25.26,1967.31,54.17,72,39,33,True,1.45,False,1.2,False,8bars,150.0,3.5,2.5,120.0,0.3
557,4156.68,1.295,22.26,1469.92,54.17,72,39,33,False,1.4,False,1.2,False,8bars,150.0,4.5,2.5,100.0,0.25
547,4557.0,1.29,22.67,1702.03,54.17,72,39,33,False,1.4,False,1.2,False,12bars,200.0,4.5,2.5,120.0,0.3
581,4481.12,1.283,23.75,1745.34,54.17,72,39,33,False,1.4,False,1.2,False,12bars,200.0,4.0,2.5,100.0,0.3
556,4497.08,1.282,23.92,1799.74,54.17,72,39,33,False,1.4,False,1.2,True,12bars,200.0,4.0,2.5,120.0,0.3
669,4587.36,1.249,26.16,1119.11,54.17,72,39,33,False,1.4,False,1.2,False,12bars,200.0,3.5,2.5,100.0,0.3
530,3448.04,1.237,23.21,1689.53,54.17,72,39,33,False,1.4,False,1.2,True,12bars,150.0,4.0,2.5,100.0,0.3
504,3154.61,1.224,21.03,920.74,54.17,72,39,33,False,1.4,True,1.15,True,12bars,150.0,4.5,2.5,120.0,0.3
520,3335.02,1.219,22.69,1702.03,54.17,72,39,33,False,1.4,False,1.2,False,12bars,150.0,4.5,2.5,120.0,0.3
516,2755.38,1.191,21.9,1639.84,54.17,72,39,33,False,1.4,False,1.2,True,8bars,150.0,4.5,2.5,100.0,0.3
492,2699.5,1.185,22.36,1636.19,54.17,72,39,33,False,1.4,False,1.2,True,8bars,150.0,4.5,2.5,120.0,0.3
641,2676.62,1.181,23.24,1309.64,54.17,72,39,33,False,1.4,True,1.25,True,8bars,150.0,3.5,2.5,100.0,0.3
603,2684.35,1.177,25.87,1329.52,54.17,72,39,33,False,1.4,False,1.2,True,12bars,150.0,3.5,2.5,120.0,0.25
704,2645.72,1.171,20.6,2326.67,54.17,72,39,33,False,1.4,False,1.2,False,8bars,150.0,4.5,2.0,120.0,0.25
768,2677.81,1.164,19.92,1922.95,54.17,72,39,33,False,1.4,False,1.2,False,8bars,150.0,4.5,2.0,100.0,0.3
673,2645.59,1.164,20.51,2281.67,54.17,72,39,33,False,1.4,False,1.2,False,8bars,150.0,4.5,2.0,120.0,0.3
639,2123.89,1.138,23.16,1537.35,54.17,72,39,33,False,1.4,True,1.25,False,8bars,150.0,3.5,2.5,120.0,0.3
588,2244.78,1.137,25.51,1119.11,54.17,72,39,33,False,1.4,False,1.2,False,12bars,150.0,3.5,2.5,120.0,0.3
583,1971.24,1.129,24.87,1074.52,54.17,72,39,33,False,1.4,True,1.15,True,12bars,150.0,3.5,2.5,120.0,0.3
855,1932.28,1.117,23.51,1278.12,54.17,72,39,33,False,1.4,False,1.2,False,12bars,150.0,3.5,2.0,120.0,0.25
608,1821.5,1.111,24.67,1416.59,54.17,72,39,33,False,1.4,False,1.2,True,12bars,150.0,3.5,2.5,100.0,0.3
792,1648.0,1.108,18.69,1333.54,54.17,72,39,33,False,1.4,True,1.25,False,8bars,150.0,4.5,2.0,100.0,0.3
697,1319.8,1.082,19.66,1911.68,54.17,72,39,33,False,1.4,False,1.2,False,12bars,150.0,4.5,2.0,120.0,0.3
892,1276.58,1.079,22.87,1592.44,54.17,72,39,33,False,1.4,False,1.2,True,12bars,150.0,3.5,2.0,100.0,0.25
830,1325.79,1.078,23.01,1659.55,54.17,72,39,33,False,1.4,False,1.2,False,12bars,150.0,3.5,2.0,100.0,0.3
772,1261.06,1.074,23.19,1985.89,54.17,72,39,33,False,1.4,False,1.2,True,12bars,150.0,3.5,2.0,120.0,0.3
291,6334.89,1.775,24.74,726.2,52.78,72,38,34,True,1.4,False,1.2,False,8bars,150.0,4.5,2.0,100.0,0.25
293,6292.11,1.687,24.23,1138.97,52.78,72,38,34,True,1.4,False,1.2,False,12bars,200.0,4.5,2.0,120.0,0.25
294,5855.06,1.658,24.83,839.28,52.78,72,38,34,True,1.4,False,1.2,False,12bars,150.0,4.5,2.0,100.0,0.3
286,5212.16,1.607,25.17,958.36,52.78,72,38,34,True,1.4,False,1.2,False,12bars,150.0,4.0,2.0,120.0,0.25
215,5538.12,1.601,26.51,1526.11,52.78,72,38,34,True,1.35,False,1.2,False,8bars,150.0,4.5,2.5,120.0,0.25
224,6260.4,1.599,26.34,1553.91,52.78,72,38,34,True,1.35,False,1.2,False,8bars,250.0,4.5,2.5,120.0,0.3
214,5473.21,1.594,26.17,1591.02,52.78,72,38,34,True,1.35,False,1.2,True,8bars,150.0,4.5,2.5,120.0,0.25
223,6182.51,1.592,26.01,1631.8,52.78,72,38,34,True,1.35,False,1.2,True,8bars,250.0,4.5,2.5,120.0,0.3
265,5903.21,1.586,25.28,1002.56,52.78,72,38,34,True,1.4,False,1.2,False,8bars,200.0,4.0,2.5,120.0,0.25
211,5384.07,1.585,26.07,1688.94,52.78,72,38,34,True,1.35,False,1.2,True,12bars,150.0,4.5,2.5,120.0,0.25
211,5384.07,1.585,26.07,1688.94,52.78,72,38,34,True,1.35,False,1.2,False,12bars,150.0,4.5,2.5,120.0,0.25
220,6081.51,1.583,25.91,1749.3,52.78,72,38,34,True,1.35,False,1.2,True,12bars,250.0,4.5,2.5,120.0,0.3
220,6081.51,1.583,25.91,1749.3,52.78,72,38,34,True,1.35,False,1.2,False,12bars,250.0,4.5,2.5,120.0,0.3
222,5369.79,1.556,26.13,1526.11,52.78,72,38,34,True,1.35,False,1.2,False,8bars,200.0,4.5,2.5,120.0,0.25
257,5706.01,1.552,25.29,1238.65,52.78,72,38,34,True,1.4,False,1.2,False,12bars,200.0,4.0,2.5,120.0,0.3
257,5695.42,1.55,25.29,1238.65,52.78,72,38,34,True,1.4,False,1.2,True,12bars,200.0,4.0,2.5,120.0,0.3
263,5382.82,1.549,24.71,923.51,52.78,72,38,34,True,1.4,False,1.2,False,8bars,150.0,4.0,2.5,120.0,0.25
221,5304.88,1.549,25.79,1591.02,52.78,72,38,34,True,1.35,False,1.2,True,8bars,200.0,4.5,2.5,120.0,0.25
258,5680.63,1.548,25.19,1238.65,52.78,72,38,34,True,1.4,False,1.2,True,8bars,200.0,4.0,2.5,120.0,0.3
218,5215.73,1.541,25.69,1688.94,52.78,72,38,34,True,1.35,False,1.2,True,12bars,200.0,4.5,2.5,120.0,0.25
218,5215.73,1.541,25.69,1688.94,52.78,72,38,34,True,1.35,False,1.2,False,12bars,200.0,4.5,2.5,120.0,0.25
301,4723.93,1.525,25.25,780.46,52.78,72,38,34,True,1.4,False,1.2,False,8bars,150.0,4.0,2.0,100.0,0.3
298,5018.6,1.5,24.16,1109.31,52.78,72,38,34,True,1.4,False,1.2,True,12bars,200.0,4.5,2.0,120.0,0.3
299,5008.18,1.499,24.08,1109.31,52.78,72,38,34,True,1.4,False,1.2,True,8bars,200.0,4.5,2.0,120.0,0.3
255,4916.12,1.481,24.31,1419.89,52.78,72,38,34,True,1.4,False,1.2,False,12bars,150.0,4.0,2.5,120.0,0.3
255,4905.53,1.48,24.31,1419.89,52.78,72,38,34,True,1.4,False,1.2,True,12bars,150.0,4.0,2.5,120.0,0.3
256,4794.64,1.478,27.73,1288.5,52.78,72,38,34,True,1.4,False,1.2,False,8bars,150.0,3.5,2.5,120.0,0.3
256,4890.74,1.477,24.22,1419.89,52.78,72,38,34,True,1.4,False,1.2,True,8bars,150.0,4.0,2.5,120.0,0.3
254,4608.17,1.461,27.56,1489.75,52.78,72,38,34,True,1.4,False,1.2,False,12bars,150.0,3.5,2.5,120.0,0.3
254,4597.58,1.459,27.56,1489.75,52.78,72,38,34,True,1.4,False,1.2,True,12bars,150.0,3.5,2.5,120.0,0.3
255,4582.8,1.457,27.45,1489.75,52.78,72,38,34,True,1.4,False,1.2,True,8bars,150.0,3.5,2.5,120.0,0.3
315,5044.12,1.449,26.67,1919.11,52.78,72,38,34,True,1.45,False,1.2,False,12bars,200.0,3.5,2.5,120.0,0.25
315,5038.27,1.448,26.67,1919.11,52.78,72,38,34,True,1.45,False,1.2,True,12bars,200.0,3.5,2.5,120.0,0.25
216,4268.85,1.444,26.85,1662.44,52.78,72,38,34,True,1.35,False,1.2,False,8bars,150.0,4.0,2.5,120.0,0.3
319,4971.18,1.439,26.33,1919.11,52.78,72,38,34,True,1.45,False,1.2,True,8bars,200.0,3.5,2.5,120.0,0.25
293,3654.97,1.439,26.28,954.2,52.78,72,38,34,True,1.4,False,1.2,False,8bars,150.0,3.5,2.0,100.0,0.25
319,4955.1,1.438,26.33,1919.11,52.78,72,38,34,True,1.45,False,1.2,False,8bars,200.0,3.5,2.5,120.0,0.25
215,4199.72,1.437,26.51,1731.58,52.78,72,38,34,True,1.35,False,1.2,True,8bars,150.0,4.0,2.5,120.0,0.3
289,3556.11,1.431,26.3,1113.08,52.78,72,38,34,True,1.4,False,1.2,True,12bars,150.0,3.5,2.0,100.0,0.25
264,4111.43,1.43,28.03,1236.14,52.78,72,38,34,True,1.4,False,1.2,False,8bars,150.0,3.5,2.5,100.0,0.3
212,4111.88,1.429,26.42,1835.92,52.78,72,38,34,True,1.35,False,1.2,True,12bars,150.0,4.0,2.5,120.0,0.3
212,4111.88,1.429,26.42,1835.92,52.78,72,38,34,True,1.35,False,1.2,False,12bars,150.0,4.0,2.5,120.0,0.3
290,3547.43,1.429,26.21,1113.08,52.78,72,38,34,True,1.4,False,1.2,True,8bars,150.0,3.5,2.0,100.0,0.25
290,3545.65,1.429,26.21,1113.08,52.78,72,38,34,True,1.4,False,1.2,False,12bars,150.0,3.5,2.0,100.0,0.25
262,4065.84,1.426,27.86,1296.51,52.78,72,38,34,True,1.4,False,1.2,False,12bars,150.0,3.5,2.5,100.0,0.3
262,4055.25,1.425,27.86,1296.51,52.78,72,38,34,True,1.4,False,1.2,True,12bars,150.0,3.5,2.5,100.0,0.3
263,4040.47,1.423,27.76,1296.51,52.78,72,38,34,True,1.4,False,1.2,True,8bars,150.0,3.5,2.5,100.0,0.3
291,3983.1,1.42,25.09,942.16,52.78,72,38,34,True,1.4,False,1.2,True,12bars,150.0,4.0,2.0,120.0,0.3
292,3972.68,1.419,25.0,942.16,52.78,72,38,34,True,1.4,False,1.2,True,8bars,150.0,4.0,2.0,120.0,0.3
289,3699.3,1.408,26.99,1013.45,52.78,72,38,34,True,1.4,False,1.2,False,8bars,150.0,3.5,2.0,120.0,0.3
286,3591.72,1.399,26.92,1149.05,52.78,72,38,34,True,1.4,False,1.2,False,12bars,150.0,3.5,2.0,120.0,0.3
285,3588.01,1.398,27.02,1149.05,52.78,72,38,34,True,1.4,False,1.2,True,12bars,150.0,3.5,2.0,120.0,0.3
286,3577.59,1.396,26.92,1149.05,52.78,72,38,34,True,1.4,False,1.2,True,8bars,150.0,3.5,2.0,120.0,0.3
651,5552.28,1.391,20.12,1112.52,52.78,72,38,34,False,1.4,True,1.25,True,8bars,200.0,4.5,2.5,100.0,0.25
667,5470.13,1.377,20.09,1141.55,52.78,72,38,34,False,1.4,True,1.25,False,8bars,200.0,4.5,2.5,100.0,0.25
668,6652.79,1.364,25.15,1339.4,52.78,72,38,34,False,1.4,False,1.2,False,8bars,250.0,4.0,2.5,120.0,0.25
697,6608.15,1.363,25.11,1231.23,52.78,72,38,34,False,1.4,False,1.2,False,8bars,250.0,4.0,2.5,100.0,0.25
350,4180.27,1.362,21.43,1284.8,52.78,72,38,34,True,1.45,False,1.2,False,12bars,200.0,4.5,2.0,120.0,0.3
349,4176.56,1.362,21.49,1284.8,52.78,72,38,34,True,1.45,False,1.2,True,12bars,200.0,4.5,2.0,120.0,0.3
337,3664.03,1.361,20.47,1281.77,52.78,72,38,34,True,1.45,False,1.2,False,12bars,150.0,4.5,2.0,120.0,0.25
336,3657.08,1.36,20.54,1281.77,52.78,72,38,34,True,1.45,False,1.2,True,12bars,150.0,4.5,2.0,120.0,0.25
612,5886.25,1.346,24.35,1547.79,52.78,72,38,34,False,1.4,False,1.2,False,12bars,250.0,4.0,2.5,100.0,0.3
641,4978.93,1.343,20.28,1392.91,52.78,72,38,34,False,1.4,True,1.25,False,8bars,150.0,4.5,2.5,120.0,0.25
594,5956.73,1.339,24.58,1601.49,52.78,72,38,34,False,1.4,False,1.2,True,12bars,250.0,4.0,2.5,120.0,0.3
649,6144.38,1.322,24.96,1368.52,52.78,72,38,34,False,1.4,False,1.2,True,8bars,250.0,4.0,2.5,120.0,0.3
577,5365.65,1.322,22.53,1702.03,52.78,72,38,34,False,1.4,False,1.2,False,12bars,250.0,4.5,2.5,120.0,0.3
593,5329.35,1.304,22.77,1343.19,52.78,72,38,34,False,1.4,False,1.2,False,8bars,250.0,4.5,2.5,100.0,0.3
538,4245.46,1.302,24.16,1523.64,52.78,72,38,34,False,1.4,False,1.2,False,12bars,150.0,4.0,2.5,120.0,0.25
592,4544.57,1.3,22.13,1469.92,52.78,72,38,34,False,1.4,False,1.2,False,8bars,200.0,4.5,2.5,100.0,0.25
590,4378.05,1.297,20.17,1515.29,52.78,72,38,34,False,1.4,True,1.25,False,8bars,150.0,4.5,2.5,120.0,0.3
297,3160.63,1.296,24.92,1919.11,52.78,72,38,34,True,1.45,False,1.2,False,12bars,150.0,3.5,2.5,120.0,0.25
297,3154.78,1.295,24.92,1919.11,52.78,72,38,34,True,1.45,False,1.2,True,12bars,150.0,3.5,2.5,120.0,0.25
344,3179.51,1.293,20.64,1622.89,52.78,72,38,34,True,1.45,False,1.2,True,8bars,150.0,4.5,2.0,120.0,0.3
566,4361.73,1.287,22.08,1569.96,52.78,72,38,34,False,1.4,False,1.2,False,8bars,200.0,4.5,2.5,120.0,0.25
301,3087.68,1.287,24.58,1931.1,52.78,72,38,34,True,1.45,False,1.2,True,8bars,150.0,3.5,2.5,120.0,0.25
301,3071.61,1.286,24.58,1931.1,52.78,72,38,34,True,1.45,False,1.2,False,8bars,150.0,3.5,2.5,120.0,0.25
343,2950.04,1.276,20.7,1687.06,52.78,72,38,34,True,1.45,False,1.2,True,12bars,150.0,4.5,2.0,100.0,0.3
344,2937.49,1.275,20.64,1687.06,52.78,72,38,34,True,1.45,False,1.2,False,12bars,150.0,4.5,2.0,100.0,0.3
664,4711.56,1.267,26.66,1130.5,52.78,72,38,34,False,1.4,False,1.2,False,12bars,200.0,3.5,2.5,120.0,0.25
686,4622.39,1.267,26.09,1155.29,52.78,72,38,34,False,1.4,False,1.2,True,12bars,200.0,3.5,2.5,100.0,0.25
352,2955.68,1.265,20.17,1637.26,52.78,72,38,34,True,1.45,False,1.2,False,8bars,150.0,4.5,2.0,120.0,0.3
665,3597.0,1.261,21.05,1328.2,52.78,72,38,34,False,1.4,True,1.25,False,8bars,150.0,4.0,2.5,100.0,0.25
355,2772.4,1.261,21.97,1366.81,52.78,72,38,34,True,1.45,False,1.2,False,12bars,150.0,4.0,2.0,120.0,0.25
543,3743.48,1.26,21.92,1569.96,52.78,72,38,34,False,1.4,False,1.2,False,8bars,150.0,4.5,2.5,120.0,0.25
354,2765.44,1.26,22.03,1366.81,52.78,72,38,34,True,1.45,False,1.2,True,12bars,150.0,4.0,2.0,120.0,0.25
543,3884.05,1.252,22.1,1526.87,52.78,72,38,34,False,1.4,False,1.2,False,12bars,200.0,4.5,2.5,100.0,0.3
540,3392.78,1.247,22.04,1597.67,52.78,72,38,34,False,1.4,False,1.2,True,8bars,150.0,4.5,2.5,100.0,0.25
542,3830.09,1.245,22.32,1845.04,52.78,72,38,34,False,1.4,False,1.2,True,12bars,200.0,4.5,2.5,120.0,0.3
580,3842.65,1.242,23.45,1815.11,52.78,72,38,34,False,1.4,False,1.2,True,12bars,200.0,4.0,2.5,100.0,0.3
571,3417.72,1.237,19.96,1440.04,52.78,72,38,34,False,1.4,True,1.25,True,8bars,150.0,4.5,2.5,120.0,0.3
657,4412.57,1.235,26.48,1119.11,52.78,72,38,34,False,1.4,False,1.2,False,12bars,200.0,3.5,2.5,120.0,0.3
355,2604.69,1.231,22.54,1427.25,52.78,72,38,34,True,1.45,False,1.2,False,12bars,150.0,4.0,2.0,120.0,0.3
354,2600.99,1.231,22.6,1427.25,52.78,72,38,34,True,1.45,False,1.2,True,12bars,150.0,4.0,2.0,120.0,0.3
666,4009.38,1.218,25.83,1308.48,52.78,72,38,34,False,1.4,False,1.2,True,12bars,200.0,3.5,2.5,100.0,0.3
650,3034.63,1.21,21.38,1582.84,52.78,72,38,34,False,1.4,True,1.25,False,8bars,150.0,4.0,2.5,120.0,0.25
521,3112.57,1.209,21.88,1526.87,52.78,72,38,34,False,1.4,False,1.2,False,12bars,150.0,4.5,2.5,100.0,0.3
624,2630.41,1.184,21.15,1378.99,52.78,72,38,34,False,1.4,True,1.25,False,8bars,150.0,4.0,2.5,100.0,0.3
734,3272.27,1.183,24.11,1335.3,52.78,72,38,34,False,1.4,True,1.25,False,8bars,200.0,3.5,2.5,100.0,0.3
664,2438.92,1.176,22.74,1306.4,52.78,72,38,34,False,1.4,True,1.25,True,8bars,150.0,3.5,2.5,100.0,0.25
515,2616.23,1.172,22.33,1845.04,52.78,72,38,34,False,1.4,False,1.2,True,12bars,150.0,4.5,2.5,120.0,0.3
680,2363.17,1.167,22.65,1318.1,52.78,72,38,34,False,1.4,True,1.25,False,8bars,150.0,3.5,2.5,100.0,0.25
626,2240.57,1.156,20.93,1389.04,52.78,72,38,34,False,1.4,True,1.25,True,8bars,150.0,4.0,2.5,100.0,0.3
671,2163.42,1.147,23.1,1422.62,52.78,72,38,34,False,1.4,True,1.25,False,8bars,150.0,3.5,2.5,120.0,0.25
615,2160.89,1.145,21.46,1607.95,52.78,72,38,34,False,1.4,True,1.25,False,8bars,150.0,4.0,2.5,120.0,0.3
745,1758.54,1.116,20.0,1888.32,52.78,72,38,34,False,1.4,False,1.2,False,12bars,150.0,4.5,2.0,120.0,0.25
750,1758.79,1.115,20.0,1888.38,52.78,72,38,34,False,1.4,False,1.2,True,12bars,150.0,4.5,2.0,120.0,0.25
807,1701.52,1.11,19.83,1871.73,52.78,72,38,34,False,1.4,False,1.2,False,12bars,150.0,4.5,2.0,100.0,0.25
633,1676.79,1.107,25.12,1796.46,52.78,72,38,34,False,1.4,False,1.2,True,8bars,150.0,3.5,2.5,120.0,0.25
779,1641.28,1.107,18.61,1014.44,52.78,72,38,34,False,1.4,True,1.25,True,8bars,150.0,4.5,2.0,100.0,0.3
812,1664.65,1.106,19.83,1871.8,52.78,72,38,34,False,1.4,False,1.2,True,12bars,150.0,4.5,2.0,100.0,0.25
752,1678.73,1.104,18.88,1096.55,52.78,72,38,34,False,1.4,True,1.25,True,8bars,150.0,4.5,2.0,120.0,0.3
840,1681.95,1.103,23.21,1577.4,52.78,72,38,34,False,1.4,False,1.2,True,12bars,150.0,3.5,2.0,120.0,0.25
584,1681.6,1.103,25.17,1401.23,52.78,72,38,34,False,1.4,False,1.2,True,12bars,150.0,3.5,2.5,120.0,0.3
668,1613.14,1.102,24.4,1627.06,52.78,72,38,34,False,1.4,False,1.2,True,8bars,150.0,3.5,2.5,100.0,0.25
638,1578.26,1.099,25.08,1808.04,52.78,72,38,34,False,1.4,False,1.2,False,8bars,150.0,3.5,2.5,120.0,0.25
601,1493.16,1.095,24.29,1055.74,52.78,72,38,34,False,1.4,True,1.15,False,12bars,150.0,3.5,2.5,120.0,0.3
673,1492.11,1.094,24.37,1631.46,52.78,72,38,34,False,1.4,False,1.2,False,8bars,150.0,3.5,2.5,100.0,0.25
763,1438.67,1.087,19.79,2375.99,52.78,72,38,34,False,1.4,False,1.2,True,8bars,150.0,4.5,2.0,100.0,0.3
829,1644.36,1.085,21.71,2422.94,52.78,72,38,34,False,1.4,False,1.2,False,8bars,150.0,4.0,2.0,120.0,0.3
588,1275.8,1.079,24.66,1528.4,52.78,72,38,34,False,1.4,False,1.2,True,8bars,150.0,3.5,2.5,120.0,0.3
607,1176.94,1.073,24.05,1555.25,52.78,72,38,34,False,1.4,False,1.2,True,8bars,150.0,3.5,2.5,100.0,0.3
910,1312.64,1.072,23.19,1765.84,52.78,72,38,34,False,1.4,False,1.2,False,8bars,150.0,3.5,2.0,100.0,0.3
594,1171.0,1.072,24.58,1498.22,52.78,72,38,34,False,1.4,False,1.2,False,8bars,150.0,3.5,2.5,120.0,0.3
691,917.64,1.057,19.39,2350.35,52.78,72,38,34,False,1.4,False,1.2,True,12bars,150.0,4.5,2.0,120.0,0.3
820,849.14,1.05,22.8,2001.52,52.78,72,38,34,False,1.4,False,1.2,True,12bars,150.0,3.5,2.0,100.0,0.3
289,6072.79,1.738,24.57,872.26,51.39,72,37,35,True,1.4,False,1.2,False,12bars,150.0,4.5,2.0,100.0,0.25
296,5001.17,1.601,25.0,792.6,51.39,72,37,35,True,1.4,False,1.2,False,8bars,150.0,4.0,2.0,100.0,0.25
308,5681.42,1.595,24.35,925.53,51.39,72,37,35,True,1.4,False,1.2,False,8bars,200.0,4.5,2.0,100.0,0.3
228,6044.6,1.589,25.88,1526.11,51.39,72,37,35,True,1.35,False,1.2,False,8bars,250.0,4.5,2.5,120.0,0.25
227,5979.69,1.583,25.55,1591.02,51.39,72,37,35,True,1.35,False,1.2,True,8bars,250.0,4.5,2.5,120.0,0.25
224,5890.55,1.575,25.45,1688.94,51.39,72,37,35,True,1.35,False,1.2,True,12bars,250.0,4.5,2.5,120.0,0.25
224,5890.55,1.575,25.45,1688.94,51.39,72,37,35,True,1.35,False,1.2,False,12bars,250.0,4.5,2.5,120.0,0.25
263,5685.09,1.565,25.1,1233.01,51.39,72,37,35,True,1.4,False,1.2,False,12bars,200.0,4.0,2.5,120.0,0.25
293,5317.34,1.565,23.89,1138.97,51.39,72,37,35,True,1.4,False,1.2,True,12bars,200.0,4.5,2.0,120.0,0.25
263,5677.66,1.564,25.1,1233.01,51.39,72,37,35,True,1.4,False,1.2,True,12bars,200.0,4.0,2.5,120.0,0.25
294,5308.66,1.563,23.81,1138.97,51.39,72,37,35,True,1.4,False,1.2,True,8bars,200.0,4.5,2.0,120.0,0.25
330,6324.3,1.562,24.24,1112.44,51.39,72,37,35,True,1.4,False,1.2,False,8bars,250.0,4.5,2.0,120.0,0.3
264,5665.33,1.562,25.0,1233.01,51.39,72,37,35,True,1.4,False,1.2,True,8bars,200.0,4.0,2.5,120.0,0.25
295,4867.56,1.531,24.41,839.28,51.39,72,37,35,True,1.4,False,1.2,True,12bars,150.0,4.5,2.0,100.0,0.3
296,4857.14,1.529,24.32,839.28,51.39,72,37,35,True,1.4,False,1.2,True,8bars,150.0,4.5,2.0,100.0,0.3
298,4592.99,1.514,25.17,942.04,51.39,72,37,35,True,1.4,False,1.2,False,12bars,150.0,4.0,2.0,100.0,0.3
262,5032.89,1.507,24.43,1285.77,51.39,72,37,35,True,1.4,False,1.2,False,12bars,150.0,4.0,2.5,120.0,0.25
262,5025.46,1.506,24.43,1285.77,51.39,72,37,35,True,1.4,False,1.2,True,12bars,150.0,4.0,2.5,120.0,0.25
263,5013.14,1.504,24.33,1285.77,51.39,72,37,35,True,1.4,False,1.2,True,8bars,150.0,4.0,2.5,120.0,0.25
263,4860.48,1.498,27.76,1169.0,51.39,72,37,35,True,1.4,False,1.2,False,8bars,150.0,3.5,2.5,120.0,0.25
286,4316.98,1.488,24.83,958.36,51.39,72,37,35,True,1.4,False,1.2,True,12bars,150.0,4.0,2.0,120.0,0.25
287,4308.29,1.486,24.74,958.36,51.39,72,37,35,True,1.4,False,1.2,True,8bars,150.0,4.0,2.0,120.0,0.25
261,4671.55,1.479,27.59,1370.25,51.39,72,37,35,True,1.4,False,1.2,False,12bars,150.0,3.5,2.5,120.0,0.25
261,4664.11,1.478,27.59,1370.25,51.39,72,37,35,True,1.4,False,1.2,True,12bars,150.0,3.5,2.5,120.0,0.25
368,5681.39,1.476,21.47,1386.6,51.39,72,37,35,True,1.45,False,1.2,False,12bars,250.0,4.5,2.0,120.0,0.25
262,4651.79,1.476,27.48,1370.25,51.39,72,37,35,True,1.4,False,1.2,True,8bars,150.0,3.5,2.5,120.0,0.25
367,5674.43,1.475,21.53,1386.6,51.39,72,37,35,True,1.45,False,1.2,True,12bars,250.0,4.5,2.0,120.0,0.25
270,4630.61,1.462,24.81,1087.32,51.39,72,37,35,True,1.4,False,1.2,False,8bars,200.0,4.0,2.5,100.0,0.3
268,4576.26,1.457,24.63,1156.46,51.39,72,37,35,True,1.4,False,1.2,False,12bars,200.0,4.0,2.5,100.0,0.3
268,4565.67,1.456,24.63,1156.46,51.39,72,37,35,True,1.4,False,1.2,True,12bars,200.0,4.0,2.5,100.0,0.3
269,4550.88,1.454,24.54,1156.46,51.39,72,37,35,True,1.4,False,1.2,True,8bars,200.0,4.0,2.5,100.0,0.3
368,5514.51,1.441,22.01,1402.08,51.39,72,37,35,True,1.45,False,1.2,False,12bars,250.0,4.5,2.0,120.0,0.3
367,5510.8,1.44,22.07,1402.08,51.39,72,37,35,True,1.45,False,1.2,True,12bars,250.0,4.5,2.0,120.0,0.3
322,5228.8,1.426,27.33,1946.33,51.39,72,37,35,True,1.45,False,1.2,False,12bars,250.0,3.5,2.5,120.0,0.3
322,5219.88,1.425,27.33,1946.33,51.39,72,37,35,True,1.45,False,1.2,True,12bars,250.0,3.5,2.5,120.0,0.3
271,4224.58,1.424,24.35,1268.56,51.39,72,37,35,True,1.4,False,1.2,False,8bars,150.0,4.0,2.5,100.0,0.3
325,5176.38,1.42,27.08,1946.33,51.39,72,37,35,True,1.45,False,1.2,True,8bars,250.0,3.5,2.5,120.0,0.3
328,5233.91,1.419,27.13,1946.33,51.39,72,37,35,True,1.45,False,1.2,False,8bars,250.0,3.5,2.5,120.0,0.3
269,4170.23,1.419,24.16,1337.7,51.39,72,37,35,True,1.4,False,1.2,False,12bars,150.0,4.0,2.5,100.0,0.3
269,4159.64,1.417,24.16,1337.7,51.39,72,37,35,True,1.4,False,1.2,True,12bars,150.0,4.0,2.5,100.0,0.3
270,4144.86,1.415,24.07,1337.7,51.39,72,37,35,True,1.4,False,1.2,True,8bars,150.0,4.0,2.5,100.0,0.3
350,4321.64,1.394,20.86,1281.77,51.39,72,37,35,True,1.45,False,1.2,False,12bars,200.0,4.5,2.0,120.0,0.25
349,4314.69,1.393,20.92,1281.77,51.39,72,37,35,True,1.45,False,1.2,True,12bars,200.0,4.5,2.0,120.0,0.25
297,3476.69,1.393,26.6,1030.55,51.39,72,37,35,True,1.4,False,1.2,False,8bars,150.0,3.5,2.0,100.0,0.3
293,3381.66,1.385,26.62,1105.78,51.39,72,37,35,True,1.4,False,1.2,True,12bars,150.0,3.5,2.0,100.0,0.3
294,3371.24,1.383,26.53,1105.78,51.39,72,37,35,True,1.4,False,1.2,True,8bars,150.0,3.5,2.0,100.0,0.3
294,3369.11,1.383,26.53,1105.78,51.39,72,37,35,True,1.4,False,1.2,False,12bars,150.0,3.5,2.0,100.0,0.3
666,6231.57,1.372,20.57,1308.53,51.39,72,37,35,False,1.4,True,1.25,True,8bars,250.0,4.5,2.5,100.0,0.3
676,6025.95,1.354,20.41,1347.15,51.39,72,37,35,False,1.4,True,1.25,False,8bars,250.0,4.5,2.5,100.0,0.3
653,6231.18,1.348,24.96,1315.1,51.39,72,37,35,False,1.4,False,1.2,True,8bars,250.0,4.0,2.5,120.0,0.25
659,4971.6,1.328,20.33,1246.06,51.39,72,37,35,False,1.4,True,1.25,False,8bars,200.0,4.5,2.5,120.0,0.25
349,3276.86,1.316,20.06,1609.39,51.39,72,37,35,True,1.45,False,1.2,True,8bars,150.0,4.5,2.0,120.0,0.25
611,5247.78,1.308,24.06,1616.85,51.39,72,37,35,False,1.4,False,1.2,True,12bars,250.0,4.0,2.5,100.0,0.3
580,4646.47,1.302,23.79,1784.38,51.39,72,37,35,False,1.4,False,1.2,False,12bars,200.0,4.0,2.5,120.0,0.25
570,5056.8,1.29,22.46,1499.08,51.39,72,37,35,False,1.4,False,1.2,False,8bars,250.0,4.5,2.5,120.0,0.3
574,4084.51,1.287,23.34,1523.64,51.39,72,37,35,False,1.4,False,1.2,False,12bars,150.0,4.0,2.5,100.0,0.25
359,3313.14,1.287,20.89,1687.06,51.39,72,37,35,True,1.45,False,1.2,True,12bars,200.0,4.5,2.0,100.0,0.3
360,3300.58,1.286,20.83,1687.06,51.39,72,37,35,True,1.45,False,1.2,False,12bars,200.0,4.5,2.0,100.0,0.3
571,4709.17,1.285,22.24,1802.61,51.39,72,37,35,False,1.4,False,1.2,True,12bars,250.0,4.5,2.5,120.0,0.3
608,4378.78,1.285,20.23,1315.14,51.39,72,37,35,False,1.4,True,1.25,False,8bars,200.0,4.5,2.5,120.0,0.3
539,3919.97,1.285,21.89,1445.87,51.39,72,37,35,False,1.4,False,1.2,False,12bars,150.0,4.5,2.5,100.0,0.25
591,4798.67,1.284,22.34,1598.34,51.39,72,37,35,False,1.4,False,1.2,True,8bars,250.0,4.5,2.5,100.0,0.3
591,4751.81,1.284,22.0,1484.44,51.39,72,37,35,False,1.4,False,1.2,False,12bars,250.0,4.5,2.5,100.0,0.3
358,3026.34,1.284,19.55,1621.36,51.39,72,37,35,True,1.45,False,1.2,False,8bars,150.0,4.5,2.0,120.0,0.25
576,4164.88,1.281,22.05,1458.97,51.39,72,37,35,False,1.4,False,1.2,True,8bars,200.0,4.5,2.5,100.0,0.25
550,3977.63,1.268,22.0,1571.23,51.39,72,37,35,False,1.4,False,1.2,True,8bars,200.0,4.5,2.5,120.0,0.25
534,3699.09,1.264,23.78,1627.76,51.39,72,37,35,False,1.4,False,1.2,True,12bars,150.0,4.0,2.5,120.0,0.25
579,3873.17,1.263,21.42,1445.87,51.39,72,37,35,False,1.4,False,1.2,False,12bars,200.0,4.5,2.5,100.0,0.25
550,3815.04,1.263,22.18,1761.27,51.39,72,37,35,False,1.4,False,1.2,False,12bars,150.0,4.5,2.5,120.0,0.25
590,3858.84,1.257,20.17,1296.96,51.39,72,37,35,False,1.4,True,1.25,True,8bars,200.0,4.5,2.5,120.0,0.3
666,4012.91,1.252,21.77,1279.93,51.39,72,37,35,False,1.4,True,1.25,False,8bars,200.0,4.0,2.5,100.0,0.3
669,4009.78,1.251,21.67,1254.33,51.39,72,37,35,False,1.4,True,1.25,True,8bars,200.0,4.0,2.5,100.0,0.3
567,3702.34,1.25,19.75,1422.53,51.39,72,37,35,False,1.4,True,1.15,False,8bars,200.0,4.5,2.5,120.0,0.3
616,3545.21,1.248,19.97,1350.46,51.39,72,37,35,False,1.4,True,1.25,True,8bars,150.0,4.5,2.5,120.0,0.25
583,3654.67,1.238,21.78,1761.27,51.39,72,37,35,False,1.4,False,1.2,False,12bars,200.0,4.5,2.5,120.0,0.25
659,4149.29,1.237,26.25,1265.05,51.39,72,37,35,False,1.4,False,1.2,True,12bars,200.0,3.5,2.5,120.0,0.25
354,2576.07,1.237,20.06,2025.15,51.39,72,37,35,True,1.45,False,1.2,True,8bars,150.0,4.5,2.0,100.0,0.3
651,3212.69,1.236,20.89,1313.53,51.39,72,37,35,False,1.4,True,1.25,True,8bars,150.0,4.0,2.5,100.0,0.25
367,2388.72,1.22,21.53,1688.08,51.39,72,37,35,True,1.45,False,1.2,True,8bars,150.0,4.0,2.0,120.0,0.25
657,3582.7,1.217,22.07,1404.9,51.39,72,37,35,False,1.4,True,1.25,False,8bars,200.0,4.0,2.5,120.0,0.3
360,2402.96,1.217,19.72,2039.52,51.39,72,37,35,True,1.45,False,1.2,False,8bars,150.0,4.5,2.0,100.0,0.3
371,2268.14,1.215,23.45,776.24,51.39,72,37,35,True,1.45,False,1.2,False,12bars,150.0,3.5,2.0,120.0,0.25
370,2261.18,1.214,23.51,776.24,51.39,72,37,35,True,1.45,False,1.2,True,12bars,150.0,3.5,2.0,120.0,0.25
548,3004.87,1.213,19.34,1516.12,51.39,72,37,35,False,1.4,True,1.15,False,8bars,150.0,4.5,2.5,120.0,0.3
526,2975.12,1.212,21.67,1604.39,51.39,72,37,35,False,1.4,False,1.2,True,8bars,150.0,4.5,2.5,120.0,0.25
538,3165.27,1.206,21.75,1860.4,51.39,72,37,35,False,1.4,False,1.2,True,12bars,200.0,4.5,2.5,100.0,0.3
654,3834.59,1.205,26.15,1293.12,51.39,72,37,35,False,1.4,False,1.2,True,12bars,200.0,3.5,2.5,120.0,0.3
520,2838.07,1.199,20.77,912.47,51.39,72,37,35,False,1.4,True,1.15,False,12bars,150.0,4.5,2.5,120.0,0.3
723,3488.66,1.198,24.34,1309.64,51.39,72,37,35,False,1.4,True,1.25,True,8bars,200.0,3.5,2.5,100.0,0.3
371,2169.59,1.197,21.02,1700.05,51.39,72,37,35,True,1.45,False,1.2,False,8bars,150.0,4.0,2.0,120.0,0.25
365,2233.95,1.195,21.92,1749.62,51.39,72,37,35,True,1.45,False,1.2,True,8bars,150.0,4.0,2.0,120.0,0.3
370,2068.81,1.186,24.05,878.16,51.39,72,37,35,True,1.45,False,1.2,False,12bars,150.0,3.5,2.0,120.0,0.3
369,2065.11,1.186,24.12,878.16,51.39,72,37,35,True,1.45,False,1.2,True,12bars,150.0,3.5,2.0,120.0,0.3
371,2058.36,1.184,23.72,814.91,51.39,72,37,35,True,1.45,False,1.2,True,8bars,150.0,3.5,2.0,120.0,0.3
534,2719.49,1.179,20.41,920.74,51.39,72,37,35,False,1.4,True,1.15,True,12bars,200.0,4.5,2.5,120.0,0.3
368,2041.55,1.177,21.47,1763.98,51.39,72,37,35,True,1.45,False,1.2,False,8bars,150.0,4.0,2.0,120.0,0.3
547,2418.15,1.173,20.29,957.79,51.39,72,37,35,False,1.4,True,1.15,True,12bars,150.0,4.5,2.5,120.0,0.25
373,1923.88,1.171,23.32,814.91,51.39,72,37,35,True,1.45,False,1.2,False,8bars,150.0,3.5,2.0,120.0,0.3
516,2393.79,1.161,21.51,1860.4,51.39,72,37,35,False,1.4,False,1.2,True,12bars,150.0,4.5,2.5,100.0,0.3
786,2574.39,1.157,20.23,1780.83,51.39,72,37,35,False,1.4,False,1.2,True,12bars,200.0,4.5,2.0,120.0,0.25
730,2572.5,1.138,23.97,1577.28,51.39,72,37,35,False,1.4,True,1.25,False,8bars,200.0,3.5,2.5,120.0,0.3
542,1919.67,1.131,22.32,1331.3,51.39,72,37,35,False,1.4,True,1.15,True,12bars,150.0,4.0,2.5,120.0,0.3
792,1946.91,1.125,18.94,1149.38,51.39,72,37,35,False,1.4,True,1.25,False,8bars,150.0,4.5,2.0,120.0,0.25
858,2091.63,1.124,20.05,1786.43,51.39,72,37,35,False,1.4,False,1.2,False,12bars,200.0,4.5,2.0,100.0,0.25
862,2077.48,1.122,20.07,1764.24,51.39,72,37,35,False,1.4,False,1.2,True,12bars,200.0,4.5,2.0,100.0,0.25
628,1852.08,1.122,23.25,1407.19,51.39,72,37,35,False,1.4,True,1.25,True,8bars,150.0,3.5,2.5,120.0,0.3
810,1831.56,1.112,20.37,1540.77,51.39,72,37,35,False,1.4,True,1.25,True,8bars,150.0,4.0,2.0,100.0,0.3
859,1697.61,1.112,18.28,1223.59,51.39,72,37,35,False,1.4,True,1.25,False,8bars,150.0,4.5,2.0,100.0,0.25
847,1864.83,1.111,22.08,1817.57,51.39,72,37,35,False,1.4,False,1.2,False,12bars,150.0,4.0,2.0,120.0,0.25
912,1775.81,1.1,22.81,1607.24,51.39,72,37,35,False,1.4,False,1.2,False,8bars,150.0,3.5,2.0,120.0,0.25
677,1421.46,1.09,23.19,1693.47,51.39,72,37,35,False,1.4,True,1.25,False,12bars,150.0,3.5,2.5,100.0,0.3
862,1410.22,1.082,22.51,1845.61,51.39,72,37,35,False,1.4,True,1.25,True,8bars,150.0,3.5,2.0,120.0,0.3
885,1364.62,1.081,22.26,1998.77,51.39,72,37,35,False,1.4,True,1.25,False,8bars,150.0,3.5,2.0,100.0,0.3
781,1273.6,1.081,22.28,1362.27,51.39,72,37,35,False,1.4,True,1.15,True,8bars,150.0,3.5,2.0,100.0,0.3
980,1453.68,1.08,21.94,1868.16,51.39,72,37,35,False,1.4,False,1.2,False,8bars,150.0,4.0,2.0,100.0,0.25
887,1283.52,1.077,22.21,1894.21,51.39,72,37,35,False,1.4,True,1.25,True,8bars,150.0,3.5,2.0,100.0,0.3
823,764.54,1.041,21.14,2340.38,51.39,72,37,35,False,1.4,False,1.2,True,8bars,150.0,4.0,2.0,120.0,0.3
858,746.86,1.04,22.26,1640.73,51.39,72,37,35,False,1.4,False,1.2,False,8bars,150.0,3.5,2.0,120.0,0.3
631,645.79,1.038,23.93,1524.96,51.39,72,37,35,False,1.4,False,1.2,False,8bars,150.0,3.5,2.5,100.0,0.3
840,658.08,1.036,22.26,1701.24,51.39,72,37,35,False,1.4,False,1.2,True,8bars,150.0,3.5,2.0,120.0,0.3
820,497.3,1.027,20.98,2371.65,51.39,72,37,35,False,1.4,False,1.2,False,12bars,150.0,4.0,2.0,120.0,0.3
303,5902.54,1.664,24.09,956.86,50.0,72,36,36,True,1.4,False,1.2,False,8bars,200.0,4.5,2.0,100.0,0.25
326,6608.64,1.621,23.93,1104.87,50.0,72,36,36,True,1.4,False,1.2,False,8bars,250.0,4.5,2.0,120.0,0.25
290,5099.04,1.6,24.14,872.26,50.0,72,36,36,True,1.4,False,1.2,True,12bars,150.0,4.5,2.0,100.0,0.25
291,5090.35,1.599,24.05,872.26,50.0,72,36,36,True,1.4,False,1.2,True,8bars,150.0,4.5,2.0,100.0,0.25
293,4868.5,1.589,24.91,967.25,50.0,72,36,36,True,1.4,False,1.2,False,12bars,150.0,4.0,2.0,100.0,0.25
305,5527.13,1.582,24.26,1132.62,50.0,72,36,36,True,1.4,False,1.2,False,12bars,200.0,4.5,2.0,100.0,0.3
327,6170.01,1.551,24.16,1109.31,50.0,72,36,36,True,1.4,False,1.2,False,12bars,250.0,4.5,2.0,120.0,0.3
278,5795.14,1.496,24.82,1275.85,50.0,72,36,36,True,1.4,False,1.2,False,8bars,250.0,4.0,2.5,120.0,0.3
272,5222.51,1.474,27.57,1331.16,50.0,72,36,36,True,1.4,False,1.2,False,8bars,200.0,3.5,2.5,120.0,0.3
225,4800.52,1.46,26.67,1662.44,50.0,72,36,36,True,1.35,False,1.2,False,8bars,200.0,4.0,2.5,120.0,0.3
270,5036.04,1.457,27.41,1532.42,50.0,72,36,36,True,1.4,False,1.2,False,12bars,200.0,3.5,2.5,120.0,0.3
270,5025.45,1.456,27.41,1532.42,50.0,72,36,36,True,1.4,False,1.2,True,12bars,200.0,3.5,2.5,120.0,0.3
271,5010.66,1.454,27.31,1532.42,50.0,72,36,36,True,1.4,False,1.2,True,8bars,200.0,3.5,2.5,120.0,0.3
224,4731.39,1.453,26.34,1731.58,50.0,72,36,36,True,1.35,False,1.2,True,8bars,200.0,4.0,2.5,120.0,0.3
221,4643.55,1.445,26.24,1835.92,50.0,72,36,36,True,1.35,False,1.2,True,12bars,200.0,4.0,2.5,120.0,0.3
221,4643.55,1.445,26.24,1835.92,50.0,72,36,36,True,1.35,False,1.2,False,12bars,200.0,4.0,2.5,120.0,0.3
274,4029.0,1.435,27.74,1112.9,50.0,72,36,36,True,1.4,False,1.2,False,8bars,150.0,3.5,2.5,100.0,0.25
272,3991.01,1.431,27.57,1163.22,50.0,72,36,36,True,1.4,False,1.2,False,12bars,150.0,3.5,2.5,100.0,0.25
280,4539.3,1.43,27.86,1278.8,50.0,72,36,36,True,1.4,False,1.2,False,8bars,200.0,3.5,2.5,100.0,0.3
272,3983.57,1.43,27.57,1163.22,50.0,72,36,36,True,1.4,False,1.2,True,12bars,150.0,3.5,2.5,100.0,0.25
273,3971.25,1.428,27.47,1163.22,50.0,72,36,36,True,1.4,False,1.2,True,8bars,150.0,3.5,2.5,100.0,0.25
278,4493.71,1.426,27.7,1339.18,50.0,72,36,36,True,1.4,False,1.2,False,12bars,200.0,3.5,2.5,100.0,0.3
278,4483.11,1.425,27.7,1339.18,50.0,72,36,36,True,1.4,False,1.2,True,12bars,200.0,3.5,2.5,100.0,0.3
279,4468.33,1.423,27.6,1339.18,50.0,72,36,36,True,1.4,False,1.2,True,8bars,200.0,3.5,2.5,100.0,0.3
333,5069.05,1.421,26.73,1907.16,50.0,72,36,36,True,1.45,False,1.2,False,12bars,250.0,3.5,2.5,120.0,0.25
333,5063.19,1.421,26.73,1907.16,50.0,72,36,36,True,1.45,False,1.2,True,12bars,250.0,3.5,2.5,120.0,0.25
337,4996.1,1.413,26.41,1907.16,50.0,72,36,36,True,1.45,False,1.2,True,8bars,250.0,3.5,2.5,120.0,0.25
340,5048.98,1.412,26.47,1907.16,50.0,72,36,36,True,1.45,False,1.2,False,8bars,250.0,3.5,2.5,120.0,0.25
220,3892.26,1.408,26.36,1630.26,50.0,72,36,36,True,1.35,False,1.2,False,8bars,150.0,4.0,2.5,120.0,0.25
219,3834.65,1.402,26.03,1687.87,50.0,72,36,36,True,1.35,False,1.2,True,8bars,150.0,4.0,2.5,120.0,0.25
299,3685.08,1.4,24.75,942.04,50.0,72,36,36,True,1.4,False,1.2,True,12bars,150.0,4.0,2.0,100.0,0.3
300,3674.65,1.398,24.67,942.04,50.0,72,36,36,True,1.4,False,1.2,True,8bars,150.0,4.0,2.0,100.0,0.3
216,3756.47,1.394,25.93,1774.82,50.0,72,36,36,True,1.35,False,1.2,True,12bars,150.0,4.0,2.5,120.0,0.25
216,3756.47,1.394,25.93,1774.82,50.0,72,36,36,True,1.35,False,1.2,False,12bars,150.0,4.0,2.5,120.0,0.25
625,6369.51,1.371,24.64,1523.64,50.0,72,36,36,False,1.4,False,1.2,False,12bars,250.0,4.0,2.5,120.0,0.25
325,4209.86,1.366,25.85,1967.31,50.0,72,36,36,True,1.45,False,1.2,False,12bars,200.0,3.5,2.5,100.0,0.3
325,4200.94,1.365,25.85,1967.31,50.0,72,36,36,True,1.45,False,1.2,True,12bars,200.0,3.5,2.5,100.0,0.3
328,4157.44,1.36,25.61,1967.31,50.0,72,36,36,True,1.45,False,1.2,True,8bars,200.0,3.5,2.5,100.0,0.3
717,5832.01,1.359,20.22,1327.77,50.0,72,36,36,False,1.4,True,1.25,True,8bars,250.0,4.5,2.5,100.0,0.25
328,4146.01,1.359,25.61,1967.31,50.0,72,36,36,True,1.45,False,1.2,False,8bars,200.0,3.5,2.5,100.0,0.3
639,5476.25,1.348,20.34,1091.66,50.0,72,36,36,False,1.4,True,1.15,True,8bars,250.0,4.5,2.5,100.0,0.3
734,5692.59,1.344,20.16,1356.8,50.0,72,36,36,False,1.4,True,1.25,False,8bars,250.0,4.5,2.5,100.0,0.25
625,5260.85,1.337,20.32,1159.82,50.0,72,36,36,False,1.4,True,1.15,False,8bars,250.0,4.5,2.5,100.0,0.3
599,5164.8,1.322,20.53,1275.95,50.0,72,36,36,False,1.4,True,1.15,False,8bars,250.0,4.5,2.5,120.0,0.3
224,3140.01,1.308,26.79,1746.7,50.0,72,36,36,True,1.35,False,1.2,False,8bars,150.0,3.5,2.5,120.0,0.3
346,3068.41,1.305,19.94,1466.04,50.0,72,36,36,True,1.45,False,1.2,True,12bars,150.0,4.5,2.0,100.0,0.25
347,3057.95,1.303,19.88,1466.04,50.0,72,36,36,True,1.45,False,1.2,False,12bars,150.0,4.5,2.0,100.0,0.25
634,4467.27,1.302,20.19,1271.99,50.0,72,36,36,False,1.4,True,1.25,True,8bars,200.0,4.5,2.5,120.0,0.25
223,3079.64,1.302,26.46,1807.07,50.0,72,36,36,True,1.35,False,1.2,True,8bars,150.0,3.5,2.5,120.0,0.3
360,3535.91,1.301,20.83,1622.89,50.0,72,36,36,True,1.45,False,1.2,True,8bars,200.0,4.5,2.0,120.0,0.3
220,3004.96,1.296,26.36,1898.26,50.0,72,36,36,True,1.35,False,1.2,True,12bars,150.0,3.5,2.5,120.0,0.3
220,3004.96,1.296,26.36,1898.26,50.0,72,36,36,True,1.35,False,1.2,False,12bars,150.0,3.5,2.5,120.0,0.3
624,4886.72,1.293,22.12,1469.92,50.0,72,36,36,False,1.4,False,1.2,False,8bars,250.0,4.5,2.5,100.0,0.25
606,4699.37,1.293,21.95,1761.27,50.0,72,36,36,False,1.4,False,1.2,False,12bars,250.0,4.5,2.5,120.0,0.25
598,4703.88,1.281,22.07,1569.96,50.0,72,36,36,False,1.4,False,1.2,False,8bars,250.0,4.5,2.5,120.0,0.25
368,3312.08,1.276,20.38,1637.26,50.0,72,36,36,True,1.45,False,1.2,False,8bars,200.0,4.5,2.0,120.0,0.3
621,4198.44,1.272,23.35,1784.38,50.0,72,36,36,False,1.4,False,1.2,False,12bars,200.0,4.0,2.5,100.0,0.25
390,3232.61,1.268,22.56,1318.89,50.0,72,36,36,True,1.45,False,1.2,False,12bars,200.0,4.0,2.0,120.0,0.25
713,4116.59,1.267,21.46,1266.06,50.0,72,36,36,False,1.4,True,1.25,False,8bars,200.0,4.0,2.5,100.0,0.25
576,4101.11,1.267,23.44,1864.74,50.0,72,36,36,False,1.4,False,1.2,True,12bars,200.0,4.0,2.5,120.0,0.25
389,3225.66,1.267,22.62,1318.89,50.0,72,36,36,True,1.45,False,1.2,True,12bars,200.0,4.0,2.0,120.0,0.25
569,4490.04,1.263,22.14,1594.69,50.0,72,36,36,False,1.4,False,1.2,True,8bars,250.0,4.5,2.5,120.0,0.3
570,3545.37,1.249,22.98,1523.64,50.0,72,36,36,False,1.4,False,1.2,True,12bars,150.0,4.0,2.5,100.0,0.25
585,4103.45,1.247,21.71,1817.98,50.0,72,36,36,False,1.4,False,1.2,True,12bars,250.0,4.5,2.5,100.0,0.3
615,3661.37,1.244,19.51,1238.24,50.0,72,36,36,False,1.4,True,1.15,True,8bars,200.0,4.5,2.5,100.0,0.3
534,3320.98,1.243,21.54,1445.87,50.0,72,36,36,False,1.4,False,1.2,True,12bars,150.0,4.5,2.5,100.0,0.25
390,3076.37,1.242,23.08,1359.15,50.0,72,36,36,True,1.45,False,1.2,False,12bars,200.0,4.0,2.0,120.0,0.3
389,3072.67,1.242,23.14,1359.15,50.0,72,36,36,True,1.45,False,1.2,True,12bars,200.0,4.0,2.0,120.0,0.3
600,3497.5,1.236,19.5,1306.4,50.0,72,36,36,False,1.4,True,1.15,False,8bars,200.0,4.5,2.5,100.0,0.3
306,2524.27,1.231,24.51,1979.28,50.0,72,36,36,True,1.45,False,1.2,False,12bars,150.0,3.5,2.5,100.0,0.3
306,2515.36,1.23,24.51,1979.28,50.0,72,36,36,True,1.45,False,1.2,True,12bars,150.0,3.5,2.5,100.0,0.3
700,3609.05,1.226,21.71,1438.82,50.0,72,36,36,False,1.4,True,1.25,False,8bars,200.0,4.0,2.5,120.0,0.25
309,2471.86,1.225,24.27,1967.31,50.0,72,36,36,True,1.45,False,1.2,True,8bars,150.0,3.5,2.5,100.0,0.3
309,2460.43,1.224,24.27,1967.31,50.0,72,36,36,True,1.45,False,1.2,False,8bars,150.0,3.5,2.5,100.0,0.3
574,3275.62,1.223,21.08,1445.87,50.0,72,36,36,False,1.4,False,1.2,True,12bars,200.0,4.5,2.5,100.0,0.25
545,3207.92,1.222,21.83,1940.13,50.0,72,36,36,False,1.4,False,1.2,True,12bars,150.0,4.5,2.5,120.0,0.25
363,2284.58,1.217,21.49,1529.2,50.0,72,36,36,True,1.45,False,1.2,True,12bars,150.0,4.0,2.0,100.0,0.25
364,2274.12,1.216,21.43,1529.2,50.0,72,36,36,True,1.45,False,1.2,False,12bars,150.0,4.0,2.0,100.0,0.25
623,3309.4,1.204,22.63,1245.75,50.0,72,36,36,False,1.4,True,1.25,True,12bars,200.0,4.0,2.5,120.0,0.3
589,3219.87,1.2,22.75,1726.54,50.0,72,36,36,False,1.4,True,1.15,True,12bars,200.0,4.0,2.5,120.0,0.3
767,3395.15,1.199,23.86,1306.4,50.0,72,36,36,False,1.4,True,1.25,True,8bars,200.0,3.5,2.5,100.0,0.25
578,3048.99,1.199,21.45,1870.39,50.0,72,36,36,False,1.4,False,1.2,True,12bars,200.0,4.5,2.5,120.0,0.25
818,2897.02,1.189,20.66,1600.85,50.0,72,36,36,False,1.4,False,1.2,False,8bars,150.0,4.5,2.0,100.0,0.25
364,2093.45,1.187,21.98,1791.81,50.0,72,36,36,True,1.45,False,1.2,True,12bars,150.0,4.0,2.0,100.0,0.3
554,2659.15,1.186,20.4,957.79,50.0,72,36,36,False,1.4,True,1.15,True,12bars,200.0,4.5,2.5,120.0,0.25
365,2080.9,1.185,21.92,1791.81,50.0,72,36,36,True,1.45,False,1.2,False,12bars,150.0,4.0,2.0,100.0,0.3
580,2486.44,1.176,18.97,1576.67,50.0,72,36,36,False,1.4,True,1.15,False,8bars,150.0,4.5,2.5,100.0,0.3
786,3046.66,1.175,23.66,1323.37,50.0,72,36,36,False,1.4,True,1.25,False,8bars,200.0,3.5,2.5,100.0,0.25
596,2510.51,1.175,18.96,1464.32,50.0,72,36,36,False,1.4,True,1.15,True,8bars,150.0,4.5,2.5,100.0,0.3
572,2511.89,1.172,20.45,973.95,50.0,72,36,36,False,1.4,True,1.15,True,12bars,150.0,4.5,2.5,100.0,0.3
581,2505.71,1.171,20.31,965.68,50.0,72,36,36,False,1.4,True,1.15,False,12bars,150.0,4.5,2.5,100.0,0.3
377,1811.9,1.164,23.61,1056.21,50.0,72,36,36,True,1.45,False,1.2,True,8bars,150.0,3.5,2.0,100.0,0.3
375,1801.22,1.164,24.0,1119.46,50.0,72,36,36,True,1.45,False,1.2,True,12bars,150.0,3.5,2.0,100.0,0.3
376,1788.66,1.162,23.94,1119.46,50.0,72,36,36,True,1.45,False,1.2,False,12bars,150.0,3.5,2.0,100.0,0.3
384,1736.86,1.161,22.92,1102.41,50.0,72,36,36,True,1.45,False,1.2,True,8bars,150.0,3.5,2.0,120.0,0.25
793,2726.49,1.157,20.05,2980.09,50.0,72,36,36,False,1.4,False,1.2,False,8bars,200.0,4.5,2.0,120.0,0.25
379,1699.38,1.153,23.22,1056.21,50.0,72,36,36,True,1.45,False,1.2,False,8bars,150.0,3.5,2.0,100.0,0.3
630,2117.7,1.149,20.95,1639.51,50.0,72,36,36,False,1.4,True,1.25,True,8bars,150.0,4.0,2.5,120.0,0.25
563,2092.4,1.148,20.07,954.19,50.0,72,36,36,False,1.4,True,1.15,False,12bars,150.0,4.5,2.5,120.0,0.25
595,2058.12,1.147,20.0,929.68,50.0,72,36,36,False,1.4,True,1.15,True,12bars,150.0,4.5,2.5,100.0,0.25
604,2058.59,1.146,19.87,922.79,50.0,72,36,36,False,1.4,True,1.15,False,12bars,150.0,4.5,2.5,100.0,0.25
643,2022.8,1.145,21.31,1497.75,50.0,72,36,36,False,1.4,True,1.25,True,12bars,150.0,4.0,2.5,100.0,0.25
388,1562.47,1.143,22.42,1114.38,50.0,72,36,36,True,1.45,False,1.2,False,8bars,150.0,3.5,2.0,120.0,0.25
555,1979.49,1.134,20.72,1138.95,50.0,72,36,36,False,1.4,True,1.25,True,12bars,150.0,4.5,2.5,120.0,0.3
786,2164.89,1.132,19.85,1803.02,50.0,72,36,36,False,1.4,False,1.2,False,12bars,200.0,4.5,2.0,120.0,0.25
834,1983.17,1.13,20.26,1413.62,50.0,72,36,36,False,1.4,True,1.25,True,8bars,150.0,4.0,2.0,100.0,0.25
564,1854.81,1.124,20.39,1134.36,50.0,72,36,36,False,1.4,True,1.25,False,12bars,150.0,4.5,2.5,120.0,0.3
603,1743.01,1.122,21.39,1281.29,50.0,72,36,36,False,1.4,True,1.25,True,12bars,150.0,4.0,2.5,120.0,0.25
648,1662.2,1.116,22.84,1410.92,50.0,72,36,36,False,1.4,True,1.25,True,8bars,150.0,3.5,2.5,120.0,0.25
842,1686.23,1.112,18.17,1208.48,50.0,72,36,36,False,1.4,True,1.25,True,8bars,150.0,4.5,2.0,100.0,0.25
818,1667.48,1.104,20.29,1536.45,50.0,72,36,36,False,1.4,True,1.25,True,8bars,150.0,4.0,2.0,120.0,0.25
559,1525.32,1.102,21.82,1327.21,50.0,72,36,36,False,1.4,True,1.15,False,12bars,150.0,4.0,2.5,120.0,0.3
800,1617.08,1.095,20.62,1536.6,50.0,72,36,36,False,1.4,True,1.25,True,8bars,150.0,4.0,2.0,120.0,0.3
802,1457.51,1.093,18.33,1316.08,50.0,72,36,36,False,1.4,True,1.25,True,8bars,150.0,4.5,2.0,120.0,0.25
753,1528.91,1.086,19.26,2540.51,50.0,72,36,36,False,1.4,False,1.2,False,12bars,200.0,4.5,2.0,120.0,0.3
913,1338.16,1.086,22.02,1964.44,50.0,72,36,36,False,1.4,True,1.25,False,8bars,150.0,3.5,2.0,100.0,0.25
854,1435.16,1.084,21.78,1962.29,50.0,72,36,36,False,1.4,False,1.2,True,12bars,150.0,4.0,2.0,120.0,0.25
974,1425.29,1.082,23.2,1652.07,50.0,72,36,36,False,1.4,False,1.2,False,8bars,150.0,3.5,2.0,100.0,0.25
875,1320.05,1.082,22.4,1806.95,50.0,72,36,36,False,1.4,True,1.25,True,8bars,150.0,3.5,2.0,120.0,0.25
608,1218.02,1.082,21.05,1619.37,50.0,72,36,36,False,1.4,True,1.25,True,8bars,150.0,4.0,2.5,120.0,0.3
853,1419.38,1.078,21.34,2290.11,50.0,72,36,36,False,1.4,False,1.2,False,8bars,150.0,4.0,2.0,120.0,0.25
842,1253.14,1.077,20.31,1461.51,50.0,72,36,36,False,1.4,True,1.25,False,8bars,150.0,4.0,2.0,120.0,0.25
792,1336.91,1.076,19.19,2320.77,50.0,72,36,36,False,1.4,False,1.2,False,12bars,200.0,4.5,2.0,100.0,0.3
742,1329.43,1.076,19.27,2541.74,50.0,72,36,36,False,1.4,False,1.2,True,12bars,200.0,4.5,2.0,120.0,0.3
875,1231.41,1.072,22.17,1687.59,50.0,72,36,36,False,1.4,False,1.2,True,8bars,150.0,3.5,2.0,120.0,0.25
713,1178.22,1.071,19.92,2374.77,50.0,72,36,36,False,1.4,False,1.2,True,8bars,150.0,4.5,2.0,120.0,0.3
745,1099.09,1.07,19.6,2406.47,50.0,72,36,36,False,1.4,False,1.2,True,8bars,150.0,4.5,2.0,120.0,0.25
825,1189.36,1.068,20.61,1436.2,50.0,72,36,36,False,1.4,True,1.25,False,8bars,150.0,4.0,2.0,120.0,0.3
645,944.78,1.058,23.41,1729.88,50.0,72,36,36,False,1.4,True,1.25,True,12bars,150.0,3.5,2.5,120.0,0.3
652,905.14,1.055,23.16,1769.33,50.0,72,36,36,False,1.4,True,1.25,False,12bars,150.0,3.5,2.5,120.0,0.3
587,676.92,1.044,21.29,1275.62,50.0,72,36,36,False,1.4,True,1.25,True,12bars,150.0,4.0,2.5,120.0,0.3
675,637.81,1.04,23.11,1646.38,50.0,72,36,36,False,1.4,True,1.25,True,12bars,150.0,3.5,2.5,100.0,0.3
861,543.06,1.031,22.07,2084.94,50.0,72,36,36,False,1.4,True,1.25,False,8bars,150.0,3.5,2.0,120.0,0.3
904,416.38,1.023,22.68,1750.81,50.0,72,36,36,False,1.4,False,1.2,True,8bars,150.0,3.5,2.0,100.0,0.3
766,211.66,1.013,18.67,2320.77,50.0,72,36,36,False,1.4,False,1.2,False,12bars,150.0,4.5,2.0,100.0,0.3
807,101.87,1.006,20.82,2372.88,50.0,72,36,36,False,1.4,False,1.2,True,12bars,150.0,4.0,2.0,120.0,0.3
204,5552.01,1.823,27.45,948.83,48.61,72,35,37,True,1.4,True,1.25,False,8bars,150.0,4.0,2.0,120.0,0.25
204,5565.45,1.812,27.45,956.34,48.61,72,35,37,True,1.4,True,1.25,False,8bars,150.0,4.0,2.0,120.0,0.3
300,5746.51,1.65,24.0,1163.95,48.61,72,35,37,True,1.4,False,1.2,False,12bars,200.0,4.5,2.0,100.0,0.25
323,6452.62,1.609,23.84,1138.97,48.61,72,35,37,True,1.4,False,1.2,False,12bars,250.0,4.5,2.0,120.0,0.25
218,5142.14,1.568,26.61,1596.69,48.61,72,35,37,True,1.35,False,1.2,False,8bars,150.0,4.5,2.5,100.0,0.3
217,5064.25,1.559,26.27,1674.58,48.61,72,35,37,True,1.35,False,1.2,True,8bars,150.0,4.5,2.5,100.0,0.3
214,4963.25,1.549,26.17,1792.09,48.61,72,35,37,True,1.35,False,1.2,True,12bars,150.0,4.5,2.5,100.0,0.3
214,4963.25,1.549,26.17,1792.09,48.61,72,35,37,True,1.35,False,1.2,False,12bars,150.0,4.5,2.5,100.0,0.3
224,5107.61,1.546,26.34,1596.69,48.61,72,35,37,True,1.35,False,1.2,False,8bars,200.0,4.5,2.5,100.0,0.3
223,5029.72,1.537,26.01,1674.58,48.61,72,35,37,True,1.35,False,1.2,True,8bars,200.0,4.5,2.5,100.0,0.3
220,4928.72,1.527,25.91,1792.09,48.61,72,35,37,True,1.35,False,1.2,True,12bars,200.0,4.5,2.5,100.0,0.3
220,4928.72,1.527,25.91,1792.09,48.61,72,35,37,True,1.35,False,1.2,False,12bars,200.0,4.5,2.5,100.0,0.3
265,5685.19,1.525,23.4,866.16,48.61,72,35,37,True,1.4,False,1.2,False,8bars,200.0,4.5,2.5,120.0,0.3
286,5695.1,1.496,24.48,1322.7,48.61,72,35,37,True,1.4,False,1.2,False,8bars,250.0,4.0,2.5,120.0,0.25
280,5226.44,1.483,27.5,1228.45,48.61,72,35,37,True,1.4,False,1.2,False,8bars,200.0,3.5,2.5,120.0,0.25
276,5579.48,1.478,24.64,1475.88,48.61,72,35,37,True,1.4,False,1.2,False,12bars,250.0,4.0,2.5,120.0,0.3
276,5568.89,1.477,24.64,1475.88,48.61,72,35,37,True,1.4,False,1.2,True,12bars,250.0,4.0,2.5,120.0,0.3
277,5554.11,1.475,24.55,1475.88,48.61,72,35,37,True,1.4,False,1.2,True,8bars,250.0,4.0,2.5,120.0,0.3
276,4537.82,1.47,24.64,1087.33,48.61,72,35,37,True,1.4,False,1.2,False,8bars,200.0,4.0,2.5,100.0,0.25
278,5037.51,1.466,27.34,1429.71,48.61,72,35,37,True,1.4,False,1.2,False,12bars,200.0,3.5,2.5,120.0,0.25
274,4492.53,1.466,24.45,1144.94,48.61,72,35,37,True,1.4,False,1.2,False,12bars,200.0,4.0,2.5,100.0,0.25
294,3974.33,1.466,24.49,967.25,48.61,72,35,37,True,1.4,False,1.2,True,12bars,150.0,4.0,2.0,100.0,0.25
278,5030.08,1.465,27.34,1429.71,48.61,72,35,37,True,1.4,False,1.2,True,12bars,200.0,3.5,2.5,120.0,0.25
346,5407.57,1.464,24.86,1148.49,48.61,72,35,37,True,1.4,False,1.2,False,8bars,250.0,4.0,2.0,120.0,0.3
306,4539.62,1.464,23.86,1132.62,48.61,72,35,37,True,1.4,False,1.2,True,12bars,200.0,4.5,2.0,100.0,0.3
274,4485.1,1.464,24.45,1144.94,48.61,72,35,37,True,1.4,False,1.2,True,12bars,200.0,4.0,2.5,100.0,0.25
295,3965.65,1.464,24.41,967.25,48.61,72,35,37,True,1.4,False,1.2,True,8bars,150.0,4.0,2.0,100.0,0.25
279,5017.76,1.463,27.24,1429.71,48.61,72,35,37,True,1.4,False,1.2,True,8bars,200.0,3.5,2.5,120.0,0.25
307,4529.2,1.463,23.78,1132.62,48.61,72,35,37,True,1.4,False,1.2,True,8bars,200.0,4.5,2.0,100.0,0.3
275,4472.78,1.463,24.36,1144.94,48.61,72,35,37,True,1.4,False,1.2,True,8bars,200.0,4.0,2.5,100.0,0.25
227,4682.4,1.462,26.43,1630.26,48.61,72,35,37,True,1.35,False,1.2,False,8bars,200.0,4.0,2.5,120.0,0.25
260,4797.76,1.457,22.69,1449.82,48.61,72,35,37,True,1.4,False,1.2,False,8bars,150.0,4.5,2.5,120.0,0.3
226,4624.79,1.457,26.11,1687.87,48.61,72,35,37,True,1.35,False,1.2,True,8bars,200.0,4.0,2.5,120.0,0.25
328,5166.25,1.45,23.78,1109.31,48.61,72,35,37,True,1.4,False,1.2,True,12bars,250.0,4.5,2.0,120.0,0.3
223,4546.62,1.449,26.01,1774.82,48.61,72,35,37,True,1.35,False,1.2,True,12bars,200.0,4.0,2.5,120.0,0.25
223,4546.62,1.449,26.01,1774.82,48.61,72,35,37,True,1.35,False,1.2,False,12bars,200.0,4.0,2.5,120.0,0.25
329,5155.82,1.448,23.71,1112.44,48.61,72,35,37,True,1.4,False,1.2,True,8bars,250.0,4.5,2.0,120.0,0.3
278,4269.49,1.445,24.46,1140.09,48.61,72,35,37,True,1.4,False,1.2,False,8bars,150.0,4.0,2.5,100.0,0.25
276,4224.2,1.441,24.28,1197.7,48.61,72,35,37,True,1.4,False,1.2,False,12bars,150.0,4.0,2.5,100.0,0.25
276,4216.77,1.44,24.28,1197.7,48.61,72,35,37,True,1.4,False,1.2,True,12bars,150.0,4.0,2.5,100.0,0.25
277,4204.45,1.438,24.19,1197.7,48.61,72,35,37,True,1.4,False,1.2,True,8bars,150.0,4.0,2.5,100.0,0.25
222,3896.54,1.427,26.58,1698.95,48.61,72,35,37,True,1.35,False,1.2,False,8bars,150.0,4.0,2.5,100.0,0.3
221,3827.41,1.42,26.24,1768.08,48.61,72,35,37,True,1.35,False,1.2,True,8bars,150.0,4.0,2.5,100.0,0.3
218,3739.57,1.411,26.15,1872.42,48.61,72,35,37,True,1.35,False,1.2,True,12bars,150.0,4.0,2.5,100.0,0.3
218,3739.57,1.411,26.15,1872.42,48.61,72,35,37,True,1.35,False,1.2,False,12bars,150.0,4.0,2.5,100.0,0.3
379,4764.66,1.391,20.84,1969.59,48.61,72,35,37,True,1.45,False,1.2,True,8bars,250.0,4.5,2.0,120.0,0.25
319,3959.07,1.388,26.65,1159.44,48.61,72,35,37,True,1.4,False,1.2,True,12bars,200.0,3.5,2.0,120.0,0.25
320,3950.39,1.387,26.56,1159.44,48.61,72,35,37,True,1.4,False,1.2,True,8bars,200.0,3.5,2.0,120.0,0.25
321,3949.62,1.386,26.48,1159.44,48.61,72,35,37,True,1.4,False,1.2,False,12bars,200.0,3.5,2.0,120.0,0.25
335,4580.47,1.385,26.27,1946.33,48.61,72,35,37,True,1.45,False,1.2,False,12bars,250.0,3.5,2.5,100.0,0.3
335,4571.55,1.384,26.27,1946.33,48.61,72,35,37,True,1.45,False,1.2,True,12bars,250.0,3.5,2.5,100.0,0.3
326,3973.7,1.383,26.38,999.05,48.61,72,35,37,True,1.4,False,1.2,False,8bars,200.0,3.5,2.0,120.0,0.25
341,4585.58,1.379,26.1,1946.33,48.61,72,35,37,True,1.45,False,1.2,False,8bars,250.0,3.5,2.5,100.0,0.3
338,4528.06,1.379,26.04,1946.33,48.61,72,35,37,True,1.45,False,1.2,True,8bars,250.0,3.5,2.5,100.0,0.3
394,4734.07,1.373,20.56,1981.56,48.61,72,35,37,True,1.45,False,1.2,False,8bars,250.0,4.5,2.0,120.0,0.25
334,4121.18,1.371,25.45,1919.11,48.61,72,35,37,True,1.45,False,1.2,False,12bars,200.0,3.5,2.5,100.0,0.25
334,4115.33,1.371,25.45,1919.11,48.61,72,35,37,True,1.45,False,1.2,True,12bars,200.0,3.5,2.5,100.0,0.25
377,4627.21,1.364,21.22,1983.09,48.61,72,35,37,True,1.45,False,1.2,True,8bars,250.0,4.5,2.0,120.0,0.3
338,4048.24,1.362,25.15,1919.11,48.61,72,35,37,True,1.45,False,1.2,True,8bars,200.0,3.5,2.5,100.0,0.25
338,4032.16,1.361,25.15,1919.11,48.61,72,35,37,True,1.45,False,1.2,False,8bars,200.0,3.5,2.5,100.0,0.25
659,5866.96,1.351,24.13,1523.64,48.61,72,35,37,False,1.4,False,1.2,False,12bars,250.0,4.0,2.5,100.0,0.25
391,4623.31,1.351,20.97,1997.46,48.61,72,35,37,True,1.45,False,1.2,False,8bars,250.0,4.5,2.0,120.0,0.3
327,3872.11,1.347,23.85,1158.36,48.61,72,35,37,True,1.4,False,1.2,False,8bars,200.0,4.0,2.0,120.0,0.3
229,3242.99,1.339,27.07,1611.78,48.61,72,35,37,True,1.35,False,1.2,False,8bars,150.0,3.5,2.5,100.0,0.3
629,5698.46,1.335,22.1,1289.05,48.61,72,35,37,False,1.4,True,1.25,True,12bars,250.0,4.5,2.5,120.0,0.3
228,3182.61,1.333,26.75,1672.16,48.61,72,35,37,True,1.35,False,1.2,True,8bars,150.0,3.5,2.5,100.0,0.3
616,5638.0,1.332,24.19,1523.64,48.61,72,35,37,False,1.4,False,1.2,True,12bars,250.0,4.0,2.5,120.0,0.25
229,3484.6,1.332,27.07,1503.99,48.61,72,35,37,True,1.35,False,1.2,False,8bars,200.0,3.5,2.5,120.0,0.3
362,3647.85,1.326,20.44,1609.39,48.61,72,35,37,True,1.45,False,1.2,True,8bars,200.0,4.5,2.0,120.0,0.25
228,3424.22,1.326,26.75,1564.37,48.61,72,35,37,True,1.35,False,1.2,True,8bars,200.0,3.5,2.5,120.0,0.3
225,3107.93,1.326,26.67,1763.34,48.61,72,35,37,True,1.35,False,1.2,True,12bars,150.0,3.5,2.5,100.0,0.3
225,3107.93,1.326,26.67,1763.34,48.61,72,35,37,True,1.35,False,1.2,False,12bars,150.0,3.5,2.5,100.0,0.3
668,5610.63,1.319,20.66,1444.7,48.61,72,35,37,False,1.4,True,1.25,False,8bars,250.0,4.5,2.5,120.0,0.3
225,3349.54,1.319,26.67,1655.55,48.61,72,35,37,True,1.35,False,1.2,True,12bars,200.0,3.5,2.5,120.0,0.3
225,3349.54,1.319,26.67,1655.55,48.61,72,35,37,True,1.35,False,1.2,False,12bars,200.0,3.5,2.5,120.0,0.3
387,4014.35,1.318,21.45,1770.73,48.61,72,35,37,True,1.45,False,1.2,True,12bars,250.0,4.5,2.0,100.0,0.3
388,4001.8,1.317,21.39,1770.73,48.61,72,35,37,True,1.45,False,1.2,False,12bars,250.0,4.5,2.0,100.0,0.3
640,5460.2,1.316,21.72,1285.5,48.61,72,35,37,False,1.4,True,1.25,False,12bars,250.0,4.5,2.5,120.0,0.3
227,3049.87,1.308,26.43,1733.5,48.61,72,35,37,True,1.35,False,1.2,False,8bars,150.0,3.5,2.5,120.0,0.25
226,2999.56,1.303,26.11,1783.82,48.61,72,35,37,True,1.35,False,1.2,True,8bars,150.0,3.5,2.5,120.0,0.25
724,5207.85,1.302,20.44,1461.32,48.61,72,35,37,False,1.4,True,1.25,False,8bars,250.0,4.5,2.5,120.0,0.25
649,5139.05,1.299,20.65,1457.37,48.61,72,35,37,False,1.4,True,1.25,True,8bars,250.0,4.5,2.5,120.0,0.3
223,2932.35,1.297,26.01,1859.8,48.61,72,35,37,True,1.35,False,1.2,True,12bars,150.0,3.5,2.5,120.0,0.25
223,2932.35,1.297,26.01,1859.8,48.61,72,35,37,True,1.35,False,1.2,False,12bars,150.0,3.5,2.5,120.0,0.25
371,3397.33,1.295,19.95,1621.36,48.61,72,35,37,True,1.45,False,1.2,False,8bars,200.0,4.5,2.0,120.0,0.25
621,4664.34,1.294,21.42,1531.28,48.61,72,35,37,False,1.4,False,1.2,False,12bars,250.0,4.5,2.5,100.0,0.25
700,4129.81,1.272,21.43,1254.41,48.61,72,35,37,False,1.4,True,1.25,True,8bars,200.0,4.0,2.5,100.0,0.25
571,4464.19,1.27,21.19,920.74,48.61,72,35,37,False,1.4,True,1.15,True,12bars,250.0,4.5,2.5,120.0,0.3
618,4274.51,1.264,21.68,1458.97,48.61,72,35,37,False,1.4,False,1.2,True,8bars,250.0,4.5,2.5,100.0,0.25
359,2688.19,1.261,19.5,1793.66,48.61,72,35,37,True,1.45,False,1.2,True,8bars,150.0,4.5,2.0,100.0,0.25
600,4150.13,1.26,21.67,1769.36,48.61,72,35,37,False,1.4,False,1.2,True,12bars,250.0,4.5,2.5,120.0,0.25
589,4110.96,1.254,21.73,1571.23,48.61,72,35,37,False,1.4,False,1.2,True,8bars,250.0,4.5,2.5,120.0,0.25
370,2932.47,1.25,20.27,2025.15,48.61,72,35,37,True,1.45,False,1.2,True,8bars,200.0,4.5,2.0,100.0,0.3
616,3734.17,1.247,21.1,1063.84,48.61,72,35,37,False,1.4,True,1.25,True,12bars,200.0,4.5,2.5,120.0,0.25
646,3576.41,1.245,20.59,1316.37,48.61,72,35,37,False,1.4,True,1.25,True,12bars,200.0,4.5,2.5,100.0,0.25
749,4548.01,1.24,22.03,1421.05,48.61,72,35,37,False,1.4,True,1.25,True,8bars,250.0,4.0,2.5,100.0,0.3
625,3633.3,1.239,20.8,1060.01,48.61,72,35,37,False,1.4,True,1.25,False,12bars,200.0,4.5,2.5,120.0,0.25
364,2510.42,1.239,19.23,1805.63,48.61,72,35,37,True,1.45,False,1.2,False,8bars,150.0,4.5,2.0,100.0,0.25
616,3667.98,1.238,23.05,1784.66,48.61,72,35,37,False,1.4,False,1.2,True,12bars,200.0,4.0,2.5,100.0,0.25
751,4477.54,1.235,22.1,1446.65,48.61,72,35,37,False,1.4,True,1.25,False,8bars,250.0,4.0,2.5,100.0,0.3
694,4330.18,1.235,22.62,1245.75,48.61,72,35,37,False,1.4,True,1.25,True,12bars,250.0,4.0,2.5,120.0,0.3
655,3467.34,1.235,20.31,1354.37,48.61,72,35,37,False,1.4,True,1.25,False,12bars,200.0,4.5,2.5,100.0,0.25
376,2759.35,1.231,19.95,2039.52,48.61,72,35,37,True,1.45,False,1.2,False,8bars,200.0,4.5,2.0,100.0,0.3
646,3537.32,1.227,22.29,1521.98,48.61,72,35,37,False,1.4,True,1.25,True,12bars,200.0,4.0,2.5,100.0,0.3
726,4332.95,1.225,22.31,1622.85,48.61,72,35,37,False,1.4,True,1.25,False,8bars,250.0,4.0,2.5,120.0,0.3
674,3296.51,1.225,21.96,1485.43,48.61,72,35,37,False,1.4,True,1.25,True,12bars,200.0,4.0,2.5,100.0,0.25
783,4603.47,1.224,25.29,2176.82,48.61,72,35,37,False,1.4,False,1.2,False,12bars,250.0,3.5,2.5,100.0,0.25
318,2380.6,1.224,23.9,1919.11,48.61,72,35,37,True,1.45,False,1.2,False,12bars,150.0,3.5,2.5,100.0,0.25
318,2374.75,1.224,23.9,1919.11,48.61,72,35,37,True,1.45,False,1.2,True,12bars,150.0,3.5,2.5,100.0,0.25
322,2307.66,1.216,23.6,1931.1,48.61,72,35,37,True,1.45,False,1.2,True,8bars,150.0,3.5,2.5,100.0,0.25
322,2291.58,1.215,23.6,1931.1,48.61,72,35,37,True,1.45,False,1.2,False,8bars,150.0,3.5,2.5,100.0,0.25
566,3176.57,1.212,19.61,1339.6,48.61,72,35,37,False,1.4,True,1.15,True,8bars,200.0,4.5,2.5,120.0,0.3
628,3191.54,1.198,21.34,1459.29,48.61,72,35,37,False,1.4,True,1.15,False,8bars,200.0,4.0,2.5,120.0,0.3
376,1977.52,1.19,23.4,877.79,48.61,72,35,37,True,1.45,False,1.2,True,12bars,150.0,3.5,2.0,100.0,0.25
377,1967.06,1.189,23.34,877.79,48.61,72,35,37,True,1.45,False,1.2,False,12bars,150.0,3.5,2.0,100.0,0.25
651,3029.97,1.185,21.81,1403.17,48.61,72,35,37,False,1.4,True,1.25,True,8bars,200.0,4.0,2.5,120.0,0.3
665,2933.95,1.183,21.05,1318.41,48.61,72,35,37,False,1.4,True,1.15,False,8bars,200.0,4.0,2.5,100.0,0.3
376,1907.87,1.177,21.01,1850.46,48.61,72,35,37,True,1.45,False,1.2,True,8bars,150.0,4.0,2.0,100.0,0.25
636,2822.52,1.171,22.17,1241.66,48.61,72,35,37,False,1.4,True,1.25,False,12bars,200.0,4.0,2.5,120.0,0.3
608,2722.21,1.165,22.2,1722.46,48.61,72,35,37,False,1.4,True,1.15,False,12bars,200.0,4.0,2.5,120.0,0.3
589,2590.21,1.162,20.88,1138.95,48.61,72,35,37,False,1.4,True,1.25,True,12bars,200.0,4.5,2.5,120.0,0.3
380,1745.44,1.161,20.53,1862.43,48.61,72,35,37,True,1.45,False,1.2,False,8bars,150.0,4.0,2.0,100.0,0.25
580,2396.55,1.159,20.34,973.95,48.61,72,35,37,False,1.4,True,1.15,True,12bars,200.0,4.5,2.5,100.0,0.3
598,2465.53,1.153,20.57,1134.36,48.61,72,35,37,False,1.4,True,1.25,False,12bars,200.0,4.5,2.5,120.0,0.3
375,1726.42,1.151,21.33,2114.17,48.61,72,35,37,True,1.45,False,1.2,True,8bars,150.0,4.0,2.0,100.0,0.3
762,2684.37,1.15,24.02,1487.35,48.61,72,35,37,False,1.4,True,1.25,False,8bars,200.0,3.5,2.5,120.0,0.25
601,2085.99,1.146,19.97,929.68,48.61,72,35,37,False,1.4,True,1.15,True,12bars,200.0,4.5,2.5,100.0,0.25
748,2561.1,1.142,23.8,1929.72,48.61,72,35,37,False,1.4,True,1.25,True,12bars,200.0,3.5,2.5,100.0,0.3
547,2025.71,1.141,19.01,1427.39,48.61,72,35,37,False,1.4,True,1.15,True,8bars,150.0,4.5,2.5,120.0,0.3
378,1586.95,1.139,20.9,2128.54,48.61,72,35,37,True,1.45,False,1.2,False,8bars,150.0,4.0,2.0,100.0,0.3
653,2476.17,1.137,24.66,1444.72,48.61,72,35,37,False,1.4,True,1.15,True,12bars,200.0,3.5,2.5,120.0,0.3
715,2440.12,1.133,24.2,1415.29,48.61,72,35,37,False,1.4,True,1.25,True,8bars,200.0,3.5,2.5,120.0,0.3
784,2470.83,1.131,20.28,2924.17,48.61,72,35,37,False,1.4,False,1.2,False,8bars,200.0,4.5,2.0,120.0,0.3
758,2363.68,1.129,23.48,1973.1,48.61,72,35,37,False,1.4,True,1.25,False,12bars,200.0,3.5,2.5,100.0,0.3
629,1912.55,1.129,20.83,1588.16,48.61,72,35,37,False,1.4,True,1.15,False,8bars,150.0,4.0,2.5,100.0,0.3
738,2438.46,1.128,25.2,1760.1,48.61,72,35,37,False,1.4,False,1.2,True,8bars,200.0,3.5,2.5,120.0,0.25
641,1810.97,1.125,19.97,1376.94,48.61,72,35,37,False,1.4,True,1.25,True,12bars,150.0,4.5,2.5,100.0,0.25
593,1846.19,1.124,20.91,1575.89,48.61,72,35,37,False,1.4,True,1.15,False,8bars,150.0,4.0,2.5,120.0,0.3
590,1795.88,1.124,20.51,1063.84,48.61,72,35,37,False,1.4,True,1.25,True,12bars,150.0,4.5,2.5,120.0,0.25
589,1808.43,1.123,20.2,1407.88,48.61,72,35,37,False,1.4,True,1.25,True,12bars,150.0,4.5,2.5,100.0,0.3
750,2338.81,1.121,25.2,1792.55,48.61,72,35,37,False,1.4,False,1.2,False,8bars,200.0,3.5,2.5,120.0,0.25
770,2253.76,1.119,24.55,1515.22,48.61,72,35,37,False,1.4,False,1.2,True,8bars,200.0,3.5,2.5,100.0,0.25
650,1693.77,1.116,19.69,1414.94,48.61,72,35,37,False,1.4,True,1.25,False,12bars,150.0,4.5,2.5,100.0,0.25
599,1686.89,1.115,20.2,1060.01,48.61,72,35,37,False,1.4,True,1.25,False,12bars,150.0,4.5,2.5,120.0,0.25
655,1606.61,1.114,20.92,1740.98,48.61,72,35,37,False,1.4,True,1.25,False,12bars,150.0,4.0,2.5,100.0,0.25
598,1676.09,1.113,19.9,1453.44,48.61,72,35,37,False,1.4,True,1.25,False,12bars,150.0,4.5,2.5,100.0,0.3
782,2131.6,1.111,24.55,1540.49,48.61,72,35,37,False,1.4,False,1.2,False,8bars,200.0,3.5,2.5,100.0,0.25
638,1545.39,1.102,24.29,884.36,48.61,72,35,37,False,1.4,True,1.15,True,12bars,150.0,3.5,2.5,100.0,0.3
569,1397.55,1.099,21.62,1333.5,48.61,72,35,37,False,1.4,True,1.15,True,12bars,150.0,4.0,2.5,120.0,0.25
728,1899.2,1.095,24.45,1424.86,48.61,72,35,37,False,1.4,False,1.2,True,8bars,200.0,3.5,2.5,100.0,0.3
905,1777.3,1.095,18.56,1832.97,48.61,72,35,37,False,1.4,True,1.25,True,8bars,200.0,4.5,2.0,100.0,0.3
879,1796.59,1.094,19.45,2871.14,48.61,72,35,37,False,1.4,False,1.2,False,8bars,200.0,4.5,2.0,100.0,0.3
810,1383.92,1.093,21.98,1347.53,48.61,72,35,37,False,1.4,True,1.15,True,8bars,150.0,3.5,2.0,100.0,0.25
615,1335.02,1.093,20.98,1331.7,48.61,72,35,37,False,1.4,True,1.25,False,12bars,150.0,4.0,2.5,120.0,0.25
1153,2018.21,1.089,24.2,1738.45,48.61,72,35,37,False,1.4,False,1.2,False,8bars,200.0,3.5,2.0,100.0,0.25
737,1798.21,1.089,24.42,1417.77,48.61,72,35,37,False,1.4,False,1.2,False,8bars,200.0,3.5,2.5,100.0,0.3
618,1339.16,1.089,24.11,1454.19,48.61,72,35,37,False,1.4,True,1.15,True,12bars,150.0,3.5,2.5,120.0,0.25
905,1370.14,1.088,21.99,1889.12,48.61,72,35,37,False,1.4,True,1.25,True,8bars,150.0,3.5,2.0,100.0,0.25
872,1616.0,1.083,18.81,1993.1,48.61,72,35,37,False,1.4,True,1.25,True,8bars,200.0,4.5,2.0,120.0,0.3
1102,1890.4,1.08,23.68,1904.91,48.61,72,35,37,False,1.4,False,1.2,False,8bars,200.0,3.5,2.0,120.0,0.25
895,1408.62,1.071,18.99,2076.77,48.61,72,35,37,False,1.4,True,1.25,False,8bars,200.0,4.5,2.0,120.0,0.3
619,985.42,1.065,21.16,1525.85,48.61,72,35,37,False,1.4,True,1.25,True,12bars,150.0,4.0,2.5,100.0,0.3
1062,1307.14,1.062,23.16,1735.69,48.61,72,35,37,False,1.4,False,1.2,False,12bars,200.0,3.5,2.0,100.0,0.25
713,887.65,1.059,22.72,1595.08,48.61,72,35,37,False,1.4,True,1.25,True,12bars,150.0,3.5,2.5,100.0,0.25
720,855.16,1.056,22.5,1634.33,48.61,72,35,37,False,1.4,True,1.25,False,12bars,150.0,3.5,2.5,100.0,0.25
750,841.19,1.056,20.4,1375.26,48.61,72,35,37,False,1.4,True,1.15,False,8bars,150.0,4.0,2.0,100.0,0.3
885,873.24,1.055,19.77,1590.66,48.61,72,35,37,False,1.4,True,1.25,False,8bars,150.0,4.0,2.0,100.0,0.25
863,876.79,1.051,20.05,1665.12,48.61,72,35,37,False,1.4,True,1.25,False,8bars,150.0,4.0,2.0,100.0,0.3
869,849.43,1.048,20.94,2312.78,48.61,72,35,37,False,1.4,False,1.2,True,8bars,150.0,4.0,2.0,120.0,0.25
913,803.2,1.042,21.25,2269.85,48.61,72,35,37,False,1.4,False,1.2,False,8bars,150.0,4.0,2.0,100.0,0.3
785,712.5,1.041,18.85,2322.0,48.61,72,35,37,False,1.4,False,1.2,True,12bars,200.0,4.5,2.0,100.0,0.3
876,572.19,1.035,21.8,2064.08,48.61,72,35,37,False,1.4,True,1.25,False,8bars,150.0,3.5,2.0,120.0,0.25
697,450.82,1.029,20.52,1844.04,48.61,72,35,37,False,1.4,True,1.15,False,8bars,150.0,4.0,2.0,120.0,0.3
799,260.36,1.016,21.65,1509.56,48.61,72,35,37,False,1.4,True,1.15,False,8bars,150.0,3.5,2.0,100.0,0.3
599,251.94,1.016,20.87,1378.35,48.61,72,35,37,False,1.4,True,1.25,False,12bars,150.0,4.0,2.5,120.0,0.3
761,102.79,1.006,21.55,1464.3,48.61,72,35,37,False,1.4,True,1.15,False,8bars,150.0,3.5,2.0,120.0,0.3
760,-225.15,0.987,18.42,2525.65,48.61,72,35,37,False,1.4,False,1.2,True,12bars,150.0,4.5,2.0,100.0,0.3
201,5461.5,1.763,25.87,863.93,47.22,72,34,38,True,1.4,True,1.25,False,8bars,150.0,4.5,2.0,120.0,0.3
208,4829.39,1.703,26.92,849.77,47.22,72,34,38,True,1.4,True,1.25,False,8bars,150.0,4.0,2.0,100.0,0.3
229,5855.27,1.593,26.2,1596.69,47.22,72,34,38,True,1.35,False,1.2,False,8bars,250.0,4.5,2.5,100.0,0.3
228,5777.38,1.585,25.88,1674.58,47.22,72,34,38,True,1.35,False,1.2,True,8bars,250.0,4.5,2.5,100.0,0.3
225,5676.38,1.576,25.78,1792.09,47.22,72,34,38,True,1.35,False,1.2,True,12bars,250.0,4.5,2.5,100.0,0.3
225,5676.38,1.576,25.78,1792.09,47.22,72,34,38,True,1.35,False,1.2,False,12bars,250.0,4.5,2.5,100.0,0.3
222,4882.56,1.555,26.13,1583.97,47.22,72,34,38,True,1.35,False,1.2,False,8bars,150.0,4.5,2.5,100.0,0.25
221,4817.65,1.548,25.79,1648.88,47.22,72,34,38,True,1.35,False,1.2,True,8bars,150.0,4.5,2.5,100.0,0.25
273,5675.61,1.54,23.08,849.34,47.22,72,34,38,True,1.4,False,1.2,False,8bars,200.0,4.5,2.5,120.0,0.25
218,4728.51,1.538,25.69,1746.8,47.22,72,34,38,True,1.35,False,1.2,True,12bars,150.0,4.5,2.5,100.0,0.25
218,4728.51,1.538,25.69,1746.8,47.22,72,34,38,True,1.35,False,1.2,False,12bars,150.0,4.5,2.5,100.0,0.25
338,5879.33,1.537,23.96,1112.32,47.22,72,34,38,True,1.4,False,1.2,False,8bars,250.0,4.5,2.0,100.0,0.3
227,4855.5,1.534,25.99,1583.97,47.22,72,34,38,True,1.35,False,1.2,False,8bars,200.0,4.5,2.5,100.0,0.25
226,4790.59,1.527,25.66,1648.88,47.22,72,34,38,True,1.35,False,1.2,True,8bars,200.0,4.5,2.5,100.0,0.25
301,4772.75,1.525,23.59,1163.95,47.22,72,34,38,True,1.4,False,1.2,True,12bars,200.0,4.5,2.0,100.0,0.25
302,4764.07,1.523,23.51,1163.95,47.22,72,34,38,True,1.4,False,1.2,True,8bars,200.0,4.5,2.0,100.0,0.25
342,5730.64,1.519,24.56,1136.76,47.22,72,34,38,True,1.4,False,1.2,False,8bars,250.0,4.0,2.0,120.0,0.25
223,4701.45,1.518,25.56,1746.8,47.22,72,34,38,True,1.35,False,1.2,True,12bars,200.0,4.5,2.5,100.0,0.25
223,4701.45,1.518,25.56,1746.8,47.22,72,34,38,True,1.35,False,1.2,False,12bars,200.0,4.5,2.5,100.0,0.25
270,5719.47,1.51,23.33,919.98,47.22,72,34,38,True,1.4,False,1.2,False,8bars,250.0,4.5,2.5,120.0,0.3
323,5477.85,1.505,23.53,1138.97,47.22,72,34,38,True,1.4,False,1.2,True,12bars,250.0,4.5,2.0,120.0,0.25
324,5469.16,1.503,23.46,1138.97,47.22,72,34,38,True,1.4,False,1.2,True,8bars,250.0,4.5,2.0,120.0,0.25
200,4028.81,1.489,27.5,967.25,47.22,72,34,38,True,1.4,True,1.25,False,8bars,150.0,3.5,2.5,120.0,0.25
269,4936.72,1.485,22.68,1291.23,47.22,72,34,38,True,1.4,False,1.2,False,8bars,150.0,4.5,2.5,120.0,0.25
265,5292.06,1.483,23.02,1229.97,47.22,72,34,38,True,1.4,False,1.2,False,12bars,200.0,4.5,2.5,120.0,0.3
265,5283.15,1.482,23.02,1238.27,47.22,72,34,38,True,1.4,False,1.2,True,8bars,200.0,4.5,2.5,120.0,0.3
265,5281.47,1.481,23.02,1238.27,47.22,72,34,38,True,1.4,False,1.2,True,12bars,200.0,4.5,2.5,120.0,0.3
284,5476.97,1.478,24.3,1453.99,47.22,72,34,38,True,1.4,False,1.2,False,12bars,250.0,4.0,2.5,120.0,0.25
284,5469.54,1.477,24.3,1453.99,47.22,72,34,38,True,1.4,False,1.2,True,12bars,250.0,4.0,2.5,120.0,0.25
285,5457.22,1.475,24.21,1453.99,47.22,72,34,38,True,1.4,False,1.2,True,8bars,250.0,4.0,2.5,120.0,0.25
200,3988.12,1.473,27.5,991.84,47.22,72,34,38,True,1.4,True,1.25,False,8bars,150.0,3.5,2.5,120.0,0.3
300,5772.19,1.471,27.33,1331.16,47.22,72,34,38,True,1.4,False,1.2,False,8bars,250.0,3.5,2.5,120.0,0.3
340,5389.5,1.47,25.0,1137.07,47.22,72,34,38,True,1.4,False,1.2,False,12bars,250.0,4.0,2.0,120.0,0.3
298,5585.73,1.456,27.18,1532.42,47.22,72,34,38,True,1.4,False,1.2,False,12bars,250.0,3.5,2.5,120.0,0.3
298,5575.14,1.455,27.18,1532.42,47.22,72,34,38,True,1.4,False,1.2,True,12bars,250.0,3.5,2.5,120.0,0.3
299,5560.35,1.453,27.09,1532.42,47.22,72,34,38,True,1.4,False,1.2,True,8bars,250.0,3.5,2.5,120.0,0.3
291,4394.96,1.425,27.49,1172.36,47.22,72,34,38,True,1.4,False,1.2,False,8bars,200.0,3.5,2.5,100.0,0.25
289,4356.97,1.422,27.34,1222.67,47.22,72,34,38,True,1.4,False,1.2,False,12bars,200.0,3.5,2.5,100.0,0.25
289,4349.54,1.421,27.34,1222.67,47.22,72,34,38,True,1.4,False,1.2,True,12bars,200.0,3.5,2.5,100.0,0.25
290,4337.22,1.419,27.24,1222.67,47.22,72,34,38,True,1.4,False,1.2,True,8bars,200.0,3.5,2.5,100.0,0.25
237,3792.85,1.416,20.68,1772.41,47.22,72,34,38,True,1.45,True,1.25,True,8bars,150.0,4.5,2.5,120.0,0.3
260,4404.63,1.414,22.31,1841.27,47.22,72,34,38,True,1.4,False,1.2,False,12bars,150.0,4.5,2.5,120.0,0.3
260,4395.72,1.413,22.31,1851.86,47.22,72,34,38,True,1.4,False,1.2,True,8bars,150.0,4.5,2.5,120.0,0.3
260,4394.04,1.413,22.31,1851.86,47.22,72,34,38,True,1.4,False,1.2,True,12bars,150.0,4.5,2.5,120.0,0.3
308,4768.01,1.407,27.27,1475.15,47.22,72,34,38,True,1.4,False,1.2,False,8bars,250.0,3.5,2.5,100.0,0.3
306,4722.42,1.404,27.12,1459.11,47.22,72,34,38,True,1.4,False,1.2,False,12bars,250.0,3.5,2.5,100.0,0.3
306,4711.83,1.402,27.12,1459.11,47.22,72,34,38,True,1.4,False,1.2,True,12bars,250.0,3.5,2.5,100.0,0.3
290,4532.0,1.401,24.14,1723.33,47.22,72,34,38,True,1.4,False,1.2,False,8bars,250.0,4.0,2.5,100.0,0.3
242,3747.41,1.401,20.66,1807.93,47.22,72,34,38,True,1.45,True,1.25,False,8bars,150.0,4.5,2.5,120.0,0.3
307,4697.04,1.4,27.04,1475.15,47.22,72,34,38,True,1.4,False,1.2,True,8bars,250.0,3.5,2.5,100.0,0.3
323,4195.18,1.398,23.53,1145.97,47.22,72,34,38,True,1.4,False,1.2,False,8bars,200.0,4.0,2.0,120.0,0.25
288,4477.65,1.396,23.96,1776.43,47.22,72,34,38,True,1.4,False,1.2,False,12bars,250.0,4.0,2.5,100.0,0.3
237,4500.09,1.395,26.16,1462.58,47.22,72,34,38,True,1.35,False,1.2,False,8bars,250.0,4.0,2.5,120.0,0.3
288,4467.06,1.395,23.96,1787.02,47.22,72,34,38,True,1.4,False,1.2,True,12bars,250.0,4.0,2.5,100.0,0.3
289,4452.27,1.393,23.88,1803.06,47.22,72,34,38,True,1.4,False,1.2,True,8bars,250.0,4.0,2.5,100.0,0.3
344,4487.79,1.39,25.87,1907.16,47.22,72,34,38,True,1.45,False,1.2,False,12bars,250.0,3.5,2.5,100.0,0.25
344,4481.94,1.39,25.87,1907.16,47.22,72,34,38,True,1.45,False,1.2,True,12bars,250.0,3.5,2.5,100.0,0.25
236,4430.96,1.389,25.85,1531.72,47.22,72,34,38,True,1.35,False,1.2,True,8bars,250.0,4.0,2.5,120.0,0.3
225,3499.49,1.389,26.22,1675.74,47.22,72,34,38,True,1.35,False,1.2,False,8bars,150.0,4.0,2.5,100.0,0.25
232,3497.37,1.388,21.12,1696.39,47.22,72,34,38,True,1.45,True,1.25,True,12bars,150.0,4.5,2.5,120.0,0.3
224,3441.88,1.383,25.89,1733.35,47.22,72,34,38,True,1.35,False,1.2,True,8bars,150.0,4.0,2.5,100.0,0.25
348,4414.85,1.382,25.57,1907.16,47.22,72,34,38,True,1.45,False,1.2,True,8bars,250.0,3.5,2.5,100.0,0.25
233,4343.12,1.382,25.75,1636.06,47.22,72,34,38,True,1.35,False,1.2,True,12bars,250.0,4.0,2.5,120.0,0.3
233,4343.12,1.382,25.75,1636.06,47.22,72,34,38,True,1.35,False,1.2,False,12bars,250.0,4.0,2.5,120.0,0.3
351,4467.72,1.381,25.64,1907.16,47.22,72,34,38,True,1.45,False,1.2,False,8bars,250.0,3.5,2.5,100.0,0.25
221,3363.71,1.375,25.79,1820.3,47.22,72,34,38,True,1.35,False,1.2,True,12bars,150.0,4.0,2.5,100.0,0.25
221,3363.71,1.375,25.79,1820.3,47.22,72,34,38,True,1.35,False,1.2,False,12bars,150.0,4.0,2.5,100.0,0.25
328,3673.03,1.368,26.22,1113.08,47.22,72,34,38,True,1.4,False,1.2,True,12bars,200.0,3.5,2.0,100.0,0.25
329,3664.35,1.367,26.14,1113.08,47.22,72,34,38,True,1.4,False,1.2,True,8bars,200.0,3.5,2.0,100.0,0.25
329,3662.57,1.367,26.14,1113.08,47.22,72,34,38,True,1.4,False,1.2,False,12bars,200.0,3.5,2.0,100.0,0.25
334,3686.65,1.363,26.05,952.69,47.22,72,34,38,True,1.4,False,1.2,False,8bars,200.0,3.5,2.0,100.0,0.25
681,5425.16,1.36,20.12,1031.36,47.22,72,34,38,False,1.4,True,1.15,True,8bars,250.0,4.5,2.5,100.0,0.25
325,3688.7,1.343,26.77,1149.05,47.22,72,34,38,True,1.4,False,1.2,False,12bars,200.0,3.5,2.0,120.0,0.3
324,3684.99,1.343,26.85,1149.05,47.22,72,34,38,True,1.4,False,1.2,True,12bars,200.0,3.5,2.0,120.0,0.3
231,3147.31,1.342,26.84,1606.94,47.22,72,34,38,True,1.35,False,1.2,False,8bars,150.0,3.5,2.5,100.0,0.25
325,3674.57,1.341,26.77,1149.05,47.22,72,34,38,True,1.4,False,1.2,True,8bars,200.0,3.5,2.0,120.0,0.3
330,3711.04,1.34,26.67,988.67,47.22,72,34,38,True,1.4,False,1.2,False,8bars,200.0,3.5,2.0,120.0,0.3
671,5103.5,1.337,19.97,1096.42,47.22,72,34,38,False,1.4,True,1.15,False,8bars,250.0,4.5,2.5,100.0,0.25
324,3741.17,1.337,23.77,1146.94,47.22,72,34,38,True,1.4,False,1.2,False,12bars,200.0,4.0,2.0,120.0,0.3
230,3096.99,1.337,26.52,1657.25,47.22,72,34,38,True,1.35,False,1.2,True,8bars,150.0,3.5,2.5,100.0,0.25
227,3029.78,1.33,26.43,1733.24,47.22,72,34,38,True,1.35,False,1.2,True,12bars,150.0,3.5,2.5,100.0,0.25
227,3029.78,1.33,26.43,1733.24,47.22,72,34,38,True,1.35,False,1.2,False,12bars,150.0,3.5,2.5,100.0,0.25
233,3225.09,1.326,27.04,1611.78,47.22,72,34,38,True,1.35,False,1.2,False,8bars,200.0,3.5,2.5,100.0,0.3
233,3332.56,1.324,26.61,1510.56,47.22,72,34,38,True,1.35,False,1.2,False,8bars,200.0,3.5,2.5,120.0,0.25
232,3164.71,1.32,26.72,1672.16,47.22,72,34,38,True,1.35,False,1.2,True,8bars,200.0,3.5,2.5,100.0,0.3
232,3282.25,1.319,26.29,1560.88,47.22,72,34,38,True,1.35,False,1.2,True,8bars,200.0,3.5,2.5,120.0,0.25
359,3447.46,1.316,20.33,1466.04,47.22,72,34,38,True,1.45,False,1.2,True,12bars,200.0,4.5,2.0,100.0,0.25
360,3437.0,1.315,20.28,1466.04,47.22,72,34,38,True,1.45,False,1.2,False,12bars,200.0,4.5,2.0,100.0,0.25
245,3581.43,1.313,27.35,1503.99,47.22,72,34,38,True,1.35,False,1.2,False,8bars,250.0,3.5,2.5,120.0,0.3
229,3215.04,1.313,26.2,1636.86,47.22,72,34,38,True,1.35,False,1.2,True,12bars,200.0,3.5,2.5,120.0,0.25
229,3215.04,1.313,26.2,1636.86,47.22,72,34,38,True,1.35,False,1.2,False,12bars,200.0,3.5,2.5,120.0,0.25
229,3090.03,1.313,26.64,1763.34,47.22,72,34,38,True,1.35,False,1.2,True,12bars,200.0,3.5,2.5,100.0,0.3
229,3090.03,1.313,26.64,1763.34,47.22,72,34,38,True,1.35,False,1.2,False,12bars,200.0,3.5,2.5,100.0,0.3
649,5150.36,1.311,23.73,1523.64,47.22,72,34,38,False,1.4,False,1.2,True,12bars,250.0,4.0,2.5,100.0,0.25
684,4825.2,1.31,20.91,1316.37,47.22,72,34,38,False,1.4,True,1.25,True,12bars,250.0,4.5,2.5,100.0,0.25
674,5155.57,1.309,21.51,1240.7,47.22,72,34,38,False,1.4,True,1.25,True,12bars,250.0,4.5,2.5,120.0,0.25
650,5038.58,1.309,21.23,1358.62,47.22,72,34,38,False,1.4,True,1.25,True,12bars,250.0,4.5,2.5,100.0,0.3
244,3521.05,1.308,27.05,1564.37,47.22,72,34,38,True,1.35,False,1.2,True,8bars,250.0,3.5,2.5,120.0,0.3
241,3446.37,1.302,26.97,1655.55,47.22,72,34,38,True,1.35,False,1.2,True,12bars,250.0,3.5,2.5,120.0,0.3
241,3446.37,1.302,26.97,1655.55,47.22,72,34,38,True,1.35,False,1.2,False,12bars,250.0,3.5,2.5,120.0,0.3
300,3583.28,1.296,22.67,1842.94,47.22,72,34,38,True,1.45,False,1.2,False,12bars,200.0,4.0,2.5,120.0,0.3
300,3574.36,1.295,22.67,1842.94,47.22,72,34,38,True,1.45,False,1.2,True,12bars,200.0,4.0,2.5,120.0,0.3
310,3475.64,1.295,22.26,1846.68,47.22,72,34,38,True,1.45,False,1.2,False,12bars,200.0,4.0,2.5,120.0,0.25
310,3469.78,1.295,22.26,1846.68,47.22,72,34,38,True,1.45,False,1.2,True,12bars,200.0,4.0,2.5,120.0,0.25
596,4739.92,1.294,20.47,1193.02,47.22,72,34,38,False,1.4,True,1.15,True,8bars,250.0,4.5,2.5,120.0,0.3
685,4932.39,1.292,21.17,1237.74,47.22,72,34,38,False,1.4,True,1.25,False,12bars,250.0,4.5,2.5,120.0,0.25
695,4594.6,1.291,20.58,1354.37,47.22,72,34,38,False,1.4,True,1.25,False,12bars,250.0,4.5,2.5,100.0,0.25
302,3543.48,1.291,22.52,1842.94,47.22,72,34,38,True,1.45,False,1.2,True,8bars,200.0,4.0,2.5,120.0,0.3
316,3485.57,1.291,22.47,1846.68,47.22,72,34,38,True,1.45,False,1.2,False,8bars,200.0,4.0,2.5,120.0,0.25
421,3860.2,1.29,22.33,1318.89,47.22,72,34,38,True,1.45,False,1.2,False,12bars,250.0,4.0,2.0,120.0,0.25
661,4792.67,1.289,20.88,1404.18,47.22,72,34,38,False,1.4,True,1.25,False,12bars,250.0,4.5,2.5,100.0,0.3
420,3853.25,1.289,22.38,1318.89,47.22,72,34,38,True,1.45,False,1.2,True,12bars,250.0,4.0,2.0,120.0,0.25
313,3410.1,1.288,22.04,1846.68,47.22,72,34,38,True,1.45,False,1.2,True,8bars,200.0,4.0,2.5,120.0,0.25
304,3540.2,1.287,22.7,1842.94,47.22,72,34,38,True,1.45,False,1.2,False,8bars,200.0,4.0,2.5,120.0,0.3
698,4760.79,1.283,20.34,1487.25,47.22,72,34,38,False,1.4,True,1.25,True,8bars,250.0,4.5,2.5,120.0,0.25
587,4383.59,1.281,21.12,906.87,47.22,72,34,38,False,1.4,True,1.15,True,12bars,250.0,4.5,2.5,120.0,0.25
737,4599.08,1.279,22.25,1382.19,47.22,72,34,38,False,1.4,True,1.25,True,12bars,250.0,4.0,2.5,100.0,0.25
605,4376.44,1.277,21.16,973.95,47.22,72,34,38,False,1.4,True,1.15,True,12bars,250.0,4.5,2.5,100.0,0.3
706,4765.86,1.275,22.52,1410.28,47.22,72,34,38,False,1.4,True,1.25,True,12bars,250.0,4.0,2.5,100.0,0.3
664,3996.0,1.273,19.43,1177.94,47.22,72,34,38,False,1.4,True,1.15,True,8bars,200.0,4.5,2.5,100.0,0.25
625,4104.88,1.272,20.8,929.68,47.22,72,34,38,False,1.4,True,1.15,True,12bars,250.0,4.5,2.5,100.0,0.25
618,4269.18,1.27,20.87,965.68,47.22,72,34,38,False,1.4,True,1.15,False,12bars,250.0,4.5,2.5,100.0,0.3
638,4011.15,1.267,20.53,922.79,47.22,72,34,38,False,1.4,True,1.15,False,12bars,250.0,4.5,2.5,100.0,0.25
420,3671.03,1.264,22.86,1359.15,47.22,72,34,38,True,1.45,False,1.2,False,12bars,250.0,4.0,2.0,120.0,0.3
419,3667.33,1.263,22.91,1359.15,47.22,72,34,38,True,1.45,False,1.2,True,12bars,250.0,4.0,2.0,120.0,0.3
615,4123.24,1.261,21.14,1519.28,47.22,72,34,38,False,1.4,False,1.2,True,12bars,250.0,4.5,2.5,100.0,0.25
605,3782.08,1.26,19.5,1335.2,47.22,72,34,38,False,1.4,True,1.15,False,8bars,200.0,4.5,2.5,120.0,0.25
653,3725.87,1.255,19.3,1243.0,47.22,72,34,38,False,1.4,True,1.15,False,8bars,200.0,4.5,2.5,100.0,0.25
398,2744.8,1.23,22.11,1481.28,47.22,72,34,38,True,1.45,False,1.2,True,12bars,200.0,4.0,2.0,100.0,0.25
399,2734.34,1.229,22.06,1481.28,47.22,72,34,38,True,1.45,False,1.2,False,12bars,200.0,4.0,2.0,100.0,0.25
301,2656.55,1.224,21.93,1842.94,47.22,72,34,38,True,1.45,False,1.2,False,12bars,150.0,4.0,2.5,120.0,0.3
586,3084.61,1.223,19.11,1443.69,47.22,72,34,38,False,1.4,True,1.15,False,8bars,150.0,4.5,2.5,120.0,0.25
301,2647.63,1.223,21.93,1842.94,47.22,72,34,38,True,1.45,False,1.2,True,12bars,150.0,4.0,2.5,120.0,0.3
311,2563.61,1.223,21.54,1846.68,47.22,72,34,38,True,1.45,False,1.2,False,12bars,150.0,4.0,2.5,120.0,0.25
311,2557.76,1.223,21.54,1846.68,47.22,72,34,38,True,1.45,False,1.2,True,12bars,150.0,4.0,2.5,120.0,0.25
304,2605.39,1.219,21.71,1842.94,47.22,72,34,38,True,1.45,False,1.2,True,8bars,150.0,4.0,2.5,120.0,0.3
318,2567.18,1.219,21.7,1846.68,47.22,72,34,38,True,1.45,False,1.2,False,8bars,150.0,4.0,2.5,120.0,0.25
634,3028.4,1.218,18.93,1560.21,47.22,72,34,38,False,1.4,True,1.15,False,8bars,150.0,4.5,2.5,100.0,0.25
315,2491.71,1.216,21.27,1846.68,47.22,72,34,38,True,1.45,False,1.2,True,8bars,150.0,4.0,2.5,120.0,0.25
306,2602.11,1.215,21.9,1842.94,47.22,72,34,38,True,1.45,False,1.2,False,8bars,150.0,4.0,2.5,120.0,0.3
402,2596.72,1.211,21.89,1688.08,47.22,72,34,38,True,1.45,False,1.2,True,8bars,200.0,4.0,2.0,120.0,0.25
767,4142.6,1.205,25.16,2168.61,47.22,72,34,38,False,1.4,False,1.2,True,12bars,250.0,3.5,2.5,100.0,0.25
645,2845.14,1.204,18.91,1439.22,47.22,72,34,38,False,1.4,True,1.15,True,8bars,150.0,4.5,2.5,100.0,0.25
399,2565.13,1.203,22.56,1723.71,47.22,72,34,38,True,1.45,False,1.2,True,12bars,200.0,4.0,2.0,100.0,0.3
708,3790.96,1.202,22.18,1241.66,47.22,72,34,38,False,1.4,True,1.25,False,12bars,250.0,4.0,2.5,120.0,0.3
400,2552.58,1.202,22.5,1723.71,47.22,72,34,38,True,1.45,False,1.2,False,12bars,200.0,4.0,2.0,100.0,0.3
681,3093.32,1.197,21.44,1426.85,47.22,72,34,38,False,1.4,True,1.25,True,8bars,200.0,4.0,2.5,120.0,0.25
672,3066.18,1.192,21.13,1253.16,47.22,72,34,38,False,1.4,True,1.15,True,8bars,200.0,4.0,2.5,100.0,0.3
659,3042.77,1.192,21.85,1769.64,47.22,72,34,38,False,1.4,True,1.25,False,12bars,200.0,4.0,2.5,100.0,0.3
406,2377.59,1.191,21.43,1700.05,47.22,72,34,38,True,1.45,False,1.2,False,8bars,200.0,4.0,2.0,120.0,0.25
400,2453.41,1.19,22.25,1749.62,47.22,72,34,38,True,1.45,False,1.2,True,8bars,200.0,4.0,2.0,120.0,0.3
687,2811.18,1.188,21.54,1728.65,47.22,72,34,38,False,1.4,True,1.25,False,12bars,200.0,4.0,2.5,100.0,0.25
609,2838.84,1.184,22.17,1714.71,47.22,72,34,38,False,1.4,True,1.15,True,12bars,200.0,4.0,2.5,120.0,0.25
660,2817.89,1.182,20.91,1441.55,47.22,72,34,38,False,1.4,True,1.15,False,8bars,200.0,4.0,2.5,120.0,0.25
656,2812.86,1.18,21.95,1260.31,47.22,72,34,38,False,1.4,True,1.25,True,12bars,200.0,4.0,2.5,120.0,0.25
421,2240.39,1.178,23.52,776.24,47.22,72,34,38,True,1.45,False,1.2,False,12bars,200.0,3.5,2.0,120.0,0.25
420,2233.43,1.178,23.57,776.24,47.22,72,34,38,True,1.45,False,1.2,True,12bars,200.0,3.5,2.0,120.0,0.25
403,2261.01,1.174,21.84,1763.98,47.22,72,34,38,True,1.45,False,1.2,False,8bars,200.0,4.0,2.0,120.0,0.3
713,2656.74,1.172,20.62,1268.38,47.22,72,34,38,False,1.4,True,1.15,False,8bars,200.0,4.0,2.5,100.0,0.25
775,3828.18,1.17,25.16,2128.35,47.22,72,34,38,False,1.4,False,1.2,False,12bars,250.0,3.5,2.5,100.0,0.3
422,2178.69,1.165,24.17,814.91,47.22,72,34,38,True,1.45,False,1.2,False,12bars,200.0,3.5,2.0,120.0,0.3
421,2174.98,1.165,24.23,814.91,47.22,72,34,38,True,1.45,False,1.2,True,12bars,200.0,3.5,2.0,120.0,0.3
618,2384.36,1.153,20.39,1358.62,47.22,72,34,38,False,1.4,True,1.25,True,12bars,200.0,4.5,2.5,100.0,0.3
422,1979.99,1.149,23.7,814.91,47.22,72,34,38,True,1.45,False,1.2,True,8bars,200.0,3.5,2.0,120.0,0.3
627,2252.02,1.143,20.1,1404.18,47.22,72,34,38,False,1.4,True,1.25,False,12bars,200.0,4.5,2.5,100.0,0.3
427,1898.81,1.141,23.42,814.91,47.22,72,34,38,True,1.45,False,1.2,False,8bars,200.0,3.5,2.0,120.0,0.3
390,1471.88,1.138,22.82,1207.19,47.22,72,34,38,True,1.45,False,1.2,True,8bars,150.0,3.5,2.0,100.0,0.25
786,2383.18,1.137,23.54,1878.03,47.22,72,34,38,False,1.4,True,1.25,True,12bars,200.0,3.5,2.5,100.0,0.25
602,2109.76,1.137,19.93,965.68,47.22,72,34,38,False,1.4,True,1.15,False,12bars,200.0,4.5,2.5,100.0,0.3
583,2026.92,1.135,19.9,954.19,47.22,72,34,38,False,1.4,True,1.15,False,12bars,200.0,4.5,2.5,120.0,0.25
789,2299.71,1.133,23.32,1910.23,47.22,72,34,38,False,1.4,True,1.25,False,12bars,200.0,3.5,2.5,100.0,0.25
563,2084.43,1.131,19.89,1046.11,47.22,72,34,38,False,1.4,True,1.15,False,12bars,200.0,4.5,2.5,120.0,0.3
588,1888.61,1.13,22.11,1174.45,47.22,72,34,38,False,1.4,True,1.15,True,12bars,150.0,4.0,2.5,100.0,0.3
623,1820.61,1.124,19.58,922.79,47.22,72,34,38,False,1.4,True,1.15,False,12bars,200.0,4.5,2.5,100.0,0.25
394,1321.02,1.123,22.34,1219.17,47.22,72,34,38,True,1.45,False,1.2,False,8bars,150.0,3.5,2.0,100.0,0.25
696,1728.49,1.117,20.26,1582.92,47.22,72,34,38,False,1.4,True,1.15,False,8bars,150.0,4.0,2.5,100.0,0.25
641,1578.86,1.107,20.44,1557.02,47.22,72,34,38,False,1.4,True,1.15,False,8bars,150.0,4.0,2.5,120.0,0.25
641,1541.27,1.103,20.59,1708.48,47.22,72,34,38,False,1.4,True,1.15,True,8bars,150.0,4.0,2.5,100.0,0.3
1124,2473.39,1.102,23.93,1904.91,47.22,72,34,38,False,1.4,False,1.2,False,8bars,250.0,3.5,2.0,120.0,0.25
1184,2374.8,1.1,24.24,1738.45,47.22,72,34,38,False,1.4,False,1.2,False,8bars,250.0,3.5,2.0,100.0,0.25
970,2331.97,1.098,21.55,2605.11,47.22,72,34,38,False,1.4,False,1.2,False,8bars,250.0,4.0,2.0,120.0,0.3
896,1806.79,1.094,21.65,2183.92,47.22,72,34,38,False,1.4,False,1.2,False,12bars,200.0,4.0,2.0,120.0,0.25
1016,1656.97,1.082,22.83,1976.69,47.22,72,34,38,False,1.4,True,1.25,True,8bars,200.0,3.5,2.0,100.0,0.3
991,1614.04,1.077,23.21,2293.52,47.22,72,34,38,False,1.4,True,1.25,True,8bars,200.0,3.5,2.0,120.0,0.3
695,1227.84,1.077,22.88,1074.86,47.22,72,34,38,False,1.4,True,1.15,False,8bars,150.0,3.5,2.5,100.0,0.3
807,1188.65,1.076,19.58,2374.8,47.22,72,34,38,False,1.4,False,1.2,True,8bars,150.0,4.5,2.0,100.0,0.25
708,1511.59,1.075,24.72,1717.34,47.22,72,34,38,False,1.4,False,1.2,True,8bars,200.0,3.5,2.5,120.0,0.3
586,1013.15,1.07,21.16,1330.1,47.22,72,34,38,False,1.4,True,1.15,False,12bars,150.0,4.0,2.5,120.0,0.25
644,1095.66,1.068,22.83,1051.23,47.22,72,34,38,False,1.4,True,1.15,False,8bars,150.0,3.5,2.5,120.0,0.3
716,1367.75,1.067,24.58,1758.95,47.22,72,34,38,False,1.4,False,1.2,False,8bars,200.0,3.5,2.5,120.0,0.3
656,972.67,1.063,23.63,1355.77,47.22,72,34,38,False,1.4,True,1.15,False,12bars,150.0,3.5,2.5,100.0,0.3
1036,1328.81,1.061,23.26,1771.55,47.22,72,34,38,False,1.4,False,1.2,False,12bars,200.0,3.5,2.0,120.0,0.25
636,873.79,1.057,23.58,1438.94,47.22,72,34,38,False,1.4,True,1.15,False,12bars,150.0,3.5,2.5,120.0,0.25
947,1086.37,1.056,18.37,2220.92,47.22,72,34,38,False,1.4,True,1.25,False,8bars,200.0,4.5,2.0,100.0,0.3
936,1237.56,1.055,20.83,2896.77,47.22,72,34,38,False,1.4,False,1.2,False,8bars,200.0,4.0,2.0,120.0,0.3
717,768.28,1.053,19.94,1343.05,47.22,72,34,38,False,1.4,True,1.15,True,8bars,150.0,4.0,2.0,100.0,0.3
869,964.09,1.051,18.99,2531.04,47.22,72,34,38,False,1.4,False,1.2,True,8bars,200.0,4.5,2.0,100.0,0.3
795,731.38,1.051,20.13,1312.93,47.22,72,34,38,False,1.4,True,1.15,False,8bars,150.0,4.0,2.0,100.0,0.25
1045,976.4,1.043,23.54,2162.47,47.22,72,34,38,False,1.4,False,1.2,False,8bars,200.0,3.5,2.0,100.0,0.3
631,552.79,1.036,20.76,1773.5,47.22,72,34,38,False,1.4,True,1.25,False,12bars,150.0,4.0,2.5,100.0,0.3
871,672.12,1.032,20.78,2834.36,47.22,72,34,38,False,1.4,False,1.2,False,12bars,200.0,4.0,2.0,120.0,0.3
957,527.75,1.029,21.11,2117.41,47.22,72,34,38,False,1.4,False,1.2,True,8bars,150.0,4.0,2.0,100.0,0.25
941,383.54,1.022,22.32,1685.64,47.22,72,34,38,False,1.4,False,1.2,True,8bars,150.0,3.5,2.0,100.0,0.25
759,337.24,1.021,22.0,1524.18,47.22,72,34,38,False,1.4,True,1.15,True,8bars,150.0,3.5,2.0,120.0,0.3
674,331.84,1.021,22.55,1839.83,47.22,72,34,38,False,1.4,True,1.25,True,12bars,150.0,3.5,2.5,120.0,0.25
681,306.27,1.019,22.32,1875.9,47.22,72,34,38,False,1.4,True,1.25,False,12bars,150.0,3.5,2.5,120.0,0.25
682,243.0,1.016,20.23,1811.83,47.22,72,34,38,False,1.4,True,1.15,True,8bars,150.0,4.0,2.0,120.0,0.3
945,112.04,1.006,22.22,2770.89,47.22,72,34,38,False,1.4,True,1.25,False,12bars,200.0,3.5,2.0,120.0,0.3
994,38.21,1.002,22.13,2652.45,47.22,72,34,38,False,1.4,True,1.25,False,12bars,200.0,3.5,2.0,120.0,0.25
933,-921.77,0.946,21.22,2726.82,47.22,72,34,38,False,1.4,True,1.25,False,12bars,150.0,3.5,2.0,120.0,0.25
887,-1035.4,0.943,21.2,2845.26,47.22,72,34,38,False,1.4,True,1.25,False,12bars,150.0,3.5,2.0,120.0,0.3
201,5431.92,1.771,25.87,860.44,45.83,72,33,39,True,1.4,True,1.25,False,8bars,150.0,4.5,2.0,120.0,0.25
152,4259.15,1.724,26.32,842.77,45.83,72,33,39,True,1.35,True,1.25,True,12bars,150.0,4.0,2.0,120.0,0.3
208,4801.28,1.715,26.92,834.65,45.83,72,33,39,True,1.4,True,1.25,False,8bars,150.0,4.0,2.0,100.0,0.25
153,4191.4,1.715,26.14,836.35,45.83,72,33,39,True,1.35,True,1.25,True,12bars,150.0,4.0,2.0,120.0,0.25
205,4763.08,1.677,25.37,757.36,45.83,72,33,39,True,1.4,True,1.25,False,8bars,150.0,4.5,2.0,100.0,0.3
217,5007.21,1.671,26.27,1183.12,45.83,72,33,39,True,1.4,True,1.25,False,8bars,200.0,4.0,2.0,120.0,0.25
162,4153.04,1.664,25.93,781.73,45.83,72,33,39,True,1.35,True,1.25,False,8bars,150.0,4.0,2.0,120.0,0.3
217,5020.64,1.662,26.27,1190.63,45.83,72,33,39,True,1.4,True,1.25,False,8bars,200.0,4.0,2.0,120.0,0.3
163,4075.83,1.654,25.77,776.29,45.83,72,33,39,True,1.35,True,1.25,False,8bars,150.0,4.0,2.0,120.0,0.25
201,4525.06,1.642,26.87,967.01,45.83,72,33,39,True,1.4,True,1.25,True,8bars,150.0,4.0,2.0,120.0,0.3
202,4457.48,1.637,26.73,1010.04,45.83,72,33,39,True,1.4,True,1.25,True,8bars,150.0,4.0,2.0,120.0,0.25
161,3911.54,1.619,25.47,860.71,45.83,72,33,39,True,1.35,True,1.25,True,12bars,200.0,4.0,2.0,120.0,0.25
161,3910.06,1.61,25.47,872.05,45.83,72,33,39,True,1.35,True,1.25,True,12bars,200.0,4.0,2.0,120.0,0.3
334,6067.23,1.588,23.65,1104.74,45.83,72,33,39,True,1.4,False,1.2,False,8bars,250.0,4.5,2.0,100.0,0.25
232,5607.43,1.583,25.86,1583.97,45.83,72,33,39,True,1.35,False,1.2,False,8bars,250.0,4.5,2.5,100.0,0.25
231,5542.52,1.577,25.54,1648.88,45.83,72,33,39,True,1.35,False,1.2,True,8bars,250.0,4.5,2.5,100.0,0.25
228,5453.38,1.568,25.44,1746.8,45.83,72,33,39,True,1.35,False,1.2,True,12bars,250.0,4.5,2.5,100.0,0.25
228,5453.38,1.568,25.44,1746.8,45.83,72,33,39,True,1.35,False,1.2,False,12bars,250.0,4.5,2.5,100.0,0.25
171,3795.98,1.568,25.15,860.71,45.83,72,33,39,True,1.35,True,1.25,False,8bars,200.0,4.0,2.0,120.0,0.25
171,3803.94,1.561,25.15,872.05,45.83,72,33,39,True,1.35,True,1.25,False,8bars,200.0,4.0,2.0,120.0,0.3
336,5710.83,1.526,24.7,1127.24,45.83,72,33,39,True,1.4,False,1.2,False,12bars,250.0,4.0,2.0,120.0,0.25
335,5725.04,1.525,23.88,1132.62,45.83,72,33,39,True,1.4,False,1.2,False,12bars,250.0,4.5,2.0,100.0,0.3
278,5709.88,1.524,23.02,975.42,45.83,72,33,39,True,1.4,False,1.2,False,8bars,250.0,4.5,2.5,120.0,0.25
167,3519.34,1.524,24.55,860.71,45.83,72,33,39,True,1.35,True,1.25,True,12bars,250.0,4.0,2.0,120.0,0.25
167,3517.85,1.517,24.55,872.05,45.83,72,33,39,True,1.35,True,1.25,True,12bars,250.0,4.0,2.0,120.0,0.3
272,5296.48,1.498,22.79,1234.86,45.83,72,33,39,True,1.4,False,1.2,False,12bars,200.0,4.5,2.5,120.0,0.25
272,5289.05,1.497,22.79,1234.86,45.83,72,33,39,True,1.4,False,1.2,True,12bars,200.0,4.5,2.5,120.0,0.25
273,5276.73,1.495,22.71,1234.86,45.83,72,33,39,True,1.4,False,1.2,True,8bars,200.0,4.5,2.5,120.0,0.25
307,5875.18,1.491,27.36,1299.79,45.83,72,33,39,True,1.4,False,1.2,False,8bars,250.0,3.5,2.5,120.0,0.25
305,5686.25,1.476,27.21,1429.71,45.83,72,33,39,True,1.4,False,1.2,False,12bars,250.0,3.5,2.5,120.0,0.25
305,5678.82,1.475,27.21,1429.71,45.83,72,33,39,True,1.4,False,1.2,True,12bars,250.0,3.5,2.5,120.0,0.25
306,5666.5,1.473,27.12,1429.71,45.83,72,33,39,True,1.4,False,1.2,True,8bars,250.0,3.5,2.5,120.0,0.25
178,3365.06,1.473,24.16,860.71,45.83,72,33,39,True,1.35,True,1.25,False,8bars,250.0,4.0,2.0,120.0,0.25
270,5326.33,1.469,22.96,1229.97,45.83,72,33,39,True,1.4,False,1.2,False,12bars,250.0,4.5,2.5,120.0,0.3
270,5317.43,1.468,22.96,1238.27,45.83,72,33,39,True,1.4,False,1.2,True,8bars,250.0,4.5,2.5,120.0,0.3
270,5315.74,1.468,22.96,1238.27,45.83,72,33,39,True,1.4,False,1.2,True,12bars,250.0,4.5,2.5,120.0,0.3
178,3373.02,1.468,24.16,872.05,45.83,72,33,39,True,1.35,True,1.25,False,8bars,250.0,4.0,2.0,120.0,0.3
231,4366.75,1.46,26.41,1675.74,45.83,72,33,39,True,1.35,False,1.2,False,8bars,200.0,4.0,2.5,100.0,0.25
230,4505.33,1.456,26.52,1698.95,45.83,72,33,39,True,1.35,False,1.2,False,8bars,200.0,4.0,2.5,100.0,0.3
197,3778.93,1.456,27.41,937.65,45.83,72,33,39,True,1.4,True,1.25,True,8bars,150.0,3.5,2.5,120.0,0.25
230,4309.14,1.454,26.09,1733.35,45.83,72,33,39,True,1.35,False,1.2,True,8bars,200.0,4.0,2.5,100.0,0.25
229,4436.19,1.449,26.2,1768.08,45.83,72,33,39,True,1.35,False,1.2,True,8bars,200.0,4.0,2.5,100.0,0.3
227,4230.97,1.446,25.99,1820.3,45.83,72,33,39,True,1.35,False,1.2,True,12bars,200.0,4.0,2.5,100.0,0.25
227,4230.97,1.446,25.99,1820.3,45.83,72,33,39,True,1.35,False,1.2,False,12bars,200.0,4.0,2.5,100.0,0.25
268,4557.59,1.443,22.39,1682.68,45.83,72,33,39,True,1.4,False,1.2,False,12bars,150.0,4.5,2.5,120.0,0.25
197,3747.22,1.443,27.41,956.32,45.83,72,33,39,True,1.4,True,1.25,True,8bars,150.0,3.5,2.5,120.0,0.3
268,4550.16,1.441,22.39,1690.11,45.83,72,33,39,True,1.4,False,1.2,True,12bars,150.0,4.5,2.5,120.0,0.25
226,4348.35,1.441,26.11,1872.42,45.83,72,33,39,True,1.35,False,1.2,True,12bars,200.0,4.0,2.5,100.0,0.3
226,4348.35,1.441,26.11,1872.42,45.83,72,33,39,True,1.35,False,1.2,False,12bars,200.0,4.0,2.5,100.0,0.3
269,4537.84,1.44,22.3,1690.11,45.83,72,33,39,True,1.4,False,1.2,True,8bars,150.0,4.5,2.5,120.0,0.25
355,5033.68,1.439,24.51,1140.63,45.83,72,33,39,True,1.4,False,1.2,False,8bars,250.0,4.0,2.0,100.0,0.3
213,3163.55,1.422,25.82,1283.04,45.83,72,33,39,True,1.4,True,1.25,False,8bars,150.0,3.5,2.0,120.0,0.3
214,3122.16,1.419,25.7,1271.51,45.83,72,33,39,True,1.4,True,1.25,False,8bars,150.0,3.5,2.0,120.0,0.25
240,4324.06,1.389,25.83,1450.16,45.83,72,33,39,True,1.35,False,1.2,False,8bars,250.0,4.0,2.5,120.0,0.25
328,4926.55,1.388,23.17,1815.2,45.83,72,33,39,True,1.45,False,1.2,False,12bars,250.0,4.0,2.5,120.0,0.25
328,4920.7,1.387,23.17,1815.2,45.83,72,33,39,True,1.45,False,1.2,True,12bars,250.0,4.0,2.5,120.0,0.25
320,4062.51,1.387,23.44,1136.45,45.83,72,33,39,True,1.4,False,1.2,False,12bars,200.0,4.0,2.0,120.0,0.25
239,4266.44,1.384,25.52,1507.77,45.83,72,33,39,True,1.35,False,1.2,True,8bars,250.0,4.0,2.5,120.0,0.25
334,4936.48,1.382,23.35,1815.2,45.83,72,33,39,True,1.45,False,1.2,False,8bars,250.0,4.0,2.5,120.0,0.25
331,4861.01,1.381,22.96,1815.2,45.83,72,33,39,True,1.45,False,1.2,True,8bars,250.0,4.0,2.5,120.0,0.25
341,4465.32,1.38,24.63,1137.07,45.83,72,33,39,True,1.4,False,1.2,True,12bars,250.0,4.0,2.0,120.0,0.3
234,3440.72,1.379,20.94,1696.39,45.83,72,33,39,True,1.45,True,1.25,False,12bars,150.0,4.5,2.5,120.0,0.3
236,4188.27,1.377,25.42,1594.73,45.83,72,33,39,True,1.35,False,1.2,True,12bars,250.0,4.0,2.5,120.0,0.25
236,4188.27,1.377,25.42,1594.73,45.83,72,33,39,True,1.35,False,1.2,False,12bars,250.0,4.0,2.5,120.0,0.25
343,4423.76,1.375,24.49,1148.49,45.83,72,33,39,True,1.4,False,1.2,True,8bars,250.0,4.0,2.0,120.0,0.3
317,4695.48,1.36,23.34,1842.94,45.83,72,33,39,True,1.45,False,1.2,False,12bars,250.0,4.0,2.5,120.0,0.3
317,4686.56,1.359,23.34,1842.94,45.83,72,33,39,True,1.45,False,1.2,True,12bars,250.0,4.0,2.5,120.0,0.3
319,4655.68,1.356,23.2,1842.94,45.83,72,33,39,True,1.45,False,1.2,True,8bars,250.0,4.0,2.5,120.0,0.3
321,4652.4,1.351,23.36,1842.94,45.83,72,33,39,True,1.45,False,1.2,False,8bars,250.0,4.0,2.5,120.0,0.3
387,4132.85,1.345,20.93,1534.86,45.83,72,33,39,True,1.45,False,1.2,True,12bars,250.0,4.5,2.0,100.0,0.25
388,4122.39,1.344,20.88,1534.86,45.83,72,33,39,True,1.45,False,1.2,False,12bars,250.0,4.5,2.0,100.0,0.25
357,4039.03,1.343,25.77,1405.04,45.83,72,33,39,True,1.4,False,1.2,True,12bars,250.0,3.5,2.0,120.0,0.25
335,3557.83,1.326,23.58,1516.75,45.83,72,33,39,True,1.4,False,1.2,False,8bars,200.0,4.0,2.0,100.0,0.3
333,3419.03,1.323,26.43,1192.29,45.83,72,33,39,True,1.4,False,1.2,True,12bars,200.0,3.5,2.0,100.0,0.3
334,3408.61,1.322,26.35,1192.29,45.83,72,33,39,True,1.4,False,1.2,True,8bars,200.0,3.5,2.0,100.0,0.3
334,3406.48,1.321,26.35,1192.29,45.83,72,33,39,True,1.4,False,1.2,False,12bars,200.0,3.5,2.0,100.0,0.3
236,3067.5,1.32,26.69,1606.94,45.83,72,33,39,True,1.35,False,1.2,False,8bars,200.0,3.5,2.5,100.0,0.25
339,3428.82,1.319,26.25,1192.29,45.83,72,33,39,True,1.4,False,1.2,False,8bars,200.0,3.5,2.0,100.0,0.3
248,3507.65,1.315,27.02,1510.56,45.83,72,33,39,True,1.35,False,1.2,False,8bars,250.0,3.5,2.5,120.0,0.25
235,3017.19,1.315,26.38,1657.25,45.83,72,33,39,True,1.35,False,1.2,True,8bars,200.0,3.5,2.5,100.0,0.25
630,4842.4,1.312,20.16,1188.62,45.83,72,33,39,False,1.4,True,1.15,False,8bars,250.0,4.5,2.5,120.0,0.25
247,3457.33,1.31,26.72,1560.88,45.83,72,33,39,True,1.35,False,1.2,True,8bars,250.0,3.5,2.5,120.0,0.25
232,2949.98,1.308,26.29,1733.24,45.83,72,33,39,True,1.35,False,1.2,True,12bars,200.0,3.5,2.5,100.0,0.25
232,2949.98,1.308,26.29,1733.24,45.83,72,33,39,True,1.35,False,1.2,False,12bars,200.0,3.5,2.5,100.0,0.25
249,3321.91,1.307,27.31,1638.1,45.83,72,33,39,True,1.35,False,1.2,False,8bars,250.0,3.5,2.5,100.0,0.3
244,3390.12,1.305,26.64,1636.86,45.83,72,33,39,True,1.35,False,1.2,True,12bars,250.0,3.5,2.5,120.0,0.25
244,3390.12,1.305,26.64,1636.86,45.83,72,33,39,True,1.35,False,1.2,False,12bars,250.0,3.5,2.5,120.0,0.25
248,3261.54,1.301,27.02,1698.48,45.83,72,33,39,True,1.35,False,1.2,True,8bars,250.0,3.5,2.5,100.0,0.3
311,3866.4,1.298,21.22,1924.83,45.83,72,33,39,True,1.45,False,1.2,False,12bars,250.0,4.5,2.5,120.0,0.3
311,3857.48,1.298,21.22,1924.83,45.83,72,33,39,True,1.45,False,1.2,True,12bars,250.0,4.5,2.5,120.0,0.3
245,3186.86,1.295,26.94,1773.19,45.83,72,33,39,True,1.35,False,1.2,True,12bars,250.0,3.5,2.5,100.0,0.3
245,3186.86,1.295,26.94,1773.19,45.83,72,33,39,True,1.35,False,1.2,False,12bars,250.0,3.5,2.5,100.0,0.3
372,3059.18,1.275,19.89,1793.66,45.83,72,33,39,True,1.45,False,1.2,True,8bars,200.0,4.5,2.0,100.0,0.25
397,3390.76,1.265,20.65,2351.74,45.83,72,33,39,True,1.45,False,1.2,True,8bars,250.0,4.5,2.0,100.0,0.3
409,3437.58,1.26,20.54,2366.1,45.83,72,33,39,True,1.45,False,1.2,False,8bars,250.0,4.5,2.0,100.0,0.3
326,3273.61,1.259,20.55,1992.06,45.83,72,33,39,True,1.45,False,1.2,False,12bars,250.0,4.5,2.5,100.0,0.3
326,3264.7,1.259,20.55,2000.98,45.83,72,33,39,True,1.45,False,1.2,True,12bars,250.0,4.5,2.5,100.0,0.3
377,2881.41,1.254,19.63,1805.63,45.83,72,33,39,True,1.45,False,1.2,False,8bars,200.0,4.5,2.0,100.0,0.25
316,3043.64,1.253,20.25,2229.02,45.83,72,33,39,True,1.45,False,1.2,False,8bars,200.0,4.5,2.5,100.0,0.3
315,3035.12,1.252,20.32,2213.81,45.83,72,33,39,True,1.45,False,1.2,False,12bars,200.0,4.5,2.5,100.0,0.3
316,3028.06,1.251,20.25,2237.94,45.83,72,33,39,True,1.45,False,1.2,True,8bars,200.0,4.5,2.5,100.0,0.3
315,3026.2,1.251,20.32,2222.73,45.83,72,33,39,True,1.45,False,1.2,True,12bars,200.0,4.5,2.5,100.0,0.3
325,2817.0,1.247,23.38,1146.94,45.83,72,33,39,True,1.4,False,1.2,True,12bars,200.0,4.0,2.0,120.0,0.3
326,2806.58,1.246,23.31,1158.36,45.83,72,33,39,True,1.4,False,1.2,True,8bars,200.0,4.0,2.0,120.0,0.3
245,2279.55,1.246,23.67,943.27,45.83,72,33,39,True,1.35,False,1.2,False,8bars,150.0,4.0,2.0,120.0,0.3
604,3826.59,1.243,20.7,899.98,45.83,72,33,39,False,1.4,True,1.15,False,12bars,250.0,4.5,2.5,120.0,0.25
796,4473.02,1.242,21.73,1425.2,45.83,72,33,39,False,1.4,True,1.25,False,8bars,250.0,4.0,2.5,100.0,0.25
751,4062.33,1.242,21.84,1625.41,45.83,72,33,39,False,1.4,True,1.25,False,12bars,250.0,4.0,2.5,100.0,0.25
243,2235.98,1.242,23.46,990.63,45.83,72,33,39,True,1.35,False,1.2,True,8bars,150.0,4.0,2.0,120.0,0.3
240,2222.5,1.242,23.33,1046.96,45.83,72,33,39,True,1.35,False,1.2,True,12bars,150.0,4.0,2.0,120.0,0.3
240,2222.5,1.242,23.33,1046.96,45.83,72,33,39,True,1.35,False,1.2,False,12bars,150.0,4.0,2.0,120.0,0.3
720,4219.92,1.239,22.08,1657.93,45.83,72,33,39,False,1.4,True,1.25,False,12bars,250.0,4.0,2.5,100.0,0.3
298,2926.91,1.238,20.47,2503.19,45.83,72,33,39,True,1.45,False,1.2,False,8bars,200.0,4.5,2.5,120.0,0.3
297,2918.38,1.237,20.54,2487.98,45.83,72,33,39,True,1.45,False,1.2,False,12bars,200.0,4.5,2.5,120.0,0.3
298,2911.33,1.236,20.47,2512.1,45.83,72,33,39,True,1.45,False,1.2,True,8bars,200.0,4.5,2.5,120.0,0.3
297,2909.47,1.236,20.54,2496.89,45.83,72,33,39,True,1.45,False,1.2,True,12bars,200.0,4.5,2.5,120.0,0.3
716,4108.42,1.234,22.35,1260.31,45.83,72,33,39,False,1.4,True,1.25,True,12bars,250.0,4.0,2.5,120.0,0.25
598,3438.86,1.234,19.57,1263.98,45.83,72,33,39,False,1.4,True,1.15,True,8bars,200.0,4.5,2.5,120.0,0.25
588,3909.19,1.233,20.75,954.56,45.83,72,33,39,False,1.4,True,1.15,False,12bars,250.0,4.5,2.5,120.0,0.3
765,4265.51,1.228,21.96,1613.99,45.83,72,33,39,False,1.4,True,1.25,False,8bars,250.0,4.0,2.5,120.0,0.25
317,2620.99,1.221,21.77,1842.94,45.83,72,33,39,True,1.45,False,1.2,False,12bars,200.0,4.0,2.5,100.0,0.3
317,2612.07,1.221,21.77,1842.94,45.83,72,33,39,True,1.45,False,1.2,True,12bars,200.0,4.0,2.5,100.0,0.3
319,2602.97,1.22,21.63,1842.94,45.83,72,33,39,True,1.45,False,1.2,True,8bars,200.0,4.0,2.5,100.0,0.3
321,2599.69,1.216,21.81,1842.94,45.83,72,33,39,True,1.45,False,1.2,False,8bars,200.0,4.0,2.5,100.0,0.3
311,2481.43,1.215,20.26,2431.46,45.83,72,33,39,True,1.45,False,1.2,False,12bars,150.0,4.5,2.5,100.0,0.3
311,2472.51,1.215,20.26,2440.38,45.83,72,33,39,True,1.45,False,1.2,True,12bars,150.0,4.5,2.5,100.0,0.3
313,2470.22,1.214,20.13,2466.41,45.83,72,33,39,True,1.45,False,1.2,False,8bars,150.0,4.5,2.5,100.0,0.3
313,2454.64,1.213,20.13,2475.33,45.83,72,33,39,True,1.45,False,1.2,True,8bars,150.0,4.5,2.5,100.0,0.3
719,3837.09,1.201,22.11,1621.12,45.83,72,33,39,False,1.4,True,1.25,True,8bars,250.0,4.0,2.5,120.0,0.3
293,2364.7,1.201,20.48,2705.63,45.83,72,33,39,True,1.45,False,1.2,False,12bars,150.0,4.5,2.5,120.0,0.3
293,2355.78,1.2,20.48,2714.55,45.83,72,33,39,True,1.45,False,1.2,True,12bars,150.0,4.5,2.5,120.0,0.3
295,2353.49,1.2,20.34,2740.57,45.83,72,33,39,True,1.45,False,1.2,False,8bars,150.0,4.5,2.5,120.0,0.3
295,2337.91,1.198,20.34,2749.49,45.83,72,33,39,True,1.45,False,1.2,True,8bars,150.0,4.5,2.5,120.0,0.3
321,2282.12,1.195,21.5,1842.94,45.83,72,33,39,True,1.45,False,1.2,False,12bars,150.0,4.0,2.5,100.0,0.3
321,2273.2,1.194,21.5,1842.94,45.83,72,33,39,True,1.45,False,1.2,True,12bars,150.0,4.0,2.5,100.0,0.3
324,2230.96,1.19,21.3,1842.94,45.83,72,33,39,True,1.45,False,1.2,True,8bars,150.0,4.0,2.5,100.0,0.3
326,2227.68,1.187,21.47,1842.94,45.83,72,33,39,True,1.45,False,1.2,False,8bars,150.0,4.0,2.5,100.0,0.3
724,2824.59,1.183,20.72,1193.42,45.83,72,33,39,False,1.4,True,1.15,True,8bars,200.0,4.0,2.5,100.0,0.25
728,3168.84,1.169,21.43,1588.68,45.83,72,33,39,False,1.4,True,1.15,False,8bars,250.0,4.0,2.5,100.0,0.3
620,2724.91,1.169,21.29,1375.46,45.83,72,33,39,False,1.4,True,1.15,True,8bars,200.0,4.0,2.5,120.0,0.3
758,3569.95,1.168,25.2,2343.5,45.83,72,33,39,False,1.4,False,1.2,False,12bars,250.0,3.5,2.5,120.0,0.25
579,2288.0,1.163,19.0,1362.22,45.83,72,33,39,False,1.4,True,1.15,True,8bars,150.0,4.5,2.5,120.0,0.25
746,3488.73,1.155,25.34,2258.01,45.83,72,33,39,False,1.4,False,1.2,False,12bars,250.0,3.5,2.5,120.0,0.3
660,2898.69,1.155,22.58,2186.18,45.83,72,33,39,False,1.4,True,1.15,True,12bars,250.0,4.0,2.5,120.0,0.3
905,2632.88,1.154,20.11,2562.4,45.83,72,33,39,False,1.4,False,1.2,False,8bars,200.0,4.5,2.0,100.0,0.25
628,2351.13,1.149,21.66,1711.3,45.83,72,33,39,False,1.4,True,1.15,False,12bars,200.0,4.0,2.5,120.0,0.25
427,1925.11,1.149,24.12,1056.21,45.83,72,33,39,True,1.45,False,1.2,True,12bars,200.0,3.5,2.0,100.0,0.3
669,2334.95,1.147,21.52,1256.91,45.83,72,33,39,False,1.4,True,1.25,False,12bars,200.0,4.0,2.5,120.0,0.25
428,1912.56,1.147,24.07,1056.21,45.83,72,33,39,True,1.45,False,1.2,False,12bars,200.0,3.5,2.0,100.0,0.3
759,3084.26,1.139,24.9,2123.32,45.83,72,33,39,False,1.4,False,1.2,True,12bars,250.0,3.5,2.5,100.0,0.3
908,2922.07,1.138,19.6,3136.82,45.83,72,33,39,False,1.4,False,1.2,False,8bars,250.0,4.5,2.0,120.0,0.25
428,1747.55,1.134,23.6,1056.21,45.83,72,33,39,True,1.45,False,1.2,True,8bars,200.0,3.5,2.0,100.0,0.3
434,1709.11,1.133,23.04,1102.41,45.83,72,33,39,True,1.45,False,1.2,True,8bars,200.0,3.5,2.0,120.0,0.25
689,2368.06,1.132,23.8,1246.38,45.83,72,33,39,False,1.4,True,1.15,False,8bars,200.0,3.5,2.5,120.0,0.3
738,2230.93,1.128,23.85,1448.9,45.83,72,33,39,False,1.4,True,1.25,True,8bars,200.0,3.5,2.5,120.0,0.25
433,1688.33,1.128,23.33,1056.21,45.83,72,33,39,True,1.45,False,1.2,False,8bars,200.0,3.5,2.0,100.0,0.3
736,2210.69,1.126,23.64,1178.79,45.83,72,33,39,False,1.4,True,1.15,False,8bars,200.0,3.5,2.5,100.0,0.3
441,1588.02,1.122,22.68,1114.38,45.83,72,33,39,True,1.45,False,1.2,False,8bars,200.0,3.5,2.0,120.0,0.25
809,2291.05,1.112,23.49,2745.58,45.83,72,33,39,False,1.4,True,1.25,True,12bars,250.0,3.5,2.5,100.0,0.3
820,2296.84,1.111,23.29,2788.96,45.83,72,33,39,False,1.4,True,1.25,False,12bars,250.0,3.5,2.5,100.0,0.3
922,2052.93,1.11,19.09,2062.8,45.83,72,33,39,False,1.4,True,1.25,False,8bars,200.0,4.5,2.0,120.0,0.25
950,1925.91,1.108,18.32,1785.1,45.83,72,33,39,False,1.4,True,1.25,True,8bars,200.0,4.5,2.0,100.0,0.25
760,2031.3,1.101,23.68,2008.34,45.83,72,33,39,False,1.4,True,1.25,True,12bars,250.0,3.5,2.5,120.0,0.3
707,1485.99,1.1,20.23,1641.93,45.83,72,33,39,False,1.4,True,1.15,True,8bars,150.0,4.0,2.5,100.0,0.25
912,1726.19,1.093,18.53,1978.2,45.83,72,33,39,False,1.4,True,1.25,True,8bars,200.0,4.5,2.0,120.0,0.25
689,1451.13,1.092,23.22,1019.36,45.83,72,33,39,False,1.4,True,1.15,True,8bars,150.0,3.5,2.5,100.0,0.3
1037,1867.29,1.091,22.76,2433.85,45.83,72,33,39,False,1.4,True,1.25,False,8bars,200.0,3.5,2.0,100.0,0.3
986,1583.6,1.087,18.36,2134.65,45.83,72,33,39,False,1.4,True,1.25,False,8bars,200.0,4.5,2.0,100.0,0.25
611,1300.29,1.086,21.44,1170.37,45.83,72,33,39,False,1.4,True,1.15,False,12bars,150.0,4.0,2.5,100.0,0.3
725,1504.22,1.082,23.45,2073.97,45.83,72,33,39,False,1.4,True,1.25,True,12bars,200.0,3.5,2.5,120.0,0.3
724,1150.06,1.077,22.65,1064.49,45.83,72,33,39,False,1.4,True,1.15,True,8bars,150.0,3.5,2.5,100.0,0.25
906,1415.62,1.072,21.41,2184.94,45.83,72,33,39,False,1.4,False,1.2,True,12bars,200.0,4.0,2.0,120.0,0.25
737,1335.88,1.072,23.2,2088.28,45.83,72,33,39,False,1.4,True,1.25,False,12bars,200.0,3.5,2.5,120.0,0.3
842,1217.05,1.068,19.24,2829.77,45.83,72,33,39,False,1.4,False,1.2,True,8bars,200.0,4.5,2.0,120.0,0.25
1116,1536.97,1.067,23.21,1898.81,45.83,72,33,39,False,1.4,False,1.2,False,12bars,250.0,3.5,2.0,100.0,0.25
804,1220.87,1.064,19.65,2820.85,45.83,72,33,39,False,1.4,False,1.2,True,8bars,200.0,4.5,2.0,120.0,0.3
726,967.98,1.064,22.59,1105.94,45.83,72,33,39,False,1.4,True,1.15,False,8bars,150.0,3.5,2.5,100.0,0.25
866,991.04,1.059,22.52,1167.56,45.83,72,33,39,False,1.4,True,1.15,True,12bars,200.0,3.5,2.0,100.0,0.25
587,888.73,1.059,20.61,1702.94,45.83,72,33,39,False,1.4,True,1.15,True,8bars,150.0,4.0,2.5,120.0,0.3
674,867.27,1.056,22.55,1090.54,45.83,72,33,39,False,1.4,True,1.15,False,8bars,150.0,3.5,2.5,120.0,0.25
896,977.6,1.051,22.32,1766.65,45.83,72,33,39,False,1.4,True,1.15,True,8bars,200.0,3.5,2.0,100.0,0.3
700,954.38,1.049,23.71,1946.01,45.83,72,33,39,False,1.4,True,1.15,False,12bars,200.0,3.5,2.5,120.0,0.3
1090,1152.17,1.048,23.58,2162.47,45.83,72,33,39,False,1.4,False,1.2,False,8bars,250.0,3.5,2.0,100.0,0.3
1036,1179.67,1.047,23.07,2046.04,45.83,72,33,39,False,1.4,False,1.2,False,8bars,250.0,3.5,2.0,120.0,0.3
762,603.61,1.043,19.55,1454.16,45.83,72,33,39,False,1.4,True,1.15,True,8bars,150.0,4.0,2.0,100.0,0.25
904,866.61,1.039,20.24,2827.68,45.83,72,33,39,False,1.4,False,1.2,True,8bars,200.0,4.0,2.0,120.0,0.3
854,634.95,1.035,22.6,1265.83,45.83,72,33,39,False,1.4,True,1.15,True,12bars,200.0,3.5,2.0,100.0,0.3
1071,701.72,1.032,22.69,2065.78,45.83,72,33,39,False,1.4,False,1.2,True,12bars,200.0,3.5,2.0,100.0,0.25
767,453.1,1.03,18.12,1444.81,45.83,72,33,39,False,1.4,True,1.15,False,8bars,150.0,4.5,2.0,100.0,0.3
932,624.22,1.028,22.75,1932.43,45.83,72,33,39,False,1.4,False,1.2,False,12bars,200.0,3.5,2.0,120.0,0.3
940,440.82,1.025,21.17,1908.05,45.83,72,33,39,False,1.4,False,1.2,False,12bars,150.0,4.0,2.0,100.0,0.25
791,343.81,1.023,21.62,1488.4,45.83,72,33,39,False,1.4,True,1.15,True,8bars,150.0,3.5,2.0,120.0,0.25
1013,455.72,1.019,22.8,2046.04,45.83,72,33,39,False,1.4,False,1.2,False,8bars,200.0,3.5,2.0,120.0,0.3
916,280.3,1.017,19.32,1817.67,45.83,72,33,39,False,1.4,True,1.25,False,12bars,150.0,4.0,2.0,100.0,0.25
856,257.16,1.017,21.14,1551.54,45.83,72,33,39,False,1.4,True,1.15,False,8bars,150.0,3.5,2.0,100.0,0.25
742,213.86,1.014,19.81,1737.05,45.83,72,33,39,False,1.4,True,1.15,False,8bars,150.0,4.0,2.0,120.0,0.25
978,271.75,1.012,22.39,2138.42,45.83,72,33,39,False,1.4,False,1.2,False,12bars,200.0,3.5,2.0,100.0,0.3
979,214.25,1.009,22.88,2099.5,45.83,72,33,39,False,1.4,False,1.2,True,8bars,200.0,3.5,2.0,120.0,0.3
926,188.67,1.009,22.57,2387.51,45.83,72,33,39,False,1.4,False,1.2,True,12bars,200.0,3.5,2.0,120.0,0.3
985,149.17,1.008,22.23,2586.72,45.83,72,33,39,False,1.4,True,1.25,True,12bars,200.0,3.5,2.0,120.0,0.25
825,127.87,1.008,21.45,1544.63,45.83,72,33,39,False,1.4,True,1.15,False,12bars,150.0,3.5,2.0,100.0,0.25
948,119.93,1.006,22.36,2695.04,45.83,72,33,39,False,1.4,True,1.25,True,12bars,200.0,3.5,2.0,120.0,0.3
855,66.19,1.003,20.47,2835.59,45.83,72,33,39,False,1.4,False,1.2,True,12bars,200.0,4.0,2.0,120.0,0.3
909,25.25,1.001,19.8,2069.19,45.83,72,33,39,False,1.4,True,1.25,False,12bars,150.0,4.0,2.0,120.0,0.25
864,-22.07,0.999,19.79,2094.71,45.83,72,33,39,False,1.4,True,1.25,False,12bars,150.0,4.0,2.0,120.0,0.3
796,-78.95,0.995,20.98,1645.93,45.83,72,33,39,False,1.4,True,1.15,False,8bars,150.0,3.5,2.0,120.0,0.25
821,-197.65,0.987,21.44,1506.76,45.83,72,33,39,False,1.4,True,1.15,True,12bars,150.0,3.5,2.0,100.0,0.25
810,-395.84,0.976,21.6,1571.48,45.83,72,33,39,False,1.4,True,1.15,True,12bars,150.0,3.5,2.0,100.0,0.3
810,-539.04,0.968,21.36,1615.89,45.83,72,33,39,False,1.4,True,1.15,False,12bars,150.0,3.5,2.0,100.0,0.3
888,-778.93,0.958,20.27,2666.65,45.83,72,33,39,False,1.4,False,1.2,False,12bars,150.0,4.0,2.0,100.0,0.3
923,-950.08,0.945,21.24,2661.1,45.83,72,33,39,False,1.4,True,1.25,True,12bars,150.0,3.5,2.0,120.0,0.25
890,-1008.75,0.945,21.35,2769.41,45.83,72,33,39,False,1.4,True,1.25,True,12bars,150.0,3.5,2.0,120.0,0.3
154,4308.88,1.767,29.22,774.74,44.44,72,32,40,True,1.4,True,1.15,False,8bars,150.0,4.0,2.0,120.0,0.25
154,4322.38,1.761,29.22,783.55,44.44,72,32,40,True,1.4,True,1.15,False,8bars,150.0,4.0,2.0,120.0,0.3
153,4220.14,1.713,26.14,842.77,44.44,72,32,40,True,1.35,True,1.25,False,12bars,150.0,4.0,2.0,120.0,0.3
199,4846.79,1.712,26.63,893.53,44.44,72,32,40,True,1.4,True,1.25,False,12bars,150.0,4.0,2.0,120.0,0.25
199,4867.22,1.704,26.63,902.28,44.44,72,32,40,True,1.4,True,1.25,False,12bars,150.0,4.0,2.0,120.0,0.3
154,4152.38,1.704,25.97,836.35,44.44,72,32,40,True,1.35,True,1.25,False,12bars,150.0,4.0,2.0,120.0,0.25
214,5349.64,1.689,25.23,1098.22,44.44,72,32,40,True,1.4,True,1.25,False,8bars,200.0,4.5,2.0,120.0,0.3
157,4163.59,1.687,26.11,781.73,44.44,72,32,40,True,1.35,True,1.25,True,8bars,150.0,4.0,2.0,120.0,0.3
205,4721.51,1.686,25.37,746.26,44.44,72,32,40,True,1.4,True,1.25,False,8bars,150.0,4.5,2.0,100.0,0.25
158,4084.18,1.676,25.95,770.38,44.44,72,32,40,True,1.35,True,1.25,True,8bars,150.0,4.0,2.0,120.0,0.25
161,3948.75,1.66,27.95,774.74,44.44,72,32,40,True,1.4,True,1.15,False,8bars,200.0,4.0,2.0,120.0,0.25
161,3962.25,1.656,27.95,783.55,44.44,72,32,40,True,1.4,True,1.15,False,8bars,200.0,4.0,2.0,120.0,0.3
196,4684.93,1.65,25.0,837.03,44.44,72,32,40,True,1.4,True,1.25,False,12bars,150.0,4.5,2.0,120.0,0.3
146,3841.39,1.614,29.45,893.77,44.44,72,32,40,True,1.4,True,1.15,True,8bars,150.0,3.5,2.5,120.0,0.25
162,3872.52,1.609,25.31,860.71,44.44,72,32,40,True,1.35,True,1.25,False,12bars,200.0,4.0,2.0,120.0,0.25
155,3540.09,1.603,25.81,842.77,44.44,72,32,40,True,1.35,True,1.25,True,12bars,150.0,4.0,2.0,100.0,0.3
150,3870.65,1.602,29.33,1000.09,44.44,72,32,40,True,1.4,True,1.15,False,8bars,150.0,3.5,2.5,120.0,0.25
162,3871.04,1.601,25.31,872.05,44.44,72,32,40,True,1.35,True,1.25,False,12bars,200.0,4.0,2.0,120.0,0.3
146,3816.21,1.598,29.45,905.78,44.44,72,32,40,True,1.4,True,1.15,True,8bars,150.0,3.5,2.5,120.0,0.3
156,3455.14,1.594,25.64,836.35,44.44,72,32,40,True,1.35,True,1.25,True,12bars,150.0,4.0,2.0,100.0,0.25
198,4314.59,1.587,25.25,944.16,44.44,72,32,40,True,1.4,True,1.25,True,8bars,150.0,4.5,2.0,120.0,0.3
150,3842.41,1.586,29.33,1013.81,44.44,72,32,40,True,1.4,True,1.15,False,8bars,150.0,3.5,2.5,120.0,0.3
166,3804.32,1.586,25.3,860.71,44.44,72,32,40,True,1.35,True,1.25,True,8bars,200.0,4.0,2.0,120.0,0.25
166,3814.49,1.579,25.3,872.05,44.44,72,32,40,True,1.35,True,1.25,True,8bars,200.0,4.0,2.0,120.0,0.3
331,5911.2,1.575,23.56,1163.95,44.44,72,32,40,True,1.4,False,1.2,False,12bars,250.0,4.5,2.0,100.0,0.25
221,4284.58,1.565,25.79,1084.06,44.44,72,32,40,True,1.4,True,1.25,False,8bars,200.0,4.0,2.0,100.0,0.3
199,4025.95,1.565,26.13,967.01,44.44,72,32,40,True,1.4,True,1.25,True,12bars,150.0,4.0,2.0,120.0,0.3
200,3956.14,1.56,26.0,1010.04,44.44,72,32,40,True,1.4,True,1.25,True,12bars,150.0,4.0,2.0,120.0,0.25
165,3433.97,1.55,25.45,781.73,44.44,72,32,40,True,1.35,True,1.25,False,8bars,150.0,4.0,2.0,100.0,0.3
166,3339.58,1.54,25.3,776.29,44.44,72,32,40,True,1.35,True,1.25,False,8bars,150.0,4.0,2.0,100.0,0.25
205,3792.07,1.537,26.34,922.4,44.44,72,32,40,True,1.4,True,1.25,True,8bars,150.0,4.0,2.0,100.0,0.3
232,4315.32,1.52,25.0,1183.12,44.44,72,32,40,True,1.4,True,1.25,False,8bars,250.0,4.0,2.0,120.0,0.25
168,3480.32,1.516,24.4,860.71,44.44,72,32,40,True,1.35,True,1.25,False,12bars,250.0,4.0,2.0,120.0,0.25
232,4325.7,1.514,25.0,1190.63,44.44,72,32,40,True,1.4,True,1.25,False,8bars,250.0,4.0,2.0,120.0,0.3
155,3449.52,1.511,28.39,893.77,44.44,72,32,40,True,1.4,True,1.15,True,8bars,200.0,3.5,2.5,120.0,0.25
168,3478.83,1.509,24.4,872.05,44.44,72,32,40,True,1.35,True,1.25,False,12bars,250.0,4.0,2.0,120.0,0.3
164,3175.28,1.506,25.0,860.71,44.44,72,32,40,True,1.35,True,1.25,True,12bars,200.0,4.0,2.0,100.0,0.25
159,3478.78,1.503,28.3,1000.09,44.44,72,32,40,True,1.4,True,1.15,False,8bars,200.0,3.5,2.5,120.0,0.25
164,3190.99,1.499,25.0,872.05,44.44,72,32,40,True,1.35,True,1.25,True,12bars,200.0,4.0,2.0,100.0,0.3
155,3424.33,1.498,28.39,905.78,44.44,72,32,40,True,1.4,True,1.15,True,8bars,200.0,3.5,2.5,120.0,0.3
350,5337.31,1.495,24.29,1128.33,44.44,72,32,40,True,1.4,False,1.2,False,8bars,250.0,4.0,2.0,100.0,0.25
159,3450.53,1.49,28.3,1013.81,44.44,72,32,40,True,1.4,True,1.15,False,8bars,200.0,3.5,2.5,120.0,0.3
173,3373.41,1.487,24.28,860.71,44.44,72,32,40,True,1.35,True,1.25,True,8bars,250.0,4.0,2.0,120.0,0.25
191,3966.31,1.486,25.65,1400.47,44.44,72,32,40,True,1.4,True,1.25,False,8bars,150.0,4.0,2.5,120.0,0.3
277,5330.75,1.483,22.74,1234.86,44.44,72,32,40,True,1.4,False,1.2,False,12bars,250.0,4.5,2.5,120.0,0.25
277,5323.32,1.482,22.74,1234.86,44.44,72,32,40,True,1.4,False,1.2,True,12bars,250.0,4.5,2.5,120.0,0.25
173,3383.57,1.482,24.28,872.05,44.44,72,32,40,True,1.35,True,1.25,True,8bars,250.0,4.0,2.0,120.0,0.3
278,5311.0,1.481,22.66,1234.86,44.44,72,32,40,True,1.4,False,1.2,True,8bars,250.0,4.5,2.5,120.0,0.25
174,3059.72,1.46,24.71,860.71,44.44,72,32,40,True,1.35,True,1.25,False,8bars,200.0,4.0,2.0,100.0,0.25
174,3084.88,1.456,24.71,872.05,44.44,72,32,40,True,1.35,True,1.25,False,8bars,200.0,4.0,2.0,100.0,0.3
349,5015.61,1.445,24.64,1129.2,44.44,72,32,40,True,1.4,False,1.2,False,12bars,250.0,4.0,2.0,100.0,0.3
237,3859.35,1.439,20.68,1749.51,44.44,72,32,40,True,1.45,True,1.25,True,8bars,150.0,4.5,2.5,120.0,0.25
336,4815.65,1.433,24.4,1127.24,44.44,72,32,40,True,1.4,False,1.2,True,12bars,250.0,4.0,2.0,120.0,0.25
338,4775.83,1.428,24.26,1136.76,44.44,72,32,40,True,1.4,False,1.2,True,8bars,250.0,4.0,2.0,120.0,0.25
156,2487.64,1.425,27.56,856.94,44.44,72,32,40,True,1.4,True,1.15,True,8bars,150.0,3.5,2.0,120.0,0.25
336,4737.54,1.424,23.51,1132.62,44.44,72,32,40,True,1.4,False,1.2,True,12bars,250.0,4.5,2.0,100.0,0.3
242,3821.89,1.424,20.66,1779.11,44.44,72,32,40,True,1.45,True,1.25,False,8bars,150.0,4.5,2.5,120.0,0.25
337,4727.12,1.423,23.44,1132.62,44.44,72,32,40,True,1.4,False,1.2,True,8bars,250.0,4.5,2.0,100.0,0.3
315,4776.74,1.421,27.3,1461.98,44.44,72,32,40,True,1.4,False,1.2,False,8bars,250.0,3.5,2.5,100.0,0.25
313,4738.75,1.418,27.16,1448.61,44.44,72,32,40,True,1.4,False,1.2,False,12bars,250.0,3.5,2.5,100.0,0.25
158,2589.82,1.418,25.32,910.99,44.44,72,32,40,True,1.35,True,1.25,True,12bars,150.0,3.5,2.0,120.0,0.25
313,4731.32,1.417,27.16,1448.61,44.44,72,32,40,True,1.4,False,1.2,True,12bars,250.0,3.5,2.5,100.0,0.25
170,2783.08,1.417,24.12,860.71,44.44,72,32,40,True,1.35,True,1.25,True,12bars,250.0,4.0,2.0,100.0,0.25
314,4719.0,1.416,27.07,1461.98,44.44,72,32,40,True,1.4,False,1.2,True,8bars,250.0,3.5,2.5,100.0,0.25
156,2450.69,1.413,27.56,859.26,44.44,72,32,40,True,1.4,True,1.15,True,8bars,150.0,3.5,2.0,120.0,0.3
170,2798.78,1.412,24.12,872.05,44.44,72,32,40,True,1.35,True,1.25,True,12bars,250.0,4.0,2.0,100.0,0.3
208,3060.38,1.411,25.96,1206.07,44.44,72,32,40,True,1.4,True,1.25,True,8bars,150.0,3.5,2.0,120.0,0.3
158,2577.5,1.41,25.32,917.41,44.44,72,32,40,True,1.35,True,1.25,True,12bars,150.0,3.5,2.0,120.0,0.3
161,2469.01,1.41,27.33,863.66,44.44,72,32,40,True,1.4,True,1.15,False,8bars,150.0,3.5,2.0,120.0,0.25
209,3011.59,1.407,25.84,1199.31,44.44,72,32,40,True,1.4,True,1.25,True,8bars,150.0,3.5,2.0,120.0,0.25
232,3526.53,1.405,21.12,1676.83,44.44,72,32,40,True,1.45,True,1.25,True,12bars,150.0,4.5,2.5,120.0,0.25
297,4394.6,1.4,23.91,1736.5,44.44,72,32,40,True,1.4,False,1.2,False,8bars,250.0,4.0,2.5,100.0,0.25
161,2429.42,1.398,27.33,880.53,44.44,72,32,40,True,1.4,True,1.15,False,8bars,150.0,3.5,2.0,120.0,0.3
295,4349.31,1.396,23.73,1780.75,44.44,72,32,40,True,1.4,False,1.2,False,12bars,250.0,4.0,2.5,100.0,0.25
295,4341.88,1.395,23.73,1788.18,44.44,72,32,40,True,1.4,False,1.2,True,12bars,250.0,4.0,2.5,100.0,0.25
195,3234.42,1.394,26.67,1039.21,44.44,72,32,40,True,1.4,True,1.25,True,12bars,150.0,3.5,2.5,120.0,0.25
296,4329.56,1.393,23.65,1801.54,44.44,72,32,40,True,1.4,False,1.2,True,8bars,250.0,4.0,2.5,100.0,0.25
195,3204.48,1.381,26.67,1050.68,44.44,72,32,40,True,1.4,True,1.25,True,12bars,150.0,3.5,2.5,120.0,0.3
181,2628.8,1.372,23.76,860.71,44.44,72,32,40,True,1.35,True,1.25,False,8bars,250.0,4.0,2.0,100.0,0.25
168,2442.12,1.372,25.0,947.43,44.44,72,32,40,True,1.35,True,1.25,False,8bars,150.0,3.5,2.0,120.0,0.25
214,3401.62,1.371,26.64,1257.79,44.44,72,32,40,True,1.4,True,1.25,False,8bars,200.0,3.5,2.5,120.0,0.25
331,3801.85,1.37,23.26,1261.64,44.44,72,32,40,True,1.4,False,1.2,False,8bars,200.0,4.0,2.0,100.0,0.25
181,2653.96,1.368,23.76,872.05,44.44,72,32,40,True,1.35,True,1.25,False,8bars,250.0,4.0,2.0,100.0,0.3
168,2437.51,1.366,25.0,969.12,44.44,72,32,40,True,1.35,True,1.25,False,8bars,150.0,3.5,2.0,120.0,0.3
214,3360.93,1.358,26.64,1282.38,44.44,72,32,40,True,1.4,True,1.25,False,8bars,200.0,3.5,2.5,120.0,0.3
360,3990.56,1.337,25.56,1444.06,44.44,72,32,40,True,1.4,False,1.2,False,12bars,250.0,3.5,2.0,120.0,0.25
360,3942.76,1.332,25.56,1405.04,44.44,72,32,40,True,1.4,False,1.2,True,8bars,250.0,3.5,2.0,120.0,0.25
226,2727.5,1.332,25.22,1283.04,44.44,72,32,40,True,1.4,True,1.25,False,8bars,200.0,3.5,2.0,120.0,0.3
227,2689.16,1.33,25.11,1271.51,44.44,72,32,40,True,1.4,True,1.25,False,8bars,200.0,3.5,2.0,120.0,0.25
366,3752.99,1.325,25.41,1358.68,44.44,72,32,40,True,1.4,False,1.2,True,12bars,250.0,3.5,2.0,100.0,0.25
332,3426.89,1.316,23.49,1505.32,44.44,72,32,40,True,1.4,False,1.2,False,12bars,200.0,4.0,2.0,100.0,0.3
251,3242.59,1.311,27.09,1651.32,44.44,72,32,40,True,1.35,False,1.2,False,8bars,250.0,3.5,2.5,100.0,0.25
250,3192.28,1.306,26.8,1701.63,44.44,72,32,40,True,1.35,False,1.2,True,8bars,250.0,3.5,2.5,100.0,0.25
362,3750.22,1.304,25.97,1396.3,44.44,72,32,40,True,1.4,False,1.2,True,12bars,250.0,3.5,2.0,120.0,0.3
334,3779.68,1.301,22.46,1842.94,44.44,72,32,40,True,1.45,False,1.2,False,12bars,250.0,4.0,2.5,100.0,0.3
334,3770.77,1.3,22.46,1842.94,44.44,72,32,40,True,1.45,False,1.2,True,12bars,250.0,4.0,2.5,100.0,0.3
247,3125.07,1.3,26.72,1763.9,44.44,72,32,40,True,1.35,False,1.2,True,12bars,250.0,3.5,2.5,100.0,0.25
247,3125.07,1.3,26.72,1763.9,44.44,72,32,40,True,1.35,False,1.2,False,12bars,250.0,3.5,2.5,100.0,0.25
336,3761.67,1.299,22.32,1842.94,44.44,72,32,40,True,1.45,False,1.2,True,8bars,250.0,4.0,2.5,100.0,0.3
621,4596.42,1.296,20.29,1117.4,44.44,72,32,40,False,1.4,True,1.15,True,8bars,250.0,4.5,2.5,120.0,0.25
313,3842.17,1.296,21.09,1924.83,44.44,72,32,40,True,1.45,False,1.2,False,8bars,250.0,4.5,2.5,120.0,0.3
338,3758.39,1.295,22.49,1842.94,44.44,72,32,40,True,1.45,False,1.2,False,8bars,250.0,4.0,2.5,100.0,0.3
320,3167.33,1.295,23.12,1136.45,44.44,72,32,40,True,1.4,False,1.2,True,12bars,200.0,4.0,2.0,120.0,0.25
313,3826.59,1.294,21.09,1924.83,44.44,72,32,40,True,1.45,False,1.2,True,8bars,250.0,4.5,2.5,120.0,0.3
321,3158.64,1.294,23.05,1145.97,44.44,72,32,40,True,1.4,False,1.2,True,8bars,200.0,4.0,2.0,120.0,0.25
399,3501.66,1.287,20.3,2117.84,44.44,72,32,40,True,1.45,False,1.2,True,8bars,250.0,4.5,2.0,100.0,0.25
410,3543.82,1.281,20.24,2129.81,44.44,72,32,40,True,1.45,False,1.2,False,8bars,250.0,4.5,2.0,100.0,0.25
251,2359.93,1.271,23.51,872.91,44.44,72,32,40,True,1.35,False,1.2,False,8bars,150.0,4.0,2.0,100.0,0.3
249,2316.36,1.266,23.29,916.61,44.44,72,32,40,True,1.35,False,1.2,True,8bars,150.0,4.0,2.0,100.0,0.3
324,3055.08,1.264,20.06,2205.18,44.44,72,32,40,True,1.45,False,1.2,False,12bars,200.0,4.5,2.5,100.0,0.25
324,3049.23,1.263,20.06,2211.03,44.44,72,32,40,True,1.45,False,1.2,True,12bars,200.0,4.5,2.5,100.0,0.25
326,3029.75,1.261,19.94,2217.86,44.44,72,32,40,True,1.45,False,1.2,False,8bars,200.0,4.5,2.5,100.0,0.25
326,3019.93,1.26,19.94,2223.71,44.44,72,32,40,True,1.45,False,1.2,True,8bars,200.0,4.5,2.5,100.0,0.25
246,2246.65,1.259,23.17,960.01,44.44,72,32,40,True,1.35,False,1.2,True,12bars,150.0,4.0,2.0,100.0,0.3
246,2246.65,1.259,23.17,960.01,44.44,72,32,40,True,1.35,False,1.2,False,12bars,150.0,4.0,2.0,100.0,0.3
328,3249.39,1.257,20.43,2040.02,44.44,72,32,40,True,1.45,False,1.2,False,8bars,250.0,4.5,2.5,100.0,0.3
242,2316.2,1.257,24.38,1285.34,44.44,72,32,40,True,1.4,True,1.25,False,8bars,250.0,3.5,2.0,120.0,0.3
245,2294.07,1.256,23.67,992.35,44.44,72,32,40,True,1.35,False,1.2,False,8bars,150.0,4.0,2.0,120.0,0.25
328,3233.81,1.255,20.43,2048.94,44.44,72,32,40,True,1.45,False,1.2,True,8bars,250.0,4.5,2.5,100.0,0.3
243,2277.87,1.255,24.28,1271.51,44.44,72,32,40,True,1.4,True,1.25,False,8bars,250.0,3.5,2.0,120.0,0.25
240,2255.66,1.253,23.33,1079.04,44.44,72,32,40,True,1.35,False,1.2,True,12bars,150.0,4.0,2.0,120.0,0.25
240,2255.66,1.253,23.33,1079.04,44.44,72,32,40,True,1.35,False,1.2,False,12bars,150.0,4.0,2.0,120.0,0.25
243,2257.49,1.252,23.46,1028.94,44.44,72,32,40,True,1.35,False,1.2,True,8bars,150.0,4.0,2.0,120.0,0.25
779,4533.87,1.25,21.69,1413.56,44.44,72,32,40,False,1.4,True,1.25,True,8bars,250.0,4.0,2.5,100.0,0.25
251,2426.96,1.249,22.31,1192.38,44.44,72,32,40,True,1.35,False,1.2,False,8bars,150.0,4.5,2.0,120.0,0.3
249,2376.39,1.244,22.09,1242.95,44.44,72,32,40,True,1.35,False,1.2,True,8bars,150.0,4.5,2.0,120.0,0.3
246,2352.38,1.243,21.95,1336.77,44.44,72,32,40,True,1.35,False,1.2,True,12bars,150.0,4.5,2.0,120.0,0.3
246,2352.38,1.243,21.95,1336.77,44.44,72,32,40,True,1.35,False,1.2,False,12bars,150.0,4.5,2.0,120.0,0.3
308,2872.22,1.24,20.13,2556.14,44.44,72,32,40,True,1.45,False,1.2,False,12bars,200.0,4.5,2.5,120.0,0.25
308,2866.37,1.239,20.13,2562.0,44.44,72,32,40,True,1.45,False,1.2,True,12bars,200.0,4.5,2.5,120.0,0.25
438,3184.46,1.238,22.15,1481.28,44.44,72,32,40,True,1.45,False,1.2,True,12bars,250.0,4.0,2.0,100.0,0.25
433,3224.29,1.237,21.71,1688.08,44.44,72,32,40,True,1.45,False,1.2,True,8bars,250.0,4.0,2.0,120.0,0.25
439,3174.0,1.237,22.1,1481.28,44.44,72,32,40,True,1.45,False,1.2,False,12bars,250.0,4.0,2.0,100.0,0.25
310,2846.89,1.237,20.0,2568.82,44.44,72,32,40,True,1.45,False,1.2,False,8bars,200.0,4.5,2.5,120.0,0.25
310,2837.07,1.236,20.0,2574.68,44.44,72,32,40,True,1.45,False,1.2,True,8bars,200.0,4.5,2.5,120.0,0.25
325,2540.22,1.224,21.54,1846.68,44.44,72,32,40,True,1.45,False,1.2,False,12bars,200.0,4.0,2.5,100.0,0.25
320,2467.18,1.224,20.0,2457.05,44.44,72,32,40,True,1.45,False,1.2,False,12bars,150.0,4.5,2.5,100.0,0.25
325,2534.36,1.223,21.54,1846.68,44.44,72,32,40,True,1.45,False,1.2,True,12bars,200.0,4.0,2.5,100.0,0.25
320,2461.32,1.223,20.0,2462.91,44.44,72,32,40,True,1.45,False,1.2,True,12bars,150.0,4.5,2.5,100.0,0.25
332,2552.38,1.221,21.69,1846.68,44.44,72,32,40,True,1.45,False,1.2,False,8bars,200.0,4.0,2.5,100.0,0.25
328,2498.03,1.219,21.34,1846.68,44.44,72,32,40,True,1.45,False,1.2,True,8bars,200.0,4.0,2.5,100.0,0.25
323,2425.41,1.219,19.81,2486.18,44.44,72,32,40,True,1.45,False,1.2,False,8bars,150.0,4.5,2.5,100.0,0.25
323,2415.58,1.218,19.81,2492.03,44.44,72,32,40,True,1.45,False,1.2,True,8bars,150.0,4.5,2.5,100.0,0.25
445,3044.64,1.217,21.35,1700.05,44.44,72,32,40,True,1.45,False,1.2,False,8bars,250.0,4.0,2.0,120.0,0.25
439,2987.97,1.212,22.55,1723.71,44.44,72,32,40,True,1.45,False,1.2,True,12bars,250.0,4.0,2.0,100.0,0.3
440,2975.41,1.21,22.5,1723.71,44.44,72,32,40,True,1.45,False,1.2,False,12bars,250.0,4.0,2.0,100.0,0.3
730,3579.1,1.2,21.92,1256.91,44.44,72,32,40,False,1.4,True,1.25,False,12bars,250.0,4.0,2.5,120.0,0.25
304,2284.32,1.2,20.07,2808.02,44.44,72,32,40,True,1.45,False,1.2,False,12bars,150.0,4.5,2.5,120.0,0.25
304,2278.46,1.199,20.07,2813.87,44.44,72,32,40,True,1.45,False,1.2,True,12bars,150.0,4.5,2.5,120.0,0.25
329,2213.7,1.198,21.28,1846.68,44.44,72,32,40,True,1.45,False,1.2,False,12bars,150.0,4.0,2.5,100.0,0.25
329,2207.84,1.197,21.28,1846.68,44.44,72,32,40,True,1.45,False,1.2,True,12bars,150.0,4.0,2.5,100.0,0.25
307,2242.55,1.195,19.87,2837.14,44.44,72,32,40,True,1.45,False,1.2,False,8bars,150.0,4.5,2.5,120.0,0.25
429,2748.13,1.194,21.91,1749.62,44.44,72,32,40,True,1.45,False,1.2,True,8bars,250.0,4.0,2.0,120.0,0.3
307,2232.72,1.194,19.87,2842.99,44.44,72,32,40,True,1.45,False,1.2,True,8bars,150.0,4.5,2.5,120.0,0.25
337,2196.15,1.192,21.36,1846.68,44.44,72,32,40,True,1.45,False,1.2,False,8bars,150.0,4.0,2.5,100.0,0.25
333,2141.79,1.19,21.02,1846.68,44.44,72,32,40,True,1.45,False,1.2,True,8bars,150.0,4.0,2.5,100.0,0.25
440,2626.5,1.181,21.59,1763.98,44.44,72,32,40,True,1.45,False,1.2,False,8bars,250.0,4.0,2.0,120.0,0.3
411,2115.86,1.173,21.41,1850.46,44.44,72,32,40,True,1.45,False,1.2,True,8bars,200.0,4.0,2.0,100.0,0.25
683,3174.78,1.169,21.52,1729.56,44.44,72,32,40,False,1.4,True,1.15,False,8bars,250.0,4.0,2.5,120.0,0.3
777,2901.08,1.16,20.98,1542.09,44.44,72,32,40,False,1.4,True,1.15,False,8bars,250.0,4.0,2.5,100.0,0.25
426,1964.8,1.16,23.47,847.73,44.44,72,32,40,True,1.45,False,1.2,True,12bars,200.0,3.5,2.0,100.0,0.25
427,1954.34,1.159,23.42,847.73,44.44,72,32,40,True,1.45,False,1.2,False,12bars,200.0,3.5,2.0,100.0,0.25
415,1953.44,1.159,20.96,1862.43,44.44,72,32,40,True,1.45,False,1.2,False,8bars,200.0,4.0,2.0,100.0,0.25
656,2440.65,1.157,20.88,1355.49,44.44,72,32,40,False,1.4,True,1.15,True,8bars,200.0,4.0,2.5,120.0,0.25
410,1945.88,1.151,21.71,2114.17,44.44,72,32,40,True,1.45,False,1.2,True,8bars,200.0,4.0,2.0,100.0,0.3
742,3109.08,1.149,25.07,2335.29,44.44,72,32,40,False,1.4,False,1.2,True,12bars,250.0,3.5,2.5,120.0,0.25
644,2299.35,1.142,22.05,1569.7,44.44,72,32,40,False,1.4,True,1.15,True,12bars,200.0,4.0,2.5,100.0,0.3
730,2434.91,1.14,23.97,1148.39,44.44,72,32,40,False,1.4,True,1.15,True,8bars,200.0,3.5,2.5,100.0,0.3
413,1806.41,1.14,21.31,2128.54,44.44,72,32,40,True,1.45,False,1.2,False,8bars,200.0,4.0,2.0,100.0,0.3
667,2307.1,1.133,24.44,1354.39,44.44,72,32,40,False,1.4,True,1.15,True,12bars,200.0,3.5,2.5,120.0,0.25
718,2208.58,1.129,23.54,1238.22,44.44,72,32,40,False,1.4,True,1.15,False,8bars,200.0,3.5,2.5,120.0,0.25
695,2531.74,1.128,24.46,1444.72,44.44,72,32,40,False,1.4,True,1.15,True,12bars,250.0,3.5,2.5,120.0,0.3
654,2095.52,1.128,21.71,1565.61,44.44,72,32,40,False,1.4,True,1.15,False,12bars,200.0,4.0,2.5,100.0,0.3
730,2744.8,1.124,25.07,2252.97,44.44,72,32,40,False,1.4,False,1.2,True,12bars,250.0,3.5,2.5,120.0,0.3
681,2323.0,1.122,22.03,2181.52,44.44,72,32,40,False,1.4,True,1.15,False,12bars,250.0,4.0,2.5,120.0,0.3
843,2532.87,1.119,23.25,2535.3,44.44,72,32,40,False,1.4,True,1.25,True,8bars,250.0,3.5,2.5,100.0,0.3
771,1944.99,1.116,23.35,1165.8,44.44,72,32,40,False,1.4,True,1.15,False,8bars,200.0,3.5,2.5,100.0,0.25
464,1681.39,1.114,23.06,1043.1,44.44,72,32,40,True,1.45,False,1.2,True,12bars,250.0,3.5,2.0,120.0,0.25
464,1650.31,1.108,23.71,1091.61,44.44,72,32,40,True,1.45,False,1.2,True,12bars,250.0,3.5,2.0,120.0,0.3
863,2346.89,1.107,19.24,3126.85,44.44,72,32,40,False,1.4,False,1.2,False,8bars,250.0,4.5,2.0,120.0,0.3
855,2114.22,1.107,23.04,2701.24,44.44,72,32,40,False,1.4,True,1.25,False,12bars,250.0,3.5,2.5,100.0,0.25
844,2094.88,1.107,23.22,2669.05,44.44,72,32,40,False,1.4,True,1.25,True,12bars,250.0,3.5,2.5,100.0,0.25
842,2206.58,1.096,23.04,3157.7,44.44,72,32,40,False,1.4,True,1.25,False,8bars,250.0,3.5,2.5,120.0,0.3
798,2072.24,1.096,24.81,2611.91,44.44,72,32,40,False,1.4,False,1.2,False,8bars,250.0,3.5,2.5,120.0,0.25
949,2078.16,1.095,18.86,3073.81,44.44,72,32,40,False,1.4,False,1.2,False,8bars,250.0,4.5,2.0,100.0,0.3
1072,1826.04,1.095,22.57,2389.67,44.44,72,32,40,False,1.4,True,1.25,False,8bars,200.0,3.5,2.0,100.0,0.25
869,2130.87,1.094,22.78,3222.8,44.44,72,32,40,False,1.4,True,1.25,False,8bars,250.0,3.5,2.5,100.0,0.3
848,2029.36,1.094,24.29,2259.77,44.44,72,32,40,False,1.4,False,1.2,False,8bars,250.0,3.5,2.5,100.0,0.25
783,1941.94,1.093,24.78,2579.46,44.44,72,32,40,False,1.4,False,1.2,True,8bars,250.0,3.5,2.5,120.0,0.25
833,1921.57,1.091,24.25,2234.51,44.44,72,32,40,False,1.4,False,1.2,True,8bars,250.0,3.5,2.5,100.0,0.25
465,1408.37,1.091,23.23,1137.02,44.44,72,32,40,True,1.45,False,1.2,True,8bars,250.0,3.5,2.0,120.0,0.3
732,1567.02,1.076,23.91,1946.01,44.44,72,32,40,False,1.4,True,1.15,False,12bars,250.0,3.5,2.5,120.0,0.3
786,1569.31,1.075,23.16,2519.5,44.44,72,32,40,False,1.4,True,1.25,False,12bars,250.0,3.5,2.5,120.0,0.3
749,1248.57,1.071,23.1,1985.67,44.44,72,32,40,False,1.4,True,1.25,True,12bars,200.0,3.5,2.5,120.0,0.25
752,1173.31,1.067,22.87,2009.66,44.44,72,32,40,False,1.4,True,1.25,False,12bars,200.0,3.5,2.5,120.0,0.25
1079,1458.28,1.063,23.26,1934.67,44.44,72,32,40,False,1.4,False,1.2,False,12bars,250.0,3.5,2.0,120.0,0.25
1031,1268.52,1.062,22.79,2269.58,44.44,72,32,40,False,1.4,True,1.25,True,8bars,200.0,3.5,2.0,120.0,0.25
674,889.03,1.06,23.74,1272.86,44.44,72,32,40,False,1.4,True,1.15,True,12bars,150.0,3.5,2.5,100.0,0.25
995,1166.0,1.056,22.61,2505.35,44.44,72,32,40,False,1.4,True,1.25,False,8bars,200.0,3.5,2.0,120.0,0.3
626,869.18,1.055,23.0,1044.52,44.44,72,32,40,False,1.4,True,1.15,True,8bars,150.0,3.5,2.5,120.0,0.3
888,938.65,1.054,22.3,1422.77,44.44,72,32,40,False,1.4,True,1.15,False,12bars,200.0,3.5,2.0,100.0,0.25
962,1268.03,1.053,20.89,2536.02,44.44,72,32,40,False,1.4,False,1.2,True,8bars,250.0,4.0,2.0,120.0,0.3
637,790.79,1.053,20.25,1747.78,44.44,72,32,40,False,1.4,True,1.15,True,8bars,150.0,4.0,2.5,120.0,0.25
873,1135.98,1.052,18.9,3513.61,44.44,72,32,40,False,1.4,False,1.2,False,12bars,250.0,4.5,2.0,120.0,0.3
968,1039.7,1.048,20.56,2769.75,44.44,72,32,40,False,1.4,False,1.2,False,8bars,200.0,4.0,2.0,120.0,0.25
982,1081.92,1.047,19.04,2114.36,44.44,72,32,40,False,1.4,True,1.25,False,8bars,250.0,4.5,2.0,120.0,0.3
959,984.66,1.046,20.13,2789.72,44.44,72,32,40,False,1.4,False,1.2,True,8bars,200.0,4.0,2.0,120.0,0.25
1011,1018.96,1.044,22.85,2061.36,44.44,72,32,40,False,1.4,False,1.2,False,12bars,250.0,3.5,2.0,100.0,0.3
655,624.64,1.041,22.44,1126.67,44.44,72,32,40,False,1.4,True,1.15,True,8bars,150.0,3.5,2.5,120.0,0.25
798,560.05,1.039,18.17,1352.06,44.44,72,32,40,False,1.4,True,1.15,False,8bars,150.0,4.5,2.0,100.0,0.25
1045,723.4,1.033,22.78,2018.85,44.44,72,32,40,False,1.4,False,1.2,True,12bars,200.0,3.5,2.0,120.0,0.25
1035,675.04,1.027,23.0,2369.54,44.44,72,32,40,False,1.4,False,1.2,True,8bars,250.0,3.5,2.0,120.0,0.3
1066,578.68,1.026,22.8,1959.8,44.44,72,32,40,False,1.4,False,1.2,True,8bars,200.0,3.5,2.0,120.0,0.25
1133,558.12,1.025,20.92,2427.21,44.44,72,32,40,False,1.4,False,1.2,False,8bars,200.0,4.0,2.0,100.0,0.25
904,252.64,1.016,19.36,1761.18,44.44,72,32,40,False,1.4,True,1.25,True,12bars,150.0,4.0,2.0,100.0,0.25
747,145.32,1.01,18.07,1712.7,44.44,72,32,40,False,1.4,True,1.15,False,8bars,150.0,4.5,2.0,120.0,0.25
875,131.02,1.007,22.17,1706.35,44.44,72,32,40,False,1.4,True,1.15,False,12bars,200.0,3.5,2.0,100.0,0.3
712,102.72,1.006,18.26,1782.0,44.44,72,32,40,False,1.4,True,1.15,False,8bars,150.0,4.5,2.0,120.0,0.3
948,76.44,1.004,20.99,1960.62,44.44,72,32,40,False,1.4,False,1.2,True,12bars,150.0,4.0,2.0,100.0,0.25
726,-20.22,0.999,19.56,1873.82,44.44,72,32,40,False,1.4,True,1.15,True,8bars,150.0,4.0,2.0,120.0,0.25
1035,-80.41,0.996,23.09,2134.48,44.44,72,32,40,False,1.4,False,1.2,True,8bars,200.0,3.5,2.0,100.0,0.3
972,-163.8,0.992,22.22,2523.56,44.44,72,32,40,False,1.4,False,1.2,True,12bars,200.0,3.5,2.0,100.0,0.3
888,-198.47,0.988,19.59,2023.89,44.44,72,32,40,False,1.4,True,1.25,True,12bars,150.0,4.0,2.0,120.0,0.25
1049,-215.19,0.988,21.45,2561.45,44.44,72,32,40,False,1.4,True,1.25,False,12bars,200.0,3.5,2.0,100.0,0.25
1038,-221.41,0.988,21.48,2433.17,44.44,72,32,40,False,1.4,True,1.25,True,12bars,200.0,3.5,2.0,100.0,0.25
845,-271.49,0.985,19.53,2041.94,44.44,72,32,40,False,1.4,True,1.25,True,12bars,150.0,4.0,2.0,120.0,0.3
995,-310.89,0.984,21.51,2708.14,44.44,72,32,40,False,1.4,True,1.25,True,12bars,200.0,3.5,2.0,100.0,0.3
718,-302.22,0.981,17.97,1990.18,44.44,72,32,40,False,1.4,True,1.15,True,8bars,150.0,4.5,2.0,120.0,0.3
892,-348.12,0.98,19.17,2061.29,44.44,72,32,40,False,1.4,True,1.25,False,12bars,150.0,4.0,2.0,100.0,0.3
992,-496.97,0.975,21.27,2849.45,44.44,72,32,40,False,1.4,True,1.25,False,12bars,200.0,3.5,2.0,100.0,0.3
882,-627.47,0.967,19.95,2331.08,44.44,72,32,40,False,1.4,False,1.2,True,8bars,150.0,4.0,2.0,100.0,0.3
875,-1174.35,0.936,20.11,2877.98,44.44,72,32,40,False,1.4,False,1.2,True,12bars,150.0,4.0,2.0,100.0,0.3
812,-1285.93,0.925,21.18,1797.41,44.44,72,32,40,False,1.4,True,1.15,False,12bars,150.0,3.5,2.0,120.0,0.3
987,-1308.53,0.921,20.47,2749.34,44.44,72,32,40,False,1.4,True,1.25,False,12bars,150.0,3.5,2.0,100.0,0.25
976,-1320.66,0.921,20.49,2659.8,44.44,72,32,40,False,1.4,True,1.25,True,12bars,150.0,3.5,2.0,100.0,0.25
937,-1439.57,0.92,20.49,2926.94,44.44,72,32,40,False,1.4,True,1.25,True,12bars,150.0,3.5,2.0,100.0,0.3
932,-1512.09,0.914,20.28,3028.23,44.44,72,32,40,False,1.4,True,1.25,False,12bars,150.0,3.5,2.0,100.0,0.3
158,4786.76,1.811,27.85,694.86,43.06,72,31,41,True,1.4,True,1.15,False,8bars,200.0,4.5,2.0,120.0,0.25
158,4807.41,1.806,27.85,702.44,43.06,72,31,41,True,1.4,True,1.15,False,8bars,200.0,4.5,2.0,120.0,0.3
214,5320.05,1.695,25.23,1094.73,43.06,72,31,41,True,1.4,True,1.25,False,8bars,200.0,4.5,2.0,120.0,0.25
159,3843.45,1.677,28.93,767.13,43.06,72,31,41,True,1.4,True,1.15,False,8bars,150.0,4.0,2.0,100.0,0.3
159,4376.85,1.674,23.9,863.18,43.06,72,31,41,True,1.35,True,1.25,True,12bars,200.0,4.5,2.0,120.0,0.3
160,4337.83,1.664,23.75,863.18,43.06,72,31,41,True,1.35,True,1.25,False,12bars,200.0,4.5,2.0,120.0,0.3
160,4298.27,1.663,23.75,853.31,43.06,72,31,41,True,1.35,True,1.25,True,12bars,200.0,4.5,2.0,120.0,0.25
196,4648.35,1.654,25.0,828.96,43.06,72,31,41,True,1.4,True,1.25,False,12bars,150.0,4.5,2.0,120.0,0.25
161,4259.25,1.653,23.6,853.31,43.06,72,31,41,True,1.35,True,1.25,False,12bars,200.0,4.5,2.0,120.0,0.25
164,4300.19,1.644,23.78,853.31,43.06,72,31,41,True,1.35,True,1.25,True,12bars,250.0,4.5,2.0,120.0,0.25
164,4291.81,1.643,23.78,863.18,43.06,72,31,41,True,1.35,True,1.25,True,8bars,200.0,4.5,2.0,120.0,0.3
164,4309.53,1.637,23.78,863.18,43.06,72,31,41,True,1.35,True,1.25,True,12bars,250.0,4.5,2.0,120.0,0.3
165,4261.17,1.634,23.64,853.31,43.06,72,31,41,True,1.35,True,1.25,False,12bars,250.0,4.5,2.0,120.0,0.25
165,4199.82,1.631,23.64,853.31,43.06,72,31,41,True,1.35,True,1.25,True,8bars,200.0,4.5,2.0,120.0,0.25
165,4270.51,1.628,23.64,863.18,43.06,72,31,41,True,1.35,True,1.25,False,12bars,250.0,4.5,2.0,120.0,0.3
169,4304.61,1.627,23.67,863.18,43.06,72,31,41,True,1.35,True,1.25,False,8bars,200.0,4.5,2.0,120.0,0.3
185,4848.58,1.617,24.32,1372.4,43.06,72,31,41,True,1.4,True,1.25,False,8bars,150.0,4.5,2.5,120.0,0.25
170,4214.83,1.616,23.53,853.31,43.06,72,31,41,True,1.35,True,1.25,False,8bars,200.0,4.5,2.0,120.0,0.25
169,4201.74,1.613,23.67,853.31,43.06,72,31,41,True,1.35,True,1.25,True,8bars,250.0,4.5,2.0,120.0,0.25
168,3876.15,1.609,27.38,774.74,43.06,72,31,41,True,1.4,True,1.15,False,8bars,250.0,4.0,2.0,120.0,0.25
207,4682.79,1.608,24.64,1021.25,43.06,72,31,41,True,1.4,True,1.25,False,12bars,200.0,4.5,2.0,120.0,0.3
169,4224.49,1.608,23.67,863.18,43.06,72,31,41,True,1.35,True,1.25,True,8bars,250.0,4.5,2.0,120.0,0.3
168,3889.65,1.605,27.38,783.55,43.06,72,31,41,True,1.4,True,1.15,False,8bars,250.0,4.0,2.0,120.0,0.3
218,4626.7,1.603,24.77,991.65,43.06,72,31,41,True,1.4,True,1.25,False,8bars,200.0,4.5,2.0,100.0,0.3
185,4833.85,1.6,24.32,1386.94,43.06,72,31,41,True,1.4,True,1.25,False,8bars,150.0,4.5,2.5,120.0,0.3
203,4093.78,1.599,26.11,902.28,43.06,72,31,41,True,1.4,True,1.25,False,12bars,150.0,4.0,2.0,100.0,0.3
174,4216.75,1.598,23.56,853.31,43.06,72,31,41,True,1.35,True,1.25,False,8bars,250.0,4.5,2.0,120.0,0.25
210,4415.05,1.595,25.71,1110.92,43.06,72,31,41,True,1.4,True,1.25,False,12bars,200.0,4.0,2.0,120.0,0.25
174,4237.3,1.594,23.56,863.18,43.06,72,31,41,True,1.35,True,1.25,False,8bars,250.0,4.5,2.0,120.0,0.3
156,3501.07,1.592,25.64,842.77,43.06,72,31,41,True,1.35,True,1.25,False,12bars,150.0,4.0,2.0,100.0,0.3
210,4435.48,1.59,25.71,1113.66,43.06,72,31,41,True,1.4,True,1.25,False,12bars,200.0,4.0,2.0,120.0,0.3
152,3368.45,1.589,28.29,828.09,43.06,72,31,41,True,1.4,True,1.15,True,8bars,150.0,4.0,2.0,120.0,0.25
157,3416.12,1.583,25.48,836.35,43.06,72,31,41,True,1.35,True,1.25,False,12bars,150.0,4.0,2.0,100.0,0.25
199,4230.86,1.58,25.13,991.0,43.06,72,31,41,True,1.4,True,1.25,True,8bars,150.0,4.5,2.0,120.0,0.25
152,3354.15,1.578,28.29,847.18,43.06,72,31,41,True,1.4,True,1.15,True,8bars,150.0,4.0,2.0,120.0,0.3
166,3483.31,1.577,27.71,767.13,43.06,72,31,41,True,1.4,True,1.15,False,8bars,200.0,4.0,2.0,100.0,0.3
182,4540.32,1.574,24.18,1342.8,43.06,72,31,41,True,1.4,True,1.25,True,8bars,150.0,4.5,2.5,120.0,0.25
221,4256.47,1.572,25.79,1068.94,43.06,72,31,41,True,1.4,True,1.25,False,8bars,200.0,4.0,2.0,100.0,0.25
160,3444.52,1.569,25.62,781.73,43.06,72,31,41,True,1.35,True,1.25,True,8bars,150.0,4.0,2.0,100.0,0.3
200,3933.33,1.562,24.5,837.03,43.06,72,31,41,True,1.4,True,1.25,False,12bars,150.0,4.5,2.0,100.0,0.3
182,4534.57,1.56,24.18,1351.42,43.06,72,31,41,True,1.4,True,1.25,True,8bars,150.0,4.5,2.5,120.0,0.3
161,3347.92,1.558,25.47,770.38,43.06,72,31,41,True,1.35,True,1.25,True,8bars,150.0,4.0,2.0,100.0,0.25
143,3376.03,1.54,28.67,1225.62,43.06,72,31,41,True,1.4,True,1.15,True,12bars,150.0,3.5,2.5,120.0,0.25
229,4627.61,1.533,24.02,1098.22,43.06,72,31,41,True,1.4,True,1.25,False,8bars,250.0,4.5,2.0,120.0,0.3
206,3710.05,1.533,26.21,962.25,43.06,72,31,41,True,1.4,True,1.25,True,8bars,150.0,4.0,2.0,100.0,0.25
143,3353.59,1.526,28.67,1237.63,43.06,72,31,41,True,1.4,True,1.15,True,12bars,150.0,3.5,2.5,120.0,0.3
214,3980.25,1.512,25.7,1113.66,43.06,72,31,41,True,1.4,True,1.25,True,8bars,200.0,4.0,2.0,120.0,0.3
215,3912.68,1.507,25.58,1110.92,43.06,72,31,41,True,1.4,True,1.25,True,8bars,200.0,4.0,2.0,120.0,0.25
196,3764.07,1.507,24.49,944.16,43.06,72,31,41,True,1.4,True,1.25,True,12bars,150.0,4.5,2.0,120.0,0.3
344,5317.5,1.503,24.42,1118.81,43.06,72,31,41,True,1.4,False,1.2,False,12bars,250.0,4.0,2.0,100.0,0.25
153,3178.83,1.501,29.41,1011.43,43.06,72,31,41,True,1.4,True,1.15,False,8bars,150.0,3.5,2.5,100.0,0.3
202,3619.24,1.5,24.75,1003.58,43.06,72,31,41,True,1.4,True,1.25,True,8bars,150.0,4.5,2.0,100.0,0.3
191,3970.21,1.499,25.65,1392.33,43.06,72,31,41,True,1.4,True,1.25,False,8bars,150.0,4.0,2.5,120.0,0.25
165,3136.26,1.497,24.85,860.71,43.06,72,31,41,True,1.35,True,1.25,False,12bars,200.0,4.0,2.0,100.0,0.25
159,3008.31,1.495,27.04,828.09,43.06,72,31,41,True,1.4,True,1.15,True,8bars,200.0,4.0,2.0,120.0,0.25
165,3151.97,1.49,24.85,872.05,43.06,72,31,41,True,1.35,True,1.25,False,12bars,200.0,4.0,2.0,100.0,0.3
159,2994.01,1.486,27.04,847.18,43.06,72,31,41,True,1.4,True,1.15,True,8bars,200.0,4.0,2.0,120.0,0.3
169,3068.06,1.476,24.85,860.71,43.06,72,31,41,True,1.35,True,1.25,True,8bars,200.0,4.0,2.0,100.0,0.25
150,3124.36,1.473,28.0,1225.62,43.06,72,31,41,True,1.4,True,1.15,True,12bars,200.0,3.5,2.5,120.0,0.25
169,3095.43,1.471,24.85,872.05,43.06,72,31,41,True,1.35,True,1.25,True,8bars,200.0,4.0,2.0,100.0,0.3
203,3289.44,1.47,25.62,922.4,43.06,72,31,41,True,1.4,True,1.25,True,12bars,150.0,4.0,2.0,100.0,0.3
332,4937.45,1.469,23.19,1163.95,43.06,72,31,41,True,1.4,False,1.2,True,12bars,250.0,4.5,2.0,100.0,0.25
333,4928.76,1.468,23.12,1163.95,43.06,72,31,41,True,1.4,False,1.2,True,8bars,250.0,4.5,2.0,100.0,0.25
210,3594.21,1.465,25.24,1113.66,43.06,72,31,41,True,1.4,True,1.25,True,12bars,200.0,4.0,2.0,120.0,0.3
150,3101.92,1.462,28.0,1237.63,43.06,72,31,41,True,1.4,True,1.15,True,12bars,200.0,3.5,2.5,120.0,0.3
211,3524.41,1.459,25.12,1110.92,43.06,72,31,41,True,1.4,True,1.25,True,12bars,200.0,4.0,2.0,120.0,0.25
188,3696.23,1.451,25.53,1364.94,43.06,72,31,41,True,1.4,True,1.25,True,8bars,150.0,4.0,2.5,120.0,0.3
161,3181.59,1.445,27.95,893.77,43.06,72,31,41,True,1.4,True,1.15,True,8bars,250.0,3.5,2.5,120.0,0.25
160,2947.0,1.442,28.75,1011.43,43.06,72,31,41,True,1.4,True,1.15,False,8bars,200.0,3.5,2.5,100.0,0.3
165,3210.85,1.439,27.88,1000.09,43.06,72,31,41,True,1.4,True,1.15,False,8bars,250.0,3.5,2.5,120.0,0.25
288,4462.59,1.435,22.92,1551.0,43.06,72,31,41,True,1.4,False,1.2,False,8bars,200.0,4.5,2.5,100.0,0.25
161,3152.63,1.434,27.95,905.78,43.06,72,31,41,True,1.4,True,1.15,True,8bars,250.0,3.5,2.5,120.0,0.3
286,4410.0,1.431,22.73,1602.54,43.06,72,31,41,True,1.4,False,1.2,False,12bars,200.0,4.5,2.5,100.0,0.25
281,4580.69,1.43,23.13,1514.72,43.06,72,31,41,True,1.4,False,1.2,False,8bars,200.0,4.5,2.5,100.0,0.3
286,4402.57,1.43,22.73,1609.97,43.06,72,31,41,True,1.4,False,1.2,True,12bars,200.0,4.5,2.5,100.0,0.25
287,4390.25,1.428,22.65,1623.34,43.06,72,31,41,True,1.4,False,1.2,True,8bars,200.0,4.5,2.5,100.0,0.25
165,3178.83,1.427,27.88,1013.81,43.06,72,31,41,True,1.4,True,1.15,False,8bars,250.0,3.5,2.5,120.0,0.3
236,3589.64,1.426,24.58,1084.06,43.06,72,31,41,True,1.4,True,1.25,False,8bars,250.0,4.0,2.0,100.0,0.3
280,4501.12,1.423,22.86,1593.04,43.06,72,31,41,True,1.4,False,1.2,False,12bars,200.0,4.5,2.5,100.0,0.3
280,4492.21,1.421,22.86,1603.2,43.06,72,31,41,True,1.4,False,1.2,True,8bars,200.0,4.5,2.5,100.0,0.3
280,4490.53,1.421,22.86,1603.63,43.06,72,31,41,True,1.4,False,1.2,True,12bars,200.0,4.5,2.5,100.0,0.3
200,3265.48,1.42,27.5,947.75,43.06,72,31,41,True,1.4,True,1.25,True,8bars,150.0,3.5,2.5,100.0,0.25
204,3268.61,1.418,27.45,947.75,43.06,72,31,41,True,1.4,True,1.25,False,8bars,150.0,3.5,2.5,100.0,0.25
200,3284.63,1.41,27.5,938.59,43.06,72,31,41,True,1.4,True,1.25,True,8bars,150.0,3.5,2.5,100.0,0.3
171,2744.06,1.409,23.98,860.71,43.06,72,31,41,True,1.35,True,1.25,False,12bars,250.0,4.0,2.0,100.0,0.25
159,2550.8,1.409,25.16,910.99,43.06,72,31,41,True,1.35,True,1.25,False,12bars,150.0,3.5,2.0,120.0,0.25
204,3286.44,1.408,27.45,966.82,43.06,72,31,41,True,1.4,True,1.25,False,8bars,150.0,3.5,2.5,100.0,0.3
171,2759.76,1.404,23.98,872.05,43.06,72,31,41,True,1.35,True,1.25,False,12bars,250.0,4.0,2.0,100.0,0.3
159,2538.48,1.402,25.16,917.41,43.06,72,31,41,True,1.35,True,1.25,False,12bars,150.0,3.5,2.0,120.0,0.3
234,3472.95,1.396,20.94,1676.83,43.06,72,31,41,True,1.45,True,1.25,False,12bars,150.0,4.5,2.5,120.0,0.25
163,2473.83,1.388,25.15,868.11,43.06,72,31,41,True,1.35,True,1.25,True,8bars,150.0,3.5,2.0,120.0,0.25
151,2224.84,1.388,27.15,1119.94,43.06,72,31,41,True,1.4,True,1.15,True,12bars,150.0,3.5,2.0,120.0,0.25
197,3180.84,1.385,26.4,1044.8,43.06,72,31,41,True,1.4,True,1.25,False,12bars,150.0,3.5,2.5,120.0,0.25
176,2637.15,1.383,23.86,860.71,43.06,72,31,41,True,1.35,True,1.25,True,8bars,250.0,4.0,2.0,100.0,0.25
163,2471.41,1.383,25.15,880.93,43.06,72,31,41,True,1.35,True,1.25,True,8bars,150.0,3.5,2.0,120.0,0.3
287,3832.92,1.381,22.65,2016.04,43.06,72,31,41,True,1.4,False,1.2,False,8bars,150.0,4.5,2.5,100.0,0.25
176,2664.51,1.38,23.86,872.05,43.06,72,31,41,True,1.35,True,1.25,True,8bars,250.0,4.0,2.0,100.0,0.3
151,2190.12,1.377,27.15,1121.9,43.06,72,31,41,True,1.4,True,1.15,True,12bars,150.0,3.5,2.0,120.0,0.3
285,3780.33,1.376,22.46,2067.59,43.06,72,31,41,True,1.4,False,1.2,False,12bars,150.0,4.5,2.5,100.0,0.25
285,3772.9,1.375,22.46,2075.02,43.06,72,31,41,True,1.4,False,1.2,True,12bars,150.0,4.5,2.5,100.0,0.25
286,3760.57,1.373,22.38,2088.38,43.06,72,31,41,True,1.4,False,1.2,True,8bars,150.0,4.5,2.5,100.0,0.25
163,2340.8,1.373,26.99,856.94,43.06,72,31,41,True,1.4,True,1.15,True,8bars,200.0,3.5,2.0,120.0,0.25
197,3147.83,1.372,26.4,1059.32,43.06,72,31,41,True,1.4,True,1.25,False,12bars,150.0,3.5,2.5,120.0,0.3
204,2729.08,1.369,25.49,1206.07,43.06,72,31,41,True,1.4,True,1.25,True,12bars,150.0,3.5,2.0,120.0,0.3
205,2678.07,1.364,25.37,1199.31,43.06,72,31,41,True,1.4,True,1.25,True,12bars,150.0,3.5,2.0,120.0,0.25
171,2393.3,1.363,26.9,982.6,43.06,72,31,41,True,1.4,True,1.15,True,8bars,250.0,3.5,2.0,120.0,0.25
163,2303.85,1.363,26.99,859.26,43.06,72,31,41,True,1.4,True,1.15,True,8bars,200.0,3.5,2.0,120.0,0.3
210,3283.56,1.361,26.67,1228.19,43.06,72,31,41,True,1.4,True,1.25,True,8bars,200.0,3.5,2.5,120.0,0.25
218,2858.8,1.361,25.69,1206.07,43.06,72,31,41,True,1.4,True,1.25,True,8bars,200.0,3.5,2.0,120.0,0.3
168,2322.17,1.36,26.79,863.66,43.06,72,31,41,True,1.4,True,1.15,False,8bars,200.0,3.5,2.0,120.0,0.25
328,3669.18,1.359,23.17,1252.12,43.06,72,31,41,True,1.4,False,1.2,False,12bars,200.0,4.0,2.0,100.0,0.25
219,2813.06,1.357,25.57,1199.31,43.06,72,31,41,True,1.4,True,1.25,True,8bars,200.0,3.5,2.0,120.0,0.25
350,4107.69,1.356,24.29,1129.2,43.06,72,31,41,True,1.4,False,1.2,True,12bars,250.0,4.0,2.0,100.0,0.3
171,2356.35,1.353,26.9,984.91,43.06,72,31,41,True,1.4,True,1.15,True,8bars,250.0,3.5,2.0,120.0,0.3
352,4066.13,1.351,24.15,1140.63,43.06,72,31,41,True,1.4,False,1.2,True,8bars,250.0,4.0,2.0,100.0,0.3
241,3790.18,1.351,25.73,1698.95,43.06,72,31,41,True,1.35,False,1.2,False,8bars,250.0,4.0,2.5,100.0,0.3
176,2374.67,1.351,26.7,989.31,43.06,72,31,41,True,1.4,True,1.15,False,8bars,250.0,3.5,2.0,120.0,0.25
278,3669.9,1.35,22.3,2260.88,43.06,72,31,41,True,1.4,False,1.2,False,8bars,150.0,4.5,2.5,100.0,0.3
210,3251.85,1.35,26.67,1246.86,43.06,72,31,41,True,1.4,True,1.25,True,8bars,200.0,3.5,2.5,120.0,0.3
168,2282.58,1.349,26.79,880.53,43.06,72,31,41,True,1.4,True,1.15,False,8bars,200.0,3.5,2.0,120.0,0.3
259,3635.4,1.348,20.46,2127.59,43.06,72,31,41,True,1.45,True,1.25,True,8bars,200.0,4.5,2.5,120.0,0.3
240,3721.04,1.344,25.42,1768.08,43.06,72,31,41,True,1.35,False,1.2,True,8bars,250.0,4.0,2.5,100.0,0.3
243,3593.69,1.343,25.51,1675.74,43.06,72,31,41,True,1.35,False,1.2,False,8bars,250.0,4.0,2.5,100.0,0.25
277,3590.32,1.342,22.02,2339.2,43.06,72,31,41,True,1.4,False,1.2,False,12bars,150.0,4.5,2.5,100.0,0.3
277,3581.41,1.341,22.02,2349.36,43.06,72,31,41,True,1.4,False,1.2,True,8bars,150.0,4.5,2.5,100.0,0.3
277,3579.73,1.341,22.02,2349.79,43.06,72,31,41,True,1.4,False,1.2,True,12bars,150.0,4.5,2.5,100.0,0.3
176,2335.08,1.34,26.7,1006.18,43.06,72,31,41,True,1.4,True,1.15,False,8bars,250.0,3.5,2.0,120.0,0.3
237,3633.21,1.337,25.32,1872.42,43.06,72,31,41,True,1.35,False,1.2,True,12bars,250.0,4.0,2.5,100.0,0.3
237,3633.21,1.337,25.32,1872.42,43.06,72,31,41,True,1.35,False,1.2,False,12bars,250.0,4.0,2.5,100.0,0.3
264,3589.96,1.337,20.45,2163.11,43.06,72,31,41,True,1.45,True,1.25,False,8bars,200.0,4.5,2.5,120.0,0.3
242,3536.08,1.337,25.21,1733.35,43.06,72,31,41,True,1.35,False,1.2,True,8bars,250.0,4.0,2.5,100.0,0.25
343,4040.95,1.335,22.45,1815.2,43.06,72,31,41,True,1.45,False,1.2,False,12bars,250.0,4.0,2.5,100.0,0.25
365,4012.3,1.335,25.48,1283.67,43.06,72,31,41,True,1.4,False,1.2,False,8bars,250.0,3.5,2.0,120.0,0.25
217,2519.03,1.335,25.35,1176.47,43.06,72,31,41,True,1.4,True,1.25,False,8bars,150.0,3.5,2.0,100.0,0.3
343,4035.09,1.334,22.45,1815.2,43.06,72,31,41,True,1.45,False,1.2,True,12bars,250.0,4.0,2.5,100.0,0.25
218,2469.52,1.333,25.23,1157.33,43.06,72,31,41,True,1.4,True,1.25,False,8bars,150.0,3.5,2.0,100.0,0.25
350,4053.11,1.33,22.57,1815.2,43.06,72,31,41,True,1.45,False,1.2,False,8bars,250.0,4.0,2.5,100.0,0.25
346,3998.76,1.33,22.25,1815.2,43.06,72,31,41,True,1.45,False,1.2,True,8bars,250.0,4.0,2.5,100.0,0.25
239,3457.9,1.33,25.1,1820.3,43.06,72,31,41,True,1.35,False,1.2,True,12bars,250.0,4.0,2.5,100.0,0.25
239,3457.9,1.33,25.1,1820.3,43.06,72,31,41,True,1.35,False,1.2,False,12bars,250.0,4.0,2.5,100.0,0.25
266,3580.51,1.324,20.68,2250.18,43.06,72,31,41,True,1.45,True,1.25,True,12bars,250.0,4.5,2.5,120.0,0.3
241,2848.57,1.324,20.33,1578.79,43.06,72,31,41,True,1.45,True,1.25,True,12bars,150.0,4.5,2.5,100.0,0.3
368,3703.51,1.319,25.27,1397.7,43.06,72,31,41,True,1.4,False,1.2,False,12bars,250.0,3.5,2.0,100.0,0.25
369,3656.72,1.314,25.2,1358.68,43.06,72,31,41,True,1.4,False,1.2,True,8bars,250.0,3.5,2.0,100.0,0.25
161,1949.98,1.311,24.84,917.41,43.06,72,31,41,True,1.35,True,1.25,True,12bars,150.0,3.5,2.0,100.0,0.3
322,3796.98,1.3,20.81,1878.62,43.06,72,31,41,True,1.45,False,1.2,False,12bars,250.0,4.5,2.5,120.0,0.25
322,3791.13,1.3,20.81,1878.62,43.06,72,31,41,True,1.45,False,1.2,True,12bars,250.0,4.5,2.5,120.0,0.25
364,3714.91,1.3,25.82,1435.32,43.06,72,31,41,True,1.4,False,1.2,False,12bars,250.0,3.5,2.0,120.0,0.3
325,3741.27,1.295,20.62,1899.22,43.06,72,31,41,True,1.45,False,1.2,False,8bars,250.0,4.5,2.5,120.0,0.25
325,3731.44,1.294,20.62,1905.07,43.06,72,31,41,True,1.45,False,1.2,True,8bars,250.0,4.5,2.5,120.0,0.25
365,3652.22,1.294,25.75,1396.3,43.06,72,31,41,True,1.4,False,1.2,True,8bars,250.0,3.5,2.0,120.0,0.3
371,3484.26,1.286,25.61,1353.03,43.06,72,31,41,True,1.4,False,1.2,True,12bars,250.0,3.5,2.0,100.0,0.3
257,2981.52,1.283,20.62,2095.29,43.06,72,31,41,True,1.45,True,1.25,True,12bars,200.0,4.5,2.5,120.0,0.3
251,2348.09,1.281,23.51,901.78,43.06,72,31,41,True,1.35,False,1.2,False,8bars,150.0,4.0,2.0,100.0,0.25
249,2311.51,1.276,23.29,947.72,43.06,72,31,41,True,1.35,False,1.2,True,8bars,150.0,4.0,2.0,100.0,0.25
171,1809.98,1.272,24.56,946.01,43.06,72,31,41,True,1.35,True,1.25,False,8bars,150.0,3.5,2.0,100.0,0.3
335,3270.32,1.269,20.3,2006.68,43.06,72,31,41,True,1.45,False,1.2,False,12bars,250.0,4.5,2.5,100.0,0.25
335,3264.47,1.269,20.3,2012.54,43.06,72,31,41,True,1.45,False,1.2,True,12bars,250.0,4.5,2.5,100.0,0.25
246,2249.43,1.269,23.17,967.11,43.06,72,31,41,True,1.35,False,1.2,True,12bars,150.0,4.0,2.0,100.0,0.25
246,2249.43,1.269,23.17,967.11,43.06,72,31,41,True,1.35,False,1.2,False,12bars,150.0,4.0,2.0,100.0,0.25
257,2464.7,1.268,22.18,1117.09,43.06,72,31,41,True,1.35,False,1.2,False,8bars,150.0,4.5,2.0,100.0,0.3
338,3214.61,1.264,20.12,2049.75,43.06,72,31,41,True,1.45,False,1.2,False,8bars,250.0,4.5,2.5,100.0,0.25
255,2414.12,1.263,21.96,1167.66,43.06,72,31,41,True,1.35,False,1.2,True,8bars,150.0,4.5,2.0,100.0,0.3
338,3204.79,1.262,20.12,2055.6,43.06,72,31,41,True,1.45,False,1.2,True,8bars,250.0,4.5,2.5,100.0,0.25
236,2319.1,1.262,24.58,1206.07,43.06,72,31,41,True,1.4,True,1.25,True,8bars,250.0,3.5,2.0,120.0,0.3
225,2607.88,1.261,25.33,1375.97,43.06,72,31,41,True,1.4,True,1.25,False,8bars,250.0,3.5,2.5,120.0,0.25
237,2273.36,1.259,24.47,1199.31,43.06,72,31,41,True,1.4,True,1.25,True,8bars,250.0,3.5,2.0,120.0,0.25
251,2419.09,1.256,22.31,1205.89,43.06,72,31,41,True,1.35,False,1.2,False,8bars,150.0,4.5,2.0,120.0,0.25
252,2333.88,1.254,21.83,1261.48,43.06,72,31,41,True,1.35,False,1.2,True,12bars,150.0,4.5,2.0,100.0,0.3
252,2333.88,1.254,21.83,1261.48,43.06,72,31,41,True,1.35,False,1.2,False,12bars,150.0,4.5,2.0,100.0,0.3
225,2563.42,1.252,25.33,1412.83,43.06,72,31,41,True,1.4,True,1.25,False,8bars,250.0,3.5,2.5,120.0,0.3
246,2366.07,1.252,21.95,1326.49,43.06,72,31,41,True,1.35,False,1.2,True,12bars,150.0,4.5,2.0,120.0,0.25
246,2366.07,1.252,21.95,1326.49,43.06,72,31,41,True,1.35,False,1.2,False,12bars,150.0,4.5,2.0,120.0,0.25
249,2376.67,1.251,22.09,1248.31,43.06,72,31,41,True,1.35,False,1.2,True,8bars,150.0,4.5,2.0,120.0,0.25
260,2423.91,1.24,23.85,943.27,43.06,72,31,41,True,1.35,False,1.2,False,8bars,200.0,4.0,2.0,120.0,0.3
258,2380.34,1.236,23.64,990.63,43.06,72,31,41,True,1.35,False,1.2,True,8bars,200.0,4.0,2.0,120.0,0.3
255,2366.86,1.236,23.53,1047.36,43.06,72,31,41,True,1.35,False,1.2,True,12bars,200.0,4.0,2.0,120.0,0.3
255,2366.86,1.236,23.53,1047.36,43.06,72,31,41,True,1.35,False,1.2,False,12bars,200.0,4.0,2.0,120.0,0.3
287,2223.69,1.236,21.6,1873.2,43.06,72,31,41,True,1.45,True,1.25,True,8bars,150.0,4.0,2.0,120.0,0.3
289,2112.24,1.23,21.45,1859.49,43.06,72,31,41,True,1.45,True,1.25,True,8bars,150.0,4.0,2.0,120.0,0.25
333,2518.97,1.226,23.12,1505.32,43.06,72,31,41,True,1.4,False,1.2,True,12bars,200.0,4.0,2.0,100.0,0.3
334,2508.55,1.225,23.05,1516.75,43.06,72,31,41,True,1.4,False,1.2,True,8bars,200.0,4.0,2.0,100.0,0.3
258,2187.66,1.213,22.09,1192.38,43.06,72,31,41,True,1.35,False,1.2,False,8bars,200.0,4.5,2.0,120.0,0.3
292,2026.37,1.21,21.23,1916.31,43.06,72,31,41,True,1.45,True,1.25,False,8bars,150.0,4.0,2.0,120.0,0.3
256,2137.08,1.208,21.88,1242.95,43.06,72,31,41,True,1.35,False,1.2,True,8bars,200.0,4.5,2.0,120.0,0.3
745,3805.71,1.207,21.74,1627.92,43.06,72,31,41,False,1.4,True,1.25,True,8bars,250.0,4.0,2.5,120.0,0.25
253,2113.08,1.207,21.74,1336.77,43.06,72,31,41,True,1.35,False,1.2,True,12bars,200.0,4.5,2.0,120.0,0.3
253,2113.08,1.207,21.74,1336.77,43.06,72,31,41,True,1.35,False,1.2,False,12bars,200.0,4.5,2.0,120.0,0.3
294,1931.02,1.205,21.09,1895.42,43.06,72,31,41,True,1.45,True,1.25,False,8bars,150.0,4.0,2.0,120.0,0.25
737,3388.95,1.181,21.57,1386.0,43.06,72,31,41,False,1.4,True,1.15,True,8bars,250.0,4.0,2.5,100.0,0.3
249,1578.37,1.174,24.5,1280.89,43.06,72,31,41,True,1.35,False,1.2,False,8bars,150.0,3.5,2.0,120.0,0.25
244,1554.57,1.173,24.18,1361.13,43.06,72,31,41,True,1.35,False,1.2,True,12bars,150.0,3.5,2.0,120.0,0.25
244,1554.57,1.173,24.18,1361.13,43.06,72,31,41,True,1.35,False,1.2,False,12bars,150.0,3.5,2.0,120.0,0.25
247,1547.63,1.171,24.29,1311.63,43.06,72,31,41,True,1.35,False,1.2,True,8bars,150.0,3.5,2.0,120.0,0.25
717,2978.31,1.165,21.2,1715.85,43.06,72,31,41,False,1.4,True,1.15,False,8bars,250.0,4.0,2.5,120.0,0.25
249,1513.14,1.162,24.5,1299.88,43.06,72,31,41,True,1.35,False,1.2,False,8bars,150.0,3.5,2.0,120.0,0.3
244,1473.62,1.159,24.18,1395.84,43.06,72,31,41,True,1.35,False,1.2,True,12bars,150.0,3.5,2.0,120.0,0.3
244,1473.62,1.159,24.18,1395.84,43.06,72,31,41,True,1.35,False,1.2,False,12bars,150.0,3.5,2.0,120.0,0.3
687,2819.58,1.158,21.98,1448.25,43.06,72,31,41,False,1.4,True,1.15,False,12bars,250.0,4.0,2.5,120.0,0.25
247,1476.58,1.158,24.29,1336.44,43.06,72,31,41,True,1.35,False,1.2,True,8bars,150.0,3.5,2.0,120.0,0.3
682,2661.45,1.148,22.14,2176.12,43.06,72,31,41,False,1.4,True,1.15,True,12bars,250.0,4.0,2.5,120.0,0.25
1010,2930.96,1.143,19.8,2719.13,43.06,72,31,41,False,1.4,False,1.2,False,8bars,250.0,4.5,2.0,100.0,0.25
769,2134.88,1.128,23.41,1140.47,43.06,72,31,41,False,1.4,True,1.15,True,8bars,200.0,3.5,2.5,100.0,0.25
667,2120.4,1.121,23.99,1215.98,43.06,72,31,41,False,1.4,True,1.15,True,8bars,200.0,3.5,2.5,120.0,0.3
870,2365.24,1.117,22.87,2493.98,43.06,72,31,41,False,1.4,True,1.25,True,8bars,250.0,3.5,2.5,100.0,0.25
440,1459.16,1.117,22.95,1207.19,43.06,72,31,41,True,1.45,False,1.2,True,8bars,200.0,3.5,2.0,100.0,0.25
466,1649.33,1.112,22.96,1043.1,43.06,72,31,41,True,1.45,False,1.2,False,12bars,250.0,3.5,2.0,120.0,0.25
447,1361.6,1.107,22.6,1219.17,43.06,72,31,41,True,1.45,False,1.2,False,8bars,200.0,3.5,2.0,100.0,0.25
466,1614.99,1.105,23.61,1091.61,43.06,72,31,41,True,1.45,False,1.2,False,12bars,250.0,3.5,2.0,120.0,0.3
470,1471.13,1.098,23.62,1313.15,43.06,72,31,41,True,1.45,False,1.2,True,12bars,250.0,3.5,2.0,100.0,0.3
468,1436.33,1.093,23.08,1137.02,43.06,72,31,41,True,1.45,False,1.2,False,8bars,250.0,3.5,2.0,120.0,0.3
699,1621.07,1.092,24.03,1250.83,43.06,72,31,41,False,1.4,True,1.15,True,12bars,200.0,3.5,2.5,100.0,0.3
816,1989.6,1.086,23.9,2209.92,43.06,72,31,41,False,1.4,False,1.2,False,8bars,250.0,3.5,2.5,100.0,0.3
804,1858.57,1.082,23.88,2157.41,43.06,72,31,41,False,1.4,False,1.2,True,8bars,250.0,3.5,2.5,100.0,0.3
471,1246.62,1.082,23.14,1358.55,43.06,72,31,41,True,1.45,False,1.2,True,8bars,250.0,3.5,2.0,100.0,0.3
1019,1867.2,1.081,21.2,2477.53,43.06,72,31,41,False,1.4,False,1.2,False,8bars,250.0,4.0,2.0,120.0,0.25
973,1798.0,1.081,19.01,2735.86,43.06,72,31,41,False,1.4,False,1.2,True,8bars,250.0,4.5,2.0,100.0,0.3
947,1728.61,1.081,19.11,2976.31,43.06,72,31,41,False,1.4,False,1.2,True,8bars,250.0,4.5,2.0,120.0,0.25
909,1420.08,1.081,19.25,2326.23,43.06,72,31,41,False,1.4,False,1.2,True,8bars,200.0,4.5,2.0,100.0,0.25
810,1756.74,1.08,23.33,2379.0,43.06,72,31,41,False,1.4,True,1.25,True,8bars,250.0,3.5,2.5,120.0,0.3
908,1775.96,1.079,19.38,3025.67,43.06,72,31,41,False,1.4,False,1.2,True,8bars,250.0,4.5,2.0,120.0,0.3
478,1106.85,1.074,22.59,1502.81,43.06,72,31,41,True,1.45,False,1.2,True,8bars,250.0,3.5,2.0,120.0,0.25
821,1178.87,1.071,18.39,1340.84,43.06,72,31,41,False,1.4,True,1.15,False,8bars,200.0,4.5,2.0,100.0,0.3
1057,1342.22,1.07,22.42,1969.22,43.06,72,31,41,False,1.4,True,1.25,True,8bars,200.0,3.5,2.0,100.0,0.25
628,942.18,1.066,21.34,1189.52,43.06,72,31,41,False,1.4,True,1.15,True,12bars,150.0,4.0,2.5,100.0,0.25
954,1341.68,1.065,22.54,1607.95,43.06,72,31,41,False,1.4,True,1.15,True,8bars,250.0,3.5,2.0,100.0,0.3
805,1292.37,1.065,22.73,2421.64,43.06,72,31,41,False,1.4,True,1.25,False,12bars,250.0,3.5,2.5,120.0,0.25
794,1264.84,1.064,22.92,2397.64,43.06,72,31,41,False,1.4,True,1.25,True,12bars,250.0,3.5,2.5,120.0,0.25
1000,1283.98,1.061,19.3,2820.73,43.06,72,31,41,False,1.4,False,1.2,False,12bars,250.0,4.5,2.0,100.0,0.25
1021,1207.42,1.061,22.43,2467.89,43.06,72,31,41,False,1.4,True,1.25,False,8bars,200.0,3.5,2.0,120.0,0.25
636,855.34,1.06,21.07,1186.12,43.06,72,31,41,False,1.4,True,1.15,False,12bars,150.0,4.0,2.5,100.0,0.25
1184,1385.62,1.059,21.45,2134.98,43.06,72,31,41,False,1.4,False,1.2,False,8bars,250.0,4.0,2.0,100.0,0.25
1018,1269.42,1.055,20.83,2497.5,43.06,72,31,41,False,1.4,False,1.2,True,8bars,250.0,4.0,2.0,120.0,0.25
1000,1177.81,1.055,19.3,2826.22,43.06,72,31,41,False,1.4,False,1.2,True,12bars,250.0,4.5,2.0,100.0,0.25
1090,1278.19,1.054,23.03,2234.22,43.06,72,31,41,False,1.4,False,1.2,True,8bars,250.0,3.5,2.0,120.0,0.25
766,900.5,1.051,18.54,1782.0,43.06,72,31,41,False,1.4,True,1.15,False,8bars,200.0,4.5,2.0,120.0,0.3
1078,1146.21,1.048,21.15,2542.06,43.06,72,31,41,False,1.4,False,1.2,False,8bars,250.0,4.0,2.0,100.0,0.3
805,727.88,1.043,18.14,1712.7,43.06,72,31,41,False,1.4,True,1.15,False,8bars,200.0,4.5,2.0,120.0,0.25
866,736.3,1.038,21.94,1670.12,43.06,72,31,41,False,1.4,True,1.15,False,8bars,200.0,3.5,2.0,120.0,0.3
976,880.66,1.037,22.85,2050.71,43.06,72,31,41,False,1.4,False,1.2,False,12bars,250.0,3.5,2.0,120.0,0.3
909,712.32,1.037,22.0,1699.86,43.06,72,31,41,False,1.4,True,1.15,False,8bars,200.0,3.5,2.0,100.0,0.3
1034,738.75,1.033,18.47,2153.16,43.06,72,31,41,False,1.4,True,1.25,False,8bars,250.0,4.5,2.0,100.0,0.3
1126,747.76,1.032,22.56,2474.67,43.06,72,31,41,False,1.4,False,1.2,True,12bars,250.0,3.5,2.0,100.0,0.25
1009,639.07,1.032,21.01,2362.52,43.06,72,31,41,False,1.4,False,1.2,False,12bars,200.0,4.0,2.0,100.0,0.25
977,643.3,1.03,19.96,2063.46,43.06,72,31,41,False,1.4,True,1.25,True,8bars,200.0,4.0,2.0,100.0,0.3
766,507.63,1.029,18.28,1797.38,43.06,72,31,41,False,1.4,True,1.15,True,8bars,200.0,4.5,2.0,120.0,0.3
867,510.35,1.023,18.57,3524.54,43.06,72,31,41,False,1.4,False,1.2,True,12bars,250.0,4.5,2.0,120.0,0.3
692,339.88,1.023,23.12,1715.94,43.06,72,31,41,False,1.4,True,1.15,False,12bars,150.0,3.5,2.5,100.0,0.25
1004,453.88,1.02,22.61,2645.97,43.06,72,31,41,False,1.4,False,1.2,True,12bars,250.0,3.5,2.0,100.0,0.3
1023,396.85,1.018,20.82,2833.72,43.06,72,31,41,False,1.4,False,1.2,False,8bars,200.0,4.0,2.0,100.0,0.3
944,385.0,1.017,18.64,3302.02,43.06,72,31,41,False,1.4,False,1.2,False,12bars,250.0,4.5,2.0,100.0,0.3
969,315.58,1.013,22.6,2635.33,43.06,72,31,41,False,1.4,False,1.2,True,12bars,250.0,3.5,2.0,120.0,0.3
1078,269.47,1.011,23.19,2400.34,43.06,72,31,41,False,1.4,False,1.2,True,8bars,250.0,3.5,2.0,100.0,0.3
1120,241.39,1.011,23.12,1966.49,43.06,72,31,41,False,1.4,False,1.2,True,8bars,200.0,3.5,2.0,100.0,0.25
810,58.3,1.003,18.15,1675.73,43.06,72,31,41,False,1.4,True,1.25,False,12bars,150.0,4.5,2.0,120.0,0.3
794,-40.18,0.998,18.14,1827.77,43.06,72,31,41,False,1.4,True,1.25,True,12bars,150.0,4.5,2.0,120.0,0.3
765,-62.49,0.996,18.04,1331.8,43.06,72,31,41,False,1.4,True,1.15,False,12bars,150.0,4.5,2.0,100.0,0.3
959,-132.66,0.994,20.33,3118.56,43.06,72,31,41,False,1.4,False,1.2,False,12bars,200.0,4.0,2.0,100.0,0.3
762,-132.24,0.991,17.72,2086.47,43.06,72,31,41,False,1.4,True,1.15,True,8bars,150.0,4.5,2.0,100.0,0.3
752,-294.4,0.981,17.82,1952.29,43.06,72,31,41,False,1.4,True,1.15,True,8bars,150.0,4.5,2.0,120.0,0.25
880,-383.56,0.978,19.2,2004.66,43.06,72,31,41,False,1.4,True,1.25,True,12bars,150.0,4.0,2.0,100.0,0.3
874,-643.57,0.966,21.97,1847.28,43.06,72,31,41,False,1.4,True,1.15,False,12bars,200.0,3.5,2.0,120.0,0.3
746,-637.85,0.961,18.1,1761.15,43.06,72,31,41,False,1.4,True,1.15,False,12bars,150.0,4.5,2.0,120.0,0.3
817,-813.32,0.949,21.18,1695.62,43.06,72,31,41,False,1.4,True,1.15,False,12bars,150.0,3.5,2.0,120.0,0.25
152,4732.18,1.834,28.29,694.86,41.67,72,30,42,True,1.4,True,1.15,False,8bars,150.0,4.5,2.0,120.0,0.25
152,4752.83,1.829,28.29,702.44,41.67,72,30,42,True,1.4,True,1.15,False,8bars,150.0,4.5,2.0,120.0,0.3
145,5213.33,1.813,27.59,871.96,41.67,72,30,42,True,1.4,True,1.15,True,8bars,200.0,4.5,2.5,120.0,0.25
145,5198.9,1.796,27.59,876.99,41.67,72,30,42,True,1.4,True,1.15,True,8bars,200.0,4.5,2.5,120.0,0.3
142,4929.88,1.782,27.46,871.96,41.67,72,30,42,True,1.4,True,1.15,True,8bars,150.0,4.5,2.5,120.0,0.25
142,4915.44,1.766,27.46,876.99,41.67,72,30,42,True,1.4,True,1.15,True,8bars,150.0,4.5,2.5,120.0,0.3
150,4312.85,1.763,27.33,1009.7,41.67,72,30,42,True,1.4,True,1.15,False,12bars,200.0,4.5,2.0,120.0,0.25
150,5106.3,1.762,26.67,871.96,41.67,72,30,42,True,1.4,True,1.15,True,8bars,250.0,4.5,2.5,120.0,0.25
150,4335.73,1.759,27.33,1014.3,41.67,72,30,42,True,1.4,True,1.15,False,12bars,200.0,4.5,2.0,120.0,0.3
150,5091.87,1.747,26.67,876.99,41.67,72,30,42,True,1.4,True,1.15,True,8bars,250.0,4.5,2.5,120.0,0.3
153,4437.85,1.734,24.18,801.39,41.67,72,30,42,True,1.35,True,1.25,True,12bars,150.0,4.5,2.0,120.0,0.25
153,4458.73,1.728,24.18,807.81,41.67,72,30,42,True,1.35,True,1.25,True,12bars,150.0,4.5,2.0,120.0,0.3
154,4398.83,1.723,24.03,801.39,41.67,72,30,42,True,1.35,True,1.25,False,12bars,150.0,4.5,2.0,120.0,0.25
163,4216.33,1.719,27.61,685.35,41.67,72,30,42,True,1.4,True,1.15,False,8bars,200.0,4.5,2.0,100.0,0.25
154,4419.71,1.717,24.03,807.81,41.67,72,30,42,True,1.35,True,1.25,False,12bars,150.0,4.5,2.0,120.0,0.3
163,4267.64,1.716,27.61,687.26,41.67,72,30,42,True,1.4,True,1.15,False,8bars,200.0,4.5,2.0,100.0,0.3
158,4339.4,1.697,24.05,762.99,41.67,72,30,42,True,1.35,True,1.25,True,8bars,150.0,4.5,2.0,120.0,0.25
148,3808.56,1.695,28.38,1085.46,41.67,72,30,42,True,1.4,True,1.15,False,12bars,150.0,4.0,2.0,120.0,0.25
158,4373.69,1.694,24.05,772.85,41.67,72,30,42,True,1.35,True,1.25,True,8bars,150.0,4.5,2.0,120.0,0.3
148,3824.29,1.691,28.38,1090.06,41.67,72,30,42,True,1.4,True,1.15,False,12bars,150.0,4.0,2.0,120.0,0.3
159,3806.48,1.682,28.93,757.14,41.67,72,30,42,True,1.4,True,1.15,False,8bars,150.0,4.0,2.0,100.0,0.25
163,4354.4,1.679,23.93,762.99,41.67,72,30,42,True,1.35,True,1.25,False,8bars,150.0,4.5,2.0,120.0,0.25
163,4386.5,1.675,23.93,772.85,41.67,72,30,42,True,1.35,True,1.25,False,8bars,150.0,4.5,2.0,120.0,0.3
166,4234.33,1.656,26.51,694.86,41.67,72,30,42,True,1.4,True,1.15,False,8bars,250.0,4.5,2.0,120.0,0.25
166,4254.97,1.653,26.51,702.44,41.67,72,30,42,True,1.4,True,1.15,False,8bars,250.0,4.5,2.0,120.0,0.3
194,5268.74,1.632,24.74,1372.4,41.67,72,30,42,True,1.4,True,1.25,False,8bars,200.0,4.5,2.5,120.0,0.25
156,3739.8,1.624,26.92,809.05,41.67,72,30,42,True,1.4,True,1.15,True,8bars,200.0,4.5,2.0,120.0,0.25
153,3556.52,1.621,27.45,1085.46,41.67,72,30,42,True,1.4,True,1.15,False,12bars,200.0,4.0,2.0,120.0,0.25
153,3572.25,1.617,27.45,1090.06,41.67,72,30,42,True,1.4,True,1.15,False,12bars,200.0,4.0,2.0,120.0,0.3
194,5254.0,1.615,24.74,1386.94,41.67,72,30,42,True,1.4,True,1.25,False,8bars,200.0,4.5,2.5,120.0,0.3
156,3732.65,1.613,26.92,824.34,41.67,72,30,42,True,1.4,True,1.15,True,8bars,200.0,4.5,2.0,120.0,0.3
207,4646.21,1.611,24.64,1022.53,41.67,72,30,42,True,1.4,True,1.25,False,12bars,200.0,4.5,2.0,120.0,0.25
218,4583.38,1.61,24.77,980.55,41.67,72,30,42,True,1.4,True,1.25,False,8bars,200.0,4.5,2.0,100.0,0.25
203,4056.01,1.607,26.11,893.53,41.67,72,30,42,True,1.4,True,1.25,False,12bars,150.0,4.0,2.0,100.0,0.25
149,4018.9,1.603,28.19,1318.7,41.67,72,30,42,True,1.4,True,1.15,True,8bars,150.0,4.0,2.5,120.0,0.3
154,4138.92,1.598,27.92,1318.7,41.67,72,30,42,True,1.4,True,1.15,True,8bars,200.0,4.0,2.5,120.0,0.3
205,5295.99,1.596,23.9,1372.4,41.67,72,30,42,True,1.4,True,1.25,False,8bars,250.0,4.5,2.5,120.0,0.25
153,4074.29,1.596,28.1,1437.1,41.67,72,30,42,True,1.4,True,1.15,False,8bars,150.0,4.0,2.5,120.0,0.3
191,4960.47,1.591,24.61,1342.8,41.67,72,30,42,True,1.4,True,1.25,True,8bars,200.0,4.5,2.5,120.0,0.25
158,4194.31,1.591,27.85,1437.1,41.67,72,30,42,True,1.4,True,1.15,False,8bars,200.0,4.0,2.5,120.0,0.3
205,5272.43,1.58,23.9,1386.94,41.67,72,30,42,True,1.4,True,1.25,False,8bars,250.0,4.5,2.5,120.0,0.3
166,3446.35,1.58,27.71,757.14,41.67,72,30,42,True,1.4,True,1.15,False,8bars,200.0,4.0,2.0,100.0,0.25
191,4954.72,1.577,24.61,1351.42,41.67,72,30,42,True,1.4,True,1.25,True,8bars,200.0,4.5,2.5,120.0,0.3
179,4371.43,1.57,24.02,1342.8,41.67,72,30,42,True,1.4,True,1.25,True,12bars,150.0,4.5,2.5,120.0,0.25
200,3880.97,1.567,24.5,828.96,41.67,72,30,42,True,1.4,True,1.25,False,12bars,150.0,4.5,2.0,100.0,0.25
181,4317.85,1.559,23.76,1342.8,41.67,72,30,42,True,1.4,True,1.25,False,12bars,150.0,4.5,2.5,120.0,0.25
202,4987.72,1.558,23.76,1342.8,41.67,72,30,42,True,1.4,True,1.25,True,8bars,250.0,4.5,2.5,120.0,0.25
179,4370.27,1.556,24.02,1351.42,41.67,72,30,42,True,1.4,True,1.25,True,12bars,150.0,4.5,2.5,120.0,0.3
162,3566.24,1.55,23.46,863.18,41.67,72,30,42,True,1.35,True,1.25,True,12bars,200.0,4.5,2.0,100.0,0.3
202,4973.15,1.545,23.76,1351.42,41.67,72,30,42,True,1.4,True,1.25,True,8bars,250.0,4.5,2.5,120.0,0.3
181,4313.62,1.544,23.76,1351.42,41.67,72,30,42,True,1.4,True,1.25,False,12bars,150.0,4.5,2.5,120.0,0.3
158,3878.16,1.54,27.22,1318.7,41.67,72,30,42,True,1.4,True,1.15,True,8bars,250.0,4.0,2.5,120.0,0.3
163,3527.22,1.54,23.31,863.18,41.67,72,30,42,True,1.35,True,1.25,False,12bars,200.0,4.5,2.0,100.0,0.3
163,3463.92,1.538,23.31,853.31,41.67,72,30,42,True,1.35,True,1.25,True,12bars,200.0,4.5,2.0,100.0,0.25
229,4598.02,1.536,24.02,1094.73,41.67,72,30,42,True,1.4,True,1.25,False,8bars,250.0,4.5,2.0,120.0,0.25
162,3933.55,1.535,27.16,1437.1,41.67,72,30,42,True,1.4,True,1.15,False,8bars,250.0,4.0,2.5,120.0,0.3
149,3227.53,1.533,29.53,1046.97,41.67,72,30,42,True,1.4,True,1.15,True,8bars,150.0,3.5,2.5,100.0,0.25
164,3424.9,1.529,23.17,853.31,41.67,72,30,42,True,1.35,True,1.25,False,12bars,200.0,4.5,2.0,100.0,0.25
211,4202.72,1.528,24.64,1021.25,41.67,72,30,42,True,1.4,True,1.25,True,8bars,200.0,4.5,2.0,120.0,0.3
145,3322.44,1.527,28.28,1279.21,41.67,72,30,42,True,1.4,True,1.15,False,12bars,150.0,3.5,2.5,120.0,0.25
149,3259.91,1.526,29.53,1048.76,41.67,72,30,42,True,1.4,True,1.15,True,8bars,150.0,3.5,2.5,100.0,0.3
167,3481.2,1.522,23.35,863.18,41.67,72,30,42,True,1.35,True,1.25,True,8bars,200.0,4.5,2.0,100.0,0.3
167,3465.84,1.522,23.35,853.31,41.67,72,30,42,True,1.35,True,1.25,True,12bars,250.0,4.5,2.0,100.0,0.25
211,3906.68,1.519,24.17,948.54,41.67,72,30,42,True,1.4,True,1.25,False,12bars,200.0,4.5,2.0,100.0,0.3
167,3498.92,1.518,23.35,863.18,41.67,72,30,42,True,1.35,True,1.25,True,12bars,250.0,4.5,2.0,100.0,0.3
149,2942.81,1.516,27.52,1044.17,41.67,72,30,42,True,1.4,True,1.15,True,12bars,150.0,4.0,2.0,120.0,0.25
168,3426.82,1.514,23.21,853.31,41.67,72,30,42,True,1.35,True,1.25,False,12bars,250.0,4.5,2.0,100.0,0.25
145,3296.94,1.513,28.28,1294.28,41.67,72,30,42,True,1.4,True,1.15,False,12bars,150.0,3.5,2.5,120.0,0.3
220,4036.95,1.509,25.0,1110.92,41.67,72,30,42,True,1.4,True,1.25,False,12bars,250.0,4.0,2.0,120.0,0.25
172,3494.0,1.509,23.26,863.18,41.67,72,30,42,True,1.35,True,1.25,False,8bars,200.0,4.5,2.0,100.0,0.3
168,3459.9,1.509,23.21,863.18,41.67,72,30,42,True,1.35,True,1.25,False,12bars,250.0,4.5,2.0,100.0,0.3
168,3365.48,1.509,23.21,853.31,41.67,72,30,42,True,1.35,True,1.25,True,8bars,200.0,4.5,2.0,100.0,0.25
153,3141.85,1.507,29.41,1014.24,41.67,72,30,42,True,1.4,True,1.15,False,8bars,150.0,3.5,2.5,100.0,0.25
149,2930.73,1.506,27.52,1046.14,41.67,72,30,42,True,1.4,True,1.15,True,12bars,150.0,4.0,2.0,120.0,0.3
157,2912.15,1.505,28.03,847.18,41.67,72,30,42,True,1.4,True,1.15,True,8bars,150.0,4.0,2.0,100.0,0.3
220,4054.33,1.504,25.0,1113.66,41.67,72,30,42,True,1.4,True,1.25,False,12bars,250.0,4.0,2.0,120.0,0.3
197,3678.12,1.5,24.37,991.0,41.67,72,30,42,True,1.4,True,1.25,True,12bars,150.0,4.5,2.0,120.0,0.25
173,3380.48,1.497,23.12,853.31,41.67,72,30,42,True,1.35,True,1.25,False,8bars,200.0,4.5,2.0,100.0,0.25
203,3523.75,1.495,24.63,1048.51,41.67,72,30,42,True,1.4,True,1.25,True,8bars,150.0,4.5,2.0,100.0,0.25
172,3367.4,1.494,23.26,853.31,41.67,72,30,42,True,1.35,True,1.25,True,8bars,250.0,4.5,2.0,100.0,0.25
214,3662.04,1.492,25.23,1040.95,41.67,72,30,42,True,1.4,True,1.25,False,12bars,200.0,4.0,2.0,100.0,0.3
172,3413.88,1.492,23.26,863.18,41.67,72,30,42,True,1.35,True,1.25,True,8bars,250.0,4.5,2.0,100.0,0.3
157,3095.54,1.485,29.3,1046.97,41.67,72,30,42,True,1.4,True,1.15,True,8bars,200.0,3.5,2.5,100.0,0.25
177,3382.4,1.483,23.16,853.31,41.67,72,30,42,True,1.35,True,1.25,False,8bars,250.0,4.5,2.0,100.0,0.25
172,3094.48,1.482,26.74,767.13,41.67,72,30,42,True,1.4,True,1.15,False,8bars,250.0,4.0,2.0,100.0,0.3
177,3426.69,1.481,23.16,863.18,41.67,72,30,42,True,1.35,True,1.25,False,8bars,250.0,4.5,2.0,100.0,0.3
221,4066.84,1.477,23.53,1021.25,41.67,72,30,42,True,1.4,True,1.25,False,12bars,250.0,4.5,2.0,120.0,0.3
207,3761.93,1.475,24.15,1021.25,41.67,72,30,42,True,1.4,True,1.25,True,12bars,200.0,4.5,2.0,120.0,0.3
208,4267.34,1.472,25.48,1400.47,41.67,72,30,42,True,1.4,True,1.25,False,8bars,200.0,4.0,2.5,120.0,0.3
146,2895.51,1.469,28.77,1185.04,41.67,72,30,42,True,1.4,True,1.15,True,12bars,150.0,3.5,2.5,100.0,0.25
204,3204.94,1.464,25.49,962.25,41.67,72,30,42,True,1.4,True,1.25,True,12bars,150.0,4.0,2.0,100.0,0.25
156,3028.08,1.464,28.85,1048.76,41.67,72,30,42,True,1.4,True,1.15,True,8bars,200.0,3.5,2.5,100.0,0.3
146,2921.74,1.464,28.77,1199.75,41.67,72,30,42,True,1.4,True,1.15,True,12bars,150.0,3.5,2.5,100.0,0.3
233,3947.42,1.462,23.61,991.65,41.67,72,30,42,True,1.4,True,1.25,False,8bars,250.0,4.5,2.0,100.0,0.3
188,3691.14,1.461,25.53,1362.73,41.67,72,30,42,True,1.4,True,1.25,True,8bars,150.0,4.0,2.5,120.0,0.25
152,3070.77,1.461,27.63,1279.21,41.67,72,30,42,True,1.4,True,1.15,False,12bars,200.0,3.5,2.5,120.0,0.25
161,3009.86,1.461,29.19,1014.24,41.67,72,30,42,True,1.4,True,1.15,False,8bars,200.0,3.5,2.5,100.0,0.25
152,2903.72,1.457,28.95,1185.04,41.67,72,30,42,True,1.4,True,1.15,True,12bars,200.0,3.5,2.5,100.0,0.25
166,2935.72,1.454,26.51,828.09,41.67,72,30,42,True,1.4,True,1.15,True,8bars,250.0,4.0,2.0,120.0,0.25
154,2690.77,1.451,26.62,1044.17,41.67,72,30,42,True,1.4,True,1.15,True,12bars,200.0,4.0,2.0,120.0,0.25
152,3045.27,1.449,27.63,1294.28,41.67,72,30,42,True,1.4,True,1.15,False,12bars,200.0,3.5,2.5,120.0,0.3
166,2921.42,1.446,26.51,847.18,41.67,72,30,42,True,1.4,True,1.15,True,8bars,250.0,4.0,2.0,120.0,0.3
154,2678.69,1.443,26.62,1046.14,41.67,72,30,42,True,1.4,True,1.15,True,12bars,200.0,4.0,2.0,120.0,0.3
151,2830.11,1.436,28.48,1199.75,41.67,72,30,42,True,1.4,True,1.15,True,12bars,200.0,3.5,2.5,100.0,0.3
236,3564.58,1.431,24.58,1068.94,41.67,72,30,42,True,1.4,True,1.25,False,8bars,250.0,4.0,2.0,100.0,0.25
200,3049.4,1.425,24.0,1003.58,41.67,72,30,42,True,1.4,True,1.25,True,12bars,150.0,4.5,2.0,100.0,0.3
226,3519.78,1.42,24.78,1113.66,41.67,72,30,42,True,1.4,True,1.25,True,8bars,250.0,4.0,2.0,120.0,0.3
286,4614.97,1.418,23.08,1477.63,41.67,72,30,42,True,1.4,False,1.2,False,8bars,250.0,4.5,2.5,100.0,0.3
218,3247.26,1.417,25.23,1040.95,41.67,72,30,42,True,1.4,True,1.25,True,8bars,200.0,4.0,2.0,100.0,0.3
164,2552.01,1.417,26.83,847.18,41.67,72,30,42,True,1.4,True,1.15,True,8bars,200.0,4.0,2.0,100.0,0.3
295,4449.02,1.416,22.71,1496.09,41.67,72,30,42,True,1.4,False,1.2,False,8bars,250.0,4.5,2.5,100.0,0.25
227,3455.26,1.416,24.67,1110.92,41.67,72,30,42,True,1.4,True,1.25,True,8bars,250.0,4.0,2.0,120.0,0.25
293,4396.43,1.412,22.53,1559.29,41.67,72,30,42,True,1.4,False,1.2,False,12bars,250.0,4.5,2.5,100.0,0.25
285,4535.39,1.411,22.81,1555.52,41.67,72,30,42,True,1.4,False,1.2,False,12bars,250.0,4.5,2.5,100.0,0.3
293,4389.0,1.411,22.53,1566.72,41.67,72,30,42,True,1.4,False,1.2,True,12bars,250.0,4.5,2.5,100.0,0.25
285,4526.48,1.41,22.81,1566.11,41.67,72,30,42,True,1.4,False,1.2,True,8bars,250.0,4.5,2.5,100.0,0.3
285,4524.8,1.409,22.81,1566.11,41.67,72,30,42,True,1.4,False,1.2,True,12bars,250.0,4.5,2.5,100.0,0.3
294,4376.68,1.409,22.45,1568.43,41.67,72,30,42,True,1.4,False,1.2,True,8bars,250.0,4.5,2.5,100.0,0.25
345,4423.33,1.408,24.06,1118.81,41.67,72,30,42,True,1.4,False,1.2,True,12bars,250.0,4.0,2.0,100.0,0.25
156,2856.43,1.408,27.56,1225.62,41.67,72,30,42,True,1.4,True,1.15,True,12bars,250.0,3.5,2.5,120.0,0.25
347,4383.51,1.403,23.92,1128.33,41.67,72,30,42,True,1.4,False,1.2,True,8bars,250.0,4.0,2.0,100.0,0.25
156,2830.21,1.398,27.56,1237.63,41.67,72,30,42,True,1.4,True,1.15,True,12bars,250.0,3.5,2.5,120.0,0.3
167,2795.1,1.395,28.74,1011.43,41.67,72,30,42,True,1.4,True,1.15,False,8bars,250.0,3.5,2.5,100.0,0.3
220,3213.06,1.39,24.55,1113.66,41.67,72,30,42,True,1.4,True,1.25,True,12bars,250.0,4.0,2.0,120.0,0.3
221,3146.31,1.384,24.43,1110.92,41.67,72,30,42,True,1.4,True,1.25,True,12bars,250.0,4.0,2.0,120.0,0.25
269,4158.36,1.378,20.45,2127.59,41.67,72,30,42,True,1.45,True,1.25,True,8bars,250.0,4.5,2.5,120.0,0.3
153,2183.55,1.378,26.8,1161.23,41.67,72,30,42,True,1.4,True,1.15,False,12bars,150.0,3.5,2.0,120.0,0.25
186,3069.48,1.377,24.73,1364.94,41.67,72,30,42,True,1.4,True,1.25,True,12bars,150.0,4.0,2.5,120.0,0.3
214,2857.7,1.375,24.77,1040.95,41.67,72,30,42,True,1.4,True,1.25,True,12bars,200.0,4.0,2.0,100.0,0.3
274,4112.92,1.367,20.44,2163.11,41.67,72,30,42,True,1.45,True,1.25,False,8bars,250.0,4.5,2.5,120.0,0.3
163,2312.6,1.367,26.99,1119.94,41.67,72,30,42,True,1.4,True,1.15,True,12bars,250.0,3.5,2.0,120.0,0.25
153,2146.19,1.366,26.8,1165.83,41.67,72,30,42,True,1.4,True,1.15,False,12bars,150.0,3.5,2.0,120.0,0.3
165,2379.43,1.363,24.85,910.99,41.67,72,30,42,True,1.35,True,1.25,True,12bars,200.0,3.5,2.0,120.0,0.25
161,2092.85,1.363,27.33,741.68,41.67,72,30,42,True,1.4,True,1.15,True,8bars,150.0,3.5,2.0,100.0,0.25
206,2685.16,1.361,25.24,1206.07,41.67,72,30,42,True,1.4,True,1.25,False,12bars,150.0,3.5,2.0,120.0,0.3
163,2277.87,1.357,26.99,1121.9,41.67,72,30,42,True,1.4,True,1.15,True,12bars,250.0,3.5,2.0,120.0,0.3
207,2636.78,1.356,25.12,1199.31,41.67,72,30,42,True,1.4,True,1.25,False,12bars,150.0,3.5,2.0,120.0,0.25
165,2367.11,1.356,24.85,917.41,41.67,72,30,42,True,1.35,True,1.25,True,12bars,200.0,3.5,2.0,120.0,0.3
161,2069.52,1.351,27.33,752.89,41.67,72,30,42,True,1.4,True,1.15,True,8bars,150.0,3.5,2.0,100.0,0.3
166,2034.64,1.34,27.11,837.02,41.67,72,30,42,True,1.4,True,1.15,False,8bars,150.0,3.5,2.0,100.0,0.25
198,2693.83,1.338,26.77,947.75,41.67,72,30,42,True,1.4,True,1.25,True,12bars,150.0,3.5,2.5,100.0,0.25
158,2078.0,1.338,26.58,1119.94,41.67,72,30,42,True,1.4,True,1.15,True,12bars,200.0,3.5,2.0,120.0,0.25
198,2716.56,1.331,26.77,938.59,41.67,72,30,42,True,1.4,True,1.25,True,12bars,150.0,3.5,2.5,100.0,0.3
166,2011.32,1.329,27.11,848.24,41.67,72,30,42,True,1.4,True,1.15,False,8bars,150.0,3.5,2.0,100.0,0.3
158,2043.28,1.328,26.58,1121.9,41.67,72,30,42,True,1.4,True,1.15,True,12bars,200.0,3.5,2.0,120.0,0.3
206,2885.47,1.325,26.21,1295.88,41.67,72,30,42,True,1.4,True,1.25,True,12bars,200.0,3.5,2.5,120.0,0.25
212,2418.93,1.325,25.47,1133.36,41.67,72,30,42,True,1.4,True,1.25,True,8bars,150.0,3.5,2.0,100.0,0.3
175,2231.73,1.322,24.57,976.2,41.67,72,30,42,True,1.35,True,1.25,False,8bars,200.0,3.5,2.0,120.0,0.25
214,2527.5,1.321,25.23,1206.07,41.67,72,30,42,True,1.4,True,1.25,True,12bars,200.0,3.5,2.0,120.0,0.3
213,2362.23,1.321,25.35,1121.4,41.67,72,30,42,True,1.4,True,1.25,True,8bars,150.0,3.5,2.0,100.0,0.25
373,3725.25,1.318,25.2,1237.31,41.67,72,30,42,True,1.4,False,1.2,False,8bars,250.0,3.5,2.0,100.0,0.25
268,3523.87,1.318,20.52,2258.83,41.67,72,30,42,True,1.45,True,1.25,False,12bars,250.0,4.5,2.5,120.0,0.3
215,2479.54,1.317,25.12,1199.31,41.67,72,30,42,True,1.4,True,1.25,True,12bars,200.0,3.5,2.0,120.0,0.25
175,2227.11,1.317,24.57,1000.12,41.67,72,30,42,True,1.35,True,1.25,False,8bars,200.0,3.5,2.0,120.0,0.3
161,1951.64,1.317,24.84,910.99,41.67,72,30,42,True,1.35,True,1.25,True,12bars,150.0,3.5,2.0,100.0,0.25
206,2855.53,1.315,26.21,1326.02,41.67,72,30,42,True,1.4,True,1.25,True,12bars,200.0,3.5,2.5,120.0,0.3
243,2791.92,1.315,20.16,1578.79,41.67,72,30,42,True,1.45,True,1.25,False,12bars,150.0,4.5,2.5,100.0,0.3
273,3269.18,1.304,24.18,1333.73,41.67,72,30,42,True,1.35,False,1.2,True,12bars,250.0,4.0,2.0,120.0,0.3
273,3269.18,1.304,24.18,1333.73,41.67,72,30,42,True,1.35,False,1.2,False,12bars,250.0,4.0,2.0,120.0,0.3
162,1910.96,1.303,24.69,917.41,41.67,72,30,42,True,1.35,True,1.25,False,12bars,150.0,3.5,2.0,100.0,0.3
279,3287.52,1.302,24.37,1230.04,41.67,72,30,42,True,1.35,False,1.2,False,8bars,250.0,4.0,2.0,120.0,0.3
369,3734.91,1.298,25.75,1274.94,41.67,72,30,42,True,1.4,False,1.2,False,8bars,250.0,3.5,2.0,120.0,0.3
277,3243.95,1.298,24.19,1273.61,41.67,72,30,42,True,1.35,False,1.2,True,8bars,250.0,4.0,2.0,120.0,0.3
248,2646.93,1.298,19.76,1601.79,41.67,72,30,42,True,1.45,True,1.25,True,8bars,150.0,4.5,2.5,100.0,0.3
253,2635.09,1.291,19.76,1637.31,41.67,72,30,42,True,1.45,True,1.25,False,8bars,150.0,4.5,2.5,100.0,0.3
166,1843.89,1.286,24.7,880.93,41.67,72,30,42,True,1.35,True,1.25,True,8bars,150.0,3.5,2.0,100.0,0.3
373,3432.69,1.281,25.47,1392.05,41.67,72,30,42,True,1.4,False,1.2,False,12bars,250.0,3.5,2.0,100.0,0.3
287,2649.62,1.277,20.21,1820.45,41.67,72,30,42,True,1.45,True,1.25,True,8bars,150.0,4.5,2.0,120.0,0.3
171,1803.95,1.277,24.56,922.66,41.67,72,30,42,True,1.35,True,1.25,False,8bars,150.0,3.5,2.0,100.0,0.25
374,3386.26,1.276,25.4,1353.03,41.67,72,30,42,True,1.4,False,1.2,True,8bars,250.0,3.5,2.0,100.0,0.3
259,2924.87,1.276,20.46,2151.94,41.67,72,30,42,True,1.45,True,1.25,False,12bars,200.0,4.5,2.5,120.0,0.3
172,1932.19,1.276,23.84,910.99,41.67,72,30,42,True,1.35,True,1.25,True,12bars,250.0,3.5,2.0,120.0,0.25
257,2419.35,1.273,22.18,1125.22,41.67,72,30,42,True,1.35,False,1.2,False,8bars,150.0,4.5,2.0,100.0,0.25
172,1919.87,1.271,23.84,917.41,41.67,72,30,42,True,1.35,True,1.25,True,12bars,250.0,3.5,2.0,120.0,0.3
255,2376.92,1.269,21.96,1167.65,41.67,72,30,42,True,1.35,False,1.2,True,8bars,150.0,4.5,2.0,100.0,0.25
329,2775.01,1.265,22.8,1252.12,41.67,72,30,42,True,1.4,False,1.2,True,12bars,200.0,4.0,2.0,100.0,0.25
330,2766.32,1.264,22.73,1261.64,41.67,72,30,42,True,1.4,False,1.2,True,8bars,200.0,4.0,2.0,100.0,0.25
227,2251.97,1.264,24.67,1270.1,41.67,72,30,42,True,1.4,True,1.25,True,12bars,250.0,3.5,2.0,120.0,0.3
266,2504.3,1.262,23.68,1099.53,41.67,72,30,42,True,1.35,False,1.2,False,8bars,200.0,4.0,2.0,100.0,0.3
252,2306.08,1.261,21.83,1245.82,41.67,72,30,42,True,1.35,False,1.2,True,12bars,150.0,4.5,2.0,100.0,0.25
252,2306.08,1.261,21.83,1245.82,41.67,72,30,42,True,1.35,False,1.2,False,12bars,150.0,4.5,2.0,100.0,0.25
228,2204.01,1.26,24.56,1254.58,41.67,72,30,42,True,1.4,True,1.25,True,12bars,250.0,3.5,2.0,120.0,0.25
264,2460.73,1.258,23.48,1099.53,41.67,72,30,42,True,1.35,False,1.2,True,8bars,200.0,4.0,2.0,100.0,0.3
230,2082.98,1.253,24.78,1176.47,41.67,72,30,42,True,1.4,True,1.25,False,8bars,200.0,3.5,2.0,100.0,0.3
221,2489.82,1.252,25.34,1340.78,41.67,72,30,42,True,1.4,True,1.25,True,8bars,250.0,3.5,2.5,120.0,0.25
292,2456.16,1.251,19.86,1863.56,41.67,72,30,42,True,1.45,True,1.25,False,8bars,150.0,4.5,2.0,120.0,0.3
261,2391.02,1.251,23.37,1135.16,41.67,72,30,42,True,1.35,False,1.2,True,12bars,200.0,4.0,2.0,100.0,0.3
261,2391.02,1.251,23.37,1135.16,41.67,72,30,42,True,1.35,False,1.2,False,12bars,200.0,4.0,2.0,100.0,0.3
231,2036.52,1.251,24.68,1157.33,41.67,72,30,42,True,1.4,True,1.25,False,8bars,200.0,3.5,2.0,100.0,0.25
260,2441.65,1.249,23.85,992.35,41.67,72,30,42,True,1.35,False,1.2,False,8bars,200.0,4.0,2.0,120.0,0.25
255,2403.24,1.247,23.53,1079.04,41.67,72,30,42,True,1.35,False,1.2,True,12bars,200.0,4.0,2.0,120.0,0.25
255,2403.24,1.247,23.53,1079.04,41.67,72,30,42,True,1.35,False,1.2,False,12bars,200.0,4.0,2.0,120.0,0.25
210,2193.28,1.247,22.38,1901.71,41.67,72,30,42,True,1.45,True,1.15,False,8bars,150.0,4.0,2.5,120.0,0.3
258,2405.07,1.245,23.64,1028.94,41.67,72,30,42,True,1.35,False,1.2,True,8bars,200.0,4.0,2.0,120.0,0.25
270,2662.86,1.244,22.59,1061.5,41.67,72,30,42,True,1.35,False,1.2,False,8bars,250.0,4.5,2.0,120.0,0.3
221,2454.33,1.243,25.34,1368.66,41.67,72,30,42,True,1.4,True,1.25,True,8bars,250.0,3.5,2.5,120.0,0.3
268,2612.29,1.24,22.39,1112.07,41.67,72,30,42,True,1.35,False,1.2,True,8bars,250.0,4.5,2.0,120.0,0.3
265,2588.28,1.239,22.26,1205.89,41.67,72,30,42,True,1.35,False,1.2,True,12bars,250.0,4.5,2.0,120.0,0.3
265,2588.28,1.239,22.26,1205.89,41.67,72,30,42,True,1.35,False,1.2,False,12bars,250.0,4.5,2.0,120.0,0.3
183,1745.78,1.236,23.5,1051.33,41.67,72,30,42,True,1.35,True,1.25,False,8bars,250.0,3.5,2.0,120.0,0.25
183,1741.17,1.232,23.5,1071.75,41.67,72,30,42,True,1.35,True,1.25,False,8bars,250.0,3.5,2.0,120.0,0.3
284,2209.3,1.228,20.07,2017.04,41.67,72,30,42,True,1.45,True,1.25,True,12bars,150.0,4.5,2.0,120.0,0.3
306,2340.75,1.226,21.57,1873.2,41.67,72,30,42,True,1.45,True,1.25,True,8bars,200.0,4.0,2.0,120.0,0.3
318,2403.88,1.224,21.7,1873.2,41.67,72,30,42,True,1.45,True,1.25,True,8bars,250.0,4.0,2.0,120.0,0.3
264,2190.9,1.224,21.97,1117.09,41.67,72,30,42,True,1.35,False,1.2,False,8bars,200.0,4.5,2.0,100.0,0.3
328,2440.17,1.219,21.65,1916.31,41.67,72,30,42,True,1.45,True,1.25,False,8bars,250.0,4.0,2.0,120.0,0.3
308,2229.3,1.219,21.43,1859.49,41.67,72,30,42,True,1.45,True,1.25,True,8bars,200.0,4.0,2.0,120.0,0.25
258,2185.52,1.219,22.09,1205.89,41.67,72,30,42,True,1.35,False,1.2,False,8bars,200.0,4.5,2.0,120.0,0.25
262,2140.32,1.219,21.76,1167.66,41.67,72,30,42,True,1.35,False,1.2,True,8bars,200.0,4.5,2.0,100.0,0.3
320,2292.43,1.217,21.56,1859.49,41.67,72,30,42,True,1.45,True,1.25,True,8bars,250.0,4.0,2.0,120.0,0.25
330,2344.81,1.215,21.52,1895.42,41.67,72,30,42,True,1.45,True,1.25,False,8bars,250.0,4.0,2.0,120.0,0.25
256,2143.1,1.215,21.88,1248.31,41.67,72,30,42,True,1.35,False,1.2,True,8bars,200.0,4.5,2.0,120.0,0.25
253,2132.5,1.215,21.74,1326.49,41.67,72,30,42,True,1.35,False,1.2,True,12bars,200.0,4.5,2.0,120.0,0.25
253,2132.5,1.215,21.74,1326.49,41.67,72,30,42,True,1.35,False,1.2,False,12bars,200.0,4.5,2.0,120.0,0.25
259,2060.08,1.211,21.62,1261.48,41.67,72,30,42,True,1.35,False,1.2,True,12bars,200.0,4.5,2.0,100.0,0.3
259,2060.08,1.211,21.62,1261.48,41.67,72,30,42,True,1.35,False,1.2,False,12bars,200.0,4.5,2.0,100.0,0.3
296,2117.48,1.208,19.93,2191.16,41.67,72,30,42,True,1.45,True,1.25,True,12bars,200.0,4.5,2.0,120.0,0.3
309,2260.09,1.206,19.74,2504.19,41.67,72,30,42,True,1.45,True,1.25,True,12bars,250.0,4.5,2.0,120.0,0.3
311,2143.43,1.202,21.22,1916.31,41.67,72,30,42,True,1.45,True,1.25,False,8bars,200.0,4.0,2.0,120.0,0.3
313,2048.08,1.197,21.09,1895.42,41.67,72,30,42,True,1.45,True,1.25,False,8bars,200.0,4.0,2.0,120.0,0.25
269,1888.22,1.19,25.28,1238.84,41.67,72,30,42,True,1.35,False,1.2,False,8bars,200.0,3.5,2.0,120.0,0.25
264,1864.42,1.189,25.0,1319.08,41.67,72,30,42,True,1.35,False,1.2,True,12bars,200.0,3.5,2.0,120.0,0.25
264,1864.42,1.189,25.0,1319.08,41.67,72,30,42,True,1.35,False,1.2,False,12bars,200.0,3.5,2.0,120.0,0.25
451,2555.53,1.187,21.51,1850.46,41.67,72,30,42,True,1.45,False,1.2,True,8bars,250.0,4.0,2.0,100.0,0.25
267,1857.48,1.187,25.09,1269.58,41.67,72,30,42,True,1.35,False,1.2,True,8bars,200.0,3.5,2.0,120.0,0.25
246,1671.68,1.186,23.98,1178.77,41.67,72,30,42,True,1.4,True,1.25,False,8bars,250.0,3.5,2.0,100.0,0.3
247,1625.22,1.182,23.89,1157.33,41.67,72,30,42,True,1.4,True,1.25,False,8bars,250.0,3.5,2.0,100.0,0.25
256,1554.05,1.18,24.22,1404.43,41.67,72,30,42,True,1.35,False,1.2,False,8bars,150.0,3.5,2.0,100.0,0.25
458,2472.37,1.178,21.18,1862.43,41.67,72,30,42,True,1.45,False,1.2,False,8bars,250.0,4.0,2.0,100.0,0.25
269,1819.78,1.178,25.28,1273.12,41.67,72,30,42,True,1.35,False,1.2,False,8bars,200.0,3.5,2.0,120.0,0.3
254,1523.31,1.177,24.02,1435.17,41.67,72,30,42,True,1.35,False,1.2,True,8bars,150.0,3.5,2.0,100.0,0.25
789,3175.11,1.176,21.17,1319.91,41.67,72,30,42,False,1.4,True,1.15,True,8bars,250.0,4.0,2.5,100.0,0.25
264,1780.26,1.176,25.0,1369.08,41.67,72,30,42,True,1.35,False,1.2,True,12bars,200.0,3.5,2.0,120.0,0.3
264,1780.26,1.176,25.0,1369.08,41.67,72,30,42,True,1.35,False,1.2,False,12bars,200.0,3.5,2.0,120.0,0.3
267,1783.21,1.175,25.09,1309.68,41.67,72,30,42,True,1.35,False,1.2,True,8bars,200.0,3.5,2.0,120.0,0.3
255,1559.24,1.175,24.31,1432.42,41.67,72,30,42,True,1.35,False,1.2,False,8bars,150.0,3.5,2.0,100.0,0.3
253,1522.68,1.171,24.11,1468.99,41.67,72,30,42,True,1.35,False,1.2,True,8bars,150.0,3.5,2.0,100.0,0.3
251,1470.0,1.171,23.9,1484.67,41.67,72,30,42,True,1.35,False,1.2,True,12bars,150.0,3.5,2.0,100.0,0.25
251,1470.0,1.171,23.9,1484.67,41.67,72,30,42,True,1.35,False,1.2,False,12bars,150.0,3.5,2.0,100.0,0.25
266,1652.6,1.166,22.93,2010.8,41.67,72,30,42,True,1.45,True,1.25,True,8bars,150.0,3.5,2.5,120.0,0.25
250,1463.5,1.165,24.0,1528.39,41.67,72,30,42,True,1.35,False,1.2,True,12bars,150.0,3.5,2.0,100.0,0.3
250,1463.5,1.165,24.0,1528.39,41.67,72,30,42,True,1.35,False,1.2,False,12bars,150.0,3.5,2.0,100.0,0.3
266,1655.43,1.161,22.93,2096.38,41.67,72,30,42,True,1.45,True,1.25,True,8bars,150.0,3.5,2.5,120.0,0.3
271,1576.65,1.155,22.88,2039.06,41.67,72,30,42,True,1.45,True,1.25,False,8bars,150.0,3.5,2.5,120.0,0.25
676,2847.66,1.153,21.6,1827.33,41.67,72,30,42,False,1.4,True,1.15,True,8bars,250.0,4.0,2.5,120.0,0.3
700,2682.33,1.149,22.14,1483.29,41.67,72,30,42,False,1.4,True,1.15,True,12bars,250.0,4.0,2.5,100.0,0.3
271,1571.49,1.149,22.88,2127.16,41.67,72,30,42,True,1.45,True,1.25,False,8bars,150.0,3.5,2.5,120.0,0.3
449,2068.79,1.144,21.6,2114.17,41.67,72,30,42,True,1.45,False,1.2,True,8bars,250.0,4.0,2.0,100.0,0.3
455,2008.58,1.138,21.32,2128.54,41.67,72,30,42,True,1.45,False,1.2,False,8bars,250.0,4.0,2.0,100.0,0.3
662,1981.33,1.13,21.75,1570.73,41.67,72,30,42,False,1.4,True,1.15,True,12bars,200.0,4.0,2.5,100.0,0.25
672,1791.65,1.116,21.43,1567.32,41.67,72,30,42,False,1.4,True,1.15,False,12bars,200.0,4.0,2.5,100.0,0.25
696,1851.18,1.111,23.42,1212.88,41.67,72,30,42,False,1.4,True,1.15,True,8bars,200.0,3.5,2.5,120.0,0.25
469,1514.96,1.106,23.03,1096.62,41.67,72,30,42,True,1.45,False,1.2,True,12bars,250.0,3.5,2.0,100.0,0.25
908,2286.54,1.105,22.58,3144.16,41.67,72,30,42,False,1.4,True,1.25,False,8bars,250.0,3.5,2.5,100.0,0.25
871,2082.3,1.094,22.96,3008.66,41.67,72,30,42,False,1.4,True,1.25,False,8bars,250.0,3.5,2.5,120.0,0.25
472,1419.56,1.094,23.52,1313.15,41.67,72,30,42,True,1.45,False,1.2,False,12bars,250.0,3.5,2.0,100.0,0.3
474,1296.55,1.086,23.0,1358.55,41.67,72,30,42,True,1.45,False,1.2,False,8bars,250.0,3.5,2.0,100.0,0.3
316,884.53,1.083,21.84,2240.37,41.67,72,30,42,True,1.45,True,1.25,True,8bars,200.0,3.5,2.0,120.0,0.3
1010,1713.47,1.079,19.11,2082.24,41.67,72,30,42,False,1.4,True,1.25,False,8bars,250.0,4.5,2.0,120.0,0.25
326,869.14,1.079,21.78,2188.76,41.67,72,30,42,True,1.45,True,1.25,False,8bars,200.0,3.5,2.0,120.0,0.3
1015,1700.94,1.075,21.18,2724.87,41.67,72,30,42,False,1.4,False,1.2,False,12bars,250.0,4.0,2.0,120.0,0.25
483,1094.9,1.073,22.36,1514.78,41.67,72,30,42,True,1.45,False,1.2,False,8bars,250.0,3.5,2.0,120.0,0.25
1167,1662.04,1.069,23.05,2437.4,41.67,72,30,42,False,1.4,True,1.25,False,8bars,250.0,3.5,2.0,100.0,0.3
856,1065.46,1.068,18.22,1383.09,41.67,72,30,42,False,1.4,True,1.15,False,8bars,200.0,4.5,2.0,100.0,0.25
783,973.98,1.06,18.39,1590.58,41.67,72,30,42,False,1.4,True,1.15,True,12bars,200.0,4.5,2.0,120.0,0.25
778,1363.07,1.059,23.91,2747.17,41.67,72,30,42,False,1.4,False,1.2,False,8bars,250.0,3.5,2.5,120.0,0.3
1074,1221.73,1.058,18.44,2074.62,41.67,72,30,42,False,1.4,True,1.25,False,8bars,250.0,4.5,2.0,100.0,0.25
922,1197.94,1.058,18.98,3202.41,41.67,72,30,42,False,1.4,False,1.2,False,12bars,250.0,4.5,2.0,120.0,0.25
767,1274.89,1.056,23.99,2667.27,41.67,72,30,42,False,1.4,False,1.2,True,8bars,250.0,3.5,2.5,120.0,0.3
797,924.62,1.056,18.19,1363.97,41.67,72,30,42,False,1.4,True,1.15,False,12bars,200.0,4.5,2.0,100.0,0.3
757,902.79,1.054,18.63,1501.45,41.67,72,30,42,False,1.4,True,1.15,True,12bars,200.0,4.5,2.0,120.0,0.3
924,1093.61,1.052,18.94,3193.37,41.67,72,30,42,False,1.4,False,1.2,True,12bars,250.0,4.5,2.0,120.0,0.25
1141,1299.04,1.051,23.14,2451.39,41.67,72,30,42,False,1.4,True,1.25,True,8bars,250.0,3.5,2.0,120.0,0.3
846,926.94,1.05,18.56,1857.35,41.67,72,30,42,False,1.4,True,1.25,True,12bars,200.0,4.5,2.0,120.0,0.3
864,931.75,1.049,18.52,1908.47,41.67,72,30,42,False,1.4,True,1.25,False,12bars,200.0,4.5,2.0,120.0,0.3
930,895.16,1.049,21.94,1820.64,41.67,72,30,42,False,1.4,True,1.15,True,8bars,200.0,3.5,2.0,100.0,0.25
908,890.27,1.049,18.06,1743.79,41.67,72,30,42,False,1.4,True,1.25,False,12bars,200.0,4.5,2.0,100.0,0.3
995,876.65,1.048,19.5,1724.59,41.67,72,30,42,False,1.4,True,1.25,True,12bars,200.0,4.0,2.0,100.0,0.25
886,868.82,1.048,18.06,1701.4,41.67,72,30,42,False,1.4,True,1.25,True,12bars,200.0,4.5,2.0,100.0,0.3
962,849.48,1.047,21.62,1582.68,41.67,72,30,42,False,1.4,True,1.15,False,8bars,200.0,3.5,2.0,100.0,0.25
1171,1096.13,1.044,22.89,2305.28,41.67,72,30,42,False,1.4,True,1.25,True,8bars,250.0,3.5,2.0,100.0,0.3
306,423.75,1.042,21.24,2261.81,41.67,72,30,42,True,1.45,True,1.25,True,8bars,150.0,3.5,2.0,120.0,0.3
1015,802.55,1.04,19.9,2033.07,41.67,72,30,42,False,1.4,True,1.25,True,8bars,200.0,4.0,2.0,100.0,0.25
731,713.99,1.039,23.12,1372.59,41.67,72,30,42,False,1.4,True,1.15,False,12bars,200.0,3.5,2.5,100.0,0.3
951,668.44,1.039,17.98,1674.4,41.67,72,30,42,False,1.4,True,1.25,False,12bars,200.0,4.5,2.0,100.0,0.25
931,641.67,1.038,17.94,1640.53,41.67,72,30,42,False,1.4,True,1.25,True,12bars,200.0,4.5,2.0,100.0,0.25
977,806.11,1.034,20.57,3378.54,41.67,72,30,42,False,1.4,False,1.2,False,12bars,250.0,4.0,2.0,120.0,0.3
1009,749.43,1.033,18.33,2010.42,41.67,72,30,42,False,1.4,True,1.25,True,8bars,250.0,4.5,2.0,100.0,0.3
1153,713.12,1.031,23.16,2240.92,41.67,72,30,42,False,1.4,False,1.2,True,8bars,250.0,3.5,2.0,100.0,0.25
335,343.37,1.03,21.49,2571.95,41.67,72,30,42,True,1.45,True,1.25,True,8bars,250.0,3.5,2.0,120.0,0.3
1089,669.06,1.028,22.59,2427.74,41.67,72,30,42,False,1.4,False,1.2,True,12bars,250.0,3.5,2.0,120.0,0.25
340,313.69,1.027,21.47,2720.92,41.67,72,30,42,True,1.45,True,1.25,False,8bars,250.0,3.5,2.0,120.0,0.3
976,609.04,1.026,18.55,2026.24,41.67,72,30,42,False,1.4,True,1.25,True,8bars,250.0,4.5,2.0,120.0,0.3
798,426.93,1.026,18.05,1851.14,41.67,72,30,42,False,1.4,True,1.15,True,8bars,200.0,4.5,2.0,120.0,0.25
993,445.72,1.022,19.94,2099.84,41.67,72,30,42,False,1.4,True,1.25,True,8bars,200.0,4.0,2.0,120.0,0.25
1035,428.58,1.022,19.42,2200.58,41.67,72,30,42,False,1.4,True,1.25,False,12bars,200.0,4.0,2.0,100.0,0.25
311,222.56,1.021,20.9,2281.19,41.67,72,30,42,True,1.45,True,1.25,False,8bars,150.0,3.5,2.0,120.0,0.3
965,408.21,1.019,20.21,2105.92,41.67,72,30,42,False,1.4,True,1.25,True,8bars,200.0,4.0,2.0,120.0,0.3
778,302.13,1.018,18.25,1902.43,41.67,72,30,42,False,1.4,True,1.15,False,12bars,200.0,4.5,2.0,120.0,0.3
1019,248.38,1.012,20.8,2363.54,41.67,72,30,42,False,1.4,False,1.2,True,12bars,200.0,4.0,2.0,100.0,0.25
1090,204.04,1.009,20.46,2365.93,41.67,72,30,42,False,1.4,False,1.2,True,8bars,200.0,4.0,2.0,100.0,0.25
984,109.42,1.005,20.12,2117.89,41.67,72,30,42,False,1.4,True,1.25,False,8bars,200.0,4.0,2.0,120.0,0.3
860,48.01,1.003,22.33,1800.38,41.67,72,30,42,False,1.4,True,1.15,True,12bars,200.0,3.5,2.0,120.0,0.25
880,-2.54,1.0,22.05,1663.71,41.67,72,30,42,False,1.4,True,1.15,False,12bars,200.0,3.5,2.0,120.0,0.25
1009,-6.57,1.0,19.72,2445.72,41.67,72,30,42,False,1.4,True,1.25,False,12bars,200.0,4.0,2.0,120.0,0.25
1022,-44.55,0.998,19.86,2113.1,41.67,72,30,42,False,1.4,True,1.25,False,8bars,200.0,4.0,2.0,120.0,0.25
970,-65.78,0.997,19.59,2140.24,41.67,72,30,42,False,1.4,True,1.25,True,12bars,200.0,4.0,2.0,120.0,0.25
798,-89.93,0.994,17.54,2045.96,41.67,72,30,42,False,1.4,True,1.15,True,8bars,150.0,4.5,2.0,100.0,0.25
867,-154.26,0.992,22.03,2353.86,41.67,72,30,42,False,1.4,True,1.15,True,8bars,200.0,3.5,2.0,120.0,0.3
928,-183.19,0.991,19.5,2184.16,41.67,72,30,42,False,1.4,True,1.25,True,12bars,200.0,4.0,2.0,120.0,0.3
935,-220.52,0.99,18.4,3304.81,41.67,72,30,42,False,1.4,False,1.2,True,12bars,250.0,4.5,2.0,100.0,0.3
964,-253.28,0.988,19.61,2491.02,41.67,72,30,42,False,1.4,True,1.25,False,12bars,200.0,4.0,2.0,120.0,0.3
797,-264.44,0.982,17.69,1367.5,41.67,72,30,42,False,1.4,True,1.15,False,12bars,150.0,4.5,2.0,100.0,0.25
771,-413.64,0.974,17.9,1728.08,41.67,72,30,42,False,1.4,True,1.15,True,12bars,150.0,4.5,2.0,120.0,0.25
902,-501.92,0.968,17.41,2121.93,41.67,72,30,42,False,1.4,True,1.25,False,12bars,150.0,4.5,2.0,100.0,0.25
853,-633.82,0.966,22.16,1923.23,41.67,72,30,42,False,1.4,True,1.15,True,12bars,200.0,3.5,2.0,120.0,0.3
943,-738.59,0.965,20.04,3119.79,41.67,72,30,42,False,1.4,False,1.2,True,12bars,200.0,4.0,2.0,100.0,0.3
745,-625.29,0.962,17.99,1779.41,41.67,72,30,42,False,1.4,True,1.15,True,12bars,150.0,4.5,2.0,120.0,0.3
884,-626.45,0.96,17.31,2276.49,41.67,72,30,42,False,1.4,True,1.25,True,12bars,150.0,4.5,2.0,100.0,0.25
856,-706.68,0.958,17.29,2115.87,41.67,72,30,42,False,1.4,True,1.25,False,12bars,150.0,4.5,2.0,100.0,0.3
837,-875.61,0.947,17.2,2288.65,41.67,72,30,42,False,1.4,True,1.25,True,12bars,150.0,4.5,2.0,100.0,0.3
815,-1140.68,0.929,21.23,1991.91,41.67,72,30,42,False,1.4,True,1.15,True,12bars,150.0,3.5,2.0,120.0,0.25
809,-1664.61,0.903,21.14,2173.19,41.67,72,30,42,False,1.4,True,1.15,True,12bars,150.0,3.5,2.0,120.0,0.3
149,5300.98,1.805,27.52,990.36,40.28,72,29,43,True,1.4,True,1.15,False,8bars,200.0,4.5,2.5,120.0,0.25
138,4879.02,1.795,27.54,871.96,40.28,72,29,43,True,1.4,True,1.15,True,12bars,150.0,4.5,2.5,120.0,0.25
149,5283.48,1.788,27.52,995.4,40.28,72,29,43,True,1.4,True,1.15,False,8bars,200.0,4.5,2.5,120.0,0.3
138,4867.33,1.779,27.54,876.99,40.28,72,29,43,True,1.4,True,1.15,True,12bars,150.0,4.5,2.5,120.0,0.3
140,4825.43,1.779,27.14,871.96,40.28,72,29,43,True,1.4,True,1.15,False,12bars,150.0,4.5,2.5,120.0,0.25
146,5017.52,1.775,27.4,990.36,40.28,72,29,43,True,1.4,True,1.15,False,8bars,150.0,4.5,2.5,120.0,0.25
140,4810.68,1.763,27.14,876.99,40.28,72,29,43,True,1.4,True,1.15,False,12bars,150.0,4.5,2.5,120.0,0.3
146,5000.03,1.758,27.4,995.4,40.28,72,29,43,True,1.4,True,1.15,False,8bars,150.0,4.5,2.5,120.0,0.3
154,5193.95,1.756,26.62,990.36,40.28,72,29,43,True,1.4,True,1.15,False,8bars,250.0,4.5,2.5,120.0,0.25
146,4153.52,1.751,27.4,1009.7,40.28,72,29,43,True,1.4,True,1.15,False,12bars,150.0,4.5,2.0,120.0,0.25
146,4176.4,1.748,27.4,1014.3,40.28,72,29,43,True,1.4,True,1.15,False,12bars,150.0,4.5,2.0,120.0,0.3
154,5176.46,1.741,26.62,995.4,40.28,72,29,43,True,1.4,True,1.15,False,8bars,250.0,4.5,2.5,120.0,0.3
157,4161.75,1.738,28.03,685.35,40.28,72,29,43,True,1.4,True,1.15,False,8bars,150.0,4.5,2.0,100.0,0.25
157,4213.06,1.735,28.03,687.26,40.28,72,29,43,True,1.4,True,1.15,False,8bars,150.0,4.5,2.0,100.0,0.3
155,3742.42,1.667,27.1,932.76,40.28,72,29,43,True,1.4,True,1.15,False,12bars,200.0,4.5,2.0,100.0,0.25
155,3795.96,1.665,27.1,942.49,40.28,72,29,43,True,1.4,True,1.15,False,12bars,200.0,4.5,2.0,100.0,0.3
150,3685.23,1.639,27.33,809.05,40.28,72,29,43,True,1.4,True,1.15,True,8bars,150.0,4.5,2.0,120.0,0.25
150,3678.07,1.628,27.33,824.34,40.28,72,29,43,True,1.4,True,1.15,True,8bars,150.0,4.5,2.0,120.0,0.3
149,4018.65,1.614,28.19,1317.86,40.28,72,29,43,True,1.4,True,1.15,True,8bars,150.0,4.0,2.5,120.0,0.25
154,4138.67,1.609,27.92,1317.86,40.28,72,29,43,True,1.4,True,1.15,True,8bars,200.0,4.0,2.5,120.0,0.25
153,4077.11,1.607,28.1,1436.27,40.28,72,29,43,True,1.4,True,1.15,False,8bars,150.0,4.0,2.5,120.0,0.25
158,3760.42,1.606,25.95,1009.7,40.28,72,29,43,True,1.4,True,1.15,False,12bars,250.0,4.5,2.0,120.0,0.25
153,3345.36,1.605,28.1,1018.26,40.28,72,29,43,True,1.4,True,1.15,False,12bars,150.0,4.0,2.0,100.0,0.3
158,3783.29,1.604,25.95,1014.3,40.28,72,29,43,True,1.4,True,1.15,False,12bars,250.0,4.5,2.0,120.0,0.3
158,4197.13,1.602,27.85,1436.27,40.28,72,29,43,True,1.4,True,1.15,False,8bars,200.0,4.0,2.5,120.0,0.25
156,3603.5,1.6,23.72,801.39,40.28,72,29,43,True,1.35,True,1.25,True,12bars,150.0,4.5,2.0,100.0,0.25
156,3648.12,1.597,23.72,807.81,40.28,72,29,43,True,1.35,True,1.25,True,12bars,150.0,4.5,2.0,100.0,0.3
157,3564.48,1.59,23.57,801.39,40.28,72,29,43,True,1.35,True,1.25,False,12bars,150.0,4.5,2.0,100.0,0.25
157,3609.1,1.587,23.57,807.81,40.28,72,29,43,True,1.35,True,1.25,False,12bars,150.0,4.5,2.0,100.0,0.3
151,3367.51,1.572,26.49,968.41,40.28,72,29,43,True,1.4,True,1.15,True,12bars,200.0,4.5,2.0,120.0,0.25
171,3715.2,1.571,26.32,687.26,40.28,72,29,43,True,1.4,True,1.15,False,8bars,250.0,4.5,2.0,100.0,0.3
171,3663.89,1.571,26.32,685.35,40.28,72,29,43,True,1.4,True,1.15,False,8bars,250.0,4.5,2.0,100.0,0.25
160,3483.93,1.57,26.88,1085.46,40.28,72,29,43,True,1.4,True,1.15,False,12bars,250.0,4.0,2.0,120.0,0.25
161,3505.06,1.567,23.6,762.99,40.28,72,29,43,True,1.35,True,1.25,True,8bars,150.0,4.5,2.0,100.0,0.25
160,3499.66,1.567,26.88,1090.06,40.28,72,29,43,True,1.4,True,1.15,False,12bars,250.0,4.0,2.0,120.0,0.3
161,3563.08,1.566,23.6,772.85,40.28,72,29,43,True,1.35,True,1.25,True,8bars,150.0,4.5,2.0,100.0,0.3
151,3362.58,1.563,26.49,970.37,40.28,72,29,43,True,1.4,True,1.15,True,12bars,200.0,4.5,2.0,120.0,0.3
149,3748.07,1.554,27.52,1318.7,40.28,72,29,43,True,1.4,True,1.15,True,12bars,200.0,4.0,2.5,120.0,0.3
166,3520.06,1.552,23.49,762.99,40.28,72,29,43,True,1.35,True,1.25,False,8bars,150.0,4.5,2.0,100.0,0.25
166,3575.89,1.551,23.49,772.85,40.28,72,29,43,True,1.35,True,1.25,False,8bars,150.0,4.5,2.0,100.0,0.3
158,3877.91,1.549,27.22,1317.86,40.28,72,29,43,True,1.4,True,1.15,True,8bars,250.0,4.0,2.5,120.0,0.25
162,3936.36,1.544,27.16,1436.27,40.28,72,29,43,True,1.4,True,1.15,False,8bars,250.0,4.0,2.5,120.0,0.25
161,3208.94,1.542,26.71,828.67,40.28,72,29,43,True,1.4,True,1.15,True,8bars,200.0,4.5,2.0,100.0,0.25
158,3093.32,1.535,27.22,1018.26,40.28,72,29,43,True,1.4,True,1.15,False,12bars,200.0,4.0,2.0,100.0,0.3
161,3229.81,1.534,26.71,825.54,40.28,72,29,43,True,1.4,True,1.15,True,8bars,200.0,4.5,2.0,100.0,0.3
146,3492.03,1.525,27.4,1318.7,40.28,72,29,43,True,1.4,True,1.15,True,12bars,150.0,4.0,2.5,120.0,0.3
211,3852.57,1.523,24.17,944.62,40.28,72,29,43,True,1.4,True,1.25,False,12bars,200.0,4.5,2.0,100.0,0.25
212,4119.0,1.521,24.53,1022.53,40.28,72,29,43,True,1.4,True,1.25,True,8bars,200.0,4.5,2.0,120.0,0.25
157,2905.62,1.515,28.03,828.09,40.28,72,29,43,True,1.4,True,1.15,True,8bars,150.0,4.0,2.0,100.0,0.25
214,3624.28,1.497,25.23,1033.01,40.28,72,29,43,True,1.4,True,1.25,False,12bars,200.0,4.0,2.0,100.0,0.25
153,3487.31,1.496,26.8,1318.7,40.28,72,29,43,True,1.4,True,1.15,True,12bars,250.0,4.0,2.5,120.0,0.3
156,3284.33,1.496,28.21,1358.33,40.28,72,29,43,True,1.4,True,1.15,False,8bars,150.0,4.0,2.5,100.0,0.3
161,3404.35,1.495,27.95,1358.33,40.28,72,29,43,True,1.4,True,1.15,False,8bars,200.0,4.0,2.5,100.0,0.3
164,3187.37,1.487,25.61,809.05,40.28,72,29,43,True,1.4,True,1.15,True,8bars,250.0,4.5,2.0,120.0,0.25
208,4279.06,1.484,25.48,1392.33,40.28,72,29,43,True,1.4,True,1.25,False,8bars,200.0,4.0,2.5,120.0,0.25
172,3057.51,1.483,26.74,757.14,40.28,72,29,43,True,1.4,True,1.15,False,8bars,250.0,4.0,2.0,100.0,0.25
221,4030.25,1.479,23.53,1022.53,40.28,72,29,43,True,1.4,True,1.25,False,12bars,250.0,4.5,2.0,120.0,0.25
164,3180.21,1.479,25.61,824.34,40.28,72,29,43,True,1.4,True,1.15,True,8bars,250.0,4.5,2.0,120.0,0.3
163,3303.63,1.473,27.61,1358.33,40.28,72,29,43,True,1.4,True,1.15,False,8bars,250.0,4.0,2.5,100.0,0.3
208,3675.98,1.468,24.04,1022.53,40.28,72,29,43,True,1.4,True,1.25,True,12bars,200.0,4.5,2.0,120.0,0.25
233,3907.16,1.466,23.61,980.55,40.28,72,29,43,True,1.4,True,1.25,False,8bars,250.0,4.5,2.0,100.0,0.25
148,2841.92,1.457,28.38,1238.62,40.28,72,29,43,True,1.4,True,1.15,False,12bars,150.0,3.5,2.5,100.0,0.25
148,2865.09,1.451,28.38,1256.4,40.28,72,29,43,True,1.4,True,1.15,False,12bars,150.0,3.5,2.5,100.0,0.3
154,2850.13,1.445,28.57,1238.62,40.28,72,29,43,True,1.4,True,1.15,False,12bars,200.0,3.5,2.5,100.0,0.25
215,3482.85,1.443,24.19,1003.58,40.28,72,29,43,True,1.4,True,1.25,True,8bars,200.0,4.5,2.0,100.0,0.3
205,3997.26,1.44,25.37,1364.94,40.28,72,29,43,True,1.4,True,1.25,True,8bars,200.0,4.0,2.5,120.0,0.3
154,2488.73,1.433,27.27,937.4,40.28,72,29,43,True,1.4,True,1.15,True,12bars,150.0,4.0,2.0,100.0,0.3
153,2773.46,1.424,28.1,1256.4,40.28,72,29,43,True,1.4,True,1.15,False,12bars,200.0,3.5,2.5,100.0,0.3
164,2545.49,1.424,26.83,828.09,40.28,72,29,43,True,1.4,True,1.15,True,8bars,200.0,4.0,2.0,100.0,0.25
201,2950.31,1.418,23.88,1048.51,40.28,72,29,43,True,1.4,True,1.25,True,12bars,150.0,4.5,2.0,100.0,0.25
163,2827.61,1.417,28.83,1046.97,40.28,72,29,43,True,1.4,True,1.15,True,8bars,250.0,3.5,2.5,100.0,0.25
163,2876.18,1.415,28.83,1048.76,40.28,72,29,43,True,1.4,True,1.15,True,8bars,250.0,3.5,2.5,100.0,0.3
224,3280.89,1.412,24.55,1040.95,40.28,72,29,43,True,1.4,True,1.25,False,12bars,250.0,4.0,2.0,100.0,0.3
219,3165.24,1.412,25.11,1033.01,40.28,72,29,43,True,1.4,True,1.25,True,8bars,200.0,4.0,2.0,100.0,0.25
161,2618.17,1.412,26.09,1044.17,40.28,72,29,43,True,1.4,True,1.15,True,12bars,250.0,4.0,2.0,120.0,0.25
225,3586.77,1.409,23.56,1021.25,40.28,72,29,43,True,1.4,True,1.25,True,8bars,250.0,4.5,2.0,120.0,0.3
216,3913.93,1.407,25.0,1691.01,40.28,72,29,43,True,1.4,True,1.25,False,8bars,250.0,4.0,2.5,120.0,0.3
161,2606.1,1.405,26.09,1046.14,40.28,72,29,43,True,1.4,True,1.15,True,12bars,250.0,4.0,2.0,120.0,0.3
205,3450.68,1.403,21.95,1489.72,40.28,72,29,43,True,1.45,True,1.15,False,8bars,200.0,4.5,2.5,120.0,0.25
225,3333.48,1.402,23.11,948.54,40.28,72,29,43,True,1.4,True,1.25,False,12bars,250.0,4.5,2.0,100.0,0.3
158,2802.84,1.398,27.22,1279.21,40.28,72,29,43,True,1.4,True,1.15,False,12bars,250.0,3.5,2.5,120.0,0.25
201,3512.76,1.396,24.88,1364.94,40.28,72,29,43,True,1.4,True,1.25,True,12bars,200.0,4.0,2.5,120.0,0.3
167,2741.93,1.396,28.74,1014.24,40.28,72,29,43,True,1.4,True,1.15,False,8bars,250.0,3.5,2.5,100.0,0.25
201,3277.64,1.393,21.89,1489.72,40.28,72,29,43,True,1.45,True,1.15,False,8bars,150.0,4.5,2.5,120.0,0.25
211,3022.75,1.393,23.7,1003.58,40.28,72,29,43,True,1.4,True,1.25,True,12bars,200.0,4.5,2.0,100.0,0.3
201,3313.94,1.39,21.89,1432.03,40.28,72,29,43,True,1.45,True,1.15,True,8bars,200.0,4.5,2.5,120.0,0.25
158,2635.79,1.39,28.48,1185.04,40.28,72,29,43,True,1.4,True,1.15,True,12bars,250.0,3.5,2.5,100.0,0.25
158,2678.21,1.389,28.48,1199.75,40.28,72,29,43,True,1.4,True,1.15,True,12bars,250.0,3.5,2.5,100.0,0.3
158,2773.57,1.387,27.22,1294.28,40.28,72,29,43,True,1.4,True,1.15,False,12bars,250.0,3.5,2.5,120.0,0.3
186,3061.22,1.386,24.73,1362.73,40.28,72,29,43,True,1.4,True,1.25,True,12bars,150.0,4.0,2.5,120.0,0.25
205,3368.85,1.383,21.95,1491.56,40.28,72,29,43,True,1.45,True,1.15,False,8bars,200.0,4.5,2.5,120.0,0.3
197,3140.9,1.38,21.83,1432.03,40.28,72,29,43,True,1.45,True,1.15,True,8bars,150.0,4.5,2.5,120.0,0.25
189,3058.55,1.38,22.22,1415.32,40.28,72,29,43,True,1.45,True,1.15,True,12bars,150.0,4.5,2.5,120.0,0.25
201,3195.81,1.373,21.89,1491.56,40.28,72,29,43,True,1.45,True,1.15,False,8bars,150.0,4.5,2.5,120.0,0.3
201,3244.7,1.372,21.89,1435.98,40.28,72,29,43,True,1.45,True,1.15,True,8bars,200.0,4.5,2.5,120.0,0.3
159,2236.69,1.372,26.42,937.4,40.28,72,29,43,True,1.4,True,1.15,True,12bars,200.0,4.0,2.0,100.0,0.3
191,3004.96,1.371,21.99,1415.32,40.28,72,29,43,True,1.45,True,1.15,False,12bars,150.0,4.5,2.5,120.0,0.25
215,2773.2,1.369,24.65,1033.01,40.28,72,29,43,True,1.4,True,1.25,True,12bars,200.0,4.0,2.0,100.0,0.25
188,3012.83,1.368,24.47,1364.94,40.28,72,29,43,True,1.4,True,1.25,False,12bars,150.0,4.0,2.5,120.0,0.3
193,2886.03,1.368,25.91,1339.92,40.28,72,29,43,True,1.4,True,1.25,True,8bars,150.0,4.0,2.5,100.0,0.3
259,3705.92,1.367,20.46,2104.69,40.28,72,29,43,True,1.45,True,1.25,True,8bars,200.0,4.5,2.5,120.0,0.25
197,2896.6,1.367,25.89,1375.44,40.28,72,29,43,True,1.4,True,1.25,False,8bars,150.0,4.0,2.5,100.0,0.3
189,3006.86,1.365,22.22,1409.77,40.28,72,29,43,True,1.45,True,1.15,True,12bars,150.0,4.5,2.5,120.0,0.3
227,3260.12,1.363,26.43,1230.98,40.28,72,29,43,True,1.4,True,1.25,False,8bars,250.0,3.5,2.5,100.0,0.25
197,3071.66,1.362,21.83,1435.98,40.28,72,29,43,True,1.45,True,1.15,True,8bars,150.0,4.5,2.5,120.0,0.3
221,3145.98,1.36,23.08,1021.25,40.28,72,29,43,True,1.4,True,1.25,True,12bars,250.0,4.5,2.0,120.0,0.3
165,2271.31,1.358,26.67,1161.23,40.28,72,29,43,True,1.4,True,1.15,False,12bars,250.0,3.5,2.0,120.0,0.25
264,3668.46,1.356,20.45,2134.29,40.28,72,29,43,True,1.45,True,1.25,False,8bars,200.0,4.5,2.5,120.0,0.25
191,2950.21,1.355,21.99,1409.77,40.28,72,29,43,True,1.45,True,1.15,False,12bars,150.0,4.5,2.5,120.0,0.3
166,2340.41,1.355,24.7,910.99,40.28,72,29,43,True,1.35,True,1.25,False,12bars,200.0,3.5,2.0,120.0,0.25
213,2996.98,1.354,27.23,1201.38,40.28,72,29,43,True,1.4,True,1.25,True,8bars,200.0,3.5,2.5,100.0,0.25
217,3000.11,1.353,27.19,1230.98,40.28,72,29,43,True,1.4,True,1.25,False,8bars,200.0,3.5,2.5,100.0,0.25
166,2328.09,1.348,24.7,917.41,40.28,72,29,43,True,1.35,True,1.25,False,12bars,200.0,3.5,2.0,120.0,0.3
165,2233.95,1.348,26.67,1165.83,40.28,72,29,43,True,1.4,True,1.15,False,12bars,250.0,3.5,2.0,120.0,0.3
241,2892.41,1.344,20.33,1550.83,40.28,72,29,43,True,1.45,True,1.25,True,12bars,150.0,4.5,2.5,100.0,0.25
211,2949.3,1.341,27.01,1221.84,40.28,72,29,43,True,1.4,True,1.25,True,8bars,200.0,3.5,2.5,100.0,0.3
215,2951.1,1.338,26.98,1257.36,40.28,72,29,43,True,1.4,True,1.25,False,8bars,200.0,3.5,2.5,100.0,0.3
170,2263.43,1.336,24.71,868.11,40.28,72,29,43,True,1.35,True,1.25,True,8bars,200.0,3.5,2.0,120.0,0.25
230,2786.79,1.333,24.35,1040.95,40.28,72,29,43,True,1.4,True,1.25,True,8bars,250.0,4.0,2.0,100.0,0.3
170,2163.18,1.332,25.88,847.18,40.28,72,29,43,True,1.4,True,1.15,True,8bars,250.0,4.0,2.0,100.0,0.3
266,3565.03,1.331,20.68,2185.47,40.28,72,29,43,True,1.45,True,1.25,True,12bars,250.0,4.5,2.5,120.0,0.25
170,2261.02,1.331,24.71,880.93,40.28,72,29,43,True,1.35,True,1.25,True,8bars,200.0,3.5,2.0,120.0,0.3
200,2640.24,1.329,26.5,947.75,40.28,72,29,43,True,1.4,True,1.25,False,12bars,150.0,3.5,2.5,100.0,0.25
160,2036.71,1.329,26.25,1161.23,40.28,72,29,43,True,1.4,True,1.15,False,12bars,200.0,3.5,2.0,120.0,0.25
156,1830.05,1.324,26.92,1003.44,40.28,72,29,43,True,1.4,True,1.15,True,12bars,150.0,3.5,2.0,100.0,0.25
200,2659.91,1.322,26.5,944.6,40.28,72,29,43,True,1.4,True,1.25,False,12bars,150.0,3.5,2.5,100.0,0.3
286,3308.3,1.318,24.13,1125.58,40.28,72,29,43,True,1.35,False,1.2,False,8bars,250.0,4.0,2.0,100.0,0.3
160,1999.35,1.318,26.25,1165.83,40.28,72,29,43,True,1.4,True,1.15,False,12bars,200.0,3.5,2.0,120.0,0.3
208,2831.89,1.317,25.96,1301.47,40.28,72,29,43,True,1.4,True,1.25,False,12bars,200.0,3.5,2.5,120.0,0.25
273,3305.55,1.315,24.18,1365.81,40.28,72,29,43,True,1.35,False,1.2,True,12bars,250.0,4.0,2.0,120.0,0.25
273,3305.55,1.315,24.18,1365.81,40.28,72,29,43,True,1.35,False,1.2,False,12bars,250.0,4.0,2.0,120.0,0.25
284,3264.73,1.314,23.94,1169.15,40.28,72,29,43,True,1.35,False,1.2,True,8bars,250.0,4.0,2.0,100.0,0.3
216,2483.57,1.314,25.0,1206.07,40.28,72,29,43,True,1.4,True,1.25,False,12bars,200.0,3.5,2.0,120.0,0.3
156,1808.95,1.313,26.92,1013.17,40.28,72,29,43,True,1.4,True,1.15,True,12bars,150.0,3.5,2.0,100.0,0.3
280,3233.72,1.312,23.93,1229.27,40.28,72,29,43,True,1.35,False,1.2,True,12bars,250.0,4.0,2.0,100.0,0.3
280,3233.72,1.312,23.93,1229.27,40.28,72,29,43,True,1.35,False,1.2,False,12bars,250.0,4.0,2.0,100.0,0.3
279,3305.26,1.311,24.37,1279.12,40.28,72,29,43,True,1.35,False,1.2,False,8bars,250.0,4.0,2.0,120.0,0.25
217,2438.25,1.31,24.88,1199.31,40.28,72,29,43,True,1.4,True,1.25,False,12bars,200.0,3.5,2.0,120.0,0.25
162,1912.62,1.309,24.69,910.99,40.28,72,29,43,True,1.35,True,1.25,False,12bars,150.0,3.5,2.0,100.0,0.25
277,3268.67,1.308,24.19,1315.71,40.28,72,29,43,True,1.35,False,1.2,True,8bars,250.0,4.0,2.0,120.0,0.25
208,2798.88,1.307,25.96,1334.66,40.28,72,29,43,True,1.4,True,1.25,False,12bars,200.0,3.5,2.5,120.0,0.3
224,2476.55,1.305,24.11,1040.95,40.28,72,29,43,True,1.4,True,1.25,True,12bars,250.0,4.0,2.0,100.0,0.3
156,2235.95,1.297,24.36,1077.31,40.28,72,29,43,True,1.35,True,1.25,True,12bars,150.0,3.5,2.5,120.0,0.3
257,3014.7,1.295,20.62,2032.01,40.28,72,29,43,True,1.45,True,1.25,True,12bars,200.0,4.5,2.5,120.0,0.25
166,1835.65,1.29,24.7,868.11,40.28,72,29,43,True,1.35,True,1.25,True,8bars,150.0,3.5,2.0,100.0,0.25
208,2099.92,1.288,25.0,1133.36,40.28,72,29,43,True,1.4,True,1.25,True,12bars,150.0,3.5,2.0,100.0,0.3
209,2041.87,1.284,24.88,1121.4,40.28,72,29,43,True,1.4,True,1.25,True,12bars,150.0,3.5,2.0,100.0,0.25
222,2217.35,1.28,25.23,1133.36,40.28,72,29,43,True,1.4,True,1.25,True,8bars,200.0,3.5,2.0,100.0,0.3
378,3452.69,1.279,25.4,1231.67,40.28,72,29,43,True,1.4,False,1.2,False,8bars,250.0,3.5,2.0,100.0,0.3
167,1715.49,1.279,26.35,741.68,40.28,72,29,43,True,1.4,True,1.15,True,8bars,200.0,3.5,2.0,100.0,0.25
223,2163.7,1.276,25.11,1121.4,40.28,72,29,43,True,1.4,True,1.25,True,8bars,200.0,3.5,2.0,100.0,0.25
175,1767.99,1.273,26.29,866.09,40.28,72,29,43,True,1.4,True,1.15,True,8bars,250.0,3.5,2.0,100.0,0.25
164,2140.97,1.27,24.39,1111.48,40.28,72,29,43,True,1.35,True,1.25,False,8bars,150.0,3.5,2.5,120.0,0.3
173,1893.17,1.269,23.7,910.99,40.28,72,29,43,True,1.35,True,1.25,False,12bars,250.0,3.5,2.0,120.0,0.25
167,1689.12,1.269,26.35,752.89,40.28,72,29,43,True,1.4,True,1.15,True,8bars,200.0,3.5,2.0,100.0,0.3
267,2446.0,1.264,23.6,1049.39,40.28,72,29,43,True,1.35,False,1.2,False,8bars,200.0,4.0,2.0,100.0,0.25
173,1880.85,1.264,23.7,917.41,40.28,72,29,43,True,1.35,True,1.25,False,12bars,250.0,3.5,2.0,120.0,0.3
175,1741.61,1.264,26.29,875.82,40.28,72,29,43,True,1.4,True,1.15,True,8bars,250.0,3.5,2.0,100.0,0.3
210,2273.17,1.263,22.38,1876.66,40.28,72,29,43,True,1.45,True,1.15,False,8bars,150.0,4.0,2.5,120.0,0.25
168,1739.59,1.262,24.4,917.41,40.28,72,29,43,True,1.35,True,1.25,True,12bars,200.0,3.5,2.0,100.0,0.3
265,2409.41,1.26,23.4,1049.39,40.28,72,29,43,True,1.35,False,1.2,True,8bars,200.0,4.0,2.0,100.0,0.25
172,1657.29,1.26,26.16,837.02,40.28,72,29,43,True,1.4,True,1.15,False,8bars,200.0,3.5,2.0,100.0,0.25
288,2298.42,1.259,21.53,1824.46,40.28,72,29,43,True,1.45,True,1.25,True,8bars,150.0,4.0,2.0,100.0,0.3
229,2208.05,1.258,24.45,1282.86,40.28,72,29,43,True,1.4,True,1.25,False,12bars,250.0,3.5,2.0,120.0,0.3
276,2666.1,1.256,22.46,991.14,40.28,72,29,43,True,1.35,False,1.2,False,8bars,250.0,4.5,2.0,100.0,0.3
180,1709.78,1.256,26.11,894.78,40.28,72,29,43,True,1.4,True,1.15,False,8bars,250.0,3.5,2.0,100.0,0.25
290,2197.58,1.255,21.38,1807.28,40.28,72,29,43,True,1.45,True,1.25,True,8bars,150.0,4.0,2.0,100.0,0.25
262,2347.34,1.254,23.28,1095.89,40.28,72,29,43,True,1.35,False,1.2,True,12bars,200.0,4.0,2.0,100.0,0.25
262,2347.34,1.254,23.28,1095.89,40.28,72,29,43,True,1.35,False,1.2,False,12bars,200.0,4.0,2.0,100.0,0.25
230,2162.72,1.254,24.35,1263.04,40.28,72,29,43,True,1.4,True,1.25,False,12bars,250.0,3.5,2.0,120.0,0.25
291,2391.49,1.253,19.93,1808.67,40.28,72,29,43,True,1.45,True,1.25,True,8bars,150.0,4.5,2.0,120.0,0.25
274,2615.52,1.252,22.26,1041.71,40.28,72,29,43,True,1.35,False,1.2,True,8bars,250.0,4.5,2.0,100.0,0.3
172,1630.92,1.251,26.16,848.24,40.28,72,29,43,True,1.4,True,1.15,False,8bars,200.0,3.5,2.0,100.0,0.3
270,2660.72,1.25,22.59,1090.98,40.28,72,29,43,True,1.35,False,1.2,False,8bars,250.0,4.5,2.0,120.0,0.25
268,2618.3,1.247,22.39,1133.4,40.28,72,29,43,True,1.35,False,1.2,True,8bars,250.0,4.5,2.0,120.0,0.25
265,2607.7,1.247,22.26,1211.58,40.28,72,29,43,True,1.35,False,1.2,True,12bars,250.0,4.5,2.0,120.0,0.25
265,2607.7,1.247,22.26,1211.58,40.28,72,29,43,True,1.35,False,1.2,False,12bars,250.0,4.5,2.0,120.0,0.25
180,1683.41,1.247,26.11,917.95,40.28,72,29,43,True,1.4,True,1.15,False,8bars,250.0,3.5,2.0,100.0,0.3
178,1777.49,1.246,23.6,898.27,40.28,72,29,43,True,1.35,True,1.25,True,8bars,250.0,3.5,2.0,120.0,0.25
287,2658.71,1.245,25.09,1400.3,40.28,72,29,43,True,1.35,False,1.2,True,12bars,250.0,3.5,2.0,120.0,0.25
271,2535.28,1.244,22.14,1130.6,40.28,72,29,43,True,1.35,False,1.2,True,12bars,250.0,4.5,2.0,100.0,0.3
271,2535.28,1.244,22.14,1130.6,40.28,72,29,43,True,1.35,False,1.2,False,12bars,250.0,4.5,2.0,100.0,0.3
178,1775.07,1.243,23.6,916.48,40.28,72,29,43,True,1.35,True,1.25,True,8bars,250.0,3.5,2.0,120.0,0.3
288,2619.69,1.24,25.0,1439.32,40.28,72,29,43,True,1.35,False,1.2,False,12bars,250.0,3.5,2.0,120.0,0.25
291,2613.05,1.238,25.09,1400.3,40.28,72,29,43,True,1.35,False,1.2,True,8bars,250.0,3.5,2.0,120.0,0.25
206,2092.24,1.238,22.33,1887.23,40.28,72,29,43,True,1.45,True,1.15,True,8bars,150.0,4.0,2.5,120.0,0.3
294,2604.78,1.236,25.17,1399.22,40.28,72,29,43,True,1.35,False,1.2,False,8bars,250.0,3.5,2.0,120.0,0.25
162,1887.13,1.236,24.07,1226.66,40.28,72,29,43,True,1.35,True,1.25,True,12bars,200.0,3.5,2.5,120.0,0.3
302,2383.04,1.233,19.87,2035.76,40.28,72,29,43,True,1.45,True,1.25,True,8bars,200.0,4.5,2.0,120.0,0.3
287,2572.89,1.231,25.09,1373.74,40.28,72,29,43,True,1.35,False,1.2,True,12bars,250.0,3.5,2.0,120.0,0.3
315,2525.64,1.23,19.68,2348.79,40.28,72,29,43,True,1.45,True,1.25,True,8bars,250.0,4.5,2.0,120.0,0.3
296,2215.42,1.229,19.59,1844.6,40.28,72,29,43,True,1.45,True,1.25,False,8bars,150.0,4.5,2.0,120.0,0.25
264,2148.81,1.228,21.97,1125.22,40.28,72,29,43,True,1.35,False,1.2,False,8bars,200.0,4.5,2.0,100.0,0.25
293,2081.75,1.228,21.16,1867.58,40.28,72,29,43,True,1.45,True,1.25,False,8bars,150.0,4.0,2.0,100.0,0.3
178,1599.59,1.228,24.16,977.01,40.28,72,29,43,True,1.35,True,1.25,False,8bars,200.0,3.5,2.0,100.0,0.3
288,2533.87,1.227,25.0,1412.76,40.28,72,29,43,True,1.35,False,1.2,False,12bars,250.0,3.5,2.0,120.0,0.3
291,2537.14,1.225,25.09,1373.74,40.28,72,29,43,True,1.35,False,1.2,True,8bars,250.0,3.5,2.0,120.0,0.3
295,1995.63,1.225,21.02,1843.21,40.28,72,29,43,True,1.45,True,1.25,False,8bars,150.0,4.0,2.0,100.0,0.25
294,2534.68,1.224,25.17,1364.65,40.28,72,29,43,True,1.35,False,1.2,False,8bars,250.0,3.5,2.0,120.0,0.3
262,2106.39,1.224,21.76,1167.65,40.28,72,29,43,True,1.35,False,1.2,True,8bars,200.0,4.5,2.0,100.0,0.25
322,2498.9,1.222,19.57,2364.78,40.28,72,29,43,True,1.45,True,1.25,False,8bars,250.0,4.5,2.0,120.0,0.3
286,2165.37,1.222,19.93,2021.95,40.28,72,29,43,True,1.45,True,1.25,False,12bars,150.0,4.5,2.0,120.0,0.3
259,2035.54,1.217,21.62,1245.82,40.28,72,29,43,True,1.35,False,1.2,True,12bars,200.0,4.5,2.0,100.0,0.25
259,2035.54,1.217,21.62,1245.82,40.28,72,29,43,True,1.35,False,1.2,False,12bars,200.0,4.5,2.0,100.0,0.25
217,2091.74,1.216,24.88,1629.68,40.28,72,29,43,True,1.4,True,1.25,True,12bars,250.0,3.5,2.5,120.0,0.25
170,1792.15,1.214,24.12,1350.94,40.28,72,29,43,True,1.35,True,1.25,False,8bars,200.0,3.5,2.5,120.0,0.3
310,2250.53,1.211,21.94,1891.15,40.28,72,29,43,True,1.45,True,1.25,True,12bars,250.0,4.0,2.0,120.0,0.3
307,2189.58,1.21,19.54,2051.75,40.28,72,29,43,True,1.45,True,1.25,False,8bars,200.0,4.5,2.0,120.0,0.3
217,2058.01,1.209,24.88,1659.82,40.28,72,29,43,True,1.4,True,1.25,True,12bars,250.0,3.5,2.5,120.0,0.3
312,2206.6,1.206,21.79,1896.05,40.28,72,29,43,True,1.45,True,1.25,False,12bars,250.0,4.0,2.0,120.0,0.3
201,1785.43,1.204,22.39,2020.91,40.28,72,29,43,True,1.45,True,1.15,True,12bars,150.0,4.0,2.5,120.0,0.3
312,2123.09,1.203,21.79,1861.67,40.28,72,29,43,True,1.45,True,1.25,True,12bars,250.0,4.0,2.0,120.0,0.25
298,2073.55,1.203,19.8,2196.06,40.28,72,29,43,True,1.45,True,1.25,False,12bars,200.0,4.5,2.0,120.0,0.3
311,2216.16,1.201,19.61,2509.09,40.28,72,29,43,True,1.45,True,1.25,False,12bars,250.0,4.5,2.0,120.0,0.3
288,1935.17,1.201,19.79,1987.28,40.28,72,29,43,True,1.45,True,1.25,True,12bars,150.0,4.5,2.0,120.0,0.25
301,2071.45,1.199,21.59,1898.75,40.28,72,29,43,True,1.45,True,1.25,True,12bars,200.0,4.0,2.0,120.0,0.3
314,2081.8,1.198,21.66,1863.94,40.28,72,29,43,True,1.45,True,1.25,False,12bars,250.0,4.0,2.0,120.0,0.25
276,1863.9,1.197,25.0,1362.38,40.28,72,29,43,True,1.35,False,1.2,False,8bars,200.0,3.5,2.0,100.0,0.25
311,2104.13,1.196,19.61,2474.43,40.28,72,29,43,True,1.45,True,1.25,True,12bars,250.0,4.5,2.0,120.0,0.25
298,1961.53,1.196,19.8,2161.39,40.28,72,29,43,True,1.45,True,1.25,True,12bars,200.0,4.5,2.0,120.0,0.25
303,2027.52,1.194,21.45,1903.66,40.28,72,29,43,True,1.45,True,1.25,False,12bars,200.0,4.0,2.0,120.0,0.3
274,1833.15,1.194,24.82,1393.12,40.28,72,29,43,True,1.35,False,1.2,True,8bars,200.0,3.5,2.0,100.0,0.25
281,2067.17,1.191,23.13,2395.03,40.28,72,29,43,True,1.45,True,1.25,True,8bars,200.0,3.5,2.5,120.0,0.25
303,1944.01,1.191,21.45,1869.28,40.28,72,29,43,True,1.45,True,1.25,True,12bars,200.0,4.0,2.0,120.0,0.25
254,1908.08,1.191,20.87,2097.18,40.28,72,29,43,True,1.45,True,1.25,True,8bars,150.0,4.0,2.5,120.0,0.25
240,1677.65,1.19,24.17,1133.36,40.28,72,29,43,True,1.4,True,1.25,True,8bars,250.0,3.5,2.0,100.0,0.3
271,1779.85,1.188,24.72,1442.62,40.28,72,29,43,True,1.35,False,1.2,True,12bars,200.0,3.5,2.0,100.0,0.25
271,1779.85,1.188,24.72,1442.62,40.28,72,29,43,True,1.35,False,1.2,False,12bars,200.0,3.5,2.0,100.0,0.25
305,1902.72,1.186,21.31,1871.55,40.28,72,29,43,True,1.45,True,1.25,False,12bars,200.0,4.0,2.0,120.0,0.25
285,1779.63,1.186,21.4,1838.97,40.28,72,29,43,True,1.45,True,1.25,True,12bars,150.0,4.0,2.0,120.0,0.3
281,2069.99,1.185,23.13,2466.82,40.28,72,29,43,True,1.45,True,1.25,True,8bars,200.0,3.5,2.5,120.0,0.3
241,1624.01,1.185,24.07,1121.4,40.28,72,29,43,True,1.4,True,1.25,True,8bars,250.0,3.5,2.0,100.0,0.25
254,1894.93,1.184,20.87,2130.57,40.28,72,29,43,True,1.45,True,1.25,True,8bars,150.0,4.0,2.5,120.0,0.3
276,1806.27,1.184,25.0,1405.67,40.28,72,29,43,True,1.35,False,1.2,False,8bars,200.0,3.5,2.0,100.0,0.3
175,1292.35,1.182,23.43,917.41,40.28,72,29,43,True,1.35,True,1.25,True,12bars,250.0,3.5,2.0,100.0,0.3
286,1991.21,1.181,23.08,2375.29,40.28,72,29,43,True,1.45,True,1.25,False,8bars,200.0,3.5,2.5,120.0,0.25
259,1851.37,1.181,20.85,2126.78,40.28,72,29,43,True,1.45,True,1.25,False,8bars,150.0,4.0,2.5,120.0,0.25
274,1769.71,1.18,24.82,1442.23,40.28,72,29,43,True,1.35,False,1.2,True,8bars,200.0,3.5,2.0,100.0,0.3
287,1735.7,1.18,21.25,1838.97,40.28,72,29,43,True,1.45,True,1.25,False,12bars,150.0,4.0,2.0,120.0,0.3
215,1553.98,1.179,21.86,1736.02,40.28,72,29,43,True,1.45,True,1.15,False,8bars,150.0,4.0,2.5,100.0,0.3
287,1652.18,1.176,21.25,1829.92,40.28,72,29,43,True,1.45,True,1.25,True,12bars,150.0,4.0,2.0,120.0,0.25
286,1986.05,1.175,23.08,2449.59,40.28,72,29,43,True,1.45,True,1.25,False,8bars,200.0,3.5,2.5,120.0,0.3
259,1830.24,1.174,20.85,2166.09,40.28,72,29,43,True,1.45,True,1.25,False,8bars,150.0,4.0,2.5,120.0,0.3
271,1710.52,1.174,24.72,1501.63,40.28,72,29,43,True,1.35,False,1.2,True,12bars,200.0,3.5,2.0,100.0,0.3
271,1710.52,1.174,24.72,1501.63,40.28,72,29,43,True,1.35,False,1.2,False,12bars,200.0,3.5,2.0,100.0,0.3
289,1610.89,1.171,21.11,1829.92,40.28,72,29,43,True,1.45,True,1.25,False,12bars,150.0,4.0,2.0,120.0,0.25
222,1616.05,1.167,21.62,1901.71,40.28,72,29,43,True,1.45,True,1.15,False,8bars,200.0,4.0,2.5,120.0,0.3
186,1113.64,1.149,23.12,1048.64,40.28,72,29,43,True,1.35,True,1.25,False,8bars,250.0,3.5,2.0,100.0,0.3
214,1303.84,1.148,23.36,1815.72,40.28,72,29,43,True,1.45,True,1.15,False,8bars,150.0,3.5,2.5,120.0,0.25
712,2604.44,1.144,21.21,1943.14,40.28,72,29,43,False,1.4,True,1.15,True,8bars,250.0,4.0,2.5,120.0,0.25
214,1252.69,1.138,23.36,1823.16,40.28,72,29,43,True,1.45,True,1.15,False,8bars,150.0,3.5,2.5,120.0,0.3
231,1393.75,1.136,21.21,2010.59,40.28,72,29,43,True,1.45,True,1.15,False,8bars,250.0,4.0,2.5,120.0,0.3
471,1465.48,1.102,22.93,1096.62,40.28,72,29,43,True,1.45,False,1.2,False,12bars,250.0,3.5,2.0,100.0,0.25
728,1777.88,1.095,21.57,2141.87,40.28,72,29,43,False,1.4,True,1.15,False,12bars,250.0,4.0,2.5,100.0,0.3
718,1504.17,1.09,23.96,1172.48,40.28,72,29,43,False,1.4,True,1.15,True,12bars,200.0,3.5,2.5,100.0,0.25
1013,1866.79,1.089,19.15,2472.77,40.28,72,29,43,False,1.4,False,1.2,True,8bars,250.0,4.5,2.0,100.0,0.25
780,1716.5,1.088,23.33,1423.52,40.28,72,29,43,False,1.4,True,1.15,True,8bars,250.0,3.5,2.5,100.0,0.3
732,1642.27,1.086,23.91,1250.83,40.28,72,29,43,False,1.4,True,1.15,True,12bars,250.0,3.5,2.5,100.0,0.3
219,750.18,1.085,22.83,1771.61,40.28,72,29,43,True,1.45,True,1.15,False,8bars,150.0,3.5,2.5,100.0,0.3
762,1694.38,1.081,22.97,2108.04,40.28,72,29,43,False,1.4,True,1.15,False,8bars,250.0,3.5,2.5,120.0,0.3
318,817.52,1.079,21.7,2188.95,40.28,72,29,43,True,1.45,True,1.25,True,8bars,200.0,3.5,2.0,120.0,0.25
829,1588.26,1.076,23.04,2342.44,40.28,72,29,43,False,1.4,True,1.25,True,8bars,250.0,3.5,2.5,120.0,0.25
328,816.92,1.076,21.65,2131.08,40.28,72,29,43,True,1.45,True,1.25,False,8bars,200.0,3.5,2.0,120.0,0.25
1204,1734.6,1.075,22.92,2384.39,40.28,72,29,43,False,1.4,True,1.25,False,8bars,250.0,3.5,2.0,100.0,0.25
807,1463.35,1.072,22.8,2036.19,40.28,72,29,43,False,1.4,True,1.15,False,8bars,250.0,3.5,2.5,100.0,0.3
942,1382.84,1.069,18.26,1525.22,40.28,72,29,43,False,1.4,True,1.25,True,12bars,250.0,4.5,2.0,100.0,0.3
483,959.09,1.066,22.57,1556.32,40.28,72,29,43,True,1.45,False,1.2,True,8bars,250.0,3.5,2.0,100.0,0.25
978,1289.63,1.062,18.2,1567.62,40.28,72,29,43,False,1.4,True,1.25,False,12bars,250.0,4.5,2.0,100.0,0.3
902,1267.51,1.061,18.74,1681.18,40.28,72,29,43,False,1.4,True,1.25,True,12bars,250.0,4.5,2.0,120.0,0.3
1024,1318.3,1.057,21.0,2718.31,40.28,72,29,43,False,1.4,False,1.2,True,12bars,250.0,4.0,2.0,120.0,0.25
817,881.1,1.056,17.99,1429.85,40.28,72,29,43,False,1.4,True,1.15,False,12bars,200.0,4.5,2.0,100.0,0.25
933,1188.23,1.055,18.65,1732.3,40.28,72,29,43,False,1.4,True,1.25,False,12bars,250.0,4.5,2.0,120.0,0.3
762,1062.48,1.054,23.23,1371.82,40.28,72,29,43,False,1.4,True,1.15,False,12bars,250.0,3.5,2.5,100.0,0.3
782,716.68,1.044,18.41,1490.62,40.28,72,29,43,False,1.4,True,1.15,True,12bars,200.0,4.5,2.0,100.0,0.3
949,821.07,1.043,22.23,1422.77,40.28,72,29,43,False,1.4,True,1.15,False,12bars,250.0,3.5,2.0,100.0,0.25
714,788.75,1.043,23.53,1868.49,40.28,72,29,43,False,1.4,True,1.15,False,12bars,200.0,3.5,2.5,120.0,0.25
1053,864.73,1.04,18.14,1962.52,40.28,72,29,43,False,1.4,True,1.25,True,8bars,250.0,4.5,2.0,100.0,0.25
816,795.79,1.04,18.5,1527.91,40.28,72,29,43,False,1.4,True,1.15,True,8bars,250.0,4.5,2.0,120.0,0.3
1016,878.45,1.039,18.41,2001.0,40.28,72,29,43,False,1.4,True,1.25,True,8bars,250.0,4.5,2.0,120.0,0.25
1122,905.87,1.037,22.91,2542.89,40.28,72,29,43,False,1.4,True,1.25,False,8bars,250.0,3.5,2.0,120.0,0.3
895,638.97,1.037,18.44,1832.23,40.28,72,29,43,False,1.4,True,1.25,True,12bars,200.0,4.5,2.0,120.0,0.25
810,605.6,1.036,18.02,1808.12,40.28,72,29,43,False,1.4,True,1.15,True,8bars,200.0,4.5,2.0,100.0,0.3
308,356.73,1.036,21.1,2210.38,40.28,72,29,43,True,1.45,True,1.25,True,8bars,150.0,3.5,2.0,120.0,0.25
914,585.66,1.033,18.38,1890.07,40.28,72,29,43,False,1.4,True,1.25,False,12bars,200.0,4.5,2.0,120.0,0.25
337,276.35,1.024,21.36,2528.1,40.28,72,29,43,True,1.45,True,1.25,True,8bars,250.0,3.5,2.0,120.0,0.25
342,261.47,1.023,21.35,2670.82,40.28,72,29,43,True,1.45,True,1.25,False,8bars,250.0,3.5,2.0,120.0,0.25
1149,527.63,1.022,21.06,2073.71,40.28,72,29,43,False,1.4,False,1.2,True,8bars,250.0,4.0,2.0,100.0,0.25
313,170.34,1.017,20.77,2223.51,40.28,72,29,43,True,1.45,True,1.25,False,8bars,150.0,3.5,2.0,120.0,0.25
911,303.6,1.016,21.3,1873.97,40.28,72,29,43,False,1.4,True,1.15,False,8bars,200.0,3.5,2.0,120.0,0.25
938,261.36,1.014,22.07,1412.3,40.28,72,29,43,False,1.4,True,1.15,True,12bars,250.0,3.5,2.0,100.0,0.25
960,210.23,1.009,20.31,3369.46,40.28,72,29,43,False,1.4,False,1.2,True,12bars,250.0,4.0,2.0,120.0,0.3
988,-301.75,0.985,19.23,2113.71,40.28,72,29,43,False,1.4,True,1.25,True,12bars,200.0,4.0,2.0,100.0,0.3
983,-485.69,0.978,19.84,2861.16,40.28,72,29,43,False,1.4,False,1.2,True,8bars,200.0,4.0,2.0,100.0,0.3
1017,-650.48,0.968,19.08,2528.75,40.28,72,29,43,False,1.4,True,1.25,False,12bars,200.0,4.0,2.0,100.0,0.3
869,-563.16,0.966,17.84,2252.44,40.28,72,29,43,False,1.4,True,1.25,False,12bars,150.0,4.5,2.0,120.0,0.25
852,-607.62,0.963,17.84,2326.93,40.28,72,29,43,False,1.4,True,1.25,True,12bars,150.0,4.5,2.0,120.0,0.25
806,-711.81,0.952,19.11,1606.79,40.28,72,29,43,False,1.4,True,1.15,False,12bars,150.0,4.0,2.0,100.0,0.25
791,-768.97,0.952,19.22,1656.14,40.28,72,29,43,False,1.4,True,1.15,False,12bars,150.0,4.0,2.0,100.0,0.3
775,-776.69,0.951,17.81,1796.38,40.28,72,29,43,False,1.4,True,1.15,False,12bars,150.0,4.5,2.0,120.0,0.25
770,-811.39,0.949,17.79,1890.73,40.28,72,29,43,False,1.4,True,1.15,True,12bars,150.0,4.5,2.0,100.0,0.3
773,-954.3,0.94,19.28,1841.85,40.28,72,29,43,False,1.4,True,1.15,True,12bars,150.0,4.0,2.0,120.0,0.25
788,-1231.63,0.923,19.16,1986.66,40.28,72,29,43,False,1.4,True,1.15,False,12bars,150.0,4.0,2.0,120.0,0.25
774,-1283.12,0.923,19.25,2015.41,40.28,72,29,43,False,1.4,True,1.15,False,12bars,150.0,4.0,2.0,120.0,0.3
142,4615.28,1.721,26.76,1036.21,38.89,72,28,44,True,1.4,True,1.15,True,12bars,200.0,4.5,2.5,120.0,0.25
145,4644.28,1.709,26.21,1036.21,38.89,72,28,44,True,1.4,True,1.15,True,12bars,250.0,4.5,2.5,120.0,0.25
142,4603.59,1.707,26.76,1048.21,38.89,72,28,44,True,1.4,True,1.15,True,12bars,200.0,4.5,2.5,120.0,0.3
144,4561.69,1.707,26.39,1089.79,38.89,72,28,44,True,1.4,True,1.15,False,12bars,200.0,4.5,2.5,120.0,0.25
145,4632.59,1.695,26.21,1048.21,38.89,72,28,44,True,1.4,True,1.15,True,12bars,250.0,4.5,2.5,120.0,0.3
147,4590.69,1.695,25.85,1089.79,38.89,72,28,44,True,1.4,True,1.15,False,12bars,250.0,4.5,2.5,120.0,0.25
144,4546.94,1.692,26.39,1104.86,38.89,72,28,44,True,1.4,True,1.15,False,12bars,200.0,4.5,2.5,120.0,0.3
141,4178.22,1.684,27.66,845.15,38.89,72,28,44,True,1.4,True,1.15,True,12bars,150.0,4.5,2.5,100.0,0.25
147,4575.94,1.681,25.85,1104.86,38.89,72,28,44,True,1.4,True,1.15,False,12bars,250.0,4.5,2.5,120.0,0.3
141,4237.75,1.68,27.66,851.97,38.89,72,28,44,True,1.4,True,1.15,True,12bars,150.0,4.5,2.5,100.0,0.3
143,4124.64,1.669,27.27,845.15,38.89,72,28,44,True,1.4,True,1.15,False,12bars,150.0,4.5,2.5,100.0,0.25
143,4181.1,1.664,27.27,851.97,38.89,72,28,44,True,1.4,True,1.15,False,12bars,150.0,4.5,2.5,100.0,0.3
152,4235.34,1.661,27.63,963.56,38.89,72,28,44,True,1.4,True,1.15,False,8bars,200.0,4.5,2.5,100.0,0.25
152,4313.38,1.659,27.63,970.38,38.89,72,28,44,True,1.4,True,1.15,False,8bars,200.0,4.5,2.5,100.0,0.3
151,3583.09,1.653,27.15,932.76,38.89,72,28,44,True,1.4,True,1.15,False,12bars,150.0,4.5,2.0,100.0,0.25
151,3636.63,1.651,27.15,942.49,38.89,72,28,44,True,1.4,True,1.15,False,12bars,150.0,4.5,2.0,100.0,0.3
149,4407.21,1.638,24.16,1172.71,38.89,72,28,44,True,1.35,True,1.25,False,12bars,150.0,4.5,2.5,100.0,0.3
158,4256.9,1.636,27.22,963.56,38.89,72,28,44,True,1.4,True,1.15,False,8bars,250.0,4.5,2.5,100.0,0.25
156,4498.33,1.633,24.36,1055.21,38.89,72,28,44,True,1.35,True,1.25,False,8bars,150.0,4.5,2.5,100.0,0.3
149,3951.89,1.627,27.52,1038.11,38.89,72,28,44,True,1.4,True,1.15,False,8bars,150.0,4.5,2.5,100.0,0.25
149,4029.93,1.626,27.52,1027.54,38.89,72,28,44,True,1.4,True,1.15,False,8bars,150.0,4.5,2.5,100.0,0.3
157,4206.35,1.616,26.75,970.38,38.89,72,28,44,True,1.4,True,1.15,False,8bars,250.0,4.5,2.5,100.0,0.3
153,3306.16,1.608,28.1,1008.53,38.89,72,28,44,True,1.4,True,1.15,False,12bars,150.0,4.0,2.0,100.0,0.25
149,4361.93,1.604,24.16,1251.48,38.89,72,28,44,True,1.35,True,1.25,True,12bars,150.0,4.5,2.5,120.0,0.3
149,4271.17,1.602,24.16,1241.11,38.89,72,28,44,True,1.35,True,1.25,True,12bars,150.0,4.5,2.5,120.0,0.25
150,4313.93,1.594,24.0,1251.48,38.89,72,28,44,True,1.35,True,1.25,False,12bars,150.0,4.5,2.5,120.0,0.3
150,4223.17,1.591,24.0,1241.11,38.89,72,28,44,True,1.35,True,1.25,False,12bars,150.0,4.5,2.5,120.0,0.25
157,4351.66,1.572,24.2,1133.98,38.89,72,28,44,True,1.35,True,1.25,False,8bars,150.0,4.5,2.5,120.0,0.3
154,4258.42,1.572,24.03,1133.98,38.89,72,28,44,True,1.35,True,1.25,True,8bars,150.0,4.5,2.5,120.0,0.3
157,4244.06,1.568,24.2,1143.2,38.89,72,28,44,True,1.35,True,1.25,False,8bars,150.0,4.5,2.5,120.0,0.25
154,4150.83,1.568,24.03,1143.2,38.89,72,28,44,True,1.35,True,1.25,True,8bars,150.0,4.5,2.5,120.0,0.25
149,3745.08,1.563,27.52,1317.86,38.89,72,28,44,True,1.4,True,1.15,True,12bars,200.0,4.0,2.5,120.0,0.25
147,3208.18,1.557,26.53,968.41,38.89,72,28,44,True,1.4,True,1.15,True,12bars,150.0,4.5,2.0,120.0,0.25
155,3154.36,1.554,27.1,828.67,38.89,72,28,44,True,1.4,True,1.15,True,8bars,150.0,4.5,2.0,100.0,0.25
147,3203.25,1.548,26.53,970.37,38.89,72,28,44,True,1.4,True,1.15,True,12bars,150.0,4.5,2.0,120.0,0.3
155,3175.23,1.546,27.1,825.54,38.89,72,28,44,True,1.4,True,1.15,True,8bars,150.0,4.5,2.0,100.0,0.3
150,3865.21,1.544,24.0,1172.71,38.89,72,28,44,True,1.35,True,1.25,True,12bars,150.0,4.5,2.5,100.0,0.3
151,3691.42,1.541,27.15,1318.7,38.89,72,28,44,True,1.4,True,1.15,False,12bars,200.0,4.0,2.5,120.0,0.3
158,3054.12,1.537,27.22,1008.53,38.89,72,28,44,True,1.4,True,1.15,False,12bars,200.0,4.0,2.0,100.0,0.25
146,3489.04,1.534,27.4,1317.86,38.89,72,28,44,True,1.4,True,1.15,True,12bars,150.0,4.0,2.5,120.0,0.25
152,3356.65,1.518,28.29,1239.92,38.89,72,28,44,True,1.4,True,1.15,True,8bars,150.0,4.0,2.5,100.0,0.3
163,3243.52,1.518,25.77,942.49,38.89,72,28,44,True,1.4,True,1.15,False,12bars,250.0,4.5,2.0,100.0,0.3
163,3189.99,1.517,25.77,932.76,38.89,72,28,44,True,1.4,True,1.15,False,12bars,250.0,4.5,2.0,100.0,0.25
157,3476.67,1.516,28.03,1239.92,38.89,72,28,44,True,1.4,True,1.15,True,8bars,200.0,4.0,2.5,100.0,0.3
148,3435.38,1.513,27.03,1318.7,38.89,72,28,44,True,1.4,True,1.15,False,12bars,150.0,4.0,2.5,120.0,0.3
189,4240.96,1.51,23.81,1342.8,38.89,72,28,44,True,1.4,True,1.25,True,12bars,200.0,4.5,2.5,120.0,0.25
198,4410.46,1.506,23.23,1342.8,38.89,72,28,44,True,1.4,True,1.25,True,12bars,250.0,4.5,2.5,120.0,0.25
153,3484.31,1.504,26.8,1317.86,38.89,72,28,44,True,1.4,True,1.15,True,12bars,250.0,4.0,2.5,120.0,0.25
191,4187.38,1.5,23.56,1342.8,38.89,72,28,44,True,1.4,True,1.25,False,12bars,200.0,4.5,2.5,120.0,0.25
189,4239.8,1.498,23.81,1351.42,38.89,72,28,44,True,1.4,True,1.25,True,12bars,200.0,4.5,2.5,120.0,0.3
200,4356.87,1.497,23.0,1342.8,38.89,72,28,44,True,1.4,True,1.25,False,12bars,250.0,4.5,2.5,120.0,0.25
198,4400.47,1.494,23.23,1351.42,38.89,72,28,44,True,1.4,True,1.25,True,12bars,250.0,4.5,2.5,120.0,0.3
159,3375.95,1.494,27.67,1239.92,38.89,72,28,44,True,1.4,True,1.15,True,8bars,250.0,4.0,2.5,100.0,0.3
156,2836.65,1.489,26.28,851.9,38.89,72,28,44,True,1.4,True,1.15,True,12bars,200.0,4.5,2.0,100.0,0.25
191,4183.15,1.488,23.56,1351.42,38.89,72,28,44,True,1.4,True,1.25,False,12bars,200.0,4.5,2.5,120.0,0.3
200,4343.82,1.484,23.0,1351.42,38.89,72,28,44,True,1.4,True,1.25,False,12bars,250.0,4.5,2.5,120.0,0.3
155,3430.66,1.484,26.45,1336.71,38.89,72,28,44,True,1.4,True,1.15,False,12bars,250.0,4.0,2.5,120.0,0.3
152,3244.23,1.484,27.63,1239.92,38.89,72,28,44,True,1.4,True,1.15,True,12bars,200.0,4.0,2.5,100.0,0.3
156,2859.74,1.482,26.28,861.63,38.89,72,28,44,True,1.4,True,1.15,True,12bars,200.0,4.5,2.0,100.0,0.3
154,3143.51,1.462,27.27,1239.92,38.89,72,28,44,True,1.4,True,1.15,True,12bars,250.0,4.0,2.5,100.0,0.3
149,2988.19,1.454,27.52,1239.92,38.89,72,28,44,True,1.4,True,1.15,True,12bars,150.0,4.0,2.5,100.0,0.3
205,3999.99,1.45,25.37,1362.73,38.89,72,28,44,True,1.4,True,1.25,True,8bars,200.0,4.0,2.5,120.0,0.25
154,2479.98,1.44,27.27,927.67,38.89,72,28,44,True,1.4,True,1.15,True,12bars,150.0,4.0,2.0,100.0,0.25
164,2704.48,1.438,26.22,1018.26,38.89,72,28,44,True,1.4,True,1.15,False,12bars,250.0,4.0,2.0,100.0,0.3
159,2815.08,1.437,25.16,968.41,38.89,72,28,44,True,1.4,True,1.15,True,12bars,250.0,4.5,2.0,120.0,0.25
216,3385.62,1.436,24.07,1048.51,38.89,72,28,44,True,1.4,True,1.25,True,8bars,200.0,4.5,2.0,100.0,0.25
150,3111.24,1.431,24.67,1268.32,38.89,72,28,44,True,1.35,True,1.25,True,12bars,150.0,4.0,2.5,120.0,0.3
159,2810.15,1.431,25.16,970.37,38.89,72,28,44,True,1.4,True,1.15,True,12bars,250.0,4.5,2.0,120.0,0.3
150,3033.28,1.428,24.67,1257.96,38.89,72,28,44,True,1.35,True,1.25,True,12bars,150.0,4.0,2.5,120.0,0.25
151,3063.24,1.422,24.5,1268.32,38.89,72,28,44,True,1.35,True,1.25,False,12bars,150.0,4.0,2.5,120.0,0.3
151,2985.28,1.418,24.5,1257.96,38.89,72,28,44,True,1.35,True,1.25,False,12bars,150.0,4.0,2.5,120.0,0.25
216,3925.65,1.417,25.0,1682.87,38.89,72,28,44,True,1.4,True,1.25,False,8bars,250.0,4.0,2.5,120.0,0.25
224,3246.18,1.416,24.55,1033.01,38.89,72,28,44,True,1.4,True,1.25,False,12bars,250.0,4.0,2.0,100.0,0.25
169,2656.51,1.41,25.44,828.67,38.89,72,28,44,True,1.4,True,1.15,True,8bars,250.0,4.5,2.0,100.0,0.25
169,2677.38,1.406,25.44,825.54,38.89,72,28,44,True,1.4,True,1.15,True,8bars,250.0,4.5,2.0,100.0,0.3
201,3512.32,1.405,24.88,1362.73,38.89,72,28,44,True,1.4,True,1.25,True,12bars,200.0,4.0,2.5,120.0,0.25
225,3282.42,1.403,23.11,944.62,38.89,72,28,44,True,1.4,True,1.25,False,12bars,250.0,4.5,2.0,100.0,0.25
226,3503.04,1.402,23.45,1022.53,38.89,72,28,44,True,1.4,True,1.25,True,8bars,250.0,4.5,2.0,120.0,0.25
158,3058.61,1.402,24.68,1163.98,38.89,72,28,44,True,1.35,True,1.25,False,8bars,150.0,4.0,2.5,120.0,0.3
158,2966.01,1.397,24.68,1171.0,38.89,72,28,44,True,1.35,True,1.25,False,8bars,150.0,4.0,2.5,120.0,0.25
269,4180.22,1.39,20.45,2104.69,38.89,72,28,44,True,1.45,True,1.25,True,8bars,250.0,4.5,2.5,120.0,0.25
203,3456.11,1.387,24.63,1364.94,38.89,72,28,44,True,1.4,True,1.25,False,12bars,200.0,4.0,2.5,120.0,0.3
212,2921.91,1.385,23.58,1048.51,38.89,72,28,44,True,1.4,True,1.25,True,12bars,200.0,4.5,2.0,100.0,0.25
160,2582.2,1.38,28.12,1238.62,38.89,72,28,44,True,1.4,True,1.15,False,12bars,250.0,3.5,2.5,100.0,0.25
274,4142.75,1.379,20.44,2134.29,38.89,72,28,44,True,1.45,True,1.25,False,8bars,250.0,4.5,2.5,120.0,0.25
159,2227.94,1.379,26.42,927.67,38.89,72,28,44,True,1.4,True,1.15,True,12bars,200.0,4.0,2.0,100.0,0.25
213,3643.85,1.377,24.88,1655.48,38.89,72,28,44,True,1.4,True,1.25,True,8bars,250.0,4.0,2.5,120.0,0.3
188,3007.63,1.377,24.47,1362.73,38.89,72,28,44,True,1.4,True,1.25,False,12bars,150.0,4.0,2.5,120.0,0.25
160,2621.56,1.377,28.12,1256.4,38.89,72,28,44,True,1.4,True,1.15,False,12bars,250.0,3.5,2.5,100.0,0.3
193,2858.97,1.367,21.76,1266.3,38.89,72,28,44,True,1.45,True,1.15,True,12bars,150.0,4.5,2.5,100.0,0.25
193,2788.66,1.367,25.91,1335.92,38.89,72,28,44,True,1.4,True,1.25,True,8bars,150.0,4.0,2.5,100.0,0.25
197,2799.08,1.366,25.89,1365.52,38.89,72,28,44,True,1.4,True,1.25,False,8bars,150.0,4.0,2.5,100.0,0.25
195,2805.39,1.358,21.54,1266.3,38.89,72,28,44,True,1.45,True,1.15,False,12bars,150.0,4.5,2.5,100.0,0.25
222,3060.02,1.353,22.97,1022.53,38.89,72,28,44,True,1.4,True,1.25,True,12bars,250.0,4.5,2.0,120.0,0.25
196,2945.48,1.348,21.94,1415.32,38.89,72,28,44,True,1.45,True,1.15,True,12bars,200.0,4.5,2.5,120.0,0.25
193,2790.7,1.347,21.76,1270.68,38.89,72,28,44,True,1.45,True,1.15,True,12bars,150.0,4.5,2.5,100.0,0.3
198,2891.9,1.339,21.72,1415.32,38.89,72,28,44,True,1.45,True,1.15,False,12bars,200.0,4.5,2.5,120.0,0.25
209,2787.48,1.339,21.53,1340.7,38.89,72,28,44,True,1.45,True,1.15,False,8bars,200.0,4.5,2.5,100.0,0.25
195,2734.05,1.338,21.54,1270.68,38.89,72,28,44,True,1.45,True,1.15,False,12bars,150.0,4.5,2.5,100.0,0.3
170,2156.65,1.338,25.88,828.09,38.89,72,28,44,True,1.4,True,1.15,True,8bars,250.0,4.0,2.0,100.0,0.25
229,2909.65,1.337,23.14,1003.58,38.89,72,28,44,True,1.4,True,1.25,True,8bars,250.0,4.5,2.0,100.0,0.3
243,2838.83,1.336,20.16,1550.83,38.89,72,28,44,True,1.45,True,1.25,False,12bars,150.0,4.5,2.5,100.0,0.25
209,3159.35,1.334,24.4,1682.63,38.89,72,28,44,True,1.4,True,1.25,True,12bars,250.0,4.0,2.5,120.0,0.3
196,2893.8,1.334,21.94,1409.87,38.89,72,28,44,True,1.45,True,1.15,True,12bars,200.0,4.5,2.5,120.0,0.3
286,3309.6,1.329,24.13,1167.2,38.89,72,28,44,True,1.35,False,1.2,False,8bars,250.0,4.0,2.0,100.0,0.25
231,2707.82,1.327,24.24,1033.01,38.89,72,28,44,True,1.4,True,1.25,True,8bars,250.0,4.0,2.0,100.0,0.25
205,2614.44,1.327,21.46,1340.7,38.89,72,28,44,True,1.45,True,1.15,False,8bars,150.0,4.5,2.5,100.0,0.25
284,3273.02,1.326,23.94,1203.78,38.89,72,28,44,True,1.35,False,1.2,True,8bars,250.0,4.0,2.0,100.0,0.25
268,3511.44,1.325,20.52,2191.06,38.89,72,28,44,True,1.45,True,1.25,False,12bars,250.0,4.5,2.5,120.0,0.25
280,3249.65,1.325,23.93,1253.88,38.89,72,28,44,True,1.35,False,1.2,True,12bars,250.0,4.0,2.0,100.0,0.25
280,3249.65,1.325,23.93,1253.88,38.89,72,28,44,True,1.35,False,1.2,False,12bars,250.0,4.0,2.0,100.0,0.25
198,2837.15,1.325,21.72,1418.52,38.89,72,28,44,True,1.45,True,1.15,False,12bars,200.0,4.5,2.5,120.0,0.3
248,2709.55,1.321,19.76,1566.7,38.89,72,28,44,True,1.45,True,1.25,True,8bars,150.0,4.5,2.5,100.0,0.25
209,2719.98,1.32,21.53,1352.47,38.89,72,28,44,True,1.45,True,1.15,False,8bars,200.0,4.5,2.5,100.0,0.3
278,3543.8,1.315,21.94,2178.39,38.89,72,28,44,True,1.45,True,1.25,True,8bars,250.0,4.0,2.5,120.0,0.25
253,2708.09,1.314,19.76,1596.3,38.89,72,28,44,True,1.45,True,1.25,False,8bars,150.0,4.5,2.5,100.0,0.25
205,2546.94,1.308,21.46,1352.47,38.89,72,28,44,True,1.45,True,1.15,False,8bars,150.0,4.5,2.5,100.0,0.3
283,3487.09,1.305,21.91,2136.5,38.89,72,28,44,True,1.45,True,1.25,False,8bars,250.0,4.0,2.5,120.0,0.25
158,1749.19,1.305,26.58,1084.3,38.89,72,28,44,True,1.4,True,1.15,False,12bars,150.0,3.5,2.0,100.0,0.25
209,2571.75,1.302,26.79,1201.38,38.89,72,28,44,True,1.4,True,1.25,True,12bars,200.0,3.5,2.5,100.0,0.25
278,3476.71,1.301,21.94,2248.0,38.89,72,28,44,True,1.45,True,1.25,True,8bars,250.0,4.0,2.5,120.0,0.3
288,2664.97,1.298,20.14,1771.71,38.89,72,28,44,True,1.45,True,1.25,True,8bars,150.0,4.5,2.0,100.0,0.3
225,2395.11,1.298,24.0,1033.01,38.89,72,28,44,True,1.4,True,1.25,True,12bars,250.0,4.0,2.0,100.0,0.25
158,1728.09,1.295,26.58,1094.03,38.89,72,28,44,True,1.4,True,1.15,False,12bars,150.0,3.5,2.0,100.0,0.3
283,3412.02,1.29,21.91,2208.62,38.89,72,28,44,True,1.45,True,1.25,False,8bars,250.0,4.0,2.5,120.0,0.3
207,2527.65,1.29,26.57,1221.84,38.89,72,28,44,True,1.4,True,1.25,True,12bars,200.0,3.5,2.5,100.0,0.3
225,2449.55,1.289,22.67,1003.58,38.89,72,28,44,True,1.4,True,1.25,True,12bars,250.0,4.5,2.0,100.0,0.3
165,1847.86,1.289,25.45,937.4,38.89,72,28,44,True,1.4,True,1.15,True,12bars,250.0,4.0,2.0,100.0,0.3
259,2961.12,1.288,20.46,2085.21,38.89,72,28,44,True,1.45,True,1.25,False,12bars,200.0,4.5,2.5,120.0,0.25
157,2187.95,1.288,24.2,1077.31,38.89,72,28,44,True,1.35,True,1.25,False,12bars,150.0,3.5,2.5,120.0,0.3
157,2130.11,1.285,24.2,1069.37,38.89,72,28,44,True,1.35,True,1.25,True,12bars,150.0,3.5,2.5,120.0,0.25
266,2794.82,1.283,19.92,1956.97,38.89,72,28,44,True,1.45,True,1.25,True,8bars,200.0,4.5,2.5,100.0,0.3
191,2267.92,1.282,25.13,1339.92,38.89,72,28,44,True,1.4,True,1.25,True,12bars,150.0,4.0,2.5,100.0,0.3
271,2782.97,1.276,19.93,1992.49,38.89,72,28,44,True,1.45,True,1.25,False,8bars,200.0,4.5,2.5,100.0,0.3
210,2019.06,1.274,24.76,1133.36,38.89,72,28,44,True,1.4,True,1.25,False,12bars,150.0,3.5,2.0,100.0,0.3
167,1687.29,1.273,26.35,1003.44,38.89,72,28,44,True,1.4,True,1.15,True,12bars,250.0,3.5,2.0,100.0,0.25
161,2106.12,1.271,24.22,993.08,38.89,72,28,44,True,1.35,True,1.25,True,8bars,150.0,3.5,2.5,120.0,0.3
211,1961.01,1.27,24.64,1121.4,38.89,72,28,44,True,1.4,True,1.25,False,12bars,150.0,3.5,2.0,100.0,0.25
293,2452.17,1.267,19.8,1814.83,38.89,72,28,44,True,1.45,True,1.25,False,8bars,150.0,4.5,2.0,100.0,0.3
168,1741.25,1.267,24.4,910.99,38.89,72,28,44,True,1.35,True,1.25,True,12bars,200.0,3.5,2.0,100.0,0.25
167,1663.14,1.264,26.35,1013.17,38.89,72,28,44,True,1.4,True,1.15,True,12bars,250.0,3.5,2.0,100.0,0.3
273,2714.12,1.259,20.15,2074.09,38.89,72,28,44,True,1.45,True,1.25,True,12bars,250.0,4.5,2.5,100.0,0.3
165,2022.68,1.257,24.24,1100.08,38.89,72,28,44,True,1.35,True,1.25,False,8bars,150.0,3.5,2.5,120.0,0.25
262,2546.81,1.256,20.23,1933.97,38.89,72,28,44,True,1.45,True,1.25,True,12bars,200.0,4.5,2.5,100.0,0.3
275,2959.79,1.255,22.18,2391.38,38.89,72,28,44,True,1.45,True,1.25,True,12bars,250.0,4.0,2.5,120.0,0.3
277,2574.34,1.255,22.38,1010.31,38.89,72,28,44,True,1.35,False,1.2,False,8bars,250.0,4.5,2.0,100.0,0.25
169,1700.57,1.255,24.26,917.41,38.89,72,28,44,True,1.35,True,1.25,False,12bars,200.0,3.5,2.0,100.0,0.3
206,2159.55,1.252,22.33,1866.23,38.89,72,28,44,True,1.45,True,1.15,True,8bars,150.0,4.0,2.5,120.0,0.25
275,2531.92,1.251,22.18,1052.73,38.89,72,28,44,True,1.35,False,1.2,True,8bars,250.0,4.5,2.0,100.0,0.25
277,2903.14,1.249,22.02,2400.02,38.89,72,28,44,True,1.45,True,1.25,False,12bars,250.0,4.0,2.5,120.0,0.3
307,2415.48,1.245,21.5,1824.46,38.89,72,28,44,True,1.45,True,1.25,True,8bars,200.0,4.0,2.0,100.0,0.3
224,2304.73,1.245,25.89,1221.84,38.89,72,28,44,True,1.4,True,1.25,True,8bars,250.0,3.5,2.5,100.0,0.3
218,1898.34,1.245,24.77,1133.36,38.89,72,28,44,True,1.4,True,1.25,True,12bars,200.0,3.5,2.0,100.0,0.3
272,2461.07,1.244,22.06,1130.91,38.89,72,28,44,True,1.35,False,1.2,True,12bars,250.0,4.5,2.0,100.0,0.25
272,2461.07,1.244,22.06,1130.91,38.89,72,28,44,True,1.35,False,1.2,False,12bars,250.0,4.5,2.0,100.0,0.25
225,2246.17,1.244,25.78,1201.38,38.89,72,28,44,True,1.4,True,1.25,True,8bars,250.0,3.5,2.5,100.0,0.25
298,2563.95,1.243,24.83,1345.78,38.89,72,28,44,True,1.35,False,1.2,True,8bars,250.0,3.5,2.0,100.0,0.25
294,2549.36,1.243,24.83,1345.78,38.89,72,28,44,True,1.35,False,1.2,True,12bars,250.0,3.5,2.0,100.0,0.25
228,2306.53,1.243,25.88,1257.36,38.89,72,28,44,True,1.4,True,1.25,False,8bars,250.0,3.5,2.5,100.0,0.3
285,2212.43,1.243,20.0,1720.84,38.89,72,28,44,True,1.45,True,1.25,True,12bars,150.0,4.5,2.0,100.0,0.3
319,2478.6,1.242,21.63,1824.46,38.89,72,28,44,True,1.45,True,1.25,True,8bars,250.0,4.0,2.0,100.0,0.3
301,2555.68,1.241,24.92,1344.7,38.89,72,28,44,True,1.35,False,1.2,False,8bars,250.0,3.5,2.0,100.0,0.25
309,2314.64,1.241,21.36,1807.28,38.89,72,28,44,True,1.45,True,1.25,True,8bars,200.0,4.0,2.0,100.0,0.25
162,1452.69,1.241,25.93,1003.44,38.89,72,28,44,True,1.4,True,1.15,True,12bars,200.0,3.5,2.0,100.0,0.25
219,1843.34,1.24,24.66,1121.4,38.89,72,28,44,True,1.4,True,1.25,True,12bars,200.0,3.5,2.0,100.0,0.25
173,1633.5,1.24,24.28,880.93,38.89,72,28,44,True,1.35,True,1.25,True,8bars,200.0,3.5,2.0,100.0,0.3
295,2510.34,1.238,24.75,1384.8,38.89,72,28,44,True,1.35,False,1.2,False,12bars,250.0,3.5,2.0,100.0,0.25
321,2377.77,1.238,21.5,1807.28,38.89,72,28,44,True,1.45,True,1.25,True,8bars,250.0,4.0,2.0,100.0,0.25
162,1867.6,1.238,24.07,1202.81,38.89,72,28,44,True,1.35,True,1.25,True,12bars,200.0,3.5,2.5,120.0,0.25
329,2495.55,1.235,21.58,1867.58,38.89,72,28,44,True,1.45,True,1.25,False,8bars,250.0,4.0,2.0,100.0,0.3
331,2409.43,1.233,21.45,1843.21,38.89,72,28,44,True,1.45,True,1.25,False,8bars,250.0,4.0,2.0,100.0,0.25
178,1593.56,1.232,24.16,951.44,38.89,72,28,44,True,1.35,True,1.25,False,8bars,200.0,3.5,2.0,100.0,0.25
162,1428.54,1.232,25.93,1013.17,38.89,72,28,44,True,1.4,True,1.15,True,12bars,200.0,3.5,2.0,100.0,0.3
311,2338.67,1.231,21.86,1762.84,38.89,72,28,44,True,1.45,True,1.25,True,12bars,250.0,4.0,2.0,100.0,0.3
298,2500.51,1.23,24.83,1322.85,38.89,72,28,44,True,1.35,False,1.2,True,8bars,250.0,3.5,2.0,100.0,0.3
294,2480.03,1.229,24.83,1322.85,38.89,72,28,44,True,1.35,False,1.2,True,12bars,250.0,3.5,2.0,100.0,0.3
163,1839.13,1.229,23.93,1226.66,38.89,72,28,44,True,1.35,True,1.25,False,12bars,200.0,3.5,2.5,120.0,0.3
301,2498.05,1.228,24.92,1313.76,38.89,72,28,44,True,1.35,False,1.2,False,8bars,250.0,3.5,2.0,100.0,0.3
295,2441.01,1.224,24.75,1361.87,38.89,72,28,44,True,1.35,False,1.2,False,12bars,250.0,3.5,2.0,100.0,0.3
304,2243.08,1.224,19.74,1995.86,38.89,72,28,44,True,1.45,True,1.25,True,8bars,200.0,4.5,2.0,120.0,0.25
166,1836.08,1.223,24.1,1226.66,38.89,72,28,44,True,1.35,True,1.25,True,12bars,250.0,3.5,2.5,120.0,0.3
317,2385.68,1.222,19.56,2308.89,38.89,72,28,44,True,1.45,True,1.25,True,8bars,250.0,4.5,2.0,120.0,0.25
313,2257.81,1.222,21.73,1762.84,38.89,72,28,44,True,1.45,True,1.25,False,12bars,250.0,4.0,2.0,100.0,0.3
297,2120.61,1.221,19.87,1894.95,38.89,72,28,44,True,1.45,True,1.25,True,12bars,200.0,4.5,2.0,100.0,0.3
267,2308.08,1.22,21.35,2097.18,38.89,72,28,44,True,1.45,True,1.25,True,8bars,200.0,4.0,2.5,120.0,0.25
310,2263.21,1.219,19.68,2207.98,38.89,72,28,44,True,1.45,True,1.25,True,12bars,250.0,4.5,2.0,100.0,0.3
302,2159.59,1.219,21.52,1762.84,38.89,72,28,44,True,1.45,True,1.25,True,12bars,200.0,4.0,2.0,100.0,0.3
312,2198.81,1.218,21.15,1867.58,38.89,72,28,44,True,1.45,True,1.25,False,8bars,200.0,4.0,2.0,100.0,0.3
324,2376.34,1.215,19.44,2322.64,38.89,72,28,44,True,1.45,True,1.25,False,8bars,250.0,4.5,2.0,120.0,0.25
314,2112.69,1.215,21.02,1843.21,38.89,72,28,44,True,1.45,True,1.25,False,8bars,200.0,4.0,2.0,100.0,0.25
201,1835.18,1.215,22.39,1996.08,38.89,72,28,44,True,1.45,True,1.15,True,12bars,150.0,4.0,2.5,120.0,0.25
170,1760.17,1.214,24.12,1339.53,38.89,72,28,44,True,1.35,True,1.25,False,8bars,200.0,3.5,2.5,120.0,0.25
167,1757.3,1.214,23.95,1232.53,38.89,72,28,44,True,1.35,True,1.25,True,8bars,200.0,3.5,2.5,120.0,0.3
267,2294.93,1.213,21.35,2130.57,38.89,72,28,44,True,1.45,True,1.25,True,8bars,200.0,4.0,2.5,120.0,0.3
224,2108.32,1.213,20.09,1498.61,38.89,72,28,44,True,1.45,True,1.15,False,8bars,250.0,4.5,2.5,120.0,0.25
221,2093.47,1.212,19.91,1606.65,38.89,72,28,44,True,1.45,True,1.15,True,8bars,250.0,4.5,2.5,120.0,0.25
272,2251.37,1.21,21.32,2126.78,38.89,72,28,44,True,1.45,True,1.25,False,8bars,200.0,4.0,2.5,120.0,0.25
219,2038.15,1.21,24.66,1635.27,38.89,72,28,44,True,1.4,True,1.25,False,12bars,250.0,3.5,2.5,120.0,0.25
304,2078.73,1.209,21.38,1762.84,38.89,72,28,44,True,1.45,True,1.25,False,12bars,200.0,4.0,2.0,100.0,0.3
286,1867.77,1.206,21.33,1762.84,38.89,72,28,44,True,1.45,True,1.25,True,12bars,150.0,4.0,2.0,100.0,0.3
272,2230.24,1.203,21.32,2166.09,38.89,72,28,44,True,1.45,True,1.25,False,8bars,200.0,4.0,2.5,120.0,0.3
309,2067.02,1.202,19.42,2009.6,38.89,72,28,44,True,1.45,True,1.25,False,8bars,200.0,4.5,2.0,120.0,0.25
219,2001.37,1.202,24.66,1668.47,38.89,72,28,44,True,1.4,True,1.25,False,12bars,250.0,3.5,2.5,120.0,0.3
174,1741.1,1.202,24.14,1350.94,38.89,72,28,44,True,1.35,True,1.25,False,8bars,250.0,3.5,2.5,120.0,0.3
224,2022.71,1.2,20.09,1513.66,38.89,72,28,44,True,1.45,True,1.15,False,8bars,250.0,4.5,2.5,120.0,0.3
221,2020.44,1.2,19.91,1617.65,38.89,72,28,44,True,1.45,True,1.15,True,8bars,250.0,4.5,2.5,120.0,0.3
290,1893.89,1.196,19.66,1989.55,38.89,72,28,44,True,1.45,True,1.25,False,12bars,150.0,4.5,2.0,120.0,0.25
288,1786.91,1.196,21.18,1762.84,38.89,72,28,44,True,1.45,True,1.25,False,12bars,150.0,4.0,2.0,100.0,0.3
203,1728.78,1.196,22.17,2029.56,38.89,72,28,44,True,1.45,True,1.15,False,12bars,150.0,4.0,2.5,120.0,0.3
215,1635.11,1.195,21.86,1700.21,38.89,72,28,44,True,1.45,True,1.15,False,8bars,150.0,4.0,2.5,100.0,0.25
231,1622.81,1.193,24.24,1160.46,38.89,72,28,44,True,1.4,True,1.25,True,12bars,250.0,3.5,2.0,100.0,0.3
313,2062.84,1.191,19.49,2476.7,38.89,72,28,44,True,1.45,True,1.25,False,12bars,250.0,4.5,2.0,120.0,0.25
300,1920.24,1.191,19.67,2163.66,38.89,72,28,44,True,1.45,True,1.25,False,12bars,200.0,4.5,2.0,120.0,0.25
232,1567.81,1.188,24.14,1137.1,38.89,72,28,44,True,1.4,True,1.25,True,12bars,250.0,3.5,2.0,100.0,0.25
175,1294.01,1.186,23.43,910.99,38.89,72,28,44,True,1.35,True,1.25,True,12bars,250.0,3.5,2.0,100.0,0.25
222,1699.72,1.18,21.62,1876.66,38.89,72,28,44,True,1.45,True,1.15,False,8bars,200.0,4.0,2.5,120.0,0.25
206,1520.47,1.176,21.84,1781.0,38.89,72,28,44,True,1.45,True,1.15,True,12bars,150.0,4.0,2.5,100.0,0.3
176,1253.33,1.176,23.3,917.41,38.89,72,28,44,True,1.35,True,1.25,False,12bars,250.0,3.5,2.0,100.0,0.3
219,1617.3,1.168,21.46,2005.7,38.89,72,28,44,True,1.45,True,1.15,True,8bars,200.0,4.0,2.5,120.0,0.3
211,1419.34,1.165,21.8,1721.54,38.89,72,28,44,True,1.45,True,1.15,True,8bars,150.0,4.0,2.5,100.0,0.3
264,1778.01,1.164,21.59,2542.75,38.89,72,28,44,True,1.45,True,1.25,True,12bars,200.0,4.0,2.5,120.0,0.3
270,1544.47,1.164,23.7,2277.62,38.89,72,28,44,True,1.45,True,1.25,True,12bars,150.0,3.5,2.5,100.0,0.25
270,1571.46,1.16,23.7,2356.61,38.89,72,28,44,True,1.45,True,1.25,True,12bars,150.0,3.5,2.5,100.0,0.3
266,1721.36,1.158,21.43,2599.4,38.89,72,28,44,True,1.45,True,1.25,False,12bars,200.0,4.0,2.5,120.0,0.3
275,1484.83,1.158,23.27,2031.99,38.89,72,28,44,True,1.45,True,1.25,True,8bars,150.0,3.5,2.5,100.0,0.25
272,1490.88,1.157,23.53,2331.21,38.89,72,28,44,True,1.45,True,1.25,False,12bars,150.0,3.5,2.5,100.0,0.25
181,1147.55,1.157,23.2,893.37,38.89,72,28,44,True,1.35,True,1.25,True,8bars,250.0,3.5,2.0,100.0,0.3
272,1514.81,1.153,23.53,2413.26,38.89,72,28,44,True,1.45,True,1.25,False,12bars,150.0,3.5,2.5,100.0,0.3
275,1501.83,1.153,23.27,2131.97,38.89,72,28,44,True,1.45,True,1.25,True,8bars,150.0,3.5,2.5,100.0,0.3
280,1444.87,1.151,23.21,2024.25,38.89,72,28,44,True,1.45,True,1.25,False,8bars,150.0,3.5,2.5,100.0,0.25
186,1107.61,1.15,23.12,1026.57,38.89,72,28,44,True,1.35,True,1.25,False,8bars,250.0,3.5,2.0,100.0,0.25
231,1477.42,1.148,21.21,1962.26,38.89,72,28,44,True,1.45,True,1.15,False,8bars,250.0,4.0,2.5,120.0,0.25
280,1451.49,1.145,23.21,2129.15,38.89,72,28,44,True,1.45,True,1.25,False,8bars,150.0,3.5,2.5,100.0,0.3
213,1381.07,1.145,21.6,2063.36,38.89,72,28,44,True,1.45,True,1.15,True,12bars,200.0,4.0,2.5,120.0,0.3
718,2392.41,1.141,21.87,1467.44,38.89,72,28,44,False,1.4,True,1.15,True,12bars,250.0,4.0,2.5,100.0,0.25
210,1213.33,1.139,23.33,1805.29,38.89,72,28,44,True,1.45,True,1.15,True,8bars,150.0,3.5,2.5,120.0,0.25
228,1395.0,1.137,21.05,2068.91,38.89,72,28,44,True,1.45,True,1.15,True,8bars,250.0,4.0,2.5,120.0,0.3
210,1174.77,1.131,23.33,1808.68,38.89,72,28,44,True,1.45,True,1.15,True,8bars,150.0,3.5,2.5,120.0,0.3
732,2194.41,1.127,21.58,1432.31,38.89,72,28,44,False,1.4,True,1.15,False,12bars,250.0,4.0,2.5,100.0,0.25
252,1301.98,1.125,21.03,2652.86,38.89,72,28,44,True,1.45,True,1.25,True,12bars,150.0,4.0,2.5,120.0,0.3
254,1245.34,1.119,20.87,2709.51,38.89,72,28,44,True,1.45,True,1.25,False,12bars,150.0,4.0,2.5,120.0,0.3
222,1158.77,1.115,21.17,2390.09,38.89,72,28,44,True,1.45,True,1.15,True,12bars,250.0,4.0,2.5,120.0,0.3
714,2197.42,1.114,24.09,1518.83,38.89,72,28,44,False,1.4,True,1.15,True,12bars,250.0,3.5,2.5,120.0,0.25
205,933.05,1.107,23.41,2128.81,38.89,72,28,44,True,1.45,True,1.15,True,12bars,150.0,3.5,2.5,120.0,0.25
317,1060.02,1.105,21.77,1909.78,38.89,72,28,44,True,1.45,True,1.25,True,8bars,200.0,3.5,2.0,100.0,0.3
264,1070.41,1.103,23.11,2701.39,38.89,72,28,44,True,1.45,True,1.25,True,12bars,150.0,3.5,2.5,120.0,0.3
264,1032.77,1.103,23.11,2647.02,38.89,72,28,44,True,1.45,True,1.25,True,12bars,150.0,3.5,2.5,120.0,0.25
205,912.05,1.102,23.41,2136.04,38.89,72,28,44,True,1.45,True,1.15,True,12bars,150.0,3.5,2.5,120.0,0.3
327,1025.28,1.098,21.71,1918.92,38.89,72,28,44,True,1.45,True,1.25,False,8bars,200.0,3.5,2.0,100.0,0.3
266,1013.76,1.097,22.93,2758.03,38.89,72,28,44,True,1.45,True,1.25,False,12bars,150.0,3.5,2.5,120.0,0.3
266,979.18,1.097,22.93,2700.61,38.89,72,28,44,True,1.45,True,1.25,False,12bars,150.0,3.5,2.5,120.0,0.25
210,725.51,1.083,22.86,1865.27,38.89,72,28,44,True,1.45,True,1.15,True,12bars,150.0,3.5,2.5,100.0,0.3
237,817.17,1.081,22.78,2339.53,38.89,72,28,44,True,1.45,True,1.15,False,8bars,250.0,3.5,2.5,120.0,0.25
817,1479.8,1.08,22.89,1460.64,38.89,72,28,44,False,1.4,True,1.15,True,8bars,250.0,3.5,2.5,100.0,0.25
830,1356.05,1.076,18.55,1590.58,38.89,72,28,44,False,1.4,True,1.15,True,12bars,250.0,4.5,2.0,120.0,0.25
237,766.03,1.075,22.78,2370.25,38.89,72,28,44,True,1.45,True,1.15,False,8bars,250.0,3.5,2.5,120.0,0.3
855,1425.23,1.073,22.69,1944.58,38.89,72,28,44,False,1.4,True,1.15,False,8bars,250.0,3.5,2.5,100.0,0.25
215,638.66,1.073,22.79,1838.78,38.89,72,28,44,True,1.45,True,1.15,True,8bars,150.0,3.5,2.5,100.0,0.3
231,692.34,1.071,22.51,2288.14,38.89,72,28,44,True,1.45,True,1.15,False,8bars,200.0,3.5,2.5,120.0,0.25
797,1430.4,1.07,22.84,2025.61,38.89,72,28,44,False,1.4,True,1.15,False,8bars,250.0,3.5,2.5,120.0,0.25
488,970.68,1.066,22.34,1568.29,38.89,72,28,44,True,1.45,False,1.2,False,8bars,250.0,3.5,2.0,100.0,0.25
901,1167.11,1.065,19.98,1850.17,38.89,72,28,44,False,1.4,True,1.15,True,8bars,250.0,4.0,2.0,100.0,0.25
310,684.75,1.065,21.94,2369.3,38.89,72,28,44,True,1.45,True,1.25,True,12bars,200.0,3.5,2.0,120.0,0.3
714,1251.97,1.064,23.25,1543.27,38.89,72,28,44,False,1.4,True,1.15,True,8bars,250.0,3.5,2.5,120.0,0.3
231,641.2,1.064,22.51,2318.86,38.89,72,28,44,True,1.45,True,1.15,False,8bars,200.0,3.5,2.5,120.0,0.3
988,1243.88,1.063,22.17,1681.23,38.89,72,28,44,False,1.4,True,1.15,True,8bars,250.0,3.5,2.0,100.0,0.25
307,599.23,1.063,21.17,1931.21,38.89,72,28,44,True,1.45,True,1.25,True,8bars,150.0,3.5,2.0,100.0,0.3
312,640.83,1.06,21.79,2374.21,38.89,72,28,44,True,1.45,True,1.25,False,12bars,200.0,3.5,2.0,120.0,0.3
962,1083.82,1.056,20.17,1312.93,38.89,72,28,44,False,1.4,True,1.15,False,8bars,250.0,4.0,2.0,100.0,0.25
335,592.77,1.054,21.49,2259.62,38.89,72,28,44,True,1.45,True,1.25,True,8bars,250.0,3.5,2.0,100.0,0.3
340,543.75,1.049,21.47,2469.35,38.89,72,28,44,True,1.45,True,1.25,False,8bars,250.0,3.5,2.0,100.0,0.3
804,868.13,1.047,18.53,1657.63,38.89,72,28,44,False,1.4,True,1.15,True,12bars,250.0,4.5,2.0,120.0,0.3
909,904.36,1.045,20.13,1375.26,38.89,72,28,44,False,1.4,True,1.15,False,8bars,250.0,4.0,2.0,100.0,0.3
1183,1106.7,1.044,22.82,2413.08,38.89,72,28,44,False,1.4,True,1.25,True,8bars,250.0,3.5,2.0,120.0,0.25
838,810.1,1.044,18.14,1363.97,38.89,72,28,44,False,1.4,True,1.15,False,12bars,250.0,4.5,2.0,100.0,0.3
855,805.58,1.043,18.25,1719.74,38.89,72,28,44,False,1.4,True,1.15,True,8bars,250.0,4.5,2.0,120.0,0.25
996,824.08,1.042,17.97,1919.18,38.89,72,28,44,False,1.4,True,1.25,True,12bars,250.0,4.5,2.0,100.0,0.25
312,378.71,1.039,20.83,2011.35,38.89,72,28,44,True,1.45,True,1.25,False,8bars,150.0,3.5,2.0,100.0,0.3
1148,887.07,1.038,22.74,2499.02,38.89,72,28,44,False,1.4,True,1.25,False,8bars,250.0,3.5,2.0,120.0,0.25
1030,738.58,1.037,17.96,1953.05,38.89,72,28,44,False,1.4,True,1.25,False,12bars,250.0,4.5,2.0,100.0,0.25
844,554.24,1.035,17.77,1822.35,38.89,72,28,44,False,1.4,True,1.15,True,8bars,200.0,4.5,2.0,100.0,0.25
1109,712.78,1.031,20.65,2903.47,38.89,72,28,44,False,1.4,False,1.2,False,12bars,250.0,4.0,2.0,100.0,0.25
941,651.67,1.03,22.21,1843.37,38.89,72,28,44,False,1.4,True,1.15,False,8bars,250.0,3.5,2.0,120.0,0.3
923,472.81,1.023,22.43,2194.81,38.89,72,28,44,False,1.4,True,1.15,True,8bars,250.0,3.5,2.0,120.0,0.3
894,437.92,1.023,18.12,1746.61,38.89,72,28,44,False,1.4,True,1.15,False,8bars,250.0,4.5,2.0,100.0,0.3
300,223.97,1.022,21.33,2390.73,38.89,72,28,44,True,1.45,True,1.25,True,12bars,150.0,3.5,2.0,120.0,0.3
795,318.36,1.019,18.11,1909.22,38.89,72,28,44,False,1.4,True,1.15,False,12bars,200.0,4.5,2.0,120.0,0.25
242,191.6,1.019,22.31,2419.09,38.89,72,28,44,True,1.45,True,1.15,False,8bars,250.0,3.5,2.5,100.0,0.3
302,180.04,1.018,21.19,2395.64,38.89,72,28,44,True,1.45,True,1.25,False,12bars,150.0,3.5,2.0,120.0,0.3
984,346.13,1.016,22.15,2004.26,38.89,72,28,44,False,1.4,True,1.15,False,8bars,250.0,3.5,2.0,100.0,0.3
868,310.53,1.016,19.7,1818.54,38.89,72,28,44,False,1.4,True,1.15,True,8bars,250.0,4.0,2.0,100.0,0.3
1063,338.95,1.014,19.94,2350.71,38.89,72,28,44,False,1.4,True,1.25,True,8bars,250.0,4.0,2.0,100.0,0.3
324,152.93,1.013,21.6,2742.12,38.89,72,28,44,True,1.45,True,1.25,True,12bars,250.0,3.5,2.0,120.0,0.3
819,187.61,1.01,18.19,1902.43,38.89,72,28,44,False,1.4,True,1.15,False,12bars,250.0,4.5,2.0,120.0,0.3
326,109.0,1.01,21.47,2772.37,38.89,72,28,44,True,1.45,True,1.25,False,12bars,250.0,3.5,2.0,120.0,0.3
236,66.76,1.007,22.03,2367.7,38.89,72,28,44,True,1.45,True,1.15,False,8bars,200.0,3.5,2.5,100.0,0.3
870,25.8,1.001,17.93,1967.38,38.89,72,28,44,False,1.4,True,1.15,False,8bars,250.0,4.5,2.0,120.0,0.25
838,-11.18,0.999,18.14,1969.73,38.89,72,28,44,False,1.4,True,1.15,False,8bars,250.0,4.5,2.0,120.0,0.3
901,-178.13,0.99,21.64,2392.38,38.89,72,28,44,False,1.4,True,1.15,True,8bars,200.0,3.5,2.0,120.0,0.25
940,-304.61,0.985,22.02,2033.49,38.89,72,28,44,False,1.4,True,1.15,True,12bars,250.0,3.5,2.0,100.0,0.3
1062,-393.08,0.984,20.15,2569.5,38.89,72,28,44,False,1.4,False,1.2,True,8bars,250.0,4.0,2.0,100.0,0.3
947,-380.4,0.982,21.86,2052.33,38.89,72,28,44,False,1.4,True,1.15,False,12bars,250.0,3.5,2.0,100.0,0.3
1079,-533.9,0.974,19.46,2548.13,38.89,72,28,44,False,1.4,True,1.25,False,8bars,200.0,4.0,2.0,100.0,0.25
1039,-589.3,0.973,19.63,2563.01,38.89,72,28,44,False,1.4,True,1.25,False,8bars,200.0,4.0,2.0,100.0,0.3
941,-1014.82,0.953,21.79,2220.89,38.89,72,28,44,False,1.4,True,1.15,False,12bars,250.0,3.5,2.0,120.0,0.3
755,-1611.38,0.903,19.07,2343.57,38.89,72,28,44,False,1.4,True,1.15,True,12bars,150.0,4.0,2.0,120.0,0.3
148,4306.42,1.687,27.7,948.66,37.5,72,27,45,True,1.4,True,1.15,True,8bars,200.0,4.5,2.5,100.0,0.25
148,4376.94,1.683,27.7,937.22,37.5,72,27,45,True,1.4,True,1.15,True,8bars,200.0,4.5,2.5,100.0,0.3
154,4327.98,1.66,27.27,948.66,37.5,72,27,45,True,1.4,True,1.15,True,8bars,250.0,4.5,2.5,100.0,0.25
145,4022.97,1.653,27.59,1085.44,37.5,72,27,45,True,1.4,True,1.15,True,8bars,150.0,4.5,2.5,100.0,0.25
145,4093.49,1.65,27.59,1082.38,37.5,72,27,45,True,1.4,True,1.15,True,8bars,150.0,4.5,2.5,100.0,0.3
149,4364.67,1.644,24.16,1156.72,37.5,72,27,45,True,1.35,True,1.25,False,12bars,150.0,4.5,2.5,100.0,0.25
156,4439.89,1.638,24.36,1058.81,37.5,72,27,45,True,1.35,True,1.25,False,8bars,150.0,4.5,2.5,100.0,0.25
153,4269.91,1.638,26.8,937.22,37.5,72,27,45,True,1.4,True,1.15,True,8bars,250.0,4.5,2.5,100.0,0.3
149,4072.07,1.624,26.85,995.62,37.5,72,27,45,True,1.4,True,1.15,True,12bars,250.0,4.5,2.5,100.0,0.25
145,3914.49,1.614,26.9,995.62,37.5,72,27,45,True,1.4,True,1.15,True,12bars,200.0,4.5,2.5,100.0,0.25
151,4018.48,1.611,26.49,1049.21,37.5,72,27,45,True,1.4,True,1.15,False,12bars,250.0,4.5,2.5,100.0,0.25
145,3974.01,1.611,26.9,1010.34,37.5,72,27,45,True,1.4,True,1.15,True,12bars,200.0,4.5,2.5,100.0,0.3
148,4003.01,1.602,26.35,1010.34,37.5,72,27,45,True,1.4,True,1.15,True,12bars,250.0,4.5,2.5,100.0,0.3
147,3860.9,1.601,26.53,1049.21,37.5,72,27,45,True,1.4,True,1.15,False,12bars,200.0,4.5,2.5,100.0,0.25
147,3917.36,1.597,26.53,1066.98,37.5,72,27,45,True,1.4,True,1.15,False,12bars,200.0,4.5,2.5,100.0,0.3
151,4209.25,1.592,23.84,1172.71,37.5,72,27,45,True,1.35,True,1.25,False,12bars,200.0,4.5,2.5,100.0,0.3
158,4300.38,1.589,24.05,1055.21,37.5,72,27,45,True,1.35,True,1.25,False,8bars,200.0,4.5,2.5,100.0,0.3
150,3946.36,1.589,26.0,1066.98,37.5,72,27,45,True,1.4,True,1.15,False,12bars,250.0,4.5,2.5,100.0,0.3
151,4163.97,1.562,23.84,1251.48,37.5,72,27,45,True,1.35,True,1.25,True,12bars,200.0,4.5,2.5,120.0,0.3
151,4073.22,1.559,23.84,1241.11,37.5,72,27,45,True,1.35,True,1.25,True,12bars,200.0,4.5,2.5,120.0,0.25
152,4115.97,1.551,23.68,1251.48,37.5,72,27,45,True,1.35,True,1.25,False,12bars,200.0,4.5,2.5,120.0,0.3
151,3691.49,1.551,27.15,1317.86,37.5,72,27,45,True,1.4,True,1.15,False,12bars,200.0,4.0,2.5,120.0,0.25
152,4025.22,1.549,23.68,1241.11,37.5,72,27,45,True,1.35,True,1.25,False,12bars,200.0,4.5,2.5,120.0,0.25
150,3747.17,1.539,24.0,1156.72,37.5,72,27,45,True,1.35,True,1.25,True,12bars,150.0,4.5,2.5,100.0,0.25
156,4006.82,1.534,23.08,1172.71,37.5,72,27,45,True,1.35,True,1.25,False,12bars,250.0,4.5,2.5,100.0,0.3
158,3521.3,1.534,28.48,1233.46,37.5,72,27,45,True,1.4,True,1.15,True,8bars,200.0,4.0,2.5,100.0,0.25
159,4153.7,1.532,23.9,1133.98,37.5,72,27,45,True,1.35,True,1.25,False,8bars,200.0,4.5,2.5,120.0,0.3
163,4097.95,1.532,23.31,1055.21,37.5,72,27,45,True,1.35,True,1.25,False,8bars,250.0,4.5,2.5,100.0,0.3
156,4060.47,1.532,23.72,1133.98,37.5,72,27,45,True,1.35,True,1.25,True,8bars,200.0,4.5,2.5,120.0,0.3
159,4046.11,1.527,23.9,1143.2,37.5,72,27,45,True,1.35,True,1.25,False,8bars,200.0,4.5,2.5,120.0,0.25
156,3952.87,1.526,23.72,1143.2,37.5,72,27,45,True,1.35,True,1.25,True,8bars,200.0,4.5,2.5,120.0,0.25
148,3435.45,1.522,27.03,1317.86,37.5,72,27,45,True,1.4,True,1.15,False,12bars,150.0,4.0,2.5,120.0,0.25
155,3741.2,1.519,23.87,1055.21,37.5,72,27,45,True,1.35,True,1.25,True,8bars,150.0,4.5,2.5,100.0,0.3
152,3287.07,1.519,28.29,1233.46,37.5,72,27,45,True,1.4,True,1.15,True,8bars,150.0,4.0,2.5,100.0,0.25
162,3442.92,1.511,28.4,1351.86,37.5,72,27,45,True,1.4,True,1.15,False,8bars,200.0,4.0,2.5,100.0,0.25
160,3420.58,1.511,28.12,1233.46,37.5,72,27,45,True,1.4,True,1.15,True,8bars,250.0,4.0,2.5,100.0,0.25
156,3961.55,1.507,23.08,1251.48,37.5,72,27,45,True,1.35,True,1.25,True,12bars,250.0,4.5,2.5,120.0,0.3
152,3667.26,1.503,23.68,1172.71,37.5,72,27,45,True,1.35,True,1.25,True,12bars,200.0,4.5,2.5,100.0,0.3
153,3297.43,1.502,28.1,1233.46,37.5,72,27,45,True,1.4,True,1.15,True,12bars,200.0,4.0,2.5,100.0,0.25
157,3913.55,1.498,22.93,1251.48,37.5,72,27,45,True,1.35,True,1.25,False,12bars,250.0,4.5,2.5,120.0,0.3
156,3208.69,1.496,28.21,1351.86,37.5,72,27,45,True,1.4,True,1.15,False,8bars,150.0,4.0,2.5,100.0,0.25
155,3430.73,1.493,26.45,1320.81,37.5,72,27,45,True,1.4,True,1.15,False,12bars,250.0,4.0,2.5,120.0,0.25
157,3798.86,1.49,22.93,1241.11,37.5,72,27,45,True,1.35,True,1.25,True,12bars,250.0,4.5,2.5,120.0,0.25
164,3342.2,1.489,28.05,1351.86,37.5,72,27,45,True,1.4,True,1.15,False,8bars,250.0,4.0,2.5,100.0,0.25
164,3951.27,1.482,23.17,1133.98,37.5,72,27,45,True,1.35,True,1.25,False,8bars,250.0,4.5,2.5,120.0,0.3
158,3750.86,1.481,22.78,1241.11,37.5,72,27,45,True,1.35,True,1.25,False,12bars,250.0,4.5,2.5,120.0,0.25
161,3858.04,1.48,22.98,1133.98,37.5,72,27,45,True,1.35,True,1.25,True,8bars,250.0,4.5,2.5,120.0,0.3
155,3196.71,1.48,27.74,1233.46,37.5,72,27,45,True,1.4,True,1.15,True,12bars,250.0,4.0,2.5,100.0,0.25
154,3187.59,1.472,27.27,1239.92,37.5,72,27,45,True,1.4,True,1.15,False,12bars,200.0,4.0,2.5,100.0,0.3
152,2677.32,1.471,26.32,851.9,37.5,72,27,45,True,1.4,True,1.15,True,12bars,150.0,4.5,2.0,100.0,0.25
152,2700.41,1.465,26.32,861.63,37.5,72,27,45,True,1.4,True,1.15,True,12bars,150.0,4.5,2.0,100.0,0.3
165,3771.75,1.463,23.03,1143.2,37.5,72,27,45,True,1.35,True,1.25,False,8bars,250.0,4.5,2.5,120.0,0.25
162,3678.52,1.461,22.84,1143.2,37.5,72,27,45,True,1.35,True,1.25,True,8bars,250.0,4.5,2.5,120.0,0.25
150,3186.21,1.461,24.67,1189.55,37.5,72,27,45,True,1.35,True,1.25,False,12bars,150.0,4.0,2.5,100.0,0.3
157,3245.13,1.457,24.84,1085.21,37.5,72,27,45,True,1.35,True,1.25,False,8bars,150.0,4.0,2.5,100.0,0.3
186,3410.5,1.455,24.19,1315.99,37.5,72,27,45,True,1.4,True,1.25,True,8bars,150.0,4.5,2.5,100.0,0.25
190,3428.22,1.454,24.21,1345.59,37.5,72,27,45,True,1.4,True,1.25,False,8bars,150.0,4.5,2.5,100.0,0.25
149,2927.18,1.454,27.52,1233.46,37.5,72,27,45,True,1.4,True,1.15,True,12bars,150.0,4.0,2.5,100.0,0.25
186,3501.46,1.453,24.19,1326.4,37.5,72,27,45,True,1.4,True,1.25,True,8bars,150.0,4.5,2.5,100.0,0.3
190,3520.79,1.452,24.21,1361.92,37.5,72,27,45,True,1.4,True,1.25,False,8bars,150.0,4.5,2.5,100.0,0.3
157,3464.83,1.45,22.93,1172.71,37.5,72,27,45,True,1.35,True,1.25,True,12bars,250.0,4.5,2.5,100.0,0.3
156,3086.86,1.45,26.92,1239.92,37.5,72,27,45,True,1.4,True,1.15,False,12bars,250.0,4.0,2.5,100.0,0.3
151,2931.54,1.442,27.15,1239.92,37.5,72,27,45,True,1.4,True,1.15,False,12bars,150.0,4.0,2.5,100.0,0.3
164,2665.29,1.438,26.22,1008.53,37.5,72,27,45,True,1.4,True,1.15,False,12bars,250.0,4.0,2.0,100.0,0.25
183,3287.25,1.436,24.04,1315.99,37.5,72,27,45,True,1.4,True,1.25,True,12bars,150.0,4.5,2.5,100.0,0.25
183,3379.76,1.435,24.04,1326.4,37.5,72,27,45,True,1.4,True,1.25,True,12bars,150.0,4.5,2.5,100.0,0.3
185,3233.66,1.426,23.78,1315.99,37.5,72,27,45,True,1.4,True,1.25,False,12bars,150.0,4.5,2.5,100.0,0.25
185,3323.11,1.425,23.78,1326.4,37.5,72,27,45,True,1.4,True,1.25,False,12bars,150.0,4.5,2.5,100.0,0.3
155,2994.57,1.403,24.52,1163.98,37.5,72,27,45,True,1.35,True,1.25,True,8bars,150.0,4.0,2.5,120.0,0.3
155,2901.97,1.397,24.52,1171.0,37.5,72,27,45,True,1.35,True,1.25,True,8bars,150.0,4.0,2.5,120.0,0.25
203,3458.74,1.396,24.63,1362.73,37.5,72,27,45,True,1.4,True,1.25,False,12bars,200.0,4.0,2.5,120.0,0.25
213,3646.58,1.385,24.88,1653.27,37.5,72,27,45,True,1.4,True,1.25,True,8bars,250.0,4.0,2.5,120.0,0.25
151,2683.33,1.378,24.5,1189.55,37.5,72,27,45,True,1.35,True,1.25,True,12bars,150.0,4.0,2.5,100.0,0.3
164,2284.21,1.359,25.0,851.9,37.5,72,27,45,True,1.4,True,1.15,True,12bars,250.0,4.5,2.0,100.0,0.25
208,3070.3,1.356,25.48,1339.92,37.5,72,27,45,True,1.4,True,1.25,True,8bars,200.0,4.0,2.5,100.0,0.3
164,2307.31,1.356,25.0,861.63,37.5,72,27,45,True,1.4,True,1.15,True,12bars,250.0,4.5,2.0,100.0,0.3
212,3080.86,1.355,25.47,1375.44,37.5,72,27,45,True,1.4,True,1.25,False,8bars,200.0,4.0,2.5,100.0,0.3
157,2689.46,1.344,23.57,1268.32,37.5,72,27,45,True,1.35,True,1.25,True,12bars,200.0,4.0,2.5,120.0,0.3
209,3158.91,1.342,24.4,1665.49,37.5,72,27,45,True,1.4,True,1.25,True,12bars,250.0,4.0,2.5,120.0,0.25
160,2714.09,1.339,23.75,1323.07,37.5,72,27,45,True,1.35,True,1.25,True,12bars,250.0,4.0,2.5,120.0,0.3
160,2650.52,1.337,23.75,1323.5,37.5,72,27,45,True,1.35,True,1.25,True,12bars,250.0,4.0,2.5,120.0,0.25
158,2641.46,1.336,23.42,1268.32,37.5,72,27,45,True,1.35,True,1.25,False,12bars,200.0,4.0,2.5,120.0,0.3
200,2745.91,1.334,21.5,1266.3,37.5,72,27,45,True,1.45,True,1.15,True,12bars,200.0,4.5,2.5,100.0,0.25
161,2666.09,1.331,23.6,1323.07,37.5,72,27,45,True,1.35,True,1.25,False,12bars,250.0,4.0,2.5,120.0,0.3
230,2815.47,1.33,23.04,1048.51,37.5,72,27,45,True,1.4,True,1.25,True,8bars,250.0,4.5,2.0,100.0,0.25
161,2602.52,1.329,23.6,1323.5,37.5,72,27,45,True,1.35,True,1.25,False,12bars,250.0,4.0,2.5,120.0,0.25
211,3102.7,1.327,24.17,1739.28,37.5,72,27,45,True,1.4,True,1.25,False,12bars,250.0,4.0,2.5,120.0,0.3
158,2539.57,1.327,23.42,1257.96,37.5,72,27,45,True,1.35,True,1.25,True,12bars,200.0,4.0,2.5,120.0,0.25
202,2692.33,1.326,21.29,1266.3,37.5,72,27,45,True,1.45,True,1.15,False,12bars,200.0,4.5,2.5,100.0,0.25
165,2636.83,1.322,23.64,1322.05,37.5,72,27,45,True,1.35,True,1.25,False,8bars,200.0,4.0,2.5,120.0,0.3
205,2614.75,1.32,21.46,1283.0,37.5,72,27,45,True,1.45,True,1.15,True,8bars,200.0,4.5,2.5,100.0,0.25
159,2491.57,1.319,23.27,1257.96,37.5,72,27,45,True,1.35,True,1.25,False,12bars,200.0,4.0,2.5,120.0,0.25
163,2360.38,1.318,24.54,963.28,37.5,72,27,45,True,1.35,True,1.25,False,8bars,150.0,3.5,2.5,100.0,0.3
200,2677.64,1.317,21.5,1270.68,37.5,72,27,45,True,1.45,True,1.15,True,12bars,200.0,4.5,2.5,100.0,0.3
168,2661.47,1.317,23.81,1434.18,37.5,72,27,45,True,1.35,True,1.25,False,8bars,250.0,4.0,2.5,120.0,0.3
168,2583.25,1.313,23.81,1449.26,37.5,72,27,45,True,1.35,True,1.25,False,8bars,250.0,4.0,2.5,120.0,0.25
202,2620.99,1.308,21.29,1270.68,37.5,72,27,45,True,1.45,True,1.15,False,12bars,200.0,4.5,2.5,100.0,0.3
201,2441.71,1.307,21.39,1283.0,37.5,72,27,45,True,1.45,True,1.15,True,8bars,150.0,4.5,2.5,100.0,0.25
221,2746.83,1.304,25.79,1424.82,37.5,72,27,45,True,1.4,True,1.25,False,12bars,250.0,3.5,2.5,100.0,0.25
166,2472.3,1.304,23.49,1337.13,37.5,72,27,45,True,1.35,True,1.25,False,8bars,200.0,4.0,2.5,120.0,0.25
205,2562.22,1.303,21.46,1290.72,37.5,72,27,45,True,1.45,True,1.15,True,8bars,200.0,4.5,2.5,100.0,0.3
204,2594.43,1.3,25.0,1339.92,37.5,72,27,45,True,1.4,True,1.25,True,12bars,200.0,4.0,2.5,100.0,0.3
211,2518.17,1.294,26.54,1201.38,37.5,72,27,45,True,1.4,True,1.25,False,12bars,200.0,3.5,2.5,100.0,0.25
165,1839.1,1.293,25.45,927.67,37.5,72,27,45,True,1.4,True,1.15,True,12bars,250.0,4.0,2.0,100.0,0.25
201,2389.18,1.29,21.39,1290.72,37.5,72,27,45,True,1.45,True,1.15,True,8bars,150.0,4.5,2.5,100.0,0.3
209,2471.0,1.282,26.32,1221.84,37.5,72,27,45,True,1.4,True,1.25,False,12bars,200.0,3.5,2.5,100.0,0.3
226,2351.76,1.281,22.57,1048.51,37.5,72,27,45,True,1.4,True,1.25,True,12bars,250.0,4.5,2.0,100.0,0.25
191,2167.98,1.278,25.13,1335.92,37.5,72,27,45,True,1.4,True,1.25,True,12bars,150.0,4.0,2.5,100.0,0.25
158,2082.11,1.277,24.05,1069.37,37.5,72,27,45,True,1.35,True,1.25,False,12bars,150.0,3.5,2.5,120.0,0.25
278,2886.1,1.275,19.78,1956.97,37.5,72,27,45,True,1.45,True,1.25,True,8bars,250.0,4.5,2.5,100.0,0.3
292,2413.21,1.274,19.86,1756.46,37.5,72,27,45,True,1.45,True,1.25,True,8bars,150.0,4.5,2.0,100.0,0.25
193,2211.27,1.273,24.87,1339.92,37.5,72,27,45,True,1.4,True,1.25,False,12bars,150.0,4.0,2.5,100.0,0.3
283,2874.25,1.269,19.79,1992.49,37.5,72,27,45,True,1.45,True,1.25,False,8bars,250.0,4.5,2.5,100.0,0.3
168,2097.88,1.269,24.4,1202.73,37.5,72,27,45,True,1.35,True,1.25,False,8bars,200.0,3.5,2.5,100.0,0.3
275,2992.69,1.265,22.18,2331.88,37.5,72,27,45,True,1.45,True,1.25,True,12bars,250.0,4.0,2.5,120.0,0.25
169,1702.23,1.26,24.26,910.99,37.5,72,27,45,True,1.35,True,1.25,False,12bars,200.0,3.5,2.0,100.0,0.25
277,2939.11,1.259,22.02,2337.47,37.5,72,27,45,True,1.45,True,1.25,False,12bars,250.0,4.0,2.5,120.0,0.25
162,1987.83,1.258,24.07,993.38,37.5,72,27,45,True,1.35,True,1.25,True,8bars,150.0,3.5,2.5,120.0,0.25
169,1606.43,1.257,26.04,1084.3,37.5,72,27,45,True,1.4,True,1.15,False,12bars,250.0,3.5,2.0,100.0,0.25
275,2657.47,1.252,20.0,2082.73,37.5,72,27,45,True,1.45,True,1.25,False,12bars,250.0,4.5,2.5,100.0,0.3
157,1869.89,1.252,24.2,1005.51,37.5,72,27,45,True,1.35,True,1.25,True,12bars,150.0,3.5,2.5,100.0,0.3
303,2398.39,1.25,19.8,1806.06,37.5,72,27,45,True,1.45,True,1.25,True,8bars,200.0,4.5,2.0,100.0,0.3
264,2490.16,1.249,20.08,1933.97,37.5,72,27,45,True,1.45,True,1.25,False,12bars,200.0,4.5,2.5,100.0,0.3
169,1582.28,1.248,26.04,1094.03,37.5,72,27,45,True,1.4,True,1.15,False,12bars,250.0,3.5,2.0,100.0,0.3
316,2540.99,1.245,19.62,2119.1,37.5,72,27,45,True,1.45,True,1.25,True,8bars,250.0,4.5,2.0,100.0,0.3
297,2216.43,1.245,19.53,1792.39,37.5,72,27,45,True,1.45,True,1.25,False,8bars,150.0,4.5,2.0,100.0,0.25
173,1625.26,1.243,24.28,868.11,37.5,72,27,45,True,1.35,True,1.25,True,8bars,200.0,3.5,2.0,100.0,0.25
323,2494.91,1.234,19.5,2202.81,37.5,72,27,45,True,1.45,True,1.25,False,8bars,250.0,4.5,2.0,100.0,0.3
287,2131.57,1.232,19.86,1790.88,37.5,72,27,45,True,1.45,True,1.25,False,12bars,150.0,4.5,2.0,100.0,0.3
220,1817.48,1.232,24.55,1133.36,37.5,72,27,45,True,1.4,True,1.25,False,12bars,200.0,3.5,2.0,100.0,0.3
163,1819.6,1.231,23.93,1202.81,37.5,72,27,45,True,1.35,True,1.25,False,12bars,200.0,3.5,2.5,120.0,0.25
221,1762.48,1.227,24.43,1121.4,37.5,72,27,45,True,1.4,True,1.25,False,12bars,200.0,3.5,2.0,100.0,0.25
313,2222.8,1.225,21.73,1748.36,37.5,72,27,45,True,1.45,True,1.25,True,12bars,250.0,4.0,2.0,100.0,0.25
166,1816.56,1.225,24.1,1202.81,37.5,72,27,45,True,1.35,True,1.25,True,12bars,250.0,3.5,2.5,120.0,0.25
164,1371.83,1.224,25.61,1084.3,37.5,72,27,45,True,1.4,True,1.15,False,12bars,200.0,3.5,2.0,100.0,0.25
308,2185.59,1.222,19.48,1889.78,37.5,72,27,45,True,1.45,True,1.25,False,8bars,200.0,4.5,2.0,100.0,0.3
289,1943.8,1.217,19.72,1697.54,37.5,72,27,45,True,1.45,True,1.25,True,12bars,150.0,4.5,2.0,100.0,0.25
167,1788.08,1.216,23.95,1226.66,37.5,72,27,45,True,1.35,True,1.25,False,12bars,250.0,3.5,2.5,120.0,0.3
164,1347.68,1.216,25.61,1094.03,37.5,72,27,45,True,1.4,True,1.15,False,12bars,200.0,3.5,2.0,100.0,0.3
315,2141.94,1.215,21.59,1748.36,37.5,72,27,45,True,1.45,True,1.25,False,12bars,250.0,4.0,2.0,100.0,0.25
167,1725.32,1.214,23.95,1221.13,37.5,72,27,45,True,1.35,True,1.25,True,8bars,200.0,3.5,2.5,120.0,0.25
304,2043.73,1.213,21.38,1748.36,37.5,72,27,45,True,1.45,True,1.25,True,12bars,200.0,4.0,2.0,100.0,0.25
299,2039.75,1.211,19.73,1964.99,37.5,72,27,45,True,1.45,True,1.25,False,12bars,200.0,4.5,2.0,100.0,0.3
299,1970.16,1.211,19.73,1846.51,37.5,72,27,45,True,1.45,True,1.25,True,12bars,200.0,4.5,2.0,100.0,0.25
312,2182.35,1.209,19.55,2278.02,37.5,72,27,45,True,1.45,True,1.25,False,12bars,250.0,4.5,2.0,100.0,0.3
312,2112.76,1.209,19.55,2159.54,37.5,72,27,45,True,1.45,True,1.25,True,12bars,250.0,4.5,2.0,100.0,0.25
203,1781.6,1.207,22.17,2001.67,37.5,72,27,45,True,1.45,True,1.15,False,12bars,150.0,4.0,2.5,120.0,0.25
306,1962.87,1.203,21.24,1748.36,37.5,72,27,45,True,1.45,True,1.25,False,12bars,200.0,4.0,2.0,100.0,0.25
174,1709.13,1.202,24.14,1339.53,37.5,72,27,45,True,1.35,True,1.25,False,8bars,250.0,3.5,2.5,120.0,0.25
171,1706.26,1.202,23.98,1232.53,37.5,72,27,45,True,1.35,True,1.25,True,8bars,250.0,3.5,2.5,120.0,0.3
220,1883.07,1.199,25.45,1463.4,37.5,72,27,45,True,1.4,True,1.25,True,12bars,250.0,3.5,2.5,100.0,0.3
288,1751.9,1.199,21.18,1748.36,37.5,72,27,45,True,1.45,True,1.25,True,12bars,150.0,4.0,2.0,100.0,0.25
221,1820.94,1.196,25.34,1419.23,37.5,72,27,45,True,1.4,True,1.25,True,12bars,250.0,3.5,2.5,100.0,0.25
163,1521.07,1.193,23.93,1134.86,37.5,72,27,45,True,1.35,True,1.25,True,12bars,200.0,3.5,2.5,100.0,0.3
206,1598.2,1.191,21.84,1739.03,37.5,72,27,45,True,1.45,True,1.15,True,12bars,150.0,4.0,2.5,100.0,0.25
290,1671.04,1.188,21.03,1748.36,37.5,72,27,45,True,1.45,True,1.25,False,12bars,150.0,4.0,2.0,100.0,0.25
215,1795.59,1.183,20.0,1766.63,37.5,72,27,45,True,1.45,True,1.15,True,12bars,250.0,4.5,2.5,120.0,0.25
233,1541.95,1.182,24.03,1202.3,37.5,72,27,45,True,1.4,True,1.25,False,12bars,250.0,3.5,2.0,100.0,0.3
219,1688.39,1.179,21.46,1984.7,37.5,72,27,45,True,1.45,True,1.15,True,8bars,200.0,4.0,2.5,120.0,0.25
176,1254.99,1.179,23.3,910.99,37.5,72,27,45,True,1.35,True,1.25,False,12bars,250.0,3.5,2.0,100.0,0.25
211,1485.49,1.178,21.8,1688.71,37.5,72,27,45,True,1.45,True,1.15,True,8bars,150.0,4.0,2.5,100.0,0.25
217,1742.0,1.177,19.82,1772.21,37.5,72,27,45,True,1.45,True,1.15,False,12bars,250.0,4.5,2.5,120.0,0.25
234,1486.95,1.177,23.93,1178.94,37.5,72,27,45,True,1.4,True,1.25,False,12bars,250.0,3.5,2.0,100.0,0.25
215,1740.12,1.174,20.0,1779.04,37.5,72,27,45,True,1.45,True,1.15,True,12bars,250.0,4.5,2.5,120.0,0.3
208,1463.82,1.168,21.63,1789.65,37.5,72,27,45,True,1.45,True,1.15,False,12bars,150.0,4.0,2.5,100.0,0.3
302,2016.32,1.167,22.85,2857.22,37.5,72,27,45,True,1.45,True,1.25,False,8bars,250.0,3.5,2.5,120.0,0.25
264,1756.97,1.167,21.59,2480.26,37.5,72,27,45,True,1.45,True,1.25,True,12bars,200.0,4.0,2.5,120.0,0.25
217,1683.47,1.167,19.82,1787.69,37.5,72,27,45,True,1.45,True,1.15,False,12bars,250.0,4.5,2.5,120.0,0.3
295,1947.23,1.166,22.71,2876.95,37.5,72,27,45,True,1.45,True,1.25,True,8bars,250.0,3.5,2.5,120.0,0.25
302,2011.16,1.162,22.85,2931.51,37.5,72,27,45,True,1.45,True,1.25,False,8bars,250.0,3.5,2.5,120.0,0.3
295,1950.05,1.161,22.71,2948.74,37.5,72,27,45,True,1.45,True,1.25,True,8bars,250.0,3.5,2.5,120.0,0.3
266,1703.38,1.161,21.43,2533.84,37.5,72,27,45,True,1.45,True,1.25,False,12bars,200.0,4.0,2.5,120.0,0.25
181,1139.31,1.159,23.2,873.5,37.5,72,27,45,True,1.35,True,1.25,True,8bars,250.0,3.5,2.0,100.0,0.25
213,1434.6,1.154,21.6,2038.53,37.5,72,27,45,True,1.45,True,1.15,True,12bars,200.0,4.0,2.5,120.0,0.25
228,1466.09,1.147,21.05,2047.91,37.5,72,27,45,True,1.45,True,1.15,True,8bars,250.0,4.0,2.5,120.0,0.25
278,1523.36,1.141,23.38,2588.76,37.5,72,27,45,True,1.45,True,1.25,True,12bars,200.0,3.5,2.5,120.0,0.25
278,1561.0,1.14,23.38,2646.65,37.5,72,27,45,True,1.45,True,1.25,True,12bars,200.0,3.5,2.5,120.0,0.3
215,1324.42,1.138,21.4,2072.01,37.5,72,27,45,True,1.45,True,1.15,False,12bars,200.0,4.0,2.5,120.0,0.3
280,1469.77,1.136,23.21,2594.35,37.5,72,27,45,True,1.45,True,1.25,False,12bars,200.0,3.5,2.5,120.0,0.25
280,1504.35,1.135,23.21,2655.3,37.5,72,27,45,True,1.45,True,1.25,False,12bars,200.0,3.5,2.5,120.0,0.3
264,1278.93,1.132,20.45,1978.34,37.5,72,27,45,True,1.45,True,1.25,True,8bars,150.0,4.0,2.5,100.0,0.3
252,1280.95,1.127,21.03,2590.36,37.5,72,27,45,True,1.45,True,1.25,True,12bars,150.0,4.0,2.5,120.0,0.25
269,1247.84,1.126,20.45,1953.36,37.5,72,27,45,True,1.45,True,1.25,False,8bars,150.0,4.0,2.5,100.0,0.3
222,1212.3,1.123,21.17,2365.26,37.5,72,27,45,True,1.45,True,1.15,True,12bars,250.0,4.0,2.5,120.0,0.25
254,1227.36,1.121,20.87,2643.95,37.5,72,27,45,True,1.45,True,1.25,False,12bars,150.0,4.0,2.5,120.0,0.25
224,1102.12,1.109,20.98,2398.74,37.5,72,27,45,True,1.45,True,1.15,False,12bars,250.0,4.0,2.5,120.0,0.3
260,1052.6,1.108,20.77,2224.43,37.5,72,27,45,True,1.45,True,1.25,True,12bars,150.0,4.0,2.5,100.0,0.3
319,1010.81,1.103,21.63,1834.74,37.5,72,27,45,True,1.45,True,1.25,True,8bars,200.0,3.5,2.0,100.0,0.25
262,995.95,1.101,20.61,2281.07,37.5,72,27,45,True,1.45,True,1.25,False,12bars,150.0,4.0,2.5,100.0,0.3
207,879.47,1.1,23.19,2134.4,37.5,72,27,45,True,1.45,True,1.15,False,12bars,150.0,3.5,2.5,120.0,0.25
329,989.5,1.097,21.58,1841.96,37.5,72,27,45,True,1.45,True,1.25,False,8bars,200.0,3.5,2.0,100.0,0.25
207,855.41,1.095,23.19,2144.68,37.5,72,27,45,True,1.45,True,1.15,False,12bars,150.0,3.5,2.5,120.0,0.3
219,812.33,1.095,22.83,1744.11,37.5,72,27,45,True,1.45,True,1.15,False,8bars,150.0,3.5,2.5,100.0,0.25
227,879.52,1.094,21.15,1811.07,37.5,72,27,45,True,1.45,True,1.15,False,8bars,200.0,4.0,2.5,100.0,0.3
210,780.08,1.092,22.86,1838.71,37.5,72,27,45,True,1.45,True,1.15,True,12bars,150.0,3.5,2.5,100.0,0.25
750,1656.94,1.091,23.87,1172.48,37.5,72,27,45,False,1.4,True,1.15,True,12bars,250.0,3.5,2.5,100.0,0.25
212,668.86,1.076,22.64,1873.92,37.5,72,27,45,True,1.45,True,1.15,False,12bars,150.0,3.5,2.5,100.0,0.3
228,684.53,1.07,22.37,2328.83,37.5,72,27,45,True,1.45,True,1.15,True,8bars,200.0,3.5,2.5,120.0,0.25
236,657.22,1.066,20.76,2137.8,37.5,72,27,45,True,1.45,True,1.15,False,8bars,250.0,4.0,2.5,100.0,0.3
232,654.96,1.066,22.41,2380.22,37.5,72,27,45,True,1.45,True,1.15,True,8bars,250.0,3.5,2.5,120.0,0.25
228,645.97,1.064,22.37,2352.44,37.5,72,27,45,True,1.45,True,1.15,True,8bars,200.0,3.5,2.5,120.0,0.3
751,1233.32,1.062,23.57,2026.03,37.5,72,27,45,False,1.4,True,1.15,False,12bars,250.0,3.5,2.5,120.0,0.25
232,616.4,1.061,22.41,2403.83,37.5,72,27,45,True,1.45,True,1.15,True,8bars,250.0,3.5,2.5,120.0,0.3
309,550.03,1.059,21.04,1856.17,37.5,72,27,45,True,1.45,True,1.25,True,8bars,150.0,3.5,2.0,100.0,0.25
312,601.74,1.058,21.79,2328.01,37.5,72,27,45,True,1.45,True,1.25,True,12bars,200.0,3.5,2.0,120.0,0.25
742,1013.71,1.054,22.78,1636.3,37.5,72,27,45,False,1.4,True,1.15,True,8bars,250.0,3.5,2.5,120.0,0.25
314,560.45,1.054,21.66,2330.28,37.5,72,27,45,True,1.45,True,1.25,False,12bars,200.0,3.5,2.0,120.0,0.25
337,543.56,1.051,21.36,2193.46,37.5,72,27,45,True,1.45,True,1.25,True,8bars,250.0,3.5,2.0,100.0,0.25
858,931.14,1.05,18.3,1528.9,37.5,72,27,45,False,1.4,True,1.15,True,8bars,250.0,4.5,2.0,100.0,0.3
222,474.83,1.049,22.52,2550.43,37.5,72,27,45,True,1.45,True,1.15,True,12bars,200.0,3.5,2.5,120.0,0.25
863,812.46,1.047,17.96,1429.85,37.5,72,27,45,False,1.4,True,1.15,False,12bars,250.0,4.5,2.0,100.0,0.25
342,507.96,1.047,21.35,2401.28,37.5,72,27,45,True,1.45,True,1.25,False,8bars,250.0,3.5,2.0,100.0,0.25
222,453.83,1.046,22.52,2560.01,37.5,72,27,45,True,1.45,True,1.15,True,12bars,200.0,3.5,2.5,120.0,0.3
226,445.26,1.045,22.57,2601.82,37.5,72,27,45,True,1.45,True,1.15,True,12bars,250.0,3.5,2.5,120.0,0.25
812,682.76,1.044,18.23,1502.17,37.5,72,27,45,False,1.4,True,1.15,True,12bars,200.0,4.5,2.0,100.0,0.25
226,424.26,1.042,22.57,2611.4,37.5,72,27,45,True,1.45,True,1.15,True,12bars,250.0,3.5,2.5,120.0,0.3
750,627.85,1.036,23.07,1262.44,37.5,72,27,45,False,1.4,True,1.15,False,12bars,200.0,3.5,2.5,100.0,0.25
314,342.92,1.036,20.7,1934.39,37.5,72,27,45,True,1.45,True,1.25,False,8bars,150.0,3.5,2.0,100.0,0.25
960,670.28,1.034,18.44,2088.53,37.5,72,27,45,False,1.4,True,1.25,True,12bars,250.0,4.5,2.0,120.0,0.25
1209,707.25,1.03,22.5,2270.63,37.5,72,27,45,False,1.4,True,1.25,True,8bars,250.0,3.5,2.0,100.0,0.25
1104,668.34,1.03,19.93,2324.19,37.5,72,27,45,False,1.4,True,1.25,True,8bars,250.0,4.0,2.0,100.0,0.25
922,531.71,1.029,18.11,1716.41,37.5,72,27,45,False,1.4,True,1.15,False,8bars,250.0,4.5,2.0,100.0,0.25
828,522.08,1.029,18.24,1646.79,37.5,72,27,45,False,1.4,True,1.15,True,12bars,250.0,4.5,2.0,100.0,0.3
973,578.06,1.028,21.79,1872.19,37.5,72,27,45,False,1.4,True,1.15,False,8bars,250.0,3.5,2.0,120.0,0.25
992,535.28,1.026,18.35,2146.37,37.5,72,27,45,False,1.4,True,1.25,False,12bars,250.0,4.5,2.0,120.0,0.25
1031,428.82,1.021,21.92,1908.06,37.5,72,27,45,False,1.4,True,1.15,False,8bars,250.0,3.5,2.0,100.0,0.25
227,195.36,1.02,22.03,2292.87,37.5,72,27,45,True,1.45,True,1.15,True,12bars,200.0,3.5,2.5,100.0,0.3
231,165.79,1.017,22.08,2344.26,37.5,72,27,45,True,1.45,True,1.15,True,12bars,250.0,3.5,2.5,100.0,0.3
1118,330.44,1.014,20.48,2896.91,37.5,72,27,45,False,1.4,False,1.2,True,12bars,250.0,4.0,2.0,100.0,0.25
848,228.88,1.014,19.22,1311.68,37.5,72,27,45,False,1.4,True,1.15,False,12bars,200.0,4.0,2.0,100.0,0.25
302,140.96,1.014,21.19,2349.45,37.5,72,27,45,True,1.45,True,1.25,True,12bars,150.0,3.5,2.0,120.0,0.25
1052,241.12,1.01,20.25,2393.17,37.5,72,27,45,False,1.4,True,1.25,True,8bars,250.0,4.0,2.0,120.0,0.3
304,99.67,1.01,21.05,2351.72,37.5,72,27,45,True,1.45,True,1.25,False,12bars,150.0,3.5,2.0,120.0,0.25
326,69.92,1.006,21.47,2700.83,37.5,72,27,45,True,1.45,True,1.25,True,12bars,250.0,3.5,2.0,120.0,0.25
233,37.93,1.004,21.89,2434.88,37.5,72,27,45,True,1.45,True,1.15,True,8bars,200.0,3.5,2.5,100.0,0.3
1081,80.84,1.003,19.89,2390.95,37.5,72,27,45,False,1.4,True,1.25,True,8bars,250.0,4.0,2.0,120.0,0.25
328,28.63,1.003,21.34,2737.3,37.5,72,27,45,True,1.45,True,1.25,False,12bars,250.0,3.5,2.0,120.0,0.25
237,8.36,1.001,21.94,2486.26,37.5,72,27,45,True,1.45,True,1.15,True,8bars,250.0,3.5,2.5,100.0,0.3
1067,-16.54,0.999,20.24,3662.75,37.5,72,27,45,False,1.4,False,1.2,False,12bars,250.0,4.0,2.0,100.0,0.3
832,-25.39,0.999,19.23,1367.28,37.5,72,27,45,False,1.4,True,1.15,False,12bars,200.0,4.0,2.0,100.0,0.3
877,-56.22,0.997,19.27,1904.38,37.5,72,27,45,False,1.4,True,1.15,True,8bars,200.0,4.0,2.0,100.0,0.25
812,-79.38,0.995,19.33,1442.37,37.5,72,27,45,False,1.4,True,1.15,True,12bars,200.0,4.0,2.0,120.0,0.25
861,-112.19,0.995,19.98,1844.04,37.5,72,27,45,False,1.4,True,1.15,False,8bars,250.0,4.0,2.0,120.0,0.3
939,-210.87,0.989,21.94,1573.77,37.5,72,27,45,False,1.4,True,1.15,False,12bars,250.0,3.5,2.0,120.0,0.25
839,-325.83,0.982,19.31,1712.27,37.5,72,27,45,False,1.4,True,1.15,True,8bars,200.0,4.0,2.0,100.0,0.3
920,-388.63,0.978,19.46,1983.47,37.5,72,27,45,False,1.4,True,1.15,False,8bars,200.0,4.0,2.0,100.0,0.25
829,-475.53,0.973,19.18,1766.25,37.5,72,27,45,False,1.4,True,1.15,False,12bars,200.0,4.0,2.0,120.0,0.25
815,-569.47,0.969,19.26,1822.9,37.5,72,27,45,False,1.4,True,1.15,False,12bars,200.0,4.0,2.0,120.0,0.3
841,-681.17,0.967,19.74,2368.0,37.5,72,27,45,False,1.4,True,1.15,True,8bars,250.0,4.0,2.0,120.0,0.3
866,-755.25,0.959,19.28,2113.04,37.5,72,27,45,False,1.4,True,1.15,False,8bars,200.0,4.0,2.0,100.0,0.3
800,-704.86,0.953,17.75,1742.56,37.5,72,27,45,False,1.4,True,1.15,True,12bars,150.0,4.5,2.0,100.0,0.25
799,-895.72,0.953,19.52,2279.94,37.5,72,27,45,False,1.4,True,1.15,True,8bars,200.0,4.0,2.0,120.0,0.3
806,-1179.09,0.939,19.35,2356.28,37.5,72,27,45,False,1.4,True,1.15,False,8bars,200.0,4.0,2.0,120.0,0.3
803,-974.38,0.935,19.3,1908.95,37.5,72,27,45,False,1.4,True,1.15,True,12bars,150.0,4.0,2.0,100.0,0.25
782,-1290.38,0.92,19.05,2227.18,37.5,72,27,45,False,1.4,True,1.15,True,12bars,150.0,4.0,2.0,100.0,0.3
151,4166.71,1.597,23.84,1156.72,36.11,72,26,46,True,1.35,True,1.25,False,12bars,200.0,4.5,2.5,100.0,0.25
158,4241.94,1.592,24.05,1058.81,36.11,72,26,46,True,1.35,True,1.25,False,8bars,200.0,4.5,2.5,100.0,0.25
156,3964.29,1.538,23.08,1156.72,36.11,72,26,46,True,1.35,True,1.25,False,12bars,250.0,4.5,2.5,100.0,0.25
163,4039.51,1.535,23.31,1058.81,36.11,72,26,46,True,1.35,True,1.25,False,8bars,250.0,4.5,2.5,100.0,0.25
155,3604.85,1.511,23.87,1058.81,36.11,72,26,46,True,1.35,True,1.25,True,8bars,150.0,4.5,2.5,100.0,0.25
152,3549.21,1.496,23.68,1156.72,36.11,72,26,46,True,1.35,True,1.25,True,12bars,200.0,4.5,2.5,100.0,0.25
155,3243.85,1.49,27.74,1233.46,36.11,72,26,46,True,1.4,True,1.15,False,12bars,200.0,4.0,2.5,100.0,0.25
195,3830.65,1.48,24.62,1315.99,36.11,72,26,46,True,1.4,True,1.25,True,8bars,200.0,4.5,2.5,100.0,0.25
199,3848.38,1.479,24.62,1345.59,36.11,72,26,46,True,1.4,True,1.25,False,8bars,200.0,4.5,2.5,100.0,0.25
157,3543.24,1.478,23.57,1055.21,36.11,72,26,46,True,1.35,True,1.25,True,8bars,200.0,4.5,2.5,100.0,0.3
195,3921.62,1.477,24.62,1326.4,36.11,72,26,46,True,1.4,True,1.25,True,8bars,200.0,4.5,2.5,100.0,0.3
199,3940.94,1.476,24.62,1361.92,36.11,72,26,46,True,1.4,True,1.25,False,8bars,200.0,4.5,2.5,100.0,0.3
211,4017.62,1.469,24.17,1345.59,36.11,72,26,46,True,1.4,True,1.25,False,8bars,250.0,4.5,2.5,100.0,0.25
207,3999.9,1.469,24.15,1315.99,36.11,72,26,46,True,1.4,True,1.25,True,8bars,250.0,4.5,2.5,100.0,0.25
157,3143.12,1.468,27.39,1233.46,36.11,72,26,46,True,1.4,True,1.15,False,12bars,250.0,4.0,2.5,100.0,0.25
150,3151.33,1.465,24.67,1173.56,36.11,72,26,46,True,1.35,True,1.25,False,12bars,150.0,4.0,2.5,100.0,0.25
157,3197.58,1.459,24.84,1086.61,36.11,72,26,46,True,1.35,True,1.25,False,8bars,150.0,4.0,2.5,100.0,0.25
205,3986.46,1.457,23.9,1326.4,36.11,72,26,46,True,1.4,True,1.25,True,8bars,250.0,4.5,2.5,100.0,0.3
209,4005.78,1.456,23.92,1361.92,36.11,72,26,46,True,1.4,True,1.25,False,8bars,250.0,4.5,2.5,100.0,0.3
151,2873.59,1.442,27.15,1233.46,36.11,72,26,46,True,1.4,True,1.15,False,12bars,150.0,4.0,2.5,100.0,0.25
158,3274.86,1.43,22.78,1156.72,36.11,72,26,46,True,1.35,True,1.25,True,12bars,250.0,4.5,2.5,100.0,0.25
162,3340.81,1.428,22.84,1055.21,36.11,72,26,46,True,1.35,True,1.25,True,8bars,250.0,4.5,2.5,100.0,0.3
159,2875.38,1.378,23.9,1224.31,36.11,72,26,46,True,1.35,True,1.25,False,12bars,250.0,4.0,2.5,100.0,0.3
166,2934.3,1.376,24.1,1279.02,36.11,72,26,46,True,1.35,True,1.25,False,8bars,250.0,4.0,2.5,100.0,0.3
151,2583.0,1.371,24.5,1173.56,36.11,72,26,46,True,1.35,True,1.25,True,12bars,150.0,4.0,2.5,100.0,0.25
157,2764.43,1.369,23.57,1189.55,36.11,72,26,46,True,1.35,True,1.25,False,12bars,200.0,4.0,2.5,100.0,0.3
164,2823.35,1.367,23.78,1166.88,36.11,72,26,46,True,1.35,True,1.25,False,8bars,200.0,4.0,2.5,100.0,0.3
214,3076.43,1.364,25.7,1365.52,36.11,72,26,46,True,1.4,True,1.25,False,8bars,200.0,4.0,2.5,100.0,0.25
210,3066.01,1.364,25.71,1335.92,36.11,72,26,46,True,1.4,True,1.25,True,8bars,200.0,4.0,2.5,100.0,0.25
156,2560.78,1.355,24.36,1115.61,36.11,72,26,46,True,1.35,True,1.25,True,8bars,150.0,4.0,2.5,100.0,0.3
211,3105.32,1.334,24.17,1719.08,36.11,72,26,46,True,1.4,True,1.25,False,12bars,250.0,4.0,2.5,120.0,0.25
163,2354.47,1.323,24.54,941.28,36.11,72,26,46,True,1.35,True,1.25,False,8bars,150.0,3.5,2.5,100.0,0.25
156,2333.66,1.323,24.36,1005.51,36.11,72,26,46,True,1.35,True,1.25,False,12bars,150.0,3.5,2.5,100.0,0.3
162,2572.79,1.32,23.46,1203.64,36.11,72,26,46,True,1.35,True,1.25,True,8bars,200.0,4.0,2.5,120.0,0.3
214,2876.93,1.319,25.23,1630.46,36.11,72,26,46,True,1.4,True,1.25,True,8bars,250.0,4.0,2.5,100.0,0.3
218,2887.49,1.318,25.23,1665.98,36.11,72,26,46,True,1.4,True,1.25,False,8bars,250.0,4.0,2.5,100.0,0.3
165,2597.43,1.316,23.64,1315.78,36.11,72,26,46,True,1.35,True,1.25,True,8bars,250.0,4.0,2.5,120.0,0.3
165,2519.21,1.311,23.64,1330.86,36.11,72,26,46,True,1.35,True,1.25,True,8bars,250.0,4.0,2.5,120.0,0.25
206,2587.58,1.305,25.24,1335.92,36.11,72,26,46,True,1.4,True,1.25,True,12bars,200.0,4.0,2.5,100.0,0.25
266,2861.46,1.302,19.92,1921.88,36.11,72,26,46,True,1.45,True,1.25,True,8bars,200.0,4.5,2.5,100.0,0.25
163,2408.26,1.302,23.31,1218.72,36.11,72,26,46,True,1.35,True,1.25,True,8bars,200.0,4.0,2.5,120.0,0.25
271,2859.99,1.297,19.93,1951.48,36.11,72,26,46,True,1.45,True,1.25,False,8bars,200.0,4.5,2.5,100.0,0.25
158,2261.55,1.294,23.42,1189.55,36.11,72,26,46,True,1.35,True,1.25,True,12bars,200.0,4.0,2.5,100.0,0.3
206,2537.78,1.291,24.76,1339.92,36.11,72,26,46,True,1.4,True,1.25,False,12bars,200.0,4.0,2.5,100.0,0.3
161,2286.19,1.29,23.6,1224.31,36.11,72,26,46,True,1.35,True,1.25,True,12bars,250.0,4.0,2.5,100.0,0.3
168,2091.96,1.274,24.4,1180.74,36.11,72,26,46,True,1.35,True,1.25,False,8bars,200.0,3.5,2.5,100.0,0.25
161,2071.16,1.273,24.22,1134.86,36.11,72,26,46,True,1.35,True,1.25,False,12bars,200.0,3.5,2.5,100.0,0.3
262,2588.15,1.271,20.23,1906.01,36.11,72,26,46,True,1.45,True,1.25,True,12bars,200.0,4.5,2.5,100.0,0.25
193,2114.4,1.269,24.87,1335.92,36.11,72,26,46,True,1.4,True,1.25,False,12bars,150.0,4.0,2.5,100.0,0.25
210,2401.06,1.264,24.76,1630.46,36.11,72,26,46,True,1.4,True,1.25,True,12bars,250.0,4.0,2.5,100.0,0.3
172,2046.83,1.255,24.42,1202.73,36.11,72,26,46,True,1.35,True,1.25,False,8bars,250.0,3.5,2.5,100.0,0.3
305,2264.81,1.242,19.67,1756.46,36.11,72,26,46,True,1.45,True,1.25,True,8bars,200.0,4.5,2.0,100.0,0.25
318,2407.41,1.238,19.5,2067.3,36.11,72,26,46,True,1.45,True,1.25,True,8bars,250.0,4.5,2.0,100.0,0.25
158,1746.1,1.238,24.05,992.43,36.11,72,26,46,True,1.35,True,1.25,True,12bars,150.0,3.5,2.5,100.0,0.25
162,1748.81,1.232,24.07,914.32,36.11,72,26,46,True,1.35,True,1.25,True,8bars,150.0,3.5,2.5,100.0,0.3
325,2377.34,1.228,19.38,2149.1,36.11,72,26,46,True,1.45,True,1.25,False,8bars,250.0,4.5,2.0,100.0,0.25
167,1768.56,1.218,23.95,1202.81,36.11,72,26,46,True,1.35,True,1.25,False,12bars,250.0,3.5,2.5,120.0,0.25
310,2068.02,1.216,19.35,1836.06,36.11,72,26,46,True,1.45,True,1.25,False,8bars,200.0,4.5,2.0,100.0,0.25
291,1862.94,1.206,19.59,1753.26,36.11,72,26,46,True,1.45,True,1.25,False,12bars,150.0,4.5,2.0,100.0,0.25
171,1674.28,1.202,23.98,1221.13,36.11,72,26,46,True,1.35,True,1.25,True,8bars,250.0,3.5,2.5,120.0,0.25
301,1889.3,1.2,19.6,1927.37,36.11,72,26,46,True,1.45,True,1.25,False,12bars,200.0,4.5,2.0,100.0,0.25
314,2031.9,1.199,19.43,2240.4,36.11,72,26,46,True,1.45,True,1.25,False,12bars,250.0,4.5,2.0,100.0,0.25
222,1826.42,1.192,25.23,1472.04,36.11,72,26,46,True,1.4,True,1.25,False,12bars,250.0,3.5,2.5,100.0,0.3
163,1483.59,1.192,23.93,1104.45,36.11,72,26,46,True,1.35,True,1.25,True,12bars,200.0,3.5,2.5,100.0,0.25
284,2102.41,1.191,21.48,2040.38,36.11,72,26,46,True,1.45,True,1.25,True,12bars,250.0,4.0,2.5,100.0,0.3
286,2045.76,1.185,21.33,2049.03,36.11,72,26,46,True,1.45,True,1.25,False,12bars,250.0,4.0,2.5,100.0,0.3
208,1544.61,1.183,21.63,1744.62,36.11,72,26,46,True,1.45,True,1.15,False,12bars,150.0,4.0,2.5,100.0,0.25
167,1470.03,1.181,23.95,1134.86,36.11,72,26,46,True,1.35,True,1.25,True,12bars,250.0,3.5,2.5,100.0,0.3
168,1399.99,1.175,23.81,1084.32,36.11,72,26,46,True,1.35,True,1.25,True,8bars,200.0,3.5,2.5,100.0,0.3
286,1676.36,1.164,23.78,2302.33,36.11,72,26,46,True,1.45,True,1.25,True,12bars,200.0,3.5,2.5,100.0,0.25
286,1717.45,1.161,23.78,2379.31,36.11,72,26,46,True,1.45,True,1.25,True,12bars,200.0,3.5,2.5,100.0,0.3
227,1273.77,1.16,21.15,1378.8,36.11,72,26,46,True,1.45,True,1.15,False,8bars,150.0,4.5,2.0,100.0,0.3
288,1622.78,1.158,23.61,2307.91,36.11,72,26,46,True,1.45,True,1.25,False,12bars,200.0,3.5,2.5,100.0,0.25
288,1660.8,1.155,23.61,2387.96,36.11,72,26,46,True,1.45,True,1.25,False,12bars,200.0,3.5,2.5,100.0,0.3
292,1540.69,1.15,23.29,2051.78,36.11,72,26,46,True,1.45,True,1.25,True,8bars,200.0,3.5,2.5,100.0,0.25
292,1571.79,1.147,23.29,2146.45,36.11,72,26,46,True,1.45,True,1.25,True,8bars,200.0,3.5,2.5,100.0,0.3
215,1381.02,1.147,21.4,2044.11,36.11,72,26,46,True,1.45,True,1.15,False,12bars,200.0,4.0,2.5,120.0,0.25
297,1500.74,1.144,23.23,2032.04,36.11,72,26,46,True,1.45,True,1.25,False,8bars,200.0,3.5,2.5,100.0,0.25
223,1182.68,1.144,21.08,1584.67,36.11,72,26,46,True,1.45,True,1.15,False,8bars,150.0,4.5,2.0,120.0,0.3
297,1521.46,1.14,23.23,2129.22,36.11,72,26,46,True,1.45,True,1.25,False,8bars,200.0,3.5,2.5,100.0,0.3
264,1309.96,1.14,20.45,1863.89,36.11,72,26,46,True,1.45,True,1.25,True,8bars,150.0,4.0,2.5,100.0,0.25
228,1313.82,1.139,19.74,1340.7,36.11,72,26,46,True,1.45,True,1.15,False,8bars,250.0,4.5,2.5,100.0,0.25
269,1289.25,1.136,20.45,1859.87,36.11,72,26,46,True,1.45,True,1.25,False,8bars,150.0,4.0,2.5,100.0,0.25
228,1251.29,1.128,19.74,1352.47,36.11,72,26,46,True,1.45,True,1.15,False,8bars,250.0,4.5,2.5,100.0,0.3
224,1158.71,1.117,20.98,2370.84,36.11,72,26,46,True,1.45,True,1.15,False,12bars,250.0,4.0,2.5,120.0,0.25
218,1018.88,1.109,21.1,1823.44,36.11,72,26,46,True,1.45,True,1.15,True,12bars,200.0,4.0,2.5,100.0,0.3
227,957.48,1.106,21.15,1779.29,36.11,72,26,46,True,1.45,True,1.15,False,8bars,200.0,4.0,2.5,100.0,0.25
273,920.63,1.09,20.88,2199.03,36.11,72,26,46,True,1.45,True,1.25,True,12bars,200.0,4.0,2.5,100.0,0.3
224,847.17,1.09,20.98,1900.4,36.11,72,26,46,True,1.45,True,1.15,True,8bars,200.0,4.0,2.5,100.0,0.3
212,726.5,1.085,22.64,1844.3,36.11,72,26,46,True,1.45,True,1.15,False,12bars,150.0,3.5,2.5,100.0,0.25
275,863.98,1.084,20.73,2255.67,36.11,72,26,46,True,1.45,True,1.25,False,12bars,200.0,4.0,2.5,100.0,0.3
311,832.13,1.084,21.86,2052.84,36.11,72,26,46,True,1.45,True,1.25,True,12bars,200.0,3.5,2.0,100.0,0.3
227,796.58,1.081,20.7,2150.17,36.11,72,26,46,True,1.45,True,1.15,True,12bars,250.0,4.0,2.5,100.0,0.3
215,685.83,1.081,22.79,1820.8,36.11,72,26,46,True,1.45,True,1.15,True,8bars,150.0,3.5,2.5,100.0,0.25
236,735.18,1.077,20.76,2106.02,36.11,72,26,46,True,1.45,True,1.15,False,8bars,250.0,4.0,2.5,100.0,0.25
313,751.27,1.075,21.73,2094.68,36.11,72,26,46,True,1.45,True,1.25,False,12bars,200.0,3.5,2.0,100.0,0.3
233,624.87,1.063,20.6,2227.13,36.11,72,26,46,True,1.45,True,1.15,True,8bars,250.0,4.0,2.5,100.0,0.3
780,1107.91,1.06,23.21,1239.16,36.11,72,26,46,False,1.4,True,1.15,False,12bars,250.0,3.5,2.5,100.0,0.25
228,448.49,1.055,21.93,1430.59,36.11,72,26,46,True,1.45,True,1.15,True,8bars,150.0,4.0,2.0,100.0,0.3
224,421.24,1.043,22.32,2604.01,36.11,72,26,46,True,1.45,True,1.15,False,12bars,200.0,3.5,2.5,120.0,0.25
893,734.8,1.041,17.92,1703.96,36.11,72,26,46,False,1.4,True,1.15,True,8bars,250.0,4.5,2.0,100.0,0.25
224,397.18,1.04,22.32,2616.66,36.11,72,26,46,True,1.45,True,1.15,False,12bars,200.0,3.5,2.5,120.0,0.3
228,391.67,1.04,22.37,2655.4,36.11,72,26,46,True,1.45,True,1.15,False,12bars,250.0,3.5,2.5,120.0,0.25
301,371.35,1.039,21.26,2074.28,36.11,72,26,46,True,1.45,True,1.25,True,12bars,150.0,3.5,2.0,100.0,0.3
228,367.61,1.036,22.37,2668.05,36.11,72,26,46,True,1.45,True,1.15,False,12bars,250.0,3.5,2.5,120.0,0.3
324,374.22,1.035,21.6,2444.22,36.11,72,26,46,True,1.45,True,1.25,True,12bars,250.0,3.5,2.0,100.0,0.3
224,276.42,1.033,21.88,1742.97,36.11,72,26,46,True,1.45,True,1.15,True,8bars,150.0,4.0,2.0,120.0,0.3
224,261.0,1.032,21.88,1780.7,36.11,72,26,46,True,1.45,True,1.15,True,8bars,150.0,4.0,2.0,120.0,0.25
303,290.49,1.03,21.12,2116.12,36.11,72,26,46,True,1.45,True,1.25,False,12bars,150.0,3.5,2.0,100.0,0.3
240,258.2,1.028,21.67,2136.68,36.11,72,26,46,True,1.45,True,1.15,True,8bars,250.0,4.0,2.0,120.0,0.3
326,293.36,1.027,21.47,2525.08,36.11,72,26,46,True,1.45,True,1.25,False,12bars,250.0,3.5,2.0,100.0,0.3
240,242.78,1.027,21.67,2174.41,36.11,72,26,46,True,1.45,True,1.15,True,8bars,250.0,4.0,2.0,120.0,0.25
242,248.61,1.026,22.31,2396.73,36.11,72,26,46,True,1.45,True,1.15,False,8bars,250.0,3.5,2.5,100.0,0.25
227,244.8,1.026,22.03,2269.09,36.11,72,26,46,True,1.45,True,1.15,True,12bars,200.0,3.5,2.5,100.0,0.25
231,215.23,1.023,22.08,2320.48,36.11,72,26,46,True,1.45,True,1.15,True,12bars,250.0,3.5,2.5,100.0,0.25
957,431.2,1.022,22.05,2252.97,36.11,72,26,46,False,1.4,True,1.15,True,8bars,250.0,3.5,2.0,120.0,0.25
233,185.57,1.022,21.46,1464.73,36.11,72,26,46,True,1.45,True,1.15,False,8bars,150.0,4.0,2.0,100.0,0.3
247,179.54,1.02,21.46,2165.71,36.11,72,26,46,True,1.45,True,1.15,False,8bars,250.0,4.0,2.0,120.0,0.25
247,180.54,1.019,21.46,2133.89,36.11,72,26,46,True,1.45,True,1.15,False,8bars,250.0,4.0,2.0,120.0,0.3
841,249.72,1.014,18.07,1909.22,36.11,72,26,46,False,1.4,True,1.15,False,12bars,250.0,4.5,2.0,120.0,0.25
229,138.71,1.014,21.83,2349.52,36.11,72,26,46,True,1.45,True,1.15,False,12bars,200.0,3.5,2.5,100.0,0.3
236,123.78,1.013,22.03,2345.34,36.11,72,26,46,True,1.45,True,1.15,False,8bars,200.0,3.5,2.5,100.0,0.25
243,114.03,1.013,21.4,1824.3,36.11,72,26,46,True,1.45,True,1.15,True,8bars,250.0,4.0,2.0,100.0,0.3
233,109.14,1.011,21.89,2400.91,36.11,72,26,46,True,1.45,True,1.15,False,12bars,250.0,3.5,2.5,100.0,0.3
241,69.23,1.008,21.16,1782.57,36.11,72,26,46,True,1.45,True,1.15,True,8bars,200.0,4.0,2.0,100.0,0.3
229,50.44,1.006,21.4,1740.18,36.11,72,26,46,True,1.45,True,1.15,False,8bars,150.0,4.0,2.0,120.0,0.3
229,49.44,1.006,21.4,1772.0,36.11,72,26,46,True,1.45,True,1.15,False,8bars,150.0,4.0,2.0,120.0,0.25
250,-0.56,1.0,21.2,1858.44,36.11,72,26,46,True,1.45,True,1.15,False,8bars,250.0,4.0,2.0,100.0,0.3
912,-31.78,0.998,19.74,1737.05,36.11,72,26,46,False,1.4,True,1.15,False,8bars,250.0,4.0,2.0,120.0,0.25
875,-82.98,0.996,19.77,2373.94,36.11,72,26,46,False,1.4,True,1.15,True,8bars,250.0,4.0,2.0,120.0,0.25
1171,-139.24,0.994,19.73,2126.47,36.11,72,26,46,False,1.4,True,1.25,False,8bars,250.0,4.0,2.0,100.0,0.25
237,-102.84,0.989,21.1,2094.95,36.11,72,26,46,True,1.45,True,1.15,True,8bars,200.0,4.0,2.0,120.0,0.3
1112,-289.22,0.989,19.87,2495.93,36.11,72,26,46,False,1.4,True,1.25,False,8bars,250.0,4.0,2.0,120.0,0.3
237,-118.26,0.987,21.1,2132.68,36.11,72,26,46,True,1.45,True,1.15,True,8bars,200.0,4.0,2.0,120.0,0.25
1153,-428.43,0.983,19.6,2476.42,36.11,72,26,46,False,1.4,True,1.25,False,8bars,250.0,4.0,2.0,120.0,0.25
246,-193.69,0.978,20.73,1816.71,36.11,72,26,46,True,1.45,True,1.15,False,8bars,200.0,4.0,2.0,100.0,0.3
1050,-612.43,0.975,20.0,3653.66,36.11,72,26,46,False,1.4,False,1.2,True,12bars,250.0,4.0,2.0,100.0,0.3
242,-328.83,0.964,20.66,2092.16,36.11,72,26,46,True,1.45,True,1.15,False,8bars,200.0,4.0,2.0,120.0,0.3
242,-329.83,0.963,20.66,2123.98,36.11,72,26,46,True,1.45,True,1.15,False,8bars,200.0,4.0,2.0,120.0,0.25
932,-739.79,0.963,21.89,1897.29,36.11,72,26,46,False,1.4,True,1.15,True,12bars,250.0,3.5,2.0,120.0,0.25
839,-718.28,0.96,19.31,2468.3,36.11,72,26,46,False,1.4,True,1.15,True,8bars,200.0,4.0,2.0,120.0,0.25
794,-785.49,0.956,19.14,1922.14,36.11,72,26,46,False,1.4,True,1.15,True,12bars,200.0,4.0,2.0,120.0,0.3
857,-1110.8,0.941,19.14,2270.85,36.11,72,26,46,False,1.4,True,1.15,False,8bars,200.0,4.0,2.0,120.0,0.25
1200,-1430.76,0.936,20.92,3448.32,36.11,72,26,46,False,1.4,True,1.25,False,12bars,250.0,3.5,2.0,100.0,0.25
1139,-1584.77,0.932,20.81,3835.99,36.11,72,26,46,False,1.4,True,1.25,False,12bars,250.0,3.5,2.0,100.0,0.3
1136,-1727.16,0.927,20.95,3765.09,36.11,72,26,46,False,1.4,True,1.25,True,12bars,250.0,3.5,2.0,100.0,0.3
1197,-1691.01,0.926,20.89,3635.58,36.11,72,26,46,False,1.4,True,1.25,True,12bars,250.0,3.5,2.0,100.0,0.25
930,-1613.16,0.924,21.61,2650.06,36.11,72,26,46,False,1.4,True,1.15,True,12bars,250.0,3.5,2.0,120.0,0.3
1118,-2139.34,0.915,21.11,4242.88,36.11,72,26,46,False,1.4,True,1.25,False,12bars,250.0,3.5,2.0,120.0,0.3
1176,-2131.96,0.911,21.09,4043.89,36.11,72,26,46,False,1.4,True,1.25,False,12bars,250.0,3.5,2.0,120.0,0.25
157,3406.89,1.469,23.57,1058.81,34.72,72,25,47,True,1.35,True,1.25,True,8bars,200.0,4.5,2.5,100.0,0.25
163,3132.54,1.406,22.7,1058.81,34.72,72,25,47,True,1.35,True,1.25,True,8bars,250.0,4.5,2.5,100.0,0.25
203,3468.27,1.404,23.65,1315.99,34.72,72,25,47,True,1.4,True,1.25,True,12bars,250.0,4.5,2.5,100.0,0.25
205,3414.68,1.396,23.41,1315.99,34.72,72,25,47,True,1.4,True,1.25,False,12bars,250.0,4.5,2.5,100.0,0.25
201,3456.37,1.394,23.38,1326.4,34.72,72,25,47,True,1.4,True,1.25,True,12bars,250.0,4.5,2.5,100.0,0.3
193,3249.29,1.386,23.83,1326.4,34.72,72,25,47,True,1.4,True,1.25,True,12bars,200.0,4.5,2.5,100.0,0.3
193,3156.78,1.386,23.83,1315.99,34.72,72,25,47,True,1.4,True,1.25,True,12bars,200.0,4.5,2.5,100.0,0.25
203,3399.72,1.385,23.15,1326.4,34.72,72,25,47,True,1.4,True,1.25,False,12bars,250.0,4.5,2.5,100.0,0.3
159,2840.5,1.379,23.9,1217.69,34.72,72,25,47,True,1.35,True,1.25,False,12bars,250.0,4.0,2.5,100.0,0.25
195,3192.64,1.377,23.59,1326.4,34.72,72,25,47,True,1.4,True,1.25,False,12bars,200.0,4.5,2.5,100.0,0.3
195,3103.19,1.377,23.59,1315.99,34.72,72,25,47,True,1.4,True,1.25,False,12bars,200.0,4.5,2.5,100.0,0.25
166,2886.75,1.376,24.1,1283.01,34.72,72,25,47,True,1.35,True,1.25,False,8bars,250.0,4.0,2.5,100.0,0.25
157,2729.55,1.37,23.57,1173.56,34.72,72,25,47,True,1.35,True,1.25,False,12bars,200.0,4.0,2.5,100.0,0.25
164,2775.8,1.367,23.78,1170.88,34.72,72,25,47,True,1.35,True,1.25,False,8bars,200.0,4.0,2.5,100.0,0.25
156,2445.39,1.346,24.36,1119.3,34.72,72,25,47,True,1.35,True,1.25,True,8bars,150.0,4.0,2.5,100.0,0.25
156,2337.18,1.329,24.36,992.43,34.72,72,25,47,True,1.35,True,1.25,False,12bars,150.0,3.5,2.5,100.0,0.25
220,2883.06,1.325,25.45,1656.06,34.72,72,25,47,True,1.4,True,1.25,False,8bars,250.0,4.0,2.5,100.0,0.25
216,2872.64,1.325,25.46,1626.46,34.72,72,25,47,True,1.4,True,1.25,True,8bars,250.0,4.0,2.5,100.0,0.25
127,1826.63,1.324,22.83,1125.48,34.72,72,25,47,True,1.35,True,1.15,True,8bars,250.0,4.5,2.0,120.0,0.25
127,1794.23,1.315,22.83,1144.09,34.72,72,25,47,True,1.35,True,1.15,True,8bars,250.0,4.5,2.0,120.0,0.3
208,2533.99,1.297,25.0,1335.92,34.72,72,25,47,True,1.4,True,1.25,False,12bars,200.0,4.0,2.5,100.0,0.25
161,2200.24,1.284,23.6,1217.69,34.72,72,25,47,True,1.35,True,1.25,True,12bars,250.0,4.0,2.5,100.0,0.25
161,2074.68,1.278,24.22,1104.45,34.72,72,25,47,True,1.35,True,1.25,False,12bars,200.0,3.5,2.5,100.0,0.25
163,2139.0,1.274,23.31,1115.61,34.72,72,25,47,True,1.35,True,1.25,True,8bars,200.0,4.0,2.5,100.0,0.3
159,2089.29,1.274,23.27,1173.56,34.72,72,25,47,True,1.35,True,1.25,True,12bars,200.0,4.0,2.5,100.0,0.25
166,2163.64,1.27,23.49,1191.01,34.72,72,25,47,True,1.35,True,1.25,True,8bars,250.0,4.0,2.5,100.0,0.3
212,2394.21,1.269,25.0,1626.46,34.72,72,25,47,True,1.4,True,1.25,True,12bars,250.0,4.0,2.5,100.0,0.25
273,2686.48,1.266,20.15,1996.8,34.72,72,25,47,True,1.45,True,1.25,True,12bars,250.0,4.5,2.5,100.0,0.25
264,2534.57,1.264,20.08,1906.01,34.72,72,25,47,True,1.45,True,1.25,False,12bars,200.0,4.5,2.5,100.0,0.25
172,2040.92,1.259,24.42,1180.74,34.72,72,25,47,True,1.35,True,1.25,False,8bars,250.0,3.5,2.5,100.0,0.25
165,2020.12,1.258,24.24,1134.86,34.72,72,25,47,True,1.35,True,1.25,False,12bars,250.0,3.5,2.5,100.0,0.3
212,2344.41,1.257,24.53,1630.46,34.72,72,25,47,True,1.4,True,1.25,False,12bars,250.0,4.0,2.5,100.0,0.3
118,1452.61,1.242,25.42,1266.55,34.72,72,25,47,True,1.35,True,1.15,False,8bars,150.0,3.5,2.5,120.0,0.25
118,1422.12,1.234,25.42,1281.89,34.72,72,25,47,True,1.35,True,1.15,False,8bars,150.0,3.5,2.5,120.0,0.3
163,1613.19,1.217,23.93,916.44,34.72,72,25,47,True,1.35,True,1.25,True,8bars,150.0,3.5,2.5,100.0,0.25
289,2252.71,1.204,21.11,1881.45,34.72,72,25,47,True,1.45,True,1.25,True,8bars,250.0,4.0,2.5,100.0,0.3
122,1274.04,1.203,25.41,1422.07,34.72,72,25,47,True,1.35,True,1.15,False,8bars,200.0,3.5,2.5,120.0,0.25
294,2221.62,1.198,21.09,1916.97,34.72,72,25,47,True,1.45,True,1.25,False,8bars,250.0,4.0,2.5,100.0,0.3
122,1243.55,1.196,25.41,1437.41,34.72,72,25,47,True,1.35,True,1.15,False,8bars,200.0,3.5,2.5,120.0,0.3
167,1432.55,1.18,23.95,1104.45,34.72,72,25,47,True,1.35,True,1.25,True,12bars,250.0,3.5,2.5,100.0,0.25
168,1350.68,1.173,23.81,1062.33,34.72,72,25,47,True,1.35,True,1.25,True,8bars,200.0,3.5,2.5,100.0,0.25
172,1348.94,1.164,23.84,1084.32,34.72,72,25,47,True,1.35,True,1.25,True,8bars,250.0,3.5,2.5,100.0,0.3
221,1277.37,1.164,21.27,1329.22,34.72,72,25,47,True,1.45,True,1.15,True,8bars,150.0,4.5,2.0,100.0,0.3
227,1260.95,1.163,21.15,1392.21,34.72,72,25,47,True,1.45,True,1.15,False,8bars,150.0,4.5,2.0,100.0,0.25
219,1464.71,1.155,19.63,1473.27,34.72,72,25,47,True,1.45,True,1.15,True,12bars,250.0,4.5,2.5,100.0,0.25
221,1411.13,1.149,19.46,1478.85,34.72,72,25,47,True,1.45,True,1.15,False,12bars,250.0,4.5,2.5,100.0,0.25
223,1169.37,1.146,21.08,1614.8,34.72,72,25,47,True,1.45,True,1.15,False,8bars,150.0,4.5,2.0,120.0,0.25
219,1401.42,1.145,19.63,1505.24,34.72,72,25,47,True,1.45,True,1.15,True,12bars,250.0,4.5,2.5,100.0,0.3
217,1149.34,1.142,21.2,1605.18,34.72,72,25,47,True,1.45,True,1.15,True,8bars,150.0,4.5,2.0,120.0,0.3
221,1344.77,1.138,19.46,1513.89,34.72,72,25,47,True,1.45,True,1.15,False,12bars,250.0,4.5,2.5,100.0,0.3
225,1262.97,1.133,19.56,1452.43,34.72,72,25,47,True,1.45,True,1.15,True,8bars,250.0,4.5,2.5,100.0,0.25
225,1215.42,1.125,19.56,1458.73,34.72,72,25,47,True,1.45,True,1.15,True,8bars,250.0,4.5,2.5,100.0,0.3
218,1093.44,1.121,21.1,1781.47,34.72,72,25,47,True,1.45,True,1.15,True,12bars,200.0,4.0,2.5,100.0,0.25
292,1441.06,1.12,22.95,3128.58,34.72,72,25,47,True,1.45,True,1.25,True,12bars,250.0,3.5,2.5,120.0,0.3
292,1403.42,1.12,22.95,3070.69,34.72,72,25,47,True,1.45,True,1.25,True,12bars,250.0,3.5,2.5,120.0,0.25
294,1349.83,1.115,22.79,3076.28,34.72,72,25,47,True,1.45,True,1.25,False,12bars,250.0,3.5,2.5,120.0,0.25
294,1384.41,1.114,22.79,3137.23,34.72,72,25,47,True,1.45,True,1.25,False,12bars,250.0,3.5,2.5,120.0,0.3
260,1058.69,1.113,20.77,2131.33,34.72,72,25,47,True,1.45,True,1.25,True,12bars,150.0,4.0,2.5,100.0,0.25
262,1005.1,1.106,20.61,2184.91,34.72,72,25,47,True,1.45,True,1.25,False,12bars,150.0,4.0,2.5,100.0,0.25
278,1070.93,1.104,20.5,2028.96,34.72,72,25,47,True,1.45,True,1.25,True,8bars,200.0,4.0,2.5,100.0,0.3
220,962.23,1.103,20.91,1832.09,34.72,72,25,47,True,1.45,True,1.15,False,12bars,200.0,4.0,2.5,100.0,0.3
283,1039.84,1.1,20.49,2003.98,34.72,72,25,47,True,1.45,True,1.25,False,8bars,200.0,4.0,2.5,100.0,0.3
224,910.16,1.1,20.98,1878.13,34.72,72,25,47,True,1.45,True,1.15,True,8bars,200.0,4.0,2.5,100.0,0.25
241,842.16,1.095,20.33,1714.05,34.72,72,25,47,True,1.45,True,1.15,True,8bars,250.0,4.5,2.0,100.0,0.3
227,871.14,1.091,20.7,2108.2,34.72,72,25,47,True,1.45,True,1.15,True,12bars,250.0,4.0,2.5,100.0,0.25
248,740.48,1.082,20.16,1730.47,34.72,72,25,47,True,1.45,True,1.15,False,8bars,250.0,4.5,2.0,100.0,0.3
313,764.93,1.079,21.73,1988.95,34.72,72,25,47,True,1.45,True,1.25,True,12bars,200.0,3.5,2.0,100.0,0.25
237,714.14,1.078,20.25,1998.9,34.72,72,25,47,True,1.45,True,1.15,True,8bars,250.0,4.5,2.0,120.0,0.3
238,663.06,1.076,20.17,1672.32,34.72,72,25,47,True,1.45,True,1.15,True,8bars,200.0,4.5,2.0,100.0,0.3
229,739.93,1.075,20.52,2158.82,34.72,72,25,47,True,1.45,True,1.15,False,12bars,250.0,4.0,2.5,100.0,0.3
233,687.85,1.071,20.6,2204.86,34.72,72,25,47,True,1.45,True,1.15,True,8bars,250.0,4.0,2.5,100.0,0.25
315,684.07,1.07,21.59,2030.79,34.72,72,25,47,True,1.45,True,1.25,False,12bars,200.0,3.5,2.0,100.0,0.25
244,649.39,1.07,20.08,1978.38,34.72,72,25,47,True,1.45,True,1.15,False,8bars,250.0,4.5,2.0,120.0,0.3
234,535.04,1.06,20.09,1957.16,34.72,72,25,47,True,1.45,True,1.15,True,8bars,200.0,4.5,2.0,120.0,0.3
228,442.19,1.056,21.93,1446.01,34.72,72,25,47,True,1.45,True,1.15,True,8bars,150.0,4.0,2.0,100.0,0.25
243,386.99,1.044,19.75,1688.74,34.72,72,25,47,True,1.45,True,1.15,False,8bars,200.0,4.5,2.0,100.0,0.3
857,690.21,1.04,18.2,1502.17,34.72,72,25,47,False,1.4,True,1.15,True,12bars,250.0,4.5,2.0,100.0,0.25
303,304.14,1.033,21.12,2010.39,34.72,72,25,47,True,1.45,True,1.25,True,12bars,150.0,3.5,2.0,100.0,0.25
239,295.9,1.033,19.67,1936.65,34.72,72,25,47,True,1.45,True,1.15,False,8bars,200.0,4.5,2.0,120.0,0.3
326,307.02,1.03,21.47,2391.49,34.72,72,25,47,True,1.45,True,1.25,True,12bars,250.0,3.5,2.0,100.0,0.25
305,223.28,1.024,20.98,2052.23,34.72,72,25,47,True,1.45,True,1.25,False,12bars,150.0,3.5,2.0,100.0,0.25
233,191.05,1.024,21.46,1476.88,34.72,72,25,47,True,1.45,True,1.15,False,8bars,150.0,4.0,2.0,100.0,0.25
328,226.16,1.022,21.34,2472.35,34.72,72,25,47,True,1.45,True,1.25,False,12bars,250.0,3.5,2.0,100.0,0.25
232,190.85,1.022,21.12,2041.09,34.72,72,25,47,True,1.45,True,1.15,True,12bars,250.0,4.0,2.0,120.0,0.25
232,186.23,1.021,21.12,2026.25,34.72,72,25,47,True,1.45,True,1.15,True,12bars,250.0,4.0,2.0,120.0,0.3
229,191.21,1.02,21.83,2322.68,34.72,72,25,47,True,1.45,True,1.15,False,12bars,200.0,3.5,2.5,100.0,0.25
233,161.64,1.017,21.89,2374.07,34.72,72,25,47,True,1.45,True,1.15,False,12bars,250.0,3.5,2.5,100.0,0.25
243,107.72,1.013,21.4,1839.72,34.72,72,25,47,True,1.45,True,1.15,True,8bars,250.0,4.0,2.0,100.0,0.25
233,79.97,1.008,21.89,2422.03,34.72,72,25,47,True,1.45,True,1.15,True,8bars,200.0,3.5,2.5,100.0,0.25
241,62.92,1.007,21.16,1797.99,34.72,72,25,47,True,1.45,True,1.15,True,8bars,200.0,4.0,2.0,100.0,0.25
237,50.39,1.005,21.94,2473.42,34.72,72,25,47,True,1.45,True,1.15,True,8bars,250.0,3.5,2.5,100.0,0.25
899,65.16,1.004,19.47,1359.88,34.72,72,25,47,False,1.4,True,1.15,False,12bars,250.0,4.0,2.0,100.0,0.25
225,24.7,1.003,20.89,1563.64,34.72,72,25,47,True,1.45,True,1.15,True,12bars,150.0,4.0,2.0,100.0,0.3
250,4.92,1.001,21.2,1870.59,34.72,72,25,47,True,1.45,True,1.15,False,8bars,250.0,4.0,2.0,100.0,0.25
235,-20.93,0.998,20.85,1776.86,34.72,72,25,47,True,1.45,True,1.15,True,12bars,250.0,4.0,2.0,100.0,0.3
233,-65.73,0.992,20.6,1735.13,34.72,72,25,47,True,1.45,True,1.15,True,12bars,200.0,4.0,2.0,100.0,0.3
221,-79.76,0.99,20.81,1827.87,34.72,72,25,47,True,1.45,True,1.15,True,12bars,150.0,4.0,2.0,120.0,0.25
221,-84.38,0.99,20.81,1813.03,34.72,72,25,47,True,1.45,True,1.15,True,12bars,150.0,4.0,2.0,120.0,0.3
841,-209.2,0.987,19.26,1367.24,34.72,72,25,47,False,1.4,True,1.15,True,12bars,200.0,4.0,2.0,100.0,0.25
229,-170.19,0.981,20.52,1999.36,34.72,72,25,47,True,1.45,True,1.15,True,12bars,200.0,4.0,2.0,120.0,0.25
1149,-487.95,0.981,19.76,2664.03,34.72,72,25,47,False,1.4,True,1.25,False,8bars,250.0,4.0,2.0,100.0,0.3
229,-174.81,0.98,20.52,1984.52,34.72,72,25,47,True,1.45,True,1.15,True,12bars,200.0,4.0,2.0,120.0,0.3
246,-188.21,0.978,20.73,1828.86,34.72,72,25,47,True,1.45,True,1.15,False,8bars,200.0,4.0,2.0,100.0,0.25
820,-576.39,0.967,19.02,1698.68,34.72,72,25,47,False,1.4,True,1.15,True,12bars,200.0,4.0,2.0,100.0,0.3
1103,-1096.59,0.949,18.86,2704.22,34.72,72,25,47,False,1.4,True,1.25,True,12bars,250.0,4.0,2.0,100.0,0.25
236,-531.65,0.94,22.03,2508.23,34.72,72,25,47,True,1.45,True,1.15,True,8bars,200.0,3.5,2.0,120.0,0.3
236,-528.02,0.939,22.03,2532.84,34.72,72,25,47,True,1.45,True,1.15,True,8bars,200.0,3.5,2.0,120.0,0.25
243,-604.16,0.931,21.81,2541.86,34.72,72,25,47,True,1.45,True,1.15,False,8bars,200.0,3.5,2.0,120.0,0.25
243,-622.21,0.931,21.81,2523.16,34.72,72,25,47,True,1.45,True,1.15,False,8bars,200.0,3.5,2.0,120.0,0.3
1143,-1530.78,0.931,18.81,3101.35,34.72,72,25,47,False,1.4,True,1.25,False,12bars,250.0,4.0,2.0,100.0,0.25
232,-660.43,0.924,21.98,2466.5,34.72,72,25,47,True,1.45,True,1.15,True,8bars,150.0,3.5,2.0,120.0,0.3
232,-656.8,0.923,21.98,2491.11,34.72,72,25,47,True,1.45,True,1.15,True,8bars,150.0,3.5,2.0,120.0,0.25
1121,-2128.34,0.916,21.23,4178.62,34.72,72,25,47,False,1.4,True,1.25,True,12bars,250.0,3.5,2.0,120.0,0.3
1112,-1991.78,0.915,19.06,3488.27,34.72,72,25,47,False,1.4,True,1.25,False,12bars,250.0,4.0,2.0,120.0,0.25
1064,-2233.92,0.909,18.98,3663.76,34.72,72,25,47,False,1.4,True,1.25,False,12bars,250.0,4.0,2.0,120.0,0.3
1040,-2363.14,0.903,18.85,3843.17,34.72,72,25,47,False,1.4,True,1.25,True,12bars,250.0,4.0,2.0,120.0,0.3
237,-855.22,0.901,21.52,2500.13,34.72,72,25,47,True,1.45,True,1.15,False,8bars,150.0,3.5,2.0,120.0,0.25
237,-873.27,0.901,21.52,2481.43,34.72,72,25,47,True,1.45,True,1.15,False,8bars,150.0,3.5,2.0,120.0,0.3
1176,-2436.56,0.9,20.92,4222.91,34.72,72,25,47,False,1.4,True,1.25,True,12bars,250.0,3.5,2.0,120.0,0.25
110,3427.5,1.637,26.36,1332.81,33.33,72,24,48,True,1.35,True,1.15,False,12bars,150.0,4.5,2.5,100.0,0.3
110,3427.5,1.637,26.36,1332.81,33.33,72,24,48,True,1.35,True,1.15,False,12bars,200.0,4.5,2.5,100.0,0.3
118,3434.43,1.607,26.27,1134.98,33.33,72,24,48,True,1.35,True,1.15,False,8bars,150.0,4.5,2.5,100.0,0.3
118,3434.43,1.607,26.27,1134.98,33.33,72,24,48,True,1.35,True,1.15,False,8bars,200.0,4.5,2.5,100.0,0.3
111,3306.76,1.601,26.13,1332.81,33.33,72,24,48,True,1.35,True,1.15,False,12bars,250.0,4.5,2.5,100.0,0.3
119,3313.69,1.573,26.05,1134.98,33.33,72,24,48,True,1.35,True,1.15,False,8bars,250.0,4.5,2.5,100.0,0.3
116,3164.88,1.533,25.86,1134.63,33.33,72,24,48,True,1.35,True,1.15,False,8bars,150.0,4.5,2.5,120.0,0.25
116,3164.88,1.533,25.86,1134.63,33.33,72,24,48,True,1.35,True,1.15,False,8bars,200.0,4.5,2.5,120.0,0.25
113,3071.64,1.532,25.66,1038.05,33.33,72,24,48,True,1.35,True,1.15,True,8bars,150.0,4.5,2.5,120.0,0.25
113,3071.64,1.532,25.66,1038.05,33.33,72,24,48,True,1.35,True,1.15,True,8bars,200.0,4.5,2.5,120.0,0.25
116,3157.79,1.524,25.86,1134.98,33.33,72,24,48,True,1.35,True,1.15,False,8bars,150.0,4.5,2.5,120.0,0.3
116,3157.79,1.524,25.86,1134.98,33.33,72,24,48,True,1.35,True,1.15,False,8bars,200.0,4.5,2.5,120.0,0.3
113,3064.56,1.523,25.66,1038.4,33.33,72,24,48,True,1.35,True,1.15,True,8bars,150.0,4.5,2.5,120.0,0.3
113,3064.56,1.523,25.66,1038.4,33.33,72,24,48,True,1.35,True,1.15,True,8bars,200.0,4.5,2.5,120.0,0.3
117,3044.14,1.502,25.64,1134.63,33.33,72,24,48,True,1.35,True,1.15,False,8bars,250.0,4.5,2.5,120.0,0.25
114,2950.9,1.501,25.44,1038.05,33.33,72,24,48,True,1.35,True,1.15,True,8bars,250.0,4.5,2.5,120.0,0.25
117,3037.06,1.494,25.64,1134.98,33.33,72,24,48,True,1.35,True,1.15,False,8bars,250.0,4.5,2.5,120.0,0.3
114,2943.82,1.493,25.44,1038.4,33.33,72,24,48,True,1.35,True,1.15,True,8bars,250.0,4.5,2.5,120.0,0.3
119,2053.41,1.401,23.53,1125.48,33.33,72,24,48,True,1.35,True,1.15,True,8bars,150.0,4.5,2.0,120.0,0.25
119,2021.0,1.389,23.53,1144.09,33.33,72,24,48,True,1.35,True,1.15,True,8bars,150.0,4.5,2.0,120.0,0.3
117,2246.73,1.376,26.5,1493.47,33.33,72,24,48,True,1.35,True,1.15,False,8bars,150.0,4.0,2.5,120.0,0.25
120,1956.19,1.375,23.33,1125.48,33.33,72,24,48,True,1.35,True,1.15,True,8bars,200.0,4.5,2.0,120.0,0.25
117,2242.86,1.371,26.5,1485.02,33.33,72,24,48,True,1.35,True,1.15,False,8bars,150.0,4.0,2.5,120.0,0.3
120,1923.79,1.363,23.33,1144.09,33.33,72,24,48,True,1.35,True,1.15,True,8bars,200.0,4.5,2.0,120.0,0.3
118,2125.99,1.349,26.27,1493.47,33.33,72,24,48,True,1.35,True,1.15,False,8bars,200.0,4.0,2.5,120.0,0.25
118,2122.13,1.344,26.27,1485.02,33.33,72,24,48,True,1.35,True,1.15,False,8bars,200.0,4.0,2.5,120.0,0.3
121,1824.38,1.343,23.14,1125.48,33.33,72,24,48,True,1.35,True,1.15,True,12bars,250.0,4.5,2.0,120.0,0.25
122,1785.36,1.333,22.95,1156.72,33.33,72,24,48,True,1.35,True,1.15,False,12bars,250.0,4.5,2.0,120.0,0.25
121,1789.82,1.332,23.14,1144.09,33.33,72,24,48,True,1.35,True,1.15,True,12bars,250.0,4.5,2.0,120.0,0.3
122,1750.8,1.322,22.95,1161.11,33.33,72,24,48,True,1.35,True,1.15,False,12bars,250.0,4.5,2.0,120.0,0.3
121,1896.53,1.3,25.62,1493.47,33.33,72,24,48,True,1.35,True,1.15,False,8bars,250.0,4.0,2.5,120.0,0.25
131,1716.68,1.3,22.9,1125.48,33.33,72,24,48,True,1.35,True,1.15,False,8bars,250.0,4.5,2.0,120.0,0.25
121,1892.67,1.296,25.62,1485.02,33.33,72,24,48,True,1.35,True,1.15,False,8bars,250.0,4.0,2.5,120.0,0.3
131,1693.63,1.292,22.9,1144.09,33.33,72,24,48,True,1.35,True,1.15,False,8bars,250.0,4.5,2.0,120.0,0.3
278,2883.75,1.285,19.78,1921.88,33.33,72,24,48,True,1.45,True,1.25,True,8bars,250.0,4.5,2.5,100.0,0.25
283,2882.29,1.28,19.79,1951.48,33.33,72,24,48,True,1.45,True,1.25,False,8bars,250.0,4.5,2.5,100.0,0.25
166,2062.63,1.263,23.49,1197.29,33.33,72,24,48,True,1.35,True,1.25,True,8bars,250.0,4.0,2.5,100.0,0.25
165,2023.63,1.263,24.24,1104.45,33.33,72,24,48,True,1.35,True,1.25,False,12bars,250.0,3.5,2.5,100.0,0.25
128,1464.91,1.263,22.66,1062.18,33.33,72,24,48,True,1.35,True,1.15,True,8bars,250.0,4.5,2.0,100.0,0.25
214,2340.62,1.262,24.77,1626.46,33.33,72,24,48,True,1.4,True,1.25,False,12bars,250.0,4.0,2.5,100.0,0.25
275,2632.89,1.259,20.0,2002.39,33.33,72,24,48,True,1.45,True,1.25,False,12bars,250.0,4.5,2.5,100.0,0.25
128,1443.37,1.255,22.66,1085.01,33.33,72,24,48,True,1.35,True,1.15,True,8bars,250.0,4.5,2.0,100.0,0.3
164,1951.68,1.253,23.17,1119.3,33.33,72,24,48,True,1.35,True,1.25,True,8bars,200.0,4.0,2.5,100.0,0.25
115,1417.76,1.243,25.22,1301.4,33.33,72,24,48,True,1.35,True,1.15,True,8bars,150.0,3.5,2.5,120.0,0.25
111,1342.51,1.24,25.23,1461.28,33.33,72,24,48,True,1.35,True,1.15,True,12bars,150.0,3.5,2.5,120.0,0.25
115,1387.27,1.235,25.22,1316.74,33.33,72,24,48,True,1.35,True,1.15,True,8bars,150.0,3.5,2.5,120.0,0.3
113,1319.46,1.231,25.66,1461.28,33.33,72,24,48,True,1.35,True,1.15,True,12bars,200.0,3.5,2.5,120.0,0.25
111,1309.32,1.23,25.23,1479.33,33.33,72,24,48,True,1.35,True,1.15,True,12bars,150.0,3.5,2.5,120.0,0.3
113,1286.27,1.222,25.66,1479.33,33.33,72,24,48,True,1.35,True,1.15,True,12bars,200.0,3.5,2.5,120.0,0.3
289,2320.47,1.219,21.11,1830.27,33.33,72,24,48,True,1.45,True,1.25,True,8bars,250.0,4.0,2.5,100.0,0.25
294,2299.76,1.213,21.09,1859.87,33.33,72,24,48,True,1.45,True,1.25,False,8bars,250.0,4.0,2.5,100.0,0.25
119,1239.19,1.203,25.21,1456.92,33.33,72,24,48,True,1.35,True,1.15,True,8bars,200.0,3.5,2.5,120.0,0.25
284,2145.22,1.202,21.48,1955.81,33.33,72,24,48,True,1.45,True,1.25,True,12bars,250.0,4.0,2.5,100.0,0.25
286,2091.64,1.196,21.33,1961.4,33.33,72,24,48,True,1.45,True,1.25,False,12bars,250.0,4.0,2.5,100.0,0.25
119,1208.7,1.195,25.21,1472.26,33.33,72,24,48,True,1.35,True,1.15,True,8bars,200.0,3.5,2.5,120.0,0.3
122,1005.44,1.188,22.95,1131.17,33.33,72,24,48,True,1.35,True,1.15,True,12bars,250.0,4.0,2.0,120.0,0.25
122,968.56,1.179,22.95,1154.13,33.33,72,24,48,True,1.35,True,1.15,True,12bars,250.0,4.0,2.0,120.0,0.3
128,972.6,1.172,22.66,1125.48,33.33,72,24,48,True,1.35,True,1.15,True,8bars,250.0,4.0,2.0,120.0,0.25
221,1252.76,1.165,21.27,1345.9,33.33,72,24,48,True,1.45,True,1.15,True,8bars,150.0,4.5,2.0,100.0,0.25
128,937.88,1.164,22.66,1144.09,33.33,72,24,48,True,1.35,True,1.15,True,8bars,250.0,4.0,2.0,120.0,0.3
172,1299.64,1.161,23.84,1062.33,33.33,72,24,48,True,1.35,True,1.25,True,8bars,250.0,3.5,2.5,100.0,0.25
127,1016.5,1.153,24.41,1422.07,33.33,72,24,48,True,1.35,True,1.15,False,8bars,250.0,3.5,2.5,120.0,0.25
132,865.61,1.151,22.73,1182.0,33.33,72,24,48,True,1.35,True,1.15,False,8bars,250.0,4.0,2.0,120.0,0.25
127,986.01,1.146,24.41,1437.41,33.33,72,24,48,True,1.35,True,1.15,False,8bars,250.0,3.5,2.5,120.0,0.3
132,838.5,1.144,22.73,1201.02,33.33,72,24,48,True,1.35,True,1.15,False,8bars,250.0,4.0,2.0,120.0,0.3
217,1121.62,1.142,21.2,1641.23,33.33,72,24,48,True,1.45,True,1.15,True,8bars,150.0,4.5,2.0,120.0,0.25
300,1556.42,1.139,23.33,2784.25,33.33,72,24,48,True,1.45,True,1.25,True,12bars,250.0,3.5,2.5,100.0,0.25
300,1597.51,1.138,23.33,2861.24,33.33,72,24,48,True,1.45,True,1.25,True,12bars,250.0,3.5,2.5,100.0,0.3
302,1502.83,1.134,23.18,2813.6,33.33,72,24,48,True,1.45,True,1.25,False,12bars,250.0,3.5,2.5,100.0,0.25
313,1525.84,1.133,23.0,2582.67,33.33,72,24,48,True,1.45,True,1.25,False,8bars,250.0,3.5,2.5,100.0,0.25
302,1540.86,1.132,23.18,2881.56,33.33,72,24,48,True,1.45,True,1.25,False,12bars,250.0,3.5,2.5,100.0,0.3
313,1546.56,1.13,23.0,2673.48,33.33,72,24,48,True,1.45,True,1.25,False,8bars,250.0,3.5,2.5,100.0,0.3
217,1000.33,1.13,20.74,1361.65,33.33,72,24,48,True,1.45,True,1.15,True,12bars,150.0,4.5,2.0,100.0,0.25
217,1016.74,1.129,20.74,1355.08,33.33,72,24,48,True,1.45,True,1.15,True,12bars,150.0,4.5,2.0,100.0,0.3
306,1420.75,1.127,22.88,2590.41,33.33,72,24,48,True,1.45,True,1.25,True,8bars,250.0,3.5,2.5,100.0,0.25
306,1451.85,1.125,22.88,2676.3,33.33,72,24,48,True,1.45,True,1.25,True,8bars,250.0,3.5,2.5,100.0,0.3
213,936.68,1.118,20.66,1570.57,33.33,72,24,48,True,1.45,True,1.15,True,12bars,150.0,4.5,2.0,120.0,0.25
219,919.47,1.118,20.55,1403.49,33.33,72,24,48,True,1.45,True,1.15,False,12bars,150.0,4.5,2.0,100.0,0.25
213,951.71,1.117,20.66,1550.08,33.33,72,24,48,True,1.45,True,1.15,True,12bars,150.0,4.5,2.0,120.0,0.3
219,935.88,1.117,20.55,1396.92,33.33,72,24,48,True,1.45,True,1.15,False,12bars,150.0,4.5,2.0,100.0,0.3
220,1039.86,1.114,20.91,1787.06,33.33,72,24,48,True,1.45,True,1.15,False,12bars,200.0,4.0,2.5,100.0,0.25
215,895.39,1.112,20.47,1583.78,33.33,72,24,48,True,1.45,True,1.15,False,12bars,150.0,4.5,2.0,120.0,0.25
215,907.78,1.111,20.47,1565.92,33.33,72,24,48,True,1.45,True,1.15,False,12bars,150.0,4.5,2.0,120.0,0.3
278,1084.75,1.11,20.5,1931.73,33.33,72,24,48,True,1.45,True,1.25,True,8bars,200.0,4.0,2.5,100.0,0.25
283,1064.04,1.106,20.49,1901.83,33.33,72,24,48,True,1.45,True,1.25,False,8bars,200.0,4.0,2.5,100.0,0.25
241,820.61,1.095,20.33,1729.75,33.33,72,24,48,True,1.45,True,1.15,True,8bars,250.0,4.5,2.0,100.0,0.25
273,909.5,1.092,20.88,2123.13,33.33,72,24,48,True,1.45,True,1.25,True,12bars,200.0,4.0,2.5,100.0,0.25
275,855.92,1.086,20.73,2176.72,33.33,72,24,48,True,1.45,True,1.25,False,12bars,200.0,4.0,2.5,100.0,0.25
234,733.61,1.086,20.09,1611.85,33.33,72,24,48,True,1.45,True,1.15,True,12bars,250.0,4.5,2.0,100.0,0.25
229,817.55,1.085,20.52,2113.79,33.33,72,24,48,True,1.45,True,1.15,False,12bars,250.0,4.0,2.5,100.0,0.25
234,746.96,1.085,20.09,1607.2,33.33,72,24,48,True,1.45,True,1.15,True,12bars,250.0,4.5,2.0,100.0,0.3
248,730.71,1.083,20.16,1742.9,33.33,72,24,48,True,1.45,True,1.15,False,8bars,250.0,4.5,2.0,100.0,0.25
237,689.47,1.077,20.25,2034.94,33.33,72,24,48,True,1.45,True,1.15,True,8bars,250.0,4.5,2.0,120.0,0.25
230,681.93,1.076,20.0,1829.05,33.33,72,24,48,True,1.45,True,1.15,True,12bars,250.0,4.5,2.0,120.0,0.3
230,669.95,1.076,20.0,1849.54,33.33,72,24,48,True,1.45,True,1.15,True,12bars,250.0,4.5,2.0,120.0,0.25
236,652.75,1.076,19.92,1692.71,33.33,72,24,48,True,1.45,True,1.15,False,12bars,250.0,4.5,2.0,100.0,0.25
238,641.51,1.076,20.17,1688.02,33.33,72,24,48,True,1.45,True,1.15,True,8bars,200.0,4.5,2.0,100.0,0.25
236,666.1,1.075,19.92,1688.06,33.33,72,24,48,True,1.45,True,1.15,False,12bars,250.0,4.5,2.0,100.0,0.3
232,638.0,1.071,19.83,1872.98,33.33,72,24,48,True,1.45,True,1.15,False,12bars,250.0,4.5,2.0,120.0,0.3
232,628.66,1.071,19.83,1890.83,33.33,72,24,48,True,1.45,True,1.15,False,12bars,250.0,4.5,2.0,120.0,0.25
244,639.13,1.07,20.08,2008.52,33.33,72,24,48,True,1.45,True,1.15,False,8bars,250.0,4.5,2.0,120.0,0.25
231,567.86,1.066,19.91,1565.47,33.33,72,24,48,True,1.45,True,1.15,True,12bars,200.0,4.5,2.0,100.0,0.3
231,554.51,1.066,19.91,1570.12,33.33,72,24,48,True,1.45,True,1.15,True,12bars,200.0,4.5,2.0,100.0,0.25
234,510.37,1.058,20.09,1993.21,33.33,72,24,48,True,1.45,True,1.15,True,8bars,200.0,4.5,2.0,120.0,0.25
227,502.83,1.057,19.82,1787.32,33.33,72,24,48,True,1.45,True,1.15,True,12bars,200.0,4.5,2.0,120.0,0.3
227,490.85,1.057,19.82,1807.81,33.33,72,24,48,True,1.45,True,1.15,True,12bars,200.0,4.5,2.0,120.0,0.25
233,487.0,1.056,19.74,1646.33,33.33,72,24,48,True,1.45,True,1.15,False,12bars,200.0,4.5,2.0,100.0,0.3
233,473.65,1.056,19.74,1650.98,33.33,72,24,48,True,1.45,True,1.15,False,12bars,200.0,4.5,2.0,100.0,0.25
229,458.9,1.052,19.65,1831.25,33.33,72,24,48,True,1.45,True,1.15,False,12bars,200.0,4.5,2.0,120.0,0.3
229,449.56,1.052,19.65,1849.1,33.33,72,24,48,True,1.45,True,1.15,False,12bars,200.0,4.5,2.0,120.0,0.25
243,377.23,1.044,19.75,1701.17,33.33,72,24,48,True,1.45,True,1.15,False,8bars,200.0,4.5,2.0,100.0,0.25
239,285.65,1.032,19.67,1966.79,33.33,72,24,48,True,1.45,True,1.15,False,8bars,200.0,4.5,2.0,120.0,0.25
234,149.56,1.017,20.94,2082.38,33.33,72,24,48,True,1.45,True,1.15,False,12bars,250.0,4.0,2.0,120.0,0.25
234,142.31,1.016,20.94,2070.18,33.33,72,24,48,True,1.45,True,1.15,False,12bars,250.0,4.0,2.0,120.0,0.3
225,33.93,1.004,20.89,1560.67,33.33,72,24,48,True,1.45,True,1.15,True,12bars,150.0,4.0,2.0,100.0,0.25
235,-11.7,0.999,20.85,1773.89,33.33,72,24,48,True,1.45,True,1.15,True,12bars,250.0,4.0,2.0,100.0,0.25
227,-56.16,0.993,20.7,1644.5,33.33,72,24,48,True,1.45,True,1.15,False,12bars,150.0,4.0,2.0,100.0,0.3
233,-56.5,0.993,20.6,1732.16,33.33,72,24,48,True,1.45,True,1.15,True,12bars,200.0,4.0,2.0,100.0,0.25
237,-101.79,0.988,20.68,1857.72,33.33,72,24,48,True,1.45,True,1.15,False,12bars,250.0,4.0,2.0,100.0,0.3
223,-121.05,0.986,20.63,1869.16,33.33,72,24,48,True,1.45,True,1.15,False,12bars,150.0,4.0,2.0,120.0,0.25
223,-128.3,0.985,20.63,1856.96,33.33,72,24,48,True,1.45,True,1.15,False,12bars,150.0,4.0,2.0,120.0,0.3
235,-146.59,0.983,20.43,1815.99,33.33,72,24,48,True,1.45,True,1.15,False,12bars,200.0,4.0,2.0,100.0,0.3
231,-211.48,0.976,20.35,2040.65,33.33,72,24,48,True,1.45,True,1.15,False,12bars,200.0,4.0,2.0,120.0,0.25
231,-218.73,0.976,20.35,2028.45,33.33,72,24,48,True,1.45,True,1.15,False,12bars,200.0,4.0,2.0,120.0,0.3
895,-602.78,0.97,19.33,1582.03,33.33,72,24,48,False,1.4,True,1.15,False,12bars,250.0,4.0,2.0,100.0,0.3
876,-643.3,0.967,19.41,1788.21,33.33,72,24,48,False,1.4,True,1.15,True,12bars,250.0,4.0,2.0,120.0,0.25
236,-421.77,0.948,22.03,2185.92,33.33,72,24,48,True,1.45,True,1.15,True,8bars,150.0,3.5,2.0,100.0,0.25
236,-440.77,0.947,22.03,2181.66,33.33,72,24,48,True,1.45,True,1.15,True,8bars,150.0,3.5,2.0,100.0,0.3
891,-1121.87,0.944,19.3,1917.06,33.33,72,24,48,False,1.4,True,1.15,False,12bars,250.0,4.0,2.0,120.0,0.25
228,-556.79,0.935,21.49,2396.01,33.33,72,24,48,True,1.45,True,1.15,True,12bars,200.0,3.5,2.0,120.0,0.25
228,-576.68,0.934,21.49,2390.52,33.33,72,24,48,True,1.45,True,1.15,True,12bars,200.0,3.5,2.0,120.0,0.3
239,-569.32,0.931,21.76,2227.65,33.33,72,24,48,True,1.45,True,1.15,True,8bars,200.0,3.5,2.0,100.0,0.25
239,-588.32,0.931,21.76,2223.39,33.33,72,24,48,True,1.45,True,1.15,True,8bars,200.0,3.5,2.0,100.0,0.3
241,-659.77,0.92,21.58,2234.52,33.33,72,24,48,True,1.45,True,1.15,False,8bars,150.0,3.5,2.0,100.0,0.25
246,-685.03,0.919,21.54,2276.25,33.33,72,24,48,True,1.45,True,1.15,False,8bars,200.0,3.5,2.0,100.0,0.25
241,-690.55,0.919,21.58,2250.47,33.33,72,24,48,True,1.45,True,1.15,False,8bars,150.0,3.5,2.0,100.0,0.3
224,-685.57,0.918,21.43,2354.28,33.33,72,24,48,True,1.45,True,1.15,True,12bars,150.0,3.5,2.0,120.0,0.25
246,-715.81,0.918,21.54,2292.2,33.33,72,24,48,True,1.45,True,1.15,False,8bars,200.0,3.5,2.0,100.0,0.3
224,-705.46,0.917,21.43,2348.79,33.33,72,24,48,True,1.45,True,1.15,True,12bars,150.0,3.5,2.0,120.0,0.3
251,-840.56,0.909,21.91,2708.59,33.33,72,24,48,True,1.45,True,1.15,False,8bars,250.0,3.5,2.0,120.0,0.25
251,-858.61,0.909,21.91,2689.89,33.33,72,24,48,True,1.45,True,1.15,False,8bars,250.0,3.5,2.0,120.0,0.3
246,-862.24,0.908,21.95,2674.96,33.33,72,24,48,True,1.45,True,1.15,True,8bars,250.0,3.5,2.0,120.0,0.3
246,-858.61,0.907,21.95,2699.57,33.33,72,24,48,True,1.45,True,1.15,True,8bars,250.0,3.5,2.0,120.0,0.25
1103,-2473.83,0.897,18.59,3767.66,33.33,72,24,48,False,1.4,True,1.25,True,12bars,250.0,4.0,2.0,100.0,0.3
1099,-2569.42,0.891,18.74,4111.41,33.33,72,24,48,False,1.4,True,1.25,True,12bars,250.0,4.0,2.0,120.0,0.25
1124,-2640.07,0.89,18.51,3883.7,33.33,72,24,48,False,1.4,True,1.25,False,12bars,250.0,4.0,2.0,100.0,0.3
110,3391.61,1.64,26.36,1320.46,31.94,72,23,49,True,1.35,True,1.15,False,12bars,150.0,4.5,2.5,100.0,0.25
110,3391.61,1.64,26.36,1320.46,31.94,72,23,49,True,1.35,True,1.15,False,12bars,200.0,4.5,2.5,100.0,0.25
118,3382.64,1.608,26.27,1134.63,31.94,72,23,49,True,1.35,True,1.15,False,8bars,150.0,4.5,2.5,100.0,0.25
118,3382.64,1.608,26.27,1134.63,31.94,72,23,49,True,1.35,True,1.15,False,8bars,200.0,4.5,2.5,100.0,0.25
111,3270.88,1.604,26.13,1320.46,31.94,72,23,49,True,1.35,True,1.15,False,12bars,250.0,4.5,2.5,100.0,0.25
119,3261.9,1.574,26.05,1134.63,31.94,72,23,49,True,1.35,True,1.15,False,8bars,250.0,4.5,2.5,100.0,0.25
109,2908.67,1.524,25.69,1376.0,31.94,72,23,49,True,1.35,True,1.15,True,12bars,150.0,4.5,2.5,120.0,0.25
109,2908.67,1.524,25.69,1376.0,31.94,72,23,49,True,1.35,True,1.15,True,12bars,200.0,4.5,2.5,120.0,0.25
109,2898.88,1.515,25.69,1381.45,31.94,72,23,49,True,1.35,True,1.15,True,12bars,150.0,4.5,2.5,120.0,0.3
109,2898.88,1.515,25.69,1381.45,31.94,72,23,49,True,1.35,True,1.15,True,12bars,200.0,4.5,2.5,120.0,0.3
110,2860.67,1.511,25.45,1424.0,31.94,72,23,49,True,1.35,True,1.15,False,12bars,150.0,4.5,2.5,120.0,0.25
110,2860.67,1.511,25.45,1424.0,31.94,72,23,49,True,1.35,True,1.15,False,12bars,200.0,4.5,2.5,120.0,0.25
110,2850.88,1.502,25.45,1429.45,31.94,72,23,49,True,1.35,True,1.15,False,12bars,150.0,4.5,2.5,120.0,0.3
110,2850.88,1.502,25.45,1429.45,31.94,72,23,49,True,1.35,True,1.15,False,12bars,200.0,4.5,2.5,120.0,0.3
110,2787.93,1.492,25.45,1376.0,31.94,72,23,49,True,1.35,True,1.15,True,12bars,250.0,4.5,2.5,120.0,0.25
110,2778.14,1.483,25.45,1381.45,31.94,72,23,49,True,1.35,True,1.15,True,12bars,250.0,4.5,2.5,120.0,0.3
111,2739.93,1.479,25.23,1424.0,31.94,72,23,49,True,1.35,True,1.15,False,12bars,250.0,4.5,2.5,120.0,0.25
111,2554.95,1.472,27.03,1407.5,31.94,72,23,49,True,1.35,True,1.15,False,12bars,150.0,4.0,2.5,100.0,0.3
111,2730.14,1.471,25.23,1429.45,31.94,72,23,49,True,1.35,True,1.15,False,12bars,250.0,4.5,2.5,120.0,0.3
119,2529.68,1.445,26.89,1485.02,31.94,72,23,49,True,1.35,True,1.15,False,8bars,150.0,4.0,2.5,100.0,0.3
112,2434.22,1.44,26.79,1407.5,31.94,72,23,49,True,1.35,True,1.15,False,12bars,200.0,4.0,2.5,100.0,0.3
113,2360.28,1.421,26.55,1407.5,31.94,72,23,49,True,1.35,True,1.15,False,12bars,250.0,4.0,2.5,100.0,0.3
110,2346.15,1.421,25.45,1284.81,31.94,72,23,49,True,1.35,True,1.15,True,12bars,150.0,4.5,2.5,100.0,0.3
110,2346.15,1.421,25.45,1284.81,31.94,72,23,49,True,1.35,True,1.15,True,12bars,200.0,4.5,2.5,100.0,0.3
120,2408.94,1.415,26.67,1485.02,31.94,72,23,49,True,1.35,True,1.15,False,8bars,200.0,4.0,2.5,100.0,0.3
121,2335.0,1.397,26.45,1485.02,31.94,72,23,49,True,1.35,True,1.15,False,8bars,250.0,4.0,2.5,100.0,0.3
111,2225.42,1.391,25.23,1284.81,31.94,72,23,49,True,1.35,True,1.15,True,12bars,250.0,4.5,2.5,100.0,0.3
115,1925.5,1.39,23.48,1125.48,31.94,72,23,49,True,1.35,True,1.15,True,12bars,150.0,4.5,2.0,120.0,0.25
116,1886.48,1.379,23.28,1156.72,31.94,72,23,49,True,1.35,True,1.15,False,12bars,150.0,4.5,2.0,120.0,0.25
115,1890.94,1.377,23.48,1144.09,31.94,72,23,49,True,1.35,True,1.15,True,12bars,150.0,4.5,2.0,120.0,0.3
114,2182.69,1.376,26.32,1375.06,31.94,72,23,49,True,1.35,True,1.15,True,8bars,150.0,4.0,2.5,120.0,0.25
114,2178.82,1.37,26.32,1366.62,31.94,72,23,49,True,1.35,True,1.15,True,8bars,150.0,4.0,2.5,120.0,0.3
110,2063.57,1.37,26.36,1459.14,31.94,72,23,49,True,1.35,True,1.15,True,12bars,150.0,4.0,2.5,120.0,0.25
116,1851.92,1.367,23.28,1161.11,31.94,72,23,49,True,1.35,True,1.15,False,12bars,150.0,4.5,2.0,120.0,0.3
110,2057.0,1.363,26.36,1456.14,31.94,72,23,49,True,1.35,True,1.15,True,12bars,150.0,4.0,2.5,120.0,0.3
116,1828.29,1.363,23.28,1125.48,31.94,72,23,49,True,1.35,True,1.15,True,12bars,200.0,4.5,2.0,120.0,0.25
111,2015.57,1.358,26.13,1507.14,31.94,72,23,49,True,1.35,True,1.15,False,12bars,150.0,4.0,2.5,120.0,0.25
111,2009.0,1.352,26.13,1504.14,31.94,72,23,49,True,1.35,True,1.15,False,12bars,150.0,4.0,2.5,120.0,0.3
117,1789.27,1.352,23.08,1156.72,31.94,72,23,49,True,1.35,True,1.15,False,12bars,200.0,4.5,2.0,120.0,0.25
116,1793.72,1.351,23.28,1144.09,31.94,72,23,49,True,1.35,True,1.15,True,12bars,200.0,4.5,2.0,120.0,0.3
115,2061.95,1.348,26.09,1375.06,31.94,72,23,49,True,1.35,True,1.15,True,8bars,200.0,4.0,2.5,120.0,0.25
115,2058.08,1.343,26.09,1366.62,31.94,72,23,49,True,1.35,True,1.15,True,8bars,200.0,4.0,2.5,120.0,0.3
111,1942.84,1.341,26.13,1459.14,31.94,72,23,49,True,1.35,True,1.15,True,12bars,200.0,4.0,2.5,120.0,0.25
125,1817.8,1.341,23.2,1125.48,31.94,72,23,49,True,1.35,True,1.15,False,8bars,150.0,4.5,2.0,120.0,0.25
117,1754.7,1.341,23.08,1161.11,31.94,72,23,49,True,1.35,True,1.15,False,12bars,200.0,4.5,2.0,120.0,0.3
111,1936.27,1.335,26.13,1456.14,31.94,72,23,49,True,1.35,True,1.15,True,12bars,200.0,4.0,2.5,120.0,0.3
120,1691.68,1.334,23.33,1062.18,31.94,72,23,49,True,1.35,True,1.15,True,8bars,150.0,4.5,2.0,100.0,0.25
125,1794.75,1.332,23.2,1144.09,31.94,72,23,49,True,1.35,True,1.15,False,8bars,150.0,4.5,2.0,120.0,0.3
112,1894.84,1.33,25.89,1507.14,31.94,72,23,49,True,1.35,True,1.15,False,12bars,200.0,4.0,2.5,120.0,0.25
112,1888.27,1.324,25.89,1504.14,31.94,72,23,49,True,1.35,True,1.15,False,12bars,200.0,4.0,2.5,120.0,0.3
112,1868.9,1.324,25.89,1459.14,31.94,72,23,49,True,1.35,True,1.15,True,12bars,250.0,4.0,2.5,120.0,0.25
120,1670.15,1.324,23.33,1085.01,31.94,72,23,49,True,1.35,True,1.15,True,8bars,150.0,4.5,2.0,100.0,0.3
112,1862.33,1.318,25.89,1456.14,31.94,72,23,49,True,1.35,True,1.15,True,12bars,250.0,4.0,2.5,120.0,0.3
126,1720.59,1.317,23.02,1125.48,31.94,72,23,49,True,1.35,True,1.15,False,8bars,200.0,4.5,2.0,120.0,0.25
113,1820.9,1.313,25.66,1507.14,31.94,72,23,49,True,1.35,True,1.15,False,12bars,250.0,4.0,2.5,120.0,0.25
121,1594.47,1.309,23.14,1062.18,31.94,72,23,49,True,1.35,True,1.15,True,8bars,200.0,4.5,2.0,100.0,0.25
126,1697.54,1.308,23.02,1144.09,31.94,72,23,49,True,1.35,True,1.15,False,8bars,200.0,4.5,2.0,120.0,0.3
113,1814.33,1.307,25.66,1504.14,31.94,72,23,49,True,1.35,True,1.15,False,12bars,250.0,4.0,2.5,120.0,0.3
120,1707.04,1.304,25.83,1419.36,31.94,72,23,49,True,1.35,True,1.15,False,8bars,150.0,3.5,2.5,100.0,0.25
120,1719.12,1.301,25.83,1434.88,31.94,72,23,49,True,1.35,True,1.15,False,8bars,150.0,3.5,2.5,100.0,0.3
121,1572.94,1.3,23.14,1085.01,31.94,72,23,49,True,1.35,True,1.15,True,8bars,200.0,4.5,2.0,100.0,0.3
118,1832.49,1.298,25.42,1390.02,31.94,72,23,49,True,1.35,True,1.15,True,8bars,250.0,4.0,2.5,120.0,0.25
122,1683.99,1.294,26.23,1419.36,31.94,72,23,49,True,1.35,True,1.15,False,8bars,200.0,3.5,2.5,100.0,0.25
118,1828.63,1.293,25.42,1384.32,31.94,72,23,49,True,1.35,True,1.15,True,8bars,250.0,4.0,2.5,120.0,0.3
122,1696.06,1.291,26.23,1434.88,31.94,72,23,49,True,1.35,True,1.15,False,8bars,200.0,3.5,2.5,100.0,0.3
122,1462.66,1.278,22.95,1117.7,31.94,72,23,49,True,1.35,True,1.15,True,12bars,250.0,4.5,2.0,100.0,0.25
122,1438.96,1.269,22.95,1122.09,31.94,72,23,49,True,1.35,True,1.15,True,12bars,250.0,4.5,2.0,100.0,0.3
123,1423.64,1.269,22.76,1156.72,31.94,72,23,49,True,1.35,True,1.15,False,12bars,250.0,4.5,2.0,100.0,0.25
123,1399.94,1.26,22.76,1161.11,31.94,72,23,49,True,1.35,True,1.15,False,12bars,250.0,4.5,2.0,100.0,0.3
119,1256.46,1.245,23.53,1125.48,31.94,72,23,49,True,1.35,True,1.15,True,8bars,150.0,4.0,2.0,120.0,0.25
132,1354.96,1.24,22.73,1062.18,31.94,72,23,49,True,1.35,True,1.15,False,8bars,250.0,4.5,2.0,100.0,0.25
115,1163.65,1.236,23.48,1131.17,31.94,72,23,49,True,1.35,True,1.15,True,12bars,150.0,4.0,2.0,120.0,0.25
119,1221.74,1.235,23.53,1144.09,31.94,72,23,49,True,1.35,True,1.15,True,8bars,150.0,4.0,2.0,120.0,0.3
132,1342.78,1.234,22.73,1085.01,31.94,72,23,49,True,1.35,True,1.15,False,8bars,250.0,4.5,2.0,100.0,0.3
112,1294.51,1.229,25.0,1509.28,31.94,72,23,49,True,1.35,True,1.15,False,12bars,150.0,3.5,2.5,120.0,0.25
115,1126.77,1.225,23.48,1154.13,31.94,72,23,49,True,1.35,True,1.15,True,12bars,150.0,4.0,2.0,120.0,0.3
114,1271.46,1.221,25.44,1509.28,31.94,72,23,49,True,1.35,True,1.15,False,12bars,200.0,3.5,2.5,120.0,0.25
112,1261.32,1.22,25.0,1527.33,31.94,72,23,49,True,1.35,True,1.15,False,12bars,150.0,3.5,2.5,120.0,0.3
114,1238.27,1.211,25.44,1527.33,31.94,72,23,49,True,1.35,True,1.15,False,12bars,200.0,3.5,2.5,120.0,0.3
117,1006.66,1.197,23.08,1131.17,31.94,72,23,49,True,1.35,True,1.15,True,12bars,200.0,4.0,2.0,120.0,0.25
125,1023.82,1.192,23.2,1182.0,31.94,72,23,49,True,1.35,True,1.15,False,8bars,150.0,4.0,2.0,120.0,0.25
117,969.79,1.188,23.08,1154.13,31.94,72,23,49,True,1.35,True,1.15,True,12bars,200.0,4.0,2.0,120.0,0.3
125,996.7,1.184,23.2,1201.02,31.94,72,23,49,True,1.35,True,1.15,False,8bars,150.0,4.0,2.0,120.0,0.3
123,973.82,1.18,22.76,1125.48,31.94,72,23,49,True,1.35,True,1.15,True,8bars,200.0,4.0,2.0,120.0,0.25
123,966.42,1.179,22.76,1170.19,31.94,72,23,49,True,1.35,True,1.15,False,12bars,250.0,4.0,2.0,120.0,0.25
118,1061.92,1.174,24.58,1461.28,31.94,72,23,49,True,1.35,True,1.15,True,12bars,250.0,3.5,2.5,120.0,0.25
123,939.11,1.171,22.76,1144.09,31.94,72,23,49,True,1.35,True,1.15,True,8bars,200.0,4.0,2.0,120.0,0.3
123,929.55,1.17,22.76,1193.15,31.94,72,23,49,True,1.35,True,1.15,False,12bars,250.0,4.0,2.0,120.0,0.3
118,1028.73,1.166,24.58,1479.33,31.94,72,23,49,True,1.35,True,1.15,True,12bars,250.0,3.5,2.5,120.0,0.3
127,866.83,1.158,22.83,1182.0,31.94,72,23,49,True,1.35,True,1.15,False,8bars,200.0,4.0,2.0,120.0,0.25
124,981.65,1.151,24.19,1456.92,31.94,72,23,49,True,1.35,True,1.15,True,8bars,250.0,3.5,2.5,120.0,0.25
127,839.72,1.151,22.83,1201.02,31.94,72,23,49,True,1.35,True,1.15,False,8bars,200.0,4.0,2.0,120.0,0.3
124,951.16,1.144,24.19,1472.26,31.94,72,23,49,True,1.35,True,1.15,True,8bars,250.0,3.5,2.5,120.0,0.3
123,691.22,1.131,22.76,1131.17,31.94,72,23,49,True,1.35,True,1.15,True,12bars,250.0,4.0,2.0,100.0,0.25
123,662.05,1.123,22.76,1135.56,31.94,72,23,49,True,1.35,True,1.15,True,12bars,250.0,4.0,2.0,100.0,0.3
129,658.38,1.118,22.48,1062.18,31.94,72,23,49,True,1.35,True,1.15,True,8bars,250.0,4.0,2.0,100.0,0.25
129,631.36,1.111,22.48,1085.01,31.94,72,23,49,True,1.35,True,1.15,True,8bars,250.0,4.0,2.0,100.0,0.3
133,551.39,1.097,22.56,1118.69,31.94,72,23,49,True,1.35,True,1.15,False,8bars,250.0,4.0,2.0,100.0,0.25
133,531.98,1.092,22.56,1141.94,31.94,72,23,49,True,1.35,True,1.15,False,8bars,250.0,4.0,2.0,100.0,0.3
120,342.75,1.066,23.33,1262.75,31.94,72,23,49,True,1.35,True,1.15,True,8bars,150.0,3.5,2.0,120.0,0.25
120,301.82,1.057,23.33,1289.37,31.94,72,23,49,True,1.35,True,1.15,True,8bars,150.0,3.5,2.0,120.0,0.3
116,285.03,1.057,23.28,1386.94,31.94,72,23,49,True,1.35,True,1.15,True,12bars,150.0,3.5,2.0,120.0,0.25
116,241.94,1.047,23.28,1415.72,31.94,72,23,49,True,1.35,True,1.15,True,12bars,150.0,3.5,2.0,120.0,0.3
121,217.85,1.041,23.14,1386.94,31.94,72,23,49,True,1.35,True,1.15,True,12bars,200.0,3.5,2.0,120.0,0.25
121,174.75,1.032,23.14,1415.72,31.94,72,23,49,True,1.35,True,1.15,True,12bars,200.0,3.5,2.0,120.0,0.3
123,157.76,1.029,22.76,1386.94,31.94,72,23,49,True,1.35,True,1.15,True,12bars,250.0,3.5,2.0,120.0,0.25
127,149.91,1.027,22.83,1388.41,31.94,72,23,49,True,1.35,True,1.15,True,8bars,200.0,3.5,2.0,120.0,0.25
123,114.66,1.021,22.76,1415.72,31.94,72,23,49,True,1.35,True,1.15,True,12bars,250.0,3.5,2.0,120.0,0.3
126,113.08,1.021,23.02,1492.43,31.94,72,23,49,True,1.35,True,1.15,False,8bars,150.0,3.5,2.0,120.0,0.25
127,108.98,1.019,22.83,1415.03,31.94,72,23,49,True,1.35,True,1.15,True,8bars,200.0,3.5,2.0,120.0,0.3
129,89.82,1.016,22.48,1388.41,31.94,72,23,49,True,1.35,True,1.15,True,8bars,250.0,3.5,2.0,120.0,0.25
126,77.99,1.014,23.02,1513.21,31.94,72,23,49,True,1.35,True,1.15,False,8bars,150.0,3.5,2.0,120.0,0.3
129,48.89,1.008,22.48,1415.03,31.94,72,23,49,True,1.35,True,1.15,True,8bars,250.0,3.5,2.0,120.0,0.3
131,45.89,1.008,22.9,1492.43,31.94,72,23,49,True,1.35,True,1.15,False,8bars,200.0,3.5,2.0,120.0,0.25
131,10.8,1.002,22.9,1513.21,31.94,72,23,49,True,1.35,True,1.15,False,8bars,200.0,3.5,2.0,120.0,0.3
133,-14.2,0.998,22.56,1492.43,31.94,72,23,49,True,1.35,True,1.15,False,8bars,250.0,3.5,2.0,120.0,0.25
227,-46.93,0.994,20.7,1641.53,31.94,72,23,49,True,1.45,True,1.15,False,12bars,150.0,4.0,2.0,100.0,0.25
133,-49.28,0.992,22.56,1513.21,31.94,72,23,49,True,1.35,True,1.15,False,8bars,250.0,3.5,2.0,120.0,0.3
237,-92.56,0.989,20.68,1854.75,31.94,72,23,49,True,1.45,True,1.15,False,12bars,250.0,4.0,2.0,100.0,0.25
895,-215.67,0.988,19.55,1551.68,31.94,72,23,49,False,1.4,True,1.15,True,12bars,250.0,4.0,2.0,100.0,0.25
235,-137.36,0.984,20.43,1813.02,31.94,72,23,49,True,1.45,True,1.15,False,12bars,200.0,4.0,2.0,100.0,0.25
228,-518.04,0.936,21.49,2116.59,31.94,72,23,49,True,1.45,True,1.15,True,12bars,150.0,3.5,2.0,100.0,0.25
228,-548.8,0.934,21.49,2126.94,31.94,72,23,49,True,1.45,True,1.15,True,12bars,150.0,3.5,2.0,100.0,0.3
230,-598.08,0.93,21.3,2437.3,31.94,72,23,49,True,1.45,True,1.15,False,12bars,200.0,3.5,2.0,120.0,0.25
230,-620.61,0.929,21.3,2434.45,31.94,72,23,49,True,1.45,True,1.15,False,12bars,200.0,3.5,2.0,120.0,0.3
231,-665.58,0.919,21.21,2158.32,31.94,72,23,49,True,1.45,True,1.15,True,12bars,200.0,3.5,2.0,100.0,0.25
235,-719.64,0.919,21.7,2479.08,31.94,72,23,49,True,1.45,True,1.15,True,12bars,250.0,3.5,2.0,120.0,0.25
235,-739.52,0.918,21.7,2473.59,31.94,72,23,49,True,1.45,True,1.15,True,12bars,250.0,3.5,2.0,120.0,0.3
231,-696.34,0.917,21.21,2168.68,31.94,72,23,49,True,1.45,True,1.15,True,12bars,200.0,3.5,2.0,100.0,0.3
226,-726.86,0.914,21.24,2395.57,31.94,72,23,49,True,1.45,True,1.15,False,12bars,150.0,3.5,2.0,120.0,0.25
226,-749.39,0.913,21.24,2392.72,31.94,72,23,49,True,1.45,True,1.15,False,12bars,150.0,3.5,2.0,120.0,0.3
882,-1928.25,0.909,18.93,2399.83,31.94,72,23,49,False,1.4,True,1.15,False,12bars,250.0,4.0,2.0,120.0,0.3
249,-899.91,0.898,21.69,2394.38,31.94,72,23,49,True,1.45,True,1.15,True,8bars,250.0,3.5,2.0,100.0,0.25
249,-918.91,0.898,21.69,2390.12,31.94,72,23,49,True,1.45,True,1.15,True,8bars,250.0,3.5,2.0,100.0,0.3
254,-921.43,0.897,21.65,2442.98,31.94,72,23,49,True,1.45,True,1.15,False,8bars,250.0,3.5,2.0,100.0,0.25
254,-952.21,0.896,21.65,2458.93,31.94,72,23,49,True,1.45,True,1.15,False,8bars,250.0,3.5,2.0,100.0,0.3
111,2520.76,1.473,27.03,1403.6,30.56,72,22,50,True,1.35,True,1.15,False,12bars,150.0,4.0,2.5,100.0,0.25
119,2482.82,1.444,26.89,1493.47,30.56,72,22,50,True,1.35,True,1.15,False,8bars,150.0,4.0,2.5,100.0,0.25
112,2400.03,1.44,26.79,1403.6,30.56,72,22,50,True,1.35,True,1.15,False,12bars,200.0,4.0,2.5,100.0,0.25
110,2324.65,1.425,25.45,1272.46,30.56,72,22,50,True,1.35,True,1.15,True,12bars,150.0,4.5,2.5,100.0,0.25
110,2324.65,1.425,25.45,1272.46,30.56,72,22,50,True,1.35,True,1.15,True,12bars,200.0,4.5,2.5,100.0,0.25
113,2326.09,1.421,26.55,1403.6,30.56,72,22,50,True,1.35,True,1.15,False,12bars,250.0,4.0,2.5,100.0,0.25
120,2362.09,1.413,26.67,1493.47,30.56,72,22,50,True,1.35,True,1.15,False,8bars,200.0,4.0,2.5,100.0,0.25
121,2288.15,1.395,26.45,1493.47,30.56,72,22,50,True,1.35,True,1.15,False,8bars,250.0,4.0,2.5,100.0,0.25
111,2203.92,1.394,25.23,1272.46,30.56,72,22,50,True,1.35,True,1.15,True,12bars,250.0,4.5,2.5,100.0,0.25
116,2137.94,1.371,25.0,1325.96,30.56,72,22,50,True,1.35,True,1.15,True,8bars,150.0,4.5,2.5,100.0,0.3
116,2137.94,1.371,25.0,1325.96,30.56,72,22,50,True,1.35,True,1.15,True,8bars,200.0,4.5,2.5,100.0,0.3
117,2017.2,1.343,24.79,1325.96,30.56,72,22,50,True,1.35,True,1.15,True,8bars,250.0,4.5,2.5,100.0,0.3
112,1773.95,1.332,25.89,1405.74,30.56,72,22,50,True,1.35,True,1.15,False,12bars,150.0,3.5,2.5,100.0,0.25
112,1776.59,1.327,25.89,1430.68,30.56,72,22,50,True,1.35,True,1.15,False,12bars,150.0,3.5,2.5,100.0,0.3
116,1563.78,1.321,23.28,1117.7,30.56,72,22,50,True,1.35,True,1.15,True,12bars,150.0,4.5,2.0,100.0,0.25
114,1750.9,1.32,26.32,1405.74,30.56,72,22,50,True,1.35,True,1.15,False,12bars,200.0,3.5,2.5,100.0,0.25
114,1753.54,1.316,26.32,1430.68,30.56,72,22,50,True,1.35,True,1.15,False,12bars,200.0,3.5,2.5,100.0,0.3
116,1540.08,1.31,23.28,1122.09,30.56,72,22,50,True,1.35,True,1.15,True,12bars,150.0,4.5,2.0,100.0,0.3
117,1524.76,1.31,23.08,1156.72,30.56,72,22,50,True,1.35,True,1.15,False,12bars,150.0,4.5,2.0,100.0,0.25
117,1501.06,1.3,23.08,1161.11,30.56,72,22,50,True,1.35,True,1.15,False,12bars,150.0,4.5,2.0,100.0,0.3
117,1466.57,1.295,23.08,1117.7,30.56,72,22,50,True,1.35,True,1.15,True,12bars,200.0,4.5,2.0,100.0,0.25
117,1442.87,1.285,23.08,1122.09,30.56,72,22,50,True,1.35,True,1.15,True,12bars,200.0,4.5,2.0,100.0,0.3
118,1427.55,1.285,22.88,1156.72,30.56,72,22,50,True,1.35,True,1.15,False,12bars,200.0,4.5,2.0,100.0,0.25
111,1573.09,1.281,26.13,1366.62,30.56,72,22,50,True,1.35,True,1.15,True,12bars,150.0,4.0,2.5,100.0,0.3
126,1456.08,1.276,23.02,1062.18,30.56,72,22,50,True,1.35,True,1.15,False,8bars,150.0,4.5,2.0,100.0,0.25
118,1403.85,1.275,22.88,1161.11,30.56,72,22,50,True,1.35,True,1.15,False,12bars,200.0,4.5,2.0,100.0,0.3
126,1443.9,1.269,23.02,1085.01,30.56,72,22,50,True,1.35,True,1.15,False,8bars,150.0,4.5,2.0,100.0,0.3
112,1452.35,1.254,25.89,1366.62,30.56,72,22,50,True,1.35,True,1.15,True,12bars,200.0,4.0,2.5,100.0,0.3
127,1358.87,1.253,22.83,1062.18,30.56,72,22,50,True,1.35,True,1.15,False,8bars,200.0,4.5,2.0,100.0,0.25
127,1346.69,1.247,22.83,1085.01,30.56,72,22,50,True,1.35,True,1.15,False,8bars,200.0,4.5,2.0,100.0,0.3
113,1378.42,1.238,25.66,1366.62,30.56,72,22,50,True,1.35,True,1.15,True,12bars,250.0,4.0,2.5,100.0,0.3
127,1426.45,1.233,25.2,1419.36,30.56,72,22,50,True,1.35,True,1.15,False,8bars,250.0,3.5,2.5,100.0,0.25
127,1438.53,1.231,25.2,1434.88,30.56,72,22,50,True,1.35,True,1.15,False,8bars,250.0,3.5,2.5,100.0,0.3
116,1124.63,1.226,23.28,1170.19,30.56,72,22,50,True,1.35,True,1.15,False,12bars,150.0,4.0,2.0,120.0,0.25
116,1087.75,1.215,23.28,1193.15,30.56,72,22,50,True,1.35,True,1.15,False,12bars,150.0,4.0,2.0,120.0,0.3
118,967.64,1.188,22.88,1170.19,30.56,72,22,50,True,1.35,True,1.15,False,12bars,200.0,4.0,2.0,120.0,0.25
120,942.23,1.186,23.33,1062.18,30.56,72,22,50,True,1.35,True,1.15,True,8bars,150.0,4.0,2.0,100.0,0.25
118,930.77,1.179,22.88,1193.15,30.56,72,22,50,True,1.35,True,1.15,False,12bars,200.0,4.0,2.0,120.0,0.3
120,915.22,1.178,23.33,1085.01,30.56,72,22,50,True,1.35,True,1.15,True,8bars,150.0,4.0,2.0,100.0,0.3
116,849.42,1.174,23.28,1131.17,30.56,72,22,50,True,1.35,True,1.15,True,12bars,150.0,4.0,2.0,100.0,0.25
119,1013.92,1.165,24.37,1509.28,30.56,72,22,50,True,1.35,True,1.15,False,12bars,250.0,3.5,2.5,120.0,0.25
116,820.25,1.165,23.28,1135.56,30.56,72,22,50,True,1.35,True,1.15,True,12bars,150.0,4.0,2.0,100.0,0.3
112,905.95,1.164,25.0,1357.74,30.56,72,22,50,True,1.35,True,1.15,True,12bars,150.0,3.5,2.5,100.0,0.25
112,894.22,1.159,25.0,1382.68,30.56,72,22,50,True,1.35,True,1.15,True,12bars,150.0,3.5,2.5,100.0,0.3
119,980.73,1.157,24.37,1527.33,30.56,72,22,50,True,1.35,True,1.15,False,12bars,250.0,3.5,2.5,120.0,0.3
114,882.9,1.156,25.44,1357.74,30.56,72,22,50,True,1.35,True,1.15,True,12bars,200.0,3.5,2.5,100.0,0.25
114,871.17,1.152,25.44,1382.68,30.56,72,22,50,True,1.35,True,1.15,True,12bars,200.0,3.5,2.5,100.0,0.3
118,692.44,1.138,22.88,1131.17,30.56,72,22,50,True,1.35,True,1.15,True,12bars,200.0,4.0,2.0,100.0,0.25
126,709.59,1.135,23.02,1118.69,30.56,72,22,50,True,1.35,True,1.15,False,8bars,150.0,4.0,2.0,100.0,0.25
126,690.18,1.129,23.02,1141.94,30.56,72,22,50,True,1.35,True,1.15,False,8bars,150.0,4.0,2.0,100.0,0.3
118,663.27,1.129,22.88,1135.56,30.56,72,22,50,True,1.35,True,1.15,True,12bars,200.0,4.0,2.0,100.0,0.3
124,659.6,1.123,22.58,1062.18,30.56,72,22,50,True,1.35,True,1.15,True,8bars,200.0,4.0,2.0,100.0,0.25
124,652.2,1.123,22.58,1170.19,30.56,72,22,50,True,1.35,True,1.15,False,12bars,250.0,4.0,2.0,100.0,0.25
124,632.59,1.116,22.58,1085.01,30.56,72,22,50,True,1.35,True,1.15,True,8bars,200.0,4.0,2.0,100.0,0.3
124,623.03,1.115,22.58,1174.58,30.56,72,22,50,True,1.35,True,1.15,False,12bars,250.0,4.0,2.0,100.0,0.3
128,552.61,1.102,22.66,1118.69,30.56,72,22,50,True,1.35,True,1.15,False,8bars,200.0,4.0,2.0,100.0,0.25
128,533.2,1.097,22.66,1141.94,30.56,72,22,50,True,1.35,True,1.15,False,8bars,200.0,4.0,2.0,100.0,0.3
117,246.01,1.048,23.08,1425.96,30.56,72,22,50,True,1.35,True,1.15,False,12bars,150.0,3.5,2.0,120.0,0.25
117,202.92,1.039,23.08,1454.74,30.56,72,22,50,True,1.35,True,1.15,False,12bars,150.0,3.5,2.0,120.0,0.3
122,178.83,1.033,22.95,1425.96,30.56,72,22,50,True,1.35,True,1.15,False,12bars,200.0,3.5,2.0,120.0,0.25
122,135.73,1.025,22.95,1454.74,30.56,72,22,50,True,1.35,True,1.15,False,12bars,200.0,3.5,2.0,120.0,0.3
124,118.74,1.022,22.58,1425.96,30.56,72,22,50,True,1.35,True,1.15,False,12bars,250.0,3.5,2.0,120.0,0.25
121,76.03,1.015,23.14,1199.45,30.56,72,22,50,True,1.35,True,1.15,True,8bars,150.0,3.5,2.0,100.0,0.25
124,75.64,1.014,22.58,1454.74,30.56,72,22,50,True,1.35,True,1.15,False,12bars,250.0,3.5,2.0,120.0,0.3
121,39.64,1.008,23.14,1230.29,30.56,72,22,50,True,1.35,True,1.15,True,8bars,150.0,3.5,2.0,100.0,0.3
117,18.31,1.004,23.08,1323.63,30.56,72,22,50,True,1.35,True,1.15,True,12bars,150.0,3.5,2.0,100.0,0.25
117,-20.25,0.996,23.08,1356.64,30.56,72,22,50,True,1.35,True,1.15,True,12bars,150.0,3.5,2.0,100.0,0.3
122,-48.87,0.991,22.95,1323.63,30.56,72,22,50,True,1.35,True,1.15,True,12bars,200.0,3.5,2.0,100.0,0.25
122,-87.44,0.984,22.95,1356.64,30.56,72,22,50,True,1.35,True,1.15,True,12bars,200.0,3.5,2.0,100.0,0.3
124,-108.96,0.98,22.58,1323.63,30.56,72,22,50,True,1.35,True,1.15,True,12bars,250.0,3.5,2.0,100.0,0.25
128,-116.81,0.979,22.66,1325.1,30.56,72,22,50,True,1.35,True,1.15,True,8bars,200.0,3.5,2.0,100.0,0.25
124,-147.52,0.973,22.58,1356.64,30.56,72,22,50,True,1.35,True,1.15,True,12bars,250.0,3.5,2.0,100.0,0.3
128,-153.21,0.973,22.66,1355.95,30.56,72,22,50,True,1.35,True,1.15,True,8bars,200.0,3.5,2.0,100.0,0.3
127,-153.64,0.971,22.83,1429.12,30.56,72,22,50,True,1.35,True,1.15,False,8bars,150.0,3.5,2.0,100.0,0.25
130,-176.9,0.969,22.31,1325.1,30.56,72,22,50,True,1.35,True,1.15,True,8bars,250.0,3.5,2.0,100.0,0.25
127,-184.2,0.966,22.83,1454.12,30.56,72,22,50,True,1.35,True,1.15,False,8bars,150.0,3.5,2.0,100.0,0.3
130,-213.29,0.963,22.31,1355.95,30.56,72,22,50,True,1.35,True,1.15,True,8bars,250.0,3.5,2.0,100.0,0.3
132,-220.83,0.961,22.73,1429.12,30.56,72,22,50,True,1.35,True,1.15,False,8bars,200.0,3.5,2.0,100.0,0.25
132,-251.38,0.956,22.73,1454.12,30.56,72,22,50,True,1.35,True,1.15,False,8bars,200.0,3.5,2.0,100.0,0.3
134,-280.92,0.951,22.39,1429.12,30.56,72,22,50,True,1.35,True,1.15,False,8bars,250.0,3.5,2.0,100.0,0.25
134,-311.47,0.946,22.39,1454.12,30.56,72,22,50,True,1.35,True,1.15,False,8bars,250.0,3.5,2.0,100.0,0.3
884,-1340.08,0.932,19.0,2260.89,30.56,72,22,50,False,1.4,True,1.15,True,12bars,250.0,4.0,2.0,100.0,0.3
230,-598.9,0.926,21.3,2197.45,30.56,72,22,50,True,1.45,True,1.15,False,12bars,150.0,3.5,2.0,100.0,0.25
230,-629.66,0.925,21.3,2207.8,30.56,72,22,50,True,1.45,True,1.15,False,12bars,150.0,3.5,2.0,100.0,0.3
237,-760.93,0.915,21.52,2520.37,30.56,72,22,50,True,1.45,True,1.15,False,12bars,250.0,3.5,2.0,120.0,0.25
237,-783.45,0.914,21.52,2517.52,30.56,72,22,50,True,1.45,True,1.15,False,12bars,250.0,3.5,2.0,120.0,0.3
233,-746.44,0.91,21.03,2239.18,30.56,72,22,50,True,1.45,True,1.15,False,12bars,200.0,3.5,2.0,100.0,0.25
233,-777.2,0.908,21.03,2249.54,30.56,72,22,50,True,1.45,True,1.15,False,12bars,200.0,3.5,2.0,100.0,0.3
238,-828.43,0.904,21.43,2241.38,30.56,72,22,50,True,1.45,True,1.15,True,12bars,250.0,3.5,2.0,100.0,0.25
238,-859.18,0.902,21.43,2251.74,30.56,72,22,50,True,1.45,True,1.15,True,12bars,250.0,3.5,2.0,100.0,0.3
863,-2075.03,0.9,18.77,2621.49,30.56,72,22,50,False,1.4,True,1.15,True,12bars,250.0,4.0,2.0,120.0,0.3
116,2098.14,1.371,25.0,1338.68,29.17,72,21,51,True,1.35,True,1.15,True,8bars,150.0,4.5,2.5,100.0,0.25
116,2098.14,1.371,25.0,1338.68,29.17,72,21,51,True,1.35,True,1.15,True,8bars,200.0,4.5,2.5,100.0,0.25
117,1977.4,1.342,24.79,1338.68,29.17,72,21,51,True,1.35,True,1.15,True,8bars,250.0,4.5,2.5,100.0,0.25
111,1553.29,1.282,26.13,1375.06,29.17,72,21,51,True,1.35,True,1.15,True,12bars,150.0,4.0,2.5,100.0,0.25
119,1493.36,1.255,25.21,1405.74,29.17,72,21,51,True,1.35,True,1.15,False,12bars,250.0,3.5,2.5,100.0,0.25
112,1432.55,1.255,25.89,1375.06,29.17,72,21,51,True,1.35,True,1.15,True,12bars,200.0,4.0,2.5,100.0,0.25
119,1496.0,1.251,25.21,1430.68,29.17,72,21,51,True,1.35,True,1.15,False,12bars,250.0,3.5,2.5,100.0,0.3
113,1358.61,1.238,25.66,1375.06,29.17,72,21,51,True,1.35,True,1.15,True,12bars,250.0,4.0,2.5,100.0,0.25
117,1366.35,1.236,25.64,1460.72,29.17,72,21,51,True,1.35,True,1.15,True,8bars,150.0,4.0,2.5,100.0,0.3
118,1245.61,1.211,25.42,1460.72,29.17,72,21,51,True,1.35,True,1.15,True,8bars,200.0,4.0,2.5,100.0,0.3
119,1171.67,1.196,25.21,1460.72,29.17,72,21,51,True,1.35,True,1.15,True,8bars,250.0,4.0,2.5,100.0,0.3
117,810.4,1.165,23.08,1170.19,29.17,72,21,51,True,1.35,True,1.15,False,12bars,150.0,4.0,2.0,100.0,0.25
117,781.23,1.156,23.08,1174.58,29.17,72,21,51,True,1.35,True,1.15,False,12bars,150.0,4.0,2.0,100.0,0.3
119,653.42,1.129,22.69,1170.19,29.17,72,21,51,True,1.35,True,1.15,False,12bars,200.0,4.0,2.0,100.0,0.25
118,688.85,1.121,24.58,1490.21,29.17,72,21,51,True,1.35,True,1.15,True,8bars,150.0,3.5,2.5,100.0,0.25
119,624.25,1.121,22.69,1174.58,29.17,72,21,51,True,1.35,True,1.15,False,12bars,200.0,4.0,2.0,100.0,0.3
118,688.94,1.118,24.58,1503.33,29.17,72,21,51,True,1.35,True,1.15,True,8bars,150.0,3.5,2.5,100.0,0.3
120,665.8,1.114,25.0,1490.21,29.17,72,21,51,True,1.35,True,1.15,True,8bars,200.0,3.5,2.5,100.0,0.25
120,665.89,1.112,25.0,1503.33,29.17,72,21,51,True,1.35,True,1.15,True,8bars,200.0,3.5,2.5,100.0,0.3
119,625.36,1.104,24.37,1357.74,29.17,72,21,51,True,1.35,True,1.15,True,12bars,250.0,3.5,2.5,100.0,0.25
119,613.63,1.1,24.37,1382.68,29.17,72,21,51,True,1.35,True,1.15,True,12bars,250.0,3.5,2.5,100.0,0.3
118,-20.71,0.996,22.88,1362.65,29.17,72,21,51,True,1.35,True,1.15,False,12bars,150.0,3.5,2.0,100.0,0.25
118,-59.27,0.988,22.88,1395.66,29.17,72,21,51,True,1.35,True,1.15,False,12bars,150.0,3.5,2.0,100.0,0.3
123,-87.89,0.983,22.76,1362.65,29.17,72,21,51,True,1.35,True,1.15,False,12bars,200.0,3.5,2.0,100.0,0.25
123,-126.45,0.977,22.76,1395.66,29.17,72,21,51,True,1.35,True,1.15,False,12bars,200.0,3.5,2.0,100.0,0.3
125,-147.98,0.972,22.4,1362.65,29.17,72,21,51,True,1.35,True,1.15,False,12bars,250.0,3.5,2.0,100.0,0.25
125,-186.54,0.966,22.4,1395.66,29.17,72,21,51,True,1.35,True,1.15,False,12bars,250.0,3.5,2.0,100.0,0.3
240,-909.29,0.895,21.25,2322.24,29.17,72,21,51,True,1.45,True,1.15,False,12bars,250.0,3.5,2.0,100.0,0.25
240,-940.04,0.894,21.25,2332.6,29.17,72,21,51,True,1.45,True,1.15,False,12bars,250.0,3.5,2.0,100.0,0.3
117,1331.48,1.234,25.64,1471.88,27.78,72,20,52,True,1.35,True,1.15,True,8bars,150.0,4.0,2.5,100.0,0.25
118,1210.74,1.208,25.42,1471.88,27.78,72,20,52,True,1.35,True,1.15,True,8bars,200.0,4.0,2.5,100.0,0.25
119,1136.8,1.193,25.21,1471.88,27.78,72,20,52,True,1.35,True,1.15,True,8bars,250.0,4.0,2.5,100.0,0.25
125,408.26,1.066,24.0,1490.21,27.78,72,20,52,True,1.35,True,1.15,True,8bars,250.0,3.5,2.5,100.0,0.25
125,408.35,1.064,24.0,1503.33,27.78,72,20,52,True,1.35,True,1.15,True,8bars,250.0,3.5,2.5,100.0,0.3
