session_target,orb_window,buffer_atr,sl_mode,tp_rr_mult,max_range_atr,total_trades,net_profit,gross_profit,gross_loss,profit_factor,win_rate,max_drawdown,romad,sharpe,avg_holding_bars
London,15min,0.0,Opposite_Bound,1.5,1.5,280,199.94311523447323,5692.2552734375495,5492.312158203076,1.0364041790552359,44.285714285714285,816.4482421872526,0.24489380330935445,0.11534453210131956,12.342857142857142
London,15min,0.0,Opposite_Bound,1.5,2.5,1196,-3339.483544921368,25473.729736328554,28813.213281249293,0.8840988850384845,40.13377926421405,5041.513696288387,-0.6623969994130788,-0.7891453057234394,17.23829431438127
London,15min,0.0,Opposite_Bound,1.5,No_Cap,1544,-4628.30185546808,36217.55493164129,40845.85678710838,0.8866885843626652,40.479274611398964,5100.936962889639,-0.9073434722169522,-0.8552721972997698,21.720207253886013
London,15min,0.0,Opposite_Bound,2.0,1.5,280,79.14355468759823,6352.006152343788,6272.86259765619,1.0126168162390756,36.785714285714285,1030.4436035153776,0.07680532386013025,0.039661253252428946,16.17142857142857
London,15min,0.0,Opposite_Bound,2.0,2.5,1196,-2917.767236327618,28947.79951171914,31865.56674804607,0.9084351061634314,34.03010033444816,5527.251660155766,-0.5278875317657222,-0.6018455023306629,21.755016722408026
London,15min,0.0,Opposite_Bound,2.0,No_Cap,1544,-4778.361669921205,40228.74804687557,45007.10971679575,0.8938309591531715,34.32642487046632,5607.497998046096,-0.8521379181207378,-0.7838161477347549,27.38795336787565
London,15min,0.0,Opposite_Bound,3.0,1.5,280,-818.8129882811518,6547.8987304687735,7366.711718749925,0.8888495953768505,24.285714285714285,1789.6422363278762,-0.4575288689885049,-0.34137281439580763,25.125
London,15min,0.0,Opposite_Bound,3.0,2.5,1196,-3203.759667968243,32483.568115234673,35687.32778320219,0.9102269666300006,25.08361204013378,6398.808105468253,-0.5006806916479327,-0.5373069588904728,29.910535117056856
London,15min,0.0,Opposite_Bound,3.0,No_Cap,1544,-5263.127294921205,44651.14077148482,49914.26806640496,0.8945566568677681,25.8419689119171,7307.290771483739,-0.7202569953094301,-0.7158490996883435,36.02720207253886
London,15min,0.0,Opposite_Bound,4.0,1.5,280,-1414.3854980467768,6492.331445312525,7906.716943359302,0.8211159564483093,19.285714285714285,1740.2533203122439,-0.812746903877765,-0.5372772767579328,29.575
London,15min,0.0,Opposite_Bound,4.0,2.5,1196,-3785.953271483868,33717.48168945339,37503.434960936516,0.8990504929634694,20.903010033444815,6777.928564452587,-0.5585708429179405,-0.5681228422627652,35.953177257525084
London,15min,0.0,Opposite_Bound,4.0,No_Cap,1544,-5614.416357421205,46246.70791015665,51861.12426757678,0.8917413296238503,22.27979274611399,7586.712158202342,-0.7400328680390493,-0.6922824089756454,42.56282383419689
London,15min,0.0,Range_Midpoint,1.5,1.5,280,-623.738830566308,3293.8183471680077,3917.5571777343157,0.8407837327528065,40.357142857142854,730.8943237301282,-0.85339126370971,-0.5559161115428933,4.689285714285714
London,15min,0.0,Range_Midpoint,1.5,2.5,1196,-4728.077600097149,14547.119274902638,19275.196874999383,0.7547066506890402,38.21070234113712,5219.772387694396,-0.9058014888242223,-1.7883569012873621,6.546822742474916
London,15min,0.0,Range_Midpoint,1.5,No_Cap,1544,-6877.440344237607,20192.997497559074,27070.437841795916,0.7459427740168174,37.88860103626943,7269.7063354482,-0.9460410127850909,-2.0743764526113466,8.144430051813472
London,15min,0.0,Range_Midpoint,2.0,1.5,280,-1096.8439941405268,3460.816943359405,4557.660937499932,0.7593405895739599,31.428571428571427,1142.9920654294256,-0.95962520415961,-0.8699891083722547,6.328571428571428
London,15min,0.0,Range_Midpoint,2.0,2.5,1196,-5447.885644530743,16083.866015625259,21531.751660155525,0.7469836300122498,31.187290969899667,5877.49821777266,-0.9269055374712265,-1.8241124781439664,8.50418060200669
London,15min,0.0,Range_Midpoint,2.0,No_Cap,1544,-7258.975683593076,22691.768066406672,29950.74374999891,0.7576362128372021,31.088082901554404,7677.229980467777,-0.9455201553244056,-1.9223863924844322,10.648963730569948
London,15min,0.0,Range_Midpoint,3.0,1.5,280,-1038.2435302733393,4036.569409179706,5074.812939453045,0.7954124530971896,23.928571428571427,1486.3510498044125,-0.6985183819192382,-0.6780077597716607,8.932142857142857
London,15min,0.0,Range_Midpoint,3.0,2.5,1196,-5086.147973632305,18774.158789062698,23860.30676269446,0.7868364382647441,23.494983277591974,5735.756347655634,-0.8867440779124375,-1.4077110131344635,11.974916387959865
London,15min,0.0,Range_Midpoint,3.0,No_Cap,1544,-7860.693212889951,25571.30661621126,33431.9998291003,0.7648751718990248,23.05699481865285,8095.048364257037,-0.971049567485988,-1.761295736668427,14.867227979274611
London,15min,0.0,Range_Midpoint,4.0,1.5,280,-1305.4847412108393,4155.327734375014,5460.8124755858535,0.7609358045075916,18.214285714285715,1625.0823974605737,-0.8033344913776975,-0.757816580522083,12.103571428571428
London,15min,0.0,Range_Midpoint,4.0,2.5,1196,-5543.62233886668,19868.140380859535,25411.762719725644,0.7818481779478083,18.39464882943144,6088.560009764934,-0.9104981029957373,-1.3384200436498626,15.406354515050166
London,15min,0.0,Range_Midpoint,4.0,No_Cap,1544,-8914.261938475769,26553.493554687753,35467.7554931627,0.7486657440109681,18.069948186528496,9314.694677733492,-0.957010642526486,-1.7672710429932195,18.77979274611399
London,15min,0.0,1.5x_ATR,1.5,1.5,280,48.35903494706372,4696.6633300781605,4648.304295131097,1.0104035863137697,42.857142857142854,581.812588936853,0.08311789030799463,0.033105202152943165,8.132142857142856
London,15min,0.0,1.5x_ATR,1.5,2.5,1196,-4277.721329170807,15649.752901785878,19927.47423095671,0.785335498137264,38.79598662207358,4497.604217528712,-0.9511111076646215,-1.553058811487088,6.826923076923077
London,15min,0.0,1.5x_ATR,1.5,No_Cap,1544,-5613.6567313051255,19897.262704032037,25510.919435337186,0.7799508267220965,38.86010362694301,5776.733469935174,-0.9717700774185314,-1.8070044332872208,6.694948186528498
London,15min,0.0,1.5x_ATR,2.0,1.5,280,353.8470982143781,5520.459458705404,5166.612360491026,1.0684872549990858,36.42857142857143,680.0789672850715,0.5203029577976267,0.20542745549876354,10.614285714285714
London,15min,0.0,1.5x_ATR,2.0,2.5,1196,-2924.8267804821626,18658.97694963745,21583.80373011963,0.8644897434644172,33.19397993311037,4377.4212227951975,-0.6681620597193791,-0.9074724195639006,9.04180602006689
London,15min,0.0,1.5x_ATR,2.0,No_Cap,1544,-4697.538959611451,23227.092211914307,27924.63117152579,0.8317779407449624,32.57772020725388,5921.5312064027385,-0.7932980163191864,-1.3018733570129528,8.98380829015544
London,15min,0.0,1.5x_ATR,3.0,1.5,280,172.10062081481055,6179.642639160177,6007.542018345366,1.028647426899265,26.785714285714285,960.8364868163208,0.17911540951682275,0.08082384209610732,17.385714285714286
London,15min,0.0,1.5x_ATR,3.0,2.5,1196,-3547.0594900943634,20970.722642299235,24517.782132393615,0.8553270654359922,24.83277591973244,4790.14999825561,-0.7404902751241751,-0.9161741280239097,13.755852842809364
London,15min,0.0,1.5x_ATR,3.0,No_Cap,1544,-5003.300024413393,26478.181045968337,31481.481070381786,0.8410716442079778,24.22279792746114,6864.786957658321,-0.7288354402363116,-1.1406191746290681,13.58678756476684
London,15min,0.0,1.5x_ATR,4.0,1.5,280,-1377.0366036550467,5376.797460937519,6753.8340645925655,0.7961103884867035,18.214285714285715,1574.2937918525731,-0.8747011585649455,-0.6094702971967878,22.285714285714285
London,15min,0.0,1.5x_ATR,4.0,2.5,1196,-4734.166292898485,21629.57822265635,26363.744515554856,0.8204289117539694,18.896321070234112,5961.673219516733,-0.7941002665829187,-1.0708624631911272,17.512541806020067
London,15min,0.0,1.5x_ATR,4.0,No_Cap,1544,-6747.021032714153,27118.222488839416,33865.24352155357,0.8007685659068121,18.71761658031088,8070.63811732628,-0.8359959813127357,-1.3646575143935515,17.2610103626943
London,15min,0.0,2.0x_ATR,1.5,1.5,280,817.837053571559,6633.965366908537,5816.128313336979,1.1406153732365523,44.642857142857146,658.3164760043492,1.2423159428356094,0.41660728701835725,14.125
London,15min,0.0,2.0x_ATR,1.5,2.5,1196,-2037.1045689168773,22731.637925502444,24768.74249441937,0.9177550265470318,40.30100334448161,4147.895727538579,-0.4911175937698232,-0.5455004189394529,12.497491638795987
London,15min,0.0,2.0x_ATR,1.5,No_Cap,1544,-4203.184929547297,28113.65776715987,32316.842696707165,0.8699382557574052,39.50777202072539,5836.974553570778,-0.7200964970758682,-1.0059514239020764,12.343264248704664
London,15min,0.0,2.0x_ATR,2.0,1.5,280,685.2296316965385,7374.496909877273,6689.267278180735,1.1024371733405902,36.785714285714285,878.6236886159968,0.7798897759926191,0.29784997977190664,20.032142857142855
London,15min,0.0,2.0x_ATR,2.0,2.5,1196,-2854.7182686937167,25121.935149274694,27976.65341796844,0.8979606950822696,33.19397993311037,4854.398311941509,-0.5880684042080545,-0.6656171042287196,16.96655518394649
London,15min,0.0,2.0x_ATR,2.0,No_Cap,1544,-4751.598451450262,31396.81286969887,36148.41132114909,0.8685530490057737,32.512953367875646,6757.604282923474,-0.7031483721912503,-0.988072157910202,16.674870466321245
London,15min,0.0,2.0x_ATR,3.0,1.5,280,-822.4393484931943,7179.867152622804,8002.306501115997,0.8972247128526636,25.0,1383.5572405132843,-0.594438252650883,-0.30633509343725296,29.514285714285712
London,15min,0.0,2.0x_ATR,3.0,2.5,1196,-3689.765527343271,27983.456989397448,31673.22251674071,0.8835052061597757,24.331103678929765,6057.099295479495,-0.6091637840735085,-0.7061784220767563,23.679765886287626
London,15min,0.0,2.0x_ATR,3.0,No_Cap,1544,-5649.307714843107,35104.585421317126,40753.89313616017,0.8613799252020289,24.22279792746114,7741.752476282836,-0.7297194959603763,-0.9706719055028138,23.21178756476684
London,15min,0.0,2.0x_ATR,4.0,1.5,280,-1267.121791294535,7299.335016741102,8566.456808035638,0.8520833269005768,18.571428571428573,1736.4283342632716,-0.7297288153456369,-0.4048009677645964,35.503571428571426
London,15min,0.0,2.0x_ATR,4.0,2.5,1196,-4283.4550153454775,29416.71732003361,33700.17233537906,0.8728951599203367,19.23076923076923,6538.141329519559,-0.6551487340914115,-0.7172763686487044,28.828595317725753
London,15min,0.0,2.0x_ATR,4.0,No_Cap,1544,-7692.3247698096375,35836.07869698675,43528.40346679627,0.8232803375001504,18.65284974093264,9781.927741349782,-0.786381270973097,-1.1676936858362768,28.57059585492228
London,15min,0.1,Opposite_Bound,1.5,1.5,280,-555.1618652342768,5530.243701171921,6085.405566406198,0.9087715914451149,42.142857142857146,1017.5157714841262,-0.5456051697601992,-0.31045636697289397,14.042857142857143
London,15min,0.1,Opposite_Bound,1.5,2.5,1196,-4245.17751464793,26078.53039550825,30323.70791015553,0.8600046693753586,39.297658862876254,5498.163061522817,-0.7721083327550767,-0.9717084139054241,18.775919732441473
London,15min,0.1,Opposite_Bound,1.5,No_Cap,1543,-5065.616284179018,37235.73503418036,42301.35131835837,0.8802493034784072,40.05184705119896,5664.866064452162,-0.8942164256921233,-0.9131515676161003,23.226182760855476
London,15min,0.1,Opposite_Bound,2.0,1.5,280,-313.9130859374018,6408.192187500035,6722.105273437437,0.9533013731311473,35.0,1201.4378906247512,-0.2612811601723049,-0.15058771720610797,17.82142857142857
London,15min,0.1,Opposite_Bound,2.0,2.5,1196,-3037.590234374493,30133.96914062539,33171.55937499918,0.9084278734070257,33.36120401337793,5459.899414062012,-0.5563454569421474,-0.6026071175744054,23.357023411371237
London,15min,0.1,Opposite_Bound,2.0,No_Cap,1543,-4443.383007811831,41877.47011718808,46320.85312499887,0.9040738089210032,33.95981853532081,5373.64511718666,-0.8268843421759376,-0.7066412629517754,29.033700583279327
London,15min,0.1,Opposite_Bound,3.0,1.5,280,-1379.3244628905268,6480.479394531276,7859.803857421803,0.8245090478195499,22.857142857142858,1801.7486816403325,-0.7655476465423435,-0.5572260558789133,26.90357142857143
London,15min,0.1,Opposite_Bound,3.0,2.5,1196,-3616.878564452618,33400.18500976594,37017.06357421782,0.9022915862248183,24.83277591973244,5931.811083983872,-0.6097427098139276,-0.591768081640618,31.85953177257525
London,15min,0.1,Opposite_Bound,3.0,No_Cap,1543,-4974.513378905581,46235.545703125455,51210.05908202997,0.9028606201969779,25.79390797148412,6726.604736327386,-0.73952812360751,-0.6605240321721572,37.87103046014258
London,15min,0.1,Opposite_Bound,4.0,1.5,280,-2047.2089843749018,6361.491699218773,8408.700683593675,0.7565368228210051,17.857142857142858,2076.3109863277987,-0.985983794265633,-0.7487296688909666,31.564285714285713
London,15min,0.1,Opposite_Bound,4.0,2.5,1196,-4587.288720702618,34306.07250976589,38893.36123046776,0.8820547112521521,20.48494983277592,6629.371484374462,-0.6919643485834114,-0.6700911095220454,38.141304347826086
London,15min,0.1,Opposite_Bound,4.0,No_Cap,1543,-6079.366894530581,47248.43837890664,53327.80527343614,0.8860000545051911,21.970187945560596,7780.512207030461,-0.7813581847525761,-0.7312278891127567,44.730395333765394
London,15min,0.1,Range_Midpoint,1.5,1.5,280,-607.847717285058,3588.204431152376,4196.052148437434,0.8551381880438702,38.92857142857143,988.1129028317519,-0.6151601861923642,-0.49781081392607823,5.6499999999999995
London,15min,0.1,Range_Midpoint,1.5,2.5,1196,-5627.98757324168,15186.299755859667,20814.287329100895,0.7296094031827542,36.53846153846154,6033.44212646399,-0.9327987996364634,-2.023221986779402,7.568561872909699
London,15min,0.1,Range_Midpoint,1.5,No_Cap,1543,-7256.123486327451,21365.75627441454,28621.87976074119,0.7464833355816338,37.13545042125729,7710.722241209918,-0.9410432978051179,-2.0923947792517237,9.095268956578094
London,15min,0.1,Range_Midpoint,2.0,1.5,280,-1480.7581787108393,3526.1979492187766,5006.956127929616,0.7042598055830909,29.285714285714285,1499.1595703121548,-0.9877255283788877,-1.1087301661644497,7.764285714285714
London,15min,0.1,Range_Midpoint,2.0,2.5,1196,-6404.23513183543,16730.951318359635,23135.186450194546,0.7231820393744414,30.016722408026755,6654.489794921105,-0.9623931103964309,-2.046889608563261,9.774247491638796
London,15min,0.1,Range_Midpoint,2.0,No_Cap,1543,-7540.973339843076,24039.65703125042,31580.630371092622,0.7612152369591443,30.65456902138691,7955.868749999072,-0.9478503953253321,-1.91133939742295,11.89306545690214
London,15min,0.1,Range_Midpoint,3.0,1.5,280,-1386.7652587889643,4128.142382812516,5514.9076416014805,0.7485424328182838,22.5,1648.5458740231625,-0.8412051375947819,-0.8572354574700045,10.475
London,15min,0.1,Range_Midpoint,3.0,2.5,1196,-5732.046411132305,19704.7430419924,25436.789453124125,0.7746552715823293,22.993311036789297,5908.948535155606,-0.9700619961452005,-1.5135608759742025,13.50752508361204
London,15min,0.1,Range_Midpoint,3.0,No_Cap,1543,-7796.137524413389,27323.196264648766,35119.33378906122,0.7780100963407014,23.071937783538562,8073.793457030468,-0.9656102259619606,-1.6664666825062344,16.43551523007129
London,15min,0.1,Range_Midpoint,4.0,1.5,280,-1780.1087646483393,4157.497070312511,5937.60583496085,0.7001975519885488,16.071428571428573,1997.2918701168255,-0.8912612078795561,-0.9686259755972432,14.278571428571428
London,15min,0.1,Range_Midpoint,4.0,2.5,1196,-5789.075219726055,21159.46928710954,26948.544506834987,0.7851804123129115,17.809364548494983,6208.447363280575,-0.9324513652101061,-1.3188193754707525,17.16638795986622
London,15min,0.1,Range_Midpoint,4.0,No_Cap,1543,-8409.618359374284,28756.922558594008,37166.540917967366,0.7737314759010057,17.95204147764096,8937.637792967878,-0.9409218133667221,-1.5744923159460318,20.611795204147764
London,15min,0.1,1.5x_ATR,1.5,1.5,280,-131.511287144167,4584.703392682791,4716.214679826958,0.9721150761633709,41.42857142857143,843.7377502440413,-0.15586749212789033,-0.09044217840661604,7.992857142857143
London,15min,0.1,1.5x_ATR,1.5,2.5,1196,-4987.576632253936,15277.488635254096,20265.065267508056,0.7538830215242001,37.876254180602004,5094.134514508277,-0.9790822401821427,-1.8217449014221696,6.683946488294314
London,15min,0.1,1.5x_ATR,1.5,No_Cap,1543,-5865.067054965821,19768.042443847888,25633.10949881375,0.77119174498758,38.49643551523007,6058.511442347078,-0.968070640912033,-1.8927828235073323,6.590408295528192
London,15min,0.1,1.5x_ATR,2.0,1.5,280,11.562159947084183,5288.352734375044,5276.79057442796,1.002191134892318,34.642857142857146,951.5957345144343,0.012150285596839025,0.006782905162351328,10.446428571428571
London,15min,0.1,1.5x_ATR,2.0,2.5,1196,-3818.3258823934784,18114.87929338742,21933.20517578093,0.8259111766022332,32.357859531772576,4691.716748046335,-0.8138440761547374,-1.1982442187990077,8.882107023411372
London,15min,0.1,1.5x_ATR,2.0,No_Cap,1543,-4900.25826939107,23103.45554896783,28003.713818358934,0.8250139856029186,32.40440699935191,5931.562229700697,-0.8261328263327239,-1.3645077760750564,8.882047958522358
London,15min,0.1,1.5x_ATR,3.0,1.5,280,-84.7148699078457,5974.487159947,6059.202029854846,0.9860188075112135,25.714285714285715,1191.1885288782669,-0.07111793629142907,-0.040315853464757516,16.9
London,15min,0.1,1.5x_ATR,3.0,2.5,1196,-4294.485419572626,20454.992658342737,24749.478077915403,0.8264817784822401,24.247491638795985,5076.9696010039015,-0.8458757402690474,-1.1272471187625515,13.64715719063545
London,15min,0.1,1.5x_ATR,3.0,No_Cap,1543,-4813.7101126528105,26622.859216308727,31436.56932896156,0.8468754633407753,24.23849643551523,6661.609075055095,-0.7226047128280337,-1.1019705771340436,13.638366817887233
London,15min,0.1,1.5x_ATR,4.0,1.5,280,-1680.5879342214484,5119.9562779018015,6800.54421212325,0.7528744933051852,17.142857142857142,1870.827474539521,-0.8983126221380208,-0.7584113337254224,21.685714285714283
London,15min,0.1,1.5x_ATR,4.0,2.5,1196,-5745.70171944704,20863.63197544654,26609.333694893598,0.7840719431261192,18.39464882943144,6306.307945032898,-0.9111038930429312,-1.3349818859634763,17.150501672240804
London,15min,0.1,1.5x_ATR,4.0,No_Cap,1543,-6745.672044153886,27121.95313197558,33867.62517612948,0.8008224075625955,18.729747245625404,7682.983164759287,-0.8780016693379326,-1.3773863754725104,17.20738820479585
London,15min,0.1,2.0x_ATR,1.5,1.5,280,251.25999232712502,6287.602137974384,6036.342145647259,1.0416245445113324,42.857142857142854,838.309064592524,0.2997223851435445,0.12937693669962214,14.014285714285714
London,15min,0.1,2.0x_ATR,1.5,2.5,1196,-3645.213786969369,21845.537615095032,25490.751402064445,0.8569985745232213,38.87959866220736,4957.787740652436,-0.7352500707280513,-0.9816790873742038,12.259197324414716
London,15min,0.1,2.0x_ATR,1.5,No_Cap,1543,-5080.964271762741,27622.644740513606,32703.609012276356,0.8446359767249099,38.8852883992223,6145.765206472588,-0.826742334121645,-1.2194318457424753,12.145819831497084
London,15min,0.1,2.0x_ATR,2.0,1.5,280,229.75669642867842,7058.896072823704,6829.139376395026,1.0336435799249952,35.357142857142854,1040.1101562499261,0.22089650317141082,0.10111118718480981,19.67142857142857
London,15min,0.1,2.0x_ATR,2.0,2.5,1196,-3629.0001464838488,24665.70858677473,28294.708733258623,0.8717427989559675,32.357859531772576,5410.311383928069,-0.6707562446893902,-0.8478546061797038,16.5752508361204
London,15min,0.1,2.0x_ATR,2.0,No_Cap,1543,-4726.2657854345825,31431.27306780156,36157.53885323614,0.8692868503960255,32.2747893713545,6710.421840122116,-0.7043172393687509,-0.9808689119065978,16.42903434867142
London,15min,0.1,2.0x_ATR,3.0,1.5,280,-1447.6276855467722,6699.0796595982465,8146.70734514502,0.8223051811957529,23.214285714285715,1818.1442940847046,-0.7962116594687229,-0.5510780859713863,29.053571428571427
London,15min,0.1,2.0x_ATR,3.0,2.5,1196,-5095.561425780733,26945.375481305942,32040.93690708669,0.8409671527222499,23.494983277591974,6987.2350446423325,-0.729267212742171,-0.993771617911797,23.103678929765884
London,15min,0.1,2.0x_ATR,3.0,No_Cap,1543,-6162.446554128781,34693.73340541311,40856.17995954181,0.8491673337979441,23.91445236552171,7951.665813336373,-0.7749881218339496,-1.068167343253946,22.937783538561245
London,15min,0.1,2.0x_ATR,4.0,1.5,280,-1653.0287737164167,6970.799672154046,8623.828445870464,0.8083184534465114,17.5,2121.2506347655026,-0.7792708445785115,-0.53629882602487,34.46071428571428
London,15min,0.1,2.0x_ATR,4.0,2.5,1196,-5491.437890624493,28497.206431361716,33988.64432198618,0.8384331590691827,18.47826086956522,7315.552915736083,-0.7506524734189487,-0.9286418854659453,28.017558528428093
London,15min,0.1,2.0x_ATR,4.0,No_Cap,1543,-8078.338713727061,35533.19543108273,43611.53414480966,0.8147660046330115,18.340894361633183,9806.16824079176,-0.8238017659255261,-1.2285599717641489,28.143875567077124
London,15min,0.25,Opposite_Bound,1.5,1.5,280,-340.3907470702143,6186.768334960984,6527.1590820311985,0.947850091779242,42.5,989.8492431638078,-0.34388140357842734,-0.1709161808657121,15.989285714285714
London,15min,0.25,Opposite_Bound,1.5,2.5,1196,-4678.112695311993,27716.98808593795,32395.10078124926,0.8555919696962613,39.130434782608695,5790.085546874367,-0.8079522586393141,-1.0044567240624664,20.877090301003346
London,15min,0.25,Opposite_Bound,1.5,No_Cap,1543,-5099.302807616518,39580.395043946,44679.69785156149,0.8858698009875356,40.116655865197664,5246.001318358431,-0.9720361277400866,-0.8672163674505731,25.434219053791317
London,15min,0.25,Opposite_Bound,2.0,1.5,280,-354.1694335936518,6974.190136718789,7328.359570312441,0.951671389729782,34.642857142857146,1122.0434570309953,-0.31564680616810387,-0.15305149702756654,20.228571428571428
London,15min,0.25,Opposite_Bound,2.0,2.5,1196,-3579.708154296368,31873.194726562906,35452.90288085855,0.8990291946945655,32.94314381270903,5884.704101562017,-0.6083072474869521,-0.6656795768715923,25.569397993311036
London,15min,0.25,Opposite_Bound,2.0,No_Cap,1543,-4252.396679686831,44513.75307617247,48766.14975585825,0.9128002374398044,33.95981853532081,5397.9467285149785,-0.7877804086548853,-0.6370328968377953,31.454309786130914
London,15min,0.25,Opposite_Bound,3.0,1.5,280,-1874.4196777342768,6609.286767578151,8483.706445312428,0.7790565138224501,22.857142857142858,2031.8193847652965,-0.9225326285342033,-0.7117777160835155,30.639285714285712
London,15min,0.25,Opposite_Bound,3.0,2.5,1196,-5220.980126952618,34151.22094726593,39372.2010742178,0.8673942531912259,24.247491638795985,7021.410693358889,-0.743579937845085,-0.818911138109183,34.75167224080268
London,15min,0.25,Opposite_Bound,3.0,No_Cap,1543,-5863.402539061831,47941.046240234835,53804.448779295584,0.8910238340492573,25.664290343486716,7436.695166015053,-0.788441963556203,-0.7411003584587572,40.95333765392093
London,15min,0.25,Opposite_Bound,4.0,1.5,280,-1700.1569824217768,7214.095996093774,8914.252978515551,0.8092765611970667,18.928571428571427,1889.7845703122457,-0.8996565053660391,-0.5540466427134789,34.68571428571428
London,15min,0.25,Opposite_Bound,4.0,2.5,1196,-5143.528955077618,35927.21630859401,41070.74526367087,0.8747641679727062,20.48494983277592,7547.597802733853,-0.6814789406524224,-0.7118880077186763,41.020066889632105
London,15min,0.25,Opposite_Bound,4.0,No_Cap,1543,-6124.451123046206,49571.091455078524,55695.54257812364,0.8900369609568952,22.294232015554115,8042.133300780656,-0.7615455867228289,-0.7078406109743169,47.684381075826316
London,15min,0.25,Range_Midpoint,1.5,1.5,280,-1063.8178710936518,3848.484301757844,4912.302172851496,0.7834380228128095,38.57142857142857,1147.4215942379305,-0.927137746435908,-0.7712528776472478,7.253571428571428
London,15min,0.25,Range_Midpoint,1.5,2.5,1196,-6382.151696776837,16657.771154785463,23039.9228515618,0.7229959606247678,36.03678929765886,6688.101513671043,-0.9542546092835434,-2.0824164858498464,9.269230769230768
London,15min,0.25,Range_Midpoint,1.5,No_Cap,1543,-8074.242382811824,23329.42712402394,31403.669506834907,0.7428885697241963,36.61697990926766,8392.364392088828,-0.9620938755260812,-2.123181228732846,11.166558651976668
London,15min,0.25,Range_Midpoint,2.0,1.5,280,-1504.4062499999018,4084.7519042969043,5589.158154296806,0.7308349113643614,31.071428571428573,1522.0563476559018,-0.9884037817107213,-0.982012033183472,9.535714285714285
London,15min,0.25,Range_Midpoint,2.0,2.5,1196,-7091.782739257305,18405.091455078393,25496.87419433515,0.7218567780033054,29.598662207357858,7229.4819091789495,-0.9809531067853128,-2.0480185688099786,11.854515050167224
London,15min,0.25,Range_Midpoint,2.0,No_Cap,1543,-8559.468212889939,26075.80156250045,34635.26977538948,0.7528684410891735,30.33052495139339,8666.009619139608,-0.9877058287571752,-1.9884336960968354,14.27802981205444
London,15min,0.25,Range_Midpoint,3.0,1.5,280,-1482.9676513670893,4713.243041992209,6196.210693359299,0.7606653929705072,23.214285714285715,1530.9180419918393,-0.9686786690668542,-0.7978602133948695,12.946428571428571
London,15min,0.25,Range_Midpoint,3.0,2.5,1196,-6699.817407226055,21354.314086914295,28054.131494139736,0.7611825050215875,22.5752508361204,6699.81740722595,-1.0000000000000158,-1.60464045570814,16.098662207357858
London,15min,0.25,Range_Midpoint,3.0,No_Cap,1543,-7821.064892577451,30309.515820312867,38130.58071288934,0.7948873385520533,23.136746597537265,8060.4176025382385,-0.9703051725402646,-1.5003866675501736,19.209332469215813
London,15min,0.25,Range_Midpoint,4.0,1.5,280,-2134.561279296777,4529.048535156267,6663.609814453043,0.6796689273932249,16.785714285714285,2144.5598632809324,-0.995337698818601,-1.0740999465264027,17.896428571428572
London,15min,0.25,Range_Midpoint,4.0,2.5,1196,-6921.121728515118,22582.50883789081,29503.630566405285,0.7654145745576375,17.809364548494983,6921.121728515002,-1.0000000000000167,-1.466238326065444,20.173076923076923
London,15min,0.25,Range_Midpoint,4.0,No_Cap,1543,-8639.465161132104,31513.715625000288,40153.18078613143,0.7848373406045296,18.340894361633183,9179.873168944436,-0.9411312119604729,-1.4712064980579775,23.752430330524952
London,15min,0.25,1.5x_ATR,1.5,1.5,280,-462.32296752920774,4371.869181605782,4834.192149134989,0.9043639654224472,41.42857142857143,835.922135707222,-0.5530694161341534,-0.32344400391058864,7.6
London,15min,0.25,1.5x_ATR,1.5,2.5,1196,-5874.161584472165,14815.789878627395,20689.95146309959,0.7160862559320775,37.04013377926422,6132.400540596514,-0.9578894179506368,-2.1592049103769027,6.513377926421405
London,15min,0.25,1.5x_ATR,1.5,No_Cap,1543,-6512.068179756586,19453.24180733839,25965.309987095017,0.7492012156606956,38.042773817239144,6901.28244367249,-0.9436026177608831,-2.111846008354743,6.583927414128322
London,15min,0.25,1.5x_ATR,2.0,1.5,280,-580.8643362861721,4883.660400390665,5464.524736676837,0.893702679688222,33.92857142857143,860.819438825245,-0.6747806916150432,-0.3537589290979735,10.103571428571428
London,15min,0.25,1.5x_ATR,2.0,2.5,1196,-5250.736989048044,17253.15212751134,22503.889116559396,0.766674241867628,31.02006688963211,5440.467757742129,-0.9651260190956769,-1.6723762302799388,8.724080267558529
London,15min,0.25,1.5x_ATR,2.0,No_Cap,1543,-6008.5835954931845,22431.835044643092,28440.41864013629,0.7887308315843974,31.302657161373947,6491.99055001318,-0.9255379454427866,-1.6858470803541743,9.007777057679844
London,15min,0.25,1.5x_ATR,3.0,1.5,280,-425.4127633230064,5718.819130161855,6144.231893484862,0.930762254632007,25.714285714285715,840.9264770506779,-0.5058857996896786,-0.20909969273363488,15.478571428571428
London,15min,0.25,1.5x_ATR,3.0,2.5,1196,-5073.065829031332,19959.61201346271,25032.67784249408,0.7973422635424319,23.662207357859533,5073.065829031336,-0.9999999999999993,-1.3448816349863852,13.167224080267559
London,15min,0.25,1.5x_ATR,3.0,No_Cap,1543,-4944.0450212744745,26565.4808558874,31509.52587716192,0.8430936396647606,24.108878807517822,6177.155732072402,-0.8003756479061236,-1.1321658286593888,13.310434219053791
London,15min,0.25,1.5x_ATR,4.0,1.5,280,-2193.5451311383054,4762.709012276799,6956.2541434151035,0.6846657574731153,16.428571428571427,2193.545131138326,-0.9999999999999907,-1.0310955371904944,20.382142857142856
London,15min,0.25,1.5x_ATR,4.0,2.5,1196,-6915.374788992252,20060.216692243408,26975.59148123567,0.7436432563933723,17.558528428093645,6915.374788992253,-0.9999999999999999,-1.6259170984785372,16.702341137123746
London,15min,0.25,1.5x_ATR,4.0,No_Cap,1543,-7010.49874790669,26995.154310826012,34005.65305873271,0.7938431373219463,18.340894361633183,7314.149551826837,-0.9584844688000256,-1.4244368759553923,16.948152948801038
London,15min,0.25,2.0x_ATR,1.5,1.5,280,-425.6450892856037,5872.079401506747,6297.7244907923505,0.9324128754905169,41.785714285714285,877.0605468749363,-0.48530867202067657,-0.22304093452751164,14.010714285714286
London,15min,0.25,2.0x_ATR,1.5,2.5,1196,-5309.816622488323,20952.28154296895,26262.098165457282,0.7978144553022664,37.458193979933114,5589.170267159024,-0.9500187628363851,-1.4393078614636319,12.161371237458194
London,15min,0.25,2.0x_ATR,1.5,No_Cap,1543,-6609.623503766073,26785.125261579495,33394.74876534556,0.8020759625949032,37.58911211924822,7136.085993302801,-0.9262253159461906,-1.5933504014170774,12.409591704471808
London,15min,0.25,2.0x_ATR,2.0,1.5,280,-525.5054059708777,6560.2591238839705,7085.764529854849,0.9258364564957335,34.642857142857146,1002.3046177454653,-0.524297101566711,-0.2380597582020404,18.989285714285714
London,15min,0.25,2.0x_ATR,2.0,2.5,1196,-5106.389585657966,23789.881542968913,28896.271128626904,0.8232855179504734,31.52173913043478,5637.495856584295,-0.9057903926783333,-1.204397389261322,16.07190635451505
London,15min,0.25,2.0x_ATR,2.0,No_Cap,1543,-5452.316462052886,30995.605678013624,36447.92214006653,0.8504080303645274,32.080362929358394,6564.727399552859,-0.8305472764069773,-1.1363068681980382,16.189241736876216
London,15min,0.25,2.0x_ATR,3.0,1.5,280,-2085.6510184150784,6224.139174107169,8309.790192522249,0.7490127945357875,22.5,2119.750578961961,-0.9839134090183473,-0.8204872374843137,28.21785714285714
London,15min,0.25,2.0x_ATR,3.0,2.5,1196,-6943.09019949724,25665.43604910725,32608.526248604525,0.7870774610737152,22.40802675585284,7666.425732421355,-0.9056489219134902,-1.37121754874653,22.589464882943144
London,15min,0.25,2.0x_ATR,3.0,No_Cap,1543,-7277.0224469859195,33910.29667271222,41187.31911969805,0.8233188611806114,23.266364225534673,8212.24826311314,-0.8861181754175694,-1.2650832621068546,22.743357096565134
London,15min,0.25,2.0x_ATR,4.0,1.5,280,-2183.083530970873,6559.684758649584,8742.768289620459,0.7502983656146232,17.142857142857142,2254.5195382253005,-0.9683143099701589,-0.731556773399063,33.19642857142857
London,15min,0.25,2.0x_ATR,4.0,2.5,1196,-7935.438483537434,26602.517306082686,34537.955789620115,0.7702400648181295,17.474916387959865,8529.275188336507,-0.9303766508071958,-1.3743277576181143,27.279264214046822
London,15min,0.25,2.0x_ATR,4.0,No_Cap,1543,-9426.372335378854,34424.80934709833,43851.18168247705,0.7850372105446476,17.95204147764096,10309.10246233191,-0.9143737168023662,-1.447884619722172,27.810758263123784
London,15min,0.5,Opposite_Bound,1.5,1.5,280,-720.3211669920893,6846.431665039108,7566.752832031198,0.9048044540396691,38.92857142857143,1199.54555664064,-0.6004950483159376,-0.30337208493615786,20.439285714285713
London,15min,0.5,Opposite_Bound,1.5,2.5,1195,-5977.701904296368,29866.992822266075,35844.694726561735,0.8332332873833614,37.57322175732217,6206.958740233723,-0.9630645464982225,-1.1656705652754018,25.2418410041841
London,15min,0.5,Opposite_Bound,1.5,No_Cap,1540,-6495.715087889957,42149.47382812567,48645.18891601459,0.8664674712415302,39.09090909090909,6970.733300780432,-0.9318553454286808,-1.0254044893943808,29.695454545454545
London,15min,0.5,Opposite_Bound,2.0,1.5,280,-1535.7075195311518,7016.950439453162,8552.657958984313,0.8204409054008835,30.357142857142858,1780.6101562496788,-0.8624613951240506,-0.6034164062640951,26.275
London,15min,0.5,Opposite_Bound,2.0,2.5,1195,-5984.513427733868,33254.582617187894,39239.09604492102,0.8474859507241952,31.04602510460251,6912.065576171239,-0.8658068072104195,-1.027681027309425,30.576569037656903
London,15min,0.5,Opposite_Bound,2.0,No_Cap,1540,-6287.310546874332,46634.13261718808,52921.44316406134,0.8811954064181126,32.66233766233766,6801.90854492114,-0.9243450577660224,-0.880582652164468,36.183766233766235
London,15min,0.5,Opposite_Bound,3.0,1.5,280,-2532.904785156152,6987.200683593778,9520.105468749929,0.7339415205566264,21.428571428571427,2726.456103515303,-0.929009926802196,-0.8730517626537979,35.47142857142857
London,15min,0.5,Opposite_Bound,3.0,2.5,1195,-6981.962158202618,35772.87749023469,42754.839648436544,0.8366977349087739,24.10041841004184,7041.864746093218,-0.9914933629016613,-1.023779078353337,40.06359832635983
London,15min,0.5,Opposite_Bound,3.0,No_Cap,1540,-7117.492431639957,50380.79472656296,57498.287158201834,0.8762138355172968,25.844155844155843,7969.306201171246,-0.8931131835032141,-0.8496130699870167,46.073376623376625
London,15min,0.5,Opposite_Bound,4.0,1.5,280,-1531.2507324217768,8177.05434570315,9708.305078124924,0.8422741436224497,19.285714285714285,1821.7026855465538,-0.8405601773389083,-0.44939520033934166,39.33571428571428
London,15min,0.5,Opposite_Bound,4.0,2.5,1195,-4436.836425780743,39548.30434570341,43985.14077148337,0.8991287432992264,21.255230125523013,7110.763720702611,-0.6239606039591964,-0.5579679955928918,45.399163179916314
London,15min,0.5,Opposite_Bound,4.0,No_Cap,1540,-4633.628906249332,54253.50991210979,58887.13881835803,0.92131339713174,23.31168831168831,7592.110058593023,-0.610321619482429,-0.49304989805695315,51.89220779220779
London,15min,0.5,Range_Midpoint,1.5,1.5,280,-905.639465331933,4806.212927246124,5711.852392578057,0.8414455761306586,37.857142857142854,1126.8484130856668,-0.8036923643101259,-0.5067656867159367,10.4
London,15min,0.5,Range_Midpoint,1.5,2.5,1195,-5126.432983397931,20280.54050293003,25406.973486327406,0.7982273258105248,36.48535564853557,5751.692907714054,-0.8912911495192073,-1.4259937561840625,12.364853556485356
London,15min,0.5,Range_Midpoint,1.5,No_Cap,1540,-7072.143615721984,27470.773156738833,34542.9167724599,0.7952650130182553,36.94805194805195,7701.507434081001,-0.9182804374668351,-1.6338665365125533,14.305844155844156
London,15min,0.5,Range_Midpoint,2.0,1.5,280,-1394.9915771483393,5015.763916015653,6410.7554931639925,0.7823982557694071,30.357142857142858,1466.8393554684208,-0.9510186455986261,-0.7485886606359748,14.360714285714286
London,15min,0.5,Range_Midpoint,2.0,2.5,1195,-6882.778198241681,21667.854052734656,28550.63225097573,0.7589272931773393,29.12133891213389,7281.1840576163795,-0.945282819906475,-1.7155581362012255,16.239330543933054
London,15min,0.5,Range_Midpoint,2.0,No_Cap,1540,-9262.505859374263,29484.7678710942,38747.27373046757,0.7609507723354967,29.74025974025974,9492.406152342845,-0.9757806093335104,-1.9210254227998655,18.5487012987013
London,15min,0.5,Range_Midpoint,3.0,1.5,280,-1971.4082031249018,5278.451953125023,7249.860156249924,0.728076382076777,20.714285714285715,1973.1559326168663,-0.9991142466426125,-0.9021487137421366,19.7
London,15min,0.5,Range_Midpoint,3.0,2.5,1195,-8033.333007811975,23799.94990234398,31833.2829101553,0.747643589557376,21.08786610878661,8533.186035155599,-0.941422462221696,-1.656345219176616,21.489539748953973
London,15min,0.5,Range_Midpoint,3.0,No_Cap,1540,-9706.478027342864,33089.002343750355,42795.480371092424,0.773189179250372,22.01298701298701,9793.276025389801,-0.9911369803299829,-1.665116242571046,24.356493506493507
London,15min,0.5,Range_Midpoint,4.0,1.5,280,-2262.855957031152,5361.7548828125155,7624.610839843667,0.7032168585960843,16.071428571428573,2397.80375976532,-0.9437202472535217,-0.9394099700274313,24.382142857142856
London,15min,0.5,Range_Midpoint,4.0,2.5,1195,-7244.338256835431,25906.69536132831,33151.03361816305,0.781474739512627,17.405857740585773,8189.146118163358,-0.8846268160690939,-1.2986375139095216,25.674476987447697
London,15min,0.5,Range_Midpoint,4.0,No_Cap,1540,-9698.77355956922,35001.50810546904,44700.28166503765,0.7830265672094296,18.051948051948052,10508.385034178864,-0.9229556709259932,-1.4616717356239322,28.965584415584416
London,15min,0.5,1.5x_ATR,1.5,1.5,280,-743.1055254254147,4241.038353620272,4984.143879045687,0.8509060846839563,39.642857142857146,1183.952278355082,-0.6276482076269532,-0.5183302448328957,6.639285714285714
London,15min,0.5,1.5x_ATR,1.5,2.5,1195,-5335.593205042769,15142.855828857557,20478.449033900346,0.7394532566304135,37.15481171548117,5827.042072404541,-0.9156606626045907,-1.9675130290944995,6.461924686192468
London,15min,0.5,1.5x_ATR,1.5,No_Cap,1540,-6209.344194684051,19649.864500209478,25859.208694893576,0.7598788010899089,37.922077922077925,6880.481164550014,-0.9024578435991031,-2.0253712997163245,6.501948051948052
London,15min,0.5,1.5x_ATR,2.0,1.5,280,-1003.1865059987581,4645.310850306972,5648.497356305729,0.8223976320217544,31.785714285714285,1059.004105050115,-0.9472923676261713,-0.6111863028411089,9.603571428571428
London,15min,0.5,1.5x_ATR,2.0,2.5,1195,-5084.980826241109,17384.129572405316,22469.110398646422,0.7736901579090807,30.711297071129707,5549.10240478452,-0.9163609635058746,-1.6159479594422352,8.836820083682008
London,15min,0.5,1.5x_ATR,2.0,No_Cap,1540,-6002.664943149442,22457.86901506718,28460.533958216663,0.7890881122623319,31.038961038961038,6841.190593609725,-0.877429865607963,-1.6868673467000714,8.958441558441558
London,15min,0.5,1.5x_ATR,3.0,1.5,280,-944.7553274970983,5378.685590471566,6323.4409179686645,0.8505947410985552,23.214285714285715,1128.8587733676068,-0.8369118881706594,-0.46322352447275494,14.003571428571428
London,15min,0.5,1.5x_ATR,3.0,2.5,1195,-5949.6186261853445,19357.75072021494,25307.369346400323,0.7649056863734576,22.426778242677823,6175.490605816896,-0.9634244476999454,-1.568023742776126,13.346443514644351
London,15min,0.5,1.5x_ATR,3.0,No_Cap,1540,-6505.242675780623,25463.96514369431,31969.20781947497,0.7965153621411349,22.857142857142858,7520.1198817654085,-0.865045076150231,-1.4964172471977295,13.416883116883117
London,15min,0.5,1.5x_ATR,4.0,1.5,280,-2196.5642351421934,4797.809270368318,6994.373505510512,0.685952682765421,15.357142857142858,2265.5411865233546,-0.9695538744598983,-0.9911607278853243,18.45
London,15min,0.5,1.5x_ATR,4.0,2.5,1195,-6243.192103794131,20621.192543247864,26864.38464704204,0.7676033832220461,17.322175732217573,6799.167480468189,-0.9182289040134406,-1.410247009398452,16.736401673640167
London,15min,0.5,1.5x_ATR,4.0,No_Cap,1540,-7031.973502022209,27011.8220493863,34043.79555140852,0.7934433165243445,17.92207792207792,8020.144302803429,-0.8767889001154497,-1.4009947313609772,16.837012987012987
London,15min,0.5,2.0x_ATR,1.5,1.5,280,-1381.702566964168,5361.613274274616,6743.315841238784,0.7951004224784551,37.857142857142854,1450.554216657245,-0.9525342459437722,-0.7342157847452272,13.967857142857142
London,15min,0.5,2.0x_ATR,1.5,2.5,1195,-5927.036533900131,20619.590286691047,26546.6268205912,0.776731086252255,36.73640167364017,6053.786446707067,-0.9790627049826178,-1.635147046075476,12.522175732217573
London,15min,0.5,2.0x_ATR,1.5,No_Cap,1540,-6774.5941336488495,26716.941315569442,33491.535449218296,0.797722199272683,37.20779220779221,7139.825610350774,-0.9488458827100147,-1.65550336871745,12.743506493506494
London,15min,0.5,2.0x_ATR,2.0,1.5,280,-1299.9130161829635,6104.185560825908,7404.098577008872,0.8244333185650121,31.428571428571427,1471.5562011718102,-0.8833594090037702,-0.5982617420107172,18.132142857142856
London,15min,0.5,2.0x_ATR,2.0,2.5,1195,-6252.230712890132,23061.827525111745,29314.058238001897,0.7867156208080074,30.627615062761507,6467.488141740583,-0.9667169967485214,-1.5038177216772592,16.424267782426778
London,15min,0.5,2.0x_ATR,2.0,No_Cap,1540,-6760.6317313051095,30164.721944754678,36925.35367605981,0.816910846931486,31.2987012987013,7439.765485490273,-0.9087157040756629,-1.4338166384500528,16.637012987012987
London,15min,0.5,2.0x_ATR,3.0,1.5,280,-2890.3803710936677,5680.0991908482365,8570.479561941904,0.6627516173157102,19.642857142857142,3064.767871093666,-0.943099279509946,-1.1731981210856055,26.085714285714285
London,15min,0.5,2.0x_ATR,3.0,2.5,1195,-7774.12280273385,25057.494224330483,32831.617027064356,0.7632123085401074,21.589958158995817,8122.378989954813,-0.9571238688010419,-1.5568857279263715,22.755648535564852
London,15min,0.5,2.0x_ATR,3.0,No_Cap,1540,-8087.947928291699,33319.732366071614,41407.680294363236,0.8046751744894867,22.5974025974026,8659.551869418892,-0.9339915102136167,-1.4224756282077213,22.975324675324675
London,15min,0.5,2.0x_ATR,4.0,1.5,280,-2650.2059849329453,6228.05172991074,8878.257714843683,0.7014948123772047,15.714285714285714,2936.029380580261,-0.9026496813901681,-0.9123185832505855,31.39642857142857
London,15min,0.5,2.0x_ATR,4.0,2.5,1195,-8912.400739396824,25786.701722935373,34699.10246233217,0.7431518365908251,16.820083682008367,8912.400739396802,-1.0000000000000024,-1.5799777015821241,27.390794979079498
London,15min,0.5,2.0x_ATR,4.0,No_Cap,1540,-10150.998465401133,33768.600648716616,43919.599114117635,0.7688731529851771,17.5974025974026,10394.202190289532,-0.9766019824863899,-1.5884776047417346,28.05064935064935
London,30min,0.0,Opposite_Bound,1.5,1.5,31,312.77084960938737,840.5726562500058,527.8018066406185,1.592591472166661,61.29032258064516,133.45156249999854,2.3437031665282357,0.5075326608638996,18.32258064516129
London,30min,0.0,Opposite_Bound,1.5,2.5,683,-1146.5974853512853,17610.260131836127,18756.857617187175,0.9388704915955429,39.53147877013177,2890.980737304146,-0.3966119422921141,-0.3023181208985292,22.748169838945827
London,30min,0.0,Opposite_Bound,1.5,No_Cap,1535,-3098.8448486321477,47239.517797852255,50338.36264648336,0.9384396971670752,40.78175895765472,6201.304931639771,-0.4997085101913768,-0.4512353220635774,34.320521172638436
London,30min,0.0,Opposite_Bound,2.0,1.5,31,301.79550781251237,945.5971679687536,643.8016601562413,1.4687709375264286,48.38709677419355,148.94926757810754,2.026163087067573,0.41385174028462757,23.387096774193548
London,30min,0.0,Opposite_Bound,2.0,2.5,683,-2068.875927734098,19034.28188476576,21103.157812499587,0.9019636802171658,31.332357247437773,4216.562158202674,-0.49065467319375744,-0.48042233261934497,28.49194729136164
London,30min,0.0,Opposite_Bound,2.0,No_Cap,1535,-4645.697265624335,50726.96245117244,55372.65971679571,0.9161012440185508,33.74592833876221,7791.807275390004,-0.5962284616943125,-0.6062930124304565,40.958306188925086
London,30min,0.0,Opposite_Bound,3.0,1.5,31,-478.85756835936263,486.8437011718788,965.7012695312415,0.5041348878087282,22.580645161290324,629.2035156249676,-0.761053548602202,-0.7315601421855678,39.0
London,30min,0.0,Opposite_Bound,3.0,2.5,683,-2660.066113280973,20642.138964843856,23302.205078124527,0.8858448758663673,23.865300146412885,3933.61118164024,-0.6762402256981018,-0.5141062316453594,37.288433382137626
London,30min,0.0,Opposite_Bound,3.0,No_Cap,1535,-5868.67700195246,54312.23046875046,60180.90747070183,0.902482743305118,27.035830618892508,7879.752197265038,-0.7447793858275649,-0.6484513345471252,51.05537459283388
London,30min,0.0,Opposite_Bound,4.0,1.5,31,-633.3045898437376,404.4457031250022,1037.7502929687398,0.38973316207696346,12.903225806451612,821.1524414062133,-0.7712387589802588,-0.9270890998907642,41.87096774193548
London,30min,0.0,Opposite_Bound,4.0,2.5,683,-1406.8202636715978,22611.038964843865,24017.859228515146,0.9414260758926825,21.083455344070277,3257.8000488276684,-0.4318313716576459,-0.23723846914524702,42.80673499267936
London,30min,0.0,Opposite_Bound,4.0,No_Cap,1535,-3376.70434570246,57940.355566406695,61317.05991210806,0.9449304263684277,25.14657980456026,5985.640527342903,-0.5641341691465424,-0.3418357694767771,56.937459283387625
London,30min,0.0,Range_Midpoint,1.5,1.5,31,183.97720947266862,520.1281127929724,336.15090332030377,1.5473054144892915,48.38709677419355,182.89941406248545,1.0058928313997493,0.445028309493617,4.612903225806451
London,30min,0.0,Range_Midpoint,1.5,2.5,683,-2403.140148925504,9986.818933105586,12389.959082031011,0.8060413167618392,37.920937042459734,2802.5581176750084,-0.8574809327840595,-0.9854498960860957,9.112737920937043
London,30min,0.0,Range_Midpoint,1.5,No_Cap,1535,-4595.537658690737,27379.362219238865,31974.89987792873,0.8562767146657426,39.80456026058632,4979.215624998908,-0.9229440949731403,-1.0867892530740588,13.50684039087948
London,30min,0.0,Range_Midpoint,2.0,1.5,31,98.80112304688737,532.5027343750025,433.7016113281152,1.2278089831032235,41.935483870967744,172.94946289061045,0.5712716385212396,0.2174770194825166,5.612903225806451
London,30min,0.0,Range_Midpoint,2.0,2.5,683,-2218.393749999723,11433.107470703233,13651.501220702838,0.8374981832301817,31.91800878477306,3050.483398436848,-0.727226953976045,-0.7868466557946099,11.538799414348462
London,30min,0.0,Range_Midpoint,2.0,No_Cap,1535,-3955.7070312493306,31204.439404297387,35160.14643554579,0.8874945803055785,33.355048859934854,5304.14960937411,-0.7457759155696411,-0.8147059227771136,17.49641693811075
London,30min,0.0,Range_Midpoint,3.0,1.5,31,46.40122070313737,574.1031494140634,527.701928710926,1.0879307392650366,32.25806451612903,308.6954345702907,0.150313919503632,0.08826309442678265,11.709677419354838
London,30min,0.0,Range_Midpoint,3.0,2.5,683,-2472.749218749723,12748.15517578134,15220.904394530886,0.837542556299214,24.011713030746705,3340.800439452709,-0.7401666946484267,-0.7734477347164732,16.076134699853586
London,30min,0.0,Range_Midpoint,3.0,No_Cap,1535,-5006.657348632143,34388.03872070352,39394.696069334685,0.8729103699691083,25.01628664495114,7230.085888671119,-0.692475501083205,-0.8831457775480075,23.61368078175896
London,30min,0.0,Range_Midpoint,4.0,1.5,31,-72.64357910155013,528.5075195312538,601.151098632804,0.879159200961683,22.580645161290324,298.5446777343532,-0.24332565448106505,-0.12706436880862151,16.870967741935484
London,30min,0.0,Range_Midpoint,4.0,2.5,683,-2649.6394775387853,13456.663037109452,16106.302514648029,0.8354905183775831,19.32650073206442,3004.1982666011063,-0.8819788983290167,-0.7319425506081676,19.975109809663252
London,30min,0.0,Range_Midpoint,4.0,No_Cap,1535,-5489.042602538393,36088.853369140954,41577.89597167835,0.867981713017023,20.58631921824104,6776.2950683586005,-0.8100359484298528,-0.8600075760622758,28.316612377850163
London,30min,0.0,1.5x_ATR,1.5,1.5,31,81.57671857562264,557.7655072893435,476.1887887137209,1.171311716086339,48.38709677419355,161.84232875278758,0.5040505731984999,0.16362325243611534,6.548387096774193
London,30min,0.0,1.5x_ATR,1.5,2.5,683,-2183.3462297709525,9523.86598423559,11707.212214006542,0.8135041724827717,38.06734992679356,2735.4751177103144,-0.7981597842492851,-1.018040825868422,7.2298682284041
London,30min,0.0,1.5x_ATR,1.5,No_Cap,1535,-5232.514173234511,20443.112354387817,25675.62652762237,0.7962069526285831,39.153094462540714,5910.2189836766,-0.8853333840397728,-1.6953600226677579,6.937459283387622
London,30min,0.0,1.5x_ATR,2.0,1.5,31,171.1718593052592,690.8362130301384,519.6643537248792,1.3293892645865046,41.935483870967744,198.04659598213766,0.8643009411820319,0.2893500389688853,7.741935483870968
London,30min,0.0,1.5x_ATR,2.0,2.5,683,-1739.3768519807759,11101.827675083794,12841.204527064578,0.8645472199812089,31.771595900439237,2663.8529697960494,-0.6529552763244086,-0.6914787977126442,9.672035139092241
London,30min,0.0,1.5x_ATR,2.0,No_Cap,1535,-3995.829319544573,23988.646257673143,27984.475577217796,0.8572126424696104,33.22475570032573,5114.554947334628,-0.7812662803880792,-1.1114287855008322,9.433876221498371
London,30min,0.0,1.5x_ATR,3.0,1.5,31,-331.4101457868196,426.99173583984475,758.4018816266644,0.5630151324572246,19.35483870967742,435.86836635043437,-0.7603445704531095,-0.5618559923956941,18.29032258064516
London,30min,0.0,1.5x_ATR,3.0,2.5,683,-1716.041978236367,12754.41066894538,14470.45264718175,0.8814106220394852,24.011713030746705,2927.874663434457,-0.5861049995300737,-0.555904750153113,13.929721815519766
London,30min,0.0,1.5x_ATR,3.0,No_Cap,1535,-3343.2933088023983,28074.876238141875,31418.16954694433,0.8935872663171233,24.7557003257329,5150.96502162317,-0.6490615437626989,-0.7497522614801375,14.036482084690554
London,30min,0.0,1.5x_ATR,4.0,1.5,31,-634.6968889508776,223.36845703125164,858.0653459821292,0.2603163710982726,9.67741935483871,634.6968889508807,-0.999999999999995,-1.3900167207476886,21.806451612903224
London,30min,0.0,1.5x_ATR,4.0,2.5,683,-1817.432315499202,13567.186495535776,15384.618811034989,0.8818669258028274,19.619326500732065,2956.172131347397,-0.6147924527895581,-0.5126207657823766,17.814055636896047
London,30min,0.0,1.5x_ATR,4.0,No_Cap,1535,-4115.449768065746,29537.551297433172,33653.00106549895,0.8777092788825619,19.93485342019544,5243.380819265644,-0.7848847737597916,-0.8102724295064369,17.91400651465798
London,30min,0.0,2.0x_ATR,1.5,1.5,31,148.30133231027958,760.5867675781292,612.2854352678496,1.242209472523879,51.61290322580645,239.1928989955286,0.6200072532799223,0.22369139418679568,11.548387096774194
London,30min,0.0,2.0x_ATR,1.5,2.5,683,-1747.701000976258,13245.934664481123,14993.635665457416,0.8834371436006895,37.920937042459734,2860.788364955114,-0.6109158658451408,-0.6013369432270633,13.691068814055637
London,30min,0.0,2.0x_ATR,1.5,No_Cap,1535,-4349.928833007188,28452.409008789247,32802.337841796485,0.8673896703952426,39.21824104234528,5523.847244697947,-0.7874817387795178,-1.046395448117625,13.24885993485342
London,30min,0.0,2.0x_ATR,2.0,1.5,31,-301.97071010043373,569.0261579241132,870.996868024547,0.6533044822706258,32.25806451612903,372.6296665736463,-0.8103775334827036,-0.44176878293733346,21.32258064516129
London,30min,0.0,2.0x_ATR,2.0,2.5,683,-1746.4507393970257,14936.724176897404,16683.174916294447,0.8953166439745659,31.771595900439237,3576.9447195867997,-0.4882520911865732,-0.5155663749593543,17.944363103953147
London,30min,0.0,2.0x_ATR,2.0,No_Cap,1535,-3430.5176478787507,32729.33300083728,36159.85064871603,0.9051290979820306,32.96416938110749,5468.309374999463,-0.6273452017112853,-0.7065221630095274,17.531596091205213
London,30min,0.0,2.0x_ATR,3.0,1.5,31,-720.8680664062422,345.35641043526994,1066.2244768415121,0.32390591093755683,16.129032258064516,720.8680664062431,-0.9999999999999988,-1.2069592445063366,30.451612903225804
London,30min,0.0,2.0x_ATR,3.0,2.5,683,-2141.2753069193423,16617.043561663006,18758.318868582377,0.8858492958819612,23.42606149341142,3839.3984444752095,-0.5577111461303474,-0.5170124960730184,24.54319180087848
London,30min,0.0,2.0x_ATR,3.0,No_Cap,1535,-4043.311488559584,36775.103662109526,40818.415150669076,0.9009439373470316,24.690553745928337,5917.232519530738,-0.6833112397077539,-0.6838111130278502,24.216938110749187
London,30min,0.0,2.0x_ATR,4.0,1.5,31,-810.5801548548993,303.8438337053617,1114.423988560261,0.2726465302473447,9.67741935483871,810.5801548549043,-0.9999999999999938,-1.3251968352465078,33.45161290322581
London,30min,0.0,2.0x_ATR,4.0,2.5,683,-1885.6562360487987,17913.152441406295,19798.80867745514,0.9047591061276309,18.448023426061493,4059.55065569173,-0.4644987576161902,-0.3853384379102388,29.317715959004392
London,30min,0.0,2.0x_ATR,4.0,No_Cap,1535,-5375.297223771636,38159.91291852688,43535.21014229846,0.8765298891126981,19.478827361563518,6907.139383369987,-0.7782233607032023,-0.7959055136669263,29.171986970684042
London,30min,0.1,Opposite_Bound,1.5,1.5,31,232.89108886719987,831.7433349609428,598.8522460937429,1.3888957424578878,58.064516129032256,166.67248535155522,1.3972977505913622,0.362298383087839,19.161290322580644
London,30min,0.1,Opposite_Bound,1.5,2.5,683,-1166.5529296872228,18211.001708984564,19377.554638671543,0.9397987542061214,39.53147877013177,2852.2632812494458,-0.40899202305623394,-0.29900695657923876,24.34553440702782
London,30min,0.1,Opposite_Bound,1.5,No_Cap,1534,-3157.4031738274607,48327.30527343819,51484.7084472646,0.9386729910870426,40.80834419817471,6051.789550780416,-0.5217304976212026,-0.451035088044766,35.61473272490222
London,30min,0.1,Opposite_Bound,2.0,1.5,31,78.88901367188737,843.1912109375025,764.3021972656152,1.1032170441928892,41.935483870967744,299.7070800780857,0.2632203872238641,0.10650964866875601,25.35483870967742
London,30min,0.1,Opposite_Bound,2.0,2.5,683,-1871.6847656247228,19806.070166015772,21677.754931640207,0.9136587358088185,31.625183016105417,3939.8666015620447,-0.4750629792599204,-0.4214726124223088,30.371888726207906
London,30min,0.1,Opposite_Bound,2.0,No_Cap,1534,-4470.563574218086,51921.442333984945,56392.00590820196,0.9207234518045971,34.02868318122555,7175.269580077454,-0.6230516532271988,-0.5725957060500036,42.55541069100391
London,30min,0.1,Opposite_Bound,3.0,1.5,31,-611.8580566406126,435.1915039062533,1047.049560546866,0.41563601218547486,19.35483870967742,758.8562988280883,-0.8062897515452043,-0.9479913147183768,39.806451612903224
London,30min,0.1,Opposite_Bound,3.0,2.5,683,-3110.174755859098,20938.475000000137,24048.649755858918,0.8706715434158188,24.011713030746705,3525.8311035151046,-0.8821111007723498,-0.5922347813712519,39.91068814055637
London,30min,0.1,Opposite_Bound,3.0,No_Cap,1534,-7056.850195311836,54483.45175781298,61540.30195312372,0.8853296137434284,27.11864406779661,7604.392822264923,-0.9279965357194679,-0.7767372603712531,52.970664928292045
London,30min,0.1,Opposite_Bound,4.0,1.5,31,-693.3021484374876,404.4457031250022,1097.7478515624898,0.3684322429320454,12.903225806451612,881.1499999999633,-0.7868151261845503,-1.0044976702003037,41.67741935483871
London,30min,0.1,Opposite_Bound,4.0,2.5,683,-1597.4586914059728,23085.539062500124,24682.997753905765,0.9352810097325854,21.2298682284041,3067.5582031244885,-0.5207590486070867,-0.2636322999499101,45.225475841874086
London,30min,0.1,Opposite_Bound,4.0,No_Cap,1534,-4611.621923827461,58094.72631835982,62706.34824218618,0.926456857190675,25.097783572359845,5848.406640624075,-0.7885262101636902,-0.4642065474555377,58.61668839634941
London,30min,0.1,Range_Midpoint,1.5,1.5,31,124.34738769532487,523.4487548828156,399.1013671874907,1.3115684332820354,45.16129032258065,243.3498779296715,0.51098191933863,0.2831103108974129,5.64516129032258
London,30min,0.1,Range_Midpoint,1.5,2.5,683,-1978.8390014645665,10835.514465332162,12814.353466796636,0.8455763682036821,38.79941434846266,2269.8533447256823,-0.8717915657690715,-0.7769882125865805,10.092240117130308
London,30min,0.1,Range_Midpoint,1.5,No_Cap,1534,-4184.212866210269,28819.92883300841,33004.141699217784,0.8732215821777137,40.09126466753585,4600.385485838745,-0.9095352724441093,-0.9571770990311151,14.456323337679269
London,30min,0.1,Range_Midpoint,2.0,1.5,31,39.24484863282487,535.896923828127,496.65207519530213,1.079018795234858,38.70967741935484,233.3999267577965,0.1681442200003344,0.08176785855874527,6.548387096774193
London,30min,0.1,Range_Midpoint,2.0,2.5,683,-1795.4103515622228,12389.690673828247,14185.10102539033,0.8734298509155187,32.210834553440705,2692.296752929061,-0.6668694116311368,-0.6067188572116953,12.752562225475842
London,30min,0.1,Range_Midpoint,2.0,No_Cap,1534,-3025.268164061831,33149.422802734895,36174.69096679578,0.9163705871920859,33.702737940026076,5435.501757811627,-0.5565756941783837,-0.5992908046541515,18.501955671447195
London,30min,0.1,Range_Midpoint,3.0,1.5,31,-133.40834960936263,490.4441406249998,623.8524902343624,0.786154016057153,25.806451612903224,396.4981689452907,-0.33646649608556073,-0.2547485301096895,13.29032258064516
London,30min,0.1,Range_Midpoint,3.0,2.5,683,-2054.959912109098,13799.540600586039,15854.50051269493,0.870386335383858,24.45095168374817,3181.90305175739,-0.6458273173892357,-0.6068202640072409,18.142020497803806
London,30min,0.1,Range_Midpoint,3.0,No_Cap,1534,-4145.406713866519,36464.27937011758,40609.68608398311,0.8979207397640899,25.554106910039113,6743.375146483609,-0.6147376682770166,-0.7007771331960833,25.192959582790092
London,30min,0.1,Range_Midpoint,4.0,1.5,31,-282.40615234373763,414.89550781250273,697.3016601562404,0.5950014628095672,16.129032258064516,396.4981689452907,-0.7122508361008456,-0.5166100284660569,18.451612903225804
London,30min,0.1,Range_Midpoint,4.0,2.5,683,-2397.757763671598,14429.741015625092,16827.498779296468,0.8575095565229557,19.472913616398245,2593.4505859369983,-0.9245434544515534,-0.6257397639145841,22.437774524158126
London,30min,0.1,Range_Midpoint,4.0,No_Cap,1534,-4566.302709960269,38309.83344726596,42876.13615722522,0.8935001350584671,20.990873533246415,6109.786279295975,-0.7473751946829864,-0.6818638205310695,30.271186440677965
London,30min,0.1,1.5x_ATR,1.5,1.5,31,34.919941057485175,535.5520263671883,500.63208530970314,1.0697517040600442,45.16129032258065,187.3140241350393,0.18642459484139068,0.06975234162935887,6.516129032258064
London,30min,0.1,1.5x_ATR,1.5,2.5,683,-2252.712074497508,9480.798899623433,11733.510974120938,0.808010400342573,38.21376281112738,2533.1093296592935,-0.8893070852178737,-1.0537496510791096,6.967789165446559
London,30min,0.1,1.5x_ATR,1.5,No_Cap,1534,-5430.573841203238,20330.27677263559,25760.8506138389,0.7891927590975598,39.11342894393742,6022.065403528717,-0.9017792862264687,-1.7631193449468587,6.847457627118644
London,30min,0.1,1.5x_ATR,2.0,1.5,31,116.0772548130717,660.1849051339332,544.1076503208615,1.2133350904818572,38.70967741935484,223.51829136438937,0.5193188177330751,0.19567052039840263,7.709677419354838
London,30min,0.1,1.5x_ATR,2.0,2.5,683,-1860.921346609673,11025.734036690934,12886.655383300616,0.8555931472318886,31.625183016105417,2627.0908848351273,-0.7083581909372968,-0.7425348170131577,9.493411420204978
London,30min,0.1,1.5x_ATR,2.0,No_Cap,1534,-4254.5806030267095,23825.56786760618,28080.148470632957,0.8484843978842797,33.116036505867015,5337.339869907174,-0.7971350348166425,-1.1864819504618276,9.456975228161669
London,30min,0.1,1.5x_ATR,3.0,1.5,31,-335.87778843470005,426.99173583984475,762.8695242745448,0.5597179101444576,19.35483870967742,440.3360089983089,-0.7627761109039574,-0.5687339571661644,17.129032258064516
London,30min,0.1,1.5x_ATR,3.0,2.5,683,-1652.6577968049992,12797.814332798614,14450.472129603617,0.8856329549662724,24.30453879941435,2789.264271763146,-0.5925067099362096,-0.5365337136462193,13.816983894582723
London,30min,0.1,1.5x_ATR,3.0,No_Cap,1534,-3183.503681291214,28185.943732561533,31369.447413852766,0.898515787055739,25.032594524119947,4992.784076798959,-0.6376209410065785,-0.714372709070039,14.054758800521512
London,30min,0.1,1.5x_ATR,4.0,1.5,31,-639.164531598758,223.36845703125164,862.5329886300096,0.25896801626803323,9.67741935483871,639.1645315987607,-0.9999999999999958,-1.3984090432212843,20.64516129032258
London,30min,0.1,1.5x_ATR,4.0,2.5,683,-2197.862002999175,13284.719042968827,15482.581045968023,0.8580429195575525,19.472913616398245,2877.1882359093497,-0.7638923222221954,-0.6266080134104892,17.720351390922403
London,30min,0.1,1.5x_ATR,4.0,No_Cap,1534,-4264.602314103658,29435.569287109523,33700.17160121321,0.8734545816392769,20.01303780964798,4954.26354631629,-0.8607943994571251,-0.8417136163273162,17.996740547588004
London,30min,0.1,2.0x_ATR,1.5,1.5,31,86.09229561943266,729.9354596819239,643.8431640624913,1.1337162533127036,48.38709677419355,243.63613281249127,0.3533642347118173,0.1292979657023596,12.225806451612902
London,30min,0.1,2.0x_ATR,1.5,2.5,683,-1565.6142961771593,13348.089916992287,14913.70421316947,0.89502176831463,38.3601756954612,2645.009381975201,-0.5919125681921071,-0.5391815046449805,13.606149341142022
London,30min,0.1,2.0x_ATR,1.5,No_Cap,1534,-4522.934441266127,28353.09260253924,32876.02704380538,0.8624245431104071,39.24380704041721,5676.8230329233875,-0.7967369098939404,-1.089757318324304,13.294002607561929
London,30min,0.1,2.0x_ATR,2.0,1.5,31,-518.9147670200759,434.56802455357774,953.4827915736537,0.4557691322738557,25.806451612903224,589.5737234932858,-0.8801524666761806,-0.8135511196763858,23.129032258064516
London,30min,0.1,2.0x_ATR,2.0,2.5,683,-1675.0366420197997,14980.750181361691,16655.78682338151,0.8994321517330907,32.064421669106885,3376.783796037691,-0.4960449774679928,-0.4951397335060246,18.10834553440703
London,30min,0.1,2.0x_ATR,2.0,No_Cap,1534,-3985.1115652894678,32370.957805524788,36356.06937081426,0.8903866222543678,32.85528031290743,5433.337799943639,-0.7334555133551252,-0.8251478140375497,17.640156453715775
London,30min,0.1,2.0x_ATR,3.0,1.5,31,-824.7120605468649,275.0410574776811,1099.753118024546,0.2500934554945652,12.903225806451612,824.7120605468644,-1.0000000000000004,-1.4759499353065835,29.225806451612904
London,30min,0.1,2.0x_ATR,3.0,2.5,683,-2477.405852399245,16368.13899274561,18845.544845144876,0.8685415639210073,23.279648609077597,3773.30539201984,-0.656561183104529,-0.6023046311139747,24.806734992679356
London,30min,0.1,2.0x_ATR,3.0,No_Cap,1534,-4440.397384206875,36483.33724190867,40923.73462611548,0.8914957927282333,24.641460234680572,5821.532359095448,-0.7627540500173096,-0.7536315153209178,24.36766623207301
London,30min,0.1,2.0x_ATR,4.0,1.5,31,-938.8959333147204,209.05669642857447,1147.952629743295,0.18211265082891417,6.451612903225806,938.8959333147232,-0.9999999999999971,-1.7167106678279724,32.193548387096776
London,30min,0.1,2.0x_ATR,4.0,2.5,683,-2437.8051967073065,17468.830566406294,19906.635763113627,0.877538061894692,18.301610541727673,4016.396881975208,-0.6069632230937366,-0.5058579941574294,29.559297218155198
London,30min,0.1,2.0x_ATR,4.0,No_Cap,1534,-6317.545647320781,37415.85644531259,43733.40209263331,0.8555441528665138,19.23076923076923,7307.9753417961965,-0.8644727645958392,-0.9443004255973884,29.347457627118644
London,30min,0.25,Opposite_Bound,1.5,1.5,31,256.94382324219987,860.9962646484428,604.0524414062429,1.4253667490260131,58.064516129032256,171.87268066405522,1.4949660542295602,0.3883524129669839,18.677419354838708
London,30min,0.25,Opposite_Bound,1.5,2.5,683,-1204.2879150387853,19156.312963867378,20360.600878905905,0.9408520444852785,39.67789165446559,3624.964306640223,-0.33222062706459377,-0.29398154125094694,26.398243045387996
London,30min,0.25,Opposite_Bound,1.5,No_Cap,1528,-1866.2354248040265,50844.812475586645,52711.04790038961,0.9645949853182644,41.295811518324605,6179.062036132185,-0.30202568187391204,-0.25701308930617917,37.505235602094245
London,30min,0.25,Opposite_Bound,2.0,1.5,31,112.69272460938737,882.1951171875025,769.5023925781152,1.146448829394572,41.935483870967744,304.9072753905857,0.36959670596586514,0.1462620272156878,24.870967741935484
London,30min,0.25,Opposite_Bound,2.0,2.5,683,-2806.093945312223,20169.755517578284,22975.84946289021,0.8778676736264209,31.332357247437773,4568.36948242152,-0.6142440877669155,-0.6082491897160814,32.35285505124451
London,30min,0.25,Opposite_Bound,2.0,No_Cap,1528,-4363.404003905589,53836.48876953184,58199.892773436346,0.9250272844850316,34.031413612565444,7643.806689452495,-0.5708417521765098,-0.5388409991320061,44.69044502617801
London,30min,0.25,Opposite_Bound,3.0,1.5,31,-603.7574707031126,459.7935546875033,1063.551025390616,0.4323192246640282,19.35483870967742,775.3577636718383,-0.7786824340855462,-0.8898754203417821,39.354838709677416
London,30min,0.25,Opposite_Bound,3.0,2.5,683,-2535.886425780973,22431.004785156394,24966.891210937036,0.8984300286184702,24.743777452415813,3833.0179199214817,-0.6615900261256592,-0.4562299510331023,41.68081991215227
London,30min,0.25,Opposite_Bound,3.0,No_Cap,1528,-5288.239208983714,57458.59370117237,62746.83291015499,0.9157210178790273,27.945026178010473,6695.86123046811,-0.7897773007780825,-0.5602913251115436,55.41623036649215
London,30min,0.25,Opposite_Bound,4.0,1.5,31,-677.0008789062376,437.2484375000022,1114.2493164062398,0.3924152620620388,12.903225806451612,897.6514648437133,-0.7541912484085432,-0.9147912191513996,41.193548387096776
London,30min,0.25,Opposite_Bound,4.0,2.5,683,-1708.8209960934728,23913.61816406263,25622.439160155765,0.9333076376760242,21.961932650073205,3278.9058593745294,-0.5211558578932304,-0.27617608352197165,47.35285505124451
London,30min,0.25,Opposite_Bound,4.0,No_Cap,1528,-3146.889111327464,60670.09038085984,63816.9794921862,0.9506888427442469,26.047120418848166,5418.584179686582,-0.580758553705718,-0.30716535866288397,60.92604712041885
London,30min,0.25,Range_Midpoint,1.5,1.5,31,167.90085449219987,564.4021240234406,396.5012695312407,1.4234560325385561,45.16129032258065,191.4498046874869,0.876996739517561,0.3687248688513099,6.709677419354838
London,30min,0.25,Range_Midpoint,1.5,2.5,683,-1769.5613525387853,11953.084375000146,13722.645727538813,0.8710480917693966,38.65300146412884,2335.880383300142,-0.7575564935558649,-0.6457166336649536,11.862371888726209
London,30min,0.25,Range_Midpoint,1.5,No_Cap,1528,-4270.643383788397,30831.38666992249,35102.03005370997,0.8783362849028126,39.397905759162306,4895.137048338836,-0.8724257036353331,-0.9212399254499735,16.416884816753928
London,30min,0.25,Range_Midpoint,2.0,1.5,31,140.84702148438737,616.9998046875025,476.1527832031152,1.2958021594180318,41.935483870967744,181.4998535156119,0.7760172736022195,0.27639166605423304,7.451612903225806
London,30min,0.25,Range_Midpoint,2.0,2.5,683,-1755.7729003903478,13511.024267578261,15266.797167968436,0.8849940245440612,32.357247437774525,3119.6605957026304,-0.5628089487712047,-0.5529133294537888,14.963396778916545
London,30min,0.25,Range_Midpoint,2.0,No_Cap,1528,-2582.227856444647,35658.65131835991,38240.879174803595,0.9324746733818536,33.83507853403141,5909.0965087882505,-0.43699199236368064,-0.4818261793846768,20.787303664921467
London,30min,0.25,Range_Midpoint,3.0,1.5,31,10.29526367188737,613.6484619140629,603.3531982421755,1.0170634111195265,29.032258064516128,349.7982910156061,0.02943200105979949,0.017293269446254984,14.193548387096774
London,30min,0.25,Range_Midpoint,3.0,2.5,683,-2208.475537109098,14854.66994628918,17063.145483398068,0.8705704326756359,24.743777452415813,3591.7566162105622,-0.6148733817713746,-0.6046445947469574,20.510980966325036
London,30min,0.25,Range_Midpoint,3.0,No_Cap,1528,-3454.3598144524594,39315.71291503949,42770.072729490945,0.9192341842320602,26.112565445026178,6840.824340819563,-0.5049625077843485,-0.5461480113594884,27.839005235602095
London,30min,0.25,Range_Midpoint,4.0,1.5,31,-325.10451660155013,400.49853515625273,725.6030517578029,0.5519526608743289,16.129032258064516,419.00461425777576,-0.7758972229397518,-0.6079225637896412,19.838709677419356
London,30min,0.25,Range_Midpoint,4.0,2.5,683,-3159.3086669919103,15065.481445312596,18224.790112304283,0.8266477337997593,19.03367496339678,3159.3086669917375,-1.0000000000000546,-0.7718448749453815,25.029282576866766
London,30min,0.25,Range_Midpoint,4.0,No_Cap,1528,-3912.716137694647,41200.64936523474,45113.36550292836,0.9132692475040541,21.400523560209425,6463.620434569538,-0.6053443541901335,-0.5454130480076314,33.282722513089006
London,30min,0.25,1.5x_ATR,1.5,1.5,31,99.58036760602909,565.5915004185249,466.0111328124958,1.2136866709707903,48.38709677419355,130.59653320312282,0.7625039131103667,0.20100991988879865,6.548387096774193
London,30min,0.25,1.5x_ATR,1.5,2.5,683,-2549.792893763697,9324.678648158584,11874.471541922278,0.7852710426092002,37.920937042459734,3071.235201590076,-0.8302173967150377,-1.1964514890254039,6.777452415812592
London,30min,0.25,1.5x_ATR,1.5,No_Cap,1528,-5726.832697404431,20137.778384835634,25864.61108224013,0.7785842331363407,38.7434554973822,6303.284231130595,-0.9085474313724914,-1.8631212017197003,6.854057591623037
London,30min,0.25,1.5x_ATR,2.0,1.5,31,191.78417271206854,701.2708705357227,509.48669782365414,1.3764262610413625,41.935483870967744,166.80080043247472,1.1497796905939173,0.32588378037811727,8.483870967741936
London,30min,0.25,1.5x_ATR,2.0,2.5,683,-2086.138108607438,10893.287573242285,12979.425681849749,0.8392734655798607,31.625183016105417,2860.8641549243266,-0.7291985902289789,-0.836273757790936,9.405563689604685
London,30min,0.25,1.5x_ATR,2.0,No_Cap,1528,-4434.602167619328,23683.945225307107,28118.54739292652,0.8422890732707273,32.72251308900523,5436.456234304486,-0.8157156015782162,-1.2388153608376369,9.520942408376964
London,30min,0.25,1.5x_ATR,3.0,1.5,31,-238.07788783480873,490.17068394252874,728.2485717773375,0.673081558877947,22.580645161290324,381.4650669642724,-0.6241145217554268,-0.3957208443970379,17.903225806451612
London,30min,0.25,1.5x_ATR,3.0,2.5,683,-2336.587501743604,12317.177354213245,14653.764855956859,0.8405469498991056,23.718887262079065,2973.6767089841287,-0.7857570712661068,-0.7787146101861574,13.626647144948755
London,30min,0.25,1.5x_ATR,3.0,No_Cap,1528,-2998.0472534173123,28277.27044328977,31275.317696707163,0.9041401503098706,25.06544502617801,5002.979598562489,-0.5992523443986748,-0.6751816835549371,13.905759162303665
London,30min,0.25,1.5x_ATR,4.0,1.5,31,-498.4852539062399,325.2695033482155,823.7547572544554,0.39486206359806275,12.903225806451612,576.1363106863791,-0.8652210330440209,-0.944441503049599,21.387096774193548
London,30min,0.25,1.5x_ATR,4.0,2.5,683,-3022.0053745812174,12718.007003348283,15740.012377929514,0.8080048921169429,18.448023426061493,3266.298168945078,-0.9252080545840797,-0.8832603652392187,17.351390922401173
London,30min,0.25,1.5x_ATR,4.0,No_Cap,1528,-4306.332950264385,29413.80976562514,33720.1427158896,0.8722919714027418,19.76439790575916,5157.92049734878,-0.8348971164789919,-0.8525015750679407,17.859293193717278
London,30min,0.25,2.0x_ATR,1.5,1.5,31,172.30619768417,771.0214250837134,598.7152273995434,1.2877932442649969,51.61290322580645,170.07947823659742,1.0130922288253672,0.26158577141749456,13.032258064516128
London,30min,0.25,2.0x_ATR,1.5,2.5,683,-1257.6131975443445,13538.647656250116,14796.260853794483,0.9150046616526192,39.09224011713031,2572.5269077843486,-0.48886299060230026,-0.4318509255592018,13.695461200585651
London,30min,0.25,2.0x_ATR,1.5,No_Cap,1528,-3897.1559221533844,28670.219280134144,32567.375202287592,0.8803355843709595,39.52879581151832,5058.108789061747,-0.770476888630995,-0.9371534520953829,13.575916230366493
London,30min,0.25,2.0x_ATR,2.0,1.5,31,-417.9722098214165,490.3826450892893,908.3548549107059,0.5398580108183553,29.032258064516128,513.1458007812325,-0.8145291439296197,-0.6450253997394281,23.93548387096774
London,30min,0.25,2.0x_ATR,2.0,2.5,683,-1673.0149832586426,14996.500041852769,16669.51502511144,0.8996362533200041,32.064421669106885,3768.0671037943885,-0.44399819248811706,-0.49307289374739166,18.11566617862372
London,30min,0.25,2.0x_ATR,2.0,No_Cap,1528,-3127.04326869351,32877.04702148463,36004.09029017812,0.9131475550835804,32.98429319371728,5736.936049106573,-0.545072010900399,-0.6430960696058852,17.67866492146597
London,30min,0.25,2.0x_ATR,3.0,1.5,31,-672.1400390624876,376.94210379464494,1049.0821428571326,0.3593065675182102,16.129032258064516,742.7410993303438,-0.9049452624454064,-1.080201543360389,29.806451612903224
London,30min,0.25,2.0x_ATR,3.0,2.5,683,-2085.34408482112,16674.841761997843,18760.185846818997,0.888842034836518,23.42606149341142,3840.939320591271,-0.5429255478319047,-0.5006667319031188,24.51537335285505
London,30min,0.25,2.0x_ATR,3.0,No_Cap,1528,-2983.746498325191,37490.12233537967,40473.86883370482,0.9262796815746849,25.0,5523.02660435221,-0.5402375748061695,-0.4997966063068608,24.329842931937176
London,30min,0.25,2.0x_ATR,4.0,1.5,31,-751.3235630580198,345.9580915178617,1097.2816545758815,0.31528649920933977,9.67741935483871,856.9249720982043,-0.8767670303951854,-1.1455385597098984,32.774193548387096
London,30min,0.25,2.0x_ATR,4.0,2.5,683,-2350.4260463166634,17557.907540457647,19908.333586774344,0.8819375797541312,18.301610541727673,4015.3706194194037,-0.5853571859467657,-0.4826262037731357,29.20790629575403
London,30min,0.25,2.0x_ATR,4.0,No_Cap,1528,-4687.33397042346,38592.25982142867,43279.59379185211,0.8916964426014118,19.76439790575916,6648.148409597584,-0.705058563923844,-0.6897957678261553,29.44764397905759
London,30min,0.5,Opposite_Bound,1.5,1.5,31,-232.10402832030013,733.7453857421951,965.8494140624953,0.7596892176555363,45.16129032258065,499.3303222655959,-0.464830630087077,-0.28632974564298075,25.419354838709676
London,30min,0.5,Opposite_Bound,1.5,2.5,682,-3070.5513183590983,19957.374169922055,23027.925488280867,0.8666596641577008,37.24340175953079,4408.177929686999,-0.6965579355770518,-0.6817266562057267,31.331378299120235
London,30min,0.5,Opposite_Bound,1.5,No_Cap,1514,-4217.48874511653,52012.43957519598,56229.92832031145,0.9249956585203041,39.63011889035667,7010.942016600933,-0.6015580695333244,-0.5546374743523079,41.79392338177015
London,30min,0.5,Opposite_Bound,2.0,1.5,31,-723.9527832031126,510.79570312500437,1234.748486328117,0.41368400834732233,25.806451612903224,892.5550292968383,-0.8111015673436385,-0.9347536758705965,32.32258064516129
London,30min,0.5,Opposite_Bound,2.0,2.5,682,-5266.552294921598,20486.269580078275,25752.821874999558,0.7954961083300168,29.032258064516128,6289.764257812039,-0.8373210948852993,-1.044594962949499,38.13782991202346
London,30min,0.5,Opposite_Bound,2.0,No_Cap,1514,-7764.108007811842,53951.41850585994,61715.5265136707,0.8741952236915467,32.89299867899604,8222.257519530487,-0.9442793526436756,-0.9232481293853717,49.38309114927345
London,30min,0.5,Opposite_Bound,3.0,1.5,31,-908.2520996093626,428.04492187500273,1336.2970214843654,0.3203216912056934,16.129032258064516,1081.1524414062133,-0.8400777400345452,-1.166433430335695,41.64516129032258
London,30min,0.5,Opposite_Bound,3.0,2.5,682,-3115.4329101559733,23916.231884765773,27031.664794921402,0.8847487591389139,24.486803519061585,5044.146142577626,-0.6176333559923277,-0.5078506670540888,46.854838709677416
London,30min,0.5,Opposite_Bound,3.0,No_Cap,1514,-4560.019873046217,60394.14545898487,64954.165332029996,0.9297963440876285,28.20343461030383,6762.772167967691,-0.6742826402824935,-0.4554574916506867,59.62747688243065
London,30min,0.5,Opposite_Bound,4.0,1.5,31,-898.8001953124876,466.1461425781272,1364.9463378906148,0.3415124313960272,12.903225806451612,1120.7508300780883,-0.8019625515243775,-1.0478361930204156,42.935483870967744
London,30min,0.5,Opposite_Bound,4.0,2.5,682,-2598.0073730465983,25115.65371093763,27713.661083983876,0.9062553530847762,21.8475073313783,4913.981494140162,-0.5286970201545687,-0.3752590709494451,52.60703812316716
London,30min,0.5,Opposite_Bound,4.0,No_Cap,1514,-3322.473486327467,62733.339843750466,66055.81333007684,0.9497020274396717,26.42007926023778,6292.0012207023165,-0.5280471776444777,-0.3055796022075243,65.00726552179657
London,30min,0.5,Range_Midpoint,1.5,1.5,31,-138.27956542967513,534.4717041015656,672.7512695312407,0.7944566265537849,45.16129032258065,364.37901611324196,-0.37949376697010595,-0.23625225835582478,14.870967741935484
London,30min,0.5,Range_Midpoint,1.5,2.5,682,-2025.933093261442,13840.480456543128,15866.41354980439,0.8723131042247263,37.82991202346041,2871.4014648429293,-0.7055554989668658,-0.6343653762141844,15.863636363636363
London,30min,0.5,Range_Midpoint,1.5,No_Cap,1514,-4569.857824706369,34037.24732666077,38607.10515136618,0.8816316891207343,38.77146631439894,5176.4571044913355,-0.8828157429801451,-0.8984414567234199,20.432628797886395
London,30min,0.5,Range_Midpoint,2.0,1.5,31,-52.00332031248763,659.2971679687525,711.3004882812402,0.9268898009079869,41.935483870967744,362.95527343746653,-0.14327748931700607,-0.07890479337495304,16.483870967741936
London,30min,0.5,Range_Midpoint,2.0,2.5,682,-1802.0906249997233,15708.432861328261,17510.523486327773,0.8970852798086485,31.524926686217007,3234.570874022851,-0.557134375837143,-0.4834873100993295,19.846041055718477
London,30min,0.5,Range_Midpoint,2.0,No_Cap,1514,-3957.7310546868375,38400.328515625515,42358.05957031136,0.9065648640463265,32.628797886393656,6829.094116210155,-0.5795396852552389,-0.674611432143672,25.516512549537648
London,30min,0.5,Range_Midpoint,3.0,1.5,31,-646.4015136718626,325.74816894531523,972.1496826171779,0.33508026055036155,16.129032258064516,798.0036376952758,-0.8100232669850264,-1.139076832325607,23.741935483870968
London,30min,0.5,Range_Midpoint,3.0,2.5,682,-3393.293627929411,16445.977685546986,19839.27131347615,0.828960773089271,22.580645161290324,4109.597265624497,-0.8256997969882005,-0.7729718717261177,26.520527859237536
London,30min,0.5,Range_Midpoint,3.0,No_Cap,1514,-5858.3615478509,41423.69377441448,47282.05532226436,0.8760975700417306,24.966974900924704,7001.761645506907,-0.8366982260257692,-0.8430932447405336,33.111624834874505
London,30min,0.5,Range_Midpoint,4.0,1.5,31,-641.6548095703001,355.3954101562522,997.0502197265523,0.3564468500430417,12.903225806451612,736.8549560546508,-0.8708020544584762,-1.039678204467555,27.032258064516128
London,30min,0.5,Range_Midpoint,4.0,2.5,682,-2736.9832031247233,17909.385302734474,20646.368505858925,0.8674351277636179,18.7683284457478,3787.8377685541,-0.7225713904240121,-0.5357688114747142,31.00733137829912
London,30min,0.5,Range_Midpoint,4.0,No_Cap,1514,-4845.8243164055875,44376.62792968786,49222.452246092405,0.9015525619857909,21.136063408190225,6712.292041014601,-0.721932878783551,-0.6046081091364174,38.55944517833554
London,30min,0.5,1.5x_ATR,1.5,1.5,31,-53.70238647459928,480.5079720633398,534.2103585379391,0.8994733336478623,45.16129032258065,220.558333042678,-0.2434838245907847,-0.11016036746167969,7.225806451612903
London,30min,0.5,1.5x_ATR,1.5,2.5,682,-2669.291748918538,9290.317287772128,11959.609036690668,0.7768077751764737,37.096774193548384,3676.120288957515,-0.7261165411090243,-1.2367090228378501,7.077712609970675
London,30min,0.5,1.5x_ATR,1.5,No_Cap,1514,-5339.017741175371,20125.918168422395,25464.93590959784,0.7903384575508338,38.44121532364597,6060.102876498916,-0.8810110735710588,-1.7392813771382676,7.1089828269484805
London,30min,0.5,1.5x_ATR,2.0,1.5,31,-60.93093261717513,543.2009381975467,604.1318708147219,0.8991429925141927,35.483870967741936,277.55676792688064,-0.2195260201085305,-0.10960313263623374,10.451612903225806
London,30min,0.5,1.5x_ATR,2.0,2.5,682,-2309.8252615789534,10791.989488002317,13101.814749581286,0.8237018836148032,30.35190615835777,3892.528086634691,-0.5933997674955576,-0.9046970956473108,9.624633431085044
London,30min,0.5,1.5x_ATR,2.0,No_Cap,1514,-4184.085817172866,23590.39709472677,27774.482911899697,0.849355041804206,32.03434610303831,5720.765910992501,-0.7313856015560974,-1.1579430934516999,9.711360634081903
London,30min,0.5,1.5x_ATR,3.0,1.5,31,-535.0423915317992,278.3799612862754,813.4223528180746,0.34223298674032904,16.129032258064516,595.5507219586962,-0.8983993668450403,-1.1324607268941163,16.032258064516128
London,30min,0.5,1.5x_ATR,3.0,2.5,682,-3824.6285975862265,11274.168973214331,15098.797570800563,0.7466931668133197,21.407624633431084,4672.088124302097,-0.8186122555549054,-1.264194732796332,14.14516129032258
London,30min,0.5,1.5x_ATR,3.0,No_Cap,1514,-5635.01342075828,26050.722244698794,31685.735665457087,0.8221592996844499,23.051519154557464,6452.066768972553,-0.8733656396515587,-1.2828231820642233,14.334874504623514
London,30min,0.5,1.5x_ATR,4.0,1.5,31,-509.2416538783391,321.7125488281272,830.9542027064663,0.38716038474839004,12.903225806451612,596.0002458844756,-0.8544319526623935,-0.9594841109335722,18.70967741935484
London,30min,0.5,1.5x_ATR,4.0,2.5,682,-3143.217551966793,12625.458621651856,15768.676173618658,0.8006669984620857,17.88856304985337,3994.8399780269738,-0.7868193893261297,-0.884327093695514,17.705278592375368
London,30min,0.5,1.5x_ATR,4.0,No_Cap,1514,-5843.392719377098,27803.132714843916,33646.525434221025,0.8263299807642562,18.758256274768826,6456.727627998811,-0.9050083968290592,-1.1652742518781705,18.091809775429326
London,30min,0.5,2.0x_ATR,1.5,1.5,31,-148.74997209820094,592.7358886718775,741.4858607700785,0.7993893343512781,41.935483870967744,401.50317034038017,-0.3704826837907556,-0.2314288959728045,15.032258064516128
London,30min,0.5,2.0x_ATR,1.5,2.5,682,-1920.839491489669,13193.1438999722,15113.9833914619,0.8729097788624798,37.82991202346041,3359.0052769249423,-0.5718477147639773,-0.6608588302547009,14.30791788856305
London,30min,0.5,2.0x_ATR,1.5,No_Cap,1514,-3433.902057756033,28613.033893694446,32046.93595145052,0.8928477261302528,39.365918097754296,5126.680974469281,-0.6698099754708287,-0.8323269077846231,14.071994715984149
London,30min,0.5,2.0x_ATR,2.0,1.5,31,-409.88696986605646,501.3818777901838,911.2688476562403,0.5502019289693979,29.032258064516128,573.5168945312362,-0.714690314748404,-0.6197790316514636,20.35483870967742
London,30min,0.5,2.0x_ATR,2.0,2.5,682,-2821.285484095713,14264.851527622837,17086.13701171858,0.8348786807596852,30.791788856304986,4149.294552176054,-0.6799434093239101,-0.84331956230316,18.636363636363637
London,30min,0.5,2.0x_ATR,2.0,No_Cap,1514,-4361.621435546214,31679.63633510067,36041.25777064686,0.8789825409728506,32.03434610303831,6476.04730747707,-0.6735005518737338,-0.9119203423420484,18.31241743725231
London,30min,0.5,2.0x_ATR,3.0,1.5,31,-694.0999651227526,366.7823660714316,1060.8823311941842,0.3457333158320795,16.129032258064516,841.0708286830213,-0.825257447353868,-1.1115885279403241,25.838709677419356
London,30min,0.5,2.0x_ATR,3.0,2.5,682,-2745.6449637273795,16185.383154296953,18931.028118024362,0.8549658821163938,22.873900293255133,3956.27659737702,-0.6939972209091043,-0.6641656212243124,24.819648093841643
London,30min,0.5,2.0x_ATR,3.0,No_Cap,1514,-4931.293066405534,35542.745033482344,40474.03809988785,0.8781615747300694,24.240422721268164,5945.987841796235,-0.8293479902097866,-0.8508776608234249,24.710700132100396
London,30min,0.5,2.0x_ATR,4.0,1.5,31,-685.3824009486448,402.34190848214666,1087.7243094307914,0.36989327625921414,12.903225806451612,883.4102190290014,-0.7758370756702152,-0.9989079199299806,27.967741935483872
London,30min,0.5,2.0x_ATR,4.0,2.5,682,-3123.584068080074,16951.16813616077,20074.752204240882,0.8444023599245105,17.741935483870968,4562.978773716214,-0.6845493312554118,-0.6478764300537435,29.412023460410555
London,30min,0.5,2.0x_ATR,4.0,No_Cap,1514,-5708.929261997122,37160.21191406263,42869.1411760597,0.8668289332284262,19.484808454425362,7134.508161271727,-0.8001853993225378,-0.8556149482001122,29.754293262879788
London,60min,0.0,Opposite_Bound,1.5,1.5,0,0.0,0.0,0.0,0.0,0.0,0.0,0.0,0.0,0.0
London,60min,0.0,Opposite_Bound,1.5,2.5,145,-799.8228759764879,3516.1803466797164,4316.003222656204,0.8146843654383901,36.55172413793103,1230.5483398435954,-0.6499727398585143,-0.4450406324162852,29.075862068965517
London,60min,0.0,Opposite_Bound,1.5,No_Cap,1489,-4864.831274413423,56433.080981446015,61297.91225585839,0.9206362648354727,40.496977837474816,4978.105078123647,-0.9772455980875117,-0.5717671817530763,48.384822028206855
London,60min,0.0,Opposite_Bound,2.0,1.5,0,0.0,0.0,0.0,0.0,0.0,0.0,0.0,0.0,0.0
London,60min,0.0,Opposite_Bound,2.0,2.5,145,-1555.5510253905504,3339.7541992187735,4895.305224609324,0.6822361519828024,29.655172413793103,1927.502685546684,-0.8070292389498593,-0.9021570450658634,35.62068965517241
London,60min,0.0,Opposite_Bound,2.0,No_Cap,1489,-5222.954443358735,60266.160888672486,65489.11533203015,0.9202469842984249,35.258562793821355,6385.58559570177,-0.8179288124920573,-0.5490973158037729,56.616521155137676
London,60min,0.0,Opposite_Bound,3.0,1.5,0,0.0,0.0,0.0,0.0,0.0,0.0,0.0,0.0,0.0
London,60min,0.0,Opposite_Bound,3.0,2.5,145,-1673.9531249999254,3575.5033691406425,5249.456494140568,0.6811187735590555,22.06896551724138,1983.1521972654282,-0.8440870687121957,-0.8454980478587643,43.95862068965517
London,60min,0.0,Opposite_Bound,3.0,No_Cap,1489,-1684.7684082024898,66833.84804687553,68518.61645507695,0.9754115232419206,30.826057756883813,6100.998632811807,-0.2761463343298636,-0.15178469162794112,65.63263935527199
London,60min,0.0,Opposite_Bound,4.0,1.5,0,0.0,0.0,0.0,0.0,0.0,0.0,0.0,0.0,0.0
London,60min,0.0,Opposite_Bound,4.0,2.5,145,-1248.4550781249254,4071.050927734391,5319.506005859316,0.7653062000964412,20.0,1667.5552734373032,-0.7486738808672329,-0.5452515956764121,48.213793103448275
London,60min,0.0,Opposite_Bound,4.0,No_Cap,1489,-1170.0589355462398,68164.706054688,69334.76499023319,0.983124498428602,29.550033579583612,6361.654150389839,-0.18392369466902553,-0.09783823396229588,71.43116185359303
London,60min,0.0,Range_Midpoint,1.5,1.5,0,0.0,0.0,0.0,0.0,0.0,0.0,0.0,0.0,0.0
London,60min,0.0,Range_Midpoint,1.5,2.5,145,-271.05853271476917,2342.1986450195573,2613.2571777343264,0.8962756000349821,38.62068965517241,821.272729492106,-0.33004691740148,-0.2161512554759783,13.593103448275862
London,60min,0.0,Range_Midpoint,1.5,No_Cap,1489,-2882.648046874351,34789.616284180316,37672.26433105374,0.9234808924268134,39.758226997985226,4238.246777342512,-0.6801510620582231,-0.5506405606670648,20.970449966420418
London,60min,0.0,Range_Midpoint,2.0,1.5,0,0.0,0.0,0.0,0.0,0.0,0.0,0.0,0.0,0.0
London,60min,0.0,Range_Midpoint,2.0,2.5,145,40.43896484382458,2851.0968261719017,2810.657861328077,1.0143877223194704,33.793103448275865,774.7486816405435,0.05219623576279521,0.026364843184919006,16.151724137931033
London,60min,0.0,Range_Midpoint,2.0,No_Cap,1489,-2450.257910155601,38931.10043945369,41381.35834960832,0.9407883644259872,33.64674278038952,4722.165991210005,-0.5188843244215878,-0.40296967161096725,26.088650100738754
London,60min,0.0,Range_Midpoint,3.0,1.5,0,0.0,0.0,0.0,0.0,0.0,0.0,0.0,0.0,0.0
London,60min,0.0,Range_Midpoint,3.0,2.5,145,-777.0054931639879,2542.7006103515805,3319.7061035155684,0.7659414812831957,22.75862068965517,916.748437499904,-0.8475667493723645,-0.5661460121630305,22.875862068965517
London,60min,0.0,Range_Midpoint,3.0,No_Cap,1489,-3609.685400389976,42421.167919922314,46030.85332031129,0.9215811756677518,25.990597716588315,4756.410937499053,-0.7589094903326349,-0.49325848657609084,34.01611820013432
London,60min,0.0,Range_Midpoint,4.0,1.5,0,0.0,0.0,0.0,0.0,0.0,0.0,0.0,0.0,0.0
London,60min,0.0,Range_Midpoint,4.0,2.5,145,-752.3027343749254,2708.1035644531403,3460.4062988280657,0.7825969931248514,19.310344827586206,834.9508300779326,-0.9010144157886604,-0.4953690820760596,26.193103448275863
London,60min,0.0,Range_Midpoint,4.0,No_Cap,1489,-2238.652075194668,45383.45131835975,47622.103393553414,0.9529913230271826,22.431161853593014,4810.539575194393,-0.46536402833858914,-0.269932868825589,38.983881799865685
London,60min,0.0,1.5x_ATR,1.5,1.5,0,0.0,0.0,0.0,0.0,0.0,0.0,0.0,0.0,0.0
London,60min,0.0,1.5x_ATR,1.5,2.5,145,-421.21033586767453,1840.6966761998024,2261.907012067477,0.8137808788688131,39.310344827586206,695.4910879952258,-0.6056300981250905,-0.48263673067600454,8.275862068965518
London,60min,0.0,1.5x_ATR,1.5,No_Cap,1489,-3677.411949810985,21096.051209368292,24773.463159179308,0.8515584225676407,39.48959032907992,4811.393572997376,-0.7643132689143222,-1.171905964604859,7.842847548690397
London,60min,0.0,1.5x_ATR,2.0,1.5,0,0.0,0.0,0.0,0.0,0.0,0.0,0.0,0.0,0.0
London,60min,0.0,1.5x_ATR,2.0,2.5,145,-425.4417724608629,2086.830904715432,2512.272677176295,0.8306546194901724,33.793103448275865,743.698367745501,-0.572062264639059,-0.4256195517167681,10.882758620689655
London,60min,0.0,1.5x_ATR,2.0,No_Cap,1489,-2976.965761020547,24364.537698800432,27341.50345982101,0.8911191637506218,33.10946944257891,4596.874944195756,-0.6476064276622127,-0.8060149392337937,10.546675621222297
London,60min,0.0,1.5x_ATR,3.0,1.5,0,0.0,0.0,0.0,0.0,0.0,0.0,0.0,0.0,0.0
London,60min,0.0,1.5x_ATR,3.0,2.5,145,-297.19326346253865,2496.958649553592,2794.1519130161305,0.8936373995708289,26.20689655172414,575.9470458983978,-0.5160079656263507,-0.2386663954773835,15.717241379310344
London,60min,0.0,1.5x_ATR,3.0,No_Cap,1489,-3053.0725899825966,27866.20336390919,30919.27595389181,0.9012566596146852,24.311618535930155,6102.16819370754,-0.5003258666535736,-0.6594888721854688,15.90933512424446
London,60min,0.0,1.5x_ATR,4.0,1.5,0,0.0,0.0,0.0,0.0,0.0,0.0,0.0,0.0,0.0
London,60min,0.0,1.5x_ATR,4.0,2.5,145,-342.399213518338,2654.3355538504647,2996.7347673688027,0.8857425697974026,20.689655172413794,506.4329520088795,-0.6760997920062961,-0.2397628233356156,19.2
London,60min,0.0,1.5x_ATR,4.0,No_Cap,1489,-3397.1508283336007,29688.700655692075,33085.85148402572,0.8973231554891724,19.408999328408328,6493.871377998857,-0.5231318316286798,-0.6323223910073434,19.30423102753526
London,60min,0.0,2.0x_ATR,1.5,1.5,0,0.0,0.0,0.0,0.0,0.0,0.0,0.0,0.0,0.0
London,60min,0.0,2.0x_ATR,1.5,2.5,145,-330.3072335378647,2555.8461635045023,2886.153397042367,0.8855545121488163,40.689655172413794,749.0618756974945,-0.4409612132913542,-0.28555391145814735,15.26206896551724
London,60min,0.0,2.0x_ATR,1.5,No_Cap,1489,-1862.212866210316,29500.705046735744,31362.917912946068,0.9406237368799911,40.76561450638012,3574.5139439168597,-0.5209695347193838,-0.44422158343047524,14.762928139691068
London,60min,0.0,2.0x_ATR,2.0,1.5,0,0.0,0.0,0.0,0.0,0.0,0.0,0.0,0.0,0.0
London,60min,0.0,2.0x_ATR,2.0,2.5,145,-226.70807756689783,2957.117396763415,3183.8254743303128,0.9287938112830811,34.48275862068966,513.6592982700313,-0.4413588507604843,-0.16828111309886618,20.413793103448274
London,60min,0.0,2.0x_ATR,2.0,No_Cap,1489,-1373.0874999993512,33510.930664062726,34884.018164062094,0.9606384937210606,33.91537944929483,4097.51505301285,-0.3351024907131793,-0.2791559847688569,19.57555406312962
London,60min,0.0,2.0x_ATR,3.0,1.5,0,0.0,0.0,0.0,0.0,0.0,0.0,0.0,0.0,0.0
London,60min,0.0,2.0x_ATR,3.0,2.5,145,-390.0765206472511,3256.936265346003,3647.012785993254,0.8930421845118334,25.517241379310345,613.548214285649,-0.6357715849624225,-0.24065182248615802,26.179310344827584
London,60min,0.0,2.0x_ATR,3.0,No_Cap,1489,-2101.6101004457573,37556.15492466536,39657.76502511108,0.9470063403947501,25.52048354600403,4697.3540736601635,-0.44740295653467516,-0.34658143473155095,25.949630624580255
London,60min,0.0,2.0x_ATR,4.0,1.5,0,0.0,0.0,0.0,0.0,0.0,0.0,0.0,0.0,0.0
London,60min,0.0,2.0x_ATR,4.0,2.5,145,-537.321044921805,3364.162325613854,3901.483370535659,0.8622777559479812,20.0,1009.6742745535157,-0.5321726604943081,-0.2872061422457293,30.689655172413794
London,60min,0.0,2.0x_ATR,4.0,No_Cap,1489,-3725.8776785708014,38593.37860630592,42319.256284876676,0.9119578649140334,20.013431833445264,6658.813832309686,-0.5595407489081937,-0.5271779636523763,30.98321020819342
London,60min,0.1,Opposite_Bound,1.5,1.5,0,0.0,0.0,0.0,0.0,0.0,0.0,0.0,0.0,0.0
London,60min,0.1,Opposite_Bound,1.5,2.5,145,-1008.6741943358629,3522.9259521484664,4531.600146484329,0.7774132399747571,36.55172413793103,1306.8995605466898,-0.7718069733789825,-0.5528943047874464,30.751724137931035
London,60min,0.1,Opposite_Bound,1.5,No_Cap,1480,-4829.209106444678,56885.041577149124,61714.25068359276,0.9217488820985147,40.33783783783784,5104.849633788667,-0.9460041828618139,-0.5610427172867937,49.55067567567568
London,60min,0.1,Opposite_Bound,2.0,1.5,0,0.0,0.0,0.0,0.0,0.0,0.0,0.0,0.0,0.0
London,60min,0.1,Opposite_Bound,2.0,2.5,145,-1886.7973632811754,3274.952636718772,5161.749999999947,0.6344655662747721,27.586206896551722,2173.1979492185546,-0.8682123798062832,-1.074382685161927,38.30344827586207
London,60min,0.1,Opposite_Bound,2.0,No_Cap,1480,-4514.802978514986,61034.24687500061,65549.04985351453,0.9311232887646219,35.33783783783784,6834.523046874383,-0.6605878636373507,-0.46937316225083753,57.9277027027027
London,60min,0.1,Opposite_Bound,3.0,1.5,0,0.0,0.0,0.0,0.0,0.0,0.0,0.0,0.0,0.0
London,60min,0.1,Opposite_Bound,3.0,2.5,145,-1613.0510253905504,3783.150439453143,5396.201464843693,0.7010765747165679,22.75862068965517,1922.2500976560532,-0.8391473239395161,-0.7829513667380701,45.39310344827586
London,60min,0.1,Opposite_Bound,3.0,No_Cap,1480,-933.6018066399902,67526.94614257866,68460.54794921758,0.986362922374921,31.14864864864865,7192.781982421119,-0.12979703943782486,-0.08294857348876743,66.88648648648649
London,60min,0.1,Opposite_Bound,4.0,1.5,0,0.0,0.0,0.0,0.0,0.0,0.0,0.0,0.0,0.0
London,60min,0.1,Opposite_Bound,4.0,2.5,145,-1294.9992675780504,4171.251708984391,5466.250976562442,0.7630918753766341,20.689655172413794,1714.0994628904282,-0.755498321780194,-0.5534671512703511,51.15172413793103
London,60min,0.1,Opposite_Bound,4.0,No_Cap,1480,37.30395507875983,69358.89912109425,69321.59516601443,1.0005381289191408,29.864864864864863,6840.686376952419,0.005453247382374376,0.0030469469779918503,72.45945945945947
London,60min,0.1,Range_Midpoint,1.5,1.5,0,0.0,0.0,0.0,0.0,0.0,0.0,0.0,0.0,0.0
London,60min,0.1,Range_Midpoint,1.5,2.5,145,-38.77825927726917,2604.323205566434,2643.101464843703,0.985328501461989,40.689655172413794,551.6744873046337,-0.07029192063372669,-0.029864266504537485,14.2
London,60min,0.1,Range_Midpoint,1.5,No_Cap,1480,-2340.370605468106,35964.08037109439,38304.450976561566,0.9389008184218788,40.067567567567565,4046.931518553746,-0.5783074397820513,-0.43657765794112946,22.010810810810813
London,60min,0.1,Range_Midpoint,2.0,1.5,0,0.0,0.0,0.0,0.0,0.0,0.0,0.0,0.0,0.0
London,60min,0.1,Range_Midpoint,2.0,2.5,145,285.6434326172621,3155.095800781278,2869.4523681640158,1.0995463231194973,35.172413793103445,596.1498535155552,0.47914703145994963,0.1795642488004204,17.09655172413793
London,60min,0.1,Range_Midpoint,2.0,No_Cap,1480,-2213.802001952481,40133.289208984934,42347.09121093645,0.9477224541604458,33.71621621621622,4684.948486327166,-0.4725349720308288,-0.3554554593929885,27.169594594594596
London,60min,0.1,Range_Midpoint,3.0,1.5,0,0.0,0.0,0.0,0.0,0.0,0.0,0.0,0.0,0.0
London,60min,0.1,Range_Midpoint,3.0,2.5,145,-868.1029052733629,2642.5480468750175,3510.6509521483804,0.7527230940626216,22.06896551724138,942.0466308591858,-0.9215073615640628,-0.6042461657591017,25.46206896551724
London,60min,0.1,Range_Midpoint,3.0,No_Cap,1480,-3936.6358642571686,43217.75078125042,47154.386645506595,0.9165160201562859,25.54054054054054,5672.78413085807,-0.6939512897808275,-0.5240327504354109,35.75337837837838
London,60min,0.1,Range_Midpoint,4.0,1.5,0,0.0,0.0,0.0,0.0,0.0,0.0,0.0,0.0,0.0
London,60min,0.1,Range_Midpoint,4.0,2.5,145,-826.6447753905504,2827.8051269531397,3654.44990234369,0.7737977541133065,18.620689655172413,899.3977783201553,-0.9191092031987349,-0.5165290093939452,28.551724137931036
London,60min,0.1,Range_Midpoint,4.0,No_Cap,1480,-2507.969482421231,46165.36850585975,48673.33798827997,0.9484734438590565,22.364864864864863,5221.376977538154,-0.4803272188946071,-0.29580466553971235,40.72770270270271
London,60min,0.1,1.5x_ATR,1.5,1.5,0,0.0,0.0,0.0,0.0,0.0,0.0,0.0,0.0,0.0
London,60min,0.1,1.5x_ATR,1.5,2.5,145,-321.169028145855,1898.2829947335608,2219.452022879416,0.8552935477608635,40.0,523.9646676199282,-0.6129593233924383,-0.36446490453852237,8.10344827586207
London,60min,0.1,1.5x_ATR,1.5,No_Cap,1480,-3976.381631033114,20766.71387852284,24743.095509555984,0.8392932836759478,39.12162162162162,4960.582968574896,-0.801595630236071,-1.2726679397342266,7.702027027027027
London,60min,0.1,1.5x_ATR,2.0,1.5,0,0.0,0.0,0.0,0.0,0.0,0.0,0.0,0.0,0.0
London,60min,0.1,1.5x_ATR,2.0,2.5,145,-305.17169189444985,2164.645996093784,2469.817687988234,0.8764395876753864,34.48275862068966,574.3101946149109,-0.5313708423704284,-0.30011211606426075,10.786206896551723
London,60min,0.1,1.5x_ATR,2.0,No_Cap,1480,-3001.649074008803,24169.064910016972,27170.713984025795,0.8895263085182983,32.9054054054054,4684.877947125386,-0.6407101973383528,-0.8143316733369859,10.381756756756758
London,60min,0.1,1.5x_ATR,3.0,1.5,0,0.0,0.0,0.0,0.0,0.0,0.0,0.0,0.0,0.0
London,60min,0.1,1.5x_ATR,3.0,2.5,145,-640.7229265484648,2246.338319614981,2887.061246163446,0.7780708921918758,24.82758620689655,798.769187709202,-0.8021377594521395,-0.5432920546778562,16.09655172413793
London,60min,0.1,1.5x_ATR,3.0,No_Cap,1480,-4129.906258718623,26926.79715576186,31056.703414480507,0.8670204559833277,23.716216216216218,6300.940053012701,-0.6554428742333406,-0.9058701187909357,15.680405405405406
London,60min,0.1,1.5x_ATR,4.0,1.5,0,0.0,0.0,0.0,0.0,0.0,0.0,0.0,0.0,0.0
London,60min,0.1,1.5x_ATR,4.0,2.5,145,-410.62496512269263,2600.636997767872,3011.2619628905645,0.8636369169527428,20.689655172413794,578.1840070451453,-0.7101977227305606,-0.28981262394285445,19.52413793103448
London,60min,0.1,1.5x_ATR,4.0,No_Cap,1480,-3821.5123116622763,29183.696316964393,33005.20862862667,0.8842148718203303,18.986486486486488,6852.9815325049785,-0.5576422894963492,-0.7118680554262762,19.18581081081081
London,60min,0.1,2.0x_ATR,1.5,1.5,0,0.0,0.0,0.0,0.0,0.0,0.0,0.0,0.0,0.0
London,60min,0.1,2.0x_ATR,1.5,2.5,145,-246.09659249433662,2601.0545933315143,2847.151185825851,0.9135639183056051,42.06896551724138,660.5302071707047,-0.37257431957345205,-0.21226694173617064,15.220689655172414
London,60min,0.1,2.0x_ATR,1.5,No_Cap,1480,-1822.0673828118606,29308.73164062526,31130.799023437125,0.9414705873292843,40.67567567567568,3921.269789340993,-0.4646625916341442,-0.43567625836374496,14.75810810810811
London,60min,0.1,2.0x_ATR,2.0,1.5,0,0.0,0.0,0.0,0.0,0.0,0.0,0.0,0.0,0.0
London,60min,0.1,2.0x_ATR,2.0,2.5,145,-192.645228794579,2977.706012834842,3170.351241629421,0.9392353672788736,35.172413793103445,481.46918247762915,-0.40011954203014855,-0.1427503432082174,20.93793103448276
London,60min,0.1,2.0x_ATR,2.0,No_Cap,1480,-1481.8084193632194,33256.02979910737,34737.83821847056,0.9573431020651337,33.648648648648646,4499.005559430288,-0.3293635448520899,-0.3010368474129283,19.466216216216218
London,60min,0.1,2.0x_ATR,3.0,1.5,0,0.0,0.0,0.0,0.0,0.0,0.0,0.0,0.0,0.0
London,60min,0.1,2.0x_ATR,3.0,2.5,145,-463.1446707588634,3203.23770926341,3666.3823800222735,0.873678022979139,25.517241379310345,690.1448939731526,-0.6710832389015403,-0.2873527492904731,26.834482758620688
London,60min,0.1,2.0x_ATR,3.0,No_Cap,1480,-2203.8654785149793,37254.59384068097,39458.45931919591,0.9441471989393466,25.135135135135137,5213.686300222702,-0.4227077257066351,-0.36236470091269624,25.90472972972973
London,60min,0.1,2.0x_ATR,4.0,1.5,0,0.0,0.0,0.0,0.0,0.0,0.0,0.0,0.0,0.0
London,60min,0.1,2.0x_ATR,4.0,2.5,145,-628.2887137276066,3292.564250837072,3920.8529645646786,0.839757134632218,20.0,1096.2557826450302,-0.5731223713244008,-0.3386546079540331,30.924137931034483
London,60min,0.1,2.0x_ATR,4.0,No_Cap,1480,-4201.50899832529,37968.46837332602,42169.977371651206,0.9003672930318039,19.527027027027028,7798.089006695879,-0.5387870021382979,-0.5943125940997335,30.86418918918919
London,60min,0.25,Opposite_Bound,1.5,1.5,0,0.0,0.0,0.0,0.0,0.0,0.0,0.0,0.0,0.0
London,60min,0.25,Opposite_Bound,1.5,2.5,145,-1264.223510742113,3448.3776123047164,4712.601123046829,0.7317355155395039,36.55172413793103,1562.4488769529398,-0.8091295205815496,-0.6892675189372621,33.4
London,60min,0.25,Opposite_Bound,1.5,No_Cap,1470,-6740.914794921246,56635.591406250656,63376.506201170865,0.8936370084282799,39.183673469387756,6853.289550780185,-0.9836028005199129,-0.7687744807817967,51.599999999999994
London,60min,0.25,Opposite_Bound,2.0,1.5,0,0.0,0.0,0.0,0.0,0.0,0.0,0.0,0.0,0.0
London,60min,0.25,Opposite_Bound,2.0,2.5,145,-1916.9462890624254,3335.3548339843974,5252.301123046823,0.6350273443670308,28.275862068965516,2203.3468749998056,-0.8700156615433485,-1.0715662190034696,39.86896551724138
London,60min,0.25,Opposite_Bound,2.0,No_Cap,1470,-5170.292236327491,61687.81103515684,66858.10327148327,0.9226676800068347,34.69387755102041,7210.51733398303,-0.7170487215889494,-0.5240224612921442,59.391836734693875
London,60min,0.25,Opposite_Bound,3.0,1.5,0,0.0,0.0,0.0,0.0,0.0,0.0,0.0,0.0,0.0
London,60min,0.25,Opposite_Bound,3.0,2.5,145,-1768.2524414061754,3757.450976562518,5525.703417968693,0.6799950508280802,22.75862068965517,2077.451513671678,-0.8511642412683674,-0.8505902580857051,46.63448275862069
London,60min,0.25,Opposite_Bound,3.0,No_Cap,1470,-1906.1076660149956,67488.19316406302,69394.30083007697,0.972532216000254,31.156462585034014,6744.47866210872,-0.2826174952148243,-0.1687937901362132,68.18571428571428
London,60min,0.25,Opposite_Bound,4.0,1.5,0,0.0,0.0,0.0,0.0,0.0,0.0,0.0,0.0,0.0
London,60min,0.25,Opposite_Bound,4.0,2.5,145,-1337.4003906249254,4229.002539062517,5566.402929687442,0.7597370496677247,21.379310344827587,1756.5005859373032,-0.761400480781088,-0.5644230350251889,52.227586206896554
London,60min,0.25,Opposite_Bound,4.0,No_Cap,1470,-1348.6369628899956,68833.260742188,70181.89770507698,0.9807836919919676,29.931972789115648,7082.437695311322,-0.19041988378984442,-0.11056739919463447,73.65102040816326
London,60min,0.25,Range_Midpoint,1.5,1.5,0,0.0,0.0,0.0,0.0,0.0,0.0,0.0,0.0,0.0
London,60min,0.25,Range_Midpoint,1.5,2.5,145,-6.924926757737921,2740.477099609402,2747.40202636714,0.997479463620075,40.0,481.39799804682116,-0.01438503439115756,-0.005164384515450257,16.606896551724137
London,60min,0.25,Range_Midpoint,1.5,No_Cap,1470,-2645.464965819674,37353.93361816469,39999.39858398342,0.9338623814489543,39.38775510204081,4564.444482420804,-0.579580927319467,-0.4722106533969443,23.64625850340136
London,60min,0.25,Range_Midpoint,2.0,1.5,0,0.0,0.0,0.0,0.0,0.0,0.0,0.0,0.0,0.0
London,60min,0.25,Range_Midpoint,2.0,2.5,145,277.7448730469496,3250.198339843778,2972.4534667968283,1.093439603394785,35.172413793103445,576.6479003905552,0.4816541824895869,0.17079772161717569,20.248275862068965
London,60min,0.25,Range_Midpoint,2.0,No_Cap,1470,-2718.943969725924,41431.89545898493,44150.83942870988,0.9384169360105777,33.12925170068027,5031.440332030077,-0.5403907808301265,-0.41791603602113125,29.265306122448976
London,60min,0.25,Range_Midpoint,3.0,1.5,0,0.0,0.0,0.0,0.0,0.0,0.0,0.0,0.0,0.0
London,60min,0.25,Range_Midpoint,3.0,2.5,145,-1183.747436523363,2517.4040283203294,3701.1514648436923,0.6801677943290129,21.379310344827587,1206.8955566404238,-0.9808201132320868,-0.8329855385976651,27.724137931034484
London,60min,0.25,Range_Midpoint,3.0,No_Cap,1470,-5892.718383788424,43474.06835937539,49366.78674316282,0.8806339490061392,24.489795918367346,7827.52587890526,-0.752820044922364,-0.7526611721595698,37.62380952380952
London,60min,0.25,Range_Midpoint,4.0,1.5,0,0.0,0.0,0.0,0.0,0.0,0.0,0.0,0.0,0.0
London,60min,0.25,Range_Midpoint,4.0,2.5,145,-972.3436279296129,2824.6081054687647,3796.9517333983777,0.7439146725577841,18.620689655172413,1029.9405273435532,-0.9440774511878899,-0.5992578946363435,30.50344827586207
London,60min,0.25,Range_Midpoint,4.0,No_Cap,1470,-4107.765991210299,46524.122998047234,50631.88898925653,0.9188699834588255,21.904761904761905,6297.885742186591,-0.6522452390163727,-0.4702336879474652,42.61768707482993
London,60min,0.25,1.5x_ATR,1.5,1.5,0,0.0,0.0,0.0,0.0,0.0,0.0,0.0,0.0,0.0
London,60min,0.25,1.5x_ATR,1.5,2.5,145,-252.40684291286243,1936.4030029297146,2188.809845842577,0.8846830649120646,40.0,469.11393868577943,-0.5380501880203753,-0.28590776381157773,8.124137931034483
London,60min,0.25,1.5x_ATR,1.5,No_Cap,1470,-4455.098340715031,20341.702395194145,24796.800735909208,0.8203357607232185,38.70748299319728,5406.5422973625,-0.824019881040861,-1.4360676310094067,7.537414965986394
London,60min,0.25,1.5x_ATR,2.0,1.5,0,0.0,0.0,0.0,0.0,0.0,0.0,0.0,0.0,0.0
London,60min,0.25,1.5x_ATR,2.0,2.5,145,-319.39336286263824,2157.8789899553863,2477.2723528180245,0.8710705496312056,33.10344827586207,523.1776506695951,-0.6104873984082823,-0.31347214236953314,11.324137931034482
London,60min,0.25,1.5x_ATR,2.0,No_Cap,1470,-3663.9182913637096,23565.454987444435,27229.37327880816,0.8654424303546036,32.51700680272109,5080.733705356344,-0.7211396038137243,-1.0066201830208539,10.267346938775509
London,60min,0.25,1.5x_ATR,3.0,1.5,0,0.0,0.0,0.0,0.0,0.0,0.0,0.0,0.0,0.0
London,60min,0.25,1.5x_ATR,3.0,2.5,145,-684.3549979072782,2215.8926374163184,2900.2476353235966,0.7640356673091742,23.448275862068964,842.401259068005,-0.8123860102778312,-0.5796058239481352,16.282758620689656
London,60min,0.25,1.5x_ATR,3.0,No_Cap,1470,-5418.562238420087,25791.400463867336,31209.962702287427,0.8263835721270197,22.92517006802721,6321.843866837941,-0.8571173778656357,-1.2157952019435556,15.456462585034012
London,60min,0.25,1.5x_ATR,4.0,1.5,0,0.0,0.0,0.0,0.0,0.0,0.0,0.0,0.0,0.0
London,60min,0.25,1.5x_ATR,4.0,2.5,145,-435.70130266454044,2588.1684361049247,3023.869738769465,0.8559126747166547,19.310344827586206,603.8177699497155,-0.7215774764310507,-0.3060525700780373,19.013793103448275
London,60min,0.25,1.5x_ATR,4.0,No_Cap,1470,-5212.889195032805,27887.512527901912,33100.401722934716,0.8425128118182058,18.299319727891156,6795.382782853614,-0.7671222301392909,-0.9982702724040732,18.745578231292516
London,60min,0.25,2.0x_ATR,1.5,1.5,0,0.0,0.0,0.0,0.0,0.0,0.0,0.0,0.0,0.0
London,60min,0.25,2.0x_ATR,1.5,2.5,145,-192.19880022314328,2629.2101981027145,2821.4089983258577,0.9318784336701313,42.06896551724138,640.1172607421486,-0.3002556125424723,-0.16564206319713534,16.110344827586207
London,60min,0.25,2.0x_ATR,1.5,No_Cap,1470,-3059.495465959194,28393.438713727926,31452.93417968718,0.9027278202891759,39.863945578231295,4648.127249580845,-0.6582211074869111,-0.7381903981713275,14.616326530612245
London,60min,0.25,2.0x_ATR,2.0,1.5,0,0.0,0.0,0.0,0.0,0.0,0.0,0.0,0.0,0.0
London,60min,0.25,2.0x_ATR,2.0,2.5,145,-454.61317661824296,2792.295968191986,3246.909144810229,0.8599858646045319,34.48275862068966,718.495382254443,-0.6327294341012889,-0.3470688253745591,21.648275862068964
London,60min,0.25,2.0x_ATR,2.0,No_Cap,1470,-4225.072684151173,31246.4007812502,35471.473465401374,0.8808881540184035,32.244897959183675,5221.986404854159,-0.8090930072555736,-0.8770364143607313,19.29863945578231
London,60min,0.25,2.0x_ATR,3.0,1.5,0,0.0,0.0,0.0,0.0,0.0,0.0,0.0,0.0,0.0
London,60min,0.25,2.0x_ATR,3.0,2.5,145,-575.7473842075251,3112.563643973233,3688.311028180758,0.8438994488782282,24.82758620689655,801.2761369977125,-0.7185380390395537,-0.36007068713269713,26.593103448275862
London,60min,0.25,2.0x_ATR,3.0,No_Cap,1470,-4241.4417898988995,35567.680154855094,39809.12194475395,0.8934555302228214,24.01360544217687,5927.953299385592,-0.7154985162144425,-0.7101685839290283,25.17687074829932
London,60min,0.25,2.0x_ATR,4.0,1.5,0,0.0,0.0,0.0,0.0,0.0,0.0,0.0,0.0,0.0
London,60min,0.25,2.0x_ATR,4.0,2.5,145,-754.4070521762706,3188.3745605468926,3942.781612723163,0.8086612127484221,19.310344827586206,1223.488797432974,-0.616603154650134,-0.4090663515515847,30.544827586206896
London,60min,0.25,2.0x_ATR,4.0,No_Cap,1470,-6158.789725166831,36196.65869838182,42355.448423548514,0.854592739437447,18.639455782312925,8530.017236327427,-0.7220137491560895,-0.8898259177704991,30.014285714285712
London,60min,0.5,Opposite_Bound,1.5,1.5,0,0.0,0.0,0.0,0.0,0.0,0.0,0.0,0.0,0.0
London,60min,0.5,Opposite_Bound,1.5,2.5,144,-1331.5544189452385,3683.6034423828414,5015.15786132808,0.7344940167860189,36.80555555555556,1618.4064941404413,-0.8227564729666054,-0.6833739670791191,36.25
London,60min,0.5,Opposite_Bound,1.5,No_Cap,1431,-7348.527368163445,56917.88444824282,64266.41181640525,0.8856552410432447,38.644304682040534,8074.036938475634,-0.9101428968135036,-0.8207733261522518,53.82529699510831
London,60min,0.5,Opposite_Bound,2.0,1.5,0,0.0,0.0,0.0,0.0,0.0,0.0,0.0,0.0,0.0
London,60min,0.5,Opposite_Bound,2.0,2.5,144,-1835.601660156176,3691.006054687523,5526.607714843699,0.6678610542184846,29.166666666666668,2233.302294921681,-0.8219226140277387,-0.9420842195964666,42.3125
London,60min,0.5,Opposite_Bound,2.0,No_Cap,1431,-5362.650292968128,61666.71152343808,67029.36181640517,0.9199955042440132,34.661076170510135,8013.94843749887,-0.6691645616130013,-0.5335248149566859,62.160726764500346
London,60min,0.5,Opposite_Bound,3.0,1.5,0,0.0,0.0,0.0,0.0,0.0,0.0,0.0,0.0,0.0
London,60min,0.5,Opposite_Bound,3.0,2.5,144,-1816.810156249926,4019.048876953143,5835.859033203069,0.6886816240911234,22.916666666666668,2250.9066894529296,-0.8071459224689104,-0.8083886036050564,50.0
London,60min,0.5,Opposite_Bound,3.0,No_Cap,1431,-3303.058007811883,66160.69951171929,69463.75751953013,0.9524491889618529,31.3067784765898,7095.193701170661,-0.4655345783254514,-0.29186386773983564,70.81411600279525
London,60min,0.5,Opposite_Bound,4.0,1.5,0,0.0,0.0,0.0,0.0,0.0,0.0,0.0,0.0,0.0
London,60min,0.5,Opposite_Bound,4.0,2.5,144,-1571.163183593676,4316.0453613281425,5887.208544921818,0.7331225534809824,22.22222222222222,1864.0060546873046,-0.8428959657307796,-0.6379950942747832,55.83333333333333
London,60min,0.5,Opposite_Bound,4.0,No_Cap,1431,-2594.364160155633,67617.14208984423,70211.50624999889,0.9630493020486268,30.39832285115304,8159.026367186458,-0.3179747243604347,-0.213310287014469,75.7037037037037
London,60min,0.5,Range_Midpoint,1.5,1.5,0,0.0,0.0,0.0,0.0,0.0,0.0,0.0,0.0,0.0
London,60min,0.5,Range_Midpoint,1.5,2.5,144,-388.9302124022697,2837.3774536133124,3226.307666015582,0.879450364731461,39.583333333333336,768.8466674803276,-0.505861869281265,-0.2706706213598481,21.333333333333332
London,60min,0.5,Range_Midpoint,1.5,No_Cap,1431,-4789.575341796249,38024.520068359976,42814.095410155285,0.8881308761539489,38.9937106918239,5091.52977294805,-0.940694752929439,-0.8178750406075557,27.506638714185883
London,60min,0.5,Range_Midpoint,2.0,1.5,0,0.0,0.0,0.0,0.0,0.0,0.0,0.0,0.0,0.0
London,60min,0.5,Range_Midpoint,2.0,2.5,144,62.28896484382403,3468.4985351562773,3406.2095703124533,1.0182868856299145,34.72222222222222,701.7471679686205,0.08876268788392085,0.03597757278101866,24.3125
London,60min,0.5,Range_Midpoint,2.0,No_Cap,1431,-4263.630517577499,42514.86835937553,46778.49887695206,0.9088549094148629,32.6345213137666,5796.739819335142,-0.7355221470103028,-0.6261367180580097,33.19916142557652
London,60min,0.5,Range_Midpoint,3.0,1.5,0,0.0,0.0,0.0,0.0,0.0,0.0,0.0,0.0,0.0
London,60min,0.5,Range_Midpoint,3.0,2.5,144,-694.3962158202385,3275.7095947265816,3970.10581054682,0.8250937760964622,24.305555555555557,1079.1004882810648,-0.6434954143393683,-0.41517689751278447,31.076388888888886
London,60min,0.5,Range_Midpoint,3.0,No_Cap,1431,-5561.019433593124,45646.62998046915,51207.64941406129,0.8914025639289523,25.22711390635919,8161.839770506865,-0.6813438624080922,-0.6756113378719085,41.61844863731656
London,60min,0.5,Range_Midpoint,4.0,1.5,0,0.0,0.0,0.0,0.0,0.0,0.0,0.0,0.0,0.0
London,60min,0.5,Range_Midpoint,4.0,2.5,144,-583.1987060546135,3529.2082519531414,4112.406958007755,0.8581855560479008,20.833333333333332,982.5943115232421,-0.593529495556029,-0.30943735743688755,35.34722222222222
London,60min,0.5,Range_Midpoint,4.0,No_Cap,1431,-3590.2979980462487,48856.05283203162,52446.35083007687,0.9315434164394467,22.78127183787561,7029.076977537958,-0.5107780167324054,-0.3907460231910273,46.58560447239692
London,60min,0.5,1.5x_ATR,1.5,1.5,0,0.0,0.0,0.0,0.0,0.0,0.0,0.0,0.0,0.0
London,60min,0.5,1.5x_ATR,1.5,2.5,144,-489.56436767569585,1778.146017020124,2267.71038469582,0.7841151273197685,39.583333333333336,615.5290788922212,-0.7953553852512927,-0.5688342050665725,8.465277777777777
London,60min,0.5,1.5x_ATR,1.5,No_Cap,1431,-4638.5497113902575,19570.528411865478,24209.07812325575,0.8083962682191362,38.434661076170514,5573.5838657916465,-0.8322382551484975,-1.5246387437730111,7.436058700209643
London,60min,0.5,1.5x_ATR,2.0,1.5,0,0.0,0.0,0.0,0.0,0.0,0.0,0.0,0.0,0.0
London,60min,0.5,1.5x_ATR,2.0,2.5,144,-558.9432913643191,1983.19851422993,2542.141805594249,0.7801289880311532,31.944444444444443,796.9472987583049,-0.7013553998303133,-0.5643968739622466,11.42361111111111
London,60min,0.5,1.5x_ATR,2.0,No_Cap,1431,-5351.981434848676,21741.473423549298,27093.454858398007,0.802462201191378,31.097134870719778,6294.0112705768,-0.8503291787652306,-1.5189049246199808,10.23549965059399
London,60min,0.5,1.5x_ATR,3.0,1.5,0,0.0,0.0,0.0,0.0,0.0,0.0,0.0,0.0,0.0
London,60min,0.5,1.5x_ATR,3.0,2.5,144,-617.5728777203403,2239.051138741645,2856.6240164619853,0.7838102339819915,24.305555555555557,750.8576555523887,-0.8224899528606473,-0.5215288373697108,15.159722222222221
London,60min,0.5,1.5x_ATR,3.0,No_Cap,1431,-7056.749544851476,23749.331933593872,30806.08147844537,0.7709299850489256,21.94269741439553,8088.601702008174,-0.8724313305103751,-1.640311206756274,14.964360587002096
London,60min,0.5,1.5x_ATR,4.0,1.5,0,0.0,0.0,0.0,0.0,0.0,0.0,0.0,0.0,0.0
London,60min,0.5,1.5x_ATR,4.0,2.5,144,-137.89723597926013,2791.6950613839504,2929.5922973632105,0.9529295471921554,21.52777777777778,409.35415562214257,-0.33686536238940057,-0.09489608908638196,17.819444444444443
London,60min,0.5,1.5x_ATR,4.0,No_Cap,1431,-7133.582866559044,25463.041803850567,32596.624670409605,0.7811557810451851,17.26065688329839,8265.701743860842,-0.8630341485352224,-1.417527716337011,18.01327742837177
London,60min,0.5,2.0x_ATR,1.5,1.5,0,0.0,0.0,0.0,0.0,0.0,0.0,0.0,0.0,0.0
London,60min,0.5,2.0x_ATR,1.5,2.5,144,-778.5941266740474,2271.1763741629716,3049.770500837019,0.7447040272504571,38.19444444444444,1090.9061453682516,-0.7137132098666668,-0.6900342738318087,16.90972222222222
London,60min,0.5,2.0x_ATR,1.5,No_Cap,1431,-5529.320999580881,26141.812503487945,31671.133503068864,0.8254144898525612,37.87561146051712,6263.674005998237,-0.8827600214005195,-1.3701970610286802,14.64640111809923
London,60min,0.5,2.0x_ATR,2.0,1.5,0,0.0,0.0,0.0,0.0,0.0,0.0,0.0,0.0,0.0
London,60min,0.5,2.0x_ATR,2.0,2.5,144,-697.5666434151117,2608.9751813616363,3306.541824776748,0.7890343808180288,33.333333333333336,946.2649344307447,-0.7371790056182889,-0.5415958306275483,20.26388888888889
London,60min,0.5,2.0x_ATR,2.0,No_Cap,1431,-6917.426904296249,28539.26568080378,35456.69258510001,0.8049049022918977,30.887491264849757,7205.885658481427,-0.9599690075784566,-1.4953421878624382,18.96156533892383
London,60min,0.5,2.0x_ATR,3.0,1.5,0,0.0,0.0,0.0,0.0,0.0,0.0,0.0,0.0,0.0
London,60min,0.5,2.0x_ATR,3.0,2.5,144,-563.4563616070795,3087.6861258370786,3651.142487444158,0.8456766988566624,25.694444444444443,888.3538295200378,-0.6342702005477989,-0.355227314519995,25.138888888888886
London,60min,0.5,2.0x_ATR,3.0,No_Cap,1431,-6977.90367605963,32461.520472935437,39439.42414899502,0.8230728813458755,22.71139063591894,7834.3963099882,-0.8906753500794166,-1.2164725431129881,24.3340321453529
London,60min,0.5,2.0x_ATR,4.0,1.5,0,0.0,0.0,0.0,0.0,0.0,0.0,0.0,0.0,0.0
London,60min,0.5,2.0x_ATR,4.0,2.5,144,-625.6604282923558,3252.1096888951,3877.770117187456,0.8386545851392173,20.833333333333332,1154.6246372767346,-0.5418734436223542,-0.340762551876225,28.666666666666664
London,60min,0.5,2.0x_ATR,4.0,No_Cap,1431,-7605.0742606021,33889.382952009015,41494.457212611014,0.8167207195497267,18.16911250873515,9263.331466238218,-0.8209869514353537,-1.137454199265656,28.808525506638713
NewYork,15min,0.0,Opposite_Bound,1.5,1.5,388,-3145.860302734218,5342.192138671926,8488.052441406144,0.6293778432154609,34.79381443298969,3299.4291748042842,-0.9534559270910321,-1.7161195831147147,7.048969072164948
NewYork,15min,0.0,Opposite_Bound,1.5,2.5,1241,-10173.990869139801,22374.898974609758,32548.889843749108,0.6874243355770481,33.27961321514908,10709.553540038312,-0.9499920637311091,-2.3806240770930893,9.881547139403706
NewYork,15min,0.0,Opposite_Bound,1.5,No_Cap,1546,-9612.752587889541,33389.283203125575,43002.035791014474,0.7764581975931116,34.605433376455366,11822.924951170862,-0.8130604421148389,-1.7537952968415786,12.728331177231567
NewYork,15min,0.0,Opposite_Bound,2.0,1.5,388,-3457.044384765468,5855.4129882813,9312.457373046767,0.6287720580851989,28.09278350515464,3546.090820312129,-0.9748888451935297,-1.6876148242359814,8.525773195876289
NewYork,15min,0.0,Opposite_Bound,2.0,2.5,1241,-9842.541894530488,25052.860742187848,34895.40263671779,0.7179415868331784,28.122481869460113,10825.961132811732,-0.9091610226365344,-2.024666988062175,12.025785656728445
NewYork,15min,0.0,Opposite_Bound,2.0,No_Cap,1546,-8986.927392577114,37005.769970703645,45992.697363280015,0.8046009930317456,29.883570504527814,11555.550097655223,-0.7777152378406185,-1.442577331834304,15.512289780077621
NewYork,15min,0.0,Opposite_Bound,3.0,1.5,388,-2827.680371093593,7163.025244140663,9990.705615234241,0.7169689028989289,22.164948453608247,3189.521142577725,-0.8865532613489128,-1.1225846142037674,10.22680412371134
NewYork,15min,0.0,Opposite_Bound,3.0,2.5,1241,-9247.628564452345,28454.570263672154,37702.19882812394,0.754719118462833,22.32070910556003,11264.699169921165,-0.8209387951650966,-1.5572038932190029,15.647864625302175
NewYork,15min,0.0,Opposite_Bound,3.0,No_Cap,1546,-8502.777001952023,40970.623144531666,49473.40014648303,0.8281343716668762,24.320827943078914,12450.946386717824,-0.6829020652616775,-1.1331358856531188,19.94243208279431
NewYork,15min,0.0,Opposite_Bound,4.0,1.5,388,-2019.3502929685928,8247.808837890658,10267.159130859225,0.8033194706314467,19.329896907216494,2948.0904785152034,-0.6849689002712129,-0.6774869665841562,12.961340206185566
NewYork,15min,0.0,Opposite_Bound,4.0,2.5,1241,-7164.939355468142,31385.46450195338,38550.40385742077,0.8141410040224993,20.064464141821112,10332.969824217947,-0.6934056207805118,-1.0657889124705529,18.502820306204672
NewYork,15min,0.0,Opposite_Bound,4.0,No_Cap,1546,-7367.670800780161,43116.784228516,50484.45502929548,0.8540606054575787,22.186287192755497,12091.656835936463,-0.6093185492068719,-0.9184715848504994,22.97542043984476
NewYork,15min,0.0,Range_Midpoint,1.5,1.5,388,-2638.1874424524085,3261.5166835240643,5899.704125976473,0.5528271611390755,34.02061855670103,2657.6605137411907,-0.9926728522367328,-2.124232608498175,3.283505154639175
NewYork,15min,0.0,Range_Midpoint,1.5,2.5,1241,-6907.0773733951055,14226.25468401256,21133.332057407155,0.6731666660689368,34.32715551974214,7250.2272513244725,-0.9526704658993026,-2.4926953977379678,4.302981466559226
NewYork,15min,0.0,Range_Midpoint,1.5,No_Cap,1546,-7474.275066266063,20920.45938371981,28394.734449984993,0.7367724963432742,34.86416558861578,8416.337259346,-0.8880674378829323,-2.0870730307803917,5.155239327296249
NewYork,15min,0.0,Range_Midpoint,2.0,1.5,388,-2629.4942051477233,3740.0452462333146,6369.539451381038,0.5871767142320472,28.608247422680414,2692.14166608495,-0.9767295080617612,-1.8952799642473055,4.188144329896907
NewYork,15min,0.0,Range_Midpoint,2.0,2.5,1241,-6919.137004742758,16187.280109514777,23106.417114256947,0.7005534449357371,27.880741337630944,7229.593450054938,-0.9570575513745077,-2.141963884262974,5.359387590652699
NewYork,15min,0.0,Range_Midpoint,2.0,No_Cap,1546,-8278.726360211234,22998.89114467118,31277.617504881615,0.7353146748175962,28.00776196636481,9395.61407819366,-0.8811266928710262,-2.0168851180525684,6.711513583441139
NewYork,15min,0.0,Range_Midpoint,3.0,1.5,388,-2793.996289062343,4220.186839076491,7014.183128138834,0.601664764375248,20.876288659793815,2793.99628906208,-1.0000000000000941,-1.6945386877895892,5.3840206185567006
NewYork,15min,0.0,Range_Midpoint,3.0,2.5,1241,-7695.528737094878,17779.028391811058,25474.55712890529,0.6979131492589394,20.628525382755843,7992.657812499267,-0.9628247471148177,-1.990598384241136,7.645447219983883
NewYork,15min,0.0,Range_Midpoint,3.0,No_Cap,1546,-8660.462330844579,25462.144334193974,34122.606665037754,0.7461957576729521,21.15135834411384,9822.425341795988,-0.8817030447656272,-1.7737204668685917,9.41203104786546
NewYork,15min,0.0,Range_Midpoint,4.0,1.5,388,-2360.015096609777,4905.167543247799,7265.182639857576,0.6751609403922649,17.010309278350515,2493.272518484525,-0.9465532063234928,-1.2053435775052568,6.203608247422681
NewYork,15min,0.0,Range_Midpoint,4.0,2.5,1241,-7753.558653040746,18984.6483049667,26738.206958006776,0.7100194988685183,16.841257050765513,8639.96424211693,-0.8974063359249506,-1.7289910524006522,9.098307816277195
NewYork,15min,0.0,Range_Midpoint,4.0,No_Cap,1546,-8557.019468470135,27103.441908482426,35660.461376951745,0.7600418183596487,17.658473479948253,10283.669369069954,-0.8320978788181347,-1.5253233754185114,11.087968952134542
NewYork,15min,0.0,1.5x_ATR,1.5,1.5,388,-2834.5532784596685,4353.139186314236,7187.692464773904,0.6056379300656638,34.79381443298969,2834.5532784596653,-1.000000000000001,-1.9550849725120387,4.791237113402062
NewYork,15min,0.0,1.5x_ATR,1.5,2.5,1241,-7648.861583600174,14733.30954153896,22382.171125139168,0.658260964013041,34.32715551974214,7986.435376847851,-0.9577316064903897,-2.7987688844773544,4.552780016116035
NewYork,15min,0.0,1.5x_ATR,1.5,No_Cap,1546,-8682.472523715844,19162.958143833923,27845.430667549783,0.6881904026776591,34.79948253557568,9358.968671525417,-0.9277168060335742,-2.786838191245027,4.434670116429496
NewYork,15min,0.0,1.5x_ATR,2.0,1.5,388,-3177.5767857141454,4744.481665039111,7922.058450753257,0.5988950592239053,27.31958762886598,3177.576785714151,-0.9999999999999983,-1.9554102756181353,5.945876288659794
NewYork,15min,0.0,1.5x_ATR,2.0,2.5,1241,-8324.815018135641,16335.107341657493,24659.92235979314,0.6624151975551685,27.316680096696214,8363.101799664655,-0.9954219400353886,-2.6574860473028545,5.6655922643029815
NewYork,15min,0.0,1.5x_ATR,2.0,No_Cap,1546,-9017.211206053993,21578.793401227857,30596.00460728187,0.7052814142959074,28.00776196636481,9399.710131835154,-0.9593073700766894,-2.496101971421576,5.532341526520052
NewYork,15min,0.0,1.5x_ATR,3.0,1.5,388,-3491.7631434847885,5239.077104840999,8730.840248325787,0.6000656243648069,19.329896907216494,3491.7631434847763,-1.0000000000000036,-1.8079350201431217,7.430412371134021
NewYork,15min,0.0,1.5x_ATR,3.0,2.5,1241,-8055.509118651796,18908.193416922542,26963.702535574354,0.7012461805635247,20.386784850926674,8159.235925292357,-0.9872871911548697,-2.0913728361757395,7.352941176470588
NewYork,15min,0.0,1.5x_ATR,3.0,No_Cap,1546,-8996.815044293373,24706.56785365528,33703.382897948686,0.7330589907981911,20.698576972833116,9499.699068777138,-0.9470631626493723,-2.017072736733045,7.4637774902975424
NewYork,15min,0.0,1.5x_ATR,4.0,1.5,388,-2291.7062064033166,6564.929868861641,8856.636075264956,0.7412441713842514,17.783505154639176,2548.6644304546326,-0.8991792638603743,-0.9742366418958904,8.512886597938143
NewYork,15min,0.0,1.5x_ATR,4.0,2.5,1241,-7049.142105537979,21061.97578822553,28111.11789376349,0.7492400646542119,17.00241740531829,8327.161111885642,-0.8465240447283405,-1.5498953428621565,9.070104754230458
NewYork,15min,0.0,1.5x_ATR,4.0,No_Cap,1546,-8550.281535992632,26703.489062500106,35253.770598492716,0.7574647650212435,17.01164294954722,9845.265593609809,-0.8684663155803839,-1.6582969527414968,9.428201811125486
NewYork,15min,0.0,2.0x_ATR,1.5,1.5,388,-3224.7551304406693,6011.471376255642,9236.226506696312,0.650857942028305,35.05154639175258,3263.6260951449094,-0.9880896390790397,-1.6601276328789303,8.082474226804123
NewYork,15min,0.0,2.0x_ATR,1.5,2.5,1241,-8833.042993163537,20108.98721051914,28942.03020368268,0.6948022329117881,33.52135374697824,9452.470734513896,-0.934469224105753,-2.3846000643326954,7.579371474617244
NewYork,15min,0.0,2.0x_ATR,1.5,No_Cap,1546,-8688.076161411196,26844.431867327214,35532.508028738404,0.7554893633068528,34.605433376455366,10174.913776505982,-0.8538722147672725,-2.04722991390712,7.4721862871927565
NewYork,15min,0.0,2.0x_ATR,2.0,1.5,388,-3806.16356026768,6425.451464843802,10231.615025111487,0.6279997291799774,27.835051546391753,3817.5487374440163,-0.9970176733921781,-1.7575721614126674,9.523195876288659
NewYork,15min,0.0,2.0x_ATR,2.0,2.5,1241,-9693.695633369965,22027.877804129632,31721.5734374996,0.6944131522205458,27.63900080580177,10070.497991070793,-0.9625835427369205,-2.3319984466057573,9.28928283642224
NewYork,15min,0.0,2.0x_ATR,2.0,No_Cap,1546,-9806.222174943552,29377.429743303765,39183.65191824727,0.7497369005981577,28.589909443725745,10363.354241070696,-0.94624017927331,-2.038035340837463,9.400388098318242
NewYork,15min,0.0,2.0x_ATR,3.0,1.5,388,-2641.413455635982,8152.42898297996,10793.842438615942,0.7552851571942455,23.45360824742268,2890.764976283317,-0.9137420292922156,-0.9833976819397332,11.721649484536082
NewYork,15min,0.0,2.0x_ATR,3.0,2.5,1241,-7766.199818637834,26340.591643415297,34106.79146205311,0.7722975546592118,22.32070910556003,9467.210546874421,-0.8203260907936423,-1.5064961983326643,12.1361804995971
NewYork,15min,0.0,2.0x_ATR,3.0,No_Cap,1546,-8595.587409318534,33922.80324358275,42518.3906529012,0.7978383641213396,22.44501940491591,11230.591036550675,-0.7653726666159997,-1.4552483562416385,12.858344113842174
NewYork,15min,0.0,2.0x_ATR,4.0,1.5,388,-2758.4609235489324,8516.223604910745,11274.684528459675,0.7553403009560051,19.072164948453608,3070.8505789618875,-0.8982725966697606,-0.9129057441734308,15.443298969072165
NewYork,15min,0.0,2.0x_ATR,4.0,2.5,1241,-7473.671916852105,28104.11149553582,35577.783412387886,0.7899343016898069,19.016921837228043,9424.920082309647,-0.7929692614455173,-1.2632266924512785,15.161966156325544
NewYork,15min,0.0,2.0x_ATR,4.0,No_Cap,1546,-7654.054206193518,36512.31521344883,44166.3694196422,0.8266994931489802,19.46959896507115,10637.741594586361,-0.7195187190943548,-1.121883639795472,16.029107373868047
NewYork,15min,0.1,Opposite_Bound,1.5,1.5,388,-3249.986279296718,5648.708935546929,8898.695214843649,0.6347794591418847,34.02061855670103,3512.2688232418304,-0.9253238982706838,-1.697204426496493,7.667525773195877
NewYork,15min,0.1,Opposite_Bound,1.5,2.5,1241,-10086.609887694514,23279.363598633216,33365.97348632724,0.6976977191500997,33.60193392425463,10641.760693358645,-0.9478328049595598,-2.3153581341277683,10.477034649476229
NewYork,15min,0.1,Opposite_Bound,1.5,No_Cap,1546,-9389.946191405192,34506.267919922466,43896.21411132698,0.7860875617293489,34.99353169469599,11640.332788084932,-0.8066733453717715,-1.679280822336544,13.466364812419148
NewYork,15min,0.1,Opposite_Bound,2.0,1.5,388,-4052.038281249843,5877.008593750047,9929.046874999876,0.5919005789516046,26.54639175257732,4132.385986327845,-0.980556582723919,-1.9254614017082994,9.368556701030927
NewYork,15min,0.1,Opposite_Bound,2.0,2.5,1241,-10195.885400389856,25862.399365234727,36058.284765624034,0.7172387575653766,27.961321514907333,10927.890722655466,-0.9330149485528775,-2.052052440363208,12.7767929089444
NewYork,15min,0.1,Opposite_Bound,2.0,No_Cap,1546,-9148.52041015521,37971.753808594265,47120.27421874876,0.8058474709276124,30.01293661060802,11416.030468748937,-0.801374911813614,-1.4494303755403466,16.437904269081503
NewYork,15min,0.1,Opposite_Bound,3.0,1.5,388,-3208.974316406093,7335.970263671911,10544.944580077983,0.6956859951195362,21.391752577319586,3412.3701171871153,-0.9403945662996587,-1.235723963847538,11.059278350515463
NewYork,15min,0.1,Opposite_Bound,3.0,2.5,1241,-9029.518212889918,29652.31000976591,38681.82822265519,0.7665695074980746,22.72360999194198,10665.294873046196,-0.8466262133745327,-1.489195162503082,16.6607574536664
NewYork,15min,0.1,Opposite_Bound,3.0,No_Cap,1546,-8065.4625488270285,42352.26171875043,50417.724267576785,0.8400272391109651,24.902975420439844,11465.841406249081,-0.7034339882314448,-1.061293752912299,21.03557567917206
NewYork,15min,0.1,Opposite_Bound,4.0,1.5,388,-2211.193554687343,8594.854785156282,10806.048339843597,0.7953744527928588,18.814432989690722,2875.4281249995893,-0.7689962880528125,-0.7158998250373888,13.54639175257732
NewYork,15min,0.1,Opposite_Bound,4.0,2.5,1241,-6473.43666992132,33006.99814453151,39480.434814452026,0.8360343116699699,20.628525382755843,9392.31757812418,-0.6892267660325626,-0.9391396068276777,19.580177276390007
NewYork,15min,0.1,Opposite_Bound,4.0,No_Cap,1546,-6407.462060545967,44971.71865234414,51379.18071288924,0.8752906922290085,22.897800776196636,10718.902929686445,-0.5977721883085848,-0.7845850508311795,24.128072445019406
NewYork,15min,0.1,Range_Midpoint,1.5,1.5,388,-2573.665064348336,3673.333348737508,6246.998413085844,0.588015732650552,34.27835051546392,2592.414820207444,-0.992767455380614,-1.9405169521122654,3.865979381443299
NewYork,15min,0.1,Range_Midpoint,1.5,2.5,1241,-6911.561866105764,15242.569335065868,22154.131201171083,0.6880237909875759,34.40773569701853,7521.760743058607,-0.9188755269148969,-2.3968981003506773,4.693795326349718
NewYork,15min,0.1,Range_Midpoint,1.5,No_Cap,1546,-7200.311072648599,22351.91856602311,29552.229638670804,0.7563530345870868,35.252263906856406,8343.222925675549,-0.8630131469327355,-1.9313231551164518,5.640362225097025
NewYork,15min,0.1,Range_Midpoint,2.0,1.5,388,-2615.8630057197092,4167.1363106864355,6782.999316406144,0.6143501003468066,28.608247422680414,2631.2132010319574,-0.994166114966956,-1.7616420219339917,4.84020618556701
NewYork,15min,0.1,Range_Midpoint,2.0,2.5,1241,-6924.2108572818215,17313.37014857729,24237.581005858498,0.7143192278302217,28.04190169218372,7297.206023297126,-0.9488852082804738,-2.0633804236967688,5.854955680902497
NewYork,15min,0.1,Range_Midpoint,2.0,No_Cap,1546,-8180.051433453434,24462.475666155566,32642.527099608167,0.7494050810315237,28.201811125485122,9422.847209820358,-0.8681082534086194,-1.9134022779401563,7.36869340232859
NewYork,15min,0.1,Range_Midpoint,3.0,1.5,388,-3115.8136980327663,4458.377830287427,7574.191528320193,0.5886275536626425,20.103092783505154,3115.813698032536,-1.000000000000074,-1.8019426988501814,6.237113402061856
NewYork,15min,0.1,Range_Midpoint,3.0,2.5,1241,-7818.302174594878,18891.21950509232,26709.52167968652,0.7072840813716151,20.789685737308623,7877.875319125799,-0.9924379173168316,-1.9581965817224767,8.415793714746172
NewYork,15min,0.1,Range_Midpoint,3.0,No_Cap,1546,-8629.537037875898,26898.179343959615,35527.71638183462,0.7571040889561,21.539456662354464,9635.042701938088,-0.8956407672318949,-1.719551682218373,10.369987063389393
NewYork,15min,0.1,Range_Midpoint,4.0,1.5,388,-2663.775254603638,5173.063734654047,7836.838989257685,0.660095702073885,16.237113402061855,2709.831138392501,-0.9830041499131257,-1.2982563033118908,7.164948453608248
NewYork,15min,0.1,Range_Midpoint,4.0,2.5,1241,-8073.322446986052,19987.496205357333,28060.818652342692,0.7122919845279942,16.841257050765513,8761.173838587292,-0.9214886721489647,-1.748911394233177,10.107977437550362
NewYork,15min,0.1,Range_Midpoint,4.0,No_Cap,1546,-8892.480283899795,28282.03741629493,37174.51770019392,0.7607909709652372,17.852522639068564,10219.730405969905,-0.8701286561047842,-1.5551377354576832,12.278783958602848
NewYork,15min,0.1,1.5x_ATR,1.5,1.5,388,-2660.936400495077,4463.397280447884,7124.333680942962,0.6265003129186838,34.5360824742268,2660.9364004950758,-1.0000000000000004,-1.8193265766741713,4.59020618556701
NewYork,15min,0.1,1.5x_ATR,1.5,2.5,1241,-7501.800557163212,14912.161862618757,22413.962419781983,0.6653068111445422,34.32715551974214,7876.2759565074275,-0.9524552718299792,-2.73316200020967,4.439967767929089
NewYork,15min,0.1,1.5x_ATR,1.5,No_Cap,1546,-8383.61863316058,19492.40430733838,27876.02294049896,0.6992534174959135,34.99353169469599,9057.889787945616,-0.9255597969758512,-2.6726760470551305,4.394566623544631
NewYork,15min,0.1,1.5x_ATR,2.0,1.5,388,-3263.182254464116,4696.931316266791,7960.113570730909,0.5900583295114359,26.804123711340207,3263.182254464112,-1.0000000000000013,-2.012765313117209,5.786082474226804
NewYork,15min,0.1,1.5x_ATR,2.0,2.5,1241,-8545.991252789632,16294.540635463296,24840.53188825293,0.6559658508427098,27.155519742143433,8584.278034318653,-0.9955398949829029,-2.7286663895699586,5.569701853344077
NewYork,15min,0.1,1.5x_ATR,2.0,No_Cap,1546,-9299.43611188544,21573.99216308612,30873.428274971557,0.6987883551816533,27.878395860284606,9693.796609932251,-0.9593182615733086,-2.568490312352421,5.513583441138422
NewYork,15min,0.1,1.5x_ATR,3.0,1.5,388,-3747.937111118697,5059.981588309183,8807.91869942788,0.5744809598024395,18.556701030927837,3747.9371111186856,-1.000000000000003,-1.9628163637387241,7.203608247422681
NewYork,15min,0.1,1.5x_ATR,3.0,2.5,1241,-8591.458171734927,18691.41342947833,27282.871601213283,0.6850969979511655,19.90330378726833,8700.199452426825,-0.9875012887593553,-2.2291481443953245,7.265108783239323
NewYork,15min,0.1,1.5x_ATR,3.0,No_Cap,1546,-9649.603827775509,24491.280723353906,34140.884551129464,0.7173592906380534,20.245795601552395,10202.502718679485,-0.9458075232960548,-2.157074825486182,7.45601552393273
NewYork,15min,0.1,1.5x_ATR,4.0,1.5,388,-2605.834537178955,6347.575753348251,8953.410290527205,0.7089562018691412,16.75257731958763,2730.1533604211463,-0.9544645275080759,-1.1166500343311927,8.128865979381443
NewYork,15min,0.1,1.5x_ATR,4.0,2.5,1241,-7350.30792061885,21041.34925362732,28391.65717424618,0.7411102890011556,16.59951651893634,8567.729218400698,-0.8579061888222118,-1.6095505812684765,8.83883964544722
NewYork,15min,0.1,1.5x_ATR,4.0,No_Cap,1546,-8810.465339005974,26807.405636160824,35617.87097516678,0.7526391921305818,16.6882276843467,10087.026109095292,-0.8734452794824963,-1.6960618653200057,9.280077619663649
NewYork,15min,0.1,2.0x_ATR,1.5,1.5,388,-3141.583569335785,6065.358269391804,9206.941838727591,0.6587809910864,35.05154639175258,3318.12322823641,-0.9467953277327629,-1.6159629913420475,8.04639175257732
NewYork,15min,0.1,2.0x_ATR,1.5,2.5,1241,-8810.246972655745,20243.48576311401,29053.732735769736,0.6967602389413833,33.52135374697824,9467.07548828065,-0.9306197023106029,-2.3729456920590297,7.518936341659951
NewYork,15min,0.1,2.0x_ATR,1.5,No_Cap,1546,-8507.093582588657,27121.430608259157,35628.5241908478,0.761228011100894,34.79948253557568,9956.766263252593,-0.8544032628330105,-1.9962303371874202,7.51228978007762
NewYork,15min,0.1,2.0x_ATR,2.0,1.5,388,-3860.768226841367,6396.574972098267,10257.343198939636,0.6236093350917146,27.577319587628867,3874.65322963154,-0.9964164527849907,-1.7870092906041533,9.559278350515465
NewYork,15min,0.1,2.0x_ATR,2.0,2.5,1241,-9850.388225445873,22039.11442522337,31889.50265066923,0.6911087534556096,27.477840451248994,10106.135895646667,-0.9746938223628123,-2.3665051681413387,9.374697824335213
NewYork,15min,0.1,2.0x_ATR,2.0,No_Cap,1546,-9801.49491489893,29555.836551339467,39357.33146623835,0.7509613952534654,28.589909443725745,10395.416092354122,-0.9428670125198718,-2.0289122277893084,9.564683053040104
NewYork,15min,0.1,2.0x_ATR,3.0,1.5,388,-2771.439264787789,8088.045312500053,10859.484577287843,0.7447909019011695,22.938144329896907,2943.1357561382447,-0.9416620551762306,-1.0336161176016962,11.579896907216495
NewYork,15min,0.1,2.0x_ATR,3.0,2.5,1241,-7746.815227399003,26461.21960798004,34208.034835379025,0.773538139075239,22.32070910556003,9222.414404296276,-0.839998604247293,-1.4986696062778886,12.19661563255439
NewYork,15min,0.1,2.0x_ATR,3.0,No_Cap,1546,-8331.640004184626,34294.629889788106,42626.269893972625,0.8045421280138186,22.57438551099612,10494.860358537262,-0.7938781193412526,-1.402288024712708,12.977360931435966
NewYork,15min,0.1,2.0x_ATR,4.0,1.5,388,-2828.1984723770915,8497.070124162972,11325.26859654006,0.7502753733151089,18.556701030927837,3153.333663504305,-0.8968915992334632,-0.9345772467272708,15.237113402061855
NewYork,15min,0.1,2.0x_ATR,4.0,2.5,1241,-7532.914732142333,28155.310337611685,35688.22506975399,0.7889243660221561,18.93634165995165,9504.027999441401,-0.7926023295159779,-1.2685168240424525,15.370668815471394
NewYork,15min,0.1,2.0x_ATR,4.0,No_Cap,1546,-7684.875739396688,36622.07089843763,44306.94663783416,0.8265537049480559,19.46959896507115,10542.03254743231,-0.7289747688427,-1.1208210044127007,16.39262613195343
NewYork,15min,0.25,Opposite_Bound,1.5,1.5,388,-4371.294873046718,5683.75610351568,10055.050976562383,0.5652637780518582,32.21649484536083,4418.342407226292,-0.9893517681874028,-2.1174753626016596,8.56701030927835
NewYork,15min,0.25,Opposite_Bound,1.5,2.5,1241,-10694.626855467955,25003.70927734417,35698.336132811615,0.700416657636947,33.68251410153103,11100.568676757077,-0.9634305382805205,-2.2864218130131353,11.551168412570508
NewYork,15min,0.25,Opposite_Bound,1.5,No_Cap,1546,-10579.570214842652,36233.76186523498,46813.33208007698,0.7740051873097813,34.86416558861578,12668.534082030244,-0.8351061098575963,-1.7848707886134232,14.637774902975421
NewYork,15min,0.25,Opposite_Bound,2.0,1.5,388,-4743.435986327968,6167.113574218797,10910.549560546744,0.5652431657997761,26.54639175257732,4794.384277343495,-0.9893733401270544,-2.089754860078112,10.033505154639174
NewYork,15min,0.25,Opposite_Bound,2.0,2.5,1241,-9996.09414062421,28193.85000000037,38189.94414062403,0.7382532400724187,28.525382755842063,10933.026660155534,-0.9143025487218563,-1.8650171320507702,14.15310233682514
NewYork,15min,0.25,Opposite_Bound,2.0,No_Cap,1546,-9685.28432617077,40174.75605468802,49860.04038085813,0.80575057195725,30.20698576972833,12228.027001952214,-0.7920561775521519,-1.439760003508489,17.78589909443726
NewYork,15min,0.25,Opposite_Bound,3.0,1.5,388,-3325.767529296718,8041.328417968789,11367.095947265476,0.7074215309938727,22.68041237113402,3503.96181640588,-0.9491449118324179,-1.1833216792184418,11.984536082474227
NewYork,15min,0.25,Opposite_Bound,3.0,2.5,1241,-9083.732080077381,31672.757128906567,40756.48920898333,0.7771218214233582,23.609991941982273,10173.40556640557,-0.8928899984164115,-1.4338687355474848,18.06607574536664
NewYork,15min,0.25,Opposite_Bound,3.0,No_Cap,1546,-9105.977685545755,43863.6616210942,52969.6393066393,0.8280906231429871,25.54980595084088,12041.858251952279,-0.7561937281623003,-1.1794578913748766,22.466364812419148
NewYork,15min,0.25,Opposite_Bound,4.0,1.5,388,-2394.986279296718,9263.164013671909,11658.150292968588,0.7945654997481741,19.84536082474227,3157.622949218383,-0.7584776009718186,-0.7283497703601426,14.693298969072165
NewYork,15min,0.25,Opposite_Bound,4.0,2.5,1241,-6039.082421874455,35391.961181640916,41431.04360351455,0.8542377430878584,21.756647864625304,8553.213916014935,-0.7060600238896106,-0.8392860257897345,21.311039484286866
NewYork,15min,0.25,Opposite_Bound,4.0,No_Cap,1546,-6500.660302733354,47254.983056641046,53755.64335937364,0.8790701794921586,23.86804657179819,10934.072998045986,-0.5945323672061709,-0.7700176140850322,25.6235446313066
NewYork,15min,0.25,Range_Midpoint,1.5,1.5,388,-3618.271997942086,3773.320702253129,7391.592700195215,0.5104881796521978,32.47422680412371,3618.271997941889,-1.0000000000000544,-2.4257072037320606,4.358247422680412
NewYork,15min,0.25,Range_Midpoint,1.5,2.5,1241,-7639.499793351858,17039.38243321045,24678.882226561705,0.6904438489872561,34.24657534246575,7680.822962296953,-0.9946199555506046,-2.3617848062527353,5.406929895245769
NewYork,15min,0.25,Range_Midpoint,1.5,No_Cap,1546,-8509.368689836047,24290.665123640334,32800.033813475486,0.7405682951967207,34.67011642949547,9064.037488663846,-0.9388055489045021,-2.078269457298506,6.435963777490298
NewYork,15min,0.25,Range_Midpoint,2.0,1.5,388,-3489.4408865790842,4367.203547014558,7856.644433593642,0.5558611674395187,27.577319587628867,3501.6904959538733,-0.9965018012331635,-2.114683258711847,5.680412371134021
NewYork,15min,0.25,Range_Midpoint,2.0,2.5,1241,-7101.8903006411965,19550.240754046084,26652.131054686608,0.7335338669141167,28.44480257856567,7352.884831890921,-0.9658644821742466,-1.8923069132264114,6.895245769540693
NewYork,15min,0.25,Range_Midpoint,2.0,No_Cap,1546,-9040.078288922106,26680.15203334309,35720.23032226442,0.7469199328402245,28.266494178525228,10036.437981304896,-0.9007257660298672,-1.935919082851391,8.562742561448902
NewYork,15min,0.25,Range_Midpoint,3.0,1.5,388,-4047.9474870952663,4629.942869349925,8677.890356445192,0.5335332297568384,19.072164948453608,4047.947487095139,-1.0000000000000315,-2.1363898574705273,7.087628865979381
NewYork,15min,0.25,Range_Midpoint,3.0,2.5,1241,-9342.164479282317,20224.268235561074,29566.432714842733,0.6840280134778731,20.70910556003223,9699.756862094697,-0.9631338818182339,-2.1733857207806535,9.874294923448831
NewYork,15min,0.25,Range_Midpoint,3.0,No_Cap,1546,-10341.903981235011,28628.22885567836,38970.13283691272,0.7346197400836557,21.345407503234153,11341.502809360114,-0.9118636352759057,-1.9028962706220613,11.798188874514878
NewYork,15min,0.25,Range_Midpoint,4.0,1.5,388,-3421.8178571427006,5470.271986607172,8892.08984374987,0.6151840661452777,16.237113402061855,3489.4215924941154,-0.9806260912992477,-1.5396257029250138,8.242268041237113
NewYork,15min,0.25,Range_Midpoint,4.0,2.5,1241,-8976.553648157915,21758.578724888604,30735.132373045803,0.7079383443284114,17.647058823529413,9111.75162179055,-0.9851622411096772,-1.8380663274909996,11.675261885576148
NewYork,15min,0.25,Range_Midpoint,4.0,No_Cap,1546,-10606.1637555793,29871.572767857448,40477.7365234361,0.7379753744521308,18.30530401034929,11189.374571008979,-0.9478781578247685,-1.7808751962258362,13.994178525226392
NewYork,15min,0.25,1.5x_ATR,1.5,1.5,388,-3035.693458774931,4271.158804757321,7306.852263532253,0.5845415578024253,33.50515463917526,3035.6934587749147,-1.0000000000000053,-2.094282841533342,4.389175257731958
NewYork,15min,0.25,1.5x_ATR,1.5,2.5,1241,-7466.242456054116,15145.548224749076,22611.79068080321,0.6698075547642156,34.971796937953265,7522.087372697422,-0.9925758750362293,-2.6894965982327013,4.345688960515713
NewYork,15min,0.25,1.5x_ATR,1.5,No_Cap,1546,-8420.370124162233,19760.759742955037,28181.12986711726,0.7012053752327578,35.38163001293661,8646.439726910447,-0.9738540243281159,-2.653347454193598,4.332470892626132
NewYork,15min,0.25,1.5x_ATR,2.0,1.5,388,-3747.313898576847,4412.196156529065,8159.51005510591,0.5407427807222421,25.515463917525775,3747.313898576841,-1.0000000000000016,-2.3586658050474703,5.484536082474227
NewYork,15min,0.25,1.5x_ATR,2.0,2.5,1241,-8679.55409284265,16449.51799316421,25129.072086006854,0.6546010905959452,27.63900080580177,8742.53366873551,-0.9927961872062234,-2.750509074673573,5.383561643835616
NewYork,15min,0.25,1.5x_ATR,2.0,No_Cap,1546,-9627.98953508577,21685.347830636354,31313.337365722127,0.6925275187810139,28.13712807244502,9737.401159667244,-0.9887637755919246,-2.6399678997516185,5.40620957309185
NewYork,15min,0.25,1.5x_ATR,3.0,1.5,388,-4009.4665649412514,4875.641078404046,8885.10764334529,0.5487430511948577,18.04123711340206,4018.842107282212,-0.9976671035858881,-2.1290364630828598,6.948453608247423
NewYork,15min,0.25,1.5x_ATR,3.0,2.5,1241,-8757.702329798563,18802.58850097665,27560.290830775237,0.6822347636470045,20.1450443190975,8818.425547572006,-0.9931140522255516,-2.257192182227251,7.294923448831587
NewYork,15min,0.25,1.5x_ATR,3.0,No_Cap,1546,-9871.349476840807,24654.123212541956,34525.47268938282,0.7140850303296072,20.3751617076326,9978.204057965237,-0.9892912010514426,-2.1880574969181663,7.509702457956016
NewYork,15min,0.25,1.5x_ATR,4.0,1.5,388,-2974.406314522712,6056.192919921911,9030.599234444617,0.6706302386692469,16.237113402061855,3095.6006609233964,-0.9608494894284804,-1.2997424295840576,8.02061855670103
NewYork,15min,0.25,1.5x_ATR,4.0,2.5,1241,-8206.224363489964,20565.488957868394,28771.713321358373,0.7147815192014243,16.76067687348912,8917.148599678496,-0.9202744881683184,-1.8198120307088792,8.900080580177276
NewYork,15min,0.25,1.5x_ATR,4.0,No_Cap,1546,-9781.629366628755,26369.123228236713,36150.75259486548,0.7294211416218743,16.752910737386806,10379.985306221248,-0.9423548375127402,-1.8950169444454241,9.384217335058215
NewYork,15min,0.25,2.0x_ATR,1.5,1.5,388,-4066.6732910154747,5571.415318080415,9638.08860909589,0.5780622635926406,32.21649484536083,4108.930137416146,-0.9897158518184872,-2.1287960687107197,7.510309278350515
NewYork,15min,0.25,2.0x_ATR,1.5,2.5,1241,-7987.8967703677945,21032.891273716672,29020.788044084497,0.724752589135978,34.40773569701853,8105.433513531793,-0.9854990182859714,-2.1130008753709744,7.341659951651893
NewYork,15min,0.25,2.0x_ATR,1.5,No_Cap,1546,-8369.177061243798,27574.627110072775,35943.80417131659,0.7671593963356145,35.252263906856406,9175.03722446913,-0.9121681859691899,-1.9410303072993056,7.454721862871928
NewYork,15min,0.25,2.0x_ATR,2.0,1.5,388,-4428.893749999843,6042.339167131748,10471.232917131592,0.5770418072972193,26.288659793814432,4443.664808872603,-0.996675928651669,-2.094714944246374,8.981958762886597
NewYork,15min,0.25,2.0x_ATR,2.0,2.5,1241,-9446.179415457022,22597.538065011344,32043.71748046833,0.7052096274031022,28.04190169218372,9499.466720144505,-0.994390495144903,-2.2371693358117284,9.339242546333601
NewYork,15min,0.25,2.0x_ATR,2.0,No_Cap,1546,-10037.034988838639,29765.47896205377,39802.51395089239,0.7478291195068199,28.84864165588616,10263.969433593113,-0.9778901870058443,-2.062843861297436,9.65588615782665
NewYork,15min,0.25,2.0x_ATR,3.0,1.5,388,-3208.386809430642,7753.573165457639,10961.959974888285,0.7073163178135631,22.164948453608247,3373.791099330213,-0.9509737606657366,-1.2153697105991599,11.239690721649485
NewYork,15min,0.25,2.0x_ATR,3.0,2.5,1241,-7718.198458425795,26708.644524274692,34426.84298270047,0.7758087065286764,22.643029814665592,8957.923611885592,-0.8616057462451567,-1.4812541679889937,12.468976631748589
NewYork,15min,0.25,2.0x_ATR,3.0,No_Cap,1546,-9230.903048269474,33946.4554268975,43177.35847516691,0.7862096391658955,22.639068564036222,10682.792689731416,-0.8640908156106468,-1.5567995784282171,13.208279430789135
NewYork,15min,0.25,2.0x_ATR,4.0,1.5,388,-3023.3088588168175,8346.135351562525,11369.444210379346,0.7340847271974127,18.298969072164947,3325.069154575727,-0.9092469113480999,-1.003645078536086,14.548969072164947
NewYork,15min,0.25,2.0x_ATR,4.0,2.5,1241,-7580.177043805271,28216.321456473317,35796.498500278554,0.7882424996471024,19.419822723609993,8741.0646554124,-0.8671915084293175,-1.2894045437859478,15.558420628525383
NewYork,15min,0.25,2.0x_ATR,4.0,No_Cap,1546,-8903.97834821365,35862.62208426352,44766.60043247708,0.8011021998053277,19.59896507115136,10459.139585657722,-0.8513107866371137,-1.3229044171694222,16.527813712807244
NewYork,15min,0.5,Opposite_Bound,1.5,1.5,388,-4187.677929687343,6738.767041015676,10926.444970702994,0.6167392101533745,32.7319587628866,4311.298291015335,-0.9713264188688556,-1.8134907330317631,9.507731958762886
NewYork,15min,0.5,Opposite_Bound,1.5,2.5,1241,-10283.66127929616,28347.718408203575,38631.37968749911,0.7338003104604812,34.568896051571315,10831.667480467839,-0.94940703246662,-1.9482930985382205,12.792908944399677
NewYork,15min,0.5,Opposite_Bound,1.5,No_Cap,1546,-9592.399194334996,40399.97126464906,49992.370458983234,0.8081227374044133,35.70504527813713,11972.096142576996,-0.8012297161748511,-1.4756658235601334,16.44178525226391
NewYork,15min,0.5,Opposite_Bound,2.0,1.5,388,-4384.849560546718,7431.194335937544,11816.043896484227,0.6289071368589481,27.061855670103093,4552.042919921595,-0.963270697944615,-1.6994068216715545,11.507731958762886
NewYork,15min,0.5,Opposite_Bound,2.0,2.5,1241,-9521.390771483624,31626.893505859764,41148.28427734278,0.7686078304672908,29.572925060435132,11228.999218749104,-0.8479287054883502,-1.57765949093664,16.102336825141016
NewYork,15min,0.5,Opposite_Bound,2.0,No_Cap,1546,-9013.771874998916,44153.15292968804,53166.924804686256,0.8304627941504767,31.11254851228978,12343.5158203114,-0.7302434740810757,-1.226290429357848,20.301423027166884
NewYork,15min,0.5,Opposite_Bound,3.0,1.5,388,-2584.195263671718,9622.69794921879,12206.893212890462,0.7883003301001466,23.711340206185568,3374.9227050777854,-0.7657050218612805,-0.8079473651546962,14.27061855670103
NewYork,15min,0.5,Opposite_Bound,3.0,2.5,1241,-6757.452783202554,36617.23168945348,43374.684472655215,0.844207448068888,25.382755842062853,9921.732617186615,-0.6810758809905001,-0.9183686816846228,20.32876712328767
NewYork,15min,0.5,Opposite_Bound,3.0,No_Cap,1546,-6873.984277342666,49061.19340820362,55935.17768554556,0.8771080282253527,27.03751617076326,12198.069042967658,-0.5635305270964674,-0.7961137543265869,24.91009055627426
NewYork,15min,0.5,Opposite_Bound,4.0,1.5,388,-1884.0072753904678,10609.139208984412,12493.146484374824,0.8491967353663276,21.391752577319586,3237.5330566403327,-0.5819268073653426,-0.5215740213994646,17.682989690721648
NewYork,15min,0.5,Opposite_Bound,4.0,2.5,1241,-5412.24770507758,38803.03544921907,44215.28315429581,0.8775932818028125,23.609991941982273,9102.289257811604,-0.5946029127159167,-0.6955705017731777,24.186946011281226
NewYork,15min,0.5,Opposite_Bound,4.0,No_Cap,1546,-5219.528710936652,51556.1475585942,56775.67626952991,0.9080675202148688,25.614489003880983,11263.784374998888,-0.4633903257702558,-0.576255699464057,28.369340232858992
NewYork,15min,0.5,Range_Midpoint,1.5,1.5,388,-3299.4326904295303,4929.452392578187,8228.885083007717,0.5990425607908035,33.50515463917526,3299.432690429343,-1.0000000000000568,-1.901320841290571,5.427835051546392
NewYork,15min,0.5,Range_Midpoint,1.5,2.5,1241,-8517.693261718203,19790.574389648827,28308.267651366354,0.6991093426620755,34.085414987912976,8548.692968749192,-0.9963737489293027,-2.2349121002642285,6.629331184528605
NewYork,15min,0.5,Range_Midpoint,1.5,No_Cap,1546,-8980.867822264894,28066.600610352136,37047.46843261609,0.7575848444651802,34.86416558861578,9616.586267088684,-0.9338935431797206,-1.918665828437307,7.8855109961190175
NewYork,15min,0.5,Range_Midpoint,2.0,1.5,388,-3893.9309814451553,5192.652490234427,9086.583471679582,0.5714636867001242,26.804123711340207,3904.4801513668517,-0.9972981883598503,-2.0565881928537735,6.912371134020619
NewYork,15min,0.5,Range_Midpoint,2.0,2.5,1241,-8288.665551757267,22281.898730469096,30570.564282225634,0.7288677606590421,28.44480257856567,8732.176196288152,-0.9492096088579373,-1.8881646820089495,8.290894439967767
NewYork,15min,0.5,Range_Midpoint,2.0,No_Cap,1546,-9447.067163085054,30721.546142578612,40168.61330566284,0.7648147051729961,28.783958602846056,10399.938232420725,-0.9083772376296241,-1.7765989649109963,10.36157826649418
NewYork,15min,0.5,Range_Midpoint,3.0,1.5,388,-3605.374462890468,6151.057690429725,9756.432153320186,0.6304617911309387,19.84536082474227,3605.3744628903423,-1.0000000000000349,-1.5659504612498178,8.873711340206185
NewYork,15min,0.5,Range_Midpoint,3.0,2.5,1241,-8670.91896972595,24565.598779297143,33236.5177490224,0.7391146980197617,22.07896857373086,9467.93425292881,-0.9158195164952364,-1.6309274616740947,11.896051571313457
NewYork,15min,0.5,Range_Midpoint,3.0,No_Cap,1546,-9218.56801757719,34012.59631347695,43231.16433105334,0.786761051657482,22.96248382923674,10913.554418944224,-0.844689792500159,-1.4474489494478906,14.457309184993532
NewYork,15min,0.5,Range_Midpoint,4.0,1.5,388,-3228.1619384764053,6852.668115234405,10080.830053710795,0.6797722091061251,16.49484536082474,3290.467822265383,-0.9810647339058062,-1.2183035452044095,10.610824742268042
NewYork,15min,0.5,Range_Midpoint,4.0,2.5,1241,-7431.280908202571,26963.985888672127,34395.26679687392,0.7839446644769972,19.17808219178082,8770.925659178889,-0.8472630138445693,-1.1882734147643785,14.053182917002417
NewYork,15min,0.5,Range_Midpoint,4.0,No_Cap,1546,-8643.683374022487,36076.6831054691,44720.36647949079,0.8067170720082142,20.051746442432083,10566.609252928618,-0.8180186441196189,-1.197698323519179,16.915265200517467
NewYork,15min,0.5,1.5x_ATR,1.5,1.5,388,-3058.8438101630663,4327.067141287723,7385.910951450789,0.5858542256643064,33.24742268041237,3058.843810163068,-0.9999999999999994,-2.104289347986315,4.1340206185567006
NewYork,15min,0.5,1.5x_ATR,1.5,2.5,1241,-7765.584126499164,15358.43813563776,23124.022262136932,0.6641767578984531,34.81063658340048,7794.452682058597,-0.9962962690599324,-2.7641129285244963,4.015310233682514
NewYork,15min,0.5,1.5x_ATR,1.5,No_Cap,1546,-8679.529539271067,20182.336213030383,28861.865752301455,0.6992734422036121,35.44631306597672,8729.469586180956,-0.9942791430319036,-2.6904517439789335,4.159120310478655
NewYork,15min,0.5,1.5x_ATR,2.0,1.5,388,-3529.624776785538,4625.231734793588,8154.856511579125,0.5671751217481504,26.030927835051546,3529.6247767855466,-0.9999999999999976,-2.185298392154499,5.221649484536083
NewYork,15min,0.5,1.5x_ATR,2.0,2.5,1241,-7442.479159109405,17653.851185826024,25096.33034493545,0.7034435291209278,28.928283642224013,7483.037233188637,-0.9945799983595766,-2.2893932141661146,5.098307816277195
NewYork,15min,0.5,1.5x_ATR,2.0,No_Cap,1546,-8597.833110699627,22962.926674107315,31560.759784807007,0.7275783862833812,29.236739974126777,8667.519839912795,-0.9919600150331044,-2.2993983004884146,5.2975420439844765
NewYork,15min,0.5,1.5x_ATR,3.0,1.5,388,-3666.775655691804,5206.732444545226,8873.508100237028,0.5867727155628724,18.814432989690722,3666.7756556917957,-1.0000000000000022,-1.892150804112587,6.881443298969072
NewYork,15min,0.5,1.5x_ATR,3.0,2.5,1241,-7168.662325613302,20377.09276123056,27545.755086843892,0.7397543722068033,21.595487510072523,7314.383016531151,-0.9800775143182264,-1.7773701814101077,7.357775987107171
NewYork,15min,0.5,1.5x_ATR,3.0,No_Cap,1546,-7751.3782941538675,26824.808332170884,34576.18662632477,0.7758174324448974,21.99223803363519,8016.676525878097,-0.9669067061808172,-1.655966921693627,7.712807244501941
NewYork,15min,0.5,1.5x_ATR,4.0,1.5,388,-2792.6359898156647,6271.470368303612,9064.106358119276,0.6919016746406415,16.237113402061855,2792.635989815657,-1.0000000000000027,-1.191313661038559,8.1159793814433
NewYork,15min,0.5,1.5x_ATR,4.0,2.5,1241,-6260.307353863828,22474.59757952019,28734.904933384045,0.7821357903087869,18.211120064464144,7510.63639962267,-0.8335255523990407,-1.3269171638154271,9.095890410958903
NewYork,15min,0.5,1.5x_ATR,4.0,No_Cap,1546,-7909.939739117601,28393.75746372779,36303.69720284535,0.7821175156094677,18.111254851228978,9325.876534597408,-0.8481711836708407,-1.4783870699430872,9.942432082794308
NewYork,15min,0.5,2.0x_ATR,1.5,1.5,388,-3783.156881277737,5845.5437744141345,9628.700655691868,0.6070958048694375,32.7319587628866,3880.9756347654675,-0.9747953188338834,-1.951287388814166,7.046391752577319
NewYork,15min,0.5,2.0x_ATR,1.5,2.5,1241,-9124.96612374389,20857.918314034745,29982.884437778677,0.6956608313426176,34.085414987912976,9479.2632812495,-0.9626239775187563,-2.428425242087452,7.041901692183722
NewYork,15min,0.5,2.0x_ATR,1.5,No_Cap,1546,-9488.444377789505,27664.38496093772,37152.82933872728,0.7446104496838679,35.058214747736095,9891.814805384402,-0.9592217974627537,-2.1947704705999755,7.362871927554981
NewYork,15min,0.5,2.0x_ATR,2.0,1.5,388,-3920.5404785154815,6479.461286272365,10400.001764787845,0.6230250179582102,27.061855670103093,4076.3653878346704,-0.9617735667699893,-1.8052824323200634,8.79381443298969
NewYork,15min,0.5,2.0x_ATR,2.0,2.5,1241,-9683.791022599878,23031.977873884094,32715.76889648398,0.7040023404847863,27.961321514907333,10248.923577008378,-0.9448593259416752,-2.2525813764019884,8.98952457695407
NewYork,15min,0.5,2.0x_ATR,2.0,No_Cap,1546,-9999.219873046228,30610.73066406268,40609.95053710885,0.7537741430167709,28.91332470892626,10657.567982700275,-0.9382271723978022,-2.00990767215425,9.623544631306599
NewYork,15min,0.5,2.0x_ATR,3.0,1.5,388,-2657.365429687343,8242.848367745592,10900.213797432938,0.7562097882600091,22.68041237113402,3008.877594865913,-0.8831749866533753,-0.9799517511923198,11.335051546391753
NewYork,15min,0.5,2.0x_ATR,3.0,2.5,1241,-7309.804380579805,27615.31729910728,34925.12167968707,0.7907006753585264,22.72360999194198,9128.840785434706,-0.8007374158877633,-1.3651574039948948,12.159548751007252
NewYork,15min,0.5,2.0x_ATR,3.0,No_Cap,1546,-7905.882645088641,35697.00618024571,43602.88882533427,0.8186844299065098,23.221216041397152,10280.1901646198,-0.7690405059137376,-1.2906176194735304,13.468952134540752
NewYork,15min,0.5,2.0x_ATR,4.0,1.5,388,-2205.834667968611,9024.422035435295,11230.25670340391,0.8035811000384325,19.84536082474227,2848.190841238681,-0.7744687034416877,-0.7151955772184778,14.695876288659793
NewYork,15min,0.5,2.0x_ATR,4.0,2.5,1241,-6937.357219586527,29282.849693080458,36220.20691266697,0.8084672117883355,19.983883964544724,9025.335274832054,-0.7686536852466813,-1.1493603804344503,15.389202256244964
NewYork,15min,0.5,2.0x_ATR,4.0,No_Cap,1546,-7545.9869280127605,37598.98770926354,45144.974637276224,0.8328499021509704,20.50452781371281,10117.244573102013,-0.7458539598889139,-1.0918285234297629,16.88163001293661
NewYork,30min,0.0,Opposite_Bound,1.5,1.5,55,-981.3862304687336,722.4532226562542,1703.8394531249878,0.42401484560720376,29.09090909090909,997.5854248046344,-0.983761596818565,-1.091554023596736,6.381818181818182
NewYork,30min,0.0,Opposite_Bound,1.5,2.5,722,-6873.264697265313,14788.58837890642,21661.853076171443,0.6827019058297565,33.933518005540165,6931.863891601033,-0.9915464014798787,-1.8775811047435615,12.326869806094184
NewYork,30min,0.0,Opposite_Bound,1.5,No_Cap,1545,-7939.318725585072,44646.14260253972,52585.461328123885,0.8490206508592892,37.15210355987055,11017.912231444257,-0.7205828616901556,-1.1615315586019412,19.635598705501618
NewYork,30min,0.0,Opposite_Bound,2.0,1.5,55,-1336.9514160156086,583.5934570312565,1920.5448730468652,0.3038686912352168,21.818181818181817,1394.4500488280719,-0.9587660864146504,-1.5506889884216808,9.563636363636363
NewYork,30min,0.0,Opposite_Bound,2.0,2.5,722,-6741.471484374688,16241.485888672041,22982.957373046404,0.7066751952348604,29.501385041551245,6874.267285155674,-0.980682188330421,-1.666075314886342,15.281163434903046
NewYork,30min,0.0,Opposite_Bound,2.0,No_Cap,1545,-7440.431396483409,48193.188964844325,55633.62036132692,0.8662601616044616,32.68608414239482,12017.765136717702,-0.619119387992595,-0.9750508957179103,23.880906148867314
NewYork,30min,0.0,Opposite_Bound,3.0,1.5,55,-1298.4492187499836,669.0952148437555,1967.544433593739,0.3400661268023546,18.181818181818183,1298.4492187499382,-1.000000000000035,-1.4166196377135485,12.818181818181818
NewYork,30min,0.0,Opposite_Bound,3.0,2.5,722,-5906.135791015313,18372.768945312644,24278.904736327604,0.7567379642880746,25.484764542936286,6285.177929686958,-0.9396926955907955,-1.2351155346863956,20.27285318559557
NewYork,30min,0.0,Opposite_Bound,3.0,No_Cap,1545,-6368.409912108418,51772.15942382864,58140.56933593622,0.8904652984164826,29.12621359223301,11702.033105467692,-0.5442139715989031,-0.7361752571156026,29.658899676375405
NewYork,30min,0.0,Opposite_Bound,4.0,1.5,55,-1102.6508789062336,864.8935546875055,1967.544433593739,0.43958018935702964,18.181818181818183,1102.6508789061882,-1.0000000000000413,-1.0678523970650107,13.236363636363636
NewYork,30min,0.0,Opposite_Bound,4.0,2.5,722,-5389.122851562188,19637.33051757828,25026.4533691401,0.7846629415653797,23.130193905817176,5555.720703124451,-0.9700132781209518,-1.0065745805207362,22.774238227146814
NewYork,30min,0.0,Opposite_Bound,4.0,No_Cap,1545,-4556.874267577291,54531.84321289113,59088.71748046746,0.922880805983263,27.637540453074433,11355.700341795873,-0.40128518104737465,-0.48755023547246357,32.71715210355987
NewYork,30min,0.0,Range_Midpoint,1.5,1.5,55,-913.8937508719141,362.2021963937027,1276.0959472656168,0.28383617796907795,27.272727272727273,913.89375087187,-1.0000000000000482,-1.4943192936128622,3.3636363636363633
NewYork,30min,0.0,Range_Midpoint,1.5,2.5,722,-4953.211182512243,9158.293895612556,14111.505078124674,0.6489948339960937,34.48753462603878,5003.383838762033,-0.9899722552043491,-2.094997393537834,4.8711911357340725
NewYork,30min,0.0,Range_Midpoint,1.5,No_Cap,1545,-9414.220349992293,26565.450011335677,35979.670361327044,0.7383461200325422,35.40453074433657,9815.489490616817,-0.9591187845488377,-2.1565493578626245,7.6854368932038835
NewYork,30min,0.0,Range_Midpoint,2.0,1.5,55,-1058.60206821985,320.44133998326515,1379.0434082031152,0.2323649408547612,21.818181818181817,1058.6020682198068,-1.0000000000000409,-1.7756396938703072,4.5636363636363635
NewYork,30min,0.0,Range_Midpoint,2.0,2.5,722,-5808.260076032054,9800.73841029586,15608.998486327726,0.6278902787312427,26.869806094182824,5849.458757672481,-0.9929568386841965,-2.178969246018939,6.148199445983379
NewYork,30min,0.0,Range_Midpoint,2.0,No_Cap,1545,-9786.074358258162,29279.64036342124,39065.71472167849,0.7494971120334649,28.802588996763753,10393.217546734288,-0.9415827499283992,-1.972392801385824,9.805825242718447
NewYork,30min,0.0,Range_Midpoint,3.0,1.5,55,-1096.3805193219696,349.2126691545809,1445.5931884765505,0.241570499873897,14.545454545454545,1096.3805193219268,-1.000000000000039,-1.7602653999582516,6.163636363636363
NewYork,30min,0.0,Range_Midpoint,3.0,2.5,722,-6082.449049595111,10755.453123256224,16837.9021728511,0.6387644382800831,20.63711911357341,6156.347169712062,-0.9879964339112463,-1.957541379035223,8.839335180055402
NewYork,30min,0.0,Range_Midpoint,3.0,No_Cap,1545,-8712.291530063436,33059.62155587371,41771.91308593618,0.791431828555735,23.300970873786408,10365.00083182078,-0.8405490430175856,-1.475095681479367,13.347572815533981
NewYork,30min,0.0,Range_Midpoint,4.0,1.5,55,-1089.2114606584664,386.0820940290205,1475.293554687487,0.2616984889565282,10.909090909090908,1089.2114606584219,-1.0000000000000409,-1.6431216804476236,6.618181818181818
NewYork,30min,0.0,Range_Midpoint,4.0,2.5,722,-5505.682212611296,11861.017445591593,17366.69965820264,0.6829747550790053,17.867036011080334,5680.779673548545,-0.9691772131644962,-1.5317578284956925,10.476454293628809
NewYork,30min,0.0,Range_Midpoint,4.0,No_Cap,1545,-9520.456944056046,33809.10987723248,43329.566821287684,0.7802780493208661,20.258899676375403,11347.762534876078,-0.8389721687245383,-1.463738525372764,15.988349514563106
NewYork,30min,0.0,1.5x_ATR,1.5,1.5,55,-982.6232386997617,359.4310913086042,1342.054330008366,0.26782156524644096,27.272727272727273,984.4298688615891,-0.9981647954628636,-1.8986522389542169,4.4363636363636365
NewYork,30min,0.0,1.5x_ATR,1.5,2.5,722,-5437.249551827247,8300.25054059722,13737.500092424469,0.6042038569429663,33.933518005540165,5485.630324881076,-0.9911804532590559,-2.5871294567197,4.14404432132964
NewYork,30min,0.0,1.5x_ATR,1.5,No_Cap,1545,-8427.314309255766,21091.950021798475,29519.264331054248,0.7145147584050648,35.79288025889968,8967.955444335137,-0.9397141145007715,-2.5340875459628442,4.363106796116505
NewYork,30min,0.0,1.5x_ATR,2.0,1.5,55,-1116.6042567661725,330.7138671875032,1447.3181239536757,0.22850115790997194,18.181818181818183,1116.6042567661716,-1.0000000000000009,-2.1649678359795477,5.6
NewYork,30min,0.0,1.5x_ATR,2.0,2.5,722,-6282.222521972367,8889.550714983323,15171.773236955696,0.585926943155859,26.592797783933516,6349.830219377499,-0.9893528338444677,-2.6709607168984624,5.4515235457063715
NewYork,30min,0.0,1.5x_ATR,2.0,No_Cap,1545,-9484.920924594753,23240.114829799284,32725.035754394048,0.7101631608356239,28.673139158576053,9677.07105538423,-0.9801437718406991,-2.480697302623017,5.693203883495146
NewYork,30min,0.0,1.5x_ATR,3.0,1.5,55,-1160.788129534028,352.0901960100491,1512.8783255440771,0.2327286934218102,12.727272727272727,1160.7881295340267,-1.000000000000001,-2.1122593264065714,6.727272727272727
NewYork,30min,0.0,1.5x_ATR,3.0,2.5,722,-5867.953461565005,10459.848400878936,16327.801862443948,0.6406158335947191,20.3601108033241,5941.471812220653,-0.9876262392586912,-2.0568893536460267,7.198060941828255
NewYork,30min,0.0,1.5x_ATR,3.0,No_Cap,1545,-8572.149928501018,27053.510705566507,35625.66063406755,0.7593827096555285,21.941747572815533,9075.223763601307,-0.9445662334940979,-1.8054911676712286,8.180582524271845
NewYork,30min,0.0,1.5x_ATR,4.0,1.5,55,-1036.1913975306811,476.686928013396,1512.8783255440771,0.31508609778117147,12.727272727272727,1036.191397530678,-1.000000000000003,-1.6247563609107982,7.3999999999999995
NewYork,30min,0.0,1.5x_ATR,4.0,2.5,722,-5771.175420270309,11197.718331473281,16968.893751743584,0.6598967790886601,17.31301939058172,5954.580986676516,-0.969199248978798,-1.780542852088994,9.547091412742382
NewYork,30min,0.0,1.5x_ATR,4.0,No_Cap,1545,-9208.826869418943,28102.065345982257,37310.89221540121,0.7531866347163435,18.25242718446602,10497.049422780932,-0.8772776518927061,-1.7272350226595228,10.766990291262136
NewYork,30min,0.0,2.0x_ATR,1.5,1.5,55,-865.4472481863718,724.3839390345988,1589.8311872209706,0.4556357585995177,29.09090909090909,930.1466343470893,-0.9304417349140517,-1.0887577135505733,7.6
NewYork,30min,0.0,2.0x_ATR,1.5,2.5,722,-6158.901206751937,11523.80300641749,17682.70421316943,0.6516991330904571,32.686980609418285,6226.508904157074,-0.9891419576449977,-2.130270817481338,7.228531855955679
NewYork,30min,0.0,2.0x_ATR,1.5,No_Cap,1545,-8989.177385601992,29016.948786272544,38006.12617187456,0.7634808308284199,35.080906148867314,9553.111443219083,-0.9409685461151636,-1.9989040905828912,7.640129449838188
NewYork,30min,0.0,2.0x_ATR,2.0,1.5,55,-1128.8386230468564,632.4808733258988,1761.319496372755,0.35909491414159894,21.818181818181817,1128.838623046855,-1.000000000000001,-1.4679185270309445,10.799999999999999
NewYork,30min,0.0,2.0x_ATR,2.0,2.5,722,-7029.714195033158,12296.367222377317,19326.08141741047,0.6362576539339099,27.008310249307478,7111.990325055463,-0.9884313495573178,-2.2400159869622036,9.103878116343491
NewYork,30min,0.0,2.0x_ATR,2.0,No_Cap,1545,-9806.93024553506,31790.996965680984,41597.927211215945,0.7642447375865704,29.12621359223301,9891.559953961303,-0.9914442505711801,-1.9224549707009926,10.070550161812298
NewYork,30min,0.0,2.0x_ATR,3.0,1.5,55,-1018.9479631696258,786.0867675781287,1805.0347307477546,0.4354967548200494,20.0,1018.9479631696213,-1.0000000000000044,-1.1705313864106492,12.69090909090909
NewYork,30min,0.0,2.0x_ATR,3.0,2.5,722,-5658.130419921547,14768.049448939808,20426.17986886136,0.7229961521808063,22.991689750692522,5949.723479352342,-0.950990485449832,-1.4866396710357639,12.660664819944598
NewYork,30min,0.0,2.0x_ATR,3.0,No_Cap,1545,-8350.450753347532,36267.35871930823,44617.80947265565,0.8128448964204515,23.883495145631066,10314.108830914425,-0.8096143729178782,-1.356888342862658,14.511974110032362
NewYork,30min,0.0,2.0x_ATR,4.0,1.5,55,-891.2603236606924,938.5026506696499,1829.7629743303423,0.5129094116756426,18.181818181818183,891.2603236606938,-0.9999999999999984,-0.898149440412045,13.527272727272727
NewYork,30min,0.0,2.0x_ATR,4.0,2.5,722,-6129.7794154572875,15219.322419084872,21349.101834542158,0.712878815091907,19.806094182825486,6382.586837332262,-0.9603910720969304,-1.437195006023097,15.704986149584487
NewYork,30min,0.0,2.0x_ATR,4.0,No_Cap,1545,-8511.585484095334,37849.57549525689,46361.16097935204,0.8164069815273614,21.16504854368932,10737.76665736536,-0.7926774492028078,-1.2245117166107795,17.851132686084142
NewYork,30min,0.1,Opposite_Bound,1.5,1.5,55,-943.8843994140461,770.7509521484417,1714.6353515624878,0.4495130416190726,29.09090909090909,1045.8708007811874,-0.9024866156594438,-1.0272501423908866,6.327272727272727
NewYork,30min,0.1,Opposite_Bound,1.5,2.5,722,-5726.95061035125,15919.993823242383,21646.944433593322,0.7354383835594166,35.041551246537395,5791.249877929114,-0.988897169189174,-1.5181146547251332,12.868421052631579
NewYork,30min,0.1,Opposite_Bound,1.5,No_Cap,1545,-6345.350219725868,46405.315893555366,52750.66611328015,0.8797105195582103,37.92880258899677,9894.756713866102,-0.6412841066454678,-0.9121249576465873,20.61747572815534
NewYork,30min,0.1,Opposite_Bound,2.0,1.5,55,-1374.5478515624836,587.1920898437565,1961.7399414062402,0.29932208518058606,21.818181818181817,1435.6451171874469,-0.957442640320013,-1.5843099131612328,9.545454545454545
NewYork,30min,0.1,Opposite_Bound,2.0,2.5,722,-5269.462207030938,17708.18852539081,22977.650732421418,0.7706701059914969,30.886426592797783,5483.209521483982,-0.9610178466433661,-1.2505941167687429,16.00415512465374
NewYork,30min,0.1,Opposite_Bound,2.0,No_Cap,1545,-4838.782226561739,50686.74194335998,55525.524169920696,0.9128548122886162,33.980582524271846,10029.533935545795,-0.4824533480476646,-0.6210739923162371,25.059546925566345
NewYork,30min,0.1,Opposite_Bound,3.0,1.5,55,-1341.4436035156086,669.0952148437555,2010.538818359364,0.33279397976993513,18.181818181818183,1341.4436035155632,-1.000000000000034,-1.4572425349481029,12.745454545454544
NewYork,30min,0.1,Opposite_Bound,3.0,2.5,722,-4997.236865234063,19588.11484375017,24585.35170898388,0.7967392565953149,26.454293628808863,5164.934423827557,-0.9675315222164584,-1.0108662142463951,21.149584487534625
NewYork,30min,0.1,Opposite_Bound,3.0,No_Cap,1545,-4706.516601561776,53684.657812500554,58391.17441406126,0.9193967812980429,30.161812297734627,10315.465380858339,-0.45625829061433504,-0.5353620156950202,30.885436893203885
NewYork,30min,0.1,Opposite_Bound,4.0,1.5,55,-1145.6452636718586,864.8935546875055,2010.538818359364,0.4301799829924568,18.181818181818183,1145.6452636718132,-1.0000000000000397,-1.1049435471002618,13.163636363636362
NewYork,30min,0.1,Opposite_Bound,4.0,2.5,722,-4485.938037109063,20788.015136718917,25273.953173827613,0.8225074642555681,24.238227146814406,4787.620703124577,-0.9369869326075425,-0.8138889564707064,24.462603878116344
NewYork,30min,0.1,Opposite_Bound,4.0,No_Cap,1545,-2868.496582030575,56380.928466797406,59249.42504882686,0.9515860857777851,28.802588996763753,9448.649560545855,-0.30358799568653494,-0.3020559535966106,34.35145631067961
NewYork,30min,0.1,Range_Midpoint,1.5,1.5,55,-879.0164315359766,405.82521885464075,1284.8416503906174,0.31585621366746774,29.09090909090909,879.0164315359325,-1.0000000000000502,-1.3984257456958404,3.381818181818182
NewYork,30min,0.1,Range_Midpoint,1.5,2.5,722,-4544.759339250525,9964.49158848368,14509.250927734054,0.6867681617826882,35.18005540166205,4600.63206874247,-0.9878554231990089,-1.8361961247614405,5.365650969529086
NewYork,30min,0.1,Range_Midpoint,1.5,No_Cap,1545,-8407.837598527507,28407.44096592556,36815.27856445208,0.7716209702499734,36.24595469255664,8566.153199112965,-0.9815184719552001,-1.8617203197283063,8.294498381877023
NewYork,30min,0.1,Range_Midpoint,2.0,1.5,55,-1008.1504080636,379.6387032645157,1387.7891113281157,0.2735564792702553,23.636363636363637,1008.3505057198126,-0.999801559422961,-1.6194210780733433,4.636363636363636
NewYork,30min,0.1,Range_Midpoint,2.0,2.5,722,-5067.110173688305,10910.734552874004,15977.844726562102,0.682866477900842,27.977839335180054,5115.908952984933,-0.9904613667395006,-1.8003816062570426,6.792243767313019
NewYork,30min,0.1,Range_Midpoint,2.0,No_Cap,1545,-8749.783464703525,31244.786554827508,39994.57001953006,0.781225714880048,29.57928802588997,9303.73329380459,-0.9404594035955499,-1.7045818889833808,10.798705501618123
NewYork,30min,0.1,Range_Midpoint,3.0,1.5,55,-1129.3797869000946,356.7090070452059,1486.0887939453005,0.24003209532198083,14.545454545454545,1129.3797869000518,-1.0000000000000377,-1.7952700962304315,6.327272727272727
NewYork,30min,0.1,Range_Midpoint,3.0,2.5,722,-5303.347487095111,11965.99980294374,17269.34729003861,0.6929039993217361,21.74515235457064,5382.849855258856,-0.9852304317784243,-1.6181023494724052,9.746537396121884
NewYork,30min,0.1,Range_Midpoint,3.0,No_Cap,1545,-7197.860377719749,35439.90864083468,42637.76901855338,0.8311858114671378,24.336569579288025,8754.619728305108,-0.8221785298621135,-1.1786268783588236,14.755339805825242
NewYork,30min,0.1,Range_Midpoint,4.0,1.5,55,-1132.2058454240914,386.0820940290205,1518.287939453112,0.2542877961397016,10.909090909090908,1132.2058454240469,-1.0000000000000393,-1.701020005014653,7.0
NewYork,30min,0.1,Range_Midpoint,4.0,2.5,722,-4571.725303431608,13285.718812779107,17857.44411621045,0.7439877020653103,18.83656509695291,4756.227061243785,-0.9612083789448167,-1.1991037115619487,11.577562326869806
NewYork,30min,0.1,Range_Midpoint,4.0,No_Cap,1545,-8140.0516706187045,36179.86637137312,44319.918041990815,0.8163342345781096,21.16504854368932,9901.852525110484,-0.8220736119807923,-1.2087850989654794,17.529449838187702
NewYork,30min,0.1,1.5x_ATR,1.5,1.5,55,-925.6237487792782,388.32650756836756,1313.9502563476458,0.2955412548476446,27.272727272727273,925.8228437150992,-0.9997849535284503,-1.7491285822333056,4.309090909090909
NewYork,30min,0.1,1.5x_ATR,1.5,2.5,722,-5117.442640903682,8554.90698939746,13672.349630301147,0.6257086178104874,34.48753462603878,5165.919936697469,-0.9906159413254907,-2.412557218889673,4.0595567867036015
NewYork,30min,0.1,1.5x_ATR,1.5,No_Cap,1545,-7788.898607525835,21624.31314610096,29413.211753626776,0.7351904758729584,36.44012944983819,8123.062977817272,-0.958862270155484,-2.324272865010033,4.448543689320388
NewYork,30min,0.1,1.5x_ATR,2.0,1.5,55,-986.2981654575697,408.5909528459888,1394.8891183035585,0.2929200231649312,20.0,986.2981654575669,-1.0000000000000027,-1.7757713075490114,5.345454545454545
NewYork,30min,0.1,1.5x_ATR,2.0,2.5,722,-5692.308537946137,9334.539320591584,15026.847858537729,0.621190778562919,27.42382271468144,5760.044932337881,-0.9882403010414972,-2.3806122067640265,5.469529085872576
NewYork,30min,0.1,1.5x_ATR,2.0,No_Cap,1545,-8517.657610211369,24018.838577706658,32536.49618791805,0.7382122045036215,29.385113268608414,8712.176602608019,-0.9776727445655291,-2.203671616532131,5.908090614886731
NewYork,30min,0.1,1.5x_ATR,3.0,1.5,55,-1151.9476667131494,352.0901960100491,1504.0378627231985,0.23409663063438943,12.727272727272727,1151.9476667131457,-1.000000000000003,-2.103269859472093,6.581818181818181
NewYork,30min,0.1,1.5x_ATR,3.0,2.5,722,-5690.767269461207,10708.74091796878,16399.508187429994,0.652991589478085,20.3601108033241,5767.200136020878,-0.9867469717094982,-1.9668700067309561,7.113573407202216
NewYork,30min,0.1,1.5x_ATR,3.0,No_Cap,1545,-7990.298427036176,27703.564430454913,35693.86285749109,0.7761436340208482,22.135922330097088,8495.805472236938,-0.9404992208387203,-1.6637847071951093,8.414886731391586
NewYork,30min,0.1,1.5x_ATR,4.0,1.5,55,-1027.3509347098025,476.686928013396,1504.0378627231985,0.3169381169369703,12.727272727272727,1027.3509347098006,-1.0000000000000018,-1.6153387754510442,7.254545454545454
NewYork,30min,0.1,1.5x_ATR,4.0,2.5,722,-5260.9770124159495,11726.619712611682,16987.596725027637,0.6903048089983784,17.72853185595568,5447.361443219474,-0.965784456796873,-1.5880526502698464,9.313019390581717
NewYork,30min,0.1,1.5x_ATR,4.0,No_Cap,1545,-7927.906328473049,29317.334465680928,37245.24079415402,0.7871431044763858,18.83495145631068,8994.085062080601,-0.8814577885078493,-1.4617987805783756,10.933980582524272
NewYork,30min,0.1,2.0x_ATR,1.5,1.5,55,-718.6981549944107,802.2610246930844,1520.9591796874952,0.5274704511517012,30.90909090909091,812.9596854073461,-0.8840514085692894,-0.8841901573877732,7.254545454545454
NewYork,30min,0.1,2.0x_ATR,1.5,2.5,722,-6159.93113141712,11571.420382254555,17731.35151367167,0.6525966378441299,33.10249307479224,6227.667525808856,-0.9891233123619684,-2.1648527540508735,7.354570637119114
NewYork,30min,0.1,2.0x_ATR,1.5,No_Cap,1545,-8944.910069056255,29215.516542271434,38160.426611327704,0.7655972203832484,35.33980582524272,9063.888420758176,-0.9868733653616658,-1.9949447227136017,7.803236245954692
NewYork,30min,0.1,2.0x_ATR,2.0,1.5,55,-1117.0513392857038,632.4808733258988,1749.5322126116025,0.3615142772260061,21.818181818181817,1117.051339285701,-1.0000000000000024,-1.4580163907580297,10.563636363636363
NewYork,30min,0.1,2.0x_ATR,2.0,2.5,722,-6585.108482142534,12635.81988699786,19220.928369140387,0.6573990415200205,27.14681440443213,6644.738211495195,-0.9910260227785191,-2.071851917655836,9.361495844875346
NewYork,30min,0.1,2.0x_ATR,2.0,No_Cap,1545,-9050.50812639443,32457.7697405136,41508.27786690789,0.7819589587548336,29.449838187702266,9081.752036829668,-0.9965597045252356,-1.757527116282331,10.310032362459546
NewYork,30min,0.1,2.0x_ATR,3.0,1.5,55,-1007.1606794084732,786.0867675781287,1793.247446986602,0.43835934014520966,20.0,1007.1606794084673,-1.0000000000000058,-1.1605404947214322,12.454545454545453
NewYork,30min,0.1,2.0x_ATR,3.0,2.5,722,-4980.6401855465465,15304.500704520184,20285.14089006672,0.754468543623206,23.407202216066484,5090.817340959456,-0.9783576687133417,-1.2835966505671248,12.849030470914128
NewYork,30min,0.1,2.0x_ATR,3.0,No_Cap,1545,-6885.834926059578,37564.138309151975,44449.97323521143,0.8450879848763377,24.401294498381876,8481.897684151032,-0.8118271620897055,-1.101011789356631,14.693851132686085
NewYork,30min,0.1,2.0x_ATR,4.0,1.5,55,-879.4730398995398,938.5026506696499,1817.9756905691897,0.5162349835248976,18.181818181818183,879.4730398995398,-1.0,-0.8884854504545348,13.290909090909091
NewYork,30min,0.1,2.0x_ATR,4.0,2.5,722,-5503.598472376948,15740.863943917451,21244.46241629439,0.7409396216043712,20.083102493074794,5760.3777134483435,-0.9554231937826037,-1.2606458553474258,16.209141274238227
NewYork,30min,0.1,2.0x_ATR,4.0,No_Cap,1545,-7508.114153180151,38748.22385602698,46256.338009206906,0.8376846400662867,21.553398058252426,9564.163364954611,-0.7850257117827664,-1.0678186284603717,18.381229773462785
NewYork,30min,0.25,Opposite_Bound,1.5,1.5,55,-993.1348876952961,779.6504638671922,1772.7853515624884,0.43978841723845924,30.90909090909091,993.2104248046344,-0.9999239465198393,-1.0683256565576238,8.963636363636363
NewYork,30min,0.25,Opposite_Bound,1.5,2.5,722,-4941.924975585625,17346.928295898666,22288.85327148396,0.7782781861681541,36.98060941828255,5106.559155272792,-0.967760252122572,-1.2420700639882738,14.112188365650969
NewYork,30min,0.25,Opposite_Bound,1.5,No_Cap,1545,-4964.748413085263,48729.77404785226,53694.52246093642,0.9075371530364928,39.15857605177994,9455.70925292853,-0.5250529897107009,-0.6883917713002263,22.11326860841424
NewYork,30min,0.25,Opposite_Bound,2.0,1.5,55,-1386.2958984374836,611.0940429687571,1997.3899414062407,0.3059462903565655,23.636363636363637,1386.2958984374382,-1.0000000000000329,-1.5779409506867765,11.436363636363636
NewYork,30min,0.25,Opposite_Bound,2.0,2.5,722,-5773.717578124688,18393.595507812708,24167.31308593705,0.7610939388423752,31.57894736842105,5996.374169921354,-0.9628681290581327,-1.318022677858715,17.894736842105264
NewYork,30min,0.25,Opposite_Bound,2.0,No_Cap,1545,-3636.6325683586983,53237.85307617252,56874.4856445301,0.9360586293283282,34.82200647249191,9767.631249998853,-0.3723146866707448,-0.44771428059231355,26.660194174757283
NewYork,30min,0.25,Opposite_Bound,3.0,1.5,55,-1176.9477539062336,841.9918945312565,2018.9396484374902,0.4170465893732366,21.818181818181817,1176.9477539061882,-1.0000000000000386,-1.171448236066198,12.545454545454545
NewYork,30min,0.25,Opposite_Bound,3.0,2.5,722,-3924.531787109063,21409.781396484577,25334.313183593265,0.8450902632067305,28.25484764542936,4222.038085936753,-0.9295349087876165,-0.756803513134253,22.645429362880886
NewYork,30min,0.25,Opposite_Bound,3.0,No_Cap,1545,-1729.6098632805752,57418.1246093756,59147.734472655044,0.9707578002995352,31.779935275080906,8417.466113280136,-0.20547868444065256,-0.19095738079267952,32.324271844660196
NewYork,30min,0.25,Opposite_Bound,4.0,1.5,55,-912.2504882812336,1106.6891601562565,2018.9396484374902,0.5481536612611239,21.818181818181817,912.2504882811882,-1.0000000000000497,-0.7904247212374614,13.018181818181818
NewYork,30min,0.25,Opposite_Bound,4.0,2.5,722,-3280.242236327813,22683.573242187704,25963.815478515127,0.8736610095291348,26.31578947368421,4105.530859374371,-0.7989812642225952,-0.5686280071572416,26.469529085872576
NewYork,30min,0.25,Opposite_Bound,4.0,No_Cap,1545,768.4406738287998,60670.47734375058,59902.03666992065,1.012828289596634,30.614886731391586,7348.2742187488575,0.10457430560609063,0.07782548957755585,36.12621359223301
NewYork,30min,0.25,Range_Midpoint,1.5,1.5,55,-786.6174447195704,521.7245230538606,1308.341967773431,0.39876770439592674,32.72727272727273,852.7446175710975,-0.9224537200365105,-1.1455304333344365,3.690909090909091
NewYork,30min,0.25,Range_Midpoint,1.5,2.5,722,-3952.8221705842293,11433.553819929,15386.375990513046,0.7430959588520856,36.70360110803324,4017.8465114042992,-0.9838161212392001,-1.462667864097857,6.232686980609419
NewYork,30min,0.25,Range_Midpoint,1.5,No_Cap,1545,-7726.656350271367,30990.200987898228,38716.85733816859,0.8004317271212732,37.02265372168285,8022.077297536576,-0.9631740088872084,-1.6035420944085685,9.306148867313915
NewYork,30min,0.25,Range_Midpoint,2.0,1.5,55,-958.849870954225,466.58875209264124,1425.4386230468663,0.3273299492161302,25.454545454545453,1018.4017264229406,-0.9415242002015384,-1.4353589317920563,6.945454545454545
NewYork,30min,0.25,Range_Midpoint,2.0,2.5,722,-4531.780060686072,12436.59304896777,16968.373109653607,0.732927839846495,29.501385041551245,4646.385578263937,-0.9753344797483025,-1.48114712767607,8.015235457063712
NewYork,30min,0.25,Range_Midpoint,2.0,No_Cap,1545,-7899.352033341958,34066.19544154629,41965.54747488721,0.8117657814885412,30.679611650485437,8397.79946986491,-0.9406454704816891,-1.4446020138188431,12.078964401294499
NewYork,30min,0.25,Range_Midpoint,3.0,1.5,55,-995.2318376813446,507.407200404582,1502.6390380859266,0.33767737130729764,18.181818181818183,995.2318376813018,-1.0000000000000429,-1.4074023675083045,8.345454545454546
NewYork,30min,0.25,Range_Midpoint,3.0,2.5,722,-5585.472818428816,13009.705735560938,18595.17855398949,0.6996279007371928,22.437673130193907,5876.579190498877,-0.9504632946084152,-1.5957142761085492,11.318559556786704
NewYork,30min,0.25,Range_Midpoint,3.0,No_Cap,1545,-7041.744742256578,37988.50890938938,45030.253651644896,0.8436219170175984,24.854368932038835,8656.400821357554,-0.8134725837651594,-1.0787005151984306,16.376699029126215
NewYork,30min,0.25,Range_Midpoint,4.0,1.5,55,-898.2110944475289,619.7276506696471,1517.938745117176,0.4082692089276684,16.363636363636363,898.2110944474844,-1.0000000000000495,-1.1518494805073218,8.690909090909091
NewYork,30min,0.25,Range_Midpoint,4.0,2.5,722,-4822.808154296563,14372.920179966626,19195.72833426291,0.7487561779206919,19.806094182825486,4951.010009765089,-0.9741059187487667,-1.2042058953554393,13.322714681440443
NewYork,30min,0.25,Range_Midpoint,4.0,No_Cap,1545,-7472.986938475888,39079.165931920026,46552.15287039485,0.8394706479143885,22.135922330097088,8969.896411131669,-0.8331185329188292,-1.0543105478162438,19.246601941747574
NewYork,30min,0.25,1.5x_ATR,1.5,1.5,55,-772.2752075195194,469.9247297014631,1242.1999372209825,0.37830039723940617,30.90909090909091,827.4523899623218,-0.9333167888422983,-1.3873165412066708,4.218181818181818
NewYork,30min,0.25,1.5x_ATR,1.5,2.5,722,-4627.86918945282,9009.84759521498,13637.716784667791,0.6606565994495724,35.3185595567867,4678.258891078086,-0.9892289625695225,-2.1359850949312174,4.167590027700831
NewYork,30min,0.25,1.5x_ATR,1.5,No_Cap,1545,-6613.758553640489,22742.253611537617,29356.012165178116,0.7747051433135155,37.28155339805825,6833.9873770569275,-0.9677744761197845,-1.9307834823340413,4.550161812297735
NewYork,30min,0.25,1.5x_ATR,2.0,1.5,55,-806.126438685817,517.8266566685329,1323.95309535435,0.3911216027860405,23.636363636363637,856.5034458705304,-0.9411829486178992,-1.3432710518722737,5.236363636363636
NewYork,30min,0.25,1.5x_ATR,2.0,2.5,722,-5371.964866419928,9721.375324358338,15093.34019077828,0.6440837615452342,28.53185595567867,5442.251135253636,-0.9870850743402101,-2.2109046357698032,5.468144044321329
NewYork,30min,0.25,1.5x_ATR,2.0,No_Cap,1545,-7016.713396344177,25464.50438058057,32481.217776924754,0.7839762830158116,30.550161812297734,7064.93530098983,-0.9931744732837262,-1.7707183120124377,5.8957928802589
NewYork,30min,0.25,1.5x_ATR,3.0,1.5,55,-819.3133457728732,567.2747105189774,1386.5880562918505,0.4091155321473336,18.181818181818183,819.3133457728763,-0.9999999999999961,-1.2702616164863205,7.890909090909091
NewYork,30min,0.25,1.5x_ATR,3.0,2.5,722,-5615.879225376414,10907.831788853278,16523.711014229695,0.6601320840978034,20.914127423822716,5687.5624825611285,-0.9873964888465832,-1.9240875234105281,7.466759002770083
NewYork,30min,0.25,1.5x_ATR,3.0,No_Cap,1545,-6297.224740163957,29436.226074218874,35733.450814382784,0.8237722750910678,22.977346278317153,6982.1652291427,-0.9019014207627334,-1.271767626377555,8.557281553398058
NewYork,30min,0.25,1.5x_ATR,4.0,1.5,55,-641.3382306780045,745.249825613846,1386.5880562918505,0.53747024736883,18.181818181818183,641.338230678004,-1.0000000000000007,-0.8499814652785714,8.563636363636363
NewYork,30min,0.25,1.5x_ATR,4.0,2.5,722,-5735.330083356275,11503.073918805878,17238.404002162155,0.667293440701534,17.72853185595568,5832.974426269213,-0.9832599398219218,-1.742701217924117,9.555401662049862
NewYork,30min,0.25,1.5x_ATR,4.0,No_Cap,1545,-6904.326398576298,30653.566768973345,37557.893167549584,0.8161684318187036,19.28802588996764,7832.479492186663,-0.8814994543507901,-1.239563847797192,11.18705501618123
NewYork,30min,0.25,2.0x_ATR,1.5,1.5,55,-718.0695800781086,797.0113909040197,1515.0809709821283,0.5260520105320636,30.90909090909091,772.6965959821318,-0.9293034081060111,-0.8898856325210026,6.363636363636363
NewYork,30min,0.25,2.0x_ATR,1.5,2.5,722,-5239.200453403708,12317.689871651874,17556.890325055585,0.7015872198092618,35.3185595567867,5309.486722237404,-0.9867621349274083,-1.8087081488275847,7.272853185595568
NewYork,30min,0.25,2.0x_ATR,1.5,No_Cap,1545,-7473.060616628798,30583.520765904243,38056.58138253307,0.803632897513523,36.763754045307444,7514.961066545115,-0.9944243956095996,-1.6386138071584433,7.890614886731392
NewYork,30min,0.25,2.0x_ATR,2.0,1.5,55,-963.3890555245307,719.2799037388454,1682.668959263376,0.42746370269629586,23.636363636363637,963.3890555245289,-1.000000000000002,-1.2155222518851743,9.4
NewYork,30min,0.25,2.0x_ATR,2.0,2.5,722,-5720.531542968399,13377.236669921986,19097.76821289038,0.7004607303220269,29.224376731301938,5783.561104910344,-0.9891019458775266,-1.7719734993586451,9.551246537396121
NewYork,30min,0.25,2.0x_ATR,2.0,No_Cap,1545,-7906.569963727006,33684.73980189754,41591.30976562448,0.8098985098502048,30.550161812297734,7941.213706751536,-0.9956374750379686,-1.5128646817603557,10.538511326860842
NewYork,30min,0.25,2.0x_ATR,3.0,1.5,55,-778.2347237722979,948.1494698660777,1726.3841936383756,0.5492111624746987,21.818181818181817,778.2347237722952,-1.0000000000000036,-0.8360240946516566,11.036363636363635
NewYork,30min,0.25,2.0x_ATR,3.0,2.5,722,-5252.313943917056,15256.08985072554,20508.403794642607,0.743894551886621,24.099722991689752,5389.786021204974,-0.9744939638146928,-1.3631896705340272,13.393351800554017
NewYork,30min,0.25,2.0x_ATR,3.0,No_Cap,1545,-7126.3174525662635,37858.28100585959,44984.59845842578,0.8415831707567147,24.919093851132686,7839.975230188905,-0.908971934646604,-1.135497041018267,15.13527508090615
NewYork,30min,0.25,2.0x_ATR,4.0,1.5,55,-579.3759068080112,1171.736530412952,1751.1124372209633,0.6691383748450284,20.0,651.8976422991,-0.8887528796157008,-0.5321955586363145,11.927272727272726
NewYork,30min,0.25,2.0x_ATR,4.0,2.5,722,-4075.382442801021,16998.4069614956,21073.789404296604,0.8066136865745607,21.883656509695292,4368.483530970628,-0.9329055297812963,-0.9113194520408802,16.457063711911356
NewYork,30min,0.25,2.0x_ATR,4.0,No_Cap,1545,-5721.182477677919,40649.67324916314,46370.85572684095,0.8766211580959417,22.524271844660195,7332.776890345239,-0.7802204489830805,-0.7972366916653572,18.71650485436893
NewYork,30min,0.5,Opposite_Bound,1.5,1.5,55,-1019.6223144531086,933.4187988281246,1953.0411132812333,0.47793095213439807,29.09090909090909,1171.6252441405595,-0.870263183174282,-1.0007766141174923,10.381818181818181
NewYork,30min,0.5,Opposite_Bound,1.5,2.5,722,-4530.957568359063,19343.59619140649,23874.5537597652,0.8102181253752041,38.08864265927978,4975.535058593313,-0.91064730024032,-1.024870423279698,16.5803324099723
NewYork,30min,0.5,Opposite_Bound,1.5,No_Cap,1541,-5784.99367675712,51254.041625977254,57039.03530273328,0.8985783394467961,39.26022063595068,10046.510180662986,-0.5758212128119655,-0.7508064824289414,25.52757949383517
NewYork,30min,0.5,Opposite_Bound,2.0,1.5,55,-1292.5117187499836,858.6843750000025,2151.196093749986,0.39916601628963333,23.636363636363637,1443.4558593749316,-0.8954286411707025,-1.251491962432169,13.054545454545455
NewYork,30min,0.5,Opposite_Bound,2.0,2.5,722,-5976.072314452813,19910.242041015837,25886.31435546829,0.7691416308868995,32.686980609418285,6580.669531249479,-0.9081252729793482,-1.2453238656478658,21.37673130193906
NewYork,30min,0.5,Opposite_Bound,2.0,No_Cap,1541,-5095.207910155448,55069.08823242251,60164.29614257697,0.9153117673299149,35.4315379623621,10813.936328123968,-0.4711705114172222,-0.5932798829560749,30.292667099286177
NewYork,30min,0.5,Opposite_Bound,3.0,1.5,55,-885.5695800781086,1265.6265136718775,2151.196093749986,0.5883361899684492,23.636363636363637,1155.1099121093066,-0.7666539528355362,-0.6977359757918173,14.781818181818181
NewYork,30min,0.5,Opposite_Bound,3.0,2.5,722,-3378.740771484063,23257.97314453147,26636.71391601515,0.873154744908221,30.47091412742382,4045.2398437492275,-0.8352386760713212,-0.6060751673802572,26.369806094182824
NewYork,30min,0.5,Opposite_Bound,3.0,No_Cap,1541,-1334.9283691399478,60591.96386718812,61926.89223632694,0.9784434787386967,33.09539260220636,9255.607519530187,-0.1442291460958263,-0.13509645594730602,35.918234912394546
NewYork,30min,0.5,Opposite_Bound,4.0,1.5,55,-752.9072265624836,1398.2888671875025,2151.196093749986,0.6500053022827834,23.636363636363637,900.6091796874316,-0.8359977263653809,-0.5756233076548917,17.418181818181818
NewYork,30min,0.5,Opposite_Bound,4.0,2.5,722,-2714.023974609063,24556.690527343962,27270.714501952636,0.9004784427480129,28.53185595567867,3694.227148436852,-0.7346662415594707,-0.44176581911181395,30.35595567867036
NewYork,30min,0.5,Opposite_Bound,4.0,No_Cap,1541,728.9339355475477,63354.175585938094,62625.24165038942,1.0116396187278287,31.992212848799483,8713.702001952046,0.08365375995004783,0.06994190624218147,39.55288773523686
NewYork,30min,0.5,Range_Midpoint,1.5,1.5,55,-1045.0223999023274,531.1199096679775,1576.1423095703049,0.3369745907098794,29.09090909090909,1106.7983764647906,-0.9441849772496225,-1.4475447126734284,4.781818181818181
NewYork,30min,0.5,Range_Midpoint,1.5,2.5,722,-5751.07911551308,12595.592089843922,18346.67120535676,0.6865328292451401,34.34903047091413,5795.2798113136005,-0.9923729833175213,-1.8246197238313655,8.277008310249307
NewYork,30min,0.5,Range_Midpoint,1.5,No_Cap,1541,-9755.38652518055,34563.127746582635,44318.51427176228,0.7798801091264169,35.69110966904607,10151.581764438135,-0.9609720683484526,-1.7675038295149919,12.095392602206358
NewYork,30min,0.5,Range_Midpoint,2.0,1.5,55,-1287.4433593749836,432.646826171881,1720.0901855468646,0.25152566406530047,20.0,1346.7937988280719,-0.9559320517329878,-1.8750781076021645,8.09090909090909
NewYork,30min,0.5,Range_Midpoint,2.0,2.5,722,-5816.062636020893,13816.5518554689,19632.61449148952,0.7037550633644946,29.224376731301938,5921.810756137843,-0.9821426039311802,-1.6661893214585992,10.673130193905818
NewYork,30min,0.5,Range_Midpoint,2.0,No_Cap,1541,-9466.221791293805,37689.934619141146,47156.15641043406,0.7992579864036935,31.018818948734587,9957.315883090501,-0.9506800730676154,-1.5379691433464853,15.521090201168072
NewYork,30min,0.5,Range_Midpoint,3.0,1.5,55,-1236.8476562499836,527.0932861328174,1763.940942382801,0.2988157219259274,16.363636363636363,1294.796850585877,-0.9552445665050295,-1.6545011671605172,9.4
NewYork,30min,0.5,Range_Midpoint,3.0,2.5,722,-5680.919203403705,15269.450732422009,20950.36993582541,0.7288391937323764,23.9612188365651,5969.025038364385,-0.9517331837094076,-1.3886691395479493,14.642659279778393
NewYork,30min,0.5,Range_Midpoint,3.0,No_Cap,1541,-7029.974232700222,42795.983081055136,49825.957313754276,0.8589093996040786,26.47631408176509,9288.826014926271,-0.75682053053892,-0.9468198872303646,20.390006489292666
NewYork,30min,0.5,Range_Midpoint,4.0,1.5,55,-1073.2996826171711,690.6412597656299,1763.940942382801,0.3915330968125749,16.363636363636363,1151.598608398377,-0.9320084921862638,-1.272561693469695,10.290909090909091
NewYork,30min,0.5,Range_Midpoint,4.0,2.5,722,-4954.564222934955,16500.80546875013,21455.36969168477,0.7690757934199183,21.883656509695292,5132.415077426914,-0.9653475309753936,-1.096712563171746,17.35318559556787
NewYork,30min,0.5,Range_Midpoint,4.0,No_Cap,1541,-7618.472157504839,43619.23413085979,51237.70628836361,0.8513112176679536,24.01038286826736,9658.717982699756,-0.7887663943755983,-0.9660781494478969,23.63075924724205
NewYork,30min,0.5,1.5x_ATR,1.5,1.5,55,-806.8939775739273,470.0032932826548,1276.897270856582,0.3680823070186078,29.09090909090909,870.9001787458128,-0.9265056975139664,-1.4327415573483189,4.218181818181818
NewYork,30min,0.5,1.5x_ATR,1.5,2.5,722,-5100.10527779682,9090.20051356739,14190.305791364213,0.6405922921759309,33.933518005540165,5139.782958112095,-0.9922802809693253,-2.296375058026513,4.281163434903047
NewYork,30min,0.5,1.5x_ATR,1.5,No_Cap,1541,-8981.210369000437,22294.88363211518,31276.094001115634,0.7128410482242414,35.36664503569111,9025.627988978074,-0.9950787224964424,-2.5537308021143468,4.72290720311486
NewYork,30min,0.5,1.5x_ATR,2.0,1.5,55,-913.0763811383804,472.4487234933099,1385.5251046316903,0.3409889304163128,20.0,1019.5752144949656,-0.8955458784771085,-1.5390081420601052,5.218181818181818
NewYork,30min,0.5,1.5x_ATR,2.0,2.5,722,-5038.103695242457,10316.999926757891,15355.103622000373,0.6718938654361131,28.808864265927976,5100.0191423685565,-0.9878597618170225,-2.0019971404081898,5.537396121883656
NewYork,30min,0.5,1.5x_ATR,2.0,No_Cap,1541,-8089.922004045038,25783.985288783675,33873.907292828735,0.7611754104978101,29.785853341985725,8280.97264404213,-0.9769289613419331,-1.978215030284269,5.942245295262816
NewYork,30min,0.5,1.5x_ATR,3.0,1.5,55,-911.2108415876014,523.6388706752268,1434.8497122628282,0.36494335692441454,16.363636363636363,963.6541852678438,-0.9455786686946563,-1.43630912506181,7.836363636363636
NewYork,30min,0.5,1.5x_ATR,3.0,2.5,722,-5231.9271554126635,11563.647420828735,16795.574576241415,0.6884937081691965,21.74515235457064,5338.3181361604,-0.9800703183972735,-1.730887399846623,8.005540166204986
NewYork,30min,0.5,1.5x_ATR,3.0,No_Cap,1541,-6847.881249999304,30083.40256870831,36931.283818707554,0.8145777632964265,22.972096041531472,8121.8207920611285,-0.843146066051215,-1.3392521372841546,8.839065541855938
NewYork,30min,0.5,1.5x_ATR,4.0,1.5,55,-748.8143397739827,686.0353724888455,1434.8497122628282,0.4781235042427782,16.363636363636363,833.2068969726461,-0.8987135638155502,-1.0124559195250138,8.10909090909091
NewYork,30min,0.5,1.5x_ATR,4.0,2.5,722,-5318.199040875797,12134.67958286838,17452.878623744196,0.6952824141204683,18.698060941828256,5469.0655552452145,-0.9724145719510117,-1.5690952068070474,10.378116343490305
NewYork,30min,0.5,1.5x_ATR,4.0,No_Cap,1541,-8276.819063894405,30523.334786551466,38800.1538504458,0.7866807668908448,19.46787800129786,9852.05057198581,-0.8401113050951486,-1.483685841727672,11.71512005191434
NewYork,30min,0.5,2.0x_ATR,1.5,1.5,55,-910.4402727399406,711.4554094587061,1621.8956821986467,0.43865670108588917,27.272727272727273,1027.5534249441844,-0.8860271890869273,-1.145862899838344,6.527272727272727
NewYork,30min,0.5,2.0x_ATR,1.5,2.5,722,-5955.767923409296,12305.742449079331,18261.510372488618,0.6738622489637118,34.62603878116344,6012.8048304963495,-0.990514093057242,-2.026860602577146,7.39196675900277
NewYork,30min,0.5,2.0x_ATR,1.5,No_Cap,1541,-8013.247984095303,31345.045333426584,39358.29331752188,0.7964025543625927,36.404931862427,8087.971477398849,-0.9907611576632838,-1.6996673628770667,8.413367942894224
NewYork,30min,0.5,2.0x_ATR,2.0,1.5,55,-1214.203264508908,584.5664690290232,1798.7697335379312,0.3249812681022055,20.0,1260.4751255580195,-0.9632901434460067,-1.6210983997391448,9.418181818181818
NewYork,30min,0.5,2.0x_ATR,2.0,2.5,722,-6858.774776785378,13145.971107701002,20004.74588448636,0.6571426192369519,27.977839335180054,6945.462039620184,-0.9875188630590302,-2.091869511374566,9.529085872576177
NewYork,30min,0.5,2.0x_ATR,2.0,No_Cap,1541,-8882.862416293987,34268.267480468916,43151.12989676291,0.7941453111993629,30.11031797534069,9146.44552873808,-0.9711819075928548,-1.641484144738791,11.008436080467229
NewYork,30min,0.5,2.0x_ATR,3.0,1.5,55,-1099.5056501115846,742.979317801346,1842.4849679129306,0.40324850988768374,18.181818181818183,1170.463441685244,-0.939376328173485,-1.2907270847222962,10.872727272727273
NewYork,30min,0.5,2.0x_ATR,3.0,2.5,722,-6096.841706193859,15090.977580915269,21187.81928710912,0.7122477956047497,23.407202216066484,6264.442431640275,-0.9732457074551595,-1.5594097653707442,13.72437673130194
NewYork,30min,0.5,2.0x_ATR,3.0,No_Cap,1541,-8324.819377789518,38038.1012765069,46362.920654296366,0.820442300435229,25.048669695003245,9504.217947822952,-0.875907878322215,-1.3077453055099801,15.948085658663205
NewYork,30min,0.5,2.0x_ATR,4.0,1.5,55,-862.9623325892658,979.5226353236649,1842.4849679129306,0.5316312764457537,18.181818181818183,967.469287109363,-0.8919790468673723,-0.8643179881537638,12.218181818181817
NewYork,30min,0.5,2.0x_ATR,4.0,2.5,722,-5391.213392856833,16360.941524832642,21752.15491768945,0.7521526757575395,21.191135734072024,5739.129059709493,-0.9393783162509555,-1.2130994315617265,16.867036011080334
NewYork,30min,0.5,2.0x_ATR,4.0,No_Cap,1541,-7242.529861885502,40476.15530831496,47718.68517020032,0.8482244463347406,22.7125243348475,9374.414899552843,-0.7725847361664107,-1.0086216304648694,19.44581440622972
NewYork,60min,0.0,Opposite_Bound,1.5,1.5,0,0.0,0.0,0.0,0.0,0.0,0.0,0.0,0.0,0.0
NewYork,60min,0.0,Opposite_Bound,1.5,2.5,137,-393.48295898431843,3715.315478515654,4108.798437499972,0.9042340565083217,38.68613138686131,900.6282714843856,-0.4368982980467545,-0.21252035787730658,15.912408759124087
NewYork,60min,0.0,Opposite_Bound,1.5,No_Cap,1529,347.4443603522286,59945.63723144605,59598.19287109272,1.0058297801261329,42.44604316546763,6243.567626951906,0.05564836982823714,0.03989555252247295,31.653368214519297
NewYork,60min,0.0,Opposite_Bound,2.0,1.5,0,0.0,0.0,0.0,0.0,0.0,0.0,0.0,0.0,0.0
NewYork,60min,0.0,Opposite_Bound,2.0,2.5,137,-295.09672851556843,4016.450244140651,4311.54697265622,0.931556647674937,35.03649635036496,959.3501953125106,-0.3076006342182898,-0.14880243618175773,19.91970802919708
NewYork,60min,0.0,Opposite_Bound,2.0,No_Cap,1529,2166.348779297541,63920.89702148508,61754.54824218642,1.0350799874821002,39.76455199476782,5647.91386718632,0.38356618571748397,0.23059131535831096,36.931327665140614
NewYork,60min,0.0,Opposite_Bound,3.0,1.5,0,0.0,0.0,0.0,0.0,0.0,0.0,0.0,0.0,0.0
NewYork,60min,0.0,Opposite_Bound,3.0,2.5,137,-58.14604492181843,4442.7497558594,4500.895800781218,0.9870812283830863,32.846715328467155,959.3501953125106,-0.06060982236301857,-0.02619662308722302,25.635036496350363
NewYork,60min,0.0,Opposite_Bound,3.0,No_Cap,1529,3662.6317382819207,67197.03857421945,63534.406835936396,1.057648003982173,37.60627861347286,6610.015283202485,0.5541033691086131,0.3530120659888845,42.958142576847614
NewYork,60min,0.0,Opposite_Bound,4.0,1.5,0,0.0,0.0,0.0,0.0,0.0,0.0,0.0,0.0,0.0
NewYork,60min,0.0,Opposite_Bound,4.0,2.5,137,-447.40141601556843,4284.395361328147,4731.796777343716,0.905447880146128,29.927007299270073,959.3501953125106,-0.46635881057993256,-0.19539721380300934,29.094890510948904
NewYork,60min,0.0,Opposite_Bound,4.0,No_Cap,1528,3727.2856933600406,67820.04672851627,64092.76103515513,1.058154550266866,36.71465968586387,7066.818457030645,0.5274347595064982,0.3556627178811989,45.952879581151834
NewYork,60min,0.0,Range_Midpoint,1.5,1.5,0,0.0,0.0,0.0,0.0,0.0,0.0,0.0,0.0,0.0
NewYork,60min,0.0,Range_Midpoint,1.5,2.5,137,-667.0445565359364,2231.1533438546508,2898.197900390587,0.7698416121114299,37.22627737226277,750.1945565358146,-0.889162085654365,-0.5708567974942299,5.8321167883211675
NewYork,60min,0.0,Range_Midpoint,1.5,No_Cap,1529,-4410.881336320483,38777.16580723418,43188.04714355363,0.8978680068200807,38.78351863963375,6076.182520402066,-0.725929697060616,-0.7545842143782826,13.775670372792677
NewYork,60min,0.0,Range_Midpoint,2.0,1.5,0,0.0,0.0,0.0,0.0,0.0,0.0,0.0,0.0,0.0
NewYork,60min,0.0,Range_Midpoint,2.0,2.5,137,-681.9622244698098,2420.534504045779,3102.496728515589,0.780189220442434,33.57664233576642,681.962224469693,-1.0000000000001714,-0.5459798460729549,8.576642335766422
NewYork,60min,0.0,Range_Midpoint,2.0,No_Cap,1529,-2857.0059744692,43176.388263811954,46033.3942382801,0.9379362303878878,34.40156965336821,5864.808464703155,-0.48714395221324697,-0.429190725371908,17.090909090909093
NewYork,60min,0.0,Range_Midpoint,3.0,1.5,0,0.0,0.0,0.0,0.0,0.0,0.0,0.0,0.0,0.0
NewYork,60min,0.0,Range_Midpoint,3.0,2.5,137,-738.5327898297419,2654.4115949358456,3392.9443847655875,0.7823327746998229,25.547445255474454,738.5327898296255,-1.0000000000001577,-0.5032451767664979,12.007299270072993
NewYork,60min,0.0,Range_Midpoint,3.0,No_Cap,1529,-2122.1348894385073,47030.70890938944,49152.84379882688,0.9568257963237503,29.234793982995424,7534.163453891307,-0.2816682837352632,-0.27311028076117316,22.37606278613473
NewYork,60min,0.0,Range_Midpoint,4.0,1.5,0,0.0,0.0,0.0,0.0,0.0,0.0,0.0,0.0,0.0
NewYork,60min,0.0,Range_Midpoint,4.0,2.5,137,-388.8698346818637,3051.12599051341,3439.995825195274,0.8869563062159271,24.087591240875913,743.3220807755606,-0.5231511948039109,-0.2348004263438569,14.277372262773723
NewYork,60min,0.0,Range_Midpoint,4.0,No_Cap,1529,-1771.5680036265621,48510.032631138856,50281.60063476435,0.9647670722240166,27.272727272727273,7315.910459680835,-0.2421527728353101,-0.2124799673174665,25.608894702419885
NewYork,60min,0.0,1.5x_ATR,1.5,1.5,0,0.0,0.0,0.0,0.0,0.0,0.0,0.0,0.0,0.0
NewYork,60min,0.0,1.5x_ATR,1.5,2.5,137,-753.569563511378,1881.0296168736318,2634.5991803850097,0.7139718371121431,37.22627737226277,837.1093165805669,-0.9002044877359232,-0.72888194428287,3.437956204379562
NewYork,60min,0.0,1.5x_ATR,1.5,No_Cap,1529,-7278.106852503493,25441.021985735464,32719.128838238976,0.777558049039571,36.625245258338786,7680.702738733838,-0.9475834568886451,-1.8911227243529527,4.89077828646174
NewYork,60min,0.0,1.5x_ATR,2.0,1.5,0,0.0,0.0,0.0,0.0,0.0,0.0,0.0,0.0,0.0
NewYork,60min,0.0,1.5x_ATR,2.0,2.5,137,-723.7224783760735,2111.7179373605018,2835.4404157365752,0.744758354166272,32.11678832116788,757.296439034546,-0.9556660259735608,-0.6289877731828193,6.262773722627737
NewYork,60min,0.0,1.5x_ATR,2.0,No_Cap,1529,-5547.399694823616,29684.48583635616,35231.88553117977,0.8425460456859674,31.262262916939175,6902.404682267786,-0.8036908802340778,-1.2290192137508598,6.646827992151733
NewYork,60min,0.0,1.5x_ATR,3.0,1.5,0,0.0,0.0,0.0,0.0,0.0,0.0,0.0,0.0,0.0
NewYork,60min,0.0,1.5x_ATR,3.0,2.5,137,-501.7924159458289,2553.10890590124,3054.901321847069,0.8357418577296524,26.277372262773724,676.7331821986791,-0.7414922589070118,-0.3653618092037871,7.985401459854014
NewYork,60min,0.0,1.5x_ATR,3.0,No_Cap,1529,-3401.7427821561823,34755.85110386456,38157.593886020666,0.9108501759225871,25.310660562459123,6850.947056360966,-0.49653613641602046,-0.6071997852034454,10.275343361674297
NewYork,60min,0.0,1.5x_ATR,4.0,1.5,0,0.0,0.0,0.0,0.0,0.0,0.0,0.0,0.0,0.0
NewYork,60min,0.0,1.5x_ATR,4.0,2.5,137,-605.3559099469317,2627.294538225467,3232.6504481723987,0.8127369724465032,21.8978102189781,872.6353306361088,-0.6937100627196203,-0.40107813486164856,10.934306569343065
NewYork,60min,0.0,1.5x_ATR,4.0,No_Cap,1529,-3778.6825666148607,36089.9118512837,39868.59441789841,0.9052215754835259,21.71353826030085,8206.090696497628,-0.4604729226582407,-0.6017302380987638,13.500981033355135
NewYork,60min,0.0,2.0x_ATR,1.5,1.5,0,0.0,0.0,0.0,0.0,0.0,0.0,0.0,0.0,0.0
NewYork,60min,0.0,2.0x_ATR,1.5,2.5,137,-426.6049944195902,2773.881835937516,3200.486830357106,0.8667062178249957,36.496350364963504,812.5729282923639,-0.5250051774627884,-0.28254194202752186,7.671532846715328
NewYork,60min,0.0,2.0x_ATR,1.5,No_Cap,1529,-4032.4588553285994,36335.94878976028,40368.40764508884,0.9001085479818488,38.194898626553304,6574.034179686893,-0.6133918299038501,-0.7761130230657649,9.66906474820144
NewYork,60min,0.0,2.0x_ATR,2.0,1.5,0,0.0,0.0,0.0,0.0,0.0,0.0,0.0,0.0,0.0
NewYork,60min,0.0,2.0x_ATR,2.0,2.5,137,-1195.5499581472554,2547.9301688058285,3743.480126953084,0.6806314131229689,29.927007299270073,1195.5499581472486,-1.0000000000000058,-0.8178970609875557,9.861313868613138
NewYork,60min,0.0,2.0x_ATR,2.0,No_Cap,1529,-3535.4641392291896,40289.944001116324,43825.40814034546,0.9193284377887081,33.224329627207325,6773.771128626584,-0.521934395493227,-0.5957295402453239,13.272727272727273
NewYork,60min,0.0,2.0x_ATR,3.0,1.5,0,0.0,0.0,0.0,0.0,0.0,0.0,0.0,0.0,0.0
NewYork,60min,0.0,2.0x_ATR,3.0,2.5,137,-1116.2637207030616,2900.358056640646,4016.6217773437074,0.7220889138729725,24.817518248175183,1116.2637207030584,-1.0000000000000029,-0.6632584724804392,13.05839416058394
NewYork,60min,0.0,2.0x_ATR,3.0,No_Cap,1529,-2787.4277273988346,44461.2480050226,47248.67573242125,0.9410051671461774,27.534336167429693,7678.759144809542,-0.3630049692707183,-0.39426693997370144,18.601700457815568
NewYork,60min,0.0,2.0x_ATR,4.0,1.5,0,0.0,0.0,0.0,0.0,0.0,0.0,0.0,0.0,0.0
NewYork,60min,0.0,2.0x_ATR,4.0,2.5,137,-1394.6888392856522,2779.145933314744,4173.834772600396,0.6658495327986527,21.16788321167883,1442.5392020088584,-0.9668290728899633,-0.7838012955038293,17.795620437956202
NewYork,60min,0.0,2.0x_ATR,4.0,No_Cap,1529,-1944.5280343185277,46495.284207589524,48439.81224190781,0.9598568213970908,25.572269457161543,8390.945424106385,-0.23174123248759124,-0.2500821254217406,22.240680183126226
NewYork,60min,0.1,Opposite_Bound,1.5,1.5,0,0.0,0.0,0.0,0.0,0.0,0.0,0.0,0.0,0.0
NewYork,60min,0.1,Opposite_Bound,1.5,2.5,137,270.64118652349407,4221.888842773469,3951.247656249975,1.068495121052562,42.33576642335766,866.978955078137,0.3121658085681011,0.1403150312997985,16.656934306569344
NewYork,60min,0.1,Opposite_Bound,1.5,No_Cap,1522,949.1223876959748,60137.47062988355,59188.348242186476,1.0160356289013754,42.90407358738502,6895.206884764221,0.13764958812086892,0.109137803130944,33.297634691195796
NewYork,60min,0.1,Opposite_Bound,2.0,1.5,0,0.0,0.0,0.0,0.0,0.0,0.0,0.0,0.0,0.0
NewYork,60min,0.1,Opposite_Bound,2.0,2.5,137,166.40473632818157,4426.900000000028,4260.495263671846,1.0390576038769652,37.22627737226277,925.700878906262,0.17976080623882823,0.08064983175382627,21.313868613138684
NewYork,60min,0.1,Opposite_Bound,2.0,No_Cap,1522,3186.8646972662873,64549.12016601633,61362.25546874893,1.0519352600865597,40.27595269382392,5825.930712889256,0.5470138342386541,0.33992069073084225,38.339027595269386
NewYork,60min,0.1,Opposite_Bound,3.0,1.5,0,0.0,0.0,0.0,0.0,0.0,0.0,0.0,0.0,0.0
NewYork,60min,0.1,Opposite_Bound,3.0,2.5,137,441.65620117193157,4891.500292968776,4449.844091796845,1.0992520618837212,35.03649635036496,925.700878906262,0.4771046579255267,0.19070641255857376,27.284671532846716
NewYork,60min,0.1,Opposite_Bound,3.0,No_Cap,1522,5850.175244141292,68723.6832519538,62873.50800781141,1.0930467446387049,38.370565045992116,6298.115527342965,0.9288770932738591,0.5580149551387932,44.15111695137976
NewYork,60min,0.1,Opposite_Bound,4.0,1.5,0,0.0,0.0,0.0,0.0,0.0,0.0,0.0,0.0,0.0
NewYork,60min,0.1,Opposite_Bound,4.0,2.5,137,148.09785156255657,4828.842919921899,4680.745068359342,1.0316398029372846,32.11678832116788,925.700878906262,0.15998456406084194,0.060184485636845385,31.40875912408759
NewYork,60min,0.1,Opposite_Bound,4.0,No_Cap,1521,5535.136816406912,68911.9977539069,63376.860937498896,1.087336872393643,37.60683760683761,6566.51743163991,0.8429333926285759,0.525112945863109,47.25575279421434
NewYork,60min,0.1,Range_Midpoint,1.5,1.5,0,0.0,0.0,0.0,0.0,0.0,0.0,0.0,0.0,0.0
NewYork,60min,0.1,Range_Midpoint,1.5,2.5,137,-302.29327479765516,2573.002941022621,2875.2962158202763,0.8948653453044608,39.416058394160586,608.2430916921658,-0.49699417704302834,-0.2420777479352066,6.138686131386861
NewYork,60min,0.1,Range_Midpoint,1.5,No_Cap,1522,-2945.7078255783,40843.748985945116,43789.45681152238,0.9327302040247698,39.15900131406045,5511.082080948884,-0.5345062516418038,-0.4881482829840055,15.056504599211564
NewYork,60min,0.1,Range_Midpoint,2.0,1.5,0,0.0,0.0,0.0,0.0,0.0,0.0,0.0,0.0,0.0
NewYork,60min,0.1,Range_Midpoint,2.0,2.5,137,-621.3622488838723,2607.933185686404,3229.2954345702765,0.8075858150876936,33.57664233576642,740.7617606025724,-0.8388152330898202,-0.4672159440280466,9.24087591240876
NewYork,60min,0.1,Range_Midpoint,2.0,No_Cap,1522,-1680.589787945767,45005.9651192807,46686.55490722542,0.964002702891992,35.01971090670171,5596.535027202998,-0.3002911229496373,-0.2463521551307119,18.71287779237845
NewYork,60min,0.1,Range_Midpoint,3.0,1.5,0,0.0,0.0,0.0,0.0,0.0,0.0,0.0,0.0,0.0
NewYork,60min,0.1,Range_Midpoint,3.0,2.5,137,-683.0835710797419,2819.4091291155337,3502.4927001952756,0.8049721642412966,26.277372262773724,913.385841587502,-0.7478587251719544,-0.44940603573345644,13.16058394160584
NewYork,60min,0.1,Range_Midpoint,3.0,No_Cap,1522,-565.5758806494487,49102.67636544413,49668.25224609252,0.988612929687034,30.223390275952696,6904.987916781846,-0.08190830852504115,-0.07118104409196359,24.32785808147175
NewYork,60min,0.1,Range_Midpoint,4.0,1.5,0,0.0,0.0,0.0,0.0,0.0,0.0,0.0,0.0,0.0
NewYork,60min,0.1,Range_Midpoint,4.0,2.5,137,-241.11959054123872,3293.0741838727863,3534.193774414025,0.9317752206212245,25.547445255474454,822.6213971818106,-0.29311125551472617,-0.14021471427083845,15.45985401459854
NewYork,60min,0.1,Range_Midpoint,4.0,No_Cap,1522,-109.10750557969095,50654.749037388865,50763.85654296749,0.9978506852511042,28.44940867279895,6662.253062219823,-0.016376968055809182,-0.012864102426865339,27.56636005256242
NewYork,60min,0.1,1.5x_ATR,1.5,1.5,0,0.0,0.0,0.0,0.0,0.0,0.0,0.0,0.0,0.0
NewYork,60min,0.1,1.5x_ATR,1.5,2.5,137,-515.857662527842,2032.7637730190008,2548.621435546843,0.7975934537264231,38.68613138686131,725.1530194963307,-0.7113776660354266,-0.4914777656084608,3.576642335766423
NewYork,60min,0.1,1.5x_ATR,1.5,No_Cap,1522,-6100.832882253808,26241.186884417108,32342.019766670965,0.8113651241861872,36.925098554533506,6986.472962296956,-0.8732350236202768,-1.5615323060854076,5.04664914586071
NewYork,60min,0.1,1.5x_ATR,2.0,1.5,0,0.0,0.0,0.0,0.0,0.0,0.0,0.0,0.0,0.0
NewYork,60min,0.1,1.5x_ATR,2.0,2.5,137,-382.2900268554281,2347.047366768986,2729.3373936244143,0.859933027060547,34.306569343065696,579.1139456612364,-0.6601292020673525,-0.32289610764178084,6.401459854014599
NewYork,60min,0.1,1.5x_ATR,2.0,No_Cap,1522,-3481.94184744641,31172.280503627382,34654.222351073826,0.899523301600258,31.99737187910644,5985.695445032858,-0.5817104928610841,-0.7534269953687391,6.71353482260184
NewYork,60min,0.1,1.5x_ATR,3.0,1.5,0,0.0,0.0,0.0,0.0,0.0,0.0,0.0,0.0,0.0
NewYork,60min,0.1,1.5x_ATR,3.0,2.5,137,-261.28796037942493,2749.521017020104,3010.808977399529,0.9132166928088867,27.00729927007299,686.1406180245704,-0.3808081805908601,-0.18446672040410783,8.481751824817518
NewYork,60min,0.1,1.5x_ATR,3.0,No_Cap,1522,-1466.8479840953905,36346.214770508,37813.06275460333,0.9612079033741652,25.821287779237846,5367.386448450824,-0.27328905756707034,-0.2555306907646122,10.367279894875164
NewYork,60min,0.1,1.5x_ATR,4.0,1.5,0,0.0,0.0,0.0,0.0,0.0,0.0,0.0,0.0,0.0
NewYork,60min,0.1,1.5x_ATR,4.0,2.5,137,-325.3338500976065,2846.8600934710025,3172.193943568609,0.89744200515949,23.357664233576642,715.3487810406932,-0.45479052836898537,-0.2097676411017566,11.883211678832117
NewYork,60min,0.1,1.5x_ATR,4.0,No_Cap,1522,-2855.7872802728252,36884.61542271226,39740.40270298496,0.9281389445996179,22.207621550591327,6885.903763252649,-0.41472947901378393,-0.45298272304202253,13.887647831800264
NewYork,60min,0.1,2.0x_ATR,1.5,1.5,0,0.0,0.0,0.0,0.0,0.0,0.0,0.0,0.0,0.0
NewYork,60min,0.1,2.0x_ATR,1.5,2.5,137,-858.3897495814199,2530.061422293543,3388.4511718749627,0.7466719435988097,37.956204379562045,941.5173758370202,-0.9117088771923101,-0.6290318915650865,7.693430656934306
NewYork,60min,0.1,2.0x_ATR,1.5,No_Cap,1522,-3475.484633090843,36858.70143694217,40334.18607003291,0.9138327812774949,38.23915900131406,6211.455228096465,-0.5595282434573587,-0.6647942614842001,9.66754270696452
NewYork,60min,0.1,2.0x_ATR,2.0,1.5,0,0.0,0.0,0.0,0.0,0.0,0.0,0.0,0.0,0.0
NewYork,60min,0.1,2.0x_ATR,2.0,2.5,137,-970.9763323102015,2750.8963657924346,3721.872698102636,0.7391161893298519,30.656934306569344,1040.1688895088719,-0.9334794975156963,-0.6428341684178892,9.620437956204379
NewYork,60min,0.1,2.0x_ATR,2.0,No_Cap,1522,-1895.4977120528247,41629.35934709846,43524.85705915118,0.9564502254544639,33.44283837056505,5942.126806639977,-0.31899314399260503,-0.31283213399170035,13.197766097240473
NewYork,60min,0.1,2.0x_ATR,3.0,1.5,0,0.0,0.0,0.0,0.0,0.0,0.0,0.0,0.0,0.0
NewYork,60min,0.1,2.0x_ATR,3.0,2.5,137,-1064.883279854846,2989.4170689174302,4054.3003487722763,0.7373447479841215,24.817518248175183,1064.8832798548337,-1.0000000000000115,-0.620767267340407,13.416058394160583
NewYork,60min,0.1,2.0x_ATR,3.0,No_Cap,1522,-2087.7858328675757,45189.99556361634,47277.78139648364,0.9558400210162447,27.660972404730618,7375.938364954546,-0.2830535898709942,-0.2931870596302512,18.868593955321945
NewYork,60min,0.1,2.0x_ATR,4.0,1.5,0,0.0,0.0,0.0,0.0,0.0,0.0,0.0,0.0,0.0
NewYork,60min,0.1,2.0x_ATR,4.0,2.5,137,-1343.658914620471,2867.854429408494,4211.513344028965,0.6809557978664618,21.16788321167883,1378.9660295758076,-0.9743959501553511,-0.739567010613062,18.642335766423358
NewYork,60min,0.1,2.0x_ATR,4.0,No_Cap,1522,-1283.2230189725205,47096.90211356053,48380.12513253275,0.9734762360482336,25.821287779237846,8114.883677454598,-0.15813202874831966,-0.16521544687952602,22.697109067017085
NewYork,60min,0.25,Opposite_Bound,1.5,1.5,0,0.0,0.0,0.0,0.0,0.0,0.0,0.0,0.0,0.0
NewYork,60min,0.25,Opposite_Bound,1.5,2.5,137,-253.34135742181843,4124.511523437532,4377.85288085935,0.9421311395525724,42.33576642335766,958.382763671887,-0.2643425643958604,-0.12492552754900518,18.883211678832115
NewYork,60min,0.25,Opposite_Bound,1.5,No_Cap,1518,2540.253466797535,62188.32421875077,59648.07075195213,1.0425873533674264,43.80764163372859,6085.369750974966,0.4174361740945238,0.2853107672480568,35.06324110671937
NewYork,60min,0.25,Opposite_Bound,2.0,1.5,0,0.0,0.0,0.0,0.0,0.0,0.0,0.0,0.0,0.0
NewYork,60min,0.25,Opposite_Bound,2.0,2.5,137,-639.2043945311934,4121.246337890652,4760.450732421846,0.8657260771174912,36.496350364963504,1017.104687500012,-0.6284548703657271,-0.300906976196718,23.72992700729927
NewYork,60min,0.25,Opposite_Bound,2.0,No_Cap,1518,4674.68339843816,66217.05922851636,61542.37583007709,1.0759587736967842,41.436100131752305,5284.65278320157,0.8845772069070779,0.4892006055291133,40.320816864295125
NewYork,60min,0.25,Opposite_Bound,3.0,1.5,0,0.0,0.0,0.0,0.0,0.0,0.0,0.0,0.0,0.0
NewYork,60min,0.25,Opposite_Bound,3.0,2.5,137,-171.05986328119343,4704.090625000026,4875.15048828122,0.9649118804245359,35.03649635036496,1017.104687500012,-0.16818314317442512,-0.07175282246667483,28.861313868613138
NewYork,60min,0.25,Opposite_Bound,3.0,No_Cap,1518,8245.929736328795,71128.05903320375,62882.12929687394,1.1311331188770628,39.657444005270094,5187.8780273428865,1.5894609882630901,0.7684606271738158,46.07839262187088
NewYork,60min,0.25,Opposite_Bound,4.0,1.5,0,0.0,0.0,0.0,0.0,0.0,0.0,0.0,0.0,0.0
NewYork,60min,0.25,Opposite_Bound,4.0,2.5,137,-211.96318359369343,4823.036621093775,5034.999804687468,0.9579020473056701,32.846715328467155,1017.104687500012,-0.20839859082223622,-0.08253401821173602,32.76642335766423
NewYork,60min,0.25,Opposite_Bound,4.0,No_Cap,1517,8196.989941406908,71547.07055664124,63350.0806152333,1.1293919417592164,38.89255108767304,5583.632226561683,1.4680390127439484,0.760242224798343,48.99472643375082
NewYork,60min,0.25,Range_Midpoint,1.5,1.5,0,0.0,0.0,0.0,0.0,0.0,0.0,0.0,0.0,0.0
NewYork,60min,0.25,Range_Midpoint,1.5,2.5,137,-739.8201302664052,2595.730040631995,3335.5501708984,0.7782014683151531,37.956204379562045,832.8958504811344,-0.888250469538343,-0.542271512937395,7.948905109489051
NewYork,60min,0.25,Range_Midpoint,1.5,No_Cap,1518,-1156.1004891525204,44105.57075108186,45261.67124023334,0.9744574060684746,40.44795783926219,5213.406372941069,-0.22175529902157287,-0.18213942471811173,16.536890645586297
NewYork,60min,0.25,Range_Midpoint,2.0,1.5,0,0.0,0.0,0.0,0.0,0.0,0.0,0.0,0.0,0.0
NewYork,60min,0.25,Range_Midpoint,2.0,2.5,137,-1271.2133231026223,2483.835968889532,3755.0492919921544,0.6614656095690798,31.386861313868614,1271.2133231025055,-1.000000000000092,-0.8977468342564623,11.145985401459853
NewYork,60min,0.25,Range_Midpoint,2.0,No_Cap,1518,-297.9181815004563,48125.35750209324,48423.27568359264,0.9938476243646536,35.96837944664031,5450.102800640475,-0.054662855435579326,-0.04168693568942615,20.634387351778656
NewYork,60min,0.25,Range_Midpoint,3.0,1.5,0,0.0,0.0,0.0,0.0,0.0,0.0,0.0,0.0,0.0
NewYork,60min,0.25,Range_Midpoint,3.0,2.5,137,-1134.093092564117,2777.4560041155337,3911.5490966796506,0.7100654844069832,26.277372262773724,1159.0958757671779,-0.9784290637851574,-0.7037041370950855,15.401459854014599
NewYork,60min,0.25,Range_Midpoint,3.0,No_Cap,1518,576.5769269677367,51879.004710170724,51302.42778320192,1.0112387844373634,31.357048748353098,6120.162135531768,0.09420942030609113,0.069760661953141,26.548089591567855
NewYork,60min,0.25,Range_Midpoint,4.0,1.5,0,0.0,0.0,0.0,0.0,0.0,0.0,0.0,0.0,0.0
NewYork,60min,0.25,Range_Midpoint,4.0,2.5,137,-952.5319440568637,3035.4185686384108,3987.9505126952745,0.7611475014485346,24.817518248175183,1031.0733991348716,-0.92382554419122,-0.5378985384332731,17.875912408759124
NewYork,60min,0.25,Range_Midpoint,4.0,No_Cap,1518,1702.0510393421819,53944.0332170764,52241.98217773315,1.0325801389685536,29.841897233201582,5322.060020227423,0.31981056825237564,0.1925622129906799,29.869565217391305
NewYork,60min,0.25,1.5x_ATR,1.5,1.5,0,0.0,0.0,0.0,0.0,0.0,0.0,0.0,0.0,0.0
NewYork,60min,0.25,1.5x_ATR,1.5,2.5,137,-685.4354518344985,1981.6173418317703,2667.052793666269,0.7429989187082182,37.22627737226277,797.3723868233374,-0.8596177434300354,-0.6503991238548917,4.343065693430657
NewYork,60min,0.25,1.5x_ATR,1.5,No_Cap,1518,-4352.559229386896,27687.974786377217,32040.534015764133,0.8641545978214523,38.47167325428195,5859.956489780243,-0.7427630626571637,-1.0899397725987086,5.22068511198946
NewYork,60min,0.25,1.5x_ATR,2.0,1.5,0,0.0,0.0,0.0,0.0,0.0,0.0,0.0,0.0,0.0
NewYork,60min,0.25,1.5x_ATR,2.0,2.5,137,-738.1223720005164,2160.6760184152017,2898.798390415718,0.7453695384815424,33.57664233576642,823.1915248325586,-0.8966593432198592,-0.6431967347681312,6.839416058394161
NewYork,60min,0.25,1.5x_ATR,2.0,No_Cap,1518,-2163.6649030407034,32481.273381696603,34644.93828473729,0.9375474453076488,33.13570487483531,5019.489903040664,-0.43105274536562305,-0.45849446831046503,6.992753623188406
NewYork,60min,0.25,1.5x_ATR,3.0,1.5,0,0.0,0.0,0.0,0.0,0.0,0.0,0.0,0.0,0.0
NewYork,60min,0.25,1.5x_ATR,3.0,2.5,137,-538.8262817382406,2575.953904506157,3114.7801862443976,0.8270098531774973,27.00729927007299,750.05166190007,-0.718385558100435,-0.39500149500287046,9.408759124087592
NewYork,60min,0.25,1.5x_ATR,3.0,No_Cap,1518,-646.6537510456983,37327.79067208446,37974.444423130066,0.9829713439954442,26.54808959156785,5164.22360316629,-0.12521799998149225,-0.11083321426280777,10.899209486166008
NewYork,60min,0.25,1.5x_ATR,4.0,1.5,0,0.0,0.0,0.0,0.0,0.0,0.0,0.0,0.0,0.0
NewYork,60min,0.25,1.5x_ATR,4.0,2.5,137,-441.2077427454892,2778.0721400669836,3219.279882812473,0.8629483117944889,24.087591240875913,711.532026018378,-0.6200813548961651,-0.2889701877432932,12.423357664233576
NewYork,60min,0.25,1.5x_ATR,4.0,No_Cap,1518,-1918.4089913498337,37865.6232561386,39784.03224748828,0.9517794229751361,23.0566534914361,6283.233490861493,-0.30532193243176786,-0.3008016340434808,14.634387351778656
NewYork,60min,0.25,2.0x_ATR,1.5,1.5,0,0.0,0.0,0.0,0.0,0.0,0.0,0.0,0.0,0.0
NewYork,60min,0.25,2.0x_ATR,1.5,2.5,137,-1279.2675223213632,2343.6900739397583,3622.9575962611216,0.6468996701364756,37.22627737226277,1322.2970982142142,-0.9674584660656345,-0.9565574537378189,8.124087591240876
NewYork,60min,0.25,2.0x_ATR,1.5,No_Cap,1518,-2468.1990304122764,37865.88428431946,40334.08331473163,0.9388061205915473,39.130434782608695,5261.714714703578,-0.46908644125365206,-0.4656986779949413,10.064558629776021
NewYork,60min,0.25,2.0x_ATR,2.0,1.5,0,0.0,0.0,0.0,0.0,0.0,0.0,0.0,0.0,0.0
NewYork,60min,0.25,2.0x_ATR,2.0,2.5,137,-1263.2670689173437,2606.8256696428784,3870.092738560222,0.6735822228933684,30.656934306569344,1296.8543317521671,-0.9741009749418472,-0.8570255254701566,10.503649635036496
NewYork,60min,0.25,2.0x_ATR,2.0,No_Cap,1518,-1151.7579031800797,42380.37483956502,43532.13274274496,0.97354235065885,34.12384716732543,5309.553222655634,-0.2169218114747543,-0.18835237806112282,13.678524374176549
NewYork,60min,0.25,2.0x_ATR,3.0,1.5,0,0.0,0.0,0.0,0.0,0.0,0.0,0.0,0.0,0.0
NewYork,60min,0.25,2.0x_ATR,3.0,2.5,137,-1207.0775809151132,2920.6291155134113,4127.706696428524,0.7075670173078116,25.547445255474454,1207.0775809151073,-1.0000000000000049,-0.7135903192201882,13.970802919708028
NewYork,60min,0.25,2.0x_ATR,3.0,No_Cap,1518,-1355.7785505015318,45804.71677594893,47160.495326450226,0.9712518169896978,28.52437417654809,5797.89889090328,-0.2338396332900364,-0.18988933409864248,19.604743083003953
NewYork,60min,0.25,2.0x_ATR,4.0,1.5,0,0.0,0.0,0.0,0.0,0.0,0.0,0.0,0.0,0.0
NewYork,60min,0.25,2.0x_ATR,4.0,2.5,137,-1496.8880231584126,2788.031668526801,4284.919691685213,0.6506613587033874,21.8978102189781,1530.5210309709073,-0.9780251253449558,-0.8355916872324244,18.56934306569343
NewYork,60min,0.25,2.0x_ATR,4.0,No_Cap,1518,-1257.3345982135997,47123.40379464315,48380.73839285647,0.9740116699335253,26.48221343873518,6737.310686383161,-0.18662262388386067,-0.16230633431614797,23.54281949934124
NewYork,60min,0.5,Opposite_Bound,1.5,1.5,0,0.0,0.0,0.0,0.0,0.0,0.0,0.0,0.0,0.0
NewYork,60min,0.5,Opposite_Bound,1.5,2.5,137,-528.2809326171309,4276.368823242219,4804.64975585935,0.8900479827956485,42.33576642335766,1081.0303466795176,-0.4886827962228753,-0.2302742464307758,24.40875912408759
NewYork,60min,0.5,Opposite_Bound,1.5,No_Cap,1509,1678.1729980475302,62644.995312500745,60966.822314452125,1.0275260040517284,44.20145791915176,7581.082421873877,0.22136324401452986,0.1846443876186511,38.742213386348574
NewYork,60min,0.5,Opposite_Bound,2.0,1.5,0,0.0,0.0,0.0,0.0,0.0,0.0,0.0,0.0,0.0
NewYork,60min,0.5,Opposite_Bound,2.0,2.5,137,-626.4456054686934,4445.302685546903,5071.748291015597,0.876483301314772,37.956204379562045,1147.899853515455,-0.5457319325812241,-0.2595412792647615,29.197080291970803
NewYork,60min,0.5,Opposite_Bound,2.0,No_Cap,1509,4610.823144531905,67051.65004882884,62440.82690429585,1.0738430826933167,42.34592445328032,6768.038818358436,0.6812642876729604,0.4653454809983746,43.69317428760769
NewYork,60min,0.5,Opposite_Bound,3.0,1.5,0,0.0,0.0,0.0,0.0,0.0,0.0,0.0,0.0,0.0
NewYork,60min,0.5,Opposite_Bound,3.0,2.5,137,-198.55498046869343,5005.543847656277,5204.09882812497,0.9618464239388335,35.76642335766423,1073.354003906259,-0.1849855497311157,-0.07279106079856737,34.0
NewYork,60min,0.5,Opposite_Bound,3.0,No_Cap,1509,7770.580224610035,71473.81132812567,63703.231103514576,1.1219809433525323,40.622929092113985,6368.062255858663,1.2202425027269552,0.7007195620164424,48.62027833001988
NewYork,60min,0.5,Opposite_Bound,4.0,1.5,0,0.0,0.0,0.0,0.0,0.0,0.0,0.0,0.0,0.0
NewYork,60min,0.5,Opposite_Bound,4.0,2.5,137,19.49433593755657,5350.292431640651,5330.798095703094,1.0036569263340267,34.306569343065696,1073.354003906259,0.018162075015894848,0.006401165632025641,37.55474452554744
NewYork,60min,0.5,Opposite_Bound,4.0,No_Cap,1508,8102.646289063155,72160.47597656312,64057.82968749894,1.1264895537140782,40.05305039787798,6420.00253906184,1.2620939384000929,0.7306918188696109,51.06498673740053
NewYork,60min,0.5,Range_Midpoint,1.5,1.5,0,0.0,0.0,0.0,0.0,0.0,0.0,0.0,0.0,0.0
NewYork,60min,0.5,Range_Midpoint,1.5,2.5,137,-1533.3972045897872,2474.600573730495,4007.997778320282,0.6174156550474883,35.03649635036496,1543.322924804519,-0.9935686044344938,-0.9784961837294774,13.613138686131386
NewYork,60min,0.5,Range_Midpoint,1.5,No_Cap,1509,-525.6624511712198,48197.95007324285,48723.612524413016,0.9892113407866302,40.75546719681908,6297.337670897421,-0.08347375964933904,-0.0748415151985512,19.91716368455931
NewYork,60min,0.5,Range_Midpoint,2.0,1.5,0,0.0,0.0,0.0,0.0,0.0,0.0,0.0,0.0,0.0
NewYork,60min,0.5,Range_Midpoint,2.0,2.5,137,-1924.546801757756,2434.3001464843974,4358.846948242153,0.5584734163391785,29.927007299270073,1924.5468017576377,-1.0000000000000615,-1.2010696421516551,15.605839416058394
NewYork,60min,0.5,Range_Midpoint,2.0,No_Cap,1509,-347.9891113274698,51427.82641601622,51775.81552734263,0.9932789255411605,36.779324055666,6537.481103514645,-0.053229845840837044,-0.04474552782290782,24.691848906560637
NewYork,60min,0.5,Range_Midpoint,3.0,1.5,0,0.0,0.0,0.0,0.0,0.0,0.0,0.0,0.0,0.0
NewYork,60min,0.5,Range_Midpoint,3.0,2.5,137,-1848.648364257756,2670.4984375000186,4519.1468017577745,0.5909297826884706,24.817518248175183,1848.6483642576368,-1.0000000000000644,-1.0311175301663809,20.335766423357665
NewYork,60min,0.5,Range_Midpoint,3.0,No_Cap,1509,189.1312500006552,54235.44921875053,54046.31796874881,1.0034994289548287,33.13452617627568,7530.921655272413,0.02511395797992986,0.021751329861425004,31.18489065606362
NewYork,60min,0.5,Range_Midpoint,4.0,1.5,0,0.0,0.0,0.0,0.0,0.0,0.0,0.0,0.0,0.0
NewYork,60min,0.5,Range_Midpoint,4.0,2.5,137,-1620.603930664006,2930.243945312518,4550.847875976524,0.6438896718084087,24.087591240875913,1620.6039306638868,-1.0000000000000735,-0.8311437558792586,22.970802919708028
NewYork,60min,0.5,Range_Midpoint,4.0,No_Cap,1509,1516.4017578131597,56431.673486328655,54915.27172851442,1.0276134800044494,31.7428760768721,7142.926049803706,0.21229419809754743,0.16081358182128383,34.055003313452616
NewYork,60min,0.5,1.5x_ATR,1.5,1.5,0,0.0,0.0,0.0,0.0,0.0,0.0,0.0,0.0,0.0
NewYork,60min,0.5,1.5x_ATR,1.5,2.5,137,-874.2523071288633,1947.1450561523716,2821.397363281235,0.6901349953371604,37.22627737226277,902.6494890485119,-0.9685401894487502,-0.8048858264646405,6.5036496350364965
NewYork,60min,0.5,1.5x_ATR,1.5,No_Cap,1509,-4772.836610629926,28069.827169364067,32842.66377999403,0.8546757156300667,37.905897945659376,6824.700109862591,-0.6993474487959623,-1.159684559136862,5.693836978131213
NewYork,60min,0.5,1.5x_ATR,2.0,1.5,0,0.0,0.0,0.0,0.0,0.0,0.0,0.0,0.0,0.0
NewYork,60min,0.5,1.5x_ATR,2.0,2.5,137,-821.9657121930459,2212.299727957611,3034.265440150657,0.7291055352915222,33.57664233576642,877.062941196964,-0.9371798460339407,-0.6879021444174592,8.043795620437956
NewYork,60min,0.5,1.5x_ATR,2.0,No_Cap,1509,-3602.4837402337635,32265.5546037948,35868.038344028566,0.8995628446228223,32.273028495692515,6568.675416782322,-0.5484338183356984,-0.7440495180171808,7.427435387673956
NewYork,60min,0.5,1.5x_ATR,3.0,1.5,0,0.0,0.0,0.0,0.0,0.0,0.0,0.0,0.0,0.0
NewYork,60min,0.5,1.5x_ATR,3.0,2.5,137,-659.6135044642551,2600.091104561957,3259.704609026212,0.7976462337606398,27.73722627737226,752.4742361886383,-0.8765928090844244,-0.472367743352297,10.788321167883211
NewYork,60min,0.5,1.5x_ATR,3.0,No_Cap,1509,-1784.8762311656756,37334.4051949639,39119.2814261295,0.9543734913808156,25.84493041749503,6491.065243093714,-0.27497431689886753,-0.29653644607808405,11.298210735586482
NewYork,60min,0.5,1.5x_ATR,4.0,1.5,0,0.0,0.0,0.0,0.0,0.0,0.0,0.0,0.0,0.0
NewYork,60min,0.5,1.5x_ATR,4.0,2.5,137,-587.4893938336618,2756.261376953148,3343.75077078681,0.8243022778592374,24.817518248175183,842.5128400529884,-0.6973061606950852,-0.37841126561002164,14.861313868613138
NewYork,60min,0.5,1.5x_ATR,4.0,No_Cap,1509,-3931.0741333001724,36944.095368303766,40875.169501603785,0.9038273313301911,22.730284956925114,8313.023280551744,-0.47288140555276575,-0.605051935512276,15.28959575878065
NewYork,60min,0.5,2.0x_ATR,1.5,1.5,0,0.0,0.0,0.0,0.0,0.0,0.0,0.0,0.0,0.0
NewYork,60min,0.5,2.0x_ATR,1.5,2.5,137,-1344.1031633648845,2430.850345284623,3774.9535086495075,0.6439417968234161,37.956204379562045,1387.1327392577332,-0.968979482154048,-0.957689734307295,9.540145985401459
NewYork,60min,0.5,2.0x_ATR,1.5,No_Cap,1509,-2775.8091971254453,38301.23818708172,41077.04738420713,0.9324243251672314,39.165009940357855,5453.515373883267,-0.5089944754568252,-0.5104260565730442,10.92312789927104
NewYork,60min,0.5,2.0x_ATR,2.0,1.5,0,0.0,0.0,0.0,0.0,0.0,0.0,0.0,0.0,0.0
NewYork,60min,0.5,2.0x_ATR,2.0,2.5,137,-1641.675446428494,2481.4709054129708,4123.146351841465,0.6018391523513845,29.927007299270073,1675.2627092633138,-0.979951047290016,-1.0891768469548775,12.72992700729927
NewYork,60min,0.5,2.0x_ATR,2.0,No_Cap,1509,-1439.8754464278682,43001.230189732414,44441.10563616019,0.9676003684918182,34.128561961563946,5375.221589006014,-0.26787276070122534,-0.22849768028111844,14.372432074221338
NewYork,60min,0.5,2.0x_ATR,3.0,1.5,0,0.0,0.0,0.0,0.0,0.0,0.0,0.0,0.0,0.0
NewYork,60min,0.5,2.0x_ATR,3.0,2.5,137,-1456.006152343673,2834.3544154576125,4290.3605678012855,0.6606331497471682,26.277372262773724,1456.0061523436652,-1.0000000000000053,-0.8449950495604651,17.080291970802918
NewYork,60min,0.5,2.0x_ATR,3.0,No_Cap,1509,-2215.1298758363746,45540.64144810298,47755.77132393912,0.9536154518202549,28.959575878064943,7445.725976561707,-0.2975035453640585,-0.30497686302913646,20.777335984095426
NewYork,60min,0.5,2.0x_ATR,4.0,1.5,0,0.0,0.0,0.0,0.0,0.0,0.0,0.0,0.0,0.0
NewYork,60min,0.5,2.0x_ATR,4.0,2.5,137,-1535.056619698587,2844.4810058593907,4379.537625557978,0.6494934509204012,24.087591240875913,1535.0566196985874,-0.9999999999999997,-0.8412486410698549,20.970802919708028
NewYork,60min,0.5,2.0x_ATR,4.0,No_Cap,1509,-2403.303703961369,46452.1173758374,48855.42107979848,0.950807839727026,27.037773359840955,8740.467640903229,-0.27496282838626407,-0.3120855081566954,24.653412856196155
Dual_Session,15min,0.0,Opposite_Bound,1.5,1.5,668,-3001.6166503903696,11034.447412109499,14036.064062499749,0.7861496900395539,38.77245508982036,3149.5922607417406,-0.9530175343025125,-1.1799272909119118,9.269461077844312
Dual_Session,15min,0.0,Opposite_Bound,1.5,2.5,2435,-12916.845947263379,49262.75454101663,62179.60048827945,0.7922655365130951,36.91991786447639,13798.490136717386,-0.9361057492001985,-2.0867570471362997,13.815605749486652
Dual_Session,15min,0.0,Opposite_Bound,1.5,No_Cap,3078,-13646.752392575534,72062.43730468875,85709.18969726475,0.8407784224681392,37.94671864847304,15325.517065427823,-0.8904595084338562,-1.7158449214796567,18.14522417153996
Dual_Session,15min,0.0,Opposite_Bound,2.0,1.5,668,-3547.1012695309946,12207.419140625118,15754.52041015595,0.7748518407933104,31.736526946107784,3806.1961425776635,-0.9319281341945761,-1.2227119683210537,11.82934131736527
Dual_Session,15min,0.0,Opposite_Bound,2.0,2.5,2433,-12250.858349607131,56156.158740235245,68407.01708984184,0.8209122562160981,31.36046033703247,13638.543017576732,-0.8982527190638167,-1.7082436252468651,17.708179202630497
Dual_Session,15min,0.0,Opposite_Bound,2.0,No_Cap,3063,-12686.530468747525,80895.56679687559,93582.0972656249,0.8644342150962948,32.941560561540975,14312.949169920197,-0.8863673250100881,-1.3893698479264485,23.407117205354226
Dual_Session,15min,0.0,Opposite_Bound,3.0,1.5,667,-3406.747851562245,14043.071728515719,17449.81958007777,0.804768878215137,23.53823088455772,3853.2995117182963,-0.8841118737855597,-0.9596821422488356,16.703148425787106
Dual_Session,15min,0.0,Opposite_Bound,3.0,2.5,2419,-10079.76791991974,65200.95517578196,75280.72309570154,0.866104262745915,24.844977263331955,13020.466162108023,-0.7741480062560078,-1.130454985850357,24.849111202976434
Dual_Session,15min,0.0,Opposite_Bound,3.0,No_Cap,3027,-11690.217333981887,89625.58266601594,101315.80000000076,0.8846160486914703,26.726131483316816,14876.627441404584,-0.7858109897573767,-1.0750292376903936,31.386521308225962
Dual_Session,15min,0.0,Opposite_Bound,4.0,1.5,667,-2781.088671874745,15460.790185546968,18241.878857421492,0.8475437374838682,20.089955022488756,3255.7549316401764,-0.8542070058306553,-0.6790850523002916,20.620689655172413
Dual_Session,15min,0.0,Opposite_Bound,4.0,2.5,2395,-8422.585937497868,69390.24287109432,77812.8288085924,0.891758389118376,22.00417536534447,13066.53740234253,-0.6445920352233402,-0.856499221862042,29.97453027139875
Dual_Session,15min,0.0,Opposite_Bound,4.0,No_Cap,2969,-9606.57944335706,92698.78369140638,102305.36313476664,0.9060989654012026,24.250589424048503,14457.347802732598,-0.6644773007080393,-0.8273121697526249,36.692152239811385
Dual_Session,15min,0.0,Range_Midpoint,1.5,1.5,668,-3261.9262730187165,6555.335030692072,9817.261303710777,0.6677356166749127,36.67664670658683,3337.154715401168,-0.9774573105540275,-1.943027555149712,3.872754491017964
Dual_Session,15min,0.0,Range_Midpoint,1.5,2.5,2436,-11574.554363139867,28982.623226493604,40557.17758963277,0.7146114436203309,36.24794745484401,12131.416313823782,-0.954097531872732,-2.981570658368435,5.417077175697865
Dual_Session,15min,0.0,Range_Midpoint,1.5,No_Cap,3088,-14335.188262064745,41434.28319963852,55769.47146170251,0.7429563543217705,36.52849740932643,15149.98850446238,-0.9462177649733767,-2.910197012526476,6.71470207253886
Dual_Session,15min,0.0,Range_Midpoint,2.0,1.5,668,-3782.037662178875,7200.86218959272,10982.899851771554,0.6556430712086675,29.790419161676645,3794.487271553672,-0.9967190272403524,-2.0063086402956545,5.086826347305389
Dual_Session,15min,0.0,Range_Midpoint,2.0,2.5,2436,-12453.619304546,32542.14646693712,44995.76577148245,0.723226861660876,29.55665024630542,12911.756780132453,-0.9645178047117959,-2.7985790319601214,6.982348111658456
Dual_Session,15min,0.0,Range_Midpoint,2.0,No_Cap,3088,-15489.348113138793,46500.61023646866,61989.958349606815,0.7501313353723781,29.760362694300518,16406.75487409137,-0.9440835943492217,-2.735312819145623,8.868847150259068
Dual_Session,15min,0.0,Range_Midpoint,3.0,1.5,668,-3887.939282226307,8256.756248256197,12144.695530482428,0.6798652323174553,22.15568862275449,3933.141552733945,-0.9885073369718368,-1.7206185490854269,6.8727544910179645
Dual_Session,15min,0.0,Range_Midpoint,3.0,2.5,2436,-13087.893727327571,37033.71940743639,50121.613134763465,0.7388772445903273,22.04433497536946,13556.250978304957,-0.965450827686288,-2.432562907283399,9.983990147783251
Dual_Session,15min,0.0,Range_Midpoint,3.0,No_Cap,3085,-16273.124415803326,52904.38276192879,69177.50717773168,0.7647627808560118,22.39870340356564,17436.697729490406,-0.9332687110977931,-2.356006941364987,12.672285251215557
Dual_Session,15min,0.0,Range_Midpoint,4.0,1.5,668,-3655.400350515929,9108.994398716563,12764.394749232393,0.7136252503679695,17.664670658682635,3746.604281179789,-0.9756569085446248,-1.396722399896474,8.684131736526947
Dual_Session,15min,0.0,Range_Midpoint,4.0,2.5,2433,-12820.086778039242,40336.32911551385,53156.4158935524,0.7588233412179025,18.002466091245378,13736.317661828933,-0.933298653514999,-2.0447943173354863,12.841759145088368
Dual_Session,15min,0.0,Range_Midpoint,4.0,No_Cap,3075,-16560.589512413426,56473.37174246716,73033.96125488025,0.7732480995434643,18.601626016260163,18158.34251360024,-0.9120099755806386,-2.113409586754676,16.048130081300812
Dual_Session,15min,0.0,1.5x_ATR,1.5,1.5,668,-2609.2008353094798,9171.657088797534,11780.857924107011,0.7785220013586358,38.32335329341317,2694.1222926545997,-0.9684789893997557,-1.251370619166979,6.175149700598803
Dual_Session,15min,0.0,1.5x_ATR,1.5,2.5,2437,-11646.813843644335,30596.29982997387,42243.1136736181,0.7242908291838828,36.60237997537956,12001.912461633805,-0.970413163808301,-2.987529468974897,5.665572425112844
Dual_Session,15min,0.0,1.5x_ATR,1.5,No_Cap,3090,-14020.351361954565,39275.531511579735,53295.88287353399,0.7369336878193161,36.89320388349515,14573.079588970228,-0.9620719681354104,-3.1752314744723984,5.567961165048544
Dual_Session,15min,0.0,1.5x_ATR,2.0,1.5,668,-2605.0847551616016,10428.44722028469,13033.53197544629,0.8001244206045386,31.2874251497006,2666.420150320623,-0.9769971003438276,-1.0809865789075221,7.890718562874252
Dual_Session,15min,0.0,1.5x_ATR,2.0,2.5,2437,-10902.59755684889,35296.431916155445,46199.02947300417,0.7640080823944684,30.283135002051704,11398.611997766735,-0.9564846631313509,-2.4081465550986993,7.3184242921624945
Dual_Session,15min,0.0,1.5x_ATR,2.0,No_Cap,3090,-13539.603899273186,45033.95548270137,58573.55938197425,0.7688444403561442,30.323624595469255,14163.906994627438,-0.9559229599861777,-2.6385187000250747,7.253398058252428
Dual_Session,15min,0.0,1.5x_ATR,3.0,1.5,668,-3378.0443934847153,11418.719744001175,14796.764137485901,0.7717038426714636,22.45508982035928,3378.0443934846908,-1.0000000000000073,-1.1674227582348449,11.697604790419163
Dual_Session,15min,0.0,1.5x_ATR,3.0,2.5,2437,-11169.924652970538,40466.55848388697,51636.48313685724,0.7836815372695789,22.650800164136232,11826.359706332576,-0.9444939043236997,-2.0218786967874536,10.55108740254411
Dual_Session,15min,0.0,1.5x_ATR,3.0,No_Cap,3089,-13561.673751393757,51922.72915911029,65484.402910503835,0.7929022309338607,22.466817740369052,15027.286162456705,-0.9024699207016801,-2.1350758107080905,10.56005179669796
Dual_Session,15min,0.0,1.5x_ATR,4.0,1.5,668,-3500.934408133139,12126.894280133984,15627.828688267131,0.7759807534387976,18.11377245508982,3500.9344081331346,-1.0000000000000013,-1.062904911295365,14.482035928143713
Dual_Session,15min,0.0,1.5x_ATR,4.0,2.5,2435,-11996.089242116781,43175.009047154235,55171.09828927063,0.7825656980903473,17.782340862423,13051.484517995528,-0.9191359975623036,-1.864204090882802,13.281724845995893
Dual_Session,15min,0.0,1.5x_ATR,4.0,No_Cap,3085,-16180.894539968003,53893.291810826224,70074.18635079406,0.76908908426042,17.698541329011345,17137.643296594517,-0.9441726764836661,-2.2456186159611007,13.428200972447325
Dual_Session,15min,0.0,2.0x_ATR,1.5,1.5,668,-2304.8974644249165,12740.557941545867,15045.455405970813,0.8468044068968331,39.07185628742515,2637.6662179126533,-0.8738397029814192,-0.8232492515280111,10.600299401197605
Dual_Session,15min,0.0,2.0x_ATR,1.5,2.5,2437,-10557.2105503617,43155.95973423589,53713.17028459741,0.803452105053109,36.93065244152647,12413.397991070287,-0.8504690301524325,-1.9937647273836188,10.018465326220763
Dual_Session,15min,0.0,2.0x_ATR,1.5,No_Cap,3090,-12527.666904993148,55377.080214146794,67904.74711913984,0.8155111765159353,37.15210355987055,15020.06323242048,-0.8340621947551093,-2.091610108663882,9.926537216828478
Dual_Session,15min,0.0,2.0x_ATR,2.0,1.5,668,-3364.7611816403355,13707.735177176435,17072.496358816796,0.8029133460671269,31.437125748502993,3475.3670061381117,-0.96817434696755,-1.0565777491401547,14.025449101796408
Dual_Session,15min,0.0,2.0x_ATR,2.0,2.5,2436,-11309.507889228867,48215.11648995575,59524.62437918437,0.8100028684400479,30.788177339901477,13215.097593469836,-0.8558020710204512,-1.8677595172772776,13.138341543513956
Dual_Session,15min,0.0,2.0x_ATR,2.0,No_Cap,3088,-13208.492313056717,62143.46338588225,75351.9556989392,0.8247093630080407,30.89378238341969,15768.47177734234,-0.837652024848467,-1.9092912933699349,13.081606217616581
Dual_Session,15min,0.0,2.0x_ATR,3.0,1.5,667,-3179.1086914059656,15594.856598772392,18773.965290178385,0.8306639730995377,24.43778110944528,3187.214341517577,-0.9974568230300596,-0.8287477763498693,19.51874062968516
Dual_Session,15min,0.0,2.0x_ATR,3.0,2.5,2432,-11820.673039898502,54905.69437779048,66726.36741768886,0.8228485455246771,23.39638157894737,13062.503264507737,-0.9049316812051312,-1.590244365146117,18.16282894736842
Dual_Session,15min,0.0,2.0x_ATR,3.0,No_Cap,3082,-15944.410658480829,68948.86064453167,84893.27130301287,0.8121828689865161,23.296560674886436,16571.03055245393,-0.9621858223005746,-1.9113244258475526,18.391304347826086
Dual_Session,15min,0.0,2.0x_ATR,4.0,1.5,665,-3419.0376674104323,16255.992571149616,19675.030238560066,0.8262245279445795,19.548872180451127,3719.133691405922,-0.9193102348837462,-0.779049965675921,24.40902255639098
Dual_Session,15min,0.0,2.0x_ATR,4.0,2.5,2422,-13070.309026226589,57759.21565987759,70829.52468610415,0.8154680680951853,19.529314616019818,14302.27072405013,-0.9138625102549679,-1.560758314975674,22.50619322873658
Dual_Session,15min,0.0,2.0x_ATR,4.0,No_Cap,3061,-17946.180601282133,71921.22760184189,89867.40820312458,0.8003037924414212,19.470761189153873,18100.675983536516,-0.9914646622924522,-1.9094700557631088,23.094086899705978
Dual_Session,15min,0.1,Opposite_Bound,1.5,1.5,668,-3974.3485839841196,11178.952636718877,15153.301220702857,0.737723910711013,37.4251497005988,4112.174780273005,-0.9664833807769875,-1.4951692698909573,10.438622754491018
Dual_Session,15min,0.1,Opposite_Bound,1.5,2.5,2435,-13253.639160154022,51169.84072265727,64423.479882810716,0.794273156553132,36.91991786447639,14092.928759764356,-0.940446048233315,-2.080624739413693,15.125667351129364
Dual_Session,15min,0.1,Opposite_Bound,1.5,No_Cap,3075,-13345.66223144282,74584.04792480581,87929.71015624939,0.848223516172991,38.113821138211385,15087.583593748268,-0.8845460340629208,-1.6377399497649208,19.4660162601626
Dual_Session,15min,0.1,Opposite_Bound,2.0,1.5,668,-4535.15180664037,12285.200781250109,16820.352587890302,0.7303771259881172,30.089820359281436,4781.747900390187,-0.9484297167297976,-1.510770118230222,13.010479041916168
Dual_Session,15min,0.1,Opposite_Bound,2.0,2.5,2433,-12653.026318357168,58423.77241211025,71076.79873046692,0.8219809200138753,31.11385121249486,13907.052441404961,-0.9098280438409633,-1.7062775514865849,19.135635018495684
Dual_Session,15min,0.1,Opposite_Bound,2.0,No_Cap,3059,-12014.34409179449,83948.72968750047,95963.07377929706,0.8748024253638638,32.91925465838509,14057.199511716819,-0.8546755050165157,-1.283780737924455,24.890487087283425
Dual_Session,15min,0.1,Opposite_Bound,3.0,1.5,667,-4337.555957030995,14148.597412109471,18486.15336914025,0.765361897068773,22.488755622188904,4771.608837890207,-0.9090342700741726,-1.186311219484374,17.911544227886058
Dual_Session,15min,0.1,Opposite_Bound,3.0,2.5,2412,-11050.119921872843,66669.12158203198,77719.24150390498,0.8578200236125851,25.082918739635158,12835.752197264308,-0.8608860432992749,-1.2168424224900085,26.505389718076287
Dual_Session,15min,0.1,Opposite_Bound,3.0,No_Cap,3016,-11829.087304684997,91759.93178710957,103589.01909179796,0.8858075169704449,27.155172413793103,14484.170654295256,-0.8166906885467482,-1.0720147307334014,33.06896551724138
Dual_Session,15min,0.1,Opposite_Bound,4.0,1.5,666,-3536.0624023434957,15703.046191406342,19239.108593749603,0.8162044574408164,19.21921921921922,3574.563037108949,-0.9892292751965028,-0.8311799626416215,21.86036036036036
Dual_Session,15min,0.1,Opposite_Bound,4.0,2.5,2383,-8916.056103513578,70726.54169921933,79642.59780273322,0.8880491552322531,22.114981116240035,13025.15410156132,-0.6845259590782741,-0.8891178558983303,31.78304657994125
Dual_Session,15min,0.1,Opposite_Bound,4.0,No_Cap,2952,-9892.263232419593,94282.86503906256,104175.12827148562,0.9050419865417076,24.491869918699187,14753.060400388818,-0.670522790793894,-0.8388345227395678,38.614837398373986
Dual_Session,15min,0.1,Range_Midpoint,1.5,1.5,668,-3181.512781633394,7261.537779889884,10443.050561523247,0.6953464159835209,36.22754491017964,3248.0424935471747,-0.9795169822913481,-1.7604177839256636,4.613772455089821
Dual_Session,15min,0.1,Range_Midpoint,1.5,2.5,2436,-12360.874182998848,30769.043321882826,43129.91750488104,0.7134037137539313,35.50903119868637,12971.311646378237,-0.952939418925315,-3.0403620505227402,6.1165845648604265
Dual_Session,15min,0.1,Range_Midpoint,1.5,No_Cap,3087,-14390.45825282215,44203.0498038168,58593.5080566383,0.7544018317027334,36.345966958211854,15389.195765030177,-0.9351013836293174,-2.7907026218026103,7.455458373825721
Dual_Session,15min,0.1,Range_Midpoint,2.0,1.5,668,-4152.320647321174,7693.334259905212,11845.654907226324,0.6494646619506002,28.892215568862277,4156.071526227268,-0.9990974941402179,-2.0703439718911123,6.067365269461078
Dual_Session,15min,0.1,Range_Midpoint,2.0,2.5,2436,-12975.149455912973,34840.417560687114,47815.567016599605,0.7286417318567392,29.1871921182266,13603.74469517152,-0.9537924848382624,-2.7598662682840573,7.91256157635468
Dual_Session,15min,0.1,Range_Midpoint,2.0,No_Cap,3087,-15181.476384623085,49970.829963031145,65152.30634765366,0.7669848200980954,29.770003239390995,16468.226335796226,-0.9218646911370054,-2.542845183989022,9.892128279883382
Dual_Session,15min,0.1,Range_Midpoint,3.0,1.5,668,-4558.278419712356,8586.520213099944,13144.798632812197,0.6532256942807914,21.107784431137723,4594.7819597512735,-0.99205543584904,-1.9182786740480602,8.01497005988024
Dual_Session,15min,0.1,Range_Midpoint,3.0,2.5,2436,-13145.16972830413,39802.191648647335,52947.36137695095,0.7517313538115996,22.126436781609197,13748.827272250273,-0.9560938884464332,-2.318177003410682,11.269704433497537
Dual_Session,15min,0.1,Range_Midpoint,3.0,No_Cap,3084,-15309.85168631115,57033.751341030365,72343.60302734123,0.788373110466661,22.827496757457848,17155.79878103898,-0.892400982414878,-2.118429663539636,14.086251621271076
Dual_Session,15min,0.1,Range_Midpoint,4.0,1.5,668,-4433.78453194729,9379.059926060307,13812.844458007468,0.67901002972803,16.317365269461078,4516.289732142464,-0.9817316414383284,-1.6047091403573694,10.154191616766468
Dual_Session,15min,0.1,Range_Midpoint,4.0,2.5,2431,-13599.805967492224,42577.90997488885,56177.7159423805,0.7579145798408662,17.935006170300287,14317.533433313332,-0.9498707323322092,-2.082050462218285,14.353763883175649
Dual_Session,15min,0.1,Range_Midpoint,4.0,No_Cap,3072,-16717.208091514905,59918.84884207653,76636.05693359188,0.7818623666141714,18.880208333333332,18276.024131554997,-0.9147070484904497,-2.059746390271991,17.771809895833332
Dual_Session,15min,0.1,1.5x_ATR,1.5,1.5,668,-2793.744335937238,9048.100673130673,11841.845009067907,0.7640786267851065,37.4251497005988,2926.0808114184574,-0.9547734720911322,-1.349237850781456,5.998502994011976
Dual_Session,15min,0.1,1.5x_ATR,1.5,2.5,2437,-12550.786970736937,30179.09106706929,42729.87803780612,0.7062760871998682,36.06893721789085,12856.869194683422,-0.9761930980776364,-3.235442921335087,5.53508411981945
Dual_Session,15min,0.1,1.5x_ATR,1.5,No_Cap,3089,-14319.486687359133,39251.96059744749,53571.44728480626,0.7327030085405214,36.74328261573325,14929.849085342972,-0.9591179793918313,-3.245815710353696,5.495305924247329
Dual_Session,15min,0.1,1.5x_ATR,2.0,1.5,668,-3252.9167428150254,9985.284050641834,13238.200793456857,0.754278032674741,30.089820359281436,3315.505625697272,-0.9811223716837808,-1.3754871868246203,7.721556886227545
Dual_Session,15min,0.1,1.5x_ATR,2.0,2.5,2437,-12154.056994627923,34591.600404576166,46745.65739920386,0.7399960195054462,29.79072630283135,12253.586785015721,-0.9918774974108391,-2.710557361359526,7.185884283955683
Dual_Session,15min,0.1,1.5x_ATR,2.0,No_Cap,3089,-14137.89013846128,44804.83570731067,58942.72584577161,0.760141901556201,30.20394949821949,14724.882111466,-0.9601360494052689,-2.7655899283290784,7.195532534800907
Dual_Session,15min,0.1,1.5x_ATR,3.0,1.5,668,-3858.141047014269,11034.468748256182,14892.609795270466,0.7409358668458811,21.55688622754491,3859.979743303338,-0.999523651311316,-1.3518590439905618,11.26497005988024
Dual_Session,15min,0.1,1.5x_ATR,3.0,2.5,2437,-12653.814554267996,39562.66511230492,52216.47966657257,0.7576662648445784,22.035289290110793,12693.6086617596,-0.9968650280190624,-2.3135706465963324,10.444398851046369
Dual_Session,15min,0.1,1.5x_ATR,3.0,No_Cap,3088,-14263.798229979182,51667.815307617544,65931.61353759655,0.7836576800620042,22.182642487046632,15278.328184289858,-0.9335967952728048,-2.250540452371911,10.582901554404145
Dual_Session,15min,0.1,1.5x_ATR,4.0,1.5,668,-4084.167483956205,11652.698981584876,15736.866465541098,0.7404713643024617,17.065868263473053,4084.1674839561992,-1.0000000000000016,-1.2575937228941854,13.904191616766468
Dual_Session,15min,0.1,1.5x_ATR,4.0,2.5,2435,-12745.98905726738,42749.92437918551,55495.91343645251,0.7703256281768887,17.49486652977413,13014.605594306862,-0.979360378223295,-1.998583706702384,12.948254620123203
Dual_Session,15min,0.1,1.5x_ATR,4.0,No_Cap,3084,-16060.656478444513,54279.12594866107,70339.78242710546,0.7716703702476139,17.639429312581065,16480.93928222506,-0.9744988561280711,-2.228078835603173,13.308690012970168
Dual_Session,15min,0.1,2.0x_ATR,1.5,1.5,668,-2788.302964564466,12448.081605747877,15236.384570312362,0.8169970735710222,38.32335329341317,3044.850505719586,-0.9157437973807878,-1.0030899473028374,10.532934131736528
Dual_Session,15min,0.1,2.0x_ATR,1.5,2.5,2437,-12288.007059150817,42320.95945173022,54608.96651088084,0.774981878539997,36.2330734509643,13359.733067102734,-0.9197793846202694,-2.3283974677997783,9.862946245383668
Dual_Session,15min,0.1,2.0x_ATR,1.5,No_Cap,3089,-13456.32463030009,55024.33217075948,68480.65680105945,0.8035018170256248,36.90514729685982,15499.024448938231,-0.8682046198863776,-2.247526212074813,9.849142117190029
Dual_Session,15min,0.1,2.0x_ATR,2.0,1.5,668,-3870.938462611348,13363.257847377326,17234.196309988685,0.775391994324225,30.688622754491018,3984.044112722964,-0.9716103419260806,-1.22663816021977,13.877245508982037
Dual_Session,15min,0.1,2.0x_ATR,2.0,2.5,2436,-12612.923765344935,47424.03360770131,60036.95737304592,0.7899140076840855,30.254515599343186,13491.364773994408,-0.9348886474152168,-2.095924830907026,13.011904761904761
Dual_Session,15min,0.1,2.0x_ATR,2.0,No_Cap,3087,-13605.885477119204,61982.753494699224,75588.63897181851,0.8200009199505242,30.741820537738906,15578.87688336911,-0.8733547083643667,-1.9696332560430414,13.09297052154195
Dual_Session,15min,0.1,2.0x_ATR,3.0,1.5,667,-3928.3508091515296,15049.685435267933,18978.036244419476,0.7930054111733146,23.388305847076463,3938.956284876983,-0.9973075416535666,-1.0361348074726386,19.22038980509745
Dual_Session,15min,0.1,2.0x_ATR,3.0,2.5,2431,-13119.221861048052,54009.045389230276,67128.26725027821,0.8045648666584112,22.95351707116413,13815.37232840279,-0.9496104447417943,-1.78029669091129,17.870012340600578
Dual_Session,15min,0.1,2.0x_ATR,3.0,No_Cap,3080,-16294.51715959686,68783.18859514552,85077.70575474271,0.8084748875743062,23.149350649350648,16415.58168247628,-0.9926250238815079,-1.9582552622490308,18.29383116883117
Dual_Session,15min,0.1,2.0x_ATR,4.0,1.5,665,-3875.582728794402,15908.303745814786,19783.886474609193,0.8041040756188951,18.796992481203006,4174.879889787657,-0.9283099948035924,-0.8892790761764908,23.842105263157897
Dual_Session,15min,0.1,2.0x_ATR,4.0,2.5,2421,-14466.653257532436,56623.475174386454,71090.12843191891,0.7965026428192941,19.165634035522512,14552.469921873933,-0.9941029485164917,-1.7445849605563035,22.158199091284594
Dual_Session,15min,0.1,2.0x_ATR,4.0,No_Cap,3059,-18720.84433593619,71273.45361328157,89994.2979492182,0.7919774389872968,19.287348806799606,18870.60954240943,-0.9920635734560317,-2.0008156777896153,22.950637463223277
Dual_Session,15min,0.25,Opposite_Bound,1.5,1.5,668,-4880.886059570057,11870.524438476694,16751.410498046585,0.7086283534070721,36.52694610778443,4970.285742187112,-0.9820131704183036,-1.6765270988603949,11.776946107784433
Dual_Session,15min,0.25,Opposite_Bound,1.5,2.5,2434,-15190.19003906024,54328.00058593853,69518.19062499829,0.7814933055291939,36.81183237469187,15504.558496092295,-0.9797241271261425,-2.2240358645099074,16.855382087099425
Dual_Session,15min,0.25,Opposite_Bound,1.5,No_Cap,3073,-14962.753247067609,78782.87854003989,93745.63178710938,0.8403898617799175,38.07354376830459,16470.57321777177,-0.90845370402305,-1.7263710540497017,21.510575984380083
Dual_Session,15min,0.25,Opposite_Bound,2.0,1.5,668,-5216.60688476537,13143.652929687622,18360.259814452795,0.7158751053915493,30.089820359281436,5341.101660155852,-0.9766911803384679,-1.5901748025638829,14.420658682634732
Dual_Session,15min,0.25,Opposite_Bound,2.0,2.5,2432,-14719.49418945089,61715.4076171884,76434.9018066393,0.8074244377694441,31.00328947368421,14782.79584960821,-0.9957178830850866,-1.8565679597598002,21.343338815789473
Dual_Session,15min,0.25,Opposite_Bound,2.0,No_Cap,3054,-14065.4212402318,87922.31860351602,101987.73984375081,0.8620871365344152,32.90766208251473,15544.863671873518,-0.9048275711598177,-1.42073881166806,27.22920759659463
Dual_Session,15min,0.25,Opposite_Bound,3.0,1.5,666,-4927.593164062246,14982.762939453229,19910.356103515245,0.7525110480976264,23.273273273273272,5170.692187499625,-0.9529852068887252,-1.2586922772742966,20.03153153153153
Dual_Session,15min,0.25,Opposite_Bound,3.0,2.5,2403,-13011.981884763412,68737.56948242256,81749.55136718653,0.8408311523775915,25.13524760715772,14369.922265623636,-0.9055012020413813,-1.385409133861077,28.970037453183522
Dual_Session,15min,0.25,Opposite_Bound,3.0,No_Cap,2996,-13229.186914059797,94115.09584960947,107344.28276367325,0.8767592779655637,27.503337783711615,15969.767236326628,-0.8283894635588176,-1.1697716018091278,35.61181575433912
Dual_Session,15min,0.25,Opposite_Bound,4.0,1.5,665,-3196.0495605466213,17292.41000976572,20488.4595703121,0.8440073276578843,20.451127819548873,3642.679199218307,-0.8773897962885314,-0.6924211290821735,23.933834586466165
Dual_Session,15min,0.25,Opposite_Bound,4.0,2.5,2370,-8294.684326169881,74352.8126464849,82647.49697265527,0.8996378035633101,22.953586497890296,12990.68549804573,-0.638510133080945,-0.7936555911346775,34.44388185654009
Dual_Session,15min,0.25,Opposite_Bound,4.0,No_Cap,2933,-9126.84101562263,98213.3416992187,107340.18271484514,0.9149727456690439,25.536992840095465,14634.866357420413,-0.6236367857910083,-0.7524027127479991,41.23354926696215
Dual_Session,15min,0.25,Range_Midpoint,1.5,1.5,668,-4682.089869035737,7621.805004010974,12303.89487304665,0.6194627865935014,35.02994011976048,4706.543787492514,-0.9948042726125779,-2.2976883184278774,5.57185628742515
Dual_Session,15min,0.25,Range_Midpoint,1.5,2.5,2436,-13582.725684463507,34270.4292715899,47853.15495605291,0.7161581990375132,35.26272577996716,13876.965198624275,-0.9787965516992189,-2.9990089417705366,7.335796387520525
Dual_Session,15min,0.25,Range_Midpoint,1.5,No_Cap,3086,-16090.83817225564,48599.51221836761,64690.35039062267,0.7512637035494008,35.93648736228127,16616.68222743256,-0.9683544495838765,-2.828985015765698,8.921905379131562
Dual_Session,15min,0.25,Range_Midpoint,2.0,1.5,668,-5049.546599469611,8451.955451311462,13501.50205078098,0.6260011233951979,29.04191616766467,5049.546599469451,-1.0000000000000315,-2.2333866585735778,7.297904191616767
Dual_Session,15min,0.25,Range_Midpoint,2.0,2.5,2436,-14178.281169780154,38743.52674037465,52921.807910154275,0.7320900073207969,29.105090311986864,14487.31957310122,-0.9786683518809882,-2.7070734299472887,9.61206896551724
Dual_Session,15min,0.25,Range_Midpoint,2.0,No_Cap,3086,-16591.95243442779,55045.444904437434,71637.3973388648,0.7683897928906767,29.68243681140635,17790.097038921052,-0.9326510360302155,-2.4933618697245237,11.87751134154245
Dual_Session,15min,0.25,Range_Midpoint,3.0,1.5,668,-5586.614601352981,9343.185911342136,14929.800512694976,0.6258078199636707,20.808383233532933,5586.614601352843,-1.0000000000000246,-2.0970248188790435,9.54491017964072
Dual_Session,15min,0.25,Range_Midpoint,3.0,2.5,2435,-16413.256862093127,42771.60959298329,59184.86645507593,0.7226781465401959,21.765913757700204,16543.052784945707,-0.9921540525476232,-2.635647998455101,13.522381930184805
Dual_Session,15min,0.25,Range_Midpoint,3.0,No_Cap,3081,-18053.748707795625,61802.31467110851,79856.06337890479,0.7739213787419746,22.719896137617656,19297.191847445174,-0.9355635188021322,-2.2738127270235666,16.553716325868223
Dual_Session,15min,0.25,Range_Midpoint,4.0,1.5,667,-5490.678428431665,10103.57037527907,15594.248803710567,0.6479036279628283,16.64167916041979,5494.379917689343,-0.9993263135580123,-1.8314919846200004,12.433283358320839
Dual_Session,15min,0.25,Range_Midpoint,4.0,2.5,2424,-15762.629282921882,45709.682289342,61472.31157226332,0.7435816405831481,18.234323432343235,15825.475889368168,-0.9960287698843542,-2.2635633203251238,16.883663366336634
Dual_Session,15min,0.25,Range_Midpoint,4.0,No_Cap,3061,-19103.576231163337,63863.230287389066,82966.80651855347,0.7697443467720749,19.307415877164324,20117.33941475834,-0.9496074921889874,-2.2148668645095575,20.475988239137536
Dual_Session,15min,0.25,1.5x_ATR,1.5,1.5,668,-3499.3130746021325,8643.027986363104,12142.341060965238,0.7118090278445892,36.82634730538922,3531.048898751087,-0.9910123521200231,-1.7124208182844771,5.717065868263473
Dual_Session,15min,0.25,1.5x_ATR,1.5,2.5,2437,-13288.776930453781,30007.59379010915,43296.37072056282,0.6930741143127174,36.02790315962249,13407.044759694603,-0.991178680211737,-3.4165615128398805,5.404595814526057
Dual_Session,15min,0.25,1.5x_ATR,1.5,No_Cap,3089,-14955.25429164207,39226.264254325215,54181.51854596702,0.7239786795758792,36.71090967950793,15208.875476072597,-0.9833241330149927,-3.378167035205491,5.457105859501457
Dual_Session,15min,0.25,1.5x_ATR,2.0,1.5,668,-4329.474883161012,9295.856556919733,13625.331440080743,0.6822481051414809,29.04191616766467,4329.4748831610095,-1.0000000000000007,-1.8863783804974121,7.402694610778443
Dual_Session,15min,0.25,1.5x_ATR,2.0,2.5,2437,-13707.784193637395,33883.50084751702,47591.285041154246,0.7119686055591162,29.38038572014772,13727.438481793068,-0.9985682479523226,-3.0702418924402077,7.020106688551498
Dual_Session,15min,0.25,1.5x_ATR,2.0,No_Cap,3088,-15554.206511577902,44216.38337751157,59770.589889089155,0.7397682281463156,29.760362694300518,15640.4284580762,-0.9944872388419912,-3.0438819386001903,7.209520725388601
Dual_Session,15min,0.25,1.5x_ATR,3.0,1.5,668,-4461.825390624752,10594.460208565897,15056.285599190667,0.70365696364948,21.25748502994012,4461.8253906247555,-0.9999999999999992,-1.6015378411349055,10.52245508982036
Dual_Session,15min,0.25,1.5x_ATR,3.0,2.5,2437,-13432.54432547338,39264.123247419295,52696.66757289234,0.7450968923814288,21.953221173574068,13472.531478444867,-0.9970319495608183,-2.4600933229606836,10.266311038161675
Dual_Session,15min,0.25,1.5x_ATR,3.0,No_Cap,3088,-14248.0450125545,51977.7012922018,66225.74630475612,0.784856406948017,22.31217616580311,15089.777366418572,-0.9442183715886161,-2.2377220814714534,10.488665803108809
Dual_Session,15min,0.25,1.5x_ATR,4.0,1.5,668,-4837.149618094052,11106.866622488888,15944.016240582963,0.6966166149666934,16.61676646706587,4837.149618094057,-0.9999999999999991,-1.5284791476875477,13.32185628742515
Dual_Session,15min,0.25,1.5x_ATR,4.0,2.5,2434,-14259.03856724232,41784.28441685291,56043.3229840948,0.7455711437509045,17.296631059983564,14552.990093121018,-0.9798012969157696,-2.258032454652686,12.8594905505341
Dual_Session,15min,0.25,1.5x_ATR,4.0,No_Cap,3084,-16617.216449845193,54179.73118024592,70796.94763009102,0.7652834337340522,17.607003891050585,17056.246296036403,-0.9742598788402093,-2.2998210025132186,13.30544747081712
Dual_Session,15min,0.25,2.0x_ATR,1.5,1.5,668,-4256.327169363578,11607.000816127338,15863.327985490936,0.7316876273845841,36.377245508982035,4348.054994419397,-0.9789037109297032,-1.556335743341329,10.22305389221557
Dual_Session,15min,0.25,2.0x_ATR,1.5,2.5,2437,-13165.505315289149,42184.27781808072,55349.78313336965,0.7621398934198963,35.986869101354124,13479.478327286775,-0.9767073321107654,-2.4829940176418583,9.725892490767336
Dual_Session,15min,0.25,2.0x_ATR,1.5,No_Cap,3088,-15046.279265484221,54489.20512346604,69535.48438895,0.7836172509948749,36.46373056994819,16101.18392508222,-0.9344827893087613,-2.5067958460496333,9.953044041450777
Dual_Session,15min,0.25,2.0x_ATR,2.0,1.5,668,-5038.469852120273,12602.598291015718,17641.068143136006,0.7143897517293637,29.790419161676645,5158.854729352421,-0.9766644180641118,-1.6364474828726867,13.264970059880241
Dual_Session,15min,0.25,2.0x_ATR,2.0,2.5,2436,-13799.677566963215,47014.014174107506,60813.69174107043,0.7730827191725422,30.09031198686371,13857.709584262333,-0.9958122937310634,-2.2914234459762373,12.742610837438423
Dual_Session,15min,0.25,2.0x_ATR,2.0,No_Cap,3087,-14880.959940009821,61513.94250837104,76394.90244838099,0.805210040682167,30.677032717849045,15804.216476002897,-0.9415816318768508,-2.1547758444002776,12.988014253320376
Dual_Session,15min,0.25,2.0x_ATR,3.0,1.5,666,-4955.436704798849,14240.272802734442,19195.709507533298,0.7418466505312497,22.67267267267267,4999.93570033456,-0.9911000864405649,-1.338505819762224,18.734234234234233
Dual_Session,15min,0.25,2.0x_ATR,3.0,2.5,2429,-14497.709361048055,53190.1187709267,67687.82813197456,0.7858151197763222,22.76657060518732,14577.629010880515,-0.994517650999843,-1.9743060775517165,17.810209962947717
Dual_Session,15min,0.25,2.0x_ATR,3.0,No_Cap,3078,-17389.727769250916,68303.70906110533,85693.43683035659,0.7970704827293027,23.034437946718647,17519.566420199295,-0.9925889346896918,-2.0881543982049124,18.34957764782326
Dual_Session,15min,0.25,2.0x_ATR,4.0,1.5,665,-4609.604771205101,15326.554352678633,19936.159123883728,0.768781702505437,18.49624060150376,4934.788643972907,-0.9341037891936935,-1.0778688456064816,22.947368421052634
Dual_Session,15min,0.25,2.0x_ATR,4.0,2.5,2419,-15188.158684429749,55983.75517578152,71171.9138602112,0.7865989846182758,19.140140553947912,15353.389760043472,-0.9892381371022229,-1.8435036230038528,21.916907813145926
Dual_Session,15min,0.25,2.0x_ATR,4.0,No_Cap,3055,-19178.57425362589,70896.20577566997,90074.78002929637,0.7870816420824046,19.312602291325696,19396.394308034483,-0.9887700749454055,-2.052811521382473,22.8
Dual_Session,15min,0.5,Opposite_Bound,1.5,1.5,668,-4998.600903320057,13587.547924804834,18586.148828124693,0.7310577382359092,35.47904191616767,5096.851904296451,-0.9807231987859856,-1.4958943050786278,14.206586826347307
Dual_Session,15min,0.5,Opposite_Bound,1.5,2.5,2432,-16732.749804685453,60020.421533204164,76753.17133788943,0.7819927240397284,36.348684210526315,16928.186938475217,-0.9884549281916561,-2.158011014445563,20.067845394736842
Dual_Session,15min,0.5,Opposite_Bound,1.5,No_Cap,3066,-15293.68813476319,85916.41865234433,101210.10678711,0.8488916905607549,38.06262230919765,17866.708959959135,-0.8559879812805866,-1.604064022849423,25.095564253098498
Dual_Session,15min,0.5,Opposite_Bound,2.0,1.5,668,-5699.759960937245,14668.293017578257,20368.05297851527,0.7201617667162756,28.892215568862277,5926.412304687107,-0.9617555559591076,-1.5551148737896099,17.830838323353294
Dual_Session,15min,0.5,Opposite_Bound,2.0,2.5,2426,-16581.023583982154,67252.4105468759,83833.43413085854,0.8022146682181628,30.46166529266282,17305.687060545562,-0.9581257031848487,-1.852139328165052,25.234954657873043
Dual_Session,15min,0.5,Opposite_Bound,2.0,No_Cap,3036,-14819.759179684832,94646.01210937515,109465.77128906391,0.8646174141453355,32.740447957839265,17293.641845701113,-0.8569484271682634,-1.3629003328981988,31.422266139657445
Dual_Session,15min,0.5,Opposite_Bound,3.0,1.5,666,-4929.403466796621,17008.04492187511,21937.448388671473,0.7752973190199315,23.273273273273272,5170.604150390211,-0.9533515472122562,-1.1194409862554646,23.53753753753754
Dual_Session,15min,0.5,Opposite_Bound,3.0,2.5,2387,-13808.01665038844,73820.51596679754,87628.53261718698,0.842425563478154,25.806451612903224,14741.908789061272,-0.9366505279583743,-1.3426395220523937,33.21114369501466
Dual_Session,15min,0.5,Opposite_Bound,3.0,No_Cap,2961,-13996.381494137951,99284.58354492181,113280.96503906444,0.8764454249721828,28.13238770685579,16817.09140624841,-0.8322712385887121,-1.1570931133957039,39.83890577507599
Dual_Session,15min,0.5,Opposite_Bound,4.0,1.5,665,-2457.2556152341213,19753.299707031365,22210.55532226521,0.8893654129948502,21.654135338345863,3749.089111327675,-0.6554273697602048,-0.4816500960432179,27.727819548872183
Dual_Session,15min,0.5,Opposite_Bound,4.0,2.5,2351,-9222.33950195105,79217.69980468789,88440.03930664016,0.895722123438045,24.074861760952786,13879.709619139454,-0.6644475824792391,-0.8202421926577429,38.19948957890259
Dual_Session,15min,0.5,Opposite_Bound,4.0,No_Cap,2900,-9291.413574216285,103590.26557617169,112881.67915039252,0.9176889142316721,26.620689655172413,14924.428466795242,-0.6225641132515309,-0.7216009827949016,44.89310344827586
Dual_Session,15min,0.5,Range_Midpoint,1.5,1.5,668,-4205.072155761463,9735.66531982432,13940.73747558568,0.6983608533532982,35.32934131736527,4224.500769042451,-0.9954009682224791,-1.6850391708253962,7.511976047904192
Dual_Session,15min,0.5,Range_Midpoint,1.5,2.5,2434,-12746.30515136527,41066.189208985306,53812.49436034976,0.7631348387976564,35.53820870994248,13263.794995115592,-0.9609847827155887,-2.387522543792915,9.535332785538209
Dual_Session,15min,0.5,Range_Midpoint,1.5,No_Cap,3082,-14993.770617673126,57091.72100830207,72085.49162597446,0.7920001614822905,36.340038935756006,15858.254785154295,-0.9454868029809651,-2.306833608167141,11.356586632057105
Dual_Session,15min,0.5,Range_Midpoint,2.0,1.5,668,-5334.623242187245,10208.416406250093,15543.03964843719,0.6567837847133409,28.293413173652695,5352.971752929273,-0.99657227581446,-2.0011748169574015,10.032934131736528
Dual_Session,15min,0.5,Range_Midpoint,2.0,2.5,2434,-15357.292089841723,45045.4076660164,60402.699755857364,0.7457515615706939,28.84141331142153,16259.60124511569,-0.9445060711101377,-2.494902928183328,12.66885784716516
Dual_Session,15min,0.5,Range_Midpoint,2.0,No_Cap,3080,-17757.169921872228,62978.36879882918,80735.53872070186,0.7800575780722515,29.675324675324674,19830.691699216877,-0.8954387568121724,-2.3555032369249314,15.193181818181818
Dual_Session,15min,0.5,Range_Midpoint,3.0,1.5,668,-5788.38422851537,11429.509643554764,17217.893872069944,0.6638157795881862,20.209580838323355,5788.384228515228,-1.0000000000000244,-1.8079739853234542,13.425149700598803
Dual_Session,15min,0.5,Range_Midpoint,3.0,2.5,2429,-16501.985571286845,50441.23015136779,66943.21572265403,0.7534927864885663,22.149032523672293,17788.934082029784,-0.9276545460898075,-2.2011239437842587,17.803211198023877
Dual_Session,15min,0.5,Range_Midpoint,3.0,No_Cap,3066,-17997.82875976286,70911.13549804763,88908.96425781207,0.79757014481042,23.320287018917156,20918.534716795097,-0.8603771250436935,-1.9752005024424548,21.080560991519896
Dual_Session,15min,0.5,Range_Midpoint,4.0,1.5,667,-5646.57329101537,12318.672851562564,17965.246142577722,0.6856946325030999,16.49175412293853,5725.5241210933755,-0.986210724396891,-1.5607771457777975,16.701649175412292
Dual_Session,15min,0.5,Range_Midpoint,4.0,2.5,2416,-14471.337060544896,54678.080126953646,69149.4171874978,0.790723658287599,19.16390728476821,15641.447192381254,-0.9251916963024813,-1.6974148046164244,21.55091059602649
Dual_Session,15min,0.5,Range_Midpoint,4.0,No_Cap,3039,-18014.878271481655,73590.83881836003,91605.7170898437,0.8033432972986249,20.302731161566303,20725.043847654102,-0.8692323357144929,-1.7976417262830626,25.327410332346165
Dual_Session,15min,0.5,1.5x_ATR,1.5,1.5,668,-3801.949335588481,8568.105494907993,12370.054830496474,0.6926489504140793,35.92814371257485,3913.5170697890735,-0.971491696034277,-1.8572363570974812,5.184131736526947
Dual_Session,15min,0.5,1.5x_ATR,1.5,2.5,2436,-13028.855772180917,30545.122849818996,43573.97862199979,0.7009945801551677,36.00164203612479,13100.8516313813,-0.9945044901487224,-3.33457537343965,5.2155172413793105
Dual_Session,15min,0.5,1.5x_ATR,1.5,No_Cap,3086,-14824.095073589631,39881.71855468798,54705.81362827739,0.7290215775910359,36.71419313026571,14885.615200368135,-0.9958671424761146,-3.3288679611506407,5.328580686973428
Dual_Session,15min,0.5,1.5x_ATR,2.0,1.5,668,-4532.811282784296,9270.542585100558,13803.353867884858,0.6716152229256092,28.44311377245509,4532.81128278431,-0.999999999999997,-1.9638190096075587,7.058383233532934
Dual_Session,15min,0.5,1.5x_ATR,2.0,2.5,2436,-12178.214946636846,35297.46101423017,47475.67596086683,0.7434851700337053,29.926108374384235,12197.308326938126,-0.9984346234603981,-2.6829985284388487,6.940886699507389
Dual_Session,15min,0.5,1.5x_ATR,2.0,No_Cap,3085,-14348.188459122575,45637.68293457075,59985.871393693094,0.7608072013332308,30.21069692058347,14403.483609443116,-0.9961609877290875,-2.7717444025329705,7.150405186385737
Dual_Session,15min,0.5,1.5x_ATR,3.0,1.5,668,-4637.180397251403,10585.418035016794,15222.59843226821,0.6953752397868079,20.65868263473054,4637.180397251407,-0.999999999999999,-1.643908565750523,9.883233532934133
Dual_Session,15min,0.5,1.5x_ATR,3.0,2.5,2436,-13456.121920339443,39710.95656389533,53167.07848423438,0.7469087581269076,22.04433497536946,13573.524150738194,-0.9913506448955361,-2.450025689178419,10.339490968801313
Dual_Session,15min,0.5,1.5x_ATR,3.0,No_Cap,3085,-13953.600708006552,52862.68246198421,66816.28316999048,0.7911646675630511,22.560777957860616,15034.847813196066,-0.9280839341625723,-2.175678676553023,10.632414910858994
Dual_Session,15min,0.5,1.5x_ATR,4.0,1.5,668,-4897.470314243569,11170.492208426394,16067.96252266999,0.6952027796098077,16.017964071856287,4897.470314243573,-0.9999999999999992,-1.5129879311274368,12.600299401197606
Dual_Session,15min,0.5,1.5x_ATR,4.0,2.5,2433,-12384.048308453197,43564.18096400694,55948.22927245977,0.7786516486849957,17.96136457048911,13515.944684708604,-0.9162547344888153,-1.9278271643154263,13.061652281134402
Dual_Session,15min,0.5,1.5x_ATR,4.0,No_Cap,3081,-14186.0636840807,56627.73362165219,70813.79730573278,0.7996709084412827,18.27328789354106,16251.946801756254,-0.8728839601264073,-1.9242111163833608,13.665692956832197
Dual_Session,15min,0.5,2.0x_ATR,1.5,1.5,668,-5231.537391880297,11174.83608049678,16406.373472377087,0.6811277397355066,34.73053892215569,5322.007892717341,-0.9830006827008198,-1.934077174206327,9.931137724550899
Dual_Session,15min,0.5,2.0x_ATR,1.5,2.5,2436,-15054.459148296952,41590.03630371131,56644.49545200805,0.7342290891962909,35.42692939244663,15288.4349190838,-0.9846958977799102,-2.8761760275342643,9.731527093596059
Dual_Session,15min,0.5,2.0x_ATR,1.5,No_Cap,3085,-16472.724155969627,54430.21718052516,70902.9413364947,0.767672203078396,36.14262560777958,16918.421833145985,-0.9736560725597252,-2.7601530375527594,10.06418152350081
Dual_Session,15min,0.5,2.0x_ATR,2.0,1.5,668,-5266.611593191747,12583.64684709827,17850.25844029002,0.7049560032529041,28.892215568862277,5417.682359095748,-0.9721152411878912,-1.710388620375826,12.687125748502995
Dual_Session,15min,0.5,2.0x_ATR,2.0,2.5,2434,-15347.461941963204,46649.20470842667,61996.6666503897,0.7524469818916214,29.498767460969596,15918.251262554779,-0.9641424606775577,-2.550757517410062,12.678307313064913
Dual_Session,15min,0.5,2.0x_ATR,2.0,No_Cap,3083,-15738.239767018737,61858.709884208016,77596.94965122688,0.797179659280975,30.360038923126826,16903.032958982818,-0.9310896929095158,-2.267115069642506,13.224132338631202
Dual_Session,15min,0.5,2.0x_ATR,3.0,1.5,666,-5569.440959821193,13922.94755859382,19492.388518415017,0.7142761157997858,21.47147147147147,5784.284395926086,-0.9628573871201408,-1.5174822398765602,17.66966966966967
Dual_Session,15min,0.5,2.0x_ATR,3.0,2.5,2425,-15220.97760881588,52954.09658900707,68175.07419782285,0.7767369117245222,22.391752577319586,15568.564962331577,-0.9776737705526045,-2.0899356107439826,17.836701030927834
Dual_Session,15min,0.5,2.0x_ATR,3.0,No_Cap,3072,-16396.504966516488,69500.68334960984,85897.18831612649,0.8091147651286004,23.111979166666668,17125.757296315576,-0.957417805403795,-1.9597146179563587,18.7373046875
Dual_Session,15min,0.5,2.0x_ATR,4.0,1.5,665,-4520.271798269855,15555.874944196483,20076.14674246633,0.7748436561928348,18.49624060150376,4893.25688476542,-0.9237756988281547,-1.0577627963274725,21.91729323308271
Dual_Session,15min,0.5,2.0x_ATR,4.0,2.5,2416,-14503.27780412846,56815.410323661024,71318.68812778937,0.7966412705441067,19.08112582781457,15255.565987722315,-0.9506876254739223,-1.740232603222379,22.020281456953644
Dual_Session,15min,0.5,2.0x_ATR,4.0,No_Cap,3045,-16579.680140902725,72955.58926478829,89535.26940569138,0.8148251493411022,19.80295566502463,17659.53001534481,-0.9388517206571309,-1.7545636758748342,23.325779967159278
Dual_Session,30min,0.0,Opposite_Bound,1.5,1.5,86,-668.6153808593463,1563.02587890626,2231.6412597656063,0.7003929829969301,40.69767441860465,923.7729003905333,-0.7237876111939234,-0.5943662707404388,10.686046511627907
Dual_Session,30min,0.0,Opposite_Bound,1.5,2.5,1404,-8693.154394530662,32609.602343750514,41302.75673828029,0.789526049081543,36.53846153846154,8751.753588866382,-0.9933042911068397,-1.6136131454272116,18.24002849002849
Dual_Session,30min,0.0,Opposite_Bound,1.5,No_Cap,3029,-11438.804418942898,94514.6649658204,105953.46938476666,0.8920393594908477,39.55100693298118,13521.528344725095,-0.8459697844293843,-1.130772820329469,29.827005612413338
Dual_Session,30min,0.0,Opposite_Bound,2.0,1.5,86,-1035.1559082030963,1529.1906250000102,2564.3465332031064,0.596327604401387,31.3953488372093,1180.3565917967699,-0.876985747694563,-0.8780075417028421,14.546511627906977
Dual_Session,30min,0.0,Opposite_Bound,2.0,2.5,1402,-9931.2781249993,35490.432714844166,45421.71083984266,0.7813539397488514,30.385164051355208,10026.980517577416,-0.990455512264101,-1.636445960919355,22.979315263908703
Dual_Session,30min,0.0,Opposite_Bound,2.0,No_Cap,2997,-7770.887988279098,103521.82685546843,111292.71484375166,0.9301761305832723,34.93493493493494,12656.678417967121,-0.6139753047093089,-0.6824312858749749,36.43376710043377
Dual_Session,30min,0.0,Opposite_Bound,3.0,1.5,86,-1777.3067871093463,1155.9389160156343,2933.2457031249805,0.3940818577810022,19.767441860465116,1896.5034179686572,-0.9371492665238735,-1.5738928602169555,22.25581395348837
Dual_Session,30min,0.0,Opposite_Bound,3.0,2.5,1389,-9000.40439453062,39365.91352539099,48366.31791992072,0.8139117306917689,25.70194384449244,9442.463623046073,-0.9531839098181405,-1.2655382833251065,30.526997840172786
Dual_Session,30min,0.0,Opposite_Bound,3.0,No_Cap,2915,-8047.879394529274,107354.48388671843,115402.363281252,0.930262438604314,30.53173241852487,12947.680029295341,-0.6215692213833051,-0.6345287645045086,45.493996569468266
Dual_Session,30min,0.0,Opposite_Bound,4.0,1.5,86,-1735.9554687499713,1269.3392578125076,3005.294726562479,0.42236764554017814,16.27906976744186,1892.6540039061529,-0.917206982981158,-1.4021125764463163,23.558139534883722
Dual_Session,30min,0.0,Opposite_Bound,4.0,2.5,1376,-6751.121240233797,42609.157763672236,49360.279003905096,0.8632276523457505,23.473837209302324,6917.719091796124,-0.9759172280123517,-0.8542222757788169,34.38299418604651
Dual_Session,30min,0.0,Opposite_Bound,4.0,No_Cap,2844,-4107.599951170657,110713.5729003902,114821.17285156445,0.9642261104884865,29.149085794655416,10221.797949216812,-0.4018471086571789,-0.30467623645534353,50.09001406469761
Dual_Session,30min,0.0,Range_Midpoint,1.5,1.5,86,-729.9165413992455,882.3303091866751,1612.2468505859206,0.5472675036493448,34.883720930232556,729.9165413991741,-1.000000000000098,-0.9459958991866912,3.813953488372093
Dual_Session,30min,0.0,Range_Midpoint,1.5,2.5,1405,-7135.154737199467,19473.264330183163,26608.419067381954,0.7318459725423728,36.29893238434164,7185.327393449195,-0.993017345835143,-2.0538165611283663,7.002846975088969
Dual_Session,30min,0.0,Range_Midpoint,1.5,No_Cap,3076,-14271.487952529682,55055.491857039546,69326.97980956816,0.7941423672034976,37.64629388816645,14751.684522354382,-0.9674480179468982,-2.2805612752894455,11.090052015604682
Dual_Session,30min,0.0,Range_Midpoint,2.0,1.5,86,-959.8009451729627,852.9440743582677,1812.7450195312304,0.47052622689253676,29.069767441860463,965.6517264228842,-0.9939411062085552,-1.2271734343703888,4.941860465116279
Dual_Session,30min,0.0,Range_Midpoint,2.0,2.5,1405,-7823.7082693911525,21718.895880999247,29542.604150389656,0.7351720170109913,29.466192170818506,7864.906951031548,-0.9947617076849217,-1.9689846693858757,8.996441281138791
Dual_Session,30min,0.0,Range_Midpoint,2.0,No_Cap,3070,-12796.34352329548,62966.18103725001,75762.52456054513,0.8310992987955541,31.400651465798045,14218.706120952314,-0.8999653987108659,-1.7532119946448719,14.573615635179154
Dual_Session,30min,0.0,Range_Midpoint,3.0,1.5,86,-1049.9792986188322,923.3158185686443,1973.2951171874765,0.4679055912754904,20.930232558139537,1097.7275896343763,-0.9565026045929594,-1.246231387404066,8.162790697674419
Dual_Session,30min,0.0,Range_Midpoint,3.0,2.5,1404,-8787.206300571403,23893.006443568913,32680.212744139506,0.731115388710363,22.435897435897434,8852.104323032167,-0.9926686333449656,-1.9236225428561031,12.895299145299147
Dual_Session,30min,0.0,Range_Midpoint,3.0,No_Cap,3052,-11768.78034842095,71049.14108712415,82817.92143554571,0.8578957290351608,25.065530799475752,14511.996949984143,-0.8109690478148709,-1.3572666937462377,20.395150720838796
Dual_Session,30min,0.0,Range_Midpoint,4.0,1.5,86,-1161.8550397600166,914.5896135602743,2076.444653320291,0.44045942283981465,15.116279069767442,1161.8550397599447,-1.000000000000062,-1.3018483830331593,10.313953488372093
Dual_Session,30min,0.0,Range_Midpoint,4.0,2.5,1402,-7425.622520228212,26394.084633091763,33819.70715331914,0.7804350437878167,19.40085592011412,7514.219883509256,-0.9882093730747114,-1.4127653063630081,16.068473609129814
Dual_Session,30min,0.0,Range_Midpoint,4.0,No_Cap,3028,-12187.202744835693,74387.11266043595,86574.31540527269,0.8592284248765252,22.093791281373843,15135.228257531564,-0.8052209413340773,-1.2709459257161038,24.74537648612946
Dual_Session,30min,0.0,1.5x_ATR,1.5,1.5,86,-901.0465201241391,917.1965985979477,1818.2431187220868,0.5044411218465547,34.883720930232556,910.2938206263625,-0.9898414113194128,-1.2061661324418744,5.1976744186046515
Dual_Session,30min,0.0,1.5x_ATR,1.5,2.5,1405,-7552.409659248865,17867.94541015646,25420.35506940535,0.7028991279378868,36.01423487544484,7616.509876359489,-0.991584043328089,-2.5090191253257217,5.640569395017794
Dual_Session,30min,0.0,1.5x_ATR,1.5,No_Cap,3080,-13637.462280272108,41576.17489188109,55213.637172152885,0.7530055439428671,37.5,14230.223491558088,-0.9583449120361581,-3.003184511806919,5.656818181818182
Dual_Session,30min,0.0,1.5x_ATR,2.0,1.5,86,-945.4323974609133,1021.5500802176416,1966.982477678555,0.5193488461693271,26.74418604651163,978.8715924943845,-0.9658390382458024,-1.1447623643978058,6.372093023255814
Dual_Session,30min,0.0,1.5x_ATR,2.0,2.5,1405,-7780.364589145672,20168.97338169656,27949.337970842273,0.7216261581128519,29.252669039145907,7847.972286550795,-0.9913853292370841,-2.244434076745034,7.5074733096085415
Dual_Session,30min,0.0,1.5x_ATR,2.0,No_Cap,3079,-13183.70135672307,47477.833604213614,60661.534960936406,0.7826678575606013,31.08151997401754,13653.587622068677,-0.9655851430150039,-2.5042048289716243,7.573887625852549
Dual_Session,30min,0.0,1.5x_ATR,3.0,1.5,86,-1492.1982753208476,779.0819318498939,2271.2802071707415,0.34301445034840966,15.116279069767442,1492.1982753208467,-1.0000000000000007,-1.8358282836409596,10.895348837209303
Dual_Session,30min,0.0,1.5x_ATR,3.0,2.5,1405,-7065.73385184098,23681.22110246939,30746.954954310422,0.77019728092292,22.348754448398576,7206.397249929574,-0.9804807599123169,-1.658773512489898,10.48896797153025
Dual_Session,30min,0.0,1.5x_ATR,3.0,No_Cap,3079,-10905.628846957465,56284.89496547183,67190.5238124292,0.8376909684853507,23.676518350113675,12082.986453681411,-0.902560711191956,-1.651169216039566,11.177655082819097
Dual_Session,30min,0.0,1.5x_ATR,4.0,1.5,86,-1670.8882864815587,700.0553850446477,2370.9436715262063,0.29526445248444605,11.627906976744185,1670.8882864815569,-1.000000000000001,-2.129797958197563,12.593023255813954
Dual_Session,30min,0.0,1.5x_ATR,4.0,2.5,1401,-6539.244801547983,25654.119119698764,32193.363921246768,0.7968760016025453,18.77230549607423,6849.8707048680935,-0.9546522968529386,-1.3329584869570708,13.81370449678801
Dual_Session,30min,0.0,1.5x_ATR,4.0,No_Cap,3071,-11840.038834052779,59366.32579520129,71206.36462925398,0.8337221834635214,19.50504721589059,13638.382191683633,-0.8681410058498403,-1.5738081222796159,14.527189840442853
Dual_Session,30min,0.0,2.0x_ATR,1.5,1.5,86,-717.1459158760922,1484.970706612728,2202.11662248882,0.674337903564082,37.2093023255814,822.0681396484142,-0.872367972054974,-0.6797280190618241,9.023255813953488
Dual_Session,30min,0.0,2.0x_ATR,1.5,2.5,1405,-7719.089128766151,24950.53659667985,32669.62572544605,0.7637227560047044,35.30249110320285,7958.8399762827785,-0.9698761567978397,-1.8705852192395216,10.427758007117438
Dual_Session,30min,0.0,2.0x_ATR,1.5,No_Cap,3079,-12922.99526715835,57955.016005162375,70878.01127232067,0.8176727163307841,37.284832737901915,14328.47399204649,-0.9019100899601521,-2.099480952989526,10.462487820721012
Dual_Session,30min,0.0,2.0x_ATR,2.0,1.5,86,-1430.80933314729,1201.507031250012,2632.316364397302,0.4564447676201376,25.58139534883721,1430.80933314729,-1.0,-1.3831271022110716,14.593023255813954
Dual_Session,30min,0.0,2.0x_ATR,2.0,2.5,1405,-8513.520368302958,27532.322481864,36045.84285016695,0.7638140852000215,29.466192170818506,8572.978501673504,-0.9930644718916606,-1.8255764808506034,13.579359430604983
Dual_Session,30min,0.0,2.0x_ATR,2.0,No_Cap,3078,-11896.223828123682,65960.07465820358,77856.29848632756,0.8472028074875266,31.416504223521766,13644.357812498423,-0.871878617638316,-1.6628542996660307,14.05425601039636
Dual_Session,30min,0.0,2.0x_ATR,3.0,1.5,86,-1739.816029575868,1131.4431780133987,2871.2592075892667,0.3940581801262617,18.6046511627907,1739.8160295758717,-0.9999999999999979,-1.6463949656985235,19.093023255813954
Dual_Session,30min,0.0,2.0x_ATR,3.0,2.5,1399,-6937.492389787331,32157.44620535727,39094.93859514454,0.8225475563056933,23.731236597569694,7472.106375557344,-0.92845203763174,-1.2138002098164713,18.83988563259471
Dual_Session,30min,0.0,2.0x_ATR,3.0,No_Cap,3066,-12271.042871092468,74160.83178710971,86431.87465820265,0.8580264176888546,24.6249184605349,13283.098444474002,-0.9238087726585684,-1.4188997674307275,19.78082191780822
Dual_Session,30min,0.0,2.0x_ATR,4.0,1.5,86,-1701.8404785155917,1242.3464843750116,2944.1869628906034,0.421965894161584,15.116279069767442,1701.8404785155944,-0.9999999999999984,-1.4546943216837322,20.709302325581394
Dual_Session,30min,0.0,2.0x_ATR,4.0,2.5,1395,-8168.002894809655,33362.76308593762,41530.76598074716,0.8033264568586079,19.6415770609319,8618.528397041719,-0.9477259363226436,-1.2781978184470677,22.7505376344086
Dual_Session,30min,0.0,2.0x_ATR,4.0,No_Cap,3049,-14098.478369139295,77425.09969308069,91523.57806222055,0.8459579633178755,20.92489340767465,15285.974400110252,-0.9223146657263542,-1.4450362648490973,24.449327648409312
Dual_Session,30min,0.1,Opposite_Bound,1.5,1.5,86,-710.9933105468463,1602.4942871093845,2313.4875976562307,0.6926746824719762,39.53488372093023,1045.3526123045885,-0.6801468731009219,-0.6193472108388892,10.953488372093023
Dual_Session,30min,0.1,Opposite_Bound,1.5,2.5,1404,-8003.801977538474,34074.992797852094,42078.79477538966,0.8097901325296822,37.03703703703704,8068.101245116393,-0.9920304337260468,-1.44794460307634,19.326210826210826
Dual_Session,30min,0.1,Opposite_Bound,1.5,No_Cap,3026,-11077.902246091347,96484.72163085932,107562.62387695427,0.8970097432843637,39.72240581625909,13445.168017576689,-0.8239318565308632,-1.0794102213700054,31.052544613350957
Dual_Session,30min,0.1,Opposite_Bound,2.0,1.5,86,-1295.6588378905963,1430.383300781259,2726.0421386718554,0.5247106346925916,29.069767441860463,1440.8595214842699,-0.8992263427290272,-1.1043415176119304,15.244186046511627
Dual_Session,30min,0.1,Opposite_Bound,2.0,2.5,1402,-8776.888476561884,37387.411181641066,46164.29965820204,0.8098771444266548,31.24108416547789,8956.78979492102,-0.9799145316035942,-1.4041460092711904,24.341654778887303
Dual_Session,30min,0.1,Opposite_Bound,2.0,No_Cap,2988,-6513.110058591972,105824.55112304645,112337.66118164235,0.942022025471363,35.50870147255689,12099.696191404588,-0.5382870739530445,-0.5633894972245774,37.83935742971887
Dual_Session,30min,0.1,Opposite_Bound,3.0,1.5,86,-1953.3016601562213,1104.2867187500087,3057.58837890623,0.36116264908916146,18.6046511627907,2069.150585937403,-0.9440113607155868,-1.7359383382398428,22.5
Dual_Session,30min,0.1,Opposite_Bound,3.0,2.5,1387,-9246.914355468169,40442.39165039103,49689.306005858256,0.8139053430455029,26.171593366979092,9381.712890624294,-0.9856317778290958,-1.2721867094323445,32.20836337418889
Dual_Session,30min,0.1,Opposite_Bound,3.0,No_Cap,2900,-8753.96118163884,108182.30048828085,116936.261669924,0.9251390367997827,30.93103448275862,12756.744189451416,-0.6862222093375137,-0.6855441671512705,47.11241379310344
Dual_Session,30min,0.1,Opposite_Bound,4.0,1.5,86,-1838.9474121093463,1269.3392578125076,3108.286669921854,0.4083726478949319,16.27906976744186,1995.6459472655279,-0.9214797918584241,-1.4762994526255622,23.441860465116278
Dual_Session,30min,0.1,Opposite_Bound,4.0,2.5,1371,-6486.164453124425,43635.740869140995,50121.90532226448,0.8705922208778786,23.99708242159008,6667.962499999247,-0.9727355924879838,-0.8068465303185443,36.34354485776805
Dual_Session,30min,0.1,Opposite_Bound,4.0,No_Cap,2827,-4722.5830566394125,110971.22050781203,115693.80356445513,0.9591803284951899,29.465864874425186,10569.906201169859,-0.4467951717600602,-0.3492050809244208,51.71842943049169
Dual_Session,30min,0.1,Range_Midpoint,1.5,1.5,86,-754.6690438406517,929.2739737374563,1683.943017578108,0.5518440731290083,34.883720930232556,754.6690438405803,-1.0000000000000946,-0.9525754739873782,4.1976744186046515
Dual_Session,30min,0.1,Range_Midpoint,1.5,2.5,1405,-6401.301892961184,21083.95594395275,27485.25783691323,0.767100533277028,36.93950177935943,6457.174622453038,-0.9913471862294738,-1.7657427190137576,7.738790035587189
Dual_Session,30min,0.1,Range_Midpoint,1.5,No_Cap,3075,-13606.055494033582,57921.97565830912,71528.03115234166,0.8097800921564006,38.016260162601625,13868.54536219839,-0.9810730064826929,-2.109584388493127,11.921626016260163
Dual_Session,30min,0.1,Range_Midpoint,2.0,1.5,86,-968.9055594307752,915.5356270926427,1884.4411865234179,0.485839321301241,29.069767441860463,974.7563406806967,-0.9939976987009536,-1.1962940410362868,5.325581395348837
Dual_Session,30min,0.1,Range_Midpoint,2.0,2.5,1405,-6937.427141461465,23708.370783343024,30645.7979248037,0.7736255013335531,30.035587188612098,6986.2259207581355,-0.9930150012538709,-1.6589473277358926,9.950177935943062
Dual_Session,30min,0.1,Range_Midpoint,2.0,No_Cap,3069,-11807.515373881419,66367.9061837344,78175.42155761576,0.8489612829886802,31.83447376995764,13632.089568218285,-0.8661559414493094,-1.5681425134349556,15.611599869664385
Dual_Session,30min,0.1,Range_Midpoint,3.0,1.5,86,-1262.7881365094572,847.1531476702057,2109.941284179663,0.4015055556389929,18.6046511627907,1304.7405290875013,-0.9678461796481601,-1.5135309570360496,8.837209302325581
Dual_Session,30min,0.1,Range_Midpoint,3.0,2.5,1403,-7670.167091587027,26065.88273751425,33736.04982910045,0.7726418140107805,23.3071988595866,7746.465260532173,-0.9901505827007473,-1.5970891693588414,14.490377761938703
Dual_Session,30min,0.1,Range_Midpoint,3.0,No_Cap,3047,-9660.999464632023,75217.41801583505,84878.41748046779,0.8861783742980843,25.9927797833935,12645.998292757627,-0.7639570432462326,-1.0786567667924414,22.065310141122414
Dual_Session,30min,0.1,Range_Midpoint,4.0,1.5,86,-1414.611997767829,800.9776018415232,2215.5895996093523,0.36151893923980766,12.790697674418604,1414.6119977677572,-1.0000000000000508,-1.6281303493372679,11.127906976744185
Dual_Session,30min,0.1,Range_Midpoint,4.0,2.5,1400,-6629.735630579776,28470.008510044907,35099.744140623836,0.8111172661539209,20.0,6733.533189173313,-0.9845849785428501,-1.202727799768665,17.912142857142857
Dual_Session,30min,0.1,Range_Midpoint,4.0,No_Cap,3016,-10906.302793663934,77943.40313895143,88849.70593261681,0.8772499843506891,22.745358090185675,13782.406944055005,-0.7913206189553365,-1.0999138127463497,26.57393899204244
Dual_Session,30min,0.1,1.5x_ATR,1.5,1.5,86,-890.703807721793,923.8785339355559,1814.582341657349,0.5091411465471064,33.72093023255814,899.9511082240078,-0.9897246634648146,-1.1874658350342606,5.104651162790698
Dual_Session,30min,0.1,1.5x_ATR,1.5,2.5,1405,-7301.968593051864,18079.53477434453,25381.503367396406,0.712311422717712,36.370106761565836,7350.445888845656,-0.9934048496476444,-2.419791235303176,5.469750889679716
Dual_Session,30min,0.1,1.5x_ATR,1.5,No_Cap,3079,-13195.836213900699,41995.622194999174,55191.45840889953,0.7609079992752547,37.8044819746671,13516.750487407693,-0.9762580308184308,-2.8972706670764756,5.648587203637544
Dual_Session,30min,0.1,1.5x_ATR,2.0,1.5,86,-870.220910644498,1068.775857979922,1938.99676862442,0.5512004327568542,26.74418604651163,903.6601056779709,-0.9629958268342662,-1.0349580114722496,6.1976744186046515
Dual_Session,30min,0.1,1.5x_ATR,2.0,2.5,1405,-7311.995099748343,20537.868348911965,27849.863448660326,0.7374495170065154,29.608540925266905,7379.731494140089,-0.9908212928281289,-2.0990255759787892,7.429893238434164
Dual_Session,30min,0.1,1.5x_ATR,2.0,No_Cap,3078,-12423.413856723068,48124.743586077435,60548.15744280023,0.7948176396869024,31.416504223521766,13078.727343748367,-0.94989470536378,-2.3494377601012277,7.713775178687459
Dual_Session,30min,0.1,1.5x_ATR,3.0,1.5,86,-1487.8254551478494,779.0819318498939,2266.9073869977433,0.343676118538613,15.116279069767442,1487.8254551478494,-1.0,-1.8329506845685306,10.383720930232558
Dual_Session,30min,0.1,1.5x_ATR,3.0,2.5,1405,-7307.15435790962,23622.562243652435,30929.71660156206,0.7637497151351013,22.277580071174377,7375.012803431386,-0.9907988708182047,-1.7180551845874277,10.404982206405695
Dual_Session,30min,0.1,1.5x_ATR,3.0,No_Cap,3078,-10836.592393274426,56540.316713169974,67376.90910644419,0.839164596046485,23.749187784275502,11916.620110210637,-0.9093679493893743,-1.6371564063101718,11.3180636777128
Dual_Session,30min,0.1,1.5x_ATR,4.0,1.5,86,-1666.5154663085605,700.0553850446477,2366.570851353208,0.29581002598944167,11.627906976744185,1666.515466308556,-1.0000000000000027,-2.127184158583728,12.081395348837209
Dual_Session,30min,0.1,1.5x_ATR,4.0,2.5,1401,-7221.003703961462,25284.398772321547,32505.40247628301,0.7778521982851885,18.70092790863669,7353.985958425623,-0.9819169828150406,-1.4844059499218878,13.643825838686652
Dual_Session,30min,0.1,1.5x_ATR,4.0,No_Cap,3071,-11687.993851142593,59784.13163364999,71472.12548479246,0.8364678009522832,19.667860631716053,13178.386310684684,-0.8869063006345685,-1.5498471703599952,14.720612178443504
Dual_Session,30min,0.1,2.0x_ATR,1.5,1.5,86,-632.6058593749781,1532.1964843750084,2164.8023437499864,0.707776619329068,37.2093023255814,860.9069684709466,-0.7348132638518966,-0.59538746289615,9.046511627906977
Dual_Session,30min,0.1,2.0x_ATR,1.5,2.5,1405,-7615.402518135569,25055.92448381713,32671.327001952726,0.7669086867001015,35.65836298932384,7683.13891252733,-0.9911837602882181,-1.8608459741125603,10.447686832740214
Dual_Session,30min,0.1,2.0x_ATR,1.5,No_Cap,3078,-13237.646906388307,57924.49733189229,71162.14423828048,0.813979088909083,37.36192332683561,14492.624096678199,-0.9134057999491244,-2.1565152200288473,10.583170890188434
Dual_Session,30min,0.1,2.0x_ATR,2.0,1.5,86,-1635.9661063057797,1067.0488978794765,2703.015004185256,0.39476247679990467,23.25581395348837,1635.9661063057738,-1.0000000000000036,-1.640005271956567,15.093023255813954
Dual_Session,30min,0.1,2.0x_ATR,2.0,2.5,1405,-8342.110630579731,27678.40426199793,36020.51489257765,0.7684066800416923,29.537366548042705,8401.740359932417,-0.9929026931566396,-1.786427020594097,13.771530249110322
Dual_Session,30min,0.1,2.0x_ATR,2.0,No_Cap,3077,-12702.915785433936,65504.81149553616,78207.72728097044,0.8375746716203941,31.32921676958076,14318.846142576542,-0.8871466079701982,-1.781021884150944,14.192070198245045
Dual_Session,30min,0.1,2.0x_ATR,3.0,1.5,86,-1831.8727399553381,1061.1278250558098,2893.000565011148,0.3667914337416387,17.441860465116278,1831.8727399553354,-1.0000000000000016,-1.7691388058907127,18.5
Dual_Session,30min,0.1,2.0x_ATR,3.0,2.5,1399,-7449.2214285707905,31848.93871372783,39298.16014229858,0.8104435067291413,23.65975696926376,7756.720458983666,-0.9603570823469941,-1.3078055621349782,19.056468906361687
Dual_Session,30min,0.1,2.0x_ATR,3.0,No_Cap,3065,-12298.211425779898,74378.3830705919,86676.59449637223,0.8581138138013132,24.73083197389886,13318.250753346585,-0.9234104127893543,-1.4191583391345743,19.917455138662316
Dual_Session,30min,0.1,2.0x_ATR,4.0,1.5,86,-1818.3689732142602,1147.5593470982244,2965.9283203124846,0.3869140529253653,13.953488372093023,1818.3689732142593,-1.0000000000000004,-1.595310101427441,20.1046511627907
Dual_Session,30min,0.1,2.0x_ATR,4.0,2.5,1394,-8629.037241907889,32929.955294363965,41558.99253627174,0.792366544151027,19.655667144906744,8754.49670061325,-0.9856691409002903,-1.3626925290626575,23.114060258249644
Dual_Session,30min,0.1,2.0x_ATR,4.0,No_Cap,3044,-15216.179924663844,76354.60472237757,91570.78464704189,0.8338315000432197,20.92641261498029,15835.743770924855,-0.9608756080406808,-1.5704128854161303,24.78975032851511
Dual_Session,30min,0.25,Opposite_Bound,1.5,1.5,86,-736.1910644530963,1640.646728515635,2376.8377929687313,0.6902644906476454,40.69767441860465,929.5518798827106,-0.7919849127151328,-0.6288003759793198,12.465116279069766
Dual_Session,30min,0.25,Opposite_Bound,1.5,2.5,1403,-7255.476147460349,36575.582006836485,43831.05815429592,0.8344672373202033,38.20384889522452,7717.491235350754,-0.940134031409832,-1.2434576808092266,21.061297220242338
Dual_Session,30min,0.25,Opposite_Bound,1.5,No_Cap,3016,-8333.795556638359,101031.0718261716,109364.86738281377,0.9237982383550003,40.55039787798408,12081.27421874851,-0.6898109757086245,-0.7866225322841319,32.712201591511935
Dual_Session,30min,0.25,Opposite_Bound,2.0,1.5,86,-1273.6031738280963,1493.2891601562596,2766.892333984356,0.5396990485733525,30.232558139534884,1435.2052246092699,-0.8874014335997353,-1.0584198870614288,16.27906976744186
Dual_Session,30min,0.25,Opposite_Bound,2.0,2.5,1399,-10251.210302733589,38332.80112304734,48584.01142578019,0.789000331551601,31.52251608291637,10366.714941405568,-0.9888581253246732,-1.5808518495581245,26.472480343102216
Dual_Session,30min,0.25,Opposite_Bound,2.0,No_Cap,2975,-5909.439697263523,109249.50537109321,115158.94506836138,0.9486844926048934,35.63025210084034,12529.017919920485,-0.47166024783696914,-0.4944965466320946,40.072941176470586
Dual_Session,30min,0.25,Opposite_Bound,3.0,1.5,86,-1780.7052246093463,1301.7854492187598,3082.490673828106,0.4223161031018105,20.930232558139537,1921.1562011717779,-0.9268924741898833,-1.4686484417286563,22.209302325581394
Dual_Session,30min,0.25,Opposite_Bound,3.0,2.5,1383,-8118.620800780673,43065.48696289106,51184.107763670785,0.8413839538189211,27.404193781634127,8271.722558593046,-0.9814909462052346,-1.0686192974471393,33.88286334056399
Dual_Session,30min,0.25,Opposite_Bound,3.0,No_Cap,2869,-5535.272070311256,112467.20854492132,118002.48061523658,0.9530919007680544,31.822934820494947,10599.29121093596,-0.5222303982553254,-0.4225722623562885,49.01185081910073
Dual_Session,30min,0.25,Opposite_Bound,4.0,1.5,86,-1589.2513671874713,1543.9375976562587,3133.18896484373,0.49276874614974386,18.6046511627907,1778.7526367186529,-0.8934639557972697,-1.158331299034302,23.174418604651162
Dual_Session,30min,0.25,Opposite_Bound,4.0,2.5,1365,-6142.927001952553,45203.23256835978,51346.159570311385,0.8803624837113723,25.2014652014652,6292.276318358634,-0.9762646602199696,-0.7480050722716246,38.41172161172161
Dual_Session,30min,0.25,Opposite_Bound,4.0,No_Cap,2797,-1893.147509764426,114558.03398437442,116451.18149414267,0.9837429943992154,30.49696102967465,8372.069921872817,-0.22612657651346185,-0.13718917034031797,53.64604933857704
Dual_Session,30min,0.25,Range_Midpoint,1.5,1.5,86,-618.7165902273705,1086.1266470773012,1704.8432373046717,0.6370830017160106,37.2093023255814,618.7165902272991,-1.0000000000001155,-0.7304716375014816,4.77906976744186
Dual_Session,30min,0.25,Range_Midpoint,1.5,2.5,1404,-5767.615127126922,23578.66183994888,29346.27696707505,0.8034634807816635,37.60683760683761,5832.639467946981,-0.9888516440665674,-1.4735342971484917,9.03988603988604
Dual_Session,30min,0.25,Range_Midpoint,1.5,No_Cap,3068,-13487.95787614844,62275.041600691955,75762.9994768399,0.8219717016315978,37.90743155149935,13822.669753590786,-0.9757852944902055,-1.9720658609529715,13.417535853976531
Dual_Session,30min,0.25,Range_Midpoint,2.0,1.5,86,-818.0028494698377,1083.5885567801438,1901.5914062499814,0.5698324851588524,31.3953488372093,857.6062186104118,-0.9538210331488222,-0.942155660706243,7.127906976744186
Dual_Session,30min,0.25,Range_Midpoint,2.0,2.5,1404,-6837.913044084233,26011.76287318681,32849.67591727022,0.7918422981917919,30.76923076923077,6898.913971818467,-0.9911578941289284,-1.5275571036702256,11.68803418803419
Dual_Session,30min,0.25,Range_Midpoint,2.0,No_Cap,3059,-11381.953693496285,71061.5869454531,82443.54063894978,0.8619424444257873,32.298136645962735,14061.67383509889,-0.8094309274253082,-1.4316498107267592,17.36417129780974
Dual_Session,30min,0.25,Range_Midpoint,3.0,1.5,86,-984.9365740094572,1121.0556623186449,2105.992236328102,0.5323170916685139,22.093023255813954,1100.2427751812556,-0.8951993107586617,-1.0451289301616502,10.453488372093023
Dual_Session,30min,0.25,Range_Midpoint,3.0,2.5,1402,-8197.203897530107,28166.42514474084,36363.62904227009,0.7745768474317952,23.894436519258203,8374.150113350272,-0.9788699493769437,-1.5917207333543253,16.523537803138375
Dual_Session,30min,0.25,Range_Midpoint,3.0,No_Cap,3034,-9416.831753973413,80252.44457833482,89669.27633230996,0.894982627950773,26.499670402109427,13190.507632880679,-0.7139097308506593,-0.9848191128096584,24.419578114700062
Dual_Session,30min,0.25,Range_Midpoint,4.0,1.5,86,-1223.315611049079,1020.2261858258998,2243.541796874979,0.4547391037006617,16.27906976744186,1296.466172572449,-0.9435769609181359,-1.2913106956679647,12.709302325581396
Dual_Session,30min,0.25,Range_Midpoint,4.0,2.5,1397,-7873.618701171295,29896.754115513686,37770.37281668411,0.7915398203935002,20.042949176807443,8001.8205566399,-0.9839784140920002,-1.356397350546187,20.128131710808876
Dual_Session,30min,0.25,Range_Midpoint,4.0,No_Cap,2994,-9781.027075192895,82979.77301199814,92760.80008719326,0.8945564606385332,23.413493653974616,13883.651513670135,-0.7044996098873766,-0.9341800248504739,29.172678690714765
Dual_Session,30min,0.25,1.5x_ATR,1.5,1.5,86,-672.6948399134903,1035.516230119988,1708.2110700334783,0.6061992269489821,37.2093023255814,714.8680943080162,-0.9410055439173725,-0.8796514121481749,5.058139534883721
Dual_Session,30min,0.25,1.5x_ATR,1.5,2.5,1405,-7108.876028877791,18378.355128697225,25487.231157575014,0.7210808822297289,36.654804270462634,7159.265730503056,-0.9929616103770849,-2.336184093592928,5.434163701067616
Dual_Session,30min,0.25,1.5x_ATR,1.5,No_Cap,3073,-12300.755413816996,42921.06427263594,55221.81968645267,0.7772482782411022,38.041002277904326,12529.833706227435,-0.9817173716921251,-2.6716843642831143,5.7015945330296125
Dual_Session,30min,0.25,1.5x_ATR,2.0,1.5,86,-614.3422659737485,1219.0975272042556,1833.439793178004,0.6649236761088977,30.232558139534884,687.0014038085683,-0.894237278945843,-0.709594139902421,6.406976744186046
Dual_Session,30min,0.25,1.5x_ATR,2.0,2.5,1405,-7210.91111537336,20792.257889230066,28003.169004603464,0.7424966040740607,30.177935943060497,7295.762062290226,-0.9883698308425604,-2.060381635760005,7.383629893238434
Dual_Session,30min,0.25,1.5x_ATR,2.0,No_Cap,3072,-11215.913797431758,49331.0798863008,60546.99368373223,0.8147568836197243,31.73828125,11611.025638251733,-0.9659709785224911,-2.0961317908887054,7.734375
Dual_Session,30min,0.25,1.5x_ATR,3.0,1.5,86,-1057.391233607682,1057.445394461506,2114.836628069188,0.5000128049734682,19.767441860465116,1085.1954642159435,-0.9743785967366255,-1.1948557587407407,11.5
Dual_Session,30min,0.25,1.5x_ATR,3.0,2.5,1405,-7903.145438057512,23333.977823312067,31237.12326136959,0.7469950938846149,22.277580071174377,7974.8286952422195,-0.9910113107222638,-1.8777237014321193,10.49252669039146
Dual_Session,30min,0.25,1.5x_ATR,3.0,No_Cap,3072,-8834.880515832985,58355.40490199535,67190.28541782832,0.868509555199944,24.153645833333332,11631.179786898701,-0.7595859300347628,-1.3143028187749324,11.322916666666666
Dual_Session,30min,0.25,1.5x_ATR,4.0,1.5,86,-1139.8234845842444,1070.5193289620615,2210.342813546306,0.48432275862426283,16.27906976744186,1193.8779767717442,-0.9547236038865013,-1.236430243619957,13.186046511627907
Dual_Session,30min,0.25,1.5x_ATR,4.0,2.5,1403,-8405.164083425787,24584.626841517966,32989.790924943794,0.7452192375953911,18.246614397719174,8502.80842633872,-0.9885162245205401,-1.752553825797155,13.490377761938703
Dual_Session,30min,0.25,1.5x_ATR,4.0,No_Cap,3068,-9682.335818916068,61893.85119977721,71576.18701869341,0.8647268564838821,19.947848761408082,11890.185529434848,-0.8143132665967979,-1.2584147028782944,14.771838331160364
Dual_Session,30min,0.25,2.0x_ATR,1.5,1.5,86,-545.7633823939386,1568.032815987733,2113.7961983816717,0.7418088920721039,38.372093023255815,661.2620396205075,-0.8253360236845706,-0.5158463455425347,8.767441860465116
Dual_Session,30min,0.25,2.0x_ATR,1.5,2.5,1405,-6513.07062639448,25935.530231585,32448.60085797953,0.7992803863901304,37.08185053380783,6618.029579379995,-0.9841404527243972,-1.5758697993119075,10.442704626334521
Dual_Session,30min,0.25,2.0x_ATR,1.5,No_Cap,3072,-11293.255890763254,59522.18548060899,70815.44137137201,0.8405255171462017,38.151041666666664,12221.570392716092,-0.9240429443906731,-1.821860904454279,10.767252604166666
Dual_Session,30min,0.25,2.0x_ATR,2.0,1.5,86,-1381.3612653459472,1209.6625488281347,2591.023814174082,0.46686662708799853,25.58139534883721,1386.533224051298,-0.9962698631265114,-1.3482769813489328,14.63953488372093
Dual_Session,30min,0.25,2.0x_ATR,2.0,2.5,1404,-7507.703955077478,28427.828508649753,35935.532463727235,0.7910785386954919,30.626780626780626,7570.733517019434,-0.991674576604729,-1.5938006616132938,13.830484330484332
Dual_Session,30min,0.25,2.0x_ATR,2.0,No_Cap,3070,-10945.169468469674,67070.77387695362,78015.94334542351,0.8597059908638285,31.824104234527688,13248.597105188313,-0.8261379964663135,-1.5188154372077978,14.275244299674268
Dual_Session,30min,0.25,2.0x_ATR,3.0,1.5,86,-1450.3747628347855,1325.0915736607226,2775.466336495508,0.4774302452300225,19.767441860465116,1490.5470703124647,-0.9730486153186307,-1.2924395192699534,17.802325581395348
Dual_Session,30min,0.25,2.0x_ATR,3.0,2.5,1400,-7473.095354352027,32080.231166294812,39553.32652064681,0.8110627850618064,23.928571428571427,7627.194914898837,-0.9797960374336581,-1.3060998483912385,18.882142857142856
Dual_Session,30min,0.25,2.0x_ATR,3.0,No_Cap,3061,-10577.729150389268,76156.64298967668,86734.37214006645,0.8780445527027289,25.187847108787977,11753.142013112225,-0.8999916055288344,-1.2061898335939398,20.036916040509638
Dual_Session,30min,0.25,2.0x_ATR,4.0,1.5,86,-1330.699469866031,1517.6946219308138,2848.394091796845,0.5328246629571579,16.27906976744186,1405.8721261160354,-0.9465295208194491,-1.0410270336081902,19.441860465116278
Dual_Session,30min,0.25,2.0x_ATR,4.0,2.5,1394,-6951.560958425708,34337.4609305247,41289.02188895032,0.8316365794006376,20.516499282639884,7099.094008090796,-0.9792180453594578,-1.0785664691768722,22.995695839311335
Dual_Session,30min,0.25,2.0x_ATR,4.0,No_Cap,3037,-11004.213985768767,79992.9250209266,90997.1390066959,0.8790707696320038,21.699045110306223,12392.437144250933,-0.8879781965143001,-1.109242519843671,25.047744484688835
Dual_Session,30min,0.5,Opposite_Bound,1.5,1.5,86,-1251.7263427734088,1667.1641845703198,2918.8905273437285,0.5711636558317538,34.883720930232556,1662.1306152342731,-0.7530854261997821,-0.9579967096969249,15.80232558139535
Dual_Session,30min,0.5,Opposite_Bound,1.5,2.5,1399,-7904.891333007222,39767.94240722711,47672.83374023341,0.834184571949727,37.81272337383846,8708.48789062413,-0.9077226072184025,-1.2074437343756133,24.912080057183704
Dual_Session,30min,0.5,Opposite_Bound,1.5,No_Cap,2984,-9953.78378905999,105357.52910156208,115311.31289062691,0.9136790351306985,39.64477211796247,14400.848217772076,-0.6911942712357757,-0.8770623647288773,36.802278820375335
Dual_Session,30min,0.5,Opposite_Bound,2.0,1.5,86,-2016.4645019530963,1369.480078125007,3385.944580078103,0.40446027562961984,24.41860465116279,2264.864013671766,-0.8903247567098,-1.5620449567934722,20.0
Dual_Session,30min,0.5,Opposite_Bound,2.0,2.5,1389,-11873.121679686528,40524.06909179734,52397.19077148332,0.7734015601815849,30.95752339812815,12065.973730468051,-0.9840168680050622,-1.636298041229269,31.092872570194384
Dual_Session,30min,0.5,Opposite_Bound,2.0,No_Cap,2929,-9923.366796872446,109957.63735351515,119881.0041503931,0.9172231925549365,34.96073745305565,15805.217480467352,-0.6278538595964335,-0.7961445826962434,44.259815636736086
Dual_Session,30min,0.5,Opposite_Bound,3.0,1.5,86,-1793.8216796874713,1693.6714355468803,3487.4931152343515,0.4856415137132305,20.930232558139537,2165.115478515516,-0.8285108565744412,-1.2000345638500864,24.46511627906977
Dual_Session,30min,0.5,Opposite_Bound,3.0,2.5,1370,-8407.560302733806,45445.17485351608,53852.73515624894,0.8438786762020709,28.32116788321168,8639.510253905535,-0.9731524190197153,-1.0369450716431161,38.01532846715328
Dual_Session,30min,0.5,Opposite_Bound,3.0,No_Cap,2814,-5966.62265624846,114468.5610839837,120435.18374023684,0.9504578108244317,32.44491826581379,12498.372851560744,-0.47739195550590197,-0.4347097174556671,52.80348258706468
Dual_Session,30min,0.5,Opposite_Bound,4.0,1.5,86,-1651.7074218749713,1864.4350097656297,3516.142431640601,0.5302501380456596,19.767441860465116,1993.5561035155279,-0.8285231697077775,-1.0509964666984979,26.61627906976744
Dual_Session,30min,0.5,Opposite_Bound,4.0,2.5,1351,-7078.433251952561,47185.45532226604,54263.888574217664,0.8695553629137667,25.906735751295336,7337.380273436788,-0.9647085183220389,-0.7957330860581426,43.00666173205033
Dual_Session,30min,0.5,Opposite_Bound,4.0,No_Cap,2736,-4614.779931639258,114420.1552734369,119034.93520508046,0.9612317180356091,30.70175438596491,11150.180908201317,-0.41387489311899317,-0.32350955103990026,57.16264619883041
Dual_Session,30min,0.5,Range_Midpoint,1.5,1.5,86,-1183.3019653320025,1065.591613769543,2248.8935791015456,0.4738292748362317,34.883720930232556,1297.6756225584886,-0.9118626756654427,-1.258036846534316,8.418604651162791
Dual_Session,30min,0.5,Range_Midpoint,1.5,2.5,1403,-7546.364296176866,26784.175219727076,34330.539515903125,0.7801850945954314,36.20812544547398,7897.539564731203,-0.9555335854064456,-1.6580207116800512,12.033499643620813
Dual_Session,30min,0.5,Range_Midpoint,1.5,No_Cap,3048,-14529.439735628,70156.73745117313,84686.17718680158,0.8284319800670743,37.20472440944882,15200.106202914081,-0.9558775143848992,-1.8697192032952292,16.94258530183727
Dual_Session,30min,0.5,Range_Midpoint,2.0,1.5,86,-1339.4466796874713,1091.9439941406335,2431.390673828105,0.4491026497281992,27.906976744186046,1513.2948242186449,-0.885119448141286,-1.3723625030952171,11.116279069767442
Dual_Session,30min,0.5,Range_Midpoint,2.0,2.5,1402,-8032.485400390037,29730.891113281672,37763.376513670846,0.7872943009351585,30.313837375178316,8493.431787108655,-0.9457290765061253,-1.5404605540616987,15.53922967189729
Dual_Session,30min,0.5,Range_Midpoint,2.0,No_Cap,3033,-12960.887646481684,78739.72050781325,91700.60815429682,0.858660832165089,32.08044840092318,15766.745019529666,-0.8220395287947846,-1.441105136911479,21.856577645895154
Dual_Session,30min,0.5,Range_Midpoint,3.0,1.5,86,-1883.2491699218463,852.8414550781326,2736.090624999979,0.31170073362542194,16.27906976744186,2092.800488281153,-0.899870379650277,-2.00623864853582,14.569767441860465
Dual_Session,30min,0.5,Range_Midpoint,3.0,2.5,1395,-9278.2567138666,32235.377636719088,41513.634350584805,0.7765009771124746,23.799283154121863,9483.80576171806,-0.9783263119241464,-1.5150212989660918,21.462365591397848
Dual_Session,30min,0.5,Range_Midpoint,3.0,No_Cap,2995,-10488.987304685013,87504.51513671914,97993.50244140689,0.8929624205343675,27.04507512520868,15431.613476560524,-0.6797077519221828,-0.9903576243097484,29.5889816360601
Dual_Session,30min,0.5,Range_Midpoint,4.0,1.5,86,-1714.9544921874713,1046.036669921882,2760.9911621093534,0.3788627375115271,15.116279069767442,1888.4535644530279,-0.9081263762417113,-1.6408340788293896,16.325581395348838
Dual_Session,30min,0.5,Range_Midpoint,4.0,2.5,1387,-7417.24516601505,34890.73803710969,42307.98320312384,0.8246845014945904,21.26892573900505,7906.092578124255,-0.9381682661468169,-1.0864994477674759,25.391492429704396
Dual_Session,30min,0.5,Range_Midpoint,4.0,No_Cap,2945,-10612.021362302401,89286.31176757843,99898.33312988369,0.8937717874780959,24.448217317487266,14951.630712888636,-0.7097567861380233,-0.93447979437571,34.451952461799664
Dual_Session,30min,0.5,1.5x_ATR,1.5,1.5,86,-860.5963640485265,950.5112653459946,1811.1076293945212,0.5248231799806199,34.883720930232556,909.6379682268125,-0.9460866785564322,-1.1384731322041175,5.3023255813953485
Dual_Session,30min,0.5,1.5x_ATR,1.5,2.5,1404,-7697.075467354305,18424.346686663164,26121.422154017495,0.7053347470145107,35.541310541310544,7759.091414096791,-0.9920073184561514,-2.4818807285022744,5.63960113960114
Dual_Session,30min,0.5,1.5x_ATR,1.5,No_Cap,3055,-14244.156093051117,42475.43044259258,56719.586535643466,0.748867067567574,36.92307692307692,14270.990960692034,-0.9981196212852471,-3.0484844106640976,5.9050736497545016
Dual_Session,30min,0.5,1.5x_ATR,2.0,1.5,86,-974.0073137555555,1015.6496616908566,1989.6569754464122,0.5104647053359431,25.58139534883721,1067.6197317940478,-0.9123167029882595,-1.179185238247351,7.104651162790698
Dual_Session,30min,0.5,1.5x_ATR,2.0,2.5,1404,-7260.3501342767695,21168.46126185842,28428.811396135203,0.7446129550367413,29.62962962962963,7539.492218888959,-0.9629760099874041,-2.022039746677256,7.522079772079772
Dual_Session,30min,0.5,1.5x_ATR,2.0,No_Cap,3054,-12100.627190288822,49507.50968889563,61608.13687918415,0.8035871915098114,30.97576948264571,12902.480074635583,-0.937852809715003,-2.214256351996287,7.807465618860511
Dual_Session,30min,0.5,1.5x_ATR,3.0,1.5,86,-1446.2532331194006,802.0188319615022,2248.272065080903,0.3567267700462408,16.27906976744186,1559.2049072265436,-0.9275581589157148,-1.8282942770654034,10.790697674418604
Dual_Session,30min,0.5,1.5x_ATR,3.0,2.5,1404,-9895.882055663502,22318.833811732795,32214.71586739633,0.6928148583896436,21.43874643874644,10002.27303641128,-0.9893633196813881,-2.372840465416289,11.016381766381768
Dual_Session,30min,0.5,1.5x_ATR,3.0,No_Cap,3053,-12697.784061103584,56289.64874616392,68987.43280726731,0.8159406207130848,23.157549950868,14072.084282573865,-0.9023385453161233,-1.8888801997813438,11.67114313789715
Dual_Session,30min,0.5,1.5x_ATR,4.0,1.5,86,-1258.0559936523218,1007.7479213169727,2265.8039149692945,0.44476395978450295,15.116279069767442,1415.7723772321224,-0.8886004656425486,-1.3813239877885766,11.930232558139535
Dual_Session,30min,0.5,1.5x_ATR,4.0,2.5,1400,-9127.782592772839,24285.20057198673,33412.9831647596,0.7268192861510232,18.285714285714285,9278.649107142246,-0.9837404655971657,-1.9207316899985603,14.077142857142857
Dual_Session,30min,0.5,1.5x_ATR,4.0,No_Cap,3045,-13156.730791363036,59699.33120117228,72856.0619925353,0.8194147414567777,19.507389162561577,14595.883740232814,-0.9014000813871361,-1.7360971913812349,15.257799671592776
Dual_Session,30min,0.5,2.0x_ATR,1.5,1.5,86,-1059.1902448381416,1304.1912981305836,2363.381542968725,0.5518327339107268,32.55813953488372,1221.733708844822,-0.866956716647878,-1.0296887785008746,9.593023255813954
Dual_Session,30min,0.5,2.0x_ATR,1.5,2.5,1404,-7802.532533481556,25585.54598214302,33388.078515624606,0.7663078296095944,36.18233618233618,8146.204924664619,-0.9578119634404837,-1.8804278267952252,10.752849002849004
Dual_Session,30min,0.5,2.0x_ATR,1.5,No_Cap,3054,-11340.729293385968,60237.09025878976,71577.8195521756,0.8415608443462128,37.917485265225935,12465.484786550005,-0.9097704170817629,-1.803483794232752,11.239685658153242
Dual_Session,30min,0.5,2.0x_ATR,2.0,1.5,86,-1624.0902343749644,1085.948346819207,2710.0385811941715,0.40071324237040445,23.25581395348837,1766.2760044642582,-0.9194996876309707,-1.6191203124143032,13.36046511627907
Dual_Session,30min,0.5,2.0x_ATR,2.0,2.5,1402,-9346.508489117698,27719.55166015642,37066.060149274104,0.7478418679655456,29.529243937232525,9697.20288783424,-0.9638355098090696,-1.9788882875129918,14.002139800285308
Dual_Session,30min,0.5,2.0x_ATR,2.0,No_Cap,3050,-12535.571637833527,66913.50048130626,79449.07211913996,0.8422187786027802,31.34426229508197,14460.74997907233,-0.8668687070846995,-1.7186013590553162,14.75344262295082
Dual_Session,30min,0.5,2.0x_ATR,3.0,1.5,86,-1793.6056152343372,1109.7616838727777,2903.367299107115,0.3822326180411509,17.441860465116278,2011.534270368269,-0.8916604810844044,-1.697740367003653,16.267441860465116
Dual_Session,30min,0.5,2.0x_ATR,3.0,2.5,1397,-9212.028996930176,31090.049302455533,40302.07829938569,0.7714254602827623,23.407301360057264,9526.005119976962,-0.9670401055749647,-1.6467398421518027,19.32569792412312
Dual_Session,30min,0.5,2.0x_ATR,3.0,No_Cap,3038,-13441.851164898215,74371.20948660752,87813.06065150617,0.8469265156552985,25.11520737327189,14642.205671036554,-0.9180209230011885,-1.552717285535912,20.90882159315339
Dual_Session,30min,0.5,2.0x_ATR,4.0,1.5,86,-1548.3447335379105,1381.8645438058115,2930.209277343722,0.47159244033876385,16.27906976744186,1842.0162737164846,-0.8405706049566776,-1.2763039181871887,17.8953488372093
Dual_Session,30min,0.5,2.0x_ATR,4.0,2.5,1393,-7636.720410155677,34029.394907924245,41666.115318079865,0.8167162848790496,20.172290021536252,8733.093617465922,-0.8744576371977129,-1.1674641880524883,23.4529791816224
Dual_Session,30min,0.5,2.0x_ATR,4.0,No_Cap,3010,-12208.548304965256,78665.2704031811,90873.81870814685,0.8656538431143177,21.92691029900332,13877.613692800143,-0.8797296549117218,-1.2382048657693991,25.582724252491694
Dual_Session,60min,0.0,Opposite_Bound,1.5,1.5,0,0.0,0.0,0.0,0.0,0.0,0.0,0.0,0.0,0.0
Dual_Session,60min,0.0,Opposite_Bound,1.5,2.5,282,-1135.1051513670564,7240.846997070371,8375.952148437427,0.8644804636833061,37.94326241134752,1708.6305664060146,-0.6643362080046776,-0.44013043570000404,22.843971631205672
Dual_Session,60min,0.0,Opposite_Bound,1.5,No_Cap,2897,-3901.1644775378254,115349.51555175701,119250.68002929875,0.9672860190266147,42.043493268898864,9665.676171872745,-0.4036100949554124,-0.31264762477344943,44.16879530548844
Dual_Session,60min,0.0,Opposite_Bound,2.0,1.5,0,0.0,0.0,0.0,0.0,0.0,0.0,0.0,0.0,0.0
Dual_Session,60min,0.0,Opposite_Bound,2.0,2.5,282,-1820.2473632811189,7365.555615234425,9185.802978515543,0.8018412361403296,32.6241134751773,2237.8029785152776,-0.8134082315364529,-0.6902559753548072,28.127659574468083
Dual_Session,60min,0.0,Opposite_Bound,2.0,No_Cap,2816,-1172.648095701934,120542.74135742093,121715.38945312705,0.9903656546557106,38.671875,9535.786572263562,-0.12297339991991621,-0.08688430624958711,51.59730113636364
Dual_Session,60min,0.0,Opposite_Bound,3.0,1.5,0,0.0,0.0,0.0,0.0,0.0,0.0,0.0,0.0,0.0
Dual_Session,60min,0.0,Opposite_Bound,3.0,2.5,280,-1654.59912109362,8004.104541015668,9658.703662109287,0.82869345835875,27.857142857142858,2073.700390624641,-0.7978969038025888,-0.5552806453972855,35.4
Dual_Session,60min,0.0,Opposite_Bound,3.0,No_Cap,2711,556.4065917980179,121777.09902343656,121220.69243164269,1.0045900298095363,35.927701954998156,8395.777490231783,0.0662721936646581,0.03862601477491727,59.25599409811878
Dual_Session,60min,0.0,Opposite_Bound,4.0,1.5,0,0.0,0.0,0.0,0.0,0.0,0.0,0.0,0.0,0.0
Dual_Session,60min,0.0,Opposite_Bound,4.0,2.5,280,-1618.35644531237,8341.297705078163,9959.654150390526,0.837508770799144,25.357142857142858,2049.158154296516,-0.7897664911413136,-0.499808415598315,39.29642857142857
Dual_Session,60min,0.0,Opposite_Bound,4.0,No_Cap,2621,705.1709960948574,119182.65971679613,118477.48872070496,1.0059519407754625,34.64326592903472,7542.327294919356,0.09349514659352863,0.04724326297240351,63.38153376573827
Dual_Session,60min,0.0,Range_Midpoint,1.5,1.5,0,0.0,0.0,0.0,0.0,0.0,0.0,0.0,0.0,0.0
Dual_Session,60min,0.0,Range_Midpoint,1.5,2.5,282,-938.1030892507056,4573.351988874208,5511.455078124914,0.8297903047465527,37.94326241134752,1096.3968026295006,-0.8556237002888394,-0.5470079932005171,9.822695035460992
Dual_Session,60min,0.0,Range_Midpoint,1.5,No_Cap,3002,-7621.236512100611,74905.58892735191,82526.82543945222,0.9076514033889282,39.37375083277815,10261.057154190828,-0.7427340475330986,-0.9398811612348555,18.246502331778814
Dual_Session,60min,0.0,Range_Midpoint,2.0,1.5,0,0.0,0.0,0.0,0.0,0.0,0.0,0.0,0.0,0.0
Dual_Session,60min,0.0,Range_Midpoint,2.0,2.5,282,-641.5232596259852,5271.63133021768,5913.154589843666,0.8915091344427465,33.687943262411345,939.6590506415268,-0.682719183291006,-0.3239151024827831,12.47163120567376
Dual_Session,60min,0.0,Range_Midpoint,2.0,No_Cap,2986,-4662.7892264212915,83840.98050014014,88503.76972656221,0.9473153602289706,34.42732752846617,10621.938054546072,-0.43897725654930453,-0.4990180593903633,23.281982585398527
Dual_Session,60min,0.0,Range_Midpoint,3.0,1.5,0,0.0,0.0,0.0,0.0,0.0,0.0,0.0,0.0,0.0
Dual_Session,60min,0.0,Range_Midpoint,3.0,2.5,282,-1515.5382829937298,5197.112205287426,6712.650488281156,0.7742265464827144,24.113475177304963,1515.5382829934842,-1.000000000000162,-0.7542617416940359,17.595744680851062
Dual_Session,60min,0.0,Range_Midpoint,3.0,No_Cap,2941,-3553.989430453048,92000.97763497524,95554.96706543016,0.9628068582973676,28.561713702822168,12211.357594515131,-0.2910396655691553,-0.31718407937818377,30.865351921115266
Dual_Session,60min,0.0,Range_Midpoint,4.0,1.5,0,0.0,0.0,0.0,0.0,0.0,0.0,0.0,0.0,0.0
Dual_Session,60min,0.0,Range_Midpoint,4.0,2.5,282,-1169.6723249161641,5735.7297991071755,6905.40212402334,0.8306148861560186,21.631205673758867,1169.6723249159168,-1.0000000000002114,-0.5215375408914852,20.4468085106383
Dual_Session,60min,0.0,Range_Midpoint,4.0,No_Cap,2895,-1210.891514368186,94928.38756277914,96139.27907714901,0.9874048201110582,26.735751295336787,9601.495322960809,-0.12611488873743304,-0.10376884961199057,35.38549222797927
Dual_Session,60min,0.0,1.5x_ATR,1.5,1.5,0,0.0,0.0,0.0,0.0,0.0,0.0,0.0,0.0,0.0
Dual_Session,60min,0.0,1.5x_ATR,1.5,2.5,282,-1174.7798993790525,3721.726293073434,4896.506192452487,0.7600779304251942,38.297872340425535,1266.20229404981,-0.9277979552711495,-0.8677315873981799,5.925531914893617
Dual_Session,60min,0.0,1.5x_ATR,1.5,No_Cap,3018,-10976.353392681416,46550.22060110967,57526.573993790866,0.8091950792364946,38.07157057654076,11888.56305018668,-0.9232699819436176,-2.2090699660556594,6.350894632206759
Dual_Session,60min,0.0,1.5x_ATR,2.0,1.5,0,0.0,0.0,0.0,0.0,0.0,0.0,0.0,0.0,0.0
Dual_Session,60min,0.0,1.5x_ATR,2.0,2.5,282,-1149.1642508369364,4198.548842075934,5347.71309291287,0.7851110875114296,32.97872340425532,1227.9165422711503,-0.9358651107602525,-0.7536481454907431,8.638297872340425
Dual_Session,60min,0.0,1.5x_ATR,2.0,No_Cap,3017,-8379.414913503248,54188.10272740001,62567.517640903054,0.8660740392227889,32.25058004640371,11042.474400110234,-0.7588348960464512,-1.4348825015270326,8.609545906529664
Dual_Session,60min,0.0,1.5x_ATR,3.0,1.5,0,0.0,0.0,0.0,0.0,0.0,0.0,0.0,0.0,0.0
Dual_Session,60min,0.0,1.5x_ATR,3.0,2.5,282,-798.9856794083676,5050.0675554548325,5849.0532348632,0.8633991438740848,26.24113475177305,1003.9613978794878,-0.7958330679804436,-0.4309243922353174,11.960992907801419
Dual_Session,60min,0.0,1.5x_ATR,3.0,No_Cap,3014,-6082.672417339692,63234.66565813377,69317.33807547345,0.9122489035756565,24.883875248838752,12063.20581228944,-0.5042334941465514,-0.8293675468118935,13.166224286662242
Dual_Session,60min,0.0,1.5x_ATR,4.0,1.5,0,0.0,0.0,0.0,0.0,0.0,0.0,0.0,0.0,0.0
Dual_Session,60min,0.0,1.5x_ATR,4.0,2.5,281,-933.0195556639319,5281.630092075932,6214.649647739863,0.849867714424859,21.352313167259787,1169.1479753765598,-0.7980337607507934,-0.4489880842947841,15.234875444839856
Dual_Session,60min,0.0,1.5x_ATR,4.0,No_Cap,3010,-5637.647295269376,67526.62919224368,73164.27648751323,0.9229453557675553,20.897009966777407,12708.49905656954,-0.4436123628899391,-0.6668560111779563,16.774086378737543
Dual_Session,60min,0.0,2.0x_ATR,1.5,1.5,0,0.0,0.0,0.0,0.0,0.0,0.0,0.0,0.0,0.0
Dual_Session,60min,0.0,2.0x_ATR,1.5,2.5,282,-756.9122279574549,5329.727999442019,6086.640227399474,0.875643672095131,38.652482269503544,1043.3869942800793,-0.7254376680051609,-0.39793408916875966,11.574468085106382
Dual_Session,60min,0.0,2.0x_ATR,1.5,No_Cap,3016,-5844.9474644239945,66026.58610142359,71871.53356584742,0.9186750696077912,39.58885941644562,9625.750697543468,-0.607219909187514,-0.8738645365895312,12.22712201591512
Dual_Session,60min,0.0,2.0x_ATR,2.0,1.5,0,0.0,0.0,0.0,0.0,0.0,0.0,0.0,0.0,0.0
Dual_Session,60min,0.0,2.0x_ATR,2.0,2.5,282,-1422.2580357141533,5505.0475655692435,6927.305601283397,0.7946881345251093,32.269503546099294,1437.023737444093,-0.989724803185087,-0.7138387233494031,15.287234042553191
Dual_Session,60min,0.0,2.0x_ATR,2.0,No_Cap,3011,-3911.9283691392884,74801.69459402957,78713.62296316914,0.9503017619838182,33.809365659249416,9742.859626114812,-0.40151747220638745,-0.5030546189067954,16.610760544669546
Dual_Session,60min,0.0,2.0x_ATR,3.0,1.5,0,0.0,0.0,0.0,0.0,0.0,0.0,0.0,0.0,0.0
Dual_Session,60min,0.0,2.0x_ATR,3.0,2.5,281,-1506.9246721538843,6157.294321986649,7664.218994140533,0.8033818353434367,25.26690391459075,1559.1555943079147,-0.9665005068482502,-0.6434927056968011,19.8576512455516
Dual_Session,60min,0.0,2.0x_ATR,3.0,No_Cap,2999,-4564.496261159351,82825.75897042439,87390.25523158426,0.9477688187422734,26.975658552850952,10461.672119139417,-0.4363065683169995,-0.48433285141068794,23.00966988996332
Dual_Session,60min,0.0,2.0x_ATR,4.0,1.5,0,0.0,0.0,0.0,0.0,0.0,0.0,0.0,0.0,0.0
Dual_Session,60min,0.0,2.0x_ATR,4.0,2.5,280,-1942.1856166293333,6087.702790178599,8029.8884068079315,0.7581304349157951,20.714285714285715,1998.3232073101462,-0.9719076521378255,-0.7545859810324016,24.807142857142857
Dual_Session,60min,0.0,2.0x_ATR,4.0,No_Cap,2970,-4285.365304128201,86363.61897321464,90648.98427734333,0.9527257217685144,23.535353535353536,12842.008614674969,-0.3336989899875304,-0.4019428747823329,27.58754208754209
Dual_Session,60min,0.1,Opposite_Bound,1.5,1.5,0,0.0,0.0,0.0,0.0,0.0,0.0,0.0,0.0,0.0
Dual_Session,60min,0.1,Opposite_Bound,1.5,2.5,282,-679.8323242186189,7754.165966796936,8433.998291015554,0.9193938271314543,39.716312056737586,1435.627197265634,-0.47354377620698523,-0.25573798403058773,24.06737588652482
Dual_Session,60min,0.1,Opposite_Bound,1.5,No_Cap,2872,-2948.7090332019006,115655.50756835856,118604.21660156432,0.9751382445102136,42.13091922005571,10242.93686523248,-0.2878773023790355,-0.2358503260773878,45.658426183844014
Dual_Session,60min,0.1,Opposite_Bound,2.0,1.5,0,0.0,0.0,0.0,0.0,0.0,0.0,0.0,0.0,0.0
Dual_Session,60min,0.1,Opposite_Bound,2.0,2.5,282,-1689.9922363279939,7711.2038085938,9401.196044921793,0.8202364647803649,32.6241134751773,2233.546630859013,-0.7566406776463985,-0.6197995898235864,30.18439716312057
Dual_Session,60min,0.1,Opposite_Bound,2.0,No_Cap,2789,-49.61582031131911,120677.40332031153,120727.01914062699,0.9995890247214861,38.90283255647186,10379.04458007562,-0.004780384160461676,-0.003680071720848078,52.965937612047334
Dual_Session,60min,0.1,Opposite_Bound,3.0,1.5,0,0.0,0.0,0.0,0.0,0.0,0.0,0.0,0.0,0.0
Dual_Session,60min,0.1,Opposite_Bound,3.0,2.5,280,-1091.695068359245,8660.502148437547,9752.197216796785,0.8880565021307252,29.285714285714285,1713.898144530891,-0.6369661300135496,-0.35110860829141816,36.83571428571428
Dual_Session,60min,0.1,Opposite_Bound,3.0,No_Cap,2684,2273.1620117198872,122503.53896484284,120230.37695312698,1.0189067194940433,36.10283159463487,8701.17612304426,0.26124767267951604,0.15645592015319176,60.50149031296572
Dual_Session,60min,0.1,Opposite_Bound,4.0,1.5,0,0.0,0.0,0.0,0.0,0.0,0.0,0.0,0.0,0.0
Dual_Session,60min,0.1,Opposite_Bound,4.0,2.5,280,-1067.20166015612,8985.946044921919,10053.147705078029,0.8938440286103578,26.785714285714285,1872.855664062141,-0.5698258977637427,-0.3139871954877668,41.83571428571428
Dual_Session,60min,0.1,Opposite_Bound,4.0,No_Cap,2595,1846.9489746104728,120060.66455078051,118213.71557617366,1.0156238129019532,34.8747591522158,7826.8513183568875,0.23597598823407928,0.12168255942784385,64.4373795761079
Dual_Session,60min,0.1,Range_Midpoint,1.5,1.5,0,0.0,0.0,0.0,0.0,0.0,0.0,0.0,0.0,0.0
Dual_Session,60min,0.1,Range_Midpoint,1.5,2.5,282,-341.07153407492433,5177.3261465890555,5518.397680663979,0.9381937377818907,40.0709219858156,882.6425301685631,-0.38642091494252834,-0.18928720333942364,10.28368794326241
Dual_Session,60min,0.1,Range_Midpoint,1.5,No_Cap,2984,-5682.752491104856,77988.2185538165,83670.97104492108,0.9320821496376128,39.711796246648795,9680.956910050194,-0.5870031799444702,-0.6825867010492331,19.412868632707774
Dual_Session,60min,0.1,Range_Midpoint,2.0,1.5,0,0.0,0.0,0.0,0.0,0.0,0.0,0.0,0.0,0.0
Dual_Session,60min,0.1,Range_Midpoint,2.0,2.5,282,-335.71881626661025,5763.0289864676815,6098.747802734292,0.9449528284943844,34.39716312056738,1047.8609061103161,-0.32038490443622547,-0.1616328086936636,13.28014184397163
Dual_Session,60min,0.1,Range_Midpoint,2.0,No_Cap,2970,-4031.1732352104855,86659.94285365568,90691.11608886714,0.9555505168636212,34.68013468013468,10492.06901157726,-0.38421146780128584,-0.42053699117578136,24.65892255892256
Dual_Session,60min,0.1,Range_Midpoint,3.0,1.5,0,0.0,0.0,0.0,0.0,0.0,0.0,0.0,0.0,0.0
Dual_Session,60min,0.1,Range_Midpoint,3.0,2.5,282,-1551.1864763531048,5461.957175990551,7013.143652343656,0.7788172389945658,24.113475177304963,1587.5855974467431,-0.977072656017932,-0.7416357476223503,19.48581560283688
Dual_Session,60min,0.1,Range_Midpoint,3.0,No_Cap,2918,-2991.1910173671295,94199.0251447408,97190.21616211001,0.9692233319825114,28.752570253598353,12530.093092562014,-0.2387205741625918,-0.26208559843747675,32.69671007539411
Dual_Session,60min,0.1,Range_Midpoint,4.0,1.5,0,0.0,0.0,0.0,0.0,0.0,0.0,0.0,0.0,0.0
Dual_Session,60min,0.1,Range_Midpoint,4.0,2.5,282,-1094.0644147599141,6097.379554966551,7191.443969726465,0.8478658223069591,21.98581560283688,1213.5177350723006,-0.9015644214665972,-0.4664090649859676,22.141843971631204
Dual_Session,60min,0.1,Range_Midpoint,4.0,No_Cap,2868,-720.1645368291338,96688.06153738844,97408.22607421945,0.9926067379947737,27.12691771269177,9818.89712960144,-0.07334474812431058,-0.06099722079468069,37.13668061366806
Dual_Session,60min,0.1,1.5x_ATR,1.5,1.5,0,0.0,0.0,0.0,0.0,0.0,0.0,0.0,0.0,0.0
Dual_Session,60min,0.1,1.5x_ATR,1.5,2.5,282,-837.026690673697,3931.0467677525617,4768.073458426258,0.8244518047022782,39.361702127659576,1171.5960388182812,-0.7144328445476443,-0.6106197741584899,5.904255319148936
Dual_Session,60min,0.1,1.5x_ATR,1.5,No_Cap,3002,-10102.821682302032,47017.51105346735,57120.332735769094,0.8231309028076566,38.00799467021985,11466.85814034456,-0.8810453184867305,-2.0187760847136342,6.361758827448368
Dual_Session,60min,0.1,1.5x_ATR,2.0,1.5,0,0.0,0.0,0.0,0.0,0.0,0.0,0.0,0.0,0.0
Dual_Session,60min,0.1,1.5x_ATR,2.0,2.5,282,-687.461718749878,4511.69336286277,5199.155081612648,0.867774338722621,34.39716312056738,1129.2576154435792,-0.6087731526874307,-0.44047387475787636,8.656028368794326
Dual_Session,60min,0.1,1.5x_ATR,2.0,No_Cap,3001,-6324.240703472555,55481.603020368784,61805.84372384116,0.897675683682434,32.52249250249917,10174.715075682183,-0.6215644031730819,-1.0686712996489351,8.56114628457181
Dual_Session,60min,0.1,1.5x_ATR,3.0,1.5,0,0.0,0.0,0.0,0.0,0.0,0.0,0.0,0.0,0.0
Dual_Session,60min,0.1,1.5x_ATR,3.0,2.5,282,-902.0108869278897,4995.859336635085,5897.870223562975,0.8470615912631977,25.886524822695037,1245.258414132184,-0.7243563879522129,-0.4892284947201074,12.397163120567376
Dual_Session,60min,0.1,1.5x_ATR,3.0,No_Cap,2999,-5281.241038293949,63778.95589774032,69060.19693603428,0.9235269913408211,24.84161387129043,11250.810243441785,-0.4694098401821717,-0.7147986606058141,13.132710903634544
Dual_Session,60min,0.1,1.5x_ATR,4.0,1.5,0,0.0,0.0,0.0,0.0,0.0,0.0,0.0,0.0,0.0
Dual_Session,60min,0.1,1.5x_ATR,4.0,2.5,281,-719.5730747766606,5447.497091238874,6167.0701660155355,0.8833201089973056,22.06405693950178,1020.4256783620822,-0.7051695091911744,-0.34257648957545167,15.772241992882561
Dual_Session,60min,0.1,1.5x_ATR,4.0,No_Cap,2993,-6217.544035992098,66955.94864676378,73173.49268275592,0.9150301043719705,20.781824256598732,12358.657237024368,-0.5030921981852063,-0.7399987124212796,16.89776144336786
Dual_Session,60min,0.1,2.0x_ATR,1.5,1.5,0,0.0,0.0,0.0,0.0,0.0,0.0,0.0,0.0,0.0
Dual_Session,60min,0.1,2.0x_ATR,1.5,2.5,282,-1104.4863420757565,5131.116015625057,6235.602357700814,0.8228741541365697,40.0709219858156,1546.6899100166665,-0.7140968172888998,-0.616110548265876,11.563829787234042
Dual_Session,60min,0.1,2.0x_ATR,1.5,No_Cap,3000,-5248.478742325716,66348.0866036557,71596.56534598133,0.9266937077642897,39.56666666666667,9501.744803291193,-0.5523699963513816,-0.7826288284926183,12.217333333333332
Dual_Session,60min,0.1,2.0x_ATR,2.0,1.5,0,0.0,0.0,0.0,0.0,0.0,0.0,0.0,0.0,0.0
Dual_Session,60min,0.1,2.0x_ATR,2.0,2.5,282,-1163.6215611047805,5728.602378627276,6892.223939732057,0.8311689272896698,32.97872340425532,1452.8161621092677,-0.8009420540967684,-0.5736655956014352,15.439716312056737
Dual_Session,60min,0.1,2.0x_ATR,2.0,No_Cap,2995,-2776.9410574763233,75688.73098493349,78465.67204241003,0.9646094784484145,33.75626043405676,9204.23291015498,-0.3017026062446268,-0.35293570248358724,16.49449081803005
Dual_Session,60min,0.1,2.0x_ATR,3.0,1.5,0,0.0,0.0,0.0,0.0,0.0,0.0,0.0,0.0,0.0
Dual_Session,60min,0.1,2.0x_ATR,3.0,2.5,281,-1524.6770089284428,6192.65477818084,7717.331787109283,0.8024346949194019,25.26690391459075,1672.877260044541,-0.9114099673324795,-0.6465548670252228,20.256227758007118
Dual_Session,60min,0.1,2.0x_ATR,3.0,No_Cap,2981,-4116.687332587928,83238.06123744449,87354.74857003285,0.9528739146986613,26.870177792687016,10173.438037107913,-0.40465055348764006,-0.43529379634219373,23.050654142905067
Dual_Session,60min,0.1,2.0x_ATR,4.0,1.5,0,0.0,0.0,0.0,0.0,0.0,0.0,0.0,0.0,0.0
Dual_Session,60min,0.1,2.0x_ATR,4.0,2.5,280,-1978.1879882811154,6104.813211495566,8083.0011997766815,0.7552656569770435,20.714285714285715,2005.8681989396064,-0.9862003841164021,-0.7644494703950091,25.228571428571428
Dual_Session,60min,0.1,2.0x_ATR,4.0,No_Cap,2953,-4796.496568079092,85860.90564313644,90657.40221121605,0.9470920581101078,23.264476803250933,13503.123297989678,-0.35521386143257583,-0.451689898733474,27.64138164578395
Dual_Session,60min,0.25,Opposite_Bound,1.5,1.5,0,0.0,0.0,0.0,0.0,0.0,0.0,0.0,0.0,0.0
Dual_Session,60min,0.25,Opposite_Bound,1.5,2.5,281,-1440.315698242057,7582.240307617249,9022.556005859306,0.8403650032976568,39.8576512455516,1905.669702148096,-0.7558055294779122,-0.5259242134788701,26.455516014234874
Dual_Session,60min,0.25,Opposite_Bound,1.5,No_Cap,2843,-3437.3966796862796,116121.0395507804,119558.43623047063,0.9712492335290835,42.03306366514246,10058.121362302958,-0.3417533509358288,-0.2717826647909453,47.455856489623635
Dual_Session,60min,0.25,Opposite_Bound,2.0,1.5,0,0.0,0.0,0.0,0.0,0.0,0.0,0.0,0.0,0.0
Dual_Session,60min,0.25,Opposite_Bound,2.0,2.5,281,-2478.9015136717444,7465.95234375005,9944.853857421791,0.7507352496867764,32.74021352313167,3015.8555664058904,-0.8219563102705033,-0.8905668214484578,32.156583629893234
Dual_Session,60min,0.25,Opposite_Bound,2.0,No_Cap,2767,-21.392626951956117,121416.99521484275,121438.387841799,0.9998238396660526,38.88688109866281,10023.151660153846,-0.002134321386854857,-0.0015637774860579256,54.43729671123961
Dual_Session,60min,0.25,Opposite_Bound,3.0,1.5,0,0.0,0.0,0.0,0.0,0.0,0.0,0.0,0.0,0.0
Dual_Session,60min,0.25,Opposite_Bound,3.0,2.5,280,-1823.31249999987,8447.393017578172,10270.705517578032,0.8224744642050821,29.285714285714285,2438.915234374641,-0.7475915826436597,-0.5760839276687546,38.260714285714286
Dual_Session,60min,0.25,Opposite_Bound,3.0,No_Cap,2656,2302.4351562511265,123100.91333007718,120798.47817383015,1.0190601337951775,36.33283132530121,7764.087060544196,0.29654937384096586,0.15700133238576028,61.668674698795186
Dual_Session,60min,0.25,Opposite_Bound,4.0,1.5,0,0.0,0.0,0.0,0.0,0.0,0.0,0.0,0.0,0.0
Dual_Session,60min,0.25,Opposite_Bound,4.0,2.5,280,-1433.36376953112,9037.890576171922,10471.254345703028,0.863114415693732,27.5,2232.417431640266,-0.6420679883680883,-0.4103811898102425,43.06785714285714
Dual_Session,60min,0.25,Opposite_Bound,4.0,No_Cap,2569,1664.4703613292086,120118.99101562428,118454.52065429869,1.0140515562608474,35.14986376021798,7769.018164060346,0.2142446221877928,0.10959094059133406,65.60568314519269
Dual_Session,60min,0.25,Range_Midpoint,1.5,1.5,0,0.0,0.0,0.0,0.0,0.0,0.0,0.0,0.0,0.0
Dual_Session,60min,0.25,Range_Midpoint,1.5,2.5,281,-731.6455453053936,5336.207140241398,6067.852685546791,0.8794226585216673,39.145907473309606,911.2400399342368,-0.8029119806436464,-0.3819868050460212,12.348754448398576
Dual_Session,60min,0.25,Range_Midpoint,1.5,No_Cap,2968,-4155.3882088782375,82631.2433585038,86786.63156738236,0.9521194896744868,40.06064690026954,9629.731617080928,-0.4315165130363067,-0.4769033613041832,21.067048517520217
Dual_Session,60min,0.25,Range_Midpoint,2.0,1.5,0,0.0,0.0,0.0,0.0,0.0,0.0,0.0,0.0,0.0
Dual_Session,60min,0.25,Range_Midpoint,2.0,2.5,281,-978.3689383369233,5734.03430873331,6712.403247070233,0.8542446122014568,33.45195729537367,1251.9591727117786,-0.7814703224049622,-0.4516273454668154,15.786476868327401
Dual_Session,60min,0.25,Range_Midpoint,2.0,No_Cap,2949,-2495.939568218403,90981.49978724934,93477.43935546894,0.9732990164746786,35.028823329942355,10356.22352817878,-0.2410086612583316,-0.24966564485481002,26.755510342488982
Dual_Session,60min,0.25,Range_Midpoint,3.0,1.5,0,0.0,0.0,0.0,0.0,0.0,0.0,0.0,0.0,0.0
Dual_Session,60min,0.25,Range_Midpoint,3.0,2.5,281,-2302.7410173687304,5294.860032435863,7597.6010498045935,0.6969120907673935,23.843416370106763,2302.7410173684902,-1.0000000000001044,-1.0717341085007166,21.718861209964412
Dual_Session,60min,0.25,Range_Midpoint,3.0,No_Cap,2895,-3217.015040804582,96837.37419259225,100054.38923339927,0.9678473371787557,28.911917098445596,12757.423561312262,-0.2521680827906659,-0.272893559345865,34.78376511226252
Dual_Session,60min,0.25,Range_Midpoint,4.0,1.5,0,0.0,0.0,0.0,0.0,0.0,0.0,0.0,0.0,0.0
Dual_Session,60min,0.25,Range_Midpoint,4.0,2.5,281,-1933.2758161271022,5836.5269182478005,7769.802734374903,0.7511808366029722,21.708185053380785,1933.2758161268548,-1.000000000000128,-0.8065284791428533,24.348754448398576
Dual_Session,60min,0.25,Range_Midpoint,4.0,No_Cap,2838,-1160.9969342900858,98830.3986467634,99991.39558105556,0.9883890316007138,27.307963354474982,10227.127793664264,-0.11352130898465226,-0.09526663668889657,39.23326286116984
Dual_Session,60min,0.25,1.5x_ATR,1.5,1.5,0,0.0,0.0,0.0,0.0,0.0,0.0,0.0,0.0,0.0
Dual_Session,60min,0.25,1.5x_ATR,1.5,2.5,282,-937.8422947473609,3918.020344761485,4855.862639508846,0.806863915977199,38.652482269503544,1170.5097220283842,-0.8012255490899877,-0.6815004255542804,6.287234042553191
Dual_Session,60min,0.25,1.5x_ATR,1.5,No_Cap,2988,-8831.94664132129,48036.4271030976,56868.373744418604,0.8446949321776971,38.58768406961178,10245.940622382825,-0.8619947125232615,-1.7462023467492014,6.366465863453815
Dual_Session,60min,0.25,1.5x_ATR,2.0,1.5,0,0.0,0.0,0.0,0.0,0.0,0.0,0.0,0.0,0.0
Dual_Session,60min,0.25,1.5x_ATR,2.0,2.5,282,-1057.5157348631546,4318.555008370588,5376.070743233742,0.8032920723384955,33.333333333333336,1264.9345424106377,-0.8360240782481941,-0.6885799882261999,9.145390070921986
Dual_Session,60min,0.25,1.5x_ATR,2.0,No_Cap,2987,-5568.341618999844,56242.10985281867,61810.45147181823,0.9099126201733313,32.942751925008366,9002.36730782505,-0.6185419266507514,-0.9331561186326409,8.639102778707734
Dual_Session,60min,0.25,1.5x_ATR,3.0,1.5,0,0.0,0.0,0.0,0.0,0.0,0.0,0.0,0.0,0.0
Dual_Session,60min,0.25,1.5x_ATR,3.0,2.5,282,-1223.1812796455188,4791.846541922476,6015.027821567994,0.79664578187659,25.177304964539008,1494.5347185406463,-0.818436175801862,-0.677963965066801,12.943262411347517
Dual_Session,60min,0.25,1.5x_ATR,3.0,No_Cap,2985,-5754.841945101983,63626.85013253386,69381.69207763574,0.9170553243546956,24.79061976549414,10992.519438824002,-0.5235234722239114,-0.7773060213377231,13.290117252931324
Dual_Session,60min,0.25,1.5x_ATR,4.0,1.5,0,0.0,0.0,0.0,0.0,0.0,0.0,0.0,0.0,0.0
Dual_Session,60min,0.25,1.5x_ATR,4.0,2.5,282,-876.9090454100296,5366.240576171908,6243.149621581938,0.8595406007284138,21.631205673758867,1071.8202689033715,-0.8181493398209716,-0.42006434466254056,15.812056737588652
Dual_Session,60min,0.25,1.5x_ATR,4.0,No_Cap,2980,-6599.488909038941,66695.33620256733,73294.82511160632,0.9099596881636606,20.87248322147651,11669.961204309604,-0.5655107839263265,-0.7874726589932779,16.98657718120805
Dual_Session,60min,0.25,2.0x_ATR,1.5,1.5,0,0.0,0.0,0.0,0.0,0.0,0.0,0.0,0.0,0.0
Dual_Session,60min,0.25,2.0x_ATR,1.5,2.5,282,-1469.3454380578987,4972.900272042473,6442.245710100371,0.7719203047853005,39.716312056737586,1664.5642299106366,-0.8827207816046736,-0.8269417379492943,12.191489361702127
Dual_Session,60min,0.25,2.0x_ATR,1.5,No_Cap,2986,-5590.638521901604,66354.63791503968,71945.27643694116,0.9222931817240069,39.55123911587408,8884.644049942866,-0.629247327239582,-0.8297959520149879,12.334896182183522
Dual_Session,60min,0.25,2.0x_ATR,2.0,1.5,0,0.0,0.0,0.0,0.0,0.0,0.0,0.0,0.0,0.0
Dual_Session,60min,0.25,2.0x_ATR,2.0,2.5,281,-1695.3307826449623,5399.1216378348645,7094.452420479827,0.7610343008642941,32.74021352313167,1942.9123116628416,-0.8725719490623914,-0.8584480388400658,16.156583629893237
Dual_Session,60min,0.25,2.0x_ATR,2.0,No_Cap,2980,-4852.342389786647,74330.2988071991,79182.64119698603,0.9387196193959285,33.32214765100671,9591.14763532233,-0.5059188508282798,-0.6185646637970105,16.666442953020134
Dual_Session,60min,0.25,2.0x_ATR,3.0,1.5,0,0.0,0.0,0.0,0.0,0.0,0.0,0.0,0.0,0.0
Dual_Session,60min,0.25,2.0x_ATR,3.0,2.5,281,-1760.2755022320139,6033.192759486645,7793.468261718658,0.7741345132720374,25.26690391459075,1800.5469377789068,-0.9776337763254479,-0.7557517283540417,20.398576512455517
Dual_Session,60min,0.25,2.0x_ATR,3.0,No_Cap,2969,-5212.9776715946355,82300.99134347125,87513.96901506632,0.9404326220114916,26.641966992253284,10279.766901505254,-0.5071104939968343,-0.5524532648110503,22.992590097675986
Dual_Session,60min,0.25,2.0x_ATR,4.0,1.5,0,0.0,0.0,0.0,0.0,0.0,0.0,0.0,0.0,0.0
Dual_Session,60min,0.25,2.0x_ATR,4.0,2.5,280,-2235.2797502788803,5920.800760323693,8156.080510602573,0.725937017495952,20.714285714285715,2255.2744140623718,-0.9911342656756897,-0.8734350890191757,24.989285714285714
Dual_Session,60min,0.25,2.0x_ATR,4.0,No_Cap,2940,-5784.837576728703,84435.02883649583,90219.86641322497,0.9358806678982051,22.993197278911566,13748.258321706253,-0.4207687578575237,-0.5468804942269774,27.56360544217687
Dual_Session,60min,0.5,Opposite_Bound,1.5,1.5,0,0.0,0.0,0.0,0.0,0.0,0.0,0.0,0.0,0.0
Dual_Session,60min,0.5,Opposite_Bound,1.5,2.5,280,-1779.285400390495,7969.323437500061,9748.608837890555,0.8174831475979599,40.0,2314.9369384761976,-0.7686107430475864,-0.5905718331171755,30.603571428571428
Dual_Session,60min,0.5,Opposite_Bound,1.5,No_Cap,2782,-4435.074633787358,115732.4661376945,120167.54077148631,0.9630925738737912,41.768511861969806,11593.381127927962,-0.382552301597629,-0.3473728295089595,50.033069734004314
Dual_Session,60min,0.5,Opposite_Bound,2.0,1.5,0,0.0,0.0,0.0,0.0,0.0,0.0,0.0,0.0,0.0
Dual_Session,60min,0.5,Opposite_Bound,2.0,2.5,280,-2381.497314452995,8145.659912109427,10527.157226562413,0.7737758386999364,33.92857142857143,3034.8008300777656,-0.7847293604410838,-0.7664565430741478,36.06428571428571
Dual_Session,60min,0.5,Opposite_Bound,2.0,No_Cap,2692,-480.1035644516769,119903.13232421792,120383.23588867387,0.9960118735726632,39.004457652303124,11507.86484374816,-0.04171960402476409,-0.03474828344950928,57.02080237741456
Dual_Session,60min,0.5,Opposite_Bound,3.0,1.5,0,0.0,0.0,0.0,0.0,0.0,0.0,0.0,0.0,0.0
Dual_Session,60min,0.5,Opposite_Bound,3.0,2.5,279,-1896.0645507811205,9010.444140625048,10906.508691406154,0.8261529326726599,29.74910394265233,2888.016748046517,-0.6565282393405915,-0.5361805096019843,42.494623655913976
Dual_Session,60min,0.5,Opposite_Bound,3.0,No_Cap,2581,2388.0760253917197,121205.55302734284,118817.47700195503,1.0200986932700862,36.729949631925614,8930.524658200866,0.2674060166441351,0.16151157160783886,63.70127857419605
Dual_Session,60min,0.5,Opposite_Bound,4.0,1.5,0,0.0,0.0,0.0,0.0,0.0,0.0,0.0,0.0,0.0
Dual_Session,60min,0.5,Opposite_Bound,4.0,2.5,279,-1432.3682617186205,9652.189208984422,11084.557470703025,0.8707780382298153,28.67383512544803,2535.4679687496337,-0.5649325013658102,-0.365593612475699,47.25089605734767
Dual_Session,60min,0.5,Opposite_Bound,4.0,No_Cap,2506,1800.1426757823083,119094.61010742118,117294.4674316423,1.0153472087404973,35.714285714285715,8909.900585935651,0.20203846927583544,0.11769951627008036,67.24261771747805
Dual_Session,60min,0.5,Range_Midpoint,1.5,1.5,0,0.0,0.0,0.0,0.0,0.0,0.0,0.0,0.0,0.0
Dual_Session,60min,0.5,Range_Midpoint,1.5,2.5,280,-1903.9271240233074,5311.978027343807,7215.905151367115,0.7361485379748108,37.5,2040.8281738277592,-0.9329188750135288,-0.8930507582795063,17.539285714285715
Dual_Session,60min,0.5,Range_Midpoint,1.5,No_Cap,2914,-3974.539831541323,87947.4313110357,91921.97114257816,0.9567618080624312,40.35689773507207,10265.293774412195,-0.3871822783531503,-0.4242040603307373,24.91283459162663
Dual_Session,60min,0.5,Range_Midpoint,2.0,1.5,0,0.0,0.0,0.0,0.0,0.0,0.0,0.0,0.0,0.0
Dual_Session,60min,0.5,Range_Midpoint,2.0,2.5,280,-1843.8575439451824,5902.798681640675,7746.656225585857,0.7619802027802342,32.5,1886.6500488278489,-0.9773182605278319,-0.7765442498795537,20.04642857142857
Dual_Session,60min,0.5,Range_Midpoint,2.0,No_Cap,2890,-3870.114501951327,94886.22382812526,98756.33833007874,0.9608114824081653,35.36332179930796,12010.256079100083,-0.32223413692951924,-0.36384478694694583,30.9
Dual_Session,60min,0.5,Range_Midpoint,3.0,1.5,0,0.0,0.0,0.0,0.0,0.0,0.0,0.0,0.0,0.0
Dual_Session,60min,0.5,Range_Midpoint,3.0,2.5,280,-2524.644287109245,5946.2080322266,8470.852319335843,0.7019610079440993,24.642857142857142,2586.9458984371477,-0.9759169252957547,-1.027462159501429,25.83928571428571
Dual_Session,60min,0.5,Range_Midpoint,3.0,No_Cap,2823,-2593.528393552967,99859.65129394531,102453.17968750102,0.9746857208193401,30.393198724760893,12601.380883787468,-0.20581303092661196,-0.21590182164995436,39.0772228126107
Dual_Session,60min,0.5,Range_Midpoint,4.0,1.5,0,0.0,0.0,0.0,0.0,0.0,0.0,0.0,0.0,0.0
Dual_Session,60min,0.5,Range_Midpoint,4.0,2.5,280,-2208.902099609245,6435.952441406284,8644.85454101553,0.7444836012995818,22.5,2248.3994140621526,-0.9824331414579279,-0.8146589356062132,29.314285714285713
Dual_Session,60min,0.5,Range_Midpoint,4.0,No_Cap,2766,579.8805908214945,103019.06386718739,102439.18327636825,1.0056607303208842,28.705712219812003,10179.753588865282,0.0569641087831216,0.04522750676367835,43.237165582067966
Dual_Session,60min,0.5,1.5x_ATR,1.5,1.5,0,0.0,0.0,0.0,0.0,0.0,0.0,0.0,0.0,0.0
Dual_Session,60min,0.5,1.5x_ATR,1.5,2.5,281,-1363.8166748045592,3725.2910731724955,5089.107747977055,0.7320126155028486,38.43416370106762,1414.9211748394537,-0.9638817335243476,-0.9833229553920741,7.5088967971530245
Dual_Session,60min,0.5,1.5x_ATR,1.5,No_Cap,2940,-9408.847172327107,47647.10550275577,57055.95267508268,0.8350943813714302,38.16326530612245,11424.532238768028,-0.8235651994922916,-1.8382285815434343,6.543537414965986
Dual_Session,60min,0.5,1.5x_ATR,2.0,1.5,0,0.0,0.0,0.0,0.0,0.0,0.0,0.0,0.0,0.0
Dual_Session,60min,0.5,1.5x_ATR,2.0,2.5,281,-1380.909003557365,4195.498242187541,5576.4072457449065,0.752365825754374,32.74021352313167,1578.2114955356465,-0.8749834907828263,-0.8895033616086407,9.775800711743772
Dual_Session,60min,0.5,1.5x_ATR,2.0,No_Cap,2939,-8877.565431430132,54055.356598772836,62932.922030202775,0.858936068038134,31.745491663831235,11992.168144878564,-0.740280266602285,-1.4821019295151425,8.794147669275263
Dual_Session,60min,0.5,1.5x_ATR,3.0,1.5,0,0.0,0.0,0.0,0.0,0.0,0.0,0.0,0.0,0.0
Dual_Session,60min,0.5,1.5x_ATR,3.0,2.5,281,-1277.1863821845955,4839.142243303601,6116.328625488197,0.7911841465054288,25.97864768683274,1277.1863821846164,-0.9999999999999836,-0.6975665209375037,13.028469750889679
Dual_Session,60min,0.5,1.5x_ATR,3.0,No_Cap,2937,-8328.678097096974,61640.68071986654,69969.35881696352,0.8809667797744953,24.07218249914879,12907.49145682051,-0.6452592376263768,-1.1203744804454077,13.21144024514811
Dual_Session,60min,0.5,1.5x_ATR,4.0,1.5,0,0.0,0.0,0.0,0.0,0.0,0.0,0.0,0.0,0.0
Dual_Session,60min,0.5,1.5x_ATR,4.0,2.5,281,-725.3866298129219,5547.956438337099,6273.34306815002,0.8843700046478035,23.131672597864767,1076.0165387835077,-0.6741407809893043,-0.34097400174554415,16.377224199288257
Dual_Session,60min,0.5,1.5x_ATR,4.0,No_Cap,2933,-10147.144839912242,63464.48607003386,73611.63090994627,0.8621529680231369,20.354585748380497,14375.898777551527,-0.7058442047294717,-1.2226592670977166,16.9399931810433
Dual_Session,60min,0.5,2.0x_ATR,1.5,1.5,0,0.0,0.0,0.0,0.0,0.0,0.0,0.0,0.0,0.0
Dual_Session,60min,0.5,2.0x_ATR,1.5,2.5,281,-2122.697290038932,4702.026719447595,6824.7240094865265,0.6889695045413803,38.07829181494662,2288.96200474317,-0.9273623964226119,-1.17750904372233,13.316725978647685
Dual_Session,60min,0.5,2.0x_ATR,1.5,No_Cap,2939,-8440.900087191885,64497.30277274054,72938.2028599323,0.8842732648156778,38.51650221163661,11518.647014507616,-0.7328030867306429,-1.2445516323515378,12.743790404899626
Dual_Session,60min,0.5,2.0x_ATR,2.0,1.5,0,0.0,0.0,0.0,0.0,0.0,0.0,0.0,0.0,0.0
Dual_Session,60min,0.5,2.0x_ATR,2.0,2.5,280,-2318.813511439589,5090.4460867746075,7409.259598214196,0.6870384306687707,31.785714285714285,2410.6148995534268,-0.9619178541828294,-1.1670324123967803,16.553571428571427
Dual_Session,60min,0.5,2.0x_ATR,2.0,No_Cap,2933,-8170.375997487603,71890.39130161873,80060.76729910652,0.8979478179747726,32.662802591203544,11482.89924665028,-0.7115255321839573,-1.0409196408261079,16.764405046027957
Dual_Session,60min,0.5,2.0x_ATR,3.0,1.5,0,0.0,0.0,0.0,0.0,0.0,0.0,0.0,0.0,0.0
Dual_Session,60min,0.5,2.0x_ATR,3.0,2.5,280,-1999.0339355467358,5922.040541294691,7921.074476841427,0.7476309632750907,26.071428571428573,2044.1037527900244,-0.9779513064433387,-0.8523920188258336,21.189285714285713
Dual_Session,60min,0.5,2.0x_ATR,3.0,No_Cap,2927,-8833.181549942941,78613.37486746682,87446.55641741015,0.8989876570121326,26.27263409634438,13352.714599607865,-0.6615270238908835,-0.9471096597863514,23.096344379911173
Dual_Session,60min,0.5,2.0x_ATR,4.0,1.5,0,0.0,0.0,0.0,0.0,0.0,0.0,0.0,0.0,0.0
Dual_Session,60min,0.5,2.0x_ATR,4.0,2.5,280,-2195.893938336926,6040.985226004491,8236.879164341415,0.733407047192916,22.5,2257.020361327998,-0.9729172035669602,-0.8512939851205796,25.142857142857142
Dual_Session,60min,0.5,2.0x_ATR,4.0,No_Cap,2899,-8768.841092353718,80781.82592075926,89550.66701311336,0.9020795557997349,23.145912383580544,15905.905629183913,-0.5512946761273864,-0.8514424720677042,27.339082442221454
