p_period,cks_mult,q_period,tp_mult,sl_mult,kfd_thresh,monthly_profit_lock,monthly_loss_breaker,use_kfd,total_trades,trades_per_year,net_profit,pf,win_rate,max_dd,romad,mcr,pos_months,total_months
10,1.5,14,3.5,1.5,1.35,0.0,0.0,True,507,84.5,673.34,1.021,31.56,3650.11,0.18,47.22,34,72
10,1.5,14,3.5,1.5,1.35,200.0,250.0,True,307,51.2,631.44,1.037,32.57,1702.04,0.37,54.17,39,72
10,1.5,14,3.5,1.5,1.35,250.0,250.0,True,355,59.2,225.97,1.011,31.55,2388.55,0.09,48.61,35,72
10,1.5,14,3.5,1.5,1.35,300.0,300.0,True,392,65.3,-110.45,0.995,31.38,1920.3,-0.06,45.83,33,72
10,1.5,14,3.5,1.5,1.4,0.0,0.0,True,563,93.8,509.52,1.014,31.08,3962.65,0.13,41.67,30,72
10,1.5,14,3.5,1.5,1.4,200.0,250.0,True,321,53.5,1447.03,1.082,32.71,1889.32,0.77,55.56,40,72
10,1.5,14,3.5,1.5,1.4,250.0,250.0,True,375,62.5,287.01,1.014,31.2,2964.21,0.1,47.22,34,72
10,1.5,14,3.5,1.5,1.4,300.0,300.0,True,416,69.3,683.78,1.029,31.73,2368.45,0.29,47.22,34,72
10,1.5,14,3.5,1.5,1.45,0.0,0.0,True,611,101.8,-559.51,0.986,30.61,3635.12,-0.15,44.44,32,72
10,1.5,14,3.5,1.5,1.45,200.0,250.0,True,330,55.0,1345.43,1.074,32.73,1993.93,0.67,52.78,38,72
10,1.5,14,3.5,1.5,1.45,250.0,250.0,True,377,62.8,-342.69,0.984,31.3,2742.68,-0.12,47.22,34,72
10,1.5,14,3.5,1.5,1.45,300.0,300.0,True,429,71.5,-92.15,0.996,31.47,2230.07,-0.04,50.0,36,72
10,1.5,14,3.5,1.5,,0.0,0.0,False,1332,222.0,3031.19,1.035,31.91,5993.14,0.51,44.44,32,72
10,1.5,14,3.5,1.5,,200.0,250.0,False,440,73.3,-3358.61,0.861,29.55,4993.44,-0.67,45.83,33,72
10,1.5,14,3.5,1.5,,250.0,250.0,False,498,83.0,-3913.51,0.857,29.52,4787.96,-0.82,41.67,30,72
10,1.5,14,3.5,1.5,,300.0,300.0,False,640,106.7,-5210.18,0.853,29.22,5951.87,-0.88,41.67,30,72
10,1.5,14,3.5,2.0,1.35,0.0,0.0,True,464,77.3,1200.99,1.034,37.5,2559.48,0.47,51.39,37,72
10,1.5,14,3.5,2.0,1.35,200.0,250.0,True,281,46.8,750.11,1.04,39.15,2085.24,0.36,52.78,38,72
10,1.5,14,3.5,2.0,1.35,250.0,250.0,True,314,52.3,-39.69,0.998,37.58,2085.24,-0.02,47.22,34,72
10,1.5,14,3.5,2.0,1.35,300.0,300.0,True,346,57.7,2961.1,1.132,39.31,1803.5,1.64,52.78,38,72
10,1.5,14,3.5,2.0,1.4,0.0,0.0,True,513,85.5,402.04,1.01,36.84,3367.37,0.12,44.44,32,72
10,1.5,14,3.5,2.0,1.4,200.0,250.0,True,288,48.0,1879.56,1.102,39.24,1773.67,1.06,51.39,37,72
10,1.5,14,3.5,2.0,1.4,250.0,250.0,True,326,54.3,124.89,1.006,37.73,2109.16,0.06,44.44,32,72
10,1.5,14,3.5,2.0,1.4,300.0,300.0,True,364,60.7,2253.23,1.094,38.74,2550.7,0.88,47.22,34,72
10,1.5,14,3.5,2.0,1.45,0.0,0.0,True,556,92.7,574.76,1.013,37.05,3443.11,0.17,44.44,32,72
10,1.5,14,3.5,2.0,1.45,200.0,250.0,True,287,47.8,626.13,1.034,38.68,2037.44,0.31,50.0,36,72
10,1.5,14,3.5,2.0,1.45,250.0,250.0,True,316,52.7,203.0,1.01,37.97,2334.69,0.09,45.83,33,72
10,1.5,14,3.5,2.0,1.45,300.0,300.0,True,369,61.5,1437.34,1.06,38.75,2297.28,0.63,45.83,33,72
10,1.5,14,3.5,2.0,,0.0,0.0,False,1087,181.2,4507.31,1.052,38.73,6686.68,0.67,44.44,32,72
10,1.5,14,3.5,2.0,,200.0,250.0,False,321,53.5,-2127.85,0.902,35.83,3000.5,-0.71,44.44,32,72
10,1.5,14,3.5,2.0,,250.0,250.0,False,386,64.3,-2132.19,0.917,36.01,3000.5,-0.71,41.67,30,72
10,1.5,14,3.5,2.0,,300.0,300.0,False,475,79.2,-970.43,0.969,37.05,3134.35,-0.31,43.06,31,72
10,1.5,14,3.5,2.5,1.35,0.0,0.0,True,435,72.5,4307.93,1.116,44.37,2962.37,1.45,59.72,43,72
10,1.5,14,3.5,2.5,1.35,200.0,250.0,True,242,40.3,4928.9,1.297,50.0,2110.1,2.34,65.28,47,72
10,1.5,14,3.5,2.5,1.35,250.0,250.0,True,270,45.0,4035.25,1.213,47.78,2110.1,1.91,59.72,43,72
10,1.5,14,3.5,2.5,1.35,300.0,300.0,True,299,49.8,4083.74,1.192,47.16,2310.57,1.77,61.11,44,72
10,1.5,14,3.5,2.5,1.4,0.0,0.0,True,480,80.0,4660.68,1.11,43.96,2819.9,1.65,55.56,40,72
10,1.5,14,3.5,2.5,1.4,200.0,250.0,True,251,41.8,3852.36,1.222,46.61,1206.27,3.19,58.33,42,72
10,1.5,14,3.5,2.5,1.4,250.0,250.0,True,280,46.7,3008.74,1.151,45.36,1588.76,1.89,54.17,39,72
10,1.5,14,3.5,2.5,1.4,300.0,300.0,True,304,50.7,3514.65,1.163,45.72,1466.38,2.4,56.94,41,72
10,1.5,14,3.5,2.5,1.45,0.0,0.0,True,518,86.3,3811.04,1.083,43.44,3189.91,1.19,51.39,37,72
10,1.5,14,3.5,2.5,1.45,200.0,250.0,True,243,40.5,3329.39,1.199,46.5,1242.79,2.68,58.33,42,72
10,1.5,14,3.5,2.5,1.45,250.0,250.0,True,274,45.7,2441.75,1.125,45.26,1558.35,1.57,52.78,38,72
10,1.5,14,3.5,2.5,1.45,300.0,300.0,True,309,51.5,2853.87,1.13,45.31,1434.84,1.99,54.17,39,72
10,1.5,14,3.5,2.5,,0.0,0.0,False,944,157.3,6691.08,1.078,44.49,6064.4,1.1,51.39,37,72
10,1.5,14,3.5,2.5,,200.0,250.0,False,271,45.2,-2231.66,0.892,42.07,2922.08,-0.76,48.61,35,72
10,1.5,14,3.5,2.5,,250.0,250.0,False,331,55.2,-1350.81,0.946,42.6,2795.54,-0.48,47.22,34,72
10,1.5,14,3.5,2.5,,300.0,300.0,False,421,70.2,1976.15,1.065,44.89,2074.89,0.95,52.78,38,72
10,1.5,14,4.0,1.5,1.35,0.0,0.0,True,499,83.2,2097.92,1.064,29.26,3370.68,0.62,47.22,34,72
10,1.5,14,4.0,1.5,1.35,200.0,250.0,True,275,45.8,1584.09,1.102,30.55,1358.83,1.17,55.56,40,72
10,1.5,14,4.0,1.5,1.35,250.0,250.0,True,312,52.0,716.42,1.039,29.49,1626.17,0.44,51.39,37,72
10,1.5,14,4.0,1.5,1.35,300.0,300.0,True,373,62.2,493.11,1.022,29.49,1856.0,0.27,50.0,36,72
10,1.5,14,4.0,1.5,1.4,0.0,0.0,True,547,91.2,2808.58,1.076,29.07,3639.02,0.77,43.06,31,72
10,1.5,14,4.0,1.5,1.4,200.0,250.0,True,282,47.0,2501.62,1.159,30.85,1578.73,1.58,55.56,40,72
10,1.5,14,4.0,1.5,1.4,250.0,250.0,True,331,55.2,1311.96,1.067,29.61,2023.24,0.65,48.61,35,72
10,1.5,14,4.0,1.5,1.4,300.0,300.0,True,393,65.5,546.5,1.023,28.75,2550.39,0.21,45.83,33,72
10,1.5,14,4.0,1.5,1.45,0.0,0.0,True,595,99.2,1960.05,1.049,28.74,3293.99,0.6,44.44,32,72
10,1.5,14,4.0,1.5,1.45,200.0,250.0,True,308,51.3,1596.31,1.092,30.19,1754.24,0.91,52.78,38,72
10,1.5,14,4.0,1.5,1.45,250.0,250.0,True,346,57.7,1093.3,1.054,29.77,2198.75,0.5,47.22,34,72
10,1.5,14,4.0,1.5,1.45,300.0,300.0,True,402,67.0,-126.56,0.995,28.86,2741.87,-0.05,44.44,32,72
10,1.5,14,4.0,1.5,,0.0,0.0,False,1261,210.2,5169.33,1.06,29.5,5489.87,0.94,45.83,33,72
10,1.5,14,4.0,1.5,,200.0,250.0,False,330,55.0,508.09,1.028,30.61,3741.11,0.14,52.78,38,72
10,1.5,14,4.0,1.5,,250.0,250.0,False,402,67.0,310.11,1.014,30.35,4105.25,0.08,48.61,35,72
10,1.5,14,4.0,1.5,,300.0,300.0,False,497,82.8,-1404.17,0.95,28.97,4469.56,-0.31,45.83,33,72
10,1.5,14,4.0,2.0,1.35,0.0,0.0,True,450,75.0,2715.87,1.075,35.11,2633.31,1.03,48.61,35,72
10,1.5,14,4.0,2.0,1.35,200.0,250.0,True,256,42.7,78.87,1.004,35.94,2512.17,0.03,52.78,38,72
10,1.5,14,4.0,2.0,1.35,250.0,250.0,True,280,46.7,670.78,1.034,36.07,2512.17,0.27,48.61,35,72
10,1.5,14,4.0,2.0,1.35,300.0,300.0,True,325,54.2,1140.08,1.049,35.38,2376.0,0.48,47.22,34,72
10,1.5,14,4.0,2.0,1.4,0.0,0.0,True,494,82.3,2926.82,1.072,34.82,3104.83,0.94,51.39,37,72
10,1.5,14,4.0,2.0,1.4,200.0,250.0,True,249,41.5,1366.91,1.081,36.14,1588.79,0.86,55.56,40,72
10,1.5,14,4.0,2.0,1.4,250.0,250.0,True,284,47.3,1626.48,1.083,35.92,2341.07,0.69,51.39,37,72
10,1.5,14,4.0,2.0,1.4,300.0,300.0,True,341,56.8,1508.32,1.061,35.19,2988.42,0.5,50.0,36,72
10,1.5,14,4.0,2.0,1.45,0.0,0.0,True,537,89.5,3442.07,1.078,35.2,3240.89,1.06,52.78,38,72
10,1.5,14,4.0,2.0,1.45,200.0,250.0,True,264,44.0,15.09,1.001,34.85,1794.48,0.01,48.61,35,72
10,1.5,14,4.0,2.0,1.45,250.0,250.0,True,289,48.2,710.24,1.035,35.64,2592.22,0.27,45.83,33,72
10,1.5,14,4.0,2.0,1.45,300.0,300.0,True,344,57.3,2401.49,1.103,36.05,3040.37,0.79,51.39,37,72
10,1.5,14,4.0,2.0,,0.0,0.0,False,1029,171.5,6874.56,1.081,36.35,6023.9,1.14,50.0,36,72
10,1.5,14,4.0,2.0,,200.0,250.0,False,282,47.0,-1075.33,0.945,33.69,2622.09,-0.41,47.22,34,72
10,1.5,14,4.0,2.0,,250.0,250.0,False,314,52.3,-714.03,0.967,34.08,2934.32,-0.24,44.44,32,72
10,1.5,14,4.0,2.0,,300.0,300.0,False,411,68.5,1314.86,1.047,35.77,2364.98,0.56,50.0,36,72
10,1.5,14,4.0,2.5,1.35,0.0,0.0,True,426,71.0,2589.65,1.066,40.38,3029.08,0.85,54.17,39,72
10,1.5,14,4.0,2.5,1.35,200.0,250.0,True,224,37.3,614.46,1.035,42.86,2783.56,0.22,56.94,41,72
10,1.5,14,4.0,2.5,1.35,250.0,250.0,True,244,40.7,2397.32,1.126,44.26,2783.56,0.86,55.56,40,72
10,1.5,14,4.0,2.5,1.35,300.0,300.0,True,273,45.5,747.09,1.034,41.76,3054.51,0.24,54.17,39,72
10,1.5,14,4.0,2.5,1.4,0.0,0.0,True,466,77.7,4196.22,1.096,40.56,3531.52,1.19,48.61,35,72
10,1.5,14,4.0,2.5,1.4,200.0,250.0,True,229,38.2,773.43,1.043,40.61,2635.72,0.29,51.39,37,72
10,1.5,14,4.0,2.5,1.4,250.0,250.0,True,253,42.2,1158.18,1.057,41.11,2634.01,0.44,48.61,35,72
10,1.5,14,4.0,2.5,1.4,300.0,300.0,True,284,47.3,1150.84,1.051,41.2,2927.86,0.39,47.22,34,72
10,1.5,14,4.0,2.5,1.45,0.0,0.0,True,503,83.8,3738.06,1.079,40.36,4162.84,0.9,45.83,33,72
10,1.5,14,4.0,2.5,1.45,200.0,250.0,True,234,39.0,731.26,1.04,41.03,2776.22,0.26,50.0,36,72
10,1.5,14,4.0,2.5,1.45,250.0,250.0,True,251,41.8,1797.63,1.092,42.23,2935.59,0.61,48.61,35,72
10,1.5,14,4.0,2.5,1.45,300.0,300.0,True,286,47.7,-10.8,1.0,40.56,3260.89,-0.0,43.06,31,72
10,1.5,14,4.0,2.5,,0.0,0.0,False,890,148.3,6489.7,1.076,41.24,6339.52,1.02,45.83,33,72
10,1.5,14,4.0,2.5,,200.0,250.0,False,244,40.7,-1462.59,0.925,39.75,3135.31,-0.47,48.61,35,72
10,1.5,14,4.0,2.5,,250.0,250.0,False,265,44.2,-1892.7,0.911,39.25,3504.38,-0.54,45.83,33,72
10,1.5,14,4.0,2.5,,300.0,300.0,False,350,58.3,1724.87,1.064,41.71,2236.52,0.77,51.39,37,72
10,1.5,14,4.5,1.5,1.35,0.0,0.0,True,492,82.0,62.27,1.002,26.42,4529.64,0.01,43.06,31,72
10,1.5,14,4.5,1.5,1.35,200.0,250.0,True,262,43.7,3106.34,1.208,29.39,1358.83,2.29,54.17,39,72
10,1.5,14,4.5,1.5,1.35,250.0,250.0,True,295,49.2,1493.96,1.085,27.46,1358.83,1.1,50.0,36,72
10,1.5,14,4.5,1.5,1.35,300.0,300.0,True,335,55.8,1022.26,1.05,27.46,2006.77,0.51,45.83,33,72
10,1.5,14,4.5,1.5,1.4,0.0,0.0,True,539,89.8,583.08,1.015,26.16,5284.2,0.11,37.5,27,72
10,1.5,14,4.5,1.5,1.4,200.0,250.0,True,276,46.0,3167.21,1.2,28.62,1423.49,2.22,52.78,38,72
10,1.5,14,4.5,1.5,1.4,250.0,250.0,True,312,52.0,1959.29,1.105,27.24,1360.31,1.44,47.22,34,72
10,1.5,14,4.5,1.5,1.4,300.0,300.0,True,366,61.0,762.34,1.033,26.78,1625.47,0.47,41.67,30,72
10,1.5,14,4.5,1.5,1.45,0.0,0.0,True,582,97.0,-941.06,0.977,25.77,5604.66,-0.17,41.67,30,72
10,1.5,14,4.5,1.5,1.45,200.0,250.0,True,286,47.7,2205.69,1.133,27.97,1339.24,1.65,52.78,38,72
10,1.5,14,4.5,1.5,1.45,250.0,250.0,True,326,54.3,1475.45,1.076,27.3,1334.56,1.11,50.0,36,72
10,1.5,14,4.5,1.5,1.45,300.0,300.0,True,383,63.8,142.3,1.006,26.37,1874.03,0.08,44.44,32,72
10,1.5,14,4.5,1.5,,0.0,0.0,False,1188,198.0,2770.75,1.033,27.02,5833.43,0.47,51.39,37,72
10,1.5,14,4.5,1.5,,200.0,250.0,False,318,53.0,451.3,1.025,28.3,3277.99,0.14,51.39,37,72
10,1.5,14,4.5,1.5,,250.0,250.0,False,377,62.8,803.07,1.038,28.38,3838.24,0.21,50.0,36,72
10,1.5,14,4.5,1.5,,300.0,300.0,False,451,75.2,-475.47,0.982,27.49,4290.47,-0.11,50.0,36,72
10,1.5,14,4.5,2.0,1.35,0.0,0.0,True,437,72.8,1347.69,1.036,32.27,3381.0,0.4,51.39,37,72
10,1.5,14,4.5,2.0,1.35,200.0,250.0,True,238,39.7,441.31,1.025,33.19,2316.53,0.19,50.0,36,72
10,1.5,14,4.5,2.0,1.35,250.0,250.0,True,258,43.0,32.88,1.002,32.95,2316.53,0.01,47.22,34,72
10,1.5,14,4.5,2.0,1.35,300.0,300.0,True,311,51.8,2372.21,1.105,33.12,2204.31,1.08,50.0,36,72
10,1.5,14,4.5,2.0,1.4,0.0,0.0,True,479,79.8,1552.04,1.037,31.94,4182.25,0.37,44.44,32,72
10,1.5,14,4.5,2.0,1.4,200.0,250.0,True,238,39.7,1026.06,1.059,32.77,1528.6,0.67,50.0,36,72
10,1.5,14,4.5,2.0,1.4,250.0,250.0,True,258,43.0,1356.57,1.072,33.33,1528.6,0.89,47.22,34,72
10,1.5,14,4.5,2.0,1.4,300.0,300.0,True,324,54.0,2874.57,1.122,33.02,2684.42,1.07,45.83,33,72
10,1.5,14,4.5,2.0,1.45,0.0,0.0,True,519,86.5,1395.65,1.031,32.18,4606.45,0.3,47.22,34,72
10,1.5,14,4.5,2.0,1.45,200.0,250.0,True,243,40.5,956.86,1.055,32.92,1803.09,0.53,50.0,36,72
10,1.5,14,4.5,2.0,1.45,250.0,250.0,True,260,43.3,2004.55,1.11,34.23,1803.09,1.11,48.61,35,72
10,1.5,14,4.5,2.0,1.45,300.0,300.0,True,331,55.2,3273.21,1.137,34.14,2005.08,1.63,47.22,34,72
10,1.5,14,4.5,2.0,,0.0,0.0,False,952,158.7,4308.74,1.052,33.61,5818.06,0.74,54.17,39,72
10,1.5,14,4.5,2.0,,200.0,250.0,False,248,41.3,2199.24,1.129,35.08,2363.53,0.93,55.56,40,72
10,1.5,14,4.5,2.0,,250.0,250.0,False,300,50.0,2851.48,1.141,35.33,2868.12,0.99,52.78,38,72
10,1.5,14,4.5,2.0,,300.0,300.0,False,379,63.2,2978.25,1.114,34.04,2337.64,1.27,52.78,38,72
10,1.5,14,4.5,2.5,1.35,0.0,0.0,True,415,69.2,2019.85,1.049,38.07,4047.48,0.5,58.33,42,72
10,1.5,14,4.5,2.5,1.35,200.0,250.0,True,214,35.7,1103.7,1.063,40.19,2674.93,0.41,56.94,41,72
10,1.5,14,4.5,2.5,1.35,250.0,250.0,True,231,38.5,1268.51,1.066,40.26,2674.93,0.47,55.56,40,72
10,1.5,14,4.5,2.5,1.35,300.0,300.0,True,260,43.3,1482.09,1.068,39.62,2875.4,0.52,52.78,38,72
10,1.5,14,4.5,2.5,1.4,0.0,0.0,True,452,75.3,3755.11,1.083,38.27,3997.41,0.94,54.17,39,72
10,1.5,14,4.5,2.5,1.4,200.0,250.0,True,217,36.2,2287.13,1.133,39.63,1491.0,1.53,55.56,40,72
10,1.5,14,4.5,2.5,1.4,250.0,250.0,True,239,39.8,2810.15,1.147,40.17,2049.99,1.37,54.17,39,72
10,1.5,14,4.5,2.5,1.4,300.0,300.0,True,266,44.3,2251.44,1.103,39.47,2575.49,0.87,51.39,37,72
10,1.5,14,4.5,2.5,1.45,0.0,0.0,True,487,81.2,3699.46,1.076,38.19,3795.46,0.97,54.17,39,72
10,1.5,14,4.5,2.5,1.45,200.0,250.0,True,212,35.3,3621.64,1.224,41.51,1091.68,3.32,58.33,42,72
10,1.5,14,4.5,2.5,1.45,250.0,250.0,True,236,39.3,2855.39,1.152,40.68,1714.04,1.67,54.17,39,72
10,1.5,14,4.5,2.5,1.45,300.0,300.0,True,263,43.8,2897.68,1.136,40.3,2729.03,1.06,52.78,38,72
10,1.5,14,4.5,2.5,,0.0,0.0,False,826,137.7,3994.89,1.048,38.5,5893.16,0.68,50.0,36,72
10,1.5,14,4.5,2.5,,200.0,250.0,False,243,40.5,93.99,1.005,38.68,2708.16,0.03,48.61,35,72
10,1.5,14,4.5,2.5,,250.0,250.0,False,262,43.7,-230.55,0.989,38.55,3329.64,-0.07,45.83,33,72
10,1.5,14,4.5,2.5,,300.0,300.0,False,314,52.3,3865.18,1.159,41.4,2080.41,1.86,54.17,39,72
10,1.5,14,5.0,1.5,1.35,0.0,0.0,True,489,81.5,959.54,1.028,24.74,4757.73,0.2,47.22,34,72
10,1.5,14,5.0,1.5,1.35,200.0,250.0,True,251,41.8,3094.51,1.208,27.09,1499.49,2.06,52.78,38,72
10,1.5,14,5.0,1.5,1.35,250.0,250.0,True,268,44.7,3413.82,1.218,27.24,1358.83,2.51,51.39,37,72
10,1.5,14,5.0,1.5,1.35,300.0,300.0,True,321,53.5,1441.29,1.072,25.86,2182.24,0.66,45.83,33,72
10,1.5,14,5.0,1.5,1.4,0.0,0.0,True,535,89.2,1342.49,1.034,24.3,5366.34,0.25,40.28,29,72
10,1.5,14,5.0,1.5,1.4,200.0,250.0,True,263,43.8,3513.79,1.225,26.62,1745.58,2.01,51.39,37,72
10,1.5,14,5.0,1.5,1.4,250.0,250.0,True,282,47.0,3050.69,1.182,25.89,1586.32,1.92,47.22,34,72
10,1.5,14,5.0,1.5,1.4,300.0,300.0,True,323,53.8,2578.2,1.129,26.01,1514.96,1.7,45.83,33,72
10,1.5,14,5.0,1.5,1.45,0.0,0.0,True,569,94.8,418.97,1.01,24.25,5686.8,0.07,41.67,30,72
10,1.5,14,5.0,1.5,1.45,200.0,250.0,True,272,45.3,2929.18,1.18,26.47,1517.19,1.93,51.39,37,72
10,1.5,14,5.0,1.5,1.45,250.0,250.0,True,293,48.8,2195.95,1.125,25.6,1357.93,1.62,47.22,34,72
10,1.5,14,5.0,1.5,1.45,300.0,300.0,True,341,56.8,2030.68,1.096,25.81,1446.25,1.4,45.83,33,72
10,1.5,14,5.0,1.5,,0.0,0.0,False,1137,189.5,1560.06,1.019,24.8,6862.47,0.23,47.22,34,72
10,1.5,14,5.0,1.5,,200.0,250.0,False,332,55.3,-1174.36,0.941,24.7,3350.15,-0.35,47.22,34,72
10,1.5,14,5.0,1.5,,250.0,250.0,False,362,60.3,-217.03,0.99,25.69,3008.59,-0.07,45.83,33,72
10,1.5,14,5.0,1.5,,300.0,300.0,False,431,71.8,551.27,1.021,25.99,4086.2,0.13,48.61,35,72
10,1.5,14,5.0,2.0,1.35,0.0,0.0,True,433,72.2,1093.38,1.029,30.02,3741.74,0.29,50.0,36,72
10,1.5,14,5.0,2.0,1.35,200.0,250.0,True,221,36.8,2156.91,1.134,32.58,2184.27,0.99,51.39,37,72
10,1.5,14,5.0,2.0,1.35,250.0,250.0,True,242,40.3,1571.11,1.088,31.82,2120.89,0.74,47.22,34,72
10,1.5,14,5.0,2.0,1.35,300.0,300.0,True,276,46.0,4398.02,1.217,32.97,1803.5,2.44,51.39,37,72
10,1.5,14,5.0,2.0,1.4,0.0,0.0,True,472,78.7,1719.33,1.04,29.66,4160.36,0.41,44.44,32,72
10,1.5,14,5.0,2.0,1.4,200.0,250.0,True,226,37.7,2813.0,1.173,32.3,1233.95,2.28,52.78,38,72
10,1.5,14,5.0,2.0,1.4,250.0,250.0,True,242,40.3,2385.08,1.133,31.82,1233.95,1.93,48.61,35,72
10,1.5,14,5.0,2.0,1.4,300.0,300.0,True,282,47.0,5146.52,1.25,32.62,1523.78,3.38,51.39,37,72
10,1.5,14,5.0,2.0,1.45,0.0,0.0,True,502,83.7,1128.08,1.025,29.88,4584.56,0.25,45.83,33,72
10,1.5,14,5.0,2.0,1.45,200.0,250.0,True,231,38.5,2409.76,1.143,32.03,1947.03,1.24,54.17,39,72
10,1.5,14,5.0,2.0,1.45,250.0,250.0,True,249,41.5,2044.31,1.113,31.73,1947.03,1.05,50.0,36,72
10,1.5,14,5.0,2.0,1.45,300.0,300.0,True,286,47.7,5416.76,1.268,33.57,1372.92,3.95,52.78,38,72
10,1.5,14,5.0,2.0,,0.0,0.0,False,906,151.0,3000.82,1.037,31.24,5841.77,0.51,55.56,40,72
10,1.5,14,5.0,2.0,,200.0,250.0,False,251,41.8,2877.17,1.163,33.47,2297.34,1.25,54.17,39,72
10,1.5,14,5.0,2.0,,250.0,250.0,False,271,45.2,2806.33,1.148,33.21,2297.34,1.22,52.78,38,72
10,1.5,14,5.0,2.0,,300.0,300.0,False,342,57.0,5697.9,1.238,34.21,2443.57,2.33,55.56,40,72
10,1.5,14,5.0,2.5,1.35,0.0,0.0,True,405,67.5,670.57,1.016,35.31,4633.26,0.14,52.78,38,72
10,1.5,14,5.0,2.5,1.35,200.0,250.0,True,213,35.5,2518.67,1.14,38.5,2399.11,1.05,56.94,41,72
10,1.5,14,5.0,2.5,1.35,250.0,250.0,True,222,37.0,2440.28,1.129,38.29,2399.11,1.02,55.56,40,72
10,1.5,14,5.0,2.5,1.35,300.0,300.0,True,246,41.0,1629.89,1.075,37.4,2599.58,0.63,52.78,38,72
10,1.5,14,5.0,2.5,1.4,0.0,0.0,True,439,73.2,3467.75,1.076,35.54,4229.0,0.82,48.61,35,72
10,1.5,14,5.0,2.5,1.4,200.0,250.0,True,219,36.5,3976.04,1.223,38.36,1491.0,2.67,56.94,41,72
10,1.5,14,5.0,2.5,1.4,250.0,250.0,True,228,38.0,4311.6,1.233,38.6,1491.0,2.89,54.17,39,72
10,1.5,14,5.0,2.5,1.4,300.0,300.0,True,260,43.3,3318.65,1.153,37.31,2297.32,1.44,48.61,35,72
10,1.5,14,5.0,2.5,1.45,0.0,0.0,True,469,78.2,3344.63,1.069,35.61,3947.69,0.85,51.39,37,72
10,1.5,14,5.0,2.5,1.45,200.0,250.0,True,212,35.3,4717.13,1.279,39.15,1140.2,4.14,58.33,42,72
10,1.5,14,5.0,2.5,1.45,250.0,250.0,True,220,36.7,5355.32,1.31,40.0,1088.91,4.92,56.94,41,72
10,1.5,14,5.0,2.5,1.45,300.0,300.0,True,264,44.0,4422.6,1.201,38.64,2190.43,2.02,51.39,37,72
10,1.5,14,5.0,2.5,,0.0,0.0,False,767,127.8,2977.26,1.037,36.11,5867.6,0.51,50.0,36,72
10,1.5,14,5.0,2.5,,200.0,250.0,False,224,37.3,1291.22,1.069,37.5,2197.87,0.59,52.78,38,72
10,1.5,14,5.0,2.5,,250.0,250.0,False,264,44.0,1964.69,1.091,37.5,2197.87,0.89,50.0,36,72
10,1.5,14,5.0,2.5,,300.0,300.0,False,307,51.2,4295.1,1.176,39.09,2213.33,1.94,54.17,39,72
10,2.0,14,3.5,1.5,1.35,0.0,0.0,True,387,64.5,2064.61,1.084,33.33,1691.91,1.22,52.78,38,72
10,2.0,14,3.5,1.5,1.35,200.0,250.0,True,266,44.3,2434.27,1.166,33.83,1301.61,1.87,52.78,38,72
10,2.0,14,3.5,1.5,1.35,250.0,250.0,True,286,47.7,2444.43,1.155,33.57,1200.92,2.04,52.78,38,72
10,2.0,14,3.5,1.5,1.35,300.0,300.0,True,308,51.3,4241.58,1.253,34.74,1394.97,3.04,55.56,40,72
10,2.0,14,3.5,1.5,1.4,0.0,0.0,True,418,69.7,1542.96,1.058,32.78,1926.55,0.8,48.61,35,72
10,2.0,14,3.5,1.5,1.4,200.0,250.0,True,263,43.8,1585.62,1.107,32.7,1783.65,0.89,50.0,36,72
10,2.0,14,3.5,1.5,1.4,250.0,250.0,True,286,47.7,2250.16,1.142,33.22,1491.8,1.51,50.0,36,72
10,2.0,14,3.5,1.5,1.4,300.0,300.0,True,329,54.8,3924.74,1.215,34.04,1451.38,2.7,52.78,38,72
10,2.0,14,3.5,1.5,1.45,0.0,0.0,True,445,74.2,1645.37,1.058,32.81,2264.68,0.73,47.22,34,72
10,2.0,14,3.5,1.5,1.45,200.0,250.0,True,274,45.7,2281.56,1.149,33.58,1813.43,1.26,51.39,37,72
10,2.0,14,3.5,1.5,1.45,250.0,250.0,True,294,49.0,2934.35,1.181,34.01,1622.27,1.81,50.0,36,72
10,2.0,14,3.5,1.5,1.45,300.0,300.0,True,345,57.5,4334.55,1.227,34.49,1611.51,2.69,51.39,37,72
10,2.0,14,3.5,1.5,,0.0,0.0,False,1164,194.0,1303.68,1.017,31.96,5298.49,0.25,50.0,36,72
10,2.0,14,3.5,1.5,,200.0,250.0,False,391,65.2,586.92,1.028,32.74,1796.3,0.33,52.78,38,72
10,2.0,14,3.5,1.5,,250.0,250.0,False,453,75.5,632.41,1.025,32.67,2247.16,0.28,48.61,35,72
10,2.0,14,3.5,1.5,,300.0,300.0,False,529,88.2,2807.82,1.097,34.22,2465.56,1.14,52.78,38,72
10,2.0,14,3.5,2.0,1.35,0.0,0.0,True,351,58.5,5543.27,1.217,42.17,1466.04,3.78,54.17,39,72
10,2.0,14,3.5,2.0,1.35,200.0,250.0,True,221,36.8,883.97,1.06,39.37,1662.24,0.53,50.0,36,72
10,2.0,14,3.5,2.0,1.35,250.0,250.0,True,238,39.7,902.23,1.057,39.5,2031.35,0.44,47.22,34,72
10,2.0,14,3.5,2.0,1.35,300.0,300.0,True,263,43.8,4393.49,1.259,41.06,1983.87,2.21,51.39,37,72
10,2.0,14,3.5,2.0,1.4,0.0,0.0,True,379,63.2,4082.46,1.144,40.9,1703.18,2.4,51.39,37,72
10,2.0,14,3.5,2.0,1.4,200.0,250.0,True,216,36.0,-135.76,0.991,38.89,2044.04,-0.07,48.61,35,72
10,2.0,14,3.5,2.0,1.4,250.0,250.0,True,241,40.2,-365.14,0.978,38.59,2683.14,-0.14,44.44,32,72
10,2.0,14,3.5,2.0,1.4,300.0,300.0,True,277,46.2,3203.38,1.176,40.07,2025.59,1.58,50.0,36,72
10,2.0,14,3.5,2.0,1.45,0.0,0.0,True,404,67.3,4453.58,1.149,41.09,2248.42,1.98,52.78,38,72
10,2.0,14,3.5,2.0,1.45,200.0,250.0,True,231,38.5,1316.6,1.087,41.13,2044.04,0.64,51.39,37,72
10,2.0,14,3.5,2.0,1.45,250.0,250.0,True,263,43.8,267.55,1.015,39.54,2825.91,0.09,45.83,33,72
10,2.0,14,3.5,2.0,1.45,300.0,300.0,True,297,49.5,3485.18,1.178,40.4,2198.52,1.59,51.39,37,72
10,2.0,14,3.5,2.0,,0.0,0.0,False,973,162.2,2152.6,1.027,38.54,6196.15,0.35,51.39,37,72
10,2.0,14,3.5,2.0,,200.0,250.0,False,342,57.0,-718.73,0.968,36.84,2183.18,-0.33,50.0,36,72
10,2.0,14,3.5,2.0,,250.0,250.0,False,381,63.5,-1467.95,0.944,36.48,3284.97,-0.45,44.44,32,72
10,2.0,14,3.5,2.0,,300.0,300.0,False,472,78.7,2302.86,1.073,38.98,2714.89,0.85,51.39,37,72
10,2.0,14,3.5,2.5,1.35,0.0,0.0,True,339,56.5,6279.18,1.225,46.31,1828.68,3.43,54.17,39,72
10,2.0,14,3.5,2.5,1.35,200.0,250.0,True,216,36.0,1463.07,1.09,44.91,1249.71,1.17,50.0,36,72
10,2.0,14,3.5,2.5,1.35,250.0,250.0,True,233,38.8,848.65,1.048,44.21,1249.71,0.68,45.83,33,72
10,2.0,14,3.5,2.5,1.35,300.0,300.0,True,253,42.2,2784.68,1.15,46.25,1249.71,2.23,48.61,35,72
10,2.0,14,3.5,2.5,1.4,0.0,0.0,True,364,60.7,4835.92,1.157,45.33,2253.76,2.15,51.39,37,72
10,2.0,14,3.5,2.5,1.4,200.0,250.0,True,208,34.7,-1004.72,0.939,42.79,1679.29,-0.6,48.61,35,72
10,2.0,14,3.5,2.5,1.4,250.0,250.0,True,231,38.5,-1543.87,0.917,41.99,1890.93,-0.82,44.44,32,72
10,2.0,14,3.5,2.5,1.4,300.0,300.0,True,258,43.0,215.81,1.011,43.8,1531.15,0.14,47.22,34,72
10,2.0,14,3.5,2.5,1.45,0.0,0.0,True,388,64.7,4944.44,1.151,45.36,3193.03,1.55,51.39,37,72
10,2.0,14,3.5,2.5,1.45,200.0,250.0,True,216,36.0,-188.36,0.989,43.98,1519.3,-0.12,50.0,36,72
10,2.0,14,3.5,2.5,1.45,250.0,250.0,True,246,41.0,-1608.26,0.919,42.28,2328.38,-0.69,43.06,31,72
10,2.0,14,3.5,2.5,1.45,300.0,300.0,True,272,45.3,230.15,1.011,44.12,2188.25,0.11,44.44,32,72
10,2.0,14,3.5,2.5,,0.0,0.0,False,841,140.2,6913.17,1.092,44.95,4476.42,1.54,54.17,39,72
10,2.0,14,3.5,2.5,,200.0,250.0,False,284,47.3,80.24,1.004,44.01,1914.04,0.04,54.17,39,72
10,2.0,14,3.5,2.5,,250.0,250.0,False,332,55.3,-150.38,0.994,43.67,2846.82,-0.05,50.0,36,72
10,2.0,14,3.5,2.5,,300.0,300.0,False,383,63.8,2754.99,1.096,45.95,2037.39,1.35,54.17,39,72
10,2.0,14,4.0,1.5,1.35,0.0,0.0,True,381,63.5,1310.19,1.051,29.66,1575.68,0.83,48.61,35,72
10,2.0,14,4.0,1.5,1.35,200.0,250.0,True,243,40.5,3307.52,1.241,31.28,801.53,4.13,54.17,39,72
10,2.0,14,4.0,1.5,1.35,250.0,250.0,True,265,44.2,2453.32,1.159,30.19,1086.69,2.26,50.0,36,72
10,2.0,14,4.0,1.5,1.35,300.0,300.0,True,300,50.0,3319.16,1.192,30.67,1257.42,2.64,52.78,38,72
10,2.0,14,4.0,1.5,1.4,0.0,0.0,True,412,68.7,1006.76,1.036,29.37,1861.98,0.54,45.83,33,72
10,2.0,14,4.0,1.5,1.4,200.0,250.0,True,250,41.7,1544.84,1.104,29.2,1499.81,1.03,47.22,34,72
10,2.0,14,4.0,1.5,1.4,250.0,250.0,True,261,43.5,1658.94,1.107,29.5,1499.81,1.11,45.83,33,72
10,2.0,14,4.0,1.5,1.4,300.0,300.0,True,312,52.0,3606.91,1.2,30.77,1660.55,2.17,50.0,36,72
10,2.0,14,4.0,1.5,1.45,0.0,0.0,True,436,72.7,1331.17,1.046,29.59,2190.26,0.61,47.22,34,72
10,2.0,14,4.0,1.5,1.45,200.0,250.0,True,264,44.0,2474.11,1.16,30.3,1480.62,1.67,50.0,36,72
10,2.0,14,4.0,1.5,1.45,250.0,250.0,True,271,45.2,2888.83,1.183,31.0,1592.49,1.81,50.0,36,72
10,2.0,14,4.0,1.5,1.45,300.0,300.0,True,322,53.7,4302.42,1.233,31.68,1922.35,2.24,54.17,39,72
10,2.0,14,4.0,1.5,,0.0,0.0,False,1097,182.8,1601.01,1.021,28.99,4974.28,0.32,51.39,37,72
10,2.0,14,4.0,1.5,,200.0,250.0,False,343,57.2,1323.77,1.067,30.03,1649.87,0.8,51.39,37,72
10,2.0,14,4.0,1.5,,250.0,250.0,False,387,64.5,1180.65,1.053,30.49,1866.68,0.63,48.61,35,72
10,2.0,14,4.0,1.5,,300.0,300.0,False,477,79.5,2139.06,1.078,30.61,2276.57,0.94,50.0,36,72
10,2.0,14,4.0,2.0,1.35,0.0,0.0,True,341,56.8,4311.01,1.161,37.83,1569.35,2.75,54.17,39,72
10,2.0,14,4.0,2.0,1.35,200.0,250.0,True,207,34.5,956.18,1.066,35.75,1537.31,0.62,50.0,36,72
10,2.0,14,4.0,2.0,1.35,250.0,250.0,True,227,37.8,7.3,1.0,34.8,2184.37,0.0,45.83,33,72
10,2.0,14,4.0,2.0,1.35,300.0,300.0,True,244,40.7,2447.48,1.138,36.07,2108.02,1.16,50.0,36,72
10,2.0,14,4.0,2.0,1.4,0.0,0.0,True,367,61.2,3039.01,1.103,36.78,1658.38,1.83,50.0,36,72
10,2.0,14,4.0,2.0,1.4,200.0,250.0,True,207,34.5,-625.01,0.958,34.78,2642.93,-0.24,47.22,34,72
10,2.0,14,4.0,2.0,1.4,250.0,250.0,True,220,36.7,-609.28,0.962,35.0,2642.93,-0.23,45.83,33,72
10,2.0,14,4.0,2.0,1.4,300.0,300.0,True,253,42.2,2057.45,1.112,36.36,2406.89,0.85,48.61,35,72
10,2.0,14,4.0,2.0,1.45,0.0,0.0,True,389,64.8,3425.34,1.11,37.02,2273.55,1.51,52.78,38,72
10,2.0,14,4.0,2.0,1.45,200.0,250.0,True,217,36.2,563.1,1.037,36.41,2234.1,0.25,48.61,35,72
10,2.0,14,4.0,2.0,1.45,250.0,250.0,True,230,38.3,1079.83,1.067,37.39,2382.23,0.45,48.61,35,72
10,2.0,14,4.0,2.0,1.45,300.0,300.0,True,270,45.0,2593.37,1.133,37.04,2526.81,1.03,50.0,36,72
10,2.0,14,4.0,2.0,,0.0,0.0,False,921,153.5,1523.32,1.019,35.07,6017.76,0.25,51.39,37,72
10,2.0,14,4.0,2.0,,200.0,250.0,False,289,48.2,921.45,1.046,35.99,1486.37,0.62,54.17,39,72
10,2.0,14,4.0,2.0,,250.0,250.0,False,332,55.3,822.57,1.036,36.14,2083.48,0.39,51.39,37,72
10,2.0,14,4.0,2.0,,300.0,300.0,False,424,70.7,1026.68,1.034,35.14,2970.54,0.35,50.0,36,72
10,2.0,14,4.0,2.5,1.35,0.0,0.0,True,326,54.3,4947.95,1.169,41.72,1881.51,2.63,54.17,39,72
10,2.0,14,4.0,2.5,1.35,200.0,250.0,True,190,31.7,56.53,1.004,38.95,1388.09,0.04,45.83,33,72
10,2.0,14,4.0,2.5,1.35,250.0,250.0,True,209,34.8,76.45,1.004,39.23,1316.71,0.06,44.44,32,72
10,2.0,14,4.0,2.5,1.35,300.0,300.0,True,231,38.5,1067.49,1.057,40.26,1386.62,0.77,45.83,33,72
10,2.0,14,4.0,2.5,1.4,0.0,0.0,True,349,58.2,3755.95,1.117,40.97,2265.4,1.66,48.61,35,72
10,2.0,14,4.0,2.5,1.4,200.0,250.0,True,188,31.3,-1199.89,0.925,38.83,2342.8,-0.51,44.44,32,72
10,2.0,14,4.0,2.5,1.4,250.0,250.0,True,204,34.0,-1285.12,0.926,39.22,2342.8,-0.55,43.06,31,72
10,2.0,14,4.0,2.5,1.4,300.0,300.0,True,236,39.3,-578.03,0.97,39.41,2142.44,-0.27,41.67,30,72
10,2.0,14,4.0,2.5,1.45,0.0,0.0,True,370,61.7,3921.82,1.116,41.08,2979.25,1.32,52.78,38,72
10,2.0,14,4.0,2.5,1.45,200.0,250.0,True,197,32.8,-386.18,0.977,40.1,2405.81,-0.16,48.61,35,72
10,2.0,14,4.0,2.5,1.45,250.0,250.0,True,211,35.2,-165.04,0.991,40.76,2590.2,-0.06,48.61,35,72
10,2.0,14,4.0,2.5,1.45,300.0,300.0,True,249,41.5,-83.84,0.996,40.16,2590.2,-0.03,47.22,34,72
10,2.0,14,4.0,2.5,,0.0,0.0,False,788,131.3,6934.68,1.092,41.24,5648.56,1.23,51.39,37,72
10,2.0,14,4.0,2.5,,200.0,250.0,False,246,41.0,1248.9,1.062,41.87,1986.73,0.63,55.56,40,72
10,2.0,14,4.0,2.5,,250.0,250.0,False,282,47.0,1920.51,1.085,42.91,1925.4,1.0,54.17,39,72
10,2.0,14,4.0,2.5,,300.0,300.0,False,373,62.2,835.5,1.027,40.75,1957.56,0.43,50.0,36,72
10,2.0,14,4.5,1.5,1.35,0.0,0.0,True,377,62.8,1066.33,1.041,27.85,2794.54,0.38,50.0,36,72
10,2.0,14,4.5,1.5,1.35,200.0,250.0,True,234,39.0,1651.72,1.118,28.63,1013.27,1.63,54.17,39,72
10,2.0,14,4.5,1.5,1.35,250.0,250.0,True,248,41.3,1465.53,1.098,28.23,1013.27,1.45,52.78,38,72
10,2.0,14,4.5,1.5,1.35,300.0,300.0,True,290,48.3,2012.11,1.113,28.28,1090.95,1.84,51.39,37,72
10,2.0,14,4.5,1.5,1.4,0.0,0.0,True,408,68.0,1003.35,1.035,27.7,3106.77,0.32,47.22,34,72
10,2.0,14,4.5,1.5,1.4,200.0,250.0,True,237,39.5,521.01,1.036,27.43,1899.13,0.27,48.61,35,72
10,2.0,14,4.5,1.5,1.4,250.0,250.0,True,253,42.2,180.31,1.011,26.88,1703.86,0.11,47.22,34,72
10,2.0,14,4.5,1.5,1.4,300.0,300.0,True,297,49.5,1941.28,1.106,28.28,1419.05,1.37,48.61,35,72
10,2.0,14,4.5,1.5,1.45,0.0,0.0,True,432,72.0,766.67,1.026,27.55,2899.49,0.26,45.83,33,72
10,2.0,14,4.5,1.5,1.45,200.0,250.0,True,254,42.3,620.21,1.04,27.56,2080.66,0.3,48.61,35,72
10,2.0,14,4.5,1.5,1.45,250.0,250.0,True,270,45.0,712.7,1.042,27.41,1834.33,0.39,47.22,34,72
10,2.0,14,4.5,1.5,1.45,300.0,300.0,True,311,51.8,2654.13,1.139,28.94,1680.85,1.58,50.0,36,72
10,2.0,14,4.5,1.5,,0.0,0.0,False,1044,174.0,-817.85,0.989,26.82,5644.78,-0.14,51.39,37,72
10,2.0,14,4.5,1.5,,200.0,250.0,False,302,50.3,2720.81,1.154,29.14,1596.77,1.7,54.17,39,72
10,2.0,14,4.5,1.5,,250.0,250.0,False,332,55.3,3488.3,1.181,29.52,1539.08,2.27,52.78,38,72
10,2.0,14,4.5,1.5,,300.0,300.0,False,419,69.8,1802.58,1.071,28.64,2415.03,0.75,51.39,37,72
10,2.0,14,4.5,2.0,1.35,0.0,0.0,True,338,56.3,3208.95,1.114,35.21,2635.96,1.22,54.17,39,72
10,2.0,14,4.5,2.0,1.35,200.0,250.0,True,200,33.3,1220.85,1.085,34.5,1657.76,0.74,51.39,37,72
10,2.0,14,4.5,2.0,1.35,250.0,250.0,True,209,34.8,1135.93,1.076,33.97,1540.22,0.74,48.61,35,72
10,2.0,14,4.5,2.0,1.35,300.0,300.0,True,237,39.5,1990.57,1.112,33.76,2984.24,0.67,48.61,35,72
10,2.0,14,4.5,2.0,1.4,0.0,0.0,True,364,60.7,2112.27,1.068,34.34,3050.2,0.69,50.0,36,72
10,2.0,14,4.5,2.0,1.4,200.0,250.0,True,201,33.5,-658.52,0.956,32.84,2865.43,-0.23,45.83,33,72
10,2.0,14,4.5,2.0,1.4,250.0,250.0,True,209,34.8,-386.8,0.975,33.01,2554.69,-0.15,44.44,32,72
10,2.0,14,4.5,2.0,1.4,300.0,300.0,True,238,39.7,1814.23,1.102,34.45,2943.61,0.62,47.22,34,72
10,2.0,14,4.5,2.0,1.45,0.0,0.0,True,386,64.3,2213.37,1.068,34.46,2967.41,0.75,52.78,38,72
10,2.0,14,4.5,2.0,1.45,200.0,250.0,True,214,35.7,399.53,1.025,34.11,2796.91,0.14,47.22,34,72
10,2.0,14,4.5,2.0,1.45,250.0,250.0,True,220,36.7,773.21,1.048,34.55,2634.3,0.29,47.22,34,72
10,2.0,14,4.5,2.0,1.45,300.0,300.0,True,249,41.5,3366.41,1.185,36.14,3116.23,1.08,51.39,37,72
10,2.0,14,4.5,2.0,,0.0,0.0,False,873,145.5,93.68,1.001,32.99,6531.18,0.01,52.78,38,72
10,2.0,14,4.5,2.0,,200.0,250.0,False,259,43.2,1920.93,1.103,34.36,1739.64,1.1,52.78,38,72
10,2.0,14,4.5,2.0,,250.0,250.0,False,284,47.3,2927.81,1.146,35.92,2247.99,1.3,52.78,38,72
10,2.0,14,4.5,2.0,,300.0,300.0,False,387,64.5,3095.92,1.111,34.63,2396.05,1.29,54.17,39,72
10,2.0,14,4.5,2.5,1.35,0.0,0.0,True,323,53.8,3235.82,1.104,38.7,3215.77,1.01,52.78,38,72
10,2.0,14,4.5,2.5,1.35,200.0,250.0,True,179,29.8,792.61,1.052,37.43,1532.87,0.52,48.61,35,72
10,2.0,14,4.5,2.5,1.35,250.0,250.0,True,188,31.3,677.69,1.042,37.23,1532.87,0.44,45.83,33,72
10,2.0,14,4.5,2.5,1.35,300.0,300.0,True,220,36.7,2032.99,1.112,38.64,1307.41,1.55,45.83,33,72
10,2.0,14,4.5,2.5,1.4,0.0,0.0,True,346,57.7,2252.15,1.066,38.15,3297.24,0.68,51.39,37,72
10,2.0,14,4.5,2.5,1.4,200.0,250.0,True,180,30.0,-552.54,0.965,37.22,2588.45,-0.21,47.22,34,72
10,2.0,14,4.5,2.5,1.4,250.0,250.0,True,189,31.5,-207.52,0.987,37.57,2283.94,-0.09,45.83,33,72
10,2.0,14,4.5,2.5,1.4,300.0,300.0,True,222,37.0,992.2,1.054,38.74,2130.6,0.47,45.83,33,72
10,2.0,14,4.5,2.5,1.45,0.0,0.0,True,367,61.2,2096.93,1.058,38.15,3595.6,0.58,51.39,37,72
10,2.0,14,4.5,2.5,1.45,200.0,250.0,True,192,32.0,-280.16,0.983,37.5,2503.3,-0.11,45.83,33,72
10,2.0,14,4.5,2.5,1.45,250.0,250.0,True,199,33.2,190.76,1.011,38.19,2436.19,0.08,45.83,33,72
10,2.0,14,4.5,2.5,1.45,300.0,300.0,True,231,38.5,2073.66,1.109,39.83,2436.19,0.85,48.61,35,72
10,2.0,14,4.5,2.5,,0.0,0.0,False,739,123.2,6676.89,1.091,39.11,6252.44,1.07,51.39,37,72
10,2.0,14,4.5,2.5,,200.0,250.0,False,240,40.0,2190.53,1.111,40.83,1433.74,1.53,56.94,41,72
10,2.0,14,4.5,2.5,,250.0,250.0,False,269,44.8,2633.45,1.12,40.89,1773.44,1.48,54.17,39,72
10,2.0,14,4.5,2.5,,300.0,300.0,False,340,56.7,2962.18,1.106,40.29,2067.77,1.43,54.17,39,72
10,2.0,14,5.0,1.5,1.35,0.0,0.0,True,375,62.5,912.68,1.034,25.6,3094.93,0.29,52.78,38,72
10,2.0,14,5.0,1.5,1.35,200.0,250.0,True,223,37.2,2019.47,1.148,26.91,1035.15,1.95,54.17,39,72
10,2.0,14,5.0,1.5,1.35,250.0,250.0,True,241,40.2,2620.79,1.18,27.39,963.99,2.72,54.17,39,72
10,2.0,14,5.0,1.5,1.35,300.0,300.0,True,264,44.0,3605.72,1.223,27.65,963.99,3.74,54.17,39,72
10,2.0,14,5.0,1.5,1.4,0.0,0.0,True,404,67.3,228.81,1.008,25.25,3632.97,0.06,51.39,37,72
10,2.0,14,5.0,1.5,1.4,200.0,250.0,True,230,38.3,1770.15,1.125,26.96,1627.74,1.09,51.39,37,72
10,2.0,14,5.0,1.5,1.4,250.0,250.0,True,248,41.3,2017.77,1.133,27.02,1372.14,1.47,50.0,36,72
10,2.0,14,5.0,1.5,1.4,300.0,300.0,True,281,46.8,2796.06,1.158,27.05,1418.25,1.97,50.0,36,72
10,2.0,14,5.0,1.5,1.45,0.0,0.0,True,425,70.8,-37.22,0.999,25.18,3893.32,-0.01,51.39,37,72
10,2.0,14,5.0,1.5,1.45,200.0,250.0,True,244,40.7,1805.81,1.121,27.05,1746.38,1.03,51.39,37,72
10,2.0,14,5.0,1.5,1.45,250.0,250.0,True,262,43.7,2870.15,1.18,27.86,1390.74,2.06,50.0,36,72
10,2.0,14,5.0,1.5,1.45,300.0,300.0,True,293,48.8,3716.17,1.203,27.99,1680.05,2.21,51.39,37,72
10,2.0,14,5.0,1.5,,0.0,0.0,False,1017,169.5,-2254.45,0.97,24.48,7031.93,-0.32,43.06,31,72
10,2.0,14,5.0,1.5,,200.0,250.0,False,289,48.2,-108.11,0.994,24.57,2126.6,-0.05,50.0,36,72
10,2.0,14,5.0,1.5,,250.0,250.0,False,341,56.8,1086.75,1.052,24.93,2276.67,0.48,45.83,33,72
10,2.0,14,5.0,1.5,,300.0,300.0,False,398,66.3,342.74,1.014,24.62,2333.73,0.15,47.22,34,72
10,2.0,14,5.0,2.0,1.35,0.0,0.0,True,333,55.5,3002.26,1.104,32.43,2895.11,1.04,51.39,37,72
10,2.0,14,5.0,2.0,1.35,200.0,250.0,True,180,30.0,2512.85,1.194,33.89,1365.48,1.84,52.78,38,72
10,2.0,14,5.0,2.0,1.35,250.0,250.0,True,198,33.0,2686.34,1.188,33.84,1351.84,1.99,48.61,35,72
10,2.0,14,5.0,2.0,1.35,300.0,300.0,True,223,37.2,2543.03,1.15,32.29,2363.87,1.08,48.61,35,72
10,2.0,14,5.0,2.0,1.4,0.0,0.0,True,357,59.5,1587.44,1.05,31.37,3309.35,0.48,50.0,36,72
10,2.0,14,5.0,2.0,1.4,200.0,250.0,True,186,31.0,1050.66,1.076,32.8,2662.55,0.39,47.22,34,72
10,2.0,14,5.0,2.0,1.4,250.0,250.0,True,204,34.0,585.79,1.038,31.86,2774.93,0.21,43.06,31,72
10,2.0,14,5.0,2.0,1.4,300.0,300.0,True,227,37.8,739.46,1.042,31.28,3549.87,0.21,45.83,33,72
10,2.0,14,5.0,2.0,1.45,0.0,0.0,True,376,62.7,1431.48,1.043,31.38,3425.15,0.42,54.17,39,72
10,2.0,14,5.0,2.0,1.45,200.0,250.0,True,197,32.8,1836.98,1.127,34.01,2594.34,0.71,50.0,36,72
10,2.0,14,5.0,2.0,1.45,250.0,250.0,True,213,35.5,2022.92,1.128,33.8,2706.72,0.75,47.22,34,72
10,2.0,14,5.0,2.0,1.45,300.0,300.0,True,233,38.8,1992.84,1.112,33.05,3722.8,0.54,51.39,37,72
10,2.0,14,5.0,2.0,,0.0,0.0,False,838,139.7,-4115.28,0.948,29.71,7191.59,-0.57,50.0,36,72
10,2.0,14,5.0,2.0,,200.0,250.0,False,269,44.8,-640.43,0.969,29.74,2010.47,-0.32,47.22,34,72
10,2.0,14,5.0,2.0,,250.0,250.0,False,290,48.3,595.54,1.027,30.69,1595.53,0.37,45.83,33,72
10,2.0,14,5.0,2.0,,300.0,300.0,False,344,57.3,2544.55,1.098,31.98,2073.27,1.23,50.0,36,72
10,2.0,14,5.0,2.5,1.35,0.0,0.0,True,317,52.8,729.18,1.022,35.96,4557.21,0.16,51.39,37,72
10,2.0,14,5.0,2.5,1.35,200.0,250.0,True,160,26.7,625.44,1.044,36.25,2125.68,0.29,51.39,37,72
10,2.0,14,5.0,2.5,1.35,250.0,250.0,True,183,30.5,328.39,1.02,34.97,2054.06,0.16,45.83,33,72
10,2.0,14,5.0,2.5,1.35,300.0,300.0,True,209,34.8,1495.8,1.083,36.36,2211.41,0.68,44.44,32,72
10,2.0,14,5.0,2.5,1.4,0.0,0.0,True,338,56.3,-520.32,0.985,35.21,5073.71,-0.1,48.61,35,72
10,2.0,14,5.0,2.5,1.4,200.0,250.0,True,167,27.8,-1194.25,0.921,34.73,3538.46,-0.34,45.83,33,72
10,2.0,14,5.0,2.5,1.4,250.0,250.0,True,182,30.3,-1526.01,0.908,34.07,3753.69,-0.41,43.06,31,72
10,2.0,14,5.0,2.5,1.4,300.0,300.0,True,210,35.0,-626.68,0.966,35.24,3574.91,-0.18,43.06,31,72
10,2.0,14,5.0,2.5,1.45,0.0,0.0,True,356,59.3,-907.86,0.976,35.11,5719.63,-0.16,51.39,37,72
10,2.0,14,5.0,2.5,1.45,200.0,250.0,True,177,29.5,-999.63,0.938,35.03,3740.7,-0.27,47.22,34,72
10,2.0,14,5.0,2.5,1.45,250.0,250.0,True,190,31.7,-803.32,0.953,35.26,3966.59,-0.2,45.83,33,72
10,2.0,14,5.0,2.5,1.45,300.0,300.0,True,215,35.8,373.49,1.02,36.74,4150.98,0.09,48.61,35,72
10,2.0,14,5.0,2.5,,0.0,0.0,False,698,116.3,1513.38,1.021,35.82,6246.15,0.24,47.22,34,72
10,2.0,14,5.0,2.5,,200.0,250.0,False,225,37.5,377.68,1.019,35.56,1771.54,0.21,51.39,37,72
10,2.0,14,5.0,2.5,,250.0,250.0,False,253,42.2,1219.59,1.055,36.76,2133.31,0.57,50.0,36,72
10,2.0,14,5.0,2.5,,300.0,300.0,False,300,50.0,1806.38,1.07,37.0,2416.21,0.75,51.39,37,72
14,2.0,14,3.5,1.5,1.35,0.0,0.0,True,395,65.8,-808.16,0.969,32.66,3687.55,-0.22,45.83,33,72
14,2.0,14,3.5,1.5,1.35,200.0,250.0,True,262,43.7,2206.48,1.154,35.5,1464.81,1.51,54.17,39,72
14,2.0,14,3.5,1.5,1.35,250.0,250.0,True,289,48.2,1423.15,1.086,34.6,1643.32,0.87,50.0,36,72
14,2.0,14,3.5,1.5,1.35,300.0,300.0,True,307,51.2,706.6,1.038,33.88,1743.37,0.41,47.22,34,72
14,2.0,14,3.5,1.5,1.4,0.0,0.0,True,426,71.0,-1197.13,0.957,32.39,4116.4,-0.29,43.06,31,72
14,2.0,14,3.5,1.5,1.4,200.0,250.0,True,284,47.3,879.55,1.054,33.8,2179.11,0.4,48.61,35,72
14,2.0,14,3.5,1.5,1.4,250.0,250.0,True,302,50.3,1252.91,1.072,34.44,1991.16,0.63,47.22,34,72
14,2.0,14,3.5,1.5,1.4,300.0,300.0,True,316,52.7,1103.11,1.059,34.18,2140.62,0.52,47.22,34,72
14,2.0,14,3.5,1.5,1.45,0.0,0.0,True,456,76.0,-957.85,0.968,32.68,4665.46,-0.21,45.83,33,72
14,2.0,14,3.5,1.5,1.45,200.0,250.0,True,306,51.0,1918.18,1.111,34.97,2110.18,0.91,51.39,37,72
14,2.0,14,3.5,1.5,1.45,250.0,250.0,True,319,53.2,1753.15,1.096,35.11,2197.9,0.8,48.61,35,72
14,2.0,14,3.5,1.5,1.45,300.0,300.0,True,336,56.0,1597.24,1.081,34.82,2276.83,0.7,48.61,35,72
14,2.0,14,3.5,1.5,,0.0,0.0,False,1141,190.2,-607.66,0.992,32.34,4647.78,-0.13,50.0,36,72
14,2.0,14,3.5,1.5,,200.0,250.0,False,382,63.7,670.72,1.033,32.98,1780.84,0.38,52.78,38,72
14,2.0,14,3.5,1.5,,250.0,250.0,False,443,73.8,1526.54,1.065,33.86,1751.67,0.87,50.0,36,72
14,2.0,14,3.5,1.5,,300.0,300.0,False,530,88.3,2408.2,1.084,34.34,2441.79,0.99,52.78,38,72
14,2.0,14,3.5,2.0,1.35,0.0,0.0,True,360,60.0,2602.42,1.096,41.94,3218.57,0.81,54.17,39,72
14,2.0,14,3.5,2.0,1.35,200.0,250.0,True,225,37.5,2406.9,1.166,42.67,1142.06,2.11,55.56,40,72
14,2.0,14,3.5,2.0,1.35,250.0,250.0,True,250,41.7,2393.88,1.146,42.0,1038.68,2.3,51.39,37,72
14,2.0,14,3.5,2.0,1.35,300.0,300.0,True,263,43.8,1611.5,1.087,42.21,2706.56,0.6,52.78,38,72
14,2.0,14,3.5,2.0,1.4,0.0,0.0,True,387,64.5,1358.78,1.045,41.09,3632.81,0.37,47.22,34,72
14,2.0,14,3.5,2.0,1.4,200.0,250.0,True,241,40.2,678.26,1.042,40.66,1365.39,0.5,50.0,36,72
14,2.0,14,3.5,2.0,1.4,250.0,250.0,True,266,44.3,924.99,1.051,40.6,1719.15,0.54,47.22,34,72
14,2.0,14,3.5,2.0,1.4,300.0,300.0,True,281,46.8,565.87,1.028,41.64,3387.03,0.17,48.61,35,72
14,2.0,14,3.5,2.0,1.45,0.0,0.0,True,415,69.2,2010.03,1.063,41.69,4240.4,0.47,52.78,38,72
14,2.0,14,3.5,2.0,1.45,200.0,250.0,True,249,41.5,2326.26,1.143,42.97,1266.1,1.84,55.56,40,72
14,2.0,14,3.5,2.0,1.45,250.0,250.0,True,277,46.2,2111.46,1.115,42.24,2174.14,0.97,51.39,37,72
14,2.0,14,3.5,2.0,1.45,300.0,300.0,True,298,49.7,1689.84,1.081,42.95,3790.9,0.45,52.78,38,72
14,2.0,14,3.5,2.0,,0.0,0.0,False,948,158.0,1373.59,1.018,39.35,4214.3,0.33,54.17,39,72
14,2.0,14,3.5,2.0,,200.0,250.0,False,308,51.3,1206.28,1.062,39.94,1683.75,0.72,55.56,40,72
14,2.0,14,3.5,2.0,,250.0,250.0,False,363,60.5,1412.53,1.06,39.67,2275.95,0.62,51.39,37,72
14,2.0,14,3.5,2.0,,300.0,300.0,False,467,77.8,3777.32,1.124,40.9,2127.9,1.78,56.94,41,72
14,2.0,14,3.5,2.5,1.35,0.0,0.0,True,346,57.7,2400.24,1.08,45.66,2698.22,0.89,54.17,39,72
14,2.0,14,3.5,2.5,1.35,200.0,250.0,True,204,34.0,3161.82,1.215,49.02,1920.34,1.65,54.17,39,72
14,2.0,14,3.5,2.5,1.35,250.0,250.0,True,228,38.0,1885.95,1.109,46.49,2430.16,0.78,48.61,35,72
14,2.0,14,3.5,2.5,1.35,300.0,300.0,True,237,39.5,1977.1,1.111,46.41,2538.34,0.78,48.61,35,72
14,2.0,14,3.5,2.5,1.4,0.0,0.0,True,370,61.7,1026.64,1.031,44.86,3619.66,0.28,50.0,36,72
14,2.0,14,3.5,2.5,1.4,200.0,250.0,True,221,36.8,1458.38,1.087,46.61,1981.78,0.74,50.0,36,72
14,2.0,14,3.5,2.5,1.4,250.0,250.0,True,239,39.8,422.03,1.022,45.19,2491.6,0.17,45.83,33,72
14,2.0,14,3.5,2.5,1.4,300.0,300.0,True,256,42.7,361.83,1.018,45.31,2536.22,0.14,45.83,33,72
14,2.0,14,3.5,2.5,1.45,0.0,0.0,True,396,66.0,1203.77,1.034,45.2,4579.8,0.26,52.78,38,72
14,2.0,14,3.5,2.5,1.45,200.0,250.0,True,228,38.0,2340.28,1.137,47.81,1973.8,1.19,54.17,39,72
14,2.0,14,3.5,2.5,1.45,250.0,250.0,True,253,42.2,175.89,1.009,45.06,2885.25,0.06,47.22,34,72
14,2.0,14,3.5,2.5,1.45,300.0,300.0,True,272,45.3,804.87,1.038,45.96,2929.87,0.27,48.61,35,72
14,2.0,14,3.5,2.5,,0.0,0.0,False,818,136.3,4782.02,1.065,45.11,4596.21,1.04,51.39,37,72
14,2.0,14,3.5,2.5,,200.0,250.0,False,266,44.3,1153.02,1.058,45.49,1541.85,0.75,54.17,39,72
14,2.0,14,3.5,2.5,,250.0,250.0,False,315,52.5,932.37,1.04,44.76,2051.77,0.45,50.0,36,72
14,2.0,14,3.5,2.5,,300.0,300.0,False,390,65.0,3366.24,1.12,46.41,2186.86,1.54,51.39,37,72
14,2.0,14,4.0,1.5,1.35,0.0,0.0,True,385,64.2,467.23,1.018,30.65,3752.39,0.12,43.06,31,72
14,2.0,14,4.0,1.5,1.35,200.0,250.0,True,249,41.5,2721.62,1.191,32.93,1343.54,2.03,52.78,38,72
14,2.0,14,4.0,1.5,1.35,250.0,250.0,True,262,43.7,3207.96,1.216,33.59,1329.12,2.41,52.78,38,72
14,2.0,14,4.0,1.5,1.35,300.0,300.0,True,295,49.2,3602.36,1.21,33.22,1105.99,3.26,48.61,35,72
14,2.0,14,4.0,1.5,1.4,0.0,0.0,True,414,69.0,-73.12,0.997,30.19,4064.62,-0.02,45.83,33,72
14,2.0,14,4.0,1.5,1.4,200.0,250.0,True,257,42.8,3105.6,1.212,33.46,1971.35,1.58,52.78,38,72
14,2.0,14,4.0,1.5,1.4,250.0,250.0,True,285,47.5,1889.58,1.113,31.93,2328.78,0.81,48.61,35,72
14,2.0,14,4.0,1.5,1.4,300.0,300.0,True,311,51.8,3111.42,1.168,32.48,1369.22,2.27,48.61,35,72
14,2.0,14,4.0,1.5,1.45,0.0,0.0,True,442,73.7,303.81,1.01,30.54,4317.85,0.07,48.61,35,72
14,2.0,14,4.0,1.5,1.45,200.0,250.0,True,281,46.8,4062.92,1.256,34.16,1493.43,2.72,55.56,40,72
14,2.0,14,4.0,1.5,1.45,250.0,250.0,True,304,50.7,2903.16,1.164,32.89,2091.99,1.39,52.78,38,72
14,2.0,14,4.0,1.5,1.45,300.0,300.0,True,328,54.7,3505.88,1.18,32.93,1504.37,2.33,52.78,38,72
14,2.0,14,4.0,1.5,,0.0,0.0,False,1081,180.2,-561.59,0.993,29.32,4952.37,-0.11,47.22,34,72
14,2.0,14,4.0,1.5,,200.0,250.0,False,325,54.2,1419.74,1.078,30.77,2077.24,0.68,52.78,38,72
14,2.0,14,4.0,1.5,,250.0,250.0,False,384,64.0,567.91,1.027,29.69,2821.51,0.2,48.61,35,72
14,2.0,14,4.0,1.5,,300.0,300.0,False,475,79.2,1408.51,1.052,30.53,1839.91,0.77,51.39,37,72
14,2.0,14,4.0,2.0,1.35,0.0,0.0,True,347,57.8,2375.86,1.085,38.33,3179.91,0.75,56.94,41,72
14,2.0,14,4.0,2.0,1.35,200.0,250.0,True,213,35.5,3309.63,1.237,40.38,1047.82,3.16,58.33,42,72
14,2.0,14,4.0,2.0,1.35,250.0,250.0,True,234,39.0,2173.55,1.135,39.32,1275.21,1.7,54.17,39,72
14,2.0,14,4.0,2.0,1.35,300.0,300.0,True,261,43.5,1760.72,1.091,39.08,2428.86,0.72,54.17,39,72
14,2.0,14,4.0,2.0,1.4,0.0,0.0,True,371,61.8,853.3,1.028,37.2,3594.15,0.24,50.0,36,72
14,2.0,14,4.0,2.0,1.4,200.0,250.0,True,223,37.2,2359.81,1.155,39.46,1607.73,1.47,51.39,37,72
14,2.0,14,4.0,2.0,1.4,250.0,250.0,True,244,40.7,1120.56,1.065,38.11,1863.07,0.6,48.61,35,72
14,2.0,14,4.0,2.0,1.4,300.0,300.0,True,270,45.0,772.59,1.038,38.15,3448.31,0.22,50.0,36,72
14,2.0,14,4.0,2.0,1.45,0.0,0.0,True,396,66.0,1294.11,1.04,37.63,4130.78,0.31,50.0,36,72
14,2.0,14,4.0,2.0,1.45,200.0,250.0,True,233,38.8,3192.06,1.203,40.34,1550.2,2.06,55.56,40,72
14,2.0,14,4.0,2.0,1.45,250.0,250.0,True,253,42.2,2209.81,1.126,39.53,1812.01,1.22,52.78,38,72
14,2.0,14,4.0,2.0,1.45,300.0,300.0,True,282,47.0,2006.56,1.096,39.72,3533.75,0.57,54.17,39,72
14,2.0,14,4.0,2.0,,0.0,0.0,False,891,148.5,-159.19,0.998,35.8,5316.68,-0.03,50.0,36,72
14,2.0,14,4.0,2.0,,200.0,250.0,False,260,43.3,1509.91,1.087,37.31,1684.9,0.9,55.56,40,72
14,2.0,14,4.0,2.0,,250.0,250.0,False,312,52.0,198.71,1.009,36.22,2171.59,0.09,48.61,35,72
14,2.0,14,4.0,2.0,,300.0,300.0,False,410,68.3,3186.01,1.112,38.05,2278.36,1.4,52.78,38,72
14,2.0,14,4.0,2.5,1.35,0.0,0.0,True,329,54.8,1917.99,1.062,41.64,2828.22,0.68,52.78,38,72
14,2.0,14,4.0,2.5,1.35,200.0,250.0,True,192,32.0,866.42,1.055,42.19,2575.41,0.34,51.39,37,72
14,2.0,14,4.0,2.5,1.35,250.0,250.0,True,208,34.7,1783.95,1.107,43.75,2462.08,0.72,51.39,37,72
14,2.0,14,4.0,2.5,1.35,300.0,300.0,True,233,38.8,1197.61,1.063,42.06,2053.31,0.58,48.61,35,72
14,2.0,14,4.0,2.5,1.4,0.0,0.0,True,350,58.3,298.66,1.009,40.57,3926.17,0.08,48.61,35,72
14,2.0,14,4.0,2.5,1.4,200.0,250.0,True,195,32.5,522.66,1.032,42.05,3151.6,0.17,50.0,36,72
14,2.0,14,4.0,2.5,1.4,250.0,250.0,True,214,35.7,321.98,1.018,42.06,3320.9,0.1,48.61,35,72
14,2.0,14,4.0,2.5,1.4,300.0,300.0,True,243,40.5,-695.8,0.966,40.33,2912.13,-0.24,45.83,33,72
14,2.0,14,4.0,2.5,1.45,0.0,0.0,True,373,62.2,223.93,1.006,40.75,4852.34,0.05,51.39,37,72
14,2.0,14,4.0,2.5,1.45,200.0,250.0,True,205,34.2,1092.56,1.065,42.93,2994.75,0.36,52.78,38,72
14,2.0,14,4.0,2.5,1.45,250.0,250.0,True,219,36.5,1272.97,1.071,43.38,3348.44,0.38,51.39,37,72
14,2.0,14,4.0,2.5,1.45,300.0,300.0,True,257,42.8,-25.72,0.999,41.25,3219.93,-0.01,48.61,35,72
14,2.0,14,4.0,2.5,,0.0,0.0,False,756,126.0,3498.84,1.048,41.14,5205.63,0.67,54.17,39,72
14,2.0,14,4.0,2.5,,200.0,250.0,False,222,37.0,1144.77,1.065,42.79,1900.67,0.6,56.94,41,72
14,2.0,14,4.0,2.5,,250.0,250.0,False,263,43.8,271.16,1.013,41.83,2068.55,0.13,51.39,37,72
14,2.0,14,4.0,2.5,,300.0,300.0,False,339,56.5,1064.87,1.039,41.3,1928.09,0.55,51.39,37,72
14,2.0,14,4.5,1.5,1.35,0.0,0.0,True,380,63.3,1620.72,1.061,28.68,3470.0,0.47,54.17,39,72
14,2.0,14,4.5,1.5,1.35,200.0,250.0,True,218,36.3,3302.02,1.258,31.19,1323.06,2.5,56.94,41,72
14,2.0,14,4.5,1.5,1.35,250.0,250.0,True,248,41.3,2626.24,1.178,29.84,1401.08,1.87,55.56,40,72
14,2.0,14,4.5,1.5,1.35,300.0,300.0,True,272,45.3,4492.83,1.282,31.25,1317.24,3.41,55.56,40,72
14,2.0,14,4.5,1.5,1.4,0.0,0.0,True,409,68.2,1281.74,1.045,28.36,3782.23,0.34,48.61,35,72
14,2.0,14,4.5,1.5,1.4,200.0,250.0,True,228,38.0,3118.45,1.233,31.14,1994.38,1.56,56.94,41,72
14,2.0,14,4.5,1.5,1.4,250.0,250.0,True,258,43.0,2305.26,1.148,29.46,2128.22,1.08,51.39,37,72
14,2.0,14,4.5,1.5,1.4,300.0,300.0,True,293,48.8,3357.96,1.192,29.69,1683.52,1.99,51.39,37,72
14,2.0,14,4.5,1.5,1.45,0.0,0.0,True,436,72.7,1188.83,1.039,28.44,3704.32,0.32,47.22,34,72
14,2.0,14,4.5,1.5,1.45,200.0,250.0,True,250,41.7,3229.53,1.219,30.8,2142.82,1.51,54.17,39,72
14,2.0,14,4.5,1.5,1.45,250.0,250.0,True,275,45.8,3114.49,1.188,30.18,2162.62,1.44,51.39,37,72
14,2.0,14,4.5,1.5,1.45,300.0,300.0,True,306,51.0,4629.91,1.255,31.05,1669.1,2.77,52.78,38,72
14,2.0,14,4.5,1.5,,0.0,0.0,False,1021,170.2,1418.27,1.019,27.82,4917.11,0.29,45.83,33,72
14,2.0,14,4.5,1.5,,200.0,250.0,False,285,47.5,2149.26,1.128,29.47,1785.11,1.2,52.78,38,72
14,2.0,14,4.5,1.5,,250.0,250.0,False,318,53.0,2776.02,1.15,29.87,1744.1,1.59,51.39,37,72
14,2.0,14,4.5,1.5,,300.0,300.0,False,407,67.8,417.47,1.017,28.5,2855.53,0.15,50.0,36,72
14,2.0,14,4.5,2.0,1.35,0.0,0.0,True,342,57.0,4022.34,1.141,36.55,2759.3,1.46,54.17,39,72
14,2.0,14,4.5,2.0,1.35,200.0,250.0,True,198,33.0,3984.35,1.299,38.89,937.03,4.25,55.56,40,72
14,2.0,14,4.5,2.0,1.35,250.0,250.0,True,213,35.5,3838.36,1.266,38.03,998.8,3.84,52.78,38,72
14,2.0,14,4.5,2.0,1.35,300.0,300.0,True,240,40.0,3217.91,1.183,37.5,1775.5,1.81,52.78,38,72
14,2.0,14,4.5,2.0,1.4,0.0,0.0,True,366,61.0,2636.02,1.085,35.52,3173.54,0.83,50.0,36,72
14,2.0,14,4.5,2.0,1.4,200.0,250.0,True,203,33.8,2652.64,1.187,37.44,1257.55,2.11,52.78,38,72
14,2.0,14,4.5,2.0,1.4,250.0,250.0,True,226,37.7,2206.85,1.137,36.28,1276.23,1.73,50.0,36,72
14,2.0,14,4.5,2.0,1.4,300.0,300.0,True,258,43.0,1384.18,1.071,35.66,2444.65,0.57,50.0,36,72
14,2.0,14,4.5,2.0,1.45,0.0,0.0,True,390,65.0,2900.33,1.088,35.9,3168.46,0.92,51.39,37,72
14,2.0,14,4.5,2.0,1.45,200.0,250.0,True,218,36.3,3748.51,1.248,38.07,1108.49,3.38,54.17,39,72
14,2.0,14,4.5,2.0,1.45,250.0,250.0,True,232,38.7,3712.66,1.227,37.93,1338.55,2.77,51.39,37,72
14,2.0,14,4.5,2.0,1.45,300.0,300.0,True,263,43.8,3614.79,1.185,38.02,2197.69,1.64,52.78,38,72
14,2.0,14,4.5,2.0,,0.0,0.0,False,842,140.3,1935.69,1.026,34.32,5446.48,0.36,52.78,38,72
14,2.0,14,4.5,2.0,,200.0,250.0,False,244,40.7,2686.58,1.157,36.48,1652.43,1.63,56.94,41,72
14,2.0,14,4.5,2.0,,250.0,250.0,False,275,45.8,3781.58,1.203,37.45,1652.43,2.29,56.94,41,72
14,2.0,14,4.5,2.0,,300.0,300.0,False,362,60.3,4840.24,1.192,37.29,2188.67,2.21,56.94,41,72
14,2.0,14,4.5,2.5,1.35,0.0,0.0,True,324,54.0,3619.93,1.116,39.81,3349.03,1.08,54.17,39,72
14,2.0,14,4.5,2.5,1.35,200.0,250.0,True,174,29.0,2161.11,1.152,41.38,1661.02,1.3,54.17,39,72
14,2.0,14,4.5,2.5,1.35,250.0,250.0,True,187,31.2,1539.91,1.097,40.11,2286.73,0.67,50.0,36,72
14,2.0,14,4.5,2.5,1.35,300.0,300.0,True,212,35.3,2339.01,1.134,40.57,1809.91,1.29,50.0,36,72
14,2.0,14,4.5,2.5,1.4,0.0,0.0,True,345,57.5,2154.96,1.063,38.84,3430.5,0.63,51.39,37,72
14,2.0,14,4.5,2.5,1.4,200.0,250.0,True,179,29.8,402.72,1.026,39.66,2807.52,0.14,51.39,37,72
14,2.0,14,4.5,2.5,1.4,250.0,250.0,True,198,33.0,419.41,1.024,38.89,2873.65,0.15,48.61,35,72
14,2.0,14,4.5,2.5,1.4,300.0,300.0,True,227,37.8,106.92,1.005,38.33,2715.17,0.04,47.22,34,72
14,2.0,14,4.5,2.5,1.45,0.0,0.0,True,367,61.2,1840.79,1.051,38.96,3972.42,0.46,55.56,40,72
14,2.0,14,4.5,2.5,1.45,200.0,250.0,True,193,32.2,915.93,1.055,39.9,2498.98,0.37,52.78,38,72
14,2.0,14,4.5,2.5,1.45,250.0,250.0,True,205,34.2,1558.06,1.088,40.49,2749.5,0.57,51.39,37,72
14,2.0,14,4.5,2.5,1.45,300.0,300.0,True,232,38.7,2258.05,1.117,40.95,2591.02,0.87,54.17,39,72
14,2.0,14,4.5,2.5,,0.0,0.0,False,715,119.2,6003.65,1.084,39.58,5106.05,1.18,52.78,38,72
14,2.0,14,4.5,2.5,,200.0,250.0,False,216,36.0,2518.7,1.143,42.59,1224.13,2.06,58.33,42,72
14,2.0,14,4.5,2.5,,250.0,250.0,False,250,41.7,2738.33,1.137,42.4,1686.74,1.62,55.56,40,72
14,2.0,14,4.5,2.5,,300.0,300.0,False,320,53.3,3247.79,1.124,41.56,2025.83,1.6,55.56,40,72
14,2.0,14,5.0,1.5,1.35,0.0,0.0,True,377,62.8,897.19,1.033,25.99,3820.03,0.23,51.39,37,72
14,2.0,14,5.0,1.5,1.35,200.0,250.0,True,219,36.5,3160.33,1.24,28.77,1487.33,2.12,52.78,38,72
14,2.0,14,5.0,1.5,1.35,250.0,250.0,True,243,40.5,3533.4,1.243,28.4,1315.57,2.69,51.39,37,72
14,2.0,14,5.0,1.5,1.35,300.0,300.0,True,271,45.2,4994.31,1.31,29.15,1486.91,3.36,52.78,38,72
14,2.0,14,5.0,1.5,1.4,0.0,0.0,True,405,67.5,-185.5,0.994,25.43,4132.26,-0.04,47.22,34,72
14,2.0,14,5.0,1.5,1.4,200.0,250.0,True,228,38.0,3609.25,1.266,29.39,1630.44,2.21,55.56,40,72
14,2.0,14,5.0,1.5,1.4,250.0,250.0,True,248,41.3,3944.86,1.267,29.03,1704.16,2.31,54.17,39,72
14,2.0,14,5.0,1.5,1.4,300.0,300.0,True,290,48.3,3860.83,1.22,27.93,1979.44,1.95,52.78,38,72
14,2.0,14,5.0,1.5,1.45,0.0,0.0,True,429,71.5,-262.74,0.992,25.64,4303.56,-0.06,50.0,36,72
14,2.0,14,5.0,1.5,1.45,200.0,250.0,True,247,41.2,3704.63,1.251,29.15,1708.5,2.17,56.94,41,72
14,2.0,14,5.0,1.5,1.45,250.0,250.0,True,265,44.2,4918.01,1.312,29.81,1375.09,3.58,55.56,40,72
14,2.0,14,5.0,1.5,1.45,300.0,300.0,True,300,50.0,5113.87,1.283,29.33,1913.06,2.67,55.56,40,72
14,2.0,14,5.0,1.5,,0.0,0.0,False,996,166.0,-961.37,0.987,25.2,6862.97,-0.14,41.67,30,72
14,2.0,14,5.0,1.5,,200.0,250.0,False,296,49.3,-2052.48,0.891,23.31,2608.04,-0.79,44.44,32,72
14,2.0,14,5.0,1.5,,250.0,250.0,False,328,54.7,-754.02,0.963,24.39,2611.54,-0.29,43.06,31,72
14,2.0,14,5.0,1.5,,300.0,300.0,False,425,70.8,1567.76,1.06,26.59,2705.32,0.58,51.39,37,72
14,2.0,14,5.0,2.0,1.35,0.0,0.0,True,337,56.2,2578.01,1.087,32.64,3019.74,0.85,54.17,39,72
14,2.0,14,5.0,2.0,1.35,200.0,250.0,True,187,31.2,4304.63,1.332,36.36,866.12,4.97,56.94,41,72
14,2.0,14,5.0,2.0,1.35,250.0,250.0,True,212,35.3,3771.33,1.251,34.91,1025.14,3.68,52.78,38,72
14,2.0,14,5.0,2.0,1.35,300.0,300.0,True,235,39.2,4355.02,1.252,35.32,1564.42,2.78,55.56,40,72
14,2.0,14,5.0,2.0,1.4,0.0,0.0,True,359,59.8,834.48,1.026,31.48,3433.98,0.24,51.39,37,72
14,2.0,14,5.0,2.0,1.4,200.0,250.0,True,192,32.0,3674.13,1.271,35.94,971.08,3.78,56.94,41,72
14,2.0,14,5.0,2.0,1.4,250.0,250.0,True,218,36.3,2325.7,1.145,33.49,1074.63,2.16,51.39,37,72
14,2.0,14,5.0,2.0,1.4,300.0,300.0,True,252,42.0,1841.08,1.095,32.94,2505.15,0.73,52.78,38,72
14,2.0,14,5.0,2.0,1.45,0.0,0.0,True,379,63.2,986.57,1.029,31.93,3455.75,0.29,52.78,38,72
14,2.0,14,5.0,2.0,1.45,200.0,250.0,True,203,33.8,4553.02,1.322,36.95,997.69,4.56,58.33,42,72
14,2.0,14,5.0,2.0,1.45,250.0,250.0,True,227,37.8,3218.69,1.193,34.8,1435.18,2.24,52.78,38,72
14,2.0,14,5.0,2.0,1.45,300.0,300.0,True,253,42.2,3940.95,1.206,35.57,2259.62,1.74,54.17,39,72
14,2.0,14,5.0,2.0,,0.0,0.0,False,811,135.2,-2058.97,0.973,30.83,7128.17,-0.29,50.0,36,72
14,2.0,14,5.0,2.0,,200.0,250.0,False,271,45.2,122.12,1.006,31.37,1959.73,0.06,50.0,36,72
14,2.0,14,5.0,2.0,,250.0,250.0,False,291,48.5,255.08,1.012,31.27,1995.39,0.13,47.22,34,72
14,2.0,14,5.0,2.0,,300.0,300.0,False,342,57.0,1788.1,1.07,32.46,2213.38,0.81,51.39,37,72
14,2.0,14,5.0,2.5,1.35,0.0,0.0,True,317,52.8,-653.62,0.98,35.65,4690.9,-0.14,47.22,34,72
14,2.0,14,5.0,2.5,1.35,200.0,250.0,True,165,27.5,2452.61,1.176,39.39,1226.27,2.0,54.17,39,72
14,2.0,14,5.0,2.5,1.35,250.0,250.0,True,189,31.5,1141.98,1.07,36.51,1278.04,0.89,47.22,34,72
14,2.0,14,5.0,2.5,1.35,300.0,300.0,True,210,35.0,1900.89,1.104,37.14,1718.3,1.11,45.83,33,72
14,2.0,14,5.0,2.5,1.4,0.0,0.0,True,336,56.0,-2438.38,0.932,34.52,5689.1,-0.43,43.06,31,72
14,2.0,14,5.0,2.5,1.4,200.0,250.0,True,174,29.0,430.02,1.028,36.78,2285.81,0.19,50.0,36,72
14,2.0,14,5.0,2.5,1.4,250.0,250.0,True,195,32.5,-757.95,0.957,34.87,2511.7,-0.3,44.44,32,72
14,2.0,14,5.0,2.5,1.4,300.0,300.0,True,223,37.2,-45.27,0.998,35.43,2789.18,-0.02,43.06,31,72
14,2.0,14,5.0,2.5,1.45,0.0,0.0,True,354,59.0,-2858.09,0.924,34.75,6547.34,-0.44,47.22,34,72
14,2.0,14,5.0,2.5,1.45,200.0,250.0,True,189,31.5,131.27,1.008,36.51,2023.36,0.06,50.0,36,72
14,2.0,14,5.0,2.5,1.45,250.0,250.0,True,201,33.5,-394.78,0.979,35.82,2249.25,-0.18,47.22,34,72
14,2.0,14,5.0,2.5,1.45,300.0,300.0,True,225,37.5,1730.63,1.087,37.78,2602.94,0.66,50.0,36,72
14,2.0,14,5.0,2.5,,0.0,0.0,False,679,113.2,1156.64,1.016,35.94,6583.38,0.18,52.78,38,72
14,2.0,14,5.0,2.5,,200.0,250.0,False,216,36.0,339.05,1.018,37.04,2019.65,0.17,52.78,38,72
14,2.0,14,5.0,2.5,,250.0,250.0,False,248,41.3,-204.49,0.991,36.29,2519.13,-0.08,50.0,36,72
14,2.0,14,5.0,2.5,,300.0,300.0,False,301,50.2,427.82,1.016,36.54,2802.03,0.15,51.39,37,72
14,2.5,20,3.5,1.5,1.35,0.0,0.0,True,372,62.0,-348.66,0.986,31.72,3622.87,-0.1,40.28,29,72
14,2.5,20,3.5,1.5,1.35,200.0,250.0,True,247,41.2,2472.09,1.191,34.01,2389.15,1.03,50.0,36,72
14,2.5,20,3.5,1.5,1.35,250.0,250.0,True,279,46.5,1196.97,1.077,32.26,3193.9,0.37,43.06,31,72
14,2.5,20,3.5,1.5,1.35,300.0,300.0,True,295,49.2,1554.77,1.094,32.2,3347.62,0.46,45.83,33,72
14,2.5,20,3.5,1.5,1.4,0.0,0.0,True,390,65.0,-253.68,0.99,31.79,3622.44,-0.07,47.22,34,72
14,2.5,20,3.5,1.5,1.4,200.0,250.0,True,256,42.7,1820.71,1.132,33.2,2746.94,0.66,51.39,37,72
14,2.5,20,3.5,1.5,1.4,250.0,250.0,True,284,47.3,1837.83,1.117,33.1,2931.32,0.63,48.61,35,72
14,2.5,20,3.5,1.5,1.4,300.0,300.0,True,305,50.8,2263.23,1.132,33.11,3032.54,0.75,51.39,37,72
14,2.5,20,3.5,1.5,1.45,0.0,0.0,True,408,68.0,359.68,1.014,32.35,3335.29,0.11,50.0,36,72
14,2.5,20,3.5,1.5,1.45,200.0,250.0,True,265,44.2,1621.95,1.113,33.21,3073.18,0.53,52.78,38,72
14,2.5,20,3.5,1.5,1.45,250.0,250.0,True,288,48.0,1781.21,1.112,33.33,3257.56,0.55,50.0,36,72
14,2.5,20,3.5,1.5,1.45,300.0,300.0,True,310,51.7,2183.13,1.125,33.23,3447.47,0.63,52.78,38,72
14,2.5,20,3.5,1.5,,0.0,0.0,False,1071,178.5,-7525.95,0.899,30.16,9055.56,-0.83,41.67,30,72
14,2.5,20,3.5,1.5,,200.0,250.0,False,379,63.2,-1061.01,0.949,31.13,3256.75,-0.33,47.22,34,72
14,2.5,20,3.5,1.5,,250.0,250.0,False,455,75.8,725.92,1.03,32.31,2500.16,0.29,44.44,32,72
14,2.5,20,3.5,1.5,,300.0,300.0,False,566,94.3,1171.84,1.038,32.16,2998.68,0.39,48.61,35,72
14,2.5,20,3.5,2.0,1.35,0.0,0.0,True,348,58.0,802.31,1.029,40.23,2974.56,0.27,56.94,41,72
14,2.5,20,3.5,2.0,1.35,200.0,250.0,True,210,35.0,2113.84,1.156,41.9,2375.14,0.89,55.56,40,72
14,2.5,20,3.5,2.0,1.35,250.0,250.0,True,225,37.5,1813.13,1.122,41.33,2352.2,0.77,52.78,38,72
14,2.5,20,3.5,2.0,1.35,300.0,300.0,True,247,41.2,1455.0,1.089,40.49,2580.81,0.56,52.78,38,72
14,2.5,20,3.5,2.0,1.4,0.0,0.0,True,365,60.8,1000.06,1.035,40.27,3115.51,0.32,59.72,43,72
14,2.5,20,3.5,2.0,1.4,200.0,250.0,True,207,34.5,2232.83,1.169,42.03,2396.8,0.93,58.33,42,72
14,2.5,20,3.5,2.0,1.4,250.0,250.0,True,227,37.8,2209.0,1.149,41.85,2280.35,0.97,55.56,40,72
14,2.5,20,3.5,2.0,1.4,300.0,300.0,True,247,41.2,2256.19,1.139,41.7,2508.96,0.9,55.56,40,72
14,2.5,20,3.5,2.0,1.45,0.0,0.0,True,382,63.7,1275.25,1.043,40.31,3024.26,0.42,59.72,43,72
14,2.5,20,3.5,2.0,1.45,200.0,250.0,True,209,34.8,1262.88,1.093,40.67,3150.61,0.4,55.56,40,72
14,2.5,20,3.5,2.0,1.45,250.0,250.0,True,228,38.0,1329.2,1.088,40.79,3034.16,0.44,52.78,38,72
14,2.5,20,3.5,2.0,1.45,300.0,300.0,True,258,43.0,2189.57,1.129,41.47,2461.35,0.89,55.56,40,72
14,2.5,20,3.5,2.0,,0.0,0.0,False,885,147.5,-3825.59,0.948,37.51,5898.76,-0.65,48.61,35,72
14,2.5,20,3.5,2.0,,200.0,250.0,False,321,53.5,1873.77,1.092,40.19,2276.69,0.82,55.56,40,72
14,2.5,20,3.5,2.0,,250.0,250.0,False,378,63.0,1902.59,1.079,39.68,2119.51,0.9,52.78,38,72
14,2.5,20,3.5,2.0,,300.0,300.0,False,474,79.0,2395.98,1.079,39.03,3882.74,0.62,54.17,39,72
14,2.5,20,3.5,2.5,1.35,0.0,0.0,True,327,54.5,2652.01,1.094,45.26,3157.02,0.84,51.39,37,72
14,2.5,20,3.5,2.5,1.35,200.0,250.0,True,194,32.3,1729.99,1.12,46.39,1935.96,0.89,54.17,39,72
14,2.5,20,3.5,2.5,1.35,250.0,250.0,True,208,34.7,1383.72,1.088,46.15,2271.54,0.61,51.39,37,72
14,2.5,20,3.5,2.5,1.35,300.0,300.0,True,225,37.5,488.72,1.028,44.89,2714.11,0.18,51.39,37,72
14,2.5,20,3.5,2.5,1.4,0.0,0.0,True,340,56.7,2614.04,1.089,45.0,3192.75,0.82,51.39,37,72
14,2.5,20,3.5,2.5,1.4,200.0,250.0,True,192,32.0,1728.35,1.122,45.83,2121.96,0.81,56.94,41,72
14,2.5,20,3.5,2.5,1.4,250.0,250.0,True,211,35.2,911.67,1.056,45.02,2396.38,0.38,51.39,37,72
14,2.5,20,3.5,2.5,1.4,300.0,300.0,True,230,38.3,-295.89,0.984,43.91,3215.59,-0.09,48.61,35,72
14,2.5,20,3.5,2.5,1.45,0.0,0.0,True,355,59.2,2845.29,1.093,45.07,3312.25,0.86,51.39,37,72
14,2.5,20,3.5,2.5,1.45,200.0,250.0,True,194,32.3,1165.77,1.081,45.36,2912.09,0.4,56.94,41,72
14,2.5,20,3.5,2.5,1.45,250.0,250.0,True,220,36.7,343.92,1.02,44.55,3186.51,0.11,51.39,37,72
14,2.5,20,3.5,2.5,1.45,300.0,300.0,True,239,39.8,-891.69,0.954,43.51,4005.72,-0.22,48.61,35,72
14,2.5,20,3.5,2.5,,0.0,0.0,False,767,127.8,-3714.99,0.949,42.37,7317.03,-0.51,48.61,35,72
14,2.5,20,3.5,2.5,,200.0,250.0,False,255,42.5,-1496.43,0.925,41.96,4482.38,-0.33,50.0,36,72
14,2.5,20,3.5,2.5,,250.0,250.0,False,283,47.2,536.02,1.025,44.17,3784.6,0.14,50.0,36,72
14,2.5,20,3.5,2.5,,300.0,300.0,False,372,62.0,213.91,1.008,43.01,4364.68,0.05,48.61,35,72
14,2.5,20,4.0,1.5,1.35,0.0,0.0,True,360,60.0,-2381.65,0.907,28.33,4516.75,-0.53,38.89,28,72
14,2.5,20,4.0,1.5,1.35,200.0,250.0,True,215,35.8,1843.56,1.15,31.63,2447.82,0.75,47.22,34,72
14,2.5,20,4.0,1.5,1.35,250.0,250.0,True,249,41.5,731.03,1.051,29.32,2586.9,0.28,43.06,31,72
14,2.5,20,4.0,1.5,1.35,300.0,300.0,True,287,47.8,230.78,1.013,28.57,3529.8,0.07,43.06,31,72
14,2.5,20,4.0,1.5,1.4,0.0,0.0,True,378,63.0,-2108.66,0.921,28.57,4464.36,-0.47,41.67,30,72
14,2.5,20,4.0,1.5,1.4,200.0,250.0,True,222,37.0,2049.69,1.162,31.53,2251.2,0.91,51.39,37,72
14,2.5,20,4.0,1.5,1.4,250.0,250.0,True,258,43.0,1191.92,1.079,29.84,2571.84,0.46,44.44,32,72
14,2.5,20,4.0,1.5,1.4,300.0,300.0,True,303,50.5,489.77,1.027,29.04,3261.22,0.15,44.44,32,72
14,2.5,20,4.0,1.5,1.45,0.0,0.0,True,396,66.0,-1286.42,0.953,29.29,4082.11,-0.32,45.83,33,72
14,2.5,20,4.0,1.5,1.45,200.0,250.0,True,239,39.8,2879.27,1.217,33.05,2268.79,1.27,54.17,39,72
14,2.5,20,4.0,1.5,1.45,250.0,250.0,True,276,46.0,1780.4,1.113,31.16,2510.37,0.71,48.61,35,72
14,2.5,20,4.0,1.5,1.45,300.0,300.0,True,311,51.8,645.99,1.034,29.58,3704.91,0.17,47.22,34,72
14,2.5,20,4.0,1.5,,0.0,0.0,False,1019,169.8,-7194.98,0.903,27.87,9027.08,-0.8,43.06,31,72
14,2.5,20,4.0,1.5,,200.0,250.0,False,295,49.2,-308.21,0.982,29.83,2146.01,-0.14,48.61,35,72
14,2.5,20,4.0,1.5,,250.0,250.0,False,356,59.3,-387.1,0.981,29.21,3087.38,-0.13,44.44,32,72
14,2.5,20,4.0,1.5,,300.0,300.0,False,477,79.5,-406.77,0.986,29.14,4381.04,-0.09,44.44,32,72
14,2.5,20,4.0,2.0,1.35,0.0,0.0,True,336,56.0,-2265.29,0.922,35.42,4437.71,-0.51,51.39,37,72
14,2.5,20,4.0,2.0,1.35,200.0,250.0,True,189,31.5,1891.64,1.145,38.1,2720.21,0.7,54.17,39,72
14,2.5,20,4.0,2.0,1.35,250.0,250.0,True,216,36.0,940.51,1.062,36.57,2616.81,0.36,48.61,35,72
14,2.5,20,4.0,2.0,1.35,300.0,300.0,True,243,40.5,176.57,1.01,35.39,3086.63,0.06,48.61,35,72
14,2.5,20,4.0,2.0,1.4,0.0,0.0,True,353,58.8,-1862.18,0.939,35.69,4668.16,-0.4,51.39,37,72
14,2.5,20,4.0,2.0,1.4,200.0,250.0,True,191,31.8,1937.3,1.147,37.7,2809.87,0.69,56.94,41,72
14,2.5,20,4.0,2.0,1.4,250.0,250.0,True,220,36.7,722.35,1.046,35.91,2936.97,0.25,50.0,36,72
14,2.5,20,4.0,2.0,1.4,300.0,300.0,True,252,42.0,357.73,1.019,35.32,3213.32,0.11,48.61,35,72
14,2.5,20,4.0,2.0,1.45,0.0,0.0,True,369,61.5,-1384.77,0.956,36.04,4542.94,-0.3,51.39,37,72
14,2.5,20,4.0,2.0,1.45,200.0,250.0,True,203,33.8,1210.25,1.086,36.95,3309.95,0.37,54.17,39,72
14,2.5,20,4.0,2.0,1.45,250.0,250.0,True,226,37.7,329.0,1.02,35.84,3246.15,0.1,48.61,35,72
14,2.5,20,4.0,2.0,1.45,300.0,300.0,True,263,43.8,757.12,1.04,36.12,2723.02,0.28,50.0,36,72
14,2.5,20,4.0,2.0,,0.0,0.0,False,833,138.8,-2349.79,0.968,35.29,5757.28,-0.41,48.61,35,72
14,2.5,20,4.0,2.0,,200.0,250.0,False,254,42.3,3489.6,1.207,40.94,1864.27,1.87,59.72,43,72
14,2.5,20,4.0,2.0,,250.0,250.0,False,312,52.0,2662.61,1.128,38.78,2177.26,1.22,54.17,39,72
14,2.5,20,4.0,2.0,,300.0,300.0,False,360,60.0,2970.13,1.122,38.33,2802.66,1.06,54.17,39,72
14,2.5,20,4.0,2.5,1.35,0.0,0.0,True,311,51.8,177.72,1.006,40.51,3666.84,0.05,45.83,33,72
14,2.5,20,4.0,2.5,1.35,200.0,250.0,True,177,29.5,1633.12,1.116,42.94,2884.52,0.57,52.78,38,72
14,2.5,20,4.0,2.5,1.35,250.0,250.0,True,196,32.7,207.28,1.013,40.82,3018.18,0.07,45.83,33,72
14,2.5,20,4.0,2.5,1.35,300.0,300.0,True,215,35.8,-1434.03,0.923,39.07,3747.24,-0.38,43.06,31,72
14,2.5,20,4.0,2.5,1.4,0.0,0.0,True,325,54.2,239.23,1.008,40.31,3799.67,0.06,45.83,33,72
14,2.5,20,4.0,2.5,1.4,200.0,250.0,True,178,29.7,1610.09,1.114,42.13,2760.36,0.58,55.56,40,72
14,2.5,20,4.0,2.5,1.4,250.0,250.0,True,199,33.2,240.93,1.015,40.2,3051.86,0.08,48.61,35,72
14,2.5,20,4.0,2.5,1.4,300.0,300.0,True,224,37.3,-1957.46,0.901,37.95,3687.03,-0.53,44.44,32,72
14,2.5,20,4.0,2.5,1.45,0.0,0.0,True,340,56.7,587.76,1.018,40.59,3736.14,0.16,45.83,33,72
14,2.5,20,4.0,2.5,1.45,200.0,250.0,True,185,30.8,537.92,1.036,41.08,3637.87,0.15,52.78,38,72
14,2.5,20,4.0,2.5,1.45,250.0,250.0,True,203,33.8,-474.29,0.972,39.9,3929.37,-0.12,47.22,34,72
14,2.5,20,4.0,2.5,1.45,300.0,300.0,True,228,38.0,-2718.29,0.866,37.72,4564.54,-0.6,43.06,31,72
14,2.5,20,4.0,2.5,,0.0,0.0,False,717,119.5,-2408.81,0.967,39.89,6338.24,-0.38,56.94,41,72
14,2.5,20,4.0,2.5,,200.0,250.0,False,212,35.3,-1588.29,0.911,39.62,3038.98,-0.52,50.0,36,72
14,2.5,20,4.0,2.5,,250.0,250.0,False,258,43.0,-1723.67,0.92,39.15,3803.42,-0.45,44.44,32,72
14,2.5,20,4.0,2.5,,300.0,300.0,False,317,52.8,-512.1,0.98,40.69,4822.52,-0.11,47.22,34,72
14,2.5,20,4.5,1.5,1.35,0.0,0.0,True,356,59.3,-2731.16,0.894,26.12,4868.86,-0.56,45.83,33,72
14,2.5,20,4.5,1.5,1.35,200.0,250.0,True,199,33.2,1407.92,1.118,29.65,3232.6,0.44,50.0,36,72
14,2.5,20,4.5,1.5,1.35,250.0,250.0,True,231,38.5,262.17,1.019,27.71,2984.96,0.09,47.22,34,72
14,2.5,20,4.5,1.5,1.35,300.0,300.0,True,279,46.5,136.65,1.008,26.52,2900.63,0.05,48.61,35,72
14,2.5,20,4.5,1.5,1.4,0.0,0.0,True,374,62.3,-2520.57,0.907,26.2,4775.92,-0.53,48.61,35,72
14,2.5,20,4.5,1.5,1.4,200.0,250.0,True,199,33.2,2122.73,1.181,30.15,2912.22,0.73,54.17,39,72
14,2.5,20,4.5,1.5,1.4,250.0,250.0,True,233,38.8,822.11,1.058,27.9,2760.52,0.3,51.39,37,72
14,2.5,20,4.5,1.5,1.4,300.0,300.0,True,284,47.3,1147.93,1.065,27.46,2736.25,0.42,52.78,38,72
14,2.5,20,4.5,1.5,1.45,0.0,0.0,True,391,65.2,-1870.2,0.933,26.85,4385.62,-0.43,52.78,38,72
14,2.5,20,4.5,1.5,1.45,200.0,250.0,True,207,34.5,2420.04,1.199,31.4,3093.24,0.78,56.94,41,72
14,2.5,20,4.5,1.5,1.45,250.0,250.0,True,246,41.0,1246.58,1.085,29.27,2871.55,0.43,54.17,39,72
14,2.5,20,4.5,1.5,1.45,300.0,300.0,True,297,49.5,1201.33,1.065,28.28,3056.42,0.39,55.56,40,72
14,2.5,20,4.5,1.5,,0.0,0.0,False,993,165.5,-6635.21,0.911,25.78,8409.36,-0.79,45.83,33,72
14,2.5,20,4.5,1.5,,200.0,250.0,False,267,44.5,-932.76,0.943,26.59,2193.44,-0.43,47.22,34,72
14,2.5,20,4.5,1.5,,250.0,250.0,False,318,53.0,-2095.82,0.893,25.16,3194.75,-0.66,41.67,30,72
14,2.5,20,4.5,1.5,,300.0,300.0,False,456,76.0,-1204.88,0.957,26.75,3523.77,-0.34,44.44,32,72
14,2.5,20,4.5,2.0,1.35,0.0,0.0,True,333,55.5,-3342.88,0.889,32.73,5261.14,-0.64,45.83,33,72
14,2.5,20,4.5,2.0,1.35,200.0,250.0,True,172,28.7,2026.5,1.162,37.21,3455.73,0.59,55.56,40,72
14,2.5,20,4.5,2.0,1.35,250.0,250.0,True,198,33.0,1760.08,1.123,36.36,2932.79,0.6,51.39,37,72
14,2.5,20,4.5,2.0,1.35,300.0,300.0,True,244,40.7,-543.8,0.971,33.2,3075.26,-0.18,45.83,33,72
14,2.5,20,4.5,2.0,1.4,0.0,0.0,True,350,58.3,-2994.85,0.905,32.86,5436.93,-0.55,48.61,35,72
14,2.5,20,4.5,2.0,1.4,200.0,250.0,True,171,28.5,2571.17,1.208,37.43,3337.7,0.77,58.33,42,72
14,2.5,20,4.5,2.0,1.4,250.0,250.0,True,199,33.2,2107.4,1.147,36.18,2923.88,0.72,54.17,39,72
14,2.5,20,4.5,2.0,1.4,300.0,300.0,True,249,41.5,-400.82,0.979,32.93,3470.55,-0.12,48.61,35,72
14,2.5,20,4.5,2.0,1.45,0.0,0.0,True,364,60.7,-2630.86,0.919,33.24,5254.15,-0.5,48.61,35,72
14,2.5,20,4.5,2.0,1.45,200.0,250.0,True,171,28.5,1854.9,1.148,36.84,3945.91,0.47,55.56,40,72
14,2.5,20,4.5,2.0,1.45,250.0,250.0,True,202,33.7,1134.44,1.077,35.15,3549.86,0.32,51.39,37,72
14,2.5,20,4.5,2.0,1.45,300.0,300.0,True,253,42.2,94.29,1.005,33.6,3017.86,0.03,48.61,35,72
14,2.5,20,4.5,2.0,,0.0,0.0,False,807,134.5,-4528.58,0.939,32.22,6585.93,-0.69,48.61,35,72
14,2.5,20,4.5,2.0,,200.0,250.0,False,231,38.5,2034.73,1.124,35.93,1756.21,1.16,54.17,39,72
14,2.5,20,4.5,2.0,,250.0,250.0,False,264,44.0,1484.66,1.078,35.23,1756.21,0.85,51.39,37,72
14,2.5,20,4.5,2.0,,300.0,300.0,False,332,55.3,104.22,1.004,33.73,3438.87,0.03,47.22,34,72
14,2.5,20,4.5,2.5,1.35,0.0,0.0,True,306,51.0,-647.33,0.979,37.58,3795.22,-0.17,48.61,35,72
14,2.5,20,4.5,2.5,1.35,200.0,250.0,True,152,25.3,2005.85,1.159,42.11,3499.76,0.57,56.94,41,72
14,2.5,20,4.5,2.5,1.35,250.0,250.0,True,183,30.5,1637.98,1.108,40.98,3082.75,0.53,51.39,37,72
14,2.5,20,4.5,2.5,1.35,300.0,300.0,True,209,34.8,-1383.55,0.927,37.32,3861.72,-0.36,45.83,33,72
14,2.5,20,4.5,2.5,1.4,0.0,0.0,True,322,53.7,-598.21,0.981,37.27,4023.64,-0.15,48.61,35,72
14,2.5,20,4.5,2.5,1.4,200.0,250.0,True,154,25.7,2817.89,1.227,42.21,3361.57,0.84,59.72,43,72
14,2.5,20,4.5,2.5,1.4,250.0,250.0,True,188,31.3,1980.16,1.128,40.43,3102.4,0.64,52.78,38,72
14,2.5,20,4.5,2.5,1.4,300.0,300.0,True,217,36.2,-1688.56,0.915,36.41,3881.37,-0.44,45.83,33,72
14,2.5,20,4.5,2.5,1.45,0.0,0.0,True,335,55.8,-348.01,0.99,37.61,3721.05,-0.09,50.0,36,72
14,2.5,20,4.5,2.5,1.45,200.0,250.0,True,154,25.7,1550.22,1.121,40.91,4326.46,0.36,56.94,41,72
14,2.5,20,4.5,2.5,1.45,250.0,250.0,True,186,31.0,803.28,1.051,39.25,4067.29,0.2,51.39,37,72
14,2.5,20,4.5,2.5,1.45,300.0,300.0,True,217,36.2,-2793.24,0.861,35.48,4846.26,-0.58,44.44,32,72
14,2.5,20,4.5,2.5,,0.0,0.0,False,693,115.5,-4706.37,0.936,36.22,7996.24,-0.59,54.17,39,72
14,2.5,20,4.5,2.5,,200.0,250.0,False,197,32.8,-1016.88,0.941,37.56,2652.28,-0.38,51.39,37,72
14,2.5,20,4.5,2.5,,250.0,250.0,False,222,37.0,-1867.32,0.905,36.49,3449.22,-0.54,47.22,34,72
14,2.5,20,4.5,2.5,,300.0,300.0,False,300,50.0,-1027.99,0.96,37.67,4513.63,-0.23,48.61,35,72
14,2.5,20,5.0,1.5,1.35,0.0,0.0,True,354,59.0,-1998.06,0.924,24.29,4680.51,-0.43,47.22,34,72
14,2.5,20,5.0,1.5,1.35,200.0,250.0,True,195,32.5,1324.19,1.111,26.67,3105.62,0.43,47.22,34,72
14,2.5,20,5.0,1.5,1.35,250.0,250.0,True,215,35.8,1262.33,1.096,26.51,2848.04,0.44,45.83,33,72
14,2.5,20,5.0,1.5,1.35,300.0,300.0,True,267,44.5,1169.92,1.07,25.09,2827.46,0.41,47.22,34,72
14,2.5,20,5.0,1.5,1.4,0.0,0.0,True,372,62.0,-1629.51,0.94,24.46,4632.55,-0.35,52.78,38,72
14,2.5,20,5.0,1.5,1.4,200.0,250.0,True,193,32.2,2439.17,1.21,27.98,2781.12,0.88,51.39,37,72
14,2.5,20,5.0,1.5,1.4,250.0,250.0,True,211,35.2,2593.56,1.206,27.96,2523.54,1.03,51.39,37,72
14,2.5,20,5.0,1.5,1.4,300.0,300.0,True,266,44.3,2259.09,1.137,25.94,2590.23,0.87,52.78,38,72
14,2.5,20,5.0,1.5,1.45,0.0,0.0,True,386,64.3,-928.68,0.967,25.13,4094.34,-0.23,55.56,40,72
14,2.5,20,5.0,1.5,1.45,200.0,250.0,True,200,33.3,2287.18,1.189,28.5,2805.99,0.82,52.78,38,72
14,2.5,20,5.0,1.5,1.45,250.0,250.0,True,219,36.5,2615.24,1.201,28.77,2548.41,1.03,52.78,38,72
14,2.5,20,5.0,1.5,1.45,300.0,300.0,True,269,44.8,2407.79,1.145,26.77,2749.47,0.88,54.17,39,72
14,2.5,20,5.0,1.5,,0.0,0.0,False,965,160.8,-7051.18,0.905,23.83,8640.51,-0.82,40.28,29,72
14,2.5,20,5.0,1.5,,200.0,250.0,False,278,46.3,-636.87,0.964,25.18,2405.86,-0.26,44.44,32,72
14,2.5,20,5.0,1.5,,250.0,250.0,False,299,49.8,-1209.95,0.937,24.75,2831.67,-0.43,41.67,30,72
14,2.5,20,5.0,1.5,,300.0,300.0,False,428,71.3,-1013.75,0.962,25.0,2647.78,-0.38,44.44,32,72
14,2.5,20,5.0,2.0,1.35,0.0,0.0,True,331,55.2,-3577.32,0.884,29.91,5787.69,-0.62,41.67,30,72
14,2.5,20,5.0,2.0,1.35,200.0,250.0,True,164,27.3,2475.62,1.207,34.76,3433.58,0.72,54.17,39,72
14,2.5,20,5.0,2.0,1.35,250.0,250.0,True,184,30.7,2236.35,1.164,34.24,2751.5,0.81,50.0,36,72
14,2.5,20,5.0,2.0,1.35,300.0,300.0,True,217,36.2,1681.25,1.104,32.72,2680.9,0.63,47.22,34,72
14,2.5,20,5.0,2.0,1.4,0.0,0.0,True,348,58.0,-3043.97,0.906,30.17,5789.38,-0.53,47.22,34,72
14,2.5,20,5.0,2.0,1.4,200.0,250.0,True,164,27.3,3627.63,1.309,36.59,3424.04,1.06,58.33,42,72
14,2.5,20,5.0,2.0,1.4,250.0,250.0,True,183,30.5,3751.53,1.284,36.07,2601.67,1.44,55.56,40,72
14,2.5,20,5.0,2.0,1.4,300.0,300.0,True,218,36.3,2944.54,1.184,33.94,2939.66,1.0,52.78,38,72
14,2.5,20,5.0,2.0,1.45,0.0,0.0,True,358,59.7,-2577.13,0.922,30.73,5301.15,-0.49,45.83,33,72
14,2.5,20,5.0,2.0,1.45,200.0,250.0,True,165,27.5,2527.13,1.208,35.15,3923.5,0.64,54.17,39,72
14,2.5,20,5.0,2.0,1.45,250.0,250.0,True,183,30.5,2116.73,1.156,34.43,3617.62,0.59,51.39,37,72
14,2.5,20,5.0,2.0,1.45,300.0,300.0,True,222,37.0,2853.93,1.174,34.23,2821.1,1.01,51.39,37,72
14,2.5,20,5.0,2.0,,0.0,0.0,False,774,129.0,-6550.45,0.911,29.33,8105.71,-0.81,45.83,33,72
14,2.5,20,5.0,2.0,,200.0,250.0,False,218,36.3,1862.55,1.114,33.49,1836.33,1.01,52.78,38,72
14,2.5,20,5.0,2.0,,250.0,250.0,False,249,41.5,1914.72,1.103,33.33,1648.14,1.16,50.0,36,72
14,2.5,20,5.0,2.0,,300.0,300.0,False,308,51.3,897.74,1.038,31.82,2758.79,0.33,48.61,35,72
14,2.5,20,5.0,2.5,1.35,0.0,0.0,True,301,50.2,-2781.82,0.911,34.55,5871.82,-0.47,44.44,32,72
14,2.5,20,5.0,2.5,1.35,200.0,250.0,True,145,24.2,3434.73,1.287,41.38,2869.66,1.2,58.33,42,72
14,2.5,20,5.0,2.5,1.35,250.0,250.0,True,168,28.0,2549.63,1.18,39.29,2644.77,0.96,54.17,39,72
14,2.5,20,5.0,2.5,1.35,300.0,300.0,True,199,33.2,66.76,1.004,35.68,3325.14,0.02,44.44,32,72
14,2.5,20,5.0,2.5,1.4,0.0,0.0,True,317,52.8,-2555.56,0.922,34.38,6100.24,-0.42,45.83,33,72
14,2.5,20,5.0,2.5,1.4,200.0,250.0,True,148,24.7,4063.06,1.337,41.22,2717.44,1.5,59.72,43,72
14,2.5,20,5.0,2.5,1.4,250.0,250.0,True,165,27.5,3914.88,1.29,40.61,2492.55,1.57,58.33,42,72
14,2.5,20,5.0,2.5,1.4,300.0,300.0,True,202,33.7,1113.04,1.063,36.14,3518.91,0.32,50.0,36,72
14,2.5,20,5.0,2.5,1.45,0.0,0.0,True,323,53.8,-1801.61,0.946,35.29,5763.68,-0.31,50.0,36,72
14,2.5,20,5.0,2.5,1.45,200.0,250.0,True,145,24.2,2635.81,1.214,40.0,3769.71,0.7,58.33,42,72
14,2.5,20,5.0,2.5,1.45,250.0,250.0,True,166,27.7,2647.31,1.19,39.76,3544.82,0.75,56.94,41,72
14,2.5,20,5.0,2.5,1.45,300.0,300.0,True,196,32.7,382.9,1.022,36.22,4257.83,0.09,51.39,37,72
14,2.5,20,5.0,2.5,,0.0,0.0,False,658,109.7,-6966.33,0.904,33.28,9534.55,-0.73,47.22,34,72
14,2.5,20,5.0,2.5,,200.0,250.0,False,190,31.7,-1673.58,0.907,33.68,2991.14,-0.56,48.61,35,72
14,2.5,20,5.0,2.5,,250.0,250.0,False,219,36.5,-1916.07,0.906,34.25,3691.85,-0.52,45.83,33,72
14,2.5,20,5.0,2.5,,300.0,300.0,False,279,46.5,-1380.24,0.945,34.77,4935.6,-0.28,47.22,34,72
20,2.0,14,3.5,1.5,1.35,0.0,0.0,True,375,62.5,-1048.83,0.957,32.0,2897.69,-0.36,44.44,32,72
20,2.0,14,3.5,1.5,1.35,200.0,250.0,True,269,44.8,1199.72,1.08,33.83,1993.69,0.6,48.61,35,72
20,2.0,14,3.5,1.5,1.35,250.0,250.0,True,285,47.5,2022.23,1.129,34.39,1578.06,1.28,48.61,35,72
20,2.0,14,3.5,1.5,1.35,300.0,300.0,True,307,51.2,2072.31,1.119,34.53,1470.17,1.41,47.22,34,72
20,2.0,14,3.5,1.5,1.4,0.0,0.0,True,412,68.7,-1665.4,0.938,31.55,3209.92,-0.52,45.83,33,72
20,2.0,14,3.5,1.5,1.4,200.0,250.0,True,283,47.2,612.37,1.039,33.57,2365.7,0.26,48.61,35,72
20,2.0,14,3.5,1.5,1.4,250.0,250.0,True,306,51.0,2021.86,1.12,34.31,1718.94,1.18,48.61,35,72
20,2.0,14,3.5,1.5,1.4,300.0,300.0,True,325,54.2,1702.53,1.092,33.85,1470.17,1.16,48.61,35,72
20,2.0,14,3.5,1.5,1.45,0.0,0.0,True,438,73.0,-1070.38,0.962,32.19,3199.94,-0.33,47.22,34,72
20,2.0,14,3.5,1.5,1.45,200.0,250.0,True,289,48.2,1595.82,1.1,34.95,2258.89,0.71,51.39,37,72
20,2.0,14,3.5,1.5,1.45,250.0,250.0,True,312,52.0,2600.19,1.152,35.26,1958.69,1.33,51.39,37,72
20,2.0,14,3.5,1.5,1.45,300.0,300.0,True,339,56.5,2360.36,1.123,34.81,1470.17,1.61,50.0,36,72
20,2.0,14,3.5,1.5,,0.0,0.0,False,1137,189.5,-2990.44,0.961,31.49,4489.62,-0.67,43.06,31,72
20,2.0,14,3.5,1.5,,200.0,250.0,False,357,59.5,1945.59,1.104,35.29,1794.48,1.08,55.56,40,72
20,2.0,14,3.5,1.5,,250.0,250.0,False,424,70.7,2057.28,1.091,34.67,2409.64,0.85,48.61,35,72
20,2.0,14,3.5,1.5,,300.0,300.0,False,494,82.3,3410.43,1.131,35.63,2434.43,1.4,52.78,38,72
20,2.0,14,3.5,2.0,1.35,0.0,0.0,True,351,58.5,1013.97,1.038,40.17,2891.81,0.35,55.56,40,72
20,2.0,14,3.5,2.0,1.35,200.0,250.0,True,216,36.0,304.32,1.022,38.89,1773.95,0.17,55.56,40,72
20,2.0,14,3.5,2.0,1.35,250.0,250.0,True,238,39.7,719.68,1.046,39.08,1555.32,0.46,54.17,39,72
20,2.0,14,3.5,2.0,1.35,300.0,300.0,True,268,44.7,223.88,1.012,39.93,2668.07,0.08,56.94,41,72
20,2.0,14,3.5,2.0,1.4,0.0,0.0,True,385,64.2,-384.16,0.987,39.22,3306.05,-0.12,48.61,35,72
20,2.0,14,3.5,2.0,1.4,200.0,250.0,True,214,35.7,-549.51,0.962,38.79,1919.58,-0.29,50.0,36,72
20,2.0,14,3.5,2.0,1.4,250.0,250.0,True,239,39.8,-348.1,0.978,38.49,1403.4,-0.25,47.22,34,72
20,2.0,14,3.5,2.0,1.4,300.0,300.0,True,290,48.3,-539.45,0.974,38.97,2817.98,-0.19,50.0,36,72
20,2.0,14,3.5,2.0,1.45,0.0,0.0,True,408,68.0,138.95,1.004,39.71,3390.3,0.04,50.0,36,72
20,2.0,14,3.5,2.0,1.45,200.0,250.0,True,222,37.0,1128.98,1.079,41.44,1771.8,0.64,54.17,39,72
20,2.0,14,3.5,2.0,1.45,250.0,250.0,True,253,42.2,563.52,1.034,39.92,1626.51,0.35,48.61,35,72
20,2.0,14,3.5,2.0,1.45,300.0,300.0,True,298,49.7,227.05,1.011,40.27,2957.42,0.08,51.39,37,72
20,2.0,14,3.5,2.0,,0.0,0.0,False,942,157.0,798.32,1.011,39.07,3960.58,0.2,51.39,37,72
20,2.0,14,3.5,2.0,,200.0,250.0,False,316,52.7,1806.65,1.092,41.77,3358.05,0.54,58.33,42,72
20,2.0,14,3.5,2.0,,250.0,250.0,False,349,58.2,1953.53,1.089,41.55,2759.49,0.71,55.56,40,72
20,2.0,14,3.5,2.0,,300.0,300.0,False,433,72.2,3340.75,1.122,41.34,1986.83,1.68,55.56,40,72
20,2.0,14,3.5,2.5,1.35,0.0,0.0,True,338,56.3,2937.71,1.103,45.56,1921.47,1.53,54.17,39,72
20,2.0,14,3.5,2.5,1.35,200.0,250.0,True,206,34.3,1038.42,1.069,46.12,1470.08,0.71,51.39,37,72
20,2.0,14,3.5,2.5,1.35,250.0,250.0,True,229,38.2,588.3,1.034,44.98,1304.2,0.45,47.22,34,72
20,2.0,14,3.5,2.5,1.35,300.0,300.0,True,249,41.5,812.16,1.044,45.38,1494.34,0.54,48.61,35,72
20,2.0,14,3.5,2.5,1.4,0.0,0.0,True,371,61.8,1107.58,1.035,44.2,2265.39,0.49,47.22,34,72
20,2.0,14,3.5,2.5,1.4,200.0,250.0,True,213,35.5,-1338.19,0.92,43.66,2496.77,-0.54,47.22,34,72
20,2.0,14,3.5,2.5,1.4,250.0,250.0,True,240,40.0,-1979.94,0.897,42.5,2576.2,-0.77,41.67,30,72
20,2.0,14,3.5,2.5,1.4,300.0,300.0,True,264,44.0,-2137.96,0.899,42.42,2564.64,-0.83,40.28,29,72
20,2.0,14,3.5,2.5,1.45,0.0,0.0,True,394,65.7,1270.73,1.037,44.42,2515.34,0.51,48.61,35,72
20,2.0,14,3.5,2.5,1.45,200.0,250.0,True,219,36.5,-139.31,0.992,45.21,2438.56,-0.06,51.39,37,72
20,2.0,14,3.5,2.5,1.45,250.0,250.0,True,254,42.3,-1700.99,0.915,42.91,2643.45,-0.64,43.06,31,72
20,2.0,14,3.5,2.5,1.45,300.0,300.0,True,279,46.5,-1147.11,0.947,43.73,2548.96,-0.45,41.67,30,72
20,2.0,14,3.5,2.5,,0.0,0.0,False,814,135.7,7066.85,1.099,45.82,3393.86,2.08,51.39,37,72
20,2.0,14,3.5,2.5,,200.0,250.0,False,262,43.7,2165.23,1.115,47.33,2108.76,1.03,58.33,42,72
20,2.0,14,3.5,2.5,,250.0,250.0,False,325,54.2,4049.49,1.174,48.0,2108.76,1.92,56.94,41,72
20,2.0,14,3.5,2.5,,300.0,300.0,False,397,66.2,5913.7,1.215,49.12,2108.76,2.8,59.72,43,72
20,2.0,14,4.0,1.5,1.35,0.0,0.0,True,367,61.2,-90.43,0.996,29.7,2957.58,-0.03,45.83,33,72
20,2.0,14,4.0,1.5,1.35,200.0,250.0,True,240,40.0,2277.82,1.167,32.5,1553.58,1.47,52.78,38,72
20,2.0,14,4.0,1.5,1.35,250.0,250.0,True,265,44.2,1351.74,1.088,30.94,1914.55,0.71,48.61,35,72
20,2.0,14,4.0,1.5,1.35,300.0,300.0,True,288,48.0,3245.66,1.2,31.94,1169.42,2.78,50.0,36,72
20,2.0,14,4.0,1.5,1.4,0.0,0.0,True,403,67.2,-527.41,0.981,29.28,3269.81,-0.16,44.44,32,72
20,2.0,14,4.0,1.5,1.4,200.0,250.0,True,250,41.7,1982.43,1.138,32.4,1863.99,1.06,55.56,40,72
20,2.0,14,4.0,1.5,1.4,250.0,250.0,True,282,47.0,1018.49,1.062,30.85,2357.64,0.43,50.0,36,72
20,2.0,14,4.0,1.5,1.4,300.0,300.0,True,313,52.2,3635.08,1.204,31.95,1089.33,3.34,50.0,36,72
20,2.0,14,4.0,1.5,1.45,0.0,0.0,True,427,71.2,199.27,1.007,29.98,3225.86,0.06,45.83,33,72
20,2.0,14,4.0,1.5,1.45,200.0,250.0,True,261,43.5,2468.66,1.165,32.95,1719.96,1.44,55.56,40,72
20,2.0,14,4.0,1.5,1.45,250.0,250.0,True,289,48.2,1778.19,1.106,31.83,2353.07,0.76,51.39,37,72
20,2.0,14,4.0,1.5,1.45,300.0,300.0,True,322,53.7,4067.97,1.223,32.61,1170.25,3.48,51.39,37,72
20,2.0,14,4.0,1.5,,0.0,0.0,False,1088,181.3,-972.68,0.987,29.23,4620.72,-0.21,48.61,35,72
20,2.0,14,4.0,1.5,,200.0,250.0,False,352,58.7,2202.64,1.113,31.25,1683.68,1.31,55.56,40,72
20,2.0,14,4.0,1.5,,250.0,250.0,False,391,65.2,3015.66,1.142,31.97,1683.68,1.79,54.17,39,72
20,2.0,14,4.0,1.5,,300.0,300.0,False,462,77.0,3113.74,1.122,31.82,2323.63,1.34,54.17,39,72
20,2.0,14,4.0,2.0,1.35,0.0,0.0,True,342,57.0,636.98,1.023,36.55,2896.55,0.22,50.0,36,72
20,2.0,14,4.0,2.0,1.35,200.0,250.0,True,208,34.7,195.32,1.013,35.58,2463.28,0.08,48.61,35,72
20,2.0,14,4.0,2.0,1.35,250.0,250.0,True,221,36.8,-303.27,0.98,34.84,2418.51,-0.13,47.22,34,72
20,2.0,14,4.0,2.0,1.35,300.0,300.0,True,255,42.5,-216.0,0.989,35.69,2930.62,-0.07,48.61,35,72
20,2.0,14,4.0,2.0,1.4,0.0,0.0,True,374,62.3,-687.26,0.978,35.56,3375.12,-0.2,47.22,34,72
20,2.0,14,4.0,2.0,1.4,200.0,250.0,True,204,34.0,-1057.49,0.928,34.8,2740.69,-0.39,47.22,34,72
20,2.0,14,4.0,2.0,1.4,250.0,250.0,True,222,37.0,-1415.89,0.912,34.23,2905.24,-0.49,45.83,33,72
20,2.0,14,4.0,2.0,1.4,300.0,300.0,True,275,45.8,-644.31,0.969,35.64,3403.13,-0.19,45.83,33,72
20,2.0,14,4.0,2.0,1.45,0.0,0.0,True,396,66.0,-394.8,0.988,35.86,3733.2,-0.11,48.61,35,72
20,2.0,14,4.0,2.0,1.45,200.0,250.0,True,216,36.0,-296.57,0.981,35.65,2711.65,-0.11,48.61,35,72
20,2.0,14,4.0,2.0,1.45,250.0,250.0,True,231,38.5,-63.84,0.996,35.93,2475.63,-0.03,48.61,35,72
20,2.0,14,4.0,2.0,1.45,300.0,300.0,True,289,48.2,-295.4,0.986,35.99,3309.88,-0.09,47.22,34,72
20,2.0,14,4.0,2.0,,0.0,0.0,False,892,148.7,1734.45,1.023,36.66,4485.57,0.39,50.0,36,72
20,2.0,14,4.0,2.0,,200.0,250.0,False,291,48.5,2452.94,1.131,39.18,2673.93,0.92,58.33,42,72
20,2.0,14,4.0,2.0,,250.0,250.0,False,334,55.7,4240.58,1.203,40.42,2575.47,1.65,56.94,41,72
20,2.0,14,4.0,2.0,,300.0,300.0,False,400,66.7,4998.06,1.193,39.25,2363.29,2.11,55.56,40,72
20,2.0,14,4.0,2.5,1.35,0.0,0.0,True,327,54.5,2843.15,1.097,41.9,1921.47,1.48,54.17,39,72
20,2.0,14,4.0,2.5,1.35,200.0,250.0,True,185,30.8,403.1,1.027,42.16,2740.87,0.15,54.17,39,72
20,2.0,14,4.0,2.5,1.35,250.0,250.0,True,207,34.5,-492.94,0.971,40.58,2861.91,-0.17,51.39,37,72
20,2.0,14,4.0,2.5,1.35,300.0,300.0,True,233,38.8,34.61,1.002,40.77,1916.75,0.02,50.0,36,72
20,2.0,14,4.0,2.5,1.4,0.0,0.0,True,358,59.7,1120.93,1.034,40.5,2376.25,0.47,47.22,34,72
20,2.0,14,4.0,2.5,1.4,200.0,250.0,True,192,32.0,-1500.07,0.907,40.1,3595.35,-0.42,48.61,35,72
20,2.0,14,4.0,2.5,1.4,250.0,250.0,True,212,35.3,-1785.24,0.9,39.62,3704.11,-0.48,45.83,33,72
20,2.0,14,4.0,2.5,1.4,300.0,300.0,True,241,40.2,-2172.91,0.893,38.59,3511.12,-0.62,41.67,30,72
20,2.0,14,4.0,2.5,1.45,0.0,0.0,True,380,63.3,1032.33,1.03,40.53,3078.94,0.34,48.61,35,72
20,2.0,14,4.0,2.5,1.45,200.0,250.0,True,202,33.7,-1419.14,0.916,40.1,3659.03,-0.39,48.61,35,72
20,2.0,14,4.0,2.5,1.45,250.0,250.0,True,219,36.5,-924.54,0.949,40.64,3332.46,-0.28,47.22,34,72
20,2.0,14,4.0,2.5,1.45,300.0,300.0,True,256,42.7,-1767.7,0.917,39.06,3213.16,-0.55,43.06,31,72
20,2.0,14,4.0,2.5,,0.0,0.0,False,768,128.0,7403.81,1.103,42.71,3348.46,2.21,52.78,38,72
20,2.0,14,4.0,2.5,,200.0,250.0,False,233,38.8,2801.82,1.159,45.49,2022.17,1.39,61.11,44,72
20,2.0,14,4.0,2.5,,250.0,250.0,False,287,47.8,3549.1,1.166,44.95,2022.17,1.76,58.33,42,72
20,2.0,14,4.0,2.5,,300.0,300.0,False,350,58.3,5975.66,1.233,45.43,2022.17,2.96,59.72,43,72
20,2.0,14,4.5,1.5,1.35,0.0,0.0,True,360,60.0,-321.8,0.987,27.22,3301.14,-0.1,50.0,36,72
20,2.0,14,4.5,1.5,1.35,200.0,250.0,True,227,37.8,2560.36,1.192,30.4,1259.24,2.03,56.94,41,72
20,2.0,14,4.5,1.5,1.35,250.0,250.0,True,251,41.8,2424.39,1.164,29.88,1339.35,1.81,54.17,39,72
20,2.0,14,4.5,1.5,1.35,300.0,300.0,True,272,45.3,4510.74,1.288,30.88,1351.2,3.34,55.56,40,72
20,2.0,14,4.5,1.5,1.4,0.0,0.0,True,396,66.0,-496.89,0.982,27.02,3613.37,-0.14,50.0,36,72
20,2.0,14,4.5,1.5,1.4,200.0,250.0,True,238,39.7,2330.3,1.165,30.25,1395.82,1.67,56.94,41,72
20,2.0,14,4.5,1.5,1.4,250.0,250.0,True,264,44.0,1994.19,1.126,29.55,1611.81,1.24,54.17,39,72
20,2.0,14,4.5,1.5,1.4,300.0,300.0,True,292,48.7,4239.1,1.248,30.48,1437.69,2.95,54.17,39,72
20,2.0,14,4.5,1.5,1.45,0.0,0.0,True,418,69.7,-155.61,0.995,27.51,3631.73,-0.04,55.56,40,72
20,2.0,14,4.5,1.5,1.45,200.0,250.0,True,248,41.3,3111.8,1.214,31.45,1645.9,1.89,59.72,43,72
20,2.0,14,4.5,1.5,1.45,250.0,250.0,True,277,46.2,2899.31,1.175,30.69,1856.34,1.56,56.94,41,72
20,2.0,14,4.5,1.5,1.45,300.0,300.0,True,302,50.3,5755.4,1.328,32.12,1005.44,5.72,58.33,42,72
20,2.0,14,4.5,1.5,,0.0,0.0,False,1025,170.8,-777.86,0.989,27.32,4852.65,-0.16,48.61,35,72
20,2.0,14,4.5,1.5,,200.0,250.0,False,298,49.7,2889.45,1.17,30.54,1572.89,1.84,56.94,41,72
20,2.0,14,4.5,1.5,,250.0,250.0,False,338,56.3,3837.48,1.201,30.77,1572.89,2.44,54.17,39,72
20,2.0,14,4.5,1.5,,300.0,300.0,False,409,68.2,3691.7,1.159,30.56,2212.84,1.67,55.56,40,72
20,2.0,14,4.5,2.0,1.35,0.0,0.0,True,335,55.8,386.46,1.014,33.73,3202.8,0.12,52.78,38,72
20,2.0,14,4.5,2.0,1.35,200.0,250.0,True,196,32.7,1812.16,1.133,35.2,1862.29,0.97,55.56,40,72
20,2.0,14,4.5,2.0,1.35,250.0,250.0,True,214,35.7,1424.47,1.095,34.58,1840.52,0.77,52.78,38,72
20,2.0,14,4.5,2.0,1.35,300.0,300.0,True,246,41.0,1890.33,1.106,34.96,1917.26,0.99,54.17,39,72
20,2.0,14,4.5,2.0,1.4,0.0,0.0,True,367,61.2,-719.18,0.977,32.97,3617.04,-0.2,51.39,37,72
20,2.0,14,4.5,2.0,1.4,200.0,250.0,True,193,32.2,349.54,1.025,34.2,2023.92,0.17,51.39,37,72
20,2.0,14,4.5,2.0,1.4,250.0,250.0,True,210,35.0,20.99,1.001,33.81,2195.66,0.01,48.61,35,72
20,2.0,14,4.5,2.0,1.4,300.0,300.0,True,266,44.3,1600.41,1.082,34.96,2341.58,0.68,52.78,38,72
20,2.0,14,4.5,2.0,1.45,0.0,0.0,True,385,64.2,-597.93,0.982,33.25,4029.37,-0.15,52.78,38,72
20,2.0,14,4.5,2.0,1.45,200.0,250.0,True,202,33.7,1337.42,1.094,35.15,1719.56,0.78,51.39,37,72
20,2.0,14,4.5,2.0,1.45,250.0,250.0,True,219,36.5,945.98,1.06,34.7,1920.28,0.49,48.61,35,72
20,2.0,14,4.5,2.0,1.45,300.0,300.0,True,273,45.5,2619.41,1.132,35.9,2020.81,1.3,54.17,39,72
20,2.0,14,4.5,2.0,,0.0,0.0,False,827,137.8,1019.07,1.014,34.46,4235.27,0.24,50.0,36,72
20,2.0,14,4.5,2.0,,200.0,250.0,False,274,45.7,4823.05,1.27,39.05,2319.2,2.08,61.11,44,72
20,2.0,14,4.5,2.0,,250.0,250.0,False,292,48.7,6008.72,1.323,40.07,2319.2,2.59,61.11,44,72
20,2.0,14,4.5,2.0,,300.0,300.0,False,356,59.3,6157.68,1.26,38.2,1605.44,3.84,59.72,43,72
20,2.0,14,4.5,2.5,1.35,0.0,0.0,True,321,53.5,2213.01,1.072,38.63,3092.82,0.72,52.78,38,72
20,2.0,14,4.5,2.5,1.35,200.0,250.0,True,175,29.2,878.26,1.06,40.0,2415.16,0.36,51.39,37,72
20,2.0,14,4.5,2.5,1.35,250.0,250.0,True,188,31.3,876.79,1.056,39.89,2146.48,0.41,50.0,36,72
20,2.0,14,4.5,2.5,1.35,300.0,300.0,True,219,36.5,857.38,1.047,39.27,1697.52,0.51,47.22,34,72
20,2.0,14,4.5,2.5,1.4,0.0,0.0,True,352,58.7,728.35,1.021,37.5,3174.29,0.23,47.22,34,72
20,2.0,14,4.5,2.5,1.4,200.0,250.0,True,182,30.3,-1112.58,0.93,37.91,3113.99,-0.36,47.22,34,72
20,2.0,14,4.5,2.5,1.4,250.0,250.0,True,197,32.8,-1056.66,0.938,38.07,3000.96,-0.35,45.83,33,72
20,2.0,14,4.5,2.5,1.4,300.0,300.0,True,227,37.8,-603.22,0.969,37.89,2281.22,-0.26,43.06,31,72
20,2.0,14,4.5,2.5,1.45,0.0,0.0,True,371,61.8,621.04,1.017,37.74,3472.65,0.18,50.0,36,72
20,2.0,14,4.5,2.5,1.45,200.0,250.0,True,191,31.8,-738.49,0.955,38.22,3088.85,-0.24,47.22,34,72
20,2.0,14,4.5,2.5,1.45,250.0,250.0,True,206,34.3,-716.48,0.959,38.35,2975.82,-0.24,45.83,33,72
20,2.0,14,4.5,2.5,1.45,300.0,300.0,True,236,39.3,866.28,1.044,39.41,2256.08,0.38,45.83,33,72
20,2.0,14,4.5,2.5,,0.0,0.0,False,716,119.3,7290.41,1.104,40.5,4076.89,1.79,56.94,41,72
20,2.0,14,4.5,2.5,,200.0,250.0,False,228,38.0,4032.49,1.233,44.74,1911.38,2.11,59.72,43,72
20,2.0,14,4.5,2.5,,250.0,250.0,False,255,42.5,5211.04,1.276,45.1,1911.38,2.73,59.72,43,72
20,2.0,14,4.5,2.5,,300.0,300.0,False,318,53.0,7364.42,1.316,45.28,1911.38,3.85,61.11,44,72
20,2.0,14,5.0,1.5,1.35,0.0,0.0,True,359,59.8,421.95,1.017,25.35,3066.34,0.14,48.61,35,72
20,2.0,14,5.0,1.5,1.35,200.0,250.0,True,222,37.0,2932.43,1.219,28.38,1762.26,1.66,54.17,39,72
20,2.0,14,5.0,1.5,1.35,250.0,250.0,True,234,39.0,2979.32,1.211,28.21,1816.34,1.64,52.78,38,72
20,2.0,14,5.0,1.5,1.35,300.0,300.0,True,263,43.8,4045.78,1.258,28.14,1620.81,2.5,52.78,38,72
20,2.0,14,5.0,1.5,1.4,0.0,0.0,True,394,65.7,-436.33,0.984,24.87,3551.47,-0.12,48.61,35,72
20,2.0,14,5.0,1.5,1.4,200.0,250.0,True,228,38.0,3033.49,1.22,28.95,1807.44,1.68,55.56,40,72
20,2.0,14,5.0,1.5,1.4,250.0,250.0,True,241,40.2,3000.09,1.205,28.63,1817.67,1.65,54.17,39,72
20,2.0,14,5.0,1.5,1.4,300.0,300.0,True,278,46.3,3313.27,1.196,27.7,1703.03,1.95,52.78,38,72
20,2.0,14,5.0,1.5,1.45,0.0,0.0,True,413,68.8,-85.37,0.997,25.42,3600.39,-0.02,54.17,39,72
20,2.0,14,5.0,1.5,1.45,200.0,250.0,True,237,39.5,3637.19,1.255,29.96,2042.09,1.78,59.72,43,72
20,2.0,14,5.0,1.5,1.45,250.0,250.0,True,252,42.0,3973.25,1.262,29.76,1513.16,2.63,58.33,42,72
20,2.0,14,5.0,1.5,1.45,300.0,300.0,True,287,47.8,4728.93,1.273,29.27,1373.23,3.44,58.33,42,72
20,2.0,14,5.0,1.5,,0.0,0.0,False,1004,167.3,-1846.75,0.975,24.9,5926.07,-0.31,44.44,32,72
20,2.0,14,5.0,1.5,,200.0,250.0,False,272,45.3,2692.11,1.169,29.04,2173.28,1.24,58.33,42,72
20,2.0,14,5.0,1.5,,250.0,250.0,False,348,58.0,2541.27,1.125,27.59,1773.85,1.43,51.39,37,72
20,2.0,14,5.0,1.5,,300.0,300.0,False,425,70.8,2643.28,1.104,27.06,2481.87,1.07,51.39,37,72
20,2.0,14,5.0,2.0,1.35,0.0,0.0,True,334,55.7,939.82,1.032,31.44,2878.11,0.33,54.17,39,72
20,2.0,14,5.0,2.0,1.35,200.0,250.0,True,186,31.0,3066.93,1.234,34.41,1700.34,1.8,56.94,41,72
20,2.0,14,5.0,2.0,1.35,250.0,250.0,True,201,33.5,3145.13,1.222,34.33,1595.83,1.97,55.56,40,72
20,2.0,14,5.0,2.0,1.35,300.0,300.0,True,231,38.5,3535.82,1.208,34.63,2012.48,1.76,56.94,41,72
20,2.0,14,5.0,2.0,1.4,0.0,0.0,True,363,60.5,-310.6,0.99,30.58,3292.35,-0.09,54.17,39,72
20,2.0,14,5.0,2.0,1.4,200.0,250.0,True,187,31.2,1811.22,1.134,33.69,1570.42,1.15,55.56,40,72
20,2.0,14,5.0,2.0,1.4,250.0,250.0,True,201,33.5,1706.15,1.117,33.33,1559.34,1.09,54.17,39,72
20,2.0,14,5.0,2.0,1.4,300.0,300.0,True,245,40.8,2375.85,1.13,33.88,2787.27,0.85,56.94,41,72
20,2.0,14,5.0,2.0,1.45,0.0,0.0,True,377,62.8,-386.65,0.988,30.77,3267.19,-0.12,54.17,39,72
20,2.0,14,5.0,2.0,1.45,200.0,250.0,True,194,32.3,2197.04,1.158,34.02,1612.47,1.36,55.56,40,72
20,2.0,14,5.0,2.0,1.45,250.0,250.0,True,210,35.0,2324.64,1.154,33.81,1345.3,1.73,52.78,38,72
20,2.0,14,5.0,2.0,1.45,300.0,300.0,True,254,42.3,2853.95,1.151,34.25,2386.74,1.2,56.94,41,72
20,2.0,14,5.0,2.0,,0.0,0.0,False,799,133.2,-154.98,0.998,31.41,5030.94,-0.03,51.39,37,72
20,2.0,14,5.0,2.0,,200.0,250.0,False,253,42.2,1333.51,1.071,32.81,2818.5,0.47,54.17,39,72
20,2.0,14,5.0,2.0,,250.0,250.0,False,300,50.0,1290.78,1.059,32.33,2745.97,0.47,48.61,35,72
20,2.0,14,5.0,2.0,,300.0,300.0,False,336,56.0,2428.86,1.099,32.74,2402.16,1.01,51.39,37,72
20,2.0,14,5.0,2.5,1.35,0.0,0.0,True,316,52.7,-599.83,0.981,35.44,4225.73,-0.14,47.22,34,72
20,2.0,14,5.0,2.5,1.35,200.0,250.0,True,169,28.2,2127.53,1.149,39.05,2233.55,0.95,51.39,37,72
20,2.0,14,5.0,2.5,1.35,250.0,250.0,True,185,30.8,1649.41,1.105,37.84,2008.66,0.82,45.83,33,72
20,2.0,14,5.0,2.5,1.35,300.0,300.0,True,213,35.5,1440.45,1.08,37.56,2067.95,0.7,45.83,33,72
20,2.0,14,5.0,2.5,1.4,0.0,0.0,True,343,57.2,-2370.62,0.933,34.11,5168.29,-0.46,45.83,33,72
20,2.0,14,5.0,2.5,1.4,200.0,250.0,True,174,29.0,-278.94,0.982,36.21,2863.08,-0.1,47.22,34,72
20,2.0,14,5.0,2.5,1.4,250.0,250.0,True,184,30.7,-436.24,0.973,35.87,2793.84,-0.16,44.44,32,72
20,2.0,14,5.0,2.5,1.4,300.0,300.0,True,212,35.3,-519.72,0.972,35.85,2842.24,-0.18,44.44,32,72
20,2.0,14,5.0,2.5,1.45,0.0,0.0,True,358,59.7,-2620.82,0.929,34.36,5206.95,-0.5,48.61,35,72
20,2.0,14,5.0,2.5,1.45,200.0,250.0,True,184,30.7,-363.18,0.978,35.87,2630.98,-0.14,47.22,34,72
20,2.0,14,5.0,2.5,1.45,250.0,250.0,True,195,32.5,-658.33,0.962,35.38,2561.74,-0.26,44.44,32,72
20,2.0,14,5.0,2.5,1.45,300.0,300.0,True,221,36.8,626.53,1.033,37.1,2207.46,0.28,47.22,34,72
20,2.0,14,5.0,2.5,,0.0,0.0,False,675,112.5,3989.76,1.057,37.04,4955.07,0.81,56.94,41,72
20,2.0,14,5.0,2.5,,200.0,250.0,False,223,37.2,451.29,1.023,36.77,2094.57,0.22,51.39,37,72
20,2.0,14,5.0,2.5,,250.0,250.0,False,246,41.0,333.53,1.016,36.18,2594.05,0.13,47.22,34,72
20,2.0,14,5.0,2.5,,300.0,300.0,False,312,52.0,2883.83,1.112,38.14,2876.95,1.0,51.39,37,72
20,3.0,20,3.5,1.5,1.35,0.0,0.0,True,305,50.8,-3479.99,0.836,30.16,4327.2,-0.8,45.83,33,72
20,3.0,20,3.5,1.5,1.35,200.0,250.0,True,231,38.5,-750.72,0.945,32.03,1533.97,-0.49,52.78,38,72
20,3.0,20,3.5,1.5,1.35,250.0,250.0,True,246,41.0,-1990.59,0.872,31.71,2525.28,-0.79,48.61,35,72
20,3.0,20,3.5,1.5,1.35,300.0,300.0,True,272,45.3,-2216.69,0.872,31.25,2603.72,-0.85,47.22,34,72
20,3.0,20,3.5,1.5,1.4,0.0,0.0,True,315,52.5,-3268.54,0.849,30.48,4519.11,-0.72,43.06,31,72
20,3.0,20,3.5,1.5,1.4,200.0,250.0,True,234,39.0,-958.42,0.93,31.62,1732.12,-0.55,50.0,36,72
20,3.0,20,3.5,1.5,1.4,250.0,250.0,True,250,41.7,-2015.81,0.872,31.6,2723.43,-0.74,45.83,33,72
20,3.0,20,3.5,1.5,1.4,300.0,300.0,True,277,46.2,-2307.01,0.868,31.05,2801.87,-0.82,44.44,32,72
20,3.0,20,3.5,1.5,1.45,0.0,0.0,True,325,54.2,-2569.43,0.883,31.38,4209.44,-0.61,47.22,34,72
20,3.0,20,3.5,1.5,1.45,200.0,250.0,True,239,39.8,-317.66,0.977,32.64,1227.58,-0.26,52.78,38,72
20,3.0,20,3.5,1.5,1.45,250.0,250.0,True,251,41.8,-770.2,0.95,33.47,1996.03,-0.39,50.0,36,72
20,3.0,20,3.5,1.5,1.45,300.0,300.0,True,276,46.0,-1189.19,0.931,32.61,1947.01,-0.61,48.61,35,72
20,3.0,20,3.5,1.5,,0.0,0.0,False,953,158.8,-10110.72,0.853,29.59,10828.77,-0.93,37.5,27,72
20,3.0,20,3.5,1.5,,200.0,250.0,False,349,58.2,-2654.14,0.87,30.37,3143.66,-0.84,47.22,34,72
20,3.0,20,3.5,1.5,,250.0,250.0,False,424,70.7,-2591.07,0.896,30.42,4339.07,-0.6,40.28,29,72
20,3.0,20,3.5,1.5,,300.0,300.0,False,536,89.3,-478.47,0.984,30.97,3687.26,-0.13,44.44,32,72
20,3.0,20,3.5,2.0,1.35,0.0,0.0,True,284,47.3,-2999.49,0.873,36.97,4039.44,-0.74,52.78,38,72
20,3.0,20,3.5,2.0,1.35,200.0,250.0,True,201,33.5,-159.24,0.988,39.3,1323.17,-0.12,54.17,39,72
20,3.0,20,3.5,2.0,1.35,250.0,250.0,True,211,35.2,-547.34,0.963,38.86,1391.12,-0.39,51.39,37,72
20,3.0,20,3.5,2.0,1.35,300.0,300.0,True,233,38.8,-1581.49,0.907,37.77,2454.72,-0.64,51.39,37,72
20,3.0,20,3.5,2.0,1.4,0.0,0.0,True,294,49.0,-2631.5,0.891,37.41,4175.21,-0.63,54.17,39,72
20,3.0,20,3.5,2.0,1.4,200.0,250.0,True,203,33.8,-57.13,0.996,39.41,1323.17,-0.04,55.56,40,72
20,3.0,20,3.5,2.0,1.4,250.0,250.0,True,215,35.8,-81.34,0.995,39.53,1391.12,-0.06,52.78,38,72
20,3.0,20,3.5,2.0,1.4,300.0,300.0,True,242,40.3,-1835.87,0.896,37.6,2487.42,-0.74,51.39,37,72
20,3.0,20,3.5,2.0,1.45,0.0,0.0,True,304,50.7,-1756.93,0.928,38.49,3963.54,-0.44,56.94,41,72
20,3.0,20,3.5,2.0,1.45,200.0,250.0,True,206,34.3,691.37,1.05,40.78,1323.17,0.52,56.94,41,72
20,3.0,20,3.5,2.0,1.45,250.0,250.0,True,214,35.7,1398.35,1.098,42.06,1323.17,1.06,55.56,40,72
20,3.0,20,3.5,2.0,1.45,300.0,300.0,True,238,39.7,-54.24,0.997,40.34,1844.83,-0.03,54.17,39,72
20,3.0,20,3.5,2.0,,0.0,0.0,False,785,130.8,-5702.66,0.915,37.32,7914.92,-0.72,48.61,35,72
20,3.0,20,3.5,2.0,,200.0,250.0,False,294,49.0,1648.62,1.086,39.8,3183.83,0.52,54.17,39,72
20,3.0,20,3.5,2.0,,250.0,250.0,False,329,54.8,1620.45,1.075,39.82,3339.2,0.49,51.39,37,72
20,3.0,20,3.5,2.0,,300.0,300.0,False,414,69.0,1847.76,1.066,39.37,3524.06,0.52,52.78,38,72
20,3.0,20,3.5,2.5,1.35,0.0,0.0,True,272,45.3,-3267.98,0.872,41.18,3766.12,-0.87,52.78,38,72
20,3.0,20,3.5,2.5,1.35,200.0,250.0,True,189,31.5,-855.35,0.942,43.92,1782.71,-0.48,55.56,40,72
20,3.0,20,3.5,2.5,1.35,250.0,250.0,True,202,33.7,-1003.12,0.937,43.56,1977.61,-0.51,54.17,39,72
20,3.0,20,3.5,2.5,1.35,300.0,300.0,True,213,35.5,-2210.42,0.873,41.78,2785.76,-0.79,52.78,38,72
20,3.0,20,3.5,2.5,1.4,0.0,0.0,True,281,46.8,-2955.77,0.887,41.64,3739.71,-0.79,54.17,39,72
20,3.0,20,3.5,2.5,1.4,200.0,250.0,True,190,31.7,-981.5,0.935,43.68,1782.71,-0.55,56.94,41,72
20,3.0,20,3.5,2.5,1.4,250.0,250.0,True,205,34.2,-1603.21,0.904,42.93,1970.57,-0.81,54.17,39,72
20,3.0,20,3.5,2.5,1.4,300.0,300.0,True,220,36.7,-2736.84,0.85,41.36,2785.76,-0.98,52.78,38,72
20,3.0,20,3.5,2.5,1.45,0.0,0.0,True,291,48.5,-2172.14,0.918,42.61,3705.67,-0.59,55.56,40,72
20,3.0,20,3.5,2.5,1.45,200.0,250.0,True,188,31.3,-359.0,0.976,44.68,1782.71,-0.2,56.94,41,72
20,3.0,20,3.5,2.5,1.45,250.0,250.0,True,198,33.0,-51.62,0.997,45.45,1870.78,-0.03,55.56,40,72
20,3.0,20,3.5,2.5,1.45,300.0,300.0,True,214,35.7,-994.25,0.942,43.93,2087.34,-0.48,54.17,39,72
20,3.0,20,3.5,2.5,,0.0,0.0,False,689,114.8,-4037.98,0.939,43.25,7569.47,-0.53,45.83,33,72
20,3.0,20,3.5,2.5,,200.0,250.0,False,236,39.3,-548.19,0.97,43.22,3855.3,-0.14,52.78,38,72
20,3.0,20,3.5,2.5,,250.0,250.0,False,266,44.3,353.02,1.017,44.36,3830.13,0.09,51.39,37,72
20,3.0,20,3.5,2.5,,300.0,300.0,False,353,58.8,769.84,1.028,44.48,3700.02,0.21,48.61,35,72
20,3.0,20,4.0,1.5,1.35,0.0,0.0,True,297,49.5,-4089.77,0.81,27.27,4601.39,-0.89,40.28,29,72
20,3.0,20,4.0,1.5,1.35,200.0,250.0,True,216,36.0,-1743.33,0.871,27.78,2218.35,-0.79,47.22,34,72
20,3.0,20,4.0,1.5,1.35,250.0,250.0,True,228,38.0,-1593.91,0.887,28.07,2319.13,-0.69,45.83,33,72
20,3.0,20,4.0,1.5,1.35,300.0,300.0,True,251,41.8,-1688.62,0.897,29.08,2536.5,-0.67,44.44,32,72
20,3.0,20,4.0,1.5,1.4,0.0,0.0,True,307,51.2,-3781.79,0.828,27.69,4601.39,-0.82,38.89,28,72
20,3.0,20,4.0,1.5,1.4,200.0,250.0,True,219,36.5,-1951.37,0.857,27.4,2416.5,-0.81,45.83,33,72
20,3.0,20,4.0,1.5,1.4,250.0,250.0,True,233,38.8,-1649.91,0.886,27.9,2416.5,-0.68,44.44,32,72
20,3.0,20,4.0,1.5,1.4,300.0,300.0,True,257,42.8,-1535.63,0.908,29.18,2630.93,-0.58,43.06,31,72
20,3.0,20,4.0,1.5,1.45,0.0,0.0,True,317,52.8,-2927.99,0.869,28.71,4447.98,-0.66,44.44,32,72
20,3.0,20,4.0,1.5,1.45,200.0,250.0,True,228,38.0,-1264.83,0.91,28.51,1971.0,-0.64,50.0,36,72
20,3.0,20,4.0,1.5,1.45,250.0,250.0,True,242,40.3,-963.37,0.935,28.93,1971.0,-0.49,48.61,35,72
20,3.0,20,4.0,1.5,1.45,300.0,300.0,True,261,43.5,-413.2,0.975,30.65,1979.5,-0.21,48.61,35,72
20,3.0,20,4.0,1.5,,0.0,0.0,False,924,154.0,-7973.52,0.884,27.71,8161.06,-0.98,47.22,34,72
20,3.0,20,4.0,1.5,,200.0,250.0,False,285,47.5,-1181.45,0.932,29.82,2963.81,-0.4,48.61,35,72
20,3.0,20,4.0,1.5,,250.0,250.0,False,350,58.3,-2155.9,0.899,28.57,3609.82,-0.6,43.06,31,72
20,3.0,20,4.0,1.5,,300.0,300.0,False,443,73.8,801.92,1.031,29.8,2846.0,0.28,45.83,33,72
20,3.0,20,4.0,2.0,1.35,0.0,0.0,True,277,46.2,-3896.24,0.84,33.21,4330.75,-0.9,48.61,35,72
20,3.0,20,4.0,2.0,1.35,200.0,250.0,True,188,31.3,-1428.14,0.896,32.98,1575.18,-0.91,51.39,37,72
20,3.0,20,4.0,2.0,1.35,250.0,250.0,True,201,33.5,-2033.07,0.865,32.84,2423.72,-0.84,48.61,35,72
20,3.0,20,4.0,2.0,1.35,300.0,300.0,True,227,37.8,-3095.82,0.826,32.6,3121.76,-0.99,45.83,33,72
20,3.0,20,4.0,2.0,1.4,0.0,0.0,True,287,47.8,-3404.37,0.863,33.8,4497.83,-0.76,47.22,34,72
20,3.0,20,4.0,2.0,1.4,200.0,250.0,True,189,31.5,-1206.18,0.912,33.33,1733.21,-0.7,50.0,36,72
20,3.0,20,4.0,2.0,1.4,250.0,250.0,True,204,34.0,-1690.84,0.889,33.33,2385.78,-0.71,47.22,34,72
20,3.0,20,4.0,2.0,1.4,300.0,300.0,True,232,38.7,-2608.57,0.855,33.19,3252.62,-0.8,44.44,32,72
20,3.0,20,4.0,2.0,1.45,0.0,0.0,True,296,49.3,-2586.43,0.898,34.8,4065.89,-0.64,52.78,38,72
20,3.0,20,4.0,2.0,1.45,200.0,250.0,True,193,32.2,-264.06,0.981,35.23,1309.14,-0.2,54.17,39,72
20,3.0,20,4.0,2.0,1.45,250.0,250.0,True,208,34.7,-748.72,0.951,35.1,1961.71,-0.38,51.39,37,72
20,3.0,20,4.0,2.0,1.45,300.0,300.0,True,231,38.5,-1036.5,0.94,35.5,2314.74,-0.45,50.0,36,72
20,3.0,20,4.0,2.0,,0.0,0.0,False,761,126.8,-3785.13,0.944,35.09,6839.27,-0.55,47.22,34,72
20,3.0,20,4.0,2.0,,200.0,250.0,False,240,40.0,784.06,1.048,37.08,2956.35,0.27,52.78,38,72
20,3.0,20,4.0,2.0,,250.0,250.0,False,282,47.0,972.11,1.049,37.23,3278.01,0.3,48.61,35,72
20,3.0,20,4.0,2.0,,300.0,300.0,False,339,56.5,1226.41,1.051,36.87,2752.08,0.45,50.0,36,72
20,3.0,20,4.0,2.5,1.35,0.0,0.0,True,267,44.5,-3887.25,0.855,37.08,4534.23,-0.86,48.61,35,72
20,3.0,20,4.0,2.5,1.35,200.0,250.0,True,170,28.3,-2961.8,0.804,36.47,3002.33,-0.99,48.61,35,72
20,3.0,20,4.0,2.5,1.35,250.0,250.0,True,186,31.0,-2841.5,0.824,37.1,2882.03,-0.99,47.22,34,72
20,3.0,20,4.0,2.5,1.35,300.0,300.0,True,207,34.5,-3561.08,0.805,36.23,3601.61,-0.99,45.83,33,72
20,3.0,20,4.0,2.5,1.4,0.0,0.0,True,276,46.0,-3451.16,0.874,37.68,3915.02,-0.88,51.39,37,72
20,3.0,20,4.0,2.5,1.4,200.0,250.0,True,173,28.8,-2994.37,0.806,36.42,2811.25,-1.07,50.0,36,72
20,3.0,20,4.0,2.5,1.4,250.0,250.0,True,189,31.5,-2874.07,0.826,37.04,2690.95,-1.07,48.61,35,72
20,3.0,20,4.0,2.5,1.4,300.0,300.0,True,214,35.7,-4053.49,0.787,35.98,3910.9,-1.04,45.83,33,72
20,3.0,20,4.0,2.5,1.45,0.0,0.0,True,285,47.5,-2731.15,0.902,38.6,3580.33,-0.76,52.78,38,72
20,3.0,20,4.0,2.5,1.45,200.0,250.0,True,178,29.7,-2206.54,0.858,38.2,2679.15,-0.82,50.0,36,72
20,3.0,20,4.0,2.5,1.45,250.0,250.0,True,194,32.3,-2086.24,0.874,38.66,2679.15,-0.78,48.61,35,72
20,3.0,20,4.0,2.5,1.45,300.0,300.0,True,214,35.7,-2277.3,0.876,38.79,2177.03,-1.05,47.22,34,72
20,3.0,20,4.0,2.5,,0.0,0.0,False,662,110.3,-1088.24,0.984,41.09,6369.68,-0.17,51.39,37,72
20,3.0,20,4.0,2.5,,200.0,250.0,False,213,35.5,-256.48,0.985,40.85,2837.36,-0.09,52.78,38,72
20,3.0,20,4.0,2.5,,250.0,250.0,False,237,39.5,-620.27,0.969,40.93,3375.88,-0.18,50.0,36,72
20,3.0,20,4.0,2.5,,300.0,300.0,False,284,47.3,460.16,1.02,41.9,3367.3,0.14,51.39,37,72
20,3.0,20,4.5,1.5,1.35,0.0,0.0,True,297,49.5,-3896.99,0.823,25.25,4411.41,-0.88,41.67,30,72
20,3.0,20,4.5,1.5,1.35,200.0,250.0,True,206,34.3,-1028.2,0.921,26.7,2103.78,-0.49,48.61,35,72
20,3.0,20,4.5,1.5,1.35,250.0,250.0,True,231,38.5,-1410.31,0.904,26.41,1703.29,-0.83,44.44,32,72
20,3.0,20,4.5,1.5,1.35,300.0,300.0,True,253,42.2,-1103.87,0.933,26.88,1829.42,-0.6,45.83,33,72
20,3.0,20,4.5,1.5,1.4,0.0,0.0,True,307,51.2,-3732.89,0.835,25.41,4411.41,-0.85,40.28,29,72
20,3.0,20,4.5,1.5,1.4,200.0,250.0,True,210,35.0,-1292.71,0.902,26.19,2358.07,-0.55,47.22,34,72
20,3.0,20,4.5,1.5,1.4,250.0,250.0,True,234,39.0,-1618.68,0.891,26.07,1901.44,-0.85,43.06,31,72
20,3.0,20,4.5,1.5,1.4,300.0,300.0,True,258,43.0,-1128.51,0.933,26.74,1867.58,-0.6,44.44,32,72
20,3.0,20,4.5,1.5,1.45,0.0,0.0,True,317,52.8,-2724.41,0.881,26.5,4222.35,-0.65,43.06,31,72
20,3.0,20,4.5,1.5,1.45,200.0,250.0,True,212,35.3,-528.19,0.96,27.36,1566.39,-0.34,50.0,36,72
20,3.0,20,4.5,1.5,1.45,250.0,250.0,True,240,40.0,-911.13,0.94,27.08,1617.21,-0.56,45.83,33,72
20,3.0,20,4.5,1.5,1.45,300.0,300.0,True,259,43.2,-238.97,0.986,27.8,1867.58,-0.13,47.22,34,72
20,3.0,20,4.5,1.5,,0.0,0.0,False,893,148.8,-8382.28,0.878,25.64,8597.49,-0.97,45.83,33,72
20,3.0,20,4.5,1.5,,200.0,250.0,False,267,44.5,385.09,1.023,28.84,1930.81,0.2,50.0,36,72
20,3.0,20,4.5,1.5,,250.0,250.0,False,327,54.5,-768.36,0.962,27.22,2231.26,-0.34,44.44,32,72
20,3.0,20,4.5,1.5,,300.0,300.0,False,398,66.3,-782.85,0.968,27.14,2614.72,-0.3,47.22,34,72
20,3.0,20,4.5,2.0,1.35,0.0,0.0,True,277,46.2,-4154.42,0.835,30.69,4584.04,-0.91,47.22,34,72
20,3.0,20,4.5,2.0,1.35,200.0,250.0,True,182,30.3,187.92,1.014,32.97,1267.86,0.15,54.17,39,72
20,3.0,20,4.5,2.0,1.35,250.0,250.0,True,199,33.2,-833.39,0.944,31.66,1511.98,-0.55,50.0,36,72
20,3.0,20,4.5,2.0,1.35,300.0,300.0,True,227,37.8,-4268.36,0.779,29.96,4214.04,-1.01,44.44,32,72
20,3.0,20,4.5,2.0,1.4,0.0,0.0,True,287,47.8,-3799.11,0.853,31.01,4581.93,-0.83,45.83,33,72
20,3.0,20,4.5,2.0,1.4,200.0,250.0,True,183,30.5,436.91,1.033,33.33,1425.89,0.31,52.78,38,72
20,3.0,20,4.5,2.0,1.4,250.0,250.0,True,202,33.7,-432.44,0.971,32.18,1425.89,-0.3,48.61,35,72
20,3.0,20,4.5,2.0,1.4,300.0,300.0,True,231,38.5,-3931.38,0.798,30.3,3918.46,-1.0,43.06,31,72
20,3.0,20,4.5,2.0,1.45,0.0,0.0,True,296,49.3,-2826.49,0.892,32.09,4373.53,-0.65,50.0,36,72
20,3.0,20,4.5,2.0,1.45,200.0,250.0,True,180,30.0,1541.52,1.121,35.56,1061.7,1.45,55.56,40,72
20,3.0,20,4.5,2.0,1.45,250.0,250.0,True,201,33.5,397.83,1.027,33.83,1334.74,0.3,51.39,37,72
20,3.0,20,4.5,2.0,1.45,300.0,300.0,True,227,37.8,-2568.5,0.863,32.16,3022.85,-0.85,47.22,34,72
20,3.0,20,4.5,2.0,,0.0,0.0,False,739,123.2,-5770.55,0.916,32.07,8327.83,-0.69,41.67,30,72
20,3.0,20,4.5,2.0,,200.0,250.0,False,218,36.3,2264.0,1.145,36.24,2998.15,0.76,52.78,38,72
20,3.0,20,4.5,2.0,,250.0,250.0,False,251,41.8,1645.8,1.091,35.46,3323.55,0.5,48.61,35,72
20,3.0,20,4.5,2.0,,300.0,300.0,False,313,52.2,1352.71,1.057,34.5,3304.77,0.41,48.61,35,72
20,3.0,20,4.5,2.5,1.35,0.0,0.0,True,267,44.5,-3879.8,0.861,34.46,4675.62,-0.83,44.44,32,72
20,3.0,20,4.5,2.5,1.35,200.0,250.0,True,164,27.3,-2166.44,0.854,35.37,2453.55,-0.88,48.61,35,72
20,3.0,20,4.5,2.5,1.35,250.0,250.0,True,182,30.3,-3289.98,0.803,34.07,3344.35,-0.98,44.44,32,72
20,3.0,20,4.5,2.5,1.35,300.0,300.0,True,204,34.0,-4978.7,0.743,32.84,5033.07,-0.99,40.28,29,72
20,3.0,20,4.5,2.5,1.4,0.0,0.0,True,276,46.0,-3600.3,0.874,34.78,4213.0,-0.85,44.44,32,72
20,3.0,20,4.5,2.5,1.4,200.0,250.0,True,165,27.5,-2309.11,0.846,35.15,2592.04,-0.89,48.61,35,72
20,3.0,20,4.5,2.5,1.4,250.0,250.0,True,185,30.8,-3284.23,0.807,34.05,3101.11,-1.06,44.44,32,72
20,3.0,20,4.5,2.5,1.4,300.0,300.0,True,210,35.0,-4691.35,0.763,33.33,4562.6,-1.03,40.28,29,72
20,3.0,20,4.5,2.5,1.45,0.0,0.0,True,285,47.5,-2725.61,0.906,35.79,3338.31,-0.82,47.22,34,72
20,3.0,20,4.5,2.5,1.45,200.0,250.0,True,163,27.2,-1253.31,0.914,37.42,2240.95,-0.56,50.0,36,72
20,3.0,20,4.5,2.5,1.45,250.0,250.0,True,185,30.8,-2536.43,0.849,35.68,2353.31,-1.08,45.83,33,72
20,3.0,20,4.5,2.5,1.45,300.0,300.0,True,208,34.7,-3553.11,0.815,35.1,3424.36,-1.04,43.06,31,72
20,3.0,20,4.5,2.5,,0.0,0.0,False,636,106.0,-3271.07,0.952,37.74,7234.45,-0.45,52.78,38,72
20,3.0,20,4.5,2.5,,200.0,250.0,False,185,30.8,-315.02,0.98,38.38,3422.51,-0.09,51.39,37,72
20,3.0,20,4.5,2.5,,250.0,250.0,False,222,37.0,-1136.74,0.941,38.29,4636.81,-0.25,47.22,34,72
20,3.0,20,4.5,2.5,,300.0,300.0,False,276,46.0,998.88,1.042,39.86,4469.69,0.22,52.78,38,72
20,3.0,20,5.0,1.5,1.35,0.0,0.0,True,295,49.2,-3770.58,0.832,23.39,4225.86,-0.89,40.28,29,72
20,3.0,20,5.0,1.5,1.35,200.0,250.0,True,199,33.2,-1019.25,0.922,25.13,1971.75,-0.52,45.83,33,72
20,3.0,20,5.0,1.5,1.35,250.0,250.0,True,214,35.7,-1713.53,0.878,23.83,2205.23,-0.78,43.06,31,72
20,3.0,20,5.0,1.5,1.35,300.0,300.0,True,240,40.0,-185.76,0.988,25.42,1407.23,-0.13,44.44,32,72
20,3.0,20,5.0,1.5,1.4,0.0,0.0,True,305,50.8,-3529.98,0.846,23.61,4225.86,-0.84,40.28,29,72
20,3.0,20,5.0,1.5,1.4,200.0,250.0,True,208,34.7,-1182.69,0.913,24.52,2467.15,-0.48,44.44,32,72
20,3.0,20,5.0,1.5,1.4,250.0,250.0,True,220,36.7,-1475.16,0.897,24.09,2403.38,-0.61,43.06,31,72
20,3.0,20,5.0,1.5,1.4,300.0,300.0,True,246,41.0,52.61,1.003,25.61,1536.83,0.03,44.44,32,72
20,3.0,20,5.0,1.5,1.45,0.0,0.0,True,312,52.0,-2808.27,0.879,24.36,4001.15,-0.7,41.67,30,72
20,3.0,20,5.0,1.5,1.45,200.0,250.0,True,212,35.3,-1060.62,0.923,24.53,2139.4,-0.5,45.83,33,72
20,3.0,20,5.0,1.5,1.45,250.0,250.0,True,225,37.5,-1156.29,0.92,24.44,2075.63,-0.56,44.44,32,72
20,3.0,20,5.0,1.5,1.45,300.0,300.0,True,251,41.8,282.51,1.018,25.9,1536.83,0.18,45.83,33,72
20,3.0,20,5.0,1.5,,0.0,0.0,False,871,145.2,-6931.49,0.899,24.11,7651.01,-0.91,40.28,29,72
20,3.0,20,5.0,1.5,,200.0,250.0,False,251,41.8,2889.02,1.187,29.48,1838.75,1.57,55.56,40,72
20,3.0,20,5.0,1.5,,250.0,250.0,False,296,49.3,533.18,1.029,26.69,1951.14,0.27,48.61,35,72
20,3.0,20,5.0,1.5,,300.0,300.0,False,398,66.3,32.41,1.001,25.63,2858.19,0.01,47.22,34,72
20,3.0,20,5.0,2.0,1.35,0.0,0.0,True,269,44.8,-4572.53,0.82,27.88,5137.15,-0.89,43.06,31,72
20,3.0,20,5.0,2.0,1.35,200.0,250.0,True,172,28.7,231.03,1.017,30.81,1633.02,0.14,50.0,36,72
20,3.0,20,5.0,2.0,1.35,250.0,250.0,True,189,31.5,-747.83,0.949,29.1,1485.08,-0.5,45.83,33,72
20,3.0,20,5.0,2.0,1.35,300.0,300.0,True,215,35.8,-1962.95,0.887,28.37,2516.53,-0.78,44.44,32,72
20,3.0,20,5.0,2.0,1.4,0.0,0.0,True,279,46.5,-4113.36,0.841,28.32,5091.25,-0.81,45.83,33,72
20,3.0,20,5.0,2.0,1.4,200.0,250.0,True,181,30.2,547.34,1.04,30.94,1937.82,0.28,51.39,37,72
20,3.0,20,5.0,2.0,1.4,250.0,250.0,True,193,32.2,-40.35,0.997,30.05,1643.11,-0.02,48.61,35,72
20,3.0,20,5.0,2.0,1.4,300.0,300.0,True,222,37.0,-1579.48,0.911,28.83,2570.72,-0.61,47.22,34,72
20,3.0,20,5.0,2.0,1.45,0.0,0.0,True,284,47.3,-3315.55,0.873,29.23,4773.84,-0.69,48.61,35,72
20,3.0,20,5.0,2.0,1.45,200.0,250.0,True,179,29.8,1001.0,1.074,31.84,1689.19,0.59,52.78,38,72
20,3.0,20,5.0,2.0,1.45,250.0,250.0,True,192,32.0,610.11,1.042,31.25,1394.48,0.44,50.0,36,72
20,3.0,20,5.0,2.0,1.45,300.0,300.0,True,219,36.5,-668.98,0.961,30.14,2349.87,-0.28,48.61,35,72
20,3.0,20,5.0,2.0,,0.0,0.0,False,707,117.8,-8039.22,0.882,29.28,8623.57,-0.93,40.28,29,72
20,3.0,20,5.0,2.0,,200.0,250.0,False,204,34.0,2957.13,1.195,34.31,2761.56,1.07,52.78,38,72
20,3.0,20,5.0,2.0,,250.0,250.0,False,233,38.8,2575.86,1.149,33.05,2545.44,1.01,51.39,37,72
20,3.0,20,5.0,2.0,,300.0,300.0,False,315,52.5,1195.59,1.05,31.75,3694.91,0.32,51.39,37,72
20,3.0,20,5.0,2.5,1.35,0.0,0.0,True,258,43.0,-6014.99,0.786,31.4,6959.65,-0.86,40.28,29,72
20,3.0,20,5.0,2.5,1.35,200.0,250.0,True,158,26.3,-2347.31,0.845,32.91,3113.58,-0.75,45.83,33,72
20,3.0,20,5.0,2.5,1.35,250.0,250.0,True,173,28.8,-3437.82,0.794,31.21,3506.03,-0.98,41.67,30,72
20,3.0,20,5.0,2.5,1.35,300.0,300.0,True,195,32.5,-4455.16,0.763,30.26,4523.37,-0.98,40.28,29,72
20,3.0,20,5.0,2.5,1.4,0.0,0.0,True,267,44.5,-5631.63,0.804,31.84,6393.17,-0.88,40.28,29,72
20,3.0,20,5.0,2.5,1.4,200.0,250.0,True,163,27.2,-2404.68,0.845,32.52,3236.0,-0.74,45.83,33,72
20,3.0,20,5.0,2.5,1.4,250.0,250.0,True,172,28.7,-2784.3,0.831,31.98,2859.8,-0.97,43.06,31,72
20,3.0,20,5.0,2.5,1.4,300.0,300.0,True,198,33.0,-4065.19,0.786,30.81,3950.28,-1.03,40.28,29,72
20,3.0,20,5.0,2.5,1.45,0.0,0.0,True,271,45.2,-4429.57,0.846,33.21,5212.63,-0.85,45.83,33,72
20,3.0,20,5.0,2.5,1.45,200.0,250.0,True,160,26.7,-1479.06,0.902,34.38,3113.58,-0.48,48.61,35,72
20,3.0,20,5.0,2.5,1.45,250.0,250.0,True,172,28.7,-1618.47,0.9,34.3,2737.38,-0.59,45.83,33,72
20,3.0,20,5.0,2.5,1.45,300.0,300.0,True,196,32.7,-2547.09,0.861,33.16,2928.71,-0.87,44.44,32,72
20,3.0,20,5.0,2.5,,0.0,0.0,False,607,101.2,-6060.63,0.91,34.6,8165.33,-0.74,45.83,33,72
20,3.0,20,5.0,2.5,,200.0,250.0,False,181,30.2,1063.94,1.066,37.57,3046.4,0.35,51.39,37,72
20,3.0,20,5.0,2.5,,250.0,250.0,False,208,34.7,328.88,1.018,36.06,3093.89,0.11,48.61,35,72
20,3.0,20,5.0,2.5,,300.0,300.0,False,263,43.8,127.84,1.005,36.12,4763.91,0.03,47.22,34,72
