dem_period,oversold,overbought,tp_mult,sl_mult,kfd_thresh,monthly_profit_lock,monthly_loss_breaker,use_kfd,total_trades,trades_per_year,net_profit,pf,win_rate,max_dd,romad,mcr,pos_months,total_months
9,0.25,0.75,3.5,1.5,1.35,0.0,0.0,True,213,35.5,150.06,1.011,33.8,1810.18,0.08,54.17,39,72
9,0.25,0.75,3.5,1.5,1.35,200.0,250.0,True,170,28.3,638.48,1.066,35.88,1386.01,0.46,51.39,37,72
9,0.25,0.75,3.5,1.5,1.35,250.0,250.0,True,183,30.5,672.33,1.066,34.97,1386.01,0.49,51.39,37,72
9,0.25,0.75,3.5,1.5,1.35,300.0,300.0,True,197,32.8,741.26,1.066,34.52,1090.25,0.68,52.78,38,72
9,0.25,0.75,3.5,1.5,1.4,0.0,0.0,True,235,39.2,1.31,1.0,33.19,2181.64,0.0,51.39,37,72
9,0.25,0.75,3.5,1.5,1.4,200.0,250.0,True,185,30.8,455.43,1.043,35.14,1518.56,0.3,50.0,36,72
9,0.25,0.75,3.5,1.5,1.4,250.0,250.0,True,205,34.2,118.15,1.01,33.66,1718.62,0.07,48.61,35,72
9,0.25,0.75,3.5,1.5,1.4,300.0,300.0,True,218,36.3,29.84,1.002,33.03,1644.23,0.02,50.0,36,72
9,0.25,0.75,3.5,1.5,1.45,0.0,0.0,True,266,44.3,-431.47,0.974,32.71,2534.55,-0.17,52.78,38,72
9,0.25,0.75,3.5,1.5,1.45,200.0,250.0,True,207,34.5,-477.17,0.96,32.85,1251.83,-0.38,50.0,36,72
9,0.25,0.75,3.5,1.5,1.45,250.0,250.0,True,215,35.8,-558.68,0.955,32.56,1386.01,-0.4,50.0,36,72
9,0.25,0.75,3.5,1.5,1.45,300.0,300.0,True,231,38.5,333.69,1.025,33.33,1298.19,0.26,51.39,37,72
9,0.25,0.75,3.5,1.5,,0.0,0.0,False,914,152.3,-4117.5,0.933,30.2,5914.82,-0.7,45.83,33,72
9,0.25,0.75,3.5,1.5,,200.0,250.0,False,394,65.7,-3686.67,0.834,28.43,4197.24,-0.88,45.83,33,72
9,0.25,0.75,3.5,1.5,,250.0,250.0,False,426,71.0,-3474.97,0.859,29.11,3632.64,-0.96,43.06,31,72
9,0.25,0.75,3.5,1.5,,300.0,300.0,False,535,89.2,-3237.32,0.894,29.53,3688.91,-0.88,44.44,32,72
9,0.25,0.75,3.5,2.0,1.35,0.0,0.0,True,201,33.5,3472.24,1.254,41.29,1067.19,3.25,54.17,39,72
9,0.25,0.75,3.5,2.0,1.35,200.0,250.0,True,149,24.8,1369.42,1.145,41.61,1174.53,1.17,52.78,38,72
9,0.25,0.75,3.5,2.0,1.35,250.0,250.0,True,159,26.5,1422.51,1.141,40.88,1245.99,1.14,52.78,38,72
9,0.25,0.75,3.5,2.0,1.35,300.0,300.0,True,174,29.0,3070.49,1.274,41.38,1275.07,2.41,54.17,39,72
9,0.25,0.75,3.5,2.0,1.4,0.0,0.0,True,222,37.0,3133.84,1.206,40.54,1218.17,2.57,56.94,41,72
9,0.25,0.75,3.5,2.0,1.4,200.0,250.0,True,164,27.3,960.82,1.089,40.85,1234.39,0.78,54.17,39,72
9,0.25,0.75,3.5,2.0,1.4,250.0,250.0,True,179,29.8,1062.94,1.091,40.22,1354.87,0.78,54.17,39,72
9,0.25,0.75,3.5,2.0,1.4,300.0,300.0,True,192,32.0,2391.99,1.189,40.1,1354.87,1.77,55.56,40,72
9,0.25,0.75,3.5,2.0,1.45,0.0,0.0,True,251,41.8,2932.4,1.167,40.64,1757.93,1.67,56.94,41,72
9,0.25,0.75,3.5,2.0,1.45,200.0,250.0,True,182,30.3,1012.74,1.085,41.21,1508.12,0.67,54.17,39,72
9,0.25,0.75,3.5,2.0,1.45,250.0,250.0,True,188,31.3,1084.64,1.088,40.96,1508.12,0.72,54.17,39,72
9,0.25,0.75,3.5,2.0,1.45,300.0,300.0,True,206,34.3,2952.04,1.22,41.26,1508.12,1.96,55.56,40,72
9,0.25,0.75,3.5,2.0,,0.0,0.0,False,806,134.3,-5373.69,0.918,36.35,7713.61,-0.7,48.61,35,72
9,0.25,0.75,3.5,2.0,,200.0,250.0,False,317,52.8,-3135.44,0.859,35.33,4257.57,-0.74,47.22,34,72
9,0.25,0.75,3.5,2.0,,250.0,250.0,False,335,55.8,-2646.37,0.888,36.42,3358.92,-0.79,45.83,33,72
9,0.25,0.75,3.5,2.0,,300.0,300.0,False,412,68.7,-2413.31,0.918,36.89,3584.35,-0.67,47.22,34,72
9,0.25,0.75,3.5,2.5,1.35,0.0,0.0,True,198,33.0,2768.02,1.176,45.45,1430.41,1.94,51.39,37,72
9,0.25,0.75,3.5,2.5,1.35,200.0,250.0,True,139,23.2,1761.02,1.177,47.48,1334.85,1.32,54.17,39,72
9,0.25,0.75,3.5,2.5,1.35,250.0,250.0,True,151,25.2,1693.11,1.156,46.36,1334.85,1.27,52.78,38,72
9,0.25,0.75,3.5,2.5,1.35,300.0,300.0,True,164,27.3,2241.76,1.192,46.34,1441.63,1.56,52.78,38,72
9,0.25,0.75,3.5,2.5,1.4,0.0,0.0,True,219,36.5,2886.45,1.167,45.21,1457.2,1.98,51.39,37,72
9,0.25,0.75,3.5,2.5,1.4,200.0,250.0,True,150,25.0,1548.34,1.143,46.67,1342.7,1.15,55.56,40,72
9,0.25,0.75,3.5,2.5,1.4,250.0,250.0,True,167,27.8,1458.34,1.12,45.51,1342.7,1.09,54.17,39,72
9,0.25,0.75,3.5,2.5,1.4,300.0,300.0,True,182,30.3,2710.31,1.212,46.15,1449.48,1.87,55.56,40,72
9,0.25,0.75,3.5,2.5,1.45,0.0,0.0,True,248,41.3,2103.79,1.104,44.76,2501.13,0.84,50.0,36,72
9,0.25,0.75,3.5,2.5,1.45,200.0,250.0,True,168,28.0,1331.14,1.107,46.43,1257.05,1.06,54.17,39,72
9,0.25,0.75,3.5,2.5,1.45,250.0,250.0,True,176,29.3,1345.86,1.104,46.02,1260.64,1.07,52.78,38,72
9,0.25,0.75,3.5,2.5,1.45,300.0,300.0,True,198,33.0,3406.89,1.247,47.47,1260.64,2.7,54.17,39,72
9,0.25,0.75,3.5,2.5,,0.0,0.0,False,725,120.8,-2044.13,0.969,42.48,7440.5,-0.27,51.39,37,72
9,0.25,0.75,3.5,2.5,,200.0,250.0,False,253,42.2,-2094.2,0.894,40.71,3650.14,-0.57,48.61,35,72
9,0.25,0.75,3.5,2.5,,250.0,250.0,False,274,45.7,-2217.12,0.898,41.24,3221.66,-0.69,47.22,34,72
9,0.25,0.75,3.5,2.5,,300.0,300.0,False,361,60.2,-2727.59,0.906,41.55,4729.95,-0.58,48.61,35,72
9,0.25,0.75,4.0,1.5,1.35,0.0,0.0,True,209,34.8,-830.59,0.939,29.67,1827.37,-0.45,48.61,35,72
9,0.25,0.75,4.0,1.5,1.35,200.0,250.0,True,171,28.5,290.2,1.029,30.41,1462.06,0.2,47.22,34,72
9,0.25,0.75,4.0,1.5,1.35,250.0,250.0,True,180,30.0,233.84,1.022,30.56,1386.01,0.17,45.83,33,72
9,0.25,0.75,4.0,1.5,1.35,300.0,300.0,True,187,31.2,881.15,1.08,31.02,1166.5,0.76,48.61,35,72
9,0.25,0.75,4.0,1.5,1.4,0.0,0.0,True,230,38.3,-764.67,0.949,29.57,2023.06,-0.38,47.22,34,72
9,0.25,0.75,4.0,1.5,1.4,200.0,250.0,True,188,31.3,-46.5,0.996,29.79,1911.78,-0.02,47.22,34,72
9,0.25,0.75,4.0,1.5,1.4,250.0,250.0,True,200,33.3,-342.44,0.972,29.5,2054.23,-0.17,45.83,33,72
9,0.25,0.75,4.0,1.5,1.4,300.0,300.0,True,209,34.8,66.49,1.005,29.67,1780.78,0.04,47.22,34,72
9,0.25,0.75,4.0,1.5,1.45,0.0,0.0,True,261,43.5,-1271.45,0.926,29.12,2330.18,-0.55,47.22,34,72
9,0.25,0.75,4.0,1.5,1.45,200.0,250.0,True,204,34.0,-170.98,0.986,29.41,1256.37,-0.14,47.22,34,72
9,0.25,0.75,4.0,1.5,1.45,250.0,250.0,True,213,35.5,-917.24,0.93,28.64,1824.03,-0.5,45.83,33,72
9,0.25,0.75,4.0,1.5,1.45,300.0,300.0,True,225,37.5,-70.33,0.995,29.33,1566.52,-0.04,47.22,34,72
9,0.25,0.75,4.0,1.5,,0.0,0.0,False,874,145.7,-5202.85,0.915,28.03,5859.75,-0.89,41.67,30,72
9,0.25,0.75,4.0,1.5,,200.0,250.0,False,388,64.7,-2493.49,0.889,27.06,3841.52,-0.65,44.44,32,72
9,0.25,0.75,4.0,1.5,,250.0,250.0,False,404,67.3,-1368.81,0.94,27.97,2706.91,-0.51,44.44,32,72
9,0.25,0.75,4.0,1.5,,300.0,300.0,False,484,80.7,-1836.83,0.936,28.1,2898.97,-0.63,45.83,33,72
9,0.25,0.75,4.0,2.0,1.35,0.0,0.0,True,197,32.8,3438.81,1.24,38.07,1134.51,3.03,55.56,40,72
9,0.25,0.75,4.0,2.0,1.35,200.0,250.0,True,144,24.0,1435.05,1.15,37.5,1145.48,1.25,52.78,38,72
9,0.25,0.75,4.0,2.0,1.35,250.0,250.0,True,152,25.3,1959.85,1.197,38.16,1145.48,1.71,52.78,38,72
9,0.25,0.75,4.0,2.0,1.35,300.0,300.0,True,161,26.8,4022.3,1.381,39.13,1273.69,3.16,55.56,40,72
9,0.25,0.75,4.0,2.0,1.4,0.0,0.0,True,217,36.2,2834.82,1.178,36.87,1041.29,2.72,55.56,40,72
9,0.25,0.75,4.0,2.0,1.4,200.0,250.0,True,158,26.3,527.89,1.048,36.08,1503.99,0.35,51.39,37,72
9,0.25,0.75,4.0,2.0,1.4,250.0,250.0,True,169,28.2,1106.45,1.096,36.69,1284.54,0.86,51.39,37,72
9,0.25,0.75,4.0,2.0,1.4,300.0,300.0,True,180,30.0,2682.29,1.216,36.67,1356.0,1.98,52.78,38,72
9,0.25,0.75,4.0,2.0,1.45,0.0,0.0,True,247,41.2,2555.63,1.138,36.84,1614.0,1.58,55.56,40,72
9,0.25,0.75,4.0,2.0,1.45,200.0,250.0,True,172,28.7,1155.75,1.097,37.21,1405.11,0.82,51.39,37,72
9,0.25,0.75,4.0,2.0,1.45,250.0,250.0,True,182,30.3,924.52,1.073,36.81,1603.36,0.58,50.0,36,72
9,0.25,0.75,4.0,2.0,1.45,300.0,300.0,True,192,32.0,3016.67,1.227,37.5,1603.36,1.88,51.39,37,72
9,0.25,0.75,4.0,2.0,,0.0,0.0,False,772,128.7,-6710.54,0.9,33.55,7486.27,-0.9,47.22,34,72
9,0.25,0.75,4.0,2.0,,200.0,250.0,False,297,49.5,-720.81,0.965,33.67,3419.95,-0.21,50.0,36,72
9,0.25,0.75,4.0,2.0,,250.0,250.0,False,318,53.0,-1634.99,0.929,33.65,3783.1,-0.43,47.22,34,72
9,0.25,0.75,4.0,2.0,,300.0,300.0,False,381,63.5,-689.13,0.975,34.91,2132.54,-0.32,50.0,36,72
9,0.25,0.75,4.0,2.5,1.35,0.0,0.0,True,194,32.3,2769.86,1.168,42.27,1379.52,2.01,51.39,37,72
9,0.25,0.75,4.0,2.5,1.35,200.0,250.0,True,134,22.3,1787.7,1.176,43.28,1215.72,1.47,51.39,37,72
9,0.25,0.75,4.0,2.5,1.35,250.0,250.0,True,142,23.7,2603.33,1.247,44.37,1215.72,2.14,51.39,37,72
9,0.25,0.75,4.0,2.5,1.35,300.0,300.0,True,152,25.3,2067.9,1.18,42.76,1320.43,1.57,51.39,37,72
9,0.25,0.75,4.0,2.5,1.4,0.0,0.0,True,214,35.7,2666.58,1.147,41.59,1379.52,1.93,55.56,40,72
9,0.25,0.75,4.0,2.5,1.4,200.0,250.0,True,146,24.3,1179.29,1.104,41.78,1486.94,0.79,54.17,39,72
9,0.25,0.75,4.0,2.5,1.4,250.0,250.0,True,158,26.3,1816.41,1.151,42.41,1444.33,1.26,54.17,39,72
9,0.25,0.75,4.0,2.5,1.4,300.0,300.0,True,170,28.3,1795.8,1.138,41.76,1551.11,1.16,54.17,39,72
9,0.25,0.75,4.0,2.5,1.45,0.0,0.0,True,244,40.7,1763.59,1.083,40.98,2293.76,0.77,54.17,39,72
9,0.25,0.75,4.0,2.5,1.45,200.0,250.0,True,158,26.3,1871.19,1.154,43.04,1456.45,1.28,56.94,41,72
9,0.25,0.75,4.0,2.5,1.45,250.0,250.0,True,169,28.2,1644.48,1.125,42.6,1298.37,1.27,55.56,40,72
9,0.25,0.75,4.0,2.5,1.45,300.0,300.0,True,183,30.5,1769.52,1.124,42.08,1542.97,1.15,55.56,40,72
9,0.25,0.75,4.0,2.5,,0.0,0.0,False,692,115.3,-3792.97,0.944,39.31,6710.95,-0.57,50.0,36,72
9,0.25,0.75,4.0,2.5,,200.0,250.0,False,241,40.2,-1914.52,0.902,37.76,3982.1,-0.48,47.22,34,72
9,0.25,0.75,4.0,2.5,,250.0,250.0,False,264,44.0,-1331.59,0.937,38.64,3361.14,-0.4,47.22,34,72
9,0.25,0.75,4.0,2.5,,300.0,300.0,False,311,51.8,-297.39,0.988,40.19,1865.55,-0.16,51.39,37,72
9,0.25,0.75,4.5,1.5,1.35,0.0,0.0,True,206,34.3,-1587.84,0.888,26.7,2025.66,-0.78,47.22,34,72
9,0.25,0.75,4.5,1.5,1.35,200.0,250.0,True,164,27.3,-798.54,0.922,26.83,1695.0,-0.47,44.44,32,72
9,0.25,0.75,4.5,1.5,1.35,250.0,250.0,True,173,28.8,-948.41,0.912,26.59,1805.31,-0.53,44.44,32,72
9,0.25,0.75,4.5,1.5,1.35,300.0,300.0,True,183,30.5,-356.76,0.969,27.32,1398.91,-0.26,45.83,33,72
9,0.25,0.75,4.5,1.5,1.4,0.0,0.0,True,227,37.8,-1363.01,0.911,26.87,2187.49,-0.62,47.22,34,72
9,0.25,0.75,4.5,1.5,1.4,200.0,250.0,True,179,29.8,-780.68,0.93,26.82,1637.24,-0.48,48.61,35,72
9,0.25,0.75,4.5,1.5,1.4,250.0,250.0,True,190,31.7,-1182.24,0.901,26.32,2195.09,-0.54,47.22,34,72
9,0.25,0.75,4.5,1.5,1.4,300.0,300.0,True,204,34.0,-1015.62,0.922,26.47,1743.8,-0.58,47.22,34,72
9,0.25,0.75,4.5,1.5,1.45,0.0,0.0,True,257,42.8,-1896.81,0.892,26.46,2715.2,-0.7,47.22,34,72
9,0.25,0.75,4.5,1.5,1.45,200.0,250.0,True,191,31.8,-865.1,0.927,26.18,1697.07,-0.51,48.61,35,72
9,0.25,0.75,4.5,1.5,1.45,250.0,250.0,True,207,34.5,-1397.53,0.892,25.6,1982.89,-0.7,47.22,34,72
9,0.25,0.75,4.5,1.5,1.45,300.0,300.0,True,219,36.5,-1774.17,0.873,25.11,2319.37,-0.76,47.22,34,72
9,0.25,0.75,4.5,1.5,,0.0,0.0,False,861,143.5,-3510.56,0.943,26.13,5596.98,-0.63,43.06,31,72
9,0.25,0.75,4.5,1.5,,200.0,250.0,False,342,57.0,-1521.02,0.925,24.85,3028.95,-0.5,48.61,35,72
9,0.25,0.75,4.5,1.5,,250.0,250.0,False,385,64.2,-398.36,0.982,26.23,2643.61,-0.15,47.22,34,72
9,0.25,0.75,4.5,1.5,,300.0,300.0,False,457,76.2,-594.83,0.978,26.48,3344.12,-0.18,47.22,34,72
9,0.25,0.75,4.5,2.0,1.35,0.0,0.0,True,194,32.3,3144.12,1.212,35.05,1375.54,2.29,55.56,40,72
9,0.25,0.75,4.5,2.0,1.35,200.0,250.0,True,138,23.0,115.85,1.011,33.33,1535.13,0.08,48.61,35,72
9,0.25,0.75,4.5,2.0,1.35,250.0,250.0,True,150,25.0,-146.76,0.987,32.67,1535.13,-0.1,48.61,35,72
9,0.25,0.75,4.5,2.0,1.35,300.0,300.0,True,160,26.7,2918.7,1.255,35.0,1663.34,1.75,51.39,37,72
9,0.25,0.75,4.5,2.0,1.4,0.0,0.0,True,214,35.7,2964.19,1.181,34.58,1249.8,2.37,55.56,40,72
9,0.25,0.75,4.5,2.0,1.4,200.0,250.0,True,152,25.3,-19.8,0.998,33.55,1440.83,-0.01,50.0,36,72
9,0.25,0.75,4.5,2.0,1.4,250.0,250.0,True,164,27.3,-282.41,0.977,32.93,1843.88,-0.15,50.0,36,72
9,0.25,0.75,4.5,2.0,1.4,300.0,300.0,True,178,29.7,2023.46,1.154,33.71,1473.61,1.37,51.39,37,72
9,0.25,0.75,4.5,2.0,1.45,0.0,0.0,True,243,40.5,3032.89,1.161,34.98,2153.54,1.41,55.56,40,72
9,0.25,0.75,4.5,2.0,1.45,200.0,250.0,True,162,27.0,169.41,1.014,33.33,1460.29,0.12,50.0,36,72
9,0.25,0.75,4.5,2.0,1.45,250.0,250.0,True,177,29.5,198.01,1.015,33.9,1805.86,0.11,48.61,35,72
9,0.25,0.75,4.5,2.0,1.45,300.0,300.0,True,190,31.7,2210.61,1.158,34.21,1721.39,1.28,50.0,36,72
9,0.25,0.75,4.5,2.0,,0.0,0.0,False,756,126.0,-5476.87,0.919,31.08,6873.23,-0.8,51.39,37,72
9,0.25,0.75,4.5,2.0,,200.0,250.0,False,257,42.8,-1577.39,0.916,29.18,3161.58,-0.5,48.61,35,72
9,0.25,0.75,4.5,2.0,,250.0,250.0,False,292,48.7,-2112.95,0.902,29.79,4274.19,-0.49,45.83,33,72
9,0.25,0.75,4.5,2.0,,300.0,300.0,False,357,59.5,-1351.81,0.95,31.93,2208.81,-0.61,48.61,35,72
9,0.25,0.75,4.5,2.5,1.35,0.0,0.0,True,190,31.7,2239.99,1.13,38.95,1758.53,1.27,50.0,36,72
9,0.25,0.75,4.5,2.5,1.35,200.0,250.0,True,125,20.8,792.49,1.076,40.0,1436.78,0.55,48.61,35,72
9,0.25,0.75,4.5,2.5,1.35,250.0,250.0,True,137,22.8,473.93,1.042,38.69,1476.28,0.32,47.22,34,72
9,0.25,0.75,4.5,2.5,1.35,300.0,300.0,True,149,24.8,759.6,1.062,38.93,1721.14,0.44,47.22,34,72
9,0.25,0.75,4.5,2.5,1.4,0.0,0.0,True,210,35.0,2652.36,1.142,39.05,1850.29,1.43,55.56,40,72
9,0.25,0.75,4.5,2.5,1.4,200.0,250.0,True,136,22.7,825.15,1.073,39.71,1297.63,0.64,52.78,38,72
9,0.25,0.75,4.5,2.5,1.4,250.0,250.0,True,149,24.8,716.63,1.058,38.93,1311.13,0.55,51.39,37,72
9,0.25,0.75,4.5,2.5,1.4,300.0,300.0,True,164,27.3,990.03,1.073,39.02,1681.64,0.59,51.39,37,72
9,0.25,0.75,4.5,2.5,1.45,0.0,0.0,True,239,39.8,2111.31,1.097,38.91,2885.88,0.73,54.17,39,72
9,0.25,0.75,4.5,2.5,1.45,200.0,250.0,True,143,23.8,895.93,1.075,39.16,1419.59,0.63,52.78,38,72
9,0.25,0.75,4.5,2.5,1.45,250.0,250.0,True,159,26.5,1009.71,1.077,39.62,1513.44,0.67,51.39,37,72
9,0.25,0.75,4.5,2.5,1.45,300.0,300.0,True,173,28.8,478.01,1.033,38.73,1906.65,0.25,51.39,37,72
9,0.25,0.75,4.5,2.5,,0.0,0.0,False,670,111.7,-3783.4,0.945,36.27,7773.62,-0.49,45.83,33,72
9,0.25,0.75,4.5,2.5,,200.0,250.0,False,214,35.7,-2347.91,0.869,33.18,3740.19,-0.63,45.83,33,72
9,0.25,0.75,4.5,2.5,,250.0,250.0,False,250,41.7,-2251.64,0.893,34.8,4089.01,-0.55,41.67,30,72
9,0.25,0.75,4.5,2.5,,300.0,300.0,False,298,49.7,-1061.23,0.958,36.58,2353.32,-0.45,47.22,34,72
9,0.25,0.75,5.0,1.5,1.35,0.0,0.0,True,204,34.0,-2278.78,0.843,24.02,2829.72,-0.81,44.44,32,72
9,0.25,0.75,5.0,1.5,1.35,200.0,250.0,True,165,27.5,-828.54,0.923,24.85,1695.0,-0.49,41.67,30,72
9,0.25,0.75,5.0,1.5,1.35,250.0,250.0,True,170,28.3,-916.49,0.917,24.71,1695.0,-0.54,41.67,30,72
9,0.25,0.75,5.0,1.5,1.35,300.0,300.0,True,182,30.3,-806.02,0.932,24.73,1837.42,-0.44,43.06,31,72
9,0.25,0.75,5.0,1.5,1.4,0.0,0.0,True,224,37.3,-1857.32,0.881,24.55,2811.51,-0.66,47.22,34,72
9,0.25,0.75,5.0,1.5,1.4,200.0,250.0,True,179,29.8,-670.1,0.942,25.14,1560.82,-0.43,45.83,33,72
9,0.25,0.75,5.0,1.5,1.4,250.0,250.0,True,184,30.7,-758.05,0.936,25.0,1635.18,-0.46,45.83,33,72
9,0.25,0.75,5.0,1.5,1.4,300.0,300.0,True,200,33.3,-1178.81,0.91,24.5,1764.93,-0.67,45.83,33,72
9,0.25,0.75,5.0,1.5,1.45,0.0,0.0,True,252,42.0,-2083.03,0.883,24.6,3586.96,-0.58,48.61,35,72
9,0.25,0.75,5.0,1.5,1.45,200.0,250.0,True,185,30.8,-665.53,0.944,24.86,1708.73,-0.39,48.61,35,72
9,0.25,0.75,5.0,1.5,1.45,250.0,250.0,True,201,33.5,-1086.84,0.916,24.38,1971.29,-0.55,47.22,34,72
9,0.25,0.75,5.0,1.5,1.45,300.0,300.0,True,214,35.7,-1584.88,0.887,23.83,2312.09,-0.69,47.22,34,72
9,0.25,0.75,5.0,1.5,,0.0,0.0,False,830,138.3,-5336.81,0.913,23.73,7065.14,-0.76,44.44,32,72
9,0.25,0.75,5.0,1.5,,200.0,250.0,False,326,54.3,-2444.25,0.879,22.7,3726.98,-0.66,44.44,32,72
9,0.25,0.75,5.0,1.5,,250.0,250.0,False,374,62.3,-3147.08,0.864,22.99,4484.47,-0.7,38.89,28,72
9,0.25,0.75,5.0,1.5,,300.0,300.0,False,424,70.7,-1361.95,0.947,23.82,3635.64,-0.37,43.06,31,72
9,0.25,0.75,5.0,2.0,1.35,0.0,0.0,True,192,32.0,2717.77,1.176,31.77,1787.32,1.52,51.39,37,72
9,0.25,0.75,5.0,2.0,1.35,200.0,250.0,True,136,22.7,612.03,1.058,31.62,2248.61,0.27,45.83,33,72
9,0.25,0.75,5.0,2.0,1.35,250.0,250.0,True,146,24.3,337.69,1.03,30.82,2248.61,0.15,45.83,33,72
9,0.25,0.75,5.0,2.0,1.35,300.0,300.0,True,159,26.5,1496.42,1.124,32.08,2248.61,0.67,48.61,35,72
9,0.25,0.75,5.0,2.0,1.4,0.0,0.0,True,211,35.2,2824.1,1.167,31.75,1787.32,1.58,51.39,37,72
9,0.25,0.75,5.0,2.0,1.4,200.0,250.0,True,147,24.5,1079.14,1.095,32.65,2071.77,0.52,51.39,37,72
9,0.25,0.75,5.0,2.0,1.4,250.0,250.0,True,160,26.7,393.1,1.032,31.25,2385.93,0.16,48.61,35,72
9,0.25,0.75,5.0,2.0,1.4,300.0,300.0,True,175,29.2,934.28,1.069,31.43,2071.77,0.45,48.61,35,72
9,0.25,0.75,5.0,2.0,1.45,0.0,0.0,True,236,39.3,2959.91,1.154,32.2,2691.06,1.1,51.39,37,72
9,0.25,0.75,5.0,2.0,1.45,200.0,250.0,True,158,26.3,401.74,1.033,31.01,2252.4,0.18,50.0,36,72
9,0.25,0.75,5.0,2.0,1.45,250.0,250.0,True,173,28.8,702.52,1.053,31.79,2252.4,0.31,47.22,34,72
9,0.25,0.75,5.0,2.0,1.45,300.0,300.0,True,186,31.0,1045.07,1.072,31.72,2252.4,0.46,47.22,34,72
9,0.25,0.75,5.0,2.0,,0.0,0.0,False,720,120.0,-6240.34,0.906,28.61,7827.81,-0.8,44.44,32,72
9,0.25,0.75,5.0,2.0,,200.0,250.0,False,266,44.3,-1329.37,0.933,27.82,2564.94,-0.52,45.83,33,72
9,0.25,0.75,5.0,2.0,,250.0,250.0,False,293,48.8,-357.27,0.984,28.67,2992.88,-0.12,44.44,32,72
9,0.25,0.75,5.0,2.0,,300.0,300.0,False,330,55.0,797.85,1.033,30.0,2140.77,0.37,48.61,35,72
9,0.25,0.75,5.0,2.5,1.35,0.0,0.0,True,188,31.3,1884.21,1.106,35.64,2370.68,0.79,51.39,37,72
9,0.25,0.75,5.0,2.5,1.35,200.0,250.0,True,125,20.8,183.92,1.016,36.8,2557.4,0.07,47.22,34,72
9,0.25,0.75,5.0,2.5,1.35,250.0,250.0,True,135,22.5,-244.98,0.98,35.56,2557.4,-0.1,47.22,34,72
9,0.25,0.75,5.0,2.5,1.35,300.0,300.0,True,150,25.0,-629.94,0.954,34.67,2802.26,-0.22,45.83,33,72
9,0.25,0.75,5.0,2.5,1.4,0.0,0.0,True,207,34.5,2669.36,1.138,36.23,2370.68,1.13,55.56,40,72
9,0.25,0.75,5.0,2.5,1.4,200.0,250.0,True,134,22.3,571.97,1.047,37.31,2337.9,0.24,52.78,38,72
9,0.25,0.75,5.0,2.5,1.4,250.0,250.0,True,145,24.2,46.12,1.004,35.86,2337.9,0.02,51.39,37,72
9,0.25,0.75,5.0,2.5,1.4,300.0,300.0,True,162,27.0,136.22,1.009,35.8,2582.76,0.05,50.0,36,72
9,0.25,0.75,5.0,2.5,1.45,0.0,0.0,True,232,38.7,2227.95,1.1,36.21,3654.82,0.61,52.78,38,72
9,0.25,0.75,5.0,2.5,1.45,200.0,250.0,True,142,23.7,-333.13,0.974,35.21,2540.21,-0.13,51.39,37,72
9,0.25,0.75,5.0,2.5,1.45,250.0,250.0,True,155,25.8,141.43,1.01,36.13,2540.21,0.06,50.0,36,72
9,0.25,0.75,5.0,2.5,1.45,300.0,300.0,True,170,28.3,-514.82,0.967,35.29,2807.77,-0.18,48.61,35,72
9,0.25,0.75,5.0,2.5,,0.0,0.0,False,638,106.3,-4658.62,0.932,33.54,8915.99,-0.52,44.44,32,72
9,0.25,0.75,5.0,2.5,,200.0,250.0,False,204,34.0,-2218.55,0.876,31.37,3052.72,-0.73,45.83,33,72
9,0.25,0.75,5.0,2.5,,250.0,250.0,False,237,39.5,-2538.35,0.878,31.65,4040.63,-0.63,43.06,31,72
9,0.25,0.75,5.0,2.5,,300.0,300.0,False,281,46.8,-1897.57,0.923,33.81,2907.72,-0.65,45.83,33,72
9,0.3,0.7,3.5,1.5,1.35,0.0,0.0,True,276,46.0,-1165.7,0.931,32.25,2964.12,-0.39,40.28,29,72
9,0.3,0.7,3.5,1.5,1.35,200.0,250.0,True,221,36.8,-518.11,0.959,32.13,1680.86,-0.31,43.06,31,72
9,0.3,0.7,3.5,1.5,1.35,250.0,250.0,True,231,38.5,-1135.46,0.915,31.17,2237.69,-0.51,41.67,30,72
9,0.3,0.7,3.5,1.5,1.35,300.0,300.0,True,245,40.8,-888.47,0.937,31.84,2139.48,-0.42,41.67,30,72
9,0.3,0.7,3.5,1.5,1.4,0.0,0.0,True,307,51.2,-1325.83,0.929,31.92,2704.41,-0.49,40.28,29,72
9,0.3,0.7,3.5,1.5,1.4,200.0,250.0,True,236,39.3,-593.73,0.956,31.78,1567.19,-0.38,43.06,31,72
9,0.3,0.7,3.5,1.5,1.4,250.0,250.0,True,251,41.8,-1173.86,0.919,31.08,2158.05,-0.54,41.67,30,72
9,0.3,0.7,3.5,1.5,1.4,300.0,300.0,True,268,44.7,-1149.74,0.926,31.34,2059.84,-0.56,41.67,30,72
9,0.3,0.7,3.5,1.5,1.45,0.0,0.0,True,343,57.2,-2624.97,0.877,30.61,3661.67,-0.72,43.06,31,72
9,0.3,0.7,3.5,1.5,1.45,200.0,250.0,True,251,41.8,-1223.32,0.914,30.68,2019.65,-0.61,45.83,33,72
9,0.3,0.7,3.5,1.5,1.45,250.0,250.0,True,263,43.8,-1689.25,0.889,30.42,2204.38,-0.77,44.44,32,72
9,0.3,0.7,3.5,1.5,1.45,300.0,300.0,True,293,48.8,-1479.67,0.912,30.72,2106.17,-0.7,44.44,32,72
9,0.3,0.7,3.5,1.5,,0.0,0.0,False,1034,172.3,-5808.15,0.916,29.59,9824.04,-0.59,40.28,29,72
9,0.3,0.7,3.5,1.5,,200.0,250.0,False,376,62.7,-3924.2,0.816,27.66,4372.91,-0.9,41.67,30,72
9,0.3,0.7,3.5,1.5,,250.0,250.0,False,406,67.7,-3482.47,0.848,28.33,3898.53,-0.89,38.89,28,72
9,0.3,0.7,3.5,1.5,,300.0,300.0,False,513,85.5,-5212.28,0.826,27.68,5985.33,-0.87,36.11,26,72
9,0.3,0.7,3.5,2.0,1.35,0.0,0.0,True,259,43.2,2355.95,1.13,40.93,1936.78,1.22,54.17,39,72
9,0.3,0.7,3.5,2.0,1.35,200.0,250.0,True,210,35.0,3051.3,1.231,42.38,1341.13,2.28,54.17,39,72
9,0.3,0.7,3.5,2.0,1.35,250.0,250.0,True,215,35.8,2669.53,1.196,41.4,1341.13,1.99,54.17,39,72
9,0.3,0.7,3.5,2.0,1.35,300.0,300.0,True,227,37.8,2319.44,1.157,41.41,1694.71,1.37,54.17,39,72
9,0.3,0.7,3.5,2.0,1.4,0.0,0.0,True,289,48.2,1886.05,1.093,40.14,1852.14,1.02,54.17,39,72
9,0.3,0.7,3.5,2.0,1.4,200.0,250.0,True,219,36.5,2516.31,1.179,41.55,1101.88,2.28,54.17,39,72
9,0.3,0.7,3.5,2.0,1.4,250.0,250.0,True,225,37.5,2046.85,1.141,40.44,1256.49,1.63,54.17,39,72
9,0.3,0.7,3.5,2.0,1.4,300.0,300.0,True,243,40.5,1671.71,1.104,40.33,1610.07,1.04,54.17,39,72
9,0.3,0.7,3.5,2.0,1.45,0.0,0.0,True,321,53.5,147.23,1.006,38.32,2680.08,0.05,52.78,38,72
9,0.3,0.7,3.5,2.0,1.45,200.0,250.0,True,220,36.7,1839.66,1.13,40.0,1226.15,1.5,51.39,37,72
9,0.3,0.7,3.5,2.0,1.45,250.0,250.0,True,224,37.3,1774.62,1.123,39.73,1279.37,1.39,51.39,37,72
9,0.3,0.7,3.5,2.0,1.45,300.0,300.0,True,262,43.7,1043.16,1.059,38.93,1628.23,0.64,51.39,37,72
9,0.3,0.7,3.5,2.0,,0.0,0.0,False,913,152.2,-5681.88,0.923,35.82,10849.34,-0.52,40.28,29,72
9,0.3,0.7,3.5,2.0,,200.0,250.0,False,302,50.3,-3643.15,0.826,35.1,4958.74,-0.73,44.44,32,72
9,0.3,0.7,3.5,2.0,,250.0,250.0,False,330,55.0,-3939.75,0.832,34.55,4628.44,-0.85,40.28,29,72
9,0.3,0.7,3.5,2.0,,300.0,300.0,False,402,67.0,-5859.43,0.801,33.33,6390.71,-0.92,38.89,28,72
9,0.3,0.7,3.5,2.5,1.35,0.0,0.0,True,251,41.8,2292.18,1.115,45.82,2112.35,1.09,52.78,38,72
9,0.3,0.7,3.5,2.5,1.35,200.0,250.0,True,181,30.2,844.5,1.065,46.41,2042.03,0.41,52.78,38,72
9,0.3,0.7,3.5,2.5,1.35,250.0,250.0,True,190,31.7,-7.32,0.999,44.74,2042.03,-0.0,50.0,36,72
9,0.3,0.7,3.5,2.5,1.35,300.0,300.0,True,212,35.3,782.41,1.051,45.75,1928.01,0.41,50.0,36,72
9,0.3,0.7,3.5,2.5,1.4,0.0,0.0,True,280,46.7,1773.79,1.079,45.0,2178.43,0.81,50.0,36,72
9,0.3,0.7,3.5,2.5,1.4,200.0,250.0,True,190,31.7,683.21,1.049,46.32,1787.2,0.38,51.39,37,72
9,0.3,0.7,3.5,2.5,1.4,250.0,250.0,True,202,33.7,-127.62,0.992,44.55,1997.35,-0.06,48.61,35,72
9,0.3,0.7,3.5,2.5,1.4,300.0,300.0,True,224,37.3,560.28,1.034,45.54,1883.33,0.3,48.61,35,72
9,0.3,0.7,3.5,2.5,1.45,0.0,0.0,True,311,51.8,-133.94,0.995,43.41,3253.2,-0.04,52.78,38,72
9,0.3,0.7,3.5,2.5,1.45,200.0,250.0,True,208,34.7,-546.24,0.965,43.75,2376.69,-0.23,48.61,35,72
9,0.3,0.7,3.5,2.5,1.45,250.0,250.0,True,218,36.3,-767.2,0.953,43.12,2487.37,-0.31,48.61,35,72
9,0.3,0.7,3.5,2.5,1.45,300.0,300.0,True,246,41.0,161.65,1.009,44.72,1914.37,0.08,51.39,37,72
9,0.3,0.7,3.5,2.5,,0.0,0.0,False,805,134.2,-3305.25,0.955,41.61,10019.63,-0.33,41.67,30,72
9,0.3,0.7,3.5,2.5,,200.0,250.0,False,255,42.5,-4618.95,0.771,38.82,5938.79,-0.78,43.06,31,72
9,0.3,0.7,3.5,2.5,,250.0,250.0,False,268,44.7,-5702.83,0.738,38.06,5897.86,-0.97,38.89,28,72
9,0.3,0.7,3.5,2.5,,300.0,300.0,False,337,56.2,-4643.05,0.828,40.06,5815.37,-0.8,40.28,29,72
9,0.3,0.7,4.0,1.5,1.35,0.0,0.0,True,270,45.0,-1702.68,0.903,29.26,2695.71,-0.63,37.5,27,72
9,0.3,0.7,4.0,1.5,1.35,200.0,250.0,True,221,36.8,-1038.96,0.921,28.05,1776.07,-0.58,40.28,29,72
9,0.3,0.7,4.0,1.5,1.35,250.0,250.0,True,227,37.8,-595.24,0.956,28.63,1776.07,-0.34,40.28,29,72
9,0.3,0.7,4.0,1.5,1.35,300.0,300.0,True,237,39.5,-876.74,0.938,28.69,1915.13,-0.46,38.89,28,72
9,0.3,0.7,4.0,1.5,1.4,0.0,0.0,True,301,50.2,-1640.84,0.915,29.24,2422.25,-0.68,40.28,29,72
9,0.3,0.7,4.0,1.5,1.4,200.0,250.0,True,235,39.2,-754.49,0.946,28.51,1461.1,-0.52,43.06,31,72
9,0.3,0.7,4.0,1.5,1.4,250.0,250.0,True,247,41.2,-661.89,0.954,28.34,1469.15,-0.45,43.06,31,72
9,0.3,0.7,4.0,1.5,1.4,300.0,300.0,True,263,43.8,-1201.61,0.924,28.14,1847.9,-0.65,41.67,30,72
9,0.3,0.7,4.0,1.5,1.45,0.0,0.0,True,337,56.2,-3082.56,0.859,27.89,3442.37,-0.9,41.67,30,72
9,0.3,0.7,4.0,1.5,1.45,200.0,250.0,True,246,41.0,-1317.64,0.909,27.64,2179.08,-0.6,44.44,32,72
9,0.3,0.7,4.0,1.5,1.45,250.0,250.0,True,257,42.8,-1242.79,0.918,27.63,2179.08,-0.57,44.44,32,72
9,0.3,0.7,4.0,1.5,1.45,300.0,300.0,True,276,46.0,-1665.97,0.9,27.54,2071.88,-0.8,43.06,31,72
9,0.3,0.7,4.0,1.5,,0.0,0.0,False,990,165.0,-4576.8,0.933,27.68,8065.4,-0.57,44.44,32,72
9,0.3,0.7,4.0,1.5,,200.0,250.0,False,382,63.7,-4033.19,0.82,25.65,5049.29,-0.8,41.67,30,72
9,0.3,0.7,4.0,1.5,,250.0,250.0,False,408,68.0,-3082.06,0.869,26.47,4648.73,-0.66,41.67,30,72
9,0.3,0.7,4.0,1.5,,300.0,300.0,False,511,85.2,-4261.31,0.857,26.42,5130.94,-0.83,40.28,29,72
9,0.3,0.7,4.0,2.0,1.35,0.0,0.0,True,252,42.0,2481.99,1.133,38.1,1726.46,1.44,54.17,39,72
9,0.3,0.7,4.0,2.0,1.35,200.0,250.0,True,194,32.3,1998.27,1.157,38.14,1075.73,1.86,55.56,40,72
9,0.3,0.7,4.0,2.0,1.35,250.0,250.0,True,207,34.5,3100.99,1.224,38.16,1243.64,2.49,54.17,39,72
9,0.3,0.7,4.0,2.0,1.35,300.0,300.0,True,212,35.3,2564.29,1.175,37.74,1597.22,1.61,54.17,39,72
9,0.3,0.7,4.0,2.0,1.4,0.0,0.0,True,282,47.0,1739.88,1.083,36.88,1672.09,1.04,52.78,38,72
9,0.3,0.7,4.0,2.0,1.4,200.0,250.0,True,198,33.0,1386.07,1.103,37.37,1106.14,1.25,52.78,38,72
9,0.3,0.7,4.0,2.0,1.4,250.0,250.0,True,217,36.2,2223.54,1.149,36.87,1138.49,1.95,51.39,37,72
9,0.3,0.7,4.0,2.0,1.4,300.0,300.0,True,227,37.8,1599.75,1.1,36.12,1492.07,1.07,51.39,37,72
9,0.3,0.7,4.0,2.0,1.45,0.0,0.0,True,315,52.5,356.76,1.015,35.56,2398.9,0.15,50.0,36,72
9,0.3,0.7,4.0,2.0,1.45,200.0,250.0,True,199,33.2,1441.61,1.11,37.19,1253.33,1.15,52.78,38,72
9,0.3,0.7,4.0,2.0,1.45,250.0,250.0,True,219,36.5,1956.36,1.131,36.53,1259.46,1.55,48.61,35,72
9,0.3,0.7,4.0,2.0,1.45,300.0,300.0,True,243,40.5,1480.92,1.086,35.8,1510.23,0.98,48.61,35,72
9,0.3,0.7,4.0,2.0,,0.0,0.0,False,872,145.3,-4568.63,0.938,33.26,10051.47,-0.45,43.06,31,72
9,0.3,0.7,4.0,2.0,,200.0,250.0,False,298,49.7,-2964.18,0.86,32.55,4547.01,-0.65,44.44,32,72
9,0.3,0.7,4.0,2.0,,250.0,250.0,False,310,51.7,-3660.73,0.838,32.58,4918.12,-0.74,41.67,30,72
9,0.3,0.7,4.0,2.0,,300.0,300.0,False,387,64.5,-3969.33,0.861,33.07,4867.59,-0.82,43.06,31,72
9,0.3,0.7,4.0,2.5,1.35,0.0,0.0,True,243,40.5,2339.81,1.114,43.21,1943.64,1.2,50.0,36,72
9,0.3,0.7,4.0,2.5,1.35,200.0,250.0,True,175,29.2,541.02,1.04,42.29,1905.6,0.28,48.61,35,72
9,0.3,0.7,4.0,2.5,1.35,250.0,250.0,True,182,30.3,919.84,1.067,42.86,1905.6,0.48,48.61,35,72
9,0.3,0.7,4.0,2.5,1.35,300.0,300.0,True,203,33.8,1369.91,1.089,43.35,1705.18,0.8,48.61,35,72
9,0.3,0.7,4.0,2.5,1.4,0.0,0.0,True,272,45.3,1752.21,1.076,42.28,1943.64,0.9,52.78,38,72
9,0.3,0.7,4.0,2.5,1.4,200.0,250.0,True,180,30.0,261.69,1.019,42.22,1611.51,0.16,51.39,37,72
9,0.3,0.7,4.0,2.5,1.4,250.0,250.0,True,195,32.5,342.75,1.023,42.05,1821.66,0.19,50.0,36,72
9,0.3,0.7,4.0,2.5,1.4,300.0,300.0,True,214,35.7,790.7,1.048,42.52,1621.24,0.49,51.39,37,72
9,0.3,0.7,4.0,2.5,1.45,0.0,0.0,True,304,50.7,-42.1,0.998,40.79,2804.07,-0.02,51.39,37,72
9,0.3,0.7,4.0,2.5,1.45,200.0,250.0,True,195,32.5,-392.0,0.975,40.51,1786.0,-0.22,47.22,34,72
9,0.3,0.7,4.0,2.5,1.45,250.0,250.0,True,210,35.0,-541.13,0.967,40.48,2277.55,-0.24,45.83,33,72
9,0.3,0.7,4.0,2.5,1.45,300.0,300.0,True,234,39.0,584.43,1.032,41.88,1652.28,0.35,48.61,35,72
9,0.3,0.7,4.0,2.5,,0.0,0.0,False,758,126.3,-2474.56,0.966,38.65,8818.95,-0.28,41.67,30,72
9,0.3,0.7,4.0,2.5,,200.0,250.0,False,259,43.2,-3504.12,0.83,36.29,4632.19,-0.76,43.06,31,72
9,0.3,0.7,4.0,2.5,,250.0,250.0,False,274,45.7,-3618.22,0.834,36.86,4956.9,-0.73,41.67,30,72
9,0.3,0.7,4.0,2.5,,300.0,300.0,False,333,55.5,-5193.86,0.813,36.34,6047.86,-0.86,40.28,29,72
9,0.3,0.7,4.5,1.5,1.35,0.0,0.0,True,267,44.5,-1285.06,0.928,27.72,3013.55,-0.43,41.67,30,72
9,0.3,0.7,4.5,1.5,1.35,200.0,250.0,True,203,33.8,-1071.08,0.915,26.11,1909.94,-0.56,41.67,30,72
9,0.3,0.7,4.5,1.5,1.35,250.0,250.0,True,223,37.2,-793.92,0.942,26.46,1930.73,-0.41,41.67,30,72
9,0.3,0.7,4.5,1.5,1.35,300.0,300.0,True,232,38.7,-429.2,0.969,27.16,2066.18,-0.21,43.06,31,72
9,0.3,0.7,4.5,1.5,1.4,0.0,0.0,True,298,49.7,-1307.97,0.933,27.52,3074.36,-0.43,41.67,30,72
9,0.3,0.7,4.5,1.5,1.4,200.0,250.0,True,214,35.7,-1128.11,0.915,26.17,1909.94,-0.59,43.06,31,72
9,0.3,0.7,4.5,1.5,1.4,250.0,250.0,True,237,39.5,-845.09,0.941,26.58,1909.94,-0.44,43.06,31,72
9,0.3,0.7,4.5,1.5,1.4,300.0,300.0,True,254,42.3,-597.72,0.961,26.77,2045.39,-0.29,43.06,31,72
9,0.3,0.7,4.5,1.5,1.45,0.0,0.0,True,333,55.5,-2840.82,0.872,26.13,3727.18,-0.76,44.44,32,72
9,0.3,0.7,4.5,1.5,1.45,200.0,250.0,True,228,38.0,-1772.35,0.873,25.0,2368.39,-0.75,45.83,33,72
9,0.3,0.7,4.5,1.5,1.45,250.0,250.0,True,251,41.8,-1530.87,0.899,25.5,2368.39,-0.65,45.83,33,72
9,0.3,0.7,4.5,1.5,1.45,300.0,300.0,True,269,44.8,-1692.04,0.896,25.28,2212.25,-0.76,45.83,33,72
9,0.3,0.7,4.5,1.5,,0.0,0.0,False,964,160.7,-2136.66,0.969,25.83,7817.9,-0.27,44.44,32,72
9,0.3,0.7,4.5,1.5,,200.0,250.0,False,339,56.5,-2504.66,0.874,23.6,3970.11,-0.63,44.44,32,72
9,0.3,0.7,4.5,1.5,,250.0,250.0,False,370,61.7,-2340.31,0.893,24.32,4394.59,-0.53,41.67,30,72
9,0.3,0.7,4.5,1.5,,300.0,300.0,False,467,77.8,-2764.61,0.901,24.63,4327.17,-0.64,41.67,30,72
9,0.3,0.7,4.5,2.0,1.35,0.0,0.0,True,248,41.3,2613.76,1.137,35.89,2199.6,1.19,55.56,40,72
9,0.3,0.7,4.5,2.0,1.35,200.0,250.0,True,177,29.5,1287.42,1.103,35.59,1148.92,1.12,54.17,39,72
9,0.3,0.7,4.5,2.0,1.35,250.0,250.0,True,196,32.7,1683.46,1.124,35.71,1244.21,1.35,54.17,39,72
9,0.3,0.7,4.5,2.0,1.35,300.0,300.0,True,206,34.3,2641.0,1.18,35.44,1597.79,1.65,54.17,39,72
9,0.3,0.7,4.5,2.0,1.4,0.0,0.0,True,278,46.3,2028.58,1.094,34.89,2192.07,0.93,52.78,38,72
9,0.3,0.7,4.5,2.0,1.4,200.0,250.0,True,177,29.5,651.68,1.051,35.03,990.06,0.66,50.0,36,72
9,0.3,0.7,4.5,2.0,1.4,250.0,250.0,True,199,33.2,1002.1,1.071,35.18,990.06,1.01,50.0,36,72
9,0.3,0.7,4.5,2.0,1.4,300.0,300.0,True,220,36.7,1688.65,1.106,34.09,1492.64,1.13,50.0,36,72
9,0.3,0.7,4.5,2.0,1.45,0.0,0.0,True,309,51.5,978.24,1.04,33.98,2933.34,0.33,51.39,37,72
9,0.3,0.7,4.5,2.0,1.45,200.0,250.0,True,189,31.5,304.98,1.023,33.33,1208.47,0.25,52.78,38,72
9,0.3,0.7,4.5,2.0,1.45,250.0,250.0,True,208,34.7,863.15,1.059,34.62,1294.58,0.67,51.39,37,72
9,0.3,0.7,4.5,2.0,1.45,300.0,300.0,True,231,38.5,1556.89,1.094,33.77,1610.88,0.97,51.39,37,72
9,0.3,0.7,4.5,2.0,,0.0,0.0,False,844,140.7,-2667.21,0.964,30.92,9070.74,-0.29,38.89,28,72
9,0.3,0.7,4.5,2.0,,200.0,250.0,False,258,43.0,-2366.74,0.875,28.68,4202.58,-0.56,44.44,32,72
9,0.3,0.7,4.5,2.0,,250.0,250.0,False,284,47.3,-3133.83,0.854,28.87,4523.99,-0.69,40.28,29,72
9,0.3,0.7,4.5,2.0,,300.0,300.0,False,361,60.2,-6295.88,0.777,27.7,6750.96,-0.93,37.5,27,72
9,0.3,0.7,4.5,2.5,1.35,0.0,0.0,True,238,39.7,2426.18,1.115,40.76,2427.75,1.0,54.17,39,72
9,0.3,0.7,4.5,2.5,1.35,200.0,250.0,True,158,26.3,-345.24,0.974,39.24,1931.59,-0.18,48.61,35,72
9,0.3,0.7,4.5,2.5,1.35,250.0,250.0,True,180,30.0,222.42,1.015,39.44,1947.08,0.11,48.61,35,72
9,0.3,0.7,4.5,2.5,1.35,300.0,300.0,True,197,32.8,1113.29,1.071,40.61,2035.16,0.55,52.78,38,72
9,0.3,0.7,4.5,2.5,1.4,0.0,0.0,True,267,44.5,2037.03,1.086,40.07,2312.58,0.88,54.17,39,72
9,0.3,0.7,4.5,2.5,1.4,200.0,250.0,True,161,26.8,-379.31,0.972,39.75,1657.76,-0.23,51.39,37,72
9,0.3,0.7,4.5,2.5,1.4,250.0,250.0,True,186,31.0,487.99,1.032,40.32,1697.15,0.29,51.39,37,72
9,0.3,0.7,4.5,2.5,1.4,300.0,300.0,True,206,34.3,315.07,1.019,39.81,1919.99,0.16,51.39,37,72
9,0.3,0.7,4.5,2.5,1.45,0.0,0.0,True,298,49.7,538.33,1.02,38.93,3295.54,0.16,52.78,38,72
9,0.3,0.7,4.5,2.5,1.45,200.0,250.0,True,177,29.5,-1159.98,0.922,37.29,2034.4,-0.57,48.61,35,72
9,0.3,0.7,4.5,2.5,1.45,250.0,250.0,True,198,33.0,-132.44,0.992,38.89,2673.58,-0.05,47.22,34,72
9,0.3,0.7,4.5,2.5,1.45,300.0,300.0,True,217,36.2,347.85,1.02,39.63,1919.99,0.18,50.0,36,72
9,0.3,0.7,4.5,2.5,,0.0,0.0,False,734,122.3,-2542.56,0.966,35.69,9764.34,-0.26,37.5,27,72
9,0.3,0.7,4.5,2.5,,200.0,250.0,False,235,39.2,-4585.3,0.774,31.49,5122.61,-0.9,40.28,29,72
9,0.3,0.7,4.5,2.5,,250.0,250.0,False,252,42.0,-4776.48,0.781,32.14,5655.15,-0.84,37.5,27,72
9,0.3,0.7,4.5,2.5,,300.0,300.0,False,298,49.7,-5200.0,0.8,32.55,5919.33,-0.88,37.5,27,72
9,0.3,0.7,5.0,1.5,1.35,0.0,0.0,True,263,43.8,-2728.89,0.851,24.33,3818.79,-0.71,43.06,31,72
9,0.3,0.7,5.0,1.5,1.35,200.0,250.0,True,202,33.7,-2153.53,0.837,23.27,2561.24,-0.84,40.28,29,72
9,0.3,0.7,5.0,1.5,1.35,250.0,250.0,True,218,36.3,-2419.03,0.829,22.94,2571.04,-0.94,40.28,29,72
9,0.3,0.7,5.0,1.5,1.35,300.0,300.0,True,227,37.8,-2103.93,0.857,23.79,2416.27,-0.87,41.67,30,72
9,0.3,0.7,5.0,1.5,1.4,0.0,0.0,True,292,48.7,-2429.41,0.878,24.66,3739.15,-0.65,40.28,29,72
9,0.3,0.7,5.0,1.5,1.4,200.0,250.0,True,212,35.3,-2103.67,0.848,23.58,2540.81,-0.83,40.28,29,72
9,0.3,0.7,5.0,1.5,1.4,250.0,250.0,True,232,38.7,-2458.39,0.837,23.28,2596.05,-0.95,38.89,28,72
9,0.3,0.7,5.0,1.5,1.4,300.0,300.0,True,247,41.2,-2248.14,0.86,23.48,2385.8,-0.94,38.89,28,72
9,0.3,0.7,5.0,1.5,1.45,0.0,0.0,True,325,54.2,-3718.3,0.835,23.69,4391.97,-0.85,43.06,31,72
9,0.3,0.7,5.0,1.5,1.45,200.0,250.0,True,220,36.7,-2050.73,0.856,23.18,2609.54,-0.79,43.06,31,72
9,0.3,0.7,5.0,1.5,1.45,250.0,250.0,True,243,40.5,-2452.82,0.842,23.05,2798.88,-0.88,41.67,30,72
9,0.3,0.7,5.0,1.5,1.45,300.0,300.0,True,261,43.5,-2603.18,0.844,22.99,2944.61,-0.88,41.67,30,72
9,0.3,0.7,5.0,1.5,,0.0,0.0,False,916,152.7,-7595.0,0.889,22.82,9557.32,-0.79,43.06,31,72
9,0.3,0.7,5.0,1.5,,200.0,250.0,False,277,46.2,-1173.41,0.93,22.02,3094.49,-0.38,45.83,33,72
9,0.3,0.7,5.0,1.5,,250.0,250.0,False,330,55.0,-826.78,0.959,23.03,3681.0,-0.22,43.06,31,72
9,0.3,0.7,5.0,1.5,,300.0,300.0,False,422,70.3,-2920.23,0.888,22.04,4531.79,-0.64,40.28,29,72
9,0.3,0.7,5.0,2.0,1.35,0.0,0.0,True,245,40.8,1512.65,1.076,32.24,2670.72,0.57,54.17,39,72
9,0.3,0.7,5.0,2.0,1.35,200.0,250.0,True,170,28.3,1644.19,1.131,34.12,2117.03,0.78,52.78,38,72
9,0.3,0.7,5.0,2.0,1.35,250.0,250.0,True,187,31.2,1450.1,1.106,33.16,2242.47,0.65,52.78,38,72
9,0.3,0.7,5.0,2.0,1.35,300.0,300.0,True,199,33.2,594.07,1.039,32.16,2694.47,0.22,52.78,38,72
9,0.3,0.7,5.0,2.0,1.4,0.0,0.0,True,273,45.5,1368.36,1.062,31.87,2566.24,0.53,52.78,38,72
9,0.3,0.7,5.0,2.0,1.4,200.0,250.0,True,172,28.7,1510.72,1.117,34.3,1947.67,0.78,52.78,38,72
9,0.3,0.7,5.0,2.0,1.4,250.0,250.0,True,194,32.3,1067.22,1.074,32.99,2184.01,0.49,50.0,36,72
9,0.3,0.7,5.0,2.0,1.4,300.0,300.0,True,211,35.2,-148.28,0.991,31.28,2636.01,-0.06,50.0,36,72
9,0.3,0.7,5.0,2.0,1.45,0.0,0.0,True,301,50.2,254.26,1.01,30.9,3427.92,0.07,51.39,37,72
9,0.3,0.7,5.0,2.0,1.45,200.0,250.0,True,182,30.3,1662.29,1.124,32.97,1947.67,0.85,55.56,40,72
9,0.3,0.7,5.0,2.0,1.45,250.0,250.0,True,202,33.7,1525.53,1.104,32.67,2184.01,0.7,52.78,38,72
9,0.3,0.7,5.0,2.0,1.45,300.0,300.0,True,221,36.8,163.8,1.01,31.22,2756.42,0.06,51.39,37,72
9,0.3,0.7,5.0,2.0,,0.0,0.0,False,796,132.7,-7650.12,0.896,28.02,11216.46,-0.68,43.06,31,72
9,0.3,0.7,5.0,2.0,,200.0,250.0,False,250,41.7,-828.73,0.955,28.4,2914.75,-0.28,47.22,34,72
9,0.3,0.7,5.0,2.0,,250.0,250.0,False,275,45.8,-771.26,0.962,28.73,2872.02,-0.27,45.83,33,72
9,0.3,0.7,5.0,2.0,,300.0,300.0,False,334,55.7,-3366.22,0.867,27.25,4213.94,-0.8,43.06,31,72
9,0.3,0.7,5.0,2.5,1.35,0.0,0.0,True,235,39.2,1950.26,1.089,37.87,2943.79,0.66,55.56,40,72
9,0.3,0.7,5.0,2.5,1.35,200.0,250.0,True,149,24.8,-112.29,0.992,38.26,2667.62,-0.04,50.0,36,72
9,0.3,0.7,5.0,2.5,1.35,250.0,250.0,True,172,28.7,-951.66,0.938,36.05,2798.29,-0.34,47.22,34,72
9,0.3,0.7,5.0,2.5,1.35,300.0,300.0,True,195,32.5,456.89,1.028,37.95,3064.27,0.15,51.39,37,72
9,0.3,0.7,5.0,2.5,1.4,0.0,0.0,True,262,43.7,2090.77,1.086,37.79,2939.95,0.71,54.17,39,72
9,0.3,0.7,5.0,2.5,1.4,200.0,250.0,True,150,25.0,400.86,1.03,40.0,2457.47,0.16,54.17,39,72
9,0.3,0.7,5.0,2.5,1.4,250.0,250.0,True,178,29.7,-684.99,0.957,37.08,2777.36,-0.25,48.61,35,72
9,0.3,0.7,5.0,2.5,1.4,300.0,300.0,True,205,34.2,688.22,1.039,38.54,2723.45,0.25,51.39,37,72
9,0.3,0.7,5.0,2.5,1.45,0.0,0.0,True,290,48.3,563.06,1.02,36.55,4014.72,0.14,51.39,37,72
9,0.3,0.7,5.0,2.5,1.45,200.0,250.0,True,168,28.0,-562.66,0.962,36.9,2457.47,-0.23,51.39,37,72
9,0.3,0.7,5.0,2.5,1.45,250.0,250.0,True,187,31.2,-767.68,0.953,36.36,2777.36,-0.28,47.22,34,72
9,0.3,0.7,5.0,2.5,1.45,300.0,300.0,True,212,35.3,1240.5,1.069,38.68,2723.45,0.46,50.0,36,72
9,0.3,0.7,5.0,2.5,,0.0,0.0,False,688,114.7,-7586.17,0.898,32.7,11546.68,-0.66,38.89,28,72
9,0.3,0.7,5.0,2.5,,200.0,250.0,False,202,33.7,-3549.2,0.804,30.2,3774.98,-0.94,43.06,31,72
9,0.3,0.7,5.0,2.5,,250.0,250.0,False,233,38.8,-3755.23,0.818,30.9,4168.82,-0.9,40.28,29,72
9,0.3,0.7,5.0,2.5,,300.0,300.0,False,283,47.2,-5546.83,0.783,30.04,5929.42,-0.94,37.5,27,72
9,0.35,0.65,3.5,1.5,1.35,0.0,0.0,True,328,54.7,-870.27,0.958,30.49,2676.44,-0.33,45.83,33,72
9,0.35,0.65,3.5,1.5,1.35,200.0,250.0,True,235,39.2,-2347.51,0.834,28.94,2759.61,-0.85,44.44,32,72
9,0.35,0.65,3.5,1.5,1.35,250.0,250.0,True,248,41.3,-2699.75,0.821,28.63,2774.09,-0.97,43.06,31,72
9,0.35,0.65,3.5,1.5,1.35,300.0,300.0,True,270,45.0,-1749.56,0.892,30.0,2387.17,-0.73,43.06,31,72
9,0.35,0.65,3.5,1.5,1.4,0.0,0.0,True,364,60.7,255.09,1.011,30.77,2586.79,0.1,44.44,32,72
9,0.35,0.65,3.5,1.5,1.4,200.0,250.0,True,247,41.2,-1648.25,0.887,29.96,2452.08,-0.67,44.44,32,72
9,0.35,0.65,3.5,1.5,1.4,250.0,250.0,True,270,45.0,-2209.47,0.862,29.26,2426.31,-0.91,41.67,30,72
9,0.35,0.65,3.5,1.5,1.4,300.0,300.0,True,295,49.2,-1455.22,0.916,30.17,2016.39,-0.72,41.67,30,72
9,0.35,0.65,3.5,1.5,1.45,0.0,0.0,True,396,66.0,-953.86,0.961,30.05,3189.84,-0.3,44.44,32,72
9,0.35,0.65,3.5,1.5,1.45,200.0,250.0,True,262,43.7,-2404.7,0.844,29.01,2844.86,-0.85,44.44,32,72
9,0.35,0.65,3.5,1.5,1.45,250.0,250.0,True,279,46.5,-2297.73,0.859,29.39,2576.27,-0.89,43.06,31,72
9,0.35,0.65,3.5,1.5,1.45,300.0,300.0,True,310,51.7,-2171.83,0.882,29.68,2299.02,-0.94,41.67,30,72
9,0.35,0.65,3.5,1.5,,0.0,0.0,False,1136,189.3,-4989.36,0.934,30.02,9420.02,-0.53,43.06,31,72
9,0.35,0.65,3.5,1.5,,200.0,250.0,False,346,57.7,-4162.18,0.795,27.17,4860.98,-0.86,41.67,30,72
9,0.35,0.65,3.5,1.5,,250.0,250.0,False,409,68.2,-5097.57,0.787,27.14,5796.37,-0.88,36.11,26,72
9,0.35,0.65,3.5,1.5,,300.0,300.0,False,538,89.7,-4764.18,0.843,28.25,5462.98,-0.87,38.89,28,72
9,0.35,0.65,3.5,2.0,1.35,0.0,0.0,True,305,50.8,1659.85,1.075,39.02,2558.69,0.65,52.78,38,72
9,0.35,0.65,3.5,2.0,1.35,200.0,250.0,True,221,36.8,133.99,1.009,38.01,3442.83,0.04,47.22,34,72
9,0.35,0.65,3.5,2.0,1.35,250.0,250.0,True,230,38.3,-128.73,0.992,37.39,3442.83,-0.04,47.22,34,72
9,0.35,0.65,3.5,2.0,1.35,300.0,300.0,True,256,42.7,865.55,1.049,38.67,2535.21,0.34,47.22,34,72
9,0.35,0.65,3.5,2.0,1.4,0.0,0.0,True,341,56.8,2369.91,1.097,38.71,2487.42,0.95,54.17,39,72
9,0.35,0.65,3.5,2.0,1.4,200.0,250.0,True,231,38.5,65.41,1.004,38.1,2808.21,0.02,48.61,35,72
9,0.35,0.65,3.5,2.0,1.4,250.0,250.0,True,251,41.8,157.36,1.009,37.85,2808.21,0.06,48.61,35,72
9,0.35,0.65,3.5,2.0,1.4,300.0,300.0,True,273,45.5,385.96,1.02,37.73,2350.6,0.16,48.61,35,72
9,0.35,0.65,3.5,2.0,1.45,0.0,0.0,True,369,61.5,842.48,1.031,37.67,3364.27,0.25,51.39,37,72
9,0.35,0.65,3.5,2.0,1.45,200.0,250.0,True,242,40.3,221.27,1.013,38.02,2819.35,0.08,48.61,35,72
9,0.35,0.65,3.5,2.0,1.45,250.0,250.0,True,259,43.2,449.01,1.026,38.22,2819.35,0.16,50.0,36,72
9,0.35,0.65,3.5,2.0,1.45,300.0,300.0,True,287,47.8,61.85,1.003,37.63,2357.22,0.03,48.61,35,72
9,0.35,0.65,3.5,2.0,,0.0,0.0,False,977,162.8,-1279.97,0.983,37.77,6196.41,-0.21,44.44,32,72
9,0.35,0.65,3.5,2.0,,200.0,250.0,False,319,53.2,-3189.26,0.853,35.74,4183.44,-0.76,45.83,33,72
9,0.35,0.65,3.5,2.0,,250.0,250.0,False,370,61.7,-5816.23,0.777,33.78,6471.34,-0.9,36.11,26,72
9,0.35,0.65,3.5,2.0,,300.0,300.0,False,420,70.0,-5896.02,0.802,33.57,7024.84,-0.84,37.5,27,72
9,0.35,0.65,3.5,2.5,1.35,0.0,0.0,True,297,49.5,1476.87,1.06,44.11,2805.2,0.53,45.83,33,72
9,0.35,0.65,3.5,2.5,1.35,200.0,250.0,True,191,31.8,-1690.5,0.891,42.41,2775.1,-0.61,44.44,32,72
9,0.35,0.65,3.5,2.5,1.35,250.0,250.0,True,201,33.5,-2028.11,0.876,41.79,2906.06,-0.7,43.06,31,72
9,0.35,0.65,3.5,2.5,1.35,300.0,300.0,True,239,39.8,1001.43,1.054,44.35,1912.69,0.52,47.22,34,72
9,0.35,0.65,3.5,2.5,1.4,0.0,0.0,True,332,55.3,2363.82,1.087,43.98,2799.41,0.84,50.0,36,72
9,0.35,0.65,3.5,2.5,1.4,200.0,250.0,True,187,31.2,-1634.65,0.894,42.78,2094.35,-0.78,48.61,35,72
9,0.35,0.65,3.5,2.5,1.4,250.0,250.0,True,210,35.0,-1882.27,0.89,41.9,2223.38,-0.85,47.22,34,72
9,0.35,0.65,3.5,2.5,1.4,300.0,300.0,True,258,43.0,-187.51,0.991,42.64,1951.99,-0.1,50.0,36,72
9,0.35,0.65,3.5,2.5,1.45,0.0,0.0,True,359,59.8,551.36,1.018,42.9,3582.65,0.15,50.0,36,72
9,0.35,0.65,3.5,2.5,1.45,200.0,250.0,True,201,33.5,-1264.98,0.921,42.79,2322.91,-0.54,51.39,37,72
9,0.35,0.65,3.5,2.5,1.45,250.0,250.0,True,221,36.8,-1653.15,0.906,42.08,2621.1,-0.63,48.61,35,72
9,0.35,0.65,3.5,2.5,1.45,300.0,300.0,True,264,44.0,-187.93,0.991,43.18,2167.22,-0.09,50.0,36,72
9,0.35,0.65,3.5,2.5,,0.0,0.0,False,865,144.2,-226.85,0.997,43.35,6235.94,-0.04,43.06,31,72
9,0.35,0.65,3.5,2.5,,200.0,250.0,False,258,43.0,-4503.46,0.782,39.53,4980.77,-0.9,44.44,32,72
9,0.35,0.65,3.5,2.5,,250.0,250.0,False,290,48.3,-4952.33,0.786,39.66,4985.01,-0.99,40.28,29,72
9,0.35,0.65,3.5,2.5,,300.0,300.0,False,346,57.7,-5622.99,0.804,39.6,6125.13,-0.92,40.28,29,72
9,0.35,0.65,4.0,1.5,1.35,0.0,0.0,True,320,53.3,-579.8,0.972,28.44,2229.26,-0.26,44.44,32,72
9,0.35,0.65,4.0,1.5,1.35,200.0,250.0,True,216,36.0,-1483.43,0.889,27.31,2496.68,-0.59,44.44,32,72
9,0.35,0.65,4.0,1.5,1.35,250.0,250.0,True,232,38.7,-1851.66,0.871,26.72,2703.23,-0.68,43.06,31,72
9,0.35,0.65,4.0,1.5,1.35,300.0,300.0,True,252,42.0,-1919.14,0.878,26.98,2369.79,-0.81,41.67,30,72
9,0.35,0.65,4.0,1.5,1.4,0.0,0.0,True,355,59.2,832.25,1.037,28.73,2221.48,0.37,43.06,31,72
9,0.35,0.65,4.0,1.5,1.4,200.0,250.0,True,234,39.0,-1515.04,0.894,27.35,2148.19,-0.71,43.06,31,72
9,0.35,0.65,4.0,1.5,1.4,250.0,250.0,True,246,41.0,-1553.87,0.897,27.24,2120.41,-0.73,41.67,30,72
9,0.35,0.65,4.0,1.5,1.4,300.0,300.0,True,278,46.3,-1176.52,0.93,27.7,1899.94,-0.62,40.28,29,72
9,0.35,0.65,4.0,1.5,1.45,0.0,0.0,True,387,64.5,-540.29,0.978,27.91,2847.25,-0.19,43.06,31,72
9,0.35,0.65,4.0,1.5,1.45,200.0,250.0,True,244,40.7,-1685.89,0.886,27.46,1973.66,-0.85,45.83,33,72
9,0.35,0.65,4.0,1.5,1.45,250.0,250.0,True,262,43.7,-2084.83,0.869,26.72,2372.6,-0.88,43.06,31,72
9,0.35,0.65,4.0,1.5,1.45,300.0,300.0,True,296,49.3,-1720.96,0.905,27.36,2167.25,-0.79,41.67,30,72
9,0.35,0.65,4.0,1.5,,0.0,0.0,False,1069,178.2,-4037.18,0.945,27.88,6998.22,-0.58,45.83,33,72
9,0.35,0.65,4.0,1.5,,200.0,250.0,False,335,55.8,-3244.18,0.839,25.67,4523.75,-0.72,43.06,31,72
9,0.35,0.65,4.0,1.5,,250.0,250.0,False,367,61.2,-3242.47,0.851,25.89,4052.38,-0.8,40.28,29,72
9,0.35,0.65,4.0,1.5,,300.0,300.0,False,450,75.0,-4078.27,0.849,26.22,4888.18,-0.83,40.28,29,72
9,0.35,0.65,4.0,2.0,1.35,0.0,0.0,True,293,48.8,2249.39,1.1,36.86,1850.43,1.22,52.78,38,72
9,0.35,0.65,4.0,2.0,1.35,200.0,250.0,True,199,33.2,224.61,1.016,35.68,2618.66,0.09,50.0,36,72
9,0.35,0.65,4.0,2.0,1.35,250.0,250.0,True,215,35.8,847.27,1.054,35.81,2965.06,0.29,47.22,34,72
9,0.35,0.65,4.0,2.0,1.35,300.0,300.0,True,231,38.5,1055.89,1.063,35.5,2453.22,0.43,48.61,35,72
9,0.35,0.65,4.0,2.0,1.4,0.0,0.0,True,328,54.7,3262.67,1.132,36.59,1931.23,1.69,55.56,40,72
9,0.35,0.65,4.0,2.0,1.4,200.0,250.0,True,200,33.3,464.74,1.032,36.0,1970.38,0.24,52.78,38,72
9,0.35,0.65,4.0,2.0,1.4,250.0,250.0,True,224,37.3,999.49,1.061,36.16,2322.72,0.43,48.61,35,72
9,0.35,0.65,4.0,2.0,1.4,300.0,300.0,True,251,41.8,1158.64,1.064,35.46,2183.89,0.53,50.0,36,72
9,0.35,0.65,4.0,2.0,1.45,0.0,0.0,True,356,59.3,2177.58,1.08,35.96,2671.23,0.82,50.0,36,72
9,0.35,0.65,4.0,2.0,1.45,200.0,250.0,True,218,36.3,-199.69,0.987,35.32,2337.38,-0.09,51.39,37,72
9,0.35,0.65,4.0,2.0,1.45,250.0,250.0,True,240,40.0,1255.36,1.074,36.25,2444.52,0.51,48.61,35,72
9,0.35,0.65,4.0,2.0,1.45,300.0,300.0,True,268,44.7,1313.61,1.068,35.82,2243.54,0.59,48.61,35,72
9,0.35,0.65,4.0,2.0,,0.0,0.0,False,912,152.0,-116.79,0.998,35.42,5606.8,-0.02,45.83,33,72
9,0.35,0.65,4.0,2.0,,200.0,250.0,False,290,48.3,-3836.36,0.819,32.07,4300.32,-0.89,43.06,31,72
9,0.35,0.65,4.0,2.0,,250.0,250.0,False,311,51.8,-2933.68,0.868,33.12,3817.1,-0.77,41.67,30,72
9,0.35,0.65,4.0,2.0,,300.0,300.0,False,368,61.3,-3895.96,0.854,32.61,5233.49,-0.74,41.67,30,72
9,0.35,0.65,4.0,2.5,1.35,0.0,0.0,True,283,47.2,1889.93,1.076,42.05,2154.04,0.88,50.0,36,72
9,0.35,0.65,4.0,2.5,1.35,200.0,250.0,True,174,29.0,-1047.85,0.93,40.23,2488.58,-0.42,47.22,34,72
9,0.35,0.65,4.0,2.5,1.35,250.0,250.0,True,181,30.2,-691.98,0.955,40.88,2423.29,-0.29,45.83,33,72
9,0.35,0.65,4.0,2.5,1.35,300.0,300.0,True,215,35.8,1515.07,1.086,41.86,1874.45,0.81,48.61,35,72
9,0.35,0.65,4.0,2.5,1.4,0.0,0.0,True,317,52.8,3127.3,1.114,41.96,2321.81,1.35,54.17,39,72
9,0.35,0.65,4.0,2.5,1.4,200.0,250.0,True,167,27.8,-1151.04,0.921,40.12,1964.2,-0.59,48.61,35,72
9,0.35,0.65,4.0,2.5,1.4,250.0,250.0,True,178,29.7,-1072.4,0.93,40.45,1964.2,-0.55,47.22,34,72
9,0.35,0.65,4.0,2.5,1.4,300.0,300.0,True,227,37.8,1110.58,1.059,40.97,1860.12,0.6,50.0,36,72
9,0.35,0.65,4.0,2.5,1.45,0.0,0.0,True,344,57.3,1525.02,1.05,40.99,2986.29,0.51,54.17,39,72
9,0.35,0.65,4.0,2.5,1.45,200.0,250.0,True,186,31.0,-1130.33,0.928,39.78,2160.72,-0.52,48.61,35,72
9,0.35,0.65,4.0,2.5,1.45,250.0,250.0,True,198,33.0,-708.2,0.957,40.4,2160.72,-0.33,47.22,34,72
9,0.35,0.65,4.0,2.5,1.45,300.0,300.0,True,239,39.8,1156.39,1.059,41.42,2122.93,0.54,48.61,35,72
9,0.35,0.65,4.0,2.5,,0.0,0.0,False,802,133.7,1544.87,1.02,40.52,5848.23,0.26,50.0,36,72
9,0.35,0.65,4.0,2.5,,200.0,250.0,False,243,40.5,-3350.79,0.832,37.45,3846.39,-0.87,44.44,32,72
9,0.35,0.65,4.0,2.5,,250.0,250.0,False,261,43.5,-3444.13,0.839,37.93,3593.2,-0.96,43.06,31,72
9,0.35,0.65,4.0,2.5,,300.0,300.0,False,323,53.8,-2901.85,0.891,38.7,4548.38,-0.64,45.83,33,72
9,0.35,0.65,4.5,1.5,1.35,0.0,0.0,True,316,52.7,-1446.97,0.933,26.58,2032.42,-0.71,41.67,30,72
9,0.35,0.65,4.5,1.5,1.35,200.0,250.0,True,207,34.5,-2694.18,0.8,23.67,2977.4,-0.9,38.89,28,72
9,0.35,0.65,4.5,1.5,1.35,250.0,250.0,True,223,37.2,-2506.86,0.826,24.22,2790.08,-0.9,37.5,27,72
9,0.35,0.65,4.5,1.5,1.35,300.0,300.0,True,244,40.7,-2131.69,0.863,24.59,2475.62,-0.86,40.28,29,72
9,0.35,0.65,4.5,1.5,1.4,0.0,0.0,True,352,58.7,191.11,1.008,26.99,1510.7,0.13,44.44,32,72
9,0.35,0.65,4.5,1.5,1.4,200.0,250.0,True,221,36.8,-1443.91,0.897,25.79,1712.78,-0.84,43.06,31,72
9,0.35,0.65,4.5,1.5,1.4,250.0,250.0,True,240,40.0,-1765.04,0.883,25.42,2033.91,-0.87,40.28,29,72
9,0.35,0.65,4.5,1.5,1.4,300.0,300.0,True,265,44.2,-1060.26,0.936,26.04,2032.3,-0.52,43.06,31,72
9,0.35,0.65,4.5,1.5,1.45,0.0,0.0,True,382,63.7,-1236.94,0.952,26.18,2360.53,-0.52,44.44,32,72
9,0.35,0.65,4.5,1.5,1.45,200.0,250.0,True,228,38.0,-1284.0,0.91,25.88,1728.87,-0.74,45.83,33,72
9,0.35,0.65,4.5,1.5,1.45,250.0,250.0,True,247,41.2,-1605.13,0.896,25.51,2050.0,-0.78,43.06,31,72
9,0.35,0.65,4.5,1.5,1.45,300.0,300.0,True,283,47.2,-1537.67,0.912,25.44,2605.62,-0.59,44.44,32,72
9,0.35,0.65,4.5,1.5,,0.0,0.0,False,1032,172.0,-4360.14,0.941,25.78,6883.18,-0.63,44.44,32,72
9,0.35,0.65,4.5,1.5,,200.0,250.0,False,342,57.0,-2402.2,0.885,24.56,4345.07,-0.55,43.06,31,72
9,0.35,0.65,4.5,1.5,,250.0,250.0,False,364,60.7,-2243.28,0.899,25.0,4177.78,-0.54,41.67,30,72
9,0.35,0.65,4.5,1.5,,300.0,300.0,False,447,74.5,-3265.24,0.881,24.83,4186.26,-0.78,41.67,30,72
9,0.35,0.65,4.5,2.0,1.35,0.0,0.0,True,288,48.0,830.76,1.035,34.38,2447.2,0.34,47.22,34,72
9,0.35,0.65,4.5,2.0,1.35,200.0,250.0,True,190,31.7,-1195.92,0.919,32.11,2497.28,-0.48,45.83,33,72
9,0.35,0.65,4.5,2.0,1.35,250.0,250.0,True,202,33.7,-960.55,0.938,32.67,2853.81,-0.34,44.44,32,72
9,0.35,0.65,4.5,2.0,1.35,300.0,300.0,True,223,37.2,-1536.97,0.913,31.84,2735.49,-0.56,43.06,31,72
9,0.35,0.65,4.5,2.0,1.4,0.0,0.0,True,324,54.0,1778.86,1.068,33.95,2398.67,0.74,48.61,35,72
9,0.35,0.65,4.5,2.0,1.4,200.0,250.0,True,194,32.3,-2103.08,0.863,30.93,2944.28,-0.71,43.06,31,72
9,0.35,0.65,4.5,2.0,1.4,250.0,250.0,True,207,34.5,-2320.42,0.859,30.92,3161.62,-0.73,40.28,29,72
9,0.35,0.65,4.5,2.0,1.4,300.0,300.0,True,234,39.0,-583.28,0.968,32.05,2775.02,-0.21,41.67,30,72
9,0.35,0.65,4.5,2.0,1.45,0.0,0.0,True,349,58.2,1755.2,1.062,34.1,2608.61,0.67,48.61,35,72
9,0.35,0.65,4.5,2.0,1.45,200.0,250.0,True,202,33.7,-1514.52,0.904,32.18,2821.89,-0.54,47.22,34,72
9,0.35,0.65,4.5,2.0,1.45,250.0,250.0,True,223,37.2,-1635.17,0.905,31.84,3259.3,-0.5,44.44,32,72
9,0.35,0.65,4.5,2.0,1.45,300.0,300.0,True,254,42.3,322.14,1.017,33.07,2492.19,0.13,45.83,33,72
9,0.35,0.65,4.5,2.0,,0.0,0.0,False,873,145.5,-1871.62,0.976,32.53,6061.45,-0.31,47.22,34,72
9,0.35,0.65,4.5,2.0,,200.0,250.0,False,299,49.8,-4701.39,0.796,28.43,5261.64,-0.89,41.67,30,72
9,0.35,0.65,4.5,2.0,,250.0,250.0,False,313,52.2,-4256.12,0.821,29.39,4816.37,-0.88,40.28,29,72
9,0.35,0.65,4.5,2.0,,300.0,300.0,False,366,61.0,-4516.43,0.839,29.51,6171.22,-0.73,40.28,29,72
9,0.35,0.65,4.5,2.5,1.35,0.0,0.0,True,278,46.3,433.57,1.017,39.57,3006.39,0.14,50.0,36,72
9,0.35,0.65,4.5,2.5,1.35,200.0,250.0,True,168,28.0,-2475.83,0.841,36.31,2587.45,-0.96,43.06,31,72
9,0.35,0.65,4.5,2.5,1.35,250.0,250.0,True,180,30.0,-1564.17,0.904,37.78,2128.3,-0.73,43.06,31,72
9,0.35,0.65,4.5,2.5,1.35,300.0,300.0,True,205,34.2,-1310.32,0.929,38.05,2504.73,-0.52,44.44,32,72
9,0.35,0.65,4.5,2.5,1.4,0.0,0.0,True,313,52.2,1605.15,1.055,39.3,2737.5,0.59,52.78,38,72
9,0.35,0.65,4.5,2.5,1.4,200.0,250.0,True,162,27.0,-2908.31,0.811,35.8,3019.93,-0.96,43.06,31,72
9,0.35,0.65,4.5,2.5,1.4,250.0,250.0,True,175,29.2,-1438.75,0.91,38.29,1949.71,-0.74,43.06,31,72
9,0.35,0.65,4.5,2.5,1.4,300.0,300.0,True,215,35.8,-2123.14,0.891,37.21,2394.17,-0.89,43.06,31,72
9,0.35,0.65,4.5,2.5,1.45,0.0,0.0,True,338,56.3,1079.46,1.034,39.05,2900.73,0.37,55.56,40,72
9,0.35,0.65,4.5,2.5,1.45,200.0,250.0,True,179,29.8,-2581.39,0.842,36.31,2942.17,-0.88,44.44,32,72
9,0.35,0.65,4.5,2.5,1.45,250.0,250.0,True,193,32.2,-725.02,0.957,38.86,2146.23,-0.34,44.44,32,72
9,0.35,0.65,4.5,2.5,1.45,300.0,300.0,True,224,37.3,-1106.38,0.944,38.39,2335.01,-0.47,45.83,33,72
9,0.35,0.65,4.5,2.5,,0.0,0.0,False,762,127.0,-1545.84,0.98,37.27,5316.28,-0.29,48.61,35,72
9,0.35,0.65,4.5,2.5,,200.0,250.0,False,243,40.5,-4071.37,0.809,33.74,4443.45,-0.92,41.67,30,72
9,0.35,0.65,4.5,2.5,,250.0,250.0,False,258,43.0,-3607.19,0.837,34.5,4237.95,-0.85,40.28,29,72
9,0.35,0.65,4.5,2.5,,300.0,300.0,False,321,53.5,-3215.95,0.885,35.2,4292.99,-0.75,41.67,30,72
9,0.35,0.65,5.0,1.5,1.35,0.0,0.0,True,313,52.2,-2811.32,0.874,23.32,3307.67,-0.85,34.72,25,72
9,0.35,0.65,5.0,1.5,1.35,200.0,250.0,True,204,34.0,-2448.89,0.819,22.06,2946.61,-0.83,37.5,27,72
9,0.35,0.65,5.0,1.5,1.35,250.0,250.0,True,212,35.3,-2205.14,0.842,22.64,2702.86,-0.82,36.11,26,72
9,0.35,0.65,5.0,1.5,1.35,300.0,300.0,True,235,39.2,-2678.74,0.828,22.13,3302.64,-0.81,36.11,26,72
9,0.35,0.65,5.0,1.5,1.4,0.0,0.0,True,347,57.8,-658.62,0.973,24.21,2286.08,-0.29,41.67,30,72
9,0.35,0.65,5.0,1.5,1.4,200.0,250.0,True,217,36.2,-1022.09,0.927,24.42,1688.08,-0.61,44.44,32,72
9,0.35,0.65,5.0,1.5,1.4,250.0,250.0,True,227,37.8,-1216.78,0.917,24.23,1700.15,-0.72,43.06,31,72
9,0.35,0.65,5.0,1.5,1.4,300.0,300.0,True,256,42.7,-1673.63,0.899,23.44,2561.96,-0.65,41.67,30,72
9,0.35,0.65,5.0,1.5,1.45,0.0,0.0,True,375,62.5,-1828.69,0.93,23.73,3323.44,-0.55,41.67,30,72
9,0.35,0.65,5.0,1.5,1.45,200.0,250.0,True,222,37.0,-651.37,0.954,24.77,1636.49,-0.4,45.83,33,72
9,0.35,0.65,5.0,1.5,1.45,250.0,250.0,True,232,38.7,-846.06,0.943,24.57,1729.4,-0.49,44.44,32,72
9,0.35,0.65,5.0,1.5,1.45,300.0,300.0,True,266,44.3,-1539.02,0.91,23.68,2769.27,-0.56,43.06,31,72
9,0.35,0.65,5.0,1.5,,0.0,0.0,False,982,163.7,-4739.19,0.935,23.73,6830.44,-0.69,51.39,37,72
9,0.35,0.65,5.0,1.5,,200.0,250.0,False,301,50.2,-1286.98,0.93,22.26,3620.53,-0.36,45.83,33,72
9,0.35,0.65,5.0,1.5,,250.0,250.0,False,320,53.3,-1496.24,0.926,22.81,4328.52,-0.35,43.06,31,72
9,0.35,0.65,5.0,1.5,,300.0,300.0,False,418,69.7,-894.9,0.965,23.68,3279.73,-0.27,45.83,33,72
9,0.35,0.65,5.0,2.0,1.35,0.0,0.0,True,285,47.5,563.14,1.023,31.58,2465.12,0.23,51.39,37,72
9,0.35,0.65,5.0,2.0,1.35,200.0,250.0,True,179,29.8,-446.34,0.969,31.28,2365.21,-0.19,50.0,36,72
9,0.35,0.65,5.0,2.0,1.35,250.0,250.0,True,195,32.5,-757.02,0.951,30.77,2700.61,-0.28,48.61,35,72
9,0.35,0.65,5.0,2.0,1.35,300.0,300.0,True,212,35.3,-183.81,0.989,30.66,2991.58,-0.06,50.0,36,72
9,0.35,0.65,5.0,2.0,1.4,0.0,0.0,True,318,53.0,1733.15,1.065,31.13,2187.51,0.79,48.61,35,72
9,0.35,0.65,5.0,2.0,1.4,200.0,250.0,True,187,31.2,-1341.75,0.911,29.95,2497.65,-0.54,43.06,31,72
9,0.35,0.65,5.0,2.0,1.4,250.0,250.0,True,198,33.0,-1803.26,0.888,29.29,2959.16,-0.61,40.28,29,72
9,0.35,0.65,5.0,2.0,1.4,300.0,300.0,True,223,37.2,-53.11,0.997,30.49,2982.55,-0.02,43.06,31,72
9,0.35,0.65,5.0,2.0,1.45,0.0,0.0,True,341,56.8,2037.02,1.071,31.67,2353.16,0.87,47.22,34,72
9,0.35,0.65,5.0,2.0,1.45,200.0,250.0,True,193,32.2,229.97,1.015,32.12,1922.73,0.12,48.61,35,72
9,0.35,0.65,5.0,2.0,1.45,250.0,250.0,True,209,34.8,-960.87,0.942,30.62,2628.0,-0.37,44.44,32,72
9,0.35,0.65,5.0,2.0,1.45,300.0,300.0,True,239,39.8,1369.93,1.075,32.22,2763.83,0.5,47.22,34,72
9,0.35,0.65,5.0,2.0,,0.0,0.0,False,825,137.5,-2517.8,0.966,29.94,5561.25,-0.45,45.83,33,72
9,0.35,0.65,5.0,2.0,,200.0,250.0,False,271,45.2,-2441.25,0.882,27.68,4387.56,-0.56,43.06,31,72
9,0.35,0.65,5.0,2.0,,250.0,250.0,False,299,49.8,-2794.09,0.879,28.09,4305.55,-0.65,40.28,29,72
9,0.35,0.65,5.0,2.0,,300.0,300.0,False,336,56.0,-3196.11,0.879,27.38,5205.66,-0.61,41.67,30,72
9,0.35,0.65,5.0,2.5,1.35,0.0,0.0,True,274,45.7,435.34,1.016,36.86,2997.15,0.15,48.61,35,72
9,0.35,0.65,5.0,2.5,1.35,200.0,250.0,True,164,27.3,-2146.39,0.863,34.15,2384.25,-0.9,43.06,31,72
9,0.35,0.65,5.0,2.5,1.35,250.0,250.0,True,173,28.8,-1598.14,0.901,35.26,2280.14,-0.7,41.67,30,72
9,0.35,0.65,5.0,2.5,1.35,300.0,300.0,True,196,32.7,-149.29,0.992,37.76,2324.74,-0.06,43.06,31,72
9,0.35,0.65,5.0,2.5,1.4,0.0,0.0,True,306,51.0,1902.18,1.064,36.6,2502.8,0.76,52.78,38,72
9,0.35,0.65,5.0,2.5,1.4,200.0,250.0,True,158,26.3,-2144.14,0.86,34.18,2382.0,-0.9,44.44,32,72
9,0.35,0.65,5.0,2.5,1.4,250.0,250.0,True,167,27.8,-1521.33,0.904,35.33,2070.32,-0.73,43.06,31,72
9,0.35,0.65,5.0,2.5,1.4,300.0,300.0,True,197,32.8,-766.51,0.959,36.55,2114.92,-0.36,43.06,31,72
9,0.35,0.65,5.0,2.5,1.45,0.0,0.0,True,328,54.7,1582.76,1.05,36.59,2621.74,0.6,52.78,38,72
9,0.35,0.65,5.0,2.5,1.45,200.0,250.0,True,168,28.0,-1673.16,0.894,35.12,2238.72,-0.75,47.22,34,72
9,0.35,0.65,5.0,2.5,1.45,250.0,250.0,True,183,30.5,-1018.1,0.939,36.07,2266.84,-0.45,45.83,33,72
9,0.35,0.65,5.0,2.5,1.45,300.0,300.0,True,219,36.5,1280.47,1.066,38.36,1985.0,0.65,48.61,35,72
9,0.35,0.65,5.0,2.5,,0.0,0.0,False,717,119.5,-2861.66,0.963,34.59,5941.44,-0.48,47.22,34,72
9,0.35,0.65,5.0,2.5,,200.0,250.0,False,202,33.7,-2328.57,0.873,32.67,3404.52,-0.68,44.44,32,72
9,0.35,0.65,5.0,2.5,,250.0,250.0,False,233,38.8,-3335.3,0.843,32.19,4543.74,-0.73,38.89,28,72
9,0.35,0.65,5.0,2.5,,300.0,300.0,False,283,47.2,-963.81,0.962,34.63,4013.08,-0.24,44.44,32,72
14,0.25,0.75,3.5,1.5,1.35,0.0,0.0,True,96,16.0,-824.73,0.873,27.08,2467.54,-0.33,25.0,18,72
14,0.25,0.75,3.5,1.5,1.35,200.0,250.0,True,89,14.8,-363.46,0.933,28.09,1882.69,-0.19,26.39,19,72
14,0.25,0.75,3.5,1.5,1.35,250.0,250.0,True,91,15.2,-774.8,0.867,27.47,2067.27,-0.37,25.0,18,72
14,0.25,0.75,3.5,1.5,1.35,300.0,300.0,True,94,15.7,-1257.34,0.801,26.6,2467.54,-0.51,25.0,18,72
14,0.25,0.75,3.5,1.5,1.4,0.0,0.0,True,105,17.5,-1442.65,0.797,24.76,3034.23,-0.48,25.0,18,72
14,0.25,0.75,3.5,1.5,1.4,200.0,250.0,True,98,16.3,-981.38,0.837,25.51,2449.38,-0.4,26.39,19,72
14,0.25,0.75,3.5,1.5,1.4,250.0,250.0,True,100,16.7,-1392.72,0.784,25.0,2633.96,-0.53,25.0,18,72
14,0.25,0.75,3.5,1.5,1.4,300.0,300.0,True,103,17.2,-1875.26,0.729,24.27,3034.23,-0.62,25.0,18,72
14,0.25,0.75,3.5,1.5,1.45,0.0,0.0,True,120,20.0,-1347.6,0.839,25.83,3836.37,-0.35,26.39,19,72
14,0.25,0.75,3.5,1.5,1.45,200.0,250.0,True,106,17.7,-1107.55,0.833,25.47,2743.83,-0.4,27.78,20,72
14,0.25,0.75,3.5,1.5,1.45,250.0,250.0,True,110,18.3,-1438.64,0.798,25.45,2848.16,-0.51,26.39,19,72
14,0.25,0.75,3.5,1.5,1.45,300.0,300.0,True,116,19.3,-2509.12,0.693,24.14,3836.37,-0.65,26.39,19,72
14,0.25,0.75,3.5,1.5,,0.0,0.0,False,472,78.7,1686.33,1.057,31.36,2872.92,0.59,47.22,34,72
14,0.25,0.75,3.5,1.5,,200.0,250.0,False,302,50.3,-300.58,0.982,30.46,1848.99,-0.16,47.22,34,72
14,0.25,0.75,3.5,1.5,,250.0,250.0,False,322,53.7,-805.85,0.958,29.81,2319.1,-0.35,43.06,31,72
14,0.25,0.75,3.5,1.5,,300.0,300.0,False,352,58.7,594.94,1.03,31.53,1722.95,0.35,44.44,32,72
14,0.25,0.75,3.5,2.0,1.35,0.0,0.0,True,95,15.8,-283.48,0.962,36.84,2282.45,-0.12,33.33,24,72
14,0.25,0.75,3.5,2.0,1.35,200.0,250.0,True,82,13.7,309.93,1.054,39.02,1818.15,0.17,33.33,24,72
14,0.25,0.75,3.5,2.0,1.35,250.0,250.0,True,87,14.5,426.53,1.069,39.08,1818.15,0.23,33.33,24,72
14,0.25,0.75,3.5,2.0,1.35,300.0,300.0,True,90,15.0,29.11,1.004,37.78,1928.87,0.02,33.33,24,72
14,0.25,0.75,3.5,2.0,1.4,0.0,0.0,True,104,17.3,-1098.06,0.869,33.65,2655.23,-0.41,33.33,24,72
14,0.25,0.75,3.5,2.0,1.4,200.0,250.0,True,91,15.2,-504.65,0.923,35.16,2128.22,-0.24,33.33,24,72
14,0.25,0.75,3.5,2.0,1.4,250.0,250.0,True,96,16.0,-388.05,0.945,35.42,2128.22,-0.18,33.33,24,72
14,0.25,0.75,3.5,2.0,1.4,300.0,300.0,True,99,16.5,-785.47,0.894,34.34,2238.94,-0.35,33.33,24,72
14,0.25,0.75,3.5,2.0,1.45,0.0,0.0,True,119,19.8,-1410.87,0.859,33.61,3865.23,-0.37,34.72,25,72
14,0.25,0.75,3.5,2.0,1.45,200.0,250.0,True,98,16.3,-615.51,0.914,34.69,2153.27,-0.29,34.72,25,72
14,0.25,0.75,3.5,2.0,1.45,250.0,250.0,True,105,17.5,-436.29,0.943,35.24,2090.65,-0.21,34.72,25,72
14,0.25,0.75,3.5,2.0,1.45,300.0,300.0,True,111,18.5,-1290.75,0.849,33.33,2658.41,-0.49,34.72,25,72
14,0.25,0.75,3.5,2.0,,0.0,0.0,False,442,73.7,858.46,1.025,37.78,3511.42,0.24,55.56,40,72
14,0.25,0.75,3.5,2.0,,200.0,250.0,False,277,46.2,59.82,1.003,37.55,1761.76,0.03,51.39,37,72
14,0.25,0.75,3.5,2.0,,250.0,250.0,False,288,48.0,239.93,1.012,37.5,1761.76,0.14,51.39,37,72
14,0.25,0.75,3.5,2.0,,300.0,300.0,False,324,54.0,359.34,1.016,37.96,1868.99,0.19,51.39,37,72
14,0.25,0.75,3.5,2.5,1.35,0.0,0.0,True,93,15.5,-671.95,0.922,40.86,2634.97,-0.26,31.94,23,72
14,0.25,0.75,3.5,2.5,1.35,200.0,250.0,True,80,13.3,-165.49,0.975,42.5,2045.24,-0.08,33.33,24,72
14,0.25,0.75,3.5,2.5,1.35,250.0,250.0,True,86,14.3,-301.16,0.959,41.86,2045.24,-0.15,33.33,24,72
14,0.25,0.75,3.5,2.5,1.35,300.0,300.0,True,88,14.7,-133.16,0.982,42.05,2045.24,-0.07,33.33,24,72
14,0.25,0.75,3.5,2.5,1.4,0.0,0.0,True,101,16.8,-1537.87,0.838,37.62,3417.57,-0.45,30.56,22,72
14,0.25,0.75,3.5,2.5,1.4,200.0,250.0,True,88,14.7,-1031.41,0.862,38.64,2639.74,-0.39,31.94,23,72
14,0.25,0.75,3.5,2.5,1.4,250.0,250.0,True,94,15.7,-1167.08,0.858,38.3,2558.76,-0.46,31.94,23,72
14,0.25,0.75,3.5,2.5,1.4,300.0,300.0,True,96,16.0,-999.08,0.88,38.54,2558.76,-0.39,31.94,23,72
14,0.25,0.75,3.5,2.5,1.45,0.0,0.0,True,115,19.2,-1723.67,0.847,38.26,4500.56,-0.38,34.72,25,72
14,0.25,0.75,3.5,2.5,1.45,200.0,250.0,True,95,15.8,-461.85,0.941,40.0,2238.46,-0.21,36.11,26,72
14,0.25,0.75,3.5,2.5,1.45,250.0,250.0,True,102,17.0,-744.64,0.914,39.22,2304.6,-0.32,36.11,26,72
14,0.25,0.75,3.5,2.5,1.45,300.0,300.0,True,106,17.7,-1013.38,0.89,38.68,2741.34,-0.37,36.11,26,72
14,0.25,0.75,3.5,2.5,,0.0,0.0,False,416,69.3,1178.48,1.032,42.07,4940.52,0.24,50.0,36,72
14,0.25,0.75,3.5,2.5,,200.0,250.0,False,248,41.3,-1433.77,0.926,41.94,2349.35,-0.61,50.0,36,72
14,0.25,0.75,3.5,2.5,,250.0,250.0,False,262,43.7,-2065.18,0.901,41.6,2955.08,-0.7,45.83,33,72
14,0.25,0.75,3.5,2.5,,300.0,300.0,False,304,50.7,-519.06,0.978,42.76,2727.31,-0.19,48.61,35,72
14,0.25,0.75,4.0,1.5,1.35,0.0,0.0,True,95,15.8,-1799.81,0.74,22.11,2825.59,-0.64,22.22,16,72
14,0.25,0.75,4.0,1.5,1.35,200.0,250.0,True,88,14.7,-470.4,0.916,23.86,2282.74,-0.21,23.61,17,72
14,0.25,0.75,4.0,1.5,1.35,250.0,250.0,True,88,14.7,-470.4,0.916,23.86,2282.74,-0.21,23.61,17,72
14,0.25,0.75,4.0,1.5,1.35,300.0,300.0,True,91,15.2,-1147.7,0.817,23.08,2691.28,-0.43,22.22,16,72
14,0.25,0.75,4.0,1.5,1.4,0.0,0.0,True,104,17.3,-2417.73,0.68,20.19,3392.28,-0.71,22.22,16,72
14,0.25,0.75,4.0,1.5,1.4,200.0,250.0,True,97,16.2,-1088.32,0.825,21.65,2849.43,-0.38,23.61,17,72
14,0.25,0.75,4.0,1.5,1.4,250.0,250.0,True,97,16.2,-1088.32,0.825,21.65,2849.43,-0.38,23.61,17,72
14,0.25,0.75,4.0,1.5,1.4,300.0,300.0,True,100,16.7,-1765.62,0.744,21.0,3257.97,-0.54,22.22,16,72
14,0.25,0.75,4.0,1.5,1.45,0.0,0.0,True,119,19.8,-2127.66,0.758,21.85,4128.9,-0.52,25.0,18,72
14,0.25,0.75,4.0,1.5,1.45,200.0,250.0,True,105,17.5,-925.44,0.863,22.86,2879.32,-0.32,26.39,19,72
14,0.25,0.75,4.0,1.5,1.45,250.0,250.0,True,105,17.5,-925.44,0.863,22.86,2879.32,-0.32,26.39,19,72
14,0.25,0.75,4.0,1.5,1.45,300.0,300.0,True,111,18.5,-2103.98,0.735,21.62,3789.1,-0.56,25.0,18,72
14,0.25,0.75,4.0,1.5,,0.0,0.0,False,466,77.7,96.62,1.003,28.97,2743.92,0.04,44.44,32,72
14,0.25,0.75,4.0,1.5,,200.0,250.0,False,286,47.7,829.07,1.051,29.02,1323.27,0.63,50.0,36,72
14,0.25,0.75,4.0,1.5,,250.0,250.0,False,330,55.0,163.2,1.009,28.18,1841.06,0.09,44.44,32,72
14,0.25,0.75,4.0,1.5,,300.0,300.0,False,350,58.3,1842.19,1.092,29.14,1936.74,0.95,45.83,33,72
14,0.25,0.75,4.0,2.0,1.35,0.0,0.0,True,94,15.7,-633.19,0.92,34.04,2236.01,-0.28,33.33,24,72
14,0.25,0.75,4.0,2.0,1.35,200.0,250.0,True,81,13.5,828.81,1.143,37.04,1771.71,0.47,33.33,24,72
14,0.25,0.75,4.0,2.0,1.35,250.0,250.0,True,81,13.5,828.81,1.143,37.04,1771.71,0.47,33.33,24,72
14,0.25,0.75,4.0,2.0,1.35,300.0,300.0,True,87,14.5,921.05,1.144,36.78,1882.43,0.49,33.33,24,72
14,0.25,0.75,4.0,2.0,1.4,0.0,0.0,True,103,17.2,-1447.77,0.835,31.07,2434.7,-0.59,33.33,24,72
14,0.25,0.75,4.0,2.0,1.4,200.0,250.0,True,90,15.0,14.23,1.002,33.33,1970.4,0.01,33.33,24,72
14,0.25,0.75,4.0,2.0,1.4,250.0,250.0,True,90,15.0,14.23,1.002,33.33,1970.4,0.01,33.33,24,72
14,0.25,0.75,4.0,2.0,1.4,300.0,300.0,True,96,16.0,106.47,1.015,33.33,2081.12,0.05,33.33,24,72
14,0.25,0.75,4.0,2.0,1.45,0.0,0.0,True,118,19.7,-1565.56,0.85,31.36,3537.5,-0.44,34.72,25,72
14,0.25,0.75,4.0,2.0,1.45,200.0,250.0,True,97,16.2,-26.53,0.996,32.99,1865.4,-0.01,34.72,25,72
14,0.25,0.75,4.0,2.0,1.45,250.0,250.0,True,99,16.5,56.0,1.008,33.33,1789.99,0.03,34.72,25,72
14,0.25,0.75,4.0,2.0,1.45,300.0,300.0,True,106,17.7,-36.88,0.995,33.02,2085.83,-0.02,34.72,25,72
14,0.25,0.75,4.0,2.0,,0.0,0.0,False,434,72.3,-508.79,0.986,35.48,2890.75,-0.18,51.39,37,72
14,0.25,0.75,4.0,2.0,,200.0,250.0,False,266,44.3,2154.34,1.121,37.59,1347.73,1.6,58.33,42,72
14,0.25,0.75,4.0,2.0,,250.0,250.0,False,295,49.2,930.22,1.046,35.25,1559.26,0.6,51.39,37,72
14,0.25,0.75,4.0,2.0,,300.0,300.0,False,322,53.7,1649.43,1.073,36.02,1682.9,0.98,50.0,36,72
14,0.25,0.75,4.0,2.5,1.35,0.0,0.0,True,92,15.3,-1024.33,0.888,38.04,2415.85,-0.42,31.94,23,72
14,0.25,0.75,4.0,2.5,1.35,200.0,250.0,True,79,13.2,393.81,1.059,40.51,1974.65,0.2,33.33,24,72
14,0.25,0.75,4.0,2.5,1.35,250.0,250.0,True,82,13.7,88.68,1.013,39.02,1974.65,0.04,33.33,24,72
14,0.25,0.75,4.0,2.5,1.35,300.0,300.0,True,85,14.2,344.5,1.046,40.0,1974.65,0.17,33.33,24,72
14,0.25,0.75,4.0,2.5,1.4,0.0,0.0,True,100,16.7,-1890.25,0.811,35.0,3145.65,-0.6,30.56,22,72
14,0.25,0.75,4.0,2.5,1.4,200.0,250.0,True,87,14.5,-472.11,0.938,36.78,2404.26,-0.2,31.94,23,72
14,0.25,0.75,4.0,2.5,1.4,250.0,250.0,True,90,15.0,-777.24,0.901,35.56,2575.21,-0.3,31.94,23,72
14,0.25,0.75,4.0,2.5,1.4,300.0,300.0,True,93,15.5,-521.42,0.937,36.56,2286.84,-0.23,31.94,23,72
14,0.25,0.75,4.0,2.5,1.45,0.0,0.0,True,114,19.0,-1846.15,0.843,35.96,4128.24,-0.45,34.72,25,72
14,0.25,0.75,4.0,2.5,1.45,200.0,250.0,True,93,15.5,346.96,1.045,38.71,1786.6,0.19,36.11,26,72
14,0.25,0.75,4.0,2.5,1.45,250.0,250.0,True,98,16.3,-229.91,0.972,36.73,2220.65,-0.1,36.11,26,72
14,0.25,0.75,4.0,2.5,1.45,300.0,300.0,True,102,17.0,-218.95,0.976,37.25,2177.14,-0.1,36.11,26,72
14,0.25,0.75,4.0,2.5,,0.0,0.0,False,409,68.2,450.33,1.012,40.1,3428.89,0.13,54.17,39,72
14,0.25,0.75,4.0,2.5,,200.0,250.0,False,242,40.3,-322.79,0.983,40.5,1981.82,-0.16,52.78,38,72
14,0.25,0.75,4.0,2.5,,250.0,250.0,False,261,43.5,383.03,1.019,40.61,2057.31,0.19,51.39,37,72
14,0.25,0.75,4.0,2.5,,300.0,300.0,False,293,48.8,1763.68,1.077,41.64,2577.15,0.68,51.39,37,72
14,0.25,0.75,4.5,1.5,1.35,0.0,0.0,True,94,15.7,-1822.31,0.741,20.21,2665.44,-0.68,20.83,15,72
14,0.25,0.75,4.5,1.5,1.35,200.0,250.0,True,83,13.8,-579.7,0.896,21.69,2169.11,-0.27,23.61,17,72
14,0.25,0.75,4.5,1.5,1.35,250.0,250.0,True,88,14.7,-575.17,0.901,21.59,2164.58,-0.27,22.22,16,72
14,0.25,0.75,4.5,1.5,1.35,300.0,300.0,True,91,15.2,-1252.47,0.807,20.88,2531.13,-0.49,20.83,15,72
14,0.25,0.75,4.5,1.5,1.4,0.0,0.0,True,103,17.2,-2440.23,0.682,18.45,3232.13,-0.75,20.83,15,72
14,0.25,0.75,4.5,1.5,1.4,200.0,250.0,True,92,15.3,-1197.62,0.807,19.57,2735.8,-0.44,23.61,17,72
14,0.25,0.75,4.5,1.5,1.4,250.0,250.0,True,97,16.2,-1193.09,0.814,19.59,2731.27,-0.44,22.22,16,72
14,0.25,0.75,4.5,1.5,1.4,300.0,300.0,True,100,16.7,-1870.39,0.736,19.0,3097.82,-0.6,20.83,15,72
14,0.25,0.75,4.5,1.5,1.45,0.0,0.0,True,117,19.5,-1892.37,0.786,20.51,3840.45,-0.49,23.61,17,72
14,0.25,0.75,4.5,1.5,1.45,200.0,250.0,True,101,16.8,-1000.75,0.853,20.79,2756.18,-0.36,26.39,19,72
14,0.25,0.75,4.5,1.5,1.45,250.0,250.0,True,106,17.7,-996.22,0.858,20.75,2751.65,-0.36,25.0,18,72
14,0.25,0.75,4.5,1.5,1.45,300.0,300.0,True,110,18.3,-2055.97,0.746,20.0,3500.65,-0.59,23.61,17,72
14,0.25,0.75,4.5,1.5,,0.0,0.0,False,459,76.5,692.89,1.022,26.8,3690.42,0.19,43.06,31,72
14,0.25,0.75,4.5,1.5,,200.0,250.0,False,268,44.7,954.07,1.06,26.49,1223.14,0.78,48.61,35,72
14,0.25,0.75,4.5,1.5,,250.0,250.0,False,291,48.5,1313.85,1.077,26.8,1404.82,0.94,47.22,34,72
14,0.25,0.75,4.5,1.5,,300.0,300.0,False,346,57.7,874.86,1.042,26.59,2224.72,0.39,43.06,31,72
14,0.25,0.75,4.5,2.0,1.35,0.0,0.0,True,93,15.5,-1063.27,0.872,31.18,2189.57,-0.49,30.56,22,72
14,0.25,0.75,4.5,2.0,1.35,200.0,250.0,True,76,12.7,684.22,1.117,34.21,1725.27,0.4,31.94,23,72
14,0.25,0.75,4.5,2.0,1.35,250.0,250.0,True,81,13.5,852.6,1.141,34.57,1725.27,0.49,31.94,23,72
14,0.25,0.75,4.5,2.0,1.35,300.0,300.0,True,84,14.0,195.5,1.029,33.33,1835.99,0.11,30.56,22,72
14,0.25,0.75,4.5,2.0,1.4,0.0,0.0,True,102,17.0,-1877.85,0.794,28.43,2399.77,-0.78,30.56,22,72
14,0.25,0.75,4.5,2.0,1.4,200.0,250.0,True,85,14.2,-130.36,0.98,30.59,2162.3,-0.06,31.94,23,72
14,0.25,0.75,4.5,2.0,1.4,250.0,250.0,True,90,15.0,38.02,1.006,31.11,1935.47,0.02,31.94,23,72
14,0.25,0.75,4.5,2.0,1.4,300.0,300.0,True,93,15.5,-619.08,0.918,30.11,2046.19,-0.3,30.56,22,72
14,0.25,0.75,4.5,2.0,1.45,0.0,0.0,True,116,19.3,-1717.96,0.839,29.31,3319.13,-0.52,33.33,24,72
14,0.25,0.75,4.5,2.0,1.45,200.0,250.0,True,93,15.5,84.08,1.012,31.18,1877.89,0.04,34.72,25,72
14,0.25,0.75,4.5,2.0,1.45,250.0,250.0,True,98,16.3,252.46,1.034,31.63,1700.7,0.15,34.72,25,72
14,0.25,0.75,4.5,2.0,1.45,300.0,300.0,True,102,17.0,-589.76,0.929,30.39,1996.54,-0.3,33.33,24,72
14,0.25,0.75,4.5,2.0,,0.0,0.0,False,425,70.8,-186.02,0.995,32.94,3594.33,-0.05,50.0,36,72
14,0.25,0.75,4.5,2.0,,200.0,250.0,False,235,39.2,1702.77,1.103,34.47,1446.7,1.18,55.56,40,72
14,0.25,0.75,4.5,2.0,,250.0,250.0,False,273,45.5,2423.04,1.129,34.43,1446.7,1.67,51.39,37,72
14,0.25,0.75,4.5,2.0,,300.0,300.0,False,309,51.5,3123.17,1.145,34.3,1729.53,1.81,51.39,37,72
14,0.25,0.75,4.5,2.5,1.35,0.0,0.0,True,91,15.2,-1162.27,0.877,36.26,2345.26,-0.5,30.56,22,72
14,0.25,0.75,4.5,2.5,1.35,200.0,250.0,True,74,12.3,576.6,1.087,39.19,1904.06,0.3,31.94,23,72
14,0.25,0.75,4.5,2.5,1.35,250.0,250.0,True,79,13.2,689.53,1.1,39.24,1904.06,0.36,31.94,23,72
14,0.25,0.75,4.5,2.5,1.35,300.0,300.0,True,84,14.0,-297.03,0.962,36.9,1904.06,-0.16,30.56,22,72
14,0.25,0.75,4.5,2.5,1.4,0.0,0.0,True,99,16.5,-2028.19,0.804,33.33,2592.08,-0.78,30.56,22,72
14,0.25,0.75,4.5,2.5,1.4,200.0,250.0,True,82,13.7,-289.32,0.961,35.37,2186.39,-0.13,31.94,23,72
14,0.25,0.75,4.5,2.5,1.4,250.0,250.0,True,87,14.5,-176.39,0.977,35.63,2150.88,-0.08,31.94,23,72
14,0.25,0.75,4.5,2.5,1.4,300.0,300.0,True,92,15.3,-1162.95,0.867,33.7,2412.63,-0.48,30.56,22,72
14,0.25,0.75,4.5,2.5,1.45,0.0,0.0,True,113,18.8,-1754.22,0.855,34.51,3484.08,-0.5,34.72,25,72
14,0.25,0.75,4.5,2.5,1.45,200.0,250.0,True,88,14.7,654.61,1.086,37.5,1740.16,0.38,36.11,26,72
14,0.25,0.75,4.5,2.5,1.45,250.0,250.0,True,94,15.7,642.92,1.08,37.23,1740.16,0.37,36.11,26,72
14,0.25,0.75,4.5,2.5,1.45,300.0,300.0,True,101,16.8,-735.62,0.922,34.65,2202.55,-0.33,34.72,25,72
14,0.25,0.75,4.5,2.5,,0.0,0.0,False,401,66.8,912.63,1.023,37.41,4323.07,0.21,52.78,38,72
14,0.25,0.75,4.5,2.5,,200.0,250.0,False,214,35.7,2035.45,1.12,40.65,1638.99,1.24,55.56,40,72
14,0.25,0.75,4.5,2.5,,250.0,250.0,False,256,42.7,1033.0,1.05,39.06,1683.19,0.61,50.0,36,72
14,0.25,0.75,4.5,2.5,,300.0,300.0,False,289,48.2,2729.86,1.117,39.1,1790.07,1.53,51.39,37,72
14,0.25,0.75,5.0,1.5,1.35,0.0,0.0,True,94,15.7,-1838.9,0.744,19.15,2890.14,-0.64,22.22,16,72
14,0.25,0.75,5.0,1.5,1.35,200.0,250.0,True,83,13.8,-621.83,0.891,20.48,2461.35,-0.25,23.61,17,72
14,0.25,0.75,5.0,1.5,1.35,250.0,250.0,True,87,14.5,-844.13,0.858,19.54,2683.65,-0.31,23.61,17,72
14,0.25,0.75,5.0,1.5,1.35,300.0,300.0,True,89,14.8,-857.72,0.862,20.22,2697.24,-0.32,23.61,17,72
14,0.25,0.75,5.0,1.5,1.4,0.0,0.0,True,103,17.2,-2456.82,0.685,17.48,3456.83,-0.71,22.22,16,72
14,0.25,0.75,5.0,1.5,1.4,200.0,250.0,True,92,15.3,-1239.75,0.804,18.48,3028.04,-0.41,23.61,17,72
14,0.25,0.75,5.0,1.5,1.4,250.0,250.0,True,96,16.0,-1462.05,0.777,17.71,3250.34,-0.45,23.61,17,72
14,0.25,0.75,5.0,1.5,1.4,300.0,300.0,True,98,16.3,-1475.64,0.784,18.37,3263.93,-0.45,23.61,17,72
14,0.25,0.75,5.0,1.5,1.45,0.0,0.0,True,117,19.5,-1953.47,0.784,18.8,3999.63,-0.49,25.0,18,72
14,0.25,0.75,5.0,1.5,1.45,200.0,250.0,True,100,16.7,-1102.2,0.84,19.0,2892.69,-0.38,26.39,19,72
14,0.25,0.75,5.0,1.5,1.45,250.0,250.0,True,104,17.3,-1324.5,0.814,18.27,3114.99,-0.43,26.39,19,72
14,0.25,0.75,5.0,1.5,1.45,300.0,300.0,True,107,17.8,-1720.54,0.779,18.69,3511.03,-0.49,26.39,19,72
14,0.25,0.75,5.0,1.5,,0.0,0.0,False,452,75.3,-820.04,0.974,24.78,3828.71,-0.21,47.22,34,72
14,0.25,0.75,5.0,1.5,,200.0,250.0,False,267,44.5,-142.17,0.991,24.72,1737.72,-0.08,50.0,36,72
14,0.25,0.75,5.0,1.5,,250.0,250.0,False,289,48.2,-256.6,0.986,24.57,2247.84,-0.11,48.61,35,72
14,0.25,0.75,5.0,1.5,,300.0,300.0,False,314,52.3,421.24,1.022,25.48,2118.96,0.2,50.0,36,72
14,0.25,0.75,5.0,2.0,1.35,0.0,0.0,True,93,15.5,-516.72,0.938,30.11,2143.13,-0.24,30.56,22,72
14,0.25,0.75,5.0,2.0,1.35,200.0,250.0,True,76,12.7,1149.27,1.194,32.89,1678.83,0.68,30.56,22,72
14,0.25,0.75,5.0,2.0,1.35,250.0,250.0,True,80,13.3,1110.35,1.181,32.5,1678.83,0.66,30.56,22,72
14,0.25,0.75,5.0,2.0,1.35,300.0,300.0,True,82,13.7,1252.0,1.2,32.93,1789.55,0.7,30.56,22,72
14,0.25,0.75,5.0,2.0,1.4,0.0,0.0,True,102,17.0,-1331.3,0.855,27.45,2341.82,-0.57,30.56,22,72
14,0.25,0.75,5.0,2.0,1.4,200.0,250.0,True,85,14.2,334.69,1.05,29.41,2004.8,0.17,30.56,22,72
14,0.25,0.75,5.0,2.0,1.4,250.0,250.0,True,89,14.8,295.77,1.042,29.21,2004.8,0.15,30.56,22,72
14,0.25,0.75,5.0,2.0,1.4,300.0,300.0,True,91,15.2,437.42,1.062,29.67,1988.24,0.22,30.56,22,72
14,0.25,0.75,5.0,2.0,1.45,0.0,0.0,True,116,19.3,-976.38,0.909,28.45,3041.64,-0.32,33.33,24,72
14,0.25,0.75,5.0,2.0,1.45,200.0,250.0,True,93,15.5,639.14,1.087,30.11,1615.58,0.4,33.33,24,72
14,0.25,0.75,5.0,2.0,1.45,250.0,250.0,True,97,16.2,600.22,1.08,29.9,1615.58,0.37,33.33,24,72
14,0.25,0.75,5.0,2.0,1.45,300.0,300.0,True,100,16.7,556.75,1.071,30.0,1907.24,0.29,33.33,24,72
14,0.25,0.75,5.0,2.0,,0.0,0.0,False,412,68.7,-173.01,0.995,30.83,4309.6,-0.04,52.78,38,72
14,0.25,0.75,5.0,2.0,,200.0,250.0,False,229,38.2,2061.08,1.122,33.62,2059.98,1.0,54.17,39,72
14,0.25,0.75,5.0,2.0,,250.0,250.0,False,254,42.3,1694.03,1.091,32.68,2278.86,0.74,51.39,37,72
14,0.25,0.75,5.0,2.0,,300.0,300.0,False,292,48.7,2488.56,1.117,32.88,2267.14,1.1,51.39,37,72
14,0.25,0.75,5.0,2.5,1.35,0.0,0.0,True,90,15.0,-747.72,0.922,34.44,2274.67,-0.33,31.94,23,72
14,0.25,0.75,5.0,2.5,1.35,200.0,250.0,True,73,12.2,865.92,1.128,36.99,1852.68,0.47,31.94,23,72
14,0.25,0.75,5.0,2.5,1.35,250.0,250.0,True,77,12.8,771.55,1.11,36.36,1852.68,0.42,31.94,23,72
14,0.25,0.75,5.0,2.5,1.35,300.0,300.0,True,78,13.0,1023.92,1.146,37.18,1833.47,0.56,31.94,23,72
14,0.25,0.75,5.0,2.5,1.4,0.0,0.0,True,98,16.3,-1613.64,0.846,31.63,2521.49,-0.64,31.94,23,72
14,0.25,0.75,5.0,2.5,1.4,200.0,250.0,True,81,13.5,0.0,1.0,33.33,2281.25,0.0,31.94,23,72
14,0.25,0.75,5.0,2.5,1.4,250.0,250.0,True,85,14.2,-94.37,0.988,32.94,2281.25,-0.04,31.94,23,72
14,0.25,0.75,5.0,2.5,1.4,300.0,300.0,True,86,14.3,158.0,1.02,33.72,2080.29,0.08,31.94,23,72
14,0.25,0.75,5.0,2.5,1.45,0.0,0.0,True,112,18.7,-1109.76,0.909,33.04,3437.64,-0.32,36.11,26,72
14,0.25,0.75,5.0,2.5,1.45,200.0,250.0,True,87,14.5,1068.82,1.137,35.63,1733.16,0.62,36.11,26,72
14,0.25,0.75,5.0,2.5,1.45,250.0,250.0,True,91,15.2,974.45,1.121,35.16,1733.16,0.56,36.11,26,72
14,0.25,0.75,5.0,2.5,1.45,300.0,300.0,True,94,15.7,857.34,1.102,35.11,1978.02,0.43,36.11,26,72
14,0.25,0.75,5.0,2.5,,0.0,0.0,False,387,64.5,-927.62,0.976,34.11,5902.29,-0.16,50.0,36,72
14,0.25,0.75,5.0,2.5,,200.0,250.0,False,194,32.3,1209.61,1.074,37.63,1408.52,0.86,54.17,39,72
14,0.25,0.75,5.0,2.5,,250.0,250.0,False,233,38.8,1601.22,1.083,37.34,2280.79,0.7,50.0,36,72
14,0.25,0.75,5.0,2.5,,300.0,300.0,False,273,45.5,273.79,1.012,35.53,2544.24,0.11,48.61,35,72
14,0.3,0.7,3.5,1.5,1.35,0.0,0.0,True,163,27.2,-845.8,0.917,29.45,3102.75,-0.27,33.33,24,72
14,0.3,0.7,3.5,1.5,1.35,200.0,250.0,True,147,24.5,-989.07,0.889,29.93,2326.36,-0.43,33.33,24,72
14,0.3,0.7,3.5,1.5,1.35,250.0,250.0,True,150,25.0,-1233.11,0.865,29.33,2570.4,-0.48,33.33,24,72
14,0.3,0.7,3.5,1.5,1.35,300.0,300.0,True,152,25.3,-1520.26,0.839,28.95,2739.83,-0.55,33.33,24,72
14,0.3,0.7,3.5,1.5,1.4,0.0,0.0,True,177,29.5,-1377.57,0.876,28.25,3634.52,-0.38,33.33,24,72
14,0.3,0.7,3.5,1.5,1.4,200.0,250.0,True,160,26.7,-1421.91,0.854,28.75,2759.2,-0.52,33.33,24,72
14,0.3,0.7,3.5,1.5,1.4,250.0,250.0,True,161,26.8,-1489.81,0.848,28.57,2827.1,-0.53,33.33,24,72
14,0.3,0.7,3.5,1.5,1.4,300.0,300.0,True,163,27.2,-1776.96,0.823,28.22,2996.53,-0.59,33.33,24,72
14,0.3,0.7,3.5,1.5,1.45,0.0,0.0,True,189,31.5,-1648.28,0.864,28.04,4503.11,-0.37,33.33,24,72
14,0.3,0.7,3.5,1.5,1.45,200.0,250.0,True,169,28.2,-2349.88,0.779,27.22,3606.02,-0.65,33.33,24,72
14,0.3,0.7,3.5,1.5,1.45,250.0,250.0,True,170,28.3,-2224.0,0.791,27.65,3606.02,-0.62,33.33,24,72
14,0.3,0.7,3.5,1.5,1.45,300.0,300.0,True,173,28.8,-2344.36,0.785,27.75,3686.63,-0.64,33.33,24,72
14,0.3,0.7,3.5,1.5,,0.0,0.0,False,683,113.8,-2909.46,0.935,28.99,6202.47,-0.47,45.83,33,72
14,0.3,0.7,3.5,1.5,,200.0,250.0,False,390,65.0,-1272.09,0.942,30.0,3338.58,-0.38,51.39,37,72
14,0.3,0.7,3.5,1.5,,250.0,250.0,False,415,69.2,-831.73,0.964,30.12,3822.0,-0.22,50.0,36,72
14,0.3,0.7,3.5,1.5,,300.0,300.0,False,468,78.0,-2027.2,0.924,29.7,4792.01,-0.42,48.61,35,72
14,0.3,0.7,3.5,2.0,1.35,0.0,0.0,True,160,26.7,665.45,1.058,38.75,2506.06,0.27,45.83,33,72
14,0.3,0.7,3.5,2.0,1.35,200.0,250.0,True,135,22.5,891.52,1.099,40.74,1402.18,0.64,45.83,33,72
14,0.3,0.7,3.5,2.0,1.35,250.0,250.0,True,141,23.5,403.63,1.043,39.01,1592.48,0.25,44.44,32,72
14,0.3,0.7,3.5,2.0,1.35,300.0,300.0,True,142,23.7,225.59,1.023,38.73,1592.48,0.14,44.44,32,72
14,0.3,0.7,3.5,2.0,1.4,0.0,0.0,True,174,29.0,-149.61,0.988,36.78,3097.1,-0.05,45.83,33,72
14,0.3,0.7,3.5,2.0,1.4,200.0,250.0,True,147,24.5,297.66,1.03,38.78,1819.88,0.16,44.44,32,72
14,0.3,0.7,3.5,2.0,1.4,250.0,250.0,True,152,25.3,-47.79,0.995,37.5,1819.88,-0.03,44.44,32,72
14,0.3,0.7,3.5,2.0,1.4,300.0,300.0,True,153,25.5,-225.83,0.978,37.25,1819.88,-0.12,44.44,32,72
14,0.3,0.7,3.5,2.0,1.45,0.0,0.0,True,186,31.0,-757.23,0.946,36.02,4169.7,-0.18,43.06,31,72
14,0.3,0.7,3.5,2.0,1.45,200.0,250.0,True,152,25.3,-145.6,0.986,37.5,1960.27,-0.07,43.06,31,72
14,0.3,0.7,3.5,2.0,1.45,250.0,250.0,True,158,26.3,-365.17,0.966,36.71,1960.27,-0.19,43.06,31,72
14,0.3,0.7,3.5,2.0,1.45,300.0,300.0,True,160,26.7,-376.42,0.966,36.88,1960.27,-0.19,43.06,31,72
14,0.3,0.7,3.5,2.0,,0.0,0.0,False,608,101.3,-555.19,0.988,36.84,4843.34,-0.11,48.61,35,72
14,0.3,0.7,3.5,2.0,,200.0,250.0,False,304,50.7,1183.07,1.061,38.49,2061.57,0.57,54.17,39,72
14,0.3,0.7,3.5,2.0,,250.0,250.0,False,326,54.3,1261.32,1.061,38.34,2485.3,0.51,52.78,38,72
14,0.3,0.7,3.5,2.0,,300.0,300.0,False,413,68.8,567.77,1.021,37.77,3426.88,0.17,52.78,38,72
14,0.3,0.7,3.5,2.5,1.35,0.0,0.0,True,156,26.0,180.92,1.014,43.59,2872.29,0.06,44.44,32,72
14,0.3,0.7,3.5,2.5,1.35,200.0,250.0,True,130,21.7,116.97,1.012,43.85,1562.9,0.07,44.44,32,72
14,0.3,0.7,3.5,2.5,1.35,250.0,250.0,True,134,22.3,-90.93,0.991,43.28,1562.9,-0.06,44.44,32,72
14,0.3,0.7,3.5,2.5,1.35,300.0,300.0,True,138,23.0,-57.64,0.995,43.48,1858.31,-0.03,44.44,32,72
14,0.3,0.7,3.5,2.5,1.4,0.0,0.0,True,169,28.2,-510.37,0.964,42.01,3268.25,-0.16,44.44,32,72
14,0.3,0.7,3.5,2.5,1.4,200.0,250.0,True,140,23.3,-186.11,0.983,42.86,1619.55,-0.11,44.44,32,72
14,0.3,0.7,3.5,2.5,1.4,250.0,250.0,True,144,24.0,-85.38,0.992,43.06,1619.55,-0.05,44.44,32,72
14,0.3,0.7,3.5,2.5,1.4,300.0,300.0,True,148,24.7,-313.47,0.973,42.57,2039.58,-0.15,44.44,32,72
14,0.3,0.7,3.5,2.5,1.45,0.0,0.0,True,180,30.0,-1311.97,0.917,41.11,4360.96,-0.3,43.06,31,72
14,0.3,0.7,3.5,2.5,1.45,200.0,250.0,True,144,24.0,-276.34,0.975,42.36,1413.67,-0.2,44.44,32,72
14,0.3,0.7,3.5,2.5,1.45,250.0,250.0,True,152,25.3,-501.1,0.957,42.11,1607.42,-0.31,43.06,31,72
14,0.3,0.7,3.5,2.5,1.45,300.0,300.0,True,154,25.7,-465.61,0.961,42.21,1874.98,-0.25,43.06,31,72
14,0.3,0.7,3.5,2.5,,0.0,0.0,False,559,93.2,-878.73,0.982,42.04,5665.53,-0.16,48.61,35,72
14,0.3,0.7,3.5,2.5,,200.0,250.0,False,253,42.2,-1876.99,0.903,40.71,3779.59,-0.5,48.61,35,72
14,0.3,0.7,3.5,2.5,,250.0,250.0,False,280,46.7,-2211.52,0.898,40.71,4306.26,-0.51,45.83,33,72
14,0.3,0.7,3.5,2.5,,300.0,300.0,False,334,55.7,620.68,1.025,43.41,3738.99,0.17,48.61,35,72
14,0.3,0.7,4.0,1.5,1.35,0.0,0.0,True,159,26.5,-1588.16,0.85,25.79,3278.2,-0.48,34.72,25,72
14,0.3,0.7,4.0,1.5,1.35,200.0,250.0,True,137,22.8,-661.14,0.923,27.01,2249.72,-0.29,36.11,26,72
14,0.3,0.7,4.0,1.5,1.35,250.0,250.0,True,143,23.8,-656.23,0.926,27.27,2244.81,-0.29,34.72,25,72
14,0.3,0.7,4.0,1.5,1.35,300.0,300.0,True,149,24.8,-1266.26,0.867,26.17,2724.8,-0.46,34.72,25,72
14,0.3,0.7,4.0,1.5,1.4,0.0,0.0,True,173,28.8,-2068.29,0.82,24.86,3758.33,-0.55,33.33,24,72
14,0.3,0.7,4.0,1.5,1.4,200.0,250.0,True,147,24.5,-786.47,0.914,26.53,2375.05,-0.33,34.72,25,72
14,0.3,0.7,4.0,1.5,1.4,250.0,250.0,True,156,26.0,-1037.43,0.893,26.28,2626.01,-0.4,33.33,24,72
14,0.3,0.7,4.0,1.5,1.4,300.0,300.0,True,160,26.7,-1471.32,0.855,25.62,2929.86,-0.5,33.33,24,72
14,0.3,0.7,4.0,1.5,1.45,0.0,0.0,True,185,30.8,-2227.98,0.822,24.86,4558.63,-0.49,33.33,24,72
14,0.3,0.7,4.0,1.5,1.45,200.0,250.0,True,154,25.7,-1331.5,0.864,25.97,2983.24,-0.45,34.72,25,72
14,0.3,0.7,4.0,1.5,1.45,250.0,250.0,True,165,27.5,-1753.19,0.834,25.45,3404.93,-0.51,33.33,24,72
14,0.3,0.7,4.0,1.5,1.45,300.0,300.0,True,169,28.2,-2187.08,0.801,24.85,3696.63,-0.59,33.33,24,72
14,0.3,0.7,4.0,1.5,,0.0,0.0,False,667,111.2,-1910.13,0.958,26.69,5677.56,-0.34,44.44,32,72
14,0.3,0.7,4.0,1.5,,200.0,250.0,False,358,59.7,-1385.24,0.933,26.26,3287.6,-0.42,47.22,34,72
14,0.3,0.7,4.0,1.5,,250.0,250.0,False,379,63.2,-1572.63,0.929,26.65,3849.89,-0.41,44.44,32,72
14,0.3,0.7,4.0,1.5,,300.0,300.0,False,438,73.0,-1775.16,0.931,26.71,4539.26,-0.39,43.06,31,72
14,0.3,0.7,4.0,2.0,1.35,0.0,0.0,True,152,25.3,682.29,1.059,36.84,2045.75,0.33,47.22,34,72
14,0.3,0.7,4.0,2.0,1.35,200.0,250.0,True,123,20.5,1953.86,1.234,39.84,1107.26,1.76,47.22,34,72
14,0.3,0.7,4.0,2.0,1.35,250.0,250.0,True,130,21.7,1768.99,1.199,39.23,1197.65,1.48,45.83,33,72
14,0.3,0.7,4.0,2.0,1.35,300.0,300.0,True,135,22.5,1234.51,1.131,37.78,1197.65,1.03,45.83,33,72
14,0.3,0.7,4.0,2.0,1.4,0.0,0.0,True,166,27.7,-81.13,0.994,34.94,2504.46,-0.03,45.83,33,72
14,0.3,0.7,4.0,2.0,1.4,200.0,250.0,True,132,22.0,1749.7,1.195,38.64,1107.26,1.58,47.22,34,72
14,0.3,0.7,4.0,2.0,1.4,250.0,250.0,True,142,23.7,1226.77,1.125,37.32,1352.39,0.91,44.44,32,72
14,0.3,0.7,4.0,2.0,1.4,300.0,300.0,True,146,24.3,834.73,1.082,36.3,1352.39,0.62,44.44,32,72
14,0.3,0.7,4.0,2.0,1.45,0.0,0.0,True,178,29.7,-577.73,0.959,34.27,3550.96,-0.16,43.06,31,72
14,0.3,0.7,4.0,2.0,1.45,200.0,250.0,True,136,22.7,1683.19,1.183,38.24,1084.98,1.55,47.22,34,72
14,0.3,0.7,4.0,2.0,1.45,250.0,250.0,True,148,24.7,927.82,1.09,36.49,1407.01,0.66,43.06,31,72
14,0.3,0.7,4.0,2.0,1.45,300.0,300.0,True,153,25.5,435.47,1.04,35.29,1507.32,0.29,43.06,31,72
14,0.3,0.7,4.0,2.0,,0.0,0.0,False,586,97.7,1550.63,1.032,34.64,3952.88,0.39,50.0,36,72
14,0.3,0.7,4.0,2.0,,200.0,250.0,False,282,47.0,1146.56,1.061,35.82,1956.51,0.59,52.78,38,72
14,0.3,0.7,4.0,2.0,,250.0,250.0,False,297,49.5,1713.58,1.086,36.03,1956.51,0.88,50.0,36,72
14,0.3,0.7,4.0,2.0,,300.0,300.0,False,379,63.2,1233.06,1.047,35.62,3413.98,0.36,50.0,36,72
14,0.3,0.7,4.0,2.5,1.35,0.0,0.0,True,149,24.8,15.18,1.001,40.94,2578.13,0.01,43.06,31,72
14,0.3,0.7,4.0,2.5,1.35,200.0,250.0,True,119,19.8,897.94,1.094,42.02,1143.26,0.79,45.83,33,72
14,0.3,0.7,4.0,2.5,1.35,250.0,250.0,True,126,21.0,960.5,1.095,42.06,1358.37,0.71,44.44,32,72
14,0.3,0.7,4.0,2.5,1.35,300.0,300.0,True,132,22.0,287.93,1.026,40.91,1653.78,0.17,43.06,31,72
14,0.3,0.7,4.0,2.5,1.4,0.0,0.0,True,162,27.0,-602.66,0.959,39.51,2922.21,-0.21,43.06,31,72
14,0.3,0.7,4.0,2.5,1.4,200.0,250.0,True,128,21.3,848.56,1.083,41.41,1143.26,0.74,45.83,33,72
14,0.3,0.7,4.0,2.5,1.4,250.0,250.0,True,136,22.7,729.05,1.067,41.18,1415.02,0.52,44.44,32,72
14,0.3,0.7,4.0,2.5,1.4,300.0,300.0,True,142,23.7,105.55,1.009,40.14,1835.05,0.06,43.06,31,72
14,0.3,0.7,4.0,2.5,1.45,0.0,0.0,True,173,28.8,-1291.71,0.92,38.73,3694.81,-0.35,41.67,30,72
14,0.3,0.7,4.0,2.5,1.45,200.0,250.0,True,131,21.8,790.92,1.076,41.22,1143.26,0.69,45.83,33,72
14,0.3,0.7,4.0,2.5,1.45,250.0,250.0,True,140,23.3,920.04,1.084,41.43,1110.82,0.83,44.44,32,72
14,0.3,0.7,4.0,2.5,1.45,300.0,300.0,True,148,24.7,-2.36,1.0,39.86,1670.45,-0.0,41.67,30,72
14,0.3,0.7,4.0,2.5,,0.0,0.0,False,543,90.5,880.92,1.017,39.41,5092.4,0.17,48.61,35,72
14,0.3,0.7,4.0,2.5,,200.0,250.0,False,233,38.8,-3328.89,0.831,35.62,4219.52,-0.79,45.83,33,72
14,0.3,0.7,4.0,2.5,,250.0,250.0,False,258,43.0,-2754.18,0.87,36.82,3850.04,-0.72,44.44,32,72
14,0.3,0.7,4.0,2.5,,300.0,300.0,False,312,52.0,94.8,1.004,39.74,3533.78,0.03,48.61,35,72
14,0.3,0.7,4.5,1.5,1.35,0.0,0.0,True,158,26.3,-2153.54,0.804,23.42,2950.73,-0.73,36.11,26,72
14,0.3,0.7,4.5,1.5,1.35,200.0,250.0,True,135,22.5,-481.47,0.944,25.19,1807.83,-0.27,38.89,28,72
14,0.3,0.7,4.5,1.5,1.35,250.0,250.0,True,142,23.7,-975.8,0.895,24.65,2036.53,-0.48,36.11,26,72
14,0.3,0.7,4.5,1.5,1.35,300.0,300.0,True,149,24.8,-1369.74,0.862,24.16,2430.47,-0.56,36.11,26,72
14,0.3,0.7,4.5,1.5,1.4,0.0,0.0,True,172,28.7,-2582.04,0.783,22.67,3379.23,-0.76,34.72,25,72
14,0.3,0.7,4.5,1.5,1.4,200.0,250.0,True,144,24.0,-845.52,0.908,24.31,2171.88,-0.39,37.5,27,72
14,0.3,0.7,4.5,1.5,1.4,250.0,250.0,True,155,25.8,-1305.37,0.871,23.87,2366.1,-0.55,34.72,25,72
14,0.3,0.7,4.5,1.5,1.4,300.0,300.0,True,160,26.7,-1523.17,0.856,23.75,2583.9,-0.59,34.72,25,72
14,0.3,0.7,4.5,1.5,1.45,0.0,0.0,True,184,30.7,-2630.71,0.797,22.83,4039.73,-0.65,34.72,25,72
14,0.3,0.7,4.5,1.5,1.45,200.0,250.0,True,151,25.2,-1317.61,0.867,23.84,2780.07,-0.47,37.5,27,72
14,0.3,0.7,4.5,1.5,1.45,250.0,250.0,True,164,27.3,-1948.19,0.822,23.17,3083.92,-0.63,34.72,25,72
14,0.3,0.7,4.5,1.5,1.45,300.0,300.0,True,169,28.2,-2165.99,0.81,23.08,3281.24,-0.66,34.72,25,72
14,0.3,0.7,4.5,1.5,,0.0,0.0,False,647,107.8,-2011.64,0.956,25.35,4807.61,-0.42,41.67,30,72
14,0.3,0.7,4.5,1.5,,200.0,250.0,False,317,52.8,-1760.31,0.909,23.97,3206.78,-0.55,44.44,32,72
14,0.3,0.7,4.5,1.5,,250.0,250.0,False,350,58.3,-855.59,0.959,25.14,2911.46,-0.29,43.06,31,72
14,0.3,0.7,4.5,1.5,,300.0,300.0,False,411,68.5,-2048.02,0.918,25.3,4156.56,-0.49,40.28,29,72
14,0.3,0.7,4.5,2.0,1.35,0.0,0.0,True,150,25.0,-161.95,0.987,34.0,2011.16,-0.08,43.06,31,72
14,0.3,0.7,4.5,2.0,1.35,200.0,250.0,True,117,19.5,1800.38,1.219,37.61,1107.26,1.63,45.83,33,72
14,0.3,0.7,4.5,2.0,1.35,250.0,250.0,True,127,21.2,1145.93,1.123,36.22,1209.21,0.95,43.06,31,72
14,0.3,0.7,4.5,2.0,1.35,300.0,300.0,True,134,22.3,1097.01,1.108,35.82,1107.26,0.99,43.06,31,72
14,0.3,0.7,4.5,2.0,1.4,0.0,0.0,True,164,27.3,-873.74,0.935,32.32,2193.62,-0.4,44.44,32,72
14,0.3,0.7,4.5,2.0,1.4,200.0,250.0,True,125,20.8,1357.5,1.154,36.0,1107.26,1.23,47.22,34,72
14,0.3,0.7,4.5,2.0,1.4,250.0,250.0,True,139,23.2,655.34,1.064,34.53,1354.84,0.48,44.44,32,72
14,0.3,0.7,4.5,2.0,1.4,300.0,300.0,True,144,24.0,839.19,1.077,34.72,1138.75,0.74,44.44,32,72
14,0.3,0.7,4.5,2.0,1.45,0.0,0.0,True,176,29.3,-1259.32,0.915,31.82,3240.12,-0.39,43.06,31,72
14,0.3,0.7,4.5,2.0,1.45,200.0,250.0,True,129,21.5,1309.41,1.145,35.66,1084.98,1.21,45.83,33,72
14,0.3,0.7,4.5,2.0,1.45,250.0,250.0,True,145,24.2,374.81,1.035,33.79,1377.74,0.27,43.06,31,72
14,0.3,0.7,4.5,2.0,1.45,300.0,300.0,True,150,25.0,863.22,1.078,34.0,1273.17,0.68,44.44,32,72
14,0.3,0.7,4.5,2.0,,0.0,0.0,False,569,94.8,1528.98,1.032,32.86,4425.54,0.35,51.39,37,72
14,0.3,0.7,4.5,2.0,,200.0,250.0,False,240,40.0,1271.92,1.075,32.92,2564.27,0.5,54.17,39,72
14,0.3,0.7,4.5,2.0,,250.0,250.0,False,274,45.7,2528.19,1.135,33.94,2323.11,1.09,54.17,39,72
14,0.3,0.7,4.5,2.0,,300.0,300.0,False,355,59.2,205.54,1.008,32.39,3182.9,0.06,48.61,35,72
14,0.3,0.7,4.5,2.5,1.35,0.0,0.0,True,147,24.5,384.84,1.028,39.46,2506.98,0.15,41.67,30,72
14,0.3,0.7,4.5,2.5,1.35,200.0,250.0,True,113,18.8,2210.92,1.248,42.48,1084.8,2.04,47.22,34,72
14,0.3,0.7,4.5,2.5,1.35,250.0,250.0,True,123,20.5,1513.39,1.149,40.65,1369.93,1.1,43.06,31,72
14,0.3,0.7,4.5,2.5,1.35,300.0,300.0,True,128,21.3,977.53,1.089,39.84,1449.25,0.67,41.67,30,72
14,0.3,0.7,4.5,2.5,1.4,0.0,0.0,True,160,26.7,-159.56,0.989,38.12,2628.05,-0.06,41.67,30,72
14,0.3,0.7,4.5,2.5,1.4,200.0,250.0,True,120,20.0,1766.07,1.186,40.83,1084.8,1.63,47.22,34,72
14,0.3,0.7,4.5,2.5,1.4,250.0,250.0,True,134,22.3,1228.93,1.111,39.55,1551.2,0.79,43.06,31,72
14,0.3,0.7,4.5,2.5,1.4,300.0,300.0,True,138,23.0,852.15,1.073,39.13,1630.52,0.52,41.67,30,72
14,0.3,0.7,4.5,2.5,1.45,0.0,0.0,True,171,28.5,-736.05,0.955,37.43,3409.89,-0.22,40.28,29,72
14,0.3,0.7,4.5,2.5,1.45,200.0,250.0,True,123,20.5,1726.85,1.178,40.65,1084.8,1.59,47.22,34,72
14,0.3,0.7,4.5,2.5,1.45,250.0,250.0,True,137,22.8,1588.77,1.143,40.15,1119.32,1.42,43.06,31,72
14,0.3,0.7,4.5,2.5,1.45,300.0,300.0,True,141,23.5,1239.84,1.106,39.72,1404.03,0.88,41.67,30,72
14,0.3,0.7,4.5,2.5,,0.0,0.0,False,528,88.0,598.31,1.012,37.12,5208.89,0.11,44.44,32,72
14,0.3,0.7,4.5,2.5,,200.0,250.0,False,192,32.0,-2967.69,0.831,31.25,4455.26,-0.67,44.44,32,72
14,0.3,0.7,4.5,2.5,,250.0,250.0,False,228,38.0,-2678.82,0.868,32.89,4563.78,-0.59,41.67,30,72
14,0.3,0.7,4.5,2.5,,300.0,300.0,False,292,48.7,-1260.1,0.949,35.27,4704.34,-0.27,43.06,31,72
14,0.3,0.7,5.0,1.5,1.35,0.0,0.0,True,158,26.3,-1971.45,0.824,22.15,2943.13,-0.67,34.72,25,72
14,0.3,0.7,5.0,1.5,1.35,200.0,250.0,True,130,21.7,201.25,1.024,24.62,1435.2,0.14,38.89,28,72
14,0.3,0.7,5.0,1.5,1.35,250.0,250.0,True,137,22.8,-702.83,0.923,23.36,2012.55,-0.35,34.72,25,72
14,0.3,0.7,5.0,1.5,1.35,300.0,300.0,True,145,24.2,-863.68,0.912,23.45,2098.9,-0.41,34.72,25,72
14,0.3,0.7,5.0,1.5,1.4,0.0,0.0,True,172,28.7,-2348.31,0.806,21.51,3319.99,-0.71,34.72,25,72
14,0.3,0.7,5.0,1.5,1.4,200.0,250.0,True,139,23.2,-143.77,0.984,23.74,1780.22,-0.08,40.28,29,72
14,0.3,0.7,5.0,1.5,1.4,250.0,250.0,True,147,24.5,-724.89,0.925,23.13,2034.61,-0.36,36.11,26,72
14,0.3,0.7,5.0,1.5,1.4,300.0,300.0,True,158,26.3,-1141.61,0.892,22.78,2376.83,-0.48,34.72,25,72
14,0.3,0.7,5.0,1.5,1.45,0.0,0.0,True,184,30.7,-2525.49,0.809,21.2,4177.33,-0.6,34.72,25,72
14,0.3,0.7,5.0,1.5,1.45,200.0,250.0,True,146,24.3,-830.91,0.913,22.6,2388.41,-0.35,40.28,29,72
14,0.3,0.7,5.0,1.5,1.45,250.0,250.0,True,154,25.7,-1412.03,0.865,22.08,2707.83,-0.52,36.11,26,72
14,0.3,0.7,5.0,1.5,1.45,300.0,300.0,True,167,27.8,-1999.48,0.826,21.56,3295.28,-0.61,34.72,25,72
14,0.3,0.7,5.0,1.5,,0.0,0.0,False,632,105.3,-4506.77,0.903,22.94,7143.62,-0.63,40.28,29,72
14,0.3,0.7,5.0,1.5,,200.0,250.0,False,300,50.0,-2216.1,0.882,22.0,3380.64,-0.66,44.44,32,72
14,0.3,0.7,5.0,1.5,,250.0,250.0,False,323,53.8,-1479.87,0.926,22.91,2956.54,-0.5,43.06,31,72
14,0.3,0.7,5.0,1.5,,300.0,300.0,False,388,64.7,-867.95,0.963,23.71,2869.82,-0.3,41.67,30,72
14,0.3,0.7,5.0,2.0,1.35,0.0,0.0,True,150,25.0,-727.43,0.943,30.67,2193.94,-0.33,43.06,31,72
14,0.3,0.7,5.0,2.0,1.35,200.0,250.0,True,116,19.3,792.1,1.09,33.62,1597.11,0.5,44.44,32,72
14,0.3,0.7,5.0,2.0,1.35,250.0,250.0,True,120,20.0,832.54,1.09,33.33,1597.11,0.52,43.06,31,72
14,0.3,0.7,5.0,2.0,1.35,300.0,300.0,True,129,21.5,1254.44,1.127,33.33,1597.11,0.79,43.06,31,72
14,0.3,0.7,5.0,2.0,1.4,0.0,0.0,True,164,27.3,-1387.58,0.901,29.27,2411.1,-0.58,43.06,31,72
14,0.3,0.7,5.0,2.0,1.4,200.0,250.0,True,124,20.7,368.25,1.039,32.26,1597.11,0.23,44.44,32,72
14,0.3,0.7,5.0,2.0,1.4,250.0,250.0,True,129,21.5,731.65,1.074,32.56,1597.11,0.46,43.06,31,72
14,0.3,0.7,5.0,2.0,1.4,300.0,300.0,True,141,23.5,815.49,1.075,31.91,1597.11,0.51,43.06,31,72
14,0.3,0.7,5.0,2.0,1.45,0.0,0.0,True,176,29.3,-1662.13,0.892,28.98,3537.27,-0.47,43.06,31,72
14,0.3,0.7,5.0,2.0,1.45,200.0,250.0,True,130,21.7,-277.48,0.973,31.54,2083.73,-0.13,43.06,31,72
14,0.3,0.7,5.0,2.0,1.45,250.0,250.0,True,135,22.5,85.92,1.008,31.85,2083.73,0.04,41.67,30,72
14,0.3,0.7,5.0,2.0,1.45,300.0,300.0,True,149,24.8,4.76,1.0,30.87,2156.04,0.0,41.67,30,72
14,0.3,0.7,5.0,2.0,,0.0,0.0,False,552,92.0,-1647.78,0.967,30.25,5645.73,-0.29,48.61,35,72
14,0.3,0.7,5.0,2.0,,200.0,250.0,False,238,39.7,-392.82,0.978,29.41,2142.21,-0.18,48.61,35,72
14,0.3,0.7,5.0,2.0,,250.0,250.0,False,263,43.8,33.68,1.002,30.04,2548.93,0.01,47.22,34,72
14,0.3,0.7,5.0,2.0,,300.0,300.0,False,323,53.8,841.3,1.035,31.58,2142.21,0.39,51.39,37,72
14,0.3,0.7,5.0,2.5,1.35,0.0,0.0,True,147,24.5,-415.5,0.971,35.37,2796.61,-0.15,38.89,28,72
14,0.3,0.7,5.0,2.5,1.35,200.0,250.0,True,109,18.2,790.34,1.083,37.61,1694.78,0.47,43.06,31,72
14,0.3,0.7,5.0,2.5,1.35,250.0,250.0,True,117,19.5,472.11,1.045,35.9,1694.78,0.28,40.28,29,72
14,0.3,0.7,5.0,2.5,1.35,300.0,300.0,True,125,20.8,384.19,1.034,36.0,1990.19,0.19,38.89,28,72
14,0.3,0.7,5.0,2.5,1.4,0.0,0.0,True,160,26.7,-886.46,0.944,34.38,3007.68,-0.29,40.28,29,72
14,0.3,0.7,5.0,2.5,1.4,200.0,250.0,True,116,19.3,364.52,1.036,36.21,1694.78,0.22,44.44,32,72
14,0.3,0.7,5.0,2.5,1.4,250.0,250.0,True,126,21.0,565.96,1.051,35.71,1694.78,0.33,41.67,30,72
14,0.3,0.7,5.0,2.5,1.4,300.0,300.0,True,136,22.7,171.35,1.014,35.29,2099.78,0.08,40.28,29,72
14,0.3,0.7,5.0,2.5,1.45,0.0,0.0,True,171,28.5,-1350.38,0.922,33.92,3773.84,-0.36,37.5,27,72
14,0.3,0.7,5.0,2.5,1.45,200.0,250.0,True,120,20.0,-16.09,0.998,35.83,1921.42,-0.01,43.06,31,72
14,0.3,0.7,5.0,2.5,1.45,250.0,250.0,True,130,21.7,185.35,1.016,35.38,1921.42,0.1,40.28,29,72
14,0.3,0.7,5.0,2.5,1.45,300.0,300.0,True,139,23.2,376.64,1.03,35.97,2188.98,0.17,38.89,28,72
14,0.3,0.7,5.0,2.5,,0.0,0.0,False,511,85.2,-2526.43,0.952,34.44,7070.27,-0.36,43.06,31,72
14,0.3,0.7,5.0,2.5,,200.0,250.0,False,197,32.8,-4550.64,0.764,28.43,4777.65,-0.95,38.89,28,72
14,0.3,0.7,5.0,2.5,,250.0,250.0,False,219,36.5,-4516.74,0.783,29.22,4783.94,-0.94,37.5,27,72
14,0.3,0.7,5.0,2.5,,300.0,300.0,False,276,46.0,-1922.41,0.921,33.33,3269.18,-0.59,41.67,30,72
14,0.35,0.65,3.5,1.5,1.35,0.0,0.0,True,204,34.0,-2882.44,0.783,29.41,3554.55,-0.81,37.5,27,72
14,0.35,0.65,3.5,1.5,1.35,200.0,250.0,True,170,28.3,-2259.48,0.779,29.41,2980.55,-0.76,36.11,26,72
14,0.35,0.65,3.5,1.5,1.35,250.0,250.0,True,173,28.8,-2264.04,0.781,29.48,2935.91,-0.77,36.11,26,72
14,0.35,0.65,3.5,1.5,1.35,300.0,300.0,True,187,31.2,-2774.92,0.761,28.88,3298.89,-0.84,37.5,27,72
14,0.35,0.65,3.5,1.5,1.4,0.0,0.0,True,222,37.0,-2607.03,0.816,30.18,3279.14,-0.8,37.5,27,72
14,0.35,0.65,3.5,1.5,1.4,200.0,250.0,True,186,31.0,-1780.0,0.837,30.65,2716.52,-0.66,36.11,26,72
14,0.35,0.65,3.5,1.5,1.4,250.0,250.0,True,189,31.5,-1784.56,0.838,30.69,2671.88,-0.67,36.11,26,72
14,0.35,0.65,3.5,1.5,1.4,300.0,300.0,True,204,34.0,-2423.02,0.805,29.9,3082.25,-0.79,37.5,27,72
14,0.35,0.65,3.5,1.5,1.45,0.0,0.0,True,241,40.2,-2722.53,0.824,29.88,3489.84,-0.78,41.67,30,72
14,0.35,0.65,3.5,1.5,1.45,200.0,250.0,True,197,32.8,-1254.18,0.89,30.96,2082.07,-0.6,40.28,29,72
14,0.35,0.65,3.5,1.5,1.45,250.0,250.0,True,203,33.8,-1681.47,0.859,30.54,2460.16,-0.68,38.89,28,72
14,0.35,0.65,3.5,1.5,1.45,300.0,300.0,True,221,36.8,-2415.21,0.82,29.41,3034.38,-0.8,40.28,29,72
14,0.35,0.65,3.5,1.5,,0.0,0.0,False,807,134.5,-5725.19,0.895,30.36,7387.7,-0.77,47.22,34,72
14,0.35,0.65,3.5,1.5,,200.0,250.0,False,377,62.8,-438.08,0.979,32.1,2418.67,-0.18,48.61,35,72
14,0.35,0.65,3.5,1.5,,250.0,250.0,False,420,70.0,-886.64,0.962,31.67,2418.67,-0.37,41.67,30,72
14,0.35,0.65,3.5,1.5,,300.0,300.0,False,520,86.7,-2190.74,0.925,30.77,3628.97,-0.6,40.28,29,72
14,0.35,0.65,3.5,2.0,1.35,0.0,0.0,True,198,33.0,307.43,1.022,41.41,3001.13,0.1,52.78,38,72
14,0.35,0.65,3.5,2.0,1.35,200.0,250.0,True,153,25.5,958.79,1.097,43.79,2450.91,0.39,51.39,37,72
14,0.35,0.65,3.5,2.0,1.35,250.0,250.0,True,157,26.2,1103.25,1.11,43.95,2450.91,0.45,51.39,37,72
14,0.35,0.65,3.5,2.0,1.35,300.0,300.0,True,169,28.2,505.98,1.045,42.6,2621.99,0.19,51.39,37,72
14,0.35,0.65,3.5,2.0,1.4,0.0,0.0,True,216,36.0,293.59,1.019,41.2,2968.54,0.1,50.0,36,72
14,0.35,0.65,3.5,2.0,1.4,200.0,250.0,True,167,27.8,685.22,1.063,43.11,2627.25,0.26,48.61,35,72
14,0.35,0.65,3.5,2.0,1.4,250.0,250.0,True,171,28.5,829.68,1.076,43.27,2627.25,0.32,48.61,35,72
14,0.35,0.65,3.5,2.0,1.4,300.0,300.0,True,185,30.8,351.01,1.029,42.16,2589.4,0.14,48.61,35,72
14,0.35,0.65,3.5,2.0,1.45,0.0,0.0,True,233,38.8,645.49,1.039,41.2,2581.07,0.25,52.78,38,72
14,0.35,0.65,3.5,2.0,1.45,200.0,250.0,True,175,29.2,1899.19,1.178,44.57,1537.93,1.23,52.78,38,72
14,0.35,0.65,3.5,2.0,1.45,250.0,250.0,True,180,30.0,1942.7,1.178,44.44,1537.93,1.26,52.78,38,72
14,0.35,0.65,3.5,2.0,1.45,300.0,300.0,True,194,32.3,713.45,1.056,42.27,2166.82,0.33,51.39,37,72
14,0.35,0.65,3.5,2.0,,0.0,0.0,False,726,121.0,-2557.21,0.956,37.6,6836.92,-0.37,45.83,33,72
14,0.35,0.65,3.5,2.0,,200.0,250.0,False,290,48.3,515.09,1.028,39.31,2217.13,0.23,54.17,39,72
14,0.35,0.65,3.5,2.0,,250.0,250.0,False,319,53.2,1270.23,1.062,40.44,2217.13,0.57,52.78,38,72
14,0.35,0.65,3.5,2.0,,300.0,300.0,False,412,68.7,797.36,1.029,39.56,2348.45,0.34,52.78,38,72
14,0.35,0.65,3.5,2.5,1.35,0.0,0.0,True,193,32.2,-505.21,0.968,46.11,3568.0,-0.14,52.78,38,72
14,0.35,0.65,3.5,2.5,1.35,200.0,250.0,True,145,24.2,1728.73,1.168,51.72,2676.0,0.65,54.17,39,72
14,0.35,0.65,3.5,2.5,1.35,250.0,250.0,True,149,24.8,1802.95,1.172,51.68,2676.0,0.67,54.17,39,72
14,0.35,0.65,3.5,2.5,1.35,300.0,300.0,True,166,27.7,422.25,1.034,48.19,3235.92,0.13,52.78,38,72
14,0.35,0.65,3.5,2.5,1.4,0.0,0.0,True,210,35.0,-401.24,0.977,46.19,3573.55,-0.11,54.17,39,72
14,0.35,0.65,3.5,2.5,1.4,200.0,250.0,True,157,26.2,1222.29,1.108,50.32,2890.48,0.42,54.17,39,72
14,0.35,0.65,3.5,2.5,1.4,250.0,250.0,True,161,26.8,1296.51,1.112,50.31,2890.48,0.45,54.17,39,72
14,0.35,0.65,3.5,2.5,1.4,300.0,300.0,True,179,29.8,279.18,1.021,48.04,3450.4,0.08,52.78,38,72
14,0.35,0.65,3.5,2.5,1.45,0.0,0.0,True,228,38.0,-637.73,0.966,45.18,3390.81,-0.19,54.17,39,72
14,0.35,0.65,3.5,2.5,1.45,200.0,250.0,True,166,27.7,1871.93,1.162,50.0,1714.8,1.09,55.56,40,72
14,0.35,0.65,3.5,2.5,1.45,250.0,250.0,True,170,28.3,1946.15,1.166,50.0,1714.8,1.13,55.56,40,72
14,0.35,0.65,3.5,2.5,1.45,300.0,300.0,True,187,31.2,840.36,1.062,47.59,2380.41,0.35,54.17,39,72
14,0.35,0.65,3.5,2.5,,0.0,0.0,False,660,110.0,-1095.02,0.981,43.03,6341.16,-0.17,48.61,35,72
14,0.35,0.65,3.5,2.5,,200.0,250.0,False,246,41.0,856.21,1.049,44.72,1990.0,0.43,54.17,39,72
14,0.35,0.65,3.5,2.5,,250.0,250.0,False,276,46.0,317.99,1.016,44.2,2463.81,0.13,50.0,36,72
14,0.35,0.65,3.5,2.5,,300.0,300.0,False,355,59.2,997.71,1.038,45.07,2651.96,0.38,50.0,36,72
14,0.35,0.65,4.0,1.5,1.35,0.0,0.0,True,202,33.7,-3240.63,0.764,26.24,4057.61,-0.8,33.33,24,72
14,0.35,0.65,4.0,1.5,1.35,200.0,250.0,True,167,27.8,-2550.81,0.758,25.75,3158.52,-0.81,31.94,23,72
14,0.35,0.65,4.0,1.5,1.35,250.0,250.0,True,174,29.0,-2920.1,0.735,25.29,3527.81,-0.83,30.56,22,72
14,0.35,0.65,4.0,1.5,1.35,300.0,300.0,True,181,30.2,-2982.82,0.745,25.97,3590.53,-0.83,30.56,22,72
14,0.35,0.65,4.0,1.5,1.4,0.0,0.0,True,221,36.8,-2975.83,0.798,26.7,3792.81,-0.78,31.94,23,72
14,0.35,0.65,4.0,1.5,1.4,200.0,250.0,True,183,30.5,-2312.4,0.797,26.23,2920.11,-0.79,31.94,23,72
14,0.35,0.65,4.0,1.5,1.4,250.0,250.0,True,192,32.0,-2577.08,0.784,26.04,3184.79,-0.81,30.56,22,72
14,0.35,0.65,4.0,1.5,1.4,300.0,300.0,True,199,33.2,-2641.53,0.79,26.63,3249.24,-0.81,30.56,22,72
14,0.35,0.65,4.0,1.5,1.45,0.0,0.0,True,240,40.0,-2919.14,0.818,26.67,3845.36,-0.76,36.11,26,72
14,0.35,0.65,4.0,1.5,1.45,200.0,250.0,True,193,32.2,-1575.73,0.866,26.94,2292.68,-0.69,34.72,25,72
14,0.35,0.65,4.0,1.5,1.45,250.0,250.0,True,203,33.8,-1930.62,0.845,26.6,2647.57,-0.73,33.33,24,72
14,0.35,0.65,4.0,1.5,1.45,300.0,300.0,True,213,35.5,-2036.61,0.845,26.76,2753.56,-0.74,33.33,24,72
14,0.35,0.65,4.0,1.5,,0.0,0.0,False,776,129.3,-2750.05,0.949,28.48,6036.98,-0.46,50.0,36,72
14,0.35,0.65,4.0,1.5,,200.0,250.0,False,362,60.3,-634.05,0.97,28.73,2792.78,-0.23,50.0,36,72
14,0.35,0.65,4.0,1.5,,250.0,250.0,False,387,64.5,-179.71,0.992,28.94,2645.5,-0.07,48.61,35,72
14,0.35,0.65,4.0,1.5,,300.0,300.0,False,480,80.0,-645.8,0.977,29.17,3335.89,-0.19,47.22,34,72
14,0.35,0.65,4.0,2.0,1.35,0.0,0.0,True,191,31.8,797.68,1.056,38.74,2782.77,0.29,50.0,36,72
14,0.35,0.65,4.0,2.0,1.35,200.0,250.0,True,143,23.8,682.76,1.069,39.16,2103.4,0.32,48.61,35,72
14,0.35,0.65,4.0,2.0,1.35,250.0,250.0,True,155,25.8,479.99,1.045,38.71,2103.4,0.23,45.83,33,72
14,0.35,0.65,4.0,2.0,1.35,300.0,300.0,True,162,27.0,464.12,1.041,38.89,1956.52,0.24,45.83,33,72
14,0.35,0.65,4.0,2.0,1.4,0.0,0.0,True,209,34.8,845.31,1.054,38.28,2738.25,0.31,48.61,35,72
14,0.35,0.65,4.0,2.0,1.4,200.0,250.0,True,156,26.0,29.6,1.003,37.18,2315.32,0.01,45.83,33,72
14,0.35,0.65,4.0,2.0,1.4,250.0,250.0,True,169,28.2,456.41,1.039,37.87,2394.13,0.19,44.44,32,72
14,0.35,0.65,4.0,2.0,1.4,300.0,300.0,True,177,29.5,862.89,1.071,38.98,2008.04,0.43,44.44,32,72
14,0.35,0.65,4.0,2.0,1.45,0.0,0.0,True,228,38.0,1049.15,1.062,37.72,1952.99,0.54,52.78,38,72
14,0.35,0.65,4.0,2.0,1.45,200.0,250.0,True,163,27.2,1515.88,1.142,39.26,1129.23,1.34,51.39,37,72
14,0.35,0.65,4.0,2.0,1.45,250.0,250.0,True,177,29.5,1823.44,1.159,39.55,1208.04,1.51,50.0,36,72
14,0.35,0.65,4.0,2.0,1.45,300.0,300.0,True,187,31.2,1513.55,1.12,39.57,1343.36,1.13,50.0,36,72
14,0.35,0.65,4.0,2.0,,0.0,0.0,False,697,116.2,-4.25,1.0,35.29,6711.52,-0.0,50.0,36,72
14,0.35,0.65,4.0,2.0,,200.0,250.0,False,267,44.5,1038.79,1.058,37.08,1936.51,0.54,51.39,37,72
14,0.35,0.65,4.0,2.0,,250.0,250.0,False,274,45.7,2102.14,1.116,38.32,1936.51,1.09,51.39,37,72
14,0.35,0.65,4.0,2.0,,300.0,300.0,False,364,60.7,755.14,1.03,36.81,2202.34,0.34,48.61,35,72
14,0.35,0.65,4.0,2.5,1.35,0.0,0.0,True,186,31.0,-448.18,0.973,42.47,3324.4,-0.13,45.83,33,72
14,0.35,0.65,4.0,2.5,1.35,200.0,250.0,True,137,22.8,595.48,1.055,45.26,2525.82,0.24,48.61,35,72
14,0.35,0.65,4.0,2.5,1.35,250.0,250.0,True,146,24.3,648.12,1.056,45.21,2525.82,0.26,45.83,33,72
14,0.35,0.65,4.0,2.5,1.35,300.0,300.0,True,155,25.8,346.62,1.028,44.52,2697.81,0.13,45.83,33,72
14,0.35,0.65,4.0,2.5,1.4,0.0,0.0,True,203,33.8,-264.18,0.985,42.36,3299.67,-0.08,47.22,34,72
14,0.35,0.65,4.0,2.5,1.4,200.0,250.0,True,148,24.7,-341.65,0.972,42.57,2740.3,-0.12,48.61,35,72
14,0.35,0.65,4.0,2.5,1.4,250.0,250.0,True,158,26.3,381.48,1.03,43.67,2740.3,0.14,47.22,34,72
14,0.35,0.65,4.0,2.5,1.4,300.0,300.0,True,168,28.0,444.52,1.033,44.05,2912.29,0.15,47.22,34,72
14,0.35,0.65,4.0,2.5,1.45,0.0,0.0,True,222,37.0,-427.57,0.978,41.44,2857.8,-0.15,47.22,34,72
14,0.35,0.65,4.0,2.5,1.45,200.0,250.0,True,155,25.8,706.28,1.059,43.23,1480.24,0.48,51.39,37,72
14,0.35,0.65,4.0,2.5,1.45,250.0,250.0,True,167,27.8,1155.7,1.091,43.71,1480.24,0.78,50.0,36,72
14,0.35,0.65,4.0,2.5,1.45,300.0,300.0,True,177,29.5,1293.94,1.096,44.07,1577.03,0.82,50.0,36,72
14,0.35,0.65,4.0,2.5,,0.0,0.0,False,626,104.3,1817.51,1.031,40.73,5853.86,0.31,48.61,35,72
14,0.35,0.65,4.0,2.5,,200.0,250.0,False,232,38.7,1493.88,1.086,42.67,1700.42,0.88,54.17,39,72
14,0.35,0.65,4.0,2.5,,250.0,250.0,False,249,41.5,1773.27,1.097,42.57,1985.65,0.89,52.78,38,72
14,0.35,0.65,4.0,2.5,,300.0,300.0,False,311,51.8,1998.23,1.084,42.44,2673.08,0.75,52.78,38,72
14,0.35,0.65,4.5,1.5,1.35,0.0,0.0,True,201,33.5,-3102.89,0.778,24.88,3317.35,-0.94,37.5,27,72
14,0.35,0.65,4.5,1.5,1.35,200.0,250.0,True,166,27.7,-2164.59,0.798,24.7,2655.73,-0.82,36.11,26,72
14,0.35,0.65,4.5,1.5,1.35,250.0,250.0,True,173,28.8,-2441.03,0.782,24.28,2932.17,-0.83,34.72,25,72
14,0.35,0.65,4.5,1.5,1.35,300.0,300.0,True,180,30.0,-2807.86,0.765,24.44,3299.0,-0.85,34.72,25,72
14,0.35,0.65,4.5,1.5,1.4,0.0,0.0,True,219,36.5,-2904.86,0.806,25.11,3119.32,-0.93,34.72,25,72
14,0.35,0.65,4.5,1.5,1.4,200.0,250.0,True,180,30.0,-1937.25,0.831,25.0,2486.17,-0.78,34.72,25,72
14,0.35,0.65,4.5,1.5,1.4,250.0,250.0,True,189,31.5,-2115.58,0.825,24.87,2655.35,-0.8,33.33,24,72
14,0.35,0.65,4.5,1.5,1.4,300.0,300.0,True,197,32.8,-2533.34,0.803,24.87,3069.76,-0.83,33.33,24,72
14,0.35,0.65,4.5,1.5,1.45,0.0,0.0,True,238,39.7,-2676.0,0.836,25.21,3069.68,-0.87,36.11,26,72
14,0.35,0.65,4.5,1.5,1.45,200.0,250.0,True,190,31.7,-1059.51,0.911,25.79,1729.87,-0.61,34.72,25,72
14,0.35,0.65,4.5,1.5,1.45,250.0,250.0,True,200,33.3,-1328.05,0.894,25.5,1998.41,-0.66,33.33,24,72
14,0.35,0.65,4.5,1.5,1.45,300.0,300.0,True,209,34.8,-1615.55,0.878,25.36,2285.91,-0.71,33.33,24,72
14,0.35,0.65,4.5,1.5,,0.0,0.0,False,754,125.7,-670.39,0.988,26.79,5700.53,-0.12,51.39,37,72
14,0.35,0.65,4.5,1.5,,200.0,250.0,False,317,52.8,966.76,1.051,27.76,2665.89,0.36,51.39,37,72
14,0.35,0.65,4.5,1.5,,250.0,250.0,False,349,58.2,1945.5,1.096,28.94,2665.89,0.73,51.39,37,72
14,0.35,0.65,4.5,1.5,,300.0,300.0,False,432,72.0,2457.22,1.098,28.94,2967.08,0.83,51.39,37,72
14,0.35,0.65,4.5,2.0,1.35,0.0,0.0,True,190,31.7,1189.64,1.081,36.84,2611.48,0.46,48.61,35,72
14,0.35,0.65,4.5,2.0,1.35,200.0,250.0,True,141,23.5,511.57,1.051,36.88,2134.56,0.24,47.22,34,72
14,0.35,0.65,4.5,2.0,1.35,250.0,250.0,True,151,25.2,-229.79,0.979,35.1,2230.98,-0.1,44.44,32,72
14,0.35,0.65,4.5,2.0,1.35,300.0,300.0,True,160,26.7,238.42,1.02,36.25,2336.13,0.1,44.44,32,72
14,0.35,0.65,4.5,2.0,1.4,0.0,0.0,True,207,34.5,1172.49,1.073,36.23,2561.68,0.46,48.61,35,72
14,0.35,0.65,4.5,2.0,1.4,200.0,250.0,True,153,25.5,-102.93,0.991,35.29,2306.77,-0.04,45.83,33,72
14,0.35,0.65,4.5,2.0,1.4,250.0,250.0,True,164,27.3,-156.08,0.987,34.76,2496.94,-0.06,44.44,32,72
14,0.35,0.65,4.5,2.0,1.4,300.0,300.0,True,175,29.2,507.84,1.039,36.0,2332.59,0.22,44.44,32,72
14,0.35,0.65,4.5,2.0,1.45,0.0,0.0,True,226,37.7,1592.79,1.091,35.84,1722.77,0.92,51.39,37,72
14,0.35,0.65,4.5,2.0,1.45,200.0,250.0,True,158,26.3,1510.13,1.14,37.34,1209.65,1.25,51.39,37,72
14,0.35,0.65,4.5,2.0,1.45,250.0,250.0,True,172,28.7,1363.98,1.115,36.63,1209.65,1.13,50.0,36,72
14,0.35,0.65,4.5,2.0,1.45,300.0,300.0,True,184,30.7,1425.44,1.108,36.96,1605.01,0.89,50.0,36,72
14,0.35,0.65,4.5,2.0,,0.0,0.0,False,677,112.8,506.13,1.009,33.09,6519.14,0.08,54.17,39,72
14,0.35,0.65,4.5,2.0,,200.0,250.0,False,241,40.2,1383.6,1.082,33.61,1960.43,0.71,52.78,38,72
14,0.35,0.65,4.5,2.0,,250.0,250.0,False,274,45.7,2514.8,1.133,35.4,1927.24,1.3,51.39,37,72
14,0.35,0.65,4.5,2.0,,300.0,300.0,False,333,55.5,2178.69,1.092,34.83,1832.22,1.19,51.39,37,72
14,0.35,0.65,4.5,2.5,1.35,0.0,0.0,True,185,30.8,1188.41,1.072,41.62,3153.11,0.38,45.83,33,72
14,0.35,0.65,4.5,2.5,1.35,200.0,250.0,True,133,22.2,1675.1,1.158,44.36,2255.9,0.74,48.61,35,72
14,0.35,0.65,4.5,2.5,1.35,250.0,250.0,True,144,24.0,1287.28,1.11,43.06,2375.65,0.54,45.83,33,72
14,0.35,0.65,4.5,2.5,1.35,300.0,300.0,True,150,25.0,1055.72,1.085,42.67,2799.67,0.38,45.83,33,72
14,0.35,0.65,4.5,2.5,1.4,0.0,0.0,True,201,33.5,1331.43,1.075,41.29,3098.09,0.43,45.83,33,72
14,0.35,0.65,4.5,2.5,1.4,200.0,250.0,True,142,23.7,873.82,1.075,42.25,2470.38,0.35,47.22,34,72
14,0.35,0.65,4.5,2.5,1.4,250.0,250.0,True,154,25.7,1215.12,1.097,42.21,2590.13,0.47,45.83,33,72
14,0.35,0.65,4.5,2.5,1.4,300.0,300.0,True,162,27.0,1072.06,1.081,41.98,3014.15,0.36,45.83,33,72
14,0.35,0.65,4.5,2.5,1.45,0.0,0.0,True,220,36.7,1384.5,1.07,40.45,2324.82,0.6,47.22,34,72
14,0.35,0.65,4.5,2.5,1.45,200.0,250.0,True,147,24.5,2039.26,1.178,42.86,1507.12,1.35,51.39,37,72
14,0.35,0.65,4.5,2.5,1.45,250.0,250.0,True,162,27.0,2239.32,1.178,42.59,1440.29,1.55,50.0,36,72
14,0.35,0.65,4.5,2.5,1.45,300.0,300.0,True,170,28.3,2202.83,1.166,42.35,1440.29,1.53,50.0,36,72
14,0.35,0.65,4.5,2.5,,0.0,0.0,False,603,100.5,2606.76,1.044,38.14,5183.36,0.5,51.39,37,72
14,0.35,0.65,4.5,2.5,,200.0,250.0,False,213,35.5,-632.23,0.965,36.15,2797.5,-0.23,45.83,33,72
14,0.35,0.65,4.5,2.5,,250.0,250.0,False,226,37.7,-665.38,0.965,36.28,2797.5,-0.24,43.06,31,72
14,0.35,0.65,4.5,2.5,,300.0,300.0,False,289,48.2,156.44,1.007,38.06,3358.46,0.05,48.61,35,72
14,0.35,0.65,5.0,1.5,1.35,0.0,0.0,True,201,33.5,-2320.6,0.835,24.38,2596.19,-0.89,43.06,31,72
14,0.35,0.65,5.0,1.5,1.35,200.0,250.0,True,157,26.2,-846.53,0.917,25.48,2274.29,-0.37,41.67,30,72
14,0.35,0.65,5.0,1.5,1.35,250.0,250.0,True,169,28.2,-1114.4,0.898,24.85,2279.43,-0.49,40.28,29,72
14,0.35,0.65,5.0,1.5,1.35,300.0,300.0,True,180,30.0,-1777.38,0.851,24.44,2783.57,-0.64,40.28,29,72
14,0.35,0.65,5.0,1.5,1.4,0.0,0.0,True,219,36.5,-1989.52,0.868,24.66,2463.88,-0.81,41.67,30,72
14,0.35,0.65,5.0,1.5,1.4,200.0,250.0,True,172,28.7,-485.2,0.956,25.58,2126.51,-0.23,41.67,30,72
14,0.35,0.65,5.0,1.5,1.4,250.0,250.0,True,184,30.7,-848.94,0.928,25.0,2242.0,-0.38,40.28,29,72
14,0.35,0.65,5.0,1.5,1.4,300.0,300.0,True,197,32.8,-1369.81,0.893,24.87,2746.14,-0.5,40.28,29,72
14,0.35,0.65,5.0,1.5,1.45,0.0,0.0,True,238,39.7,-2491.61,0.85,24.37,3210.14,-0.78,41.67,30,72
14,0.35,0.65,5.0,1.5,1.45,200.0,250.0,True,181,30.2,-288.36,0.975,25.97,2104.4,-0.14,40.28,29,72
14,0.35,0.65,5.0,1.5,1.45,250.0,250.0,True,194,32.3,-733.25,0.941,25.26,2104.4,-0.35,38.89,28,72
14,0.35,0.65,5.0,1.5,1.45,300.0,300.0,True,209,34.8,-1214.07,0.909,24.88,2384.22,-0.51,38.89,28,72
14,0.35,0.65,5.0,1.5,,0.0,0.0,False,728,121.3,-3797.56,0.93,24.18,8615.53,-0.44,51.39,37,72
14,0.35,0.65,5.0,1.5,,200.0,250.0,False,313,52.2,-842.89,0.957,23.32,2905.77,-0.29,45.83,33,72
14,0.35,0.65,5.0,1.5,,250.0,250.0,False,346,57.7,321.53,1.015,24.86,2464.15,0.13,45.83,33,72
14,0.35,0.65,5.0,1.5,,300.0,300.0,False,408,68.0,1041.78,1.043,25.98,2986.67,0.35,48.61,35,72
14,0.35,0.65,5.0,2.0,1.35,0.0,0.0,True,188,31.3,301.6,1.02,34.04,3069.05,0.1,45.83,33,72
14,0.35,0.65,5.0,2.0,1.35,200.0,250.0,True,135,22.5,667.17,1.066,35.56,2613.25,0.26,45.83,33,72
14,0.35,0.65,5.0,2.0,1.35,250.0,250.0,True,148,24.7,425.05,1.038,34.46,2709.67,0.16,45.83,33,72
14,0.35,0.65,5.0,2.0,1.35,300.0,300.0,True,157,26.2,643.36,1.054,34.39,2814.82,0.23,45.83,33,72
14,0.35,0.65,5.0,2.0,1.4,0.0,0.0,True,205,34.2,417.5,1.025,33.66,2941.47,0.14,44.44,32,72
14,0.35,0.65,5.0,2.0,1.4,200.0,250.0,True,148,24.7,576.85,1.052,34.46,2785.46,0.21,45.83,33,72
14,0.35,0.65,5.0,2.0,1.4,250.0,250.0,True,160,26.7,408.48,1.034,33.75,2881.88,0.14,45.83,33,72
14,0.35,0.65,5.0,2.0,1.4,300.0,300.0,True,173,28.8,879.06,1.068,34.1,2687.24,0.33,45.83,33,72
14,0.35,0.65,5.0,2.0,1.45,0.0,0.0,True,224,37.3,81.67,1.004,33.04,2803.49,0.03,47.22,34,72
14,0.35,0.65,5.0,2.0,1.45,200.0,250.0,True,153,25.5,2330.81,1.218,36.6,1403.29,1.66,51.39,37,72
14,0.35,0.65,5.0,2.0,1.45,250.0,250.0,True,167,27.8,2200.83,1.189,35.93,1403.29,1.57,51.39,37,72
14,0.35,0.65,5.0,2.0,1.45,300.0,300.0,True,182,30.3,1931.34,1.145,35.16,1798.65,1.07,51.39,37,72
14,0.35,0.65,5.0,2.0,,0.0,0.0,False,642,107.0,-4322.68,0.926,30.06,9206.91,-0.47,47.22,34,72
14,0.35,0.65,5.0,2.0,,200.0,250.0,False,247,41.2,-1057.03,0.943,28.34,2332.87,-0.45,44.44,32,72
14,0.35,0.65,5.0,2.0,,250.0,250.0,False,268,44.7,-101.56,0.995,30.22,2730.78,-0.04,43.06,31,72
14,0.35,0.65,5.0,2.0,,300.0,300.0,False,317,52.8,1520.32,1.067,31.86,2901.41,0.52,48.61,35,72
14,0.35,0.65,5.0,2.5,1.35,0.0,0.0,True,183,30.5,17.28,1.001,38.25,3655.6,0.0,48.61,35,72
14,0.35,0.65,5.0,2.5,1.35,200.0,250.0,True,129,21.5,1410.3,1.129,41.86,2779.51,0.51,48.61,35,72
14,0.35,0.65,5.0,2.5,1.35,250.0,250.0,True,141,23.5,1417.04,1.12,41.13,2899.26,0.49,48.61,35,72
14,0.35,0.65,5.0,2.5,1.35,300.0,300.0,True,149,24.8,1041.2,1.081,40.27,3323.28,0.31,47.22,34,72
14,0.35,0.65,5.0,2.5,1.4,0.0,0.0,True,199,33.2,315.15,1.017,38.19,3570.29,0.09,47.22,34,72
14,0.35,0.65,5.0,2.5,1.4,200.0,250.0,True,140,23.3,1052.74,1.088,40.0,2993.99,0.35,48.61,35,72
14,0.35,0.65,5.0,2.5,1.4,250.0,250.0,True,151,25.2,1023.14,1.08,39.74,3113.74,0.33,48.61,35,72
14,0.35,0.65,5.0,2.5,1.4,300.0,300.0,True,162,27.0,952.62,1.068,39.51,3537.76,0.27,47.22,34,72
14,0.35,0.65,5.0,2.5,1.45,0.0,0.0,True,218,36.3,-457.39,0.978,37.16,3507.68,-0.13,48.61,35,72
14,0.35,0.65,5.0,2.5,1.45,200.0,250.0,True,145,24.2,2330.61,1.198,40.69,1603.13,1.45,51.39,37,72
14,0.35,0.65,5.0,2.5,1.45,250.0,250.0,True,159,26.5,2187.02,1.169,40.25,1785.55,1.22,50.0,36,72
14,0.35,0.65,5.0,2.5,1.45,300.0,300.0,True,170,28.3,2200.2,1.158,40.0,1876.97,1.17,48.61,35,72
14,0.35,0.65,5.0,2.5,,0.0,0.0,False,572,95.3,-988.31,0.983,35.14,7242.84,-0.14,44.44,32,72
14,0.35,0.65,5.0,2.5,,200.0,250.0,False,200,33.3,-2971.46,0.836,30.5,4083.1,-0.73,41.67,30,72
14,0.35,0.65,5.0,2.5,,250.0,250.0,False,225,37.5,-1152.29,0.941,33.78,4013.67,-0.29,41.67,30,72
14,0.35,0.65,5.0,2.5,,300.0,300.0,False,273,45.5,-25.33,0.999,34.8,4396.06,-0.01,48.61,35,72
21,0.25,0.75,3.5,1.5,1.35,0.0,0.0,True,33,5.5,609.75,1.362,39.39,411.95,1.48,15.28,11,72
21,0.25,0.75,3.5,1.5,1.35,200.0,250.0,True,31,5.2,92.25,1.055,35.48,411.95,0.22,13.89,10,72
21,0.25,0.75,3.5,1.5,1.35,250.0,250.0,True,32,5.3,243.35,1.144,37.5,411.95,0.59,13.89,10,72
21,0.25,0.75,3.5,1.5,1.35,300.0,300.0,True,32,5.3,243.35,1.144,37.5,411.95,0.59,13.89,10,72
21,0.25,0.75,3.5,1.5,1.4,0.0,0.0,True,49,8.2,-252.11,0.911,30.61,864.53,-0.29,13.89,10,72
21,0.25,0.75,3.5,1.5,1.4,200.0,250.0,True,47,7.8,-552.04,0.801,29.79,864.53,-0.64,13.89,10,72
21,0.25,0.75,3.5,1.5,1.4,250.0,250.0,True,47,7.8,-552.04,0.801,29.79,864.53,-0.64,13.89,10,72
21,0.25,0.75,3.5,1.5,1.4,300.0,300.0,True,48,8.0,-618.51,0.782,29.17,864.53,-0.72,13.89,10,72
21,0.25,0.75,3.5,1.5,1.45,0.0,0.0,True,68,11.3,-880.89,0.787,26.47,958.55,-0.92,16.67,12,72
21,0.25,0.75,3.5,1.5,1.45,200.0,250.0,True,63,10.5,-1169.11,0.699,25.4,1204.91,-0.97,16.67,12,72
21,0.25,0.75,3.5,1.5,1.45,250.0,250.0,True,63,10.5,-1169.11,0.699,25.4,1204.91,-0.97,16.67,12,72
21,0.25,0.75,3.5,1.5,1.45,300.0,300.0,True,66,11.0,-1171.11,0.711,25.76,1117.64,-1.05,16.67,12,72
21,0.25,0.75,3.5,1.5,,0.0,0.0,False,210,35.0,1557.17,1.116,31.43,2412.27,0.65,41.67,30,72
21,0.25,0.75,3.5,1.5,,200.0,250.0,False,170,28.3,-1171.35,0.891,31.18,1962.98,-0.6,40.28,29,72
21,0.25,0.75,3.5,1.5,,250.0,250.0,False,178,29.7,-1602.36,0.859,29.78,2594.87,-0.62,37.5,27,72
21,0.25,0.75,3.5,1.5,,300.0,300.0,False,185,30.8,-844.68,0.926,30.81,2273.84,-0.37,38.89,28,72
21,0.25,0.75,3.5,2.0,1.35,0.0,0.0,True,33,5.5,279.39,1.13,42.42,631.63,0.44,16.67,12,72
21,0.25,0.75,3.5,2.0,1.35,200.0,250.0,True,31,5.2,-238.11,0.889,38.71,631.63,-0.38,15.28,11,72
21,0.25,0.75,3.5,2.0,1.35,250.0,250.0,True,32,5.3,-87.01,0.959,40.62,631.63,-0.14,15.28,11,72
21,0.25,0.75,3.5,2.0,1.35,300.0,300.0,True,32,5.3,-87.01,0.959,40.62,631.63,-0.14,15.28,11,72
21,0.25,0.75,3.5,2.0,1.4,0.0,0.0,True,48,8.0,1.12,1.0,37.5,643.87,0.0,19.44,14,72
21,0.25,0.75,3.5,2.0,1.4,200.0,250.0,True,46,7.7,-277.69,0.91,36.96,643.87,-0.43,18.06,13,72
21,0.25,0.75,3.5,2.0,1.4,250.0,250.0,True,46,7.7,-277.69,0.91,36.96,643.87,-0.43,18.06,13,72
21,0.25,0.75,3.5,2.0,1.4,300.0,300.0,True,47,7.8,-365.28,0.885,36.17,643.87,-0.57,18.06,13,72
21,0.25,0.75,3.5,2.0,1.45,0.0,0.0,True,66,11.0,-300.45,0.934,34.85,1105.95,-0.27,19.44,14,72
21,0.25,0.75,3.5,2.0,1.45,200.0,250.0,True,60,10.0,-384.08,0.905,35.0,1162.91,-0.33,19.44,14,72
21,0.25,0.75,3.5,2.0,1.45,250.0,250.0,True,60,10.0,-384.08,0.905,35.0,1162.91,-0.33,19.44,14,72
21,0.25,0.75,3.5,2.0,1.45,300.0,300.0,True,64,10.7,-452.18,0.896,34.38,1263.45,-0.36,19.44,14,72
21,0.25,0.75,3.5,2.0,,0.0,0.0,False,198,33.0,654.19,1.042,36.87,3190.21,0.21,36.11,26,72
21,0.25,0.75,3.5,2.0,,200.0,250.0,False,151,25.2,-908.89,0.92,37.09,2563.27,-0.35,37.5,27,72
21,0.25,0.75,3.5,2.0,,250.0,250.0,False,164,27.3,-587.39,0.951,37.2,2534.85,-0.23,37.5,27,72
21,0.25,0.75,3.5,2.0,,300.0,300.0,False,173,28.8,-1211.3,0.908,36.99,2749.11,-0.44,37.5,27,72
21,0.25,0.75,3.5,2.5,1.35,0.0,0.0,True,33,5.5,648.92,1.284,51.52,525.98,1.23,19.44,14,72
21,0.25,0.75,3.5,2.5,1.35,200.0,250.0,True,31,5.2,131.42,1.057,48.39,525.98,0.25,18.06,13,72
21,0.25,0.75,3.5,2.5,1.35,250.0,250.0,True,32,5.3,282.52,1.123,50.0,525.98,0.54,18.06,13,72
21,0.25,0.75,3.5,2.5,1.35,300.0,300.0,True,32,5.3,282.52,1.123,50.0,525.98,0.54,18.06,13,72
21,0.25,0.75,3.5,2.5,1.4,0.0,0.0,True,47,7.8,273.33,1.079,44.68,750.25,0.36,22.22,16,72
21,0.25,0.75,3.5,2.5,1.4,200.0,250.0,True,45,7.5,-237.82,0.931,42.22,750.25,-0.32,20.83,15,72
21,0.25,0.75,3.5,2.5,1.4,250.0,250.0,True,45,7.5,468.99,1.15,44.44,750.25,0.63,22.22,16,72
21,0.25,0.75,3.5,2.5,1.4,300.0,300.0,True,46,7.7,613.74,1.196,45.65,750.25,0.82,22.22,16,72
21,0.25,0.75,3.5,2.5,1.45,0.0,0.0,True,64,10.7,374.25,1.078,43.75,1184.74,0.32,25.0,18,72
21,0.25,0.75,3.5,2.5,1.45,200.0,250.0,True,57,9.5,-33.31,0.992,42.11,1422.56,-0.02,25.0,18,72
21,0.25,0.75,3.5,2.5,1.45,250.0,250.0,True,58,9.7,873.53,1.223,44.83,1184.74,0.74,26.39,19,72
21,0.25,0.75,3.5,2.5,1.45,300.0,300.0,True,60,10.0,859.22,1.211,45.0,1184.74,0.73,26.39,19,72
21,0.25,0.75,3.5,2.5,,0.0,0.0,False,190,31.7,878.67,1.051,42.63,3611.39,0.24,43.06,31,72
21,0.25,0.75,3.5,2.5,,200.0,250.0,False,139,23.2,-1294.33,0.891,41.01,2661.04,-0.49,47.22,34,72
21,0.25,0.75,3.5,2.5,,250.0,250.0,False,148,24.7,-1754.77,0.863,39.86,2868.56,-0.61,43.06,31,72
21,0.25,0.75,3.5,2.5,,300.0,300.0,False,163,27.2,-411.32,0.97,42.33,2789.87,-0.15,44.44,32,72
21,0.25,0.75,4.0,1.5,1.35,0.0,0.0,True,33,5.5,443.8,1.243,33.33,576.33,0.77,12.5,9,72
21,0.25,0.75,4.0,1.5,1.35,200.0,250.0,True,31,5.2,-148.52,0.919,29.03,576.33,-0.26,11.11,8,72
21,0.25,0.75,4.0,1.5,1.35,250.0,250.0,True,31,5.2,-148.52,0.919,29.03,576.33,-0.26,11.11,8,72
21,0.25,0.75,4.0,1.5,1.35,300.0,300.0,True,32,5.3,24.61,1.013,31.25,576.33,0.04,11.11,8,72
21,0.25,0.75,4.0,1.5,1.4,0.0,0.0,True,49,8.2,-375.35,0.874,26.53,1038.36,-0.36,12.5,9,72
21,0.25,0.75,4.0,1.5,1.4,200.0,250.0,True,46,7.7,-901.2,0.691,23.91,1094.25,-0.82,11.11,8,72
21,0.25,0.75,4.0,1.5,1.4,250.0,250.0,True,47,7.8,-728.07,0.75,25.53,1038.36,-0.7,11.11,8,72
21,0.25,0.75,4.0,1.5,1.4,300.0,300.0,True,47,7.8,-728.07,0.75,25.53,1038.36,-0.7,11.11,8,72
21,0.25,0.75,4.0,1.5,1.45,0.0,0.0,True,68,11.3,-908.71,0.787,23.53,1140.13,-0.8,13.89,10,72
21,0.25,0.75,4.0,1.5,1.45,200.0,250.0,True,61,10.2,-1729.31,0.571,19.67,1675.84,-1.03,13.89,10,72
21,0.25,0.75,4.0,1.5,1.45,250.0,250.0,True,63,10.5,-1273.18,0.684,22.22,1380.83,-0.92,13.89,10,72
21,0.25,0.75,4.0,1.5,1.45,300.0,300.0,True,64,10.7,-1088.57,0.73,23.44,1196.22,-0.91,13.89,10,72
21,0.25,0.75,4.0,1.5,,0.0,0.0,False,207,34.5,464.44,1.033,28.02,2800.34,0.17,38.89,28,72
21,0.25,0.75,4.0,1.5,,200.0,250.0,False,161,26.8,-856.92,0.919,27.95,1653.09,-0.52,38.89,28,72
21,0.25,0.75,4.0,1.5,,250.0,250.0,False,176,29.3,-915.18,0.92,27.84,1729.13,-0.53,38.89,28,72
21,0.25,0.75,4.0,1.5,,300.0,300.0,False,183,30.5,-879.02,0.925,27.87,2050.39,-0.43,38.89,28,72
21,0.25,0.75,4.0,2.0,1.35,0.0,0.0,True,33,5.5,326.05,1.145,39.39,586.51,0.56,15.28,11,72
21,0.25,0.75,4.0,2.0,1.35,200.0,250.0,True,31,5.2,-266.27,0.882,35.48,586.51,-0.45,13.89,10,72
21,0.25,0.75,4.0,2.0,1.35,250.0,250.0,True,31,5.2,-266.27,0.882,35.48,586.51,-0.45,13.89,10,72
21,0.25,0.75,4.0,2.0,1.35,300.0,300.0,True,32,5.3,-93.14,0.959,37.5,586.51,-0.16,13.89,10,72
21,0.25,0.75,4.0,2.0,1.4,0.0,0.0,True,48,8.0,157.57,1.048,35.42,799.65,0.2,18.06,13,72
21,0.25,0.75,4.0,2.0,1.4,200.0,250.0,True,45,7.5,-347.16,0.891,33.33,806.59,-0.43,16.67,12,72
21,0.25,0.75,4.0,2.0,1.4,250.0,250.0,True,46,7.7,-174.03,0.946,34.78,799.65,-0.22,16.67,12,72
21,0.25,0.75,4.0,2.0,1.4,300.0,300.0,True,46,7.7,-174.03,0.946,34.78,799.65,-0.22,16.67,12,72
21,0.25,0.75,4.0,2.0,1.45,0.0,0.0,True,66,11.0,12.5,1.003,33.33,1320.8,0.01,22.22,16,72
21,0.25,0.75,4.0,2.0,1.45,200.0,250.0,True,58,9.7,-615.91,0.851,31.03,1494.84,-0.41,19.44,14,72
21,0.25,0.75,4.0,2.0,1.45,250.0,250.0,True,60,10.0,-159.78,0.961,33.33,1321.71,-0.12,19.44,14,72
21,0.25,0.75,4.0,2.0,1.45,300.0,300.0,True,62,10.3,23.44,1.006,33.87,1422.25,0.02,20.83,15,72
21,0.25,0.75,4.0,2.0,,0.0,0.0,False,195,32.5,18.22,1.001,34.36,3323.04,0.01,38.89,28,72
21,0.25,0.75,4.0,2.0,,200.0,250.0,False,142,23.7,-191.59,0.982,35.21,1883.87,-0.1,40.28,29,72
21,0.25,0.75,4.0,2.0,,250.0,250.0,False,157,26.2,-26.62,0.998,35.03,2033.42,-0.01,37.5,27,72
21,0.25,0.75,4.0,2.0,,300.0,300.0,False,171,28.5,61.39,1.005,35.67,2281.58,0.03,40.28,29,72
21,0.25,0.75,4.0,2.5,1.35,0.0,0.0,True,33,5.5,744.36,1.308,48.48,555.6,1.34,18.06,13,72
21,0.25,0.75,4.0,2.5,1.35,200.0,250.0,True,31,5.2,152.04,1.063,45.16,555.6,0.27,16.67,12,72
21,0.25,0.75,4.0,2.5,1.35,250.0,250.0,True,31,5.2,152.04,1.063,45.16,555.6,0.27,16.67,12,72
21,0.25,0.75,4.0,2.5,1.35,300.0,300.0,True,32,5.3,325.17,1.134,46.88,555.6,0.59,16.67,12,72
21,0.25,0.75,4.0,2.5,1.4,0.0,0.0,True,47,7.8,484.94,1.135,42.55,844.21,0.57,20.83,15,72
21,0.25,0.75,4.0,2.5,1.4,200.0,250.0,True,45,7.5,-100.12,0.972,40.0,859.46,-0.12,19.44,14,72
21,0.25,0.75,4.0,2.5,1.4,250.0,250.0,True,45,7.5,659.48,1.203,42.22,844.21,0.78,20.83,15,72
21,0.25,0.75,4.0,2.5,1.4,300.0,300.0,True,45,7.5,659.48,1.203,42.22,844.21,0.78,20.83,15,72
21,0.25,0.75,4.0,2.5,1.45,0.0,0.0,True,64,10.7,794.42,1.161,42.19,1377.93,0.58,23.61,17,72
21,0.25,0.75,4.0,2.5,1.45,200.0,250.0,True,56,9.3,-34.92,0.992,39.29,1600.5,-0.02,23.61,17,72
21,0.25,0.75,4.0,2.5,1.45,250.0,250.0,True,58,9.7,1236.72,1.306,43.1,1377.93,0.9,25.0,18,72
21,0.25,0.75,4.0,2.5,1.45,300.0,300.0,True,58,9.7,1236.72,1.306,43.1,1377.93,0.9,25.0,18,72
21,0.25,0.75,4.0,2.5,,0.0,0.0,False,187,31.2,498.62,1.028,40.64,3386.7,0.15,43.06,31,72
21,0.25,0.75,4.0,2.5,,200.0,250.0,False,136,22.7,-1162.03,0.905,38.24,2608.23,-0.45,44.44,32,72
21,0.25,0.75,4.0,2.5,,250.0,250.0,False,145,24.2,-968.92,0.925,38.62,2581.9,-0.38,43.06,31,72
21,0.25,0.75,4.0,2.5,,300.0,300.0,False,159,26.5,211.94,1.016,40.25,2432.92,0.09,45.83,33,72
21,0.25,0.75,4.5,1.5,1.35,0.0,0.0,True,33,5.5,556.44,1.297,30.3,551.11,1.01,12.5,9,72
21,0.25,0.75,4.5,1.5,1.35,200.0,250.0,True,32,5.3,84.47,1.045,28.12,551.11,0.15,11.11,8,72
21,0.25,0.75,4.5,1.5,1.35,250.0,250.0,True,32,5.3,84.47,1.045,28.12,551.11,0.15,11.11,8,72
21,0.25,0.75,4.5,1.5,1.35,300.0,300.0,True,32,5.3,84.47,1.045,28.12,551.11,0.15,11.11,8,72
21,0.25,0.75,4.5,1.5,1.4,0.0,0.0,True,49,8.2,-220.0,0.927,24.49,1013.14,-0.22,13.89,10,72
21,0.25,0.75,4.5,1.5,1.4,200.0,250.0,True,46,7.7,-559.37,0.807,23.91,1013.14,-0.55,12.5,9,72
21,0.25,0.75,4.5,1.5,1.4,250.0,250.0,True,47,7.8,-625.5,0.789,23.4,1013.14,-0.62,12.5,9,72
21,0.25,0.75,4.5,1.5,1.4,300.0,300.0,True,46,7.7,214.83,1.083,26.09,1013.14,0.21,13.89,10,72
21,0.25,0.75,4.5,1.5,1.45,0.0,0.0,True,68,11.3,-657.94,0.848,22.06,1140.46,-0.58,16.67,12,72
21,0.25,0.75,4.5,1.5,1.45,200.0,250.0,True,60,10.0,-1291.39,0.673,20.0,1351.15,-0.96,13.89,10,72
21,0.25,0.75,4.5,1.5,1.45,250.0,250.0,True,61,10.2,-932.85,0.762,21.31,1477.18,-0.63,15.28,11,72
21,0.25,0.75,4.5,1.5,1.45,300.0,300.0,True,61,10.2,115.55,1.033,24.59,1140.46,0.1,16.67,12,72
21,0.25,0.75,4.5,1.5,,0.0,0.0,False,207,34.5,760.44,1.052,26.09,3198.67,0.24,41.67,30,72
21,0.25,0.75,4.5,1.5,,200.0,250.0,False,151,25.2,-1164.33,0.889,25.17,2859.9,-0.41,38.89,28,72
21,0.25,0.75,4.5,1.5,,250.0,250.0,False,156,26.0,386.69,1.038,26.92,2367.42,0.16,41.67,30,72
21,0.25,0.75,4.5,1.5,,300.0,300.0,False,174,29.0,238.2,1.021,26.44,2372.68,0.1,41.67,30,72
21,0.25,0.75,4.5,2.0,1.35,0.0,0.0,True,33,5.5,653.39,1.29,39.39,541.39,1.21,15.28,11,72
21,0.25,0.75,4.5,2.0,1.35,200.0,250.0,True,31,5.2,-13.74,0.994,35.48,541.39,-0.03,13.89,10,72
21,0.25,0.75,4.5,2.0,1.35,250.0,250.0,True,31,5.2,-13.74,0.994,35.48,541.39,-0.03,13.89,10,72
21,0.25,0.75,4.5,2.0,1.35,300.0,300.0,True,31,5.2,-13.74,0.994,35.48,541.39,-0.03,13.89,10,72
21,0.25,0.75,4.5,2.0,1.4,0.0,0.0,True,48,8.0,128.56,1.037,33.33,746.36,0.17,16.67,12,72
21,0.25,0.75,4.5,2.0,1.4,200.0,250.0,True,44,7.3,-363.84,0.888,31.82,746.36,-0.49,15.28,11,72
21,0.25,0.75,4.5,2.0,1.4,250.0,250.0,True,46,7.7,-255.82,0.924,32.61,746.36,-0.34,15.28,11,72
21,0.25,0.75,4.5,2.0,1.4,300.0,300.0,True,46,7.7,-255.82,0.924,32.61,746.36,-0.34,15.28,11,72
21,0.25,0.75,4.5,2.0,1.45,0.0,0.0,True,66,11.0,139.99,1.029,31.82,1254.95,0.11,22.22,16,72
21,0.25,0.75,4.5,2.0,1.45,200.0,250.0,True,56,9.3,-2.74,0.999,32.14,1228.99,-0.0,19.44,14,72
21,0.25,0.75,4.5,2.0,1.45,250.0,250.0,True,58,9.7,564.22,1.144,34.48,1254.95,0.45,20.83,15,72
21,0.25,0.75,4.5,2.0,1.45,300.0,300.0,True,60,10.0,317.15,1.076,33.33,1300.34,0.24,20.83,15,72
21,0.25,0.75,4.5,2.0,,0.0,0.0,False,195,32.5,-14.41,0.999,31.79,3732.11,-0.0,38.89,28,72
21,0.25,0.75,4.5,2.0,,200.0,250.0,False,135,22.5,680.03,1.065,34.07,2037.25,0.33,41.67,30,72
21,0.25,0.75,4.5,2.0,,250.0,250.0,False,140,23.3,778.93,1.072,34.29,2203.22,0.35,41.67,30,72
21,0.25,0.75,4.5,2.0,,300.0,300.0,False,158,26.3,-1195.88,0.909,31.01,2596.92,-0.46,37.5,27,72
21,0.25,0.75,4.5,2.5,1.35,0.0,0.0,True,33,5.5,1146.01,1.474,48.48,536.43,2.14,18.06,13,72
21,0.25,0.75,4.5,2.5,1.35,200.0,250.0,True,31,5.2,478.88,1.198,45.16,536.43,0.89,16.67,12,72
21,0.25,0.75,4.5,2.5,1.35,250.0,250.0,True,31,5.2,478.88,1.198,45.16,536.43,0.89,16.67,12,72
21,0.25,0.75,4.5,2.5,1.35,300.0,300.0,True,31,5.2,478.88,1.198,45.16,536.43,0.89,16.67,12,72
21,0.25,0.75,4.5,2.5,1.4,0.0,0.0,True,47,7.8,500.76,1.133,40.43,860.35,0.58,19.44,14,72
21,0.25,0.75,4.5,2.5,1.4,200.0,250.0,True,44,7.3,-344.2,0.909,36.36,943.34,-0.36,18.06,13,72
21,0.25,0.75,4.5,2.5,1.4,250.0,250.0,True,45,7.5,-158.21,0.958,37.78,860.35,-0.18,18.06,13,72
21,0.25,0.75,4.5,2.5,1.4,300.0,300.0,True,45,7.5,654.17,1.19,40.0,860.35,0.76,19.44,14,72
21,0.25,0.75,4.5,2.5,1.45,0.0,0.0,True,64,10.7,1018.81,1.199,40.62,1291.07,0.79,25.0,18,72
21,0.25,0.75,4.5,2.5,1.45,200.0,250.0,True,54,9.0,428.68,1.1,38.89,1560.45,0.27,23.61,17,72
21,0.25,0.75,4.5,2.5,1.45,250.0,250.0,True,55,9.2,769.61,1.182,40.0,1472.22,0.52,23.61,17,72
21,0.25,0.75,4.5,2.5,1.45,300.0,300.0,True,56,9.3,1840.05,1.473,42.86,1291.07,1.43,25.0,18,72
21,0.25,0.75,4.5,2.5,,0.0,0.0,False,184,30.7,500.32,1.027,37.5,3910.18,0.13,40.28,29,72
21,0.25,0.75,4.5,2.5,,200.0,250.0,False,127,21.2,-713.38,0.94,35.43,3363.08,-0.21,44.44,32,72
21,0.25,0.75,4.5,2.5,,250.0,250.0,False,136,22.7,69.96,1.006,36.76,2617.26,0.03,44.44,32,72
21,0.25,0.75,4.5,2.5,,300.0,300.0,False,150,25.0,664.61,1.05,37.33,2956.4,0.22,43.06,31,72
21,0.25,0.75,5.0,1.5,1.35,0.0,0.0,True,33,5.5,226.36,1.112,27.27,792.44,0.29,11.11,8,72
21,0.25,0.75,5.0,1.5,1.35,200.0,250.0,True,31,5.2,-231.93,0.881,25.81,792.44,-0.29,9.72,7,72
21,0.25,0.75,5.0,1.5,1.35,250.0,250.0,True,32,5.3,-298.4,0.852,25.0,792.44,-0.38,9.72,7,72
21,0.25,0.75,5.0,1.5,1.35,300.0,300.0,True,32,5.3,-298.4,0.852,25.0,792.44,-0.38,9.72,7,72
21,0.25,0.75,5.0,1.5,1.4,0.0,0.0,True,49,8.2,-507.35,0.84,22.45,1254.47,-0.4,12.5,9,72
21,0.25,0.75,5.0,1.5,1.4,200.0,250.0,True,45,7.5,-1088.93,0.642,20.0,1254.47,-0.87,11.11,8,72
21,0.25,0.75,5.0,1.5,1.4,250.0,250.0,True,47,7.8,-965.64,0.689,21.28,1254.47,-0.77,11.11,8,72
21,0.25,0.75,5.0,1.5,1.4,300.0,300.0,True,47,7.8,-965.64,0.689,21.28,1254.47,-0.77,11.11,8,72
21,0.25,0.75,5.0,1.5,1.45,0.0,0.0,True,68,11.3,-849.87,0.809,20.59,1203.04,-0.71,15.28,11,72
21,0.25,0.75,5.0,1.5,1.45,200.0,250.0,True,59,9.8,-1784.76,0.564,16.95,1731.29,-1.03,12.5,9,72
21,0.25,0.75,5.0,1.5,1.45,250.0,250.0,True,62,10.3,-1721.37,0.592,17.74,1667.9,-1.03,12.5,9,72
21,0.25,0.75,5.0,1.5,1.45,300.0,300.0,True,62,10.3,-969.5,0.761,20.97,1181.0,-0.82,13.89,10,72
21,0.25,0.75,5.0,1.5,,0.0,0.0,False,204,34.0,-1259.65,0.917,23.53,3026.6,-0.42,41.67,30,72
21,0.25,0.75,5.0,1.5,,200.0,250.0,False,145,24.2,-527.68,0.949,24.83,2710.08,-0.19,37.5,27,72
21,0.25,0.75,5.0,1.5,,250.0,250.0,False,159,26.5,63.29,1.006,25.16,2936.43,0.02,38.89,28,72
21,0.25,0.75,5.0,1.5,,300.0,300.0,False,168,28.0,829.38,1.074,25.6,2200.61,0.38,41.67,30,72
21,0.25,0.75,5.0,2.0,1.35,0.0,0.0,True,33,5.5,712.27,1.305,36.36,648.27,1.1,13.89,10,72
21,0.25,0.75,5.0,2.0,1.35,200.0,250.0,True,30,5.0,57.92,1.026,33.33,648.27,0.09,12.5,9,72
21,0.25,0.75,5.0,2.0,1.35,250.0,250.0,True,31,5.2,-29.67,0.987,32.26,648.27,-0.05,12.5,9,72
21,0.25,0.75,5.0,2.0,1.35,300.0,300.0,True,31,5.2,-29.67,0.987,32.26,648.27,-0.05,12.5,9,72
21,0.25,0.75,5.0,2.0,1.4,0.0,0.0,True,48,8.0,261.39,1.074,31.25,936.4,0.28,15.28,11,72
21,0.25,0.75,5.0,2.0,1.4,200.0,250.0,True,42,7.0,-726.78,0.782,26.19,1080.8,-0.67,13.89,10,72
21,0.25,0.75,5.0,2.0,1.4,250.0,250.0,True,44,7.3,-624.5,0.818,27.27,1167.94,-0.53,13.89,10,72
21,0.25,0.75,5.0,2.0,1.4,300.0,300.0,True,46,7.7,-175.78,0.949,30.43,936.4,-0.19,13.89,10,72
21,0.25,0.75,5.0,2.0,1.45,0.0,0.0,True,66,11.0,429.32,1.088,30.3,1457.55,0.29,22.22,16,72
21,0.25,0.75,5.0,2.0,1.45,200.0,250.0,True,54,9.0,-244.94,0.94,27.78,1629.1,-0.15,19.44,14,72
21,0.25,0.75,5.0,2.0,1.45,250.0,250.0,True,57,9.5,-221.49,0.947,28.07,1795.07,-0.12,19.44,14,72
21,0.25,0.75,5.0,2.0,1.45,300.0,300.0,True,60,10.0,553.69,1.13,31.67,1457.55,0.38,20.83,15,72
21,0.25,0.75,5.0,2.0,,0.0,0.0,False,192,32.0,-2242.27,0.875,28.65,3787.39,-0.59,47.22,34,72
21,0.25,0.75,5.0,2.0,,200.0,250.0,False,134,22.3,751.75,1.069,32.09,3055.58,0.25,43.06,31,72
21,0.25,0.75,5.0,2.0,,250.0,250.0,False,144,24.0,1408.0,1.125,32.64,2421.71,0.58,44.44,32,72
21,0.25,0.75,5.0,2.0,,300.0,300.0,False,156,26.0,-849.89,0.935,29.49,2635.97,-0.32,43.06,31,72
21,0.25,0.75,5.0,2.5,1.35,0.0,0.0,True,32,5.3,1344.16,1.552,46.88,720.76,1.86,18.06,13,72
21,0.25,0.75,5.0,2.5,1.35,200.0,250.0,True,29,4.8,394.1,1.162,41.38,720.76,0.55,15.28,11,72
21,0.25,0.75,5.0,2.5,1.35,250.0,250.0,True,30,5.0,602.22,1.247,43.33,720.76,0.84,16.67,12,72
21,0.25,0.75,5.0,2.5,1.35,300.0,300.0,True,30,5.0,602.22,1.247,43.33,720.76,0.84,16.67,12,72
21,0.25,0.75,5.0,2.5,1.4,0.0,0.0,True,46,7.7,779.23,1.205,39.13,955.07,0.82,19.44,14,72
21,0.25,0.75,5.0,2.5,1.4,200.0,250.0,True,42,7.0,-350.07,0.908,33.33,1080.97,-0.32,16.67,12,72
21,0.25,0.75,5.0,2.5,1.4,250.0,250.0,True,44,7.3,46.35,1.012,36.36,955.07,0.05,16.67,12,72
21,0.25,0.75,5.0,2.5,1.4,300.0,300.0,True,44,7.3,46.35,1.012,36.36,955.07,0.05,16.67,12,72
21,0.25,0.75,5.0,2.5,1.45,0.0,0.0,True,63,10.5,1519.94,1.297,39.68,1393.59,1.09,25.0,18,72
21,0.25,0.75,5.0,2.5,1.45,200.0,250.0,True,52,8.7,580.69,1.136,36.54,1642.57,0.35,22.22,16,72
21,0.25,0.75,5.0,2.5,1.45,250.0,250.0,True,55,9.2,879.35,1.201,38.18,1533.33,0.57,22.22,16,72
21,0.25,0.75,5.0,2.5,1.45,300.0,300.0,True,54,9.0,1143.65,1.27,38.89,1533.33,0.75,22.22,16,72
21,0.25,0.75,5.0,2.5,,0.0,0.0,False,182,30.3,-1046.54,0.946,35.16,3821.72,-0.27,43.06,31,72
21,0.25,0.75,5.0,2.5,,200.0,250.0,False,124,20.7,-582.61,0.952,33.87,3481.27,-0.17,41.67,30,72
21,0.25,0.75,5.0,2.5,,250.0,250.0,False,133,22.2,1320.8,1.11,36.09,2731.26,0.48,44.44,32,72
21,0.25,0.75,5.0,2.5,,300.0,300.0,False,147,24.5,1454.54,1.109,36.05,2867.94,0.51,44.44,32,72
21,0.3,0.7,3.5,1.5,1.35,0.0,0.0,True,43,7.2,1565.5,1.754,48.84,426.51,3.67,25.0,18,72
21,0.3,0.7,3.5,1.5,1.35,200.0,250.0,True,42,7.0,1199.1,1.578,47.62,426.51,2.81,25.0,18,72
21,0.3,0.7,3.5,1.5,1.35,250.0,250.0,True,42,7.0,1199.1,1.578,47.62,426.51,2.81,25.0,18,72
21,0.3,0.7,3.5,1.5,1.35,300.0,300.0,True,41,6.8,1494.41,1.781,48.78,426.51,3.5,25.0,18,72
21,0.3,0.7,3.5,1.5,1.4,0.0,0.0,True,56,9.3,699.16,1.226,39.29,426.51,1.64,25.0,18,72
21,0.3,0.7,3.5,1.5,1.4,200.0,250.0,True,55,9.2,332.76,1.108,38.18,426.51,0.78,25.0,18,72
21,0.3,0.7,3.5,1.5,1.4,250.0,250.0,True,55,9.2,332.76,1.108,38.18,426.51,0.78,25.0,18,72
21,0.3,0.7,3.5,1.5,1.4,300.0,300.0,True,54,9.0,628.07,1.215,38.89,426.51,1.47,25.0,18,72
21,0.3,0.7,3.5,1.5,1.45,0.0,0.0,True,68,11.3,722.12,1.191,38.24,718.26,1.01,29.17,21,72
21,0.3,0.7,3.5,1.5,1.45,200.0,250.0,True,67,11.2,355.72,1.094,37.31,718.26,0.5,29.17,21,72
21,0.3,0.7,3.5,1.5,1.45,250.0,250.0,True,66,11.0,651.03,1.18,37.88,718.26,0.91,29.17,21,72
21,0.3,0.7,3.5,1.5,1.45,300.0,300.0,True,66,11.0,651.03,1.18,37.88,718.26,0.91,29.17,21,72
21,0.3,0.7,3.5,1.5,,0.0,0.0,False,355,59.2,1082.72,1.047,31.83,2057.72,0.53,54.17,39,72
21,0.3,0.7,3.5,1.5,,200.0,250.0,False,246,41.0,243.18,1.017,32.52,1901.51,0.13,52.78,38,72
21,0.3,0.7,3.5,1.5,,250.0,250.0,False,267,44.5,1036.06,1.068,32.96,1757.17,0.59,51.39,37,72
21,0.3,0.7,3.5,1.5,,300.0,300.0,False,280,46.7,1446.3,1.09,33.21,1534.65,0.94,52.78,38,72
21,0.3,0.7,3.5,2.0,1.35,0.0,0.0,True,43,7.2,1493.2,1.592,53.49,566.61,2.64,27.78,20,72
21,0.3,0.7,3.5,2.0,1.35,200.0,250.0,True,42,7.0,1126.8,1.447,52.38,566.61,1.99,27.78,20,72
21,0.3,0.7,3.5,2.0,1.35,250.0,250.0,True,42,7.0,1126.8,1.447,52.38,566.61,1.99,27.78,20,72
21,0.3,0.7,3.5,2.0,1.35,300.0,300.0,True,41,6.8,1474.72,1.639,53.66,566.61,2.6,27.78,20,72
21,0.3,0.7,3.5,2.0,1.4,0.0,0.0,True,56,9.3,301.59,1.078,42.86,566.61,0.53,26.39,19,72
21,0.3,0.7,3.5,2.0,1.4,200.0,250.0,True,55,9.2,-64.81,0.983,41.82,566.61,-0.11,26.39,19,72
21,0.3,0.7,3.5,2.0,1.4,250.0,250.0,True,55,9.2,-64.81,0.983,41.82,566.61,-0.11,26.39,19,72
21,0.3,0.7,3.5,2.0,1.4,300.0,300.0,True,54,9.0,283.11,1.078,42.59,566.61,0.5,26.39,19,72
21,0.3,0.7,3.5,2.0,1.45,0.0,0.0,True,67,11.2,383.87,1.083,41.79,733.46,0.52,29.17,21,72
21,0.3,0.7,3.5,2.0,1.45,200.0,250.0,True,65,10.8,105.34,1.023,41.54,733.46,0.14,29.17,21,72
21,0.3,0.7,3.5,2.0,1.45,250.0,250.0,True,64,10.7,453.26,1.105,42.19,733.46,0.62,29.17,21,72
21,0.3,0.7,3.5,2.0,1.45,300.0,300.0,True,64,10.7,453.26,1.105,42.19,733.46,0.62,29.17,21,72
21,0.3,0.7,3.5,2.0,,0.0,0.0,False,332,55.3,301.93,1.012,37.35,2441.76,0.12,48.61,35,72
21,0.3,0.7,3.5,2.0,,200.0,250.0,False,211,35.2,-575.07,0.962,37.44,1949.18,-0.3,47.22,34,72
21,0.3,0.7,3.5,2.0,,250.0,250.0,False,225,37.5,423.11,1.027,38.67,1949.18,0.22,47.22,34,72
21,0.3,0.7,3.5,2.0,,300.0,300.0,False,251,41.8,279.97,1.016,39.04,2339.45,0.12,47.22,34,72
21,0.3,0.7,3.5,2.5,1.35,0.0,0.0,True,43,7.2,1708.32,1.614,60.47,706.72,2.42,27.78,20,72
21,0.3,0.7,3.5,2.5,1.35,200.0,250.0,True,41,6.8,1109.9,1.399,58.54,706.72,1.57,26.39,19,72
21,0.3,0.7,3.5,2.5,1.35,250.0,250.0,True,41,6.8,1109.9,1.399,58.54,706.72,1.57,26.39,19,72
21,0.3,0.7,3.5,2.5,1.35,300.0,300.0,True,41,6.8,1742.45,1.693,60.98,706.72,2.47,27.78,20,72
21,0.3,0.7,3.5,2.5,1.4,0.0,0.0,True,55,9.2,314.88,1.073,49.09,706.72,0.45,27.78,20,72
21,0.3,0.7,3.5,2.5,1.4,200.0,250.0,True,53,8.8,-283.54,0.934,47.17,790.58,-0.36,26.39,19,72
21,0.3,0.7,3.5,2.5,1.4,250.0,250.0,True,53,8.8,-283.54,0.934,47.17,790.58,-0.36,26.39,19,72
21,0.3,0.7,3.5,2.5,1.4,300.0,300.0,True,53,8.8,349.01,1.086,49.06,706.72,0.49,27.78,20,72
21,0.3,0.7,3.5,2.5,1.45,0.0,0.0,True,66,11.0,399.33,1.077,48.48,749.31,0.53,30.56,22,72
21,0.3,0.7,3.5,2.5,1.45,200.0,250.0,True,62,10.3,-241.13,0.952,46.77,749.31,-0.32,29.17,21,72
21,0.3,0.7,3.5,2.5,1.45,250.0,250.0,True,63,10.5,-90.03,0.982,47.62,749.31,-0.12,29.17,21,72
21,0.3,0.7,3.5,2.5,1.45,300.0,300.0,True,64,10.7,141.99,1.028,48.44,749.31,0.19,29.17,21,72
21,0.3,0.7,3.5,2.5,,0.0,0.0,False,306,51.0,1265.74,1.046,43.79,2798.5,0.45,54.17,39,72
21,0.3,0.7,3.5,2.5,,200.0,250.0,False,188,31.3,-342.49,0.978,43.62,2514.31,-0.14,50.0,36,72
21,0.3,0.7,3.5,2.5,,250.0,250.0,False,198,33.0,1374.86,1.088,45.45,2323.12,0.59,51.39,37,72
21,0.3,0.7,3.5,2.5,,300.0,300.0,False,208,34.7,1364.2,1.084,45.19,2323.12,0.59,51.39,37,72
21,0.3,0.7,4.0,1.5,1.35,0.0,0.0,True,41,6.8,971.14,1.422,41.46,643.07,1.51,20.83,15,72
21,0.3,0.7,4.0,1.5,1.35,200.0,250.0,True,40,6.7,551.95,1.24,40.0,643.07,0.86,20.83,15,72
21,0.3,0.7,4.0,1.5,1.35,250.0,250.0,True,40,6.7,551.95,1.24,40.0,643.07,0.86,20.83,15,72
21,0.3,0.7,4.0,1.5,1.35,300.0,300.0,True,40,6.7,551.95,1.24,40.0,643.07,0.86,20.83,15,72
21,0.3,0.7,4.0,1.5,1.4,0.0,0.0,True,54,9.0,126.2,1.038,33.33,742.0,0.17,22.22,16,72
21,0.3,0.7,4.0,1.5,1.4,200.0,250.0,True,53,8.8,-292.99,0.912,32.08,742.0,-0.39,22.22,16,72
21,0.3,0.7,4.0,1.5,1.4,250.0,250.0,True,53,8.8,-292.99,0.912,32.08,742.0,-0.39,22.22,16,72
21,0.3,0.7,4.0,1.5,1.4,300.0,300.0,True,53,8.8,-292.99,0.912,32.08,742.0,-0.39,22.22,16,72
21,0.3,0.7,4.0,1.5,1.45,0.0,0.0,True,66,11.0,-70.79,0.983,31.82,1232.24,-0.06,26.39,19,72
21,0.3,0.7,4.0,1.5,1.45,200.0,250.0,True,65,10.8,-489.98,0.881,30.77,1232.24,-0.4,26.39,19,72
21,0.3,0.7,4.0,1.5,1.45,250.0,250.0,True,65,10.8,-489.98,0.881,30.77,1232.24,-0.4,26.39,19,72
21,0.3,0.7,4.0,1.5,1.45,300.0,300.0,True,64,10.7,-175.47,0.956,31.25,1232.24,-0.14,26.39,19,72
21,0.3,0.7,4.0,1.5,,0.0,0.0,False,344,57.3,558.65,1.024,28.49,2230.46,0.25,54.17,39,72
21,0.3,0.7,4.0,1.5,,200.0,250.0,False,225,37.5,362.3,1.027,29.33,2376.24,0.15,55.56,40,72
21,0.3,0.7,4.0,1.5,,250.0,250.0,False,250,41.7,408.01,1.027,29.2,2145.04,0.19,54.17,39,72
21,0.3,0.7,4.0,1.5,,300.0,300.0,False,275,45.8,801.48,1.048,29.09,1725.47,0.46,54.17,39,72
21,0.3,0.7,4.0,2.0,1.35,0.0,0.0,True,41,6.8,616.51,1.212,43.9,922.08,0.67,22.22,16,72
21,0.3,0.7,4.0,2.0,1.35,200.0,250.0,True,40,6.7,197.32,1.068,42.5,922.08,0.21,22.22,16,72
21,0.3,0.7,4.0,2.0,1.35,250.0,250.0,True,40,6.7,197.32,1.068,42.5,922.08,0.21,22.22,16,72
21,0.3,0.7,4.0,2.0,1.35,300.0,300.0,True,40,6.7,197.32,1.068,42.5,922.08,0.21,22.22,16,72
21,0.3,0.7,4.0,2.0,1.4,0.0,0.0,True,54,9.0,-553.7,0.87,35.19,1202.94,-0.46,23.61,17,72
21,0.3,0.7,4.0,2.0,1.4,200.0,250.0,True,53,8.8,-972.89,0.771,33.96,1202.94,-0.81,23.61,17,72
21,0.3,0.7,4.0,2.0,1.4,250.0,250.0,True,53,8.8,-972.89,0.771,33.96,1202.94,-0.81,23.61,17,72
21,0.3,0.7,4.0,2.0,1.4,300.0,300.0,True,53,8.8,-972.89,0.771,33.96,1202.94,-0.81,23.61,17,72
21,0.3,0.7,4.0,2.0,1.45,0.0,0.0,True,65,10.8,-351.91,0.93,35.38,1228.45,-0.29,27.78,20,72
21,0.3,0.7,4.0,2.0,1.45,200.0,250.0,True,64,10.7,-771.1,0.846,34.38,1228.45,-0.63,27.78,20,72
21,0.3,0.7,4.0,2.0,1.45,250.0,250.0,True,64,10.7,-771.1,0.846,34.38,1228.45,-0.63,27.78,20,72
21,0.3,0.7,4.0,2.0,1.45,300.0,300.0,True,63,10.5,-403.98,0.915,34.92,1228.45,-0.33,27.78,20,72
21,0.3,0.7,4.0,2.0,,0.0,0.0,False,320,53.3,246.35,1.009,33.75,2808.88,0.09,47.22,34,72
21,0.3,0.7,4.0,2.0,,200.0,250.0,False,196,32.7,-618.9,0.958,33.67,2482.25,-0.25,48.61,35,72
21,0.3,0.7,4.0,2.0,,250.0,250.0,False,213,35.5,-441.53,0.972,33.8,2498.02,-0.18,47.22,34,72
21,0.3,0.7,4.0,2.0,,300.0,300.0,False,244,40.7,-1104.44,0.941,33.61,2631.95,-0.42,45.83,33,72
21,0.3,0.7,4.0,2.5,1.35,0.0,0.0,True,41,6.8,805.31,1.246,51.22,947.07,0.85,23.61,17,72
21,0.3,0.7,4.0,2.5,1.35,200.0,250.0,True,39,6.5,120.51,1.037,48.72,947.07,0.13,22.22,16,72
21,0.3,0.7,4.0,2.5,1.35,250.0,250.0,True,39,6.5,120.51,1.037,48.72,947.07,0.13,22.22,16,72
21,0.3,0.7,4.0,2.5,1.35,300.0,300.0,True,40,6.7,386.12,1.118,50.0,947.07,0.41,22.22,16,72
21,0.3,0.7,4.0,2.5,1.4,0.0,0.0,True,53,8.8,-566.73,0.882,41.51,1170.81,-0.48,23.61,17,72
21,0.3,0.7,4.0,2.5,1.4,200.0,250.0,True,51,8.5,-1251.53,0.74,39.22,1570.1,-0.8,22.22,16,72
21,0.3,0.7,4.0,2.5,1.4,250.0,250.0,True,51,8.5,-1251.53,0.74,39.22,1570.1,-0.8,22.22,16,72
21,0.3,0.7,4.0,2.5,1.4,300.0,300.0,True,52,8.7,-985.92,0.795,40.38,1304.49,-0.76,22.22,16,72
21,0.3,0.7,4.0,2.5,1.45,0.0,0.0,True,64,10.7,-347.59,0.938,42.19,1220.48,-0.28,26.39,19,72
21,0.3,0.7,4.0,2.5,1.45,200.0,250.0,True,61,10.2,-1205.52,0.787,39.34,1527.14,-0.79,25.0,18,72
21,0.3,0.7,4.0,2.5,1.45,250.0,250.0,True,61,10.2,-1205.52,0.787,39.34,1527.14,-0.79,25.0,18,72
21,0.3,0.7,4.0,2.5,1.45,300.0,300.0,True,63,10.5,-766.78,0.864,41.27,1220.48,-0.63,25.0,18,72
21,0.3,0.7,4.0,2.5,,0.0,0.0,False,299,49.8,923.68,1.032,39.8,3057.63,0.3,52.78,38,72
21,0.3,0.7,4.0,2.5,,200.0,250.0,False,168,28.0,-315.98,0.978,40.48,2604.84,-0.12,52.78,38,72
21,0.3,0.7,4.0,2.5,,250.0,250.0,False,187,31.2,924.8,1.059,41.71,2678.36,0.35,52.78,38,72
21,0.3,0.7,4.0,2.5,,300.0,300.0,False,211,35.2,177.45,1.01,40.28,2720.59,0.07,48.61,35,72
21,0.3,0.7,4.5,1.5,1.35,0.0,0.0,True,41,6.8,1386.89,1.602,41.46,616.11,2.25,19.44,14,72
21,0.3,0.7,4.5,1.5,1.35,200.0,250.0,True,40,6.7,914.92,1.397,40.0,616.11,1.48,19.44,14,72
21,0.3,0.7,4.5,1.5,1.35,250.0,250.0,True,40,6.7,914.92,1.397,40.0,616.11,1.48,19.44,14,72
21,0.3,0.7,4.5,1.5,1.35,300.0,300.0,True,40,6.7,914.92,1.397,40.0,616.11,1.48,19.44,14,72
21,0.3,0.7,4.5,1.5,1.4,0.0,0.0,True,54,9.0,563.35,1.17,33.33,715.04,0.79,20.83,15,72
21,0.3,0.7,4.5,1.5,1.4,200.0,250.0,True,53,8.8,91.38,1.028,32.08,715.04,0.13,20.83,15,72
21,0.3,0.7,4.5,1.5,1.4,250.0,250.0,True,53,8.8,91.38,1.028,32.08,715.04,0.13,20.83,15,72
21,0.3,0.7,4.5,1.5,1.4,300.0,300.0,True,53,8.8,91.38,1.028,32.08,715.04,0.13,20.83,15,72
21,0.3,0.7,4.5,1.5,1.45,0.0,0.0,True,66,11.0,441.58,1.108,31.82,1205.28,0.37,25.0,18,72
21,0.3,0.7,4.5,1.5,1.45,200.0,250.0,True,64,10.7,16.22,1.004,31.25,1205.28,0.01,25.0,18,72
21,0.3,0.7,4.5,1.5,1.45,250.0,250.0,True,65,10.8,-30.39,0.993,30.77,1205.28,-0.03,25.0,18,72
21,0.3,0.7,4.5,1.5,1.45,300.0,300.0,True,65,10.8,-30.39,0.993,30.77,1205.28,-0.03,25.0,18,72
21,0.3,0.7,4.5,1.5,,0.0,0.0,False,343,57.2,2506.21,1.105,27.7,2315.94,1.08,55.56,40,72
21,0.3,0.7,4.5,1.5,,200.0,250.0,False,223,37.2,166.73,1.012,26.91,2308.58,0.07,52.78,38,72
21,0.3,0.7,4.5,1.5,,250.0,250.0,False,236,39.3,1397.56,1.097,27.97,2029.91,0.69,54.17,39,72
21,0.3,0.7,4.5,1.5,,300.0,300.0,False,261,43.5,2149.11,1.134,27.97,1593.7,1.35,54.17,39,72
21,0.3,0.7,4.5,2.0,1.35,0.0,0.0,True,41,6.8,1064.59,1.366,43.9,895.12,1.19,20.83,15,72
21,0.3,0.7,4.5,2.0,1.35,200.0,250.0,True,40,6.7,592.62,1.203,42.5,895.12,0.66,20.83,15,72
21,0.3,0.7,4.5,2.0,1.35,250.0,250.0,True,40,6.7,592.62,1.203,42.5,895.12,0.66,20.83,15,72
21,0.3,0.7,4.5,2.0,1.35,300.0,300.0,True,40,6.7,592.62,1.203,42.5,895.12,0.66,20.83,15,72
21,0.3,0.7,4.5,2.0,1.4,0.0,0.0,True,54,9.0,-84.22,0.98,35.19,1025.99,-0.08,22.22,16,72
21,0.3,0.7,4.5,2.0,1.4,200.0,250.0,True,53,8.8,-556.19,0.869,33.96,1025.99,-0.54,22.22,16,72
21,0.3,0.7,4.5,2.0,1.4,250.0,250.0,True,53,8.8,-556.19,0.869,33.96,1025.99,-0.54,22.22,16,72
21,0.3,0.7,4.5,2.0,1.4,300.0,300.0,True,53,8.8,-556.19,0.869,33.96,1025.99,-0.54,22.22,16,72
21,0.3,0.7,4.5,2.0,1.45,0.0,0.0,True,65,10.8,237.08,1.047,35.38,1201.49,0.2,27.78,20,72
21,0.3,0.7,4.5,2.0,1.45,200.0,250.0,True,63,10.5,-173.77,0.965,34.92,1201.49,-0.14,27.78,20,72
21,0.3,0.7,4.5,2.0,1.45,250.0,250.0,True,64,10.7,-234.89,0.953,34.38,1201.49,-0.2,27.78,20,72
21,0.3,0.7,4.5,2.0,1.45,300.0,300.0,True,64,10.7,-234.89,0.953,34.38,1201.49,-0.2,27.78,20,72
21,0.3,0.7,4.5,2.0,,0.0,0.0,False,317,52.8,1495.06,1.055,31.86,3069.69,0.49,50.0,36,72
21,0.3,0.7,4.5,2.0,,200.0,250.0,False,192,32.0,-1101.2,0.927,30.21,2469.92,-0.45,48.61,35,72
21,0.3,0.7,4.5,2.0,,250.0,250.0,False,201,33.5,-39.1,0.997,31.34,2238.7,-0.02,50.0,36,72
21,0.3,0.7,4.5,2.0,,300.0,300.0,False,235,39.2,-743.12,0.96,30.64,2345.05,-0.32,48.61,35,72
21,0.3,0.7,4.5,2.5,1.35,0.0,0.0,True,41,6.8,1322.54,1.405,51.22,947.07,1.4,22.22,16,72
21,0.3,0.7,4.5,2.5,1.35,200.0,250.0,True,38,6.3,311.83,1.095,47.37,947.07,0.33,20.83,15,72
21,0.3,0.7,4.5,2.5,1.35,250.0,250.0,True,39,6.5,551.37,1.169,48.72,947.07,0.58,20.83,15,72
21,0.3,0.7,4.5,2.5,1.35,300.0,300.0,True,40,6.7,850.57,1.26,50.0,947.07,0.9,22.22,16,72
21,0.3,0.7,4.5,2.5,1.4,0.0,0.0,True,53,8.8,-28.1,0.994,41.51,947.07,-0.03,23.61,17,72
21,0.3,0.7,4.5,2.5,1.4,200.0,250.0,True,50,8.3,-1038.81,0.784,38.0,1435.38,-0.72,22.22,16,72
21,0.3,0.7,4.5,2.5,1.4,250.0,250.0,True,51,8.5,-799.27,0.834,39.22,1195.84,-0.67,22.22,16,72
21,0.3,0.7,4.5,2.5,1.4,300.0,300.0,True,52,8.7,-500.07,0.896,40.38,947.07,-0.53,23.61,17,72
21,0.3,0.7,4.5,2.5,1.45,0.0,0.0,True,64,10.7,325.74,1.058,42.19,989.66,0.33,26.39,19,72
21,0.3,0.7,4.5,2.5,1.45,200.0,250.0,True,59,9.8,-804.51,0.856,38.98,1248.42,-0.64,25.0,18,72
21,0.3,0.7,4.5,2.5,1.45,250.0,250.0,True,61,10.2,-640.59,0.887,39.34,1084.5,-0.59,25.0,18,72
21,0.3,0.7,4.5,2.5,1.45,300.0,300.0,True,62,10.3,-341.39,0.94,40.32,989.66,-0.34,26.39,19,72
21,0.3,0.7,4.5,2.5,,0.0,0.0,False,294,49.0,2213.88,1.077,37.41,3002.38,0.74,50.0,36,72
21,0.3,0.7,4.5,2.5,,200.0,250.0,False,164,27.3,-1222.97,0.92,34.76,2347.82,-0.52,47.22,34,72
21,0.3,0.7,4.5,2.5,,250.0,250.0,False,177,29.5,232.08,1.015,36.72,2347.82,0.1,47.22,34,72
21,0.3,0.7,4.5,2.5,,300.0,300.0,False,205,34.2,776.86,1.043,37.07,2426.19,0.32,45.83,33,72
21,0.3,0.7,5.0,1.5,1.35,0.0,0.0,True,41,6.8,1365.98,1.568,39.02,589.14,2.32,19.44,14,72
21,0.3,0.7,5.0,1.5,1.35,200.0,250.0,True,40,6.7,841.22,1.35,37.5,589.14,1.43,18.06,13,72
21,0.3,0.7,5.0,1.5,1.35,250.0,250.0,True,40,6.7,841.22,1.35,37.5,589.14,1.43,18.06,13,72
21,0.3,0.7,5.0,1.5,1.35,300.0,300.0,True,40,6.7,841.22,1.35,37.5,589.14,1.43,18.06,13,72
21,0.3,0.7,5.0,1.5,1.4,0.0,0.0,True,54,9.0,563.84,1.165,31.48,800.49,0.7,20.83,15,72
21,0.3,0.7,5.0,1.5,1.4,200.0,250.0,True,53,8.8,39.08,1.011,30.19,810.36,0.05,19.44,14,72
21,0.3,0.7,5.0,1.5,1.4,250.0,250.0,True,53,8.8,39.08,1.011,30.19,810.36,0.05,19.44,14,72
21,0.3,0.7,5.0,1.5,1.4,300.0,300.0,True,53,8.8,39.08,1.011,30.19,810.36,0.05,19.44,14,72
21,0.3,0.7,5.0,1.5,1.45,0.0,0.0,True,66,11.0,517.29,1.123,30.3,1178.31,0.44,25.0,18,72
21,0.3,0.7,5.0,1.5,1.45,200.0,250.0,True,64,10.7,39.14,1.009,29.69,1178.31,0.03,23.61,17,72
21,0.3,0.7,5.0,1.5,1.45,250.0,250.0,True,65,10.8,-7.47,0.998,29.23,1178.31,-0.01,23.61,17,72
21,0.3,0.7,5.0,1.5,1.45,300.0,300.0,True,65,10.8,-7.47,0.998,29.23,1178.31,-0.01,23.61,17,72
21,0.3,0.7,5.0,1.5,,0.0,0.0,False,339,56.5,199.8,1.008,25.07,3178.39,0.06,55.56,40,72
21,0.3,0.7,5.0,1.5,,200.0,250.0,False,209,34.8,1535.87,1.116,26.79,2067.78,0.74,54.17,39,72
21,0.3,0.7,5.0,1.5,,250.0,250.0,False,230,38.3,1799.94,1.126,27.39,2125.47,0.85,52.78,38,72
21,0.3,0.7,5.0,1.5,,300.0,300.0,False,255,42.5,3406.64,1.217,27.84,1334.91,2.55,55.56,40,72
21,0.3,0.7,5.0,2.0,1.35,0.0,0.0,True,41,6.8,589.81,1.185,39.02,868.15,0.68,19.44,14,72
21,0.3,0.7,5.0,2.0,1.35,200.0,250.0,True,40,6.7,65.05,1.02,37.5,868.15,0.07,18.06,13,72
21,0.3,0.7,5.0,2.0,1.35,250.0,250.0,True,40,6.7,65.05,1.02,37.5,868.15,0.07,18.06,13,72
21,0.3,0.7,5.0,2.0,1.35,300.0,300.0,True,40,6.7,65.05,1.02,37.5,868.15,0.07,18.06,13,72
21,0.3,0.7,5.0,2.0,1.4,0.0,0.0,True,54,9.0,-537.6,0.881,31.48,1097.77,-0.49,20.83,15,72
21,0.3,0.7,5.0,2.0,1.4,200.0,250.0,True,53,8.8,-1062.36,0.765,30.19,1315.04,-0.81,19.44,14,72
21,0.3,0.7,5.0,2.0,1.4,250.0,250.0,True,53,8.8,-1062.36,0.765,30.19,1315.04,-0.81,19.44,14,72
21,0.3,0.7,5.0,2.0,1.4,300.0,300.0,True,53,8.8,-1062.36,0.765,30.19,1315.04,-0.81,19.44,14,72
21,0.3,0.7,5.0,2.0,1.45,0.0,0.0,True,65,10.8,-96.79,0.982,32.31,1174.52,-0.08,26.39,19,72
21,0.3,0.7,5.0,2.0,1.45,200.0,250.0,True,63,10.5,-560.43,0.892,31.75,1174.52,-0.48,25.0,18,72
21,0.3,0.7,5.0,2.0,1.45,250.0,250.0,True,64,10.7,-621.55,0.882,31.25,1174.52,-0.53,25.0,18,72
21,0.3,0.7,5.0,2.0,1.45,300.0,300.0,True,64,10.7,-621.55,0.882,31.25,1174.52,-0.53,25.0,18,72
21,0.3,0.7,5.0,2.0,,0.0,0.0,False,309,51.5,-665.94,0.976,29.13,3797.06,-0.18,52.78,38,72
21,0.3,0.7,5.0,2.0,,200.0,250.0,False,179,29.8,-260.32,0.982,29.05,2047.79,-0.13,51.39,37,72
21,0.3,0.7,5.0,2.0,,250.0,250.0,False,199,33.2,-14.21,0.999,30.15,2286.12,-0.01,50.0,36,72
21,0.3,0.7,5.0,2.0,,300.0,300.0,False,233,38.8,244.69,1.013,30.47,2432.41,0.1,52.78,38,72
21,0.3,0.7,5.0,2.5,1.35,0.0,0.0,True,41,6.8,851.01,1.236,46.34,947.07,0.9,22.22,16,72
21,0.3,0.7,5.0,2.5,1.35,200.0,250.0,True,38,6.3,230.78,1.067,44.74,947.07,0.24,20.83,15,72
21,0.3,0.7,5.0,2.5,1.35,250.0,250.0,True,39,6.5,497.29,1.145,46.15,947.07,0.53,20.83,15,72
21,0.3,0.7,5.0,2.5,1.35,300.0,300.0,True,40,6.7,326.25,1.091,45.0,947.07,0.34,20.83,15,72
21,0.3,0.7,5.0,2.5,1.4,0.0,0.0,True,53,8.8,-478.23,0.907,37.74,1192.11,-0.4,23.61,17,72
21,0.3,0.7,5.0,2.5,1.4,200.0,250.0,True,50,8.3,-1098.46,0.779,36.0,1573.03,-0.7,22.22,16,72
21,0.3,0.7,5.0,2.5,1.4,250.0,250.0,True,51,8.5,-831.95,0.833,37.25,1445.76,-0.58,22.22,16,72
21,0.3,0.7,5.0,2.5,1.4,300.0,300.0,True,52,8.7,-1002.99,0.805,36.54,1616.8,-0.62,22.22,16,72
21,0.3,0.7,5.0,2.5,1.45,0.0,0.0,True,64,10.7,10.3,1.002,39.06,989.66,0.01,29.17,21,72
21,0.3,0.7,5.0,2.5,1.45,200.0,250.0,True,59,9.8,-751.49,0.869,37.29,1317.69,-0.57,27.78,20,72
21,0.3,0.7,5.0,2.5,1.45,250.0,250.0,True,61,10.2,-560.6,0.904,37.7,1304.07,-0.43,27.78,20,72
21,0.3,0.7,5.0,2.5,1.45,300.0,300.0,True,62,10.3,-731.64,0.878,37.1,1475.11,-0.5,27.78,20,72
21,0.3,0.7,5.0,2.5,,0.0,0.0,False,288,48.0,-364.68,0.988,34.38,3481.2,-0.1,51.39,37,72
21,0.3,0.7,5.0,2.5,,200.0,250.0,False,153,25.5,-1047.37,0.929,33.33,2104.22,-0.5,50.0,36,72
21,0.3,0.7,5.0,2.5,,250.0,250.0,False,173,28.8,-637.51,0.961,34.1,2111.89,-0.3,47.22,34,72
21,0.3,0.7,5.0,2.5,,300.0,300.0,False,194,32.3,1099.64,1.063,36.6,2163.17,0.51,52.78,38,72
21,0.35,0.65,3.5,1.5,1.35,0.0,0.0,True,91,15.2,1319.64,1.247,34.07,891.9,1.48,33.33,24,72
21,0.35,0.65,3.5,1.5,1.35,200.0,250.0,True,87,14.5,957.56,1.189,34.48,1233.02,0.78,31.94,23,72
21,0.35,0.65,3.5,1.5,1.35,250.0,250.0,True,88,14.7,881.8,1.172,34.09,1233.02,0.72,31.94,23,72
21,0.35,0.65,3.5,1.5,1.35,300.0,300.0,True,89,14.8,822.22,1.158,33.71,1233.02,0.67,31.94,23,72
21,0.35,0.65,3.5,1.5,1.4,0.0,0.0,True,94,15.7,969.0,1.17,32.98,889.02,1.09,33.33,24,72
21,0.35,0.65,3.5,1.5,1.4,200.0,250.0,True,90,15.0,606.92,1.112,33.33,1233.02,0.49,31.94,23,72
21,0.35,0.65,3.5,1.5,1.4,250.0,250.0,True,91,15.2,531.16,1.097,32.97,1233.02,0.43,31.94,23,72
21,0.35,0.65,3.5,1.5,1.4,300.0,300.0,True,92,15.3,471.58,1.085,32.61,1233.02,0.38,31.94,23,72
21,0.35,0.65,3.5,1.5,1.45,0.0,0.0,True,98,16.3,881.23,1.149,32.65,903.32,0.98,34.72,25,72
21,0.35,0.65,3.5,1.5,1.45,200.0,250.0,True,94,15.7,519.15,1.092,32.98,1360.08,0.38,33.33,24,72
21,0.35,0.65,3.5,1.5,1.45,250.0,250.0,True,95,15.8,443.39,1.078,32.63,1360.08,0.33,33.33,24,72
21,0.35,0.65,3.5,1.5,1.45,300.0,300.0,True,96,16.0,383.81,1.067,32.29,1360.08,0.28,33.33,24,72
21,0.35,0.65,3.5,1.5,,0.0,0.0,False,514,85.7,-2051.74,0.941,28.99,7151.12,-0.29,47.22,34,72
21,0.35,0.65,3.5,1.5,,200.0,250.0,False,335,55.8,-3544.59,0.824,28.36,4507.74,-0.79,44.44,32,72
21,0.35,0.65,3.5,1.5,,250.0,250.0,False,358,59.7,-4108.51,0.81,28.49,5119.15,-0.8,41.67,30,72
21,0.35,0.65,3.5,1.5,,300.0,300.0,False,387,64.5,-3146.07,0.865,29.2,4148.97,-0.76,45.83,33,72
21,0.35,0.65,3.5,2.0,1.35,0.0,0.0,True,89,14.8,2507.04,1.427,43.82,1029.86,2.43,38.89,28,72
21,0.35,0.65,3.5,2.0,1.35,200.0,250.0,True,81,13.5,2142.9,1.405,45.68,1510.98,1.42,37.5,27,72
21,0.35,0.65,3.5,2.0,1.35,250.0,250.0,True,85,14.2,1829.3,1.326,43.53,1510.98,1.21,37.5,27,72
21,0.35,0.65,3.5,2.0,1.35,300.0,300.0,True,86,14.3,1688.26,1.294,43.02,1510.98,1.12,37.5,27,72
21,0.35,0.65,3.5,2.0,1.4,0.0,0.0,True,92,15.3,2042.63,1.322,42.39,1029.86,1.98,38.89,28,72
21,0.35,0.65,3.5,2.0,1.4,200.0,250.0,True,84,14.0,1678.49,1.291,44.05,1510.98,1.11,37.5,27,72
21,0.35,0.65,3.5,2.0,1.4,250.0,250.0,True,88,14.7,1364.89,1.225,42.05,1510.98,0.9,37.5,27,72
21,0.35,0.65,3.5,2.0,1.4,300.0,300.0,True,89,14.8,1223.85,1.197,41.57,1510.98,0.81,37.5,27,72
21,0.35,0.65,3.5,2.0,1.45,0.0,0.0,True,96,16.0,1887.0,1.285,41.67,1136.76,1.66,38.89,28,72
21,0.35,0.65,3.5,2.0,1.45,200.0,250.0,True,88,14.7,1522.86,1.252,43.18,1617.88,0.94,37.5,27,72
21,0.35,0.65,3.5,2.0,1.45,250.0,250.0,True,92,15.3,1209.26,1.19,41.3,1617.88,0.75,37.5,27,72
21,0.35,0.65,3.5,2.0,1.45,300.0,300.0,True,93,15.5,1068.22,1.164,40.86,1617.88,0.66,37.5,27,72
21,0.35,0.65,3.5,2.0,,0.0,0.0,False,468,78.0,-107.69,0.997,36.54,7007.76,-0.02,51.39,37,72
21,0.35,0.65,3.5,2.0,,200.0,250.0,False,262,43.7,-2866.1,0.847,35.11,3511.75,-0.82,45.83,33,72
21,0.35,0.65,3.5,2.0,,250.0,250.0,False,282,47.0,-3490.23,0.828,35.11,4135.88,-0.84,43.06,31,72
21,0.35,0.65,3.5,2.0,,300.0,300.0,False,333,55.5,-3681.58,0.85,35.74,4030.38,-0.91,47.22,34,72
21,0.35,0.65,3.5,2.5,1.35,0.0,0.0,True,88,14.7,2897.09,1.451,51.14,1196.28,2.42,38.89,28,72
21,0.35,0.65,3.5,2.5,1.35,200.0,250.0,True,76,12.7,2282.12,1.413,51.32,1594.99,1.43,38.89,28,72
21,0.35,0.65,3.5,2.5,1.35,250.0,250.0,True,83,13.8,2233.03,1.374,50.6,1594.99,1.4,38.89,28,72
21,0.35,0.65,3.5,2.5,1.35,300.0,300.0,True,84,14.0,1951.67,1.312,50.0,1876.35,1.04,38.89,28,72
21,0.35,0.65,3.5,2.5,1.4,0.0,0.0,True,91,15.2,2612.35,1.38,50.55,1196.28,2.18,38.89,28,72
21,0.35,0.65,3.5,2.5,1.4,200.0,250.0,True,78,13.0,1765.36,1.295,50.0,1594.99,1.11,38.89,28,72
21,0.35,0.65,3.5,2.5,1.4,250.0,250.0,True,85,14.2,1716.27,1.267,49.41,1594.99,1.08,38.89,28,72
21,0.35,0.65,3.5,2.5,1.4,300.0,300.0,True,87,14.5,1666.93,1.249,49.43,1876.35,0.89,38.89,28,72
21,0.35,0.65,3.5,2.5,1.45,0.0,0.0,True,95,15.8,2388.88,1.331,49.47,1196.28,2.0,38.89,28,72
21,0.35,0.65,3.5,2.5,1.45,200.0,250.0,True,82,13.7,1541.89,1.243,48.78,1770.99,0.87,38.89,28,72
21,0.35,0.65,3.5,2.5,1.45,250.0,250.0,True,89,14.8,1492.8,1.22,48.31,1770.99,0.84,38.89,28,72
21,0.35,0.65,3.5,2.5,1.45,300.0,300.0,True,91,15.2,1443.46,1.205,48.35,2052.35,0.7,38.89,28,72
21,0.35,0.65,3.5,2.5,,0.0,0.0,False,432,72.0,704.23,1.018,42.36,5904.61,0.12,45.83,33,72
21,0.35,0.65,3.5,2.5,,200.0,250.0,False,221,36.8,-2983.22,0.84,40.72,3342.64,-0.89,44.44,32,72
21,0.35,0.65,3.5,2.5,,250.0,250.0,False,232,38.7,-3815.76,0.81,40.52,4113.34,-0.93,41.67,30,72
21,0.35,0.65,3.5,2.5,,300.0,300.0,False,283,47.2,-2294.22,0.902,41.7,3432.0,-0.67,45.83,33,72
21,0.35,0.65,4.0,1.5,1.35,0.0,0.0,True,88,14.7,633.97,1.111,27.27,1099.18,0.58,29.17,21,72
21,0.35,0.65,4.0,1.5,1.35,200.0,250.0,True,84,14.0,40.43,1.007,26.19,1560.99,0.03,27.78,20,72
21,0.35,0.65,4.0,1.5,1.35,250.0,250.0,True,86,14.3,45.48,1.008,26.74,1555.94,0.03,27.78,20,72
21,0.35,0.65,4.0,1.5,1.35,300.0,300.0,True,86,14.3,45.48,1.008,26.74,1555.94,0.03,27.78,20,72
21,0.35,0.65,4.0,1.5,1.4,0.0,0.0,True,91,15.2,283.33,1.047,26.37,1449.82,0.2,29.17,21,72
21,0.35,0.65,4.0,1.5,1.4,200.0,250.0,True,87,14.5,-310.21,0.946,25.29,1911.63,-0.16,27.78,20,72
21,0.35,0.65,4.0,1.5,1.4,250.0,250.0,True,89,14.8,-305.16,0.948,25.84,1906.58,-0.16,27.78,20,72
21,0.35,0.65,4.0,1.5,1.4,300.0,300.0,True,89,14.8,-305.16,0.948,25.84,1906.58,-0.16,27.78,20,72
21,0.35,0.65,4.0,1.5,1.45,0.0,0.0,True,95,15.8,213.87,1.034,26.32,1662.66,0.13,30.56,22,72
21,0.35,0.65,4.0,1.5,1.45,200.0,250.0,True,91,15.2,-379.67,0.937,25.27,2124.47,-0.18,29.17,21,72
21,0.35,0.65,4.0,1.5,1.45,250.0,250.0,True,93,15.5,-374.62,0.939,25.81,2119.42,-0.18,29.17,21,72
21,0.35,0.65,4.0,1.5,1.45,300.0,300.0,True,93,15.5,-374.62,0.939,25.81,2119.42,-0.18,29.17,21,72
21,0.35,0.65,4.0,1.5,,0.0,0.0,False,502,83.7,-2593.06,0.927,26.29,8564.03,-0.3,41.67,30,72
21,0.35,0.65,4.0,1.5,,200.0,250.0,False,308,51.3,-3341.96,0.825,25.65,4609.16,-0.73,44.44,32,72
21,0.35,0.65,4.0,1.5,,250.0,250.0,False,337,56.2,-5074.72,0.765,24.63,6294.24,-0.81,38.89,28,72
21,0.35,0.65,4.0,1.5,,300.0,300.0,False,371,61.8,-4053.71,0.828,26.42,5145.18,-0.79,40.28,29,72
21,0.35,0.65,4.0,2.0,1.35,0.0,0.0,True,84,14.0,2360.02,1.386,39.29,1449.84,1.63,34.72,25,72
21,0.35,0.65,4.0,2.0,1.35,200.0,250.0,True,78,13.0,1586.29,1.28,38.46,1930.96,0.82,33.33,24,72
21,0.35,0.65,4.0,2.0,1.35,250.0,250.0,True,80,13.3,1546.6,1.264,38.75,1930.96,0.8,33.33,24,72
21,0.35,0.65,4.0,2.0,1.35,300.0,300.0,True,81,13.5,1405.56,1.234,38.27,1930.96,0.73,33.33,24,72
21,0.35,0.65,4.0,2.0,1.4,0.0,0.0,True,87,14.5,1895.61,1.288,37.93,1449.84,1.31,34.72,25,72
21,0.35,0.65,4.0,2.0,1.4,200.0,250.0,True,81,13.5,1121.88,1.183,37.04,1930.96,0.58,33.33,24,72
21,0.35,0.65,4.0,2.0,1.4,250.0,250.0,True,83,13.8,1082.19,1.171,37.35,1930.96,0.56,33.33,24,72
21,0.35,0.65,4.0,2.0,1.4,300.0,300.0,True,84,14.0,941.15,1.146,36.9,1930.96,0.49,33.33,24,72
21,0.35,0.65,4.0,2.0,1.45,0.0,0.0,True,91,15.2,1758.29,1.256,37.36,1718.0,1.02,36.11,26,72
21,0.35,0.65,4.0,2.0,1.45,200.0,250.0,True,85,14.2,984.56,1.153,36.47,2199.12,0.45,34.72,25,72
21,0.35,0.65,4.0,2.0,1.45,250.0,250.0,True,87,14.5,944.87,1.143,36.78,2199.12,0.43,34.72,25,72
21,0.35,0.65,4.0,2.0,1.45,300.0,300.0,True,88,14.7,803.83,1.119,36.36,2199.12,0.37,34.72,25,72
21,0.35,0.65,4.0,2.0,,0.0,0.0,False,454,75.7,-643.63,0.983,33.48,8352.26,-0.08,45.83,33,72
21,0.35,0.65,4.0,2.0,,200.0,250.0,False,243,40.5,-2580.35,0.858,32.1,3385.6,-0.76,44.44,32,72
21,0.35,0.65,4.0,2.0,,250.0,250.0,False,261,43.5,-3421.69,0.828,31.8,4348.74,-0.79,40.28,29,72
21,0.35,0.65,4.0,2.0,,300.0,300.0,False,305,50.8,-4493.89,0.81,31.8,4862.02,-0.92,40.28,29,72
21,0.35,0.65,4.0,2.5,1.35,0.0,0.0,True,83,13.8,2614.23,1.383,45.78,1529.34,1.71,34.72,25,72
21,0.35,0.65,4.0,2.5,1.35,200.0,250.0,True,73,12.2,1688.74,1.281,43.84,2096.81,0.81,34.72,25,72
21,0.35,0.65,4.0,2.5,1.35,250.0,250.0,True,77,12.8,1651.74,1.26,44.16,2096.81,0.79,33.33,24,72
21,0.35,0.65,4.0,2.5,1.35,300.0,300.0,True,79,13.2,1507.35,1.227,44.3,2378.17,0.63,34.72,25,72
21,0.35,0.65,4.0,2.5,1.4,0.0,0.0,True,86,14.3,2353.94,1.324,45.35,1529.34,1.54,34.72,25,72
21,0.35,0.65,4.0,2.5,1.4,200.0,250.0,True,75,12.5,1162.84,1.18,42.67,2208.22,0.53,34.72,25,72
21,0.35,0.65,4.0,2.5,1.4,250.0,250.0,True,79,13.2,1125.84,1.165,43.04,2096.81,0.54,33.33,24,72
21,0.35,0.65,4.0,2.5,1.4,300.0,300.0,True,82,13.7,1247.06,1.176,43.9,2378.17,0.52,34.72,25,72
21,0.35,0.65,4.0,2.5,1.45,0.0,0.0,True,90,15.0,2148.78,1.282,44.44,1726.16,1.24,34.72,25,72
21,0.35,0.65,4.0,2.5,1.45,200.0,250.0,True,79,13.2,957.68,1.141,41.77,2556.76,0.37,34.72,25,72
21,0.35,0.65,4.0,2.5,1.45,250.0,250.0,True,83,13.8,920.68,1.129,42.17,2414.39,0.38,33.33,24,72
21,0.35,0.65,4.0,2.5,1.45,300.0,300.0,True,86,14.3,1041.9,1.14,43.02,2684.38,0.39,34.72,25,72
21,0.35,0.65,4.0,2.5,,0.0,0.0,False,420,70.0,-525.52,0.987,38.57,7889.76,-0.07,50.0,36,72
21,0.35,0.65,4.0,2.5,,200.0,250.0,False,201,33.5,-3633.58,0.799,35.82,3982.53,-0.91,45.83,33,72
21,0.35,0.65,4.0,2.5,,250.0,250.0,False,223,37.2,-5046.32,0.757,35.43,5324.0,-0.95,40.28,29,72
21,0.35,0.65,4.0,2.5,,300.0,300.0,False,277,46.2,-3954.36,0.842,37.55,4429.4,-0.89,43.06,31,72
21,0.35,0.65,4.5,1.5,1.35,0.0,0.0,True,88,14.7,-791.2,0.874,23.86,1392.54,-0.57,26.39,19,72
21,0.35,0.65,4.5,1.5,1.35,200.0,250.0,True,83,13.8,-1432.3,0.758,22.89,1860.34,-0.77,25.0,18,72
21,0.35,0.65,4.5,1.5,1.35,250.0,250.0,True,86,14.3,-1470.76,0.76,23.26,1898.8,-0.77,25.0,18,72
21,0.35,0.65,4.5,1.5,1.35,300.0,300.0,True,86,14.3,-1470.76,0.76,23.26,1898.8,-0.77,25.0,18,72
21,0.35,0.65,4.5,1.5,1.4,0.0,0.0,True,91,15.2,-1141.84,0.827,23.08,1743.18,-0.66,26.39,19,72
21,0.35,0.65,4.5,1.5,1.4,200.0,250.0,True,86,14.3,-1782.94,0.716,22.09,2210.98,-0.81,25.0,18,72
21,0.35,0.65,4.5,1.5,1.4,250.0,250.0,True,89,14.8,-1821.4,0.719,22.47,2249.44,-0.81,25.0,18,72
21,0.35,0.65,4.5,1.5,1.4,300.0,300.0,True,89,14.8,-1821.4,0.719,22.47,2249.44,-0.81,25.0,18,72
21,0.35,0.65,4.5,1.5,1.45,0.0,0.0,True,95,15.8,-1192.99,0.825,23.16,1956.02,-0.61,27.78,20,72
21,0.35,0.65,4.5,1.5,1.45,200.0,250.0,True,90,15.0,-1834.09,0.717,22.22,2423.82,-0.76,26.39,19,72
21,0.35,0.65,4.5,1.5,1.45,250.0,250.0,True,93,15.5,-1872.55,0.72,22.58,2462.28,-0.76,26.39,19,72
21,0.35,0.65,4.5,1.5,1.45,300.0,300.0,True,93,15.5,-1872.55,0.72,22.58,2462.28,-0.76,26.39,19,72
21,0.35,0.65,4.5,1.5,,0.0,0.0,False,497,82.8,-3708.82,0.898,24.75,7714.57,-0.48,41.67,30,72
21,0.35,0.65,4.5,1.5,,200.0,250.0,False,269,44.8,-795.93,0.952,26.39,3404.46,-0.23,51.39,37,72
21,0.35,0.65,4.5,1.5,,250.0,250.0,False,321,53.5,-3372.82,0.835,23.99,4729.75,-0.71,41.67,30,72
21,0.35,0.65,4.5,1.5,,300.0,300.0,False,357,59.5,-3186.29,0.861,24.93,4720.89,-0.67,43.06,31,72
21,0.35,0.65,4.5,2.0,1.35,0.0,0.0,True,84,14.0,1021.74,1.149,35.71,1812.81,0.56,31.94,23,72
21,0.35,0.65,4.5,2.0,1.35,200.0,250.0,True,77,12.8,-414.57,0.936,32.47,2470.68,-0.17,29.17,21,72
21,0.35,0.65,4.5,2.0,1.35,250.0,250.0,True,80,13.3,72.63,1.011,35.0,2470.68,0.03,30.56,22,72
21,0.35,0.65,4.5,2.0,1.35,300.0,300.0,True,81,13.5,-68.41,0.99,34.57,2470.68,-0.03,30.56,22,72
21,0.35,0.65,4.5,2.0,1.4,0.0,0.0,True,87,14.5,557.33,1.076,34.48,1961.18,0.28,31.94,23,72
21,0.35,0.65,4.5,2.0,1.4,200.0,250.0,True,80,13.3,-878.98,0.873,31.25,2619.05,-0.34,29.17,21,72
21,0.35,0.65,4.5,2.0,1.4,250.0,250.0,True,83,13.8,-391.78,0.945,33.73,2619.05,-0.15,30.56,22,72
21,0.35,0.65,4.5,2.0,1.4,300.0,300.0,True,84,14.0,-532.82,0.926,33.33,2619.05,-0.2,30.56,22,72
21,0.35,0.65,4.5,2.0,1.45,0.0,0.0,True,91,15.2,438.32,1.058,34.07,2241.88,0.2,33.33,24,72
21,0.35,0.65,4.5,2.0,1.45,200.0,250.0,True,84,14.0,-997.99,0.862,30.95,2899.75,-0.34,30.56,22,72
21,0.35,0.65,4.5,2.0,1.45,250.0,250.0,True,87,14.5,-510.79,0.931,33.33,2899.75,-0.18,31.94,23,72
21,0.35,0.65,4.5,2.0,1.45,300.0,300.0,True,88,14.7,-651.83,0.913,32.95,2899.75,-0.22,31.94,23,72
21,0.35,0.65,4.5,2.0,,0.0,0.0,False,444,74.0,-1914.3,0.952,31.31,7659.39,-0.25,45.83,33,72
21,0.35,0.65,4.5,2.0,,200.0,250.0,False,230,38.3,-2306.61,0.871,30.0,3491.53,-0.66,45.83,33,72
21,0.35,0.65,4.5,2.0,,250.0,250.0,False,258,43.0,-2801.08,0.86,29.46,3986.0,-0.7,41.67,30,72
21,0.35,0.65,4.5,2.0,,300.0,300.0,False,314,52.3,-2619.25,0.892,30.89,4325.66,-0.61,43.06,31,72
21,0.35,0.65,4.5,2.5,1.35,0.0,0.0,True,83,13.8,1211.38,1.156,42.17,1790.26,0.68,36.11,26,72
21,0.35,0.65,4.5,2.5,1.35,200.0,250.0,True,71,11.8,-60.58,0.991,39.44,2631.82,-0.02,33.33,24,72
21,0.35,0.65,4.5,2.5,1.35,250.0,250.0,True,76,12.7,228.31,1.032,40.79,2567.98,0.09,33.33,24,72
21,0.35,0.65,4.5,2.5,1.35,300.0,300.0,True,79,13.2,17.47,1.002,40.51,2849.34,0.01,33.33,24,72
21,0.35,0.65,4.5,2.5,1.4,0.0,0.0,True,86,14.3,975.55,1.119,41.86,1906.97,0.51,37.5,27,72
21,0.35,0.65,4.5,2.5,1.4,200.0,250.0,True,73,12.2,-595.61,0.917,38.36,2836.8,-0.21,33.33,24,72
21,0.35,0.65,4.5,2.5,1.4,250.0,250.0,True,78,13.0,-306.72,0.96,39.74,2684.69,-0.11,33.33,24,72
21,0.35,0.65,4.5,2.5,1.4,300.0,300.0,True,82,13.7,-218.36,0.973,40.24,2966.05,-0.07,34.72,25,72
21,0.35,0.65,4.5,2.5,1.45,0.0,0.0,True,90,15.0,788.7,1.092,41.11,2255.51,0.35,38.89,28,72
21,0.35,0.65,4.5,2.5,1.45,200.0,250.0,True,77,12.8,-782.46,0.896,37.66,3185.34,-0.25,34.72,25,72
21,0.35,0.65,4.5,2.5,1.45,250.0,250.0,True,82,13.7,-493.57,0.938,39.02,3033.23,-0.16,34.72,25,72
21,0.35,0.65,4.5,2.5,1.45,300.0,300.0,True,86,14.3,-405.21,0.952,39.53,3314.59,-0.12,36.11,26,72
21,0.35,0.65,4.5,2.5,,0.0,0.0,False,408,68.0,-1642.07,0.961,36.03,7743.87,-0.21,47.22,34,72
21,0.35,0.65,4.5,2.5,,200.0,250.0,False,198,33.0,-3336.18,0.818,33.33,3820.87,-0.87,44.44,32,72
21,0.35,0.65,4.5,2.5,,250.0,250.0,False,222,37.0,-4596.75,0.781,32.43,5081.44,-0.9,38.89,28,72
21,0.35,0.65,4.5,2.5,,300.0,300.0,False,272,45.3,-4781.15,0.814,33.82,5719.82,-0.84,41.67,30,72
21,0.35,0.65,5.0,1.5,1.35,0.0,0.0,True,88,14.7,-612.83,0.904,22.73,1482.12,-0.41,25.0,18,72
21,0.35,0.65,5.0,1.5,1.35,200.0,250.0,True,81,13.5,-1222.61,0.792,22.22,1789.92,-0.68,23.61,17,72
21,0.35,0.65,5.0,1.5,1.35,250.0,250.0,True,84,14.0,-1424.88,0.766,21.43,1992.19,-0.72,23.61,17,72
21,0.35,0.65,5.0,1.5,1.35,300.0,300.0,True,86,14.3,-1383.46,0.778,22.09,1950.77,-0.71,23.61,17,72
21,0.35,0.65,5.0,1.5,1.4,0.0,0.0,True,91,15.2,-963.47,0.857,21.98,1832.76,-0.53,25.0,18,72
21,0.35,0.65,5.0,1.5,1.4,200.0,250.0,True,84,14.0,-1573.25,0.748,21.43,2140.56,-0.73,23.61,17,72
21,0.35,0.65,5.0,1.5,1.4,250.0,250.0,True,87,14.5,-1775.52,0.724,20.69,2342.83,-0.76,23.61,17,72
21,0.35,0.65,5.0,1.5,1.4,300.0,300.0,True,89,14.8,-1734.1,0.736,21.35,2301.41,-0.75,23.61,17,72
21,0.35,0.65,5.0,1.5,1.45,0.0,0.0,True,95,15.8,-996.31,0.856,22.11,2045.6,-0.49,26.39,19,72
21,0.35,0.65,5.0,1.5,1.45,200.0,250.0,True,88,14.7,-1606.09,0.751,21.59,2353.4,-0.68,25.0,18,72
21,0.35,0.65,5.0,1.5,1.45,250.0,250.0,True,91,15.2,-1808.36,0.728,20.88,2555.67,-0.71,25.0,18,72
21,0.35,0.65,5.0,1.5,1.45,300.0,300.0,True,93,15.5,-1766.94,0.74,21.51,2514.25,-0.7,25.0,18,72
21,0.35,0.65,5.0,1.5,,0.0,0.0,False,492,82.0,-2232.63,0.939,23.37,7072.74,-0.32,41.67,30,72
21,0.35,0.65,5.0,1.5,,200.0,250.0,False,258,43.0,-741.07,0.955,24.42,4516.63,-0.16,48.61,35,72
21,0.35,0.65,5.0,1.5,,250.0,250.0,False,281,46.8,-677.57,0.962,24.56,4516.63,-0.15,47.22,34,72
21,0.35,0.65,5.0,1.5,,300.0,300.0,False,350,58.3,-4024.96,0.828,22.29,5481.7,-0.73,40.28,29,72
21,0.35,0.65,5.0,2.0,1.35,0.0,0.0,True,84,14.0,986.26,1.138,33.33,1787.03,0.55,33.33,24,72
21,0.35,0.65,5.0,2.0,1.35,200.0,250.0,True,75,12.5,-17.79,0.997,32.0,2407.29,-0.01,30.56,22,72
21,0.35,0.65,5.0,2.0,1.35,250.0,250.0,True,78,13.0,-95.22,0.986,32.05,2407.29,-0.04,30.56,22,72
21,0.35,0.65,5.0,2.0,1.35,300.0,300.0,True,81,13.5,-239.58,0.966,32.1,2407.29,-0.1,30.56,22,72
21,0.35,0.65,5.0,2.0,1.4,0.0,0.0,True,87,14.5,521.85,1.069,32.18,1787.03,0.29,33.33,24,72
21,0.35,0.65,5.0,2.0,1.4,200.0,250.0,True,78,13.0,-482.2,0.93,30.77,2436.42,-0.2,30.56,22,72
21,0.35,0.65,5.0,2.0,1.4,250.0,250.0,True,81,13.5,-559.63,0.922,30.86,2436.42,-0.23,30.56,22,72
21,0.35,0.65,5.0,2.0,1.4,300.0,300.0,True,84,14.0,-703.99,0.906,30.95,2407.29,-0.29,30.56,22,72
21,0.35,0.65,5.0,2.0,1.45,0.0,0.0,True,91,15.2,421.15,1.053,31.87,2067.12,0.2,34.72,25,72
21,0.35,0.65,5.0,2.0,1.45,200.0,250.0,True,82,13.7,-582.9,0.919,30.49,2717.12,-0.21,31.94,23,72
21,0.35,0.65,5.0,2.0,1.45,250.0,250.0,True,85,14.2,-660.33,0.911,30.59,2717.12,-0.24,31.94,23,72
21,0.35,0.65,5.0,2.0,1.45,300.0,300.0,True,88,14.7,-804.69,0.896,30.68,2687.38,-0.3,31.94,23,72
21,0.35,0.65,5.0,2.0,,0.0,0.0,False,437,72.8,-1211.31,0.97,29.29,7350.17,-0.16,44.44,32,72
21,0.35,0.65,5.0,2.0,,200.0,250.0,False,203,33.8,619.47,1.04,30.54,3204.17,0.19,52.78,38,72
21,0.35,0.65,5.0,2.0,,250.0,250.0,False,247,41.2,-755.68,0.961,29.15,4122.09,-0.18,45.83,33,72
21,0.35,0.65,5.0,2.0,,300.0,300.0,False,304,50.7,-3293.76,0.866,27.96,5257.73,-0.63,40.28,29,72
21,0.35,0.65,5.0,2.5,1.35,0.0,0.0,True,83,13.8,968.29,1.118,38.55,1739.41,0.56,31.94,23,72
21,0.35,0.65,5.0,2.5,1.35,200.0,250.0,True,69,11.5,418.29,1.063,39.13,2569.14,0.16,34.72,25,72
21,0.35,0.65,5.0,2.5,1.35,250.0,250.0,True,74,12.3,119.62,1.016,37.84,2479.52,0.05,31.94,23,72
21,0.35,0.65,5.0,2.5,1.35,300.0,300.0,True,77,12.8,-209.8,0.973,37.66,2760.88,-0.08,31.94,23,72
21,0.35,0.65,5.0,2.5,1.4,0.0,0.0,True,86,14.3,756.91,1.088,38.37,1739.41,0.44,33.33,24,72
21,0.35,0.65,5.0,2.5,1.4,200.0,250.0,True,71,11.8,377.95,1.054,39.44,2569.14,0.15,36.11,26,72
21,0.35,0.65,5.0,2.5,1.4,250.0,250.0,True,76,12.7,79.28,1.01,38.16,2479.52,0.03,33.33,24,72
21,0.35,0.65,5.0,2.5,1.4,300.0,300.0,True,80,13.3,-421.18,0.949,37.5,2760.88,-0.15,33.33,24,72
21,0.35,0.65,5.0,2.5,1.45,0.0,0.0,True,90,15.0,588.37,1.066,37.78,2078.31,0.28,34.72,25,72
21,0.35,0.65,5.0,2.5,1.45,200.0,250.0,True,75,12.5,209.41,1.029,38.67,2908.04,0.07,37.5,27,72
21,0.35,0.65,5.0,2.5,1.45,250.0,250.0,True,80,13.3,-89.26,0.989,37.5,2818.42,-0.03,34.72,25,72
21,0.35,0.65,5.0,2.5,1.45,300.0,300.0,True,84,14.0,-589.72,0.931,36.9,3099.78,-0.19,34.72,25,72
21,0.35,0.65,5.0,2.5,,0.0,0.0,False,400,66.7,-1001.95,0.977,33.75,7492.72,-0.13,47.22,34,72
21,0.35,0.65,5.0,2.5,,200.0,250.0,False,183,30.5,-2822.91,0.839,31.15,3623.97,-0.78,47.22,34,72
21,0.35,0.65,5.0,2.5,,250.0,250.0,False,212,35.3,-3768.55,0.814,30.66,4388.96,-0.86,40.28,29,72
21,0.35,0.65,5.0,2.5,,300.0,300.0,False,253,42.2,-3297.17,0.864,32.41,4466.81,-0.74,43.06,31,72
28,0.25,0.75,3.5,1.5,1.35,0.0,0.0,True,16,2.7,563.68,1.609,37.5,506.71,1.11,8.33,6,72
28,0.25,0.75,3.5,1.5,1.35,200.0,250.0,True,15,2.5,664.31,1.805,40.0,506.71,1.31,8.33,6,72
28,0.25,0.75,3.5,1.5,1.35,250.0,250.0,True,15,2.5,664.31,1.805,40.0,506.71,1.31,8.33,6,72
28,0.25,0.75,3.5,1.5,1.35,300.0,300.0,True,16,2.7,563.68,1.609,37.5,506.71,1.11,8.33,6,72
28,0.25,0.75,3.5,1.5,1.4,0.0,0.0,True,22,3.7,332.47,1.249,31.82,789.19,0.42,9.72,7,72
28,0.25,0.75,3.5,1.5,1.4,200.0,250.0,True,21,3.5,433.1,1.35,33.33,688.56,0.63,9.72,7,72
28,0.25,0.75,3.5,1.5,1.4,250.0,250.0,True,21,3.5,433.1,1.35,33.33,688.56,0.63,9.72,7,72
28,0.25,0.75,3.5,1.5,1.4,300.0,300.0,True,22,3.7,332.47,1.249,31.82,789.19,0.42,9.72,7,72
28,0.25,0.75,3.5,1.5,1.45,0.0,0.0,True,26,4.3,-1.49,0.999,26.92,1123.15,-0.0,9.72,7,72
28,0.25,0.75,3.5,1.5,1.45,200.0,250.0,True,25,4.2,99.14,1.063,28.0,1022.52,0.1,9.72,7,72
28,0.25,0.75,3.5,1.5,1.45,250.0,250.0,True,25,4.2,99.14,1.063,28.0,1022.52,0.1,9.72,7,72
28,0.25,0.75,3.5,1.5,1.45,300.0,300.0,True,26,4.3,-1.49,0.999,26.92,1123.15,-0.0,9.72,7,72
28,0.25,0.75,3.5,1.5,,0.0,0.0,False,80,13.3,1912.0,1.394,31.25,2151.2,0.89,26.39,19,72
28,0.25,0.75,3.5,1.5,,200.0,250.0,False,73,12.2,970.21,1.219,30.14,2003.51,0.48,25.0,18,72
28,0.25,0.75,3.5,1.5,,250.0,250.0,False,73,12.2,970.21,1.219,30.14,2003.51,0.48,25.0,18,72
28,0.25,0.75,3.5,1.5,,300.0,300.0,False,76,12.7,1013.54,1.221,30.26,2064.2,0.49,25.0,18,72
28,0.25,0.75,3.5,2.0,1.35,0.0,0.0,True,16,2.7,623.15,1.571,43.75,721.54,0.86,8.33,6,72
28,0.25,0.75,3.5,2.0,1.35,200.0,250.0,True,15,2.5,398.68,1.366,40.0,721.54,0.55,8.33,6,72
28,0.25,0.75,3.5,2.0,1.35,250.0,250.0,True,15,2.5,398.68,1.366,40.0,721.54,0.55,8.33,6,72
28,0.25,0.75,3.5,2.0,1.35,300.0,300.0,True,16,2.7,623.15,1.571,43.75,721.54,0.86,8.33,6,72
28,0.25,0.75,3.5,2.0,1.4,0.0,0.0,True,22,3.7,260.04,1.159,36.36,921.54,0.28,9.72,7,72
28,0.25,0.75,3.5,2.0,1.4,200.0,250.0,True,21,3.5,35.57,1.022,33.33,1086.09,0.03,9.72,7,72
28,0.25,0.75,3.5,2.0,1.4,250.0,250.0,True,21,3.5,35.57,1.022,33.33,1086.09,0.03,9.72,7,72
28,0.25,0.75,3.5,2.0,1.4,300.0,300.0,True,22,3.7,260.04,1.159,36.36,921.54,0.28,9.72,7,72
28,0.25,0.75,3.5,2.0,1.45,0.0,0.0,True,26,4.3,-181.11,0.913,30.77,1302.77,-0.14,9.72,7,72
28,0.25,0.75,3.5,2.0,1.45,200.0,250.0,True,25,4.2,-405.58,0.805,28.0,1527.24,-0.27,9.72,7,72
28,0.25,0.75,3.5,2.0,1.45,250.0,250.0,True,25,4.2,-405.58,0.805,28.0,1527.24,-0.27,9.72,7,72
28,0.25,0.75,3.5,2.0,1.45,300.0,300.0,True,26,4.3,-181.11,0.913,30.77,1302.77,-0.14,9.72,7,72
28,0.25,0.75,3.5,2.0,,0.0,0.0,False,75,12.5,1984.62,1.365,37.33,2363.92,0.84,27.78,20,72
28,0.25,0.75,3.5,2.0,,200.0,250.0,False,66,11.0,741.21,1.152,36.36,1815.81,0.41,26.39,19,72
28,0.25,0.75,3.5,2.0,,250.0,250.0,False,68,11.3,564.76,1.111,35.29,1992.26,0.28,26.39,19,72
28,0.25,0.75,3.5,2.0,,300.0,300.0,False,70,11.7,612.43,1.117,35.71,2169.06,0.28,26.39,19,72
28,0.25,0.75,3.5,2.5,1.35,0.0,0.0,True,16,2.7,553.52,1.435,50.0,740.36,0.75,9.72,7,72
28,0.25,0.75,3.5,2.5,1.35,200.0,250.0,True,15,2.5,329.05,1.259,46.67,740.36,0.44,9.72,7,72
28,0.25,0.75,3.5,2.5,1.35,250.0,250.0,True,15,2.5,329.05,1.259,46.67,740.36,0.44,9.72,7,72
28,0.25,0.75,3.5,2.5,1.35,300.0,300.0,True,16,2.7,553.52,1.435,50.0,740.36,0.75,9.72,7,72
28,0.25,0.75,3.5,2.5,1.4,0.0,0.0,True,22,3.7,58.46,1.03,40.91,1063.2,0.05,11.11,8,72
28,0.25,0.75,3.5,2.5,1.4,200.0,250.0,True,21,3.5,-166.01,0.915,38.1,1287.67,-0.13,11.11,8,72
28,0.25,0.75,3.5,2.5,1.4,250.0,250.0,True,21,3.5,-166.01,0.915,38.1,1287.67,-0.13,11.11,8,72
28,0.25,0.75,3.5,2.5,1.4,300.0,300.0,True,22,3.7,58.46,1.03,40.91,1063.2,0.05,11.11,8,72
28,0.25,0.75,3.5,2.5,1.45,0.0,0.0,True,26,4.3,-489.89,0.804,34.62,1611.55,-0.3,11.11,8,72
28,0.25,0.75,3.5,2.5,1.45,200.0,250.0,True,25,4.2,-714.36,0.714,32.0,1836.02,-0.39,11.11,8,72
28,0.25,0.75,3.5,2.5,1.45,250.0,250.0,True,25,4.2,-714.36,0.714,32.0,1836.02,-0.39,11.11,8,72
28,0.25,0.75,3.5,2.5,1.45,300.0,300.0,True,26,4.3,-489.89,0.804,34.62,1611.55,-0.3,11.11,8,72
28,0.25,0.75,3.5,2.5,,0.0,0.0,False,74,12.3,2014.12,1.332,43.24,2303.95,0.87,29.17,21,72
28,0.25,0.75,3.5,2.5,,200.0,250.0,False,67,11.2,363.79,1.063,40.3,2387.23,0.15,27.78,20,72
28,0.25,0.75,3.5,2.5,,250.0,250.0,False,67,11.2,363.79,1.063,40.3,2387.23,0.15,27.78,20,72
28,0.25,0.75,3.5,2.5,,300.0,300.0,False,70,11.7,590.01,1.1,41.43,2161.01,0.27,27.78,20,72
28,0.25,0.75,4.0,1.5,1.35,0.0,0.0,True,16,2.7,560.14,1.567,31.25,517.3,1.08,6.94,5,72
28,0.25,0.75,4.0,1.5,1.35,200.0,250.0,True,15,2.5,660.77,1.744,33.33,483.48,1.37,6.94,5,72
28,0.25,0.75,4.0,1.5,1.35,250.0,250.0,True,15,2.5,660.77,1.744,33.33,483.48,1.37,6.94,5,72
28,0.25,0.75,4.0,1.5,1.35,300.0,300.0,True,16,2.7,560.14,1.567,31.25,517.3,1.08,6.94,5,72
28,0.25,0.75,4.0,1.5,1.4,0.0,0.0,True,22,3.7,355.09,1.254,27.27,928.58,0.38,8.33,6,72
28,0.25,0.75,4.0,1.5,1.4,200.0,250.0,True,21,3.5,455.72,1.351,28.57,827.95,0.55,8.33,6,72
28,0.25,0.75,4.0,1.5,1.4,250.0,250.0,True,21,3.5,455.72,1.351,28.57,827.95,0.55,8.33,6,72
28,0.25,0.75,4.0,1.5,1.4,300.0,300.0,True,22,3.7,355.09,1.254,27.27,928.58,0.38,8.33,6,72
28,0.25,0.75,4.0,1.5,1.45,0.0,0.0,True,26,4.3,21.13,1.012,23.08,1262.54,0.02,8.33,6,72
28,0.25,0.75,4.0,1.5,1.45,200.0,250.0,True,25,4.2,121.76,1.075,24.0,1161.91,0.1,8.33,6,72
28,0.25,0.75,4.0,1.5,1.45,250.0,250.0,True,25,4.2,121.76,1.075,24.0,1161.91,0.1,8.33,6,72
28,0.25,0.75,4.0,1.5,1.45,300.0,300.0,True,26,4.3,21.13,1.012,23.08,1262.54,0.02,8.33,6,72
28,0.25,0.75,4.0,1.5,,0.0,0.0,False,80,13.3,1545.98,1.296,28.75,2127.97,0.73,23.61,17,72
28,0.25,0.75,4.0,1.5,,200.0,250.0,False,71,11.8,1466.32,1.334,28.17,1980.28,0.74,23.61,17,72
28,0.25,0.75,4.0,1.5,,250.0,250.0,False,73,12.2,1531.16,1.341,28.77,1980.28,0.77,23.61,17,72
28,0.25,0.75,4.0,1.5,,300.0,300.0,False,76,12.7,1604.17,1.345,28.95,2040.97,0.79,23.61,17,72
28,0.25,0.75,4.0,2.0,1.35,0.0,0.0,True,16,2.7,871.07,1.799,43.75,698.31,1.25,8.33,6,72
28,0.25,0.75,4.0,2.0,1.35,200.0,250.0,True,15,2.5,614.09,1.563,40.0,698.31,0.88,8.33,6,72
28,0.25,0.75,4.0,2.0,1.35,250.0,250.0,True,15,2.5,614.09,1.563,40.0,698.31,0.88,8.33,6,72
28,0.25,0.75,4.0,2.0,1.35,300.0,300.0,True,16,2.7,871.07,1.799,43.75,698.31,1.25,8.33,6,72
28,0.25,0.75,4.0,2.0,1.4,0.0,0.0,True,22,3.7,534.12,1.327,36.36,898.31,0.59,9.72,7,72
28,0.25,0.75,4.0,2.0,1.4,200.0,250.0,True,21,3.5,277.14,1.17,33.33,1006.53,0.28,9.72,7,72
28,0.25,0.75,4.0,2.0,1.4,250.0,250.0,True,21,3.5,277.14,1.17,33.33,1006.53,0.28,9.72,7,72
28,0.25,0.75,4.0,2.0,1.4,300.0,300.0,True,22,3.7,534.12,1.327,36.36,898.31,0.59,9.72,7,72
28,0.25,0.75,4.0,2.0,1.45,0.0,0.0,True,26,4.3,92.97,1.045,30.77,1190.7,0.08,9.72,7,72
28,0.25,0.75,4.0,2.0,1.45,200.0,250.0,True,25,4.2,-164.01,0.921,28.0,1447.68,-0.11,9.72,7,72
28,0.25,0.75,4.0,2.0,1.45,250.0,250.0,True,25,4.2,-164.01,0.921,28.0,1447.68,-0.11,9.72,7,72
28,0.25,0.75,4.0,2.0,1.45,300.0,300.0,True,26,4.3,92.97,1.045,30.77,1190.7,0.08,9.72,7,72
28,0.25,0.75,4.0,2.0,,0.0,0.0,False,75,12.5,1831.67,1.313,36.0,2237.46,0.82,27.78,20,72
28,0.25,0.75,4.0,2.0,,200.0,250.0,False,64,10.7,1521.35,1.319,35.94,1724.39,0.88,27.78,20,72
28,0.25,0.75,4.0,2.0,,250.0,250.0,False,68,11.3,1379.94,1.272,35.29,1865.8,0.74,27.78,20,72
28,0.25,0.75,4.0,2.0,,300.0,300.0,False,70,11.7,1460.12,1.278,35.71,2042.6,0.71,27.78,20,72
28,0.25,0.75,4.0,2.5,1.35,0.0,0.0,True,16,2.7,817.78,1.643,50.0,737.63,1.11,9.72,7,72
28,0.25,0.75,4.0,2.5,1.35,200.0,250.0,True,15,2.5,560.8,1.441,46.67,737.63,0.76,9.72,7,72
28,0.25,0.75,4.0,2.5,1.35,250.0,250.0,True,15,2.5,560.8,1.441,46.67,737.63,0.76,9.72,7,72
28,0.25,0.75,4.0,2.5,1.35,300.0,300.0,True,16,2.7,817.78,1.643,50.0,737.63,1.11,9.72,7,72
28,0.25,0.75,4.0,2.5,1.4,0.0,0.0,True,22,3.7,348.88,1.179,40.91,949.25,0.37,11.11,8,72
28,0.25,0.75,4.0,2.5,1.4,200.0,250.0,True,21,3.5,91.9,1.047,38.1,1191.77,0.08,11.11,8,72
28,0.25,0.75,4.0,2.5,1.4,250.0,250.0,True,21,3.5,91.9,1.047,38.1,1191.77,0.08,11.11,8,72
28,0.25,0.75,4.0,2.5,1.4,300.0,300.0,True,22,3.7,348.88,1.179,40.91,949.25,0.37,11.11,8,72
28,0.25,0.75,4.0,2.5,1.45,0.0,0.0,True,26,4.3,-199.47,0.92,34.62,1483.14,-0.13,11.11,8,72
28,0.25,0.75,4.0,2.5,1.45,200.0,250.0,True,25,4.2,-456.45,0.817,32.0,1740.12,-0.26,11.11,8,72
28,0.25,0.75,4.0,2.5,1.45,250.0,250.0,True,25,4.2,-456.45,0.817,32.0,1740.12,-0.26,11.11,8,72
28,0.25,0.75,4.0,2.5,1.45,300.0,300.0,True,26,4.3,-199.47,0.92,34.62,1483.14,-0.13,11.11,8,72
28,0.25,0.75,4.0,2.5,,0.0,0.0,False,74,12.3,1853.4,1.282,41.89,1948.9,0.95,29.17,21,72
28,0.25,0.75,4.0,2.5,,200.0,250.0,False,62,10.3,1346.03,1.249,40.32,1851.04,0.73,29.17,21,72
28,0.25,0.75,4.0,2.5,,250.0,250.0,False,67,11.2,1251.49,1.217,40.3,1973.19,0.63,29.17,21,72
28,0.25,0.75,4.0,2.5,,300.0,300.0,False,70,11.7,1532.09,1.259,41.43,1851.04,0.83,29.17,21,72
28,0.25,0.75,4.5,1.5,1.35,0.0,0.0,True,16,2.7,755.61,1.765,31.25,460.26,1.64,6.94,5,72
28,0.25,0.75,4.5,1.5,1.35,200.0,250.0,True,15,2.5,856.24,1.965,33.33,460.26,1.86,6.94,5,72
28,0.25,0.75,4.5,1.5,1.35,250.0,250.0,True,15,2.5,856.24,1.965,33.33,460.26,1.86,6.94,5,72
28,0.25,0.75,4.5,1.5,1.35,300.0,300.0,True,15,2.5,856.24,1.965,33.33,460.26,1.86,6.94,5,72
28,0.25,0.75,4.5,1.5,1.4,0.0,0.0,True,22,3.7,262.73,1.177,22.73,868.95,0.3,6.94,5,72
28,0.25,0.75,4.5,1.5,1.4,200.0,250.0,True,20,3.3,431.67,1.329,25.0,700.01,0.62,6.94,5,72
28,0.25,0.75,4.5,1.5,1.4,250.0,250.0,True,21,3.5,363.36,1.263,23.81,768.32,0.47,6.94,5,72
28,0.25,0.75,4.5,1.5,1.4,300.0,300.0,True,21,3.5,363.36,1.263,23.81,768.32,0.47,6.94,5,72
28,0.25,0.75,4.5,1.5,1.45,0.0,0.0,True,26,4.3,-71.23,0.961,19.23,1202.91,-0.06,6.94,5,72
28,0.25,0.75,4.5,1.5,1.45,200.0,250.0,True,24,4.0,97.71,1.059,20.83,1033.97,0.09,6.94,5,72
28,0.25,0.75,4.5,1.5,1.45,250.0,250.0,True,25,4.2,29.4,1.017,20.0,1102.28,0.03,6.94,5,72
28,0.25,0.75,4.5,1.5,1.45,300.0,300.0,True,25,4.2,29.4,1.017,20.0,1102.28,0.03,6.94,5,72
28,0.25,0.75,4.5,1.5,,0.0,0.0,False,80,13.3,1845.91,1.344,26.25,2166.53,0.85,22.22,16,72
28,0.25,0.75,4.5,1.5,,200.0,250.0,False,71,11.8,1892.31,1.423,26.76,1957.06,0.97,22.22,16,72
28,0.25,0.75,4.5,1.5,,250.0,250.0,False,73,12.2,1736.53,1.375,26.03,2018.84,0.86,22.22,16,72
28,0.25,0.75,4.5,1.5,,300.0,300.0,False,74,12.3,1675.84,1.357,25.68,2079.53,0.81,22.22,16,72
28,0.25,0.75,4.5,2.0,1.35,0.0,0.0,True,16,2.7,1118.95,2.026,43.75,675.09,1.66,8.33,6,72
28,0.25,0.75,4.5,2.0,1.35,200.0,250.0,True,15,2.5,829.46,1.761,40.0,675.09,1.23,8.33,6,72
28,0.25,0.75,4.5,2.0,1.35,250.0,250.0,True,15,2.5,829.46,1.761,40.0,675.09,1.23,8.33,6,72
28,0.25,0.75,4.5,2.0,1.35,300.0,300.0,True,15,2.5,829.46,1.761,40.0,675.09,1.23,8.33,6,72
28,0.25,0.75,4.5,2.0,1.4,0.0,0.0,True,22,3.7,468.0,1.269,31.82,875.09,0.53,8.33,6,72
28,0.25,0.75,4.5,2.0,1.4,200.0,250.0,True,20,3.3,268.55,1.163,30.0,836.96,0.32,8.33,6,72
28,0.25,0.75,4.5,2.0,1.4,250.0,250.0,True,21,3.5,178.51,1.103,28.57,927.0,0.19,8.33,6,72
28,0.25,0.75,4.5,2.0,1.4,300.0,300.0,True,21,3.5,178.51,1.103,28.57,927.0,0.19,8.33,6,72
28,0.25,0.75,4.5,2.0,1.45,0.0,0.0,True,26,4.3,26.85,1.012,26.92,1078.66,0.02,8.33,6,72
28,0.25,0.75,4.5,2.0,1.45,200.0,250.0,True,24,4.0,-172.6,0.918,25.0,1278.11,-0.14,8.33,6,72
28,0.25,0.75,4.5,2.0,1.45,250.0,250.0,True,25,4.2,-262.64,0.88,24.0,1368.15,-0.19,8.33,6,72
28,0.25,0.75,4.5,2.0,1.45,300.0,300.0,True,25,4.2,-262.64,0.88,24.0,1368.15,-0.19,8.33,6,72
28,0.25,0.75,4.5,2.0,,0.0,0.0,False,75,12.5,2201.52,1.364,33.33,2371.75,0.93,26.39,19,72
28,0.25,0.75,4.5,2.0,,200.0,250.0,False,64,10.7,1976.33,1.405,34.38,1710.82,1.16,26.39,19,72
28,0.25,0.75,4.5,2.0,,250.0,250.0,False,66,11.0,1770.69,1.348,33.33,1823.64,0.97,26.39,19,72
28,0.25,0.75,4.5,2.0,,300.0,300.0,False,69,11.5,1417.44,1.261,31.88,2176.89,0.65,26.39,19,72
28,0.25,0.75,4.5,2.5,1.35,0.0,0.0,True,16,2.7,1081.99,1.851,50.0,737.63,1.47,9.72,7,72
28,0.25,0.75,4.5,2.5,1.35,200.0,250.0,True,15,2.5,792.5,1.623,46.67,737.63,1.07,9.72,7,72
28,0.25,0.75,4.5,2.5,1.35,250.0,250.0,True,15,2.5,792.5,1.623,46.67,737.63,1.07,9.72,7,72
28,0.25,0.75,4.5,2.5,1.35,300.0,300.0,True,15,2.5,792.5,1.623,46.67,737.63,1.07,9.72,7,72
28,0.25,0.75,4.5,2.5,1.4,0.0,0.0,True,22,3.7,272.93,1.131,36.36,909.7,0.3,9.72,7,72
28,0.25,0.75,4.5,2.5,1.4,200.0,250.0,True,20,3.3,95.22,1.048,35.0,984.13,0.1,9.72,7,72
28,0.25,0.75,4.5,2.5,1.4,250.0,250.0,True,21,3.5,-16.56,0.992,33.33,1095.91,-0.02,9.72,7,72
28,0.25,0.75,4.5,2.5,1.4,300.0,300.0,True,21,3.5,-16.56,0.992,33.33,1095.91,-0.02,9.72,7,72
28,0.25,0.75,4.5,2.5,1.45,0.0,0.0,True,26,4.3,-275.42,0.895,30.77,1354.77,-0.2,9.72,7,72
28,0.25,0.75,4.5,2.5,1.45,200.0,250.0,True,24,4.0,-453.13,0.82,29.17,1532.48,-0.3,9.72,7,72
28,0.25,0.75,4.5,2.5,1.45,250.0,250.0,True,25,4.2,-564.91,0.785,28.0,1644.26,-0.34,9.72,7,72
28,0.25,0.75,4.5,2.5,1.45,300.0,300.0,True,25,4.2,-564.91,0.785,28.0,1644.26,-0.34,9.72,7,72
28,0.25,0.75,4.5,2.5,,0.0,0.0,False,74,12.3,1984.74,1.287,37.84,2324.21,0.85,25.0,18,72
28,0.25,0.75,4.5,2.5,,200.0,250.0,False,62,10.3,1545.38,1.274,37.1,1822.13,0.85,26.39,19,72
28,0.25,0.75,4.5,2.5,,250.0,250.0,False,64,10.7,1289.88,1.219,35.94,1962.25,0.66,25.0,18,72
28,0.25,0.75,4.5,2.5,,300.0,300.0,False,69,11.5,1250.9,1.2,36.23,2181.27,0.57,25.0,18,72
28,0.25,0.75,5.0,1.5,1.35,0.0,0.0,True,16,2.7,347.39,1.307,25.0,540.44,0.64,5.56,4,72
28,0.25,0.75,5.0,1.5,1.35,200.0,250.0,True,15,2.5,448.02,1.435,26.67,448.78,1.0,5.56,4,72
28,0.25,0.75,5.0,1.5,1.35,250.0,250.0,True,15,2.5,448.02,1.435,26.67,448.78,1.0,5.56,4,72
28,0.25,0.75,5.0,1.5,1.35,300.0,300.0,True,15,2.5,448.02,1.435,26.67,448.78,1.0,5.56,4,72
28,0.25,0.75,5.0,1.5,1.4,0.0,0.0,True,22,3.7,-145.49,0.91,18.18,1033.32,-0.14,5.56,4,72
28,0.25,0.75,5.0,1.5,1.4,200.0,250.0,True,20,3.3,23.45,1.016,20.0,864.38,0.03,5.56,4,72
28,0.25,0.75,5.0,1.5,1.4,250.0,250.0,True,21,3.5,-44.86,0.971,19.05,932.69,-0.05,5.56,4,72
28,0.25,0.75,5.0,1.5,1.4,300.0,300.0,True,21,3.5,-44.86,0.971,19.05,932.69,-0.05,5.56,4,72
28,0.25,0.75,5.0,1.5,1.45,0.0,0.0,True,26,4.3,-479.45,0.755,15.38,1367.28,-0.35,5.56,4,72
28,0.25,0.75,5.0,1.5,1.45,200.0,250.0,True,24,4.0,-310.51,0.826,16.67,1198.34,-0.26,5.56,4,72
28,0.25,0.75,5.0,1.5,1.45,250.0,250.0,True,25,4.2,-378.82,0.796,16.0,1266.65,-0.3,5.56,4,72
28,0.25,0.75,5.0,1.5,1.45,300.0,300.0,True,25,4.2,-378.82,0.796,16.0,1266.65,-0.3,5.56,4,72
28,0.25,0.75,5.0,1.5,,0.0,0.0,False,79,13.2,1308.91,1.236,22.78,2095.4,0.62,18.06,13,72
28,0.25,0.75,5.0,1.5,,200.0,250.0,False,71,11.8,1083.17,1.224,22.54,1933.83,0.56,18.06,13,72
28,0.25,0.75,5.0,1.5,,250.0,250.0,False,71,11.8,1083.17,1.224,22.54,1933.83,0.56,18.06,13,72
28,0.25,0.75,5.0,1.5,,300.0,300.0,False,74,12.3,866.7,1.172,21.62,2008.4,0.43,18.06,13,72
28,0.25,0.75,5.0,2.0,1.35,0.0,0.0,True,16,2.7,1366.86,2.253,43.75,651.86,2.1,8.33,6,72
28,0.25,0.75,5.0,2.0,1.35,200.0,250.0,True,15,2.5,1044.86,1.958,40.0,651.86,1.6,8.33,6,72
28,0.25,0.75,5.0,2.0,1.35,250.0,250.0,True,15,2.5,1044.86,1.958,40.0,651.86,1.6,8.33,6,72
28,0.25,0.75,5.0,2.0,1.35,300.0,300.0,True,15,2.5,1044.86,1.958,40.0,651.86,1.6,8.33,6,72
28,0.25,0.75,5.0,2.0,1.4,0.0,0.0,True,22,3.7,715.91,1.411,31.82,851.86,0.84,8.33,6,72
28,0.25,0.75,5.0,2.0,1.4,200.0,250.0,True,20,3.3,483.95,1.293,30.0,761.82,0.64,8.33,6,72
28,0.25,0.75,5.0,2.0,1.4,250.0,250.0,True,21,3.5,393.91,1.226,28.57,851.86,0.46,8.33,6,72
28,0.25,0.75,5.0,2.0,1.4,300.0,300.0,True,21,3.5,393.91,1.226,28.57,851.86,0.46,8.33,6,72
28,0.25,0.75,5.0,2.0,1.45,0.0,0.0,True,26,4.3,274.76,1.126,26.92,966.59,0.28,8.33,6,72
28,0.25,0.75,5.0,2.0,1.45,200.0,250.0,True,24,4.0,42.8,1.02,25.0,1198.55,0.04,8.33,6,72
28,0.25,0.75,5.0,2.0,1.45,250.0,250.0,True,25,4.2,-47.24,0.978,24.0,1288.59,-0.04,8.33,6,72
28,0.25,0.75,5.0,2.0,1.45,300.0,300.0,True,25,4.2,-47.24,0.978,24.0,1288.59,-0.04,8.33,6,72
28,0.25,0.75,5.0,2.0,,0.0,0.0,False,74,12.3,1557.63,1.246,29.73,2265.34,0.69,23.61,17,72
28,0.25,0.75,5.0,2.0,,200.0,250.0,False,64,10.7,1755.38,1.34,31.25,1710.82,1.03,23.61,17,72
28,0.25,0.75,5.0,2.0,,250.0,250.0,False,64,10.7,1755.38,1.34,31.25,1710.82,1.03,23.61,17,72
28,0.25,0.75,5.0,2.0,,300.0,300.0,False,67,11.2,1372.94,1.247,29.85,1894.03,0.72,23.61,17,72
28,0.25,0.75,5.0,2.5,1.35,0.0,0.0,True,16,2.7,1346.23,2.059,50.0,737.63,1.83,9.72,7,72
28,0.25,0.75,5.0,2.5,1.35,200.0,250.0,True,15,2.5,1024.23,1.806,46.67,737.63,1.39,9.72,7,72
28,0.25,0.75,5.0,2.5,1.35,250.0,250.0,True,15,2.5,1024.23,1.806,46.67,737.63,1.39,9.72,7,72
28,0.25,0.75,5.0,2.5,1.35,300.0,300.0,True,15,2.5,1024.23,1.806,46.67,737.63,1.39,9.72,7,72
28,0.25,0.75,5.0,2.5,1.4,0.0,0.0,True,22,3.7,537.17,1.258,36.36,874.31,0.61,9.72,7,72
28,0.25,0.75,5.0,2.5,1.4,200.0,250.0,True,20,3.3,326.95,1.166,35.0,888.24,0.37,9.72,7,72
28,0.25,0.75,5.0,2.5,1.4,250.0,250.0,True,21,3.5,215.17,1.103,33.33,1000.02,0.22,9.72,7,72
28,0.25,0.75,5.0,2.5,1.4,300.0,300.0,True,21,3.5,215.17,1.103,33.33,1000.02,0.22,9.72,7,72
28,0.25,0.75,5.0,2.5,1.45,0.0,0.0,True,26,4.3,-11.18,0.996,30.77,1226.37,-0.01,9.72,7,72
28,0.25,0.75,5.0,2.5,1.45,200.0,250.0,True,24,4.0,-221.4,0.912,29.17,1436.59,-0.15,9.72,7,72
28,0.25,0.75,5.0,2.5,1.45,250.0,250.0,True,25,4.2,-333.18,0.873,28.0,1548.37,-0.22,9.72,7,72
28,0.25,0.75,5.0,2.5,1.45,300.0,300.0,True,25,4.2,-333.18,0.873,28.0,1548.37,-0.22,9.72,7,72
28,0.25,0.75,5.0,2.5,,0.0,0.0,False,73,12.2,1344.03,1.185,34.25,2172.57,0.62,23.61,17,72
28,0.25,0.75,5.0,2.5,,200.0,250.0,False,62,10.3,1290.44,1.215,33.87,1793.23,0.72,23.61,17,72
28,0.25,0.75,5.0,2.5,,250.0,250.0,False,62,10.3,1290.44,1.215,33.87,1793.23,0.72,23.61,17,72
28,0.25,0.75,5.0,2.5,,300.0,300.0,False,67,11.2,1252.15,1.196,34.33,1886.88,0.66,23.61,17,72
28,0.3,0.7,3.5,1.5,1.35,0.0,0.0,True,28,4.7,62.83,1.034,39.29,893.97,0.07,13.89,10,72
28,0.3,0.7,3.5,1.5,1.35,200.0,250.0,True,28,4.7,62.83,1.034,39.29,893.97,0.07,13.89,10,72
28,0.3,0.7,3.5,1.5,1.35,250.0,250.0,True,28,4.7,62.83,1.034,39.29,893.97,0.07,13.89,10,72
28,0.3,0.7,3.5,1.5,1.35,300.0,300.0,True,28,4.7,62.83,1.034,39.29,893.97,0.07,13.89,10,72
28,0.3,0.7,3.5,1.5,1.4,0.0,0.0,True,35,5.8,-494.88,0.794,31.43,893.97,-0.55,13.89,10,72
28,0.3,0.7,3.5,1.5,1.4,200.0,250.0,True,35,5.8,-494.88,0.794,31.43,893.97,-0.55,13.89,10,72
28,0.3,0.7,3.5,1.5,1.4,250.0,250.0,True,35,5.8,-494.88,0.794,31.43,893.97,-0.55,13.89,10,72
28,0.3,0.7,3.5,1.5,1.4,300.0,300.0,True,35,5.8,-494.88,0.794,31.43,893.97,-0.55,13.89,10,72
28,0.3,0.7,3.5,1.5,1.45,0.0,0.0,True,45,7.5,-246.76,0.914,33.33,893.97,-0.28,19.44,14,72
28,0.3,0.7,3.5,1.5,1.45,200.0,250.0,True,45,7.5,-246.76,0.914,33.33,893.97,-0.28,19.44,14,72
28,0.3,0.7,3.5,1.5,1.45,250.0,250.0,True,45,7.5,-246.76,0.914,33.33,893.97,-0.28,19.44,14,72
28,0.3,0.7,3.5,1.5,1.45,300.0,300.0,True,45,7.5,-246.76,0.914,33.33,893.97,-0.28,19.44,14,72
28,0.3,0.7,3.5,1.5,,0.0,0.0,False,186,31.0,-537.92,0.956,30.65,2439.34,-0.22,37.5,27,72
28,0.3,0.7,3.5,1.5,,200.0,250.0,False,159,26.5,-1667.22,0.833,27.04,2843.11,-0.59,36.11,26,72
28,0.3,0.7,3.5,1.5,,250.0,250.0,False,163,27.2,-1380.01,0.864,27.61,2555.9,-0.54,36.11,26,72
28,0.3,0.7,3.5,1.5,,300.0,300.0,False,170,28.3,-1014.47,0.904,29.41,2347.24,-0.43,36.11,26,72
28,0.3,0.7,3.5,2.0,1.35,0.0,0.0,True,28,4.7,-286.17,0.878,42.86,1187.84,-0.24,15.28,11,72
28,0.3,0.7,3.5,2.0,1.35,200.0,250.0,True,28,4.7,-286.17,0.878,42.86,1187.84,-0.24,15.28,11,72
28,0.3,0.7,3.5,2.0,1.35,250.0,250.0,True,28,4.7,-286.17,0.878,42.86,1187.84,-0.24,15.28,11,72
28,0.3,0.7,3.5,2.0,1.35,300.0,300.0,True,28,4.7,-286.17,0.878,42.86,1187.84,-0.24,15.28,11,72
28,0.3,0.7,3.5,2.0,1.4,0.0,0.0,True,35,5.8,-1022.57,0.668,34.29,1187.84,-0.86,15.28,11,72
28,0.3,0.7,3.5,2.0,1.4,200.0,250.0,True,35,5.8,-1022.57,0.668,34.29,1187.84,-0.86,15.28,11,72
28,0.3,0.7,3.5,2.0,1.4,250.0,250.0,True,35,5.8,-1022.57,0.668,34.29,1187.84,-0.86,15.28,11,72
28,0.3,0.7,3.5,2.0,1.4,300.0,300.0,True,35,5.8,-1022.57,0.668,34.29,1187.84,-0.86,15.28,11,72
28,0.3,0.7,3.5,2.0,1.45,0.0,0.0,True,43,7.2,-1033.12,0.714,34.88,1224.42,-0.84,19.44,14,72
28,0.3,0.7,3.5,2.0,1.45,200.0,250.0,True,43,7.2,-1033.12,0.714,34.88,1224.42,-0.84,19.44,14,72
28,0.3,0.7,3.5,2.0,1.45,250.0,250.0,True,43,7.2,-1033.12,0.714,34.88,1224.42,-0.84,19.44,14,72
28,0.3,0.7,3.5,2.0,1.45,300.0,300.0,True,43,7.2,-1033.12,0.714,34.88,1224.42,-0.84,19.44,14,72
28,0.3,0.7,3.5,2.0,,0.0,0.0,False,174,29.0,-1008.81,0.929,37.36,3176.83,-0.32,38.89,28,72
28,0.3,0.7,3.5,2.0,,200.0,250.0,False,140,23.3,-2365.72,0.783,34.29,2848.1,-0.83,37.5,27,72
28,0.3,0.7,3.5,2.0,,250.0,250.0,False,144,24.0,-2222.15,0.801,34.72,2704.53,-0.82,37.5,27,72
28,0.3,0.7,3.5,2.0,,300.0,300.0,False,155,25.8,-1669.66,0.856,36.13,2659.78,-0.63,37.5,27,72
28,0.3,0.7,3.5,2.5,1.35,0.0,0.0,True,28,4.7,-573.49,0.795,46.43,1481.71,-0.39,16.67,12,72
28,0.3,0.7,3.5,2.5,1.35,200.0,250.0,True,28,4.7,-573.49,0.795,46.43,1481.71,-0.39,16.67,12,72
28,0.3,0.7,3.5,2.5,1.35,250.0,250.0,True,28,4.7,-573.49,0.795,46.43,1481.71,-0.39,16.67,12,72
28,0.3,0.7,3.5,2.5,1.35,300.0,300.0,True,28,4.7,-573.49,0.795,46.43,1481.71,-0.39,16.67,12,72
28,0.3,0.7,3.5,2.5,1.4,0.0,0.0,True,35,5.8,-1226.86,0.659,40.0,1639.4,-0.75,16.67,12,72
28,0.3,0.7,3.5,2.5,1.4,200.0,250.0,True,35,5.8,-1226.86,0.659,40.0,1639.4,-0.75,16.67,12,72
28,0.3,0.7,3.5,2.5,1.4,250.0,250.0,True,35,5.8,-1226.86,0.659,40.0,1639.4,-0.75,16.67,12,72
28,0.3,0.7,3.5,2.5,1.4,300.0,300.0,True,35,5.8,-1226.86,0.659,40.0,1639.4,-0.75,16.67,12,72
28,0.3,0.7,3.5,2.5,1.45,0.0,0.0,True,42,7.0,-882.13,0.779,42.86,1481.71,-0.6,22.22,16,72
28,0.3,0.7,3.5,2.5,1.45,200.0,250.0,True,42,7.0,-882.13,0.779,42.86,1481.71,-0.6,22.22,16,72
28,0.3,0.7,3.5,2.5,1.45,250.0,250.0,True,42,7.0,-882.13,0.779,42.86,1481.71,-0.6,22.22,16,72
28,0.3,0.7,3.5,2.5,1.45,300.0,300.0,True,42,7.0,-882.13,0.779,42.86,1481.71,-0.6,22.22,16,72
28,0.3,0.7,3.5,2.5,,0.0,0.0,False,164,27.3,-1692.1,0.892,42.07,3876.3,-0.44,44.44,32,72
28,0.3,0.7,3.5,2.5,,200.0,250.0,False,123,20.5,-2910.17,0.743,39.02,3546.34,-0.82,41.67,30,72
28,0.3,0.7,3.5,2.5,,250.0,250.0,False,129,21.5,-2763.7,0.765,39.53,3399.87,-0.81,41.67,30,72
28,0.3,0.7,3.5,2.5,,300.0,300.0,False,142,23.7,-2614.37,0.795,40.14,3250.54,-0.8,43.06,31,72
28,0.3,0.7,4.0,1.5,1.35,0.0,0.0,True,28,4.7,-181.94,0.909,35.71,1039.42,-0.18,13.89,10,72
28,0.3,0.7,4.0,1.5,1.35,200.0,250.0,True,28,4.7,-181.94,0.909,35.71,1039.42,-0.18,13.89,10,72
28,0.3,0.7,4.0,1.5,1.35,250.0,250.0,True,28,4.7,-181.94,0.909,35.71,1039.42,-0.18,13.89,10,72
28,0.3,0.7,4.0,1.5,1.35,300.0,300.0,True,28,4.7,-181.94,0.909,35.71,1039.42,-0.18,13.89,10,72
28,0.3,0.7,4.0,1.5,1.4,0.0,0.0,True,35,5.8,-739.65,0.71,28.57,1253.89,-0.59,13.89,10,72
28,0.3,0.7,4.0,1.5,1.4,200.0,250.0,True,35,5.8,-739.65,0.71,28.57,1253.89,-0.59,13.89,10,72
28,0.3,0.7,4.0,1.5,1.4,250.0,250.0,True,35,5.8,-739.65,0.71,28.57,1253.89,-0.59,13.89,10,72
28,0.3,0.7,4.0,1.5,1.4,300.0,300.0,True,35,5.8,-739.65,0.71,28.57,1253.89,-0.59,13.89,10,72
28,0.3,0.7,4.0,1.5,1.45,0.0,0.0,True,45,7.5,-967.59,0.694,26.67,1327.35,-0.73,16.67,12,72
28,0.3,0.7,4.0,1.5,1.45,200.0,250.0,True,45,7.5,-967.59,0.694,26.67,1327.35,-0.73,16.67,12,72
28,0.3,0.7,4.0,1.5,1.45,250.0,250.0,True,45,7.5,-967.59,0.694,26.67,1327.35,-0.73,16.67,12,72
28,0.3,0.7,4.0,1.5,1.45,300.0,300.0,True,45,7.5,-967.59,0.694,26.67,1327.35,-0.73,16.67,12,72
28,0.3,0.7,4.0,1.5,,0.0,0.0,False,183,30.5,-2002.38,0.846,27.87,2571.12,-0.78,34.72,25,72
28,0.3,0.7,4.0,1.5,,200.0,250.0,False,154,25.7,-2088.53,0.795,24.68,2547.37,-0.82,34.72,25,72
28,0.3,0.7,4.0,1.5,,250.0,250.0,False,160,26.7,-1727.1,0.834,25.62,2211.65,-0.78,34.72,25,72
28,0.3,0.7,4.0,1.5,,300.0,300.0,False,166,27.7,-1431.71,0.868,27.11,2145.8,-0.67,34.72,25,72
28,0.3,0.7,4.0,2.0,1.35,0.0,0.0,True,28,4.7,-555.85,0.781,39.29,1380.74,-0.4,13.89,10,72
28,0.3,0.7,4.0,2.0,1.35,200.0,250.0,True,28,4.7,-555.85,0.781,39.29,1380.74,-0.4,13.89,10,72
28,0.3,0.7,4.0,2.0,1.35,250.0,250.0,True,28,4.7,-555.85,0.781,39.29,1380.74,-0.4,13.89,10,72
28,0.3,0.7,4.0,2.0,1.35,300.0,300.0,True,28,4.7,-555.85,0.781,39.29,1380.74,-0.4,13.89,10,72
28,0.3,0.7,4.0,2.0,1.4,0.0,0.0,True,35,5.8,-1292.25,0.606,31.43,1664.62,-0.78,13.89,10,72
28,0.3,0.7,4.0,2.0,1.4,200.0,250.0,True,35,5.8,-1292.25,0.606,31.43,1664.62,-0.78,13.89,10,72
28,0.3,0.7,4.0,2.0,1.4,250.0,250.0,True,35,5.8,-1292.25,0.606,31.43,1664.62,-0.78,13.89,10,72
28,0.3,0.7,4.0,2.0,1.4,300.0,300.0,True,35,5.8,-1292.25,0.606,31.43,1664.62,-0.78,13.89,10,72
28,0.3,0.7,4.0,2.0,1.45,0.0,0.0,True,43,7.2,-1503.97,0.614,30.23,1640.38,-0.92,16.67,12,72
28,0.3,0.7,4.0,2.0,1.45,200.0,250.0,True,43,7.2,-1503.97,0.614,30.23,1640.38,-0.92,16.67,12,72
28,0.3,0.7,4.0,2.0,1.45,250.0,250.0,True,43,7.2,-1503.97,0.614,30.23,1640.38,-0.92,16.67,12,72
28,0.3,0.7,4.0,2.0,1.45,300.0,300.0,True,43,7.2,-1503.97,0.614,30.23,1640.38,-0.92,16.67,12,72
28,0.3,0.7,4.0,2.0,,0.0,0.0,False,172,28.7,-1891.52,0.874,34.88,3366.87,-0.56,41.67,30,72
28,0.3,0.7,4.0,2.0,,200.0,250.0,False,134,22.3,-1964.23,0.819,32.09,2576.56,-0.76,40.28,29,72
28,0.3,0.7,4.0,2.0,,250.0,250.0,False,142,23.7,-1251.31,0.888,33.8,2341.93,-0.53,40.28,29,72
28,0.3,0.7,4.0,2.0,,300.0,300.0,False,150,25.0,-410.28,0.964,36.0,2277.3,-0.18,41.67,30,72
28,0.3,0.7,4.0,2.5,1.35,0.0,0.0,True,28,4.7,-1177.66,0.628,39.29,1722.06,-0.68,13.89,10,72
28,0.3,0.7,4.0,2.5,1.35,200.0,250.0,True,28,4.7,-1177.66,0.628,39.29,1722.06,-0.68,13.89,10,72
28,0.3,0.7,4.0,2.5,1.35,250.0,250.0,True,28,4.7,-1177.66,0.628,39.29,1722.06,-0.68,13.89,10,72
28,0.3,0.7,4.0,2.5,1.35,300.0,300.0,True,28,4.7,-1177.66,0.628,39.29,1722.06,-0.68,13.89,10,72
28,0.3,0.7,4.0,2.5,1.4,0.0,0.0,True,35,5.8,-1809.22,0.544,34.29,2123.11,-0.85,13.89,10,72
28,0.3,0.7,4.0,2.5,1.4,200.0,250.0,True,35,5.8,-1809.22,0.544,34.29,2123.11,-0.85,13.89,10,72
28,0.3,0.7,4.0,2.5,1.4,250.0,250.0,True,35,5.8,-1809.22,0.544,34.29,2123.11,-0.85,13.89,10,72
28,0.3,0.7,4.0,2.5,1.4,300.0,300.0,True,35,5.8,-1809.22,0.544,34.29,2123.11,-0.85,13.89,10,72
28,0.3,0.7,4.0,2.5,1.45,0.0,0.0,True,42,7.0,-1657.84,0.629,35.71,2045.05,-0.81,18.06,13,72
28,0.3,0.7,4.0,2.5,1.45,200.0,250.0,True,42,7.0,-1657.84,0.629,35.71,2045.05,-0.81,18.06,13,72
28,0.3,0.7,4.0,2.5,1.45,250.0,250.0,True,42,7.0,-1657.84,0.629,35.71,2045.05,-0.81,18.06,13,72
28,0.3,0.7,4.0,2.5,1.45,300.0,300.0,True,42,7.0,-1657.84,0.629,35.71,2045.05,-0.81,18.06,13,72
28,0.3,0.7,4.0,2.5,,0.0,0.0,False,162,27.0,-2959.83,0.823,38.89,4332.29,-0.68,40.28,29,72
28,0.3,0.7,4.0,2.5,,200.0,250.0,False,119,19.8,-2388.3,0.789,36.97,3192.09,-0.75,40.28,29,72
28,0.3,0.7,4.0,2.5,,250.0,250.0,False,127,21.2,-2091.6,0.824,37.8,2895.39,-0.72,40.28,29,72
28,0.3,0.7,4.0,2.5,,300.0,300.0,False,137,22.8,-1856.02,0.854,38.69,2659.81,-0.7,41.67,30,72
28,0.3,0.7,4.5,1.5,1.35,0.0,0.0,True,28,4.7,-572.23,0.734,28.57,1039.42,-0.55,9.72,7,72
28,0.3,0.7,4.5,1.5,1.35,200.0,250.0,True,28,4.7,-572.23,0.734,28.57,1039.42,-0.55,9.72,7,72
28,0.3,0.7,4.5,1.5,1.35,250.0,250.0,True,28,4.7,-572.23,0.734,28.57,1039.42,-0.55,9.72,7,72
28,0.3,0.7,4.5,1.5,1.35,300.0,300.0,True,28,4.7,-572.23,0.734,28.57,1039.42,-0.55,9.72,7,72
28,0.3,0.7,4.5,1.5,1.4,0.0,0.0,True,35,5.8,-1129.94,0.583,22.86,1253.89,-0.9,9.72,7,72
28,0.3,0.7,4.5,1.5,1.4,200.0,250.0,True,34,5.7,-1061.42,0.598,23.53,1253.89,-0.85,9.72,7,72
28,0.3,0.7,4.5,1.5,1.4,250.0,250.0,True,35,5.8,-1129.94,0.583,22.86,1253.89,-0.9,9.72,7,72
28,0.3,0.7,4.5,1.5,1.4,300.0,300.0,True,35,5.8,-1129.94,0.583,22.86,1253.89,-0.9,9.72,7,72
28,0.3,0.7,4.5,1.5,1.45,0.0,0.0,True,45,7.5,-1308.56,0.606,22.22,1378.37,-0.95,12.5,9,72
28,0.3,0.7,4.5,1.5,1.45,200.0,250.0,True,44,7.3,-1240.04,0.619,22.73,1327.35,-0.93,12.5,9,72
28,0.3,0.7,4.5,1.5,1.45,250.0,250.0,True,45,7.5,-1308.56,0.606,22.22,1378.37,-0.95,12.5,9,72
28,0.3,0.7,4.5,1.5,1.45,300.0,300.0,True,45,7.5,-1308.56,0.606,22.22,1378.37,-0.95,12.5,9,72
28,0.3,0.7,4.5,1.5,,0.0,0.0,False,183,30.5,-1462.85,0.889,26.23,2578.86,-0.57,38.89,28,72
28,0.3,0.7,4.5,1.5,,200.0,250.0,False,154,25.7,-1396.02,0.864,24.03,2589.82,-0.54,38.89,28,72
28,0.3,0.7,4.5,1.5,,250.0,250.0,False,158,26.3,-1435.85,0.863,24.05,2405.83,-0.6,37.5,27,72
28,0.3,0.7,4.5,1.5,,300.0,300.0,False,164,27.3,-1604.53,0.855,24.39,2670.75,-0.6,37.5,27,72
28,0.3,0.7,4.5,2.0,1.35,0.0,0.0,True,28,4.7,-975.28,0.646,32.14,1461.54,-0.67,11.11,8,72
28,0.3,0.7,4.5,2.0,1.35,200.0,250.0,True,28,4.7,-975.28,0.646,32.14,1461.54,-0.67,11.11,8,72
28,0.3,0.7,4.5,2.0,1.35,250.0,250.0,True,28,4.7,-975.28,0.646,32.14,1461.54,-0.67,11.11,8,72
28,0.3,0.7,4.5,2.0,1.35,300.0,300.0,True,28,4.7,-975.28,0.646,32.14,1461.54,-0.67,11.11,8,72
28,0.3,0.7,4.5,2.0,1.4,0.0,0.0,True,35,5.8,-1711.68,0.509,25.71,1823.86,-0.94,11.11,8,72
28,0.3,0.7,4.5,2.0,1.4,200.0,250.0,True,34,5.7,-1621.35,0.523,26.47,1823.86,-0.89,11.11,8,72
28,0.3,0.7,4.5,2.0,1.4,250.0,250.0,True,35,5.8,-1711.68,0.509,25.71,1823.86,-0.94,11.11,8,72
28,0.3,0.7,4.5,2.0,1.4,300.0,300.0,True,35,5.8,-1711.68,0.509,25.71,1823.86,-0.94,11.11,8,72
28,0.3,0.7,4.5,2.0,1.45,0.0,0.0,True,43,7.2,-1871.33,0.545,25.58,2019.33,-0.93,13.89,10,72
28,0.3,0.7,4.5,2.0,1.45,200.0,250.0,True,42,7.0,-1781.0,0.557,26.19,1929.0,-0.92,13.89,10,72
28,0.3,0.7,4.5,2.0,1.45,250.0,250.0,True,43,7.2,-1871.33,0.545,25.58,2019.33,-0.93,13.89,10,72
28,0.3,0.7,4.5,2.0,1.45,300.0,300.0,True,43,7.2,-1871.33,0.545,25.58,2019.33,-0.93,13.89,10,72
28,0.3,0.7,4.5,2.0,,0.0,0.0,False,171,28.5,-1630.07,0.894,32.16,3598.78,-0.45,41.67,30,72
28,0.3,0.7,4.5,2.0,,200.0,250.0,False,135,22.5,-1836.73,0.835,29.63,3275.0,-0.56,40.28,29,72
28,0.3,0.7,4.5,2.0,,250.0,250.0,False,140,23.3,-1752.91,0.847,30.0,3091.01,-0.57,38.89,28,72
28,0.3,0.7,4.5,2.0,,300.0,300.0,False,149,24.8,-940.89,0.921,31.54,3428.35,-0.27,40.28,29,72
28,0.3,0.7,4.5,2.5,1.35,0.0,0.0,True,28,4.7,-1648.76,0.519,32.14,1951.11,-0.85,11.11,8,72
28,0.3,0.7,4.5,2.5,1.35,200.0,250.0,True,28,4.7,-1648.76,0.519,32.14,1951.11,-0.85,11.11,8,72
28,0.3,0.7,4.5,2.5,1.35,250.0,250.0,True,28,4.7,-1648.76,0.519,32.14,1951.11,-0.85,11.11,8,72
28,0.3,0.7,4.5,2.5,1.35,300.0,300.0,True,28,4.7,-1648.76,0.519,32.14,1951.11,-0.85,11.11,8,72
28,0.3,0.7,4.5,2.5,1.4,0.0,0.0,True,35,5.8,-2258.51,0.466,28.57,2401.68,-0.94,11.11,8,72
28,0.3,0.7,4.5,2.5,1.4,200.0,250.0,True,34,5.7,-2451.68,0.42,26.47,2401.68,-1.02,11.11,8,72
28,0.3,0.7,4.5,2.5,1.4,250.0,250.0,True,35,5.8,-2258.51,0.466,28.57,2401.68,-0.94,11.11,8,72
28,0.3,0.7,4.5,2.5,1.4,300.0,300.0,True,35,5.8,-2258.51,0.466,28.57,2401.68,-0.94,11.11,8,72
28,0.3,0.7,4.5,2.5,1.45,0.0,0.0,True,42,7.0,-2024.22,0.572,30.95,2172.22,-0.93,15.28,11,72
28,0.3,0.7,4.5,2.5,1.45,200.0,250.0,True,41,6.8,-2217.39,0.531,29.27,2365.39,-0.94,15.28,11,72
28,0.3,0.7,4.5,2.5,1.45,250.0,250.0,True,42,7.0,-2024.22,0.572,30.95,2172.22,-0.93,15.28,11,72
28,0.3,0.7,4.5,2.5,1.45,300.0,300.0,True,42,7.0,-2024.22,0.572,30.95,2172.22,-0.93,15.28,11,72
28,0.3,0.7,4.5,2.5,,0.0,0.0,False,161,26.8,-3289.43,0.811,34.78,4852.52,-0.68,36.11,26,72
28,0.3,0.7,4.5,2.5,,200.0,250.0,False,121,20.2,-2730.62,0.772,33.06,3702.04,-0.74,37.5,27,72
28,0.3,0.7,4.5,2.5,,250.0,250.0,False,124,20.7,-2790.0,0.772,33.06,3761.42,-0.74,36.11,26,72
28,0.3,0.7,4.5,2.5,,300.0,300.0,False,136,22.7,-2527.09,0.811,33.82,3540.32,-0.71,37.5,27,72
28,0.3,0.7,5.0,1.5,1.35,0.0,0.0,True,28,4.7,-394.19,0.817,28.57,1039.42,-0.38,9.72,7,72
28,0.3,0.7,5.0,1.5,1.35,200.0,250.0,True,28,4.7,-394.19,0.817,28.57,1039.42,-0.38,9.72,7,72
28,0.3,0.7,5.0,1.5,1.35,250.0,250.0,True,28,4.7,-394.19,0.817,28.57,1039.42,-0.38,9.72,7,72
28,0.3,0.7,5.0,1.5,1.35,300.0,300.0,True,28,4.7,-394.19,0.817,28.57,1039.42,-0.38,9.72,7,72
28,0.3,0.7,5.0,1.5,1.4,0.0,0.0,True,35,5.8,-951.9,0.648,22.86,1253.89,-0.76,9.72,7,72
28,0.3,0.7,5.0,1.5,1.4,200.0,250.0,True,34,5.7,-883.38,0.665,23.53,1253.89,-0.7,9.72,7,72
28,0.3,0.7,5.0,1.5,1.4,250.0,250.0,True,35,5.8,-951.9,0.648,22.86,1253.89,-0.76,9.72,7,72
28,0.3,0.7,5.0,1.5,1.4,300.0,300.0,True,35,5.8,-951.9,0.648,22.86,1253.89,-0.76,9.72,7,72
28,0.3,0.7,5.0,1.5,1.45,0.0,0.0,True,45,7.5,-1081.2,0.675,22.22,1327.35,-0.81,12.5,9,72
28,0.3,0.7,5.0,1.5,1.45,200.0,250.0,True,44,7.3,-1012.68,0.689,22.73,1327.35,-0.76,12.5,9,72
28,0.3,0.7,5.0,1.5,1.45,250.0,250.0,True,45,7.5,-1081.2,0.675,22.22,1327.35,-0.81,12.5,9,72
28,0.3,0.7,5.0,1.5,1.45,300.0,300.0,True,45,7.5,-1081.2,0.675,22.22,1327.35,-0.81,12.5,9,72
28,0.3,0.7,5.0,1.5,,0.0,0.0,False,182,30.3,-1189.09,0.911,24.73,2813.81,-0.42,41.67,30,72
28,0.3,0.7,5.0,1.5,,200.0,250.0,False,154,25.7,-857.33,0.918,23.38,3054.16,-0.28,40.28,29,72
28,0.3,0.7,5.0,1.5,,250.0,250.0,False,159,26.5,-1193.3,0.889,22.64,3054.16,-0.39,40.28,29,72
28,0.3,0.7,5.0,1.5,,300.0,300.0,False,164,27.3,-934.46,0.916,23.78,2926.49,-0.32,40.28,29,72
28,0.3,0.7,5.0,2.0,1.35,0.0,0.0,True,28,4.7,-774.7,0.719,32.14,1401.88,-0.55,11.11,8,72
28,0.3,0.7,5.0,2.0,1.35,200.0,250.0,True,28,4.7,-774.7,0.719,32.14,1401.88,-0.55,11.11,8,72
28,0.3,0.7,5.0,2.0,1.35,250.0,250.0,True,28,4.7,-774.7,0.719,32.14,1401.88,-0.55,11.11,8,72
28,0.3,0.7,5.0,2.0,1.35,300.0,300.0,True,28,4.7,-774.7,0.719,32.14,1401.88,-0.55,11.11,8,72
28,0.3,0.7,5.0,2.0,1.4,0.0,0.0,True,35,5.8,-1511.1,0.567,25.71,1764.2,-0.86,11.11,8,72
28,0.3,0.7,5.0,2.0,1.4,200.0,250.0,True,34,5.7,-1420.77,0.582,26.47,1764.2,-0.81,11.11,8,72
28,0.3,0.7,5.0,2.0,1.4,250.0,250.0,True,35,5.8,-1511.1,0.567,25.71,1764.2,-0.86,11.11,8,72
28,0.3,0.7,5.0,2.0,1.4,300.0,300.0,True,35,5.8,-1511.1,0.567,25.71,1764.2,-0.86,11.11,8,72
28,0.3,0.7,5.0,2.0,1.45,0.0,0.0,True,43,7.2,-1618.68,0.606,25.58,1783.47,-0.91,13.89,10,72
28,0.3,0.7,5.0,2.0,1.45,200.0,250.0,True,42,7.0,-1528.35,0.62,26.19,1747.73,-0.87,13.89,10,72
28,0.3,0.7,5.0,2.0,1.45,250.0,250.0,True,43,7.2,-1618.68,0.606,25.58,1783.47,-0.91,13.89,10,72
28,0.3,0.7,5.0,2.0,1.45,300.0,300.0,True,43,7.2,-1618.68,0.606,25.58,1783.47,-0.91,13.89,10,72
28,0.3,0.7,5.0,2.0,,0.0,0.0,False,170,28.3,-1713.8,0.891,29.41,3880.25,-0.44,38.89,28,72
28,0.3,0.7,5.0,2.0,,200.0,250.0,False,134,22.3,-2201.7,0.81,26.12,3726.42,-0.59,37.5,27,72
28,0.3,0.7,5.0,2.0,,250.0,250.0,False,140,23.3,-1935.37,0.837,27.14,3726.42,-0.52,36.11,26,72
28,0.3,0.7,5.0,2.0,,300.0,300.0,False,148,24.7,-965.54,0.921,29.05,3730.61,-0.26,37.5,27,72
28,0.3,0.7,5.0,2.5,1.35,0.0,0.0,True,28,4.7,-1448.18,0.577,32.14,1891.45,-0.77,11.11,8,72
28,0.3,0.7,5.0,2.5,1.35,200.0,250.0,True,28,4.7,-1448.18,0.577,32.14,1891.45,-0.77,11.11,8,72
28,0.3,0.7,5.0,2.5,1.35,250.0,250.0,True,28,4.7,-1448.18,0.577,32.14,1891.45,-0.77,11.11,8,72
28,0.3,0.7,5.0,2.5,1.35,300.0,300.0,True,28,4.7,-1448.18,0.577,32.14,1891.45,-0.77,11.11,8,72
28,0.3,0.7,5.0,2.5,1.4,0.0,0.0,True,35,5.8,-2036.13,0.519,28.57,2342.02,-0.87,11.11,8,72
28,0.3,0.7,5.0,2.5,1.4,200.0,250.0,True,34,5.7,-2251.1,0.468,26.47,2342.02,-0.96,11.11,8,72
28,0.3,0.7,5.0,2.5,1.4,250.0,250.0,True,35,5.8,-2036.13,0.519,28.57,2342.02,-0.87,11.11,8,72
28,0.3,0.7,5.0,2.5,1.4,300.0,300.0,True,35,5.8,-2036.13,0.519,28.57,2342.02,-0.87,11.11,8,72
28,0.3,0.7,5.0,2.5,1.45,0.0,0.0,True,42,7.0,-1718.93,0.637,30.95,2045.05,-0.84,15.28,11,72
28,0.3,0.7,5.0,2.5,1.45,200.0,250.0,True,41,6.8,-1933.9,0.591,29.27,2098.69,-0.92,15.28,11,72
28,0.3,0.7,5.0,2.5,1.45,250.0,250.0,True,42,7.0,-1718.93,0.637,30.95,2045.05,-0.84,15.28,11,72
28,0.3,0.7,5.0,2.5,1.45,300.0,300.0,True,42,7.0,-1718.93,0.637,30.95,2045.05,-0.84,15.28,11,72
28,0.3,0.7,5.0,2.5,,0.0,0.0,False,160,26.7,-2877.16,0.838,33.12,4630.86,-0.62,41.67,30,72
28,0.3,0.7,5.0,2.5,,200.0,250.0,False,118,19.7,-2691.95,0.778,30.51,4025.17,-0.67,38.89,28,72
28,0.3,0.7,5.0,2.5,,250.0,250.0,False,124,20.7,-2547.21,0.797,31.45,4025.17,-0.63,38.89,28,72
28,0.3,0.7,5.0,2.5,,300.0,300.0,False,135,22.5,-2023.33,0.85,32.59,3820.39,-0.53,40.28,29,72
28,0.35,0.65,3.5,1.5,1.35,0.0,0.0,True,85,14.2,-2195.55,0.654,25.88,2292.03,-0.96,22.22,16,72
28,0.35,0.65,3.5,1.5,1.35,200.0,250.0,True,79,13.2,-1704.85,0.695,26.58,1801.33,-0.95,23.61,17,72
28,0.35,0.65,3.5,1.5,1.35,250.0,250.0,True,81,13.5,-1898.06,0.672,25.93,1994.54,-0.95,23.61,17,72
28,0.35,0.65,3.5,1.5,1.35,300.0,300.0,True,81,13.5,-1898.06,0.672,25.93,1994.54,-0.95,23.61,17,72
28,0.35,0.65,3.5,1.5,1.4,0.0,0.0,True,87,14.5,-2363.24,0.637,25.29,2459.72,-0.96,22.22,16,72
28,0.35,0.65,3.5,1.5,1.4,200.0,250.0,True,81,13.5,-1872.54,0.675,25.93,1969.02,-0.95,23.61,17,72
28,0.35,0.65,3.5,1.5,1.4,250.0,250.0,True,83,13.8,-2065.75,0.653,25.3,2162.23,-0.96,23.61,17,72
28,0.35,0.65,3.5,1.5,1.4,300.0,300.0,True,83,13.8,-2065.75,0.653,25.3,2162.23,-0.96,23.61,17,72
28,0.35,0.65,3.5,1.5,1.45,0.0,0.0,True,95,15.8,-2850.57,0.603,24.21,2947.05,-0.97,22.22,16,72
28,0.35,0.65,3.5,1.5,1.45,200.0,250.0,True,88,14.7,-2198.09,0.65,25.0,2294.57,-0.96,23.61,17,72
28,0.35,0.65,3.5,1.5,1.45,250.0,250.0,True,90,15.0,-2391.3,0.63,24.44,2487.78,-0.96,23.61,17,72
28,0.35,0.65,3.5,1.5,1.45,300.0,300.0,True,90,15.0,-2391.3,0.63,24.44,2487.78,-0.96,23.61,17,72
28,0.35,0.65,3.5,1.5,,0.0,0.0,False,349,58.2,-4002.49,0.833,29.23,4510.55,-0.89,51.39,37,72
28,0.35,0.65,3.5,1.5,,200.0,250.0,False,234,39.0,158.82,1.012,32.48,1291.95,0.12,55.56,40,72
28,0.35,0.65,3.5,1.5,,250.0,250.0,False,258,43.0,-646.08,0.957,31.01,2402.13,-0.27,51.39,37,72
28,0.35,0.65,3.5,1.5,,300.0,300.0,False,271,45.2,-1701.36,0.896,29.89,2704.33,-0.63,51.39,37,72
28,0.35,0.65,3.5,2.0,1.35,0.0,0.0,True,85,14.2,-1791.55,0.76,34.12,2311.87,-0.77,29.17,21,72
28,0.35,0.65,3.5,2.0,1.35,200.0,250.0,True,77,12.8,-446.01,0.924,36.36,1360.02,-0.33,31.94,23,72
28,0.35,0.65,3.5,2.0,1.35,250.0,250.0,True,79,13.2,-701.55,0.885,35.44,1360.02,-0.52,31.94,23,72
28,0.35,0.65,3.5,2.0,1.35,300.0,300.0,True,80,13.3,-1016.28,0.842,35.0,1674.75,-0.61,31.94,23,72
28,0.35,0.65,3.5,2.0,1.4,0.0,0.0,True,87,14.5,-2013.08,0.738,33.33,2311.87,-0.87,29.17,21,72
28,0.35,0.65,3.5,2.0,1.4,200.0,250.0,True,79,13.2,-667.54,0.89,35.44,1365.03,-0.49,31.94,23,72
28,0.35,0.65,3.5,2.0,1.4,250.0,250.0,True,81,13.5,-923.08,0.855,34.57,1415.53,-0.65,31.94,23,72
28,0.35,0.65,3.5,2.0,1.4,300.0,300.0,True,82,13.7,-1237.81,0.814,34.15,1730.26,-0.72,31.94,23,72
28,0.35,0.65,3.5,2.0,1.45,0.0,0.0,True,95,15.8,-2719.45,0.683,31.58,2815.93,-0.97,29.17,21,72
28,0.35,0.65,3.5,2.0,1.45,200.0,250.0,True,86,14.3,-1159.24,0.829,33.72,1651.69,-0.7,31.94,23,72
28,0.35,0.65,3.5,2.0,1.45,250.0,250.0,True,88,14.7,-1414.78,0.799,32.95,1907.23,-0.74,31.94,23,72
28,0.35,0.65,3.5,2.0,1.45,300.0,300.0,True,89,14.8,-1729.51,0.764,32.58,2221.96,-0.78,31.94,23,72
28,0.35,0.65,3.5,2.0,,0.0,0.0,False,325,54.2,-3078.79,0.885,37.23,5750.89,-0.54,54.17,39,72
28,0.35,0.65,3.5,2.0,,200.0,250.0,False,206,34.3,847.83,1.061,39.81,1427.19,0.59,58.33,42,72
28,0.35,0.65,3.5,2.0,,250.0,250.0,False,231,38.5,-64.61,0.996,38.1,2292.95,-0.03,52.78,38,72
28,0.35,0.65,3.5,2.0,,300.0,300.0,False,252,42.0,771.5,1.045,39.68,2429.32,0.32,55.56,40,72
28,0.35,0.65,3.5,2.5,1.35,0.0,0.0,True,82,13.7,-719.36,0.906,41.46,2442.11,-0.29,34.72,25,72
28,0.35,0.65,3.5,2.5,1.35,200.0,250.0,True,72,12.0,-540.66,0.916,41.67,1779.73,-0.3,34.72,25,72
28,0.35,0.65,3.5,2.5,1.35,250.0,250.0,True,74,12.3,-858.55,0.872,40.54,1779.73,-0.48,34.72,25,72
28,0.35,0.65,3.5,2.5,1.35,300.0,300.0,True,77,12.8,-730.29,0.894,41.56,1779.73,-0.41,34.72,25,72
28,0.35,0.65,3.5,2.5,1.4,0.0,0.0,True,84,14.0,-994.72,0.874,40.48,2442.11,-0.41,34.72,25,72
28,0.35,0.65,3.5,2.5,1.4,200.0,250.0,True,74,12.3,-816.02,0.878,40.54,1807.64,-0.45,34.72,25,72
28,0.35,0.65,3.5,2.5,1.4,250.0,250.0,True,76,12.7,-1133.91,0.838,39.47,1807.64,-0.63,34.72,25,72
28,0.35,0.65,3.5,2.5,1.4,300.0,300.0,True,79,13.2,-1005.65,0.859,40.51,1902.81,-0.53,34.72,25,72
28,0.35,0.65,3.5,2.5,1.45,0.0,0.0,True,91,15.2,-1640.54,0.814,38.46,2764.69,-0.59,34.72,25,72
28,0.35,0.65,3.5,2.5,1.45,200.0,250.0,True,79,13.2,-1084.42,0.85,39.24,1887.54,-0.57,36.11,26,72
28,0.35,0.65,3.5,2.5,1.45,250.0,250.0,True,80,13.3,-1201.15,0.837,38.75,1887.54,-0.64,36.11,26,72
28,0.35,0.65,3.5,2.5,1.45,300.0,300.0,True,84,14.0,-1159.99,0.847,39.29,2069.81,-0.56,36.11,26,72
28,0.35,0.65,3.5,2.5,,0.0,0.0,False,303,50.5,-1892.8,0.933,42.9,6649.21,-0.28,52.78,38,72
28,0.35,0.65,3.5,2.5,,200.0,250.0,False,186,31.0,-412.08,0.972,43.55,2267.1,-0.18,52.78,38,72
28,0.35,0.65,3.5,2.5,,250.0,250.0,False,207,34.5,-1198.02,0.928,42.03,2750.1,-0.44,45.83,33,72
28,0.35,0.65,3.5,2.5,,300.0,300.0,False,232,38.7,1293.75,1.073,45.26,2403.79,0.54,51.39,37,72
28,0.35,0.65,4.0,1.5,1.35,0.0,0.0,True,85,14.2,-2106.92,0.675,24.71,2217.63,-0.95,25.0,18,72
28,0.35,0.65,4.0,1.5,1.35,200.0,250.0,True,79,13.2,-1238.67,0.779,26.58,1525.2,-0.81,25.0,18,72
28,0.35,0.65,4.0,1.5,1.35,250.0,250.0,True,81,13.5,-1429.68,0.754,25.93,1540.39,-0.93,25.0,18,72
28,0.35,0.65,4.0,1.5,1.35,300.0,300.0,True,82,13.7,-1551.61,0.738,25.61,1662.32,-0.93,25.0,18,72
28,0.35,0.65,4.0,1.5,1.4,0.0,0.0,True,87,14.5,-2274.61,0.658,24.14,2385.32,-0.95,25.0,18,72
28,0.35,0.65,4.0,1.5,1.4,200.0,250.0,True,81,13.5,-1406.36,0.757,25.93,1525.2,-0.92,25.0,18,72
28,0.35,0.65,4.0,1.5,1.4,250.0,250.0,True,83,13.8,-1597.37,0.732,25.3,1708.08,-0.94,25.0,18,72
28,0.35,0.65,4.0,1.5,1.4,300.0,300.0,True,84,14.0,-1719.3,0.718,25.0,1830.01,-0.94,25.0,18,72
28,0.35,0.65,4.0,1.5,1.45,0.0,0.0,True,95,15.8,-2734.14,0.627,23.16,2844.85,-0.96,23.61,17,72
28,0.35,0.65,4.0,1.5,1.45,200.0,250.0,True,88,14.7,-1704.11,0.729,25.0,1814.82,-0.94,25.0,18,72
28,0.35,0.65,4.0,1.5,1.45,250.0,250.0,True,90,15.0,-1895.12,0.708,24.44,2005.83,-0.94,25.0,18,72
28,0.35,0.65,4.0,1.5,1.45,300.0,300.0,True,91,15.2,-2017.05,0.695,24.18,2127.76,-0.95,25.0,18,72
28,0.35,0.65,4.0,1.5,,0.0,0.0,False,346,57.7,-5181.36,0.792,25.43,5934.88,-0.87,47.22,34,72
28,0.35,0.65,4.0,1.5,,200.0,250.0,False,236,39.3,-407.64,0.972,28.39,2090.49,-0.19,51.39,37,72
28,0.35,0.65,4.0,1.5,,250.0,250.0,False,257,42.8,-1691.89,0.894,26.85,2886.94,-0.59,47.22,34,72
28,0.35,0.65,4.0,1.5,,300.0,300.0,False,274,45.7,-2773.59,0.842,25.91,3701.18,-0.75,47.22,34,72
28,0.35,0.65,4.0,2.0,1.35,0.0,0.0,True,85,14.2,-1526.72,0.801,32.94,2206.21,-0.69,30.56,22,72
28,0.35,0.65,4.0,2.0,1.35,200.0,250.0,True,77,12.8,-107.83,0.982,35.06,1311.37,-0.08,31.94,23,72
28,0.35,0.65,4.0,2.0,1.35,250.0,250.0,True,79,13.2,-17.36,0.997,35.44,1311.37,-0.01,33.33,24,72
28,0.35,0.65,4.0,2.0,1.35,300.0,300.0,True,81,13.5,-493.63,0.926,34.57,1626.1,-0.3,33.33,24,72
28,0.35,0.65,4.0,2.0,1.4,0.0,0.0,True,87,14.5,-1748.25,0.778,32.18,2244.31,-0.78,30.56,22,72
28,0.35,0.65,4.0,2.0,1.4,200.0,250.0,True,79,13.2,-329.36,0.947,34.18,1349.47,-0.24,31.94,23,72
28,0.35,0.65,4.0,2.0,1.4,250.0,250.0,True,81,13.5,-238.89,0.963,34.57,1349.47,-0.18,33.33,24,72
28,0.35,0.65,4.0,2.0,1.4,300.0,300.0,True,83,13.8,-715.16,0.896,33.73,1664.2,-0.43,33.33,24,72
28,0.35,0.65,4.0,2.0,1.45,0.0,0.0,True,95,15.8,-2426.82,0.724,30.53,2537.53,-0.96,30.56,22,72
28,0.35,0.65,4.0,2.0,1.45,200.0,250.0,True,86,14.3,-789.89,0.885,32.56,1422.59,-0.56,31.94,23,72
28,0.35,0.65,4.0,2.0,1.45,250.0,250.0,True,88,14.7,-702.79,0.9,32.95,1422.59,-0.49,33.33,24,72
28,0.35,0.65,4.0,2.0,1.45,300.0,300.0,True,90,15.0,-1179.06,0.843,32.22,1742.75,-0.68,33.33,24,72
28,0.35,0.65,4.0,2.0,,0.0,0.0,False,319,53.2,-3742.03,0.866,33.54,5664.74,-0.66,50.0,36,72
28,0.35,0.65,4.0,2.0,,200.0,250.0,False,206,34.3,-743.06,0.951,33.98,2086.81,-0.36,54.17,39,72
28,0.35,0.65,4.0,2.0,,250.0,250.0,False,223,37.2,-986.02,0.94,34.08,2351.47,-0.42,51.39,37,72
28,0.35,0.65,4.0,2.0,,300.0,300.0,False,247,41.2,-505.75,0.972,35.22,2580.54,-0.2,50.0,36,72
28,0.35,0.65,4.0,2.5,1.35,0.0,0.0,True,81,13.5,-1081.72,0.866,37.04,2404.19,-0.45,33.33,24,72
28,0.35,0.65,4.0,2.5,1.35,200.0,250.0,True,73,12.2,-868.45,0.874,36.99,1731.08,-0.5,31.94,23,72
28,0.35,0.65,4.0,2.5,1.35,250.0,250.0,True,75,12.5,-816.85,0.885,37.33,1731.08,-0.47,33.33,24,72
28,0.35,0.65,4.0,2.5,1.35,300.0,300.0,True,78,13.0,-1001.58,0.865,37.18,1741.81,-0.58,33.33,24,72
28,0.35,0.65,4.0,2.5,1.4,0.0,0.0,True,83,13.8,-1357.08,0.838,36.14,2551.31,-0.53,33.33,24,72
28,0.35,0.65,4.0,2.5,1.4,200.0,250.0,True,75,12.5,-1143.81,0.84,36.0,1840.97,-0.62,31.94,23,72
28,0.35,0.65,4.0,2.5,1.4,250.0,250.0,True,77,12.8,-1092.21,0.852,36.36,1840.97,-0.59,33.33,24,72
28,0.35,0.65,4.0,2.5,1.4,300.0,300.0,True,80,13.3,-1276.94,0.834,36.25,1888.93,-0.68,33.33,24,72
28,0.35,0.65,4.0,2.5,1.45,0.0,0.0,True,90,15.0,-1963.56,0.789,34.44,3109.49,-0.63,33.33,24,72
28,0.35,0.65,4.0,2.5,1.45,200.0,250.0,True,80,13.3,-1369.5,0.822,35.0,1933.19,-0.71,33.33,24,72
28,0.35,0.65,4.0,2.5,1.45,250.0,250.0,True,82,13.7,-1321.27,0.833,35.37,1892.65,-0.7,34.72,25,72
28,0.35,0.65,4.0,2.5,1.45,300.0,300.0,True,85,14.2,-1391.94,0.829,35.29,2027.71,-0.69,34.72,25,72
28,0.35,0.65,4.0,2.5,,0.0,0.0,False,295,49.2,-2883.43,0.902,38.64,6563.06,-0.44,48.61,35,72
28,0.35,0.65,4.0,2.5,,200.0,250.0,False,179,29.8,-1470.91,0.905,37.99,2757.11,-0.53,50.0,36,72
28,0.35,0.65,4.0,2.5,,250.0,250.0,False,193,32.2,-2113.48,0.875,37.31,3321.78,-0.64,45.83,33,72
28,0.35,0.65,4.0,2.5,,300.0,300.0,False,219,36.5,-1042.14,0.945,38.81,3670.47,-0.28,48.61,35,72
28,0.35,0.65,4.5,1.5,1.35,0.0,0.0,True,85,14.2,-1853.66,0.717,23.53,2031.86,-0.91,23.61,17,72
28,0.35,0.65,4.5,1.5,1.35,200.0,250.0,True,78,13.0,-1203.16,0.789,24.36,1476.55,-0.81,23.61,17,72
28,0.35,0.65,4.5,1.5,1.35,250.0,250.0,True,80,13.3,-1105.14,0.81,25.0,1476.55,-0.75,23.61,17,72
28,0.35,0.65,4.5,1.5,1.35,300.0,300.0,True,82,13.7,-1298.35,0.784,24.39,1476.55,-0.88,23.61,17,72
28,0.35,0.65,4.5,1.5,1.4,0.0,0.0,True,87,14.5,-2021.35,0.699,22.99,2146.28,-0.94,23.61,17,72
28,0.35,0.65,4.5,1.5,1.4,200.0,250.0,True,80,13.3,-1370.85,0.766,23.75,1520.86,-0.9,23.61,17,72
28,0.35,0.65,4.5,1.5,1.4,250.0,250.0,True,82,13.7,-1272.83,0.787,24.39,1476.55,-0.86,23.61,17,72
28,0.35,0.65,4.5,1.5,1.4,300.0,300.0,True,84,14.0,-1466.04,0.762,23.81,1590.97,-0.92,23.61,17,72
28,0.35,0.65,4.5,1.5,1.45,0.0,0.0,True,95,15.8,-2453.07,0.669,22.11,2578.0,-0.95,22.22,16,72
28,0.35,0.65,4.5,1.5,1.45,200.0,250.0,True,86,14.3,-1559.01,0.752,23.26,1683.94,-0.93,23.61,17,72
28,0.35,0.65,4.5,1.5,1.45,250.0,250.0,True,89,14.8,-1542.77,0.762,23.6,1667.7,-0.93,23.61,17,72
28,0.35,0.65,4.5,1.5,1.45,300.0,300.0,True,91,15.2,-1735.98,0.74,23.08,1860.91,-0.93,23.61,17,72
28,0.35,0.65,4.5,1.5,,0.0,0.0,False,343,57.2,-5278.89,0.792,23.62,6196.43,-0.85,43.06,31,72
28,0.35,0.65,4.5,1.5,,200.0,250.0,False,225,37.5,-206.44,0.985,26.67,2224.46,-0.09,50.0,36,72
28,0.35,0.65,4.5,1.5,,250.0,250.0,False,239,39.8,-930.76,0.939,26.36,2698.67,-0.34,45.83,33,72
28,0.35,0.65,4.5,1.5,,300.0,300.0,False,266,44.3,-2664.23,0.847,24.44,3388.9,-0.79,43.06,31,72
28,0.35,0.65,4.5,2.0,1.35,0.0,0.0,True,85,14.2,-1449.62,0.816,30.59,2151.36,-0.67,29.17,21,72
28,0.35,0.65,4.5,2.0,1.35,200.0,250.0,True,75,12.5,170.08,1.028,33.33,1450.0,0.12,31.94,23,72
28,0.35,0.65,4.5,2.0,1.35,250.0,250.0,True,78,13.0,153.74,1.024,33.33,1313.53,0.12,31.94,23,72
28,0.35,0.65,4.5,2.0,1.35,300.0,300.0,True,81,13.5,-416.53,0.939,32.1,1628.26,-0.26,31.94,23,72
28,0.35,0.65,4.5,2.0,1.4,0.0,0.0,True,87,14.5,-1671.15,0.794,29.89,2269.68,-0.74,29.17,21,72
28,0.35,0.65,4.5,2.0,1.4,200.0,250.0,True,77,12.8,-51.45,0.992,32.47,1568.32,-0.03,31.94,23,72
28,0.35,0.65,4.5,2.0,1.4,250.0,250.0,True,80,13.3,-67.79,0.99,32.5,1431.85,-0.05,31.94,23,72
28,0.35,0.65,4.5,2.0,1.4,300.0,300.0,True,83,13.8,-638.06,0.91,31.33,1746.58,-0.37,31.94,23,72
28,0.35,0.65,4.5,2.0,1.45,0.0,0.0,True,95,15.8,-2321.91,0.742,28.42,2524.46,-0.92,29.17,21,72
28,0.35,0.65,4.5,2.0,1.45,200.0,250.0,True,83,13.8,-379.53,0.945,31.33,1608.43,-0.24,31.94,23,72
28,0.35,0.65,4.5,2.0,1.45,250.0,250.0,True,87,14.5,-503.88,0.93,31.03,1471.96,-0.34,31.94,23,72
28,0.35,0.65,4.5,2.0,1.45,300.0,300.0,True,90,15.0,-1074.15,0.861,30.0,1786.69,-0.6,31.94,23,72
28,0.35,0.65,4.5,2.0,,0.0,0.0,False,313,52.2,-4824.17,0.832,30.35,6852.29,-0.7,44.44,32,72
28,0.35,0.65,4.5,2.0,,200.0,250.0,False,201,33.5,-1127.3,0.926,31.34,2239.39,-0.5,48.61,35,72
28,0.35,0.65,4.5,2.0,,250.0,250.0,False,215,35.8,-1585.5,0.905,31.63,2456.43,-0.65,47.22,34,72
28,0.35,0.65,4.5,2.0,,300.0,300.0,False,237,39.5,-2342.51,0.875,31.22,3133.07,-0.75,43.06,31,72
28,0.35,0.65,4.5,2.5,1.35,0.0,0.0,True,81,13.5,-1472.11,0.828,33.33,2762.44,-0.53,29.17,21,72
28,0.35,0.65,4.5,2.5,1.35,200.0,250.0,True,73,12.2,-1021.68,0.859,34.25,1857.64,-0.55,29.17,21,72
28,0.35,0.65,4.5,2.5,1.35,250.0,250.0,True,75,12.5,-1001.41,0.865,34.67,1777.37,-0.56,29.17,21,72
28,0.35,0.65,4.5,2.5,1.35,300.0,300.0,True,78,13.0,-1465.14,0.815,33.33,2100.06,-0.7,29.17,21,72
28,0.35,0.65,4.5,2.5,1.4,0.0,0.0,True,83,13.8,-1747.47,0.802,32.53,3037.8,-0.58,29.17,21,72
28,0.35,0.65,4.5,2.5,1.4,200.0,250.0,True,75,12.5,-1297.04,0.827,33.33,2004.76,-0.65,29.17,21,72
28,0.35,0.65,4.5,2.5,1.4,250.0,250.0,True,77,12.8,-1276.77,0.834,33.77,1924.49,-0.66,29.17,21,72
28,0.35,0.65,4.5,2.5,1.4,300.0,300.0,True,80,13.3,-1740.5,0.787,32.5,2375.42,-0.73,29.17,21,72
28,0.35,0.65,4.5,2.5,1.45,0.0,0.0,True,90,15.0,-2314.58,0.763,31.11,3604.91,-0.64,29.17,21,72
28,0.35,0.65,4.5,2.5,1.45,200.0,250.0,True,79,13.2,-1352.49,0.829,32.91,2028.21,-0.67,30.56,22,72
28,0.35,0.65,4.5,2.5,1.45,250.0,250.0,True,82,13.7,-1466.46,0.822,32.93,2101.38,-0.7,30.56,22,72
28,0.35,0.65,4.5,2.5,1.45,300.0,300.0,True,85,14.2,-1816.13,0.789,31.76,2451.05,-0.74,30.56,22,72
28,0.35,0.65,4.5,2.5,,0.0,0.0,False,287,47.8,-3815.67,0.874,35.19,7936.18,-0.48,47.22,34,72
28,0.35,0.65,4.5,2.5,,200.0,250.0,False,168,28.0,-2235.49,0.854,34.52,3480.63,-0.64,47.22,34,72
28,0.35,0.65,4.5,2.5,,250.0,250.0,False,183,30.5,-3174.29,0.815,34.43,4203.37,-0.76,44.44,32,72
28,0.35,0.65,4.5,2.5,,300.0,300.0,False,207,34.5,-2970.45,0.847,34.78,4980.87,-0.6,45.83,33,72
28,0.35,0.65,5.0,1.5,1.35,0.0,0.0,True,85,14.2,-1956.56,0.708,22.35,2615.66,-0.75,22.22,16,72
28,0.35,0.65,5.0,1.5,1.35,200.0,250.0,True,77,12.8,-1494.71,0.744,22.08,2223.43,-0.67,22.22,16,72
28,0.35,0.65,5.0,1.5,1.35,250.0,250.0,True,80,13.3,-1251.39,0.791,23.75,2223.43,-0.56,22.22,16,72
28,0.35,0.65,5.0,1.5,1.35,300.0,300.0,True,81,13.5,-1371.12,0.776,23.46,2223.43,-0.62,22.22,16,72
28,0.35,0.65,5.0,1.5,1.4,0.0,0.0,True,87,14.5,-2124.25,0.691,21.84,2615.66,-0.81,22.22,16,72
28,0.35,0.65,5.0,1.5,1.4,200.0,250.0,True,79,13.2,-1662.4,0.723,21.52,2223.43,-0.75,22.22,16,72
28,0.35,0.65,5.0,1.5,1.4,250.0,250.0,True,82,13.7,-1419.08,0.77,23.17,2223.43,-0.64,22.22,16,72
28,0.35,0.65,5.0,1.5,1.4,300.0,300.0,True,83,13.8,-1538.81,0.755,22.89,2223.43,-0.69,22.22,16,72
28,0.35,0.65,5.0,1.5,1.45,0.0,0.0,True,95,15.8,-2528.17,0.665,21.05,2777.44,-0.91,23.61,17,72
28,0.35,0.65,5.0,1.5,1.45,200.0,250.0,True,85,14.2,-1821.46,0.717,21.18,2222.13,-0.82,23.61,17,72
28,0.35,0.65,5.0,1.5,1.45,250.0,250.0,True,89,14.8,-1659.92,0.752,22.47,2222.13,-0.75,23.61,17,72
28,0.35,0.65,5.0,1.5,1.45,300.0,300.0,True,90,15.0,-1779.65,0.738,22.22,2222.13,-0.8,23.61,17,72
28,0.35,0.65,5.0,1.5,,0.0,0.0,False,343,57.2,-5284.94,0.796,22.16,6623.57,-0.8,41.67,30,72
28,0.35,0.65,5.0,1.5,,200.0,250.0,False,221,36.8,-281.82,0.98,25.34,2314.54,-0.12,48.61,35,72
28,0.35,0.65,5.0,1.5,,250.0,250.0,False,234,39.0,-982.68,0.936,24.79,2314.54,-0.42,45.83,33,72
28,0.35,0.65,5.0,1.5,,300.0,300.0,False,267,44.5,-3144.86,0.826,22.85,3952.82,-0.8,40.28,29,72
28,0.35,0.65,5.0,2.0,1.35,0.0,0.0,True,85,14.2,-1407.1,0.826,29.41,2675.99,-0.53,29.17,21,72
28,0.35,0.65,5.0,2.0,1.35,200.0,250.0,True,72,12.0,-526.84,0.916,30.56,2111.58,-0.25,29.17,21,72
28,0.35,0.65,5.0,2.0,1.35,250.0,250.0,True,77,12.8,213.94,1.033,32.47,2111.58,0.1,30.56,22,72
28,0.35,0.65,5.0,2.0,1.35,300.0,300.0,True,80,13.3,-334.88,0.952,31.25,2426.31,-0.14,30.56,22,72
28,0.35,0.65,5.0,2.0,1.4,0.0,0.0,True,87,14.5,-1628.63,0.804,28.74,2675.99,-0.61,29.17,21,72
28,0.35,0.65,5.0,2.0,1.4,200.0,250.0,True,74,12.3,-748.37,0.885,29.73,2224.12,-0.34,29.17,21,72
28,0.35,0.65,5.0,2.0,1.4,250.0,250.0,True,79,13.2,-7.59,0.999,31.65,2111.58,-0.0,30.56,22,72
28,0.35,0.65,5.0,2.0,1.4,300.0,300.0,True,82,13.7,-556.41,0.923,30.49,2426.31,-0.23,30.56,22,72
28,0.35,0.65,5.0,2.0,1.45,0.0,0.0,True,95,15.8,-2251.59,0.755,27.37,2901.29,-0.78,29.17,21,72
28,0.35,0.65,5.0,2.0,1.45,200.0,250.0,True,80,13.3,-1046.91,0.852,28.75,2234.27,-0.47,29.17,21,72
28,0.35,0.65,5.0,2.0,1.45,250.0,250.0,True,86,14.3,-414.14,0.944,30.23,2120.47,-0.2,30.56,22,72
28,0.35,0.65,5.0,2.0,1.45,300.0,300.0,True,89,14.8,-962.96,0.878,29.21,2435.2,-0.4,30.56,22,72
28,0.35,0.65,5.0,2.0,,0.0,0.0,False,313,52.2,-4555.96,0.845,28.75,7124.65,-0.64,47.22,34,72
28,0.35,0.65,5.0,2.0,,200.0,250.0,False,199,33.2,-1322.31,0.915,29.65,3200.23,-0.41,47.22,34,72
28,0.35,0.65,5.0,2.0,,250.0,250.0,False,209,34.8,-2501.02,0.853,28.71,3436.73,-0.73,43.06,31,72
28,0.35,0.65,5.0,2.0,,300.0,300.0,False,242,40.3,-2371.47,0.879,29.75,3255.96,-0.73,44.44,32,72
28,0.35,0.65,5.0,2.5,1.35,0.0,0.0,True,81,13.5,-1404.49,0.841,32.1,3025.91,-0.46,29.17,21,72
28,0.35,0.65,5.0,2.5,1.35,200.0,250.0,True,70,11.7,-1775.71,0.764,31.43,2633.27,-0.67,29.17,21,72
28,0.35,0.65,5.0,2.5,1.35,250.0,250.0,True,75,12.5,-1079.22,0.861,33.33,2633.27,-0.41,29.17,21,72
28,0.35,0.65,5.0,2.5,1.35,300.0,300.0,True,77,12.8,-1422.54,0.824,32.47,2633.27,-0.54,29.17,21,72
28,0.35,0.65,5.0,2.5,1.4,0.0,0.0,True,83,13.8,-1679.85,0.815,31.33,3114.59,-0.54,29.17,21,72
28,0.35,0.65,5.0,2.5,1.4,200.0,250.0,True,72,12.0,-2051.07,0.737,30.56,2888.5,-0.71,29.17,21,72
28,0.35,0.65,5.0,2.5,1.4,250.0,250.0,True,77,12.8,-1354.58,0.831,32.47,2680.97,-0.51,29.17,21,72
28,0.35,0.65,5.0,2.5,1.4,300.0,300.0,True,79,13.2,-1697.9,0.797,31.65,2680.97,-0.63,29.17,21,72
28,0.35,0.65,5.0,2.5,1.45,0.0,0.0,True,90,15.0,-2207.61,0.779,30.0,3642.35,-0.61,30.56,22,72
28,0.35,0.65,5.0,2.5,1.45,200.0,250.0,True,76,12.7,-2064.99,0.748,30.26,3017.96,-0.68,30.56,22,72
28,0.35,0.65,5.0,2.5,1.45,250.0,250.0,True,82,13.7,-1502.74,0.825,31.71,2674.02,-0.56,30.56,22,72
28,0.35,0.65,5.0,2.5,1.45,300.0,300.0,True,85,14.2,-1933.16,0.785,30.59,2761.12,-0.7,30.56,22,72
28,0.35,0.65,5.0,2.5,,0.0,0.0,False,286,47.7,-4202.73,0.866,32.87,8999.4,-0.47,50.0,36,72
28,0.35,0.65,5.0,2.5,,200.0,250.0,False,168,28.0,-2229.13,0.86,33.33,4375.53,-0.51,50.0,36,72
28,0.35,0.65,5.0,2.5,,250.0,250.0,False,177,29.5,-3922.71,0.777,31.64,5159.13,-0.76,45.83,33,72
28,0.35,0.65,5.0,2.5,,300.0,300.0,False,207,34.5,-4258.82,0.791,31.88,5495.24,-0.78,45.83,33,72
