period,r2_thresh,tp_mult,sl_mult,kfd_thresh,monthly_profit_lock,monthly_loss_breaker,use_kfd,total_trades,trades_per_year,net_profit,pf,win_rate,max_dd,romad,mcr,pos_months,total_months
14,0.55,3.5,1.5,1.35,0.0,0.0,True,271,45.2,-1191.71,0.937,31.37,3065.72,-0.39,43.06,31,72
14,0.55,3.5,1.5,1.35,200.0,250.0,True,204,34.0,-1004.08,0.924,29.9,1544.1,-0.65,43.06,31,72
14,0.55,3.5,1.5,1.35,250.0,250.0,True,213,35.5,-492.39,0.964,30.99,1364.81,-0.36,43.06,31,72
14,0.55,3.5,1.5,1.35,300.0,300.0,True,228,38.0,-429.29,0.97,31.14,1631.01,-0.26,43.06,31,72
14,0.55,3.5,1.5,1.4,0.0,0.0,True,319,53.2,340.1,1.016,31.97,2437.33,0.14,43.06,31,72
14,0.55,3.5,1.5,1.4,200.0,250.0,True,223,37.2,894.39,1.068,30.94,1431.75,0.62,48.61,35,72
14,0.55,3.5,1.5,1.4,250.0,250.0,True,241,40.2,1111.33,1.078,31.54,1326.85,0.84,45.83,33,72
14,0.55,3.5,1.5,1.4,300.0,300.0,True,266,44.3,448.52,1.028,30.83,2281.52,0.2,44.44,32,72
14,0.55,3.5,1.5,1.45,0.0,0.0,True,364,60.7,1000.89,1.041,31.87,2111.31,0.47,45.83,33,72
14,0.55,3.5,1.5,1.45,200.0,250.0,True,242,40.3,-597.64,0.959,29.34,2113.05,-0.28,45.83,33,72
14,0.55,3.5,1.5,1.45,250.0,250.0,True,258,43.0,99.03,1.006,30.23,1832.58,0.05,44.44,32,72
14,0.55,3.5,1.5,1.45,300.0,300.0,True,292,48.7,-452.77,0.975,29.79,2315.62,-0.2,45.83,33,72
14,0.55,3.5,1.5,,0.0,0.0,False,1069,178.2,-5544.6,0.924,29.93,8251.17,-0.67,43.06,31,72
14,0.55,3.5,1.5,,200.0,250.0,False,438,73.0,-2229.57,0.906,29.22,2985.56,-0.75,45.83,33,72
14,0.55,3.5,1.5,,250.0,250.0,False,484,80.7,-2538.76,0.904,29.13,4130.0,-0.61,41.67,30,72
14,0.55,3.5,1.5,,300.0,300.0,False,597,99.5,-2215.02,0.932,29.65,4414.21,-0.5,43.06,31,72
14,0.55,3.5,2.0,1.35,0.0,0.0,True,264,44.0,-1870.56,0.917,39.02,4408.13,-0.42,48.61,35,72
14,0.55,3.5,2.0,1.35,200.0,250.0,True,184,30.7,-294.64,0.978,39.13,1889.8,-0.16,50.0,36,72
14,0.55,3.5,2.0,1.35,250.0,250.0,True,192,32.0,502.83,1.036,40.62,1763.63,0.29,50.0,36,72
14,0.55,3.5,2.0,1.35,300.0,300.0,True,206,34.3,929.56,1.061,40.78,2094.42,0.44,51.39,37,72
14,0.55,3.5,2.0,1.4,0.0,0.0,True,311,51.8,-32.28,0.999,39.55,2874.74,-0.01,52.78,38,72
14,0.55,3.5,2.0,1.4,200.0,250.0,True,202,33.7,741.71,1.052,38.61,1995.5,0.37,54.17,39,72
14,0.55,3.5,2.0,1.4,250.0,250.0,True,211,35.2,1222.79,1.083,39.81,1780.06,0.69,52.78,38,72
14,0.55,3.5,2.0,1.4,300.0,300.0,True,238,39.7,2303.65,1.134,41.18,2341.58,0.98,55.56,40,72
14,0.55,3.5,2.0,1.45,0.0,0.0,True,354,59.0,544.47,1.019,39.27,2296.4,0.24,50.0,36,72
14,0.55,3.5,2.0,1.45,200.0,250.0,True,221,36.8,-93.88,0.994,38.01,1974.4,-0.05,50.0,36,72
14,0.55,3.5,2.0,1.45,250.0,250.0,True,231,38.5,670.82,1.042,38.96,1758.96,0.38,50.0,36,72
14,0.55,3.5,2.0,1.45,300.0,300.0,True,252,42.0,2505.23,1.146,40.48,2235.53,1.12,51.39,37,72
14,0.55,3.5,2.0,,0.0,0.0,False,959,159.8,-2902.14,0.963,37.33,6778.09,-0.43,48.61,35,72
14,0.55,3.5,2.0,,200.0,250.0,False,360,60.0,-716.74,0.969,36.94,2522.73,-0.28,50.0,36,72
14,0.55,3.5,2.0,,250.0,250.0,False,401,66.8,207.55,1.008,37.91,2107.85,0.1,48.61,35,72
14,0.55,3.5,2.0,,300.0,300.0,False,464,77.3,-502.47,0.984,37.07,2684.31,-0.19,47.22,34,72
14,0.55,3.5,2.5,1.35,0.0,0.0,True,256,42.7,-2529.94,0.899,44.53,5895.8,-0.43,52.78,38,72
14,0.55,3.5,2.5,1.35,200.0,250.0,True,160,26.7,2815.28,1.235,50.0,1578.81,1.78,59.72,43,72
14,0.55,3.5,2.5,1.35,250.0,250.0,True,175,29.2,2413.69,1.179,49.14,1450.33,1.66,56.94,41,72
14,0.55,3.5,2.5,1.35,300.0,300.0,True,191,31.8,506.48,1.031,46.6,2434.95,0.21,54.17,39,72
14,0.55,3.5,2.5,1.4,0.0,0.0,True,302,50.3,-1553.54,0.946,44.37,5133.09,-0.3,50.0,36,72
14,0.55,3.5,2.5,1.4,200.0,250.0,True,184,30.7,1686.46,1.118,46.2,1794.94,0.94,56.94,41,72
14,0.55,3.5,2.5,1.4,250.0,250.0,True,193,32.2,1285.32,1.083,46.11,1974.17,0.65,54.17,39,72
14,0.55,3.5,2.5,1.4,300.0,300.0,True,219,36.5,-444.61,0.976,44.29,2829.31,-0.16,48.61,35,72
14,0.55,3.5,2.5,1.45,0.0,0.0,True,345,57.5,-622.35,0.981,44.64,4545.68,-0.14,51.39,37,72
14,0.55,3.5,2.5,1.45,200.0,250.0,True,198,33.0,1970.32,1.131,47.47,1560.03,1.26,56.94,41,72
14,0.55,3.5,2.5,1.45,250.0,250.0,True,210,35.0,1468.77,1.091,46.19,1609.12,0.91,55.56,40,72
14,0.55,3.5,2.5,1.45,300.0,300.0,True,233,38.8,165.23,1.009,44.64,2415.54,0.07,51.39,37,72
14,0.55,3.5,2.5,,0.0,0.0,False,862,143.7,-1804.89,0.977,43.27,6831.08,-0.26,45.83,33,72
14,0.55,3.5,2.5,,200.0,250.0,False,290,48.3,94.27,1.004,43.1,2443.63,0.04,52.78,38,72
14,0.55,3.5,2.5,,250.0,250.0,False,321,53.5,-149.85,0.994,42.68,2320.07,-0.06,47.22,34,72
14,0.55,3.5,2.5,,300.0,300.0,False,391,65.2,84.07,1.003,42.97,2843.86,0.03,47.22,34,72
14,0.55,4.0,1.5,1.35,0.0,0.0,True,270,45.0,966.56,1.051,30.37,2203.91,0.44,50.0,36,72
14,0.55,4.0,1.5,1.35,200.0,250.0,True,190,31.7,669.41,1.054,28.95,1399.41,0.48,50.0,36,72
14,0.55,4.0,1.5,1.35,250.0,250.0,True,209,34.8,781.62,1.058,29.67,1399.41,0.56,48.61,35,72
14,0.55,4.0,1.5,1.35,300.0,300.0,True,216,36.0,1088.64,1.078,30.09,1337.19,0.81,50.0,36,72
14,0.55,4.0,1.5,1.4,0.0,0.0,True,316,52.7,3069.34,1.144,31.01,1768.46,1.74,50.0,36,72
14,0.55,4.0,1.5,1.4,200.0,250.0,True,208,34.7,2673.68,1.215,30.29,1243.68,2.15,51.39,37,72
14,0.55,4.0,1.5,1.4,250.0,250.0,True,227,37.8,3213.44,1.238,30.84,1122.07,2.86,51.39,37,72
14,0.55,4.0,1.5,1.4,300.0,300.0,True,246,41.0,3050.16,1.206,30.49,1427.94,2.14,51.39,37,72
14,0.55,4.0,1.5,1.45,0.0,0.0,True,357,59.5,2076.07,1.085,29.97,1891.91,1.1,48.61,35,72
14,0.55,4.0,1.5,1.45,200.0,250.0,True,226,37.7,495.73,1.036,28.76,1907.33,0.26,48.61,35,72
14,0.55,4.0,1.5,1.45,250.0,250.0,True,251,41.8,339.18,1.022,28.69,1909.2,0.18,47.22,34,72
14,0.55,4.0,1.5,1.45,300.0,300.0,True,272,45.3,126.04,1.007,28.31,2141.06,0.06,47.22,34,72
14,0.55,4.0,1.5,,0.0,0.0,False,1029,171.5,-4063.01,0.943,27.89,6919.25,-0.59,44.44,32,72
14,0.55,4.0,1.5,,200.0,250.0,False,356,59.3,-39.65,0.998,29.49,2446.29,-0.02,51.39,37,72
14,0.55,4.0,1.5,,250.0,250.0,False,442,73.7,-1077.79,0.957,28.73,2370.22,-0.45,44.44,32,72
14,0.55,4.0,1.5,,300.0,300.0,False,499,83.2,-930.29,0.967,28.86,2069.37,-0.45,44.44,32,72
14,0.55,4.0,2.0,1.35,0.0,0.0,True,263,43.8,167.13,1.007,37.64,3541.6,0.05,48.61,35,72
14,0.55,4.0,2.0,1.35,200.0,250.0,True,174,29.0,1620.76,1.126,38.51,1716.5,0.94,50.0,36,72
14,0.55,4.0,2.0,1.35,250.0,250.0,True,189,31.5,1801.22,1.128,39.15,1713.7,1.05,48.61,35,72
14,0.55,4.0,2.0,1.35,300.0,300.0,True,196,32.7,2350.38,1.158,39.8,1671.67,1.41,51.39,37,72
14,0.55,4.0,2.0,1.4,0.0,0.0,True,308,51.3,2739.56,1.108,38.31,1802.84,1.52,52.78,38,72
14,0.55,4.0,2.0,1.4,200.0,250.0,True,187,31.2,2636.7,1.2,38.5,1671.43,1.58,54.17,39,72
14,0.55,4.0,2.0,1.4,250.0,250.0,True,207,34.5,3305.51,1.228,38.65,1573.74,2.1,52.78,38,72
14,0.55,4.0,2.0,1.4,300.0,300.0,True,219,36.5,4779.91,1.312,40.18,1779.98,2.69,58.33,42,72
14,0.55,4.0,2.0,1.45,0.0,0.0,True,347,57.8,1596.35,1.055,37.18,1757.24,0.91,54.17,39,72
14,0.55,4.0,2.0,1.45,200.0,250.0,True,209,34.8,449.1,1.029,36.84,1597.39,0.28,51.39,37,72
14,0.55,4.0,2.0,1.45,250.0,250.0,True,228,38.0,846.51,1.051,36.84,1499.7,0.56,48.61,35,72
14,0.55,4.0,2.0,1.45,300.0,300.0,True,241,40.2,3359.38,1.199,39.42,1620.99,2.07,56.94,41,72
14,0.55,4.0,2.0,,0.0,0.0,False,917,152.8,-2759.52,0.964,34.68,7133.0,-0.39,45.83,33,72
14,0.55,4.0,2.0,,200.0,250.0,False,273,45.5,523.09,1.028,36.26,1547.3,0.34,52.78,38,72
14,0.55,4.0,2.0,,250.0,250.0,False,350,58.3,-513.95,0.979,35.43,2556.19,-0.2,44.44,32,72
14,0.55,4.0,2.0,,300.0,300.0,False,415,69.2,-471.16,0.984,35.18,2903.4,-0.16,45.83,33,72
14,0.55,4.0,2.5,1.35,0.0,0.0,True,254,42.3,-546.38,0.979,42.91,5021.02,-0.11,54.17,39,72
14,0.55,4.0,2.5,1.35,200.0,250.0,True,160,26.7,3743.95,1.302,47.5,1489.72,2.51,56.94,41,72
14,0.55,4.0,2.5,1.35,250.0,250.0,True,168,28.0,5069.21,1.395,49.4,1467.56,3.45,58.33,42,72
14,0.55,4.0,2.5,1.35,300.0,300.0,True,177,29.5,3752.06,1.262,47.46,1490.13,2.52,55.56,40,72
14,0.55,4.0,2.5,1.4,0.0,0.0,True,300,50.0,861.11,1.03,42.67,3663.5,0.24,52.78,38,72
14,0.55,4.0,2.5,1.4,200.0,250.0,True,179,29.8,3022.06,1.212,44.69,1676.69,1.8,55.56,40,72
14,0.55,4.0,2.5,1.4,250.0,250.0,True,188,31.3,3908.43,1.267,45.74,1676.69,2.33,55.56,40,72
14,0.55,4.0,2.5,1.4,300.0,300.0,True,200,33.3,2996.06,1.184,44.5,1492.73,2.01,52.78,38,72
14,0.55,4.0,2.5,1.45,0.0,0.0,True,339,56.5,540.72,1.016,42.48,3651.87,0.15,54.17,39,72
14,0.55,4.0,2.5,1.45,200.0,250.0,True,192,32.0,1797.23,1.115,44.79,1399.37,1.28,54.17,39,72
14,0.55,4.0,2.5,1.45,250.0,250.0,True,204,34.0,2200.09,1.134,45.1,1332.19,1.65,52.78,38,72
14,0.55,4.0,2.5,1.45,300.0,300.0,True,211,35.2,1633.57,1.095,44.08,1634.57,1.0,51.39,37,72
14,0.55,4.0,2.5,,0.0,0.0,False,818,136.3,-1804.05,0.977,40.71,6509.34,-0.28,48.61,35,72
14,0.55,4.0,2.5,,200.0,250.0,False,232,38.7,-419.17,0.978,40.95,2416.51,-0.17,51.39,37,72
14,0.55,4.0,2.5,,250.0,250.0,False,285,47.5,-1500.33,0.937,40.0,2671.21,-0.56,44.44,32,72
14,0.55,4.0,2.5,,300.0,300.0,False,342,57.0,-585.88,0.979,40.35,2781.14,-0.21,45.83,33,72
14,0.55,4.5,1.5,1.35,0.0,0.0,True,268,44.7,1836.25,1.097,28.36,1943.33,0.94,45.83,33,72
14,0.55,4.5,1.5,1.35,200.0,250.0,True,182,30.3,723.19,1.059,26.37,1509.01,0.48,47.22,34,72
14,0.55,4.5,1.5,1.35,250.0,250.0,True,194,32.3,1325.11,1.103,27.32,1509.01,0.88,45.83,33,72
14,0.55,4.5,1.5,1.35,300.0,300.0,True,211,35.2,1196.98,1.086,27.49,1652.05,0.72,44.44,32,72
14,0.55,4.5,1.5,1.4,0.0,0.0,True,313,52.2,3504.41,1.162,28.75,1617.75,2.17,45.83,33,72
14,0.55,4.5,1.5,1.4,200.0,250.0,True,202,33.7,2334.74,1.184,27.23,1355.17,1.72,47.22,34,72
14,0.55,4.5,1.5,1.4,250.0,250.0,True,214,35.7,3411.47,1.261,28.5,1355.17,2.52,47.22,34,72
14,0.55,4.5,1.5,1.4,300.0,300.0,True,241,40.2,2967.2,1.197,27.8,1436.77,2.07,45.83,33,72
14,0.55,4.5,1.5,1.45,0.0,0.0,True,354,59.0,2579.74,1.104,27.68,1539.98,1.68,47.22,34,72
14,0.55,4.5,1.5,1.45,200.0,250.0,True,215,35.8,-273.51,0.98,25.12,2311.03,-0.12,44.44,32,72
14,0.55,4.5,1.5,1.45,250.0,250.0,True,233,38.8,850.07,1.058,26.61,1865.97,0.46,44.44,32,72
14,0.55,4.5,1.5,1.45,300.0,300.0,True,268,44.7,303.54,1.017,26.12,1953.59,0.16,43.06,31,72
14,0.55,4.5,1.5,,0.0,0.0,False,1009,168.2,-2238.25,0.969,25.97,7231.4,-0.31,45.83,33,72
14,0.55,4.5,1.5,,200.0,250.0,False,358,59.7,681.58,1.033,27.65,2270.67,0.3,50.0,36,72
14,0.55,4.5,1.5,,250.0,250.0,False,422,70.3,659.48,1.027,27.49,2320.6,0.28,47.22,34,72
14,0.55,4.5,1.5,,300.0,300.0,False,515,85.8,-1558.3,0.949,26.21,2683.36,-0.58,41.67,30,72
14,0.55,4.5,2.0,1.35,0.0,0.0,True,260,43.3,734.63,1.032,35.0,3158.13,0.23,50.0,36,72
14,0.55,4.5,2.0,1.35,200.0,250.0,True,161,26.8,1529.67,1.123,36.02,1744.27,0.88,50.0,36,72
14,0.55,4.5,2.0,1.35,250.0,250.0,True,177,29.5,1461.02,1.106,35.59,1744.27,0.84,48.61,35,72
14,0.55,4.5,2.0,1.35,300.0,300.0,True,198,33.0,1602.51,1.101,35.86,2049.13,0.78,48.61,35,72
14,0.55,4.5,2.0,1.4,0.0,0.0,True,303,50.5,3010.61,1.117,35.31,2134.57,1.41,52.78,38,72
14,0.55,4.5,2.0,1.4,200.0,250.0,True,176,29.3,1029.9,1.076,34.09,1676.37,0.61,51.39,37,72
14,0.55,4.5,2.0,1.4,250.0,250.0,True,193,32.2,1890.15,1.13,34.72,1719.62,1.1,51.39,37,72
14,0.55,4.5,2.0,1.4,300.0,300.0,True,225,37.5,3690.22,1.217,35.56,1875.65,1.97,54.17,39,72
14,0.55,4.5,2.0,1.45,0.0,0.0,True,340,56.7,2111.69,1.072,34.41,2030.45,1.04,54.17,39,72
14,0.55,4.5,2.0,1.45,200.0,250.0,True,190,31.7,-494.41,0.967,32.63,1899.33,-0.26,48.61,35,72
14,0.55,4.5,2.0,1.45,250.0,250.0,True,217,36.2,-350.33,0.98,32.72,1979.2,-0.18,48.61,35,72
14,0.55,4.5,2.0,1.45,300.0,300.0,True,243,40.5,1888.16,1.102,34.57,1976.8,0.96,51.39,37,72
14,0.55,4.5,2.0,,0.0,0.0,False,889,148.2,190.53,1.002,32.85,7003.89,0.03,45.83,33,72
14,0.55,4.5,2.0,,200.0,250.0,False,273,45.5,265.38,1.014,33.7,2069.66,0.13,51.39,37,72
14,0.55,4.5,2.0,,250.0,250.0,False,328,54.7,-1043.17,0.955,32.32,2475.79,-0.42,47.22,34,72
14,0.55,4.5,2.0,,300.0,300.0,False,425,70.8,-1473.91,0.952,32.0,3590.34,-0.41,44.44,32,72
14,0.55,4.5,2.5,1.35,0.0,0.0,True,250,41.7,401.64,1.016,40.4,4511.52,0.09,52.78,38,72
14,0.55,4.5,2.5,1.35,200.0,250.0,True,149,24.8,3791.86,1.313,44.97,1572.79,2.41,54.17,39,72
14,0.55,4.5,2.5,1.35,250.0,250.0,True,164,27.3,3297.37,1.238,43.9,1572.79,2.1,51.39,37,72
14,0.55,4.5,2.5,1.35,300.0,300.0,True,171,28.5,3416.1,1.231,44.44,1728.48,1.98,51.39,37,72
14,0.55,4.5,2.5,1.4,0.0,0.0,True,294,49.0,1963.35,1.067,40.14,2932.33,0.67,52.78,38,72
14,0.55,4.5,2.5,1.4,200.0,250.0,True,168,28.0,1528.18,1.104,40.48,1939.45,0.79,51.39,37,72
14,0.55,4.5,2.5,1.4,250.0,250.0,True,186,31.0,1830.44,1.114,40.32,1939.45,0.94,51.39,37,72
14,0.55,4.5,2.5,1.4,300.0,300.0,True,196,32.7,2180.27,1.127,40.82,1939.45,1.12,50.0,36,72
14,0.55,4.5,2.5,1.45,0.0,0.0,True,330,55.0,1400.18,1.042,39.7,2895.36,0.48,58.33,42,72
14,0.55,4.5,2.5,1.45,200.0,250.0,True,176,29.3,769.74,1.05,40.91,2414.2,0.32,55.56,40,72
14,0.55,4.5,2.5,1.45,250.0,250.0,True,201,33.5,121.9,1.007,39.8,2706.21,0.05,52.78,38,72
14,0.55,4.5,2.5,1.45,300.0,300.0,True,214,35.7,825.05,1.043,40.19,2408.28,0.34,52.78,38,72
14,0.55,4.5,2.5,,0.0,0.0,False,782,130.3,516.7,1.007,38.49,7195.41,0.07,47.22,34,72
14,0.55,4.5,2.5,,200.0,250.0,False,230,38.3,-869.03,0.957,37.83,2859.75,-0.3,50.0,36,72
14,0.55,4.5,2.5,,250.0,250.0,False,285,47.5,-2196.95,0.911,36.84,2859.75,-0.77,43.06,31,72
14,0.55,4.5,2.5,,300.0,300.0,False,334,55.7,-681.31,0.976,38.02,3042.01,-0.22,43.06,31,72
14,0.55,5.0,1.5,1.35,0.0,0.0,True,268,44.7,2601.23,1.135,26.87,2565.03,1.01,48.61,35,72
14,0.55,5.0,1.5,1.35,200.0,250.0,True,179,29.8,1992.19,1.166,25.7,1627.08,1.22,47.22,34,72
14,0.55,5.0,1.5,1.35,250.0,250.0,True,189,31.5,1812.38,1.142,25.4,1627.08,1.11,45.83,33,72
14,0.55,5.0,1.5,1.35,300.0,300.0,True,200,33.3,2527.84,1.191,26.5,1770.12,1.43,45.83,33,72
14,0.55,5.0,1.5,1.4,0.0,0.0,True,312,52.0,4098.58,1.186,27.24,2613.88,1.57,45.83,33,72
14,0.55,5.0,1.5,1.4,200.0,250.0,True,193,32.2,3614.37,1.295,26.94,1355.17,2.67,48.61,35,72
14,0.55,5.0,1.5,1.4,250.0,250.0,True,208,34.7,3935.09,1.301,26.92,1355.17,2.9,47.22,34,72
14,0.55,5.0,1.5,1.4,300.0,300.0,True,224,37.3,3905.08,1.277,26.79,1436.77,2.72,47.22,34,72
14,0.55,5.0,1.5,1.45,0.0,0.0,True,352,58.7,3194.12,1.127,26.14,2228.39,1.43,45.83,33,72
14,0.55,5.0,1.5,1.45,200.0,250.0,True,206,34.3,316.59,1.023,23.79,1940.55,0.16,44.44,32,72
14,0.55,5.0,1.5,1.45,250.0,250.0,True,222,37.0,660.48,1.045,24.32,2079.93,0.32,43.06,31,72
14,0.55,5.0,1.5,1.45,300.0,300.0,True,249,41.5,1053.42,1.064,24.9,1799.78,0.59,43.06,31,72
14,0.55,5.0,1.5,,0.0,0.0,False,975,162.5,1084.21,1.015,24.72,5340.17,0.2,55.56,40,72
14,0.55,5.0,1.5,,200.0,250.0,False,295,49.2,1568.66,1.091,27.46,3425.37,0.46,54.17,39,72
14,0.55,5.0,1.5,,250.0,250.0,False,357,59.5,1284.42,1.062,26.33,3425.37,0.37,51.39,37,72
14,0.55,5.0,1.5,,300.0,300.0,False,453,75.5,-156.72,0.994,25.17,3988.0,-0.04,47.22,34,72
14,0.55,5.0,2.0,1.35,0.0,0.0,True,259,43.2,1317.49,1.056,32.82,3829.01,0.34,51.39,37,72
14,0.55,5.0,2.0,1.35,200.0,250.0,True,157,26.2,1618.73,1.13,33.12,1878.49,0.86,51.39,37,72
14,0.55,5.0,2.0,1.35,250.0,250.0,True,172,28.7,2184.49,1.161,33.72,1878.49,1.16,50.0,36,72
14,0.55,5.0,2.0,1.35,300.0,300.0,True,191,31.8,2682.08,1.174,34.03,2183.35,1.23,51.39,37,72
14,0.55,5.0,2.0,1.4,0.0,0.0,True,301,50.2,4242.39,1.162,33.55,3018.62,1.41,55.56,40,72
14,0.55,5.0,2.0,1.4,200.0,250.0,True,171,28.5,1759.42,1.13,32.16,1682.43,1.05,50.0,36,72
14,0.55,5.0,2.0,1.4,250.0,250.0,True,185,30.8,2679.74,1.187,32.97,1846.22,1.45,50.0,36,72
14,0.55,5.0,2.0,1.4,300.0,300.0,True,209,34.8,4972.01,1.315,34.45,2151.08,2.31,55.56,40,72
14,0.55,5.0,2.0,1.45,0.0,0.0,True,336,56.0,3501.11,1.118,32.74,2610.87,1.34,52.78,38,72
14,0.55,5.0,2.0,1.45,200.0,250.0,True,180,30.0,-524.14,0.965,29.44,2440.3,-0.21,45.83,33,72
14,0.55,5.0,2.0,1.45,250.0,250.0,True,198,33.0,435.86,1.027,30.81,1815.37,0.24,45.83,33,72
14,0.55,5.0,2.0,1.45,300.0,300.0,True,228,38.0,2415.49,1.136,32.89,2035.28,1.19,50.0,36,72
14,0.55,5.0,2.0,,0.0,0.0,False,849,141.5,1619.64,1.021,30.74,5631.29,0.29,51.39,37,72
14,0.55,5.0,2.0,,200.0,250.0,False,233,38.8,1642.75,1.097,33.48,2370.92,0.69,54.17,39,72
14,0.55,5.0,2.0,,250.0,250.0,False,287,47.8,1703.94,1.084,33.1,2199.01,0.77,51.39,37,72
14,0.55,5.0,2.0,,300.0,300.0,False,393,65.5,1679.98,1.06,32.06,2919.47,0.58,50.0,36,72
14,0.55,5.0,2.5,1.35,0.0,0.0,True,248,41.3,1157.75,1.044,38.31,5235.34,0.22,52.78,38,72
14,0.55,5.0,2.5,1.35,200.0,250.0,True,137,22.8,4153.73,1.358,42.34,1527.96,2.72,54.17,39,72
14,0.55,5.0,2.5,1.35,250.0,250.0,True,154,25.7,4639.87,1.357,42.21,1527.96,3.04,52.78,38,72
14,0.55,5.0,2.5,1.35,300.0,300.0,True,169,28.2,3573.72,1.239,40.83,1866.88,1.91,51.39,37,72
14,0.55,5.0,2.5,1.4,0.0,0.0,True,291,48.5,3146.95,1.105,38.14,3603.25,0.87,51.39,37,72
14,0.55,5.0,2.5,1.4,200.0,250.0,True,154,25.7,2071.21,1.147,38.31,2059.6,1.01,50.0,36,72
14,0.55,5.0,2.5,1.4,250.0,250.0,True,169,28.2,2603.14,1.172,38.46,2059.6,1.26,50.0,36,72
14,0.55,5.0,2.5,1.4,300.0,300.0,True,186,31.0,2461.88,1.147,38.17,1847.27,1.33,50.0,36,72
14,0.55,5.0,2.5,1.45,0.0,0.0,True,324,54.0,3294.15,1.099,38.27,3237.3,1.02,56.94,41,72
14,0.55,5.0,2.5,1.45,200.0,250.0,True,157,26.2,966.25,1.066,38.22,2025.75,0.48,54.17,39,72
14,0.55,5.0,2.5,1.45,250.0,250.0,True,175,29.2,1368.01,1.086,38.29,2025.75,0.68,54.17,39,72
14,0.55,5.0,2.5,1.45,300.0,300.0,True,200,33.3,1395.17,1.076,38.0,2113.19,0.66,52.78,38,72
14,0.55,5.0,2.5,,0.0,0.0,False,738,123.0,41.18,1.001,35.5,6897.8,0.01,47.22,34,72
14,0.55,5.0,2.5,,200.0,250.0,False,200,33.3,785.57,1.044,38.0,3342.79,0.24,55.56,40,72
14,0.55,5.0,2.5,,250.0,250.0,False,249,41.5,1223.36,1.057,37.75,3221.81,0.38,51.39,37,72
14,0.55,5.0,2.5,,300.0,300.0,False,309,51.5,480.51,1.018,36.57,3076.83,0.16,51.39,37,72
14,0.6,3.5,1.5,1.35,0.0,0.0,True,277,46.2,-509.3,0.973,32.85,2861.46,-0.18,43.06,31,72
14,0.6,3.5,1.5,1.35,200.0,250.0,True,195,32.5,-114.13,0.991,31.28,1687.3,-0.07,44.44,32,72
14,0.6,3.5,1.5,1.35,250.0,250.0,True,217,36.2,1222.64,1.093,33.18,1411.73,0.87,41.67,30,72
14,0.6,3.5,1.5,1.35,300.0,300.0,True,230,38.3,949.81,1.068,32.61,1726.53,0.55,41.67,30,72
14,0.6,3.5,1.5,1.4,0.0,0.0,True,331,55.2,1216.35,1.055,33.53,2106.06,0.58,47.22,34,72
14,0.6,3.5,1.5,1.4,200.0,250.0,True,218,36.3,2253.54,1.178,33.49,1275.71,1.77,51.39,37,72
14,0.6,3.5,1.5,1.4,250.0,250.0,True,244,40.7,3572.7,1.257,34.84,1180.69,3.03,48.61,35,72
14,0.6,3.5,1.5,1.4,300.0,300.0,True,264,44.0,2866.34,1.188,33.71,1981.72,1.45,47.22,34,72
14,0.6,3.5,1.5,1.45,0.0,0.0,True,380,63.3,970.99,1.038,32.37,1987.63,0.49,47.22,34,72
14,0.6,3.5,1.5,1.45,200.0,250.0,True,240,40.0,537.12,1.037,31.25,1893.26,0.28,48.61,35,72
14,0.6,3.5,1.5,1.45,250.0,250.0,True,269,44.8,1938.51,1.122,33.09,1397.49,1.39,45.83,33,72
14,0.6,3.5,1.5,1.45,300.0,300.0,True,291,48.5,1085.68,1.062,31.96,1908.56,0.57,45.83,33,72
14,0.6,3.5,1.5,,0.0,0.0,False,1029,171.5,-85.53,0.999,31.78,4562.5,-0.02,48.61,35,72
14,0.6,3.5,1.5,,200.0,250.0,False,421,70.2,-1670.42,0.927,30.64,3305.0,-0.51,45.83,33,72
14,0.6,3.5,1.5,,250.0,250.0,False,474,79.0,-1478.02,0.943,30.8,3278.57,-0.45,43.06,31,72
14,0.6,3.5,1.5,,300.0,300.0,False,537,89.5,-1960.66,0.934,30.54,3755.2,-0.52,40.28,29,72
14,0.6,3.5,2.0,1.35,0.0,0.0,True,274,45.7,-1279.3,0.945,40.15,4096.99,-0.31,48.61,35,72
14,0.6,3.5,2.0,1.35,200.0,250.0,True,176,29.3,321.48,1.025,40.34,2061.09,0.16,50.0,36,72
14,0.6,3.5,2.0,1.35,250.0,250.0,True,198,33.0,1386.6,1.099,41.92,1696.25,0.82,48.61,35,72
14,0.6,3.5,2.0,1.35,300.0,300.0,True,218,36.3,2479.55,1.159,41.74,1920.58,1.29,51.39,37,72
14,0.6,3.5,2.0,1.4,0.0,0.0,True,325,54.2,511.12,1.019,40.62,2440.76,0.21,47.22,34,72
14,0.6,3.5,2.0,1.4,200.0,250.0,True,189,31.5,1894.81,1.145,41.27,1631.36,1.16,52.78,38,72
14,0.6,3.5,2.0,1.4,250.0,250.0,True,214,35.7,2686.77,1.184,42.06,1359.54,1.98,50.0,36,72
14,0.6,3.5,2.0,1.4,300.0,300.0,True,249,41.5,2428.79,1.134,40.16,1659.71,1.46,48.61,35,72
14,0.6,3.5,2.0,1.45,0.0,0.0,True,371,61.8,114.85,1.004,39.08,2806.22,0.04,47.22,34,72
14,0.6,3.5,2.0,1.45,200.0,250.0,True,222,37.0,903.38,1.057,39.64,1521.25,0.59,50.0,36,72
14,0.6,3.5,2.0,1.45,250.0,250.0,True,248,41.3,1396.14,1.079,39.92,1483.97,0.94,47.22,34,72
14,0.6,3.5,2.0,1.45,300.0,300.0,True,278,46.3,1231.59,1.062,38.85,1584.58,0.78,47.22,34,72
14,0.6,3.5,2.0,,0.0,0.0,False,942,157.0,134.84,1.002,37.69,6032.74,0.02,45.83,33,72
14,0.6,3.5,2.0,,200.0,250.0,False,345,57.5,-2260.08,0.901,35.94,3866.21,-0.58,44.44,32,72
14,0.6,3.5,2.0,,250.0,250.0,False,401,66.8,-2071.55,0.922,36.16,3768.65,-0.55,41.67,30,72
14,0.6,3.5,2.0,,300.0,300.0,False,467,77.8,-2297.19,0.927,36.4,3724.31,-0.62,44.44,32,72
14,0.6,3.5,2.5,1.35,0.0,0.0,True,266,44.3,-1033.88,0.959,46.24,4806.14,-0.22,59.72,43,72
14,0.6,3.5,2.5,1.35,200.0,250.0,True,157,26.2,1503.85,1.119,49.04,1817.41,0.83,59.72,43,72
14,0.6,3.5,2.5,1.35,250.0,250.0,True,185,30.8,1963.55,1.135,49.19,1912.6,1.03,56.94,41,72
14,0.6,3.5,2.5,1.35,300.0,300.0,True,195,32.5,2545.8,1.169,49.74,1576.28,1.62,59.72,43,72
14,0.6,3.5,2.5,1.4,0.0,0.0,True,314,52.3,-29.79,0.999,45.86,3760.49,-0.01,56.94,41,72
14,0.6,3.5,2.5,1.4,200.0,250.0,True,174,29.0,1302.39,1.093,46.55,1689.91,0.77,58.33,42,72
14,0.6,3.5,2.5,1.4,250.0,250.0,True,203,33.8,994.43,1.06,45.81,1689.91,0.59,54.17,39,72
14,0.6,3.5,2.5,1.4,300.0,300.0,True,210,35.0,954.87,1.055,45.71,1656.86,0.58,54.17,39,72
14,0.6,3.5,2.5,1.45,0.0,0.0,True,359,59.8,462.19,1.014,44.85,3629.84,0.13,58.33,42,72
14,0.6,3.5,2.5,1.45,200.0,250.0,True,200,33.3,2441.96,1.159,47.5,1483.16,1.65,61.11,44,72
14,0.6,3.5,2.5,1.45,250.0,250.0,True,217,36.2,2743.3,1.162,47.47,1830.92,1.5,58.33,42,72
14,0.6,3.5,2.5,1.45,300.0,300.0,True,232,38.7,3395.91,1.191,47.84,1830.92,1.85,58.33,42,72
14,0.6,3.5,2.5,,0.0,0.0,False,832,138.7,2650.65,1.035,44.11,5782.89,0.46,47.22,34,72
14,0.6,3.5,2.5,,200.0,250.0,False,310,51.7,-1091.41,0.954,41.29,3429.69,-0.32,51.39,37,72
14,0.6,3.5,2.5,,250.0,250.0,False,341,56.8,-674.34,0.974,42.52,3257.27,-0.21,48.61,35,72
14,0.6,3.5,2.5,,300.0,300.0,False,390,65.0,-551.67,0.981,42.56,2915.32,-0.19,48.61,35,72
14,0.6,4.0,1.5,1.35,0.0,0.0,True,275,45.8,1487.2,1.078,31.64,2585.79,0.58,47.22,34,72
14,0.6,4.0,1.5,1.35,200.0,250.0,True,183,30.5,1544.1,1.134,30.6,1523.29,1.01,48.61,35,72
14,0.6,4.0,1.5,1.35,250.0,250.0,True,209,34.8,1033.67,1.077,29.67,1739.0,0.59,44.44,32,72
14,0.6,4.0,1.5,1.35,300.0,300.0,True,223,37.2,2196.8,1.16,31.39,1331.96,1.65,44.44,32,72
14,0.6,4.0,1.5,1.4,0.0,0.0,True,328,54.7,3728.04,1.169,32.32,1792.57,2.08,48.61,35,72
14,0.6,4.0,1.5,1.4,200.0,250.0,True,208,34.7,3186.94,1.256,31.25,1159.5,2.75,51.39,37,72
14,0.6,4.0,1.5,1.4,250.0,250.0,True,228,38.0,4018.75,1.3,32.46,1364.29,2.95,50.0,36,72
14,0.6,4.0,1.5,1.4,300.0,300.0,True,250,41.7,4818.81,1.331,32.8,1223.99,3.94,48.61,35,72
14,0.6,4.0,1.5,1.45,0.0,0.0,True,376,62.7,2027.34,1.078,30.59,2092.42,0.97,48.61,35,72
14,0.6,4.0,1.5,1.45,200.0,250.0,True,230,38.3,995.51,1.07,29.57,1645.16,0.61,50.0,36,72
14,0.6,4.0,1.5,1.45,250.0,250.0,True,252,42.0,1373.68,1.088,30.56,1373.68,1.0,47.22,34,72
14,0.6,4.0,1.5,1.45,300.0,300.0,True,273,45.5,2222.41,1.132,31.14,1270.24,1.75,47.22,34,72
14,0.6,4.0,1.5,,0.0,0.0,False,985,164.2,2932.67,1.043,29.85,4817.05,0.61,55.56,40,72
14,0.6,4.0,1.5,,200.0,250.0,False,348,58.0,1373.59,1.072,31.03,2133.28,0.64,55.56,40,72
14,0.6,4.0,1.5,,250.0,250.0,False,431,71.8,191.47,1.008,29.93,2057.21,0.09,48.61,35,72
14,0.6,4.0,1.5,,300.0,300.0,False,475,79.2,-388.11,0.986,29.26,2098.65,-0.18,47.22,34,72
14,0.6,4.0,2.0,1.35,0.0,0.0,True,271,45.2,1520.21,1.066,39.48,3443.19,0.44,48.61,35,72
14,0.6,4.0,2.0,1.35,200.0,250.0,True,167,27.8,1250.81,1.098,38.92,2140.31,0.58,50.0,36,72
14,0.6,4.0,2.0,1.35,250.0,250.0,True,188,31.3,2169.59,1.156,39.89,2140.31,1.01,48.61,35,72
14,0.6,4.0,2.0,1.35,300.0,300.0,True,208,34.7,3369.66,1.221,40.38,1856.84,1.81,51.39,37,72
14,0.6,4.0,2.0,1.4,0.0,0.0,True,321,53.5,3891.8,1.149,39.88,2369.45,1.64,52.78,38,72
14,0.6,4.0,2.0,1.4,200.0,250.0,True,179,29.8,2589.58,1.201,39.11,1622.85,1.6,54.17,39,72
14,0.6,4.0,2.0,1.4,250.0,250.0,True,203,33.8,4646.72,1.335,41.87,1780.68,2.61,54.17,39,72
14,0.6,4.0,2.0,1.4,300.0,300.0,True,233,38.8,5756.95,1.356,40.77,1694.66,3.4,58.33,42,72
14,0.6,4.0,2.0,1.45,0.0,0.0,True,366,61.0,1913.64,1.062,37.7,2734.91,0.7,54.17,39,72
14,0.6,4.0,2.0,1.45,200.0,250.0,True,206,34.3,890.63,1.058,37.38,1406.26,0.63,52.78,38,72
14,0.6,4.0,2.0,1.45,250.0,250.0,True,236,39.3,1972.01,1.113,38.98,1820.27,1.08,50.0,36,72
14,0.6,4.0,2.0,1.45,300.0,300.0,True,268,44.7,2526.42,1.128,38.43,1853.16,1.36,52.78,38,72
14,0.6,4.0,2.0,,0.0,0.0,False,893,148.8,2026.01,1.027,35.5,4800.9,0.42,48.61,35,72
14,0.6,4.0,2.0,,200.0,250.0,False,293,48.8,91.37,1.005,35.84,2886.46,0.03,52.78,38,72
14,0.6,4.0,2.0,,250.0,250.0,False,347,57.8,-66.66,0.997,35.45,2613.21,-0.03,48.61,35,72
14,0.6,4.0,2.0,,300.0,300.0,False,416,69.3,-168.43,0.994,35.58,2940.31,-0.06,47.22,34,72
14,0.6,4.0,2.5,1.35,0.0,0.0,True,263,43.8,2188.11,1.087,45.63,4163.82,0.53,58.33,42,72
14,0.6,4.0,2.5,1.35,200.0,250.0,True,151,25.2,3108.14,1.25,48.34,1450.33,2.14,56.94,41,72
14,0.6,4.0,2.5,1.35,250.0,250.0,True,172,28.7,3471.9,1.249,48.26,1450.33,2.39,55.56,40,72
14,0.6,4.0,2.5,1.35,300.0,300.0,True,194,32.3,3059.62,1.19,46.91,1668.32,1.83,54.17,39,72
14,0.6,4.0,2.5,1.4,0.0,0.0,True,311,51.8,3572.06,1.122,45.02,2599.57,1.37,55.56,40,72
14,0.6,4.0,2.5,1.4,200.0,250.0,True,156,26.0,2468.8,1.19,44.87,1535.1,1.61,55.56,40,72
14,0.6,4.0,2.5,1.4,250.0,250.0,True,182,30.3,4231.36,1.296,47.25,1357.7,3.12,55.56,40,72
14,0.6,4.0,2.5,1.4,300.0,300.0,True,207,34.5,3347.29,1.198,45.41,1584.95,2.11,52.78,38,72
14,0.6,4.0,2.5,1.45,0.0,0.0,True,354,59.0,3061.31,1.091,43.79,3083.05,0.99,59.72,43,72
14,0.6,4.0,2.5,1.45,200.0,250.0,True,185,30.8,1777.47,1.114,44.32,1481.76,1.2,55.56,40,72
14,0.6,4.0,2.5,1.45,250.0,250.0,True,203,33.8,3827.43,1.238,46.8,1461.97,2.62,56.94,41,72
14,0.6,4.0,2.5,1.45,300.0,300.0,True,224,37.3,3798.37,1.21,46.43,1759.01,2.16,54.17,39,72
14,0.6,4.0,2.5,,0.0,0.0,False,782,130.3,6344.24,1.085,42.2,4323.54,1.47,54.17,39,72
14,0.6,4.0,2.5,,200.0,250.0,False,257,42.8,1124.36,1.056,42.02,3004.68,0.37,56.94,41,72
14,0.6,4.0,2.5,,250.0,250.0,False,307,51.2,483.63,1.02,41.37,3147.35,0.15,51.39,37,72
14,0.6,4.0,2.5,,300.0,300.0,False,335,55.8,-240.44,0.991,40.6,2718.07,-0.09,47.22,34,72
14,0.6,4.5,1.5,1.35,0.0,0.0,True,270,45.0,2077.77,1.109,28.89,2454.22,0.85,47.22,34,72
14,0.6,4.5,1.5,1.35,200.0,250.0,True,181,30.2,2336.25,1.206,28.73,2011.86,1.16,48.61,35,72
14,0.6,4.5,1.5,1.35,250.0,250.0,True,195,32.5,2019.08,1.162,28.21,2027.8,1.0,45.83,33,72
14,0.6,4.5,1.5,1.35,300.0,300.0,True,220,36.7,1960.19,1.14,28.18,1865.18,1.05,44.44,32,72
14,0.6,4.5,1.5,1.4,0.0,0.0,True,323,53.8,3394.18,1.151,29.1,1642.8,2.07,48.61,35,72
14,0.6,4.5,1.5,1.4,200.0,250.0,True,209,34.8,3113.16,1.239,28.23,1585.12,1.96,50.0,36,72
14,0.6,4.5,1.5,1.4,250.0,250.0,True,224,37.3,3959.52,1.288,29.46,1697.48,2.33,50.0,36,72
14,0.6,4.5,1.5,1.4,300.0,300.0,True,254,42.3,4333.07,1.282,29.53,1457.09,2.97,48.61,35,72
14,0.6,4.5,1.5,1.45,0.0,0.0,True,370,61.7,1761.05,1.067,27.57,2165.83,0.81,50.0,36,72
14,0.6,4.5,1.5,1.45,200.0,250.0,True,216,36.0,1022.54,1.073,27.31,1590.67,0.64,51.39,37,72
14,0.6,4.5,1.5,1.45,250.0,250.0,True,244,40.7,1492.13,1.097,27.87,1590.67,0.94,50.0,36,72
14,0.6,4.5,1.5,1.45,300.0,300.0,True,276,46.0,1081.83,1.061,27.54,1680.4,0.64,47.22,34,72
14,0.6,4.5,1.5,,0.0,0.0,False,960,160.0,3285.09,1.048,27.4,4613.73,0.71,51.39,37,72
14,0.6,4.5,1.5,,200.0,250.0,False,321,53.5,2077.42,1.113,29.91,2576.27,0.81,55.56,40,72
14,0.6,4.5,1.5,,250.0,250.0,False,382,63.7,987.71,1.044,28.8,2745.77,0.36,51.39,37,72
14,0.6,4.5,1.5,,300.0,300.0,False,472,78.7,-306.29,0.989,27.54,2819.57,-0.11,47.22,34,72
14,0.6,4.5,2.0,1.35,0.0,0.0,True,265,44.2,1256.55,1.054,35.85,3614.79,0.35,51.39,37,72
14,0.6,4.5,2.0,1.35,200.0,250.0,True,158,26.3,2002.94,1.167,37.34,2344.66,0.85,51.39,37,72
14,0.6,4.5,2.0,1.35,250.0,250.0,True,178,29.7,1654.42,1.121,37.08,2344.66,0.71,48.61,35,72
14,0.6,4.5,2.0,1.35,300.0,300.0,True,205,34.2,3412.42,1.215,37.56,2232.6,1.53,50.0,36,72
14,0.6,4.5,2.0,1.4,0.0,0.0,True,315,52.5,3337.66,1.125,35.87,2298.15,1.45,51.39,37,72
14,0.6,4.5,2.0,1.4,200.0,250.0,True,178,29.7,1463.12,1.108,35.39,2191.79,0.67,48.61,35,72
14,0.6,4.5,2.0,1.4,250.0,250.0,True,193,32.2,2291.62,1.159,36.79,2191.79,1.05,48.61,35,72
14,0.6,4.5,2.0,1.4,300.0,300.0,True,231,38.5,5489.43,1.325,38.1,2375.21,2.31,52.78,38,72
14,0.6,4.5,2.0,1.45,0.0,0.0,True,357,59.5,1646.58,1.053,34.17,2663.61,0.62,54.17,39,72
14,0.6,4.5,2.0,1.45,200.0,250.0,True,192,32.0,180.92,1.012,34.38,2086.5,0.09,51.39,37,72
14,0.6,4.5,2.0,1.45,250.0,250.0,True,217,36.2,373.14,1.022,35.02,2433.21,0.15,48.61,35,72
14,0.6,4.5,2.0,1.45,300.0,300.0,True,262,43.7,1609.23,1.079,35.5,2866.75,0.56,48.61,35,72
14,0.6,4.5,2.0,,0.0,0.0,False,859,143.2,4751.6,1.064,33.53,3915.05,1.21,54.17,39,72
14,0.6,4.5,2.0,,200.0,250.0,False,264,44.0,-136.02,0.993,34.47,3365.67,-0.04,52.78,38,72
14,0.6,4.5,2.0,,250.0,250.0,False,338,56.3,-233.02,0.99,34.02,3365.67,-0.07,50.0,36,72
14,0.6,4.5,2.0,,300.0,300.0,False,419,69.8,1386.3,1.048,34.61,3053.04,0.45,52.78,38,72
14,0.6,4.5,2.5,1.35,0.0,0.0,True,255,42.5,2133.92,1.084,41.96,3723.24,0.57,55.56,40,72
14,0.6,4.5,2.5,1.35,200.0,250.0,True,149,24.8,2768.5,1.214,44.97,1666.2,1.66,56.94,41,72
14,0.6,4.5,2.5,1.35,250.0,250.0,True,163,27.2,2255.56,1.157,44.17,1751.81,1.29,52.78,38,72
14,0.6,4.5,2.5,1.35,300.0,300.0,True,182,30.3,2823.14,1.178,44.51,1997.02,1.41,52.78,38,72
14,0.6,4.5,2.5,1.4,0.0,0.0,True,304,50.7,3495.64,1.117,41.12,2482.05,1.41,56.94,41,72
14,0.6,4.5,2.5,1.4,200.0,250.0,True,156,26.0,2231.93,1.163,42.31,1602.37,1.39,56.94,41,72
14,0.6,4.5,2.5,1.4,250.0,250.0,True,170,28.3,2508.98,1.171,42.35,1602.37,1.57,55.56,40,72
14,0.6,4.5,2.5,1.4,300.0,300.0,True,200,33.3,3407.42,1.199,43.0,1602.37,2.13,54.17,39,72
14,0.6,4.5,2.5,1.45,0.0,0.0,True,345,57.5,2768.36,1.08,40.0,2938.1,0.94,58.33,42,72
14,0.6,4.5,2.5,1.45,200.0,250.0,True,168,28.0,1201.49,1.08,41.67,1947.82,0.62,56.94,41,72
14,0.6,4.5,2.5,1.45,250.0,250.0,True,193,32.2,1552.0,1.091,41.97,1947.82,0.8,54.17,39,72
14,0.6,4.5,2.5,1.45,300.0,300.0,True,217,36.2,1928.44,1.101,41.94,2206.25,0.87,51.39,37,72
14,0.6,4.5,2.5,,0.0,0.0,False,736,122.7,8655.69,1.118,39.81,3406.27,2.54,58.33,42,72
14,0.6,4.5,2.5,,200.0,250.0,False,231,38.5,72.86,1.004,38.53,3828.06,0.02,54.17,39,72
14,0.6,4.5,2.5,,250.0,250.0,False,299,49.8,-300.39,0.988,38.46,3828.06,-0.08,47.22,34,72
14,0.6,4.5,2.5,,300.0,300.0,False,319,53.2,1441.68,1.055,39.81,3444.71,0.42,47.22,34,72
14,0.6,5.0,1.5,1.35,0.0,0.0,True,270,45.0,2547.63,1.131,27.78,2467.9,1.03,45.83,33,72
14,0.6,5.0,1.5,1.35,200.0,250.0,True,177,29.5,3753.87,1.338,28.25,1932.18,1.94,48.61,35,72
14,0.6,5.0,1.5,1.35,250.0,250.0,True,187,31.2,3467.41,1.29,27.81,1932.18,1.79,47.22,34,72
14,0.6,5.0,1.5,1.35,300.0,300.0,True,204,34.0,3921.8,1.305,28.43,2057.6,1.91,47.22,34,72
14,0.6,5.0,1.5,1.4,0.0,0.0,True,323,53.8,3692.63,1.16,27.86,2213.49,1.67,47.22,34,72
14,0.6,5.0,1.5,1.4,200.0,250.0,True,201,33.5,3915.42,1.308,26.87,1444.81,2.71,50.0,36,72
14,0.6,5.0,1.5,1.4,250.0,250.0,True,216,36.0,4140.51,1.304,27.31,1444.81,2.87,48.61,35,72
14,0.6,5.0,1.5,1.4,300.0,300.0,True,236,39.3,5405.78,1.373,28.81,1457.09,3.71,50.0,36,72
14,0.6,5.0,1.5,1.45,0.0,0.0,True,367,61.2,2296.62,1.086,26.43,2312.46,0.99,45.83,33,72
14,0.6,5.0,1.5,1.45,200.0,250.0,True,202,33.7,1214.44,1.092,25.25,1429.45,0.85,48.61,35,72
14,0.6,5.0,1.5,1.45,250.0,250.0,True,228,38.0,1300.5,1.088,25.44,1480.81,0.88,45.83,33,72
14,0.6,5.0,1.5,1.45,300.0,300.0,True,257,42.8,1752.0,1.105,26.07,1654.91,1.06,45.83,33,72
14,0.6,5.0,1.5,,0.0,0.0,False,931,155.2,3325.68,1.049,25.78,4460.98,0.75,59.72,43,72
14,0.6,5.0,1.5,,200.0,250.0,False,272,45.3,3322.69,1.21,30.51,2770.67,1.2,58.33,42,72
14,0.6,5.0,1.5,,250.0,250.0,False,326,54.3,3513.03,1.187,29.75,2770.67,1.27,54.17,39,72
14,0.6,5.0,1.5,,300.0,300.0,False,397,66.2,1849.77,1.078,27.96,3234.23,0.57,50.0,36,72
14,0.6,5.0,2.0,1.35,0.0,0.0,True,264,44.0,2351.34,1.1,34.09,3702.1,0.64,51.39,37,72
14,0.6,5.0,2.0,1.35,200.0,250.0,True,150,25.0,2567.92,1.222,34.67,2070.07,1.24,51.39,37,72
14,0.6,5.0,2.0,1.35,250.0,250.0,True,164,27.3,2418.3,1.188,34.76,2178.33,1.11,48.61,35,72
14,0.6,5.0,2.0,1.35,300.0,300.0,True,188,31.3,3834.3,1.258,35.64,2507.1,1.53,51.39,37,72
14,0.6,5.0,2.0,1.4,0.0,0.0,True,314,52.3,5068.47,1.187,34.39,2226.84,2.28,52.78,38,72
14,0.6,5.0,2.0,1.4,200.0,250.0,True,159,26.5,2437.95,1.195,33.33,1599.31,1.52,50.0,36,72
14,0.6,5.0,2.0,1.4,250.0,250.0,True,177,29.5,2322.34,1.167,33.33,2014.57,1.15,48.61,35,72
14,0.6,5.0,2.0,1.4,300.0,300.0,True,210,35.0,4701.48,1.291,34.29,2351.79,2.0,52.78,38,72
14,0.6,5.0,2.0,1.45,0.0,0.0,True,353,58.8,3693.64,1.118,32.86,2592.3,1.42,51.39,37,72
14,0.6,5.0,2.0,1.45,200.0,250.0,True,165,27.5,1061.7,1.078,32.12,1761.96,0.6,50.0,36,72
14,0.6,5.0,2.0,1.45,250.0,250.0,True,191,31.8,764.85,1.049,31.94,1761.96,0.43,48.61,35,72
14,0.6,5.0,2.0,1.45,300.0,300.0,True,234,39.0,556.2,1.029,31.62,2629.26,0.21,45.83,33,72
14,0.6,5.0,2.0,,0.0,0.0,False,816,136.0,4697.02,1.065,31.37,3775.56,1.24,58.33,42,72
14,0.6,5.0,2.0,,200.0,250.0,False,233,38.8,896.37,1.053,33.05,3162.31,0.28,54.17,39,72
14,0.6,5.0,2.0,,250.0,250.0,False,298,49.7,789.78,1.038,32.55,3162.31,0.25,52.78,38,72
14,0.6,5.0,2.0,,300.0,300.0,False,391,65.2,1331.91,1.048,32.74,3655.45,0.36,55.56,40,72
14,0.6,5.0,2.5,1.35,0.0,0.0,True,254,42.3,3441.16,1.133,40.16,4033.29,0.85,51.39,37,72
14,0.6,5.0,2.5,1.35,200.0,250.0,True,135,22.5,4254.89,1.367,43.7,1445.22,2.94,56.94,41,72
14,0.6,5.0,2.5,1.35,250.0,250.0,True,153,25.5,3228.99,1.231,42.48,1666.2,1.94,51.39,37,72
14,0.6,5.0,2.5,1.35,300.0,300.0,True,171,28.5,2576.48,1.162,41.52,2211.36,1.17,51.39,37,72
14,0.6,5.0,2.5,1.4,0.0,0.0,True,303,50.5,5460.49,1.179,39.6,2410.74,2.27,55.56,40,72
14,0.6,5.0,2.5,1.4,200.0,250.0,True,143,23.8,3485.02,1.272,41.26,1508.68,2.31,56.94,41,72
14,0.6,5.0,2.5,1.4,250.0,250.0,True,158,26.3,2964.87,1.206,39.87,1543.35,1.92,55.56,40,72
14,0.6,5.0,2.5,1.4,300.0,300.0,True,176,29.3,2665.95,1.168,39.2,1543.35,1.73,54.17,39,72
14,0.6,5.0,2.5,1.45,0.0,0.0,True,340,56.7,5190.86,1.15,38.82,2866.79,1.81,56.94,41,72
14,0.6,5.0,2.5,1.45,200.0,250.0,True,148,24.7,2449.67,1.177,41.22,1838.87,1.33,56.94,41,72
14,0.6,5.0,2.5,1.45,250.0,250.0,True,171,28.5,2122.28,1.134,39.77,1838.87,1.15,54.17,39,72
14,0.6,5.0,2.5,1.45,300.0,300.0,True,194,32.3,2406.22,1.137,40.21,1992.78,1.21,52.78,38,72
14,0.6,5.0,2.5,,0.0,0.0,False,702,117.0,7842.84,1.107,37.04,4383.96,1.79,55.56,40,72
14,0.6,5.0,2.5,,200.0,250.0,False,215,35.8,2076.55,1.114,39.07,3225.79,0.64,56.94,41,72
14,0.6,5.0,2.5,,250.0,250.0,False,254,42.3,1799.39,1.083,37.8,4036.86,0.45,51.39,37,72
14,0.6,5.0,2.5,,300.0,300.0,False,312,52.0,418.54,1.016,36.22,3572.97,0.12,48.61,35,72
14,0.65,3.5,1.5,1.35,0.0,0.0,True,266,44.3,3553.88,1.209,35.34,1510.2,2.35,52.78,38,72
14,0.65,3.5,1.5,1.35,200.0,250.0,True,183,30.5,3845.01,1.397,37.7,951.27,4.04,54.17,39,72
14,0.65,3.5,1.5,1.35,250.0,250.0,True,205,34.2,4928.6,1.455,38.54,802.06,6.14,52.78,38,72
14,0.65,3.5,1.5,1.35,300.0,300.0,True,219,36.5,4418.45,1.376,36.99,1012.27,4.36,52.78,38,72
14,0.65,3.5,1.5,1.4,0.0,0.0,True,316,52.7,3289.84,1.16,34.18,1580.97,2.08,54.17,39,72
14,0.65,3.5,1.5,1.4,200.0,250.0,True,208,34.7,1968.43,1.17,34.62,986.34,2.0,54.17,39,72
14,0.65,3.5,1.5,1.4,250.0,250.0,True,229,38.2,3667.37,1.293,36.68,986.34,3.72,54.17,39,72
14,0.65,3.5,1.5,1.4,300.0,300.0,True,252,42.0,3086.11,1.22,35.32,1000.13,3.09,54.17,39,72
14,0.65,3.5,1.5,1.45,0.0,0.0,True,366,61.0,4864.35,1.209,35.25,1855.84,2.62,58.33,42,72
14,0.65,3.5,1.5,1.45,200.0,250.0,True,233,38.8,4972.04,1.408,38.2,819.33,6.07,59.72,43,72
14,0.65,3.5,1.5,1.45,250.0,250.0,True,267,44.5,5862.35,1.412,38.2,726.7,8.07,58.33,42,72
14,0.65,3.5,1.5,1.45,300.0,300.0,True,291,48.5,5010.83,1.316,36.77,819.68,6.11,58.33,42,72
14,0.65,3.5,1.5,,0.0,0.0,False,979,163.2,7224.38,1.115,33.2,2704.5,2.67,52.78,38,72
14,0.65,3.5,1.5,,200.0,250.0,False,364,60.7,1402.03,1.071,32.14,1917.83,0.73,54.17,39,72
14,0.65,3.5,1.5,,250.0,250.0,False,411,68.5,1373.75,1.06,32.12,1920.53,0.72,50.0,36,72
14,0.65,3.5,1.5,,300.0,300.0,False,486,81.0,3082.23,1.116,33.13,1880.91,1.64,51.39,37,72
14,0.65,3.5,2.0,1.35,0.0,0.0,True,264,44.0,1360.13,1.064,40.15,2007.41,0.68,52.78,38,72
14,0.65,3.5,2.0,1.35,200.0,250.0,True,164,27.3,1524.74,1.137,40.85,1315.46,1.16,55.56,40,72
14,0.65,3.5,2.0,1.35,250.0,250.0,True,192,32.0,2515.22,1.194,41.67,1168.29,2.15,52.78,38,72
14,0.65,3.5,2.0,1.35,300.0,300.0,True,208,34.7,3962.56,1.288,42.31,1018.55,3.89,55.56,40,72
14,0.65,3.5,2.0,1.4,0.0,0.0,True,312,52.0,898.81,1.035,39.1,2265.05,0.4,45.83,33,72
14,0.65,3.5,2.0,1.4,200.0,250.0,True,182,30.3,821.06,1.064,40.11,1444.97,0.57,50.0,36,72
14,0.65,3.5,2.0,1.4,250.0,250.0,True,211,35.2,1900.56,1.129,41.23,1296.35,1.47,48.61,35,72
14,0.65,3.5,2.0,1.4,300.0,300.0,True,240,40.0,2565.05,1.157,40.83,1225.27,2.09,48.61,35,72
14,0.65,3.5,2.0,1.45,0.0,0.0,True,362,60.3,2022.28,1.07,40.06,2630.51,0.77,51.39,37,72
14,0.65,3.5,2.0,1.45,200.0,250.0,True,213,35.5,2222.75,1.158,42.25,1275.85,1.74,54.17,39,72
14,0.65,3.5,2.0,1.45,250.0,250.0,True,254,42.3,2725.3,1.159,42.13,1275.85,2.14,51.39,37,72
14,0.65,3.5,2.0,1.45,300.0,300.0,True,278,46.3,4173.13,1.228,42.81,1275.85,3.27,51.39,37,72
14,0.65,3.5,2.0,,0.0,0.0,False,899,149.8,6251.69,1.09,39.15,3944.77,1.58,55.56,40,72
14,0.65,3.5,2.0,,200.0,250.0,False,327,54.5,146.5,1.007,37.92,2815.23,0.05,51.39,37,72
14,0.65,3.5,2.0,,250.0,250.0,False,372,62.0,1776.02,1.075,38.98,2815.23,0.63,48.61,35,72
14,0.65,3.5,2.0,,300.0,300.0,False,435,72.5,2801.63,1.1,39.77,2064.43,1.36,50.0,36,72
14,0.65,3.5,2.5,1.35,0.0,0.0,True,257,42.8,2135.32,1.092,47.47,2218.65,0.96,61.11,44,72
14,0.65,3.5,2.5,1.35,200.0,250.0,True,149,24.8,1325.08,1.11,47.65,1474.4,0.9,55.56,40,72
14,0.65,3.5,2.5,1.35,250.0,250.0,True,172,28.7,2126.32,1.155,48.26,1371.91,1.55,54.17,39,72
14,0.65,3.5,2.5,1.35,300.0,300.0,True,188,31.3,4142.5,1.294,50.0,1371.91,3.02,58.33,42,72
14,0.65,3.5,2.5,1.4,0.0,0.0,True,301,50.2,1640.42,1.059,46.18,2663.16,0.62,55.56,40,72
14,0.65,3.5,2.5,1.4,200.0,250.0,True,159,26.5,-332.18,0.975,44.65,1887.79,-0.18,51.39,37,72
14,0.65,3.5,2.5,1.4,250.0,250.0,True,186,31.0,-269.98,0.983,44.62,1836.52,-0.15,48.61,35,72
14,0.65,3.5,2.5,1.4,300.0,300.0,True,213,35.5,2591.88,1.153,47.42,1683.89,1.54,51.39,37,72
14,0.65,3.5,2.5,1.45,0.0,0.0,True,350,58.3,2917.58,1.092,46.86,3119.21,0.94,56.94,41,72
14,0.65,3.5,2.5,1.45,200.0,250.0,True,191,31.8,806.28,1.054,46.6,1788.92,0.45,55.56,40,72
14,0.65,3.5,2.5,1.45,250.0,250.0,True,218,36.3,1676.6,1.097,47.25,2333.93,0.72,51.39,37,72
14,0.65,3.5,2.5,1.45,300.0,300.0,True,255,42.5,5719.38,1.306,50.2,1607.62,3.56,56.94,41,72
14,0.65,3.5,2.5,,0.0,0.0,False,810,135.0,9442.48,1.133,46.17,2620.89,3.6,56.94,41,72
14,0.65,3.5,2.5,,200.0,250.0,False,306,51.0,945.94,1.042,43.79,3595.96,0.26,55.56,40,72
14,0.65,3.5,2.5,,250.0,250.0,False,336,56.0,1251.83,1.05,43.45,3595.96,0.35,52.78,38,72
14,0.65,3.5,2.5,,300.0,300.0,False,393,65.5,3098.97,1.11,44.27,3325.83,0.93,55.56,40,72
14,0.65,4.0,1.5,1.35,0.0,0.0,True,264,44.0,5265.71,1.307,34.09,1914.21,2.75,52.78,38,72
14,0.65,4.0,1.5,1.35,200.0,250.0,True,167,27.8,4947.76,1.547,36.53,857.25,5.77,54.17,39,72
14,0.65,4.0,1.5,1.35,250.0,250.0,True,195,32.5,5495.73,1.521,36.41,1146.01,4.8,52.78,38,72
14,0.65,4.0,1.5,1.35,300.0,300.0,True,211,35.2,5100.01,1.431,35.55,1718.39,2.97,51.39,37,72
14,0.65,4.0,1.5,1.4,0.0,0.0,True,313,52.2,5232.99,1.252,32.91,1860.19,2.81,52.78,38,72
14,0.65,4.0,1.5,1.4,200.0,250.0,True,190,31.7,3115.64,1.288,33.16,735.77,4.23,51.39,37,72
14,0.65,4.0,1.5,1.4,250.0,250.0,True,214,35.7,3754.25,1.307,34.11,882.81,4.25,51.39,37,72
14,0.65,4.0,1.5,1.4,300.0,300.0,True,236,39.3,3794.38,1.275,33.9,1430.33,2.65,50.0,36,72
14,0.65,4.0,1.5,1.45,0.0,0.0,True,362,60.3,7019.23,1.298,33.98,2076.08,3.38,62.5,45,72
14,0.65,4.0,1.5,1.45,200.0,250.0,True,218,36.3,6260.02,1.544,37.16,706.9,8.86,62.5,45,72
14,0.65,4.0,1.5,1.45,250.0,250.0,True,252,42.0,7750.39,1.576,37.7,706.9,10.96,61.11,44,72
14,0.65,4.0,1.5,1.45,300.0,300.0,True,276,46.0,6628.18,1.426,35.87,1429.52,4.64,59.72,43,72
14,0.65,4.0,1.5,,0.0,0.0,False,941,156.8,9937.64,1.16,31.03,3492.37,2.85,58.33,42,72
14,0.65,4.0,1.5,,200.0,250.0,False,299,49.8,605.92,1.036,29.43,1630.93,0.37,54.17,39,72
14,0.65,4.0,1.5,,250.0,250.0,False,350,58.3,1321.3,1.066,29.71,1630.74,0.81,50.0,36,72
14,0.65,4.0,1.5,,300.0,300.0,False,447,74.5,1956.33,1.077,30.2,2077.39,0.94,50.0,36,72
14,0.65,4.0,2.0,1.35,0.0,0.0,True,261,43.5,3449.54,1.163,39.46,2156.41,1.6,56.94,41,72
14,0.65,4.0,2.0,1.35,200.0,250.0,True,148,24.7,3612.98,1.361,41.89,1090.37,3.31,59.72,43,72
14,0.65,4.0,2.0,1.35,250.0,250.0,True,176,29.3,3317.8,1.274,40.34,1530.52,2.17,56.94,41,72
14,0.65,4.0,2.0,1.35,300.0,300.0,True,194,32.3,4421.87,1.326,41.24,1689.26,2.62,56.94,41,72
14,0.65,4.0,2.0,1.4,0.0,0.0,True,308,51.3,2888.7,1.113,37.99,2265.46,1.28,50.0,36,72
14,0.65,4.0,2.0,1.4,200.0,250.0,True,164,27.3,2331.76,1.197,39.02,1064.54,2.19,52.78,38,72
14,0.65,4.0,2.0,1.4,250.0,250.0,True,190,31.7,2816.31,1.207,40.0,1541.16,1.83,51.39,37,72
14,0.65,4.0,2.0,1.4,300.0,300.0,True,215,35.8,2722.84,1.174,39.53,1634.68,1.67,50.0,36,72
14,0.65,4.0,2.0,1.45,0.0,0.0,True,356,59.3,4765.99,1.166,39.33,2559.2,1.86,58.33,42,72
14,0.65,4.0,2.0,1.45,200.0,250.0,True,199,33.2,4000.04,1.299,41.21,1275.85,3.14,58.33,42,72
14,0.65,4.0,2.0,1.45,250.0,250.0,True,232,38.7,5327.87,1.348,42.67,1275.85,4.18,56.94,41,72
14,0.65,4.0,2.0,1.45,300.0,300.0,True,255,42.5,5297.75,1.304,41.96,1444.95,3.67,56.94,41,72
14,0.65,4.0,2.0,,0.0,0.0,False,859,143.2,7239.78,1.104,36.44,4685.69,1.55,56.94,41,72
14,0.65,4.0,2.0,,200.0,250.0,False,259,43.2,1660.03,1.098,37.45,2481.35,0.67,56.94,41,72
14,0.65,4.0,2.0,,250.0,250.0,False,317,52.8,1701.26,1.082,37.22,2767.67,0.61,51.39,37,72
14,0.65,4.0,2.0,,300.0,300.0,False,377,62.8,4127.63,1.165,38.2,1859.53,2.22,52.78,38,72
14,0.65,4.0,2.5,1.35,0.0,0.0,True,254,42.3,4688.19,1.202,46.85,2218.65,2.11,63.89,46,72
14,0.65,4.0,2.5,1.35,200.0,250.0,True,140,23.3,3189.91,1.279,47.86,1413.79,2.26,61.11,44,72
14,0.65,4.0,2.5,1.35,250.0,250.0,True,157,26.2,3680.12,1.293,48.41,1355.45,2.72,59.72,43,72
14,0.65,4.0,2.5,1.35,300.0,300.0,True,182,30.3,5188.42,1.359,48.9,1555.92,3.33,58.33,42,72
14,0.65,4.0,2.5,1.4,0.0,0.0,True,297,49.5,4100.01,1.147,45.12,2591.85,1.58,56.94,41,72
14,0.65,4.0,2.5,1.4,200.0,250.0,True,141,23.5,1886.84,1.159,44.68,1306.36,1.44,55.56,40,72
14,0.65,4.0,2.5,1.4,250.0,250.0,True,161,26.8,1773.17,1.131,44.72,1610.41,1.1,52.78,38,72
14,0.65,4.0,2.5,1.4,300.0,300.0,True,200,33.3,2920.6,1.17,46.0,2305.13,1.27,52.78,38,72
14,0.65,4.0,2.5,1.45,0.0,0.0,True,344,57.3,6246.08,1.198,46.22,3047.9,2.05,61.11,44,72
14,0.65,4.0,2.5,1.45,200.0,250.0,True,168,28.0,3514.61,1.266,47.62,1590.93,2.21,61.11,44,72
14,0.65,4.0,2.5,1.45,250.0,250.0,True,197,32.8,3264.84,1.208,46.7,1590.93,2.05,55.56,40,72
14,0.65,4.0,2.5,1.45,300.0,300.0,True,239,39.8,7153.53,1.392,49.37,1916.93,3.73,58.33,42,72
14,0.65,4.0,2.5,,0.0,0.0,False,761,126.8,10995.22,1.157,43.5,2962.73,3.71,59.72,43,72
14,0.65,4.0,2.5,,200.0,250.0,False,251,41.8,1171.51,1.061,42.63,3527.42,0.33,56.94,41,72
14,0.65,4.0,2.5,,250.0,250.0,False,297,49.5,2275.74,1.1,43.1,3301.0,0.69,54.17,39,72
14,0.65,4.0,2.5,,300.0,300.0,False,350,58.3,2883.89,1.107,42.29,3007.46,0.96,51.39,37,72
14,0.65,4.5,1.5,1.35,0.0,0.0,True,260,43.3,5712.83,1.327,31.54,2453.84,2.33,50.0,36,72
14,0.65,4.5,1.5,1.35,200.0,250.0,True,168,28.0,5443.95,1.569,33.33,1283.13,4.24,51.39,37,72
14,0.65,4.5,1.5,1.35,250.0,250.0,True,187,31.2,5646.78,1.541,33.16,1283.13,4.4,51.39,37,72
14,0.65,4.5,1.5,1.35,300.0,300.0,True,211,35.2,5699.57,1.467,32.7,2261.65,2.52,50.0,36,72
14,0.65,4.5,1.5,1.4,0.0,0.0,True,308,51.3,5792.48,1.274,30.52,2577.53,2.25,47.22,34,72
14,0.65,4.5,1.5,1.4,200.0,250.0,True,192,32.0,3420.96,1.298,30.21,1168.39,2.93,48.61,35,72
14,0.65,4.5,1.5,1.4,250.0,250.0,True,210,35.0,3634.96,1.292,30.48,1168.39,3.11,48.61,35,72
14,0.65,4.5,1.5,1.4,300.0,300.0,True,236,39.3,4010.67,1.279,30.93,1938.63,2.07,45.83,33,72
14,0.65,4.5,1.5,1.45,0.0,0.0,True,355,59.2,7540.37,1.315,31.55,2796.14,2.7,58.33,42,72
14,0.65,4.5,1.5,1.45,200.0,250.0,True,207,34.5,6333.29,1.554,34.3,979.15,6.47,59.72,43,72
14,0.65,4.5,1.5,1.45,250.0,250.0,True,230,38.3,6811.73,1.534,34.35,979.15,6.96,59.72,43,72
14,0.65,4.5,1.5,1.45,300.0,300.0,True,266,44.3,6936.21,1.446,33.46,2029.26,3.42,56.94,41,72
14,0.65,4.5,1.5,,0.0,0.0,False,919,153.2,10735.88,1.17,28.73,3289.05,3.26,51.39,37,72
14,0.65,4.5,1.5,,200.0,250.0,False,291,48.5,2119.42,1.125,29.21,1681.0,1.26,55.56,40,72
14,0.65,4.5,1.5,,250.0,250.0,False,335,55.8,268.25,1.013,27.16,1918.87,0.14,48.61,35,72
14,0.65,4.5,1.5,,300.0,300.0,False,422,70.3,1975.39,1.08,27.96,2076.32,0.95,48.61,35,72
14,0.65,4.5,2.0,1.35,0.0,0.0,True,257,42.8,3650.52,1.168,36.58,3111.87,1.17,51.39,37,72
14,0.65,4.5,2.0,1.35,200.0,250.0,True,147,24.5,4105.02,1.393,38.78,1923.48,2.13,55.56,40,72
14,0.65,4.5,2.0,1.35,250.0,250.0,True,167,27.8,4162.85,1.353,38.32,2081.12,2.0,55.56,40,72
14,0.65,4.5,2.0,1.35,300.0,300.0,True,193,32.2,4284.36,1.3,37.31,2486.37,1.72,52.78,38,72
14,0.65,4.5,2.0,1.4,0.0,0.0,True,303,50.5,3221.57,1.123,35.31,3455.5,0.93,50.0,36,72
14,0.65,4.5,2.0,1.4,200.0,250.0,True,162,27.0,2392.56,1.193,35.8,2194.13,1.09,51.39,37,72
14,0.65,4.5,2.0,1.4,250.0,250.0,True,182,30.3,2841.33,1.208,36.81,2310.93,1.23,51.39,37,72
14,0.65,4.5,2.0,1.4,300.0,300.0,True,213,35.5,2691.46,1.165,36.15,2492.63,1.08,48.61,35,72
14,0.65,4.5,2.0,1.45,0.0,0.0,True,348,58.0,5198.57,1.177,36.78,3305.84,1.57,58.33,42,72
14,0.65,4.5,2.0,1.45,200.0,250.0,True,188,31.3,5093.35,1.386,39.89,1368.85,3.72,62.5,45,72
14,0.65,4.5,2.0,1.45,250.0,250.0,True,211,35.2,4346.9,1.29,38.86,1887.64,2.3,58.33,42,72
14,0.65,4.5,2.0,1.45,300.0,300.0,True,244,40.7,4719.56,1.265,38.52,2342.97,2.01,56.94,41,72
14,0.65,4.5,2.0,,0.0,0.0,False,824,137.3,8851.41,1.128,34.34,4937.15,1.79,58.33,42,72
14,0.65,4.5,2.0,,200.0,250.0,False,235,39.2,2368.2,1.148,37.02,3414.01,0.69,56.94,41,72
14,0.65,4.5,2.0,,250.0,250.0,False,278,46.3,2374.71,1.127,36.33,3158.9,0.75,54.17,39,72
14,0.65,4.5,2.0,,300.0,300.0,False,347,57.8,4340.4,1.184,36.89,2906.66,1.49,56.94,41,72
14,0.65,4.5,2.5,1.35,0.0,0.0,True,250,41.7,5500.24,1.231,44.0,2218.65,2.48,58.33,42,72
14,0.65,4.5,2.5,1.35,200.0,250.0,True,135,22.5,4003.76,1.35,45.93,1680.48,2.38,62.5,45,72
14,0.65,4.5,2.5,1.35,250.0,250.0,True,154,25.7,4503.73,1.355,46.1,1883.02,2.39,61.11,44,72
14,0.65,4.5,2.5,1.35,300.0,300.0,True,172,28.7,5265.98,1.37,46.51,2336.74,2.25,59.72,43,72
14,0.65,4.5,2.5,1.4,0.0,0.0,True,291,48.5,4945.44,1.172,42.27,2520.55,1.96,52.78,38,72
14,0.65,4.5,2.5,1.4,200.0,250.0,True,136,22.7,2461.24,1.206,42.65,2092.66,1.18,55.56,40,72
14,0.65,4.5,2.5,1.4,250.0,250.0,True,156,26.0,2189.78,1.161,42.31,2159.93,1.01,51.39,37,72
14,0.65,4.5,2.5,1.4,300.0,300.0,True,186,31.0,3557.25,1.218,44.62,2934.18,1.21,51.39,37,72
14,0.65,4.5,2.5,1.45,0.0,0.0,True,334,55.7,7489.67,1.234,43.71,2976.6,2.52,63.89,46,72
14,0.65,4.5,2.5,1.45,200.0,250.0,True,153,25.5,3890.74,1.301,45.75,1590.93,2.45,61.11,44,72
14,0.65,4.5,2.5,1.45,250.0,250.0,True,178,29.7,3294.26,1.22,44.38,1590.93,2.07,58.33,42,72
14,0.65,4.5,2.5,1.45,300.0,300.0,True,221,36.8,5607.96,1.309,46.15,2290.15,2.45,59.72,43,72
14,0.65,4.5,2.5,,0.0,0.0,False,721,120.2,12572.83,1.181,40.92,2907.14,4.32,59.72,43,72
14,0.65,4.5,2.5,,200.0,250.0,False,210,35.0,1477.94,1.085,40.95,3949.39,0.37,58.33,42,72
14,0.65,4.5,2.5,,250.0,250.0,False,268,44.7,1002.56,1.046,39.55,3694.28,0.27,50.0,36,72
14,0.65,4.5,2.5,,300.0,300.0,False,310,51.7,6174.04,1.257,43.23,3716.51,1.66,55.56,40,72
14,0.65,5.0,1.5,1.35,0.0,0.0,True,258,43.0,6048.25,1.34,29.84,2314.17,2.61,54.17,39,72
14,0.65,5.0,1.5,1.35,200.0,250.0,True,169,28.2,7295.73,1.777,33.14,1198.29,6.09,58.33,42,72
14,0.65,5.0,1.5,1.35,250.0,250.0,True,173,28.8,7232.29,1.743,32.95,1198.29,6.04,56.94,41,72
14,0.65,5.0,1.5,1.35,300.0,300.0,True,197,32.8,6878.23,1.614,31.47,1621.33,4.24,56.94,41,72
14,0.65,5.0,1.5,1.4,0.0,0.0,True,306,51.0,4467.64,1.204,27.78,2374.97,1.88,47.22,34,72
14,0.65,5.0,1.5,1.4,200.0,250.0,True,193,32.2,4965.24,1.435,29.53,1116.51,4.45,51.39,37,72
14,0.65,5.0,1.5,1.4,250.0,250.0,True,200,33.3,4765.81,1.401,29.0,1116.51,4.27,50.0,36,72
14,0.65,5.0,1.5,1.4,300.0,300.0,True,227,37.8,4660.78,1.343,28.63,1266.78,3.68,50.0,36,72
14,0.65,5.0,1.5,1.45,0.0,0.0,True,350,58.3,6586.04,1.269,28.86,2596.29,2.54,55.56,40,72
14,0.65,5.0,1.5,1.45,200.0,250.0,True,208,34.7,7368.21,1.638,32.21,902.83,8.16,59.72,43,72
14,0.65,5.0,1.5,1.45,250.0,250.0,True,219,36.5,7170.62,1.583,31.51,902.83,7.94,58.33,42,72
14,0.65,5.0,1.5,1.45,300.0,300.0,True,247,41.2,7306.85,1.511,31.17,1332.97,5.48,58.33,42,72
14,0.65,5.0,1.5,,0.0,0.0,False,888,148.0,11160.52,1.179,26.8,3356.08,3.33,58.33,42,72
14,0.65,5.0,1.5,,200.0,250.0,False,266,44.3,3403.46,1.212,28.57,1629.6,2.09,56.94,41,72
14,0.65,5.0,1.5,,250.0,250.0,False,293,48.8,3788.56,1.217,28.33,1629.6,2.32,54.17,39,72
14,0.65,5.0,1.5,,300.0,300.0,False,369,61.5,2608.8,1.118,26.29,1629.6,1.6,51.39,37,72
14,0.65,5.0,2.0,1.35,0.0,0.0,True,255,42.5,4140.94,1.187,34.9,2912.44,1.42,48.61,35,72
14,0.65,5.0,2.0,1.35,200.0,250.0,True,145,24.2,4402.38,1.411,35.86,1797.4,2.45,51.39,37,72
14,0.65,5.0,2.0,1.35,250.0,250.0,True,151,25.2,4708.14,1.43,36.42,1797.4,2.62,51.39,37,72
14,0.65,5.0,2.0,1.35,300.0,300.0,True,181,30.2,6858.41,1.537,38.12,1623.78,4.22,55.56,40,72
14,0.65,5.0,2.0,1.4,0.0,0.0,True,300,50.0,2771.05,1.103,33.0,3106.7,0.89,48.61,35,72
14,0.65,5.0,2.0,1.4,200.0,250.0,True,165,27.5,2630.59,1.205,33.33,2044.48,1.29,48.61,35,72
14,0.65,5.0,2.0,1.4,250.0,250.0,True,170,28.3,3314.85,1.256,34.71,2044.48,1.62,48.61,35,72
14,0.65,5.0,2.0,1.4,300.0,300.0,True,205,34.2,4871.77,1.322,36.1,1480.67,3.29,51.39,37,72
14,0.65,5.0,2.0,1.45,0.0,0.0,True,342,57.0,5238.64,1.175,34.5,3038.05,1.72,58.33,42,72
14,0.65,5.0,2.0,1.45,200.0,250.0,True,179,29.8,5796.58,1.459,37.99,1328.04,4.36,59.72,43,72
14,0.65,5.0,2.0,1.45,250.0,250.0,True,193,32.2,6355.55,1.469,38.34,1275.85,4.98,59.72,43,72
14,0.65,5.0,2.0,1.45,300.0,300.0,True,232,38.7,6548.51,1.397,37.5,1412.02,4.64,61.11,44,72
14,0.65,5.0,2.0,,0.0,0.0,False,790,131.7,9316.25,1.136,32.41,5057.18,1.84,58.33,42,72
14,0.65,5.0,2.0,,200.0,250.0,False,218,36.3,3425.54,1.225,36.7,3133.39,1.09,56.94,41,72
14,0.65,5.0,2.0,,250.0,250.0,False,267,44.5,2041.38,1.108,34.46,3646.13,0.56,52.78,38,72
14,0.65,5.0,2.0,,300.0,300.0,False,333,55.5,2184.19,1.09,33.63,3187.15,0.69,54.17,39,72
14,0.65,5.0,2.5,1.35,0.0,0.0,True,248,41.3,6111.26,1.25,41.94,2227.14,2.74,59.72,43,72
14,0.65,5.0,2.5,1.35,200.0,250.0,True,130,21.7,5312.9,1.475,44.62,1327.97,4.0,59.72,43,72
14,0.65,5.0,2.5,1.35,250.0,250.0,True,140,23.3,5677.86,1.482,45.0,1483.69,3.83,59.72,43,72
14,0.65,5.0,2.5,1.35,300.0,300.0,True,167,27.8,6332.99,1.457,44.31,1863.34,3.4,61.11,44,72
14,0.65,5.0,2.5,1.4,0.0,0.0,True,287,47.8,4455.76,1.15,39.37,2781.43,1.6,55.56,40,72
14,0.65,5.0,2.5,1.4,200.0,250.0,True,137,22.8,3888.22,1.325,41.61,1978.38,1.97,56.94,41,72
14,0.65,5.0,2.5,1.4,250.0,250.0,True,143,23.8,4175.23,1.338,41.96,1978.38,2.11,56.94,41,72
14,0.65,5.0,2.5,1.4,300.0,300.0,True,180,30.0,5159.88,1.329,42.78,2138.96,2.41,58.33,42,72
14,0.65,5.0,2.5,1.45,0.0,0.0,True,327,54.5,7272.9,1.222,40.67,3175.14,2.29,59.72,43,72
14,0.65,5.0,2.5,1.45,200.0,250.0,True,151,25.2,5600.52,1.435,44.37,1590.93,3.52,61.11,44,72
14,0.65,5.0,2.5,1.45,250.0,250.0,True,162,27.0,5021.57,1.362,43.21,1590.93,3.16,58.33,42,72
14,0.65,5.0,2.5,1.45,300.0,300.0,True,207,34.5,6010.24,1.342,43.0,1712.01,3.51,58.33,42,72
14,0.65,5.0,2.5,,0.0,0.0,False,689,114.8,12691.04,1.183,38.32,3947.23,3.22,59.72,43,72
14,0.65,5.0,2.5,,200.0,250.0,False,191,31.8,2333.75,1.142,40.31,4337.2,0.54,58.33,42,72
14,0.65,5.0,2.5,,250.0,250.0,False,226,37.7,1926.85,1.101,38.5,4337.2,0.44,54.17,39,72
14,0.65,5.0,2.5,,300.0,300.0,False,297,49.5,4174.58,1.173,39.06,4141.52,1.01,55.56,40,72
14,0.7,3.5,1.5,1.35,0.0,0.0,True,270,45.0,3250.57,1.184,34.44,1638.32,1.98,51.39,37,72
14,0.7,3.5,1.5,1.35,200.0,250.0,True,185,30.8,3157.59,1.305,36.22,964.8,3.27,54.17,39,72
14,0.7,3.5,1.5,1.35,250.0,250.0,True,207,34.5,4341.78,1.378,37.2,1196.45,3.63,52.78,38,72
14,0.7,3.5,1.5,1.35,300.0,300.0,True,224,37.3,4501.47,1.354,36.16,1327.44,3.39,51.39,37,72
14,0.7,3.5,1.5,1.4,0.0,0.0,True,317,52.8,2921.54,1.138,33.75,2200.96,1.33,52.78,38,72
14,0.7,3.5,1.5,1.4,200.0,250.0,True,200,33.3,1683.07,1.144,33.5,1565.0,1.08,50.0,36,72
14,0.7,3.5,1.5,1.4,250.0,250.0,True,226,37.7,2716.95,1.208,34.96,1605.68,1.69,50.0,36,72
14,0.7,3.5,1.5,1.4,300.0,300.0,True,251,41.8,3793.82,1.264,35.46,1810.59,2.1,51.39,37,72
14,0.7,3.5,1.5,1.45,0.0,0.0,True,371,61.8,2223.12,1.088,33.42,2235.44,0.99,54.17,39,72
14,0.7,3.5,1.5,1.45,200.0,250.0,True,240,40.0,2086.86,1.151,32.92,1615.75,1.29,51.39,37,72
14,0.7,3.5,1.5,1.45,250.0,250.0,True,268,44.7,3311.22,1.215,34.33,1345.63,2.46,51.39,37,72
14,0.7,3.5,1.5,1.45,300.0,300.0,True,294,49.0,3854.14,1.227,34.69,1756.96,2.19,52.78,38,72
14,0.7,3.5,1.5,,0.0,0.0,False,919,153.2,5240.88,1.088,32.43,4074.57,1.29,55.56,40,72
14,0.7,3.5,1.5,,200.0,250.0,False,366,61.0,793.19,1.039,31.42,2311.07,0.34,52.78,38,72
14,0.7,3.5,1.5,,250.0,250.0,False,416,69.3,865.2,1.037,31.73,2380.44,0.36,48.61,35,72
14,0.7,3.5,1.5,,300.0,300.0,False,475,79.2,116.88,1.004,31.37,2750.72,0.04,47.22,34,72
14,0.7,3.5,2.0,1.35,0.0,0.0,True,264,44.0,2708.22,1.129,40.53,1773.55,1.53,47.22,34,72
14,0.7,3.5,2.0,1.35,200.0,250.0,True,164,27.3,958.72,1.084,40.24,1328.08,0.72,48.61,35,72
14,0.7,3.5,2.0,1.35,250.0,250.0,True,184,30.7,1949.97,1.153,40.76,1890.95,1.03,45.83,33,72
14,0.7,3.5,2.0,1.35,300.0,300.0,True,205,34.2,4219.23,1.305,42.93,1577.83,2.67,50.0,36,72
14,0.7,3.5,2.0,1.4,0.0,0.0,True,310,51.7,2128.96,1.085,39.68,2280.17,0.93,44.44,32,72
14,0.7,3.5,2.0,1.4,200.0,250.0,True,177,29.5,702.15,1.055,38.98,1729.63,0.41,48.61,35,72
14,0.7,3.5,2.0,1.4,250.0,250.0,True,197,32.8,1885.05,1.135,40.1,2112.21,0.89,47.22,34,72
14,0.7,3.5,2.0,1.4,300.0,300.0,True,227,37.8,3066.12,1.196,41.41,1893.06,1.62,48.61,35,72
14,0.7,3.5,2.0,1.45,0.0,0.0,True,362,60.3,1374.9,1.046,39.5,3060.8,0.45,47.22,34,72
14,0.7,3.5,2.0,1.45,200.0,250.0,True,206,34.3,315.1,1.021,39.32,1542.07,0.2,48.61,35,72
14,0.7,3.5,2.0,1.45,250.0,250.0,True,229,38.2,1231.12,1.075,39.74,2266.3,0.54,45.83,33,72
14,0.7,3.5,2.0,1.45,300.0,300.0,True,268,44.7,2747.55,1.148,40.67,1844.29,1.49,48.61,35,72
14,0.7,3.5,2.0,,0.0,0.0,False,832,138.7,6832.55,1.107,39.54,3897.74,1.75,54.17,39,72
14,0.7,3.5,2.0,,200.0,250.0,False,300,50.0,2184.73,1.114,40.33,2662.59,0.82,55.56,40,72
14,0.7,3.5,2.0,,250.0,250.0,False,337,56.2,3152.12,1.146,41.25,2227.74,1.41,52.78,38,72
14,0.7,3.5,2.0,,300.0,300.0,False,411,68.5,1491.03,1.054,39.42,2476.26,0.6,48.61,35,72
14,0.7,3.5,2.5,1.35,0.0,0.0,True,262,43.7,3379.57,1.145,46.56,1963.24,1.72,52.78,38,72
14,0.7,3.5,2.5,1.35,200.0,250.0,True,158,26.3,663.89,1.052,45.57,1751.49,0.38,51.39,37,72
14,0.7,3.5,2.5,1.35,250.0,250.0,True,177,29.5,959.69,1.067,45.76,1986.19,0.48,47.22,34,72
14,0.7,3.5,2.5,1.35,300.0,300.0,True,187,31.2,1281.41,1.086,45.99,2121.71,0.6,48.61,35,72
14,0.7,3.5,2.5,1.4,0.0,0.0,True,308,51.3,2620.3,1.093,45.78,2375.45,1.1,48.61,35,72
14,0.7,3.5,2.5,1.4,200.0,250.0,True,168,28.0,-174.29,0.988,43.45,2033.5,-0.09,47.22,34,72
14,0.7,3.5,2.5,1.4,250.0,250.0,True,185,30.8,648.87,1.043,44.86,2616.23,0.25,44.44,32,72
14,0.7,3.5,2.5,1.4,300.0,300.0,True,209,34.8,668.3,1.039,44.5,2751.75,0.24,44.44,32,72
14,0.7,3.5,2.5,1.45,0.0,0.0,True,359,59.8,759.47,1.022,44.85,2795.11,0.27,50.0,36,72
14,0.7,3.5,2.5,1.45,200.0,250.0,True,188,31.3,-1881.0,0.885,42.55,2952.75,-0.64,47.22,34,72
14,0.7,3.5,2.5,1.45,250.0,250.0,True,204,34.0,-728.09,0.958,44.61,2841.11,-0.26,45.83,33,72
14,0.7,3.5,2.5,1.45,300.0,300.0,True,247,41.2,721.43,1.036,45.75,2796.4,0.26,48.61,35,72
14,0.7,3.5,2.5,,0.0,0.0,False,771,128.5,5944.29,1.087,45.14,4237.59,1.4,58.33,42,72
14,0.7,3.5,2.5,,200.0,250.0,False,269,44.8,458.86,1.022,44.98,3700.77,0.12,54.17,39,72
14,0.7,3.5,2.5,,250.0,250.0,False,294,49.0,1397.57,1.063,45.92,3375.68,0.41,52.78,38,72
14,0.7,3.5,2.5,,300.0,300.0,False,359,59.8,-18.92,0.999,44.01,3144.26,-0.01,50.0,36,72
14,0.7,4.0,1.5,1.35,0.0,0.0,True,267,44.5,5312.93,1.299,33.71,1337.05,3.97,55.56,40,72
14,0.7,4.0,1.5,1.35,200.0,250.0,True,182,30.3,4857.14,1.474,35.71,689.67,7.04,56.94,41,72
14,0.7,4.0,1.5,1.35,250.0,250.0,True,197,32.8,5756.34,1.525,36.55,828.38,6.95,55.56,40,72
14,0.7,4.0,1.5,1.35,300.0,300.0,True,212,35.3,6344.89,1.525,36.32,1242.74,5.11,54.17,39,72
14,0.7,4.0,1.5,1.4,0.0,0.0,True,314,52.3,5443.18,1.256,33.12,1871.96,2.91,55.56,40,72
14,0.7,4.0,1.5,1.4,200.0,250.0,True,198,33.0,3491.48,1.301,33.33,1208.0,2.89,52.78,38,72
14,0.7,4.0,1.5,1.4,250.0,250.0,True,216,36.0,4617.27,1.373,34.72,1209.88,3.82,52.78,38,72
14,0.7,4.0,1.5,1.4,300.0,300.0,True,231,38.5,5699.85,1.429,35.5,1488.25,3.83,51.39,37,72
14,0.7,4.0,1.5,1.45,0.0,0.0,True,366,61.0,5372.92,1.214,33.06,2114.32,2.54,58.33,42,72
14,0.7,4.0,1.5,1.45,200.0,250.0,True,223,37.2,4184.18,1.33,33.63,1190.32,3.52,58.33,42,72
14,0.7,4.0,1.5,1.45,250.0,250.0,True,250,41.7,5581.0,1.395,34.4,831.15,6.71,58.33,42,72
14,0.7,4.0,1.5,1.45,300.0,300.0,True,270,45.0,6615.6,1.428,35.56,1315.87,5.03,58.33,42,72
14,0.7,4.0,1.5,,0.0,0.0,False,889,148.2,8123.9,1.138,30.37,3505.5,2.32,51.39,37,72
14,0.7,4.0,1.5,,200.0,250.0,False,316,52.7,653.94,1.036,29.43,1511.63,0.43,52.78,38,72
14,0.7,4.0,1.5,,250.0,250.0,False,372,62.0,787.55,1.037,29.57,2147.8,0.37,48.61,35,72
14,0.7,4.0,1.5,,300.0,300.0,False,452,75.3,1629.19,1.063,29.65,2035.51,0.8,48.61,35,72
14,0.7,4.0,2.0,1.35,0.0,0.0,True,261,43.5,5127.88,1.243,39.85,1704.53,3.01,55.56,40,72
14,0.7,4.0,2.0,1.35,200.0,250.0,True,166,27.7,2515.19,1.216,39.76,1188.18,2.12,52.78,38,72
14,0.7,4.0,2.0,1.35,250.0,250.0,True,178,29.7,3669.6,1.301,41.01,1188.18,3.09,51.39,37,72
14,0.7,4.0,2.0,1.35,300.0,300.0,True,201,33.5,6575.19,1.48,42.79,1378.52,4.77,54.17,39,72
14,0.7,4.0,2.0,1.4,0.0,0.0,True,307,51.2,4685.72,1.184,38.76,2196.87,2.13,51.39,37,72
14,0.7,4.0,2.0,1.4,200.0,250.0,True,176,29.3,2005.43,1.156,38.07,1589.73,1.26,51.39,37,72
14,0.7,4.0,2.0,1.4,250.0,250.0,True,189,31.5,3679.69,1.278,40.21,1589.73,2.31,51.39,37,72
14,0.7,4.0,2.0,1.4,300.0,300.0,True,217,36.2,5220.45,1.343,41.01,1845.76,2.83,50.0,36,72
14,0.7,4.0,2.0,1.45,0.0,0.0,True,357,59.5,4683.84,1.157,38.94,2991.78,1.57,54.17,39,72
14,0.7,4.0,2.0,1.45,200.0,250.0,True,197,32.8,2273.9,1.161,39.09,1124.24,2.02,52.78,38,72
14,0.7,4.0,2.0,1.45,250.0,250.0,True,219,36.5,3731.66,1.246,40.64,1280.99,2.91,51.39,37,72
14,0.7,4.0,2.0,1.45,300.0,300.0,True,252,42.0,5714.1,1.329,41.27,1508.69,3.79,51.39,37,72
14,0.7,4.0,2.0,,0.0,0.0,False,799,133.2,9711.22,1.153,37.55,3976.72,2.44,54.17,39,72
14,0.7,4.0,2.0,,200.0,250.0,False,261,43.5,1591.8,1.09,37.55,2399.82,0.66,55.56,40,72
14,0.7,4.0,2.0,,250.0,250.0,False,310,51.7,1864.94,1.088,37.42,2652.79,0.7,51.39,37,72
14,0.7,4.0,2.0,,300.0,300.0,False,376,62.7,1857.4,1.071,37.23,2158.12,0.86,50.0,36,72
14,0.7,4.0,2.5,1.35,0.0,0.0,True,259,43.2,6909.92,1.297,46.33,1403.41,4.92,56.94,41,72
14,0.7,4.0,2.5,1.35,200.0,250.0,True,154,25.7,2223.6,1.177,44.81,1380.46,1.61,52.78,38,72
14,0.7,4.0,2.5,1.35,250.0,250.0,True,169,28.2,3402.94,1.255,46.15,1291.01,2.64,51.39,37,72
14,0.7,4.0,2.5,1.35,300.0,300.0,True,181,30.2,3658.72,1.253,46.41,2048.28,1.79,51.39,37,72
14,0.7,4.0,2.5,1.4,0.0,0.0,True,305,50.8,6326.31,1.223,45.25,2177.3,2.91,54.17,39,72
14,0.7,4.0,2.5,1.4,200.0,250.0,True,167,27.8,1259.52,1.089,42.51,1921.05,0.66,48.61,35,72
14,0.7,4.0,2.5,1.4,250.0,250.0,True,178,29.7,3040.93,1.21,44.94,1921.05,1.58,48.61,35,72
14,0.7,4.0,2.5,1.4,300.0,300.0,True,198,33.0,3250.11,1.199,44.95,2678.32,1.21,50.0,36,72
14,0.7,4.0,2.5,1.45,0.0,0.0,True,353,58.8,5019.73,1.149,44.48,2726.09,1.84,55.56,40,72
14,0.7,4.0,2.5,1.45,200.0,250.0,True,176,29.3,387.1,1.025,43.18,1379.52,0.28,52.78,38,72
14,0.7,4.0,2.5,1.45,250.0,250.0,True,199,33.2,1452.76,1.086,44.22,1888.13,0.77,50.0,36,72
14,0.7,4.0,2.5,1.45,300.0,300.0,True,236,39.3,2726.57,1.139,45.34,2499.95,1.09,51.39,37,72
14,0.7,4.0,2.5,,0.0,0.0,False,729,121.5,8364.13,1.124,42.8,3951.02,2.12,55.56,40,72
14,0.7,4.0,2.5,,200.0,250.0,False,246,41.0,-772.4,0.962,41.06,3258.4,-0.24,50.0,36,72
14,0.7,4.0,2.5,,250.0,250.0,False,277,46.2,203.87,1.009,42.24,3180.88,0.06,48.61,35,72
14,0.7,4.0,2.5,,300.0,300.0,False,323,53.8,-579.13,0.978,41.18,3579.94,-0.16,45.83,33,72
14,0.7,4.5,1.5,1.35,0.0,0.0,True,262,43.7,6496.16,1.366,31.68,1341.9,4.84,54.17,39,72
14,0.7,4.5,1.5,1.35,200.0,250.0,True,182,30.3,5511.05,1.521,32.97,967.27,5.7,52.78,38,72
14,0.7,4.5,1.5,1.35,250.0,250.0,True,184,30.7,5612.32,1.525,33.15,967.27,5.8,52.78,38,72
14,0.7,4.5,1.5,1.35,300.0,300.0,True,205,34.2,6704.85,1.562,33.66,1192.93,5.62,52.78,38,72
14,0.7,4.5,1.5,1.4,0.0,0.0,True,308,51.3,6439.34,1.302,30.84,1849.09,3.48,55.56,40,72
14,0.7,4.5,1.5,1.4,200.0,250.0,True,198,33.0,4309.63,1.364,31.31,1381.44,3.12,52.78,38,72
14,0.7,4.5,1.5,1.4,250.0,250.0,True,204,34.0,4782.72,1.395,31.86,1381.44,3.46,52.78,38,72
14,0.7,4.5,1.5,1.4,300.0,300.0,True,232,38.7,6072.48,1.443,32.76,1620.63,3.75,51.39,37,72
14,0.7,4.5,1.5,1.45,0.0,0.0,True,358,59.7,6143.11,1.243,30.45,2045.3,3.0,58.33,42,72
14,0.7,4.5,1.5,1.45,200.0,250.0,True,215,35.8,5056.54,1.406,31.63,968.16,5.22,55.56,40,72
14,0.7,4.5,1.5,1.45,250.0,250.0,True,226,37.7,5070.68,1.384,31.42,1115.89,4.54,55.56,40,72
14,0.7,4.5,1.5,1.45,300.0,300.0,True,268,44.7,6649.78,1.42,32.46,1226.27,5.42,55.56,40,72
14,0.7,4.5,1.5,,0.0,0.0,False,862,143.7,8284.04,1.14,27.96,3621.11,2.29,58.33,42,72
14,0.7,4.5,1.5,,200.0,250.0,False,314,52.3,-256.32,0.987,26.43,2231.78,-0.11,50.0,36,72
14,0.7,4.5,1.5,,250.0,250.0,False,335,55.8,-329.12,0.984,26.27,1863.56,-0.18,48.61,35,72
14,0.7,4.5,1.5,,300.0,300.0,False,415,69.2,2351.93,1.097,28.19,1993.06,1.18,51.39,37,72
14,0.7,4.5,2.0,1.35,0.0,0.0,True,257,42.8,5856.43,1.273,36.96,1635.51,3.58,52.78,38,72
14,0.7,4.5,2.0,1.35,200.0,250.0,True,164,27.3,2923.81,1.244,36.59,1571.94,1.86,50.0,36,72
14,0.7,4.5,2.0,1.35,250.0,250.0,True,169,28.2,2968.72,1.24,36.69,1697.14,1.75,50.0,36,72
14,0.7,4.5,2.0,1.35,300.0,300.0,True,194,32.3,5710.48,1.413,38.66,1261.67,4.53,52.78,38,72
14,0.7,4.5,2.0,1.4,0.0,0.0,True,302,50.3,5229.51,1.201,35.76,2127.85,2.46,55.56,40,72
14,0.7,4.5,2.0,1.4,200.0,250.0,True,173,28.8,2753.56,1.213,35.84,1812.53,1.52,51.39,37,72
14,0.7,4.5,2.0,1.4,250.0,250.0,True,186,31.0,2849.41,1.206,36.02,1960.4,1.45,51.39,37,72
14,0.7,4.5,2.0,1.4,300.0,300.0,True,215,35.8,4388.58,1.279,37.21,1809.32,2.43,51.39,37,72
14,0.7,4.5,2.0,1.45,0.0,0.0,True,350,58.3,5052.19,1.166,35.71,2922.76,1.73,56.94,41,72
14,0.7,4.5,2.0,1.45,200.0,250.0,True,192,32.0,3197.77,1.227,36.46,1149.49,2.78,55.56,40,72
14,0.7,4.5,2.0,1.45,250.0,250.0,True,209,34.8,2817.68,1.183,35.89,1149.49,2.45,51.39,37,72
14,0.7,4.5,2.0,1.45,300.0,300.0,True,250,41.7,4945.47,1.275,37.6,1124.24,4.4,52.78,38,72
14,0.7,4.5,2.0,,0.0,0.0,False,774,129.0,9634.32,1.15,34.63,3862.12,2.49,58.33,42,72
14,0.7,4.5,2.0,,200.0,250.0,False,247,41.2,723.13,1.041,34.41,3333.32,0.22,54.17,39,72
14,0.7,4.5,2.0,,250.0,250.0,False,280,46.7,457.44,1.022,33.93,3032.98,0.15,50.0,36,72
14,0.7,4.5,2.0,,300.0,300.0,False,359,59.8,1669.56,1.065,34.54,3296.58,0.51,48.61,35,72
14,0.7,4.5,2.5,1.35,0.0,0.0,True,255,42.5,7370.32,1.307,42.75,1403.41,5.25,55.56,40,72
14,0.7,4.5,2.5,1.35,200.0,250.0,True,154,25.7,2661.57,1.203,41.56,1669.65,1.59,50.0,36,72
14,0.7,4.5,2.5,1.35,250.0,250.0,True,161,26.8,2644.43,1.193,41.61,1669.65,1.58,50.0,36,72
14,0.7,4.5,2.5,1.35,300.0,300.0,True,177,29.5,3903.12,1.267,42.94,1669.65,2.34,51.39,37,72
14,0.7,4.5,2.5,1.4,0.0,0.0,True,300,50.0,6638.79,1.227,41.67,2042.39,3.25,54.17,39,72
14,0.7,4.5,2.5,1.4,200.0,250.0,True,167,27.8,2326.62,1.16,40.72,2178.3,1.07,48.61,35,72
14,0.7,4.5,2.5,1.4,250.0,250.0,True,176,29.3,2863.21,1.19,41.48,2178.3,1.31,48.61,35,72
14,0.7,4.5,2.5,1.4,300.0,300.0,True,199,33.2,3339.73,1.196,41.71,2299.69,1.45,48.61,35,72
14,0.7,4.5,2.5,1.45,0.0,0.0,True,345,57.5,5179.64,1.149,40.87,2657.07,1.95,56.94,41,72
14,0.7,4.5,2.5,1.45,200.0,250.0,True,170,28.3,1005.41,1.065,40.59,1505.41,0.67,51.39,37,72
14,0.7,4.5,2.5,1.45,250.0,250.0,True,196,32.7,1916.02,1.111,41.84,1363.36,1.41,52.78,38,72
14,0.7,4.5,2.5,1.45,300.0,300.0,True,232,38.7,2190.63,1.108,41.38,1957.26,1.12,50.0,36,72
14,0.7,4.5,2.5,,0.0,0.0,False,703,117.2,8522.31,1.125,39.83,3999.18,2.13,61.11,44,72
14,0.7,4.5,2.5,,200.0,250.0,False,236,39.3,-453.65,0.977,39.41,3713.23,-0.12,52.78,38,72
14,0.7,4.5,2.5,,250.0,250.0,False,262,43.7,1016.71,1.048,40.84,3458.12,0.29,52.78,38,72
14,0.7,4.5,2.5,,300.0,300.0,False,315,52.5,1202.28,1.047,40.32,3507.01,0.34,51.39,37,72
14,0.7,5.0,1.5,1.35,0.0,0.0,True,258,43.0,5010.22,1.272,29.07,1283.54,3.9,50.0,36,72
14,0.7,5.0,1.5,1.35,200.0,250.0,True,177,29.5,6350.19,1.602,31.64,1008.64,6.3,55.56,40,72
14,0.7,5.0,1.5,1.35,250.0,250.0,True,189,31.5,6250.79,1.546,31.22,1188.57,5.26,51.39,37,72
14,0.7,5.0,1.5,1.35,300.0,300.0,True,203,33.8,6521.69,1.521,31.03,1141.42,5.71,51.39,37,72
14,0.7,5.0,1.5,1.4,0.0,0.0,True,302,50.3,4519.84,1.205,28.15,1653.57,2.73,50.0,36,72
14,0.7,5.0,1.5,1.4,200.0,250.0,True,190,31.7,6127.07,1.551,31.58,718.37,8.53,55.56,40,72
14,0.7,5.0,1.5,1.4,250.0,250.0,True,207,34.5,5224.48,1.412,29.95,1432.76,3.65,50.0,36,72
14,0.7,5.0,1.5,1.4,300.0,300.0,True,224,37.3,5861.69,1.423,30.36,1541.4,3.8,50.0,36,72
14,0.7,5.0,1.5,1.45,0.0,0.0,True,351,58.5,4732.58,1.183,28.21,2251.3,2.1,54.17,39,72
14,0.7,5.0,1.5,1.45,200.0,250.0,True,210,35.0,7209.24,1.594,31.9,804.0,8.97,58.33,42,72
14,0.7,5.0,1.5,1.45,250.0,250.0,True,234,39.0,6371.06,1.459,30.34,1248.09,5.1,54.17,39,72
14,0.7,5.0,1.5,1.45,300.0,300.0,True,258,43.0,5292.68,1.328,29.46,1596.74,3.31,52.78,38,72
14,0.7,5.0,1.5,,0.0,0.0,False,840,140.0,6608.58,1.11,25.6,4167.1,1.59,58.33,42,72
14,0.7,5.0,1.5,,200.0,250.0,False,282,47.0,2424.07,1.141,27.66,1342.98,1.8,56.94,41,72
14,0.7,5.0,1.5,,250.0,250.0,False,349,58.2,1473.31,1.069,26.07,1513.97,0.97,48.61,35,72
14,0.7,5.0,1.5,,300.0,300.0,False,411,68.5,1507.67,1.06,25.55,1794.9,0.84,48.61,35,72
14,0.7,5.0,2.0,1.35,0.0,0.0,True,253,42.2,4490.64,1.2,34.39,2067.66,2.17,50.0,36,72
14,0.7,5.0,2.0,1.35,200.0,250.0,True,157,26.2,3333.17,1.283,35.03,1174.98,2.84,50.0,36,72
14,0.7,5.0,2.0,1.35,250.0,250.0,True,169,28.2,3763.83,1.296,35.5,1594.38,2.36,47.22,34,72
14,0.7,5.0,2.0,1.35,300.0,300.0,True,192,32.0,5787.1,1.4,36.46,1410.33,4.1,52.78,38,72
14,0.7,5.0,2.0,1.4,0.0,0.0,True,295,49.2,3240.57,1.121,32.88,2920.88,1.11,47.22,34,72
14,0.7,5.0,2.0,1.4,200.0,250.0,True,171,28.5,3828.73,1.296,35.09,1372.18,2.79,51.39,37,72
14,0.7,5.0,2.0,1.4,250.0,250.0,True,183,30.5,4324.75,1.312,35.52,1898.62,2.28,48.61,35,72
14,0.7,5.0,2.0,1.4,300.0,300.0,True,207,34.5,4187.3,1.263,34.78,1903.14,2.2,50.0,36,72
14,0.7,5.0,2.0,1.45,0.0,0.0,True,343,57.2,4501.08,1.145,33.53,3229.11,1.39,54.17,39,72
14,0.7,5.0,2.0,1.45,200.0,250.0,True,185,30.8,4519.3,1.334,36.22,1425.11,3.17,56.94,41,72
14,0.7,5.0,2.0,1.45,250.0,250.0,True,208,34.7,3633.23,1.232,34.62,1425.11,2.55,52.78,38,72
14,0.7,5.0,2.0,1.45,300.0,300.0,True,240,40.0,3995.97,1.219,34.58,1425.11,2.8,54.17,39,72
14,0.7,5.0,2.0,,0.0,0.0,False,742,123.7,6136.29,1.094,31.4,4709.4,1.3,61.11,44,72
14,0.7,5.0,2.0,,200.0,250.0,False,234,39.0,386.13,1.022,32.05,3191.74,0.12,50.0,36,72
14,0.7,5.0,2.0,,250.0,250.0,False,267,44.5,997.71,1.05,32.58,3285.78,0.3,48.61,35,72
14,0.7,5.0,2.0,,300.0,300.0,False,330,55.0,92.74,1.004,31.52,3518.29,0.03,48.61,35,72
14,0.7,5.0,2.5,1.35,0.0,0.0,True,250,41.7,5700.49,1.226,39.6,2400.65,2.37,55.56,40,72
14,0.7,5.0,2.5,1.35,200.0,250.0,True,150,25.0,3567.89,1.271,40.0,1094.26,3.26,55.56,40,72
14,0.7,5.0,2.5,1.35,250.0,250.0,True,161,26.8,3456.82,1.243,39.75,1648.7,2.1,54.17,39,72
14,0.7,5.0,2.5,1.35,300.0,300.0,True,175,29.2,2608.09,1.166,39.43,1825.65,1.43,54.17,39,72
14,0.7,5.0,2.5,1.4,0.0,0.0,True,292,48.7,4430.0,1.146,38.36,3034.95,1.46,52.78,38,72
14,0.7,5.0,2.5,1.4,200.0,250.0,True,160,26.7,4385.13,1.315,40.62,1590.69,2.76,56.94,41,72
14,0.7,5.0,2.5,1.4,250.0,250.0,True,175,29.2,4166.96,1.271,40.0,2157.35,1.93,54.17,39,72
14,0.7,5.0,2.5,1.4,300.0,300.0,True,192,32.0,2344.26,1.134,38.54,2278.74,1.03,51.39,37,72
14,0.7,5.0,2.5,1.45,0.0,0.0,True,337,56.2,4440.2,1.125,38.28,3220.59,1.38,48.61,35,72
14,0.7,5.0,2.5,1.45,200.0,250.0,True,161,26.8,2641.92,1.182,40.37,1550.83,1.7,52.78,38,72
14,0.7,5.0,2.5,1.45,250.0,250.0,True,185,30.8,1749.33,1.102,38.92,1550.83,1.13,47.22,34,72
14,0.7,5.0,2.5,1.45,300.0,300.0,True,224,37.3,1398.46,1.068,37.95,1776.73,0.79,44.44,32,72
14,0.7,5.0,2.5,,0.0,0.0,False,672,112.0,4719.15,1.068,36.31,5290.78,0.89,54.17,39,72
14,0.7,5.0,2.5,,200.0,250.0,False,206,34.3,-2071.08,0.891,35.44,4091.32,-0.51,48.61,35,72
14,0.7,5.0,2.5,,250.0,250.0,False,232,38.7,-2270.66,0.894,34.91,4031.21,-0.56,44.44,32,72
14,0.7,5.0,2.5,,300.0,300.0,False,285,47.5,-1455.68,0.943,35.44,4320.16,-0.34,44.44,32,72
20,0.55,3.5,1.5,1.35,0.0,0.0,True,170,28.3,1783.25,1.173,33.53,1285.47,1.39,44.44,32,72
20,0.55,3.5,1.5,1.35,200.0,250.0,True,132,22.0,3287.25,1.456,37.88,619.02,5.31,47.22,34,72
20,0.55,3.5,1.5,1.35,250.0,250.0,True,150,25.0,2509.63,1.293,35.33,1127.37,2.23,44.44,32,72
20,0.55,3.5,1.5,1.35,300.0,300.0,True,155,25.8,2075.81,1.231,34.19,1213.6,1.71,44.44,32,72
20,0.55,3.5,1.5,1.4,0.0,0.0,True,208,34.7,1701.13,1.135,32.69,1450.62,1.17,50.0,36,72
20,0.55,3.5,1.5,1.4,200.0,250.0,True,154,25.7,2758.04,1.326,35.71,875.39,3.15,51.39,37,72
20,0.55,3.5,1.5,1.4,250.0,250.0,True,172,28.7,2258.89,1.232,34.3,1083.26,2.09,48.61,35,72
20,0.55,3.5,1.5,1.4,300.0,300.0,True,180,30.0,1993.56,1.194,33.89,1049.8,1.9,48.61,35,72
20,0.55,3.5,1.5,1.45,0.0,0.0,True,243,40.5,1093.63,1.073,31.69,1523.58,0.72,47.22,34,72
20,0.55,3.5,1.5,1.45,200.0,250.0,True,175,29.2,2971.56,1.313,34.86,843.36,3.52,50.0,36,72
20,0.55,3.5,1.5,1.45,250.0,250.0,True,200,33.3,2539.91,1.226,34.0,1016.14,2.5,47.22,34,72
20,0.55,3.5,1.5,1.45,300.0,300.0,True,208,34.7,1991.18,1.167,33.17,1096.79,1.82,47.22,34,72
20,0.55,3.5,1.5,,0.0,0.0,False,827,137.8,2726.75,1.052,31.92,3268.48,0.83,48.61,35,72
20,0.55,3.5,1.5,,200.0,250.0,False,331,55.2,2432.27,1.133,34.14,1989.08,1.22,56.94,41,72
20,0.55,3.5,1.5,,250.0,250.0,False,383,63.8,2205.1,1.102,33.16,1790.36,1.23,50.0,36,72
20,0.55,3.5,1.5,,300.0,300.0,False,432,72.0,3044.18,1.125,32.87,2165.04,1.41,51.39,37,72
20,0.55,3.5,2.0,1.35,0.0,0.0,True,169,28.2,2043.84,1.168,39.64,1329.68,1.54,51.39,37,72
20,0.55,3.5,2.0,1.35,200.0,250.0,True,120,20.0,1769.87,1.219,41.67,877.11,2.02,50.0,36,72
20,0.55,3.5,2.0,1.35,250.0,250.0,True,135,22.5,1604.56,1.172,41.48,1120.96,1.43,48.61,35,72
20,0.55,3.5,2.0,1.35,300.0,300.0,True,147,24.5,2443.17,1.241,41.5,1120.96,2.18,50.0,36,72
20,0.55,3.5,2.0,1.4,0.0,0.0,True,207,34.5,1215.24,1.08,37.68,1812.25,0.67,52.78,38,72
20,0.55,3.5,2.0,1.4,200.0,250.0,True,141,23.5,1405.07,1.149,40.43,1310.63,1.07,52.78,38,72
20,0.55,3.5,2.0,1.4,250.0,250.0,True,156,26.0,1419.58,1.134,40.38,1503.39,0.94,48.61,35,72
20,0.55,3.5,2.0,1.4,300.0,300.0,True,169,28.2,2404.86,1.21,40.83,1532.96,1.57,50.0,36,72
20,0.55,3.5,2.0,1.45,0.0,0.0,True,241,40.2,162.5,1.009,36.51,1906.46,0.09,48.61,35,72
20,0.55,3.5,2.0,1.45,200.0,250.0,True,159,26.5,2029.77,1.196,40.25,967.73,2.1,51.39,37,72
20,0.55,3.5,2.0,1.45,250.0,250.0,True,179,29.8,1837.55,1.153,40.22,1404.43,1.31,47.22,34,72
20,0.55,3.5,2.0,1.45,300.0,300.0,True,194,32.3,2507.74,1.191,40.21,1404.43,1.79,48.61,35,72
20,0.55,3.5,2.0,,0.0,0.0,False,779,129.8,380.14,1.006,37.36,4431.14,0.09,51.39,37,72
20,0.55,3.5,2.0,,200.0,250.0,False,293,48.8,2568.91,1.136,41.3,1637.28,1.57,56.94,41,72
20,0.55,3.5,2.0,,250.0,250.0,False,346,57.7,447.44,1.019,38.73,2087.32,0.21,48.61,35,72
20,0.55,3.5,2.0,,300.0,300.0,False,391,65.2,1026.38,1.038,38.36,2484.64,0.41,50.0,36,72
20,0.55,3.5,2.5,1.35,0.0,0.0,True,168,28.0,3199.77,1.241,46.43,1357.68,2.36,52.78,38,72
20,0.55,3.5,2.5,1.35,200.0,250.0,True,112,18.7,2215.02,1.266,48.21,1025.5,2.16,54.17,39,72
20,0.55,3.5,2.5,1.35,250.0,250.0,True,128,21.3,1902.17,1.193,47.66,1111.31,1.71,51.39,37,72
20,0.55,3.5,2.5,1.35,300.0,300.0,True,139,23.2,2350.25,1.22,47.48,1111.31,2.11,50.0,36,72
20,0.55,3.5,2.5,1.4,0.0,0.0,True,205,34.2,2413.7,1.145,44.39,2065.97,1.17,51.39,37,72
20,0.55,3.5,2.5,1.4,200.0,250.0,True,131,21.8,1947.53,1.201,46.56,1506.18,1.29,55.56,40,72
20,0.55,3.5,2.5,1.4,250.0,250.0,True,147,24.5,1823.3,1.164,46.26,1746.36,1.04,50.0,36,72
20,0.55,3.5,2.5,1.4,300.0,300.0,True,162,27.0,3020.08,1.247,46.91,1650.12,1.83,50.0,36,72
20,0.55,3.5,2.5,1.45,0.0,0.0,True,238,39.7,859.63,1.042,42.86,1726.92,0.5,54.17,39,72
20,0.55,3.5,2.5,1.45,200.0,250.0,True,151,25.2,1777.83,1.156,45.7,1135.01,1.57,56.94,41,72
20,0.55,3.5,2.5,1.45,250.0,250.0,True,171,28.5,1492.62,1.112,45.61,1196.1,1.25,51.39,37,72
20,0.55,3.5,2.5,1.45,300.0,300.0,True,183,30.5,1826.15,1.128,45.36,1222.13,1.49,51.39,37,72
20,0.55,3.5,2.5,,0.0,0.0,False,718,119.7,1195.75,1.019,43.45,4846.78,0.25,52.78,38,72
20,0.55,3.5,2.5,,200.0,250.0,False,266,44.3,-1074.06,0.949,42.11,2497.83,-0.43,52.78,38,72
20,0.55,3.5,2.5,,250.0,250.0,False,307,51.2,-40.31,0.998,43.65,2002.62,-0.02,50.0,36,72
20,0.55,3.5,2.5,,300.0,300.0,False,349,58.2,1278.24,1.048,44.7,2363.71,0.54,51.39,37,72
20,0.55,4.0,1.5,1.35,0.0,0.0,True,170,28.3,2727.27,1.259,31.76,1185.41,2.3,41.67,30,72
20,0.55,4.0,1.5,1.35,200.0,250.0,True,126,21.0,3443.21,1.481,35.71,619.02,5.56,48.61,35,72
20,0.55,4.0,1.5,1.35,250.0,250.0,True,142,23.7,3751.41,1.461,34.51,858.6,4.37,44.44,32,72
20,0.55,4.0,1.5,1.35,300.0,300.0,True,152,25.3,3148.31,1.352,32.89,1113.54,2.83,43.06,31,72
20,0.55,4.0,1.5,1.4,0.0,0.0,True,207,34.5,3124.25,1.246,31.4,1217.38,2.57,51.39,37,72
20,0.55,4.0,1.5,1.4,200.0,250.0,True,143,23.8,3366.71,1.417,34.97,801.75,4.2,54.17,39,72
20,0.55,4.0,1.5,1.4,250.0,250.0,True,171,28.5,3237.6,1.331,32.75,1021.55,3.17,50.0,36,72
20,0.55,4.0,1.5,1.4,300.0,300.0,True,178,29.7,3484.73,1.341,33.15,1020.57,3.41,50.0,36,72
20,0.55,4.0,1.5,1.45,0.0,0.0,True,241,40.2,2138.26,1.14,29.88,1488.86,1.44,50.0,36,72
20,0.55,4.0,1.5,1.45,200.0,250.0,True,161,26.8,3691.54,1.413,34.16,880.02,4.19,56.94,41,72
20,0.55,4.0,1.5,1.45,250.0,250.0,True,196,32.7,3005.56,1.265,31.63,1209.87,2.48,51.39,37,72
20,0.55,4.0,1.5,1.45,300.0,300.0,True,207,34.5,2907.3,1.239,31.4,1377.03,2.11,51.39,37,72
20,0.55,4.0,1.5,,0.0,0.0,False,800,133.3,5131.3,1.097,29.5,3225.18,1.59,51.39,37,72
20,0.55,4.0,1.5,,200.0,250.0,False,310,51.7,2666.85,1.155,31.29,1418.22,1.88,56.94,41,72
20,0.55,4.0,1.5,,250.0,250.0,False,361,60.2,2251.53,1.108,30.47,1991.14,1.13,51.39,37,72
20,0.55,4.0,1.5,,300.0,300.0,False,415,69.2,2655.13,1.11,30.12,2105.62,1.26,50.0,36,72
20,0.55,4.0,2.0,1.35,0.0,0.0,True,168,28.0,3294.5,1.267,38.1,1300.45,2.53,47.22,34,72
20,0.55,4.0,2.0,1.35,200.0,250.0,True,115,19.2,2382.32,1.296,40.0,822.26,2.9,47.22,34,72
20,0.55,4.0,2.0,1.35,250.0,250.0,True,128,21.3,2730.78,1.306,39.84,1091.73,2.5,45.83,33,72
20,0.55,4.0,2.0,1.35,300.0,300.0,True,141,23.5,3193.15,1.321,39.72,1091.73,2.92,45.83,33,72
20,0.55,4.0,2.0,1.4,0.0,0.0,True,204,34.0,3054.66,1.201,36.76,1628.8,1.88,55.56,40,72
20,0.55,4.0,2.0,1.4,200.0,250.0,True,133,22.2,2055.79,1.222,39.1,1222.08,1.68,52.78,38,72
20,0.55,4.0,2.0,1.4,250.0,250.0,True,154,25.7,2447.22,1.23,38.96,1313.57,1.86,51.39,37,72
20,0.55,4.0,2.0,1.4,300.0,300.0,True,163,27.2,3647.19,1.327,39.88,1415.37,2.58,52.78,38,72
20,0.55,4.0,2.0,1.45,0.0,0.0,True,237,39.5,1598.09,1.087,35.02,2187.15,0.73,52.78,38,72
20,0.55,4.0,2.0,1.45,200.0,250.0,True,151,25.2,2450.22,1.238,38.41,1180.51,2.08,51.39,37,72
20,0.55,4.0,2.0,1.45,250.0,250.0,True,177,29.5,2612.58,1.213,38.42,1617.21,1.62,50.0,36,72
20,0.55,4.0,2.0,1.45,300.0,300.0,True,188,31.3,3212.07,1.244,38.3,1617.21,1.99,51.39,37,72
20,0.55,4.0,2.0,,0.0,0.0,False,750,125.0,3063.82,1.05,34.93,4441.84,0.69,54.17,39,72
20,0.55,4.0,2.0,,200.0,250.0,False,244,40.7,1889.63,1.115,37.7,1976.02,0.96,55.56,40,72
20,0.55,4.0,2.0,,250.0,250.0,False,313,52.2,1506.0,1.07,36.42,1972.71,0.76,48.61,35,72
20,0.55,4.0,2.0,,300.0,300.0,False,369,61.5,5169.67,1.199,37.4,1973.93,2.62,55.56,40,72
20,0.55,4.0,2.5,1.35,0.0,0.0,True,166,27.7,4872.1,1.363,45.18,1230.87,3.96,55.56,40,72
20,0.55,4.0,2.5,1.35,200.0,250.0,True,107,17.8,3224.25,1.396,47.66,1025.5,3.14,55.56,40,72
20,0.55,4.0,2.5,1.35,250.0,250.0,True,120,20.0,3359.38,1.364,46.67,1056.47,3.18,54.17,39,72
20,0.55,4.0,2.5,1.35,300.0,300.0,True,132,22.0,2923.08,1.28,45.45,1111.31,2.63,52.78,38,72
20,0.55,4.0,2.5,1.4,0.0,0.0,True,200,33.3,4489.13,1.272,43.5,1939.16,2.31,56.94,41,72
20,0.55,4.0,2.5,1.4,200.0,250.0,True,123,20.5,3044.19,1.327,46.34,1484.54,2.05,56.94,41,72
20,0.55,4.0,2.5,1.4,250.0,250.0,True,144,24.0,3096.95,1.28,45.14,1484.54,2.09,52.78,38,72
20,0.55,4.0,2.5,1.4,300.0,300.0,True,155,25.8,4523.86,1.385,46.45,1650.12,2.74,54.17,39,72
20,0.55,4.0,2.5,1.45,0.0,0.0,True,232,38.7,2496.15,1.123,41.38,1567.31,1.59,54.17,39,72
20,0.55,4.0,2.5,1.45,200.0,250.0,True,139,23.2,2481.36,1.226,44.6,1135.01,2.19,56.94,41,72
20,0.55,4.0,2.5,1.45,250.0,250.0,True,167,27.8,2304.92,1.171,43.71,1600.58,1.44,51.39,37,72
20,0.55,4.0,2.5,1.45,300.0,300.0,True,175,29.2,2753.91,1.196,44.0,1418.12,1.94,51.39,37,72
20,0.55,4.0,2.5,,0.0,0.0,False,683,113.8,3181.7,1.05,40.56,5041.43,0.63,55.56,40,72
20,0.55,4.0,2.5,,200.0,250.0,False,239,39.8,-48.57,0.997,39.75,2008.63,-0.02,52.78,38,72
20,0.55,4.0,2.5,,250.0,250.0,False,273,45.5,-70.25,0.997,39.56,2008.63,-0.03,50.0,36,72
20,0.55,4.0,2.5,,300.0,300.0,False,324,54.0,2145.85,1.082,41.67,1990.22,1.08,51.39,37,72
20,0.55,4.5,1.5,1.35,0.0,0.0,True,167,27.8,2778.14,1.258,28.74,1453.26,1.91,41.67,30,72
20,0.55,4.5,1.5,1.35,200.0,250.0,True,126,21.0,3699.84,1.501,32.54,736.65,5.02,47.22,34,72
20,0.55,4.5,1.5,1.35,250.0,250.0,True,134,22.3,3857.7,1.494,32.09,736.65,5.24,45.83,33,72
20,0.55,4.5,1.5,1.35,300.0,300.0,True,150,25.0,3733.14,1.414,30.67,1381.39,2.7,43.06,31,72
20,0.55,4.5,1.5,1.4,0.0,0.0,True,203,33.8,2687.59,1.206,28.08,1751.15,1.53,50.0,36,72
20,0.55,4.5,1.5,1.4,200.0,250.0,True,139,23.2,4077.75,1.508,33.81,904.36,4.51,52.78,38,72
20,0.55,4.5,1.5,1.4,250.0,250.0,True,150,25.0,4001.43,1.461,32.67,904.36,4.42,51.39,37,72
20,0.55,4.5,1.5,1.4,300.0,300.0,True,179,29.8,3757.54,1.356,30.17,1593.05,2.36,48.61,35,72
20,0.55,4.5,1.5,1.45,0.0,0.0,True,237,39.5,1897.78,1.122,27.0,1819.15,1.04,50.0,36,72
20,0.55,4.5,1.5,1.45,200.0,250.0,True,155,25.8,4655.93,1.535,33.55,960.99,4.84,55.56,40,72
20,0.55,4.5,1.5,1.45,250.0,250.0,True,167,27.8,4445.75,1.465,32.34,960.99,4.63,52.78,38,72
20,0.55,4.5,1.5,1.45,300.0,300.0,True,207,34.5,3656.04,1.295,29.47,1400.78,2.61,50.0,36,72
20,0.55,4.5,1.5,,0.0,0.0,False,776,129.3,4612.97,1.086,27.19,4369.2,1.06,54.17,39,72
20,0.55,4.5,1.5,,200.0,250.0,False,295,49.2,3049.7,1.179,30.17,1533.12,1.99,58.33,42,72
20,0.55,4.5,1.5,,250.0,250.0,False,342,57.0,2734.64,1.138,29.24,1622.48,1.69,55.56,40,72
20,0.55,4.5,1.5,,300.0,300.0,False,419,69.8,3365.25,1.136,28.88,2380.82,1.41,55.56,40,72
20,0.55,4.5,2.0,1.35,0.0,0.0,True,165,27.5,3415.19,1.269,35.15,1389.5,2.46,47.22,34,72
20,0.55,4.5,2.0,1.35,200.0,250.0,True,112,18.7,2816.53,1.349,38.39,1171.63,2.4,47.22,34,72
20,0.55,4.5,2.0,1.35,250.0,250.0,True,120,20.0,2838.68,1.329,37.5,1171.63,2.42,45.83,33,72
20,0.55,4.5,2.0,1.35,300.0,300.0,True,139,23.2,3710.0,1.368,37.41,1171.63,3.17,45.83,33,72
20,0.55,4.5,2.0,1.4,0.0,0.0,True,200,33.3,3323.94,1.215,34.0,2164.51,1.54,52.78,38,72
20,0.55,4.5,2.0,1.4,200.0,250.0,True,127,21.2,2255.95,1.245,37.01,1253.42,1.8,50.0,36,72
20,0.55,4.5,2.0,1.4,250.0,250.0,True,138,23.0,2371.06,1.238,36.23,1253.42,1.89,48.61,35,72
20,0.55,4.5,2.0,1.4,300.0,300.0,True,164,27.3,3320.39,1.281,35.98,1732.42,1.92,48.61,35,72
20,0.55,4.5,2.0,1.45,0.0,0.0,True,233,38.8,2084.77,1.112,32.62,2339.71,0.89,52.78,38,72
20,0.55,4.5,2.0,1.45,200.0,250.0,True,141,23.5,3206.33,1.328,37.59,1369.94,2.34,54.17,39,72
20,0.55,4.5,2.0,1.45,250.0,250.0,True,153,25.5,3202.69,1.299,36.6,1369.94,2.34,51.39,37,72
20,0.55,4.5,2.0,1.45,300.0,300.0,True,189,31.5,3081.45,1.223,34.92,1806.64,1.71,50.0,36,72
20,0.55,4.5,2.0,,0.0,0.0,False,720,120.0,2865.43,1.047,32.36,5802.59,0.49,59.72,43,72
20,0.55,4.5,2.0,,200.0,250.0,False,245,40.8,1665.36,1.096,35.92,2344.17,0.71,56.94,41,72
20,0.55,4.5,2.0,,250.0,250.0,False,276,46.0,2026.21,1.104,35.51,2494.26,0.81,54.17,39,72
20,0.55,4.5,2.0,,300.0,300.0,False,368,61.3,5581.05,1.215,35.87,1670.36,3.34,58.33,42,72
20,0.55,4.5,2.5,1.35,0.0,0.0,True,162,27.0,4419.1,1.314,41.36,1138.69,3.88,51.39,37,72
20,0.55,4.5,2.5,1.35,200.0,250.0,True,105,17.5,2503.41,1.287,42.86,1305.72,1.92,50.0,36,72
20,0.55,4.5,2.5,1.35,250.0,250.0,True,111,18.5,3346.27,1.375,44.14,1305.72,2.56,51.39,37,72
20,0.55,4.5,2.5,1.35,300.0,300.0,True,128,21.3,2392.58,1.221,41.41,1305.72,1.83,48.61,35,72
20,0.55,4.5,2.5,1.4,0.0,0.0,True,195,32.5,4223.24,1.247,40.0,1812.32,2.33,52.78,38,72
20,0.55,4.5,2.5,1.4,200.0,250.0,True,118,19.7,2117.28,1.216,41.53,1462.91,1.45,50.0,36,72
20,0.55,4.5,2.5,1.4,250.0,250.0,True,127,21.2,3008.89,1.293,42.52,1462.91,2.06,51.39,37,72
20,0.55,4.5,2.5,1.4,300.0,300.0,True,153,25.5,3528.29,1.28,41.83,1625.88,2.17,48.61,35,72
20,0.55,4.5,2.5,1.45,0.0,0.0,True,226,37.7,2575.59,1.124,38.5,1797.84,1.43,52.78,38,72
20,0.55,4.5,2.5,1.45,200.0,250.0,True,134,22.3,2413.01,1.217,41.79,1492.14,1.62,51.39,37,72
20,0.55,4.5,2.5,1.45,250.0,250.0,True,142,23.7,3432.8,1.299,42.96,1492.14,2.3,52.78,38,72
20,0.55,4.5,2.5,1.45,300.0,300.0,True,172,28.7,2637.4,1.182,41.28,1577.16,1.67,47.22,34,72
20,0.55,4.5,2.5,,0.0,0.0,False,647,107.8,5499.53,1.087,38.79,5656.53,0.97,61.11,44,72
20,0.55,4.5,2.5,,200.0,250.0,False,229,38.2,1075.0,1.056,39.74,2293.65,0.47,54.17,39,72
20,0.55,4.5,2.5,,250.0,250.0,False,262,43.7,2341.82,1.109,40.08,2058.16,1.14,51.39,37,72
20,0.55,4.5,2.5,,300.0,300.0,False,308,51.3,5344.83,1.219,42.21,2058.16,2.6,55.56,40,72
20,0.55,5.0,1.5,1.35,0.0,0.0,True,166,27.7,2801.64,1.253,26.51,1676.51,1.67,44.44,32,72
20,0.55,5.0,1.5,1.35,200.0,250.0,True,125,20.8,3439.01,1.447,29.6,977.91,3.52,45.83,33,72
20,0.55,5.0,1.5,1.35,250.0,250.0,True,131,21.8,2993.35,1.368,28.24,977.91,3.06,45.83,33,72
20,0.55,5.0,1.5,1.35,300.0,300.0,True,141,23.5,2957.9,1.336,27.66,1324.98,2.23,45.83,33,72
20,0.55,5.0,1.5,1.4,0.0,0.0,True,202,33.7,2299.81,1.17,25.74,1963.97,1.17,48.61,35,72
20,0.55,5.0,1.5,1.4,200.0,250.0,True,143,23.8,2852.41,1.32,29.37,1252.38,2.28,48.61,35,72
20,0.55,5.0,1.5,1.4,250.0,250.0,True,151,25.2,2278.59,1.24,27.81,1252.38,1.82,48.61,35,72
20,0.55,5.0,1.5,1.4,300.0,300.0,True,170,28.3,1828.29,1.169,26.47,1428.87,1.28,47.22,34,72
20,0.55,5.0,1.5,1.45,0.0,0.0,True,235,39.2,1755.76,1.11,25.11,1930.88,0.91,50.0,36,72
20,0.55,5.0,1.5,1.45,200.0,250.0,True,154,25.7,3861.31,1.416,30.52,1364.61,2.83,52.78,38,72
20,0.55,5.0,1.5,1.45,250.0,250.0,True,168,28.0,3582.87,1.353,29.17,1364.61,2.63,51.39,37,72
20,0.55,5.0,1.5,1.45,300.0,300.0,True,195,32.5,1877.13,1.151,26.15,1533.93,1.22,50.0,36,72
20,0.55,5.0,1.5,,0.0,0.0,False,760,126.7,4682.55,1.088,25.66,3209.46,1.46,58.33,42,72
20,0.55,5.0,1.5,,200.0,250.0,False,263,43.8,2615.03,1.164,28.9,1490.83,1.75,55.56,40,72
20,0.55,5.0,1.5,,250.0,250.0,False,325,54.2,2082.98,1.106,27.38,1280.58,1.63,50.0,36,72
20,0.55,5.0,1.5,,300.0,300.0,False,388,64.7,4695.82,1.204,28.09,1512.1,3.11,54.17,39,72
20,0.55,5.0,2.0,1.35,0.0,0.0,True,163,27.2,3110.39,1.238,32.52,1454.95,2.14,44.44,32,72
20,0.55,5.0,2.0,1.35,200.0,250.0,True,111,18.5,3242.32,1.399,36.04,1117.3,2.9,44.44,32,72
20,0.55,5.0,2.0,1.35,250.0,250.0,True,121,20.2,3026.37,1.338,34.71,1117.3,2.71,43.06,31,72
20,0.55,5.0,2.0,1.35,300.0,300.0,True,134,22.3,2714.73,1.266,33.58,1117.3,2.43,43.06,31,72
20,0.55,5.0,2.0,1.4,0.0,0.0,True,198,33.0,3315.14,1.21,31.82,2060.19,1.61,51.39,37,72
20,0.55,5.0,2.0,1.4,200.0,250.0,True,124,20.7,3217.7,1.355,36.29,1215.26,2.65,50.0,36,72
20,0.55,5.0,2.0,1.4,250.0,250.0,True,133,22.2,2272.09,1.227,33.83,1349.54,1.68,47.22,34,72
20,0.55,5.0,2.0,1.4,300.0,300.0,True,158,26.3,2313.64,1.194,32.91,1564.3,1.48,47.22,34,72
20,0.55,5.0,2.0,1.45,0.0,0.0,True,230,38.3,2358.43,1.125,30.87,2099.43,1.12,50.0,36,72
20,0.55,5.0,2.0,1.45,200.0,250.0,True,133,22.2,5173.42,1.576,39.1,1037.67,4.99,56.94,41,72
20,0.55,5.0,2.0,1.45,250.0,250.0,True,148,24.7,4005.3,1.38,35.81,1308.24,3.06,51.39,37,72
20,0.55,5.0,2.0,1.45,300.0,300.0,True,177,29.5,2600.66,1.195,32.77,1744.94,1.49,48.61,35,72
20,0.55,5.0,2.0,,0.0,0.0,False,697,116.2,2957.5,1.049,30.56,4966.39,0.6,58.33,42,72
20,0.55,5.0,2.0,,200.0,250.0,False,214,35.7,1680.07,1.107,34.11,2239.38,0.75,55.56,40,72
20,0.55,5.0,2.0,,250.0,250.0,False,263,43.8,2007.86,1.105,33.46,2239.38,0.9,52.78,38,72
20,0.55,5.0,2.0,,300.0,300.0,False,318,53.0,5415.54,1.237,34.59,1558.83,3.47,59.72,43,72
20,0.55,5.0,2.5,1.35,0.0,0.0,True,160,26.7,3390.79,1.228,37.5,1506.62,2.25,44.44,32,72
20,0.55,5.0,2.5,1.35,200.0,250.0,True,105,17.5,3268.14,1.372,40.95,1251.39,2.61,48.61,35,72
20,0.55,5.0,2.5,1.35,250.0,250.0,True,114,19.0,2936.72,1.303,39.47,1251.39,2.35,47.22,34,72
20,0.55,5.0,2.5,1.35,300.0,300.0,True,126,21.0,2204.82,1.199,37.3,1251.39,1.76,45.83,33,72
20,0.55,5.0,2.5,1.4,0.0,0.0,True,193,32.2,3509.06,1.197,36.79,2214.91,1.58,48.61,35,72
20,0.55,5.0,2.5,1.4,200.0,250.0,True,115,19.2,3463.37,1.364,41.74,1409.94,2.46,51.39,37,72
20,0.55,5.0,2.5,1.4,250.0,250.0,True,125,20.8,2572.75,1.241,39.2,1517.36,1.7,48.61,35,72
20,0.55,5.0,2.5,1.4,300.0,300.0,True,149,24.8,3361.65,1.262,38.26,1618.77,2.08,48.61,35,72
20,0.55,5.0,2.5,1.45,0.0,0.0,True,223,37.2,1938.46,1.09,35.43,1831.18,1.06,48.61,35,72
20,0.55,5.0,2.5,1.45,200.0,250.0,True,128,21.3,4584.62,1.448,42.97,1387.35,3.3,56.94,41,72
20,0.55,5.0,2.5,1.45,250.0,250.0,True,140,23.3,3266.06,1.275,40.0,1387.35,2.35,51.39,37,72
20,0.55,5.0,2.5,1.45,300.0,300.0,True,164,27.3,2576.75,1.181,37.8,1581.77,1.63,48.61,35,72
20,0.55,5.0,2.5,,0.0,0.0,False,618,103.0,3776.52,1.06,36.25,4667.42,0.81,55.56,40,72
20,0.55,5.0,2.5,,200.0,250.0,False,214,35.7,2133.15,1.116,38.79,2747.71,0.78,55.56,40,72
20,0.55,5.0,2.5,,250.0,250.0,False,241,40.2,2055.14,1.101,38.17,2747.71,0.75,52.78,38,72
20,0.55,5.0,2.5,,300.0,300.0,False,295,49.2,4685.86,1.192,39.32,2483.04,1.89,54.17,39,72
20,0.6,3.5,1.5,1.35,0.0,0.0,True,175,29.2,676.02,1.063,33.14,937.74,0.72,43.06,31,72
20,0.6,3.5,1.5,1.35,200.0,250.0,True,145,24.2,32.08,1.004,32.41,1439.22,0.02,41.67,30,72
20,0.6,3.5,1.5,1.35,250.0,250.0,True,154,25.7,449.43,1.047,33.77,1439.22,0.31,40.28,29,72
20,0.6,3.5,1.5,1.35,300.0,300.0,True,158,26.3,579.44,1.06,34.18,1439.22,0.4,40.28,29,72
20,0.6,3.5,1.5,1.4,0.0,0.0,True,214,35.7,-371.34,0.973,31.31,1901.28,-0.2,43.06,31,72
20,0.6,3.5,1.5,1.4,200.0,250.0,True,159,26.5,-1475.97,0.861,28.93,1765.58,-0.84,43.06,31,72
20,0.6,3.5,1.5,1.4,250.0,250.0,True,168,28.0,-619.76,0.943,30.95,1698.59,-0.36,41.67,30,72
20,0.6,3.5,1.5,1.4,300.0,300.0,True,182,30.3,-164.56,0.986,31.87,1869.34,-0.09,43.06,31,72
20,0.6,3.5,1.5,1.45,0.0,0.0,True,252,42.0,1686.38,1.108,33.73,1872.41,0.9,48.61,35,72
20,0.6,3.5,1.5,1.45,200.0,250.0,True,177,29.5,706.88,1.065,32.2,1370.32,0.52,50.0,36,72
20,0.6,3.5,1.5,1.45,250.0,250.0,True,193,32.2,1439.06,1.123,33.68,1604.95,0.9,48.61,35,72
20,0.6,3.5,1.5,1.45,300.0,300.0,True,209,34.8,2259.21,1.182,34.93,1542.21,1.46,50.0,36,72
20,0.6,3.5,1.5,,0.0,0.0,False,809,134.8,4716.12,1.092,32.63,3508.54,1.34,52.78,38,72
20,0.6,3.5,1.5,,200.0,250.0,False,361,60.2,1682.63,1.086,32.41,1868.01,0.9,52.78,38,72
20,0.6,3.5,1.5,,250.0,250.0,False,392,65.3,4081.31,1.19,33.93,1763.67,2.31,51.39,37,72
20,0.6,3.5,1.5,,300.0,300.0,False,462,77.0,5945.55,1.24,34.63,1439.99,4.13,54.17,39,72
20,0.6,3.5,2.0,1.35,0.0,0.0,True,173,28.8,398.12,1.031,38.73,1098.98,0.36,45.83,33,72
20,0.6,3.5,2.0,1.35,200.0,250.0,True,126,21.0,-32.11,0.997,39.68,1695.22,-0.02,41.67,30,72
20,0.6,3.5,2.0,1.35,250.0,250.0,True,135,22.5,219.88,1.022,40.74,1695.22,0.13,41.67,30,72
20,0.6,3.5,2.0,1.35,300.0,300.0,True,142,23.7,748.23,1.073,40.85,1233.96,0.61,43.06,31,72
20,0.6,3.5,2.0,1.4,0.0,0.0,True,212,35.3,-1463.31,0.913,36.32,2260.06,-0.65,45.83,33,72
20,0.6,3.5,2.0,1.4,200.0,250.0,True,139,23.2,-786.88,0.925,37.41,1572.62,-0.5,43.06,31,72
20,0.6,3.5,2.0,1.4,250.0,250.0,True,148,24.7,-30.41,0.997,39.19,1572.62,-0.02,43.06,31,72
20,0.6,3.5,2.0,1.4,300.0,300.0,True,166,27.7,405.96,1.033,39.76,1699.84,0.24,45.83,33,72
20,0.6,3.5,2.0,1.45,0.0,0.0,True,250,41.7,16.41,1.001,38.0,2522.17,0.01,47.22,34,72
20,0.6,3.5,2.0,1.45,200.0,250.0,True,158,26.3,1211.85,1.11,39.87,1486.95,0.81,47.22,34,72
20,0.6,3.5,2.0,1.45,250.0,250.0,True,174,29.0,1681.24,1.139,40.8,1486.95,1.13,44.44,32,72
20,0.6,3.5,2.0,1.45,300.0,300.0,True,190,31.7,1828.37,1.136,41.58,1669.6,1.1,45.83,33,72
20,0.6,3.5,2.0,,0.0,0.0,False,765,127.5,1380.78,1.023,37.78,4771.3,0.29,54.17,39,72
20,0.6,3.5,2.0,,200.0,250.0,False,301,50.2,555.76,1.028,38.21,1968.08,0.28,51.39,37,72
20,0.6,3.5,2.0,,250.0,250.0,False,344,57.3,488.28,1.021,38.37,1921.34,0.25,47.22,34,72
20,0.6,3.5,2.0,,300.0,300.0,False,397,66.2,2192.69,1.082,39.55,2625.61,0.84,52.78,38,72
20,0.6,3.5,2.5,1.35,0.0,0.0,True,171,28.5,340.33,1.023,43.86,1627.07,0.21,43.06,31,72
20,0.6,3.5,2.5,1.35,200.0,250.0,True,117,19.5,-251.42,0.974,44.44,1997.39,-0.13,41.67,30,72
20,0.6,3.5,2.5,1.35,250.0,250.0,True,126,21.0,-164.81,0.985,45.24,1997.39,-0.08,40.28,29,72
20,0.6,3.5,2.5,1.35,300.0,300.0,True,138,23.0,730.03,1.063,44.93,1600.69,0.46,41.67,30,72
20,0.6,3.5,2.5,1.4,0.0,0.0,True,209,34.8,-1710.66,0.911,41.63,2846.78,-0.6,43.06,31,72
20,0.6,3.5,2.5,1.4,200.0,250.0,True,133,22.2,-1378.37,0.882,41.35,2033.76,-0.68,41.67,30,72
20,0.6,3.5,2.5,1.4,250.0,250.0,True,142,23.7,-721.65,0.941,42.96,1929.38,-0.37,40.28,29,72
20,0.6,3.5,2.5,1.4,300.0,300.0,True,153,25.5,-1016.48,0.924,41.83,2205.75,-0.46,40.28,29,72
20,0.6,3.5,2.5,1.45,0.0,0.0,True,246,41.0,-502.82,0.977,43.09,3048.36,-0.16,41.67,30,72
20,0.6,3.5,2.5,1.45,200.0,250.0,True,154,25.7,269.41,1.021,43.51,1795.73,0.15,47.22,34,72
20,0.6,3.5,2.5,1.45,250.0,250.0,True,170,28.3,475.98,1.034,44.12,2140.39,0.22,41.67,30,72
20,0.6,3.5,2.5,1.45,300.0,300.0,True,183,30.5,645.58,1.043,43.72,2306.13,0.28,41.67,30,72
20,0.6,3.5,2.5,,0.0,0.0,False,707,117.8,2256.29,1.036,43.56,6094.36,0.37,48.61,35,72
20,0.6,3.5,2.5,,200.0,250.0,False,266,44.3,1273.03,1.064,44.36,1866.98,0.68,55.56,40,72
20,0.6,3.5,2.5,,250.0,250.0,False,293,48.8,1814.89,1.082,45.05,1968.12,0.92,52.78,38,72
20,0.6,3.5,2.5,,300.0,300.0,False,338,56.3,-389.07,0.985,42.9,3367.19,-0.12,48.61,35,72
20,0.6,4.0,1.5,1.35,0.0,0.0,True,174,29.0,1935.42,1.178,32.18,1020.77,1.9,41.67,30,72
20,0.6,4.0,1.5,1.35,200.0,250.0,True,133,22.2,1558.64,1.195,32.33,1218.76,1.28,43.06,31,72
20,0.6,4.0,1.5,1.35,250.0,250.0,True,149,24.8,1396.7,1.151,32.21,1331.34,1.05,38.89,28,72
20,0.6,4.0,1.5,1.35,300.0,300.0,True,158,26.3,1574.21,1.16,32.91,1331.34,1.18,38.89,28,72
20,0.6,4.0,1.5,1.4,0.0,0.0,True,211,35.2,1389.0,1.101,30.81,1510.57,0.92,44.44,32,72
20,0.6,4.0,1.5,1.4,200.0,250.0,True,145,24.2,774.77,1.084,30.34,1244.09,0.62,45.83,33,72
20,0.6,4.0,1.5,1.4,250.0,250.0,True,164,27.3,345.68,1.032,29.88,1403.63,0.25,41.67,30,72
20,0.6,4.0,1.5,1.4,300.0,300.0,True,177,29.5,738.6,1.064,30.51,1574.38,0.47,43.06,31,72
20,0.6,4.0,1.5,1.45,0.0,0.0,True,248,41.3,2705.69,1.172,32.66,1652.64,1.64,48.61,35,72
20,0.6,4.0,1.5,1.45,200.0,250.0,True,168,28.0,2210.25,1.217,33.33,1258.75,1.76,54.17,39,72
20,0.6,4.0,1.5,1.45,250.0,250.0,True,193,32.2,1612.8,1.133,32.12,1378.92,1.17,47.22,34,72
20,0.6,4.0,1.5,1.45,300.0,300.0,True,206,34.3,2299.08,1.179,33.01,1429.5,1.61,48.61,35,72
20,0.6,4.0,1.5,,0.0,0.0,False,777,129.5,6154.98,1.122,30.63,2579.73,2.39,56.94,41,72
20,0.6,4.0,1.5,,200.0,250.0,False,332,55.3,1892.07,1.101,30.12,1423.88,1.33,55.56,40,72
20,0.6,4.0,1.5,,250.0,250.0,False,372,62.0,2083.23,1.098,30.65,1470.32,1.42,51.39,37,72
20,0.6,4.0,1.5,,300.0,300.0,False,432,72.0,4727.8,1.193,31.48,1401.8,3.37,56.94,41,72
20,0.6,4.0,2.0,1.35,0.0,0.0,True,172,28.7,2101.99,1.163,38.37,1287.26,1.63,48.61,35,72
20,0.6,4.0,2.0,1.35,200.0,250.0,True,114,19.0,972.94,1.118,39.47,1452.84,0.67,47.22,34,72
20,0.6,4.0,2.0,1.35,250.0,250.0,True,131,21.8,1706.55,1.182,40.46,1601.91,1.07,44.44,32,72
20,0.6,4.0,2.0,1.35,300.0,300.0,True,141,23.5,1773.62,1.171,39.72,1518.52,1.17,45.83,33,72
20,0.6,4.0,2.0,1.4,0.0,0.0,True,209,34.8,625.24,1.037,35.89,1806.18,0.35,50.0,36,72
20,0.6,4.0,2.0,1.4,200.0,250.0,True,129,21.5,1316.96,1.14,39.53,1501.79,0.88,50.0,36,72
20,0.6,4.0,2.0,1.4,250.0,250.0,True,147,24.5,1022.01,1.093,38.1,1501.79,0.68,45.83,33,72
20,0.6,4.0,2.0,1.4,300.0,300.0,True,162,27.0,1732.23,1.142,38.89,1891.96,0.92,48.61,35,72
20,0.6,4.0,2.0,1.45,0.0,0.0,True,246,41.0,1295.23,1.067,36.99,2214.01,0.59,55.56,40,72
20,0.6,4.0,2.0,1.45,200.0,250.0,True,148,24.7,2420.33,1.231,41.22,1170.56,2.07,56.94,41,72
20,0.6,4.0,2.0,1.45,250.0,250.0,True,173,28.8,1901.52,1.151,39.31,1425.77,1.33,51.39,37,72
20,0.6,4.0,2.0,1.45,300.0,300.0,True,186,31.0,1647.31,1.118,39.25,1944.49,0.85,52.78,38,72
20,0.6,4.0,2.0,,0.0,0.0,False,730,121.7,3162.42,1.054,35.48,4350.79,0.73,52.78,38,72
20,0.6,4.0,2.0,,200.0,250.0,False,265,44.2,-1188.61,0.936,34.34,1947.44,-0.61,48.61,35,72
20,0.6,4.0,2.0,,250.0,250.0,False,306,51.0,489.31,1.023,35.95,1348.81,0.36,45.83,33,72
20,0.6,4.0,2.0,,300.0,300.0,False,386,64.3,4356.33,1.164,37.31,1711.12,2.55,52.78,38,72
20,0.6,4.0,2.5,1.35,0.0,0.0,True,169,28.2,2431.1,1.168,43.79,1843.99,1.32,45.83,33,72
20,0.6,4.0,2.5,1.35,200.0,250.0,True,108,18.0,996.66,1.111,44.44,1718.51,0.58,47.22,34,72
20,0.6,4.0,2.5,1.35,250.0,250.0,True,123,20.5,1721.87,1.17,45.53,1904.08,0.9,43.06,31,72
20,0.6,4.0,2.5,1.35,300.0,300.0,True,134,22.3,2113.91,1.188,44.78,1538.25,1.37,44.44,32,72
20,0.6,4.0,2.5,1.4,0.0,0.0,True,203,33.8,374.25,1.02,40.89,2613.23,0.14,45.83,33,72
20,0.6,4.0,2.5,1.4,200.0,250.0,True,122,20.3,290.17,1.027,41.8,1600.04,0.18,47.22,34,72
20,0.6,4.0,2.5,1.4,250.0,250.0,True,140,23.3,600.43,1.049,42.14,1785.61,0.34,41.67,30,72
20,0.6,4.0,2.5,1.4,300.0,300.0,True,147,24.5,388.78,1.03,41.5,2061.98,0.19,41.67,30,72
20,0.6,4.0,2.5,1.45,0.0,0.0,True,239,39.8,720.21,1.033,41.84,2689.95,0.27,44.44,32,72
20,0.6,4.0,2.5,1.45,200.0,250.0,True,139,23.2,1280.56,1.11,43.88,1664.38,0.77,51.39,37,72
20,0.6,4.0,2.5,1.45,250.0,250.0,True,167,27.8,1026.6,1.072,43.11,1843.13,0.56,43.06,31,72
20,0.6,4.0,2.5,1.45,300.0,300.0,True,174,29.0,1316.83,1.089,43.1,1703.24,0.77,43.06,31,72
20,0.6,4.0,2.5,,0.0,0.0,False,668,111.3,2679.96,1.043,40.42,6042.73,0.44,54.17,39,72
20,0.6,4.0,2.5,,200.0,250.0,False,245,40.8,238.39,1.012,40.41,1847.19,0.13,52.78,38,72
20,0.6,4.0,2.5,,250.0,250.0,False,274,45.7,1075.73,1.049,41.24,2015.9,0.53,50.0,36,72
20,0.6,4.0,2.5,,300.0,300.0,False,328,54.7,1983.5,1.076,42.07,1989.79,1.0,50.0,36,72
20,0.6,4.5,1.5,1.35,0.0,0.0,True,173,28.8,2096.69,1.187,29.48,1019.33,2.06,40.28,29,72
20,0.6,4.5,1.5,1.35,200.0,250.0,True,127,21.2,2291.96,1.297,31.5,1144.25,2.0,43.06,31,72
20,0.6,4.5,1.5,1.35,250.0,250.0,True,135,22.5,1941.43,1.232,30.37,1238.02,1.57,41.67,30,72
20,0.6,4.5,1.5,1.35,300.0,300.0,True,162,27.0,1243.1,1.118,29.01,1238.02,1.0,37.5,27,72
20,0.6,4.5,1.5,1.4,0.0,0.0,True,209,34.8,1895.84,1.135,28.71,1510.57,1.26,44.44,32,72
20,0.6,4.5,1.5,1.4,200.0,250.0,True,142,23.7,1669.89,1.182,29.58,1223.13,1.37,45.83,33,72
20,0.6,4.5,1.5,1.4,250.0,250.0,True,149,24.8,1086.03,1.111,28.19,1223.13,0.89,44.44,32,72
20,0.6,4.5,1.5,1.4,300.0,300.0,True,180,30.0,1344.37,1.114,28.33,1397.78,0.96,41.67,30,72
20,0.6,4.5,1.5,1.45,0.0,0.0,True,245,40.8,3031.2,1.188,30.2,1510.57,2.01,52.78,38,72
20,0.6,4.5,1.5,1.45,200.0,250.0,True,163,27.2,3736.19,1.377,33.74,1154.67,3.24,55.56,40,72
20,0.6,4.5,1.5,1.45,250.0,250.0,True,176,29.3,3034.95,1.278,31.82,1154.67,2.63,52.78,38,72
20,0.6,4.5,1.5,1.45,300.0,300.0,True,208,34.7,3718.17,1.287,31.73,1325.42,2.81,51.39,37,72
20,0.6,4.5,1.5,,0.0,0.0,False,751,125.2,6082.51,1.12,28.23,3688.13,1.65,55.56,40,72
20,0.6,4.5,1.5,,200.0,250.0,False,332,55.3,3501.23,1.186,29.22,1833.29,1.91,58.33,42,72
20,0.6,4.5,1.5,,250.0,250.0,False,371,61.8,3420.83,1.162,29.11,1652.24,2.07,54.17,39,72
20,0.6,4.5,1.5,,300.0,300.0,False,427,71.2,5381.97,1.223,29.98,1501.23,3.59,54.17,39,72
20,0.6,4.5,2.0,1.35,0.0,0.0,True,171,28.5,2289.79,1.171,35.67,1291.38,1.77,44.44,32,72
20,0.6,4.5,2.0,1.35,200.0,250.0,True,115,19.2,1151.14,1.133,36.52,1359.52,0.85,44.44,32,72
20,0.6,4.5,2.0,1.35,250.0,250.0,True,122,20.3,651.23,1.069,35.25,1564.4,0.42,43.06,31,72
20,0.6,4.5,2.0,1.35,300.0,300.0,True,144,24.0,1195.58,1.106,35.42,1508.88,0.79,41.67,30,72
20,0.6,4.5,2.0,1.4,0.0,0.0,True,206,34.3,1251.07,1.073,33.98,1806.18,0.69,48.61,35,72
20,0.6,4.5,2.0,1.4,200.0,250.0,True,129,21.5,1761.48,1.18,37.21,1480.83,1.19,48.61,35,72
20,0.6,4.5,2.0,1.4,250.0,250.0,True,137,22.8,531.45,1.049,34.31,1480.83,0.36,45.83,33,72
20,0.6,4.5,2.0,1.4,300.0,300.0,True,161,26.8,2230.67,1.178,36.65,1678.24,1.33,47.22,34,72
20,0.6,4.5,2.0,1.45,0.0,0.0,True,242,40.3,1706.32,1.086,34.71,2109.93,0.81,55.56,40,72
20,0.6,4.5,2.0,1.45,200.0,250.0,True,144,24.0,2837.84,1.27,39.58,1066.48,2.66,56.94,41,72
20,0.6,4.5,2.0,1.45,250.0,250.0,True,153,25.5,2352.08,1.206,37.91,1066.48,2.21,54.17,39,72
20,0.6,4.5,2.0,1.45,300.0,300.0,True,186,31.0,2891.45,1.205,38.17,1935.0,1.49,54.17,39,72
20,0.6,4.5,2.0,,0.0,0.0,False,697,116.2,4064.15,1.069,33.14,5187.69,0.78,52.78,38,72
20,0.6,4.5,2.0,,200.0,250.0,False,268,44.7,157.19,1.008,33.21,2101.32,0.07,51.39,37,72
20,0.6,4.5,2.0,,250.0,250.0,False,297,49.5,893.36,1.043,34.01,1602.66,0.56,48.61,35,72
20,0.6,4.5,2.0,,300.0,300.0,False,369,61.5,6727.91,1.266,36.31,1398.75,4.81,54.17,39,72
20,0.6,4.5,2.5,1.35,0.0,0.0,True,167,27.8,2331.97,1.154,40.72,1880.06,1.24,41.67,30,72
20,0.6,4.5,2.5,1.35,200.0,250.0,True,107,17.8,1087.4,1.116,41.12,1625.19,0.67,45.83,33,72
20,0.6,4.5,2.5,1.35,250.0,250.0,True,113,18.8,862.22,1.086,40.71,2045.86,0.42,43.06,31,72
20,0.6,4.5,2.5,1.35,300.0,300.0,True,134,22.3,1243.95,1.102,40.3,1649.16,0.75,40.28,29,72
20,0.6,4.5,2.5,1.4,0.0,0.0,True,201,33.5,595.89,1.031,38.31,2596.67,0.23,48.61,35,72
20,0.6,4.5,2.5,1.4,200.0,250.0,True,123,20.5,654.18,1.059,39.02,1456.26,0.45,48.61,35,72
20,0.6,4.5,2.5,1.4,250.0,250.0,True,130,21.7,2.89,1.0,37.69,1967.48,0.0,45.83,33,72
20,0.6,4.5,2.5,1.4,300.0,300.0,True,148,24.7,481.44,1.036,38.51,2243.85,0.21,44.44,32,72
20,0.6,4.5,2.5,1.45,0.0,0.0,True,236,39.3,1003.2,1.044,39.41,2887.67,0.35,47.22,34,72
20,0.6,4.5,2.5,1.45,200.0,250.0,True,137,22.8,1543.91,1.131,41.61,1560.3,0.99,51.39,37,72
20,0.6,4.5,2.5,1.45,250.0,250.0,True,146,24.3,1808.62,1.144,41.78,1723.13,1.05,50.0,36,72
20,0.6,4.5,2.5,1.45,300.0,300.0,True,172,28.7,1973.14,1.132,41.28,2150.36,0.92,45.83,33,72
20,0.6,4.5,2.5,,0.0,0.0,False,631,105.2,4407.04,1.071,38.35,6579.1,0.67,52.78,38,72
20,0.6,4.5,2.5,,200.0,250.0,False,229,38.2,1350.07,1.072,39.3,1572.94,0.86,55.56,40,72
20,0.6,4.5,2.5,,250.0,250.0,False,256,42.7,3092.04,1.152,40.62,1572.94,1.97,54.17,39,72
20,0.6,4.5,2.5,,300.0,300.0,False,294,49.0,5577.53,1.245,42.18,1572.94,3.55,54.17,39,72
20,0.6,5.0,1.5,1.35,0.0,0.0,True,169,28.2,483.08,1.041,24.85,1103.75,0.44,43.06,31,72
20,0.6,5.0,1.5,1.35,200.0,250.0,True,130,21.7,958.64,1.114,26.15,1262.26,0.76,38.89,28,72
20,0.6,5.0,1.5,1.35,250.0,250.0,True,137,22.8,689.32,1.077,25.55,1262.26,0.55,38.89,28,72
20,0.6,5.0,1.5,1.35,300.0,300.0,True,154,25.7,524.11,1.052,25.32,1316.33,0.4,40.28,29,72
20,0.6,5.0,1.5,1.4,0.0,0.0,True,205,34.2,-348.31,0.976,23.9,1891.11,-0.18,43.06,31,72
20,0.6,5.0,1.5,1.4,200.0,250.0,True,144,24.0,-14.1,0.999,24.31,1939.45,-0.01,40.28,29,72
20,0.6,5.0,1.5,1.4,250.0,250.0,True,153,25.5,-919.83,0.915,22.88,2036.14,-0.45,38.89,28,72
20,0.6,5.0,1.5,1.4,300.0,300.0,True,179,29.8,-1484.46,0.882,22.35,2423.96,-0.61,40.28,29,72
20,0.6,5.0,1.5,1.45,0.0,0.0,True,241,40.2,948.13,1.056,25.73,2192.02,0.43,54.17,39,72
20,0.6,5.0,1.5,1.45,200.0,250.0,True,152,25.3,2309.71,1.237,28.95,2036.94,1.13,52.78,38,72
20,0.6,5.0,1.5,1.45,250.0,250.0,True,169,28.2,1787.31,1.16,27.81,2036.94,0.88,51.39,37,72
20,0.6,5.0,1.5,1.45,300.0,300.0,True,203,33.8,1013.92,1.075,26.11,2207.69,0.46,52.78,38,72
20,0.6,5.0,1.5,,0.0,0.0,False,730,121.7,2917.82,1.056,25.21,4757.67,0.61,50.0,36,72
20,0.6,5.0,1.5,,200.0,250.0,False,285,47.5,2347.24,1.136,26.67,1391.54,1.69,54.17,39,72
20,0.6,5.0,1.5,,250.0,250.0,False,332,55.3,2269.66,1.113,26.51,1656.6,1.37,50.0,36,72
20,0.6,5.0,1.5,,300.0,300.0,False,397,66.2,3719.36,1.158,26.95,1656.6,2.25,52.78,38,72
20,0.6,5.0,2.0,1.35,0.0,0.0,True,167,27.8,430.01,1.031,30.54,1628.3,0.26,40.28,29,72
20,0.6,5.0,2.0,1.35,200.0,250.0,True,114,19.0,1759.9,1.203,35.09,1266.21,1.39,41.67,30,72
20,0.6,5.0,2.0,1.35,250.0,250.0,True,121,20.2,1327.27,1.142,33.88,1275.63,1.04,38.89,28,72
20,0.6,5.0,2.0,1.35,300.0,300.0,True,142,23.7,572.21,1.05,30.99,1484.08,0.39,38.89,28,72
20,0.6,5.0,2.0,1.4,0.0,0.0,True,202,33.7,-604.13,0.966,29.21,2203.62,-0.27,44.44,32,72
20,0.6,5.0,2.0,1.4,200.0,250.0,True,127,21.2,2049.17,1.21,34.65,1337.63,1.53,45.83,33,72
20,0.6,5.0,2.0,1.4,250.0,250.0,True,134,22.3,1105.61,1.103,32.84,1459.88,0.76,43.06,31,72
20,0.6,5.0,2.0,1.4,300.0,300.0,True,165,27.5,-263.35,0.981,29.7,1657.29,-0.16,43.06,31,72
20,0.6,5.0,2.0,1.45,0.0,0.0,True,238,39.7,-3.5,1.0,30.25,2410.86,-0.0,51.39,37,72
20,0.6,5.0,2.0,1.45,200.0,250.0,True,142,23.7,4029.5,1.395,38.03,1066.0,3.78,55.56,40,72
20,0.6,5.0,2.0,1.45,250.0,250.0,True,152,25.3,3147.33,1.275,36.18,1195.12,2.63,52.78,38,72
20,0.6,5.0,2.0,1.45,300.0,300.0,True,188,31.3,622.07,1.041,31.91,2007.73,0.31,50.0,36,72
20,0.6,5.0,2.0,,0.0,0.0,False,661,110.2,1197.2,1.02,29.5,7320.31,0.16,50.0,36,72
20,0.6,5.0,2.0,,200.0,250.0,False,226,37.7,1017.71,1.061,31.86,2281.12,0.45,52.78,38,72
20,0.6,5.0,2.0,,250.0,250.0,False,271,45.2,-465.48,0.977,30.26,2993.06,-0.16,45.83,33,72
20,0.6,5.0,2.0,,300.0,300.0,False,331,55.2,1864.06,1.075,31.12,1829.31,1.02,51.39,37,72
20,0.6,5.0,2.5,1.35,0.0,0.0,True,163,27.2,509.31,1.032,35.58,2250.53,0.23,38.89,28,72
20,0.6,5.0,2.5,1.35,200.0,250.0,True,110,18.3,1157.83,1.116,38.18,1735.05,0.67,41.67,30,72
20,0.6,5.0,2.5,1.35,250.0,250.0,True,114,19.0,1000.04,1.097,37.72,1735.05,0.58,40.28,29,72
20,0.6,5.0,2.5,1.35,300.0,300.0,True,130,21.7,1095.72,1.091,36.92,1720.37,0.64,38.89,28,72
20,0.6,5.0,2.5,1.4,0.0,0.0,True,197,32.8,-1248.95,0.939,33.5,2629.84,-0.47,44.44,32,72
20,0.6,5.0,2.5,1.4,200.0,250.0,True,123,20.5,523.52,1.046,35.77,1606.21,0.33,43.06,31,72
20,0.6,5.0,2.5,1.4,250.0,250.0,True,129,21.5,43.58,1.004,34.88,1606.21,0.03,41.67,30,72
20,0.6,5.0,2.5,1.4,300.0,300.0,True,146,24.3,-1516.5,0.895,32.88,2264.6,-0.67,38.89,28,72
20,0.6,5.0,2.5,1.45,0.0,0.0,True,232,38.7,-674.5,0.972,34.91,3111.64,-0.22,50.0,36,72
20,0.6,5.0,2.5,1.45,200.0,250.0,True,131,21.8,2416.3,1.21,39.69,1456.23,1.66,54.17,39,72
20,0.6,5.0,2.5,1.45,250.0,250.0,True,142,23.7,1812.71,1.143,38.03,1589.13,1.14,51.39,37,72
20,0.6,5.0,2.5,1.45,300.0,300.0,True,168,28.0,662.22,1.043,36.31,2056.84,0.32,47.22,34,72
20,0.6,5.0,2.5,,0.0,0.0,False,588,98.0,1102.82,1.018,34.52,8102.06,0.14,50.0,36,72
20,0.6,5.0,2.5,,200.0,250.0,False,214,35.7,-813.4,0.958,35.51,2798.09,-0.29,50.0,36,72
20,0.6,5.0,2.5,,250.0,250.0,False,233,38.8,-349.77,0.983,36.05,2798.09,-0.13,48.61,35,72
20,0.6,5.0,2.5,,300.0,300.0,False,267,44.5,-632.51,0.973,35.21,2486.57,-0.25,44.44,32,72
20,0.65,3.5,1.5,1.35,0.0,0.0,True,177,29.5,1262.59,1.115,35.59,1448.57,0.87,50.0,36,72
20,0.65,3.5,1.5,1.35,200.0,250.0,True,143,23.8,2007.91,1.243,37.06,1248.94,1.61,48.61,35,72
20,0.65,3.5,1.5,1.35,250.0,250.0,True,150,25.0,2459.66,1.289,38.0,1248.94,1.97,48.61,35,72
20,0.65,3.5,1.5,1.35,300.0,300.0,True,152,25.3,2314.56,1.267,37.5,1248.94,1.85,48.61,35,72
20,0.65,3.5,1.5,1.4,0.0,0.0,True,219,36.5,732.1,1.051,34.25,1583.99,0.46,47.22,34,72
20,0.65,3.5,1.5,1.4,200.0,250.0,True,167,27.8,20.86,1.002,32.93,1344.27,0.02,48.61,35,72
20,0.65,3.5,1.5,1.4,250.0,250.0,True,182,30.3,831.5,1.074,34.62,1654.31,0.5,47.22,34,72
20,0.65,3.5,1.5,1.4,300.0,300.0,True,189,31.5,925.11,1.079,34.92,1820.47,0.51,47.22,34,72
20,0.65,3.5,1.5,1.45,0.0,0.0,True,266,44.3,1949.8,1.114,35.34,1884.58,1.03,54.17,39,72
20,0.65,3.5,1.5,1.45,200.0,250.0,True,185,30.8,529.42,1.046,34.05,1228.85,0.43,52.78,38,72
20,0.65,3.5,1.5,1.45,250.0,250.0,True,208,34.7,1498.27,1.117,35.58,1228.85,1.22,51.39,37,72
20,0.65,3.5,1.5,1.45,300.0,300.0,True,224,37.3,2119.3,1.155,36.16,1395.01,1.52,52.78,38,72
20,0.65,3.5,1.5,,0.0,0.0,False,769,128.2,3943.58,1.08,32.38,3402.2,1.16,55.56,40,72
20,0.65,3.5,1.5,,200.0,250.0,False,369,61.5,3260.27,1.166,35.5,1168.97,2.79,61.11,44,72
20,0.65,3.5,1.5,,250.0,250.0,False,405,67.5,4606.66,1.211,35.56,1145.7,4.02,56.94,41,72
20,0.65,3.5,1.5,,300.0,300.0,False,450,75.0,6010.97,1.251,36.22,1120.08,5.37,59.72,43,72
20,0.65,3.5,2.0,1.35,0.0,0.0,True,174,29.0,732.94,1.056,40.8,1770.96,0.41,45.83,33,72
20,0.65,3.5,2.0,1.35,200.0,250.0,True,131,21.8,435.13,1.046,39.69,1503.71,0.29,44.44,32,72
20,0.65,3.5,2.0,1.35,250.0,250.0,True,139,23.2,982.28,1.099,41.01,1503.71,0.65,44.44,32,72
20,0.65,3.5,2.0,1.35,300.0,300.0,True,147,24.5,1662.55,1.158,42.18,1193.79,1.39,45.83,33,72
20,0.65,3.5,2.0,1.4,0.0,0.0,True,216,36.0,-843.96,0.952,38.43,2202.8,-0.38,44.44,32,72
20,0.65,3.5,2.0,1.4,200.0,250.0,True,156,26.0,-1443.77,0.883,37.18,2081.48,-0.69,43.06,31,72
20,0.65,3.5,2.0,1.4,250.0,250.0,True,168,28.0,-343.04,0.973,39.29,2081.48,-0.16,43.06,31,72
20,0.65,3.5,2.0,1.4,300.0,300.0,True,180,30.0,-800.73,0.942,38.33,2305.64,-0.35,43.06,31,72
20,0.65,3.5,2.0,1.45,0.0,0.0,True,262,43.7,-325.12,0.985,39.31,2460.44,-0.13,52.78,38,72
20,0.65,3.5,2.0,1.45,200.0,250.0,True,166,27.7,-143.11,0.988,39.76,1396.86,-0.1,52.78,38,72
20,0.65,3.5,2.0,1.45,250.0,250.0,True,191,31.8,401.94,1.029,40.84,1396.86,0.29,50.0,36,72
20,0.65,3.5,2.0,1.45,300.0,300.0,True,213,35.5,569.2,1.035,40.85,1568.17,0.36,52.78,38,72
20,0.65,3.5,2.0,,0.0,0.0,False,737,122.8,1012.78,1.017,37.58,4712.67,0.21,50.0,36,72
20,0.65,3.5,2.0,,200.0,250.0,False,319,53.2,906.56,1.043,39.18,1761.44,0.51,52.78,38,72
20,0.65,3.5,2.0,,250.0,250.0,False,363,60.5,1855.13,1.076,39.67,1558.98,1.19,50.0,36,72
20,0.65,3.5,2.0,,300.0,300.0,False,406,67.7,1693.29,1.062,39.16,1574.22,1.08,51.39,37,72
20,0.65,3.5,2.5,1.35,0.0,0.0,True,172,28.7,602.34,1.04,45.93,2211.84,0.27,48.61,35,72
20,0.65,3.5,2.5,1.35,200.0,250.0,True,123,20.5,-118.99,0.989,44.72,1993.98,-0.06,44.44,32,72
20,0.65,3.5,2.5,1.35,250.0,250.0,True,131,21.8,640.99,1.06,46.56,1993.98,0.32,45.83,33,72
20,0.65,3.5,2.5,1.35,300.0,300.0,True,137,22.8,291.62,1.026,45.26,1993.98,0.15,45.83,33,72
20,0.65,3.5,2.5,1.4,0.0,0.0,True,214,35.7,-1304.86,0.935,43.93,2940.07,-0.44,43.06,31,72
20,0.65,3.5,2.5,1.4,200.0,250.0,True,139,23.2,-3540.8,0.736,40.29,3389.34,-1.04,37.5,27,72
20,0.65,3.5,2.5,1.4,250.0,250.0,True,153,25.5,-2586.32,0.819,42.48,3278.34,-0.79,37.5,27,72
20,0.65,3.5,2.5,1.4,300.0,300.0,True,171,28.5,-1814.71,0.883,43.27,2828.58,-0.64,40.28,29,72
20,0.65,3.5,2.5,1.45,0.0,0.0,True,259,43.2,-1524.3,0.937,44.02,2709.8,-0.56,50.0,36,72
20,0.65,3.5,2.5,1.45,200.0,250.0,True,155,25.8,-2021.83,0.854,42.58,2487.97,-0.81,48.61,35,72
20,0.65,3.5,2.5,1.45,250.0,250.0,True,178,29.7,-1348.8,0.914,44.38,2434.48,-0.55,47.22,34,72
20,0.65,3.5,2.5,1.45,300.0,300.0,True,194,32.3,-2058.48,0.88,42.78,2817.65,-0.73,45.83,33,72
20,0.65,3.5,2.5,,0.0,0.0,False,691,115.2,478.45,1.008,43.13,3956.12,0.12,48.61,35,72
20,0.65,3.5,2.5,,200.0,250.0,False,279,46.5,-847.5,0.961,43.73,3492.5,-0.24,52.78,38,72
20,0.65,3.5,2.5,,250.0,250.0,False,309,51.5,-226.79,0.991,44.34,3243.49,-0.07,50.0,36,72
20,0.65,3.5,2.5,,300.0,300.0,False,359,59.8,-1240.13,0.957,43.45,4220.2,-0.29,45.83,33,72
20,0.65,4.0,1.5,1.35,0.0,0.0,True,177,29.5,2275.41,1.203,33.9,1519.32,1.5,51.39,37,72
20,0.65,4.0,1.5,1.35,200.0,250.0,True,138,23.0,3114.87,1.387,36.23,1178.28,2.64,50.0,36,72
20,0.65,4.0,1.5,1.35,250.0,250.0,True,149,24.8,3690.32,1.431,36.91,1178.28,3.13,50.0,36,72
20,0.65,4.0,1.5,1.35,300.0,300.0,True,151,25.2,3534.29,1.405,36.42,1178.28,3.0,50.0,36,72
20,0.65,4.0,1.5,1.4,0.0,0.0,True,218,36.3,1727.57,1.119,32.57,1466.28,1.18,47.22,34,72
20,0.65,4.0,1.5,1.4,200.0,250.0,True,157,26.2,1624.68,1.166,33.12,1194.38,1.36,48.61,35,72
20,0.65,4.0,1.5,1.4,250.0,250.0,True,176,29.3,2264.3,1.209,34.09,1194.38,1.9,48.61,35,72
20,0.65,4.0,1.5,1.4,300.0,300.0,True,186,31.0,2042.3,1.175,33.87,1596.0,1.28,47.22,34,72
20,0.65,4.0,1.5,1.45,0.0,0.0,True,265,44.2,3530.65,1.204,33.96,1815.69,1.94,56.94,41,72
20,0.65,4.0,1.5,1.45,200.0,250.0,True,178,29.7,2182.87,1.197,33.71,1228.85,1.78,55.56,40,72
20,0.65,4.0,1.5,1.45,250.0,250.0,True,204,34.0,2655.28,1.21,34.31,1228.85,2.16,54.17,39,72
20,0.65,4.0,1.5,1.45,300.0,300.0,True,221,36.8,3751.21,1.277,35.75,1395.01,2.69,56.94,41,72
20,0.65,4.0,1.5,,0.0,0.0,False,747,124.5,4840.06,1.098,30.12,2943.04,1.64,55.56,40,72
20,0.65,4.0,1.5,,200.0,250.0,False,333,55.5,3025.2,1.164,32.13,1077.92,2.81,56.94,41,72
20,0.65,4.0,1.5,,250.0,250.0,False,369,61.5,5490.07,1.273,33.88,1077.92,5.09,56.94,41,72
20,0.65,4.0,1.5,,300.0,300.0,False,419,69.8,7507.77,1.33,34.13,1022.71,7.34,56.94,41,72
20,0.65,4.0,2.0,1.35,0.0,0.0,True,174,29.0,2107.55,1.158,39.66,1669.76,1.26,50.0,36,72
20,0.65,4.0,2.0,1.35,200.0,250.0,True,125,20.8,1463.65,1.159,39.2,1441.92,1.02,47.22,34,72
20,0.65,4.0,2.0,1.35,250.0,250.0,True,136,22.7,2296.36,1.235,40.44,1433.05,1.6,47.22,34,72
20,0.65,4.0,2.0,1.35,300.0,300.0,True,146,24.3,3457.45,1.336,41.78,1142.76,3.03,50.0,36,72
20,0.65,4.0,2.0,1.4,0.0,0.0,True,215,35.8,288.37,1.016,36.74,2042.48,0.14,47.22,34,72
20,0.65,4.0,2.0,1.4,200.0,250.0,True,142,23.7,195.45,1.018,37.32,1693.98,0.12,47.22,34,72
20,0.65,4.0,2.0,1.4,250.0,250.0,True,164,27.3,834.17,1.065,38.41,1736.57,0.48,45.83,33,72
20,0.65,4.0,2.0,1.4,300.0,300.0,True,177,29.5,12.85,1.001,36.72,2081.17,0.01,45.83,33,72
20,0.65,4.0,2.0,1.45,0.0,0.0,True,261,43.5,1407.55,1.066,37.93,2391.55,0.59,58.33,42,72
20,0.65,4.0,2.0,1.45,200.0,250.0,True,153,25.5,1491.2,1.132,39.22,1296.39,1.15,54.17,39,72
20,0.65,4.0,2.0,1.45,250.0,250.0,True,183,30.5,1466.82,1.106,39.34,1328.86,1.1,52.78,38,72
20,0.65,4.0,2.0,1.45,300.0,300.0,True,209,34.8,1996.0,1.123,39.71,1508.37,1.32,55.56,40,72
20,0.65,4.0,2.0,,0.0,0.0,False,710,118.3,2766.8,1.048,35.35,5193.49,0.53,52.78,38,72
20,0.65,4.0,2.0,,200.0,250.0,False,276,46.0,1171.35,1.062,36.96,1695.59,0.69,55.56,40,72
20,0.65,4.0,2.0,,250.0,250.0,False,321,53.5,3714.34,1.172,38.63,1695.59,2.19,54.17,39,72
20,0.65,4.0,2.0,,300.0,300.0,False,369,61.5,5374.12,1.21,38.75,1759.92,3.05,54.17,39,72
20,0.65,4.0,2.5,1.35,0.0,0.0,True,172,28.7,2481.39,1.165,45.35,1773.45,1.4,50.0,36,72
20,0.65,4.0,2.5,1.35,200.0,250.0,True,117,19.5,1354.48,1.137,45.3,1923.32,0.7,48.61,35,72
20,0.65,4.0,2.5,1.35,250.0,250.0,True,128,21.3,2051.88,1.194,46.09,1923.32,1.07,47.22,34,72
20,0.65,4.0,2.5,1.35,300.0,300.0,True,137,22.8,1980.3,1.175,45.26,1923.32,1.03,48.61,35,72
20,0.65,4.0,2.5,1.4,0.0,0.0,True,212,35.3,185.3,1.009,42.45,2391.34,0.08,47.22,34,72
20,0.65,4.0,2.5,1.4,200.0,250.0,True,129,21.5,-2170.8,0.827,40.31,3235.07,-0.67,44.44,32,72
20,0.65,4.0,2.5,1.4,250.0,250.0,True,148,24.7,-1327.0,0.905,41.89,3156.51,-0.42,40.28,29,72
20,0.65,4.0,2.5,1.4,300.0,300.0,True,169,28.2,-766.65,0.951,42.01,2604.11,-0.29,43.06,31,72
20,0.65,4.0,2.5,1.45,0.0,0.0,True,256,42.7,678.12,1.028,42.97,2412.13,0.28,55.56,40,72
20,0.65,4.0,2.5,1.45,200.0,250.0,True,139,23.2,1334.1,1.112,45.32,1814.44,0.74,55.56,40,72
20,0.65,4.0,2.5,1.45,250.0,250.0,True,169,28.2,260.47,1.017,43.79,1814.44,0.14,48.61,35,72
20,0.65,4.0,2.5,1.45,300.0,300.0,True,187,31.2,124.76,1.008,43.32,1814.44,0.07,50.0,36,72
20,0.65,4.0,2.5,,0.0,0.0,False,659,109.8,2297.32,1.037,40.82,4381.97,0.52,52.78,38,72
20,0.65,4.0,2.5,,200.0,250.0,False,249,41.5,94.74,1.005,42.17,2871.75,0.03,54.17,39,72
20,0.65,4.0,2.5,,250.0,250.0,False,289,48.2,1216.15,1.052,42.56,2573.52,0.47,51.39,37,72
20,0.65,4.0,2.5,,300.0,300.0,False,327,54.5,3021.3,1.116,44.04,2342.18,1.29,52.78,38,72
20,0.65,4.5,1.5,1.35,0.0,0.0,True,173,28.8,2368.62,1.209,31.21,1429.21,1.66,51.39,37,72
20,0.65,4.5,1.5,1.35,200.0,250.0,True,132,22.0,3725.18,1.476,34.85,1375.56,2.71,50.0,36,72
20,0.65,4.5,1.5,1.35,250.0,250.0,True,138,23.0,3615.62,1.44,34.06,1107.61,3.26,50.0,36,72
20,0.65,4.5,1.5,1.35,300.0,300.0,True,150,25.0,3817.04,1.426,34.0,1107.61,3.45,50.0,36,72
20,0.65,4.5,1.5,1.4,0.0,0.0,True,214,35.7,2170.1,1.148,30.37,1275.8,1.7,54.17,39,72
20,0.65,4.5,1.5,1.4,200.0,250.0,True,146,24.3,2928.63,1.323,33.56,1391.66,2.1,54.17,39,72
20,0.65,4.5,1.5,1.4,250.0,250.0,True,162,27.0,2200.41,1.214,31.48,1123.71,1.96,51.39,37,72
20,0.65,4.5,1.5,1.4,300.0,300.0,True,182,30.3,2952.32,1.257,32.42,1123.71,2.63,51.39,37,72
20,0.65,4.5,1.5,1.45,0.0,0.0,True,260,43.3,3392.99,1.192,31.54,1588.04,2.14,61.11,44,72
20,0.65,4.5,1.5,1.45,200.0,250.0,True,160,26.7,3538.72,1.359,35.0,1609.81,2.2,61.11,44,72
20,0.65,4.5,1.5,1.45,250.0,250.0,True,184,30.7,3114.56,1.271,33.15,1609.81,1.93,58.33,42,72
20,0.65,4.5,1.5,1.45,300.0,300.0,True,211,35.2,4153.78,1.316,34.12,1775.97,2.34,58.33,42,72
20,0.65,4.5,1.5,,0.0,0.0,False,729,121.5,6618.82,1.133,28.26,3489.69,1.9,59.72,43,72
20,0.65,4.5,1.5,,200.0,250.0,False,309,51.5,6092.5,1.358,32.36,1010.14,6.03,63.89,46,72
20,0.65,4.5,1.5,,250.0,250.0,False,348,58.0,4838.75,1.248,30.75,1010.14,4.79,59.72,43,72
20,0.65,4.5,1.5,,300.0,300.0,False,408,68.0,6830.94,1.299,31.13,1480.19,4.61,59.72,43,72
20,0.65,4.5,2.0,1.35,0.0,0.0,True,170,28.3,1923.35,1.14,36.47,1681.43,1.14,51.39,37,72
20,0.65,4.5,2.0,1.35,200.0,250.0,True,121,20.2,2707.75,1.304,38.84,1207.64,2.24,50.0,36,72
20,0.65,4.5,2.0,1.35,250.0,250.0,True,128,21.3,2327.35,1.243,37.5,1362.38,1.71,48.61,35,72
20,0.65,4.5,2.0,1.35,300.0,300.0,True,141,23.5,3997.02,1.389,39.72,1142.76,3.5,51.39,37,72
20,0.65,4.5,2.0,1.4,0.0,0.0,True,211,35.2,436.86,1.024,34.12,1806.47,0.24,51.39,37,72
20,0.65,4.5,2.0,1.4,200.0,250.0,True,133,22.2,2425.32,1.238,39.1,1197.5,2.03,52.78,38,72
20,0.65,4.5,2.0,1.4,250.0,250.0,True,151,25.2,1371.59,1.115,36.42,1352.24,1.01,50.0,36,72
20,0.65,4.5,2.0,1.4,300.0,300.0,True,172,28.7,1237.14,1.089,36.05,1846.75,0.67,50.0,36,72
20,0.65,4.5,2.0,1.45,0.0,0.0,True,256,42.7,931.2,1.042,35.16,2312.7,0.4,58.33,42,72
20,0.65,4.5,2.0,1.45,200.0,250.0,True,141,23.5,2716.92,1.258,39.72,1309.63,2.07,58.33,42,72
20,0.65,4.5,2.0,1.45,250.0,250.0,True,163,27.2,1599.93,1.127,36.81,1252.08,1.28,55.56,40,72
20,0.65,4.5,2.0,1.45,300.0,300.0,True,197,32.8,1743.04,1.11,37.56,2272.03,0.77,55.56,40,72
20,0.65,4.5,2.0,,0.0,0.0,False,684,114.0,3124.32,1.054,32.89,6307.97,0.5,59.72,43,72
20,0.65,4.5,2.0,,200.0,250.0,False,243,40.5,3308.71,1.197,37.04,1695.59,1.95,56.94,41,72
20,0.65,4.5,2.0,,250.0,250.0,False,277,46.2,2726.6,1.142,35.74,2157.83,1.26,52.78,38,72
20,0.65,4.5,2.0,,300.0,300.0,False,347,57.8,6139.99,1.253,35.73,2074.23,2.96,54.17,39,72
20,0.65,4.5,2.5,1.35,0.0,0.0,True,167,27.8,1752.35,1.111,41.32,1906.93,0.92,54.17,39,72
20,0.65,4.5,2.5,1.35,200.0,250.0,True,112,18.7,1619.7,1.164,42.86,1660.0,0.98,50.0,36,72
20,0.65,4.5,2.5,1.35,250.0,250.0,True,118,19.7,1271.72,1.121,41.53,1852.65,0.69,50.0,36,72
20,0.65,4.5,2.5,1.35,300.0,300.0,True,130,21.7,1544.07,1.134,41.54,1852.65,0.83,50.0,36,72
20,0.65,4.5,2.5,1.4,0.0,0.0,True,207,34.5,120.67,1.006,39.61,2641.1,0.05,50.0,36,72
20,0.65,4.5,2.5,1.4,200.0,250.0,True,121,20.2,-791.63,0.933,40.5,2842.03,-0.28,45.83,33,72
20,0.65,4.5,2.5,1.4,250.0,250.0,True,134,22.3,-1863.18,0.86,38.06,3065.9,-0.61,43.06,31,72
20,0.65,4.5,2.5,1.4,300.0,300.0,True,161,26.8,-104.63,0.993,40.37,2398.43,-0.04,45.83,33,72
20,0.65,4.5,2.5,1.45,0.0,0.0,True,250,41.7,479.82,1.019,40.4,2632.57,0.18,55.56,40,72
20,0.65,4.5,2.5,1.45,200.0,250.0,True,129,21.5,1910.83,1.168,44.19,1932.78,0.99,55.56,40,72
20,0.65,4.5,2.5,1.45,250.0,250.0,True,147,24.5,842.35,1.063,42.18,1875.13,0.45,52.78,38,72
20,0.65,4.5,2.5,1.45,300.0,300.0,True,179,29.8,1077.08,1.066,41.9,1926.83,0.56,50.0,36,72
20,0.65,4.5,2.5,,0.0,0.0,False,632,105.3,3638.67,1.058,38.29,4924.06,0.74,50.0,36,72
20,0.65,4.5,2.5,,200.0,250.0,False,214,35.7,3443.05,1.205,43.46,2082.46,1.65,59.72,43,72
20,0.65,4.5,2.5,,250.0,250.0,False,250,41.7,2964.67,1.149,42.0,2259.81,1.31,55.56,40,72
20,0.65,4.5,2.5,,300.0,300.0,False,300,50.0,3306.29,1.135,40.67,2259.81,1.46,50.0,36,72
20,0.65,5.0,1.5,1.35,0.0,0.0,True,170,28.3,1606.95,1.137,28.24,1339.12,1.2,47.22,34,72
20,0.65,5.0,1.5,1.35,200.0,250.0,True,129,21.5,2768.13,1.334,31.01,1336.82,2.07,45.83,33,72
20,0.65,5.0,1.5,1.35,250.0,250.0,True,135,22.5,2879.78,1.335,31.11,1336.82,2.15,47.22,34,72
20,0.65,5.0,1.5,1.35,300.0,300.0,True,145,24.2,3127.25,1.341,31.03,1228.37,2.55,47.22,34,72
20,0.65,5.0,1.5,1.4,0.0,0.0,True,211,35.2,887.23,1.058,27.01,1620.82,0.55,50.0,36,72
20,0.65,5.0,1.5,1.4,200.0,250.0,True,145,24.2,1323.69,1.134,28.97,1648.98,0.8,47.22,34,72
20,0.65,5.0,1.5,1.4,250.0,250.0,True,156,26.0,1000.4,1.094,28.21,1648.98,0.61,45.83,33,72
20,0.65,5.0,1.5,1.4,300.0,300.0,True,177,29.5,1123.07,1.094,28.25,1620.82,0.69,45.83,33,72
20,0.65,5.0,1.5,1.45,0.0,0.0,True,256,42.7,1841.53,1.1,28.12,1561.14,1.18,55.56,40,72
20,0.65,5.0,1.5,1.45,200.0,250.0,True,154,25.7,2626.07,1.255,31.17,1596.42,1.64,54.17,39,72
20,0.65,5.0,1.5,1.45,250.0,250.0,True,175,29.2,1851.61,1.157,29.14,1596.42,1.16,51.39,37,72
20,0.65,5.0,1.5,1.45,300.0,300.0,True,202,33.7,3125.17,1.234,30.69,1762.58,1.77,52.78,38,72
20,0.65,5.0,1.5,,0.0,0.0,False,706,117.7,1790.22,1.035,24.93,4920.89,0.36,52.78,38,72
20,0.65,5.0,1.5,,200.0,250.0,False,256,42.7,4125.92,1.274,29.3,1178.6,3.5,59.72,43,72
20,0.65,5.0,1.5,,250.0,250.0,False,324,54.0,3569.52,1.187,27.78,1978.01,1.8,51.39,37,72
20,0.65,5.0,1.5,,300.0,300.0,False,397,66.2,5180.22,1.22,28.21,1900.87,2.73,55.56,40,72
20,0.65,5.0,2.0,1.35,0.0,0.0,True,167,27.8,898.89,1.063,32.93,1934.38,0.46,43.06,31,72
20,0.65,5.0,2.0,1.35,200.0,250.0,True,121,20.2,1594.15,1.165,34.71,1453.07,1.1,43.06,31,72
20,0.65,5.0,2.0,1.35,250.0,250.0,True,124,20.7,1660.87,1.167,34.68,1310.26,1.27,41.67,30,72
20,0.65,5.0,2.0,1.35,300.0,300.0,True,138,23.0,2831.55,1.26,35.51,1213.76,2.33,44.44,32,72
20,0.65,5.0,2.0,1.4,0.0,0.0,True,208,34.7,-1192.38,0.937,30.29,2227.28,-0.54,43.06,31,72
20,0.65,5.0,2.0,1.4,200.0,250.0,True,133,22.2,485.32,1.043,33.83,1895.59,0.26,44.44,32,72
20,0.65,5.0,2.0,1.4,250.0,250.0,True,142,23.7,-181.89,0.985,32.39,1764.76,-0.1,41.67,30,72
20,0.65,5.0,2.0,1.4,300.0,300.0,True,168,28.0,-1063.75,0.927,30.95,2402.7,-0.44,41.67,30,72
20,0.65,5.0,2.0,1.45,0.0,0.0,True,252,42.0,-293.79,0.987,31.75,2243.8,-0.13,54.17,39,72
20,0.65,5.0,2.0,1.45,200.0,250.0,True,141,23.5,2057.16,1.183,36.17,1397.96,1.47,52.78,38,72
20,0.65,5.0,2.0,1.45,250.0,250.0,True,154,25.7,1073.89,1.086,33.77,1716.21,0.63,50.0,36,72
20,0.65,5.0,2.0,1.45,300.0,300.0,True,191,31.8,1056.76,1.065,34.55,2135.52,0.49,52.78,38,72
20,0.65,5.0,2.0,,0.0,0.0,False,647,107.8,-466.37,0.992,29.21,8369.04,-0.06,48.61,35,72
20,0.65,5.0,2.0,,200.0,250.0,False,223,37.2,1314.02,1.078,32.29,1695.59,0.77,54.17,39,72
20,0.65,5.0,2.0,,250.0,250.0,False,267,44.5,987.49,1.05,31.84,2068.69,0.48,48.61,35,72
20,0.65,5.0,2.0,,300.0,300.0,False,315,52.5,1227.59,1.051,31.11,2018.47,0.61,47.22,34,72
20,0.65,5.0,2.5,1.35,0.0,0.0,True,163,27.2,508.19,1.031,37.42,2466.33,0.21,50.0,36,72
20,0.65,5.0,2.5,1.35,200.0,250.0,True,112,18.7,1397.03,1.134,40.18,1947.52,0.72,48.61,35,72
20,0.65,5.0,2.5,1.35,250.0,250.0,True,113,18.8,1277.88,1.121,39.82,1947.52,0.66,48.61,35,72
20,0.65,5.0,2.5,1.35,300.0,300.0,True,126,21.0,210.55,1.017,37.3,2172.13,0.1,47.22,34,72
20,0.65,5.0,2.5,1.4,0.0,0.0,True,203,33.8,-1720.84,0.922,35.47,3328.5,-0.52,47.22,34,72
20,0.65,5.0,2.5,1.4,200.0,250.0,True,120,20.0,-1118.09,0.908,37.5,3078.39,-0.36,45.83,33,72
20,0.65,5.0,2.5,1.4,250.0,250.0,True,125,20.8,-1956.55,0.85,36.0,3078.39,-0.64,43.06,31,72
20,0.65,5.0,2.5,1.4,300.0,300.0,True,156,26.0,-2990.61,0.818,34.62,3379.82,-0.88,43.06,31,72
20,0.65,5.0,2.5,1.45,0.0,0.0,True,245,40.8,-905.36,0.965,36.73,2943.78,-0.31,54.17,39,72
20,0.65,5.0,2.5,1.45,200.0,250.0,True,125,20.8,2481.27,1.218,42.4,1624.44,1.53,55.56,40,72
20,0.65,5.0,2.5,1.45,250.0,250.0,True,134,22.3,1513.25,1.12,40.3,1624.44,0.93,52.78,38,72
20,0.65,5.0,2.5,1.45,300.0,300.0,True,164,27.3,54.9,1.003,38.41,1737.18,0.03,48.61,35,72
20,0.65,5.0,2.5,,0.0,0.0,False,593,98.8,178.83,1.003,34.4,5992.6,0.03,50.0,36,72
20,0.65,5.0,2.5,,200.0,250.0,False,204,34.0,1412.71,1.081,38.24,2423.26,0.58,55.56,40,72
20,0.65,5.0,2.5,,250.0,250.0,False,236,39.3,-958.7,0.954,35.59,3518.71,-0.27,47.22,34,72
20,0.65,5.0,2.5,,300.0,300.0,False,280,46.7,-922.29,0.963,35.71,3568.67,-0.26,45.83,33,72
20,0.7,3.5,1.5,1.35,0.0,0.0,True,178,29.7,2024.47,1.181,34.83,1058.21,1.91,45.83,33,72
20,0.7,3.5,1.5,1.35,200.0,250.0,True,151,25.2,2289.73,1.264,35.76,836.22,2.74,47.22,34,72
20,0.7,3.5,1.5,1.35,250.0,250.0,True,160,26.7,1717.14,1.181,34.38,1058.21,1.62,44.44,32,72
20,0.7,3.5,1.5,1.35,300.0,300.0,True,166,27.7,2273.43,1.23,34.94,1058.21,2.15,45.83,33,72
20,0.7,3.5,1.5,1.4,0.0,0.0,True,228,38.0,1998.85,1.134,33.33,1445.87,1.38,48.61,35,72
20,0.7,3.5,1.5,1.4,200.0,250.0,True,173,28.8,1281.96,1.125,33.53,1005.8,1.27,51.39,37,72
20,0.7,3.5,1.5,1.4,250.0,250.0,True,193,32.2,130.84,1.011,31.61,1746.82,0.07,47.22,34,72
20,0.7,3.5,1.5,1.4,300.0,300.0,True,202,33.7,1062.21,1.084,32.67,1610.12,0.66,47.22,34,72
20,0.7,3.5,1.5,1.45,0.0,0.0,True,265,44.2,2277.12,1.133,33.96,1962.54,1.16,47.22,34,72
20,0.7,3.5,1.5,1.45,200.0,250.0,True,193,32.2,1889.8,1.169,34.72,1421.89,1.33,51.39,37,72
20,0.7,3.5,1.5,1.45,250.0,250.0,True,219,36.5,927.03,1.07,32.88,1867.86,0.5,47.22,34,72
20,0.7,3.5,1.5,1.45,300.0,300.0,True,232,38.7,2155.79,1.156,34.05,1666.62,1.29,47.22,34,72
20,0.7,3.5,1.5,,0.0,0.0,False,728,121.3,3894.3,1.083,32.28,4421.07,0.88,52.78,38,72
20,0.7,3.5,1.5,,200.0,250.0,False,341,56.8,144.58,1.007,31.67,1924.89,0.08,51.39,37,72
20,0.7,3.5,1.5,,250.0,250.0,False,383,63.8,-856.2,0.962,30.81,3261.28,-0.26,45.83,33,72
20,0.7,3.5,1.5,,300.0,300.0,False,459,76.5,-744.43,0.972,31.15,4299.51,-0.17,47.22,34,72
20,0.7,3.5,2.0,1.35,0.0,0.0,True,178,29.7,2334.55,1.175,41.57,1170.46,1.99,47.22,34,72
20,0.7,3.5,2.0,1.35,200.0,250.0,True,142,23.7,3069.3,1.336,44.37,715.46,4.29,52.78,38,72
20,0.7,3.5,2.0,1.35,250.0,250.0,True,152,25.3,1894.24,1.18,42.11,891.1,2.13,48.61,35,72
20,0.7,3.5,2.0,1.35,300.0,300.0,True,157,26.2,2795.45,1.26,42.68,995.96,2.81,50.0,36,72
20,0.7,3.5,2.0,1.4,0.0,0.0,True,228,38.0,2131.24,1.12,40.35,1458.16,1.46,52.78,38,72
20,0.7,3.5,2.0,1.4,200.0,250.0,True,161,26.8,2351.91,1.215,43.48,1510.55,1.56,56.94,41,72
20,0.7,3.5,2.0,1.4,250.0,250.0,True,180,30.0,1227.88,1.095,41.11,1910.55,0.64,51.39,37,72
20,0.7,3.5,2.0,1.4,300.0,300.0,True,193,32.2,1706.74,1.122,40.93,1547.18,1.1,52.78,38,72
20,0.7,3.5,2.0,1.45,0.0,0.0,True,264,44.0,1985.46,1.096,40.53,2293.93,0.87,51.39,37,72
20,0.7,3.5,2.0,1.45,200.0,250.0,True,178,29.7,2140.87,1.179,42.7,1592.36,1.34,55.56,40,72
20,0.7,3.5,2.0,1.45,250.0,250.0,True,201,33.5,2004.44,1.144,41.79,1592.36,1.26,50.0,36,72
20,0.7,3.5,2.0,1.45,300.0,300.0,True,221,36.8,3053.6,1.201,42.08,1753.45,1.74,52.78,38,72
20,0.7,3.5,2.0,,0.0,0.0,False,707,117.8,4251.6,1.077,38.76,5155.23,0.82,54.17,39,72
20,0.7,3.5,2.0,,200.0,250.0,False,310,51.7,-1213.62,0.944,36.77,2162.71,-0.56,48.61,35,72
20,0.7,3.5,2.0,,250.0,250.0,False,346,57.7,-1047.6,0.957,36.99,2180.85,-0.48,44.44,32,72
20,0.7,3.5,2.0,,300.0,300.0,False,396,66.0,195.68,1.007,38.13,2187.82,0.09,50.0,36,72
20,0.7,3.5,2.5,1.35,0.0,0.0,True,175,29.2,4223.64,1.3,49.71,1510.12,2.8,55.56,40,72
20,0.7,3.5,2.5,1.35,200.0,250.0,True,126,21.0,4818.74,1.583,51.59,636.12,7.58,55.56,40,72
20,0.7,3.5,2.5,1.35,250.0,250.0,True,138,23.0,4620.81,1.485,51.45,816.64,5.66,54.17,39,72
20,0.7,3.5,2.5,1.35,300.0,300.0,True,146,24.3,4740.86,1.461,51.37,816.64,5.81,54.17,39,72
20,0.7,3.5,2.5,1.4,0.0,0.0,True,224,37.3,3249.64,1.167,47.32,1936.42,1.68,55.56,40,72
20,0.7,3.5,2.5,1.4,200.0,250.0,True,148,24.7,856.06,1.073,47.3,1676.22,0.51,51.39,37,72
20,0.7,3.5,2.5,1.4,250.0,250.0,True,170,28.3,1001.6,1.073,47.65,1989.11,0.5,50.0,36,72
20,0.7,3.5,2.5,1.4,300.0,300.0,True,185,30.8,1627.53,1.108,47.57,2297.2,0.71,51.39,37,72
20,0.7,3.5,2.5,1.45,0.0,0.0,True,259,43.2,2584.04,1.113,46.72,2979.59,0.87,55.56,40,72
20,0.7,3.5,2.5,1.45,200.0,250.0,True,155,25.8,907.43,1.074,47.1,1670.19,0.54,55.56,40,72
20,0.7,3.5,2.5,1.45,250.0,250.0,True,180,30.0,1416.9,1.098,47.78,1670.19,0.85,54.17,39,72
20,0.7,3.5,2.5,1.45,300.0,300.0,True,211,35.2,2666.74,1.163,47.87,1870.47,1.43,55.56,40,72
20,0.7,3.5,2.5,,0.0,0.0,False,657,109.5,5262.1,1.09,44.75,4518.29,1.16,51.39,37,72
20,0.7,3.5,2.5,,200.0,250.0,False,259,43.2,1162.65,1.06,44.4,1814.57,0.64,54.17,39,72
20,0.7,3.5,2.5,,250.0,250.0,False,293,48.8,941.42,1.042,44.03,1407.21,0.67,50.0,36,72
20,0.7,3.5,2.5,,300.0,300.0,False,349,58.2,3210.69,1.125,45.85,1247.33,2.57,55.56,40,72
20,0.7,4.0,1.5,1.35,0.0,0.0,True,177,29.5,2521.21,1.218,32.77,1161.71,2.17,50.0,36,72
20,0.7,4.0,1.5,1.35,200.0,250.0,True,145,24.2,2684.34,1.31,33.79,952.22,2.82,50.0,36,72
20,0.7,4.0,1.5,1.35,250.0,250.0,True,159,26.5,2363.16,1.244,32.7,1041.33,2.27,48.61,35,72
20,0.7,4.0,1.5,1.35,300.0,300.0,True,165,27.5,2658.65,1.261,32.73,1041.33,2.55,50.0,36,72
20,0.7,4.0,1.5,1.4,0.0,0.0,True,225,37.5,3016.9,1.2,31.56,1336.26,2.26,51.39,37,72
20,0.7,4.0,1.5,1.4,200.0,250.0,True,165,27.5,2070.06,1.205,32.12,1326.8,1.56,51.39,37,72
20,0.7,4.0,1.5,1.4,250.0,250.0,True,184,30.7,1486.15,1.129,30.98,1713.03,0.87,50.0,36,72
20,0.7,4.0,1.5,1.4,300.0,300.0,True,198,33.0,1640.94,1.129,30.81,1812.27,0.91,50.0,36,72
20,0.7,4.0,1.5,1.45,0.0,0.0,True,262,43.7,3665.43,1.211,32.44,1675.39,2.19,52.78,38,72
20,0.7,4.0,1.5,1.45,200.0,250.0,True,185,30.8,2588.84,1.235,32.97,1214.09,2.13,52.78,38,72
20,0.7,4.0,1.5,1.45,250.0,250.0,True,204,34.0,2292.32,1.184,32.35,1379.47,1.66,48.61,35,72
20,0.7,4.0,1.5,1.45,300.0,300.0,True,224,37.3,2783.07,1.202,32.14,1379.47,2.02,52.78,38,72
20,0.7,4.0,1.5,,0.0,0.0,False,706,117.7,4929.73,1.104,30.03,4412.97,1.12,55.56,40,72
20,0.7,4.0,1.5,,200.0,250.0,False,321,53.5,1829.49,1.098,30.22,1912.64,0.96,51.39,37,72
20,0.7,4.0,1.5,,250.0,250.0,False,361,60.2,1938.08,1.092,30.19,1864.66,1.04,48.61,35,72
20,0.7,4.0,1.5,,300.0,300.0,False,416,69.3,2249.86,1.094,30.05,2399.79,0.94,50.0,36,72
20,0.7,4.0,2.0,1.35,0.0,0.0,True,177,29.5,3079.75,1.223,39.55,1408.05,2.19,51.39,37,72
20,0.7,4.0,2.0,1.35,200.0,250.0,True,133,22.2,3323.73,1.369,42.11,1000.87,3.32,54.17,39,72
20,0.7,4.0,2.0,1.35,250.0,250.0,True,150,25.0,3337.26,1.322,41.33,1000.87,3.33,52.78,38,72
20,0.7,4.0,2.0,1.35,300.0,300.0,True,155,25.8,3743.39,1.343,41.29,1000.87,3.74,52.78,38,72
20,0.7,4.0,2.0,1.4,0.0,0.0,True,225,37.5,3525.76,1.194,38.67,1390.07,2.54,56.94,41,72
20,0.7,4.0,2.0,1.4,200.0,250.0,True,149,24.8,2925.31,1.278,41.61,1757.56,1.66,56.94,41,72
20,0.7,4.0,2.0,1.4,250.0,250.0,True,171,28.5,2567.03,1.206,40.35,1885.74,1.36,55.56,40,72
20,0.7,4.0,2.0,1.4,300.0,300.0,True,186,31.0,2913.58,1.212,39.78,1994.12,1.46,55.56,40,72
20,0.7,4.0,2.0,1.45,0.0,0.0,True,261,43.5,3771.91,1.18,39.08,2225.84,1.69,59.72,43,72
20,0.7,4.0,2.0,1.45,200.0,250.0,True,163,27.2,2806.87,1.247,41.1,1507.66,1.86,61.11,44,72
20,0.7,4.0,2.0,1.45,250.0,250.0,True,188,31.3,2451.36,1.182,39.89,1473.85,1.66,56.94,41,72
20,0.7,4.0,2.0,1.45,300.0,300.0,True,210,35.0,4313.11,1.291,40.95,1612.59,2.67,61.11,44,72
20,0.7,4.0,2.0,,0.0,0.0,False,681,113.5,5838.1,1.106,36.42,5564.65,1.05,52.78,38,72
20,0.7,4.0,2.0,,200.0,250.0,False,281,46.8,458.0,1.023,35.59,2237.61,0.2,50.0,36,72
20,0.7,4.0,2.0,,250.0,250.0,False,323,53.8,-53.54,0.998,34.67,2048.23,-0.03,47.22,34,72
20,0.7,4.0,2.0,,300.0,300.0,False,372,62.0,1409.96,1.052,35.48,2460.67,0.57,47.22,34,72
20,0.7,4.0,2.5,1.35,0.0,0.0,True,174,29.0,4937.57,1.334,47.13,1480.23,3.34,54.17,39,72
20,0.7,4.0,2.5,1.35,200.0,250.0,True,119,19.8,5066.14,1.607,48.74,618.77,8.19,56.94,41,72
20,0.7,4.0,2.5,1.35,250.0,250.0,True,134,22.3,5678.56,1.599,49.25,618.77,9.18,55.56,40,72
20,0.7,4.0,2.5,1.35,300.0,300.0,True,145,24.2,5716.31,1.539,49.66,816.64,7.0,54.17,39,72
20,0.7,4.0,2.5,1.4,0.0,0.0,True,221,36.8,4670.09,1.234,45.25,1868.33,2.5,58.33,42,72
20,0.7,4.0,2.5,1.4,200.0,250.0,True,138,23.0,1268.25,1.11,44.93,1938.92,0.65,54.17,39,72
20,0.7,4.0,2.5,1.4,250.0,250.0,True,160,26.7,1099.46,1.081,44.38,2098.38,0.52,52.78,38,72
20,0.7,4.0,2.5,1.4,300.0,300.0,True,180,30.0,2465.15,1.162,45.56,2687.44,0.92,55.56,40,72
20,0.7,4.0,2.5,1.45,0.0,0.0,True,255,42.5,4512.87,1.194,45.1,2911.5,1.55,59.72,43,72
20,0.7,4.0,2.5,1.45,200.0,250.0,True,143,23.8,852.67,1.071,44.06,1881.67,0.45,56.94,41,72
20,0.7,4.0,2.5,1.45,250.0,250.0,True,167,27.8,1185.55,1.084,44.31,2041.13,0.58,52.78,38,72
20,0.7,4.0,2.5,1.45,300.0,300.0,True,202,33.7,3912.57,1.241,46.53,2041.13,1.92,56.94,41,72
20,0.7,4.0,2.5,,0.0,0.0,False,629,104.8,7445.55,1.127,42.45,4988.36,1.49,55.56,40,72
20,0.7,4.0,2.5,,200.0,250.0,False,245,40.8,1656.94,1.086,42.04,1918.05,0.86,52.78,38,72
20,0.7,4.0,2.5,,250.0,250.0,False,273,45.5,3040.22,1.144,43.22,1754.94,1.73,51.39,37,72
20,0.7,4.0,2.5,,300.0,300.0,False,318,53.0,3492.52,1.141,42.77,1833.29,1.91,51.39,37,72
20,0.7,4.5,1.5,1.35,0.0,0.0,True,176,29.3,2381.76,1.199,30.11,1229.04,1.94,50.0,36,72
20,0.7,4.5,1.5,1.35,200.0,250.0,True,140,23.3,3041.29,1.353,32.14,952.22,3.19,48.61,35,72
20,0.7,4.5,1.5,1.35,250.0,250.0,True,147,24.5,2819.6,1.31,31.29,952.22,2.96,50.0,36,72
20,0.7,4.5,1.5,1.35,300.0,300.0,True,159,26.5,3092.45,1.31,30.82,1116.46,2.77,50.0,36,72
20,0.7,4.5,1.5,1.4,0.0,0.0,True,224,37.3,2018.92,1.127,28.57,1616.7,1.25,54.17,39,72
20,0.7,4.5,1.5,1.4,200.0,250.0,True,158,26.3,1882.76,1.185,30.38,1835.57,1.03,51.39,37,72
20,0.7,4.5,1.5,1.4,250.0,250.0,True,169,28.2,1948.02,1.179,29.59,1835.57,1.06,52.78,38,72
20,0.7,4.5,1.5,1.4,300.0,300.0,True,194,32.3,2022.04,1.159,28.87,2160.95,0.94,52.78,38,72
20,0.7,4.5,1.5,1.45,0.0,0.0,True,260,43.3,2778.06,1.153,29.62,1812.97,1.53,54.17,39,72
20,0.7,4.5,1.5,1.45,200.0,250.0,True,180,30.0,2737.5,1.244,31.67,1214.09,2.25,52.78,38,72
20,0.7,4.5,1.5,1.45,250.0,250.0,True,190,31.7,2811.76,1.237,31.05,1214.09,2.32,52.78,38,72
20,0.7,4.5,1.5,1.45,300.0,300.0,True,217,36.2,3583.58,1.262,30.88,1295.51,2.77,52.78,38,72
20,0.7,4.5,1.5,,0.0,0.0,False,680,113.3,3524.67,1.074,27.35,4467.16,0.79,50.0,36,72
20,0.7,4.5,1.5,,200.0,250.0,False,306,51.0,1437.3,1.078,27.78,1763.58,0.81,54.17,39,72
20,0.7,4.5,1.5,,250.0,250.0,False,337,56.2,1754.25,1.087,28.19,1672.08,1.05,51.39,37,72
20,0.7,4.5,1.5,,300.0,300.0,False,393,65.5,2178.7,1.093,28.5,2451.32,0.89,48.61,35,72
20,0.7,4.5,2.0,1.35,0.0,0.0,True,176,29.3,3207.78,1.223,36.93,1198.37,2.68,50.0,36,72
20,0.7,4.5,2.0,1.35,200.0,250.0,True,129,21.5,3113.59,1.333,39.53,949.71,3.28,48.61,35,72
20,0.7,4.5,2.0,1.35,250.0,250.0,True,137,22.8,3739.29,1.385,40.15,949.71,3.94,50.0,36,72
20,0.7,4.5,2.0,1.35,300.0,300.0,True,151,25.2,4136.23,1.376,39.07,1112.59,3.72,50.0,36,72
20,0.7,4.5,2.0,1.4,0.0,0.0,True,223,37.2,3695.42,1.197,36.32,1637.38,2.26,56.94,41,72
20,0.7,4.5,2.0,1.4,200.0,250.0,True,141,23.5,3210.84,1.305,40.43,2264.83,1.42,56.94,41,72
20,0.7,4.5,2.0,1.4,250.0,250.0,True,157,26.2,2925.63,1.248,38.85,2209.1,1.32,55.56,40,72
20,0.7,4.5,2.0,1.4,300.0,300.0,True,184,30.7,2351.45,1.163,36.96,2356.04,1.0,54.17,39,72
20,0.7,4.5,2.0,1.45,0.0,0.0,True,258,43.0,4073.85,1.188,36.82,2157.75,1.89,59.72,43,72
20,0.7,4.5,2.0,1.45,200.0,250.0,True,155,25.8,4933.34,1.46,42.58,1450.9,3.4,63.89,46,72
20,0.7,4.5,2.0,1.45,250.0,250.0,True,172,28.7,4494.81,1.371,40.7,1450.9,3.1,61.11,44,72
20,0.7,4.5,2.0,1.45,300.0,300.0,True,202,33.7,3537.93,1.235,38.12,1612.59,2.19,56.94,41,72
20,0.7,4.5,2.0,,0.0,0.0,False,649,108.2,4699.23,1.085,33.28,5509.96,0.85,52.78,38,72
20,0.7,4.5,2.0,,200.0,250.0,False,267,44.5,127.69,1.006,32.96,2173.17,0.06,51.39,37,72
20,0.7,4.5,2.0,,250.0,250.0,False,292,48.7,165.54,1.008,32.88,2111.65,0.08,48.61,35,72
20,0.7,4.5,2.0,,300.0,300.0,False,370,61.7,1311.54,1.046,33.24,2417.17,0.54,48.61,35,72
20,0.7,4.5,2.5,1.35,0.0,0.0,True,172,28.7,4592.26,1.293,43.6,1373.94,3.34,54.17,39,72
20,0.7,4.5,2.5,1.35,200.0,250.0,True,116,19.3,5262.0,1.601,46.55,982.26,5.36,55.56,40,72
20,0.7,4.5,2.5,1.35,250.0,250.0,True,124,20.7,6060.09,1.664,47.58,982.26,6.17,55.56,40,72
20,0.7,4.5,2.5,1.35,300.0,300.0,True,139,23.2,5303.02,1.479,45.32,982.26,5.4,52.78,38,72
20,0.7,4.5,2.5,1.4,0.0,0.0,True,217,36.2,4769.68,1.23,42.4,1800.24,2.65,58.33,42,72
20,0.7,4.5,2.5,1.4,200.0,250.0,True,129,21.5,2225.89,1.201,44.96,2276.03,0.98,56.94,41,72
20,0.7,4.5,2.5,1.4,250.0,250.0,True,145,24.2,1891.53,1.15,43.45,2276.03,0.83,54.17,39,72
20,0.7,4.5,2.5,1.4,300.0,300.0,True,172,28.7,2108.02,1.137,42.44,2963.91,0.71,54.17,39,72
20,0.7,4.5,2.5,1.45,0.0,0.0,True,250,41.7,4744.74,1.198,42.4,2843.41,1.67,58.33,42,72
20,0.7,4.5,2.5,1.45,200.0,250.0,True,131,21.8,3614.6,1.341,47.33,1778.01,2.03,62.5,45,72
20,0.7,4.5,2.5,1.45,250.0,250.0,True,149,24.8,2644.74,1.212,44.3,1778.01,1.49,56.94,41,72
20,0.7,4.5,2.5,1.45,300.0,300.0,True,188,31.3,4371.65,1.28,44.68,1937.47,2.26,58.33,42,72
20,0.7,4.5,2.5,,0.0,0.0,False,590,98.3,6159.6,1.105,38.98,4881.36,1.26,56.94,41,72
20,0.7,4.5,2.5,,200.0,250.0,False,216,36.0,2405.6,1.137,40.74,1966.12,1.22,54.17,39,72
20,0.7,4.5,2.5,,250.0,250.0,False,238,39.7,2073.77,1.107,39.92,1966.12,1.05,51.39,37,72
20,0.7,4.5,2.5,,300.0,300.0,False,291,48.5,2747.32,1.116,39.86,2083.63,1.32,51.39,37,72
20,0.7,5.0,1.5,1.35,0.0,0.0,True,174,29.0,1465.36,1.117,27.01,1666.24,0.88,45.83,33,72
20,0.7,5.0,1.5,1.35,200.0,250.0,True,136,22.7,3180.69,1.365,30.15,1114.19,2.85,45.83,33,72
20,0.7,5.0,1.5,1.35,250.0,250.0,True,141,23.5,2866.32,1.317,29.08,1114.19,2.57,45.83,33,72
20,0.7,5.0,1.5,1.35,300.0,300.0,True,153,25.5,2465.69,1.247,28.1,1114.19,2.21,47.22,34,72
20,0.7,5.0,1.5,1.4,0.0,0.0,True,221,36.8,1660.81,1.102,26.24,2053.9,0.81,51.39,37,72
20,0.7,5.0,1.5,1.4,200.0,250.0,True,152,25.3,2592.94,1.258,29.61,2104.7,1.23,50.0,36,72
20,0.7,5.0,1.5,1.4,250.0,250.0,True,160,26.7,2068.71,1.196,28.12,2104.7,0.98,48.61,35,72
20,0.7,5.0,1.5,1.4,300.0,300.0,True,184,30.7,2797.69,1.228,27.72,2087.26,1.34,51.39,37,72
20,0.7,5.0,1.5,1.45,0.0,0.0,True,256,42.7,2649.27,1.144,27.34,1847.42,1.43,55.56,40,72
20,0.7,5.0,1.5,1.45,200.0,250.0,True,167,27.8,4169.05,1.399,31.14,1214.09,3.43,56.94,41,72
20,0.7,5.0,1.5,1.45,250.0,250.0,True,181,30.2,3244.18,1.281,29.28,1214.09,2.67,54.17,39,72
20,0.7,5.0,1.5,1.45,300.0,300.0,True,206,34.3,4528.56,1.345,29.61,1317.41,3.44,55.56,40,72
20,0.7,5.0,1.5,,0.0,0.0,False,665,110.8,656.26,1.014,24.06,4815.41,0.14,45.83,33,72
20,0.7,5.0,1.5,,200.0,250.0,False,238,39.7,2182.44,1.145,26.89,1543.88,1.41,56.94,41,72
20,0.7,5.0,1.5,,250.0,250.0,False,322,53.7,1429.71,1.071,25.78,2071.68,0.69,47.22,34,72
20,0.7,5.0,1.5,,300.0,300.0,False,385,64.2,1205.68,1.051,25.19,3133.18,0.38,44.44,32,72
20,0.7,5.0,2.0,1.35,0.0,0.0,True,174,29.0,2495.01,1.166,33.91,1634.49,1.53,47.22,34,72
20,0.7,5.0,2.0,1.35,200.0,250.0,True,127,21.2,3782.34,1.403,37.8,898.55,4.21,50.0,36,72
20,0.7,5.0,2.0,1.35,250.0,250.0,True,130,21.7,3447.44,1.354,36.92,898.55,3.84,48.61,35,72
20,0.7,5.0,2.0,1.35,300.0,300.0,True,144,24.0,4800.15,1.45,37.5,898.55,5.34,50.0,36,72
20,0.7,5.0,2.0,1.4,0.0,0.0,True,217,36.2,3745.11,1.198,34.1,2058.39,1.82,54.17,39,72
20,0.7,5.0,2.0,1.4,200.0,250.0,True,134,22.3,3813.66,1.373,39.55,2067.24,1.84,55.56,40,72
20,0.7,5.0,2.0,1.4,250.0,250.0,True,148,24.7,2925.7,1.25,36.49,2067.24,1.42,51.39,37,72
20,0.7,5.0,2.0,1.4,300.0,300.0,True,172,28.7,3566.04,1.26,36.05,2154.95,1.65,52.78,38,72
20,0.7,5.0,2.0,1.45,0.0,0.0,True,250,41.7,4482.4,1.207,34.8,2089.67,2.15,58.33,42,72
20,0.7,5.0,2.0,1.45,200.0,250.0,True,145,24.2,5496.48,1.533,41.38,1346.77,4.08,59.72,43,72
20,0.7,5.0,2.0,1.45,250.0,250.0,True,158,26.3,5156.22,1.451,39.24,1346.77,3.83,56.94,41,72
20,0.7,5.0,2.0,1.45,300.0,300.0,True,183,30.5,6088.83,1.453,38.8,1612.59,3.78,56.94,41,72
20,0.7,5.0,2.0,,0.0,0.0,False,624,104.0,2637.53,1.047,29.65,5628.17,0.47,48.61,35,72
20,0.7,5.0,2.0,,200.0,250.0,False,227,37.8,-1085.85,0.94,29.52,3283.36,-0.33,51.39,37,72
20,0.7,5.0,2.0,,250.0,250.0,False,285,47.5,-2815.63,0.875,28.07,3929.62,-0.72,41.67,30,72
20,0.7,5.0,2.0,,300.0,300.0,False,333,55.5,-352.17,0.986,29.73,2665.51,-0.13,45.83,33,72
20,0.7,5.0,2.5,1.35,0.0,0.0,True,170,28.3,4539.37,1.279,40.59,1833.93,2.48,54.17,39,72
20,0.7,5.0,2.5,1.35,200.0,250.0,True,119,19.8,6317.43,1.689,45.38,1127.59,5.6,55.56,40,72
20,0.7,5.0,2.5,1.35,250.0,250.0,True,120,20.0,6216.34,1.67,45.0,1127.59,5.51,55.56,40,72
20,0.7,5.0,2.5,1.35,300.0,300.0,True,135,22.5,6371.17,1.593,44.44,982.26,6.49,54.17,39,72
20,0.7,5.0,2.5,1.4,0.0,0.0,True,211,35.2,4575.83,1.217,39.34,2471.76,1.85,55.56,40,72
20,0.7,5.0,2.5,1.4,200.0,250.0,True,127,21.2,2739.08,1.242,43.31,2301.8,1.19,55.56,40,72
20,0.7,5.0,2.5,1.4,250.0,250.0,True,138,23.0,1248.96,1.098,39.86,2301.8,0.54,51.39,37,72
20,0.7,5.0,2.5,1.4,300.0,300.0,True,163,27.2,2121.4,1.141,39.88,2663.06,0.8,52.78,38,72
20,0.7,5.0,2.5,1.45,0.0,0.0,True,243,40.5,4830.04,1.199,39.51,2775.33,1.74,56.94,41,72
20,0.7,5.0,2.5,1.45,200.0,250.0,True,129,21.5,3544.03,1.32,44.19,1674.35,2.12,58.33,42,72
20,0.7,5.0,2.5,1.45,250.0,250.0,True,137,22.8,2931.29,1.246,42.34,1674.35,1.75,56.94,41,72
20,0.7,5.0,2.5,1.45,300.0,300.0,True,175,29.2,4629.5,1.311,42.29,1674.35,2.76,56.94,41,72
20,0.7,5.0,2.5,,0.0,0.0,False,567,94.5,3684.75,1.062,34.92,4779.15,0.77,52.78,38,72
20,0.7,5.0,2.5,,200.0,250.0,False,199,33.2,972.88,1.055,36.68,1862.46,0.52,52.78,38,72
20,0.7,5.0,2.5,,250.0,250.0,False,232,38.7,726.69,1.036,36.21,1862.46,0.39,48.61,35,72
20,0.7,5.0,2.5,,300.0,300.0,False,270,45.0,1045.41,1.045,36.3,1986.35,0.53,48.61,35,72
28,0.55,3.5,1.5,1.35,0.0,0.0,True,145,24.2,4910.77,1.562,34.48,1119.73,4.39,48.61,35,72
28,0.55,3.5,1.5,1.35,200.0,250.0,True,121,20.2,2833.16,1.385,32.23,1027.39,2.76,47.22,34,72
28,0.55,3.5,1.5,1.35,250.0,250.0,True,130,21.7,3213.69,1.408,33.08,960.55,3.35,47.22,34,72
28,0.55,3.5,1.5,1.35,300.0,300.0,True,134,22.3,4351.41,1.552,35.07,960.55,4.53,48.61,35,72
28,0.55,3.5,1.5,1.4,0.0,0.0,True,186,31.0,4868.9,1.42,34.41,1810.25,2.69,45.83,33,72
28,0.55,3.5,1.5,1.4,200.0,250.0,True,149,24.8,955.84,1.099,30.2,1886.29,0.51,41.67,30,72
28,0.55,3.5,1.5,1.4,250.0,250.0,True,157,26.2,1573.33,1.157,31.21,1886.29,0.83,41.67,30,72
28,0.55,3.5,1.5,1.4,300.0,300.0,True,163,27.2,3911.21,1.396,34.36,1497.67,2.61,45.83,33,72
28,0.55,3.5,1.5,1.45,0.0,0.0,True,231,38.5,4579.92,1.305,34.2,1361.71,3.36,51.39,37,72
28,0.55,3.5,1.5,1.45,200.0,250.0,True,174,29.0,134.0,1.012,31.61,1319.01,0.1,48.61,35,72
28,0.55,3.5,1.5,1.45,250.0,250.0,True,187,31.2,557.73,1.047,32.09,1294.26,0.43,48.61,35,72
28,0.55,3.5,1.5,1.45,300.0,300.0,True,199,33.2,1447.14,1.115,32.66,1361.71,1.06,48.61,35,72
28,0.55,3.5,1.5,,0.0,0.0,False,636,106.0,9407.08,1.24,34.91,2701.27,3.48,61.11,44,72
28,0.55,3.5,1.5,,200.0,250.0,False,304,50.7,2320.22,1.142,32.57,1439.14,1.61,56.94,41,72
28,0.55,3.5,1.5,,250.0,250.0,False,337,56.2,3923.86,1.213,34.72,1530.79,2.56,56.94,41,72
28,0.55,3.5,1.5,,300.0,300.0,False,393,65.5,4968.43,1.236,35.11,1651.34,3.01,59.72,43,72
28,0.55,3.5,2.0,1.35,0.0,0.0,True,144,24.0,5352.29,1.522,43.06,1246.81,4.29,52.78,38,72
28,0.55,3.5,2.0,1.35,200.0,250.0,True,117,19.5,3416.97,1.408,41.88,1121.55,3.05,51.39,37,72
28,0.55,3.5,2.0,1.35,250.0,250.0,True,125,20.8,3455.25,1.382,41.6,1153.68,2.99,50.0,36,72
28,0.55,3.5,2.0,1.35,300.0,300.0,True,129,21.5,3688.58,1.399,41.86,1121.55,3.29,50.0,36,72
28,0.55,3.5,2.0,1.4,0.0,0.0,True,184,30.7,5179.84,1.382,41.85,1924.38,2.69,50.0,36,72
28,0.55,3.5,2.0,1.4,200.0,250.0,True,142,23.7,2021.03,1.188,39.44,1525.78,1.32,48.61,35,72
28,0.55,3.5,2.0,1.4,250.0,250.0,True,149,24.8,3002.68,1.273,40.94,1295.84,2.32,47.22,34,72
28,0.55,3.5,2.0,1.4,300.0,300.0,True,154,25.7,3156.78,1.28,40.91,1310.91,2.41,47.22,34,72
28,0.55,3.5,2.0,1.45,0.0,0.0,True,227,37.8,4772.78,1.271,42.29,1240.97,3.85,54.17,39,72
28,0.55,3.5,2.0,1.45,200.0,250.0,True,166,27.7,574.14,1.046,40.96,1447.87,0.4,52.78,38,72
28,0.55,3.5,2.0,1.45,250.0,250.0,True,175,29.2,1535.99,1.12,42.29,1173.41,1.31,51.39,37,72
28,0.55,3.5,2.0,1.45,300.0,300.0,True,182,30.3,1802.58,1.134,42.31,1233.0,1.46,50.0,36,72
28,0.55,3.5,2.0,,0.0,0.0,False,613,102.2,9326.71,1.206,41.6,2800.79,3.33,56.94,41,72
28,0.55,3.5,2.0,,200.0,250.0,False,244,40.7,345.4,1.021,38.11,1928.66,0.18,51.39,37,72
28,0.55,3.5,2.0,,250.0,250.0,False,270,45.0,177.04,1.01,38.52,2695.12,0.07,47.22,34,72
28,0.55,3.5,2.0,,300.0,300.0,False,338,56.3,4453.57,1.205,41.72,1559.76,2.86,55.56,40,72
28,0.55,3.5,2.5,1.35,0.0,0.0,True,144,24.0,5201.11,1.443,47.92,1593.77,3.26,51.39,37,72
28,0.55,3.5,2.5,1.35,200.0,250.0,True,113,18.8,1263.4,1.131,44.25,1437.97,0.88,48.61,35,72
28,0.55,3.5,2.5,1.35,250.0,250.0,True,122,20.3,1916.75,1.187,45.9,1437.97,1.33,48.61,35,72
28,0.55,3.5,2.5,1.35,300.0,300.0,True,126,21.0,2847.52,1.277,47.62,1437.97,1.98,48.61,35,72
28,0.55,3.5,2.5,1.4,0.0,0.0,True,183,30.5,6285.38,1.421,48.09,2043.33,3.08,51.39,37,72
28,0.55,3.5,2.5,1.4,200.0,250.0,True,136,22.7,593.7,1.05,44.12,1876.76,0.32,47.22,34,72
28,0.55,3.5,2.5,1.4,250.0,250.0,True,142,23.7,1285.95,1.106,45.07,1725.47,0.75,45.83,33,72
28,0.55,3.5,2.5,1.4,300.0,300.0,True,150,25.0,2277.7,1.184,46.67,1715.06,1.33,47.22,34,72
28,0.55,3.5,2.5,1.45,0.0,0.0,True,226,37.7,6671.62,1.347,49.12,1388.2,4.81,56.94,41,72
28,0.55,3.5,2.5,1.45,200.0,250.0,True,156,26.0,290.06,1.022,46.79,1544.25,0.19,51.39,37,72
28,0.55,3.5,2.5,1.45,250.0,250.0,True,165,27.5,1177.66,1.086,47.88,1458.67,0.81,50.0,36,72
28,0.55,3.5,2.5,1.45,300.0,300.0,True,177,29.5,1906.41,1.131,48.59,1726.74,1.1,50.0,36,72
28,0.55,3.5,2.5,,0.0,0.0,False,578,96.3,11601.55,1.243,46.71,2062.96,5.62,50.0,36,72
28,0.55,3.5,2.5,,200.0,250.0,False,215,35.8,-86.5,0.995,42.79,1867.28,-0.05,50.0,36,72
28,0.55,3.5,2.5,,250.0,250.0,False,254,42.3,709.9,1.036,43.31,1538.02,0.46,45.83,33,72
28,0.55,3.5,2.5,,300.0,300.0,False,290,48.3,458.84,1.02,42.76,2481.31,0.18,45.83,33,72
28,0.55,4.0,1.5,1.35,0.0,0.0,True,144,24.0,4112.97,1.445,30.56,1095.15,3.76,45.83,33,72
28,0.55,4.0,1.5,1.35,200.0,250.0,True,115,19.2,3287.2,1.456,30.43,1002.14,3.28,45.83,33,72
28,0.55,4.0,1.5,1.35,250.0,250.0,True,124,20.7,4095.61,1.537,31.45,1069.74,3.83,44.44,32,72
28,0.55,4.0,1.5,1.35,300.0,300.0,True,133,22.2,5006.73,1.615,32.33,933.67,5.36,45.83,33,72
28,0.55,4.0,1.5,1.4,0.0,0.0,True,185,30.8,4479.42,1.37,31.35,1785.67,2.51,45.83,33,72
28,0.55,4.0,1.5,1.4,200.0,250.0,True,139,23.2,1383.05,1.15,28.78,1861.71,0.74,43.06,31,72
28,0.55,4.0,1.5,1.4,250.0,250.0,True,153,25.5,2458.97,1.248,30.07,1861.71,1.32,41.67,30,72
28,0.55,4.0,1.5,1.4,300.0,300.0,True,163,27.2,4952.23,1.489,32.52,1473.09,3.36,45.83,33,72
28,0.55,4.0,1.5,1.45,0.0,0.0,True,230,38.3,4641.72,1.299,31.74,1296.33,3.58,54.17,39,72
28,0.55,4.0,1.5,1.45,200.0,250.0,True,162,27.0,1105.7,1.108,30.86,1099.62,1.01,52.78,38,72
28,0.55,4.0,1.5,1.45,250.0,250.0,True,182,30.3,1679.43,1.144,31.32,1099.62,1.53,51.39,37,72
28,0.55,4.0,1.5,1.45,300.0,300.0,True,200,33.3,2428.41,1.188,31.0,1209.83,2.01,51.39,37,72
28,0.55,4.0,1.5,,0.0,0.0,False,623,103.8,11322.5,1.286,32.74,2454.58,4.61,61.11,44,72
28,0.55,4.0,1.5,,200.0,250.0,False,264,44.0,4455.15,1.312,32.95,1269.42,3.51,59.72,43,72
28,0.55,4.0,1.5,,250.0,250.0,False,319,53.2,4836.37,1.278,32.6,1269.42,3.81,56.94,41,72
28,0.55,4.0,1.5,,300.0,300.0,False,385,64.2,6869.42,1.326,33.51,1494.21,4.6,58.33,42,72
28,0.55,4.0,2.0,1.35,0.0,0.0,True,143,23.8,4674.05,1.428,39.16,1343.46,3.48,54.17,39,72
28,0.55,4.0,2.0,1.35,200.0,250.0,True,112,18.7,4461.25,1.547,41.07,1096.97,4.07,54.17,39,72
28,0.55,4.0,2.0,1.35,250.0,250.0,True,120,20.0,4827.73,1.554,40.83,1096.97,4.4,52.78,38,72
28,0.55,4.0,2.0,1.35,300.0,300.0,True,128,21.3,4704.36,1.497,39.84,1096.97,4.29,51.39,37,72
28,0.55,4.0,2.0,1.4,0.0,0.0,True,183,30.5,4957.08,1.348,38.8,1865.07,2.66,51.39,37,72
28,0.55,4.0,2.0,1.4,200.0,250.0,True,134,22.3,3132.18,1.305,38.81,1406.29,2.23,50.0,36,72
28,0.55,4.0,2.0,1.4,250.0,250.0,True,147,24.5,3677.98,1.329,38.78,1406.29,2.62,48.61,35,72
28,0.55,4.0,2.0,1.4,300.0,300.0,True,152,25.3,4756.31,1.422,40.13,1236.53,3.85,48.61,35,72
28,0.55,4.0,2.0,1.45,0.0,0.0,True,226,37.7,5078.58,1.278,39.82,1805.85,2.81,55.56,40,72
28,0.55,4.0,2.0,1.45,200.0,250.0,True,153,25.5,2593.16,1.232,41.83,1268.59,2.04,55.56,40,72
28,0.55,4.0,2.0,1.45,250.0,250.0,True,170,28.3,2058.27,1.159,40.0,1312.07,1.57,52.78,38,72
28,0.55,4.0,2.0,1.45,300.0,300.0,True,182,30.3,3337.67,1.245,41.21,1051.25,3.17,51.39,37,72
28,0.55,4.0,2.0,,0.0,0.0,False,596,99.3,11298.46,1.247,39.26,3193.46,3.54,59.72,43,72
28,0.55,4.0,2.0,,200.0,250.0,False,222,37.0,1244.27,1.082,36.49,2045.98,0.61,51.39,37,72
28,0.55,4.0,2.0,,250.0,250.0,False,272,45.3,1991.52,1.106,37.13,1973.77,1.01,47.22,34,72
28,0.55,4.0,2.0,,300.0,300.0,False,316,52.7,5636.39,1.269,39.56,1397.62,4.03,54.17,39,72
28,0.55,4.0,2.5,1.35,0.0,0.0,True,143,23.8,5245.95,1.426,45.45,1569.19,3.34,55.56,40,72
28,0.55,4.0,2.5,1.35,200.0,250.0,True,106,17.7,3165.68,1.356,46.23,1413.39,2.24,54.17,39,72
28,0.55,4.0,2.5,1.35,250.0,250.0,True,116,19.3,3160.4,1.322,44.83,1413.39,2.24,51.39,37,72
28,0.55,4.0,2.5,1.35,300.0,300.0,True,124,20.7,4219.51,1.411,46.77,1413.39,2.99,52.78,38,72
28,0.55,4.0,2.5,1.4,0.0,0.0,True,181,30.2,6781.19,1.438,45.86,1984.02,3.42,54.17,39,72
28,0.55,4.0,2.5,1.4,200.0,250.0,True,122,20.3,1906.49,1.177,44.26,1655.75,1.15,50.0,36,72
28,0.55,4.0,2.5,1.4,250.0,250.0,True,140,23.3,2592.63,1.213,44.29,1655.75,1.57,47.22,34,72
28,0.55,4.0,2.5,1.4,300.0,300.0,True,147,24.5,3991.94,1.325,46.26,1655.75,2.41,48.61,35,72
28,0.55,4.0,2.5,1.45,0.0,0.0,True,224,37.3,7844.88,1.397,47.32,1764.28,4.45,61.11,44,72
28,0.55,4.0,2.5,1.45,200.0,250.0,True,139,23.2,3166.8,1.278,48.92,1263.44,2.51,58.33,42,72
28,0.55,4.0,2.5,1.45,250.0,250.0,True,160,26.7,2139.18,1.156,46.25,1263.44,1.69,54.17,39,72
28,0.55,4.0,2.5,1.45,300.0,300.0,True,177,29.5,3957.44,1.27,48.02,1552.26,2.55,54.17,39,72
28,0.55,4.0,2.5,,0.0,0.0,False,560,93.3,14088.4,1.292,44.64,3231.81,4.36,59.72,43,72
28,0.55,4.0,2.5,,200.0,250.0,False,185,30.8,1069.34,1.072,41.62,1450.58,0.74,52.78,38,72
28,0.55,4.0,2.5,,250.0,250.0,False,225,37.5,1761.54,1.097,41.78,1736.47,1.01,48.61,35,72
28,0.55,4.0,2.5,,300.0,300.0,False,280,46.7,3647.27,1.165,42.86,1805.01,2.02,48.61,35,72
28,0.55,4.5,1.5,1.35,0.0,0.0,True,144,24.0,5074.28,1.538,29.17,1070.57,4.74,44.44,32,72
28,0.55,4.5,1.5,1.35,200.0,250.0,True,114,19.0,4571.64,1.633,29.82,917.9,4.98,44.44,32,72
28,0.55,4.5,1.5,1.35,250.0,250.0,True,117,19.5,4326.01,1.58,29.06,917.9,4.71,44.44,32,72
28,0.55,4.5,1.5,1.35,300.0,300.0,True,131,21.8,5170.67,1.621,29.77,1005.39,5.14,44.44,32,72
28,0.55,4.5,1.5,1.4,0.0,0.0,True,185,30.8,5848.96,1.476,30.27,1761.09,3.32,48.61,35,72
28,0.55,4.5,1.5,1.4,200.0,250.0,True,136,22.7,3335.64,1.374,29.41,1837.13,1.82,47.22,34,72
28,0.55,4.5,1.5,1.4,250.0,250.0,True,143,23.8,3413.3,1.365,29.37,1837.13,1.86,47.22,34,72
28,0.55,4.5,1.5,1.4,300.0,300.0,True,158,26.3,5028.09,1.496,30.38,1448.51,3.47,48.61,35,72
28,0.55,4.5,1.5,1.45,0.0,0.0,True,230,38.3,5641.22,1.355,30.43,1135.61,4.97,55.56,40,72
28,0.55,4.5,1.5,1.45,200.0,250.0,True,157,26.2,1727.52,1.169,29.94,1187.79,1.45,52.78,38,72
28,0.55,4.5,1.5,1.45,250.0,250.0,True,170,28.3,1673.81,1.15,29.41,1187.79,1.41,52.78,38,72
28,0.55,4.5,1.5,1.45,300.0,300.0,True,189,31.5,2523.49,1.204,29.63,1235.95,2.04,51.39,37,72
28,0.55,4.5,1.5,,0.0,0.0,False,616,102.7,12569.23,1.311,30.68,2441.06,5.15,59.72,43,72
28,0.55,4.5,1.5,,200.0,250.0,False,250,41.7,5021.58,1.358,31.6,1252.61,4.01,59.72,43,72
28,0.55,4.5,1.5,,250.0,250.0,False,302,50.3,4498.11,1.262,29.8,1252.61,3.59,54.17,39,72
28,0.55,4.5,1.5,,300.0,300.0,False,360,60.0,6711.11,1.336,31.39,1291.09,5.2,59.72,43,72
28,0.55,4.5,2.0,1.35,0.0,0.0,True,143,23.8,5857.52,1.525,37.76,1245.54,4.7,52.78,38,72
28,0.55,4.5,2.0,1.35,200.0,250.0,True,109,18.2,5044.56,1.605,38.53,1072.39,4.7,54.17,39,72
28,0.55,4.5,2.0,1.35,250.0,250.0,True,114,19.0,5688.13,1.669,39.47,1072.39,5.3,54.17,39,72
28,0.55,4.5,2.0,1.35,300.0,300.0,True,127,21.2,5165.4,1.531,37.8,1129.36,4.57,52.78,38,72
28,0.55,4.5,2.0,1.4,0.0,0.0,True,183,30.5,6595.92,1.456,37.7,1805.76,3.65,51.39,37,72
28,0.55,4.5,2.0,1.4,200.0,250.0,True,128,21.3,4415.29,1.444,37.5,1308.23,3.38,52.78,38,72
28,0.55,4.5,2.0,1.4,250.0,250.0,True,139,23.2,4937.43,1.46,38.13,1308.23,3.77,51.39,37,72
28,0.55,4.5,2.0,1.4,300.0,300.0,True,150,25.0,4793.3,1.411,37.33,1411.89,3.39,50.0,36,72
28,0.55,4.5,2.0,1.45,0.0,0.0,True,226,37.7,6356.23,1.338,38.5,1603.19,3.96,55.56,40,72
28,0.55,4.5,2.0,1.45,200.0,250.0,True,147,24.5,2570.9,1.225,39.46,1474.86,1.74,55.56,40,72
28,0.55,4.5,2.0,1.45,250.0,250.0,True,162,27.0,3027.5,1.241,39.51,1474.86,2.05,55.56,40,72
28,0.55,4.5,2.0,1.45,300.0,300.0,True,172,28.7,3075.31,1.231,38.95,1324.14,2.32,54.17,39,72
28,0.55,4.5,2.0,,0.0,0.0,False,583,97.2,12271.06,1.263,37.05,3091.34,3.97,58.33,42,72
28,0.55,4.5,2.0,,200.0,250.0,False,219,36.5,569.51,1.036,34.7,2532.5,0.22,54.17,39,72
28,0.55,4.5,2.0,,250.0,250.0,False,257,42.8,-534.75,0.972,32.68,2422.87,-0.22,47.22,34,72
28,0.55,4.5,2.0,,300.0,300.0,False,312,52.0,5557.45,1.257,37.82,1524.13,3.65,54.17,39,72
28,0.55,4.5,2.5,1.35,0.0,0.0,True,142,23.7,5952.58,1.466,42.96,1544.61,3.85,52.78,38,72
28,0.55,4.5,2.5,1.35,200.0,250.0,True,103,17.2,3635.88,1.398,43.69,1388.81,2.62,54.17,39,72
28,0.55,4.5,2.5,1.35,250.0,250.0,True,110,18.3,4003.67,1.419,43.64,1388.81,2.88,52.78,38,72
28,0.55,4.5,2.5,1.35,300.0,300.0,True,121,20.2,3770.48,1.351,42.98,1388.81,2.71,50.0,36,72
28,0.55,4.5,2.5,1.4,0.0,0.0,True,180,30.0,8083.4,1.507,43.89,1924.71,4.2,56.94,41,72
28,0.55,4.5,2.5,1.4,200.0,250.0,True,116,19.3,3178.65,1.306,43.1,1596.44,1.99,55.56,40,72
28,0.55,4.5,2.5,1.4,250.0,250.0,True,130,21.7,3461.71,1.299,43.08,1596.44,2.17,54.17,39,72
28,0.55,4.5,2.5,1.4,300.0,300.0,True,145,24.2,4437.26,1.352,44.14,1596.44,2.78,52.78,38,72
28,0.55,4.5,2.5,1.45,0.0,0.0,True,223,37.2,8866.34,1.431,45.29,1606.35,5.52,62.5,45,72
28,0.55,4.5,2.5,1.45,200.0,250.0,True,132,22.0,3357.93,1.291,46.97,1245.21,2.7,58.33,42,72
28,0.55,4.5,2.5,1.45,250.0,250.0,True,149,24.8,3612.63,1.278,46.31,1245.21,2.9,58.33,42,72
28,0.55,4.5,2.5,1.45,300.0,300.0,True,169,28.2,4371.05,1.304,46.15,1170.1,3.74,56.94,41,72
28,0.55,4.5,2.5,,0.0,0.0,False,542,90.3,14755.85,1.301,42.07,3032.47,4.87,59.72,43,72
28,0.55,4.5,2.5,,200.0,250.0,False,192,32.0,313.25,1.019,39.06,2299.45,0.14,55.56,40,72
28,0.55,4.5,2.5,,250.0,250.0,False,218,36.3,607.43,1.032,38.99,2207.78,0.28,52.78,38,72
28,0.55,4.5,2.5,,300.0,300.0,False,267,44.5,845.14,1.037,38.95,2135.05,0.4,50.0,36,72
28,0.55,5.0,1.5,1.35,0.0,0.0,True,143,23.8,4784.63,1.487,26.57,1229.27,3.89,43.06,31,72
28,0.55,5.0,1.5,1.35,200.0,250.0,True,115,19.2,4256.23,1.551,26.96,1123.11,3.79,41.67,30,72
28,0.55,5.0,1.5,1.35,250.0,250.0,True,116,19.3,4184.36,1.537,26.72,1123.11,3.73,41.67,30,72
28,0.55,5.0,1.5,1.35,300.0,300.0,True,124,20.7,4253.01,1.506,25.81,1229.27,3.46,43.06,31,72
28,0.55,5.0,1.5,1.4,0.0,0.0,True,183,30.5,4657.72,1.36,26.78,1736.51,2.68,47.22,34,72
28,0.55,5.0,1.5,1.4,200.0,250.0,True,132,22.0,4460.08,1.511,28.79,1812.55,2.46,47.22,34,72
28,0.55,5.0,1.5,1.4,250.0,250.0,True,139,23.2,3810.84,1.406,27.34,1812.55,2.1,45.83,33,72
28,0.55,5.0,1.5,1.4,300.0,300.0,True,156,26.0,3339.09,1.307,25.64,2019.66,1.65,47.22,34,72
28,0.55,5.0,1.5,1.45,0.0,0.0,True,228,38.0,4832.81,1.292,27.63,1280.62,3.77,55.56,40,72
28,0.55,5.0,1.5,1.45,200.0,250.0,True,149,24.8,2858.33,1.295,29.53,1122.21,2.55,52.78,38,72
28,0.55,5.0,1.5,1.45,250.0,250.0,True,164,27.3,2608.89,1.24,28.66,1122.21,2.32,51.39,37,72
28,0.55,5.0,1.5,1.45,300.0,300.0,True,184,30.7,2472.99,1.2,27.17,1292.63,1.91,52.78,38,72
28,0.55,5.0,1.5,,0.0,0.0,False,603,100.5,11181.28,1.27,28.19,2614.26,4.28,62.5,45,72
28,0.55,5.0,1.5,,200.0,250.0,False,218,36.3,6207.41,1.495,31.19,1252.61,4.96,61.11,44,72
28,0.55,5.0,1.5,,250.0,250.0,False,265,44.2,7014.7,1.465,30.94,1252.61,5.6,59.72,43,72
28,0.55,5.0,1.5,,300.0,300.0,False,347,57.8,6721.24,1.335,28.82,1289.16,5.21,58.33,42,72
28,0.55,5.0,2.0,1.35,0.0,0.0,True,142,23.7,5725.42,1.491,35.21,1245.54,4.6,50.0,36,72
28,0.55,5.0,2.0,1.35,200.0,250.0,True,106,17.7,5259.52,1.619,36.79,1047.81,5.02,51.39,37,72
28,0.55,5.0,2.0,1.35,250.0,250.0,True,112,18.7,5383.67,1.607,36.61,1047.81,5.14,51.39,37,72
28,0.55,5.0,2.0,1.35,300.0,300.0,True,122,20.3,5031.1,1.512,35.25,1081.25,4.65,50.0,36,72
28,0.55,5.0,2.0,1.4,0.0,0.0,True,181,30.2,7236.94,1.488,35.36,1746.44,4.14,50.0,36,72
28,0.55,5.0,2.0,1.4,200.0,250.0,True,125,20.8,5755.83,1.59,36.8,1210.17,4.76,54.17,39,72
28,0.55,5.0,2.0,1.4,250.0,250.0,True,135,22.5,5547.12,1.519,36.3,1210.17,4.58,51.39,37,72
28,0.55,5.0,2.0,1.4,300.0,300.0,True,148,24.7,5336.97,1.451,35.14,1313.83,4.06,50.0,36,72
28,0.55,5.0,2.0,1.45,0.0,0.0,True,224,37.3,7457.36,1.389,36.61,1490.44,5.0,56.94,41,72
28,0.55,5.0,2.0,1.45,200.0,250.0,True,139,23.2,3095.46,1.279,38.13,1395.26,2.22,54.17,39,72
28,0.55,5.0,2.0,1.45,250.0,250.0,True,155,25.8,4251.77,1.353,39.35,1395.26,3.05,54.17,39,72
28,0.55,5.0,2.0,1.45,300.0,300.0,True,169,28.2,3618.13,1.27,37.28,1498.92,2.41,52.78,38,72
28,0.55,5.0,2.0,,0.0,0.0,False,563,93.8,11228.16,1.237,33.93,3314.3,3.39,62.5,45,72
28,0.55,5.0,2.0,,200.0,250.0,False,208,34.7,1408.9,1.09,33.17,2313.76,0.61,52.78,38,72
28,0.55,5.0,2.0,,250.0,250.0,False,223,37.2,1488.71,1.088,33.18,2108.37,0.71,50.0,36,72
28,0.55,5.0,2.0,,300.0,300.0,False,306,51.0,5728.44,1.26,35.62,1640.86,3.49,56.94,41,72
28,0.55,5.0,2.5,1.35,0.0,0.0,True,141,23.5,5303.86,1.39,39.72,1520.03,3.49,52.78,38,72
28,0.55,5.0,2.5,1.35,200.0,250.0,True,102,17.0,3428.3,1.356,41.18,1364.23,2.51,52.78,38,72
28,0.55,5.0,2.5,1.35,250.0,250.0,True,108,18.0,3965.25,1.397,41.67,1364.23,2.91,52.78,38,72
28,0.55,5.0,2.5,1.35,300.0,300.0,True,116,19.3,3319.46,1.304,39.66,1364.23,2.43,51.39,37,72
28,0.55,5.0,2.5,1.4,0.0,0.0,True,178,29.7,8774.14,1.534,41.57,1865.39,4.7,55.56,40,72
28,0.55,5.0,2.5,1.4,200.0,250.0,True,116,19.3,3797.8,1.351,41.38,1537.12,2.47,52.78,38,72
28,0.55,5.0,2.5,1.4,250.0,250.0,True,125,20.8,4143.07,1.357,41.6,1537.12,2.7,51.39,37,72
28,0.55,5.0,2.5,1.4,300.0,300.0,True,145,24.2,3983.81,1.296,40.69,1537.12,2.59,51.39,37,72
28,0.55,5.0,2.5,1.45,0.0,0.0,True,221,36.8,10166.08,1.483,43.44,1506.88,6.75,62.5,45,72
28,0.55,5.0,2.5,1.45,200.0,250.0,True,129,21.5,3774.0,1.325,44.96,1119.74,3.37,56.94,41,72
28,0.55,5.0,2.5,1.45,250.0,250.0,True,141,23.5,5377.13,1.437,46.81,1119.74,4.8,58.33,42,72
28,0.55,5.0,2.5,1.45,300.0,300.0,True,164,27.3,4924.65,1.342,44.51,1409.78,3.49,58.33,42,72
28,0.55,5.0,2.5,,0.0,0.0,False,521,86.8,13581.1,1.271,38.77,3067.51,4.43,62.5,45,72
28,0.55,5.0,2.5,,200.0,250.0,False,182,30.3,1654.57,1.104,37.91,1982.95,0.83,55.56,40,72
28,0.55,5.0,2.5,,250.0,250.0,False,196,32.7,1083.21,1.062,37.24,1899.33,0.57,52.78,38,72
28,0.55,5.0,2.5,,300.0,300.0,False,248,41.3,2544.01,1.118,37.9,2008.9,1.27,52.78,38,72
28,0.6,3.5,1.5,1.35,0.0,0.0,True,157,26.2,4728.43,1.495,34.39,906.68,5.22,50.0,36,72
28,0.6,3.5,1.5,1.35,200.0,250.0,True,128,21.3,3477.32,1.459,35.16,948.29,3.67,48.61,35,72
28,0.6,3.5,1.5,1.35,250.0,250.0,True,136,22.7,3365.64,1.413,34.56,906.68,3.71,48.61,35,72
28,0.6,3.5,1.5,1.35,300.0,300.0,True,142,23.7,3947.55,1.464,35.21,907.65,4.35,50.0,36,72
28,0.6,3.5,1.5,1.4,0.0,0.0,True,201,33.5,5034.82,1.398,34.33,1387.87,3.63,51.39,37,72
28,0.6,3.5,1.5,1.4,200.0,250.0,True,149,24.8,3170.64,1.358,34.9,1382.91,2.29,50.0,36,72
28,0.6,3.5,1.5,1.4,250.0,250.0,True,158,26.3,4006.61,1.425,36.08,1097.89,3.65,50.0,36,72
28,0.6,3.5,1.5,1.4,300.0,300.0,True,169,28.2,4932.01,1.494,36.69,1197.87,4.12,51.39,37,72
28,0.6,3.5,1.5,1.45,0.0,0.0,True,248,41.3,5780.23,1.37,33.87,1480.09,3.91,59.72,43,72
28,0.6,3.5,1.5,1.45,200.0,250.0,True,181,30.2,2800.53,1.266,33.7,1208.42,2.32,56.94,41,72
28,0.6,3.5,1.5,1.45,250.0,250.0,True,191,31.8,3760.68,1.338,35.08,912.82,4.12,56.94,41,72
28,0.6,3.5,1.5,1.45,300.0,300.0,True,204,34.0,4108.8,1.342,34.8,1010.73,4.07,58.33,42,72
28,0.6,3.5,1.5,,0.0,0.0,False,620,103.3,9214.86,1.243,35.0,3315.3,2.78,56.94,41,72
28,0.6,3.5,1.5,,200.0,250.0,False,302,50.3,3778.55,1.24,35.1,1310.95,2.88,59.72,43,72
28,0.6,3.5,1.5,,250.0,250.0,False,337,56.2,3858.47,1.211,35.61,1542.89,2.5,55.56,40,72
28,0.6,3.5,1.5,,300.0,300.0,False,387,64.5,4540.09,1.217,35.14,1637.51,2.77,55.56,40,72
28,0.6,3.5,2.0,1.35,0.0,0.0,True,156,26.0,6020.35,1.552,43.59,1107.16,5.44,56.94,41,72
28,0.6,3.5,2.0,1.35,200.0,250.0,True,122,20.3,5460.54,1.688,46.72,998.9,5.47,55.56,40,72
28,0.6,3.5,2.0,1.35,250.0,250.0,True,127,21.2,5452.17,1.654,46.46,998.9,5.46,55.56,40,72
28,0.6,3.5,2.0,1.35,300.0,300.0,True,134,22.3,5288.25,1.59,45.52,1012.23,5.22,55.56,40,72
28,0.6,3.5,2.0,1.4,0.0,0.0,True,198,33.0,6164.55,1.427,42.42,1199.12,5.14,56.94,41,72
28,0.6,3.5,2.0,1.4,200.0,250.0,True,150,25.0,3223.32,1.304,42.0,1291.14,2.5,55.56,40,72
28,0.6,3.5,2.0,1.4,250.0,250.0,True,156,26.0,3473.64,1.316,42.31,1441.57,2.41,54.17,39,72
28,0.6,3.5,2.0,1.4,300.0,300.0,True,168,28.0,4340.92,1.366,42.26,1073.27,4.04,55.56,40,72
28,0.6,3.5,2.0,1.45,0.0,0.0,True,242,40.3,6465.73,1.358,41.74,1544.8,4.19,62.5,45,72
28,0.6,3.5,2.0,1.45,200.0,250.0,True,175,29.2,2844.08,1.234,41.71,1477.43,1.93,58.33,42,72
28,0.6,3.5,2.0,1.45,250.0,250.0,True,182,30.3,3199.05,1.254,42.31,1477.43,2.17,56.94,41,72
28,0.6,3.5,2.0,1.45,300.0,300.0,True,193,32.2,4468.42,1.34,43.01,964.44,4.63,59.72,43,72
28,0.6,3.5,2.0,,0.0,0.0,False,596,99.3,8526.21,1.193,40.77,3473.27,2.45,52.78,38,72
28,0.6,3.5,2.0,,200.0,250.0,False,249,41.5,788.66,1.046,38.96,2499.48,0.32,52.78,38,72
28,0.6,3.5,2.0,,250.0,250.0,False,262,43.7,1399.05,1.079,40.08,2642.32,0.53,51.39,37,72
28,0.6,3.5,2.0,,300.0,300.0,False,324,54.0,2997.43,1.141,41.05,2639.31,1.14,51.39,37,72
28,0.6,3.5,2.5,1.35,0.0,0.0,True,155,25.8,4776.17,1.37,47.1,1613.64,2.96,54.17,39,72
28,0.6,3.5,2.5,1.35,200.0,250.0,True,118,19.7,2879.09,1.306,49.15,1370.19,2.1,54.17,39,72
28,0.6,3.5,2.5,1.35,250.0,250.0,True,123,20.5,2772.68,1.28,48.78,1370.19,2.02,54.17,39,72
28,0.6,3.5,2.5,1.35,300.0,300.0,True,129,21.5,3472.24,1.343,49.61,1096.35,3.17,54.17,39,72
28,0.6,3.5,2.5,1.4,0.0,0.0,True,196,32.7,5965.06,1.363,47.45,1476.75,4.04,54.17,39,72
28,0.6,3.5,2.5,1.4,200.0,250.0,True,145,24.2,485.45,1.039,45.52,1937.95,0.25,51.39,37,72
28,0.6,3.5,2.5,1.4,250.0,250.0,True,152,25.3,150.91,1.011,44.74,2125.21,0.07,48.61,35,72
28,0.6,3.5,2.5,1.4,300.0,300.0,True,159,26.5,1593.27,1.12,47.17,1851.37,0.86,50.0,36,72
28,0.6,3.5,2.5,1.45,0.0,0.0,True,239,39.8,6313.09,1.308,47.28,1654.57,3.82,61.11,44,72
28,0.6,3.5,2.5,1.45,200.0,250.0,True,164,27.3,1023.08,1.076,46.95,1942.97,0.53,55.56,40,72
28,0.6,3.5,2.5,1.45,250.0,250.0,True,171,28.5,1215.78,1.086,47.37,1942.97,0.63,54.17,39,72
28,0.6,3.5,2.5,1.45,300.0,300.0,True,179,29.8,2556.93,1.18,49.16,1693.78,1.51,56.94,41,72
28,0.6,3.5,2.5,,0.0,0.0,False,572,95.3,10454.51,1.22,46.15,3377.85,3.1,48.61,35,72
28,0.6,3.5,2.5,,200.0,250.0,False,217,36.2,1140.27,1.069,46.08,2482.8,0.46,52.78,38,72
28,0.6,3.5,2.5,,250.0,250.0,False,232,38.7,2528.2,1.146,47.41,1592.91,1.59,51.39,37,72
28,0.6,3.5,2.5,,300.0,300.0,False,273,45.5,1847.34,1.091,45.79,2321.29,0.8,50.0,36,72
28,0.6,4.0,1.5,1.35,0.0,0.0,True,155,25.8,4513.56,1.458,31.61,1341.12,3.37,50.0,36,72
28,0.6,4.0,1.5,1.35,200.0,250.0,True,126,21.0,4309.6,1.56,33.33,1171.01,3.68,50.0,36,72
28,0.6,4.0,1.5,1.35,250.0,250.0,True,133,22.2,4270.56,1.525,33.08,1171.01,3.65,50.0,36,72
28,0.6,4.0,1.5,1.35,300.0,300.0,True,142,23.7,4307.07,1.481,32.39,1254.79,3.43,50.0,36,72
28,0.6,4.0,1.5,1.4,0.0,0.0,True,199,33.2,5310.17,1.41,32.16,1851.91,2.87,50.0,36,72
28,0.6,4.0,1.5,1.4,200.0,250.0,True,139,23.2,4452.75,1.531,34.53,1059.17,4.2,51.39,37,72
28,0.6,4.0,1.5,1.4,250.0,250.0,True,153,25.5,4485.6,1.487,33.99,1176.61,3.81,50.0,36,72
28,0.6,4.0,1.5,1.4,300.0,300.0,True,168,28.0,5412.21,1.523,34.52,1511.21,3.58,50.0,36,72
28,0.6,4.0,1.5,1.45,0.0,0.0,True,246,41.0,5778.9,1.357,31.3,1768.97,3.27,56.94,41,72
28,0.6,4.0,1.5,1.45,200.0,250.0,True,171,28.5,3918.27,1.387,32.75,1093.73,3.58,56.94,41,72
28,0.6,4.0,1.5,1.45,250.0,250.0,True,189,31.5,4176.4,1.373,32.8,1056.6,3.95,55.56,40,72
28,0.6,4.0,1.5,1.45,300.0,300.0,True,203,33.8,4766.08,1.385,33.0,1343.57,3.55,55.56,40,72
28,0.6,4.0,1.5,,0.0,0.0,False,607,101.2,6668.18,1.168,31.14,3022.83,2.21,56.94,41,72
28,0.6,4.0,1.5,,200.0,250.0,False,278,46.3,5186.88,1.353,34.53,1156.63,4.48,61.11,44,72
28,0.6,4.0,1.5,,250.0,250.0,False,317,52.8,6159.94,1.368,35.02,1260.46,4.89,59.72,43,72
28,0.6,4.0,1.5,,300.0,300.0,False,366,61.0,6894.24,1.341,34.43,1478.99,4.66,59.72,43,72
28,0.6,4.0,2.0,1.35,0.0,0.0,True,154,25.7,6089.98,1.538,40.91,1011.33,6.02,55.56,40,72
28,0.6,4.0,2.0,1.35,200.0,250.0,True,115,19.2,6607.99,1.853,46.09,1049.31,6.3,55.56,40,72
28,0.6,4.0,2.0,1.35,250.0,250.0,True,127,21.2,6210.82,1.706,44.09,1049.31,5.92,54.17,39,72
28,0.6,4.0,2.0,1.35,300.0,300.0,True,133,22.2,5927.92,1.631,42.86,1011.33,5.86,54.17,39,72
28,0.6,4.0,2.0,1.4,0.0,0.0,True,196,32.7,6763.78,1.456,40.31,1100.05,6.15,56.94,41,72
28,0.6,4.0,2.0,1.4,200.0,250.0,True,134,22.3,5018.38,1.525,43.28,1222.31,4.11,56.94,41,72
28,0.6,4.0,2.0,1.4,250.0,250.0,True,155,25.8,4000.61,1.35,40.0,1222.31,3.27,54.17,39,72
28,0.6,4.0,2.0,1.4,300.0,300.0,True,164,27.3,5585.6,1.469,40.85,881.76,6.33,55.56,40,72
28,0.6,4.0,2.0,1.45,0.0,0.0,True,240,40.0,6739.18,1.359,39.17,1506.77,4.47,61.11,44,72
28,0.6,4.0,2.0,1.45,200.0,250.0,True,158,26.3,4310.67,1.387,41.77,1482.78,2.91,59.72,43,72
28,0.6,4.0,2.0,1.45,250.0,250.0,True,182,30.3,3369.64,1.255,39.56,1289.0,2.61,55.56,40,72
28,0.6,4.0,2.0,1.45,300.0,300.0,True,191,31.8,4904.8,1.358,40.31,1208.1,4.06,58.33,42,72
28,0.6,4.0,2.0,,0.0,0.0,False,577,96.2,6922.07,1.152,37.26,2889.11,2.4,58.33,42,72
28,0.6,4.0,2.0,,200.0,250.0,False,230,38.3,2383.43,1.152,38.26,2219.58,1.07,58.33,42,72
28,0.6,4.0,2.0,,250.0,250.0,False,272,45.3,3777.88,1.201,38.97,2324.07,1.63,54.17,39,72
28,0.6,4.0,2.0,,300.0,300.0,False,312,52.0,4227.04,1.197,39.1,2543.93,1.66,54.17,39,72
28,0.6,4.0,2.5,1.35,0.0,0.0,True,153,25.5,5229.18,1.394,45.1,1474.4,3.55,54.17,39,72
28,0.6,4.0,2.5,1.35,200.0,250.0,True,111,18.5,3827.3,1.411,48.65,1295.4,2.95,54.17,39,72
28,0.6,4.0,2.5,1.35,250.0,250.0,True,122,20.3,3789.6,1.372,47.54,1295.4,2.93,52.78,38,72
28,0.6,4.0,2.5,1.35,300.0,300.0,True,127,21.2,3887.05,1.366,47.24,982.0,3.96,52.78,38,72
28,0.6,4.0,2.5,1.4,0.0,0.0,True,193,32.2,6933.65,1.413,45.6,1554.49,4.46,56.94,41,72
28,0.6,4.0,2.5,1.4,200.0,250.0,True,126,21.0,2175.63,1.195,46.83,1743.92,1.25,56.94,41,72
28,0.6,4.0,2.5,1.4,250.0,250.0,True,147,24.5,1098.88,1.083,43.54,1743.92,0.63,52.78,38,72
28,0.6,4.0,2.5,1.4,300.0,300.0,True,154,25.7,2323.25,1.174,45.45,1617.78,1.44,54.17,39,72
28,0.6,4.0,2.5,1.45,0.0,0.0,True,236,39.3,6952.48,1.328,44.92,2232.66,3.11,59.72,43,72
28,0.6,4.0,2.5,1.45,200.0,250.0,True,144,24.0,2352.5,1.191,47.22,1895.01,1.24,59.72,43,72
28,0.6,4.0,2.5,1.45,250.0,250.0,True,169,28.2,1677.82,1.115,44.97,1889.25,0.89,55.56,40,72
28,0.6,4.0,2.5,1.45,300.0,300.0,True,174,29.0,3127.68,1.217,47.13,1634.1,1.91,58.33,42,72
28,0.6,4.0,2.5,,0.0,0.0,False,549,91.5,8870.66,1.18,42.44,3961.39,2.24,54.17,39,72
28,0.6,4.0,2.5,,200.0,250.0,False,191,31.8,2538.83,1.172,44.5,1968.36,1.29,58.33,42,72
28,0.6,4.0,2.5,,250.0,250.0,False,227,37.8,2542.44,1.142,43.61,1760.03,1.44,52.78,38,72
28,0.6,4.0,2.5,,300.0,300.0,False,267,44.5,3765.54,1.181,44.19,1994.67,1.89,52.78,38,72
28,0.6,4.5,1.5,1.35,0.0,0.0,True,155,25.8,5299.6,1.523,30.32,1214.69,4.36,51.39,37,72
28,0.6,4.5,1.5,1.35,200.0,250.0,True,119,19.8,5676.75,1.78,33.61,959.82,5.91,51.39,37,72
28,0.6,4.5,1.5,1.35,250.0,250.0,True,128,21.3,5227.49,1.652,32.03,1151.27,4.54,50.0,36,72
28,0.6,4.5,1.5,1.35,300.0,300.0,True,138,23.0,5689.78,1.659,31.88,1151.27,4.94,51.39,37,72
28,0.6,4.5,1.5,1.4,0.0,0.0,True,199,33.2,6586.35,1.499,31.16,1626.93,4.05,50.0,36,72
28,0.6,4.5,1.5,1.4,200.0,250.0,True,138,23.0,5041.07,1.583,32.61,872.09,5.78,50.0,36,72
28,0.6,4.5,1.5,1.4,250.0,250.0,True,151,25.2,5327.04,1.568,32.45,970.31,5.49,48.61,35,72
28,0.6,4.5,1.5,1.4,300.0,300.0,True,163,27.2,6693.95,1.681,33.74,1017.81,6.58,50.0,36,72
28,0.6,4.5,1.5,1.45,0.0,0.0,True,246,41.0,7522.48,1.458,30.49,1560.33,4.82,56.94,41,72
28,0.6,4.5,1.5,1.45,200.0,250.0,True,162,27.0,4915.03,1.506,32.1,979.05,5.02,55.56,40,72
28,0.6,4.5,1.5,1.45,250.0,250.0,True,181,30.2,5109.3,1.466,31.49,979.05,5.22,54.17,39,72
28,0.6,4.5,1.5,1.45,300.0,300.0,True,197,32.8,6696.67,1.571,32.99,922.22,7.26,55.56,40,72
28,0.6,4.5,1.5,,0.0,0.0,False,595,99.2,8131.5,1.204,29.24,2682.81,3.03,59.72,43,72
28,0.6,4.5,1.5,,200.0,250.0,False,262,43.7,5697.38,1.396,32.44,999.46,5.7,63.89,46,72
28,0.6,4.5,1.5,,250.0,250.0,False,299,49.8,6363.22,1.388,32.44,999.46,6.37,61.11,44,72
28,0.6,4.5,1.5,,300.0,300.0,False,350,58.3,7589.41,1.393,32.86,1179.16,6.44,61.11,44,72
28,0.6,4.5,2.0,1.35,0.0,0.0,True,154,25.7,6767.49,1.574,38.96,943.0,7.18,55.56,40,72
28,0.6,4.5,2.0,1.35,200.0,250.0,True,113,18.8,7092.4,1.876,43.36,974.54,7.28,56.94,41,72
28,0.6,4.5,2.0,1.35,250.0,250.0,True,122,20.3,7254.31,1.839,42.62,974.54,7.44,55.56,40,72
28,0.6,4.5,2.0,1.35,300.0,300.0,True,132,22.0,6638.52,1.683,40.91,1136.51,5.84,55.56,40,72
28,0.6,4.5,2.0,1.4,0.0,0.0,True,196,32.7,7970.81,1.521,38.78,905.71,8.8,56.94,41,72
28,0.6,4.5,2.0,1.4,200.0,250.0,True,130,21.7,6172.81,1.652,42.31,952.55,6.48,59.72,43,72
28,0.6,4.5,2.0,1.4,250.0,250.0,True,153,25.5,5424.42,1.475,39.22,1028.31,5.28,55.56,40,72
28,0.6,4.5,2.0,1.4,300.0,300.0,True,162,27.0,7408.99,1.624,40.74,924.66,8.01,56.94,41,72
28,0.6,4.5,2.0,1.45,0.0,0.0,True,240,40.0,8438.94,1.439,37.92,1484.33,5.69,63.89,46,72
28,0.6,4.5,2.0,1.45,200.0,250.0,True,153,25.5,5716.35,1.521,41.18,1383.11,4.13,62.5,45,72
28,0.6,4.5,2.0,1.45,250.0,250.0,True,177,29.5,5198.96,1.402,38.98,1383.11,3.76,59.72,43,72
28,0.6,4.5,2.0,1.45,300.0,300.0,True,190,31.7,6856.33,1.496,40.0,1128.65,6.07,59.72,43,72
28,0.6,4.5,2.0,,0.0,0.0,False,560,93.3,8152.08,1.178,35.18,2647.54,3.08,61.11,44,72
28,0.6,4.5,2.0,,200.0,250.0,False,212,35.3,2728.31,1.184,36.32,1914.64,1.42,58.33,42,72
28,0.6,4.5,2.0,,250.0,250.0,False,251,41.8,2845.19,1.158,36.25,1938.08,1.47,52.78,38,72
28,0.6,4.5,2.0,,300.0,300.0,False,307,51.2,4495.73,1.204,36.81,2352.91,1.91,54.17,39,72
28,0.6,4.5,2.5,1.35,0.0,0.0,True,153,25.5,6657.7,1.49,43.79,1335.18,4.99,56.94,41,72
28,0.6,4.5,2.5,1.35,200.0,250.0,True,106,17.7,4814.4,1.532,47.17,1220.63,3.94,55.56,40,72
28,0.6,4.5,2.5,1.35,250.0,250.0,True,116,19.3,4132.99,1.406,44.83,1220.63,3.39,54.17,39,72
28,0.6,4.5,2.5,1.35,300.0,300.0,True,125,20.8,4646.58,1.432,45.6,1220.63,3.81,54.17,39,72
28,0.6,4.5,2.5,1.4,0.0,0.0,True,193,32.2,9022.41,1.527,44.56,1391.83,6.48,62.5,45,72
28,0.6,4.5,2.5,1.4,200.0,250.0,True,119,19.8,3863.27,1.374,47.06,1309.72,2.95,61.11,44,72
28,0.6,4.5,2.5,1.4,250.0,250.0,True,144,24.0,2500.63,1.191,43.06,1549.92,1.61,56.94,41,72
28,0.6,4.5,2.5,1.4,300.0,300.0,True,151,25.2,4164.17,1.318,45.7,1549.92,2.69,58.33,42,72
28,0.6,4.5,2.5,1.45,0.0,0.0,True,236,39.3,9604.95,1.446,44.07,2147.63,4.47,66.67,48,72
28,0.6,4.5,2.5,1.45,200.0,250.0,True,135,22.5,4545.63,1.405,48.15,1607.36,2.83,63.89,46,72
28,0.6,4.5,2.5,1.45,250.0,250.0,True,159,26.5,3270.47,1.236,44.65,1701.48,1.92,59.72,43,72
28,0.6,4.5,2.5,1.45,300.0,300.0,True,174,29.0,4521.5,1.306,45.98,1607.36,2.81,59.72,43,72
28,0.6,4.5,2.5,,0.0,0.0,False,527,87.8,10084.15,1.204,40.23,3265.49,3.09,62.5,45,72
28,0.6,4.5,2.5,,200.0,250.0,False,186,31.0,669.89,1.042,39.78,2011.18,0.33,54.17,39,72
28,0.6,4.5,2.5,,250.0,250.0,False,223,37.2,2311.31,1.124,41.26,2100.28,1.1,52.78,38,72
28,0.6,4.5,2.5,,300.0,300.0,False,261,43.5,1656.79,1.075,40.23,2109.61,0.79,50.0,36,72
28,0.6,5.0,1.5,1.35,0.0,0.0,True,154,25.7,6105.29,1.594,28.57,1388.07,4.4,48.61,35,72
28,0.6,5.0,1.5,1.35,200.0,250.0,True,118,19.7,6407.78,1.87,31.36,1196.62,5.35,48.61,35,72
28,0.6,5.0,1.5,1.35,250.0,250.0,True,125,20.8,6464.03,1.82,31.2,1196.62,5.4,47.22,34,72
28,0.6,5.0,1.5,1.35,300.0,300.0,True,135,22.5,7074.98,1.836,31.11,1388.07,5.1,48.61,35,72
28,0.6,5.0,1.5,1.4,0.0,0.0,True,196,32.7,6818.15,1.505,29.08,1401.94,4.86,48.61,35,72
28,0.6,5.0,1.5,1.4,200.0,250.0,True,130,21.7,6875.0,1.865,33.08,1012.81,6.79,52.78,38,72
28,0.6,5.0,1.5,1.4,250.0,250.0,True,143,23.8,5991.8,1.653,30.77,1012.81,5.92,48.61,35,72
28,0.6,5.0,1.5,1.4,300.0,300.0,True,163,27.2,6824.0,1.664,30.67,1079.04,6.32,48.61,35,72
28,0.6,5.0,1.5,1.45,0.0,0.0,True,243,40.5,8221.7,1.492,28.81,1480.09,5.55,55.56,40,72
28,0.6,5.0,1.5,1.45,200.0,250.0,True,151,25.2,6747.72,1.761,32.45,1142.29,5.91,58.33,42,72
28,0.6,5.0,1.5,1.45,250.0,250.0,True,169,28.2,6175.86,1.596,30.77,1142.29,5.41,55.56,40,72
28,0.6,5.0,1.5,1.45,300.0,300.0,True,194,32.3,6909.6,1.581,30.41,1135.01,6.09,55.56,40,72
28,0.6,5.0,1.5,,0.0,0.0,False,582,97.0,9391.93,1.235,27.32,2705.53,3.47,59.72,43,72
28,0.6,5.0,1.5,,200.0,250.0,False,212,35.3,6052.49,1.493,31.6,1032.58,5.86,62.5,45,72
28,0.6,5.0,1.5,,250.0,250.0,False,265,44.2,5585.18,1.361,29.43,1141.3,4.89,55.56,40,72
28,0.6,5.0,1.5,,300.0,300.0,False,334,55.7,8177.69,1.431,30.84,1248.64,6.55,58.33,42,72
28,0.6,5.0,2.0,1.35,0.0,0.0,True,153,25.5,7878.55,1.657,37.25,1175.78,6.7,54.17,39,72
28,0.6,5.0,2.0,1.35,200.0,250.0,True,108,18.0,7969.13,2.005,41.67,916.67,8.69,56.94,41,72
28,0.6,5.0,2.0,1.35,250.0,250.0,True,116,19.3,9042.88,2.095,43.1,993.17,9.11,55.56,40,72
28,0.6,5.0,2.0,1.35,300.0,300.0,True,128,21.3,8909.06,1.974,41.41,1175.78,7.58,54.17,39,72
28,0.6,5.0,2.0,1.4,0.0,0.0,True,193,32.2,9470.66,1.615,37.31,1114.57,8.5,55.56,40,72
28,0.6,5.0,2.0,1.4,200.0,250.0,True,127,21.2,7231.4,1.765,40.94,952.55,7.59,58.33,42,72
28,0.6,5.0,2.0,1.4,250.0,250.0,True,136,22.7,7737.47,1.769,41.18,952.55,8.12,56.94,41,72
28,0.6,5.0,2.0,1.4,300.0,300.0,True,158,26.3,7723.72,1.655,38.61,845.69,9.13,55.56,40,72
28,0.6,5.0,2.0,1.45,0.0,0.0,True,237,39.5,10431.52,1.54,36.71,1430.71,7.29,62.5,45,72
28,0.6,5.0,2.0,1.45,200.0,250.0,True,144,24.0,6620.33,1.627,40.28,1289.0,5.14,62.5,45,72
28,0.6,5.0,2.0,1.45,250.0,250.0,True,159,26.5,6789.07,1.575,39.62,1505.89,4.51,61.11,44,72
28,0.6,5.0,2.0,1.45,300.0,300.0,True,186,31.0,7038.89,1.509,37.63,898.9,7.83,59.72,43,72
28,0.6,5.0,2.0,,0.0,0.0,False,540,90.0,9917.53,1.218,32.78,2320.68,4.27,61.11,44,72
28,0.6,5.0,2.0,,200.0,250.0,False,193,32.2,3454.43,1.245,35.23,1890.76,1.83,56.94,41,72
28,0.6,5.0,2.0,,250.0,250.0,False,212,35.3,4509.5,1.298,35.85,1808.39,2.49,55.56,40,72
28,0.6,5.0,2.0,,300.0,300.0,False,276,46.0,5537.76,1.278,35.14,1970.49,2.81,54.17,39,72
28,0.6,5.0,2.5,1.35,0.0,0.0,True,152,25.3,8207.84,1.598,42.76,1629.2,5.04,56.94,41,72
28,0.6,5.0,2.5,1.35,200.0,250.0,True,103,17.2,6491.35,1.743,47.57,1145.84,5.67,56.94,41,72
28,0.6,5.0,2.5,1.35,250.0,250.0,True,108,18.0,6577.2,1.719,47.22,1145.84,5.74,55.56,40,72
28,0.6,5.0,2.5,1.35,300.0,300.0,True,123,20.5,6403.05,1.608,45.53,1301.56,4.92,54.17,39,72
28,0.6,5.0,2.5,1.4,0.0,0.0,True,190,31.7,11115.0,1.649,43.68,1629.2,6.82,65.28,47,72
28,0.6,5.0,2.5,1.4,200.0,250.0,True,117,19.5,4975.37,1.482,46.15,1214.36,4.1,61.11,44,72
28,0.6,5.0,2.5,1.4,250.0,250.0,True,126,21.0,5270.63,1.475,46.03,1355.89,3.89,59.72,43,72
28,0.6,5.0,2.5,1.4,300.0,300.0,True,150,25.0,5009.18,1.375,44.0,1511.61,3.31,59.72,43,72
28,0.6,5.0,2.5,1.45,0.0,0.0,True,233,38.8,12261.26,1.568,43.35,1903.13,6.44,69.44,50,72
28,0.6,5.0,2.5,1.45,200.0,250.0,True,130,21.7,4306.57,1.375,45.38,2006.62,2.15,61.11,44,72
28,0.6,5.0,2.5,1.45,250.0,250.0,True,141,23.5,4699.89,1.379,45.39,2551.95,1.84,61.11,44,72
28,0.6,5.0,2.5,1.45,300.0,300.0,True,171,28.5,4539.42,1.302,43.27,2225.04,2.04,61.11,44,72
28,0.6,5.0,2.5,,0.0,0.0,False,504,84.0,14030.15,1.291,38.49,2804.38,5.0,62.5,45,72
28,0.6,5.0,2.5,,200.0,250.0,False,172,28.7,3152.92,1.218,40.7,1373.66,2.3,58.33,42,72
28,0.6,5.0,2.5,,250.0,250.0,False,190,31.7,3529.69,1.22,40.53,1412.47,2.5,56.94,41,72
28,0.6,5.0,2.5,,300.0,300.0,False,244,40.7,2859.82,1.134,38.52,1650.47,1.73,54.17,39,72
28,0.65,3.5,1.5,1.35,0.0,0.0,True,167,27.8,5108.71,1.49,37.13,876.84,5.83,52.78,38,72
28,0.65,3.5,1.5,1.35,200.0,250.0,True,136,22.7,4177.7,1.539,38.24,1169.41,3.57,52.78,38,72
28,0.65,3.5,1.5,1.35,250.0,250.0,True,141,23.5,4381.02,1.547,38.3,1169.41,3.75,52.78,38,72
28,0.65,3.5,1.5,1.35,300.0,300.0,True,148,24.7,5727.76,1.702,39.86,766.35,7.47,54.17,39,72
28,0.65,3.5,1.5,1.4,0.0,0.0,True,220,36.7,5095.56,1.367,35.0,1046.4,4.87,50.0,36,72
28,0.65,3.5,1.5,1.4,200.0,250.0,True,169,28.2,4110.61,1.427,36.09,678.22,6.06,52.78,38,72
28,0.65,3.5,1.5,1.4,250.0,250.0,True,179,29.8,3958.04,1.386,35.2,779.9,5.08,51.39,37,72
28,0.65,3.5,1.5,1.4,300.0,300.0,True,188,31.3,4607.95,1.432,35.64,849.29,5.43,51.39,37,72
28,0.65,3.5,1.5,1.45,0.0,0.0,True,276,46.0,6185.36,1.356,35.87,1165.8,5.31,52.78,38,72
28,0.65,3.5,1.5,1.45,200.0,250.0,True,205,34.2,2624.21,1.222,35.61,1248.93,2.1,51.39,37,72
28,0.65,3.5,1.5,1.45,250.0,250.0,True,216,36.0,2554.94,1.204,35.19,1248.93,2.05,50.0,36,72
28,0.65,3.5,1.5,1.45,300.0,300.0,True,232,38.7,3283.22,1.239,35.34,1024.41,3.2,50.0,36,72
28,0.65,3.5,1.5,,0.0,0.0,False,598,99.7,6591.11,1.175,33.95,2836.27,2.32,52.78,38,72
28,0.65,3.5,1.5,,200.0,250.0,False,315,52.5,1997.61,1.117,34.29,1617.84,1.23,55.56,40,72
28,0.65,3.5,1.5,,250.0,250.0,False,343,57.2,1813.74,1.094,33.53,2206.22,0.82,50.0,36,72
28,0.65,3.5,1.5,,300.0,300.0,False,393,65.5,1399.96,1.062,32.82,2660.36,0.53,48.61,35,72
28,0.65,3.5,2.0,1.35,0.0,0.0,True,167,27.8,5935.94,1.485,44.31,1352.43,4.39,54.17,39,72
28,0.65,3.5,2.0,1.35,200.0,250.0,True,129,21.5,5023.02,1.595,46.51,1117.96,4.49,55.56,40,72
28,0.65,3.5,2.0,1.35,250.0,250.0,True,132,22.0,5370.23,1.628,46.97,1117.96,4.8,55.56,40,72
28,0.65,3.5,2.0,1.35,300.0,300.0,True,142,23.7,6011.08,1.653,47.18,1257.5,4.78,55.56,40,72
28,0.65,3.5,2.0,1.4,0.0,0.0,True,218,36.3,5761.59,1.353,42.2,1539.37,3.74,55.56,40,72
28,0.65,3.5,2.0,1.4,200.0,250.0,True,152,25.3,5186.02,1.528,45.39,925.44,5.6,58.33,42,72
28,0.65,3.5,2.0,1.4,250.0,250.0,True,156,26.0,5448.68,1.543,45.51,1043.8,5.22,58.33,42,72
28,0.65,3.5,2.0,1.4,300.0,300.0,True,170,28.3,6065.67,1.549,45.29,1064.98,5.7,58.33,42,72
28,0.65,3.5,2.0,1.45,0.0,0.0,True,272,45.3,7315.47,1.362,43.01,1217.07,6.01,56.94,41,72
28,0.65,3.5,2.0,1.45,200.0,250.0,True,181,30.2,2446.31,1.195,42.54,1126.66,2.17,54.17,39,72
28,0.65,3.5,2.0,1.45,250.0,250.0,True,191,31.8,3093.72,1.236,43.46,1123.48,2.75,54.17,39,72
28,0.65,3.5,2.0,1.45,300.0,300.0,True,206,34.3,3887.57,1.276,43.69,1204.57,3.23,54.17,39,72
28,0.65,3.5,2.0,,0.0,0.0,False,575,95.8,9704.15,1.228,41.57,1777.98,5.46,55.56,40,72
28,0.65,3.5,2.0,,200.0,250.0,False,258,43.0,2646.22,1.158,42.25,2216.13,1.19,55.56,40,72
28,0.65,3.5,2.0,,250.0,250.0,False,287,47.8,2557.88,1.137,41.81,2248.37,1.14,54.17,39,72
28,0.65,3.5,2.0,,300.0,300.0,False,348,58.0,2646.05,1.113,41.67,2345.48,1.13,52.78,38,72
28,0.65,3.5,2.5,1.35,0.0,0.0,True,165,27.5,7088.11,1.546,49.09,1557.7,4.55,54.17,39,72
28,0.65,3.5,2.5,1.35,200.0,250.0,True,120,20.0,4442.28,1.507,50.83,1150.66,3.86,52.78,38,72
28,0.65,3.5,2.5,1.35,250.0,250.0,True,123,20.5,4763.84,1.535,51.22,1150.66,4.14,52.78,38,72
28,0.65,3.5,2.5,1.35,300.0,300.0,True,134,22.3,6226.52,1.667,52.99,1033.81,6.02,54.17,39,72
28,0.65,3.5,2.5,1.4,0.0,0.0,True,216,36.0,7743.51,1.448,49.07,1352.18,5.73,59.72,43,72
28,0.65,3.5,2.5,1.4,200.0,250.0,True,145,24.2,4307.0,1.41,51.72,951.74,4.53,59.72,43,72
28,0.65,3.5,2.5,1.4,250.0,250.0,True,149,24.8,4519.56,1.42,51.68,951.74,4.75,58.33,42,72
28,0.65,3.5,2.5,1.4,300.0,300.0,True,166,27.7,5805.49,1.491,52.41,834.89,6.95,59.72,43,72
28,0.65,3.5,2.5,1.45,0.0,0.0,True,269,44.8,9025.86,1.415,49.07,1566.04,5.76,61.11,44,72
28,0.65,3.5,2.5,1.45,200.0,250.0,True,171,28.5,1569.31,1.117,46.78,1954.32,0.8,55.56,40,72
28,0.65,3.5,2.5,1.45,250.0,250.0,True,182,30.3,2350.34,1.167,47.8,1954.32,1.2,55.56,40,72
28,0.65,3.5,2.5,1.45,300.0,300.0,True,196,32.7,3778.71,1.255,48.98,1954.32,1.93,58.33,42,72
28,0.65,3.5,2.5,,0.0,0.0,False,555,92.5,10618.76,1.229,46.85,2468.02,4.3,51.39,37,72
28,0.65,3.5,2.5,,200.0,250.0,False,237,39.5,781.93,1.044,46.41,3022.92,0.26,52.78,38,72
28,0.65,3.5,2.5,,250.0,250.0,False,264,44.0,-89.62,0.996,45.08,2843.92,-0.03,47.22,34,72
28,0.65,3.5,2.5,,300.0,300.0,False,303,50.5,201.8,1.009,44.88,2980.61,0.07,45.83,33,72
28,0.65,4.0,1.5,1.35,0.0,0.0,True,165,27.5,5733.99,1.543,35.15,1106.85,5.18,51.39,37,72
28,0.65,4.0,1.5,1.35,200.0,250.0,True,126,21.0,4371.47,1.578,34.92,1089.79,4.01,51.39,37,72
28,0.65,4.0,1.5,1.35,250.0,250.0,True,139,23.2,5269.93,1.647,35.97,1034.58,5.09,51.39,37,72
28,0.65,4.0,1.5,1.35,300.0,300.0,True,145,24.2,6029.95,1.72,36.55,1034.58,5.83,52.78,38,72
28,0.65,4.0,1.5,1.4,0.0,0.0,True,218,36.3,6216.19,1.444,33.49,1218.05,5.1,51.39,37,72
28,0.65,4.0,1.5,1.4,200.0,250.0,True,155,25.8,4634.87,1.504,33.55,1165.89,3.98,54.17,39,72
28,0.65,4.0,1.5,1.4,250.0,250.0,True,176,29.3,5504.53,1.537,34.09,1076.77,5.11,52.78,38,72
28,0.65,4.0,1.5,1.4,300.0,300.0,True,186,31.0,5324.87,1.489,33.33,1076.77,4.95,52.78,38,72
28,0.65,4.0,1.5,1.45,0.0,0.0,True,273,45.5,6974.12,1.394,33.7,1140.1,6.12,58.33,42,72
28,0.65,4.0,1.5,1.45,200.0,250.0,True,185,30.8,3270.53,1.298,33.51,1092.67,2.99,58.33,42,72
28,0.65,4.0,1.5,1.45,250.0,250.0,True,212,35.3,4109.23,1.328,33.96,1092.67,3.76,55.56,40,72
28,0.65,4.0,1.5,1.45,300.0,300.0,True,226,37.7,4038.92,1.294,33.19,1207.33,3.35,55.56,40,72
28,0.65,4.0,1.5,,0.0,0.0,False,591,98.5,6483.95,1.167,31.13,2687.91,2.41,54.17,39,72
28,0.65,4.0,1.5,,200.0,250.0,False,267,44.5,3419.84,1.233,33.71,1340.35,2.55,58.33,42,72
28,0.65,4.0,1.5,,250.0,250.0,False,310,51.7,3608.82,1.21,32.9,1773.75,2.03,54.17,39,72
28,0.65,4.0,1.5,,300.0,300.0,False,365,60.8,4185.71,1.2,32.33,2192.78,1.91,54.17,39,72
28,0.65,4.0,2.0,1.35,0.0,0.0,True,165,27.5,6511.68,1.519,41.82,1429.48,4.56,52.78,38,72
28,0.65,4.0,2.0,1.35,200.0,250.0,True,120,20.0,4947.82,1.583,42.5,1524.57,3.25,54.17,39,72
28,0.65,4.0,2.0,1.35,250.0,250.0,True,132,22.0,5830.08,1.642,43.18,1182.43,4.93,54.17,39,72
28,0.65,4.0,2.0,1.35,300.0,300.0,True,138,23.0,5850.94,1.608,42.75,1266.82,4.62,54.17,39,72
28,0.65,4.0,2.0,1.4,0.0,0.0,True,216,36.0,6901.54,1.416,40.28,1736.56,3.97,52.78,38,72
28,0.65,4.0,2.0,1.4,200.0,250.0,True,137,22.8,5168.04,1.542,41.61,1342.66,3.85,56.94,41,72
28,0.65,4.0,2.0,1.4,250.0,250.0,True,157,26.2,6378.41,1.604,42.68,1326.87,4.81,55.56,40,72
28,0.65,4.0,2.0,1.4,300.0,300.0,True,167,27.8,6294.25,1.549,41.92,1292.13,4.87,55.56,40,72
28,0.65,4.0,2.0,1.45,0.0,0.0,True,269,44.8,8176.43,1.394,40.52,1723.08,4.75,59.72,43,72
28,0.65,4.0,2.0,1.45,200.0,250.0,True,161,26.8,3126.65,1.27,40.37,1467.58,2.13,56.94,41,72
28,0.65,4.0,2.0,1.45,250.0,250.0,True,191,31.8,3704.63,1.27,40.31,1265.52,2.93,54.17,39,72
28,0.65,4.0,2.0,1.45,300.0,300.0,True,204,34.0,3991.04,1.273,40.2,1157.69,3.45,55.56,40,72
28,0.65,4.0,2.0,,0.0,0.0,False,560,93.3,10528.83,1.242,38.75,2404.74,4.38,58.33,42,72
28,0.65,4.0,2.0,,200.0,250.0,False,224,37.3,2268.63,1.149,39.29,2530.28,0.9,58.33,42,72
28,0.65,4.0,2.0,,250.0,250.0,False,260,43.3,3278.68,1.185,39.23,2289.59,1.43,55.56,40,72
28,0.65,4.0,2.0,,300.0,300.0,False,311,51.8,3553.72,1.165,39.55,2340.3,1.52,56.94,41,72
28,0.65,4.0,2.5,1.35,0.0,0.0,True,163,27.2,7865.88,1.589,46.63,1665.75,4.72,54.17,39,72
28,0.65,4.0,2.5,1.35,200.0,250.0,True,112,18.7,4113.82,1.46,46.43,1635.17,2.52,52.78,38,72
28,0.65,4.0,2.5,1.35,250.0,250.0,True,122,20.3,5214.25,1.554,47.54,1372.38,3.8,52.78,38,72
28,0.65,4.0,2.5,1.35,300.0,300.0,True,130,21.7,6018.77,1.611,48.46,1372.38,4.39,54.17,39,72
28,0.65,4.0,2.5,1.4,0.0,0.0,True,214,35.7,9237.23,1.524,47.2,1155.37,8.0,59.72,43,72
28,0.65,4.0,2.5,1.4,200.0,250.0,True,134,22.3,4301.76,1.413,48.51,921.91,4.67,59.72,43,72
28,0.65,4.0,2.5,1.4,250.0,250.0,True,149,24.8,5449.4,1.484,48.99,889.45,6.13,56.94,41,72
28,0.65,4.0,2.5,1.4,300.0,300.0,True,162,27.0,6130.0,1.502,49.38,889.45,6.89,58.33,42,72
28,0.65,4.0,2.5,1.45,0.0,0.0,True,266,44.3,10218.78,1.454,46.62,1285.19,7.95,65.28,47,72
28,0.65,4.0,2.5,1.45,200.0,250.0,True,158,26.3,3139.65,1.252,46.2,887.85,3.54,59.72,43,72
28,0.65,4.0,2.5,1.45,250.0,250.0,True,181,30.2,3304.12,1.228,45.3,989.17,3.34,55.56,40,72
28,0.65,4.0,2.5,1.45,300.0,300.0,True,193,32.2,4515.37,1.297,46.63,1851.34,2.44,58.33,42,72
28,0.65,4.0,2.5,,0.0,0.0,False,540,90.0,11555.16,1.243,43.89,2104.46,5.49,52.78,38,72
28,0.65,4.0,2.5,,200.0,250.0,False,190,31.7,885.73,1.058,43.68,3098.29,0.29,54.17,39,72
28,0.65,4.0,2.5,,250.0,250.0,False,223,37.2,1149.44,1.064,43.5,3136.65,0.37,52.78,38,72
28,0.65,4.0,2.5,,300.0,300.0,False,270,45.0,934.68,1.043,42.59,3152.11,0.3,52.78,38,72
28,0.65,4.5,1.5,1.35,0.0,0.0,True,165,27.5,7415.86,1.696,34.55,1106.85,6.7,50.0,36,72
28,0.65,4.5,1.5,1.35,200.0,250.0,True,122,20.3,5531.75,1.755,34.43,1120.35,4.94,51.39,37,72
28,0.65,4.5,1.5,1.35,250.0,250.0,True,136,22.7,6459.22,1.801,35.29,1216.36,5.31,50.0,36,72
28,0.65,4.5,1.5,1.35,300.0,300.0,True,142,23.7,7284.32,1.877,35.92,1034.58,7.04,51.39,37,72
28,0.65,4.5,1.5,1.4,0.0,0.0,True,218,36.3,8062.97,1.569,32.57,1201.66,6.71,54.17,39,72
28,0.65,4.5,1.5,1.4,200.0,250.0,True,147,24.5,6084.87,1.702,33.33,1122.54,5.42,56.94,41,72
28,0.65,4.5,1.5,1.4,250.0,250.0,True,169,28.2,6587.24,1.657,33.14,1060.38,6.21,55.56,40,72
28,0.65,4.5,1.5,1.4,300.0,300.0,True,181,30.2,6627.36,1.616,32.6,1060.38,6.25,55.56,40,72
28,0.65,4.5,1.5,1.45,0.0,0.0,True,272,45.3,8073.19,1.445,31.62,1096.1,7.37,59.72,43,72
28,0.65,4.5,1.5,1.45,200.0,250.0,True,178,29.7,3243.81,1.297,30.9,1051.0,3.09,56.94,41,72
28,0.65,4.5,1.5,1.45,250.0,250.0,True,202,33.7,4007.48,1.324,31.19,1051.0,3.81,55.56,40,72
28,0.65,4.5,1.5,1.45,300.0,300.0,True,213,35.5,4998.18,1.388,31.92,1165.66,4.29,56.94,41,72
28,0.65,4.5,1.5,,0.0,0.0,False,578,96.3,7514.21,1.192,28.55,2336.87,3.22,52.78,38,72
28,0.65,4.5,1.5,,200.0,250.0,False,265,44.2,3633.1,1.239,30.57,1509.59,2.41,55.56,40,72
28,0.65,4.5,1.5,,250.0,250.0,False,311,51.8,2715.62,1.149,28.94,2129.64,1.28,50.0,36,72
28,0.65,4.5,1.5,,300.0,300.0,False,353,58.8,2686.32,1.13,28.9,2434.3,1.1,50.0,36,72
28,0.65,4.5,2.0,1.35,0.0,0.0,True,165,27.5,8511.05,1.672,41.21,1299.09,6.55,55.56,40,72
28,0.65,4.5,2.0,1.35,200.0,250.0,True,116,19.3,5689.33,1.671,40.52,1227.44,4.64,55.56,40,72
28,0.65,4.5,2.0,1.35,250.0,250.0,True,129,21.5,7192.79,1.798,42.64,1199.66,6.0,55.56,40,72
28,0.65,4.5,2.0,1.35,300.0,300.0,True,135,22.5,7334.47,1.776,42.22,1361.63,5.39,55.56,40,72
28,0.65,4.5,2.0,1.4,0.0,0.0,True,216,36.0,9107.14,1.54,39.35,1469.49,6.2,56.94,41,72
28,0.65,4.5,2.0,1.4,200.0,250.0,True,133,22.2,6179.15,1.649,39.85,1251.22,4.94,58.33,42,72
28,0.65,4.5,2.0,1.4,250.0,250.0,True,151,25.2,7633.06,1.736,41.72,1193.87,6.39,56.94,41,72
28,0.65,4.5,2.0,1.4,300.0,300.0,True,164,27.3,8115.71,1.719,41.46,1198.79,6.77,58.33,42,72
28,0.65,4.5,2.0,1.45,0.0,0.0,True,268,44.7,9991.3,1.47,38.81,1460.47,6.84,61.11,44,72
28,0.65,4.5,2.0,1.45,200.0,250.0,True,152,25.3,3734.86,1.328,38.82,1151.83,3.24,56.94,41,72
28,0.65,4.5,2.0,1.45,250.0,250.0,True,178,29.7,4386.37,1.334,38.76,1123.48,3.9,55.56,40,72
28,0.65,4.5,2.0,1.45,300.0,300.0,True,200,33.3,4882.0,1.332,38.5,1204.81,4.05,55.56,40,72
28,0.65,4.5,2.0,,0.0,0.0,False,543,90.5,12392.82,1.284,36.46,2059.12,6.02,65.28,47,72
28,0.65,4.5,2.0,,200.0,250.0,False,216,36.0,3089.48,1.206,37.5,2394.54,1.29,56.94,41,72
28,0.65,4.5,2.0,,250.0,250.0,False,249,41.5,4852.44,1.286,38.55,1966.88,2.47,55.56,40,72
28,0.65,4.5,2.0,,300.0,300.0,False,302,50.3,5624.45,1.265,38.08,2057.48,2.73,56.94,41,72
28,0.65,4.5,2.5,1.35,0.0,0.0,True,163,27.2,10108.09,1.748,46.01,1474.13,6.86,54.17,39,72
28,0.65,4.5,2.5,1.35,200.0,250.0,True,107,17.8,4911.3,1.556,44.86,1472.4,3.34,54.17,39,72
28,0.65,4.5,2.5,1.35,250.0,250.0,True,120,20.0,6445.15,1.683,46.67,1355.75,4.75,52.78,38,72
28,0.65,4.5,2.5,1.35,300.0,300.0,True,127,21.2,7033.01,1.714,47.24,1355.75,5.19,54.17,39,72
28,0.65,4.5,2.5,1.4,0.0,0.0,True,214,35.7,11809.91,1.658,46.26,1012.25,11.67,62.5,45,72
28,0.65,4.5,2.5,1.4,200.0,250.0,True,125,20.8,5270.13,1.524,47.2,853.52,6.17,61.11,44,72
28,0.65,4.5,2.5,1.4,250.0,250.0,True,145,24.2,6832.8,1.613,48.28,853.52,8.01,59.72,43,72
28,0.65,4.5,2.5,1.4,300.0,300.0,True,158,26.3,7703.47,1.641,48.73,853.52,9.03,61.11,44,72
28,0.65,4.5,2.5,1.45,0.0,0.0,True,265,44.2,11930.18,1.513,44.53,1202.99,9.92,66.67,48,72
28,0.65,4.5,2.5,1.45,200.0,250.0,True,142,23.7,4360.14,1.375,45.77,851.44,5.12,61.11,44,72
28,0.65,4.5,2.5,1.45,250.0,250.0,True,170,28.3,4815.76,1.351,44.71,962.99,5.0,58.33,42,72
28,0.65,4.5,2.5,1.45,300.0,300.0,True,189,31.5,6110.36,1.403,45.5,962.99,6.35,59.72,43,72
28,0.65,4.5,2.5,,0.0,0.0,False,521,86.8,13023.94,1.271,41.27,2358.81,5.52,58.33,42,72
28,0.65,4.5,2.5,,200.0,250.0,False,184,30.7,1198.37,1.077,40.76,2841.18,0.42,54.17,39,72
28,0.65,4.5,2.5,,250.0,250.0,False,218,36.3,2980.69,1.168,42.2,2806.26,1.06,52.78,38,72
28,0.65,4.5,2.5,,300.0,300.0,False,251,41.8,2857.0,1.139,41.43,2718.25,1.05,54.17,39,72
28,0.65,5.0,1.5,1.35,0.0,0.0,True,162,27.0,7246.85,1.661,30.86,1106.85,6.55,44.44,32,72
28,0.65,5.0,1.5,1.35,200.0,250.0,True,121,20.2,5159.4,1.672,29.75,1041.69,4.95,45.83,33,72
28,0.65,5.0,1.5,1.35,250.0,250.0,True,127,21.2,5278.41,1.649,29.92,1154.87,4.57,44.44,32,72
28,0.65,5.0,1.5,1.35,300.0,300.0,True,141,23.5,7087.93,1.816,31.91,1034.58,6.85,45.83,33,72
28,0.65,5.0,1.5,1.4,0.0,0.0,True,215,35.8,5782.34,1.383,27.91,1384.29,4.18,45.83,33,72
28,0.65,5.0,1.5,1.4,200.0,250.0,True,146,24.3,5471.73,1.601,28.77,1079.19,5.07,48.61,35,72
28,0.65,5.0,1.5,1.4,250.0,250.0,True,155,25.8,5320.55,1.541,28.39,1079.19,4.93,47.22,34,72
28,0.65,5.0,1.5,1.4,300.0,300.0,True,179,29.8,5826.97,1.518,28.49,1043.99,5.58,47.22,34,72
28,0.65,5.0,1.5,1.45,0.0,0.0,True,269,44.8,6237.92,1.328,27.88,1635.26,3.81,55.56,40,72
28,0.65,5.0,1.5,1.45,200.0,250.0,True,166,27.7,3661.4,1.352,28.92,1347.93,2.72,54.17,39,72
28,0.65,5.0,1.5,1.45,250.0,250.0,True,179,29.8,2817.73,1.245,27.37,1347.93,2.09,51.39,37,72
28,0.65,5.0,1.5,1.45,300.0,300.0,True,209,34.8,4073.82,1.308,28.23,1462.59,2.79,52.78,38,72
28,0.65,5.0,1.5,,0.0,0.0,False,568,94.7,5136.48,1.127,25.53,3836.64,1.34,51.39,37,72
28,0.65,5.0,1.5,,200.0,250.0,False,238,39.7,3013.17,1.209,28.15,1655.27,1.82,52.78,38,72
28,0.65,5.0,1.5,,250.0,250.0,False,267,44.5,3212.19,1.199,27.72,1422.33,2.26,50.0,36,72
28,0.65,5.0,1.5,,300.0,300.0,False,339,56.5,1587.21,1.076,25.66,2422.69,0.66,47.22,34,72
28,0.65,5.0,2.0,1.35,0.0,0.0,True,162,27.0,7900.91,1.595,37.04,1511.92,5.23,48.61,35,72
28,0.65,5.0,2.0,1.35,200.0,250.0,True,115,19.2,4897.95,1.538,35.65,1500.22,3.26,50.0,36,72
28,0.65,5.0,2.0,1.35,250.0,250.0,True,121,20.2,5373.17,1.57,36.36,1500.22,3.58,48.61,35,72
28,0.65,5.0,2.0,1.35,300.0,300.0,True,136,22.7,6551.63,1.635,37.5,1131.08,5.79,48.61,35,72
28,0.65,5.0,2.0,1.4,0.0,0.0,True,213,35.5,6962.23,1.386,34.74,1390.03,5.01,51.39,37,72
28,0.65,5.0,2.0,1.4,200.0,250.0,True,131,21.8,6026.62,1.611,36.64,1200.39,5.02,54.17,39,72
28,0.65,5.0,2.0,1.4,250.0,250.0,True,141,23.5,6064.87,1.571,36.17,1177.24,5.15,52.78,38,72
28,0.65,5.0,2.0,1.4,300.0,300.0,True,165,27.5,6341.48,1.508,35.76,1109.72,5.71,52.78,38,72
28,0.65,5.0,2.0,1.45,0.0,0.0,True,265,44.2,8439.65,1.376,35.09,1706.61,4.95,56.94,41,72
28,0.65,5.0,2.0,1.45,200.0,250.0,True,148,24.7,3392.81,1.291,35.81,1612.57,2.1,56.94,41,72
28,0.65,5.0,2.0,1.45,250.0,250.0,True,160,26.7,3197.25,1.254,35.0,1612.57,1.98,54.17,39,72
28,0.65,5.0,2.0,1.45,300.0,300.0,True,191,31.8,3133.54,1.207,34.03,1803.45,1.74,52.78,38,72
28,0.65,5.0,2.0,,0.0,0.0,False,530,88.3,8074.35,1.177,32.26,3405.87,2.37,56.94,41,72
28,0.65,5.0,2.0,,200.0,250.0,False,197,32.8,2756.67,1.19,35.03,1667.87,1.65,55.56,40,72
28,0.65,5.0,2.0,,250.0,250.0,False,224,37.3,3353.86,1.206,35.27,1866.62,1.8,52.78,38,72
28,0.65,5.0,2.0,,300.0,300.0,False,285,47.5,4174.71,1.2,34.04,1907.33,2.19,52.78,38,72
28,0.65,5.0,2.5,1.35,0.0,0.0,True,158,26.3,9015.14,1.631,41.14,1687.15,5.34,47.22,34,72
28,0.65,5.0,2.5,1.35,200.0,250.0,True,103,17.2,3530.0,1.371,38.83,2122.74,1.66,48.61,35,72
28,0.65,5.0,2.5,1.35,250.0,250.0,True,111,18.5,3640.57,1.358,38.74,1816.15,2.0,45.83,33,72
28,0.65,5.0,2.5,1.35,300.0,300.0,True,127,21.2,4929.56,1.44,40.16,1339.12,3.68,47.22,34,72
28,0.65,5.0,2.5,1.4,0.0,0.0,True,208,34.7,9376.9,1.486,41.35,1385.87,6.77,52.78,38,72
28,0.65,5.0,2.5,1.4,200.0,250.0,True,120,20.0,4027.91,1.379,41.67,864.37,4.66,52.78,38,72
28,0.65,5.0,2.5,1.4,250.0,250.0,True,132,22.0,4386.23,1.381,41.67,817.6,5.36,52.78,38,72
28,0.65,5.0,2.5,1.4,300.0,300.0,True,157,26.2,5509.25,1.412,42.04,930.96,5.92,52.78,38,72
28,0.65,5.0,2.5,1.45,0.0,0.0,True,258,43.0,10200.72,1.417,40.7,1800.01,5.67,55.56,40,72
28,0.65,5.0,2.5,1.45,200.0,250.0,True,132,22.0,2559.51,1.213,40.15,1381.06,1.85,51.39,37,72
28,0.65,5.0,2.5,1.45,250.0,250.0,True,148,24.7,2436.95,1.183,39.19,1381.06,1.76,51.39,37,72
28,0.65,5.0,2.5,1.45,300.0,300.0,True,174,29.0,3849.48,1.252,40.23,1605.23,2.4,52.78,38,72
28,0.65,5.0,2.5,,0.0,0.0,False,502,83.7,8727.82,1.175,37.05,3468.11,2.52,58.33,42,72
28,0.65,5.0,2.5,,200.0,250.0,False,179,29.8,682.57,1.042,37.99,3199.76,0.21,52.78,38,72
28,0.65,5.0,2.5,,250.0,250.0,False,200,33.3,642.86,1.036,38.0,3199.76,0.2,50.0,36,72
28,0.65,5.0,2.5,,300.0,300.0,False,252,42.0,1781.96,1.081,38.1,3170.35,0.56,52.78,38,72
28,0.7,3.5,1.5,1.35,0.0,0.0,True,195,32.5,3899.46,1.303,33.85,1330.01,2.93,43.06,31,72
28,0.7,3.5,1.5,1.35,200.0,250.0,True,163,27.2,2440.6,1.245,34.36,927.42,2.63,45.83,33,72
28,0.7,3.5,1.5,1.35,250.0,250.0,True,168,28.0,1949.75,1.186,33.33,1328.23,1.47,44.44,32,72
28,0.7,3.5,1.5,1.35,300.0,300.0,True,176,29.3,2818.1,1.262,34.66,972.9,2.9,45.83,33,72
28,0.7,3.5,1.5,1.4,0.0,0.0,True,255,42.5,3004.88,1.176,32.16,2203.94,1.36,45.83,33,72
28,0.7,3.5,1.5,1.4,200.0,250.0,True,207,34.5,53.84,1.004,29.95,3202.33,0.02,45.83,33,72
28,0.7,3.5,1.5,1.4,250.0,250.0,True,212,35.3,-412.39,0.97,29.25,3668.56,-0.11,44.44,32,72
28,0.7,3.5,1.5,1.4,300.0,300.0,True,221,36.8,194.06,1.014,29.86,3315.3,0.06,45.83,33,72
28,0.7,3.5,1.5,1.45,0.0,0.0,True,315,52.5,4985.0,1.246,33.33,1646.6,3.03,45.83,33,72
28,0.7,3.5,1.5,1.45,200.0,250.0,True,244,40.7,-199.53,0.987,29.1,2922.55,-0.07,45.83,33,72
28,0.7,3.5,1.5,1.45,250.0,250.0,True,251,41.8,-625.23,0.961,28.69,3348.25,-0.19,44.44,32,72
28,0.7,3.5,1.5,1.45,300.0,300.0,True,269,44.8,132.43,1.008,29.74,3317.92,0.04,45.83,33,72
28,0.7,3.5,1.5,,0.0,0.0,False,568,94.7,5617.44,1.155,32.75,2266.84,2.48,45.83,33,72
28,0.7,3.5,1.5,,200.0,250.0,False,338,56.3,698.44,1.036,32.25,2264.87,0.31,48.61,35,72
28,0.7,3.5,1.5,,250.0,250.0,False,353,58.8,1751.77,1.086,32.86,1977.0,0.89,48.61,35,72
28,0.7,3.5,1.5,,300.0,300.0,False,410,68.3,1923.73,1.079,31.95,2348.44,0.82,45.83,33,72
28,0.7,3.5,2.0,1.35,0.0,0.0,True,194,32.3,4537.32,1.299,40.72,2393.25,1.9,52.78,38,72
28,0.7,3.5,2.0,1.35,200.0,250.0,True,153,25.5,2066.12,1.188,40.52,1790.88,1.15,52.78,38,72
28,0.7,3.5,2.0,1.35,250.0,250.0,True,159,26.5,1706.76,1.147,39.62,1920.33,0.89,51.39,37,72
28,0.7,3.5,2.0,1.35,300.0,300.0,True,165,27.5,1922.14,1.159,40.0,2188.62,0.88,51.39,37,72
28,0.7,3.5,2.0,1.4,0.0,0.0,True,253,42.2,3576.12,1.177,38.74,2525.39,1.42,47.22,34,72
28,0.7,3.5,2.0,1.4,200.0,250.0,True,187,31.2,845.26,1.062,37.97,2317.44,0.36,48.61,35,72
28,0.7,3.5,2.0,1.4,250.0,250.0,True,191,31.8,715.81,1.051,37.7,2446.89,0.29,47.22,34,72
28,0.7,3.5,2.0,1.4,300.0,300.0,True,203,33.8,202.3,1.013,36.95,3117.18,0.06,47.22,34,72
28,0.7,3.5,2.0,1.45,0.0,0.0,True,312,52.0,5919.83,1.248,40.38,2138.74,2.77,50.0,36,72
28,0.7,3.5,2.0,1.45,200.0,250.0,True,215,35.8,217.25,1.014,37.21,2690.81,0.08,48.61,35,72
28,0.7,3.5,2.0,1.45,250.0,250.0,True,221,36.8,203.39,1.013,37.1,2994.61,0.07,47.22,34,72
28,0.7,3.5,2.0,1.45,300.0,300.0,True,245,40.8,1427.5,1.081,38.37,2738.73,0.52,48.61,35,72
28,0.7,3.5,2.0,,0.0,0.0,False,550,91.7,6300.72,1.15,39.09,3100.13,2.03,47.22,34,72
28,0.7,3.5,2.0,,200.0,250.0,False,268,44.7,1046.84,1.057,39.18,1651.63,0.63,50.0,36,72
28,0.7,3.5,2.0,,250.0,250.0,False,298,49.7,622.06,1.03,38.93,2310.58,0.27,45.83,33,72
28,0.7,3.5,2.0,,300.0,300.0,False,356,59.3,1755.37,1.071,39.61,2012.62,0.87,47.22,34,72
28,0.7,3.5,2.5,1.35,0.0,0.0,True,192,32.0,5179.8,1.306,45.83,2469.43,2.1,54.17,39,72
28,0.7,3.5,2.5,1.35,200.0,250.0,True,143,23.8,1222.88,1.103,43.36,1674.55,0.73,52.78,38,72
28,0.7,3.5,2.5,1.35,250.0,250.0,True,148,24.7,1505.08,1.123,43.92,2196.46,0.69,51.39,37,72
28,0.7,3.5,2.5,1.35,300.0,300.0,True,157,26.2,2401.29,1.191,45.22,2196.46,1.09,52.78,38,72
28,0.7,3.5,2.5,1.4,0.0,0.0,True,249,41.5,5139.4,1.233,45.38,2453.22,2.09,47.22,34,72
28,0.7,3.5,2.5,1.4,200.0,250.0,True,174,29.0,-24.45,0.998,42.53,2070.33,-0.01,45.83,33,72
28,0.7,3.5,2.5,1.4,250.0,250.0,True,179,29.8,-66.91,0.996,42.46,2464.65,-0.03,44.44,32,72
28,0.7,3.5,2.5,1.4,300.0,300.0,True,191,31.8,927.27,1.059,43.46,2448.53,0.38,47.22,34,72
28,0.7,3.5,2.5,1.45,0.0,0.0,True,305,50.8,8234.08,1.319,47.21,2276.29,3.62,47.22,34,72
28,0.7,3.5,2.5,1.45,200.0,250.0,True,199,33.2,-1064.7,0.936,41.71,2516.86,-0.42,44.44,32,72
28,0.7,3.5,2.5,1.45,250.0,250.0,True,205,34.2,-858.93,0.95,41.95,2516.86,-0.34,43.06,31,72
28,0.7,3.5,2.5,1.45,300.0,300.0,True,225,37.5,516.65,1.028,43.56,2680.49,0.19,45.83,33,72
28,0.7,3.5,2.5,,0.0,0.0,False,531,88.5,7790.79,1.171,44.82,3434.52,2.27,45.83,33,72
28,0.7,3.5,2.5,,200.0,250.0,False,262,43.7,-1210.71,0.942,43.13,2217.55,-0.55,48.61,35,72
28,0.7,3.5,2.5,,250.0,250.0,False,282,47.0,-969.47,0.957,43.26,2509.29,-0.39,44.44,32,72
28,0.7,3.5,2.5,,300.0,300.0,False,312,52.0,-1002.35,0.96,42.63,3442.9,-0.29,43.06,31,72
28,0.7,4.0,1.5,1.35,0.0,0.0,True,195,32.5,6323.2,1.492,33.85,977.06,6.47,47.22,34,72
28,0.7,4.0,1.5,1.35,200.0,250.0,True,149,24.8,4954.81,1.579,35.57,870.92,5.69,51.39,37,72
28,0.7,4.0,1.5,1.35,250.0,250.0,True,161,26.8,4768.02,1.505,34.78,870.92,5.47,48.61,35,72
28,0.7,4.0,1.5,1.35,300.0,300.0,True,175,29.2,4336.43,1.401,34.29,1053.66,4.12,47.22,34,72
28,0.7,4.0,1.5,1.4,0.0,0.0,True,255,42.5,5109.61,1.296,30.98,1461.59,3.5,51.39,37,72
28,0.7,4.0,1.5,1.4,200.0,250.0,True,183,30.5,2189.99,1.192,29.51,1650.7,1.33,51.39,37,72
28,0.7,4.0,1.5,1.4,250.0,250.0,True,203,33.8,2081.17,1.162,29.06,1753.61,1.19,48.61,35,72
28,0.7,4.0,1.5,1.4,300.0,300.0,True,221,36.8,1390.52,1.095,28.51,2598.52,0.54,47.22,34,72
28,0.7,4.0,1.5,1.45,0.0,0.0,True,315,52.5,5357.27,1.252,30.79,1419.46,3.77,48.61,35,72
28,0.7,4.0,1.5,1.45,200.0,250.0,True,212,35.3,1258.76,1.095,28.3,1756.58,0.72,50.0,36,72
28,0.7,4.0,1.5,1.45,250.0,250.0,True,242,40.3,627.49,1.04,27.27,2650.09,0.24,45.83,33,72
28,0.7,4.0,1.5,1.45,300.0,300.0,True,265,44.2,-1032.02,0.942,26.42,4465.28,-0.23,43.06,31,72
28,0.7,4.0,1.5,,0.0,0.0,False,559,93.2,4892.16,1.131,29.87,2146.37,2.28,45.83,33,72
28,0.7,4.0,1.5,,200.0,250.0,False,293,48.8,140.11,1.008,29.69,2990.26,0.05,51.39,37,72
28,0.7,4.0,1.5,,250.0,250.0,False,322,53.7,-575.5,0.971,28.88,2912.66,-0.2,44.44,32,72
28,0.7,4.0,1.5,,300.0,300.0,False,373,62.2,-465.8,0.98,28.42,3341.53,-0.14,45.83,33,72
28,0.7,4.0,2.0,1.35,0.0,0.0,True,194,32.3,6007.97,1.384,39.18,1950.99,3.08,50.0,36,72
28,0.7,4.0,2.0,1.35,200.0,250.0,True,142,23.7,4079.9,1.407,40.85,1514.63,2.69,54.17,39,72
28,0.7,4.0,2.0,1.35,250.0,250.0,True,154,25.7,3599.94,1.321,39.61,1420.81,2.53,51.39,37,72
28,0.7,4.0,2.0,1.35,300.0,300.0,True,162,27.0,3040.61,1.251,38.27,1652.94,1.84,50.0,36,72
28,0.7,4.0,2.0,1.4,0.0,0.0,True,253,42.2,4169.58,1.197,35.97,2527.2,1.65,51.39,37,72
28,0.7,4.0,2.0,1.4,200.0,250.0,True,167,27.8,2777.91,1.226,37.13,2236.49,1.24,55.56,40,72
28,0.7,4.0,2.0,1.4,250.0,250.0,True,186,31.0,2146.01,1.153,36.02,2008.02,1.07,51.39,37,72
28,0.7,4.0,2.0,1.4,300.0,300.0,True,197,32.8,1120.82,1.073,34.52,2743.88,0.41,50.0,36,72
28,0.7,4.0,2.0,1.45,0.0,0.0,True,311,51.8,4431.43,1.172,36.33,1972.93,2.25,48.61,35,72
28,0.7,4.0,2.0,1.45,200.0,250.0,True,183,30.5,1218.36,1.089,35.52,2564.36,0.48,51.39,37,72
28,0.7,4.0,2.0,1.45,250.0,250.0,True,214,35.7,38.41,1.002,34.11,3130.05,0.01,45.83,33,72
28,0.7,4.0,2.0,1.45,300.0,300.0,True,238,39.7,431.59,1.023,34.45,2951.42,0.15,45.83,33,72
28,0.7,4.0,2.0,,0.0,0.0,False,537,89.5,4124.36,1.094,35.57,3166.42,1.3,50.0,36,72
28,0.7,4.0,2.0,,200.0,250.0,False,224,37.3,412.14,1.026,36.16,2723.44,0.15,52.78,38,72
28,0.7,4.0,2.0,,250.0,250.0,False,261,43.5,298.52,1.016,35.25,2081.78,0.14,45.83,33,72
28,0.7,4.0,2.0,,300.0,300.0,False,320,53.3,1102.15,1.048,36.25,2061.37,0.53,48.61,35,72
28,0.7,4.0,2.5,1.35,0.0,0.0,True,192,32.0,6878.59,1.393,44.27,1929.57,3.56,54.17,39,72
28,0.7,4.0,2.5,1.35,200.0,250.0,True,131,21.8,2911.9,1.269,42.75,1311.23,2.22,55.56,40,72
28,0.7,4.0,2.5,1.35,250.0,250.0,True,144,24.0,2777.11,1.229,42.36,1580.34,1.76,52.78,38,72
28,0.7,4.0,2.5,1.35,300.0,300.0,True,152,25.3,3163.56,1.25,42.76,1761.96,1.8,52.78,38,72
28,0.7,4.0,2.5,1.4,0.0,0.0,True,248,41.3,5880.42,1.254,42.74,2391.19,2.46,50.0,36,72
28,0.7,4.0,2.5,1.4,200.0,250.0,True,158,26.3,1849.87,1.14,41.77,1889.35,0.98,51.39,37,72
28,0.7,4.0,2.5,1.4,250.0,250.0,True,176,29.3,1609.78,1.108,41.48,2441.63,0.66,47.22,34,72
28,0.7,4.0,2.5,1.4,300.0,300.0,True,186,31.0,1528.0,1.096,40.86,2687.25,0.57,47.22,34,72
28,0.7,4.0,2.5,1.45,0.0,0.0,True,303,50.5,7656.96,1.276,43.89,2349.88,3.26,52.78,38,72
28,0.7,4.0,2.5,1.45,200.0,250.0,True,177,29.5,-242.1,0.984,40.11,2331.42,-0.1,51.39,37,72
28,0.7,4.0,2.5,1.45,250.0,250.0,True,203,33.8,-1119.0,0.938,39.41,2926.79,-0.38,45.83,33,72
28,0.7,4.0,2.5,1.45,300.0,300.0,True,221,36.8,-580.55,0.97,39.82,2710.55,-0.21,45.83,33,72
28,0.7,4.0,2.5,,0.0,0.0,False,517,86.2,6237.16,1.13,41.59,3072.82,2.03,47.22,34,72
28,0.7,4.0,2.5,,200.0,250.0,False,212,35.3,-521.78,0.97,41.51,2988.47,-0.17,51.39,37,72
28,0.7,4.0,2.5,,250.0,250.0,False,258,43.0,-1764.93,0.919,39.92,3029.15,-0.58,44.44,32,72
28,0.7,4.0,2.5,,300.0,300.0,False,283,47.2,-2096.8,0.913,39.22,3163.49,-0.66,43.06,31,72
28,0.7,4.5,1.5,1.35,0.0,0.0,True,194,32.3,6232.98,1.471,31.96,1222.2,5.1,47.22,34,72
28,0.7,4.5,1.5,1.35,200.0,250.0,True,138,23.0,5561.57,1.685,34.06,1019.15,5.46,51.39,37,72
28,0.7,4.5,1.5,1.35,250.0,250.0,True,159,26.5,5624.93,1.589,33.33,1019.15,5.52,47.22,34,72
28,0.7,4.5,1.5,1.35,300.0,300.0,True,168,28.0,5966.15,1.594,33.93,1019.15,5.85,47.22,34,72
28,0.7,4.5,1.5,1.4,0.0,0.0,True,254,42.3,4959.41,1.279,29.13,2133.1,2.32,51.39,37,72
28,0.7,4.5,1.5,1.4,200.0,250.0,True,175,29.2,3582.93,1.328,29.14,1444.17,2.48,52.78,38,72
28,0.7,4.5,1.5,1.4,250.0,250.0,True,198,33.0,2783.64,1.219,27.78,1446.34,1.92,48.61,35,72
28,0.7,4.5,1.5,1.4,300.0,300.0,True,213,35.5,3167.86,1.231,28.17,1850.63,1.71,48.61,35,72
28,0.7,4.5,1.5,1.45,0.0,0.0,True,313,52.2,4592.08,1.21,28.43,1831.9,2.51,51.39,37,72
28,0.7,4.5,1.5,1.45,200.0,250.0,True,195,32.5,3391.31,1.282,28.72,1242.41,2.73,54.17,39,72
28,0.7,4.5,1.5,1.45,250.0,250.0,True,230,38.3,1481.36,1.1,26.09,1730.48,0.86,48.61,35,72
28,0.7,4.5,1.5,1.45,300.0,300.0,True,253,42.2,1468.26,1.089,26.09,2256.01,0.65,48.61,35,72
28,0.7,4.5,1.5,,0.0,0.0,False,548,91.3,4249.83,1.111,27.55,2455.65,1.73,45.83,33,72
28,0.7,4.5,1.5,,200.0,250.0,False,268,44.7,2289.33,1.144,29.48,2032.06,1.13,56.94,41,72
28,0.7,4.5,1.5,,250.0,250.0,False,316,52.7,-381.01,0.981,26.58,3010.2,-0.13,45.83,33,72
28,0.7,4.5,1.5,,300.0,300.0,False,346,57.7,420.05,1.019,26.88,2846.66,0.15,48.61,35,72
28,0.7,4.5,2.0,1.35,0.0,0.0,True,193,32.2,7313.99,1.464,38.34,1868.04,3.92,50.0,36,72
28,0.7,4.5,2.0,1.35,200.0,250.0,True,135,22.5,5200.8,1.533,40.0,1624.36,3.2,54.17,39,72
28,0.7,4.5,2.0,1.35,250.0,250.0,True,153,25.5,4817.77,1.426,38.56,1353.07,3.56,51.39,37,72
28,0.7,4.5,2.0,1.35,300.0,300.0,True,159,26.5,5016.31,1.426,38.36,1353.07,3.71,51.39,37,72
28,0.7,4.5,2.0,1.4,0.0,0.0,True,252,42.0,5437.79,1.254,34.92,1909.35,2.85,54.17,39,72
28,0.7,4.5,2.0,1.4,200.0,250.0,True,161,26.8,4626.69,1.389,37.27,1910.68,2.42,56.94,41,72
28,0.7,4.5,2.0,1.4,250.0,250.0,True,184,30.7,3310.64,1.235,34.78,1839.2,1.8,54.17,39,72
28,0.7,4.5,2.0,1.4,300.0,300.0,True,194,32.3,3265.91,1.217,34.54,2043.17,1.6,54.17,39,72
28,0.7,4.5,2.0,1.45,0.0,0.0,True,309,51.5,4593.77,1.173,34.3,2068.74,2.22,48.61,35,72
28,0.7,4.5,2.0,1.45,200.0,250.0,True,171,28.5,3100.3,1.24,35.67,2163.36,1.43,52.78,38,72
28,0.7,4.5,2.0,1.45,250.0,250.0,True,212,35.3,1433.48,1.087,33.02,2077.07,0.69,48.61,35,72
28,0.7,4.5,2.0,1.45,300.0,300.0,True,229,38.2,2480.97,1.14,34.06,1980.06,1.25,50.0,36,72
28,0.7,4.5,2.0,,0.0,0.0,False,522,87.0,4369.55,1.098,33.52,2713.23,1.61,52.78,38,72
28,0.7,4.5,2.0,,200.0,250.0,False,215,35.8,1047.93,1.066,33.95,2224.98,0.47,52.78,38,72
28,0.7,4.5,2.0,,250.0,250.0,False,251,41.8,876.6,1.047,33.47,1893.56,0.46,47.22,34,72
28,0.7,4.5,2.0,,300.0,300.0,False,299,49.8,3919.82,1.181,35.79,1934.18,2.03,51.39,37,72
28,0.7,4.5,2.5,1.35,0.0,0.0,True,191,31.8,8500.33,1.482,43.46,1776.65,4.78,52.78,38,72
28,0.7,4.5,2.5,1.35,200.0,250.0,True,125,20.8,4370.87,1.417,42.4,1431.25,3.05,54.17,39,72
28,0.7,4.5,2.5,1.35,250.0,250.0,True,141,23.5,3443.69,1.28,40.43,1708.88,2.02,51.39,37,72
28,0.7,4.5,2.5,1.35,300.0,300.0,True,149,24.8,5298.6,1.432,42.95,1708.88,3.1,52.78,38,72
28,0.7,4.5,2.5,1.4,0.0,0.0,True,247,41.2,7551.69,1.321,41.7,2280.04,3.31,55.56,40,72
28,0.7,4.5,2.5,1.4,200.0,250.0,True,152,25.3,3880.8,1.306,42.11,1853.62,2.09,55.56,40,72
28,0.7,4.5,2.5,1.4,250.0,250.0,True,174,29.0,2853.81,1.19,40.23,2392.4,1.19,51.39,37,72
28,0.7,4.5,2.5,1.4,300.0,300.0,True,183,30.5,3876.17,1.249,40.98,2518.43,1.54,52.78,38,72
28,0.7,4.5,2.5,1.45,0.0,0.0,True,301,50.2,8532.44,1.299,41.86,2607.18,3.27,56.94,41,72
28,0.7,4.5,2.5,1.45,200.0,250.0,True,160,26.7,2549.91,1.187,41.88,1919.93,1.33,55.56,40,72
28,0.7,4.5,2.5,1.45,250.0,250.0,True,201,33.5,627.02,1.035,38.81,2638.01,0.24,50.0,36,72
28,0.7,4.5,2.5,1.45,300.0,300.0,True,212,35.3,2059.35,1.112,40.09,2490.03,0.83,51.39,37,72
28,0.7,4.5,2.5,,0.0,0.0,False,501,83.5,6777.12,1.139,39.52,3612.3,1.88,50.0,36,72
28,0.7,4.5,2.5,,200.0,250.0,False,189,31.5,694.48,1.043,40.21,2135.69,0.33,51.39,37,72
28,0.7,4.5,2.5,,250.0,250.0,False,231,38.5,989.99,1.05,39.83,1916.81,0.52,47.22,34,72
28,0.7,4.5,2.5,,300.0,300.0,False,265,44.2,1272.67,1.056,39.62,1933.34,0.66,47.22,34,72
28,0.7,5.0,1.5,1.35,0.0,0.0,True,194,32.3,7361.51,1.546,30.41,1122.57,6.56,45.83,33,72
28,0.7,5.0,1.5,1.35,200.0,250.0,True,133,22.2,5397.13,1.666,30.83,996.85,5.41,50.0,36,72
28,0.7,5.0,1.5,1.35,250.0,250.0,True,146,24.3,6043.41,1.684,31.51,996.85,6.06,48.61,35,72
28,0.7,5.0,1.5,1.35,300.0,300.0,True,167,27.8,6814.36,1.669,32.34,996.85,6.84,45.83,33,72
28,0.7,5.0,1.5,1.4,0.0,0.0,True,254,42.3,5843.58,1.322,27.56,2060.21,2.84,50.0,36,72
28,0.7,5.0,1.5,1.4,200.0,250.0,True,170,28.3,4946.51,1.471,28.82,1097.18,4.51,55.56,40,72
28,0.7,5.0,1.5,1.4,250.0,250.0,True,182,30.3,4612.01,1.4,28.02,1430.29,3.22,52.78,38,72
28,0.7,5.0,1.5,1.4,300.0,300.0,True,210,35.0,3705.35,1.269,26.67,1609.8,2.3,48.61,35,72
28,0.7,5.0,1.5,1.45,0.0,0.0,True,313,52.2,5902.5,1.264,27.16,2062.1,2.86,47.22,34,72
28,0.7,5.0,1.5,1.45,200.0,250.0,True,188,31.3,5155.91,1.452,28.72,1096.36,4.7,55.56,40,72
28,0.7,5.0,1.5,1.45,250.0,250.0,True,204,34.0,3373.71,1.261,25.98,1096.36,3.08,50.0,36,72
28,0.7,5.0,1.5,1.45,300.0,300.0,True,245,40.8,1905.88,1.117,24.49,1887.1,1.01,45.83,33,72
28,0.7,5.0,1.5,,0.0,0.0,False,542,90.3,5805.08,1.15,26.01,2749.16,2.11,47.22,34,72
28,0.7,5.0,1.5,,200.0,250.0,False,243,40.5,3222.77,1.222,28.4,1478.44,2.18,56.94,41,72
28,0.7,5.0,1.5,,250.0,250.0,False,284,47.3,2589.17,1.15,27.11,1604.85,1.61,51.39,37,72
28,0.7,5.0,1.5,,300.0,300.0,False,350,58.3,116.7,1.005,24.57,2839.95,0.04,47.22,34,72
28,0.7,5.0,2.0,1.35,0.0,0.0,True,192,32.0,8066.82,1.497,35.94,1932.71,4.17,47.22,34,72
28,0.7,5.0,2.0,1.35,200.0,250.0,True,129,21.5,4731.88,1.48,36.43,2164.94,2.19,50.0,36,72
28,0.7,5.0,2.0,1.35,250.0,250.0,True,139,23.2,5323.57,1.512,36.69,1888.12,2.82,50.0,36,72
28,0.7,5.0,2.0,1.35,300.0,300.0,True,157,26.2,5069.98,1.42,35.67,1599.26,3.17,47.22,34,72
28,0.7,5.0,2.0,1.4,0.0,0.0,True,251,41.8,5960.2,1.27,32.67,1992.07,2.99,54.17,39,72
28,0.7,5.0,2.0,1.4,200.0,250.0,True,155,25.8,5028.77,1.433,35.48,1808.67,2.78,56.94,41,72
28,0.7,5.0,2.0,1.4,250.0,250.0,True,164,27.3,4655.8,1.369,34.15,2060.04,2.26,54.17,39,72
28,0.7,5.0,2.0,1.4,300.0,300.0,True,193,32.2,3053.93,1.196,31.61,2509.01,1.22,51.39,37,72
28,0.7,5.0,2.0,1.45,0.0,0.0,True,308,51.3,5591.15,1.206,32.47,2080.63,2.69,50.0,36,72
28,0.7,5.0,2.0,1.45,200.0,250.0,True,167,27.8,4263.61,1.339,35.33,2064.67,2.07,54.17,39,72
28,0.7,5.0,2.0,1.45,250.0,250.0,True,181,30.2,2981.71,1.211,32.6,2316.04,1.29,50.0,36,72
28,0.7,5.0,2.0,1.45,300.0,300.0,True,224,37.3,2261.89,1.125,31.25,2044.26,1.11,47.22,34,72
28,0.7,5.0,2.0,,0.0,0.0,False,513,85.5,5603.51,1.124,31.38,3266.49,1.72,52.78,38,72
28,0.7,5.0,2.0,,200.0,250.0,False,210,35.0,1915.84,1.124,32.38,2070.17,0.93,52.78,38,72
28,0.7,5.0,2.0,,250.0,250.0,False,227,37.8,1646.06,1.096,32.16,2348.28,0.7,51.39,37,72
28,0.7,5.0,2.0,,300.0,300.0,False,291,48.5,2070.77,1.094,32.3,2044.84,1.01,50.0,36,72
28,0.7,5.0,2.5,1.35,0.0,0.0,True,189,31.5,8068.16,1.433,39.15,2476.18,3.26,44.44,32,72
28,0.7,5.0,2.5,1.35,200.0,250.0,True,119,19.8,3203.53,1.292,36.97,1786.97,1.79,45.83,33,72
28,0.7,5.0,2.5,1.35,250.0,250.0,True,129,21.5,3585.42,1.308,37.21,1578.03,2.27,45.83,33,72
28,0.7,5.0,2.5,1.35,300.0,300.0,True,146,24.3,3929.41,1.301,37.67,1641.5,2.39,44.44,32,72
28,0.7,5.0,2.5,1.4,0.0,0.0,True,244,40.7,6447.48,1.26,37.7,2557.34,2.52,52.78,38,72
28,0.7,5.0,2.5,1.4,200.0,250.0,True,150,25.0,3756.18,1.287,38.67,1828.9,2.05,51.39,37,72
28,0.7,5.0,2.5,1.4,250.0,250.0,True,156,26.0,3657.3,1.267,38.46,1828.9,2.0,51.39,37,72
28,0.7,5.0,2.5,1.4,300.0,300.0,True,179,29.8,3729.57,1.235,37.99,2349.63,1.59,50.0,36,72
28,0.7,5.0,2.5,1.45,0.0,0.0,True,297,49.5,8196.44,1.276,38.72,2734.05,3.0,54.17,39,72
28,0.7,5.0,2.5,1.45,200.0,250.0,True,157,26.2,2709.66,1.194,39.49,1973.6,1.37,52.78,38,72
28,0.7,5.0,2.5,1.45,250.0,250.0,True,172,28.7,1908.91,1.124,37.79,2131.12,0.9,51.39,37,72
28,0.7,5.0,2.5,1.45,300.0,300.0,True,204,34.0,1639.61,1.089,37.25,2761.07,0.59,48.61,35,72
28,0.7,5.0,2.5,,0.0,0.0,False,487,81.2,7019.71,1.142,36.76,4212.51,1.67,51.39,37,72
28,0.7,5.0,2.5,,200.0,250.0,False,194,32.3,951.94,1.056,38.14,2369.61,0.4,51.39,37,72
28,0.7,5.0,2.5,,250.0,250.0,False,215,35.8,1735.58,1.094,38.6,2369.61,0.73,51.39,37,72
28,0.7,5.0,2.5,,300.0,300.0,False,248,41.3,2406.73,1.113,38.31,2036.47,1.18,51.39,37,72
35,0.55,3.5,1.5,1.35,0.0,0.0,True,149,24.8,4826.86,1.525,37.58,1013.43,4.76,45.83,33,72
35,0.55,3.5,1.5,1.35,200.0,250.0,True,127,21.2,2316.87,1.306,35.43,994.76,2.33,47.22,34,72
35,0.55,3.5,1.5,1.35,250.0,250.0,True,133,22.2,2076.72,1.256,34.59,994.76,2.09,45.83,33,72
35,0.55,3.5,1.5,1.35,300.0,300.0,True,133,22.2,2076.72,1.256,34.59,994.76,2.09,45.83,33,72
35,0.55,3.5,1.5,1.4,0.0,0.0,True,197,32.8,7320.28,1.621,37.06,1064.36,6.88,52.78,38,72
35,0.55,3.5,1.5,1.4,200.0,250.0,True,151,25.2,3826.41,1.465,35.76,838.68,4.56,52.78,38,72
35,0.55,3.5,1.5,1.4,250.0,250.0,True,160,26.7,3669.93,1.411,35.0,925.6,3.96,51.39,37,72
35,0.55,3.5,1.5,1.4,300.0,300.0,True,166,27.7,3772.72,1.404,34.94,1005.45,3.75,51.39,37,72
35,0.55,3.5,1.5,1.45,0.0,0.0,True,236,39.3,6258.53,1.422,36.02,1194.44,5.24,54.17,39,72
35,0.55,3.5,1.5,1.45,200.0,250.0,True,177,29.5,4076.69,1.412,36.16,764.29,5.33,55.56,40,72
35,0.55,3.5,1.5,1.45,250.0,250.0,True,188,31.3,4176.88,1.392,36.17,851.21,4.91,54.17,39,72
35,0.55,3.5,1.5,1.45,300.0,300.0,True,201,33.5,3908.93,1.338,35.32,1060.93,3.68,52.78,38,72
35,0.55,3.5,1.5,,0.0,0.0,False,549,91.5,6838.67,1.2,35.52,3117.8,2.19,54.17,39,72
35,0.55,3.5,1.5,,200.0,250.0,False,302,50.3,2707.53,1.162,35.43,1469.84,1.84,55.56,40,72
35,0.55,3.5,1.5,,250.0,250.0,False,321,53.5,4725.29,1.272,36.76,1469.84,3.21,55.56,40,72
35,0.55,3.5,1.5,,300.0,300.0,False,367,61.2,5047.98,1.248,37.06,1469.84,3.43,55.56,40,72
35,0.55,3.5,2.0,1.35,0.0,0.0,True,149,24.8,6436.23,1.616,46.31,1222.37,5.27,50.0,36,72
35,0.55,3.5,2.0,1.35,200.0,250.0,True,117,19.5,2680.22,1.327,42.74,1133.16,2.37,50.0,36,72
35,0.55,3.5,2.0,1.35,250.0,250.0,True,123,20.5,2594.52,1.295,42.28,1405.57,1.85,48.61,35,72
35,0.55,3.5,2.0,1.35,300.0,300.0,True,130,21.7,3349.32,1.372,43.85,1026.24,3.26,50.0,36,72
35,0.55,3.5,2.0,1.4,0.0,0.0,True,196,32.7,8964.52,1.663,45.92,1097.3,8.17,58.33,42,72
35,0.55,3.5,2.0,1.4,200.0,250.0,True,135,22.5,3610.48,1.41,43.7,929.78,3.88,56.94,41,72
35,0.55,3.5,2.0,1.4,250.0,250.0,True,143,23.8,3672.54,1.386,43.36,1151.7,3.19,55.56,40,72
35,0.55,3.5,2.0,1.4,300.0,300.0,True,157,26.2,4496.82,1.438,44.59,874.56,5.14,56.94,41,72
35,0.55,3.5,2.0,1.45,0.0,0.0,True,235,39.2,7447.25,1.429,44.26,1054.69,7.06,55.56,40,72
35,0.55,3.5,2.0,1.45,200.0,250.0,True,160,26.7,2964.25,1.277,42.5,1576.69,1.88,55.56,40,72
35,0.55,3.5,2.0,1.45,250.0,250.0,True,163,27.2,3429.19,1.315,43.56,1576.69,2.17,55.56,40,72
35,0.55,3.5,2.0,1.45,300.0,300.0,True,176,29.3,3969.61,1.341,44.32,1576.69,2.52,54.17,39,72
35,0.55,3.5,2.0,,0.0,0.0,False,534,89.0,7023.58,1.176,42.13,3197.7,2.2,59.72,43,72
35,0.55,3.5,2.0,,200.0,250.0,False,247,41.2,2358.89,1.15,42.91,1619.04,1.46,59.72,43,72
35,0.55,3.5,2.0,,250.0,250.0,False,264,44.0,3269.96,1.196,43.56,1352.7,2.42,58.33,42,72
35,0.55,3.5,2.0,,300.0,300.0,False,311,51.8,4687.97,1.232,44.05,1643.77,2.85,61.11,44,72
35,0.55,3.5,2.5,1.35,0.0,0.0,True,147,24.5,7544.93,1.669,53.06,1381.53,5.46,47.22,34,72
35,0.55,3.5,2.5,1.35,200.0,250.0,True,107,17.8,2513.18,1.298,46.73,1409.51,1.78,48.61,35,72
35,0.55,3.5,2.5,1.35,250.0,250.0,True,120,20.0,3326.05,1.358,48.33,1061.19,3.13,48.61,35,72
35,0.55,3.5,2.5,1.35,300.0,300.0,True,123,20.5,3923.6,1.422,49.59,1061.19,3.7,48.61,35,72
35,0.55,3.5,2.5,1.4,0.0,0.0,True,193,32.2,10439.54,1.724,52.33,1056.01,9.89,54.17,39,72
35,0.55,3.5,2.5,1.4,200.0,250.0,True,126,21.0,3288.54,1.35,47.62,1243.75,2.64,52.78,38,72
35,0.55,3.5,2.5,1.4,250.0,250.0,True,140,23.3,4296.8,1.419,49.29,885.06,4.85,52.78,38,72
35,0.55,3.5,2.5,1.4,300.0,300.0,True,150,25.0,4992.28,1.461,50.0,966.17,5.17,54.17,39,72
35,0.55,3.5,2.5,1.45,0.0,0.0,True,231,38.5,8412.57,1.444,50.22,1247.63,6.74,54.17,39,72
35,0.55,3.5,2.5,1.45,200.0,250.0,True,151,25.2,3279.91,1.292,48.34,1639.22,2.0,55.56,40,72
35,0.55,3.5,2.5,1.45,250.0,250.0,True,154,25.7,3835.75,1.34,49.35,1639.22,2.34,54.17,39,72
35,0.55,3.5,2.5,1.45,300.0,300.0,True,165,27.5,4190.34,1.347,49.09,1639.22,2.56,51.39,37,72
35,0.55,3.5,2.5,,0.0,0.0,False,515,85.8,7876.52,1.179,47.57,2308.52,3.41,56.94,41,72
35,0.55,3.5,2.5,,200.0,250.0,False,224,37.3,-66.44,0.996,45.09,2458.65,-0.03,52.78,38,72
35,0.55,3.5,2.5,,250.0,250.0,False,239,39.8,946.99,1.052,46.03,1814.79,0.52,51.39,37,72
35,0.55,3.5,2.5,,300.0,300.0,False,266,44.3,3170.84,1.163,48.12,1732.53,1.83,55.56,40,72
35,0.55,4.0,1.5,1.35,0.0,0.0,True,149,24.8,6468.77,1.696,36.91,1013.43,6.38,48.61,35,72
35,0.55,4.0,1.5,1.35,200.0,250.0,True,121,20.2,3699.12,1.509,35.54,903.16,4.1,48.61,35,72
35,0.55,4.0,1.5,1.35,250.0,250.0,True,133,22.2,3614.76,1.446,34.59,929.46,3.89,47.22,34,72
35,0.55,4.0,1.5,1.35,300.0,300.0,True,134,22.3,3498.1,1.426,34.33,929.46,3.76,47.22,34,72
35,0.55,4.0,1.5,1.4,0.0,0.0,True,197,32.8,9289.32,1.773,36.04,1237.94,7.5,52.78,38,72
35,0.55,4.0,1.5,1.4,200.0,250.0,True,142,23.7,5047.77,1.641,35.21,959.14,5.26,52.78,38,72
35,0.55,4.0,1.5,1.4,250.0,250.0,True,158,26.3,5306.44,1.598,34.81,959.14,5.53,51.39,37,72
35,0.55,4.0,1.5,1.4,300.0,300.0,True,164,27.3,4805.7,1.513,33.54,1058.16,4.54,51.39,37,72
35,0.55,4.0,1.5,1.45,0.0,0.0,True,236,39.3,8515.66,1.566,35.17,1234.55,6.9,54.17,39,72
35,0.55,4.0,1.5,1.45,200.0,250.0,True,161,26.8,5364.5,1.6,36.02,955.75,5.61,56.94,41,72
35,0.55,4.0,1.5,1.45,250.0,250.0,True,185,30.8,5628.61,1.528,35.14,955.75,5.89,54.17,39,72
35,0.55,4.0,1.5,1.45,300.0,300.0,True,198,33.0,5342.1,1.463,34.34,1054.77,5.06,52.78,38,72
35,0.55,4.0,1.5,,0.0,0.0,False,541,90.2,9257.85,1.266,33.64,3115.03,2.97,56.94,41,72
35,0.55,4.0,1.5,,200.0,250.0,False,262,43.7,3954.65,1.269,34.35,1093.72,3.62,61.11,44,72
35,0.55,4.0,1.5,,250.0,250.0,False,311,51.8,4108.01,1.23,34.08,1408.89,2.92,55.56,40,72
35,0.55,4.0,1.5,,300.0,300.0,False,349,58.2,5737.9,1.287,34.38,1587.43,3.61,56.94,41,72
35,0.55,4.0,2.0,1.35,0.0,0.0,True,149,24.8,7540.54,1.691,44.3,1345.02,5.61,51.39,37,72
35,0.55,4.0,2.0,1.35,200.0,250.0,True,110,18.3,3868.75,1.492,41.82,942.76,4.1,52.78,38,72
35,0.55,4.0,2.0,1.35,250.0,250.0,True,124,20.7,4266.34,1.481,41.94,928.52,4.59,51.39,37,72
35,0.55,4.0,2.0,1.35,300.0,300.0,True,129,21.5,4344.01,1.471,41.86,928.52,4.68,51.39,37,72
35,0.55,4.0,2.0,1.4,0.0,0.0,True,196,32.7,10431.8,1.738,43.88,1002.07,10.41,56.94,41,72
35,0.55,4.0,2.0,1.4,200.0,250.0,True,124,20.7,4594.84,1.549,42.74,1000.53,4.59,55.56,40,72
35,0.55,4.0,2.0,1.4,250.0,250.0,True,144,24.0,5476.85,1.568,43.06,1000.53,5.47,55.56,40,72
35,0.55,4.0,2.0,1.4,300.0,300.0,True,152,25.3,5242.45,1.509,42.11,1000.53,5.24,55.56,40,72
35,0.55,4.0,2.0,1.45,0.0,0.0,True,235,39.2,9250.83,1.515,42.55,1126.46,8.21,56.94,41,72
35,0.55,4.0,2.0,1.45,200.0,250.0,True,141,23.5,4461.37,1.473,42.55,1576.69,2.83,58.33,42,72
35,0.55,4.0,2.0,1.45,250.0,250.0,True,162,27.0,4369.27,1.394,41.36,1576.69,2.77,55.56,40,72
35,0.55,4.0,2.0,1.45,300.0,300.0,True,169,28.2,4695.55,1.405,42.01,1576.69,2.98,56.94,41,72
35,0.55,4.0,2.0,,0.0,0.0,False,522,87.0,8229.66,1.2,39.46,4067.5,2.02,61.11,44,72
35,0.55,4.0,2.0,,200.0,250.0,False,209,34.8,2682.94,1.188,41.63,1829.5,1.47,61.11,44,72
35,0.55,4.0,2.0,,250.0,250.0,False,263,43.8,2181.47,1.121,39.92,1577.49,1.38,58.33,42,72
35,0.55,4.0,2.0,,300.0,300.0,False,299,49.8,4980.76,1.246,41.14,1631.18,3.05,61.11,44,72
35,0.55,4.0,2.5,1.35,0.0,0.0,True,145,24.2,8499.72,1.722,50.34,1381.53,6.15,50.0,36,72
35,0.55,4.0,2.5,1.35,200.0,250.0,True,102,17.0,3683.69,1.45,46.08,1219.11,3.02,50.0,36,72
35,0.55,4.0,2.5,1.35,250.0,250.0,True,120,20.0,4498.97,1.471,46.67,940.17,4.79,50.0,36,72
35,0.55,4.0,2.5,1.35,300.0,300.0,True,123,20.5,4773.31,1.49,47.15,940.17,5.08,50.0,36,72
35,0.55,4.0,2.5,1.4,0.0,0.0,True,191,31.8,11784.31,1.78,49.74,1059.46,11.12,55.56,40,72
35,0.55,4.0,2.5,1.4,200.0,250.0,True,119,19.8,4225.96,1.46,46.22,1131.23,3.74,51.39,37,72
35,0.55,4.0,2.5,1.4,250.0,250.0,True,139,23.2,5722.13,1.548,48.2,913.11,6.27,54.17,39,72
35,0.55,4.0,2.5,1.4,300.0,300.0,True,146,24.3,5688.14,1.514,47.95,1000.21,5.69,55.56,40,72
35,0.55,4.0,2.5,1.45,0.0,0.0,True,229,38.2,10120.64,1.515,48.03,1200.68,8.43,56.94,41,72
35,0.55,4.0,2.5,1.45,200.0,250.0,True,139,23.2,4500.92,1.43,47.48,1639.22,2.75,56.94,41,72
35,0.55,4.0,2.5,1.45,250.0,250.0,True,154,25.7,4195.31,1.35,46.1,1639.22,2.56,54.17,39,72
35,0.55,4.0,2.5,1.45,300.0,300.0,True,162,27.0,5093.33,1.413,47.53,1639.22,3.11,56.94,41,72
35,0.55,4.0,2.5,,0.0,0.0,False,496,82.7,9561.16,1.214,44.96,2621.93,3.65,58.33,42,72
35,0.55,4.0,2.5,,200.0,250.0,False,193,32.2,706.3,1.045,44.04,2270.33,0.31,56.94,41,72
35,0.55,4.0,2.5,,250.0,250.0,False,224,37.3,1177.99,1.065,44.2,1929.69,0.61,54.17,39,72
35,0.55,4.0,2.5,,300.0,300.0,False,255,42.5,1955.02,1.096,44.31,1929.69,1.01,54.17,39,72
35,0.55,4.5,1.5,1.35,0.0,0.0,True,149,24.8,8129.43,1.866,36.24,1013.43,8.02,47.22,34,72
35,0.55,4.5,1.5,1.35,200.0,250.0,True,117,19.5,4534.14,1.633,34.19,922.93,4.91,47.22,34,72
35,0.55,4.5,1.5,1.35,250.0,250.0,True,128,21.3,4805.42,1.618,34.38,993.6,4.84,47.22,34,72
35,0.55,4.5,1.5,1.35,300.0,300.0,True,134,22.3,4648.99,1.56,33.58,993.6,4.68,45.83,33,72
35,0.55,4.5,1.5,1.4,0.0,0.0,True,197,32.8,11207.83,1.917,35.03,1284.66,8.72,52.78,38,72
35,0.55,4.5,1.5,1.4,200.0,250.0,True,137,22.8,6110.82,1.793,34.31,1005.86,6.08,52.78,38,72
35,0.55,4.5,1.5,1.4,250.0,250.0,True,151,25.2,6543.8,1.776,34.44,1005.86,6.51,51.39,37,72
35,0.55,4.5,1.5,1.4,300.0,300.0,True,162,27.0,6426.33,1.691,33.33,1104.88,5.82,50.0,36,72
35,0.55,4.5,1.5,1.45,0.0,0.0,True,235,39.2,10235.34,1.668,33.62,1211.52,8.45,58.33,42,72
35,0.55,4.5,1.5,1.45,200.0,250.0,True,154,25.7,6116.32,1.704,34.42,930.11,6.58,58.33,42,72
35,0.55,4.5,1.5,1.45,250.0,250.0,True,173,28.8,6600.8,1.675,34.1,932.72,7.08,56.94,41,72
35,0.55,4.5,1.5,1.45,300.0,300.0,True,194,32.3,6258.22,1.552,32.47,1031.74,6.07,55.56,40,72
35,0.55,4.5,1.5,,0.0,0.0,False,538,89.7,11630.73,1.327,31.23,2857.17,4.07,54.17,39,72
35,0.55,4.5,1.5,,200.0,250.0,False,256,42.7,5684.26,1.396,32.81,1110.49,5.12,61.11,44,72
35,0.55,4.5,1.5,,250.0,250.0,False,292,48.7,5795.69,1.352,32.19,1207.87,4.8,56.94,41,72
35,0.55,4.5,1.5,,300.0,300.0,False,340,56.7,6379.59,1.332,32.06,1156.71,5.52,55.56,40,72
35,0.55,4.5,2.0,1.35,0.0,0.0,True,149,24.8,9107.23,1.817,42.95,1345.02,6.77,52.78,38,72
35,0.55,4.5,2.0,1.35,200.0,250.0,True,109,18.2,4748.64,1.594,40.37,879.3,5.4,52.78,38,72
35,0.55,4.5,2.0,1.35,250.0,250.0,True,117,19.5,4862.1,1.569,40.17,879.3,5.53,52.78,38,72
35,0.55,4.5,2.0,1.35,300.0,300.0,True,128,21.3,4991.22,1.528,39.84,854.48,5.84,52.78,38,72
35,0.55,4.5,2.0,1.4,0.0,0.0,True,196,32.7,12292.61,1.847,42.35,1002.07,12.27,56.94,41,72
35,0.55,4.5,2.0,1.4,200.0,250.0,True,121,20.2,5196.0,1.611,40.5,974.89,5.33,55.56,40,72
35,0.55,4.5,2.0,1.4,250.0,250.0,True,134,22.3,5530.12,1.596,40.3,974.89,5.67,55.56,40,72
35,0.55,4.5,2.0,1.4,300.0,300.0,True,150,25.0,6235.16,1.597,40.67,977.44,6.38,55.56,40,72
35,0.55,4.5,2.0,1.45,0.0,0.0,True,234,39.0,10942.8,1.594,40.6,1079.52,10.14,58.33,42,72
35,0.55,4.5,2.0,1.45,200.0,250.0,True,140,23.3,5041.79,1.52,40.0,1576.69,3.2,59.72,43,72
35,0.55,4.5,2.0,1.45,250.0,250.0,True,152,25.3,5753.89,1.557,40.79,1576.69,3.65,59.72,43,72
35,0.55,4.5,2.0,1.45,300.0,300.0,True,166,27.7,5824.47,1.499,40.36,1576.69,3.69,58.33,42,72
35,0.55,4.5,2.0,,0.0,0.0,False,515,85.8,9510.78,1.226,36.7,3898.5,2.44,56.94,41,72
35,0.55,4.5,2.0,,200.0,250.0,False,207,34.5,2981.44,1.204,38.65,1475.03,2.02,56.94,41,72
35,0.55,4.5,2.0,,250.0,250.0,False,248,41.3,2981.24,1.172,37.5,1475.03,2.02,52.78,38,72
35,0.55,4.5,2.0,,300.0,300.0,False,282,47.0,3692.14,1.183,36.88,1631.18,2.26,54.17,39,72
35,0.55,4.5,2.5,1.35,0.0,0.0,True,145,24.2,10238.7,1.848,48.97,1381.53,7.41,51.39,37,72
35,0.55,4.5,2.5,1.35,200.0,250.0,True,100,16.7,4304.74,1.516,44.0,1171.24,3.68,51.39,37,72
35,0.55,4.5,2.5,1.35,250.0,250.0,True,108,18.0,4387.16,1.487,43.52,1171.24,3.75,50.0,36,72
35,0.55,4.5,2.5,1.35,300.0,300.0,True,122,20.3,5482.64,1.546,45.08,866.38,6.33,51.39,37,72
35,0.55,4.5,2.5,1.4,0.0,0.0,True,191,31.8,13844.83,1.888,48.17,1114.22,12.43,59.72,43,72
35,0.55,4.5,2.5,1.4,200.0,250.0,True,117,19.5,5033.26,1.538,44.44,1085.53,4.64,54.17,39,72
35,0.55,4.5,2.5,1.4,250.0,250.0,True,126,21.0,5288.66,1.528,44.44,1092.45,4.84,54.17,39,72
35,0.55,4.5,2.5,1.4,300.0,300.0,True,146,24.3,6202.53,1.533,45.21,1103.38,5.62,56.94,41,72
35,0.55,4.5,2.5,1.45,0.0,0.0,True,228,38.0,12021.1,1.595,46.05,1153.74,10.42,62.5,45,72
35,0.55,4.5,2.5,1.45,200.0,250.0,True,138,23.0,5113.46,1.473,44.93,1639.22,3.12,59.72,43,72
35,0.55,4.5,2.5,1.45,250.0,250.0,True,144,24.0,5855.73,1.529,45.83,1639.22,3.57,59.72,43,72
35,0.55,4.5,2.5,1.45,300.0,300.0,True,157,26.2,5932.49,1.478,45.22,1639.22,3.62,59.72,43,72
35,0.55,4.5,2.5,,0.0,0.0,False,488,81.3,11566.28,1.253,42.42,2524.15,4.58,51.39,37,72
35,0.55,4.5,2.5,,200.0,250.0,False,186,31.0,1167.42,1.075,41.4,1827.23,0.64,54.17,39,72
35,0.55,4.5,2.5,,250.0,250.0,False,215,35.8,842.26,1.046,40.0,2146.49,0.39,48.61,35,72
35,0.55,4.5,2.5,,300.0,300.0,False,240,40.0,1618.62,1.08,40.83,3001.12,0.54,48.61,35,72
35,0.55,5.0,1.5,1.35,0.0,0.0,True,149,24.8,6566.9,1.642,30.87,1220.54,5.38,41.67,30,72
35,0.55,5.0,1.5,1.35,200.0,250.0,True,119,19.8,3548.73,1.457,29.41,874.99,4.06,41.67,30,72
35,0.55,5.0,1.5,1.35,250.0,250.0,True,123,20.5,4048.57,1.51,30.08,874.99,4.63,41.67,30,72
35,0.55,5.0,1.5,1.35,300.0,300.0,True,135,22.5,4244.91,1.482,29.63,945.66,4.49,40.28,29,72
35,0.55,5.0,1.5,1.4,0.0,0.0,True,195,32.5,7728.16,1.58,29.23,1636.16,4.72,44.44,32,72
35,0.55,5.0,1.5,1.4,200.0,250.0,True,142,23.7,4827.94,1.553,28.87,1166.99,4.14,44.44,32,72
35,0.55,5.0,1.5,1.4,250.0,250.0,True,147,24.5,5266.48,1.587,29.25,1166.99,4.51,44.44,32,72
35,0.55,5.0,1.5,1.4,300.0,300.0,True,166,27.7,6136.42,1.606,29.52,1266.01,4.85,44.44,32,72
35,0.55,5.0,1.5,1.45,0.0,0.0,True,233,38.8,6703.12,1.406,28.33,1847.07,3.63,51.39,37,72
35,0.55,5.0,1.5,1.45,200.0,250.0,True,159,26.5,5111.17,1.523,29.56,1038.65,4.92,51.39,37,72
35,0.55,5.0,1.5,1.45,250.0,250.0,True,166,27.7,5434.29,1.536,29.52,1038.65,5.23,51.39,37,72
35,0.55,5.0,1.5,1.45,300.0,300.0,True,197,32.8,5950.79,1.489,28.93,1162.57,5.12,51.39,37,72
35,0.55,5.0,1.5,,0.0,0.0,False,530,88.3,7629.2,1.206,27.74,4093.64,1.86,51.39,37,72
35,0.55,5.0,1.5,,200.0,250.0,False,242,40.3,6189.58,1.444,30.58,1412.43,4.38,58.33,42,72
35,0.55,5.0,1.5,,250.0,250.0,False,266,44.3,5237.54,1.332,29.32,1580.86,3.31,55.56,40,72
35,0.55,5.0,1.5,,300.0,300.0,False,333,55.5,6144.76,1.315,29.13,1502.88,4.09,54.17,39,72
35,0.55,5.0,2.0,1.35,0.0,0.0,True,149,24.8,7581.66,1.618,37.58,1620.14,4.68,47.22,34,72
35,0.55,5.0,2.0,1.35,200.0,250.0,True,109,18.2,4551.17,1.541,36.7,963.27,4.72,50.0,36,72
35,0.55,5.0,2.0,1.35,250.0,250.0,True,112,18.7,4537.2,1.524,36.61,1038.39,4.37,48.61,35,72
35,0.55,5.0,2.0,1.35,300.0,300.0,True,129,21.5,4990.23,1.499,36.43,864.55,5.77,48.61,35,72
35,0.55,5.0,2.0,1.4,0.0,0.0,True,193,32.2,9482.41,1.601,36.79,2172.23,4.37,51.39,37,72
35,0.55,5.0,2.0,1.4,200.0,250.0,True,123,20.5,5545.37,1.614,36.59,1153.24,4.81,54.17,39,72
35,0.55,5.0,2.0,1.4,250.0,250.0,True,128,21.3,5760.04,1.615,36.72,1153.24,4.99,52.78,38,72
35,0.55,5.0,2.0,1.4,300.0,300.0,True,151,25.2,6906.77,1.633,37.75,1233.05,5.6,52.78,38,72
35,0.55,5.0,2.0,1.45,0.0,0.0,True,231,38.5,8105.79,1.41,35.5,2326.14,3.48,54.17,39,72
35,0.55,5.0,2.0,1.45,200.0,250.0,True,139,23.2,5828.55,1.585,38.13,1576.69,3.7,59.72,43,72
35,0.55,5.0,2.0,1.45,250.0,250.0,True,147,24.5,6161.6,1.59,38.1,1576.69,3.91,58.33,42,72
35,0.55,5.0,2.0,1.45,300.0,300.0,True,169,28.2,6084.85,1.489,36.69,1576.69,3.86,55.56,40,72
35,0.55,5.0,2.0,,0.0,0.0,False,503,83.8,7391.61,1.17,33.4,5257.68,1.41,58.33,42,72
35,0.55,5.0,2.0,,200.0,250.0,False,200,33.3,3462.9,1.238,36.0,1646.81,2.1,55.56,40,72
35,0.55,5.0,2.0,,250.0,250.0,False,209,34.8,3133.85,1.205,35.41,1666.02,1.88,54.17,39,72
35,0.55,5.0,2.0,,300.0,300.0,False,271,45.2,2647.61,1.129,33.58,2507.0,1.06,52.78,38,72
35,0.55,5.0,2.5,1.35,0.0,0.0,True,143,23.8,8422.29,1.629,42.66,1537.06,5.48,48.61,35,72
35,0.55,5.0,2.5,1.35,200.0,250.0,True,98,16.3,4563.84,1.534,40.82,1282.87,3.56,50.0,36,72
35,0.55,5.0,2.5,1.35,250.0,250.0,True,102,17.0,4345.86,1.482,40.2,1282.87,3.39,48.61,35,72
35,0.55,5.0,2.5,1.35,300.0,300.0,True,117,19.5,4873.64,1.466,40.17,1851.36,2.63,47.22,34,72
35,0.55,5.0,2.5,1.4,0.0,0.0,True,186,31.0,11790.43,1.703,42.47,1619.36,7.28,55.56,40,72
35,0.55,5.0,2.5,1.4,200.0,250.0,True,112,18.7,5114.37,1.541,41.07,1129.75,4.53,52.78,38,72
35,0.55,5.0,2.5,1.4,250.0,250.0,True,118,19.7,5433.52,1.551,41.53,906.66,5.99,51.39,37,72
35,0.55,5.0,2.5,1.4,300.0,300.0,True,138,23.0,5732.75,1.484,40.58,1434.2,4.0,51.39,37,72
35,0.55,5.0,2.5,1.45,0.0,0.0,True,223,37.2,9944.42,1.463,40.81,1810.98,5.49,55.56,40,72
35,0.55,5.0,2.5,1.45,200.0,250.0,True,132,22.0,5173.02,1.472,41.67,1736.2,2.98,56.94,41,72
35,0.55,5.0,2.5,1.45,250.0,250.0,True,139,23.2,5059.18,1.438,41.01,1736.2,2.91,54.17,39,72
35,0.55,5.0,2.5,1.45,300.0,300.0,True,162,27.0,5930.56,1.433,41.36,1639.22,3.62,54.17,39,72
35,0.55,5.0,2.5,,0.0,0.0,False,474,79.0,10351.93,1.221,39.03,3130.56,3.31,54.17,39,72
35,0.55,5.0,2.5,,200.0,250.0,False,176,29.3,2175.79,1.144,39.77,1724.77,1.26,52.78,38,72
35,0.55,5.0,2.5,,250.0,250.0,False,183,30.5,2716.55,1.174,40.44,1724.77,1.58,52.78,38,72
35,0.55,5.0,2.5,,300.0,300.0,False,242,40.3,205.87,1.009,35.95,2940.3,0.07,47.22,34,72
35,0.6,3.5,1.5,1.35,0.0,0.0,True,153,25.5,5732.31,1.601,36.6,1516.52,3.78,44.44,32,72
35,0.6,3.5,1.5,1.35,200.0,250.0,True,126,21.0,2653.02,1.357,34.13,1588.63,1.67,45.83,33,72
35,0.6,3.5,1.5,1.35,250.0,250.0,True,134,22.3,2221.58,1.273,32.84,1752.74,1.27,44.44,32,72
35,0.6,3.5,1.5,1.35,300.0,300.0,True,142,23.7,2431.3,1.271,33.8,1551.84,1.57,43.06,31,72
35,0.6,3.5,1.5,1.4,0.0,0.0,True,204,34.0,5538.83,1.441,34.31,1605.95,3.45,51.39,37,72
35,0.6,3.5,1.5,1.4,200.0,250.0,True,162,27.0,1960.05,1.209,32.72,1335.95,1.47,51.39,37,72
35,0.6,3.5,1.5,1.4,250.0,250.0,True,171,28.5,1435.5,1.141,31.58,1497.6,0.96,50.0,36,72
35,0.6,3.5,1.5,1.4,300.0,300.0,True,185,30.8,1715.73,1.15,32.43,1362.86,1.26,50.0,36,72
35,0.6,3.5,1.5,1.45,0.0,0.0,True,241,40.2,5105.88,1.334,34.02,1524.45,3.35,54.17,39,72
35,0.6,3.5,1.5,1.45,200.0,250.0,True,186,31.0,2228.0,1.209,32.8,1106.85,2.01,55.56,40,72
35,0.6,3.5,1.5,1.45,250.0,250.0,True,198,33.0,2088.35,1.18,32.32,1106.85,1.89,54.17,39,72
35,0.6,3.5,1.5,1.45,300.0,300.0,True,215,35.8,2136.75,1.164,32.56,1281.36,1.67,52.78,38,72
35,0.6,3.5,1.5,,0.0,0.0,False,533,88.8,7490.87,1.227,34.52,2117.71,3.54,55.56,40,72
35,0.6,3.5,1.5,,200.0,250.0,False,313,52.2,2159.84,1.122,34.19,1858.66,1.16,51.39,37,72
35,0.6,3.5,1.5,,250.0,250.0,False,342,57.0,4286.55,1.225,35.09,1858.66,2.31,51.39,37,72
35,0.6,3.5,1.5,,300.0,300.0,False,389,64.8,5830.56,1.26,35.22,1455.29,4.01,54.17,39,72
35,0.6,3.5,2.0,1.35,0.0,0.0,True,153,25.5,6961.44,1.632,45.1,1046.8,6.65,41.67,30,72
35,0.6,3.5,2.0,1.35,200.0,250.0,True,114,19.0,1505.04,1.185,40.35,1808.21,0.83,43.06,31,72
35,0.6,3.5,2.0,1.35,250.0,250.0,True,125,20.8,295.7,1.03,38.4,2010.34,0.15,38.89,28,72
35,0.6,3.5,2.0,1.35,300.0,300.0,True,131,21.8,1133.52,1.114,40.46,1996.58,0.57,38.89,28,72
35,0.6,3.5,2.0,1.4,0.0,0.0,True,203,33.8,6306.81,1.427,41.87,1336.92,4.72,43.06,31,72
35,0.6,3.5,2.0,1.4,200.0,250.0,True,144,24.0,428.9,1.042,38.19,1550.49,0.28,44.44,32,72
35,0.6,3.5,2.0,1.4,250.0,250.0,True,157,26.2,-790.89,0.935,36.94,2186.55,-0.36,40.28,29,72
35,0.6,3.5,2.0,1.4,300.0,300.0,True,167,27.8,-436.85,0.966,37.72,2217.52,-0.2,40.28,29,72
35,0.6,3.5,2.0,1.45,0.0,0.0,True,240,40.0,6313.85,1.353,42.5,1258.68,5.02,51.39,37,72
35,0.6,3.5,2.0,1.45,200.0,250.0,True,163,27.2,1327.81,1.121,39.88,1497.92,0.89,52.78,38,72
35,0.6,3.5,2.0,1.45,250.0,250.0,True,177,29.5,891.67,1.07,40.11,1497.92,0.6,50.0,36,72
35,0.6,3.5,2.0,1.45,300.0,300.0,True,192,32.0,919.78,1.066,40.1,1553.8,0.59,50.0,36,72
35,0.6,3.5,2.0,,0.0,0.0,False,518,86.3,8541.67,1.224,42.08,2380.16,3.59,55.56,40,72
35,0.6,3.5,2.0,,200.0,250.0,False,250,41.7,407.88,1.024,41.2,1691.84,0.24,51.39,37,72
35,0.6,3.5,2.0,,250.0,250.0,False,266,44.3,2736.68,1.16,43.61,1691.84,1.62,52.78,38,72
35,0.6,3.5,2.0,,300.0,300.0,False,314,52.3,3366.78,1.161,42.68,1778.09,1.89,54.17,39,72
35,0.6,3.5,2.5,1.35,0.0,0.0,True,153,25.5,5900.3,1.454,49.02,1284.75,4.59,44.44,32,72
35,0.6,3.5,2.5,1.35,200.0,250.0,True,111,18.5,401.27,1.041,45.05,2058.51,0.19,44.44,32,72
35,0.6,3.5,2.5,1.35,250.0,250.0,True,119,19.8,27.79,1.003,44.54,2307.12,0.01,41.67,30,72
35,0.6,3.5,2.5,1.35,300.0,300.0,True,126,21.0,389.6,1.035,45.24,2552.21,0.15,41.67,30,72
35,0.6,3.5,2.5,1.4,0.0,0.0,True,203,33.8,6261.1,1.372,47.29,1361.16,4.6,41.67,30,72
35,0.6,3.5,2.5,1.4,200.0,250.0,True,140,23.3,-230.41,0.981,44.29,1929.13,-0.12,44.44,32,72
35,0.6,3.5,2.5,1.4,250.0,250.0,True,150,25.0,-282.66,0.978,44.67,2268.39,-0.12,41.67,30,72
35,0.6,3.5,2.5,1.4,300.0,300.0,True,159,26.5,-13.35,0.999,44.65,2284.6,-0.01,40.28,29,72
35,0.6,3.5,2.5,1.45,0.0,0.0,True,240,40.0,7099.3,1.354,48.33,1370.46,5.18,50.0,36,72
35,0.6,3.5,2.5,1.45,200.0,250.0,True,150,25.0,1072.42,1.089,46.67,1560.25,0.69,52.78,38,72
35,0.6,3.5,2.5,1.45,250.0,250.0,True,162,27.0,1423.83,1.11,47.53,1560.25,0.91,50.0,36,72
35,0.6,3.5,2.5,1.45,300.0,300.0,True,178,29.7,1960.35,1.139,47.75,1805.34,1.09,48.61,35,72
35,0.6,3.5,2.5,,0.0,0.0,False,502,83.7,10588.19,1.256,48.41,2654.29,3.99,56.94,41,72
35,0.6,3.5,2.5,,200.0,250.0,False,232,38.7,403.87,1.023,46.98,2031.21,0.2,52.78,38,72
35,0.6,3.5,2.5,,250.0,250.0,False,251,41.8,2247.22,1.122,49.0,2031.21,1.11,52.78,38,72
35,0.6,3.5,2.5,,300.0,300.0,False,281,46.8,2783.31,1.135,49.11,2276.3,1.22,52.78,38,72
35,0.6,4.0,1.5,1.35,0.0,0.0,True,153,25.5,6460.39,1.649,33.99,1496.95,4.32,44.44,32,72
35,0.6,4.0,1.5,1.35,200.0,250.0,True,115,19.2,3377.82,1.488,33.91,1525.32,2.21,44.44,32,72
35,0.6,4.0,1.5,1.35,250.0,250.0,True,133,22.2,3201.45,1.39,31.58,1866.44,1.72,43.06,31,72
35,0.6,4.0,1.5,1.35,300.0,300.0,True,141,23.5,4008.73,1.46,32.62,1504.12,2.67,44.44,32,72
35,0.6,4.0,1.5,1.4,0.0,0.0,True,204,34.0,6267.05,1.479,31.86,1641.98,3.82,54.17,39,72
35,0.6,4.0,1.5,1.4,200.0,250.0,True,152,25.3,2417.33,1.267,31.58,1454.86,1.66,52.78,38,72
35,0.6,4.0,1.5,1.4,250.0,250.0,True,171,28.5,2128.44,1.204,29.82,1694.35,1.26,51.39,37,72
35,0.6,4.0,1.5,1.4,300.0,300.0,True,184,30.7,2813.95,1.25,30.43,1462.2,1.92,54.17,39,72
35,0.6,4.0,1.5,1.45,0.0,0.0,True,241,40.2,6168.32,1.39,31.95,1747.91,3.53,56.94,41,72
35,0.6,4.0,1.5,1.45,200.0,250.0,True,174,29.0,2805.24,1.274,31.61,1393.62,2.01,56.94,41,72
35,0.6,4.0,1.5,1.45,250.0,250.0,True,197,32.8,2856.51,1.242,30.46,1393.62,2.05,55.56,40,72
35,0.6,4.0,1.5,1.45,300.0,300.0,True,213,35.5,3604.43,1.281,30.99,1568.13,2.3,56.94,41,72
35,0.6,4.0,1.5,,0.0,0.0,False,526,87.7,8484.29,1.251,32.32,2513.56,3.38,59.72,43,72
35,0.6,4.0,1.5,,200.0,250.0,False,279,46.5,3731.9,1.234,33.69,1797.74,2.08,59.72,43,72
35,0.6,4.0,1.5,,250.0,250.0,False,316,52.7,4520.36,1.248,33.23,1446.73,3.12,55.56,40,72
35,0.6,4.0,1.5,,300.0,300.0,False,366,61.0,7494.12,1.356,34.15,1387.73,5.4,58.33,42,72
35,0.6,4.0,2.0,1.35,0.0,0.0,True,153,25.5,7246.07,1.614,41.83,1727.4,4.19,43.06,31,72
35,0.6,4.0,2.0,1.35,200.0,250.0,True,108,18.0,2310.3,1.292,38.89,2129.13,1.09,45.83,33,72
35,0.6,4.0,2.0,1.35,250.0,250.0,True,124,20.7,1735.54,1.184,37.1,2250.97,0.77,41.67,30,72
35,0.6,4.0,2.0,1.35,300.0,300.0,True,129,21.5,1618.73,1.159,37.98,2250.97,0.72,40.28,29,72
35,0.6,4.0,2.0,1.4,0.0,0.0,True,203,33.8,6594.17,1.42,38.92,1880.48,3.51,50.0,36,72
35,0.6,4.0,2.0,1.4,200.0,250.0,True,137,22.8,1795.3,1.183,37.96,1603.68,1.12,52.78,38,72
35,0.6,4.0,2.0,1.4,250.0,250.0,True,158,26.3,927.32,1.078,36.08,2186.82,0.42,48.61,35,72
35,0.6,4.0,2.0,1.4,300.0,300.0,True,165,27.5,353.83,1.028,35.76,2186.82,0.16,47.22,34,72
35,0.6,4.0,2.0,1.45,0.0,0.0,True,240,40.0,7055.97,1.375,40.0,2020.82,3.49,55.56,40,72
35,0.6,4.0,2.0,1.45,200.0,250.0,True,154,25.7,2853.39,1.273,39.61,1497.92,1.9,58.33,42,72
35,0.6,4.0,2.0,1.45,250.0,250.0,True,179,29.8,2159.92,1.169,37.99,1497.92,1.44,54.17,39,72
35,0.6,4.0,2.0,1.45,300.0,300.0,True,189,31.5,1828.38,1.13,38.1,1535.97,1.19,54.17,39,72
35,0.6,4.0,2.0,,0.0,0.0,False,510,85.0,8695.31,1.22,39.02,3108.81,2.8,56.94,41,72
35,0.6,4.0,2.0,,200.0,250.0,False,223,37.2,3231.97,1.214,42.15,1594.24,2.03,58.33,42,72
35,0.6,4.0,2.0,,250.0,250.0,False,265,44.2,2374.24,1.13,39.62,1594.24,1.49,52.78,38,72
35,0.6,4.0,2.0,,300.0,300.0,False,294,49.0,4699.5,1.234,40.48,1778.09,2.64,56.94,41,72
35,0.6,4.0,2.5,1.35,0.0,0.0,True,153,25.5,6886.92,1.503,46.41,1857.96,3.71,44.44,32,72
35,0.6,4.0,2.5,1.35,200.0,250.0,True,104,17.3,2047.81,1.234,44.23,2408.6,0.85,47.22,34,72
35,0.6,4.0,2.5,1.35,250.0,250.0,True,118,19.7,725.54,1.066,42.37,2624.07,0.28,41.67,30,72
35,0.6,4.0,2.5,1.35,300.0,300.0,True,125,20.8,1117.99,1.097,43.2,2869.16,0.39,41.67,30,72
35,0.6,4.0,2.5,1.4,0.0,0.0,True,203,33.8,7373.74,1.416,44.83,1645.11,4.48,47.22,34,72
35,0.6,4.0,2.5,1.4,200.0,250.0,True,131,21.8,1875.23,1.175,44.27,1969.9,0.95,51.39,37,72
35,0.6,4.0,2.5,1.4,250.0,250.0,True,148,24.7,558.16,1.042,42.57,2560.69,0.22,47.22,34,72
35,0.6,4.0,2.5,1.4,300.0,300.0,True,159,26.5,697.17,1.05,42.77,2543.76,0.27,45.83,33,72
35,0.6,4.0,2.5,1.45,0.0,0.0,True,240,40.0,8799.74,1.42,46.25,1735.75,5.07,51.39,37,72
35,0.6,4.0,2.5,1.45,200.0,250.0,True,141,23.5,3322.58,1.308,46.81,1522.75,2.18,56.94,41,72
35,0.6,4.0,2.5,1.45,250.0,250.0,True,161,26.8,2577.09,1.194,45.96,2023.31,1.27,51.39,37,72
35,0.6,4.0,2.5,1.45,300.0,300.0,True,177,29.5,2772.55,1.19,45.76,1893.99,1.46,50.0,36,72
35,0.6,4.0,2.5,,0.0,0.0,False,493,82.2,13004.15,1.307,46.25,3156.51,4.12,62.5,45,72
35,0.6,4.0,2.5,,200.0,250.0,False,216,36.0,1545.93,1.091,45.83,1933.61,0.8,56.94,41,72
35,0.6,4.0,2.5,,250.0,250.0,False,246,41.0,2647.24,1.14,46.34,1933.61,1.37,56.94,41,72
35,0.6,4.0,2.5,,300.0,300.0,False,279,46.5,4679.34,1.223,47.67,2178.7,2.15,56.94,41,72
35,0.6,4.5,1.5,1.35,0.0,0.0,True,153,25.5,7907.32,1.781,33.33,1494.96,5.29,47.22,34,72
35,0.6,4.5,1.5,1.35,200.0,250.0,True,112,18.7,3108.8,1.439,31.25,1525.32,2.04,44.44,32,72
35,0.6,4.5,1.5,1.35,250.0,250.0,True,123,20.5,3863.46,1.511,31.71,1588.63,2.43,44.44,32,72
35,0.6,4.5,1.5,1.35,300.0,300.0,True,137,22.8,4327.43,1.506,31.39,1494.96,2.89,45.83,33,72
35,0.6,4.5,1.5,1.4,0.0,0.0,True,204,34.0,7644.88,1.572,30.88,1597.21,4.79,55.56,40,72
35,0.6,4.5,1.5,1.4,200.0,250.0,True,149,24.8,2425.83,1.264,29.53,1412.08,1.72,52.78,38,72
35,0.6,4.5,1.5,1.4,250.0,250.0,True,161,26.8,3047.84,1.311,29.81,1412.08,2.16,52.78,38,72
35,0.6,4.5,1.5,1.4,300.0,300.0,True,181,30.2,3324.03,1.296,29.28,1417.43,2.35,54.17,39,72
35,0.6,4.5,1.5,1.45,0.0,0.0,True,241,40.2,7880.36,1.49,31.12,1600.08,4.92,61.11,44,72
35,0.6,4.5,1.5,1.45,200.0,250.0,True,171,28.5,3398.48,1.329,30.41,1245.79,2.73,58.33,42,72
35,0.6,4.5,1.5,1.45,250.0,250.0,True,187,31.2,3585.27,1.318,29.95,1245.79,2.88,58.33,42,72
35,0.6,4.5,1.5,1.45,300.0,300.0,True,210,35.0,4410.12,1.345,30.0,1420.3,3.11,59.72,43,72
35,0.6,4.5,1.5,,0.0,0.0,False,518,86.3,9557.37,1.278,30.12,2464.8,3.88,59.72,43,72
35,0.6,4.5,1.5,,200.0,250.0,False,273,45.5,4488.37,1.286,31.5,1703.22,2.64,59.72,43,72
35,0.6,4.5,1.5,,250.0,250.0,False,304,50.7,4607.11,1.259,30.92,1371.95,3.36,54.17,39,72
35,0.6,4.5,1.5,,300.0,300.0,False,351,58.5,7021.11,1.348,31.62,1643.57,4.27,56.94,41,72
35,0.6,4.5,2.0,1.35,0.0,0.0,True,151,25.2,9164.05,1.775,41.72,1727.4,5.31,47.22,34,72
35,0.6,4.5,2.0,1.35,200.0,250.0,True,107,17.8,3314.98,1.42,38.32,2129.13,1.56,47.22,34,72
35,0.6,4.5,2.0,1.35,250.0,250.0,True,112,18.7,3834.38,1.473,39.29,2129.13,1.8,47.22,34,72
35,0.6,4.5,2.0,1.35,300.0,300.0,True,126,21.0,3497.76,1.369,38.1,2217.83,1.58,45.83,33,72
35,0.6,4.5,2.0,1.4,0.0,0.0,True,201,33.5,8446.07,1.532,38.31,1880.48,4.49,55.56,40,72
35,0.6,4.5,2.0,1.4,200.0,250.0,True,133,22.2,3048.36,1.318,37.59,1545.88,1.97,56.94,41,72
35,0.6,4.5,2.0,1.4,250.0,250.0,True,142,23.7,3386.65,1.335,38.03,1748.35,1.94,55.56,40,72
35,0.6,4.5,2.0,1.4,300.0,300.0,True,160,26.7,2332.44,1.194,35.62,1962.19,1.19,54.17,39,72
35,0.6,4.5,2.0,1.45,0.0,0.0,True,238,39.7,8535.37,1.443,38.66,2020.82,4.22,56.94,41,72
35,0.6,4.5,2.0,1.45,200.0,250.0,True,153,25.5,3541.8,1.329,37.91,1741.68,2.03,58.33,42,72
35,0.6,4.5,2.0,1.45,250.0,250.0,True,163,27.2,3702.89,1.325,38.04,1907.69,1.94,58.33,42,72
35,0.6,4.5,2.0,1.45,300.0,300.0,True,185,30.8,2893.9,1.211,36.22,1920.98,1.51,56.94,41,72
35,0.6,4.5,2.0,,0.0,0.0,False,498,83.0,10101.87,1.251,36.75,3157.36,3.2,59.72,43,72
35,0.6,4.5,2.0,,200.0,250.0,False,218,36.3,4277.55,1.286,39.91,1496.63,2.86,58.33,42,72
35,0.6,4.5,2.0,,250.0,250.0,False,247,41.2,4316.4,1.252,38.87,1496.63,2.88,52.78,38,72
35,0.6,4.5,2.0,,300.0,300.0,False,289,48.2,5257.57,1.255,38.06,1778.09,2.96,52.78,38,72
35,0.6,4.5,2.5,1.35,0.0,0.0,True,151,25.2,9722.74,1.722,47.02,1857.96,5.23,47.22,34,72
35,0.6,4.5,2.5,1.35,200.0,250.0,True,103,17.2,3129.35,1.357,43.69,2408.6,1.3,50.0,36,72
35,0.6,4.5,2.5,1.35,250.0,250.0,True,108,18.0,3599.1,1.399,44.44,2408.6,1.49,50.0,36,72
35,0.6,4.5,2.5,1.35,300.0,300.0,True,123,20.5,2166.28,1.188,42.28,2836.02,0.76,44.44,32,72
35,0.6,4.5,2.5,1.4,0.0,0.0,True,200,33.3,10480.01,1.6,45.0,1645.11,6.37,56.94,41,72
35,0.6,4.5,2.5,1.4,200.0,250.0,True,126,21.0,3810.22,1.377,45.24,1912.1,1.99,59.72,43,72
35,0.6,4.5,2.5,1.4,250.0,250.0,True,136,22.7,3635.06,1.331,44.12,2163.63,1.68,58.33,42,72
35,0.6,4.5,2.5,1.4,300.0,300.0,True,155,25.8,2085.8,1.15,41.94,2452.82,0.85,54.17,39,72
35,0.6,4.5,2.5,1.45,0.0,0.0,True,237,39.5,11602.92,1.553,45.57,1645.11,7.05,56.94,41,72
35,0.6,4.5,2.5,1.45,200.0,250.0,True,140,23.3,4389.58,1.401,45.71,1864.61,2.35,58.33,42,72
35,0.6,4.5,2.5,1.45,250.0,250.0,True,150,25.0,4170.19,1.353,44.67,2070.57,2.01,56.94,41,72
35,0.6,4.5,2.5,1.45,300.0,300.0,True,173,28.8,3303.2,1.224,43.35,2039.89,1.62,54.17,39,72
35,0.6,4.5,2.5,,0.0,0.0,False,477,79.5,16434.4,1.388,44.65,2936.62,5.6,59.72,43,72
35,0.6,4.5,2.5,,200.0,250.0,False,202,33.7,3562.72,1.222,45.54,1836.0,1.94,58.33,42,72
35,0.6,4.5,2.5,,250.0,250.0,False,229,38.2,3391.94,1.185,44.1,1836.0,1.85,52.78,38,72
35,0.6,4.5,2.5,,300.0,300.0,False,271,45.2,3931.87,1.181,43.54,2081.09,1.89,56.94,41,72
35,0.6,5.0,1.5,1.35,0.0,0.0,True,152,25.3,5690.08,1.524,28.29,1508.87,3.77,40.28,29,72
35,0.6,5.0,1.5,1.35,200.0,250.0,True,117,19.5,2398.25,1.302,26.5,1681.0,1.43,37.5,27,72
35,0.6,5.0,1.5,1.35,250.0,250.0,True,119,19.8,2559.92,1.319,26.89,1525.32,1.68,37.5,27,72
35,0.6,5.0,1.5,1.35,300.0,300.0,True,136,22.7,3669.07,1.41,27.21,1494.96,2.45,38.89,28,72
35,0.6,5.0,1.5,1.4,0.0,0.0,True,203,33.8,5127.76,1.36,25.62,1929.87,2.66,45.83,33,72
35,0.6,5.0,1.5,1.4,200.0,250.0,True,148,24.7,1316.18,1.135,23.65,2531.83,0.52,43.06,31,72
35,0.6,5.0,1.5,1.4,250.0,250.0,True,152,25.3,1526.51,1.154,24.34,2321.5,0.66,43.06,31,72
35,0.6,5.0,1.5,1.4,300.0,300.0,True,179,29.8,2861.6,1.248,25.14,2022.15,1.42,44.44,32,72
35,0.6,5.0,1.5,1.45,0.0,0.0,True,240,40.0,5139.97,1.3,25.83,1730.48,2.97,51.39,37,72
35,0.6,5.0,1.5,1.45,200.0,250.0,True,168,28.0,2018.64,1.186,24.4,1779.9,1.13,48.61,35,72
35,0.6,5.0,1.5,1.45,250.0,250.0,True,175,29.2,1954.16,1.173,24.57,1587.9,1.23,48.61,35,72
35,0.6,5.0,1.5,1.45,300.0,300.0,True,207,34.5,3412.25,1.258,25.12,1478.83,2.31,50.0,36,72
35,0.6,5.0,1.5,,0.0,0.0,False,513,85.5,7966.64,1.225,26.9,2375.61,3.35,58.33,42,72
35,0.6,5.0,1.5,,200.0,250.0,False,246,41.0,5824.57,1.405,30.49,1453.46,4.01,59.72,43,72
35,0.6,5.0,1.5,,250.0,250.0,False,281,46.8,5126.07,1.306,28.83,1453.46,3.53,56.94,41,72
35,0.6,5.0,1.5,,300.0,300.0,False,337,56.2,6839.05,1.34,28.78,1643.57,4.16,59.72,43,72
35,0.6,5.0,2.0,1.35,0.0,0.0,True,150,25.0,7040.1,1.55,36.67,2002.52,3.52,43.06,31,72
35,0.6,5.0,2.0,1.35,200.0,250.0,True,112,18.7,2969.58,1.333,33.93,2129.13,1.39,43.06,31,72
35,0.6,5.0,2.0,1.35,250.0,250.0,True,114,19.0,3111.68,1.346,34.21,2129.13,1.46,43.06,31,72
35,0.6,5.0,2.0,1.35,300.0,300.0,True,125,20.8,3151.91,1.318,34.4,2129.13,1.48,41.67,30,72
35,0.6,5.0,2.0,1.4,0.0,0.0,True,199,33.2,6081.93,1.358,33.17,2155.6,2.82,51.39,37,72
35,0.6,5.0,2.0,1.4,200.0,250.0,True,134,22.3,2024.94,1.193,31.34,1666.98,1.21,50.0,36,72
35,0.6,5.0,2.0,1.4,250.0,250.0,True,136,22.7,2411.25,1.229,32.35,1663.38,1.45,50.0,36,72
35,0.6,5.0,2.0,1.4,300.0,300.0,True,155,25.8,2086.73,1.171,31.61,1776.13,1.17,50.0,36,72
35,0.6,5.0,2.0,1.45,0.0,0.0,True,236,39.3,5961.98,1.29,33.47,2295.94,2.6,52.78,38,72
35,0.6,5.0,2.0,1.45,200.0,250.0,True,151,25.2,3036.08,1.268,33.11,1683.9,1.8,55.56,40,72
35,0.6,5.0,2.0,1.45,250.0,250.0,True,157,26.2,3324.05,1.284,33.76,1683.9,1.97,54.17,39,72
35,0.6,5.0,2.0,1.45,300.0,300.0,True,179,29.8,3083.53,1.224,32.96,1832.48,1.68,52.78,38,72
35,0.6,5.0,2.0,,0.0,0.0,False,490,81.7,8732.55,1.21,33.27,3107.26,2.81,58.33,42,72
35,0.6,5.0,2.0,,200.0,250.0,False,207,34.5,5406.15,1.367,38.65,1399.04,3.86,61.11,44,72
35,0.6,5.0,2.0,,250.0,250.0,False,227,37.8,4766.65,1.291,37.0,1424.75,3.35,58.33,42,72
35,0.6,5.0,2.0,,300.0,300.0,False,272,45.3,5091.65,1.252,36.03,1778.09,2.86,55.56,40,72
35,0.6,5.0,2.5,1.35,0.0,0.0,True,150,25.0,7622.46,1.519,42.0,1857.96,4.1,44.44,32,72
35,0.6,5.0,2.5,1.35,200.0,250.0,True,105,17.5,2203.59,1.223,38.1,2408.6,0.91,44.44,32,72
35,0.6,5.0,2.5,1.35,250.0,250.0,True,107,17.8,1937.73,1.191,37.38,2408.6,0.8,44.44,32,72
35,0.6,5.0,2.5,1.35,300.0,300.0,True,120,20.0,2334.47,1.206,38.33,2653.69,0.88,44.44,32,72
35,0.6,5.0,2.5,1.4,0.0,0.0,True,197,32.8,8475.89,1.455,40.1,1645.11,5.15,55.56,40,72
35,0.6,5.0,2.5,1.4,200.0,250.0,True,122,20.3,1980.47,1.179,36.89,1854.32,1.07,54.17,39,72
35,0.6,5.0,2.5,1.4,250.0,250.0,True,124,20.7,1978.39,1.176,37.1,1854.32,1.07,54.17,39,72
35,0.6,5.0,2.5,1.4,300.0,300.0,True,149,24.8,2425.97,1.18,37.58,2057.06,1.18,55.56,40,72
35,0.6,5.0,2.5,1.45,0.0,0.0,True,234,39.0,9479.71,1.423,40.6,1645.11,5.76,56.94,41,72
35,0.6,5.0,2.5,1.45,200.0,250.0,True,136,22.7,3610.36,1.312,40.44,1804.41,2.0,56.94,41,72
35,0.6,5.0,2.5,1.45,250.0,250.0,True,140,23.3,4197.78,1.359,41.43,1804.41,2.33,56.94,41,72
35,0.6,5.0,2.5,1.45,300.0,300.0,True,166,27.7,5111.98,1.369,41.57,1951.39,2.62,59.72,43,72
35,0.6,5.0,2.5,,0.0,0.0,False,465,77.5,15953.35,1.368,41.51,2884.12,5.53,58.33,42,72
35,0.6,5.0,2.5,,200.0,250.0,False,181,30.2,3549.34,1.233,43.09,1738.41,2.04,58.33,42,72
35,0.6,5.0,2.5,,250.0,250.0,False,202,33.7,4142.4,1.247,43.07,1738.41,2.38,56.94,41,72
35,0.6,5.0,2.5,,300.0,300.0,False,249,41.5,5909.91,1.288,42.97,1983.5,2.98,59.72,43,72
35,0.65,3.5,1.5,1.35,0.0,0.0,True,177,29.5,5922.94,1.574,38.42,962.1,6.16,54.17,39,72
35,0.65,3.5,1.5,1.35,200.0,250.0,True,151,25.2,3441.56,1.426,35.76,1267.6,2.72,51.39,37,72
35,0.65,3.5,1.5,1.35,250.0,250.0,True,156,26.0,3315.22,1.392,35.26,1280.37,2.59,51.39,37,72
35,0.65,3.5,1.5,1.35,300.0,300.0,True,160,26.7,3843.85,1.448,36.25,1074.53,3.58,52.78,38,72
35,0.65,3.5,1.5,1.4,0.0,0.0,True,228,38.0,8181.48,1.629,38.16,1019.13,8.03,58.33,42,72
35,0.65,3.5,1.5,1.4,200.0,250.0,True,178,29.7,3399.74,1.36,35.39,761.65,4.46,56.94,41,72
35,0.65,3.5,1.5,1.4,250.0,250.0,True,186,31.0,2883.91,1.283,34.41,1143.41,2.52,55.56,40,72
35,0.65,3.5,1.5,1.4,300.0,300.0,True,202,33.7,3924.86,1.362,35.64,1088.43,3.61,56.94,41,72
35,0.65,3.5,1.5,1.45,0.0,0.0,True,257,42.8,7367.53,1.476,36.19,1310.69,5.62,55.56,40,72
35,0.65,3.5,1.5,1.45,200.0,250.0,True,199,33.2,2744.38,1.251,33.67,888.63,3.09,54.17,39,72
35,0.65,3.5,1.5,1.45,250.0,250.0,True,210,35.0,2213.0,1.186,32.86,1148.95,1.93,52.78,38,72
35,0.65,3.5,1.5,1.45,300.0,300.0,True,226,37.7,2899.82,1.225,33.63,1148.95,2.52,54.17,39,72
35,0.65,3.5,1.5,,0.0,0.0,False,510,85.0,8459.27,1.272,35.69,1886.32,4.48,55.56,40,72
35,0.65,3.5,1.5,,200.0,250.0,False,298,49.7,2157.28,1.13,33.89,1346.1,1.6,50.0,36,72
35,0.65,3.5,1.5,,250.0,250.0,False,316,52.7,2410.38,1.136,33.86,1399.87,1.72,50.0,36,72
35,0.65,3.5,1.5,,300.0,300.0,False,353,58.8,3986.57,1.205,35.41,1128.89,3.53,55.56,40,72
35,0.65,3.5,2.0,1.35,0.0,0.0,True,177,29.5,4814.43,1.375,42.37,1504.88,3.2,48.61,35,72
35,0.65,3.5,2.0,1.35,200.0,250.0,True,144,24.0,1810.58,1.186,38.19,2343.17,0.77,50.0,36,72
35,0.65,3.5,2.0,1.35,250.0,250.0,True,149,24.8,2078.89,1.204,38.26,2359.57,0.88,48.61,35,72
35,0.65,3.5,2.0,1.35,300.0,300.0,True,155,25.8,2976.65,1.29,40.0,2306.59,1.29,48.61,35,72
35,0.65,3.5,2.0,1.4,0.0,0.0,True,228,38.0,7584.45,1.478,42.98,1299.72,5.84,51.39,37,72
35,0.65,3.5,2.0,1.4,200.0,250.0,True,175,29.2,2142.2,1.186,39.43,1691.49,1.27,51.39,37,72
35,0.65,3.5,2.0,1.4,250.0,250.0,True,183,30.5,2473.91,1.202,39.34,1644.49,1.5,50.0,36,72
35,0.65,3.5,2.0,1.4,300.0,300.0,True,188,31.3,3415.93,1.278,40.43,1514.04,2.26,50.0,36,72
35,0.65,3.5,2.0,1.45,0.0,0.0,True,257,42.8,7145.59,1.383,42.02,1347.45,5.3,48.61,35,72
35,0.65,3.5,2.0,1.45,200.0,250.0,True,193,32.2,864.48,1.066,38.34,1787.61,0.48,48.61,35,72
35,0.65,3.5,2.0,1.45,250.0,250.0,True,201,33.5,1484.27,1.109,38.81,1678.49,0.88,47.22,34,72
35,0.65,3.5,2.0,1.45,300.0,300.0,True,211,35.2,2898.7,1.206,39.81,1076.67,2.69,48.61,35,72
35,0.65,3.5,2.0,,0.0,0.0,False,501,83.5,9331.88,1.257,42.71,2026.29,4.61,52.78,38,72
35,0.65,3.5,2.0,,200.0,250.0,False,267,44.5,1422.88,1.082,41.57,1575.63,0.9,52.78,38,72
35,0.65,3.5,2.0,,250.0,250.0,False,283,47.2,3291.29,1.185,43.11,1575.63,2.09,52.78,38,72
35,0.65,3.5,2.0,,300.0,300.0,False,314,52.3,4915.28,1.246,43.31,1219.02,4.03,55.56,40,72
35,0.65,3.5,2.5,1.35,0.0,0.0,True,175,29.2,8017.96,1.613,50.86,1272.43,6.3,61.11,44,72
35,0.65,3.5,2.5,1.35,200.0,250.0,True,135,22.5,4501.02,1.482,49.63,1174.65,3.83,61.11,44,72
35,0.65,3.5,2.5,1.35,250.0,250.0,True,142,23.7,4239.05,1.422,48.59,1174.65,3.61,59.72,43,72
35,0.65,3.5,2.5,1.35,300.0,300.0,True,148,24.7,5466.45,1.539,50.0,1206.12,4.53,61.11,44,72
35,0.65,3.5,2.5,1.4,0.0,0.0,True,226,37.7,10990.63,1.668,50.88,1352.48,8.13,59.72,43,72
35,0.65,3.5,2.5,1.4,200.0,250.0,True,158,26.3,3926.21,1.359,48.73,905.64,4.34,59.72,43,72
35,0.65,3.5,2.5,1.4,250.0,250.0,True,168,28.0,3818.79,1.323,48.21,905.64,4.22,58.33,42,72
35,0.65,3.5,2.5,1.4,300.0,300.0,True,187,31.2,5610.9,1.431,49.73,1185.4,4.73,61.11,44,72
35,0.65,3.5,2.5,1.45,0.0,0.0,True,255,42.5,10523.01,1.535,49.8,1296.34,8.12,56.94,41,72
35,0.65,3.5,2.5,1.45,200.0,250.0,True,169,28.2,2003.19,1.161,46.75,1237.94,1.62,55.56,40,72
35,0.65,3.5,2.5,1.45,250.0,250.0,True,181,30.2,2080.4,1.155,46.41,1237.94,1.68,54.17,39,72
35,0.65,3.5,2.5,1.45,300.0,300.0,True,201,33.5,3910.28,1.269,48.26,1667.38,2.35,56.94,41,72
35,0.65,3.5,2.5,,0.0,0.0,False,483,80.5,13432.05,1.35,49.48,1846.61,7.27,62.5,45,72
35,0.65,3.5,2.5,,200.0,250.0,False,214,35.7,2314.58,1.148,49.53,1872.77,1.24,56.94,41,72
35,0.65,3.5,2.5,,250.0,250.0,False,235,39.2,3708.01,1.223,50.21,1675.85,2.21,56.94,41,72
35,0.65,3.5,2.5,,300.0,300.0,False,271,45.2,5588.58,1.297,51.29,1964.89,2.84,59.72,43,72
35,0.65,4.0,1.5,1.35,0.0,0.0,True,177,29.5,6978.52,1.653,35.59,1135.08,6.15,51.39,37,72
35,0.65,4.0,1.5,1.35,200.0,250.0,True,144,24.0,4830.66,1.629,34.72,1202.32,4.02,50.0,36,72
35,0.65,4.0,1.5,1.35,250.0,250.0,True,155,25.8,4155.03,1.48,32.9,1401.24,2.97,47.22,34,72
35,0.65,4.0,1.5,1.35,300.0,300.0,True,160,26.7,4349.39,1.486,33.12,1264.02,3.44,48.61,35,72
35,0.65,4.0,1.5,1.4,0.0,0.0,True,228,38.0,9952.67,1.744,35.96,1150.33,8.65,56.94,41,72
35,0.65,4.0,1.5,1.4,200.0,250.0,True,168,28.0,5479.74,1.627,35.71,875.5,6.26,58.33,42,72
35,0.65,4.0,1.5,1.4,250.0,250.0,True,186,31.0,4125.05,1.398,32.8,1221.24,3.38,54.17,39,72
35,0.65,4.0,1.5,1.4,300.0,300.0,True,200,33.3,4470.02,1.402,33.0,1034.06,4.32,55.56,40,72
35,0.65,4.0,1.5,1.45,0.0,0.0,True,257,42.8,9113.15,1.573,33.85,1485.42,6.14,52.78,38,72
35,0.65,4.0,1.5,1.45,200.0,250.0,True,186,31.0,3847.83,1.376,32.8,980.12,3.93,54.17,39,72
35,0.65,4.0,1.5,1.45,250.0,250.0,True,208,34.7,2878.39,1.238,30.77,1410.43,2.04,50.0,36,72
35,0.65,4.0,1.5,1.45,300.0,300.0,True,225,37.5,3709.59,1.279,31.11,1358.24,2.73,51.39,37,72
35,0.65,4.0,1.5,,0.0,0.0,False,503,83.8,10241.26,1.324,33.0,1793.56,5.71,59.72,43,72
35,0.65,4.0,1.5,,200.0,250.0,False,272,45.3,3030.07,1.198,32.72,1849.32,1.64,56.94,41,72
35,0.65,4.0,1.5,,250.0,250.0,False,298,49.7,3527.63,1.211,32.21,1346.1,2.62,51.39,37,72
35,0.65,4.0,1.5,,300.0,300.0,False,353,58.8,4165.28,1.205,32.01,1238.58,3.36,52.78,38,72
35,0.65,4.0,2.0,1.35,0.0,0.0,True,177,29.5,5954.05,1.447,39.55,1587.27,3.75,48.61,35,72
35,0.65,4.0,2.0,1.35,200.0,250.0,True,136,22.7,3735.78,1.414,38.24,1511.04,2.47,52.78,38,72
35,0.65,4.0,2.0,1.35,250.0,250.0,True,148,24.7,2668.22,1.257,35.81,2366.01,1.13,48.61,35,72
35,0.65,4.0,2.0,1.35,300.0,300.0,True,154,25.7,3267.64,1.304,36.36,2426.71,1.35,48.61,35,72
35,0.65,4.0,2.0,1.4,0.0,0.0,True,228,38.0,8540.67,1.511,39.91,1478.88,5.78,51.39,37,72
35,0.65,4.0,2.0,1.4,200.0,250.0,True,164,27.3,4673.47,1.446,40.24,1073.22,4.35,56.94,41,72
35,0.65,4.0,2.0,1.4,250.0,250.0,True,182,30.3,2788.95,1.22,36.81,2233.21,1.25,50.0,36,72
35,0.65,4.0,2.0,1.4,300.0,300.0,True,187,31.2,3580.95,1.278,37.43,2233.21,1.6,50.0,36,72
35,0.65,4.0,2.0,1.45,0.0,0.0,True,257,42.8,7979.55,1.406,38.52,2064.91,3.86,50.0,36,72
35,0.65,4.0,2.0,1.45,200.0,250.0,True,182,30.3,3023.79,1.248,37.91,1678.49,1.8,52.78,38,72
35,0.65,4.0,2.0,1.45,250.0,250.0,True,200,33.3,2040.24,1.146,36.0,1678.49,1.22,47.22,34,72
35,0.65,4.0,2.0,1.45,300.0,300.0,True,210,35.0,3508.29,1.241,36.67,1418.62,2.47,48.61,35,72
35,0.65,4.0,2.0,,0.0,0.0,False,493,82.2,10731.63,1.287,39.55,1863.92,5.76,54.17,39,72
35,0.65,4.0,2.0,,200.0,250.0,False,242,40.3,2533.86,1.155,40.08,1575.63,1.61,56.94,41,72
35,0.65,4.0,2.0,,250.0,250.0,False,282,47.0,2664.57,1.141,38.65,1575.63,1.69,52.78,38,72
35,0.65,4.0,2.0,,300.0,300.0,False,312,52.0,6324.42,1.308,40.71,1285.16,4.92,56.94,41,72
35,0.65,4.0,2.5,1.35,0.0,0.0,True,174,29.0,8224.99,1.594,47.13,1392.39,5.91,56.94,41,72
35,0.65,4.0,2.5,1.35,200.0,250.0,True,126,21.0,5388.47,1.61,47.62,1285.68,4.19,58.33,42,72
35,0.65,4.0,2.5,1.35,250.0,250.0,True,139,23.2,5116.29,1.498,46.04,1342.95,3.81,55.56,40,72
35,0.65,4.0,2.5,1.35,300.0,300.0,True,148,24.7,6128.47,1.57,46.62,1362.16,4.5,56.94,41,72
35,0.65,4.0,2.5,1.4,0.0,0.0,True,225,37.5,11007.4,1.623,47.11,1536.17,7.17,55.56,40,72
35,0.65,4.0,2.5,1.4,200.0,250.0,True,147,24.5,5626.81,1.561,48.3,842.0,6.68,62.5,45,72
35,0.65,4.0,2.5,1.4,250.0,250.0,True,164,27.3,4243.43,1.344,45.12,1583.35,2.68,55.56,40,72
35,0.65,4.0,2.5,1.4,300.0,300.0,True,187,31.2,5537.97,1.394,45.99,1546.22,3.58,56.94,41,72
35,0.65,4.0,2.5,1.45,0.0,0.0,True,254,42.3,10433.6,1.495,45.67,1992.28,5.24,51.39,37,72
35,0.65,4.0,2.5,1.45,200.0,250.0,True,158,26.3,3198.82,1.273,44.94,1237.94,2.58,56.94,41,72
35,0.65,4.0,2.5,1.45,250.0,250.0,True,176,29.3,3043.62,1.225,43.75,1241.82,2.45,51.39,37,72
35,0.65,4.0,2.5,1.45,300.0,300.0,True,199,33.2,3928.95,1.256,44.22,1629.88,2.41,52.78,38,72
35,0.65,4.0,2.5,,0.0,0.0,False,473,78.8,14011.25,1.352,45.88,1780.49,7.87,58.33,42,72
35,0.65,4.0,2.5,,200.0,250.0,False,204,34.0,2946.2,1.188,46.57,1894.32,1.56,58.33,42,72
35,0.65,4.0,2.5,,250.0,250.0,False,224,37.3,4632.05,1.278,47.77,1675.85,2.76,56.94,41,72
35,0.65,4.0,2.5,,300.0,300.0,False,265,44.2,6172.08,1.316,47.92,1964.89,3.14,56.94,41,72
35,0.65,4.5,1.5,1.35,0.0,0.0,True,177,29.5,6951.31,1.617,32.77,1290.36,5.39,52.78,38,72
35,0.65,4.5,1.5,1.35,200.0,250.0,True,141,23.5,4118.3,1.51,31.21,1435.8,2.87,52.78,38,72
35,0.65,4.5,1.5,1.35,250.0,250.0,True,156,26.0,4459.68,1.493,30.77,1732.85,2.57,50.0,36,72
35,0.65,4.5,1.5,1.35,300.0,300.0,True,162,27.0,4576.76,1.482,30.86,1502.2,3.05,51.39,37,72
35,0.65,4.5,1.5,1.4,0.0,0.0,True,228,38.0,10228.84,1.727,33.33,1263.84,8.09,61.11,44,72
35,0.65,4.5,1.5,1.4,200.0,250.0,True,162,27.0,4084.36,1.447,31.48,1178.35,3.47,61.11,44,72
35,0.65,4.5,1.5,1.4,250.0,250.0,True,182,30.3,4907.4,1.477,31.32,1178.35,4.16,58.33,42,72
35,0.65,4.5,1.5,1.4,300.0,300.0,True,201,33.5,5331.32,1.466,31.34,1335.78,3.99,59.72,43,72
35,0.65,4.5,1.5,1.45,0.0,0.0,True,257,42.8,9601.61,1.579,31.52,1678.23,5.72,56.94,41,72
35,0.65,4.5,1.5,1.45,200.0,250.0,True,181,30.2,2702.9,1.254,29.28,1336.86,2.02,56.94,41,72
35,0.65,4.5,1.5,1.45,250.0,250.0,True,205,34.2,3138.78,1.256,28.78,1669.98,1.88,54.17,39,72
35,0.65,4.5,1.5,1.45,300.0,300.0,True,223,37.2,4001.17,1.301,29.15,1684.49,2.38,56.94,41,72
35,0.65,4.5,1.5,,0.0,0.0,False,499,83.2,10159.65,1.309,30.46,1907.8,5.33,54.17,39,72
35,0.65,4.5,1.5,,200.0,250.0,False,257,42.8,3571.55,1.241,30.74,1417.47,2.52,55.56,40,72
35,0.65,4.5,1.5,,250.0,250.0,False,285,47.5,3532.24,1.214,30.18,1386.16,2.55,50.0,36,72
35,0.65,4.5,1.5,,300.0,300.0,False,333,55.5,5322.11,1.279,30.63,1414.76,3.76,51.39,37,72
35,0.65,4.5,2.0,1.35,0.0,0.0,True,177,29.5,5940.33,1.422,36.72,2418.99,2.46,51.39,37,72
35,0.65,4.5,2.0,1.35,200.0,250.0,True,136,22.7,3941.66,1.413,36.03,1672.24,2.36,51.39,37,72
35,0.65,4.5,2.0,1.35,250.0,250.0,True,147,24.5,3035.8,1.283,34.01,2746.47,1.11,48.61,35,72
35,0.65,4.5,2.0,1.35,300.0,300.0,True,154,25.7,2495.52,1.218,33.12,3136.36,0.8,48.61,35,72
35,0.65,4.5,2.0,1.4,0.0,0.0,True,228,38.0,8529.27,1.482,36.84,2424.61,3.52,59.72,43,72
35,0.65,4.5,2.0,1.4,200.0,250.0,True,160,26.7,4431.65,1.403,36.88,1285.27,3.45,59.72,43,72
35,0.65,4.5,2.0,1.4,250.0,250.0,True,177,29.5,3562.16,1.285,35.03,2110.52,1.69,56.94,41,72
35,0.65,4.5,2.0,1.4,300.0,300.0,True,185,30.8,3008.54,1.225,34.05,2448.12,1.23,56.94,41,72
35,0.65,4.5,2.0,1.45,0.0,0.0,True,257,42.8,7361.81,1.351,35.02,2944.61,2.5,54.17,39,72
35,0.65,4.5,2.0,1.45,200.0,250.0,True,178,29.7,2646.36,1.208,34.83,2097.99,1.26,52.78,38,72
35,0.65,4.5,2.0,1.45,250.0,250.0,True,199,33.2,1245.17,1.084,32.66,3109.7,0.4,50.0,36,72
35,0.65,4.5,2.0,1.45,300.0,300.0,True,211,35.2,1540.29,1.097,32.23,2853.48,0.54,51.39,37,72
35,0.65,4.5,2.0,,0.0,0.0,False,484,80.7,9817.7,1.252,36.36,2531.32,3.88,54.17,39,72
35,0.65,4.5,2.0,,200.0,250.0,False,229,38.2,3169.34,1.195,37.99,1666.92,1.9,58.33,42,72
35,0.65,4.5,2.0,,250.0,250.0,False,252,42.0,3575.75,1.202,37.7,1575.63,2.27,54.17,39,72
35,0.65,4.5,2.0,,300.0,300.0,False,300,50.0,5079.96,1.24,37.0,1334.86,3.81,55.56,40,72
35,0.65,4.5,2.5,1.35,0.0,0.0,True,172,28.7,9660.22,1.683,45.35,1286.25,7.51,55.56,40,72
35,0.65,4.5,2.5,1.35,200.0,250.0,True,123,20.5,6332.91,1.712,46.34,1209.06,5.24,58.33,42,72
35,0.65,4.5,2.5,1.35,250.0,250.0,True,134,22.3,5812.49,1.573,44.78,1361.74,4.27,55.56,40,72
35,0.65,4.5,2.5,1.35,300.0,300.0,True,144,24.0,6020.63,1.541,43.75,1262.72,4.77,55.56,40,72
35,0.65,4.5,2.5,1.4,0.0,0.0,True,223,37.2,12465.51,1.683,44.84,1675.8,7.44,54.17,39,72
35,0.65,4.5,2.5,1.4,200.0,250.0,True,143,23.8,5627.6,1.535,45.45,883.16,6.37,59.72,43,72
35,0.65,4.5,2.5,1.4,250.0,250.0,True,159,26.5,4868.26,1.4,43.4,1263.01,3.85,55.56,40,72
35,0.65,4.5,2.5,1.4,300.0,300.0,True,179,29.8,5536.17,1.395,43.02,1509.33,3.67,56.94,41,72
35,0.65,4.5,2.5,1.45,0.0,0.0,True,252,42.0,11270.17,1.512,42.86,2150.94,5.24,50.0,36,72
35,0.65,4.5,2.5,1.45,200.0,250.0,True,157,26.2,3449.15,1.28,42.68,1554.09,2.22,54.17,39,72
35,0.65,4.5,2.5,1.45,250.0,250.0,True,173,28.8,2275.27,1.161,40.46,1747.58,1.3,50.0,36,72
35,0.65,4.5,2.5,1.45,300.0,300.0,True,192,32.0,3033.04,1.192,40.62,2036.62,1.49,51.39,37,72
35,0.65,4.5,2.5,,0.0,0.0,False,462,77.0,15008.74,1.366,43.07,1780.49,8.43,56.94,41,72
35,0.65,4.5,2.5,,200.0,250.0,False,185,30.8,2909.39,1.193,43.78,1851.48,1.57,58.33,42,72
35,0.65,4.5,2.5,,250.0,250.0,False,208,34.7,3232.05,1.192,42.79,1743.54,1.85,51.39,37,72
35,0.65,4.5,2.5,,300.0,300.0,False,250,41.7,5160.56,1.256,44.0,2032.58,2.54,56.94,41,72
35,0.65,5.0,1.5,1.35,0.0,0.0,True,177,29.5,5705.13,1.473,29.38,1743.49,3.27,48.61,35,72
35,0.65,5.0,1.5,1.35,200.0,250.0,True,137,22.8,4316.04,1.53,29.2,1412.42,3.06,48.61,35,72
35,0.65,5.0,1.5,1.35,250.0,250.0,True,146,24.3,4377.21,1.508,28.77,1461.31,3.0,48.61,35,72
35,0.65,5.0,1.5,1.35,300.0,300.0,True,156,26.0,4110.29,1.433,27.56,2239.92,1.84,45.83,33,72
35,0.65,5.0,1.5,1.4,0.0,0.0,True,228,38.0,8107.61,1.533,29.82,1253.28,6.47,59.72,43,72
35,0.65,5.0,1.5,1.4,200.0,250.0,True,160,26.7,4807.99,1.516,30.0,1154.97,4.16,59.72,43,72
35,0.65,5.0,1.5,1.4,250.0,250.0,True,171,28.5,5020.68,1.51,29.82,1154.97,4.35,59.72,43,72
35,0.65,5.0,1.5,1.4,300.0,300.0,True,197,32.8,5783.08,1.504,29.44,1257.88,4.6,58.33,42,72
35,0.65,5.0,1.5,1.45,0.0,0.0,True,257,42.8,7433.43,1.418,28.02,1536.92,4.84,56.94,41,72
35,0.65,5.0,1.5,1.45,200.0,250.0,True,178,29.7,2479.84,1.226,26.4,1206.73,2.06,56.94,41,72
35,0.65,5.0,1.5,1.45,250.0,250.0,True,189,31.5,3074.88,1.269,26.98,1206.73,2.55,56.94,41,72
35,0.65,5.0,1.5,1.45,300.0,300.0,True,216,36.0,3684.87,1.277,26.39,1838.53,2.0,55.56,40,72
35,0.65,5.0,1.5,,0.0,0.0,False,495,82.5,8853.52,1.26,28.48,3244.11,2.73,61.11,44,72
35,0.65,5.0,1.5,,200.0,250.0,False,245,40.8,4193.0,1.293,29.39,1793.51,2.34,56.94,41,72
35,0.65,5.0,1.5,,250.0,250.0,False,260,43.3,5231.58,1.345,30.38,1700.01,3.08,56.94,41,72
35,0.65,5.0,1.5,,300.0,300.0,False,310,51.7,7487.08,1.424,30.65,1353.74,5.53,61.11,44,72
35,0.65,5.0,2.0,1.35,0.0,0.0,True,177,29.5,5133.93,1.343,33.9,2421.28,2.12,45.83,33,72
35,0.65,5.0,2.0,1.35,200.0,250.0,True,131,21.8,3479.72,1.359,32.06,1943.21,1.79,47.22,34,72
35,0.65,5.0,2.0,1.35,250.0,250.0,True,136,22.7,3638.08,1.363,32.35,2130.98,1.71,47.22,34,72
35,0.65,5.0,2.0,1.35,300.0,300.0,True,149,24.8,2380.67,1.208,30.2,3268.61,0.73,44.44,32,72
35,0.65,5.0,2.0,1.4,0.0,0.0,True,228,38.0,7450.69,1.395,34.21,2219.49,3.36,55.56,40,72
35,0.65,5.0,2.0,1.4,200.0,250.0,True,156,26.0,3815.14,1.335,33.33,1261.89,3.02,55.56,40,72
35,0.65,5.0,2.0,1.4,250.0,250.0,True,166,27.7,4733.0,1.4,34.34,1286.44,3.68,55.56,40,72
35,0.65,5.0,2.0,1.4,300.0,300.0,True,179,29.8,3739.16,1.283,32.4,1996.59,1.87,54.17,39,72
35,0.65,5.0,2.0,1.45,0.0,0.0,True,257,42.8,6237.54,1.281,32.3,2630.67,2.37,50.0,36,72
35,0.65,5.0,2.0,1.45,200.0,250.0,True,173,28.8,1388.18,1.105,30.64,2070.38,0.67,48.61,35,72
35,0.65,5.0,2.0,1.45,250.0,250.0,True,183,30.5,2252.91,1.164,31.69,2144.89,1.05,48.61,35,72
35,0.65,5.0,2.0,1.45,300.0,300.0,True,200,33.3,977.93,1.063,29.5,3136.18,0.31,47.22,34,72
35,0.65,5.0,2.0,,0.0,0.0,False,479,79.8,9742.58,1.243,34.03,2686.5,3.63,55.56,40,72
35,0.65,5.0,2.0,,200.0,250.0,False,205,34.2,3872.85,1.256,37.07,2216.37,1.75,55.56,40,72
35,0.65,5.0,2.0,,250.0,250.0,False,235,39.2,3489.03,1.203,35.74,2114.47,1.65,52.78,38,72
35,0.65,5.0,2.0,,300.0,300.0,False,278,46.3,6432.83,1.322,36.33,1149.33,5.6,56.94,41,72
35,0.65,5.0,2.5,1.35,0.0,0.0,True,170,28.3,10978.69,1.759,43.53,1184.33,9.27,54.17,39,72
35,0.65,5.0,2.5,1.35,200.0,250.0,True,118,19.7,6552.11,1.725,43.22,1366.46,4.79,54.17,39,72
35,0.65,5.0,2.5,1.35,250.0,250.0,True,123,20.5,6549.32,1.694,43.09,1135.82,5.77,54.17,39,72
35,0.65,5.0,2.5,1.35,300.0,300.0,True,135,22.5,6773.96,1.637,42.22,1211.74,5.59,55.56,40,72
35,0.65,5.0,2.5,1.4,0.0,0.0,True,220,36.7,13743.27,1.735,43.18,1558.21,8.82,58.33,42,72
35,0.65,5.0,2.5,1.4,200.0,250.0,True,139,23.2,5461.88,1.497,41.73,1068.86,5.11,56.94,41,72
35,0.65,5.0,2.5,1.4,250.0,250.0,True,146,24.3,5572.24,1.485,41.78,1118.62,4.98,56.94,41,72
35,0.65,5.0,2.5,1.4,300.0,300.0,True,172,28.7,6213.35,1.449,41.28,1336.0,4.65,58.33,42,72
35,0.65,5.0,2.5,1.45,0.0,0.0,True,249,41.5,12537.08,1.556,40.96,2049.35,6.12,55.56,40,72
35,0.65,5.0,2.5,1.45,200.0,250.0,True,153,25.5,3240.07,1.254,39.22,1496.52,2.17,52.78,38,72
35,0.65,5.0,2.5,1.45,250.0,250.0,True,159,26.5,3515.33,1.268,39.62,1496.52,2.35,52.78,38,72
35,0.65,5.0,2.5,1.45,300.0,300.0,True,183,30.5,3982.61,1.26,39.34,1979.05,2.01,54.17,39,72
35,0.65,5.0,2.5,,0.0,0.0,False,454,75.7,17126.13,1.412,41.41,1780.49,9.62,59.72,43,72
35,0.65,5.0,2.5,,200.0,250.0,False,170,28.3,3005.52,1.206,41.76,2675.03,1.12,56.94,41,72
35,0.65,5.0,2.5,,250.0,250.0,False,189,31.5,3567.9,1.226,42.33,2675.03,1.33,55.56,40,72
35,0.65,5.0,2.5,,300.0,300.0,False,237,39.5,4839.71,1.243,41.35,2313.36,2.09,56.94,41,72
35,0.7,3.5,1.5,1.35,0.0,0.0,True,186,31.0,6145.79,1.569,40.32,1083.22,5.67,52.78,38,72
35,0.7,3.5,1.5,1.35,200.0,250.0,True,148,24.7,6323.02,1.924,41.89,741.61,8.53,56.94,41,72
35,0.7,3.5,1.5,1.35,250.0,250.0,True,153,25.5,6441.3,1.901,41.83,741.61,8.69,56.94,41,72
35,0.7,3.5,1.5,1.35,300.0,300.0,True,159,26.5,6469.03,1.856,41.51,799.86,8.09,56.94,41,72
35,0.7,3.5,1.5,1.4,0.0,0.0,True,229,38.2,7081.37,1.532,39.3,1141.19,6.21,52.78,38,72
35,0.7,3.5,1.5,1.4,200.0,250.0,True,182,30.3,4988.66,1.554,39.01,822.73,6.06,55.56,40,72
35,0.7,3.5,1.5,1.4,250.0,250.0,True,192,32.0,5606.77,1.589,39.58,822.73,6.81,55.56,40,72
35,0.7,3.5,1.5,1.4,300.0,300.0,True,195,32.5,6589.7,1.692,40.51,689.87,9.55,55.56,40,72
35,0.7,3.5,1.5,1.45,0.0,0.0,True,266,44.3,9657.8,1.637,39.47,1404.33,6.88,52.78,38,72
35,0.7,3.5,1.5,1.45,200.0,250.0,True,205,34.2,5207.43,1.506,37.07,1022.55,5.09,55.56,40,72
35,0.7,3.5,1.5,1.45,250.0,250.0,True,216,36.0,6080.14,1.569,37.96,1022.55,5.95,55.56,40,72
35,0.7,3.5,1.5,1.45,300.0,300.0,True,219,36.5,6989.19,1.654,38.81,1022.55,6.84,55.56,40,72
35,0.7,3.5,1.5,,0.0,0.0,False,481,80.2,10923.87,1.388,37.01,1908.42,5.72,58.33,42,72
35,0.7,3.5,1.5,,200.0,250.0,False,279,46.5,3188.44,1.216,35.48,1505.24,2.12,55.56,40,72
35,0.7,3.5,1.5,,250.0,250.0,False,303,50.5,4080.81,1.257,35.97,1505.24,2.71,55.56,40,72
35,0.7,3.5,1.5,,300.0,300.0,False,337,56.2,5397.09,1.303,35.31,1572.05,3.43,56.94,41,72
35,0.7,3.5,2.0,1.35,0.0,0.0,True,185,30.8,7889.33,1.641,48.11,1690.51,4.67,55.56,40,72
35,0.7,3.5,2.0,1.35,200.0,250.0,True,141,23.5,7129.2,1.965,48.94,617.68,11.54,61.11,44,72
35,0.7,3.5,2.0,1.35,250.0,250.0,True,150,25.0,6905.78,1.839,48.0,617.68,11.18,59.72,43,72
35,0.7,3.5,2.0,1.35,300.0,300.0,True,156,26.0,7080.61,1.817,48.08,617.68,11.46,59.72,43,72
35,0.7,3.5,2.0,1.4,0.0,0.0,True,228,38.0,9316.43,1.616,47.81,1690.51,5.51,55.56,40,72
35,0.7,3.5,2.0,1.4,200.0,250.0,True,167,27.8,6076.43,1.662,47.31,774.32,7.85,58.33,42,72
35,0.7,3.5,2.0,1.4,250.0,250.0,True,175,29.2,6426.46,1.662,47.43,774.32,8.3,56.94,41,72
35,0.7,3.5,2.0,1.4,300.0,300.0,True,189,31.5,7590.07,1.716,48.15,774.32,9.8,56.94,41,72
35,0.7,3.5,2.0,1.45,0.0,0.0,True,265,44.2,12934.57,1.762,48.3,1504.69,8.6,55.56,40,72
35,0.7,3.5,2.0,1.45,200.0,250.0,True,180,30.0,6601.69,1.661,46.67,834.34,7.91,56.94,41,72
35,0.7,3.5,2.0,1.45,250.0,250.0,True,193,32.2,7388.0,1.692,47.15,774.32,9.54,55.56,40,72
35,0.7,3.5,2.0,1.45,300.0,300.0,True,211,35.2,8114.43,1.684,46.92,774.32,10.48,56.94,41,72
35,0.7,3.5,2.0,,0.0,0.0,False,470,78.3,13852.25,1.43,44.89,2269.07,6.1,56.94,41,72
35,0.7,3.5,2.0,,200.0,250.0,False,248,41.3,2493.02,1.158,41.94,1604.76,1.55,54.17,39,72
35,0.7,3.5,2.0,,250.0,250.0,False,270,45.0,4563.72,1.274,43.7,1604.76,2.84,52.78,38,72
35,0.7,3.5,2.0,,300.0,300.0,False,302,50.3,6208.85,1.334,43.71,1584.08,3.92,56.94,41,72
35,0.7,3.5,2.5,1.35,0.0,0.0,True,185,30.8,9735.36,1.734,52.97,1165.08,8.36,58.33,42,72
35,0.7,3.5,2.5,1.35,200.0,250.0,True,135,22.5,6297.95,1.781,52.59,913.91,6.89,59.72,43,72
35,0.7,3.5,2.5,1.35,250.0,250.0,True,145,24.2,5780.45,1.628,51.03,913.91,6.32,58.33,42,72
35,0.7,3.5,2.5,1.35,300.0,300.0,True,154,25.7,6276.33,1.642,51.95,672.27,9.34,58.33,42,72
35,0.7,3.5,2.5,1.4,0.0,0.0,True,227,37.8,11315.8,1.692,52.86,1186.32,9.54,56.94,41,72
35,0.7,3.5,2.5,1.4,200.0,250.0,True,160,26.7,6188.52,1.624,51.88,893.42,6.93,58.33,42,72
35,0.7,3.5,2.5,1.4,250.0,250.0,True,172,28.7,6563.88,1.607,51.74,893.42,7.35,56.94,41,72
35,0.7,3.5,2.5,1.4,300.0,300.0,True,183,30.5,7803.46,1.69,53.01,793.54,9.83,56.94,41,72
35,0.7,3.5,2.5,1.45,0.0,0.0,True,264,44.0,15802.02,1.874,54.55,1186.32,13.32,58.33,42,72
35,0.7,3.5,2.5,1.45,200.0,250.0,True,167,27.8,6268.43,1.599,51.5,832.79,7.53,58.33,42,72
35,0.7,3.5,2.5,1.45,250.0,250.0,True,184,30.7,6964.37,1.605,51.63,777.68,8.96,56.94,41,72
35,0.7,3.5,2.5,1.45,300.0,300.0,True,203,33.8,8427.58,1.676,52.71,844.46,9.98,56.94,41,72
35,0.7,3.5,2.5,,0.0,0.0,False,461,76.8,15995.14,1.457,51.19,2019.56,7.92,65.28,47,72
35,0.7,3.5,2.5,,200.0,250.0,False,219,36.5,2801.77,1.178,49.32,1536.94,1.82,58.33,42,72
35,0.7,3.5,2.5,,250.0,250.0,False,248,41.3,3351.95,1.19,48.79,1536.94,2.18,55.56,40,72
35,0.7,3.5,2.5,,300.0,300.0,False,286,47.7,4718.3,1.234,49.3,1813.1,2.6,58.33,42,72
35,0.7,4.0,1.5,1.35,0.0,0.0,True,185,30.8,6288.87,1.552,36.76,1228.68,5.12,52.78,38,72
35,0.7,4.0,1.5,1.35,200.0,250.0,True,145,24.2,6994.98,2.008,39.31,1101.0,6.35,56.94,41,72
35,0.7,4.0,1.5,1.35,250.0,250.0,True,152,25.3,6998.87,1.935,38.82,1101.0,6.36,55.56,40,72
35,0.7,4.0,1.5,1.35,300.0,300.0,True,155,25.8,7034.5,1.918,38.71,1164.17,6.04,55.56,40,72
35,0.7,4.0,1.5,1.4,0.0,0.0,True,228,38.0,7555.81,1.542,35.96,1610.82,4.69,55.56,40,72
35,0.7,4.0,1.5,1.4,200.0,250.0,True,175,29.2,5281.02,1.586,36.0,1286.13,4.11,58.33,42,72
35,0.7,4.0,1.5,1.4,250.0,250.0,True,193,32.2,5622.92,1.552,35.75,1286.13,4.37,56.94,41,72
35,0.7,4.0,1.5,1.4,300.0,300.0,True,195,32.5,6155.46,1.605,36.41,1286.13,4.79,56.94,41,72
35,0.7,4.0,1.5,1.45,0.0,0.0,True,265,44.2,10523.29,1.663,36.23,1873.96,5.62,56.94,41,72
35,0.7,4.0,1.5,1.45,200.0,250.0,True,197,32.8,5503.76,1.536,34.01,1227.1,4.49,59.72,43,72
35,0.7,4.0,1.5,1.45,250.0,250.0,True,215,35.8,6515.01,1.581,34.88,1227.1,5.31,58.33,42,72
35,0.7,4.0,1.5,1.45,300.0,300.0,True,220,36.7,7191.0,1.634,35.45,1227.1,5.86,58.33,42,72
35,0.7,4.0,1.5,,0.0,0.0,False,472,78.7,11111.97,1.384,33.69,2382.28,4.66,58.33,42,72
35,0.7,4.0,1.5,,200.0,250.0,False,264,44.0,2834.51,1.194,32.58,2196.09,1.29,58.33,42,72
35,0.7,4.0,1.5,,250.0,250.0,False,294,49.0,2531.07,1.154,31.63,2078.71,1.22,54.17,39,72
35,0.7,4.0,1.5,,300.0,300.0,False,338,56.3,4605.63,1.244,32.54,2029.71,2.27,56.94,41,72
35,0.7,4.0,2.0,1.35,0.0,0.0,True,184,30.7,6882.2,1.507,42.93,1563.71,4.4,55.56,40,72
35,0.7,4.0,2.0,1.35,200.0,250.0,True,139,23.2,6966.06,1.878,44.6,1030.81,6.76,61.11,44,72
35,0.7,4.0,2.0,1.35,250.0,250.0,True,147,24.5,7283.85,1.849,44.22,1030.81,7.07,59.72,43,72
35,0.7,4.0,2.0,1.35,300.0,300.0,True,153,25.5,7384.94,1.811,44.44,1030.81,7.16,59.72,43,72
35,0.7,4.0,2.0,1.4,0.0,0.0,True,227,37.8,8325.86,1.502,42.73,1600.91,5.2,55.56,40,72
35,0.7,4.0,2.0,1.4,200.0,250.0,True,160,26.7,5630.57,1.591,43.12,1180.85,4.77,59.72,43,72
35,0.7,4.0,2.0,1.4,250.0,250.0,True,175,29.2,6208.59,1.587,42.86,1180.85,5.26,56.94,41,72
35,0.7,4.0,2.0,1.4,300.0,300.0,True,185,30.8,6766.91,1.597,43.24,1258.13,5.38,56.94,41,72
35,0.7,4.0,2.0,1.45,0.0,0.0,True,263,43.8,12553.16,1.685,43.35,1600.91,7.84,58.33,42,72
35,0.7,4.0,2.0,1.45,200.0,250.0,True,175,29.2,6072.5,1.577,41.71,1282.02,4.74,61.11,44,72
35,0.7,4.0,2.0,1.45,250.0,250.0,True,192,32.0,7173.59,1.62,42.19,1282.02,5.6,58.33,42,72
35,0.7,4.0,2.0,1.45,300.0,300.0,True,207,34.5,7925.32,1.63,42.51,1440.83,5.5,59.72,43,72
35,0.7,4.0,2.0,,0.0,0.0,False,458,76.3,12991.7,1.387,40.61,2420.67,5.37,55.56,40,72
35,0.7,4.0,2.0,,200.0,250.0,False,238,39.7,3319.27,1.212,39.92,2019.58,1.64,58.33,42,72
35,0.7,4.0,2.0,,250.0,250.0,False,269,44.8,2519.23,1.139,37.92,2019.58,1.25,52.78,38,72
35,0.7,4.0,2.0,,300.0,300.0,False,294,49.0,6371.47,1.335,40.14,2100.75,3.03,56.94,41,72
35,0.7,4.0,2.5,1.35,0.0,0.0,True,184,30.7,8822.04,1.595,47.83,1114.12,7.92,55.56,40,72
35,0.7,4.0,2.5,1.35,200.0,250.0,True,131,21.8,6418.1,1.758,49.62,1401.71,4.58,58.33,42,72
35,0.7,4.0,2.5,1.35,250.0,250.0,True,143,23.8,6413.77,1.664,48.25,1401.71,4.58,56.94,41,72
35,0.7,4.0,2.5,1.35,300.0,300.0,True,151,25.2,6477.62,1.628,48.34,998.31,6.49,56.94,41,72
35,0.7,4.0,2.5,1.4,0.0,0.0,True,226,37.7,10432.31,1.574,47.79,1649.06,6.33,56.94,41,72
35,0.7,4.0,2.5,1.4,200.0,250.0,True,153,25.5,6047.72,1.591,48.37,1411.17,4.29,59.72,43,72
35,0.7,4.0,2.5,1.4,250.0,250.0,True,168,28.0,6366.58,1.551,47.62,1411.17,4.51,56.94,41,72
35,0.7,4.0,2.5,1.4,300.0,300.0,True,181,30.2,7289.18,1.593,48.62,970.78,7.51,56.94,41,72
35,0.7,4.0,2.5,1.45,0.0,0.0,True,260,43.3,14946.37,1.761,49.62,1649.06,9.06,54.17,39,72
35,0.7,4.0,2.5,1.45,200.0,250.0,True,162,27.0,5899.8,1.535,46.91,1144.61,5.15,55.56,40,72
35,0.7,4.0,2.5,1.45,250.0,250.0,True,178,29.7,6812.13,1.559,47.19,1144.61,5.95,52.78,38,72
35,0.7,4.0,2.5,1.45,300.0,300.0,True,197,32.8,7885.72,1.596,48.22,1047.14,7.53,52.78,38,72
35,0.7,4.0,2.5,,0.0,0.0,False,445,74.2,13825.89,1.377,46.74,2603.56,5.31,59.72,43,72
35,0.7,4.0,2.5,,200.0,250.0,False,201,33.5,2062.3,1.133,45.27,1536.94,1.34,56.94,41,72
35,0.7,4.0,2.5,,250.0,250.0,False,225,37.5,3198.27,1.187,45.78,1622.79,1.97,54.17,39,72
35,0.7,4.0,2.5,,300.0,300.0,False,265,44.2,4786.77,1.243,46.42,1813.1,2.64,55.56,40,72
35,0.7,4.5,1.5,1.35,0.0,0.0,True,185,30.8,6288.85,1.525,34.05,1353.9,4.64,59.72,43,72
35,0.7,4.5,1.5,1.35,200.0,250.0,True,142,23.7,7201.43,1.98,36.62,1085.11,6.64,62.5,45,72
35,0.7,4.5,1.5,1.35,250.0,250.0,True,153,25.5,7222.39,1.893,35.95,1226.22,5.89,61.11,44,72
35,0.7,4.5,1.5,1.35,300.0,300.0,True,161,26.8,7190.36,1.83,35.4,1289.39,5.58,61.11,44,72
35,0.7,4.5,1.5,1.4,0.0,0.0,True,228,38.0,7338.06,1.499,32.89,1610.82,4.56,59.72,43,72
35,0.7,4.5,1.5,1.4,200.0,250.0,True,163,27.2,6457.9,1.758,34.97,1150.53,5.61,65.28,47,72
35,0.7,4.5,1.5,1.4,250.0,250.0,True,188,31.3,5787.05,1.557,32.98,1170.33,4.94,61.11,44,72
35,0.7,4.5,1.5,1.4,300.0,300.0,True,197,32.8,6466.42,1.595,33.5,1170.33,5.53,61.11,44,72
35,0.7,4.5,1.5,1.45,0.0,0.0,True,265,44.2,10923.8,1.657,33.58,1873.96,5.83,63.89,46,72
35,0.7,4.5,1.5,1.45,200.0,250.0,True,185,30.8,7084.76,1.738,33.51,1052.52,6.73,68.06,49,72
35,0.7,4.5,1.5,1.45,250.0,250.0,True,212,35.3,5857.73,1.496,31.13,1052.52,5.57,63.89,46,72
35,0.7,4.5,1.5,1.45,300.0,300.0,True,223,37.2,7407.0,1.609,32.74,1052.52,7.04,65.28,47,72
35,0.7,4.5,1.5,,0.0,0.0,False,469,78.2,12248.07,1.411,31.34,2109.41,5.81,58.33,42,72
35,0.7,4.5,1.5,,200.0,250.0,False,250,41.7,3573.49,1.25,30.8,2030.99,1.76,58.33,42,72
35,0.7,4.5,1.5,,250.0,250.0,False,279,46.5,3548.53,1.221,30.11,1832.03,1.94,54.17,39,72
35,0.7,4.5,1.5,,300.0,300.0,False,330,55.0,4954.31,1.265,30.0,2100.66,2.36,55.56,40,72
35,0.7,4.5,2.0,1.35,0.0,0.0,True,184,30.7,7156.71,1.501,40.22,1458.78,4.91,52.78,38,72
35,0.7,4.5,2.0,1.35,200.0,250.0,True,139,23.2,7918.16,1.953,43.17,975.14,8.12,58.33,42,72
35,0.7,4.5,2.0,1.35,250.0,250.0,True,148,24.7,6959.21,1.746,41.22,1161.22,5.99,55.56,40,72
35,0.7,4.5,2.0,1.35,300.0,300.0,True,156,26.0,6638.52,1.651,40.38,1161.22,5.72,55.56,40,72
35,0.7,4.5,2.0,1.4,0.0,0.0,True,227,37.8,8100.79,1.459,39.21,1600.91,5.06,58.33,42,72
35,0.7,4.5,2.0,1.4,200.0,250.0,True,155,25.8,6708.15,1.708,41.29,914.33,7.34,61.11,44,72
35,0.7,4.5,2.0,1.4,250.0,250.0,True,172,28.7,5629.32,1.508,38.95,1009.39,5.58,58.33,42,72
35,0.7,4.5,2.0,1.4,300.0,300.0,True,189,31.5,6198.85,1.492,39.15,1009.39,6.14,59.72,43,72
35,0.7,4.5,2.0,1.45,0.0,0.0,True,263,43.8,13080.54,1.675,40.3,1600.91,8.17,61.11,44,72
35,0.7,4.5,2.0,1.45,200.0,250.0,True,174,29.0,7321.07,1.673,40.23,969.07,7.55,65.28,47,72
35,0.7,4.5,2.0,1.45,250.0,250.0,True,190,31.7,6009.54,1.483,37.89,1041.03,5.77,61.11,44,72
35,0.7,4.5,2.0,1.45,300.0,300.0,True,210,35.0,6712.27,1.476,38.1,1122.56,5.98,62.5,45,72
35,0.7,4.5,2.0,,0.0,0.0,False,455,75.8,13921.53,1.399,37.8,2236.55,6.22,55.56,40,72
35,0.7,4.5,2.0,,200.0,250.0,False,216,36.0,3425.51,1.227,37.04,1871.39,1.83,58.33,42,72
35,0.7,4.5,2.0,,250.0,250.0,False,245,40.8,3089.85,1.178,35.92,1871.39,1.65,52.78,38,72
35,0.7,4.5,2.0,,300.0,300.0,False,286,47.7,4570.66,1.228,35.66,1888.15,2.42,54.17,39,72
35,0.7,4.5,2.5,1.35,0.0,0.0,True,182,30.3,10289.11,1.678,46.15,1114.12,9.24,56.94,41,72
35,0.7,4.5,2.5,1.35,200.0,250.0,True,128,21.3,7943.0,1.95,49.22,1055.7,7.52,61.11,44,72
35,0.7,4.5,2.5,1.35,250.0,250.0,True,136,22.7,6888.98,1.727,47.06,1230.64,5.6,56.94,41,72
35,0.7,4.5,2.5,1.35,300.0,300.0,True,154,25.7,6806.57,1.605,46.1,774.16,8.79,56.94,41,72
35,0.7,4.5,2.5,1.4,0.0,0.0,True,224,37.3,11381.04,1.601,45.09,1649.06,6.9,58.33,42,72
35,0.7,4.5,2.5,1.4,200.0,250.0,True,151,25.2,7267.28,1.696,47.02,1088.51,6.68,61.11,44,72
35,0.7,4.5,2.5,1.4,250.0,250.0,True,164,27.3,6152.49,1.516,44.51,1187.17,5.18,56.94,41,72
35,0.7,4.5,2.5,1.4,300.0,300.0,True,177,29.5,6366.83,1.485,44.63,1049.78,6.06,56.94,41,72
35,0.7,4.5,2.5,1.45,0.0,0.0,True,258,43.0,16648.36,1.816,47.29,1649.06,10.1,55.56,40,72
35,0.7,4.5,2.5,1.45,200.0,250.0,True,163,27.2,8034.46,1.714,46.63,1004.03,8.0,61.11,44,72
35,0.7,4.5,2.5,1.45,250.0,250.0,True,174,29.0,6400.78,1.503,43.68,1004.03,6.38,55.56,40,72
35,0.7,4.5,2.5,1.45,300.0,300.0,True,191,31.8,7498.06,1.539,45.03,1004.03,7.47,55.56,40,72
35,0.7,4.5,2.5,,0.0,0.0,False,437,72.8,15791.5,1.42,44.16,2541.93,6.21,58.33,42,72
35,0.7,4.5,2.5,,200.0,250.0,False,182,30.3,2734.31,1.182,42.86,1536.94,1.78,56.94,41,72
35,0.7,4.5,2.5,,250.0,250.0,False,203,33.8,1877.38,1.111,40.89,1984.37,0.95,50.0,36,72
35,0.7,4.5,2.5,,300.0,300.0,False,249,41.5,3205.69,1.157,41.77,1813.1,1.77,52.78,38,72
35,0.7,5.0,1.5,1.35,0.0,0.0,True,185,30.8,5965.7,1.476,30.81,1554.87,3.84,55.56,40,72
35,0.7,5.0,1.5,1.35,200.0,250.0,True,144,24.0,7096.86,1.895,33.33,1256.48,5.65,56.94,41,72
35,0.7,5.0,1.5,1.35,250.0,250.0,True,151,25.2,7216.59,1.865,33.11,1427.19,5.06,56.94,41,72
35,0.7,5.0,1.5,1.35,300.0,300.0,True,157,26.2,7091.32,1.805,32.48,1490.36,4.76,56.94,41,72
35,0.7,5.0,1.5,1.4,0.0,0.0,True,228,38.0,7438.27,1.487,30.26,1610.82,4.62,56.94,41,72
35,0.7,5.0,1.5,1.4,200.0,250.0,True,165,27.5,6402.87,1.703,32.12,1199.32,5.34,61.11,44,72
35,0.7,5.0,1.5,1.4,250.0,250.0,True,176,29.3,6488.69,1.665,31.82,1370.03,4.74,61.11,44,72
35,0.7,5.0,1.5,1.4,300.0,300.0,True,194,32.3,5989.22,1.533,30.41,1370.03,4.37,58.33,42,72
35,0.7,5.0,1.5,1.45,0.0,0.0,True,265,44.2,9584.51,1.542,30.57,1873.96,5.11,61.11,44,72
35,0.7,5.0,1.5,1.45,200.0,250.0,True,187,31.2,7356.15,1.724,31.02,1289.26,5.71,65.28,47,72
35,0.7,5.0,1.5,1.45,250.0,250.0,True,197,32.8,7877.63,1.742,31.47,1102.18,7.15,65.28,47,72
35,0.7,5.0,1.5,1.45,300.0,300.0,True,218,36.3,7000.01,1.562,29.82,1102.18,6.35,62.5,45,72
35,0.7,5.0,1.5,,0.0,0.0,False,464,77.3,11240.01,1.364,29.31,2300.03,4.89,56.94,41,72
35,0.7,5.0,1.5,,200.0,250.0,False,245,40.8,3084.61,1.212,28.16,2465.35,1.25,56.94,41,72
35,0.7,5.0,1.5,,250.0,250.0,False,258,43.0,4399.81,1.292,29.46,1970.7,2.23,56.94,41,72
35,0.7,5.0,1.5,,300.0,300.0,False,309,51.5,4704.83,1.256,28.16,2079.41,2.26,54.17,39,72
35,0.7,5.0,2.0,1.35,0.0,0.0,True,183,30.5,6337.07,1.421,36.61,1403.32,4.52,52.78,38,72
35,0.7,5.0,2.0,1.35,200.0,250.0,True,137,22.8,7497.87,1.845,39.42,1095.89,6.84,55.56,40,72
35,0.7,5.0,2.0,1.35,250.0,250.0,True,144,24.0,7487.14,1.796,38.89,1321.45,5.67,54.17,39,72
35,0.7,5.0,2.0,1.35,300.0,300.0,True,151,25.2,6717.27,1.654,37.75,1321.45,5.08,54.17,39,72
35,0.7,5.0,2.0,1.4,0.0,0.0,True,226,37.7,7763.81,1.422,36.28,1890.8,4.11,55.56,40,72
35,0.7,5.0,2.0,1.4,200.0,250.0,True,153,25.5,6284.98,1.626,37.91,924.27,6.8,58.33,42,72
35,0.7,5.0,2.0,1.4,250.0,250.0,True,165,27.5,6327.76,1.58,37.58,1149.83,5.5,56.94,41,72
35,0.7,5.0,2.0,1.4,300.0,300.0,True,182,30.3,6396.81,1.513,36.81,1149.83,5.56,56.94,41,72
35,0.7,5.0,2.0,1.45,0.0,0.0,True,262,43.7,11970.19,1.581,37.4,1832.66,6.53,61.11,44,72
35,0.7,5.0,2.0,1.45,200.0,250.0,True,169,28.2,7242.76,1.655,37.28,1155.97,6.27,62.5,45,72
35,0.7,5.0,2.0,1.45,250.0,250.0,True,183,30.5,7807.52,1.651,37.7,1062.57,7.35,62.5,45,72
35,0.7,5.0,2.0,1.45,300.0,300.0,True,203,33.8,7259.44,1.521,35.96,1144.1,6.35,62.5,45,72
35,0.7,5.0,2.0,,0.0,0.0,False,447,74.5,12857.92,1.355,35.57,3474.93,3.7,51.39,37,72
35,0.7,5.0,2.0,,200.0,250.0,False,208,34.7,2384.08,1.153,33.65,2188.7,1.09,52.78,38,72
35,0.7,5.0,2.0,,250.0,250.0,False,223,37.2,3153.13,1.193,34.53,1936.94,1.63,50.0,36,72
35,0.7,5.0,2.0,,300.0,300.0,False,254,42.3,5678.35,1.313,35.83,1900.78,2.99,52.78,38,72
35,0.7,5.0,2.5,1.35,0.0,0.0,True,179,29.8,9900.36,1.62,43.02,1475.71,6.71,54.17,39,72
35,0.7,5.0,2.5,1.35,200.0,250.0,True,126,21.0,7723.41,1.861,46.03,946.97,8.16,58.33,42,72
35,0.7,5.0,2.5,1.35,250.0,250.0,True,131,21.8,6795.65,1.704,44.27,1343.66,5.06,56.94,41,72
35,0.7,5.0,2.5,1.35,300.0,300.0,True,143,23.8,6490.55,1.594,43.36,1041.57,6.23,56.94,41,72
35,0.7,5.0,2.5,1.4,0.0,0.0,True,221,36.8,11538.05,1.585,42.53,2010.65,5.74,55.56,40,72
35,0.7,5.0,2.5,1.4,200.0,250.0,True,146,24.3,7942.02,1.751,45.21,1239.78,6.41,62.5,45,72
35,0.7,5.0,2.5,1.4,250.0,250.0,True,158,26.3,7233.01,1.609,43.67,1298.92,5.57,58.33,42,72
35,0.7,5.0,2.5,1.4,300.0,300.0,True,172,28.7,7103.14,1.54,43.02,1329.25,5.34,58.33,42,72
35,0.7,5.0,2.5,1.45,0.0,0.0,True,255,42.5,17563.7,1.829,45.1,1672.99,10.5,59.72,43,72
35,0.7,5.0,2.5,1.45,200.0,250.0,True,160,26.7,8618.92,1.739,44.38,1313.79,6.56,63.89,46,72
35,0.7,5.0,2.5,1.45,250.0,250.0,True,170,28.3,8630.44,1.691,44.12,893.31,9.66,61.11,44,72
35,0.7,5.0,2.5,1.45,300.0,300.0,True,185,30.8,8688.39,1.631,43.78,880.75,9.86,61.11,44,72
35,0.7,5.0,2.5,,0.0,0.0,False,428,71.3,16340.34,1.422,42.06,2480.3,6.59,59.72,43,72
35,0.7,5.0,2.5,,200.0,250.0,False,170,28.3,2940.6,1.199,41.18,1536.94,1.91,58.33,42,72
35,0.7,5.0,2.5,,250.0,250.0,False,195,32.5,3907.23,1.239,41.54,1536.94,2.54,54.17,39,72
35,0.7,5.0,2.5,,300.0,300.0,False,226,37.7,3851.7,1.2,40.71,1814.18,2.12,54.17,39,72
