tree
version=v4
num_class=1
num_tree_per_iteration=1
label_index=0
max_feature_idx=21
objective=regression_l1
feature_names=ret_1 ret_3 ret_5 ret_15 ret_30 ret_60 dist_ema20_atr dist_ema50_atr dist_ema200_atr norm_atr14 atr_ratio bar_range_atr bar_body_atr upper_wick_atr lower_wick_atr rsi14 vol_ratio_20 vol_ratio_100 hour_sin hour_cos dow_sin dow_cos
feature_infos=[-0.0078702103346586227:0.012516281567513943] [-0.012391614727675915:0.020208889618515968] [-0.013688726350665092:0.02290249802172184] [-0.030993612483143806:0.025359706953167915] [-0.03435032069683075:0.027298768982291222] [-0.038064822554588318:0.031984113156795502] [-7.9789342880249023:10.691917419433594] [-12.09024715423584:48.158966064453125] [-50.473407745361328:102.318115234375] [9.880399375106208e-06:0.0068594408221542835] [0.18253332376480103:3.5714285373687744] [0:10.42235279083252] [-8.2491073608398438:9.3768196105957031] [0:5.3372445106506348] [0:7.8793320655822754] [0:1] [0.0092293489724397659:11.812796592712402] [0.0065915235318243504:24.697690963745117] [-1:1] [-1:1] [-0.95105654001235962:0.95105654001235962] [-0.80901700258255005:1]
tree_sizes=2998 3199 3212 3193 3207 3227 3224 3194 3198 3216 3216 3233 3194 3208 3216 3207 3223 3219 3214 3210 3208 3217 3189 3216 3227 3207 3211 3219 3222 3218 3212 3214 3210 3194 3196 3207 3196 3203 3223 3250 3230 3229 3219 3199 3167 3189 3218 3218 3211 3227 3213 3202 3189 3201 3225 3224 3201 3227 3191 3199 3175 3229 3206 3205 3218 3217 3183 3225 3214 3150 3178 3225 3188 3213 3190 3124 3247 3179 3167 3155 3176 3080 3210 3202 3210 3201 3192 3226 3162 3088 3205 3144 3135 3224 3143 3136 3156 3051 3176 3178 3137 3072 3151 3123 3061 3185 3118 3103 3173 3168 3013 3143 3122 3096 3022 3117 3042 3210 2999 3127 2890 2982 3221 3120 3108 2952 3154 2940 3156 3130 3120 3205 3050 3085 2996 3136 3080 3066 3124 3020 3164 3090 3118 3064 3153 3090 2936 3002 3124 3008 2918 3191 2938 3002 2993 2958 2917 3115 3091 3085 3178 2930 3122 3053 3071 3082 3085 3118 2976 3073 2928 2981 3063 3121 3136 3120 2957 2994 3033 3142 3120 3117 2996 2985 2965 3076 2915 2961 2938 3031 2919 3048 2951 3077 3105 3178 2925 2926 3017 3157 2928 3099 2988 3114

Tree=0
num_leaves=31
num_cat=0
split_feature=10 9 9 19 10 18 18 16 9 9 9 18 16 10 19 10 10 18 8 18 19 19 8 18 18 18 9 6 19 9
split_gain=7440.45 3227.87 1812.18 1230.44 1114.16 1019.86 652.137 615.404 565.63 425.234 360.712 327.555 325.75 320.252 314.099 293.778 272.897 270.647 221.184 219.061 375.733 215.94 212.656 199.248 182.928 267.684 181.423 163.686 162.28 167.875
threshold=1.005371153354645 0.00016545129619771617 0.00017659877630649137 -0.91792565584182728 1.4773701429367068 -0.62762191891670216 -0.28192219138145441 1.1192318797111513 8.8437478552805273e-05 0.00042668255628086632 0.00043095600267406558 0.9556623399257661 1.4871105551719668 0.85687831044197094 0.69934985041618358 1.1770282387733462 0.83816421031951915 -0.080633651465177522 7.3907318115234384 -0.55738157033920277 0.70864605903625499 -0.99115538597106922 3.6291333436965947 0.01527100056409836 0.29862368106842047 0.95819556713104259 0.00046601842041127389 2.3517599105834965 0.18437977880239489 0.00033724731474649167
decision_type=2 2 2 2 2 2 2 2 2 2 2 2 2 2 2 2 2 2 2 2 2 2 2 2 2 2 2 2 2 2
left_child=1 8 17 6 7 10 9 11 -1 -4 14 15 -6 28 18 -5 19 22 -3 20 -10 -8 -2 -19 26 -26 -15 -9 29 -7
right_child=2 5 3 4 12 13 21 27 16 -11 -12 -13 -14 24 -16 -17 -18 23 -20 -21 -22 -23 -24 -25 25 -27 -28 -29 -30 -31
leaf_value=1.820545530319214 1.7764459937810897 1.7830408215522766 1.8223847866058349 1.772668331861496 1.7558470427989961 1.802496862411499 1.7859111785888673 1.7780062019824983 1.8059607386589049 1.7857560873031617 1.7750166773796081 1.7800046324729919 1.7739285230636597 1.7954185545444488 1.7589450836181642 1.7659485578536986 1.7955696702003479 1.8121993601322175 1.7961524128913879 1.8103516101837158 1.776729303598404 1.7754399240016938 1.7957791566848755 1.7898194760084152 1.7838789045810699 1.7973058283329011 1.7823950290679931 1.7892223268747329 1.7900896340608596 1.7904328227043151
leaf_weight=61741 35986 166832 12046 167099 34328 62937 38824 125874 28543 12711 61441 37190 8404 69483 4263 86338 131388 8150 20211 79415 10407 52303 10246 87182 140370 24006 19829 15478 52820 27302
leaf_count=61741 35986 166832 12046 167099 34328 62937 38824 125874 28543 12711 61441 37190 8404 69483 4263 86338 131388 8150 20211 79415 10407 52303 10246 87182 140370 24006 19829 15478 52820 27302
internal_value=1.7848 1.78769 1.781 1.77978 1.77865 1.78568 1.7844 1.77942 1.79187 1.7916 1.7832 1.7781 1.77095 1.78726 1.78427 1.77746 1.79081 1.78608 1.78458 1.79256 1.78948 1.78245 1.78294 1.7876 1.7862 1.78521 1.78802 1.78212 1.78916 1.79044
internal_weight=1.69315e+06 960988 732159 590595 474711 649494 115884 431979 311494 24757 252747 290627 42732 396747 191306 253437 249753 141564 187043 118365 38950 91127 46232 95332 253688 164376 89312 141352 143059 90239
internal_count=1693147 960988 732159 590595 474711 649494 115884 431979 311494 24757 252747 290627 42732 396747 191306 253437 249753 141564 187043 118365 38950 91127 46232 95332 253688 164376 89312 141352 143059 90239
is_linear=0
shrinkage=1


Tree=1
num_leaves=31
num_cat=0
split_feature=9 9 19 9 19 9 6 9 6 19 7 19 9 9 19 9 8 6 19 19 11 9 9 19 11 19 19 19 19 8
split_gain=6631.86 1850.53 962.565 853.647 834.809 490.926 431.082 407.171 384.737 351.618 349.09 272.88 242.082 176.108 170.211 169.902 162.687 154.942 131.81 139.688 116.531 114.689 109.842 105.651 104.293 103.029 189.908 98.2773 94.8975 89.7144
threshold=0.00017092705820687118 0.00027903167938347911 -0.70556074380874623 9.508344373898582e-05 0.17149884253740313 0.00052543811034411203 2.255845427513123 0.00046056674909777945 1.2187106013298037 0.18437977880239489 2.1233272552490239 0.1326885595917702 5.6667309763724922e-05 0.00080881407484412204 0.8537760078907014 0.0001361236136290245 7.1360416412353525 1.6591197252273562 -0.92304024100303639 -0.82288655638694752 0.74728780984878551 0.00022497968166135254 0.00033966662886086857 0.832677721977234 0.68008002638816845 0.68993380665779125 0.82535797357559215 0.99894830584526073 0.86051779985427868 7.3907318115234384
decision_type=2 2 2 2 2 2 2 2 2 2 2 2 2 2 2 2 2 2 2 2 2 2 2 2 2 2 2 2 2 2
left_child=3 4 5 12 16 18 7 11 9 -5 14 22 -1 -7 24 27 21 25 -3 -20 -13 -2 -4 -17 -6 -14 -27 -11 -28 -12
right_child=1 2 6 8 10 13 -8 -9 -10 15 29 20 17 -15 -16 23 -18 -19 19 -21 -22 -23 -24 -25 -26 26 28 -29 -30 -31
leaf_value=0.05452404737472534 0.0056483396887779258 0.0040530535578727767 -0.0043250288069248194 0.014399850517511371 -0.012698198854923249 -0.0064981132745742798 0.001878294348716736 -0.0161841955780983 0.017737155556678773 0.0073395371437072754 0.00055927008390426196 -0.017214991822838782 0.028851061612367637 -0.015730995535850525 -0.0021422830224037126 -0.0017103433609008791 0.012842905223369595 0.039815008789300922 -0.0064123865962028518 0.0019539013504981995 -0.01101083636283875 0.0010735303163528444 -0.0092885762453079231 0.0065336415171623257 -0.006892447769641874 -0.0020235824584960982 0.053338963985443112 0.02878961533308029 0.019275269508361816 0.012131223082542421
leaf_weight=13613 151647 81017 78006 91731 38208 64292 25677 115634 81208 96691 33199 36200 30187 22821 61697 61901 25278 12207 43152 44798 56962 158804 89389 31225 90420 8775 3331 4966 25396 14715
leaf_count=13613 151647 81017 78006 91731 38208 64292 25677 115634 81208 96691 33199 36200 30187 22821 61697 61901 25278 12207 43152 44798 56962 158804 89389 31225 90420 8775 3331 4966 25396 14715
internal_value=-1.007e-05 -0.00192481 -0.00373479 0.00510406 0.000150008 -0.00133903 -0.00526143 -0.00568926 0.00401934 0.00315831 -0.00211363 -0.00459343 0.00936969 -0.00438798 -0.00307395 0.00195628 0.00175633 0.00831957 0.000232886 -0.00110745 -0.00676241 0.00144226 -0.0033863 0.000413418 -0.00410953 0.00738451 0.00563437 0.00336966 0.00760086 0.00170096
internal_weight=1.69315e+06 1.23192e+06 657948 461231 573968 256080 401868 376191 367722 286514 238239 260557 93509 87113 190325 194783 335729 79896 168967 87950 93162 310451 167395 93126 128628 67689 37502 101657 28727 47914
internal_count=1693147 1231916 657948 461231 573968 256080 401868 376191 367722 286514 238239 260557 93509 87113 190325 194783 335729 79896 168967 87950 93162 310451 167395 93126 128628 67689 37502 101657 28727 47914
is_linear=0
shrinkage=0.05


Tree=2
num_leaves=31
num_cat=0
split_feature=10 9 9 19 10 9 16 10 19 10 16 16 9 10 17 17 7 10 7 9 17 19 19 6 17 6 9 19 9 19
split_gain=6532.75 2613.95 1444.03 1019.03 949.714 708.682 492.68 446.914 360.2 320.364 287.464 281.26 242.725 241.13 236.119 194.223 180.691 158.749 157.115 151.847 216.764 173.824 149.707 141.908 130.303 127.241 127.089 126.397 121.316 116.596
threshold=1.011477053165436 0.00016325376782333481 0.00019495504966471347 -0.91792565584182728 1.4773701429367068 0.00030749708821531391 1.1192318797111513 0.81263774633407604 -0.70556074380874623 0.85687831044197094 1.3187242150306704 1.4871105551719668 5.6667309763724922e-05 1.2378053069114687 1.0238485336303713 1.0327364802360537 2.6903734207153325 1.3588945865631106 2.8689403533935551 0.00063826661789789807 1.1781801581382754 -0.96185845136642445 -0.45204447209835047 1.7415472865104678 1.8454085588455202 1.0280265808105471 0.00027903167938347911 -0.8959035575389861 0.00051759040798060607 0.23556562513113025
decision_type=2 2 2 2 2 2 2 2 2 2 2 2 2 2 2 2 2 2 2 2 2 2 2 2 2 2 2 2 2 2
left_child=1 7 10 19 6 9 13 12 28 22 17 -6 -1 26 27 25 -10 23 -14 20 -4 -22 -3 -2 -8 -9 29 -11 -7 -5
right_child=2 5 3 4 11 8 24 15 16 14 -12 -13 18 -15 -16 -17 -18 -19 -20 -21 21 -23 -24 -25 -26 -27 -28 -29 -30 -31
leaf_value=0.059234752297401431 -0.002361658066511152 0.01452616865932942 -0.0049537980109453207 -0.0047257843092083918 -0.02728147940337658 0.0061271378248930032 -0.0076300789490342195 0.0069829964637756377 -0.006760919541120531 0.0069297400563955395 0.0095554615557193814 -0.010600770279765127 0.020798865079879759 -0.018016532039269801 0.0075041234642267201 0.01968564569205046 0.0036493852660059948 -0.013392329387366765 0.034790393438190223 -0.012709173113107687 1.4509253203864871e-05 0.014763420656323434 0.0065976726561784776 0.0098829149007797282 -0.00041131868958473874 0.016747515529394155 -0.012971578553318975 -0.001342647120356555 -0.0027413903176784493 -0.012002563342452045
leaf_weight=9546 105499 57209 47804 40526 32848 61371 88934 93791 143404 28970 43335 7889 108108 62524 85135 48095 20300 12396 17334 11487 30362 18903 105401 14757 36797 30390 124477 142405 29523 33627
leaf_count=9546 105499 57209 47804 40526 32848 61371 88934 93791 143404 28970 43335 7889 108108 62524 85135 48095 20300 12396 17334 11487 30362 18903 105401 14757 36797 30390 124477 142405 29523 33627
internal_value=-1.85749e-05 0.00262767 -0.00366369 -0.00495358 -0.00605184 0.000884643 -0.00528723 0.0064495 -0.001196 0.00214855 0.000266213 -0.0133134 0.00860373 -0.00652527 0.00104791 0.00476155 -0.00259737 -0.000888792 0.00801885 -0.000627326 1.5968e-05 0.00234345 0.00388475 -0.000333455 -0.00271572 0.00371675 -0.00567286 -2.12983e-05 0.00132792 -0.00403423
internal_weight=1.69315e+06 980982 712165 536178 427622 673718 386885 307264 254598 419120 175987 40737 134988 261154 256510 172276 163704 132652 125442 108556 97069 49265 162610 120256 125731 124181 198630 171375 90894 74153
internal_count=1693147 980982 712165 536178 427622 673718 386885 307264 254598 419120 175987 40737 134988 261154 256510 172276 163704 132652 125442 108556 97069 49265 162610 120256 125731 124181 198630 171375 90894 74153
is_linear=0
shrinkage=0.05


Tree=3
num_leaves=31
num_cat=0
split_feature=10 10 18 18 10 18 18 16 10 16 19 18 18 10 10 17 7 19 19 18 6 10 6 19 7 18 19 19 18 18
split_gain=5908.67 1410.34 1309.78 950.953 780.747 667.122 879.283 537.081 461.132 327.257 322.457 286.355 472.568 264.68 247.473 204.127 189.637 209.019 187.589 245.501 185.595 181.931 166.876 164.07 144.773 136.713 283.076 132.885 296.563 196.272
threshold=0.98005646467208873 1.3486322760581972 -0.61393940448760975 -0.67074871063232411 0.80774924159049999 0.2861058115959168 0.9556623399257661 1.3530726432800295 0.83816421031951915 1.1494548916816714 0.69934985041618358 0.9556623399257661 0.2861058115959168 1.0550752878189089 1.5241824388504031 1.4087171554565432 3.3321042060852055 0.69934985041618358 -0.26092512905597681 -0.71477618813514698 1.100828289985657 1.1122305393218996 1.1398651599884035 -0.23556562513113019 1.828652620315552 0.22282424569129947 0.96648588776588451 -0.91792565584182728 -0.28192219138145441 0.19722913205623629
decision_type=2 2 2 2 2 2 2 2 2 2 2 2 2 2 2 2 2 2 2 2 2 2 2 2 2 2 2 2 2 2
left_child=2 3 8 10 22 9 13 14 16 25 21 12 20 -7 -3 -15 17 23 -10 24 -6 -2 -4 -1 -20 27 -27 28 -5 -29
right_child=1 7 4 5 11 6 -8 -9 18 -11 -12 -13 -14 15 -16 -17 -18 -19 19 -21 -22 -23 -24 -25 -26 26 -28 29 -30 -31
leaf_value=0.00054814117513596881 -0.007881640876829632 -0.016178302835719655 0.016560385530441996 0.018340065377950666 0.0094265390858054195 -0.0041379586936905969 0.0035415133684873592 -0.0053835390912368893 -0.0073797368731349684 0.008575192801840598 -0.030124397774413232 0.016846568080410358 0.0021393816471099946 -0.013087123544234781 -0.024995037709549073 -0.005322789929620925 0.021211590065248323 -0.0098233490049839112 -0.0014908824495971197 -0.019794077992439263 0.020095634199306375 -0.014328412446007133 0.0263593271844089 0.01001056412346661 0.0090865760020911734 -0.0012305650584399697 0.056813952617347244 -0.0059155355468392349 -0.0019344657892361285 0.039603882446140048
leaf_weight=49828 96684 55508 138762 11986 102158 83544 88179 30444 66488 75078 5842 46454 202379 108487 32764 40732 12117 11494 77014 5160 32094 54363 41043 66480 22769 5951 2986 73296 51340 1723
leaf_count=49828 96684 55508 138762 11986 102158 83544 88179 30444 66488 75078 5842 46454 202379 108487 32764 40732 12117 11494 77014 5160 32094 54363 41043 66480 22769 5951 2986 73296 51340 1723
internal_value=-3.32812e-05 -0.00308515 0.00282543 -0.00223075 0.00426478 -0.00124056 -0.00269893 -0.00812443 0.000223221 0.000864364 -0.00565973 0.00298902 0.0024812 -0.00430975 -0.0100995 -0.00557134 0.00235315 0.00178636 -0.00151519 -0.000198679 0.00478131 -0.00521394 0.00698284 0.00242202 0.000351262 -0.000505153 0.00548842 -0.000892334 0.000794302 -0.00231608
internal_weight=1.69315e+06 818907 874240 700191 562890 543302 320942 118716 311350 222360 156889 383085 336631 232763 88272 149219 139919 127802 171431 104943 134252 151047 179805 116308 99783 147282 8937 138345 63326 75019
internal_count=1693147 818907 874240 700191 562890 543302 320942 118716 311350 222360 156889 383085 336631 232763 88272 149219 139919 127802 171431 104943 134252 151047 179805 116308 99783 147282 8937 138345 63326 75019
is_linear=0
shrinkage=0.05


Tree=4
num_leaves=31
num_cat=0
split_feature=10 9 9 10 18 17 9 16 19 19 18 19 9 10 18 18 18 19 9 10 10 10 19 8 7 9 18 9 18 9
split_gain=5367 2268.94 1281.8 941.759 758.846 681.69 422.298 414.283 314.308 305.624 393.223 304.8 286.86 271.215 229.467 227.851 227.428 386.986 225.266 215.839 211.791 188.674 180.204 176.345 167.026 156.781 233.608 143.303 142.357 138.616
threshold=1.011477053165436 0.00016545129619771617 0.00016217233496718111 1.3697199225425722 -0.62762191891670216 1.184118986129761 8.8437478552805273e-05 1.1870225667953493 -0.94190874695777882 -0.92304024100303639 -0.28192219138145441 0.69934985041618358 0.00043095600267406558 0.91792932152748119 0.9556623399257661 -0.080633651465177522 -0.55738157033920277 0.68993380665779125 0.00027738281642086809 0.81507357954978954 1.0818855762481692 1.5241824388504031 0.19722913205623629 7.3907318115234384 1.420429050922394 0.00033724731474649167 -0.19294966012239453 0.00042668255628086632 0.01527100056409836 0.00022745228488929572
decision_type=2 2 2 2 2 2 2 2 2 2 2 2 2 2 2 2 2 2 2 2 2 2 2 2 2 2 2 2 2 2
left_child=1 6 15 5 11 8 -1 21 -4 10 27 12 23 22 20 24 17 -8 -11 -18 -10 -5 25 -3 -2 26 -6 -7 -17 -24
right_child=2 4 3 7 13 9 16 -9 14 18 -12 -13 -14 -15 -16 28 19 -19 -20 -21 -22 -23 29 -25 -26 -27 -28 -29 -30 -31
leaf_value=0.030371583291627459 -0.0086517113548982838 -0.0016582974362745917 -0.0022464551246305976 -0.017676869314766953 0.032436079609403388 0.04547080251410604 0.011557972420901071 -0.0094008576007536659 -0.0086363877556915377 -0.0002401966698467817 -0.0004044842216931244 -0.025641276386007668 -0.0081018178996257514 0.0011280017523094988 -0.0027077439012471506 0.029088067561760536 0.022850435056351127 -0.0093574487818591286 -0.0076093984703510089 0.011500904956087478 -0.014206099530179052 -0.026119724805038422 0.0075521069933846665 0.01009311255860142 0.0093397239560913288 0.0039577252486720669 0.010730064259953799 0.0076984981615003225 0.0061690612858114838 -0.0023131208362802804
leaf_weight=62195 25136 169725 45098 34592 9312 6497 58982 35705 90242 74735 32910 4690 62606 169850 26590 6739 66584 15962 96998 111905 132824 25222 43301 20456 10608 47284 101165 3983 64286 36965
leaf_count=62195 25136 169725 45098 34592 9312 6497 58982 35705 90242 74735 32910 4690 62606 169850 26590 6739 66584 15962 96998 111905 132824 25222 43301 20456 10608 47284 101165 3983 64286 36965
internal_value=-3.83605e-05 0.00236019 -0.00334227 -0.0042331 0.000703986 -0.00337954 0.00585151 -0.00878935 -0.00494141 -0.00123952 0.00250979 -0.00142129 -0.00118697 0.00204559 -0.00563535 0.00170883 0.00494549 0.00263397 -0.00218682 0.00591605 -0.00615872 -0.0113335 0.00313473 -0.000220579 -0.00154711 0.00411604 0.00514723 0.0109447 0.00334741 0.00120599
internal_weight=1.69315e+06 980982 712165 605396 665354 509877 315628 95519 294754 215123 43390 257477 252787 407877 249656 106769 253433 74944 171733 178489 223066 59814 238027 190181 35744 157761 110477 10480 71025 80266
internal_count=1693147 980982 712165 605396 665354 509877 315628 95519 294754 215123 43390 257477 252787 407877 249656 106769 253433 74944 171733 178489 223066 59814 238027 190181 35744 157761 110477 10480 71025 80266
is_linear=0
shrinkage=0.05


Tree=5
num_leaves=31
num_cat=0
split_feature=11 18 19 3 0 0 8 0 11 8 11 0 5 8 17 19 18 18 19 15 19 18 18 19 20 6 18 19 18 18
split_gain=1031.95 727.481 619.359 485.979 353.407 348.648 303.988 284.152 369.593 265.194 232.667 274.363 190.665 184.805 179.717 169.284 164.388 270.903 151.518 131.842 130.557 130.546 129.724 118.432 161.863 113.264 110.255 335.584 109.963 143.836
threshold=1.3419604897499087 -0.63775861263275135 0.69934985041618358 -0.00076343945693224658 -0.00022840129531687123 -0.00014619107969338072 7.8286123275756845 0.00015537723811576146 0.7026689648628236 7.3907318115234384 2.0194661617279057 0.00031257752561941748 -0.0023874805774539705 0.10233605280518533 0.62117779254913341 0.19722913205623629 0.2861058115959168 0.9556623399257661 0.56820151209831249 0.23550037294626239 0.50188699364662182 -0.12836257368326184 -0.56820151209831227 0.44424325227737432 -0.76942089200019825 0.81963035464286815 0.19722913205623629 0.96648588776588451 -0.70556074380874623 -0.96185845136642445
decision_type=2 2 2 2 2 2 2 2 2 2 2 2 2 2 2 2 2 2 2 2 2 2 2 2 2 2 2 2 2 2
left_child=1 2 9 15 -2 -5 7 8 14 12 11 -6 -1 -4 25 19 26 -18 20 -3 23 -17 -21 28 -25 -7 -10 -28 29 -14
right_child=4 3 13 5 10 6 -8 -9 16 -11 -12 -13 18 -15 -16 21 17 -19 -20 22 -22 -23 -24 24 -26 -27 27 -29 -30 -31
leaf_value=-0.012309870522946416 -0.00022483387518208999 0.0040882679512249335 -0.031045647084135566 -0.0049090976085258923 0.0096233968676506867 0.00058795971582318869 0.010781214100541548 -0.0038566149660106742 0.0071777826681118546 0.0048831032677878368 0.017096338061844119 -0.0013309006018703885 -0.0028804704489763799 -0.012743541827022087 -0.0031827973186820736 -0.028573300904480098 0.00053150062216876797 0.01066529243675713 0.0029686748298809462 0.014713062718268489 -0.013391839695138852 -0.01057590971629694 -0.0074595239009383474 0.040018476462327188 -0.00013988317771349013 0.0092940044062836073 0.0037705952186511183 0.059489070894836571 0.0033057165024830029 -0.0076808241469431661
leaf_weight=36848 91308 20931 8903 96976 142152 82512 51765 97150 107135 35605 40298 43507 106511 8065 164872 3984 157042 53274 32310 4034 16390 28154 59913 2346 9690 29990 9650 6062 16839 128931
leaf_count=36848 91308 20931 8903 96976 142152 82512 51765 97150 107135 35605 40298 43507 106511 8065 164872 3984 157042 53274 32310 4034 16390 28154 59913 2346 9690 29990 9650 6062 16839 128931
internal_value=-4.50935e-05 -0.000637845 -0.00242596 0.000101393 0.00252549 0.000514346 0.000874841 0.000604293 0.00100395 -0.00201442 0.0035863 0.00283881 -0.0024328 -0.0117751 -0.0003443 -0.00292097 0.00212644 0.0012776 -0.00203232 -0.00175075 -0.00240553 -0.00601158 -0.00287816 -0.00213702 0.00270854 0.00119642 0.00357966 0.00749109 -0.00236819 -0.00264736
internal_weight=1.69315e+06 1.37588e+06 402438 973444 317265 856428 759452 707687 610537 385470 225957 185659 349865 16968 277374 117016 333163 210316 313017 84878 280707 32138 63947 264317 12036 112502 122847 15712 252281 235442
internal_count=1693147 1375882 402438 973444 317265 856428 759452 707687 610537 385470 225957 185659 349865 16968 277374 117016 333163 210316 313017 84878 280707 32138 63947 264317 12036 112502 122847 15712 252281 235442
is_linear=0
shrinkage=0.05


Tree=6
num_leaves=31
num_cat=0
split_feature=10 9 9 19 10 18 9 19 18 9 9 18 18 19 9 18 19 19 19 19 19 9 19 10 6 7 19 18 10 18
split_gain=4836.42 1780.68 1324.34 767.766 671.133 591.705 411.979 388.873 369.471 341.881 280.538 246.687 257.918 274.999 228.263 222.318 200.918 198.534 193.094 193.003 348.93 188.847 185.251 178.172 174.628 152.831 146.682 206.322 135.745 135.519
threshold=0.98005646467208873 0.00016545129619771617 0.00025326137256342923 -0.91265374422073353 1.3486322760581972 -0.61393940448760975 0.00015857336256885904 0.19722913205623629 -0.26513479650020594 8.5867995949229239e-05 0.00042668255628086632 -0.70556074380874623 -0.56820151209831227 0.70864605903625499 0.00046056674909777945 -0.080633651465177522 0.78396254777908336 -0.98933362960815419 0.69934985041618358 0.29862368106842047 0.82535797357559215 0.00022745228488929572 0.32350382208824163 1.3956301808357241 3.3001567125320439 2.0546590089797978 0.87777194380760204 -0.55738157033920277 1.2023154497146609 -0.045798758044838898
decision_type=2 2 2 2 2 2 2 2 2 2 2 2 2 2 2 2 2 2 2 2 2 2 2 2 2 2 2 2 2 2
left_child=1 9 6 8 11 14 15 -8 10 -1 -4 -5 13 -13 18 26 28 -10 25 -11 -21 -7 -23 -18 29 -3 27 -2 -9 -6
right_child=2 5 3 4 24 21 7 16 17 19 -12 12 -14 -15 -16 -17 23 -19 -20 20 -22 22 -24 -25 -26 -27 -28 -29 -30 -31
leaf_value=0.029703827099270663 -0.0031265815823596447 -0.0015531044522243409 0.026347120844145252 -0.013134716499907795 -0.024365417507226941 0.0090994965460021501 0.00040249741685474683 -0.0089568109225564348 0.0001598703589049011 0.018206759023052559 -0.00038347213196394118 0.0051609628425905059 -0.0087991038985897104 -0.034368017356877244 -0.0081310608834356587 0.0083433817741928595 -0.00076036485834772853 -0.011088001504973811 -0.020084529480970632 0.0052266306418597532 0.019950150000847589 0.0049984033298147825 -0.0031376069177896761 -0.01495120450202685 0.008044723031912138 0.0063663468874429752 -0.010649698231490513 0.025918581353544936 -0.018961737867117495 -0.016897304335484808
leaf_weight=54743 19321 146211 12518 87556 24271 138700 126520 48517 32920 89318 17046 23174 182057 1310 46745 79360 46375 36037 4226 99911 48708 158719 50228 10537 2045 36731 15519 6002 12434 35388
leaf_count=54743 19321 146211 12518 87556 24271 138700 126520 48517 32920 89318 17046 23174 182057 1310 46745 79360 46375 36037 4226 99911 48708 158719 50228 10537 2045 36731 15519 6002 12434 35388
internal_value=-4.56251e-05 0.00254072 -0.00280673 -0.00460797 -0.00568956 0.000939886 -0.000562146 -0.00174091 -0.000701881 0.00572161 0.00397443 -0.00469488 -0.00375204 0.001066 -0.00100443 0.00183441 -0.00380739 -0.00270676 -0.000223863 0.00490193 0.00379797 0.00224811 0.00129865 -0.001671 -0.0104304 2.0225e-05 -0.00116302 0.00118272 -0.0058022 -0.0109229
internal_weight=1.69315e+06 874240 818907 454322 355801 581560 364585 244383 98521 292680 29564 294097 206541 24484 233913 120202 117863 68957 187168 237937 148619 347647 208947 56912 61704 182942 40842 25323 60951 59659
internal_count=1693147 874240 818907 454322 355801 581560 364585 244383 98521 292680 29564 294097 206541 24484 233913 120202 117863 68957 187168 237937 148619 347647 208947 56912 61704 182942 40842 25323 60951 59659
is_linear=0
shrinkage=0.05


Tree=7
num_leaves=31
num_cat=0
split_feature=10 10 10 18 16 16 18 18 18 18 18 18 19 19 18 18 10 6 19 18 19 10 6 8 7 18 19 18 16 18
split_gain=4411.04 1116.7 950.425 748.126 651.97 425.951 394.641 381.099 301.841 448.328 300.782 426.626 229.396 243.734 198.756 207.387 198.271 193.383 191.467 170.733 134.394 133.553 131.263 130.275 127.741 119.802 221.392 115.517 114.376 112.266
threshold=1.011477053165436 0.80013251304626476 1.3486322760581972 -0.62762191891670216 1.1494548916816714 1.3530726432800295 -0.56820151209831227 -0.68039956688880909 0.9556623399257661 0.2861058115959168 0.2861058115959168 0.95037782192230236 0.69934985041618358 -0.27353890240192408 -0.64778602123260487 0.2861058115959168 1.5241824388504031 1.3435766100883486 0.69934985041618358 0.95819556713104259 0.69934985041618358 0.89026114344596874 1.3218595385551455 0.50200697779655468 3.6483438014984135 0.22282424569129947 0.96648588776588451 -0.83747833967208851 0.97749921679496776 -0.70556074380874623
decision_type=2 2 2 2 2 2 2 2 2 2 2 2 2 2 2 2 2 2 2 2 2 2 2 2 2 2 2 2 2 2
left_child=1 6 4 12 7 16 18 20 9 17 25 -12 13 -3 -6 -16 27 28 -1 -17 29 -11 -8 -20 -15 -9 -27 -4 -5 -2
right_child=2 3 5 8 14 -7 22 10 -10 21 11 -13 -14 24 15 19 -18 -19 23 -21 -22 -23 -24 -25 -26 26 -28 -29 -30 -31
leaf_value=0.0083861197001308119 -0.011756169177330862 -0.0059439099828065946 -0.024692664727808757 0.0039519868147683988 -0.0066004110169202886 -0.0044854634874005378 0.015750642676070827 -0.0023432261131207444 0.013981257042771207 0.0044173424978844024 -0.010424602654904814 5.1035287810430323e-05 -0.018305409895916371 -2.0956674429828405e-05 0.0075286973441069834 -0.004358367391468815 -0.021693264343447129 0.018405534676589171 -0.013240592114196204 0.0062823427922281301 -0.026505519518140119 -0.0011617614915279907 0.025833582355072379 0.006931770297522755 0.014996914977727394 -0.0016855847266038948 0.054095563294479135 -0.012882630040163358 0.011514091458387077 0.0052029699916523175
leaf_weight=91587 83718 90371 4411 74270 34242 30444 126757 121796 58416 95774 134820 52125 7151 134649 65545 58464 32764 31856 10259 27800 3335 150394 30418 8157 8510 4965 2608 51097 62413 4031
leaf_count=91587 83718 90371 4411 74270 34242 30444 126757 121796 58416 95774 134820 52125 7151 134649 65545 58464 32764 31856 10259 27800 3335 150394 30418 8157 8510 4965 2608 51097 62413 4031
internal_value=-5.72012e-05 0.00211727 -0.00305245 0.00108517 -0.00223549 -0.00713636 0.00487465 -0.00335544 0.00223969 0.0017657 -0.00253482 -0.00381743 -0.00118435 -0.000914229 0.000216876 0.000993024 -0.00889523 0.00375254 0.00257766 -0.000617871 -0.00620526 0.000405414 0.00648226 -0.00207428 0.00036917 -0.000681384 0.00542057 -0.00707466 0.00293489 -0.00583084
internal_weight=1.69315e+06 980982 712165 713804 593449 118716 267178 407398 473123 414707 316314 186945 240681 233530 186051 151809 88272 168539 110003 86264 91084 246168 157175 18416 143159 129369 7573 55508 136683 87749
internal_count=1693147 980982 712165 713804 593449 118716 267178 407398 473123 414707 316314 186945 240681 233530 186051 151809 88272 168539 110003 86264 91084 246168 157175 18416 143159 129369 7573 55508 136683 87749
is_linear=0
shrinkage=0.05


Tree=8
num_leaves=31
num_cat=0
split_feature=10 10 10 18 17 18 16 18 18 18 16 19 19 19 18 10 18 18 19 19 19 10 18 18 10 10 11 10 7 7
split_gain=3991.87 1013.01 853.212 625.491 596.986 426.804 389.112 289.41 258.184 398.108 242.181 219.165 218.546 209.947 302.036 206.119 193.223 172.683 170.933 184.661 169.945 164.45 158.441 186.181 140.134 135.263 130.251 124.823 119.881 108.279
threshold=1.011477053165436 0.83816421031951915 1.3486322760581972 -0.62762191891670216 1.2147424817085268 -0.56820151209831227 1.1870225667953493 -0.67074871063232411 0.29862368106842047 0.95305636525154125 1.0955491065979006 0.69934985041618358 0.95819556713104259 -0.92799669504165638 -0.28192219138145441 0.72079914808273327 0.19722913205623629 0.95819556713104259 0.69934985041618358 -0.27353890240192408 0.70864605903625499 1.4773701429367068 0.95819556713104259 0.2861058115959168 0.66909530758857738 1.1731162667274477 2.0194661617279057 0.58605727553367626 1.9550638794898989 4.6175200939178476
decision_type=2 2 2 2 2 2 2 2 2 2 2 2 2 2 2 2 2 2 2 2 2 2 2 2 2 2 2 2 2 2
left_child=1 5 4 18 7 11 21 20 -9 25 22 27 13 14 -6 -7 -14 -15 19 -3 -2 -4 23 -5 -13 -10 -8 -1 -17 -29
right_child=2 3 6 10 12 15 26 8 9 -11 -12 24 16 17 -16 28 -18 -19 -20 -21 -22 -23 -24 -25 -26 -27 -28 29 -30 -31
leaf_value=0.032195388233212462 -0.010129711507142015 -0.0065227865301751954 -0.013473223570488713 0.0056648799740127657 0.028644575934982111 0.022895458558624251 -0.0087952601508334838 -0.0015504565755222188 -0.0085107795391212489 0.00095832975065131005 0.0088322878153385583 0.0051945990492365483 0.0031709116468596368 -0.0047680962535476936 0.00066059294912552697 0.00978482715721073 0.030856407132712191 0.0037286884781012942 -0.018052656664810873 -0.00018232615868006287 -0.02701677590076848 -0.020765811828671373 0.010578126997860893 -0.0010771363647774314 -0.013824524580367821 -0.015275926402415142 0.0078914275255744567 0.0052150638686487396 0.017773915535798403 0.03163115898549803
leaf_weight=4627 95149 74197 38782 95976 8637 66269 37531 109402 89167 40676 129538 9585 17210 125095 30793 121692 7422 37021 5869 120756 3426 35522 32084 148650 11046 29451 6881 124224 33311 3158
leaf_count=4627 95149 74197 38782 95976 8637 66269 37531 109402 89167 40676 129538 9585 17210 125095 30793 121692 7422 37021 5869 120756 3426 35522 32084 148650 11046 29451 6881 124224 33311 3158
internal_value=-5.95636e-05 0.00200901 -0.00290895 0.000748019 -0.00213489 0.0040563 -0.00677836 -0.00337938 -0.00252925 -0.0038137 0.00187644 0.00202241 -0.000114069 -0.000657418 0.00261476 0.00545934 0.00433176 -0.00145328 -0.00153469 -0.00128159 -0.00569668 -0.00899144 0.00104116 0.000607867 -0.0027701 -0.00527745 -0.00307575 0.0027714 0.00446153 0.00247837
internal_weight=1.69315e+06 980982 712165 607070 593449 373912 118716 367271 268696 159294 406248 152640 226178 201546 39430 221272 24632 162116 200822 194953 98575 74304 276710 244626 20631 118618 44412 132009 155003 127382
internal_count=1693147 980982 712165 607070 593449 373912 118716 367271 268696 159294 406248 152640 226178 201546 39430 221272 24632 162116 200822 194953 98575 74304 276710 244626 20631 118618 44412 132009 155003 127382
is_linear=0
shrinkage=0.05


Tree=9
num_leaves=31
num_cat=0
split_feature=9 9 9 19 19 9 7 19 18 6 9 7 18 19 18 19 18 18 19 11 9 18 18 18 19 18 18 18 19 18
split_gain=3820.13 854.631 797.322 689.95 363.371 346.418 307.47 300.779 510.816 276.483 252.501 195.562 194.378 180.932 180.846 335.849 186.765 174.119 242.453 171.683 138.585 135.376 278.498 149.54 130.311 200.925 168.452 129.672 125.889 119.877
threshold=0.00019718673138413581 0.00050973679753951739 0.00011513341814861634 0.1456510201096535 0.18437977880239489 0.00027903167938347911 2.0546590089797978 -0.92304024100303639 -0.2143086493015289 1.3864684104919436 5.6667309763724922e-05 1.9229914546012881 0.29862368106842047 -0.69622442126274098 -0.063225833699107156 0.8537760078907014 -0.7238691747188567 -0.063225833699107156 0.67074871063232433 1.3076913356781008 0.00080881407484412204 -0.063225833699107156 -0.71477618813514698 0.70864605903625499 0.98203879594802868 0.26092512905597692 1.0000000180025095e-35 0.44424325227737432 0.75613728165626537 0.27353890240192419
decision_type=2 2 2 2 2 2 2 2 2 2 2 2 2 2 2 2 2 2 2 2 2 2 2 2 2 2 2 2 2 2
left_child=2 3 10 5 -4 -2 19 8 -7 14 -1 17 -10 20 16 -16 -6 18 -12 21 -3 22 -5 -23 25 -17 -26 -27 -18 -8
right_child=1 13 4 6 9 7 29 -9 12 -11 11 -13 -14 -15 15 24 28 -19 -20 -21 -22 23 -24 -25 26 27 -28 -29 -30 -31
leaf_value=0.045011678819984205 0.0024970042400787209 -0.0049817208812950268 0.009124517059276133 -0.0094305019718932855 0.00056563465174648282 0.018353467452805562 0.0048832693018799004 -0.0042272686677630013 -0.00012731732279289699 0.0099692974239686157 0.019639447678380686 0.025147294493800529 -0.016817728341459903 -0.01268245095073311 -0.0016629728341908791 0.047009363735237154 -0.018771210622706813 0.018276689400934031 -7.8171297819062957e-05 -0.0027413541160895231 -0.012534490429875089 -0.0050984756408131385 -0.021898717671599732 -0.012336446035195309 0.024331866217264787 0.0029069598792520915 -0.00144300012059001 0.025836401646842075 -0.0068833811597242226 -0.0046438125869140761
leaf_weight=13613 258438 72738 176942 48430 51380 24673 26787 285802 46529 51194 18133 35408 7478 91064 83105 7686 7353 64873 35582 39062 23409 70820 17235 35946 5089 13278 17595 6694 27618 29193
leaf_count=13613 258438 72738 176942 48430 51380 24673 26787 285802 46529 51194 18133 35408 7478 91064 83105 7686 7353 64873 35582 39062 23409 70820 17235 35946 5089 13278 17595 6694 27618 29193
internal_value=-6.09811e-05 -0.00185597 0.00308143 -0.00121031 0.00198065 -0.000298273 -0.00333436 -0.00129115 0.00144637 0.000829914 0.00602324 0.00544625 -0.00127669 -0.00492679 5.91452e-05 0.00121284 -0.00172378 0.00447263 0.00236712 -0.00420652 -0.00341404 -0.00488456 -0.00667098 -0.00378585 0.00443566 0.00673946 0.0016267 0.00409573 -0.00454234 -3.92997e-05
internal_weight=1.69315e+06 1.0776e+06 615543 890393 447934 622920 267473 364482 78680 270992 167609 153996 54007 187211 219798 133447 86351 118588 53715 211493 96147 172431 65665 106766 50342 27658 22684 19972 34971 55980
internal_count=1693147 1077604 615543 890393 447934 622920 267473 364482 78680 270992 167609 153996 54007 187211 219798 133447 86351 118588 53715 211493 96147 172431 65665 106766 50342 27658 22684 19972 34971 55980
is_linear=0
shrinkage=0.05


Tree=10
num_leaves=31
num_cat=0
split_feature=10 9 9 19 10 9 6 10 18 18 19 19 18 9 16 10 17 10 18 9 17 19 18 8 19 19 19 19 6 18
split_gain=3537.91 1344.02 1079.08 572.081 534.43 502.565 385.925 304.92 294.362 237.972 221.051 261.06 252.716 219.093 216.885 216.811 216.48 214.42 217.848 200.472 193.344 187.949 172.385 166.598 159.462 150.543 150.051 182.266 143.803 124.34
threshold=0.97041389346122753 0.00014136235404293987 0.00025326137256342923 -0.91265374422073353 1.2378053069114687 0.00036461926356423652 1.7415472865104678 1.1770282387733462 -0.28192219138145441 -0.61393940448760975 0.19722913205623629 0.8537760078907014 0.041439602151513107 0.00042264873627573257 1.5021160840988161 1.4991298913955691 1.0282835364341738 0.78079354763031017 0.8537760078907014 4.8490544941159903e-05 1.1900511384010317 0.69934985041618358 0.95037782192230236 8.1590700149536151 -0.70556074380874623 -0.98933362960815419 0.83985477685928356 0.15858851373195651 1.6045163273811343 0.18437977880239489
decision_type=2 2 2 2 2 2 2 2 2 2 2 2 2 2 2 2 2 2 2 2 2 2 2 2 2 2 2 2 2 2
left_child=1 19 6 8 16 9 7 22 13 21 12 -12 -11 -4 15 -6 -5 -14 -19 -1 -9 23 26 -3 -7 -10 27 -2 -21 -28
right_child=2 5 3 4 14 24 -8 20 25 10 11 -13 17 -15 -16 -17 -18 18 -20 28 -22 -23 -24 -25 -26 -27 29 -29 -30 -31
leaf_value=0.055801524255194648 0.00043559228536182992 0.00034357368265692801 0.02599496851983988 -0.0098871339415288473 -0.013882978867787405 0.001485270633895508 0.008413709227622624 -0.011760200550333789 0.00046779776852599045 0.021150906914439785 -0.0017256682911534261 0.0097608628371751889 0.01907236949200132 0.00039758670283522872 -0.0049073387224874533 -0.021881094700167865 -0.0043383821253432323 0.0017158221986137312 0.012501150083342238 0.013572661767435545 -0.0023787525160868352 -0.016646891786663676 0.0070421544157774907 0.014639985797017186 -0.0056053643406546172 -0.0092084904259455598 -0.00067409711327437449 -0.0068179871583802067 0.024139015929679437 0.011991952837807868
leaf_weight=6220 77987 148175 10970 126227 68890 54815 52053 46533 33611 31545 77794 47657 26150 16484 15127 24572 133849 91762 43299 170046 46772 5745 41553 14134 92403 39837 29875 69434 30254 19374
leaf_count=6220 77987 148175 10970 126227 68890 54815 52053 46533 33611 31545 77794 47657 26150 16484 15127 24572 133849 91762 43299 170046 46772 5745 41553 14134 92403 39837 29875 69434 30254 19374
internal_value=-6.44067e-05 0.00223899 -0.0023323 -0.00393948 -0.00485251 0.00109704 -0.000364851 -0.00099328 -0.000603556 0.00187194 0.00267577 0.00104224 0.00373892 0.00381365 -0.00779867 -0.00869765 -0.0036224 0.00293807 0.0021357 0.00574182 -0.00341622 0.000349888 -4.42862e-05 0.000664473 -0.00146246 -0.00225466 -0.000662531 -0.00146078 0.0054673 0.00172694
internal_weight=1.69315e+06 839999 853148 469567 368665 633479 383581 331528 100902 486261 318207 125451 192756 27454 108589 93462 260076 161211 135061 206520 93305 168054 238223 162309 147218 73448 196670 147421 200300 49249
internal_count=1693147 839999 853148 469567 368665 633479 383581 331528 100902 486261 318207 125451 192756 27454 108589 93462 260076 161211 135061 206520 93305 168054 238223 162309 147218 73448 196670 147421 200300 49249
is_linear=0
shrinkage=0.05


Tree=11
num_leaves=31
num_cat=0
split_feature=10 9 9 10 10 17 18 16 16 18 9 10 10 10 18 18 18 9 9 9 6 6 18 18 18 18 9 18 18 18
split_gain=3231.52 1508.68 743.071 538.624 536.937 464.98 267.461 261.914 226.703 210.849 184.084 178.974 174.04 173.695 160.993 151.984 151.758 206.755 136.576 131.924 124.237 122.35 111.3 204.74 111.005 191.662 116.761 109.286 109.017 152.405
threshold=1.0388994812965395 0.00022257883392740044 0.0001754984259605408 1.4991298913955691 0.75429892539978038 1.2147424817085268 -0.70556074380874623 1.2246118783950808 1.4871105551719668 0.95305636525154125 4.8490544941159903e-05 0.84862062335014354 0.91975700855255138 1.249695420265198 -0.17149884253740308 -0.26513479650020594 0.29862368106842047 0.00046601842041127389 0.00010130670489161277 0.00077746369061060261 2.1627862453460698 0.8359217941761018 -0.55738157033920277 -0.70556074380874623 -0.69308573007583607 0.2861058115959168 0.00027738281642086809 -0.67074871063232411 -0.55738157033920277 -0.71477618813514698
decision_type=2 2 2 2 2 2 2 2 2 2 2 2 2 2 2 2 2 2 2 2 2 2 2 2 2 2 2 2 2 2
left_child=1 4 14 5 10 13 11 9 -5 12 -1 -3 28 21 15 -2 17 -8 -16 20 24 -4 23 -12 -7 -26 -27 -15 29 -6
right_child=2 6 3 8 7 19 16 -9 -10 -11 22 -13 -14 27 18 -17 -18 -19 -20 -21 -22 -23 -24 -25 25 26 -28 -29 -30 -31
leaf_value=0.064151349850461808 -0.00042691014682552653 0.00036163528270266587 -0.0093036389524078344 -0.018781808280557012 0.0043581267803474493 -0.010233008584297888 0.0075667641635394078 0.012974847459876699 -0.0048273016300627806 0.013260363322590552 0.018220864994096399 -0.0060357778455694677 3.4206717075557784e-05 -0.019704269570128264 0.020201898217365802 -0.015854031738254337 -0.0009244092495522549 -0.0021584912052311834 0.0025306789913691176 -0.012083840223084048 0.0052833084626522919 -0.0039300013800390278 0.021332519263410617 -0.0020072392967791287 0.0021098276526515859 -0.0015176012255667061 -0.0085951639809640941 -0.012198185095146519 0.0085818745999951766 -0.011930307264866269
leaf_weight=4513 23570 72173 150800 37430 54701 17523 89529 94076 10016 42161 26383 125080 119221 11067 11027 8965 177186 44704 70257 12242 21318 56283 70714 14835 65491 41394 46207 42031 124108 8142
leaf_count=4513 23570 72173 150800 37430 54701 17523 89529 94076 10016 42161 26383 125080 119221 11067 11027 8965 177186 44704 70257 12242 21318 56283 70714 14835 65491 41394 46207 42031 124108 8142
internal_value=-6.74779e-05 0.00160474 -0.00292086 -0.00373348 0.00339803 -0.00321499 -0.000365461 0.00260291 -0.00880791 0.00197067 0.00641891 -0.00180606 0.00151418 -0.00461659 0.000733182 -0.00223913 0.000547012 0.00181513 0.00192289 -0.00142892 -0.00110794 -0.00396242 0.00601973 0.00395458 -0.0015576 -0.00112612 -0.00265579 -0.00716788 0.00246615 0.000769378
internal_weight=1.69315e+06 1.06753e+06 625621 511802 558854 464356 508672 442409 47446 348333 116445 197253 306172 260181 113819 32535 311419 134233 81284 204175 191933 207083 111932 41218 170615 153092 87601 53098 186951 62843
internal_count=1693147 1067526 625621 511802 558854 464356 508672 442409 47446 348333 116445 197253 306172 260181 113819 32535 311419 134233 81284 204175 191933 207083 111932 41218 170615 153092 87601 53098 186951 62843
is_linear=0
shrinkage=0.05


Tree=12
num_leaves=31
num_cat=0
split_feature=10 9 9 10 18 17 9 10 16 10 6 16 6 18 18 18 18 7 17 10 10 10 17 6 9 18 9 15 18 18
split_gain=2941.59 1467.3 634.519 459.041 414.186 412.099 294.558 253.141 206.098 185.206 165.369 156.286 150.627 144.67 161.055 143.788 142.533 123.551 123.009 115.531 109.678 104.321 103.44 101.72 95.2783 94.6926 92.6941 85.1208 82.156 81.318
threshold=1.0550752878189089 0.00016325376782333481 0.00017207006749231371 1.4991298913955691 -0.62762191891670216 1.2147424817085268 9.0755984274437665e-05 0.91615462303161632 1.4871105551719668 0.84243321418762218 1.1788440346717837 0.97749921679496776 1.100828289985657 -0.67074871063232411 0.32350382208824163 -0.080633651465177522 0.01527100056409836 1.7672216296195986 1.9077875614166262 0.84662991762161266 1.2378053069114687 1.2378053069114687 0.83796069025993358 1.0820749998092654 4.8490544941159903e-05 -0.99115538597106922 0.00046601842041127389 0.6953607201576234 0.17149884253740313 0.29862368106842047
decision_type=2 2 2 2 2 2 2 2 2 2 2 2 2 2 2 2 2 2 2 2 2 2 2 2 2 2 2 2 2 2
left_child=1 6 15 5 9 12 24 23 -5 -3 19 -9 13 20 -15 17 -17 -2 21 -8 25 -7 -21 -6 -1 -4 -11 28 -26 -13
right_child=2 4 3 8 7 18 10 11 -10 26 -12 29 -14 14 -16 16 -18 -19 -20 22 -22 -23 -24 -25 27 -27 -28 -29 -30 -31
leaf_value=0.049820580961708064 -0.00870825584602305 0.0011444812439416862 -0.0021950292605011248 -0.017800125475828855 0.0041295999626858705 -0.002300897635733812 0.011260328547916826 -0.0024104400894443437 -0.0045859365485596383 -0.003311195826515212 0.015354167259587643 0.0073992671450378916 -0.0041398927075122216 -0.0052023452374647229 -0.011264424034856314 0.026507435292011855 0.0031308285548855563 0.0086213511404463986 0.0017650291448054025 0.00035807840408285112 -0.020058106933347166 -0.0079426789183798755 0.0078494612854814079 0.0098595345204179289 0.013399337462263052 -0.013547417610072388 -0.00790424149163187 0.036155040123556602 0.02894398884232148 0.00074143825763981494
leaf_weight=6452 23757 98299 7287 37681 183785 91488 91748 132812 10096 150084 58942 44514 48894 57048 81151 6096 59422 7932 46166 56481 10113 58077 55085 55048 37007 32719 43085 7962 19228 74688
leaf_count=6452 23757 98299 7287 37681 183785 91488 91748 132812 10096 150084 58942 44514 48894 57048 81151 6096 59422 7932 46166 56481 10113 58077 55085 55048 37007 32719 43085 7962 19228 74688
internal_value=-7.37384e-05 0.00142653 -0.0029688 -0.0037138 0.000243444 -0.00320054 0.00420676 0.00112999 -0.0083649 -0.00124954 0.00343481 2.46018e-05 -0.00460179 -0.00524379 -0.00440922 0.000715483 0.00205287 -0.00204961 -0.00150232 0.00275879 -0.00754504 -0.00219871 0.00167793 0.00229637 0.00707229 -0.00636904 -0.00214864 0.00649018 0.0058051 0.0013389
internal_weight=1.69315e+06 1.11522e+06 577927 480720 782315 432943 332905 490847 47777 291468 262256 252014 237212 188318 138199 97207 65518 31689 195731 203314 50119 149565 111566 238833 70649 40006 193169 64197 56235 119202
internal_count=1693147 1115220 577927 480720 782315 432943 332905 490847 47777 291468 262256 252014 237212 188318 138199 97207 65518 31689 195731 203314 50119 149565 111566 238833 70649 40006 193169 64197 56235 119202
is_linear=0
shrinkage=0.05


Tree=13
num_leaves=31
num_cat=0
split_feature=10 9 9 19 10 6 10 9 18 17 17 9 18 6 6 10 9 17 19 18 18 8 18 18 19 18 9 9 19 19
split_gain=2687.81 1057.82 837.673 456.208 441.799 347.87 335.592 264.575 263.03 223.637 207.941 188.732 169.36 168.869 159.632 157.822 143.722 136.38 135.593 256.187 133.676 123.884 119.481 255.445 194.855 116.398 105.141 101.261 99.7922 98.3022
threshold=0.92343887686729442 0.00027738281642086809 0.0002006244249059819 -0.91265374422073353 1.2378053069114687 1.7415472865104678 1.1770282387733462 9.7269094112562029e-05 -0.31523424386978144 1.2147424817085268 1.0372262597084048 0.00036461926356423652 0.95305636525154125 2.1627862453460698 2.4598896503448491 1.4991298913955691 0.00047181016998365527 1.0372262597084048 -0.67719548940658558 0.054514370858669288 0.29862368106842047 6.5482077598571786 -0.70556074380874623 -0.56820151209831227 0.70864605903625499 0.8537760078907014 0.00050973679753951739 0.00084653412341140221 -0.61737772822380055 0.2861058115959168
decision_type=2 2 2 2 2 2 2 2 2 2 2 2 2 2 2 2 2 2 2 2 2 2 2 2 2 2 2 2 2 2
left_child=2 5 7 8 14 6 9 -1 16 12 -8 18 -2 15 22 -6 -3 29 19 -4 27 -20 -5 24 26 -25 -24 -10 -13 -9
right_child=1 3 11 4 13 -7 10 17 20 -11 -12 28 -14 -15 -16 -17 -18 -19 21 -21 -22 -23 23 25 -26 -27 -28 -29 -30 -31
leaf_value=0.021454637282481093 -0.0025099964059685288 0.024652826019362858 0.020917347807574555 -0.0092512626256151705 -0.012360070595959749 0.006868962363215686 -0.011912837542580469 0.010291011094263275 -0.00121574235070957 0.0051893714891656341 -0.0029583067390380469 0.0012212400804354929 0.0056036100116642401 -0.0013061532761805717 0.0050927300568150927 -0.019316802878394081 0.0014411411134608644 0.015634325642572566 0.00029831021733673914 0.0030884710422809493 -0.014600798420442007 0.0091988031718163495 0.016480748270695889 -0.0086123539967798424 -0.028553019887159393 -0.002363377416610152 0.00036929603878664845 -0.017163565821297938 -0.0049039945426120673 0.0049215072610929948
leaf_weight=71729 241449 10082 19906 94270 63328 73416 42341 91588 63331 93790 67630 52794 36121 9262 12738 24912 11540 51393 136834 42878 8759 22892 9719 103453 962 40168 14285 3664 58898 119015
leaf_count=71729 241449 10082 19906 94270 63328 73416 42341 91588 63331 93790 67630 52794 36121 9262 12738 24912 11540 51393 136834 42878 8759 22892 9719 103453 962 40168 14285 3664 58898 119015
internal_value=-7.36203e-05 -0.00168159 0.0023945 -0.0034256 -0.00422102 -0.000202525 -0.00069152 0.00416645 -0.000377917 2.6928e-05 -0.00311764 0.000625071 -0.000686313 -0.0071137 -0.00319763 -0.00778785 0.00448617 0.00342982 0.0014669 0.00343559 -0.00176624 0.000693062 -0.00346253 -0.00266539 0.00200272 -0.00347686 0.00288702 -0.00100679 -0.001052 0.00286629
internal_weight=1.69315e+06 1.02522e+06 667927 470473 373097 554747 481331 333725 97376 371360 109971 334202 277570 97502 275595 88240 21622 261996 222510 62784 75754 159726 262857 168587 24966 143621 24004 66995 111692 210603
internal_count=1693147 1025220 667927 470473 373097 554747 481331 333725 97376 371360 109971 334202 277570 97502 275595 88240 21622 261996 222510 62784 75754 159726 262857 168587 24966 143621 24004 66995 111692 210603
is_linear=0
shrinkage=0.05


Tree=14
num_leaves=31
num_cat=0
split_feature=9 9 9 19 7 19 18 18 18 7 18 19 9 18 9 18 19 6 18 19 7 19 19 18 18 19 6 18 18 18
split_gain=2450.17 695.818 486.112 538.681 343.685 333.38 314.922 402.166 282.303 261.696 207.247 259.876 189.587 189.558 187.088 177.897 164.133 151.211 153.318 229.761 140.312 130.487 110.084 244.248 123.102 119.237 108.47 105.939 243.416 272.896
threshold=0.00022257883392740044 0.00011513341814861634 0.00050973679753951739 -0.44032992422580713 1.5323815345764162 0.18437977880239489 0.054514370858669288 -0.70556074380874623 0.8537760078907014 3.3321042060852055 -0.063225833699107156 0.8537760078907014 0.00030749708821531391 -0.7238691747188567 6.2387738580582677e-05 0.78666386008262645 0.1456510201096535 1.5045347213745119 -0.063225833699107156 0.68039956688880932 5.1724565029144296 -0.69622442126274098 0.98203879594802868 0.26092512905597692 1.0000000180025095e-35 0.89395666122436535 2.0803744792938237 -0.56820151209831227 -0.39674647152423853 -0.31523424386978144
decision_type=2 2 2 2 2 2 2 2 2 2 2 2 2 2 2 2 2 2 2 2 2 2 2 2 2 2 2 2 2 2
left_child=1 14 3 6 5 15 7 -2 -8 12 13 -12 16 -7 -1 -3 -5 18 19 -16 -6 -4 23 -13 -24 -25 -23 -9 -29 -30
right_child=2 4 21 9 20 10 8 27 -10 -11 11 22 -14 -15 17 -17 -18 -19 -20 -21 -22 26 24 25 -26 -27 -28 28 29 -31
leaf_value=0.032908824530753257 -0.0038163413054810914 0.0022903957309269862 -0.0057231110527585565 -0.00078508608810383689 0.0067199398033280181 -0.0018607514612463683 -0.0042069820985612188 0.015749131581216349 0.010629088134128096 0.0035412601361924979 -0.0026386786081810444 0.042390927716518895 -0.0083989699996958826 -0.011520727665162878 0.015919051802619256 0.010721021329478116 -0.0064783422743645127 0.022428093176551169 0.015130586203298846 -0.0022328556021561532 0.023555462666585203 -0.011482812170869062 0.018286898404114692 0.019951765175478083 -0.0028894539216156034 0.00021563447433555207 0.00083719981649211801 -0.0040573357991206486 0.030688156549119518 0.0057145707634543193
leaf_weight=20301 53970 124355 96147 93521 154824 57370 161957 22561 16852 34346 91283 8104 147362 36076 19592 64286 114529 25417 67043 35256 8905 84053 5183 7640 19067 16748 7011 23734 14668 60986
leaf_count=20301 53970 124355 96147 93521 154824 57370 161957 22561 16852 34346 91283 8104 147362 36076 19592 64286 114529 25417 67043 35256 8905 84053 5183 7640 19067 16748 7011 23734 14668 60986
internal_value=-7.24391e-05 0.00203152 -0.00179195 -0.00121923 0.00122853 0.000486385 0.000190569 0.00169254 -0.00128713 -0.00250232 -0.000743982 0.000419862 -0.00290508 -0.00258759 0.00487653 0.00206132 -0.00193319 0.00425639 0.00352487 0.00156432 0.00317812 -0.00406947 0.00307709 0.00497969 0.000527835 0.00248073 -0.00542585 0.00328293 0.00258079 0.00396674
internal_weight=1.69315e+06 761450 931697 744486 593841 430112 354728 175919 178809 389758 241471 148025 355412 93446 167609 188641 208050 147308 121891 54848 163729 187211 56742 32492 24250 24388 91064 121949 99388 75654
internal_count=1693147 761450 931697 744486 593841 430112 354728 175919 178809 389758 241471 148025 355412 93446 167609 188641 208050 147308 121891 54848 163729 187211 56742 32492 24250 24388 91064 121949 99388 75654
is_linear=0
shrinkage=0.05


Tree=15
num_leaves=31
num_cat=0
split_feature=9 9 19 19 9 18 7 6 19 7 19 18 19 18 18 18 18 9 18 9 8 20 19 19 18 9 8 18 19 8
split_gain=2255.59 738.861 464.942 349.931 324.715 281.162 233.996 227.724 245.405 224.889 207.9 162.571 265.106 176.22 150.437 197.816 191.541 136.93 121.557 123.875 119.516 116.107 114.21 102.252 110.69 99.4191 96.9994 93.2777 178.653 91.9668
threshold=0.00016325376782333481 0.00029978234670124953 0.15858851373195651 -0.91792565584182728 8.8437478552805273e-05 -0.31523424386978144 1.4762572050094607 2.1627862453460698 0.11970336735248567 1.706084728240967 0.18437977880239489 -0.063225833699107156 0.8537760078907014 -0.7238691747188567 -0.054514370858669274 -0.7238691747188567 0.51316559314727794 0.00046601842041127389 0.29862368106842047 0.00051759040798060607 6.4417459964752206 -1.0000000180025095e-35 0.91618576645851146 0.82535797357559215 -0.50941574573516835 4.8490544941159903e-05 2.0841027498245244 -1.0000000180025095e-35 0.99227553606033336 7.8286123275756845
decision_type=2 2 2 2 2 2 2 2 2 2 2 2 2 2 2 2 2 2 2 2 2 2 2 2 2 2 2 2 2 2
left_child=4 2 20 5 25 21 14 8 17 10 -6 13 -13 -12 15 -4 -16 -5 19 -7 -2 -3 29 -11 -25 -1 -17 -14 -29 -8
right_child=1 3 6 7 9 18 22 -9 -10 23 11 12 27 -15 16 26 -18 -19 -20 -21 -22 -23 -24 24 -26 -27 -28 28 -30 -31
leaf_value=0.046032020904756735 0.0017960589359240166 0.026124715261913258 -0.0052271836362438153 -0.0036139627811885401 0.010308411354206126 0.0019989950764602083 -0.0028538377333445332 0.001864487343809007 -0.010701821376077432 0.0094297936792810746 0.0040772149467909529 0.00026623835724968184 0.033939586530650191 -0.0075710676833325614 0.0022214626286528208 -0.019195991630277388 -0.0058818368887333609 -0.0073858447510798623 -0.01342634984187987 -0.008021330853544107 0.0082157609313618599 0.0057255089128307908 0.0090523177227220582 0.066623969256081966 0.01653157280346973 0.017354523220149076 -0.0026058173815728339 0.018567452283579061 -0.0027126069193188942 0.0070832600455750022
leaf_weight=6713 367069 8461 53905 193225 75108 50330 47677 33597 106366 63853 36902 64335 5465 38714 50742 18550 79474 148446 7993 19061 40411 12408 19897 1741 21842 67012 4914 24136 10383 14417
leaf_count=6713 367069 8461 53905 193225 75108 50330 47677 33597 106366 63853 36902 64335 5465 38714 50742 18550 79474 148446 7993 19061 40411 12408 19897 1741 21842 67012 4914 24136 10383 14417
internal_value=-6.83048e-05 -0.00111019 -1.31984e-05 -0.00242884 0.00312827 0.000290576 -0.00154502 -0.00298359 -0.00328131 0.0024803 0.0017301 0.000807792 0.00208735 -0.000957469 -0.00243828 -0.00418449 -0.00140075 -0.00262841 -0.00109842 -0.000425848 0.00107539 0.00544108 0.000716542 0.00466856 0.00748208 0.00613835 -0.00801654 0.00528461 0.00432371 -0.000339807
internal_weight=1.69315e+06 1.27694e+06 697056 579887 416204 98253 289576 481634 448037 342479 255043 179935 104319 75616 207585 77369 130216 341671 77384 69391 407480 20869 81991 87436 23583 73725 23464 39984 34519 62094
internal_count=1693147 1276943 697056 579887 416204 98253 289576 481634 448037 342479 255043 179935 104319 75616 207585 77369 130216 341671 77384 69391 407480 20869 81991 87436 23583 73725 23464 39984 34519 62094
is_linear=0
shrinkage=0.05


Tree=16
num_leaves=31
num_cat=0
split_feature=10 9 16 10 18 18 18 18 19 10 10 18 18 10 6 17 19 19 9 18 19 18 19 18 9 18 19 9 9 18
split_gain=2339.04 1000.26 532.351 472.936 343.337 272.237 241.298 243.11 232.765 228.284 221.064 161.904 199.59 154.45 151.916 131.122 108.187 113.362 104.247 156.133 252.777 142.951 103.511 118.351 102.765 96.2883 206.81 96.033 94.9667 155.207
threshold=1.0550752878189089 0.0001503134844824672 1.3530726432800295 1.4403525590896609 -0.62762191891670216 -0.69308573007583607 0.29862368106842047 0.96065577864646923 0.69934985041618358 0.88635900616645824 0.7579837739467622 0.9556623399257661 0.31109040975570684 0.83597415685653698 2.5906715393066411 0.94810697436332714 0.18437977880239489 0.8537760078907014 0.00044489394349511718 -0.26513479650020594 -0.92304024100303639 -0.18008953332900998 -0.99115538597106922 -0.57892408967018116 4.8490544941159903e-05 -0.55738157033920277 0.70864605903625499 0.00016217233496718111 0.00033724731474649167 -0.55738157033920277
decision_type=2 2 2 2 2 2 2 2 2 2 2 2 2 2 2 2 2 2 2 2 2 2 2 2 2 2 2 2 2 2
left_child=1 10 3 5 8 -2 18 -8 13 16 24 12 -11 -3 27 -12 28 -18 19 20 -7 -21 -20 -24 -1 26 -26 -4 29 -6
right_child=2 4 14 -5 9 6 7 -9 -10 11 15 -13 -14 -15 -16 -17 17 -19 22 21 -22 -23 23 -25 25 -27 -28 -29 -30 -31
leaf_value=0.053256461112395882 -0.0099523258080622071 0.0020726946170484986 0.0078694690610023495 -0.014688260145049392 0.052580781776700704 0.027874309536133502 -0.00874479415349394 -0.00095090817778200058 -0.017903541993757193 0.0037172416920668639 0.0053764407930342933 0.0079806121254706545 -0.0024273716028654748 -0.0031270577949486958 0.012036088713334692 0.012864652498158892 -0.0013338959338239143 0.0083814161504616961 0.011038200723996179 -0.011581901192165357 -0.00074832126940896923 -3.2225667930502191e-05 0.0016959951744195791 -0.0095927921179473352 0.022768376512236302 0.021663408253613549 -0.0038172215229286821 -0.0020472326081268366 0.0027453031069426537 0.0098710511296645487
leaf_weight=4571 78238 95929 18332 52518 1821 9471 137309 50974 6742 115058 130866 36406 169878 204379 12851 65958 47182 31405 3980 11615 14961 66284 11500 28739 15548 48193 13299 81155 36143 91842
leaf_count=4571 78238 95929 18332 52518 1821 9471 137309 50974 6742 115058 130866 36406 169878 204379 12851 65958 47182 31405 3980 11615 14961 66284 11500 28739 15548 48193 13299 81155 36143 91842
internal_value=-7.16122e-05 0.00126621 -0.00265319 -0.0033986 0.000402433 -0.00283039 -0.00220991 -0.00339409 -0.000927862 0.00117351 0.00386212 0.000337646 -6.3523e-05 -0.000721592 0.000436184 0.00295492 0.00246241 0.000998257 -0.000688502 0.000188115 0.00367551 -0.00090566 -0.00271716 -0.00347797 0.00605004 0.00561786 0.0033331 -0.000224652 0.00334884 0.00418895
internal_weight=1.69315e+06 1.11522e+06 577927 465589 836785 413071 334833 188283 307050 529735 278435 321342 284936 300308 112338 196824 208393 78587 146550 102331 24432 77899 44219 40239 81611 77040 28847 99487 129806 93663
internal_count=1693147 1115220 577927 465589 836785 413071 334833 188283 307050 529735 278435 321342 284936 300308 112338 196824 208393 78587 146550 102331 24432 77899 44219 40239 81611 77040 28847 99487 129806 93663
is_linear=0
shrinkage=0.05


Tree=17
num_leaves=31
num_cat=0
split_feature=10 9 16 10 9 18 18 18 10 16 18 16 10 18 6 18 16 10 10 9 17 6 9 18 6 18 18 9 9 10
split_gain=2118.63 849.552 512.561 492.292 330.698 220.269 207.25 266.565 168.161 157.241 146.02 141.882 132.308 127.657 110.95 100.544 99.8976 96.1531 93.3429 89.4732 84.8536 76.801 75.1588 71.3541 79.6284 70.2935 166.774 68.5042 65.5191 65.464
threshold=1.0302439332008364 0.00014136235404293987 1.2884395122528078 1.3291264772415163 0.00025193899637088185 -0.69308573007583607 0.31109040975570684 0.96065577864646923 0.7346387803554536 1.2815726995468142 -0.70556074380874623 2.2640036344528203 0.77480906248092662 -0.83747833967208851 0.36474087834358221 0.99894830584526073 0.97749921679496776 1.7774003148078921 0.85687831044197094 4.8490544941159903e-05 0.80836221575737011 1.3435766100883486 0.00029978234670124953 -0.99280729889869679 0.73908001184463512 -0.55738157033920277 -0.70556074380874623 0.00032051738526206469 0.00011018203804269434 0.88833904266357433
decision_type=2 2 2 2 2 2 2 2 2 2 2 2 2 2 2 2 2 2 2 2 2 2 2 2 2 2 2 2 2 2
left_child=1 8 3 5 9 23 -7 27 19 12 18 14 -3 -5 28 21 29 -15 -6 -1 -10 -14 -16 -2 -25 26 -21 -8 -4 -12
right_child=2 4 11 13 10 6 7 -9 20 -11 16 -13 15 17 22 -17 -18 -19 -20 25 -22 -23 -24 24 -26 -27 -28 -29 -30 -31
leaf_value=0.053812770578325411 -0.0025668368847475477 0.0084740122903655627 0.013592952143985537 -0.019794232324800643 -0.00026335741302238038 -0.00050572587288099107 -0.0062539157672017289 0.00083524869718564214 0.0057293866092580142 0.0099674173619814354 0.001686201221436945 0.011216356094437774 0.00050260883278383515 -0.010330539623807046 0.006795194086454643 0.022911126421483685 0.0034561138254701252 -0.019545315245753803 -0.0050762034234459914 0.024366136591594124 0.011867420223744308 0.0054348263758009167 -0.0015879710773823554 -0.011546394251580007 -0.0046884953545721312 0.022861845174608587 -0.0020575617952311998 -0.010348962054501677 -0.0041159551234783822 -0.0032093203480119238
leaf_weight=4253 13973 60344 3597 7437 65839 140173 93760 47727 94562 60144 57700 16133 234833 78926 33560 4453 99908 7323 98971 11179 75937 48930 21194 50684 20588 35669 11637 44108 72820 76785
leaf_count=4253 13973 60344 3597 7437 65839 140173 93760 47727 94562 60144 57700 16133 234833 78926 33560 4453 99908 7323 98971 11179 75937 48930 21194 50684 20588 35669 11637 44108 72820 76785
internal_value=-7.07263e-05 0.00132892 -0.00230574 -0.00306311 0.000561513 -0.00231757 -0.00172546 -0.00282147 0.00398715 0.00156128 -0.000462046 0.000289198 0.00115389 -0.00633392 -0.000255011 0.000708149 0.000339814 -0.00579195 -0.00160245 0.00620039 0.00317275 0.000591162 0.00146291 -0.00458033 -0.00522084 0.0056912 0.00352384 -0.00393637 -0.00148593 -0.000549875
internal_weight=1.69315e+06 1.04114e+06 652003 504699 807907 411013 325768 185595 233237 408704 399203 147304 348560 93686 131171 288216 234393 86249 164810 62738 170499 283763 54754 85245 71272 58485 22816 137868 76417 134485
internal_count=1693147 1041144 652003 504699 807907 411013 325768 185595 233237 408704 399203 147304 348560 93686 131171 288216 234393 86249 164810 62738 170499 283763 54754 85245 71272 58485 22816 137868 76417 134485
is_linear=0
shrinkage=0.05


Tree=18
num_leaves=31
num_cat=0
split_feature=9 9 19 9 19 6 6 9 18 18 7 19 11 19 19 9 18 18 18 18 19 18 19 19 19 16 18 19 18 18
split_gain=1732.31 491.721 377.045 407.719 279.374 242.979 208.712 186.245 164.246 540.624 157.74 154.218 150.344 130.632 129.889 148.262 124.584 122.503 122.197 120.868 131.611 125.811 109.086 108.97 128.796 100.463 85.9565 236.533 133.278 85.1815
threshold=0.00022257883392740044 0.00013087081606499853 0.1326885595917702 0.00046056674909777945 0.19722913205623629 1.6853284835815432 0.47052986919879919 7.0841619162820293e-05 0.054514370858669288 -0.70556074380874623 2.0201025009155278 0.83985477685928356 0.67233559489250194 0.99894830584526073 -0.97768935561180104 0.00033466453896835452 1.0000000180025095e-35 0.84688794612884533 0.61048936843872081 -0.045798758044838898 0.68039956688880932 -0.7238691747188567 0.18437977880239489 0.1326885595917702 0.054514370858669288 1.3620578646659853 0.11970336735248567 0.96304282546043407 -0.7238691747188567 0.18437977880239489
decision_type=2 2 2 2 2 2 2 2 2 2 2 2 2 2 2 2 2 2 2 2 2 2 2 2 2 2 2 2 2 2
left_child=1 7 3 8 17 12 19 -1 9 -2 13 -8 -4 22 -11 -16 -15 -3 -10 21 -21 -6 -9 24 -19 -5 28 -28 -24 -29
right_child=2 4 5 25 6 -7 11 10 18 14 -12 -13 -14 16 15 -17 -18 23 -20 20 -22 -23 26 -25 -26 -27 27 29 -30 -31
leaf_value=0.023526864042053775 -0.0026245668569011451 0.0031522803026848402 -0.0112180624034536 -0.0063730457788700456 -0.0029636971515654589 0.0016686038852915587 0.00018678886422204832 0.012627031907378829 -0.0054903853957358421 0.0030394235108448576 0.015311287499862087 0.0099721423643853065 -0.0061273014308812716 0.051693791690427586 0.021891810989100421 0.0072450672229765478 0.0022395766061282241 0.0099931423690435683 -0.00052026312449667271 -0.0051558271014421897 0.0027606342541069751 -0.012042572027388615 0.008322020345648563 0.025497064063014153 -0.0054850070877955071 0.00032277738223511769 0.0034794468610016616 0.013690001554124299 -0.0040192265881294929 0.046782547474636463
leaf_weight=33965 138332 166298 62343 178889 40787 31162 70332 33284 87581 39352 44566 37448 141170 4157 22908 40862 2767 58508 164510 44591 60278 24104 22273 8350 10002 24588 46782 4501 43326 5131
leaf_count=33965 138332 166298 62343 178889 40787 31162 70332 33284 87581 39352 44566 37448 141170 4157 22908 40862 2767 58508 164510 44591 60278 24104 22273 8350 10002 24588 46782 4501 43326 5131
internal_value=-7.22028e-05 0.00169689 -0.00151804 -0.000934404 0.00083292 -0.00325152 -0.000251135 0.00356549 -0.000157939 0.00077406 0.00300188 0.00146966 -0.00388108 0.00227807 0.00351428 0.00490826 0.00899769 0.00207026 -0.00105061 -0.00134366 -0.000294177 -0.00303971 0.00197847 0.00372105 0.00306379 -0.00281776 0.00128634 0.00271741 5.56411e-05 0.00985257
internal_weight=1.69315e+06 761450 931697 697022 520698 234675 277540 240752 493545 241454 206787 107780 203513 162221 103122 63770 6924 243158 252091 169760 104869 64891 155297 76860 68510 203477 122013 56414 65599 9632
internal_count=1693147 761450 931697 697022 520698 234675 277540 240752 493545 241454 206787 107780 203513 162221 103122 63770 6924 243158 252091 169760 104869 64891 155297 76860 68510 203477 122013 56414 65599 9632
is_linear=0
shrinkage=0.05


Tree=19
num_leaves=31
num_cat=0
split_feature=10 10 9 16 11 9 9 10 15 19 10 6 19 19 19 10 11 16 19 19 6 6 19 19 19 19 9 9 6 9
split_gain=1882.81 701.431 469.444 427.021 304.731 234.458 214.026 145.071 134.817 139.386 130.999 130.013 116.512 199.363 116.188 111.833 111.082 110.072 104.093 88.0736 94.8295 80.5535 80.9803 151.941 107.342 82.1153 79.7145 74.2949 73.5599 69.2461
threshold=0.9252176582813264 1.2435755133628847 0.00013880214828532192 1.1677150130271914 1.1836459636688235 0.00027903167938347911 0.00036461926356423652 1.4991298913955691 0.65943133831024181 0.17149884253740313 0.55844441056251537 0.9375269114971162 0.19722913205623629 0.84688794612884533 -0.69622442126274098 0.73867735266685497 2.8463039398193364 1.5862277150154116 0.86051779985427868 -0.92304024100303639 1.898678779602051 1.6045163273811343 0.52435624599456798 0.82535797357559215 0.71782085299491893 0.89395666122436535 0.00011830384028144182 8.8437478552805273e-05 2.1201672554016118 0.00015857336256885904
decision_type=2 2 2 2 2 2 2 2 2 2 2 2 2 2 2 2 2 2 2 2 2 2 2 2 2 2 2 2 2 2
left_child=2 3 10 5 7 12 8 19 9 15 -1 -5 -2 -14 -7 -4 -6 -13 -11 -3 26 22 -12 24 27 -25 -21 -24 -16 -9
right_child=1 4 6 11 16 14 -8 29 -10 18 21 17 13 -15 28 -17 -18 -19 -20 20 -22 -23 23 25 -26 -27 -28 -29 -30 -31
leaf_value=0.035006728087928096 0.00072331942813929078 -0.0029790025234265995 0.01314687056922449 0.00071143794090875465 -0.0031799811467568499 -0.0027983940509621386 -0.0014685475057704457 -9.5989941231366954e-05 0.0092003536896833171 -0.001720656237467838 0.013859566998026174 0.003714215841768476 -0.0059512124646662334 0.0018494079182912737 -0.0072260228063871562 0.0040552951827400379 0.017241481825409122 0.013520551264995651 0.0063186111454081708 0.0040767064082970371 -0.00032641019877230896 0.018189285867415462 0.024837309195686188 0.033069305998126096 -0.0074335862999165784 0.010150371323850389 -0.011132513297355951 0.0024383222559194676 0.0020514470516510785 -0.014850414484167429
leaf_weight=9770 169236 19879 24274 151039 55023 105217 113032 2694 69804 97062 62658 48095 104025 59400 140743 165771 3586 19951 30018 3835 9501 24811 4831 5753 16866 33336 82199 16547 8328 35863
leaf_count=9770 169236 19879 24274 151039 55023 105217 113032 2694 69804 97062 62658 48095 104025 59400 140743 165771 3586 19951 30018 3835 9501 24811 4831 5753 16866 33336 82199 16547 8328 35863
internal_value=-7.03129e-05 -0.00142714 0.00197863 -0.000753318 -0.00398203 -0.00145643 0.00119919 -0.00515 0.00175833 0.00132046 0.00421087 0.00113038 -0.000582725 -0.00153495 -0.00259941 0.00217764 -0.000913682 0.00294507 3.85584e-05 -0.00426291 -0.00489297 0.00387738 0.00341201 0.00232954 8.89028e-05 0.00452173 -0.00541646 0.00244176 -0.00349733 -0.00780533
internal_weight=1.69315e+06 1.01861e+06 674533 806034 212580 586949 499961 153971 386929 317125 174572 219085 332661 163425 254288 190045 58609 68046 127080 115414 95535 164802 139991 77333 38244 39089 86034 21378 149071 38557
internal_count=1693147 1018614 674533 806034 212580 586949 499961 153971 386929 317125 174572 219085 332661 163425 254288 190045 58609 68046 127080 115414 95535 164802 139991 77333 38244 39089 86034 21378 149071 38557
is_linear=0
shrinkage=0.05


Tree=20
num_leaves=31
num_cat=0
split_feature=10 9 16 10 10 7 7 19 9 19 17 11 9 9 9 17 19 10 19 19 19 6 10 19 10 19 19 17 17 19
split_gain=1729.97 680.852 403.309 364.622 352.706 196.371 163.437 160.326 155.891 180.629 153.681 128.644 95.8648 95.3072 89.341 88.5672 85.8715 85.7636 82.655 95.1644 106.603 81.3271 81.1332 78.365 77.8174 71.0328 107.87 73.952 64.4384 68.7066
threshold=1.0550752878189089 0.00023987099120859059 1.2884395122528078 0.75429892539978038 1.4086553454399111 3.7168555259704594 2.0201025009155278 -0.69622442126274098 0.00015857336256885904 -0.92304024100303639 0.94391253590583812 2.1293333768844609 0.00043095600267406558 6.6695167333818986e-05 0.00016876000154297802 0.89668861031532299 -0.92799669504165638 0.92343887686729442 0.2861058115959168 0.832677721977234 0.7357999086380006 1.6045163273811343 1.9385754466056826 0.94190874695777904 0.91257944703102123 -0.96868926286697377 -0.98933362960815419 1.1900511384010317 0.94810697436332714 0.49052239954471594
decision_type=2 2 2 2 2 2 2 2 2 2 2 2 2 2 2 2 2 2 2 2 2 2 2 2 2 2 2 2 2 2
left_child=1 3 4 13 8 10 7 24 -2 25 17 14 28 -1 -4 21 -16 -5 -15 20 -20 -11 -6 -8 -3 26 -10 -27 29 -9
right_child=2 6 11 5 22 -7 23 12 9 15 -12 -13 -14 18 16 -17 -18 -19 19 -21 -22 -23 -24 -25 -26 27 -28 -29 -30 -31
leaf_value=0.032640545748642169 0.00032553749821622184 0.0045985976184926723 0.0061200468222417153 0.0032477099276626066 -0.011459046601768741 0.01404999710273548 0.002655982126105494 -0.0022802045032484174 0.0011400048584026602 -0.0095191955729795729 0.0062060113539073262 0.0086033085969825403 -0.006401311319706982 0.016880916982888784 0.0044125785426603501 -0.0054005829197354529 -0.0041416284400270951 -0.000997846056547841 0.010047957697151323 0.017129012139433363 -0.0034328510804337744 -0.00052832756849559021 -0.022829804033402679 0.024183720360173279 -0.00105217443358544 -0.0013219022620261089 -0.010098667747848667 0.012414174843868487 0.00063626027704176695 -0.0081636792976100322
leaf_weight=14095 49395 58284 21898 192420 55536 31494 92157 95586 23974 85774 178231 20775 64214 38553 17581 177058 73582 115962 31541 20903 17241 9918 3749 2952 73427 13053 16185 9449 62960 25200
leaf_count=14095 49395 58284 21898 192420 55536 31494 92157 95586 23974 85774 178231 20775 64214 38553 17581 177058 73582 115962 31541 20903 17241 9918 3749 2952 73427 13053 16185 9449 62960 25200
internal_value=-6.93088e-05 0.00108122 -0.00228948 0.00214493 -0.00301458 0.00156522 -0.000353637 -0.000817945 -0.0024615 -0.0028477 0.00131758 0.000116561 -0.00156678 0.00460015 -0.000547934 -0.00340385 -0.0012368 0.000642061 0.00409653 0.00306881 0.00185929 -0.00462944 -0.00660454 0.00149986 0.000591826 -0.0004269 -0.00168704 0.00182206 -0.0009856 -0.00166162
internal_weight=1.69315e+06 1.11522e+06 577927 640440 444091 518107 474780 379671 384806 335411 486613 133836 247960 122333 113061 272750 91163 308382 108238 69685 48782 95692 59285 95109 131711 62661 40159 22502 183746 120786
internal_count=1693147 1115220 577927 640440 444091 518107 474780 379671 384806 335411 486613 133836 247960 122333 113061 272750 91163 308382 108238 69685 48782 95692 59285 95109 131711 62661 40159 22502 183746 120786
is_linear=0
shrinkage=0.05


Tree=21
num_leaves=31
num_cat=0
split_feature=10 9 10 17 11 9 7 9 17 10 10 19 7 9 10 10 19 11 19 19 19 19 9 19 9 19 6 19 19 17
split_gain=1573.18 512.893 468.94 325.425 254.314 221.922 179.836 177.964 131.733 128.245 119.357 118.123 117.867 105.41 102.459 97.6727 94.2603 91.9444 83.1947 145.368 151.921 106.146 93.7035 82.5871 77.5177 90.2032 82.425 75.6825 90.1023 75.0223
threshold=0.98005646467208873 0.00014136235404293987 1.2556776404380801 1.2482259869575503 1.1836459636688235 0.00036461926356423652 1.5323815345764162 0.00015857336256885904 1.0372262597084048 0.55844441056251537 1.7774003148078921 0.17149884253740313 3.2731913328170781 0.00017207006749231371 1.0870499014854433 0.78079354763031017 -0.99280729889869679 2.8463039398193364 0.29862368106842047 0.82535797357559215 0.71782085299491893 0.88599923253059398 8.066349619184622e-05 -0.91265374422073353 0.00011513341814861634 -0.92304024100303639 1.864291846752167 0.93590369820594799 0.61048936843872081 1.115993916988373
decision_type=2 2 2 2 2 2 2 2 2 2 2 2 2 2 2 2 2 2 2 2 2 2 2 2 2 2 2 2 2 2
left_child=1 9 3 7 10 6 8 -2 11 -1 24 15 18 -5 -9 -3 -16 -6 -11 20 22 -21 -20 -15 -4 -26 29 28 -8 -27
right_child=2 5 4 13 17 -7 27 14 -10 12 -12 -13 -14 23 16 -17 -18 -19 19 21 -22 -23 -24 -25 25 26 -28 -29 -30 -31
leaf_value=0.032320177777291619 0.0012688635875933718 0.0079440185958270185 0.0058122830784411274 0.0085697903285924804 -0.0030207326525016121 -0.0019680060801187007 0.0074291838700497326 -0.0029691522252752178 0.0056877005198814447 0.012753032588275827 -0.017501973591527949 -0.0025133721681112834 0.019304005682294446 0.0057181313834076932 0.0036435353440605668 0.00082249578803480496 -0.0065748384843557113 0.016380733463900007 0.022799874230534548 0.032617257079451713 -0.0073183705429193668 0.0091761348739247458 0.0033768532063169266 -0.00085266084575902909 -0.004136624297806063 -0.013561705040944151 -0.0020616403726883225 0.019667758087558287 -0.00053055845121986473 -0.0087740321398641196
leaf_weight=9885 71683 34947 4270 35824 51367 154630 106396 201867 86887 53345 9712 110269 20483 33312 9655 137411 144704 3416 8572 6928 19384 43906 48870 123078 22614 41627 10999 7670 24657 54779
leaf_count=9885 71683 34947 4270 35824 51367 154630 106396 201867 86887 53345 9712 110269 20483 33312 9655 137411 144704 3416 8572 6928 19384 43906 48870 123078 22614 41627 10999 7670 24657 54779
internal_value=-7.03129e-05 0.00140476 -0.00164506 -0.000967631 -0.00375835 0.000720884 0.00122551 -0.0017353 0.000649231 0.00354941 -0.00486142 0.000125784 0.00327662 0.000741361 -0.00219271 0.000943385 -0.00316243 -0.000858843 0.00286981 0.00217688 0.000804415 0.00425109 0.00209603 0.000180958 -0.00447431 -0.00469201 -0.00529631 0.00276054 0.00247801 -0.00576416
internal_weight=1.69315e+06 874240 818907 620123 198784 662867 508237 427909 369514 211373 144001 282627 201488 192214 356226 172358 154359 54783 181005 127660 76826 50834 57442 156390 134289 130019 107405 138723 131053 96406
internal_count=1693147 874240 818907 620123 198784 662867 508237 427909 369514 211373 144001 282627 201488 192214 356226 172358 154359 54783 181005 127660 76826 50834 57442 156390 134289 130019 107405 138723 131053 96406
is_linear=0
shrinkage=0.05


Tree=22
num_leaves=31
num_cat=0
split_feature=10 10 9 16 16 18 18 10 19 18 19 7 19 10 17 7 10 18 18 19 9 19 21 16 18 18 5 18 18 19
split_gain=1441.82 541.3 370.314 336.988 217.97 203.511 177.453 149.89 136.147 155.229 141.19 127.161 135.79 119.122 108.71 105.046 98.2803 95.8521 121.204 81.4615 79.3721 78.3625 79.5733 75.7725 74.0882 279.492 74.0866 73.3456 94.3823 107.332
threshold=0.9252176582813264 1.2378053069114687 0.0002006244249059819 1.1677150130271914 1.3530726432800295 0.96065577864646923 -0.83025357127189625 0.7346387803554536 -0.90164175629615773 0.067579798400402083 0.84688794612884533 2.0546590089797978 -0.69622442126274098 1.5531435608863833 1.0195057392120364 2.4883987903594975 1.0818855762481692 -0.14565102010965345 -0.50941574573516835 0.832677721977234 4.8490544941159903e-05 -0.19294966012239453 0.65450850129127514 2.2640036344528203 0.2861058115959168 0.19722913205623629 0.00078021833905950199 -0.63775861263275135 0.2861058115959168 -0.61737772822380055
decision_type=2 2 2 2 2 2 2 2 2 2 2 2 2 2 2 2 2 2 2 2 2 2 2 2 2 2 2 2 2 2
left_child=2 3 7 5 6 8 -3 20 9 -2 16 12 -4 -8 -9 27 -10 18 -12 -17 -1 22 -7 -6 25 -19 -20 -5 -29 -30
right_child=1 4 11 15 23 21 13 14 10 -11 17 -13 -14 -15 -16 19 -18 24 26 -21 -22 -23 -24 -25 -26 -27 -28 28 29 -31
leaf_value=0.045887099393570829 0.0042130317748757416 -0.015117419298967261 0.0042037977728833168 -0.0029624720563548148 -0.0030079971193422983 0.0081687219741658941 -0.0063846329845650201 0.0043389516483898442 -0.0037353305650146499 -0.0047435440284361204 0.039077709375460276 0.005749518511708962 -0.0014061362902256958 -0.012243941445321611 0.011541555971491913 0.0050099569157355806 -0.0067645266955705498 0.0008718252922250147 -0.012950033941265694 0.022297667196279972 0.012548513403651996 0.0016446841268348057 0.039387898490161728 0.0087931797086131368 -0.0023526420909518344 0.037282430197997193 0.0053169213027358334 0.0063709286869150896 -0.0071583577920976364 0.0019509103723751753
leaf_weight=4253 55614 15397 82850 38390 42763 7561 127248 190298 245822 41848 1544 66667 188760 25840 56822 34289 109337 26381 11409 7267 84883 47465 1762 8248 24954 6004 2583 56565 16963 63360
leaf_count=4253 55614 15397 82850 38390 42763 7561 127248 190298 245822 41848 1544 66667 188760 25840 56822 34289 109337 26381 11409 7267 84883 47465 1762 8248 24954 6004 2583 56565 16963 63360
internal_value=-6.99585e-05 -0.0012573 0.00172304 -0.00065322 -0.00345656 -0.00127979 -0.00432353 0.00289809 -0.00158707 9.9526e-05 -0.00197111 0.000555019 7.47395e-05 -0.00380892 0.00226408 0.00102936 -0.00238245 3.36192e-05 -0.00345005 0.00328954 0.00465581 0.00156371 0.00575459 -0.000593009 0.00097752 0.0025552 -0.0049171 0.000493502 0.00103515 -6.66061e-05
internal_weight=1.69315e+06 1.01861e+06 674533 799118 219496 582284 168485 336256 525496 97462 428034 338277 271610 153088 247120 216834 355159 72875 15536 41556 89136 56788 9323 51011 57339 32385 13992 175278 136888 80323
internal_count=1693147 1018614 674533 799118 219496 582284 168485 336256 525496 97462 428034 338277 271610 153088 247120 216834 355159 72875 15536 41556 89136 56788 9323 51011 57339 32385 13992 175278 136888 80323
is_linear=0
shrinkage=0.05


Tree=23
num_leaves=31
num_cat=0
split_feature=10 9 6 9 19 10 10 17 7 17 10 10 9 7 19 10 17 17 9 19 19 19 19 8 9 19 9 6 16 16
split_gain=1301.58 572.785 341.33 235.243 251.454 207.359 187.128 168.561 158.556 142.118 136.196 110.095 93.8009 93.5414 94.6234 92.4781 87.2252 83.5681 80.9265 79.5386 184.798 79.136 74.3888 69.1634 65.6132 64.9836 74.608 64.6135 64.2189 62.4212
threshold=1.0717756152153017 0.00015971424727467823 2.3023285865783696 0.00028404031763784593 -0.91265374422073353 0.85687831044197094 1.4991298913955691 1.1054617762565615 3.7168555259704594 1.184118986129761 0.84023258090019237 1.2323570847511294 0.00037091206468176102 4.7778623104095468 -0.8959035575389861 0.55844441056251537 1.1106482148170473 1.0608727335929873 0.00024767784634605056 0.54646614193916332 0.82535797357559215 0.49052239954471594 -0.45204447209835047 -13.293497562408445 0.00011182672824361363 0.71782085299491893 0.00010507710976526143 3.4877307415008549 1.6514403223991396 1.2815726995468142
decision_type=2 2 2 2 2 2 2 2 2 2 2 2 2 2 2 2 2 2 2 2 2 2 2 2 2 2 2 2 2 2
left_child=1 8 3 9 -5 12 16 13 10 11 15 -2 22 14 -7 -1 -6 -12 -16 -17 25 -20 -3 -14 -11 26 -21 -4 -9 -24
right_child=2 5 27 4 6 7 -8 28 -10 24 17 -13 23 -15 18 19 -18 -19 21 20 -22 -23 29 -25 -26 -27 -28 -29 -30 -31
leaf_value=0.029832327466345093 -0.0030954939037830757 0.0075892480753249119 0.0024320198351738213 -0.0016583104753806978 -0.0092239305999907983 0.0017268252838174348 -0.014092850967988457 0.0011908252859131885 0.019010969433357491 0.014427170359874487 0.001590408466425719 -0.009331718132836864 0.037460459279876797 0.013103115031881869 -0.00092370011081102101 0.012837905131404549 -0.0054843602484785205 0.0083257727501507336 -0.0032574331547656991 0.017211374648426415 0.013904010795365719 -0.0090592221582892051 0.0016387196726347032 -0.0011407520287449347 -0.00067480983560114227 -0.0062868081821655097 -0.0022105217660521592 0.013841594370468053 0.0078430089694606631 0.010227661381739096
leaf_weight=9202 95613 74496 30358 60791 74928 64155 24668 144106 23236 6339 114614 38535 812 5818 138541 63279 91818 45410 167637 6914 33104 27053 111083 62784 99581 18048 12048 9076 24681 14419
leaf_count=9202 95613 74496 30358 60791 74928 64155 24668 144106 23236 6339 114614 38535 812 5818 138541 63279 91818 45410 167637 6914 33104 27053 111083 62784 99581 18048 12048 9076 24681 14419
internal_value=-6.87182e-05 0.000869266 -0.00211761 -0.00247617 -0.00354255 0.000175865 -0.00443228 -0.000358834 0.00264734 -0.00135587 0.00234172 -0.00243686 0.00133615 -0.000914177 -0.00100633 0.00346541 -0.00383098 0.00134042 -0.00134486 0.00313097 0.00197108 -0.00200216 0.00186802 -0.000336499 1.32175e-05 -0.000456633 0.00158739 0.00235837 0.000967788 0.00112508
internal_weight=1.69315e+06 1.16144e+06 531707 492273 252205 835585 191414 571991 325855 240068 302619 134148 263594 403204 397386 142595 166746 160024 333231 133393 70114 194690 199998 63596 105920 37010 18962 39434 168787 125502
internal_count=1693147 1161440 531707 492273 252205 835585 191414 571991 325855 240068 302619 134148 263594 403204 397386 142595 166746 160024 333231 133393 70114 194690 199998 63596 105920 37010 18962 39434 168787 125502
is_linear=0
shrinkage=0.05


Tree=24
num_leaves=31
num_cat=0
split_feature=10 9 9 6 10 18 10 18 18 19 18 18 19 19 19 18 19 11 19 19 19 18 19 19 18 18 18 17 19 19
split_gain=1193.2 454.518 316.021 229.616 224.072 182.232 174.141 169.672 161.173 155.091 134.124 129.803 124.82 118.343 124.553 115.157 114.643 111.803 101.608 96.9538 129.261 120.264 149.869 123.752 108.569 129.384 93.6628 93.3004 92.4695 89.7323
threshold=0.9252176582813264 0.00025471186381764715 0.00013224145368440079 1.5045347213745119 1.2378053069114687 -0.61393940448760975 1.1731162667274477 -0.70556074380874623 0.2861058115959168 -0.91792565584182728 0.79467767477035534 0.95037782192230236 0.32350382208824163 0.18437977880239489 0.8537760078907014 -0.23980389535427091 0.11970336735248567 0.53150761127471935 0.69934985041618358 0.83985477685928356 0.15858851373195651 0.17149884253740313 0.96304282546043407 0.86927726864814769 0.067579798400402083 0.78666386008262645 0.57892408967018139 1.1900511384010317 -0.98933362960815419 0.99930992722511303
decision_type=2 2 2 2 2 2 2 2 2 2 2 2 2 2 2 2 2 2 2 2 2 2 2 2 2 2 2 2 2 2
left_child=2 3 -1 6 7 18 11 -3 -9 15 -10 19 -12 16 26 -6 -7 -11 -4 20 24 23 -23 -21 -2 -26 -15 -8 -17 -25
right_child=1 4 5 -5 9 13 27 8 10 17 12 -13 -14 14 -16 28 -18 -19 -20 21 -22 22 -24 29 25 -27 -28 -29 -30 -31
leaf_value=0.010089189726951543 0.0047868236412826008 -0.005973002907982106 2.4178299223065472e-05 0.0054386224341659078 0.0063794869338457023 0.0058104953277586524 -0.0081303450798851824 0.00095068166015349067 -0.0064601513986507712 -0.014381722100421152 0.00069085889988867999 0.0056579879947786238 -0.011107833864410161 -0.012440464506328242 0.0062755641667791469 -0.00070512155337824076 0.043600324955766712 -0.0075453118603677821 -0.013832518316459826 0.033117996204967616 -0.0049035557299620452 0.0029539599805220086 0.029847980601041026 -0.0052653148359810891 -0.0054557866814862691 0.0067099007155911883 -0.0001965521974275575 -0.0017708922233836356 -0.014057637565684823 0.013065107110875485
leaf_weight=157026 45805 109288 200681 81189 13140 187358 46667 128868 83168 17462 62981 50095 6836 9239 46851 12496 2381 92388 6172 2526 92556 16976 7793 27388 44394 15795 64825 46265 9552 4986
leaf_count=157026 45805 109288 200681 81189 13140 187358 46667 128868 83168 17462 62981 50095 6836 9239 46851 12496 2381 92388 6172 2526 92556 16976 7793 27388 44394 15795 64825 46265 9552 4986
internal_value=-6.32845e-05 -0.00114342 0.00156783 -2.99522e-05 -0.00214527 0.000971678 -0.000520628 -0.00152285 -0.000874392 -0.00382383 -0.00197176 5.12465e-05 -0.000355931 0.0017373 0.000514824 -0.000934978 0.00251635 -0.0047492 -0.000178146 -0.000400629 -0.000931755 0.00136671 0.00403125 -0.000524355 0.000260392 -0.00113559 -0.000761504 -0.0024179 -0.00314314 -0.00135603
internal_weight=1.69315e+06 1.01861e+06 674533 482435 536179 517507 401246 391141 281853 145038 152985 308314 69817 310654 120915 35188 189739 109850 206853 258219 198550 59669 24769 34900 105994 60189 74064 92932 22048 32374
internal_count=1693147 1018614 674533 482435 536179 517507 401246 391141 281853 145038 152985 308314 69817 310654 120915 35188 189739 109850 206853 258219 198550 59669 24769 34900 105994 60189 74064 92932 22048 32374
is_linear=0
shrinkage=0.05


Tree=25
num_leaves=31
num_cat=0
split_feature=10 9 11 10 10 18 19 18 18 18 18 7 18 18 19 19 18 18 19 7 11 18 9 8 9 18 19 16 18 19
split_gain=1098.05 418.011 346.175 293.829 213.114 156.206 292.2 211.01 155.228 178.601 210.039 132.881 114.802 107.797 224.138 104.851 104.38 143.504 99.8058 96.9387 93.0441 90.4731 174.634 88.3739 85.557 82.2675 149.196 78.6805 78.0139 76.7111
threshold=1.0176468491554262 0.00021664595988113436 1.5555007457733157 1.3291264772415163 0.72079914808273327 -0.56820151209831227 0.69934985041618358 -0.50941574573516835 -0.68039956688880909 0.29862368106842047 0.93121272325515758 2.0201025009155278 -0.83747833967208851 0.22282424569129947 0.96648588776588451 -0.69622442126274098 0.95305636525154125 0.50188699364662182 0.69934985041618358 3.7168555259704594 0.6419128179550172 0.041439602151513107 0.00046056674909777945 9.458656311035158 0.00043095600267406558 -0.14565102010965345 0.86051779985427868 2.6262013912200932 -0.70556074380874623 0.86051779985427868
decision_type=2 2 2 2 2 2 2 2 2 2 2 2 2 2 2 2 2 2 2 2 2 2 2 2 2 2 2 2 2 2
left_child=1 4 3 8 -1 6 -6 -7 18 13 23 15 -5 -10 -15 21 17 19 28 25 -14 22 -3 -11 -17 26 -9 -4 -2 -27
right_child=2 11 27 12 5 7 -8 16 9 10 -12 -13 20 14 -16 24 -18 -19 -20 -21 -22 -23 -24 -25 -26 29 -28 -29 -30 -31
leaf_value=0.012988919405992051 -0.0059676449447731879 0.0098016503430318931 0.0019318600894288052 -0.01502786329853948 0.0022168712148240401 0.036523684241155284 -0.014025140507663647 0.016893659659033923 -0.00026784949794852466 -0.0062758781826226188 0.00033236512515402716 0.0035710491769852916 -0.011400663178066546 0.0010741726945829311 0.051872594828011057 -0.0012043415489850385 0.010773618872213155 0.00073950604815227201 -0.017616350358962474 0.021951770848700248 -0.005554771551196486 -0.0016807332323605095 -0.0021707452091371151 0.013255713944655557 -0.0055148394092351845 0.0038489716087044658 -0.0076768679004272757 0.01397237391066225 0.0077676624760601 0.011315669485545743
leaf_weight=81598 97028 40522 77389 8871 104986 6124 13552 6262 148905 144073 78664 98164 33460 9540 3531 204698 52799 122909 3759 7994 72062 58565 30665 2417 57034 46898 14146 8379 4091 54062
leaf_count=81598 97028 40522 77389 8871 104986 6124 13552 6262 148905 144073 78664 98164 33460 9540 3531 204698 52799 122909 3759 7994 72062 58565 30665 2417 57034 46898 14146 8379 4091 54062
internal_value=-5.92093e-05 0.000999622 -0.00159044 -0.00201096 0.00199949 0.00155469 1.01233e-05 0.00214304 -0.00148026 -0.001018 -0.0019289 -4.45218e-05 -0.00429353 0.000248185 0.00460179 -0.000456979 0.00195857 0.00153545 -0.00318656 0.00269786 -0.00383427 0.000705191 0.00190274 -0.00304799 -0.00103312 0.00234658 -0.000548804 0.0013828 -0.00288917 0.00293185
internal_weight=1.69315e+06 1.00098e+06 692169 606401 511330 429732 118538 311194 492008 387130 225154 489648 114393 161976 13071 391484 305070 252271 104878 129362 105522 129752 71187 146490 261732 121368 20408 85768 101119 100960
internal_count=1693147 1000978 692169 606401 511330 429732 118538 311194 492008 387130 225154 489648 114393 161976 13071 391484 305070 252271 104878 129362 105522 129752 71187 146490 261732 121368 20408 85768 101119 100960
is_linear=0
shrinkage=0.05


Tree=26
num_leaves=31
num_cat=0
split_feature=10 9 11 10 10 9 17 7 19 8 19 18 9 18 18 19 9 18 18 7 8 9 18 7 20 19 9 18 9 9
split_gain=1007.09 424.669 262.071 251.217 231.839 144.082 135.605 111.854 107.954 106.471 100.458 173.986 118.229 98.5905 97.9504 199.608 114.884 97.7666 95.6328 95.5611 91.3396 88.5728 79.1683 83.0409 78.5822 75.813 74.9435 71.5581 114.812 71.001
threshold=1.0550752878189089 0.00024902058066800242 1.397937059402466 0.81029167771339428 1.3486322760581972 0.00020516174117801714 1.0327364802360537 2.0201025009155278 -0.69622442126274098 3.6291333436965947 -0.91792565584182728 -0.28192219138145441 0.00042668255628086632 -0.83747833967208851 -0.55738157033920277 0.70864605903625499 6.2387738580582677e-05 -0.50941574573516835 -0.063225833699107156 4.3621881008148202 0.4490493386983872 7.7547047112602754e-05 0.99930992722511303 1.5323815345764162 1.0000000180025095e-35 -0.98933362960815419 7.4391035013832165e-05 0.041439602151513107 0.00046601842041127389 0.00050973679753951739
decision_type=2 2 2 2 2 2 2 2 2 2 2 2 2 2 2 2 2 2 2 2 2 2 2 2 2 2 2 2 2 2
left_child=1 3 4 14 5 9 22 8 27 18 11 12 -7 -6 15 16 -1 -16 -2 -4 24 -20 23 -5 -17 -13 -26 28 -3 -15
right_child=2 7 19 6 13 10 -8 -9 -10 -11 -12 25 -14 29 17 20 -18 -19 21 -21 -22 -23 -24 -25 26 -27 -28 -29 -30 -31
leaf_value=0.060185939070065086 -0.0073570065426790121 0.0076411751596891621 0.00024651446929431221 -0.00041109491447437478 -0.014677113008814607 0.027180754239467843 0.0056130340058727531 0.0026484055314169534 -0.0029615427109514151 0.0060686586316916376 -0.0052793011354386691 0.0011961237219801524 -0.0011035688575196101 -0.0060222543349351901 0.052363904173916079 -0.022047943729148846 0.0068434071463634007 0.010525459952928175 0.043574925033074419 0.013746057711866278 0.0023394151743885263 -0.00017787862324052385 0.020291324812772245 0.0040513484880408514 0.02748155916924121 -0.0076832448782338976 -0.012450365624634719 -0.0024449790043948264 -0.0016816248819670754 -0.010838959186141063
leaf_weight=1903 26319 41307 93885 233407 7462 6232 143440 88867 230923 23708 218810 20616 5121 63842 2445 5937 51708 132559 1188 7149 8574 53868 3562 82444 1277 23871 3433 48000 35434 25856
leaf_count=1903 26319 41307 93885 233407 7462 6232 143440 88867 230923 23708 218810 20616 5121 63842 2445 5937 51708 132559 1188 7149 8574 53868 3562 82444 1277 23871 3433 48000 35434 25856
internal_value=-5.80871e-05 0.000819749 -0.00175204 0.00161409 -0.00224212 -0.00168447 0.000965641 -0.000378714 -0.00077517 -0.000109913 -0.00228691 -0.000393983 0.0051308 -0.00442157 0.00305818 0.00158035 0.00314767 0.00385544 -0.000968971 0.000561197 -0.00279122 0.000216144 0.000392126 0.000308532 -0.00588429 -0.0018039 -0.00106157 0.00041005 0.00135716 -0.00396218
internal_weight=1.69315e+06 1.11522e+06 577927 670689 476893 379733 462853 444531 355664 105083 274650 55840 11353 97160 207836 72832 53611 135004 81375 101034 19221 55056 319413 315851 10647 44487 4710 124741 76741 89698
internal_count=1693147 1115220 577927 670689 476893 379733 462853 444531 355664 105083 274650 55840 11353 97160 207836 72832 53611 135004 81375 101034 19221 55056 319413 315851 10647 44487 4710 124741 76741 89698
is_linear=0
shrinkage=0.05


Tree=27
num_leaves=31
num_cat=0
split_feature=10 9 9 6 19 6 19 19 18 19 18 10 18 9 18 18 19 18 18 8 7 17 8 19 19 19 18 18 5 20
split_gain=927.86 369.14 253.729 210.661 176.214 149.671 143.083 166.941 216.588 210.866 142.928 132.979 125.89 113.113 122.943 213.806 123.177 195.522 132.549 114.586 112.676 108.99 106.284 106.149 107.67 98.6891 108.176 155.639 97.2675 96.8158
threshold=0.91615462303161632 0.00029978234670124953 0.00013224145368440079 1.0280265808105471 0.11970336735248567 2.1201672554016118 0.19722913205623629 0.78396254777908336 -0.063225833699107156 0.86927726864814769 -0.61393940448760975 1.6899983286857607 1.0000000180025095e-35 0.00080881407484412204 -0.70556074380874623 -0.57892408967018116 -0.92304024100303639 -0.31523424386978144 0.78666386008262645 7.1360416412353525 -3.8096457719802852 1.6968093514442446 7.3907318115234384 0.18437977880239489 0.8537760078907014 0.995182365179062 0.2861058115959168 0.19722913205623629 0.00021699697390431541 -1.0000000180025095e-35
decision_type=2 2 2 2 2 2 2 2 2 2 2 2 2 2 2 2 2 2 2 2 2 2 2 2 2 2 2 2 2 2
left_child=2 3 -1 6 13 11 20 -8 9 -9 22 -6 -10 14 -3 -16 17 29 -18 -20 -2 -5 -4 -12 -25 26 27 -14 -11 -17
right_child=1 4 10 21 5 -7 7 8 12 28 23 -13 25 -15 15 16 18 -19 19 -21 -22 -23 -24 24 -26 -27 -28 -29 -30 -31
leaf_value=0.0092087993514858857 0.010650863933589123 -0.0056456222886338897 -0.0012612585032200918 0.0018062954942504761 -0.0078361421342486911 0.0050333841974621873 -0.0060359722120484349 0.013499763473708671 0.022709151260709739 -0.014946561893344701 0.0058048772450452705 -0.019131879078036082 -5.9516929342856574e-05 -0.0081747316570720437 0.0080099448175636693 0.03375977858888838 -0.0072116198599864404 -0.0017922322068029684 -0.0018503351317071149 0.019576526543446451 -0.00031583701253128928 0.010562383873686094 0.0073208619872187075 -0.00185276066467317 0.0057392545128126526 -0.0073325540307369822 -0.00053777667511167859 0.023394043695361022 -0.002228518874368196 0.0063651867063297951
leaf_weight=152600 14058 73982 173656 138541 73207 7350 122139 6053 6211 17997 177197 6234 11578 30740 26126 5150 70753 60203 55089 2924 222546 23062 22888 70349 44520 13877 36455 11893 7640 8129
leaf_count=152600 14058 73982 173656 138541 73207 7350 122139 6053 6211 17997 177197 6234 11578 30740 26126 5150 70753 60203 55089 2924 222546 23062 22888 70349 44520 13877 36455 11893 7640 8129
internal_value=-6.26939e-05 -0.000976532 0.0014365 -0.000213116 -0.00212569 -0.00413234 -0.000748118 -0.00162524 -0.000228282 -0.00372673 0.000880661 -0.00476391 0.0011573 -0.00160284 -0.00130905 -0.000735198 -0.00128506 0.000348385 -0.0022172 -0.00044559 0.000118764 0.00134434 -0.000161796 0.00158218 0.00039828 0.000581955 0.0014618 0.00410933 -0.00570855 0.00584005
internal_weight=1.69315e+06 1.05194e+06 641210 632050 419887 86791 470447 233843 111704 31690 488610 79441 80014 333096 302356 228374 202248 73482 128766 58013 236604 161603 196544 292066 114869 73803 59926 23471 25637 13279
internal_count=1693147 1051937 641210 632050 419887 86791 470447 233843 111704 31690 488610 79441 80014 333096 302356 228374 202248 73482 128766 58013 236604 161603 196544 292066 114869 73803 59926 23471 25637 13279
is_linear=0
shrinkage=0.05


Tree=28
num_leaves=31
num_cat=0
split_feature=10 9 6 11 16 6 10 18 18 10 9 18 18 18 9 9 18 18 18 18 18 7 18 8 18 18 8 8 18 18
split_gain=860.304 421.901 262.019 196.196 173.014 144.698 142.39 134.564 114.958 105.214 99.4282 93.9848 138.554 127.639 76.3898 72.5578 71.9566 111.547 131.915 102.118 86.4436 95.8915 75.3035 96.2226 70.4783 102.499 69.1013 65.3914 69.8303 73.8091
threshold=1.0895788073539736 0.00016325376782333481 2.3023285865783696 0.59840676188468944 1.435781002044678 1.6853284835815432 0.85687831044197094 -0.7589854598045348 -0.70556074380874623 1.4086553454399111 8.8437478552805273e-05 0.2861058115959168 0.22282424569129947 0.95819556713104259 0.00084653412341140221 0.00037091206468176102 -0.063225833699107156 0.27353890240192419 0.19722913205623629 0.01527100056409836 -0.86493045091629017 -1.0034323334693906 0.95305636525154125 -8.4983654022216779 0.9556623399257661 0.31109040975570684 -13.293497562408445 9.1960406303405779 0.61048936843872081 0.52435624599456798
decision_type=2 2 2 2 2 2 2 2 2 2 2 2 2 2 2 2 2 2 2 2 2 2 2 2 2 2 2 2 2 2
left_child=1 5 3 9 6 10 15 -5 -8 -2 -1 12 14 -13 -9 -3 20 18 19 -18 -12 -22 -19 -24 25 -10 -17 28 29 -27
right_child=2 4 -4 7 -6 -7 8 11 24 -11 16 13 -14 -15 -16 26 17 22 -20 -21 21 -23 23 -25 -26 27 -28 -29 -30 -31
leaf_value=0.011219597205346855 -0.0065239375414943186 0.0031969797060609432 0.0045683010155681434 -0.0075293570334261763 0.005760280893305986 0.012606046726287358 -0.0033037219901673634 -0.00093081122743190472 0.0016004757855118124 -0.012914440514865805 0.0055399706608761038 -0.0058909825852787867 0.01145886908057433 1.7129413785710314e-05 -0.0089157177172306864 0.037013742128637263 0.021881638560366248 0.0010593648563614222 0.035447929008687276 0.0016431005866557324 -0.0083787462780373582 0.0015884033933037613 0.055959194289005254 0.0070819815678050627 0.0044882928258704489 -0.0030850417475364214 -0.001860410296937698 0.0091093160781679956 -0.0010438452400795774 -0.0099605452373116247
leaf_weight=56922 76539 181509 36508 45936 68138 48881 172683 126295 144131 19862 35989 108656 11264 49708 10893 753 7445 83463 7621 17421 21764 35458 1438 33100 37710 46821 59607 5258 120367 21007
leaf_count=56922 76539 181509 36508 45936 68138 48881 172683 126295 144131 19862 35989 108656 11264 49708 10893 753 7445 83463 7621 17421 21764 35458 1438 33100 37710 46821 59607 5258 120367 21007
internal_value=-6.12764e-05 0.000653507 -0.00183842 -0.00216953 5.69941e-05 0.00211787 -0.000151549 -0.00162324 -0.000597562 -0.00416853 0.00170763 -0.00124537 -0.000341525 -0.00209265 -0.000779223 0.000858936 0.00126816 0.00194434 0.00453874 0.00277487 0.000176481 -0.00103107 0.00123007 0.00319358 -0.000106317 -0.000335324 -0.00064281 -0.00108734 -0.001241 -0.00252403
internal_weight=1.69315e+06 1.20749e+06 485661 449153 857984 349502 789846 352752 547977 96401 300621 306816 148452 158364 137188 241869 243699 150488 32487 24866 93211 57222 118001 34538 375294 337584 60360 193453 188195 67828
internal_count=1693147 1207486 485661 449153 857984 349502 789846 352752 547977 96401 300621 306816 148452 158364 137188 241869 243699 150488 32487 24866 93211 57222 118001 34538 375294 337584 60360 193453 188195 67828
is_linear=0
shrinkage=0.05


Tree=29
num_leaves=31
num_cat=0
split_feature=10 9 6 9 10 16 19 19 18 18 19 18 6 7 10 19 19 18 10 15 20 19 16 11 18 18 18 18 18 19
split_gain=791.039 396.724 198.485 179.681 173.793 155.497 148.774 135.973 177.274 127.78 229.79 122.221 112.603 108.077 107.722 101.351 113.328 211.616 98.5343 94.1375 92.386 89.3677 87.0265 81.1604 74.919 92.8752 98.9837 80.3801 91.1918 128.657
threshold=0.86899596452713024 0.00027738281642086809 0.81963035464286815 0.00010321946319891141 1.4991298913955691 1.8005791306495669 0.19722913205623629 -0.91265374422073353 -0.31523424386978144 -0.063225833699107156 0.69934985041618358 -1.0000000180025095e-35 2.3517599105834965 1.6459441184997561 1.0895788073539736 0.995182365179062 0.96304282546043407 0.19722913205623629 1.2167567610740664 0.25180941820144659 -1.0000000180025095e-35 -0.99674141407012928 0.95216599106788646 0.85926887392997753 0.84688794612884533 0.99115538597106945 0.99894830584526073 0.08063365146517755 -0.70556074380874623 -0.96185845136642445
decision_type=2 2 2 2 2 2 2 2 2 2 2 2 2 2 2 2 2 2 2 2 2 2 2 2 2 2 2 2 2 2
left_child=3 2 6 -1 7 21 19 8 20 18 -11 -12 14 22 -9 16 -13 -18 -8 -2 -3 -4 -5 -6 27 -26 -27 28 -21 -30
right_child=1 4 5 13 23 -7 9 12 -10 10 11 15 -14 -15 -16 -17 17 -19 -20 24 -22 -23 -24 -25 25 26 -28 -29 29 -31
leaf_value=0.012039001278633221 0.0089752787402882627 0.024465542944987675 0.016870747410956843 0.00012277086047539633 -0.012094859134530395 0.01702962566795858 -0.004722962290098609 -0.0028798773910922726 -0.0018151793101505666 -0.0059830597649604524 0.023276612982360462 0.00018109510441175481 0.0026869979456080554 0.0063691995127816764 -0.0057655963833264327 -0.0071580709073431727 0.00017714224901714816 0.032160444465160157 -0.012692387118774129 -0.0022132474122495307 0.0040948639791991816 0.0018229421313803674 0.0043790216437877508 -0.0053358375550449149 0.0071830002087838523 -0.0064180741835001553 0.007665625842291946 -0.0039057168559853864 0.0027696982694296103 0.02593877323966115
leaf_weight=72125 20233 7345 6008 172991 19120 13046 78633 222098 76684 61740 6064 49881 22462 104609 158683 14193 12158 9554 14237 37830 11931 186561 123963 18312 42651 20280 11061 67151 26331 5212
leaf_count=72125 20233 7345 6008 172991 19120 13046 78633 222098 76684 61740 6064 49881 22462 104609 158683 14193 12158 9554 14237 37830 11931 186561 123963 18312 42651 20280 11061 67151 26331 5212
internal_value=-6.16308e-05 -0.000735203 6.42918e-05 0.00167241 -0.00175249 0.00136298 -0.000495276 -0.0015061 0.000185494 -0.00134951 -0.000464223 0.00112139 -0.00190865 0.0012597 -0.00211158 0.000636467 0.00140167 0.00441691 -0.00281361 0.00041712 0.00447188 0.00100509 0.000772847 -0.00503847 0.00010403 0.00138528 -0.000681216 -0.000590372 0.000603261 0.00258853
internal_weight=1.69315e+06 1.21946e+06 682824 473688 536635 205615 477209 499203 95960 246460 153590 91850 403243 401563 380781 85786 71593 21712 92870 230749 19276 192569 296954 37432 210516 73992 31341 136524 69373 31543
internal_count=1693147 1219459 682824 473688 536635 205615 477209 499203 95960 246460 153590 91850 403243 401563 380781 85786 71593 21712 92870 230749 19276 192569 296954 37432 210516 73992 31341 136524 69373 31543
is_linear=0
shrinkage=0.05


Tree=30
num_leaves=31
num_cat=0
split_feature=10 11 10 9 10 7 18 18 18 18 6 18 18 18 18 11 9 7 8 18 20 18 18 18 9 21 9 18 5 9
split_gain=724.257 281.829 261.796 256.745 164.032 143.054 110.683 107.869 109.348 161.854 94.3327 91.2081 153.055 120.575 85.4043 81.638 76.5315 76.135 71.6221 67.8273 60.107 59.519 100.939 82.0532 66.3487 62.7481 58.2469 57.5737 92.0202 57.3499
threshold=0.98005646467208873 1.4757624268531802 1.2556776404380801 0.00026488256116863346 0.7346387803554536 3.7168555259704594 -0.83025357127189625 -0.67074871063232411 0.2861058115959168 0.93121272325515758 3.1530165672302251 -0.55738157033920277 -0.50941574573516835 -0.71477618813514698 0.22282424569129947 0.53150761127471935 4.8490544941159903e-05 2.0546590089797978 9.458656311035158 -0.99280729889869679 -1.0000000180025095e-35 0.95305636525154125 0.2861058115959168 0.19722913205623629 0.00017092705820687118 0.65450850129127514 0.00015740291564725342 -0.054514370858669274 -0.00037519219040405 0.00010846300574485214
decision_type=2 2 2 2 2 2 2 2 2 2 2 2 2 2 2 2 2 2 2 2 2 2 2 2 2 2 2 2 2 2
left_child=3 2 7 4 16 11 -4 19 14 18 26 13 -13 -6 -9 -8 -1 -5 -10 -2 -15 22 23 -14 -25 -23 -3 28 -18 -29
right_child=1 10 6 17 5 -7 15 8 9 -11 -12 12 21 20 -16 -17 27 -19 -20 -21 -22 25 -24 24 -26 -27 -28 29 -30 -31
leaf_value=0.038724072008007808 0.00095661101140621658 0.007942319000895549 -0.011657145762125953 -0.0014034287125544997 0.00085600250146564702 0.011819543210213458 -0.0099478394432154123 0.00031890275045332598 -0.0044405231912976852 0.0014106144139143185 0.014282687710731956 0.033727650599274163 0.00443237251092643 -0.017731040997990777 0.012063842888313437 -0.0044840432715398618 -0.0030528376569821437 0.0029821381694932203 0.011720233046626633 -0.0052003427791717741 -0.0042942585456750343 0.0052282363166608285 0.00068288424755237338 0.030636319162673842 0.006387559647872576 0.019065427774060395 0.00050006976901108009 0.02528576863489922 0.0088624223899464779 0.0088604356770397349
leaf_weight=4253 20108 19071 14614 236345 117125 28668 29122 149490 162499 78376 8165 3988 74906 5387 11282 124383 16087 56917 2990 107094 8610 37807 174696 7514 7607 9333 91713 14973 35709 34315
leaf_count=4253 20108 19071 14614 236345 117125 28668 29122 149490 162499 78376 8165 3988 74906 5387 11282 124383 16087 56917 2990 107094 8610 37807 174696 7514 7607 9333 91713 14973 35709 34315
internal_value=-5.46615e-05 -0.00112314 -0.00150552 0.000946193 0.00155496 0.00115959 -0.00322539 -0.000961851 -0.000562603 -0.00122998 0.00112695 0.00093999 0.00140019 -0.000168545 0.000449705 -0.00282955 0.00334023 -0.000259836 -0.00211645 -0.00223188 -0.00455455 0.00127572 0.000984236 0.0023443 0.00570399 0.0029126 0.000744692 0.00306379 0.00189976 0.00428705
internal_weight=1.69315e+06 818907 699958 874240 580978 475641 168119 531839 404637 243865 118949 446973 315851 131122 160772 153505 105337 293262 165489 127202 13997 311863 264723 90027 15121 47140 110784 101084 51796 49288
internal_count=1693147 818907 699958 874240 580978 475641 168119 531839 404637 243865 118949 446973 315851 131122 160772 153505 105337 293262 165489 127202 13997 311863 264723 90027 15121 47140 110784 101084 51796 49288
is_linear=0
shrinkage=0.05


Tree=31
num_leaves=31
num_cat=0
split_feature=9 9 19 6 19 18 7 18 18 18 18 18 18 19 19 21 8 19 18 18 19 18 19 19 9 9 9 18 18 19
split_gain=657.588 272.642 236.664 157.076 152.951 195.83 218.636 132.247 393.389 228.008 172.736 153.562 128.302 132.095 127.243 120.283 117.58 108.405 175.942 106.945 205.086 127.85 108.082 278.505 106.405 99.131 97.2986 95.0675 301.931 105.805
threshold=0.00016325376782333481 0.00047181016998365527 0.27353890240192419 1.2187106013298037 0.8537760078907014 -0.054514370858669274 1.1748302578926089 -0.79994463920593251 -0.20577672123908994 -0.38066601753234858 -0.55738157033920277 -0.70556074380874623 0.78666386008262645 -0.99428912997245777 -0.94622433185577381 0.65450850129127514 7.1360416412353525 0.82535797357559215 -0.50941574573516835 -0.063225833699107156 0.68993380665779125 -1.0000000180025095e-35 0.82535797357559215 0.86927726864814769 0.00033466453896835452 6.6695167333818986e-05 9.508344373898582e-05 0.2861058115959168 0.19722913205623629 0.89395666122436535
decision_type=2 2 2 2 2 2 2 2 2 2 2 2 2 2 2 2 2 2 2 2 2 2 2 2 2 2 2 2 2 2
left_child=3 2 7 19 -4 6 -6 -2 9 10 11 -9 13 -10 -11 -16 -14 -5 -19 20 -1 -21 -22 -24 -13 -25 -23 28 -7 -29
right_child=1 -3 4 17 5 27 -8 8 12 14 -12 24 16 -15 15 -17 -18 18 -20 21 22 26 23 25 -26 -27 -28 29 -30 -31
leaf_value=0.0049746396746791939 -0.0018936462243597796 -0.0043205455062568119 -0.0044540167144863311 0.0060148681656075681 -0.013143186160580378 -0.00016176870224904327 0.0042484713085759965 0.0003327989944708121 0.0039039165865479733 0.011458014245433702 -0.0040210127582870018 0.037498440247418816 0.0014617284103291995 -0.0027740037718518851 0.051674431754099442 0.0032107546030246239 0.013661023397900896 0.058224543950501279 0.012802145513786445 0.022462635612017692 -0.011687219307318371 0.012947539458822589 0.027827209694576551 0.0096136023008801322 0.01084268617261005 -0.0083471957638298951 0.0028253999024571486 0.0065072999558217111 0.025377191865919226 -0.0040376173465574211
leaf_weight=66555 189101 227057 207951 63087 17847 28407 10571 16232 46556 23527 20398 4986 179447 201935 8109 2249 10409 2653 27075 10378 21268 31197 7511 5673 15369 28671 152136 17170 13739 35883
leaf_count=66555 189101 227057 207951 63087 17847 28407 10571 16232 46556 23527 20398 4986 179447 201935 8109 2249 10409 2653 27075 10378 21268 31197 7511 5673 15369 28671 152136 17170 13739 35883
internal_value=-5.4189e-05 -0.000616746 -0.000276982 0.00167178 -0.00138192 1.09208e-05 -0.0036315 0.000233044 0.000638585 0.00363266 0.00170132 0.0037568 1.79082e-05 -0.000729805 0.00688063 0.0114984 0.000996545 0.00348489 0.00597417 0.0011514 4.00993e-05 0.00189535 -0.00200165 -0.000526819 0.00664947 -0.0024342 0.00158973 0.00109823 0.00287097 -0.000310067
internal_weight=1.69315e+06 1.27694e+06 1.04989e+06 416204 331568 123617 28418 718318 529217 90870 56985 36587 438347 248491 33885 10358 189856 92815 29728 323389 129678 193711 63123 41855 20355 34344 183333 95199 42146 53053
internal_count=1693147 1276943 1049886 416204 331568 123617 28418 718318 529217 90870 56985 36587 438347 248491 33885 10358 189856 92815 29728 323389 129678 193711 63123 41855 20355 34344 183333 95199 42146 53053
is_linear=0
shrinkage=0.05


Tree=32
num_leaves=31
num_cat=0
split_feature=10 10 6 16 11 18 18 18 7 10 9 9 18 9 9 10 18 9 16 6 8 15 21 18 18 20 18 18 5 18
split_gain=651.553 290.02 216.819 196.464 159.67 114.863 107.161 101.053 93.9412 91.8015 91.5098 81.4114 83.3297 83.3166 77.8503 76.1044 86.4996 72.2621 72.0785 60.6563 59.0308 67.7789 58.7719 57.987 197.504 83.2352 63.6741 83.0567 61.4349 57.1591
threshold=1.0717756152153017 0.80774924159049999 2.3023285865783696 1.1677150130271914 0.60267412662506115 0.95037782192230236 -0.7589854598045348 -0.56820151209831227 4.3621881008148202 1.4086553454399111 0.0001754984259605408 5.6667309763724922e-05 -0.69308573007583607 0.000126842234749347 0.00018579245806904512 1.4991298913955691 0.2861058115959168 0.0003015479887835682 1.7649102807044985 1.1398651599884035 8.1590700149536151 0.37291084229946142 0.65450850129127514 -0.38066601753234858 -0.31523424386978144 -1.0000000180025095e-35 -0.56820151209831227 -0.63775861263275135 -0.0014651119126938281 0.22282424569129947
decision_type=2 2 2 2 2 2 2 2 2 2 2 2 2 2 2 2 2 2 2 2 2 2 2 2 2 2 2 2 2 2
left_child=1 7 4 5 9 8 -6 11 17 -2 -8 -1 13 -13 19 16 23 -3 -5 -9 21 -15 -7 26 25 28 27 -12 -25 -26
right_child=2 3 -4 18 6 22 10 14 -10 -11 15 12 -14 20 -16 -17 -18 -19 -20 -21 -22 -23 -24 24 29 -27 -28 -29 -30 -31
leaf_value=0.031245577427671679 -0.0055006104551971087 -0.00038004872737257278 0.0040507864847141584 0.0026086536197295895 -0.0061805714133854276 0.0026206362753106172 0.0018124808917631353 0.0089881994615383497 0.0079040947573699501 -0.011288706383802156 -0.0028764203059424009 0.014306582724164942 -0.0046763407953729413 0.0074521382422647166 0.0035877561504528035 -0.007019177899851437 -0.0039669505639552292 -0.0026893134981421929 0.0094769909732964185 0.016614492943274686 0.011142506248300677 -0.0014084326206294186 0.013279965891432422 0.00048846040064226548 -0.0015128505546921967 0.011100525957557518 -0.0069533317230653707 0.015481002867890503 0.06358023329453831 0.0086709656324722769
leaf_weight=2898 86513 391983 39434 174720 52307 45660 58035 78944 15670 20196 17772 14727 23386 14567 66099 28690 133530 204018 31066 23865 8590 53957 11290 653 55850 5226 18797 4555 2731 7418
leaf_count=2898 86513 391983 39434 174720 52307 45660 58035 78944 15670 20196 17772 14727 23386 14567 66099 28690 133530 204018 31066 23865 8590 53957 11290 653 55850 5226 18797 4555 2731 7418
internal_value=-5.35394e-05 0.000610105 -0.00150318 0.000157421 -0.00178895 -0.000258368 -0.00131522 0.00198914 -0.000458335 -0.00350064 -0.000984976 0.000867302 0.000659134 0.00133764 0.0027737 -0.00136544 -0.00108181 -0.000558808 0.00150836 0.00363441 0.000679513 0.000189715 0.00188938 -6.37157e-05 0.00079301 0.00789779 -0.00156113 0.000244099 0.0140071 -0.000173864
internal_weight=1.69315e+06 1.16144e+06 531707 874407 492273 668621 385564 287033 611671 106709 333257 118125 115227 91841 168908 275222 246532 596001 205786 102809 77114 68524 56950 113002 71878 8610 41124 22327 3384 63268
internal_count=1693147 1161440 531707 874407 492273 668621 385564 287033 611671 106709 333257 118125 115227 91841 168908 275222 246532 596001 205786 102809 77114 68524 56950 113002 71878 8610 41124 22327 3384 63268
is_linear=0
shrinkage=0.05


Tree=33
num_leaves=31
num_cat=0
split_feature=9 9 7 19 11 18 18 18 18 19 6 15 19 18 9 19 8 19 19 18 18 18 5 19 9 18 19 19 19 18
split_gain=547.442 246.032 201.598 183.082 161.049 132.776 214.704 180.533 124.017 120.189 95.0204 92.3612 90.2786 128.403 93.0628 85.9275 94.1897 85.2552 119.878 83.0198 142.246 181.958 92.4434 87.959 82.2291 80.0631 101.276 82.4811 116.747 75.9317
threshold=0.00025193899637088185 9.508344373898582e-05 1.3377671241760256 0.18437977880239489 0.83651134371757518 -0.054514370858669274 0.51316559314727794 -0.7238691747188567 0.78666386008262645 0.11970336735248567 3.4877307415008549 0.6953607201576234 -0.91265374422073353 -0.31523424386978144 0.00037419672298710799 0.75613728165626537 -3.5516924858093257 0.86927726864814769 0.82535797357559215 0.31109040975570684 -0.55738157033920277 -0.28192219138145441 0.0021165247308090334 0.70864605903625499 0.00051759040798060607 -0.063225833699107156 0.68993380665779125 0.82535797357559215 0.86927726864814769 0.99115538597106945
decision_type=2 2 2 2 2 2 2 2 2 2 2 2 2 2 2 2 2 2 2 2 2 2 2 2 2 2 2 2 2 2
left_child=1 11 3 8 9 7 -7 -5 -3 24 12 25 13 14 -6 16 -9 18 -17 20 22 -22 23 -4 -2 26 -1 -28 -29 -10
right_child=4 2 19 5 10 6 -8 15 29 -11 -12 -13 -14 -15 -16 17 -18 -19 -20 -21 21 -23 -24 -25 -26 -27 27 28 -30 -31
leaf_value=0.014807878908814243 -0.0017006595360563482 0.00041033082270689473 0.0023782743198701218 -0.0011179328545569912 0.036435184918831201 0.0052604052825706016 -0.0029175803200864048 -0.02617241573046717 0.0096584321063684364 -0.006427757101360787 0.011221705248530452 0.022091439919913226 -0.0017130155197466858 -4.2039511182556667e-05 0.0068639535902284225 -0.0077028323919677566 -0.0091876478397601713 -0.0098789411367209319 0.020690552197691611 0.0018396574878170591 0.031606260134693517 0.0076856618228676177 0.0179733650082264 -0.012280802077874098 -0.0052277098369133525 0.01370353209027806 -0.011594143488206688 0.030923308582587274 -0.0012581168417639011 0.0014944514720303893
leaf_weight=11300 189694 172466 52795 72060 4431 72039 116574 3001 52782 84325 7206 11874 351109 62575 12587 7428 6986 29256 4696 123092 7070 55339 4990 5611 66781 39643 9731 4181 16780 34745
leaf_count=11300 189694 172466 52795 72060 4431 72039 116574 3001 52782 84325 7206 11874 351109 62575 12587 7428 6986 29256 4696 123092 7070 55339 4990 5611 66781 39643 9731 4181 16780 34745
internal_value=-5.30669e-05 0.000776596 0.000499799 -1.70445e-05 -0.00102734 -0.000833547 7.95279e-07 -0.00210853 0.000962911 -0.00184243 -0.000393005 0.00320664 -0.000488273 0.00103213 0.00488306 -0.00437343 -0.0085361 -0.00336878 0.000156714 0.00168765 0.00259091 0.00428544 0.000922771 0.000364689 -0.00130403 0.00260734 0.00108592 -0.000404014 0.00136205 0.0024958
internal_weight=1.69315e+06 914439 820930 572033 778708 312040 188613 123427 259993 340800 437908 93509 430702 79593 17018 51367 9987 41380 12124 248897 125805 62409 63396 58406 256475 81635 41992 30692 20961 87527
internal_count=1693147 914439 820930 572033 778708 312040 188613 123427 259993 340800 437908 93509 430702 79593 17018 51367 9987 41380 12124 248897 125805 62409 63396 58406 256475 81635 41992 30692 20961 87527
is_linear=0
shrinkage=0.05


Tree=34
num_leaves=31
num_cat=0
split_feature=10 10 16 11 7 18 19 19 19 9 18 6 16 9 19 9 17 8 20 18 19 8 10 6 9 6 10 18 5 18
split_gain=593.082 302.399 214.389 127.898 125.924 118.786 109.655 100.056 128.479 105.978 94.7892 94.3699 89.2613 84.8376 82.499 81.2074 82.6873 77.0154 97.8308 73.923 73.3286 70.2901 68.1309 67.6596 67.0178 66.4503 63.9941 57.525 72.4608 56.3308
threshold=0.86899596452713024 1.2378053069114687 1.1156406998634341 1.9757955670356753 2.7772537469863896 -0.39674647152423853 -0.99913862347602833 0.69934985041618358 0.82535797357559215 0.00013880214828532192 -0.83025357127189625 1.408582925796509 1.6756131649017336 0.00027738281642086809 0.86927726864814769 0.00065304336021654319 0.96422079205513012 0.4490493386983872 1.0000000180025095e-35 -0.65770241618156422 0.49052239954471594 2.5185673236846928 0.72079914808273327 0.11715827137231828 5.6667309763724922e-05 -3.2426571846008296 1.7774003148078921 -0.59306621551513661 0.0061428435146808633 -0.70556074380874623
decision_type=2 2 2 2 2 2 2 2 2 2 2 2 2 2 2 2 2 2 2 2 2 2 2 2 2 2 2 2 2 2
left_child=4 2 6 10 5 7 -2 9 17 24 -3 13 29 -8 -10 16 21 18 -9 -20 -15 26 -7 -14 -1 -17 -12 28 -27 -4
right_child=1 3 12 -5 -6 22 11 8 14 -11 15 -13 23 20 -16 25 -18 -19 19 -21 -22 -23 -24 -25 -26 27 -28 -29 -30 -31
leaf_value=0.05775696651825777 0.010846752922530012 -0.0098133736685699427 -0.0018249957073750546 0.0057507500020201443 0.0090438364857242225 0.010298756182544923 -0.0012161685301161963 -0.023551767012344883 0.0303109888340523 0.00023670141757173302 -0.0091453205961451178 0.0012014336937041293 0.0022130749363592386 -0.0029169410980036947 -0.010590301232169298 0.018704764107586046 -0.0025775684688976509 -0.0018080362877461065 -0.025035681822343878 0.0023315566504072517 -0.0077440877403126664 -0.00060814501266860394 0.0036399125934377663 0.010318515145652763 0.0094421270357879297 0.0012009017326499673 -0.023832124082605335 -0.011319703276077543 -0.028546870628579576 0.0019727224156917077
leaf_weight=1114 10000 18262 59597 13298 61750 52670 331254 6627 3793 133024 28172 101720 30027 216230 1697 909 122167 7567 1182 4230 30559 10443 177599 25651 22435 5480 885 19384 496 194925
leaf_count=1114 10000 18262 59597 13298 61750 52670 331254 6627 3793 133024 28172 101720 30027 216230 1697 909 122167 7567 1182 4230 30559 10443 177599 25651 22435 5480 885 19384 496 194925
internal_value=-5.24172e-05 -0.000635651 -0.00026676 -0.00231622 0.00144906 0.00113342 -0.000757724 0.000177521 -0.00275343 0.000647302 -0.00262272 -0.000834188 0.000824952 -0.00108132 0.00400729 -0.00228855 -0.00186958 -0.00464654 -0.00713099 -0.00214339 -0.0017831 -0.00385823 0.00188757 0.00263838 0.00373901 -0.00486695 -0.00512269 -0.00534306 -0.00105422 0.000428254
internal_weight=1.69315e+06 1.21946e+06 999963 219496 473688 411938 689763 181669 25096 156573 206198 679763 310200 578043 5490 187936 161667 19606 12039 5412 246789 39500 230269 55678 23549 26269 29057 25360 5976 254522
internal_count=1693147 1219459 999963 219496 473688 411938 689763 181669 25096 156573 206198 679763 310200 578043 5490 187936 161667 19606 12039 5412 246789 39500 230269 55678 23549 26269 29057 25360 5976 254522
is_linear=0
shrinkage=0.05


Tree=35
num_leaves=31
num_cat=0
split_feature=10 10 16 16 16 10 19 10 7 11 17 8 7 7 10 1 17 19 10 7 19 19 19 10 5 4 4 15 8 19
split_gain=545.374 268.39 176.935 158.584 112.583 111.288 102.873 85.8713 83.5834 79.5835 71.5678 65.3914 64.9421 59.572 57.554 57.5185 56.6936 52.1622 49.0323 46.6298 44.4749 62.1254 72.209 46.6381 43.5372 41.6754 38.3624 37.1653 36.9568 36.6032
threshold=1.1179875135421755 0.84023258090019237 1.5508216619491579 1.2545648813247683 0.98656213283538829 1.4578608870506289 -0.99913862347602833 0.55844441056251537 4.0480122566223153 2.8463039398193364 0.96422079205513012 7.5329909324646005 1.2013994455337527 3.3907480239868169 1.9385754466056826 7.2059418016579016e-05 0.96007633209228527 0.99930992722511303 0.69207313656806957 1.2281305789947512 0.29862368106842047 0.832677721977234 0.72687268257141124 0.7429979443550111 -0.00057937591918744136 0.00071875244611874234 -3.3170534152304747e-05 0.38346615433692938 -2.8762601613998409 -0.92799669504165638
decision_type=2 2 2 2 2 2 2 2 2 2 2 2 2 2 2 2 2 2 2 2 2 2 2 2 2 2 2 2 2 2
left_child=1 4 6 5 7 10 -3 24 16 11 12 29 -2 20 -7 -4 19 -12 -6 26 23 22 -22 27 -1 -10 -8 -9 -28 -5
right_child=3 2 15 9 18 14 8 13 25 -11 17 -13 -14 -15 -16 -17 -18 -19 -20 -21 21 -23 -24 -25 -26 -27 28 -29 -30 -31
leaf_value=0.00017598517321482099 -0.0070640316901119278 0.011028132007934333 0.0031153507525262026 0.0034620231255722889 0.013442218409107793 -0.0071514239056308278 -0.0014770429986033285 0.014321860021990174 0.02029548972075983 0.014474617337261297 -0.002532740644499998 0.010179966125047603 -0.0016613437251333796 0.0096856855220424642 -0.01545482145676056 0.010690797053239243 0.00031901995062371682 0.017680286644643273 0.0056042845639292073 0.00018086036657693485 -0.00033397641445038763 0.0044542111878224325 -0.0092175168374371841 0.0011703124028493161 0.024455301062879554 0.0035388957621541543 -0.0069706101946924066 0.0044004900068175257 -0.0026939469301077768 -0.0022453618631580407
leaf_weight=2536 75695 12321 38107 17410 26936 39675 223364 7603 3340 5589 154622 5376 31437 17303 3546 24931 314436 1855 114033 130878 45975 30154 18616 81598 6760 29728 24790 28753 91700 84080
leaf_count=2536 75695 12321 38107 17410 26936 39675 223364 7603 3340 5589 154622 5376 31437 17303 3546 24931 314436 1855 114033 130878 45975 30154 18616 81598 6760 29728 24790 28753 91700 84080
internal_value=-5.22991e-05 0.00046253 -1.0911e-05 -0.00161644 0.00157508 -0.00220513 -0.000204742 0.000914759 -0.000273026 -1.02263e-05 -0.00181955 -0.000314412 -0.00281522 0.000724342 -0.00455681 0.00254291 -0.000376735 -0.00113787 0.00269598 -0.000723979 0.000494831 -0.00031189 -0.0011867 0.00114282 0.00562608 0.00218943 -0.0010328 0.0026323 -0.00176839 -0.000599074
internal_weight=1.69315e+06 1.27386e+06 893595 419285 380267 306830 830557 239298 818236 112455 263609 106866 107132 230002 43221 63038 785168 156477 140969 470732 212699 94745 64591 117954 9296 33068 339854 36356 116490 101490
internal_count=1693147 1273862 893595 419285 380267 306830 830557 239298 818236 112455 263609 106866 107132 230002 43221 63038 785168 156477 140969 470732 212699 94745 64591 117954 9296 33068 339854 36356 116490 101490
is_linear=0
shrinkage=0.05


Tree=36
num_leaves=31
num_cat=0
split_feature=10 11 16 9 10 10 18 7 9 17 18 10 9 6 7 16 9 17 18 7 21 0 18 5 18 9 8 18 11 10
split_gain=501.609 192.665 187.78 157.335 156.942 122.971 100.139 90.578 87.6279 77.5642 70.5278 66.364 66.3457 63.1238 63.077 61.7844 55.1068 54.7992 52.8688 55.3433 52.3255 52.0471 47.7302 87.1009 51.7263 46.2215 46.1241 43.6541 41.0821 38.9237
threshold=1.005371153354645 1.5555007457733157 1.3440098762512209 0.00033966662886086857 1.3291264772415163 0.75429892539978038 0.95819556713104259 4.0480122566223153 0.00015857336256885904 0.96007633209228527 -0.98518189787864674 1.9385754466056826 4.8490544941159903e-05 1.1788440346717837 3.3907480239868169 2.6262013912200932 0.00084653412341140221 1.4518885016441347 0.99894830584526073 1.735572397708893 0.65450850129127514 -0.00017289822426391763 -0.054514370858669274 -0.00030084009631536896 -0.12836257368326184 0.00010683035361580552 -13.293497562408445 -0.38066601753234858 0.48415115475654608 0.79485085606575023
decision_type=2 2 2 2 2 2 2 2 2 2 2 2 2 2 2 2 2 2 2 2 2 2 2 2 2 2 2 2 2 2
left_child=2 4 3 5 8 12 7 28 18 14 -6 17 -1 29 -10 21 -11 -12 19 -2 -8 -3 23 -14 -25 -24 -5 -19 -7 -4
right_child=1 15 13 26 10 6 20 -9 9 16 11 -13 22 -15 -16 -17 -18 27 -20 -21 -22 -23 25 24 -26 -27 -28 -29 -30 -31
leaf_value=0.03574735778588909 -0.0010611153858564094 -0.0017789813288037082 0.01101903765200829 0.022872830218860014 -0.014828560305782185 -0.003014924856765511 0.0046925158127345996 0.0085981500992963322 -0.0043809657509432335 -0.0011492981199006103 -0.0064223053302504551 -0.013155008924561519 -0.0032442528169612686 0.011221039822233625 0.0030159339106874631 0.012091477866006995 -0.0080797344713095642 -0.0077149585320940911 0.020796787998814438 0.0063577935976186113 0.016731375433953255 0.0038520240737698885 0.019528899655051182 0.0077545472525604288 -0.008659222003912127 0.0062337306178143039 -0.0019286190975677854 -0.0011525579724869452 0.00068887504545691041 0.0032200620116059732
leaf_weight=3612 56368 34277 19559 1298 3142 49384 38365 18990 174550 255155 59183 5395 22511 30226 11151 8601 9275 8818 2481 18467 9334 47441 14463 37773 3080 45314 184036 37855 421590 61453
leaf_count=3612 56368 34277 19559 1298 3142 49384 38365 18990 174550 255155 59183 5395 22511 30226 11151 8601 9275 8818 2481 18467 9334 47441 14463 37773 3080 45314 184036 37855 421590 61453
internal_value=-5.07635e-05 -0.00103673 0.000700425 0.000447543 -0.00134099 0.000806874 0.0004766 0.000263693 -0.000976875 -0.00124397 -0.00301985 -0.00281121 0.00220784 0.00263219 -0.00202718 0.00112546 -0.000693945 -0.00253552 0.000578147 0.000340082 0.00266358 0.000701192 0.00201192 0.0010558 0.00243189 0.00302541 -0.000840644 -0.00125447 0.000127183 0.00190466
internal_weight=1.69315e+06 732159 960988 849750 641840 664416 537663 489964 527447 450131 114393 111251 126753 111238 185701 90319 264430 105856 77316 74835 47699 81718 123141 63364 40853 59777 185334 46673 470974 81012
internal_count=1693147 732159 960988 849750 641840 664416 537663 489964 527447 450131 114393 111251 126753 111238 185701 90319 264430 105856 77316 74835 47699 81718 123141 63364 40853 59777 185334 46673 470974 81012
is_linear=0
shrinkage=0.05


Tree=37
num_leaves=31
num_cat=0
split_feature=10 6 10 17 9 18 18 10 11 17 19 6 19 10 16 19 7 18 9 18 19 18 19 19 18 18 18 18 19 6
split_gain=460.644 202.966 214.621 134.94 129.956 98.7072 96.7714 93.6329 80.0874 79.8084 75.6625 74.5157 71.1253 72.9716 67.9428 65.3912 77.7819 60.8676 140.885 77.2831 57.0764 71.5626 55.1025 79.858 96.6007 116.702 95.774 109.113 54.5358 53.9113
threshold=0.9252176582813264 2.255845427513123 1.2556776404380801 1.184118986129761 0.00018807356536854061 0.96304282546043407 -0.83747833967208851 0.58605727553367626 0.53150761127471935 1.0372262597084048 -0.2015048488974571 3.7480714321136479 -0.99851059913635243 1.1179875135421755 1.5508216619491579 -0.71477618813514698 1.5031836628913882 0.054514370858669288 0.00033966662886086857 -0.55738157033920277 0.832677721977234 -0.50941574573516835 0.29862368106842047 0.82535797357559215 -0.70556074380874623 0.58954745531082164 -0.50941574573516835 -0.063225833699107156 0.68039956688880932 -0.97893428802490223
decision_type=2 2 2 2 2 2 2 2 2 2 2 2 2 2 2 2 2 2 2 2 2 2 2 2 2 2 2 2 2 2
left_child=4 2 3 5 7 12 -4 -1 -8 22 -7 20 -2 -14 15 17 29 18 19 -6 -3 -22 -9 24 -24 -26 -25 -28 -27 -17
right_child=1 11 6 -5 14 10 8 9 -10 -11 -12 -13 13 -15 -16 16 -18 -19 -20 -21 21 -23 23 26 25 28 27 -29 -30 -31
leaf_value=0.018278271002528979 0.0061909265159462495 0.00092087847262388727 -0.0097067630373372307 0.000955197775627098 0.040008155870540324 0.016667565355675668 -0.0085046986265228282 0.0054547375157616099 -0.0032589067365032865 0.0094124886488178294 0.001173025342149825 0.014091996463049296 -0.0020241513294825377 -0.0048848055573015581 0.0082220971465721947 0.001297395779635141 0.0025527944595901686 3.7042313876245458e-05 0.0014712644125039144 0.012017371892249495 0.089310100111522794 0.0074908521337583083 0.0056892017744242353 0.03211049645795503 -0.010839664768779384 -0.0022439801166402209 -0.0032124372971988335 0.011808848994944344 0.0086557670050095518 -0.0027496324602743986
leaf_weight=16224 11317 50727 15339 240276 2974 5128 27908 87231 138214 54761 39624 9562 368955 99258 15743 53214 69372 49104 35057 13723 551 11755 30579 4565 19014 41797 18930 21491 10347 130407
leaf_count=16224 11317 50727 15339 240276 2974 5128 27908 87231 138214 54761 39624 9562 368955 99258 15743 53214 69372 49104 35057 13723 551 11755 30579 4565 19014 41797 18930 21491 10347 130407
internal_value=-4.94641e-05 -0.000720587 -0.000916102 -0.000549206 0.000964 -0.00099889 -0.00246196 0.00172805 -0.0021111 0.00152036 0.00124687 0.00182726 -0.00120847 -0.00130315 0.000333609 0.000190617 -0.000238544 0.00126713 0.00246358 0.00624364 0.00120334 0.00425809 0.00111817 0.000526502 -0.000249172 -0.00125917 0.00228071 0.00150541 -3.64376e-05 -0.000777417
internal_weight=1.69315e+06 1.01861e+06 946019 764558 674533 524282 181461 304939 166122 288715 44752 72595 479530 468213 369594 353851 252993 100858 51754 16697 63033 12306 233954 146723 101737 71158 44986 40421 52144 183621
internal_count=1693147 1018614 946019 764558 674533 524282 181461 304939 166122 288715 44752 72595 479530 468213 369594 353851 252993 100858 51754 16697 63033 12306 233954 146723 101737 71158 44986 40421 52144 183621
is_linear=0
shrinkage=0.05


Tree=38
num_leaves=31
num_cat=0
split_feature=10 10 17 7 6 18 9 11 9 9 18 6 7 11 5 18 18 18 6 10 17 18 15 9 18 16 18 18 18 18
split_gain=419.402 216.616 156.254 105.104 100.018 98.5155 95.6761 86.8434 78.7998 60.8121 60.5524 56.1421 55.4252 55.2977 53.535 52.8527 54.4876 60.2457 49.5596 48.1475 47.9338 47.6198 47.3926 46.5685 52.4313 50.3289 51.5324 41.3044 42.6334 56.949
threshold=0.86899596452713024 1.2378053069114687 1.2147424817085268 2.7772537469863896 3.3001567125320439 -0.39674647152423853 0.00025326137256342923 0.53150761127471935 8.8437478552805273e-05 9.0755984274437665e-05 -0.83025357127189625 0.59418642520904552 4.4819874763488778 1.5272945761680605 0.0025335021782666449 -0.70556074380874623 0.29862368106842047 0.79467767477035534 -0.97893428802490223 1.7774003148078921 1.8454085588455202 0.18437977880239489 0.67777538299560558 5.6667309763724922e-05 -0.76744312047958363 0.79884329438209545 -0.84455960988998402 0.99799686670303356 0.2861058115959168 0.19722913205623629
decision_type=2 2 2 2 2 2 2 2 2 2 2 2 2 2 2 2 2 2 2 2 2 2 2 2 2 2 2 2 2 2
left_child=3 2 6 5 7 23 11 19 -4 21 -9 -2 15 -10 20 -8 18 -18 -17 -3 -12 -7 27 24 -1 26 -25 28 29 -11
right_child=1 4 8 -5 -6 9 12 10 13 22 14 -13 -14 -15 -16 16 17 -19 -20 -21 -22 -23 -24 25 -26 -27 -28 -29 -30 -31
leaf_value=0.055582748624049418 -0.0011076356353442397 -0.007173975758729312 0.021384015603729135 0.0077972174248842063 0.0096383387968430115 0.0060009475936922407 -0.0039518697610501363 -0.007661399077002729 0.00046806071889352041 0.0038512871840240383 -0.0034336183372967845 0.001701620200892895 0.0062222282239235765 0.0040185291077553757 -0.0084767186864299626 0.0054470948468247132 -0.004856007569091797 -0.00031512961665020045 -0.0011361748600280496 -0.014407445976677036 0.00047847120341637517 0.020912563560081046 0.0096737268800717712 0.00062750622853751108 0.0060188036248974511 0.001226031149307727 -0.006043721961052329 0.019952082651861925 0.0013105805893832924 0.02074399220957859
leaf_weight=949 257027 31907 5213 61750 6138 13796 121794 15574 183038 41084 108037 135902 7332 79554 10974 18766 70900 46023 74414 2765 44101 12626 19460 30028 2364 117086 31242 3329 131805 8169
leaf_count=949 257027 31907 5213 61750 6138 13796 121794 15574 183038 41084 108037 135902 7332 79554 10974 18766 70900 46023 74414 2765 44101 12626 19460 30028 2364 117086 31242 3329 131805 8169
internal_value=-4.62157e-05 -0.000536672 -0.000224458 0.00121641 -0.00195903 0.000928052 -0.000602466 -0.00214007 0.000808984 0.00161485 -0.00169571 -7.13869e-05 -0.00121761 0.00068814 -0.0014113 -0.00131261 -0.000832211 -0.00155102 6.97575e-05 -0.00443009 -0.00116802 0.00387177 0.00132232 5.75222e-05 0.00593118 -5.15822e-05 -0.00121267 0.00107464 0.000973169 0.00222829
internal_weight=1.69315e+06 1.21946e+06 999963 473688 219496 411938 732158 213358 267805 230269 178686 392929 339229 262592 163112 331897 210103 116923 93180 34672 152138 26422 203847 181669 3313 178356 61270 184387 181058 49253
internal_count=1693147 1219459 999963 473688 219496 411938 732158 213358 267805 230269 178686 392929 339229 262592 163112 331897 210103 116923 93180 34672 152138 26422 203847 181669 3313 178356 61270 184387 181058 49253
is_linear=0
shrinkage=0.05


Tree=39
num_leaves=31
num_cat=0
split_feature=6 14 18 19 19 18 19 18 19 4 19 19 18 8 19 19 18 18 18 19 18 8 18 5 19 18 19 18 18 19
split_gain=249.761 179.629 123.254 127.252 116.752 196.008 121.851 258.538 105.547 86.1716 86.9901 84.6921 91.4135 82.1399 78.9072 76.3054 126.021 486.914 335.213 141.175 275.036 143.394 122.912 121.877 113.677 161.682 104.475 102.635 96.6336 207.1
threshold=2.3517599105834965 0.50014442205429088 0.95819556713104259 -0.19294966012239453 0.99930992722511303 -1.0000000180025095e-35 -0.90722548961639393 0.067579798400402083 -0.028357730247080323 0.0014572844957001509 -0.97768935561180104 0.832677721977234 0.27353890240192419 10.461008548736574 -0.82288655638694752 -0.69622442126274098 0.1326885595917702 0.27353890240192419 0.19722913205623629 0.68993380665779125 -0.65770241618156422 -2.3724960088729854 0.56820151209831249 -0.0011792875593528149 -0.44032992422580713 0.8537760078907014 0.65110388398170482 0.61048936843872081 -0.26513479650020594 0.9844242036342622
decision_type=2 2 2 2 2 2 2 2 2 2 2 2 2 2 2 2 2 2 2 2 2 2 2 2 2 2 2 2 2 2
left_child=1 2 4 -4 6 -6 7 9 -5 10 -1 13 -13 -2 -8 22 19 18 -18 26 21 -21 -16 -22 25 -19 -17 -24 -25 -30
right_child=11 -3 3 8 5 -7 14 -9 -10 -11 -12 12 -14 -15 15 16 17 24 -20 20 23 -23 27 28 -26 -27 -28 -29 29 -31
leaf_value=0.0031374073040981946 0.002339963946363727 0.0028057075874362348 0.011047497478126601 -0.0036910533274141623 0.028445761479923393 -0.0046326561973065953 -0.0047354391078795969 -0.0035348351767739428 0.0036211606101970773 -0.0039151892743727549 0.0099690070128416464 0.0203479996775227 -0.00025289062000009025 0.01609268671158421 0.0056523452709924321 -0.0020405628686130327 0.00074924318698104677 -0.00095900106990807208 0.033821234431136347 -0.025850283317237811 -0.01434631910712595 -0.0093819913778592119 -0.0098437520345875107 0.0010909124330607367 -0.0025153165841751202 0.010946858841213804 0.0087266764421812422 0.00059469382387182805 -0.013649254815839895 -0.0025160317714175598
leaf_weight=60443 71854 185615 21979 38919 8309 8461 81522 86614 73374 11649 44619 14417 5645 8578 45999 348490 15200 53067 17124 5605 9830 10428 12454 41604 276322 21189 11684 34265 17162 50726
leaf_count=60443 71854 185615 21979 38919 8309 8461 81522 86614 73374 11649 44619 14417 5645 8578 45999 348490 15200 53067 17124 5605 9830 10428 12454 41604 276322 21189 11684 34265 17162 50726
internal_value=-4.52707e-05 -0.000197815 -0.000390679 0.00105011 -0.000542676 0.00360167 -0.000598011 0.000522562 0.000369124 0.0020585 0.0025109 0.00237228 0.00527864 0.00164735 -0.000814452 -0.000689029 -0.000833019 -0.000151736 0.00572021 -0.00135946 -0.00273614 -0.0088848 0.000675166 -0.00190996 -0.000693141 0.00104369 -0.000842093 -0.00113123 -0.00143115 -0.00259398
internal_weight=1.69315e+06 1.59265e+06 1.40704e+06 134272 1.27277e+06 16770 1.256e+06 203325 112293 116711 105062 100494 20062 80432 1.05267e+06 971149 878431 382902 32324 495529 135355 16033 92718 119322 350578 74256 360174 46719 109492 67888
internal_count=1693147 1592653 1407038 134272 1272766 16770 1255996 203325 112293 116711 105062 100494 20062 80432 1052671 971149 878431 382902 32324 495529 135355 16033 92718 119322 350578 74256 360174 46719 109492 67888
is_linear=0
shrinkage=0.05


Tree=40
num_leaves=31
num_cat=0
split_feature=10 9 11 16 19 9 18 10 10 18 19 18 19 16 19 11 10 19 5 18 19 19 19 18 18 15 18 18 19 18
split_gain=395.278 218.987 111.163 99.807 94.7344 125.699 87.0146 85.9511 81.0264 84.7863 113.918 94.3721 91.5448 80.898 79.8782 74.6684 69.8108 69.371 75.3074 67.4754 64.8895 65.3414 75.4974 62.0582 210.898 66.6526 60.2266 73.2275 58.4043 58.3343
threshold=1.1179875135421755 0.00016325376782333481 0.83651134371757518 1.6514403223991396 0.17149884253740313 0.0003447229828452692 0.79467767477035534 0.55844441056251537 0.80526462197303783 0.08063365146517755 -0.67719548940658558 -0.2143086493015289 0.067579798400402083 0.92634350061416637 0.86051779985427868 2.6144257783889775 1.4578608870506289 0.81537854671478283 -0.0040254744235426179 -0.5206359028816222 -0.69622442126274098 -0.8153785467147826 -0.86493045091629017 0.18437977880239489 0.33586180210113531 0.58632278442382824 0.891992747783661 0.8537760078907014 0.89395666122436535 -0.69308573007583607
decision_type=2 2 2 2 2 2 2 2 2 2 2 2 2 2 2 2 2 2 2 2 2 2 2 2 2 2 2 2 2 2
left_child=1 7 16 4 5 6 8 -1 -3 10 11 -10 -12 -9 17 29 -2 -6 -19 -20 21 22 -7 25 -25 -16 27 -8 -26 -4
right_child=2 3 15 -5 14 20 26 13 9 -11 12 -13 -14 -15 23 -17 -18 18 19 -21 -22 -23 -24 24 28 -27 -28 -29 -30 -31
leaf_value=0.019808408841800709 -0.0036503206254993371 0.0050827798801001247 -0.0049956602389466869 0.0059212626613318557 -0.0024937609680489082 0.00070582018426079143 0.0036692422908980397 0.0013912506109025502 0.014601757365190194 -0.0022814309187408287 -0.0021100677330107122 0.0024714754386117922 0.0083276371186208342 0.0057355431115180492 -0.0057600329726234861 0.010099787968675744 -0.0074466577241756766 -0.048986842765610598 0.019929409929270017 -0.011188259023593983 -0.0028841118102124978 0.0042461613471246216 -0.0068854175096011438 0.025824150675868324 0.005958256308323584 0.0053306135515758029 0.0030530806499724839 0.016860821575881004 -0.0045897807177102904 -0.00099659200778665644
leaf_weight=10555 157505 53670 32761 37912 175217 50472 12860 175513 18425 110458 71073 30894 12503 174831 20143 8069 31667 203 1313 11382 122471 38705 21137 8570 11307 9166 64611 12451 18020 189283
leaf_count=10555 157505 53670 32761 37912 175217 50472 12860 175513 18425 110458 71073 30894 12503 174831 20143 8069 31667 203 1313 11382 122471 38705 21137 8570 11307 9166 64611 12451 18020 189283
internal_value=-4.77513e-05 0.000390545 -0.00137937 -2.16329e-05 -0.00013045 0.000203476 0.000755792 0.00143323 0.000343239 -4.45854e-05 0.000806276 0.00271194 -0.000318273 0.00129929 -0.000940972 -0.000641207 -0.00227729 -0.00146958 -0.00500853 -0.0045254 -0.000714608 0.000164984 -0.000729657 0.000538642 0.00187482 -0.00118905 0.0021185 0.00418593 -0.000141508 -0.000812902
internal_weight=1.69315e+06 1.27386e+06 419285 912963 875051 619730 386945 360899 297023 243353 132895 49319 83576 350344 255321 230113 189172 188115 12898 12695 232785 110314 71609 67206 37897 29309 89922 25311 29327 222044
internal_count=1693147 1273862 419285 912963 875051 619730 386945 360899 297023 243353 132895 49319 83576 350344 255321 230113 189172 188115 12898 12695 232785 110314 71609 67206 37897 29309 89922 25311 29327 222044
is_linear=0
shrinkage=0.05


Tree=41
num_leaves=31
num_cat=0
split_feature=10 6 10 18 9 7 19 19 19 18 18 18 19 18 19 18 19 18 18 7 20 4 18 19 18 9 18 9 7 10
split_gain=366.214 157.128 170.918 113.018 109.66 109.483 96.0479 105.256 100.98 99.1762 138.363 120.915 95.8165 252.897 85.2227 84.0152 82.4702 91.0933 164.752 113.271 78.4914 81.7263 78.1407 121.843 129.981 131.224 72.3325 72.0033 70.9876 65.9088
threshold=0.91975700855255138 3.1530165672302251 1.2556776404380801 0.96065577864646923 0.00037091206468176102 1.3377671241760256 -0.99913862347602833 0.84688794612884533 0.1326885595917702 -0.054514370858669274 -0.50941574573516835 1.0000000180025095e-35 0.9844242036342622 0.26092512905597692 -0.2015048488974571 0.19722913205623629 0.067579798400402083 -0.70556074380874623 -0.56820151209831227 -3.1610665321350093 -0.76942089200019825 -7.2690509114181609e-05 0.78666386008262645 -0.8959035575389861 -0.20577672123908994 0.00037091206468176102 -0.98518189787864674 0.00048400608648080384 1.2013994455337527 0.73867735266685497
decision_type=2 2 2 2 2 2 2 2 2 2 2 2 2 2 2 2 2 2 2 2 2 2 2 2 2 2 2 2 2 2
left_child=4 2 3 6 5 29 -2 8 16 10 -9 -11 13 15 20 -13 17 -8 27 -20 -5 -22 23 24 25 -21 -4 -19 -12 -1
right_child=1 -3 26 14 -6 -7 7 9 -10 11 28 12 -14 -15 -16 -17 -18 18 19 22 21 -23 -24 -25 -26 -27 -28 -29 -30 -31
leaf_value=0.0053349175485830182 0.0081684950597271152 0.0080303660213035932 -0.011328483790953959 -0.0063601024860888257 -0.0012580213957285149 0.0054824945125607543 -0.0035509861854840009 0.033130346926636821 -0.0038525886204415494 0.027591022401244295 -0.008926068271693427 0.0028714173582518711 -0.0034100688492328503 0.00073771933776581875 0.0014136210921376737 0.034844633225550703 0.0095007254409630038 0.017409739080275488 0.0065779529534162329 0.0150664901222149 0.0056749753355189283 0.027014382761443401 0.0013006741529470345 -0.0056301240869154673 -0.0029323986739790754 -0.0011287798532820582 -0.0037433812708427272 0.0033063830779181793 0.0018768075894881387 0.00084762763225904036
leaf_weight=84241 14542 22841 5762 2539 104889 168640 102636 2499 184274 5969 18864 2894 23689 39130 73949 9249 10376 9366 22129 15764 5112 5824 62197 80522 85445 19971 186353 17222 9495 296764
leaf_count=84241 14542 22841 5762 2539 104889 168640 102636 2499 184274 5969 18864 2894 23689 39130 73949 9249 10376 9366 22129 15764 5112 5824 62197 80522 85445 19971 186353 17222 9495 296764
internal_value=-4.78104e-05 -0.000631563 -0.000723784 -0.000410547 0.000878488 0.0011612 -0.000612374 -0.000693441 -0.000951956 0.000716976 -0.00169486 0.00163658 0.00109122 0.00230628 0.00128912 0.0086099 -0.000528631 -0.000638648 -0.00021432 -0.00056428 0.0049462 0.00678493 -0.000852409 -0.00133018 -0.000328437 0.00220372 -0.00206673 0.00355047 -0.00268874 0.000691723
internal_weight=1.69315e+06 1.03861e+06 1.01577e+06 823657 654534 549645 736233 721691 609902 111789 30858 80931 74962 51273 87424 12143 425628 415252 312616 286028 13475 10936 263899 201702 121180 35735 192115 26588 28359 381005
internal_count=1693147 1038613 1015772 823657 654534 549645 736233 721691 609902 111789 30858 80931 74962 51273 87424 12143 425628 415252 312616 286028 13475 10936 263899 201702 121180 35735 192115 26588 28359 381005
is_linear=0
shrinkage=0.05


Tree=42
num_leaves=31
num_cat=0
split_feature=9 10 19 18 9 19 9 19 18 19 7 19 18 18 21 16 10 19 19 20 19 18 18 9 18 19 20 18 18 18
split_gain=340.795 244.94 106.075 228.612 117.375 106.606 105.063 99.8062 115.946 98.6403 87.6994 84.2336 110.666 86.4435 82.4258 82.3871 82.3763 82.2776 145.463 78.2333 77.2951 114.658 76.7929 157.142 86.2245 75.0218 68.9781 67.4621 65.4556 158.879
threshold=0.00016325376782333481 1.0717756152153017 -0.92304024100303639 -0.28192219138145441 0.0003909708902938292 -0.99115538597106922 7.0841619162820293e-05 0.99930992722511303 -1.0000000180025095e-35 0.18437977880239489 1.6755884289741518 0.82535797357559215 -0.50941574573516835 0.1456510201096535 0.65450850129127514 1.5333607792854311 1.4773701429367068 0.78396254777908336 0.2861058115959168 -0.76942089200019825 0.17149884253740313 -0.70556074380874623 -0.56820151209831227 0.00032505091803614056 -0.50941574573516835 -0.054514370858669274 -1.0000000180025095e-35 0.8102954924106599 0.19722913205623629 0.26092512905597692
decision_type=2 2 2 2 2 2 2 2 2 2 2 2 2 2 2 2 2 2 2 2 2 2 2 2 2 2 2 2 2 2
left_child=6 15 3 4 14 -5 -1 9 -9 19 -11 -12 -13 -14 -3 20 17 18 27 -8 21 25 23 -23 -24 -2 -6 -4 -19 -30
right_child=1 2 16 5 26 -7 7 8 -10 10 11 12 13 -15 -16 -17 -18 28 -20 -21 -22 22 24 -25 -26 -27 -28 -29 29 -31
leaf_value=0.012390134804982078 -0.0022488483128254243 0.037921458498266142 -0.0037335451739427487 0.0022631575814124338 0.016649294884543503 -0.0059834348024610301 -0.0014366318426614233 0.038089190587964894 0.0010910083678361381 -0.0005954345595696076 0.0011581991395525904 0.054267664481866255 0.0015866987613693429 0.018690069713025215 -0.00034471261939923449 0.0049223903939329744 -0.0062796964269017045 -0.0038430153580563176 -0.007423547468066405 0.0076009836598630257 -0.0017389726526202132 0.039608263088063894 -0.0070752613298098793 0.0044349907314171436 0.0017248230450426782 0.0029192995771900377 -0.0034735182559756774 -0.00042262530921986509 0.034577117833773464 0.00078872087906557426
leaf_weight=33965 160939 6528 119910 30371 4014 37431 21276 5249 5412 197136 42640 2310 14634 8840 1730 46383 45173 25948 53119 84742 225084 3251 14585 27601 306662 35545 6604 87510 3674 34881
leaf_count=33965 160939 6528 119910 30371 4014 37431 21276 5249 5412 197136 42640 2310 14634 8840 1730 46383 45173 25948 53119 84742 225084 3251 14585 27601 306662 35545 6604 87510 3674 34881
internal_value=-4.91097e-05 -0.000454092 -0.00138183 0.000192667 0.00505933 -0.00116221 0.00119341 0.0009566 0.00572648 0.000819747 0.000305016 0.00184731 0.00410332 0.00307574 0.00953015 6.2801e-05 -0.00175047 -0.00147243 -0.00186824 0.00210908 -5.99095e-05 0.000260216 0.000800201 0.00318294 0.000571367 -0.000707437 0.00158222 -0.00127037 0.000126351 0.00143302
internal_weight=1.69315e+06 1.27694e+06 456893 86678 18876 67802 416204 382239 10661 371578 265560 68424 25784 23474 8258 820050 370215 325042 260539 106018 773667 548583 352099 30852 321247 196484 10618 207420 64503 38555
internal_count=1693147 1276943 456893 86678 18876 67802 416204 382239 10661 371578 265560 68424 25784 23474 8258 820050 370215 325042 260539 106018 773667 548583 352099 30852 321247 196484 10618 207420 64503 38555
is_linear=0
shrinkage=0.05


Tree=43
num_leaves=31
num_cat=0
split_feature=10 6 10 16 7 11 10 8 14 16 6 19 19 10 19 8 10 19 19 6 16 19 19 19 7 16 8 4 19 5
split_gain=316.919 157.134 143.512 111.756 87.9267 78.3065 70.6473 65.24 64.5325 58.2988 53.9121 55.3762 52.7546 58.7723 65.3428 51.8156 44.6537 44.121 56.5436 43.0247 38.682 41.344 36.5927 36.0471 35.3318 35.1317 33.4844 41.1041 33.1623 32.5734
threshold=0.86899596452713024 1.0280265808105471 1.1617308855056765 1.6053331494331362 3.7168555259704594 0.59840676188468944 0.7346387803554536 9.458656311035158 0.29356570541858679 0.95216599106788646 -3.6927522420883174 -0.92304024100303639 0.99799686670303356 1.3386096954345705 -0.99674141407012928 0.55456757545471203 1.7774003148078921 0.95819556713104259 0.97768935561180126 -1.8313626646995542 0.79884329438209545 0.53545707464218151 -0.99913862347602833 0.96976330876350414 6.4540045261383066 0.53313571214675914 4.1438903808593759 0.0008772934670560063 0.99980485439300548 -0.0030136770801618691
decision_type=2 2 2 2 2 2 2 2 2 2 2 2 2 2 2 2 2 2 2 2 2 2 2 2 2 2 2 2 2 2
left_child=4 2 8 7 6 16 9 12 19 -1 -7 -12 13 14 15 -3 -4 20 -19 -2 21 -8 -21 -18 -5 -23 27 -16 -13 -24
right_child=1 3 5 24 -6 10 17 -9 -10 -11 11 28 -14 -15 26 -17 23 18 -20 22 -22 25 29 -25 -26 -27 -28 -29 -30 -31
leaf_value=0.0028625116029264933 0.0012435242131368263 -0.0074043547038476383 -0.0058738295849378175 0.0068054122629245262 0.0097855054871926594 0.0099122736079897203 0.00034807765654664151 0.0064202757139916805 0.00081667536320394478 0.0089392802849703086 0.00076758585245605972 -0.0038879041834016972 0.012902411287658556 -0.0044287730033315377 0.00032056908127796606 0.015103281538224484 -0.0094189240221462366 0.032146275243539316 0.0040426429837079449 0.0067873293124565363 0.0017002155180154467 -0.010125962520855425 -0.0065588825284781053 -0.022782900274192077 0.031455766254608844 -0.0018409267188244705 0.0014633026018487207 -0.0033265982333349764 0.011395087196662291 -0.0018591773288506698
leaf_weight=76606 60734 1751 53201 28925 29829 5055 71826 18928 194548 46829 34102 150674 4782 24410 81930 5922 1979 3549 20006 6503 198001 8940 14946 797 1265 18102 88690 46089 1879 392349
leaf_count=76606 60734 1751 53201 28925 29829 5055 71826 18928 194548 46829 34102 150674 4782 24410 81930 5922 1979 3549 20006 6503 198001 8940 14946 797 1265 18102 88690 46089 1879 392349
internal_value=-4.60385e-05 -0.000472382 -0.000798513 0.000515375 0.00105154 -0.0018267 0.00087494 0.000195595 -0.000417887 0.00189128 -0.0013463 -0.00148429 -1.57745e-05 -0.000115759 0.000137712 0.00467223 -0.00347196 0.000483422 0.00256633 -0.0007323 0.000318154 -0.000489542 -0.000914698 -0.00965418 0.00340179 -0.00215591 -2.28417e-05 -0.000540154 -0.00189147 -0.00097411
internal_weight=1.69315e+06 1.21946e+06 916767 302692 473688 247687 443859 272502 669080 123435 191710 186655 253574 248792 224382 7673 55977 320424 23555 474532 296869 98868 413798 2776 30190 27042 216709 128019 152553 407295
internal_count=1693147 1219459 916767 302692 473688 247687 443859 272502 669080 123435 191710 186655 253574 248792 224382 7673 55977 320424 23555 474532 296869 98868 413798 2776 30190 27042 216709 128019 152553 407295
is_linear=0
shrinkage=0.05


Tree=44
num_leaves=31
num_cat=0
split_feature=9 7 19 18 18 7 18 9 18 9 18 18 19 19 8 16 18 19 19 19 19 20 20 8 20 19 18 8 19 19
split_gain=302.718 139.121 127.708 115.793 115.532 157.399 258.427 109.815 107.701 112.761 102.443 142.097 86.4013 85.8312 74.2334 73.6218 68.4479 71.2703 65.267 89.982 94.0932 89.3321 75.194 66.349 63.1339 60.6525 59.2139 59.0285 52.1567 53.7279
threshold=0.00021664595988113436 3.7168555259704594 0.27353890240192419 0.70864605903625499 -0.063225833699107156 1.6459441184997561 -0.71477618813514698 0.00034223073453176772 0.99930992722511303 9.293607217841783e-05 0.2861058115959168 0.19722913205623629 -0.99115538597106922 0.96648588776588451 -10.891653537750242 0.94039177894592296 0.18437977880239489 0.6411133110523225 0.69934985041618358 0.82535797357559215 0.86927726864814769 1.0000000180025095e-35 0.76942089200019848 -1.5655725002288816 -0.76942089200019825 1.0000000180025095e-35 -0.42853991687297815 -3.1771898269653316 -0.2015048488974571 0.99959546327590953
decision_type=2 2 2 2 2 2 2 2 2 2 2 2 2 2 2 2 2 2 2 2 2 2 2 2 2 2 2 2 2 2
left_child=1 8 7 4 5 6 14 -2 9 16 11 -6 -9 -13 -4 28 18 -18 -1 21 -21 23 -23 -20 -19 -10 -22 -8 -11 -30
right_child=2 -3 3 -5 10 -7 27 12 25 15 -12 13 -14 -15 -16 -17 17 24 19 20 26 22 -24 -25 -26 -27 -28 -29 29 -31
leaf_value=0.012970220113034937 0.00065942978020389629 0.0085861659885027707 0.028601050880559767 -0.0077771613074121785 4.8959463983117013e-05 0.002177693201933173 -0.022746627893186756 0.0053704984626867687 0.0030507506902584082 0.0019838660661800124 -0.0020180617768928654 0.0064799766527945174 -0.0021454588016388333 0.035768833152879598 -0.0040114155833645415 0.0019164393722556296 0.0098524900223103899 -0.0054405770147138771 -0.032367018445398736 0.029215643965639672 -0.027572265928940482 0.032141308543782603 -0.011186609434252127 -0.0074736199964091149 0.043048419601839173 0.023767179582672073 0.0024864033368346308 -0.011913916330384378 -0.0018833272854261785 0.017092267769379509
leaf_weight=11478 362890 48499 1181 38256 17648 20847 5589 19973 5186 72536 76461 4493 362946 4375 37277 293773 19961 1028 2490 4333 700 1517 2346 2910 3832 6761 27938 13019 219614 3290
leaf_count=11478 362890 48499 1181 38256 17648 20847 5589 19973 5186 72536 76461 4493 362946 4375 37277 293773 19961 1028 2490 4333 700 1517 2346 2910 3832 6761 27938 13019 219614 3290
internal_value=-4.6452e-05 0.000723161 -0.000627231 -0.00168837 -0.00115982 -0.00261253 -0.00397084 -0.000315429 0.000538552 0.000454364 -6.06932e-05 0.00261729 -0.000906066 0.00778078 -0.00163035 0.000217154 0.00223409 0.00440554 0.00123064 0.000322015 0.0015453 -0.00403217 0.00177323 -0.00818519 0.00983539 0.00524399 0.00050632 -0.00880804 -0.000340171 -0.000719144
internal_weight=1.69315e+06 728192 964955 219146 180890 77913 57066 745809 679693 667746 102977 26516 382919 8868 38458 589213 78533 24821 53712 42234 32971 9263 3863 5400 4860 11947 28638 18608 295440 222904
internal_count=1693147 728192 964955 219146 180890 77913 57066 745809 679693 667746 102977 26516 382919 8868 38458 589213 78533 24821 53712 42234 32971 9263 3863 5400 4860 11947 28638 18608 295440 222904
is_linear=0
shrinkage=0.05


Tree=45
num_leaves=31
num_cat=0
split_feature=10 12 10 18 18 18 19 18 7 8 19 18 19 14 5 19 18 10 19 8 20 19 19 19 18 19 19 19 7 18
split_gain=285.895 141.643 126.316 94.0498 102.059 97.4134 231.042 92.6291 87.5014 87.3466 84.0896 128.558 141.658 73.6032 69.4969 68.49 82.1222 75.3822 64.9416 63.768 77.6576 71.6289 59.2078 71.6605 58.7886 57.6093 55.1664 54.1989 52.0638 52.0531
threshold=0.91975700855255138 1.3128463029861452 1.2556776404380801 -0.41270604729652399 0.2861058115959168 0.19722913205623629 0.96304282546043407 0.9556623399257661 1.3377671241760256 8.1590700149536151 0.69934985041618358 -0.55738157033920277 0.86927726864814769 0.29892048239707952 0.0079095256514847296 0.29862368106842047 0.38469719886779791 0.7429979443550111 -0.2015048488974571 0.39896097779273992 1.0000000180025095e-35 0.7475065588951112 -0.91265374422073353 -0.94622433185577381 -0.98518189787864674 -0.99674141407012928 -0.028357730247080323 0.43247817456722265 -0.072210319340229021 -0.22707572579383847
decision_type=2 2 2 2 2 2 2 2 2 2 2 2 2 2 2 2 2 2 2 2 2 2 2 2 2 2 2 2 2 2
left_child=3 2 7 9 5 8 -7 13 22 10 27 19 -13 25 -11 16 -6 -18 28 20 -12 -22 23 -5 -4 -2 -20 -1 -9 -10
right_child=1 -3 24 4 15 6 -8 18 29 14 11 12 -14 -15 -16 -17 17 -19 26 -21 21 -23 -24 -25 -26 -27 -28 -29 -30 -31
leaf_value=-0.00047513001289468671 0.0037458942571298895 0.0052149978325845454 -0.010142463415672376 0.0047012565074047831 -0.0066998585681277926 0.0034178644617689491 0.056606484854639531 0.0029578488778719604 0.021230507984208249 0.0080503263799620254 -0.020636955203679343 0.034557715312187279 -0.016933914919982414 0.00044277264106602489 -0.022373410404253214 -0.00030930242769279249 0.012983202243414805 0.0032623535798150249 -0.0027195268296335341 -0.0024852135400196488 -0.022644438081578035 0.00032200773259626894 -0.0009529563779553385 0.031425057262804569 -0.0032870812979072907 -0.0021318775046092033 0.0038238190385461559 0.0045582029029308862 0.016836094752073556 0.0081585288454395274
leaf_weight=189388 19392 41820 5715 24977 10642 9947 6230 8030 6091 25173 8027 3823 1550 202643 892 118276 20210 111218 28224 8923 1205 5286 38107 2639 184524 494195 45820 37027 8250 24903
leaf_count=189388 19392 41820 5715 24977 10642 9947 6230 8030 6091 25173 8027 3823 1550 202643 892 118276 20210 111218 28224 8923 1205 5286 38107 2639 184524 494195 45820 37027 8250 24903
internal_value=-4.41486e-05 -0.000559929 -0.000679529 0.000774291 0.00129461 0.00255018 0.00614144 -0.000406172 0.0019495 8.3898e-05 -0.000197666 -0.00274172 0.00423413 -0.000596456 0.00284097 0.000750156 0.00149011 0.00183218 0.0011027 -0.00434069 -0.00638518 -0.00231859 0.000916726 0.00267961 -0.00183848 -0.00091484 0.000474042 0.000126096 0.00396192 0.00413951
internal_weight=1.69315e+06 1.03861e+06 996793 654534 373240 112894 16177 806554 96717 281294 255229 28814 5373 716230 26065 260346 142070 131428 90324 23441 14518 6491 65723 27616 190239 513587 74044 226415 16280 30994
internal_count=1693147 1038613 996793 654534 373240 112894 16177 806554 96717 281294 255229 28814 5373 716230 26065 260346 142070 131428 90324 23441 14518 6491 65723 27616 190239 513587 74044 226415 16280 30994
is_linear=0
shrinkage=0.05


Tree=46
num_leaves=31
num_cat=0
split_feature=6 14 18 19 21 19 18 18 21 19 18 19 4 7 19 19 18 8 11 19 8 18 18 18 18 19 18 19 4 18
split_gain=182.326 139.133 87.7014 99.2778 90.2645 77.675 160.212 81.3469 88.1634 78.9609 178.399 77.2018 72.5595 77.3323 67.3562 65.5958 85.1702 71.1186 64.9068 56.4132 59.9888 57.2156 83.2128 55.9351 53.6086 156.54 112.164 279.401 104.822 71.8886
threshold=2.3517599105834965 0.40718235075473791 0.96065577864646923 -0.2015048488974571 0.65450850129127514 -0.90164175629615773 0.067579798400402083 0.38469719886779791 0.65450850129127514 0.99894830584526073 -1.0000000180025095e-35 -0.028357730247080323 0.0014572844957001509 2.4124177694320683 -0.8153785467147826 0.832677721977234 -0.34816221892833704 12.16558885574341 0.50104829668998729 -0.7589854598045348 7.3907318115234384 0.57892408967018139 0.61048936843872081 0.99740713834762584 -0.14565102010965345 0.68993380665779125 0.2861058115959168 0.98203879594802868 -0.00059184059500694264 -0.56820151209831227
decision_type=2 2 2 2 2 2 2 2 2 2 2 2 2 2 2 2 2 2 2 2 2 2 2 2 2 2 2 2 2 2
left_child=1 2 5 4 -4 6 12 -8 -9 14 -11 23 13 -1 -7 17 -17 -2 -16 21 24 -20 -23 -5 25 -21 27 -26 -27 -30
right_child=15 -3 3 11 -6 9 7 8 -10 10 -12 -13 -14 -15 18 16 -18 -19 19 20 -22 22 -24 -25 26 28 -28 -29 29 -31
leaf_value=0.0041312899761604795 0.0021448945272439959 0.0018751665822974162 0.0067130924954380113 -0.00069864968189103926 0.029288131339579439 -0.0044435495493877269 -0.0043656393585202848 0.00075006576288509934 0.026755730434943916 0.02261681705266241 -0.0055591707982880385 0.0034618479791410639 -0.0041696844694960877 0.018098444432342365 -0.0037118345586698801 0.040202263175625787 0.0089197586862891139 0.020181003778827557 0.0082603994910350597 -0.0013528422116347251 0.0023029361037418096 -0.0088614853149255046 0.0056535395995173099 -0.0097804501902451213 0.02148722627602986 -0.016350116262897542 -0.0013769905097931634 -0.001197092018170104 -0.010382827641526749 -0.0024606298027291477
leaf_weight=93850 76168 280615 13257 28561 3331 75868 72040 9398 2347 9749 9790 66623 11448 5776 124727 2299 17763 4264 18136 290196 53146 7682 10302 9676 17089 8924 283023 39372 17755 29972
leaf_count=93850 76168 280615 13257 28561 3331 75868 72040 9398 2347 9749 9790 66623 11448 5776 124727 2299 17763 4264 18136 290196 53146 7682 10302 9676 17089 8924 283023 39372 17755 29972
internal_value=-4.25539e-05 -0.000172888 -0.000389013 0.000890916 0.00448517 -0.000519574 0.000393361 -0.00125738 0.00260111 -0.000698231 0.00244895 0.000322335 0.00163855 0.00207175 -0.000761223 0.00202301 0.0045808 0.00138502 -0.000640658 -0.000470412 -0.000564656 0.00145903 -0.000539368 -0.00146847 -0.000689973 -0.00112715 -0.00024331 0.0017915 -0.00353127 -0.00260125
internal_weight=1.69315e+06 1.59265e+06 1.31204e+06 121448 16588 1.19059e+06 194859 83785 11745 995731 19539 104860 111074 99626 976192 100494 20062 80432 900324 775597 739477 36120 17984 38237 686331 346847 339484 56461 56651 47727
internal_count=1693147 1592653 1312038 121448 16588 1190590 194859 83785 11745 995731 19539 104860 111074 99626 976192 100494 20062 80432 900324 775597 739477 36120 17984 38237 686331 346847 339484 56461 56651 47727
is_linear=0
shrinkage=0.05


Tree=47
num_leaves=31
num_cat=0
split_feature=9 10 9 19 18 9 19 19 18 19 9 19 18 18 18 18 18 19 19 10 19 19 19 15 9 21 18 18 18 19
split_gain=269.11 197.212 87.1418 81.1351 242.153 110.696 90.943 79.532 119.37 81.4591 70.8023 74.3205 71.3138 122.341 105.819 88.0748 86.7934 83.3305 80.2138 69.7556 74.618 124.187 66.5025 66.1547 63.4436 62.9025 62.4566 86.8067 61.5126 156.628
threshold=0.00015857336256885904 1.0550752878189089 7.0841619162820293e-05 -0.92304024100303639 -0.28192219138145441 0.00035594680230133241 -0.99115538597106922 0.99894830584526073 -1.0000000180025095e-35 0.19722913205623629 0.00046601842041127389 0.15858851373195651 -0.79994463920593251 -0.19294966012239453 0.61048936843872081 -0.39674647152423853 -0.55738157033920277 -0.79202145338058461 -0.99674141407012928 1.4773701429367068 0.78396254777908336 0.27353890240192419 0.054514370858669288 0.59601661562919628 0.00033466453896835452 0.65450850129127514 0.67074871063232433 0.15858851373195651 0.11970336735248567 0.96304282546043407
decision_type=2 2 2 2 2 2 2 2 2 2 2 2 2 2 2 2 2 2 2 2 2 2 2 2 2 2 2 2 2 2
left_child=2 10 -1 4 5 25 -6 9 -9 -4 11 12 22 15 18 16 17 24 -15 20 21 -5 -2 28 -14 -3 27 -25 -11 -30
right_child=1 3 7 19 6 -7 -8 8 -10 23 -12 -13 13 14 -16 -17 -18 -19 -20 -21 -22 -23 -24 26 -26 -27 -28 -29 29 -31
leaf_value=0.011232875508685148 -0.0012970374779723627 0.0414020709182557 0.0051000866344216413 -0.0020426510605984329 0.0017300390104843079 0.0060896298319361554 -0.0054720604495001714 0.032782947213308593 -0.00041414647264000906 -0.0030402699506361431 -0.0021899370146903799 -0.00094906043910788498 0.039225150289877164 0.0063325694022097652 0.0036889062024053399 0.015774519251931952 -0.0029884606613426179 0.0041595344340781271 -0.0022461931869054764 -0.0055602517110363682 0.00044881027573810965 -0.006407906863915464 0.0068445976577389935 0.0034636190324171647 0.012463210784633305 0.0024496967803849692 -0.0017201409775292166 0.01799722954672207 -0.00065752390909070704 0.016790855398523954
leaf_weight=33965 125410 5471 97704 229470 33014 12710 41335 6385 6118 87893 113445 229017 2534 19077 136037 18204 13202 22273 102949 45639 70727 61704 14560 38274 5417 1496 22430 11175 71836 13676
leaf_count=33965 125410 5471 97704 229470 33014 12710 41335 6385 6118 87893 113445 229017 2534 19077 136037 18204 13202 22273 102949 45639 70727 61704 14560 38274 5417 1496 22430 11175 71836 13676
internal_value=-4.43257e-05 -0.000388857 0.00110898 -0.00116655 0.000157403 0.0050897 -0.00114796 0.0008778 0.00479485 0.000735011 9.74287e-05 0.000288087 0.000654719 0.0010668 0.00058881 0.00306831 0.00184452 0.00332186 -0.000480226 -0.001472 -0.0012397 -0.00159355 -0.00028649 0.000248691 0.00771601 0.010155 0.00152409 0.00251673 -0.00027998 0.000674759
internal_weight=1.69315e+06 1.30369e+06 389456 501566 94026 19677 74349 355491 12503 342988 802125 688680 459663 319693 258063 61630 43426 30224 122026 407540 361901 291174 139970 245284 7951 6967 71879 49449 173405 85512
internal_count=1693147 1303691 389456 501566 94026 19677 74349 355491 12503 342988 802125 688680 459663 319693 258063 61630 43426 30224 122026 407540 361901 291174 139970 245284 7951 6967 71879 49449 173405 85512
is_linear=0
shrinkage=0.05


Tree=48
num_leaves=31
num_cat=0
split_feature=9 6 19 18 18 7 18 9 18 18 18 19 18 19 9 19 18 19 8 19 20 20 4 5 11 7 7 8 20 18
split_gain=249.609 121.251 102.543 103.734 97.318 134.739 231.287 88.7603 83.6062 157.293 77.9592 73.1472 144.227 75.991 72.6274 71.8764 70.1026 74.4916 65.1815 58.9368 56.0385 63.6487 55.374 69.3589 54.7087 50.4994 49.9571 48.6384 67.7992 51.5326
threshold=0.00021664595988113436 1.1398651599884035 0.27353890240192419 0.70864605903625499 -0.063225833699107156 1.4762572050094607 -0.71477618813514698 0.00034223073453176772 0.27353890240192419 0.19722913205623629 0.99930992722511303 0.82535797357559215 -0.50941574573516835 -0.99674141407012928 9.293607217841783e-05 -0.99115538597106922 0.18437977880239489 0.68039956688880932 -10.891653537750242 0.82535797357559215 1.0000000180025095e-35 0.76942089200019848 0.00095101664192043256 -0.0013132070889696477 0.39833258092403417 5.4427886009216317 -3.4126471281051631 5.9504356384277353 1.0000000180025095e-35 -0.88396760821342457
decision_type=2 2 2 2 2 2 2 2 2 2 2 2 2 2 2 2 2 2 2 2 2 2 2 2 2 2 2 2 2 2
left_child=1 10 7 4 5 6 18 26 9 -6 14 13 -13 -3 16 -9 17 -1 -4 20 -19 -22 23 -10 -16 -15 -2 28 29 -28
right_child=2 11 3 -5 8 -7 -8 15 22 -11 -12 12 -14 25 24 -17 -18 19 -20 -21 21 -23 -24 -25 -26 -27 27 -29 -30 -31
leaf_value=0.013613472145556239 0.0057088598512213262 0.021261608155366065 0.027102554397318991 -0.0070734129082176134 7.2875744356609712e-05 0.0018054968253506888 -0.013953487514951502 0.0048701314278384762 -0.0057265181283726041 0.025005934998492376 0.013376891393530588 0.044637905813933954 0.0072660971240875675 0.0016979215625447909 -0.0047382818454415505 -0.0019247189117016284 0.01426424801613041 -0.018003931081499058 -0.0036725795177476317 0.0023403979173193092 0.025565508654274118 -0.013432988302333549 -0.0061254038093963631 0.0017889415268117492 0.00032767234556322359 0.014601395018237984 -0.0047250405107242544 0.0037267515186666825 0.0017664764960305668 -0.00062044189930534623
leaf_weight=9185 20924 3346 1181 38256 17648 22632 17999 19973 15853 6677 9811 3198 41450 116082 28857 362946 20502 4817 36101 27088 1499 2113 17542 45257 453949 6295 38187 42901 123523 137355
leaf_count=9185 20924 3346 1181 38256 17648 22632 17999 19973 15853 6677 9811 3198 41450 116082 28857 362946 20502 4817 36101 27088 1499 2113 17542 45257 453949 6295 38187 42901 123523 137355
internal_value=-4.58613e-05 0.000652987 -0.000573239 -0.0015241 -0.00102383 -0.00235712 -0.00368752 -0.000293842 -1.50519e-05 0.00254676 0.000296421 0.00182044 0.00355895 0.00120304 0.000217332 -0.000824848 0.00178363 0.000673348 -0.00144037 -0.000364614 -0.0040159 0.000692137 -0.000807354 -9.65472e-05 5.79943e-06 0.000999779 0.000266472 0.000121357 -0.000104492 -0.000736006
internal_weight=1.69315e+06 728192 964955 219146 180890 77913 55281 745809 102977 24325 557821 170371 44648 125723 548010 382919 65204 44702 37282 35517 8429 3612 78652 61110 482806 122377 362890 341966 299065 175542
internal_count=1693147 728192 964955 219146 180890 77913 55281 745809 102977 24325 557821 170371 44648 125723 548010 382919 65204 44702 37282 35517 8429 3612 78652 61110 482806 122377 362890 341966 299065 175542
is_linear=0
shrinkage=0.05


Tree=49
num_leaves=31
num_cat=0
split_feature=10 11 10 19 16 10 6 10 6 18 5 12 19 11 8 9 11 18 7 21 18 19 20 20 18 18 18 18 19 8
split_gain=252.65 140.404 137.196 71.2544 67.2695 62.788 61.5715 58.4019 54.5601 57.7834 52.6194 47.3151 45.4672 47.1508 45.2666 46.0872 44.8396 44.2564 43.5872 42.5022 40.7065 39.7302 37.5052 37.2899 50.3701 43.1031 113.454 59.9275 105.413 45.573
threshold=0.83816421031951915 1.7820366621017458 1.1617308855056765 -0.99959546327590931 1.2815726995468142 1.9385754466056826 0.70663380622863781 0.55844441056251537 1.898678779602051 -0.8153785467147826 0.0023732016561552887 -0.6967472732067107 0.99894830584526073 0.59840676188468944 2.7978334426879887 7.0841619162820293e-05 2.8463039398193364 0.9556623399257661 -4.352768898010253 0.65450850129127514 0.99894830584526073 0.68039956688880932 -0.76942089200019825 -1.0000000180025095e-35 0.95037782192230236 -0.96185845136642445 -0.70556074380874623 -0.56820151209831227 0.70864605903625499 -2.9364491701126094
decision_type=2 2 2 2 2 2 2 2 2 2 2 2 2 2 2 2 2 2 2 2 2 2 2 2 2 2 2 2 2 2
left_child=4 2 3 -2 7 8 10 -1 9 -4 18 -3 13 -11 15 -8 -13 -9 21 -19 23 -5 -7 -20 25 -25 29 28 -28 -27
right_child=1 11 5 6 -6 22 14 17 -10 12 -12 16 -14 -15 -16 -17 -18 19 20 -21 -22 -23 -24 24 -26 26 27 -29 -30 -31
leaf_value=0.01322022685431108 0.0099400514120511832 0.00073811199476676588 -0.0062304681630389828 0.0079729754063463838 0.0075731377554976833 0.0031552345705544941 0.027302968310977095 0.0014113361576931494 0.0012541944847249021 -0.0049822315411446111 -0.0055529531290474223 0.0047824923432131074 0.0062750354486451228 -0.0021143620420408459 0.0019832741643929842 -0.00088006038773662536 0.016329411092840758 0.0052150535804013631 -0.0022579235122088038 0.02304179612529933 0.0069068571309587991 -0.0065336156557616216 -0.011962821271548197 0.0023824630514833025 0.0041973896215039891 -0.0082880537025451905 0.013319146133350357 -0.00072864399216544535 -0.006779483877824944 -0.0030211454061332636
leaf_weight=11568 9734 42502 28050 15651 48803 1096 1428 295114 32009 55565 21879 43115 6386 176486 155058 133195 5426 14719 224443 3708 9070 3972 4834 36236 30893 22156 10126 206419 4085 39421
leaf_count=11568 9734 42502 28050 15651 48803 1096 1428 295114 32009 55565 21879 43115 6386 176486 155058 133195 5426 14719 224443 3708 9070 3972 4834 36236 30893 22156 10126 206419 4085 39421
internal_value=-4.53889e-05 -0.000370556 -0.000510995 -0.000207628 0.00110186 -0.00143155 -0.000252945 0.000842025 -0.00133034 -0.00156462 -0.000532473 0.00152401 -0.00131209 -0.00142663 0.000349522 -0.000321268 0.00259059 0.000713304 -0.000445 0.00309057 -0.000523034 0.0018728 -0.00652614 -0.00057557 -0.000252479 -0.000439482 -0.000647929 -0.000118298 0.00302231 -0.00254559
internal_weight=1.69315e+06 1.31924e+06 1.22819e+06 923766 373912 304426 914032 325109 298496 266487 624351 91043 238437 232051 289681 134623 48541 313541 602472 18427 582849 19623 5930 573779 349336 318443 282207 220630 14211 61577
internal_count=1693147 1319235 1228192 923766 373912 304426 914032 325109 298496 266487 624351 91043 238437 232051 289681 134623 48541 313541 602472 18427 582849 19623 5930 573779 349336 318443 282207 220630 14211 61577
is_linear=0
shrinkage=0.05


Tree=50
num_leaves=31
num_cat=0
split_feature=10 16 10 7 16 19 10 0 9 9 14 8 16 6 15 6 8 9 3 11 19 15 7 6 9 19 11 19 19 9
split_gain=231.167 105.53 101.445 88.8348 73.2908 72.5798 62.1126 58.5903 58.195 51.0819 46.1056 45.8366 44.7524 38.7807 37.7116 37.4984 37.4016 37.2381 34.0869 32.5268 32.4039 49.6907 35.7722 32.283 32.6107 37.5874 32.6489 32.6166 36.2397 31.803
threshold=0.97815498709678661 0.94916132092475902 0.7429979443550111 3.51385509967804 2.2640036344528203 -0.99913862347602833 1.4086553454399111 -7.7518845500890152e-05 0.00047181016998365527 4.8490544941159903e-05 0.42872613668441778 9.458656311035158 1.0804097056388857 0.78662478923797619 0.58057597279548656 -3.6927522420883174 -0.79860037565231312 9.293607217841783e-05 -0.00011584833191591314 2.0711743831634526 0.54646614193916332 0.38132089376449591 -0.072210319340229021 -1.9729106426239011 0.00061198146431706857 0.99980485439300548 0.43150663375854498 0.49052239954471594 0.86051779985427868 0.00019269169570179659
decision_type=2 2 2 2 2 2 2 2 2 2 2 2 2 2 2 2 2 2 2 2 2 2 2 2 2 2 2 2 2 2
left_child=2 6 9 5 7 -4 13 15 10 -1 14 17 20 23 16 -3 -7 -9 -5 -19 21 -11 -22 -2 25 26 -25 -26 -29 -23
right_child=1 4 3 18 -6 8 -8 11 -10 12 -12 -13 -14 -15 -16 -17 -18 19 -20 -21 22 29 -24 24 27 -27 -28 28 -30 -31
leaf_value=0.027943367476421833 0.0012506986557863976 0.0091480958842244161 0.0137121160454597 -0.01593682493931543 0.0073336452922072529 0.00072565826689759973 -0.0058485872736359417 0.0097991461335460561 -0.0026501957906472809 0.011805813457459503 0.0029917803101464527 0.0094589277100601346 0.0087093951178357065 -0.00038796094131954284 0.001731857678026816 -0.0024305652749708031 -0.0016627332797347516 -0.00028110391371097276 0.0059999560328348744 0.0058489266543365059 -0.0036844978409675713 0.0073657409221574493 0.0035248498142889718 -0.0055378512968345291 -0.0050460512816823512 0.023243808587004984 -0.0024221641280966159 -0.023923045361447671 -0.0072578905146742038 -0.00029001729188471437
leaf_weight=4359 18123 5127 7413 628 18274 174444 31965 7169 65159 11771 97098 7128 35742 91854 141305 152840 186038 258238 48319 9652 21927 21987 25704 27643 17638 1094 177023 769 1065 25651
leaf_count=4359 18123 5127 7413 628 18274 174444 31965 7169 65159 11771 97098 7128 35742 91854 141305 152840 186038 258238 48319 9652 21927 21987 25704 27643 17638 1094 177023 769 1065 25651
internal_value=-4.37942e-05 -0.000642683 0.00052614 0.000281786 -0.000136772 0.000131877 -0.00127433 -0.000265589 7.69527e-05 0.0017225 0.000231347 0.000166025 0.00155972 -0.00107351 3.83629e-05 -0.00103661 -0.000233021 6.34409e-05 0.00233824 -3.17294e-05 0.00104821 0.00182716 7.66308e-05 -0.00140392 -0.00156727 -0.00138219 -0.0014316 -0.00352301 -0.00986914 0.00110836
internal_weight=1.69315e+06 825602 867545 720404 458428 671457 367174 440154 664044 147141 598885 282187 142782 335209 501787 157967 360482 275059 48947 267890 107040 59409 47631 243355 225232 205760 204666 19472 1834 47638
internal_count=1693147 825602 867545 720404 458428 671457 367174 440154 664044 147141 598885 282187 142782 335209 501787 157967 360482 275059 48947 267890 107040 59409 47631 243355 225232 205760 204666 19472 1834 47638
is_linear=0
shrinkage=0.05


Tree=51
num_leaves=31
num_cat=0
split_feature=10 16 10 19 16 7 18 19 20 4 10 18 19 19 19 19 18 18 18 18 14 8 10 4 8 8 20 19 19 0
split_gain=211.221 106.684 113.516 65.2466 64.7092 64.5138 61.7355 109.139 65.2453 70.0363 55.3032 45.6954 90.9591 100.545 94.0527 45.9886 70.7456 85.6244 66.5518 59.533 45.1518 45.606 44.2369 44.1968 42.5919 42.1627 49.479 42.1033 41.7651 40.4753
threshold=0.86899596452713024 1.5508216619491579 1.2556776404380801 -0.99959546327590931 1.4015987515449526 -0.59967970848083485 0.96065577864646923 -0.2015048488974571 -0.76942089200019825 -0.0002130198845406994 0.58605727553367626 -0.41270604729652399 0.70864605903625499 0.82535797357559215 0.86927726864814769 0.29862368106842047 0.52435624599456798 0.57892408967018139 -0.063225833699107156 -0.33174875378608698 0.29633688926696783 6.045631170272828 1.9385754466056826 0.00049346432206220936 0.84828242659568798 0.39896097779273992 1.0000000180025095e-35 -0.028357730247080323 0.7475065588951112 -0.00016186951688723636
decision_type=2 2 2 2 2 2 2 2 2 2 2 2 2 2 2 2 2 2 2 2 2 2 2 2 2 2 2 2 2 2
left_child=4 2 3 -2 10 -3 20 8 -8 -10 -1 12 -12 25 -15 19 18 -18 23 -13 21 -5 -4 -17 -25 26 -14 -9 -28 -7
right_child=1 5 22 6 -6 29 7 27 9 -11 11 15 13 14 -16 16 17 -19 -20 -21 -22 -23 -24 24 -26 -27 28 -29 -30 -31
leaf_value=0.010087469925799942 0.0086361741179605215 -0.00067241367726229026 -0.003030865466479649 -0.0018094075383155218 0.0074447535852901758 -0.0012054998155737906 -0.0046831872334598072 -0.0027474289815544008 0.004329829548533848 0.025142010239200374 0.00079754754410280579 0.031131647909321349 -0.020525069745253696 0.029058392703507654 -0.021886046427235142 -0.0050415754394408877 -0.017792293591952325 -0.00079782875131149131 0.0085288904207209866 0.0039794881146666189 0.00021684878710099832 0.0010105337195919772 -0.0089447840285716614 -0.0083747488926091528 0.01860657602638225 -0.0050064208993501396 -0.023147366225248545 0.002653787507575678 -0.00096368033495614633 0.0064001694291457084
leaf_weight=17935 10364 48834 163991 547966 41781 11688 2651 30175 4435 6899 164449 1922 4802 3381 1049 14448 4370 59210 32918 112523 219410 70904 4840 1065 2541 7436 748 46577 3110 50725
leaf_count=17935 10364 48834 163991 547966 41781 11688 2651 30175 4435 6899 164449 1922 4802 3381 1049 14448 4370 59210 32918 112523 219410 70904 4840 1065 2541 7436 748 46577 3110 50725
internal_value=-4.52707e-05 -0.00039333 -0.000541503 -0.000326971 0.000850771 0.00108273 -0.000370984 0.000867893 0.00493028 0.00658197 0.00066901 0.000551245 -3.32477e-05 -0.00317159 0.00349887 0.00102338 0.000315141 -0.000797421 0.0017029 0.00173227 -0.000505082 -0.000723577 -0.00173517 -0.000736679 0.0042152 -0.00500746 -0.00737875 0.000127684 -0.00316226 0.00214779
internal_weight=1.69315e+06 1.21946e+06 1.10821e+06 939381 473688 111247 929017 90737 13985 11334 431907 413972 184975 20526 4430 228997 114552 63580 50972 114445 838280 618870 168831 18054 3606 16096 8660 76752 3858 62413
internal_count=1693147 1219459 1108212 939381 473688 111247 929017 90737 13985 11334 431907 413972 184975 20526 4430 228997 114552 63580 50972 114445 838280 618870 168831 18054 3606 16096 8660 76752 3858 62413
is_linear=0
shrinkage=0.05


Tree=52
num_leaves=31
num_cat=0
split_feature=9 8 9 19 19 18 18 5 18 19 18 18 20 18 18 18 4 18 19 18 18 18 21 18 19 19 8 18 18 18
split_gain=197.623 126.688 91.7334 99.1922 127.623 152.886 299.887 147.677 107.471 90.0229 297.676 112.364 88.2597 81.9008 137.604 77.0055 105.942 72.6922 128.025 99.9436 130.051 82.7958 157.758 79.4856 219.83 131.737 79.187 74.7218 114.336 68.5652
threshold=0.00027903167938347911 7.3907318115234384 7.7547047112602754e-05 0.18437977880239489 0.832677721977234 -0.50941574573516835 -0.18008953332900998 0.0010628413874655964 0.52435624599456798 0.98203879594802868 0.26092512905597692 0.44424325227737432 -0.76942089200019825 1.0000000180025095e-35 -0.054514370858669274 -0.26513479650020594 0.00042840599780902272 0.78666386008262645 0.1326885595917702 0.98120620846748363 0.99930992722511303 0.96535655856132518 0.65450850129127514 0.054514370858669288 -0.69622442126274098 -0.96185845136642445 -6.2417395114898673 -0.38066601753234858 -0.56820151209831227 -0.7238691747188567
decision_type=2 2 2 2 2 2 2 2 2 2 2 2 2 2 2 2 2 2 2 2 2 2 2 2 2 2 2 2 2 2
left_child=1 2 -1 17 29 12 7 15 9 10 -8 -12 -6 14 -11 16 -7 23 19 21 -21 -19 -23 24 25 -4 -25 28 -27 -5
right_child=-2 -3 3 4 5 6 8 -9 -10 13 11 -13 -14 -15 -16 -17 -18 18 -20 20 -22 22 -24 26 -26 27 -28 -29 -30 -31
leaf_value=0.0075141121096885984 -0.0014300025206423928 0.0055583505554311022 0.0055306015224967867 -3.013416719954698e-06 0.10264417338381736 -0.010016980337030646 0.0296337411042026 0.02078363197772495 -0.011190688659484499 -8.311660379336506e-05 -0.0013727553893745138 0.011001639591508017 0.015525865231088665 -0.0028155527646493376 0.020181310830299334 -0.014014522199174845 0.01349224884571968 0.0041155106306355214 0.02026279678115538 -0.0031104586356309975 0.0099019652531388731 0.0090793168972812983 0.051032449989293752 0.0087488829946563706 -0.00097937161248821134 0.035666256069769212 -0.0022772907634885931 0.038959609114662452 -0.0052719253356069808 -0.0034595376863736818
leaf_weight=41338 657948 86853 43246 106995 1317 9676 15866 2151 5766 22829 34553 17463 4929 37584 10528 13992 2232 53885 11765 50765 15646 10517 2382 11085 91676 2363 127683 5471 3000 191643
leaf_count=41338 657948 86853 43246 106995 1317 9676 15866 2151 5766 22829 34553 17463 4929 37584 10528 13992 2232 53885 11765 50765 15646 10517 2382 11085 91676 2363 127683 5471 3000 191643
internal_value=-4.60385e-05 0.000384612 0.00021722 0.000112237 -0.000383646 0.000672495 0.000394462 -0.00433674 0.00131234 0.00159015 0.00289178 0.00106313 0.00835735 0.000344653 0.00214797 -0.00538224 -0.00242694 0.000663587 0.00157492 0.0011333 -0.000240171 0.0024991 0.00609737 0.00019928 0.00101471 0.0035429 -0.000657212 0.00847332 0.00427932 -0.00101628
internal_weight=1.69315e+06 1.0352e+06 948346 907008 477524 178886 172640 28051 144589 138823 67882 52016 6246 70941 33357 25900 11908 429484 144960 133195 66411 66784 12899 284524 145756 54080 138768 10834 5363 298638
internal_count=1693147 1035199 948346 907008 477524 178886 172640 28051 144589 138823 67882 52016 6246 70941 33357 25900 11908 429484 144960 133195 66411 66784 12899 284524 145756 54080 138768 10834 5363 298638
is_linear=0
shrinkage=0.05


Tree=53
num_leaves=31
num_cat=0
split_feature=10 16 16 10 10 7 19 8 17 18 8 19 4 18 19 8 4 18 19 18 20 5 14 2 5 12 4 19 18 18
split_gain=191.462 91.9319 84.1845 70.4145 66.1459 60.9244 57.3146 53.5315 52.2009 45.6936 49.0665 49.5911 47.8577 40.2114 81.2029 52.9515 50.4517 42.636 47.5827 42.2649 39.8377 36.3302 35.0587 41.0549 34.4446 36.1775 36.897 34.1421 63.4065 70.346
threshold=1.005371153354645 1.3440098762512209 2.2640036344528203 0.7429979443550111 1.4403525590896609 5.4427886009216317 -0.99913862347602833 9.458656311035158 0.96422079205513012 0.95305636525154125 -2.2634404897689815 -0.2100446820259094 -0.00018762321269605306 -0.14565102010965345 -0.14133286476135251 2.2449215650558476 -0.0038342277985066171 -0.01963364519178867 -0.61737772822380055 0.53545707464218151 -1.0000000180025095e-35 0.0052893101237714299 0.68485650420188915 5.1199072913732386e-05 -0.0030136770801618691 0.0426399763673544 -0.0012363384012132881 -0.8959035575389861 -0.054514370858669274 0.38469719886779791
decision_type=2 2 2 2 2 2 2 2 2 2 2 2 2 2 2 2 2 2 2 2 2 2 2 2 2 2 2 2 2 2
left_child=1 3 4 -1 7 6 -5 8 -2 27 20 12 -12 14 16 -16 -6 -15 19 -19 -11 24 23 -3 -10 26 -26 28 -8 -30
right_child=2 22 -4 5 13 -7 9 -9 21 10 11 -13 -14 17 15 -17 -18 18 -20 -21 -22 -23 -24 -25 25 -27 -28 -29 29 -31
leaf_value=0.0034557849279792997 -0.0023185140075259849 0.0011419896933706486 0.0069815539281914869 0.01128025606297507 0.011501625701192076 0.0136250021806823 0.006129242133195479 0.0061823553253855914 -0.0042646759088471042 0.0010839316297016621 -0.0058615475754238977 -0.0010482301037892494 0.019607783400429724 0.0073169470741851431 -0.013401524531253862 -0.0032014294943972623 -0.0040301832776984238 -0.0081567064944618635 -0.0019609041074117096 -0.021030023706048163 0.015568586952166764 -0.0083734280116219313 0.0095645970616554388 0.0061663853834129315 0.0023386538057439065 0.0008534396321445703 -0.0018629902253057163 -0.00064656165024205576 -0.0024822454250936544 0.0092553951868008973
leaf_weight=131145 245346 50686 17211 7986 2043 5901 31323 11756 22177 6369 1521 31887 4136 4091 9005 4296 12476 3345 32221 1115 10557 4025 21336 39216 26974 172755 163323 563654 45783 9488
leaf_count=131145 245346 50686 17211 7986 2043 5901 31323 11756 22177 6369 1521 31887 4136 4091 9005 4296 12476 3345 32221 1115 10557 4025 21336 39216 26974 172755 163323 563654 45783 9488
internal_value=-4.29673e-05 0.000421129 -0.000652112 0.000244189 -0.000735298 4.97492e-05 7.8574e-06 -0.000578628 -0.000640561 -3.98741e-05 0.0013512 0.000343597 0.00465795 -0.00221163 -0.00367721 -0.00649951 -0.00109167 -0.00121162 -0.00175159 -0.00659193 0.0035862 -0.000280537 0.00177278 0.00134035 -0.000231161 -0.000114309 -0.000589867 -0.000156402 0.000767952 -0.000250583
internal_weight=1.69315e+06 960988 732159 849750 714948 718605 712704 646356 634600 704718 54470 37544 5657 68592 27820 13301 14519 40772 36681 4460 16926 389254 111238 89902 385229 363052 190297 650248 86594 55271
internal_count=1693147 960988 732159 849750 714948 718605 712704 646356 634600 704718 54470 37544 5657 68592 27820 13301 14519 40772 36681 4460 16926 389254 111238 89902 385229 363052 190297 650248 86594 55271
is_linear=0
shrinkage=0.05


Tree=54
num_leaves=31
num_cat=0
split_feature=9 10 11 6 10 9 18 18 5 21 14 8 18 18 3 11 9 7 18 18 9 18 18 18 18 8 9 8 5 9
split_gain=179.955 123.401 70.0214 58.724 53.8291 52.3656 52.2484 98.2698 83.128 56.3098 50.6999 48.4617 69.8367 56.1289 46.1369 45.2375 43.8352 42.03 39.88 38.2952 36.3181 35.1209 39.0723 47.4074 59.6303 36.816 35.4762 34.4932 33.8553 33.822
threshold=0.00016660726396366957 1.0717756152153017 1.2106121182441714 2.1627862453460698 1.9385754466056826 6.2387738580582677e-05 -0.063225833699107156 0.01527100056409836 0.0010418827296234669 0.65450850129127514 0.30180066823959356 -2.3176670074462886 -0.74168145656585682 -0.65770241618156422 -0.0041346673388034097 0.60267412662506115 7.7547047112602754e-05 5.4427886009216317 -0.62762191891670216 -0.99115538597106922 0.0010354014812037351 0.99959546327590953 0.29862368106842047 0.61048936843872081 0.52435624599456798 -6.1296253204345694 0.00051759040798060607 10.0774302482605 -0.001230191614013165 9.0755984274437665e-05
decision_type=2 2 2 2 2 2 2 2 2 2 2 2 2 2 2 2 2 2 2 2 2 2 2 2 2 2 2 2 2 2
left_child=2 10 5 4 15 -1 8 -8 11 16 17 12 -7 -14 -6 -3 -9 18 19 -2 -17 22 26 24 25 -24 -20 -5 -18 -4
right_child=1 3 29 27 14 6 7 9 -10 -11 -12 -13 13 -15 -16 20 28 -19 21 -21 -22 -23 23 -25 -26 -27 -28 -29 -30 -31
leaf_value=0.011415840993144889 0.0017517919514962123 -0.0038751721529210028 0.01142897931561695 0.0010056083333200795 0.0087516190740716659 -0.00045248965517277751 0.015354971401141082 0.012798047952469971 0.011129804697489799 0.006953064857862002 0.0014560757802220437 -0.00044449298374602545 -0.022091896718469912 -0.0076335010943451966 -0.011323198625495912 -0.0015064842882536178 0.010509358314597796 0.010392451293082106 0.0026483294184263097 -0.002227370781076965 -0.0073335623202411826 0.015571903126276277 0.0083112237563112371 0.00025368207894921335 -0.0074009629769229597 -0.0019087936681202013 -0.002387990876499102 0.013841601709732877 -0.0005520888745779829 0.0039769751528628775
leaf_weight=14313 33234 86697 23136 35046 858 17952 10576 6663 9607 30520 228315 73645 2960 15286 4623 314767 5178 5537 105673 178801 7637 3313 4629 153516 23576 46758 21837 2530 130648 95316
leaf_count=14313 33234 86697 23136 35046 858 17952 10576 6663 9607 30520 228315 73645 2960 15286 4623 314767 5178 5537 105673 178801 7637 3313 4629 153516 23576 46758 21837 2530 130648 95316
internal_value=-4.46801e-05 -0.000348154 0.000830886 -0.00100916 -0.00118071 0.000443677 0.00030409 0.000833674 -0.000509837 0.000547659 2.30381e-05 -0.000899921 -0.00239792 -0.00457635 -0.0061029 -0.00111476 0.000130185 -0.000226566 -0.000268581 -0.000812366 -0.000842111 5.23237e-05 4.63497e-06 -0.000386688 -0.00141737 -0.000462179 0.000705827 0.000883543 -6.40525e-05 0.00186827
internal_weight=1.69315e+06 1.25735e+06 435800 452158 414582 317348 303035 183585 119450 173009 805189 109843 36198 18246 5481 409101 142489 576874 571337 212035 322404 359302 355989 228479 74963 51387 127510 37576 135826 118452
internal_count=1693147 1257347 435800 452158 414582 317348 303035 183585 119450 173009 805189 109843 36198 18246 5481 409101 142489 576874 571337 212035 322404 359302 355989 228479 74963 51387 127510 37576 135826 118452
is_linear=0
shrinkage=0.05


Tree=55
num_leaves=31
num_cat=0
split_feature=10 6 10 6 16 16 6 17 9 9 6 5 18 18 18 9 9 18 18 20 21 21 9 7 9 18 5 17 9 18
split_gain=169.74 101.384 97.0252 64.8414 60.0709 58.1233 57.8031 51.8431 53.5805 48.2179 47.5849 44.1051 39.1783 81.4763 51.8817 51.0973 36.3223 36.116 52.0699 48.1925 35.9601 35.4961 35.07 32.7983 32.7881 39.5477 40.3315 55.3092 38.9934 33.4236
threshold=0.84023258090019237 3.7480714321136479 1.2219725251197817 0.59418642520904552 1.5508216619491579 0.94916132092475902 -2.9633051156997676 1.5143557190895083 0.00065304336021654319 4.8490544941159903e-05 -2.183147549629211 0.0023732016561552887 -0.64778602123260487 -0.57892408967018116 -0.99115538597106922 0.00019385024643270302 0.00060025317361578356 -0.39674647152423853 -0.28192219138145441 -1.0000000180025095e-35 0.65450850129127514 0.65450850129127514 7.0841619162820293e-05 3.3321042060852055 0.00025900347100105142 -0.49052239954471583 -0.00049415515968576063 0.56030273437500011 0.00017314028809778395 0.29862368106842047
decision_type=2 2 2 2 2 2 2 2 2 2 2 2 2 2 2 2 2 2 2 2 2 2 2 2 2 2 2 2 2 2
left_child=5 2 3 6 -5 9 -2 22 17 -1 -10 12 14 15 16 -14 -8 -9 19 -19 -17 -18 -4 -11 25 28 27 -27 -15 -26
right_child=1 -3 7 4 -6 -7 11 8 10 23 -12 -13 13 24 -16 20 21 18 -20 -21 -22 -23 -24 -25 29 26 -28 -29 -30 -31
leaf_value=0.027354838077129906 0.0052823985023309761 0.010817703490584574 0.030643606976426346 0.00044416371292501646 0.0061142158329131613 0.0041385089115710599 0.001058885497700518 -0.005224380842279653 0.0052311548896623265 0.00021423277008288946 -0.0071969672548400313 -0.0051812705771755235 -0.0083615025520709547 0.021079267426702842 -0.0027610785985009213 0.0098392404065081492 0.025249951616532981 0.033080456485450958 0.00036621576862545525 0.0042906587768367869 0.030865169224273112 -0.028263622753049489 -0.0035216803538708598 0.0060917926499465041 -9.6550534978145924e-08 -0.0058133633595733314 -0.0010744081956687358 0.0028806197934482694 -0.0094579007505442084 -0.0029415940243121552
leaf_weight=3083 22811 11111 484 338909 28591 159751 30854 8124 3135 200112 12768 22001 1573 3796 154946 7702 896 2106 61979 3647 1978 74 143261 17321 71207 10592 180028 84257 890 105160
leaf_count=3083 22811 11111 484 338909 28591 159751 30854 8124 3135 200112 12768 22001 1573 3796 154946 7702 896 2106 61979 3647 1978 74 143261 17321 71207 10592 180028 84257 890 105160
internal_value=-4.49164e-05 -0.000314347 -0.00035494 -0.000152073 0.000385578 0.000885299 -0.000434839 -0.00127344 -0.000344925 0.000359158 -0.00298371 -0.000518378 -0.000444298 -0.000199601 -0.00105638 0.00400338 0.000782428 0.000208289 0.000586134 0.00513645 0.00536157 0.0103093 -0.00186615 0.000271118 -0.000303336 3.34451e-05 -4.42016e-05 0.000790203 0.00458813 -0.000837175
internal_weight=1.69315e+06 1.31288e+06 1.30177e+06 1.06626e+06 367500 380267 698765 235504 91759 220516 15903 675954 653953 467183 186770 11253 31824 75856 67732 5753 9680 970 143745 217433 455930 279563 274877 94849 4686 176367
internal_count=1693147 1312880 1301769 1066265 367500 380267 698765 235504 91759 220516 15903 675954 653953 467183 186770 11253 31824 75856 67732 5753 9680 970 143745 217433 455930 279563 274877 94849 4686 176367
is_linear=0
shrinkage=0.05


Tree=56
num_leaves=31
num_cat=0
split_feature=9 6 19 18 10 18 18 7 16 18 18 19 10 9 18 18 18 18 19 19 21 9 10 9 7 18 18 7 18 6
split_gain=157.419 88.7613 83.8482 92.3298 82.1071 81.2515 111.59 195.19 72.9259 64.932 100.291 66.0797 64.2779 61.5094 64.3122 175.692 117.48 107.786 103.748 86.1642 71.2375 75.9963 55.2005 54.2091 53.0886 49.339 74.006 60.936 45.3052 45.1488
threshold=0.00021664595988113436 0.81963035464286815 0.27353890240192419 0.70864605903625499 1.109422028064728 -0.063225833699107156 -0.71477618813514698 1.6459441184997561 1.3187242150306704 0.2861058115959168 0.19722913205623629 0.96648588776588451 0.94292724132537853 0.00052543811034411203 -0.79994463920593251 -0.20577672123908994 -0.38066601753234858 -0.55738157033920277 -0.94622433185577381 -0.79202145338058461 0.65450850129127514 0.00029978234670124953 0.84443482756614696 0.00033466453896835452 -0.072210319340229021 0.61048936843872081 0.54646614193916332 -2.7980302572250362 -0.84455960988998402 -1.2143921852111814
decision_type=2 2 2 2 2 2 2 2 2 2 2 2 2 2 2 2 2 2 2 2 2 2 2 2 2 2 2 2 2 2
left_child=1 12 13 5 -5 6 -4 -8 -3 10 -7 -12 -1 14 22 16 17 19 -18 23 21 -20 28 -16 -25 26 27 -17 -2 -15
right_child=2 8 3 4 -6 9 7 -9 -10 -11 11 -13 -14 29 15 25 18 -19 20 -21 -22 -23 -24 24 -26 -27 -28 -29 -30 -31
leaf_value=0.0017157698577032754 0.0027633200287982664 0.0020805723894520844 -0.0013723373511857373 -0.0036013155953702417 -0.010521980956634563 6.8293349780779175e-05 -0.012317381841427406 0.0033392462800564183 0.0080755626341910639 -0.0012968734720915755 0.0051109026317998412 0.031279855757149401 -0.0010391116021838843 0.0010734562595001273 0.036738221860812457 0.0066372314905482959 0.0059773738097585686 -0.0031736453731062266 0.091815972182107755 0.0028478102833540686 0.0022856406757611413 0.026300325333420929 -0.002577281809299259 0.022895401078969757 0.0030787280829221997 0.00061894249815109832 -0.0085331266015795434 -0.0019744462827925523 -0.0056927263418615759 -0.0029386561633722996
leaf_weight=280767 38886 176626 51020 25824 12432 17648 18608 8285 44650 76461 4493 4375 226149 32072 2415 13382 22070 25777 1718 36140 2342 7481 115999 3749 5009 187742 14479 112837 6732 116979
leaf_count=280767 38886 176626 51020 25824 12432 17648 18608 8285 44650 76461 4493 4375 226149 32072 2415 13382 22070 25777 1718 36140 2342 7481 115999 3749 5009 187742 14479 112837 6732 116979
internal_value=-4.46801e-05 0.000510305 -0.000463493 -0.00132332 -0.003555 -0.000851346 -0.00206962 -0.00467594 0.00134583 7.04041e-05 0.00220244 0.00654037 0.000145586 -0.000210845 1.60869e-05 0.000332421 0.00209511 0.000970037 0.00454167 0.00238729 0.00838316 0.0103653 -0.000835618 0.00622483 0.00439598 -0.000240227 -0.00094813 -0.000559741 0.000637906 -0.00111942
internal_weight=1.69315e+06 728192 964955 219146 38256 180890 77913 26893 221276 102977 26516 8868 506916 745809 596758 435141 106701 73090 33611 47313 11541 9199 161617 11173 8758 328440 140698 126219 45618 149051
internal_count=1693147 728192 964955 219146 38256 180890 77913 26893 221276 102977 26516 8868 506916 745809 596758 435141 106701 73090 33611 47313 11541 9199 161617 11173 8758 328440 140698 126219 45618 149051
is_linear=0
shrinkage=0.05


Tree=57
num_leaves=31
num_cat=0
split_feature=9 8 10 18 20 19 18 18 18 5 5 9 18 18 19 19 6 10 18 18 18 19 18 19 8 19 19 20 4 6
split_gain=145.979 100.675 90.2776 70.9809 66.3033 74.9392 111.713 225.898 120.454 84.1465 83.155 76.2464 68.6696 108.603 112.277 62.0996 64.885 71.8445 56.7535 97.0558 73.1568 223.172 188.181 118.739 65.6148 64.7788 63.7212 129.652 63.3098 58.8809
threshold=0.00029978234670124953 7.8286123275756845 0.75429892539978038 0.99959546327590953 -1.0000000180025095e-35 0.27353890240192419 -0.15858851373195645 0.72687268257141124 -0.26513479650020594 0.0010628413874655964 0.00021699697390431541 0.00013087081606499853 0.994289129972458 0.96304282546043407 0.19722913205623629 0.11970336735248567 1.898678779602051 1.6899983286857607 -0.93743178248405445 -0.86493045091629017 -0.56820151209831227 0.69934985041618358 -0.28192219138145441 0.86051779985427868 -6.0223786830902091 0.65110388398170482 0.44424325227737432 -0.76942089200019825 0.00053993190522305678 0.32099619507789617
decision_type=2 2 2 2 2 2 2 2 2 2 2 2 2 2 2 2 2 2 2 2 2 2 2 2 2 2 2 2 2 2
left_child=1 2 -1 4 18 12 8 11 10 -10 -7 -8 13 -6 -15 -2 17 -17 -4 26 21 25 23 -22 -24 -21 -20 -28 -25 -26
right_child=15 -3 3 -5 5 6 7 -9 9 -11 -12 -13 -14 14 -16 16 -18 -19 19 20 22 -23 24 28 29 -27 27 -29 -30 -31
leaf_value=0.0040863106147812521 -0.00084880401027694898 0.0051050335793761175 -0.0051454191303975886 0.0093430439158167077 0.0014094977436381274 -0.0046191537338668986 0.011140954736051834 -0.0047326695957794042 -0.012228967428529037 0.014102980548304467 0.0027294826051562251 0.0021648083104673257 -0.0043794029844546611 0.012409065623812894 -0.0030448058322129269 -0.0033908363152095836 0.0037667435797974604 -0.010943657437706922 0.002812540541017117 -0.0039504112196221469 0.034131191428177686 -0.018479607841827828 0.0054244842005873317 -0.012006281988302336 -0.0032475842067528904 0.0096027670945975641 0.042165340999631519 -0.00033515662140035655 0.024147935141056572 0.00022538975116517812
leaf_weight=117771 464484 78864 38891 12535 231536 49904 29167 55827 15017 1281 27626 85457 20322 32658 9946 97268 12079 6056 11726 15506 6721 7107 19043 2169 133208 5282 2635 2463 414 100184
leaf_count=117771 464484 78864 38891 12535 231536 49904 29167 55827 15017 1281 27626 85457 20322 32658 9946 97268 12079 6056 11726 15506 6721 7107 19043 2169 133208 5282 2635 2463 414 100184
internal_value=-4.34989e-05 0.000291576 0.000160287 -7.14578e-06 -5.89543e-05 0.000277678 -0.000333549 0.000429156 -0.0017191 -0.00562646 -0.000897717 0.00169947 0.000826253 0.00103414 0.00335415 -0.000686772 -0.00172483 -0.00213019 -0.000603592 -0.000375255 -0.00058971 -0.00302384 -0.000330291 0.00665305 -0.000587676 -0.00040889 0.00331669 0.00798352 -0.00245838 -0.000817937
internal_weight=1.69315e+06 1.11326e+06 1.0344e+06 916625 904090 558741 264279 170451 93828 16298 77530 114624 294462 274140 42604 579887 115403 103324 345349 306458 289634 27895 261739 9304 252435 20788 16824 5098 2583 233392
internal_count=1693147 1113260 1034396 916625 904090 558741 264279 170451 93828 16298 77530 114624 294462 274140 42604 579887 115403 103324 345349 306458 289634 27895 261739 9304 252435 20788 16824 5098 2583 233392
is_linear=0
shrinkage=0.05


Tree=58
num_leaves=31
num_cat=0
split_feature=10 16 9 15 16 16 10 9 4 9 19 9 9 18 10 6 4 8 18 18 18 18 18 19 4 8 5 19 18 8
split_gain=139.166 71.0086 65.8504 65.3577 52.2856 47.3442 51.4319 45.1595 42.8264 42.6219 40.5908 44.0646 42.8925 48.0532 40.3682 39.0652 40.1574 39.1984 35.7822 35.4922 89.321 59.3865 77.7016 44.949 48.6737 43.8 36.1221 35.3465 34.1692 46.7542
threshold=0.97815498709678661 0.94916132092475902 0.00046056674909777945 0.65943133831024181 2.6262013912200932 0.97749921679496776 0.78363883495330822 0.00017092705820687118 0.0028223466360941534 0.00010683035361580552 0.29862368106842047 0.00014010613085702064 6.2387738580582677e-05 0.92636218667030346 1.4086553454399111 -0.92550030350685109 0.0042824114207178363 -13.293497562408445 -0.82288655638694752 -0.063225833699107156 -0.70556074380874623 0.51316559314727794 0.56820151209831249 0.75613728165626537 0.00022986869589658457 -2.1492030620574947 0.0031926278024911885 0.51316559314727794 0.72687268257141124 -6.2417395114898673
decision_type=2 2 2 2 2 2 2 2 2 2 2 2 2 2 2 2 2 2 2 2 2 2 2 2 2 2 2 2 2 2
left_child=2 14 3 5 7 10 -7 -3 9 -5 11 -1 18 19 -2 -4 17 27 -12 20 -14 -21 -23 25 -25 -22 28 -17 29 -24
right_child=1 4 15 8 -6 6 -8 -9 -10 -11 12 -13 13 -15 -16 16 -18 -19 -20 21 23 22 26 24 -26 -27 -28 -29 -30 -31
leaf_value=0.0068267451776451715 -0.0016797598895858413 0.0023280955995084117 0.0024515691530891726 0.010364730115573251 0.0086006672188618464 0.0057846300766915219 0.0011027660699660657 -0.00080857716233974646 0.018430582015274654 0.0025060734887155547 0.093739591149200607 0.00035541682325623825 0.00072489117238019873 -0.011602137546454228 -0.0046020410456207748 0.062896203819931995 0.0073542908925471329 -0.003685113837597731 0.0082329939763664539 0.0052325117212315142 -0.021358238170512966 -0.015802966650681604 0.026801100056134987 -0.0088448834916936784 0.0020256533283438071 -0.0068305840991798265 -0.025223656067730423 -0.052173482259696258 -0.0024989906699455391 0.0017296630443539797
leaf_weight=26330 335209 80538 17981 17896 9580 62511 204571 368310 2560 118596 172 187029 33776 7547 31965 199 3737 62500 7457 29003 2301 4157 1835 19317 7804 3508 506 22 32864 13366
leaf_count=26330 335209 80538 17981 17896 9580 62511 204571 368310 2560 118596 172 187029 33776 7547 31965 199 3737 62500 7457 29003 2301 4157 1835 19317 7804 3508 506 22 32864 13366
internal_value=-4.58613e-05 -0.000510537 0.000396348 0.000539391 -9.55439e-05 0.000327146 0.000836447 -0.000173555 0.00152245 0.00140228 -3.36895e-05 0.000420653 -0.000626173 -0.000805211 -0.00102867 -0.000930257 -0.00148966 -0.00178967 0.00303447 -0.000607328 -0.00146314 9.11527e-05 -0.000908436 -0.00331613 -0.00246119 -0.00730763 -0.000346915 0.0192308 -0.000207011 0.00175317
internal_weight=1.69315e+06 825602 867545 783106 458428 644054 267082 448848 139052 136492 376972 213359 163613 155984 367174 84439 66458 62721 7629 148437 66706 81731 52728 32930 27121 5809 48571 221 48065 15201
internal_count=1693147 825602 867545 783106 458428 644054 267082 448848 139052 136492 376972 213359 163613 155984 367174 84439 66458 62721 7629 148437 66706 81731 52728 32930 27121 5809 48571 221 48065 15201
is_linear=0
shrinkage=0.05


Tree=59
num_leaves=31
num_cat=0
split_feature=9 10 10 19 18 19 9 20 19 17 9 16 19 18 18 18 18 5 18 18 15 5 6 10 19 19 18 18 7 15
split_gain=127.532 99.3208 58.9631 58.4165 198.664 95.7512 95.6256 59.2699 59.7127 58.3333 50.4748 46.9262 45.2788 55.0568 238.748 83.2897 76.751 65.5206 62.8046 54.9381 57.3103 48.9826 44.5401 47.1256 56.0548 92.0736 51.1796 120.504 55.3181 46.0461
threshold=0.00015857336256885904 1.0503277182579043 0.55844441056251537 -0.92304024100303639 -0.23980389535427091 -0.98933362960815419 0.00037419672298710799 -1.0000000180025095e-35 -0.94622433185577381 0.80836221575737011 0.00040584543603472417 1.6514403223991396 0.51316559314727794 -0.55738157033920277 -0.50941574573516835 -0.15858851373195645 -0.70556074380874623 -1.0000000180025095e-35 -0.83025357127189625 0.7357999086380006 0.42667961120605474 -0.0010579756926745174 3.1530165672302251 1.4773701429367068 0.78396254777908336 0.2861058115959168 0.19722913205623629 0.26092512905597692 1.6459441184997561 0.30639295279979711
decision_type=2 2 2 2 2 2 2 2 2 2 2 2 2 2 2 2 2 2 2 2 2 2 2 2 2 2 2 2 2 2
left_child=2 11 -1 4 6 10 -3 8 -8 12 -6 -2 -4 16 21 -16 17 18 -14 -17 -21 -15 23 24 25 29 28 -28 -26 -5
right_child=1 3 9 22 5 -7 7 -9 -10 -11 -12 -13 13 14 15 19 -18 -19 -20 20 -22 -23 -24 -25 26 -27 27 -29 -30 -31
leaf_value=0.015346438408549502 -1.8767055566037972e-05 0.020577823384307782 0.0021942411142679033 0.0020058655744864154 -0.001099364464953273 -0.0058341532053366625 -0.00055452729313181241 -0.002803528108389808 0.028954769310141154 0.0035078141840271361 0.0079427814740777643 0.0049256707109068933 -0.029042191438014942 -0.036117699257179357 -0.0081806762370585269 0.0036804671740771067 -0.0095503658775019217 0.010167424693870497 -0.0017812635640219732 0.0057741299391137479 -0.010977018742502342 0.033938630437716798 0.0050486783148603115 -0.0043437256635320502 -0.0050902645219557119 -0.0051534946266903643 0.029248493763221362 0.0011646619385298985 0.0056764641172163295 -0.002036246579687595
leaf_weight=10417 760633 10835 90840 31768 25918 34036 2471 8694 3000 178775 11021 30213 1311 273 16840 37709 19540 7192 6097 4875 9667 5920 10484 43695 21201 60844 4123 37677 7129 199949
leaf_count=10417 760633 10835 90840 31768 25918 34036 2471 8694 3000 178775 11021 30213 1311 273 16840 37709 19540 7192 6097 4875 9667 5920 10484 43695 21201 60844 4123 37677 7129 199949
internal_value=-4.59795e-05 -0.000283158 0.000747966 -0.000825103 0.000287054 -0.00106305 0.00412 0.00141546 0.0054926 0.000645976 0.000699802 6.82813e-05 5.99209e-05 -0.000625091 0.000130174 -0.000712828 -0.00229057 0.000452055 -0.00284827 0.000272722 -0.00233806 0.00953496 -0.00108115 -0.00116416 -0.000977278 -0.00128161 0.000292314 0.00140431 -0.00134839 -0.000827086
internal_weight=1.69315e+06 1.30369e+06 389456 512845 95975 70975 25000 14165 5471 379039 36939 790846 200264 109424 75284 69091 34140 14600 7408 52251 14542 6193 416870 406386 362691 292561 70130 41800 28330 231717
internal_count=1693147 1303691 389456 512845 95975 70975 25000 14165 5471 379039 36939 790846 200264 109424 75284 69091 34140 14600 7408 52251 14542 6193 416870 406386 362691 292561 70130 41800 28330 231717
is_linear=0
shrinkage=0.05


Tree=60
num_leaves=31
num_cat=0
split_feature=10 11 10 19 9 18 10 11 8 10 9 18 19 19 18 18 18 4 18 20 17 6 9 9 7 19 19 18 19 19
split_gain=122.088 83.6959 73.266 53.2456 49.5483 44.6274 41.4253 39.2937 38.5638 37.8992 39.7417 37.4779 65.9838 51.5912 40.6415 65.9209 105.748 40.2527 54.0289 64.3068 36.8064 38.4302 35.4009 34.9529 34.8594 37.7791 37.6647 115.152 229.229 81.1964
threshold=0.83816421031951915 1.7820366621017458 1.1617308855056765 -0.99674141407012928 5.6667309763724922e-05 0.9556623399257661 1.9385754466056826 2.8463039398193364 -4.4421350955963126 0.65946215391159069 6.6695167333818986e-05 0.95037782192230236 -0.2015048488974571 -0.0065449222456663838 0.99894830584526073 0.99227553606033336 0.98120620846748363 -0.0001797539662220515 0.96535655856132518 -0.76942089200019825 1.2626128792762759 2.5213959217071538 0.00046601842041127389 0.00036461926356423652 -4.352768898010253 0.68039956688880932 0.84688794612884533 0.18437977880239489 0.96648588776588451 0.86927726864814769
decision_type=2 2 2 2 2 2 2 2 2 2 2 2 2 2 2 2 2 2 2 2 2 2 2 2 2 2 2 2 2 2
left_child=5 2 3 -2 -4 9 20 -3 22 10 -1 24 17 -14 15 16 -15 -13 -19 -20 21 -6 -7 -21 25 -5 -26 29 -29 -28
right_child=1 7 4 11 6 8 -8 -9 -10 -11 -12 12 13 14 -16 -17 -18 18 19 23 -22 -23 -24 -25 26 -27 27 28 -30 -31
leaf_value=0.018572199138267888 0.0047680569874052788 0.0019415873755950219 0.063248963753972182 0.0080731356566890906 -0.0030918896553948309 0.022919888283327396 -0.0075821183686854421 0.010419438970275603 0.005665051687479195 0.00095937662326857636 0.0035372373151568216 0.0012887021555948897 -0.0030880555100853747 -0.0015305063709282975 0.011967432078598551 -0.0072954277691172353 0.018153300305875485 0.0023482463329947082 -0.0042531738678106114 0.033217050870848717 -0.00078378300486268157 0.0053163966188651164 -0.036564703443471902 -0.0061723302894727055 -0.0010621969616461113 -0.0062508843601618907 0.029221469409289737 0.0011892520266749364 0.028133376868466467 -0.0030649673136318337
leaf_weight=8459 27107 79771 255 13575 151139 4346 5921 11272 17991 300438 42510 6995 30491 17619 8156 8778 9948 4652 1219 4573 141392 5719 168 479 676047 3972 2577 38848 10574 58156
leaf_count=8459 27107 79771 255 13575 151139 4346 5921 11272 17991 300438 42510 6995 30491 17619 8156 8778 9948 4652 1219 4573 141392 5719 168 479 676047 3972 2577 38848 10574 58156
internal_value=-4.33217e-05 -0.000269361 -0.000377791 -0.0001561 -0.0010505 0.000754188 -0.00106897 0.00119339 0.00291269 0.000615952 0.00187663 -0.000222102 0.000728662 7.73416e-05 0.0011629 0.000447104 0.00164871 0.00345463 0.00535109 0.00837984 -0.000986756 -0.00151411 0.00704475 0.010867 -0.000332007 0.00187211 -0.0003812 0.000476147 0.00226822 -0.000982168
internal_weight=1.69315e+06 1.31924e+06 1.22819e+06 923766 304426 373912 304171 91043 22505 351407 50969 896659 92910 74992 44501 36345 27567 17918 10923 6271 298250 156858 4514 5052 803749 17547 786202 110155 49422 60733
internal_count=1693147 1319235 1228192 923766 304426 373912 304171 91043 22505 351407 50969 896659 92910 74992 44501 36345 27567 17918 10923 6271 298250 156858 4514 5052 803749 17547 786202 110155 49422 60733
is_linear=0
shrinkage=0.05


Tree=61
num_leaves=31
num_cat=0
split_feature=9 8 10 19 18 18 5 18 18 19 19 18 19 19 16 8 18 18 14 18 5 10 19 9 10 6 10 8 18 19
split_gain=112.182 85.2926 71.2605 66.5508 109.343 150.274 151.517 153.738 74.5223 102.12 89.1468 73.0404 189.922 150.862 68.0007 63.2127 58.7094 134.61 56.8546 55.7102 52.1759 52.1607 50.9962 50.0337 49.6676 48.9791 48.8062 46.7627 61.6502 84.0272
threshold=0.00029978234670124953 7.8286123275756845 0.71592345833778392 0.19722913205623629 0.71782085299491893 -0.15858851373195645 0.0010628413874655964 -0.26513479650020594 0.78666386008262645 0.1326885595917702 0.067579798400402083 0.08063365146517755 -0.69622442126274098 -0.96185845136642445 0.46981078386306768 -6.1296253204345694 -0.38066601753234858 -0.56820151209831227 0.45634551346302038 -0.90722548961639393 -0.00048032014456111932 0.94292724132537853 0.11970336735248567 7.4391035013832165e-05 0.9572913944721223 1.0820749998092654 1.6899983286857607 0.84828242659568798 0.36040300130844122 0.97581917047500621
decision_type=2 2 2 2 2 2 2 2 2 2 2 2 2 2 2 2 2 2 2 2 2 2 2 2 2 2 2 2 2 2
left_child=1 2 -1 8 5 6 7 14 11 10 -10 12 13 24 -5 -13 17 20 22 -14 -15 -17 -2 -6 -4 -26 -24 -7 29 -29
right_child=18 -3 3 4 23 27 -8 -9 9 -11 -12 15 19 16 -16 21 -18 -19 -20 -21 -22 -23 26 -25 25 -27 -28 28 -30 -31
leaf_value=0.0046472801423763201 -0.0010783516732605026 0.0046892020634921707 0.0097742881014958993 -0.0092382908168234801 0.010566563546735387 0.0039557421196637632 0.0077359197921350598 -0.010314385307289632 0.0031657916634395657 0.015691041575888267 -0.0060185963040771898 0.0070729488392073051 -0.00051091087068070304 0.0037661401219554417 -0.0012546372579625099 -0.00029346304438593318 0.0332594168640429 -0.0045951517910889804 0.0012434639437496565 -0.007344910441153929 0.044539655366194857 -0.0044700900932895804 -0.0028437325263164282 -0.0040969550389348131 -0.0014796054239866853 0.0088681439518578879 -0.0089162630535628007 0.012228413280096762 -0.0029583531700053236 3.4157898544651125e-05
leaf_weight=76744 397923 78864 19931 11624 3718 107444 16203 19698 132176 15470 14892 11500 89638 829 123096 65629 7053 3923 82463 12865 2084 67501 93136 117225 25989 7047 6365 12390 36349 33378
leaf_count=76744 397923 78864 19931 11624 3718 107444 16203 19698 132176 15470 14892 11500 89638 829 123096 65629 7053 3923 82463 12865 2084 67501 93136 117225 25989 7047 6365 12390 36349 33378
internal_value=-4.2672e-05 0.000251064 0.000130221 1.27395e-05 -0.000402078 3.47047e-05 -0.00104178 -0.00152443 0.00043156 0.00130062 0.000894144 -1.83127e-05 0.000686412 0.00275966 -0.00092117 -0.000843532 0.00739794 0.00409596 -0.000606584 -0.000665834 0.0122382 -0.00115075 -0.000808164 -0.00170287 0.00154341 0.000354159 -0.00182058 0.00100363 0.000105338 0.00132625
internal_weight=1.69315e+06 1.11326e+06 1.0344e+06 957652 481125 360182 170621 154418 476527 162538 147068 313989 169359 66856 134720 144630 13889 6836 579887 102503 2913 133130 497424 120943 52967 33036 99501 189561 82117 45768
internal_count=1693147 1113260 1034396 957652 481125 360182 170621 154418 476527 162538 147068 313989 169359 66856 134720 144630 13889 6836 579887 102503 2913 133130 497424 120943 52967 33036 99501 189561 82117 45768
is_linear=0
shrinkage=0.05


Tree=62
num_leaves=31
num_cat=0
split_feature=9 10 6 16 6 18 11 18 19 18 8 19 5 7 19 18 9 21 8 19 18 18 21 19 9 19 19 18 9 18
split_gain=108.637 96.8758 65.1253 60.8403 54.0016 53.8311 51.1426 44.1367 84.7053 61.1597 58.9897 57.7593 54.2666 43.9408 43.8208 115.295 46.5874 43.3388 49.2264 42.3754 84.4357 56.2442 60.8817 58.1037 55.7761 52.9116 58.6063 56.2224 92.6163 62.5422
threshold=0.00010507710976526143 1.1179875135421755 2.6583374738693242 1.6756131649017336 1.898678779602051 0.99894830584526073 0.59840676188468944 -0.063225833699107156 0.67074871063232433 -1.0000000180025095e-35 -0.44556882977485651 0.99674141407012951 3.6060160709894269e-05 -1.0295262336730955 0.82535797357559215 -0.50941574573516835 6.6695167333818986e-05 0.65450850129127514 -6.0223786830902091 -0.8959035575389861 -0.20577672123908994 0.38469719886779791 0.65450850129127514 -0.99674141407012928 0.00038396577292587614 -0.82288655638694752 -0.71477618813514698 0.56820151209831249 0.00050973679753951739 0.61048936843872081
decision_type=2 2 2 2 2 2 2 2 2 2 2 2 2 2 2 2 2 2 2 2 2 2 2 2 2 2 2 2 2 2
left_child=2 3 7 5 6 19 -3 8 17 10 13 -11 -12 -9 -10 -16 -17 18 -1 20 24 23 -23 -22 -2 -21 27 28 -27 -29
right_child=1 4 -4 -5 -6 -7 -8 9 14 11 12 -13 -14 -15 15 16 -18 -19 -20 25 21 22 -24 -25 -26 26 -28 29 -30 -31
leaf_value=-0.0051861640652022924 0.013387392642462293 -0.0038357044055623239 0.019040065501586725 0.0044898442007598295 0.0016790748236146292 0.008088270276827703 -0.001409312569198673 0.026016700641836678 -0.0081822454076847916 0.0061812529873458873 -0.024126372566127575 -0.010568120536797255 0.023063469841753326 0.093546262540378858 0.022338420924688785 0.0048316737437100301 -0.0075544761998757376 -0.0016756069775346162 0.017489833323355609 -0.0033578189944271641 0.0041948606709475535 0.0034986111711569957 0.023018319158749946 -0.002043693036062999 0.0019267407697402762 0.013161248098551327 -0.00039829752010253074 -0.0063350841364246072 -0.00025462319491844634 0.0033791508897264566
leaf_weight=2017 17503 78997 6589 48648 46898 13701 281792 1611 14218 51057 936 4344 2594 1035 5437 7103 15642 5461 9359 63962 28159 11671 2918 85753 17352 18359 796331 11522 15148 27030
leaf_count=2017 17503 78997 6589 48648 46898 13701 281792 1611 14218 51057 936 4344 2594 1035 5437 7103 15642 5461 9359 63962 28159 11671 2918 85753 17352 18359 796331 11522 15148 27030
internal_value=-4.49754e-05 -0.000159221 0.00135907 7.41328e-05 -0.000822077 -1.75769e-06 -0.00102955 0.00109507 0.000120702 0.00203241 0.00675194 0.00150629 0.00252125 0.0123961 -0.00107075 7.09673e-05 -0.00149264 0.0031211 0.00487869 -4.07043e-05 0.000702147 0.000110116 0.00303311 -0.000264239 0.00288481 -0.000170858 -6.86328e-05 0.00129685 0.00279494 -5.1878e-06
internal_weight=1.69315e+06 1.56574e+06 127403 1.15806e+06 407687 1.10941e+06 360789 120814 59237 61577 6176 55401 3530 2646 42400 28182 22745 16837 11376 1.09571e+06 163356 128501 14589 113912 34855 932352 868390 72059 33507 38552
internal_count=1693147 1565744 127403 1158057 407687 1109409 360789 120814 59237 61577 6176 55401 3530 2646 42400 28182 22745 16837 11376 1095708 163356 128501 14589 113912 34855 932352 868390 72059 33507 38552
is_linear=0
shrinkage=0.05


Tree=63
num_leaves=31
num_cat=0
split_feature=9 8 10 19 19 7 7 19 9 7 20 17 9 19 19 19 7 19 19 19 19 20 10 5 17 10 19 20 9 19
split_gain=100.854 72.3336 59.1094 61.8948 82.6217 60.0604 59.2833 57.8429 103.399 56.2847 58.6407 51.8707 50.4774 50.259 54.0685 67.8819 52.626 50.2574 88.3666 78.3169 83.155 76.5079 52.8026 50.1389 48.6822 47.5887 42.8922 41.1059 56.3517 40.0144
threshold=0.00025193899637088185 7.3907318115234384 0.75429892539978038 0.19722913205623629 0.832677721977234 -4.352768898010253 -2.5779066085815425 0.88599923253059398 0.00017207006749231371 -3.8096457719802852 -1.0000000180025095e-35 0.37723331153392797 0.00077746369061060261 -0.69622442126274098 -0.80773079395294178 -0.86493045091629017 4.4819874763488778 -0.26092512905597681 -0.2015048488974571 -0.8959035575389861 -0.92304024100303639 1.0000000180025095e-35 1.1652973890304568 0.0015911907539702954 1.620917856693268 1.9385754466056826 -0.99913862347602833 1.0000000180025095e-35 0.00013746067997999492 -0.79202145338058461
decision_type=2 2 2 2 2 2 2 2 2 2 2 2 2 2 2 2 2 2 2 2 2 2 2 2 2 2 2 2 2 2
left_child=1 2 -1 9 5 -5 -6 8 -8 -4 26 -9 13 14 15 -2 25 19 21 20 -12 -19 29 -13 -10 -15 -11 28 -22 -21
right_child=12 -3 3 4 6 -7 7 11 24 10 17 23 -14 16 -16 -17 -18 18 -20 22 27 -23 -24 -25 -26 -27 -28 -29 -30 -31
leaf_value=0.003617745037674125 0.00051949072938165528 0.0045554856124412233 0.0088343411095779204 0.007779288038477228 -0.0045706852363637035 -0.0024575881370452468 0.019140466686995518 -0.0069856400705019311 -0.0049810473890250732 0.012599323691998388 0.0021901688143392052 0.0013904994891357214 -0.0034255298941706924 -0.0013943014864842729 0.0033220896871972161 -0.0042581426178208816 0.0048276519213256708 0.030427912799082548 0.0033753239838561935 -0.0064438701006239553 0.11982200106900642 0.0093554979366470836 -0.01309853382477837 0.01964609353935335 0.013500706775280757 -0.011450900849115032 -0.0014852461574298649 0.011046857093026941 0.024967316638764371 0.00049087708016121168
leaf_weight=106784 163584 78102 14378 8759 21688 228608 11241 8851 7973 3938 50284 108590 52770 440613 66595 38515 14472 2822 68781 14422 273 5537 4072 2364 2026 2159 116357 3410 1768 43411
leaf_count=106784 163584 78102 14378 8759 21688 228608 11241 8851 7973 3938 50284 108590 52770 440613 66595 38515 14472 2822 68781 14422 273 5537 4072 2364 2026 2159 116357 3410 1768 43411
internal_value=-4.43848e-05 0.000311721 0.000175826 1.50092e-05 -0.000402899 -0.000997822 0.000464872 0.000839094 0.00324388 0.000522533 0.000382925 0.000412754 -0.000462561 -0.000354025 0.00018869 -0.000218457 -0.000672945 0.000918986 0.00191081 0.000268616 0.00162824 0.00676516 -0.000955496 0.000706599 -0.000455046 -0.000769922 -0.000485058 0.00749404 0.0131063 -0.000568015
internal_weight=1.69315e+06 914439 836337 729553 400100 237367 162733 141045 21240 329453 315075 119805 778708 725938 268694 202099 457244 194780 77140 117640 55735 8359 61905 110954 9999 442772 120295 5451 2041 57833
internal_count=1693147 914439 836337 729553 400100 237367 162733 141045 21240 329453 315075 119805 778708 725938 268694 202099 457244 194780 77140 117640 55735 8359 61905 110954 9999 442772 120295 5451 2041 57833
is_linear=0
shrinkage=0.05


Tree=64
num_leaves=31
num_cat=0
split_feature=10 6 14 10 6 8 19 18 19 18 19 8 9 18 19 19 18 7 18 18 5 14 21 9 7 18 10 6 19 19
split_gain=95.3524 76.0579 67.6751 63.9584 44.628 44.1625 41.7701 77.4256 105.324 83.0271 77.3404 57.1525 47.8799 43.0521 58.2797 81.715 50.937 45.2044 44.447 42.4981 42.259 41.2039 41.1299 39.4747 38.6805 38.396 37.3788 36.4548 35.4938 50.7597
threshold=0.84023258090019237 3.7480714321136479 0.62543383240699779 1.2682479619979861 0.59418642520904552 0.55456757545471203 0.27353890240192419 -0.063225833699107156 0.67074871063232433 -0.7238691747188567 0.7475065588951112 -3.5516924858093257 0.00044051220174878841 1.0000000180025095e-35 0.98664098978042614 0.96648588776588451 0.19722913205623629 -0.21646956354379651 0.40872775018215185 -0.76744312047958363 0.00064060432487167429 0.48270931839942938 1.0000000180025095e-35 0.00023854301252868029 -0.47634336352348322 -0.86493045091629017 0.55844441056251537 -2.515454769134521 -0.8959035575389861 -0.83025357127189625
decision_type=2 2 2 2 2 2 2 2 2 2 2 2 2 2 2 2 2 2 2 2 2 2 2 2 2 2 2 2 2 2
left_child=21 2 3 4 5 6 27 9 22 19 11 -11 13 20 15 18 -17 -16 -15 25 24 26 -9 -7 -10 -8 -1 -2 -6 -30
right_child=1 -3 -4 -5 28 23 7 8 12 10 -12 -13 -14 14 17 16 -18 -19 -20 -21 -22 -23 -24 -25 -26 -27 -28 -29 29 -31
leaf_value=0.0095604719478640035 0.0050555926196090006 0.0094755167302801764 0.0024117618641114058 -0.0023310359241640157 0.0027819118178047057 -0.00081304211266917123 -6.7368359632324906e-05 -0.0087101078512490278 0.017995890156257084 -0.023889697821922507 -0.0065608107621612181 -0.0081517307166162119 -0.009432737609664333 -0.0035828745116917027 -0.0023513321099383425 0.0027583972336203025 0.033650377142512136 -0.022732683294138179 0.0041693905918077871 0.0070990873265948332 -0.042771355353811172 0.0052391143994063253 -0.0018651401060583606 -0.0033893885295756322 0.064115182600177997 -0.0066816807867791433 0.00088884150137948927 9.2289124096534007e-06 -0.0047337726714593636 0.00034338896758289166
leaf_weight=11824 23814 11111 84441 169936 60497 115737 18775 12652 2766 2253 18194 2921 3027 9837 9369 2507 4297 1386 29022 5019 158 49426 19135 120074 583 12201 319017 270645 17932 284591
leaf_count=11824 23814 11111 84441 169936 60497 115737 18775 12652 2766 2253 18194 2921 3027 9837 9369 2507 4297 1386 29022 5019 158 49426 19135 120074 583 12201 319017 270645 17932 284591
internal_value=-4.27901e-05 -0.000244729 -0.000279888 -0.000374837 -0.000228854 -0.000466559 -0.000175338 -0.000842299 4.48601e-05 -0.00225814 -0.00457891 -0.00997294 0.00122951 0.00153942 0.00120529 0.0019852 0.00703998 -0.002106 0.00110013 -0.000751493 0.00691474 0.000654409 -0.00230126 -0.00102052 0.0081069 -0.00144305 0.000453239 0.000173708 0.000219272 -1.81804e-06
internal_weight=1.69315e+06 1.31288e+06 1.30177e+06 1.21733e+06 1.04739e+06 684372 448561 154102 94739 59363 23368 5174 62952 59925 56418 45663 6804 10755 38859 35995 3507 380267 31787 235811 3349 30976 330841 294459 363020 302523
internal_count=1693147 1312880 1301769 1217328 1047392 684372 448561 154102 94739 59363 23368 5174 62952 59925 56418 45663 6804 10755 38859 35995 3507 380267 31787 235811 3349 30976 330841 294459 363020 302523
is_linear=0
shrinkage=0.05


Tree=65
num_leaves=31
num_cat=0
split_feature=9 10 6 18 16 19 20 6 6 18 20 18 18 19 18 19 4 10 18 21 9 19 19 19 4 18 19 18 19 19
split_gain=87.8749 80.4083 57.2531 53.9597 50.6796 47.4616 49.3346 43.0863 48.187 48.5703 59.0231 50.0321 125.194 119.946 61.1321 78.3488 54.7863 48.0169 46.78 45.6814 56.2716 42.6392 94.5368 51.1545 41.015 40.0928 76.7812 51.9776 52.8658 40.4343
threshold=0.00010507710976526143 1.1179875135421755 2.6583374738693242 0.99894830584526073 1.5508216619491579 1.0000000180025095e-35 -1.0000000180025095e-35 -3.2426571846008296 1.898678779602051 -0.7589854598045348 1.0000000180025095e-35 -0.23980389535427091 -0.14565102010965345 -0.92304024100303639 0.02835773024708033 -0.62762191891670216 0.0016264198930002751 1.7774003148078921 0.56820151209831249 0.65450850129127514 0.00045494968071579939 -0.82288655638694752 -0.76744312047958363 -0.85828685760498036 0.00036870593612547969 -0.063225833699107156 0.67074871063232433 -1.0000000180025095e-35 0.99674141407012951 0.82535797357559215
decision_type=2 2 2 2 2 2 2 2 2 2 2 2 2 2 2 2 2 2 2 2 2 2 2 2 2 2 2 2 2 2
left_child=2 3 25 4 -2 -5 -7 -3 9 10 -9 13 17 16 24 18 19 -13 -16 20 -11 23 -23 -15 -14 26 -1 -27 -29 -28
right_child=1 7 -4 5 -6 6 -8 8 -10 11 -12 12 14 21 15 -17 -18 -19 -20 -21 -22 22 -24 -25 -26 27 29 28 -30 -31
leaf_value=0.0078951406175701514 -0.00011923761337353512 0.005837350505680395 0.017856297495072625 2.3347755983516017e-05 0.0033277188375477997 0.0021871863180534137 0.024528614999315492 -0.0064277202640134704 0.0015070959266615558 0.024487078724202194 -0.00076300891522210765 -0.0080115429370942858 0.00044533397561382639 -0.0026913380431079106 -0.0039513890038874065 -0.0013200741933784288 -0.011685065485388869 -0.014690102510064995 -0.010309249028227963 -0.0013219005749005809 0.0046587298684144076 0.017095309803526481 -0.0012943468074863573 -0.014515382900610947 0.010190618639472238 0.025233303712056399 -0.0079490029684195548 0.0057685510412606167 -0.009930352741145454 3.5074978441118623e-05
leaf_weight=16837 1074095 10330 6589 6778 69228 3157 4799 25603 46898 8207 18312 15049 18644 15644 27675 157490 1120 1656 11098 3309 5126 3825 27754 2820 7127 6176 14218 51057 4344 28182
leaf_count=16837 1074095 10330 6589 6778 69228 3157 4799 25603 46898 8207 18312 15049 18644 15644 27675 157490 1120 1656 11098 3309 5126 3825 27754 2820 7127 6176 14218 51057 4344 28182
internal_value=-4.18452e-05 -0.000144596 0.00122093 6.80018e-05 2.92568e-05 0.00307452 0.00569382 -0.000748491 -0.000831368 -0.00103279 -0.00258795 -0.000809998 -0.00115042 0.000388614 -0.000836358 -0.00113699 0.00391848 -0.00532475 -0.00315039 0.00463887 0.0059439 -0.000864257 0.00025175 -0.00277296 0.00145318 0.000973397 4.47356e-05 0.00186677 0.00138174 -0.00108962
internal_weight=1.69315e+06 1.56574e+06 127403 1.15806e+06 1.14332e+06 14734 7956 407687 397357 350459 43915 306544 238739 67805 222034 196263 17762 16705 38773 16642 13333 50043 31579 18464 25771 120814 59237 61577 55401 42400
internal_count=1693147 1565744 127403 1158057 1143323 14734 7956 407687 397357 350459 43915 306544 238739 67805 222034 196263 17762 16705 38773 16642 13333 50043 31579 18464 25771 120814 59237 61577 55401 42400
is_linear=0
shrinkage=0.05


Tree=66
num_leaves=31
num_cat=0
split_feature=10 7 9 17 10 19 18 16 18 19 20 9 19 18 7 19 5 9 20 9 18 9 18 8 18 5 18 9 8 18
split_gain=83.483 68.0922 55.43 58.7708 51.8464 47.0371 47.4174 42.9034 42.5951 53.617 60.2332 47.8114 42.4882 39.8194 38.5344 46.957 37.7242 36.0875 35.7827 32.2547 30.6651 65.863 37.2268 69.8516 67.1926 47.1843 39.3677 36.9955 33.595 33.1317
threshold=0.84023258090019237 5.1724565029144296 0.00052543811034411203 1.8454085588455202 1.2323570847511294 0.99959546327590953 0.57892408967018139 0.94916132092475902 0.9179256558418275 -0.15858851373195645 1.0000000180025095e-35 0.00080881407484412204 -0.99959546327590931 -0.99959546327590931 -4.352768898010253 0.832677721977234 -0.0040254744235426179 4.8490544941159903e-05 0.76942089200019848 5.6667309763724922e-05 -0.64778602123260487 0.00012264955876162278 -0.26513479650020594 -1.4106686711311338 -0.19294966012239453 0.00083203255780972551 -0.39674647152423853 0.00010130670489161277 5.1614484786987314 -0.71477618813514698
decision_type=2 2 2 2 2 2 2 2 2 2 2 2 2 2 2 2 2 2 2 2 2 2 2 2 2 2 2 2 2 2
left_child=7 2 3 4 12 6 13 17 -8 11 -11 -10 -2 -4 15 -14 -6 -1 -13 -18 21 -21 23 -22 25 -24 28 -26 -25 -23
right_child=1 -3 5 -5 16 -7 8 -9 9 10 -12 18 14 -15 -16 -17 19 -19 -20 20 22 29 24 26 27 -27 -28 -29 -30 -31
leaf_value=0.023852148982678113 0.0073785290164572808 0.0061950175742611193 0.016954030017831297 0.0024441723385782324 -0.021753146396747854 -0.024329595879016532 -0.009703110468196963 0.0032045670005861116 0.012944822453941685 -0.015328588442649994 0.0066589341085645628 -0.0033022697505795231 0.0071536731842682172 -0.0016168787732221857 -0.00043952767816057836 -0.010398120245061305 0.066376307425038791 0.00018952889270246187 -0.028114082556915321 0.036660050515213587 -0.0074037148679439169 -0.0044623777573678637 -0.01135340669977386 -0.0020603808994382302 0.015339930398814334 0.0051104556198828706 0.017290818986856461 -0.0018206069870873476 0.025458389693236286 -0.016124562898117433
leaf_weight=3083 10829 20217 812 84824 558 348 10809 159751 2715 1771 1196 485 18383 131735 893565 2807 140 217433 143 543 4236 13611 6675 3920 2000 1293 4948 91841 682 1794
leaf_count=3083 10829 20217 812 84824 558 348 10809 159751 2715 1771 1196 485 18383 131735 893565 2807 140 217433 143 543 4236 13611 6675 3920 2000 1293 4948 91841 682 1794
internal_value=-4.16089e-05 -0.000230562 -0.000275594 -0.00015696 -0.000258502 -0.00117922 -0.00113653 0.000610755 -0.00361294 -0.000348653 -0.00524098 0.00399342 -0.000126191 -0.000816691 -0.000163049 0.00194431 -0.00118458 0.000158719 -0.00843949 -0.00112961 -0.00115514 -0.00321043 -0.000871577 0.00156681 -0.00120176 -0.00560994 0.00393717 -0.000827463 0.000608431 -0.0038137
internal_weight=1.69315e+06 1.31288e+06 1.29266e+06 1.14265e+06 1.05782e+06 150014 149666 380267 17119 6310 2967 3343 925584 132547 914755 21190 132241 220516 628 131683 131543 15948 115595 13786 101809 7968 9550 93841 4602 15405
internal_count=1693147 1312880 1292663 1142649 1057825 150014 149666 380267 17119 6310 2967 3343 925584 132547 914755 21190 132241 220516 628 131683 131543 15948 115595 13786 101809 7968 9550 93841 4602 15405
is_linear=0
shrinkage=0.05


Tree=67
num_leaves=31
num_cat=0
split_feature=14 9 6 10 9 11 7 20 18 18 7 18 18 7 18 18 9 9 18 16 3 20 10 20 20 18 9 20 18 18
split_gain=81.5168 80.8316 59.1721 45.2548 45.4192 44.0992 40.9775 36.1961 62.9809 74.8074 46.5737 41.3804 42.6121 50.0691 41.3408 48.2841 38.1455 35.6678 35.4848 34.1276 33.3434 32.4093 32.019 33.5729 31.1868 51.2011 31.0078 48.3968 30.1689 46.0122
threshold=0.50014442205429088 0.00034223073453176772 0.51640680432319652 1.1272466182708742 5.6667309763724922e-05 2.0194661617279057 1.2281305789947512 -1.0000000180025095e-35 -0.96535655856132496 0.95305636525154125 -3.7172652482986446 -0.64778602123260487 0.87985393404960643 -1.0034323334693906 0.49052239954471594 0.61048936843872081 0.00010507710976526143 4.8490544941159903e-05 0.15858851373195651 1.5021160840988161 -0.0011892532929778097 0.76942089200019848 1.9385754466056826 -0.76942089200019825 1.0000000180025095e-35 -0.64778602123260487 0.0010354014812037351 1.0000000180025095e-35 0.99332016706466686 0.96759679913520824
decision_type=2 2 2 2 2 2 2 2 2 2 2 2 2 2 2 2 2 2 2 2 2 2 2 2 2 2 2 2 2 2
left_child=1 2 3 7 -5 -4 -2 10 -9 11 17 -10 13 18 -15 16 -16 -1 -13 -8 -6 -14 26 -24 25 -22 -3 -28 29 -26
right_child=6 22 5 4 20 -7 19 8 9 -11 -12 12 21 14 15 -17 -18 -19 -20 -21 24 -23 23 -25 28 -27 27 -29 -30 -31
leaf_value=0.092546482996500312 0.0010747031087325499 -0.0011964483765779744 0.00095260112137074415 0.056993942784851141 0.004283044074314857 0.0074633985913759139 0.0029252798892012988 0.0052031910833292673 -0.0030026158240984814 0.0061475073456370606 -0.0017469009852045471 -0.00016972789249587451 -0.0068324439130639071 0.001078531250423409 0.043967504993662469 -0.0015838028914598068 -0.012110787053746609 0.0048742528163275628 0.0047969846939053713 0.0091820830310580977 -0.0087457532443019018 0.0015750490705728982 0.0066217736619679224 -0.008536998329020884 -0.00096965186268553887 -0.0030339554974516516 -0.00066931914785543507 -0.0096892824731987081 -0.0079908657786757712 0.01141570677258137
leaf_weight=160 138046 380545 396293 224 7927 17372 43994 35332 58076 34397 194493 35855 16662 58090 183 27871 9238 14737 57791 14721 9737 8278 1003 4015 43628 59980 8102 7176 4811 4410
leaf_count=160 138046 380545 396293 224 7927 17372 43994 35332 58076 34397 194493 35855 16662 58090 183 27871 9238 14737 57791 14721 9737 8278 1003 4015 43628 59980 8102 7176 4811 4410
internal_value=-4.06639e-05 -0.000166468 5.5817e-05 -0.000230392 -0.00106681 0.000527601 0.000916086 -3.20232e-05 0.000285131 5.46598e-05 -0.000549692 -0.000223126 9.81455e-05 0.000354445 -0.000451867 -0.00175105 -0.00484556 0.00214473 0.0011757 0.00202248 -0.00110542 -0.00184443 -0.000773998 -0.00474293 -0.00130868 -0.0020031 -0.000723682 -0.00293232 -0.000392628 -1.45718e-05
internal_weight=1.69315e+06 1.49639e+06 1.09554e+06 681880 130717 413665 196761 551163 341773 306441 209390 272044 213968 189028 95382 37292 9421 14897 93646 58715 130493 24940 400841 5018 122566 69717 395823 15278 52849 48038
internal_count=1693147 1496386 1095545 681880 130717 413665 196761 551163 341773 306441 209390 272044 213968 189028 95382 37292 9421 14897 93646 58715 130493 24940 400841 5018 122566 69717 395823 15278 52849 48038
is_linear=0
shrinkage=0.05


Tree=68
num_leaves=31
num_cat=0
split_feature=14 10 10 7 19 6 18 19 18 19 19 18 19 19 18 16 18 18 18 19 18 18 6 7 8 19 20 18 8 18
split_gain=75.4748 75.4516 46.9107 49.2762 44.8247 36.2356 32.7129 73.2476 48.0097 38.4342 32.3674 108.495 225.883 87.5037 80.2062 71.3142 64.5815 69.4262 65.3614 50.797 54.7817 49.8264 47.1377 43.6431 43.6353 43.516 138.808 112.874 53.0396 48.7809
threshold=0.81261378526687633 1.1617308855056765 0.73867735266685497 5.4427886009216317 -0.99674141407012928 3.7480714321136479 0.15858851373195651 0.95305636525154125 0.21004468202590945 0.2861058115959168 0.84688794612884533 0.18437977880239489 0.96304282546043407 0.51316559314727794 -0.50941574573516835 0.50783208012580883 -0.15858851373195645 1.0000000180025095e-35 -0.045798758044838898 0.89395666122436535 0.50188699364662182 0.19722913205623629 3.1530165672302251 -3.8096457719802852 -0.25259141623973841 0.44424325227737432 -0.76942089200019825 -0.86493045091629017 -0.34973530471324915 -0.70556074380874623
decision_type=2 2 2 2 2 2 2 2 2 2 2 2 2 2 2 2 2 2 2 2 2 2 2 2 2 2 2 2 2 2
left_child=1 2 6 4 -4 -3 -1 9 -9 -8 13 14 19 23 -12 -15 24 18 22 20 -13 -14 -18 -6 -16 29 27 -27 -28 -25
right_child=-2 5 3 -5 10 -7 7 8 -10 -11 11 12 21 15 16 -17 17 -19 -20 -21 -22 -23 -24 25 -26 26 28 -29 -30 -31
leaf_value=0.00079556623454534738 0.0046454469120775447 -0.0015908026754448803 0.0042604436689173573 0.0084092781855952935 0.0043194427752126455 0.0086621065306393078 0.0091356333463900492 0.020101634889102063 0.091066580093403085 0.00084714082283556262 0.027376962817407691 0.010608404407334139 0.0022509599756012854 -0.0083134750149170163 -0.010671185082823532 -0.0019675950130128238 2.7808338131474211e-05 -0.0037017819988526494 0.018744236064379693 -0.0018172199196708429 -0.0028644326368774788 0.02979167780767469 0.068077989957073579 -0.0013834573307706989 -0.002403722525535501 0.042940581894142071 -0.0054186999841939424 0.0063516652255873 0.0045306139160588349 0.00030425375435007008
leaf_weight=84256 47665 317066 31433 11917 33250 4558 21251 1420 892 27942 2793 12892 2503 16793 10629 146215 18253 30184 7577 29027 5949 12649 244 267152 12697 2685 10567 3429 13991 505268
leaf_count=84256 47665 317066 31433 11917 33250 4558 21251 1420 892 27942 2793 12892 2503 16793 10629 146215 18253 30184 7577 29027 5949 12649 244 267152 12697 2685 10567 3429 13991 505268
internal_value=-4.0723e-05 -9.75398e-05 6.93428e-05 -3.12685e-05 -6.36807e-05 -0.000784456 0.000949831 0.00194253 0.0106401 0.00153375 -0.000114829 0.000582199 0.00214376 -0.000216241 -0.000612428 -0.00127601 -0.000904704 1.24427e-05 0.00190228 0.000459597 0.00248129 0.00746436 0.000300049 -9.68503e-06 -0.00311669 -8.31785e-05 0.00176382 0.00850507 8.55118e-05 -0.000156521
internal_weight=1.69315e+06 1.64548e+06 1.32386e+06 1.1881e+06 1.17618e+06 321624 135761 51505 2312 49193 1.14475e+06 145397 63020 999350 82377 163008 79584 56258 26074 47868 18841 15152 18497 836342 23326 803092 30672 6114 24558 772420
internal_count=1693147 1645482 1323858 1188097 1176180 321624 135761 51505 2312 49193 1144747 145397 63020 999350 82377 163008 79584 56258 26074 47868 18841 15152 18497 836342 23326 803092 30672 6114 24558 772420
is_linear=0
shrinkage=0.05


Tree=69
num_leaves=31
num_cat=0
split_feature=9 11 10 19 18 6 18 19 20 19 18 10 18 20 8 20 9 15 5 1 19 19 4 18 20 8 19 5 19 9
split_gain=75.3601 61.986 63.8287 48.9393 107.542 47.1084 49.6897 65.9966 59.7231 53.8719 53.9741 70.03 51.4647 48.3196 54.8794 48.2499 61.7225 39.8672 44.8002 49.5365 38.6092 38.5434 38.9277 43.5069 34.8306 36.205 51.099 47.9841 39.3672 36.0237
threshold=8.8437478552805273e-05 1.9001855850219729 0.94292724132537853 -0.8959035575389861 0.041439602151513107 3.0252190828323369 0.19722913205623629 0.6411133110523225 -0.76942089200019825 0.70864605903625499 -0.56820151209831227 0.75429892539978038 -0.50941574573516835 1.0000000180025095e-35 -1.5655725002288816 0.76942089200019848 6.6695167333818986e-05 0.24673197418451312 -0.0030136770801618691 0.00022557814372703436 0.90905222296714794 0.99980485439300548 -0.00093763307086192061 -0.99428912997245777 -0.76942089200019825 -2.0367475748062129 0.95819556713104259 4.7026958782225854e-05 0.99799686670303356 6.6695167333818986e-05
decision_type=2 2 2 2 2 2 2 2 2 2 2 2 2 2 2 2 2 2 2 2 2 2 2 2 2 2 2 2 2 2
left_child=5 2 3 4 -2 6 9 -8 -9 -1 11 13 -12 14 -11 16 -15 -4 -19 21 -14 22 23 -20 -22 27 -27 -26 29 -29
right_child=1 -3 17 -5 -6 -7 7 8 -10 10 12 -13 20 15 -16 -17 -18 18 19 -21 24 -23 -24 -25 25 26 -28 28 -30 -31
leaf_value=0.011732516530244142 0.0096054478122027387 0.003023569704456908 0.0018766397021015347 8.1339672741270746e-05 -0.00033124594551459108 0.024922591233771697 0.0071432846969155866 -0.013078885009352947 0.045639418478996358 -0.028697868330154711 0.019949364400718705 -0.025702042567965599 -0.020070707427809944 0.082403214685013965 -0.00027576760079045526 -0.0038494371541757835 0.0062677654356336661 -0.004171579680647442 0.012872336819321784 0.00044436744135359363 -0.017078150917396673 0.012240692300286416 -0.0018009852254741721 0.00011429477940580468 0.0044879821809826418 0.019055905448125382 -0.0053756702870317646 0.051549184437198851 0.12934587432530706 -0.0068772653552722669
leaf_weight=10149 30493 80332 54194 577746 47043 2588 17605 802 2686 1620 4141 1765 1097 406 2248 1625 578 33678 2893 201472 1771 3811 509162 78598 7008 1818 14454 515 305 544
leaf_count=10149 30493 80332 54194 577746 47043 2588 17605 802 2686 1620 4141 1765 1097 406 2248 1625 578 33678 2893 201472 1771 3811 509162 78598 7008 1818 14454 515 305 544
internal_value=-3.67659e-05 -0.00010794 -0.000178612 0.000195336 0.00137485 0.00152662 0.00128555 0.00332101 0.00960436 0.000427624 -0.000399799 -0.00400388 0.000538654 -0.00159796 -0.00514478 0.00366041 0.0123984 -0.000455868 -0.000541698 -0.000466118 -0.00024353 -0.000695753 -0.000728092 0.000286535 0.000138179 0.000624899 -0.000749754 0.0032967 0.0118768 0.00731822
internal_weight=1.69315e+06 1.61942e+06 1.53909e+06 655282 77536 73725 71137 21093 3488 50044 39895 8242 31653 6477 3868 2609 984 883808 829614 795936 27512 594464 590653 81491 26415 24644 16272 8372 1364 1059
internal_count=1693147 1619422 1539090 655282 77536 73725 71137 21093 3488 50044 39895 8242 31653 6477 3868 2609 984 883808 829614 795936 27512 594464 590653 81491 26415 24644 16272 8372 1364 1059
is_linear=0
shrinkage=0.05


Tree=70
num_leaves=31
num_cat=0
split_feature=9 15 19 18 18 5 19 18 19 18 5 8 20 9 18 19 8 19 8 5 5 21 20 9 18 8 18 18 18 9
split_gain=72.2327 58.4853 56.1401 121.251 71.2738 97.7214 64.6834 54.1062 53.0198 80.4964 60.1545 52.8426 46.1713 50.0378 41.0403 106.331 94.751 77.4706 103.723 49.064 45.0253 59.1208 44.4209 44.617 43.9498 46.3629 40.083 130.539 95.6073 85.8366
threshold=0.00021664595988113436 0.58057597279548656 0.832677721977234 -0.50941574573516835 -0.17149884253740308 0.00081392773427069198 0.95819556713104259 -0.41270604729652399 0.27353890240192419 0.90905222296714794 -0.0013132070889696477 3.8147630691528325 -0.76942089200019825 0.00012264955876162278 -0.054514370858669274 0.68993380665779125 -2.592255592346191 0.75613728165626537 -2.3724960088729854 0.0001150899443018716 -0.00056500299251638342 0.65450850129127514 0.76942089200019848 0.00010507710976526143 -0.8959035575389861 13.136122703552248 -0.70556074380874623 -0.56820151209831227 -0.50941574573516835 0.00029609673947561538
decision_type=2 2 2 2 2 2 2 2 2 2 2 2 2 2 2 2 2 2 2 2 2 2 2 2 2 2 2 2 2 2
left_child=1 14 -3 11 5 6 7 -5 26 10 -10 12 -4 -14 15 19 -16 18 -17 22 21 -19 -1 -24 25 -21 -2 29 -29 -28
right_child=8 2 3 4 -6 -7 -8 -9 9 -11 -12 -13 13 -15 16 17 -18 20 -20 24 -22 -23 23 -25 -26 -27 27 28 -30 -31
leaf_value=0.00047758879174129024 -0.0012256256790638188 0.0012677615942171096 0.094781079623100728 -0.010623853699567955 0.0075605604253885074 0.019713576386073375 -0.014278747813523979 0.020765902006807082 -0.0044255018587477267 -0.010223349897922441 -0.00070531660574447714 0.081701846866594235 0.02072291524782869 -0.030576083761550389 0.0042891511429489215 -0.021156498904215049 -0.0006236293053175191 -0.0057096817389667544 -0.0037181569719142438 -1.4432565103228434e-05 -0.0018881639718211886 -0.02166106939986602 0.013014945094222054 -0.0082258075802514544 0.0082244138598571055 0.063573593557124469 0.038919306972710954 -0.0072643623572103194 3.5036350132700016e-05 0.0048966891376651944
leaf_weight=57979 231906 178689 429 1667 43164 2244 5784 1945 46860 7599 164687 1341 1166 489 103917 3595 202887 10060 5781 22927 47563 2271 1668 13242 19041 343 1937 19455 444749 47762
leaf_count=57979 231906 178689 429 1667 43164 2244 5784 1945 46860 7599 164687 1341 1166 489 103917 3595 202887 10060 5781 22927 47563 2271 1668 13242 19041 343 1937 19455 444749 47762
internal_value=-3.64705e-05 0.000339471 0.000984729 0.00233303 0.00176265 -0.00170962 -0.00394849 0.00130122 -0.00032017 -0.0010039 -0.000822276 0.0114599 0.00647793 0.00268882 2.82938e-05 -0.000561067 0.000382655 -0.00210914 -0.00633532 0.000369792 -0.00144756 -0.00413997 -0.000416387 -0.00285044 0.00172414 0.000266437 -0.000119266 0.000126969 -0.000133777 0.00256243
internal_weight=1.69315e+06 728192 236918 58229 54804 11640 9396 3612 964955 219146 211547 3425 2084 1655 491274 184470 306804 69270 9376 115200 59894 12331 72889 14910 42311 23270 745809 513903 464204 49699
internal_count=1693147 728192 236918 58229 54804 11640 9396 3612 964955 219146 211547 3425 2084 1655 491274 184470 306804 69270 9376 115200 59894 12331 72889 14910 42311 23270 745809 513903 464204 49699
is_linear=0
shrinkage=0.05


Tree=71
num_leaves=31
num_cat=0
split_feature=14 9 19 19 19 9 20 7 6 17 19 19 19 20 19 19 20 5 16 7 19 9 16 7 19 19 19 15 4 6
split_gain=67.5364 65.7379 49.7423 83.2932 71.9117 96.9148 55.7191 55.3417 58.3518 49.7324 48.7847 82.5335 64.2566 55.7614 46.3493 45.2952 49.4242 43.0964 42.2282 37.5055 39.3094 51.2111 37.2709 36.5082 36.3483 35.6848 35.2972 40.2916 35.0709 34.8724
threshold=0.50014442205429088 0.00033466453896835452 0.27353890240192419 0.832677721977234 0.88599923253059398 0.00017435000336263332 -1.0000000180025095e-35 -3.8096457719802852 0.53177148103714 1.5004436373710635 -0.27353890240192408 -0.19294966012239453 -0.44032992422580713 0.76942089200019848 0.99959546327590953 -0.53176689147949208 0.76942089200019848 0.0035241066943854098 0.46981078386306768 -4.352768898010253 0.38469719886779791 0.00018007815378950911 0.58424776792526256 1.2281305789947512 0.832677721977234 0.18437977880239489 -0.98933362960815419 0.65689402818679821 0.0003391525242477656 2.4598896503448491
decision_type=2 2 2 2 2 2 2 2 2 2 2 2 2 2 2 2 2 2 2 2 2 2 2 2 2 2 2 2 2 2
left_child=1 2 6 18 5 22 7 25 17 -7 12 13 15 -12 28 -8 -17 -9 -4 -20 21 -21 -5 -2 -25 -1 27 -3 -6 -28
right_child=23 26 3 4 14 9 10 8 -10 -11 11 -13 -14 -15 -16 16 -18 -19 19 20 -22 -23 -24 24 -26 -27 29 -29 -30 -31
leaf_value=0.01342468937994863 0.00096301285444224673 0.0052968727841874287 -0.0058279892256084265 -0.0012269963503038273 -0.0014896511656421918 -0.0023976742072259194 0.00098348489120146372 -0.0024934170692558879 0.0013700922778279946 0.010440083487202313 0.016089125350016692 0.0024502987231906749 -0.0033890518104100599 0.001956807748446521 0.0084258954546168503 0.0028150721213655696 0.018763264973732787 0.053792680480382465 0.0063005971469725754 -0.0016989957680974888 -0.0010809697691087194 -0.0077929257124367051 0.019866011307687483 0.0027790636721985898 0.010803646801032331 -0.016289662261289008 -0.0016827192863742347 -0.0065909335585226277 0.0024834896421202348 0.0028778041193032512
leaf_weight=7509 138046 16514 26822 2000 115095 14039 162104 128335 83401 3857 12468 118670 34412 6085 12649 11903 5585 193 9326 28442 216715 18181 12205 48127 10588 731 379221 3731 47492 18701
leaf_count=7509 138046 16514 26822 2000 115095 14039 162104 128335 83401 3857 12468 118670 34412 6085 12649 11903 5585 193 9326 28442 216715 18181 12205 48127 10588 731 379221 3731 47492 18701
internal_value=-3.4049e-05 -0.000148558 5.78268e-05 -0.000302768 0.000467596 0.00264322 0.000377672 -0.000245947 -0.000402257 0.000195574 0.000768591 0.00150449 0.000296723 0.00460572 6.90497e-05 0.000675977 0.00309355 -0.00107058 -0.000836099 -0.000649884 -0.00076024 -0.0020773 0.00572686 0.000836802 0.00188112 0.00377427 -0.000680709 0.00135589 -0.000157762 -0.000784325
internal_weight=1.69315e+06 1.49639e+06 1.07822e+06 506823 207337 32101 571396 220169 211929 17896 351227 137223 214004 18553 175236 179592 17488 128528 299486 272664 263338 46623 14205 196761 58715 8240 418167 20245 162587 397922
internal_count=1693147 1496386 1078219 506823 207337 32101 571396 220169 211929 17896 351227 137223 214004 18553 175236 179592 17488 128528 299486 272664 263338 46623 14205 196761 58715 8240 418167 20245 162587 397922
is_linear=0
shrinkage=0.05


Tree=72
num_leaves=31
num_cat=0
split_feature=10 7 6 6 16 8 19 18 18 18 19 8 18 4 18 20 10 5 18 18 19 19 7 5 18 18 5 5 4 8
split_gain=66.8196 56.5437 46.3098 49.3663 46.2787 40.7723 69.1798 96.0289 142.549 98.2105 64.5453 70.8715 49.4331 47.1854 41.1828 40.0948 39.6092 41.5648 39.0596 37.5303 75.8109 172.685 63.7455 53.8077 43.8739 51.1168 49.8578 37.4971 46.5671 38.6021
threshold=0.84023258090019237 6.4540045261383066 -3.6927522420883174 0.51640680432319652 1.8005791306495669 1.0484770536422732 0.2861058115959168 -0.054514370858669274 0.7357999086380006 -0.7238691747188567 0.7475065588951112 -2.9364491701126094 -0.76744312047958363 -0.0033838119124993678 -0.87142586708068837 1.0000000180025095e-35 1.211769759654999 -0.003760276129469275 -0.5206359028816222 -1.0000000180025095e-35 0.98203879594802868 0.96648588776588451 -0.21646956354379651 0.00062607001746073376 0.44424325227737432 0.50188699364662182 -0.0040254744235426179 -0.0030136770801618691 -4.9383668738300905e-05 -0.34973530471324915
decision_type=2 2 2 2 2 2 2 2 2 2 2 2 2 2 2 2 2 2 2 2 2 2 2 2 2 2 2 2 2 2
left_child=-1 2 -2 5 -5 6 27 9 19 12 11 -11 14 -12 -8 -13 -10 -18 -15 23 21 24 -22 -9 -21 -26 -27 -4 -29 -30
right_child=1 -3 3 4 -6 -7 7 8 16 10 13 15 -14 18 -16 -17 17 -19 -20 20 22 -23 -24 -25 25 26 -28 28 29 -31
leaf_value=0.0013975268218088034 0.0081457066991518345 0.014209147335473994 -0.0023770676055410948 9.8717367179146365e-05 0.0051817011479201929 -0.002132020785084393 4.8876765770888843e-05 0.019416095849375006 -0.0044136402971176993 -0.021161730061021445 -0.024877138606217097 -0.012704328519407821 0.0065051337811635529 0.0024375121187316553 -0.0060864561356605675 0.0046078506027773585 -0.031798052998252294 -0.0082869849288695462 -0.0076636972515810534 -0.0021405322586592612 -0.0020364726834327276 0.026478928613321153 -0.01611049297287135 -0.029500951532362086 0.013964453416052193 -0.019405398365382267 0.002438277902989389 0.0013765291537415237 -0.0030524079802235374 0.001768008953048761
leaf_weight=380267 11229 4392 43595 454927 23118 232588 19958 3836 32700 3227 349 1862 5963 4375 15751 1248 213 5031 23100 23638 17538 6983 2732 237 5783 711 28128 261746 52237 25685
leaf_count=380267 11229 4392 43595 454927 23118 232588 19958 3836 32700 3227 349 1862 5963 4375 15751 1248 213 5031 23100 23638 17538 6983 2732 237 5783 711 28128 261746 52237 25685
internal_value=-3.021e-05 -0.000199257 -0.000218267 -0.000245942 0.00015783 -0.000481559 -0.00025945 -0.00100485 -0.00016702 -0.00241386 -0.00440122 -0.00895534 -0.0007847 -0.003364 -0.00148842 -0.00356913 -0.00273561 -0.00676964 -0.00313194 0.000920903 0.000697555 0.00152737 -0.00197336 0.00561012 0.000636801 0.00177055 0.000910226 0.000136068 0.000313247 -0.000759734
internal_weight=1.69315e+06 1.31288e+06 1.30849e+06 1.29726e+06 478045 819214 586626 203363 127530 75833 34161 6337 41672 27824 35709 3110 37944 5244 27475 89586 85513 65243 20270 4073 58260 34622 28839 383263 339668 77922
internal_count=1693147 1312880 1308488 1297259 478045 819214 586626 203363 127530 75833 34161 6337 41672 27824 35709 3110 37944 5244 27475 89586 85513 65243 20270 4073 58260 34622 28839 383263 339668 77922
is_linear=0
shrinkage=0.05


Tree=73
num_leaves=31
num_cat=0
split_feature=9 7 19 19 19 8 9 7 9 5 2 21 17 14 8 15 19 8 12 5 4 9 20 19 19 19 20 15 9 15
split_gain=64.8942 51.6461 46.5852 90.9073 63.7622 56.1378 64.3314 53.0455 49.6976 48.6722 58.6471 47.8584 41.444 39.9429 39.0097 59.6895 42.2498 36.6845 34.5161 33.8047 32.4649 38.2945 53.6607 31.5393 31.3814 35.1896 45.645 42.0418 37.0883 32.4178
threshold=0.00016325376782333481 6.4540045261383066 0.2861058115959168 0.42063900828361517 0.49052239954471594 3.2018179893493657 0.00042264873627573257 -3.3471587896347041 0.00080881407484412204 0.001911897386889905 6.419214696506971e-05 1.0000000180025095e-35 0.38770934939384466 0.81261378526687633 -7.0111463069915763 0.34514544904232031 0.99959546327590953 10.890838146209719 1.6037048697471621 0.0079095256514847296 0.0014572844957001509 0.00020967320597264918 -0.76942089200019825 0.78396254777908336 0.99959546327590953 0.2861058115959168 -1.0000000180025095e-35 0.68056583404541027 8.066349619184622e-05 0.51580759882926952
decision_type=2 2 2 2 2 2 2 2 2 2 2 2 2 2 2 2 2 2 2 2 2 2 2 2 2 2 2 2 2 2
left_child=13 2 7 -4 11 6 12 -2 17 -7 -11 -5 -6 18 15 -8 -16 -9 24 20 21 -19 -23 -14 25 26 29 -27 -29 -1
right_child=1 -3 3 4 5 9 14 8 -10 10 -12 -13 23 -15 16 -17 -18 19 -20 -21 -22 22 -24 -25 -26 27 -28 28 -30 -31
leaf_value=-0.0036264961017396461 0.0030816311000866296 0.013179691308126863 -0.0054937979996090569 -0.00128341794094744 -0.0071846602225406177 0.002793554692448469 -0.0036850822267362419 -0.0002038019252530443 -0.0033765512343943097 -0.0081425453371353484 0.0012115249577975551 0.007568303815290495 -0.0026755258748481338 0.0090049072218842067 -0.0043296217751249812 -0.028657541373155217 -0.025062010585496959 0.022769372762869486 0.0087542050007882507 -0.022718224434984582 0.015926191703658266 -0.020216314973047191 0.0032229512369287951 -1.0072944626182689e-05 0.0098006549507839279 -0.00081184610532001331 0.0047142369350740678 0.015440294660262421 0.0022081469521539666 0.0027189770947912751
leaf_weight=25520 62238 3959 43084 10299 9961 55780 1110 810388 32342 9934 15338 14072 74274 13245 19486 1157 458 1528 10341 525 4395 1161 3657 101797 9120 219833 77762 5758 30900 23725
leaf_count=25520 62238 3959 43084 10299 9961 55780 1110 810388 32342 9934 15338 14072 74274 13245 19486 1157 458 1528 10341 525 4395 1161 3657 101797 9120 219833 77762 5758 30900 23725
internal_value=-3.13912e-05 -0.000208114 -0.000225847 -0.000710582 -0.000414772 -0.000621684 -0.00105622 -3.71084e-05 -0.000139813 0.000494744 -0.00132558 0.00204136 -0.000752559 0.000510807 -0.00359957 -0.00981473 -0.0028931 -6.41389e-05 0.000422003 0.00276939 0.00337492 0.0010873 -0.00110004 -0.000575052 0.000346902 0.000277968 0.000958609 -5.90664e-05 0.00150854 -0.000232511
internal_weight=1.69315e+06 1.27694e+06 1.27298e+06 356750 313666 289295 208243 916234 853996 81052 25272 24371 186032 416204 22211 2267 19944 821654 402959 11266 10741 6346 4818 176071 392618 383498 127007 256491 36658 49245
internal_count=1693147 1276943 1272984 356750 313666 289295 208243 916234 853996 81052 25272 24371 186032 416204 22211 2267 19944 821654 402959 11266 10741 6346 4818 176071 392618 383498 127007 256491 36658 49245
is_linear=0
shrinkage=0.05


Tree=74
num_leaves=31
num_cat=0
split_feature=9 11 9 11 7 6 19 19 20 20 19 8 7 8 7 19 8 19 9 19 19 19 9 17 6 8 19 19 19 19
split_gain=62.0687 55.4568 45.4143 50.1541 41.7859 38.5369 39.7615 51.824 58.2394 66.1149 52.993 48.0322 51.1192 45.0615 37.2888 49.664 40.4133 37.8805 35.5125 34.9194 50.3815 55.8641 98.1548 56.5749 32.0266 36.4027 44.3825 31.6902 33.5111 47.0506
threshold=8.8437478552805273e-05 2.8463039398193364 0.00050973679753951739 0.39833258092403417 4.6175200939178476 3.0252190828323369 0.72687268257141124 0.82535797357559215 1.0000000180025095e-35 0.76942089200019848 0.97768935561180126 -2.0367475748062129 1.3091756701469424 -1.5655725002288816 -4.352768898010253 0.78396254777908336 -5.8146398067474356 0.99980485439300548 6.6695167333818986e-05 0.17149884253740313 0.83985477685928356 0.88599923253059398 0.00017435000336263332 1.5143557190895083 -1.2143921852111814 -10.891653537750242 0.54646614193916332 0.92304024100303661 0.98035496473312389 0.95819556713104259
decision_type=2 2 2 2 2 2 2 2 2 2 2 2 2 2 2 2 2 2 2 2 2 2 2 2 2 2 2 2 2 2
left_child=5 2 3 -2 14 6 -1 8 13 18 -9 12 -12 -8 15 -5 -17 19 -10 -16 -21 22 -22 -24 -4 26 -26 -23 29 -29
right_child=1 -3 24 4 -6 -7 7 10 9 -11 11 -13 -14 -15 17 16 -18 -19 -20 20 21 27 23 -25 25 -27 -28 28 -30 -31
leaf_value=0.0083934543719796483 -0.0028184188395176447 0.0083615818018150882 0.00081732491002577958 0.0063002235273623697 0.0043139943470873023 0.022976158355437471 -0.026937386192800006 0.011439818401340163 0.060805478245565793 -0.0080386742025983504 0.0055246552164650801 -0.0063214129273877822 0.060818778552840624 -0.0075571224329519463 0.0003214332550074972 0.00019001843910233519 -0.020165679414605911 0.010180227196813685 0.012107131632033042 -0.0015788093500821887 0.018214691259127502 -0.0037589259865153436 -0.002971543021631873 0.0090989835992898449 0.022524259115330871 -0.0022846380777777897 -0.050398267203858094 -0.0008534745955907086 -0.0013263383297546394 0.0057139103381617876
leaf_weight=28309 65038 12140 38788 28109 35577 2588 2187 12493 484 2291 6528 14516 414 3047 754985 4175 1715 7239 868 342108 9850 25056 14137 5107 1013 145711 71 29933 66309 32361
leaf_count=28309 65038 12140 38788 28109 35577 2588 2187 12493 484 2291 6528 14516 414 3047 754985 4175 1715 7239 868 342108 9850 25056 14137 5107 1013 145711 71 29933 66309 32361
internal_value=-3.19228e-05 -9.65159e-05 -0.000121945 -2.59197e-05 3.91034e-05 0.00138691 0.00116887 0.000207808 -0.00319365 0.00166072 0.00109717 -0.000410103 0.00301066 -0.00657241 -6.43411e-06 0.00162799 -0.00254669 -4.96082e-05 0.010429 -7.00084e-05 -0.000383244 0.000286999 0.00229601 0.00021825 -0.000857568 -0.0011952 0.00793358 -9.33886e-05 0.000223556 0.00105628
internal_weight=1.69315e+06 1.61942e+06 1.60728e+06 1.4217e+06 1.35666e+06 73725 71137 42828 8877 3643 33951 21458 6942 5234 1.32108e+06 33999 5890 1.28708e+06 1352 1.27985e+06 524861 182753 29094 19244 185583 146795 1084 153659 128603 62294
internal_count=1693147 1619422 1607282 1421699 1356661 73725 71137 42828 8877 3643 33951 21458 6942 5234 1321084 33999 5890 1287085 1352 1279846 524861 182753 29094 19244 185583 146795 1084 153659 128603 62294
is_linear=0
shrinkage=0.05


Tree=75
num_leaves=31
num_cat=0
split_feature=10 9 10 7 1 9 16 9 18 18 15 5 19 21 3 18 10 9 5 19 9 18 5 19 7 19 18 4 5 18
split_gain=61.742 53.0832 43.1766 44.4194 40.2251 47.935 36.6969 33.012 46.0889 78.1931 38.9968 35.354 34.7382 35.7706 59.0106 37.0236 32.8396 28.3784 34.5271 31.4139 31.6074 28.1482 32.783 28.8155 27.4107 36.4623 32.6832 27.0081 33.0344 26.7267
threshold=1.0176468491554262 5.6667309763724922e-05 0.65946215391159069 5.4427886009216317 0.00040934051503427332 0.00032051738526206469 0.97749921679496776 0.00011676720532705077 -0.50941574573516835 -0.18008953332900998 0.23550037294626239 0.00038276739360298967 -0.28192219138145441 1.0000000180025095e-35 0.00021973816910758617 -0.88396760821342457 1.3291264772415163 4.8490544941159903e-05 0.00079689445556141447 0.98868870735168468 0.0007489442068617792 -0.56820151209831227 -0.00030084009631536896 0.67074871063232433 3.2731913328170781 0.54646614193916332 -0.79202145338058461 -0.00028468250820878888 -0.0023061680840328331 0.99959546327590953
decision_type=2 2 2 2 2 2 2 2 2 2 2 2 2 2 2 2 2 2 2 2 2 2 2 2 2 2 2 2 2 2
left_child=2 -2 17 6 7 -6 29 8 12 11 -9 -10 -3 15 -15 -14 -12 18 24 20 21 22 23 -19 26 -26 -1 28 -23 -4
right_child=1 4 3 -5 5 -7 -8 10 9 -11 16 -13 13 14 -16 -17 -18 19 -20 -21 -22 27 -24 -25 25 -27 -28 -29 -30 -31
leaf_value=0.072762865439073537 0.033220830501424901 -0.029420749141592525 -0.00041276939200354248 0.0094322672229753615 0.0043688420680028043 -0.00038631150402942407 0.0010964513152986299 0.0020617868085650803 -0.01366716641839817 0.0040096137295978556 -0.0011413814725452886 0.0086805601839816445 -0.026077314686074188 0.014026962189134818 0.062485781367095462 0.0086647642698945756 -0.0028491367436961124 0.0012158044022745674 -0.044042128320697697 -0.0056442440041856836 -0.01740059149180102 0.023132442182701843 0.0055236728465292264 -0.013573547323004261 -0.11886562495503886 0.069480552733571815 0.011720330259482582 0.013255061529794521 -0.003614250721164558 0.013642873381457206
leaf_weight=287 951 154 531963 9526 30950 66442 403072 38902 4014 21924 429169 946 276 2674 752 1506 93509 5230 187 5739 645 752 13168 3204 49 379 2327 16021 5205 3224
leaf_count=287 951 154 531963 9526 30950 66442 403072 38902 4014 21924 429169 946 276 2674 752 1506 93509 5230 187 5739 645 752 13168 3204 49 379 2327 16021 5205 3224
internal_value=-3.26906e-05 -0.000395785 0.000218386 0.000140591 -0.000412026 0.000529818 0.000106101 -0.000566496 0.00098927 0.000145068 -0.000655828 -0.00552419 0.00522193 0.00591398 0.00890251 0.00016835 -0.000769499 0.00160453 0.00614741 0.00131094 0.00176258 0.0019252 0.000643459 -0.00179037 0.00742932 0.0191589 0.0055088 0.003185 0.000310559 -0.000165269
internal_weight=1.69315e+06 692169 1.00098e+06 947785 691218 97392 938259 593826 32246 26884 561580 4960 5362 5208 3426 1782 522678 53193 3229 49964 44225 43580 21602 8434 3042 428 2614 21978 5957 535187
internal_count=1693147 692169 1000978 947785 691218 97392 938259 593826 32246 26884 561580 4960 5362 5208 3426 1782 522678 53193 3229 49964 44225 43580 21602 8434 3042 428 2614 21978 5957 535187
is_linear=0
shrinkage=0.05


Tree=76
num_leaves=31
num_cat=0
split_feature=14 10 10 7 19 18 18 19 19 19 21 19 4 19 18 18 18 6 19 19 19 19 18 18 18 19 21 8 18 18
split_gain=57.1179 55.8551 37.9828 34.3857 33.6034 33.9573 30.647 163.444 53.1711 102.446 59.5442 60.3258 54.5816 48.6686 46.2532 107.461 51.0576 49.5581 60.8238 46.0639 257.274 124.317 100.08 66.742 253.865 67.6033 58.7383 56.2757 53.4017 66.8909
threshold=0.81261378526687633 1.1617308855056765 0.65946215391159069 5.4427886009216317 -0.99959546327590931 1.0000000180025095e-35 0.8537760078907014 -0.45204447209835047 0.19722913205623629 0.1326885595917702 0.65450850129127514 0.067579798400402083 0.0014572844957001509 1.0000000180025095e-35 0.50188699364662182 0.58954745531082164 0.71782085299491893 -0.83911368250846852 0.65110388398170482 0.82535797357559215 0.69934985041618358 0.88599923253059398 -0.14565102010965345 0.34816221892833715 0.19722913205623629 0.96648588776588451 1.0000000180025095e-35 -4.5928890705108634 -1.0000000180025095e-35 -0.045798758044838898
decision_type=2 2 2 2 2 2 2 2 2 2 2 2 2 2 2 2 2 2 2 2 2 2 2 2 2 2 2 2 2 2
left_child=1 2 -1 4 5 -4 14 -8 9 10 11 13 -11 -9 19 -16 -17 -18 -19 20 -6 -21 -23 24 28 -26 -22 -28 29 -24
right_child=-2 -3 3 -5 6 -7 7 8 -10 12 -12 -13 -14 -15 15 16 17 18 -20 21 26 22 23 -25 25 -27 27 -29 -30 -31
leaf_value=0.0038798140458138342 0.0039583230007842361 -0.0012639580899366345 -0.0014309280647783363 0.0066610315292760071 6.5550963325844422e-05 0.012587003204372555 0.012427582708361334 -0.0010206092188215332 -0.0022058633839287523 0.014583912388532317 0.0060008429030025349 -0.010972178321906495 0.06547033336394123 0.0091007323964673714 -0.0062483678718022687 0.0016773354778195527 0.0017608202810099451 -0.0022444361603661091 -0.010329075037076486 0.012734673484222459 -0.0045262047563434608 -0.0048388385668660331 0.00041304370090138325 -0.0026591330311792286 0.0060925693096712035 0.0311327212046725 -0.023625439558977775 -0.010335053118833338 -0.00281243297608067 0.017979956274338637
leaf_weight=51409 47665 321624 4955 13113 622230 6762 18158 72292 76970 12831 22713 6702 199 10221 44468 79308 27801 62036 10087 19480 9998 27625 19077 27891 7784 12189 2766 11151 35609 8033
leaf_count=51409 47665 321624 4955 13113 622230 6762 18158 72292 76970 12831 22713 6702 199 10221 44468 79308 27801 62036 10087 19480 9998 27625 19077 27891 7784 12189 2766 11151 35609 8033
internal_value=-2.89697e-05 -7.83965e-05 6.51883e-05 1.13561e-05 -1.51667e-05 0.00265 -4.01966e-05 0.000495261 8.66646e-05 0.000723443 0.000234972 -0.000346915 0.00491942 2.36326e-05 -0.000154886 -0.000790791 -0.000244934 -0.000996758 -0.00168809 2.20817e-05 -0.000164901 0.000788265 0.000261201 0.000933688 0.00164708 0.00655635 -0.00525402 -0.00735431 8.37067e-05 0.00175581
internal_weight=1.69315e+06 1.64548e+06 1.32386e+06 1.27245e+06 1.25934e+06 11717 1.24762e+06 220086 201928 124958 111928 89215 13030 82513 1.02753e+06 223700 179232 99924 72123 803833 646145 157688 138208 110583 82692 19973 23915 13917 62719 27110
internal_count=1693147 1645482 1323858 1272449 1259336 11717 1247619 220086 201928 124958 111928 89215 13030 82513 1027533 223700 179232 99924 72123 803833 646145 157688 138208 110583 82692 19973 23915 13917 62719 27110
is_linear=0
shrinkage=0.05


Tree=77
num_leaves=31
num_cat=0
split_feature=14 10 9 9 17 1 6 10 19 18 18 18 19 9 18 18 18 21 5 11 21 9 18 6 4 18 18 18 18 19
split_gain=53.572 46.9535 42.1375 35.2805 34.8643 32.8141 30.358 29.4812 35.8505 53.0532 62.3477 109.468 57.4687 38.6461 35.7613 48.1919 39.0387 84.3169 32.9817 31.4317 31.138 48.7675 53.5045 33.2373 30.8001 29.9874 37.6468 76.1634 39.0638 32.5942
threshold=0.40718235075473791 1.0218531489372256 5.6667309763724922e-05 0.00046056674909777945 0.67374724149703991 0.00040934051503427332 -1.0746573209762571 0.58605727553367626 0.18437977880239489 0.61048936843872081 0.08063365146517755 -0.70556074380874623 0.1326885595917702 0.0001254266389878467 0.98120620846748363 0.99930992722511303 0.96535655856132518 0.65450850129127514 0.0079095256514847296 0.7026689648628236 0.65450850129127514 0.00033724731474649167 -0.20577672123908994 1.4312214255332949 9.0058561909245341e-05 0.50188699364662182 0.18437977880239489 0.36040300130844122 0.44424325227737432 0.82535797357559215
decision_type=2 2 2 2 2 2 2 2 2 2 2 2 2 2 2 2 2 2 2 2 2 2 2 2 2 2 2 2 2 2
left_child=1 3 -3 7 -5 -4 -6 -1 9 10 11 18 14 -14 16 -16 -11 -18 -9 -10 23 22 -22 -13 -19 26 -21 -28 -29 -27
right_child=-2 2 5 4 6 -7 -8 8 19 12 -12 20 13 -15 15 -17 17 24 -20 25 21 -23 -24 -25 -26 29 27 28 -30 -31
leaf_value=0.0068138231717382982 0.0013260012539890289 0.031616786190845216 -0.0013276371402614617 0.0017966666318334436 0.0017555210287797274 0.00076092584766448426 -0.0038436151706933044 -0.00046473441110638229 -0.0020768211383110856 0.0029032761867501256 -0.0024750632212644287 0.0027732149985905787 0.0074237492511676556 0.029498035414528213 -0.0038092817029107052 0.009838343312506527 0.0069839998109254234 0.019982406490508888 -0.073041753234237991 0.0004372421045850339 0.030661172686603524 0.00044165469236479016 0.0060077544630225306 0.011939762515345842 0.077695683297813276 -0.00094333288961019341 0.019373995118710508 -0.005155702688741659 0.0077083726252485498 -0.0086123779365186899
leaf_weight=16027 297097 750 479835 19424 12897 81285 52340 133386 120740 78087 82321 39148 3116 3238 21819 7300 6370 894 48 108097 4278 4487 4889 7600 735 77757 8654 8319 7071 5138
leaf_count=16027 297097 750 479835 19424 12897 81285 52340 133386 120740 78087 82321 39148 3116 3238 21819 7300 6370 894 48 108097 4278 4487 4889 7600 735 77757 8654 8319 7071 5138
internal_value=-2.71979e-05 -0.000156943 -0.00051026 8.10377e-05 -0.000886477 -0.000526091 -0.00144013 0.000190322 0.000143969 0.000465156 8.20186e-05 0.000571617 0.00133557 0.00596475 0.00108025 -0.000434424 0.00159259 0.00491936 -0.000227828 -0.000236467 0.00233767 0.00443826 0.00652885 0.00172414 0.0150706 0.000126025 0.000593684 0.00238313 0.000272904 -0.000619458
internal_weight=1.69315e+06 1.39605e+06 561870 834180 84661 561120 65237 749519 733492 397716 276157 193836 121559 6354 115205 29119 86086 7999 133434 335776 60402 13654 9167 46748 1629 215036 132141 24044 15390 82895
internal_count=1693147 1396050 561870 834180 84661 561120 65237 749519 733492 397716 276157 193836 121559 6354 115205 29119 86086 7999 133434 335776 60402 13654 9167 46748 1629 215036 132141 24044 15390 82895
is_linear=0
shrinkage=0.05


Tree=78
num_leaves=31
num_cat=0
split_feature=9 8 18 19 19 18 10 19 19 18 20 20 18 18 19 18 10 8 20 18 7 20 19 18 18 18 18 5 18 18
split_gain=52.3633 55.8409 45.8012 61.8978 58.8434 44.7307 44.5565 44.0399 43.4367 91.6261 53.1467 49.7623 48.3728 115.017 91.5814 81.1737 70.8792 65.543 74.7198 62.4173 57.7573 46.1163 45.8415 104.383 232.075 90.3782 78.7576 119.327 77.9883 67.3352
threshold=0.00026639712450560188 7.3907318115234384 0.33586180210113531 0.98664098978042614 0.82535797357559215 0.99959546327590953 0.69842174649238598 0.56820151209831249 -0.19294966012239453 0.96535655856132518 -0.76942089200019825 1.0000000180025095e-35 0.054514370858669288 -0.70556074380874623 -0.95819556713104237 0.61048936843872081 1.1979371905326845 1.1485043764114382 1.0000000180025095e-35 -0.90722548961639393 1.7672216296195986 -1.0000000180025095e-35 0.83985477685928356 0.19722913205623629 0.26092512905597692 -0.50941574573516835 -0.17149884253740308 0.0010628413874655964 1.0000000180025095e-35 -0.054514370858669274
decision_type=2 2 2 2 2 2 2 2 2 2 2 2 2 2 2 2 2 2 2 2 2 2 2 2 2 2 2 2 2 2
left_child=1 5 3 4 7 6 -1 -3 9 12 -11 21 13 19 20 -14 -17 18 -16 -8 -15 -12 -10 25 -25 -24 27 -27 29 -28
right_child=-2 2 -4 -5 -6 -7 8 -9 22 10 11 -13 15 14 17 16 -18 -19 -20 -21 -22 -23 23 24 -26 26 28 -29 -30 -31
leaf_value=0.0039748920917890953 -0.00067603796524774446 0.0087982569029686434 0.00052501635436180694 -0.003955173221853586 0.022415831821548396 0.00899155443247498 0.00073767813318662001 -0.0019406425589970134 -0.0012728453982699007 -0.0043208824601455699 0.01527688833248645 0.0089323687159661002 -0.0026840481422951592 0.0021123375605454019 0.0011200306522376469 0.0034258399834522614 -0.0085457960651800554 0.038742479600338858 0.04681040587003113 -0.0094626274333537985 0.014047480833698667 0.043538192318509576 0.017178083627143338 0.026533779342789054 0.00086042701301566329 -0.007299217288838933 0.00061860933821236144 0.02163079390415773 -0.0032527876556875893 0.015872869450853366
leaf_weight=58576 711721 23566 38203 7350 6305 11850 19832 7602 393256 2316 2288 5034 94138 32248 3473 71222 5064 3010 1438 8799 7805 2155 5707 14046 51143 28920 21889 1935 41222 11034
leaf_count=58576 711721 23566 38203 7350 6305 11850 19832 7602 393256 2316 2288 5034 94138 32248 3473 71222 5064 3010 1438 8799 7805 2155 5707 14046 51143 28920 21889 1935 41222 11034
internal_value=-2.60757e-05 0.000210714 0.00145135 0.00253553 0.00335842 9.60597e-05 5.52704e-05 0.00246727 -3.90109e-05 0.000498026 0.0048037 0.00646302 0.000292476 0.00133607 0.00283278 -0.000176618 0.00103558 0.00774523 0.00418448 -0.00117181 0.00186128 0.0103196 -0.000283228 0.000387729 0.00197503 -0.000546939 -0.00088 -0.00300275 3.37177e-06 0.00181788
internal_weight=1.69315e+06 981426 83026 44823 37473 898400 886550 31168 827974 258822 11793 9477 247029 76605 47974 170424 76286 7921 4911 28631 40053 4443 569152 175896 65189 110707 105000 30855 74145 32923
internal_count=1693147 981426 83026 44823 37473 898400 886550 31168 827974 258822 11793 9477 247029 76605 47974 170424 76286 7921 4911 28631 40053 4443 569152 175896 65189 110707 105000 30855 74145 32923
is_linear=0
shrinkage=0.05


Tree=79
num_leaves=31
num_cat=0
split_feature=12 10 19 4 6 5 1 4 18 19 18 8 18 8 18 14 6 8 19 19 21 4 8 4 18 19 18 18 19 21
split_gain=49.625 50.6289 36.7887 41.0791 35.0236 37.6255 38.641 36.9072 44.3521 47.8713 56.3687 33.7839 33.5107 33.323 31.7298 31.0197 26.1992 29.4591 32.3497 38.6239 28.6016 32.7915 27.1814 27.1058 26.2906 36.6847 26.131 42.9121 28.5695 25.9536
threshold=1.8148849010467532 0.92343887686729442 0.99980485439300548 -0.0028529592091217633 -3.2426571846008296 -0.0030136770801618691 0.00017194461543112996 -0.00088018158567138005 -0.99428912997245777 -0.4752392172813415 0.8537760078907014 -6.2417395114898673 -1.0000000180025095e-35 6.3415014743804941 0.32350382208824163 0.48270931839942938 -1.414648652076721 -3.3609496355056758 -0.89001184701919545 -0.96185845136642445 1.0000000180025095e-35 -0.0012363384012132881 -9.3860158920288068 -0.0021389933535829182 0.68993380665779125 -0.13268855959177014 -0.12836257368326184 -0.7238691747188567 0.15858851373195651 1.0000000180025095e-35
decision_type=2 2 2 2 2 2 2 2 2 2 2 2 2 2 2 2 2 2 2 2 2 2 2 2 2 2 2 2 2 2
left_child=1 15 4 -4 -3 16 7 8 -7 10 11 -10 -5 26 -13 -1 -6 18 19 -18 23 -22 24 -21 25 -20 27 28 -11 -28
right_child=-2 2 3 12 5 6 -8 -9 9 13 -12 14 -14 -15 -16 -17 17 -19 22 20 21 -23 -24 -25 -26 -27 29 -29 -30 -31
leaf_value=0.00035075854101524476 0.0059817920237842052 0.0048203716177597118 -0.047949607851804368 0.028823760303647441 -0.00096716751109421351 0.011603219763698809 0.00043796735595481032 -0.0013197077841687445 0.0092521351344172116 -0.005920242182814079 0.027357729215133589 0.0032637724591814132 0.0027885030330328966 -0.030802169867898473 -0.0035264060819159672 0.0028956450243165068 -0.0082970263561687359 0.00025794463795782429 -0.001361863960381038 0.0080442934891205801 0.0093818517794458933 0.050871489034637396 -0.0095393118789847478 -0.022196188635930366 -0.033842142026841618 0.048864794552366392 -0.0029634258927157876 -0.012190975047716202 0.0012888060820324899 0.0021782615104319891
leaf_weight=575600 19836 18861 59 2581 20218 4206 272766 555110 6592 8022 1256 31839 4105 224 12775 85606 1907 5872 613 415 978 285 12497 334 69 289 15124 3110 9149 22849
leaf_count=575600 19836 18861 59 2581 20218 4206 272766 555110 6592 8022 1256 31839 4105 224 12775 85606 1907 5872 613 415 978 285 12497 334 69 289 15124 3110 9149 22849
internal_value=-2.60166e-05 -5.54888e-05 -0.000277787 0.00340252 -0.000302479 -0.000343285 -0.000276982 -0.000481159 0.00033349 0.000142419 0.00123899 0.000982307 0.00376907 -0.000841342 0.000488636 0.000284783 -0.0017814 -0.00292575 -0.00395986 3.82751e-05 0.00487078 0.0094616 -0.00512326 -0.00287049 0.00293512 0.00521064 -0.000767329 -0.00221636 -0.00123755 6.58363e-06
internal_weight=1.69315e+06 1.67331e+06 1.0121e+06 6745 1.00536e+06 986499 943022 670256 115146 110940 52462 51206 6686 58478 44614 661206 43477 23259 17387 3919 2012 1263 13468 749 971 902 58254 20281 17171 37973
internal_count=1693147 1673311 1012105 6745 1005360 986499 943022 670256 115146 110940 52462 51206 6686 58478 44614 661206 43477 23259 17387 3919 2012 1263 13468 749 971 902 58254 20281 17171 37973
is_linear=0
shrinkage=0.05


Tree=80
num_leaves=31
num_cat=0
split_feature=14 9 5 18 18 3 19 9 5 10 19 4 19 18 18 19 20 9 19 9 18 18 18 18 18 19 7 10 5 18
split_gain=48.6029 44.6033 36.375 72.1986 70.2233 45.1838 44.3228 43.4538 42.1052 41.8749 41.1459 38.0061 36.8125 50.9234 127.499 147.713 56.3638 55.4563 45.5158 41.9571 40.2215 37.946 68.9997 55.0242 67.5708 81.8799 62.7339 58.8935 53.5071 46.6109
threshold=0.81261378526687633 0.00025193899637088185 0.0011979910777881744 -0.11970336735248564 -0.55738157033920277 0.000259425345575437 0.70864605903625499 0.0001254266389878467 0.0017418584902770819 0.69842174649238598 -0.063225833699107156 -0.00047471461584791536 0.19722913205623629 0.72687268257141124 0.18437977880239489 0.96648588776588451 -1.0000000180025095e-35 9.9290642538107945e-05 0.97581917047500621 0.00010683035361580552 0.43247817456722265 0.78666386008262645 0.99115538597106945 0.08063365146517755 -0.70556074380874623 -0.53176689147949208 1.735572397708893 0.80277869105339061 0.00027420336846262222 0.99894830584526073
decision_type=2 2 2 2 2 2 2 2 2 2 2 2 2 2 2 2 2 2 2 2 2 2 2 2 2 2 2 2 2 2
left_child=1 2 9 4 6 -6 7 -4 -9 -1 11 -10 21 14 -14 16 19 20 -17 -16 -18 23 28 24 25 -11 -26 -25 -23 -24
right_child=-2 -3 3 -5 5 -7 -8 8 10 12 -12 -13 13 -15 15 18 17 -19 -20 -21 -22 22 29 27 26 -27 -28 -29 -30 -31
leaf_value=0.003736091143592424 0.0036121135979484964 -0.0006889250200119879 0.034216693319052707 0.00027804358043569957 0.0071269978669917635 0.030118203926869147 -0.011013228145123 0.00054113355709326514 0.09909853398368848 -0.019036759467747535 0.01685867547598489 -0.0019684667055938077 -0.0015315061299732481 -0.0029068804339243137 -0.021903198549780695 0.030699274816840583 0.0080971067324932759 0.003424066717735208 0.0097560500561367346 -0.001467652091624061 0.053548350462849649 0.0083539186395551798 -0.003759210307488148 0.0054736188045762749 0.0034261216381588858 0.00016469393637350561 0.016509780423032885 -0.0031885003911378777 0.00012257492699207506 0.0045636685734009091
leaf_weight=59284 47665 757989 1185 61760 2240 3405 2397 13111 110 2333 5968 3167 216546 108290 1568 7851 708 43459 6881 30058 851 45762 29968 14946 34342 63777 6830 82692 21846 16158
leaf_count=59284 47665 757989 1185 61760 2240 3405 2397 13111 110 2333 5968 3167 216546 108290 1568 7851 708 43459 6881 30058 851 45762 29968 14946 34342 63777 6830 82692 21846 16158
internal_value=-2.2532e-05 -6.81259e-05 0.000172452 0.00110614 0.00305069 0.00810452 0.00195081 0.00261034 0.00211576 6.27086e-05 0.00469984 0.000198352 -4.04155e-05 -0.000350062 -2.20835e-05 0.00154417 0.000662805 0.00179928 0.00612951 -0.000954911 0.0110648 0.000364031 0.00109642 -4.24556e-05 0.000739173 -0.000251097 0.00232925 -0.000901288 0.00211366 -0.000394571
internal_weight=1.69315e+06 1.64548e+06 887493 93343 31583 5645 25938 23541 22356 794150 9245 3277 734866 416212 307922 91376 76644 45018 14732 31626 1559 318654 113734 204920 107282 66110 41172 97638 67608 46126
internal_count=1693147 1645482 887493 93343 31583 5645 25938 23541 22356 794150 9245 3277 734866 416212 307922 91376 76644 45018 14732 31626 1559 318654 113734 204920 107282 66110 41172 97638 67608 46126
is_linear=0
shrinkage=0.05


Tree=81
num_leaves=31
num_cat=0
split_feature=11 9 14 18 19 15 20 19 18 20 20 19 8 19 10 9 10 10 8 9 18 21 8 18 8 19 20 18 10 18
split_gain=46.4486 46.5285 44.6359 35.4185 57.2832 50.7775 49.9968 43.6479 38.1788 40.904 55.2333 40.7524 37.3464 37.1901 35.4518 34.8999 36.624 34.2767 33.9984 42.4569 36.4048 31.9591 50.0221 42.781 31.2366 30.2627 36.9477 29.6746 28.8252 28.2537
threshold=2.8463039398193364 8.8437478552805273e-05 0.21767648309469226 0.19722913205623629 0.6411133110523225 0.69841501116752636 -0.76942089200019825 0.68039956688880932 -0.55738157033920277 1.0000000180025095e-35 0.76942089200019848 0.86927726864814769 1.2469815611839297 0.90164175629615795 0.68469759821891796 6.6695167333818986e-05 0.77156037092208873 1.1770282387733462 0.6532193422317506 5.6667309763724922e-05 -1.0000000180025095e-35 0.65450850129127514 -6.0223786830902091 -0.79994463920593251 -4.9141917228698722 0.98995971679687511 -0.76942089200019825 -0.045798758044838898 1.0503277182579043 -0.92304024100303639
decision_type=2 2 2 2 2 2 2 2 2 2 2 2 2 2 2 2 2 2 2 2 2 2 2 2 2 2 2 2 2 2
left_child=1 3 17 5 -5 7 -6 21 9 12 15 -10 -9 -13 -12 16 -11 -3 19 20 27 22 23 -1 -22 -21 28 -15 -27 -23
right_child=-2 2 -4 4 6 -7 -8 8 11 10 14 13 -14 18 -16 -17 -18 -19 -20 25 24 29 -24 -25 -26 26 -28 -29 -30 -31
leaf_value=-0.026370295187487448 0.0075616448967480154 -0.00036874331268157425 0.0004700647416912951 0.0056546841528203225 -0.010742466764478986 0.013422363615985467 0.04071332174985353 -0.022250561325359453 0.021026466527023981 0.063484523417119923 0.0047099300514423237 -0.025482052636888748 -0.0034247123185527032 0.019348937438477033 -0.021802274218792651 0.0062681393387832634 -0.029592429862949944 -0.0016814836993374049 -0.0071323378695492545 -0.0071493255922984947 -0.039729532454097542 0.012988942806402504 0.023575902697694207 0.026306248276899424 0.023775282218835694 -0.041882595100535464 0.010654140940351321 0.088061855029253067 0.027795471139761788 -0.015020958634406513
leaf_weight=734 13282 796481 624588 17958 823 6360 2742 3175 2929 451 1143 478 2015 2265 1063 921 79 186213 10895 4490 251 1224 4275 479 403 337 4732 377 133 1851
leaf_count=734 13282 796481 624588 17958 823 6360 2742 3175 2929 451 1143 478 2015 2265 1063 921 79 186213 10895 4490 251 1224 4275 479 403 337 4732 377 133 1851
internal_value=-2.39495e-05 -4.72359e-05 -0.000103156 0.00119105 0.00289225 0.000473952 0.00868163 -0.000120805 -0.000881368 -0.00373573 0.000314465 4.39722e-05 -0.0065896 -0.000626001 -0.00466908 0.00789111 0.0181132 -0.000313221 -0.000349621 0.0013782 0.00628034 0.00308887 0.00537536 -0.00358615 -0.00428135 -0.000288898 0.00230681 0.00889478 -0.0110638 -0.00099187
internal_weight=1.69315e+06 1.67986e+06 1.60728e+06 72583 21523 51060 3565 44700 36137 8847 3657 27290 5190 24361 2206 1451 530 982694 23883 12988 3296 8563 5488 1213 654 9692 5202 2642 470 3075
internal_count=1693147 1679865 1607282 72583 21523 51060 3565 44700 36137 8847 3657 27290 5190 24361 2206 1451 530 982694 23883 12988 3296 8563 5488 1213 654 9692 5202 2642 470 3075
is_linear=0
shrinkage=0.05


Tree=82
num_leaves=31
num_cat=0
split_feature=6 9 19 18 18 19 18 18 10 9 19 18 18 18 18 19 20 8 15 10 6 9 19 19 19 8 19 20 5 19
split_gain=44.707 43.7737 40.1511 85.3993 64.6659 120.422 74.0856 134.04 89.0203 75.1067 110.209 72.3267 75.9301 67.4507 157.782 92.9361 70.809 62.1298 53.2562 52.3182 46.9246 45.2922 44.9929 56.3429 73.5717 56.6048 53.096 53.5354 44.6571 43.333
threshold=3.7480714321136479 0.00013746067997999492 0.19722913205623629 0.90538147091865551 0.79467767477035534 0.1326885595917702 0.067579798400402083 -0.70556074380874623 0.94661161303520214 0.00046601842041127389 -0.97768935561180104 0.891992747783661 0.86711210012435924 -0.38066601753234858 -0.55738157033920277 -0.94622433185577381 -1.0000000180025095e-35 1.7119356393814089 0.58441102504730236 0.79213145375251781 1.4797508120536806 0.00023987099120859059 -0.99115538597106922 -0.80773079395294178 -0.86493045091629017 -4.2187211513519278 -0.94622433185577381 -1.0000000180025095e-35 0.0052893101237714299 -0.95819556713104237
decision_type=2 2 2 2 2 2 2 2 2 2 2 2 2 2 2 2 2 2 2 2 2 2 2 2 2 2 2 2 2 2
left_child=1 -1 4 -4 6 11 7 -3 17 10 -9 12 -6 14 -12 21 -17 -8 -19 -18 -14 29 -11 24 25 -24 -27 -28 -25 -15
right_child=-2 2 3 -5 5 -7 8 9 -10 22 13 -13 20 15 -16 16 19 18 -20 -21 -22 -23 23 28 -26 26 27 -29 -30 -31
leaf_value=0.0014204329606143818 0.0069145402212949627 -0.0011740879835925645 -0.00071478575816847365 -0.0056528808552727744 0.0021018013565888673 0.015405942983202926 0.0030383430809738489 0.00049822691557803726 -0.0036992372093226089 0.0080527392487629301 0.012388210313630223 -4.0953310695779345e-05 0.010208497734748989 0.012015838572188547 -0.0030556209846637097 0.056087584785698669 0.10641731209781712 -0.0066621501607504689 0.0020772958160874713 0.013089961415424622 0.026865292029574994 0.0038946768684494874 0.0074338721401395807 0.0045150011614981502 -0.0075844187264022429 -0.0065272317377213403 0.0051497741077116584 -0.0030150249541401278 -0.010541472879650071 0.038285357114954677
leaf_weight=271605 13335 265659 433324 36938 36584 10545 60283 61569 125290 7280 19761 150931 12267 5144 19824 3829 336 23679 16372 5997 1993 16738 7996 26382 17399 12116 12558 14414 1715 1284
leaf_count=271605 13335 265659 433324 36938 36584 10545 60283 61569 125290 7280 19761 150931 12267 5144 19824 3829 336 23679 16372 5997 1993 16738 7996 26382 17399 12116 12558 14414 1715 1284
internal_value=-2.27683e-05 -4.56599e-05 -0.000157754 -0.000534808 3.12918e-05 0.000798794 -0.000193282 0.0001461 -0.000945378 0.00101774 0.00178909 0.000526577 0.00215758 0.00310438 0.00170898 0.00476176 0.00874828 0.000164451 -0.00136201 0.00550292 0.00525245 0.00301304 -2.10294e-05 -0.000318643 -0.00113286 -0.000106193 -0.000890299 0.000344802 0.00154999 0.00658058
internal_weight=1.69315e+06 1.67981e+06 1.40821e+06 470262 937945 212320 725625 500001 225624 234342 134482 201775 50844 72913 39585 33328 10162 100334 40051 6333 14260 23166 99860 92580 64483 47084 39088 26972 28097 6428
internal_count=1693147 1679812 1408207 470262 937945 212320 725625 500001 225624 234342 134482 201775 50844 72913 39585 33328 10162 100334 40051 6333 14260 23166 99860 92580 64483 47084 39088 26972 28097 6428
is_linear=0
shrinkage=0.05


Tree=83
num_leaves=31
num_cat=0
split_feature=11 10 18 7 19 19 18 19 3 20 19 18 15 12 17 19 19 18 19 14 18 19 18 9 18 19 19 9 21 9
split_gain=43.7568 41.2946 36.5559 33.1446 42.7569 42.1219 82.3029 40.6166 38.7263 37.54 36.8897 49.4981 34.3486 30.903 29.979 34.3991 48.2556 54.5386 37.2986 29.2862 27.7572 76.0444 45.9417 36.1128 40.6362 33.4503 31.6444 30.2602 28.7695 54.8877
threshold=1.9001855850219729 1.2814999818801882 -0.98518189787864674 1.2013994455337527 -0.99674141407012928 0.93590369820594799 0.19722913205623629 0.96648588776588451 0.00023964154388522732 -1.0000000180025095e-35 0.99799686670303356 1.0000000180025095e-35 0.27423813939094549 -0.60457268357276905 0.5493949055671693 -0.18437977880239484 0.832677721977234 -0.50941574573516835 0.70864605903625499 0.64769762754440319 0.9556623399257661 -0.2100446820259094 0.15858851373195651 0.00046056674909777945 -0.90722548961639393 0.1326885595917702 0.90164175629615795 0.00070484689786098908 1.0000000180025095e-35 0.00025048284442164009
decision_type=2 2 2 2 2 2 2 2 2 2 2 2 2 2 2 2 2 2 2 2 2 2 2 2 2 2 2 2 2 2
left_child=1 3 -3 12 -5 14 7 -7 9 -9 -10 -12 -1 -2 15 -6 18 -18 -17 20 22 -22 23 24 -16 27 -24 -23 -26 -30
right_child=13 2 -4 4 5 6 -8 8 10 -11 11 -13 -14 -15 19 16 17 -19 -20 -21 21 25 26 -25 28 -27 -28 -29 29 -31
leaf_value=0.0015072852567300623 0.00018536474951444948 -0.0075012884206244745 -0.0012820254940439592 0.0077333941921698401 0.0063186104164292102 0.017764902103735113 0.01675244516137437 -0.012400326092930819 0.0011229541273361288 -0.00018199555169453598 0.028536904807777565 -0.00039856935870695724 -0.00057519339386166159 0.0048069008156156673 -0.00078178967813851146 0.0015403470724641433 0.042067578297233156 0.0031175538878682519 -0.0064935224261532644 0.0034473015810081 0.015515442359014942 -0.0018828676952028557 -0.0018183437155583238 -0.00190097644206354 0.00055364202162179194 0.0075692995547668512 -0.009701686246740511 -0.038548647411841101 0.0098338102409085207 0.0013408028016262674
leaf_weight=109665 41711 4623 155460 12259 19580 2121 8680 4198 13974 10120 2702 2140 875545 44587 51765 26361 1441 3059 9967 19525 5598 21262 124025 39357 26831 9342 6408 115 19520 21206
leaf_count=109665 41711 4623 155460 12259 19580 2121 8680 4198 13974 10120 2702 2140 875545 44587 51765 26361 1441 3059 9967 19525 5598 21262 124025 39357 26831 9342 6408 115 19520 21206
internal_value=-2.14689e-05 -8.03747e-05 -0.000842376 3.93982e-06 0.000353587 0.000274095 0.00174462 0.000670827 0.000241444 -0.00171812 0.00173257 0.0054936 -0.000159864 0.00107534 0.000114712 0.00114223 0.00031596 0.0052 -0.000289033 -6.52261e-05 -0.000178073 0.00112482 -0.000341736 0.000229709 0.000662912 0.000148117 -0.00103693 -0.000942602 0.00147061 0.00230811
internal_weight=1.69315e+06 1.60685e+06 160083 1.44677e+06 461556 449297 43935 35255 33134 14318 18816 4842 985210 86298 405362 60408 40828 4500 36328 344954 325429 36317 289112 158679 119322 30719 130433 21377 67557 40726
internal_count=1693147 1606849 160083 1446766 461556 449297 43935 35255 33134 14318 18816 4842 985210 86298 405362 60408 40828 4500 36328 344954 325429 36317 289112 158679 119322 30719 130433 21377 67557 40726
is_linear=0
shrinkage=0.05


Tree=84
num_leaves=31
num_cat=0
split_feature=14 10 7 6 9 20 19 10 8 6 8 19 9 7 19 8 9 19 4 20 4 8 5 10 19 10 19 9 19 8
split_gain=42.1551 39.5261 34.274 32.7965 33.8827 62.4928 46.218 29.5609 28.7145 28.1435 42.4181 47.4617 36.8921 45.4496 35.6268 33.3613 33.1605 36.7465 31.1765 30.1588 29.9525 44.87 29.3892 28.0719 30.9072 27.2962 34.3347 27.2894 27.2589 31.88
threshold=0.81261378526687633 0.84023258090019237 6.4540045261383066 -3.6927522420883174 0.0010354014812037351 -0.76942089200019825 0.86927726864814769 1.9385754466056826 7.2628960609436044 0.45488324761390692 0.55456757545471203 0.2861058115959168 7.7547047112602754e-05 0.57118827104568493 0.6411133110523225 -0.90043726563453663 0.00041819635953288531 0.99980485439300548 -1.0401064173493067e-05 -1.0000000180025095e-35 -4.9383668738300905e-05 -0.34973530471324915 -0.0020998695399612184 1.2323570847511294 0.95305636525154125 1.4403525590896609 -0.99674141407012928 0.00028237570950295782 -0.7589854598045348 -3.7433999776840206
decision_type=2 2 2 2 2 2 2 2 2 2 2 2 2 2 2 2 2 2 2 2 2 2 2 2 2 2 2 2 2 2
left_child=1 -1 3 -3 7 6 8 9 -6 10 11 20 13 -11 -13 18 -16 -18 27 23 22 -22 28 24 -15 26 -17 -14 -5 -30
right_child=-2 2 -4 4 5 -7 -8 -9 -10 12 -12 14 15 19 16 25 17 -19 -20 -21 21 -23 -24 -25 -26 -27 -28 -29 29 -31
leaf_value=0.00095665199998606898 0.0032853179075093444 0.0074853694288239299 0.011403519743243851 0.0016316081926337489 0.0032878719249247179 -0.0062932315408673507 0.084518339467741538 -0.0066575649497815194 0.040753400167973845 0.03310011931230409 -0.0018822345088620575 -0.0033564605685194818 0.0040899307757168218 0.029349134114945542 -9.4319723103947206e-05 0.0068103792027556231 -0.0052557603756045908 -0.041512805705224969 -0.0033031416545480918 -0.0010537478607712592 -0.0028642132926297694 0.0036133813824218378 0.0016199450269690887 0.069109418060667754 -0.0010853247433040504 -0.0025604918306250946 0.0005399482442285386 -0.0022637567506535229 -0.0043068022192599758 0.0024954704621177326
leaf_weight=369349 47665 10197 4265 28622 3698 13186 75 3819 108 1022 244677 62058 17568 816 110016 12189 7871 129 50339 3911 49550 14846 205038 77 862 20202 358655 14023 29393 8921
leaf_count=369349 47665 10197 4265 28622 3698 13186 75 3819 108 1022 244677 62058 17568 816 110016 12189 7871 129 50339 3911 49550 14846 205038 77 862 20202 358655 14023 29393 8921
internal_value=-2.14098e-05 -6.38719e-05 -0.000195708 -0.000210714 -0.000233539 -0.00244624 0.00313064 -0.000203197 0.00236469 -0.000189678 -0.000378718 -0.000121794 0.000110286 0.00379785 -0.000776903 5.81425e-05 -0.000266913 -0.003375 -0.00085927 0.0020473 0.000228915 -0.000740729 0.0004585 0.00749288 0.00613826 0.000250354 0.000347855 0.000371941 -0.000451177 -0.00132328
internal_weight=1.69315e+06 1.64548e+06 1.27613e+06 1.27187e+06 1.26167e+06 17067 3881 1.2446e+06 3806 1.24078e+06 761121 516444 479664 6688 180074 472976 118016 8000 81930 5666 336370 64396 271974 1755 1678 391046 370844 31591 66936 38314
internal_count=1693147 1645482 1276133 1271868 1261671 17067 3881 1244604 3806 1240785 761121 516444 479664 6688 180074 472976 118016 8000 81930 5666 336370 64396 271974 1755 1678 391046 370844 31591 66936 38314
is_linear=0
shrinkage=0.05


Tree=85
num_leaves=31
num_cat=0
split_feature=7 10 17 11 9 19 19 5 9 4 9 19 9 20 19 17 10 19 20 19 19 21 19 21 9 15 4 3 5 10
split_gain=39.3535 38.8208 36.6407 35.1509 31.3253 35.7863 38.1585 33.6867 33.4645 32.2161 34.1369 31.7014 30.5738 28.0798 44.5283 26.491 26.8407 31.1838 25.9175 40.3377 72.3078 53.3628 48.3022 62.3601 52.1571 41.4198 31.9541 30.6715 28.8216 26.6803
threshold=5.4427886009216317 0.75429892539978038 1.1006394028663637 0.54980054497718822 4.8490544941159903e-05 0.7357999086380006 0.832677721977234 -0.001230191614013165 6.2387738580582677e-05 0.00048250236432068055 0.00017890933668240908 0.88599923253059398 0.00052543811034411203 -1.0000000180025095e-35 0.94190874695777904 2.6835336685180669 1.0550752878189089 -0.99988102912902821 1.0000000180025095e-35 0.79202145338058483 0.88599923253059398 1.0000000180025095e-35 0.2861058115959168 1.0000000180025095e-35 0.00011830384028144182 0.52419036626815807 0.00091361970407888304 0.00093446209211833786 -0.0015342375845648346 1.189502000808716
decision_type=2 2 2 2 2 2 2 2 2 2 2 2 2 2 2 2 2 2 2 2 2 2 2 2 2 2 2 2 2 2
left_child=1 2 4 -3 -1 8 7 -7 -6 11 -11 -8 15 -12 -15 16 17 -5 19 22 21 28 -18 29 -25 -23 -26 -27 -21 -24
right_child=-2 3 -4 12 5 6 9 -9 -10 10 13 -13 -14 14 -16 -17 18 -19 -20 20 -22 25 23 24 26 27 -28 -29 -30 -31
leaf_value=0.017464038478413046 0.0053897280498535595 -0.0014091293409385086 0.0080614664013943793 0.012180354667687344 0.030375693630091329 -0.016694119584818257 0.013879258595232404 -0.0042629145718561688 0.001836298824334981 0.026472804849336718 0.02416473708753375 -0.0034453360298495662 -0.0013324069105554726 -0.023760991059811866 0.0075546423024660083 0.0044865786262716315 -0.0012239741250334225 0.00037515886432911154 0.00032462867489723715 -0.023220588362813172 -0.00088672157388118848 0.0067458517536600317 -0.006673467327356214 0.018390037244949871 -0.0017553268895610043 0.037156043275386137 -0.011602337123316975 0.0020815574686787242 0.00085927490823306529 -0.013805750997801632
leaf_weight=3967 20026 218020 15242 4141 2102 2151 2343 17799 98301 2531 583 16840 141312 979 1088 19393 140088 741774 161592 334 36395 3770 7776 1602 19083 2688 3010 600 3293 4324
leaf_count=3967 20026 218020 15242 4141 2102 2151 2343 17799 98301 2531 583 16840 141312 979 1088 19393 140088 741774 161592 334 36395 3770 7776 1602 19083 2688 3010 600 3293 4324
internal_value=-2.11736e-05 -4.75459e-05 0.000683235 -0.000126922 0.000443894 0.000323735 -0.000859773 -0.0024812 0.00084609 0.000467903 0.00396642 -0.000476985 -2.77654e-05 0 -0.00273343 5.75286e-05 2.60953e-05 0.000201028 -0.000313219 -0.000662666 0.000637213 0.00425363 -0.00101062 -0.00264981 -0.00115847 0.00678663 -0.00179016 0.0108881 -0.000675489 -0.00557025
internal_weight=1.69315e+06 1.67312e+06 163926 1.5092e+06 148684 144717 44314 19950 100403 24364 5181 19183 1.29118e+06 2650 2067 1.14986e+06 1.13047e+06 745915 384555 222963 47080 10685 175883 35795 23695 7058 22093 3288 3627 12100
internal_count=1693147 1673121 163926 1509195 148684 144717 44314 19950 100403 24364 5181 19183 1291175 2650 2067 1149863 1130470 745915 384555 222963 47080 10685 175883 35795 23695 7058 22093 3288 3627 12100
is_linear=0
shrinkage=0.05


Tree=86
num_leaves=31
num_cat=0
split_feature=14 12 18 18 18 19 20 19 19 2 18 18 19 10 8 19 19 19 11 15 10 3 8 10 18 18 19 4 10 18
split_gain=39.921 36.6844 29.7015 50.6247 46.1828 60.2689 38.3743 43.3344 43.332 35.7923 35.5034 37.6039 51.0868 33.1657 30.6322 40.901 31.2318 30.3767 30.2819 29.3531 27.5155 28.8424 27.4307 26.6281 26.6023 41.9672 49.6224 54.9831 37.8014 48.0604
threshold=0.21767648309469226 1.3543596863746645 0.95037782192230236 0.99115538597106945 0.99894830584526073 1.0000000180025095e-35 -0.76942089200019825 0.19722913205623629 0.1326885595917702 0.00044854356383439159 0.90905222296714794 0.84688794612884533 -0.45204447209835047 1.0260659456253054 -4.2187211513519278 0.31109040975570684 0.38469719886779791 0.24826665222644809 2.8463039398193364 0.58632278442382824 1.6899983286857607 -0.0041346673388034097 9.458656311035158 0.80013251304626476 0.52435624599456798 0.56820151209831249 0.68993380665779125 0.00099031749414280079 1.0134850144386294 0.78666386008262645
decision_type=2 2 2 2 2 2 2 2 2 2 2 2 2 2 2 2 2 2 2 2 2 2 2 2 2 2 2 2 2 2
left_child=2 23 10 6 -5 -6 9 8 -8 -4 11 18 -13 -14 -12 19 -17 -9 20 -16 24 -22 -21 -2 -1 -26 28 -28 -27 -30
right_child=1 -3 3 4 5 -7 7 17 -10 -11 14 12 13 -15 15 16 -18 -19 -20 22 21 -23 -24 -25 25 26 27 -29 29 -31
leaf_value=-0.00035261458728869099 0.0024173473928580935 0.007162925911554186 -0.0039569596089565617 -0.0040252184683248317 -0.003737446741399825 0.011886480867308924 0.0046287534898786231 -0.0057444522770096155 0.018903149646385689 0.013039421159659538 -0.0096896617995936747 0.0083635571807277216 0.002783435865765549 -0.0045024043212190338 0.0054223099688803346 -0.0086677203898620336 0.00088196729728980963 0.0044342424838912375 0.0090437501518326972 -0.0067445498330208527 0.010376962714338257 -0.0054519492037155949 0.030318750899655428 0.00019213054587914337 -0.006101841114677143 -0.00091496724064750738 0.0039735064092925043 -0.0070978804553277763 -0.0068581139243056146 -0.00044687577628184095
leaf_weight=669950 101895 10388 11114 30391 7262 8357 24575 7593 9469 1380 7290 15037 20676 9476 10837 11201 4722 9329 5042 5815 799 10152 158 541961 18151 66908 30116 4992 23064 15047
leaf_count=669950 101895 10388 11114 30391 7262 8357 24575 7593 9469 1380 7290 15037 20676 9476 10837 11201 4722 9329 5042 5815 799 10152 158 541961 18151 66908 30116 4992 23064 15047
internal_value=-1.90474e-05 0.000286896 -0.000211714 0.000567279 -0.000695501 0.00151418 0.00148282 0.00209159 0.00311949 -0.00100048 -0.000303465 -0.000237911 0.00116732 -1.98992e-05 -0.00176024 -0.00110745 -0.00292344 2.36379e-05 -0.000313129 0.000612731 -0.000336341 -0.00282623 -0.00220157 0.000239339 -0.000303419 -0.000886415 -0.00059339 0.00103395 -0.00113741 -0.00239432
internal_weight=1.69315e+06 654244 1.0389e+06 109470 46010 15619 63460 50966 34044 12494 929433 889410 45189 30152 40023 32733 15923 16922 844221 16810 839179 10951 5973 643856 828228 158278 140127 35108 105019 38111
internal_count=1693147 654244 1038903 109470 46010 15619 63460 50966 34044 12494 929433 889410 45189 30152 40023 32733 15923 16922 844221 16810 839179 10951 5973 643856 828228 158278 140127 35108 105019 38111
is_linear=0
shrinkage=0.05


Tree=87
num_leaves=31
num_cat=0
split_feature=9 7 11 10 18 18 3 18 19 18 5 19 18 21 7 8 18 9 18 18 19 18 19 7 18 18 8 8 18 10
split_gain=36.2545 32.6611 30.5653 28.6857 36.9375 31.4142 36.2736 30.4143 77.7436 44.5484 40.1375 37.3981 66.1133 95.7395 56.7322 56.355 56.1792 142.472 52.5824 59.2254 50.1488 91.9999 108.312 57.9059 55.1001 117.275 88.7409 52.488 46.5865 69.3051
threshold=0.00016325376782333481 6.4540045261383066 1.2106121182441714 1.2814999818801882 -0.98518189787864674 -0.95819556713104237 0.0012666901457123461 -0.99115538597106922 0.054514370858669288 -0.8153785467147826 0.0043213439639657744 -0.19294966012239453 0.96535655856132518 0.65450850129127514 -3.1610665321350093 -5.1637113094329825 -0.20577672123908994 0.00046056674909777945 0.61048936843872081 0.54646614193916332 0.92304024100303661 0.19722913205623629 0.96648588776588451 1.1481573581695559 -0.7238691747188567 -0.56820151209831227 2.9126865863800053 8.5314836502075213 -0.39674647152423853 0.7616582214832307
decision_type=2 2 2 2 2 2 2 2 2 2 2 2 2 2 2 2 2 2 2 2 2 2 2 2 2 2 2 2 2 2
left_child=2 3 -1 7 -5 6 -6 8 10 -9 -2 12 14 15 -11 -14 17 28 19 -18 24 23 -23 27 -13 26 -26 -22 -16 -30
right_child=1 -3 -4 4 5 -7 -8 9 -10 11 -12 20 13 -15 16 -17 18 -19 -20 -21 21 22 -24 -25 25 -27 -28 -29 29 -31
leaf_value=0.00029269979573742777 -0.00058024132125398815 0.010807741715288489 0.0029807359851273143 -0.0076360111932417991 0.0039981515810206814 -0.0013627135464362784 0.025712785355915532 -0.0015389283305029201 0.0089049665717030446 0.0047463116428908547 0.025675284890172779 0.0039497338311657807 -0.023045317986179582 0.03015442818465728 0.0032565635123178063 0.0072227437558418095 -0.0013704420034035159 -0.0010942637529623212 0.00070518849190472359 -0.0071330375875686136 -0.0033653269953997089 0.0023641090885320238 0.027312384225452568 0.0045128475580209658 -0.013826363535773196 -0.0013935312943637536 0.0015903007809055958 -0.037387443365157175 0.067413025227125556 0.009256915949020705
leaf_weight=302891 42056 3959 113313 4868 2091 145257 422 212801 16895 37275 361 18715 1175 2903 50976 10315 157678 89027 146290 17231 26958 17352 6962 14000 8404 211702 3639 520 1051 26060
leaf_count=302891 42056 3959 113313 4868 2091 145257 422 212801 16895 37275 361 18715 1175 2903 50976 10315 157678 89027 146290 17231 26958 17352 6962 14000 8404 211702 3639 520 1051 26060
internal_value=-1.98742e-05 -0.000151964 0.000385388 -0.000166067 -0.000809104 -0.00066793 0.00487465 -7.84579e-05 0.0010234 -0.000140052 -0.000119056 2.22227e-05 0.000273065 0.00361634 0.000181511 0.00156658 3.79879e-05 0.000781502 -0.000348849 -0.000933914 -0.000417191 0.000807089 0.00324916 -0.000624427 -0.000749402 -0.000967396 -0.00576684 -0.00195793 0.00234034 0.00401498
internal_weight=1.69315e+06 1.27694e+06 416204 1.27298e+06 152638 147770 2513 1.12035e+06 59312 1.06103e+06 42417 848233 539981 14393 525588 11490 488313 167114 321199 174909 308252 65792 24314 41478 242460 223745 12043 27478 78087 27111
internal_count=1693147 1276943 416204 1272984 152638 147770 2513 1120346 59312 1061034 42417 848233 539981 14393 525588 11490 488313 167114 321199 174909 308252 65792 24314 41478 242460 223745 12043 27478 78087 27111
is_linear=0
shrinkage=0.05


Tree=88
num_leaves=31
num_cat=0
split_feature=14 9 19 15 1 10 11 6 10 9 7 19 15 19 19 8 8 19 10 21 6 15 19 11 9 20 19 8 15 19
split_gain=36.5225 31.2236 34.5279 36.138 34.4173 39.0839 27.0044 26.4743 34.1125 27.0334 25.4409 25.0387 24.1128 24.0788 33.9804 24.5115 34.8065 23.5117 21.6574 21.5919 25.3947 21.1773 21.1006 20.8685 21.2375 22.3149 26.8353 27.1307 24.0923 22.0123
threshold=0.50014442205429088 0.0003503176558297128 -0.98933362960815419 0.65689402818679821 0.00022557814372703436 0.87310633063316356 2.6144257783889775 2.4598896503448491 1.9385754466056826 0.00089337458484806131 0.88896659016609203 0.99993813037872326 0.22382126003503802 -0.94622433185577381 -0.92304024100303639 -9.8024978637695295 -3.0569686889648433 -0.38066601753234858 0.93771305680274974 1.0000000180025095e-35 -1.9005667567253111 0.7053789794445039 0.94190874695777904 0.39833258092403417 8.066349619184622e-05 -1.0000000180025095e-35 0.67074871063232433 11.478415966033937 0.65204051136970531 0.82535797357559215
decision_type=2 2 2 2 2 2 2 2 2 2 2 2 2 2 2 2 2 2 2 2 2 2 2 2 2 2 2 2 2 2
left_child=1 4 3 -3 5 -1 -6 8 13 -10 -2 12 -7 21 15 -15 -17 -9 -13 20 -11 -4 -12 -14 25 26 27 -25 29 -28
right_child=10 2 7 -5 6 11 -8 17 9 19 22 18 23 14 -16 16 -18 -19 -20 -21 -22 -23 -24 24 -26 -27 28 -29 -30 -31
leaf_value=0.00090101636848214381 0.00045983420166209599 0.0062952684652686774 -0.0034061772392857907 -0.0060530921945839535 0.0012186469197587703 0.0023854619604113006 0.010747912686644285 -0.00015099155182015658 -0.012236615643166715 0.021871261774111764 0.0022450391254722037 -0.01739669082925235 -0.0030733729432583846 0.045426683119214994 -0.0011691837508086722 -0.0056427665275353258 0.007970666546743976 0.0075465027634363637 0.020833007191195692 0.0041627262282676603 -0.009500622079065657 -0.011566110103926681 0.0088574262419536375 0.036024191036904844 -0.00081718808621761849 0.00069830127751845388 -0.039194541168761615 -0.073885128215853454 0.029317865477543271 0.0031667799370674876
leaf_weight=305783 128550 14857 24809 3349 190593 30806 4510 11008 1876 153 60173 442 37678 158 303286 3313 9973 6132 2266 1280 796 2010 8038 1309 529800 7624 156 40 485 1894
leaf_count=305783 128550 14857 24809 3349 190593 30806 4510 11008 1876 153 60173 442 37678 158 303286 3313 9973 6132 2266 1280 796 2010 8038 1309 529800 7624 156 40 485 1894
internal_value=-2.01105e-05 -0.000104318 -0.000493734 0.00163133 2.96393e-05 -9.8499e-05 0.000632743 -0.000599791 -0.000694369 -0.00522533 0.000620296 -0.00032898 -0.000350283 -0.000640229 -0.000518423 0.00194139 0.00170857 0.00131855 0.00446824 -0.00150292 -0.00721812 -0.00207875 0.0014008 -0.000422808 -0.000343612 0.00178137 0.00486612 0.0105634 0.00183432 -0.000536585
internal_weight=1.69315e+06 1.49639e+06 383000 18206 1.11339e+06 918283 195103 364794 347654 4105 196761 612500 609792 343549 316730 13444 13286 17140 2708 2229 949 26819 68211 578986 541308 11508 3884 1349 2535 2050
internal_count=1693147 1496386 383000 18206 1113386 918283 195103 364794 347654 4105 196761 612500 609792 343549 316730 13444 13286 17140 2708 2229 949 26819 68211 578986 541308 11508 3884 1349 2535 2050
is_linear=0
shrinkage=0.05


Tree=89
num_leaves=31
num_cat=0
split_feature=7 10 11 19 6 9 19 21 9 7 8 9 21 8 15 19 19 21 19 19 9 1 8 15 17 8 17 16 10 13
split_gain=33.5442 35.6132 33.2003 32.937 29.9247 32.4691 29.6044 30.2822 27.9536 33.3329 28.0782 27.9045 34.2726 44.3452 37.9889 25.8069 45.8945 34.1823 55.3897 39.0218 32.5049 29.2931 24.845 24.3238 30.7465 24.28 24.2005 24.1113 23.7832 23.2
threshold=5.1724565029144296 0.62305364012718212 0.50104829668998729 0.98995971679687511 -3.6927522420883174 0.00080881407484412204 -0.96535655856132496 1.0000000180025095e-35 0.00010683035361580552 -2.8932777643203731 -8.759358882904051 7.4391035013832165e-05 0.65450850129127514 1.816386938095093 0.66977694630622875 -0.58601745963096608 -0.97768935561180104 0.65450850129127514 0.44424325227737432 0.65110388398170482 0.00013746067997999492 0.0012022774899378421 8.5314836502075213 0.74731525778770458 0.78661164641380321 -2.8762601613998409 0.57632270455360424 2.6262013912200932 1.3043186068534853 0.17774228006601336
decision_type=2 2 2 2 2 2 2 2 2 2 2 2 2 2 2 2 2 2 2 2 2 2 2 2 2 2 2 2 2 2
left_child=1 3 29 6 -4 27 7 -1 -5 10 -10 -8 -13 14 25 16 20 21 -19 -20 -2 -17 -22 -18 -25 26 -14 -6 -21 -3
right_child=15 2 4 8 5 -7 11 -9 9 -11 -12 12 13 -15 -16 17 23 18 19 28 22 -23 -24 24 -26 -27 -28 -29 -30 -31
leaf_value=0.073503915353649155 0.089857583570842309 -0.002096715428141127 0.0066824485295710837 0.0011935620069513321 -2.3442983952404184e-06 -0.0023864415286261546 0.01668881319218668 0.011479035993614807 -0.026203018992520567 -0.021864420524689555 0.065840176951399029 0.0052520559608334131 -0.027296895890115781 0.011214725811300431 0.018738351894824711 0.0078019923080070337 -0.020018347729771513 0.013754917929508864 -0.035077334209140013 -0.00024884909600609851 -0.0029597157447711301 0.02098230850875047 0.028133632257978269 0.027836327596921007 -0.0062433422993106785 -0.03377052136333817 0.0033499507793355978 0.0057588490483011182 -0.028425734086977839 0.00050709223395680738
leaf_weight=254 67 130683 12406 2712 1398434 39238 6674 309 70 1421 103 16286 857 1561 371 14970 1182 1614 652 1646 678 1207 641 475 3482 783 518 9861 257 43735
leaf_count=254 67 130683 12406 2712 1398434 39238 6674 309 70 1421 103 16286 857 1561 371 14970 1182 1614 652 1646 678 1207 641 475 3482 783 518 9861 257 43735
internal_value=-2.01695e-05 -4.84314e-05 -8.07351e-05 0.00160563 -2.84258e-06 -2.37991e-05 0.00223989 0.0135879 -0.00246168 -0.00771644 0.0130058 0.0020037 0.00108461 -0.00300733 -0.00709767 0.00173235 -0.00100383 0.00260985 -0.0014272 -0.00600783 0.00707071 0.00365024 0.00534496 -0.00318155 -0.00130149 -0.00963855 -0.00563636 1.57282e-05 -0.00239096 -0.000732723
internal_weight=1.69315e+06 1.66628e+06 1.63436e+06 31919 1.45994e+06 1.44753e+06 27613 563 4306 1594 173 27050 20376 4090 2529 26871 6525 20346 4169 2555 1386 16177 1319 5139 3957 2158 1375 1.4083e+06 1903 174418
internal_count=1693147 1666276 1634357 31919 1459939 1447533 27613 563 4306 1594 173 27050 20376 4090 2529 26871 6525 20346 4169 2555 1386 16177 1319 5139 3957 2158 1375 1408295 1903 174418
is_linear=0
shrinkage=0.05


Tree=90
num_leaves=31
num_cat=0
split_feature=14 12 9 15 9 19 10 19 18 18 18 19 7 18 19 19 18 4 18 4 9 18 19 18 9 18 18 18 19 10
split_gain=33.9359 29.9651 27.3752 27.6395 24.9208 37.7131 32.5061 26.8313 48.7934 95.6711 87.8468 81.1078 61.748 53.9964 57.1982 65.2529 138.625 57.0668 46.1071 43.1317 39.7285 39.4671 81.4953 42.808 39.3767 37.9699 45.0961 70.5248 76.6318 48.9302
threshold=0.21767648309469226 1.3543596863746645 0.00011513341814861634 0.69841501116752636 6.2387738580582677e-05 0.98035496473312389 1.1211051344871523 0.2861058115959168 0.72687268257141124 -0.063225833699107156 -0.71477618813514698 0.75613728165626537 1.706084728240967 -1.0000000180025095e-35 0.995182365179062 0.96304282546043407 0.19722913205623629 0.00099031749414280079 -0.7589854598045348 0.0001228376277140342 0.00023108132882043722 -0.55738157033920277 0.96648588776588451 -0.18008953332900998 0.00077746369061060261 0.78666386008262645 0.067579798400402083 -0.38066601753234858 -0.94622433185577381 0.89967232942581188
decision_type=2 2 2 2 2 2 2 2 2 2 2 2 2 2 2 2 2 2 2 2 2 2 2 2 2 2 2 2 2 2
left_child=4 2 3 -2 5 -1 -7 25 9 10 18 -12 20 19 15 17 -17 -15 -9 -11 -13 -14 -23 -24 -19 26 27 -6 -29 -28
right_child=1 -3 -4 -5 7 6 -8 8 -10 13 11 12 21 14 -16 16 -18 24 -20 -21 -22 22 23 -25 -26 -27 29 28 -30 -31
leaf_value=0.014348216676418791 0.0023653282343743202 0.006652408709044811 0.00024129717498566074 0.012319190073996268 -0.00063743758317554304 -0.0073491072605020857 0.046642660468251711 -0.00098051661252389626 -0.0034819107221177761 0.0038916461945185167 -0.010707480014951965 -0.0041719126571394928 -0.00915040287219091 0.0012739296708526749 -0.0047705651678533302 -0.00010946195534091708 0.022060546960385088 -0.0061582597089825941 0.0066461590621864301 0.024059915701670209 -0.0093237123013791504 0.017066921541025782 -0.0079956765557371908 0.0045853206978404785 0.01626818490911567 0.0014413869853351913 0.00077709685850126944 0.0017464426037381853 0.015921758984851497 -0.003229559933147547
leaf_weight=8883 48073 10388 589060 6723 246696 5319 316 71133 82095 6119 10821 39204 3625 79484 17040 17085 11989 13579 10863 4223 8766 5595 4040 5813 467 163287 48249 66880 9902 97430
leaf_count=8883 48073 10388 589060 6723 246696 5319 316 71133 82095 6119 10821 39204 3625 79484 17040 17085 11989 13579 10863 4223 8766 5595 4040 5813 467 163287 48249 66880 9902 97430
internal_value=-1.9638e-05 0.00026244 0.000219459 0.00128842 -0.000197275 0.00185976 -0.00133984 -0.000226429 -0.000551486 -0.000264325 -0.00111535 -0.00231814 -0.00166982 0.000642727 0.000384549 0.000761802 0.00283071 0.000118678 2.68306e-05 0.0041288 -0.00262664 0.000736643 0.00183843 -0.000898204 -0.00281931 -2.49824e-05 -0.00025354 7.54302e-05 0.00139877 -0.000984013
internal_weight=1.69315e+06 654244 643856 54796 1.0389e+06 14518 5635 1.02438e+06 391941 309846 159860 77864 67043 149986 139644 122604 29074 93530 81996 10342 47970 19073 15448 9853 14046 632444 469157 323478 76782 145679
internal_count=1693147 654244 643856 54796 1038903 14518 5635 1024385 391941 309846 159860 77864 67043 149986 139644 122604 29074 93530 81996 10342 47970 19073 15448 9853 14046 632444 469157 323478 76782 145679
is_linear=0
shrinkage=0.05


Tree=91
num_leaves=31
num_cat=0
split_feature=14 10 8 20 19 11 19 19 7 19 20 18 19 8 5 18 21 3 18 19 3 3 10 5 19 8 8 19 19 18
split_gain=32.5227 30.9251 24.0431 28.5843 29.0248 28.3711 31.2756 25.7416 24.9975 25.7625 24.1144 45.1434 45.3132 73.4085 56.4634 38.4339 67.0339 54.8094 37.0572 45.1084 35.2704 36.7743 34.6134 33.1131 33.1016 37.1575 32.5746 44.3389 31.8754 122.752
threshold=0.90436711907386791 1.1617308855056765 -13.293497562408445 -0.76942089200019825 0.94762688875198375 0.47199653089046484 0.98203879594802868 -0.4047416597604751 -4.1036934852600089 0.79994463920593273 -0.76942089200019825 0.95305636525154125 -0.2015048488974571 -3.3609496355056758 -0.0023874805774539705 0.96304282546043407 0.65450850129127514 -0.00052111016702838231 -0.99280729889869679 0.067579798400402083 0.0026158422697335486 -9.2659713118337081e-05 0.55844441056251537 0.0047392419073730716 1.0000000180025095e-35 5.7558882236480722 -4.6696462631225577 0.01527100056409836 -0.44032992422580713 0.8537760078907014
decision_type=2 2 2 2 2 2 2 2 2 2 2 2 2 2 2 2 2 2 2 2 2 2 2 2 2 2 2 2 2 2
left_child=1 2 3 7 8 -6 -7 -1 -5 -10 22 18 14 -14 -13 -16 -17 -18 19 20 21 26 -4 -23 25 -15 27 -12 29 -20
right_child=-2 -3 10 4 5 6 -8 -9 9 -11 11 12 13 24 15 16 17 -19 28 -21 -22 23 -24 -25 -26 -27 -28 -29 -30 -31
leaf_value=0.059652130799338912 0.0037051259178595753 -0.00091241997373547325 0.020720195414079923 0.010875620415923427 0.16847451686350162 0.12449525315058588 -0.0025983156128430943 0.014995435603438179 -0.0037975845750885199 -0.041571595021817315 0.0028052177870655894 -0.027484795489617953 0.0095570564666151991 -0.0054256613331017112 0.00019714460388343681 0.0096547979061791921 -0.0037681383655558068 0.045258605962259661 0.00026509227762266387 0.010205421440570933 0.063326023642518492 -0.0021139240234965165 -0.00096024571442698825 0.039767442097792149 0.0021385519524115383 0.0066520112609833818 0.0081276061590098755 -0.018522709991348276 -0.00062470803915233304 0.011044222047903191
leaf_weight=251 31844 324636 1514 2159 118 100 349 1057 2057 289 3230 641 18889 20888 4334 8810 526 2325 384522 10100 92 20712 245451 80 35795 3557 11350 1161 538558 17752
leaf_count=251 31844 324636 1514 2159 118 100 349 1057 2057 289 3230 641 18889 20888 4334 8810 526 2325 384522 10100 92 20712 245451 80 35795 3557 11350 1161 538558 17752
internal_value=-1.89292e-05 -4.92686e-05 5.70449e-05 0.00311912 0.00141956 0.0120811 0.00634744 0.00970948 7.76915e-05 -0.00349531 4.23593e-05 0.000144002 0.00118049 0.000681798 0.00355254 0.00413567 0.00562988 0.0122939 4.34912e-05 0.00141787 0.000602048 0.000524184 -0.000403498 -0.000856098 -0.000170983 -0.00158928 0.00234737 -0.0013095 -2.47653e-05 0.000311976
internal_weight=1.69315e+06 1.6613e+06 1.33667e+06 6380 5072 567 449 1308 4505 2346 1.33029e+06 1.08332e+06 95765 79129 16636 15995 11661 2851 987557 46725 36625 36533 246965 20792 60240 24445 15741 4391 940832 402274
internal_count=1693147 1661303 1336667 6380 5072 567 449 1308 4505 2346 1330287 1083322 95765 79129 16636 15995 11661 2851 987557 46725 36625 36533 246965 20792 60240 24445 15741 4391 940832 402274
is_linear=0
shrinkage=0.05


Tree=92
num_leaves=31
num_cat=0
split_feature=9 8 19 10 18 18 19 8 8 8 18 15 2 18 19 4 8 21 18 4 7 18 9 7 21 10 4 8 21 19
split_gain=31.0102 38.6602 49.7305 33.956 30.9964 128.458 125.074 55.3835 55.0913 50.5726 42.3275 41.7477 38.0365 49.2234 74.3212 86.6992 38.9678 55.8635 47.0289 76.626 38.0318 36.9568 36.394 36.0388 34.2319 36.6415 30.5021 30.3026 38.2315 29.0474
threshold=0.00019718673138413581 13.136122703552248 -0.83747833967208851 0.60646018385887157 -0.55738157033920277 -0.50941574573516835 0.69934985041618358 3.8147630691528325 -6.1296253204345694 -6.2417395114898673 -0.29862368106842035 0.19311014562845233 0.00019220650574425238 -0.17149884253740308 0.96976330876350414 0.00048250236432068055 -2.1492030620574947 0.65450850129127514 0.17149884253740313 -0.00042021162516903127 1.7979661822319033 -0.42853991687297815 8.8437478552805273e-05 2.0546590089797978 0.65450850129127514 1.0033369064331057 2.6166097086388621e-05 -1.4106686711311338 1.0000000180025095e-35 -0.19294966012239453
decision_type=2 2 2 2 2 2 2 2 2 2 2 2 2 2 2 2 2 2 2 2 2 2 2 2 2 2 2 2 2 2
left_child=1 3 -3 -1 6 7 9 -6 10 11 -7 -5 13 14 15 27 17 -15 19 -19 -21 -17 24 -23 -11 -26 -18 -10 -29 -13
right_child=-2 2 -4 4 5 8 -8 -9 12 22 -12 29 -14 16 -16 21 26 18 -20 20 -22 23 -24 -25 25 -27 -28 28 -30 -31
leaf_value=0.0065633120089316765 -0.0003578402639313805 0.080248537141140622 0.010662581782046111 0.014430279560432746 0.011642873263332444 -0.021310844743566284 -0.0075680498616046091 0.056480810205967208 -0.0092500892389918328 0.019120641462997613 0.0060779894388191483 -0.027518428818285107 0.0024754145155366338 0.00079250219351765247 -0.0099812738043316314 -0.0058838885812596111 -0.0024705845877360799 -0.021983299888042374 0.014415382614525553 0.0093303009467226861 0.12770972855228011 0.011650077590846143 0.00066684042431555126 0.044217765284970095 -0.0088329639481768869 0.036521611787255367 0.00045045346404408161 -0.0085238146669784683 0.0074399191648986118 -0.0070435411887388001
leaf_weight=19975 1077604 238 6541 1279 6625 895 24391 2199 5162 4029 36248 984 82282 59503 10226 485 94107 1337 11283 2210 68 792 102801 888 1960 404 119144 3865 5249 10373
leaf_count=19975 1077604 238 6541 1279 6625 895 24391 2199 5162 4029 36248 984 82282 59503 10226 485 94107 1337 11283 2210 68 792 102801 888 1960 404 119144 3865 5249 10373
internal_value=-1.83977e-05 0.000264726 0.00401977 0.000222911 0.00015413 0.000362656 -0.000477018 0.006335 0.000241156 0.000177296 0.00208249 -0.00281735 6.87089e-05 -0.000181822 -0.00223685 -0.0001551 8.69106e-06 0.000993938 0.00373204 -0.00123098 0.00434592 0.00916859 0.000523838 0.0126786 0.00418426 -0.000592217 -0.000335051 -0.00156907 0.000164582 -0.00378181
internal_weight=1.69315e+06 615543 6779 608764 588789 442568 146221 8824 433744 121830 37143 12636 396601 314319 26667 16441 287652 74401 14898 3615 2278 2165 109194 1680 6393 2364 213251 14276 9114 11357
internal_count=1693147 615543 6779 608764 588789 442568 146221 8824 433744 121830 37143 12636 396601 314319 26667 16441 287652 74401 14898 3615 2278 2165 109194 1680 6393 2364 213251 14276 9114 11357
is_linear=0
shrinkage=0.05


Tree=93
num_leaves=31
num_cat=0
split_feature=14 8 5 16 18 6 3 19 17 4 6 8 19 18 18 19 18 4 10 18 18 19 20 4 5 8 10 4 10 5
split_gain=30.8192 28.0983 26.4119 24.779 24.3359 22.5215 20.8822 36.5252 29.6384 24.0704 23.7151 41.9678 39.1661 79.7467 100.266 63.2367 59.4278 41.1964 39.8875 35.4259 34.3198 44.4356 37.1391 59.601 56.5085 33.9665 33.8802 33.4065 31.698 27.0082
threshold=0.32200366258621221 11.478415966033937 -0.0012045899638906119 0.9032464623451234 -0.95037782192230214 4.1726610660552987 0.001186679757665843 0.98664098978042614 0.69027274847030651 0.0011731654522009196 0.51640680432319652 0.55456757545471203 0.27353890240192419 -0.071932479739189134 -0.7238691747188567 0.68993380665779125 -0.65770241618156422 -0.0033838119124993678 1.2219725251197817 -0.93743178248405445 -0.31523424386978144 -0.91792565584182728 -1.0000000180025095e-35 0.00036870593612547969 0.0016634330968372526 -5.612269163131713 0.5111239254474641 -0.0028529592091217633 0.7579837739467622 0.00021699697390431541
decision_type=2 2 2 2 2 2 2 2 2 2 2 2 2 2 2 2 2 2 2 2 2 2 2 2 2 2 2 2 2 2
left_child=1 5 -3 -2 -4 6 10 8 9 -8 11 12 -1 14 29 18 -16 -18 -15 -12 21 28 23 -22 27 -21 -23 -24 -13 -14
right_child=3 2 4 -5 -6 -7 7 -9 -10 -11 19 20 13 15 16 -17 17 -19 -20 25 22 26 24 -25 -26 -27 -28 -29 -30 -31
leaf_value=0.00068638443622185416 -0.00059764606277395993 -0.031601465296538088 0.015122451302934915 0.0012086125565760942 0.0031007953928883338 0.0074216209661179706 -0.0025451857295231087 0.012837639103531319 -0.0026582847283414036 0.0057736996360611866 -0.0023137786625210266 0.099819754753532886 -0.0012607855637056633 -0.0018778148293607244 -0.013681927309706538 0.0024926848931703161 -0.023173694589682839 -0.0053328583591361724 -0.0083919724039196123 -0.0056095753326046664 -0.0063587100037529988 0.037377996009962992 0.054622263727583914 0.00069049536723495572 -0.0074093029536578042 0.0010558095710567928 -0.00062837421739983523 -0.00053088334778004229 0.013915396286170806 0.006322277586272307
leaf_weight=316654 109478 147 2989 319841 16608 4465 6346 1527 67606 8190 44022 133 35996 37864 6322 76657 351 31841 4100 10033 48581 547 221 17921 12147 324420 92508 87135 2988 5509
leaf_count=316654 109478 147 2989 319841 16608 4465 6346 1527 67606 8190 44022 133 35996 37864 6322 76657 351 31841 4100 10033 48581 547 221 17921 12147 324420 92508 87135 2988 5509
internal_value=-1.99924e-05 -0.000144323 0.00172711 0.000346013 0.00188549 -0.000174024 -0.000186791 -0.000949575 -0.00109201 0.000956247 -0.00013158 -0.000289591 -2.75571e-05 -0.00057793 -0.0017977 0.000244898 -0.00363504 -0.00276466 -0.00131541 0.000193011 -0.000804597 -5.30278e-05 -0.00124002 -0.00215482 -0.000628624 0.000368512 -0.000249852 -0.000184303 0.00581544 -9.27599e-05
internal_weight=1.69315e+06 1.26383e+06 19744 429319 19597 1.24408e+06 1.23962e+06 83669 82142 14536 1.15595e+06 777475 515294 198640 80019 118621 38514 32192 41964 378475 262181 96176 166005 66502 99503 334453 93055 87356 3121 41505
internal_count=1693147 1263828 19744 429319 19597 1244084 1239619 83669 82142 14536 1155950 777475 515294 198640 80019 118621 38514 32192 41964 378475 262181 96176 166005 66502 99503 334453 93055 87356 3121 41505
is_linear=0
shrinkage=0.05


Tree=94
num_leaves=31
num_cat=0
split_feature=11 10 8 18 19 18 4 9 5 7 8 3 6 5 19 8 20 19 19 9 19 5 18 8 5 18 6 19 18 9
split_gain=28.5457 28.0287 30.2936 33.1756 29.447 122.908 40.2512 34.2547 33.0816 32.9117 37.9096 34.2478 30.6223 29.1538 31.7297 35.6938 35.4519 28.4507 47.2029 46.1135 44.9762 41.0513 40.0402 56.8059 32.4993 37.4278 31.3013 34.5767 30.9899 30.5328
threshold=2.8463039398193364 0.75429892539978038 -13.293497562408445 0.92135292291641246 0.99894830584526073 -1.0000000180025095e-35 0.00014679546438856053 4.8490544941159903e-05 0.00032211121288128203 0.21310736984014514 1.4510111808776858 -0.00066967378370463837 -3.6927522420883174 -0.0028864039340987797 0.041439602151513107 -9.3860158920288068 0.76942089200019848 0.7357999086380006 0.832677721977234 6.2387738580582677e-05 0.99115538597106945 -0.00041335420974064613 -0.063225833699107156 -11.766439914703367 0.0015248944400809707 -0.62762191891670216 -0.97893428802490223 -0.41667649149894709 0.6411133110523225 0.00018579245806904512
decision_type=2 2 2 2 2 2 2 2 2 2 2 2 2 2 2 2 2 2 2 2 2 2 2 2 2 2 2 2 2 2
left_child=1 17 3 -3 12 6 8 -7 9 10 -6 -12 -4 14 -14 16 -16 19 21 -1 29 28 -22 -24 -23 -26 27 -21 -19 -20
right_child=-2 2 4 -5 5 7 -8 -9 -10 -11 11 -13 13 -15 15 -17 -18 18 20 26 22 24 23 -25 25 -27 -28 -29 -30 -31
leaf_value=0.030121086788038511 0.0059002602284305324 0.01338115502958509 0.0071295353481407369 -0.034917742441901115 0.014544593844792099 -0.063184032437980875 0.031929028133585356 -0.002746845470363113 -0.0086535460185445563 0.050287507049354634 0.10377224748652547 -0.020981171472432836 -0.0012352982958377834 -0.00023360597830673901 0.018461014135706912 -0.0072885005778807188 -0.025948635842576142 -0.013490205203798117 0.011196129115589782 0.013540310110911126 -0.012152303837168789 0.00034538583537352396 0.13545546576242048 0.0010207968312808736 0.021367092976581681 -0.029740721440591339 0.0010877302851982852 0.0029710976040881023 0.028516249200371033 -0.0017168975670568078
leaf_weight=3307 13282 3038 9640 200 3559 128 3685 12078 1232 651 28 393 54343 1411616 1369 11674 337 6564 13827 7599 5448 13191 182 6784 344 1192 85981 15159 426 5890
leaf_count=3307 13282 3038 9640 200 3559 128 3685 12078 1232 651 28 393 54343 1411616 1369 11674 337 6564 13827 7599 5448 13191 182 6784 344 1192 85981 15159 426 5890
internal_value=-2.00514e-05 -3.83066e-05 -0.000105914 0.00472514 -0.000116268 0.00171003 0.00595936 -0.00161396 0.00338564 0.00532282 0.00361809 -0.0105701 -0.00014295 -0.000161254 -0.00117464 -0.00335575 0.00339977 0.000578683 -0.000365845 0.00103261 0.000851203 -0.00216651 -0.00150636 0.00100488 -0.00066884 -0.00755208 0.000855719 0.00250461 -0.00532189 0.00233555
internal_weight=1.69315e+06 1.67986e+06 1.51397e+06 3238 1.51073e+06 21754 9548 12206 5863 4631 3980 421 1.48898e+06 1.47934e+06 67723 13380 1706 165894 53848 112046 32131 21717 12414 6966 14727 1536 108739 22758 6990 19717
internal_count=1693147 1679865 1513971 3238 1510733 21754 9548 12206 5863 4631 3980 421 1488979 1479339 67723 13380 1706 165894 53848 112046 32131 21717 12414 6966 14727 1536 108739 22758 6990 19717
is_linear=0
shrinkage=0.05


Tree=95
num_leaves=31
num_cat=0
split_feature=7 9 20 10 18 18 18 8 9 8 20 8 9 15 7 18 18 9 9 6 18 21 9 8 18 9 11 18 16 0
split_gain=27.3926 28.5751 45.2198 27.1683 28.1516 41.5135 41.7494 36.5812 35.0911 33.4237 42.0704 29.9014 29.7575 27.8703 27.3425 46.7991 28.3819 26.9877 26.2438 25.4935 25.8112 34.4225 43.8575 32.5681 27.5606 25.8317 25.1494 24.647 23.1407 22.8258
threshold=4.4819874763488778 0.0010354014812037351 -0.76942089200019825 0.7346387803554536 0.1456510201096535 0.31109040975570684 0.37258200347423559 -10.28252601623535 9.0755984274437665e-05 2.4100557565689091 -0.76942089200019825 14.866724967956545 0.00015971424727467823 0.1448880732059479 -1.2638083696365354 0.61048936843872081 0.71782085299491893 0.00010683035361580552 0.00018465112225385385 1.3218595385551455 0.39674647152423864 0.65450850129127514 0.00042668255628086632 5.9504356384277353 0.08063365146517755 0.00040988734690472489 0.48955339193344122 0.96535655856132518 2.6262013912200932 -7.1498328907182427e-05
decision_type=2 2 2 2 2 2 2 2 2 2 2 2 2 2 2 2 2 2 2 2 2 2 2 2 2 2 2 2 2 2
left_child=1 3 -3 4 -1 7 17 -6 14 -9 -11 -10 -12 -5 15 -8 -16 -7 -19 -2 21 22 23 -21 -24 27 -15 -22 29 -28
right_child=19 2 -4 13 5 6 8 9 11 10 12 -13 -14 26 16 -17 -18 18 -20 20 25 -23 24 -25 -26 -27 28 -29 -30 -31
leaf_value=0.00018941727418764765 -0.018859197965021973 0.0047551501162466647 -0.005111843285216567 0.0048764137180045521 0.11286887853550409 -0.081330226185085092 -0.069551443183462389 0.0074938595861737678 0.0022917675703080956 -0.011417073584133242 0.086109439136173818 -0.027427088545412093 0.023756035913075471 -0.0014606057427169806 0.038051622202780605 0.045835180511502295 0.0049047349123898746 0.015140271679346297 -0.024768692658297509 0.0016025159962383241 -0.0042257123693199899 -0.0026180928999844037 -0.0030942498910039753 0.01341009005727441 0.024617570889052934 0.0095713969151439045 -0.00075589550724023411 0.0072056697672542528 0.0054207509233499488 0.0001778299861839472
leaf_weight=78460 1144 4169 14655 17962 237 114 102 3035 36542 319 875 332 513 144745 389 1992 3637 372 600 4984 14247 6320 6039 14448 342 1984 454213 4361 10151 865864
leaf_count=78460 1144 4169 14655 17962 237 114 102 3035 36542 319 875 332 513 144745 389 1992 3637 372 600 4984 14247 6320 6039 14448 342 1984 454213 4361 10151 865864
internal_value=-1.88111e-05 -5.52682e-05 -0.00199214 -3.27686e-05 0.000667744 0.00160725 0.00111842 0.00593493 0.00136298 0.0049768 0.0105741 0.000781038 0.0143372 -9.26028e-05 0.00486928 0.00950334 0.00245902 -0.00856354 -0.0058642 0.00109061 0.00125083 0.00213643 0.00294619 0.00412721 -0.000650368 -0.000131119 -0.000116443 -0.000709372 -4.83376e-05 -6.66249e-05
internal_weight=1.69315e+06 1.63928e+06 18824 1.62045e+06 127519 49059 44080 4979 42994 4742 1707 36874 1388 1.49294e+06 6120 2094 4026 1086 972 53869 52725 32133 25813 19432 6381 20592 1.47497e+06 18608 1.33023e+06 1.32008e+06
internal_count=1693147 1639278 18824 1620454 127519 49059 44080 4979 42994 4742 1707 36874 1388 1492935 6120 2094 4026 1086 972 53869 52725 32133 25813 19432 6381 20592 1474973 18608 1330228 1320077
is_linear=0
shrinkage=0.05


Tree=96
num_leaves=31
num_cat=0
split_feature=14 12 9 5 18 18 18 20 19 19 9 19 18 21 6 5 8 10 9 10 1 9 3 10 20 6 18 8 8 19
split_gain=27.5943 25.1441 22.9521 22.7914 20.3155 26.9567 58.5229 49.9907 40.4132 37.1464 37.2341 33.0711 31.7476 27.769 33.7568 27.6002 26.9364 26.3756 33.8143 26.0813 21.5406 26.0612 24.9254 26.8938 23.9828 27.99 21.2523 20.2488 20.2347 19.1953
threshold=0.21767648309469226 1.3543596863746645 0.00011513341814861634 0.00034725596196949487 0.99959546327590953 0.99332016706466686 0.96065577864646923 -0.76942089200019825 0.19722913205623629 0.1326885595917702 0.00095155177405104052 0.24826665222644809 0.98120620846748363 0.65450850129127514 -0.53425890207290638 0.0012939542648382487 10.890838146209719 1.1770282387733462 5.6667309763724922e-05 1.3697199225425722 0.00030769144359510397 0.00020967320597264918 -0.0041346673388034097 1.6899983286857607 0.76942089200019848 -0.22082323580980298 0.02835773024708033 -5.7146995067596427 -6.4821996688842765 -0.93279412388801564
decision_type=2 2 2 2 2 2 2 2 2 2 2 2 2 2 2 2 2 2 2 2 2 2 2 2 2 2 2 2 2 2
left_child=4 2 3 -2 5 6 17 15 9 10 12 -10 13 16 -15 -8 27 -1 26 28 22 -22 -20 24 -24 -26 -19 -9 -14 -27
right_child=1 -3 -4 -5 -6 -7 7 8 11 -11 -12 -13 19 14 -16 -17 -18 18 20 -21 21 -23 23 -25 25 29 -28 -29 -30 -31
leaf_value=-0.00026989157774879316 0.0014942670331243636 0.0061015413341971086 0.00021011605742911056 0.0085187795451224235 0.0061015947201617966 -0.0035504610099384437 -0.0052383461273745498 -0.01821413105682226 -0.0058396437442549192 0.017587802244766106 -0.030017824715731164 0.0072144067330975788 0.025638478433672691 0.0043567368912896141 0.033772866152753878 0.0096409719084760044 -0.060952549538141138 0.093630299303178302 0.0089064605449220065 0.014355942645324284 0.0088079562707937386 -0.00027535133739874931 -0.0026465911734308793 -0.0063799771213293721 0.0037306927013930572 0.0083375689136097279 -0.0093398792075882978 0.0096529883919074921 -0.0017579228783771994 -0.0041865667102110819
leaf_weight=778661 40551 10388 589060 14245 9430 31045 9649 641 7593 9469 138 4236 612 1107 1699 1561 47 147 1978 1364 3027 34862 89850 7232 13465 1753 59 7849 10852 10577
leaf_count=778661 40551 10388 589060 14245 9430 31045 9649 641 7593 9469 138 4236 612 1107 1699 1561 47 147 1978 1364 3027 34862 89850 7232 13465 1753 59 7849 10852 10577
internal_value=-1.85158e-05 0.000235845 0.000196473 0.00117527 -0.000178698 -0.00019986 -0.000154743 0.00140363 0.00213893 0.00301972 0.00198486 -0.000376194 0.00213272 0.00405977 0.00837491 -0.00158787 0.00264144 -0.000248776 -0.000827248 0.00042875 -0.000852873 0.000191348 -0.00116976 -0.00125939 -0.00107441 0.000269432 0.0194175 0.00285041 -0.000348918 -0.00145174
internal_weight=1.69315e+06 654244 643856 54796 1.0389e+06 1.02947e+06 998428 56817 45607 33778 24309 11829 24171 11343 2806 11210 8537 941611 162950 12828 162744 37889 124855 122877 115645 25795 206 8490 11464 12330
internal_count=1693147 654244 643856 54796 1038903 1029473 998428 56817 45607 33778 24309 11829 24171 11343 2806 11210 8537 941611 162950 12828 162744 37889 124855 122877 115645 25795 206 8490 11464 12330
is_linear=0
shrinkage=0.05


Tree=97
num_leaves=31
num_cat=0
split_feature=14 7 10 19 19 21 9 9 19 17 15 10 5 19 9 15 21 7 19 21 8 9 6 8 7 8 20 19 5 19
split_gain=26.4861 23.6568 24.01 22.9374 32.0386 28.6111 25.2417 23.8954 22.8792 22.786 25.513 22.3103 28.2409 26.6264 26.8301 30.1203 24.9215 34.891 24.1987 26.5365 23.4861 26.2406 22.286 21.591 21.3274 20.9008 32.6363 29.3441 25.5918 24.775
threshold=0.81261378526687633 5.4427886009216317 1.2219725251197817 -0.58601745963096608 -0.97768935561180104 1.0000000180025095e-35 0.0001254266389878467 0.00062403894844464969 -0.99959546327590931 0.76023724675178539 0.79089656472206127 0.55844441056251537 -0.00056500299251638342 0.27353890240192419 0.00015146696387091654 0.47744849324226385 0.65450850129127514 -2.4128136634826656 0.88599923253059398 1.0000000180025095e-35 4.1438903808593759 0.00019385024643270302 -4.1366701126098624 14.866724967956545 0.88896659016609203 -13.293497562408445 -0.76942089200019825 0.86927726864814769 -0.00065273483050987114 0.98203879594802868
decision_type=2 2 2 2 2 2 2 2 2 2 2 2 2 2 2 2 2 2 2 2 2 2 2 2 2 2 2 2 2 2
left_child=1 2 8 4 6 -5 -3 -7 -1 10 -6 12 16 -14 -15 18 17 -10 20 -20 21 -16 -4 -9 -2 26 -13 -28 29 -29
right_child=24 3 22 5 9 7 -8 23 11 -11 -12 25 13 14 15 -17 -18 -19 19 -21 -22 -23 -24 -25 -26 -27 27 28 -30 -31
leaf_value=0.005371549038148871 0.0011109488296006109 0.092168145166686102 0.01384468032423476 0.013199064595899219 -0.018379484718478899 0.00091957564659439495 0.014013540714498585 0.036923334048451738 -0.016280205775693113 -0.010700582023470418 0.041519132189329705 0.026809153338147342 0.043949643354104985 0.014182092682769288 0.038909984560211275 0.0063437704528671261 -0.028950610998691253 0.012342549005712723 0.059829520606758814 -0.052713129092414483 0.0091917858085662114 -0.047200413320389691 -0.0011010902675111401 -0.053783534646848236 0.0059881601788583545 -9.7014970043912685e-05 -0.00088600763215200833 0.04970804440489749 0.11250553753736835 -0.024917194206676777
leaf_weight=12963 32309 41 1971 5486 205 8913 916 382 1236 3191 248 1175 876 6772 40 763 724 1637 26 162 170 108 225899 31 15356 1367172 3827 137 245 166
leaf_count=12963 32309 41 1971 5486 205 8913 916 382 1236 3191 248 1175 876 6772 40 763 724 1637 26 162 170 108 225899 31 15356 1367172 3827 137 245 166
internal_value=-1.95789e-05 -5.32367e-05 -7.39514e-05 0.00168186 -0.00140187 0.00263975 0.00673981 0.000954321 3.61179e-06 -0.00354007 0.00695364 -1.5954e-05 0.00208566 0.00359426 0.00269245 -0.00397951 -0.00165416 0.000435085 -0.0134387 -0.0276596 -0.00503145 -0.0195946 -0.000549875 0.0127119 0.00114235 -3.51127e-05 0.00302703 0.00104 0.0118613 0.00214521
internal_weight=1.69315e+06 1.64548e+06 1.62607e+06 19413 4601 14812 957 9326 1.3982e+06 3644 453 1.38524e+06 12514 8917 8041 1269 3597 2873 506 188 318 148 227870 413 47665 1.37272e+06 5550 4375 548 303
internal_count=1693147 1645482 1626069 19413 4601 14812 957 9326 1398199 3644 453 1385236 12514 8917 8041 1269 3597 2873 506 188 318 148 227870 413 47665 1372722 5550 4375 548 303
is_linear=0
shrinkage=0.05


Tree=98
num_leaves=31
num_cat=0
split_feature=6 10 4 18 19 18 7 19 18 19 19 18 18 10 18 10 5 4 5 15 18 2 10 19 10 3 5 18 18 20
split_gain=24.9408 23.1924 29.7478 40.0426 34.4099 37.8551 25.7023 33.1804 79.7568 31.4059 30.7689 40.4556 47.1618 46.5009 41.4468 41.3725 30.0325 29.0405 28.1715 27.0865 28.9689 39.4647 28.8234 32.0292 26.0605 25.8657 25.5238 25.3804 25.1682 29.6567
threshold=3.7480714321136479 1.3291264772415163 0.00077819335274398338 -0.98734235763549794 0.96976330876350414 -0.17149884253740308 1.2013994455337527 0.93590369820594799 0.19722913205623629 -0.99674141407012928 0.96648588776588451 -0.18008953332900998 1.0000000180025095e-35 1.1617308855056765 -0.054514370858669274 0.58605727553367626 0.0014608554774895313 0.00018004943558480593 -0.00083866110071539868 0.36632874608039862 0.99930992722511303 0.00065930801793001603 0.81029167771339428 0.72687268257141124 0.92343887686729442 0.00019363674073247242 0.0079095256514847296 -0.64778602123260487 0.26092512905597692 1.0000000180025095e-35
decision_type=2 2 2 2 2 2 2 2 2 2 2 2 2 2 2 2 2 2 2 2 2 2 2 2 2 2 2 2 2 2
left_child=1 6 3 -3 -5 -6 16 9 10 26 17 15 13 14 -13 -12 19 -9 -10 22 -21 -22 23 -1 -19 -16 -8 -25 -20 -30
right_child=-2 2 -4 4 5 -7 7 8 18 -11 11 12 -14 -15 25 -17 -18 24 28 20 21 -23 -24 27 -26 -27 -28 -29 29 -31
leaf_value=0.0053898947483535745 0.0048009157384512058 -0.0099562035642893187 -0.0032765133599961583 0.00062768072450495877 -0.0096259243379057616 -0.0011266308507784761 0.006067311423595379 -0.0057734109075668286 0.12357621946274128 0.00022639355219996606 0.10420814125096023 0.00020625057496818089 -0.0027316466555354583 0.021792704193667908 0.0039272003048486442 -0.0087091393804603623 -0.0027434965735889218 0.034505731671172768 0.026919169769618469 -0.00056731373769444704 0.0084860828613968712 -0.028404771125759967 0.00023525569973706917 -0.014520166075764075 0.0035922291156817556 0.028050361230193735 0.075472681155444032 -0.00014034209657505793 -0.00079772096819032416 0.016922701191370987
leaf_weight=36219 13335 2302 30557 80562 4964 11284 13165 696 70 427870 91 10754 14526 1774 1784 4447 44699 980 5140 707420 8631 180 249017 896 643 2470 47 13824 2920 1880
leaf_count=36219 13335 2302 30557 80562 4964 11284 13165 696 70 427870 91 10754 14526 1774 1784 4447 44699 980 5140 707420 8631 180 249017 896 643 2470 47 13824 2920 1880
internal_value=-2.03467e-05 -3.74447e-05 -0.000679808 -0.000259303 -0.000104328 -0.00220335 1.62888e-05 0.000316092 0.00156201 0.000180012 0.00052011 0.000159014 0.000798518 0.00260398 0.00169909 -0.00425297 -0.000121974 0.00610177 0.00553447 -6.61788e-05 -0.000233235 0.00261605 0.000332715 0.0014164 0.00976587 0.00587682 0.00258099 -0.000550272 0.00531187 0.00270833
internal_weight=1.69315e+06 1.67981e+06 129669 99112 96810 16248 1.55014e+06 489257 48175 441082 38165 35846 31308 16782 15008 4538 1.06089e+06 2319 10010 1.01619e+06 716231 8811 299956 50939 1623 4254 13212 14720 9940 4800
internal_count=1693147 1679812 129669 99112 96810 16248 1550143 489257 48175 441082 38165 35846 31308 16782 15008 4538 1060886 2319 10010 1016187 716231 8811 299956 50939 1623 4254 13212 14720 9940 4800
is_linear=0
shrinkage=0.05


Tree=99
num_leaves=31
num_cat=0
split_feature=12 14 16 0 7 6 18 18 18 21 9 18 18 9 5 3 3 18 18 17 7 5 18 17 7 3 21 4 3 7
split_gain=24.5473 25.1305 21.9634 19.5057 19.8362 21.6498 17.3745 23.9787 48.4018 23.529 20.4847 18.9198 28.3841 24.3931 33.2943 20.6974 25.2101 18.4002 39.6974 29.1982 26.2418 24.966 38.989 22.8556 22.1303 22.6358 21.8412 23.9711 20.865 19.8732
threshold=1.8148849010467532 0.21767648309469226 0.93482849001884472 -6.3808805862208815e-05 0.59550404548645031 -3.2426571846008296 0.99959546327590953 0.99332016706466686 0.96065577864646923 0.65450850129127514 0.00095155177405104052 0.90905222296714794 0.8537760078907014 0.00040206861740443861 -0.0027713995659723874 0.00074388724169693898 0.001186679757665843 0.52435624599456798 0.56820151209831249 0.86315909028053295 -1.8232705593109129 -0.0083811949007213098 0.68993380665779125 0.55494287610054027 3.578978538513184 0.00071255801594816159 0.65450850129127514 -0.0038342277985066171 -0.0010003980132751165 -4.352768898010253
decision_type=2 2 2 2 2 2 2 2 2 2 2 2 2 2 2 2 2 2 2 2 2 2 2 2 2 2 2 2 2 2
left_child=1 6 -3 -4 5 -5 7 8 11 10 -10 12 17 14 -13 -14 -17 -1 19 24 21 22 -20 -22 -19 -26 28 -28 -23 -30
right_child=-2 2 3 4 -6 -7 -8 -9 9 -11 -12 13 15 -15 -16 16 -18 18 20 -21 23 26 -24 -25 25 -27 27 -29 29 -31
leaf_value=-0.00031090886255845667 0.0040514496437392689 -0.00035646170084136511 -9.7010071719916269e-05 0.011957415195058503 0.0024968329607803598 0.00046012058046016605 0.0054344787528978755 -0.0033194105458161597 0.0021973295490946179 0.0081817822632669467 -0.023453932525305088 -0.023213940116293342 0.0015447373572561873 0.0042912458294568027 -0.0031219793453440281 0.012918589755793942 -0.00046199903249224408 -0.010810763123019507 0.012588970032108959 -0.001373725445087104 0.0013518789323488769 -0.0040127321143556549 -0.040358354746980345 -0.0024291859506722028 0.028861977890571114 -0.010530372697854506 -0.024448522618833707 0.0074893974674575814 0.018776656065950244 0.0013219003576898981
leaf_weight=673830 19836 236294 146143 2520 120799 145077 9190 30558 44359 10968 201 411 35508 4449 46543 2632 1881 9140 71 8579 22546 6627 104 90370 250 336 116 6214 1342 16253
leaf_count=673830 19836 236294 146143 2520 120799 145077 9190 30558 44359 10968 201 411 35508 4449 46543 2632 1881 9140 71 8579 22546 6627 104 90370 250 336 116 6214 1342 16253
internal_value=-1.94017e-05 -4.013e-05 0.00020274 0.000422035 0.000675122 0.000286252 -0.000194723 -0.000214352 -0.000171461 0.00126243 0.000751795 -0.000257333 -0.000202615 -0.00118962 -0.0015249 0.00109817 0.00428761 -0.000264903 -0.000743449 -0.00293636 -0.000463998 0.000831516 -0.018 -0.000816536 -0.00481184 0.00460751 0.000939382 0.0035545 0.000255966 0.00115658
internal_weight=1.69315e+06 1.67331e+06 650833 414539 268396 147597 1.02248e+06 1.01329e+06 982730 55528 44560 927202 875799 51403 46954 40021 4513 835778 161948 18305 143643 30727 175 112916 9726 586 30552 6330 24222 17595
internal_count=1693147 1673311 650833 414539 268396 147597 1022478 1013288 982730 55528 44560 927202 875799 51403 46954 40021 4513 835778 161948 18305 143643 30727 175 112916 9726 586 30552 6330 24222 17595
is_linear=0
shrinkage=0.05


Tree=100
num_leaves=31
num_cat=0
split_feature=14 7 8 18 7 6 19 18 6 8 10 10 10 1 6 19 19 7 7 6 7 18 18 19 19 8 10 3 18 8
split_gain=23.4786 28.4033 22.6491 21.1437 23.049 20.6507 20.3632 89.6173 24.2002 40.4515 25.9586 23.5532 20.5208 25.0325 20.1141 22.1544 28.1222 29.3452 25.1845 29.3851 19.7382 20.2955 82.3014 67.6092 39.2691 58.8456 51.5105 38.0629 31.7794 28.9084
threshold=0.54642897844314586 1.2281305789947512 11.478415966033937 -0.96535655856132496 -0.97698339819908131 -3.6927522420883174 0.99930992722511303 -1.0000000180025095e-35 -0.50509554147720326 1.0968105196952822 1.3486322760581972 1.7774003148078921 1.0302439332008364 0.00040934051503427332 2.3517599105834965 0.99959546327590953 0.99332016706466686 1.735572397708893 4.9518494606018075 1.831288814544678 6.4540045261383066 0.60006982088089 0.52435624599456798 0.82535797357559215 -0.2015048488974571 -3.3609496355056758 0.63662120699882518 -0.00087946571875363577 0.99851059913635265 -5.612269163131713
decision_type=2 2 2 2 2 2 2 2 2 2 2 2 2 2 2 2 2 2 2 2 2 2 2 2 2 2 2 2 2 2
left_child=2 -2 5 -4 -5 -1 12 8 -8 11 -11 -10 20 -14 15 16 18 -18 -6 -20 21 22 -7 -24 29 26 -26 -25 -28 -23
right_child=1 -3 3 4 14 6 7 -9 9 10 -12 -13 13 -15 -16 -17 17 -19 19 -21 -22 24 23 27 25 -27 28 -29 -30 -31
leaf_value=0.0056310109402093302 0.0002925865883486034 0.0032041997576218563 0.013707326504091767 0.030213626296692993 0.0020898927189822339 -6.4157660104185996e-05 0.0055580831665644759 -0.0040980234784929797 0.043404639605089904 0.0064887759084451772 0.038034955864625242 -0.047159845688707548 -0.0010035033330125231 0.00076927729317942677 0.0080444981210459846 0.040780733963149823 -0.038704664049209962 -0.012637035267658976 -0.035286395221739285 0.0013008906554860312 0.017858856234404908 -0.0034083879314820709 -0.0032586858162977797 -0.03712799067698621 0.036530502266788077 -0.0015635327334097338 0.0016870006766889101 -0.012775802364426665 0.01780541040699778 0.0033716011736347421
leaf_weight=10678 112260 47136 3020 288 11683 602874 3178 9106 2296 2864 309 21 489820 83810 5823 278 155 604 847 949 1479 10537 23329 441 1904 125803 39467 5466 2718 94004
leaf_count=10678 112260 47136 3020 288 11683 602874 3178 9106 2296 2864 309 21 489820 83810 5823 278 155 604 847 949 1479 10537 23329 441 1904 125803 39467 5466 2718 94004
internal_value=-1.85749e-05 0.000558985 -7.85982e-05 0.00145684 0.000884763 -0.000102642 -0.000118245 0.00156408 0.00520305 0.00721311 0.00354554 0.0122356 -0.000138427 -0.00037254 0.000685874 -0.000310003 -0.000582947 -0.0099473 -5.56421e-05 -0.00556793 9.47114e-06 5.51546e-08 -0.000155827 -0.00274661 0.000359104 -0.00011007 0.00146182 -0.00752497 0.00109873 0.00112157
internal_weight=1.69315e+06 159396 1.53375e+06 23647 20627 1.5101e+06 1.49943e+06 17774 8668 5490 3173 2317 1.48165e+06 573630 20339 14516 14238 759 13479 1796 908022 906543 632110 29236 274433 169892 44089 5907 42185 104541
internal_count=1693147 159396 1533751 23647 20627 1510104 1499426 17774 8668 5490 3173 2317 1481652 573630 20339 14516 14238 759 13479 1796 908022 906543 632110 29236 274433 169892 44089 5907 42185 104541
is_linear=0
shrinkage=0.05


Tree=101
num_leaves=31
num_cat=0
split_feature=9 8 18 18 18 5 19 6 19 5 21 10 8 18 18 18 21 19 6 8 18 10 9 6 8 9 21 19 19 18
split_gain=22.451 33.8283 31.4032 34.587 43.8272 39.3871 35.5569 42.0979 45.1786 37.0687 45.8301 36.8637 34.7272 31.3033 35.6083 42.3127 65.5189 66.2009 42.707 38.1429 31.1253 34.1592 30.8015 30.4345 30.1867 30.0648 29.3191 34.8319 42.8067 43.9225
threshold=0.00028404031763784593 7.3907318115234384 -0.19294966012239453 -0.55738157033920277 -0.4752392172813415 0.00033486243046354508 0.56820151209831249 0.75495490431785595 0.02835773024708033 0.00090278158313594769 1.0000000180025095e-35 0.99348181486129772 13.136122703552248 0.99959546327590953 0.99332016706466686 0.96065577864646923 0.65450850129127514 -0.19294966012239453 -1.6784574985504148 -5.077500343322753 -0.94190874695777882 0.74684426188468944 0.00016767749184509742 2.0803744792938237 13.136122703552248 7.4391035013832165e-05 1.0000000180025095e-35 0.19722913205623629 0.1326885595917702 0.97768935561180126
decision_type=2 2 2 2 2 2 2 2 2 2 2 2 2 2 2 2 2 2 2 2 2 2 2 2 2 2 2 2 2 2
left_child=1 13 3 6 -5 24 7 -3 -9 10 11 25 -10 14 15 -1 26 18 -18 22 -14 -22 -19 -11 -6 -8 27 28 29 -17
right_child=-2 2 -4 4 5 -7 9 8 12 23 -12 -13 20 -15 -16 16 17 19 -20 -21 21 -23 -24 -25 -26 -27 -28 -29 -30 -31
leaf_value=-7.0784838204407405e-05 -0.00046875228035707654 0.013911164574011604 0.00084071739567022081 0.051461520524665773 -0.0096291818556357052 0.013588773914588237 0.016317820543683293 -0.0063694981124656942 0.006982988578985605 -0.015557759140912187 0.020247404591954822 0.05997001155206854 0.075588002226919304 0.0073796927235206811 -0.0035127788609790492 0.013611363569263979 -0.0042650290308729908 0.048119165223379029 0.039144042325595922 0.0031025887981140868 -0.044478227827307371 0.038046982104943172 0.0053272620488035612 0.0050508410343903971 -0.070502332216286684 -0.018597630432654704 -0.0016212664917214514 -0.0028302673131657798 0.019390320046607557 -0.0021385211265821658
leaf_weight=846688 637835 7125 56485 1480 423 2393 350 5466 6088 2910 2077 122 339 12505 36612 5424 468 1035 2544 8766 150 185 904 1284 78 1272 28061 8153 6521 9404
leaf_count=846688 637835 7125 56485 1480 423 2393 350 5466 6088 2910 2077 122 339 12505 36612 5424 468 1035 2544 8766 150 185 904 1284 78 1272 28061 8153 6521 9404
internal_value=-1.84568e-05 0.000123092 0.00106033 0.00231869 0.00644719 0.002868 0.00165887 0.00281868 0.0010386 -0.00114161 0.00242083 -0.00355505 0.00377107 3.75872e-05 5.02839e-06 6.60154e-05 0.00123597 0.00434133 0.0108898 0.00249883 0.0145401 0.00373134 0.00884477 -0.00438722 -0.00988024 -0.00554871 0.000495978 0.0015965 0.0026582 0.00117346
internal_weight=1.69315e+06 1.05531e+06 88227 31742 4374 2894 27368 19353 12228 8015 3821 1744 6762 967085 954580 917968 71280 13717 3012 10705 674 335 1939 4194 501 1622 57563 29502 21349 14828
internal_count=1693147 1055312 88227 31742 4374 2894 27368 19353 12228 8015 3821 1744 6762 967085 954580 917968 71280 13717 3012 10705 674 335 1939 4194 501 1622 57563 29502 21349 14828
is_linear=0
shrinkage=0.05


Tree=102
num_leaves=31
num_cat=0
split_feature=11 7 16 18 19 19 18 18 10 18 19 19 5 5 8 8 18 19 18 20 8 19 19 5 20 4 8 19 18 19
split_gain=21.9974 24.5789 33.6596 25.9889 23.1198 27.7898 40.2066 27.4579 22.5563 22.1541 78.516 40.9114 31.5666 21.9882 26.0804 39.0183 29.7408 26.94 21.2679 27.3208 36.1523 46.3141 21.9562 42.0906 36.1596 52.7997 31.7907 29.5165 51.2486 38.7301
threshold=0.68008002638816845 1.6755884289741518 0.71183040738105785 0.29862368106842047 0.51316559314727794 0.90164175629615795 -0.23980389535427091 -0.20577672123908994 1.0550752878189089 -0.045798758044838898 0.69934985041618358 0.68039956688880932 -0.0043856569100171319 0.0035241066943854098 0.79908627271652233 2.9695768356323247 -1.0000000180025095e-35 0.995182365179062 0.95305636525154125 -0.76942089200019825 -9.8024978637695295 -0.098016906529664979 -0.2015048488974571 -0.0023874805774539705 1.0000000180025095e-35 -0.00018762321269605306 11.478415966033937 1.0000000180025095e-35 0.98285266757011425 0.24826665222644809
decision_type=2 2 2 2 2 2 2 2 2 2 2 2 2 2 2 2 2 2 2 2 2 2 2 2 2 2 2 2 2 2
left_child=1 9 4 -4 -3 -6 -7 -8 18 10 -1 -11 -12 14 16 -16 -13 -18 -2 -20 21 -21 23 -22 25 -25 -26 -24 29 -29
right_child=8 2 3 -5 5 6 7 -9 -10 11 12 13 -14 -15 15 -17 17 -19 19 20 22 -23 27 24 26 -27 -28 28 -30 -31
leaf_value=-0.00070479188141674425 0.00036616046707790286 0.0042158108666083436 0.00084286511952656469 -0.0035017131807799362 -0.0037755455530332329 0.020896804486308335 -0.013040442390179159 0.0033797751627497653 -0.00041068807417070645 -0.0012531762881230425 -0.024511234027584039 0.025847562103029499 -0.0055492542802398018 0.030470038489071424 -0.0060751742289325899 0.0045287823702754139 0.0041330323043119732 -0.0043737805392609855 -0.0020476089227676022 -0.027787339756122409 -0.027438156582130294 0.048178582281831861 -0.001670236058103969 -0.00065032399554301181 0.004762576394696183 0.033867611753861326 -0.071634711321661035 -0.0072928787383808929 0.012631765089018915 0.005877601837663682
leaf_weight=123516 751952 32348 32800 23124 12100 1344 654 8046 412805 139926 247 2110 34935 220 8790 7184 29212 4272 13490 219 292 852 17023 1489 4560 2947 34 5955 14100 6601
leaf_count=123516 751952 32348 32800 23124 12100 1344 654 8046 412805 139926 247 2110 34935 220 8790 7184 29212 4272 13490 219 292 852 17023 1489 4560 2947 34 5955 14100 6601
internal_value=-1.79843e-05 -0.000312698 0.000337813 -0.000523925 0.0012222 -2.25795e-05 0.00192155 0.000678161 9.22245e-05 -0.000517676 -0.000954643 -0.000155961 -0.00303849 0.00104464 0.00097735 -0.000701139 0.00173063 0.00136782 0.000244047 0.00109381 0.00159602 0.0106909 0.00141224 0.0036151 0.00421927 0.00743913 0.00111014 0.0009421 0.00198079 -0.000342466
internal_weight=1.69315e+06 460828 110416 55924 54492 22144 10044 8700 1.23232e+06 350412 158698 191714 35182 51788 51568 15974 35594 33484 819514 67562 54072 1071 53001 9322 9030 4436 4594 43679 26656 12556
internal_count=1693147 460828 110416 55924 54492 22144 10044 8700 1232319 350412 158698 191714 35182 51788 51568 15974 35594 33484 819514 67562 54072 1071 53001 9322 9030 4436 4594 43679 26656 12556
is_linear=0
shrinkage=0.05


Tree=103
num_leaves=31
num_cat=0
split_feature=9 19 8 7 10 8 21 19 19 19 10 6 19 19 19 8 6 4 6 19 7 19 9 19 9 8 10 21 19 19
split_gain=21.6374 37.1789 58.084 74.3803 27.395 27.2905 53.7352 25.7213 27.447 25.7924 35.8493 30.7797 26.4534 23.6305 32.8758 30.4413 33.8958 28.5909 27.5968 22.9078 66.5588 63.2202 49.423 49.0579 50.1845 35.303 44.4181 42.4047 36.2589 28.6269
threshold=6.2387738580582677e-05 0.98035496473312389 0.79908627271652233 1.3935868144035342 1.1211051344871523 12.16558885574341 1.0000000180025095e-35 -0.96535655856132496 -0.17579586058855054 0.92961356043815624 0.68469759821891796 -3.6927522420883174 0.72687268257141124 0.99894830584526073 0.995182365179062 -8.2656631469726545 -2.515454769134521 -0.0018862681463360784 -3.6927522420883174 0.84688794612884533 -2.5779066085815425 0.88599923253059398 0.00017435000336263332 0.51316559314727794 0.00060025317361578356 3.9434832334518437 1.4086553454399111 0.65450850129127514 0.96976330876350414 0.44424325227737432
decision_type=2 2 2 2 2 2 2 2 2 2 2 2 2 2 2 2 2 2 2 2 2 2 2 2 2 2 2 2 2 2
left_child=1 7 3 -3 5 -4 -7 -1 -9 12 11 -11 -10 14 18 16 -15 -17 -2 23 -21 22 -22 29 -25 26 -23 -27 -28 -20
right_child=13 2 4 -5 -6 6 -8 8 9 10 -12 -13 -14 15 -16 17 -18 -19 19 20 21 25 -24 24 -26 27 28 -29 -30 -31
leaf_value=-0.062553051084539152 0.0062573370341022123 0.0025176236595208291 -0.021546763094300793 0.10504851170652499 0.027207514558676385 -0.055960379712446877 0.090942563480265581 0.050493292403819036 0.016125433117640788 -0.06880154751752339 0.013176141578077727 0.07228677528116105 -0.0020216588050726569 -0.013246875381493517 -0.0038764437420577783 -0.01790144754330223 0.062718097089943803 0.0039597186638940683 -6.9127856114675765e-05 -0.0043093493899128308 0.01813290902619424 0.00069766302553123669 0.0028232557388763848 -0.0014122795185994687 -0.0097424388761101436 0.005498016444415655 -0.0010412397574899978 -0.0039461718232470357 -0.0090559680532955166 0.0027240567924363248
leaf_weight=45 12020 3166 3607 433 204 179 186 228 5373 24 1624 608 4624 299 27515 443 528 22798 1136798 22681 9610 94193 17028 230058 4698 29223 8789 7377 5755 43033
leaf_count=45 12020 3166 3607 433 204 179 186 228 5373 24 1624 608 4624 299 27515 443 528 22798 1136798 22681 9610 94193 17028 230058 4698 29223 8789 7377 5755 43033
internal_value=-1.91655e-05 0.00160337 -0.00111254 0.00354265 -0.00512452 -0.0060423 0.0069863 0.00328916 0.00342521 0.00310536 0.0079344 0.018038 0.0020156 -3.88559e-05 -6.15607e-05 0.00151654 0.0109432 0.0011811 -3.24747e-05 -5.03032e-05 0.000458244 0.000794011 0.00303326 -0.000120282 -0.000780385 0.000383591 -6.85139e-05 0.00172678 -0.00264026 1.10609e-05
internal_weight=1.69315e+06 20301 7775 3599 4176 3972 365 12526 12481 12253 2256 632 9997 1.67285e+06 1.64878e+06 24068 827 23241 1.62126e+06 1.60924e+06 194656 171975 26638 1.41459e+06 234756 145337 108737 36600 14544 1.17983e+06
internal_count=1693147 20301 7775 3599 4176 3972 365 12526 12481 12253 2256 632 9997 1672846 1648778 24068 827 23241 1621263 1609243 194656 171975 26638 1414587 234756 145337 108737 36600 14544 1179831
is_linear=0
shrinkage=0.05


Tree=104
num_leaves=31
num_cat=0
split_feature=14 9 18 9 10 10 21 4 18 20 10 18 18 10 18 9 11 9 8 18 9 18 18 18 10 9 15 8 18 18
split_gain=21.6421 19.7678 29.2697 25.6423 31.7942 22.1463 25.3557 22.0836 33.2521 20.8791 28.0804 27.1823 23.5368 42.4871 21.9869 20.2096 19.9726 22.6477 19.9017 19.7544 19.0204 24.867 23.8001 22.5177 22.322 24.8973 20.1452 19.4824 37.9413 25.7727
threshold=0.90436711907386791 0.00077746369061060261 -0.98035496473312367 0.0010354014812037351 1.2378053069114687 0.94846007227897655 0.65450850129127514 0.0053789529483765372 -0.94190874695777882 1.0000000180025095e-35 0.62305364012718212 -0.054514370858669274 0.98734235763549816 1.4086553454399111 0.17149884253740313 0.0005033932684455068 0.45961867272853857 5.6667309763724922e-05 0.70314666628837597 0.55738157033920299 0.0010354014812037351 0.99894830584526073 -0.96535655856132496 0.95305636525154125 1.9385754466056826 0.00095155177405104052 0.84581807255744945 5.4895808696746835 0.832677721977234 0.891992747783661
decision_type=2 2 2 2 2 2 2 2 2 2 2 2 2 2 2 2 2 2 2 2 2 2 2 2 2 2 2 2 2 2
left_child=1 7 3 4 -3 -5 -7 16 -9 10 11 -4 -12 -14 -13 -10 17 18 -1 -17 22 23 -11 27 26 -26 -24 29 -29 -22
right_child=-2 2 9 5 -6 6 -8 8 15 20 12 14 13 -15 -16 19 -18 -19 -20 -21 21 -23 24 -25 25 -27 -28 28 -30 -31
leaf_value=0.031652455267868619 0.0030071603360076527 0.02881261434479461 -0.046357219703306349 -0.018191892255410357 -0.0016737402845727778 0.0058406053188728158 -0.025723564185975635 0.078934220304643449 -0.034699692573136445 -0.027636552929378472 -0.00023641996228265794 0.066353891334507115 -0.037739525066307213 0.017850883558110542 -0.049006609435418201 0.0081271692025152616 7.1333087052483091e-05 -0.0014521837817598638 -0.00098504199929073662 0.040011991138752125 -0.0090749911888998291 0.038783579109634085 -0.0011906132273461047 -0.023458387220030737 -0.01892391112937605 0.0095329608413334162 0.035793842105758478 0.0069916052003830779 -0.059494484422206576 0.035713607382051711
leaf_weight=1771 31844 873 106 258 461 1006 87 79 163 224 27640 25 193 85 24 1309 1476847 127633 1508 163 6774 40 11816 274 379 145 168 1086 54 112
leaf_count=1771 31844 873 106 258 461 1006 87 79 163 224 27640 25 193 85 24 1309 1476847 127633 1508 163 6774 40 11816 274 379 145 168 1086 54 112
internal_value=-1.93427e-05 -4.40919e-05 -0.00100521 0.00407821 0.0089955 -0.000777202 0.00233303 -1.31409e-05 0.00565928 -0.00128294 -0.000390055 -0.0216129 -0.000272226 -0.0147482 0.00918367 0.00412844 -1.91882e-05 -0.000611098 0.00349192 0.00597826 -0.00247248 -0.00432854 -0.00125668 -0.00451807 -0.000967381 -0.0110687 -0.000525701 -0.00403688 0.00201754 -0.00503921
internal_weight=1.69315e+06 1.6613e+06 51830 2685 1334 1351 1093 1.60947e+06 1714 49145 28073 155 27918 278 49 1635 1.60776e+06 130912 3279 1472 21072 8340 12732 8300 12508 524 11984 8026 1140 6886
internal_count=1693147 1661303 51830 2685 1334 1351 1093 1609473 1714 49145 28073 155 27918 278 49 1635 1607759 130912 3279 1472 21072 8340 12732 8300 12508 524 11984 8026 1140 6886
is_linear=0
shrinkage=0.05


Tree=105
num_leaves=31
num_cat=0
split_feature=16 8 19 6 18 0 6 8 8 18 19 19 18 18 18 19 8 4 21 5 5 4 18 19 5 18 7 18 20 4
split_gain=20.6823 20.6031 26.5039 18.8748 21.3296 19.5399 18.7577 46.6611 46.5499 49.1833 65.0841 40.6878 80.4845 112.747 73.6211 70.9866 56.689 47.6603 41.5971 38.1952 37.0174 36.0977 47.013 51.009 46.5987 45.9393 44.6064 34.5546 31.9801 41.4363
threshold=2.2640036344528203 -13.293497562408445 -0.94190874695777882 -0.85641446709632862 0.51316559314727794 -0.00070316475466825057 0.45488324761390692 -6.8756659030914298 0.60376441478729259 -0.31523424386978144 -0.92304024100303639 0.2861058115959168 -0.071932479739189134 -0.7238691747188567 -0.65770241618156422 0.68039956688880932 -3.5516924858093257 -0.0033838119124993678 0.65450850129127514 -0.0013132070889696477 -0.0011792875593528149 -0.00033136730780825013 0.19722913205623629 0.96304282546043407 -7.9128301877062754e-05 -1.0000000180025095e-35 -0.97698339819908131 0.68993380665779125 1.0000000180025095e-35 -0.00077620462980121363
decision_type=2 2 2 2 2 2 2 2 2 2 2 2 2 2 2 2 2 2 2 2 2 2 2 2 2 2 2 2 2 2
left_child=1 2 -1 -2 -5 -6 8 19 11 10 -10 -3 13 -13 16 -14 -15 -16 20 -8 -19 -17 25 27 -25 -23 -27 -24 -18 -30
right_child=3 6 -4 4 5 -7 7 -9 9 -11 -12 12 15 14 17 21 28 18 -20 -21 -22 22 23 24 -26 26 -28 -29 29 -31
leaf_value=0.056153515382613844 -0.0004749424662097157 0.00074841111441302792 0.0056075428501975062 0.0094590664798416269 -0.038325422777205055 0.00068745469224724693 -0.013344698797567035 0.00046914303790829281 0.019851389670870245 -0.0024823464110599216 -0.00013940072852305362 8.6110315118864691e-05 -0.0026520681185601526 -0.018709981727269367 -0.022352525338222462 0.00054495836902433985 -0.013741871847344723 -0.0092900719360567985 -0.010817860449922874 -0.0013975636363585675 -0.0017603424192442598 0.013210028263216801 0.0044020657836005284 0.014799626525810594 0.049167810996686281 0.0037314433686891691 -0.010437347232149431 0.019418393681867398 -0.023684210799606656 0.0067490819260583208
leaf_weight=219 10788 430342 6314 10043 49 4648 4320 633549 3640 209303 122021 51546 51184 3562 432 60879 2373 4411 7582 6576 26942 3775 20706 2448 1046 4905 5281 2551 283 1429
leaf_count=219 10788 430342 6314 10043 49 4648 4320 633549 3640 209303 122021 51546 51184 3562 432 60879 2373 4411 7582 6576 26942 3775 20706 2448 1046 4905 5281 2551 283 1429
internal_value=-1.78661e-05 -3.94874e-05 0.0027629 0.00139455 0.00255767 -0.000223547 -5.05091e-05 0.000160526 -0.000184283 -0.000666937 0.000114992 5.28843e-05 -0.000452583 -0.00156656 -0.0033373 0.000266078 -0.0078266 -0.00246526 -0.00228201 -0.0030837 -0.00147833 0.0010311 0.00218363 0.00341109 0.00904408 -0.000168326 -0.00191439 0.00256482 -0.00380661 0.00140187
internal_weight=1.69315e+06 1.66762e+06 6533 25528 14740 4697 1.66109e+06 644445 1.01664e+06 334964 125661 681677 251335 98560 47014 152775 7647 39367 38935 10896 31353 101591 40712 26751 3494 13961 10186 23257 4085 1712
internal_count=1693147 1667619 6533 25528 14740 4697 1661086 644445 1016641 334964 125661 681677 251335 98560 47014 152775 7647 39367 38935 10896 31353 101591 40712 26751 3494 13961 10186 23257 4085 1712
is_linear=0
shrinkage=0.05


Tree=106
num_leaves=31
num_cat=0
split_feature=19 12 10 19 15 5 10 9 20 20 9 19 7 21 9 5 9 5 8 9 8 19 5 19 8 19 7 2 5 7
split_gain=19.8923 20.825 20.4223 27.9406 47.329 40.8512 39.1535 31.4645 32.3233 30.6686 30.359 29.6259 42.6819 24.6316 41.6437 34.3163 30.2954 24.3572 23.4856 23.1169 21.3499 25.3592 21.2973 29.3919 37.6094 27.1081 27.1313 26.8456 24.8114 24.6322
threshold=-0.99959546327590931 1.9925858378410342 0.7429979443550111 0.2861058115959168 0.38981370627880102 0.0079095256514847296 0.70437994599342357 0.00010683035361580552 1.0000000180025095e-35 0.76942089200019848 8.3351551438681795e-05 0.97581917047500621 1.9229914546012881 0.65450850129127514 6.2387738580582677e-05 -0.0010796352289617059 0.00058903728495351981 0.00018302910757483917 13.136122703552248 0.0010354014812037351 -13.293497562408445 -0.98933362960815419 -0.0028864039340987797 0.02835773024708033 -9.3860158920288068 -0.01963364519178867 -2.9431875944137569 -0.0007068330596666782 -0.0048454785719513884 1.6755884289741518
decision_type=2 2 2 2 2 2 2 2 2 2 2 2 2 2 2 2 2 2 2 2 2 2 2 2 2 2 2 2 2 2
left_child=-1 2 3 4 -2 13 -7 8 -5 -8 11 18 -13 19 -15 16 -16 -14 -10 -6 21 -4 23 25 -25 26 -22 -26 -28 -29
right_child=1 -3 20 7 5 6 9 -9 10 -11 -12 12 17 14 15 -17 -18 -19 -20 -21 22 -23 -24 24 27 -27 28 29 -30 -31
leaf_value=0.0042442875361432767 0.010584761143587574 0.0049636017459159243 0.075311578203161506 -0.00087360010353809692 0.00061488428091171501 -0.043893021398682681 -0.022751067514150791 -0.0021116073709040229 0.022731168481504971 0.075394704813891586 0.00031402853845563516 -0.014129625039071159 0.093011764774978953 0.1288582730556535 -0.015204385490275897 0.011031009991842512 0.031964111710662858 0.017484250908420661 -0.028203141398991272 -0.019026788280591102 0.0013252948029528477 0.008002175257130718 -0.00014747674699292502 0.0097488626220082267 -0.0012912885881601777 0.013870913589268853 0.0013964596408093111 -0.0094998620694133964 -0.0051458674862768341 0.053215852634349504
leaf_weight=16079 13041 13095 52 20367 36944 240 87 48876 6326 43 6603 2195 170 217 1798 7279 234 786 239 211 27599 3429 1443177 2142 4164 821 7493 8740 20656 44
leaf_count=16079 13041 13095 52 20367 36944 240 87 48876 6326 43 6603 2195 170 217 1798 7279 234 786 239 211 27599 3429 1443177 2142 4164 821 7493 8740 20656 44
internal_value=-1.82205e-05 -3.50016e-05 -5.06318e-05 0.000514912 0.00134123 0.000602512 -0.0159459 -6.54496e-05 0.00104127 0.00615385 0.00269931 0.00447715 0.000491907 0.000733672 0.00300168 0.00249705 -0.00324803 0.00930962 0.00638995 0.000152066 -0.000104886 0.00380638 -0.000113874 -0.000955218 -0.00291584 -0.000432216 -0.000565043 -0.00393111 -0.00165725 -0.00549863
internal_weight=1.69315e+06 1.67707e+06 1.66397e+06 145656 60094 47053 370 85562 36686 130 16319 9716 3151 46683 9528 9311 2032 956 6565 37155 1.51832e+06 3481 1.51484e+06 71659 15090 56569 55748 12948 28149 8784
internal_count=1693147 1677068 1663973 145656 60094 47053 370 85562 36686 130 16319 9716 3151 46683 9528 9311 2032 956 6565 37155 1518317 3481 1514836 71659 15090 56569 55748 12948 28149 8784
is_linear=0
shrinkage=0.05


Tree=107
num_leaves=31
num_cat=0
split_feature=14 12 6 5 10 4 8 2 6 4 8 4 3 15 8 18 18 4 5 18 5 10 10 17 3 15 5 18 8 8
split_gain=19.672 19.0158 17.3597 20.4321 17.7808 23.5879 20.7656 15.7662 15.436 24.0558 21.6635 17.1935 16.2956 15.9121 15.2591 28.9895 20.978 35.4027 24.0868 20.4965 20.0445 21.7075 19.6189 17.1092 16.9654 16.9571 16.1936 15.0482 22.1125 22.6965
threshold=0.21767648309469226 1.3543596863746645 -3.2426571846008296 -0.0016487414250150321 0.97420814633369457 -0.00088018158567138005 6.3415014743804941 -0.000493618455948308 0.014323041308671238 0.00068992411252111207 6.5482077598571786 -0.00054353344603441645 0.0014649027725681665 0.73859006166458141 9.458656311035158 0.8102954924106599 0.76181921362876903 0.0023609523195773367 0.002614831668324769 0.9179256558418275 -0.0012045899638906119 0.83597415685653698 1.0282146930694582 1.9454162120819094 0.0004636762168956921 0.73000213503837597 0.0052893101237714299 0.02835773024708033 7.9896481037139901 3.2636190652847294
decision_type=2 2 2 2 2 2 2 2 2 2 2 2 2 2 2 2 2 2 2 2 2 2 2 2 2 2 2 2 2 2
left_child=14 2 7 -4 -5 6 -6 -2 -7 10 12 -12 -10 -13 -1 16 18 22 20 -17 21 -16 -18 -20 -21 -26 -27 28 29 -11
right_child=1 -3 3 4 5 8 -8 -9 9 27 11 13 -14 -15 15 19 17 -19 23 24 -22 -23 -24 -25 25 26 -28 -29 -30 -31
leaf_value=-0.00039200507819111001 0.0028119358941044951 0.0053973470810132597 -0.0012425974559100218 0.0011872516907414088 0.0025552041140696202 -0.0015308368649096351 -0.031286589954052833 0.015517592031880745 0.0013077342098720135 -0.0017283868672537507 -0.045729263488661978 0.006851238322306036 -0.0074636858078264701 0.024683948449060314 -0.0035892969485101125 0.019046302639514165 -0.026944078528511241 0.047317424947754705 -0.0044726175803740777 -0.0037765134411939629 0.0038195585657401112 -0.042286900933294069 0.022864885982969582 0.018132394417628268 0.02288177427802144 -0.00055021706577316196 0.050770633940138948 -0.0024157846382639962 -0.005157255410254552 0.0037131748084165694
leaf_weight=1001016 8898 10388 78529 288027 32100 94085 81 2359 67575 12257 33 3568 1301 775 143 2750 769 123 10114 2343 19415 72 128 384 620 966 60 34680 4222 15366
leaf_count=1001016 8898 10388 78529 288027 32100 94085 81 2359 67575 12257 33 3568 1301 775 143 2750 769 123 10114 2343 19415 72 128 384 620 966 60 34680 4222 15366
internal_value=-1.69802e-05 0.000197786 0.000163546 0.000128913 0.000235891 -5.88251e-05 0.00121034 0.0021098 -0.000233471 9.98018e-05 0.000724895 0.0041362 0.00050816 0.00440939 -0.000152228 0.000832739 0.000189418 -0.00686275 0.000428173 0.0038062 0.00146205 -0.0137209 -0.0103122 -0.00150505 0.00151667 0.00540705 0.00146199 -0.000588501 0.000196263 0.000711364
internal_weight=1.69315e+06 654244 643856 632599 554070 266043 32181 11257 233862 139777 73252 4376 68876 4343 1.0389e+06 37887 31148 1020 30128 6739 19630 215 897 10498 3989 1646 1026 66525 31845 27623
internal_count=1693147 654244 643856 632599 554070 266043 32181 11257 233862 139777 73252 4376 68876 4343 1038903 37887 31148 1020 30128 6739 19630 215 897 10498 3989 1646 1026 66525 31845 27623
is_linear=0
shrinkage=0.05


Tree=108
num_leaves=31
num_cat=0
split_feature=9 8 19 10 16 18 18 20 9 19 18 18 8 3 19 10 6 19 9 8 8 18 19 3 9 2 5 10 19 18
split_gain=18.6405 29.5898 46.1516 24.18 24.2747 20.4497 33.7617 45.882 34.7397 32.4179 32.1837 75.1048 66.3675 54.4444 41.4657 31.032 27.9653 26.7878 36.7261 29.6321 25.4258 29.2777 25.3309 25.2377 25.282 25.1754 25.065 24.4034 24.3752 105.479
threshold=0.00018579245806904512 13.136122703552248 -0.83747833967208851 0.55844441056251537 0.74063274264335643 0.994289129972458 0.96535655856132518 -1.0000000180025095e-35 0.00095155177405104052 0.19722913205623629 0.89783340692520153 0.86711210012435924 -4.2187211513519278 -0.00044042625813744957 -0.46368156373500818 0.99348181486129772 1.4797508120536806 -0.39273749291896815 0.0004358102305559442 9.7590799331665057 -7.8385989665985099 0.98734235763549816 -0.19294966012239453 0.00054672313854098331 0.00061198146431706857 1.1622838883340593e-05 -0.00041335420974064613 0.88250398635864269 -0.67719548940658558 -0.20577672123908994
decision_type=2 2 2 2 2 2 2 2 2 2 2 2 2 2 2 2 2 2 2 2 2 2 2 2 2 2 2 2 2 2
left_child=1 3 -3 -1 -5 6 10 20 9 -9 11 28 13 25 16 -15 -13 19 -19 -14 21 -8 -22 -16 26 27 -25 -12 29 -2
right_child=5 2 -4 4 -6 -7 7 8 -10 -11 12 14 17 15 23 -17 -18 18 -20 -21 22 -23 -24 24 -26 -27 -28 -29 -30 -31
leaf_value=0.0088394301866088435 0.0023708391608215033 0.081216024204880777 0.0091731647979520718 -0.00091488871646755454 0.00084818287289734062 -0.0027050833719919568 -0.031811022231467569 0.0074913745236785626 -0.02445629604581567 -0.0045387744403607494 0.02089262716464222 0.010692122411847672 -0.0049862403749562747 -0.02422921751290277 -0.00047132439204078391 -0.0073325305277927577 0.025039802091919718 -0.00083712157393429638 0.0090083407981403907 0.036878380376951396 0.0064077092831269448 0.013642331389860613 -0.00342865066765774 0.024912924730274889 -0.019661231600337351 -0.012014482783718933 0.0082361253725170887 -0.0030144235791720098 -0.00069039093504734699 -0.0011294188283459629
leaf_weight=10152 170967 210 6133 148653 383673 35068 321 24281 264 3050 547 7969 10961 2616 10091 1950 1392 37676 3997 121 5688 152 11997 491 145 1100 2513 4291 576011 230667
leaf_count=10152 170967 210 6133 148653 383673 35068 321 24281 264 3050 547 7969 10961 2616 10091 1950 1392 37676 3997 121 5688 152 11997 491 145 1100 2513 4291 576011 230667
internal_value=-1.66258e-05 0.000222932 0.00361816 0.000183233 0.000137134 -0.000131518 -9.39367e-05 0.00123598 0.00252038 0.00269474 -0.000151151 -8.19798e-05 -0.00124488 -0.00487433 0.00276758 -0.00897941 0.0053146 -0.000522225 5.87911e-05 -0.00270709 -0.000715938 -0.0121564 -0.000409952 0.000966767 0.00487456 -0.00171775 0.00585885 -0.000165358 -0.000147855 0.000151133
internal_weight=1.69315e+06 548821 6343 542478 532326 1.14433e+06 1.10926e+06 45753 27595 27331 1.0635e+06 1.00025e+06 63259 10504 22601 4566 9361 52755 41673 11082 18158 473 17685 13240 3149 5938 3004 4838 977645 401634
internal_count=1693147 548821 6343 542478 532326 1144326 1109258 45753 27595 27331 1063505 1000246 63259 10504 22601 4566 9361 52755 41673 11082 18158 473 17685 13240 3149 5938 3004 4838 977645 401634
is_linear=0
shrinkage=0.05


Tree=109
num_leaves=31
num_cat=0
split_feature=14 19 4 18 5 18 19 18 18 20 19 19 19 4 19 7 5 18 18 19 8 20 5 8 7 18 6 19 20 8
split_gain=18.0766 17.3545 23.773 21.4808 19.2566 17.5153 47.0121 36.4678 43.643 39.8674 50.0801 57.3204 44.9137 41.9417 48.4419 34.6321 34.6227 34.3665 49.972 84.8421 34.2347 37.2813 29.5742 43.8387 49.244 28.2124 43.4346 47.2151 35.4677 27.8612
threshold=0.90436711907386791 -0.99913862347602833 0.0020640633301809434 1.0000000180025095e-35 0.0024484200403094296 0.99930992722511303 1.0000000180025095e-35 0.99332016706466686 0.95305636525154125 -0.76942089200019825 0.19722913205623629 0.24826665222644809 0.1326885595917702 0.0015381064149551096 -0.22707572579383847 5.4427886009216317 0.0015911907539702954 0.90164175629615795 0.8537760078907014 -0.46368156373500818 7.1360416412353525 0.76942089200019848 0.0010418827296234669 6.6566703319549569 2.0546590089797978 0.71782085299491893 -1.0356436967849729 0.65110388398170482 -1.0000000180025095e-35 -4.2187211513519278
decision_type=2 2 2 2 2 2 2 2 2 2 2 2 2 2 2 2 2 2 2 2 2 2 2 2 2 2 2 2 2 2
left_child=1 2 3 4 -1 7 16 8 17 13 12 -12 -11 -10 -15 -16 -7 18 25 20 -20 -22 23 -13 -25 -3 28 -28 -27 -19
right_child=-2 5 -4 -5 -6 6 -8 -9 9 10 11 22 -14 14 15 -17 -18 29 19 -21 21 -23 -24 24 -26 26 27 -29 -30 -31
leaf_value=-0.001020594574697098 0.0027803873301127657 -7.7711943490271779e-05 -0.011911175268799435 0.008447552727009389 0.021508414388246935 -0.0046213485135955688 0.0099990857451497939 -0.0032362358332750588 -0.0033073722865804458 0.0034789929563249335 -0.0065511696126661582 0.004281314523652757 0.014178610379877284 0.050874379858765667 0.010714174465010051 -0.036376598309621554 0.017552914245328812 -0.0067063870129983718 0.0094530560465493248 0.00011192966887449974 0.014198078144114841 0.071960335127630989 -0.010225805358765822 0.0028266355822093806 0.058366002385830132 -0.0027960004097112414 -0.0018692676582717227 -0.0082352364261291111 0.004722299203798342 -0.0015621817458010947
leaf_weight=10015 31844 1210340 891 11636 371 8854 10859 43774 19719 46423 11686 10322 14622 286 643 148 771 14588 16933 37617 946 208 1306 484 494 11523 81974 12712 17915 63243
leaf_count=10015 31844 1210340 891 11636 371 8854 10859 43774 19719 46423 11686 10322 14622 286 643 148 771 14588 16933 37617 946 208 1306 484 494 11523 81974 12712 17915 63243
internal_value=-1.49721e-05 -3.7591e-05 0.00132894 0.00165289 0 -5.6702e-05 0.00139621 -7.50971e-05 -3.55116e-05 0.000943627 0.00142201 -0.000498106 0.00218609 -0.00101943 0.00858867 0.00221239 -0.00114805 -0.000106301 -4.90588e-05 0.00141821 0.00423232 0.012565 0.00184039 0.00266372 0.0127812 -0.000110306 -0.000828204 -0.00134972 0.000849242 -0.00112873
internal_weight=1.69315e+06 1.6613e+06 22913 22022 10386 1.63839e+06 20484 1.61791e+06 1.57413e+06 106133 85337 24292 61045 20796 1077 791 9625 1.468e+06 1.39017e+06 55704 18087 1154 12606 11300 978 1.33446e+06 124124 94686 29438 77831
internal_count=1693147 1661303 22913 22022 10386 1638390 20484 1617906 1574132 106133 85337 24292 61045 20796 1077 791 9625 1467999 1390168 55704 18087 1154 12606 11300 978 1334464 124124 94686 29438 77831
is_linear=0
shrinkage=0.05


Tree=110
num_leaves=31
num_cat=0
split_feature=9 18 19 8 9 10 10 21 19 18 9 6 8 9 8 8 4 8 2 11 21 10 4 9 4 4 19 4 9 4
split_gain=19.2388 29.008 40.3485 51.53 29.496 27.5983 24.625 23.7831 19.6039 92.9025 42.1768 27.0691 27.3484 27.4298 24.0057 22.9828 23.9197 24.5363 21.4269 21.1361 19.9418 19.7654 18.4777 24.2637 18.4537 20.3719 18.2327 17.9018 17.8653 17.851
threshold=0.00077746369061060261 -0.98035496473312367 -0.14133286476135251 7.5329909324646005 0.0010354014812037351 1.0282146930694582 1.2378053069114687 0.65450850129127514 0.99930992722511303 -1.0000000180025095e-35 5.6667309763724922e-05 -0.47398805618286127 -1.1088169217109678 0.00014397383347386497 14.866724967956545 -4.1453185081481925 0.0001228376277140342 7.5329909324646005 0.00053647669847123336 0.45961867272853857 1.0000000180025095e-35 1.3386096954345705 0.0053789529483765372 0.0005033932684455068 0.0019829864613711838 0.00058627824182622146 -0.63775861263275135 -0.0015328645822592077 0.00020625001343432817 0.0042824114207178363
decision_type=2 2 2 2 2 2 2 2 2 2 2 2 2 2 2 2 2 2 2 2 2 2 2 2 2 2 2 2 2 2
left_child=8 2 3 -2 6 -6 -4 -7 19 11 -11 15 13 -13 -12 -10 27 -18 21 -1 -15 24 -21 -24 25 -14 -25 -17 -22 -8
right_child=1 -3 4 -5 5 7 29 -9 9 10 14 12 18 20 -16 16 17 -19 -20 22 28 -23 23 26 -26 -27 -28 -29 -30 -31
leaf_value=-0.0012448962812320831 0.080547775127347787 -0.0020375611403921552 0.026652604442445049 -0.031002044475638615 -0.021135927907907727 0.0042931236283704653 -0.0071045179657840962 -0.029934732850382215 0.031998593081399407 -0.052696154083100737 -0.0024797157448135489 0.075098064626214822 0.0059394412337697823 0.049799039500806885 0.058598389611544149 -0.03146074213257672 0.042386064150033133 -0.035889340503219916 0.051845376110158048 9.2178537331488736e-05 -0.032139015300176529 0.034190860613207454 -0.030000677859184779 0.0048111816857411508 -0.030343965563064304 0.034118384850894128 0.023702799407533771 -0.0037998111749764085 0.035156672186204031 0.014906605612878376
leaf_weight=128612 254 50036 755 41 349 854 380 56 1119 351 10566 939 3282 156 58 104 271 44 226 1489426 186 419 158 839 43 747 651 2086 94 45
leaf_count=128612 254 50036 755 41 349 854 380 56 1119 351 10566 939 3282 156 58 104 271 44 226 1489426 186 419 158 839 43 747 651 2086 94 45
internal_value=-1.53856e-05 -0.000955088 0.00405999 0.0215254 0.00194752 -0.00337569 0.00762712 0.00120879 1.48441e-05 0.00154415 -0.0016082 0.00510498 0.00714051 0.0133455 -0.0010448 0.00168322 -0.000978044 0.0119048 0.00533178 -4.69227e-06 0.00298165 0.00457582 4.83544e-05 0.00533981 0.00351179 0.00385952 0.00731544 -0.00283105 -0.005 -0.002
internal_weight=1.69315e+06 52770 2734 295 2439 1259 1180 910 1.64038e+06 20691 10975 9716 6092 1375 10624 3624 2505 315 4717 1.61969e+06 436 4491 1.49107e+06 1648 4072 4029 1490 2190 280 425
internal_count=1693147 52770 2734 295 2439 1259 1180 910 1640377 20691 10975 9716 6092 1375 10624 3624 2505 315 4717 1619686 436 4491 1491074 1648 4072 4029 1490 2190 280 425
is_linear=0
shrinkage=0.05


Tree=111
num_leaves=31
num_cat=0
split_feature=9 1 5 18 18 19 18 9 20 8 15 8 19 19 4 19 19 9 5 20 9 8 18 18 18 18 18 18 9 7
split_gain=18.2668 28.7453 22.7184 75.5624 31.134 40.9317 32.0044 42.2329 48.0207 31.9901 29.4289 28.2362 27.3572 53.4343 37.0113 28.496 47.3889 28.0485 29.137 26.2194 53.3313 50.594 60.8754 38.1522 37.7056 51.7153 58.7805 107.339 37.4305 49.083
threshold=0.00028404031763784593 0.0001913721862365492 0.0011275011929683389 -0.13701201975345609 -0.55738157033920277 -0.66750615835189808 -0.70556074380874623 0.00014523520803777504 -1.0000000180025095e-35 -10.891653537750242 0.49442242085933691 -2.9954484701156612 0.98995971679687511 0.91618576645851146 -0.00022142596571939063 0.23556562513113025 0.38469719886779791 0.00022140149667393419 0.0021165247308090334 -1.0000000180025095e-35 0.00022020580945536497 -6.0223786830902091 -0.29862368106842035 -0.38066601753234858 -0.96868926286697377 -0.71477618813514698 -0.56820151209831227 -0.49052239954471583 0.000126842234749347 1.3935868144035342
decision_type=2 2 2 2 2 2 2 2 2 2 2 2 2 2 2 2 2 2 2 2 2 2 2 2 2 2 2 2 2 2
left_child=1 2 19 4 5 -4 7 8 -7 -6 -8 -5 13 15 -14 -13 -17 -16 -19 20 21 22 23 -1 28 -26 -27 -28 29 -23
right_child=-2 -3 3 11 9 6 10 -9 -10 -11 -12 12 14 -15 17 16 -18 18 -20 -21 -22 24 -24 -25 25 26 27 -29 -30 -31
leaf_value=-0.0022173017858983959 -0.00042568924889053729 0.0014726829146478162 0.054536572028876143 0.020408668784658898 -0.075862331055907575 0.04908076725213735 0.01294028200204468 0.0031689334506133093 0.010399188760582517 0.016319813471240487 -0.016907001414021527 0.00081742728572664625 -0.034381822014079182 0.01317304079041366 -0.010863122444442553 -0.019257046270172318 -0.0025021860912598781 0.018207525464813364 -0.021423056652250153 0.00029419704250288061 -0.0034578888129317754 0.029862964680830453 0.010903492478198808 -0.044286396650501748 0.0040444359084404078 -0.0090434704933656362 0.031045498438840594 -0.0011744416418838167 -0.0092388550654267654 -0.025963471941070182
leaf_weight=8062 637835 196211 396 890 32 944 729 21635 1762 5471 1664 33993 347 3606 2765 2505 17262 646 257 476046 69976 1210 15170 132 27504 8643 3555 143420 9916 563
leaf_count=8062 637835 196211 396 890 32 944 729 21635 1762 5471 1664 33993 347 3606 2765 2505 17262 646 257 476046 69976 1210 15170 132 27504 8643 3555 143420 9916 563
internal_value=-1.39681e-05 0.00011371 -1.09999e-05 0.000718621 0.00266755 0.00197199 0.00173562 0.00227805 0.00816704 0.00609667 -0.00378186 -0.000302709 -0.000430915 -0.000151658 -0.00442092 -0.000546875 -0.00205646 -0.00294438 0.00470653 -0.00010161 -0.000478048 -9.28154e-05 0.0021058 -0.00136685 -0.000356499 -0.000180754 -0.000534 -0.00029835 -0.00310976 0.0035815
internal_weight=1.69315e+06 1.05531e+06 859101 94904 32633 27130 26734 24341 2706 5503 2393 62271 61381 57366 4015 53760 19767 3668 903 764197 288151 218175 23364 8194 194811 183122 155618 146975 11689 1773
internal_count=1693147 1055312 859101 94904 32633 27130 26734 24341 2706 5503 2393 62271 61381 57366 4015 53760 19767 3668 903 764197 288151 218175 23364 8194 194811 183122 155618 146975 11689 1773
is_linear=0
shrinkage=0.05


Tree=112
num_leaves=31
num_cat=0
split_feature=14 9 6 12 16 8 19 19 19 3 6 16 18 18 10 10 15 8 4 19 17 7 13 15 19 4 18 10 10 18
split_gain=17.6461 19.6568 14.3072 14.2968 17.5424 16.2869 23.3246 17.6249 19.8783 17.5454 16.3518 19.7587 16.803 15.1009 15.9291 15.0028 18.7246 20.8801 16.6772 14.0027 13.7862 16.7905 13.7784 13.5728 19.4074 18.7105 23.6487 23.4386 20.0874 18.3608
threshold=0.11312538385391237 0.00016325376782333481 4.1726610660552987 -0.16699837893247602 0.94916132092475902 0.75275278091430675 0.97581917047500621 0.95819556713104259 -0.45204447209835047 -0.002735299058258533 -1.3001590967178343 1.0527542233467104 -0.063225833699107156 0.21004468202590945 0.72079914808273327 0.79213145375251781 0.37932157516479498 -8.4983654022216779 -0.00088018158567138005 -0.38066601753234858 1.2482259869575503 -3.7172652482986446 0.010746698826551439 0.68934604525566112 0.82535797357559215 0.00071875244611874234 0.77851521968841564 1.2682479619979861 1.4578608870506289 0.97081890702247631
decision_type=2 2 2 2 2 2 2 2 2 2 2 2 2 2 2 2 2 2 2 2 2 2 2 2 2 2 2 2 2 2
left_child=2 23 -1 5 -5 6 7 8 -3 -8 11 -11 -12 14 -9 16 22 18 -18 -10 21 -7 -6 -2 25 28 -27 29 -25 -28
right_child=1 3 -4 4 15 20 9 13 19 10 12 -13 -14 -15 -16 -17 17 -19 -20 -21 -22 -23 -24 24 -26 26 27 -29 -30 -31
leaf_value=-0.00045685179716579153 0.00098183298326114392 0.0015099492931742453 0.0079549311787886767 -0.00029721434362698366 -0.0077147457814886744 -0.026325810302869648 -0.034320229382271937 -0.067223803936289933 -0.0055158576882295531 0.012968823361104654 -0.019146041524297441 -0.0070445612262773133 -0.0044880872477648381 0.014446889506830497 -0.0010697043982711486 0.00069887935270483985 0.018864879360573236 0.0033373564360780097 -0.017540027194474502 -0.00051185055402247492 -0.0032075450713348721 -0.00075697586225342839 0.015217088636516607 0.004122618647352594 0.0097739626386567306 0.0014129459032829585 -0.022895931300527902 0.026120505693579502 0.054035877161426583 -0.005326796238799736
leaf_weight=734653 182054 79968 3672 214434 365 185 121 28 5717 827 995 1649 2277 1846 586 221035 238 15536 806 77739 36435 79887 2983 14355 8853 3527 1250 176 58 892
leaf_count=734653 182054 79968 3672 214434 365 185 121 28 5717 827 995 1649 2277 1846 586 221035 238 15536 806 77739 36435 79887 2983 14355 8853 3527 1250 176 58 892
internal_value=-1.57399e-05 0.000126202 -0.000199302 5.31159e-06 0.000179733 -0.000270242 3.93006e-05 0.000148899 8.56667e-05 -0.00305844 -0.0026618 0.000403877 -0.00498166 0.00434959 -0.002443 0.000472479 0.00178643 0.00109771 -0.00574713 -0.000454132 -0.000726566 -0.000359676 0.00519713 0.000551938 0.0015544 0.000700958 -0.0016852 -0.00560828 0.00166863 -0.00704949
internal_weight=1.69315e+06 954822 738325 743657 455397 288260 171753 165884 163424 5869 5748 2476 3272 2460 614 240963 19928 16580 1044 83456 116507 80072 3348 211165 29111 20258 5845 2318 14413 2142
internal_count=1693147 954822 738325 743657 455397 288260 171753 165884 163424 5869 5748 2476 3272 2460 614 240963 19928 16580 1044 83456 116507 80072 3348 211165 29111 20258 5845 2318 14413 2142
is_linear=0
shrinkage=0.05


Tree=113
num_leaves=31
num_cat=0
split_feature=11 19 18 7 8 8 8 17 5 5 8 5 7 19 5 6 18 18 8 7 18 6 5 6 19 18 18 18 20 8
split_gain=16.9625 16.0959 84.108 29.4584 38.1271 32.7433 24.2067 22.6744 21.1033 21.0382 20.6698 22.3627 22.7328 20.4358 27.2395 30.6436 42.2554 28.3036 25.5379 23.5466 24.8357 22.6065 20.9442 20.6695 21.0647 78.0262 276.396 102.621 60.599 51.8875
threshold=3.2541915178298955 0.99930992722511303 -1.0000000180025095e-35 0.046437826007604606 4.5471911430358896 -1.5655725002288816 14.866724967956545 1.3601613044738772 -0.0064223564695566884 -0.0010579756926745174 -5.1637113094329825 -0.0013700866256840525 -3.1610665321350093 0.995182365179062 -0.00057937591918744136 0.47052986919879919 0.02835773024708033 -0.063225833699107156 -3.4903905391693111 -1.4887700676918028 -0.063225833699107156 3.0252190828323369 0.003732264158315957 -3.6927522420883174 0.83985477685928356 0.19722913205623629 0.26092512905597692 -0.50941574573516835 -0.76942089200019825 1.2469815611839297
decision_type=2 2 2 2 2 2 2 2 2 2 2 2 2 2 2 2 2 2 2 2 2 2 2 2 2 2 2 2 2 2
left_child=1 13 3 4 10 9 8 -7 -4 -5 -3 12 -12 23 -15 19 17 21 -19 -16 -21 -17 -20 -1 -25 27 -27 28 -26 -29
right_child=-2 2 6 5 -6 7 -8 -9 -10 -11 11 -13 -14 14 15 16 -18 18 22 20 -22 -23 -24 24 25 26 -28 29 -30 -31
leaf_value=0.0055551888171261558 0.0065621342760036061 0.038387186009051603 -0.047725915312775855 -0.061282030377681831 -0.047066186009857548 0.013461266722943966 0.055806032973969348 0.038038103888893171 -0.003825637687942285 0.098901507906225983 0.037693338425249294 0.0056116878978905056 -0.040500575893277047 0.0033202730196680743 -0.00075848682299675674 -0.00358941981510601 -0.0066729176371413514 0.10360861757134605 0.01427426308741412 -0.016469737251451313 -0.0061354827672581271 0.045885743971312933 0.051899292266309786 -0.00020788403068541241 0.091494505051959052 0.023032491688100145 0.00041618521835371517 -0.0039679561771497288 0.0091579675282990498 0.00070542575537264624
leaf_weight=11073 6846 1037 34 27 224 3707 60 933 10769 514 59 3149 172 6716 4302 3065 5957 117 2554 3580 7731 297 82 1413615 1354 18014 86793 53122 5731 41513
leaf_count=11073 6846 1037 34 27 224 3707 60 933 10769 514 59 3149 172 6716 4302 3065 5957 117 2554 3580 7731 297 82 1413615 1354 18014 86793 53122 5731 41513
internal_value=-1.52084e-05 -2.5292e-05 0.00136089 0.00471391 0.00182073 0.00730554 -0.00167081 0.00594828 -0.00184671 0.0189464 0.00284129 0.000946746 -0.0140693 -4.25068e-05 -0.00124851 -0.00194148 -4.97018e-05 0.00286999 0.00662913 -0.00340421 -0.00460172 -0.000208209 0.00561457 -1.70732e-05 -3.17873e-05 0.000439894 0.00139733 -0.000546599 0.00525759 -0.000981138
internal_weight=1.69315e+06 1.6863e+06 20685 9822 4641 5181 10863 4640 10803 541 4417 3380 231 1.66562e+06 34401 27685 12072 6115 2753 15613 11311 3362 2636 1.63122e+06 1.62014e+06 206527 104807 101720 7085 94635
internal_count=1693147 1686301 20685 9822 4641 5181 10863 4640 10803 541 4417 3380 231 1665616 34401 27685 12072 6115 2753 15613 11311 3362 2636 1631215 1620142 206527 104807 101720 7085 94635
is_linear=0
shrinkage=0.05


Tree=114
num_leaves=31
num_cat=0
split_feature=15 10 10 15 18 18 8 5 9 5 18 9 15 5 9 8 6 9 18 4 5 5 20 8 8 6 7 20 20 8
split_gain=17.0121 35.9606 19.3771 24.5612 21.8905 30.2693 22.9934 30.6341 27.0129 22.1738 25.2225 53.126 24.8301 24.7709 24.6879 25.9653 29.5872 34.8003 27.7771 31.7446 27.0096 25.2716 24.4432 22.0914 31.7701 21.8267 31.2529 25.3093 21.1376 20.9626
threshold=0.1448880732059479 0.5111239254474641 0.65946215391159069 0.82398086786270153 0.17149884253740313 0.24826665222644809 -1.0576240420341489 0.0061428435146808633 0.00028237570950295782 -9.0871410066029043e-05 -0.13701201975345609 0.00066862133098766219 0.51580759882926952 0.0079095256514847296 0.00066862133098766219 6.2402935028076181 -1.2349085807800291 4.8490544941159903e-05 -0.071932479739189134 -8.8904282165458412e-05 0.0005407659336924554 0.00047273193194996571 -1.0000000180025095e-35 -7.4728212356567374 2.6308180093765263 -0.99671608209609974 -0.38012987375259394 -1.0000000180025095e-35 -1.0000000180025095e-35 -10.891653537750242
decision_type=2 2 2 2 2 2 2 2 2 2 2 2 2 2 2 2 2 2 2 2 2 2 2 2 2 2 2 2 2 2
left_child=1 -1 3 4 9 23 25 8 -8 -2 11 12 -11 -14 15 18 -17 20 19 28 -18 -21 -19 -6 -25 -7 29 -28 -12 -27
right_child=2 -3 -4 -5 5 6 7 -9 -10 10 14 -13 13 -15 -16 16 17 22 -20 21 -22 -23 -24 24 -26 26 27 -29 -30 -31
leaf_value=-0.065393737752621736 -0.0030325823757465066 0.0040322709574003362 -0.00012695622971492515 0.02041082755479311 0.21545016858914137 0.025469927306408659 0.0023120699687809057 0.058765380596347873 -0.018732646916018402 0.014345532286953344 0.0058976734277551126 -0.02870595481348889 0.0019283990134464357 -0.04619503120565821 0.037722648504976419 -0.053763729395277716 0.077819920774038473 -0.065137009182783298 0.015589651681637985 -0.02017700987316913 -0.13990989390967706 0.035902384985453221 -0.012360821449382865 0.002394016379262709 0.1362973382377938 -0.025467661876970717 0.041639003721428175 0.0071539032023238639 -0.049170650005441296 0.00067547761521582486
leaf_weight=104 16060 19762 1620766 1518 98 1634 7533 45 677 6768 73 264 7737 68 78 139 162 256 1492 472 47 254 959 489 289 445 844 1600 288 2226
leaf_count=104 16060 19762 1620766 1518 98 1634 7533 45 677 6768 73 264 7737 68 78 139 162 256 1492 472 47 254 959 489 289 445 844 1600 288 2226
internal_value=-1.49131e-05 0.00143965 -3.21823e-05 0.000913072 0.000726513 0.002267 0.00173954 -3.02847e-05 -0.000255786 2.99e-05 0.00118329 0.0021534 0.0025561 0.000634209 -0.00222749 -0.00275229 -0.00783749 -0.0056882 0.000329585 -0.00574977 0.0131579 0.000275482 -0.00893004 0.0113014 0.00848329 0.00390428 0.00229717 0.00638298 -0.017867 -0.00144141
internal_weight=1.69315e+06 19866 1.67328e+06 52515 50997 15880 15004 8255 8210 35117 19057 14837 14573 7805 4220 4142 1563 1424 2579 1087 209 726 1215 876 778 6749 5115 2444 361 2671
internal_count=1693147 19866 1673281 52515 50997 15880 15004 8255 8210 35117 19057 14837 14573 7805 4220 4142 1563 1424 2579 1087 209 726 1215 876 778 6749 5115 2444 361 2671
is_linear=0
shrinkage=0.05


Tree=115
num_leaves=31
num_cat=0
split_feature=19 18 12 8 9 20 4 18 19 9 18 18 20 19 19 9 5 18 4 19 20 8 8 9 7 2 5 2 5 8
split_gain=16.3002 20.9163 17.4865 16.9769 16.893 40.71 17.4859 16.4429 39.1922 32.9039 31.7788 45.7921 51.6686 58.5366 50.0667 47.4431 45.1071 38.1523 57.9749 36.692 36.1663 37.0494 35.9285 36.4634 30.0959 29.1669 26.5657 28.499 26.0153 26.005
threshold=-0.99959546327590931 1.0000000180025095e-35 1.9925858378410342 -10.28252601623535 0.00016435974976047876 -0.76942089200019825 -0.00061772466870024789 0.99930992722511303 1.0000000180025095e-35 0.00010507710976526143 0.99332016706466686 0.95819556713104259 -0.76942089200019825 0.18437977880239489 0.1326885595917702 0.00095155177405104052 0.0014919232926331463 0.97948506474494945 -0.0002477773959981277 0.24826665222644809 1.0000000180025095e-35 10.890838146209719 -3.6793740987777706 0.00013087081606499853 -3.0494977235794063 0.00062321071163751196 0.0005407659336924554 -0.00043959145841654385 0.0039917323738336572 5.1614484786987314
decision_type=2 2 2 2 2 2 2 2 2 2 2 2 2 2 2 2 2 2 2 2 2 2 2 2 2 2 2 2 2 2
left_child=1 3 7 -1 5 -3 -7 10 9 -9 11 -2 16 14 15 17 -13 18 25 -15 22 -22 -20 -24 -19 -14 -16 -28 -12 -11
right_child=2 4 -4 -5 -6 6 -8 8 -10 29 28 12 13 19 26 -17 -18 24 20 -21 21 -23 23 -25 -26 -27 27 -29 -30 -31
leaf_value=-0.050775740532209894 -0.00019240607590895742 -0.022696581397261495 0.004445817133398311 -0.00062653018672098604 0.0058514986471647993 0.08086973137953031 0.025488883052842051 -0.032647073668206128 0.0090177300006676116 -0.0030765866028551248 -0.0027434498041086111 -0.0044036005200809745 -0.0013225000075013816 -0.0044720098115447636 0.021999288451296263 -0.027132028845198625 0.012046518081717462 0.01608141983487894 0.0686643934924248 0.0052433812371726731 0.0092166405977262 -0.056450956372263418 0.062565599163749139 0.01473329820403293 -0.00017466073730434408 0.029726508852933931 -0.034421444345618182 0.0064671577587283816 -0.025135017645493085 0.01550996558666189
leaf_weight=52 1501219 250 13095 7370 7262 128 1017 572 11023 7891 43885 17079 7305 14752 8727 228 2031 1909 418 8835 6016 68 359 5211 21503 250 115 2968 298 1311
leaf_count=52 1501219 250 13095 7370 7262 128 1017 572 11023 7891 43885 17079 7305 14752 8727 228 2031 1909 418 8835 6016 68 359 5211 21503 250 115 2968 298 1311
internal_value=-1.40271e-05 0.00157037 -2.92177e-05 -0.000377257 0.00324015 0.00827957 0.0122707 -4.35404e-05 0.00135356 -0.000951504 -6.12229e-05 -2.46718e-05 0.00102379 0.00159031 0.00248289 0.00169529 -0.00130822 0.00181579 0.00344169 -0.000493916 0.00559145 0.0028764 0.00835003 0.00728905 0.000452759 6.61813e-06 0.00536833 0.00137853 -0.00138402 -0.000228211
internal_weight=1.69315e+06 16079 1.67707e+06 7422 8657 1395 1145 1.66397e+06 20797 9774 1.64318e+06 1.59899e+06 97774 78664 55077 43267 19110 43039 19627 23587 12072 6084 5988 5570 23412 7555 11810 3083 44183 9202
internal_count=1693147 16079 1677068 7422 8657 1395 1145 1663973 20797 9774 1643176 1598993 97774 78664 55077 43267 19110 43039 19627 23587 12072 6084 5988 5570 23412 7555 11810 3083 44183 9202
is_linear=0
shrinkage=0.05


Tree=116
num_leaves=31
num_cat=0
split_feature=14 12 15 5 18 10 18 7 17 5 18 8 19 5 19 6 18 6 15 7 19 21 18 6 19 17 7 8 6 12
split_gain=15.9504 16.0156 16.7929 16.0846 17.5546 15.5108 25.8663 24.473 22.7811 15.5001 22.7413 19.8818 16.6658 14.3392 18.1963 13.4585 12.9403 12.7634 13.0459 15.9793 16.611 13.1306 25.5266 16.5317 12.1815 25.7807 18.1981 14.3738 21.0591 18.5491
threshold=0.11312538385391237 0.47106896340847021 0.24673197418451312 -0.0015716081252321599 -0.99913862347602833 1.2435755133628847 -0.98285266757011402 3.578978538513184 3.176715731620789 0.0025335021782666449 -0.93279412388801564 9.7590799331665057 0.19722913205623629 -0.0083811949007213098 0.67074871063232433 4.1726610660552987 -0.8959035575389861 -2.6661581993103023 0.4825724065303803 -2.9943220615386958 0.46754305064678198 0.65450850129127514 -0.38066601753234858 -1.1934538483619688 -0.99428912997245777 0.67374724149703991 0.81541565060615551 -6.8756659030914298 -0.14769656211137769 -1.1767993569374082
decision_type=2 2 2 2 2 2 2 2 2 2 2 2 2 2 2 2 2 2 2 2 2 2 2 2 2 2 2 2 2 2
left_child=15 2 -2 4 -3 8 7 -7 13 -8 11 12 -11 14 17 24 -12 -4 21 -20 -21 -19 -23 -24 25 26 -1 28 29 -27
right_child=1 3 5 -5 -6 6 9 -9 -10 10 16 -13 -14 -15 -16 -17 -18 18 19 20 -22 22 23 -25 -26 27 -28 -29 -30 -31
leaf_value=0.0044193839896862598 0.0020677544473735598 0.022669421665287483 0.025736962631117383 0.0015196116814407579 -0.0020651013559401911 -0.0087388788533681819 -0.00066870080895812265 0.012945565380514024 0.012883514719144241 0.041284102076519169 -0.021040749964550787 -0.030754370707647218 0.0049601989533728189 9.0457203197003011e-05 -0.032215950975309639 0.0072774566593966699 -0.0051498904176433217 -0.008590106662221408 0.027991029916068829 -0.010460738404313065 0.047048001775867945 -0.036328174690248419 0.11664160485122306 -0.034065609078015688 -0.0005151694287040987 -0.019691691440571958 0.022008530913313284 -0.00023005748646083292 -0.030322166988645583 0.036191776479938015
leaf_weight=2614 57848 308 90 150253 18843 2597 76153 252 1927 157 142 22 173 637509 159 3672 6659 916 176 429 24 107 40 38 709056 163 1676 20241 165 738
leaf_count=2614 57848 308 90 150253 18843 2597 76153 252 1927 157 142 22 173 637509 159 3672 6659 916 176 429 24 107 40 38 709056 163 1676 20241 165 738
internal_value=-1.27278e-05 0.000122222 2.71193e-05 0.000563151 -0.000801525 -3.80719e-05 -0.000667982 -0.00535276 4.65377e-05 -0.000507767 -0.00273312 0.00965909 0.0127273 3.01804e-05 -0.0042193 -0.000187248 -0.0033745 -0.0028022 -0.00375723 0.00198728 -0.00298013 -0.00703906 -0.0191892 0.0025641 -0.00020234 0.000869242 0.00440559 0.000157225 0.00581614 0.00882353
internal_weight=1.69315e+06 954822 785418 169404 19151 727570 86155 2849 641415 83306 7153 352 330 639488 1979 738325 6801 1820 1730 629 453 1101 185 78 734653 25597 4290 21307 1066 901
internal_count=1693147 954822 785418 169404 19151 727570 86155 2849 641415 83306 7153 352 330 639488 1979 738325 6801 1820 1730 629 453 1101 185 78 734653 25597 4290 21307 1066 901
is_linear=0
shrinkage=0.05


Tree=117
num_leaves=31
num_cat=0
split_feature=19 18 9 19 18 21 18 18 21 9 20 19 19 19 18 18 9 18 18 19 8 18 19 20 4 18 18 18 7 20
split_gain=15.6706 97.6227 93.855 78.7158 78.0264 73.1485 70.1154 89.612 77.0505 55.4504 52.9799 69.1968 52.4813 45.5311 77.0891 67.3747 59.4621 49.0036 79.3554 74.6705 128.543 103.631 66.92 67.9408 58.7818 74.3904 110.765 72.5658 57.4335 50.0122
threshold=-0.8959035575389861 -0.20577672123908994 0.00037419672298710799 -0.92304024100303639 -0.31523424386978144 0.65450850129127514 0.38469719886779791 0.31109040975570684 0.65450850129127514 8.8437478552805273e-05 -1.0000000180025095e-35 -0.94622433185577381 -0.8153785467147826 -0.71477618813514698 0.57892408967018139 0.61048936843872081 0.00029609673947561538 -0.063225833699107156 -1.0000000180025095e-35 0.69934985041618358 0.24762461334466937 -0.65770241618156422 0.65110388398170482 -0.76942089200019825 0.00041768173105083411 -0.55738157033920277 -0.26513479650020594 -0.18008953332900998 -1.1068398356437681 -1.0000000180025095e-35
decision_type=2 2 2 2 2 2 2 2 2 2 2 2 2 2 2 2 2 2 2 2 2 2 2 2 2 2 2 2 2 2
left_child=1 2 3 4 5 -1 7 -3 -8 -9 11 -4 -2 14 16 -16 -14 19 -19 22 21 -21 -15 -24 -22 -26 -27 -28 -25 -29
right_child=12 6 10 -5 -6 -7 8 9 -10 -11 -12 -13 13 17 15 -17 -18 18 -20 20 24 -23 23 28 25 26 27 29 -30 -31
leaf_value=0.048302165806174739 -0.0024838487095932785 -0.00023990727623300902 -0.0037136875347878518 -0.0091930991824023377 0.0080621152763486591 0.00032191818138587185 0.0023254300536243665 -0.07625583193994212 0.022941272071932334 -0.0067880770808469663 -0.001921096051959531 0.0098700730415283381 0.030226617911834099 -0.00049673890962685381 -0.0075530001686844039 0.0015955052095372791 0.0049057047391417481 0.010592653565213129 0.0002558134910274068 -0.013102994678655423 -0.0022071381150612023 -0.0048481247248103434 0.02083815580131523 -0.0060143164555721664 -0.0057762222953379183 0.022369709106708185 -0.0056347686224450279 0.028293704692126616 0.0088755548245364416 0.0059113926225008058
leaf_weight=5840 89054 148419 6498 2444 18231 1758 14858 133 3688 22129 25122 11845 2485 421052 11132 33388 42037 17259 671280 7961 39290 54459 3539 4968 5932 6204 5300 1192 9446 6204
leaf_count=5840 89054 148419 6498 2444 18231 1758 14858 133 3688 22129 25122 11845 2485 421052 11132 33388 42037 17259 671280 7961 39290 54459 3539 4968 5932 6204 5300 1192 9446 6204
internal_value=-1.16647e-05 0.000344682 0.0019153 0.00415768 0.00496922 0.00922611 -0.000250757 -0.000568019 0.00266904 -0.00352619 0.000456689 0.00249959 -7.65964e-05 1.34016e-06 0.00109387 -0.000377358 0.00256502 -7.62308e-05 0.000207033 -0.000421097 -0.0014912 -0.00310638 -0.000112641 0.00287696 8.10954e-05 0.00198534 0.00351852 0.000842785 0.00135285 0.00404273
internal_weight=1.69315e+06 260965 71738 28273 25829 7598 189227 170681 18546 22262 43465 18343 1.43218e+06 1.34313e+06 89042 44520 44522 1.25409e+06 688539 565547 126542 62420 439005 17953 64122 24832 18900 12696 14414 7396
internal_count=1693147 260965 71738 28273 25829 7598 189227 170681 18546 22262 43465 18343 1432182 1343128 89042 44520 44522 1254086 688539 565547 126542 62420 439005 17953 64122 24832 18900 12696 14414 7396
is_linear=0
shrinkage=0.05


Tree=118
num_leaves=31
num_cat=0
split_feature=9 18 19 8 9 10 21 10 15 10 15 19 18 5 5 19 9 5 6 19 7 3 7 15 9 20 7 9 9 5
split_gain=16.1352 27.2254 33.2033 48.2263 27.3777 26.4318 21.482 20.7464 18.144 17.3474 22.3682 20.4833 20.2711 29.5614 25.7124 27.9056 26.8068 25.1264 21.6699 21.2162 26.1763 22.0078 20.3583 20.2962 19.3554 30.9122 26.7306 21.6217 21.0366 20.8932
threshold=0.00077746369061060261 -0.98035496473312367 -0.14133286476135251 7.5329909324646005 0.0010354014812037351 1.0282146930694582 0.65450850129127514 1.2378053069114687 0.28948488831520086 0.65946215391159069 0.82398086786270153 0.98868870735168468 -0.55738157033920277 0.0079095256514847296 -0.00030084009631536896 0.67074871063232433 4.8490544941159903e-05 -0.003760276129469275 -0.19140207767486569 0.58954745531082164 2.4883987903594975 -0.00064187977113760997 3.1633805036544804 0.25651931762695318 0.00010683035361580552 0.76942089200019848 2.4883987903594975 4.8490544941159903e-05 7.7547047112602754e-05 0.0002398799188085832
decision_type=2 2 2 2 2 2 2 2 2 2 2 2 2 2 2 2 2 2 2 2 2 2 2 2 2 2 2 2 2 2
left_child=9 2 3 -2 7 -6 -7 8 -4 10 11 12 13 14 15 16 -1 -18 -16 20 -19 -21 -15 -20 25 -13 28 -28 29 -27
right_child=1 -3 4 -5 5 6 -8 -9 -10 -11 -12 24 -14 22 18 -17 17 19 23 21 -22 -23 -24 -25 -26 26 27 -29 -30 -31
leaf_value=0.050958294357297866 0.076651326176449347 -0.0018943969047876263 0.097559313068643599 -0.029330857465821859 -0.019973321854818194 0.0041995522329867589 -0.028316911421828284 -0.0011594224840519752 0.02278304014786723 -2.8383398314457686e-05 0.01956200893157356 -0.0090349394157644321 0.0063323611162626643 0.042365861134596061 0.011381888428297061 -0.013305736503207044 0.015698384035496459 -0.010092548476789821 -0.1561985275606827 -0.047814257132288179 0.077568978127161889 0.018798079399745583 -0.054555310048460585 0.00040043140953358595 -0.012598891625812415 0.010175237860421583 0.10002730485592992 0.054638416601040435 0.032282340310104088 -0.044855695426705755
leaf_weight=157 254 50036 69 41 349 854 56 425 686 1587800 1489 2815 22004 20 4807 3469 749 3477 24 59 72 883 91 8835 2419 407 79 138 387 196
leaf_count=157 254 50036 69 41 349 854 56 425 686 1587800 1489 2815 22004 20 4807 3469 749 3477 24 59 72 883 91 8835 2419 407 79 138 387 196
internal_value=-1.11331e-05 -0.000871707 0.00398683 0.0198305 0.00207052 -0.00305798 0.00142857 0.00754237 0.0125166 1.65511e-05 0.000910094 0.000734028 0.0011143 6.40375e-05 0.00019084 -0.00190616 0.000342783 -0.000267176 0.0015513 -0.00168114 -0.00345168 0.00498938 -0.0256757 8.46597e-05 -0.00190188 0.000223769 0.00691798 0.0228111 0.00343434 -0.00240464
internal_weight=1.69315e+06 52770 2734 295 2439 1259 910 1180 755 1.64038e+06 52577 51088 44647 22643 22532 8866 5397 5240 13666 4491 3549 942 111 8859 6441 4022 1207 217 990 603
internal_count=1693147 52770 2734 295 2439 1259 910 1180 755 1640377 52577 51088 44647 22643 22532 8866 5397 5240 13666 4491 3549 942 111 8859 6441 4022 1207 217 990 603
is_linear=0
shrinkage=0.05


Tree=119
num_leaves=31
num_cat=0
split_feature=14 1 6 10 21 5 8 4 4 8 15 7 10 17 8 4 17 15 10 5 8 5 7 21 3 5 13 5 5 21
split_gain=15.6047 16.6759 14.7735 16.2043 20.0235 24.9037 38.7103 26.478 23.5675 32.6121 23.437 22.5181 26.9602 22.0319 19.9953 19.0654 28.33 22.4634 22.2203 27.3247 19.0277 32.6756 30.8378 25.2915 21.9575 21.6641 18.9297 18.2357 17.9617 31.1011
threshold=0.90436711907386791 0.00038145655707921838 -4.1366701126098624 1.1506686806678774 0.65450850129127514 -0.0018753996700979767 -1.1601027846336363 -0.0030747189885005351 0.0013481228379532697 3.1427574157714848 0.24673197418451312 2.1560924053192143 1.3588945865631106 1.2147424817085268 -3.1771898269653316 0.0016783093451522293 0.74899110198020946 0.52252283692359935 0.81751620769500744 0.0035241066943854098 7.8286123275756845 0.0043213439639657744 0.18931237608194354 1.0000000180025095e-35 0.00036894426739308989 0.0079095256514847296 0.87033265829086315 -0.00028867715445812786 0.0079095256514847296 1.0000000180025095e-35
decision_type=2 2 2 2 2 2 2 2 2 2 2 2 2 2 2 2 2 2 2 2 2 2 2 2 2 2 2 2 2 2
left_child=2 -2 -1 15 20 7 26 13 9 -8 14 12 -10 -6 -9 28 17 -17 19 -19 21 -5 -23 24 25 -24 -7 -11 -4 -30
right_child=1 -3 3 4 5 6 8 10 11 27 -12 -13 -14 -15 -16 16 -18 18 -20 -21 -22 22 23 -25 -26 -27 -28 -29 29 -31
leaf_value=0.0070771105699984687 0.0015965817575806841 0.0099110544675043554 -7.9763891736361895e-06 -0.00031568071293179849 -0.01399193615384688 -0.0060105977970763783 -0.0019796491214088665 0.022366023286399098 -0.0023083407574632678 0.018848505986436084 0.0030885156564037122 -0.0077549248035691633 0.019207029468869104 0.00091452836760755329 -0.014711668432888425 -0.0018546659815868339 0.00042811183857178748 -0.002093824049956017 0.0094195634379021786 0.018124108259323448 0.0040210825821675681 0.060539767176164161 -0.0032214352872160347 -0.0017091757750747672 -0.013385103703136081 0.074882366930617811 -0.021218870092929734 0.0049522418251719659 0.0079873517003727027 -0.02070726086320103
leaf_weight=5856 29066 2778 1230714 262003 790 18123 21221 1091 1096 301 4895 6946 474 1696 120 4303 60021 4998 11292 933 9540 81 208 2741 2357 46 326 8088 351 692
leaf_count=5856 29066 2778 1230714 262003 790 18123 21221 1091 1096 301 4895 6946 474 1696 120 4303 60021 4998 11292 933 9540 81 208 2741 2357 46 326 8088 351 692
internal_value=-9.83376e-06 0.00108655 -3.08493e-05 -3.97174e-05 -0.0003462 -0.00113478 -0.00151569 0.00137337 -0.000605886 6.07903e-05 0.00314445 -0.00292391 0.00248408 -0.00297667 0.00937242 4.01278e-05 0.000780531 0.00233671 0.00314405 0.000665992 -0.000160664 -0.000238936 -0.00407694 -0.00454036 -0.00806205 0.00590551 -0.00339585 0.00269996 -8.88974e-06 -0.00656759
internal_weight=1.69315e+06 31844 1.6613e+06 1.65545e+06 342143 65167 56575 8592 38126 29610 6106 8516 1570 2486 1211 1.3133e+06 81547 21526 17223 5931 276976 267436 5433 5352 2611 254 18449 8389 1.23176e+06 1043
internal_count=1693147 31844 1661303 1655447 342143 65167 56575 8592 38126 29610 6106 8516 1570 2486 1211 1313304 81547 21526 17223 5931 276976 267436 5433 5352 2611 254 18449 8389 1231757 1043
is_linear=0
shrinkage=0.05


Tree=120
num_leaves=31
num_cat=0
split_feature=8 19 9 20 9 19 21 9 19 10 18 18 18 5 19 5 20 5 6 9 15 5 5 15 5 19 6 21 18 18
split_gain=14.8963 23.0649 20.4429 24.0666 22.2743 38.6519 28.495 26.094 23.3637 19.3989 36.1934 35.6725 19.2099 28.017 32.1792 18.2451 24.6919 31.8373 25.4958 25.1673 17.77 19.293 17.5865 17.5065 18.8856 15.4803 22.7703 15.4867 19.7832 15.5152
threshold=-13.293497562408445 -0.94190874695777882 4.8490544941159903e-05 -1.0000000180025095e-35 0.00037740665720775729 -0.18437977880239484 0.65450850129127514 0.00026488256116863346 0.78396254777908336 0.85487139225006115 -0.92799669504165638 -0.86493045091629017 0.9179256558418275 -0.0001808270390029065 0.15858851373195651 -0.003760276129469275 -0.76942089200019825 -0.0014010046725161371 -2.5888004302978511 0.0002758622140390799 0.45512989163398748 -0.0064223564695566884 0.0013194317580200734 0.44298689067363745 -0.00055039170547388483 0.99799686670303356 -1.0160921216011045 0.65450850129127514 -0.99674141407012928 0.84688794612884533
decision_type=2 2 2 2 2 2 2 2 2 2 2 2 2 2 2 2 2 2 2 2 2 2 2 2 2 2 2 2 2 2
left_child=1 -1 3 -3 5 6 15 -8 9 11 -11 -6 22 14 -14 -4 17 19 -18 -17 -13 -22 25 -5 -25 27 -27 29 -29 -7
right_child=-2 2 4 23 8 12 7 -9 -10 10 -12 20 13 -15 -16 16 18 -19 -20 -21 21 -23 -24 24 -26 26 -28 28 -30 -31
leaf_value=0.049827909420453634 -3.9887390840892548e-05 0.17448861747082842 0.026024620408505478 -0.015773111216225866 0.064006042597364532 0.0058792039775145584 -0.05857767658348461 0.072006501446957458 -0.044565762161006134 -0.04014110188414232 0.023131867144366193 -0.0056037963345094482 0.069291165602793858 0.10503100226210614 -0.038742952923767476 -0.065410978748519519 0.014138230800968127 0.11856281700423812 -0.060306378602015223 0.049011710073300387 0.11347195937470458 -0.0037249051584001048 -0.084438569554743229 -0.088689203458250557 0.14515300698045705 0.0047958420235136197 0.22875570317920557 0.052424959321501707 -0.019843073191275429 0.047950309826149923
leaf_weight=223 1686496 91 64 153 287 2906 21 53 24 150 325 299 78 45 268 43 54 38 268 22 74 60 23 24 76 75 61 39 615 192
leaf_count=223 1686496 91 64 153 287 2906 21 53 24 150 325 299 78 45 268 43 54 38 268 22 74 60 23 24 76 75 61 39 615 192
internal_value=-8.59347e-06 0.00235303 0.0018046 0.0136628 0.00113412 -0.000380267 -0.0126998 0.0162162 0.00717801 0.008159 0.000315789 0.0133333 0.00123199 -0.00933504 -0.0141618 -0.0170757 -0.0208235 0.000485437 -0.0276398 -0.0207692 0.00427252 0.019403 0.00228842 0.00573123 0.022 0.0025463 0.0191176 0.00194563 -0.00504587 0.00342156
internal_weight=1.69315e+06 6651 6428 344 6084 4865 563 74 1219 1195 475 720 4302 391 346 489 425 103 322 65 433 134 3911 253 100 3888 136 3752 654 3098
internal_count=1693147 6651 6428 344 6084 4865 563 74 1219 1195 475 720 4302 391 346 489 425 103 322 65 433 134 3911 253 100 3888 136 3752 654 3098
is_linear=0
shrinkage=0.05


Tree=121
num_leaves=31
num_cat=0
split_feature=14 9 5 18 19 8 18 19 18 4 20 8 18 8 18 8 8 19 4 3 9 19 4 3 21 8 8 3 1 5
split_gain=14.5665 17.0987 16.8807 31.5783 23.3771 21.0101 26.7838 24.9103 21.9335 20.227 19.945 22.571 22.53 19.8784 23.4316 19.5802 27.5144 19.312 17.7819 17.2184 16.4735 16.246 15.7768 15.7003 14.531 21.1499 14.2343 18.0357 14.1269 14.0948
threshold=0.11312538385391237 0.00012117791993659922 0.00039575612754561012 0.86051779985427868 -0.96868926286697377 -1.2605310082435606 -0.15858851373195645 -0.8959035575389861 0.15858851373195651 0.00037823911407031124 -0.76942089200019825 13.136122703552248 0.26092512905597692 7.3907318115234384 0.02835773024708033 0.10233605280518533 4.6178934574127206 -0.2015048488974571 0.00085966577171348046 -0.00036219361936673517 9.0755984274437665e-05 -0.29028397798538202 0.00099031749414280079 0.0004362704348750413 1.0000000180025095e-35 2.4645041227340703 10.461008548736574 0.0002262932248413563 2.0563390535244256e-05 0.0010418827296234669
decision_type=2 2 2 2 2 2 2 2 2 2 2 2 2 2 2 2 2 2 2 2 2 2 2 2 2 2 2 2 2 2
left_child=-1 2 26 4 13 6 20 9 21 -7 11 -10 -12 14 -4 -16 -17 -5 23 -14 28 -9 -21 -19 29 -26 -2 -28 -6 -25
right_child=1 -3 3 17 5 7 -8 8 10 -11 12 -13 19 -15 15 16 -18 18 -20 22 -22 -23 -24 24 25 -27 27 -29 -30 -31
leaf_value=-0.00037403567596199232 0.00087154776041747928 0.00010097131401957116 0.063440543728313606 0.042777760935654274 0.008388764406865935 -0.041392401933163819 0.058711042783604166 0.042193784274125706 -0.0029421771164895973 0.0176335673050542 0.061709103514122614 0.096093631792568759 0.06922185276545155 0.057983359096562159 -0.070183182775479899 0.040889123944604144 -0.017438664532694406 -0.0063630524578156327 -0.036594632811352994 0.016112220437756574 0.020073924876762784 0.0031735475556871843 -0.045719404615034147 0.054881674069052602 -0.055373652924539066 0.014871290237397063 0.031215085347331729 -0.011224469343029831 -0.048526926181237752 -0.012749130571851831
leaf_weight=738325 69156 862465 182 188 177 260 480 124 944 146 590 45 51 151 32 182 122 4328 296 1816 501 10916 101 183 68 246 659 221 139 53
leaf_count=738325 69156 862465 182 188 177 260 480 124 944 146 590 45 51 151 32 182 122 4328 296 1816 501 10916 101 183 68 246 659 221 139 53
internal_value=-8.41628e-06 0.000120546 0.000767132 0.00196452 0.00302199 0.00264579 0.00875096 0.00211765 0.00245767 -0.0100985 0.00587821 -0.000151668 0.00820954 0.0121824 0.00752896 -0.000297619 0.00361842 -0.00138008 -0.00195207 0.00564024 0.00324357 0.0013587 0.00487741 -0.00123001 0.00672727 -0.000318471 0.000385516 0.00670455 -0.0056962 0.0161017
internal_weight=1.69315e+06 954822 92357 22321 16959 16290 1297 14993 14587 406 3547 989 2558 669 518 336 304 5362 5174 1968 817 11040 1917 4878 550 314 70036 880 316 236
internal_count=1693147 954822 92357 22321 16959 16290 1297 14993 14587 406 3547 989 2558 669 518 336 304 5362 5174 1968 817 11040 1917 4878 550 314 70036 880 316 236
is_linear=0
shrinkage=0.05


Tree=122
num_leaves=31
num_cat=0
split_feature=18 18 18 20 5 8 18 18 18 18 8 8 10 17 18 10 4 20 4 8 18 3 8 18 18 18 20 8 18 5
split_gain=14.584 30.5372 40.8413 45.2602 41.3568 28.1173 25.7775 41.6046 30.9546 56.9372 38.6281 36.8003 39.9649 36.3158 28.546 28.2204 48.5906 32.3765 30.2624 45.668 28.7842 29.011 28.6408 27.7453 27.7132 146.544 71.4542 56.5987 43.8671 42.4192
threshold=0.99930992722511303 0.99332016706466686 0.95819556713104259 -0.76942089200019825 0.0014919232926331463 13.136122703552248 0.90164175629615795 0.8537760078907014 0.52435624599456798 0.56820151209831249 -0.099619172513484941 10.0774302482605 1.2023154497146609 0.60198774933815014 0.88599923253059398 1.0323712825775149 4.2378003854537389e-05 -1.0000000180025095e-35 -0.0020488913869485255 -5.2483263015747061 0.80255532264709484 0.0023369283881038432 -1.5655725002288816 0.832677721977234 -0.41270604729652399 -0.31523424386978144 -1.0000000180025095e-35 -6.2417395114898673 -0.15858851373195645 0.00084954162593930971
decision_type=2 2 2 2 2 2 2 2 2 2 2 2 2 2 2 2 2 2 2 2 2 2 2 2 2 2 2 2 2 2
left_child=1 2 6 4 -4 -2 7 8 24 11 15 12 -10 -12 -9 16 -11 -17 -19 -20 21 -21 -18 -24 -1 26 -26 -27 29 -29
right_child=5 -3 3 -5 -6 -7 -8 14 9 10 13 -13 -14 -15 -16 17 22 18 19 20 -22 -23 23 -25 25 27 -28 28 -30 -31
leaf_value=-0.00036027452936269192 0.0027464817143838418 -0.0028400788743102759 -0.0039840351829122048 0.0039247973567029136 0.011300195213923664 0.092913080451633656 -0.0019889879564435331 0.0052782640909543547 -0.0078831164541625313 0.0039642952512925931 0.001927936450612311 0.015331948609594866 0.0016560676936855645 -0.0025776931860530985 -0.00047644202495005232 -0.00453535501934621 -0.00498827462129286 -0.0076205939638785362 0.012410995704864692 -0.0021653095297320068 0.007142332157345283 -0.042862990317869096 0.0068681215789715205 -0.018166940316534885 0.015767361182808148 0.0050092308543199906 0.0045041811914751208 -0.0037429670486603507 0.00034677591296101707 0.0015892018931451535
leaf_weight=595453 20938 44526 17278 79576 2072 85 89054 37095 23477 52718 23488 698 5474 100915 19793 14488 15180 3260 4030 11539 4680 42 6529 538 13582 34946 25186 54362 372960 19185
leaf_count=595453 20938 44526 17278 79576 2072 85 89054 37095 23477 52718 23488 698 5474 100915 19793 14488 15180 3260 4030 11539 4680 42 6529 538 13582 34946 25186 54362 372960 19185
internal_value=-7.7666e-06 -2.42207e-05 1.11207e-05 0.000995694 -0.00117313 0.00130096 -5.25947e-05 -1.52818e-06 -5.60485e-05 -0.000539587 -0.000281584 -0.00260548 -0.002879 -0.000889448 0.00132365 0.000387597 0.000950444 -0.000721628 0.000422487 0.0011409 -3.99729e-05 -0.00137726 -0.00100912 0.00162021 5.96949e-05 0.000326304 0.00328364 8.81706e-05 -6.34928e-05 -0.00117952
internal_weight=1.69315e+06 1.67212e+06 1.6276e+06 98926 19350 21023 1.52867e+06 1.43962e+06 1.38273e+06 267056 237407 29649 28951 124403 56888 113004 74965 38039 23551 20291 16261 11581 22247 7067 1.11567e+06 520221 38768 481453 446507 73547
internal_count=1693147 1672124 1627598 98926 19350 21023 1528672 1439618 1382730 267056 237407 29649 28951 124403 56888 113004 74965 38039 23551 20291 16261 11581 22247 7067 1115674 520221 38768 481453 446507 73547
is_linear=0
shrinkage=0.05


Tree=123
num_leaves=31
num_cat=0
split_feature=6 19 18 18 18 18 4 20 18 18 19 18 17 9 4 10 19 18 4 17 19 19 20 7 4 17 9 19 4 18
split_gain=14.8936 35.1226 79.2951 48.173 104.979 86.365 61.8553 47.051 41.4131 41.3891 62.1832 78.9784 41.6453 40.6257 37.4832 37.1279 35.9237 46.4379 34.7115 33.0736 38.5229 34.0107 32.0084 33.2444 31.7237 31.0769 29.9957 29.8966 43.2906 43.0353
threshold=0.45488324761390692 0.832677721977234 -0.50941574573516835 -0.17149884253740308 -0.26513479650020594 -0.42853991687297815 0.00044961596722714608 -0.76942089200019825 -1.0000000180025095e-35 0.1326885595917702 0.96304282546043407 0.21004468202590945 1.1957429051399233 0.00084653412341140221 0.0012546651414595547 1.1652973890304568 0.70864605903625499 -0.56820151209831227 0.00048250236432068055 0.5493949055671693 -0.71477618813514698 0.6411133110523225 -1.0000000180025095e-35 2.5278128385543828 0.0017859474173747005 1.389020621776581 0.00026639712450560188 0.89395666122436535 0.0010755832772701981 0.36040300130844122
decision_type=2 2 2 2 2 2 2 2 2 2 2 2 2 2 2 2 2 2 2 2 2 2 2 2 2 2 2 2 2 2
left_child=-1 16 7 4 5 13 -7 25 15 -10 27 -12 -13 -4 26 -5 19 18 -18 20 -2 24 -14 -24 -22 -3 -6 28 -11 -29
right_child=1 2 3 8 14 6 -8 -9 9 10 11 12 22 -15 -16 -17 17 -19 -20 -21 21 -23 23 -25 -26 -27 -28 29 -30 -31
leaf_value=-0.00026600736834836436 0.0092066522197127854 0.11936391931541511 -0.0086964038511113447 0.0066098493807545183 -0.0094087746004189021 0.0045739644080323941 0.029864680604692186 0.014834839420043234 -0.0037733854982438977 0.0098408515684575877 0.0016694786167766819 0.045864166070742521 0.037308905729254625 0.042007111526241266 0.0026062581912775773 0.017372975244873402 -0.0034492177673668082 -0.00041136430044523835 -0.014844936033677859 -5.6379174463244697e-05 -0.0003931188648501949 0.01448180223627038 -0.008978600591144215 0.027580188870977129 0.010440236625531974 -0.018645502281671257 -0.020009280835240409 0.0022460595378523741 -0.0042713358196225576 -0.0073616288669932084
leaf_weight=1037965 11938 1018 3221 15968 8405 3151 2495 3346 14368 9013 8460 2828 1687 104 1797 3288 7420 23231 4953 452064 40691 3160 1438 979 3395 91 1016 10557 4145 10955
leaf_count=1037965 11938 1018 3221 15968 8405 3151 2495 3346 14368 9013 8460 2828 1687 104 1797 3288 7420 23231 4953 452064 40691 3160 1438 979 3395 91 1016 10557 4145 10955
internal_value=-1.03653e-05 0.000176287 0.0009988 0.000718652 -0.00147357 0.00255824 0.00632306 0.00753086 0.00124752 0.000639454 0.00131837 0.0039631 0.00791979 -0.00383459 -0.00469781 0.00328209 1.33491e-05 -0.0015223 -0.00399661 0.000120294 0.00123175 0.000590526 0.00470273 0.00101365 0.000231366 0.0164563 -0.00596009 0.000144217 0.00202158 -0.00100409
internal_weight=1.69315e+06 655182 108330 103875 20189 8971 5646 4455 83686 64430 50062 15392 6932 3325 11218 19256 546852 35604 12373 511248 59184 47246 4104 2417 44086 1109 9421 34670 13158 21512
internal_count=1693147 655182 108330 103875 20189 8971 5646 4455 83686 64430 50062 15392 6932 3325 11218 19256 546852 35604 12373 511248 59184 47246 4104 2417 44086 1109 9421 34670 13158 21512
is_linear=0
shrinkage=0.05


Tree=124
num_leaves=31
num_cat=0
split_feature=8 5 7 7 18 2 4 2 10 7 18 5 7 7 8 3 18 4 15 8 8 4 5 4 10 18 18 5 18 5
split_gain=14.1963 36.3373 38.2928 25.0818 22.2905 17.4875 17.7888 18.2989 18.1772 17.8266 16.955 16.1593 36.0285 15.6348 21.3811 16.7632 23.554 28.3391 22.2627 28.9393 27.6582 28.8447 25.5883 25.5094 30.6887 28.2771 39.0451 24.8794 26.6551 26.0156
threshold=11.478415966033937 -0.0012045899638906119 -0.95104238390922535 1.3091756701469424 -0.96535655856132496 0.0003878914139932022 0.0008417996286880226 0.0011020188685506584 0.70437994599342357 4.4819874763488778 0.96535655856132518 0.00022831933165434751 2.1560924053192143 6.4540045261383066 1.7611188888549807 0.001186679757665843 -0.93279412388801564 0.0024929537903517489 0.56941065192222606 1.0484770536422732 5.7558882236480722 0.00076294640894047927 0.0033495888346806173 0.00017194461543112996 0.5111239254474641 -0.33174875378608698 0.10669767111539842 0.0043213439639657744 -0.90164175629615773 -0.0026634606765583153
decision_type=2 2 2 2 2 2 2 2 2 2 2 2 2 2 2 2 2 2 2 2 2 2 2 2 2 2 2 2 2 2
left_child=13 3 -3 -2 11 -6 7 10 -8 -10 -7 12 -4 15 -15 18 17 -17 19 -1 21 22 -20 24 25 -21 -27 28 -25 -30
right_child=1 2 4 -5 5 6 8 -9 9 -11 -12 -13 -14 14 -16 16 -18 -19 20 23 -22 -23 -24 27 -26 26 -28 -29 29 -31
leaf_value=0.00011872335856193406 -0.039161519380185306 0.040397179338240621 0.017380962562972502 0.01356963126128622 -0.0010504569804302532 0.010651713922036066 -0.019977540583158794 0.055180219352690602 -0.0072726904030215424 0.0092266113510728782 0.062665970174890798 0.014690783491968042 -0.068183529052699601 0.16487221124209475 0.0075521541345814295 0.00017718568519416446 -0.0015796687261319332 0.0095737971768560526 0.00081080009342697219 0.051916299633306441 0.0024610952319386592 -0.0012955509520068632 0.020373162697630912 -0.0030871595513825901 -0.0019962114138996844 -0.024888690651919745 0.081206887146245382 -0.0053820794362398235 -0.02298226557082593 0.00077940905930635746
leaf_weight=741123 148 318 155 45 16284 1111 355 67 937 3447 65 3025 77 36 3412 9654 99692 2980 268110 465 91478 98218 701 24262 181738 273 127 6758 196 137890
leaf_count=741123 148 318 155 45 16284 1111 355 67 937 3447 65 3025 77 36 3412 9654 99692 2980 268110 465 91478 98218 701 24262 181738 273 127 6758 196 137890
internal_value=-1.007e-05 0.0011485 0.00130993 -0.0204663 0.00109509 0.000529956 0.00284186 0.00816573 0.00144545 0.00232664 0.00671769 0.00495855 -0.00775862 -2.81625e-05 0.00333527 -3.51333e-05 -0.000624967 0.0014089 7.5741e-06 -0.000115114 0.000299995 0.000106122 0.000374055 -0.000488614 -0.000898397 0.00849711 -0.00125 -4.61249e-05 7.76111e-05 0.000346161
internal_weight=1.69315e+06 26034 25841 193 25523 22266 5982 1243 4739 4384 1176 3257 232 1.66711e+06 3448 1.66366e+06 112326 12634 1.55134e+06 1.09283e+06 458507 367029 268811 351709 182603 865 400 169106 162348 138086
internal_count=1693147 26034 25841 193 25523 22266 5982 1243 4739 4384 1176 3257 232 1667113 3448 1663665 112326 12634 1551339 1092832 458507 367029 268811 351709 182603 865 400 169106 162348 138086
is_linear=0
shrinkage=0.05


Tree=125
num_leaves=31
num_cat=0
split_feature=9 19 8 18 8 6 21 5 8 18 8 5 8 18 10 3 18 8 15 5 18 19 1 3 21 21 19 6 11 9
split_gain=13.9692 33.0308 56.2897 42.4915 36.1354 32.5757 47.2925 31.3752 47.628 34.1844 30.8615 28.8703 49.9228 29.6422 38.5134 27.481 23.2769 23.4915 29.9487 30.823 26.2667 22.5913 22.4973 22.4454 22.3522 20.1614 23.5111 20.0242 19.587 19.5453
threshold=6.2387738580582677e-05 0.98035496473312389 0.99644753336906444 -1.0000000180025095e-35 -4.9931180477142325 0.80358999967575084 0.65450850129127514 -0.00036332650051917875 -10.28252601623535 -0.76744312047958363 -7.4728212356567374 0.0010839189053513112 14.866724967956545 0.08063365146517755 1.0717756152153017 -0.00033786639687605197 -0.010908065363764761 6.5482077598571786 0.42667961120605474 0.00047273193194996571 -0.10669767111539839 0.94762688875198375 -8.1095407949760543e-05 -0.00027037340623792255 0.65450850129127514 1.0000000180025095e-35 0.995182365179062 0.51640680432319652 0.39833258092403417 4.8490544941159903e-05
decision_type=2 2 2 2 2 2 2 2 2 2 2 2 2 2 2 2 2 2 2 2 2 2 2 2 2 2 2 2 2 2
left_child=1 7 3 5 23 6 29 8 15 -10 -8 12 13 14 16 -1 17 -4 -19 20 -20 27 -6 -5 -22 26 -14 -17 -2 -3
right_child=28 2 11 4 22 -7 10 -9 9 -11 -12 -13 25 -15 -16 21 -18 18 19 -21 24 -23 -24 -25 -26 -27 -28 -29 -30 -31
leaf_value=-0.047433802916410174 -0.001449632291409453 0.10002852519950503 -0.032579322607550032 0.035757258264895418 -0.04609930689776387 0.071692470264403563 -0.060861723152038194 0.014087913749960046 0.03575360406194087 -0.026443013286260964 -0.0083405914567861623 -0.10496826304593875 0.36146527320080168 0.0093611393171758369 0.033923963799186663 0.015410480044740394 -0.0506056429172023 -0.054066547741898556 -0.0045963541529130741 -0.021383088298880762 0.082062325800378033 0.20450422461806006 0.018571256432863181 -0.045079095663980141 0.0099622566736047302 0.24958249085064904 -0.1305862022587411 0.16947427150061289 2.1202457163976842e-05 0.012483716464221374
leaf_weight=35 77470 493 1441 37 108 478 121 10344 206 1418 487 63 24 908 204 394 570 142 170 239 140 94 656 364 79 76 36 35 1595376 939
leaf_count=35 77470 493 1441 37 108 478 121 10344 206 1418 487 63 24 908 204 394 570 142 170 239 140 94 656 364 79 76 36 35 1595376 939
internal_value=-1.06606e-05 0.00129304 -0.00126688 0.00321749 -0.00467811 0.00687053 0.00411765 0.00288201 -0.00256645 -0.00689655 -0.00756579 -0.00530303 -0.00477786 -0.00581814 -0.00822446 0.0100358 -0.00976268 -0.00744007 -0.00038961 0.00429936 0.012982 0.0129063 0.00170157 -0.0168329 0.0244292 0.025 0.00333333 0.00804196 -2.64818e-05 0.00907821
internal_weight=1.69315e+06 20301 7775 3683 1165 2518 2040 12526 2182 1624 608 4092 4029 3893 2985 558 2781 2211 770 628 389 523 764 401 219 136 60 429 1.67285e+06 1432
internal_count=1693147 20301 7775 3683 1165 2518 2040 12526 2182 1624 608 4092 4029 3893 2985 558 2781 2211 770 628 389 523 764 401 219 136 60 429 1672846 1432
is_linear=0
shrinkage=0.05


Tree=126
num_leaves=31
num_cat=0
split_feature=15 10 6 8 8 15 16 7 9 20 8 9 17 8 9 9 7 4 9 9 9 0 8 0 10 8 6 2 20 3
split_gain=13.9015 33.3194 15.2973 34.3634 33.2724 25.1281 24.8813 23.9017 28.9631 22.9914 37.7278 36.4732 22.1552 32.4818 33.4397 22.1424 21.2343 20.7264 20.9951 20.4029 20.3198 19.5891 19.0354 18.578 18.4439 17.8694 19.6805 21.5513 17.8221 17.534
threshold=0.1448880732059479 0.5111239254474641 0.45488324761390692 0.60376441478729259 -6.0223786830902091 0.36632874608039862 1.5508216619491579 0.14009663462638858 0.00026789469120558357 -1.0000000180025095e-35 8.1590700149536151 0.0003035143308807165 0.5493949055671693 1.3973114490509035 6.2387738580582677e-05 0.00019604610133683312 -0.72605556249618519 -0.00033136730780825013 0.00030749708821531391 6.6695167333818986e-05 0.00047773646656423813 -0.00016538676572963593 -10.28252601623535 -0.00030125744524411852 1.6374445557594302 6.7706108093261728 -1.5136011242866514 -0.00051896326476708044 -0.76942089200019825 0.0017668483196757736
decision_type=2 2 2 2 2 2 2 2 2 2 2 2 2 2 2 2 2 2 2 2 2 2 2 2 2 2 2 2 2 2
left_child=1 -1 3 -2 19 -5 12 9 -9 10 11 -7 13 14 -6 -12 -11 18 -14 22 -15 -8 -4 -16 -10 -18 27 -27 -24 -26
right_child=2 -3 4 5 6 7 21 8 24 16 15 -13 17 20 23 -17 25 -19 -20 -21 -22 -23 28 -25 29 26 -28 -29 -30 -31
leaf_value=-0.064250227921858347 0.0001134674465340102 0.0037719251873113871 0.084690506423792569 0.00053948537457169097 0.029432457281802851 -0.0068524448846389863 -0.0036177946523842097 0.00038512361699180044 -0.0021297385391586487 0.0010307991327434209 0.043940348009627095 -0.00015432562017285713 0.0056667699830198377 0.0032904197108746705 0.030565860414534265 0.0023064076362680598 -0.0024400625525476116 -0.00017878640875377272 -3.6949904547084467e-05 -0.0051439428897508688 0.010582559260985686 0.0037073728862645097 -0.05612821417598142 -0.0016286766758076832 -0.0062519169867918285 -0.02319410765449726 -0.015635671094276882 0.055968154304152855 0.018168838664461884 -0.024868194275096386
leaf_weight=104 681712 19762 154 76947 1268 29479 5423 92450 63902 21799 383 10985 15693 48503 198 431 36494 465796 16260 16406 2646 49342 53 33002 1095 56 2117 91 427 169
leaf_count=104 681712 19762 154 76947 1268 29479 5423 92450 63902 21799 383 10985 15693 48503 198 431 36494 465796 16260 16406 2646 49342 53 33002 1095 56 2117 91 427 169
internal_value=-1.11331e-05 0.00130374 -2.67439e-05 -0.000148019 0.000161714 -0.000561537 0.000219939 -0.000796875 -0.000411126 -0.00139392 -0.00230389 -0.00251829 0.000124279 0.000867234 -0.000319137 0.00835381 -0.000773651 -3.51583e-06 0.00122837 -0.00201878 0.0016667 0.00123893 0.00678233 -0.000623494 -0.00121843 -0.00147582 -0.00578622 0.0119048 0.001875 -0.00719937
internal_weight=1.69315e+06 19866 1.67328e+06 1.01811e+06 655171 336398 638131 259451 157616 101835 41278 40464 583366 85617 34468 814 60557 497749 31953 17040 51149 54765 634 33200 65166 38758 2264 147 480 1264
internal_count=1693147 19866 1673281 1018110 655171 336398 638131 259451 157616 101835 41278 40464 583366 85617 34468 814 60557 497749 31953 17040 51149 54765 634 33200 65166 38758 2264 147 480 1264
is_linear=0
shrinkage=0.05


Tree=127
num_leaves=31
num_cat=0
split_feature=19 3 21 9 9 4 7 7 4 8 7 6 20 8 8 5 9 5 9 7 9 5 4 7 18 12 5 9 8 8
split_gain=13.5876 18.4919 19.7538 76.5559 46.5582 32.545 28.4017 21.4545 23.9905 20.745 19.1729 40.5733 26.0401 24.3551 22.7879 15.3666 19.2289 15.305 19.0916 14.5567 14.0712 17.4941 30.9601 18.9827 15.0165 13.9703 13.8047 23.2765 13.7444 13.8573
threshold=-0.99959546327590931 0.0017668483196757736 1.0000000180025095e-35 0.00041411629354115581 0.00016876000154297802 -0.0045338675845414391 2.9150170087814335 2.0201025009155278 -0.00033136730780825013 -3.8110477924346919 -1.7900357842445371 -0.087939921766519533 1.0000000180025095e-35 -2.6459966897964473 0.10233605280518533 0.0033495888346806173 0.00055919805890880536 -0.0026634606765583153 0.00080881407484412204 1.5895002484321596 0.00023854301252868029 -9.0871410066029043e-05 -5.6834645874914706e-05 1.420429050922394 1.0000000180025095e-35 1.9925858378410342 -0.00021611999545712021 0.00013485830277204516 11.478415966033937 8.5314836502075213
decision_type=2 2 2 2 2 2 2 2 2 2 2 2 2 2 2 2 2 2 2 2 2 2 2 2 2 2 2 2 2 2
left_child=1 2 3 4 7 -5 -7 8 -1 -4 12 13 -6 -12 20 16 -3 18 -11 -18 21 22 -13 24 -23 -2 27 -10 29 -19
right_child=25 15 9 5 10 6 -8 -9 26 17 11 14 -14 -15 -16 -17 19 28 -20 -21 -22 23 -24 -25 -26 -27 -28 -29 -30 -31
leaf_value=0.039925530012922497 -7.888454330315931e-05 -0.03492373218943591 -0.011107698074313289 -0.029459043817555399 0.044226770405839 0.047138227603830851 -0.035209704803087563 0.072852250366265123 -0.048648542943883412 0.088991121987285593 0.029852678900097924 0.044847329548145701 -0.0029060401528691496 -0.022061303536395793 0.012342128118412045 0.018299733055907787 -0.028211392450606144 0.0035868399635990093 -0.01968519571177656 0.03670038843445092 -0.020874415748221038 -0.057081231563738927 -0.037118966980464983 0.10955780359025123 0.037807109801844034 0.0039988320466347481 0.016396856851365629 0.020450340225516839 0.036299252305275219 -0.029293779392235753
leaf_weight=247 1663973 224 1782 34 443 696 59 228 55 59 158 68 539 961 1696 130 39 7228 25 28 452 33 88 45 35 13095 413 65 49 200
leaf_count=247 1663973 224 1782 34 443 696 59 228 55 59 158 68 539 961 1696 130 39 7228 25 28 452 33 88 45 35 13095 413 65 49 200
internal_value=-1.30231e-05 0.00143355 0.00171159 0.00387173 0.00179153 0.0184411 0.020596 0.0115079 0.0075641 0.000251525 -0.000376273 -0.00209276 0.00580448 -0.00996425 0.00155151 -0.00890736 -0.0152921 0.00139532 0.022619 0.00820896 -0.00589459 0.00315985 -0.00769231 0.0181416 0.00147059 -2.68922e-05 0.00159475 -0.0133333 0.00115688 0.000982768
internal_weight=1.69315e+06 16079 15658 6315 5526 789 755 1008 780 9343 4518 3536 982 1119 2417 421 291 7561 84 67 721 269 156 113 68 1.67707e+06 533 120 7477 7428
internal_count=1693147 16079 15658 6315 5526 789 755 1008 780 9343 4518 3536 982 1119 2417 421 291 7561 84 67 721 269 156 113 68 1677068 533 120 7477 7428
is_linear=0
shrinkage=0.05


Tree=128
num_leaves=31
num_cat=0
split_feature=14 18 18 19 19 19 15 5 9 18 19 9 19 19 4 18 10 20 9 19 19 6 8 8 9 18 6 18 8 18
split_gain=13.5455 15.6408 36.8184 54.6579 18.0145 17.2971 35.2382 16.0581 15.93 15.4697 14.6983 21.6161 15.6857 31.7506 13.8276 36.2432 37.0323 27.9072 26.0964 26.4425 25.9523 31.6833 36.0067 32.3283 30.2613 39.2249 27.4618 24.41 23.7963 23.6637
threshold=0.50014442205429088 0.29862368106842047 0.19722913205623629 0.96648588776588451 -0.92304024100303639 -0.62762191891670216 0.6953607201576234 -0.00011286776498309335 8.066349619184622e-05 0.02835773024708033 0.18437977880239489 0.00027738281642086809 0.8537760078907014 0.89395666122436535 -0.00077620462980121363 -0.99428912997245777 1.4086553454399111 1.0000000180025095e-35 0.00029794656438753014 -0.045798758044838898 -0.45204447209835047 0.058130724355578429 -7.6525237560272208 -10.891653537750242 0.00039855096838437026 0.84688794612884533 -1.1726578474044798 0.18437977880239489 14.866724967956545 -0.79202145338058461
decision_type=2 2 2 2 2 2 2 2 2 2 2 2 2 2 2 2 2 2 2 2 2 2 2 2 2 2 2 2 2 2
left_child=14 2 5 -4 7 9 -7 -3 -6 -2 11 -10 -12 -14 15 16 17 18 -1 -20 24 23 29 26 25 -17 -22 -26 -25 -23
right_child=1 4 3 -5 8 6 -8 -9 10 -11 12 -13 13 -15 -16 20 -18 -19 19 -21 21 22 -24 28 27 -27 -28 -29 -30 -31
leaf_value=0.0063017506202347369 0.0040097127857317118 -0.017132721903227257 0.0040485972381773981 0.034811074822660375 0.017647886951240376 -0.00092705955204941404 0.0070310078110784047 -0.0020267025120691454 0.0031048223039817804 -0.0027870575752401818 -0.0034034592655992181 -0.0017910138594996296 0.011071152559916215 -0.0032652248007333075 -0.00028532515345790487 0.0025515959933289701 -0.013116544348395676 0.00087697196122699106 0.0030190141920839464 0.026719917680704527 0.013745624582464123 0.0014584198531440774 0.005380355894488798 -0.0014124845156515131 0.00065356386291639537 0.016662101433926112 -0.0095991047338375938 -0.0037472752809737612 -0.038637750963102922 -0.027911963157135178
leaf_weight=3303 32259 1387 5852 2155 1663 58693 9288 1591 28281 5499 25181 17086 3078 4748 1211071 57987 477 4230 941 2204 4177 438 11281 122032 61027 3523 1033 12153 58 451
leaf_count=3303 32259 1387 5852 2155 1663 58693 9288 1591 28281 5499 25181 17086 3078 4748 1211071 57987 477 4230 941 2204 4177 438 11281 122032 61027 3523 1033 12153 58 451
internal_value=-1.21372e-05 0.00037787 0.000758708 0.00402773 -0.00014395 0.000511164 3.45685e-05 -0.00396239 -1.87413e-06 0.00136925 -0.000104627 0.000479423 -0.000907383 0.00104779 -6.34195e-05 0.000249724 0.00304348 0.00365237 0.0057227 0.00898251 0.000136052 -0.000342009 0.00209532 -0.00057502 0.000631079 0.00144854 0.00328215 -5.60262e-05 -0.000739618 -0.0075928
internal_weight=1.69315e+06 196761 113746 8007 83015 105739 67981 2978 80037 37758 78374 45367 33007 7826 1.49639e+06 285315 11155 10678 6448 3145 274160 139470 12170 127300 134690 61510 5210 73180 122090 889
internal_count=1693147 196761 113746 8007 83015 105739 67981 2978 80037 37758 78374 45367 33007 7826 1496386 285315 11155 10678 6448 3145 274160 139470 12170 127300 134690 61510 5210 73180 122090 889
is_linear=0
shrinkage=0.05


Tree=129
num_leaves=31
num_cat=0
split_feature=14 7 17 8 3 18 5 19 15 18 8 8 17 5 2 18 21 4 10 8 7 8 8 15 21 19 6 7 18 4
split_gain=13.375 15.5212 17.9885 17.9581 16.4546 21.2101 22.7843 19.7817 19.4291 17.6063 15.3609 26.0135 15.2509 13.8911 28.2474 27.2622 27.5957 25.39 23.7794 23.0351 19.9267 32.3086 19.9939 29.4474 24.0973 19.8088 48.4079 30.9057 22.4053 27.8888
threshold=0.078998584300279631 5.1724565029144296 0.77545163035392772 6.7706108093261728 0.0012666901457123461 -0.93279412388801564 0.0018240851932205262 0.98664098978042614 0.79828423261642467 -0.90164175629615773 1.608919143676758 -0.69709491729736317 1.5715071558952334 -0.0016487414250150321 -0.00021033710800111291 -0.99913862347602833 0.65450850129127514 -0.00077620462980121363 0.77156037092208873 0.50200697779655468 -3.7172652482986446 -8.2656631469726545 -6.6132924556732169 0.44462493062019354 1.0000000180025095e-35 -0.4752392172813415 0.10271231085062028 -0.97698339819908131 -0.99428912997245777 -0.0021389933535829182
decision_type=2 2 2 2 2 2 2 2 2 2 2 2 2 2 2 2 2 2 2 2 2 2 2 2 2 2 2 2 2 2
left_child=-1 4 3 -3 13 6 8 9 -6 -7 11 -8 -11 14 18 16 -16 25 19 -2 21 -17 23 -22 -25 27 28 -15 29 -27
right_child=1 2 -4 -5 5 7 10 -9 -10 12 -12 -13 -14 17 15 20 -18 -19 -20 -21 22 -23 -24 24 -26 26 -28 -29 -30 -31
leaf_value=-0.00040234284465675565 0.0091472392664587957 -0.0031138354516982106 0.0015374394626767485 0.019536257564800104 0.0017740560776591141 -0.010122899519546442 0.00019063132595202316 0.012408847496544119 -0.010719949631475123 -0.0010661476184624431 0.005880787664231924 0.046049558625987232 -0.0047273149906372665 0.0054870852438501927 0.0054993260215598812 -0.0047018231770136424 0.046015060193823107 0.00018750201334479801 0.00012923326138304937 -0.024047643624641825 -0.0012097547666460652 0.0087239969527289404 -0.0019828915984276274 -0.0037912602981831525 -0.014400145189011428 0.044196476935596848 0.010240659193663371 -0.0011815223175446366 -0.00055627181491046951 0.005733912054179325
leaf_weight=621707 5241 812 12247 2450 2866 1796 194 1023 1123 40321 2553 250 10064 38600 843 3122 148 741121 63358 285 5685 3345 42993 2923 4575 288 5175 12789 61011 4239
leaf_count=621707 5241 812 12247 2450 2866 1796 194 1023 1123 40321 2553 250 10064 38600 843 3122 148 741121 63358 285 5685 3345 42993 2923 4575 288 5175 12789 61011 4239
internal_value=-1.05425e-05 9.65056e-05 0.00166677 0.00496628 7.34423e-05 -0.000729357 0.00186086 -0.00106947 -0.000614189 -0.00120446 0.00515516 0.0137387 -0.00103106 0.000121969 -0.000354669 -0.00111418 0.00711403 0.000195141 0.00034696 0.00349258 -0.00124435 0.00138395 -0.00154692 -0.0032504 -0.00530808 0.000863213 0.000320309 0.00161027 -4.73008e-05 0.00334659
internal_weight=1.69315e+06 1.07144e+06 15509 3262 1.05593e+06 60190 6986 53204 3989 52181 2997 444 50385 995741 132518 63634 991 863223 68884 5526 62643 6467 56176 13183 7498 122102 70713 51389 65538 4527
internal_count=1693147 1071440 15509 3262 1055931 60190 6986 53204 3989 52181 2997 444 50385 995741 132518 63634 991 863223 68884 5526 62643 6467 56176 13183 7498 122102 70713 51389 65538 4527
is_linear=0
shrinkage=0.05


Tree=130
num_leaves=31
num_cat=0
split_feature=18 8 18 18 20 19 19 4 19 18 4 21 8 19 8 7 8 18 17 4 7 18 18 19 20 8 18 6 19 21
split_gain=13.2677 21.6142 21.4253 37.0685 40.4401 53.1388 41.0717 33.7167 29.8595 34.9217 54.1972 49.6567 39.0539 29.4261 29.2223 28.794 24.9884 29.9487 24.2916 23.7116 23.4877 22.2111 36.3927 74.7627 32.9756 44.3744 28.6784 34.5612 40.8412 34.8466
threshold=0.99959546327590953 13.136122703552248 0.99332016706466686 0.95819556713104259 -0.76942089200019825 0.19722913205623629 0.24826665222644809 0.0018459199927747252 0.1326885595917702 0.97948506474494945 -0.0002477773959981277 0.65450850129127514 11.478415966033937 -0.27353890240192408 -1.7190364003181455 5.4427886009216317 9.458656311035158 0.97387465834617626 1.542053818702698 0.00057472157641313981 -3.2223792076110835 0.90164175629615795 0.8537760078907014 -0.46368156373500818 0.76942089200019848 7.3907318115234384 0.71782085299491893 -1.0356436967849729 0.65110388398170482 0.65450850129127514
decision_type=2 2 2 2 2 2 2 2 2 2 2 2 2 2 2 2 2 2 2 2 2 2 2 2 2 2 2 2 2 2
left_child=2 -2 3 21 7 8 -7 16 9 10 -6 12 -12 14 -13 -9 -5 -18 20 -19 -11 22 26 24 -24 -26 -1 29 -29 -28
right_child=1 -3 -4 4 5 6 -8 15 -10 18 11 13 -14 -15 -16 -17 17 19 -20 -21 -22 -23 23 -25 25 -27 27 28 -30 -31
leaf_value=2.6346270986610245e-05 0.0029822566358338912 0.10474639217914182 -0.0022897383140874973 -0.0035855121128106626 -0.00039204497973486244 -0.0059354387936186859 0.0047319940289822339 0.032739856966585233 0.012688621345728457 0.019840433523032188 0.0098442857315299906 0.055150818016060477 -0.066185158064943878 0.033864584833982227 -0.015937825376572356 -0.022775810703926896 0.050713571616575408 -0.028797922386743682 0.0060706117005280835 0.024011886520951122 -0.0023759573634139055 -0.0018818107014534347 0.0067962986168706831 -6.1404146367616266e-05 0.019292536808732292 0.074466270952008293 -0.00034382360195239769 -0.0016993382422830217 -0.0073791567834817114 0.0085325100604453086
leaf_weight=1256568 16002 74 49473 18131 7597 11939 8955 502 14921 848 9468 69 51 2415 286 112 246 158 7316 201 15711 89054 14820 38336 3542 190 23919 83101 12891 6251
leaf_count=1256568 16002 74 49473 18131 7597 11939 8955 502 14921 848 9468 69 51 2415 286 112 246 158 7316 201 15711 89054 14820 38336 3542 190 23919 83101 12891 6251
internal_value=-1.13103e-05 0.00141826 -2.50138e-05 6.14402e-06 0.00094414 0.00144265 -0.000722696 -0.00110594 0.00221363 0.00155504 0.00310269 0.00515502 0.00344049 0.0110469 -0.00239437 0.0104235 -0.00148377 0.0085124 0.000265969 -0.000696379 -0.00079413 -5.45572e-05 -7.15468e-06 0.00123225 0.00383786 0.00803859 -5.81458e-05 -0.000776779 -0.00124073 0.00069937
internal_weight=1.69315e+06 16076 1.67707e+06 1.6276e+06 98926 79576 20894 19350 58682 43761 19886 12289 9519 2770 355 614 18736 605 23875 359 16559 1.52867e+06 1.43962e+06 56888 18552 3732 1.38273e+06 126162 95992 30170
internal_count=1693147 16076 1677071 1627598 98926 79576 20894 19350 58682 43761 19886 12289 9519 2770 355 614 18736 605 23875 359 16559 1528672 1439618 56888 18552 3732 1382730 126162 95992 30170
is_linear=0
shrinkage=0.05


Tree=131
num_leaves=31
num_cat=0
split_feature=10 1 5 10 15 18 18 19 19 19 18 18 8 5 18 19 4 18 18 18 10 5 18 10 9 3 8 18 18 18
split_gain=13.348 23.7271 32.3623 26.3884 19.4659 19.5013 63.0466 91.3954 62.068 53.6573 56.1764 45.3245 41.267 41.9033 49.7123 41.0698 46.3655 39.8571 51.1743 45.3885 36.5728 35.0296 37.5277 34.0412 40.0323 33.6586 32.0822 42.8715 39.2099 40.7879
threshold=0.87310633063316356 0.00022557814372703436 -0.0016487414250150321 0.9629533886909486 0.12493016943335535 0.2861058115959168 0.23556562513113025 0.96648588776588451 -0.62762191891670216 -0.56460559368133534 0.054514370858669288 0.19722913205623629 -6.3602707386016837 -0.0025651245377957817 0.61048936843872081 -0.2015048488974571 0.00082536248373799037 0.70864605903625499 0.56820151209831249 0.95037782192230236 1.2219725251197817 -0.00099443155340850332 0.33586180210113531 1.4991298913955691 0.00013224145368440079 0.00083060326869599532 -2.9364491701126094 -0.9543684422969817 -0.10669767111539839 -0.74168145656585682
decision_type=2 2 2 2 2 2 2 2 2 2 2 2 2 2 2 2 2 2 2 2 2 2 2 2 2 2 2 2 2 2
left_child=-1 4 3 -3 -2 6 9 -8 12 10 -6 26 13 14 -7 -10 17 18 21 20 -19 22 -17 -13 -25 -12 27 -11 29 -29
right_child=1 2 -4 -5 5 8 7 -9 15 11 25 23 -14 -15 -16 16 -18 19 -20 -21 -22 -23 -24 24 -26 -27 -28 28 -30 -31
leaf_value=0.00049570657879586253 0.0056843600687861984 -0.0069225361560011694 0.00094631340580642606 -0.00074072498669995883 0.0019624156709684426 0.0061352706970281947 0.0018705933629652673 0.028319568407107254 0.001776362598997383 0.00043844891076922358 -0.0023915221736700689 0.013666773468058047 -0.0039577072104810323 0.010428980223811736 -0.017542374122615747 -0.013475092568043745 -0.0043790863674844195 -0.0027005783216766058 0.0057642049476837494 4.808273776550909e-05 -0.0077885039305512164 0.0010019668142737914 -0.0027483807170822828 0.090322812473555003 -0.030410118614529281 -0.013388370951582036 -0.00063005923373176125 -0.003824982137711297 0.00032618844037828889 -0.0093391086921711507
leaf_weight=487606 9807 7238 251762 26761 154123 1539 13834 4155 82531 25194 28377 6164 82791 4965 1200 1841 29547 52950 22521 84452 6441 34821 8312 59 301 2458 206589 27832 12385 14591
leaf_count=487606 9807 7238 251762 26761 154123 1539 13834 4155 82531 25194 28377 6164 82791 4965 1200 1841 29547 52950 22521 84452 6441 34821 8312 59 301 2458 206589 27832 12385 14591
internal_value=-9.3022e-06 -9.85864e-05 0.000299376 -0.00114856 -0.000222227 -0.000246106 -3.46731e-05 0.0028712 -0.000499504 -0.000144016 0.000522821 -0.000564795 -0.001657 0.0018432 -0.00312158 -0.000175625 -0.000505428 -0.000246051 0.000756352 -0.000716406 -0.00177552 -0.000217904 -0.00280213 0.0035561 -0.0113889 -0.00142533 -0.000658604 -0.00150871 -0.00229346 -0.00301605
internal_weight=1.69315e+06 1.20554e+06 285761 33999 919780 909973 496062 17989 413911 478073 184958 293115 90495 7704 2739 323416 240885 211338 67495 143843 59391 44974 10153 6524 360 30835 286591 80002 54808 42423
internal_count=1693147 1205541 285761 33999 919780 909973 496062 17989 413911 478073 184958 293115 90495 7704 2739 323416 240885 211338 67495 143843 59391 44974 10153 6524 360 30835 286591 80002 54808 42423
is_linear=0
shrinkage=0.05


Tree=132
num_leaves=31
num_cat=0
split_feature=9 8 19 18 19 19 20 19 21 3 20 18 3 6 21 9 20 7 10 9 18 19 18 10 6 20 9 4 9 6
split_gain=13.6105 18.8826 30.7562 43.6326 31.7871 38.0265 39.1063 34.2019 36.496 40.4841 33.5386 46.5198 34.7413 32.1577 29.62 28.6472 28.9489 28.3277 33.8604 36.9052 27.1887 43.6207 30.2428 29.9095 28.8557 27.4526 32.8089 27.1748 26.7161 27.5417
threshold=0.00028404031763784593 7.3907318115234384 0.98664098978042614 0.33586180210113531 0.82535797357559215 0.87777194380760204 -1.0000000180025095e-35 0.55738157033920299 1.0000000180025095e-35 -0.00051049506873823691 0.76942089200019848 0.19722913205623629 -0.00037036240973975504 -0.7577335238456725 1.0000000180025095e-35 0.00011018203804269434 0.76942089200019848 5.8234112262725839 0.66909530758857738 0.00011182672824361363 0.68039956688880932 0.86051779985427868 0.99740713834762584 1.0743949413299563 -1.2780820131301878 1.0000000180025095e-35 0.00022861422621645036 -0.00015501389862038192 7.4391035013832165e-05 1.9668111801147463
decision_type=2 2 2 2 2 2 2 2 2 2 2 2 2 2 2 2 2 2 2 2 2 2 2 2 2 2 2 2 2 2
left_child=1 -1 3 4 7 13 -7 15 9 -9 11 -8 -12 -6 20 16 -3 18 19 -10 21 24 25 -24 -5 26 -22 -4 -11 -30
right_child=-2 2 27 14 5 6 10 8 17 28 12 -13 -14 -15 -16 -17 -18 -19 -20 -21 22 -23 23 -25 -26 -27 -28 -29 29 -31
leaf_value=8.0155400379577915e-05 -0.00037475851493142811 0.032906678800318036 -0.020650420819639373 -0.051763066725077002 -0.019186624582753331 0.03351985942231539 -0.014835238709653276 -0.046330318017023295 0.015594745969627523 0.018263574423047137 0.10971010002849529 0.026321807842107182 0.012342419399358141 0.053250226672477113 -0.0026314265968007569 0.0049777132542399632 -0.019035818011977446 -0.020526914778906738 0.0013350201863009505 0.063837561514828639 0.021656535330222881 0.028712622960077417 -0.030784551717677147 0.017293304310345283 -0.0061703983264171708 0.0027455171663274495 -0.0021152744855172378 -0.0032240602899046736 -0.016706822725518933 0.0063423573993351082
leaf_weight=967085 637835 1299 546 91 161 1368 1702 136 786 503 69 497 1263 1428 25331 24094 317 482 2770 348 3600 792 542 214 3991 4933 942 6943 2286 793
leaf_count=967085 637835 1299 546 91 161 1368 1702 136 786 503 69 497 1263 1428 25331 24094 317 482 2770 348 3600 792 542 214 3991 4933 942 6943 2286 793
internal_value=-8.5344e-06 0.000101676 0.000801909 0.00108623 0.00225051 0.00545623 0.00327618 0.00163542 -0.00119694 -0.00484131 0.00049561 -0.00329695 0.00675676 0.0121775 -7.41913e-05 0.0025282 0.00897277 0.00189238 0.0033043 0.010582 0.00167825 -0.00139516 0.00314241 -0.00648148 -0.00347869 0.00391029 0.0067151 -0.00226332 -0.00382468 -0.00556999
internal_weight=1.69315e+06 1.05531e+06 88227 80738 40302 6488 4899 33814 8104 3718 3531 2199 1332 1589 40436 25710 1616 4386 3904 1134 15105 4874 10231 756 4082 9475 4542 7489 3582 3079
internal_count=1693147 1055312 88227 80738 40302 6488 4899 33814 8104 3718 3531 2199 1332 1589 40436 25710 1616 4386 3904 1134 15105 4874 10231 756 4082 9475 4542 7489 3582 3079
is_linear=0
shrinkage=0.05


Tree=133
num_leaves=31
num_cat=0
split_feature=19 5 8 5 4 3 4 5 10 10 6 19 5 6 10 21 7 8 2 4 1 5 6 3 20 1 4 10 8 5
split_gain=12.8158 22.7642 23.2037 28.1216 30.4809 20.6817 22.5261 24.1446 19.5536 23.8351 18.8357 18.2459 25.9271 27.4499 30.1802 32.8415 23.5453 20.0117 17.8603 16.8146 17.6773 16.3283 32.8415 23.2381 21.2759 16.0954 16.0487 15.8888 23.2415 32.5821
threshold=0.99930992722511303 -0.0064223564695566884 -8.2656631469726545 -0.00025260659458581353 0.00034880515886470681 -6.3570380007149638e-05 -0.00032194670347962523 -0.0010145981796085832 1.9385754466056826 1.5913242697715761 -2.750435352325439 0.995182365179062 -0.0006845849857199936 0.47052986919879919 1.4247708320617678 1.0000000180025095e-35 -1.4887700676918028 -6.2417395114898673 -0.00012341903493506831 -8.8904282165458412e-05 0.00055136973969638358 0.00068468254175968479 3.3001567125320439 0.0010075855534523728 -1.0000000180025095e-35 -0.00028682888660114253 -0.00042021162516903127 1.1179875135421755 9.458656311035158 0.0047392419073730716
decision_type=2 2 2 2 2 2 2 2 2 2 2 2 2 2 2 2 2 2 2 2 2 2 2 2 2 2 2 2 2 2
left_child=11 -2 10 4 5 -4 -7 -8 9 -5 -3 27 -13 14 16 -16 -14 -15 -18 20 -19 22 23 -21 -24 -11 -17 -1 29 -29
right_child=1 2 3 8 -6 6 7 -9 -10 25 -12 12 13 17 15 26 18 19 -20 21 -22 -23 24 -25 -26 -27 -28 28 -30 -31
leaf_value=0.00019065464809390198 -0.031569446309376768 -0.012189847835719038 -0.0072184762053801648 0.0057219374828322957 -0.029673037509564848 0.0407631674578025 -0.035594281531154341 0.0063715271555624181 -0.04128161998490977 -0.0048612692954811965 0.049892979963878363 0.0038757649233624905 -0.0020423806944540935 0.040163941190976771 0.024239720095185303 0.012239541375685004 -0.0041125232201266737 -0.017806303419936154 -0.013212552798227084 0.0022692429405799411 0.02528611950398409 -0.0038696639015482815 -0.021856345267121959 0.029759878098149242 0.11836047814566585 0.031724788261544991 -0.015379185574071775 -0.00048155631287055689 0.0054901046867210316 -0.0057878828866934299
leaf_weight=1238127 62 239 3987 13534 378 518 146 1051 62 59 537 5691 4534 116 621 256 3539 1014 7019 6092 58 4607 60 213 145 411 593 387294 5203 6981
leaf_count=1238127 62 239 3987 13534 378 518 146 1051 62 59 537 5691 4534 116 621 256 3539 1014 7019 6092 58 4607 60 213 145 411 593 387294 5203 6981
internal_value=-8.00285e-06 0.00121998 0.00130963 0.000982825 -0.00185855 -0.000947036 0.00364431 -0.000125313 0.00221101 0.00233505 0.00979381 -2.34128e-05 -0.00116037 -0.00176846 -0.00309745 0.0037415 -0.00376358 2.03169e-05 -0.00505778 -0.000176389 -0.00615672 0.000400288 0.00201229 0.00137193 0.0217073 0.0134043 -0.00265018 5.80115e-07 -0.000273607 -0.000317418
internal_weight=1.69315e+06 20984 20922 20146 6080 5702 1715 1197 14066 14004 776 1.67216e+06 34558 28867 16562 1470 15092 12305 10558 12189 1072 11117 6510 6305 205 470 849 1.6376e+06 399478 394275
internal_count=1693147 20984 20922 20146 6080 5702 1715 1197 14066 14004 776 1672163 34558 28867 16562 1470 15092 12305 10558 12189 1072 11117 6510 6305 205 470 849 1637605 399478 394275
is_linear=0
shrinkage=0.05


Tree=134
num_leaves=31
num_cat=0
split_feature=19 21 9 7 9 8 8 9 10 10 21 1 7 10 8 15 1 7 10 9 8 10 16 14 1 9 8 20 6 8
split_gain=12.9184 18.5814 32.5845 28.9887 25.7309 21.8559 17.7836 15.8074 15.3689 19.3896 15.9535 22.7481 15.4222 14.8943 13.7464 12.9874 16.2639 16.038 15.9282 18.2056 18.2306 17.2573 13.3329 12.8927 14.606 12.7311 21.3123 34.9237 25.9522 23.8199
threshold=-0.99988102912902821 1.0000000180025095e-35 0.00041411629354115581 2.9150170087814335 0.00017435000336263332 -0.34973530471324915 10.890838146209719 0.00065304336021654319 0.71046376228332531 0.96856191754341137 0.65450850129127514 9.8640819487627609e-05 2.3025454282760625 0.96856191754341137 -5.2483263015747061 0.71207973361015331 0.00010746140833362007 0.21310736984014514 1.0282146930694582 0.00030968731152825063 7.8286123275756845 1.1770282387733462 0.60904303193092357 0.90436711907386791 0.00038145655707921838 0.00029978234670124953 -10.891653537750242 -0.76942089200019825 -1.9363938570022581 -7.8385989665985099
decision_type=2 2 2 2 2 2 2 2 2 2 2 2 2 2 2 2 2 2 2 2 2 2 2 2 2 2 2 2 2 2
left_child=1 2 4 7 -1 8 15 -4 -3 12 -11 14 -10 -6 -12 16 -7 -18 -17 -20 21 -21 -19 25 -25 -2 27 28 -27 -28
right_child=23 5 3 -5 13 6 -8 -9 9 10 11 -13 -14 -15 -16 18 17 22 19 20 -22 -23 -24 24 -26 26 29 -29 -30 -31
leaf_value=0.030261955074677039 0.00013809402748582444 -0.033044638014046612 0.054330937640723324 -0.029226035625604524 0.016705411140343487 0.0020740198417858848 0.042476153921582618 0.007980201859413982 0.0093376819180212463 -0.006056444429884511 -0.028693477572225859 -0.046675266225117237 -0.077732150662388311 -0.0052543175545182565 -0.0036057806928215586 -0.02846977389239165 0.050094102764360986 0.075902076593725928 0.033361147693241541 0.021732931247893529 0.10689225653371048 -0.039903076992662004 0.014365838347167238 0.0013393781711773301 0.0091601428970283123 -0.00057878963078251695 -0.0042772227023992861 0.0011362212414587237 0.027283669115487859 -0.00037357328828490082
leaf_weight=616 1086067 36 304 60 784 1536 38 83 809 861 102 148 32 1652 252 229 157 39 142 32 21 63 662 28814 2760 495 21411 4853 1062 539027
leaf_count=616 1086067 36 304 60 784 1536 38 83 809 861 102 148 32 1652 252 229 157 39 142 32 21 63 662 28814 2760 495 21411 4853 1062 539027
internal_value=-9.12502e-06 0.0019173 0.00472992 0.0173378 0.00288336 9.6918e-06 0.00286057 0.0223514 -0.00370536 -0.00317604 -0.00685987 -0.0139442 0.00279429 0.000574713 -0.00706215 0.00241236 0.00392648 0.00944056 -0.0050308 0.00348837 -0.0112069 -0.0205263 0.00620542 -1.90265e-05 0.00098182 -3.81447e-05 -0.00023022 0.00263651 0.00915222 -0.000263009
internal_weight=1.69315e+06 8658 3499 447 3052 5159 2919 387 2240 2204 1363 502 841 2436 354 2881 2394 858 487 258 116 95 701 1.68449e+06 31574 1.65292e+06 566848 6410 1557 560438
internal_count=1693147 8658 3499 447 3052 5159 2919 387 2240 2204 1363 502 841 2436 354 2881 2394 858 487 258 116 95 701 1684489 31574 1652915 566848 6410 1557 560438
is_linear=0
shrinkage=0.05


Tree=135
num_leaves=31
num_cat=0
split_feature=18 19 9 18 18 20 5 5 9 5 19 19 18 9 18 9 6 3 5 8 9 18 18 19 9 20 8 9 8 9
split_gain=12.6724 38.0683 30.3551 24.2202 24.0628 35.8239 34.4928 34.4313 39.4242 33.5867 31.4707 45.689 34.7197 29.216 27.7985 27.6446 27.2345 26.4657 41.8462 25.8541 29.1333 25.2973 28.3441 73.0226 41.8096 39.8497 42.9227 29.7543 27.7464 34.1421
threshold=0.99930992722511303 1.0000000180025095e-35 0.00010507710976526143 0.9959998130798341 0.95305636525154125 -0.76942089200019825 0.0015581026091240349 0.0024484200403094296 0.00072658102726563822 -0.00024062309967121107 0.18437977880239489 0.1326885595917702 0.96535655856132518 4.8490544941159903e-05 0.99227553606033336 0.00024112046230584386 1.0820749998092654 0.00068408693186938774 0.00059676246019080292 -10.891653537750242 7.4391035013832165e-05 0.90538147091865551 0.8537760078907014 -0.45204447209835047 0.00042264873627573257 0.76942089200019848 7.3907318115234384 0.00011676720532705077 -3.6793740987777706 0.00018007815378950911
decision_type=2 2 2 2 2 2 2 2 2 2 2 2 2 2 2 2 2 2 2 2 2 2 2 2 2 2 2 2 2 2
left_child=3 2 -2 4 21 6 9 10 14 -6 11 -7 19 -14 -9 -16 -11 18 -13 20 -12 22 -1 24 25 27 -27 -24 29 -23
right_child=1 -3 -4 -5 5 7 -8 8 -10 16 12 17 13 -15 15 -17 -18 -19 -20 -21 -22 28 23 -25 -26 26 -28 -29 -30 -31
leaf_value=-0.00011112260700050225 -0.029991723084720603 0.0085789528755988442 -0.000666929212265438 -0.0029400496755269236 0.0016298594671992684 0.0029551587255908455 0.0093395546125224545 -0.00065948409122840168 -0.030781185099981775 -0.008995324192564191 -0.086114230538217346 0.018056309422095195 0.095316343219264826 -0.0038267723576603132 0.033986640707715579 -0.024533264601769401 -7.0673089161088498e-05 0.032093411188219803 -0.0061359304999954178 0.0038596981142063058 0.089476154763570681 -0.00047287175927508419 0.074226920940308069 -0.00053665619331092482 -0.0044091306183129285 0.02195054941658553 0.072839175292099517 0.0067198581678721619 -0.0010177347743170583 -0.009459392852891102
leaf_weight=1382730 581 11130 9312 29683 8701 57230 2384 2287 245 8751 21 8739 60 17665 37 329 4354 905 2144 9634 179 7212 121 39573 2577 3784 168 15613 57913 9085
leaf_count=1382730 581 11130 9312 29683 8701 57230 2384 2287 245 8751 21 8739 60 17665 37 329 4354 905 2144 9634 179 7212 121 39573 2577 3784 168 15613 57913 9085
internal_value=-9.36127e-06 0.00121058 -0.00104619 -2.46991e-05 8.82832e-07 0.000671572 -0.00105415 0.00109123 -0.00427881 -0.00167844 0.00125237 0.00182271 -0.000175986 -0.00149788 -0.0025066 -0.0153005 -0.00327738 0.00465728 0.00397409 0.00220663 0.02 -5.37275e-05 -7.47629e-06 0.00103985 0.00333064 0.0041146 0.00860324 0.00298716 -0.000954049 -0.00277658
internal_weight=1.69315e+06 21023 9893 1.67212e+06 1.64244e+06 123665 24190 99475 2898 21806 96577 69018 27559 17725 2653 366 13105 11788 10883 9834 200 1.51878e+06 1.44457e+06 61836 22263 19686 3952 15734 74210 16297
internal_count=1693147 21023 9893 1672124 1642441 123665 24190 99475 2898 21806 96577 69018 27559 17725 2653 366 13105 11788 10883 9834 200 1518776 1444566 61836 22263 19686 3952 15734 74210 16297
is_linear=0
shrinkage=0.05


Tree=136
num_leaves=31
num_cat=0
split_feature=9 17 4 9 19 7 21 3 19 5 19 6 9 8 15 8 7 9 4 11 9 17 8 8 5 21 4 19 6 8
split_gain=12.0915 17.0297 16.5459 22.3274 18.7828 22.8264 15.9493 13.9415 21.8371 17.3923 14.1799 22.3536 20.0747 18.9083 16.7208 15.743 16.019 15.0761 17.5579 14.4336 16.6436 14.6915 14.7399 14.0282 27.9466 13.7888 13.647 22.9371 35.659 32.2971
threshold=0.00077746369061060261 0.25957171618938452 0.0053789529483765372 0.0005033932684455068 -0.63775861263275135 4.144630193710328 0.65450850129127514 -0.0041346673388034097 0.98203879594802868 -0.0012848581536673007 0.99980485439300548 -1.6508749127387998 0.00070484689786098908 14.866724967956545 0.097271934151649489 6.7706108093261728 -1.9528589844703672 0.00044995050120633101 -0.00072973759961314489 0.45961867272853857 5.6667309763724922e-05 0.77173981070518505 -2.0960682630538936 -6.8756659030914298 -0.0013404229539446531 1.0000000180025095e-35 -0.00077620462980121363 -0.4752392172813415 0.072561975568532958 -10.891653537750242
decision_type=2 2 2 2 2 2 2 2 2 2 2 2 2 2 2 2 2 2 2 2 2 2 2 2 2 2 2 2 2 2
left_child=2 -2 7 -4 5 -5 -6 8 9 -1 19 14 13 23 -12 16 17 18 -16 20 21 22 -9 -13 25 -25 27 -21 29 -29
right_child=1 -3 3 4 6 -7 -8 10 -10 -11 11 12 -14 -15 15 -17 -18 -19 -20 26 -22 -23 -24 24 -26 -27 -28 28 -30 -31
leaf_value=0.013025893703311031 0.035006452516727175 -0.0013363766490221141 -0.028755093272137849 0.033495937644157411 0.017210739302788304 -0.0062104867664863452 0.046265049703568019 0.032962408407525672 -0.029692849740542274 0.047364849895254288 0.073449893405200611 0.046950107924207257 -0.035261045138230897 0.055503090899633525 0.0052910102548209166 -0.077626106704286865 0.017589461073061131 -0.049669591306794339 -0.021108378369488645 0.0018343102452278049 -0.0011618063148740477 -0.031685085771969559 0.0019873531820649329 0.0088121447934318975 0.0077027591983485971 -0.037991797979852526 -7.3793163712598819e-05 0.0079281236920651765 0.0049127670596716862 -0.00088367387329263414
leaf_weight=704 162 52608 172 168 562 705 131 1215 20 80 81 336 40 85 577 30 276 23 934 125526 126662 122 1815 96 8307 159 1218620 6104 12078 134749
leaf_count=704 162 52608 172 168 562 705 131 1215 20 80 81 336 40 85 577 30 276 23 934 125526 126662 122 1815 96 8307 159 1218620 6104 12078 134749
internal_value=-9.24314e-06 -0.000754216 1.47222e-05 0.00489068 0.00676884 0.00189003 0.0129149 9.55061e-06 0.00659204 0.00790816 6.31932e-06 0.00180007 0.00284274 0.00300011 -0.00309735 -0.00407609 -0.00348066 -0.00547588 -0.00486433 -5.74716e-06 -0.000511501 0.00307741 0.00376238 0.0027759 0.00238262 -0.0139216 3.81076e-05 0.000353915 -5.72153e-05 -0.000280789
internal_weight=1.69315e+06 52770 1.64038e+06 1738 1566 873 693 1.63864e+06 804 784 1.63784e+06 10944 9023 8983 1921 1840 1810 1534 1511 1.62689e+06 129814 3152 3030 8898 8562 255 1.49708e+06 278457 152931 140853
internal_count=1693147 52770 1640377 1738 1566 873 693 1638639 804 784 1637835 10944 9023 8983 1921 1840 1810 1534 1511 1626891 129814 3152 3030 8898 8562 255 1497077 278457 152931 140853
is_linear=0
shrinkage=0.05


Tree=137
num_leaves=31
num_cat=0
split_feature=18 19 5 4 9 4 18 18 21 10 5 19 19 6 7 15 8 9 9 9 5 9 18 7 9 10 10 5 9 8
split_gain=12.09 33.181 25.9827 25.7797 27.4017 23.4097 23.1732 30.3623 33.7703 35.8265 44.037 34.4708 46.0363 54.9819 36.191 33.0795 30.1996 31.9843 30.5812 27.0038 25.2834 27.2729 32.1766 24.5098 48.8402 46.424 39.0142 26.0326 23.5048 24.8909
threshold=0.99930992722511303 1.0000000180025095e-35 0.0015911907539702954 0.00080856771091930579 0.00010507710976526143 -0.00015501389862038192 0.99332016706466686 0.95819556713104259 0.65450850129127514 0.75056418776512157 0.00039575612754561012 -0.27353890240192408 -0.2015048488974571 -0.53425890207290638 5.4427886009216317 0.1448880732059479 -4.6696462631225577 0.00016660726396366957 0.00020967320597264918 0.00013746067997999492 -0.0016908328980207441 0.0003160546330036596 0.98995971679687511 0.6439165771007539 8.066349619184622e-05 1.3486322760581972 0.98005646467208873 0.0043213439639657744 0.0001503134844824672 13.136122703552248
decision_type=2 2 2 2 2 2 2 2 2 2 2 2 2 2 2 2 2 2 2 2 2 2 2 2 2 2 2 2 2 2
left_child=6 2 3 4 -2 -4 7 -1 15 10 -10 -11 13 -13 16 -9 17 19 -19 -14 -18 22 -22 24 26 -26 -17 -25 29 -12
right_child=1 -3 5 -5 -6 -7 -8 8 9 11 28 12 14 -15 -16 23 20 18 -20 -21 21 -23 -24 27 25 -27 -28 -29 -30 -31
leaf_value=-9.9665291604128514e-05 -0.028852673808578214 0.0081616269114827122 -0.048253810964245553 -0.01783988930406526 6.7023310952973872e-05 0.018000300706094662 -0.0024504039834296666 0.0289439088906988 0.051052795207989866 -0.014805933528935767 -0.035134284955162652 0.00094394911241230681 0.033063449865318242 0.030390504109387435 0.072413140770116888 0.012226185572562854 0.030941784717389887 -0.016257149266916567 0.015313583252341801 0.053984131995085005 -0.0027405477362389299 -0.014765440284139409 0.016247142735124377 0.0035816890663921577 -0.0030859327080930534 0.0091536898790067888 0.091801405445246176 -0.014201947919533532 0.048245673470877985 0.26074148907100742
leaf_weight=1528672 580 11130 42 1019 7501 751 44526 963 897 730 198 1642 642 2346 132 1403 285 576 803 420 7697 1197 1956 32847 39305 3805 409 522 129 22
leaf_count=1528672 580 11130 42 1019 7501 751 44526 963 897 730 198 1642 642 2346 132 1403 285 576 803 420 7697 1197 1956 32847 39305 3805 409 522 129 22
internal_value=-9.53845e-06 0.00118204 -0.000924896 -0.00168132 -0.000736295 0.00775536 -2.45197e-05 6.2669e-06 0.000855185 0.00270943 0.0109149 0.00215456 0.00259381 0.00732197 0.00121827 0.000394933 0.000964938 0.00600164 0.00097897 0.0125235 -0.000139201 -0.000525346 0.000357402 0.000281642 -0.000480833 -0.000818836 0.00756071 0.0013081 -0.00415473 -0.0140909
internal_weight=1.69315e+06 21023 9893 9100 8081 793 1.67212e+06 1.6276e+06 98926 19672 1246 18426 17696 3988 13708 79254 13576 2441 1379 1062 11135 10850 9653 78291 44922 43110 1812 33369 349 220
internal_count=1693147 21023 9893 9100 8081 793 1672124 1627598 98926 19672 1246 18426 17696 3988 13708 79254 13576 2441 1379 1062 11135 10850 9653 78291 44922 43110 1812 33369 349 220
is_linear=0
shrinkage=0.05


Tree=138
num_leaves=31
num_cat=0
split_feature=11 10 9 5 5 1 5 4 15 19 21 8 16 6 7 7 10 8 19 20 10 19 19 7 19 4 8 20 5 9
split_gain=12.0954 12.5232 21.9955 20.3812 20.9552 18.9638 19.0931 18.8346 18.0342 17.6026 24.5261 15.789 16.9735 16.781 15.7895 16.862 15.3033 21.2293 15.6022 14.8154 48.276 34.63 60.4205 40.3167 40.3019 50.5506 64.4901 38.687 35.1574 38.3758
threshold=3.2541915178298955 1.005371153354645 5.6667309763724922e-05 0.00019387512293178591 -0.00041335420974064613 0.00040934051503427332 0.0043213439639657744 -0.0059160899836570016 0.90756919980049144 0.9844242036342622 1.0000000180025095e-35 -3.0569686889648433 0.65681681036949169 0.80358999967575084 -0.14320790767669675 2.3745555877685551 0.58605727553367626 -0.25259141623973841 0.47907376289367681 1.0000000180025095e-35 1.6899983286857607 0.79202145338058483 0.89395666122436535 -3.7172652482986446 0.49052239954471594 0.0012265667319297793 2.3007742166519169 -0.76942089200019825 0.00039575612754561012 0.00025193899637088185
decision_type=2 2 2 2 2 2 2 2 2 2 2 2 2 2 2 2 2 2 2 2 2 2 2 2 2 2 2 2 2 2
left_child=1 7 3 4 -3 6 19 16 -9 -5 -11 14 13 -13 -7 -16 -1 18 -18 21 -21 23 27 -4 -25 26 -26 -23 29 -28
right_child=-2 2 5 9 -6 11 -8 8 -10 10 -12 12 -14 -15 15 -17 17 -19 -20 20 -22 22 -24 24 25 -27 28 -29 -30 -31
leaf_value=0.062086202584630316 0.0055334968840287995 -0.044304657715839448 0.0028773852734957531 -0.058828702324088628 0.03881083069448759 -0.00062813107816511726 -0.0044935668332649285 0.00021663815511943076 0.010089209117879595 0.085336189980275493 -0.034310688871684293 0.00063946752239315565 0.00088731535963892385 0.0085119492139284162 -0.010706083204935558 0.041984574158408131 -0.0048196828636965618 -0.027551311297036876 -0.036671581701335408 0.00027925592692149004 -0.0060756898256906118 0.015664851251824995 -0.00047916537250790596 -0.001256323017278438 -0.0055821062760523961 -0.012815648397466461 0.013667034737191787 0.0030982780241753938 -0.00083695577103684029 -0.012242726626109113
leaf_weight=27 6846 44 21122 102 760 13373 8268 953772 3567 49 63 3293 77744 4013 1943 102 1045 137 148 252470 6805 5392 54400 232418 22180 2855 2585 11014 6161 449
leaf_count=27 6846 44 21122 102 760 13373 8268 953772 3567 49 63 3293 77744 4013 1943 102 1045 137 148 252470 6805 5392 54400 232418 22180 2855 2585 11014 6161 449
internal_value=-8.59347e-06 -1.71085e-05 -0.000173514 0.00717092 0.0108209 -0.000183805 -0.000286128 0.000101596 0.00010994 -0.00654206 0.00714286 0.000453876 0.000720752 0.00302491 -0.00101829 -0.00511002 -0.00578482 -0.00654135 -0.00440067 -0.000254187 3.3748e-05 -0.000462385 0.000528204 -0.000706119 -0.000872686 -0.00247444 -0.00189482 0.00318786 0.00162588 0.00603164
internal_weight=1.69315e+06 1.6863e+06 727605 1018 804 726587 626119 958696 957339 214 112 100468 85050 7306 15418 2045 1357 1330 1193 617851 259275 358576 70806 287770 266648 34230 31375 16406 9195 3034
internal_count=1693147 1686301 727605 1018 804 726587 626119 958696 957339 214 112 100468 85050 7306 15418 2045 1357 1330 1193 617851 259275 358576 70806 287770 266648 34230 31375 16406 9195 3034
is_linear=0
shrinkage=0.05


Tree=139
num_leaves=31
num_cat=0
split_feature=10 19 18 4 5 9 18 8 5 9 19 8 18 18 9 20 18 3 8 21 4 7 15 2 19 5 19 8 19 9
split_gain=11.5811 18.784 27.9155 24.5343 29.8367 23.6755 24.3032 25.9938 26.453 24.2814 27.0373 29.8937 24.8163 23.0719 22.5203 23.445 22.0005 21.0264 20.8239 30.9769 20.0922 22.7801 22.0844 19.7412 21.3363 19.3784 29.2065 24.832 18.8153 19.9697
threshold=0.64857220649719249 0.98868870735168468 -0.60355451703071583 -0.00023001098452368748 -0.0023061680840328331 0.0007489442068617792 -0.7238691747188567 13.136122703552248 -4.4972715841140591e-05 0.00055919805890880536 -0.53176689147949208 4.6178934574127206 -0.94190874695777882 -0.68039956688880909 7.4391035013832165e-05 1.0000000180025095e-35 -0.39674647152423853 -0.00014577378169633445 0.10233605280518533 0.65450850129127514 5.7993640439235612e-05 6.4540045261383066 0.31540262699127203 0.0022951232967898254 -0.55375361442565907 0.0010215188376605513 -0.96185845136642445 0.55456757545471203 0.92304024100303661 0.00053318636491894733
decision_type=2 2 2 2 2 2 2 2 2 2 2 2 2 2 2 2 2 2 2 2 2 2 2 2 2 2 2 2 2 2
left_child=1 2 5 4 -4 6 7 8 9 10 11 -1 -11 -8 15 16 -6 -18 19 -15 22 -22 -10 24 -7 -5 -27 -28 29 -16
right_child=-2 -3 3 25 14 23 13 -9 20 12 -12 -13 -14 18 28 -17 17 -19 -20 -21 21 -23 -24 -25 -26 26 27 -29 -30 -31
leaf_value=-0.023688325077462536 -5.9280212965284745e-05 -0.0043637478005026601 0.021255690640340788 0.013532494626901943 -0.043291301970459141 0.056509951298008114 -0.031987348731392508 -0.028973602146818479 -0.0057638871390289339 -0.047313946426171143 0.00069454983963688219 0.071691319830608211 0.081181645165539371 -0.0056919664700545054 -0.0045435439065490968 0.054587727622684601 -0.020988101752926515 0.056939540868230526 0.0028061232068891887 -0.030159456338152327 0.0033714581694123669 0.094043849194074602 0.027216573186787454 0.032050959432088112 -0.035331588573069554 0.076859851814525176 0.039040370098292726 -0.0092272748457322192 -0.023139697881973009 0.076837664114052517
leaf_weight=589 1646877 6059 768 12920 197 29 147 565 363 27 4732 41 123 2738 3836 450 128 190 2846 675 2978 49 1697 24 244 127 411 2450 801 66
leaf_count=589 1646877 6059 768 12920 197 29 147 565 363 27 4732 41 123 2738 3836 450 128 190 2846 675 2978 49 1697 24 244 127 411 2450 801 66
internal_value=-8.59347e-06 0.000771558 0.00116262 0.00234067 -0.000264139 -0.000310629 -7.39898e-05 0.00133465 0.00189169 -0.000507983 -0.00106304 -0.0107937 0.0193333 -0.00252888 -0.00151729 0.00544041 -0.00184466 0.00628931 -0.00206902 -0.00470261 0.00449184 0.00189957 0.00830097 -0.0143098 -0.0181319 0.00339452 -0.00023427 -0.00127578 -0.00294493 -0.00151205
internal_weight=1.69315e+06 46270 40211 22344 6436 17867 17570 11164 10599 5512 5362 630 150 6406 5668 965 515 318 6259 3413 5087 3027 2060 297 273 15908 2988 2861 4703 3902
internal_count=1693147 46270 40211 22344 6436 17867 17570 11164 10599 5512 5362 630 150 6406 5668 965 515 318 6259 3413 5087 3027 2060 297 273 15908 2988 2861 4703 3902
is_linear=0
shrinkage=0.05


Tree=140
num_leaves=31
num_cat=0
split_feature=19 19 8 21 19 5 4 21 10 9 19 17 4 19 5 9 10 8 5 20 19 9 10 8 3 19 9 21 10 9
split_gain=11.6286 43.2454 37.5148 46.4638 36.6667 32.4182 46.1157 38.1821 52.1536 41.2674 31.4661 29.0247 27.2978 27.1987 40.1561 40.6844 33.9408 28.4006 31.9444 26.9267 47.1996 39.5982 29.1862 26.7248 28.4699 26.061 30.5902 28.7621 32.1164 26.5987
threshold=-0.8959035575389861 -0.82288655638694752 -6.6132924556732169 0.65450850129127514 -0.71477618813514698 0.0061428435146808633 0.0042824114207178363 0.65450850129127514 1.4086553454399111 0.00010507710976526143 -0.85149618983268727 1.1545535922050478 0.0017859474173747005 -0.97185599803924549 -0.0048454785719513884 0.00035594680230133241 0.60646018385887157 -10.28252601623535 -0.0019289668416604398 -1.0000000180025095e-35 -0.94622433185577381 0.00054189361981116246 1.0134850144386294 0.99644753336906444 3.6060160709894269e-05 -0.99428912997245777 0.00011513341814861634 1.0000000180025095e-35 1.0895788073539736 0.00038065634726081049
decision_type=2 2 2 2 2 2 2 2 2 2 2 2 2 2 2 2 2 2 2 2 2 2 2 2 2 2 2 2 2 2
left_child=13 2 3 11 5 6 7 8 12 -9 -4 -2 -3 16 -15 -16 -1 -17 -19 20 21 23 -23 -20 -25 29 -27 28 -28 -18
right_child=1 4 10 -5 -6 -7 -8 9 -10 -11 -12 -13 -14 14 15 17 25 18 19 -21 -22 22 -24 24 -26 26 27 -29 -30 -31
leaf_value=0.052618917631258838 0.021727894648717827 0.00071374913899826533 -0.0013925546368698306 -0.014524336710085984 -0.0001459495594411997 -0.012321067640734691 0.020479891195296814 0.097344572148037628 -0.012509733291002323 0.006588600909308762 -0.0058399824634824352 -7.6589228136558779e-05 0.0078864098383719435 0.012177378314565591 0.0036520803607035471 0.055478249719720464 4.6053616730573621e-05 -0.006298096520821795 -0.007895612477518377 -0.0018260937528803368 0.0073122409322854583 -0.026361266325467106 -0.0040757415656019315 0.028359317057782652 0.0025063895192294129 0.015480580511720876 -0.0024882641826900254 -0.00043218427168018048 -0.0077634743043101589 0.0060803687623957273
leaf_weight=321 2711 65988 48398 1207 1254086 1606 886 146 1891 18605 27630 1686 7342 3007 74273 132 48658 9146 1756 23122 11206 813 943 501 1249 1763 18629 42973 10637 11836
leaf_count=321 2711 65988 48398 1207 1254086 1606 886 146 1891 18605 27630 1686 7342 3007 74273 132 48658 9146 1756 23122 11206 813 943 501 1249 1763 18629 42973 10637 11836
internal_value=-8.65253e-06 -6.45868e-05 -0.00118213 0.00276588 2.96176e-06 0.00094232 0.00106159 0.00095454 0.000451337 0.00297317 -0.00147314 0.00515124 0.000662757 0.000298316 0.000826014 0.000686611 -0.00019545 -0.000433822 -0.000496553 0.000118717 0.00166383 -0.00224249 -0.0083713 0.000827153 0.0052 -0.000234208 -0.00086349 -0.0010223 -0.00223126 0.00053559
internal_weight=1.69315e+06 1.43218e+06 81632 5604 1.35055e+06 96464 94858 93972 75221 18751 76028 4397 73330 260965 126148 123141 134817 48868 48736 39590 16468 5262 1756 3506 1750 134496 74002 72239 29266 60494
internal_count=1693147 1432182 81632 5604 1350550 96464 94858 93972 75221 18751 76028 4397 73330 260965 126148 123141 134817 48868 48736 39590 16468 5262 1756 3506 1750 134496 74002 72239 29266 60494
is_linear=0
shrinkage=0.05


Tree=141
num_leaves=31
num_cat=0
split_feature=9 18 19 8 18 7 18 10 8 7 9 18 18 8 8 2 7 19 19 10 17 5 10 3 5 18 7 5 5 20
split_gain=10.8509 37.3385 26.5302 33.2433 24.9465 35.6496 35.9257 26.9417 23.3574 27.7217 22.9143 22.7157 47.2774 37.5333 27.1833 30.1721 28.2596 25.266 71.1613 49.619 37.6253 36.2931 47.9003 53.5203 35.539 49.7854 34.3682 33.6943 35.9513 31.945
threshold=0.00050973679753951739 -0.99959546327590931 0.99959546327590953 0.29552231729030615 0.66098293662071239 4.6175200939178476 0.76181921362876903 1.9385754466056826 2.2449215650558476 1.2820472717285158 0.00089337458484806131 -0.14565102010965345 -0.31523424386978144 -4.2187211513519278 -6.3602707386016837 0.00098650658037513516 -2.1567699909210201 -0.86493045091629017 -0.83025357127189625 1.1579663157463076 1.0952765345573428 0.002614831668324769 0.84023258090019237 0.00040111839189194148 0.0052893101237714299 -0.4752392172813415 -2.7081998586654659 0.0047392419073730716 0.0030537064885720615 1.0000000180025095e-35
decision_type=2 2 2 2 2 2 2 2 2 2 2 2 2 2 2 2 2 2 2 2 2 2 2 2 2 2 2 2 2 2
left_child=-1 8 4 -4 11 6 -6 -8 9 -2 -9 12 17 -14 16 -16 -13 19 21 26 -20 -19 23 -23 -22 -26 -3 28 -28 -21
right_child=1 2 3 -5 5 -7 7 10 -10 -11 -12 14 13 -15 15 -17 -18 18 20 29 24 22 -24 -25 25 -27 27 -29 -30 -31
leaf_value=7.4596677057287014e-05 0.012943356610179802 0.024817419308332866 -0.033539604965292867 -0.005160264784827207 -0.010690378036356786 0.023056788345313828 -0.0017587066541250918 -0.023859399309076525 0.045761060584429594 -0.034064997426623424 0.0012586764213475322 -0.002457882102275627 0.0027406892147225693 -0.0081535721566297018 0.0018290359148028235 0.0098485966846425643 -0.025816862422006592 -0.011537667260525353 -0.0015982935444928848 0.001826785292700467 0.0031139000880451018 0.067823243881232856 -0.004230365794673863 -0.0073903003084277892 -0.0083889171740977042 0.04439972139912584 0.0055452890549536173 0.018401910423870762 -0.0089470732687021211 -0.0066104127171763621
leaf_weight=1505936 675 1427 201 330 3491 579 14546 173 301 89 107 2060 2523 10214 17472 3942 435 7383 55406 9384 32988 211 1959 206 3562 175 9217 1206 1213 5736
leaf_count=1505936 675 1427 201 330 3491 579 14546 173 301 89 107 2060 2523 10214 17472 3942 435 7383 55406 9384 32988 211 1959 206 3562 175 9217 1206 1213 5736
internal_value=-9.3022e-06 -0.000368301 -0.000421712 -0.0115819 -0.000389785 -0.00211156 -0.00249768 -0.00142318 0.00896714 0.00431937 -0.0167857 -0.000194639 -0.000433443 -0.00334066 0.00123175 0.00180723 -0.00370741 -0.000148763 -0.000515262 0.00117624 -8.52048e-05 -0.00457526 0.000799663 0.0161871 0.00115589 -0.00346535 0.00343336 0.00253524 0.00162033 -0.00077381
internal_weight=1.69315e+06 187211 186146 531 185615 18896 18317 14826 1065 764 280 166719 142810 12737 23909 21414 2495 130073 101890 28183 92131 9759 2376 417 36725 3737 13063 11636 10430 15120
internal_count=1693147 187211 186146 531 185615 18896 18317 14826 1065 764 280 166719 142810 12737 23909 21414 2495 130073 101890 28183 92131 9759 2376 417 36725 3737 13063 11636 10430 15120
is_linear=0
shrinkage=0.05


Tree=142
num_leaves=31
num_cat=0
split_feature=14 12 10 4 18 10 8 21 6 8 18 5 5 21 4 18 5 10 6 4 5 21 10 8 18 8 18 18 8 8
split_gain=11.2159 14.8392 15.0115 15.6472 17.0861 36.2089 21.9285 23.4855 28.0178 19.1498 17.5434 19.7581 18.3972 17.5172 25.1839 16.9548 20.1098 21.1339 16.5348 24.7773 26.7663 24.0481 24.1202 17.9283 19.7347 17.4508 17.494 30.9798 17.7504 17.3512
threshold=0.073178116232156767 0.82243534922599804 0.97041389346122753 -0.00077620462980121363 -0.99280729889869679 1.4247708320617678 -5.612269163131713 0.65450850129127514 -1.4383614659309385 6.4417459964752206 -0.98734235763549794 -0.0016487414250150321 -0.0064223564695566884 0.65450850129127514 -0.0030747189885005351 -0.97485619783401478 0.00039575612754561012 1.1179875135421755 0.014323041308671238 0.00068992411252111207 -0.0017334934091195462 1.0000000180025095e-35 1.9385754466056826 3.5647381544113164 0.97581917047500621 -8.4983654022216779 0.22282424569129947 0.1456510201096535 -6.3602707386016837 7.2628960609436044
decision_type=2 2 2 2 2 2 2 2 2 2 2 2 2 2 2 2 2 2 2 2 2 2 2 2 2 2 2 2 2 2
left_child=-1 2 -2 4 5 6 7 -4 -9 10 12 -12 -6 -8 -15 16 17 -13 -5 29 -21 22 23 24 25 -22 27 28 -27 -20
right_child=1 -3 3 18 9 -7 13 8 -10 -11 11 15 -14 14 -16 -17 -18 -19 19 20 21 -23 -24 -25 -26 26 -28 -29 -30 -31
leaf_value=-0.00038821315002792736 0.00050701880855444359 0.0015332669755769857 0.0037643029049521772 -0.0014324250699122689 0.037176439648066009 -0.013444015429762391 0.010733414627590677 -0.037556289736131038 0.015126885533839363 -0.028242272105564844 -0.00078695443004330736 0.020894993743562396 -0.0087724178233917812 -0.034196296475232285 0.02919745602582351 0.0014406780300497135 0.041964920740423212 -0.0065911932930984192 0.0007309887514268254 0.016787806654734439 0.045024885979238309 -0.0023465483944360432 -0.010814868997902894 0.0021857572727329577 -0.012719294071684551 -0.040022400388794857 0.0030813023918271013 -0.03154206439836698 -0.0021179585913379097 0.0071477667213372571
leaf_weight=600657 499422 88385 1207 154711 73 369 2392 180 77 168 59014 610 1698 34 503 61653 113 409 111414 665 31 62097 543 25256 1318 33 6011 302 9149 4653
leaf_count=600657 499422 88385 1207 154711 73 369 2392 180 77 168 59014 610 1698 34 503 61653 113 409 111414 665 31 62097 543 25256 1318 33 6011 302 9149 4653
internal_value=-8.82971e-06 8.65912e-05 3.1919e-05 -0.000160398 0.000315953 0.00325493 0.00451855 -0.000478142 -0.0142023 0.000202848 0.000225783 0.000297621 -0.00471485 0.00701605 0.0151769 0.000915027 0.0069788 0.00475957 -0.000323114 -4.60555e-05 -0.000601015 -0.000664503 0.000249748 0.000384798 -0.000878651 -0.000380008 -0.000454985 -0.00179249 -0.00127423 0.000457925
internal_weight=1.69315e+06 1.09249e+06 1.0041e+06 504683 128500 4762 4393 1464 257 123738 123570 121799 1771 2929 537 62785 1132 1019 376183 221472 105405 104740 42643 42100 16844 15526 15495 9484 9182 116067
internal_count=1693147 1092490 1004105 504683 128500 4762 4393 1464 257 123738 123570 121799 1771 2929 537 62785 1132 1019 376183 221472 105405 104740 42643 42100 16844 15526 15495 9484 9182 116067
is_linear=0
shrinkage=0.05


Tree=143
num_leaves=31
num_cat=0
split_feature=12 10 19 19 9 19 19 8 21 17 9 8 19 9 7 6 9 8 8 10 19 20 9 6 6 8 5 5 10 19
split_gain=10.8665 11.0463 22.2274 20.0782 25.7829 17.3726 29.3159 28.5364 31.3811 28.6827 28.0983 26.7932 45.9737 26.1959 37.5569 37.2304 23.7512 50.4871 24.3359 23.5337 22.9483 22.1798 20.4482 19.7648 19.7535 23.3 25.1385 23.6597 22.3838 21.3748
threshold=1.3543596863746645 0.94470804929733287 -0.8959035575389861 0.99993813037872326 0.00054189361981116246 -0.83025357127189625 -0.71477618813514698 -6.4821996688842765 0.65450850129127514 1.1545535922050478 7.7547047112602754e-05 7.1360416412353525 -0.75039777159690846 0.00065304336021654319 -4.0008502006530753 1.100828289985657 0.00020516174117801714 2.9695768356323247 2.2449215650558476 0.7429979443550111 -0.85149618983268727 1.0000000180025095e-35 0.00020516174117801714 -0.54911047220230091 -1.7063748240470884 -5.612269163131713 0.00090278158313594769 -0.0040254744235426179 0.76822999119758617 -0.7238691747188567
decision_type=2 2 2 2 2 2 2 2 2 2 2 2 2 2 2 2 2 2 2 2 2 2 2 2 2 2 2 2 2 2
left_child=1 2 -1 -3 -5 7 10 8 9 -4 -7 13 -13 14 -12 -15 17 21 24 23 -9 -16 -21 -10 28 26 -26 -27 -18 -29
right_child=-2 3 5 4 -6 6 -8 20 19 -11 11 12 -14 15 16 -17 18 -19 -20 22 -22 -23 -24 -25 25 27 -28 29 -30 -31
leaf_value=0.0024492197119981851 0.0014706269839389607 -0.00030812937507191941 0.025567875417082633 0.014257692339099994 -0.03167083901981748 0.10435355732260479 -4.8095027422928599e-05 -0.0011377962569458222 -0.022394560853682112 -0.0095083854617254559 0.030439519435628892 -0.012085020017076998 0.018749628951333318 -0.0093851084630496417 -0.0020679013911449272 0.01394205991376204 0.031352006398239651 0.015932426475863737 0.00038889974006971477 -0.063845682135929005 -0.007598085037914243 -0.014889675965756211 -0.012498501750318658 0.059448967612669226 -0.0019299090139727306 0.04634187638676663 0.064162877236207325 0.012308878157691156 -0.0080161328415644939 -0.0050521708460504579
leaf_weight=80474 58993 908516 1571 3192 103 41 564352 20060 44 529 1007 3199 951 2658 3756 658 293 2018 8523 86 10058 2167 459 85 2785 258 96 13568 1679 968
leaf_count=80474 58993 908516 1571 3192 103 41 564352 20060 44 529 1007 3199 951 2658 3756 658 293 2018 8523 86 10058 2167 459 85 2785 258 96 13568 1679 968
internal_value=-8.12097e-06 -3.21879e-05 0.000113866 -0.000147892 0.0037481 1.56574e-05 7.61112e-05 -0.00110361 0.0037491 0.0067619 0.0013098 0.00127176 -0.00255422 0.00166444 0.00204483 -0.00259349 0.00177924 -0.00063594 0.00246006 -0.00563798 -0.00155057 -0.00296303 -0.0101835 0.0135659 0.003428 0.00395757 -0.000156196 0.00475869 -0.00131846 0.00449229
internal_weight=1.69315e+06 1.63415e+06 722343 911811 3295 641869 608977 32892 2774 2100 44625 44584 4150 40434 37118 3316 36111 7941 28170 674 30118 5923 545 129 19647 17675 2881 14794 1972 14536
internal_count=1693147 1634154 722343 911811 3295 641869 608977 32892 2774 2100 44625 44584 4150 40434 37118 3316 36111 7941 28170 674 30118 5923 545 129 19647 17675 2881 14794 1972 14536
is_linear=0
shrinkage=0.05


Tree=144
num_leaves=31
num_cat=0
split_feature=14 8 1 10 0 4 15 6 8 9 8 18 18 10 4 20 7 18 9 9 8 21 10 21 9 8 8 9 18 18
split_gain=11.1767 14.7398 12.3426 11.1563 21.0836 11.2345 11.0094 14.2959 27.6759 33.3289 27.3197 35.4233 40.5649 41.9376 28.4808 61.1556 36.0538 36.3004 33.3265 27.2166 31.4359 28.4145 27.7898 26.992 26.9643 26.5871 25.2428 25.0684 42.0858 30.5002
threshold=0.90436711907386791 -2.9364491701126094 0.00038145655707921838 0.88833904266357433 -0.00025367972557432944 -0.0018862681463360784 0.24673197418451312 0.45488324761390692 -6.8756659030914298 0.00022020580945536497 0.60376441478729259 -0.31523424386978144 -0.7589854598045348 1.1272466182708742 0.00016336298722308132 -1.0000000180025095e-35 -0.77540540695190419 -0.18008953332900998 0.00018119377637049186 0.00026639712450560188 8.5314836502075213 0.65450850129127514 0.5111239254474641 0.65450850129127514 0.00089337458484806131 4.1438903808593759 1.9783164262771609 0.0005033932684455068 0.94336524605751049 0.82535797357559215
decision_type=2 2 2 2 2 2 2 2 2 2 2 2 2 2 2 2 2 2 2 2 2 2 2 2 2 2 2 2 2 2
left_child=6 3 -3 4 -2 -6 -1 10 9 23 -8 12 13 19 15 27 17 25 -16 20 22 -22 -12 -9 -15 26 -17 29 -29 -13
right_child=1 2 -4 -5 5 -7 7 8 -10 -11 11 14 -14 24 18 16 -18 -19 -20 -21 21 -23 -24 -25 -26 -27 -28 28 -30 -31
leaf_value=0.0010710080611395334 0.039003885678024645 0.0027982768214645515 0.0097625877245585135 -0.0042120422363721042 -0.021240133432430076 0.0033161111186623795 2.968948681910666e-05 -0.0043045060428417827 0.00034462827625602048 -0.010140133589373664 0.040720006859058203 -0.0080963145986535263 0.003309978069585268 -0.0069094921890315965 0.0030331219827582027 -0.016068922539753571 -0.0027925856473274505 0.0041258541371168361 -0.001762526854133073 -0.0024965146539134512 0.018653780859207193 -0.0093584004200321542 0.0003279614119415464 0.019131311441641131 0.020951828452478827 -0.042670147952960591 0.0093171783612309329 0.015814615950492984 -0.028306910111987216 -0.0024336106641631885
leaf_weight=96953 205 19326 2421 6955 143 2794 602133 4219 633449 5776 182 30560 41102 7097 22717 710 49421 20377 57923 32002 2647 630 34558 1373 371 154 358 1151 181 15259
leaf_count=96953 205 19326 2421 6955 143 2794 602133 4219 633449 5776 182 30560 41102 7097 22717 710 49421 20377 57923 32002 2647 630 34558 1373 371 154 358 1151 181 15259
internal_value=-7.7666e-06 0.000920111 0.0016531 -0.000658611 0.00181413 0.000732039 -2.55522e-05 -5.75958e-05 0.000122903 -0.00232231 -0.00018417 -0.000559546 0.000124379 -0.000549124 -0.000967502 -0.00146186 -0.000535061 0.00116904 -0.000243056 -0.00016924 0.000735197 0.00541654 0.00029361 0.000429185 -0.00411087 -0.00720131 -0.00440075 -0.00285784 0.0039039 -0.00305441
internal_weight=1.69315e+06 31844 21747 10097 3142 2937 1.6613e+06 1.56435e+06 644817 11368 919533 317400 118589 77487 198811 118171 71020 21599 80640 70019 38017 3277 34740 5592 7468 1222 1068 47151 1332 45819
internal_count=1693147 31844 21747 10097 3142 2937 1661303 1564350 644817 11368 919533 317400 118589 77487 198811 118171 71020 21599 80640 70019 38017 3277 34740 5592 7468 1222 1068 47151 1332 45819
is_linear=0
shrinkage=0.05


Tree=145
num_leaves=31
num_cat=0
split_feature=18 18 15 9 4 5 4 4 7 4 16 20 4 18 20 5 4 9 5 5 3 18 2 10 5 20 9 5 4 9
split_gain=10.862 19.0516 21.1253 19.0258 28.9455 23.5256 50.8339 47.57 19.1715 23.5917 21.8958 19.0042 21.9078 18.0294 30.732 37.0223 48.6538 36.0662 32.667 30.646 28.4566 26.3299 24.3001 24.1573 25.2195 28.4402 25.3646 27.1018 23.083 29.4907
threshold=0.99930992722511303 0.99674141407012951 0.097271934151649489 0.00021664595988113436 -0.00060496150399558235 0.00066991057246923457 -0.00016288296319544313 -0.0003512224211590364 -1.5162979364395139 -4.9383668738300905e-05 1.0360810160636904 -0.76942089200019825 0.0019143366953358056 0.95305636525154125 -0.76942089200019825 0.0024484200403094296 0.0028223466360941534 0.00077746369061060261 0.0016634330968372526 -0.00024062309967121107 -0.0041346673388034097 0.99227553606033336 0.00029887263372074818 0.7429979443550111 0.00065573406754992913 1.0000000180025095e-35 0.00032505091803614056 -0.00062350992811843742 0.0030355228809639816 0.00024112046230584386
decision_type=2 2 2 2 2 2 2 2 2 2 2 2 2 2 2 2 2 2 2 2 2 2 2 2 2 2 2 2 2 2
left_child=1 13 -3 4 -2 6 -5 -7 10 -10 -6 12 -9 -1 18 16 20 21 19 -15 -16 -17 -21 24 25 26 27 -22 29 -23
right_child=3 2 -4 5 8 7 -8 11 9 -11 -12 -13 -14 14 15 17 -18 -19 -20 22 23 28 -24 -25 -26 -27 -28 -29 -30 -31
leaf_value=-9.5531441485208204e-05 0.023114150826833116 -0.041978999985913958 -0.0026779382771071891 0.0014689453650538532 0.0066132624906197757 -0.037024780615110768 -0.017121145151597152 0.0032581985537629477 0.017795770790722205 0.0019615191253576137 -0.019260700755562798 0.013866828982886038 -0.030596703023367779 0.0017109706330871166 -0.029952883523184527 -0.0011741449434649722 0.036484934035809304 -0.029227616403513759 0.010253064617824881 -0.007905365111305419 0.050306667599042877 0.025725673887083446 0.0017789754667927983 0.0021598735115246569 -0.010108571217435648 0.0060156672705037328 -0.034719637414096054 0.024937756736239016 0.02586292120946266 -0.023975036812608222
leaf_weight=1518776 1664 79 24658 3563 701 156 1941 433 2320 7265 888 1965 127 9033 80 2319 223 214 2169 11160 609 44 2796 94932 993 2103 82 1419 70 365
leaf_count=1518776 1664 79 24658 3563 701 156 1941 433 2320 7265 888 1965 127 9033 80 2319 223 214 2169 11160 609 44 2796 94932 993 2103 82 1419 70 365
internal_value=-9.24314e-06 -2.34432e-05 -0.00140074 0.0011202 0.00232123 -0.000763592 -0.00263445 0.00307721 0.00140505 0.0022483 -0.00368156 0.00473267 -0.00339286 -2.76195e-06 0.000565659 0.000946807 0.0011106 -0.00451527 -0.00100167 -0.00155509 0.00105869 -0.00300214 -0.00302379 0.00108251 0.00439877 0.0060883 0.0101896 0.0112919 -0.0136743 -0.0182152
internal_weight=1.69315e+06 1.67212e+06 24737 21023 12838 8185 5504 2681 11174 9585 1589 2525 560 1.64739e+06 128611 103453 100441 3012 25158 22989 100218 2798 13956 100138 5206 4213 2110 2028 479 409
internal_count=1693147 1672124 24737 21023 12838 8185 5504 2681 11174 9585 1589 2525 560 1647387 128611 103453 100441 3012 25158 22989 100218 2798 13956 100138 5206 4213 2110 2028 479 409
is_linear=0
shrinkage=0.05


Tree=146
num_leaves=31
num_cat=0
split_feature=8 5 7 7 18 19 20 3 15 18 19 9 19 9 15 7 9 18 9 18 18 20 9 19 7 20 10 8 5 17
split_gain=10.5904 32.4344 37.638 23.5168 21.0194 16.7448 16.0611 15.9674 19.2051 23.9347 18.7888 43.4241 25.629 20.4221 21.309 17.9114 26.19 25.4705 34.9465 34.4651 40.2793 30.6421 50.9129 29.5435 22.705 29.9889 24.454 22.6502 25.2427 21.4674
threshold=11.478415966033937 -0.0012045899638906119 -0.95104238390922535 1.3091756701469424 -0.96535655856132496 0.81537854671478283 -1.0000000180025095e-35 0.00063012060127221059 0.65204051136970531 -0.96185845136642445 0.96304282546043407 0.00016767749184509742 0.832677721977234 0.0002758622140390799 0.73859006166458141 4.2507410049438485 6.6695167333818986e-05 0.97081890702247631 0.0001503134844824672 0.8102954924106599 0.72687268257141124 1.0000000180025095e-35 0.00016096643230412158 0.58954745531082164 0.26025624573230749 -0.76942089200019825 0.69842174649238598 14.866724967956545 0.001626181823667139 1.0462919473648074
decision_type=2 2 2 2 2 2 2 2 2 2 2 2 2 2 2 2 2 2 2 2 2 2 2 2 2 2 2 2 2 2
left_child=-1 3 5 -2 -4 -3 -7 15 -9 -10 12 -12 -11 -13 -15 16 24 19 29 20 -18 27 -23 -22 -6 26 -26 28 -21 -19
right_child=1 2 4 -5 7 6 -8 8 9 10 11 13 -14 14 -16 -17 17 18 -20 21 23 22 -24 -25 25 -27 -28 -29 -30 -31
leaf_value=-4.8901572298953871e-05 -0.036326752288802895 0.056459029853761604 0.011640540887444595 0.012930663741926108 -0.063064081572696717 0.44072266655881159 -0.020093602624767982 -0.0065126160700169191 -0.043481548203622648 0.0073840126448701865 0.067771418776889955 -0.053388388723536018 0.040713223650984731 0.060681583349410498 -0.028468710245582764 -0.008891675142596478 6.4407475431116359e-05 -0.052204490221278425 0.037184560735570242 0.017071129906767579 0.034795065518334591 0.01643793805074284 -0.04440818791855955 -0.035442276255692205 0.11136236646295308 0.06249231543750209 -0.077024009315400876 0.12064262799681401 0.071593533391344305 0.027585384201930619
leaf_weight=1667113 148 206 3257 45 64 25 87 1210 57 5383 153 228 392 72 181 4571 6888 305 105 520 55 576 159 403 31 580 57 99 124 53
leaf_count=1667113 148 206 3257 45 64 25 87 1210 57 5383 153 228 392 72 181 4571 6888 305 105 520 55 576 159 403 31 580 57 99 124 53
internal_value=-9.65657e-06 0.000991012 0.00114353 -0.0194301 0.000930533 0.018239 0.00267857 0.000381748 0.00222772 0.00330962 0.0035965 -0.00457413 0.00449351 -0.0119543 -0.00217391 -0.000589445 0.000593872 -0.000123829 -0.0115551 0.000475975 -0.000925674 0.00744249 0.000204082 -0.0152838 0.00969945 0.0124251 -0.0147727 0.014603 0.0111801 -0.0189944
internal_weight=1.69315e+06 26034 25841 193 25523 318 112 22266 7676 6466 6409 634 5775 481 253 14590 10019 9287 463 8824 7346 1478 735 458 732 668 88 743 644 358
internal_count=1693147 26034 25841 193 25523 318 112 22266 7676 6466 6409 634 5775 481 253 14590 10019 9287 463 8824 7346 1478 735 458 732 668 88 743 644 358
is_linear=0
shrinkage=0.05


Tree=147
num_leaves=31
num_cat=0
split_feature=16 6 18 2 9 11 7 18 18 9 5 15 9 2 4 18 18 9 15 19 4 6 3 18 9 20 19 19 20 2
split_gain=10.1401 14.3808 16.0122 15.7075 15.5793 14.2835 11.628 17.8628 18.6113 13.105 22.2436 12.4772 12.2034 23.1251 22.6388 19.083 18.041 14.9317 14.1656 30.2199 20.8505 16.7556 12.363 10.7387 10.7122 40.7589 18.4105 17.5851 36.6725 25.4927
threshold=2.2640036344528203 -0.85641446709632862 0.51316559314727794 -0.00017707127699395639 0.00036461926356423652 0.87088429927825939 -6.0227084159851065 -0.97185599803924549 -0.99851059913635243 0.00026947888545691972 -0.0031562433578073974 0.22382126003503802 9.0755984274437665e-05 -9.4328799605136724e-05 -0.00025701845879666502 -0.8959035575389861 0.96759679913520824 0.00020967320597264918 0.21703663468360904 0.01527100056409836 -0.0014466074062511323 -1.6508749127387998 -0.00038687916821800167 -0.94622433185577381 0.0010354014812037351 -1.0000000180025095e-35 0.99851059913635265 0.86927726864814769 -0.76942089200019825 0.00098650658037513516
decision_type=2 2 2 2 2 2 2 2 2 2 2 2 2 2 2 2 2 2 2 2 2 2 2 2 2 2 2 2 2 2
left_child=6 3 -3 5 -4 -2 7 8 11 -10 -11 -1 13 15 -15 -9 -17 18 -14 -20 22 -22 -21 -19 -8 27 -27 -26 -29 -30
right_child=1 2 4 -5 -6 -7 24 12 9 10 -12 -13 17 14 -16 16 -18 23 19 20 21 -23 -24 -25 25 26 -28 28 29 -31
leaf_value=0.019760217542404868 -0.045880431878333162 0.0079222276885972717 0.0018572303860872053 -0.013151618338348527 -0.010408886583690258 0.0012407081102128459 -3.6829812025163117e-05 0.099166516634787746 -0.045538365202556136 -0.021198072082403287 0.076177892181873652 -0.055581289452440487 0.029051866254783312 0.003893009413182047 0.20521111424027882 -0.035410258046986609 0.20353949706761698 0.080827433559190365 -0.045766087823376961 0.027540934311325184 -0.019484782545057318 0.048499207605390462 0.095833275547875463 0.0018956197425613166 0.0020433586759864343 -0.0053823514773843565 0.023139862949088652 0.082238253261640165 -0.0092738209017414371 0.058571656217396385
leaf_weight=145 45 10043 4087 1385 610 9358 1642731 22 158 95 38 23 1621 143 40 435 25 113 92 143 296 21 41 2517 6908 11634 140 77 112 49
leaf_count=145 45 10043 4087 1385 610 9358 1642731 22 158 95 38 23 1621 143 40 435 25 113 92 143 296 21 41 2517 6908 11634 140 77 112 49
internal_value=-9.65657e-06 0.000979317 0.00199457 -0.000407861 -0.000415159 0.000324365 -2.47958e-05 0.00217828 -0.00729847 -0.0149485 -0.00338346 0.00595238 0.00296787 -0.00338346 0.0117486 -0.00912863 -0.0113043 0.0038398 0.0068654 0.000252951 0.00508982 -0.00268139 0.0184783 0.00129278 -3.27084e-05 -0.00121564 -0.00302361 0.00176322 0.0151261 0.0015528
internal_weight=1.69315e+06 25528 14740 10788 4697 9403 1.66762e+06 5968 459 291 133 168 5509 665 183 482 460 4844 2214 593 501 317 184 2630 1.66165e+06 18920 11774 7146 238 161
internal_count=1693147 25528 14740 10788 4697 9403 1667619 5968 459 291 133 168 5509 665 183 482 460 4844 2214 593 501 317 184 2630 1661651 18920 11774 7146 238 161
is_linear=0
shrinkage=0.05


Tree=148
num_leaves=31
num_cat=0
split_feature=14 0 16 5 18 18 3 19 17 8 4 18 9 20 17 18 17 9 17 18 8 11 8 9 6 19 5 19 20 9
split_gain=10.2075 12.7291 20.601 16.8409 16.7086 24.2856 16.0015 19.7011 16.1392 15.9735 33.3685 14.5272 25.2846 16.3712 14.4428 13.8082 27.4594 18.8214 15.9881 15.338 25.8042 16.367 13.6436 26.8828 18.7438 26.3791 15.1728 13.6234 13.3042 14.0368
threshold=0.073178116232156767 -7.5492127507459359e-05 0.94916132092475902 -0.0016908328980207441 -0.95037782192230214 -0.90164175629615773 0.0010622461559250953 -0.45204447209835047 1.0952765345573428 2.3007742166519169 -0.0001797539662220515 0.84688794612884533 0.00052543811034411203 0.76942089200019848 2.0699694156646733 0.21004468202590945 1.7631941437721255 0.00029794656438753014 2.8883281946182255 0.60006982088089 -9.8024978637695295 1.6173431873321535 -8.4983654022216779 0.00021664595988113436 -0.61292409896850575 -0.63775861263275135 -0.0040254744235426179 0.98664098978042614 -1.0000000180025095e-35 0.00026179118140134966
decision_type=2 2 2 2 2 2 2 2 2 2 2 2 2 2 2 2 2 2 2 2 2 2 2 2 2 2 2 2 2 2
left_child=-1 6 3 4 -3 -6 7 11 27 22 -11 15 13 -13 -5 18 17 -17 -2 20 21 -19 24 -24 -7 26 -26 -8 29 -25
right_child=1 2 -4 14 5 9 8 -9 -10 10 -12 12 -14 -15 -16 16 -18 19 -20 -21 -22 -23 23 28 25 -27 -28 -29 -30 -31
leaf_value=-0.00037138833191230347 0.0013408219916343556 0.0028562792335056486 0.00091569328769662843 0.00010143017317790771 -0.01184142655603 -0.0024675380955624772 -0.00072981395598369363 -0.00089712095582556448 -0.004726561185814388 -0.034324508100142835 0.0041972764259007424 0.0054685994973815216 -0.019483447242990223 0.022818324700952998 -0.017861520277920807 0.001717429848306651 -0.01212481038961466 0.051009097063087594 0.014384274454135893 -0.00035351558991869592 -0.0073006552847272648 -0.036652439999226565 0.012614831459345045 -0.014114612093037326 0.021225938676194035 -0.021548059560196571 -0.01106046089494518 0.02117695762941936 -3.381538713004284e-05 -0.0036034690838466724
leaf_weight=600657 79781 4738 393166 336313 2430 2906 12311 169084 13130 277 305 4069 340 1055 141 23897 2696 197 1546 8989 6303 51 1939 880 261 998 435 213 15343 8696
leaf_count=600657 79781 4738 393166 336313 2430 2906 12311 169084 13130 277 305 4069 340 1055 141 23897 2696 197 1546 8989 6303 51 1939 880 261 998 435 213 15343 8696
internal_value=-9.65657e-06 8.13737e-05 0.000192111 -7.26717e-05 -0.00105336 -0.00143603 -0.000181671 -7.85214e-05 -0.0013799 -0.00107054 -0.00927835 0.00038705 0.00290996 0.0037861 4.16104e-05 0.000275393 -0.00045926 -0.000125517 0.000655994 -0.00148005 -0.0033201 0.0125 -0.000918685 -0.00048775 -0.00343478 -0.00761511 -0.000143678 -9.5816e-05 -0.00092901 -0.0023914
internal_weight=1.69315e+06 1.09249e+06 768828 375662 39208 34470 323662 298008 25654 32040 582 128924 5464 5124 336454 123460 42133 39437 81327 15540 6551 248 31458 26858 4600 1694 696 12524 24919 9576
internal_count=1693147 1092490 768828 375662 39208 34470 323662 298008 25654 32040 582 128924 5464 5124 336454 123460 42133 39437 81327 15540 6551 248 31458 26858 4600 1694 696 12524 24919 9576
is_linear=0
shrinkage=0.05


Tree=149
num_leaves=31
num_cat=0
split_feature=11 17 20 8 12 19 18 9 7 8 8 5 8 21 5 19 5 6 8 6 10 8 8 5 9 5 9 10 8 9
split_gain=10.0081 11.708 10.272 10.6518 15.3875 9.81947 85.84 50.4789 32.1056 47.072 41.3032 31.6407 27.4446 23.7599 31.7958 23.3471 25.1741 25.3095 24.1114 23.6331 23.0535 22.5391 21.4026 21.1549 20.2911 20.1828 19.828 19.7775 18.4142 20.1724
threshold=3.2541915178298955 0.90039780735969555 0.76942089200019848 4.7688338756561288 -0.71030643582344044 0.99894830584526073 -1.0000000180025095e-35 5.6667309763724922e-05 -0.024696175009012219 -2.0367475748062129 4.2079894542694101 -0.0010796352289617059 -5.1637113094329825 0.65450850129127514 -0.0011309519177302716 0.995182365179062 -0.0006845849857199936 1.864291846752167 9.1960406303405779 -2.0116127729415889 1.3386096954345705 1.0484770536422732 14.866724967956545 -0.0064223564695566884 0.00044995050120633101 0.0011275011929683389 0.00040206861740443861 1.9385754466056826 -0.3018196821212768 0.00058903728495351981
decision_type=2 2 2 2 2 2 2 2 2 2 2 2 2 2 2 2 2 2 2 2 2 2 2 2 2 2 2 2 2 2
left_child=5 -2 3 4 -3 15 8 -8 10 11 12 -10 13 -7 -15 -1 19 18 -18 21 -11 24 23 -9 -17 -19 -14 -21 -28 -30
right_child=1 2 -4 -5 -6 6 7 22 9 20 -12 -13 26 14 -16 16 17 25 -20 27 -22 -23 -24 -25 -26 -27 28 -29 29 -31
leaf_value=-1.1845636090446199e-05 -0.013032389658254723 0.00064683098905686802 0.01464602115638235 -0.0061135397467866337 0.016170105571891993 0.042373474004679369 -0.050344625279586566 -0.040828293768770153 -0.056846402739170458 0.013138528361142709 -0.03915897786738233 0.10333287094160395 0.0021715383937249699 0.17184518887826578 -0.039097834240666686 -0.010790457047197055 -0.0050836562260470732 0.011810025057400343 -0.019318425140541429 0.0065297025134424709 0.029813679619736341 0.052208176635612162 0.048520218716553543 -0.00272175803054876 -0.053392685963889644 -0.010493139677315716 -0.04396889615809612 0.061846455558480229 -0.032740332157403323 0.032874848702514392
leaf_weight=1631215 226 2625 1450 1129 1416 1064 383 37 32 5485 306 531 3845 66 181 1012 20425 2254 901 3749 588 45 63 12843 30 1026 71 45 54 50
leaf_count=1631215 226 2625 1450 1129 1416 1064 383 37 32 5485 306 531 3845 66 181 1012 20425 2254 901 3749 588 45 63 12843 30 1026 71 45 54 50
internal_value=-8.94784e-06 0.00189892 0.00228097 0.00123791 0.00243752 -1.66933e-05 0.000955115 -0.0018235 0.00397213 0.00632911 0.00119745 0.0201599 0.00222285 0.00850496 -0.00546559 -3.16734e-05 -0.00142605 -0.00207673 -0.00270562 0.00185413 0.00504693 -0.00464581 -0.00129414 -0.00143634 -0.00614203 0.0020122 0.000174129 0.00371639 -0.0162857 -0.00288462
internal_weight=1.69315e+06 6846 6620 5170 4041 1.6863e+06 25599 13326 12273 6636 5637 563 5331 1311 247 1.6607e+06 29487 24606 21326 4881 6073 1087 12943 12880 1042 3280 4020 3794 175 104
internal_count=1693147 6846 6620 5170 4041 1686301 25599 13326 12273 6636 5637 563 5331 1311 247 1660702 29487 24606 21326 4881 6073 1087 12943 12880 1042 3280 4020 3794 175 104
is_linear=0
shrinkage=0.05


Tree=150
num_leaves=31
num_cat=0
split_feature=9 5 8 8 19 21 10 18 5 18 18 18 19 18 8 5 20 3 18 17 5 4 5 8 10 8 3 21 19 19
split_gain=10.1214 25.8217 22.5807 28.9428 44.0105 25.7789 31.283 29.8256 27.6109 36.4138 27.7368 26.098 24.6444 23.4941 22.4561 31.0756 20.8669 19.6573 19.608 18.8995 18.2485 17.41 17.1023 15.6763 19.5812 22.2737 15.394 15.2744 30.2499 21.703
threshold=4.8490544941159903e-05 0.00083203255780972551 11.478415966033937 0.79908627271652233 0.79994463920593273 1.0000000180025095e-35 0.99548134207725536 0.83985477685928356 2.5570065190549943e-05 -0.063225833699107156 0.22282424569129947 -0.063225833699107156 0.99851059913635265 0.98120620846748363 -7.4728212356567374 -0.00045282958308234805 -1.0000000180025095e-35 4.6907751311664476e-05 -0.080633651465177522 0.63056892156600963 0.00062607001746073376 0.0001883925360743888 -0.0001023762197291944 -10.891653537750242 0.63662120699882518 -4.6696462631225577 1.3172540548112012e-05 0.65450850129127514 0.33586180210113531 0.31109040975570684
decision_type=2 2 2 2 2 2 2 2 2 2 2 2 2 2 2 2 2 2 2 2 2 2 2 2 2 2 2 2 2 2
left_child=1 2 3 5 13 6 12 8 10 -10 11 17 14 22 19 18 -4 23 -16 21 -18 -1 -5 -7 -25 -26 -9 28 -24 -29
right_child=-2 -3 16 4 -6 7 -8 26 9 -11 -12 -13 -14 -15 15 -17 20 -19 -20 -21 -22 -23 27 24 25 -27 -28 29 -30 -31
leaf_value=0.084643301139853674 -2.9102371614614376e-05 -0.051169727838562912 -0.021140776240944393 0.097737336264624497 -0.022716592570998631 0.061096395475552727 0.16338759621028945 -0.0062608841538465132 0.018483045211381399 0.21516148414606354 0.10738548174818077 -0.038269838659405066 0.14857266285434473 -0.05722411589680515 -0.078878432392525233 0.013191906443040947 0.0881250341159239 0.045182382991661621 0.044967474804019018 -0.0068538721427912289 -0.0047533502972209266 -0.16386883466268065 -0.084880964500072292 0.0096890342071994998 -0.05996067746839015 -0.0058710125343608421 -0.072079065236478806 0.053954631988943125 0.083557814209864134 -0.043209149394108373
leaf_weight=220 1686434 171 89 140 1883 213 93 55 488 123 34 308 96 30 62 650 285 267 20 86 75 24 42 356 208 265 81 101 160 88
leaf_count=220 1686434 171 89 140 1883 213 93 55 488 123 34 308 96 30 62 650 285 267 20 86 75 24 42 356 208 265 81 101 160 88
internal_value=-8.5344e-06 0.00192909 0.00243045 0.00163302 -0.00257774 0.00445327 0.0102718 0.00141785 0.00278515 0.0118658 -0.000575409 -0.00151515 0.00803109 0.0097148 0.00583804 0.000956284 0.0132517 0.00156608 -0.0280488 0.0166667 0.0186111 0.0237705 0.0121469 -0.00153551 -0.00464415 -0.0113108 -0.0213235 0.00677749 0.0163366 -0.00343915
internal_weight=1.69315e+06 6713 6542 6093 2444 3649 1251 2398 2262 611 1651 1617 1158 561 1062 732 449 1309 82 330 360 244 531 1042 829 473 136 391 202 189
internal_count=1693147 6713 6542 6093 2444 3649 1251 2398 2262 611 1651 1617 1158 561 1062 732 449 1309 82 330 360 244 531 1042 829 473 136 391 202 189
is_linear=0
shrinkage=0.05


Tree=151
num_leaves=31
num_cat=0
split_feature=19 18 9 18 18 18 18 21 21 9 5 19 19 18 19 18 18 18 19 8 18 19 18 4 18 19 18 8 7 8
split_gain=9.79347 85.3309 81.9047 73.251 67.0942 63.587 77.5193 73.4526 62.8652 53.5269 39.3777 38.1392 44.6798 51.236 53.419 50.1134 45.4999 39.2656 67.7989 112.065 78.6389 64.4731 60.6074 47.1301 62.0221 85.455 58.2541 46.6372 45.439 59.9128
threshold=-0.8959035575389861 -0.20577672123908994 0.00037419672298710799 -0.38066601753234858 -0.31523424386978144 0.38469719886779791 0.31109040975570684 0.65450850129127514 0.65450850129127514 8.8437478552805273e-05 -0.0048454785719513884 -0.80773079395294178 -0.71477618813514698 0.58954745531082164 -0.79202145338058461 0.61048936843872081 0.66098293662071239 -0.063225833699107156 0.69934985041618358 0.24762461334466937 -0.65770241618156422 0.6411133110523225 -1.0000000180025095e-35 0.00041768173105083411 -0.55738157033920277 0.96304282546043407 -0.18008953332900998 9.1960406303405779 1.0000000180025095e-35 -2.0367475748062129
decision_type=2 2 2 2 2 2 2 2 2 2 2 2 2 2 2 2 2 2 2 2 2 2 2 2 2 2 2 2 2 2
left_child=1 2 3 -1 8 6 -3 -7 -5 -8 -4 -2 13 14 -13 -15 -17 18 21 20 -20 -14 28 -21 -25 -26 -27 -28 -19 -30
right_child=11 5 10 4 -6 7 9 -9 -10 -11 -12 12 17 15 -16 16 -18 22 19 23 -22 -23 -24 24 25 26 27 -29 29 -31
leaf_value=-0.0088539697758508625 -0.0020884815794078638 -0.00038648260651801274 0.012537441245008741 0.046697440088819021 0.007486063208877969 0.0019980210278254364 -0.073636812160316617 0.021723601822300039 0.00077662614538449588 -0.0065188412446833717 -1.6432681245959202e-05 0.016263306099051422 -0.00043154228065857563 -0.0078316968425579791 0.0034859345150798807 0.0058544510229034735 -0.0031558448670890916 0.0007747627490091336 -0.011970422089679789 -0.0020731930351576499 -0.004581755435499291 0.0058019056088255529 0.00024181548066584126 -0.0049761658169707353 0.020109176612191026 -0.0048387752677232498 0.01319324017415846 -0.011785502678919002 0.080608186395569451 0.01232803469897017
leaf_weight=2672 96475 148419 2745 5692 18231 14858 133 3688 1678 22129 40720 7421 417460 7422 33390 18548 14840 7954 7961 39290 54459 21545 671280 5932 6155 5349 6117 1279 804 8501
leaf_count=2672 96475 148419 2745 5692 18231 14858 133 3688 1678 22129 40720 7421 417460 7422 33390 18548 14840 7954 7961 39290 54459 21545 671280 5932 6155 5349 6117 1279 804 8501
internal_value=-9.06596e-06 0.000272642 0.00174106 0.00383582 0.00465802 -0.00028405 -0.000586181 0.0024965 0.00868385 -0.00333753 0.000378465 -6.03974e-05 8.94657e-06 0.00114248 0.00239519 -0.000110267 0.000715826 -6.48281e-05 -0.000373532 -0.00139321 -0.00290131 -7.96118e-05 0.000188733 7.48573e-05 0.00177996 0.00317989 0.000843468 0.00371823 0.00311432 0.0054863
internal_weight=1.69315e+06 260965 71738 28273 25601 189227 170681 18546 7370 22262 43465 1.43218e+06 1.33571e+06 81621 40811 40810 33388 1.25409e+06 565547 126542 62420 439005 688539 64122 24832 18900 12745 7396 17259 9305
internal_count=1693147 260965 71738 28273 25601 189227 170681 18546 7370 22262 43465 1432182 1335707 81621 40811 40810 33388 1254086 565547 126542 62420 439005 688539 64122 24832 18900 12745 7396 17259 9305
is_linear=0
shrinkage=0.05


Tree=152
num_leaves=31
num_cat=0
split_feature=10 21 18 19 5 4 15 18 19 9 9 15 18 3 9 1 20 18 19 4 21 20 18 5 4 9 5 4 10 1
split_gain=10.2354 31.7182 26.3008 21.0966 18.3357 18.8207 17.9251 14.847 22.839 45.7412 18.306 23.1085 21.3561 14.6975 14.5676 14.4667 14.3906 14.767 14.1005 35.5938 43.5962 16.7857 28.0947 26.3228 23.8473 15.1108 14.7675 13.733 12.4905 12.4904
threshold=0.55844441056251537 0.65450850129127514 0.96759679913520824 -0.96535655856132496 -0.00021611999545712021 0.00062297249678522359 0.15987338125705722 -0.91792565584182728 0.02835773024708033 0.00010130670489161277 0.00014777659816900271 0.47744849324226385 0.74460110068321239 -0.00061462333542294789 0.00014777659816900271 6.1092894611647366e-05 -0.76942089200019825 -0.98035496473312367 0.92961356043815624 0.0008417996286880226 1.0000000180025095e-35 0.76942089200019848 -0.69308573007583607 -0.0020411268342286344 -0.00088018158567138005 0.00066862133098766219 1.0000000180025095e-35 -0.0021389933535829182 0.5111239254474641 5.8351242842036306e-05
decision_type=2 2 2 2 2 2 2 2 2 2 2 2 2 2 2 2 2 2 2 2 2 2 2 2 2 2 2 2 2 2
left_child=1 3 4 -1 5 27 13 8 9 -8 -9 29 18 14 -5 -6 -10 -18 21 20 -20 23 -23 -13 -25 -21 -24 -3 -11 -12
right_child=-2 2 -4 6 15 -7 7 10 16 28 11 12 -14 -15 -16 -17 17 -19 19 25 -22 22 26 24 -26 -27 -28 -29 -30 -31
leaf_value=0.096801915623313445 -3.2524046931514673e-05 0.10490012527940801 0.58721462890915965 0.0488571562635048 0.0084731280706656486 -0.043942740769522065 -0.081438078388466117 0.011256929986213993 0.1531782607154358 0.17442841528535 -0.0065876472232674066 -0.035985892401281729 0.032777977769517831 -0.04724684278279756 -0.022736272348216281 -0.017999456295140603 0.09663380611073645 0.012385263685937509 0.077638848136402955 0.092974562655805157 -0.027845014690734929 0.093847781257804908 0.029021482684994094 0.061075993406971632 -0.0075972090031340318 -0.025006325200692771 -0.02127919971878587 -0.02019319913145794 0.0041066922849652635 -0.027377901498903925
leaf_weight=93 1679608 20 30 44 1334 179 45 7285 63 59 700 193 161 145 37 506 54 147 86 155 209 63 69 47 505 22 73 861 122 232
leaf_count=93 1679608 20 30 44 1334 179 45 7285 63 59 700 193 161 145 37 506 54 147 86 155 209 63 69 47 505 22 73 861 122 232
internal_value=-6.52631e-06 0.00136273 -0.00324232 0.00263456 -0.00372414 -0.00896226 0.00242488 0.00273081 0.0112245 -0.000442478 0.00230612 -0.00137177 0.00230575 -0.0115044 0.00555556 -0.000706522 0.0212121 0.0146766 0.000351617 0.00741525 -0.00322034 -0.00315789 0.0095122 -0.0066443 -0.00108696 0.0251412 -0.0028169 -0.00595914 0.0107735 -0.00761803
internal_weight=1.69315e+06 13539 2930 10609 2900 1060 10516 10290 490 226 9800 2515 1583 226 81 1840 264 201 1422 472 295 950 205 745 552 177 142 881 181 932
internal_count=1693147 13539 2930 10609 2900 1060 10516 10290 490 226 9800 2515 1583 226 81 1840 264 201 1422 472 295 950 205 745 552 177 142 881 181 932
is_linear=0
shrinkage=0.05


Tree=153
num_leaves=31
num_cat=0
split_feature=15 19 7 10 2 5 9 18 17 8 7 5 0 18 9 5 18 18 19 8 19 15 9 7 10 19 19 8 15 7
split_gain=9.93417 15.1213 18.4094 19.9849 17.8184 16.2104 14.5157 20.0773 14.1677 13.4619 12.8257 11.2596 10.8938 12.8331 10.4934 27.5562 74.2942 53.3917 34.6945 34.0086 48.4441 37.3402 24.9273 30.3058 24.5762 35.6652 33.8182 32.7519 22.9653 21.7199
threshold=0.90756919980049144 0.98664098978042614 4.7778623104095468 0.80774924159049999 0.00041220035927835857 1.0000000180025095e-35 0.00025900347100105142 0.84688794612884533 0.41654896736145025 -13.293497562408445 5.1724565029144296 0.001174891891423613 9.3515318440040587e-05 -0.99771150946617115 0.00026639712450560188 0.0012213279260322454 -0.14565102010965345 -0.55738157033920277 0.78396254777908336 4.6897687911987314 -0.59657368063926686 0.51406270265579235 9.7269094112562029e-05 2.6065882444381718 0.7579837739467622 0.58954745531082164 0.44424325227737432 -4.3620412349700919 0.24104773998260501 1.1221222281455996
decision_type=2 2 2 2 2 2 2 2 2 2 2 2 2 2 2 2 2 2 2 2 2 2 2 2 2 2 2 2 2 2
left_child=14 6 3 5 11 -3 9 8 -8 -2 -6 -4 -11 -14 15 -1 17 18 19 20 -17 -22 23 -19 25 26 -18 -27 -26 -20
right_child=1 2 4 -5 10 -7 7 -9 -10 12 -12 -13 13 -15 -16 16 24 22 29 -21 21 -23 -24 -25 28 27 -28 -29 -30 -31
leaf_value=-2.4308511630266595e-07 1.0350536349067363 0.098676947948265828 0.0049864874300671108 0.058682350154445187 -0.061691831737379327 -0.076648198710176321 0.058250074947000942 0.024047089572510838 0.004599422555073074 0.0028764906339457442 0.03658127024584195 -0.056326644743647153 -0.052756642219925681 -0.0090130760663349029 -0.00030420472542405652 0.047989663516199599 -0.0038714949044041051 -0.066401645129450779 0.089520108643262625 0.0080865385559050987 0.0080648283846229026 -0.0062971361243450603 0.020343423450650419 0.0088078819189003395 -0.02526208699289037 0.051814353401526493 0.03202814468905342 -0.016247308241455618 0.00076148942287073145 -0.021435256487481732
leaf_weight=873163 20 20 54 113 25 35 73 383 2595 2012 175 40 30 1523 708704 249 3910 60 78 16797 3849 7072 5378 126 406 79 687 4049 60542 900
leaf_count=873163 20 20 54 113 25 35 73 383 2595 2012 175 40 30 1523 708704 249 3910 60 78 16797 3849 7072 5378 126 406 79 687 4049 60542 900
internal_value=-6.93974e-06 0.00185968 0.0106061 0.0238095 0.00306122 -0.000909091 0.00125075 0.00378564 0.00224888 -0.000906555 0.0115 -0.0148936 -0.00113604 -0.00428203 -1.47979e-05 9.14211e-05 0.000860033 0.00275725 0.00189497 0.00221869 8.0573e-05 -0.000416629 0.00724299 -0.0107527 -7.96578e-05 -0.0025616 0.000467696 -0.00593508 0.000275645 -0.00736196
internal_weight=1.69315e+06 7098 462 168 294 55 6636 3051 2668 3585 200 94 3565 1553 1.68605e+06 977345 104182 34509 28945 27967 11170 10921 5564 186 69673 8725 4597 4128 60948 978
internal_count=1693147 7098 462 168 294 55 6636 3051 2668 3585 200 94 3565 1553 1686049 977345 104182 34509 28945 27967 11170 10921 5564 186 69673 8725 4597 4128 60948 978
is_linear=0
shrinkage=0.05


Tree=154
num_leaves=31
num_cat=0
split_feature=14 7 6 12 19 3 19 15 10 2 8 10 21 8 5 3 7 19 19 7 2 19 5 19 19 5 21 19 7 19
split_gain=9.58884 14.0717 14.7203 13.1496 12.4427 9.88793 10.8324 9.85988 33.4378 12.8748 13.482 12.4638 31.971 50.4317 30.9121 24.6002 19.9443 19.305 20.3788 23.9343 17.991 17.4357 16.3014 22.5481 15.4123 14.2808 13.3353 18.4981 24.5948 19.0407
threshold=1.3902963995933535 -1.4887700676918028 -1.1335853934288023 1.0000000180025095e-35 0.77300861477851879 -0.00037036240973975504 0.71782085299491893 0.1448880732059479 0.5111239254474641 -0.00015596771845594046 -1.0576240420341489 0.55844441056251537 0.65450850129127514 1.9213768839836123 0.0010628413874655964 -0.00051049506873823691 -6.0227084159851065 0.68993380665779125 0.65110388398170482 5.1724565029144296 -0.00030525216425303364 0.093673683702945723 -0.00055039170547388483 0.9844242036342622 -0.96868926286697377 -0.0048454785719513884 1.0000000180025095e-35 0.02835773024708033 -2.2610210180282588 0.19722913205623629
decision_type=2 2 2 2 2 2 2 2 2 2 2 2 2 2 2 2 2 2 2 2 2 2 2 2 2 2 2 2 2 2
left_child=7 2 4 -3 5 6 -2 8 -1 -10 -11 12 17 15 22 -14 -17 18 19 24 -16 -21 23 -15 -9 -19 27 28 -26 -29
right_child=1 3 -4 -5 -6 -7 -8 11 9 10 -12 -13 13 14 20 16 -18 25 -20 21 -22 -23 -24 -25 26 -27 -28 29 -30 -31
leaf_value=-0.056879320008092683 0.0017101982844368313 0.0034555819035544501 -0.022863622860192591 0.019897699171724237 -0.017279337175440303 0.033249357886342666 0.064457199144502028 0.10297540427256749 0.0020834885327741027 0.01531569188724205 -0.0047089413479208479 -7.1875322606906885e-05 -0.064598368258578634 -0.056753337874967259 0.045260323114952643 0.061513969595830047 -0.022681068137341321 -0.027115974847816027 0.060172579282654626 -0.053218590185587972 -0.026567647174189579 -0.01038915744721769 0.044227165829388772 0.12126155472298013 -0.06458567829883613 0.0042443681133981781 0.02284205938758805 0.11967202840875163 -0.00045853428706540413 0.0064322959157981034
leaf_weight=102 1112 1524 299 1323 437 188 25 77 17269 1664 561 1655387 53 66 22 32 1547 99 146 54 357 109 780 25 68 6520 1624 85 251 1341
leaf_count=102 1112 1524 299 1323 437 188 25 77 17269 1664 561 1655387 53 66 22 32 1547 99 146 54 357 109 780 25 68 6520 1624 85 251 1341
internal_value=-6.34912e-06 0.00220049 -0.000946143 0.0044784 0.000794552 0.00320755 0.00145119 -1.27648e-05 0.00110227 0.00125167 0.00483146 -2.58593e-05 0.00150121 -0.00315753 0.0044 -0.00894608 -0.00782141 0.00279545 0.00565912 0.00491826 -0.00751979 -0.0138037 0.00958668 -0.0104396 0.00580383 0.00117087 0.00529831 0.00226361 -0.00862069 0.00469846
internal_weight=1.69315e+06 4908 2061 2847 1762 1325 1137 1.68824e+06 19596 19494 2225 1.66864e+06 13256 2882 1250 1632 1579 10374 3755 3609 379 163 871 91 3446 6619 3369 1745 319 1426
internal_count=1693147 4908 2061 2847 1762 1325 1137 1688239 19596 19494 2225 1668643 13256 2882 1250 1632 1579 10374 3755 3609 379 163 871 91 3446 6619 3369 1745 319 1426
is_linear=0
shrinkage=0.05


Tree=155
num_leaves=31
num_cat=0
split_feature=19 8 5 11 3 21 9 5 4 20 3 8 5 8 7 3 9 20 5 9 9 7 17 0 16 5 21 3 5 20
split_gain=9.57052 17.2238 23.0696 18.9209 17.2522 16.9687 24.6745 25.0579 22.3316 17.5175 15.6229 16.4304 15.1151 17.7467 15.2464 12.9778 13.8141 13.7729 20.2413 18.8726 13.3231 11.9071 11.4 11.4342 12.8373 10.7902 10.7521 12.163 10.2258 17.1294
threshold=-0.99988102912902821 -0.3018196821212768 -0.0010145981796085832 1.1177002191543581 -8.6937154264887781e-05 1.0000000180025095e-35 0.00039855096838437026 -0.0033305851975455876 -4.1157854866469272e-05 1.0000000180025095e-35 0.00024655403103679424 -2.1492030620574947 -0.00019275020167697218 -2.8762601613998409 -0.75045055150985707 0.00058067863574251543 0.0003617254260461778 -0.76942089200019825 0.00096078237402252864 0.00014136235404293987 0.00017659877630649137 2.5278128385543828 0.46556195616722112 0.00027158149168826645 1.0492193102836611 0.00052670665900222968 0.65450850129127514 0.00018708146671997386 0.00061153547721914958 0.76942089200019848
decision_type=2 2 2 2 2 2 2 2 2 2 2 2 2 2 2 2 2 2 2 2 2 2 2 2 2 2 2 2 2 2
left_child=1 5 3 -3 -4 6 8 -8 9 -1 11 -11 14 -14 -10 16 17 18 20 -19 21 -6 -7 -24 -25 26 -21 -28 -17 -30
right_child=-2 2 4 -5 15 22 7 -9 12 10 -12 -13 13 -15 -16 28 -18 19 -20 25 -22 -23 23 24 -26 -27 27 -29 29 -31
leaf_value=0.03093805936970442 -2.7775517956696306e-05 0.073128898377941107 -0.0040874874178290724 0.00042057531203011926 -0.036376503929602969 -0.0498708490438649 -0.0080990593950822417 0.056570284622323878 0.03200738275080315 0.00096273189693177894 0.13279074142041897 -0.043186787501090819 0.043292086466451316 -0.018903577062564639 -0.049266862925992583 -0.012241294611454534 0.040234697465446514 0.076147547601052093 0.039124825569771642 0.026651617163284881 0.0015866101063359507 0.010764746800160919 -0.0054813172191759746 -0.045358828689558095 -0.0093816370539052014 0.0035209995448646004 0.038194389240246686 -0.021642073324302315 0.018544558182993599 -0.014036805347222753
leaf_weight=442 1684489 82 1399 50 101 34 84 190 43 314 40 110 42 131 142 320 148 219 111 423 132 30 2022 61 149 670 46 85 836 202
leaf_count=442 1684489 82 1399 50 101 34 84 190 43 314 40 110 42 131 142 320 148 219 111 423 132 30 2022 61 149 670 46 85 836 202
internal_value=-6.46725e-06 0.00165165 0.00362588 0.0242424 0.00304956 -0.000867508 0.00318596 0.0167883 0.000237342 0.00441501 -0.00237069 -0.00518868 -0.0103352 0.000289017 -0.0202703 0.00501053 0.00760814 0.00641167 -0.00213904 0.00862786 -0.00969582 -0.0209924 -0.00361871 -0.003181 -0.0142857 0.00620915 0.0113718 -0.00114504 0.00125184 0.00366089
internal_weight=1.69315e+06 8658 4854 132 4722 3804 1538 274 1264 906 464 424 358 173 185 3323 1965 1817 374 1443 263 131 2266 2232 210 1224 554 131 1358 1038
internal_count=1693147 8658 4854 132 4722 3804 1538 274 1264 906 464 424 358 173 185 3323 1965 1817 374 1443 263 131 2266 2232 210 1224 554 131 1358 1038
is_linear=0
shrinkage=0.05


Tree=156
num_leaves=31
num_cat=0
split_feature=19 8 5 11 3 15 14 13 20 9 5 9 5 9 8 7 3 5 9 8 3 8 11 17 16 12 2 15 17 9
split_gain=9.55689 14.7994 21.7173 17.7568 15.8127 15.7882 11.0555 10.4915 10.079 13.4277 13.5755 14.91 12.6227 16.171 11.4715 10.9279 10.7827 10.0119 19.5268 9.86491 13.7422 18.1011 11.5359 11.0666 15.4755 9.75386 15.5071 9.73379 9.63614 9.57681
threshold=-0.99988102912902821 -0.3018196821212768 -0.0010145981796085832 1.1177002191543581 -8.6937154264887781e-05 0.55522152781486522 0.44671307504177099 0.073955360800027861 -1.0000000180025095e-35 0.00014264654600992802 -0.0026634606765583153 0.0011624655453488233 0.00044651792268268769 0.00025605213886592543 -2.592255592346191 1.4480540752410891 0.00038479316572193062 -0.0027713995659723874 0.00047181016998365527 1.0484770536422732 -0.00061462333542294789 3.1427574157714848 0.79531100392341625 0.90788948535919201 0.64657774567604076 -0.032188419252634042 -9.8024644103134037e-05 0.43231610953807836 0.74532949924469005 0.0002758622140390799
decision_type=2 2 2 2 2 2 2 2 2 2 2 2 2 2 2 2 2 2 2 2 2 2 2 2 2 2 2 2 2 2
left_child=1 7 3 -3 19 6 -6 27 15 -10 11 14 -12 -14 25 17 -15 -9 -19 22 21 -21 23 24 -4 -11 -27 -1 -26 -7
right_child=-2 2 4 -5 5 29 -8 8 9 10 12 -13 13 16 -16 -17 -18 18 -20 20 -22 -23 -24 -25 28 26 -28 -29 -30 -31
leaf_value=0.017715387626938563 -2.638674205885927e-05 0.069472453459044056 0.064094811207081687 0.00039954654642861413 0.018700175855155377 0.012123943220119504 0.046967153652165285 -0.01134112268699547 0.034267751424554259 0.027867325856953909 -0.021562449929962181 -0.052499689667114768 0.044768762622527006 -0.067070238855119799 0.096363596226077916 -0.047061818964592106 0.04027678758710998 0.0059281769524120011 0.061580648665069161 -0.0079290244478060819 -0.017637591977895918 0.041191191657081405 -0.0036508074851729802 0.05891430743716819 -0.056893269594870538 -0.031227391310211294 0.034060671133210922 -0.0054488017386693961 0.017719505781201995 -0.0023105456717395501
leaf_weight=655 1684489 82 32 50 743 1510 148 128 112 96 1119 20 63 37 21 54 23 726 42 144 731 91 295 59 23 36 22 650 24 922
leaf_count=655 1684489 82 32 50 743 1510 148 128 112 96 1119 20 63 37 21 54 23 726 42 144 731 91 295 59 23 36 22 650 24 922
internal_value=-5.28601e-06 0.00165165 0.00348166 0.0234848 0.00292249 0.00479988 0.0104938 -0.000683491 -0.00258103 -0.00506779 -0.00636743 0.00589744 -0.00829308 0.00691057 0.0105714 0.00147368 -0.0116667 0.00279018 0.00494792 -0.00153681 -0.00434783 0.00617021 0.00473441 0.0166667 0.00443038 0.00584416 -0.0103448 0.00295019 -0.0138298 0.00271382
internal_weight=1.69315e+06 8658 4854 132 4722 3323 891 3804 2499 1549 1437 195 1242 123 175 950 60 896 768 1399 966 235 433 138 79 154 58 1305 47 2432
internal_count=1693147 8658 4854 132 4722 3323 891 3804 2499 1549 1437 195 1242 123 175 950 60 896 768 1399 966 235 433 138 79 154 58 1305 47 2432
is_linear=0
shrinkage=0.05


Tree=157
num_leaves=31
num_cat=0
split_feature=18 5 15 19 7 10 15 18 18 20 19 19 5 19 5 19 18 5 10 20 15 4 21 4 5 20 18 4 19 21
split_gain=9.43687 20.2589 20.3187 14.8058 19.0937 16.7737 22.2298 14.574 25.1057 38.1392 51.3397 33.9378 27.0955 21.959 43.4133 30.3226 37.1054 25.5119 29.1672 24.9664 21.4931 19.5032 30.7482 26.4118 19.5531 23.1087 18.9637 52.0366 41.3145 36.2055
threshold=0.99959546327590953 -0.0048454785719513884 0.20961191505193713 1.0000000180025095e-35 5.1724565029144296 0.84023258090019237 0.72250407934188854 0.99332016706466686 0.96065577864646923 -0.76942089200019825 0.19722913205623629 0.24826665222644809 0.0012939542648382487 0.067579798400402083 -0.0019289668416604398 0.02835773024708033 0.99740713834762584 0.001868706080131233 1.5241824388504031 -1.0000000180025095e-35 0.1448880732059479 -0.00076009903568774451 1.0000000180025095e-35 -0.0028529592091217633 -9.0871410066029043e-05 1.0000000180025095e-35 0.97768935561180126 -0.00029380463820416475 0.1326885595917702 0.65450850129127514
decision_type=2 2 2 2 2 2 2 2 2 2 2 2 2 2 2 2 2 2 2 2 2 2 2 2 2 2 2 2 2 2
left_child=7 2 -2 4 -3 6 -5 8 -1 12 20 -12 -10 15 -15 16 21 18 -16 -20 -11 22 23 -9 25 -23 27 -22 -28 -29
right_child=1 3 -4 5 -6 -7 -8 13 9 10 11 -13 -14 14 17 -17 -18 -19 19 -21 26 24 -24 -25 -26 -27 28 29 -30 -31
leaf_value=-8.0314847236578898e-05 -0.0063532970698350795 -0.0021556839475840475 0.088327547670422377 0.017834097829323704 0.030285309567081975 0.0043628651164809183 0.077470705196840392 0.051901152392125817 -0.0040533020966928351 0.032348042385836398 -0.0056539581950127323 0.0046073309770140129 0.0072968217871201063 0.034259023947514303 -0.0074685678552991576 0.004217059512810417 -0.0063604617399586122 -0.015878532968517902 0.023498228521862605 -0.0028782250115208853 -0.0012153772219324456 0.019345380801464848 0.0029717980795146482 -0.023553191149577459 0.00014414804179555541 -0.00065299499505719338 0.00026170225312220906 0.010725523280483951 0.010498771590624779 0.029323508386150606
leaf_weight=1533620 28 7260 63 1096 125 7390 114 29 15876 703 11939 6965 2506 479 10959 11133 12367 650 662 856 5549 2198 1266 857 6593 1424 25589 7848 14695 2308
leaf_count=1533620 28 7260 63 1096 125 7390 114 29 15876 703 11939 6965 2506 479 10959 11133 12367 650 662 856 5549 2198 1266 857 6593 1424 25589 7848 14695 2308
internal_value=-5.10883e-06 0.00120055 0.0247253 0.00106662 -0.000575491 0.00247674 0.00793388 -1.6666e-05 9.03171e-06 0.000802315 0.00129901 -0.000957469 -0.00124034 -0.000862086 -0.00257239 -0.000213288 -0.00118865 -0.00311191 -0.0026088 0.00388669 0.00205144 0.000747958 -0.00357807 -0.0107223 0.00165932 0.00461071 0.00194235 0.00341611 0.00136779 0.00554352
internal_weight=1.69315e+06 16076 91 15985 7385 8600 1210 1.67707e+06 1.6276e+06 93978 75596 18904 18382 49473 13606 35867 24734 13127 12477 1518 56692 12367 2152 886 10215 3622 55989 15705 40284 10156
internal_count=1693147 16076 91 15985 7385 8600 1210 1677071 1627598 93978 75596 18904 18382 49473 13606 35867 24734 13127 12477 1518 56692 12367 2152 886 10215 3622 55989 15705 40284 10156
is_linear=0
shrinkage=0.05


Tree=158
num_leaves=31
num_cat=0
split_feature=14 19 19 5 10 19 5 3 19 7 19 20 10 15 6 3 9 21 8 3 9 8 8 9 19 5 9 8 9 9
split_gain=9.16342 11.4118 41.5123 40.0059 26.696 23.3664 31.7236 29.1135 23.4794 31.2441 29.4578 33.8135 28.7971 26.0247 24.1501 22.8767 22.0269 21.9609 25.9557 22.3742 21.5796 21.1447 20.4558 20.349 19.7343 26.4015 26.1747 20.7791 19.6284 22.6735
threshold=0.073178116232156767 0.84688794612884533 0.88599923253059398 -0.0011046667350456116 0.64857220649719249 0.92304024100303661 0.0043213439639657744 0.00040111839189194148 0.97768935561180126 -0.14320790767669675 0.95819556713104259 -1.0000000180025095e-35 1.1370719671249392 0.56755438446998607 -0.47398805618286127 -0.0041346673388034097 0.00011354029993526639 1.0000000180025095e-35 -3.6155977249145503 -0.002735299058258533 0.00023234543186845261 -4.5928890705108634 4.4080917835235605 0.00042264873627573257 0.94190874695777904 -1.0000000180025095e-35 0.00032051738526206469 -2.6459966897964473 0.00017314028809778395 0.00065304336021654319
decision_type=2 2 2 2 2 2 2 2 2 2 2 2 2 2 2 2 2 2 2 2 2 2 2 2 2 2 2 2 2 2
left_child=-1 -2 3 4 23 6 7 16 9 10 17 13 24 21 -14 -10 -4 18 -7 -20 -9 -12 -19 -3 25 -11 27 -27 -5 -30
right_child=1 2 5 28 -6 8 -8 20 15 12 11 -13 14 -15 -16 -17 -18 22 19 -21 -22 -23 -24 -25 -26 26 -28 -29 29 -31
leaf_value=-0.00035428934113297396 2.6489626205722374e-05 0.080482239632142322 -0.012460546355206548 0.017414177521516944 -0.0050650422032032516 -0.017981432360607563 0.024303541751959114 -0.0027735986349803898 -0.026851596640245792 0.023434040346770487 0.03472228654291646 -0.00037221852824183 0.028500111444246735 0.056775615876180012 0.00050056834469482949 -0.0002504375635464795 0.0005452142989765097 0.00031050281417708273 -0.047071300990064624 -0.0025737780137085053 -0.015641160703688917 0.0054118217545636622 -0.029369942060791202 -0.02459517129109904 0.014421062927894468 0.094442669861207085 -0.017232916884115931 0.0017835489429828767 0.0045123115098359536 0.030856655483231112
leaf_weight=600657 937028 88 1724 6466 3240 1471 247 2242 108 840 757 7160 499 183 11589 68253 12898 6877 28 3159 2939 2420 75 27 8518 58 558 2948 9934 156
leaf_count=600657 937028 88 1724 6466 3240 1471 247 2242 108 840 757 7160 499 183 11589 68253 12898 6877 28 3159 2939 2420 75 27 8518 58 558 2948 9934 156
internal_value=-5.69945e-06 8.05499e-05 0.000477287 0.00260911 -0.0023696 0.000164145 -0.00141147 -0.00163359 0.000437659 0.00129614 -7.23e-05 0.00184411 0.002507 0.00598214 0.000752813 -0.000154328 -0.000492409 -0.00180879 -0.00446544 -0.00192971 -0.00485428 0.00492603 -2.87687e-05 0.0213043 0.00414796 0.00143052 -0.000448934 0.00139721 0.00361802 0.00223984
internal_weight=1.69315e+06 1.09249e+06 155462 19911 3355 135551 20050 19803 115501 47140 22130 10520 25010 3360 12088 68361 14622 11610 4658 3187 5181 3177 6952 115 12922 4404 3564 3006 16556 10090
internal_count=1693147 1092490 155462 19911 3355 135551 20050 19803 115501 47140 22130 10520 25010 3360 12088 68361 14622 11610 4658 3187 5181 3177 6952 115 12922 4404 3564 3006 16556 10090
is_linear=0
shrinkage=0.05


Tree=159
num_leaves=31
num_cat=0
split_feature=15 19 18 18 3 8 21 10 8 19 21 17 19 18 18 18 20 17 19 8 9 4 8 18 18 18 9 8 7 7
split_gain=9.13611 15.4511 18.5579 20.6606 25.2672 16.9735 22.054 27.6547 18.5823 17.0296 16.5457 16.2896 14.2489 66.0171 84.534 193.182 47.5511 37.6382 39.9258 37.076 50.0314 37.0308 60.6444 69.9618 50.0388 38.4905 48.3379 50.3668 41.5644 36.6566
threshold=0.24673197418451312 0.82535797357559215 0.52435624599456798 -0.14565102010965345 -0.00018297319184057412 -3.1771898269653316 1.0000000180025095e-35 1.1403567194938662 0.39896097779273992 0.83985477685928356 1.0000000180025095e-35 2.4220358133316044 0.83985477685928356 -0.50941574573516835 0.19722913205623629 0.26092512905597692 -0.76942089200019825 1.2082531452178957 0.97287458181381237 4.1438903808593759 0.000126842234749347 0.00044961596722714608 0.55456757545471203 -0.25249098241329188 -0.063225833699107156 -1.0000000180025095e-35 0.00012956088175997141 0.99644753336906444 0.046437826007604606 1.5895002484321596
decision_type=2 2 2 2 2 2 2 2 2 2 2 2 2 2 2 2 2 2 2 2 2 2 2 2 2 2 2 2 2 2
left_child=1 -1 3 4 10 6 -4 -8 -7 -10 -3 -12 -2 16 21 17 -14 18 -16 20 -18 24 -23 -24 -15 26 27 29 -29 -26
right_child=12 2 5 -5 -6 8 7 -9 9 -11 11 -13 13 14 15 -17 19 -19 -20 -21 -22 22 23 -25 25 -27 -28 28 -30 -31
leaf_value=0.0016423855841213421 -0.00020563990876822926 -0.00094332011828676676 -0.037744617855628326 0.00086065310965421915 0.062155376239128993 0.01351411871105327 -0.030996896850360889 0.027262383700683179 -0.052008964043043809 0.0046045361643093363 -0.013199709358146506 0.01568660114392173 0.083146130069879545 -0.0042156110089492495 0.044379252967453021 0.00061418506316405228 0.012497246343147979 0.013239082609311503 0.017720879822927329 0.042706918774888664 -0.021950271188681869 -0.0068049705472672424 0.015643329809449991 0.0017405947471982764 0.027674234667369582 -0.0015762520449581485 -0.0030736849229919152 -0.026458997798622066 0.012734020647445133 0.1343506042680786
leaf_weight=84110 1342959 1492 234 11835 112 257 159 117 60 54 2049 144 1357 53321 3683 82631 2724 8604 5144 1444 1382 6484 4414 24583 3885 40760 5399 687 2756 307
leaf_count=84110 1342959 1492 234 11835 112 257 159 117 60 54 2049 144 1357 53321 3683 82631 2724 8604 5144 1444 1382 6484 4414 24583 3885 40760 5399 687 2756 307
internal_value=-5.40414e-06 0.000456655 -0.000941682 -0.000543756 -0.00375296 -0.00800227 -0.0139216 -0.00434783 0.000134771 -0.0166667 -0.00446404 -0.00722754 -3.45992e-05 0.000312343 0.000175144 0.0012892 0.00513247 0.00607251 0.00836638 0.00308108 0.000657574 -0.000606609 0.000793382 0.00177087 -0.00107034 5.57683e-06 0.00237072 0.00493124 0.000450189 0.00861164
internal_weight=1.69315e+06 100623 16513 15632 3797 881 510 276 371 114 3685 2193 1.59252e+06 249565 242658 100062 6907 17431 8827 5550 4106 142596 35481 28997 107115 53794 13034 7635 3443 4192
internal_count=1693147 100623 16513 15632 3797 881 510 276 371 114 3685 2193 1592524 249565 242658 100062 6907 17431 8827 5550 4106 142596 35481 28997 107115 53794 13034 7635 3443 4192
is_linear=0
shrinkage=0.05


Tree=160
num_leaves=31
num_cat=0
split_feature=19 18 9 19 18 21 18 18 21 9 20 19 9 9 5 5 19 19 18 10 19 10 9 20 9 6 10 18 19 8
split_gain=9.25559 78.4832 73.43 66.3356 58.6371 60.7855 58.4581 71.4788 66.4264 51.4731 40.7916 52.8787 42.5615 39.3132 35.1033 34.637 33.7266 40.9169 46.5385 50.9497 49.0118 37.0454 53.8998 57.4499 37.3718 33.5448 33.2599 32.2631 59.7783 95.9205
threshold=-0.8959035575389861 -0.20577672123908994 0.00037419672298710799 -0.92304024100303639 -0.31523424386978144 0.65450850129127514 0.38469719886779791 0.31109040975570684 0.65450850129127514 8.8437478552805273e-05 -1.0000000180025095e-35 -0.94622433185577381 0.00054189361981116246 0.00013746067997999492 0.00051300477935001265 -0.0048454785719513884 -0.80773079395294178 -0.71477618813514698 0.58954745531082164 0.94846007227897655 -0.79202145338058461 0.9215141534805299 0.0010354014812037351 0.76942089200019848 0.00034223073453176772 -2.4512518644332881 0.64857220649719249 -0.063225833699107156 0.69934985041618358 0.19679407030344012
decision_type=2 2 2 2 2 2 2 2 2 2 2 2 2 2 2 2 2 2 2 2 2 2 2 2 2 2 2 2 2 2
left_child=1 2 3 4 5 -1 7 -3 -8 -9 11 12 14 -10 -4 -12 -2 18 20 -20 -18 24 -23 -24 -22 -11 -6 28 -19 -30
right_child=16 6 10 -5 26 -7 8 9 13 25 15 -13 -14 -15 -16 -17 17 27 19 -21 21 22 23 -25 -26 -27 -28 -29 29 -31
leaf_value=0.042782861849128398 -0.0019513853858758258 -0.00034624498396862435 -0.0045197525359361949 -0.0087467751038059812 0.10286342684816062 -0.00010426392944754559 0.0019045828997565463 -0.069934058060077284 0.089488219536167132 -0.028324406897501365 0.014552070502566395 0.0085310249071455235 -0.0093656957019517383 0.016144084376832967 0.015678633847336872 -0.0027567043001564262 0.015486252368337717 -0.00013923022566113554 0.0044765470139042527 -0.0033690765811720592 0.018689386660505136 0.0062302202000716128 -0.0049446336139402861 -0.046475428742102885 -0.0055653459695958474 -0.0053036221705869309 0.0067005364363484036 0.000357300632424562 -0.0054572024692984113 9.9456445356427292e-05
leaf_weight=5840 96475 148419 1929 2444 140 1758 14858 133 339 924 1474 11845 3059 3349 1510 23648 7421 439005 19657 21153 1488 23656 747 172 7327 21205 18091 688539 61902 64640
leaf_count=5840 96475 148419 1929 2444 140 1758 14858 133 339 924 1474 11845 3059 3349 1510 23648 7421 439005 19657 21153 1488 23656 747 172 7327 21205 18091 688539 61902 64640
internal_value=-6.58537e-06 0.000267277 0.00167554 0.00365897 0.00440396 0.00809424 -0.000266611 -0.000556301 0.00239944 -0.00319828 0.000385368 0.00217794 -0.0014466 0.00840564 0.00236987 -0.000923493 -5.64872e-05 8.72197e-06 0.00109347 -0.000100466 0.00228737 0.0014705 0.00246796 -0.0094124 -0.00131027 -0.00301188 0.002866 -6.18777e-05 -0.000341705 -0.00129917
internal_weight=1.69315e+06 260965 71738 28273 25829 7598 189227 170681 18546 22262 43465 18343 6498 3688 3439 25122 1.43218e+06 1.33571e+06 81621 40810 40811 33390 24575 919 8815 22129 18231 1.25409e+06 565547 126542
internal_count=1693147 260965 71738 28273 25829 7598 189227 170681 18546 22262 43465 18343 6498 3688 3439 25122 1432182 1335707 81621 40810 40811 33390 24575 919 8815 22129 18231 1254086 565547 126542
is_linear=0
shrinkage=0.05


Tree=161
num_leaves=31
num_cat=0
split_feature=15 19 7 10 5 1 17 1 5 0 14 19 8 20 10 10 19 10 12 5 8 5 14 1 8 1 5 10 4 20
split_gain=9.19671 14.6206 20.7424 18.0563 14.6104 13.2011 12.8302 13.1638 13.0134 13.2729 13.2151 13.2472 12.1498 12.7399 18.2018 12.8654 11.9747 11.0416 10.8889 10.8137 10.4985 11.6263 10.4616 10.6479 9.97497 12.677 9.87287 9.84388 23.7417 18.5317
threshold=0.90756919980049144 0.98664098978042614 4.7778623104095468 0.80774924159049999 1.0000000180025095e-35 0.00039075128734111791 0.42556209862232214 0.00056745400070212792 0.00049918348668143164 0.00019101464567938822 0.091229826211929335 -0.77576932311058033 14.866724967956545 -0.76942089200019825 0.85895386338233959 1.2617595195770266 0.832677721977234 1.1211051344871523 0.43660269677639013 -0.00038765431963838631 8.9604048728942889 0.0014013362815603616 0.21361333876848224 -1.111632764150272e-05 2.5768235921859746 2.5689271751616619e-05 0.0017824372043833139 1.3291264772415163 0.00079332105815410625 -0.76942089200019825
decision_type=2 2 2 2 2 2 2 2 2 2 2 2 2 2 2 2 2 2 2 2 2 2 2 2 2 2 2 2 2 2
left_child=27 6 3 4 -3 20 19 12 -9 10 -10 -12 13 14 -8 17 -17 -16 -14 -2 -4 -22 23 -15 25 -21 -19 -1 -29 -30
right_child=1 2 5 -5 -6 -7 7 8 9 -11 11 -13 18 22 15 16 -18 26 -20 24 21 -23 -24 -25 -26 -27 -28 28 29 -31
leaf_value=4.4728156062046054e-05 0.064762740965567347 0.093960201878146909 0.0099181812494844156 0.05583721230589922 -0.073624981079150317 0.025746456272121146 0.044739524368655727 0.03179785171520999 -0.036886466016510647 0.012863047263659146 -0.019579689395111038 0.014788794859069587 0.1940189158690187 0.028414012902875152 0.0010970908841236638 0.057863476620820767 -0.015231334451230172 -0.034810830527223391 -0.0057546191481389619 0.16302534107880565 -0.027889414946755856 -0.0565067767575545 0.00096803686854066151 -0.012509624618729476 0.028157971583224063 -0.026131602172761382 -0.0064159469562130485 -8.6862642076318555e-05 0.0017902229251009483 -0.0033304781185537705
leaf_weight=1554830 50 20 74 113 35 144 200 193 113 1289 150 297 36 63 372 71 32 56 36 23 40 36 1536 1791 191 90 47 99594 5948 25677
leaf_count=1554830 50 20 74 113 35 144 200 193 113 1289 150 297 36 63 372 71 32 56 36 23 40 36 1536 1791 191 90 47 99594 5948 25677
internal_value=-6.76256e-06 0.00178924 0.0103896 0.0244048 0.000909091 0.00238095 0.00119048 0.000668577 0.0039667 0.00267712 -0.00375 0.000111857 -0.000919811 -0.00127159 0.00449871 0 0.0160194 -0.00347368 0.0194444 0.010452 -0.008 -0.0210526 -0.00259587 -0.00512406 0.00690789 -0.00486726 -0.0179612 -1.43234e-05 -0.000430197 -0.00162372
internal_weight=1.69315e+06 7098 462 168 55 294 6636 6282 2042 1849 560 447 4240 4168 778 578 103 475 72 354 150 76 3390 1854 304 113 103 1.68605e+06 131219 31625
internal_count=1693147 7098 462 168 55 294 6636 6282 2042 1849 560 447 4240 4168 778 578 103 475 72 354 150 76 3390 1854 304 113 103 1686049 131219 31625
is_linear=0
shrinkage=0.05


Tree=162
num_leaves=31
num_cat=0
split_feature=15 10 19 18 18 5 19 9 18 18 18 20 5 8 19 15 8 19 18 5 20 8 19 18 18 18 8 17 19 9
split_gain=9.02363 23.4161 21.9847 54.1939 55.4432 33.206 30.3342 28.3767 28.3566 74.4258 39.4784 33.8126 33.5193 28.2925 26.8985 29.5364 26.7009 25.5135 50.7964 39.8904 32.7677 29.6481 26.0152 31.538 58.7318 30.5572 28.7494 30.7888 27.8969 25.6091
threshold=0.56941065192222606 1.3588945865631106 0.92304024100303661 -0.36446963250637049 -0.17149884253740308 0.00068468254175968479 0.89395666122436535 0.00028908504464197909 0.19722913205623629 0.26092512905597692 0.01527100056409836 -1.0000000180025095e-35 -0.00041335420974064613 -1.5162310600280759 0.95819556713104259 0.76646929979324352 0.29552231729030615 0.832677721977234 -0.50941574573516835 -0.0011309519177302716 -0.76942089200019825 3.8789114952087407 0.51316559314727794 -0.70556074380874623 -0.82288655638694752 -0.55738157033920277 0.29552231729030615 0.68214899301528942 -0.71477618813514698 0.0001914592940011062
decision_type=2 2 2 2 2 2 2 2 2 2 2 2 2 2 2 2 2 2 2 2 2 2 2 2 2 2 2 2 2 2
left_child=-1 2 6 -4 5 14 17 -7 10 12 -6 13 -10 -11 15 -5 -15 22 19 -19 -21 -22 26 24 -24 29 -2 28 -28 -25
right_child=1 -3 3 4 8 7 -8 -9 9 11 -12 -13 -14 16 -16 -17 -18 18 -20 20 21 -23 23 25 -26 -27 27 -29 -30 -31
leaf_value=-0.00018790086458817524 -0.00075691767782592458 -0.0018068370536549418 0.036271209909990026 -0.0022817001016425366 0.0072062253277178079 0.0098139969312242073 -0.0062828576562089294 -0.0097311223832796667 0.073256047867142821 0.015762253094585867 -0.0023415795926265081 0.0056147086775460431 0.020704854658430052 -0.02982033970014546 -0.012220783320857492 0.052511291424056396 -0.0057183965770851832 -0.056655920729953159 0.0014122475298670946 0.10831630380657847 0.003157067105812217 0.045795014281896286 -0.0070140066305736 -0.0049657689604660493 0.0056660344938074926 -0.001532271697066201 0.0074999897090851867 0.00059436015658140837 0.0020498980252226851 -0.013105981862665095
leaf_weight=1104527 124042 37995 604 1186 16630 2216 9083 586 967 444 15421 5524 4928 489 5390 176 2726 102 12276 833 1714 1028 5464 9606 15987 42353 14993 213974 39576 2307
leaf_count=1104527 124042 37995 604 1186 16630 2216 9083 586 967 444 15421 5524 4928 489 5390 176 2726 102 12276 833 1714 1028 5464 9606 15987 42353 14993 213974 39576 2307
internal_value=-6.40819e-06 0.000151711 0.000234552 0.00116169 0.00100295 -0.00247017 0.000126891 0.00210564 0.00170702 0.00349516 0.000865808 0.000680605 0.00787956 -0.00304728 -0.00436908 0.00190896 -0.00468118 0.000180587 0.00214693 0.00730215 0.00818182 0.0055434 0.000113602 -0.000734974 0.00088807 -0.00137655 0.000277265 0.000568065 0.00162821 -0.0036137
internal_weight=1.69315e+06 588620 550625 57287 56683 9554 493338 2802 47129 15078 32051 9183 5895 3659 6752 1362 3215 484255 15953 3677 3575 2742 468302 75717 21451 54266 392585 268543 54569 11913
internal_count=1693147 588620 550625 57287 56683 9554 493338 2802 47129 15078 32051 9183 5895 3659 6752 1362 3215 484255 15953 3677 3575 2742 468302 75717 21451 54266 392585 268543 54569 11913
is_linear=0
shrinkage=0.05


Tree=163
num_leaves=31
num_cat=0
split_feature=10 15 19 5 19 5 19 5 2 9 7 6 19 2 8 9 3 5 19 3 9 9 19 1 7 8 5 19 9 8
split_gain=9.02939 25.7568 22.7859 45.3257 25.6341 27.3509 30.7184 42.8822 31.0626 24.7271 24.6925 19.854 24.2432 19.5703 19.4888 21.1939 19.4184 19.1764 19.696 26.3658 18.6151 18.4904 30.4373 19.8354 19.3207 41.7046 18.1772 27.2467 19.9561 19.8826
threshold=0.70437994599342357 0.75644847750663768 0.71782085299491893 0.0079095256514847296 0.832677721977234 -0.00042665163346100593 0.77300861477851879 0.0020120750414207582 -0.00018172126146964726 5.6667309763724922e-05 2.9609611034393315 0.29099911451339727 0.6411133110523225 0.0017967761377803983 -8.759358882904051 0.00095155177405104052 0.00033104898466262972 -0.0035307975485920902 0.7475065588951112 9.7925643785856678e-05 7.0841619162820293e-05 7.0841619162820293e-05 -0.31937207281589503 -6.4285672124242397e-05 -0.45161297917366022 -2.6997810602188106 -9.0871410066029043e-05 -0.0065449222456663838 8.8437478552805273e-05 5.0780088901519784
decision_type=2 2 2 2 2 2 2 2 2 2 2 2 2 2 2 2 2 2 2 2 2 2 2 2 2 2 2 2 2 2
left_child=1 2 3 11 5 9 -7 8 -8 -4 -5 21 13 14 -13 -16 -10 -11 19 -19 -14 22 23 -1 25 -23 28 -28 -27 -30
right_child=-2 -3 4 10 -6 6 7 -9 16 17 -12 12 20 -15 15 -17 -18 18 -20 -21 -22 24 -24 -25 -26 26 27 -29 29 -31
leaf_value=0.10874775430426305 -7.0012013404080478e-05 0.0097700088906659665 -0.0470481587659142 0.0040752318201552453 0.0011545375501286204 -0.01101175649242473 0.035049782072235906 -0.029485253727919405 0.0044185812957130864 -0.027666421203665498 -0.044903840154880241 -0.017296869830992708 0.19446951304380555 0.038358407023635147 -0.00047517822085649811 -0.04044911840175857 -0.022899251728479664 0.064762770649064105 -0.010514944133721216 -0.016637981459466069 0.014448599915918493 0.0057621855356541967 0.027984069039258 -0.08230073008866845 0.0082951862085700167 0.021584710097613938 0.01904434760002445 -0.0081796756626714602 -0.0099570294120748699 -0.037697308288756684
leaf_weight=23 1599850 6606 320 89 19542 3348 752 432 5123 208 195 1202 130 86 19090 57 527 250 4115 145 1079 10757 2322 58 9565 461 1360 1658 3392 405
leaf_count=23 1599850 6606 320 89 19542 3348 752 432 5123 208 195 1202 130 86 19090 57 527 250 4115 145 1079 10757 2322 58 9565 461 1360 1658 3392 405
internal_value=-5.99475e-06 0.000472148 0.000242816 0.000906045 -0.000747943 -0.00228647 -0.000795522 0.00112672 0.00215558 -0.00529972 -0.0190141 0.00101559 -0.000138607 -0.000545632 -0.000646223 -0.000258526 0.000884956 -0.00438745 -0.00370288 0.00696203 0.00674111 0.00184827 0.00605493 -0.0240741 0.00148199 0.000518494 -0.00240517 0.000563287 -0.00450916 -0.00570187
internal_weight=1.69315e+06 93297 86691 51929 34762 15220 10182 6834 6402 5038 284 51645 21644 20435 20349 19147 5650 4718 4510 395 1209 30001 2403 81 27598 18033 7276 3018 4258 3797
internal_count=1693147 93297 86691 51929 34762 15220 10182 6834 6402 5038 284 51645 21644 20435 20349 19147 5650 4718 4510 395 1209 30001 2403 81 27598 18033 7276 3018 4258 3797
is_linear=0
shrinkage=0.05


Tree=164
num_leaves=31
num_cat=0
split_feature=18 19 7 2 9 9 8 6 18 18 20 19 9 19 8 9 18 7 10 7 2 21 19 8 8 7 9 19 8 8
split_gain=9.05213 27.8348 21.233 21.0965 23.6275 20.6031 27.5916 32.5369 17.2686 22.3463 26.711 43.0196 36.9198 29.8936 26.2417 26.673 26.6199 29.2802 28.4926 26.7369 25.9307 25.5881 29.041 24.966 24.7881 25.7639 24.4481 24.0171 23.5022 23.4354
threshold=0.99930992722511303 1.0000000180025095e-35 4.9518494606018075 0.00060748483520001184 0.00010507710976526143 0.00024509207287337636 -0.44556882977485651 0.6601800024509431 0.99332016706466686 0.95819556713104259 -0.76942089200019825 0.18437977880239489 0.00080881407484412204 0.1326885595917702 13.136122703552248 0.00011018203804269434 0.98120620846748363 -0.11885686963796614 0.95029881596565258 -3.0494977235794063 0.00021473249216796833 0.65450850129127514 -0.27353890240192408 4.3384559154510507 5.7558882236480722 1.828652620315552 0.00022257883392740044 0.24826665222644809 10.461008548736574 4.0743191242218026
decision_type=2 2 2 2 2 2 2 2 2 2 2 2 2 2 2 2 2 2 2 2 2 2 2 2 2 2 2 2 2 2
left_child=8 2 3 4 -2 6 7 -3 9 -1 20 12 13 14 15 23 17 -17 24 -20 -11 28 -23 -12 25 -18 -26 -13 -19 -24
right_child=1 5 -4 -5 -6 -7 -8 -9 -10 10 11 27 -14 -15 -16 16 18 21 19 -21 -22 22 29 -25 26 -27 -28 -29 -30 -31
leaf_value=-8.2339939770376128e-05 -0.029374242276696428 0.013775523599438212 0.029496376360652665 -0.021106074283180645 4.9152651228212557e-05 -0.0025767329841761112 0.004309660049945519 0.056176838850065039 -0.0021254410725835894 -0.0039870913590503987 0.033414953423954133 -0.0041304908749620504 -0.01918150198669228 0.012732102263273749 -0.065081525683698835 0.0011047413211205948 -0.0061888738565615891 0.008376431191217221 0.019103550599600311 0.00078213285809157766 0.0046478898884300566 -0.0095546166545280812 0.034389065164391441 -0.010009114995841263 0.027760959627953375 -0.027887365349728379 -0.0033727517879054815 0.003728536921268677 -0.049928923118590901 0.0068587275337329782
leaf_weight=1528672 567 3149 180 622 8524 2744 4694 543 44526 14385 1115 14924 438 11894 42 10229 3970 8546 1350 13745 4965 260 1421 332 409 817 353 8955 83 693
leaf_count=1528672 567 3149 180 622 8524 2744 4694 543 44526 14385 1115 14924 438 11894 42 10229 3970 8546 1350 13745 4965 260 1421 332 409 817 353 8955 83 693
internal_value=-5.99475e-06 0.00102507 -0.00090468 -0.00122001 -0.000610494 0.00274034 0.0039709 0.00720477 -1.89579e-05 7.61859e-06 0.000735904 0.00114105 0.00190226 0.00201687 0.00140782 0.00144611 0.00121549 0.00245855 -6.29723e-05 0.00106327 -0.000930233 0.00424884 0.00884583 0.00812025 -0.00312669 -0.00446 0.00524934 -0.000634449 0.00298412 0.0107852
internal_weight=1.69315e+06 21023 9893 9713 9091 11130 8386 3692 1.67212e+06 1.6276e+06 98926 79576 55697 55259 43365 43323 41876 21232 20644 15095 19350 11003 2374 1447 5549 4787 762 23879 8629 2114
internal_count=1693147 21023 9893 9713 9091 11130 8386 3692 1672124 1627598 98926 79576 55697 55259 43365 43323 41876 21232 20644 15095 19350 11003 2374 1447 5549 4787 762 23879 8629 2114
is_linear=0
shrinkage=0.05


Tree=165
num_leaves=31
num_cat=0
split_feature=12 7 10 19 14 10 19 18 5 19 8 5 8 8 19 5 8 5 6 5 8 17 18 8 8 3 7 8 10 16
split_gain=8.74553 9.73848 12.5485 10.5696 11.917 9.53914 18.7725 67.9739 41.0361 29.2636 28.6337 28.1241 43.4241 27.4776 25.642 25.4144 26.0553 25.5943 27.5113 24.7171 54.0063 23.4827 22.6341 32.7596 28.2027 33.8601 23.4869 24.0055 22.9102 22.2514
threshold=1.3543596863746645 6.4540045261383066 0.62305364012718212 0.37258200347423559 0.23052717000246051 0.94292724132537853 -0.86493045091629017 0.041439602151513107 0.0030537064885720615 -0.83025357127189625 13.136122703552248 -0.0043856569100171319 -9.8024978637695295 3.2018179893493657 -0.71477618813514698 -0.0017334934091195462 -5.8146398067474356 -0.0011046667350456116 -0.14769656211137769 0.0014302629278972747 -4.2187211513519278 0.60198774933815014 -0.5206359028816222 12.16558885574341 1.3490470051765444 -0.0017610192880965767 3.578978538513184 6.3415014743804941 0.80774924159049999 0.7032642960548402
decision_type=2 2 2 2 2 2 2 2 2 2 2 2 2 2 2 2 2 2 2 2 2 2 2 2 2 2 2 2 2 2
left_child=5 3 -3 4 -2 6 7 21 10 22 11 12 -9 -10 19 -13 17 18 -17 -11 -21 -1 23 24 -8 -26 27 -24 -27 -29
right_child=1 2 -4 -5 -6 -7 9 8 13 14 -12 15 -14 -15 -16 16 -18 -19 -20 20 -22 -23 26 -25 25 28 -28 29 -30 -31
leaf_value=0.016148061587797091 -0.00093404663131089756 -0.033426912966304748 0.013075484010224165 0.0030596553014512365 0.0046345470645301479 -0.00025174863173895725 -0.016246106293030593 0.093853460642490921 0.047111743271785383 0.0044373167958356111 0.047389293291842272 -0.0083363785436542711 0.0017908764620765461 -0.031936770694334725 -5.4774974948412774e-05 0.0061847398501628575 -0.00073457852017551068 0.018874023840379107 -0.024614364107260502 0.0796947326886987 -0.0029946564013821233 0.0047574854122982568 -0.0012933434878963314 -0.041257207812007396 0.050576046868117897 0.01238928842617717 0.015435714056976657 -0.033115406480607575 -0.0097946609815090131 -0.010455999864176269
leaf_weight=3817 29652 64 1494 22086 5697 918177 3283 148 83 33804 211 4456 284 963 559683 1079 46363 2705 337 102 10244 33411 10768 70 67 791 661 240 1480 927
leaf_count=3817 29652 64 1494 22086 5697 918177 3283 148 83 33804 211 4456 284 963 559683 1079 46363 2705 337 102 10244 33411 10768 70 67 791 661 240 1480 927
internal_value=-5.64038e-06 0.000592443 0.00449294 0.000486637 -4.95064e-05 -2.72312e-05 0.000109571 0.000768723 -0.000322273 1.01267e-05 -0.000137632 -0.000207686 0.0125 -0.0101338 6.98041e-05 -0.000307608 1.1885e-05 0.00382189 -0.00162429 0.0012299 -0.000908564 0.00242828 -0.00196041 -0.0045774 -0.00415407 4.27716e-05 -0.000778025 -0.00128613 -0.000990753 -0.00809769
internal_weight=1.69315e+06 58993 1558 57435 35349 1.63415e+06 715977 93857 56629 622120 55583 55372 432 1046 603833 54940 50484 4121 1416 44150 10346 37228 18287 5691 5621 2338 12596 11935 2271 1167
internal_count=1693147 58993 1558 57435 35349 1634154 715977 93857 56629 622120 55583 55372 432 1046 603833 54940 50484 4121 1416 44150 10346 37228 18287 5691 5621 2338 12596 11935 2271 1167
is_linear=0
shrinkage=0.05


Tree=166
num_leaves=31
num_cat=0
split_feature=4 18 9 20 2 8 4 18 20 9 9 5 15 18 5 18 7 11 5 9 20 18 8 5 9 8 3 9 16 8
split_gain=9.32498 18.0102 16.6165 15.9457 21.0832 15.9151 15.8439 30.8162 30.3278 36.5187 29.5941 26.4237 25.0425 21.641 23.1107 32.3357 20.2015 19.643 19.3837 19.9867 18.7066 42.5428 31.0614 21.8172 23.0553 20.3177 20.5957 20.5826 19.8266 17.9183
threshold=-0.0028529592091217633 -0.79202145338058461 0.00043095600267406558 0.76942089200019848 -0.00059160208911634971 -0.84929117560386647 -0.00077620462980121363 -0.99428912997245777 1.0000000180025095e-35 0.00034223073453176772 0.00029794656438753014 0.00073221334605477761 0.42105300724506384 -0.8959035575389861 0.0013194317580200734 0.93121272325515758 0.33312435448169714 0.50104829668998729 0.0017824372043833139 0.00028237570950295782 1.0000000180025095e-35 -0.95037782192230214 5.4895808696746835 -0.0017334934091195462 0.00020845321705564859 -10.891653537750242 0.00098174280719831608 0.00026179118140134966 0.90918076038360607 -9.3860158920288068
decision_type=2 2 2 2 2 2 2 2 2 2 2 2 2 2 2 2 2 2 2 2 2 2 2 2 2 2 2 2 2 2
left_child=1 2 5 -4 -5 -1 7 8 10 12 -2 -12 -10 20 17 18 -17 -15 -16 -20 -9 22 28 24 -23 27 -27 -26 -22 -25
right_child=6 -3 3 4 -6 -7 -8 13 9 -11 11 -13 -14 14 15 16 -18 -19 19 -21 21 23 -24 29 25 26 -28 -29 -30 -31
leaf_value=0.019108412980754066 0.0044749341880340248 -0.0026510149253219819 -0.00135737439050731 -0.0018480822419081168 0.018235885527793129 -0.019439860981886371 -0.00012628926889127757 -0.0033479575913130557 -0.00041092500188785188 -0.01201653169482695 0.013842240822507929 0.060492539296478902 0.022827634895195365 -0.0015738830521706548 -0.0096211981946638381 -0.0150094396430989 -0.040397825702956573 0.0013071846544364274 0.024814994735961812 -0.0015126412201423745 0.011566929752207578 -0.041919994713096848 -0.023643715777045576 -0.019967983865534208 0.12079664915968669 -0.011549431669525224 0.027218395907178616 0.0038421568206269633 0.0022036413320784876 0.00090411372601851843
leaf_weight=954 3722 29907 6968 984 979 102 1366252 21459 2382 1280 2914 213 970 22214 2839 317 150 206782 514 5127 4011 124 300 200 40 2089 99 139 5391 3725
leaf_count=954 3722 29907 6968 984 979 102 1366252 21459 2382 1280 2914 213 970 22214 2839 317 150 206782 514 5127 4011 124 300 200 40 2089 99 139 5391 3725
internal_value=-6.64443e-06 -0.000762019 0.0010764 0.000375098 0.00435558 0.00700758 1.15832e-05 0.000349302 0.00288738 -0.000237478 0.00500073 0.0085865 0.00250597 0.000243539 0.000419638 -0.00207332 -0.0148822 0.00051704 -0.00136792 0.000327956 -0.000871544 0.000415684 0.00250464 -0.00274314 -0.00640305 -0.00530207 -0.00662706 0.0108939 0.00301 -0.000420382
internal_weight=1.69315e+06 39894 9987 8931 1963 1056 1.65325e+06 287001 11481 4632 6849 3127 3352 275520 237943 8947 467 228996 8480 5641 37577 16118 9702 6416 2491 2367 2188 179 9402 3925
internal_count=1693147 39894 9987 8931 1963 1056 1653253 287001 11481 4632 6849 3127 3352 275520 237943 8947 467 228996 8480 5641 37577 16118 9702 6416 2491 2367 2188 179 9402 3925
is_linear=0
shrinkage=0.05


Tree=167
num_leaves=31
num_cat=0
split_feature=9 18 4 6 20 9 19 9 18 18 6 19 9 18 4 19 9 18 3 19 19 18 18 18 3 9 9 7 2 4
split_gain=8.53337 15.6418 33.9365 25.3978 15.361 41.153 26.4776 35.7563 23.723 29.2603 49.8279 28.4564 24.6476 21.7238 20.9842 37.9258 29.0132 34.7609 43.2554 30.2185 28.321 28.612 28.331 41.0428 27.8623 23.5621 20.6183 29.1185 19.794 23.4014
threshold=0.0002006244249059819 0.99930992722511303 -0.00060496150399558235 -1.2559246420860288 1.0000000180025095e-35 0.0010354014812037351 0.95305636525154125 0.00023108132882043722 -0.20577672123908994 1.0000000180025095e-35 0.92032551765441906 0.98203879594802868 0.00077746369061060261 0.99799686670303356 0.0021550663514062767 -0.75039777159690846 0.00029074170743115252 0.99227553606033336 -0.001153329270891845 0.87777194380760204 -0.71477618813514698 -0.98035496473312367 0.78666386008262645 0.52435624599456798 0.0019896490266546611 0.00033466453896835452 0.00068636270589195203 3.578978538513184 0.00067836875678040098 0.0026493706973269586
decision_type=2 2 2 2 2 2 2 2 2 2 2 2 2 2 2 2 2 2 2 2 2 2 2 2 2 2 2 2 2 2
left_child=1 -1 -3 -4 6 14 -2 -8 12 10 -10 26 -9 -7 16 -16 17 -6 -19 -18 25 -22 23 -23 -21 -17 -11 -28 29 -24
right_child=4 2 3 -5 5 13 7 8 9 11 -12 -13 -14 -15 15 20 19 18 -20 24 21 22 28 -25 -26 -27 27 -29 -30 -31
leaf_value=0.00024437899894462213 -0.00061912371763076521 0.026827854676841636 -0.013491164706442455 0.0051139029738299872 0.0015749075109428136 -0.0052816656903339476 -0.0035633410428270729 -0.0056956198493393175 0.00603651596696771 0.0088802340142504661 0.034664190494727541 -0.0002008778886014917 -0.034589704948019488 0.033662870052546333 -0.002034465330935925 -0.030841599287726257 -0.00021999371616956422 -0.035449598742923576 -0.0037762514676916771 -0.0044084624030947765 0.019403870105349642 0.0036088592803847244 0.006689042372835791 -0.010441067083495426 0.012111306506822517 0.021150266121280282 0.034934938397905381 -0.017570751755359593 0.00088998963356559657 0.027708428962820698
leaf_weight=624666 596005 1355 1298 8549 173460 9281 6555 1119 2008 6777 802 7969 48 55 9178 78 200325 329 8908 15920 1185 10634 1038 1445 473 1234 375 55 1108 915
leaf_count=624666 596005 1355 1298 8549 173460 9281 6555 1119 2008 6777 802 7969 48 55 9178 78 200325 329 8908 15920 1185 10634 1038 1445 473 1234 375 55 1108 915
internal_value=-5.87663e-06 0.000138865 0.00199072 0.000969839 -9.29272e-05 0.000134767 -0.000252448 0.00131866 0.00240954 0.00285778 0.00754448 0.00198998 -0.00449871 -0.0031491 0.000206696 0.00156069 0.000115794 0.000579922 -0.00240879 -0.000275473 0.00291716 0.00234916 0.00176354 0.000674725 -0.00233941 0.00998476 0.00426669 0.0148837 0.00606011 0.00908858
internal_weight=1.69315e+06 635868 11202 9847 1.05728e+06 435566 621713 25708 19153 17986 2810 15176 1167 9336 426230 26815 399415 182697 9237 216718 17637 16325 15140 12079 16393 1312 7207 430 3061 1953
internal_count=1693147 635868 11202 9847 1057279 435566 621713 25708 19153 17986 2810 15176 1167 9336 426230 26815 399415 182697 9237 216718 17637 16325 15140 12079 16393 1312 7207 430 3061 1953
is_linear=0
shrinkage=0.05


Tree=168
num_leaves=31
num_cat=0
split_feature=15 5 18 8 8 5 18 18 7 21 7 18 21 4 8 7 6 8 4 16 6 18 18 18 4 5 2 8 4 4
split_gain=8.29234 17.1452 35.5845 21.8125 20.2557 15.738 14.8434 22.6562 31.443 25.8473 16.8 14.3484 28.2347 27.5012 21.0248 18.6191 16.9453 15.0802 14.8379 14.0822 13.8771 16.4718 15.2218 12.5735 19.458 15.9636 18.1504 15.9541 22.7242 16.9182
threshold=0.24673197418451312 0.0013194317580200734 -0.99280729889869679 2.6308180093765263 1.0968105196952822 -0.0083811949007213098 0.98868870735168468 0.68039956688880932 -1.0034323334693906 0.65450850129127514 -2.9431875944137569 -0.50941574573516835 0.65450850129127514 -0.0022426341893151398 -1.3119796514511106 -1.7593273520469663 -2.8466436862945552 -3.0569686889648433 -0.00089980897610075761 0.85292837023735057 -1.6784574985504148 0.9179256558418275 0.77851521968841564 0.93590369820594799 -0.00036088180786464358 0.00038276739360298967 -0.00040178620838560159 -2.1492030620574947 -0.0012059626169502733 -0.0059160899836570016
decision_type=2 2 2 2 2 2 2 2 2 2 2 2 2 2 2 2 2 2 2 2 2 2 2 2 2 2 2 2 2 2
left_child=1 23 -3 4 -4 6 7 11 9 -9 -8 12 -2 14 16 -14 -13 19 -17 -18 21 22 -5 25 27 -1 -27 29 -29 -25
right_child=5 2 3 20 -6 -7 10 8 -10 -11 -12 13 15 -15 -16 18 17 -19 -20 -21 -22 -23 -24 24 -26 26 -28 28 -30 -31
leaf_value=0.00031857949792117314 -0.0043049184348292304 0.062412028392013166 -0.0097461476878411783 -0.02137030846230388 0.024699446817178256 -5.5966743702118293e-05 -0.002406051323492614 -0.030310475318577348 0.036982634819859576 0.0094509522392003179 0.088238262034742498 0.049486265250196976 -0.026958742667815151 -0.014040163642744831 0.11840674325584771 -0.020809705426528737 0.017437115158743112 -0.036526234700801255 0.018547052933695952 -0.002742331442018553 -0.007154506313770681 -0.039625256330368452 0.015146440496941605 -0.024669931764172839 0.015610778482541233 -0.0011724600933088914 0.011820007096681684 -0.023611506445513877 -0.00097221202358088179 0.0060474318331958047
leaf_weight=78142 2457 116 861 662 504 1587611 42 275 33 76 28 71 325 281 25 27 513 43 37 680 1064 66 94 74 2336 2933 4137 395 1772 7467
leaf_count=78142 2457 116 861 662 504 1587611 42 275 33 76 28 71 325 281 25 27 513 43 37 680 1064 66 94 74 2336 2933 4137 395 1772 7467
internal_value=-6.40819e-06 0.000433797 -0.00307395 -0.00404491 0.000769231 -3.42224e-05 -0.00285976 -0.00319017 -0.0148438 -0.0192308 0.02 -0.00218659 -0.00432186 0.00158091 0.00457958 -0.016838 0.00371079 0.00234628 0.0078125 0.0033948 -0.00752916 -0.0124088 -0.0103175 0.000555236 0.00206742 0.000341501 0.00261669 0.00108158 -0.00269958 0.00216815
internal_weight=1.69315e+06 100623 3367 3251 1365 1.59252e+06 4913 4843 384 351 70 4459 2846 1613 1332 389 1307 1236 64 1193 1886 822 756 97256 12044 85212 7070 9708 2167 7541
internal_count=1693147 100623 3367 3251 1365 1592524 4913 4843 384 351 70 4459 2846 1613 1332 389 1307 1236 64 1193 1886 822 756 97256 12044 85212 7070 9708 2167 7541
is_linear=0
shrinkage=0.05


Tree=169
num_leaves=31
num_cat=0
split_feature=14 6 18 18 19 19 18 9 17 7 19 19 15 19 4 3 15 9 18 18 7 18 18 21 10 3 20 19 18 9
split_gain=8.2985 13.4046 10.8995 35.1672 45.0325 20.8709 24.2873 17.192 20.9183 20.7574 15.5494 16.3328 15.2639 14.1933 16.8091 13.242 13.8513 12.6304 12.512 12.1166 12.3712 11.8559 43.9913 17.7472 16.3609 15.6032 13.6325 19.7998 28.8703 17.2649
threshold=0.40718235075473791 3.1530165672302251 0.2861058115959168 0.19722913205623629 0.96648588776588451 -0.69622442126274098 0.02835773024708033 0.00056861486518755566 1.7631941437721255 -4.352768898010253 -0.92304024100303639 -0.90164175629615773 0.65450531244277965 -0.23556562513113019 0.0012265667319297793 -0.001501793216448277 0.79828423261642467 9.9290642538107945e-05 0.27353890240192419 0.99332016706466686 -2.4934312105178829 -0.56820151209831227 -0.5206359028816222 0.65450850129127514 0.67747738957405101 -0.0041346673388034097 -1.0000000180025095e-35 -0.94622433185577381 -0.38066601753234858 0.00029978234670124953
decision_type=2 2 2 2 2 2 2 2 2 2 2 2 2 2 2 2 2 2 2 2 2 2 2 2 2 2 2 2 2 2
left_child=-1 2 3 5 15 6 21 10 9 -9 17 -12 -7 -14 -15 18 -17 -4 -5 -10 -21 23 -23 -2 -24 -25 27 -26 -29 -30
right_child=1 -3 7 4 -6 12 -8 8 19 -11 11 -13 13 14 -16 16 -18 -19 -20 20 -22 22 24 25 26 -27 -28 28 29 -31
leaf_value=-0.000123172865789839 0.0047619331193152542 0.006526284521782966 -0.036185969378076152 -0.032914063809067938 0.029227050471705096 -0.00087134694996202642 -0.003841128101603886 -0.05132704197122917 -0.018551574423695493 0.00036536048639282951 0.010429144070441777 -6.2568310110810987e-05 -0.0028891576363403227 0.0022720533948062728 0.0097191927319258409 0.0053148055715859961 -0.023857817039802522 -0.0053936073029356435 0.013547571950250449 0.049031528453113482 -0.020339912515522876 -0.0093260986178641762 0.042315468772488984 0.075555478329228251 0.0025751058942414585 0.015519031004357954 0.0013545708552584247 0.0050962285415246502 0.12094838951570103 0.024239312784052447
leaf_weight=1396050 8547 5167 72 182 3030 86295 8112 68 1097 2157 2319 113892 4331 11340 3022 6560 173 4833 69 72 68 2503 252 37 7581 2165 18332 3408 253 1160
leaf_count=1396050 8547 5167 72 182 3030 86295 8112 68 1097 2157 2319 113892 4331 11340 3022 6560 173 4833 69 72 68 2503 252 37 7581 2165 18332 3408 253 1160
internal_value=-6.52631e-06 0.000233425 0.000188744 0.00045234 0.00332534 0.000269484 0.001085 -0.000165358 -0.00363951 -0.000741573 -6.60524e-05 5.03395e-05 -0.000137159 0.00115819 0.00191478 0.00111684 0.0015372 -0.00282365 -0.0101594 -0.00885206 0.005 0.00154618 0.00108244 0.00299098 0.0015975 0.00699364 0.00149346 0.00277375 0.00527899 0.011288
internal_weight=1.69315e+06 297097 291930 167352 10014 157338 52350 124578 3462 2225 121116 116211 104988 18693 14362 6984 6733 4905 251 1237 140 44238 33489 10749 30986 2202 30734 12402 4821 1413
internal_count=1693147 297097 291930 167352 10014 157338 52350 124578 3462 2225 121116 116211 104988 18693 14362 6984 6733 4905 251 1237 140 44238 33489 10749 30986 2202 30734 12402 4821 1413
is_linear=0
shrinkage=0.05


Tree=170
num_leaves=31
num_cat=0
split_feature=8 19 4 6 19 3 19 10 20 5 18 19 5 19 7 3 10 20 7 6 18 18 18 5 15 5 15 20 19 18
split_gain=8.40107 20.9035 21.4776 25.8037 19.7189 25.2231 20.2206 22.2367 19.7472 22.9656 23.3762 19.682 34.6138 19.353 23.2108 18.5016 18.3655 18.2878 19.9423 17.4862 17.0099 26.3945 22.9672 22.1575 16.1068 15.0253 14.8803 14.8102 20.8373 14.3539
threshold=-13.293497562408445 -0.94190874695777882 -0.0013009722460992632 -0.044545574113726609 0.94762688875198375 -0.00025624339468777174 0.96648588776588451 0.99548134207725536 -0.76942089200019825 -0.00091406743740662922 -0.95819556713104237 -0.42853991687297815 -0.0028864039340987797 0.79994463920593273 -1.0034323334693906 -0.00038687916821800167 0.71592345833778392 1.0000000180025095e-35 -4.0008502006530753 0.7232077717781068 0.70864605903625499 0.832677721977234 -0.96868926286697377 -0.0024716380285099144 0.54296407103538524 -0.00020455424964893607 0.62700736522674572 0.76942089200019848 0.88599923253059398 -0.063225833699107156
decision_type=2 2 2 2 2 2 2 2 2 2 2 2 2 2 2 2 2 2 2 2 2 2 2 2 2 2 2 2 2 2
left_child=1 -1 3 20 8 25 -7 29 9 10 16 12 -10 19 17 -12 -4 18 -15 -13 22 -22 23 -3 27 -6 -21 -19 -29 -8
right_child=-2 2 4 -5 5 6 7 -9 11 -11 15 13 -14 14 -16 -17 -18 24 -20 26 21 -23 -24 -25 -26 -27 -28 28 -30 -31
leaf_value=0.043995970811104762 -3.0004406857775392e-05 -0.030767398223127757 0.11558572113985394 0.080130088557001933 5.5113193446099111e-05 0.15392893992381895 0.017091710469649146 -0.037042056801931143 0.0053289344980302468 0.069583180371648651 0.016220748841626498 -0.0042286892879776937 -0.049376251643792092 -0.0092036429034529025 -0.056198275103237209 -0.033779964815971557 0.010899049253701665 0.022574151271049087 -0.064363332695683229 -0.013650750009945001 -0.045607162029457166 0.011121692008978147 0.024463403814930375 0.014141708551331645 0.096770185310451173 -0.075168420158983243 0.076140029753230379 -0.060265267808800552 0.029545744567301413 0.13399670392325724
leaf_weight=223 1686496 196 48 66 145 48 164 20 161 262 129 2098 175 57 83 228 167 150 56 64 75 128 1318 160 45 39 114 44 43 145
leaf_count=223 1686496 196 48 66 145 48 164 20 161 262 129 2098 175 57 83 228 167 150 56 64 75 128 1318 160 45 39 114 44 43 145
internal_value=-6.88068e-06 0.00176665 0.00124456 0.00563562 -0.000657748 0.00811052 0.0155172 0.0110942 -0.00191131 0.00491607 -0.000699301 -0.00375405 -0.0151786 -0.0023602 -0.0115063 -0.00854342 0.0123256 -0.0064557 -0.0234513 -0.000439367 0.00455514 -0.0091133 0.00621266 -0.00505618 0.00035461 -0.00706522 0.0146067 -0.00485232 -0.0212644 0.0144013
internal_weight=1.69315e+06 6651 6428 1943 4485 561 377 329 3924 834 572 3090 336 2754 478 357 215 395 113 2276 1877 203 1674 356 282 184 178 237 87 309
internal_count=1693147 6651 6428 1943 4485 561 377 329 3924 834 572 3090 336 2754 478 357 215 395 113 2276 1877 203 1674 356 282 184 178 237 87 309
is_linear=0
shrinkage=0.05


Tree=171
num_leaves=31
num_cat=0
split_feature=8 5 7 7 18 3 6 9 20 9 18 20 7 18 18 5 20 5 9 5 9 6 10 18 9 15 5 18 10 9
split_gain=8.23097 30.4536 27.845 26.1171 18.6655 17.4978 19.9018 15.7205 16.7712 35.2788 48.6911 44.7319 42.6365 32.6405 30.7387 27.2306 34.8269 25.2801 25.7183 24.2808 23.6926 22.5951 21.9019 21.6781 53.9691 29.0748 19.996 26.7529 33.3487 26.2812
threshold=11.478415966033937 -0.0012045899638906119 -0.92479988932609547 1.3091756701469424 -0.95037782192230214 0.00063012060127221059 2.3517599105834965 0.00077746369061060261 1.0000000180025095e-35 9.293607217841783e-05 0.87355786561965953 0.76942089200019848 0.9136323630809785 -0.65770241618156422 0.74460110068321239 0.00015990647807484495 -0.76942089200019825 0.0079095256514847296 0.00048975308891385805 0.0012939542648382487 5.6667309763724922e-05 1.2391830682754519 1.1151313185691836 0.8102954924106599 0.00016876000154297802 0.34760853648185736 0.001868706080131233 0.58954745531082164 0.5111239254474641 0.00025326137256342923
decision_type=2 2 2 2 2 2 2 2 2 2 2 2 2 2 2 2 2 2 2 2 2 2 2 2 2 2 2 2 2 2
left_child=-1 3 -3 -2 -4 7 -7 8 15 10 11 12 -10 -13 -11 16 -6 18 23 -12 -18 -14 -16 26 25 -25 27 28 -17 -28
right_child=1 2 4 -5 5 6 -8 -9 9 14 19 13 21 -15 22 17 20 -19 -20 -21 -22 -23 -24 24 -26 -27 29 -29 -30 -31
leaf_value=-4.4800442783154981e-05 -0.034356052138477165 0.032668027742712512 0.0092692013940673511 0.014439957412014537 0.093204871038138223 -0.0014271932273420109 0.0095189037420980241 0.044556856752732785 -0.097067243734084346 -0.0058093304861110088 0.096989017624122154 -0.049120515281967307 0.027672701291436032 0.061787359603321539 -0.026116345282870376 -0.054288010006415172 0.10682628472755309 -0.048106828767261023 0.044048709018190205 -0.029040427693406069 -0.003531757873746716 -0.030762851647775272 0.09447722930605891 0.064266114607989686 0.057980560833056388 -0.0053373022731535713 -0.024231308683873045 -0.029454120481989334 0.011271404585211121 0.0037088528755935104
leaf_weight=1667113 148 330 4027 45 139 3124 4238 70 66 3723 220 78 180 332 1254 264 92 87 132 25 392 334 23 49 326 1140 1289 498 2565 844
leaf_count=1667113 148 330 4027 45 139 3124 4238 70 66 3723 220 78 180 332 1254 264 92 87 132 25 392 334 23 49 326 1140 1289 498 2565 844
internal_value=-6.40819e-06 0.000875778 0.00102357 -0.0189119 0.000836894 0.00025135 0.00222766 -0.000778926 -0.00089667 -0.00283079 0.00473684 -0.00020202 -0.00913793 0.012439 -0.0047 0.000646028 0.0106742 -0.000222408 0.00010553 0.0246939 0.00433884 -0.00428016 -0.0113939 -0.000308244 0.0049835 4.20521e-05 -0.00177656 0.000646228 0.00252739 -0.00555556
internal_weight=1.69315e+06 26034 25841 193 25511 21484 7362 14122 14052 6235 1235 990 580 410 5000 7817 623 7194 7107 245 484 514 1277 6975 1515 1189 5460 3327 2829 2133
internal_count=1693147 26034 25841 193 25511 21484 7362 14122 14052 6235 1235 990 580 410 5000 7817 623 7194 7107 245 484 514 1277 6975 1515 1189 5460 3327 2829 2133
is_linear=0
shrinkage=0.05


Tree=172
num_leaves=31
num_cat=0
split_feature=2 17 5 7 7 17 9 17 1 6 10 4 7 3 10 10 7 5 7 10 10 9 20 17 11 12 4 9 5 3
split_gain=7.98976 21.7449 13.3454 18.6309 17.9786 11.036 10.5777 21.7925 20.7913 19.3667 17.7335 15.6983 21.887 15.3916 14.9634 14.6026 14.0231 13.6506 31.4273 22.971 14.2706 13.4602 13.436 18.8753 14.6496 13.4192 13.2412 18.1001 15.8448 13.0226
threshold=0.0022951232967898254 1.620917856693268 0.0043213439639657744 -0.16785092651844022 1.3377671241760256 1.2082531452178957 0.00050973679753951739 0.59173786640167247 0.00081190280616283428 -1.2143921852111814 0.58605727553367626 0.0042824114207178363 4.9518494606018075 0.0038202059222385292 1.4991298913955691 0.7429979443550111 6.4540045261383066 0.0052893101237714299 1.5031836628913882 1.0033369064331057 0.62305364012718212 0.00018696257029660049 -0.76942089200019825 2.0699694156646733 0.61479130387306224 0.26153092086315161 -4.9383668738300905e-05 0.0007489442068617792 0.0052893101237714299 0.0012251378502696755
decision_type=2 2 2 2 2 2 2 2 2 2 2 2 2 2 2 2 2 2 2 2 2 2 2 2 2 2 2 2 2 2
left_child=6 2 3 -2 -4 -5 8 14 29 10 -9 12 22 15 -8 -14 -10 20 19 -19 -13 -18 -11 -24 -25 -16 -12 28 -28 -1
right_child=1 -3 4 5 -6 -7 7 9 16 11 26 17 13 -15 25 -17 21 18 -20 -21 -22 -23 23 24 -26 -27 27 -29 -30 -31
leaf_value=8.4753320319042036e-05 -0.0012790556684646127 -0.0022320842877737723 0.024975288622952764 0.0098089598279311185 -0.00288472281333525 0.02515381680836859 0.0032037758516801022 0.059143152232895541 0.0025676666762511793 -0.0034377213043576826 0.0012421577386542927 -0.05413029185511601 -0.045375577823888402 0.015510878096488058 -0.011990372049358645 -0.01621236452284085 0.077531452048440364 0.017938778713671843 0.00046448481948554445 -0.026709828944783534 0.0069610478399849745 0.018049696075050536 -0.00089148859751124747 -0.0090088194332154595 -0.0050695582616399563 0.0063419868107641338 -0.015409388774494159 0.0090343182380589193 0.03154673693072077 -0.0013024078518522387
leaf_weight=1428654 522 2628 66 972 1183 639 14033 56 19983 24680 36187 25 55 93 215 551 48 34 5473 104 3450 901 89625 222 4718 45 1407 522 42 56014
leaf_count=1428654 522 2628 66 972 1183 639 14033 56 19983 24680 36187 25 55 93 215 551 48 34 5473 104 3450 901 89625 222 4718 45 1407 522 42 56014
internal_value=-6.17194e-06 0.00181364 0.00446481 0.00686826 0.000360288 0.00952824 -1.26546e-05 -0.000373202 3.08183e-05 -0.000533352 0.000455331 -0.000826164 -0.000977956 -0.00979971 0.00150073 -0.0127063 0.00159564 0.00117764 -0.000347532 -0.023913 0.00364029 0.00753425 -0.000926244 -0.000655105 -0.00366397 -0.0103846 0.000414068 -0.00357686 -0.00645273 8.75617e-06
internal_weight=1.69315e+06 6010 3382 2133 1249 1611 1.68714e+06 181537 1.5056e+06 167244 38214 129030 119944 699 14293 606 20932 9086 5611 138 3475 949 119245 94565 4940 260 38158 1971 1449 1.48467e+06
internal_count=1693147 6010 3382 2133 1249 1611 1687137 181537 1505600 167244 38214 129030 119944 699 14293 606 20932 9086 5611 138 3475 949 119245 94565 4940 260 38158 1971 1449 1484668
is_linear=0
shrinkage=0.05


Tree=173
num_leaves=31
num_cat=0
split_feature=4 4 19 6 8 7 19 11 8 19 19 19 20 9 8 10 4 5 3 10 8 4 6 5 10 9 5 2 19 9
split_gain=8.0774 14.3066 21.3044 27.8184 33.7508 27.3371 21.5269 21.4817 20.7672 20.7037 20.2922 49.9274 59.64 49.9912 36.909 34.2641 34.2713 34.0651 34.0193 30.2595 30.5979 29.0065 26.7577 25.21 23.8118 24.8669 25.5065 23.1546 23.1358 48.8503
threshold=-0.0028529592091217633 -0.00077620462980121363 -0.45204447209835047 0.058130724355578429 -7.6525237560272208 -0.97698339819908131 -0.36852931976318354 0.51679417490959179 4.4080917835235605 -0.30694064497947687 0.832677721977234 0.88599923253059398 -0.76942089200019825 0.00017314028809778395 -5.4224343299865714 0.98581206798553478 -0.00039015868969727302 0.0035241066943854098 -0.00012204796075820921 0.90143132209777843 -13.293497562408445 0.0019143366953358056 -0.90837630629539479 0.0023026757407933478 0.65946215391159069 5.6667309763724922e-05 -0.0014010046725161371 8.5290612332755713e-05 0.7357999086380006 7.4391035013832165e-05
decision_type=2 2 2 2 2 2 2 2 2 2 2 2 2 2 2 2 2 2 2 2 2 2 2 2 2 2 2 2 2 2
left_child=-1 2 5 6 -5 7 8 -2 -4 -6 28 12 15 14 18 16 -12 27 -14 20 -20 22 -17 -18 -22 -26 -27 -15 29 -3
right_child=1 10 3 4 9 -7 -8 -9 -10 -11 11 -13 13 17 -16 21 23 -19 19 -21 24 -23 -24 -25 25 26 -28 -29 -30 -31
leaf_value=-0.0013191536957858519 -0.0024379856883405826 0.0094827817101616699 -0.0039991211111147845 -0.01283641683568988 -0.0031303885478382587 -0.0014480864496937862 -0.00020857351696053074 0.00302996460512055 -0.020622548180532108 0.0069896666197829423 -0.014903663694041891 0.00011243319259572893 -0.029940994205123268 -0.0050923833996464052 0.013038921309969066 0.00062369016496258709 0.0090066269949630236 0.025989425381718424 -0.056103373431616581 -0.025891076086816026 0.10779895367464801 -0.020240502165749703 0.037418230627939641 0.060764568821741097 -0.053775399919886106 -0.057550787167200683 0.033982581217021766 0.0013772890606351341 -0.0022323625537501446 -0.00026865128902552325
leaf_weight=39894 9226 13764 9382 1049 2040 24063 134269 95926 378 10668 453 199191 678 8609 11423 549 2570 629 34 274 68 182 2932 141 52 30 312 7725 63461 1053175
leaf_count=39894 9226 13764 9382 1049 2040 24063 134269 95926 378 10668 453 199191 678 8609 11423 549 2570 629 34 274 68 182 2932 141 52 30 312 7725 63461 1053175
internal_value=-6.34912e-06 1.06154e-05 0.000331532 -5.83068e-05 0.00208985 0.000807569 -0.000263489 0.00115547 -0.00253074 0.00280138 -5.67977e-05 0.000365059 0.00206077 0.00109606 0.00344573 0.00627655 0.00246523 -0.000686789 -0.00407459 0.00311688 0.0104839 0.00956866 0.010586 0.0045924 0.0138528 0.00913706 0.0140351 -0.00112648 -0.000144816 -8.9649e-05
internal_weight=1.69315e+06 1.65325e+06 287001 157786 13757 129215 144029 105152 9760 12708 1.36625e+06 235852 36661 29834 12871 6827 3164 16963 1448 770 496 3663 3481 2711 462 394 342 16334 1.1304e+06 1.06694e+06
internal_count=1693147 1653253 287001 157786 13757 129215 144029 105152 9760 12708 1366252 235852 36661 29834 12871 6827 3164 16963 1448 770 496 3663 3481 2711 462 394 342 16334 1130400 1066939
is_linear=0
shrinkage=0.05


Tree=174
num_leaves=31
num_cat=0
split_feature=15 8 19 18 19 18 5 21 18 20 7 3 3 19 18 5 18 7 16 6 8 10 18 5 6 18 5 8 18 3
split_gain=8.26733 21.8027 24.0724 49.7692 76.1291 54.3236 52.1169 53.2841 43.0431 92.0275 39.8699 36.6569 33.5786 33.0037 64.7178 32.6892 36.8396 36.3161 31.5522 36.1943 30.1864 27.8842 31.7149 28.1 27.6978 29.21 28.2402 27.1558 34.728 32.9212
threshold=0.5730363428592683 1.0484770536422732 0.2861058115959168 0.1326885595917702 0.68039956688880932 -0.87142586708068837 0.0025335021782666449 0.65450850129127514 -0.8959035575389861 -0.76942089200019825 -2.7980302572250362 -0.00087946571875363577 0.00013833281263941902 0.96648588776588451 0.21004468202590945 0.00014906010619597512 0.58954745531082164 -2.8439486026763912 0.91237038373947155 -1.0160921216011045 -9.8024978637695295 1.211769759654999 0.95037782192230236 -0.0033305851975455876 -1.7699099779129026 0.76181921362876903 -9.0871410066029043e-05 -7.6525237560272208 -0.65770241618156422 -0.0001280091601074673
decision_type=2 2 2 2 2 2 2 2 2 2 2 2 2 2 2 2 2 2 2 2 2 2 2 2 2 2 2 2 2 2
left_child=1 2 -1 5 21 8 7 12 -4 -10 -9 -12 -7 15 -15 16 17 -6 19 -18 -17 22 24 -23 -5 -26 -27 28 -13 -30
right_child=-2 -3 3 4 13 6 -8 10 9 -11 11 27 -14 14 -16 20 18 -19 -20 -21 -22 23 -24 -25 25 26 -28 -29 29 -31
leaf_value=0.0006111733412216936 0.00029823013173393422 -0.00083041626975875478 -0.00010827592570321621 0.0031352734872128808 -0.0062024425869712909 -0.001229259501814667 -0.030210737858544001 -0.017106558768872189 0.043208786928748216 0.0030282655206335775 0.013131237644150619 -0.039394201866492826 -0.0084547861662035654 0.001977769231591714 0.023859379849092522 -0.059507994271921563 0.018443460299465891 0.00082380548203480068 0.00088642522973618747 0.003855003208399588 0.0084370166344069249 -0.020304417644904062 0.010067990156378871 -0.0050363102347823043 -0.010709052812464648 -0.0048818341532035243 0.0018985087861031038 -0.004771596743998319 -0.03263018360934318 0.018318179715760496
leaf_weight=469541 575383 368800 20180 10750 10591 82680 465 5066 1290 4888 675 280 6467 9934 6029 46 3378 30692 11152 4910 10041 369 2831 5288 3727 22571 10523 14049 231 320
leaf_count=469541 575383 368800 20180 10750 10591 82680 465 5066 1290 4888 675 280 6467 9934 6029 46 3378 30692 11152 4910 10041 369 2831 5288 3727 22571 10523 14049 231 320
internal_value=-6.52631e-06 -8.57963e-05 6.91622e-05 -0.000298293 0.000354262 -0.000980665 -0.00146825 -0.00139749 0.0010585 0.00471026 -0.00368799 -0.0024333 -0.000867668 0.00128208 0.00333584 0.000819093 0.000381239 -0.000463871 0.00217593 0.00451255 0.00345494 -0.0010819 -0.000708305 -0.00441046 -0.00101427 -0.00166617 -0.00119357 -0.00295027 -0.0117329 -0.00444646
internal_weight=1.69315e+06 1.11776e+06 748964 279423 142832 136591 110233 109768 26358 6178 20621 15555 89147 86773 15963 70810 60723 41283 19440 8288 10087 56059 50402 5657 47571 36821 33094 14880 831 551
internal_count=1693147 1117764 748964 279423 142832 136591 110233 109768 26358 6178 20621 15555 89147 86773 15963 70810 60723 41283 19440 8288 10087 56059 50402 5657 47571 36821 33094 14880 831 551
is_linear=0
shrinkage=0.05


Tree=175
num_leaves=31
num_cat=0
split_feature=6 8 18 19 10 10 9 19 19 19 19 5 19 8 18 5 15 20 18 6 10 9 4 20 10 20 18 8 9 4
split_gain=7.95861 33.2609 35.4641 38.995 34.1692 31.5816 29.1303 28.1109 27.845 33.0209 41.7104 35.7601 48.1473 41.024 51.0105 33.428 37.2813 29.3364 29.1939 28.6335 27.8667 27.8175 26.7861 41.0035 39.542 35.9166 31.6166 29.6805 28.5775 26.5265
threshold=0.45488324761390692 0.60376441478729259 -0.31523424386978144 -0.92304024100303639 0.81263774633407604 1.1338242888450625 0.00028404031763784593 0.63101285696029674 -0.62762191891670216 0.067579798400402083 0.37258200347423559 0.0019612736068665986 0.84688794612884533 2.6308180093765263 -0.01963364519178867 1.4841446045466002e-05 0.42297723889350897 0.76942089200019848 0.50188699364662182 -0.059421425685286515 0.65946215391159069 8.5867995949229239e-05 1.0788382496684791e-05 0.76942089200019848 0.81029167771339428 -1.0000000180025095e-35 -0.080633651465177522 4.8447468280792245 0.00023108132882043722 -0.00036088180786464358
decision_type=2 2 2 2 2 2 2 2 2 2 2 2 2 2 2 2 2 2 2 2 2 2 2 2 2 2 2 2 2 2
left_child=1 -1 3 4 -3 -5 -6 -7 18 -10 15 13 19 -12 22 21 -17 -14 -4 29 -18 -11 23 25 -25 -15 -26 28 -27 -13
right_child=-2 2 8 5 6 7 -8 -9 9 10 11 12 17 14 -16 16 20 -19 -20 -21 -22 -23 -24 24 26 27 -28 -29 -30 -31
leaf_value=0.00021911018081703927 0.00026119372630236114 0.067454342572868087 -0.0023973959069411412 0.00065191884296860185 0.081875130277820216 -0.004864486921536848 0.0043406061674842178 0.0040024258304318496 0.0016346133189206081 0.029932592118540536 -0.0032645693489086027 -0.0022287647156443379 0.0082654455641688052 -0.0048597199985646877 0.0035417153534217597 -0.017830028133236947 -0.050964782943836634 -0.0098369179285349943 -0.006561255497072838 -0.0053267527097044859 -0.0050254498038121492 -0.0034217811875715265 -0.00048855457059018283 -0.01702363873260513 0.039998707000794623 -0.0056889428990549162 -0.020155009704842478 -0.02977386362745188 -0.039105643397067583 -0.025696821559425598
leaf_weight=699495 655182 343 48352 108113 493 12323 2841 2514 39709 791 35112 329 2038 750 36432 4204 200 1352 21283 1207 6914 5303 3937 711 452 523 155 791 92 1206
leaf_count=699495 655182 343 48352 108113 493 12323 2841 2514 39709 791 35112 329 2038 750 36432 4204 200 1352 21283 1207 6914 5303 3937 711 452 523 155 791 92 1206
internal_value=-7.47129e-06 -9.35966e-05 -0.000500487 0.000161498 0.00523525 9.76007e-06 0.00368926 -0.0021534 -0.000896183 -0.00049505 -0.000969278 -0.000513004 -0.00419113 -0.000227345 0.000792601 -0.00319894 -0.0048065 -0.00020649 -0.00171537 -0.00911743 -0.00260051 -0.000213325 -0.0029888 -0.00618883 0.000758725 -0.010436 0.0101318 -0.0151494 -0.00691057 -0.0136482
internal_weight=1.69315e+06 1.03796e+06 338470 126627 3677 122950 3334 14837 211843 142208 102499 85087 6132 78955 43843 17412 11318 3390 69635 2742 7114 6094 7411 3474 1318 2156 607 1406 615 1535
internal_count=1693147 1037965 338470 126627 3677 122950 3334 14837 211843 142208 102499 85087 6132 78955 43843 17412 11318 3390 69635 2742 7114 6094 7411 3474 1318 2156 607 1406 615 1535
is_linear=0
shrinkage=0.05


Tree=176
num_leaves=31
num_cat=0
split_feature=10 21 8 5 3 9 19 7 7 5 18 15 4 19 4 9 3 20 18 8 5 10 15 15 18 18 9 18 9 2
split_gain=8.03684 28.7159 46.1632 29.6735 28.5662 24.8232 19.5965 18.7777 17.6417 24.4537 30.4622 23.003 20.0558 19.1191 18.846 22.3527 30.8774 25.3345 22.7486 21.5403 25.6357 17.429 32.1302 28.6077 18.8961 17.2768 28.8692 16.5328 15.608 15.5152
threshold=0.55844441056251537 0.65450850129127514 1.9213768839836123 0.0010628413874655964 -0.00051049506873823691 0.00025755148089956498 -0.96535655856132496 -6.0227084159851065 -2.5779066085815425 -0.00062350992811843742 -0.55738157033920277 0.34254680573940283 -0.00025701845879666502 0.99115538597106945 0.0015381064149551096 0.00012819576659239831 0.00019363674073247242 0.76942089200019848 -0.054514370858669274 13.136122703552248 -5.5940521633601741e-05 0.5111239254474641 0.55693653225898754 0.12493016943335535 -0.98518189787864674 -0.79202145338058461 0.00016435974976047876 0.08063365146517755 0.00072658102726563822 0.0001258174888789654
decision_type=2 2 2 2 2 2 2 2 2 2 2 2 2 2 2 2 2 2 2 2 2 2 2 2 2 2 2 2 2 2
left_child=1 6 4 -4 -3 -5 -1 -6 9 12 -11 27 -8 21 15 17 -17 19 29 20 -15 22 23 -10 -24 26 -9 -12 -23 -19
right_child=-2 2 3 5 7 -7 8 25 13 10 11 -13 -14 14 -16 16 -18 18 -20 -21 -22 28 24 -25 -26 -27 -28 -29 -30 -31
leaf_value=0.085688522115211219 -3.1358583582408174e-05 -0.064978481691509646 0.035882044018491766 -0.039790109843092503 0.064186891763004114 0.060259232826666169 -0.0024460930676023342 0.038573817957301394 -0.077686698815666588 -0.01234323632026948 -0.015899948086162796 0.1009508353804407 -0.034926234279981906 -0.060584773632654867 0.062159697182853892 -0.043817123044316113 0.0079672257353736505 0.010316632997883969 0.068679516725573195 -0.096610538841610513 0.007395172736125933 0.0048914013715975592 0.18778572162074819 0.042675524028361583 0.0018743156594376198 -0.024416990241089034 -0.057027273453668752 0.10491358847292109 -0.038513755043849053 -0.04010911928862089
leaf_weight=93 1679608 62 878 328 39 56 682 212 30 397 113 132 458 115 81 255 145 243 197 63 395 3818 44 1663 1522 1299 56 70 39 54
leaf_count=93 1679608 62 878 328 39 56 682 212 30 397 113 132 458 115 81 255 145 243 197 63 395 3818 44 1663 1522 1299 56 70 39 54
internal_value=-5.69945e-06 0.00120762 -0.00317406 0.0040412 -0.00863309 -0.00755208 0.00241776 -0.00734745 0.00221567 -0.00221382 0.00505618 0.0166667 -0.00675439 0.00316251 -0.00187339 -0.00316973 -0.01325 0.000609185 0.00890688 -0.0065445 -0.00313725 0.00425801 0.00694998 0.0117247 0.00178799 -0.00820038 0.00335821 0.00519126 0.00198341 0.00016835
internal_weight=1.69315e+06 13539 2930 1262 1668 384 10609 1606 10516 1852 712 315 1140 8664 1548 1467 400 1067 494 573 510 7116 3259 1693 1566 1567 268 183 3857 297
internal_count=1693147 13539 2930 1262 1668 384 10609 1606 10516 1852 712 315 1140 8664 1548 1467 400 1067 494 573 510 7116 3259 1693 1566 1567 268 183 3857 297
is_linear=0
shrinkage=0.05


Tree=177
num_leaves=31
num_cat=0
split_feature=14 15 9 5 19 18 7 19 4 10 5 6 21 4 10 4 19 15 18 19 4 10 19 15 20 6 14 19 8 8
split_gain=7.8093 10.8575 10.1206 14.5111 27.0266 21.7264 30.4661 17.2944 17.1368 16.4093 16.2588 16.24 15.4649 15.4202 14.7011 14.3293 13.4989 17.9923 15.5892 22.5493 17.2549 14.492 14.6969 13.9147 13.4814 15.0224 13.7863 13.5861 14.6021 13.0988
threshold=0.11312538385391237 0.097271934151649489 0.00012117791993659922 0.00039575612754561012 -0.96868926286697377 0.86051779985427868 0.47180935740470892 -0.2185685262084007 0.00085966577171348046 0.64857220649719249 0.00052670665900222968 1.1398651599884035 0.65450850129127514 0.00022140674991533163 1.3205614089965823 -0.00041007463005371386 -0.8959035575389861 0.62700736522674572 0.15858851373195651 0.69934985041618358 0.0011990627390332522 1.4773701429367068 -0.28192219138145441 0.56573846936225902 0.76942089200019848 0.26256848871707922 0.48805962502956396 0.96648588776588451 7.3907318115234384 7.9896481037139901
decision_type=2 2 2 2 2 2 2 2 2 2 2 2 2 2 2 2 2 2 2 2 2 2 2 2 2 2 2 2 2 2
left_child=-1 -2 3 -3 11 6 10 -7 9 -9 -6 -5 13 -11 15 -14 17 23 21 20 -20 22 -18 -8 26 -26 -21 -27 -29 -19
right_child=1 2 -4 4 5 7 16 8 -10 12 -12 -13 14 -15 -16 -17 18 29 19 24 -22 -23 -24 -25 25 27 -28 28 -30 -31
leaf_value=-0.00025691880320036778 0.0071164568411688058 0.00055592903377352785 4.4175484981046069e-05 0.0082176834275847765 0.031619694589805451 0.052751507750799356 -0.033080587475294847 -0.033716351797597001 -0.033076635618300543 -0.0068888387589510604 0.013339894398677533 0.043185883287840836 0.11071550925104606 0.0081789955884266751 0.058294807252414538 -0.019713237140068497 0.036101626613830984 0.028034145524241064 0.0016654211654407226 0.0085291846966101259 -0.072815791481990202 0.076430737497494808 0.0011020857661821482 -0.048826597349535844 -0.0063270576590195087 0.089201708766153021 0.044633769781963623 0.070083229254129825 -0.015853426776654911 -0.04460937932297853
leaf_weight=738325 4291 69541 858698 394 911 157 132 285 301 1538 1251 275 22 2279 23 751 124 119 1320 1110 40 55 10342 64 79 144 400 79 43 54
leaf_count=738325 4291 69541 858698 394 911 157 132 285 301 1538 1251 275 22 2279 23 751 124 119 1320 1110 40 55 10342 64 79 144 400 79 43 54
internal_value=-5.40414e-06 8.90218e-05 7.76934e-05 0.00057659 0.0016867 0.00138047 0.00228991 -0.00138163 -0.00187536 -0.00116374 0.00781684 0.0115845 -0.000444396 0.000877653 -0.00678392 -0.00795602 0.00144275 -0.00799458 0.00169627 0.00474339 -0.000147059 0.000765136 0.000630613 -0.0183673 0.00832884 0.0172464 0.00629139 0.0229323 0.0106557 0.00375723
internal_weight=1.69315e+06 954822 950531 91833 22292 21623 16267 5356 5199 4898 2162 669 4613 3817 796 773 14105 369 13736 3215 1360 10521 10466 196 1855 345 1510 266 122 173
internal_count=1693147 954822 950531 91833 22292 21623 16267 5356 5199 4898 2162 669 4613 3817 796 773 14105 369 13736 3215 1360 10521 10466 196 1855 345 1510 266 122 173
is_linear=0
shrinkage=0.05


Tree=178
num_leaves=31
num_cat=0
split_feature=12 10 8 18 8 15 19 18 3 17 8 3 8 18 19 10 17 20 7 9 9 9 19 3 9 7 18 8 9 19
split_gain=7.68226 15.6175 22.4946 15.4425 15.7999 26.8121 20.6062 23.3877 15.2578 14.9779 14.7872 16.4755 13.1632 15.5684 13.4205 16.2587 13.4884 13.4379 12.8949 12.8896 16.5117 13.5672 30.1203 14.3041 13.9182 13.2424 14.4315 12.3564 12.5967 14.8347
threshold=-0.11434441432356833 0.80774924159049999 -2.8160972595214839 0.99332016706466686 -5.7146995067596427 0.44643211364746099 0.72687268257141124 -0.55738157033920277 -0.00015787536540301514 0.8450489640235902 -5.1637113094329825 0.00031627182033844298 -3.8110477924346919 -0.99771150946617115 0.17149884253740313 0.65946215391159069 0.59173786640167247 -0.76942089200019825 1.5604293942451479 0.0011624655453488233 0.00089337458484806131 0.0003503176558297128 -0.01963364519178867 -0.00066967378370463837 0.00011018203804269434 -0.95104238390922535 -0.037079656496644013 14.866724967956545 0.00020845321705564859 -0.54280677437782276
decision_type=2 2 2 2 2 2 2 2 2 2 2 2 2 2 2 2 2 2 2 2 2 2 2 2 2 2 2 2 2 2
left_child=1 2 3 4 5 -1 12 -8 9 -9 11 -5 14 -14 -6 16 -16 18 -17 20 21 22 -4 24 -24 -21 -27 -3 -29 -30
right_child=-2 27 19 10 6 -7 7 8 -10 -11 -12 -13 13 -15 15 17 -18 -19 -20 25 -22 -23 23 -25 -26 26 -28 28 29 -31
leaf_value=0.0038502285810994687 0.00016073456277344579 -0.00052154308648026952 0.0040641266019077974 0.057708324801062388 0.0066016154007179197 -0.003940166956351643 -0.012303923976443415 -0.014488228072691978 0.0107043406872391 0.010040255596457492 -0.0016591856466370404 -0.028584399371393621 0.041838741091265938 0.0016900624351201322 0.023934465948530038 -0.0102487960306211 0.069539464477137797 0.019641858177025819 0.078449736120208655 -0.050928559942460296 0.024779788126224847 -0.0039346307700553257 0.050487961665965198 -0.0011257302325374031 -0.011888634273202053 -0.019446139138632992 0.030150173935284082 0.044600968368112628 0.044752458231899633 -0.005550465336609545
leaf_weight=13323 973087 599203 23978 338 5241 9377 1230 958 2128 739 246 40 176 4861 271 427 244 2173 24 35 302 10668 70 41246 1946 99 28 287 58 344
leaf_count=13323 973087 599203 23978 338 5241 9377 1230 958 2128 739 246 40 176 4861 271 427 244 2173 24 35 302 10668 70 41246 1946 99 28 287 58 344
internal_value=-5.34508e-06 -0.000129156 0.000391119 0.00132788 0.00120956 0.000325991 0.00229537 -0.000425321 0.00150327 -0.002033 0.00913462 0.0153439 0.00332041 0.00130038 0.00453461 0.0071201 0.0152427 0.00552591 -0.00232816 -0.000108457 -7.92738e-05 -0.000124506 0.000138311 -0.000649531 -0.0047619 -0.0141975 -0.00669291 -0.000233375 0.00645864 0.000746269
internal_weight=1.69315e+06 720060 120168 41796 41172 22700 18472 5055 3825 1697 624 378 13417 5037 8380 3139 515 2624 451 78372 78210 77908 67240 43262 2016 162 127 599892 689 402
internal_count=1693147 720060 120168 41796 41172 22700 18472 5055 3825 1697 624 378 13417 5037 8380 3139 515 2624 451 78372 78210 77908 67240 43262 2016 162 127 599892 689 402
is_linear=0
shrinkage=0.05


Tree=179
num_leaves=31
num_cat=0
split_feature=11 17 0 12 16 4 18 16 18 4 19 17 19 18 8 18 19 8 4 18 1 9 10 4 8 18 10 2 19 15
split_gain=7.95937 10.3934 8.81951 15.2215 15.1349 14.4633 14.4585 23.1395 18.7145 22.5901 20.0868 15.7184 15.581 24.5806 22.1423 21.6716 20.2381 14.1752 15.3228 14.1711 13.9528 12.8152 12.4117 17.3784 28.0406 21.1463 28.8474 19.6824 19.3365 20.899
threshold=3.2541915178298955 0.90039780735969555 0.00041422608774155384 0.69089737534523021 0.44808918237686163 -0.0030747189885005351 0.29862368106842047 0.67147034406661998 -0.79994463920593251 -0.00034102651989087457 -0.29862368106842035 0.526197910308838 -0.96868926286697377 0.08063365146517755 -0.39719101786613459 0.21004468202590945 -0.92799669504165638 -1.2095598578453062 -0.00088018158567138005 -0.99959546327590931 -0.00058778512175194908 0.00052543811034411203 0.97041389346122753 -0.00088018158567138005 6.4417459964752206 -0.99913862347602833 1.3588945865631106 9.9475204478949322e-05 1.0000000180025095e-35 0.4285722821950913
decision_type=2 2 2 2 2 2 2 2 2 2 2 2 2 2 2 2 2 2 2 2 2 2 2 2 2 2 2 2 2 2
left_child=2 -2 3 22 -5 -6 7 20 9 10 -9 -12 13 14 -10 16 -14 -17 -19 21 -7 -4 -1 24 25 26 28 -25 -24 -30
right_child=1 -3 19 4 5 6 -8 8 12 -11 11 -13 15 -15 -16 17 -18 18 -20 -21 -22 -23 23 27 -26 -27 -28 -29 29 -31
leaf_value=0.00021994928959665483 -0.011715517343549553 0.0054618897274819507 0.0048284894783914567 -0.0090576186849056668 -0.024064661626495166 0.10342654996291062 2.8206062196611814e-05 -0.0025745998991811071 -0.0033038271838099821 -0.0010392141160361136 -0.022366274505371066 0.0069616165248915568 0.014600385040047592 -0.0057375875144674128 0.0079875670154734967 0.027994012853451225 0.0031446260493642186 0.067222202812163956 0.0084693308381810894 -0.0010503969254406053 -0.0039677937898300762 0.021892369855403472 0.027348717376913981 -0.0011473664237491188 -0.026001894418488897 0.00046310314782009311 -0.0163093562665108 6.8152236956531281e-05 -0.0027940881600378277 0.024887978824284673
leaf_weight=707753 226 6620 320 1529 225 20 95611 2089 3369 29165 171 7099 3035 6023 6661 1632 37303 66 4037 65974 8104 193 768 336047 236 151576 219 216103 750 223
leaf_count=707753 226 6620 320 1529 225 20 95611 2089 3369 29165 171 7099 3035 6023 6661 1632 37303 66 4037 65974 8104 193 768 336047 236 151576 219 216103 750 223
internal_value=-6.9988e-06 0.00169442 -1.39062e-05 9.26032e-06 0.000410645 0.000447681 0.000461629 0.000855903 0.00106309 0.00019728 0.00233465 0.00357634 0.00159997 0.000258519 0.00177468 0.00206737 0.00165849 0.00494333 0.00337558 -0.000578309 -0.00171098 0.00769981 -4.92687e-05 -0.000197614 0.000272481 0.000298953 0.00545918 -0.000328534 0.00761057 0.00292909
internal_weight=1.69315e+06 6846 1.6863e+06 1.61981e+06 206139 204610 204385 108774 100650 38524 9359 7270 62126 16053 10030 46073 40338 5735 4103 66487 8124 513 1.41368e+06 705922 153772 153536 1960 552150 1741 973
internal_count=1693147 6846 1686301 1619814 206139 204610 204385 108774 100650 38524 9359 7270 62126 16053 10030 46073 40338 5735 4103 66487 8124 513 1413675 705922 153772 153536 1960 552150 1741 973
is_linear=0
shrinkage=0.05


Tree=180
num_leaves=31
num_cat=0
split_feature=18 19 18 18 20 8 7 7 4 8 5 19 19 20 4 18 8 9 18 18 20 5 7 17 5 10 17 18 8 9
split_gain=7.60068 40.6663 43.5422 80.3939 163.448 56.5759 33.3493 31.0889 32.7727 37.9976 32.456 35.9745 61.4617 55.1626 44.0659 48.0312 41.7766 34.2297 39.2551 31.9469 31.6111 28.7448 28.5284 28.3687 29.9686 36.6683 27.9958 29.7482 27.6691 27.1665
threshold=-0.8153785467147826 -0.30694064497947687 -0.86493045091629017 -0.90164175629615773 -0.76942089200019825 -4.9141917228698722 4.4819874763488778 -0.024696175009012219 0.0021550663514062767 6.3415014743804941 2.5570065190549943e-05 1.0000000180025095e-35 -0.045798758044838898 -1.0000000180025095e-35 -0.00077620462980121363 -0.99280729889869679 -2.8762601613998409 0.00012819576659239831 -0.99771150946617115 -0.98734235763549794 1.0000000180025095e-35 -0.0048454785719513884 -1.0295262336730955 1.6047126054763796 0.00056828794186003517 0.7302805781364442 1.2555850148200991 -0.8959035575389861 -6.8756659030914298 0.00021900656429352241
decision_type=2 2 2 2 2 2 2 2 2 2 2 2 2 2 2 2 2 2 2 2 2 2 2 2 2 2 2 2 2 2
left_child=1 -1 3 6 26 -4 7 10 -9 -10 11 12 -3 14 15 -13 21 18 -15 -17 -11 -16 29 24 -6 -26 27 -5 -20 -19
right_child=-2 2 5 4 23 -7 -8 8 9 20 -12 13 -14 17 16 19 -18 22 28 -21 -22 -23 -24 -25 25 -27 -28 -29 -30 -31
leaf_value=-0.002225972027488571 9.0157829149617452e-05 0.00085125834032760976 -0.012630459833043912 0.012034660611981458 0.00033985563107030714 -0.001717532629352725 0.0082127650793152093 -0.001885258162385839 0.0099030386207561664 -0.013916598574483985 0.0050158141854212525 0.012576702663042078 0.012553306871940256 -0.028252805632522596 0.11282219712557906 -0.017850429455430972 -0.014488479998105581 -0.0065590147102375434 -0.0040801712336809908 -0.0022732646438797357 0.0091730390482228363 -0.0051077733004160023 0.0053041689981587758 -0.008263979171039321 -0.020561564660808298 0.011640610057270484 0.0044537367400706461 0.042372080298400554 0.026399983443162592 0.0011241712431870443
leaf_weight=86500 1347949 29343 4190 648 10875 20941 6121 97549 3793 986 19692 2468 5374 301 67 761 5158 8265 812 4603 620 5112 6702 1414 459 4548 823 2791 2416 11866
leaf_count=86500 1347949 29343 4190 648 10875 20941 6121 97549 3793 986 19692 2468 5374 301 67 761 5158 8265 812 4603 620 5112 6702 1414 459 4548 823 2791 2416 11866
internal_value=-7.05786e-06 -0.000216398 9.74109e-05 0.000310189 0.00321922 -0.00188015 1.43862e-05 -9.37403e-05 -0.000708124 0.0030839 0.000520692 8.8891e-05 0.0013178 -0.000790217 -0.00296934 -0.000140449 -0.0051127 0.0005138 0.0051431 -0.00279642 -0.00336239 -0.00194053 -9.50322e-05 0.00105805 0.00166226 0.00486319 0.0119897 0.0139721 0.00675341 -0.00103572
internal_weight=1.69315e+06 345198 258698 233567 21558 25131 212009 205888 102948 5399 102940 83248 34717 48531 18169 7832 10337 30362 3529 5364 1606 5179 26833 17296 15882 5007 4262 3439 3228 20131
internal_count=1693147 345198 258698 233567 21558 25131 212009 205888 102948 5399 102940 83248 34717 48531 18169 7832 10337 30362 3529 5364 1606 5179 26833 17296 15882 5007 4262 3439 3228 20131
is_linear=0
shrinkage=0.05


Tree=181
num_leaves=31
num_cat=0
split_feature=3 17 7 15 20 18 10 5 17 5 9 18 4 3 10 5 0 5 9 7 10 5 5 9 7 4 5 9 10 10
split_gain=8.04556 34.9941 47.0753 15.6777 16.7253 27.596 22.5755 29.4222 31.7838 19.8412 42.4588 39.3 25.0716 23.4139 31.9606 22.1557 19.2221 18.1163 18.0774 18.2186 19.0907 18.0309 17.7263 17.6268 17.0253 21.2443 19.9347 22.5208 17.2098 20.4453
threshold=0.001186679757665843 0.69027274847030651 1.8600203394889834 0.56941065192222606 0.76942089200019848 -0.83025357127189625 1.6899983286857607 -0.0083811949007213098 1.6394813656806948 -0.00073176570003852237 0.00022861422621645036 -0.96535655856132496 -3.3170534152304747e-05 -0.0001641944618313573 0.82461631298065197 0.001868706080131233 0.00053957445197738718 -0.0040254744235426179 0.0010354014812037351 3.3321042060852055 1.3205614089965823 0.002236129250377417 -0.0083811949007213098 0.00047181016998365527 2.2270470857620244 -0.00023001098452368748 0.00018302910757483917 0.00018007815378950911 0.93230432271957409 0.79213145375251781
decision_type=2 2 2 2 2 2 2 2 2 2 2 2 2 2 2 2 2 2 2 2 2 2 2 2 2 2 2 2 2 2
left_child=3 2 -2 4 21 9 7 8 16 10 -6 24 15 14 -12 -13 -7 23 -9 20 -20 -1 -8 -15 25 28 -27 -28 29 -11
right_child=1 -3 -4 -5 5 6 22 18 -10 11 13 12 -14 17 -16 -17 -18 -19 19 -21 -22 -23 -24 -25 -26 26 27 -29 -30 -31
leaf_value=-0.00027306885817360852 -0.0029849916296396054 -0.0013041823001648468 0.0073633114229012088 0.00054451198684660749 -0.011610166833588176 -0.020511041123660968 0.032848025243754755 0.0016160174914929938 0.011736050005153154 0.014755478846843263 0.017653913912261007 0.0019373726150575645 -0.0074188383250239909 -0.028754212032073841 -0.0010417838813356673 -0.017782176622153013 -0.039113590868450968 -0.0092057286026132508 -0.017419232609815184 0.087602440786077956 0.0050641716036267216 -0.0024003667762666049 -0.0062183699280080051 0.033691019962621298 0.020170304841583966 -0.0085200844745860153 0.01901935230413539 0.00034528180640610586 0.015334014824333731 -0.0042102525194080255
leaf_weight=828234 6304 101149 11173 472845 4536 461 105 185898 239 775 1352 6765 7370 56 7687 599 75 2592 871 30 411 38184 3193 185 734 2578 860 3568 2590 1728
leaf_count=828234 6304 101149 11173 472845 4536 461 105 185898 239 775 1352 6765 7370 56 7687 599 75 2592 871 30 411 38184 3193 185 734 2578 860 3568 2590 1728
internal_value=-6.70349e-06 -0.00040379 0.00166218 2.32134e-05 -8.01506e-05 0.00029372 0.000553369 0.000625316 -0.00909677 -0.000835702 -0.00221234 -1.63239e-05 -0.0017782 -0.000640162 0.000602943 0.000285171 -0.0158582 -0.00460642 0.000665563 -0.00518293 -0.00608424 -0.000181668 -0.0035476 0.00850622 0.00200655 0.00155798 -0.000228376 0.00180668 0.00401532 0.00105873
internal_weight=1.69315e+06 118626 17477 1.57452e+06 1.10168e+06 235258 191283 187985 775 43975 16408 27567 14734 11872 9039 7364 536 2833 187210 1312 1282 866418 3298 241 12833 12099 7006 4428 5093 2503
internal_count=1693147 118626 17477 1574521 1101676 235258 191283 187985 775 43975 16408 27567 14734 11872 9039 7364 536 2833 187210 1312 1282 866418 3298 241 12833 12099 7006 4428 5093 2503
is_linear=0
shrinkage=0.05


Tree=182
num_leaves=31
num_cat=0
split_feature=6 19 9 9 20 5 18 5 2 19 19 15 9 9 5 0 18 14 16 19 18 9 9 9 5 15 8 9 21 9
split_gain=7.55106 13.2413 12.6969 15.6754 21.9999 19.5364 18.6915 13.0619 12.6813 10.4843 12.2841 10.4822 14.6523 13.3932 12.1789 14.3366 10.8885 10.9764 10.0206 9.67012 52.7876 40.8688 20.1124 24.8034 29.7619 24.794 20.889 19.9266 27.9002 41.6896
threshold=-3.6927522420883174 0.9959998130798341 0.00015271192387444901 8.8437478552805273e-05 0.76942089200019848 -0.0007850628753658383 -0.26513479650020594 -9.0871410066029043e-05 -0.0010929116979241369 0.47907376289367681 0.98664098978042614 0.1448880732059479 0.00016767749184509742 0.00032051738526206469 -0.0007850628753658383 -0.00014619107969338072 -0.01963364519178867 0.43325422704219824 2.0669926404953007 0.99930992722511303 -1.0000000180025095e-35 5.6667309763724922e-05 0.00052543811034411203 0.00026947888545691972 -0.0018753996700979767 0.74731525778770458 -8.0490031242370588 0.00012819576659239831 1.0000000180025095e-35 0.00048975308891385805
decision_type=2 2 2 2 2 2 2 2 2 2 2 2 2 2 2 2 2 2 2 2 2 2 2 2 2 2 2 2 2 2
left_child=1 2 3 4 5 -1 -7 -5 -4 -6 -11 13 16 14 -3 -16 17 -13 -18 -2 27 -22 23 24 -23 26 -25 -21 29 -29
right_child=19 11 8 7 9 6 -8 -9 -10 10 -12 12 -14 -15 15 -17 18 -19 -20 20 21 22 -24 25 -26 -27 -28 28 -30 -31
leaf_value=-0.041598430294498591 -5.7998445002171996e-05 0.037698593179641353 0.0056944942469593363 0.0222028496542378 0.018168765261647513 -0.014376819960862231 0.047034786598184102 -0.0088879195720148914 -0.0039198409809568574 -0.053204833312219729 0.087632420316658993 -0.022312400233405128 0.01701939481233164 -0.042770092359795488 0.065946548127480756 -0.049769168819715028 -0.059791178161250007 0.092099207982565823 -0.016866264516928898 0.023700954782474803 -0.047816263438757917 -0.053914701845499097 -0.015442275443879695 0.11766283558507468 -0.0021812221793282684 0.060486991822993025 0.0056960863367910399 0.022799819658192055 -0.0035329733575820811 -0.03386257205767855
leaf_weight=119 1659592 125 5531 2073 32 203 339 189 3671 129 25 92 100 21 33 65 108 20 89 5040 334 78 373 40 8793 72 1129 1635 3007 90
leaf_count=119 1659592 125 5531 2073 32 203 339 189 3671 129 25 92 100 21 33 65 108 20 89 5040 334 78 373 40 8793 72 1129 1635 3007 90
internal_value=-6.46725e-06 0.00119562 0.00156364 0.00432615 -0.0014758 0.00279879 0.00682657 0.00649867 0.000630298 -0.0166667 -0.0220779 -0.00574273 -0.0106357 0.00245902 0.00605381 -0.00714286 -0.0160194 -0.00357143 -0.0230964 -1.57423e-05 0.00106114 -0.00134486 -0.000796376 -0.000375791 -0.001302 0.00624496 0.00449102 0.00372493 0.00139476 0.00646377
internal_weight=1.69315e+06 12964 12311 3109 847 661 542 2262 9202 186 154 653 409 244 223 98 309 112 197 1.68018e+06 20591 10819 10485 10112 8871 1241 1169 9772 4732 1725
internal_count=1693147 12964 12311 3109 847 661 542 2262 9202 186 154 653 409 244 223 98 309 112 197 1680183 20591 10819 10485 10112 8871 1241 1169 9772 4732 1725
is_linear=0
shrinkage=0.05


Tree=183
num_leaves=31
num_cat=0
split_feature=1 8 19 5 18 15 6 19 13 8 17 18 17 5 19 5 8 12 3 9 13 15 8 13 3 3 19 17 8 17
split_gain=7.55071 17.188 19.6146 17.6044 17.9557 24.4996 16.8763 15.6095 13.9358 12.159 12.1314 12.4793 11.5817 11.2836 17.5815 16.05 12.0153 10.7915 10.5366 10.3689 10.2776 10.7168 10.2323 10.8982 10.8595 9.99799 40.1761 26.5728 25.1488 20.4638
threshold=0.0013925269013270738 -5.612269163131713 -0.089328680187463746 0.0043213439639657744 -0.41270604729652399 0.81409507989883434 0.9555291235446931 -0.59657368063926686 0.020549538545310501 -4.5928890705108634 1.8454085588455202 0.8102954924106599 3.7408494949340825 -0.0028864039340987797 -0.91792565584182728 -0.0013404229539446531 -2.8762601613998409 0.65645071864128124 -0.0010539182694628833 0.00048400608648080384 0.27867147326469427 0.39393320679664617 6.1425082683563241 0.079623483121395125 0.0017668483196757736 0.001186679757665843 0.98664098978042614 0.69027274847030651 2.7428810596466069 0.69027274847030651
decision_type=2 2 2 2 2 2 2 2 2 2 2 2 2 2 2 2 2 2 2 2 2 2 2 2 2 2 2 2 2 2
left_child=25 8 3 9 7 6 -6 19 -2 -3 11 -8 13 14 -11 18 -17 -16 -15 -5 21 -10 23 -21 -25 -1 27 28 -27 -28
right_child=1 2 -4 4 5 -7 10 -9 20 12 -12 -13 -14 15 17 16 -18 -19 -20 22 -22 -23 -24 24 -26 26 29 -29 -30 -31
leaf_value=3.2082628478258268e-05 -0.022903993766153621 0.017572920891220034 0.0090337982397192713 0.07722533736612941 0.022430590621698967 0.025239666896281345 0.0081267342613223822 0.0069225104780383136 0.023498962773453726 -0.021828205601024293 -0.017420893498673509 -0.013280124211679635 -0.021347141200795818 0.036813465485615947 0.0063231069227234543 -0.015756183024218853 0.0030445240555584509 -0.008660960569994559 0.01263166957787375 0.016054519744305218 -0.01350918614769861 -0.0063454561623553013 -0.023038677199960413 0.011887006839078696 -0.013160191761956886 -0.0010421667114470679 0.032466392354119022 -0.0016917158339248785 0.0071014146552174865 0.0077991148768679075
leaf_weight=1570012 179 321 3027 23 50 323 238 355 114 176 198 87 191 100 391 115 4122 277 539 133 174 335 683 75 234 8901 424 91847 7681 1822
leaf_count=1570012 179 321 3027 23 50 323 238 355 114 176 198 87 191 100 391 115 4122 277 539 133 174 335 683 75 234 8901 424 91847 7681 1822
internal_value=-6.40819e-06 0.0012199 0.00170698 0.000492411 -0.00314714 0.00245536 -0.00375218 -0.00648703 -0.00586035 0.00189345 -0.00640535 -0.000461538 0.00137879 0.00178322 -0.0035545 0.00270714 0.00159311 0.000149701 0.0100939 -0.00932056 -0.00232745 0.00167038 -0.01 -0.0040724 -0.0092233 -1.54996e-05 -0.000474814 -0.000611921 0.00123025 0.00614426
internal_weight=1.69315e+06 12460 11658 8631 2399 896 573 1503 802 6232 523 325 5911 5720 844 4876 4237 668 639 1148 623 449 1125 442 309 1.68069e+06 110675 108429 16582 2246
internal_count=1693147 12460 11658 8631 2399 896 573 1503 802 6232 523 325 5911 5720 844 4876 4237 668 639 1148 623 449 1125 442 309 1680687 110675 108429 16582 2246
is_linear=0
shrinkage=0.05


Tree=184
num_leaves=31
num_cat=0
split_feature=4 18 19 3 18 19 8 1 5 9 18 17 5 20 17 9 19 10 8 5 10 8 2 10 7 5 16 19 9 19
split_gain=7.44059 16.8503 24.6544 30.9419 29.0339 20.749 20.6872 20.836 20.1003 28.5154 22.3764 19.6894 19.5775 34.5142 20.6267 22.7353 17.9213 21.2147 16.55 19.2804 22.1519 18.1567 17.248 19.9075 16.7568 25.8069 16.618 15.9429 15.8884 15.8168
threshold=-0.0028529592091217633 -0.79202145338058461 -0.86493045091629017 -0.0018706224509514866 -0.31523424386978144 0.99980485439300548 -0.20014255493879315 -0.00026906175480689848 -0.00025260659458581353 0.00044489394349511718 -0.7238691747188567 0.96845170855522167 -0.0048454785719513884 0.76942089200019848 1.2626128792762759 0.0007489442068617792 -0.89001184701919545 1.3956301808357241 -6.7356712818145743 -0.003760276129469275 0.89026114344596874 -10.28252601623535 0.00098650658037513516 0.93596202135086071 -5.4702172279357901 -0.0064223564695566884 0.46981078386306768 -0.99560055136680592 0.0014222073950804772 -0.7589854598045348
decision_type=2 2 2 2 2 2 2 2 2 2 2 2 2 2 2 2 2 2 2 2 2 2 2 2 2 2 2 2 2 2
left_child=1 -1 4 5 11 -4 7 -5 9 -8 -10 -3 13 16 15 -15 -13 -18 19 20 21 -6 -20 -24 -22 26 -26 -21 -29 -11
right_child=-2 2 3 6 18 -7 8 -9 10 29 -12 12 -14 14 -16 -17 17 -19 22 27 24 -23 23 -25 25 -27 -28 28 -30 -31
leaf_value=0.0018718881797623378 1.7229682534580792e-05 0.02581790274379794 -0.00075913368056669268 -0.004684918191289628 0.1049025483148685 -0.037824481787631009 -0.0431316756642963 -0.013535375943235051 -0.033660581577140934 -0.0085294750322519094 0.0051432388134993907 0.013865885492853986 -0.0020859509077206795 0.08959955483034715 0.059731440734510859 -0.035329714652358804 7.9487442073639122e-05 -0.022658485010516212 -0.0086091278307723514 0.082782330286819167 -0.019691842014525274 0.0087775526369445796 -0.029807251384317113 0.020374922122375919 0.03619383523997121 0.01519715020452253 -0.022800667625711264 0.0089221587668533719 0.083108073591685802 0.041417730379979062
leaf_weight=9987 1653253 621 11142 3328 64 54 53 4444 86 53 442 1098 2191 21 271 72 484 98 3038 51 398 106 20 254 23 562 386 284 21 242
leaf_count=9987 1653253 621 11142 3328 64 54 53 4444 86 53 442 1098 2191 21 271 72 484 98 3038 51 398 106 20 254 23 562 386 284 21 242
internal_value=-7.05786e-06 -0.000681807 -0.00127562 -0.00229792 0.000740336 -0.000562701 -0.0045444 -0.00536541 0.00273973 0.012069 -0.00340909 0.00352142 0.00230224 0.00582192 0.0197802 -0.000537634 0.00279762 -0.00429553 -0.00185327 0.00187335 -0.000552307 0.0164706 -0.00398551 0.0080292 -0.00266618 0.000875386 -0.00867971 0.0123596 0.00803279 0.0181356
internal_weight=1.69315e+06 39894 29907 19844 10063 11196 8648 7772 876 348 528 4856 4235 2044 364 93 1680 582 5207 1895 1539 170 3312 274 1369 971 409 356 305 295
internal_count=1693147 39894 29907 19844 10063 11196 8648 7772 876 348 528 4856 4235 2044 364 93 1680 582 5207 1895 1539 170 3312 274 1369 971 409 356 305 295
is_linear=0
shrinkage=0.05


Tree=185
num_leaves=31
num_cat=0
split_feature=11 16 19 19 19 11 13 5 6 3 18 5 0 18 20 6 5 9 9 7 5 17 17 0 4 5 7 5 19 9
split_gain=7.4909 14.4735 22.1662 39.7149 21.1947 15.0889 15.5155 15.5282 14.7447 20.3284 14.7123 14.495 14.1255 13.9248 24.898 40.453 17.8569 16.4584 17.1007 16.306 15.7726 13.427 13.9052 13.4134 13.3652 12.6916 12.1554 11.6209 11.5137 13.7253
threshold=0.45961867272853857 0.59706732630729686 0.50188699364662182 0.84688794612884533 0.80773079395294201 0.17184733599424365 0.072597153484821333 -0.0035307975485920902 0.47052986919879919 -0.00028438441222533578 -0.99428912997245777 0.00040862553578335797 0.00025787604681681847 -0.83025357127189625 -1.0000000180025095e-35 0.043800409883260734 0.002614831668324769 0.00060025317361578356 0.00032273044052999472 3.6483438014984135 0.0010004401556216182 0.27982398867607122 0.15315890312194827 -5.21541983289353e-06 3.4510494515416219e-05 -0.001230191614013165 -3.1046380996704097 -0.00021611999545712021 -0.7589854598045348 0.00027264619711786514
decision_type=2 2 2 2 2 2 2 2 2 2 2 2 2 2 2 2 2 2 2 2 2 2 2 2 2 2 2 2 2 2
left_child=1 2 5 4 13 27 8 -8 9 -7 -3 12 24 14 15 20 19 18 -15 -16 -4 22 -11 25 -9 -5 -6 -1 29 -26
right_child=-2 10 3 23 26 6 7 11 -10 21 -12 -13 -14 17 16 -17 -18 -19 -20 -21 -22 -23 -24 -25 28 -27 -28 -29 -30 -31
leaf_value=0.0014000313460617421 4.7265199249435509e-05 0.0075219157087815349 -0.014978836634957355 -0.0040765156130940011 -0.036557162307632111 0.0019827785664221498 0.012747628419460611 0.0029181635057343837 0.002354702262522235 -0.029143165751379124 -0.0023053920572237651 0.0063339444300219323 0.047587359927580508 -0.0030502596752327916 -0.016684907434362229 0.023972667019415989 0.031410609910747532 -0.021037578771627069 0.0066320485606307135 -0.04173360568525139 0.012334687382404664 -0.0091994412321039672 0.0057235974194802756 -0.00079542466598255261 0.017179564640946665 0.0055651465204291546 -0.009822874541519179 0.02202058821398567 -0.0069710246803525444 -0.0060918996979389467
leaf_weight=636 1558040 1595 350 754 191 5366 834 8273 7095 126 52207 8191 28 12747 1096 352 51 276 988 45 40 5079 1389 12424 600 7759 2067 985 2987 576
leaf_count=636 1558040 1595 350 754 191 5366 834 8273 7095 126 52207 8191 28 12747 1096 352 51 276 988 45 40 5079 1389 12424 600 7759 2067 985 2987 576
internal_value=-6.64443e-06 -0.000363786 5.71921e-05 -0.000799693 -0.00250783 0.000852603 0.000663477 0.00158453 -0.00037523 -0.00144649 -0.000999963 0.00131445 0.000240693 -0.00186579 -0.00584281 0.00134771 -0.0103188 -0.00131682 -0.0010739 -0.0116126 -0.00974359 -0.00330604 0.000825083 0.00068539 0.000160823 0.00221426 -0.00704163 0.00558297 -0.00214989 0.00204082
internal_weight=1.69315e+06 135107 81305 39140 18203 42165 40544 21489 19055 11960 53802 20655 12464 15945 1934 742 1192 14011 13735 1141 390 6594 1515 20937 12436 8513 2258 1621 4163 1176
internal_count=1693147 135107 81305 39140 18203 42165 40544 21489 19055 11960 53802 20655 12464 15945 1934 742 1192 14011 13735 1141 390 6594 1515 20937 12436 8513 2258 1621 4163 1176
is_linear=0
shrinkage=0.05


Tree=186
num_leaves=31
num_cat=0
split_feature=10 9 19 7 18 16 3 19 8 19 8 18 20 19 17 9 8 20 7 19 18 1 19 8 20 18 7 18 18 7
split_gain=7.46726 12.8396 23.5204 37.4337 21.9209 15.1035 14.9817 29.7347 26.7145 16.5026 14.1965 14.0386 13.1946 32.0676 21.1551 12.8717 12.618 16.4141 12.2111 23.3468 19.2188 16.4165 15.7639 14.9231 33.5095 26.2799 24.3807 20.9501 33.9156 21.5024
threshold=0.55844441056251537 0.00019269169570179659 0.67074871063232433 4.144630193710328 0.57892408967018139 1.0527542233467104 9.2084930656710653e-05 -0.080633651465177522 10.0774302482605 -0.96535655856132496 -9.3860158920288068 0.01527100056409836 -1.0000000180025095e-35 0.86927726864814769 0.41654896736145025 0.00046601842041127389 10.890838146209719 0.76942089200019848 4.9518494606018075 0.63101285696029674 -0.82288655638694752 0.00025585001276340341 0.99740713834762584 -5.8146398067474356 1.0000000180025095e-35 0.8102954924106599 -6.0227084159851065 -0.33174875378608698 -0.82288655638694752 1.3377671241760256
decision_type=2 2 2 2 2 2 2 2 2 2 2 2 2 2 2 2 2 2 2 2 2 2 2 2 2 2 2 2 2 2
left_child=1 18 6 4 5 12 8 10 9 -3 -8 -7 13 14 -4 -11 -14 -18 21 20 -20 23 -21 24 26 -26 -1 28 -28 -30
right_child=-2 2 3 -5 -6 11 7 -9 -10 15 -12 -13 16 -15 -16 -17 17 -19 19 22 -22 -23 -24 -25 25 -27 27 -29 29 -31
leaf_value=0.05972278016739721 -2.9461795577839791e-05 0.1249054120368297 0.01036962478538977 0.071559015332920042 -0.048152613504315128 -0.038283183728416173 0.048071562752426703 0.040408369881194249 0.048680297933478611 -0.014589174701484709 -0.017452377057070024 0.0085191853377759863 -0.019169755335199597 0.087480428629184412 -0.040968871602484941 0.015851250804159622 0.034793904534249506 -0.015670447296184078 0.0083149290072226153 0.014824032231929031 -0.067710859862906841 0.050468031707999343 -0.059111456490590644 0.0089492657698566191 0.0059347948558703401 0.11424065799285993 0.080811586048262204 0.00010987393446650896 -0.042503216407996126 0.015106853540690052
leaf_weight=80 1679608 25 52 84 83 178 65 272 36 435 210 40 524 77 42 63 60 39 63 415 161 270 38 7726 1115 115 121 457 621 72
leaf_count=80 1679608 25 52 84 83 178 65 272 36 435 210 40 524 77 42 63 60 39 63 415 161 270 38 7726 1115 115 121 457 621 72
internal_value=-6.231e-06 0.00116331 -0.00225383 -0.00716709 -0.0096347 -0.0076087 0.00298373 0.00886654 -0.00277281 -0.00564054 -0.00272727 -0.0192661 -0.00440806 0.00789474 -0.0117021 -0.00763052 -0.00778491 0.00858586 0.00185712 -0.00465288 -0.0178571 0.0022738 0.00187638 0.00195498 -0.00133669 0.00463415 -0.00677276 -0.00845791 -0.0132678 -0.0175325
internal_weight=1.69315e+06 13539 2285 1179 1095 1012 1106 547 559 523 275 218 794 171 94 498 623 99 11254 677 224 10577 453 10307 2581 1230 1351 1271 814 693
internal_count=1693147 13539 2285 1179 1095 1012 1106 547 559 523 275 218 794 171 94 498 623 99 11254 677 224 10577 453 10307 2581 1230 1351 1271 814 693
is_linear=0
shrinkage=0.05


Tree=187
num_leaves=31
num_cat=0
split_feature=16 11 18 9 15 2 18 3 4 16 10 8 19 4 12 12 3 3 18 10 10 10 9 17 18 19 8 19 4 2
split_gain=7.32078 9.46563 9.7989 13.428 11.4778 15.4721 23.907 10.7488 13.867 13.2385 11.1301 10.6203 9.54506 8.81736 11.3851 10.0894 8.58345 8.54004 9.32762 11.9623 11.4588 8.66602 8.25347 13.2948 8.2459 8.54744 8.23247 18.9449 17.4985 23.3477
threshold=2.2640036344528203 0.64579597115516674 0.51316559314727794 0.0002741916105151177 0.35465809702873236 -0.0018381073605269191 -0.26513479650020594 0.00075996838859282445 0.0037035822169855241 2.405956625938416 1.0323712825775149 -8.759358882904051 0.84688794612884533 -0.0059160899836570016 -1.3659012913703916 -0.9181225299835204 0.00068408693186938774 0.0004636762168956921 0.8537760078907014 1.0743949413299563 1.1652973890304568 1.1979371905326845 0.00048400608648080384 2.8883281946182255 0.49052239954471594 -0.99959546327590931 -13.293497562408445 -0.94190874695777882 -0.0013009722460992632 0.00037240009987726813
decision_type=2 2 2 2 2 2 2 2 2 2 2 2 2 2 2 2 2 2 2 2 2 2 2 2 2 2 2 2 2 2
left_child=26 -2 4 12 5 6 13 16 9 10 -9 -6 -4 15 -15 -3 17 18 20 -20 -5 -22 23 -8 25 -7 27 -1 29 -29
right_child=1 2 3 7 11 24 22 8 -10 -11 -12 -13 -14 14 -16 -17 -18 -19 19 -21 21 -23 -24 -25 -26 -27 -28 28 -30 -31
leaf_value=0.042087483724848745 -0.031179932983167281 0.024057968220839013 0.0025064088489998252 -0.019654293814395221 -0.019238916816082363 0.038091777705497126 -0.072982613930839713 0.03960319735336796 0.018358214272562057 -0.022575798838082237 -0.01736516478668846 0.0062733892499925005 -0.05152713941138496 0.019867630004742877 0.064233475294260836 -0.052163429075716854 0.028760695670730252 -0.025954939736361315 0.024555354682960901 -0.0027469340571364522 0.065478243029281374 -0.0045979795102828683 -0.017817088629605227 0.044548675050050869 0.04829064185327081 -0.005285449899686951 -5.0864813174422709e-05 0.0097845758236140556 -0.00081780004737233569 0.073732326613193053
leaf_weight=219 41 100 5602 405 133 85 20 41 77 436 123 11925 25 299 180 34 51 113 286 723 38 308 287 94 134 3968 1661086 1822 4414 78
leaf_count=219 41 100 5602 405 133 85 20 41 77 436 123 11925 25 299 180 34 51 113 286 723 38 308 287 94 134 3968 1661086 1822 4414 78
internal_value=-5.93569e-06 0.000834378 0.000872994 -0.000546913 0.00154992 -0.000413382 0.00512821 -0.00351788 -0.00893648 -0.0115 0.000609756 0.00239675 0.000826373 0.0113377 0.0145094 0 -0.00161123 -0.00216231 -0.00130682 0.0018335 -0.00552597 0.00115607 -0.00436409 0.00701754 -0.00175543 -0.00215889 -1.87993e-05 0.00175264 0.00125119 0.00526316
internal_weight=1.69315e+06 25528 25487 8228 17259 5201 1014 2601 677 600 164 12058 5627 613 479 134 1924 1873 1760 1009 751 346 401 114 4187 4053 1.66762e+06 6533 6314 1900
internal_count=1693147 25528 25487 8228 17259 5201 1014 2601 677 600 164 12058 5627 613 479 134 1924 1873 1760 1009 751 346 401 114 4187 4053 1667619 6533 6314 1900
is_linear=0
shrinkage=0.05


Tree=188
num_leaves=31
num_cat=0
split_feature=4 12 18 8 10 18 9 6 7 5 18 10 7 10 10 10 5 8 8 18 18 18 10 8 18 1 10 13 15 6
split_gain=7.23266 16.8104 12.7596 15.1112 17.7174 15.4861 25.015 29.5914 15.4752 15.0433 20.9517 18.0284 15.0004 16.9238 18.9904 14.9603 17.6704 20.3235 22.4175 17.6423 17.2348 19.9754 30.9057 21.4581 18.136 17.4066 19.027 18.254 15.8095 14.0134
threshold=-0.0028529592091217633 0.70277556777000438 -0.79202145338058461 0.39896097779273992 0.81999412178993236 0.57892408967018139 0.0003909708902938292 -0.85641446709632862 -1.854475677013397 0.0007640184194315226 -0.69308573007583607 0.66909530758857738 -3.4844347238540645 1.0479005575180056 1.3386096954345705 0.93230432271957409 -0.0028864039340987797 0.79908627271652233 -6.8756659030914298 -0.98933362960815419 -0.99560055136680592 -0.91265374422073353 1.4578608870506289 -3.5516924858093257 -0.85149618983268727 -0.00099016563035547712 1.1438367962837221 0.12232882156968118 0.27004544436931616 -2.3335592746734615
decision_type=2 2 2 2 2 2 2 2 2 2 2 2 2 2 2 2 2 2 2 2 2 2 2 2 2 2 2 2 2 2
left_child=1 2 15 4 5 -4 -7 -8 -6 11 -11 -5 -13 -14 -15 -1 20 18 -18 -19 25 -22 -23 24 -24 -17 27 -27 -26 -12
right_child=-2 -3 3 9 8 6 7 -9 -10 10 29 12 13 14 -16 16 17 19 -20 -21 21 22 23 -25 28 26 -28 -29 -30 -31
leaf_value=0.0090294879076982856 1.7578552769248468e-05 -0.0060805897069034168 -0.017560286184614537 0.10886602897039949 -0.00094460352472236497 -0.026053334926441792 0.11372532686805233 -0.009554468759225887 -0.0068701030647399025 -0.036981001236878266 -0.032102442415847456 -0.019003731612563586 0.033514096889902527 -0.010267949932929772 0.10852827934769493 0.0064215013987405263 -0.017264502589915836 0.063097376334145555 0.018548611313413177 -0.014971942201503708 0.0047331161266080286 -0.010940839318975881 0.065484255898054095 -0.020742099871107225 0.041577872891094214 -0.011755092463060514 -0.024793416376996474 0.02839060702365246 -0.0084195072293109744 0.010106391512064295
leaf_weight=2475 1653253 3530 1073 31 22535 84 112 83 2060 75 61 78 335 194 39 175 176 23 1177 211 2251 1906 103 36 89 63 272 75 71 501
leaf_count=2475 1653253 3530 1073 31 22535 84 112 83 2060 75 61 78 335 194 39 175 176 23 1177 211 2251 1906 103 36 89 63 272 75 71 501
internal_value=-6.52631e-06 -0.00067178 -0.000351996 -0.000893217 -0.00115813 -0.00673077 0.00376344 0.0135897 -0.000851799 0.0043379 -0.00117739 0.00952733 0.00773994 0.0105634 0.000214592 0.00126881 3.0175e-05 0.00463138 0.00698448 -0.00897436 -0.00141837 -0.000359066 -0.0037415 0.011204 0.0161597 -0.00948718 -0.015122 0 0.005625 0.00213523
internal_weight=1.69315e+06 39894 36364 27261 25947 1352 279 195 24595 1314 637 677 646 568 233 9103 6628 1587 1353 234 5041 4456 2205 299 263 585 410 138 160 562
internal_count=1693147 39894 36364 27261 25947 1352 279 195 24595 1314 637 677 646 568 233 9103 6628 1587 1353 234 5041 4456 2205 299 263 585 410 138 160 562
is_linear=0
shrinkage=0.05


Tree=189
num_leaves=31
num_cat=0
split_feature=12 5 8 18 19 18 19 8 18 20 9 19 19 10 9 19 5 21 4 4 18 9 9 5 13 10 3 8 8 19
split_gain=7.12444 15.1367 23.3364 23.6369 23.0192 22.8988 18.0921 16.5006 36.8898 26.4154 33.5921 25.4839 23.0417 24.3291 20.7634 19.1005 17.9398 15.6364 14.4601 14.225 16.6398 14.028 13.9103 13.6509 13.3813 14.6783 15.3045 13.2694 13.1634 13.1493
threshold=-0.11434441432356833 0.0020620410796254878 2.0318208932876591 0.55738157033920299 -0.55375361442565907 0.32350382208824163 -0.58601745963096608 6.5482077598571786 0.77851521968841564 -1.0000000180025095e-35 0.00080881407484412204 -0.85149618983268727 -0.24826665222644803 0.62305364012718212 0.00028908504464197909 -0.7238691747188567 0.0061428435146808633 1.0000000180025095e-35 0.00080856771091930579 0.0030355228809639816 -0.7589854598045348 0.00095155177405104052 0.00047773646656423813 0.002704476704820991 0.34394252300262457 0.87689021229743969 0.00036107935011386877 8.9604048728942889 -1.5162310600280759 -0.7238691747188567
decision_type=2 2 2 2 2 2 2 2 2 2 2 2 2 2 2 2 2 2 2 2 2 2 2 2 2 2 2 2 2 2
left_child=1 19 3 23 17 6 -4 15 9 11 -11 18 14 -14 -10 -7 29 -5 -9 -1 22 -16 -21 -3 25 26 -25 -20 -26 -13
right_child=-2 2 5 4 -6 7 -8 8 12 10 -12 16 13 -15 21 -17 -18 -19 27 20 -22 -23 -24 24 28 -27 -28 -29 -30 -31
leaf_value=-0.00015147492879659109 0.00016001937269002344 -0.0034873197401003421 -0.003461076130188423 0.094972841224387816 0.0063203654459121801 0.00056676966929123382 0.0013458711575996818 -0.056866453638994563 -0.005665933186428696 -0.014662579642927248 0.085960538181701296 0.02647645946701024 0.10210122300553222 -0.0035265463620011762 0.028770686998814743 -0.0090084777888640895 0.058621892901713026 0.025641838410820489 0.0018940904882831955 0.017744145875240813 0.012252829990805014 -0.030530993739235113 -0.011024683741150882 0.0095491982155336726 -0.033487861338194203 0.0028241727738144819 0.031701682676039858 -0.041977592124140317 -0.00032630748365850563 -2.4139783950460904e-05
leaf_weight=662667 973087 3420 16741 110 713 1607 15284 50 407 2950 29 287 49 1760 1041 6039 42 322 123 129 1394 51 500 553 121 1727 322 69 496 1057
leaf_count=662667 973087 3420 16741 110 713 1607 15284 50 407 2950 29 287 49 1760 1041 6039 42 322 123 129 1394 51 500 553 121 1727 322 69 496 1057
internal_value=-5.75851e-06 -0.00012499 -0.00091927 0.00161871 0.00825328 -0.00133443 -0.000569867 -0.00290791 -0.00130764 -0.00420013 -0.00699899 0.000921376 0.00272068 -0.00107794 0.00730487 -0.00456448 0.00353535 0.0173611 -0.0140496 -5.88244e-05 0.00412753 0.0108974 -0.00262321 0.000474469 0.00281143 0.00438125 0.00965714 -0.0078125 -0.00380875 0.00252976
internal_weight=1.69315e+06 720060 55370 7784 1145 47586 32025 15561 7915 4607 2979 1628 3308 1809 1499 7646 1386 432 242 664690 2023 1092 629 6639 3219 2602 875 192 617 1344
internal_count=1693147 720060 55370 7784 1145 47586 32025 15561 7915 4607 2979 1628 3308 1809 1499 7646 1386 432 242 664690 2023 1092 629 6639 3219 2602 875 192 617 1344
is_linear=0
shrinkage=0.05


Tree=190
num_leaves=31
num_cat=0
split_feature=15 5 16 19 17 9 9 9 3 9 10 10 2 3 1 3 19 13 10 3 4 10 13 19 10 10 4 19 4 13
split_gain=7.01664 14.1509 11.2076 11.0776 11.6165 13.6482 12.0058 11.0255 10.4415 14.5745 14.1911 13.0009 15.9258 12.978 10.9365 11.68 10.6325 10.5701 14.3525 14.3324 10.4799 11.5513 10.3996 9.83122 10.1653 13.4605 12.3516 10.3937 10.3131 9.98599
threshold=0.90756919980049144 0.00017134865629486742 3.0296742916107182 0.994289129972458 0.48733602464199072 0.00027903167938347911 0.00023108132882043722 0.00015515768609475347 0.00081249838694930087 0.00025900347100105142 1.2814999818801882 1.4086553454399111 0.00038014576421119278 0.0015258466592058542 5.900842552364339e-06 0.00054672313854098331 -0.63775861263275135 0.17406136542558673 1.5913242697715761 0.0016006527002900841 0.0013806226779706778 1.4991298913955691 0.11902190744876863 0.96304282546043407 1.0014448165893557 1.1979371905326845 0.0022509375121444468 0.02835773024708033 0.0016783093451522293 0.083973113447427764
decision_type=2 2 2 2 2 2 2 2 2 2 2 2 2 2 2 2 2 2 2 2 2 2 2 2 2 2 2 2 2 2
left_child=-1 3 8 4 -2 6 7 -6 14 10 13 -12 -13 22 -3 -16 17 18 -11 -19 21 -14 -10 24 26 27 29 28 -26 -15
right_child=1 2 -4 -5 5 -7 -8 -9 9 16 11 12 20 23 15 -17 -18 19 -20 -21 -22 -23 -24 -25 25 -27 -28 -29 -30 -31
leaf_value=-2.2487070486920669e-05 0.041418574988338723 0.078861403285589673 0.021513818615096381 0.053402157096364616 -0.011654380397165154 0.028914119016985242 -0.030248559946939171 0.023512054653985051 -0.01509712564006937 0.0076331164129313407 0.031607649285844953 -0.045725465356304403 -0.047861172724724593 0.0057207619130097203 -0.02226145740361913 0.020723442037697673 0.010127575874603629 0.043437476593007465 0.050170595410253038 -0.011920000781607898 0.054223995170354027 0.026084480016361052 0.0025172410564805684 0.019911216451509863 -0.039639503305746907 0.0046430845692056249 0.035763327285808201 -0.050554634467620763 0.0033489856404517906 -0.038668837877166087
leaf_weight=1686049 155 42 127 50 229 245 106 221 686 514 162 46 23 69 184 437 1530 41 34 642 70 20 1001 38 43 56 33 114 50 130
leaf_count=1686049 155 42 127 50 229 245 106 221 686 514 162 46 23 69 184 437 1530 41 34 642 70 20 1001 38 43 56 33 114 50 130
internal_value=-4.93165e-06 0.00156382 0.000656599 0.00705765 0.00585774 0.00343321 -0.000899281 0.00266667 0.000343671 -0.000396077 -0.00312869 0.00669782 -0.00345912 -0.00454955 0.00625943 0.00458937 0.0021188 -0.00134037 0.00383212 -0.00549048 0.00663717 -0.0127907 -0.00240071 -0.0113508 -0.0132323 -0.019962 -0.00560345 -0.0258454 -0.0134409 -0.0103015
internal_weight=1.69315e+06 7098 6092 1006 956 801 556 450 5965 5302 2541 321 159 2220 663 621 2761 1231 548 683 113 43 1687 533 495 263 232 207 93 199
internal_count=1693147 7098 6092 1006 956 801 556 450 5965 5302 2541 321 159 2220 663 621 2761 1231 548 683 113 43 1687 533 495 263 232 207 93 199
is_linear=0
shrinkage=0.05


Tree=191
num_leaves=31
num_cat=0
split_feature=14 6 16 11 3 19 17 7 6 17 11 19 9 5 19 10 21 9 19 19 10 9 5 19 10 7 3 5 19 20
split_gain=6.93834 11.2375 9.96013 11.691 9.89499 31.163 23.6361 36.3222 16.3673 15.2963 15.8792 14.2034 15.9471 19.3564 17.7571 16.5521 15.5761 44.125 24.3973 27.4733 24.3035 18.4334 17.6793 22.9548 21.912 22.8711 19.0494 17.4768 16.1277 15.4714
threshold=0.40718235075473791 3.1530165672302251 0.85292837023735057 1.0592275857925417 0.001186679757665843 0.98664098978042614 0.69027274847030651 1.6459441184997561 0.59418642520904552 0.47298181056976324 0.4077421128749848 0.15858851373195651 0.00077746369061060261 0.001868706080131233 0.21004468202590945 1.3486322760581972 1.0000000180025095e-35 0.0011624655453488233 0.46754305064678198 0.38469719886779791 1.3819843530654909 0.00089337458484806131 -0.0048454785719513884 0.71782085299491893 0.75429892539978038 -4.8843848705291739 -0.001660204434301704 -0.0018232088186778126 0.99740713834762584 -1.0000000180025095e-35
decision_type=2 2 2 2 2 2 2 2 2 2 2 2 2 2 2 2 2 2 2 2 2 2 2 2 2 2 2 2 2 2
left_child=4 2 3 -2 11 6 7 8 -6 -7 -11 -1 -13 16 -15 29 22 18 19 21 -20 -18 24 -24 -14 -26 -25 -23 -28 -16
right_child=1 -3 -4 -5 5 9 -8 -9 -10 10 -12 12 13 14 15 -17 17 -19 20 -21 -22 27 23 26 25 -27 28 -29 -30 -31
leaf_value=0.00027296807282586324 -0.00035270150970251324 0.005741944717488812 0.00059303584177906605 -0.0052368807519548536 0.0040403818749178092 0.035159020398152344 -0.0017243245094424988 0.0055835149506929804 -0.0074184230114424654 -0.016545617511463124 0.0091651007787902031 -0.00036172274546696363 0.035258939433344447 0.071411511638982586 -0.025006018897129906 0.013332748209721241 -0.024763798937528215 0.0051201877012044539 -0.026733203635376086 0.051432397036143045 -0.0075114918271123685 -0.013565162213804306 -0.0043478845152596845 -0.00090424996359640415 0.064789445411492466 -0.01916905176246363 0.036545744581070835 0.05914074474656536 -0.01389632628144526 0.0023973192023586387
leaf_weight=727587 35841 5167 248173 7916 1434 154 80997 11067 3736 100 1750 563291 76 52 224 288 141 716 708 89 420 101 866 203 85 675 244 42 31 973
leaf_count=727587 35841 5167 248173 7916 1434 154 80997 11067 3736 100 1750 563291 76 52 224 288 141 716 708 89 420 101 866 203 85 675 244 42 31 973
internal_value=-5.16789e-06 0.00021424 0.000173329 -0.000522202 -5.18606e-05 -0.000533062 -0.000660263 0.00108086 -0.00237911 0.00563872 0.00437838 -1.50369e-05 -0.000202117 -0.00278059 0.00204945 0.00104377 -0.00446896 -0.00741994 -0.0122918 -0.00120643 -0.0159574 -0.00880282 -0.00146789 0.00208333 -0.00717703 -0.00973684 0.0108787 0.00384615 0.0194545 -0.00154553
internal_weight=1.69315e+06 297097 291930 43757 1.39605e+06 99238 97234 16237 5170 2004 1850 1.29681e+06 569225 5934 1537 1485 4397 2217 1501 373 1128 284 2180 1344 836 760 478 143 275 1197
internal_count=1693147 297097 291930 43757 1396050 99238 97234 16237 5170 2004 1850 1296812 569225 5934 1537 1485 4397 2217 1501 373 1128 284 2180 1344 836 760 478 143 275 1197
is_linear=0
shrinkage=0.05


Tree=192
num_leaves=31
num_cat=0
split_feature=19 21 9 7 5 9 8 5 5 4 4 5 9 17 10 10 10 9 17 3 3 4 4 21 9 5 4 3 17 8
split_gain=6.97011 16.3075 29.3778 26.4825 27.1053 20.3783 18.9723 16.1145 17.5677 14.1907 19.3901 18.4924 36.0682 15.7642 14.5462 13.6028 18.6906 13.0401 12.8078 12.7001 14.8687 13.453 12.817 16.0518 14.9847 14.956 14.8345 15.1187 15.989 14.9399
threshold=-0.99988102912902821 1.0000000180025095e-35 0.00040988734690472489 2.9150170087814335 -0.0043856569100171319 0.00017435000336263332 -0.34973530471324915 0.0033495888346806173 -0.00022816281125415114 0.0005628074286505581 -0.00033136730780825013 0.00043424476461950695 0.00015271192387444901 1.1781801581382754 0.95554715394973766 1.0388994812965395 0.7429979443550111 0.00011018203804269434 0.46556195616722112 -0.0013804721529595552 -0.00060239693266339589 -0.00079305615508928884 -0.00053148681763559569 0.65450850129127514 0.00010507710976526143 -4.4972715841140591e-05 0.0019143366953358056 -6.9113979407120482e-05 0.60198774933815014 1.816386938095093
decision_type=2 2 2 2 2 2 2 2 2 2 2 2 2 2 2 2 2 2 2 2 2 2 2 2 2 2 2 2 2 2
left_child=1 2 5 4 -4 9 15 8 -8 10 -1 13 -13 17 -14 16 -3 -12 -18 -10 21 -21 -22 24 -24 -25 27 29 -29 -26
right_child=-2 6 3 -5 -6 -7 7 -9 19 -11 11 12 14 -15 -16 -17 18 -19 -20 20 22 -23 23 25 26 -27 -28 28 -30 -31
leaf_value=0.04092298234560892 -2.5963693958774849e-05 -0.026003263255529343 -0.01383516235877786 -0.02598776605734239 0.049317665920052461 0.00034478048341921589 0.020073992589470818 0.049178311123430241 -0.039824636698320232 0.086689193340476742 -0.042297995612198318 0.10288674799261277 -0.050302212207240675 -0.054574126748175571 0.022426827217964275 -0.017353414692297488 -0.049623152541328604 0.015090422265030601 0.0064423595682282734 -0.014497121728871028 0.037255685430302846 0.03716950741157439 -0.043934723642386854 -0.053219668661771351 0.0083698814233526316 0.015701852199261398 -0.036970397060409721 0.037864863762891235 -0.0017429645801974203 -0.033168867161440123
leaf_weight=175 1684489 72 48 62 347 2426 426 76 23 111 20 64 23 88 21 1017 28 114 1123 36 155 115 26 35 100 638 88 47 962 192
leaf_count=175 1684489 72 48 62 347 2426 426 76 23 111 20 64 23 88 21 1017 28 114 1123 36 155 115 26 35 100 638 88 47 962 192
internal_value=-5.93569e-06 0.0014091 0.00404401 0.0158643 0.0206329 0.00226824 -0.00037798 0.00227818 0.00167077 0.0103896 0.00683168 -0.00030303 0.0166667 -0.00855856 -0.0181818 -0.00383929 -0.000286182 0.00223881 0.00125977 2.06868e-05 0.00037594 0.0155629 -0.000646456 -0.00167625 -0.00469965 0.00468053 -0.00399568 -0.00265181 0.00024777 -0.0126712
internal_weight=1.69315e+06 8658 3499 457 395 3042 5159 2919 2843 616 505 330 108 222 44 2240 1223 134 1151 2417 2394 151 2243 2088 1415 673 1389 1301 1009 292
internal_count=1693147 8658 3499 457 395 3042 5159 2919 2843 616 505 330 108 222 44 2240 1223 134 1151 2417 2394 151 2243 2088 1415 673 1389 1301 1009 292
is_linear=0
shrinkage=0.05


Tree=193
num_leaves=31
num_cat=0
split_feature=18 5 21 4 18 7 18 4 8 10 4 10 6 5 20 5 18 20 8 18 8 8 5 4 10 10 8 5 10 17
split_gain=6.9522 28.199 48.2576 54.0266 44.5842 31.6163 43.4424 30.5158 33.7853 24.2175 21.5071 27.1634 26.9715 25.262 24.8106 33.7101 21.0917 37.9834 28.8199 33.5319 45.0141 32.316 31.4543 28.2787 32.2874 27.6924 25.9013 25.4658 24.594 23.9573
threshold=-0.8153785467147826 0.0012453784584067764 1.0000000180025095e-35 0.0053789529483765372 -0.85828685760498036 -0.047293713316321366 -0.8959035575389861 0.00063607725314795982 -4.9141917228698722 0.63662120699882518 -0.00018762321269605306 0.87689021229743969 -1.9729106426239011 0.0001150899443018716 1.0000000180025095e-35 -0.0031562433578073974 -0.96868926286697377 0.76942089200019848 1.0968105196952822 -0.93279412388801564 2.9126865863800053 -1.7190364003181455 0.0079095256514847296 -0.00086201613885350515 0.79764375090599071 1.6899983286857607 14.866724967956545 0.0023732016561552887 0.97815498709678661 0.49449504911899572
decision_type=2 2 2 2 2 2 2 2 2 2 2 2 2 2 2 2 2 2 2 2 2 2 2 2 2 2 2 2 2 2
left_child=1 4 -3 16 5 -1 -7 8 10 -9 11 12 14 -12 -6 -16 17 26 21 20 27 29 23 24 -21 -25 -4 -20 -29 -18
right_child=-2 2 3 -5 7 6 -8 9 -10 -11 13 -13 -14 -15 15 -17 18 -19 19 22 -22 -23 -24 25 -26 -27 -28 28 -30 -31
leaf_value=0.00059087167491768129 9.0816101973689725e-05 0.0042145899071813877 -0.0025882144607683902 0.035867937657314122 -0.02747173640651487 -0.0028205482313280075 0.0032765797388227824 -0.036774478471306216 -0.00093820351483458466 -0.0076757233881160243 -0.023189368266227719 -0.01082579950638185 0.0074907411710468724 0.01039167906065579 0.13580301986731702 -0.026068505671729754 0.026059779948741216 0.0089978737364776913 0.0013662931136384062 0.018606221394974254 -0.0096319625652699532 -0.015776664341688729 -0.021692665651425792 0.003269443759051277 -0.029186071507240563 -0.034559215578116732 0.031255581130876738 0.048850417308250453 -0.003735994053677505 -0.0045670603366534945
leaf_weight=140743 1347949 30592 10499 534 277 84586 14357 271 21528 5248 1161 3420 1670 153 86 126 283 5235 627 205 5480 2777 388 12568 398 26 358 213 73 1316
leaf_count=140743 1347949 30592 10499 534 277 84586 14357 271 21528 5248 1161 3420 1670 153 86 126 283 5235 627 205 5480 2777 388 12568 398 26 358 213 73 1316
internal_value=-5.75851e-06 -0.000205969 0.000677639 -0.000444119 -0.000437093 -0.000196924 -0.000881821 -0.00213318 -0.0014725 -0.00553542 -0.00451908 -0.00316365 0.00122742 -0.010274 -0.0091002 0.00377358 -0.000652722 0.000751926 -0.00158085 -0.000775853 -0.00376193 -0.00525594 0.000629371 0.0010419 -0.00953566 0.00154836 -0.000934881 0.00651698 0.0188811 0.000406504
internal_weight=1.69315e+06 345198 71572 40980 273626 239686 98943 33940 28421 5519 6893 5579 2159 1314 489 212 40446 16092 24354 19978 6393 4376 13585 13197 603 12594 10857 913 286 1599
internal_count=1693147 345198 71572 40980 273626 239686 98943 33940 28421 5519 6893 5579 2159 1314 489 212 40446 16092 24354 19978 6393 4376 13585 13197 603 12594 10857 913 286 1599
is_linear=0
shrinkage=0.05


Tree=194
num_leaves=31
num_cat=0
split_feature=6 8 8 15 7 20 8 9 8 19 9 5 3 5 19 9 19 3 19 5 19 5 19 4 9 9 8 4 19 19
split_gain=7.23616 28.5944 25.532 19.8554 21.238 21.2252 29.6807 27.9574 28.9098 22.4051 25.6181 22.6826 22.1152 20.7531 23.9417 19.7483 18.7947 21.8993 17.9395 35.7164 35.433 49.6979 21.1472 23.0509 19.8776 18.364 22.8973 27.7576 23.4462 17.5741
threshold=0.45488324761390692 0.60376441478729259 -6.0223786830902091 0.36632874608039862 0.1160528212785721 -1.0000000180025095e-35 14.866724967956545 0.0003035143308807165 7.9896481037139901 0.067579798400402083 0.00019604610133683312 0.00086788414046168338 -0.00034633312316145742 -0.0007850628753658383 -0.99913862347602833 0.00026789469120558357 0.99740713834762584 -0.00078061880776658643 0.2861058115959168 -5.5940521633601741e-05 0.97581917047500621 0.00083203255780972551 0.95305636525154125 -0.00015501389862038192 0.00040206861740443861 0.0007489442068617792 -0.69709491729736317 3.4510494515416219e-05 0.99980485439300548 0.26092512905597692
decision_type=2 2 2 2 2 2 2 2 2 2 2 2 2 2 2 2 2 2 2 2 2 2 2 2 2 2 2 2 2 2
left_child=1 18 -2 -3 5 6 7 8 13 12 29 -12 -10 14 -5 -6 -7 -18 -1 25 22 -22 -21 -24 -23 -20 28 -28 -27 -11
right_child=2 3 -4 4 15 16 -8 -9 9 10 11 -13 -14 -15 -16 -17 17 -19 19 20 21 24 23 -25 -26 26 27 -29 -30 -31
leaf_value=0.00061867331563603134 -0.0038313229994953514 0.00047326863235637174 0.00034675432324232647 0.060402501359881434 0.00039874284644820791 -0.00099285521699027379 0.10102458363971152 -3.022960895123772e-05 -0.023222597196080781 -0.032569092293042522 -0.033617746722334647 0.044711004990839312 0.050223468269672222 -0.0073722987118124642 0.00024231186118587878 -0.0018600055083241585 0.037712239935965397 -0.014763165845593368 -0.0009900905510391246 0.0025362149806608726 -0.00093044817579506227 -0.017076262642115297 0.00321436894311129 0.022864904866510299 -0.031688250790356691 -0.0076293887042937604 0.017811199838125315 -0.032100604784357195 -0.040413015232195197 0.031585736684064551
leaf_weight=439089 17050 79019 638132 42 93774 57380 31 10891 34 23 108 25 158 25617 3162 66066 80 1780 199262 41744 10773 882 1639 1892 185 3617 309 62 41 280
leaf_count=439089 17050 79019 638132 42 93774 57380 31 10891 34 23 108 25 158 25617 3162 66066 80 1780 199262 41744 10773 882 1639 1892 185 3617 309 62 41 280
internal_value=-3.57323e-06 -8.56965e-05 0.00012653 -0.000462966 -0.000674308 -0.00124735 -0.00213148 -0.00216906 -0.00296954 0.00764331 0.00137615 -0.0169173 0.021875 -0.00320079 0.000593009 -0.000317192 -0.000644835 -0.0055914 9.68556e-05 -0.000231946 0.0008728 -0.0015625 0.00150966 0.00522515 -0.0118557 -0.000542326 -0.00388434 0.00795148 -0.00508475 0.00940594
internal_weight=1.69315e+06 1.03796e+06 655182 338470 259451 99611 40371 40340 29449 628 436 133 192 28821 3204 159840 59240 1860 699495 260406 57115 11840 45275 3531 1067 203291 4029 371 3658 303
internal_count=1693147 1037965 655182 338470 259451 99611 40371 40340 29449 628 436 133 192 28821 3204 159840 59240 1860 699495 260406 57115 11840 45275 3531 1067 203291 4029 371 3658 303
is_linear=0
shrinkage=0.05


Tree=195
num_leaves=31
num_cat=0
split_feature=18 18 19 19 19 21 19 8 20 19 19 4 19 4 20 9 18 8 9 19 8 19 18 18 18 18 9 8 8 20
split_gain=7.08104 93.6934 93.2176 66.6298 40.6657 60.6649 41.7414 44.8856 39.4616 39.2108 46.0293 44.5613 42.8332 59.6053 54.199 86.4578 59.8892 44.9623 41.7786 41.5811 38.4799 36.0102 79.7966 79.6055 46.1163 91.5411 71.7751 46.852 43.0186 42.0125
threshold=0.2861058115959168 0.23556562513113025 0.96648588776588451 -0.92304024100303639 -0.8959035575389861 0.65450850129127514 -0.79202145338058461 -6.3602707386016837 -0.76942089200019825 0.19722913205623629 0.1326885595917702 0.0016783093451522293 0.68993380665779125 0.001031879452057183 -1.0000000180025095e-35 9.9290642538107945e-05 0.44424325227737432 -9.3860158920288068 0.00072658102726563822 0.72687268257141124 6.4417459964752206 -0.70556074380874623 0.19722913205623629 0.067579798400402083 -0.56820151209831227 -0.50941574573516835 0.00029609673947561538 -0.90043726563453663 9.7590799331665057 -1.0000000180025095e-35
decision_type=2 2 2 2 2 2 2 2 2 2 2 2 2 2 2 2 2 2 2 2 2 2 2 2 2 2 2 2 2 2
left_child=1 21 8 -2 5 -5 7 -6 -3 10 -8 -12 -11 14 16 -16 17 -14 -15 -17 -20 23 -23 24 26 28 27 -1 -26 -28
right_child=3 2 -4 4 6 -7 9 -9 -10 12 11 -13 13 18 15 19 -18 -19 20 -21 -22 22 -24 -25 25 -27 29 -29 -30 -31
leaf_value=0.00305261860008923 -0.0049960137930850079 0.013734423222421977 0.028503671098034401 0.0018291787954675621 0.0078004592539331792 0.019389001892356844 0.00054608985866271833 -0.0037716825649966646 0.00080876531818512292 -0.0020054133958988807 0.0075786370676856176 0.042356324659403588 0.10371145333230287 -0.0050784932842910585 0.037121564615449 0.0099644183719062931 0.0012050814635525043 -0.0067438838969249406 0.0059328429235545547 0.0017944663508460803 0.055720643908457393 -0.00057695770111257925 0.012715943430436451 -0.0031772770177010746 -0.0049489024154142419 0.0018696373886795126 -0.00022654651989271191 0.035228232164487096 -0.028503862078688737 0.0064686165751516094
leaf_weight=1010 29680 4598 6173 14858 4917 3688 296818 50738 18886 159548 18270 281 143 19714 1825 7627 34153 16363 650 66337 164 635930 11123 48237 19458 170691 19947 1987 333 29000
leaf_count=1010 29680 4598 6173 14858 4917 3688 296818 50738 18886 159548 18270 281 143 19714 1825 7627 34153 16363 650 66337 164 635930 11123 48237 19458 170691 19947 1987 333 29000
internal_value=-4.57728e-06 8.39904e-05 0.00285093 -0.000122628 -2.37037e-05 0.00228621 -8.69311e-05 -0.0013988 0.00141373 3.04715e-05 0.000421887 0.00283812 -0.000372238 0.000243577 0.000649279 0.0014956 -0.00061687 -0.00308979 -0.00225546 0.00123033 0.00884521 -3.51919e-06 -0.000211188 0.000458779 0.000827881 0.000467761 0.00214847 0.00965966 -0.00275125 0.00168856
internal_weight=1.69315e+06 967373 29657 725774 696094 18546 677548 55655 23484 621893 315369 18551 306524 146976 126448 75789 50659 16506 20528 73964 814 937716 647053 290663 242426 190482 51944 2997 19791 48947
internal_count=1693147 967373 29657 725774 696094 18546 677548 55655 23484 621893 315369 18551 306524 146976 126448 75789 50659 16506 20528 73964 814 937716 647053 290663 242426 190482 51944 2997 19791 48947
is_linear=0
shrinkage=0.05


Tree=196
num_leaves=31
num_cat=0
split_feature=19 6 8 5 9 8 8 5 4 5 4 4 2 17 8 20 9 17 7 15 9 3 5 6 2 7 8 9 15 6
split_gain=6.7418 16.2114 12.7776 11.5088 10.4285 14.5431 26.4018 13.1593 13.8455 14.5234 13.4807 13.7731 11.1492 9.51896 14.752 9.22596 11.144 8.87288 10.6814 8.81656 8.75021 12.9164 9.43282 9.10989 8.84805 8.69296 13.4703 8.38742 8.37875 8.30736
threshold=0.99993813037872326 -1.6508749127387998 14.866724967956545 -0.0035307975485920902 0.00050973679753951739 3.6291333436965947 8.5314836502075213 0.0024484200403094296 1.7464008124079559e-05 -0.0013404229539446531 0.000551488861674443 0.00052801732090301823 0.00010328951975679958 1.5567472577095034 8.1590700149536151 -1.0000000180025095e-35 0.00014397383347386497 0.59173786640167247 5.4427886009216317 0.52929344773292553 0.00017659877630649137 -0.00055420849821530272 0.00028624014521483337 -0.74110782146453846 8.1953028711723177e-05 -0.84944042563438404 -3.4903905391693111 0.00016435974976047876 0.34514544904232031 -0.97893428802490223
decision_type=2 2 2 2 2 2 2 2 2 2 2 2 2 2 2 2 2 2 2 2 2 2 2 2 2 2 2 2 2 2
left_child=-1 3 4 -2 7 -6 -7 8 20 -10 11 17 -12 14 -9 16 -5 -11 28 -14 22 25 23 24 -3 26 -22 29 -19 -24
right_child=1 2 -4 15 5 6 -8 13 9 10 12 -13 19 -15 -16 -17 -18 18 -20 -21 21 -23 27 -25 -26 -27 -28 -29 -30 -31
leaf_value=-1.9927268389213771e-05 -0.044166611235864017 0.013938822191699236 0.061850004096260916 -0.033012260731638855 -0.026178013645658006 0.080165457131402773 -0.024581134405192263 0.059648500047259002 -0.071996220195578955 0.024726405073011094 0.041826588457006736 -0.060059887643396273 -0.067950035125119657 0.070211396768531165 -0.029060796545988851 0.00037937450550036279 0.0048105802144231546 0.041732140256175755 -0.069071896997649179 0.0088068440602786634 0.11598645637041592 -0.0096601074756334677 0.078813639183890644 0.041077591775934487 -0.048364946551455248 0.047293409563514355 -0.010321810505012175 0.057796012452221296 -0.00630451802755081 -0.011943859675269543
leaf_weight=1686978 21 474 50 243 109 33 35 57 28 277 316 41 39 38 46 708 143 50 29 378 41 470 71 672 24 24 62 32 1395 263
leaf_count=1686978 21 474 50 243 109 33 35 57 28 277 316 41 39 38 46 708 143 50 29 378 41 470 71 672 24 24 62 32 1395 263
internal_value=-4.57728e-06 0.00164532 0.00284923 -0.00381166 0.00259792 -0.00932203 0.00882353 0.00303501 0.00258216 9.7924e-05 0.00049505 -0.00184152 0.00620737 0.0180851 0.0101942 -0.00310786 -0.00932642 -0.00117076 -0.0027137 0.000839329 0.00555556 0.00041876 0.00755208 0.00974359 0.00461847 0.0145669 0.00825243 0.000546448 -0.00211073 -0.00179641
internal_weight=1.69315e+06 6169 5054 1115 5004 177 68 4827 4686 2553 2525 1792 733 141 103 1094 386 1751 1474 417 2133 597 1536 1170 498 127 103 366 1445 334
internal_count=1693147 6169 5054 1115 5004 177 68 4827 4686 2553 2525 1792 733 141 103 1094 386 1751 1474 417 2133 597 1536 1170 498 127 103 366 1445 334
is_linear=0
shrinkage=0.05


Tree=197
num_leaves=31
num_cat=0
split_feature=10 4 15 8 11 17 18 20 7 4 8 8 8 18 4 7 8 8 19 15 12 19 18 7 15 18 8 18 2 8
split_gain=7.06905 14.5189 14.1406 19.3666 17.5862 12.5508 16.98 15.8251 28.3489 26.8955 27.0604 20.9913 16.6799 21.8828 16.5483 15.8084 15.2512 28.0939 17.8113 16.4588 15.7912 14.8122 14.2074 15.032 14.0462 13.7722 20.703 26.9278 17.8693 13.5089
threshold=0.55844441056251537 -0.0045338675845414391 0.12493016943335535 -4.0766761302947989 1.0000000180025095e-35 0.58665817975997936 0.9556623399257661 0.76942089200019848 -0.95104238390922535 -0.0003512224211590364 -10.891653537750242 14.866724967956545 14.866724967956545 -0.77576932311058033 0.00050526013365015398 -2.3744016885757442 12.16558885574341 2.4100557565689091 0.29862368106842047 0.74731525778770458 -0.032188419252634042 -0.96868926286697377 0.891992747783661 2.4124177694320683 0.70885291695594799 -0.61393940448760975 0.051129532977938659 -0.92304024100303639 0.00062321071163751196 -2.5394010543823238
decision_type=2 2 2 2 2 2 2 2 2 2 2 2 2 2 2 2 2 2 2 2 2 2 2 2 2 2 2 2 2 2
left_child=1 -1 3 -3 -4 6 7 8 14 10 -10 -12 22 -14 -6 -16 17 19 -19 -9 -20 -7 25 -24 -22 26 27 29 -28 -11
right_child=-2 2 4 -5 5 21 -8 16 9 12 11 -13 13 -15 15 -17 -18 18 20 -21 24 -23 23 -25 -26 -27 28 -29 -30 -31
leaf_value=0.091005397345004999 -2.5417683622075415e-05 -0.069234287587936552 0.061011294562688757 0.0046921441547218114 -0.0081193867921574344 0.067191527103004647 0.064095651759438113 0.029654165240452182 -0.092087061908436962 0.087008103084717694 0.058551821783137975 -0.038854976895823581 -0.078727422665702818 -0.0048836532130859256 -0.053971101449851261 -0.014561137699440181 0.08835367450351389 0.17068705575877932 -0.035712206563324855 -0.039553933659146015 -0.0093111399453008614 -0.0046463620795100359 -0.051977482003710357 0.055739490227118528 0.042610319126682034 0.018909198915838379 0.015383125403445287 -0.025252291890414516 -0.026885160138777744 -0.049325174674833078
leaf_weight=26 1679608 74 146 79 2234 60 190 1314 21 62 358 45 89 339 45 68 148 24 252 117 275 3880 77 25 54 1981 848 664 24 20
leaf_count=26 1679608 74 146 79 2234 60 190 1314 21 62 358 45 89 339 45 68 148 24 252 117 275 3880 77 25 54 1981 848 664 24 20
internal_value=-4.16384e-06 0.00113376 0.00106194 -0.0140523 0.00123503 0.00104435 0.00204874 0.00173932 0.000565217 0.00286624 0.0148585 0.0177419 0.00163478 -0.00771028 -0.00389859 -0.0225664 0.00544872 0.0043222 -0.00471074 0.00814116 -0.00645439 -0.0013198 0.00271548 -0.0156863 0.000759878 0.00323701 -0.000185414 -0.00630027 0.00504587 0.0207317
internal_weight=1.69315e+06 13539 13513 153 13360 13214 9274 9084 6900 4553 424 403 4129 428 2347 113 2184 2036 605 1431 581 3940 3701 102 329 3599 1618 746 872 82
internal_count=1693147 13539 13513 153 13360 13214 9274 9084 6900 4553 424 403 4129 428 2347 113 2184 2036 605 1431 581 3940 3701 102 329 3599 1618 746 872 82
is_linear=0
shrinkage=0.05


Tree=198
num_leaves=31
num_cat=0
split_feature=14 15 0 9 6 9 3 0 16 2 8 17 15 19 8 4 18 19 3 3 8 20 17 19 8 16 1 17 18 19
split_gain=6.69957 7.3155 9.79568 7.14915 7.06373 9.52465 13.7395 13.4604 13.2765 16.3927 10.0465 10.2068 9.28952 9.12977 8.65063 8.30791 13.7091 20.9041 24.2696 22.604 20.6557 33.8236 20.3242 19.3151 15.7142 15.2636 15.1418 15.5977 16.0322 13.8676
threshold=1.1768302321434023 0.81409507989883434 0.00010209754327661359 0.00019604610133683312 -4.1366701126098624 9.7269094112562029e-05 -0.00078061880776658643 1.1026798347302249e-05 0.60326346755027782 -0.000493618455948308 4.0743191242218026 0.51378494501113903 1.0000000180025095e-35 -0.4752392172813415 2.2449215650558476 -0.0028529592091217633 -0.79202145338058461 -0.86493045091629017 -0.002735299058258533 -0.0018706224509514866 -3.6155977249145503 0.76942089200019848 1.1375030279159548 -0.89001184701919545 0.70314666628837597 1.0527542233467104 -9.8382301075616838e-05 1.740442216396332 0.99959546327590953 0.99894830584526073
decision_type=2 2 2 2 2 2 2 2 2 2 2 2 2 2 2 2 2 2 2 2 2 2 2 2 2 2 2 2 2 2
left_child=4 -2 -3 -4 5 6 -1 -8 -7 10 11 -10 -13 -11 -14 16 -6 19 29 20 21 -18 -21 -23 26 -24 -20 28 -28 -19
right_child=1 2 3 -5 15 8 7 -9 9 13 -12 12 14 -15 -16 -17 17 18 24 22 -22 23 25 -25 -26 -27 27 -29 -30 -31
leaf_value=0.08221340860402962 0.0024123191773412936 0.027733490394532469 -0.028756221112864244 0.0096739761721083457 0.0013255090813307337 -0.049082693122206859 -0.0071396390521115023 -0.065662678934622409 0.082970563149435739 0.09190634322656327 -0.061441978333169646 -0.058756987331771399 0.0058086814743474324 0.036679416758472749 0.10017367759069751 -3.5219146580001141e-06 -0.0034324119054387038 0.001092500675059449 -0.0045082879453297864 0.015968065214250367 -0.011378599375526811 0.010794465632731121 -0.0055968181544594486 0.07740220162919853 0.007036725067859512 0.0095698901602968411 -0.0097765531307925316 -0.019586616920138824 0.046011706619520712 -0.017256150119000037
leaf_weight=24 10177 269 29 79 9537 59 626 41 31 29 22 24 4835 349 23 1638798 3545 6016 6740 1524 1319 709 1206 142 818 1028 4611 443 31 63
leaf_count=24 10177 269 29 79 9537 59 626 41 31 29 22 24 4835 349 23 1638798 3545 6016 6740 1524 1319 709 1206 142 818 1028 4611 443 31 63
internal_value=-5.10883e-06 0.00125071 0.00809019 -0.00462963 -1.29859e-05 0.00169058 -0.00383502 -0.00517241 0.00240134 0.00266328 0.00189463 0.00204559 0.00186399 0.0126984 0.00201729 -1.91467e-05 -0.000752677 -0.00130697 -0.0022754 0.000606988 -0.00137358 0.000272975 0.00361895 0.00922444 -0.00352369 0.000581916 -0.00398732 -0.0060472 -0.00519173 0.000320776
internal_weight=1.69315e+06 10554 377 108 1.68259e+06 6063 691 667 5372 5313 4935 4913 4882 378 4858 1.67653e+06 37732 28195 18722 9473 5715 4396 3758 851 12643 2234 11825 5085 4642 6079
internal_count=1693147 10554 377 108 1682593 6063 691 667 5372 5313 4935 4913 4882 378 4858 1676530 37732 28195 18722 9473 5715 4396 3758 851 12643 2234 11825 5085 4642 6079
is_linear=0
shrinkage=0.05


Tree=199
num_leaves=31
num_cat=0
split_feature=1 5 18 18 7 8 16 7 10 8 4 18 4 7 8 7 18 18 10 8 18 5 8 18 5 4 7 18 8 17
split_gain=6.8258 23.7659 21.297 21.2161 19.6155 27.3754 20.7074 17.9847 16.1852 17.4521 34.0607 29.6618 25.5745 25.9954 23.9577 23.7842 23.7361 32.0231 26.3683 22.623 30.1549 24.4132 21.7333 21.5693 22.0214 23.0227 22.4781 30.0272 27.3063 23.5941
threshold=0.00022557814372703436 -0.0016487414250150321 -0.99851059913635243 -0.74168145656585682 -3.6337985992431636 -7.1612675189971915 0.98966190218925487 -0.047293713316321366 0.8711027503013612 -2.0960682630538936 0.00022986869589658457 0.95037782192230236 0.00013845200010109696 0.88896659016609203 0.051129532977938659 5.4427886009216317 0.58954745531082164 0.8102954924106599 0.80526462197303783 -7.3102135658264151 -0.60355451703071583 -0.0011309519177302716 -10.891653537750242 -0.99851059913635243 0.00026228564092889434 0.0022509375121444468 -0.309375450015068 -0.90164175629615773 -3.0569686889648433 0.95588901638984691
decision_type=2 2 2 2 2 2 2 2 2 2 2 2 2 2 2 2 2 2 2 2 2 2 2 2 2 2 2 2 2 2
left_child=8 2 -2 7 -4 -6 -7 -3 9 11 15 12 13 16 -12 -11 -1 18 -18 20 -14 -22 -19 -21 25 26 -25 28 29 -28
right_child=1 3 4 -5 5 6 -8 -9 -10 10 14 -13 19 -15 -16 -17 17 22 -20 23 21 -23 -24 24 -26 -27 27 -29 -30 -31
leaf_value=0.0006585291596589327 0.011561038876005203 0.0022940131697472554 0.0049809030423247028 0.0011090536029670472 -0.0084336701269648214 -0.0029698303652151872 0.0014064738950746837 -0.0013293738053312687 -0.00034550626592045334 -0.0012978758384154521 -0.0025312394657500295 0.0094007325641700008 -0.014548414441791974 0.021140623131678707 0.0022170761025946508 -0.07219037433363383 0.015496547833270813 -0.01351099936494321 0.0032265643100598766 0.022024847249082137 -0.010495257729616781 0.013918130142092189 0.002311202037084137 0.0012579278890873791 0.0050319050543321591 0.015275633681274254 -0.013344104609179825 -0.0033113782602060549 -0.022596575209225089 0.049522988560130578
leaf_weight=74170 765 14985 2616 242355 5981 22301 13748 66858 925308 143033 18284 9943 3292 1578 93085 139 6877 1191 5517 586 1601 1588 10272 8566 6202 646 1322 9545 657 136
leaf_count=74170 765 14985 2616 242355 5981 22301 13748 66858 925308 143033 18284 9943 3292 1578 93085 139 6877 1191 5517 586 1601 1588 10272 8566 6202 646 1322 9545 657 136
internal_value=-5.04977e-06 0.000184925 -0.000886349 0.00033498 -0.00102809 -0.00128956 -0.000769786 -0.000361057 -5.81018e-05 0.000208422 -4.02686e-05 0.000648971 0.000453098 0.000857889 0.000615521 -0.000550387 0.000755404 0.00212726 0.00388898 -0.000727864 -0.00338682 7.83945e-05 0.000222455 -0.000104845 -0.000310261 -0.00108758 -0.00138436 -0.00281304 -0.00820331 -0.00438957
internal_weight=1.69315e+06 369609 45411 324198 44646 42030 36049 81843 1.32354e+06 398230 254541 143689 133746 99605 111369 143172 98027 23857 12394 34141 6481 3189 11463 27660 27074 20872 20226 11660 2115 1458
internal_count=1693147 369609 45411 324198 44646 42030 36049 81843 1323538 398230 254541 143689 133746 99605 111369 143172 98027 23857 12394 34141 6481 3189 11463 27660 27074 20872 20226 11660 2115 1458
is_linear=0
shrinkage=0.05


Tree=200
num_leaves=31
num_cat=0
split_feature=8 18 7 18 9 15 4 19 19 3 19 6 9 18 19 4 18 19 15 18 9 9 21 9 6 9 18 9 9 18
split_gain=7.28245 15.6857 21.7969 21.4905 14.5121 27.7179 21.4631 26.4861 21.4842 25.53 19.7385 17.3552 15.8823 33.3531 19.9839 21.0546 15.8093 31.5537 19.6063 18.6547 15.1127 14.8464 13.5848 13.5002 13.123 14.5991 13.1199 18.6673 16.5762 16.2956
threshold=-13.293497562408445 0.9179256558418275 -2.1908341646194454 0.98285266757011425 7.0841619162820293e-05 0.45342743396759039 -0.0011486747534945605 -0.95037782192230214 0.99799686670303356 -0.00039522709266748274 0.23556562513113025 -0.11705386266112326 0.00045494968071579939 -0.57892408967018116 -0.13268855959177014 0.00089515899890102457 -0.95819556713104237 0.11970336735248567 0.42105300724506384 -0.93279412388801564 0.00012819576659239831 0.00016876000154297802 1.0000000180025095e-35 0.00011354029993526639 -2.3335592746734615 0.00038065634726081049 -0.96535655856132496 0.00025900347100105142 0.00017773821309674534 0.70864605903625499
decision_type=2 2 2 2 2 2 2 2 2 2 2 2 2 2 2 2 2 2 2 2 2 2 2 2 2 2 2 2 2 2
left_child=1 4 3 -3 5 10 11 22 12 -10 -1 20 14 -14 24 16 17 18 21 -18 -6 -16 -8 -5 -9 -26 27 28 -22 -28
right_child=-2 2 -4 23 6 -7 7 8 9 -11 -12 -13 13 -15 15 -17 19 -19 -20 -21 26 -23 -24 -25 25 -27 29 -29 -30 -31
leaf_value=-0.042476270398324426 -2.3054685909884578e-05 -0.036848793900808419 0.042150336861349419 -0.034654901649174306 -0.045547073987074499 0.10530366006228882 -0.02918059132001536 0.025167268344160356 -0.033835728070602845 0.16988361757360451 0.019966059002101889 0.060245314797958097 0.04551197315010045 -0.044247098762471772 0.060006345689386259 -0.03946433081381813 -0.046422054995755413 0.06697074238441604 0.012886299948611497 -0.0038569046554183476 -0.070787258199923583 -0.031576244875305214 0.084966776926850396 0.08066159432011305 -0.04448018470145907 -0.00098673197140137776 0.021439830169283993 -0.017503383250052618 0.027089058515074416 -0.017365962326060691
leaf_weight=33 1686496 301 45 35 51 202 28 52 31 59 399 99 178 31 28 121 45 136 172 1763 20 151 83 63 354 122 1503 286 120 140
leaf_count=33 1686496 301 45 35 51 202 28 52 31 59 399 99 178 31 28 121 45 136 172 1763 20 151 83 63 354 122 1503 286 120 140
internal_value=-4.87258e-06 0.00164637 -0.00743243 -0.0111529 0.0022958 0.00946372 0.00148035 -0.00104353 -0.00186556 0.0222222 0.00231481 0.00529518 -0.00255312 0.0107656 -0.00349864 -0.00157285 -0.000501089 0.00749487 -0.00042735 -0.00265487 0.00433962 -0.0120112 0.022973 0.00918367 -0.0123106 -0.014916 0.00500242 -0.0028169 0.0121429 0.00702982
internal_weight=1.69315e+06 6651 444 399 6207 634 5573 3354 3243 90 432 2219 3153 209 2944 2416 2295 487 351 1808 2120 179 111 98 528 476 2069 426 140 1643
internal_count=1693147 6651 444 399 6207 634 5573 3354 3243 90 432 2219 3153 209 2944 2416 2295 487 351 1808 2120 179 111 98 528 476 2069 426 140 1643
is_linear=0
shrinkage=0.05


Tree=201
num_leaves=31
num_cat=0
split_feature=18 18 20 18 8 3 3 4 20 5 8 4 10 5 18 1 10 5 18 7 8 8 5 18 5 4 10 8 18 4
split_gain=6.90736 85.1192 36.9088 32.628 28.9427 29.0567 26.2032 22.816 22.4572 41.9076 55.2051 35.4315 36.092 32.7717 39.121 28.5018 28.2572 26.7071 45.418 50.2337 55.0566 39.3196 34.9428 28.688 27.6127 43.3204 27.822 27.3826 26.5817 26.433
threshold=0.2861058115959168 0.23556562513113025 -0.76942089200019825 0.38469719886779791 1.9213768839836123 0.00010388549344497734 0.0026158422697335486 0.0024929537903517489 -0.76942089200019825 0.0021739796502515678 2.1367996931076054 0.00099031749414280079 1.4773701429367068 -0.003760276129469275 0.51316559314727794 0.00039075128734111791 0.81029167771339428 1.0000000180025095e-35 0.81789681315422069 -0.64959508180618275 -0.59435626864433277 1.2469815611839297 -0.000700331525877118 0.97768935561180126 0.0023026757407933478 0.0019143366953358056 0.75056418776512157 11.478415966033937 0.74460110068321239 0.0042824114207178363
decision_type=2 2 2 2 2 2 2 2 2 2 2 2 2 2 2 2 2 2 2 2 2 2 2 2 2 2 2 2 2 2
left_child=1 -1 4 6 5 -3 -2 -6 13 29 -11 -12 28 14 16 17 -5 18 19 20 -15 -20 -23 -19 26 -26 -25 -24 -13 -10
right_child=3 2 -4 8 7 -7 -8 -9 9 10 11 12 -14 15 -16 -17 -18 23 21 -21 -22 22 27 24 25 -27 -28 -29 -30 -31
leaf_value=-3.6834225808302091e-06 -0.0025286723196163764 0.016729384637328627 0.0046206612533580271 0.12965407606666246 0.0015137591965066477 0.044857930100177891 0.01496097265088624 0.029508997754618568 0.0004935444296037206 0.011203591319404127 -0.0089599799008771974 -0.005176654334286707 -0.01195979767355182 -0.0033134674473264403 -0.02026716926278288 0.0033186431865006808 0.00056957821564957432 -0.0019513859363098241 0.0013955975132268262 0.0035349292274838907 -0.016045490550049581 0.031287014240175465 0.0090518332857030034 -0.029571779083669394 0.03830591307419294 -0.015953878068063022 -0.0070330047782594107 0.1035994044297885 0.001772110276640182 0.051522042530819462
leaf_weight=937716 58954 2559 23850 60 2143 1021 380 84 503405 2446 9232 9010 1317 14998 1175 12195 268 48307 25672 8790 3195 610 3599 523 360 267 10375 32 10402 202
leaf_count=937716 58954 2559 23850 60 2143 1021 380 84 503405 2446 9232 9010 1317 14998 1175 12195 268 48307 25672 8790 3195 610 3599 523 360 267 10375 32 10402 202
internal_value=-5.34508e-06 8.21296e-05 0.00271943 -0.000121939 0.00629413 0.00907821 -0.00124549 0.00181859 -2.19074e-05 0.000121265 -0.00162156 -0.00221121 -0.00106373 -0.000610308 -0.00795077 -0.000524732 0.00731707 -0.000765026 1.05456e-05 -0.00147686 -0.00297642 0.00135225 0.00581231 -0.00150254 -0.00374403 0.00645933 -0.00433107 0.00395208 -0.000520297 0.000233416
internal_weight=1.69315e+06 967373 29657 725774 5807 3580 59334 2227 666440 536014 32407 29961 20729 130426 1503 128923 328 116728 56896 26983 18193 29913 4241 59832 11525 627 10898 3631 19412 503607
internal_count=1693147 967373 29657 725774 5807 3580 59334 2227 666440 536014 32407 29961 20729 130426 1503 128923 328 116728 56896 26983 18193 29913 4241 59832 11525 627 10898 3631 19412 503607
is_linear=0
shrinkage=0.05


Tree=202
num_leaves=31
num_cat=0
split_feature=3 19 17 7 8 4 9 17 4 8 19 18 4 18 9 8 2 8 18 9 18 8 19 8 15 21 8 9 15 8
split_gain=6.74474 34.1026 21.1956 35.4343 20.4928 19.1316 16.0494 19.2505 17.3531 15.8501 29.8938 24.2868 19.8092 16.7441 20.0033 15.4777 15.425 15.2296 14.4542 20.9575 20.3552 42.6753 22.2098 21.144 22.4376 17.8226 16.0406 15.908 16.2525 14.2804
threshold=0.001186679757665843 0.98664098978042614 0.69027274847030651 1.8600203394889834 10.0774302482605 0.001098684733733535 0.0010354014812037351 0.47298181056976324 0.0026493706973269586 -3.1175460815429683 0.67074871063232433 -0.14565102010965345 -0.0006440269062295555 -0.91792565584182728 0.00036769133294001227 -11.766439914703367 -0.00029273146355990315 6.3415014743804941 -0.9543684422969817 0.00044995050120633101 -0.98518189787864674 -2.6997810602188106 0.041439602151513107 7.9896481037139901 0.72250407934188854 1.0000000180025095e-35 2.5768235921859746 0.00089337458484806131 0.69231605529785167 6.2402935028076181
decision_type=2 2 2 2 2 2 2 2 2 2 2 2 2 2 2 2 2 2 2 2 2 2 2 2 2 2 2 2 2 2
left_child=-1 2 3 9 6 -6 7 -3 -9 10 15 13 -13 14 -11 -2 -17 -16 19 -4 22 -22 -21 27 -25 26 -24 28 -23 -10
right_child=1 4 18 -5 5 -7 -8 8 29 11 -12 12 -14 -15 17 16 -18 -19 -20 20 21 23 25 24 -26 -27 -28 -29 -30 -31
leaf_value=4.5287391476578343e-05 0.042474002140579364 0.041674575987442557 -0.00079062287278365291 0.0057734713967131368 0.048972395792491408 -0.024141105507779665 -0.0091808294682983738 0.0085380470652166151 0.01542742172411047 -0.018794906758650393 -0.026496388043353716 0.039863484821718892 0.0058289524207923221 -0.0083081809162380959 0.017741017092428691 0.020710736807259711 -0.01312807159824473 -0.016652469027822005 -0.0017172311990379719 0.009202606976803784 -0.01242822118484176 0.015179442050850034 0.019405406447012233 -0.012284255262498428 0.013094859434492956 -0.015969128179599702 -0.0091705412165325132 0.0092162497659884716 0.035561304418338012 0.053836723078417498
leaf_weight=1574521 58 119 5376 10877 34 294 175 1467 188 176 292 178 1012 2159 424 273 1559 26 90325 1029 289 344 195 128 153 385 243 320 395 133
leaf_count=1574521 58 119 5376 10877 34 294 175 1467 188 176 292 178 1012 2159 424 273 1559 26 90325 1029 289 344 195 128 153 385 243 320 395 133
internal_value=-4.81352e-06 -0.000368385 -0.000490466 0.0011389 0.00551867 -0.00609756 0.0073487 0.00867855 0.00738255 -0.00189216 -0.00531622 -1.25786e-05 0.00596639 -0.00256732 0.00463259 -0.00301587 -0.00382096 0.0102222 -0.000770301 0.00115728 0.00417983 0.0082566 0.000593952 0.0120149 -0.000177936 -0.00552855 0.00136986 0.0152502 0.0192828 0.0179128
internal_weight=1.69315e+06 118626 116216 17034 2410 328 2082 1907 1788 6157 2182 3975 1190 2785 626 1890 1832 450 99182 8857 3481 1629 1852 1340 281 823 438 1059 739 321
internal_count=1693147 118626 116216 17034 2410 328 2082 1907 1788 6157 2182 3975 1190 2785 626 1890 1832 450 99182 8857 3481 1629 1852 1340 281 823 438 1059 739 321
is_linear=0
shrinkage=0.05


Tree=203
num_leaves=31
num_cat=0
split_feature=12 3 17 16 14 19 18 18 0 17 8 9 7 20 4 17 9 9 15 7 20 7 11 2 16 7 7 8 8 9
split_gain=6.71241 12.3984 26.3233 15.2886 13.1133 12.6463 36.8079 31.2209 21.8874 19.8096 21.7491 18.2471 26.2141 19.5466 20.0788 18.1805 23.8867 17.8376 16.9631 16.7983 15.9776 21.287 14.7403 14.529 25.6562 14.4731 13.8404 22.9314 21.5334 16.6143
threshold=-0.11434441432356833 0.0010899920016527178 0.46556195616722112 1.0135282874107363 0.40718235075473791 -0.46368156373500818 0.84688794612884533 0.054514370858669288 -0.00062923552468419064 1.7880997657775881 -5.9204986095428458 0.00017207006749231371 4.0480122566223153 1.0000000180025095e-35 -0.00044185743900015945 0.71845227479934703 0.00026488256116863346 0.00013880214828532192 0.57140463590621959 -4.2238600254058829 0.76942089200019848 2.7772537469863896 0.85167458653450023 -0.0008494288777001201 1.4124838113784792 2.7772537469863896 -2.4523258209228511 -8.4983654022216779 -4.2889041900634757 0.00044051220174878841
decision_type=2 2 2 2 2 2 2 2 2 2 2 2 2 2 2 2 2 2 2 2 2 2 2 2 2 2 2 2 2 2
left_child=1 5 -3 -4 -5 6 7 11 -8 10 23 12 13 25 -15 16 18 -10 -12 -17 -19 -22 -21 -9 -25 -1 28 29 -13 -28
right_child=-2 2 3 4 -6 -7 8 9 17 -11 15 26 -14 14 -16 19 -18 20 -20 22 21 -23 -24 24 -26 -27 27 -29 -30 -31
leaf_value=0.00099442190319241073 0.00015427463261381559 0.010625253843675055 -0.00051695419970572149 -0.0054074134850110485 -0.00027272535710226586 -0.00048779975229240602 -0.015867808461804547 -0.0057360404289663828 0.063061219436150659 -0.0081913427570315719 0.001542091592987749 0.00075288657388130622 0.074430860347387107 0.041871258042135519 0.008164612262749572 0.011980093629357747 -0.002978592834642402 0.0058533774284968759 0.01086721839064151 -0.0045363364512911678 0.018919085723208551 0.068746161343825246 -0.0015901269877346858 0.0034821130058423689 0.031182924316542751 0.033257567004316348 -0.028010760097302568 0.00064184312833845967 0.0080641955499409553 -0.0017247674353854327
leaf_weight=3940 973087 1625 20679 13012 4988 438209 274 1685 218 4319 11584 15979 75 523 1496 1247 7782 6857 4293 21329 1720 64 46297 10750 803 191 352 90158 9288 323
leaf_count=3940 973087 1625 20679 13012 4988 438209 274 1685 218 4319 11584 15979 75 523 1496 1247 7782 6857 4293 21329 1720 64 46297 10750 803 191 352 90158 9288 323
internal_value=-4.81352e-06 -0.000120546 -0.000972608 -0.00123452 -0.0023 -7.00251e-05 0.000220454 9.81008e-05 0.00333406 -0.000512767 -0.000377234 0.000647864 0.00328514 0.00292683 0.00695889 -0.000648424 0.00054736 0.00376453 0.00165963 -0.0010592 0.00340817 0.00762332 -0.00116523 0.00151836 0.00215096 0.000956185 0.00050646 0.000218533 0.00154154 -0.00896296
internal_weight=1.69315e+06 720060 40304 38679 18000 679756 241547 232414 9133 110089 105770 122325 6225 6150 2019 92532 23659 8859 15877 68873 8641 1784 67626 13238 11553 4131 116100 90833 25267 675
internal_count=1693147 720060 40304 38679 18000 679756 241547 232414 9133 110089 105770 122325 6225 6150 2019 92532 23659 8859 15877 68873 8641 1784 67626 13238 11553 4131 116100 90833 25267 675
is_linear=0
shrinkage=0.05


end of trees

feature_importances:
hour_sin=1191
hour_cos=1022
norm_atr14=660
dist_ema200_atr=508
atr_ratio=477
ret_60=358
dist_ema50_atr=293
dist_ema20_atr=232
ret_30=226
dow_sin=211
vol_ratio_100=142
rsi14=132
dow_cos=129
ret_15=123
vol_ratio_20=116
bar_range_atr=85
lower_wick_atr=57
ret_5=48
ret_3=38
bar_body_atr=34
ret_1=25
upper_wick_atr=13

parameters:
[boosting: gbdt]
[objective: regression_l1]
[metric: l1]
[tree_learner: serial]
[device_type: cpu]
[data_sample_strategy: bagging]
[data: ]
[valid: ]
[num_iterations: 600]
[learning_rate: 0.05]
[num_leaves: 31]
[num_threads: 2]
[seed: 42]
[deterministic: 0]
[force_col_wise: 0]
[force_row_wise: 0]
[histogram_pool_size: -1]
[max_depth: -1]
[min_data_in_leaf: 20]
[min_sum_hessian_in_leaf: 0.001]
[bagging_fraction: 0.8]
[pos_bagging_fraction: 1]
[neg_bagging_fraction: 1]
[bagging_freq: 0]
[bagging_seed: 400]
[bagging_by_query: 0]
[feature_fraction: 0.8]
[feature_fraction_bynode: 1]
[feature_fraction_seed: 30056]
[extra_trees: 0]
[extra_seed: 12879]
[early_stopping_round: 0]
[early_stopping_min_delta: 0]
[first_metric_only: 0]
[max_delta_step: 0]
[lambda_l1: 0]
[lambda_l2: 0]
[linear_lambda: 0]
[min_gain_to_split: 0]
[drop_rate: 0.1]
[max_drop: 50]
[skip_drop: 0.5]
[xgboost_dart_mode: 0]
[uniform_drop: 0]
[drop_seed: 17869]
[top_rate: 0.2]
[other_rate: 0.1]
[min_data_per_group: 100]
[max_cat_threshold: 32]
[cat_l2: 10]
[cat_smooth: 10]
[max_cat_to_onehot: 4]
[top_k: 20]
[monotone_constraints: ]
[monotone_constraints_method: basic]
[monotone_penalty: 0]
[feature_contri: ]
[forcedsplits_filename: ]
[refit_decay_rate: 0.9]
[cegb_tradeoff: 1]
[cegb_penalty_split: 0]
[cegb_penalty_feature_lazy: ]
[cegb_penalty_feature_coupled: ]
[path_smooth: 0]
[interaction_constraints: ]
[verbosity: -1]
[saved_feature_importance_type: 0]
[use_quantized_grad: 0]
[num_grad_quant_bins: 4]
[quant_train_renew_leaf: 0]
[stochastic_rounding: 1]
[linear_tree: 0]
[max_bin: 255]
[max_bin_by_feature: ]
[min_data_in_bin: 3]
[bin_construct_sample_cnt: 200000]
[data_random_seed: 175]
[is_enable_sparse: 1]
[enable_bundle: 1]
[use_missing: 1]
[zero_as_missing: 0]
[feature_pre_filter: 1]
[pre_partition: 0]
[two_round: 0]
[header: 0]
[label_column: ]
[weight_column: ]
[group_column: ]
[ignore_column: ]
[categorical_feature: ]
[forcedbins_filename: ]
[precise_float_parser: 0]
[parser_config_file: ]
[objective_seed: 16083]
[num_class: 1]
[is_unbalance: 0]
[scale_pos_weight: 1]
[sigmoid: 1]
[boost_from_average: 1]
[reg_sqrt: 0]
[alpha: 0.9]
[fair_c: 1]
[poisson_max_delta_step: 0.7]
[tweedie_variance_power: 1.5]
[lambdarank_truncation_level: 30]
[lambdarank_norm: 1]
[label_gain: ]
[lambdarank_position_bias_regularization: 0]
[eval_at: ]
[multi_error_top_k: 1]
[auc_mu_weights: ]
[num_machines: 1]
[local_listen_port: 12400]
[time_out: 120]
[machine_list_filename: ]
[machines: ]
[gpu_platform_id: -1]
[gpu_device_id: -1]
[gpu_use_dp: 0]
[num_gpu: 1]

end of parameters

pandas_categorical:[]
