tree
version=v4
num_class=1
num_tree_per_iteration=1
label_index=0
max_feature_idx=21
objective=regression_l1
feature_names=ret_1 ret_3 ret_5 ret_15 ret_30 ret_60 dist_ema20_atr dist_ema50_atr dist_ema200_atr norm_atr14 atr_ratio bar_range_atr bar_body_atr upper_wick_atr lower_wick_atr rsi14 vol_ratio_20 vol_ratio_100 hour_sin hour_cos dow_sin dow_cos
feature_infos=[-0.0078702103346586227:0.012516281567513943] [-0.012391614727675915:0.020208889618515968] [-0.013688726350665092:0.02290249802172184] [-0.030993612483143806:0.025359706953167915] [-0.03435032069683075:0.027298768982291222] [-0.038064822554588318:0.031984113156795502] [-7.9789342880249023:10.691917419433594] [-12.09024715423584:48.158966064453125] [-50.473407745361328:102.318115234375] [9.880399375106208e-06:0.0068594408221542835] [0.18253332376480103:3.5714285373687744] [0:10.42235279083252] [-8.2491073608398438:9.3768196105957031] [0:5.3372445106506348] [0:7.8793320655822754] [0:1] [0.0092293489724397659:11.812796592712402] [0.0065915235318243504:24.697690963745117] [-1:1] [-1:1] [-0.95105654001235962:0.95105654001235962] [-0.80901700258255005:1]
tree_sizes=3000 3182 3196 3206 3198 3218 3221 3220 3200 3196 3216 3210 3216 3199 3216 3182 3208 3217 3217 3223 3202 3226 3190 3232 3207 3215 3207 3227 3239 3190 3231 3211 3240 3197 3192 3220 3211 3219 3232 3207 3230 3217 3217 3232 3186 3198 3198 3203 3204 3232 3190 3224 3233 3197 3213 3237 3226 3185 3214 3162 3199 3209 3186 3236 3136 3209 3209 3234 3224 3236 3245 3244 3207 3180 3214 3175 3201 3195 3195 3164 3177 3127 3140 3222 3172 3205 3137 3114 3149 3097 3225 3163 3171 3184 3191 3147 3216 3142 3217 3156 3217 3136 3111 3161 3039 3162 3141 3151 3066 3207 3230 3139 3078 3126 3085 3081 3086 3207 3033 3139 3007 3187 3099 3115 3045 3127 3098 3044 3157 3125 2994 3045 3091 3080 3093 2995 2926 3157 3130 3124 3035 2922 3100 3049 3038 3117 3058 3058 3129 3108 3103 3079 3155 3069 3087 3119 3041 3048 3022 3069 2997 3024 3111 3066 3067 3067 3152 3090

Tree=0
num_leaves=31
num_cat=0
split_feature=9 10 9 10 6 9 6 19 18 19 18 18 18 18 19 10 6 19 19 19 10 19 18 18 18 6 18 19 8 18
split_gain=8143.65 2116.6 2030.29 1269.39 940.136 880.723 809.679 784.246 679.35 653.888 480.727 401.106 401.035 610.186 393.004 392.668 375.243 374.274 466.754 336.907 289.638 268.737 267.179 254.532 253.06 249.613 221.283 320.479 216.95 209.427
threshold=0.00023480685194954279 1.0951808691024782 0.00012406220776028934 0.98387977480888378 -2.053595662117004 0.00072658102726563822 -1.6508749127387998 -0.92304024100303639 -0.28192219138145441 -0.76744312047958363 -0.57892408967018116 -0.70556074380874623 -0.60355451703071583 -0.50941574573516835 0.19722913205623629 0.88250398635864269 -1.5664975643157957 0.24826665222644809 0.78396254777908336 0.82535797357559215 1.4086553454399111 0.76463845372200023 0.8102954924106599 0.10669767111539842 0.97948506474494945 -1.0356436967849729 0.18437977880239489 0.86927726864814769 -6.3602707386016837 0.17149884253740313
decision_type=2 2 2 2 2 2 2 2 2 2 2 2 2 2 2 2 2 2 2 2 2 2 2 2 2 2 2 2 2 2
left_child=2 6 12 17 -3 7 -2 8 -6 29 11 -5 -1 19 -12 -11 -16 -4 28 -14 -9 -18 -17 -10 25 -15 27 -23 -19 -8
right_child=1 4 3 10 5 -7 9 20 23 15 14 -13 13 24 16 22 21 18 -20 -21 -22 26 -24 -25 -26 -27 -28 -29 -30 -31
leaf_value=1.7809567689895629 1.780416762828827 1.7742952287197113 1.785498285293579 1.7638117611408233 1.7929587841033936 1.745237761735916 1.7758868396282197 1.7575546264648438 1.7674873560667037 1.7690885484218597 1.7780128300189972 1.7356370031833648 1.8020679891109466 1.8022177875041963 1.7832570433616639 1.7607299089431763 1.7586209714412688 1.78697509765625 1.786934459209442 1.8728579401969909 1.7500335901975632 1.8190598726272582 1.7685717195272446 1.7530362486839295 1.8157058715820313 1.7880551815032959 1.7774759471416473 1.7613914430141449 1.7710084050893784 1.7669520020484923
leaf_weight=46021 57897 32243 187261 44358 13695 31826 98363 158771 28356 130611 99902 3586 6108 32998 16417 170498 32636 13133 59481 7455 34732 2482 48176 12947 17027 97902 28607 30375 101688 47595
leaf_count=46021 57897 32243 187261 44358 13695 31826 98363 158771 28356 130611 99902 3586 6108 32998 16417 170498 32636 13133 59481 7455 34732 2482 48176 12947 17027 97902 28607 30375 101688 47595
internal_value=1.77163 1.76824 1.77517 1.77374 1.76495 1.76402 1.77009 1.76502 1.77029 1.76944 1.77106 1.76654 1.77945 1.78063 1.77209 1.76827 1.77004 1.77565 1.77398 1.79078 1.76352 1.76882 1.76697 1.76709 1.7797 1.77895 1.77077 1.76797 1.77212 1.77225
internal_weight=1.69315e+06 865710 827437 619926 312570 280327 553140 248501 54998 495243 258363 47944 207511 161490 210419 349285 110517 361563 174302 13563 193503 94100 218674 41303 147927 130900 61464 32857 114821 145958
internal_count=1693147 865710 827437 619926 312570 280327 553140 248501 54998 495243 258363 47944 207511 161490 210419 349285 110517 361563 174302 13563 193503 94100 218674 41303 147927 130900 61464 32857 114821 145958
is_linear=0
shrinkage=1


Tree=1
num_leaves=31
num_cat=0
split_feature=9 9 6 9 19 19 7 19 19 7 9 9 9 11 19 19 19 19 19 19 6 19 9 9 9 19 19 20 19 8
split_gain=7343.75 1766.07 1336 1156.5 966.842 794.097 736.139 541.72 474.499 321.033 308.785 259.164 258.709 235.498 226.755 449.484 380.616 221.616 209.495 203.107 194.107 190.576 170.857 157.811 149.496 170.184 146.056 130.138 124.639 122.203
threshold=0.00023108132882043722 0.00012406220776028934 -1.6508749127387998 0.00066862133098766219 0.1326885595917702 0.24826665222644809 -2.4523258209228511 -0.91792565584182728 0.77300861477851879 -3.1046380996704097 0.00037740665720775729 0.00018696257029660049 0.00032051738526206469 1.8103805184364321 0.79994463920593273 0.86927726864814769 0.29862368106842047 0.78396254777908336 0.79994463920593273 0.87777194380760204 -0.64437764883041371 0.82535797357559215 0.0011624655453488233 0.00077746369061060261 0.00034749765472952282 -0.9543684422969817 0.82535797357559215 -0.76942089200019825 -0.6867687702178954 -6.2417395114898673
decision_type=2 2 2 2 2 2 2 2 2 2 2 2 2 2 2 2 2 2 2 2 2 2 2 2 2 2 2 2 2 2
left_child=1 9 13 4 7 20 18 24 11 26 -9 -8 17 23 16 21 -11 -6 -7 -10 -3 27 -5 -2 -4 -26 -1 -16 -12 -18
right_child=2 5 3 22 12 6 8 10 19 14 28 -13 -14 -15 15 -17 29 -19 -20 -21 -22 -23 -24 -25 25 -27 -28 -29 -30 -31
leaf_value=0.029680962562561031 0.0034619551897048908 0.014062013328075407 0.0055012840032577564 -0.016341194808483128 -0.013238415122032166 0.0080708601325750369 -0.0023908398300409306 -0.0039837084710597995 0.013881792426109318 0.025098245143890387 -0.0064425396919250534 -0.010928531140089038 -0.016664885208010679 0.016842554211616512 0.10037150412797929 0.01948443651199341 0.025259159356355667 -0.005003188699483874 0.025439582467079159 0.0011222818493843102 0.0074135589599609421 0.084496598839759837 -0.027211096286773678 -0.0094760559499263777 -0.0066906963288783988 0.0058091259002685525 0.054958972036838527 0.018208116590976719 -0.011132137030363082 0.0053259485960006738
leaf_weight=14217 86985 93366 65549 61979 61226 26230 98650 239844 29192 45510 70893 49807 69320 14440 1089 62627 5992 44689 15873 83737 203335 7871 10748 7462 34978 18817 7649 4500 98516 58056
leaf_count=14217 86985 93366 65549 61979 61226 26230 98650 239844 29192 45510 70893 49807 69320 14440 1089 62627 5992 44689 15873 83737 203335 7871 10748 7462 34978 18817 7649 4500 98516 58056
internal_value=-1.06606e-05 0.0034371 -0.0031557 -0.00388296 -0.00326271 0.00206235 0.000264095 -0.00219572 -0.000724216 0.00741334 -0.00306009 -0.00258223 -0.0064813 0.002031 0.0067384 0.00883528 0.00528213 -0.00492706 0.00639978 0.00171834 0.00390174 0.0171248 -0.0098856 0.00112179 0.000768367 -0.00118505 0.0131437 0.0100644 -0.00469426 0.0027979
internal_weight=1.69315e+06 807701 885446 776559 703832 600190 303489 528597 261386 207511 409253 148457 175235 108887 185645 76087 109558 105915 42103 112929 296701 13460 72727 94447 119344 53795 21866 5589 169409 64048
internal_count=1693147 807701 885446 776559 703832 600190 303489 528597 261386 207511 409253 148457 175235 108887 185645 76087 109558 105915 42103 112929 296701 13460 72727 94447 119344 53795 21866 5589 169409 64048
is_linear=0
shrinkage=0.05


Tree=2
num_leaves=31
num_cat=0
split_feature=9 10 10 9 6 9 6 19 6 19 19 7 19 10 10 10 10 9 19 19 19 6 19 19 9 19 9 17 16 19
split_gain=6650.29 1883.88 1808.94 848.57 796.358 743.958 674.041 672.382 560.213 626.424 510.021 421.143 399.919 348.814 322.198 267.046 246.907 239.475 238.018 217.957 207.785 183.225 178.727 168.959 166.135 164.127 161.194 157.423 157.169 157.134
threshold=0.00023732360568828883 1.0951808691024782 0.87689021229743969 0.00012406220776028934 -2.053595662117004 0.0007489442068617792 -1.2559246420860288 -0.92304024100303639 -1.5136011242866514 0.19722913205623629 -0.7589854598045348 -2.1229797601699825 0.77300861477851879 0.89590087532997142 1.1617308855056765 1.3120177984237673 1.1066473722457888 0.00013746067997999492 0.79994463920593273 -0.94190874695777882 0.21004468202590945 -1.0556558966636655 0.79994463920593273 -0.95819556713104237 0.00042668255628086632 0.88599923253059398 0.00032051738526206469 1.0059407949447634 1.4599912166595461 0.82535797357559215
decision_type=2 2 2 2 2 2 2 2 2 2 2 2 2 2 2 2 2 2 2 2 2 2 2 2 2 2 2 2 2 2
left_child=2 6 11 21 -3 7 -2 23 28 -10 24 22 16 -12 -14 -9 -11 18 20 -19 -13 -4 -1 -6 -8 29 -15 -25 -5 -20
right_child=1 4 3 8 5 -7 10 15 9 12 13 17 14 26 -16 -17 -18 19 25 -21 -22 -23 -24 27 -26 -27 -28 -29 -30 -31
leaf_value=0.022243463495746258 0.0052936358153820029 0.0023379937708377873 0.026582230195403091 0.0076647452339529965 -0.0066577729359269091 -0.024719122238457205 0.0036782461516559175 -0.012413932971656327 0.0040736458301544268 -0.0066741055920720108 -0.0025948894992470772 0.028392469048500058 0.0066449643746018475 -0.0060968770459294275 -0.0079888268262147902 -0.018636585552245382 -0.016774028295651073 0.027461759574711333 0.028992353923618805 0.0081263273954391545 0.0097784740030765552 0.011279384493827815 0.043344309307634832 -0.012746265619993214 -0.0041304207444191054 0.024880484938621519 -0.011841533966362472 0.012545398190617557 0.022835282735526565 0.086265206664800642
leaf_weight=40586 90606 31921 23179 52055 36935 29057 87268 133954 174457 79675 131335 23049 52276 84566 31329 59136 24992 15272 4862 136384 54092 69167 13214 4225 49581 29140 99944 13850 12718 4322
leaf_count=40586 90606 31921 23179 52055 36935 29057 87268 133954 174457 79675 131335 23049 52276 84566 31329 59136 24992 15272 4862 136384 54092 69167 13214 4225 49581 29140 99944 13850 12718 4322
internal_value=-2.02286e-05 -0.00313241 0.00313493 0.00131269 -0.00624891 -0.00711023 -0.00135947 -0.0062237 0.000373799 -0.000391063 -0.00214737 0.0060867 -0.00239122 -0.00325207 0.00018719 -0.00761303 -0.00445078 0.00527383 0.00698956 0.00396753 0.00538948 0.00565915 0.0101227 -0.00134703 0.000402268 0.0102103 -0.00465395 0.00261411 0.00465703 0.0160388
internal_weight=1.69315e+06 852378 840769 519848 309078 277157 543300 248100 427502 362729 452694 320921 188272 315845 83605 193090 104667 267121 115465 151656 77141 92346 53800 55010 136849 38324 184510 18075 64773 9184
internal_count=1693147 852378 840769 519848 309078 277157 543300 248100 427502 362729 452694 320921 188272 315845 83605 193090 104667 267121 115465 151656 77141 92346 53800 55010 136849 38324 184510 18075 64773 9184
is_linear=0
shrinkage=0.05


Tree=3
num_leaves=31
num_cat=0
split_feature=10 6 10 18 18 6 10 18 18 19 5 7 6 11 18 18 3 10 10 19 10 10 18 16 10 3 19 19 18 19
split_gain=4836.73 1535.92 1558.51 1292.34 1253.19 640.714 501.328 477.446 935.658 445.865 399.465 350.51 342.03 302.812 281.387 373.529 263.168 230.519 220.159 274.416 210.749 203.678 142.536 139.931 131.496 128.825 119.874 113.08 107.841 197.086
threshold=0.95209535956382763 -1.6508749127387998 1.2884464263916018 -0.64778602123260487 -0.62762191891670216 -1.4638300538063047 0.79485085606575023 0.29862368106842047 0.9556623399257661 0.70864605903625499 -0.0017334934091195462 -2.0894178152084346 -2.8466436862945552 0.82146021723747265 0.95305636525154125 0.40872775018215185 -0.0013280683197081087 1.1338242888450625 0.77480906248092662 0.69934985041618358 1.7774003148078921 1.0951808691024782 0.38469719886779791 1.1770428419113161 1.1151313185691836 0.00041851586138363933 0.79994463920593273 -0.16719855368137357 -0.063225833699107156 0.86927726864814769
decision_type=2 2 2 2 2 2 2 2 2 2 2 2 2 2 2 2 2 2 2 2 2 2 2 2 2 2 2 2 2 2
left_child=4 12 3 9 11 22 -7 21 17 24 -4 -1 26 20 15 28 -14 -9 -13 27 -12 25 -6 -23 -3 -5 -2 -20 29 -8
right_child=1 2 10 7 5 6 14 8 -10 -11 13 18 16 -15 -16 -17 -18 -19 19 -21 -22 23 -24 -25 -26 -27 -28 -29 -30 -31
leaf_value=0.0093595442691817854 0.012092705677449701 -0.0094836352746933694 -0.025544629428349442 0.007959481778740873 0.030156422089412806 0.016469109642971307 0.0096454110771417526 -0.0061841000279411647 0.0057902204774320128 -0.03557850053263828 -0.016693896642234179 0.0046306044310331475 -0.0050762101968750313 -0.0099406793270260148 0.018619999552797518 0.0002309092402458246 0.006089994682744149 -0.01290515329018236 -0.0051950756933540013 -0.025394082348607478 -0.033809988943859927 -0.0046820616476237814 0.017412919930368653 0.0048890212615951894 -0.01536283897273243 -0.00062873916076496841 0.03182403654903173 0.00015131402537226781 0.013857316791452457 -0.0063072558343410523
leaf_weight=44788 24904 113608 14415 76049 28309 140260 43531 159550 78090 4853 53342 61575 28855 64903 34663 136123 68369 58923 78643 5018 4666 62039 41054 26946 42034 32388 5815 84548 60619 14267
leaf_count=44788 24904 113608 14415 76049 28309 140260 43531 159550 78090 4853 53342 61575 28855 64903 34663 136123 68369 58923 78643 5018 4666 62039 41054 26946 42034 32388 5815 84548 60619 14267
internal_value=-3.24544e-05 -0.00248301 -0.00330434 -0.00228823 0.00288183 0.00437507 0.00365491 -0.00102179 -0.00229007 -0.00618617 -0.00814704 0.00016899 0.00259999 -0.00722352 0.00246522 0.00188968 0.00114684 -0.00396914 -0.000619712 -0.0015561 -0.00984864 0.000883387 0.00883396 -0.000889476 -0.00572082 0.00233822 0.00719913 -0.00120197 0.00394327 0.00239801
internal_weight=1.69315e+06 919749 791806 654480 773398 498826 429463 493985 296563 160495 137326 274572 127943 122911 289203 254540 97224 218473 229784 168209 58008 197422 69363 88985 155642 108437 30719 163191 118417 57798
internal_count=1693147 919749 791806 654480 773398 498826 429463 493985 296563 160495 137326 274572 127943 122911 289203 254540 97224 218473 229784 168209 58008 197422 69363 88985 155642 108437 30719 163191 118417 57798
is_linear=0
shrinkage=0.05


Tree=4
num_leaves=31
num_cat=0
split_feature=9 10 10 9 6 11 9 19 7 19 10 6 19 9 18 19 18 18 19 18 18 19 18 18 19 7 19 19 18 18
split_gain=5788.85 1653.16 1411.74 698.547 658.691 657.078 512.494 487.971 497.092 483.092 489.321 356.325 325.893 315.19 303.918 269.9 258.642 252.222 346.016 361.629 256.776 247.638 332.945 244.663 233.582 228.032 226.63 225.11 211.336 202.858
threshold=0.00022990147408563646 1.1370719671249392 0.86308154463768016 0.0001361236136290245 -1.1335853934288023 0.9751417636871339 0.00070484689786098908 0.19722913205623629 -2.4523258209228511 -0.90722548961639393 0.89590087532997142 -2.3899494409561153 0.76463845372200023 7.7547047112602754e-05 -0.41270604729652399 -0.92304024100303639 0.17149884253740313 0.95305636525154125 0.79994463920593273 -0.50941574573516835 -0.12836257368326184 -0.92304024100303639 -0.22707572579383847 -0.28192219138145441 0.96304282546043407 -2.6651744842529292 0.70864605903625499 0.86927726864814769 -0.71477618813514698 -0.2143086493015289
decision_type=2 2 2 2 2 2 2 2 2 2 2 2 2 2 2 2 2 2 2 2 2 2 2 2 2 2 2 2 2 2
left_child=2 4 13 17 28 6 21 14 -9 -6 -11 -7 -10 -1 -5 23 27 18 26 -20 -21 22 -3 -13 -18 -15 -4 -14 -2 -16
right_child=1 5 3 7 9 11 -8 8 12 10 -12 15 16 25 29 -17 24 -19 19 20 -22 -23 -24 -25 -26 -27 -28 -29 -30 -31
leaf_value=0.03218730814155657 -0.001744087972957642 0.014091137711501207 0.0036268769085966105 -0.0044628332379087702 0.0029810944458609438 0.0088609560530772402 -0.024892661947952578 0.010209293942581866 -0.0089481074533238943 -0.0015778224749863124 -0.0083846587263140763 0.021954769817013289 0.030081057019010194 0.025042892690682786 0.033983175274580717 -0.011017790636215352 0.0021292976540653041 0.026826444368436925 0.065124343036375931 -0.00081720118239523307 0.020626048070974637 -0.01522310657857452 -0.011849967764397153 -0.0058380592424096493 0.027609106932147409 0.012442422916793733 -0.022433594070198015 -0.0088203548613935649 0.0073285375663917577 0.0068258502203878031
leaf_weight=32012 43586 7840 50521 33761 78261 13254 22243 27775 93297 163254 266045 6583 3284 28549 5425 73295 30930 24950 5763 15773 34745 103400 19555 15990 8422 225000 4042 32363 78391 144838
leaf_count=32012 43586 7840 50521 33761 78261 13254 22243 27775 93297 163254 266045 6583 3284 28549 5425 73295 30930 24950 5763 15773 34745 103400 19555 15990 8422 225000 4042 32363 78391 144838
internal_value=-3.64705e-05 -0.00280818 0.00304735 0.00148608 -0.0014189 -0.00614434 -0.00825808 0.000386351 -0.00134926 -0.00221176 -0.00287038 -0.00317993 -0.00237201 0.00586792 0.00223558 -0.00424229 8.20011e-05 0.00456427 0.00354191 0.00629253 0.00493883 -0.00706487 -0.00283811 0.000538254 0.0028766 0.00527768 0.00070469 -0.00300306 0.00188027 0.00319872
internal_weight=1.69315e+06 891697 801450 515889 629537 262160 153038 380095 196071 507560 429299 109122 168296 285561 184024 95868 74999 135794 110844 56281 50518 130795 27395 22573 39352 253549 54563 35647 121977 150263
internal_count=1693147 891697 801450 515889 629537 262160 153038 380095 196071 507560 429299 109122 168296 285561 184024 95868 74999 135794 110844 56281 50518 130795 27395 22573 39352 253549 54563 35647 121977 150263
is_linear=0
shrinkage=0.05


Tree=5
num_leaves=31
num_cat=0
split_feature=6 18 19 2 3 3 18 18 19 19 6 18 18 19 19 19 18 11 3 2 19 8 18 5 6 18 19 18 3 6
split_gain=1806.01 1099.34 608.557 572.564 545.461 496.032 445.669 728.513 429.937 422.857 346.8 335.226 315.239 583.422 435.542 921.161 286.871 273.035 227.158 186.492 172.747 142.723 127.613 159.666 126 117.811 116.906 116.228 117.647 114.319
threshold=-1.4638300538063047 -0.64778602123260487 0.69934985041618358 0.00042971676157321786 0.0006577592866960914 -0.00062792343669570972 0.27353890240192419 0.9556623399257661 0.65110388398170482 0.80773079395294201 1.5546041131019595 -0.49052239954471583 0.19722913205623629 0.96304282546043407 0.86927726864814769 0.82535797357559215 -0.11970336735248564 1.8103805184364321 -0.0011892532929778097 0.00045807599963154649 0.95819556713104259 -6.1296253204345694 -0.44424325227737421 0.0002398799188085832 2.2093222141265874 0.19722913205623629 0.32350382208824163 -0.87142586708068837 0.00051455371431075047 -2.8466436862945552
decision_type=2 2 2 2 2 2 2 2 2 2 2 2 2 2 2 2 2 2 2 2 2 2 2 2 2 2 2 2 2 2
left_child=9 2 8 4 5 -3 12 -8 19 17 -5 -11 14 -14 15 -7 22 18 29 27 -13 -4 -16 -24 26 -22 -6 28 -2 -1
right_child=1 3 21 10 24 6 7 -9 -10 11 -12 20 13 -15 16 -17 -18 -19 -20 -21 25 -23 23 -25 -26 -27 -28 -29 -30 -31
leaf_value=0.0073749126499750295 -0.0022526626050569988 -0.0055150670187539613 0.003886072795379092 -0.010363467381223386 -0.0049326504852781009 0.007795529713153837 -0.0013665562133984511 0.010667787468282619 0.013831181502560165 0.085325626668850671 -0.001064231388309045 0.0075717113187734556 0.0022102824072652849 0.049639724490209661 -0.025126038623092463 0.072599005816631701 0.0054586318636080213 0.017336556477955768 0.0076629722485183739 -0.010322361026312676 0.018525854918658737 -0.02696964690893049 0.00080168284828081588 -0.014056497281975805 0.0030196963759830499 0.046522005778915479 -0.012877684892893537 -0.0076160223523222383 -0.0079361780995661265 -0.0028771370283800727
leaf_weight=14944 160714 71170 1429 77386 65028 119287 321743 104952 14783 2822 89753 17661 13429 13498 2521 9875 60859 24570 128450 70231 21443 13775 21474 15392 17317 4574 24720 100904 42246 46197
leaf_count=14944 160714 71170 1429 77386 65028 119287 321743 104952 14783 2822 89753 17661 13429 13498 2521 9875 60859 24570 128450 70231 21443 13775 21474 15392 17317 4574 24720 100904 42246 46197
internal_value=-4.68063e-05 -0.000743393 -0.00295311 0.000124854 0.000644575 0.00111867 0.00153258 0.000542659 -0.00256944 0.00378135 -0.00255326 0.00810323 0.00318041 0.00829836 0.00257968 0.004499 0.000106737 0.00284295 0.00220026 -0.00289993 0.00702413 -0.0127664 -0.00321807 -0.00247382 -0.00269509 0.00961487 -0.00344854 -0.00236323 -0.00167373 -0.000308304
internal_weight=1.69315e+06 1.43249e+06 404082 1.0284e+06 861265 754200 683030 426695 388878 260661 167139 46500 256335 26927 229408 129162 100246 214161 189591 374095 43678 15204 39387 36866 107065 26017 89748 303864 202960 61141
internal_count=1693147 1432486 404082 1028404 861265 754200 683030 426695 388878 260661 167139 46500 256335 26927 229408 129162 100246 214161 189591 374095 43678 15204 39387 36866 107065 26017 89748 303864 202960 61141
is_linear=0
shrinkage=0.05


Tree=6
num_leaves=31
num_cat=0
split_feature=9 10 10 19 6 10 9 18 19 6 9 19 18 7 9 19 18 18 18 8 6 6 19 18 10 20 18 18 18 18
split_gain=5080.35 1843.41 1064.87 672.861 615.829 596.26 519.996 503.376 578.768 432.741 414.932 370.987 458.202 329.787 265.676 247.895 302.674 231.198 284.482 214.056 206.759 189.59 173.897 173.556 169.695 167.658 166.065 260.19 163.303 168.245
threshold=0.00020967320597264918 1.1692373752593996 0.89590087532997142 -0.90722548961639393 -1.8635706901550291 0.90514567494392406 0.0007489442068617792 -0.60355451703071583 0.70864605903625499 -1.0746573209762571 0.00010683035361580552 -0.91265374422073353 0.01527100056409836 -2.1229797601699825 0.00026947888545691972 0.19722913205623629 -0.50941574573516835 -0.59306621551513661 -0.50941574573516835 -5.5121369361877433 -1.9363938570022581 -1.6508749127387998 -0.95819556713104237 0.96304282546043407 1.4086553454399111 -0.76942089200019825 -0.11970336735248564 0.6411133110523225 0.61048936843872081 -0.071932479739189134
decision_type=2 2 2 2 2 2 2 2 2 2 2 2 2 2 2 2 2 2 2 2 2 2 2 2 2 2 2 2 2 2
left_child=2 3 13 -2 -3 20 11 8 19 -7 -9 12 22 -1 -11 -12 -17 -15 25 -4 -5 -18 -6 28 -13 -19 -23 -28 29 -20
right_child=1 4 7 5 6 9 -8 10 -10 14 15 24 -14 17 -16 16 21 18 23 -21 -22 26 -24 -25 -26 -27 27 -29 -30 -31
leaf_value=0.023830673378495718 0.0050628353413937569 0.00060699306452534081 0.014498120913474105 0.013189077442340325 -0.0047600403487628399 0.00030833065655000436 -0.022841387911362566 0.019658312127206867 -0.031363037947006005 -0.0034586463580722373 0.0082071691062957641 -0.012416994464662656 -0.017523781049324404 0.0059547178250248583 -0.0094986964421709744 0.045004282086164853 0.0098347611589213405 0.14869769869472305 0.0067076012396935728 -0.0043722140829201787 -0.0004305519315511042 -0.011367351068006827 0.013325534510816601 0.028107042112220294 -0.018124961697699209 0.036481341493371879 0.0053644718553280792 -0.0058993399411618082 0.0070396046272812379 0.021103486628326007
leaf_weight=52879 121724 32173 7990 15309 17323 87962 23002 41746 5294 99433 114129 105735 12714 76751 209685 4595 19564 1305 23336 62250 229447 16491 13420 21305 36876 6454 56751 48910 65671 62923
leaf_count=52879 121724 32173 7990 15309 17323 87962 23002 41746 5294 99433 114129 105735 12714 76751 209685 4595 19564 1305 23336 62250 229447 16491 13420 21305 36876 6454 56751 48910 65671 62923
internal_value=-4.73379e-05 -0.00231423 0.00326174 -0.00111046 -0.00612432 -0.00175684 -0.00711532 0.00147834 -0.00217253 -0.00295331 0.00239091 -0.00623858 -0.00219412 0.00543036 -0.00383381 0.00164913 0.000286718 0.00469243 0.00566759 -0.000970957 0.000184265 -0.000122781 0.00110757 0.00524807 -0.00747102 0.0150342 -0.000854673 -0.000126347 0.00465543 0.00608574
internal_weight=1.69315e+06 1.0048e+06 688344 763560 241243 641836 209070 377720 75534 397080 302186 186068 43457 310624 309118 260440 146311 257745 180994 70240 244756 141716 30743 173235 142611 7759 122152 105661 151930 86259
internal_count=1693147 1004803 688344 763560 241243 641836 209070 377720 75534 397080 302186 186068 43457 310624 309118 260440 146311 257745 180994 70240 244756 141716 30743 173235 142611 7759 122152 105661 151930 86259
is_linear=0
shrinkage=0.05


Tree=7
num_leaves=31
num_cat=0
split_feature=10 16 18 10 18 10 6 6 10 7 19 10 18 18 18 18 10 6 7 19 10 18 3 18 18 19 19 19 10 7
split_gain=3751.48 1091.55 1085.15 1031.28 644.27 617.836 466.064 365.912 343.672 302.564 286.196 285.199 269.792 457.588 262.735 358.547 237.726 223.485 179.548 152.08 140.687 138.957 138.515 133.014 138.692 130.361 122.512 132.323 119.009 104.323
threshold=0.99154770374298107 1.1870225667953493 -0.63775861263275135 1.2963936924934389 -0.67074871063232411 0.82919442653656017 -1.8635706901550291 -1.3908125758171079 1.6374445557594302 -2.0894178152084346 0.70864605903625499 1.4086553454399111 0.96065577864646923 0.40872775018215185 0.95037782192230236 0.50188699364662182 0.88250398635864269 -1.5929541587829588 -2.7081998586654659 0.70864605903625499 0.67747738957405101 -0.65770241618156422 0.00041851586138363933 0.02835773024708033 0.95037782192230236 0.8537760078907014 0.69934985041618358 0.65110388398170482 1.0951808691024782 -3.7172652482986446
decision_type=2 2 2 2 2 2 2 2 2 2 2 2 2 2 2 2 2 2 2 2 2 2 2 2 2 2 2 2 2 2
left_child=2 3 9 4 10 17 -3 29 -5 -1 18 21 13 22 15 -9 26 -4 -2 -18 -19 -8 -6 -23 25 -25 27 -11 -15 -7
right_child=1 6 5 8 12 7 11 14 -10 16 -12 -13 -14 28 -16 -17 19 20 -20 -21 -22 23 -24 24 -26 -27 -28 -29 -30 -31
leaf_value=0.0070408409623437754 -0.00043146354764292963 0.010584921855467166 0.026184176582847975 -0.013291372514120227 0.00087760473029021571 0.023369227372312652 -0.0064775360892405992 0.0060869751562143588 -0.02559577435457713 0.00075651677836338085 -0.031476640502763414 -0.010885538759997426 0.0038292153757882421 -0.0062868778700206135 0.013908624790847923 -0.0023441712798271176 -0.0051180555479796944 0.021463530504350903 -0.012144292210346925 -0.029630754676488669 0.010980352900741697 0.0072634520648060088 -0.0060241239693523468 -0.0061011473287212797 0.0068163090831638408 0.004781659160755636 -0.013043816805821014 0.021352611882117414 -0.011466798092932091 0.010488153914889942
leaf_weight=51864 13356 43243 26434 86633 116484 14941 27587 152728 14586 143997 3702 25527 49003 71183 41155 124988 103278 40051 91208 2413 156553 38617 43285 46151 26300 19261 7688 4919 62914 43098
leaf_count=51864 13356 43243 26434 86633 116484 14941 27587 152728 14586 143997 3702 25527 49003 71183 41155 124988 103278 40051 91208 2413 156553 38617 43285 46151 26300 19261 7688 4919 62914 43098
internal_value=-5.00547e-05 -0.00259948 0.00212267 -0.00379847 -0.00277511 0.00336929 0.000322031 0.00213499 -0.0083596 -0.00025799 -0.00613766 -0.000778716 -0.00171334 -0.00228608 0.00147034 0.000917844 -0.000947978 0.00545512 -0.00565395 -0.00278027 0.00487477 1.39315e-05 -0.000478503 0.000696315 -0.000340195 -0.00157311 0.000288626 0.000606382 -0.0044397 0.00578663
internal_weight=1.69315e+06 779040 914107 552354 451135 599948 226686 376910 101219 314159 108266 183443 342869 293866 318871 277716 262295 223038 104564 105691 196604 157916 159769 130329 91712 65412 156604 148916 134097 58039
internal_count=1693147 779040 914107 552354 451135 599948 226686 376910 101219 314159 108266 183443 342869 293866 318871 277716 262295 223038 104564 105691 196604 157916 159769 130329 91712 65412 156604 148916 134097 58039
is_linear=0
shrinkage=0.05


Tree=8
num_leaves=31
num_cat=0
split_feature=10 18 10 6 10 18 10 6 18 18 16 19 19 10 6 7 18 18 5 16 16 10 3 19 19 19 18 19 18 16
split_gain=3409.32 1240.95 880.208 809.196 694.977 525.027 473.035 466.798 325.529 536.943 317.56 260.093 227.838 224.46 224.432 205.828 189.513 320.668 160.49 159.616 146.731 140.907 138.25 129.282 204.281 127.912 122.906 118.195 116.961 115.702
threshold=1.0818855762481692 -0.63775861263275135 0.84443482756614696 -2.3899494409561153 1.4086553454399111 -0.67074871063232411 0.89219811558723461 -1.3908125758171079 0.95305636525154125 0.2861058115959168 1.1770428419113161 0.70864605903625499 0.70864605903625499 1.7774003148078921 -1.5664975643157957 -2.7081998586654659 0.94622433185577404 0.39674647152423864 0.0011509587056934836 1.473466753959656 1.2613124251365664 0.69207313656806957 0.00038479316572193062 0.70864605903625499 0.65110388398170482 0.6411133110523225 0.02835773024708033 -0.071932479739189134 0.95037782192230236 1.435781002044678
decision_type=2 2 2 2 2 2 2 2 2 2 2 2 2 2 2 2 2 2 2 2 2 2 2 2 2 2 2 2 2 2
left_child=1 6 14 -2 5 12 18 19 9 22 16 15 25 20 -3 -8 17 -7 23 -4 -6 -16 -9 24 -1 -5 -12 -17 -28 -15
right_child=3 2 7 4 13 10 11 8 -10 -11 26 -13 -14 29 21 27 -18 -19 -20 -21 -22 -23 -24 -25 -26 -27 28 -29 -30 -31
leaf_value=0.0033951196216718939 0.0080048902716055911 0.023844492923780006 0.0089653753626090515 -0.013094097541523559 -0.015276020219288606 -0.0049383041841874094 0.0043672524200141227 0.0080343004980033324 0.010910594283864317 -0.0028705584324461076 0.006325958242180036 -0.024982963151752947 -0.034841349632017071 -0.028672891095121479 0.019451537903898111 -0.0086106224705840961 -0.00062039960130588214 -0.012485244104693795 -0.0041323368607806502 0.023031509729205348 -0.0070842854874328511 0.0096888780541730234 0.00065199963075233134 -0.010066311393786304 0.025282627580056317 0.002527159804095647 -0.0049356613838949575 -0.0035580364957017887 0.0051782656653876161 -0.011962625949287764
leaf_weight=140737 34527 30895 72867 64904 47196 111014 21799 114929 62888 229060 29980 4661 2367 8709 47752 79851 41556 72335 43184 13789 18825 174072 53823 8404 5983 5073 45674 83160 20067 3066
leaf_count=140737 34527 30895 72867 64904 47196 111014 21799 114929 62888 229060 29980 4661 2367 8709 47752 79851 41556 72335 43184 13789 18825 174072 53823 8404 5983 5073 45674 83160 20067 3066
internal_value=-5.42481e-05 0.0014091 0.0025342 -0.00349431 -0.00403619 -0.00318141 -0.000912246 0.00140731 0.00077404 0.000245593 -0.00231329 -0.00269883 -0.00702892 -0.0083539 0.00497489 -0.00240463 -0.00333985 -0.00403084 0.000794723 0.00477405 -0.00721967 0.00441882 0.00238575 0.00154522 0.00189068 -0.00651285 9.87244e-05 -0.00301483 -0.00111118 -0.0147134
internal_weight=1.69315e+06 1.18785e+06 800075 505293 470766 392970 387779 547356 460700 397812 320626 189471 72344 77796 252719 184810 224905 183349 198308 86656 66021 221824 168752 155124 146720 69977 95721 163011 65741 11775
internal_count=1693147 1187854 800075 505293 470766 392970 387779 547356 460700 397812 320626 189471 72344 77796 252719 184810 224905 183349 198308 86656 66021 221824 168752 155124 146720 69977 95721 163011 65741 11775
is_linear=0
shrinkage=0.05


Tree=9
num_leaves=31
num_cat=0
split_feature=9 9 9 19 19 7 6 7 19 18 9 18 18 19 18 19 19 19 18 19 7 9 9 18 19 18 6 20 19 6
split_gain=4286.91 1213.38 757.968 709.753 606.871 417.359 362.288 352.888 332.754 378.436 302.511 274.94 240.591 226.342 434.412 243.812 221.969 200.451 362.09 406.062 217.924 189.914 188.259 176.899 169.822 202.532 151.541 149.807 162.26 140.389
threshold=0.00024509207287337636 0.00013746067997999492 0.00058903728495351981 0.1326885595917702 0.24826665222644809 -2.3744016885757442 -1.2559246420860288 -3.3471587896347041 0.76463845372200023 0.18437977880239489 7.0841619162820293e-05 0.26092512905597692 0.97948506474494945 -0.91792565584182728 -0.2143086493015289 -0.99115538597106922 0.86927726864814769 0.79994463920593273 0.18437977880239489 0.86927726864814769 -0.52625316381454457 0.00018696257029660049 0.00089337458484806131 -0.86493045091629017 0.70864605903625499 -0.67074871063232411 -0.53425890207290638 -0.76942089200019825 0.82535797357559215 -1.1335853934288023
decision_type=2 2 2 2 2 2 2 2 2 2 2 2 2 2 2 2 2 2 2 2 2 2 2 2 2 2 2 2 2 2
left_child=1 10 3 6 23 -6 -2 -5 21 16 -1 -11 17 14 -8 -16 -10 24 19 27 -21 -7 29 -3 -12 -26 -25 -19 -29 -4
right_child=2 4 22 7 5 8 13 -9 9 11 12 -13 -14 -15 15 -17 -18 18 -20 20 -22 -23 -24 26 25 -27 -28 28 -30 -31
leaf_value=0.029814990226005412 0.0033939355751760494 0.00077689154416534238 -0.002729086188019625 0.0063321912728981355 0.0090201131952512333 -0.0029877724828654751 0.013486104204026295 -0.010521738044369212 0.019612160816769576 0.035161529286769626 0.0087412190859208483 0.0051290829486958182 0.029050624547967186 -0.0047886816431929272 0.0031770377834365983 -0.0088046225089144625 -0.0079424192197519068 0.12470629634644637 0.037626334088464809 0.015993284181469093 -0.0006026404364744887 -0.0099272538583889524 -0.016790025520355828 0.01202516445024311 -0.027184030629044145 0.00057921697776612828 0.0056053341712962949 0.0043822368593782026 0.057147951058728524 -0.011481930574100541
leaf_weight=33965 92924 70860 21322 12868 41237 75812 29160 155038 5765 8416 119834 49969 22661 329853 30441 36240 43824 2021 17853 21015 31745 59502 32808 85428 2193 14069 165505 3452 5703 71664
leaf_count=33965 92924 70860 21322 12868 41237 75812 29160 155038 5765 8416 119834 49969 22661 329853 30441 36240 43824 2021 17853 21015 31745 59502 32808 85428 2193 14069 165505 3452 5703 71664
internal_value=-5.64334e-05 0.00235965 -0.00267629 -0.00202251 0.00111097 -0.000571303 -0.00110775 -0.00484795 -0.00135971 0.000710356 0.00511765 0.00343838 0.00449394 -0.00172518 0.000413706 -0.00181236 -0.00250156 0.00398398 0.00594029 0.00418231 0.00234837 -0.00301151 -0.00624434 0.00259841 0.00280831 -0.00198623 0.00322138 0.01284 0.0101202 -0.00509539
internal_weight=1.69315e+06 880829 812318 686524 606318 284525 518618 167906 243288 107974 274511 58385 240546 425694 95841 66681 49589 217885 81789 63936 52760 135314 125794 321793 136096 16262 250933 11176 9155 92986
internal_count=1693147 880829 812318 686524 606318 284525 518618 167906 243288 107974 274511 58385 240546 425694 95841 66681 49589 217885 81789 63936 52760 135314 125794 321793 136096 16262 250933 11176 9155 92986
is_linear=0
shrinkage=0.05


Tree=10
num_leaves=31
num_cat=0
split_feature=9 9 10 10 6 9 6 9 17 19 18 19 19 10 19 16 8 18 10 18 9 18 19 16 10 8 10 18 15 19
split_gain=3872.98 1105.43 1010.3 682.216 413.23 407.59 359.325 328.365 305.171 288.845 422.386 269.981 223.81 213.606 193.596 192.116 176.777 175.472 175.577 173.543 308.234 165.095 164.595 157.112 151.811 142.784 138.953 134.034 135.329 128.027
threshold=0.00024509207287337636 0.0001465181267121807 1.1731162667274477 0.98387977480888378 -0.66168558597564686 0.0007489442068617792 -1.2780820131301878 9.7269094112562029e-05 1.065479099750519 -0.92304024100303639 -0.29862368106842035 -0.7589854598045348 0.24826665222644809 0.89405435323715221 0.23556562513113025 1.2482694983482363 -6.6132924556732169 0.95305636525154125 0.79213145375251781 0.093673683702945723 0.00037740665720775729 0.1326885595917702 0.78396254777908336 1.0105191469192507 0.87875959277153026 -5.5121369361877433 1.1692373752593996 -0.85828685760498036 0.38772730529308325 0.80773079395294201
decision_type=2 2 2 2 2 2 2 2 2 2 2 2 2 2 2 2 2 2 2 2 2 2 2 2 2 2 2 2 2 2
left_child=1 7 4 12 15 6 -4 16 14 10 -8 19 27 -13 -5 -2 -1 18 -9 20 -6 -12 25 -20 -21 -14 -10 -3 -29 -18
right_child=2 3 5 8 11 -7 9 17 26 -11 21 13 22 -15 -16 -17 29 -19 23 24 -22 -23 -24 -25 -26 -27 -28 28 -30 -31
leaf_value=0.038706794300537743 -0.000615060148265656 0.0032744360422064748 -0.0008777075225651521 -0.0018475092315822228 0.011333262083485196 -0.018176294317137132 0.021370795985811028 0.014690454581939683 0.005228232227309948 -0.013208762786015366 -0.0054025314925947093 -0.0028886257277081274 0.010711918119112119 -0.0083505505493754583 -0.0093861843173164324 0.0080497529198239725 0.011486211994767504 0.018909190302624914 0.00095704818323593126 0.0048360964595946972 -0.0029062533033804242 -0.019666049697905821 0.0087160402956951606 0.0096262683141996944 -0.0091275203623597031 -0.0025279718404205621 -0.0028127581573789973 0.018871109704715762 0.0090125120812422198 0.024912359104448268
leaf_weight=11478 147769 50307 39747 62161 31373 27699 8020 49515 70229 107552 18115 103595 13043 186208 63152 35347 45429 35792 76542 10519 55670 5904 46706 60313 34800 75501 49088 29589 98454 43530
leaf_count=11478 147769 50307 39747 62161 31373 27699 8020 49515 70229 107552 18115 103595 13043 186208 63152 35347 45429 35792 76542 10519 55670 5904 46706 60313 34800 75501 49088 29589 98454 43530
internal_value=-5.78509e-05 0.00223863 -0.00254802 0.000892105 -0.00151673 -0.00556302 -0.00469114 0.00456868 -0.00108695 -0.00588541 -0.00171822 -0.00237715 0.00243591 -0.00323168 -0.00281016 0.000466917 0.00694117 0.0034961 0.00288029 -0.000506188 0.000800179 -0.0050356 0.000902033 0.00195718 -0.00301529 -0.00036479 0.000722864 0.0035991 0.00445827 0.00618768
internal_weight=1.69315e+06 880829 812318 558230 605281 207037 179338 322599 244630 139591 32039 422165 313600 289803 125313 183116 100437 222162 186370 132362 87043 24019 135250 136855 45319 88544 119317 178350 128043 88959
internal_count=1693147 880829 812318 558230 605281 207037 179338 322599 244630 139591 32039 422165 313600 289803 125313 183116 100437 222162 186370 132362 87043 24019 135250 136855 45319 88544 119317 178350 128043 88959
is_linear=0
shrinkage=0.05


Tree=11
num_leaves=31
num_cat=0
split_feature=9 10 10 11 6 9 9 10 6 18 10 18 18 6 9 18 9 6 18 18 18 9 10 6 18 10 10 11 17 6
split_gain=3525.64 1300.75 694.96 502.371 481.059 364.596 359.752 287.205 252.45 246.376 247.347 236.415 228.165 175.465 169.203 151.71 162.515 144.927 142.542 259.196 157.664 141.629 141.42 135.974 145.445 135.846 112.911 110.2 101.091 100.695
threshold=0.00020407088595675307 1.1370719671249392 0.84443482756614696 0.9615999460220338 -0.66168558597564686 0.00070484689786098908 0.00011830384028144182 0.88250398635864269 -2.3899494409561153 0.96304282546043407 1.0981077551841738 -0.7238691747188567 -0.71477618813514698 -1.2143921852111814 7.7547047112602754e-05 0.26092512905597692 0.00058903728495351981 -2.8466436862945552 0.62080430984497081 -0.56820151209831227 -0.70556074380874623 0.00034749765472952282 1.4086553454399111 -1.414648652076721 0.95305636525154125 0.9215141534805299 1.6374445557594302 2.4694588184356694 0.94391253590583812 -1.322481036186218
decision_type=2 2 2 2 2 2 2 2 2 2 2 2 2 2 2 2 2 2 2 2 2 2 2 2 2 2 2 2 2 2
left_child=2 4 14 5 12 22 23 -6 -5 10 18 -9 -2 -12 -1 16 -13 -14 19 20 -8 -17 28 -4 -25 -19 -7 -10 -3 -16
right_child=1 3 6 8 7 26 9 11 27 -11 13 15 17 -15 29 21 -18 25 -20 -21 -22 -23 -24 24 -26 -27 -28 -29 -30 -31
leaf_value=0.025982802283991857 -0.0020000151110548927 -0.012648224205991411 0.024399517642052299 0.0079088879359790476 0.00010583458042559557 -0.016922482409089546 0.00055862877860107796 -0.0084607738000172083 -0.0066770067720467677 0.010514940658121436 0.0048503528286116928 0.0017576138207249905 0.018755716479592149 -0.0071649260410461607 0.018490419748385379 -0.0038452757325088574 -0.008937923030525553 0.0092206337599214823 -0.0018486688648480798 0.0092142427940227652 -0.016971502569046028 -0.010575759711495615 -0.014443274285095276 0.0062957257438414245 0.02653909620063262 0.0015371842496215982 -0.029150637402887394 0.01038011799972456 -0.0069525566257633955 0.01064456771059118
leaf_weight=30368 77586 45497 17090 14620 172870 16671 59986 99622 105018 53842 15920 83100 9460 57848 32519 115587 17651 49936 60407 89297 5106 33125 31628 61022 12746 89042 5163 4446 66243 159731
leaf_count=30368 77586 45497 17090 14620 172870 16671 59986 99622 105018 53842 15920 83100 9460 57848 32519 115587 17651 49936 60407 89297 5106 33125 31628 61022 12746 89042 5163 4446 66243 159731
internal_value=-6.29892e-05 -0.00187729 0.0028063 -0.00472439 -0.000776158 -0.00653019 0.00163965 -0.00161058 -0.0023202 0.000897473 0.000318127 -0.00243594 0.00115076 -0.00217981 0.00507686 -0.00161367 -0.000115632 0.00229928 0.001176 0.00198168 -0.00041787 -0.00262857 -0.00561353 0.00443659 0.00350559 0.00189167 -0.0125492 -0.00314441 -0.00477806 0.004529
internal_weight=1.69315e+06 1.03726e+06 655882 289286 747979 165202 433264 521955 124084 342406 288564 349085 226024 73768 222618 249463 100751 148438 214796 154389 65092 148712 143368 90858 73768 138978 21834 109464 111740 192250
internal_count=1693147 1037265 655882 289286 747979 165202 433264 521955 124084 342406 288564 349085 226024 73768 222618 249463 100751 148438 214796 154389 65092 148712 143368 90858 73768 138978 21834 109464 111740 192250
is_linear=0
shrinkage=0.05


Tree=12
num_leaves=31
num_cat=0
split_feature=9 10 10 11 6 9 18 18 18 10 6 10 17 18 6 18 18 7 10 9 18 10 7 17 9 18 18 16 18 18
split_gain=3189.81 912.534 840.777 455.73 399.244 336.302 330.816 347.244 330.583 327.509 323.835 275.399 207.331 207.174 202.21 192.673 180.698 180.659 167.567 167.537 165.207 161.807 157.194 153.591 143.623 131.967 280.715 127.243 119.9 197.643
threshold=0.00024509207287337636 0.95209535956382763 1.0844338536262514 0.98831695318222057 -1.8635706901550291 9.7269094112562029e-05 -0.56820151209831227 -0.50941574573516835 -0.70556074380874623 1.6374445557594302 -1.6508749127387998 1.1979371905326845 1.2930358648300173 -0.7238691747188567 -2.3899494409561153 0.39674647152423864 0.96304282546043407 -2.621511578559875 0.76504608988761913 0.00056861486518755566 0.78666386008262645 0.95209535956382763 -3.1046380996704097 1.2555850148200991 0.00058903728495351981 -0.01963364519178867 -0.68039956688880909 1.473466753959656 0.9556623399257661 0.52435624599456798
decision_type=2 2 2 2 2 2 2 2 2 2 2 2 2 2 2 2 2 2 2 2 2 2 2 2 2 2 2 2 2 2
left_child=1 5 10 9 27 22 8 -8 -6 19 -2 12 28 21 -5 24 17 -7 -19 25 -17 -12 -1 -20 -15 26 -4 -3 29 -9
right_child=2 4 3 14 6 16 7 11 -10 -11 13 -13 -14 15 -16 20 -18 18 23 -21 -22 -23 -24 -25 -26 -27 -28 -29 -30 -31
leaf_value=0.039182864388816088 0.0056808132229472681 0.0072956761947091499 -0.012113572800332552 0.0070166211734516209 -0.0051884834519185137 0.014598108680859485 0.049514880016366204 0.0027315272707961525 -0.025955137200319778 -0.021871869959135988 -0.0034953834269890517 -0.0053696915373660451 0.0094521717075350953 0.0029914553589865281 -0.0053033533436283925 -0.0071186623550364928 0.017835372359467801 0.011141379573497135 0.0027200676937845394 -0.013896940490304639 -3.6569920501716703e-06 -0.0092037417140801488 0.016531534522408544 0.013131760193921805 -0.0056269780653303188 -0.010697224603092172 0.0015888859771906795 0.022768915164820214 0.0074826976044718224 -0.0058874880743067575
leaf_weight=8669 51641 32914 23014 14822 60311 42166 5192 71445 5528 13304 113757 69516 54273 116795 112352 77534 34402 81327 224084 37112 59242 53673 67509 25599 26792 83183 29097 11099 31618 55177
leaf_count=8669 51641 32914 23014 14822 60311 42166 5192 71445 5528 13304 113757 69516 54273 116795 112352 77534 34402 81327 224084 37112 59242 53673 67509 25599 26792 83183 29097 11099 31618 55177
internal_value=-6.21033e-05 0.00202202 -0.002322 -0.00435433 0.000245673 0.00348006 -0.000314111 0.000418667 -0.00351084 -0.00593344 -0.00104879 0.000182783 0.0010764 -0.00148115 -0.00204837 -0.00065005 0.00291012 0.00259047 0.00219782 -0.00535016 -0.00199304 -0.00287284 0.00652944 0.00155577 0.000629235 -0.00453383 -0.00256088 0.0047361 0.00016178 -0.000525975
internal_weight=1.69315e+06 880829 812318 312884 397073 483756 353060 287221 65839 185710 499434 282029 212513 447793 127174 280363 407578 373176 331010 172406 136776 167430 76178 249683 143587 135294 52111 44013 158240 126622
internal_count=1693147 880829 812318 312884 397073 483756 353060 287221 65839 185710 499434 282029 212513 447793 127174 280363 407578 373176 331010 172406 136776 167430 76178 249683 143587 135294 52111 44013 158240 126622
is_linear=0
shrinkage=0.05


Tree=13
num_leaves=31
num_cat=0
split_feature=9 10 9 10 19 6 9 10 19 18 6 17 19 19 18 19 9 8 18 18 18 20 18 18 17 6 19 19 19 18
split_gain=2886.56 1042.38 612.72 459.581 438.491 411.522 341.577 336.067 238.916 436.813 234.374 233.571 191.78 205.52 197.593 252.987 184.785 181.648 167.438 155.318 249.824 190.214 152.559 150.309 144.319 135.061 132.462 130.273 129.287 128.987
threshold=0.00020967320597264918 1.1692373752593996 0.00010683035361580552 0.95209535956382763 -0.90722548961639393 -1.5929541587829588 0.0007489442068617792 0.90514567494392406 -0.92304024100303639 -0.29862368106842035 -1.0746573209762571 0.90788948535919201 0.23556562513113025 0.78396254777908336 0.17149884253740313 0.96304282546043407 0.0002741916105151177 -6.6132924556732169 0.11970336735248567 -0.59306621551513661 -0.50941574573516835 -0.76942089200019825 -0.49052239954471583 0.98120620846748363 1.0608727335929873 -1.9363938570022581 0.1326885595917702 0.1326885595917702 0.82535797357559215 0.94336524605751049
decision_type=2 2 2 2 2 2 2 2 2 2 2 2 2 2 2 2 2 2 2 2 2 2 2 2 2 2 2 2 2 2
left_child=2 4 17 12 -2 -3 8 25 9 -7 -9 -5 -4 -14 22 -16 27 -1 -11 -19 21 -21 28 -22 -10 -6 -18 -12 -15 -13
right_child=1 5 3 11 7 6 -8 10 24 18 16 29 13 14 15 -17 26 19 -20 20 23 -23 -24 -25 -26 -27 -28 -29 -30 -31
leaf_value=0.031771702808275459 0.004169101941173925 -0.00020736676429191083 0.011594908680865813 -0.0036464734625665908 0.010511186017309404 0.021875345352371778 -0.017818163460208682 -3.1413401639757144e-05 -0.014459735207867253 -0.0041612613053042978 0.00042905226277411559 0.0012890323349444067 0.0015071591423786168 0.0083016541924398231 0.013709764773138967 0.059832392233931622 -0.0061895669271566983 0.003502442103705922 -0.016782766629310799 0.16694047871651937 0.012028922701291312 0.037517892181222479 -0.0007703264951848366 0.038114874684269641 -0.0089374634737742816 -0.00049845141192391698 -0.011134012625590439 -0.0065891930083495755 0.069745176548855814 0.0099800526800540197
leaf_weight=14646 121724 41490 132533 105817 15309 9078 21782 87962 47345 21169 60394 112250 110642 3738 21817 5779 158128 25476 7987 1262 77056 6971 23239 8605 92392 229447 44990 45606 1922 36591
leaf_count=14646 121724 41490 132533 105817 15309 9078 21782 87962 47345 21169 60394 112250 110642 3738 21817 5779 158128 25476 7987 1262 77056 6971 23239 8605 92392 229447 44990 45606 1922 36591
internal_value=-7.06672e-05 -0.0017794 0.00242364 0.00169015 -0.000874195 -0.00464449 -0.00558565 -0.001396 -0.00486231 -0.00136005 -0.00229425 0.000128408 0.00301732 0.00189096 0.00434463 0.00737063 -0.00294224 0.00545756 -0.00434216 0.00481277 0.00575223 0.0140714 0.00145507 0.00495266 -0.00582058 6.12855e-05 -0.00382536 -0.00125 0.00881625 0.00140519
internal_weight=1.69315e+06 1.0048e+06 688344 554328 763560 241243 199753 641836 177971 38234 397080 254658 299670 167137 56495 27596 309118 134016 29156 119370 93894 8233 28899 85661 139737 244756 203118 106000 5660 148841
internal_count=1693147 1004803 688344 554328 763560 241243 199753 641836 177971 38234 397080 254658 299670 167137 56495 27596 309118 134016 29156 119370 93894 8233 28899 85661 139737 244756 203118 106000 5660 148841
is_linear=0
shrinkage=0.05


Tree=14
num_leaves=31
num_cat=0
split_feature=9 9 19 9 7 6 19 19 19 18 19 19 18 19 18 19 9 18 8 18 7 7 18 18 19 6 19 18 18 18
split_gain=2623.55 842.749 747.562 455.811 394.778 282.618 295.055 258.492 246.252 520.779 232.471 282.119 391.98 380.585 378.655 214.033 196.52 204.74 192.894 188.51 182.467 166.871 161.679 161.237 261.976 153.214 153.203 147.986 135.793 227.584
threshold=0.00019269169570179659 0.00040206861740443861 0.1326885595917702 9.7269094112562029e-05 -3.0494977235794063 -1.6784574985504148 0.46754305064678198 0.78396254777908336 -0.91792565584182728 -0.2143086493015289 0.23556562513113025 0.78396254777908336 0.18437977880239489 0.86927726864814769 0.26092512905597692 -0.99280729889869679 0.00066862133098766219 -0.028357730247080323 -4.9931180477142325 -0.7238691747188567 -4.1036934852600089 -2.7081998586654659 -0.34816221892833704 0.17149884253740313 0.86927726864814769 -0.36816385388374323 0.82535797357559215 0.26092512905597692 -0.59306621551513661 -0.49052239954471583
decision_type=2 2 2 2 2 2 2 2 2 2 2 2 2 2 2 2 2 2 2 2 2 2 2 2 2 2 2 2 2 2
left_child=3 2 8 20 -4 -3 16 18 9 -2 -5 -12 13 26 -14 -11 17 19 -6 -7 -1 -15 -23 24 -9 -10 -13 -25 -22 -30
right_child=1 5 4 10 7 6 -8 23 25 15 11 12 14 21 -16 -17 -18 -19 -20 -21 28 22 -24 27 -26 -27 -28 -29 29 -31
leaf_value=0.046763212560391912 0.024069552077768355 0.00039292320621643341 0.0072701340181108914 0.0087065201306157809 0.00059568582944422022 -0.007068973039953597 -0.015521691378853487 0.028740447691379623 0.0023067554199330989 0.0085797782306543113 -0.00042269313053769353 0.0074166660601604709 0.046998716769909368 0.014996744280449115 0.010384773350503996 -0.0020585097923330855 -0.010583749129889153 -0.010911615241556994 -0.010466536100663632 -0.00062753963416323786 0.0042117290648358676 -0.020348417758217399 -0.002097865059752907 0.018891051395445335 -0.010720580523703688 -0.0020079538861878465 0.055305468907993732 -0.0016882185554852271 0.052107380845906028 0.015381487306235965
leaf_weight=5430 24554 41241 23502 191324 16130 65433 31857 2481 149450 40471 172070 5342 11671 7437 36602 62608 64073 44363 121512 79962 20689 4522 53548 6663 32240 238414 6156 59084 7907 66411
leaf_count=5430 24554 41241 23502 191324 16130 65433 31857 2481 149450 40471 172070 5342 11671 7437 36602 62608 64073 44363 121512 79962 20689 4522 53548 6663 32240 238414 6156 59084 7907 66411
internal_value=-7.25572e-05 -0.00151027 -0.000614264 0.00262184 -0.00279116 -0.00364009 -0.00419864 -0.00340137 0.000490498 0.00239554 0.00199132 0.00111654 0.0029215 0.000707097 0.00645392 0.000836737 -0.00362938 -0.00282096 -0.00480885 -0.00191375 0.00568964 -0.000765567 -0.00166868 -0.00147311 -0.00422943 -0.000136388 0.00909723 -1.74913e-05 0.00518014 0.00617751
internal_weight=1.69315e+06 1.10404e+06 777109 589109 261612 326929 285688 238110 515497 127633 488672 297348 125278 77005 48273 103079 253831 189758 137642 145395 100437 65507 58070 100468 34721 387864 11498 65747 95007 74318
internal_count=1693147 1104038 777109 589109 261612 326929 285688 238110 515497 127633 488672 297348 125278 77005 48273 103079 253831 189758 137642 145395 100437 65507 58070 100468 34721 387864 11498 65747 95007 74318
is_linear=0
shrinkage=0.05


Tree=15
num_leaves=31
num_cat=0
split_feature=9 9 9 19 19 7 16 6 18 18 19 18 19 18 18 19 18 7 19 18 19 18 9 18 19 9 18 18 18 20
split_gain=2413.94 718.82 518.26 495.091 400.913 304.666 277.577 245.837 240.115 442.503 238.915 248.001 221.066 308.52 209.21 179.767 177.272 186.309 185.451 235.472 163.013 221.636 154.841 147.755 180.528 142.329 137.382 135.823 131.999 126.917
threshold=0.00024509207287337636 0.0001465181267121807 0.00058903728495351981 0.1326885595917702 0.23556562513113025 -1.854475677013397 1.0878406763076784 -2.515454769134521 -0.59306621551513661 -0.50941574573516835 0.69934985041618358 -0.7589854598045348 0.76463845372200023 0.18437977880239489 0.26092512905597692 0.82535797357559215 -0.071932479739189134 -0.52625316381454457 0.79202145338058483 0.9556623399257661 0.98203879594802868 0.27353890240192419 7.4391035013832165e-05 0.067579798400402083 -0.6867687702178954 0.0011624655453488233 -0.86493045091629017 -0.65770241618156422 0.61048936843872081 -0.76942089200019825
decision_type=2 2 2 2 2 2 2 2 2 2 2 2 2 2 2 2 2 2 2 2 2 2 2 2 2 2 2 2 2 2
left_child=1 8 3 6 26 28 -2 -5 10 15 11 -1 -7 -14 -15 29 17 -11 19 -18 21 -20 -22 24 -8 -4 -3 -12 -6 -10
right_child=2 4 25 7 5 12 23 -9 9 16 27 -13 13 14 -16 -17 18 -19 20 -21 22 -23 -24 -25 -26 -27 -28 -29 -30 -31
leaf_value=0.0036049756170574154 -0.0030808327951396541 -0.00032342552856954313 -0.0079740481324750978 0.0096665835693293574 0.0098803656430949804 -0.0062622633911178288 0.0099439323726516655 -0.0081153924016984288 0.083217008155503591 0.012678420146795722 -0.020383731278630801 0.031268179998695612 -0.006550662411620895 0.031318481527933241 0.0036748759611793303 0.069469940548526996 0.0047932556261808812 -0.003955172816225822 0.05847064614798643 0.018950959178110429 0.038456955482100486 0.017095579989141612 0.0078962548628632497 -0.0013257523152021334 -0.00066961317882901497 -0.01662939178666184 0.0060753596576616446 -0.0021308496474262252 -0.0021178658840190156 0.004959709381426692
leaf_weight=51359 353808 65575 112702 7537 35045 115268 52353 160369 925 16305 5539 7355 40158 6864 43550 8937 83248 26482 9402 46118 7899 14310 28627 75773 36684 13092 234782 11862 16988 4231
leaf_count=51359 353808 65575 112702 7537 35045 115268 52353 160369 925 16305 5539 7355 40158 6864 43550 8937 83248 26482 9402 46118 7899 14310 28627 75773 36684 13092 234782 11862 16988 4231
internal_value=-7.11988e-05 0.00174183 -0.00203713 -0.00149652 0.000656002 -0.000790118 -0.000732524 -0.00385632 0.00362075 0.00437878 0.001166 0.00269101 -0.0016542 0.000194321 0.00279883 0.0129816 0.00385708 0.000950055 0.00451309 0.00344604 0.00680467 0.0100329 0.00470897 0.00096232 0.00234341 -0.00498752 0.00189758 -0.00397966 0.00262814 0.00554694
internal_weight=1.69315e+06 880829 812318 686524 558230 257873 518618 167906 322599 246484 76115 58714 205840 90572 50414 14093 232391 42787 189604 129366 60238 23712 36526 164810 89037 125794 300357 17401 52033 5156
internal_count=1693147 880829 812318 686524 558230 257873 518618 167906 322599 246484 76115 58714 205840 90572 50414 14093 232391 42787 189604 129366 60238 23712 36526 164810 89037 125794 300357 17401 52033 5156
is_linear=0
shrinkage=0.05


Tree=16
num_leaves=31
num_cat=0
split_feature=9 10 10 16 19 18 6 6 6 10 10 7 9 19 18 18 18 10 10 19 19 10 18 19 10 20 18 9 19 19
split_gain=2180.05 794.034 657.243 386.051 330.317 341.454 255.851 249.441 241.786 232.186 222.743 219.693 218.557 212.648 210.619 181.641 179.96 173.347 154.244 153.461 153.084 149.675 144 183.748 136.882 134.607 133.164 204.051 130.821 187.248
threshold=0.00025755148089956498 0.87689021229743969 1.0981077551841738 1.0105191469192507 -0.91792565584182728 -0.28192219138145441 -2.053595662117004 -1.9363938570022581 -2.515454769134521 1.0951808691024782 1.3956301808357241 -2.6651744842529292 0.00041411629354115581 0.44424325227737432 -0.7238691747188567 -0.60355451703071583 0.94622433185577404 1.1438367962837221 0.90698602795600902 -0.99115538597106922 0.69934985041618358 0.71592345833778392 -0.49052239954471583 0.82535797357559215 0.94470804929733287 -0.76942089200019825 0.067579798400402083 0.00040988734690472489 0.80773079395294201 0.46754305064678198
decision_type=2 2 2 2 2 2 2 2 2 2 2 2 2 2 2 2 2 2 2 2 2 2 2 2 2 2 2 2 2 2
left_child=1 11 6 9 5 12 -2 -5 -6 16 -10 -1 -4 14 24 20 28 -9 -16 -7 -13 -22 23 25 -8 -17 27 -20 29 -3
right_child=2 3 4 7 8 19 13 17 10 -11 -12 15 -14 -15 18 22 -18 -19 26 -21 21 -23 -24 -25 -26 -27 -28 -29 -30 -31
leaf_value=0.019011022691539339 0.0075589312565169098 -8.8837009166131697e-05 0.034276599361611683 0.013150224620974371 0.0028924091013225687 1.2411811592566436e-05 -0.0021900321548724679 0.004751353817886184 -0.0083798447513989734 -0.0060168505750185959 -0.013908211659508242 0.0049404493670599185 0.00087792397359161007 -0.0075938358715757883 0.004596749834170028 0.0719919828923542 0.0098115675831411675 -0.0023586656996366197 0.010467922096092264 -0.010194006243001041 0.0019462141581725212 -0.01971486514848042 0.0096231449298673118 0.069039236581736871 -0.0076750371437039784 0.0025099766322631833 -0.0042809075228805726 -0.0026376575228726109 0.0044989378258343702 -0.0082010795388851154
leaf_weight=39560 28272 109255 7283 36920 13440 20624 100022 176705 155230 94373 45318 80778 11142 62644 79550 1217 31837 61272 24483 24720 7488 5675 200475 3974 56059 5184 81748 41430 42666 43803
leaf_count=39560 28272 109255 7283 36920 13440 20624 100022 176705 155230 94373 45318 80778 11142 62644 79550 1217 31837 61272 24483 24720 7488 5675 200475 3974 56059 5184 81748 41430 42666 43803
internal_value=-7.22028e-05 0.00153148 -0.00207942 0.000428346 -0.00401088 -0.000852295 -0.000948107 0.00180449 -0.00495215 -0.000746737 -0.00538724 0.00344343 0.00488738 -0.00124054 -0.00079913 0.00298844 0.00011799 0.00121125 0.000172307 -0.00318454 0.00115977 -0.00384031 0.00380318 0.00954699 -0.00221327 0.00430401 -0.00078389 0.000888292 -0.000449102 -0.0011316
internal_weight=1.69315e+06 941182 751965 596831 277757 63769 474208 274897 213988 321934 200548 344351 18425 445936 383292 304791 227561 237977 227211 45344 93941 13163 210850 10375 156081 6401 147661 65913 195724 153058
internal_count=1693147 941182 751965 596831 277757 63769 474208 274897 213988 321934 200548 344351 18425 445936 383292 304791 227561 237977 227211 45344 93941 13163 210850 10375 156081 6401 147661 65913 195724 153058
is_linear=0
shrinkage=0.05


Tree=17
num_leaves=31
num_cat=0
split_feature=9 10 10 11 6 16 6 9 18 18 10 16 6 18 18 10 18 10 17 18 18 9 18 10 11 10 9 18 11 6
split_gain=1995.04 971.757 429.603 385.19 379.559 241.784 229.888 229.817 200.364 345.485 186.872 183.597 136.633 136.593 140.791 127.458 125.411 124.952 145.337 118.134 134.279 113.876 111.374 108.32 106.498 103.034 99.3611 93.6813 91.0064 83.3871
threshold=0.00019269169570179659 1.1370719671249392 0.84662991762161266 0.70993497967720043 -0.66168558597564686 1.1156406998634341 -1.2780820131301878 0.00034749765472952282 -0.59306621551513661 -0.70556074380874623 1.6374445557594302 1.2422586083412173 -0.72463834285736073 -0.50941574573516835 0.96535655856132518 0.95209535956382763 -0.71477618813514698 0.77789893746376049 0.7939574420452119 0.58954745531082164 -0.34816221892833704 7.0841619162820293e-05 -0.7589854598045348 1.0457211136817934 2.4694588184356694 0.90698602795600902 0.00042264873627573257 -0.59306621551513661 1.8103805184364321 -1.7992253899574278
decision_type=2 2 2 2 2 2 2 2 2 2 2 2 2 2 2 2 2 2 2 2 2 2 2 2 2 2 2 2 2 2
left_child=2 4 21 10 11 8 28 17 9 22 -3 16 -7 -10 19 -9 -2 -6 -19 20 -15 27 -4 -22 26 -18 -8 -1 -5 -23
right_child=1 3 5 6 7 12 24 15 13 -11 -12 -13 -14 14 -16 -17 25 18 -20 -21 23 29 -24 -25 -26 -27 -28 -29 -30 -31
leaf_value=0.0057437351215339555 -0.002235532132169077 -0.010347396319169699 -0.0040739246262152199 -0.00090019491355918251 0.0054626329025680214 0.012819751162038085 -0.0055244170581708165 -0.0027006022076877692 0.031675157358078292 -0.023152259443876357 -0.020845792549822495 0.0088022042650135364 0.0047103102860095118 -0.015793960902121464 0.010297256204623373 -0.0072896660717031497 0.0083561075981598339 -0.004385451430027709 0.00022009741168983467 -0.0034794649514559685 0.0076152549284788928 0.018572698718017189 0.015763440651982732 -0.00097633955540968884 0.010759075693893934 0.00093014197018357345 -0.0095945112421289783 0.030793806870689312 0.01106522119280598 0.0090871595892518028
leaf_weight=6076 69828 88247 43803 43049 41064 46335 97725 107116 5022 5888 8968 47883 87759 3765 35552 95780 42323 117319 198754 55867 53360 19019 4891 36411 3874 82729 51057 16740 8322 168621
leaf_count=6076 69828 88247 43803 43049 41064 46335 97725 107116 5022 5888 8968 47883 87759 3765 35552 95780 42323 117319 198754 55867 53360 19019 4891 36411 3874 82729 51057 16740 8322 168621
internal_value=-7.14941e-05 -0.00132523 0.0022781 -0.00374682 -0.000416544 0.00127148 -0.00251266 -0.00113234 0.000335911 -0.0023341 -0.00633699 0.00123474 0.00297776 0.00110303 0.000882106 -0.00247615 0.000553161 -0.000368906 -0.000706008 0.000209166 0.00129576 0.00408922 -0.000950836 0.00168373 -0.00348627 0.00150098 -0.00369937 0.00742461 0.000380565 0.00368365
internal_weight=1.69315e+06 1.10404e+06 589109 301242 802796 378653 204027 560033 244559 54582 97215 242763 134094 189977 184955 202896 194880 357137 316073 149403 93536 210456 48694 89771 152656 125052 148782 22816 51371 187640
internal_count=1693147 1104038 589109 301242 802796 378653 204027 560033 244559 54582 97215 242763 134094 189977 184955 202896 194880 357137 316073 149403 93536 210456 48694 89771 152656 125052 148782 22816 51371 187640
is_linear=0
shrinkage=0.05


Tree=18
num_leaves=31
num_cat=0
split_feature=9 9 19 8 9 6 19 19 18 18 19 9 18 18 19 18 19 19 18 18 19 7 19 7 18 18 18 18 19 18
split_gain=1805.72 695.167 544.584 339.784 311.964 297.273 312.533 282.012 223.193 239.804 198.702 185.399 201.956 238.459 183.102 410.636 168.725 205.956 309.023 285.992 277.64 157.929 149.826 139.439 141.566 121.318 111.326 107.278 104.197 102.772
threshold=0.00018119377637049186 0.00034749765472952282 0.1326885595917702 -4.9931180477142325 9.7269094112562029e-05 -1.6508749127387998 0.46754305064678198 0.78396254777908336 0.19722913205623629 0.26092512905597692 0.86927726864814769 0.00066862133098766219 -0.010908065363764761 -0.7238691747188567 -0.90722548961639393 -0.2143086493015289 0.23556562513113025 0.78396254777908336 0.18437977880239489 0.26092512905597692 0.86927726864814769 -4.1036934852600089 -0.99115538597106922 -4.0008502006530753 -0.34816221892833704 0.79467767477035534 0.77851521968841564 0.38469719886779791 0.82535797357559215 -0.87142586708068837
decision_type=2 2 2 2 2 2 2 2 2 2 2 2 2 2 2 2 2 2 2 2 2 2 2 2 2 2 2 2 2 2
left_child=4 2 14 27 21 -3 11 29 10 -10 -9 12 13 -7 15 -2 -6 -18 20 -20 28 -1 -17 -22 -25 -16 -14 -4 -19 -5
right_child=1 5 3 7 16 6 -8 8 9 -11 -12 -13 26 -15 25 22 17 18 19 -21 23 -23 -24 24 -26 -27 -28 -29 -30 -31
leaf_value=0.042062880977218955 0.024856323229145483 0.0012372777670257241 0.010547569944701574 -0.0041111971390479845 0.0081982511096980407 -0.0056731623130103388 -0.012696638072628398 0.025626120966309635 0.030935465455729907 0.00039103293410397422 -0.0092528569629478415 -0.0089449521302819909 -0.011550264372499876 0.00097708286115664187 -0.001104951235422197 0.0085139386448218231 -0.0004259113052040187 0.0066659851447502527 0.0439321380017502 0.0097823239896178815 0.028562410252692318 0.012569105788569457 -0.00075842619885241888 -0.018168070146057692 -0.0010309106175470874 0.0032711630948300766 -0.0047322619147691985 -0.00092692656756148133 0.049088611716348179 -0.0096958666699504988
leaf_weight=5430 19553 55867 20133 39565 156400 94552 48152 2358 5422 56483 34988 63753 38831 100821 207924 41620 152845 5141 10526 30441 2326 95007 61252 4416 53383 129120 38282 18094 5852 94610
leaf_count=5430 19553 55867 20133 39565 156400 94552 48152 2358 5422 56483 34988 63753 38831 100821 207924 41620 152845 5141 10526 30441 2326 95007 61252 4416 53383 129120 38282 18094 5852 94610
internal_value=-7.64553e-05 -0.00116623 -0.00022103 -0.00199574 0.00237012 -0.0027359 -0.00323122 -0.00271135 -0.000690673 0.00115096 -0.00374337 -0.00269169 -0.00212378 -0.0012686 0.000828239 0.00248438 0.00177319 0.00100442 0.00263238 0.00609149 0.000639782 0.0048742 0.00122191 -0.00069605 -0.00117909 0.000226677 -0.00429046 0.00237398 0.00794597 -0.00420607
internal_weight=1.69315e+06 1.17138e+06 731122 271653 521767 440258 384391 233426 99251 61905 37346 336239 272486 195373 459469 122425 421330 264930 112085 40967 71118 100437 102872 60125 57799 337044 77113 38227 10993 134175
internal_count=1693147 1171380 731122 271653 521767 440258 384391 233426 99251 61905 37346 336239 272486 195373 459469 122425 421330 264930 112085 40967 71118 100437 102872 60125 57799 337044 77113 38227 10993 134175
is_linear=0
shrinkage=0.05


Tree=19
num_leaves=31
num_cat=0
split_feature=10 9 16 10 10 6 16 9 16 9 19 8 19 19 19 10 19 16 20 11 10 9 19 20 6 11 6 9 19 10
split_gain=1702.19 774.577 541.814 448.705 273.901 215.787 215.489 213.222 206.153 189.578 144.608 137.448 134.325 125.188 284.547 123.366 116.925 103.675 99.9618 92.9152 94.2206 92.7841 93.1318 87.0678 84.3563 81.5066 81.2623 76.0809 75.8447 75.8416
threshold=1.0344860553741457 0.00023608052288182083 1.2026251554489138 1.2963936924934389 0.77480906248092662 -1.0556558966636655 1.1632321476936343 0.0007489442068617792 1.4015987515449526 0.00031170174770522868 -0.70556074380874623 -3.8724954128265376 0.42063900828361517 0.26092512905597692 0.78396254777908336 0.87505215406417858 0.78396254777908336 0.60326346755027782 -0.76942089200019825 2.4694588184356694 1.4086553454399111 0.00014777659816900271 0.98035496473312389 -1.0000000180025095e-35 -0.29493051767349238 1.8103805184364321 -1.1530777215957639 0.00010321946319891141 0.69934985041618358 1.5913242697715761
decision_type=2 2 2 2 2 2 2 2 2 2 2 2 2 2 2 2 2 2 2 2 2 2 2 2 2 2 2 2 2 2
left_child=1 4 3 9 -1 25 12 26 11 17 -11 -6 15 -13 28 -3 -14 -2 21 20 -7 22 -16 -19 -17 -4 -5 -25 -15 -28
right_child=2 6 5 7 8 19 -8 -9 -10 10 -12 13 16 14 18 24 -18 23 -20 -21 -22 -23 -24 27 -26 -27 29 -29 -30 -31
leaf_value=0.011705293300834852 -0.0080343516326525366 0.0014786252731935124 0.0030936456540014757 -0.0038418362161817821 0.0081933384947602602 -0.0016139710138712016 0.0040826675784265635 -0.017288606805298323 0.01207570822114501 -0.0036626301154094377 -0.0090428355034554205 0.0047344641956122762 -0.0097716573644471075 -0.0024952128639880835 0.068660869904798902 -1.952361234425215e-05 -0.0014334869938551599 0.0012797833209084342 0.0044113268076596051 0.011129928014428015 -0.0083296269691988788 0.0053706178157794885 0.009467977910265225 0.013527469848217046 -0.0045351137359213372 0.012667659877465287 -0.0094823350017603347 -0.004060455860122031 -0.011048042960808047 -0.016092627502926182
leaf_weight=146835 32377 124851 44472 18922 74641 97594 86470 13455 53415 63250 75644 160868 29866 85275 2513 73093 26479 69086 54392 7447 19000 4767 1673 4801 113729 15759 59918 106210 15365 10980
leaf_count=146835 32377 124851 44472 18922 74641 97594 86470 13455 53415 63250 75644 160868 29866 85275 2513 73093 26479 69086 54392 7447 19000 4767 1673 4801 113729 15759 59918 106210 15365 10980
internal_value=-7.53331e-05 0.00115885 -0.00211178 -0.00303876 0.00233866 0.000175284 -0.00039803 -0.00593609 0.00173026 -0.00218717 -0.00362363 0.0013402 -0.00092577 0.000895636 -7.65314e-05 -0.000519615 -0.00317242 -0.00124815 0.00254874 -0.001017 -0.00136285 0.00744443 0.0128763 -0.000779858 -0.00133282 0.00263071 -0.00505678 -0.00164713 -0.00172893 -0.00583373
internal_weight=1.69315e+06 1.05423e+06 638915 454643 599744 184272 454488 103275 452909 351368 138894 399494 368018 324853 163985 311673 56345 212474 63345 124041 116594 8953 4186 180097 186822 60231 89820 111011 100640 70898
internal_count=1693147 1054232 638915 454643 599744 184272 454488 103275 452909 351368 138894 399494 368018 324853 163985 311673 56345 212474 63345 124041 116594 8953 4186 180097 186822 60231 89820 111011 100640 70898
is_linear=0
shrinkage=0.05


Tree=20
num_leaves=31
num_cat=0
split_feature=10 9 9 16 6 9 7 19 19 19 20 19 7 6 19 8 16 10 10 19 9 6 11 9 10 8 10 9 6 16
split_gain=1547.51 739.433 515.232 389.283 262.748 246.469 236.173 228.414 177.162 219.829 209.632 172.22 170.701 164.482 179.131 148.345 132.462 117.817 113.24 105.539 103.978 98.7246 93.0446 89.5941 88.1065 87.6231 81.3721 81.0664 81.0375 78.7233
threshold=0.95209535956382763 0.0003503176558297128 0.0001754984259605408 0.78508731722831737 -1.6508749127387998 0.00014136235404293987 -2.3354116678237911 -0.6867687702178954 0.79994463920593273 0.22282424569129947 -0.76942089200019825 -0.91265374422073353 0.092528481036424651 -0.69248491525650013 0.1326885595917702 5.4895808696746835 1.4124838113784792 1.1617308855056765 1.3588945865631106 0.77300861477851879 6.6695167333818986e-05 -1.8635706901550291 0.8554225265979768 8.5867995949229239e-05 0.69842174649238598 -6.6132924556732169 1.2435755133628847 0.00010683035361580552 -2.8466436862945552 1.38123494386673
decision_type=2 2 2 2 2 2 2 2 2 2 2 2 2 2 2 2 2 2 2 2 2 2 2 2 2 2 2 2 2 2
left_child=2 3 8 17 28 21 -4 26 9 24 23 -8 -12 16 -15 18 -7 27 -9 -16 -14 -5 -13 -10 -1 -11 -6 -2 -3 -28
right_child=1 4 6 5 7 13 11 15 10 25 12 22 20 14 19 -17 -18 -19 -20 -21 -22 -23 -24 -25 -26 -27 29 -29 -30 -31
leaf_value=0.028938377611354423 0.0078237072835008366 0.0075882941915464686 0.0078617121260171948 0.020087477908106489 -0.0034029993751969025 0.00069320194757074849 0.0069327338360712816 -0.0098720185443198286 0.081055457135990314 0.013068710149819186 0.019184742796595735 -0.0024049211667666495 0.024889540544536362 0.00024255857715345665 -0.0077397927726003124 -0.0035444930981056891 0.009366699158759751 -0.0091707133813759955 -0.015181959526761202 -0.0018587363830078864 0.0016904520207334794 0.0057170612959682957 0.0010271553658246502 0.034181637310176462 0.010576327722558355 0.0016692783779142185 -0.0096774869511289455 -0.0043856641956467549 -0.0021437414404404166 0.001232446758455197
leaf_weight=9542 8431 10616 59674 9484 82069 103496 52129 84228 2082 15713 35629 166696 6581 156698 58064 19998 29670 49175 20385 51829 29686 58809 194724 6498 79891 114553 32733 106252 31574 6238
leaf_count=9542 8431 10616 59674 9484 82069 103496 52129 84228 2082 15713 35629 166696 6581 156698 58064 19998 29670 49175 20385 51829 29686 58809 194724 6498 79891 114553 32733 106252 31574 6238
internal_value=-7.55103e-05 -0.00146165 0.00157293 -0.00050482 -0.00356221 0.000229463 0.000545092 -0.00418826 0.0031933 0.00245814 0.00520031 0.000120784 0.00431874 -0.000244774 -0.000961585 -0.00569091 0.00119024 -0.00260225 -0.00644518 -0.00250926 0.00190393 0.00300543 -0.000266726 0.0125874 0.00436696 0.00114765 -0.00264128 -0.00172432 8.2958e-05 -0.00452259
internal_weight=1.69315e+06 919749 773398 631908 287841 468050 473223 245651 300175 219699 80476 413549 71896 399757 266591 124611 133166 163858 104613 109893 36267 68293 361420 8580 89433 130266 121040 114683 42190 38971
internal_count=1693147 919749 773398 631908 287841 468050 473223 245651 300175 219699 80476 413549 71896 399757 266591 124611 133166 163858 104613 109893 36267 68293 361420 8580 89433 130266 121040 114683 42190 38971
is_linear=0
shrinkage=0.05


Tree=21
num_leaves=31
num_cat=0
split_feature=10 9 11 6 9 6 10 9 7 19 19 19 19 19 19 10 10 6 9 19 9 19 19 20 9 19 19 9 10 17
split_gain=1414.12 676.801 477.247 282.999 259.694 239.556 235.761 231.146 163.069 177.748 204.255 144.4 142.914 243.465 122.285 118.184 114.817 113.955 113.684 113.479 109.269 121.482 115.594 107.506 101.7 97.6377 93.7007 91.4336 83.4822 82.6442
threshold=1.04331511259079 0.00020407088595675307 0.7209300994873048 -2.4512518644332881 0.00037740665720775729 -0.66168558597564686 1.5913242697715761 7.0841619162820293e-05 -2.9943220615386958 0.23556562513113025 0.79202145338058483 -0.91792565584182728 0.98035496473312389 0.96648588776588451 -0.69622442126274098 0.82697904109954845 0.7302805781364442 -2.9633051156997676 0.00032505091803614056 0.80773079395294201 0.00014264654600992802 0.1326885595917702 0.77300861477851879 -0.76942089200019825 0.00014777659816900271 0.70864605903625499 0.1326885595917702 0.00034749765472952282 0.81999412178993236 0.4071736633777619
decision_type=2 2 2 2 2 2 2 2 2 2 2 2 2 2 2 2 2 2 2 2 2 2 2 2 2 2 2 2 2 2
left_child=1 7 6 -4 20 11 18 -1 19 28 16 -3 13 23 -6 -7 -11 -13 -2 -9 -5 -22 -23 24 -12 -18 27 -17 -10 -15
right_child=2 5 3 4 14 15 -8 8 9 10 12 17 -14 29 -16 26 25 -19 -20 -21 21 22 -24 -25 -26 -27 -28 -29 -30 -31
leaf_value=0.020297272772243594 -0.0053258005127920453 0.012013761029212189 0.0074266075309014192 0.0051150020418817338 -0.0035371059761461934 0.001542715334679512 -0.017119629871806843 0.0097211275470725396 0.013433243844956345 0.0073571497046463043 0.054415362317211904 0.014074006741770617 0.0013277386915971801 -0.0036113125557541204 -0.0090185013577163582 0.00012399289687712312 -0.0004684588390060196 0.0011270886264963032 -0.0090182359996511807 0.026226554908122937 0.00014143458688108956 -0.0075753428549294906 -0.0014132772986649557 0.0049313783255882544 0.0049741332911506404 -0.0090108672397972885 -0.0056978929041268112 -0.003857971636572222 0.0059431382230249689 0.049783693727663877
leaf_weight=30862 117107 22715 31937 35571 61575 103893 12658 32968 52196 28183 4080 7075 39706 976 53191 134114 114304 144278 70370 9245 129566 47451 52864 37066 3559 17316 71687 103679 115077 7878
leaf_count=30862 117107 22715 31937 35571 61575 103893 12658 32968 52196 28183 4080 7075 39706 976 53191 134114 114304 144278 70370 9245 129566 47451 52864 37066 3559 17316 71687 103679 115077 7878
internal_value=-7.44472e-05 0.00101313 -0.00199432 -0.00102158 -0.0014013 -0.000133545 -0.00399755 0.00237832 0.00209878 0.00180128 0.000965353 0.00142243 0.00282475 0.00450998 -0.00338863 -0.000788755 -0.000119835 0.000864535 -0.00355164 0.00506124 -0.000542094 -0.000941139 -0.00224742 0.00300973 0.00841079 -0.000740009 -0.0012786 -0.000800907 0.00306595 0.0120849
internal_weight=1.69315e+06 1.08086e+06 612290 412155 380218 587441 200135 493416 462554 420341 253068 174068 93265 53559 114766 413373 159803 151353 187477 42213 265452 229881 100315 44705 7639 131620 309480 237793 167273 8854
internal_count=1693147 1080857 612290 412155 380218 587441 200135 493416 462554 420341 253068 174068 93265 53559 114766 413373 159803 151353 187477 42213 265452 229881 100315 44705 7639 131620 309480 237793 167273 8854
is_linear=0
shrinkage=0.05


Tree=22
num_leaves=31
num_cat=0
split_feature=10 9 9 16 16 10 7 9 18 19 18 18 19 19 19 19 19 18 8 10 10 18 19 19 18 9 19 18 19 20
split_gain=1291.29 619.922 421.613 332.264 221.797 213.73 206.672 202.562 189.136 219.314 150.138 221.658 178.631 173.776 208.887 148.012 144.347 373.422 160.223 140.8 133.998 127.06 216.486 232.327 143.791 118.146 117.562 189.793 113.412 113.07
threshold=0.95209535956382763 0.0003503176558297128 0.0001754984259605408 0.78508731722831737 1.208087742328644 1.2963936924934389 -2.3354116678237911 0.00014136235404293987 -0.60355451703071583 0.70864605903625499 -0.59306621551513661 -0.49052239954471583 0.82535797357559215 0.69934985041618358 0.65110388398170482 -0.91265374422073353 -0.90722548961639393 -0.22707572579383847 -3.8724954128265376 1.3120177984237673 0.71592345833778392 -0.071932479739189134 0.92304024100303661 0.98203879594802868 0.97387465834617626 0.00089337458484806131 -0.6867687702178954 0.093673683702945723 0.65110388398170482 -0.76942089200019825
decision_type=2 2 2 2 2 2 2 2 2 2 2 2 2 2 2 2 2 2 2 2 2 2 2 2 2 2 2 2 2 2
left_child=2 3 10 8 5 26 -4 -5 9 28 13 12 29 14 -1 -8 17 -9 -18 -10 -15 -13 24 -24 -23 -7 27 -3 -2 -12
right_child=1 4 6 7 -6 25 15 16 19 -11 11 21 -14 20 -16 -17 18 -19 -20 -21 -22 22 23 -25 -26 -27 -28 -29 -30 -31
leaf_value=0.0036554157437709515 -0.0093650734084259613 -0.0012104496268576016 0.0073173762397193923 0.0072906036863208852 -0.0014932459062129034 -0.0096512026908082693 0.0064421106887611827 0.025053457357456468 -0.0019638091956797779 -0.024941256828733629 0.071697406941258215 0.00059302868546985416 0.0663925390886317 0.0015087507764388497 0.029527390790903031 -0.00054299762775336104 0.0034137991118956437 0.00023721652132940863 -0.0024844237218995535 -0.010661491212954633 -0.016533549729760535 0.0059712641629616871 0.055934889985174298 0.014193398349402914 0.020433889538410077 -0.017651291887864417 -0.0078326798016174759 -0.011431089668577655 0.022879152805022743 0.0011376397589496045
leaf_weight=62255 26935 64695 59674 68293 69481 42245 52129 13150 113808 4407 916 29768 5719 9539 5692 361420 57881 60615 268111 16930 8073 120749 7758 22676 22764 8765 86506 16149 1778 4266
leaf_count=62255 26935 64695 59674 68293 69481 42245 52129 13150 113808 4407 916 29768 5719 9539 5692 361420 57881 60615 268111 16930 8073 120749 7758 22676 22764 8765 86506 16149 1778 4266
internal_value=-7.9113e-05 -0.00134531 0.00142669 -0.000469214 -0.00326864 -0.00405157 0.000496912 0.000209166 -0.00240696 -0.005782 0.00289248 0.00359852 0.0105449 0.00112145 0.00226868 9.99882e-05 -0.000220759 0.00177659 -0.000672716 -0.00155196 -0.00330457 0.00322681 0.00374338 0.00757377 0.00293109 -0.00688492 -0.00318793 -0.00181708 -0.004188 0.00382092
internal_weight=1.69315e+06 919749 773398 631908 287841 218360 473223 468050 163858 33120 300175 214616 10901 85559 67947 413549 399757 73765 325992 130738 17612 203715 173947 30434 143513 51010 167350 80844 28713 5182
internal_count=1693147 919749 773398 631908 287841 218360 473223 468050 163858 33120 300175 214616 10901 85559 67947 413549 399757 73765 325992 130738 17612 203715 173947 30434 143513 51010 167350 80844 28713 5182
is_linear=0
shrinkage=0.05


Tree=23
num_leaves=31
num_cat=0
split_feature=9 10 10 6 10 11 6 7 19 16 17 10 19 10 17 9 9 16 17 6 9 17 19 19 9 8 9 1 19 19
split_gain=1199.6 590.847 341.117 289.89 218.021 212.344 209.757 202.011 199.826 184.527 183.232 153.061 148.428 153.114 146.008 142.712 102.218 99.552 89.6125 86.9287 86.0743 84.681 82.5893 79.3093 76.058 71.72 68.9989 68.8091 65.2356 65.0521
threshold=0.00029427258414216345 0.90143132209777843 1.2435755133628847 -1.0556558966636655 1.1438367962837221 1.2530105710029604 -1.6508749127387998 -2.9943220615386958 0.46754305064678198 1.6053331494331362 1.1781801581382754 0.89967232942581188 -0.98734235763549794 0.7302805781364442 1.2082531452178957 0.00089337458484806131 0.00010683035361580552 1.1447976231575014 0.60678833723068248 -1.1934538483619688 7.7547047112602754e-05 1.1375030279159548 -0.73283809423446644 0.24826665222644809 0.00021541945170611146 7.6752476692199716 0.00014902656403137374 -0.00069180215359665443 0.78396254777908336 -0.6867687702178954
decision_type=2 2 2 2 2 2 2 2 2 2 2 2 2 2 2 2 2 2 2 2 2 2 2 2 2 2 2 2 2 2
left_child=1 7 6 9 10 15 -2 -1 11 16 18 -8 -9 -14 20 19 -3 29 -5 -4 -15 26 -21 24 -22 -26 -6 -7 -10 -13
right_child=2 3 5 4 21 27 8 12 28 -11 -12 17 13 14 -16 -17 -18 -19 -20 22 23 -23 -24 -25 25 -27 -28 -29 -30 -31
leaf_value=0.015554288667610085 0.0032962693981533732 0.017434827848747659 -0.0028855500460907013 -0.0050231156849117114 -0.0013579865283359139 0.0067713236610788159 0.00053324983357646574 0.020412079000154466 -0.011398917616093142 0.015647062051406591 0.0045793464355059375 -0.0029895277137823475 0.010026705691559995 0.015321752100128962 0.011970358109505913 -0.015773238544731071 0.0017398671520775122 -0.00025219314792209737 -0.00036169880094877316 -0.0061543567744074658 0.0066453024259867828 -0.0026096168790633646 -0.011508286058868767 -0.00058001659504062217 0.0014792860797864238 -0.011294407196512014 -0.0088919813508766543 -0.0036524008501943373 -0.0056620865423523629 -0.0062513040372696232
leaf_weight=38238 52850 9759 18241 61502 14490 7560 117179 14290 23505 18845 94037 96281 93016 11987 31022 11611 126283 58265 213316 25783 74300 68544 37541 123063 47577 4755 48865 20033 28973 101436
leaf_count=38238 52850 9759 18241 61502 14490 7560 117179 14290 23505 18845 94037 96281 93016 11987 31022 11611 126283 58265 213316 25783 74300 68544 37541 123063 47577 4755 48865 20033 28973 101436
internal_value=-8.05305e-05 0.000904525 -0.00187866 -4.5528e-05 -0.00063025 -0.00425316 -0.00127934 0.00232585 -0.00164823 0.00184489 -6.37107e-06 -0.00124196 0.00199395 0.00180857 0.00124699 -0.00539409 0.00120257 -0.00192709 -0.000658254 -0.0046558 0.000862497 -0.00237492 -0.00553187 0.00066381 0.00154226 8.21677e-05 -0.00369268 -0.000400464 -0.00453714 -0.00246236
internal_weight=1.69315e+06 1.09389e+06 599258 655641 500754 120769 478489 438248 425639 154887 368855 373161 400010 385720 292704 93176 136042 255982 274818 81565 261682 131899 63324 249695 126632 52332 63355 27593 52478 197717
internal_count=1693147 1093889 599258 655641 500754 120769 478489 438248 425639 154887 368855 373161 400010 385720 292704 93176 136042 255982 274818 81565 261682 131899 63324 249695 126632 52332 63355 27593 52478 197717
is_linear=0
shrinkage=0.05


Tree=24
num_leaves=31
num_cat=0
split_feature=10 9 11 6 19 9 18 10 18 19 10 19 18 18 19 18 9 19 19 10 20 11 10 18 19 19 6 18 9 19
split_gain=1096.68 607.069 353.973 226.656 218.374 208.817 188.314 166.767 160.394 187.286 160.318 140.408 142.318 200.325 139.306 160.685 135.072 131.293 129.039 124.738 97.6235 95.9614 97.6057 94.9012 97.5482 92.1959 91.6568 108.677 91.8759 88.763
threshold=1.0951808691024782 0.00020625001343432817 0.70993497967720043 -2.4512518644332881 -0.91265374422073353 7.0841619162820293e-05 0.96304282546043407 1.6374445557594302 0.83985477685928356 0.26092512905597692 0.82919442653656017 0.80773079395294201 0.17149884253740313 0.27353890240192419 -0.94190874695777882 -0.2143086493015289 0.00055919805890880536 0.86927726864814769 -0.080633651465177522 0.90330237150192272 -0.76942089200019825 1.6725801825523379 1.4086553454399111 -0.68039956688880909 0.70864605903625499 -0.99851059913635243 -0.32460601627826685 -0.33174875378608698 0.00033724731474649167 0.97581917047500621
decision_type=2 2 2 2 2 2 2 2 2 2 2 2 2 2 2 2 2 2 2 2 2 2 2 2 2 2 2 2 2 2
left_child=1 5 7 -4 26 -1 10 23 19 -10 25 14 17 29 15 -12 21 20 -8 -6 -13 22 -5 24 -2 -7 -3 -28 -29 -14
right_child=2 4 3 16 8 6 18 -9 9 -11 11 12 13 -15 -16 -17 -18 -19 -20 -21 -22 -23 -24 -25 -26 -27 27 28 -30 -31
leaf_value=0.018208325104824164 -0.0097996474465735506 0.0084847154096795562 0.0067401222737167145 -0.0022488650962473656 -0.0002990640610371187 0.049773595808001975 0.022738712622220172 -0.016216346337803621 0.0057285029379408828 -0.0078169371134780286 0.046617727742397676 0.094114740058686905 0.063631950734712547 0.0059725088078922354 -0.0010903470736112421 0.0052161196261517502 -0.0071516853837234945 -0.00074169742563126031 0.0086665412569405416 -0.0034138063932634636 0.01639533306063512 0.0030771798141779774 -0.0077039551739477193 -0.0060102357889213259 -0.027806707809772215 0.0067580552747386839 0.020452494195253548 0.0035559908665061981 -0.0058564821109770128 0.017297657184734239
leaf_weight=31878 23860 37757 26258 187184 222936 1432 16234 9835 71680 12989 2675 1117 4527 19064 184529 31786 42932 37026 42346 266776 4579 34145 30074 116399 1261 166390 5275 37745 17856 4602
leaf_count=31878 23860 37757 26258 187184 222936 1432 16234 9835 71680 12989 2675 1117 4527 19064 184529 31786 42932 37026 42346 266776 4579 34145 30074 116399 1261 166390 5275 37745 17856 4602
internal_value=-8.12393e-05 0.000709835 -0.0021282 -0.00118733 -0.000296279 0.00194506 0.00170257 -0.00412111 -0.000669503 0.00133992 0.00136096 0.000649006 0.00258267 0.00533998 2.28321e-05 0.00294101 -0.00158442 0.000763073 0.0043718 -0.00101692 0.00783006 -0.00114179 -0.00152906 -0.00368358 -0.00647068 0.00259084 0.00187716 0.000676786 2.60787e-05 0.0114306
internal_weight=1.69315e+06 1.2212e+06 471948 320593 673014 548185 516307 151355 574381 84669 457727 289905 70915 28193 218990 34461 294335 42722 58580 489712 5696 251403 217258 141520 25121 167822 98633 60876 55601 9129
internal_count=1693147 1221199 471948 320593 673014 548185 516307 151355 574381 84669 457727 289905 70915 28193 218990 34461 294335 42722 58580 489712 5696 251403 217258 141520 25121 167822 98633 60876 55601 9129
is_linear=0
shrinkage=0.05


Tree=25
num_leaves=31
num_cat=0
split_feature=9 10 10 18 16 11 16 18 19 18 19 19 7 19 19 18 18 19 18 9 10 18 19 19 7 18 18 9 20 10
split_gain=1007.76 493.2 287.542 272.413 248.601 180.635 178.537 161.385 155.991 152.212 181.334 145.872 133.209 130.769 147.861 178.768 244.105 166.614 251.517 129.815 126.365 131.134 125.45 123.302 119.62 112.975 111.919 115.413 106.6 105.745
threshold=0.00029427258414216345 0.87689021229743969 1.2435755133628847 0.94622433185577404 1.0105191469192507 1.2173694372177126 1.1403744220733645 -0.60355451703071583 0.69934985041618358 -0.4752392172813415 0.82535797357559215 0.43247817456722265 -3.7172652482986446 -0.94190874695777882 0.80773079395294201 -0.49052239954471583 -0.11970336735248564 0.70864605903625499 -0.63775861263275135 0.00089337458484806131 0.88250398635864269 -0.7238691747188567 0.65110388398170482 -0.98734235763549794 -0.84944042563438404 -0.2143086493015289 0.093673683702945723 0.00040988734690472489 -0.76942089200019825 1.1438367962837221
decision_type=2 2 2 2 2 2 2 2 2 2 2 2 2 2 2 2 2 2 2 2 2 2 2 2 2 2 2 2 2 2
left_child=1 7 6 4 13 19 11 8 22 10 28 20 -6 25 17 -16 24 -15 -19 -4 -2 -22 -1 -11 -17 -3 27 -23 -9 -14
right_child=2 3 5 -5 12 -7 -8 9 -10 23 -12 -13 29 14 15 16 -18 18 -20 -21 21 26 -24 -25 -26 -27 -28 -29 -30 -31
leaf_value=0.0026687914517730671 0.00049464379611759981 0.025020967518339477 -0.0073499903185798472 0.0056295515429959312 0.011596634629801518 -0.00093198143184087818 0.0011808411716413003 0.059819090127671476 -0.0085768267199239964 0.022641266069175027 0.064070517522597653 -0.0078373854643151719 0.0023040358810919258 -0.0042043896513163431 0.031516734710963626 0.001852685647387975 0.0024089123591964469 -0.02300988736059402 -0.0055391306506887119 -0.014692807819519772 -0.0065518856136632889 0.0073838374175288386 0.022776888335642079 0.0067357427943956771 -0.014849221313374385 0.0009863943598338754 -0.004819896045788319 -0.0019651084009476684 0.0030475535016503911 -0.0028621192701852706
leaf_weight=100665 92535 4191 79704 119494 18613 29674 110999 1502 15794 12157 4685 46587 188865 179663 4516 5599 60632 6357 12050 11391 78168 22461 5119 230820 14117 39929 71854 55885 7042 62079
leaf_count=100665 92535 4191 79704 119494 18613 29674 110999 1502 15794 12157 4685 46587 188865 179663 4516 5599 60632 6357 12050 11391 78168 22461 5119 230820 14117 39929 71854 55885 7042 62079
internal_value=-7.88768e-05 0.000823987 -0.00172697 5.28554e-05 -0.000383583 -0.00390705 -0.00117673 0.0022857 0.000785504 0.00299759 0.00822058 -0.00170753 0.00074066 -0.00131018 -0.00170499 4.12425e-05 -0.000502813 -0.00245317 -0.00698376 -0.0050107 -0.00132797 -0.00195956 0.00147754 0.00271322 -0.00533577 0.00122167 -0.00109521 0.000211881 0.00388577 0.000437946
internal_weight=1.69315e+06 1.09389e+06 599258 716105 596611 120769 478489 377784 121578 256206 13229 367490 269557 327054 282934 84864 80348 198070 18407 91095 320903 228368 105784 242977 19716 44120 150200 78346 8544 250944
internal_count=1693147 1093889 599258 716105 596611 120769 478489 377784 121578 256206 13229 367490 269557 327054 282934 84864 80348 198070 18407 91095 320903 228368 105784 242977 19716 44120 150200 78346 8544 250944
is_linear=0
shrinkage=0.05


Tree=26
num_leaves=31
num_cat=0
split_feature=10 9 11 10 18 7 18 19 19 19 18 18 20 4 18 18 9 9 19 7 7 9 19 9 11 7 19 19 8 18
split_gain=938.669 422.814 351.715 316.935 247.354 228.014 175.471 172.213 171.434 203.91 197.485 185.361 427.008 147.282 137.468 218.934 144.623 142.93 145.869 155.605 133.562 129.828 127.735 125.228 119.519 112.747 112.689 110.956 110.954 105.094
threshold=1.0344860553741457 0.00023608052288182083 1.4401296377182009 1.4247708320617678 -0.67074871063232411 -3.1046380996704097 0.96065577864646923 0.70864605903625499 0.79202145338058483 -0.94190874695777882 -0.2143086493015289 -0.071932479739189134 -0.76942089200019825 0.00019673557835631075 0.02835773024708033 0.94622433185577404 0.00045494968071579939 0.00056861486518755566 0.86927726864814769 -0.673936367034912 -2.7519575357437129 0.00013087081606499853 0.82535797357559215 0.0011624655453488233 2.4694588184356694 -2.7081998586654659 -0.76744312047958363 0.80773079395294201 -6.1296253204345694 0.8102954924106599
decision_type=2 2 2 2 2 2 2 2 2 2 2 2 2 2 2 2 2 2 2 2 2 2 2 2 2 2 2 2 2 2
left_child=1 5 3 4 7 27 8 25 9 10 -7 12 -10 -14 17 16 -16 18 22 -20 -3 -13 -6 -5 -4 -2 -22 -1 -11 -28
right_child=2 20 24 23 14 6 -8 -9 11 28 -12 21 13 -15 15 -17 -18 -19 19 -21 26 -23 -24 -25 -26 -27 29 -29 -30 -31
leaf_value=0.009751586351130893 0.001297703223390706 0.0051977589420152742 0.0009202090528501295 -0.0082204964831752436 0.0047765427009980712 0.044104314346788645 0.011983969010386142 -0.022973927631220015 0.084372353502417341 0.0091252191156459724 0.0069614329779664145 0.021845958747155159 0.0032997572663892253 -0.011778754415212034 -0.0041145200424402726 0.0014723656743780289 -0.011069018478990368 -0.0052404921887034446 0.0089509984401252417 -0.0094576022559002895 0.0017046870189764253 0.006917587274808879 0.041879585429590867 -0.018685978638321249 0.013269690955086767 -0.0075296239814137801 -0.0030447125695175605 0.025106996670066842 -0.00035403940226845233 0.0022568333870268908
leaf_weight=38865 13610 42645 87994 61197 57624 3958 56143 3143 2699 24040 47898 28782 28796 16602 176993 69579 17811 24212 8344 17127 117959 44500 3236 4276 13735 80034 246445 11139 296322 47439
leaf_count=38865 13610 42645 87994 61197 57624 3958 56143 3143 2699 24040 47898 28782 28796 16602 176993 69579 17811 24212 8344 17127 117959 44500 3236 4276 13735 80034 246445 11139 296322 47439
internal_value=-7.9113e-05 0.000837387 -0.00159137 -0.00210188 -0.00164941 0.00170906 0.00141503 -0.0039029 0.00111376 0.000581648 0.00349044 0.00274553 0.000333701 -0.000815014 -0.00106768 -0.00168676 -0.00254666 0.000412961 0.00136509 -0.00181186 -0.00031288 0.00432848 0.00269471 -0.00536175 0.0011044 -0.00351651 -0.000588695 0.0049416 0.000110812 -0.00111268
internal_weight=1.69315e+06 1.05423e+06 638915 537186 471713 599744 549740 96787 493597 372218 51856 121379 48097 45398 374926 264383 194804 110543 86331 25471 454488 73282 60860 65473 101729 93644 411843 50004 320362 293884
internal_count=1693147 1054232 638915 537186 471713 599744 549740 96787 493597 372218 51856 121379 48097 45398 374926 264383 194804 110543 86331 25471 454488 73282 60860 65473 101729 93644 411843 50004 320362 293884
is_linear=0
shrinkage=0.05


Tree=27
num_leaves=31
num_cat=0
split_feature=9 10 6 6 7 10 19 17 18 19 18 6 19 19 18 18 18 4 9 6 19 18 19 18 10 18 19 18 19 9
split_gain=869.25 540.31 289.001 232.84 224.748 177.583 169.927 165.858 162.03 144.21 172.552 139.807 150.676 128.745 269.168 304.137 168.987 127.819 126.374 115.395 106.642 125.297 105.395 290.752 91.5467 89.0422 88.8988 214.777 88.096 87.1134
threshold=0.00018119377637049186 1.1652973890304568 -0.42897498607635492 -1.1726578474044798 -3.8974733352661128 0.79213145375251781 0.80773079395294201 0.90788948535919201 0.9556623399257661 -0.91792565584182728 0.95305636525154125 2.4049055576324467 0.1326885595917702 0.82535797357559215 -0.50941574573516835 0.17149884253740313 0.27353890240192419 -0.0012059626169502733 0.00035882330848835414 -3.2426571846008296 0.78396254777908336 -0.87142586708068837 0.69934985041618358 -0.62762191891670216 0.93771305680274974 -0.34816221892833704 -0.92304024100303639 -0.29862368106842035 -0.2015048488974571 0.00095155177405104052
decision_type=2 2 2 2 2 2 2 2 2 2 2 2 2 2 2 2 2 2 2 2 2 2 2 2 2 2 2 2 2 2
left_child=4 2 9 29 6 -6 -1 -5 13 -2 19 12 18 22 -15 25 -17 -9 -4 -11 21 -14 -7 -24 -21 -16 27 -19 -12 -3
right_child=1 3 11 7 5 8 -8 17 -10 10 28 -13 20 14 15 16 -18 26 -20 24 -22 -23 23 -25 -26 -27 -28 -29 -30 -31
leaf_value=0.010116236545688485 0.0077203574848211838 0.00046939298845081193 0.00017315443675846589 -0.010561613900123001 0.0085359623578062493 4.1121030638302525e-05 0.034074989096929235 -0.011162965339861691 0.0092688392081606407 0.013124947403652755 0.025155351763320899 0.0045222725483967108 -0.0018374725136336978 0.043064841152314265 -0.014068009305757346 0.02810958160319197 0.0049639085811806205 0.018103046810516811 -0.0035332533505938457 0.0020482538863310028 -0.0015522466367856036 -0.0092200106102773797 -0.019831479964634292 0.00062704659452146323 -0.0018843443508203108 -0.00078409958293013116 -0.0057939743016280579 -0.0045449442094308125 0.0064158768795953836 -0.010452953432646789
leaf_weight=17939 48600 62026 238342 44333 126570 178339 7197 16060 61169 7105 5991 42965 32148 7336 5480 13945 19928 7712 145515 121466 51605 61006 7101 14914 130161 61849 114611 21900 15430 4404
leaf_count=17939 48600 62026 238342 44333 126570 178339 7197 16060 61169 7105 5991 42965 32148 7336 5480 13945 19928 7712 145515 121466 51605 61006 7101 14914 130161 61849 114611 21900 15430 4404
internal_value=-7.9999e-05 -0.000836108 -0.000246908 -0.00279325 0.00161748 0.00138403 0.00623011 -0.00362826 0.000831079 0.000934288 0.000498121 -0.00092629 -0.00114923 0.0003655 0.00175238 0.00108199 0.00494642 -0.00287959 -0.000630834 0.000141073 -0.00252385 -0.00353393 -0.000385817 -0.00364978 -3.63633e-05 -0.000862184 -0.00240842 3.37701e-05 0.0048107 -0.000221286
internal_weight=1.69315e+06 1.17138e+06 900334 271046 521767 496631 25136 204616 370061 328753 280153 571581 528616 308892 108538 101202 33873 160283 383857 258732 144759 93154 200354 22015 251627 67329 144223 29612 21421 66430
internal_count=1693147 1171380 900334 271046 521767 496631 25136 204616 370061 328753 280153 571581 528616 308892 108538 101202 33873 160283 383857 258732 144759 93154 200354 22015 251627 67329 144223 29612 21421 66430
is_linear=0
shrinkage=0.05


Tree=28
num_leaves=31
num_cat=0
split_feature=10 9 6 16 16 18 6 16 10 11 18 18 10 9 10 18 18 8 9 10 7 6 18 17 20 18 18 9 9 18
split_gain=810.305 414.343 299.217 259.332 199.997 183.774 151.711 142.381 138.949 130.392 128.919 122.179 103.703 101.513 95.5933 94.2873 153.844 108.479 95.5527 90.1953 80.9133 79.293 75.2532 71.8876 70.0666 69.1082 64.1078 116.373 112.193 77.8123
threshold=0.93771305680274974 0.00037419672298710799 -1.0746573209762571 1.2422586083412173 0.78838828206062328 -0.62762191891670216 -2.053595662117004 1.6053331494331362 0.77156037092208873 0.55918949842453014 -0.63775861263275135 -0.70556074380874623 1.1438367962837221 0.00011830384028144182 1.3043186068534853 -0.010908065363764761 -0.73283809423446644 5.7558882236480722 0.00058903728495351981 1.5913242697715761 -2.2975528240203853 -0.69248491525650013 0.8102954924106599 1.2930358648300173 -1.0000000180025095e-35 0.95305636525154125 -0.69308573007583607 0.00022497968166135254 0.00036461926356423652 -0.77576932311058033
decision_type=2 2 2 2 2 2 2 2 2 2 2 2 2 2 2 2 2 2 2 2 2 2 2 2 2 2 2 2 2 2
left_child=3 2 7 5 10 26 -3 13 -7 19 11 -4 23 -2 -12 16 17 -11 -18 -8 -5 -10 -17 -6 -14 -23 27 29 -28 -1
right_child=1 6 4 20 12 8 9 -9 21 15 14 -13 24 -15 -16 22 18 -19 -20 -21 -22 25 -24 -25 -26 -27 28 -29 -30 -31
leaf_value=0.0019128506895054965 0.014536455266057026 0.0019252453713770824 -0.0076091728279990114 0.015717566963531392 -0.00061376539191678185 0.0081358764490857827 -0.0085579534447262628 0.012765806057622226 0.0054483557080882818 -0.0084433594104572074 -0.0026813148743188631 -0.019848890733164939 -0.00015960666394649882 0.0010785103611510528 -0.0098080392658147064 -0.0093451910530806259 0.0016568830300997652 0.002184441492263023 -0.004576379268641179 -0.01823911331838371 0.007243128677774169 -3.3462611357515386e-05 -0.0038903750436537045 0.0037381834706958551 -0.0051335923906091659 0.0080304236894479415 -0.012050539507212993 -0.0021204954193648319 0.0065465179971322066 0.013302889856899591
leaf_weight=78038 11431 25299 26968 20681 187980 107268 33427 20898 77585 41304 105732 4051 50529 133113 15523 38028 51276 7799 40724 4044 92723 173773 22599 72947 78842 21922 12316 122657 4803 8867
leaf_count=78038 11431 25299 26968 20681 187980 107268 33427 20898 77585 41304 105732 4051 50529 133113 15523 38028 51276 7799 40724 4044 92723 173773 22599 72947 78842 21922 12316 122657 4803 8867
internal_value=-7.76365e-05 -0.00101921 -0.00038841 0.00119305 -0.000956002 0.000783148 -0.00270775 0.00147302 0.00145448 -0.00309719 -0.00249287 -0.00536929 -0.000356394 0.000915292 -0.00175704 -0.00259406 -0.0018855 -0.00414537 -0.000679348 -0.00580582 0.00338789 0.000855899 -0.00424316 0.000217494 -0.00151386 0.00031963 -0.000343875 -0.000103549 -0.00328582 0.00129624
internal_weight=1.69315e+06 972514 708014 720633 542572 607229 264500 165442 380548 239201 152274 31019 390298 144544 121255 201730 141103 49103 92000 37471 113404 273280 60627 260927 129371 195695 226681 209562 17119 86905
internal_count=1693147 972514 708014 720633 542572 607229 264500 165442 380548 239201 152274 31019 390298 144544 121255 201730 141103 49103 92000 37471 113404 273280 60627 260927 129371 195695 226681 209562 17119 86905
is_linear=0
shrinkage=0.05


Tree=29
num_leaves=31
num_cat=0
split_feature=9 10 6 11 16 6 6 18 19 18 10 18 19 6 18 10 10 19 18 19 16 18 19 18 19 19 9 7 4 18
split_gain=759.783 538.635 257.763 245.232 150.892 142.271 134.159 126.771 169.41 166.948 154.456 149.166 129.553 125.798 124.68 121.467 118.946 112.145 130.925 109.72 95.6379 86.4369 107.034 219.336 111.755 116.616 100.884 86.3697 84.5516 81.5258
threshold=0.0001465181267121807 1.0951808691024782 -0.44373099505901331 0.70993497967720043 1.4015987515449526 -1.0556558966636655 2.5906715393066411 -0.60355451703071583 0.69934985041618358 -0.49052239954471583 0.71592345833778392 -0.42853991687297815 0.82535797357559215 -3.2426571846008296 -0.7589854598045348 1.7774003148078921 0.81999412178993236 -0.8959035575389861 0.95037782192230236 -0.2015048488974571 0.91787749528884899 -0.071932479739189134 0.92304024100303661 0.19722913205623629 0.19722913205623629 0.1326885595917702 6.6695167333818986e-05 -2.3744016885757442 0.00014679546438856053 -0.68039956688880909
decision_type=2 2 2 2 2 2 2 2 2 2 2 2 2 2 2 2 2 2 2 2 2 2 2 2 2 2 2 2 2 2
left_child=4 2 13 15 7 -5 16 8 14 12 -10 -11 -9 -2 -1 -3 -4 -15 -19 -20 -18 28 24 26 25 -23 -24 -14 -13 -7
right_child=1 3 6 5 -6 29 -8 9 10 11 -12 21 27 17 -16 -17 20 18 19 -21 -22 22 23 -25 -26 -27 -28 -29 -30 -31
leaf_value=0.00042958230812249477 0.015543804533164002 -0.0064818981977261885 0.0014163396180286671 0.00090021946580522432 0.013138124976961813 -0.0074560618015180663 0.006547036095310866 0.0044661564879985077 0.00010729835215578798 -0.019621401588307875 -0.018970819505161225 0.0042205791971928752 0.11229749666956053 0.0075844548915466161 0.020844058010821127 -0.016764449471861554 -0.003939018371930625 0.00062250850414306011 0.026414876133409267 0.0057257718359004289 -0.00082889252405676794 0.007315183921473678 0.033335039262741388 0.035870400864609499 0.0012297696002334215 0.033382516121263084 0.0038623283738281168 0.038847531329183151 -0.0087946914888012429 -0.0028875359910703392
leaf_weight=45334 9226 130985 126440 82424 50734 33821 34189 6057 7036 2005 6970 20263 1035 50240 5866 5083 215765 256761 5748 17538 228756 40645 4492 9272 71342 7760 25072 6377 12339 173572
leaf_count=45334 9226 130985 126440 82424 50734 33821 34189 6057 7036 2005 6970 20263 1035 50240 5866 5083 215765 256761 5748 17538 228756 40645 4492 9272 71342 7760 25072 6377 12339 173572
internal_value=-7.60418e-05 -0.00058991 7.56354e-05 -0.00206617 0.00210711 -0.00124406 -0.000543006 0.00163997 -0.000282183 0.00224645 -0.00515493 0.00187121 0.00762863 0.00117831 0.00105078 -0.00381721 -0.000725181 0.00101745 0.000627216 0.00421713 -0.00111007 0.00201349 0.00249554 0.0047765 0.00175579 0.00361016 0.00267217 0.0120615 -0.000331268 -0.00194245
internal_weight=1.69315e+06 1.37055e+06 944663 425885 322599 289817 605150 271865 65206 206659 14006 193190 13469 339513 51200 136068 570961 330287 280047 23286 444521 191185 158583 38836 119747 48405 29564 7412 32602 207393
internal_count=1693147 1370548 944663 425885 322599 289817 605150 271865 65206 206659 14006 193190 13469 339513 51200 136068 570961 330287 280047 23286 444521 191185 158583 38836 119747 48405 29564 7412 32602 207393
is_linear=0
shrinkage=0.05


Tree=30
num_leaves=31
num_cat=0
split_feature=10 9 6 7 18 10 18 18 18 10 2 9 9 18 18 18 18 18 8 18 18 6 20 18 18 9 18 7 8 9
split_gain=691.761 351.011 255.317 201.86 191.766 148.33 179.223 195.548 154.706 148.056 135.074 121.478 114.712 110.571 138.667 116.417 109.84 211.685 105.713 101.043 96.1415 92.0876 84.603 82.8199 103.718 78.7326 78.1292 75.7706 72.7695 71.7274
threshold=0.93771305680274974 0.00037419672298710799 -1.0746573209762571 -2.1567699909210201 0.9556623399257661 1.2884464263916018 -0.63775861263275135 -0.23980389535427091 -0.71477618813514698 0.67747738957405101 -0.00078634530655108381 0.00011830384028144182 0.00080881407484412204 0.9404343068599702 0.29862368106842047 0.19722913205623629 -0.010908065363764761 -0.73283809423446644 5.9504356384277353 -0.62762191891670216 0.40872775018215185 -3.4311625957489009 -0.76942089200019825 -0.063225833699107156 -0.20577672123908994 0.00029427258414216345 -0.36446963250637049 -5.1402227878570548 -4.9141917228698722 0.00028908504464197909
decision_type=2 2 2 2 2 2 2 2 2 2 2 2 2 2 2 2 2 2 2 2 2 2 2 2 2 2 2 2 2 2
left_child=3 2 11 27 9 6 8 22 28 -5 -3 -2 16 14 15 -9 17 18 -12 -11 23 -13 -8 24 -21 -17 -24 -1 -4 -25
right_child=1 10 5 4 -6 -7 7 13 -10 19 12 21 -14 -15 -16 25 -18 -19 -20 20 -22 -23 26 29 -26 -27 -28 -29 -30 -31
leaf_value=0.021909965105338981 0.016256956760816201 -0.00027989142690386658 0.0052584598197179203 0.008452398065042983 0.011239695976322728 -0.0057738870060374927 0.033947513077768832 -0.00049226151146670733 -0.015541543856104834 -0.0013884455928726447 -0.0090134177062538134 0.01341166640469953 -0.010195109823789678 0.003233752518783284 -0.0034991724532808521 0.013176447569543927 -0.007536869718585637 -0.00035323231003878131 0.001867832233662814 0.0043433902019834603 -3.9496164191971111e-05 0.0012996240353741807 0.00032134787407778198 0.010122127698902462 -0.0056335758451666832 -0.0055119543050495268 0.015288790959878385 0.0064906171432391087 -0.0046260628498554284 -0.0019842193609062478
leaf_weight=7099 14000 49601 7685 52362 41795 70582 3947 82959 6567 199312 38560 8509 25030 77574 167001 16869 64749 79580 6980 53604 168508 142933 11767 61442 21009 2816 10335 105097 84470 10405
leaf_count=7099 14000 49601 7685 52362 41795 70582 3947 82959 6567 199312 38560 8509 25030 77574 167001 16869 64749 79580 6980 53604 168508 142933 11767 61442 21009 2816 10335 105097 84470 10405
internal_value=-7.19075e-05 -0.000941889 -0.000361292 0.00110216 0.000742805 -0.000885597 -0.000565902 -6.48328e-05 -0.00246044 0.000501728 -0.00249603 0.00135818 -0.00303887 -0.000378292 -0.000856867 0.000589416 -0.00261944 -0.00175432 -0.00447299 0.000243836 0.000801351 0.000946237 0.0041134 0.00173836 0.000571616 0.00404623 0.00290924 0.00305091 -0.00193207 0.00295002
internal_weight=1.69315e+06 972514 708014 720633 608437 542572 471990 373268 98722 566642 264500 165442 214899 347219 269645 102644 189869 125120 45540 514280 314968 151442 26049 146460 74613 19685 22102 112196 92155 71847
internal_count=1693147 972514 708014 720633 608437 542572 471990 373268 98722 566642 264500 165442 214899 347219 269645 102644 189869 125120 45540 514280 314968 151442 26049 146460 74613 19685 22102 112196 92155 71847
is_linear=0
shrinkage=0.05


Tree=31
num_leaves=31
num_cat=0
split_feature=9 6 9 19 16 16 19 19 18 18 19 9 18 18 18 19 18 18 20 19 18 8 18 9 20 19 7 18 18 18
split_gain=639.623 336.883 242.433 277.46 176.141 132.26 120.632 120.252 241.997 177.978 155.196 118.964 113.055 237.725 137.03 116.24 107.633 104.917 100.576 95.3374 143.036 117.853 94.6513 119.134 92.8291 92.2284 85.1923 83.9991 357.864 96.4477
threshold=0.0001465181267121807 -0.70829787850379933 0.00040206861740443861 0.1326885595917702 1.5862277150154116 1.4015987515449526 0.46754305064678198 0.78396254777908336 0.17149884253740313 0.26092512905597692 0.86927726864814769 0.00048975308891385805 -0.57892408967018116 -0.49052239954471583 -0.42853991687297815 0.69934985041618358 -0.7589854598045348 -0.29862368106842035 -0.76942089200019825 -0.67719548940658558 -0.22707572579383847 -4.8381035327911368 -0.87142586708068837 0.00018696257029660049 -0.76942089200019825 -0.92799669504165638 4.144630193710328 -0.67074871063232411 -0.20577672123908994 0.7702331840991975
decision_type=2 2 2 2 2 2 2 2 2 2 2 2 2 2 2 2 2 2 2 2 2 2 2 2 2 2 2 2 2 2
left_child=5 4 3 27 11 12 -4 22 10 -10 -9 19 15 24 -15 16 -1 -12 -17 20 25 -21 -5 -24 -14 -2 -25 -3 -29 -30
right_child=1 2 6 7 -6 -7 -8 8 9 -11 17 -13 13 14 -16 18 -18 -19 -20 21 -22 -23 23 26 -26 -27 -28 28 29 -31
leaf_value=0.00038167030145289105 0.02505329782263209 -0.0021792721603015874 -0.0039528904199438502 -0.0014922322416662916 0.00847125057855771 0.012301290805946691 -0.010152839390720937 0.016917002904258873 0.020677782590309963 0.00059957970263451734 -0.020283143335848387 -0.0029359497164788031 0.12639966895869836 -0.018705312710661195 0.0050629817028831521 0.0097914261416155238 0.019619361284275372 -0.0067688724459202716 -0.012448300792694473 0.0042841262654388368 0.0019330450339341333 -0.0011830804811719499 -0.0028986316498078092 -0.0092603475181979537 0.027191907211589816 0.0073455812739313571 0.0045319609914292519 0.013893158394846773 -0.0017252984697786189 0.0023636749316714892
leaf_weight=45334 7742 111772 198420 48499 38003 50734 24879 4248 9402 60784 5162 59933 1440 2005 191185 3323 5909 36956 14462 68114 69030 162119 46204 72173 8207 13551 5307 35247 167918 125085
leaf_count=45334 7742 111772 198420 48499 38003 50734 24879 4248 9402 60784 5162 59933 1440 2005 191185 3323 5909 36956 14462 68114 69030 162119 46204 72173 8207 13551 5307 35247 167918 125085
internal_value=-7.1435e-05 -0.000542922 -0.00106265 -0.000620989 0.000639439 0.00193166 -0.00250404 -0.00182538 -0.000585147 0.00126663 -0.00338826 0.000315252 0.00149431 0.00208912 0.00170661 -0.00025352 0.000955252 -0.00430695 -0.00373629 0.000697538 0.00207422 0.000157449 -0.0026649 -0.00339898 0.00974914 0.00565679 -0.00459732 0.00016931 0.00057243 -1.70647e-07
internal_weight=1.69315e+06 1.37055e+06 952056 728757 418492 322599 223299 288735 116552 70186 46366 380489 271865 202837 193190 69028 51243 42118 17785 320556 90323 230233 172183 123684 9647 21293 77480 440022 328250 293003
internal_count=1693147 1370548 952056 728757 418492 322599 223299 288735 116552 70186 46366 380489 271865 202837 193190 69028 51243 42118 17785 320556 90323 230233 172183 123684 9647 21293 77480 440022 328250 293003
is_linear=0
shrinkage=0.05


Tree=32
num_leaves=31
num_cat=0
split_feature=10 16 10 18 7 18 10 6 9 8 10 16 18 18 16 18 7 10 16 9 18 9 21 18 18 9 18 18 9 18
split_gain=617.704 353.493 299.652 166.078 159.217 151.966 141.1 136.874 135.065 129.028 125.46 113.153 111.765 174.781 110.025 85.8996 85.2235 79.2993 77.6597 76.9492 73.3356 63.4547 62.964 56.0711 68.7791 126.757 65.7093 70.4318 63.8028 54.1836
threshold=0.90143132209777843 1.1870225667953493 1.2963936924934389 -0.64778602123260487 -2.9943220615386958 0.95819556713104259 1.7774003148078921 -1.0356436967849729 0.00032505091803614056 -4.9141917228698722 0.67747738957405101 0.72424450516700756 0.29862368106842047 0.9404343068599702 1.1870225667953493 0.01527100056409836 1.4480540752410891 1.2219725251197817 1.5862277150154116 0.00058903728495351981 0.80255532264709484 0.00023108132882043722 0.65450850129127514 -0.61393940448760975 -0.69308573007583607 0.00036461926356423652 0.40872775018215185 -0.054514370858669274 0.00021779559756396341 -0.20577672123908994
decision_type=2 2 2 2 2 2 2 2 2 2 2 2 2 2 2 2 2 2 2 2 2 2 2 2 2 2 2 2 2 2
left_child=4 2 3 9 -1 10 -4 18 12 21 -6 -11 16 -14 23 19 -5 -9 -3 -10 -17 -2 -7 24 28 -26 27 29 -12 -25
right_child=1 7 6 8 5 22 -8 17 15 11 14 -13 13 -15 -16 20 -18 -19 -20 -21 -22 -23 -24 26 25 -27 -28 -29 -30 -31
leaf_value=0.010227091952798251 0.0089037814121563693 0.002458560502295959 -0.0060100428818115337 0.0049107233792337612 0.0083484081616409089 0.014951154929977074 -0.015222804413915304 0.0012656192240803666 0.0016013132967457877 -0.0093753844081677987 0.0025865101594149675 -0.0038253795793824598 -0.0030213284005548569 0.0036161722223916563 0.0057286811899086749 -0.0071323912164946495 -0.0018252823459976976 -0.0032528436838490495 0.0093588571434749922 -0.0053238461140004524 -0.0016082363923958954 -0.0011540531811112253 -9.8583579750755054e-05 0.0035743282529053788 -0.01570060282966499 0.0068724246762630892 -0.00027775674225830608 0.0083354834944201935 -0.0022075513868394792 -0.0055761190794956176
leaf_weight=48736 8662 60595 94258 86245 57082 27094 6961 149990 42726 40277 53419 127396 173525 74079 79266 48633 34152 54105 33924 21144 28028 20872 6968 35130 7393 3971 120197 46027 87706 14586
leaf_count=48736 8662 60595 94258 86245 57082 27094 6961 149990 42726 40277 53419 127396 173525 74079 79266 48633 34152 54105 33924 21144 28028 20872 6968 35130 7393 3971 120197 46027 87706 14586
internal_value=-7.02538e-05 -0.000766481 -0.00131035 -0.000945463 0.00123976 0.000992226 -0.00385451 0.000703249 -0.000467817 -0.00217715 0.000774104 -0.00271391 3.57336e-05 -0.000571881 0.000492634 -0.00178644 0.00128533 -2.52333e-05 0.00227626 -0.000432128 -0.00291478 0.000870184 0.00422465 0.000129062 -0.000604962 -0.00434706 0.000647402 0.00162466 -0.000303632 0.000319817
internal_weight=1.69315e+06 1.10557e+06 806958 705739 587575 538839 101219 298614 508532 197207 504777 167673 368001 247604 447695 140531 120397 204095 94519 63870 76661 29534 34062 368429 152489 11364 215940 95743 141125 49716
internal_count=1693147 1105572 806958 705739 587575 538839 101219 298614 508532 197207 504777 167673 368001 247604 447695 140531 120397 204095 94519 63870 76661 29534 34062 368429 152489 11364 215940 95743 141125 49716
is_linear=0
shrinkage=0.05


Tree=33
num_leaves=31
num_cat=0
split_feature=9 9 19 19 18 18 19 19 18 18 18 19 19 9 18 19 18 18 18 19 8 6 18 7 6 9 18 20 4 8
split_gain=562.672 290.272 247.906 258.562 230.988 378.373 248.75 183.79 177.092 155.532 133.794 128.122 126.446 125.363 124.091 129.832 217.584 267.874 122.057 263.134 117.982 115.953 115.468 109.188 108.796 108.277 104.419 102.242 96.7124 96.5941
threshold=0.00031170174770522868 0.00012406220776028934 0.24826665222644809 0.78396254777908336 0.19722913205623629 0.26092512905597692 0.86927726864814769 0.46754305064678198 -0.71477618813514698 0.62080430984497081 -0.78396254777908314 0.82535797357559215 0.94190874695777904 0.00068636270589195203 0.98120620846748363 0.81537854671478283 -0.50941574573516835 0.19722913205623629 0.067579798400402083 -0.6867687702178954 -4.2889041900634757 -2.3899494409561153 0.26092512905597692 -4.5019676685333243 -0.074536189436912523 0.00018696257029660049 0.77851521968841564 -0.76942089200019825 -0.00071512392605654884 -8.0490031242370588
decision_type=2 2 2 2 2 2 2 2 2 2 2 2 2 2 2 2 2 2 2 2 2 2 2 2 2 2 2 2 2 2
left_child=1 14 24 8 6 -6 11 13 10 20 -4 -5 28 18 15 -1 27 23 19 -2 -10 -9 -19 -18 -3 -11 -20 -17 -8 -28
right_child=7 2 3 4 5 -7 12 21 9 25 -12 -13 -14 -15 -16 16 17 22 26 -21 -22 -23 -24 -25 -26 -27 29 -29 -30 -31
leaf_value=0.0019542377893065677 0.0031829079534508643 0.0036987292108939698 -0.0023999362375792367 -0.00026671953046351063 0.032039827119799254 0.0027585125685684834 0.012856667143337885 0.0076930108552540621 0.0017741914269121528 -0.0021039032142524229 0.0086608664350075869 0.043171411194812361 -0.0031327411780432968 -0.0051535735179643717 0.022210332197489149 0.12965005717549158 0.03609133076457658 0.064018134593913117 -0.0064169990223638118 -0.0030921094081263647 -0.017771737892148278 -0.0072685375729748874 0.015888778852024221 0.0020303854075926389 0.00051808857522501193 -0.0074212737146126528 0.023167951683910743 0.030661633377230803 -0.02103327985740655 -0.0017131776091506403
leaf_weight=110799 136655 250807 76043 3690 11744 80350 859 4374 2615 64098 17775 4813 67369 69606 16156 1451 1989 4962 60324 133946 10211 70856 6329 57661 289146 60529 1718 8164 5485 62623
leaf_count=110799 136655 250807 76043 3690 11744 80350 859 4374 2615 64098 17775 4813 67369 69606 16156 1451 1989 4962 60324 133946 10211 70856 6329 57661 289146 60529 1718 8164 5485 62623
internal_value=-6.94269e-05 0.000554402 0.000182754 -0.000751391 0.000702771 0.00242252 -0.00122361 -0.00140122 -0.0018474 -0.00299048 -0.000172675 0.00687404 -0.00215769 -0.00103018 0.00224783 0.00189256 0.00341998 0.00246331 -0.000685614 -8.92458e-05 -0.00823328 -0.00369401 0.00952529 0.00112657 0.000884429 -0.00245091 -0.00198011 0.0104784 -0.00890605 -0.000578947
internal_weight=1.69315e+06 1.15304e+06 945534 405581 174310 92094 82216 540102 231271 137453 93818 8503 73713 464872 207511 191355 80556 70941 395266 270601 12826 75230 11291 59650 539953 124627 124665 9615 6344 64341
internal_count=1693147 1153045 945534 405581 174310 92094 82216 540102 231271 137453 93818 8503 73713 464872 207511 191355 80556 70941 395266 270601 12826 75230 11291 59650 539953 124627 124665 9615 6344 64341
is_linear=0
shrinkage=0.05


Tree=34
num_leaves=31
num_cat=0
split_feature=10 6 16 10 11 18 9 6 10 19 19 10 19 18 19 7 18 18 18 8 3 19 18 18 19 7 19 20 20 16
split_gain=569.387 251.415 241.69 198.441 175.137 131.487 124.048 119.18 114.999 88.2914 143 84.6058 84.204 84.0105 159.785 82.7474 78.4526 76.2771 76.0882 76.06 74.3707 73.887 73.6862 116.962 129.943 73.0424 70.7453 69.3708 68.7835 68.4539
threshold=1.0240270495414736 -1.0556558966636655 1.2422586083412173 0.77480906248092662 0.50640258193016063 -0.68039956688880909 0.00028750229103025054 -3.4311625957489009 1.2884464263916018 0.26092512905597692 0.79202145338058483 1.6899983286857607 0.69934985041618358 -0.071932479739189134 0.86927726864814769 -4.2238600254058829 -0.50941574573516835 -0.045798758044838898 -0.55738157033920277 -6.3602707386016837 -0.00094816324417479325 0.66098293662071239 0.39674647152423864 0.19722913205623629 0.96304282546043407 -0.19136250764131543 0.47907376289367681 -0.76942089200019825 1.0000000180025095e-35 1.4124838113784792
decision_type=2 2 2 2 2 2 2 2 2 2 2 2 2 2 2 2 2 2 2 2 2 2 2 2 2 2 2 2 2 2
left_child=2 7 3 17 -3 12 9 -2 -7 -5 19 29 21 14 18 -4 -10 28 27 -11 -18 -6 23 -15 -25 -16 -8 -12 -1 -9
right_child=1 4 15 6 5 8 26 11 16 10 13 -13 -14 22 25 -17 20 -19 -20 -21 -22 -23 -24 24 -26 -27 -28 -29 -30 -31
leaf_value=0.0052381744178389925 0.011992048977893289 -0.0077071286651860804 0.017788374702412901 0.0024896636236362958 -0.005738048990788603 -0.00095351476332650176 -0.0014543431937071084 -0.00035381141740154501 0.008655008297491185 0.0056248087122835362 0.041151934402016289 -0.01006302770114278 -0.017183659503866935 0.0047585855342981154 0.00045010190189722634 0.0054104526819848736 -0.012815444053947307 0.0083649259048994336 0.042710686268294752 -0.003724841649201849 -0.0047184493693106849 0.0090372972274859308 0.00074796461109762904 0.0085319501547801487 0.054788127031347326 -0.013625640860518151 -0.0065999222319410248 -0.010103424290052577 -0.001333627296554274 0.0052141451353078907
leaf_weight=53814 11490 65596 8065 242983 75228 267007 202505 122670 3982 13348 684 5139 2869 19134 7425 162664 4914 78309 3081 117130 80177 3417 21957 5780 4678 9810 23135 2409 44661 29086
leaf_count=53814 11490 65596 8065 242983 75228 267007 202505 122670 3982 13348 684 5139 2869 19134 7425 162664 4914 78309 3081 117130 80177 3417 21957 5780 4678 9810 23135 2409 44661 29086
internal_value=-6.96632e-05 -0.00120054 0.000673766 0.000329262 -0.00176017 -0.00139901 -6.17898e-05 0.000471835 -0.000984329 0.000419362 -0.000343659 0.000111858 -0.00321049 0.00139678 -0.00108719 0.00239063 -0.00254005 0.0018203 0.00581471 -0.00134352 -0.00286105 -0.00290355 0.00252478 0.00415315 0.00840505 -0.00355962 -0.00101799 0.000274814 0.000894136 0.000325523
internal_weight=1.69315e+06 671575 1.02157e+06 850843 503190 437594 674059 168385 356080 448419 205436 156895 81514 74958 23409 170729 89073 176784 6174 130478 85091 78645 51549 29592 10458 17235 225640 3093 98475 151756
internal_count=1693147 671575 1021572 850843 503190 437594 674059 168385 356080 448419 205436 156895 81514 74958 23409 170729 89073 176784 6174 130478 85091 78645 51549 29592 10458 17235 225640 3093 98475 151756
is_linear=0
shrinkage=0.05


Tree=35
num_leaves=31
num_cat=0
split_feature=10 16 10 11 11 7 10 19 0 7 19 10 7 7 19 8 10 16 19 4 19 19 10 5 19 19 2 19 13 15
split_gain=521.779 252.594 203.188 201.201 138.518 111.313 105.54 92.9383 91.6258 79.946 67.5315 66.2217 66.0815 60.6007 56.8602 52.9504 49.9764 48.8475 47.3901 45.1735 50.9747 101.399 44.3775 43.6077 53.1637 138.796 47.1608 46.9925 42.9464 39.0551
threshold=1.0768319368362429 1.1870225667953493 0.77480906248092662 0.69492599368095409 2.4694588184356694 -3.0494977235794063 1.7774003148078921 -0.99115538597106922 0.00024560058955103164 -4.2238600254058829 0.79994463920593273 1.4086553454399111 -2.7081998586654659 -4.352768898010253 -0.92304024100303639 5.7558882236480722 0.81507357954978954 0.92358902096748363 0.83985477685928356 -0.0014466074062511323 0.43247817456722265 0.7475065588951112 0.67747738957405101 0.001911897386889905 0.37258200347423559 0.79202145338058483 0.00027599101304076617 0.70864605903625499 1.3106148242950442 0.34002813696861273
decision_type=2 2 2 2 2 2 2 2 2 2 2 2 2 2 2 2 2 2 2 2 2 2 2 2 2 2 2 2 2 2
left_child=1 2 22 6 8 -4 12 15 11 10 -3 13 -2 18 29 -7 -11 23 -5 -14 -21 -22 -1 24 26 27 -9 -26 -18 -15
right_child=3 9 5 4 -6 7 -8 17 -10 16 -12 -13 19 14 -16 -17 28 -19 -20 20 21 -23 -24 -25 25 -27 -28 -29 -30 -31
leaf_value=0.0078973628330196947 0.00064228265218675424 0.0091432602658950597 0.004722719633997086 0.0046179015961779982 0.011588608855025929 0.0078121197989291964 -0.014099612414906426 0.00034992849326045408 -0.0048878843075047425 0.008552138291519424 0.033052085621904696 -0.0045179268575767815 -0.0089779676186034774 0.0098619156403113254 -0.001500419433106115 -0.0061092612484705544 0.0030534847279917346 6.6823249679909269e-05 0.029721261843626834 -0.0039909298541286773 -0.012835156976463119 -0.0052580632049784139 0.0028414183413668194 -0.0047796312398278584 -0.0047843092123440074 0.00095117858165059141 -0.0034018438663222131 -0.009862120528324643 0.022729726761966818 0.0011383324197184797
leaf_weight=54507 16801 9186 53460 9020 11864 25370 4994 182379 62455 52512 2323 41053 9423 7332 194871 3781 181206 264918 1402 79575 13222 33041 116143 42872 58167 57751 52626 15672 1846 33375
leaf_count=54507 16801 9186 53460 9020 11864 25370 4994 182379 62455 52512 2323 41053 9423 7332 194871 3781 181206 264918 1402 79575 13222 33041 116143 42872 58167 57751 52626 15672 1846 33375
internal_value=-6.44658e-05 0.000518635 0.000140247 -0.00138573 -0.00073636 -0.000211098 -0.00287986 -0.000378232 -0.000916717 0.00193931 0.00600834 -0.000539099 -0.00264497 -0.000228862 -0.000393925 0.00238585 0.0017405 -0.000497713 0.00350221 -0.00301232 -0.00276228 -0.0040821 0.0016988 -0.000839994 -0.000663539 -0.0014682 -0.000212974 -0.00290429 0.00135044 0.00130567
internal_weight=1.69315e+06 1.17472e+06 927646 518428 361372 756996 157056 703536 349508 247073 11509 287053 152062 246000 235578 29151 235564 674385 10422 135261 125838 46263 170650 409467 366595 131590 235005 73839 183052 40707
internal_count=1693147 1174719 927646 518428 361372 756996 157056 703536 349508 247073 11509 287053 152062 246000 235578 29151 235564 674385 10422 135261 125838 46263 170650 409467 366595 131590 235005 73839 183052 40707
is_linear=0
shrinkage=0.05


Tree=36
num_leaves=31
num_cat=0
split_feature=10 16 9 10 11 9 18 7 10 18 16 9 9 7 10 11 16 7 10 18 18 9 18 8 10 6 18 21 10 9
split_gain=477.275 235.183 187.955 162.188 140.808 123.475 115.972 109.148 104.064 102.655 98.3061 85.7155 79.1124 67.0197 60.1345 57.6537 57.35 53.68 53.631 53.5596 112.295 81.0298 62.5114 61.719 53.5267 52.2665 70.3977 51.2315 49.3918 48.9549
threshold=0.99154770374298107 1.0327899456024172 0.00022990147408563646 1.5913242697715761 2.3599569797515874 6.6695167333818986e-05 -0.68039956688880909 -1.3181624412536619 1.4086553454399111 0.96065577864646923 1.1361498832702639 0.0001465181267121807 0.00014136235404293987 -2.4128136634826656 0.68469759821891796 0.64970201253891002 1.734158515930176 -6.0227084159851065 1.2617595195770266 -0.74168145656585682 0.02835773024708033 0.00055919805890880536 0.94336524605751049 -1.4625871181488035 1.1338242888450625 0.26256848871707922 -0.71477618813514698 0.65450850129127514 0.69842174649238598 0.0011624655453488233
decision_type=2 2 2 2 2 2 2 2 2 2 2 2 2 2 2 2 2 2 2 2 2 2 2 2 2 2 2 2 2 2
left_child=2 3 5 6 8 -1 13 14 11 15 25 -3 -8 -2 -7 -9 -16 -6 -14 -13 21 23 24 -21 -22 26 -4 -11 -27 -10
right_child=1 4 10 -5 17 7 12 9 29 27 -12 19 18 -15 16 -17 -18 -19 -20 20 22 -23 -24 -25 -26 28 -28 -29 -30 -31
leaf_value=0.015697600469131469 4.9062742686689646e-05 0.0067049354343768188 -0.001976931064996934 -0.01076534108245133 0.038336290839160903 0.016343748566940909 0.0027080146448952959 -0.0016320891080329636 -0.0039169183734434178 0.011747108998700174 0.0032265274916137791 -0.0034059474002752 -0.0021080474244608571 -0.0064817756155926059 0.004333325302294677 0.0021348188359666454 0.019407573214558518 0.0086219075213473991 -0.00491671953294745 0.012044353868084102 -0.00072340438139476557 -0.0023948418017386455 0.002544896297017363 0.0036072090247485536 -0.0049836732276837825 0.005159190313539886 0.0019856576578729415 -0.0022749517206396507 -0.0031004077008000511 -0.012333996430304328
leaf_weight=23533 13884 35824 75177 13913 885 12842 34795 82106 40240 29177 81698 43827 223925 77268 113871 242790 5474 17942 63746 16679 58314 16806 37296 34502 46598 8439 98714 6678 133608 2596
leaf_count=23533 13884 35824 75177 13913 885 12842 34795 82106 40240 29177 81698 43827 223925 77268 113871 242790 5474 17942 63746 16679 58314 16806 37296 34502 46598 8439 98714 6678 133608 2596
internal_value=-6.19852e-05 -0.000971324 0.000712991 -0.00175905 -1.32287e-05 0.00134209 -0.00158044 0.00117317 -0.000251291 0.000722798 -0.000104115 8.86678e-05 -0.00113531 -0.00315517 0.00240228 0.000442603 0.00205245 0.00419345 -0.00140768 -0.000234232 9.72906e-05 0.00176872 -0.000701789 0.00275786 -0.00132683 -0.000503896 7.73473e-05 0.00326175 -0.00121544 -0.00255159
internal_weight=1.69315e+06 779040 914107 427531 351509 516471 413618 492938 332682 360751 397636 289846 322466 91152 132187 324896 119345 18827 287671 254022 210195 67987 142208 51181 104912 315938 173891 35855 142047 42836
internal_count=1693147 779040 914107 427531 351509 516471 413618 492938 332682 360751 397636 289846 322466 91152 132187 324896 119345 18827 287671 254022 210195 67987 142208 51181 104912 315938 173891 35855 142047 42836
is_linear=0
shrinkage=0.05


Tree=37
num_leaves=31
num_cat=0
split_feature=10 11 10 18 19 18 19 7 9 18 18 19 16 6 7 10 18 19 19 9 0 9 10 19 9 7 8 16 9 19
split_gain=441.346 264.833 256.622 181.22 163.702 289.815 190.756 161.023 135.192 132.989 161.095 132.915 125.492 121.856 106.111 102.936 98.2379 103.885 99.8688 94.0168 93.9307 92.994 86.0214 83.2482 74.4881 72.8896 69.0025 67.5506 67.2245 68.187
threshold=0.89590087532997142 1.58635950088501 1.4247708320617678 0.94622433185577404 -0.91265374422073353 -0.2143086493015289 0.80773079395294201 -3.8974733352661128 0.00041411629354115581 -0.50941574573516835 -0.11970336735248564 -0.99115538597106922 0.72424450516700756 -1.9005667567253111 -0.54961737990379322 1.1731162667274477 0.95819556713104259 -0.2100446820259094 -0.99115538597106922 0.00031824797042645519 0.00021330226445570591 0.0011624655453488233 0.67747738957405101 0.70864605903625499 0.00013087081606499853 2.8689403533935551 13.136122703552248 1.1112387180328371 0.0002758622140390799 -0.2185685262084007
decision_type=2 2 2 2 2 2 2 2 2 2 2 2 2 2 2 2 2 2 2 2 2 2 2 2 2 2 2 2 2 2
left_child=13 2 3 4 5 8 12 -8 -2 -9 14 24 23 -1 -11 -13 18 -18 -15 -12 -3 -4 -20 -6 -7 -14 -16 -24 29 -5
right_child=1 20 21 28 6 11 7 9 -10 10 19 15 25 16 26 -17 17 -19 22 -21 -22 -23 27 -25 -26 -27 -28 -29 -30 -31
leaf_value=0.0088866713822098441 0.018921967617968195 0.0057465074053719874 -0.0058192329196052276 0.011967475907504334 -0.0052707566104801601 -0.021087800268882646 0.019272523337824123 0.026288008647314648 0.0021759544002498466 0.0014414898478319227 0.00266276004895053 -0.0026009707390543813 -0.0030362091927937486 0.013968968542998962 -0.011958662186247811 -0.010755770942632487 0.031334696653293685 0.0068572706815537513 0.0066543664018739682 -0.0051610557602487454 -0.00067744765550641355 -0.013935282872068923 -7.0384969588321858e-05 -0.012389501541558835 0.0035504250534085682 0.00098892873938868919 0.082346927689800453 0.0038304484398654806 -0.0021733913557628773 0.0032199054231181637
leaf_weight=44868 19979 79640 64112 12022 97132 1758 5183 6136 16319 8771 90560 51566 362789 13649 18248 12952 4066 28488 57853 16949 44265 4403 322462 10367 48213 49966 157 96186 27757 76331
leaf_count=44868 19979 79640 64112 12022 97132 1758 5183 6136 16319 8771 90560 51566 362789 13649 18248 12952 4066 28488 57853 16949 44265 4403 322462 10367 48213 49966 157 96186 27757 76331
internal_value=-6.4702e-05 -0.000637941 -0.000907684 -0.000690828 -0.000953497 0.000534197 -0.00129019 0.000306841 0.00442724 -1.1717e-05 -0.000339681 -0.000700067 -0.00173838 0.00107211 -0.00377907 -0.00219939 0.000857464 0.00351723 0.000680812 0.000529723 0.00154271 -0.0038612 0.00056002 -0.00326003 0.00123572 -0.00134208 -0.00593589 0.000310285 0.00115752 0.00183186
internal_weight=1.69315e+06 1.12558e+06 1.00167e+06 933155 817045 150787 666258 146004 36298 140821 134685 114489 520254 567572 27176 64518 522704 32554 490150 107509 123905 68515 476501 107499 49971 412755 18405 418648 116110 88353
internal_count=1693147 1125575 1001670 933155 817045 150787 666258 146004 36298 140821 134685 114489 520254 567572 27176 64518 522704 32554 490150 107509 123905 68515 476501 107499 49971 412755 18405 418648 116110 88353
is_linear=0
shrinkage=0.05


Tree=38
num_leaves=31
num_cat=0
split_feature=9 10 6 11 6 9 1 6 18 5 18 18 18 18 10 18 18 18 16 5 9 11 18 18 18 18 18 10 5 9
split_gain=410.853 300.31 188.182 150.542 119.378 108.614 104.073 100.071 93.7577 100.239 84.991 73.7881 140.021 99.6102 71.2878 70.8118 69.2925 66.0346 65.8006 63.6259 63.1117 59.8327 56.551 97.6411 70.6056 55.4636 55.2376 52.8423 52.2449 52.0785
threshold=0.0001465181267121807 1.1370719671249392 -0.42897498607635492 0.55918949842453014 2.5906715393066411 6.6695167333818986e-05 -0.00031270504405256355 -3.4311625957489009 0.98120620846748363 -0.00021611999545712021 0.95037782192230236 -0.68039956688880909 -0.23980389535427091 -0.38066601753234858 0.81999412178993236 -0.50941574573516835 0.994289129972458 0.92636218667030346 0.91787749528884899 0.0047392419073730716 0.00095155177405104052 0.87880167365074169 -0.59306621551513661 -0.49052239954471583 -0.071932479739189134 -0.55738157033920277 -0.11970336735248564 0.89219811558723461 0.0030537064885720615 0.00068636270589195203
decision_type=2 2 2 2 2 2 2 2 2 2 2 2 2 2 2 2 2 2 2 2 2 2 2 2 2 2 2 2 2 2
left_child=5 2 7 20 14 22 -5 -2 9 -7 27 19 13 15 -4 -13 -10 -14 -16 29 -3 26 -1 25 -25 -24 -11 28 -9 -8
right_child=1 3 4 6 -6 8 11 10 16 21 -12 12 17 -15 18 -17 -18 -19 -20 -21 -22 -23 23 24 -26 -27 -28 -29 -30 -31
leaf_value=0.00037391952414205236 0.014533757116928482 -0.0063810961780382041 0.00084252605395698787 0.0008101983364638077 0.0055737770495516321 0.0058489993955335943 -0.0066563319866103201 0.0036219918233265647 0.022256424243970854 -0.0051653317040810005 0.0083839154806777949 0.0054954974647233425 -0.0049762446217546663 0.011386484914355755 -0.0032912602846969009 -0.0054368564821836163 0.0044673974058081602 -0.00079548351120523053 -0.00084905574070258676 0.0084489134726900787 -0.015244158931169139 0.0030336125580505083 0.023555480243204575 0.0018544917977165289 0.024889538657937416 0.1005337074689487 0.0011452108392737471 0.00012923679175658732 -0.0097856453610444434 -0.013307690118882066
leaf_weight=5577 7528 55668 125680 68573 37889 97322 26847 121867 13275 35606 27468 8743 107913 13030 235238 12088 13476 41926 253169 1647 3032 87890 1369 7289 11189 1318 48288 214878 2970 4394
leaf_count=5577 7528 55668 125680 68573 37889 97322 26847 121867 13275 35606 27468 8743 107913 13030 235238 12088 13476 41926 253169 1647 3032 87890 1369 7289 11189 1318 48288 214878 2970 4394
internal_value=-6.12174e-05 -0.000439094 -1.07628e-05 -0.00171799 -0.000523946 0.00154418 -0.00124333 0.000882147 0.00126835 0.000987715 0.00076515 -0.0017808 -0.00139031 0.00151354 -0.000692003 -0.000631271 0.00409144 -0.00204653 -0.000965281 -0.00396193 -0.00402385 0.000261375 0.00459577 0.00577605 0.004481 0.0146818 -0.000693733 0.000548842 0.00136698 -0.00446689
internal_weight=1.69315e+06 1.37055e+06 1.02669e+06 343861 651976 322599 285161 374711 295857 269106 367183 216588 183700 33861 614087 20831 26751 149839 488407 32888 58700 171784 26742 21165 18478 2687 83894 339715 124837 31241
internal_count=1693147 1370548 1026687 343861 651976 322599 285161 374711 295857 269106 367183 216588 183700 33861 614087 20831 26751 149839 488407 32888 58700 171784 26742 21165 18478 2687 83894 339715 124837 31241
is_linear=0
shrinkage=0.05


Tree=39
num_leaves=31
num_cat=0
split_feature=6 13 16 18 6 19 18 19 18 19 19 18 18 8 5 5 20 19 18 16 18 19 19 18 19 20 18 3 4 17
split_gain=284.9 166.196 160.484 141.915 107.327 102.205 203.567 99.0397 166.23 100.453 87.9728 115.956 121.872 87.161 92.7517 83.1627 81.2422 79.282 78.0651 75.4901 71.3878 61.6924 100.197 95.2008 144.68 138.075 109.738 64.2743 63.3548 64.2875
threshold=-1.0556558966636655 0.38664460182189947 1.6053331494331362 0.95037782192230236 2.5906715393066411 0.81537854671478283 -0.49052239954471583 -0.91265374422073353 -0.2143086493015289 -0.99115538597106922 0.47907376289367681 -0.70556074380874623 -0.75039777159690846 -5.8146398067474356 -0.0040254744235426179 0.0028126583201810722 -0.76942089200019825 -0.2100446820259094 -0.55738157033920277 0.71183040738105785 -0.71477618813514698 0.78396254777908336 0.47907376289367681 0.17149884253740313 0.96304282546043407 -0.76942089200019825 -1.0000000180025095e-35 0.00039265790837816899 0.0037035822169855241 0.93172523379325878
decision_type=2 2 2 2 2 2 2 2 2 2 2 2 2 2 2 2 2 2 2 2 2 2 2 2 2 2 2 2 2 2
left_child=2 3 5 4 7 10 18 8 15 -10 20 12 -12 -9 -15 -2 -13 -5 -7 -16 -1 22 -21 25 -25 26 -23 -27 29 -24
right_child=1 -3 -4 17 -6 6 -8 13 9 -11 11 16 -14 14 19 -17 -18 -19 -20 21 -22 23 28 24 -26 27 -28 -29 -30 -31
leaf_value=-0.0009703030565692939 0.0094272454703723599 0.0017478654788678106 0.0094065724156411571 0.0094694367944923377 0.0034533895702084541 0.014350428030765383 0.004538507705318229 0.0014680427139234843 0.0025745638436452944 -0.0044247136924783327 -0.00056487817479325961 0.0041801906766429642 0.02055644158099525 -0.012511996261391635 -0.0043920603099480539 -0.009297637755720534 -0.008443921226150208 0.00096911349471036638 0.081421598522965835 -0.0018011985125657992 0.0030018951874686119 0.064684820113792174 -0.0039176270437560447 0.00047393387056946515 0.019043108120175657 -0.0029238532264604157 0.0027443594630953585 -0.010782097927308937 0.027317864381412343 -0.0089454780446297961
leaf_weight=75594 30582 234772 40462 18333 51199 981 53089 54422 44460 63192 13681 6050 3544 6508 188388 2961 27909 93942 1930 322892 164792 1814 42977 46602 11148 42499 3681 11040 482 33221
leaf_count=75594 30582 234772 40462 18333 51199 981 53089 54422 44460 63192 13681 6050 3544 6508 188388 2961 27909 93942 1930 322892 164792 1814 42977 46602 11148 42499 3681 11040 482 33221
internal_value=-5.96818e-05 -0.000413335 0.0011298 -0.000677587 -0.000874677 0.000782864 0.00273929 -0.00100042 0.000216367 -0.000741277 0.000407106 -0.00147507 0.00186647 -0.0012248 -0.00137237 0.00328981 -0.00317 0.00100423 0.0156132 -0.0013175 0.000807867 -0.00100493 -0.00130039 5.99397e-06 0.00144935 -0.00140597 0.00614195 -0.00218065 -0.00292514 -0.00303945
internal_weight=1.69315e+06 1.30512e+06 388032 1.07034e+06 958068 347570 56000 906869 141195 107652 291570 51184 17225 765674 711252 33543 33959 112275 2911 704744 240386 516356 399572 116784 57750 59034 5495 53539 76680 76198
internal_count=1693147 1305115 388032 1070343 958068 347570 56000 906869 141195 107652 291570 51184 17225 765674 711252 33543 33959 112275 2911 704744 240386 516356 399572 116784 57750 59034 5495 53539 76680 76198
is_linear=0
shrinkage=0.05


Tree=40
num_leaves=31
num_cat=0
split_feature=9 10 8 19 19 19 18 18 19 20 10 18 9 18 18 9 18 19 18 18 19 19 18 5 5 18 1 18 19 10
split_gain=382.313 237.802 164.406 144.266 138.376 243.681 182.86 329.206 174.582 190.204 123.675 111.242 102.682 102.52 101.336 89.8241 87.8564 124.101 229.901 81.9839 128.862 91.9668 81.7952 86.1615 81.179 92.9626 79.2179 82.5053 175.217 125.483
threshold=0.00032051738526206469 0.82919442653656017 -3.8724954128265376 0.46754305064678198 0.24826665222644809 0.78396254777908336 0.19722913205623629 0.26092512905597692 0.86927726864814769 -0.76942089200019825 1.2435755133628847 -0.12836257368326184 0.00018696257029660049 -0.78396254777908314 0.01527100056409836 0.00084653412341140221 0.79467767477035534 -0.94190874695777882 -0.2143086493015289 0.39674647152423864 0.45593219995498663 0.58954745531082164 -0.71477618813514698 0.00094065521261654805 0.00040862553578335797 -0.44424325227737421 -0.00085449955076910545 -0.010908065363764761 -0.6867687702178954 1.189502000808716
decision_type=2 2 2 2 2 2 2 2 2 2 2 2 2 2 2 2 2 2 2 2 2 2 2 2 2 2 2 2 2 2
left_child=1 -1 19 15 16 12 8 10 9 -7 -8 24 -6 -5 -13 26 17 18 -4 21 -21 -3 -14 -24 25 -10 -2 28 -28 -29
right_child=3 2 4 13 5 6 7 -9 11 -11 -12 14 22 -15 -16 -17 -18 -19 -20 20 -22 -23 23 -25 -26 -27 27 29 -30 -31
leaf_value=0.0045417073934088895 0.0036020832482357825 0.0028424368873485152 0.020136823255161182 -0.01476671506279238 -0.002696417058733247 0.080229893907175678 0.041027802558145102 0.0017402155966441792 -0.019422649212943045 0.0041537882494619765 -0.00071396796922578169 0.0062038088958887294 -0.0032985259416232538 -0.0045535823986428857 -0.0047281933156007429 -0.0055525993511114646 0.0032364625361284097 -0.0021744668627760701 0.00070461840424549402 0.0040370604732020759 -0.005819787703284774 0.010619002392815569 -0.011391670563713919 -0.0035105152016357225 -0.015116674591536839 -0.0020885970702595458 0.001889230860815827 -0.0017108866483495856 -0.0031148104429410297 -0.0074492748887497852
leaf_weight=280337 28304 53052 12074 7673 95045 2312 9238 61807 2130 7354 2403 19776 31243 62120 31984 33767 145556 164227 80075 52748 22937 31900 30925 13667 10899 18291 135743 80143 129509 35908
leaf_count=280337 28304 53052 12074 7673 95045 2312 9238 61807 2130 7354 2403 19776 31243 62120 31984 33767 145556 164227 80075 52748 22937 31900 30925 13667 10899 18291 135743 80143 129509 35908
internal_value=-5.96227e-05 0.000435855 3.96268e-05 -0.00119893 -0.000275505 -0.00102262 0.000340566 0.00220428 -0.00113536 0.0052245 0.00991753 -0.0018753 -0.00234843 -0.00331194 -0.000452087 -0.000866312 0.000351054 -0.000205948 0.00126263 0.00148938 0.00029266 0.00255556 -0.00372058 -0.00509508 -0.00422733 -0.00236766 -0.000661976 -0.000851423 -0.000364936 -0.00196336
internal_weight=1.69315e+06 1.17998e+06 899643 513167 739006 337074 166194 73448 92746 9666 11641 83080 170880 69793 51760 443374 401932 256376 92149 160637 75685 84952 75835 44592 31320 20421 409607 381303 265252 116051
internal_count=1693147 1179980 899643 513167 739006 337074 166194 73448 92746 9666 11641 83080 170880 69793 51760 443374 401932 256376 92149 160637 75685 84952 75835 44592 31320 20421 409607 381303 265252 116051
is_linear=0
shrinkage=0.05


Tree=41
num_leaves=31
num_cat=0
split_feature=10 9 6 10 17 9 6 19 19 18 18 18 7 20 18 10 9 18 19 19 18 18 18 19 18 18 18 18 18 20
split_gain=365.407 189.394 160.087 135.303 127.296 105.088 95.9129 93.9698 99.534 214.919 197.348 139.795 131.595 152.085 101.639 95.4359 88.3114 81.843 89.6502 79.6052 76.7578 135.907 117.181 76.2219 258.571 75.8558 70.2912 69.9354 68.9044 67.7991
threshold=1.0669687390327456 0.00020516174117801714 -2.515454769134521 1.7774003148078921 1.0801431536674502 7.0841619162820293e-05 -0.36816385388374323 0.19722913205623629 0.79202145338058483 0.15858851373195651 0.27353890240192419 0.19722913205623629 0.21310736984014514 -0.76942089200019825 0.054514370858669288 0.69842174649238598 0.00041411629354115581 -0.71477618813514698 0.26092512905597692 0.78396254777908336 -0.71477618813514698 -0.7589854598045348 -0.62762191891670216 -0.92304024100303639 -0.29862368106842035 0.96065577864646923 -0.87142586708068837 0.97581917047500621 -0.071932479739189134 -0.76942089200019825
decision_type=2 2 2 2 2 2 2 2 2 2 2 2 2 2 2 2 2 2 2 2 2 2 2 2 2 2 2 2 2 2
left_child=1 5 -2 4 -4 29 17 15 20 12 11 -11 -10 14 -14 -7 23 -3 -19 -20 21 26 -22 24 -6 -17 -9 -27 -15 -1
right_child=2 6 3 -5 16 7 -8 8 9 10 -12 -13 13 28 -16 25 -18 18 19 -21 22 -23 -24 -25 -26 27 -28 -29 -30 -31
leaf_value=0.03554401829995868 0.0049572893147889876 -0.001115642660901317 -0.0041048296591074673 -0.010172169199123138 0.037374509627975575 0.020770882587110063 -0.0013091231372507452 0.003897635294599289 0.0052424078932251988 0.0078561535962007999 0.0055672548149480307 0.052685667887308864 0.057927922509985477 -0.012512398998688846 -0.0082415315806295183 0.0024281656210837447 -0.0033416862359178403 0.004612723146556752 -0.0057082293013725029 0.0026915921537089328 -0.010248100230548131 0.017560697646597512 -0.0010009013160252656 -0.00084254921099174984 0.00031769710211769221 0.028056927326175863 -0.0040332495007309845 0.0079854203227253239 -0.00063318619628329744 0.0095757104518055317
leaf_weight=3593 31764 86059 217184 11907 6111 11018 392075 39026 33829 5306 29649 8253 1852 19041 1058 130423 82255 113358 16576 20359 13034 8631 109468 168419 27044 4294 25785 37509 10511 27756
leaf_count=3593 31764 86059 217184 11907 6111 11018 392075 39026 33829 5306 29649 8253 1852 19041 1058 130423 82255 113358 16576 20359 13034 8631 109468 168419 27044 4294 25785 37509 10511 27756
internal_value=-5.77327e-05 0.000448121 -0.00112432 -0.00133764 -0.00121244 0.00115396 -0.000135974 0.000973936 0.000436906 0.00164431 0.00438808 0.00938491 -0.000144062 -0.00241821 0.00848797 0.00186909 -0.000515275 0.000659609 0.00136367 -0.000775687 -0.000237823 0.00104028 -0.00100407 4.81213e-05 0.00223948 0.00158048 0.000255358 0.00343396 -0.00349215 0.00396025
internal_weight=1.69315e+06 1.14846e+06 544684 512920 501013 520036 628427 488687 305443 109499 43208 13559 66291 32462 2910 183244 283829 236352 150293 36935 195944 73442 122502 201574 33155 172226 64811 41803 29552 31349
internal_count=1693147 1148463 544684 512920 501013 520036 628427 488687 305443 109499 43208 13559 66291 32462 2910 183244 283829 236352 150293 36935 195944 73442 122502 201574 33155 172226 64811 41803 29552 31349
is_linear=0
shrinkage=0.05


Tree=42
num_leaves=31
num_cat=0
split_feature=10 16 10 16 16 10 10 18 9 9 20 18 7 18 19 18 16 10 7 19 19 18 18 19 5 19 18 9 19 10
split_gain=333.454 175.635 126.744 126.016 103.661 96.7875 90.4249 89.7489 78.7176 71.1994 68.8558 65.159 64.5081 63.1398 65.9677 60.5829 84.6419 60.0493 56.3108 55.0342 49.9518 47.1679 46.6097 46.0676 44.2611 43.8831 121.743 93.1126 62.0387 44.9938
threshold=0.93771305680274974 1.0263038873672488 1.3588945865631106 1.2422586083412173 1.9358317852020266 1.4086553454399111 0.7302805781364442 -0.78396254777908314 0.00010683035361580552 0.000126842234749347 -1.0000000180025095e-35 0.96065577864646923 -3.0494977235794063 0.95305636525154125 -0.94190874695777882 -0.86493045091629017 0.4898171871900559 1.7774003148078921 -4.352768898010253 0.33586180210113531 -0.2185685262084007 0.98120620846748363 0.42063900828361517 -0.2100446820259094 -0.0064223564695566884 -0.90722548961639393 -0.22707572579383847 0.00041819635953288531 -0.99280729889869679 1.211769759654999
decision_type=2 2 2 2 2 2 2 2 2 2 2 2 2 2 2 2 2 2 2 2 2 2 2 2 2 2 2 2 2 2
left_child=3 2 7 6 5 9 21 15 -9 -3 11 22 -8 14 -14 19 -17 -4 -5 -2 -13 24 -10 -15 -1 26 27 -11 -28 -30
right_child=1 4 17 18 -6 -7 12 8 10 25 -12 20 13 23 -16 16 -18 -19 -20 -21 -22 -23 -24 -25 -26 -27 28 -29 29 -31
leaf_value=-0.013357965962554331 -0.0042413111565787198 0.0070691606523210163 -0.0052129085060521555 0.019174594390777025 0.0061211713441570951 -0.0044299746866914074 0.0057977141346932104 0.006795208031606448 0.0010152182923379716 0.018535276105601472 -0.0027420120926316127 0.024051328889113197 0.0043517389789312078 0.021704904434133688 -0.00072727633794313908 -0.021930475440663018 -0.0066804358849043627 -0.012506052657855994 0.0053634707034111891 0.0020131402814674627 0.0042648213182594824 0.025130729027283819 -0.0027657656909521877 0.0038744647250450294 0.0046952843817046125 -0.00077886918165140937 0.0042905309451176212 0.00058251319401395052 -0.0018878078084717032 -0.011552411390065154
leaf_weight=1311 63472 28052 47242 4692 38535 39425 34522 17474 69613 11254 228164 2078 43187 4338 389196 1902 17818 4927 108712 12819 17121 2703 55500 27898 104074 262005 19271 7914 23070 4858
leaf_count=1311 63472 28052 47242 4692 38535 39425 34522 17474 69613 11254 228164 2078 43187 4338 389196 1902 17818 4927 108712 12819 17121 2703 55500 27898 104074 262005 19271 7914 23070 4858
internal_value=-5.68468e-05 -0.000660865 -0.00126456 0.000758292 8.70198e-05 -0.000153973 0.000472556 -0.00101315 -0.000675984 0.000106053 -0.000829852 2.4946e-05 0.000188624 3.36835e-05 -0.000125467 -0.00238254 -0.00485294 -0.00360655 0.00228828 -0.00174398 0.00273712 0.00178373 -0.000391246 0.00216838 0.00161645 -0.000100496 0.00104796 0.00440839 -0.000316744 -0.00182254
internal_weight=1.69315e+06 972514 538130 720633 434384 395849 607229 485961 389950 356424 372476 144312 499141 464619 432383 96011 19720 52169 113404 76291 19199 108088 125113 32236 105385 328372 66367 19168 47199 27928
internal_count=1693147 972514 538130 720633 434384 395849 607229 485961 389950 356424 372476 144312 499141 464619 432383 96011 19720 52169 113404 76291 19199 108088 125113 32236 105385 328372 66367 19168 47199 27928
is_linear=0
shrinkage=0.05


Tree=43
num_leaves=31
num_cat=0
split_feature=10 16 10 8 11 6 11 19 19 19 20 10 10 7 10 4 6 5 19 19 16 13 1 5 21 6 19 20 7 19
split_gain=307.413 194.318 154.643 128.522 111.874 86.0421 79.472 73.7656 71.1702 107.059 62.439 61.7478 58.291 56.1594 55.9326 53.4387 52.433 49.9915 47.2316 54.7797 44.916 43.9156 43.4833 42.2405 46.3944 41.2698 41.2156 40.9291 52.9394 40.8281
threshold=1.1438367962837221 1.3274470567703249 0.86308154463768016 -8.0490031242370588 0.55918949842453014 -1.8313626646995542 2.6144257783889775 -0.99115538597106922 0.91618576645851146 0.47907376289367681 -1.0000000180025095e-35 0.67747738957405101 1.6899983286857607 -4.0008502006530753 1.5913242697715761 -0.0045338675845414391 -0.35285349190235132 -0.0014651119126938281 0.98035496473312389 0.96304282546043407 0.60326346755027782 0.51647484302520763 -0.00031270504405256355 0.0011509587056934836 0.65450850129127514 2.5213959217071538 -0.8959035575389861 0.76942089200019848 -5.4702172279357901 -0.91265374422073353
decision_type=2 2 2 2 2 2 2 2 2 2 2 2 2 2 2 2 2 2 2 2 2 2 2 2 2 2 2 2 2 2
left_child=1 2 7 -2 14 -3 10 -1 9 16 12 27 29 -11 -5 -14 26 -18 19 -10 -15 -7 -12 24 -13 -24 -4 -9 -29 -6
right_child=3 5 8 4 6 21 -8 11 18 13 22 23 15 20 -16 -17 17 -19 -20 -21 -22 -23 25 -25 -26 -27 -28 28 -30 -31
leaf_value=0.015648528275092201 0.0098189725360126948 0.009942051642796346 0.0038932745210341849 -0.0053225168933555668 0.0037078466964557523 0.0020575227750090964 0.010838385993524803 0.0084001761677500852 0.002345937874291393 0.0081358487041640944 -0.00043917795091333311 0.0026306447812344258 -0.024116669270532888 -0.0077564101374237365 -0.011103994616260894 -0.0058936899545781966 -0.0050494122287391367 -0.00092145787564014154 0.00017127563032535154 0.014352361803773485 -0.0032385108340685755 0.0070387014820502474 -0.0045797003793831897 -0.001440951783227451 -0.001271089187004304 0.0012000904961919246 8.3730282254235189e-05 0.066877637475557777 -0.0016167323126019208 -0.0010402985435801983
leaf_weight=9214 8053 31387 45245 55661 21327 109544 6818 44393 15815 4443 37476 216183 526 21376 7284 4707 26395 314029 36613 10731 101491 38441 127470 64879 54561 11560 169249 186 13384 84706
leaf_count=9214 8053 31387 45245 55661 21327 109544 6818 44393 15815 4443 37476 216183 526 21376 7284 4707 26395 314029 36613 10731 101491 38441 127470 64879 54561 11560 169249 186 13384 84706
internal_value=-5.15313e-05 0.00030202 6.29253e-05 -0.00133538 -0.00147608 0.0018325 -0.00106725 0.000852284 -0.000363637 -0.000512292 -0.00119365 0.000748756 -0.000266029 -0.00181997 -0.00338947 -0.00541754 -0.000212284 -0.000598078 0.0012421 0.00284789 -0.00201966 0.00132818 -0.00177841 0.000488495 0.000763082 -0.00218586 0.000400011 0.00225575 -0.000147384 -1.17888e-05
internal_weight=1.69315e+06 1.32756e+06 1.14819e+06 365588 357535 179372 294590 402800 745387 682228 287772 393586 111266 127310 62945 5233 554918 340424 63159 26546 122867 147985 176506 335623 270744 139030 214494 57963 13570 106033
internal_count=1693147 1327559 1148187 365588 357535 179372 294590 402800 745387 682228 287772 393586 111266 127310 62945 5233 554918 340424 63159 26546 122867 147985 176506 335623 270744 139030 214494 57963 13570 106033
is_linear=0
shrinkage=0.05


Tree=44
num_leaves=31
num_cat=0
split_feature=9 8 18 19 18 19 18 9 19 18 19 18 18 19 19 20 9 19 18 21 18 19 18 19 9 7 19 19 7 7
split_gain=291.334 181.405 163.672 345.121 124.854 118.028 115.368 112.531 133.943 226.121 175.035 151.365 247.225 405.539 168.938 252.474 134.174 121.425 97.3015 96.6314 94.482 91.803 111.683 83.3518 80.2757 80.1625 77.5999 249.092 119.241 82.188
threshold=0.00032051738526206469 -3.8724954128265376 -0.61393940448760975 0.69934985041618358 -0.76744312047958363 0.46754305064678198 0.38469719886779791 6.6695167333818986e-05 0.19722913205623629 -0.20577672123908994 0.1326885595917702 0.69934985041618358 0.19722913205623629 0.96648588776588451 0.86927726864814769 -0.76942089200019825 0.00018696257029660049 0.94762688875198375 -0.55738157033920277 0.65450850129127514 -0.78396254777908314 0.49052239954471594 -0.8153785467147826 0.44424325227737432 0.00013880214828532192 -3.8974733352661128 0.82535797357559215 0.86927726864814769 -4.1036934852600089 -2.1229797601699825
decision_type=2 2 2 2 2 2 2 2 2 2 2 2 2 2 2 2 2 2 2 2 2 2 2 2 2 2 2 2 2 2
left_child=1 6 3 4 21 -2 26 -4 9 19 -11 12 14 -14 15 -10 -13 -16 -17 24 -7 -3 -23 -8 -9 -22 -1 29 -29 -28
right_child=5 2 7 -5 -6 20 23 8 11 10 -12 16 13 -15 17 18 -18 -19 -20 -21 25 22 -24 -25 -26 -27 27 28 -30 -31
leaf_value=0.004408277022893742 -0.0014363769574018137 -0.0008421900535347471 0.015183066519979506 -0.014590686261470016 0.0076320429739751838 -0.013767827986361759 0.0036014509463765387 0.1081222984963412 0.072299853807112124 0.0010761113944280311 0.018459178050992311 -0.0013067237707013513 0.0022765033771005028 0.033988525098849719 -0.013864340626277212 -0.011212648957368199 -0.0079242591145801955 -0.0029350736503153787 0.01651611304172974 0.0012579774752911278 0.0098085634445404194 -0.011296062419203279 -0.00015347970880851271 -0.0033402295832916096 0.019516405345978916 -0.0047194396563475464 0.11529144130959237 0.024434358072897119 0.0044902029819645865 0.049794008166693
leaf_weight=91686 443374 160180 16730 17720 18457 7673 67689 597 3346 327218 13390 78978 96228 12652 9678 5809 38690 90677 5943 6202 3339 18545 14607 35442 16629 58781 1265 5326 24618 1678
leaf_count=91686 443374 160180 16730 17720 18457 7673 67689 597 3346 327218 13390 78978 96228 12652 9678 5809 38690 90677 5943 6202 3339 18545 14607 35442 16629 58781 1265 5326 24618 1678
internal_value=-5.08225e-05 0.000381701 7.85487e-05 -0.00108471 -0.00052387 -0.00104537 0.00164951 0.000447931 0.000351894 0.0010194 0.000692585 -0.000358625 0.000403195 0.00211242 -0.00120872 0.00372235 -0.00181103 -0.00195058 0.000272294 0.00577087 -0.0029566 -0.000898972 -0.00329392 0.000412582 0.00769767 -0.00231005 0.00267353 0.0047572 0.003393 0.0186374
internal_weight=1.69315e+06 1.17998e+06 952276 229509 211789 513167 227704 722767 706037 364036 340608 342001 224333 108880 115453 15098 117668 100355 11752 23428 69793 193332 33152 103131 17226 62120 124573 32887 29944 2943
internal_count=1693147 1179980 952276 229509 211789 513167 227704 722767 706037 364036 340608 342001 224333 108880 115453 15098 117668 100355 11752 23428 69793 193332 33152 103131 17226 62120 124573 32887 29944 2943
is_linear=0
shrinkage=0.05


Tree=45
num_leaves=31
num_cat=0
split_feature=10 6 10 18 19 18 18 19 18 18 19 19 19 19 20 18 18 18 7 18 5 6 10 19 10 3 19 5 21 8
split_gain=278.577 191.499 167.317 131.214 98.3597 209.811 144.747 124.2 205.227 86.4454 99.8883 90.3158 71.3144 114.23 128.617 145.195 135.472 90.8291 89.3558 81.0291 77.326 71.2098 67.8104 66.8653 66.306 65.8746 65.2966 62.3324 60.0466 58.0985
threshold=0.87689021229743969 -2.515454769134521 1.2884464263916018 0.94622433185577404 0.92304024100303661 0.19722913205623629 0.26092512905597692 -0.90164175629615773 -0.2143086493015289 -0.62762191891670216 0.69934985041618358 0.63101285696029674 0.19722913205623629 0.7357999086380006 -0.76942089200019825 -0.054514370858669274 0.26092512905597692 0.79467767477035534 1.0970441699028017 0.43247817456722265 0.0035241066943854098 2.4049055576324467 1.7774003148078921 -0.99115538597106922 1.0074059367179873 0.00089087127707898628 0.98203879594802868 -0.0048454785719513884 0.65450850129127514 8.9604048728942889
decision_type=2 2 2 2 2 2 2 2 2 2 2 2 2 2 2 2 2 2 2 2 2 2 2 2 2 2 2 2 2 2
left_child=9 -2 3 4 7 -6 -7 8 25 10 11 -1 17 -14 16 18 26 19 -16 -11 29 24 -4 -10 -9 27 -15 -3 -19 -17
right_child=1 2 22 -5 5 6 -8 21 23 12 -12 -13 13 14 15 20 -18 28 -20 -21 -22 -23 -24 -25 -26 -27 -28 -29 -30 -31
leaf_value=0.00024797142791210813 0.0053568212474520375 -0.017836201549121633 -0.0034510790654277979 0.0029414487425841519 -0.0014091168354177898 0.02723785335952841 0.0040161957087475608 -0.0014109930558606988 0.0019015156688890257 0.0065549596474571703 -0.0096946271029322972 0.012619307961512933 -0.0018384780854787343 0.060437464262481866 0.0018678925679770809 0.0077251628133805823 0.0043922449553409626 0.014880695815511725 -0.010792049398963277 -0.0006156774660827758 -0.019069477607953168 0.0028239120573852142 -0.0088738906256483514 -0.0031921593255501146 -0.0033474102279641206 -0.0010555092827057467 0.015772226086876985 0.012053963723636891 0.0015450092712451235 0.030876309353136761
leaf_weight=161795 56776 943 141629 117237 67431 10818 19144 289980 51858 66058 11505 9090 68373 3848 27325 44013 6605 31536 15025 40155 1107 33355 11907 72509 279520 7843 2198 31372 8352 3840
leaf_count=161795 56776 943 141629 117237 67431 10818 19144 289980 51858 66058 11505 9090 68373 3848 27325 44013 6605 31536 15025 40155 1107 33355 11907 72509 279520 7843 2198 31372 8352 3840
internal_value=-4.92279e-05 -0.000464891 -0.00060658 -0.000366595 -0.000579401 0.000917417 0.00439891 -0.000769371 0.00044826 0.000940348 7.23724e-05 0.000375984 0.0014375 0.000748546 0.0017925 0.00113788 0.00651727 0.00225016 -0.0010059 0.00148616 0.00299224 -0.00110167 -0.00214152 -0.000555212 -0.00123319 0.00355595 0.0119252 0.00455361 0.0042845 0.00329446
internal_weight=1.69315e+06 1.19232e+06 1.13555e+06 982010 864773 97393 29962 767380 164525 500825 182390 170885 318435 172334 103961 91310 12651 146101 42350 106213 48960 602855 153536 124367 569500 40158 6046 32315 39888 47853
internal_count=1693147 1192322 1135546 982010 864773 97393 29962 767380 164525 500825 182390 170885 318435 172334 103961 91310 12651 146101 42350 106213 48960 602855 153536 124367 569500 40158 6046 32315 39888 47853
is_linear=0
shrinkage=0.05


Tree=46
num_leaves=31
num_cat=0
split_feature=11 6 11 19 18 7 18 19 18 0 18 0 8 19 3 11 7 19 5 19 20 18 19 18 5 18 18 18 6 8
split_gain=239.283 150.76 106.964 88.414 161.115 124.68 92.8708 82.3346 90.4199 78.4602 77.8297 72.3067 71.1964 65.3375 63.0662 59.2397 59.0916 50.8895 50.4541 48.2913 100.268 48.0557 48.0223 109.075 49.8741 47.8923 47.4277 83.9399 47.0084 46.8207
threshold=1.58635950088501 -0.70829787850379933 0.64970201253891002 0.81537854671478283 -0.49052239954471583 -4.0008502006530753 -0.55738157033920277 -0.91792565584182728 0.9556623399257661 0.00025144040409941232 -0.2143086493015289 0.00023976073134690526 -3.5516924858093257 -0.2185685262084007 -0.0004791274841409176 2.3599569797515874 3.8736450672149663 -0.99115538597106922 -0.0048454785719513884 0.70864605903625499 -0.76942089200019825 -0.62762191891670216 -0.91265374422073353 -0.2143086493015289 0.0028126583201810722 0.94622433185577404 0.19722913205623629 0.26092512905597692 2.7303298711776738 -8.4983654022216779
decision_type=2 2 2 2 2 2 2 2 2 2 2 2 2 2 2 2 2 2 2 2 2 2 2 2 2 2 2 2 2 2
left_child=1 3 25 7 6 -6 -5 10 19 16 18 15 -8 -10 -7 -2 22 -12 -1 29 -21 -22 23 24 -4 -3 -16 -28 -13 -9
right_child=11 2 9 4 5 14 12 8 13 -11 17 28 -14 -15 26 -17 -18 -19 -20 20 21 -23 -24 -25 -26 -27 27 -29 -30 -31
leaf_value=-0.0098697088747449428 0.0043344136614211328 -0.0033063518461246668 0.011287478005510077 0.004335815414101496 0.016895383409068956 -0.0021167318685015035 0.10978595267529462 0.0042563902492542159 0.017009897058150987 -0.0030012520482776365 0.0064935638531844258 -0.0014497927268257939 0.031639377247772285 0.0028762828953031953 0.0018755772046718468 0.012397667798198266 0.0039798480807722086 -0.0011030037195545628 0.014153550585736342 0.0082580653809225853 -0.015571830812823552 -0.0057884135906015382 -0.00083299095243064003 -0.00022202586462304332 -0.0090300987667313089 0.00096947422892146307 0.045023131757001567 0.0057699957682588515 0.0075798183661718093 -0.00091528781399657921
leaf_weight=1146 103314 264593 18837 1254 7761 27124 1055 22575 5838 93687 19557 41663 1387 38360 22934 20826 49259 26393 12381 3819 4326 12929 533866 68813 1575 32381 2555 10779 12530 229630
leaf_count=1146 103314 264593 18837 1254 7761 27124 1055 22575 5838 93687 19557 41663 1387 38360 22934 20826 49259 26393 12381 3819 4326 12929 533866 68813 1575 32381 2555 10779 12530 229630
internal_value=-5.26534e-05 -0.000256599 -0.000581791 0.000508518 0.00207818 0.00154948 0.0122565 0.000196841 -0.000123001 -0.000269504 0.0019041 0.00167972 0.0179361 0.0019752 0.000817138 0.00234493 -8.06128e-05 0.000922742 0.00523767 -0.000462348 -0.0027617 -0.00438424 -0.000212409 0.000861306 0.00407113 -0.00138733 0.00218099 0.00455227 0.000155924 -0.000270217
internal_weight=1.69315e+06 1.51481e+06 1.06301e+06 451803 74849 71153 3696 376954 317477 766037 59477 178333 2442 44198 63392 124140 672350 45950 13527 273279 21074 17255 623091 89225 20412 296974 36268 13334 54193 252205
internal_count=1693147 1514814 1063011 451803 74849 71153 3696 376954 317477 766037 59477 178333 2442 44198 63392 124140 672350 45950 13527 273279 21074 17255 623091 89225 20412 296974 36268 13334 54193 252205
is_linear=0
shrinkage=0.05


Tree=47
num_leaves=31
num_cat=0
split_feature=10 9 11 8 18 19 19 18 19 18 19 18 10 9 4 18 10 10 16 11 7 19 8 8 0 9 18 8 19 19
split_gain=264.981 162.084 112.864 96.0981 94.7542 157.645 117.018 113.081 108.57 162.988 302.651 116.427 87.9168 83.1977 80.6458 79.5333 73.4529 71.0659 66.8835 66.3952 66.0057 62.8748 57.6914 55.645 54.3135 54.2573 54.1371 52.6054 52.5256 58.4425
threshold=1.0951808691024782 0.00023608052288182083 1.0347875356674197 -6.6132924556732169 -0.57892408967018116 0.69934985041618358 0.65110388398170482 -0.50941574573516835 0.19722913205623629 -0.071932479739189134 0.71782085299491893 -0.20577672123908994 1.6374445557594302 5.6667309763724922e-05 0.00019673557835631075 -0.34816221892833704 0.69207313656806957 0.72562116384506237 1.1403744220733645 3.2541915178298955 -1.3181624412536619 0.82535797357559215 3.0274668931961064 -3.2359243631362911 0.00013714087981497872 0.0014222073950804772 0.80255532264709484 3.749704241752625 0.1326885595917702 0.78396254777908336
decision_type=2 2 2 2 2 2 2 2 2 2 2 2 2 2 2 2 2 2 2 2 2 2 2 2 2 2 2 2 2 2
left_child=1 3 12 -1 5 6 -5 21 11 14 22 15 -2 27 -10 -9 23 -13 28 24 -8 -6 -11 -7 -4 -14 -19 -12 -3 -30
right_child=2 18 19 4 7 16 20 8 9 10 13 17 25 -15 -16 -17 -18 26 -20 -21 -22 -23 -24 -25 -26 -27 -28 -29 29 -31
leaf_value=0.0075192697620491081 -0.0027933396229159139 -0.00061999687406039117 0.0010049145034169982 -0.00023964735785848569 0.00041116117519272025 0.020856861414361206 0.030317545780062318 -0.0077787974066244386 -0.0021951407595002916 -0.0045359921980878013 0.017363641723695266 0.017217719156003754 -0.0066900683007756314 0.0066542116541169266 -0.012714893035444425 0.030759222442192535 -0.012155459555880316 0.0014342975697260397 0.0015713436447915285 0.016536145827544393 0.0081717319569265656 0.035265075826302165 0.00093143566312920984 -0.0067306168690067451 -0.0026635250649245882 -0.01670502347294615 0.0067454491947277935 0.075378033099885944 -0.0047062472539100677 0.00013065645025978068
leaf_weight=57037 277246 336688 108063 135473 2990 1702 2361 1175 23191 65135 1630 11550 15333 98429 14052 5656 14564 104705 121074 3593 7535 7291 37371 6388 66187 1526 73518 1302 58811 31571
leaf_count=57037 277246 336688 108063 135473 2990 1702 2361 1175 23191 65135 1630 11550 15333 98429 14052 5656 14564 104705 121074 3593 7535 7291 37371 6388 66187 1526 73518 1302 58811 31571
internal_value=-5.0291e-05 0.000338561 -0.00105647 0.000858399 0.000676604 -0.000335966 0.000268627 0.00105637 0.000934629 0.000223549 0.000779184 0.00180668 -0.00165774 0.00271653 -0.00281798 0.00821988 -0.00421559 0.00157583 -0.000299739 -6.21335e-05 0.00551738 0.00623967 -0.00113652 -0.00039555 -0.000200861 -0.00516341 0.00132951 0.0110164 -0.000593814 -0.00166405
internal_weight=1.69315e+06 1.2212e+06 471948 673055 616018 168023 145369 447995 437714 241110 203867 196604 294105 101361 37243 6831 22654 189773 548144 177843 9896 10281 102506 8090 174250 16859 178223 2932 427070 90382
internal_count=1693147 1221199 471948 673055 616018 168023 145369 447995 437714 241110 203867 196604 294105 101361 37243 6831 22654 189773 548144 177843 9896 10281 102506 8090 174250 16859 178223 2932 427070 90382
is_linear=0
shrinkage=0.05


Tree=48
num_leaves=31
num_cat=0
split_feature=9 6 11 6 9 19 6 18 19 18 18 20 19 8 19 19 18 5 8 9 5 19 18 19 18 9 20 18 19 4
split_gain=254.692 157.061 135.299 103.479 97.3825 101.955 95.0865 75.1659 96.5165 176.638 207.429 91.2097 83.3394 81.5707 79.6148 73.1274 94.2634 66.1338 63.615 65.6011 62.3115 62.002 118.839 93.4365 69.8072 88.3733 64.406 61.5813 59.977 58.7372
threshold=0.0001465181267121807 -0.66168558597564686 0.48415115475654608 2.6583374738693242 0.00058903728495351981 0.1326885595917702 -3.4311625957489009 0.98120620846748363 0.81537854671478283 -0.50941574573516835 0.11970336735248567 -0.76942089200019825 0.1326885595917702 -4.0080544948577872 0.99930992722511303 -0.92304024100303639 -0.22707572579383847 -0.00033810488821472967 -3.7433999776840206 0.0014222073950804772 -0.0048454785719513884 0.78396254777908336 0.17149884253740313 0.96648588776588451 -0.87142586708068837 0.00019269169570179659 -0.76942089200019825 -0.94190874695777882 -0.99115538597106922 0.0026493706973269586
decision_type=2 2 2 2 2 2 2 2 2 2 2 2 2 2 2 2 2 2 2 2 2 2 2 2 2 2 2 2 2 2
left_child=7 6 -3 4 5 -4 -2 8 -1 11 14 -10 -9 -13 17 16 20 -11 -17 -20 -8 24 26 -24 27 -26 -23 -7 -18 -27
right_child=1 2 3 -5 -6 21 15 12 9 10 -12 13 -14 -15 -16 18 28 -19 19 -21 -22 22 23 -25 25 29 -28 -29 -30 -31
leaf_value=0.00072459841228168515 0.0093315934264285982 -0.0050604732615945449 -0.00013810041128708983 0.0041165411348371038 -0.004359728228466031 -0.0035726698782317379 -0.01296052691280386 0.005426578389822901 0.10607197499995441 0.0060232762216596127 0.01435676777988988 0.054911024555687728 0.028868291274060764 0.014082321937539378 0.012562646811915747 0.0016886961615513842 0.0065554173960253375 -0.004324236411809651 -0.00092328148935224565 -0.018106743796156056 0.015979406830717201 0.0089337883908969969 0.00056717061446023842 0.01641871002158431 -0.0016703475307902728 -0.0072618666910570125 -0.0062098062013429163 0.0036025075430929868 -0.0014630334054577311 0.02216959352060063
leaf_weight=185872 14668 85823 480928 49680 69361 25675 1016 19227 1902 12640 31111 2297 8472 7265 11319 140594 21236 42494 215022 888 12804 3394 55358 7602 41711 62662 34345 19172 27894 715
leaf_count=185872 14668 85823 480928 49680 69361 25675 1016 19227 1902 12640 31111 2297 8472 7265 11319 140594 21236 42494 215022 888 12804 3394 55358 7602 41711 62662 34345 19172 27894 715
internal_value=-4.8401e-05 -0.00034592 -0.00071036 -0.000519455 -0.000656805 -0.00048704 0.000440199 0.0012156 0.000981689 0.00216275 0.00147288 0.00803385 0.00370591 0.00604476 -0.000104585 0.000301821 0.00187292 -0.000888744 2.44037e-05 -0.000514566 0.00552098 -0.00130469 -0.000345088 0.000984752 -0.00194918 -0.00265397 -0.00256366 -0.000297679 0.000846733 -0.00383025
internal_weight=1.69315e+06 1.37055e+06 936426 850603 800923 731562 434122 322599 294900 109028 97564 11464 27699 9562 66453 419454 62950 55134 356504 215910 13820 250634 100699 62960 149935 105088 37739 44847 49130 63377
internal_count=1693147 1370548 936426 850603 800923 731562 434122 322599 294900 109028 97564 11464 27699 9562 66453 419454 62950 55134 356504 215910 13820 250634 100699 62960 149935 105088 37739 44847 49130 63377
is_linear=0
shrinkage=0.05


Tree=49
num_leaves=31
num_cat=0
split_feature=10 11 10 9 13 19 10 11 9 10 8 7 19 18 9 8 9 7 15 19 6 19 18 19 19 9 6 18 20 7
split_gain=242.767 158.697 134.979 88.277 80.8978 79.0154 72.8716 71.9349 61.8359 59.4405 57.7103 54.9656 54.2648 88.9117 90.385 68.5295 61.957 53.9256 53.0678 51.5387 49.2646 66.5903 74.6213 48.8043 47.2921 46.8099 44.9419 44.0614 43.0588 52.8475
threshold=0.87689021229743969 1.4401296377182009 1.3120177984237673 0.00010846300574485214 1.3106148242950442 -0.99115538597106922 0.67747738957405101 0.47199653089046484 7.7547047112602754e-05 1.7774003148078921 -3.2359243631362911 -4.0008502006530753 -0.90164175629615773 -0.2143086493015289 0.00041411629354115581 0.89693048596382152 0.00084653412341140221 -5.1402227878570548 0.44462493062019354 0.91618576645851146 0.043800409883260734 -0.2015048488974571 0.80255532264709484 -0.99428912997245777 -0.6867687702178954 0.00032051738526206469 3.4877307415008549 0.81789681315422069 0.76942089200019848 -5.4702172279357901
decision_type=2 2 2 2 2 2 2 2 2 2 2 2 2 2 2 2 2 2 2 2 2 2 2 2 2 2 2 2 2 2
left_child=5 2 3 11 17 -1 28 -5 -8 -4 19 -2 13 14 -12 16 -14 -3 -15 -9 21 22 24 -13 -10 -23 -22 -17 -7 -30
right_child=1 4 9 7 -6 6 8 10 20 -11 12 23 15 18 -16 27 -18 -19 -20 -21 26 25 -24 -25 -26 -27 -28 -29 29 -31
leaf_value=0.014365910772309943 0.030304777244892746 0.013020380610609745 -0.0035249367061990556 -0.0039616412386009325 0.017648570988912982 0.0084967350618656134 0.010249410582856401 0.00026803130838218839 0.0063763190528699056 -0.0086570415265289635 0.013333806982105401 -0.029382874425998143 -0.0029284689319299729 0.003275041074559071 -0.00061067701948173687 -0.001507660143270967 -0.012842447610270626 0.0014466615350371915 -0.0028034384272075333 0.0074556190539971203 -0.00052507716647676173 0.0011789471331217995 0.017619763599745271 0.0044518224824620315 0.00025378662336892347 -0.0055378377260355662 0.018819454743154929 0.0015173624915632456 0.060387473392887636 -0.0011576200104786605
leaf_weight=12078 2022 5778 110321 78858 3649 50446 18628 160839 41653 10952 14823 486 201539 22834 12320 209284 3969 172664 56796 12267 203183 101241 9648 40284 34667 10573 3119 72637 245 15344
leaf_count=12078 2022 5778 110321 78858 3649 50446 18628 160839 41653 10952 14823 486 201539 22834 12320 209284 3969 172664 56796 12267 203183 101241 9648 40284 34667 10573 3119 72637 245 15344
internal_value=-5.05272e-05 -0.000438556 -0.000683458 -0.000469988 0.000920144 0.000873259 0.000774532 -0.000582037 0.000533224 -0.00224823 -0.000434245 0.00174565 -0.000668291 0.000352617 0.00282393 -0.000891925 -0.00158631 0.000769438 -0.000489765 0.000369138 0.000403381 0.000967227 0.00201354 0.00134658 0.00148978 0.00016277 -0.000137178 -0.000385746 0.00231922 2.24517e-05
internal_weight=1.69315e+06 1.19232e+06 1.01023e+06 888958 182091 500825 488747 846166 422712 121273 767308 42792 594202 106773 27143 487429 205508 178442 79630 173106 404084 197782 85968 40770 76320 111814 206302 281921 66035 15589
internal_count=1693147 1192322 1010231 888958 182091 500825 488747 846166 422712 121273 767308 42792 594202 106773 27143 487429 205508 178442 79630 173106 404084 197782 85968 40770 76320 111814 206302 281921 66035 15589
is_linear=0
shrinkage=0.05


Tree=50
num_leaves=31
num_cat=0
split_feature=10 9 11 16 10 11 19 21 9 19 1 15 19 7 8 7 5 8 10 6 19 19 19 19 19 19 19 19 19 15
split_gain=228.17 124.344 108.814 92.9309 77.9593 71.0367 68.9461 66.8788 57.9732 57.0013 52.2822 65.2421 50.4857 64.4099 48.2916 48.0882 45.6806 52.4921 45.0945 42.5142 41.9735 53.5884 41.8879 52.6906 60.0465 73.8147 78.3681 49.2657 48.4868 43.9415
threshold=1.0669687390327456 0.00029074170743115252 0.55918949842453014 1.5167303681373598 0.7302805781364442 1.8103805184364321 -0.94190874695777882 0.65450850129127514 0.00095155177405104052 0.46754305064678198 7.4920237238984569e-05 0.6953607201576234 0.7357999086380006 -4.2238600254058829 -6.8756659030914298 0.52369141578674328 0.0061428435146808633 2.8579677343368535 0.83816421031951915 2.5906715393066411 0.17149884253740313 0.79202145338058483 0.99799686670303356 0.23556562513113025 0.78396254777908336 0.9844242036342622 0.96304282546043407 0.97768935561180126 0.49052239954471594 0.67252063751220714
decision_type=2 2 2 2 2 2 2 2 2 2 2 2 2 2 2 2 2 2 2 2 2 2 2 2 2 2 2 2 2 2
left_child=1 3 8 4 15 10 18 14 -2 -3 -4 -12 -11 -14 -8 20 -15 -18 -6 22 -1 -22 23 -16 28 26 -26 -28 29 -25
right_child=2 9 5 -5 6 -7 7 -9 -10 12 11 -13 13 16 19 -17 17 -19 -20 -21 21 -23 -24 24 25 -27 27 -29 -30 -31
leaf_value=0.014848318684684348 -0.0040001802443207172 -0.00040195039469789198 -0.00058490487648603655 0.0069335594686517734 0.011987990318559178 0.0033827001959982452 0.0061302580783351886 -0.0019930626523635641 -0.011970080896287495 -0.0075378253681294477 -0.0037982469706129341 0.00077745714039974549 0.03159616436220563 -0.0014640763482059228 0.0016754372836960574 0.001725525530631722 0.036888600718341873 -0.027619345102970073 0.0028637335017452806 0.0071875757435903966 0.0012609876293999012 0.013123608671367437 0.010549482189584281 0.0011324703189246055 0.0016564273219497327 -0.0042807000512077699 0.026173429240513336 0.0043725121932061354 -0.00391771803178318 -0.0073756025091381355
leaf_weight=14361 87917 303889 242567 61575 13862 40543 30234 116641 3395 16305 132184 38078 601 23747 189837 43489 95 773 58952 16576 23633 15582 7899 51834 43496 19604 6139 5551 75843 7945
leaf_count=14361 87917 303889 242567 61575 13862 40543 30234 116641 3395 16305 132184 38078 601 23747 189837 43489 95 773 58952 16576 23633 15582 7899 51834 43496 19604 6139 5551 75843 7945
internal_value=-5.20038e-05 0.000347726 -0.000894831 0.000688933 0.000533934 -0.000577671 0.000334956 0.000150368 -0.00246955 -0.000445557 -0.000773807 -0.00144542 -0.00218323 -0.00078125 0.000424215 0.00185494 -0.00117611 -0.0124424 0.001784 0.000286774 0.00285762 0.00201071 0.000185962 0.000114804 -0.000430109 0.000707314 0.00164353 0.00527802 -0.00105735 7.52773e-06
internal_weight=1.69315e+06 1.14846e+06 544684 803053 741478 453372 644413 571599 91312 345410 412829 170262 41521 25216 454958 97065 24615 868 72814 424724 53576 39215 408148 400249 210412 74790 55186 11690 135622 59779
internal_count=1693147 1148463 544684 803053 741478 453372 644413 571599 91312 345410 412829 170262 41521 25216 454958 97065 24615 868 72814 424724 53576 39215 408148 400249 210412 74790 55186 11690 135622 59779
is_linear=0
shrinkage=0.05


Tree=51
num_leaves=31
num_cat=0
split_feature=10 16 10 16 18 18 19 19 19 10 19 8 19 19 5 3 10 7 19 19 20 18 20 18 18 10 5 4 19 19
split_gain=209.037 103.902 110.959 94.7516 94.7063 102.73 111.033 116.403 120.794 111.005 85.7778 78.4549 92.3787 174.463 84.9411 80.5568 72.382 63.2082 68.4001 58.4127 52.7152 49.4522 49.1387 48.9505 67.7877 66.7245 48.7353 47.0802 46.4984 94.5569
threshold=0.99154770374298107 1.9358317852020266 1.5913242697715761 1.1403744220733645 -0.74168145656585682 0.02835773024708033 -0.60702770948410023 0.19722913205623629 0.77300861477851879 1.1472599506378176 0.1326885595917702 -2.9364491701126094 0.69934985041618358 0.75613728165626537 -0.0023874805774539705 0.00051455371431075047 0.7579837739467622 1.2013994455337527 -0.99280729889869679 0.99227553606033336 -1.0000000180025095e-35 0.98120620846748363 -0.76942089200019825 0.17149884253740313 0.27353890240192419 1.2617595195770266 -0.0015716081252321599 0.0030355228809639816 0.49052239954471594 0.79202145338058483
decision_type=2 2 2 2 2 2 2 2 2 2 2 2 2 2 2 2 2 2 2 2 2 2 2 2 2 2 2 2 2 2
left_child=3 2 4 16 -2 11 9 10 27 -7 20 14 26 -14 -6 19 21 18 -18 22 -8 -1 -15 -10 25 -25 -13 -9 -20 -30
right_child=1 -3 -4 -5 5 6 7 8 23 -11 -12 12 13 15 -16 -17 17 -19 28 -21 -22 -23 -24 24 -26 -27 -28 -29 29 -31
leaf_value=0.002727089944389588 -0.0033616094470238834 0.0048515023847832189 -0.0060427985821902789 0.0033463826373515415 -0.00066336301868725751 -0.0020841239416607427 0.0033871905410874925 -0.0055830459259327949 -0.0042670543865389937 -0.0077218340944958056 0.014307336520107317 -0.0056630896246453238 -0.016015030296740174 0.066850285503617865 0.0090311927478451126 -0.009810016396344462 0.0096091874599002827 -0.0018774915651302516 0.0010937494305855334 0.0090275825079725435 -0.00092196267364093038 0.022072466168538862 -0.0036515368723914589 0.015446590690460711 -0.0003493693178026447 -0.0046351421606251669 0.0022756009181516602 0.028652666290104364 -0.0044263449746595133 0.0019535177069208709
leaf_weight=133922 125115 34072 29314 215314 15813 67941 51138 67452 21213 34823 9048 8815 4615 917 25934 7234 12151 175964 272575 9543 77513 3645 18866 9596 55600 3458 100478 542 51522 49014
leaf_count=133922 125115 34072 29314 215314 15813 67941 51138 67452 21213 34823 9048 8815 4615 917 25934 7234 12151 175964 272575 9543 77513 3645 18866 9596 55600 3458 100478 542 51522 49014
internal_value=-4.96413e-05 -0.000651443 -0.000774933 0.000463239 -0.000651432 -0.000386681 -0.00084479 -0.000352551 -0.00127929 -0.00226052 0.000709882 0.000562651 3.05713e-05 -0.00198786 0.00248042 -0.00083151 0.000180669 -7.12725e-05 0.000287337 0.000334174 0.000378932 0.0012085 -0.00121569 -7.62238e-05 0.000572436 0.00381492 0.000790993 -0.00286937 0.000167108 -0.000751969
internal_weight=1.69315e+06 779040 744968 914107 715654 590539 398324 295560 157861 102764 137699 192215 150468 41175 41747 36560 698793 561226 385262 29326 128651 137567 19783 89867 68654 13054 109293 67994 373111 100536
internal_count=1693147 779040 744968 914107 715654 590539 398324 295560 157861 102764 137699 192215 150468 41175 41747 36560 698793 561226 385262 29326 128651 137567 19783 89867 68654 13054 109293 67994 373111 100536
is_linear=0
shrinkage=0.05


Tree=52
num_leaves=31
num_cat=0
split_feature=9 11 9 19 19 18 18 18 4 18 18 18 18 17 9 1 9 9 1 18 19 19 19 20 18 16 18 20 19 5
split_gain=199.787 136.427 103.182 68.1265 85.4212 81.8753 204.35 124.324 98.0387 67.7726 107.916 88.91 80.6966 69.1461 67.188 65.1491 64.5463 62.0987 64.1454 64.9952 87.5285 76.9088 77.5971 65.8901 57.0766 54.7649 59.5833 52.908 66.9742 53.2945
threshold=0.00040206861740443861 0.87492763996124279 0.00012406220776028934 0.24826665222644809 0.79202145338058483 -0.50941574573516835 -0.11970336735248564 -0.55738157033920277 0.00044961596722714608 -0.71477618813514698 -0.78396254777908314 -0.63775861263275135 -0.87142586708068837 0.5658540427684785 0.00019269169570179659 -0.00012300174421397966 0.00014010613085702064 0.00089337458484806131 -0.00085449955076910545 -0.028357730247080323 -0.6867687702178954 -0.6867687702178954 -0.79994463920593251 -1.0000000180025095e-35 0.19722913205623629 0.60326346755027782 -0.83747833967208851 -0.76942089200019825 0.77300861477851879 -0.00026459022774361069
decision_type=2 2 2 2 2 2 2 2 2 2 2 2 2 2 2 2 2 2 2 2 2 2 2 2 2 2 2 2 2 2
left_child=1 3 27 -1 9 7 8 -6 -7 10 12 -11 -5 -12 -13 -4 24 18 -2 21 -21 22 -20 -24 -8 26 -14 28 -3 -29
right_child=17 2 15 4 5 6 16 -9 -10 11 13 14 25 -15 -16 -17 -18 -19 19 20 -22 -23 23 -25 -26 -27 -28 29 -30 -31
leaf_value=0.00040071638240035679 0.002567458257925437 0.0069497427922036396 0.002458124325866673 0.00061303232115665911 -0.00043372532198694415 -0.0042475446432863389 0.0038789914892147673 0.041029584910685923 -0.017418309574793584 -0.011206511881119785 0.022975113341565569 -0.0018532917076437951 -0.022262868809017025 0.0022363796867991394 -0.0062186412920671175 0.00012739864145138723 -1.0099856874101755e-05 -0.005364569881651216 -0.0013096499204240998 -0.0087901566254486203 -0.0023018264247035626 -0.0030544579782711303 0.010258012842141118 0.0008381458180825919 0.020025720819386097 -0.0038085130899035593 -0.0069791129731349216 0.0097364197989312957 0.031435317102283776 0.0023125003263264167
leaf_weight=347062 28209 11985 213601 29569 6098 22511 20688 4254 7688 11499 4507 57908 2672 7967 34287 396294 66967 32808 73536 22584 47638 90643 13183 18328 8427 13426 3764 27653 5454 61937
leaf_count=347062 28209 11985 213601 29569 6098 22511 20688 4254 7688 11499 4507 57908 2672 7967 34287 396294 66967 32808 73536 22584 47638 90643 13183 18328 8427 13426 3764 27653 5454 61937
internal_value=-4.51526e-05 0.000220536 0.000696029 -0.000304485 -0.000853318 7.20909e-05 -0.000278347 0.00434699 -0.00386602 -0.00161686 -0.00030773 -0.0023984 -0.00135644 0.003848 -0.00188134 0.000444749 0.000849275 -0.00115545 -0.000925299 -0.0011658 -0.00247074 -0.000697532 0.000223233 0.0022992 0.0028147 -0.00382137 -0.00761342 0.00212793 0.00464763 0.00163746
internal_weight=1.69315e+06 1.36622e+06 716924 649294 302232 136633 126281 10352 30199 165599 61905 103694 49431 12474 92195 609895 96082 326929 294121 265912 70222 195690 105047 31511 29115 19862 6436 107029 17439 89590
internal_count=1693147 1366218 716924 649294 302232 136633 126281 10352 30199 165599 61905 103694 49431 12474 92195 609895 96082 326929 294121 265912 70222 195690 105047 31511 29115 19862 6436 107029 17439 89590
is_linear=0
shrinkage=0.05


Tree=53
num_leaves=31
num_cat=0
split_feature=10 7 19 13 10 18 7 19 18 19 20 13 18 19 18 19 19 16 18 10 5 19 8 16 15 20 7 5 5 7
split_gain=189.536 109.992 119.411 111.505 105.777 76.5556 72.9361 63.5959 68.8248 93.6821 62.61 59.8684 56.0986 56.0832 97.2902 72.0472 71.8949 58.9198 58.4282 51.0963 49.0974 48.9669 46.5898 41.2826 41.0367 40.9916 39.2529 38.3423 37.6979 37.3506
threshold=0.90143132209777843 -3.8974733352661128 0.832677721977234 0.30749060213565832 1.2435755133628847 0.94336524605751049 -4.6744668483734122 -0.99115538597106922 0.9556623399257661 -0.2100446820259094 -0.76942089200019825 1.3106148242950442 -0.49052239954471583 0.92304024100303661 0.19722913205623629 0.96304282546043407 -0.85828685760498036 0.75205203890800487 0.054514370858669288 0.67747738957405101 -0.0017334934091195462 -0.99115538597106922 9.1960406303405779 1.0737236738204958 0.43934878706932073 0.76942089200019848 3.2150706052780156 -0.0043856569100171319 0.0019612736068665986 1.2013994455337527
decision_type=2 2 2 2 2 2 2 2 2 2 2 2 2 2 2 2 2 2 2 2 2 2 2 2 2 2 2 2 2 2
left_child=6 2 -2 4 5 13 -1 -8 19 10 28 -5 -4 16 22 -16 18 -18 -3 25 -6 -22 -15 27 -20 -9 -19 -21 -10 -29
right_child=1 3 12 11 20 -7 7 8 9 -11 -12 -13 -14 14 15 -17 17 26 24 23 21 -23 -24 -25 -26 -27 -28 29 -30 -31
leaf_value=0.013159607721071699 0.0018514073905602669 0.0022575894399893049 0.099880177976046397 0.0005587182232764887 -0.0063652379316509917 0.0022164588271709196 0.01051461139412343 0.0068906115953204288 0.055249119871343122 0.0047475814613075267 0.017515328693939413 0.015312283188290655 0.013712720348171748 -0.0020683522936596533 0.0024343157452226872 0.023046522006753969 -0.004382510649930599 -0.0021771149046797222 0.0017137392106477689 -0.0080892441141408589 0.004609335803722814 -0.0034657246140036568 0.021107459891361924 0.0024213458564567025 -0.004178917894462098 -0.0017257399065093272 0.0020159142009583521 0.00076707957332964325 -0.042178730032593509 -0.0017378392896982399
leaf_weight=9876 44243 69891 334 260759 19372 78395 15178 46713 958 33024 3686 3346 7519 43492 11470 7542 98272 241959 18627 5947 7165 124964 1647 128870 39425 14535 27150 221315 58 107415
leaf_count=9876 44243 69891 334 260759 19372 78395 15178 46713 958 33024 3686 3346 7519 43492 11470 7542 98272 241959 18627 5947 7165 124964 1647 128870 39425 14535 27150 221315 58 107415
internal_value=-4.49754e-05 -0.000430637 0.00181204 -0.000541541 -0.000839086 -0.00055701 0.000680679 0.000607842 0.000521669 0.00258442 0.00918758 0.000347778 0.00749395 -0.000762054 0.000628985 0.00362929 -0.000942212 -0.0012977 7.85506e-05 0.000373384 -0.00202672 -0.00168207 -0.000634706 0.000194047 -0.00109385 0.00173067 -0.000915057 -9.87519e-05 0.0201772 -2.67697e-05
internal_weight=1.69315e+06 1.10557e+06 52096 1.05348e+06 789371 637870 587575 577699 562521 37726 4702 264105 7853 559475 64151 19012 495324 367381 127943 524795 151501 132129 45139 463547 58052 61248 269109 334677 1016 328730
internal_count=1693147 1105572 52096 1053476 789371 637870 587575 577699 562521 37726 4702 264105 7853 559475 64151 19012 495324 367381 127943 524795 151501 132129 45139 463547 58052 61248 269109 334677 1016 328730
is_linear=0
shrinkage=0.05


Tree=54
num_leaves=31
num_cat=0
split_feature=10 9 1 8 18 18 18 9 18 18 10 16 5 18 9 9 8 9 8 18 9 8 9 21 6 18 8 8 6 16
split_gain=179.068 111.857 96.0085 79.9533 77.1797 124.923 76.8738 73.6115 67.4212 67.6824 74.7395 62.1633 60.9497 59.7976 75.3741 54.9357 54.3295 53.5153 53.3211 57.6232 63.0098 54.2306 52.7498 63.4622 52.3419 48.9531 48.2552 48.2479 48.0611 45.0936
threshold=1.0951808691024782 0.00024509207287337636 -0.00012902257731184361 -6.6132924556732169 -0.071932479739189134 0.32350382208824163 0.96065577864646923 5.6667309763724922e-05 -0.68039956688880909 -0.22707572579383847 1.5913242697715761 0.72424450516700756 0.0047392419073730716 0.19722913205623629 0.00010321946319891141 0.00033724731474649167 -0.64564630389213551 0.0007489442068617792 -8.0490031242370588 0.01527100056409836 0.00055919805890880536 -2.2053039073944087 0.00011830384028144182 0.65450850129127514 0.27657678723335272 -0.98285266757011402 3.749704241752625 -1.7190364003181455 2.5906715393066411 1.0878406763076784
decision_type=2 2 2 2 2 2 2 2 2 2 2 2 2 2 2 2 2 2 2 2 2 2 2 2 2 2 2 2 2 2
left_child=1 3 18 -1 11 7 28 26 12 17 15 -5 -4 -9 -15 -11 -12 27 -2 20 21 -20 -8 -24 -13 -26 -6 -10 -7 -3
right_child=2 29 8 4 5 6 22 13 9 10 16 24 -14 14 -16 -17 -18 -19 19 -21 -22 -23 23 -25 25 -27 -28 -29 -30 -31
leaf_value=0.0064420703897930531 0.0086624528925834058 -0.0011570475629531895 -0.0058102676047737728 -0.0032508139524804248 0.014514713917306922 -0.00032280082237315936 0.014497330878382864 0.0038549348778098239 0.0095300023877242356 -0.0014581017211850456 -0.012857483831852524 0.0025310879053385364 0.0081326251836693186 0.047274004532959581 0.0093845028578320236 -0.0044556354466459896 -0.0038107758020111075 -0.0052565805455297987 0.0087969660494951803 -0.0018811548947617442 -0.001869699272297326 0.0017031924282759792 0.0054326468523717255 -0.0065102415866077623 0.0049003495669442182 -0.0027810331989648221 0.07054790996790164 0.00096943885556696199 0.0089202249477207344 0.0010121522531990612
leaf_weight=59681 7201 374030 47778 66944 1636 226934 17190 65450 8860 149418 5239 93131 2103 2778 26086 49460 7722 7400 16724 85140 23844 30715 42917 9832 14348 68440 1301 30344 10515 139986
leaf_count=59681 7201 374030 47778 66944 1636 226934 17190 65450 8860 149418 5239 93131 2103 2778 26086 49460 7722 7400 16724 85140 23844 30715 42917 9832 14348 68440 1301 30344 10515 139986
internal_value=-4.66882e-05 0.000272969 -0.000873825 0.000680941 0.000519535 0.000942445 0.000448293 0.00250434 -0.00139334 -0.00106851 -0.00144803 -0.000185084 -0.00307632 0.00226159 0.00415743 -0.00120828 -0.00512692 0.000656596 0.000105119 -8.8542e-05 0.000960257 0.00201417 0.00190523 0.00112135 0.000308381 -0.000606368 0.0102996 0.00139272 1.9162e-05 -0.000288318
internal_weight=1.69315e+06 1.2212e+06 471948 707183 647502 404639 307388 97251 308324 258443 211839 242863 49881 94314 28864 198878 12961 46604 163624 156423 71283 47439 69939 52749 175919 82788 2937 39204 237449 514016
internal_count=1693147 1221199 471948 707183 647502 404639 307388 97251 308324 258443 211839 242863 49881 94314 28864 198878 12961 46604 163624 156423 71283 47439 69939 52749 175919 82788 2937 39204 237449 514016
is_linear=0
shrinkage=0.05


Tree=55
num_leaves=31
num_cat=0
split_feature=10 6 9 16 18 18 5 18 18 18 9 6 18 18 18 7 6 18 18 18 10 5 9 18 18 5 7 20 21 9
split_gain=167.654 118.509 105.516 72.5443 59.7895 79.9431 70.8628 70.1385 66.9203 57.4481 54.6994 54.2593 53.98 76.2559 48.8858 47.3226 48.0571 59.5276 59.3941 49.0028 54.9981 46.1479 52.584 45.3397 76.1189 46.2588 45.8384 46.4287 45.3035 45.0971
threshold=0.87689021229743969 -2.515454769134521 0.00037419672298710799 0.60326346755027782 -0.010908065363764761 -0.7238691747188567 0.0043213439639657744 -0.56820151209831227 0.80255532264709484 -0.41270604729652399 0.00010321946319891141 -1.4638300538063047 -0.31523424386978144 -0.12836257368326184 -0.098016906529664979 4.2507410049438485 0.087441537529230132 0.29862368106842047 0.21004468202590945 0.94622433185577404 1.3697199225425722 0.0079095256514847296 0.00061198146431706857 -0.045798758044838898 0.39674647152423864 0.0061428435146808633 1.6459441184997561 -0.76942089200019825 1.0000000180025095e-35 0.00010321946319891141
decision_type=2 2 2 2 2 2 2 2 2 2 2 2 2 2 2 2 2 2 2 2 2 2 2 2 2 2 2 2 2 2
left_child=11 10 3 14 5 6 -4 21 -6 -9 -2 -1 -11 -14 -3 16 17 18 -5 -19 -21 22 -7 26 25 -25 -13 -28 -29 -20
right_child=1 2 4 15 8 7 -8 9 -10 12 -12 23 13 -15 -16 -17 -18 19 29 20 -22 -23 -24 24 -26 -27 27 28 -30 -31
leaf_value=0.0048266729807953553 0.025146846772863385 -0.0054419750232908241 -0.0041912882923228817 0.0014335304678407936 -0.0059077214518869995 0.0066276261087995893 0.0050901623061057723 -0.0043404526803813015 -0.0011322847232458578 0.0053260938389143369 0.0032848551126515302 0.0011198462244761066 -0.0046601983414672919 0.004908531759041046 -0.0012858856557547149 0.0045874323836161083 -0.0011413020833696776 -0.0016798843170742206 0.068992156970286406 0.0033958554836247714 -0.0068780718365690774 0.034415166688138203 -0.0016278842835290908 0.0083633097625112514 0.0013104228507349492 -0.025813036508138404 0.0045568763718726538 -0.00060150415713995935 -0.0069386190719637145 0.0079598378589411777
leaf_weight=67385 3111 33854 73379 165003 53950 22188 7486 34088 31974 18579 53665 156270 21974 10068 60951 32257 349434 132863 790 50696 5491 554 15711 48467 158033 372 12265 29208 28825 14256
leaf_count=67385 3111 33854 73379 165003 53950 22188 7486 34088 31974 18579 53665 156270 21974 10068 60951 32257 349434 132863 790 50696 5491 554 15711 48467 158033 372 12265 29208 28825 14256
internal_value=-4.33808e-05 -0.000365841 -0.000477303 -0.00019507 -0.00130039 -0.000834448 -0.0020559 -3.24775e-05 -0.00240678 -0.000836393 0.00186346 0.000724305 0.000232117 -0.00101117 -0.00149834 -3.05012e-05 -0.000114609 0.000283257 0.000933912 -0.000336419 0.000901454 0.00173849 0.00152906 0.000519103 0.00105428 0.00277954 3.04544e-05 -0.0010299 -0.00162063 0.00394125
internal_weight=1.69315e+06 1.19232e+06 1.13555e+06 845595 289951 204027 80865 123162 85924 84709 56776 500825 50621 32042 94805 750790 718533 369099 180049 189050 56187 38453 37899 433440 206872 48839 226568 70298 58033 15046
internal_count=1693147 1192322 1135546 845595 289951 204027 80865 123162 85924 84709 56776 500825 50621 32042 94805 750790 718533 369099 180049 189050 56187 38453 37899 433440 206872 48839 226568 70298 58033 15046
is_linear=0
shrinkage=0.05


Tree=56
num_leaves=31
num_cat=0
split_feature=10 9 7 6 18 3 20 17 18 19 18 18 9 18 10 19 18 18 19 19 19 20 18 18 9 9 7 19 18 19
split_gain=158.801 112.91 75.622 67.2706 61.796 93.9772 61.3414 59.4216 58.8088 58.4984 68.3674 91.0862 86.6753 58.8966 57.6907 56.3848 55.1901 56.4774 71.2944 53.4677 64.1666 55.2452 104.731 78.3368 51.614 51.4566 54.2332 49.981 75.8148 49.4203
threshold=1.1438367962837221 0.00022990147408563646 -3.8974733352661128 -1.0556558966636655 0.01527100056409836 -0.0041346673388034097 -1.0000000180025095e-35 1.6394813656806948 -0.38066601753234858 0.1326885595917702 -0.73283809423446644 -0.57892408967018116 0.00044051220174878841 0.62080430984497081 0.77480906248092662 -0.028357730247080323 -0.20577672123908994 0.77851521968841564 -0.99115538597106922 0.47907376289367681 0.79202145338058483 -0.76942089200019825 0.041439602151513107 -0.080633651465177522 0.00066862133098766219 0.00013087081606499853 0.33312435448169714 0.86927726864814769 -0.55738157033920277 0.81537854671478283
decision_type=2 2 2 2 2 2 2 2 2 2 2 2 2 2 2 2 2 2 2 2 2 2 2 2 2 2 2 2 2 2
left_child=1 2 29 4 5 -2 -5 14 -7 10 15 -12 16 -11 -4 -3 -13 18 -18 -16 -21 22 -22 27 -17 -24 -27 28 -23 -1
right_child=3 9 7 6 -6 8 -8 -9 -10 13 11 12 -14 -15 19 24 17 -19 -20 20 21 23 25 -25 -26 26 -28 -29 -30 -31
leaf_value=0.0050743500668813842 -0.011072963312279827 -0.0021807848990582413 0.0038796523735672886 -0.0007845846580744831 -0.0019147149217277227 0.0014865604891712071 -0.0036164239229960204 0.0071060457007822153 0.011286366162852302 -0.0011410827250160683 0.0058019817848523059 0.0059943714804219896 -0.0029732100888514969 -0.0050697881994898669 0.0014204429741859538 0.0044835884829210141 0.0044550255109241654 0.0030164459851478309 -0.0021098741411527235 -0.0028432554511932831 0.044724925729491695 -0.011491236903318637 0.020200531805502242 0.0029139864830807997 -0.023475275199389058 -0.012320610564046947 0.0078221007424745369 -0.0061099598026931323 0.020483122393636345 0.016973706714066183
leaf_weight=23176 3526 148989 135467 103797 53996 22890 165652 32759 15727 104638 42378 30961 63807 36911 297124 19018 23944 71163 95296 95357 2577 3141 3270 52728 741 3968 3505 25164 4893 6584
leaf_count=23176 3526 148989 135467 103797 53996 22890 165652 32759 15727 104638 42378 30961 63807 36911 297124 19018 23944 71163 95296 95357 2577 3141 3270 52728 741 3968 3505 25164 4893 6584
internal_value=-4.47392e-05 0.000209369 0.000652808 -0.000967483 0.000167986 0.00160288 -0.00137262 0.000541629 0.00231634 -0.000270128 -1.44067e-05 0.000406809 8.53874e-05 -0.00116673 0.000433199 -0.00083201 0.000553387 0.000235028 -0.000430225 0.000181503 -0.000462737 0.000427221 0.00342342 -3.72413e-05 0.00167772 0.00125198 -0.00103707 -0.00193988 0.00149365 0.00311828
internal_weight=1.69315e+06 1.32756e+06 689713 365588 96139 42143 269449 659953 38617 637846 496297 327549 285171 141549 627194 168748 221364 190403 119240 491727 194603 99246 13320 85926 19759 10743 7473 33198 8034 29760
internal_count=1693147 1327559 689713 365588 96139 42143 269449 659953 38617 637846 496297 327549 285171 141549 627194 168748 221364 190403 119240 491727 194603 99246 13320 85926 19759 10743 7473 33198 8034 29760
is_linear=0
shrinkage=0.05


Tree=57
num_leaves=31
num_cat=0
split_feature=9 6 11 6 6 9 19 18 18 19 10 18 19 18 18 18 20 8 19 4 19 19 20 19 19 18 18 18 10 18
split_gain=146.307 113.309 92.0272 82.341 70.8673 66.975 70.6987 93.334 118.665 120.516 72.2039 62.2326 74.043 160.083 170.504 98.0435 82.2699 73.0972 72.9028 64.6665 61.0711 60.2806 97.3275 61.8439 71.6882 64.183 61.4725 58.4883 73.696 58.2659
threshold=0.0001465181267121807 -0.58129537105560292 0.48415115475654608 2.6583374738693242 -3.4311625957489009 0.00058903728495351981 -0.2185685262084007 0.77851521968841564 0.23556562513113025 -0.6867687702178954 1.1579663157463076 0.98120620846748363 0.81537854671478283 -0.50941574573516835 0.19722913205623629 0.26092512905597692 -0.76942089200019825 -4.0080544948577872 0.1326885595917702 0.00027444169973023241 0.90905222296714794 0.70864605903625499 -0.76942089200019825 0.6411133110523225 0.50188699364662182 -0.71477618813514698 -0.8153785467147826 0.57892408967018139 0.69207313656806957 -0.29862368106842035
decision_type=2 2 2 2 2 2 2 2 2 2 2 2 2 2 2 2 2 2 2 2 2 2 2 2 2 2 2 2 2 2
left_child=11 4 -3 5 -2 6 7 8 9 29 -10 12 21 16 19 -16 -14 -18 -13 20 -15 23 -23 24 -1 -25 -26 28 -24 -4
right_child=1 2 3 -5 -6 -7 -8 -9 10 -11 -12 18 13 14 15 -17 17 -19 -20 -21 -22 22 27 25 26 -27 -28 -29 -30 -31
leaf_value=0.001971939783861021 0.0079574768794229318 -0.004206093767718566 0.0056759748972892545 0.0037235396720991134 0.00051245082217197819 -0.0036591893364419817 -0.001895521192143529 0.00401743511803343 -0.0027766605588502693 -0.002386557655143107 -0.0098672100268581212 0.0042894511195715971 0.097650302634008854 -0.013563588503810465 0.038292286275751299 0.0073972136644895777 0.04946938814706623 0.011673236035135572 0.026221987812248951 -0.0061180917515916812 0.0032001583623652019 0.010610083515511071 -0.0037624852506438879 0.018395788193484666 -0.012629472549563448 -0.00097643451644642283 -0.0020536089496953013 0.001728540915730048 -0.015927090460178435 0.0008278526591993518
leaf_weight=112898 14668 83049 56898 49680 447044 66986 336814 69143 85316 75423 10105 19227 1902 2360 7498 13081 2297 7265 8472 19433 55192 5159 7291 8447 6617 5689 25600 5897 8274 75422
leaf_count=112898 14668 83049 56898 49680 447044 66986 336814 69143 85316 75423 10105 19227 1902 2360 7498 13081 2297 7265 8472 19433 55192 5159 7291 8447 6617 5689 25600 5897 8274 75422
internal_value=-4.15498e-05 -0.000267046 -0.000591086 -0.000431528 0.000370794 -0.000557848 -0.000415091 5.97625e-05 -0.00031831 0.000352118 -0.00177791 0.000916463 0.000703628 0.00173809 0.00108134 0.00512416 0.00732729 0.00543819 0.00318243 6.49477e-07 0.000842716 9.68408e-05 -0.00210548 0.000464989 0.000157461 0.00362196 -0.0019229 -0.00358774 -0.00519435 0.00126134
internal_weight=1.69315e+06 1.37055e+06 908836 825787 461712 776107 709121 372307 303164 207743 95421 322599 294900 109028 97564 20579 11464 9562 27699 76985 57552 185872 26621 159251 145115 14136 32217 21462 15565 132320
internal_count=1693147 1370548 908836 825787 461712 776107 709121 372307 303164 207743 95421 322599 294900 109028 97564 20579 11464 9562 27699 76985 57552 185872 26621 159251 145115 14136 32217 21462 15565 132320
is_linear=0
shrinkage=0.05


Tree=58
num_leaves=31
num_cat=0
split_feature=10 20 16 9 9 10 17 18 18 19 6 5 19 18 10 4 2 5 18 19 18 9 20 19 19 18 10 10 6 9
split_gain=143.713 94.479 84.2467 83.8252 77.796 63.2263 60.4377 56.4569 78.511 61.0451 49.7527 54.8908 51.2438 118.697 45.4497 61.3449 51.338 49.1807 45.3483 53.1586 43.2669 55.7878 45.9538 43.9927 62.979 45.605 42.4578 41.2684 41.2088 39.9305
threshold=1.0344860553741457 -1.0000000180025095e-35 1.3109229207038882 0.0010354014812037351 8.5867995949229239e-05 0.7579837739467622 1.4751529693603518 0.96065577864646923 0.994289129972458 0.19722913205623629 -0.030109927058219906 -0.00043982996430713678 0.44424325227737432 0.69934985041618358 1.2219725251197817 -0.00069985436857677985 -6.976966687943785e-05 -0.0001808270390029065 -0.71477618813514698 -0.054514370858669274 -0.045798758044838898 0.00058903728495351981 1.0000000180025095e-35 0.7357999086380006 0.21004468202590945 0.86051779985427868 1.2884464263916018 0.87689021229743969 3.7480714321136479 0.00023353521100943911
decision_type=2 2 2 2 2 2 2 2 2 2 2 2 2 2 2 2 2 2 2 2 2 2 2 2 2 2 2 2 2 2
left_child=2 3 5 7 -3 20 26 -2 9 29 12 -12 18 -14 15 -10 -17 -16 19 -7 22 23 -1 24 25 -22 28 -20 -6 -9
right_child=1 4 -4 -5 6 10 -8 8 14 -11 11 -13 13 -15 17 16 -18 -19 27 -21 21 -23 -24 -25 -26 -27 -28 -29 -30 -31
leaf_value=0.0034885428847768133 -7.2264854932002631e-05 0.014662695407829985 0.0036886415359967729 -0.008384946629664481 -0.0025084600788823352 -0.0020120944763756922 -0.00038863592743023647 0.020954385527076402 0.027226593733037343 -0.0032521693320634207 -0.0031749961734547695 -0.00029932612711366382 0.00072148007272095918 -0.007069046144147279 -0.016341090906498535 0.012568242884691872 -0.0083945549433133045 -0.00014898335131886543 0.0061001050885135973 0.0031227180679232916 0.0050181884474490351 -0.018203643811879312 -0.0024601602360733057 0.013036675999362146 -0.001130631151202588 0.020627919931222972 -0.0047786145547152386 0.0015198303916268586 0.018809554181922462 0.0059849414327119103
leaf_weight=46611 208023 6002 140075 5751 222939 61101 106786 7755 1219 3746 82151 318050 78495 23910 2657 2264 4070 3789 53139 36174 17386 1217 39254 17678 22858 7863 55340 108270 1171 7403
leaf_count=46611 208023 6002 140075 5751 222939 61101 106786 7755 1219 3746 82151 318050 78495 23910 2657 2264 4070 3789 53139 36174 17386 1217 39254 17678 22858 7863 55340 108270 1171 7403
internal_value=-4.30264e-05 -0.000634748 0.000315585 0.000131954 -0.00111692 0.000140621 -0.0012047 0.000274358 0.00219889 0.00430068 -4.57119e-05 -0.000429659 0.000379823 -0.000566867 -0.000639331 0.00199259 1.57878e-05 -0.00372324 0.000754589 -9.81753e-05 0.00106858 0.00202084 0.000325511 0.00221707 0.00143326 0.00315458 -0.00159134 0.00126852 -0.00128508 0.00571315
internal_weight=1.69315e+06 638915 1.05423e+06 246677 392238 914157 386236 240926 32903 18904 761290 400201 361089 102405 13999 7553 6334 6446 258684 97275 152867 67002 85865 65785 48107 25249 279450 161409 224110 15158
internal_count=1693147 638915 1054232 246677 392238 914157 386236 240926 32903 18904 761290 400201 361089 102405 13999 7553 6334 6446 258684 97275 152867 67002 85865 65785 48107 25249 279450 161409 224110 15158
is_linear=0
shrinkage=0.05


Tree=59
num_leaves=31
num_cat=0
split_feature=7 10 9 20 19 9 17 10 19 9 9 19 19 19 18 19 18 5 18 18 7 18 18 20 18 18 6 21 8 7
split_gain=132.032 138.425 75.9549 72.7931 72.1578 56.1406 55.1118 51.7507 59.665 56.2992 50.2711 49.495 46.3329 54.7765 54.373 54.1518 47.5185 49.687 45.4884 43.0105 113.27 105.831 119.3 84.5036 119.956 68.7094 61.2768 56.0829 49.914 42.0338
threshold=-5.1402227878570548 1.0951808691024782 0.00024112046230584386 -1.0000000180025095e-35 0.82535797357559215 0.0010354014812037351 1.4401522278785708 0.7302805781364442 -0.99674141407012928 6.6695167333818986e-05 8.3351551438681795e-05 0.47907376289367681 0.42063900828361517 0.78396254777908336 -0.49052239954471583 0.832677721977234 -0.31523424386978144 0.0061428435146808633 -0.34816221892833704 -0.080633651465177522 -1.0295262336730955 0.39674647152423864 0.19722913205623629 -0.76942089200019825 -0.63775861263275135 0.26092512905597692 0.24745860695838931 0.65450850129127514 -3.2995089292526241 5.1724565029144296
decision_type=2 2 2 2 2 2 2 2 2 2 2 2 2 2 2 2 2 2 2 2 2 2 2 2 2 2 2 2 2 2
left_child=4 2 6 5 -1 -3 7 8 -2 -9 -5 -11 29 -14 15 -15 -16 -18 -6 20 27 22 -21 24 28 -24 -23 -13 -22 -4
right_child=1 3 12 10 18 -7 -8 9 -10 11 -12 19 13 14 16 -17 17 -19 -20 21 23 26 25 -25 -26 -27 -28 -29 -30 -31
leaf_value=0.006143948745297334 0.057718348578484749 0.0002376793378849329 -0.00021585453225964057 0.015501649191267813 0.098096750121491771 -0.0071005238324747984 0.0056150397318175845 0.012085921525582344 0.0040484543983395627 0.0012475490472202977 -0.0025799784822715722 0.00054510686986545263 -0.0046922549382256047 0.0055929983527287066 -0.014498148326415728 0.10146362821727731 0.0007491591461713077 -0.021745165265250589 0.019809401005933161 0.0012638526978259402 0.023251679507119139 -0.004682087352441822 0.041342792232717557 -0.0072656560525770969 0.048777877168197037 0.0061397453373519765 0.0013180340367809019 0.014553412725507982 -0.0063723071251395981 0.011625803213964192
leaf_weight=16773 613 173527 438120 3362 369 4932 54125 11253 91888 328113 282217 19803 41691 643 1956 352 36382 791 2990 25691 724 45780 5931 47171 1836 5569 36309 4494 4855 4887
leaf_count=16773 613 173527 438120 3362 369 4932 54125 11253 91888 328113 282217 19803 41691 643 1956 352 36382 791 2990 25691 724 45780 5931 47171 1836 5569 36309 4494 4855 4887
internal_value=-4.13136e-05 -8.97481e-05 0.000192022 -0.000823855 0.00398371 -3.16599e-05 0.000539132 0.0004076 0.00149998 0.000219616 -0.0013189 0.000144791 -0.000260469 -0.00135366 -3.48918e-05 0.0115075 -0.000328401 7.12883e-05 0.0106728 -0.000479151 -0.00138496 0.000119886 0.00233255 -0.00264903 0.00231288 0.00656522 -0.000882579 0.00145491 -0.00133536 -5.8577e-05
internal_weight=1.69315e+06 1.67302e+06 1.20898e+06 464038 20132 178459 684155 630030 92501 537529 285579 526276 524822 81815 40124 995 39129 37173 3359 198163 78883 119280 37191 54586 7415 11500 82089 24297 5579 443007
internal_count=1693147 1673015 1208977 464038 20132 178459 684155 630030 92501 537529 285579 526276 524822 81815 40124 995 39129 37173 3359 198163 78883 119280 37191 54586 7415 11500 82089 24297 5579 443007
is_linear=0
shrinkage=0.05


Tree=60
num_leaves=31
num_cat=0
split_feature=11 10 6 7 18 18 8 9 19 18 18 19 18 20 5 19 18 10 13 10 9 5 19 20 18 8 7 18 8 18
split_gain=133.824 126.869 78.9067 65.458 56.0212 88.8786 82.6795 78.6196 76.0102 64.3405 109.156 93.2219 95.4074 95.1265 73.2069 63.1884 60.3998 54.287 53.4081 52.2613 50.9879 66.9879 66.0563 56.3284 73.1815 50.1451 48.3904 47.2589 45.9977 44.7236
threshold=1.6535319685935976 1.2023154497146609 -0.030109927058219906 3.8736450672149663 0.95037782192230236 0.61048936843872081 -8.759358882904051 0.00022620456002186987 -0.2100446820259094 -0.56820151209831227 -0.49052239954471583 0.70864605903625499 -0.7589854598045348 -0.76942089200019825 5.8708852520794614e-05 -0.35632950067520136 0.78666386008262645 1.7774003148078921 1.3106148242950442 0.80013251304626476 0.0001465181267121807 -0.00020455424964893607 -0.99674141407012928 -0.76942089200019825 0.9844242036342622 -8.0490031242370588 1.2013994455337527 0.99959546327590953 -7.6525237560272208 0.99740713834762584
decision_type=2 2 2 2 2 2 2 2 2 2 2 2 2 2 2 2 2 2 2 2 2 2 2 2 2 2 2 2 2 2
left_child=1 2 4 20 5 7 -7 9 -6 11 28 12 -1 -13 -14 16 -8 25 -2 -15 23 22 -22 29 -25 -3 -24 -10 -11 -4
right_child=18 17 3 -5 8 6 15 -9 27 10 -12 13 14 19 -16 -17 -18 -19 -20 -21 21 -23 26 24 -26 -27 -28 -29 -30 -31
leaf_value=0.0010527279845835348 0.0028015335715510961 0.0079916834038463013 0.0090667822791318242 0.0028862270200587514 0.014335560405909154 0.010132196247660636 -0.0035924361411924345 2.9482171683914427e-06 0.0013632676162630419 0.099849549138287932 0.0047865977789345654 0.013975453123836412 0.022713541086636771 -0.0061765962340258225 -0.0032959362035763942 -0.0043057554986121183 0.0033311157788112004 -0.0066807725492124548 0.015895083412554811 -0.016167306090741462 0.012463490728174077 -0.00076551601344155293 -0.0028675874899516175 -0.0011640340053047983 0.015958307704914378 -0.0021266414983889593 -0.0084222247076332964 0.013978508325910627 0.026608443395486205 -0.021761086738955382
leaf_weight=64895 147933 4250 20191 64539 9669 7574 28128 233664 42211 612 107019 2183 4527 6494 1856 68193 31201 11586 4333 4095 3889 348146 123186 93334 7198 221787 20851 5186 3607 810
leaf_count=64895 147933 4250 20191 64539 9669 7574 28128 233664 42211 612 107019 2183 4527 6494 1856 68193 31201 11586 4333 4095 3889 348146 123186 93334 7198 221787 20851 5186 3607 810
internal_value=-4.27901e-05 -0.000182525 1.12027e-05 -0.000360041 0.000418925 0.000267885 -0.000850506 0.000620116 0.00191182 0.00136055 0.00214945 0.000316478 0.00102135 -0.00361729 0.00685414 -0.00115196 4.12952e-05 -0.00124504 0.00137128 -0.00557654 -0.000518373 -0.000743239 -0.0016346 0.00039948 -9.25079e-05 -0.00107394 -0.00180822 0.00108762 0.0100379 0.00275463
internal_weight=1.69315e+06 1.54088e+06 1.30326e+06 682144 621114 564048 135096 428952 57066 195288 111238 84050 71278 12772 6383 127522 59329 237623 152266 10589 617605 496072 147926 121533 100532 226037 144037 47397 4219 21001
internal_count=1693147 1540881 1303258 682144 621114 564048 135096 428952 57066 195288 111238 84050 71278 12772 6383 127522 59329 237623 152266 10589 617605 496072 147926 121533 100532 226037 144037 47397 4219 21001
is_linear=0
shrinkage=0.05


Tree=61
num_leaves=31
num_cat=0
split_feature=11 10 18 18 19 10 19 18 19 6 19 18 19 18 18 5 9 9 10 19 18 18 19 18 21 8 9 8 6 5
split_gain=123.519 123.725 75.3793 71.5532 99.456 86.614 84.841 95.13 91.392 78.6724 94.6947 82.5004 75.3644 78.4379 73.5473 68.4731 60.5877 59.8204 58.793 55.835 70.9417 71.9886 55.0718 51.7575 51.6426 49.7704 49.027 45.069 45.0022 54.115
threshold=2.3599569797515874 1.0240270495414736 -0.74168145656585682 0.01527100056409836 -0.60702770948410023 1.2167567610740664 0.19722913205623629 0.6411133110523225 0.11970336735248567 -0.64437764883041371 0.69934985041618358 -0.64778602123260487 0.86927726864814769 -0.12836257368326184 0.21004468202590945 -0.0054270699620246879 6.6695167333818986e-05 0.00056861486518755566 0.67747738957405101 -0.95819556713104237 -0.38066601753234858 -0.5464661419391631 -0.99115538597106922 0.27353890240192419 0.65450850129127514 6.045631170272828 0.00010130670489161277 12.16558885574341 0.043800409883260734 -0.00032635887328069652
decision_type=2 2 2 2 2 2 2 2 2 2 2 2 2 2 2 2 2 2 2 2 2 2 2 2 2 2 2 2 2 2
left_child=1 16 -3 9 5 -5 8 14 -6 15 17 -12 -13 27 -8 -4 -1 19 -18 -11 21 24 25 -16 -21 -20 -15 -14 -24 -30
right_child=-2 2 3 4 6 -7 7 -9 -10 10 11 12 13 26 23 -17 18 -19 22 20 -22 -23 28 -25 -26 -27 -28 -29 29 -31
leaf_value=0.0090820344703114071 0.0076597537490727509 -0.0031102196659512416 -0.0072515868512394556 -0.0025740209259717431 0.00041110178654938382 -0.0080454210861346572 -0.0046924226438861856 -0.0050940518421322967 0.012347232460447378 -0.00028165178691799133 -0.012930314730767467 0.016205949074294575 -0.0077003844641905907 0.035581139563467333 0.01101068986949862 0.0047661832007885215 0.004958753170285113 -0.0023598832107006753 0.0067089571149122843 0.013146921947322599 0.01704964083502437 -0.0041728905345438218 0.00082779215527897245 0.00028898768203556858 -0.0041290063958257127 -0.0066658461516938888 -0.00036556820313451976 0.06992631314317195 -0.0028424817580598896 -6.5256369031108094e-05
leaf_weight=23254 32691 103762 4155 65599 117829 22362 27489 57827 10347 27060 3929 4108 19749 1280 9588 56587 55961 28703 30401 8664 10217 8336 442695 56471 2810 3997 7334 134 103903 345905
leaf_count=23254 32691 103762 4155 65599 117829 22362 27489 57827 10347 27060 3929 4108 19749 1280 9588 56587 55961 28703 30401 8664 10217 8336 442695 56471 2810 3997 7334 134 103903 345905
internal_value=-4.12545e-05 -0.000101177 -0.000636366 -0.000403394 -0.000805688 -0.00227203 -0.000344302 -0.00114583 0.000602297 0.000404226 -0.000326183 -0.00245798 -0.00163319 -0.00254588 -0.000160345 0.00187514 0.00024689 0.000581653 0.000187208 0.00151786 0.0030023 0.00125694 9.21889e-05 0.000744032 0.00382604 0.00205535 0.00143952 -0.00427249 1.65266e-05 -0.000335699
internal_weight=1.69315e+06 1.66046e+06 654340 550578 367512 87961 279551 151375 128176 183066 122324 36534 32605 28497 93548 60742 1.00612e+06 85790 982862 57087 30027 19810 926901 66059 11474 34398 8614 19883 892503 449808
internal_count=1693147 1660456 654340 550578 367512 87961 279551 151375 128176 183066 122324 36534 32605 28497 93548 60742 1006116 85790 982862 57087 30027 19810 926901 66059 11474 34398 8614 19883 892503 449808
is_linear=0
shrinkage=0.05


Tree=62
num_leaves=31
num_cat=0
split_feature=7 9 11 19 18 8 9 19 19 18 18 19 18 18 9 19 10 7 10 18 18 18 18 7 10 8 8 4 18 18
split_gain=120.55 115.682 90.8613 69.6156 63.2453 67.1862 69.6135 57.2345 58.9052 74.8208 110.369 104.779 109.264 94.6561 56.6315 64.8022 56.5398 55.0187 52.6337 52.1625 79.5065 77.0316 75.1138 51.8628 49.8031 49.7107 49.4123 49.1151 48.9263 88.6906
threshold=-5.1402227878570548 0.00042264873627573257 0.87880167365074169 0.82535797357559215 -0.028357730247080323 -5.8146398067474356 0.00089337458484806131 0.24826665222644809 0.79202145338058483 0.19722913205623629 0.26092512905597692 0.86927726864814769 -0.33174875378608698 -0.55738157033920277 0.00089337458484806131 -0.62762191891670216 0.84243321418762218 2.1560924053192143 0.82919442653656017 -0.71477618813514698 -0.78396254777908314 -0.87142586708068837 -0.63775861263275135 1.5323815345764162 1.3819843530654909 5.1614484786987314 -10.28252601623535 0.00042840599780902272 -0.75039777159690846 -0.2143086493015289
decision_type=2 2 2 2 2 2 2 2 2 2 2 2 2 2 2 2 2 2 2 2 2 2 2 2 2 2 2 2 2 2
left_child=3 2 7 -1 -3 6 -6 28 19 11 16 13 27 -10 15 -7 -11 -16 -4 20 21 -9 26 -14 -24 -25 -21 -13 -2 -30
right_child=1 4 18 -5 5 14 -8 8 9 10 -12 12 23 -15 17 -17 -18 -19 -20 22 -22 -23 24 25 -26 -27 -28 -29 29 -31
leaf_value=0.0056777548868450437 -0.0017596312313728269 -0.0010371930575149568 0.0034572421131956301 0.025914041732714235 0.00028706537294733716 -0.0079980417698980351 0.02302357191845843 0.00086957408658925326 -0.0015765663366859028 0.069527462885625474 0.0010296556043332906 -0.0089536811235683741 -0.0002669476057916398 0.032222705615646774 -0.01294564986221472 -0.0020233091639930314 0.014150032730146124 0.0061778126535149362 0.00055109946590474197 0.034479337904634887 0.007823811732304781 -0.0066180697479150119 -0.0030724469214107098 -0.011337369051621304 -0.014579814204767762 -0.0005666941634963951 -0.010822204095535005 -0.025474152853739926 0.00802207151304366 0.00033484920502170336
leaf_weight=16773 96455 219728 157630 3359 7654 19602 963 29849 6028 1480 48051 5380 45976 4589 4460 35470 6061 1095 560436 281 12548 20023 90458 10415 1974 8023 11281 2100 26820 238185
leaf_count=16773 96455 219728 157630 3359 7654 19602 963 29849 6028 1480 48051 5380 45976 4589 4460 35470 6061 1095 560436 281 12548 20023 90458 10415 1974 8023 11281 2100 26820 238185
internal_value=-4.11364e-05 -8.7417e-05 0.000102562 0.00380489 -0.000997328 -0.002315 0.00181618 -0.000318104 -0.000823107 -5.9738e-05 0.00135811 -0.00101502 -0.00169972 0.00362155 -0.00290217 -0.00241684 0.00698183 -0.00771377 0.000492712 -0.00145661 -0.000314002 -0.0012091 -0.00214243 -0.00103549 -0.00166717 -0.00327584 -0.00594188 -0.00741979 0.000107342 0.000458293
internal_weight=1.69315e+06 1.67302e+06 1.38404e+06 20132 288972 69244 8617 665977 304517 138103 55592 82511 71894 10617 60627 55072 7541 5555 718066 166414 62420 49872 103994 64414 92432 18438 11562 7480 361460 265005
internal_count=1693147 1673015 1384043 20132 288972 69244 8617 665977 304517 138103 55592 82511 71894 10617 60627 55072 7541 5555 718066 166414 62420 49872 103994 64414 92432 18438 11562 7480 361460 265005
is_linear=0
shrinkage=0.05


Tree=63
num_leaves=31
num_cat=0
split_feature=11 10 6 9 5 7 19 19 19 8 21 19 19 19 19 0 19 19 19 19 10 9 19 19 4 10 9 5 5 3
split_gain=111.565 109.731 75.8645 59.3042 71.7717 55.8602 60.5384 51.7467 107.896 52.7097 49.9654 50.8701 51.8324 49.1199 47.6523 45.7046 45.6576 47.484 50.3725 99.2685 54.2255 50.0944 44.963 39.6632 38.8719 43.3505 37.7675 42.0762 37.6604 36.6908
threshold=1.6535319685935976 1.3120177984237673 -0.030109927058219906 0.00014010613085702064 -0.00020455424964893607 -4.8843848705291739 -0.90164175629615773 0.79994463920593273 0.50188699364662182 -3.1771898269653316 0.65450850129127514 0.19722913205623629 0.1326885595917702 -0.99674141407012928 0.82535797357559215 0.00023976073134690526 0.87777194380760204 0.91618576645851146 0.97768935561180126 0.95819556713104259 0.88439601659774791 7.0841619162820293e-05 0.1326885595917702 0.6411133110523225 0.00053993190522305678 0.88439601659774791 0.00095155177405104052 0.00066991057246923457 -0.0048454785719513884 -0.0011892532929778097
decision_type=2 2 2 2 2 2 2 2 2 2 2 2 2 2 2 2 2 2 2 2 2 2 2 2 2 2 2 2 2 2
left_child=1 2 5 10 13 14 28 8 -8 -10 11 12 -4 -5 -1 -2 -9 -18 19 -19 -21 -20 -6 -24 -15 -26 -3 -28 -7 -23
right_child=15 26 3 4 22 6 7 16 9 -11 -12 -13 -14 24 -16 -17 17 18 21 20 -22 29 23 -25 25 -27 27 -29 -30 -31
leaf_value=0.0048654645661105281 0.0043572209911830083 -0.0023099454598409564 0.0062797270800885709 0.010095054560909767 0.00018540547549295572 -0.012108312302271107 0.00045700535077218833 0.0076256134114156549 -0.00033326210687305573 -0.0050573703863081689 -0.0032482767904343959 0.0013312567517546503 0.030879861858756089 -0.0023394773245630331 0.024100292235176582 -8.3659142955916371e-05 -0.0048707327478001222 0.00046360096525898677 0.015677444712655843 0.048547420859037876 0.01165762825123442 -0.015169337981604671 -0.0035386958167618054 -0.00048622672853119168 -0.003151140012895598 -0.0086408261839743036 -0.009271255942502327 -0.00056462491653800349 0.0038273611486729919 -0.0006707758920786234
leaf_weight=14430 104689 119801 18080 4415 295968 1989 373669 22673 33070 55443 26498 79600 3629 117199 2565 47577 12021 15114 4639 2317 7828 1513 70124 80902 21198 18825 5784 3698 91203 36686
leaf_count=14430 104689 119801 18080 4415 295968 1989 373669 22673 33070 55443 26498 79600 3629 117199 2565 47577 12021 15114 4639 2317 7828 1513 70124 80902 21198 18825 5784 3698 91203 36686
internal_value=-3.87149e-05 -0.000166301 -3.86087e-05 -0.000389578 -0.000595188 0.000344215 0.000271133 7.63753e-05 -0.000149292 -0.00171896 0.000589561 0.00109516 0.00324059 -0.00149811 0.00317446 0.00125241 0.00109105 0.000530468 0.0010419 0.00281286 0.00663874 -2.33438e-06 -0.000268684 -0.000970694 -0.00164417 -0.00298953 -0.00156053 -0.00459819 0.00145184 -0.000598183
internal_weight=1.69315e+06 1.54088e+06 1.4116e+06 736438 608631 675160 658165 564973 462182 88513 127807 101309 21709 161637 16995 152266 102791 80118 68097 25259 10145 42838 446994 151026 157222 40023 129283 9482 93192 38199
internal_count=1693147 1540881 1411598 736438 608631 675160 658165 564973 462182 88513 127807 101309 21709 161637 16995 152266 102791 80118 68097 25259 10145 42838 446994 151026 157222 40023 129283 9482 93192 38199
is_linear=0
shrinkage=0.05


Tree=64
num_leaves=31
num_cat=0
split_feature=10 11 9 0 11 5 6 18 18 19 19 19 19 20 20 5 7 8 7 7 8 18 9 18 7 8 7 19 18 19
split_gain=106.846 87.9805 67.1383 61.0623 50.7671 49.7985 49.068 43.7363 68.635 54.2604 186.225 62.6014 61.2583 58.1856 54.3069 50.4457 47.8498 50.1223 47.4866 46.2857 44.9131 44.256 53.8358 40.9603 49.429 51.5625 40.6847 40.2606 59.5291 52.1868
threshold=0.82697904109954845 1.0643360614776614 0.00077746369061060261 0.00013165800191927704 2.1293333768844609 0.0020620410796254878 3.4877307415008549 -0.045798758044838898 0.33586180210113531 0.86927726864814769 0.82535797357559215 0.68993380665779125 0.65110388398170482 -0.76942089200019825 -0.76942089200019825 0.0061428435146808633 -4.352768898010253 -11.766439914703367 4.9518494606018075 1.6755884289741518 0.34547448158264166 -0.31523424386978144 0.00065304336021654319 -0.62762191891670216 -3.2223792076110835 -11.766439914703367 -1.1610286831855772 0.47907376289367681 -0.82288655638694752 0.39674647152423864
decision_type=2 2 2 2 2 2 2 2 2 2 2 2 2 2 2 2 2 2 2 2 2 2 2 2 2 2 2 2 2 2
left_child=7 2 -2 4 -3 26 -5 9 15 10 11 12 27 -12 23 16 -9 -18 -10 21 -14 -11 -23 -13 -25 -26 -4 29 -29 -1
right_child=1 3 5 6 -6 -7 -8 8 18 19 13 14 20 -15 -16 -17 17 -19 -20 -21 -22 22 -24 24 25 -27 -28 28 -30 -31
leaf_value=0.001390763957751734 -0.00090256200078436821 0.0011745538419422553 -0.0030100997727103675 -0.0012604550533332204 0.0069354103424478682 0.0005272413086451766 0.0082698780907192182 0.044883642324847609 0.0018600384764697942 -0.01118133526939793 0.2231017281660119 -0.0051152425331915836 0.035320954266832592 0.035203743726030572 -0.0082278046905875091 -0.033940674820983195 -0.038525770888971592 0.010799052675670535 0.021123880073129198 -0.013798257251836511 0.0055702745176920759 0.001372705657749107 0.067124525054321607 0.084608475313173379 -0.035986544296519554 0.031765154861471953 -0.0094228077045986139 -0.012519869768948533 0.00069911184953191929 0.014402078781099371
leaf_weight=108754 839316 280170 13392 165928 24632 9876 9577 833 123152 4063 413 1832 1756 3221 17084 300 328 31090 2612 7008 1735 12745 195 117 89 1736 9709 5018 11100 5366
leaf_count=108754 839316 280170 13392 165928 24632 9876 9577 833 123152 4063 413 1832 1756 3221 17084 300 328 31090 2612 7008 1735 12745 195 117 89 1736 9709 5018 11100 5366
internal_value=-3.73565e-05 -0.000236655 -0.000535886 0.000306783 0.000734575 -0.00274889 -0.00043617 0.000754228 0.00136216 0.000226085 0.000562188 0.000299184 0.000696558 0.0117501 -0.00224854 0.0034085 0.00359834 0.00328474 0.000832512 -0.00198867 0.00723288 -0.00057931 0.000850077 0.00317965 0.00823893 0.00621918 -0.00401931 0.000521353 -0.00181784 0.000851735
internal_weight=1.69315e+06 1.3526e+06 872293 480307 304802 32977 175505 340547 158315 182232 158221 154587 133729 3634 20858 32551 32251 31418 125764 24011 3491 17003 12940 3774 1942 1825 23101 130238 16118 114120
internal_count=1693147 1352600 872293 480307 304802 32977 175505 340547 158315 182232 158221 154587 133729 3634 20858 32551 32251 31418 125764 24011 3491 17003 12940 3774 1942 1825 23101 130238 16118 114120
is_linear=0
shrinkage=0.05


Tree=65
num_leaves=31
num_cat=0
split_feature=13 10 6 1 21 18 19 20 19 10 13 10 18 19 9 6 6 19 18 18 19 18 9 20 18 18 19 9 19 20
split_gain=102.603 98.0252 63.3204 56.0564 53.5459 87.5067 183.023 59.8385 56.5056 52.6449 49.7542 42.6325 41.4791 42.5436 39.7506 40.6146 39.3258 46.6885 78.8602 109.445 76.2031 64.1606 41.339 39.576 38.3848 43.8225 38.0996 36.9559 36.4535 35.3845
threshold=0.46295630931854254 1.1151313185691836 -3.0926320552825923 -6.1603295762324692e-05 0.65450850129127514 0.96065577864646923 -0.2100446820259094 -0.76942089200019825 -0.99280729889869679 0.60646018385887157 1.3106148242950442 0.72562116384506237 -0.68039956688880909 0.70864605903625499 0.00044051220174878841 2.5906715393066411 0.27657678723335272 0.80773079395294201 -0.49052239954471583 -0.55738157033920277 0.50188699364662182 -0.071932479739189134 0.00014523520803777504 -0.76942089200019825 -0.2143086493015289 0.8102954924106599 0.32350382208824163 0.00015395579976029697 0.63101285696029674 1.0000000180025095e-35
decision_type=2 2 2 2 2 2 2 2 2 2 2 2 2 2 2 2 2 2 2 2 2 2 2 2 2 2 2 2 2 2
left_child=1 2 -1 -3 5 8 7 -7 11 -6 27 -4 13 28 15 16 17 20 19 -19 -10 -20 -23 -21 -14 -26 -27 -2 -5 -24
right_child=10 3 4 12 9 6 -8 -9 14 -11 -12 -13 24 -15 -16 -17 -18 18 21 23 -22 22 29 -25 25 26 -28 -29 -30 -31
leaf_value=0.0070941828857499223 0.0055769639230106027 -0.00029895762519220885 0.043870628807579304 -0.005239991226825458 0.013576688724791442 0.036866570429941424 0.0024187800556012551 0.015901660954508869 0.00108283372367875 -0.0017266745691368879 0.013635453784877134 0.0044284762384889653 0.00068354369568290332 -0.01505919933259527 -0.0017015132054891469 0.005100533272080288 -0.0010358393229507601 0.00017305718683253702 -0.0033644470792852654 0.27156585829756202 -0.002924139189966363 0.012287517737933386 -0.002178923474453154 0.044489497253979805 -0.0039161714508779257 0.0003337265778906584 -0.006538544503261412 0.001130928027633854 0.0054333459720465882 0.0067946716334488016
leaf_weight=16921 47077 158731 862 30417 4744 2244 58844 6981 230692 211753 4978 29559 35702 1108 110161 26737 267167 2576 17562 326 69614 17046 13747 2282 89852 48423 7517 162460 2983 14081
leaf_count=16921 47077 158731 862 30417 4744 2244 58844 6981 230692 211753 4978 29559 35702 1108 110161 26737 267167 2576 17562 326 69614 17046 13747 2282 89852 48423 7517 162460 2983 14081
internal_value=-3.61752e-05 -0.000184427 5.27675e-05 -0.000883162 5.51989e-06 0.000180532 0.00190175 0.00844986 3.45209e-05 -0.000698162 0.000985712 0.00214819 -0.00140739 -0.00299641 -4.877e-05 9.76081e-05 1.72416e-05 0.000352517 0.00153949 0.00746528 8.52464e-05 0.00104747 0.00205018 0.0146856 -0.00110527 -0.0014651 -0.000366464 0.000868343 -0.00267665 0.000862441
internal_weight=1.69315e+06 1.47863e+06 1.1039e+06 374733 1.08698e+06 870481 68069 9225 802412 216497 214515 30421 216002 34508 771991 661830 635093 367926 67620 5184 300306 62436 44874 2608 181494 145792 55940 209537 33400 27828
internal_count=1693147 1478632 1103899 374733 1086978 870481 68069 9225 802412 216497 214515 30421 216002 34508 771991 661830 635093 367926 67620 5184 300306 62436 44874 2608 181494 145792 55940 209537 33400 27828
is_linear=0
shrinkage=0.05


Tree=66
num_leaves=31
num_cat=0
split_feature=7 10 20 9 19 9 18 9 13 18 18 19 4 6 18 18 5 19 19 18 19 9 8 18 19 19 9 10 18 10
split_gain=97.3389 93.6427 78.7372 61.2427 59.8157 57.0705 56.0289 50.8603 48.0649 44.7712 73.139 55.143 43.6585 47.2433 57.3569 88.3672 55.0114 43.9839 43.4518 43.0497 107.061 44.5598 41.9403 38.5441 38.0792 51.2149 46.0265 37.204 37.0466 40.9172
threshold=-5.1402227878570548 1.0240270495414736 -1.0000000180025095e-35 0.0010354014812037351 0.832677721977234 8.5867995949229239e-05 -0.34816221892833704 4.8490544941159903e-05 0.57604414224624645 0.96065577864646923 0.994289129972458 0.19722913205623629 0.00079332105815410625 -0.74110782146453846 0.01527100056409836 -0.41270604729652399 -0.0014651119126938281 -0.23556562513113019 -0.99280729889869679 0.95037782192230236 -0.2100446820259094 0.000126842234749347 6.045631170272828 0.98285266757011425 0.92304024100303661 0.97581917047500621 0.00021426635794341567 1.4403525590896609 0.97768935561180126 1.1617308855056765
decision_type=2 2 2 2 2 2 2 2 2 2 2 2 2 2 2 2 2 2 2 2 2 2 2 2 2 2 2 2 2 2
left_child=4 7 3 9 -1 27 -6 -2 18 -3 11 -11 13 14 15 -7 -15 -18 22 -20 -21 23 -9 -22 26 -26 28 -4 29 -19
right_child=1 2 5 -5 6 12 -8 8 -10 10 -12 -13 -14 16 -16 -17 17 24 19 20 21 -23 -24 -25 25 -27 -28 -29 -30 -31
leaf_value=0.0050233436961695027 0.016895834689622059 1.2226700160822281e-06 0.015190609376695342 -0.007043867062991877 0.10996950624581013 -0.0016108196905516793 0.016169349927138477 0.0064445046035387149 0.0033832479247126071 0.011445442979685229 -0.0019907770672076166 -0.0034006949031149428 -0.000138907350934947 -0.0068673620536148783 -0.0027624427252376017 0.0066338405284064768 -0.00097033723012170949 -0.0026853467823868219 -0.00014649100707571084 0.015222585839783177 0.00031723676091893196 -0.0012646506183317642 -0.0064167218832749621 0.01551611029355613 0.0031271868563182981 -0.0047645412496888258 -0.0071309620179769717 -0.031793863052404704 0.0024075411513720282 -0.0098286524557363534
leaf_weight=16850 6099 216568 6063 5548 321 34014 2961 25651 76188 15527 14321 3863 88099 18973 69097 20811 65269 17393 825625 11038 9972 43220 3334 10462 13823 18315 33613 252 10945 8932
leaf_count=16850 6099 216568 6063 5548 321 34014 2961 25651 76188 15527 14321 3863 88099 18973 69097 20811 65269 17393 825625 11038 9972 43220 3334 10462 13823 18315 33613 252 10945 8932
internal_value=-3.35765e-05 -7.51637e-05 -0.000537777 0.000149124 0.00342241 -0.000971033 0.00959781 0.000227316 0.000199704 0.000264305 0.0019593 0.0039608 -0.00104562 -0.00132381 -0.000566485 0.000641131 -0.00182497 -0.00153723 0.000100721 3.9375e-05 0.00118888 0.000400603 0.00200621 0.00232456 -0.00218062 -0.000753003 -0.0028279 0.00374505 -0.00161792 -0.00263438
internal_weight=1.69315e+06 1.67302e+06 661426 255827 20132 405599 3282 1.01159e+06 1.00549e+06 250279 33711 19390 399284 311185 123922 54825 187263 168290 929302 900317 74692 63654 28985 20434 103021 32138 70883 6315 37270 26325
internal_count=1693147 1673015 661426 255827 20132 405599 3282 1011589 1005490 250279 33711 19390 399284 311185 123922 54825 187263 168290 929302 900317 74692 63654 28985 20434 103021 32138 70883 6315 37270 26325
is_linear=0
shrinkage=0.05


Tree=67
num_leaves=31
num_cat=0
split_feature=11 10 10 6 7 16 9 7 9 18 18 18 18 9 9 10 18 9 7 17 18 2 18 21 4 3 18 4 9 20
split_gain=93.7151 91.0458 65.6409 62.2156 63.5248 51.3116 50.2526 44.4535 43.3466 38.1794 49.1884 44.8933 40.8108 39.3679 37.0075 37.1935 36.3593 51.7195 43.6888 35.8766 35.2529 34.1928 33.3748 41.4508 38.6337 38.1418 32.4498 32.2557 32.08 30.1834
threshold=2.4694588184356694 0.87689021229743969 1.5913242697715761 -0.72463834285736073 3.9549118280410771 1.5862277150154116 0.0003503176558297128 1.0970441699028017 0.0014222073950804772 -0.037079656496644013 -0.7238691747188567 0.77851521968841564 -0.57892408967018116 0.00062403894844464969 0.00029794656438753014 0.64857220649719249 -0.010908065363764761 4.8490544941159903e-05 3.2150706052780156 0.60678833723068248 0.99993813037872326 -0.00029273146355990315 -0.44424325227737421 0.65450850129127514 0.00018004943558480593 0.0010899920016527178 -0.98933362960815419 -0.0011196740088053045 6.2387738580582677e-05 -0.76942089200019825
decision_type=2 2 2 2 2 2 2 2 2 2 2 2 2 2 2 2 2 2 2 2 2 2 2 2 2 2 2 2 2 2
left_child=1 7 3 5 6 -3 19 14 21 10 -8 -11 13 -12 15 29 22 -18 -19 -5 -13 -4 23 -9 -24 -26 28 -17 -25 -1
right_child=-2 2 8 4 -6 -7 9 16 -10 11 12 20 -14 -15 -16 27 17 18 -20 -21 -22 -23 24 26 25 -27 -28 -29 -30 -31
leaf_value=0.024252198061920319 0.0075690335693109848 0.00020497241546313938 0.00049978981973760608 -0.0027034230914977256 0.0026414639540709773 0.0048061727656871223 -0.0033734548509393005 0.00041959574210145292 -0.011201264176222876 -0.0057263242201422097 0.007329518583346406 -0.0017575193990816862 -0.0014025930836127521 -0.0020091018390582141 -0.00024233910124002445 0.0075015295006872762 0.056210384265492123 -0.00043993526638322903 0.007166562661400833 -0.00041832428926903979 0.039024241387146677 -0.0052194202424704628 0.0035537906957845756 -0.084261686739222311 -0.011899854415250689 0.0090632712129712027 -0.0079004893984420625 0.0018758129033963344 0.012146870237720776 0.0071533272600861064
leaf_weight=3591 26424 321252 9290 82577 56626 30473 57492 61551 2129 39105 15615 26855 55320 9235 78740 14935 508 56485 20795 445498 228 19941 4193 34 11316 1631 12728 205369 1557 21654
leaf_count=3591 26424 321252 9290 82577 56626 30473 57492 61551 2129 39105 15615 26855 55320 9235 78740 14935 508 56485 20795 445498 228 19941 4193 34 11316 1631 12728 205369 1557 21654
internal_value=-3.27497e-05 -7.95873e-05 -0.000319809 -0.000257745 -0.000504406 0.000295259 -0.000629231 0.000488904 -0.00257653 -0.00129605 -0.000821577 -0.00228289 -2.12049e-05 0.00166197 0.000832745 0.00113521 -0.000163936 0.000633774 0.000529244 -0.000371822 -0.000718163 -0.00207485 -0.000831093 -0.000380915 -0.0028238 -0.00417471 -0.00280397 0.000926901 0.00392835 0.00295306
internal_weight=1.69315e+06 1.66672e+06 1.17164e+06 1.14028e+06 788551 351725 731925 495087 31360 203850 137662 66188 80170 24850 324289 245549 170798 77788 77280 528075 27083 29231 93010 75870 17140 12947 14319 220304 1591 25245
internal_count=1693147 1666723 1171636 1140276 788551 351725 731925 495087 31360 203850 137662 66188 80170 24850 324289 245549 170798 77788 77280 528075 27083 29231 93010 75870 17140 12947 14319 220304 1591 25245
is_linear=0
shrinkage=0.05


Tree=68
num_leaves=31
num_cat=0
split_feature=7 10 16 19 20 10 19 18 19 6 6 18 20 19 19 18 8 7 19 18 4 18 19 10 18 19 4 18 19 6
split_gain=84.3828 81.4806 57.6237 56.9525 47.3105 46.2513 45.5613 81.4911 39.5006 38.9161 49.0903 38.8429 50.1538 37.5729 55.6306 51.6784 38.702 40.9128 36.8025 48.2864 44.6211 36.7091 38.9746 44.2444 36.4734 89.5019 71.6426 66.067 68.1863 47.7568
threshold=-5.4702172279357901 1.1438367962837221 1.4478645920753481 0.82535797357559215 -1.0000000180025095e-35 0.77480906248092662 -0.91265374422073353 -0.31523424386978144 -0.92304024100303639 0.072561975568532958 2.5906715393066411 -0.045798758044838898 1.0000000180025095e-35 0.7357999086380006 0.21004468202590945 0.76181921362876903 8.7479205131530779 0.4012813419103623 -0.58601745963096608 -0.44424325227737421 -0.0059160899836570016 0.99980485439300548 -0.67719548940658558 0.87505215406417858 0.02835773024708033 -0.8153785467147826 0.00062297249678522359 -0.68039956688880909 0.70864605903625499 -0.64437764883041371
decision_type=2 2 2 2 2 2 2 2 2 2 2 2 2 2 2 2 2 2 2 2 2 2 2 2 2 2 2 2 2 2
left_child=3 2 5 -1 6 11 7 8 -3 21 -11 12 -2 14 15 -13 -15 -18 19 -8 -21 22 23 -7 27 -26 -27 28 -6 -29
right_child=1 4 -4 -5 24 9 18 -9 -10 10 -12 13 -14 16 -16 -17 17 -19 -20 20 -22 -23 -24 -25 25 26 -28 29 -30 -31
leaf_value=0.0059780346981234246 0.0027467410262100645 0.031582027939433564 0.0028519170344561474 0.025866311844628589 -0.003303745781055867 0.0058712058455490553 0.00045105406468143875 0.00072892399653221593 0.0023155462301755084 -0.0012215889335564279 0.00355138298390727 0.0020627157179907707 -0.0027581758149509031 0.0072391605574329224 -0.0018587180774121137 0.015121650371498064 0.073422842497904053 0.018798366307309335 -3.8377044653709064e-05 -0.03203509216397539 -0.0066338142133927748 0.015164715953364993 -0.0002535479011851305 0.00080853827913185969 -0.0085048010106836946 -0.0036339493353729881 0.0021115194393034249 0.0043878430743210959 -0.018296925187733914 -0.00098794837615593929
leaf_weight=11269 57453 4107 119688 2292 32256 32349 9356 21221 1946 465585 33716 21432 47553 19820 28369 12548 314 2465 90736 152 10561 2913 359812 114562 16569 78021 25906 23203 905 46068
leaf_count=11269 57453 4107 119688 2292 32256 32349 9356 21221 1946 465585 33716 21432 47553 19820 28369 12548 314 2465 90736 152 10561 2913 359812 114562 16569 78021 25906 23203 905 46068
internal_value=-3.10959e-05 -6.28131e-05 0.000119409 0.00389721 -0.000728379 1.49722e-05 -1.08633e-06 0.00182958 0.00694697 -0.00011978 -0.000433506 0.000730703 8.7614e-05 0.00152564 0.000892556 0.00225721 0.00327227 0.00879813 -0.000451694 -0.00238926 -0.00468123 0.000187585 0.00015541 0.000841666 -0.00117886 -0.00176852 -0.00122442 -0.0004852 -0.0023205 0.000393383
internal_weight=1.69315e+06 1.67959e+06 1.31858e+06 13561 361007 1.19889e+06 138079 27274 6053 1.00894e+06 499301 189954 105006 84948 62349 33980 22599 2779 110805 20069 10713 509636 506723 146911 222928 120496 103927 102432 33161 69271
internal_count=1693147 1679586 1318579 13561 361007 1198891 138079 27274 6053 1008937 499301 189954 105006 84948 62349 33980 22599 2779 110805 20069 10713 509636 506723 146911 222928 120496 103927 102432 33161 69271
is_linear=0
shrinkage=0.05


Tree=69
num_leaves=31
num_cat=0
split_feature=13 9 8 18 19 19 18 18 19 18 19 20 18 9 10 19 19 19 19 20 18 10 21 9 8 10 19 5 7 19
split_gain=84.7386 75.8491 76.7251 71.184 209.578 75.3242 171.371 88.3521 83.1607 119.669 200.13 111.374 130.013 82.7547 81.0773 80.56 75.0313 94.5895 85.6135 70.1737 62.9914 61.2457 59.5182 66.9797 54.9161 54.1817 53.5289 52.6038 51.8312 48.6204
threshold=0.46295630931854254 0.00042264873627573257 -3.8110477924346919 -0.63775861263275135 0.69934985041618358 0.19722913205623629 -0.20577672123908994 0.79467767477035534 0.71782085299491893 0.19722913205623629 0.96648588776588451 -0.76942089200019825 -1.0000000180025095e-35 0.00019269169570179659 1.2682479619979861 0.99799686670303356 0.61048936843872081 0.49052239954471594 0.33586180210113531 -0.76942089200019825 1.0000000180025095e-35 0.81263774633407604 0.65450850129127514 0.00013880214828532192 0.6532193422317506 0.5111239254474641 -0.99115538597106922 0.0010004401556216182 1.4480540752410891 0.1326885595917702
decision_type=2 2 2 2 2 2 2 2 2 2 2 2 2 2 2 2 2 2 2 2 2 2 2 2 2 2 2 2 2 2
left_child=1 2 25 4 16 6 22 26 13 11 24 12 -10 -7 -12 28 17 18 -4 -20 -17 -9 23 -5 -11 -1 -8 -15 -13 -23
right_child=-2 -3 3 5 -6 8 7 21 9 10 14 15 -14 27 -16 20 -18 -19 19 -21 -22 29 -24 -25 -26 -27 -28 -29 -30 -31
leaf_value=0.029940996980341385 0.0020030835396006807 -0.001632224858584297 -0.0019006669719563553 0.096286114728586308 -0.01236476825083695 -0.0015257544321900741 0.0022933188399621774 0.013936934559305071 0.04464076110216824 -0.0020105603128888704 0.032709163765978877 -0.0027763825644726015 -0.00015300436493392855 -0.0084333494041098911 -0.0056857870926057541 0.0099461749566569294 0.0051319565764194946 -0.0071664830382177748 -0.0051524535792259688 0.0074613229507037252 -0.0043453171529505286 0.0010683926571319335 0.00068459613346421038 0.011520275727351276 0.0034721902355504875 0.0015663867267552201 -0.0021521398261666993 -0.0014816745293714741 -0.0084050026458467163 0.011637773185194973
leaf_weight=1933 214515 258831 158947 498 13112 74453 45656 12701 3781 39804 10053 55321 7629 25149 1737 12388 20069 24639 5703 22346 9360 132721 10058 29914 55308 242587 149775 11188 32277 10694
leaf_count=1933 214515 258831 158947 498 13112 74453 45656 12701 3781 39804 10053 55321 7629 25149 1737 12388 20069 24639 5703 22346 9360 132721 10058 29914 55308 242587 149775 11188 32277 10694
internal_value=-2.9206e-05 -0.000163935 1.02476e-06 -0.000197533 -0.000935396 4.97628e-05 0.000521534 0.000166834 -0.000496679 5.00751e-05 0.00126845 -0.00102852 0.00367222 -0.00162018 0.00741306 -0.00151903 -0.000587387 -0.00086446 -0.000480759 0.00206603 0.00120471 0.0010537 0.00360267 0.00470538 0.000506771 0.000792982 -0.000541623 -0.00357624 -0.00219526 0.000758986
internal_weight=1.69315e+06 1.47863e+06 1.2198e+06 975281 244816 730465 392017 351547 338448 227658 106902 120756 11410 110790 11790 109346 231704 211635 186996 28049 21748 156116 40470 30412 95112 244520 195431 36337 87598 143415
internal_count=1693147 1478632 1219801 975281 244816 730465 392017 351547 338448 227658 106902 120756 11410 110790 11790 109346 231704 211635 186996 28049 21748 156116 40470 30412 95112 244520 195431 36337 87598 143415
is_linear=0
shrinkage=0.05


Tree=70
num_leaves=31
num_cat=0
split_feature=11 9 8 9 19 19 18 19 19 20 18 19 18 18 18 18 18 21 18 9 19 19 4 21 4 17 8 18 5 18
split_gain=82.2814 77.8811 63.788 65.0333 62.0023 93.0845 122.706 230.21 126.033 181.874 133.532 133.481 109.628 112.024 111.921 73.837 236.06 109.556 101.417 92.8223 90.2349 72.9451 72.3341 78.1119 72.3318 67.419 66.8108 64.1728 60.1319 62.4881
threshold=2.4694588184356694 0.00042668255628086632 -9.0559377670288068 4.8490544941159903e-05 0.24826665222644809 0.78396254777908336 0.19722913205623629 0.96648588776588451 0.86927726864814769 -0.76942089200019825 -0.55738157033920277 0.94762688875198375 -0.71477618813514698 -0.64778602123260487 -0.7589854598045348 -0.75039777159690846 -0.20577672123908994 0.65450850129127514 0.79467767477035534 0.00014010613085702064 -0.99115538597106922 -0.063225833699107156 -0.00028468250820878888 1.0000000180025095e-35 0.00040743393765296792 0.53221368789672863 4.7688338756561288 -0.38066601753234858 0.00012677104678004983 0.02835773024708033
decision_type=2 2 2 2 2 2 2 2 2 2 2 2 2 2 2 2 2 2 2 2 2 2 2 2 2 2 2 2 2 2
left_child=1 2 -1 -4 15 12 8 -8 9 -7 -11 24 14 -14 -6 21 17 19 20 -17 -18 -5 -12 -24 -10 -16 -15 -19 29 -13
right_child=-2 -3 3 4 5 6 7 -9 11 10 22 28 13 26 25 16 18 27 -20 -21 -22 -23 23 -25 -26 -27 -28 -29 -30 -31
leaf_value=0.0055139826732116988 0.0070604494698457872 -0.0014650265427792299 0.018165674963054147 -0.0026293557613548124 -0.00077968952737114683 0.050617140653725468 0.00137081152383845 0.023272285546652106 -0.0067469758312120988 -0.0089053499073145203 0.050806481591854837 0.0039977285594463563 -0.0094804383700681123 -0.0038188493871749718 0.035473407414598125 0.080542355990875003 0.0029120233523662331 -0.0045519910834402382 0.0023955624085515771 0.010944193774532908 -0.0019604170105285037 0.0014407949631387253 0.028471373938249459 -0.0088000151321893216 -0.021123723881693479 0.0059028805677610041 0.00098884457969286035 0.0094109152049227218 -0.0040343231422203868 -0.0036519444981466644
leaf_weight=37440 26424 282958 5747 120285 107968 4369 102508 15863 9560 9780 1733 37801 15753 134000 2460 771 62179 10212 226795 47251 208506 73705 3226 3188 3745 13471 39039 6506 54982 24922
leaf_count=37440 26424 282958 5747 120285 107968 4369 102508 15863 9560 9780 1733 37801 15753 134000 2460 771 62179 10212 226795 47251 208506 73705 3226 3188 3745 13471 39039 6506 54982 24922
internal_value=-2.832e-05 -7.22076e-05 8.23478e-05 2.57367e-05 2.98379e-06 -0.000383833 0.000293179 0.00150248 -0.000640549 0.00283459 0.000605232 -0.00123197 -0.000972046 -0.00173048 0.000183617 0.0003019 0.000592117 0.00343219 0.000222522 0.00464579 -0.000430944 -0.000539203 0.00533325 0.00288432 -0.00597896 0.00409579 -0.00136299 -5.38342e-05 -0.000695383 0.000362706
internal_weight=1.69315e+06 1.66672e+06 1.38376e+06 1.34632e+06 1.34058e+06 584368 271677 118371 153306 22296 17927 131010 312691 188792 123899 756210 562220 64740 497480 48022 270685 193990 8147 6414 13305 15931 173039 16718 117705 62723
internal_count=1693147 1666723 1383765 1346325 1340578 584368 271677 118371 153306 22296 17927 131010 312691 188792 123899 756210 562220 64740 497480 48022 270685 193990 8147 6414 13305 15931 173039 16718 117705 62723
is_linear=0
shrinkage=0.05


Tree=71
num_leaves=31
num_cat=0
split_feature=13 9 7 13 6 9 19 7 4 12 19 21 9 7 19 19 19 20 19 21 21 19 5 9 9 6 19 19 19 19
split_gain=75.0053 70.5959 87.3623 44.627 43.1976 44.2803 69.5552 42.6366 44.6414 41.2941 36.9324 36.4989 37.8391 35.5757 34.9689 82.7467 34.4774 32.4118 37.0931 38.2261 31.9923 31.5268 39.4136 30.9635 30.3229 29.8364 28.8766 59.9123 42.1051 57.8734
threshold=0.37909394502639776 0.00077746369061060261 -5.1402227878570548 1.3106148242950442 3.3001567125320439 0.00020967320597264918 -0.2185685262084007 -2.4934312105178829 0.00099031749414280079 -1.0913174152374265 0.19722913205623629 0.65450850129127514 5.6667309763724922e-05 -1.4304099678993223 -0.99115538597106922 -0.98035496473312367 0.832677721977234 1.0000000180025095e-35 -0.18437977880239484 1.0000000180025095e-35 0.65450850129127514 0.86051779985427868 0.0013458609464578333 0.0014222073950804772 4.8490544941159903e-05 -1.322481036186218 0.82535797357559215 0.98035496473312389 0.71782085299491893 0.65110388398170482
decision_type=2 2 2 2 2 2 2 2 2 2 2 2 2 2 2 2 2 2 2 2 2 2 2 2 2 2 2 2 2 2
left_child=1 2 16 9 5 10 14 -8 20 -2 11 12 -4 26 -7 -16 -1 18 -10 -20 -9 22 23 -3 25 -15 28 -28 29 -12
right_child=3 21 4 -5 -6 6 7 8 17 -11 13 -13 -14 24 15 -17 -18 -19 19 -21 -22 -23 -24 -25 -26 -27 27 -29 -30 -31
leaf_value=0.0060750537904053388 0.0094209521738816311 -0.0036469845063627441 0.075824089473062573 0.012517992949656909 0.0057466747550085524 0.0030658856876654762 0.00090095624206378846 -0.0024070681169339973 -0.010370690723254018 0.0010915654851582524 -0.00010538247814224634 -0.0015210343463205045 0.0026028893296544233 0.098108346886440864 -0.0069837158661566097 -9.2369851477741582e-05 0.022408186341951755 -0.0028011079157126474 -0.001909210350720514 0.0051944928008111685 -0.005356570468046374 -0.0090251749141426144 0.0011538445832862067 -0.0098320015345762027 -0.0012505267632156093 0.009970537766439436 0.010063898385911397 -0.00060242940483813407 -0.0062745082433716126 0.011070028466411265
leaf_weight=12599 8614 24654 243 4978 19751 39860 39881 161530 1381 301631 40503 42416 149461 183 19342 401348 2562 23272 11249 20665 39790 3489 12742 3006 253447 3399 17255 17440 10521 5935
leaf_count=12599 8614 24654 243 4978 19751 39860 39881 161530 1381 301631 40503 42416 149461 183 19342 401348 2562 23272 11249 20665 39790 3489 12742 3006 253447 3399 17255 17440 10521 5935
internal_value=-2.87925e-05 -0.000187964 -0.000123048 0.000666988 -0.00016643 -0.000201713 -0.000448229 -0.00104377 -0.00127905 0.000591629 0.000143953 0.000700604 0.00106744 -0.000162755 -6.31853e-05 -0.000197295 0.00365081 -3.8008e-05 0.000962607 0.00130977 -0.00162776 -0.00216104 -0.00176724 -0.00282719 -0.000464344 0.00410385 0.000683003 0.00182015 -9.65607e-06 0.000637409
internal_weight=1.69315e+06 1.37792e+06 1.33403e+06 315223 1.31887e+06 1.29912e+06 758318 297768 257887 310245 540803 192120 149704 348683 460550 420690 15161 56567 33295 31914 201320 43891 40402 27660 257029 3582 91654 34695 56959 46438
internal_count=1693147 1377924 1334033 315223 1318872 1299121 758318 297768 257887 310245 540803 192120 149704 348683 460550 420690 15161 56567 33295 31914 201320 43891 40402 27660 257029 3582 91654 34695 56959 46438
is_linear=0
shrinkage=0.05


Tree=72
num_leaves=31
num_cat=0
split_feature=10 8 10 13 20 2 18 13 19 18 10 6 5 8 19 18 4 19 4 18 19 19 18 5 2 5 10 5 7 5
split_gain=74.6594 64.8662 67.9498 62.8423 52.6353 51.0594 45.878 41.3535 40.5065 99.9527 56.8551 38.7754 38.5438 35.3719 35.0834 156.563 62.4896 50.1731 35.2098 36.8329 34.156 33.8499 34.3728 32.0596 31.7294 30.6106 30.59 29.9745 33.87 46.0042
threshold=0.82919442653656017 -3.2359243631362911 1.6899983286857607 0.31316386163234716 1.0000000180025095e-35 0.00017885754641611132 0.94336524605751049 1.1254198551177981 -0.91265374422073353 -0.2143086493015289 1.1617308855056765 1.9668111801147463 -0.000700331525877118 0.14965169876813891 0.832677721977234 -0.49052239954471583 1.0788382496684791e-05 0.71782085299491893 -0.0006440269062295555 0.36040300130844122 -0.99560055136680592 0.99674141407012951 -1.0000000180025095e-35 -0.00083866110071539868 -0.0001395740109728649 -0.0048454785719513884 1.5531435608863833 -0.0031562433578073974 1.2820472717285158 0.0030537064885720615
decision_type=2 2 2 2 2 2 2 2 2 2 2 2 2 2 2 2 2 2 2 2 2 2 2 2 2 2 2 2 2 2
left_child=20 2 5 6 24 14 8 -5 9 -3 11 21 -13 -8 17 16 -16 -2 19 -17 -1 -10 -23 -7 -4 -12 -21 -22 29 -29
right_child=1 3 4 7 -6 23 13 -9 10 -11 25 12 -14 -15 15 18 -18 -19 -20 26 27 22 -24 -25 -26 -27 -28 28 -30 -31
leaf_value=0.014354644156813579 0.0015231301255588026 0.0060199104500303861 -0.0098418980202984521 0.00039201216233856199 0.00072954036694345976 -0.0028058280038260166 -0.0022210561334328749 0.0095421496587955734 -0.0018425801859273561 -0.0015947128221857844 -0.014748421391865052 -0.013682175729608476 0.0019433556439311995 0.0027075769084490831 0.096023232325552196 0.010699755326980243 -0.010581841933307357 -0.0054649192256622132 9.9602393755338081e-05 0.0011180464537345503 -0.0035928909875356076 0.013288008495538618 -0.0020592089944285797 0.0017972015580063117 -0.020614121261468867 -0.0031996551478767122 -0.0238239201971795 0.0027640738427970879 -0.00014794651225000788 -0.011243290810415691
leaf_weight=4741 202471 30457 1842 252332 2069 39232 33862 6746 372125 91357 505 1392 47686 62408 1383 10735 353 9949 17899 5312 13296 5207 5326 19229 852 125250 154 217345 109094 2538
leaf_count=4741 202471 30457 1842 252332 2069 39232 33862 6746 372125 91357 505 1392 47686 62408 1383 10735 353 9949 17899 5312 13296 5207 5326 19229 852 125250 154 217345 109094 2538
internal_value=-2.80247e-05 -0.0001966 0.000435983 -0.000387038 -0.00549024 0.000528011 -0.000612255 0.000287172 -0.000757024 6.89576e-05 -0.000937504 -0.00066499 0.000658136 0.000409266 0.000841067 0.0022882 0.0169355 0.000596931 0.00154252 0.00323128 0.000625911 -0.000834688 0.00196051 -0.000801389 -0.0100965 -0.00187309 -0.000109769 0.000567529 0.000661596 0.00101895
internal_weight=1.69315e+06 1.34613e+06 311480 1.03465e+06 4763 306717 775575 259078 679305 121814 557491 431736 49078 96270 248256 35836 1736 212420 34100 16201 347014 382658 10533 58461 2694 125755 5466 342273 328977 219883
internal_count=1693147 1346133 311480 1034653 4763 306717 775575 259078 679305 121814 557491 431736 49078 96270 248256 35836 1736 212420 34100 16201 347014 382658 10533 58461 2694 125755 5466 342273 328977 219883
is_linear=0
shrinkage=0.05


Tree=73
num_leaves=31
num_cat=0
split_feature=9 7 19 6 2 17 9 19 19 19 9 20 21 19 19 21 9 19 17 15 8 3 21 6 8 4 6 19 4 19
split_gain=69.648 65.0015 55.8666 50.6732 54.9267 42.354 41.8231 33.8448 86.7679 61.7001 61.0074 51.0426 38.5135 33.1664 59.5345 43.7121 51.8678 50.6925 37.6847 32.6287 32.2435 37.2616 31.3958 34.1546 31.3197 30.9697 30.8101 30.6467 30.5754 37.635
threshold=0.00010683035361580552 -5.1402227878570548 -0.99115538597106922 3.3001567125320439 -6.2974293541628854e-05 0.84886944293975841 0.0007489442068617792 0.82535797357559215 0.86927726864814769 0.46754305064678198 5.6667309763724922e-05 -0.76942089200019825 0.65450850129127514 0.98203879594802868 0.95819556713104259 0.65450850129127514 0.00021900656429352241 -0.2185685262084007 0.31423209607601171 0.33469808101654058 6.6566703319549569 0.00034582593070808803 1.0000000180025095e-35 -1.3908125758171079 -8.759358882904051 0.003317866008728743 -3.4311625957489009 0.23556562513113025 0.00030161358881741768 0.94762688875198375
decision_type=2 2 2 2 2 2 2 2 2 2 2 2 2 2 2 2 2 2 2 2 2 2 2 2 2 2 2 2 2 2
left_child=1 -1 19 4 26 7 13 9 10 -3 -9 20 -11 14 15 16 24 -18 -16 -2 21 -12 -13 -24 -6 -19 -4 -26 29 -10
right_child=2 5 3 -5 6 -7 -8 8 28 12 11 22 -14 -15 18 -17 17 25 -20 -21 -22 -23 23 -25 27 -27 -28 -29 -30 -31
leaf_value=0.02927712068996632 0.0080180290727694722 0.003793891972797159 0.0048053883189351889 0.0054608795743900651 0.012902043114662587 0.0064863870389305694 -0.0040009875439393165 0.097066112284778891 -0.0084556973759250652 -0.0078286181498499197 0.11251851883940922 0.037463845974999146 0.0040341448414190628 -0.0037216709244559721 -0.011143690708848075 -0.0024950321520176067 -0.0003497984704472157 -0.0027361625398693579 0.0066591538118649374 0.0018064659586115252 0.37825532016761682 -0.057286247342040089 0.053390016459124251 -0.011678830709961641 0.0020832576227277689 0.010102586028818795 0.00013256390030976783 -0.00063319506480434833 -0.0075380297703814495 0.005838190976615038
leaf_weight=2802 11317 25699 16253 22266 4770 44040 28387 654 3052 22384 438 1858 5773 41480 1186 144435 219428 129859 21314 62737 117 73 264 1834 113074 1542 619111 121972 5506 19522
leaf_count=2802 11317 25699 16253 22266 4770 44040 28387 654 3052 22384 438 1858 5773 41480 1186 144435 219428 129859 21314 62737 117 73 264 1834 113074 1542 619111 121972 5506 19522
internal_value=-2.8261e-05 0.00106554 -0.00012228 -0.000189115 -0.000225149 0.000904629 -0.000493627 0.000266134 0.0015187 -0.000508764 0.0074265 0.00538831 -0.00212558 -0.000426626 -0.00035125 -0.000428797 -0.00023813 -0.000625518 0.00218222 0.00121803 0.0186306 0.0132094 0.00328615 -0.000905624 0.000328585 -0.0014022 0.000124496 0.000247186 0.000416667 0.00123151
internal_weight=1.69315e+06 134016 1.55913e+06 1.48508e+06 1.46281e+06 131214 827447 87174 33318 53856 5238 4584 28157 799060 757580 735080 590645 350829 22500 74054 628 511 3956 2098 239816 131401 635364 235046 28080 22574
internal_count=1693147 134016 1559131 1485077 1462811 131214 827447 87174 33318 53856 5238 4584 28157 799060 757580 735080 590645 350829 22500 74054 628 511 3956 2098 239816 131401 635364 235046 28080 22574
is_linear=0
shrinkage=0.05


Tree=74
num_leaves=31
num_cat=0
split_feature=11 9 8 9 19 19 8 4 21 19 19 19 19 20 9 8 4 7 4 4 19 7 16 3 19 7 3 7 8 19
split_gain=67.5866 62.6687 56.4072 52.621 49.4059 68.739 52.2324 66.2762 48.7858 52.5366 60.9049 81.7726 68.1108 66.7502 91.947 46.9157 44.056 43.4259 42.2499 41.8115 40.7191 38.4433 37.9455 37.6151 36.9676 35.144 34.5704 33.3226 38.3587 32.5231
threshold=2.3599569797515874 0.00034749765472952282 -9.0559377670288068 4.8490544941159903e-05 0.46754305064678198 0.55738157033920299 -3.0569686889648433 0.00082536248373799037 0.65450850129127514 0.23556562513113025 0.77300861477851879 0.98035496473312389 0.95819556713104259 -0.76942089200019825 9.0755984274437665e-05 -5.5121369361877433 0.00031996614416129893 1.9550638794898989 -0.0023611026117578145 0.0013481228379532697 0.86927726864814769 -4.0008502006530753 0.68573734164237987 9.7925643785856678e-05 0.99894830584526073 -3.8096457719802852 -0.0013280683197081087 -3.4126471281051631 4.5471911430358896 0.96304282546043407
decision_type=2 2 2 2 2 2 2 2 2 2 2 2 2 2 2 2 2 2 2 2 2 2 2 2 2 2 2 2 2 2
left_child=1 2 -1 -4 -3 22 -7 -8 9 26 15 12 13 14 -12 16 -11 25 -15 23 21 -16 -6 29 -13 -14 -5 -26 -29 -10
right_child=-2 4 3 8 5 6 7 -9 19 10 11 24 17 18 20 -17 -18 -19 -20 -21 -22 -23 -24 -25 27 -27 -28 28 -30 -31
leaf_value=0.0055492668665287018 0.0056291778604388391 -0.00072147961357090786 0.016185508500747826 -0.006927724457602813 -0.020235986455560122 0.002292790062467809 -0.0070120337660608103 0.00021436516274589979 -0.0010616810358053731 0.0013081439942011831 0.056741049499335276 -0.0031935467684447664 0.03482300305728727 0.041480700253983385 0.046517324218496449 -0.0019938488682525015 0.018983759206483611 -0.00065159098198737115 -0.00040561578779798051 0.0053048670076595479 -0.00026951455003821901 0.0098631474150766354 -0.0080848395665543468 -0.0032328322746093155 0.024988646292880112 0.009782034496688758 0.0013876394001765381 -0.0014175698226222444 0.015618885656263305 0.0048380573181338099
leaf_weight=33464 32691 378087 5707 7855 1384 13432 20187 14891 119229 23267 1552 59222 937 207 208 215631 2093 6912 82732 12666 10483 11022 4613 91376 1067 21702 489622 12831 3533 14544
leaf_count=33464 32691 378087 5707 7855 1384 13432 20187 14891 119229 23267 1552 59222 937 207 208 215631 2093 6912 82732 12666 10483 11022 4613 91376 1067 21702 489622 12831 3533 14544
internal_value=-2.60166e-05 -7.03421e-05 0.000111983 5.5258e-05 -0.000587849 -0.00199516 -0.00137085 -0.00238611 3.22624e-05 0.000192454 -0.000196846 0.000420417 0.0011576 0.000566834 0.00293359 -0.000740899 0.00129338 0.00328077 -9.70593e-05 -0.000608246 0.00209322 0.00418522 -0.00704519 -0.000765493 -0.000885158 0.00433986 0.000547261 0.00113878 0.000580543 -0.000231362
internal_weight=1.69315e+06 1.66046e+06 1.22786e+06 1.1944e+06 432594 54507 48510 35078 1.18869e+06 950876 453399 212408 135755 106204 23265 240991 25360 29551 82939 237815 21713 11230 5997 225149 76653 22639 497477 17431 16364 133773
internal_count=1693147 1660456 1227862 1194398 432594 54507 48510 35078 1188691 950876 453399 212408 135755 106204 23265 240991 25360 29551 82939 237815 21713 11230 5997 225149 76653 22639 497477 17431 16364 133773
is_linear=0
shrinkage=0.05


Tree=75
num_leaves=31
num_cat=0
split_feature=10 1 7 10 9 9 7 17 18 19 18 5 19 19 4 19 19 7 9 2 21 5 18 21 5 10 10 5 4 7
split_gain=67.2763 57.8618 52.2642 59.073 42.091 38.8588 33.7209 32.4902 31.4844 59.7451 175.024 56.7723 49.3069 146.37 88.0317 51.6033 50.2599 48.5482 44.2707 40.3346 37.2077 35.8521 35.3204 44.6412 45.5403 38.0516 34.0029 33.9159 37.7385 33.1909
threshold=0.82919442653656017 -0.00012902257731184361 3.9549118280410771 1.5531435608863833 9.9290642538107945e-05 0.00042668255628086632 -3.8974733352661128 0.60678833723068248 -0.045798758044838898 0.95305636525154125 0.19722913205623629 0.0039917323738336572 0.86927726864814769 0.82535797357559215 0.00047118290967773652 0.68993380665779125 0.65110388398170482 -4.0008502006530753 9.508344373898582e-05 0.00069993082433938991 1.0000000180025095e-35 0.0009806710295379164 -0.31523424386978144 1.0000000180025095e-35 -0.0016102337394841013 0.55844441056251537 0.75429892539978038 -0.0064223564695566884 0.00079332105815410625 4.9518494606018075
decision_type=2 2 2 2 2 2 2 2 2 2 2 2 2 2 2 2 2 2 2 2 2 2 2 2 2 2 2 2 2 2
left_child=8 4 3 5 -2 7 -6 -3 12 27 11 17 13 15 22 16 21 -11 -19 -16 -17 -1 23 25 -25 -14 -18 28 -10 -29
right_child=1 2 -4 -5 6 -7 -8 -9 9 10 -12 -13 14 -15 19 20 26 18 -20 -21 -22 -23 -24 24 -26 -27 -28 29 -30 -31
leaf_value=0.0021328550659908685 0.012289953723035619 -0.0021700021986031828 0.0023188063505926171 -0.0049341281100026895 0.0032047775337691155 -0.0022620963096557922 0.0001487278826248606 -0.00032656314027711413 -0.0083198474435740351 0.041573450022973968 0.058260165322894845 -0.034706607203736965 0.06944895295971458 0.041680247410277572 -0.020038728901910299 -0.010693732548453029 0.036142095564055024 0.018089272549357927 -0.0030965799302682066 0.024760727981698316 -0.00050672917637712984 -0.0019986074807416933 0.0021629409293006498 -0.049171925034277732 -0.014573204256320738 -0.0028916084826579036 0.0054369373848993209 0.0018605376364330241 -0.030166226957610506 0.017456972209306875
leaf_weight=97155 6138 118359 64993 21715 43672 124313 385456 581487 441 614 3357 330 237 3682 4563 8721 1782 4997 7770 337 12267 35802 15010 170 2459 1481 1771 141047 178 2843
leaf_count=97155 6138 118359 64993 21715 43672 124313 385456 581487 441 614 3357 330 237 3682 4563 8721 1782 4997 7770 337 12267 35802 15010 170 2459 1481 1771 141047 178 2843
internal_value=-2.65482e-05 -0.000186571 -0.000413178 -0.000518162 0.00028764 -0.000450338 0.000228836 -0.000305639 0.000594212 0.00110443 0.00390204 0.00139669 0.000149647 0.000465939 -0.00195201 0.000235559 0.000590433 0.00190195 0.00124148 -0.00793878 -0.00207261 0.000433599 -0.000436535 -0.00440534 -0.00850133 0.00186263 0.00645933 0.000774 -0.0109047 0.000824241
internal_weight=1.69315e+06 1.34613e+06 910867 845874 435266 824159 429128 699846 347014 161577 17068 13711 185437 161180 24257 157498 136510 13381 12767 4900 20988 132957 19357 4347 2629 1718 3553 144509 619 143890
internal_count=1693147 1346133 910867 845874 435266 824159 429128 699846 347014 161577 17068 13711 185437 161180 24257 157498 136510 13381 12767 4900 20988 132957 19357 4347 2629 1718 3553 144509 619 143890
is_linear=0
shrinkage=0.05


Tree=76
num_leaves=31
num_cat=0
split_feature=10 18 19 18 21 20 19 19 8 10 10 18 18 8 6 21 19 5 5 13 18 4 4 19 18 7 5 4 20 6
split_gain=63.1259 59.958 74.4114 61.1613 134.867 71.9858 56.1373 60.3446 54.1623 53.3589 51.8413 46.7383 70.2674 68.5631 51.6175 46.5096 56.8468 56.4983 45.373 41.5226 40.6805 72.4164 64.0418 59.5879 79.7922 46.7743 38.1141 37.5907 36.8079 46.8484
threshold=1.3120177984237673 0.94622433185577404 -0.2100446820259094 0.96304282546043407 0.65450850129127514 -0.76942089200019825 -0.14133286476135251 -0.098016906529664979 -3.3609496355056758 0.5111239254474641 0.82697904109954845 0.39674647152423864 -0.80773079395294178 -9.3860158920288068 -2.053595662117004 0.65450850129127514 0.40872775018215185 -0.0010145981796085832 0.0039917323738336572 0.30749060213565832 -1.0000000180025095e-35 -0.0059160899836570016 0.00048250236432068055 -0.8153785467147826 0.2861058115959168 -3.1610665321350093 -0.003760276129469275 0.0042824114207178363 -0.76942089200019825 -0.80525740981101979
decision_type=2 2 2 2 2 2 2 2 2 2 2 2 2 2 2 2 2 2 2 2 2 2 2 2 2 2 2 2 2 2
left_child=1 8 3 -3 5 18 27 -8 9 -1 -10 12 26 -13 -14 -15 17 -17 -5 -12 21 -2 23 24 -22 -26 -11 -4 -23 -30
right_child=20 2 6 4 -6 -7 7 -9 10 11 19 13 14 15 -16 16 -18 -19 -20 -21 22 28 -24 -25 25 -27 -28 -29 29 -31
leaf_value=0.027153314267106855 -0.013743031535421314 0.0019245109229782675 -0.0056416169957596574 0.033801034811838084 -0.0091826694877847233 0.013319087215057613 0.010891142827384815 0.0012417249172294255 0.0011229346898071646 -0.0058792583987630383 -0.0012328927644852218 0.009464859501197154 0.0083061079446775429 -0.00046643207709931025 0.0024707068771071764 -0.0059524326445093978 -0.01170554080357602 0.0080802895338875861 -0.052036293607870432 0.00041284522168262284 -0.0038174842080995089 0.0058428629359659652 0.00079880224534205628 -0.0037414236614031317 -0.0029854228132261463 -0.021894659880770429 0.00038007266493248485 0.31835235099586401 0.0033053661215317331 -0.0021130346164738522
leaf_weight=2415 2119 13442 16489 3124 3147 9788 11335 104689 228901 9548 615114 9943 25847 74387 103481 6927 8876 5197 36 214310 3491 9134 23851 50603 663 2053 80566 58 16372 37241
leaf_count=2415 2119 13442 16489 3124 3147 9788 11335 104689 228901 9548 615114 9943 25847 74387 103481 6927 8876 5197 36 214310 3491 9134 23851 50603 663 2053 80566 58 16372 37241
internal_value=-2.4481e-05 6.91384e-05 0.000978977 0.00324847 0.00532774 0.00758418 0.000473331 0.000861891 -3.73147e-05 0.000524929 -0.000211136 0.000469868 0.000885428 -0.000395899 0.00163228 -0.000807762 -0.00288571 -0.000659848 0.0141456 -0.000394973 -0.00102009 -8.78735e-05 -0.00176975 -0.00268263 -0.00730627 -0.0137334 -0.000186431 -0.00225116 0.000219134 -0.000280715
internal_weight=1.69315e+06 1.54762e+06 162108 29537 16095 12948 132571 116024 1.38551e+06 327187 1.05832e+06 324772 219442 105330 129328 95387 21000 12124 3160 829424 145527 64866 80661 56810 6207 2716 90114 16547 62747 53613
internal_count=1693147 1547620 162108 29537 16095 12948 132571 116024 1385512 327187 1058325 324772 219442 105330 129328 95387 21000 12124 3160 829424 145527 64866 80661 56810 6207 2716 90114 16547 62747 53613
is_linear=0
shrinkage=0.05


Tree=77
num_leaves=31
num_cat=0
split_feature=11 0 11 6 10 10 10 21 18 19 20 17 18 10 19 18 19 5 19 20 4 16 11 9 2 18 19 19 20 5
split_gain=62.0174 53.0069 48.3585 40.3583 37.7138 29.3983 27.7573 28.8238 25.4235 69.8222 34.1415 32.8689 28.7969 42.7047 28.3777 25.3699 75.1861 35.2211 32.2945 44.5336 33.0777 25.1183 27.205 24.6887 24.4755 24.8584 23.8105 23.2099 25.1294 22.824
threshold=0.89108067750930797 0.00021330226445570591 2.1293333768844609 2.8171836137771611 1.7774003148078921 0.79485085606575023 0.64857220649719249 0.65450850129127514 0.95819556713104259 -0.2100446820259094 -0.76942089200019825 0.90788948535919201 0.63101285696029674 1.1403567194938662 -0.14996640384197232 0.19722913205623629 0.96648588776588451 0.001174891891423613 0.47907376289367681 -0.76942089200019825 0.00049346432206220936 0.76337873935699474 0.17184733599424365 0.0001503134844824672 -0.00010851614206330849 0.99980485439300548 0.83985477685928356 0.99980485439300548 0.76942089200019848 -0.0021624385844916101
decision_type=2 2 2 2 2 2 2 2 2 2 2 2 2 2 2 2 2 2 2 2 2 2 2 2 2 2 2 2 2 2
left_child=4 2 6 -3 5 15 27 8 12 10 -10 -11 -8 -14 -13 17 -17 18 21 -20 23 -1 -23 -21 25 -7 -22 28 -2 -9
right_child=1 3 -4 -5 -6 24 7 29 9 11 -12 14 13 -15 -16 16 -18 -19 19 20 26 22 -24 -25 -26 -27 -28 -29 -30 -31
leaf_value=0.007084389239784117 0.0098475607867295374 -0.0015902105144932567 0.0058285092701556686 0.0037843411911416824 -0.0053812632181265644 -0.00011133875399534366 0.0012556643439817885 -0.0044070532758657471 0.026034876911563781 -0.0046633477798842639 0.0096336404916271112 -0.0056472114210580461 0.00013709625248359281 -0.0049959997991707531 0.0051676915242152566 0.0023738120418890785 0.065923695690925044 -0.0049740875700562629 0.012788294026782632 0.00014835769954744116 -0.0029776630298075594 -0.12109516542938158 0.00054443578655930522 -0.0085818684772051689 -0.0013171844117980114 0.015968507184856696 -0.022131194562371354 0.063936893805986286 -0.0038485942987020461 -0.00037033243839434959
leaf_weight=15055 14302 155114 32906 20239 7305 246574 348545 8645 1848 10599 5826 4792 87235 16326 31607 48201 1063 14557 3572 19353 1948 27 17014 5028 452060 1427 2010 271 4416 115282
leaf_count=15055 14302 155114 32906 20239 7305 246574 348545 8645 1848 10599 5826 4792 87235 16326 31607 48201 1063 14557 3572 19353 1948 27 17014 5028 452060 1427 2010 271 4416 115282
internal_value=-2.47173e-05 0.000273849 0.000473044 -0.00050156 -0.00033142 -0.000299859 0.000378332 0.000321624 0.000488774 0.00150717 0.00592911 0.00078514 0.000365622 -0.000366451 0.00149867 0.000397409 0.00128694 -0.000160379 0.000344494 -0.000781862 -0.00144501 0.00146436 0.000149639 -0.000756737 -0.000427177 -2.80241e-05 -0.00568469 0.00226184 0.0020515 -0.000361907
internal_weight=1.69315e+06 857953 682600 175353 835194 827889 649694 630705 506778 54672 7674 46998 452106 103561 36399 127828 49264 78564 64007 31911 28339 32096 17041 24381 700061 248001 3958 18989 18718 123927
internal_count=1693147 857953 682600 175353 835194 827889 649694 630705 506778 54672 7674 46998 452106 103561 36399 127828 49264 78564 64007 31911 28339 32096 17041 24381 700061 248001 3958 18989 18718 123927
is_linear=0
shrinkage=0.05


Tree=78
num_leaves=31
num_cat=0
split_feature=13 10 8 18 19 20 3 9 7 5 8 6 19 1 7 20 11 10 19 18 8 5 18 18 19 18 9 18 19 20
split_gain=57.1112 55.4709 46.0786 43.5256 111.192 91.6172 41.1671 38.951 49.264 41.7433 38.2687 40.3471 40.032 37.9042 37.6284 47.9249 37.4925 36.5132 34.4112 72.6398 59.5221 49.3515 43.598 36.5949 41.3433 70.2966 62.9502 61.9337 47.5304 42.5005
threshold=0.46295630931854254 1.1937234997749331 -8.0490031242370588 0.96304282546043407 -0.2185685262084007 -0.76942089200019825 -0.0041346673388034097 0.00011182672824361363 3.1633805036544804 -0.0011309519177302716 -3.7433999776840206 3.4877307415008549 -0.99560055136680592 -0.00066200943547300984 0.18931237608194354 0.76942089200019848 3.2541915178298955 0.55844441056251537 -0.45204447209835047 0.8102954924106599 2.1920633316040044 0.0012213279260322454 0.55738157033920299 -0.99560055136680592 0.79202145338058483 0.19722913205623629 7.0841619162820293e-05 0.27353890240192419 0.99799686670303356 -0.76942089200019825
decision_type=2 2 2 2 2 2 2 2 2 2 2 2 2 2 2 2 2 2 2 2 2 2 2 2 2 2 2 2 2 2
left_child=1 3 -3 10 5 -5 -4 8 9 -6 12 18 -1 -8 15 -7 -2 -14 19 22 -20 23 -12 -22 -25 26 28 -27 29 -26
right_child=16 2 6 4 7 14 13 -9 -10 -11 11 -13 17 -15 -16 -17 -18 -19 20 -21 21 -23 -24 24 25 27 -28 -29 -30 -31
leaf_value=0.011147934550209028 0.0014734716596796816 0.0073339249805545632 -0.0094367738299822382 0.036091326701708414 -0.04260087174234059 0.0073782090491222975 0.0022926639548106311 -2.6196353040197629e-05 0.041195455532845475 0.0077924353192956103 0.00037067242746590128 0.008067197850459085 0.016794457996754743 -0.0018574240985747949 -5.1826348022143705e-06 0.043511894335931861 0.021752929186902303 0.00060174781127503296 -0.0021745245033960138 0.0065865676368992102 0.0079857668579898632 -0.0018731486258556863 -0.0029009543467701849 -0.00051331829119930503 0.064177522876739418 0.03452566910624736 -0.0023174587210364138 0.0071511551217660957 0.059066808814400906 0.0041606811577018735
leaf_weight=6559 212293 5127 3387 2042 216 3359 18152 75437 1433 11571 272685 10647 3945 219424 3919 1190 2222 234515 277703 25440 9069 79994 61886 101371 351 3424 26287 13555 1306 4638
leaf_count=6559 212293 5127 3387 2042 216 3359 18152 75437 1433 11571 272685 10647 3945 219424 3919 1190 2222 234515 277703 25440 9069 79994 61886 101371 351 3424 26287 13555 1306 4638
internal_value=-2.28273e-05 -0.000133434 -0.000818806 3.40759e-06 0.0010079 0.0058706 -0.000918606 0.000431438 0.00293495 0.00187071 -8.44822e-05 -0.000237067 0.000468739 -0.000840573 0.00357818 0.0066718 0.000739575 0.000362744 -0.00027418 0.000101247 -0.000535254 4.14592e-05 -9.45988e-05 0.000548434 0.000363077 0.00154658 0.00018722 0.00415513 0.00467832 0.0024554
internal_weight=1.69315e+06 1.47863e+06 246090 1.23254e+06 99167 10510 240963 88657 13220 11787 1.13338e+06 888356 245019 237576 8468 4549 214515 238460 877709 360011 517698 239995 334571 160001 150932 49561 32582 16979 6295 4989
internal_count=1693147 1478632 246090 1232542 99167 10510 240963 88657 13220 11787 1133375 888356 245019 237576 8468 4549 214515 238460 877709 360011 517698 239995 334571 160001 150932 49561 32582 16979 6295 4989
is_linear=0
shrinkage=0.05


Tree=79
num_leaves=31
num_cat=0
split_feature=10 1 6 10 8 19 18 16 5 19 19 5 18 19 18 8 21 10 4 8 8 19 19 18 19 18 20 19 18 19
split_gain=53.9591 42.9639 39.3591 46.595 37.487 36.5676 47.8277 36.3597 36.028 39.4867 35.9825 51.051 49.5066 59.1963 34.5298 33.1701 32.9467 32.0323 30.1802 30.0955 29.6859 40.7089 37.5015 29.9336 29.18 74.6084 118.913 74.1598 119.732 48.237
threshold=0.90143132209777843 -0.00012902257731184361 2.4598896503448491 1.5531435608863833 -3.6793740987777706 0.832677721977234 -0.50941574573516835 1.5167303681373598 -0.0048454785719513884 0.95305636525154125 0.24826665222644809 0.0052893101237714299 0.78666386008262645 0.041439602151513107 0.891992747783661 -7.1612675189971915 0.65450850129127514 1.6374445557594302 -0.00026637881819624448 0.14965169876813891 5.5823984146118173 0.19722913205623629 -0.91792565584182728 -0.99959546327590931 0.78396254777908336 0.11970336735248567 -0.76942089200019825 0.96648588776588451 0.19722913205623629 0.82535797357559215
decision_type=2 2 2 2 2 2 2 2 2 2 2 2 2 2 2 2 2 2 2 2 2 2 2 2 2 2 2 2 2 2
left_child=7 4 3 -3 5 14 -7 8 9 -1 12 24 20 16 17 -16 -14 -2 -18 -13 21 22 -10 -24 -12 26 -26 29 -29 -27
right_child=1 2 -4 -5 -6 6 -8 -9 10 -11 11 19 13 -15 15 -17 18 -19 -20 -21 -22 -23 23 -25 25 27 -28 28 -30 -31
leaf_value=-0.0075151108644649026 0.00071495537488024401 -0.00094148481150477812 0.0017946669610512057 -0.0045208738951102116 -0.00017745581789709865 0.090257743055386724 0.00589717009220101 0.0050772302843969941 0.0048390763170118372 0.045641819059307892 -0.0011783718323119252 0.0498772037984824 0.010215872263077797 -0.002957103445170728 0.014106604788480182 0.0028120446396462384 0.011720558684447158 -0.0097837080779055296 -0.0060101213645038622 -0.019303560450563508 -0.0017691849624723146 0.01017524817551594 0.011046008283304754 9.1736484069682156e-05 0.0304863814498753 0.012509016259397744 -0.0031206751122643318 0.0041513795375204944 0.046595616935364903 -0.00090113867547048088
leaf_weight=7933 70171 660539 59814 21199 261357 439 12840 36057 41529 230 144302 82 30122 12207 4552 12937 2802 1724 5244 1603 44556 6304 4906 154269 3359 8022 50174 7009 4602 22263
leaf_count=7933 70171 660539 59814 21199 261357 439 12840 36057 41529 230 144302 82 30122 12207 4552 12937 2802 1724 5244 1603 44556 6304 4906 154269 3359 8022 50174 7009 4602 22263
internal_value=-2.1528e-05 -0.000227303 -0.000445687 -0.000553585 0.00021757 0.00102715 0.00347541 0.000365655 0.000265087 -0.00303197 0.000314619 -0.000140422 0.000678448 0.00210918 0.00066343 0.00265596 0.0030785 0.000178733 0.000236142 -0.00881306 0.000391948 0.000643936 0.000519671 0.000170567 -7.94641e-05 0.000598875 -0.000637924 0.00217921 0.00557661 0.000876672
internal_weight=1.69315e+06 1.10557e+06 741552 681738 364020 102663 13279 587575 551518 8163 543355 241416 301939 50375 89384 17489 38168 71895 8046 1685 251564 207008 200704 159175 239731 95429 53533 41896 11611 30285
internal_count=1693147 1105572 741552 681738 364020 102663 13279 587575 551518 8163 543355 241416 301939 50375 89384 17489 38168 71895 8046 1685 251564 207008 200704 159175 239731 95429 53533 41896 11611 30285
is_linear=0
shrinkage=0.05


Tree=80
num_leaves=31
num_cat=0
split_feature=13 7 10 5 7 15 18 19 19 18 18 19 18 18 20 18 9 7 10 18 20 4 4 9 20 19 18 9 18 7
split_gain=53.2128 51.1837 52.2005 39.8669 38.5587 44.2049 42.9032 39.4253 47.8225 60.3569 108.564 53.1954 91.4691 60.3949 57.1437 51.3291 54.8005 50.6646 49.879 44.7295 42.105 36.3863 35.0057 34.5402 33.2322 39.2679 61.7848 45.8729 32.7261 37.2782
threshold=0.69079652428627025 -5.4702172279357901 1.1692373752593996 0.0047392419073730716 4.7778623104095468 0.48937432467937475 0.99959546327590953 -0.91792565584182728 0.79994463920593273 -0.49052239954471583 -0.55738157033920277 0.53545707464218151 -0.70556074380874623 -0.83025357127189625 -0.76942089200019825 -0.063225833699107156 0.00054189361981116246 -2.4523258209228511 0.82697904109954845 0.60006982088089 -0.76942089200019825 -0.0017510776524432001 -0.00089980897610075761 0.00089337458484806131 -1.0000000180025095e-35 -0.91265374422073353 -0.29862368106842035 0.00042264873627573257 0.7357999086380006 -2.6651744842529292
decision_type=2 2 2 2 2 2 2 2 2 2 2 2 2 2 2 2 2 2 2 2 2 2 2 2 2 2 2 2 2 2
left_child=1 -1 4 23 5 6 7 -3 11 10 22 -9 13 -13 21 -11 -17 -12 -16 -20 -19 -14 -10 24 25 26 27 -4 -23 -30
right_child=-2 2 3 -5 -6 -7 -8 8 9 15 17 12 14 -15 18 16 -18 20 19 -21 -22 28 -24 -25 -26 -27 -28 -29 29 -31
leaf_value=0.0070832390256586608 0.003008073707438691 0.0032270056316157981 0.04219364021650937 0.0059406600103318165 0.004668172810663551 -0.00062513450978488603 0.013476315206988438 0.00030293518298720736 0.052482650800097785 -0.0026840176370342196 0.089496340460467338 -0.0097934262069595442 0.031377478985620773 0.004592051720251145 -0.0024162991145991741 0.0043618470789908662 -0.010717321487481307 0.26679913038294217 -0.01488582658755846 -0.0071614242093562932 0.01915678532047347 0.0058957847587395645 -0.0036208022187402601 -0.0045449592607631041 -0.0019899493161596115 -0.00084624381412444223 0.00069108938802311395 0.0054201879141174917 0.014658012976269964 -0.0093449262212609852
leaf_weight=12851 72792 74513 2311 6558 28918 677319 5166 352157 234 23579 894 2915 256 21053 15037 59843 1682 255 3454 23480 2069 5577 3775 12993 174959 85972 15485 3012 629 3409
leaf_count=12851 72792 74513 2311 6558 28918 677319 5166 352157 234 23579 894 2915 256 21053 15037 59843 1682 255 3454 23480 2069 5577 3775 12993 174959 85972 15485 3012 629 3409
internal_value=-2.1528e-05 -8.09391e-05 -0.000106065 -0.000699326 3.0776e-05 -1.00995e-05 0.000302428 0.000263025 0.000108976 0.001141 0.00552788 -0.000113677 -0.00131513 0.00123915 -0.00249605 0.000768472 0.00152865 0.0123679 -0.00330109 -0.004589 0.00847676 0.000926958 3.74158e-05 -0.00078512 -0.000668881 2.62221e-05 0.0019752 0.00662221 0.000431617 -0.00299653
internal_weight=1.69315e+06 1.62036e+06 1.6075e+06 301290 1.30621e+06 1.2773e+06 599977 594811 520298 92331 7227 427967 75810 23968 51842 85104 61525 3218 41971 26934 2324 9871 4009 294732 281739 106780 20808 5323 9615 4038
internal_count=1693147 1620355 1607504 301290 1306214 1277296 599977 594811 520298 92331 7227 427967 75810 23968 51842 85104 61525 3218 41971 26934 2324 9871 4009 294732 281739 106780 20808 5323 9615 4038
is_linear=0
shrinkage=0.05


Tree=81
num_leaves=31
num_cat=0
split_feature=11 10 20 9 9 11 10 9 7 18 18 19 10 4 8 9 20 18 9 8 10 1 4 19 3 18 8 19 17 8
split_gain=52.1863 50.889 52.1184 44.554 41.7734 33.3213 33.1732 45.0425 33.1655 31.7733 58.1342 45.4052 35.9265 57.5712 40.5771 32.9909 31.3958 32.2293 41.2642 33.4657 31.3317 30.9025 28.4226 28.2826 31.7999 31.0798 28.7521 28.1425 29.9118 27.9266
threshold=2.4694588184356694 1.0218531489372256 -1.0000000180025095e-35 8.5867995949229239e-05 0.0010354014812037351 0.34211228787899023 0.69207313656806957 6.6695167333818986e-05 6.4540045261383066 0.96065577864646923 0.994289129972458 0.19722913205623629 1.2219725251197817 -0.00069985436857677985 0.4490493386983872 0.00023353521100943911 -0.76942089200019825 -0.045798758044838898 0.00068636270589195203 -7.6525237560272208 1.4403525590896609 -0.00066200943547300984 -0.0010473548318259416 0.98868870735168468 0.00023296742438105869 -0.054514370858669274 2.355708241462708 -0.99771150946617115 0.87418484687805187 -2.9954484701156612
decision_type=2 2 2 2 2 2 2 2 2 2 2 2 2 2 2 2 2 2 2 2 2 2 2 2 2 2 2 2 2 2
left_child=1 6 4 20 9 -5 16 -8 21 -3 11 15 13 -12 -14 -11 -1 -18 -19 -20 23 -7 -13 -4 25 -25 -27 28 -9 -17
right_child=-2 2 3 5 -6 8 7 27 -10 10 12 22 14 -15 -16 29 17 18 19 -21 -22 -23 -24 24 -26 26 -28 -29 -30 -31
leaf_value=0.010133375628777625 0.005598650846241171 7.2871337693586338e-05 0.0063735618604361614 -0.0057405808859801516 -0.005756330532303267 0.0016155271901609593 0.0093229421712310856 0.014530453283017742 0.02295894716543952 0.01761185768451597 0.024413013759797444 0.033541663083275886 -0.013902087245776074 -0.00092294971557486125 0.0014615710090649327 0.012998309001043413 -0.00035997504615510324 0.0069529752002433836 0.099777514369359777 -0.037415416065978806 -0.031010854185427084 -0.0016739182356074189 -0.0052400081425613811 0.089063101182236107 -0.013829258366410569 0.01151257600557406 0.093330622040592504 9.281662361643184e-06 0.0010419185190726043 0.0014589123288740293
leaf_weight=12240 26424 217646 4391 12125 5725 25519 13103 6715 1296 7898 1277 253 3247 6740 3091 1644 40314 26018 39 337 245 361923 3597 336 334 624 312 893542 10295 5897
leaf_count=12240 26424 217646 4391 12125 5725 25519 13103 6715 1296 7898 1277 253 3247 6740 3091 1644 40314 26018 39 337 245 361923 3597 336 334 624 312 893542 10295 5897
internal_value=-2.09964e-05 -5.59481e-05 -0.00039541 -0.00074735 0.000162053 -0.000812622 0.00016891 8.4826e-05 -0.000732113 0.000258267 0.00168827 0.00348126 -0.000721003 0.00150306 -0.00353424 0.00469266 0.00115266 0.00072555 0.00208381 -0.0143617 0.00344441 -0.000758823 -0.00137662 0.00416041 0.00983811 0.0134434 0.00876068 4.2941e-05 0.00205761 0.00232728
internal_weight=1.69315e+06 1.66672e+06 664120 407105 257015 400863 1.0026e+06 923655 388738 251290 33644 19289 14355 8017 6338 15439 78948 66708 26394 376 6242 387442 3850 5997 1606 1272 936 910552 17010 7541
internal_count=1693147 1666723 664120 407105 257015 400863 1002603 923655 388738 251290 33644 19289 14355 8017 6338 15439 78948 66708 26394 376 6242 387442 3850 5997 1606 1272 936 910552 17010 7541
is_linear=0
shrinkage=0.05


Tree=82
num_leaves=31
num_cat=0
split_feature=11 9 10 7 12 5 20 10 9 8 8 18 11 19 18 10 8 20 19 18 19 19 5 18 19 4 9 18 6 19
split_gain=49.6985 40.8682 36.8047 36.8039 38.8763 32.899 44.7118 25.3704 29.1552 37.2133 38.5778 33.783 31.0367 28.2397 61.586 26.6942 26.169 25.8607 26.912 31.2867 25.6851 24.6799 23.9423 23.142 35.4919 29.348 30.6405 26.4542 23.0607 22.8822
threshold=1.0540628433227541 0.00010130670489161277 1.9385754466056826 4.9518494606018075 0.48824098706245428 -0.00035128205490764225 -0.76942089200019825 0.79485085606575023 8.3351551438681795e-05 -7.4728212356567374 4.009566307067872 0.041439602151513107 0.46580308675765997 0.49052239954471594 -0.82288655638694752 1.4578608870506289 -1.5655725002288816 0.76942089200019848 0.99799686670303356 -0.25249098241329188 0.21004468202590945 -0.88396760821342457 -0.0048454785719513884 0.02835773024708033 -0.91792565584182728 -0.0033838119124993678 0.0003015479887835682 -0.31523424386978144 -3.2426571846008296 0.92961356043815624
decision_type=2 2 2 2 2 2 2 2 2 2 2 2 2 2 2 2 2 2 2 2 2 2 2 2 2 2 2 2 2 2
left_child=2 5 7 4 23 -2 -7 22 9 11 15 -9 13 -10 16 21 -15 18 19 -12 -21 -11 29 24 27 28 -27 -3 -25 -1
right_child=1 3 -4 -5 -6 6 -8 8 12 10 17 -13 -14 14 -16 -17 -18 -19 -20 20 -22 -23 -24 25 -26 26 -28 -29 -30 -31
leaf_value=-0.0099748235642293688 0.012048480363212289 0.01423849693732966 -0.0071190664432700147 0.0065991006187671349 -0.00077931514492960438 0.016423727243154228 0.00085335315881464042 0.014977553506887753 -0.0010645700888123443 0.050673397801115919 0.023367885226648046 0.078508553656431168 -0.00045272619243487134 -0.0041850796950217818 -0.002935470486536973 -0.035754013401159142 -0.021380538642891633 0.039522102033888284 0.059064897046489095 0.039795797173199234 -0.012316109595518772 -0.00088458869196770271 0.001192857040027917 0.023408140447759507 0.0011302943293619472 0.00085194601423529417 -0.0022046539808862286 0.0042289710638748756 0.0017633731198311688 0.043790352970250301
leaf_weight=2816 9985 6749 4456 15580 216064 4890 28196 726 69735 175 886 407 783835 864 38814 124 1666 944 386 287 1782 12233 161683 915 129625 135160 39602 23319 1101 142
leaf_count=2816 9985 6749 4456 15580 216064 4890 28196 726 69735 175 886 407 783835 864 38814 124 1666 944 386 287 1782 12233 161683 915 129625 135160 39602 23319 1101 142
internal_value=-1.92836e-05 0.00034114 -0.000222882 0.000228563 0.000160985 0.00182605 0.00106692 -0.000204129 -0.000307165 0.00168802 0.0010971 0.010459 -0.000347184 -0.00112938 -0.00216476 -0.000303224 -0.00972332 0.00519253 0.00312781 0.00150592 -0.0018608 -7.25338e-05 0.000367162 0.000497071 0.000933353 0.000102954 3.37602e-05 0.00248104 0.00610119 -0.0040906
internal_weight=1.69315e+06 611186 1.08196e+06 568115 552535 43071 33086 1.0775e+06 912864 17950 16817 1133 894914 111079 41344 12532 2530 4285 3341 2955 2069 12408 164641 336471 159693 176778 174762 30068 2016 2958
internal_count=1693147 611186 1081961 568115 552535 43071 33086 1077505 912864 17950 16817 1133 894914 111079 41344 12532 2530 4285 3341 2955 2069 12408 164641 336471 159693 176778 174762 30068 2016 2958
is_linear=0
shrinkage=0.05


Tree=83
num_leaves=31
num_cat=0
split_feature=11 10 18 21 19 9 19 18 20 19 9 18 9 2 19 19 10 6 19 18 15 9 18 9 19 18 9 9 19 18
split_gain=46.6899 44.5147 45.5229 57.5187 56.519 61.1298 48.5451 119.025 52.5034 43.0113 42.2845 41.3191 40.5053 35.9835 37.1125 62.722 35.2628 41.5293 38.1646 139.638 50.25 47.4055 87.085 65.5285 56.8058 41.5801 40.9166 40.0038 37.4996 246.618
threshold=2.4694588184356694 1.3386096954345705 0.94622433185577404 0.65450850129127514 -0.27353890240192408 0.0003503176558297128 -0.2015048488974571 0.96304282546043407 -0.76942089200019825 -0.16719855368137357 0.00011354029993526639 0.01527100056409836 0.0002758622140390799 -0.00075881651719100762 -0.14996640384197232 -0.080633651465177522 0.64857220649719249 4.1726610660552987 -0.91265374422073353 -0.31523424386978144 0.44462493062019354 0.00033966662886086857 -0.20577672123908994 0.00019030094699701297 -0.99851059913635243 -0.38066601753234858 0.00053318636491894733 0.0014222073950804772 0.95819556713104259 0.19722913205623629
decision_type=2 2 2 2 2 2 2 2 2 2 2 2 2 2 2 2 2 2 2 2 2 2 2 2 2 2 2 2 2 2
left_child=1 2 16 6 5 -5 7 -4 -9 -6 11 -3 13 -8 -15 -16 -1 18 19 25 -21 22 23 -22 -24 -18 -27 -23 -20 -30
right_child=-2 10 3 4 9 -7 12 8 -10 -11 -12 -13 -14 14 15 -17 17 -19 28 20 21 27 24 -25 -26 26 -28 -29 29 -31
leaf_value=0.0038867179790464945 0.0052979279271076042 -0.002833991046323309 -0.0013405051386259637 0.023368056373370912 -0.012526258812622643 -0.011036813612573844 0.027500089868568785 0.026848711263419985 0.010892120347524875 -0.0021237128051336319 -0.0013853040097802861 -0.024908440283664391 -0.0034008635484658102 -0.0061909131217028242 0.01325959567937678 0.0021537179685401364 0.00090718097727298113 0.014901997972212628 -0.00070138019691868289 0.0027596113175055396 0.035376548685634661 -0.0040076732621539884 0.0062503240033067401 0.0059908982263699789 -0.00265167051953763 0.021817844720766578 0.0020558450771723247 -0.031366159246503621 -0.00087149335745588259 0.017258126580416613
leaf_weight=43115 26424 1628 11100 1862 5390 662 622 3554 11040 24270 118385 1515 14720 7086 11047 71255 5013 3376 1006492 67021 2036 29575 14170 7687 68411 11443 3620 267 100962 19399
leaf_count=43115 26424 1628 11100 1862 5390 662 622 3554 11040 24270 118385 1515 14720 7086 11047 71255 5013 3376 1006492 67021 2036 29575 14170 7687 68411 11443 3620 267 100962 19399
internal_value=-1.89883e-05 -5.20482e-05 2.04181e-05 0.000811768 -0.00108128 0.00610143 0.00127891 0.00322643 0.00619433 -0.00169252 -0.000973438 -0.00669742 0.000801108 0.00119876 0.00111536 0.0014143 -7.26537e-05 -0.000117957 -0.000131952 0.000488188 6.74008e-05 -0.000536244 2.38343e-05 0.00449964 -0.000503142 0.00445308 0.00576578 -0.00226861 -0.000247104 0.000586984
internal_weight=1.69315e+06 1.66672e+06 1.5452e+06 162608 32184 2524 130424 25694 14594 29660 121528 3143 104730 90010 89388 82302 1.38259e+06 1.33947e+06 1.3361e+06 209243 189167 122146 92304 9723 82581 20076 15063 29842 1.12685e+06 120361
internal_count=1693147 1666723 1545195 162608 32184 2524 130424 25694 14594 29660 121528 3143 104730 90010 89388 82302 1382587 1339472 1336096 209243 189167 122146 92304 9723 82581 20076 15063 29842 1126853 120361
is_linear=0
shrinkage=0.05


Tree=84
num_leaves=31
num_cat=0
split_feature=13 10 20 7 9 13 19 9 12 10 8 10 19 9 19 19 8 19 19 5 5 19 4 8 9 19 5 4 3 8
split_gain=46.9605 46.0596 38.8308 35.1423 34.0174 33.6539 31.7322 30.6597 29.4077 27.3685 26.5012 31.1531 26.2612 47.0954 37.7507 32.9371 66.9654 45.7648 39.5186 38.0869 36.7505 32.5284 37.0534 34.8426 42.8372 29.7995 30.938 33.2306 29.396 28.8841
threshold=0.35734201967716223 1.04331511259079 -1.0000000180025095e-35 -4.2238600254058829 0.00089337458484806131 1.3106148242950442 0.79994463920593273 8.066349619184622e-05 -1.0913174152374265 1.4578608870506289 -2.6459966897964473 1.4403525590896609 0.46754305064678198 0.00032051738526206469 0.78396254777908336 0.98664098978042614 7.1360416412353525 0.96648588776588451 0.97768935561180126 0.0035241066943854098 0.00014906010619597512 0.63101285696029674 0.00076294640894047927 -8.0490031242370588 0.0003909708902938292 0.88599923253059398 -0.001230191614013165 0.00045998244604561483 -0.00014577378169633445 -10.28252601623535
decision_type=2 2 2 2 2 2 2 2 2 2 2 2 2 2 2 2 2 2 2 2 2 2 2 2 2 2 2 2 2 2
left_child=1 3 4 6 10 8 -1 9 -2 -4 11 -3 -5 14 29 17 20 25 28 -18 -17 -15 23 24 -23 -16 -27 -28 -19 -14
right_child=5 2 7 12 -6 -7 -8 -9 -10 -11 -12 -13 13 21 15 16 19 18 -20 -21 -22 22 -24 -25 -26 26 27 -29 -30 -31
leaf_value=0.0026051570608686017 0.00763919895903078 0.0032279865760605486 0.014876657970852847 0.00045510169748361754 -0.0051600656468319909 0.010519527150111974 0.014398968435911021 -0.0017322019070667772 0.00079700902312886406 -0.032611990479976961 -0.00034406911764925944 -0.0038987588329505054 0.012698939040802016 -0.010233637432941112 0.0034569228275744381 -0.00040573118662912133 0.01677695395328014 0.044560603877864674 0.0029240696932604005 -0.022447628134658594 -0.0089289683445128998 -0.00917679664155986 0.0036181846970612889 -0.007199164929583602 0.037398839817027497 -0.012710391810057299 0.0016666253220009144 -0.0075933204461514862 0.011525947549269123 -0.001972481637288759
leaf_weight=18884 9652 41655 3289 567970 7679 4978 4294 299689 332746 126 134803 4994 2292 5221 38115 20401 4780 2282 11151 176 14331 324 6132 11222 302 2034 18654 7125 5461 112385
leaf_count=18884 9652 41655 3289 567970 7679 4978 4294 299689 332746 126 134803 4994 2292 5221 38115 20401 4780 2282 11151 176 14331 324 6132 11222 302 2034 18654 7125 5461 112385
internal_value=-1.9697e-05 -0.000153481 -0.000538665 6.86556e-05 2.35287e-05 0.000498595 0.00198896 -0.000889464 0.000439255 0.00382138 0.000161475 0.00118866 1.50537e-05 -0.000398646 -0.000190019 0.000412818 -0.000776053 0.000969088 0.00313856 0.00466102 -0.00155188 -0.00254946 -0.0015406 -0.00317353 0.00830671 0.000347349 -0.000897063 -0.000428643 0.00588273 -0.000844546
internal_weight=1.69315e+06 1.34577e+06 492235 853536 189131 347376 23178 303104 342398 3415 181452 46649 830358 262388 239187 124510 39688 84822 18894 4956 34732 23201 17980 11848 626 65928 27813 25779 7743 114677
internal_count=1693147 1345771 492235 853536 189131 347376 23178 303104 342398 3415 181452 46649 830358 262388 239187 124510 39688 84822 18894 4956 34732 23201 17980 11848 626 65928 27813 25779 7743 114677
is_linear=0
shrinkage=0.05


Tree=85
num_leaves=31
num_cat=0
split_feature=13 7 10 19 5 11 9 19 5 4 20 5 19 7 21 15 17 10 9 19 9 19 19 4 9 5 5 5 9 4
split_gain=44.0496 40.6354 36.7487 35.926 32.1014 30.5981 29.0441 35.4931 34.6525 33.9877 37.9031 39.7149 37.7613 32.3423 31.6971 45.1693 32.8055 31.7075 57.2912 30.8434 52.8576 36.3789 60.8876 44.0524 39.0308 33.5047 29.5854 29.1886 28.9658 43.5201
threshold=0.56700813770294201 -5.4702172279357901 1.1937234997749331 0.832677721977234 0.0047392419073730716 3.2541915178298955 0.00024112046230584386 0.43247817456722265 0.0079095256514847296 0.00082536248373799037 1.0000000180025095e-35 -0.0018232088186778126 0.54646614193916332 5.1724565029144296 0.65450850129127514 0.52252283692359935 1.4630787372589114 0.62305364012718212 0.00014397383347386497 0.041439602151513107 8.066349619184622e-05 -0.29862368106842035 -0.2185685262084007 0.00025608838768675929 0.00013485830277204516 0.00047273193194996571 0.00026228564092889434 0.0019612736068665986 0.00032730725069995975 -0.0015793092898093162
decision_type=2 2 2 2 2 2 2 2 2 2 2 2 2 2 2 2 2 2 2 2 2 2 2 2 2 2 2 2 2 2
left_child=1 3 6 -1 -4 -2 8 13 14 28 11 -11 -13 -8 16 17 19 18 26 20 -3 -22 -23 27 25 -25 -16 -24 29 -9
right_child=5 2 4 -5 -6 -7 7 9 -10 10 -12 12 -14 -15 15 -17 -18 -19 -20 -21 21 22 23 24 -26 -27 -28 -29 -30 -31
leaf_value=0.0038564671616717339 0.0016852514283231203 0.056770075489151806 -0.0013670332625314143 0.01997644458537895 0.0055980319497991428 0.021533747921336933 -0.00028926574606795706 0.0095416190355628542 -0.065917680604274942 -0.021104570232103711 -0.0031954720271309303 -0.0067787286461637791 0.0076462200532582854 0.0083283451670826125 0.019614829853404216 -0.0031310812430461079 0.0043825487528813658 0.00040907240126175637 0.053658910496559548 -3.1505869228876103e-05 0.00066129650206430139 0.014440234703551508 -0.00018318159221158981 0.045177045973465904 0.0048722782336033449 0.0085127529311186338 -0.016503553387832527 -0.035143276532256705 -0.005190536263920853 -0.0026379363585404547
leaf_weight=10360 129443 872 249259 2011 5826 1887 492726 3123 49 508 11132 1891 11858 5594 1541 65351 43881 74739 494 332581 127659 10082 27388 1069 13915 1282 732 161 26287 39446
leaf_count=10360 129443 872 249259 2011 5826 1887 492726 3123 49 508 11132 1891 11858 5594 1541 65351 43881 74739 494 332581 127659 10082 27388 1069 13915 1282 732 161 26287 39446
internal_value=-1.98152e-05 -9.3769e-05 -0.000116558 0.00276049 -0.000665072 0.000859666 -8.45977e-06 -0.000266216 0.000209178 -0.00115603 0.000407657 0.00211475 0.00262201 -9.7929e-05 0.000212113 -0.00045255 0.000382007 0.000363843 0.0056198 0.000270189 0.000792641 0.000733658 0.00182292 0.00101678 0.00308004 0.00903871 0.00226573 -0.000201459 -0.0017326 -0.000926731
internal_weight=1.69315e+06 1.56182e+06 1.54945e+06 12371 255085 131330 1.29436e+06 592565 701796 94245 25389 14257 13749 498320 701747 142857 558890 77506 2767 515009 182428 181556 53897 43815 16266 2351 2273 27549 68856 42569
internal_count=1693147 1561817 1549446 12371 255085 131330 1294361 592565 701796 94245 25389 14257 13749 498320 701747 142857 558890 77506 2767 515009 182428 181556 53897 43815 16266 2351 2273 27549 68856 42569
is_linear=0
shrinkage=0.05


Tree=86
num_leaves=31
num_cat=0
split_feature=6 6 19 18 7 8 3 19 20 10 20 10 18 18 10 20 11 18 18 19 10 8 8 3 8 18 19 10 3 19
split_gain=42.5342 46.2531 40.0937 167.813 54.3963 48.7307 44.4776 40.8717 55.5072 40.0625 37.9887 35.1396 35.1981 34.4381 36.4658 33.0745 32.1141 32.0416 31.9272 31.4474 49.032 31.9092 32.5891 31.1581 29.7867 28.9644 27.2802 33.597 27.2474 25.758
threshold=-0.70829787850379933 4.1726610660552987 0.82535797357559215 -0.49052239954471583 -4.2238600254058829 -6.7356712818145743 0.00059247345780022453 0.71782085299491893 -0.76942089200019825 0.77789893746376049 -0.76942089200019825 1.6899983286857607 -0.98035496473312367 -0.57892408967018116 1.1272466182708742 1.0000000180025095e-35 0.46580308675765997 -0.33174875378608698 -0.55738157033920277 0.1326885595917702 1.3205614089965823 6.045631170272828 -6.7356712818145743 -0.0004791274841409176 5.6675841808319101 0.99993813037872326 -0.037079656496644013 0.8711027503013612 -0.0010539182694628833 -0.90164175629615773
decision_type=2 2 2 2 2 2 2 2 2 2 2 2 2 2 2 2 2 2 2 2 2 2 2 2 2 2 2 2 2 2
left_child=2 9 6 5 -5 18 7 11 -9 -2 -7 12 19 14 -10 -13 -11 24 -4 20 26 22 -21 -19 -6 29 27 -1 -28 -14
right_child=1 -3 3 4 17 10 -8 8 13 16 -12 15 25 -15 -16 -17 -18 23 -20 21 -22 -23 -24 -25 -26 -27 28 -29 -30 -31
leaf_value=-0.012813849702849146 0.0014438898805726463 0.011426319163724941 -0.0067480215413648903 0.010378057264040841 -0.008715116307244886 0.16978644453620065 0.013433671821694172 0.0059332850788303198 -0.010380414069441091 -0.0024247912391696051 0.020458900217476473 -0.011045070136072078 0.0028309198877063293 -0.0028887793788419215 -0.02164221632957461 0.001503550596422254 -0.00047422822433715875 -0.00090932502585612258 0.10960764322900354 0.0058490650625219855 0.018509374111180144 0.050615338201832755 -0.013702831728749266 0.0040027383515048648 0.022883206540310466 0.015417755557371172 -0.0062256193232619389 -0.001466638287132227 0.0039176938619110866 0.00042681317240377827
leaf_weight=4897 152841 6667 110 8293 3949 316 1105 4359 7012 88336 2467 2709 74700 12782 350 1779 924137 29835 734 1057 996 86 4501 40214 173 2002 2718 8821 11041 294160
leaf_count=4897 152841 6667 110 8293 3949 316 1105 4359 7012 88336 2467 2709 74700 12782 350 1779 924137 29835 734 1057 996 86 4501 40214 173 2002 2718 8821 11041 294160
internal_value=-1.83386e-05 -0.000185455 0.000357468 0.00134335 0.000880384 0.0118693 0.000162386 0.000136876 -0.00184671 -0.000209214 0.00867769 0.000255576 0.000304337 -0.00295373 -0.0056778 -0.00414439 -0.00032312 0.000450985 0.0223934 -0.00123252 -0.000556668 -0.0046421 -0.00510975 0.000703079 -0.00383309 0.000445718 -0.000951705 -0.00252952 0.000621411 0.000413165
internal_weight=1.69315e+06 1.17198e+06 521166 86091 82464 3627 435075 433970 24503 1.16531e+06 2783 409467 404979 20144 7362 4488 1.01247e+06 74171 844 34117 28473 5644 5558 70049 4122 370862 27477 13718 13759 368860
internal_count=1693147 1171981 521166 86091 82464 3627 435075 433970 24503 1165314 2783 409467 404979 20144 7362 4488 1012473 74171 844 34117 28473 5644 5558 70049 4122 370862 27477 13718 13759 368860
is_linear=0
shrinkage=0.05


Tree=87
num_leaves=31
num_cat=0
split_feature=11 9 17 10 8 19 18 12 7 9 20 7 18 19 19 9 18 17 18 8 9 19 8 19 8 8 19 18 18 5
split_gain=39.0148 40.0426 33.4558 35.6139 31.6432 29.8321 48.0609 29.801 31.2486 29.4956 30.3288 34.0792 28.4721 39.6566 30.9176 24.846 36.9429 23.7001 23.6317 23.333 23.0772 22.3442 34.888 30.4361 44.3579 27.6575 21.8981 29.6309 59.7802 92.9809
threshold=0.89108067750930797 0.00012956088175997141 0.85941162705421459 1.4403525590896609 -10.891653537750242 0.82535797357559215 -0.49052239954471583 0.48824098706245428 4.9518494606018075 4.8490544941159903e-05 -0.76942089200019825 1.0000000180025095e-35 0.98120620846748363 0.1326885595917702 0.01527100056409836 0.00068636270589195203 0.98592084646224987 1.5567472577095034 -0.99959546327590931 -8.2656631469726545 0.0014222073950804772 0.8537760078907014 11.478415966033937 0.98035496473312389 -4.9931180477142325 4.2730145454406747 0.24826665222644809 0.72687268257141124 -0.071932479739189134 -2.3931551368150391e-05
decision_type=2 2 2 2 2 2 2 2 2 2 2 2 2 2 2 2 2 2 2 2 2 2 2 2 2 2 2 2 2 2
left_child=15 2 5 4 -4 -2 9 -3 -9 -7 -11 -12 -6 14 -14 19 18 -16 -17 -1 -18 25 23 -23 -25 -20 -21 28 29 -28
right_child=1 7 3 -5 12 6 -8 8 -10 10 11 -13 13 -15 17 16 20 -19 21 26 -22 22 -24 24 -26 -27 27 -29 -30 -31
leaf_value=0.0031019805435990259 -0.0016437850241410202 0.00067196372542532303 0.041315689581717586 -0.015600222780085261 0.0040724926796637086 0.12488324844407361 0.0014365646813021883 -0.0009432698174743348 0.0050527360947526974 0.13207645627657238 0.032845612457521024 -0.0043420127348043017 0.016900722248797018 0.042636822898855467 -0.016789565490419277 -0.024239349356541207 0.01993834880604908 0.019815600445998019 -0.0029188411225492096 -6.1878336598386594e-05 -0.032184471106618436 -0.0092072502022103164 -0.055930407738783966 0.061068292727365359 -0.001518751685739228 0.0034389780529964112 0.00080895329817559647 -0.0029894522406639259 0.001082790357270369 -0.0042811779237363016
leaf_weight=29162 37427 470580 941 1209 55480 172 12370 257137 12478 526 1371 1435 2806 1930 1435 171 528 656 31946 449381 26 2109 52 71 1015 5574 57527 69545 117376 70711
leaf_count=29162 37427 470580 941 1209 55480 172 12370 257137 12478 526 1371 1435 2806 1930 1435 171 528 656 31946 449381 26 2109 52 71 1015 5574 57527 69545 117376 70711
internal_value=-1.72755e-05 0.000219534 0.00107594 0.00184231 0.00200481 0.000149153 0.00196548 8.32889e-05 -0.000335849 0.0071347 0.00609244 0.00402708 0.00186737 0.00491431 0.00252195 -0.000260538 -0.00145329 -0.00208034 -0.00162685 -0.000198185 0.0113718 -0.00154905 -0.00552818 -0.00486698 0.0019337 -0.00120469 -0.000251131 -0.000570664 -0.000312686 -0.00105897
internal_weight=1.69315e+06 857953 117758 64457 63248 53301 15874 740195 269615 3504 3332 2806 62307 6827 4897 835194 41492 2091 40938 793702 554 40767 3247 3195 1086 37520 764540 315159 245614 128238
internal_count=1693147 857953 117758 64457 63248 53301 15874 740195 269615 3504 3332 2806 62307 6827 4897 835194 41492 2091 40938 793702 554 40767 3247 3195 1086 37520 764540 315159 245614 128238
is_linear=0
shrinkage=0.05


Tree=88
num_leaves=31
num_cat=0
split_feature=13 6 10 20 9 7 10 19 9 9 8 9 19 8 8 8 17 19 7 17 10 6 1 19 9 10 15 21 6 8
split_gain=38.4889 36.8425 37.6703 37.0306 45.0087 37.6534 34.6907 30.9546 49.0766 29.0586 27.9923 29.2088 26.7093 26.5185 25.5244 25.3508 25.3488 24.8629 31.4361 26.224 24.5664 24.1163 23.1544 23.9284 22.8925 33.1766 22.0219 32.4753 29.0769 34.915
threshold=0.78445860743522655 -3.4311625957489009 0.98965594172477733 -1.0000000180025095e-35 8.066349619184622e-05 5.8234112262725839 1.4403525590896609 -0.99674141407012928 0.00019385024643270302 0.00095155177405104052 -8.759358882904051 0.00010846300574485214 0.832677721977234 -5.612269163131713 0.6532193422317506 -10.891653537750242 0.70678779482841503 -0.99771150946617115 1.4480540752410891 0.87418484687805187 1.2167567610740664 2.3023285865783696 -0.00012902257731184361 -0.98035496473312367 0.00015271192387444901 1.5241824388504031 0.52252283692359935 0.65450850129127514 1.831288814544678 4.4080917835235605
decision_type=2 2 2 2 2 2 2 2 2 2 2 2 2 2 2 2 2 2 2 2 2 2 2 2 2 2 2 2 2 2
left_child=1 10 17 9 6 7 13 8 21 16 11 -1 -12 -5 -15 -11 -4 18 19 -3 -16 -6 23 -9 25 -18 -19 28 -28 -30
right_child=-2 2 3 4 5 -7 -8 22 -10 15 12 -13 -14 14 20 -17 24 26 -20 -21 -22 -23 -24 -25 -26 -27 27 -29 29 -31
leaf_value=0.066787987694756065 0.003156013129848723 0.019622105157378125 -0.0018483924009644048 0.041930944048058708 -0.013806254907521593 0.011439011168632718 -0.032061122541084952 -0.0055149682901388334 0.0056137238838558151 0.064101749468464614 -1.4392165428955828e-05 0.0084868112533002752 0.01133420351868545 -0.00080633120673483387 0.01521116823827829 -0.0047456011175506692 0.0052581419658221168 0.00078631683393049498 -0.004170440833630629 0.0032158395661463948 0.043623574236962073 0.038026759694050609 -0.0019889928480207211 -0.00022517610786965125 0.0004433145314009457 -0.019590184450644532 -0.0004298941949488322 -0.002300721048467225 -0.00030350972771810982 0.0051477173648741608
leaf_weight=643 46643 4308 44059 533 2146 3627 159 7775 13751 48 11507 3776 2882 2377 2128 7851 24874 460670 4133 5627 392 161 290779 136652 213768 806 248225 80075 37071 35701
leaf_count=643 46643 4308 44059 533 2146 3627 159 7775 13751 48 11507 3776 2882 2377 2128 7851 24874 460670 4133 5627 392 161 290779 136652 213768 806 248225 80075 37071 35701
internal_value=-1.74527e-05 -5.75765e-05 -8.30008e-05 -0.000342605 -0.000621743 -0.000676536 0.0038379 -0.000717318 0.00143854 9.8488e-05 0.00214271 0.00562344 0.00107374 0.00451197 0.0033592 -0.00289277 0.00018183 0.000139871 0.00222491 0.00374937 0.00686508 -0.00530993 -0.000796864 -0.00027938 0.000384635 0.00179517 0.000105832 -0.000165058 5.96579e-05 0.000938548
internal_weight=1.69315e+06 1.6465e+06 1.6277e+06 751886 460480 454891 5589 451264 16058 291406 18808 4419 14389 5430 4897 7899 283507 875810 14068 9935 2520 2307 435206 144427 239448 25680 861742 401072 320997 72772
internal_count=1693147 1646504 1627696 751886 460480 454891 5589 451264 16058 291406 18808 4419 14389 5430 4897 7899 283507 875810 14068 9935 2520 2307 435206 144427 239448 25680 861742 401072 320997 72772
is_linear=0
shrinkage=0.05


Tree=89
num_leaves=31
num_cat=0
split_feature=13 9 7 10 20 13 8 12 9 10 7 8 10 19 8 19 8 8 19 8 6 4 21 8 19 10 6 17 20 3
split_gain=36.7948 41.0742 42.7253 27.706 33.9376 27.4325 22.9855 22.0774 21.8367 23.7794 21.562 20.9244 21.3858 20.7377 24.846 20.6751 30.3641 29.4884 30.194 69.1827 35.8885 25.0369 23.0693 32.8306 24.5683 23.0111 22.7153 29.4158 20.74 23.4209
threshold=0.33139398694038397 0.00077746369061060261 -5.4702172279357901 1.04331511259079 -1.0000000180025095e-35 1.3106148242950442 14.866724967956545 -1.0913174152374265 8.066349619184622e-05 1.4578608870506289 6.4540045261383066 -2.6459966897964473 1.5241824388504031 0.81537854671478283 -8.759358882904051 0.86051779985427868 3.2636190652847294 11.478415966033937 0.98035496473312389 -4.5928890705108634 -1.0160921216011045 -0.0059160899836570016 1.0000000180025095e-35 -11.766439914703367 0.76463845372200023 1.3205614089965823 -0.64437764883041371 2.0243211984634404 1.0000000180025095e-35 0.00072816316969692718
decision_type=2 2 2 2 2 2 2 2 2 2 2 2 2 2 2 2 2 2 2 2 2 2 2 2 2 2 2 2 2 2
left_child=1 2 13 -4 11 7 8 -2 9 -6 -10 12 -5 14 -1 16 22 18 20 -20 -17 -21 23 -3 -24 -26 28 -28 29 -25
right_child=5 15 3 4 6 -7 -8 -9 10 -11 -12 -13 -14 -15 -16 17 -18 -19 19 21 -22 -23 24 26 25 -27 27 -29 -30 -31
leaf_value=0.011637162372166499 0.0062450126013682055 0.063234767676136894 0.0001300221160437931 0.0026317477827991101 0.013144569126590944 0.0095369846414326068 0.037353149821287755 0.00063094275666732982 -0.0015876910342278228 -0.029055929087200984 0.01899408009666172 -0.00034904510513562582 -0.0046560974688495795 0.019083124250041529 -0.0020231697225939981 0.0018402791357307602 0.0028793542036321396 -0.052798590018234386 0.052376147147426846 -0.033394329557089923 -0.013493853047290883 -0.00042269973953797948 -0.0054049562416666475 -0.0030545685486689459 0.05106024712602511 -0.0044401709447292942 -0.0046707498275735558 0.012048915798747417 0.006051305881606084 0.025484828885690827
leaf_weight=4147 11055 89 806331 39649 3145 4978 165 373635 271293 123 900 127955 2600 1753 3855 579 7072 53 102 54 1641 927 17217 3028 150 93 6874 622 3023 39
leaf_count=4147 11055 89 806331 39649 3145 4978 165 373635 271293 123 900 127955 2600 1753 3855 579 7072 53 102 54 1641 927 17217 3028 150 93 6874 622 3023 39
internal_value=-1.62124e-05 -0.000143654 -9.27162e-05 -0.000118395 -0.000434695 0.000410093 -0.000777503 0.00036237 -0.000788678 0.00327417 -0.000837457 0.000120444 0.00108523 0.00320349 0.00212447 -0.00169021 -0.0013597 -0.00545292 -0.00485922 0.00198523 -0.0081982 -0.0020897 -0.00203148 -0.000493601 -0.00323597 0.0125514 -0.000691889 -0.00253469 0.00157635 -0.00132051
internal_weight=1.69315e+06 1.30348e+06 1.26192e+06 1.25216e+06 445830 389668 275626 384690 275461 3268 272193 170204 42249 9755 8002 41563 38207 3356 3303 1083 2220 981 31135 13675 17460 243 13586 7496 6090 3067
internal_count=1693147 1303479 1261916 1252161 445830 389668 275626 384690 275461 3268 272193 170204 42249 9755 8002 41563 38207 3356 3303 1083 2220 981 31135 13675 17460 243 13586 7496 6090 3067
is_linear=0
shrinkage=0.05


Tree=90
num_leaves=31
num_cat=0
split_feature=10 9 6 2 9 19 18 9 19 19 18 7 18 19 19 18 10 18 10 9 18 19 18 18 18 18 18 16 5 7
split_gain=34.9516 43.0762 36.6265 36.6668 32.1728 32.1457 88.6124 48.0543 37.3335 30.8095 89.521 41.3381 36.9186 29.8247 83.007 43.8631 46.2414 42.5812 34.157 33.6305 29.6461 29.468 72.8618 64.3913 132.997 80.7598 81.2004 55.0652 47.9369 42.0714
threshold=0.69207313656806957 6.6695167333818986e-05 4.1726610660552987 -0.00011608678323682396 0.0007489442068617792 -0.92304024100303639 -0.22707572579383847 0.00056861486518755566 -0.98933362960815419 0.81537854671478283 -0.49052239954471583 -4.0008502006530753 -0.55738157033920277 0.97768935561180126 0.95819556713104259 0.21004468202590945 1.0743949413299563 -0.12836257368326184 1.5913242697715761 0.00039855096838437026 -0.037079656496644013 0.47907376289367681 -0.82288655638694752 -0.71477618813514698 -0.55738157033920277 -0.50941574573516835 -0.33174875378608698 0.53313571214675914 -0.0010145981796085832 0.74101579189300548
decision_type=2 2 2 2 2 2 2 2 2 2 2 2 2 2 2 2 2 2 2 2 2 2 2 2 2 2 2 2 2 2
left_child=-1 -2 3 5 13 6 7 -3 20 -7 12 -12 -11 14 21 -16 -17 -15 -19 -20 -8 -5 27 -24 -25 28 -27 -23 -26 -28
right_child=1 2 -4 4 -6 9 8 -9 -10 10 11 -13 -14 17 15 16 -18 18 19 -21 -22 22 23 24 25 26 29 -29 -30 -31
leaf_value=0.0028679314908891976 0.0079183851402730553 0.013986838238553668 0.011065703886218914 -0.00016910050581089853 -0.0030755150356307939 -0.00022288781703825312 0.0082288926257268798 -0.0013044099535453159 -0.0018419228297043512 -0.0017111310665843039 0.0085203149898191218 0.00044805892003217944 0.038081480285366648 -0.0068992877986940983 0.00023713777993314978 0.029669910618340956 0.0042181833290682374 -0.00081096774648035117 -0.014354731973233293 0.017201233171752327 0.00056865566063680768 -0.01759398480451042 0.0041851935567203185 -0.0095382224300148543 0.086706517511008413 -0.0097027970152375308 -0.0023294864950020532 -0.0050631654692029852 0.017273850504769882 0.0012456262570469834
leaf_weight=80233 16150 14864 6173 673522 30191 417321 11693 4217 34210 800 7734 73740 2513 13819 9109 6264 7298 52236 1538 197 19164 2267 26314 17877 339 8326 66389 14952 6021 67676
leaf_count=80233 16150 14864 6173 673522 30191 417321 11693 4217 34210 800 7734 73740 2513 13819 9109 6264 7298 52236 1538 197 19164 2267 26314 17877 339 8326 66389 14952 6021 67676
internal_value=-1.70983e-05 -6.77655e-05 -9.37521e-05 -0.00010867 -0.000292084 0.000205542 0.00110995 0.00410618 0.0002313 5.39725e-05 0.000922901 0.000595282 0.00897978 -0.000242264 -0.000166602 0.00282078 0.00462321 -0.00125387 -0.000619777 -0.00752161 0.00149237 -0.000243243 -0.000760132 -0.00048201 -0.000844996 -0.000355292 -0.000601513 -0.00387653 0.00515723 -0.000303957
internal_weight=1.69315e+06 1.61291e+06 1.59676e+06 1.59059e+06 1.00434e+06 586256 84148 19081 65067 502108 84787 81474 3313 974144 906354 22671 13562 67790 53971 1735 30857 883683 210161 192942 166628 148751 142391 17219 6360 134065
internal_count=1693147 1612914 1596764 1590591 1004335 586256 84148 19081 65067 502108 84787 81474 3313 974144 906354 22671 13562 67790 53971 1735 30857 883683 210161 192942 166628 148751 142391 17219 6360 134065
is_linear=0
shrinkage=0.05


Tree=91
num_leaves=31
num_cat=0
split_feature=10 8 18 13 19 18 18 19 7 6 19 18 8 5 7 17 19 19 19 5 13 5 3 5 10 19 5 19 7 6
split_gain=33.2327 33.9204 67.0422 32.6279 29.5804 29.4985 56.3319 42.6788 38.9034 38.7768 38.2588 32.588 34.1488 31.6888 33.0518 28.6558 27.0573 49.5835 26.5812 26.5604 26.1979 25.7519 24.3063 24.1546 23.2309 23.8985 22.9646 25.2729 22.732 24.6803
threshold=0.84862062335014354 -10.891653537750242 0.88599923253059398 0.31316386163234716 -0.99280729889869679 0.8102954924106599 0.61048936843872081 -0.45204447209835047 2.7328952550888066 0.17515373229980472 0.6411133110523225 0.9404343068599702 -8.0490031242370588 -0.0083811949007213098 -3.4844347238540645 1.1054617762565615 -0.2185685262084007 -0.14133286476135251 0.58954745531082164 -0.0083811949007213098 1.3106148242950442 -0.0017754690488800404 0.00024655403103679424 -0.0035307975485920902 1.6899983286857607 0.97287458181381237 -0.0021624385844916101 0.7475065588951112 -4.6744668483734122 -1.5136011242866514
decision_type=2 2 2 2 2 2 2 2 2 2 2 2 2 2 2 2 2 2 2 2 2 2 2 2 2 2 2 2 2 2
left_child=4 2 -2 5 -1 6 9 13 15 19 18 12 -9 -7 -15 26 -13 -18 -10 24 -5 22 -11 -6 25 28 27 -8 -3 -30
right_child=1 3 -4 20 23 7 8 11 10 21 -12 16 -14 14 -16 -17 17 -19 -20 -21 -22 -23 -24 -25 -26 -27 -28 -29 29 -31
leaf_value=0.010509805817230378 0.0034364571792042001 -0.015745435790609063 0.044797714173489704 0.00046999570119080628 -0.003993012985396666 0.042592895727703826 0.0053638952355194343 0.01264981085502428 7.3464099885478537e-05 0.00076915593393974693 0.010583656184644831 0.0039772962135081191 -0.0023011112524685628 -0.0087683455444374503 0.0054995069280643688 -0.0064676244575128834 -0.0055739234254405306 0.0011314403569873122 -0.017528857126416154 0.00019788765342359518 0.0094021893240802245 -0.0012351180557446718 -0.0084928253536212424 0.00094741981646537807 -0.016857826464798165 0.058836881189945914 -0.0033805064093981765 -0.016370581506637994 0.011389969863415651 -0.0070189136976019145
leaf_weight=7853 7115 717 981 311235 12450 60 3640 1983 5996 3439 4888 24333 61058 1826 26043 21688 14601 85750 1174 353772 3906 288762 7360 386667 327 21 53441 265 613 1183
leaf_count=7853 7115 717 981 311235 12450 60 3640 1983 5996 3439 4888 24333 61058 1826 26043 21688 14601 85750 1174 353772 3906 288762 7360 386667 327 21 53441 265 613 1183
internal_value=-1.36728e-05 -0.000138278 0.00308794 -0.000158715 0.000380126 -0.000303238 -0.000451902 0.000211914 -0.00161705 -0.000290158 0.00102836 -5.93954e-05 -0.000985866 0.00203552 0.00195737 -0.00202065 0.000409034 4.63374e-05 -0.00129707 6.21087e-05 0.000282889 -0.000709538 -0.00310677 0.000320332 -0.00473611 -0.0031176 -0.00143515 0.00226633 -0.00356148 -0.000556793
internal_weight=1.69315e+06 1.28618e+06 8096 1.27808e+06 406970 962940 747286 215654 91092 656194 12058 187725 63041 27929 27869 79034 124684 100351 7170 356633 315141 299561 10799 399117 2861 2534 57346 3905 2513 1796
internal_count=1693147 1286177 8096 1278081 406970 962940 747286 215654 91092 656194 12058 187725 63041 27929 27869 79034 124684 100351 7170 356633 315141 299561 10799 399117 2861 2534 57346 3905 2513 1796
is_linear=0
shrinkage=0.05


Tree=92
num_leaves=31
num_cat=0
split_feature=16 10 9 8 19 18 15 9 19 9 19 18 4 2 15 19 4 1 18 19 18 9 4 8 11 19 21 18 4 21
split_gain=32.2251 31.9063 36.84 35.1624 49.6562 45.916 37.1065 31.5823 28.8392 41.2227 31.8645 42.401 35.1728 38.5098 31.3644 28.6512 28.7358 28.2314 30.7171 102.863 44.7071 44.0976 46.9616 43.9112 34.4428 34.3364 65.35 53.9638 34.1195 39.0764
threshold=2.6262013912200932 0.69207313656806957 6.6695167333818986e-05 4.6178934574127206 0.61048936843872081 0.98285266757011425 0.53610935807228099 5.6667309763724922e-05 0.17149884253740313 0.00012406220776028934 0.58954745531082164 0.1326885595917702 0.00063607725314795982 0.000350950169377029 0.86056262254714977 0.52435624599456798 0.003317866008728743 -0.00021015825041104105 0.81789681315422069 -0.2100446820259094 0.62080430984497081 0.00012406220776028934 0.00028337993717286741 -8.0490031242370588 0.52677848935127269 -0.27353890240192408 0.65450850129127514 0.88599923253059398 0.00080856771091930579 0.65450850129127514
decision_type=2 2 2 2 2 2 2 2 2 2 2 2 2 2 2 2 2 2 2 2 2 2 2 2 2 2 2 2 2 2
left_child=1 8 3 5 -5 6 -3 -7 9 -1 15 12 -12 -14 -13 -10 -17 -4 20 23 24 22 -21 -20 -19 27 -27 -25 29 -23
right_child=-2 2 17 4 -6 7 -8 -9 10 -11 11 14 13 -15 -16 16 -18 18 19 21 -22 28 -24 25 -26 26 -28 -29 -30 -31
leaf_value=0.024215927048009123 0.0060110290642147127 0.0075950481190288251 0.00053124990442873223 -0.0160194253278239 0.031043923929559483 0.15992443426907979 -0.010246530299594703 0.021554894656030801 -0.00033551458528049418 0.004167177307807979 0.0022093173160090741 0.010395808702303101 -0.013966196593229341 0.015292386208626869 0.071359122474140821 -0.010470520131322792 0.092300602464853054 -0.0019980955147145484 0.026324231681268739 8.99510243354218e-05 -0.0026273723729471343 -0.001535568417207922 0.011643276735883779 0.006844875911121151 -0.00018623651835291135 0.013496799669819499 -0.0082650916161382659 8.554353800419579e-05 0.0018664206936701067 -0.0063041587836962292
leaf_weight=3352 12733 7497 368611 795 2887 157 4119 396 11635 19096 26546 10020 3108 722 200 5161 46 113869 847 30425 120762 91735 10602 26149 718557 10954 2511 42095 24108 23452
leaf_count=3352 12733 7497 368611 795 2887 157 4119 396 11635 19096 26546 10020 3108 722 200 5161 46 113869 847 30425 120762 91735 10602 26149 718557 10954 2511 42095 24108 23452
internal_value=-1.23734e-05 -3.13613e-05 -8.00361e-05 0.00231847 0.00659967 0.00102309 0.000352961 0.0150995 0.000943845 0.00246347 0.000349943 0.00110848 0.000171188 -0.00430809 0.00389432 -0.00147845 -0.00456117 -0.000104028 -0.000220218 0.000258295 -0.000352187 -0.000410932 0.00102981 0.00172004 -0.000221761 0.00160264 0.00391014 0.00114735 -0.000835278 -0.00119328
internal_weight=1.69315e+06 1.68041e+06 1.60053e+06 15851 3682 12169 11616 553 79886 22448 57438 40596 30376 3830 10220 16842 5207 1.58468e+06 1.21607e+06 262878 953188 180322 41027 82556 832426 81709 13465 68244 139295 115187
internal_count=1693147 1680414 1600528 15851 3682 12169 11616 553 79886 22448 57438 40596 30376 3830 10220 16842 5207 1584677 1216066 262878 953188 180322 41027 82556 832426 81709 13465 68244 139295 115187
is_linear=0
shrinkage=0.05


Tree=93
num_leaves=31
num_cat=0
split_feature=6 3 5 20 18 16 10 6 5 18 18 18 4 8 8 5 4 19 19 8 8 10 18 19 19 16 20 17 15 15
split_gain=31.0979 45.9793 41.1623 46.0175 38.1277 36.8176 35.7001 32.3875 32.2333 33.3038 32.481 31.9147 29.742 30.3305 33.3359 35.4178 26.138 33.2126 28.3468 29.2199 32.1331 25.3261 29.2391 72.2288 65.9806 53.461 39.548 27.4958 26.7655 26.7256
threshold=-0.64437764883041371 0.0006577592866960914 -0.0014651119126938281 -1.0000000180025095e-35 -0.99560055136680592 1.6053331494331362 1.3697199225425722 4.1726610660552987 -0.0048454785719513884 0.98995971679687511 -0.85149618983268727 0.994289129972458 -0.0019647993613034482 -4.4421350955963126 1.9213768839836123 0.0035241066943854098 0.00053993190522305678 -0.95819556713104237 -0.94622433185577381 -1.4625871181488035 -6.1296253204345694 0.78079354763031017 -0.78396254777908314 0.49052239954471594 0.33586180210113531 0.52498939633369457 -0.76942089200019825 1.4087171554565432 0.56573846936225902 0.66193848848342907
decision_type=2 2 2 2 2 2 2 2 2 2 2 2 2 2 2 2 2 2 2 2 2 2 2 2 2 2 2 2 2 2
left_child=1 5 3 8 12 -1 16 21 9 -2 -10 -12 -4 -14 -15 -16 17 -5 -18 20 -20 -6 23 24 28 -25 -26 -27 -23 -24
right_child=2 -3 4 6 7 -7 -8 -9 10 -11 11 -13 13 14 15 -17 18 -19 19 -21 -22 22 29 25 26 27 -28 -29 -30 -31
leaf_value=0.0003006371089491922 -0.0093638241594381725 0.013572683375647166 -0.032125285814086739 -0.010968088818309808 0.0013609207797172563 0.0036370042646442615 -0.0093245821173711836 0.0098951694932803771 -0.0036474670449505144 0.070686671985597832 0.0036125272104367448 -0.016894118306472073 0.014783310228416391 -0.0014206174300380404 0.0067138790293042264 -0.011543200124306485 0.010519625043628234 -0.001673774248148574 -0.0020328178270529519 -0.0011058266537913254 -0.01575130350331342 -0.00025996116960727567 -0.00061531912841878431 -0.016088511833487706 -0.0037836612437658901 -0.0039471493876813033 0.0062318677140268397 -0.016437012251059004 -0.0032570121615845219 0.00085100479400453957
leaf_weight=497656 3309 1251 99 4223 133437 48513 2716 6507 7610 38 23148 516 3081 13017 15673 843 775 38783 1586 2176 3705 53910 532732 2329 5145 17301 20256 1749 61182 189881
leaf_count=497656 3309 1251 99 4223 133437 48513 2716 6507 7610 38 23148 516 3081 13017 15673 843 775 38783 1586 2176 3705 53910 532732 2329 5145 17301 20256 1749 61182 189881
internal_value=-1.26097e-05 0.000297395 -0.000160728 -0.00119603 -7.3973e-05 0.000275464 -0.00210881 -0.000127632 0.000226741 -0.00443681 0.000725843 0.00163962 0.0016064 0.00168946 0.00119697 0.0026883 -0.00181275 -0.00131842 -0.00439214 -0.00533682 -0.00734266 -0.00015011 -0.00024698 -0.000854379 -0.000442371 -0.00356191 0.0018641 -0.00268766 -0.000951413 -0.000110917
internal_weight=1.69315e+06 547420 1.14573e+06 88585 1.05714e+06 546169 53964 1.02443e+06 34621 3347 31274 23664 32713 32614 29533 16516 51248 43006 8242 7467 5291 1.01792e+06 884485 161872 140493 21379 25401 19050 115092 722613
internal_count=1693147 547420 1145727 88585 1057142 546169 53964 1024429 34621 3347 31274 23664 32713 32614 29533 16516 51248 43006 8242 7467 5291 1017922 884485 161872 140493 21379 25401 19050 115092 722613
is_linear=0
shrinkage=0.05


Tree=94
num_leaves=31
num_cat=0
split_feature=13 9 8 18 19 18 19 18 5 20 20 2 10 4 10 7 18 8 5 9 4 7 9 19 18 18 16 8 9 4
split_gain=30.7322 30.7416 35.2544 51.5353 51.082 50.7177 153.724 66.0473 46.3335 40.2293 38.506 49.7965 45.6391 51.8365 38.3493 37.6225 36.295 39.6474 35.9491 35.7778 35.43 35.3867 40.3158 35.2678 63.6119 65.048 51.6166 50.7792 51.0924 40.3153
threshold=0.69079652428627025 0.00034749765472952282 -3.8724954128265376 0.38469719886779791 -0.054514370858669274 -0.61393940448760975 0.69934985041618358 -0.76744312047958363 0.0018240851932205262 -0.76942089200019825 -1.0000000180025095e-35 -0.00023549586330773306 0.80013251304626476 0.00063607725314795982 1.4247708320617678 5.8234112262725839 0.86711210012435924 -7.8385989665985099 0.0079095256514847296 7.4391035013832165e-05 0.0026493706973269586 -1.7900357842445371 0.00013087081606499853 -0.063225833699107156 -0.87142586708068837 -0.8153785467147826 0.59706732630729686 6.4417459964752206 0.00021200365154072645 6.6337768657831489e-05
decision_type=2 2 2 2 2 2 2 2 2 2 2 2 2 2 2 2 2 2 2 2 2 2 2 2 2 2 2 2 2 2
left_child=1 2 3 -1 16 6 7 8 23 -6 11 -8 -12 -14 15 -7 -5 -18 -17 -11 -10 22 -9 29 -25 26 -26 28 -27 -4
right_child=-2 -3 5 4 9 14 10 21 20 19 12 -13 13 -15 -16 18 17 -19 -20 -21 -22 -23 -24 24 25 27 -28 -29 -30 -31
leaf_value=0.0029630763231863312 0.0021739011802671682 -0.00079829518316152932 -0.0051922696071872998 -3.6779044732282441e-05 0.0038376281848436448 0.00041139258142097181 0.013028449455590308 0.037479518960075731 -0.0063500077108709363 0.018342367960583018 -0.0072754171136606097 -0.0078436892303726143 -0.016969245138203293 -0.00084779590534117544 -0.0031955763622307123 0.012739199391001732 0.021100806678744501 0.0048488481384170723 -0.060770001019981534 -0.0040805217212612549 0.02076970454017495 0.003887450234040646 0.0090164790738096034 0.0017274688284082962 -0.01503574130307056 -0.0051878672637815093 -0.0045424634259886524 0.018875205489199721 0.010131395771172169 -0.00022061010778624547
leaf_weight=127094 72792 424150 29546 24894 10771 693078 873 668 18116 1543 4376 6372 4657 1107 27372 6395 2137 13907 62 51742 587 17020 1739 89199 3527 9009 13999 1987 2469 31959
leaf_count=127094 72792 424150 29546 24894 10771 693078 873 668 18116 1543 4376 6372 4657 1107 27372 6395 2137 13907 62 51742 587 17020 1739 89199 3527 9009 13999 1987 2469 31959
internal_value=-1.04244e-05 -5.55742e-05 7.41094e-05 0.000627348 -0.000192392 -5.90696e-05 -0.0006939 -0.000335949 -0.000605794 -0.00107406 -0.00522002 -0.00243616 -0.00720907 -0.0101319 0.000148093 0.000219932 0.00118716 0.00304164 0.00401889 -0.00163742 -0.00297546 0.00244762 0.00812214 -0.00036187 0.000136451 -0.00181504 -0.00382289 0.000798366 -0.000479178 -0.00133566
internal_weight=1.69315e+06 1.62036e+06 1.1962e+06 232088 104994 964117 237210 219825 200398 64056 17385 7245 10140 5764 726907 699535 40938 16044 6457 53285 18703 19427 2407 181695 120190 30991 17526 13465 11478 61505
internal_count=1693147 1620355 1196205 232088 104994 964117 237210 219825 200398 64056 17385 7245 10140 5764 726907 699535 40938 16044 6457 53285 18703 19427 2407 181695 120190 30991 17526 13465 11478 61505
is_linear=0
shrinkage=0.05


Tree=95
num_leaves=31
num_cat=0
split_feature=10 6 20 7 9 8 18 18 7 18 18 6 10 18 16 18 18 18 18 18 9 9 4 11 18 9 20 8 9 18
split_gain=28.9599 32.3583 28.9577 35.978 28.8136 38.2835 47.2808 42.91 30.5947 37.0548 45.7755 26.8874 36.1701 49.7655 44.5249 40.3764 33.1221 40.3018 31.135 45.6331 33.7042 31.126 29.3661 27.7148 27.1854 26.9465 28.2886 32.3202 26.3576 26.1793
threshold=0.64857220649719249 4.1726610660552987 0.76942089200019848 -5.1402227878570548 6.6695167333818986e-05 5.4057247638702401 0.98120620846748363 0.68993380665779125 -2.2610210180282588 -0.12836257368326184 -0.36446963250637049 0.072561975568532958 1.4403525590896609 0.32350382208824163 1.6053331494331362 -0.99280729889869679 -0.73283809423446644 -0.8959035575389861 0.8102954924106599 0.87355786561965953 0.00023854301252868029 0.00011354029993526639 0.00018004943558480593 0.46580308675765997 -0.99560055136680592 0.00014136235404293987 -0.76942089200019825 0.55456757545471203 4.8490544941159903e-05 -0.57892408967018116
decision_type=2 2 2 2 2 2 2 2 2 2 2 2 2 2 2 2 2 2 2 2 2 2 2 2 2 2 2 2 2 2
left_child=2 4 -1 -4 5 6 8 28 9 10 -2 12 14 15 -6 -14 17 -17 23 22 -21 -18 -20 -13 25 26 27 -25 -7 -10
right_child=1 -3 3 -5 11 7 -8 -9 29 -11 -12 18 13 -15 -16 16 21 -19 19 20 -22 -23 -24 24 -26 -27 -28 -29 -30 -31
leaf_value=0.0057297036630604321 0.026852314764034036 0.0098398544672801576 0.039021840625385454 -0.004070655852994709 0.00017952763534018201 0.072631799928347826 0.044698475039174679 -0.026935674325096262 -0.018597612891444248 0.031421069754667054 -0.027771729455861972 -0.0031802920154644755 0.01964727762426002 -0.0056755237881992888 0.0035541341245088065 -0.00044690164169695071 -0.020952509875461812 -0.017250115891794749 -0.00070896270009421789 0.001311274303671084 -0.0023452951191746899 0.00093964814209565042 0.006991573523266903 -0.0027306483453844567 -0.00088988233199754907 0.0016411987689810338 0.0080793469915063417 0.11436503598198614 0.018378390509887654 -0.0002742700735828718
leaf_weight=35092 950 6446 270 10908 740942 706 682 542 1702 1638 671 50612 741 13271 53740 1667 647 1384 9490 86819 49192 22078 20585 124 547641 21391 1471 254 2374 9117
leaf_count=35092 950 6446 270 10908 740942 706 682 542 1702 1638 671 50612 741 13271 53740 1667 647 1384 9490 86819 49192 22078 20585 124 547641 21391 1471 254 2374 9117
internal_value=-1.04244e-05 -4.50853e-05 0.00122325 -0.000993022 -5.89784e-05 0.00190948 0.000779133 0.00651574 0.000156272 0.00440319 -0.0009562 -8.12861e-05 0.000116481 -0.00135468 0.000190139 -0.000103707 -0.000434513 -0.00532612 -0.000290828 0.000317305 -7.24206e-05 0.000222222 0.0020798 -0.000453344 -0.000353927 0.001321 0.00711195 0.0193122 0.0087987 -0.00112302
internal_weight=1.69315e+06 1.64688e+06 46270 11178 1.64043e+06 18382 14760 3622 14078 3259 1621 1.62205e+06 834470 39788 794682 26517 25776 3051 787579 166086 136011 22725 30075 621493 570881 23240 1849 378 3080 10819
internal_count=1693147 1646877 46270 11178 1640431 18382 14760 3622 14078 3259 1621 1622049 834470 39788 794682 26517 25776 3051 787579 166086 136011 22725 30075 621493 570881 23240 1849 378 3080 10819
is_linear=0
shrinkage=0.05


Tree=96
num_leaves=31
num_cat=0
split_feature=13 18 19 19 20 9 18 19 9 8 19 20 18 18 18 19 8 5 9 19 19 20 9 18 8 19 8 9 19 20
split_gain=28.6934 28.0284 72.8236 134.197 75.4346 57.1411 49.4525 123.485 90.4891 81.4611 99.7553 157.266 106.863 87.6494 76.9649 73.0365 62.8888 58.0086 61.9886 56.1411 77.2789 51.5023 50.6657 102.218 49.9747 49.3184 49.2679 49.6552 50.6432 53.3482
threshold=1.1254198551177981 -0.78396254777908314 0.49052239954471594 0.33586180210113531 -0.76942089200019825 0.00033966662886086857 -0.22707572579383847 -0.92304024100303639 0.00041411629354115581 -3.0569686889648433 0.69934985041618358 -0.76942089200019825 -0.55738157033920277 -0.57892408967018116 -0.12836257368326184 -0.94622433185577381 2.1367996931076054 0.0079095256514847296 0.00084653412341140221 0.86927726864814769 0.94762688875198375 0.76942089200019848 0.00025755148089956498 -0.028357730247080323 -0.25259141623973841 -0.82288655638694752 0.99644753336906444 5.6667309763724922e-05 0.99799686670303356 -0.76942089200019825
decision_type=2 2 2 2 2 2 2 2 2 2 2 2 2 2 2 2 2 2 2 2 2 2 2 2 2 2 2 2 2 2
left_child=1 2 3 -1 -5 -4 7 8 -3 25 17 12 -12 -13 21 16 -10 18 -11 -15 -21 -8 26 -24 -23 -9 -16 28 29 -28
right_child=-2 6 5 4 -6 -7 14 9 15 10 11 13 -14 19 22 -17 -18 -19 -20 20 -22 24 23 -25 -26 -27 27 -29 -30 -31
leaf_value=-0.0011021343035920062 0.0063610977600990883 0.014303069324146224 -0.0031853414809696889 -0.0031367929786831174 0.0072413226869880616 -0.011196013816055528 -0.0017550330643459678 -0.0017926774373784706 0.00024081302354101998 0.0013145166131128762 0.0028842948447696305 -0.011109551129707402 0.11456554316450805 0.0066983864703954238 -0.00026109470930021916 0.008708000629954955 -0.014622421479798604 0.017165814668030965 -0.0054550697949560141 -0.0096969730439654851 0.00097873445981091502 -0.0021985878605772615 0.006296475080308523 -0.0013038731912406898 -0.012602833138340952 0.0051156472989214337 0.051439409052126329 0.0016465702703598541 0.078495065600043115 -0.0010481927767229671
leaf_weight=283453 10273 25755 37270 9206 37429 5583 39441 12454 7569 119116 5149 18268 1754 9065 335082 9978 3184 1989 9139 12771 10064 7405 20642 318921 9554 50481 358 278796 979 2019
leaf_count=283453 10273 25755 37270 9206 37429 5583 39441 12454 7569 119116 5149 18268 1754 9065 335082 9978 3184 1989 9139 12771 10064 7405 20642 318921 9554 50481 358 278796 979 2019
internal_value=-1.10741e-05 -2.71559e-05 -0.000409582 -0.000157837 0.00232765 -0.00234873 8.17217e-05 0.000649399 0.00301596 0.00020979 -0.000313109 -0.00205621 0.00501956 -0.00302982 -8.45344e-05 0.000557137 -0.00230168 0.000450693 0.000319286 -0.00144828 -0.00276987 -0.00187943 2.12689e-05 -0.00046928 -0.00418362 0.00176611 0.000291138 0.000777949 0.0068236 0.00288178
internal_weight=1.69315e+06 1.68287e+06 372941 330088 46635 42853 1.30993e+06 296736 46486 250250 187315 57071 6903 50168 1.0132e+06 20731 10753 130244 128255 31900 22835 56400 956797 339563 16959 62935 617234 282152 3356 2377
internal_count=1693147 1682874 372941 330088 46635 42853 1309933 296736 46486 250250 187315 57071 6903 50168 1013197 20731 10753 130244 128255 31900 22835 56400 956797 339563 16959 62935 617234 282152 3356 2377
is_linear=0
shrinkage=0.05


Tree=97
num_leaves=31
num_cat=0
split_feature=10 6 6 5 19 7 9 10 16 9 19 19 9 20 7 9 8 7 21 9 9 8 10 2 2 8 5 19 6 5
split_gain=27.7047 27.7161 26.7062 46.6361 37.2313 40.113 37.6877 34.8961 44.4841 31.8665 31.4465 30.5093 26.7635 26.6355 31.4462 25.8113 25.3736 24.285 26.8646 34.1572 28.408 26.1497 32.7623 25.9574 24.2237 22.9612 21.8009 34.4218 21.7861 23.581
threshold=0.64857220649719249 4.1726610660552987 0.072561975568532958 -0.00042665163346100593 -0.85828685760498036 1.3091756701469424 0.00010683035361580552 1.4247708320617678 1.6053331494331362 0.00020967320597264918 0.82535797357559215 0.42063900828361517 0.00011354029993526639 0.76942089200019848 -5.1402227878570548 0.00012956088175997141 -7.8385989665985099 -0.33398321270942682 1.0000000180025095e-35 0.00054189361981116246 0.00013361933088162917 -2.8762601613998409 0.5111239254474641 0.00029887263372074818 0.0001295125039177947 2.9126865863800053 -0.0017754690488800404 -0.96535655856132496 1.9668111801147463 0.0013194317580200734
decision_type=2 2 2 2 2 2 2 2 2 2 2 2 2 2 2 2 2 2 2 2 2 2 2 2 2 2 2 2 2 2
left_child=13 2 7 4 6 9 -4 8 -2 -6 11 16 -12 17 -15 -10 -9 18 -1 20 24 22 -22 -23 -20 -21 27 -8 29 -5
right_child=1 -3 3 28 5 -7 26 10 15 -11 12 -13 -14 14 -16 -17 -18 -19 19 25 21 23 -24 -25 -26 -27 -28 -29 -30 -31
leaf_value=0.0037302034414173901 0.00022598702203896481 0.0093352241011391123 0.05468983312604439 -4.5174646128887114e-05 0.00023877922903921546 -0.0084899338407821608 -0.012760950467921091 0.0096757140498170257 0.011069305042074352 -0.0032731699849266938 -0.017695373978895802 -0.010116185075104811 0.0017711236762237349 0.036949384779375649 -0.0038675437811618533 0.0022653804237304899 -0.0029498643291770545 0.002209239205091995 0.010101894204198781 -0.0069110153294468183 0.095797032295681261 0.048918802146202957 0.014565881852690655 -0.037456444614070362 0.051388380877749357 -0.059201332517830219 0.002842224773567853 0.0018627098143349674 0.0010771968502492292 -0.0014931897792869132
leaf_weight=7768 746003 6446 183 363011 33360 12003 2476 928 10319 69950 788 3153 14324 270 10908 44253 24109 20699 3773 314 117 842 1245 57 237 40 19866 3660 141349 150696
leaf_count=7768 746003 6446 183 363011 33360 12003 2476 928 10319 69950 788 3153 14324 270 10908 44253 24109 20699 3773 314 117 842 1245 57 237 40 19866 3660 141349 150696
internal_value=-1.14875e-05 -4.53889e-05 -5.82469e-05 -0.000265895 -0.00108906 -0.00147555 0.000612946 0.000137757 0.000212535 -0.00115768 -0.00124475 -0.00223129 0.000595553 0.00119516 -0.000930399 0.00159056 -0.00164756 0.00187222 0.00344959 0.00578868 0.00664168 0.0111234 0.00675477 0.0177419 0.00411471 -0.00932203 0.000453811 -0.00215124 -8.80841e-05 -0.000239339
internal_weight=1.69315e+06 1.64688e+06 1.64043e+06 796554 141498 115313 26185 843877 800575 103310 43302 28190 15112 46270 11178 54572 25037 35092 14393 6625 6271 2261 1362 899 4010 354 26002 6136 655056 513707
internal_count=1693147 1646877 1640431 796554 141498 115313 26185 843877 800575 103310 43302 28190 15112 46270 11178 54572 25037 35092 14393 6625 6271 2261 1362 899 4010 354 26002 6136 655056 513707
is_linear=0
shrinkage=0.05


Tree=98
num_leaves=31
num_cat=0
split_feature=13 10 1 11 4 18 18 18 18 19 5 5 20 7 19 10 2 7 19 5 3 18 18 19 19 5 18 20 18 7
split_gain=26.8481 26.9652 30.0332 26.4362 33.7002 36.4744 26.6675 24.3724 37.8863 39.0034 37.029 32.9078 27.0805 26.0433 24.2475 36.9266 41.4236 23.9626 50.3074 23.2464 23.0405 22.8493 34.6941 53.5746 73.0827 54.7438 33.5273 52.3807 39.7491 45.9784
threshold=1.3106148242950442 0.93771305680274974 -0.00012902257731184361 0.87088429927825939 -0.0011196740088053045 0.78666386008262645 0.57892408967018139 0.01527100056409836 -0.74168145656585682 -0.53176689147949208 -0.0054270699620246879 -0.0054270699620246879 1.0000000180025095e-35 -4.2238600254058829 -0.60702770948410023 1.2814999818801882 -0.0013920813216827808 -4.2238600254058829 -0.84455960988998402 0.00055553976562805485 -0.00013969323481433091 -0.78396254777908314 -0.22707572579383847 -0.92304024100303639 -0.94622433185577381 0.0019612736068665986 -0.12836257368326184 0.76942089200019848 -0.010908065363764761 1.9229914546012881
decision_type=2 2 2 2 2 2 2 2 2 2 2 2 2 2 2 2 2 2 2 2 2 2 2 2 2 2 2 2 2 2
left_child=1 3 7 4 5 6 -1 8 9 12 -10 13 19 -9 15 -13 -17 18 -12 -3 -16 -4 23 24 25 -23 27 -24 -28 -30
right_child=-2 2 21 -5 -6 -7 -8 11 10 -11 17 14 -14 -15 20 16 -18 -19 -20 -21 -22 22 26 -25 -26 -27 28 -29 29 -31
leaf_value=0.0030115450869500518 0.0078657843731647862 -0.012656314817093306 -0.0018741910633555904 0.0011497086659126188 -0.00061150707660130317 0.015636246083494443 -0.0072797855693355062 0.025612886241254976 -0.0063115890752827647 0.00029946465279396818 -0.00067513750542493869 -0.0014671371176785853 0.00022771537863263693 0.00072763286982212023 -0.0009452521981803242 0.01077904824917188 -0.0094263772559528454 0.0027308043558775643 0.023258001407477902 -0.0014652209428269781 0.001863054503505357 0.0034684241774419868 -0.0013067925731216181 -2.6711256510847382e-05 0.017184831011801384 -0.014293515434589406 0.0032377722643635812 -0.010271542876311202 -0.0016422499110887391 0.00083932386909061913
leaf_weight=22571 4978 3005 110764 378249 311896 3187 2967 831 3836 55809 2279 43267 2856 818 73948 554 4715 79294 2306 1550 47391 11489 19243 87894 8800 1774 27797 7967 264534 106578
leaf_count=22571 4978 3005 110764 378249 311896 3187 2967 831 3836 55809 2279 43267 2856 818 73948 554 4715 79294 2306 1550 47391 11489 19243 87894 8800 1774 27797 7967 264534 106578
internal_value=-1.04834e-05 -2.12953e-05 -0.000193387 0.000210747 -0.000108772 0.00153003 0.000900619 0.000200801 0.000664193 -0.000268902 0.00133672 -0.000206968 -0.00367697 0.00682232 -0.000275202 -0.00121971 -0.00517176 0.00155641 0.00507088 -0.00607025 0.000102605 -0.000389895 -0.000254815 0.000537028 0.00273988 0.000395838 -0.000459144 -0.0021573 -0.000343311 -0.000479909
internal_weight=1.69315e+06 1.68817e+06 969299 718870 340621 28725 25538 322459 150935 63220 87715 171524 7411 1649 169875 48536 5269 83879 4585 4555 121339 646840 536076 109957 22063 13263 426119 27210 398909 371112
internal_count=1693147 1688169 969299 718870 340621 28725 25538 322459 150935 63220 87715 171524 7411 1649 169875 48536 5269 83879 4585 4555 121339 646840 536076 109957 22063 13263 426119 27210 398909 371112
is_linear=0
shrinkage=0.05


Tree=99
num_leaves=31
num_cat=0
split_feature=13 18 21 9 7 9 18 5 3 4 9 4 9 4 9 12 5 7 16 2 5 4 5 3 6 18 18 17 18 18
split_gain=25.8078 27.263 38.0886 30.642 29.4455 23.2753 23.6955 27.4914 29.8542 24.4938 21.9829 22.5783 23.072 21.7026 27.2884 21.5625 21.2263 28.7791 20.7538 20.278 20.2334 27.8822 31.3151 24.2466 21.0109 22.1433 24.7488 20.5478 20.0356 44.1024
threshold=0.35734201967716223 0.95037782192230236 0.65450850129127514 0.00077746369061060261 -5.4702172279357901 0.00010507710976526143 0.96065577864646923 0.0012939542648382487 -0.00083931730478070665 -0.00038043939275667066 0.00027264619711786514 -0.0030747189885005351 0.0014222073950804772 -0.0010473548318259416 0.0002131724249920808 -1.0913174152374265 0.00059676246019080292 1.3377671241760256 0.53313571214675914 -0.0013920813216827808 -0.00026459022774361069 -2.5719735276652497e-05 0.00019387512293178591 0.0006577592866960914 0.11715827137231828 0.98285266757011425 0.99894830584526073 1.8454085588455202 0.40872775018215185 -0.78396254777908314
decision_type=2 2 2 2 2 2 2 2 2 2 2 2 2 2 2 2 2 2 2 2 2 2 2 2 2 2 2 2 2 2
left_child=1 3 10 4 -1 16 9 -8 -9 -7 13 12 -12 14 -3 -2 17 -4 -15 -5 24 -22 -23 -24 27 -26 -27 -13 29 -6
right_child=15 2 5 19 28 6 7 8 -10 -11 11 20 -14 18 -16 -17 -18 -19 -20 -21 21 22 23 -25 25 26 -28 -29 -30 -31
leaf_value=0.006207863607739417 0.0064090603650955652 0.0011655930733744436 0.01577048876445062 0.0011685751370257846 -0.00098610070362035182 0.019510449667341126 -0.0061624719129246275 0.061348037915269008 0.0045540589048558792 -0.0011951688094242964 0.016923590826711965 0.00078950170709837233 -0.025169664652993765 0.0098930760104790419 0.019099830369281857 0.000628775407548432 0.061942018032853909 -0.027023367938457301 0.0022543596279871016 -0.0031265837174264122 0.0085978553421781744 0.011501159404367169 -0.0077167276145582112 0.0018976551985220248 -0.0022956692515610833 -0.020306337888138862 0.0042259801058273372 -0.011565575108714666 -0.00096705895938424828 0.00057499152975681866
leaf_weight=8899 9893 2026 1607 7869 286115 969 20369 107 2674 1865 766 6394 20 7459 2370 337483 281 485 76029 33930 3392 1205 4804 4916 1280 1147 336 1568 369610 497279
leaf_count=8899 9893 2026 1607 7869 286115 969 20369 107 2674 1865 766 6394 20 7459 2370 337483 281 485 76029 33930 3392 1205 4804 4916 1280 1147 336 1568 369610 497279
internal_value=-1.14284e-05 -0.000110606 0.000544454 -0.00018792 -0.000140072 -0.00109497 -0.00152786 -0.00205616 0.00260698 0.00278758 0.000953285 -0.0003291 0.00801527 0.00133016 0.00475432 0.000372795 0.00364517 0.00191205 0.00114987 -0.00151798 -0.000591007 0.0006391 -0.000590389 -0.00153292 -0.0022331 -0.00598987 -0.0101483 -0.000929415 -0.000162185 -1.90198e-05
internal_weight=1.69315e+06 1.34577e+06 142069 1.2037e+06 1.1619e+06 28357 25984 23150 2781 2834 113712 25828 786 87884 4396 347376 2373 2092 83488 41799 25042 14317 10925 9720 10725 2763 1483 7962 1.153e+06 783394
internal_count=1693147 1345771 142069 1203702 1161903 28357 25984 23150 2781 2834 113712 25828 786 87884 4396 347376 2373 2092 83488 41799 25042 14317 10925 9720 10725 2763 1483 7962 1153004 783394
is_linear=0
shrinkage=0.05


Tree=100
num_leaves=31
num_cat=0
split_feature=10 21 18 19 10 8 19 18 18 18 18 18 18 3 10 10 18 18 18 19 20 18 18 3 8 18 8 8 18 10
split_gain=25.0858 24.8281 42.5101 118.261 49.5369 36.4794 41.5693 62.5422 74.4523 44.0901 60.7295 73.7574 60.7207 59.3839 43.6899 38.5366 38.4198 90.0654 66.0494 79.4991 62.9657 117.897 55.2949 38.6782 38.2284 37.4969 43.0024 36.6833 36.1229 35.8905
threshold=0.64857220649719249 0.65450850129127514 0.96065577864646923 -0.2100446820259094 0.85895386338233959 -3.8110477924346919 -0.45204447209835047 0.054514370858669288 0.8102954924106599 -0.7238691747188567 -0.59306621551513661 -0.41270604729652399 -0.84455960988998402 0.0013584800763055684 0.89967232942581188 1.0951808691024782 -0.071932479739189134 0.71782085299491893 -0.87777194380760182 -0.054514370858669274 -0.76942089200019825 -0.62762191891670216 -0.85828685760498036 0.00025298971740994608 2.4100557565689091 -0.55738157033920277 12.16558885574341 11.478415966033937 -0.31523424386978144 1.154382109642029
decision_type=2 2 2 2 2 2 2 2 2 2 2 2 2 2 2 2 2 2 2 2 2 2 2 2 2 2 2 2 2 2
left_child=-1 2 5 4 -4 -2 7 9 29 12 -11 -12 -7 14 -14 16 18 -18 19 24 21 22 -20 25 -8 26 -23 -24 -13 -9
right_child=1 -3 3 -5 -6 6 15 8 -10 10 11 28 13 -15 -16 -17 17 -19 20 -21 -22 23 27 -25 -26 -27 -28 -29 -30 -31
leaf_value=0.0030762039484725449 0.0010552357020176318 -0.00085372155616850751 0.033492660308501697 0.00081695483846830905 0.0089845534109394831 0.0036602699843118038 -0.0050266523446237561 -0.0012369993993743391 0.0043475648198247454 0.0066890423134510881 -0.0021375462442814962 0.0086786784885135911 -0.0016070359719591754 0.0045628840642429006 -0.0082627579497350553 -0.0021294188622436039 0.0033294533575947806 -0.0017664122195469867 -0.020204683392122946 0.0024343365267016862 -0.0049571771414955003 0.039566665772765269 0.0013631667534133919 0.011088777619575541 -4.0644686839563793e-05 0.18819944384244966 -0.088998659725445101 -0.03320332958296978 0.0022785618323276527 -0.0046030760801193176
leaf_weight=46270 240197 324294 2192 110825 13532 16311 31998 138141 29235 32173 39229 20156 14184 6361 13639 152511 96579 87270 1005 75204 67992 1049 8909 960 29269 472 40 192 70886 22072
leaf_count=46270 240197 324294 2192 110825 13532 16311 31998 138141 29235 32173 39229 20156 14184 6361 13639 152511 96579 87270 1005 75204 67992 1049 8909 960 29269 472 40 192 70886 22072
internal_value=-1.35546e-05 -4.5814e-05 5.03182e-05 0.000921777 0.00497965 -4.18884e-05 -0.000180313 0.000206393 -0.000454478 0.000794359 0.00119549 0.000715048 -0.000496089 -0.00169377 -0.00269022 -0.000461469 -0.000204146 0.000327715 -0.000654567 1.57543e-05 -0.00178928 0.00145324 -0.000959826 0.0111265 -0.00132127 0.0159833 0.0108815 0.000269201 0.00149601 -0.000877894
internal_weight=1.69315e+06 1.64688e+06 1.32258e+06 126549 15724 1.19603e+06 955837 402387 189448 212939 162444 130271 50495 34184 27823 553450 400939 183849 217090 136471 80619 12627 10106 2521 61267 1561 1089 9101 91042 160213
internal_count=1693147 1646877 1322583 126549 15724 1196034 955837 402387 189448 212939 162444 130271 50495 34184 27823 553450 400939 183849 217090 136471 80619 12627 10106 2521 61267 1561 1089 9101 91042 160213
is_linear=0
shrinkage=0.05


Tree=101
num_leaves=31
num_cat=0
split_feature=9 8 10 18 18 19 21 9 19 4 19 9 19 21 19 18 17 5 18 8 21 19 8 9 2 18 19 19 19 19
split_gain=25.262 28.2194 45.4329 36.9184 72.2407 75.9702 55.2897 85.7018 45.1019 59.4554 45.0572 43.538 40.1457 78.2064 51.0558 39.8078 45.4688 38.7347 37.3493 36.4249 34.659 43.4764 38.62 64.2353 40.3519 32.4549 129.451 58.4472 56.1923 60.9183
threshold=0.00039485338493250316 -3.8724954128265376 0.5111239254474641 -0.22707572579383847 -0.55738157033920277 0.86927726864814769 0.65450850129127514 9.508344373898582e-05 0.83985477685928356 1.7464008124079559e-05 -0.70556074380874623 5.6667309763724922e-05 0.7475065588951112 1.0000000180025095e-35 0.65110388398170482 -0.70556074380874623 0.48035308718681341 -0.0011546122259460387 -0.29862368106842035 -5.9204986095428458 0.65450850129127514 -0.23556562513113019 -9.3860158920288068 9.0755984274437665e-05 0.00022450549295172098 -0.61393940448760975 0.69934985041618358 0.62080430984497081 0.49052239954471594 0.33586180210113531
decision_type=2 2 2 2 2 2 2 2 2 2 2 2 2 2 2 2 2 2 2 2 2 2 2 2 2 2 2 2 2 2
left_child=1 2 -1 4 10 8 18 -8 11 -10 -4 -6 14 19 -12 16 -16 -15 -7 -14 -5 -22 23 -23 -25 26 27 28 29 -3
right_child=-2 25 3 20 5 6 7 -9 9 -11 12 -13 13 17 15 -17 -18 -19 -20 -21 21 22 -24 24 -26 -27 -28 -29 -30 -31
leaf_value=0.024609569610622384 -0.00072708169627603853 -0.0010255003155914099 0.023905318182892099 0.00096102460136742178 0.13816672937812988 -0.0034811413755694632 -0.047308581311418935 0.0084941798020827016 0.089399284520425476 -0.0049166047572100531 0.0011471526527159659 0.014260145335054243 -0.02686695627164868 0.030609495997297231 0.081755882273216687 -0.00060201883896628952 0.012365085135690214 -0.0017599353921969542 0.022865645432502024 -0.0017181217737673783 0.0015555094421644156 0.095823564584310697 -0.0077362136576869748 -0.0037029479062725026 0.042888069998790371 0.0002954911065866206 -0.0084341111624571148 0.0055738516539488251 -0.0045611265861645106 0.0041858514702226013
leaf_weight=2188 339964 172922 1434 130601 60 1977 483 539 1297 417 66901 5125 1905 633 473 2053 3937 3127 1449 921 14940 333 19978 2615 206 815899 18293 20521 30217 31739
leaf_count=2188 339964 172922 1434 130601 60 1977 483 539 1297 417 66901 5125 1905 633 473 2053 3937 3127 1449 921 14940 333 19978 2615 206 815899 18293 20521 30217 31739
internal_value=-1.20781e-05 8.47262e-05 0.000548954 0.000488898 0.00129029 0.00502776 -6.7446e-05 -0.010274 0.0083128 0.0153442 0.000769193 0.00598843 0.000611632 -0.00312785 0.000947331 0.00519109 0.00786848 0.00159574 0.00297723 -0.0094126 4.83183e-05 -0.00127916 -0.00263704 0.00250476 5.31726e-05 -2.75792e-05 -0.000498736 -0.000207714 -0.000431288 -0.000134124
internal_weight=1.69315e+06 1.35318e+06 263592 261404 92731 11347 4448 1022 6899 1714 81384 5185 79950 6586 73364 6463 4410 3760 3426 2826 168673 38072 23132 3154 2821 1.08959e+06 273692 255399 234878 204661
internal_count=1693147 1353183 263592 261404 92731 11347 4448 1022 6899 1714 81384 5185 79950 6586 73364 6463 4410 3760 3426 2826 168673 38072 23132 3154 2821 1089591 273692 255399 234878 204661
is_linear=0
shrinkage=0.05


Tree=102
num_leaves=31
num_cat=0
split_feature=10 5 19 19 21 7 8 2 7 10 15 19 18 18 19 6 5 20 8 4 8 20 5 19 7 10 20 7 19 18
split_gain=24.5813 28.1941 40.4841 26.9718 34.3268 29.7972 25.743 22.9868 26.1776 27.2048 32.4299 30.8743 24.9967 23.3442 24.2522 22.0191 27.5525 34.7778 27.2676 24.3849 25.1005 24.1549 23.9798 22.5133 32.4553 29.8135 21.9688 22.8384 21.4413 22.7994
threshold=0.7302805781364442 -0.0064223564695566884 0.95819556713104259 -0.99674141407012928 0.65450850129127514 -0.28583604097366327 4.0743191242218026 -0.00014750257105333728 3.8736450672149663 1.5531435608863833 0.46885529160499578 0.97581917047500621 0.32350382208824163 0.99980485439300548 1.0000000180025095e-35 0.072561975568532958 -0.0014651119126938281 1.0000000180025095e-35 -6.2417395114898673 -0.0033838119124993678 -1.1088169217109678 1.0000000180025095e-35 -0.0018232088186778126 -0.063225833699107156 -0.90022048354148854 0.9761578142642976 0.76942089200019848 -2.1229797601699825 0.29862368106842047 -0.83747833967208851
decision_type=2 2 2 2 2 2 2 2 2 2 2 2 2 2 2 2 2 2 2 2 2 2 2 2 2 2 2 2 2 2
left_child=1 2 28 4 5 -3 -4 13 9 15 12 -12 -11 -2 -15 -9 17 -17 21 -19 22 -18 26 24 -22 -25 -21 -28 -1 -30
right_child=7 3 6 -5 -6 -7 -8 8 -10 10 11 -13 -14 14 -16 16 18 19 -20 20 23 -23 -24 25 -26 -27 27 -29 29 -31
leaf_value=-0.0091760129095440953 0.00036670774891053306 0.05575870373010218 0.13284436862137536 0.0016874720122355136 -0.015944165566110471 0.02305544615401818 -0.054151878956462299 0.00016647076401532512 0.0014461756159704243 -0.0038062891807164045 0.00099650773128726619 -0.0089980733956121946 -0.011491839700257633 -0.00016050082252264675 0.019272994047156447 -0.0007473683742134585 0.00065205192367810423 0.014309313688303051 -0.00079466647749909525 -0.016292587182591484 0.02410501263605392 0.012200269404942088 -0.0028358273481047802 0.042279100417881584 -0.0079064660501376952 -0.0099407717138258137 0.034654837362056497 -0.0081649827614708632 -0.054057854712375224 -0.015975831767155391
leaf_weight=1001 522046 274 72 124851 196 435 29 337279 82761 5580 10152 2173 2595 1677 1843 20380 5952 275 555061 3962 138 3959 3497 462 1827 261 118 3943 85 263
leaf_count=1001 522046 274 72 124851 196 435 29 337279 82761 5580 10152 2173 2595 1677 1843 20380 5952 275 555061 3962 138 3959 3497 462 1827 261 118 3943 85 263
internal_value=-1.2019e-05 0.000656416 -0.00627586 0.000736347 0.00933702 0.014457 0.0242574 -6.6318e-05 -0.000202475 -0.000276207 -0.00207805 -0.000458418 -0.00451988 0.000203209 0.00426136 -0.000236791 -0.000418532 -0.00178269 -0.000334353 -0.00365601 -0.00394144 0.00226516 -0.0049566 0.000409226 -0.00236641 0.00795297 -0.00646267 -0.00387836 -0.0085619 -0.0192529
internal_weight=1.69315e+06 127206 1450 125756 905 709 101 1.56594e+06 1.04038e+06 957614 20500 12325 8175 525566 3520 937114 599835 34863 564972 14483 14208 9911 11520 2688 1965 723 8023 4061 1349 348
internal_count=1693147 127206 1450 125756 905 709 101 1565941 1040375 957614 20500 12325 8175 525566 3520 937114 599835 34863 564972 14483 14208 9911 11520 2688 1965 723 8023 4061 1349 348
is_linear=0
shrinkage=0.05


Tree=103
num_leaves=31
num_cat=0
split_feature=13 9 8 9 20 4 10 19 7 10 8 8 9 19 20 19 19 8 15 4 19 19 7 9 2 10 10 9 20 10
split_gain=24.0378 23.2255 26.2071 32.1266 32.556 37.9061 38.1884 35.9753 34.7754 45.6304 31.8905 31.4793 30.9258 32.2434 29.7579 81.0719 68.9297 62.382 37.1022 30.0924 29.6342 51.1274 40.9739 33.479 36.4086 29.0405 29.0026 32.3558 31.8478 28.7286
threshold=1.1254198551177981 0.00058903728495351981 -9.3860158920288068 4.8490544941159903e-05 -1.0000000180025095e-35 0.0026493706973269586 1.211769759654999 -0.99771150946617115 -1.2134120464324949 1.5913242697715761 6.4417459964752206 12.16558885574341 0.00015271192387444901 0.23556562513113025 -0.76942089200019825 0.66098293662071239 0.19722913205623629 -3.5516924858093257 0.41363164782524114 0.00040743393765296792 0.99799686670303356 0.98664098978042614 -4.352768898010253 4.8490544941159903e-05 -0.00010482026118552311 1.4403525590896609 1.0669687390327456 0.00042668255628086632 1.0000000180025095e-35 1.2556776404380801
decision_type=2 2 2 2 2 2 2 2 2 2 2 2 2 2 2 2 2 2 2 2 2 2 2 2 2 2 2 2 2 2
left_child=1 2 20 -4 5 8 -7 -6 9 10 -5 -12 14 -14 15 16 19 18 -18 -10 21 23 -22 24 -1 -19 27 28 -9 -25
right_child=-2 -3 3 4 7 6 -8 26 12 -11 11 -13 13 -15 -16 -17 17 25 -20 -21 22 -23 -24 29 -26 -27 -28 -29 -30 -31
leaf_value=0.06765166984891309 0.0056941364726819325 -0.0011648747150127426 0.012050688310497382 0.001892089382727391 0.00449296013899525 0.011901253467202855 -0.0061970735793302036 -0.0010462625291983052 0.0035186147060271458 -0.0088940251129963899 0.02233137456801201 -0.031990529498950565 0.00021088829935888011 -0.0017875521296596255 -7.1979402370214726e-05 0.014018677276023307 -0.029236984466260354 -0.0084101768225764099 0.019151710503935285 0.0201816983127205 0.020327628175800361 0.033300920453866546 -0.034406155046601584 0.0029457336288449378 -0.042813681235457014 0.044451404397508748 -0.0012763778322591624 -0.002335938756840844 0.00069590290188192849 0.027482438781001518
leaf_weight=102 10273 125209 5904 154161 21441 7173 1753 190466 8867 2374 834 64 223378 101950 48614 14698 211 12935 1429 3753 279 1171 466 33351 434 39 280246 51682 389015 875
leaf_count=102 10273 125209 5904 154161 21441 7173 1753 190466 8867 2374 834 64 223378 101950 48614 14698 211 12935 1429 3753 279 1171 466 33351 434 39 280246 51682 389015 875
internal_value=-1.17828e-05 -2.65023e-05 2.6161e-05 -5.6871e-06 -2.00319e-05 0.000273344 0.00350661 -0.000203141 0.000223004 0.00085592 0.000961247 0.0103563 -1.65916e-05 -0.000244061 0.000800698 0.00177669 0.000161563 -0.002176 0.0070122 0.00286846 0.00134686 0.0015515 -0.00852349 0.00120534 -0.011194 -0.00333744 -0.000250766 -6.28205e-05 4.40912e-05 0.00139952
internal_weight=1.69315e+06 1.68287e+06 1.55766e+06 1.52099e+06 1.51508e+06 582233 8926 932850 573307 157433 155059 898 415874 325328 90546 41932 27234 14614 1640 12620 36678 35933 745 34762 536 12974 911409 631163 579481 34226
internal_count=1693147 1682874 1557665 1520987 1515083 582233 8926 932850 573307 157433 155059 898 415874 325328 90546 41932 27234 14614 1640 12620 36678 35933 745 34762 536 12974 911409 631163 579481 34226
is_linear=0
shrinkage=0.05


Tree=104
num_leaves=31
num_cat=0
split_feature=11 10 6 10 20 7 7 21 9 9 18 17 20 2 4 10 4 9 8 18 18 7 18 18 7 8 9 18 9 8
split_gain=22.7013 21.7631 20.9611 21.1524 25.065 28.5179 20.0834 26.0409 32.2725 46.4668 30.9613 23.1258 24.6809 22.7181 22.8924 22.4716 20.5742 19.9329 32.5842 41.9132 36.4445 25.5202 35.491 32.4774 25.2618 24.9566 23.826 22.9604 21.7309 22.9757
threshold=3.2541915178298955 1.9385754466056826 4.1726610660552987 0.64857220649719249 0.76942089200019848 -5.1402227878570548 -0.33398321270942682 1.0000000180025095e-35 0.0003035143308807165 0.00014902656403137374 0.98734235763549816 0.85941162705421459 -1.0000000180025095e-35 0.00011783143781940454 0.00031996614416129893 0.55844441056251537 0.0016783093451522293 6.6695167333818986e-05 5.4057247638702401 0.98120620846748363 0.68993380665779125 -2.533822655677795 -0.11970336735248564 -0.38066601753234858 -1.3723292350769041 3.0858879089355473 5.6667309763724922e-05 -0.089328680187463746 4.8490544941159903e-05 10.0774302482605
decision_type=2 2 2 2 2 2 2 2 2 2 2 2 2 2 2 2 2 2 2 2 2 2 2 2 2 2 2 2 2 2
left_child=1 2 3 4 6 -6 7 10 9 13 -1 12 -10 14 -9 -11 -14 18 19 21 28 22 23 25 -22 -5 -21 -24 -20 -30
right_child=-2 -3 -4 17 5 -7 -8 8 11 15 -12 -13 16 -15 -16 -17 -18 -19 20 26 24 -23 27 -25 -26 -27 -28 -29 29 -31
leaf_value=0.0022417457560510944 0.0082450106077118553 -0.004577065675000813 0.0087948448922210761 0.033574395449548898 0.034562949062216131 -0.0040897418686383523 0.0018772084556863524 0.0073385826572226927 -0.02036224823249945 0.06382757367105861 0.11510005490828212 -0.031677173717971067 0.034986447584566531 0.046926162376381253 0.09991665502844857 0.028902911719045379 -0.015247250334408081 -0.00014106810551521299 0.066917514231879582 0.089188125186388356 -0.058427961938248868 -0.0029737757657043009 0.10860737575054012 -0.0243486851330353 -0.013912761057685309 -0.097227221204270547 0.01808261943517071 0.025106627302677476 0.025711278461697542 -0.0098117607941847883
leaf_weight=7615 6846 6457 5706 755 262 10825 20457 3881 231 268 119 297 252 316 146 1168 41 1610082 700 195 39 11150 114 647 501 23 483 1220 1699 652
leaf_count=7615 6846 6457 5706 755 262 10825 20457 3881 231 268 119 297 252 316 146 1168 41 1610082 700 195 39 11150 114 647 501 23 483 1220 1699 652
internal_value=-1.04244e-05 -2.20898e-05 -1.09534e-05 -2.12647e-05 0.00103753 -0.00103274 0.00169728 0.00313241 0.00543939 0.00675722 0.00116369 -0.00383678 0.00248092 0.00417914 0.00316613 0.0145543 0.012116 -5.10975e-05 0.00159534 0.000545006 0.00586188 -4.67323e-05 0.00425879 -0.00122807 -0.00611111 0.00565553 0.0126844 0.0101199 0.00798099 0.00567843
internal_weight=1.69315e+06 1.6863e+06 1.67984e+06 1.67414e+06 45878 11087 34791 14334 6600 5779 7734 821 524 4343 4027 1436 293 1.62826e+06 18178 14587 3591 13909 2759 1425 540 778 678 1334 3051 2351
internal_count=1693147 1686301 1679844 1674138 45878 11087 34791 14334 6600 5779 7734 821 524 4343 4027 1436 293 1628260 18178 14587 3591 13909 2759 1425 540 778 678 1334 3051 2351
is_linear=0
shrinkage=0.05


Tree=105
num_leaves=31
num_cat=0
split_feature=12 13 0 13 12 18 21 19 4 19 19 7 19 19 19 4 19 8 5 4 16 20 5 8 5 7 21 18 19 18
split_gain=22.3917 22.232 19.9633 21.2172 23.4295 19.0998 24.4419 25.8622 19.7619 29.371 21.5556 20.9125 19.6633 45.7506 20.28 26.828 25.9794 25.0266 23.5363 26.249 20.5371 19.9603 23.1787 19.1012 26.3646 21.9094 23.7888 26.2759 49.4246 26.5912
threshold=-1.8558835983276365 1.3106148242950442 0.00032223039306700235 0.16486780345439914 -0.44245547056198115 0.94622433185577404 0.65450850129127514 -0.27353890240192408 0.0008417996286880226 -0.18437977880239484 -0.01963364519178867 -2.5779066085815425 -0.2100446820259094 -0.27353890240192408 -0.14133286476135251 0.003317866008728743 -0.089328680187463746 -9.3860158920288068 -0.0010579756926745174 -0.0010473548318259416 0.48010686039924627 -0.76942089200019825 0.0039917323738336572 -3.2359243631362911 -0.0011546122259460387 -1.0295262336730955 1.0000000180025095e-35 -0.49052239954471583 0.79994463920593273 -0.68039956688880909
decision_type=2 2 2 2 2 2 2 2 2 2 2 2 2 2 2 2 2 2 2 2 2 2 2 2 2 2 2 2 2 2
left_child=-1 2 3 5 -5 23 12 -8 10 -10 -9 -12 13 -7 15 -14 17 -16 -18 -20 -21 22 -15 24 25 26 -2 28 29 -28
right_child=1 -3 -4 4 -6 6 7 8 9 -11 11 -13 14 21 16 -17 18 -19 19 20 -22 -23 -24 -25 -26 -27 27 -29 -30 -31
leaf_value=0.0040626597820178521 0.0019080273790116121 0.0069607638100394947 -0.0012653935680516982 0.001717352056940058 0.00012917653489208649 -0.0014967903100369219 0.011135295679546698 -0.0093799491518115063 -0.014168601080629362 0.012462057961569201 0.014496915509227515 -0.003881412211664448 -0.0047426378900319649 0.024388894293009656 0.084112415429897572 0.13569229316404377 -0.0044773156625648736 0.0094938320343147704 0.017668649068315601 0.010434100114547852 0.00082860382330359199 0.0091727445372155724 -0.048121783914386998 -0.00084363756062084136 0.0016505873072727884 -0.0052799554784873862 -0.00078287720582608249 -0.0032072154144223044 0.064271081382738252 0.010979730691479485
leaf_weight=19129 32775 4909 110975 134921 589170 5703 1417 6150 377 1708 1451 7979 7832 1689 72 51 6030 5748 1179 3901 38880 5351 22 552650 93933 9721 15756 30291 191 3186
leaf_count=19129 32775 4909 110975 134921 589170 5703 1417 6150 377 1708 1451 7979 7832 1689 72 51 6030 5748 1179 3901 38880 5351 22 552650 93933 9721 15756 30291 191 3186
internal_value=-9.83376e-06 -2.92709e-05 -3.91526e-05 6.99555e-06 0.000205016 -0.00016492 0.000500314 -0.00110051 -0.00162185 0.00294964 -0.00223363 -0.000731707 0.00089984 0.00269095 0.000540876 -0.00183306 0.000876187 0.0040378 0.000508102 0.000909918 0.00070709 0.00538091 0.0100818 -0.000250981 0.000187514 -0.000414491 -0.000149029 -0.000841696 0.000608896 0.000353711
internal_weight=1.69315e+06 1.67402e+06 1.66911e+06 1.55813e+06 724091 834043 95540 19082 17665 2085 15580 9430 76458 12765 63693 7883 55810 5820 49990 43960 42781 7062 1711 738503 185853 91920 82199 49424 19133 18942
internal_count=1693147 1674018 1669109 1558134 724091 834043 95540 19082 17665 2085 15580 9430 76458 12765 63693 7883 55810 5820 49990 43960 42781 7062 1711 738503 185853 91920 82199 49424 19133 18942
is_linear=0
shrinkage=0.05


Tree=106
num_leaves=31
num_cat=0
split_feature=13 9 7 8 8 9 2 4 19 20 4 10 10 5 7 5 19 21 19 19 9 7 9 7 9 9 7 19 8 10
split_gain=20.6309 19.5393 23.0114 27.6248 22.9366 23.6966 29.1673 26.5877 23.8042 22.7784 35.1137 34.6143 31.9575 29.5851 28.5582 36.2798 34.7 29.4326 33.0716 56.1276 40.3811 41.9904 39.2701 35.7581 33.5025 33.0439 31.6183 30.5038 29.0018 51.6121
threshold=1.1254198551177981 0.00058903728495351981 -5.4702172279357901 -1.9801384806632993 -8.759358882904051 0.00010846300574485214 -9.0931021986762048e-05 -0.00061772466870024789 0.98664098978042614 -1.0000000180025095e-35 0.0026493706973269586 1.211769759654999 1.0598984360694887 -0.0035307975485920902 -2.5779066085815425 -0.0017754690488800404 -0.99851059913635243 1.0000000180025095e-35 0.94762688875198375 0.98868870735168468 8.8437478552805273e-05 5.8234112262725839 8.5867995949229239e-05 2.7328952550888066 0.00042264873627573257 5.6667309763724922e-05 1.7672216296195986 0.87777194380760204 2.5768235921859746 0.72079914808273327
decision_type=2 2 2 2 2 2 2 2 2 2 2 2 2 2 2 2 2 2 2 2 2 2 2 2 2 2 2 2 2 2
left_child=1 2 3 4 5 6 -1 -8 -9 10 -4 -12 13 -11 -15 -16 -17 18 22 20 -20 -22 23 -18 27 -21 -27 -24 -29 -30
right_child=-2 -3 9 -5 -6 -7 7 8 -10 12 11 -13 -14 14 15 16 17 -19 19 25 21 -23 24 -25 -26 26 -28 28 29 -31
leaf_value=0.053247900826822341 0.0051486972778914458 -0.0010632817757985191 0.00044250584806478923 0.046238100236142478 -0.0013857273461780339 0.0059744796422595671 0.040737925708566838 -0.037334856360693079 0.11812282704599149 -0.0050757528822822978 0.011275499767988112 -0.0058745277996585799 -0.0010849337113610191 0.0023463468869097783 -0.0038047218322260438 0.0087365804835156779 -0.015090513837582654 -0.00055026880596460443 0.054713540248893078 0.037695883140295684 0.012681118034324635 -0.08629261080431197 0.0019846203455619995 0.017512414489952211 -0.0035704219235499824 0.0036025270524305598 -0.012590811897037764 -0.00038426769892054848 0.030428231824625087 -0.022082322832829918
leaf_weight=829 10273 125209 583975 304 5363 4977 136 124 21 9118 7186 1753 300484 69062 24108 8338 4910 364238 1383 624 5129 49 137098 880 13309 5473 2606 3974 316 1898
leaf_count=829 10273 125209 583975 304 5363 4977 136 124 21 9118 7186 1753 300484 69062 24108 8338 4910 364238 1383 624 5129 49 137098 880 13309 5473 2606 3974 316 1898
internal_value=-9.59751e-06 -2.32341e-05 2.50696e-05 0.00222903 0.00183406 0.00393461 0.0105405 -0.00338078 -0.0182759 8.31225e-06 0.000251639 0.00336167 -0.000143075 5.34089e-05 9.34884e-05 -2.20255e-05 6.11568e-05 1.19029e-05 0.000539547 0.00276468 0.00625667 0.00422943 0.000330388 -0.0037133 0.0004799 0.000132138 -0.0007241 0.00070279 -0.00273109 -0.00731707
internal_weight=1.69315e+06 1.68287e+06 1.55766e+06 11754 11450 6087 1110 281 145 1.54591e+06 592914 8939 952997 652513 643395 574333 550225 541887 177649 15264 6561 5178 162385 5790 156595 8703 8079 143286 6188 2214
internal_count=1693147 1682874 1557665 11754 11450 6087 1110 281 145 1545911 592914 8939 952997 652513 643395 574333 550225 541887 177649 15264 6561 5178 162385 5790 156595 8703 8079 143286 6188 2214
is_linear=0
shrinkage=0.05


Tree=107
num_leaves=31
num_cat=0
split_feature=16 10 5 18 18 15 18 13 8 8 18 10 18 8 18 6 15 5 5 5 10 6 21 18 7 3 15 18 5 10
split_gain=20.5493 20.9475 19.232 19.678 35.9145 20.6815 24.215 18.4394 20.6556 34.0419 37.5131 38.5626 29.4386 28.5267 24.7689 29.5126 27.9956 23.8622 23.4638 22.6085 22.5976 24.6097 22.6038 27.98 31.5912 34.6329 32.8598 26.9336 25.2293 27.6047
threshold=2.6262013912200932 1.9385754466056826 -0.0054270699620246879 -0.8959035575389861 -0.77576932311058033 0.27814008295536047 -0.19294966012239453 0.30484120547771459 -3.2359243631362911 1.608919143676758 0.19722913205623629 0.80013251304626476 -0.99428912997245777 9.458656311035158 0.27353890240192419 1.0084752440452578 0.62700736522674572 -0.0023061680840328331 -0.0017334934091195462 0.0018240851932205262 0.5111239254474641 3.3001567125320439 0.65450850129127514 -0.98285266757011402 -0.54961737990379322 -0.0018706224509514866 0.55346170067787182 -0.4752392172813415 0.0012213279260322454 0.77156037092208873
decision_type=2 2 2 2 2 2 2 2 2 2 2 2 2 2 2 2 2 2 2 2 2 2 2 2 2 2 2 2 2 2
left_child=1 7 -3 -4 -5 6 -6 8 20 -10 12 18 19 14 15 -13 17 -16 -12 -11 21 -1 23 24 25 -22 -26 -24 29 -29
right_child=-2 2 3 4 5 -7 -8 -9 9 10 11 13 -14 -15 16 -17 -18 -19 -20 -21 22 -23 27 -25 26 -27 -28 28 -30 -31
leaf_value=0.021846331109993636 0.004842558909563666 -0.012795000375903798 0.0096296408822748938 -0.0443954528972971 0.033254479110433749 -0.0058457929275387652 -0.0050708505578159315 0.0005629999032589428 -0.0010698412184161233 0.0055081769134544883 0.045714904534200886 0.011674144597032332 -0.00097207820641755929 -0.005108802387411915 0.027393665516182854 -0.00063244264040014382 0.0023613523329510389 -0.00045817183729324196 0.0055547615864520727 -0.0028898228550369889 0.0094302482699643482 -0.079458270376398993 0.0014297700897125121 0.0011903392591230688 0.021227370975022086 -0.0060371518541063596 -0.0027438278064872094 -0.011758272147890504 0.027236209844663701 -0.0019654360668967699
leaf_weight=1898 12733 622 634 56 328 4376 257 429139 458651 13293 281 5757 242475 11333 193 4453 62079 106235 31206 3828 832 38 21352 222532 1513 12401 2128 5266 430 36828
leaf_count=1898 12733 622 634 56 328 4376 257 429139 458651 13293 281 5757 242475 11333 193 4453 62079 106235 31206 3828 832 38 21352 222532 1513 12401 2128 5266 430 36828
internal_value=-1.01881e-05 -2.53509e-05 -0.00290929 -0.0019908 -0.00303967 -0.0025902 0.00623932 -1.45448e-05 -0.000111968 -0.000228031 6.57822e-05 0.000543702 -0.00034207 0.000275191 0.00042945 0.00282076 0.000284558 -0.000207652 0.00216439 0.0016617 0.000245398 0.00563017 0.000211025 0.000433991 -0.00152898 -0.0026638 0.00259544 -0.000624648 -0.00135218 -0.00147527
internal_weight=1.69315e+06 1.68041e+06 6273 5651 5017 4961 585 1.67414e+06 1.245e+06 939784 481133 221537 259596 190050 178717 10210 168507 106428 31487 17121 305218 1936 303282 239406 16874 13233 3641 63876 42524 42094
internal_count=1693147 1680414 6273 5651 5017 4961 585 1674141 1245002 939784 481133 221537 259596 190050 178717 10210 168507 106428 31487 17121 305218 1936 303282 239406 16874 13233 3641 63876 42524 42094
is_linear=0
shrinkage=0.05


Tree=108
num_leaves=31
num_cat=0
split_feature=12 10 19 5 19 18 6 18 9 19 3 8 9 19 19 18 10 20 18 8 8 19 5 9 8 5 10 5 7 10
split_gain=19.974 21.8929 22.8286 47.5743 31.5505 30.2197 25.457 27.3684 23.8222 20.894 42.9354 32.8512 39.5529 30.6192 81.5418 123.968 83.2262 36.2553 35.027 42.1366 34.9554 59.6926 35.4541 32.6981 31.637 62.4499 27.1567 26.9223 26.3547 26.2533
threshold=-1.8558835983276365 1.9385754466056826 0.40872775018215185 -0.0054270699620246879 0.15858851373195651 -0.78396254777908314 -0.77336952090263356 0.6411133110523225 0.00028404031763784593 0.99959546327590953 0.00032389878469984984 5.2448186874389657 0.00053318636491894733 0.98664098978042614 0.95819556713104259 0.19722913205623629 0.85687831044197094 -1.0000000180025095e-35 -0.23980389535427091 -0.3018196821212768 -10.891653537750242 0.99674141407012951 -0.0005939876427873968 0.00047773646656423813 8.9604048728942889 0.0035241066943854098 0.55844441056251537 -0.0040254744235426179 -3.8974733352661128 1.0134850144386294
decision_type=2 2 2 2 2 2 2 2 2 2 2 2 2 2 2 2 2 2 2 2 2 2 2 2 2 2 2 2 2 2
left_child=-1 9 3 4 -3 -4 7 8 -7 13 27 -12 -13 14 -2 18 -17 28 19 -16 21 22 -15 26 -22 -26 -21 -11 -18 -19
right_child=1 2 5 -5 -6 6 -8 -9 -10 10 11 12 -14 20 15 16 17 29 -20 23 24 -23 -24 -25 25 -27 -28 -29 -30 -31
leaf_value=0.0037953801479606365 -0.00011826279362125991 -0.016583938968209155 -0.042760004367933771 0.0039890542650094177 0.030083675817888178 -0.020013416048685635 -0.0118833869705256 -0.031689338283707867 0.007961978969758721 0.048280621505851551 -0.01434487720968074 0.014695590905018641 -0.042328429875698077 0.078218284672916902 0.019414673180450284 0.045374506992279399 0.023049765778114885 0.031694381867863719 -0.0014433868120374282 -0.05546162510576047 -0.0030575556946407234 -0.023745938756813814 0.015400890421481251 0.049473849117932414 0.015059657179072644 -0.020130389194454104 -0.0024143088508946312 0.0082040834841257248 0.0002723703597534155 0.0088048164551678965
leaf_weight=19129 1515009 477 55 2857 24 182 2178 56 667 85 1888 1170 60 337 3034 4106 311 3627 30504 63 69768 260 179 151 3892 551 3139 12280 8049 9059
leaf_count=19129 1515009 477 55 2857 24 182 2178 56 667 85 1888 1170 60 337 3034 4106 311 3627 30504 63 69768 260 179 151 3892 551 3139 12280 8049 9059
internal_value=-9.47939e-06 -2.78372e-05 -0.00292488 -5.95593e-05 -0.0142715 -0.00599108 -0.00533571 0.00171271 0.00394582 -1.65515e-05 0.00181166 -0.00343169 0.00292683 -3.36856e-05 1.32526e-05 0.00178989 0.00449666 0.00322627 -5.55691e-05 0.00331141 -0.00102084 0.00953608 0.0193798 -0.000551745 -0.00113123 0.00295971 -0.00162399 0.00313385 0.000669856 0.00491093
internal_weight=1.69315e+06 1.67402e+06 6496 3358 501 3138 3083 905 849 1.66752e+06 15483 3118 1230 1.65204e+06 1.57705e+06 62043 25152 21046 36891 6387 74987 776 516 3353 74211 4443 3202 12365 8360 12686
internal_count=1693147 1674018 6496 3358 501 3138 3083 905 849 1667522 15483 3118 1230 1652039 1577052 62043 25152 21046 36891 6387 74987 776 516 3353 74211 4443 3202 12365 8360 12686
is_linear=0
shrinkage=0.05


Tree=109
num_leaves=31
num_cat=0
split_feature=12 13 6 19 3 19 19 18 8 19 18 18 18 18 18 5 20 4 16 21 7 21 8 7 20 4 19 8 8 7
split_gain=18.8221 24.7686 20.5034 20.7745 37.4483 30.2942 107.542 47.1485 34.9689 33.7061 83.2171 55.5882 92.3441 105.413 99.1798 57.3029 64.4918 53.3961 51.4109 46.5022 45.7584 43.3972 41.0102 45.9487 39.6734 36.3717 33.8092 37.5405 34.9474 33.5128
threshold=-0.76117584109306324 0.12070681527256967 3.3001567125320439 0.99959546327590953 0.00032389878469984984 0.97768935561180126 0.95819556713104259 0.21004468202590945 0.94671541452407848 0.47907376289367681 -0.8153785467147826 -0.71477618813514698 -0.57892408967018116 -0.49052239954471583 -0.31523424386978144 -0.0010350038646720348 -0.76942089200019825 -0.00071512392605654884 0.52498939633369457 0.65450850129127514 0.74101579189300548 0.65450850129127514 -2.9364491701126094 -1.0548879504203794 -0.76942089200019825 0.003317866008728743 0.66098293662071239 -6.4821996688842765 9.458656311035158 -1.7900357842445371
decision_type=2 2 2 2 2 2 2 2 2 2 2 2 2 2 2 2 2 2 2 2 2 2 2 2 2 2 2 2 2 2
left_child=1 -1 3 5 -5 6 9 8 -8 -2 18 19 24 15 17 -14 -17 -15 -11 22 21 26 23 -12 -13 -24 27 -16 -28 -21
right_child=2 -3 -4 4 -6 -7 7 -9 -10 10 11 12 13 14 20 16 -18 -19 -20 29 -22 -23 25 -25 -26 -27 28 -29 -30 -31
leaf_value=5.0725424713404799e-05 2.9839794793340425e-05 0.0025096675463230247 0.0035328814287480474 0.0091294058544492736 -0.0064240666614020616 -0.00226135308531058 0.0058543742142597001 0.012742915598882866 -0.0053654147273804248 -0.013472665674397734 0.0026959714649251731 0.00089684354790402492 0.045771947550960639 0.0066560197190830787 0.005456184578558055 0.059709038980167155 0.0041541045033860026 -0.010863031599950036 -0.0040388224238595899 0.031360184285415225 0.001475912932700274 -0.0051737257908257344 -0.0015499078085989826 0.019334740983674426 -0.0085576929630934769 0.070051511562689336 0.00032397377718024201 -0.0057290515821569301 0.051270052370891661 0.0083420152076033038
leaf_weight=149433 997030 79995 26122 10258 2505 87266 7192 17801 5470 4105 6055 5541 1096 1859 4140 2389 10253 11909 23454 1241 76118 23129 20353 2796 23327 173 64794 21773 154 5416
leaf_count=149433 997030 79995 26122 10258 2505 87266 7192 17801 5470 4105 6055 5541 1096 1859 4140 2389 10253 11909 23454 1241 76118 23129 20353 2796 23327 173 64794 21773 154 5416
internal_value=-9.18408e-06 0.000411894 -7.51852e-05 -0.000100411 0.00190786 -0.0001184 -5.9511e-05 0.00287726 0.000544938 -0.000127955 -0.000583246 -0.000327415 -0.000595581 -0.000243091 -0.000528753 0.00399621 0.0030454 -0.00462667 -0.00320585 0.00150691 -0.000231973 -0.000865865 0.000651871 0.00349678 -0.00325274 -0.000574881 -0.000373648 -0.00190059 0.000235573 0.00528016
internal_weight=1.69315e+06 229428 1.46372e+06 1.4376e+06 12763 1.42483e+06 1.33757e+06 30463 12662 1.3071e+06 310075 282516 246482 217614 203876 13738 12642 13768 27559 36034 190108 113990 29377 8851 28868 20526 90861 25913 64948 6657
internal_count=1693147 229428 1463719 1437597 12763 1424834 1337568 30463 12662 1307105 310075 282516 246482 217614 203876 13738 12642 13768 27559 36034 190108 113990 29377 8851 28868 20526 90861 25913 64948 6657
is_linear=0
shrinkage=0.05


Tree=110
num_leaves=31
num_cat=0
split_feature=11 9 18 18 19 18 21 9 8 18 19 18 10 18 18 8 9 21 19 9 21 8 10 18 19 18 18 18 4 9
split_gain=18.2931 18.3456 31.1812 21.6952 23.7346 96.8798 52.4209 51.7229 55.1705 46.6427 122.417 94.7938 53.7453 53.5335 105.164 67.1258 61.5967 84.7022 51.5404 49.4479 45.6932 44.879 43.6886 43.5278 41.7459 43.8972 58.8803 49.6154 44.5076 41.5531
threshold=3.2541915178298955 0.00058903728495351981 -0.99851059913635243 -0.99959546327590931 -0.2185685262084007 0.96304282546043407 0.65450850129127514 0.00019269169570179659 -3.9350563287734981 0.067579798400402083 -0.6867687702178954 0.77851521968841564 1.1472599506378176 -0.20577672123908994 -0.12836257368326184 -2.3176670074462886 0.00037740665720775729 0.65450850129127514 -0.80773079395294178 0.00026947888545691972 0.65450850129127514 -10.28252601623535 1.5241824388504031 -0.67074871063232411 0.78396254777908336 -0.87142586708068837 -0.94190874695777882 0.98995971679687511 0.0026493706973269586 0.00033466453896835452
decision_type=2 2 2 2 2 2 2 2 2 2 2 2 2 2 2 2 2 2 2 2 2 2 2 2 2 2 2 2 2 2
left_child=1 3 -3 -1 5 9 -7 22 -9 10 13 12 -11 15 29 -5 17 -17 20 -19 -18 -13 -6 -21 25 26 -10 28 -27 -15
right_child=-2 2 -4 4 7 6 -8 8 24 11 -12 21 -14 14 -16 16 18 19 -20 23 -22 -23 -24 -25 -26 27 -28 -29 -30 -31
leaf_value=0.0040416863823320437 0.0074821468872218301 -0.010528221907795433 -0.0008949261256517183 0.0097818719076985926 0.00058184013430847561 0.015061962574593579 -0.0047357244311314719 0.0010145991038244706 -0.001864318532126541 -0.0011937737532387806 -0.0012150423013365887 0.041868566913874139 -0.004803120551078211 -0.002577183513610604 0.0035786127837131201 0.012341177602828046 -0.0033944091454189088 -0.010477341932515727 0.0055848186090106111 -0.019299703729532026 0.0057209420033698891 0.0019207316718681923 -0.0079356177293552262 0.010236472909929474 -8.5415312499081972e-05 -0.0045754916194738204 0.0045996631550385692 -0.00035515548148671309 0.011691899474886991 -0.010703844390093142
leaf_weight=15155 6846 1335 123728 27299 468814 11547 2834 83662 71177 195636 126970 404 31177 12137 52113 26201 28469 4215 17863 507 6978 109700 5650 4728 103119 97688 15755 33154 1658 6628
leaf_count=15155 6846 1335 123728 27299 468814 11547 2834 83662 71177 195636 126970 404 31177 12137 52113 26201 28469 4215 17863 507 6978 109700 5650 4728 103119 97688 15755 33154 1658 6628
internal_value=-8.5344e-06 -1.90061e-05 -0.000601697 2.76703e-05 9.21684e-06 0.000234594 0.00429386 -0.000161069 -0.000575191 0.000144925 0.000583239 -0.000263715 -0.000848055 0.0013963 0.000313214 0.0020566 0.00139106 0.00299992 0.000315138 -0.0010582 -0.000788501 0.00094002 0.000193481 0.0021872 -0.000871955 -0.00126189 -0.00038881 -0.00183472 -0.00239365 -0.00289635
internal_weight=1.69315e+06 1.6863e+06 125063 1.56124e+06 1.54608e+06 665406 14381 880677 406213 651025 314108 336917 226813 187138 70878 116260 88961 35651 53310 9450 35447 110104 474464 5235 322551 219432 86932 132500 99346 18765
internal_count=1693147 1686301 125063 1561238 1546083 665406 14381 880677 406213 651025 314108 336917 226813 187138 70878 116260 88961 35651 53310 9450 35447 110104 474464 5235 322551 219432 86932 132500 99346 18765
is_linear=0
shrinkage=0.05


Tree=111
num_leaves=31
num_cat=0
split_feature=13 0 11 15 7 9 7 18 12 20 18 18 19 8 19 15 9 8 7 18 19 17 6 19 17 9 18 6 8 6
split_gain=18.2429 17.4728 19.6667 16.3858 15.8892 13.1331 13.5237 13.4136 12.653 13.1488 26.5781 54.5771 43.2155 25.39 26.3209 22.5242 22.2161 16.9551 17.9591 16.0549 28.4987 24.5995 23.069 22.3801 33.4773 19.1842 18.0876 19.0743 15.9796 15.9304
threshold=1.3106148242950442 0.00032223039306700235 1.0347875356674197 0.68342629075050365 4.9518494606018075 0.0011624655453488233 2.2640994787216191 0.92636218667030346 -2.378159642219543 -0.76942089200019825 -0.75039777159690846 -0.23980389535427091 0.82535797357559215 2.1920633316040044 0.054514370858669288 0.64731654524803173 0.00089337458484806131 -9.0559377670288068 0.74101579189300548 0.61048936843872081 0.19722913205623629 1.075114965438843 0.42483793199062353 0.11970336735248567 0.90426310896873485 0.00014902656403137374 0.68993380665779125 -1.1335853934288023 0.50200697779655468 2.9135404825210576
decision_type=2 2 2 2 2 2 2 2 2 2 2 2 2 2 2 2 2 2 2 2 2 2 2 2 2 2 2 2 2 2
left_child=1 2 -1 5 8 -3 -7 -8 -4 10 13 12 16 14 -10 -14 -12 18 -11 22 23 28 -19 26 -25 -26 27 -21 -22 -29
right_child=-2 3 4 -5 -6 6 7 -9 9 17 11 -13 15 -15 -16 -17 -18 19 -20 20 21 -23 -24 24 25 -27 -28 29 -30 -31
leaf_value=-0.00021558884400685319 0.0061774649601552658 -0.0016329395685403037 0.0066753521856695586 0.00091279181099540585 0.0059233644044831557 -0.005543587194561406 0.0023938254636145517 0.043533628644191795 -0.0073903306685727593 0.0039799830632975151 0.0089325925652111501 0.0011804642580695301 0.1477912156674214 0.0028651321855654999 0.00021559746653430079 0.017757904289270068 -0.0084632652382080065 0.0012280627382707744 0.042117153567862248 0.0027131010180135419 -0.0035775337930537554 -0.0053748581751079218 -0.00081124334062491208 -0.0078508965541363562 0.028986341438125663 0.0054136700023772249 0.00031517713669074746 -0.010599719974316801 0.0018587132242872007 0.037783719342651734
leaf_weight=1031585 4978 79935 6398 27266 11353 3477 272 28 7646 13726 11331 61792 744 7962 7780 331 675 183722 266 1941 15110 20887 100086 1760 2182 2627 67976 4745 14483 83
leaf_count=1031585 4978 79935 6398 27266 11353 3477 272 28 7646 13726 11331 61792 744 7962 7780 331 675 183722 266 1941 15110 20887 100086 1760 2182 2627 67976 4745 14483 83
internal_value=-9.12502e-06 -1.80373e-05 2.46324e-05 -0.000624448 0.000267409 -0.000971187 -0.00385226 0.00633333 0.000228075 0.000201286 0.000723074 0.00118267 0.00411666 -0.000748247 -0.0019318 0.0137209 0.0032567 8.19378e-05 0.00179388 2.43021e-05 -0.000431734 -0.0013649 0.000236075 0.000147576 0.00294565 0.00510501 -9.83343e-05 -0.00256316 -0.000437603 -0.00424606
internal_weight=1.69315e+06 1.68817e+06 1.57719e+06 110978 545606 83712 3777 300 534253 527855 98261 74873 13081 23388 15426 1075 12006 429594 13992 415602 131794 50480 283808 81314 6569 4809 74745 6769 29593 4828
internal_count=1693147 1688169 1577191 110978 545606 83712 3777 300 534253 527855 98261 74873 13081 23388 15426 1075 12006 429594 13992 415602 131794 50480 283808 81314 6569 4809 74745 6769 29593 4828
is_linear=0
shrinkage=0.05


Tree=112
num_leaves=31
num_cat=0
split_feature=10 20 8 8 18 18 18 15 6 19 15 18 4 8 3 9 19 0 19 18 9 8 19 19 10 9 9 10 6 4
split_gain=17.2348 22.0811 24.0797 35.7538 31.8276 26.9076 22.7763 20.8187 20.2588 20.1455 19.4391 19.3579 18.7113 18.5919 18.51 18.183 30.8863 17.2151 18.2342 137.671 75.234 54.1673 48.4427 46.3096 47.5436 45.7687 42.7487 39.3104 36.1495 34.7851
threshold=0.64857220649719249 0.76942089200019848 -4.2187211513519278 2.355708241462708 -0.33174875378608698 -0.99913862347602833 -0.26513479650020594 0.84581807255744945 4.1726610660552987 -0.35632950067520136 0.50012165307998668 -0.63775861263275135 0.0021550663514062767 -8.4983654022216779 0.0021445982856675987 0.00021200365154072645 -0.2185685262084007 0.00032223039306700235 -0.91265374422073353 -0.2143086493015289 0.00020407088595675307 -8.4983654022216779 -0.95037782192230214 -0.99115538597106922 1.2378053069114687 0.00012956088175997141 0.00041819635953288531 0.89219811558723461 1.6045163273811343 0.00022140674991533163
decision_type=2 2 2 2 2 2 2 2 2 2 2 2 2 2 2 2 2 2 2 2 2 2 2 2 2 2 2 2 2 2
left_child=1 7 4 5 9 -4 -6 -1 17 10 -3 13 -7 15 -9 -11 -17 18 19 20 21 -2 -22 25 -25 27 -24 -21 -23 -29
right_child=8 2 3 -5 6 12 -8 14 -10 11 -12 -13 -14 -15 -16 16 -18 -19 -20 23 22 28 26 24 -26 -27 -28 29 -30 -31
leaf_value=0.0049652629706846479 -0.076147995088330825 -0.017289520721167285 0.24872982363397853 0.0019085455560988729 0.072752745777220615 -0.016622433673227899 0.017679714160617411 -0.013154705587405524 0.0079501961270846255 0.006476195279827502 -0.050106919271241758 -0.018002421226468526 0.043269712544048537 0.036184368934017108 -0.038607047439944676 0.066423442427575641 -0.054319880272145273 -0.0012329229714749812 -0.00015184927102387393 0.0035169387646732941 0.0010345560636495722 0.033524560243967327 0.019256673675824277 -0.0012813996753468504 -0.0072462801096791381 0.0024286733159885054 0.0041148096475831846 -0.012696337209459197 -0.0027507995529764575 -0.038238167176535214
leaf_weight=34386 76 87 28 4159 114 3670 1584 621 6446 182 68 660 100 419 85 20 87 107587 1316594 1528 21345 3794 10302 86750 10719 65916 13322 1391 564 543
leaf_count=34386 76 87 28 4159 114 3670 1584 621 6446 182 68 660 100 419 85 20 87 107587 1316594 1528 21345 3794 10302 86750 10719 65916 13322 1391 564 543
internal_value=-9.42033e-06 0.000942295 -0.000993022 -0.00246952 0.00265446 -0.00597683 0.0073616 0.00155876 -3.61593e-05 -0.00259357 -0.0196774 -0.000657895 -0.00633952 0.00508475 -0.00694051 -0.00467128 -0.021028 -4.71522e-05 -4.24048e-06 0.000421272 0.00273971 0.00895354 0.00212702 -0.000265213 -0.000968 0.000722131 0.00368693 -0.00488157 0.00968334 -0.00961737
internal_weight=1.69315e+06 46270 11178 7957 3221 3798 1698 35092 1.64688e+06 1523 155 1368 3770 708 706 289 107 1.64043e+06 1.53284e+06 216250 49403 4434 44969 166847 97469 69378 23624 3462 4358 1934
internal_count=1693147 46270 11178 7957 3221 3798 1698 35092 1646877 1523 155 1368 3770 708 706 289 107 1640431 1532844 216250 49403 4434 44969 166847 97469 69378 23624 3462 4358 1934
is_linear=0
shrinkage=0.05


Tree=113
num_leaves=31
num_cat=0
split_feature=13 11 18 19 4 19 19 20 8 4 19 20 5 19 17 19 4 4 4 5 21 5 7 8 5 5 18 7 8 7
split_gain=16.5185 18.5519 18.1308 56.4415 53.2729 43.0573 48.5339 37.1034 35.3326 35.197 33.6325 74.862 30.9195 29.6225 29.5664 31.7405 29.5014 29.0628 28.1425 26.4215 26.2232 24.1036 23.7706 29.8523 25.8629 23.5592 23.4184 46.1196 46.988 35.232
threshold=0.67678621411323558 3.2541915178298955 0.94622433185577404 -0.2185685262084007 0.0013806226779706778 -0.14133286476135251 -0.089328680187463746 -1.0000000180025095e-35 1.0000000180025095e-35 -0.00015501389862038192 -0.27353890240192408 -0.76942089200019825 0.00084954162593930971 0.08063365146517755 1.001927971839905 0.1456510201096535 0.0053789529483765372 -0.0010702673462219534 0.0053789529483765372 0.002704476704820991 0.65450850129127514 0.0052893101237714299 0.18931237608194354 5.9504356384277353 0.0014608554774895313 0.0018240851932205262 0.40872775018215185 2.3745555877685551 -9.3860158920288068 1.4480540752410891
decision_type=2 2 2 2 2 2 2 2 2 2 2 2 2 2 2 2 2 2 2 2 2 2 2 2 2 2 2 2 2 2
left_child=2 -2 26 4 10 7 18 21 12 13 20 25 17 -10 -15 -16 -9 -8 -7 -6 -4 -5 -13 -24 -25 -12 29 28 -28 -1
right_child=1 -3 3 5 19 6 8 16 9 -11 11 22 -14 14 15 -17 -18 -19 -20 -21 -22 -23 23 24 -26 -27 27 -29 -30 -31
leaf_value=0.00043485231265620318 0.0012468202305548461 0.01747759251505827 0.00025468859122947942 0.00065828040269609318 -0.017349723577894195 0.0074471491825255816 0.0038307289397613523 -0.008265275393869299 0.00049514007760635974 0.00079152018802399198 0.032149363545838264 0.011593319664046598 0.016688787122430406 0.0078420412111347426 0.045241304634845714 0.014808192837305369 0.18153801244711043 -0.0033054661108187335 0.070377374996047043 0.0044766296659813024 0.012805119909903229 0.22123614136780595 -0.0030514081026812969 0.048118292978986635 -0.0023530335955830096 -0.0092120211605571708 0.0076589178942481524 0.0015527100876851609 -0.0014745727327646564 -0.00095811450411358305
leaf_weight=711258 76278 1646 10383 8412 1637 13953 7919 12775 3916 46928 2496 6577 1285 4332 660 1329 42 46376 32 850 2661 39 3937 330 307 160 9661 73869 361171 281928
leaf_count=711258 76278 1646 10383 8412 1637 13953 7919 12775 3916 46928 2496 6577 1285 4332 660 1329 42 46376 32 850 2661 39 3937 330 307 160 9661 73869 361171 281928
internal_value=-9.06596e-06 0.000701966 -4.33686e-05 0.00043364 0.00243711 3.6487e-05 0.00038586 -0.00204533 4.12435e-05 0.000914021 0.00308555 0.00480553 -0.000856423 0.00357038 0.00568739 0.010734 -0.00374113 -0.00103785 0.0031641 -0.00456373 0.00126495 0.000526565 0.0030087 0.00024049 0.0102826 0.0123494 -0.000102199 -0.000403754 -0.000631014 3.28237e-05
internal_weight=1.69315e+06 77924 1.61522e+06 177336 29338 147998 126730 21268 112745 57165 26851 13807 55580 10237 6321 1989 12817 54295 13985 2487 13044 8451 11151 4574 637 2656 1.43789e+06 444701 370832 993186
internal_count=1693147 77924 1615223 177336 29338 147998 126730 21268 112745 57165 26851 13807 55580 10237 6321 1989 12817 54295 13985 2487 13044 8451 11151 4574 637 2656 1437887 444701 370832 993186
is_linear=0
shrinkage=0.05


Tree=114
num_leaves=31
num_cat=0
split_feature=9 10 18 5 18 15 10 5 20 18 18 8 18 18 8 8 3 4 18 18 18 5 8 18 18 18 18 18 8 9
split_gain=16.1626 44.9154 46.1658 41.289 39.9326 43.2028 33.6685 33.5992 50.7134 56.9805 41.8067 64.933 46.134 38.565 33.6852 33.1581 35.3292 31.9582 31.1259 26.2042 25.5816 61.3029 38.2328 36.5463 47.1456 44.8992 41.0882 37.1825 41.6577 38.2763
threshold=0.00012406220776028934 1.4403525590896609 0.98120620846748363 0.0031926278024911885 0.994289129972458 0.59012755751609813 0.67747738957405101 -0.00026459022774361069 -0.76942089200019825 -0.99428912997245777 -0.83025357127189625 -6.0223786830902091 0.72687268257141124 0.84688794612884533 13.136122703552248 8.9604048728942889 0.000200311143998988 -0.00016288296319544313 0.99980485439300548 -0.90722548961639393 -0.86493045091629017 0.0012213279260322454 -1.1601027846336363 0.11970336735248567 0.52435624599456798 0.66098293662071239 0.02835773024708033 -0.071932479739189134 0.99644753336906444 5.6667309763724922e-05
decision_type=2 2 2 2 2 2 2 2 2 2 2 2 2 2 2 2 2 2 2 2 2 2 2 2 2 2 2 2 2 2
left_child=1 2 3 7 5 6 -4 19 9 -9 11 -11 15 14 17 -12 -17 -14 -6 -1 21 22 -10 26 -25 -26 27 -22 -29 -30
right_child=-2 -3 4 -5 18 -7 -8 8 20 10 12 -13 13 -15 -16 16 -18 -19 -20 -21 23 -23 -24 24 25 -27 -28 28 29 -31
leaf_value=-0.0057006224246241022 -0.00013361849703361628 -0.015806841322053899 0.076386285577344282 -0.060260789562635766 -0.0042698463894798701 0.038665507234859925 0.0084768746180526999 0.086586111099831969 -0.0054748059167091913 0.066608066884151884 0.011047128425704794 -0.019937994896660684 -0.035756289659564865 0.0035495324492549 -0.054047681640689682 0.08994938435278084 0.011532235670005875 -0.007842228500086269 0.017903408895870675 0.0041111535527710297 -0.0043284568206939716 -0.034585390160924413 0.011632012376961055 0.0089966782706725045 -0.021455321567410993 -0.00066486770880872523 -0.01567967872149444 -0.0061907773351729152 0.073387479469506078 0.0096018240026727545
leaf_weight=4963 1485636 2284 271 69 5809 2804 5452 238 2469 159 10590 1769 381 4656 59 505 528 1049 1668 53919 46594 459 7004 12620 2032 25004 4750 3984 903 4519
leaf_count=4963 1485636 2284 271 69 5809 2804 5452 238 2469 159 10590 1769 381 4656 59 505 528 1049 1668 53919 46594 459 7004 12620 2032 25004 4750 3984 903 4519
internal_value=-7.82566e-06 0.000405521 0.000483124 0.000265031 0.00306173 0.00540049 0.00290931 0.000279138 -0.000168877 0.0021521 0.00185825 -0.00513485 0.00261706 -0.0008869 -0.0078912 0.00446959 0.0130203 -0.00636364 0.000394543 0.00127034 -0.000588193 0.00183246 0.00269714 -0.00082764 0.000353036 -0.000824826 -0.00159835 -0.00121964 0.00164788 0.00450018
internal_weight=1.69315e+06 207511 205227 189223 16004 8527 5723 189154 130272 19934 19696 1928 17768 6145 1489 11623 1033 1430 7477 58882 110338 9932 9473 100406 39656 27036 60750 56000 9406 5422
internal_count=1693147 207511 205227 189223 16004 8527 5723 189154 130272 19934 19696 1928 17768 6145 1489 11623 1033 1430 7477 58882 110338 9932 9473 100406 39656 27036 60750 56000 9406 5422
is_linear=0
shrinkage=0.05


Tree=115
num_leaves=31
num_cat=0
split_feature=10 19 4 15 19 18 9 19 18 5 15 9 18 5 2 5 15 18 19 19 20 9 18 19 9 20 18 18 19 18
split_gain=15.8554 24.1005 37.3567 36.8896 32.2886 30.1715 18.7131 18.177 17.3851 17.2098 18.2475 20.734 18.3187 18.2794 18.2326 17.6943 16.7196 16.6751 55.676 104.614 67.0411 47.0177 39.7921 95.152 138.781 107.394 110.725 96.2191 129.602 84.6917
threshold=1.9385754466056826 0.88599923253059398 -0.0045338675845414391 0.30000132322311407 0.15858851373195651 0.6411133110523225 0.0011624655453488233 0.92304024100303661 -0.29862368106842035 -0.000700331525877118 0.70885291695594799 0.00023108132882043722 0.067579798400402083 -0.00040110047848429525 0.00077164199319668125 -0.0054270699620246879 0.41363164782524114 -0.78396254777908314 0.49052239954471594 0.33586180210113531 -0.76942089200019825 0.00033966662886086857 -0.2143086493015289 0.69934985041618358 0.00037740665720775729 -0.76942089200019825 -0.55738157033920277 -0.56820151209831227 0.86927726864814769 -0.29862368106842035
decision_type=2 2 2 2 2 2 2 2 2 2 2 2 2 2 2 2 2 2 2 2 2 2 2 2 2 2 2 2 2 2
left_child=17 2 4 8 6 -6 -2 16 -3 15 11 -11 14 -13 -12 -9 -5 18 19 -1 -21 -20 23 24 -19 26 -25 -27 -29 -30
right_child=1 3 -4 7 5 -7 -8 9 -10 10 12 13 -14 -15 -16 -17 -18 22 21 20 -22 -23 -24 25 -26 27 -28 28 29 -31
leaf_value=-0.0008687137630654985 -0.0016966642406156418 0.068307825881747289 0.0034851028728415724 0.0091223558551317471 0.024479666588172484 -0.02775866417765795 -0.017747916401906049 0.040759157784577719 0.0044456815160546668 -0.018006254347378865 -0.022260628204475965 0.020830066025497664 0.018402458110067046 -0.00049027022223495917 -0.010912477011761391 -0.024295282581023894 -0.019577235335421675 0.0071283807173044 -0.0025285594375034971 -0.0029409836120895816 0.0067045914723060434 -0.0098786626110178855 -0.00015078033570733453 0.0028503991796801076 0.00041157314745582932 -0.0076402157011971009 0.10926442699685168 0.01480771179878866 -0.0074852448492078172 0.0024543078041314283
leaf_weight=283719 170 43 3321 43 98 40 431 21 321 176 247 79 95 836 251 283 180 76326 37471 9242 37544 5573 1009556 7416 144938 28904 2120 11284 17892 14527
leaf_count=283719 170 43 3321 43 98 40 431 21 321 176 247 79 95 836 251 283 180 76326 37471 9242 37544 5573 1009556 7416 144938 28904 2120 11284 17892 14527
internal_value=-9.71564e-06 -0.00244913 -4.92611e-05 -0.00623301 -0.0102165 0.0115942 -0.0152246 -0.00866124 0.00851648 -0.00714286 -0.00516627 -0.00132906 -0.012226 0.00169399 -0.0160643 -0.0180921 -0.0221973 -1.18588e-07 -0.000294874 -7.45828e-05 0.00211602 -0.00198634 8.37419e-05 0.000585847 0.00112535 -0.00086739 0.00412122 -0.00152258 -4.23312e-05 -0.00164872
internal_weight=1.69315e+06 6635 4060 2575 739 138 601 2211 364 1988 1684 1091 593 915 498 304 223 1.68651e+06 373549 330505 46786 43044 1.31296e+06 303407 221264 82143 9536 72607 43703 32419
internal_count=1693147 6635 4060 2575 739 138 601 2211 364 1988 1684 1091 593 915 498 304 223 1686512 373549 330505 46786 43044 1312963 303407 221264 82143 9536 72607 43703 32419
is_linear=0
shrinkage=0.05


Tree=116
num_leaves=31
num_cat=0
split_feature=6 10 19 5 18 19 15 18 18 18 5 5 7 18 19 6 6 5 4 20 18 19 18 19 19 19 17 6 18 10
split_gain=16.0425 18.169 25.187 42.641 27.4575 26.0191 18.6759 29.0748 16.9355 23.7829 16.6756 25.5386 20.2561 18.498 18.4655 16.5685 16.081 37.2613 37.3143 42.6621 33.6529 31.0909 29.611 38.6994 43.8464 39.3811 35.6634 42.2232 27.8771 29.4693
threshold=-4.1366701126098624 1.9385754466056826 0.40872775018215185 -0.0054270699620246879 -0.78396254777908314 0.15858851373195651 0.30314786732196813 -0.19294966012239453 0.01527100056409836 0.18437977880239489 -0.000700331525877118 -0.0064223564695566884 2.0546590089797978 0.42063900828361517 0.99799686670303356 4.1726610660552987 0.072561975568532958 -0.00042665163346100593 0.00053993190522305678 -0.76942089200019825 -0.99428912997245777 0.53545707464218151 0.81789681315422069 0.19722913205623629 0.49052239954471594 0.1326885595917702 1.184118986129761 0.77086853981018078 0.22282424569129947 0.88833904266357433
decision_type=2 2 2 2 2 2 2 2 2 2 2 2 2 2 2 2 2 2 2 2 2 2 2 2 2 2 2 2 2 2
left_child=-1 15 3 5 -4 -3 7 -6 -5 -10 11 -8 13 -12 -14 16 -2 18 -18 21 -19 -20 -22 25 -25 -24 27 -26 -23 -30
right_child=1 2 4 8 6 -7 10 -9 9 -11 12 -13 14 -15 -16 -17 17 20 19 -21 22 28 23 24 26 -27 -28 -29 29 -31
leaf_value=0.0064582782198045145 0.00026500299232982142 -0.014526516891904373 -0.040389100404742855 0.0064345283080606726 0.019262243123816782 0.026081531314519891 0.025684880151381165 -0.011970003681856679 -0.031284113752235519 -0.00084288782673450362 -0.0030059107204082726 -0.020957012421505036 -0.011028302153909819 0.035786231238708881 -0.043361333867681935 0.0073769558225088572 -0.00092765382245940664 0.0037918198983786346 -0.00045822248647278132 -0.0060104947616874405 -0.00056701421687346267 0.042359038865702782 0.0020700956963922326 -0.0034179845623175664 -0.0033415009298505883 0.014662559402725728 -0.011438284955204559 0.013386708735186903 0.021111246722792212 -0.020075788225672644
leaf_weight=6337 856769 433 55 2318 232 21 36 190 84 466 1060 427 1017 52 53 6406 113189 23295 5671 27576 506183 433 86024 35529 3358 7883 1279 6128 404 239
leaf_count=6337 856769 433 55 2318 232 21 36 190 84 466 1060 427 1017 52 53 6406 113189 23295 5671 27576 506183 433 86024 35529 3358 7883 1279 6128 404 239
internal_value=-9.83376e-06 -1.92671e-05 -0.00266915 0.000361228 -0.00589366 -0.0138767 -0.00526573 0.00450237 0.00261506 -0.00527273 -0.0068242 -0.0154428 -0.00499542 -0.000269784 -0.00990654 -9.10516e-06 -1.88177e-05 -0.000177498 -0.000896876 -0.002341 -1.9039e-05 0.00122277 -8.63264e-05 0.000556701 -0.000626431 0.00113996 0.00216907 0.00322581 0.00901487 0.00241058
internal_weight=1.69315e+06 1.68681e+06 6444 3322 3122 454 3067 422 2868 550 2645 463 2182 1112 1070 1.68037e+06 1.67396e+06 817191 147512 34323 669679 6747 646384 140201 46294 93907 10765 9486 1076 643
internal_count=1693147 1686810 6444 3322 3122 454 3067 422 2868 550 2645 463 2182 1112 1070 1680366 1673960 817191 147512 34323 669679 6747 646384 140201 46294 93907 10765 9486 1076 643
is_linear=0
shrinkage=0.05


Tree=117
num_leaves=31
num_cat=0
split_feature=12 9 8 18 21 18 19 20 19 18 19 19 20 8 5 5 9 19 19 8 18 2 9 19 19 19 19 19 20 7
split_gain=15.2786 18.4304 15.0548 43.1908 63.3686 54.8509 40.921 48.0352 43.5628 38.8051 107.145 84.4999 72.1902 70.4775 106.665 60.6716 46.0657 38.4178 99.5198 46.2955 40.0601 41.1824 37.7875 38.6576 52.5251 59.0254 148.783 86.0436 82.8936 73.8961
threshold=-1.8558835983276365 9.508344373898582e-05 1.0484770536422732 0.29862368106842047 0.65450850129127514 -0.75039777159690846 0.19722913205623629 -0.76942089200019825 0.1326885595917702 0.17149884253740313 0.96304282546043407 0.49052239954471594 -0.76942089200019825 6.4417459964752206 0.00014906010619597512 0.0039917323738336572 6.6695167333818986e-05 -0.62762191891670216 0.02835773024708033 -10.28252601623535 0.99799686670303356 -0.00025707807799335564 0.0007489442068617792 0.97581917047500621 0.95819556713104259 0.86927726864814769 0.832677721977234 0.70864605903625499 1.0000000180025095e-35 -2.4934312105178829
decision_type=2 2 2 2 2 2 2 2 2 2 2 2 2 2 2 2 2 2 2 2 2 2 2 2 2 2 2 2 2 2
left_child=1 -1 3 5 17 6 7 -2 -9 11 -11 -4 16 14 -14 -15 -13 -5 19 20 -19 -22 23 24 25 26 27 -7 -29 -28
right_child=2 -3 9 4 -6 22 -8 8 -10 10 -12 12 13 15 -16 -17 -18 18 -20 -21 21 -23 -24 -25 -26 -27 29 28 -30 -31
leaf_value=0.017018944384136449 -0.0052418335879582893 0.0021800736700757994 0.00059490619061245429 -0.0025954064894350096 -0.0035503877477291224 0.0025555890461437915 0.00087983939073553734 -0.00050813144865590192 -0.0078597063778999676 0.00076678632345354443 0.0148683421679912 0.046863779858693194 0.00034984115741139022 0.0020145874228722437 -0.0078651766658431443 -0.012565607099682264 0.0036216541148296646 0.042955043967687394 -0.0013552160006023108 0.0027605050869992432 0.029856245904837819 -0.074866128456302125 -0.0019770366611991498 -0.00087730119669182649 0.0088584854668129053 -0.0046927764103128046 0.074113351592476159 0.00070897989988637504 -0.011708951152962022 0.023185979036770513
leaf_weight=1821 28345 17308 272799 73356 82933 172259 80110 108692 8212 331392 12329 587 23245 27254 48665 2273 13257 541 154409 87695 77 69 23231 65331 17688 12639 1198 11786 9031 4615
leaf_count=1821 28345 17308 272799 73356 82933 172259 80110 108692 8212 331392 12329 587 23245 27254 48665 2273 13257 541 154409 87695 77 69 23231 65331 17688 12639 1198 11786 9031 4615
internal_value=-1.19009e-05 0.00139317 -2.79567e-05 -0.000160101 -0.000555027 0.000130078 -0.000466589 -0.00096696 -0.000519229 0.000142183 0.000529063 -0.000200474 -0.00133543 -0.00179767 -0.00264219 0.000259085 0.00205143 -0.000232329 7.06369e-05 0.00140866 0.0143377 -0.00890411 0.000553216 0.000706339 0.00101215 0.000793276 0.00100383 0.000766538 -0.00226978 0.00888526
internal_weight=1.69315e+06 19129 1.67402e+06 942217 399080 543137 225359 145249 116904 731801 343721 388080 115281 101437 71910 29527 13844 316147 242791 88382 687 146 317778 294547 229216 211528 198889 193076 20817 5813
internal_count=1693147 19129 1674018 942217 399080 543137 225359 145249 116904 731801 343721 388080 115281 101437 71910 29527 13844 316147 242791 88382 687 146 317778 294547 229216 211528 198889 193076 20817 5813
is_linear=0
shrinkage=0.05


Tree=118
num_leaves=31
num_cat=0
split_feature=10 5 19 8 9 20 7 18 19 9 7 7 19 19 8 19 18 5 8 4 1 20 5 18 18 4 19 9 6 5
split_gain=17.0096 25.2755 22.9236 31.4296 29.7485 35.8145 39.8817 35.4308 31.3871 30.0366 32.188 27.3348 29.8861 27.1911 25.3701 25.0639 51.8647 58.7851 36.9417 35.7097 35.7585 30.7646 30.4564 27.556 25.6884 24.6209 27.1116 24.3794 31.2005 27.8603
threshold=0.7302805781364442 -0.0031562433578073974 0.15858851373195651 12.16558885574341 0.00053318636491894733 -1.0000000180025095e-35 1.3377671241760256 -0.59306621551513661 -0.95819556713104237 0.00068636270589195203 2.0201025009155278 5.1724565029144296 -0.93743178248405445 0.11970336735248567 -3.6793740987777706 0.60006982088089 0.11970336735248567 0.0061428435146808633 9.1960406303405779 0.00063607725314795982 0.00037347257602959877 -0.76942089200019825 -0.0019817007705569263 -0.57892408967018116 -1.0000000180025095e-35 0.00062297249678522359 -0.96535655856132496 0.00030749708821531391 -1.2559246420860288 0.0035241066943854098
decision_type=2 2 2 2 2 2 2 2 2 2 2 2 2 2 2 2 2 2 2 2 2 2 2 2 2 2 2 2 2 2
left_child=1 -1 3 4 5 13 -7 9 -9 -6 -11 12 -5 27 25 -4 19 18 22 21 -21 23 -18 -17 -25 -8 -27 29 -29 -3
right_child=-2 2 15 11 7 6 14 8 -10 10 -12 -13 -14 -15 -16 16 17 -19 -20 20 -22 -23 -24 24 -26 26 -28 28 -30 -31
leaf_value=-0.0051031766393489723 -0.00011697631632036077 0.0074465723862216174 -0.0026736820022808527 -0.037428621460875958 -0.0068220031876401362 0.0048083072108394583 0.0079296499917384973 0.024565343729368128 -0.024672734605438142 0.046075625187255567 -0.01670173822558715 0.042447885273311871 0.018101246493425007 0.056312351924216221 -0.0043661178392692124 0.0089495454011631059 -0.0192153262796632 -0.048374014437732163 0.034105835049106817 -0.012417419446868383 0.020614097563159586 -0.00023246726625565374 0.008941077470373383 0.16792969766511251 0.016675954991102748 0.02499430064837338 -0.036004861242973751 -0.016929684235453258 0.019956379055803164 -0.05050373037501539
leaf_weight=5511 1565941 10174 27694 109 610 15057 126 130 845 176 53 324 1093 345 6797 2673 816 97 1708 4178 537 30231 13313 300 327 37 257 361 3224 103
leaf_count=5511 1565941 10174 27694 109 610 15057 126 130 845 176 53 324 1093 345 6797 2673 816 97 1708 4178 537 30231 13313 300 327 37 257 361 3224 103
internal_value=-1.12512e-05 0.000544786 0.00069477 0.00167876 0.00139835 0.00170911 0.000457933 -0.00485116 -0.0113333 0.00268176 0.0181223 0.0087156 0.00524126 0.00367073 -0.00259803 0.000216186 0.000841639 0.00323836 0.00347604 -0.000156879 -0.00423118 0.000416033 0.00263642 0.005 0.0144338 -0.0145238 -0.022449 0.00332564 0.00687587 0.00208718
internal_weight=1.69315e+06 127206 121695 39821 38295 36481 22274 1814 975 839 229 1526 1202 14207 7217 81874 54180 15934 15837 38246 4715 33531 14129 3300 627 420 294 13862 3585 10277
internal_count=1693147 127206 121695 39821 38295 36481 22274 1814 975 839 229 1526 1202 14207 7217 81874 54180 15934 15837 38246 4715 33531 14129 3300 627 420 294 13862 3585 10277
is_linear=0
shrinkage=0.05


Tree=119
num_leaves=31
num_cat=0
split_feature=10 4 7 3 7 4 5 4 5 21 5 8 5 10 8 2 5 5 1 5 8 8 7 4 5 8 10 7 8 6
split_gain=16.2886 23.3115 24.0807 29.7533 28.917 26.2242 31.634 24.5497 25.4401 23.9556 25.3182 61.7133 25.8307 25.6 25.0036 37.3725 42.5765 23.8328 22.6794 21.9269 25.5013 24.7368 29.941 23.7983 23.0157 29.3271 23.7041 21.8597 21.068 25.5084
threshold=0.93771305680274974 0.0053789529483765372 4.9518494606018075 0.00042745274549815809 1.2013994455337527 0.0005628074286505581 0.0061428435146808633 -0.0002477773959981277 -0.00019275020167697218 1.0000000180025095e-35 0.0010215188376605513 10.890838146209719 0.0043213439639657744 0.60646018385887157 13.136122703552248 0.00019685477309394631 0.002614831668324769 0.00032211121288128203 -0.00012902257731184361 0.0035241066943854098 0.60376441478729259 -1.1088169217109678 -4.6744668483734122 -0.0011196740088053045 -0.0048454785719513884 -5.8146398067474356 0.69842174649238598 3.4529142379760747 4.009566307067872 1.831288814544678
decision_type=2 2 2 2 2 2 2 2 2 2 2 2 2 2 2 2 2 2 2 2 2 2 2 2 2 2 2 2 2 2
left_child=1 2 4 5 19 6 -4 -6 -9 10 11 -10 28 -14 -11 16 -16 -13 -2 21 -21 23 -23 -1 25 -25 -26 -19 -12 -30
right_child=18 -3 3 -5 7 -7 -8 8 9 14 12 17 13 -15 15 -17 -18 27 -20 20 -22 22 -24 24 26 -27 -28 -29 29 -31
leaf_value=0.0023739777612532321 0.00037936431737981561 -0.011380962640102766 0.018900496400844083 0.0092800891884029287 -0.0075183023921632846 -0.011542492380857451 -0.052805265063296442 -0.0044238223679163744 0.0025173981868780396 -0.00095595920830532366 0.0021707101403696193 0.069484654394876083 -0.045576928738655202 0.011118168538717922 -0.02700277010476353 0.0071504099186397441 0.007628584926241311 0.011267692269221696 -0.0006210893755504987 0.013318210451838165 -0.011156787438244227 0.029714771997061275 0.0017085322479521881 -0.0012178103793854256 0.0034736445873431721 -0.017349072204266455 -0.00065218894901504238 0.046435341678609791 -0.0053713100760761747 0.0036635921602019231
leaf_weight=43742 323243 1404 1133 9765 6696 2381 26 19293 38561 111045 12406 343 73 3205 1835 1155 561 929 649271 540 2452 537 217256 2466 29040 1030 189045 572 17858 5284
leaf_count=43742 323243 1404 1133 9765 6696 2381 26 19293 38561 111045 12406 343 73 3205 1835 1155 561 929 649271 540 2452 537 217256 2466 29040 1030 189045 572 17858 5284
internal_value=-1.14875e-05 0.000168671 0.000181236 0.00228861 0.000141517 -0.00163842 0.00452977 -0.000334371 -0.000240709 -6.83599e-05 0.000600144 0.0014763 -0.000311647 0.00393533 -0.00053056 -0.00466066 -0.00822204 0.0104121 -0.000144985 0.000356711 -0.00391043 0.000383138 0.000778032 5.89847e-05 -0.000151412 -0.0041762 -8.68927e-05 0.00769487 -0.000703274 -0.0015945
internal_weight=1.69315e+06 720633 719229 13305 705924 3540 1159 219816 213120 193827 79231 40405 38826 3278 114596 3551 2396 1844 972514 486108 2992 483116 217793 265323 221581 3496 218085 1501 35548 23142
internal_count=1693147 720633 719229 13305 705924 3540 1159 219816 213120 193827 79231 40405 38826 3278 114596 3551 2396 1844 972514 486108 2992 483116 217793 265323 221581 3496 218085 1501 35548 23142
is_linear=0
shrinkage=0.05


Tree=120
num_leaves=31
num_cat=0
split_feature=10 19 8 9 7 19 5 9 5 18 18 9 5 9 20 19 19 5 15 9 15 20 9 8 18 5 19 19 5 8
split_gain=15.4725 16.6194 34.0458 39.4028 34.6523 23.7653 40.4189 49.9169 36.9793 41.0039 28.1226 27.916 27.0073 26.6718 23.4626 47.7566 22.6007 38.1641 22.1438 21.7159 21.377 23.6907 20.9152 18.9956 27.3973 29.4943 19.7947 22.5393 19.7508 18.9386
threshold=0.65946215391159069 0.19722913205623629 11.478415966033937 0.00053318636491894733 1.9229914546012881 0.58954745531082164 -0.0048454785719513884 0.00054189361981116246 0.0061428435146808633 -0.028357730247080323 0.054514370858669288 0.00066862133098766219 0.0014013362815603616 0.00015628497203579175 -0.76942089200019825 0.82535797357559215 0.50188699364662182 0.00065573406754992913 0.68934604525566112 0.00010683035361580552 0.20177249610424045 0.76942089200019848 0.00027903167938347911 -4.2889041900634757 0.98734235763549816 -0.00045282958308234805 -0.84455960988998402 -0.45204447209835047 0.00052670665900222968 14.866724967956545
decision_type=2 2 2 2 2 2 2 2 2 2 2 2 2 2 2 2 2 2 2 2 2 2 2 2 2 2 2 2 2 2
left_child=1 2 3 4 19 6 -3 16 9 11 -10 14 -11 -14 15 -7 29 20 -15 23 -18 22 -22 -1 25 -25 28 -28 -27 -8
right_child=-2 5 -4 -5 -6 8 7 -9 10 12 -12 -13 13 18 -16 -17 17 -19 -20 -21 21 -23 -24 24 -26 26 27 -29 -30 -31
leaf_value=0.0073347775755324479 -7.7968255676802439e-05 -0.060788890919168705 0.031594996658399314 -0.015850251272570576 -0.0094241070881261949 0.011435569725076866 0.0015553351193673183 0.048953005757838515 -0.015219066731564569 0.0100752558537777 -0.048148917939224503 0.063398647838677449 0.072450201717653359 0.0041904683419848546 -0.0016132065006246588 0.29652611298289727 0.04205927360652998 -0.030379936263518249 0.091968743192640062 0.008720026956686255 0.001073739006719804 -0.023202948734218565 -0.038855513239531986 0.17480110313520283 0.14880105116418801 0.098870760210447745 -0.06872559161790992 0.010353399626775339 -0.031352816458554804 -0.046280236674524459
leaf_weight=418 1639954 116 693 926 2316 2018 5944 184 225 6966 106 120 382 612 19520 99 133 1020 102 7225 2404 626 118 105 180 94 62 280 32 167
leaf_count=418 1639954 116 693 926 2316 2018 5944 184 225 6966 106 120 382 612 19520 99 133 1020 102 7225 2404 626 118 105 180 94 62 280 32 167
internal_value=-1.11331e-05 0.000828116 0.00243695 0.00179584 0.00265123 0.000342617 -0.00168036 -0.001359 0.00106136 0.00124585 -0.0155589 0.000117204 0.00429174 0.0115876 -1.6176e-05 0.00498347 -0.00181521 -0.00459196 0.00588235 0.00414483 -0.00196586 -0.00279543 -0.000634417 0.0104611 0.0152058 0.00986038 0.00448718 -0.00175439 0.0214286 0.000139093
internal_weight=1.69315e+06 53193 12331 11638 10712 40862 10712 10596 30150 29819 331 21757 8062 1096 21637 2117 10412 4301 714 8396 3281 3148 2522 1171 753 573 468 342 126 6111
internal_count=1693147 53193 12331 11638 10712 40862 10712 10596 30150 29819 331 21757 8062 1096 21637 2117 10412 4301 714 8396 3281 3148 2522 1171 753 573 468 342 126 6111
is_linear=0
shrinkage=0.05


Tree=121
num_leaves=31
num_cat=0
split_feature=6 8 19 8 18 4 13 9 0 18 19 19 20 9 21 9 5 6 5 18 19 17 19 18 18 18 18 18 19 19
split_gain=14.4857 15.3864 17.5407 18.0795 17.6275 16.3345 14.6877 19.0624 17.9727 17.1038 38.2675 62.0788 47.7304 42.0119 34.0437 39.6481 27.4358 24.0794 23.1995 21.8625 55.9255 51.7154 30.8623 72.3409 57.9108 81.4173 52.8887 52.4358 50.5516 45.928
threshold=-4.1366701126098624 -9.8024978637695295 0.50188699364662182 -0.44556882977485651 0.054514370858669288 -0.00089980897610075761 0.20446968078613284 0.00089337458484806131 -0.00042158311407547439 -0.79202145338058461 0.49052239954471594 0.33586180210113531 -0.76942089200019825 0.00038396577292587614 1.0000000180025095e-35 9.293607217841783e-05 0.0001150899443018716 -1.3453589677810667 0.0035241066943854098 -0.71477618813514698 0.62080430984497081 0.72994387149810802 0.19722913205623629 -0.60355451703071583 -0.50941574573516835 -0.55738157033920277 -0.59306621551513661 -0.31523424386978144 0.71782085299491893 0.1326885595917702
decision_type=2 2 2 2 2 2 2 2 2 2 2 2 2 2 2 2 2 2 2 2 2 2 2 2 2 2 2 2 2 2
left_child=1 5 -3 4 -4 -1 7 9 -8 10 11 -2 18 14 15 17 -16 -12 -13 20 -11 -22 26 -24 25 -25 -21 -26 -29 -28
right_child=6 2 3 -5 -6 -7 8 -9 -10 19 13 12 -14 -15 16 -17 -18 -19 -20 22 21 -23 23 24 27 -27 29 28 -30 -31
leaf_value=0.011598788841821729 -0.0011980528205184139 -0.0034882548453490595 0.020529150225354488 0.054365620453070654 -0.004387326866500829 0.06438639954064454 0.003387955976875784 -0.0024942022292236744 0.00025982961917437323 -0.0011510097558145582 0.0005870930496125748 -0.0047365314306956514 0.0064036115900435791 -0.01415782562059742 0.0031818548391292058 -0.0055058871910228903 -0.0052276081752877235 -0.038961704371318254 0.047495611223732775 0.0053897054571719121 0.015954162887083241 0.001964316294044166 -0.006439413592887311 -0.0018909842584241277 -0.0068011443033277443 0.026739227931664524 -8.7207776022280029e-06 -0.0023255283573237031 0.00053115337303293324 0.0094032516371025734
leaf_weight=1069 163009 3136 889 151 835 257 14090 20125 646280 20303 173 5320 22223 2166 7644 8182 6046 595 89 23549 7564 9952 18613 6872 12271 6298 383356 106157 184267 11666
leaf_count=1069 163009 3136 889 151 835 257 14090 20125 646280 20303 173 5320 22223 2166 7644 8182 6046 595 89 23549 7564 9952 18613 6872 12271 6298 383356 106157 184267 11666
internal_value=-1.11331e-05 0.00237494 0.00110756 0.00493333 0.00348028 0.0071644 -2.00971e-05 -0.00013844 0.000163848 -0.000107968 -0.000502908 -0.000262535 0.00192892 -0.00235024 -0.00171378 -0.00411173 -0.000146092 -0.014974 -0.00228323 -3.7933e-07 0.00117269 0.00324275 -5.92923e-05 -0.000417367 -0.000238868 0.00300683 0.000226843 -0.000380086 -0.000244814 8.96153e-05
internal_weight=1.69315e+06 6337 5011 1875 1724 1326 1.68681e+06 1.02644e+06 660370 1.00632e+06 215447 190641 27632 24806 22640 8950 13690 768 5409 790868 37819 17516 753049 334478 315865 13170 418571 302695 290424 395022
internal_count=1693147 6337 5011 1875 1724 1326 1686810 1026440 660370 1006315 215447 190641 27632 24806 22640 8950 13690 768 5409 790868 37819 17516 753049 334478 315865 13170 418571 302695 290424 395022
is_linear=0
shrinkage=0.05


Tree=122
num_leaves=31
num_cat=0
split_feature=10 18 4 4 5 8 8 20 8 5 20 8 17 15 5 3 3 18 5 4 18 2 15 20 18 10 8 20 6 18
split_gain=14.6432 36.108 54.0429 50.4354 38.3719 43.2259 30.8613 25.9745 24.6479 23.9092 23.9065 26.7654 25.7314 24.8523 24.486 25.6728 25.1823 23.5859 28.74 22.9897 22.7138 28.4007 21.3911 30.7845 22.8494 21.0359 20.6217 29.0415 21.4337 20.3829
threshold=1.3120177984237673 -1.0000000180025095e-35 0.00048250236432068055 -0.0059160899836570016 -0.0054270699620246879 -5.3369603157043448 2.0841027498245244 0.76942089200019848 -5.7146995067596427 0.00073221334605477761 -0.76942089200019825 -1.0576240420341489 0.84146428108215343 0.38556417822837835 0.0021739796502515678 -0.001153329270891845 8.0641828390071182e-05 -0.99115538597106922 -0.0043856569100171319 0.0022509375121444468 -0.063225833699107156 -0.00030525216425303364 0.56755438446998607 -0.76942089200019825 0.041439602151513107 1.4403525590896609 0.50200697779655468 -0.76942089200019825 -0.64437764883041371 -0.33174875378608698
decision_type=2 2 2 2 2 2 2 2 2 2 2 2 2 2 2 2 2 2 2 2 2 2 2 2 2 2 2 2 2 2
left_child=-1 3 4 7 5 -3 -4 -2 -9 26 13 12 -12 -5 15 -15 -16 -14 -19 25 -13 -22 -8 24 -24 -17 28 -28 -6 -18
right_child=1 2 6 10 9 -7 22 8 -10 -11 11 20 17 14 16 19 29 18 -20 -21 21 -23 23 -25 -26 -27 27 -29 -30 -31
leaf_value=7.8557242877841388e-05 -0.0064485497823001947 0.01853822983366905 0.0076982340898739399 -0.0017287801262306558 -0.0025956551340675926 -0.0066869997914532527 -0.0059822266537076785 -0.014530175927125789 -0.02893425911773911 -0.011132765549028435 0.0084174670696301798 -0.0015610724339723216 0.016994837847982038 -0.011855204444539203 0.030467956382967544 0.0082503781102175044 -0.008061548967191556 -0.0075666658555015648 0.0018009884859141513 0.024522167113337046 0.024302904841691404 0.0034883924279074611 -0.031070534058010375 0.0031322089167174052 -0.004353379769876764 0.02510342165350506 0.0082535090090496647 -0.0026405000816355664 -0.0062636639970457542 0.015667863938046069
leaf_weight=1547620 1712 887 4822 2668 26416 415 2864 213 194 3160 3579 30917 835 310 102 2393 1161 1665 14330 171 410 1877 120 12683 3362 1928 2295 7954 15683 401
leaf_count=1547620 1712 887 4822 2668 26416 415 2864 213 194 3160 3579 30917 835 310 102 2393 1161 1665 14330 171 410 1877 120 12683 3362 1928 2295 7954 15683 401
internal_value=-8.71159e-06 -0.000488226 -0.00119451 0.000390035 -0.00203309 0.00645161 0.000802901 -0.00719679 -0.0185504 -0.00223211 0.000646246 0.000243411 0.00166838 0.00301073 0.00468605 0.00649729 -0.000540865 0.000849673 0.000422007 0.0074577 -0.000632454 0.00417578 -0.000102475 0.000603155 -0.00356117 0.00674612 -0.00197715 3.41497e-05 -0.0024668 -0.00211268
internal_weight=1.69315e+06 145527 80661 64866 56810 1302 23851 2119 407 55508 62747 53613 20409 9134 6466 4802 1664 16830 15995 4492 33204 2287 19029 16165 3482 4321 52348 10249 42099 1562
internal_count=1693147 145527 80661 64866 56810 1302 23851 2119 407 55508 62747 53613 20409 9134 6466 4802 1664 16830 15995 4492 33204 2287 19029 16165 3482 4321 52348 10249 42099 1562
is_linear=0
shrinkage=0.05


Tree=123
num_leaves=31
num_cat=0
split_feature=10 19 19 18 19 7 10 9 10 19 6 9 10 4 3 9 19 2 19 4 19 18 19 7 18 19 19 17 7 7
split_gain=14.3019 26.5381 60.7648 110.029 47.2991 42.9251 54.6644 54.1889 49.8407 42.5026 28.2394 27.5128 26.5579 32.2181 22.6473 22.3478 41.4665 27.1941 21.8848 20.9296 20.7107 37.1814 58.1138 36.2951 45.0386 35.5875 42.372 37.9215 32.2686 31.6785
threshold=0.93771305680274974 0.98868870735168468 0.95819556713104259 0.19722913205623629 0.93590369820594799 1.2281305789947512 0.55844441056251537 0.0007489442068617792 0.72562116384506237 0.99894830584526073 3.1530165672302251 0.00038396577292587614 0.81263774633407604 0.0017297200975008311 0.00093446209211833786 0.00013880214828532192 0.97287458181381237 0.00017456675413995984 0.96648588776588451 -0.0045338675845414391 0.26092512905597692 0.7702331840991975 0.041439602151513107 1.2013994455337527 0.42063900828361517 -0.01963364519178867 -0.48671542108058924 0.56030273437500011 3.2150706052780156 -0.64959508180618275
decision_type=2 2 2 2 2 2 2 2 2 2 2 2 2 2 2 2 2 2 2 2 2 2 2 2 2 2 2 2 2 2
left_child=1 2 4 5 20 7 -7 8 -4 19 14 -11 -5 -14 15 17 -17 -8 -10 -3 21 23 28 25 -25 26 27 -1 29 -23
right_child=-2 9 3 12 -6 6 10 -9 18 11 -12 -13 13 -15 -16 16 -18 -19 -20 -21 -22 22 -24 24 -26 -27 -28 -29 -30 -31
leaf_value=0.0065901046653482958 -0.00025584205334234779 -0.041545658300607149 0.022196645605462553 0.049250416059564588 -0.0094087966164702504 -0.051579769187534923 0.0012796306545325598 0.1004078724901564 0.025901035881027035 0.0078025132470261882 0.033295966382485775 -0.013886694632756481 0.023851872165139867 -0.033835906923776617 0.01961816971509809 -0.045183274496711931 -0.01149529779059737 -0.027203574266930233 -0.0019070848191761415 -0.0051893888793420884 -0.00042537946882173494 0.0087527477682348368 -0.0032558207607262801 -0.00027390598410877989 -0.006324036142942302 0.005378821073488322 -0.0018380322075426836 0.00096451835375945818 0.016108983989339822 0.002075299857966395
leaf_weight=20128 972514 63 2472 2856 5333 245 2167 113 621 9181 351 523 4172 77 385 248 1243 593 7117 27004 242740 20912 18456 91098 18292 24362 55231 127227 4729 32694
leaf_count=20128 972514 63 2472 2856 5333 245 2167 113 621 9181 351 523 4172 77 385 248 1243 593 7117 27004 242740 20912 18456 91098 18292 24362 55231 127227 4729 32694
internal_value=-9.3022e-06 0.000159513 0.000229871 0.00277582 0.000142619 0.000421086 -0.00326835 0.002291 0.00190989 -0.001149 -0.00213555 0.00169002 0.00793103 0.00542481 -0.00317084 -0.00422254 -0.00915493 -0.00155797 -6.46162e-05 -0.00216685 0.000180753 0.000396123 0.00138883 0.000169472 -0.000578663 0.000530077 0.000312954 0.000755658 0.00216251 0.00181323
internal_weight=1.69315e+06 720633 683862 22660 661202 15555 5232 10323 10210 36771 4987 9704 7105 4249 4636 4251 1491 2760 7738 27067 655869 413129 76791 336338 109390 226948 202586 147355 58335 53606
internal_count=1693147 720633 683862 22660 661202 15555 5232 10323 10210 36771 4987 9704 7105 4249 4636 4251 1491 2760 7738 27067 655869 413129 76791 336338 109390 226948 202586 147355 58335 53606
is_linear=0
shrinkage=0.05


Tree=124
num_leaves=31
num_cat=0
split_feature=10 12 5 18 18 6 5 5 8 6 6 5 20 8 18 5 20 18 18 8 20 8 4 11 5 8 18 15 3 18
split_gain=13.7557 18.6261 18.3147 17.4648 34.3814 17.6294 16.828 15.8864 15.0094 14.5128 19.5309 29.5347 41.3941 24.4174 24.8012 24.32 31.6896 43.5105 43.1059 29.2597 24.0621 34.5995 30.369 24.2191 23.5926 31.5793 22.9886 22.6898 21.9059 21.7936
threshold=1.9385754466056826 -1.6215640306472776 -0.0054270699620246879 -0.8959035575389861 -0.77576932311058033 -1.3675655722618101 -0.0026634606765583153 -0.00076636226731352497 10.0774302482605 2.7303298711776738 0.072561975568532958 -0.0017754690488800404 1.0000000180025095e-35 -8.0490031242370588 0.995182365179062 -0.003760276129469275 -0.76942089200019825 -0.5464661419391631 -0.38066601753234858 -3.0569686889648433 0.76942089200019848 -1.0066517591476438 -0.0030747189885005351 0.97042256593704235 0.0061428435146808633 -0.20014255493879315 0.9404343068599702 0.31249691545963293 0.0015258466592058542 0.99997618794441234
decision_type=2 2 2 2 2 2 2 2 2 2 2 2 2 2 2 2 2 2 2 2 2 2 2 2 2 2 2 2 2 2
left_child=9 -2 -3 -4 -5 6 -6 -8 -7 10 24 12 15 14 27 16 17 19 -18 -12 22 -22 -14 -23 29 -26 -20 -13 -24 -1
right_child=1 2 3 4 5 8 7 -9 -10 -11 11 13 20 -15 -16 -17 18 -19 26 -21 21 23 28 -25 25 -27 -28 -29 -30 -31
leaf_value=0.00026739783661143822 0.028539031192087352 -0.010137303629643091 0.00865443996780434 -0.038401741499511435 0.021725506920911519 -0.0050697710495294481 -0.0090021951479375747 0.021073888549375454 -0.040159322466809991 0.0017496680126274644 0.00035448817901799213 -0.10842747047962281 0.017245486544315413 -0.00038134277445021073 -0.049627691734207426 0.0014934553715519106 -0.0027906009295938562 0.02298703617847947 -0.027639768926053757 -0.027300913273306096 -0.0065339989544856876 0.02128832001475351 -0.014488764510030672 -0.0046763440659214339 0.064785651768733452 -0.011134643153559326 0.035250206823381647 0.0096347867459992027 0.0001856628663128912 0.012963397910492848
leaf_weight=859139 181 619 675 61 412 4185 367 96 39 59768 716 27 237 724999 64 14737 1557 581 881 218 5696 616 5352 437 68 1786 69 6624 1018 1922
leaf_count=859139 181 619 675 61 412 4185 367 96 39 59768 716 27 237 724999 64 14737 1557 581 881 218 5696 616 5352 437 68 1786 69 6624 1018 1922
internal_value=-1.11922e-05 -0.00228335 -0.00272699 -0.00185947 -0.00284884 -0.00240243 0.00405714 -0.0024838 -0.00374053 -2.25317e-06 -3.03674e-05 -0.000214511 -0.00169858 -0.000149375 0.00285182 -0.000183912 -0.00363003 0.00207921 -0.00708018 -0.00460385 -0.003826 -0.00172618 -0.00597094 0.00660019 0.000132632 -0.00550162 -0.0154737 0.0031499 -0.0066248 0.000144763
internal_weight=1.69315e+06 6635 6454 5835 5160 5099 875 463 4224 1.68651e+06 1.62674e+06 763829 32115 731714 6715 18759 4022 1515 2507 934 13356 6749 6607 1053 862915 1854 950 6651 6370 861061
internal_count=1693147 6635 6454 5835 5160 5099 875 463 4224 1686512 1626744 763829 32115 731714 6715 18759 4022 1515 2507 934 13356 6749 6607 1053 862915 1854 950 6651 6370 861061
is_linear=0
shrinkage=0.05


Tree=125
num_leaves=31
num_cat=0
split_feature=10 6 21 5 19 10 18 18 19 10 19 5 21 10 9 19 19 9 8 9 5 8 3 5 8 6 17 16 5 18
split_gain=13.753 15.0227 15.01 26.0735 52.1481 38.8798 26.2682 25.8964 38.2528 61.5635 40.8489 39.2202 27.8262 39.5253 30.8883 26.7946 44.9433 52.7475 27.727 26.829 26.2636 25.8416 25.8425 24.9205 24.8575 28.4199 24.6983 40.8952 28.1713 28.1227
threshold=0.64857220649719249 4.1726610660552987 0.65450850129127514 -0.0023874805774539705 -0.97185599803924549 0.88250398635864269 0.02835773024708033 0.95037782192230236 -0.2100446820259094 0.85895386338233959 -0.27353890240192408 0.0079095256514847296 1.0000000180025095e-35 1.2167567610740664 0.00014264654600992802 -0.14133286476135251 -0.080633651465177522 0.00022257883392740044 3.6291333436965947 0.00084653412341140221 0.0039917323738336572 4.6178934574127206 -0.00051049506873823691 -0.0054270699620246879 -4.8381035327911368 0.17515373229980472 1.2017993927001955 0.87129369378089916 -0.0010579756926745174 0.995182365179062
decision_type=2 2 2 2 2 2 2 2 2 2 2 2 2 2 2 2 2 2 2 2 2 2 2 2 2 2 2 2 2 2
left_child=-1 2 7 4 5 -4 -7 -2 9 -9 -11 15 14 -14 -12 18 17 -17 -10 21 -20 22 -19 -24 25 -16 27 28 -18 -28
right_child=1 -3 3 -5 -6 6 -8 8 11 10 12 -13 13 -15 24 16 26 19 20 -21 -22 -23 23 -25 -26 -27 29 -29 -30 -31
leaf_value=0.0023013463222827713 -9.5222340410616732e-05 0.0070771138065925006 -0.045065964359623484 -0.00046266150474703064 -0.0018881401513284601 -0.0032299062310306216 -0.022716848217690745 0.029288402256676171 -0.00092021502127392907 -0.0024513947991309016 0.043088308371058252 0.096358179468603145 0.018337828465085627 -0.0064786507363356234 0.028144216370559805 0.016657611540315864 -0.0069358802472225152 0.0081393773578453798 -0.013239721012345452 0.043160894310014984 0.044164149601302105 0.016093084735224538 0.099086455248308558 -0.0081246419184806129 -0.001827403543545847 -0.031592860091871927 0.0076094981835000859 -0.0052594600222369394 0.0031338652819356662 5.0754590456253412e-05
leaf_weight=46270 1176027 6446 294 302093 19018 1170 533 2523 12152 8495 410 119 5123 1055 556 7532 3659 1509 3440 96 90 978 21 3599 5332 64 13207 24335 28377 18624
leaf_count=46270 1176027 6446 294 302093 19018 1170 533 2523 12152 8495 410 119 5123 1055 556 7532 3659 1509 3440 96 90 978 21 3599 5332 64 13207 24335 28377 18624
internal_value=-1.16056e-05 -3.54914e-05 -4.49577e-05 -0.000350347 -0.0020533 -0.00973961 -0.00684087 2.99471e-05 0.000669516 0.0025087 0.00162348 0.000301517 0.003437 0.00582713 0.001116 0.00027249 0.000568488 0.00322898 -0.00165158 -0.000185394 -0.00555241 -0.000597675 -0.00201794 -0.00430939 0.000201613 0.00967742 0.000154192 -0.000474535 0.000699213 0.00126763
internal_weight=1.69315e+06 1.64688e+06 1.64043e+06 323108 21015 1997 1703 1.31732e+06 141296 23558 21035 117738 12540 6178 6362 117619 101937 13735 15682 6203 3530 6107 5129 3620 5952 620 88202 56371 32036 31831
internal_count=1693147 1646877 1640431 323108 21015 1997 1703 1317323 141296 23558 21035 117738 12540 6178 6362 117619 101937 13735 15682 6203 3530 6107 5129 3620 5952 620 88202 56371 32036 31831
is_linear=0
shrinkage=0.05


Tree=126
num_leaves=31
num_cat=0
split_feature=12 9 10 9 8 6 6 8 15 8 9 20 9 7 20 9 4 7 10 10 4 10 2 15 2 20 8 10 7 6
split_gain=13.3862 20.3084 15.1308 15.8271 14.3791 13.3353 16.226 15.3702 21.6582 20.002 34.7946 49.5446 39.8536 36.35 29.4979 26.6907 34.3168 21.2883 19.533 19.4619 20.6074 18.8902 20.5531 17.4031 17.0591 16.3286 16.2265 22.8949 19.9611 17.383
threshold=-0.76117584109306324 8.066349619184622e-05 1.7774003148078921 8.3351551438681795e-05 10.0774302482605 2.9135404825210576 -0.030109927058219906 -8.0490031242370588 0.31249691545963293 -1.3119796514511106 0.00014136235404293987 1.0000000180025095e-35 9.0755984274437665e-05 4.3621881008148202 -0.76942089200019825 0.0007489442068617792 -0.0005198578000999986 1.706084728240967 0.84662991762161266 0.67747738957405101 0.00036870593612547969 1.4247708320617678 0.00014608030323870483 0.81409507989883434 0.00031722520361654466 0.76942089200019848 -2.9954484701156612 0.5111239254474641 0.66909959912300121 2.4049055576324467
decision_type=2 2 2 2 2 2 2 2 2 2 2 2 2 2 2 2 2 2 2 2 2 2 2 2 2 2 2 2 2 2
left_child=1 -1 5 -4 -5 6 -2 8 -8 10 11 13 -13 14 17 21 -17 24 -18 20 -19 -12 -23 -21 -9 -24 27 -16 -29 -28
right_child=2 -3 3 4 -6 -7 7 9 -10 -11 15 12 -14 -15 26 16 18 19 -20 23 -22 22 25 -25 -26 -27 29 28 -30 -31
leaf_value=0.0088596860774148526 0.00020836137998883066 0.00051487424845372831 -0.064937698178937325 -0.002158054529658554 -0.038024321180655553 0.0019876816258863283 -0.09497309466137388 0.0075835367850405015 0.0046565506919343802 -0.00025565355250743992 -0.0017725023346357172 -0.0022324202698779773 0.0131978519431323 0.083529644253097945 0.038210892375672947 -0.00056707462824443498 -0.0026246516874504078 -0.0013202637730124645 -0.014880978121683453 -0.014562744923082516 -0.069772598012954365 -0.018433510523466846 0.00013123489789897415 0.039511756553434287 0.034720392274986689 -0.015451987167799342 -0.00248091837991431 -0.0066025368542466101 -0.020381919208515471 0.034165824264950011
leaf_weight=8366 639767 221062 21 11482 45 45071 34 3874 11084 593738 125516 3564 8518 56 159 2722 785 75 2221 493 97 551 1282 59 222 403 4970 4649 2088 173
leaf_count=8366 639767 221062 21 11482 45 45071 34 3874 11084 593738 125516 3564 8518 56 159 2722 785 75 2221 493 97 551 1282 59 222 403 4970 4649 2088 173
internal_value=-1.20781e-05 0.000343027 -6.77384e-05 -0.00187045 -0.00179145 -5.34028e-05 -8.05202e-05 -0.000235556 0.00161 -0.00026269 -0.000754261 0.000815602 0.00326105 -0.000931126 -0.00106471 -0.0010953 -0.00443436 0.00224066 -0.0081171 -0.00566298 -0.0203488 -0.000945582 -0.00550089 -0.00108696 0.0036377 -0.00275964 -0.00238807 -0.00397332 -0.00441591 -0.000262493
internal_weight=1.69315e+06 229428 1.46372e+06 11548 11527 1.45217e+06 1.4071e+06 767333 11118 756215 162477 28997 12082 16915 16859 133480 5728 4820 3006 724 172 127752 2236 552 4096 1685 12039 6896 6737 5143
internal_count=1693147 229428 1463719 11548 11527 1452171 1407100 767333 11118 756215 162477 28997 12082 16915 16859 133480 5728 4820 3006 724 172 127752 2236 552 4096 1685 12039 6896 6737 5143
is_linear=0
shrinkage=0.05


Tree=127
num_leaves=31
num_cat=0
split_feature=13 12 14 7 19 18 20 5 19 9 8 5 8 19 9 19 18 4 8 19 6 8 9 5 4 2 18 9 18 18
split_gain=13.0483 24.6815 23.9101 16.8207 34.4092 24.8769 21.4729 25.909 28.6748 20.6792 19.4655 22.0804 20.4648 29.0854 18.3328 19.0795 18.2529 17.9091 21.5292 16.8716 20.191 15.7121 25.7644 20.5936 20.3044 16.896 16.8089 14.9313 27.5124 16.7142
threshold=0.20446968078613284 -0.53250363469123829 0.58688837289810192 -4.2238600254058829 0.80773079395294201 -0.34816221892833704 -0.76942089200019825 -0.0083811949007213098 -0.50941574573516835 7.4391035013832165e-05 -2.3724960088729854 -0.0012568082893267272 -7.3102135658264151 0.75613728165626537 6.6695167333818986e-05 0.76463845372200023 0.98734235763549816 -0.0010938962805084882 -4.8381035327911368 0.38469719886779791 -1.6784574985504148 -10.28252601623535 0.00046601842041127389 -0.0014010046725161371 -0.00067205957020632912 -0.00026864440587814892 0.69934985041618358 0.00066862133098766219 -0.99913862347602833 0.98868870735168468
decision_type=2 2 2 2 2 2 2 2 2 2 2 2 2 2 2 2 2 2 2 2 2 2 2 2 2 2 2 2 2 2
left_child=3 2 -2 4 6 17 7 8 -1 19 12 -12 13 -11 -9 21 -13 -6 -19 -8 -21 -16 23 25 -25 -23 -27 -5 -29 -30
right_child=1 -3 -4 27 5 -7 9 14 -10 10 11 16 -14 -15 15 -17 -18 18 -20 20 -22 22 -24 24 -26 26 -28 28 29 -31
leaf_value=-0.027827336890894307 0.0023861058269549098 8.4445170816310758e-05 -0.0056859087269426796 -0.00024506396893121397 0.054208998506378669 0.0069916643545036685 0.094337796896559994 -0.063285847908949908 0.019635355347861767 0.0050623202691006675 0.027968423465281847 -0.00098812650218285127 -0.003219598201031371 -0.017607013106456359 0.0077643696210968564 0.052150160350733825 0.090909347194163076 0.038314308140449831 -0.019862848511826861 0.027638795365529958 -0.047407841550923861 -0.011794823500623065 0.010700638033446798 0.011034531773463219 -0.033075433159702849 -0.031505801634667006 -0.0066986587572649137 -0.017677533134200073 -0.0015452599479838321 0.013860002097225155
leaf_weight=345 88409 569604 4359 947565 235 5253 189 78 80 11198 513 603 8982 451 838 101 22 330 154 333 61 1561 604 900 268 343 162 410 48608 588
leaf_count=345 88409 569604 4359 947565 235 5253 189 78 80 11198 513 603 8982 451 838 101 22 330 154 333 61 1561 604 900 268 343 162 410 48608 588
internal_value=-9.95188e-06 0.000163201 0.000919498 -0.000121219 0.00097905 0.00442063 0.000235235 -0.00263258 -0.0144706 0.00091267 0.000663788 0.00702988 0.000312636 0.00169542 -0.00159629 -0.00120368 0.00072 0.0131433 0.00764463 0.0102058 0.00431472 -0.00166809 -0.00302241 -0.00479283 0.000513699 -0.00779284 -0.0157426 -0.000158298 -0.00100391 -0.000896414
internal_weight=1.69315e+06 662372 92768 1.03078e+06 33604 5972 27632 5280 425 22352 21769 1138 20631 11649 4855 4777 625 719 484 583 394 4676 3838 3234 1168 2066 505 997171 49606 49196
internal_count=1693147 662372 92768 1030775 33604 5972 27632 5280 425 22352 21769 1138 20631 11649 4855 4777 625 719 484 583 394 4676 3838 3234 1168 2066 505 997171 49606 49196
is_linear=0
shrinkage=0.05


Tree=128
num_leaves=31
num_cat=0
split_feature=1 10 8 5 3 18 8 18 9 20 18 19 9 8 18 19 8 18 4 18 8 9 19 19 18 18 9 8 9 18
split_gain=12.9379 17.272 39.5651 23.7577 30.3021 22.747 26.0077 22.2341 29.1687 33.6551 29.0597 67.5712 41.7199 56.7426 43.4044 38.1614 43.7235 39.2727 41.7904 37.6539 33.998 39.9851 33.9376 36.55 33.2296 54.8036 31.3243 66.1647 30.9361 38.0899
threshold=-0.00063585583120584477 1.0951808691024782 -11.766439914703367 0.0052893101237714299 -0.00019602908287197349 -0.70556074380874623 9.7590799331665057 -0.98518189787864674 0.00025326137256342923 0.76942089200019848 -1.0000000180025095e-35 -0.60702770948410023 0.0005506726447492839 -2.1492030620574947 -0.73283809423446644 -0.7238691747188567 11.478415966033937 -0.5464661419391631 0.0012546651414595547 0.21004468202590945 -0.90043726563453663 0.00019495504966471347 -0.97485619783401478 -0.92799669504165638 -0.38066601753234858 -0.31523424386978144 0.00089337458484806131 -5.8146398067474356 0.0002758622140390799 -0.12836257368326184
decision_type=2 2 2 2 2 2 2 2 2 2 2 2 2 2 2 2 2 2 2 2 2 2 2 2 2 2 2 2 2 2
left_child=-1 -2 -3 7 -5 -6 -7 8 -4 -10 12 -12 13 22 -14 17 20 18 -15 -13 21 -17 -9 -24 -19 -26 -21 -28 -27 -30
right_child=1 2 3 4 5 6 -8 10 9 -11 11 19 14 15 -16 16 -18 24 -20 26 -22 -23 23 -25 25 28 27 -29 29 -31
leaf_value=0.0010982808222854579 0.00012978753333512394 0.040712905705299146 -0.0094922783936781663 -0.01466407869730983 0.013485733136452689 0.0058046428601843843 -0.013167666120728661 -0.0028612644843370228 0.00079672002180376518 -0.0093486764876775652 -0.0038738189888950949 -0.0040900688466682603 -0.0065725505737316949 0.0057111351186087678 -0.00055202041415431389 0.011028512379678574 0.033503594596711928 -0.004543280759126106 0.031979692444826624 0.00018529480388379538 -0.002725801378789017 -0.0021954082737991043 0.017735640997504333 0.0047604061897014386 0.017346789664745767 -0.0055302522338892997 0.029800586208299132 -0.012324478282769002 -0.001703990393277155 0.010247042009873792
leaf_weight=85890 1173924 504 5031 324 1786 3212 567 4734 9703 2252 52921 23185 7991 2797 29569 3446 471 5466 1186 175373 43430 4149 3219 23260 5937 7426 173 1127 7470 6624
leaf_count=85890 1173924 504 5031 324 1786 3212 567 4734 9703 2252 52921 23185 7991 2797 29569 3446 471 5466 1186 175373 43430 4149 3219 23260 5937 7426 173 1127 7470 6624
internal_value=-8.77065e-06 -4.07216e-05 -0.0003105 -0.000326803 0.00282731 0.00369272 0.0014951 -0.00037031 -0.00214294 -0.000798829 -0.000296863 -0.00062881 0.000236997 0.000693475 -0.00121672 4.6379e-05 -0.000833074 0.00127351 0.00596284 -0.000208148 -0.000973052 0.00211323 0.00252619 0.00322331 0.000706193 0.00141494 4.04702e-05 -0.00769231 0.000241636 0.00161771
internal_weight=1.69315e+06 1.60726e+06 433333 432829 5889 5565 3779 426940 16986 11955 409954 252779 157175 119615 37560 88402 51496 36906 3983 199858 51025 7595 31213 26479 32923 27457 176673 1300 21520 14094
internal_count=1693147 1607257 433333 432829 5889 5565 3779 426940 16986 11955 409954 252779 157175 119615 37560 88402 51496 36906 3983 199858 51025 7595 31213 26479 32923 27457 176673 1300 21520 14094
is_linear=0
shrinkage=0.05


Tree=129
num_leaves=31
num_cat=0
split_feature=13 18 19 3 19 19 18 10 7 10 10 5 19 4 8 8 18 4 8 3 5 8 5 7 18 18 10 8 4 4
split_gain=13.2047 14.5551 12.4018 30.5167 19.494 52.1555 97.9496 66.3281 38.1011 57.042 43.1269 36.2102 33.521 32.5026 30.7035 29.6351 29.141 25.8494 24.9193 35.1847 26.1337 25.6105 61.124 32.9925 36.1987 33.5232 63.9982 42.7814 34.8025 34.7169
threshold=1.1254198551177981 1.0000000180025095e-35 0.99980485439300548 0.00032389878469984984 0.98664098978042614 0.95819556713104259 0.19722913205623629 1.0479005575180056 1.4762572050094607 0.58605727553367626 0.70437994599342357 0.0061428435146808633 0.96648588776588451 0.00041768173105083411 13.136122703552248 -7.6525237560272208 -0.25249098241329188 -0.0028529592091217633 -11.766439914703367 -0.0001102448695746716 -0.00053619811660610129 6.4417459964752206 0.0035241066943854098 1.706084728240967 -0.12836257368326184 0.01527100056409836 1.0033369064331057 2.4645041227340703 2.6166097086388621e-05 -0.001178034348413348
decision_type=2 2 2 2 2 2 2 2 2 2 2 2 2 2 2 2 2 2 2 2 2 2 2 2 2 2 2 2 2 2
left_child=2 -2 4 -4 5 -1 8 11 10 -10 15 12 -8 16 -11 -7 -12 -18 19 -6 -21 23 -23 25 -25 26 -20 28 29 -27
right_child=1 -3 3 -5 18 6 7 -9 9 14 13 -13 -14 -15 -16 -17 17 -19 21 20 -22 22 -24 24 -26 27 -28 -29 -30 -31
leaf_value=-0.00010515565944347883 0.0094829438272288694 0.00010713889476146044 0.0088973572044388823 -0.0071556623210987103 0.042093339633359851 -0.02984169803166066 -0.0015160121088031 0.0032663604943351746 -0.052044862939337404 -0.0046466725314531498 0.012600044781425691 -0.070496570018867222 0.030513041892707562 0.011132839117984378 0.069131952756685711 0.027528105471421385 0.019173491112295816 -0.0019833911803963434 -0.0028038956041381569 0.031611740067580295 -0.036445557779478159 0.0059421226334415381 -0.016787335516873472 -0.021272851986531366 -0.0054392312554614576 0.0061591252541817465 0.0083717813328417438 -0.013235365936794398 0.0045563356135603084 -0.0061127005438360365
leaf_weight=1527259 4658 5615 8794 2120 330 190 1345 13976 251 11662 2270 38 10116 1900 209 1501 294 20138 17486 129 137 9387 858 2056 11502 2180 9534 4275 6578 16359
leaf_count=1527259 4658 5615 8794 2120 330 190 1345 13976 251 11662 2270 38 10116 1900 209 1501 294 20138 17486 129 137 9387 858 2056 11502 2180 9534 4275 6578 16359
internal_value=-1.06606e-05 0.0017765 -2.15702e-05 0.00165842 -3.25367e-05 5.9391e-06 0.00140554 0.00380962 -0.000188728 -0.00250784 0.000880462 0.00662231 0.00678388 0.000349565 -0.0020091 0.00860438 -0.000176196 -0.000773297 -0.000790115 0.00939597 -0.00413534 -0.000865798 0.00146901 -0.00120766 -0.00342233 -0.000675388 0.000595855 -0.00184404 -0.00105705 -0.0021657
internal_weight=1.69315e+06 10273 1.68287e+06 10914 1.67196e+06 1.59115e+06 63890 25475 38415 12122 26293 11499 11461 24602 11871 1691 22702 20432 80811 596 266 80215 10245 69970 13558 56412 27020 29392 25117 18539
internal_count=1693147 10273 1682874 10914 1671960 1591149 63890 25475 38415 12122 26293 11499 11461 24602 11871 1691 22702 20432 80811 596 266 80215 10245 69970 13558 56412 27020 29392 25117 18539
is_linear=0
shrinkage=0.05


Tree=130
num_leaves=31
num_cat=0
split_feature=10 20 7 7 21 18 10 19 19 20 18 18 4 4 8 7 2 19 18 18 19 4 8 18 18 8 19 18 4 18
split_gain=12.6331 18.4731 23.8175 16.764 22.8947 32.5273 25.0971 21.7272 32.7866 26.1029 22.0329 28.4942 19.7223 25.1065 20.147 36.5501 18.7965 18.7916 17.6483 16.5309 16.3589 17.4376 16.341 22.7538 28.7064 25.3121 28.1905 22.4181 21.8733 16.6092
threshold=0.64857220649719249 0.76942089200019848 -5.1402227878570548 -0.33398321270942682 1.0000000180025095e-35 0.98734235763549816 0.55844441056251537 0.78396254777908336 0.36040300130844122 1.0000000180025095e-35 -0.77576932311058033 -0.70556074380874623 -0.0002130198845406994 -0.0030747189885005351 -1.6667580008506773 -3.2831919193267818 -0.00046001523151062424 0.86051779985427868 -0.79994463920593251 -0.78396254777908314 0.95305636525154125 -0.00061772466870024789 -4.8381035327911368 -0.61393940448760975 -0.95037782192230214 -10.891653537750242 -0.53176689147949208 -0.99428912997245777 -0.00023883453104645011 -0.93743178248405445
decision_type=2 2 2 2 2 2 2 2 2 2 2 2 2 2 2 2 2 2 2 2 2 2 2 2 2 2 2 2 2 2
left_child=1 3 -3 4 5 7 18 8 -1 16 12 -12 13 -10 15 -14 -9 -18 -6 -8 21 -19 23 24 27 -26 -27 -5 -25 -28
right_child=-2 2 -4 22 6 -7 19 9 10 -11 11 -13 14 -15 -16 -17 17 20 -20 -21 -22 -23 -24 28 25 26 29 -29 -30 -31
leaf_value=0.011208563770561942 -6.6286724511144257e-05 0.033206494183585379 -0.0037062581046109211 0.039474546641390829 -0.0052644813440851151 0.10558069980991003 0.022488728601462629 0.071710630241877876 0.071325285889201132 0.021715135821974596 0.05134100328005612 -0.011140551160537283 -0.069401616170252839 -0.037050872987581356 -0.037878605423216097 0.0387694667631098 0.021528894393773836 0.0061295882308561311 0.041247039511866618 0.0042823861807283151 -0.0058449513783496165 -0.050323691264444428 0.0025900490430795899 0.036526448598161877 0.11452608746193516 0.074684215818253408 0.072052710633485173 -0.044627326543578996 -0.020422781412639604 -0.0044772712130626393
leaf_weight=1785 1646877 270 10908 44 296 120 1079 52 31 1459 240 1602 52 598 143 143 634 80 1531 3719 649 180 18186 89 122 73 41 186 1279 679
leaf_count=1785 1646877 270 10908 44 296 120 1079 52 31 1459 240 1602 52 598 143 143 634 80 1531 3719 649 180 18186 89 122 73 41 186 1279 679
internal_value=-1.08378e-05 0.000803977 -0.000966184 0.00136783 0.00267839 0.000836766 0.00483774 0.000431485 -0.0017414 0.00370007 -0.00510858 -0.00190011 -0.0112203 -0.0164547 -0.00147929 0.00897436 -0.000721003 -0.00171743 0.00982485 0.00293872 -0.00632563 -0.0169231 0.000456544 -0.00332272 0.00187773 0.00584699 0.00258512 -0.013913 -0.00767544 -0.000416667
internal_weight=1.69315e+06 46270 11178 35092 14393 7768 6625 7648 4594 3054 2809 1842 967 629 338 195 1595 1543 1827 4798 909 260 20699 2513 1145 915 793 230 1368 720
internal_count=1693147 46270 11178 35092 14393 7768 6625 7648 4594 3054 2809 1842 967 629 338 195 1595 1543 1827 4798 909 260 20699 2513 1145 915 793 230 1368 720
is_linear=0
shrinkage=0.05


Tree=131
num_leaves=31
num_cat=0
split_feature=19 9 5 19 21 4 10 8 5 5 9 21 10 5 5 2 8 3 8 18 10 4 9 17 9 8 18 19 8 10
split_gain=12.2781 40.9015 49.3976 34.8569 43.6357 34.5783 28.3384 38.8686 36.8061 26.9532 27.057 43.379 28.2919 26.3002 25.3651 25.3605 26.6464 28.0166 24.7389 49.1893 41.3872 36.7398 34.0082 26.9316 25.7068 24.4966 23.7381 23.6077 47.8832 26.6329
threshold=-0.99115538597106922 0.00012956088175997141 0.00019387512293178591 -0.98035496473312367 1.0000000180025095e-35 0.00014679546438856053 0.93771305680274974 -5.5121369361877433 -0.00085670681437477459 -0.0020998695399612184 0.00044995050120633101 0.65450850129127514 1.0410991907119753 -0.0040254744235426179 -0.0064223564695566884 -0.00037674250779673452 -9.8024978637695295 1.3172540548112012e-05 1.2469815611839297 -0.089328680187463746 1.2435755133628847 0.0003880105796270073 0.00024112046230584386 0.77545163035392772 0.00044995050120633101 5.1614484786987314 0.10669767111539842 -0.99771150946617115 -3.0569686889648433 1.6374445557594302
decision_type=2 2 2 2 2 2 2 2 2 2 2 2 2 2 2 2 2 2 2 2 2 2 2 2 2 2 2 2 2 2
left_child=1 2 6 4 -2 -4 7 8 -1 10 13 12 -12 -3 -6 -15 17 -17 23 -20 24 -22 -23 -11 -21 -24 -9 28 -14 -29
right_child=3 9 5 -5 14 -7 -8 26 -10 18 11 -13 27 15 -16 16 -18 -19 19 20 21 22 25 -25 -26 -27 -28 29 -30 -31
leaf_value=0.017022601611308998 0.00097007284137183851 0.013113599830421575 -0.0045035919521657641 -9.730470825830563e-06 -0.035554023527159105 -0.03467289716595362 -0.018242972491253461 0.034856069603175312 -0.06774135821413392 0.012040981018407821 0.028069612135099765 -0.013812355267221743 0.0060926971594666762 -0.0023070044495818731 -0.0065947084116848576 -0.0075764530566900801 -0.021404336643469458 0.095349426662186654 0.011159957533259064 -0.0024839966843095309 0.03394390148011843 -0.024683384066980309 -0.0019213837390803568 0.0031418762532153923 -0.015624565466694629 0.019799356305535587 -0.02813310996153633 0.020821927644787786 -0.029289745044788658 -0.011071390644505786
leaf_weight=79 14998 248 613 1580591 123 918 843 865 137 7320 544 710 629 1269 21985 135 1777 47 4834 20915 814 218 1358 27679 1142 1056 135 784 228 153
leaf_count=79 14998 248 613 1580591 123 918 843 865 137 7320 544 710 629 1269 21985 135 1777 47 4834 20915 814 218 1358 27679 1142 1056 135 784 228 153
internal_value=-1.11331e-05 0.000612326 -0.0045961 -4.02115e-05 -0.001555 -0.0113978 0.000461389 0.00534539 -0.0138889 0.00087253 -0.00219191 0.00124672 0.00453379 -0.00520713 -0.00296725 -0.00641264 -0.00997958 0.00824176 0.00117852 0.0001335 -0.00074305 0.00435287 0.00148176 0.00208435 -0.00153919 0.00318973 0.0095 0.00150502 -0.00449242 0.00699039
internal_weight=1.69315e+06 75450 3590 1.6177e+06 37106 1531 2059 1216 216 71860 6524 3048 2338 3476 22108 3228 1959 182 65336 30337 25503 3446 2632 34999 22057 2414 1000 1794 857 937
internal_count=1693147 75450 3590 1617697 37106 1531 2059 1216 216 71860 6524 3048 2338 3476 22108 3228 1959 182 65336 30337 25503 3446 2632 34999 22057 2414 1000 1794 857 937
is_linear=0
shrinkage=0.05


Tree=132
num_leaves=31
num_cat=0
split_feature=16 10 9 18 4 18 19 18 4 3 18 4 10 4 18 19 19 3 19 8 9 20 8 18 8 18 9 19 21 19
split_gain=12.1407 12.7757 38.702 44.5418 25.3502 33.0511 47.8007 62.0566 43.4346 36.5578 27.3534 24.8311 24.8095 23.8255 23.5581 23.4662 23.3143 50.6294 27.7249 22.7298 21.6755 21.625 20.8404 29.0656 22.9946 44.5719 35.6326 31.1696 28.5631 37.3877
threshold=3.0296742916107182 1.3120177984237673 0.00011018203804269434 0.02835773024708033 0.00047118290967773652 -1.0000000180025095e-35 -0.8153785467147826 0.2861058115959168 -0.0059160899836570016 -0.0012322206748649476 0.21004468202590945 -0.00012174989751656538 1.7774003148078921 -0.0033838119124993678 -0.44424325227737421 0.96648588776588451 0.96648588776588451 0.00045450132165569817 0.99980485439300548 -1.2095598578453062 0.0001254266389878467 0.76942089200019848 4.9988200664520273 -0.49052239954471583 -0.44556882977485651 -0.089328680187463746 0.00040584543603472417 -0.9543684422969817 0.65450850129127514 -0.2185685262084007
decision_type=2 2 2 2 2 2 2 2 2 2 2 2 2 2 2 2 2 2 2 2 2 2 2 2 2 2 2 2 2 2
left_child=1 -1 3 14 5 8 7 10 21 12 -7 -5 -9 19 -3 -16 -6 18 20 -8 -18 -4 24 -24 26 -26 27 -10 -28 -30
right_child=-2 2 4 11 16 6 13 9 22 -11 -12 -13 -14 -15 15 -17 17 -19 -20 -21 -22 -23 23 -25 25 -27 28 -29 29 -31
leaf_value=5.7023714937742836e-05 0.0055864982403243668 -0.022886211710455264 -0.0061184928972905289 -0.034961582724634344 0.0017730497026210658 -0.006213491971565472 0.0060360729308349768 -0.0016655492098391123 -0.0054962719640192729 -0.021679399908510411 0.011843227433926627 -0.016827278593591045 -0.021785158641478425 -0.0022310244416979931 0.055064513930324549 0.0020790649744104163 0.086851099097311424 -0.0082768601104353367 -0.027503104141305891 -0.019857347989981424 0.0090908359427424642 -0.021689635776187068 -0.012215885951397937 0.032441339974968585 -0.0038587418413409957 0.013842293257410626 0.0011952476435455441 0.0082656122624329871 -0.0097687602289941999 0.013724283554788153
leaf_weight=1543189 6491 509 1682 508 39381 2732 2098 859 1479 1699 678 1037 112 45934 108 1349 76 4519 96 67 1486 397 174 274 10689 1370 12915 8611 2204 424
leaf_count=1543189 6491 509 1682 508 39381 2732 2098 859 1479 1699 678 1037 112 45934 108 1349 76 4519 96 67 1486 397 174 274 10689 1370 12915 8611 2204 424
internal_value=-9.12502e-06 -1.74309e-05 -0.000468749 -0.00565366 -0.000338678 -0.000806161 -0.00161225 -0.00578947 0.000279719 -0.0114981 -0.00131965 -0.0120065 -0.00375901 -0.00108422 -0.000661241 0.00257378 0.000629966 -0.002226 0.00524729 0.00404157 0.00685019 -0.00675806 0.000663346 0.0113839 0.000535923 -0.00126462 0.00138298 0.00369673 -0.000119025 -0.00487062
internal_weight=1.69315e+06 1.68666e+06 143467 3511 139956 94398 54179 6080 40219 2670 3410 1545 971 48099 1966 1457 45558 6177 1658 2165 1562 2079 38140 448 37692 12059 25633 10090 15543 2628
internal_count=1693147 1686656 143467 3511 139956 94398 54179 6080 40219 2670 3410 1545 971 48099 1966 1457 45558 6177 1658 2165 1562 2079 38140 448 37692 12059 25633 10090 15543 2628
is_linear=0
shrinkage=0.05


Tree=133
num_leaves=31
num_cat=0
split_feature=13 2 15 12 13 8 10 19 4 19 19 3 8 19 19 19 10 8 19 5 19 4 15 10 8 5 10 3 4 5
split_gain=12.0939 12.3353 12.5425 11.9529 15.9405 14.2112 14.0502 19.7297 30.7775 42.3919 13.7868 27.1664 25.4968 19.5871 47.7553 56.1727 45.8013 28.3183 59.3776 29.7362 27.7063 34.4597 26.881 25.8472 24.481 48.7362 22.2394 22.7157 21.4677 20.9893
threshold=1.3106148242950442 0.0013750274083577099 0.37089534103870397 -1.8558835983276365 1.0298378467559817 -9.3860158920288068 1.9385754466056826 0.40872775018215185 -0.0045338675845414391 0.15858851373195651 0.99959546327590953 0.00033104898466262972 5.2448186874389657 0.98664098978042614 0.95819556713104259 0.97581917047500621 0.84023258090019237 -10.891653537750242 0.99674141407012951 -0.0005939876427873968 0.98035496473312389 0.0002044826251221821 0.44643211364746099 0.8711027503013612 8.9604048728942889 0.003732264158315957 0.93771305680274974 0.0011208330979570749 0.0022509375121444468 0.0024484200403094296
decision_type=2 2 2 2 2 2 2 2 2 2 2 2 2 2 2 2 2 2 2 2 2 2 2 2 2 2 2 2 2 2
left_child=3 2 -2 4 5 -1 10 8 9 -8 13 -12 -13 14 -5 -16 20 18 19 -15 -17 -22 -21 -20 26 29 28 -28 -19 -26
right_child=1 -3 -4 6 -6 -7 7 -9 -10 -11 11 12 -14 17 15 16 -18 24 23 22 21 -23 -24 -25 25 -27 27 -29 -30 -31
leaf_value=0.014094003758266617 0.012668118579932431 0.039607372309758748 0.0011783162859667852 -0.00011160509110294536 0.062803424707779471 0.0018442825496064463 -0.013463079621863279 -0.0074985272491307044 0.0036529945903516245 0.029568823828310303 0.0074131058442543536 -0.012274192222639958 0.0067992145724595447 0.071905441119072197 0.007001492293380907 0.033623203138185724 -0.0023864347615888959 -0.005654986934412071 -0.046162991987830054 0.081755013778951349 0.01455009648646346 -0.0092461502652745331 -0.040851623622202939 0.034536958135518651 0.0091025182131160287 -0.017294290968105832 -0.0003470057135552707 -0.012194253554438218 0.024804995277922511 0.036626506481604336
leaf_weight=1389 1010 241 3727 1511112 66 17605 567 3109 2694 58 12327 1819 1205 335 30713 2181 24105 29490 187 106 2901 1652 71 69 3521 511 38396 1301 292 387
leaf_count=1389 1010 241 3727 1511112 66 17605 567 3109 2694 58 12327 1819 1205 335 30713 2181 24105 29490 187 106 2901 1652 71 69 3521 511 38396 1301 292 387
internal_value=-1.007e-05 0.00245078 0.00188938 -1.73265e-05 0.0012277 0.00114247 -3.15438e-05 -0.00236465 0.00031636 -0.00968 -2.25239e-05 0.00146896 -0.00277778 -3.64226e-05 1.14455e-06 0.00136632 -0.000141055 -0.000827686 0.00872396 0.0185547 0.0035046 0.00128487 0.0019774 -0.0109375 -0.000926953 0.0026816 -0.00115646 -0.000381641 -0.00218924 0.00458035
internal_weight=1.69315e+06 4978 4737 1.68817e+06 19060 18994 1.66911e+06 6428 3319 625 1.66268e+06 15351 3024 1.64733e+06 1.57266e+06 61552 30839 74666 768 512 6734 4553 177 256 73898 4419 69479 39697 29782 3908
internal_count=1693147 4978 4737 1688169 19060 18994 1669109 6428 3319 625 1662681 15351 3024 1647330 1572664 61552 30839 74666 768 512 6734 4553 177 256 73898 4419 69479 39697 29782 3908
is_linear=0
shrinkage=0.05


Tree=134
num_leaves=31
num_cat=0
split_feature=13 11 1 14 9 8 20 19 8 3 1 10 19 8 14 3 17 19 19 8 7 7 19 9 8 10 21 16 8 21
split_gain=11.8181 14.4305 12.2988 11.758 11.484 20.4981 21.221 20.2275 31.5709 21.7147 19.9731 22.8992 21.4236 18.9464 18.4802 18.4209 19.5325 17.5569 47.9939 31.6674 43.3181 27.5013 26.0446 24.789 45.0101 31.8581 31.587 24.6704 24.4428 23.6012
threshold=0.67678621411323558 3.2541915178298955 -0.00051455025095492591 0.015030219219624998 0.00034749765472952282 13.136122703552248 -0.76942089200019825 -0.2100446820259094 14.866724967956545 0.0023369283881038432 -0.00045926982420496637 1.9385754466056826 -0.7589854598045348 -3.2359243631362911 0.092724379152059569 -0.0013804721529595552 0.99313700199127208 0.46754305064678198 0.55738157033920299 -3.1771898269653316 0.88896659016609203 -3.5528860092163081 0.33586180210113531 0.0005506726447492839 -5.9204986095428458 1.3291264772415163 1.0000000180025095e-35 0.68087559938430797 -10.891653537750242 0.65450850129127514
decision_type=2 2 2 2 2 2 2 2 2 2 2 2 2 2 2 2 2 2 2 2 2 2 2 2 2 2 2 2 2 2
left_child=4 -2 -3 -4 10 17 7 8 -7 -10 12 15 -1 -13 -8 16 -12 22 27 23 21 -21 -6 26 25 -25 -20 -19 -28 -27
right_child=1 2 3 -5 5 6 14 -9 9 -11 11 13 -14 -15 -16 -17 -18 18 19 20 -22 -23 -24 24 -26 29 28 -29 -30 -31
leaf_value=0.0062330840681085187 0.0010474633876172534 0.03905462679467922 0.027104732898096562 0.0020928543978182557 -0.00042093865499706065 0.0042954832983163388 -0.0098326304787679231 0.01305784738678213 0.13287806590861975 -0.00078941239255244104 0.00040153992354098893 -0.029039696651975179 0.00091296248267993543 -0.0077857095058975652 0.011073704708607392 4.2771633347826747e-05 -0.0083598883757791797 -0.015635414889332119 0.0064951993548227954 0.022704933023845325 0.00081256874252769737 -0.0049259510510576369 0.0051455584346270346 0.036839545050932176 0.0014841032550019673 -0.0034688454099445101 -0.031859493262863449 -0.005911667430946288 -0.0029394804971946409 0.068192012985339098
leaf_weight=13509 76278 179 450 1017 359558 105 661 213 121 30 3776 140 40497 716 1110 1129419 4267 1364 3484 302 16036 18224 7704 973 2415 413 174 4508 5446 58
leaf_count=13509 76278 179 450 1017 359558 105 661 213 121 30 3776 140 40497 716 1110 1129419 4267 1364 3484 302 16036 18224 7704 973 2415 413 174 4508 5446 58
internal_value=-8.5344e-06 0.000592885 0.00522479 0.00371506 -3.7549e-05 -0.00026141 0.00450893 0.0139659 0.0234375 0.0380795 4.1851e-05 -2.72332e-06 0.000981372 -0.00817757 0.00200452 3.42869e-06 -0.00238095 -0.000286812 -0.00113396 -0.000607049 -0.00139749 -0.00304437 -0.000163643 0.00150042 0.00485877 0.0118421 7.68893e-05 -0.0053985 -0.00224199 0.00116773
internal_weight=1.69315e+06 77924 1646 1467 1.61522e+06 422899 2240 469 256 151 1.19232e+06 1.13832e+06 54006 856 1771 1.13746e+06 8043 420659 53397 47525 34562 18526 367262 12963 3859 1444 9104 5872 5620 471
internal_count=1693147 77924 1646 1467 1615223 422899 2240 469 256 151 1192324 1138318 54006 856 1771 1137462 8043 420659 53397 47525 34562 18526 367262 12963 3859 1444 9104 5872 5620 471
is_linear=0
shrinkage=0.05


Tree=135
num_leaves=31
num_cat=0
split_feature=18 9 10 5 20 8 20 8 6 5 10 5 3 8 12 15 8 8 9 8 15 2 5 8 6 10 8 18 19 19
split_gain=11.9639 38.5001 34.153 23.4787 27.0784 25.5935 25.2694 63.2131 50.6686 36.4547 21.524 21.2574 20.5647 19.8011 19.0281 20.4034 18.8168 20.2246 18.0505 17.4747 21.9966 24.2516 18.6038 16.9771 24.4767 16.967 16.7606 16.4529 42.5001 93.5507
threshold=-0.99959546327590931 0.00066862133098766219 1.9385754466056826 -0.00049415515968576063 0.76942089200019848 -6.0223786830902091 1.0000000180025095e-35 0.60376441478729259 1.0638664960861208 -3.4660701203392812e-05 0.9572913944721223 0.0029277219437062745 -0.00078061880776658643 -5.5121369361877433 0.95518392324447643 0.77782008051872265 -3.9350563287734981 -2.4267622232437129 0.00012406220776028934 8.5314836502075213 0.6313551962375642 -0.0003184289089404046 0.0028126583201810722 -10.28252601623535 -2.5888004302978511 0.93405270576477062 -1.8765496611595152 -0.78396254777908314 0.49052239954471594 0.33586180210113531
decision_type=2 2 2 2 2 2 2 2 2 2 2 2 2 2 2 2 2 2 2 2 2 2 2 2 2 2 2 2 2 2
left_child=1 3 26 10 6 -6 14 9 -9 -8 -1 12 -7 23 15 16 -5 25 -11 22 21 -21 -19 24 -12 -18 -3 28 29 -2
right_child=27 2 -4 4 5 11 7 8 -10 18 13 -13 -14 -15 -16 -17 17 19 -20 20 -22 -23 -24 -25 -26 -27 -28 -29 -30 -31
leaf_value=0.0047017259389660173 -0.00093526808930485263 -0.01290057419573596 0.040724153874520032 0.022995236309489343 0.057058143907777317 -0.026501860408975966 0.019593215594750468 0.050338009521988483 0.0078741492684643484 -0.074486405053358282 0.039261860836744433 -0.040531986423963245 -0.0012689343313767032 -0.013888605998220178 -0.0064466550579939663 0.035846200143210827 -0.029908234656423994 0.0097626487399865465 -0.016653361015109402 0.034295326953847773 0.027669080876655039 -0.020620042339524455 -0.023366298413511111 0.011466188239575814 -0.046711964322691625 0.0081530120602482936 -0.032784281484297816 0.00013066144390440072 -0.0031768404631535687 0.0041662477602101514
leaf_weight=2825 268571 187 79 529 87 97 285 711 484 32 29 104 1828 1670 651 366 219 3544 428 59 187 282 127 707 76 138 197 1318743 43088 46817
leaf_count=2825 268571 187 79 529 87 97 285 711 484 32 29 104 1828 1670 651 366 219 3544 428 59 187 282 127 707 76 138 197 1318743 43088 46817
internal_value=-7.7666e-06 0.0013561 -0.012851 0.00178144 0.0031896 -0.0018431 0.0045138 0.00948454 0.0166109 -0.00194631 -0.000913887 -0.00298176 -0.00179221 -0.00431104 0.00293346 0.00389837 0.00307768 0.00204126 -0.0106522 0.00301262 -0.00549242 -0.0130499 0.0042359 0.0020936 -0.0166667 -0.00938375 -0.0190104 -2.07188e-05 -0.000321081 -0.000119852
internal_weight=1.69315e+06 15928 463 15465 10158 2116 8042 1940 1195 745 5307 2029 1925 2482 6102 5451 5085 4556 460 4199 528 341 3671 812 105 357 384 1.67722e+06 358476 315388
internal_count=1693147 15928 463 15465 10158 2116 8042 1940 1195 745 5307 2029 1925 2482 6102 5451 5085 4556 460 4199 528 341 3671 812 105 357 384 1677219 358476 315388
is_linear=0
shrinkage=0.05


Tree=136
num_leaves=31
num_cat=0
split_feature=9 8 5 6 21 11 5 5 7 12 8 4 19 21 5 8 5 20 5 19 6 4 19 19 8 15 19 19 19 7
split_gain=11.5587 32.9557 25.1751 22.0488 20.9036 20.4127 21.2615 18.6633 19.0012 16.247 16.1401 27.185 15.9614 22.9972 19.9843 17.0636 16.4033 15.4681 21.9804 14.6296 14.4947 13.612 15.6748 13.1041 12.2959 13.0738 11.8278 48.7474 56.5974 30.1219
threshold=4.8490544941159903e-05 -10.891653537750242 0.00070064552710391592 -0.47398805618286127 1.0000000180025095e-35 0.34211228787899023 0.00014906010619597512 -0.00046675367048010225 -0.309375450015068 -1.4736769199371336 1.816386938095093 0.00015478129353141415 0.99851059913635265 0.65450850129127514 4.7026958782225854e-05 9.458656311035158 0.00034725596196949487 -0.76942089200019825 -0.00025260659458581353 0.31109040975570684 -2.053595662117004 -5.6834645874914706e-05 0.82535797357559215 0.90164175629615795 -6.1296253204345694 0.70173904299736034 0.98664098978042614 0.95819556713104259 0.97581917047500621 -3.8096457719802852
decision_type=2 2 2 2 2 2 2 2 2 2 2 2 2 2 2 2 2 2 2 2 2 2 2 2 2 2 2 2 2 2
left_child=1 5 3 4 7 -1 20 -3 -9 -5 -4 -12 17 14 -14 -16 -15 18 -11 -20 23 -22 -23 -7 -21 -26 27 -2 29 -29
right_child=26 2 10 9 -6 6 -8 8 -10 12 11 -13 13 16 15 -17 -18 -19 19 24 21 22 -24 -25 25 -27 -28 28 -30 -31
leaf_value=-0.068089194242219972 -8.6732880129086753e-05 0.068967036748005334 -0.10232350899049557 0.086227012183594173 0.035458926269116918 0.11293836527383996 0.22685217339170963 -0.020477204255416638 0.079363015000035578 -0.061218103992693444 0.16182838834239788 0.014734600332103477 0.1831820837065668 -0.065511993090731413 0.008335195789962847 0.13671759751236387 0.10429719312119308 -0.0079298428611147449 0.22117036064280021 0.63020533069089824 -0.04870186221506978 -0.0458919652983516 0.10640598530132162 -0.010941181839071203 -0.0065342428966929768 0.058077613377780057 -0.0012577310779154417 0.02490992079137009 -0.00023718613496175324 0.0059713772398027557
leaf_weight=154 1532506 98 20 64 1424 41 21 607 112 30 99 145 112 118 205 42 26 2874 32 22 127 61 37 75 132 35 89978 1453 31653 30844
leaf_count=154 1532506 98 20 64 1424 41 21 607 112 30 99 145 112 118 205 42 26 2874 32 22 127 61 37 75 132 35 89978 1453 31653 30844
internal_value=-7.47129e-06 0.00206316 0.00307407 0.00240182 0.00631415 -0.0100775 -0.00359116 -6.11995e-05 -0.00285118 2.70856e-05 0.0181818 0.0217213 -0.000413451 0.00785288 0.014624 0.00668016 -0.00902778 -0.001744 0.0101594 0.0156109 -0.00659824 -0.014 0 0.00775862 0.0103175 0.00568862 -1.57136e-05 1.57223e-05 0.00136826 0.00284082
internal_weight=1.69315e+06 6713 6197 5933 2241 516 362 817 719 3692 264 244 3628 503 359 247 144 3125 251 221 341 225 98 116 189 167 1.68643e+06 1.59646e+06 63950 32297
internal_count=1693147 6713 6197 5933 2241 516 362 817 719 3692 264 244 3628 503 359 247 144 3125 251 221 341 225 98 116 189 167 1686434 1596456 63950 32297
is_linear=0
shrinkage=0.05


Tree=137
num_leaves=31
num_cat=0
split_feature=8 18 21 18 19 9 4 18 9 5 4 10 4 19 17 19 6 10 19 18 10 17 5 9 1 9 9 18 19 19
split_gain=11.4314 37.3791 52.0467 47.6629 33.0009 69.3166 46.5386 46.1422 40.7969 39.9671 39.1775 38.6366 33.0809 32.5749 31.7149 31.0082 72.5922 37.6902 35.9596 64.3793 46.6683 36.5086 35.1441 59.6207 32.12 30.9818 30.6094 31.3962 82.0492 75.6219
threshold=1.0484770536422732 0.29862368106842047 0.65450850129127514 -0.75039777159690846 -0.23556562513113019 0.00045494968071579939 -0.0026660604635253544 0.7357999086380006 7.7547047112602754e-05 0.0012453784584067764 0.0030355228809639816 1.1811683177948 -0.0045338675845414391 0.19722913205623629 1.0238485336303713 -0.92799669504165638 -2.0960417985916133 0.87505215406417858 0.041439602151513107 0.77851521968841564 0.87689021229743969 0.95588901638984691 0.001868706080131233 0.00066862133098766219 -0.00063585583120584477 0.0001465181267121807 4.8490544941159903e-05 0.17149884253740313 0.49052239954471594 0.96304282546043407
decision_type=2 2 2 2 2 2 2 2 2 2 2 2 2 2 2 2 2 2 2 2 2 2 2 2 2 2 2 2 2 2
left_child=1 3 15 13 5 -4 -7 -8 -6 10 12 -9 -10 14 -1 16 -3 -18 19 21 -21 22 25 -24 -23 -17 -2 28 -28 -29
right_child=26 2 4 -5 8 6 7 11 9 -11 -12 -13 -14 -15 -16 18 17 -19 -20 20 -22 24 23 -25 -26 -27 27 29 -30 -31
leaf_value=-0.00097181661959211407 0.01726244074992165 0.021996409755154281 0.00055307788195262943 0.0011695513244149413 0.02077239205754371 0.0031524179664619125 -0.022573182113346382 0.0014279965955824869 0.022936887773707816 0.020786585620084588 -0.041281684789897161 -0.021877338107839941 -0.0058684592407465654 0.00077496722378762601 -0.0042282998741658643 0.016582341877863307 0.0026465190943722352 -0.011424882698732554 -0.0012695793941703783 0.0096382023745737126 0.001636331492009524 0.0043897170739017003 -0.030810319256986293 0.1012078147434798 -0.0055228705274080088 -6.6963459910668321e-05 0.00056688031155191498 0.00069451591274566349 -0.0028057941359679651 0.01258979673099333
leaf_weight=116523 2984 964 31532 323500 993 881 1191 974 221 932 67 487 46932 81279 30131 2652 2189 6642 155348 14517 76847 2574 456 46 23368 35348 274060 333145 113976 12388
leaf_count=116523 2984 964 31532 323500 993 881 1191 974 221 932 67 487 46932 81279 30131 2652 2189 6642 155348 14517 76847 2574 456 46 23368 35348 274060 333145 113976 12388
internal_value=-7.47129e-06 -0.000121473 -0.000486103 0.000146437 -0.00159245 -0.000420647 -0.00706199 -0.0103695 -0.00242853 -0.0026354 -0.00283778 -0.00441478 -0.00278349 -0.000407357 -0.000852346 -0.000195824 -0.0029658 -0.00438795 -0.000108627 0.000428091 0.00128169 -0.000782074 0.000194795 -0.0129482 -0.0022319 0.000368421 0.000140587 0.00012003 -0.000188642 0.00046667
internal_weight=1.69315e+06 956594 405161 551433 84210 35065 3533 2652 49145 48152 47220 1461 47153 227933 146654 320951 9795 8831 311156 155808 91364 64444 38502 502 25942 38000 736553 733569 388036 345533
internal_count=1693147 956594 405161 551433 84210 35065 3533 2652 49145 48152 47220 1461 47153 227933 146654 320951 9795 8831 311156 155808 91364 64444 38502 502 25942 38000 736553 733569 388036 345533
is_linear=0
shrinkage=0.05


Tree=138
num_leaves=31
num_cat=0
split_feature=13 12 9 8 5 6 21 20 9 9 19 19 19 8 19 9 9 19 10 9 20 19 10 7 9 19 4 10 19 19
split_gain=11.2274 17.1237 13.315 12.2691 30.8159 39.1785 38.4637 35.699 45.03 36.4307 33.7289 33.1873 26.5106 25.4908 29.1969 42.1367 33.776 25.3553 39.5158 24.9364 49.9746 47.8493 37.0691 24.1569 24.1418 32.3429 26.726 27.575 25.6471 25.5005
threshold=0.56700813770294201 -1.1190215349197385 0.0004358102305559442 -3.2359243631362911 -0.0017754690488800404 -0.41376383602619166 0.65450850129127514 1.0000000180025095e-35 0.0014222073950804772 0.00047181016998365527 -0.91265374422073353 -0.87777194380760182 0.98035496473312389 1.0484770536422732 -0.91265374422073353 8.5867995949229239e-05 0.00077746369061060261 0.67074871063232433 0.85895386338233959 5.6667309763724922e-05 -0.76942089200019825 0.99799686670303356 0.5111239254474641 1.8916843533515932 0.00034223073453176772 0.45593219995498663 -0.0010702673462219534 0.5111239254474641 0.79994463920593273 0.18437977880239489
decision_type=2 2 2 2 2 2 2 2 2 2 2 2 2 2 2 2 2 2 2 2 2 2 2 2 2 2 2 2 2 2
left_child=3 2 -2 4 5 6 12 8 11 -9 -11 -7 -1 14 15 -5 -16 -12 -19 20 -15 -22 -21 -6 26 29 -13 28 -28 -26
right_child=1 -3 -4 13 23 7 -8 9 -10 10 17 24 -14 19 16 -17 -18 18 -20 22 21 -23 -24 -25 25 -27 27 -29 -30 -31
leaf_value=0.00089036408319940205 0.0071403373836939239 0.00073034812447753117 0.029894828483115133 0.078072978443134378 0.0012464838449612993 -0.0087116807154414728 -0.0030906261420346167 -0.010838192934102915 -0.020559792853661652 0.015848447095945063 -0.005671522994532819 0.024761826350770833 0.015076439837973576 0.05157827949466233 -0.00098491302392937348 0.0010738146458497688 -0.0043210558887408603 0.054860331242748722 -0.0072898924578675313 -0.016195956160270475 -0.00033747228412028818 0.066017037267873391 0.00013754549840998555 -0.0061689198584942376 -0.00014103746559064324 -0.010317408248635696 0.16868207191940529 0.0025242287227059458 -0.019528541490136931 0.021472373108199733
leaf_weight=75382 2962 127949 419 197 246783 3353 19234 8172 303 762 4135 839 1464 402 417366 75915 12544 195 243 1927 4252 868 668264 5141 8236 1410 86 3759 25 560
leaf_count=75382 2962 127949 419 197 246783 3353 19234 8172 303 762 4135 839 1464 402 417366 75915 12544 195 243 1927 4252 868 668264 5141 8236 1410 86 3759 25 560
internal_value=-7.70754e-06 0.000436305 0.00394854 -4.50437e-05 0.000202062 -0.000429158 7.59784e-05 -0.00194214 -0.000519627 -0.00389798 -0.000684161 -0.00020254 0.000576478 -0.00012452 -0.000392868 0.000509775 -0.000552674 -0.00230702 0.00913242 7.64378e-05 0.00342267 0.00208984 4.88667e-05 0.000523174 0.000807911 -0.000558495 0.00376938 0.0020155 0.0265766 0.00056844
internal_weight=1.69315e+06 131330 3381 1.56182e+06 380082 128158 96080 32078 18571 13507 5335 18268 76846 1.18174e+06 506022 76112 429910 4573 438 675713 5522 5120 670191 251924 14915 10206 4709 3870 111 8796
internal_count=1693147 131330 3381 1561817 380082 128158 96080 32078 18571 13507 5335 18268 76846 1181735 506022 76112 429910 4573 438 675713 5522 5120 670191 251924 14915 10206 4709 3870 111 8796
is_linear=0
shrinkage=0.05


Tree=139
num_leaves=31
num_cat=0
split_feature=10 8 15 9 10 19 3 18 19 4 20 4 5 15 19 19 8 8 19 9 8 15 19 9 15 15 5 19 19 18
split_gain=11.1286 22.7439 21.036 19.8845 53.6796 34.5198 27.5048 26.5482 25.9243 28.4846 22.6019 30.3604 26.5394 32.7454 24.5911 28.8203 40.6398 37.1583 41.5031 30.8005 26.03 28.0568 33.206 29.295 26.4289 22.8137 22.1063 21.8804 46.6697 30.8494
threshold=0.99154770374298107 13.136122703552248 0.71888962388038646 0.00010507710976526143 1.3386096954345705 -0.99428912997245777 -0.00060239693266339589 0.01527100056409836 -0.4981082528829574 0.00076294640894047927 -1.0000000180025095e-35 0.00079332105815410625 -0.0001693213343969546 0.47915148735046392 0.92304024100303661 0.49052239954471594 7.9896481037139901 -7.6525237560272208 0.79994463920593273 0.00021900656429352241 -1.0576240420341489 0.27004544436931616 0.99227553606033336 0.0007489442068617792 0.22984766215085986 0.26127731800079351 -0.0031562433578073974 0.89395666122436535 0.80773079395294201 -0.70556074380874623
decision_type=2 2 2 2 2 2 2 2 2 2 2 2 2 2 2 2 2 2 2 2 2 2 2 2 2 2 2 2 2 2
left_child=-1 3 -3 4 5 -2 -7 -6 -8 -10 -5 14 13 -13 15 16 -12 18 -17 -20 -16 22 24 -23 -22 -14 -19 28 29 -28
right_child=1 2 -4 10 7 6 8 -9 9 -11 11 12 25 -15 20 17 -18 26 19 -21 21 23 -24 -25 -26 -27 27 -29 -30 -31
leaf_value=0.00024364761849950958 -0.042663112494361548 0.030526196093899671 0.0015491301408595672 0.00026863170329852751 -0.0018121812614534272 0.04725404820830275 0.039516294085318697 -0.023882620150055378 0.0042085033418844181 0.072202617467439806 -0.00098523483481630092 0.010168182971321866 0.030364655478151988 -0.0088338826818763812 0.0030640465754188831 0.0012205689420466293 -0.014105237226508562 0.0049889133680793068 0.079723901657282173 0.011705418137941216 0.015652509834989291 -0.00031246391694030322 -0.031518649193615432 -0.014135439385925664 -0.017232790911507312 0.00091911126788977733 -0.0016993616569698389 -0.0093171972299486271 0.00075729182061505811 -0.0068628520684362098
leaf_weight=914107 150 641 823 292241 1231 276 419 1065 22463 358 248526 846 262 4210 23252 2123 2095 1365 254 416 365 28424 348 421 352 94812 11986 4679 13549 21088
leaf_count=914107 150 641 823 292241 1231 276 419 1065 22463 358 248526 846 262 4210 23252 2123 2095 1365 254 416 365 28424 348 421 352 94812 11986 4679 13549 21088
internal_value=-8.12097e-06 -0.000146976 0.00607923 -0.000158698 0.00120176 0.00190991 0.00206243 -0.00609756 0.00187608 0.0016498 -0.000205691 -0.000424383 0.000345551 -0.00318434 -0.000638983 -0.000811387 -0.000583151 -0.00184277 0.0037773 0.0146269 0.000353636 -0.000621866 -0.00859155 -0.000327613 -0.00244073 0.000533269 -0.00214081 -0.0023079 -0.00198078 -0.00299329
internal_weight=1.69315e+06 779040 1464 777576 25962 23666 23516 2296 23240 22821 751614 459373 100130 5056 359243 306081 250621 55460 2793 670 53162 29910 1065 28845 717 95074 52667 51302 46623 33074
internal_count=1693147 779040 1464 777576 25962 23666 23516 2296 23240 22821 751614 459373 100130 5056 359243 306081 250621 55460 2793 670 53162 29910 1065 28845 717 95074 52667 51302 46623 33074
is_linear=0
shrinkage=0.05


Tree=140
num_leaves=31
num_cat=0
split_feature=1 4 3 11 7 9 19 19 8 9 19 8 4 8 20 9 8 7 10 7 4 17 10 8 20 19 21 20 19 5
split_gain=11.0578 17.1567 20.457 16.831 16.7275 15.3494 17.8669 50.3611 41.236 41.8103 37.8853 32.9186 31.7181 29.8592 30.991 30.398 25.7488 25.4103 25.7164 24.6289 21.3592 21.3298 23.4334 23.3279 21.0259 20.7563 20.343 20.2057 19.6696 19.3255
threshold=-0.00063585583120584477 -0.00040017625724431122 0.00083060326869599532 0.38885521888732916 -1.4595439434051511 0.00049677045899443339 0.87777194380760204 0.66098293662071239 10.890838146209719 0.00055919805890880536 0.94762688875198375 -2.9954484701156612 0.0026493706973269586 -5.7146995067596427 -1.0000000180025095e-35 0.00077746369061060261 0.34547448158264166 -1.1867444515228269 1.5913242697715761 -2.7519575357437129 -0.0014895261847414074 0.88521715998649608 0.77789893746376049 -0.90043726563453663 0.76942089200019848 0.69934985041618358 1.0000000180025095e-35 0.76942089200019848 0.99799686670303356 0.0021165247308090334
decision_type=2 2 2 2 2 2 2 2 2 2 2 2 2 2 2 2 2 2 2 2 2 2 2 2 2 2 2 2 2 2
left_child=1 2 4 -3 -1 -2 7 -7 10 -10 16 -12 13 14 15 -9 29 19 25 27 24 23 -23 -22 -13 -19 -18 -15 -25 -8
right_child=5 3 -4 -5 -6 6 8 12 9 -11 11 20 -14 17 -16 -17 26 18 -20 -21 21 22 -24 28 -26 -27 -28 -29 -30 -31
leaf_value=0.00041418398365471458 3.1433528860685959e-05 -0.0092177521143594118 0.012832708939291526 0.0030375898493517853 -0.0039642713992274368 -0.00088144404793524258 -0.0043924554295609848 -0.011836638988802179 0.020233713796480413 -0.044034096044550518 0.014897574643289759 -0.015989304488590657 0.026506669798153439 0.014272546294142152 0.04756497699916698 0.049422997866447438 -0.026017414975681843 0.024996414381030216 0.034999982534375799 -0.010894192038086859 -0.012871847730463855 0.028062197184283433 -0.0054821325001470581 0.016441724609198162 0.0035567245414586061 -0.00053315797094558579 -0.012752324656481517 -0.020340636750837013 -0.0082122631769559525 0.045365010401532402
leaf_weight=46690 1449320 498 1043 30465 7194 144991 1630 162 59 150 1041 512 831 212 318 31 355 288 183 743 160 147 2292 878 283 1371 977 42 218 63
leaf_count=46690 1449320 498 1043 30465 7194 144991 1630 162 59 150 1041 512 831 212 318 31 355 288 183 743 160 147 2292 878 283 1371 977 42 218 63
internal_value=-6.70349e-06 0.000546047 1.54751e-05 0.00148726 -0.000118774 -3.62419e-05 -0.000504315 -0.000375406 -0.00269823 -0.0246411 -0.00216223 0.000298319 0.00503468 0.00286567 0.0139922 -0.00181347 -0.00666116 0.00086298 0.00434311 -0.0055667 -0.00155902 4.05954e-05 -0.00268553 0.00533439 -0.00899371 0.00238095 -0.0118619 0.00787402 0.00793796 -0.0025694
internal_weight=1.69315e+06 85890 54927 30963 53884 1.60726e+06 157937 149172 8765 209 8556 5531 4181 3350 511 193 3025 2839 1842 997 4490 3695 2439 1256 795 1659 1332 254 1096 1693
internal_count=1693147 85890 54927 30963 53884 1607257 157937 149172 8765 209 8556 5531 4181 3350 511 193 3025 2839 1842 997 4490 3695 2439 1256 795 1659 1332 254 1096 1693
is_linear=0
shrinkage=0.05


Tree=141
num_leaves=31
num_cat=0
split_feature=18 9 10 5 20 8 20 8 6 5 5 10 8 3 8 8 10 9 9 10 15 7 10 3 19 9 7 5 8 10
split_gain=10.7623 33.6094 32.2104 21.191 24.3337 25.4116 22.0184 58.7535 44.502 27.3884 19.6237 19.4988 19.32 18.8091 17.024 19.2662 32.7865 16.9151 28.5658 20.84 17.6245 16.3829 16.0853 16.1302 15.9282 15.3804 18.3974 32.7503 15.2189 15.664
threshold=-0.99959546327590931 0.00066862133098766219 1.9385754466056826 -0.00049415515968576063 0.76942089200019848 -6.0223786830902091 1.0000000180025095e-35 0.29552231729030615 1.0638664960861208 -3.4660701203392812e-05 0.0029277219437062745 0.9572913944721223 -5.5121369361877433 -0.00078061880776658643 -4.0080544948577872 -1.7713906168937681 1.1306062936782839 0.00016217233496718111 0.00023353521100943911 1.062227785587311 0.51580759882926952 0.6439165771007539 1.109422028064728 -0.00033786639687605197 -0.0021816545631737432 0.00026037871430162346 0.49774931371212011 0.00055553976562805485 5.4057247638702401 1.5241824388504031
decision_type=2 2 2 2 2 2 2 2 2 2 2 2 2 2 2 2 2 2 2 2 2 2 2 2 2 2 2 2 2 2
left_child=1 3 -3 11 6 21 14 9 17 -8 13 -1 22 -7 25 16 -16 -9 19 20 -19 -6 23 24 -13 -5 27 -27 29 -14
right_child=-2 2 -4 4 5 10 7 8 -10 -11 -12 12 28 -15 15 -17 -18 18 -20 -21 -22 -23 -24 -25 -26 26 -28 -29 -30 -31
leaf_value=0.0041430866256874088 -4.5525985356165147e-05 -0.023018104405589886 0.038655178173304661 0.0081267318767500492 0.062267926278336883 -0.025199918163157177 0.017904595808220233 0.079882280220445204 0.0081039626220943527 -0.021637322071326251 -0.03856691239785949 -0.035446024945448483 -0.01438547680468142 -0.001102185350966095 -0.018824375638168023 0.0064628059952911657 0.04679006813872022 0.0096039621949693624 0.058528356782036842 -0.036742141635342625 0.051344045376070235 -0.015100428790671678 0.02232490502675883 0.023409038652070665 -0.0040265225553474835 0.050220890892743709 0.077765816883438865 -0.022633927972959229 0.067839600988294002 0.046834624053489399
leaf_weight=2825 1677219 384 79 360 67 97 272 118 495 438 104 130 1613 1828 587 4903 40 146 353 36 82 20 272 194 216 84 82 46 26 31
leaf_count=2825 1677219 384 79 360 67 97 272 118 495 438 104 130 1613 1828 587 4903 40 146 353 36 82 20 272 194 216 84 82 46 26 31
internal_value=-6.52631e-06 0.00128704 -0.011987 0.00168445 0.00302225 -0.00174858 0.00427754 0.00891753 0.0155285 -0.00253521 -0.00288319 -0.000876201 -0.00410959 -0.00174026 0.00280236 0.00195298 -0.00629984 0.0233333 0.0200162 0.00757576 0.0131579 0.0247126 0.00221675 -0.00277778 -0.00924855 0.011014 0.0216981 0.01 -0.00718563 -0.00778589
internal_weight=1.69315e+06 15928 463 15465 10158 2116 8042 1940 1230 710 2029 5307 2482 1925 6102 5530 627 735 617 264 228 87 812 540 346 572 212 130 1670 1644
internal_count=1693147 15928 463 15465 10158 2116 8042 1940 1230 710 2029 5307 2482 1925 6102 5530 627 735 617 264 228 87 812 540 346 572 212 130 1670 1644
is_linear=0
shrinkage=0.05


Tree=142
num_leaves=31
num_cat=0
split_feature=11 16 8 16 8 4 0 18 16 2 11 15 18 0 17 10 20 8 4 10 5 5 18 18 8 8 6 5 8 8
split_gain=10.5621 21.09 15.7394 17.4942 16.5058 22.2219 20.0848 19.0499 32.9888 26.7715 19.7493 16.8549 21.3887 16.3763 15.0385 14.7543 15.1112 24.5898 19.9461 18.7042 15.1562 14.7204 27.8253 20.1596 44.4556 27.1375 21.9979 25.5193 38.8381 22.0725
threshold=0.55918949842453014 0.37649664282798773 -3.6793740987777706 1.5021160840988161 0.24762461334466937 -0.0019647993613034482 0.00063202669844031345 -0.080633651465177522 0.49953684210777288 0.00040385912870988255 0.34211228787899023 0.63370159268379223 -0.010908065363764761 -4.9770005716709412e-06 0.202256053686142 0.68469759821891796 0.76942089200019848 -13.293497562408445 0.00031067075906321412 0.55844441056251537 -0.0048454785719513884 0.00088527344632893812 0.21004468202590945 -0.88396760821342457 -8.4983654022216779 -4.2889041900634757 0.5792943835258485 -0.0016908328980207441 -7.4728212356567374 -9.8024978637695295
decision_type=2 2 2 2 2 2 2 2 2 2 2 2 2 2 2 2 2 2 2 2 2 2 2 2 2 2 2 2 2 2
left_child=2 -2 -1 4 6 -6 -4 10 9 11 14 12 13 -9 -7 16 20 18 -18 -20 -3 23 -23 24 -19 26 27 29 -29 -25
right_child=1 15 3 -5 5 7 -8 8 -10 -11 -12 -13 -14 -15 -16 -17 17 21 19 -21 -22 22 -24 25 -26 -27 -28 28 -30 -31
leaf_value=0.00084712231175977377 -0.0068486001547444332 -0.0083958830754086566 -0.0019352316486295374 -0.014263424179291984 -0.013226681957579468 0.00097192128019032433 -0.020220724452800404 0.0085517825867897201 -0.00048625183250958773 -0.0062474077879403293 -0.00059726618729427638 5.5406994695339501e-05 0.0067383165765109113 0.03924671681351935 -0.0065915655169823898 4.7611973391037399e-05 0.051874935751627521 -0.045041572803727517 -0.05945159124644539 0.035338627495515189 0.0040064609065666003 -0.0026672550191709889 0.030037003872940438 0.011647847160531799 0.024198762260231613 -0.010666821018334294 0.019683855960255327 -0.018777928997368489 0.021252623119562688 -0.027052250471252259
leaf_weight=54146 4549 1060 77222 629 910 2841 45 430 50950 2205 45212 4640 13600 533 7759 1369568 339 151 40 24 43359 2014 806 166 985 6250 701 686 864 463
leaf_count=54146 4549 1060 77222 629 910 2841 45 430 50950 2205 45212 4640 13600 533 7759 1369568 339 151 40 24 43359 2014 806 166 985 6250 701 686 864 463
internal_value=-6.64443e-06 4.66821e-05 -0.000299094 -0.000497642 -0.000472263 -0.000126278 -0.00105025 -7.09995e-05 0.000464358 0.00211136 -0.000765068 0.00271051 0.00354666 0.0107477 -0.00270755 5.75141e-05 0.000839262 -0.000626436 0.0115385 -0.0140625 0.00128436 -0.00100107 0.00219858 -0.00187999 0.00440141 -0.00266156 0.00135417 -0.00112437 0.00232258 -0.00961844
internal_weight=1.69315e+06 1.43202e+06 261122 206976 206347 129080 77267 128170 72358 21408 55812 19203 14563 963 10600 1.42748e+06 57908 13489 403 64 44419 13086 2820 10266 1136 9130 2880 2179 1550 629
internal_count=1693147 1432025 261122 206976 206347 129080 77267 128170 72358 21408 55812 19203 14563 963 10600 1427476 57908 13489 403 64 44419 13086 2820 10266 1136 9130 2880 2179 1550 629
is_linear=0
shrinkage=0.05


Tree=143
num_leaves=31
num_cat=0
split_feature=19 9 5 10 19 7 9 9 7 8 8 8 5 5 9 9 21 3 8 21 10 5 8 19 5 20 9 10 3 21
split_gain=10.5456 35.6065 47.9379 33.9995 31.4701 50.703 27.8717 36.3691 35.7043 33.9103 26.4854 24.5373 32.6354 23.0844 25.9921 24.8403 32.7423 24.4742 34.1867 21.9227 23.7032 24.7695 21.7122 21.584 22.2889 21.5241 21.5097 21.485 21.3913 25.4464
threshold=-0.99115538597106922 0.00012956088175997141 0.00047273193194996571 0.89219811558723461 -0.98035496473312367 -1.0295262336730955 0.00030968731152825063 0.00052543811034411203 0.52369141578674328 -2.4802321195602413 8.1590700149536151 -5.5121369361877433 -0.00085670681437477459 -0.0020998695399612184 0.0014222073950804772 0.00049677045899443339 0.65450850129127514 -0.00074673749622888852 -4.9931180477142325 1.0000000180025095e-35 1.249695420265198 -0.0064223564695566884 7.8286123275756845 -0.99560055136680592 -0.00056500299251638342 -1.0000000180025095e-35 7.7547047112602754e-05 0.66909530758857738 -0.00018297319184057412 1.0000000180025095e-35
decision_type=2 2 2 2 2 2 2 2 2 2 2 2 2 2 2 2 2 2 2 2 2 2 2 2 2 2 2 2 2 2
left_child=1 2 3 11 5 19 8 -8 -7 -9 -11 12 -1 15 17 -3 -17 18 -15 27 21 -21 26 -5 -25 -14 -13 -2 -10 -30
right_child=4 13 -4 23 -6 6 7 9 28 10 -12 22 25 14 -16 16 -18 -19 -20 20 -22 -23 -24 24 -26 -27 -28 -29 29 -31
leaf_value=0.019837631444298044 -0.07215768642134901 -0.0090720204170194659 -0.030793877217543265 -0.0063191617809347685 -1.8851596446989306e-06 0.0093630974138872447 -0.0085462297300028852 -0.024000800188457485 0.019557040741623968 0.0065241516627187086 -0.034673050626442284 0.15547028684343453 0.17796392213674045 0.030165136842829426 -0.03138982142937493 0.0095624458115297351 -0.01106423341053382 0.0019237476637198438 0.0042179490642728417 -0.042562158965905234 -0.01711345634655911 -0.0099801921682228355 -0.065374719907350456 0.050245582457641928 -0.043863502947049486 -0.074007516952758312 0.02212867413170945 -0.0017790522475340854 0.0043792254864923113 -0.0074488276721784213
leaf_weight=70 62 3965 861 1140 1580591 5880 6067 191 625 2498 89 60 20 1310 124 1954 605 57515 6387 79 1414 5875 22 41 332 99 945 4423 4205 5698
leaf_count=70 62 3965 861 1140 1580591 5880 6067 191 625 2498 89 60 20 1310 124 1954 605 57515 6387 79 1414 5875 22 41 332 99 945 4423 4205 5698
internal_value=-7.88473e-06 0.000569914 -0.00428969 -0.00104434 -3.48335e-05 -0.00147416 -0.000207896 -0.00247032 0.0010117 0.00226782 0.00376884 0.00518092 -0.0113757 0.000812691 0.00109587 -0.0020233 0.00181712 0.00113936 0.00378719 -0.00417194 -0.00584962 -0.00446758 0.00822785 -0.00604759 -0.0164879 -0.0273109 0.00930348 -0.00141583 -0.000731383 -0.00129759
internal_weight=1.69315e+06 75450 3590 2729 1.6177e+06 37106 25253 8845 16408 2778 2587 1216 189 71860 65336 6524 2559 65212 7697 11853 7368 5954 1027 1513 373 119 1005 4485 10528 9903
internal_count=1693147 75450 3590 2729 1617697 37106 25253 8845 16408 2778 2587 1216 189 71860 65336 6524 2559 65212 7697 11853 7368 5954 1027 1513 373 119 1005 4485 10528 9903
is_linear=0
shrinkage=0.05


Tree=144
num_leaves=31
num_cat=0
split_feature=10 9 18 4 4 18 4 20 4 8 18 18 6 20 18 8 18 8 18 9 21 6 9 21 4 18 17 8 18 17
split_gain=10.5508 32.2925 39.3885 25.2134 23.6866 32.5784 36.4941 21.2733 20.8742 40.6707 21.8788 20.0048 20.6922 22.4262 20.4346 19.6402 27.502 21.5098 36.1048 31.5427 25.6635 28.6448 25.5147 23.913 24.949 22.8887 20.4199 21.5018 18.3911 18.3237
threshold=1.3120177984237673 0.00011018203804269434 0.02835773024708033 -0.00012174989751656538 0.00047118290967773652 -1.0000000180025095e-35 -0.0059160899836570016 0.76942089200019848 -0.0030747189885005351 -1.5655725002288816 0.8102954924106599 -0.44424325227737421 -0.97893428802490223 0.76942089200019848 -0.26513479650020594 4.9988200664520273 -0.49052239954471583 -0.44556882977485651 -0.089328680187463746 0.00040584543603472417 0.65450850129127514 -0.19140207767486569 0.00030968731152825063 0.65450850129127514 -0.0015793092898093162 -0.99115538597106922 1.3010139465332033 -9.0559377670288068 0.1456510201096535 1.1781801581382754
decision_type=2 2 2 2 2 2 2 2 2 2 2 2 2 2 2 2 2 2 2 2 2 2 2 2 2 2 2 2 2 2
left_child=-1 2 11 28 5 6 7 -3 9 -7 -11 12 13 -2 -13 17 -17 19 -19 26 21 -20 -23 -21 25 -25 27 -8 -4 -27
right_child=1 4 3 -5 -6 8 15 -9 -10 10 -12 14 -14 -15 -16 16 -18 18 20 23 -22 22 -24 24 -26 29 -28 -29 -30 -31
leaf_value=6.0724265081946177e-05 0.11485629578918816 -0.0055351943277383107 -0.036452848818899299 -0.015459912419817335 0.0010634097701313183 0.0035112136658408595 0.087930308764666773 -0.020543876511734074 -0.0030728702353681248 -0.019561648713494483 0.036483140429170266 0.053732522762292623 -0.027095166715849467 -0.03857510094065187 0.0023579452887807053 -0.010891629407846576 0.031162655569128863 -0.0035428033478576149 0.03014099633473686 0.0012851663761484279 -0.012298995933826114 -0.006438663360560171 0.027756656569129002 0.032451172356601887 0.0022623024470619481 0.00053776255466612131 0.0021136597825177571 0.0082173514015816528 -0.028926602625346166 -0.016637043156243477
leaf_weight=1547620 59 1712 192 1059 46213 3430 83 407 51334 128 22 79 418 46 1423 174 280 10794 421 13109 276 394 299 74 1037 355 4414 5774 331 1190
leaf_count=1547620 59 1712 192 1059 46213 3430 83 407 51334 128 22 79 418 46 1423 174 280 10794 421 13109 276 394 299 74 1037 355 4414 5774 331 1190
internal_value=-8.35722e-06 -0.000415387 -0.00508733 -0.0109987 -0.000296646 -0.000745505 0.000324811 -0.00606418 -0.00154059 0.00215084 -0.0233333 -0.000469136 -0.00889101 0.0109524 0.00246338 0.000674872 0.0110132 0.000552067 -0.00118188 0.0013635 0.00640288 0.00978456 0.00353535 -4.12306e-05 -0.00436747 -0.00824583 0.00351962 0.00545501 -0.0199809 -0.00954693
internal_weight=1.69315e+06 145527 3607 1582 141920 95707 40793 2119 54914 3580 150 2025 523 105 1502 38674 454 38220 12184 26036 1390 1114 693 15765 2656 1619 10271 5857 523 1545
internal_count=1693147 145527 3607 1582 141920 95707 40793 2119 54914 3580 150 2025 523 105 1502 38674 454 38220 12184 26036 1390 1114 693 15765 2656 1619 10271 5857 523 1545
is_linear=0
shrinkage=0.05


Tree=145
num_leaves=31
num_cat=0
split_feature=2 9 5 18 9 15 10 5 18 18 18 18 18 7 7 20 3 18 18 10 9 4 16 5 7 10 20 3 5 9
split_gain=10.5269 29.9246 21.6759 20.131 20.4993 19.1674 19.006 19.4012 28.6638 18.0716 24.1481 48.6166 20.9961 29.5095 21.6178 19.0114 45.1515 28.5263 23.7624 24.678 20.4004 21.6728 21.6238 19.6716 49.0119 22.9733 18.6762 18.6689 18.6234 18.586
threshold=-0.00010851614206330849 7.4391035013832165e-05 -0.00043982996430713678 0.99993813037872326 0.00036461926356423652 0.21703663468360904 1.1852707266807558 0.0047392419073730716 -0.70556074380874623 -0.94622433185577381 -0.29862368106842035 -0.38066601753234858 -0.90164175629615773 -0.75045055150985707 6.4540045261383066 -1.0000000180025095e-35 0.0013096098555251958 -0.68039956688880909 -0.50941574573516835 1.7774003148078921 0.00013485830277204516 0.0019829864613711838 1.1822812557220461 0.00035988769377581781 2.4124177694320683 1.3120177984237673 -1.0000000180025095e-35 -0.0024226723471656437 -0.0035307975485920902 0.0014222073950804772
decision_type=2 2 2 2 2 2 2 2 2 2 2 2 2 2 2 2 2 2 2 2 2 2 2 2 2 2 2 2 2 2
left_child=1 2 -1 -3 -5 -2 -7 9 -9 27 11 12 13 29 15 18 17 23 19 28 -20 -22 -23 25 -25 -17 -15 -8 -14 -11
right_child=5 3 -4 4 -6 6 7 8 -10 10 -12 -13 14 26 -16 16 -18 -19 20 -21 21 22 -24 24 -26 -27 -28 -29 -30 -31
leaf_value=0.032135167705524957 -0.0050317766041074082 0.00021144216280100103 0.0052455839311964965 0.0075723723617166618 0.038013249694032962 1.7834506994041099e-05 0.014065091750687897 0.015049223206674423 0.00031348281546955681 0.020002327447535086 -0.0016187493054904802 0.011249694989338678 -0.0089592091949210091 -0.011743572974986773 0.047199672419849049 -0.0011140745364189575 0.0065778627871495967 -0.001597163013883618 -0.036366468988492308 -0.018004589392297082 0.00076506314767499362 -0.026067685606044444 0.000298673758041812 -0.020379988188768995 0.0030698010306134506 -0.011111605507336914 0.0098678123921096764 -0.0050944713061234943 0.0080918183713746313 -0.023960752589570086
leaf_weight=1354 8906 614753 4667 2056 177 889555 234 1330 3603 741 122358 6195 410 483 156 2272 3236 8099 146 119 2726 421 352 1125 549 1476 843 8835 5945 25
leaf_count=1354 8906 614753 4667 2056 177 889555 234 1330 3603 741 122358 6195 410 483 156 2272 3236 8099 146 119 2726 421 352 1125 549 1476 843 8835 5945 25
internal_value=-9.06596e-06 0.000154332 0.00366218 0.0001201 0.00485893 -0.000104192 -8.48069e-05 -0.000566464 0.00252382 -0.000657887 -0.000533052 0.000618647 -0.000236918 0.00458891 -0.000610388 -0.000718113 -0.00175151 -0.00302123 0.000993181 0.00281124 -0.00223594 -0.00147185 -0.00886158 -0.00582811 -0.0103345 -0.00381537 7.54148e-05 -0.00282832 0.00323367 0.0124021
internal_weight=1.69315e+06 623007 6021 616986 2233 1.07014e+06 1.06123e+06 171679 4933 166746 157677 35319 29124 2092 27032 26876 16757 13521 10119 6474 3645 3499 773 5422 1674 3748 1326 9069 6355 766
internal_count=1693147 623007 6021 616986 2233 1070140 1061234 171679 4933 166746 157677 35319 29124 2092 27032 26876 16757 13521 10119 6474 3645 3499 773 5422 1674 3748 1326 9069 6355 766
is_linear=0
shrinkage=0.05


Tree=146
num_leaves=31
num_cat=0
split_feature=13 9 0 19 19 19 8 7 10 2 10 19 16 13 18 8 18 9 8 3 2 5 9 13 2 17 18 18 19 5
split_gain=10.5272 14.0684 17.7572 18.5896 13.3419 18.4029 14.846 21.6135 14.494 14.133 13.9735 13.185 27.7449 14.7151 14.082 21.629 19.0871 18.8556 18.7327 15.901 13.6876 14.0586 14.907 13.234 13.0299 12.8971 15.0577 12.7903 22.2669 20.0101
threshold=0.35734201967716223 0.00015740291564725342 5.6682412832742564e-05 0.6411133110523225 0.97768935561180126 0.96304282546043407 -2.2053039073944087 -1.6058024764060972 1.0598984360694887 -0.0023916030768305059 1.0550752878189089 0.68039956688880932 1.5167303681373598 1.0298378467559817 0.19722913205623629 -0.25259141623973841 0.29862368106842047 0.00014010613085702064 -0.79860037565231312 0.00027313077589496976 0.00031090910488273954 -0.00046675367048010225 0.0001503134844824672 0.57604414224624645 0.00034427676291670656 1.4292947053909304 -0.78396254777908314 0.067579798400402083 0.88599923253059398 -0.0054270699620246879
decision_type=2 2 2 2 2 2 2 2 2 2 2 2 2 2 2 2 2 2 2 2 2 2 2 2 2 2 2 2 2 2
left_child=-1 2 3 -2 5 27 -6 -8 10 -10 -7 12 13 24 19 17 -17 18 -16 -13 21 -18 -23 -20 -5 -4 -27 28 29 -3
right_child=1 4 25 11 6 8 7 -9 9 -11 -12 14 -14 -15 15 16 20 -19 23 -21 -22 22 -24 -25 -26 26 -28 -29 -30 -31
leaf_value=-0.00014614544645840112 0.0010506217415184038 -0.0074307744775796158 -0.003869091174829076 0.0094113703363460158 0.0034381948694217736 0.019777433403211555 -0.018290363213984639 -0.0043990663665283702 0.050876775443091375 0.0020515488704714534 0.053420217981803741 0.0045977290969318133 0.04932052841539232 -0.039598806285587373 0.011316727774190939 0.04305117584910511 0.060551080818577407 -0.012550249360962558 -0.0025951881064842698 -0.0051819312323236333 -0.015662710548872451 0.0071382898536537015 0.023794679754123606 -0.040070909900386427 0.052777375493983092 -0.019943194261245023 0.0058150168538598449 -0.00055708872688017277 -0.012275024933651874 0.0012082058087278581
leaf_weight=1345771 36486 2896 10847 1430 2341 1253 636 6061 32 2425 28 16669 322 54 2052 1068 115 916 113 2948 179 1916 331 82 40 317 4250 124904 998 125667
leaf_count=1345771 36486 2896 10847 1430 2341 1253 636 6061 32 2425 28 16669 322 54 2052 1068 115 916 113 2948 179 1916 331 82 40 317 4250 124904 998 125667
internal_value=-8.47534e-06 0.000236919 0.000817995 0.00118122 6.26775e-05 0.000128775 -0.00182563 -0.00302374 0.00361156 0.00136345 0.0079235 0.0021445 0.00622969 0.00341207 0.00185873 0.00382457 0.00646994 0.000806197 0.00327103 0.0011801 0.00411255 0.00512278 0.00425011 -0.0115385 0.00435374 -0.000707149 0.00152179 7.76138e-05 0.000425668 0.000483421
internal_weight=1.69315e+06 347376 80135 64721 267241 258203 9038 6697 3738 2457 1281 28235 1846 1524 26389 6772 3609 3163 2247 19617 2541 2362 2247 195 1470 15414 4567 254465 129561 128563
internal_count=1693147 347376 80135 64721 267241 258203 9038 6697 3738 2457 1281 28235 1846 1524 26389 6772 3609 3163 2247 19617 2541 2362 2247 195 1470 15414 4567 254465 129561 128563
is_linear=0
shrinkage=0.05


Tree=147
num_leaves=31
num_cat=0
split_feature=19 3 6 7 19 19 18 17 9 20 7 18 4 4 9 4 15 2 2 17 5 6 21 7 16 5 5 20 4 7
split_gain=10.2261 23.6675 16.5998 16.2868 16.1502 35.6563 77.4962 31.3007 30.6509 29.2279 25.5596 28.0165 29.6693 23.9216 23.2458 22.2553 20.9992 21.7362 24.3119 20.1518 38.0654 19.2583 21.4667 22.5711 21.15 18.8165 18.5 19.988 18.4307 18.1289
threshold=0.99980485439300548 0.00032389878469984984 -0.11705386266112326 -4.352768898010253 0.98664098978042614 0.95819556713104259 0.21004468202590945 0.80478507280349743 0.00011830384028144182 1.0000000180025095e-35 1.4762572050094607 -0.25249098241329188 0.0005164601025171579 -0.00045318738557398314 0.0014222073950804772 -0.0033838119124993678 0.24104773998260501 1.6152728676388509e-05 -0.00010851614206330849 1.1054617762565615 -0.00026459022774361069 -0.89049860835075367 0.65450850129127514 1.1221222281455996 0.73630529642105114 0.003732264158315957 0.00043424476461950695 0.76942089200019848 0.000748056423617527 -3.8096457719802852
decision_type=2 2 2 2 2 2 2 2 2 2 2 2 2 2 2 2 2 2 2 2 2 2 2 2 2 2 2 2 2 2
left_child=4 2 3 -2 5 -1 10 -8 9 13 11 19 15 -9 -12 -13 17 18 -17 21 -21 24 23 -23 -7 -6 27 -11 -15 -10
right_child=1 -3 -4 -5 25 6 7 8 29 26 14 12 -14 28 -16 16 -18 -19 -20 20 -22 22 -24 -25 -26 -27 -28 -29 -30 -31
leaf_value=-6.6557629574165444e-05 0.030839186194123604 -0.0065649937311575927 0.014861898008627406 0.00017828671786416229 -0.0012960730827209666 -0.0083568201753568168 0.028311217552741665 0.092629971708727582 0.019302901000729712 0.087320451376771094 -0.003930097923558396 0.018077940423232887 0.012922952400787519 -0.0012621687335067746 -0.029274886353148288 0.012388652847709203 -0.0015757762554011068 0.043984348372825721 -0.019348740069335863 0.023740038755060922 -0.0187753524369841 0.033917003672543036 -0.00018668513516385544 -0.0056998628947386503 0.026878870193573792 -0.010301047536412512 -0.00039192382894004396 0.037608252010607218 0.38231587814553247 0.0033282974675119762
leaf_weight=1535810 499 2166 3503 4938 80214 321 3324 151 786 604 13211 221 1532 1401 97 1393 22774 110 336 421 516 825 260 101 428 1239 245 644 26 15051
leaf_count=1535810 499 2166 3503 4938 80214 321 3324 151 786 604 13211 221 1532 1401 97 1393 22774 110 336 421 516 825 260 101 428 1239 245 644 26 15051
internal_value=-8.5344e-06 0.00150369 0.00263982 0.000910429 -1.85192e-05 1.64315e-05 0.00116552 0.00355793 0.00277131 0.00734289 -8.46143e-05 0.000742185 0.000231359 0.00259823 -0.00190111 -0.00018523 -0.000327063 0.0048124 0.0034413 0.00543175 -0.00058698 0.00834625 0.0123103 0.0158747 0.00206943 -0.000705315 0.0123577 0.0148237 0.000595655 0.00188483
internal_weight=1.69315e+06 11106 8940 5437 1.68204e+06 1.60059e+06 64778 22232 18908 3071 42546 29238 26366 1578 13308 24834 24613 1839 1729 2872 937 1935 1186 926 749 81453 1493 1248 1427 15837
internal_count=1693147 11106 8940 5437 1682041 1600588 64778 22232 18908 3071 42546 29238 26366 1578 13308 24834 24613 1839 1729 2872 937 1935 1186 926 749 81453 1493 1248 1427 15837
is_linear=0
shrinkage=0.05


Tree=148
num_leaves=31
num_cat=0
split_feature=1 4 20 5 9 18 9 18 19 5 17 20 3 8 8 17 5 8 5 4 8 9 18 21 5 10 19 19 19 20
split_gain=10.2187 13.2621 13.4497 16.3581 13.4687 18.2206 13.1759 28.61 56.8644 54.5864 44.4756 34.6709 37.0515 29.2931 28.8145 24.8298 38.3182 26.5385 24.7536 31.3109 28.7258 27.9851 24.2734 30.3742 22.525 30.2749 21.841 44.2985 28.3027 28.1971
threshold=-0.00080334619269706298 -0.00048610458907205606 1.0000000180025095e-35 -9.0871410066029043e-05 0.00084653412341140221 0.33586180210113531 0.00040206861740443861 -0.56820151209831227 -0.6867687702178954 0.0079095256514847296 0.84146428108215343 -1.0000000180025095e-35 0.0026158422697335486 -13.293497562408445 6.5482077598571786 1.1957429051399233 -0.0043856569100171319 2.8579677343368535 0.0002398799188085832 -9.724970732349901e-05 5.1614484786987314 0.00056861486518755566 -0.85149618983268727 1.0000000180025095e-35 0.0061428435146808633 1.0033369064331057 -0.87142586708068837 -0.38066601753234858 -0.045798758044838898 -1.0000000180025095e-35
decision_type=2 2 2 2 2 2 2 2 2 2 2 2 2 2 2 2 2 2 2 2 2 2 2 2 2 2 2 2 2 2
left_child=1 2 4 -4 -1 -6 -2 8 9 11 -9 12 13 -8 -10 16 -13 -17 19 -18 21 -20 -16 -24 -12 -26 -27 -28 29 -29
right_child=6 -3 3 -5 5 -7 7 10 14 -11 24 15 -14 -15 22 17 18 -19 20 -21 -22 -23 23 -25 25 26 27 28 -30 -31
leaf_value=-0.00018402401681564263 7.7513871900930512e-05 0.0030953488026902345 0.0031792381828284703 -0.0054005816011164949 -0.0064504403165632999 0.0076690381011245258 -0.04722587644227292 0.0013469466754369775 -0.0013426830677834456 0.034564011413280769 -0.0020450494275320308 0.015240995124577956 -0.0113146673627115 0.0079880223331237621 0.0072083560909187777 0.0008814471266685109 -0.0024303822998228922 0.014702830658487865 0.010884977544628756 -0.013750459317799946 -0.011613412226780008 -0.0048943842080987014 -0.010102095490541529 0.0042154267374556074 -0.017628770197881224 0.0059354022277487766 -0.02564980106057424 -0.032569695310513756 -0.0047845822931532507 0.064387461123866133
leaf_weight=16293 1353972 17888 12657 2038 3553 480 59 35629 80549 727 113743 1122 992 15886 6983 6019 4084 2521 3206 2401 1823 1709 2025 2551 1644 1154 505 46 774 114
leaf_count=16293 1353972 17888 12657 2038 3553 480 59 35629 80549 727 113743 1122 992 15886 6983 6019 4084 2521 3206 2401 1823 1709 2025 2551 1644 1154 505 46 774 114
internal_value=-8.2391e-06 0.000675688 0.000109934 0.00126233 -0.000723212 -0.00331019 -3.03005e-05 -0.000338496 0.000199386 0.0017596 -0.000803013 0.00151173 0.00322666 0.00380997 -0.000487471 0.000242517 -0.00102823 0.00237705 -0.00178099 -0.00398612 0.000341348 0.0023296 0.00184705 -0.000983392 -0.00127055 -0.00485013 -0.00148477 -0.00559416 0.000856531 0.02
internal_weight=1.69315e+06 52909 35021 14695 20326 4033 1.64024e+06 286266 132657 40549 153609 39822 16937 15945 92108 22885 14345 8540 13223 6485 6738 4915 11559 4576 117980 4237 2593 1439 934 160
internal_count=1693147 52909 35021 14695 20326 4033 1640238 286266 132657 40549 153609 39822 16937 15945 92108 22885 14345 8540 13223 6485 6738 4915 11559 4576 117980 4237 2593 1439 934 160
is_linear=0
shrinkage=0.05


Tree=149
num_leaves=31
num_cat=0
split_feature=13 2 15 9 10 6 5 7 18 18 18 18 19 19 9 10 5 9 9 20 8 10 8 3 20 20 9 20 8 5
split_gain=10.1845 10.9691 10.9416 11.3768 10.5702 10.1051 33.3744 30.3901 27.5084 26.6426 23.5715 38.3215 39.7249 42.4945 66.851 32.0108 30.6729 26.7939 24.8181 31.0327 30.8848 25.2871 24.8372 26.7729 24.1518 23.6596 23.499 52.6333 31.9604 25.7727
threshold=1.3106148242950442 0.0013750274083577099 0.37089534103870397 7.7547047112602754e-05 0.70437994599342357 0.072561975568532958 -0.00042665163346100593 1.2281305789947512 0.86051779985427868 -0.99428912997245777 0.81789681315422069 0.88599923253059398 0.19722913205623629 0.1326885595917702 0.00010846300574485214 1.3120177984237673 0.00044651792268268769 0.00080881407484412204 0.00014397383347386497 -0.76942089200019825 9.458656311035158 1.4086553454399111 2.6308180093765263 0.0010899920016527178 1.0000000180025095e-35 -1.0000000180025095e-35 0.00013880214828532192 -0.76942089200019825 7.8286123275756845 0.00033486243046354508
decision_type=2 2 2 2 2 2 2 2 2 2 2 2 2 2 2 2 2 2 2 2 2 2 2 2 2 2 2 2 2 2
left_child=5 2 -2 4 -4 -1 7 -7 -9 26 -11 15 13 17 16 -12 -15 -13 20 22 21 -14 23 -20 -17 -21 27 -8 -28 -30
right_child=1 -3 3 -5 -6 6 9 8 -10 10 11 12 18 14 -16 24 -18 -19 19 25 -22 -23 -24 -25 -26 -27 28 -29 29 -31
leaf_value=0.00020593835747376721 0.011315251694372142 0.03666130889064767 -0.029177186499900511 -0.00050853936086219247 0.053685767742077853 -0.0011152183230015934 0.079009944956620129 -0.0040733292095097183 -0.016460204268194507 -0.00042698335867031868 0.0061328389358263798 0.00063820633813079788 0.001491585125991779 0.033046452914698286 0.004814939347933889 0.00011244782635042583 0.087145414824009837 0.025893150987133809 -0.011298933140688128 -0.014355694149684912 -0.013498694874958384 0.04446064893090218 0.014261444907354716 0.054130702299559186 -0.021812524735838036 -0.0057097326449375881 0.0039253666892891505 0.0071321076364697644 0.022752667460129057 -0.0065678441799168598
leaf_weight=864221 1010 241 90 3466 171 130100 400 15256 2116 511798 26775 71871 14456 1262 6100 1013 621 512 1429 3360 1894 134 1761 80 604 9262 17680 1767 302 3395
leaf_count=864221 1010 241 90 3466 171 130100 400 15256 2116 511798 26775 71871 14456 1262 6100 1013 621 512 1429 3360 1894 134 1761 80 604 9262 17680 1767 302 3395
internal_value=-8.35722e-06 0.0022499 0.0017205 0.000469547 0.0105364 -1.50163e-05 -0.0001403 -0.000821851 -0.00278609 8.27819e-06 -5.1307e-05 0.000520782 0.000107325 0.000703034 0.0041651 0.00216258 0.0124004 0.000321208 -0.00137139 -0.00278127 -1.2133e-05 0.000767649 0.00155963 -0.00314778 -0.00466914 -0.00390588 0.00166072 0.00662206 0.00115779 -0.00307006
internal_weight=1.69315e+06 4978 4737 3727 261 1.68817e+06 823948 147472 17372 676476 652932 141134 112742 80366 7983 28392 1883 72383 32376 15892 16484 14590 3270 1509 1617 12622 23544 2167 21377 3697
internal_count=1693147 4978 4737 3727 261 1688169 823948 147472 17372 676476 652932 141134 112742 80366 7983 28392 1883 72383 32376 15892 16484 14590 3270 1509 1617 12622 23544 2167 21377 3697
is_linear=0
shrinkage=0.05


Tree=150
num_leaves=31
num_cat=0
split_feature=18 19 4 19 10 4 19 9 5 5 20 8 5 4 9 9 19 4 4 9 18 9 4 10 5 3 8 21 10 9
split_gain=9.87144 41.8764 56.8585 41.5604 36.7707 36.2074 36.1632 73.1701 30.9767 29.2036 28.6475 27.5717 34.891 32.2652 28.2947 27.322 40.3463 34.7051 26.0088 43.1977 42.6417 25.3141 45.2838 30.3296 29.3705 26.1305 31.1113 24.849 28.5635 24.3529
threshold=0.94622433185577404 -0.2185685262084007 0.0013806226779706778 -0.14133286476135251 0.86107587814331066 0.0042824114207178363 -0.089328680187463746 0.00022020580945536497 0.0043213439639657744 0.0019612736068665986 -1.0000000180025095e-35 1.0000000180025095e-35 0.00084954162593930971 -0.00020479273371165616 0.00066862133098766219 0.00031381714507006114 -0.24826665222644803 0.00015478129353141415 -0.0010702673462219534 0.00032730725069995975 0.99930992722511303 0.00010321946319891141 0.0003880105796270073 0.86707299947738659 -0.00099443155340850332 -0.0003066831268370151 -5.612269163131713 1.0000000180025095e-35 1.3697199225425722 0.00013361933088162917
decision_type=2 2 2 2 2 2 2 2 2 2 2 2 2 2 2 2 2 2 2 2 2 2 2 2 2 2 2 2 2 2
left_child=-1 2 4 5 -2 10 7 9 -9 -5 -3 12 18 14 -13 17 -17 27 -8 21 -21 22 24 -23 25 26 -20 28 29 -6
right_child=1 3 -4 6 15 -7 11 8 -10 -11 -12 13 -14 -15 -16 16 -18 -19 19 20 -22 23 -24 -25 -26 -27 -28 -29 -30 -31
leaf_value=-0.00010340803255376452 0.024217596725045445 0.00017730821157553313 -0.0097857747251985875 0.017302248720020164 0.046504258376389787 0.13004602907278892 0.0035635726143416428 -0.0033822742294341624 0.04656246438907629 -0.028149574485478127 -0.0080056321482089854 0.0078928844003259054 0.016583566046288103 0.00070303374637319951 0.054746574063952252 -0.0041169574058597946 0.014678869816228669 0.0011226409872929556 0.070529551584605887 -0.015189291873391597 0.012615496051098586 -0.011973873374465628 0.062007640362364502 -0.0016858428269415861 0.0050346180791578377 -0.057249267690049677 -0.080105997680206195 0.01697110379681558 0.043140841263821984 0.00066186132347881852
leaf_weight=1506408 2858 8804 2636 7816 161 116 8248 6782 130 116 13336 9229 1355 51242 72 5850 1192 7375 54 1918 422 7109 346 32056 6470 188 22 6604 179 4053
leaf_count=1506408 2858 8804 2636 7816 161 116 8248 6782 130 116 13336 9229 1355 51242 72 5850 1192 7375 54 1918 422 7109 346 32056 6470 188 22 6604 179 4053
internal_value=-8.47534e-06 0.000334424 0.00201566 9.62581e-07 0.00267049 -0.00199946 0.000334269 0.00266101 -0.00109954 0.00593797 -0.00214544 4.33754e-05 -0.000733828 0.000790347 0.00349962 0.00206579 -0.000582221 0.00308078 -0.000922879 -0.00136359 -0.00799145 -0.00102822 0.00172316 -0.0015256 0.000816751 -0.0155303 0.00921053 0.00486042 0.00194628 0.00111533
internal_weight=1.69315e+06 186739 30908 155831 28272 22256 133575 14844 6912 7932 22140 118731 58188 60543 9301 25414 7042 18372 56833 48585 2340 46245 7080 39165 6734 264 76 10997 4393 4214
internal_count=1693147 186739 30908 155831 28272 22256 133575 14844 6912 7932 22140 118731 58188 60543 9301 25414 7042 18372 56833 48585 2340 46245 7080 39165 6734 264 76 10997 4393 4214
is_linear=0
shrinkage=0.05


Tree=151
num_leaves=31
num_cat=0
split_feature=0 13 12 18 18 19 19 6 17 6 19 9 8 19 5 9 7 5 4 18 7 19 5 9 5 2 9 1 7 2
split_gain=9.77177 12.3706 18.0555 15.2344 15.0319 15.6263 29.2085 14.7205 14.4014 13.996 13.6869 17.6565 17.6037 17.0333 16.9514 15.7149 15.9688 14.1294 14.3543 16.178 13.5693 12.6365 21.3062 49.636 15.1352 16.6667 14.1487 16.1669 13.6213 12.3679
threshold=0.00032223039306700235 0.16486780345439914 -0.51345479488372792 -0.20577672123908994 -0.38066601753234858 0.82535797357559215 0.86927726864814769 0.43984545767307287 0.68214899301528942 -2.5888004302978511 0.99894830584526073 0.00027264619711786514 4.4755904674530038 0.994289129972458 0.0033495888346806173 0.00023854301252868029 -2.8439486026763912 0.0031926278024911885 -8.8904282165458412e-05 -0.010908065363764761 1.1481573581695559 -0.99560055136680592 0.00027420336846262222 0.00018228278349852192 0.0014013362815603616 0.00031722520361654466 0.00023608052288182083 -0.00056720961583778251 -4.352768898010253 -0.00062553770840167988
decision_type=2 2 2 2 2 2 2 2 2 2 2 2 2 2 2 2 2 2 2 2 2 2 2 2 2 2 2 2 2 2
left_child=1 -1 3 4 5 8 7 -7 -3 -5 13 12 15 21 -15 16 -12 18 19 -14 -17 22 26 24 -24 -26 28 -28 -4 -13
right_child=-2 2 10 9 -6 6 -8 -9 -10 -11 11 29 17 14 -16 20 -18 -19 -20 -21 -22 -23 23 -25 25 -27 27 -29 -30 -31
leaf_value=-0.00021262505405643674 -0.00086495334636298442 -0.003022036901509784 -0.022998810583273844 0.0044684388270622493 0.010187053146909753 0.052376571704583812 -0.0060726489476773454 0.00031920100818689791 0.0026313485989730824 6.7871735433500111e-05 0.020648816850387799 0.0063031594468325848 0.13153990790298095 -0.0037256825871869962 -0.023294316861187894 0.034332167716018255 -0.00037362441065520447 -0.020351631049638375 0.019661009604798177 0.031457615496553196 -0.0082166054115937592 6.0351044863321546e-05 -0.017120943601067983 0.0027695164696556196 -0.051236101218574873 0.042136974003994493 0.018522600643514287 0.00075694735451919406 0.013031378185116838 -0.0080650984957223067
leaf_weight=848977 111501 5752 129 7608 5479 769 494 241 34814 62797 735 190 74 10957 182 236 4769 25 1529 101 62 575258 1552 7300 120 30 535 5310 4795 826
leaf_count=848977 111501 5752 129 7608 5479 769 494 241 34814 62797 735 190 74 10957 182 236 4769 25 1529 101 62 575258 1552 7300 120 30 535 5310 4795 826
internal_value=-7.23505e-06 2.46579e-05 0.000175181 0.000741815 0.00143326 0.00111243 0.00611702 0.0109901 0.000926885 0.000274838 6.64536e-05 0.00205335 0.00288806 3.84382e-05 -0.00189873 0.00156842 0.000962936 0.00731637 0.00786385 0.0214286 0.0127517 7.47022e-05 0.00131759 -0.000477672 -0.00816686 -0.0233333 0.00281827 0.00115483 0.00479285 -0.00413386
internal_weight=1.69315e+06 1.58165e+06 732669 117954 47549 42070 1504 1010 40566 70405 614715 8547 7531 606168 11139 5802 5504 1729 1704 175 298 595029 19771 9002 1702 150 10769 5845 4924 1016
internal_count=1693147 1581646 732669 117954 47549 42070 1504 1010 40566 70405 614715 8547 7531 606168 11139 5802 5504 1729 1704 175 298 595029 19771 9002 1702 150 10769 5845 4924 1016
is_linear=0
shrinkage=0.05


Tree=152
num_leaves=31
num_cat=0
split_feature=11 16 16 18 19 11 16 3 10 2 19 19 18 20 18 21 9 19 18 19 10 19 18 4 9 19 9 21 20 9
split_gain=9.57136 18.4131 13.7496 28.1337 22.3279 17.0372 19.4628 16.1131 17.1046 21.4806 13.6672 20.9922 19.5559 22.1815 16.2956 15.3025 14.106 13.4645 44.8469 76.5125 71.3724 46.4702 121.241 53.4269 43.1132 40.2028 37.0191 35.2591 33.5955 33.4686
threshold=0.55918949842453014 0.37649664282798773 0.51628911495208751 0.9404343068599702 -0.97768935561180104 0.36739043891429907 1.3440098762512209 -0.00078061880776658643 1.0260659456253054 -0.0008494288777001201 0.62080430984497081 0.71782085299491893 -0.19294966012239453 -0.76942089200019825 -0.59306621551513661 1.0000000180025095e-35 0.00012117791993659922 0.78396254777908336 0.19722913205623629 0.96648588776588451 1.2682479619979861 0.86927726864814769 -0.55738157033920277 -8.8904282165458412e-05 0.00020967320597264918 0.94762688875198375 4.8490544941159903e-05 1.0000000180025095e-35 0.76942089200019848 0.00084653412341140221
decision_type=2 2 2 2 2 2 2 2 2 2 2 2 2 2 2 2 2 2 2 2 2 2 2 2 2 2 2 2 2 2
left_child=2 -2 3 4 -1 6 -4 -6 -9 -10 -11 16 13 -13 -15 -14 -12 -3 21 29 -21 22 27 -24 26 -23 -25 -19 -28 -20
right_child=1 17 5 -5 7 -7 -8 8 9 10 11 12 15 14 -16 -17 -18 18 19 20 -22 25 23 24 -26 -27 28 -29 -30 -31
leaf_value=0.0068294889745269989 -0.006426729783981156 -3.7625482661662882e-05 -0.0033549987794875948 0.006316644462367316 0.0037661212166122393 -0.0007066451019430265 -0.023625583108340599 3.2942818377501573e-05 0.013763507584007878 -0.005385310147838141 -0.013706402589614253 0.015659256400885724 -0.0055286507944787514 -0.011983012878291593 -0.0073042206141952339 0.0045279919170307936 0.013699824835523722 -0.013026255578515823 0.0015248445206099916 0.022102943239179121 -0.011047085656447764 -0.0061751264043289457 0.042307578491073854 0.11219842438918448 0.061042872688674879 -0.00059407657875556465 0.012844492930098296 0.0017754319660512109 -0.022905454156703621 -0.0091155427983755036
leaf_weight=4219 4549 1179168 21675 9579 6487 151632 177 46516 350 9455 144 248 2531 608 2825 3655 1021 4557 97401 12450 1849 11657 3480 192 612 103118 4264 6467 1091 1170
leaf_count=4219 4549 1179168 21675 9579 6487 151632 177 46516 350 9455 144 248 2531 608 2825 3655 1021 4557 97401 12450 1849 11657 3480 192 612 103118 4264 6467 1091 1170
internal_value=-7.29411e-06 4.34699e-05 -0.00028569 0.000224788 -8.90352e-05 -0.000543566 -0.0018488 -0.00029117 -0.000520393 -0.0017109 -0.00192073 -0.000725163 -0.00147461 -0.00436023 -0.00540344 0.000242483 0.00562232 5.35911e-05 0.000388228 0.0011243 0.00454228 -0.000225195 0.00195761 0.00605353 0.0032554 -0.000618166 0.00186587 -0.00162373 0.00109244 0.000628481
internal_weight=1.69315e+06 1.43202e+06 261122 87638 78059 173484 21852 73840 67353 20837 20487 11032 9867 3681 3433 6186 1165 1.42748e+06 248308 112870 14299 135438 20663 9639 6159 114775 5547 11024 5355 98571
internal_count=1693147 1432025 261122 87638 78059 173484 21852 73840 67353 20837 20487 11032 9867 3681 3433 6186 1165 1427476 248308 112870 14299 135438 20663 9639 6159 114775 5547 11024 5355 98571
is_linear=0
shrinkage=0.05


Tree=153
num_leaves=31
num_cat=0
split_feature=7 19 9 18 5 18 5 9 8 8 8 15 9 8 10 9 15 18 18 19 10 8 8 10 19 19 17 10 18 18
split_gain=9.52627 18.4568 16.2028 28.2393 21.1432 17.1033 40.6955 27.6229 25.0372 29.1529 21.4847 17.929 17.4457 26.3492 15.2107 16.8955 14.8064 31.022 45.459 52.1617 63.5567 39.973 35.5231 31.3343 28.5684 63.1017 46.6815 40.497 36.9887 31.1625
threshold=3.9549118280410771 -0.9543684422969817 0.00011354029993526639 0.093673683702945723 0.0007640184194315226 -0.12836257368326184 0.001174891891423613 0.00015857336256885904 3.1427574157714848 5.850602626800538 13.136122703552248 0.84581807255744945 0.00048975308891385805 7.3907318115234384 1.1852707266807558 0.00068636270589195203 0.52590075135231029 0.29862368106842047 0.21004468202590945 0.96648588776588451 1.0895788073539736 1.2983871698379519 -8.759358882904051 0.76822999119758617 -0.70556074380874623 -0.79994463920593251 0.87050557136535656 1.7774003148078921 -0.49052239954471583 -0.20577672123908994
decision_type=2 2 2 2 2 2 2 2 2 2 2 2 2 2 2 2 2 2 2 2 2 2 2 2 2 2 2 2 2 2
left_child=16 2 3 -2 -5 6 7 -4 -7 -10 11 12 -8 -14 15 -15 17 18 24 -20 -21 -22 -19 -24 25 26 -1 -27 -28 -30
right_child=1 -3 5 4 -6 8 10 -9 9 -11 -12 -13 13 14 -16 -17 -18 22 19 20 21 -23 23 -25 -26 27 28 -29 29 -31
leaf_value=0.0048571279151593486 -0.052531069852680301 0.0017714418574943048 -0.037472692517533157 0.074722491301571506 -0.049159213618619226 -0.023405884148693913 -0.021326584217921097 0.063723092595644903 0.01979401662461007 -0.0029013222848697953 0.11831994100654245 -0.032592654079294653 0.021142742335928888 0.0109842151698621 -0.020973235322217246 -0.043947383945054479 -0.00044573795563829233 0.0047704264443665829 0.0021348543362289529 0.038690932536590283 -0.0078957794907377251 0.029388081781030053 0.0028998580389016705 -0.00096287456919799674 -3.5362737245292489e-05 0.0071296736898333385 -0.0041282312758068153 -0.02936644862949337 0.0029674343617213106 -0.0012886921559769116
leaf_weight=32206 87 79733 47 42 104 484 862 156 1220 4018 38 290 257 107 57 33 668205 16427 21185 4703 2180 584 33333 349410 353215 22601 15553 59 40738 45213
leaf_count=32206 87 79733 47 42 104 484 862 156 1220 4018 38 290 257 107 57 33 668205 16427 21185 4703 2180 584 33333 349410 353215 22601 15553 59 40738 45213
internal_value=-6.9988e-06 0.000500942 -0.00182005 -0.0148069 -0.00136986 -0.00142027 -0.00560368 0.0155172 -6.99056e-05 0.000935472 -0.00821168 -0.00909091 -0.00661094 0.00132159 -0.0124365 -0.00357143 -3.46908e-05 9.35026e-05 0.000341207 0.00227907 0.00587251 -0.000144718 -0.000240499 -0.000338217 0.000232248 0.00079491 0.000381422 0.00323477 -0.000144822 0.000261195
internal_weight=1.69315e+06 87535 7802 233 146 7569 1847 203 5722 5238 1644 1606 1316 454 197 140 1.60561e+06 937407 538237 28652 7467 2764 399170 382743 509585 156370 133710 22660 101504 85951
internal_count=1693147 87535 7802 233 146 7569 1847 203 5722 5238 1644 1606 1316 454 197 140 1605612 937407 538237 28652 7467 2764 399170 382743 509585 156370 133710 22660 101504 85951
is_linear=0
shrinkage=0.05


Tree=154
num_leaves=31
num_cat=0
split_feature=0 15 17 7 10 10 19 19 21 6 21 5 8 3 7 3 10 10 6 5 19 5 5 17 10 10 7 17 8 7
split_gain=9.54321 12.0179 11.1938 12.7596 17.4691 12.3698 11.1668 28.2949 55.2896 34.8299 29.4233 30.1461 28.1817 28.4214 31.3266 27.1486 26.7624 26.6519 25.8689 30.5456 22.8983 24.8893 36.9034 23.2037 22.2225 20.845 42.1807 31.4346 26.4114 24.1146
threshold=0.00032223039306700235 0.68342629075050365 0.80836221575737011 -2.4128136634826656 1.189502000808716 1.1066473722457888 -0.2185685262084007 -0.27353890240192408 0.65450850129127514 -1.9363938570022581 1.0000000180025095e-35 -0.0031562433578073974 -5.5121369361877433 0.0013584800763055684 -2.0534877777099605 0.001186679757665843 1.2556776404380801 1.4578608870506289 0.73908001184463512 0.001626181823667139 -0.16719855368137357 -0.0014999128179624675 -0.0043856569100171319 1.131961524486542 0.95029881596565258 0.87875959277153026 1.2013994455337527 0.50727251172065746 10.0774302482605 4.9518494606018075
decision_type=2 2 2 2 2 2 2 2 2 2 2 2 2 2 2 2 2 2 2 2 2 2 2 2 2 2 2 2 2 2
left_child=6 2 3 4 -2 -5 7 25 10 -10 15 -12 13 14 -11 -9 -13 24 19 -14 21 22 -8 -24 -17 26 27 -1 -29 -28
right_child=1 -3 -4 5 -6 -7 20 8 9 12 11 16 18 -15 -16 17 -18 -19 -20 -21 -22 -23 23 -25 -26 -27 29 28 -30 -31
leaf_value=0.0077719177119714104 0.0075266775441898753 0.00099125612580877056 -0.0018280112228089562 0.0017206905993070844 0.022078043039005513 -0.0042554639176544343 -0.020449202655351485 0.0029392375615001189 0.015952765778052692 -0.0091703567853179575 -0.015021566987822267 0.012286554640593595 -0.0027599940032561445 0.068213923313416677 -0.037443273897909087 0.0033573626486704034 -0.0085665178330166843 0.042520791198719425 -0.014543283870891523 0.03021098878587334 -9.7608033623314275e-05 -0.0043711723837828844 0.015920540928440998 -0.0032751428502953762 -0.026153528946259774 -0.00013905513656763956 -0.0017233370996719067 0.0018975481277711649 -0.017427395050392008 0.011462712434035811
leaf_weight=15365 680 27547 70413 11026 134 1701 397 11429 591 253 468 10644 3010 22 264 200 698 38 1474 325 863854 24323 2185 975 399 479568 54636 107994 512 2022
leaf_count=15365 680 27547 70413 11026 134 1701 397 11429 591 253 468 10644 3010 22 264 200 698 38 1474 325 863854 24323 2185 975 399 479568 54636 107994 512 2022
internal_value=-7.17599e-06 -0.000454256 -0.000751602 0.000564951 0.00663391 0.00017679 2.43417e-05 0.000175385 0.00168204 -0.00263512 0.00275591 0.00453006 -0.003908 -0.0147495 -0.017118 0.00101939 0.0050432 -0.00902669 -0.00269287 -0.000254873 -9.25164e-05 -0.00150287 0.00240371 0.00420886 -0.0116027 0.000107333 0.000565283 0.00108217 0.000782445 -0.000564792
internal_weight=1.69315e+06 111501 83954 13541 814 12727 1.58165e+06 689912 29815 5939 23876 11810 5348 539 517 12066 11342 637 4809 3335 891734 27880 3557 3160 599 660097 180529 123871 108506 56658
internal_count=1693147 111501 83954 13541 814 12727 1581646 689912 29815 5939 23876 11810 5348 539 517 12066 11342 637 4809 3335 891734 27880 3557 3160 599 660097 180529 123871 108506 56658
is_linear=0
shrinkage=0.05


Tree=155
num_leaves=31
num_cat=0
split_feature=18 19 4 19 4 19 9 5 9 19 21 4 21 8 20 8 5 8 5 19 7 18 9 21 9 8 17 16 9 5
split_gain=9.64446 36.1748 51.3738 34.5979 35.6954 31.8993 64.3104 30.7546 30.6604 50.2657 28.2113 26.7059 28.6299 26.4926 25.0746 41.6484 24.5352 24.1913 32.4572 31.3667 48.3854 28.3662 27.9072 29.5582 23.6976 34.2933 23.1619 24.4517 27.7145 34.9332
threshold=0.94622433185577404 -0.2185685262084007 0.0013806226779706778 -0.14133286476135251 0.0042824114207178363 -0.089328680187463746 0.00022020580945536497 0.0043213439639657744 0.00031381714507006114 -0.24826665222644803 0.65450850129127514 0.00015478129353141415 1.0000000180025095e-35 -6.1296253204345694 -0.76942089200019825 6.3415014743804941 0.0019612736068665986 1.0000000180025095e-35 0.00084954162593930971 -0.010908065363764761 0.47180935740470892 0.98285266757011425 0.000126842234749347 0.65450850129127514 0.00017092705820687118 8.9604048728942889 0.9846349060535432 0.71183040738105785 0.00010321946319891141 0.00026228564092889434
decision_type=2 2 2 2 2 2 2 2 2 2 2 2 2 2 2 2 2 2 2 2 2 2 2 2 2 2 2 2 2 2
left_child=-1 2 8 4 10 6 16 -8 11 -10 13 12 -2 -3 24 -16 -5 18 26 22 -21 -22 23 -19 25 -13 27 -7 29 -29
right_child=1 3 -4 5 -6 17 7 -9 9 -11 -12 14 -14 -15 15 -17 -18 19 -20 20 21 -23 -24 -25 -26 -27 -28 28 -30 -31
leaf_value=-9.8059353841567501e-05 0.0043489153094141255 0.012643149758320149 -0.0093709597068468882 0.016459349344832008 0.12351706455344201 -0.00029851126659574125 -0.0032269165969797454 0.044337728074667765 -0.0039442507386823538 0.017927672868843825 -0.011836767988415471 0.050989668171800506 0.017618380011441292 -0.0032833480208534051 -0.0038128874186837193 0.03129041761890252 -0.026771494235179539 0.0061145293958708271 0.015819924400950636 0.0086854841834498545 -0.0042198846500873912 0.0038031864905062663 -0.0056704541849879053 0.072216543181073886 0.0070258116485924504 -0.048753410060405303 0.00024518693256405657 -0.0013923236399841833 -0.0095298961496816728 0.058777254202185714
leaf_weight=1506408 4936 963 2636 7816 116 11790 6782 130 6107 1371 4420 417 7463 16757 5779 609 116 1023 1355 14645 13675 20768 10213 219 1561 29 29060 2737 12946 300
leaf_count=1506408 4936 963 2636 7816 116 11790 6782 130 6107 1371 4420 417 7463 16757 5779 609 116 1023 1355 14645 13675 20768 10213 219 1561 29 29060 2737 12946 300
internal_value=-5.58132e-06 0.000333353 0.00189595 2.34228e-05 -0.00180176 0.000327531 0.0025128 -0.00101273 0.00251839 -0.000227334 -0.0019467 0.00350582 0.00498024 -0.0010553 0.00132817 -0.000203507 0.00558497 5.43245e-05 -0.000673678 0.00075401 0.00130378 0.000280173 -0.00160192 0.00547504 0.00620329 0.0163677 -0.000856017 -0.00188852 -0.00316274 0.00113599
internal_weight=1.69315e+06 186739 30908 155831 22256 133575 14844 6912 28272 7478 22140 20794 12399 17720 8395 6388 7932 118731 58188 60543 49088 34443 11455 1242 2007 446 56833 27773 15983 3037
internal_count=1693147 186739 30908 155831 22256 133575 14844 6912 28272 7478 22140 20794 12399 17720 8395 6388 7932 118731 58188 60543 49088 34443 11455 1242 2007 446 56833 27773 15983 3037
is_linear=0
shrinkage=0.05


Tree=156
num_leaves=31
num_cat=0
split_feature=19 9 5 15 19 7 20 5 9 18 20 9 1 15 5 17 8 9 9 5 8 8 20 8 5 8 8 8 7 9
split_gain=9.39808 34.3405 51.1241 27.328 27.234 46.0996 27.9471 41.5122 26.6956 22.7273 52.5724 33.9059 31.1062 28.4131 29.1439 25.6501 26.7462 29.6132 23.4934 28.5395 26.6184 26.8117 23.2237 22.8247 22.3927 29.7465 26.0801 22.5861 22.2791 29.0157
threshold=-0.99115538597106922 0.00013087081606499853 0.00019387512293178591 0.29322183132171636 -0.98035496473312367 -1.0295262336730955 0.76942089200019848 0.002614831668324769 0.0010354014812037351 -0.063225833699107156 -1.0000000180025095e-35 0.00068636270589195203 -0.00045926982420496637 0.52929344773292553 0.0025335021782666449 0.83796069025993358 1.1978797912597658 0.00016545129619771617 0.00047773646656423813 0.0030537064885720615 4.3384559154510507 6.045631170272828 1.0000000180025095e-35 2.9126865863800053 -0.0014325802330859003 -8.759358882904051 -6.6132924556732169 -2.4267622232437129 1.8600203394889834 0.00058903728495351981
decision_type=2 2 2 2 2 2 2 2 2 2 2 2 2 2 2 2 2 2 2 2 2 2 2 2 2 2 2 2 2 2
left_child=1 2 -1 -4 5 -2 8 -8 -7 10 12 13 -3 22 24 16 -11 -18 19 20 -14 -22 -12 -13 25 -15 -26 -28 29 -20
right_child=4 9 3 -5 -6 6 7 -9 -10 15 11 23 18 14 -16 -17 17 -19 28 -21 21 -23 -24 -25 26 -27 27 -29 -30 -31
leaf_value=0.0019859012990136372 -0.0083774721973258748 0.0352106526543573 0.089341469103394119 -0.024729210084988809 -2.601533175095039e-06 0.00084967150310304444 -0.0042864351268708748 -0.02590292375917937 0.026511524383231979 0.009898796762708606 -0.0020847012611553196 -0.019438392559685769 0.004384074183785525 0.073321266905912702 0.023788483041913791 -0.0010422587754674306 0.019492253297292397 -0.0047468072477885653 0.051278823570726599 -0.030572590909395417 0.034797273950190867 0.0023505933273326065 0.01056765462610898 0.008214210723128312 -0.06695974549889859 -0.033141499483746333 0.024089559438494515 -0.0062448983265501858 -0.0040047665159942073 0.01267246112863959
leaf_weight=2152 11853 995 35 1579 1580591 19933 4548 445 327 8275 1935 514 4430 24 472 37810 894 5575 394 159 592 418 4059 130 40 297 317 3706 253 395
leaf_count=2152 11853 995 35 1579 1580591 19933 4548 445 327 8275 1935 514 4430 24 472 37810 894 5575 394 159 592 418 4059 130 40 297 317 3706 253 395
internal_value=-7.35317e-06 0.000538105 -0.00411577 -0.0108426 -3.27935e-05 -0.00137175 -0.000164337 -0.00351492 0.000661402 0.000782601 0.00225823 0.000121803 0.00547407 0.00078341 -0.00205931 0.000245462 0.00201438 -0.000394188 0.00423882 0.00295588 0.00356618 0.0108911 0.00308642 -0.0110248 -0.00333029 -0.0160436 -0.00232587 -0.00192642 0.0111324 0.0152725
internal_weight=1.69315e+06 75450 3766 1614 1.6177e+06 37106 25253 4993 20260 71684 19130 11494 7636 10850 4856 52554 14744 6469 6641 5599 5440 1010 5994 644 4384 321 4063 4023 1042 789
internal_count=1693147 75450 3766 1614 1617697 37106 25253 4993 20260 71684 19130 11494 7636 10850 4856 52554 14744 6469 6641 5599 5440 1010 5994 644 4384 321 4063 4023 1042 789
is_linear=0
shrinkage=0.05


Tree=157
num_leaves=31
num_cat=0
split_feature=6 10 18 5 21 7 3 7 10 5 20 7 7 16 3 6 7 4 5 5 2 3 18 19 19 20 16 18 7 18
split_gain=9.12129 10.3898 9.42013 22.1622 37.5123 30.4214 28.1661 26.2515 22.8396 19.4015 24.7168 17.6461 19.2838 22.0088 18.6001 15.841 14.4813 14.1061 13.0283 12.8333 14.1259 12.4645 12.118 38.1303 79.7029 59.6786 45.1264 39.5835 28.2422 27.0843
threshold=-4.1366701126098624 1.3386096954345705 -0.99959546327590931 -0.0022289243061095472 1.0000000180025095e-35 -5.4702172279357901 -0.0013280683197081087 -0.35630580782890314 0.98581206798553478 0.0029277219437062745 -0.76942089200019825 5.8234112262725839 4.9518494606018075 1.208087742328644 0.0019896490266546611 2.5213959217071538 -2.1567699909210201 0.0028223466360941534 0.00066991057246923457 -0.0028864039340987797 -5.453840230984496e-06 0.00023964154388522732 -0.78396254777908314 0.49052239954471594 0.33586180210113531 -0.76942089200019825 0.60904303193092357 -0.83747833967208851 -3.8974733352661128 -0.22707572579383847
decision_type=2 2 2 2 2 2 2 2 2 2 2 2 2 2 2 2 2 2 2 2 2 2 2 2 2 2 2 2 2 2
left_child=1 -1 3 4 7 -6 8 19 18 11 -11 12 14 -14 -8 17 21 -12 -5 20 -2 -7 23 24 -4 -26 27 -25 -27 -24
right_child=2 -3 22 6 5 16 9 -9 -10 10 15 -13 13 -15 -16 -17 -18 -19 -20 -21 -22 -23 29 26 25 28 -28 -29 -30 -31
leaf_value=0.007571409059141665 0.022812638625262161 -0.0038708665378341281 -0.00083781548405916786 0.020215667574234476 0.073854606579840429 -0.01802524137023066 0.004709675253676604 -0.042649151573262961 -0.031790426590008851 0.034715750376487588 -0.022453848693196277 -0.024868109713416221 0.059637511622147414 -0.0029797729536035766 0.043622535346069538 0.0076179538990042706 -0.035648729755524612 -0.04434010819087985 -0.029267201665204301 -0.0052103051052993293 -0.00010320201229070404 0.019407124245579634 0.00097211073392289293 -0.014036058267548902 -0.0031467142279549224 -0.0079736530117385136 -0.0016070205898622682 -0.0033041722653694098 0.00652438392745377 -0.00016531603375856131
leaf_weight=4799 205 1538 267865 97 32 435 13392 25 194 124 245 77 95 72 113 103 179 49 41 223 129 28 297729 3397 9214 1883 34998 4517 35543 1015806
leaf_count=4799 205 1538 267865 97 32 435 13392 25 194 124 245 77 95 72 113 103 179 49 41 223 129 28 297729 3397 9214 1883 34998 4517 35543 1015806
internal_value=-7.64848e-06 0.00188575 -1.47616e-05 0.00119813 -0.00517516 -0.0132047 0.00174634 0.00412371 -0.0126506 0.00208129 -0.00738964 0.00244018 0.00257461 0.0194611 0.00236579 -0.0134761 -0.0155763 -0.0193878 0.00289855 0.00637343 0.0125749 -0.0109071 -2.62724e-05 -0.000284402 -9.36392e-05 0.00181389 -0.00168251 -0.00509224 0.00270133 4.39653e-05
internal_weight=1.69315e+06 6337 1.68681e+06 15858 1256 674 14602 582 332 14270 521 13749 13672 167 13505 397 642 294 138 557 334 463 1.67095e+06 357417 314505 46640 42912 7914 37426 1.31354e+06
internal_count=1693147 6337 1686810 15858 1256 674 14602 582 332 14270 521 13749 13672 167 13505 397 642 294 138 557 334 463 1670952 357417 314505 46640 42912 7914 37426 1313535
is_linear=0
shrinkage=0.05


Tree=158
num_leaves=31
num_cat=0
split_feature=6 8 16 10 21 10 19 5 9 8 10 10 20 15 9 3 20 19 19 9 19 8 8 19 9 9 7 19 9 5
split_gain=9.39471 13.9412 11.1652 10.5022 14.1897 14.199 10.6173 14.1569 10.0913 9.86657 36.1038 28.0173 34.7017 25.3046 22.6754 21.4239 21.5589 29.5636 28.1676 26.7356 21.338 20.8519 20.7532 31.5058 39.1044 33.5215 28.1045 27.6263 25.5471 30.6583
threshold=4.1726610660552987 -2.6997810602188106 1.0841702818870547 0.85487139225006115 0.65450850129127514 0.82233074307441723 0.99894830584526073 0.002236129250377417 0.00020294670684961605 -3.8724954128265376 0.5111239254474641 1.6899983286857607 1.0000000180025095e-35 0.68652945756912243 0.00046601842041127389 0.0010342611349187794 1.0000000180025095e-35 0.832677721977234 0.91618576645851146 0.00022497968166135254 -0.29028397798538202 -7.8385989665985099 1.0484770536422732 -0.90164175629615773 0.00084653412341140221 8.5867995949229239e-05 4.3621881008148202 -0.92304024100303639 4.8490544941159903e-05 0.0007640184194315226
decision_type=2 2 2 2 2 2 2 2 2 2 2 2 2 2 2 2 2 2 2 2 2 2 2 2 2 2 2 2 2 2
left_child=9 2 -2 4 5 -3 -5 -8 -7 10 13 -12 14 15 -13 16 17 -1 -19 -18 21 -16 23 25 26 27 -25 -11 29 -24
right_child=1 3 -4 6 -6 8 7 -9 -10 22 11 12 -14 -15 20 -17 19 18 -20 -21 -22 -23 28 24 -26 -27 -28 -29 -30 -31
leaf_value=0.062131679876621583 -0.08186423383195221 0.0026903392943366691 -0.011893351447839873 0.0046248044551116868 0.044966998429660322 0.082599821238552418 -0.014035913723597594 -0.037147441964946862 0.019374062398628697 0.086884320998039388 0.0004544900431339594 -0.017881186933328574 0.0024380869804247365 -0.016722196840350118 0.018769798069439736 -0.037544229451687887 0.0014922870319953319 -0.067110403639838209 0.019916952608100991 0.10077866965223968 0.0024270518784195953 -0.013165618184676223 0.012110780588703253 -0.00079732231768119281 -0.0048057597009309701 0.0010691148345232104 0.025742869019480599 -0.066029742151334642 0.00017045753854904035 0.081870437316747077
leaf_weight=755 26 694 47 5317 211 94 164 32 82 230 336789 696 1617 310 43 30 808 58 198 117 580 852 2749 503596 10612 97959 989 30 727286 176
leaf_count=755 26 694 47 5317 211 94 164 32 82 230 336789 696 1617 310 43 30 808 58 198 117 580 852 2749 503596 10612 97959 989 30 727286 176
internal_value=-5.81757e-06 0.00186741 -0.019863 0.00210798 0.00661425 0.0037931 0.00122438 -0.0102041 0.0164773 -1.32228e-05 0.00022619 0.000184246 -0.00409187 0.00650264 -0.00822202 0.00859613 0.00924587 0.0142928 -0.000390625 0.00372973 -0.00471186 -0.00955307 -7.43138e-05 -0.000288711 -0.00044517 0.000531974 -0.000381997 0.0184615 0.000105791 0.00476923
internal_weight=1.69315e+06 6667 73 6594 1081 870 5513 196 176 1.68648e+06 342853 340577 3788 2276 2171 1966 1936 1011 256 925 1475 895 1.34363e+06 613416 515197 98219 504585 260 730211 2925
internal_count=1693147 6667 73 6594 1081 870 5513 196 176 1686480 342853 340577 3788 2276 2171 1966 1936 1011 256 925 1475 895 1343627 613416 515197 98219 504585 260 730211 2925
is_linear=0
shrinkage=0.05


Tree=159
num_leaves=31
num_cat=0
split_feature=13 16 7 2 19 3 8 9 12 19 19 18 10 19 15 8 20 7 10 10 9 4 9 20 8 3 9 10 9 2
split_gain=9.1183 11.7295 12.2905 9.87415 9.20931 19.2651 16.3967 25.7204 15.3413 12.6051 27.6965 51.1911 42.4256 37.7867 29.4339 29.3293 27.0286 26.9958 51.2079 40.2016 33.1944 28.3461 26.3991 34.8095 26.1438 24.9923 23.3525 22.8618 23.8473 22.0952
threshold=1.3106148242950442 2.405956625938416 -2.2975528240203853 0.0013750274083577099 0.99980485439300548 0.00032389878469984984 -10.891653537750242 0.0001361236136290245 -0.672370284795761 0.98664098978042614 0.95305636525154125 0.21004468202590945 1.04331511259079 0.96648588776588451 0.60189110040664684 -13.293497562408445 0.76942089200019848 1.4762572050094607 0.5111239254474641 0.70437994599342357 0.00058903728495351981 0.00041768173105083411 0.00010130670489161277 1.0000000180025095e-35 14.866724967956545 0.00018088372598867866 0.0014222073950804772 1.5913242697715761 0.0003874904068652541 0.0015395943191833796
decision_type=2 2 2 2 2 2 2 2 2 2 2 2 2 2 2 2 2 2 2 2 2 2 2 2 2 2 2 2 2 2
left_child=4 -2 -3 -4 9 6 7 -6 -8 10 -1 15 13 -13 -15 -12 22 19 -19 20 -17 29 23 -14 26 -26 -20 -11 -29 -21
right_child=1 2 3 -5 5 -7 8 -9 -10 27 11 12 16 14 -16 17 -18 18 24 21 -22 -23 -24 -25 25 -27 -28 28 -30 -31
leaf_value=-7.404205427182787e-05 0.00061281097695594646 0.030615186220450688 0.0055694971615781637 0.044135629851760658 -0.035239012106071659 -0.005715068953975045 -0.0017657638812040189 0.1405549963862566 0.011032738065978343 -0.0010142764731413678 -0.04727567720473206 -0.0032832577742286321 0.0021298851877271097 0.036333067691096003 0.0082046545412897461 0.018999356222798337 0.014043517672582674 -0.065465758843738092 -0.0036383994662546938 -6.3047127015791746e-05 0.10171262428793569 0.010493667249766159 -0.00044408393931403282 0.08084526742022731 -0.064101481431288507 0.14124697223196939 -0.028433653557864858 -0.0092247335138843142 0.0089346226473599136 -0.01777824372477357
leaf_weight=1525362 3120 240 1488 130 107 2135 2084 36 6622 78528 186 1670 412 5322 2268 2025 3442 130 13211 25731 81 2120 13542 271 26 104 94 2104 484 72
leaf_count=1525362 3120 240 1488 130 107 2135 2084 36 6622 78528 186 1670 412 5322 2268 2025 3442 130 13211 25731 81 2120 13542 271 26 104 94 2104 484 72
internal_value=-7.41223e-06 0.00212937 0.00527449 0.00370828 -1.37131e-05 0.00142935 0.0024579 -0.0143357 0.00273375 -2.31638e-05 7.73776e-06 0.000975151 0.00269061 0.00543197 0.00693017 -7.99452e-05 0.00125375 4.58779e-06 -0.00184666 0.000840854 0.00750237 0.000338431 0.00029174 0.00988287 -0.00154447 0.0207692 -0.0017625 -0.000631195 -0.00525502 -0.000118203
internal_weight=1.69315e+06 4978 1858 1618 1.68817e+06 10984 8849 143 8706 1.67718e+06 1.59607e+06 70707 26927 9260 7590 43780 17667 43594 13565 30029 2106 27923 14225 683 13435 130 13305 81116 2588 25803
internal_count=1693147 4978 1858 1618 1688169 10984 8849 143 8706 1677185 1596069 70707 26927 9260 7590 43780 17667 43594 13565 30029 2106 27923 14225 683 13435 130 13305 81116 2588 25803
is_linear=0
shrinkage=0.05


Tree=160
num_leaves=31
num_cat=0
split_feature=19 3 8 9 18 8 9 9 9 9 8 5 3 10 16 5 9 2 17 8 9 6 15 6 5 12 19 8 19 19
split_gain=8.96087 20.681 20.2062 29.9362 19.9233 19.6308 24.7171 17 19.4573 17.5518 16.5536 16.3247 17.7937 16.2221 16.1759 16.0605 20.6753 19.6301 17.8346 17.5737 18.8449 16.5375 15.6098 15.4735 20.0242 14.5542 14.0649 28.8705 43.3812 26.2427
threshold=0.99959546327590953 0.00033104898466262972 -10.891653537750242 0.00015146696387091654 -1.0000000180025095e-35 5.3248722553253183 0.00053318636491894733 0.00061198146431706857 0.0011624655453488233 5.6667309763724922e-05 5.0780088901519784 0.00064060432487167429 0.0015258466592058542 1.0323712825775149 0.93482849001884472 0.00013797524297842759 0.00011018203804269434 -0.00046001523151062424 0.55494287610054027 1.1978797912597658 0.00014010613085702064 0.92032551765441906 0.65204051136970531 -1.6508749127387998 0.0030537064885720615 -0.58325147628784169 0.98664098978042614 -10.891653537750242 0.99674141407012951 0.95819556713104259
decision_type=2 2 2 2 2 2 2 2 2 2 2 2 2 2 2 2 2 2 2 2 2 2 2 2 2 2 2 2 2 2
left_child=26 2 3 13 10 11 -7 9 -9 -6 15 12 -3 -2 22 19 18 -18 -17 -4 21 -21 -11 -12 -25 -16 29 28 -28 -1
right_child=1 5 4 -5 7 6 -8 8 -10 14 23 -13 -14 -15 25 16 17 -19 -20 20 -22 -23 -24 24 -26 -27 27 -29 -30 -31
leaf_value=-5.7184958250422473e-05 -0.04393756026363841 -0.0030992438024196379 0.010813588184167939 0.075212079659801256 0.047215838464315901 0.013101497798290602 -0.032649694728638635 0.024797220598635702 -0.02648569191304706 -0.010606004592083319 0.12266201601765539 -0.018244865478350369 -0.041428277178814713 0.025234619989918074 -0.0051639308282222631 -0.046509422768659187 -0.020949164050361919 0.013462305334839143 -0.0051121779645281864 0.077937977991613908 -0.0035527930309262935 0.02148996946486318 0.024363299128399352 0.046186357141354432 -0.022716728193424185 0.0079709264030977008 0.047595799697627922 -0.0016656394304231826 -0.018906542341089752 0.002102159184346114
leaf_weight=1535810 134 1167 2760 46 279 1144 66 112 25 1659 24 705 23 21 1607 262 96 957 446 240 116 80 63 886 71 3056 536 75705 273 64778
leaf_count=1535810 134 1167 2760 46 279 1144 66 112 25 1659 24 705 23 21 1607 262 96 957 446 240 116 80 63 886 71 3056 536 75705 273 64778
internal_value=-7.41223e-06 0.00116859 0.00204791 -0.0136816 0.0022961 -0.00249597 0.00247934 0.000448463 0.0178832 9.0036e-05 0.00441226 -0.00567282 -0.00210084 -0.0241935 -0.000446359 0.00323785 -0.000596252 0.00384615 -0.00720339 0.00535044 0.0146789 0.0209375 -0.00458769 0.0103466 0.00935214 0.00108299 -1.86631e-05 -0.000680921 0.00871446 1.29952e-05
internal_weight=1.69315e+06 16045 12940 201 12739 3105 1210 6801 137 6664 5938 1895 1190 155 6385 4957 1761 1053 708 3196 436 320 1722 981 957 4663 1.6771e+06 76514 809 1.60059e+06
internal_count=1693147 16045 12940 201 12739 3105 1210 6801 137 6664 5938 1895 1190 155 6385 4957 1761 1053 708 3196 436 320 1722 981 957 4663 1677102 76514 809 1600588
is_linear=0
shrinkage=0.05


Tree=161
num_leaves=31
num_cat=0
split_feature=19 15 6 4 10 8 7 8 5 8 5 4 10 19 19 5 8 5 4 8 7 4 5 8 19 15 4 6 12 20
split_gain=9.24846 14.4603 21.4714 15.3997 19.2343 30.9777 14.7692 12.9312 18.3648 11.584 12.9712 11.5138 11.2261 10.7302 67.957 25.7614 24.5207 50.8224 25.7376 24.3849 23.6815 28.3183 21.1389 24.1282 22.5816 19.5404 19.2523 21.3441 19.2035 19.7763
threshold=0.99980485439300548 0.55868592858314525 -0.20603527873754499 0.000551488861674443 1.103846609592438 2.2449215650558476 -4.8843848705291739 6.6566703319549569 0.00042137569107580935 -7.4728212356567374 -0.0013404229539446531 0.003317866008728743 1.9385754466056826 0.97581917047500621 0.96304282546043407 -0.0083811949007213098 9.1960406303405779 0.003732264158315957 0.0012265667319297793 4.0743191242218026 1.5323815345764162 0.0024929537903517489 0.0007640184194315226 1.1978797912597658 0.9844242036342622 0.48779337108135229 -8.0916579463519142e-05 -1.1726578474044798 -1.4152732491493223 -1.0000000180025095e-35
decision_type=2 2 2 2 2 2 2 2 2 2 2 2 2 2 2 2 2 2 2 2 2 2 2 2 2 2 2 2 2 2
left_child=13 2 6 4 5 -3 -2 8 -6 -4 -11 -5 -8 14 -1 19 20 18 26 -15 21 22 -17 -24 -25 -19 27 -18 -16 -30
right_child=1 3 9 11 7 -7 12 -9 -10 10 -12 -13 -14 15 28 16 17 25 -20 -21 -22 -23 23 24 -26 -27 -28 -29 29 -31
leaf_value=-5.0122233535732086e-05 0.029920314103243209 -0.021175056064333894 -0.035094856117614585 -0.010766895886791351 0.025693339996345457 0.013066760303406123 0.0013866057084717443 0.052935727304264039 -0.0091703557373965187 0.06505404577714996 0.013486798771331743 -0.034740629647222125 -0.045434432365131727 0.087090404738134439 0.022305151715194628 -0.0010386555025124534 -0.022922034159320922 -0.024496307651037892 0.037757853077959008 -0.054539001818650269 -0.0040705782604300248 0.040603221287179088 0.016341718585077571 0.018731374915745929 -0.003415063393850093 -0.010979803373133357 0.0044174748476495168 0.045541225831060586 0.00019921774246132174 0.0077877447563370677
leaf_weight=1542269 330 890 28 1173 480 1002 4721 87 213 73 2043 33 33 65 1432 73838 110 196 801 24 28593 148 1584 744 2899 477 3653 384 7697 17127
leaf_count=1542269 330 890 28 1173 480 1002 4721 87 213 73 2043 33 33 65 1432 73838 110 196 801 24 28593 148 1584 744 2899 477 3653 384 7697 17127
internal_value=-6.46725e-06 0.00143166 0.00275318 -0.00103146 0.00108533 -0.00163848 0.000983478 0.00769231 0.00541126 0.00694963 0.0073724 -0.00572139 0.000273454 -1.59628e-05 1.80106e-05 -0.000485394 -0.000506493 0.00271304 0.00446645 0.0264045 -0.000674359 -0.000229129 -0.000270031 0.00280275 0.000562723 -0.0101783 0.0028816 0.0121457 0.00254037 0.0022156
internal_weight=1.69315e+06 11106 7228 3878 2672 1892 5084 780 693 2144 2116 1206 4754 1.68204e+06 1.56852e+06 113516 113427 5621 4948 89 107806 79213 79065 5227 3643 673 4147 494 26256 24824
internal_count=1693147 11106 7228 3878 2672 1892 5084 780 693 2144 2116 1206 4754 1682041 1568525 113516 113427 5621 4948 89 107806 79213 79065 5227 3643 673 4147 494 26256 24824
is_linear=0
shrinkage=0.05


Tree=162
num_leaves=31
num_cat=0
split_feature=13 12 18 18 19 9 18 19 20 19 9 5 5 8 9 15 9 9 8 15 17 19 11 19 18 10 20 5 5 5
split_gain=9.13182 12.2606 10.9504 10.5409 35.4605 32.8161 35.7963 29.7696 28.7093 28.6443 60.2587 28.9279 28.5187 33.0644 23.4296 23.403 23.1087 33.2431 22.6607 31.8914 22.3695 40.4038 32.9124 24.6175 58.9965 23.4638 38.866 29.12 22.5309 21.8056
threshold=0.69079652428627025 -1.5411764979362486 0.69934985041618358 0.94622433185577404 -0.2185685262084007 0.00031381714507006114 0.96535655856132518 -0.14133286476135251 -1.0000000180025095e-35 -0.089328680187463746 0.00021541945170611146 0.0043213439639657744 0.00032211121288128203 1.9213768839836123 0.00095155177405104052 0.17283601313829425 0.0005506726447492839 0.0003874904068652541 -3.0569686889648433 0.33221259713172918 0.85583797097206127 -0.0065449222456663838 0.75788599252700817 0.19722913205623629 0.99332016706466686 1.4403525590896609 -1.0000000180025095e-35 -0.00031404657056555147 -0.0054270699620246879 0.0043213439639657744
decision_type=2 2 2 2 2 2 2 2 2 2 2 2 2 2 2 2 2 2 2 2 2 2 2 2 2 2 2 2 2 2
left_child=3 2 -2 -1 5 -5 -7 8 -6 10 12 -12 13 -9 15 -10 17 -17 19 -18 22 -22 -11 24 -23 -26 27 -27 -25 -8
right_child=1 -3 -4 4 7 6 29 9 14 20 11 -13 -14 -15 -16 16 18 -19 -20 -21 21 23 -24 28 25 26 -28 -29 -30 -31
leaf_value=-0.0001516507208241813 0.025776741045993701 0.00092310713298542351 -0.011401123045060448 0.0070204838066864061 0.00090147593020004644 -0.0044010564614724301 0.010019964628574286 0.017110185466247419 -0.033413345446937602 0.00083887984299848564 -0.0028129891721008883 0.04189751197561456 0.0051164460670956036 0.048885968377602264 0.042390478108219755 -0.0076173009881413739 -0.038304408645651794 0.010918390876518226 -0.032637083714608543 0.030042484278355364 -0.0030746068802611549 0.01321146265851534 -0.0063170802920232035 0.11095964746610681 0.0032165293045530508 -0.027022838640195303 0.001625812458607312 -0.0061080215170843171 -0.00094903106490433768 -0.028620626931595838
leaf_weight=1442468 579 72008 205 20623 8475 6408 2315 3700 220 26317 6837 123 2655 705 90 11191 58 990 221 91 17647 12295 18448 26 19515 527 2204 904 15199 103
leaf_count=1442468 579 72008 205 20623 8475 6408 2315 3700 220 26317 6837 123 2655 705 90 11191 58 990 221 91 17647 12295 18448 26 19515 527 2204 904 15199 103
internal_value=-6.58537e-06 0.000541268 0.0067602 -3.11969e-05 0.000331952 0.00191687 -0.000634489 1.75157e-05 -0.00171072 0.000307627 0.00243937 -0.000862069 0.00569405 0.00816118 -0.0031996 -0.00337875 -0.00309537 -0.00272145 -0.0154054 -0.00033557 4.33314e-05 0.000612585 -0.000825422 0.00133018 0.00205248 0.000565875 -0.00312242 -0.00953878 -0.000351396 0.00454921
internal_weight=1.69315e+06 72792 784 1.62036e+06 177887 29449 8826 148438 21336 127102 14020 6960 7060 4405 12861 12771 12551 12181 370 149 113082 68317 44765 50670 35445 23150 3635 1431 15225 2418
internal_count=1693147 72792 784 1620355 177887 29449 8826 148438 21336 127102 14020 6960 7060 4405 12861 12771 12551 12181 370 149 113082 68317 44765 50670 35445 23150 3635 1431 15225 2418
is_linear=0
shrinkage=0.05


Tree=163
num_leaves=31
num_cat=0
split_feature=1 8 15 6 3 2 19 3 3 5 7 16 5 8 9 10 19 8 5 3 20 20 15 10 3 5 5 8 5 19
split_gain=8.92469 12.5014 11.3329 16.6564 11.6647 13.5917 12.4933 11.4081 14.9296 11.1483 18.4632 16.9671 12.1439 11.4499 10.7665 17.8525 15.6748 40.7671 18.2316 23.0199 22.1419 20.0174 17.6969 15.2282 14.9019 24.0222 22.9653 21.2561 19.0773 22.3299
threshold=-0.00080334619269706298 13.136122703552248 0.55522152781486522 -0.69248491525650013 0.0004362704348750413 -0.00078634530655108381 -0.3358618021011352 -0.00015787536540301514 -1.0000000180025095e-35 -0.00085670681437477459 -0.92479988932609547 1.6265310049057009 -0.0023061680840328331 0.94671541452407848 0.00040206861740443861 1.9385754466056826 -0.99959546327590931 -4.9931180477142325 -0.0026634606765583153 -0.00081951214815489937 -0.76942089200019825 -1.0000000180025095e-35 0.6953607201576234 0.94470804929733287 0.0011208330979570749 0.0079095256514847296 0.0012453784584067764 -11.766439914703367 0.0010004401556216182 -0.99280729889869679
decision_type=2 2 2 2 2 2 2 2 2 2 2 2 2 2 2 2 2 2 2 2 2 2 2 2 2 2 2 2 2 2
left_child=1 2 -1 4 5 -4 -6 -5 -9 10 -10 12 -12 -14 15 24 17 23 20 21 -19 -20 -21 -16 25 26 -2 -28 -26 -30
right_child=14 -3 3 7 6 -7 -8 8 9 -11 11 -13 13 -15 16 -17 -18 18 19 22 -22 -23 -24 -25 28 -27 27 -29 29 -31
leaf_value=0.00062976529883508332 0.00018874608360856527 0.033229997335985376 -0.013240657953358381 0.016654094935813823 0.040591838905509818 0.032339944970214883 0.0052454970385635404 -0.027763131038917855 0.011444264031833119 0.0046894205612648459 -0.021019194189692326 0.062929391926770911 0.0034518454690599999 -0.037616913392731682 0.050473073814314623 -0.0084946648197615771 -0.00046953819529299556 0.067688400034887769 -0.008293268527993192 -0.017153140924262057 -0.03859596204447751 0.02840944217547723 0.0091991864894334311 0.0095340102037117964 -0.00064036721488148769 -0.043611414791902031 0.048091026088767745 -0.0011727786036042076 0.018138567201807877 0.0026583352181740907
leaf_weight=47342 1132116 68 135 44 166 82 76 33 297 4039 300 24 250 53 96 1293 284318 39 99 913 159 189 225 228 21642 77 67 164883 1824 32070
leaf_count=47342 1132116 68 135 44 166 82 76 33 297 4039 300 24 250 53 96 1293 284318 39 99 913 159 189 225 228 21642 77 67 164883 1824 32070
internal_value=-5.04977e-06 0.000634108 0.000606537 0.00275505 0.0118736 0.00345622 0.0194215 0.0019246 0.00170136 0.00192424 -0.0030303 -0.00789474 -0.00953566 -0.00247525 -2.5667e-05 3.32355e-05 -0.000304262 -0.00477413 -0.00800493 -0.00603086 -0.0222222 0.00659722 -0.00922671 0.0114198 3.88488e-05 4.50991e-06 6.16777e-06 -0.000545014 0.000840896 0.0015814
internal_weight=1.69315e+06 52909 52841 5499 459 217 242 5040 4996 4963 924 627 603 303 1.64024e+06 1.35397e+06 286266 1948 1624 1426 198 288 1138 324 1.35268e+06 1.29714e+06 1.29707e+06 164950 55536 33894
internal_count=1693147 52909 52841 5499 459 217 242 5040 4996 4963 924 627 603 303 1640238 1353972 286266 1948 1624 1426 198 288 1138 324 1352679 1297143 1297066 164950 55536 33894
is_linear=0
shrinkage=0.05


Tree=164
num_leaves=31
num_cat=0
split_feature=11 17 19 20 10 20 8 2 6 8 19 12 2 19 18 8 20 9 10 15 19 9 9 8 21 7 15 10 18 17
split_gain=8.70498 19.545 22.7467 20.3096 15.4724 13.5769 20.6487 14.8018 13.3859 15.2191 15.8389 15.1564 14.6157 16.8278 65.4822 38.3909 21.0195 24.1597 16.4366 15.0158 17.4183 14.2271 14.082 18.5775 23.2128 26.452 18.8215 16.9712 19.3332 44.2502
threshold=0.55918949842453014 0.23533738404512408 -0.90164175629615773 -0.76942089200019825 0.67747738957405101 0.76942089200019848 -13.293497562408445 0.00025430067034903919 1.9668111801147463 -6.8756659030914298 0.96648588776588451 -0.1072525307536125 -5.6119346481864334e-05 0.82535797357559215 -0.49052239954471583 -6.4821996688842765 -0.76942089200019825 8.8437478552805273e-05 1.1472599506378176 0.4059902429580689 0.832677721977234 0.00023353521100943911 0.00010130670489161277 -0.69709491729736317 0.65450850129127514 -4.5019676685333243 0.69841501116752636 0.93230432271957409 0.46754305064678198 1.2419378757476809
decision_type=2 2 2 2 2 2 2 2 2 2 2 2 2 2 2 2 2 2 2 2 2 2 2 2 2 2 2 2 2 2
left_child=-1 2 -2 -4 5 -3 7 -7 12 10 -10 -11 13 -6 15 19 17 -17 -19 20 -15 -18 23 24 -16 -26 -25 -24 -29 -30
right_child=1 4 3 -5 8 6 -8 -9 9 11 -12 -13 -14 14 22 16 21 18 -20 -21 -22 -23 27 26 25 -27 -28 28 29 -31
leaf_value=-0.00052975796480750348 0.058055782546079071 0.0035766655595364629 0.014310319379591242 -0.011995987730379555 6.7703997053136789e-05 0.048145899018450393 -0.0023796392896822008 -0.019438388545631954 0.01120263730212997 0.0040138812117681 0.084617766324382712 0.00049227517666892713 -0.00040302413454376131 0.00074113025626403321 0.0065335442981568244 0.30965596850437482 0.0056628184929280352 0.1377828617413964 0.0070862009991491844 0.046368432744360803 0.13031810301522204 0.021226978554617026 -0.0020820292860880829 0.012374573779510923 0.037438515940240169 -0.026549702352515827 -0.033329442132384757 0.00067729420711665211 -0.0033746294039586791 0.01210728988182448
leaf_weight=261122 71 39506 601 3423 512193 309 11779 52 622 22081 45 116008 638913 71 4193 66 1976 209 244 155 389 225 21075 3947 144 828 76 45308 2858 4658
leaf_count=261122 71 39506 601 3423 512193 309 11779 52 622 22081 45 116008 638913 71 4193 66 1976 209 244 155 389 225 21075 3947 144 828 76 45308 2858 4658
internal_value=-5.64038e-06 4.27716e-05 -0.00340659 -0.00390159 5.26636e-05 0.000902296 -0.000560132 0.0112188 2.07806e-05 0.000486465 0.00802099 0.000450072 -3.14336e-05 0.000146087 0.000791465 0.00766117 0.00511029 0.0141618 0.0100442 0.0189431 0.0234783 0.00297592 0.000515724 0.00236178 0.000377541 -0.00658436 0.00490927 0.000286201 0.000764804 0.00311336
internal_weight=1.69315e+06 1.43202e+06 4095 4024 1.42793e+06 51646 12140 361 1.37628e+06 138756 667 138089 1.23753e+06 598615 86422 3335 2720 519 453 615 460 2201 83087 9188 5165 972 4023 73899 52824 7516
internal_count=1693147 1432025 4095 4024 1427930 51646 12140 361 1376284 138756 667 138089 1237528 598615 86422 3335 2720 519 453 615 460 2201 83087 9188 5165 972 4023 73899 52824 7516
is_linear=0
shrinkage=0.05


Tree=165
num_leaves=31
num_cat=0
split_feature=18 19 19 19 5 8 5 10 8 5 7 18 18 15 10 3 5 8 8 7 5 5 3 10 15 5 8 8 3 18
split_gain=8.35013 28.1773 29.6889 40.073 29.6794 35.603 29.2168 25.4115 22.2713 30.2243 24.6367 49.5457 23.0866 20.6692 27.7563 19.1636 19.1464 24.1273 18.7421 27.6418 45.4693 26.8493 25.4408 24.6487 27.7031 19.1924 38.5807 18.4025 19.1156 18.0515
threshold=0.94622433185577404 -0.2185685262084007 -0.13268855959177014 -0.098016906529664979 0.00051300477935001265 -1.7190364003181455 0.0079095256514847296 0.86107587814331066 1.0000000180025095e-35 0.0010004401556216182 0.47180935740470892 0.99674141407012951 0.99959546327590953 0.33469808101654058 0.87505215406417858 0.0021445982856675987 -0.0054270699620246879 -6.6132924556732169 3.6291333436965947 1.4762572050094607 0.00034725596196949487 0.002704476704820991 0.0004362704348750413 1.3386096954345705 0.41558204591274267 0.0021739796502515678 6.3415014743804941 -1.7190364003181455 -0.001501793216448277 0.98120620846748363
decision_type=2 2 2 2 2 2 2 2 2 2 2 2 2 2 2 2 2 2 2 2 2 2 2 2 2 2 2 2 2 2
left_child=-1 4 6 -4 7 -6 18 -2 9 16 11 -10 13 14 -13 -11 17 -5 19 23 -21 22 -22 24 27 -20 -27 28 -3 -12
right_child=1 2 3 8 5 -7 -8 -9 10 15 29 12 -14 -15 -16 -17 -18 -19 25 20 21 -23 -24 -25 -26 26 -28 -29 -30 -31
leaf_value=-8.7535562671997585e-05 0.022337425555474844 -0.013072794804842925 0.0078015267694082242 0.060053078716046794 -0.027916791118839959 9.3870528904071995e-05 0.15152526064728003 0.0048352801198609744 0.010344347692416312 0.018282656493633094 -0.0041633720121867944 -0.060845819472288468 0.0067067973581733664 -0.0033557105764201014 -0.010936792191180373 -0.037080072221579712 -0.0017767519591289083 -0.0080496981428447856 -0.013878088977981713 -0.01201742769440446 0.03932516897318783 -0.016722029438756916 0.008218418460646127 -0.011580374689679207 -0.0058330452068013246 0.024830292656890997 -0.0081653130272890239 -0.0030512469686440947 0.012088094008669155 0.0019451913853581471
leaf_weight=1506408 2137 261 9896 163 286 10508 54 17977 11974 896 12807 193 2135 3243 632 20 58118 136 4454 853 799 77 1211 2184 8475 379 752 2345 2886 30888
leaf_count=1506408 2137 261 9896 163 286 10508 54 17977 11974 896 12807 193 2135 3243 632 20 58118 136 4454 853 799 77 1211 2184 8475 379 752 2345 2886 30888
internal_value=-5.58132e-06 0.000309791 3.62572e-05 0.000336 0.00168888 -0.000426163 -0.00155277 0.0028239 8.62176e-05 -0.000605902 0.000749935 0.00229686 -0.00133 -0.00353982 -0.0106061 0.00840611 -0.000747214 0.0118729 -0.00163317 -0.000887853 0.00357143 0.00754672 0.00865672 -0.00169959 -0.000927186 -0.00418084 0.00163572 0.00183904 0.00433746 0.000106419
internal_weight=1.69315e+06 186739 155831 131101 30908 10794 24730 20114 121205 59333 61872 18177 6203 4068 825 916 58417 299 24676 19091 2940 2087 2010 16151 13967 5585 1131 5492 3147 43695
internal_count=1693147 186739 155831 131101 30908 10794 24730 20114 121205 59333 61872 18177 6203 4068 825 916 58417 299 24676 19091 2940 2087 2010 16151 13967 5585 1131 5492 3147 43695
is_linear=0
shrinkage=0.05


Tree=166
num_leaves=31
num_cat=0
split_feature=8 18 21 18 20 5 4 9 5 8 18 4 5 9 9 18 15 20 18 5 18 8 20 5 9 18 18 18 9 20
split_gain=8.25842 28.4597 46.8343 34.8559 33.2127 35.4766 30.0779 35.2321 65.661 28.8419 45.2462 28.6114 28.5877 27.7393 27.2136 37.0505 29.4218 25.5184 25.3607 25.1282 37.4375 27.604 24.8314 24.3259 23.9431 28.2959 24.4365 31.1602 38.411 52.0546
threshold=1.0484770536422732 0.29862368106842047 0.65450850129127514 -0.75039777159690846 -0.76942089200019825 -0.0030136770801618691 -0.0030747189885005351 0.00046601842041127389 0.00084954162593930971 -10.891653537750242 0.51316559314727794 0.0026493706973269586 0.00094065521261654805 0.00061198146431706857 0.0011624655453488233 -0.70556074380874623 0.51240983605384838 1.0000000180025095e-35 0.34816221892833715 -0.0083811949007213098 0.47907376289367681 -5.9204986095428458 0.76942089200019848 -0.0012045899638906119 4.8490544941159903e-05 -0.063225833699107156 0.17149884253740313 -0.99428912997245777 0.00013880214828532192 -0.76942089200019825
decision_type=2 2 2 2 2 2 2 2 2 2 2 2 2 2 2 2 2 2 2 2 2 2 2 2 2 2 2 2 2 2
left_child=1 3 9 4 5 -1 18 -8 -9 10 -3 19 14 22 16 23 -5 -6 -4 20 -11 -22 -14 -16 25 -2 27 28 29 -26
right_child=24 2 6 12 17 -7 7 8 -10 11 -12 -13 13 -15 15 -17 -18 -19 -20 -21 21 -23 -24 -25 26 -27 -28 -29 -30 -31
leaf_value=-0.0096813130736717722 0.0015633633355056631 -0.021524805790288155 -0.020628459823408819 0.001565972873641619 0.0010711439135510149 -0.0019913871727588405 -0.0027937656504164023 -0.011638055627810629 0.030449183169891633 -0.033507134403281368 0.017031631041642653 -0.01657532669594405 0.0054867178991551196 -0.0017209821152476103 -0.021736032736029975 -0.0031700438796357757 -0.00061248845038791577 -0.0012179575369493491 0.010048824224081333 -0.00040812818366764425 0.031136121182680554 -0.0054160530287563407 0.015944494020606381 0.038759809633765997 0.093756015637003476 0.04542531604123843 0.00091167218094487809 -0.00057089854801464226 0.0018512558008643932 0.011298583666895068
leaf_weight=5033 1781 666 111 202641 88580 40016 78087 4025 558 63 3704 891 10932 4240 271 3718 98591 94304 1429 314957 496 174 3086 21 349 1203 345533 362405 23551 1731
leaf_count=5033 1781 666 111 202641 88580 40016 78087 4025 558 63 3704 891 10932 4240 271 3718 98591 94304 1429 314957 496 174 3086 21 349 1203 345533 362405 23551 1731
internal_value=-4.40009e-06 -0.000101297 -0.000419463 0.000132473 -0.000341109 -0.00155719 -0.00146895 -0.00159792 -0.00585861 -0.000144103 0.00389016 -0.000199791 0.000466151 0.00238799 0.000351197 -0.00374065 0.000405667 -4.15564e-05 0.00545455 -0.000174538 0.00907231 0.0125373 0.00345984 -0.0208904 0.000121444 0.00459115 0.000103262 -0.000169056 0.00151574 0.00802885
internal_weight=1.69315e+06 956594 405161 551433 227933 45049 84210 82670 4583 320951 4370 316581 323500 18258 305242 4010 301232 182884 1540 315690 733 670 14018 292 736553 2984 733569 388036 25631 2080
internal_count=1693147 956594 405161 551433 227933 45049 84210 82670 4583 320951 4370 316581 323500 18258 305242 4010 301232 182884 1540 315690 733 670 14018 292 736553 2984 733569 388036 25631 2080
is_linear=0
shrinkage=0.05


Tree=167
num_leaves=31
num_cat=0
split_feature=6 9 16 1 19 19 20 18 0 11 17 19 4 16 19 18 17 18 19 18 18 17 19 19 18 18 20 9 4 16
split_gain=8.35132 12.5326 13.6361 16.9222 9.45752 10.9214 9.34958 14.9724 13.2245 9.41841 10.9596 11.6515 9.26817 9.18689 9.02829 46.7156 44.3681 39.5088 57.1476 35.4423 69.216 82.0939 63.6617 86.7264 99.5176 64.5485 54.9261 90.7385 47.0433 45.8663
threshold=-4.1366701126098624 9.7269094112562029e-05 0.54853478074073803 -0.00048497156240046019 -0.19294966012239453 -0.063225833699107156 1.0000000180025095e-35 -0.38066601753234858 -5.0873859436251216e-05 0.48955339193344122 0.72614580392837536 0.98203879594802868 -0.00069985436857677985 1.6053331494331362 0.24826665222644809 0.71782085299491893 1.227890729904175 0.19722913205623629 0.96304282546043407 -0.71477618813514698 -0.7589854598045348 0.53221368789672863 0.79994463920593273 0.86927726864814769 -0.55738157033920277 -0.31523424386978144 0.76942089200019848 5.6667309763724922e-05 0.00040743393765296792 1.5862277150154116
decision_type=2 2 2 2 2 2 2 2 2 2 2 2 2 2 2 2 2 2 2 2 2 2 2 2 2 2 2 2 2 2
left_child=1 6 -3 -4 13 -6 9 -8 12 -1 -11 -12 -9 -5 -2 17 -17 19 -19 20 -16 -22 -21 24 -24 28 -26 -28 -25 -23
right_child=14 2 3 4 5 -7 7 8 -10 10 11 -13 -14 -15 15 16 -18 18 -20 22 21 29 23 25 26 -27 27 -29 -30 -31
leaf_value=-0.023126759090991801 0.00017225619661034863 0.072501954589130474 0.0049435523447296853 -0.037648460297859378 0.034064661773075836 -0.0076897995722499338 0.10168051293823706 -0.025676959503080056 0.052126632244107844 0.048984509295139735 -0.024035879673249896 0.067595333988215531 0.032826952259660973 0.012673627252759556 -0.00012410113239178511 -0.0012574403198528762 -0.0061233299059558271 0.0006857462097076217 0.01027177773141464 -0.0055143013160177112 0.036362250696838454 0.0019684279363351652 -0.0026152262237693017 -0.0034254515646958139 0.031589874092868918 -0.00071667160976143232 0.14596003880452857 -0.010171930610492319 -0.013028447090806984 0.02388837161950046
leaf_weight=28 1027724 43 4473 159 25 899 68 42 70 88 195 80 133 34 125536 128406 18034 148928 20874 28545 2735 13230 9602 11750 9004 133183 180 2246 4929 1904
leaf_count=28 1027724 43 4473 159 25 899 68 42 70 88 195 80 133 34 125536 128406 18034 148928 20874 28545 2735 13230 9602 11750 9004 133183 180 2246 4929 1904
internal_value=-4.87258e-06 0.00180685 0.00102077 0.000805009 -0.00470009 -0.0025974 0.00809659 0.0145367 0.00877551 0.00294118 0.00509642 0.000181818 0.00142857 -0.0147668 -1.16788e-05 -0.000156125 -0.000943731 6.88584e-05 0.000692571 -0.000240051 0.000359471 0.00327103 -0.000671133 -0.000306038 0.00270065 -0.000728003 0.00585302 -0.000824402 -0.00366029 0.00183032
internal_weight=1.69315e+06 6337 5633 5590 1117 924 704 313 245 391 363 275 175 193 1.68681e+06 659086 146440 512646 169802 342844 143405 17869 199439 170894 21032 149862 11430 2426 16679 15134
internal_count=1693147 6337 5633 5590 1117 924 704 313 245 391 363 275 175 193 1686810 659086 146440 512646 169802 342844 143405 17869 199439 170894 21032 149862 11430 2426 16679 15134
is_linear=0
shrinkage=0.05


end of trees

feature_importances:
hour_sin=925
hour_cos=920
norm_atr14=533
atr_ratio=455
dist_ema200_atr=376
ret_60=292
dist_ema50_atr=250
dist_ema20_atr=226
dow_sin=206
ret_30=170
vol_ratio_20=105
dow_cos=88
ret_15=87
bar_range_atr=83
vol_ratio_100=74
rsi14=70
ret_5=54
upper_wick_atr=52
ret_3=28
bar_body_atr=25
ret_1=18
lower_wick_atr=3

parameters:
[boosting: gbdt]
[objective: regression_l1]
[metric: l1]
[tree_learner: serial]
[device_type: cpu]
[data_sample_strategy: bagging]
[data: ]
[valid: ]
[num_iterations: 600]
[learning_rate: 0.05]
[num_leaves: 31]
[num_threads: 2]
[seed: 42]
[deterministic: 0]
[force_col_wise: 0]
[force_row_wise: 0]
[histogram_pool_size: -1]
[max_depth: -1]
[min_data_in_leaf: 20]
[min_sum_hessian_in_leaf: 0.001]
[bagging_fraction: 0.8]
[pos_bagging_fraction: 1]
[neg_bagging_fraction: 1]
[bagging_freq: 0]
[bagging_seed: 400]
[bagging_by_query: 0]
[feature_fraction: 0.8]
[feature_fraction_bynode: 1]
[feature_fraction_seed: 30056]
[extra_trees: 0]
[extra_seed: 12879]
[early_stopping_round: 0]
[early_stopping_min_delta: 0]
[first_metric_only: 0]
[max_delta_step: 0]
[lambda_l1: 0]
[lambda_l2: 0]
[linear_lambda: 0]
[min_gain_to_split: 0]
[drop_rate: 0.1]
[max_drop: 50]
[skip_drop: 0.5]
[xgboost_dart_mode: 0]
[uniform_drop: 0]
[drop_seed: 17869]
[top_rate: 0.2]
[other_rate: 0.1]
[min_data_per_group: 100]
[max_cat_threshold: 32]
[cat_l2: 10]
[cat_smooth: 10]
[max_cat_to_onehot: 4]
[top_k: 20]
[monotone_constraints: ]
[monotone_constraints_method: basic]
[monotone_penalty: 0]
[feature_contri: ]
[forcedsplits_filename: ]
[refit_decay_rate: 0.9]
[cegb_tradeoff: 1]
[cegb_penalty_split: 0]
[cegb_penalty_feature_lazy: ]
[cegb_penalty_feature_coupled: ]
[path_smooth: 0]
[interaction_constraints: ]
[verbosity: -1]
[saved_feature_importance_type: 0]
[use_quantized_grad: 0]
[num_grad_quant_bins: 4]
[quant_train_renew_leaf: 0]
[stochastic_rounding: 1]
[linear_tree: 0]
[max_bin: 255]
[max_bin_by_feature: ]
[min_data_in_bin: 3]
[bin_construct_sample_cnt: 200000]
[data_random_seed: 175]
[is_enable_sparse: 1]
[enable_bundle: 1]
[use_missing: 1]
[zero_as_missing: 0]
[feature_pre_filter: 1]
[pre_partition: 0]
[two_round: 0]
[header: 0]
[label_column: ]
[weight_column: ]
[group_column: ]
[ignore_column: ]
[categorical_feature: ]
[forcedbins_filename: ]
[precise_float_parser: 0]
[parser_config_file: ]
[objective_seed: 16083]
[num_class: 1]
[is_unbalance: 0]
[scale_pos_weight: 1]
[sigmoid: 1]
[boost_from_average: 1]
[reg_sqrt: 0]
[alpha: 0.9]
[fair_c: 1]
[poisson_max_delta_step: 0.7]
[tweedie_variance_power: 1.5]
[lambdarank_truncation_level: 30]
[lambdarank_norm: 1]
[label_gain: ]
[lambdarank_position_bias_regularization: 0]
[eval_at: ]
[multi_error_top_k: 1]
[auc_mu_weights: ]
[num_machines: 1]
[local_listen_port: 12400]
[time_out: 120]
[machine_list_filename: ]
[machines: ]
[gpu_platform_id: -1]
[gpu_device_id: -1]
[gpu_use_dp: 0]
[num_gpu: 1]

end of parameters

pandas_categorical:[]
